SMILES,AChE_pXC50,MAOB_pXC50,AChE_MAOB_pXC50
CC(=O)CCCCCCCCCCCNc1c2c(nc3ccccc13)CCCC2,6.971688270568848,4.690692901611328,5.831190586090088
O=C1C=CC=CC1=CC=C1C=CC(O)Oc2ccccc21,3.8285436630249023,5.8925652503967285,4.860554456710815
COc1cccc2c1C(=O)c1c(O)c3c(c(O)c1C2=O)CC(O)(C(O)CO)CC3OC1CC(O)C(O)C(C)O1,6.081966400146484,4.06308650970459,5.072526454925537
O=C1c2ccccc2-c2nc3nnnn3nc21,4.122465133666992,3.952200412750244,4.037332773208618
N#Cc1c(O)nc(O)c2c(=N)oc3ccc(Cl)cc3c12,6.020318031311035,4.096816539764404,5.05856728553772
CCOCC1=NOC2CCC3C4CC(O)=NC4CC3C2COC13,,,
O=C1CCc2cc(OCCCCCNc3c4c(nc5ccccc35)CCCC4)ccc2N1,7.571161270141602,5.2855544090271,6.428357839584351
CCCc1c2c(nc3ccc(OCc4ccccc4)cc13)OC(C)C2,4.920395851135254,5.578193664550781,5.249294757843018
CCCCc1c2cc(OCCCCCCCCCCCCNc3c4c(nc5ccccc35)CCCC4)ccc2n2ncccc12,6.933707237243652,5.533890247344971,6.2337987422943115
C#CCN(C)Cc1cc2cc(OCc3cccc(Cl)c3)ccc2n1C,4.723291397094727,8.097467422485352,6.410379409790039
Cc1oc2cc3oc(=O)c(Cl)cc3cc2c1C,5.501417636871338,6.617038249969482,6.05922794342041
CC(=NNc1nc(-c2ccc(F)cc2F)cs1)c1ccncc1,5.644594669342041,7.133410453796387,6.389002561569214
CCCCCCCCNC(=O)Oc1ccc(OC)cc1,6.625153541564941,5.418309211730957,6.021731376647949
N#Cc1ccc(COc2ccc3ccc(=O)oc3c2)cc1,4.134428977966309,7.71641731262207,5.9254231452941895
CNC(=O)COc1ccc(CNCCCCCCCCCNc2c3c(nc4ccccc24)CCCC3)cc1,7.803201675415039,4.788723945617676,6.295962810516357
c1ccc(C2CN3CCSC3=N2)cc1,6.589893341064453,6.140233993530273,6.365063667297363
O=c1ccoc2ccc(OCCCCCCNc3c4c(nc5ccccc35)CCCC4)cc12,6.876397132873535,5.100113391876221,5.988255262374878
COc1ccc(C=CC2CC3CCC(C)(C2)[N+]3=O)cc1,5.1530046463012695,5.5928955078125,5.372950077056885
CN1CCC(=C2c3ccccc3COc3ccccc32)CC1,4.342097759246826,5.011132717132568,4.676615238189697
COc1cccc2c1cc(C(=O)NCC1CCCN(Cc3ccccc3C)C1)n2C,6.709811687469482,3.89037823677063,5.300094962120056
N#Cc1ccc(SCc2cccc(Cl)c2)cc1,3.761781692504883,6.31889009475708,5.0403358936309814
CCCCCCCNC1CCC(c2ccc(O)c(CO)c2)CC1,5.079618453979492,4.330503940582275,4.705061197280884
CC1=NOC(=O)C1=Cc1ccc(OCCCCCCCNc2c3c(nc4ccccc24)CCCC3)cc1,6.841172695159912,6.108490943908691,6.474831819534302
O=C(Nc1ccc(OCC(F)(F)F)cc1)c1cnoc1-c1cccc([N+](=O)[O-])c1,5.872602939605713,6.315413475036621,6.094008207321167
CC1=NOC2CCCCC2C1=CC=Cc1ccco1,5.11003303527832,6.632247447967529,5.871140241622925
CN1CC=C2CC1CN2CCc1cc2cc(OCCCCCCCNc3c4c(nc5ccccc35)CCCC4)ccc2o1,7.893720149993896,5.423402309417725,6.6585612297058105
CNC(=O)c1ccccc1Sc1ccccc1,7.304710388183594,4.765718936920166,6.03521466255188
O=C1c2ccccc2-c2onc3ccc(CCCCCNc4c5c(nc6ccccc46)CCCC5)c1c23,7.29371452331543,4.490989685058594,5.892352104187012
C#CCNCc1c2cc(OC)ccc2n1C,,,
O=C(c1ccc2ccoc2c1)N1CCCC21,,,
CCc1cccc(NC(=O)c2cc3cc(OC)ccc3[nH]c2=O)c1,5.84244441986084,5.686728000640869,5.7645862102508545
Cc1cccc(NCc2cc3cc(C)ccc3nc2O)c1,5.043656826019287,5.725732803344727,5.384694814682007
COc1ccccc1C=C(C#N)C(=O)c1ccccc1OC,6.007909774780273,5.2450480461120605,5.626478910446167
CC(=NNc1nc(-c2ccccc2)cs1)c1ccccs1,,,
O=C(CCl)c1cc2cc(Br)ccc2cc1O,4.137589454650879,7.12376070022583,5.6306750774383545
CCc1cccc(CCCCCCNc2c3c(nc4ccccc24)CCCC3)c1,7.521771430969238,4.052289009094238,5.787030220031738
Brc1ccc2c(c1)N(C1CCCCC1)CC2,4.931211471557617,5.602291107177734,5.266751289367676
c1ccc2c(CC3=NCCN3)c[nH]c2c1,5.320971965789795,5.407058238983154,5.364015102386475
O=C(CCc1c[nH]c2ccccc12)NC1CCCC1,4.864204406738281,4.6145524978637695,4.739378452301025
CN(C)CCNc1c2c(nc3ccccc13)-c1ccccc1CC2,4.728715896606445,3.819276809692383,4.273996353149414
CC1=NC2C(C)=CC(C)=CC2CO1,5.652807712554932,6.279773712158203,5.966290712356567
C=C1CCCCC1=CC=CCC(C)C(=O)c1ccc(OC)c(OC)c1,5.410254955291748,4.935176849365234,5.172715902328491
CCOC(=O)c1ccc2[nH]c3c(c2c1)CCCC3,5.426030158996582,4.674090385437012,5.050060272216797
CC(=Cc1ccsc1)CN1OC(CO)C(O)C1O,5.253955841064453,5.046563148498535,5.150259494781494
O=c1oc2ccccc2cc1OCCCCCCNc1c2c(nc3cc(Cl)ccc13)CCCC2,7.517607688903809,5.139229774475098,6.328418731689453
COc1ccc(CC(=O)C2CCCN(Cc3ccc(OC)cc3)C2)cc1,5.130447864532471,3.569530487060547,4.349989175796509
O=C(C=CC=CCCCCCNc1c2c(nc3ccccc13)CCCC2)Nc1c2c(nc3ccccc13)CCCC2,7.32431697845459,4.765574455261231,6.04494571685791
O=C(Nc1cccc(-c2ccc3cn[nH]c3c2)c1)c1ccccc1,4.94477653503418,5.826610088348389,5.385693311691284
Cc1ccc(C2CC(=O)c3ccc(C)cc3O2)cc1,5.229222774505615,6.665730953216553,5.947476863861084
COc1cc(C=C2CCC3CCCCC3C2=O)cc(OC)c1O,5.366262912750244,5.38341236114502,5.374837636947632
C=Cc1cc(OC)c(OCCCCCCCCCCNc2c3c(nc4ccccc24)CCCC3)cc1OC,7.265298843383789,5.361454963684082,6.3133769035339355
Nc1c(-c2ccccc2)c2cc(O)ccc2oc1=O,5.865533351898193,4.069218635559082,4.967375993728638
O=c1oc2ccc3ccccc3c2cc1-c1nc(-c2ccccc2)co1,5.452048778533936,5.363970756530762,5.408009767532349
Cc1ccc(OC(=O)c2cc3ccccc3oc2=O)cc1,6.249695777893066,5.744014739990234,5.99685525894165
NC1=C(c2ccccc2)CCN(c2ccc(OC(F)F)cc2)CC1,5.838096618652344,5.623886585235596,5.73099160194397
COc1ccc2c(=O)cc(-c3ccccc3)oc2c1,5.286311149597168,4.607387065887451,4.94684910774231
O=c1c2ccccc2oc2ccc(Cl)cc12,4.337394237518311,5.015451908111572,4.676423072814941
O=C1CCc2ccc(OCCCCCCNc3c4c(nc5ccccc35)CCCC4)cc2N1,7.6467509269714355,5.350108623504639,6.498429775238037
O=c1cc(COc2cc(F)cc(F)c2)oc2cc(OCc3ccccc3)ccc12,4.539178371429443,6.955592155456543,5.747385263442993
CN(C)c1ccc(C=Cc2cccc(C(=O)c3ccc(F)cc3)c2)cc1,4.613795280456543,5.79807186126709,5.205933570861816
O=C1C=CC=CC1=NNc1ccc2cccc(OCc3ccccc3)c2n1,4.689302444458008,5.67019510269165,5.179748773574829
c1ccc2c(C3CCCCC3)c[nH]c2c1,4.454907417297363,5.458417892456055,4.956662654876709
CC(=O)c1sc(NC(=O)c2cc3ccccc3oc2=O)nc1C,7.519363403320312,5.160477161407471,6.339920282363892
C=CCNC1CC2CCCCC2C1OC(=O)c1ccccc1,4.794305324554443,4.262471675872803,4.528388500213623
Cc1cccc(C(=O)Oc2ccc3c(c2)CCCC3)c1O,4.870145320892334,5.7057390213012695,5.287942171096802
COc1cc2c(cc1OC)C1CCCO1,,,
C=C1C=C(N2CCCCC2)Cc2ccccc21,5.368012428283691,5.376516819000244,5.372264623641968
c1ccc(CCSc2nnc(-c3ccc4c(c3)OCCO4)o2)cc1,5.850515842437744,6.630705833435059,6.240610837936401
O=C1c2ccccc2OCC1=O,5.6327290534973145,5.496787071228027,5.564758062362671
Cn1cc(C2=C(c3cccc(Cl)c3)CCNCC2)c2ccccc21,5.112359523773193,5.515994071960449,5.314176797866821
Cc1c2ccccc2nc2cc(C3=O)ccc12,,,
O=C(O)C1CCCCC1=CCN1CCC(COc2ccc(F)cc2)CC1,4.993757724761963,5.044291496276856,5.019024610519409
O=C(c1ccc(SCCCCCCCCCCNc2c3c(nc4ccccc24)CCCC3)cc1)C1CCCCC1,6.582184791564941,4.769227504730225,5.675706148147583
O=C(F)c1ccc2c3c1OC1CC(O)C=CC3O1,,,
COc1cc2c(cc1OC)C(=O)C(COc1ccc(C)cc1)O2,7.042752742767334,4.996212005615234,6.019482374191284
O=C1NC2CCCCCCCCCCCCNCCCCCNc3c4c(nc5ccccc35)CCCC4)C2C1,,,
Cc1ccc2c(CCCCCCCc3c[nH]c4ccc(Br)cc34)coc2c1,6.189440727233887,6.4130401611328125,6.30124044418335
COc1cc2oc(=O)ccc2cc1OCCCCCCCCCNc1c2c(nc3ccccc13)CCCC2,7.252224922180176,5.413130760192871,6.332677841186523
CCCCCCCNC(=O)C=Cc1ccc2c(c1)OCO2,4.353411674499512,6.022150039672852,5.187780857086182
Cc1ccc(CCCCCCCCCCNCCCCCCCCCNCCCCNCc2ccc(O)c(O)c2)cc1,6.337684631347656,4.443662643432617,5.390673637390137
NCC(=O)OCC(=O)Nc1cc(C2CC2)on1,4.726868152618408,5.149844646453857,4.938356399536133
C#CCN(C)Cc1cc2cc(OCCC3CCN(Cc4ccccc4)CC3)ccc2n1C,6.383633136749268,5.558395385742188,5.9710142612457275
Cc1c2ccccc2nc2ccccc12,4.183006286621094,4.28205156326294,4.232528924942017
O=C1c2ccccc2-c2nc3nnnn3nc21,4.122465133666992,3.952200412750244,4.037332773208618
C=CCOc1cccc(C=C2C(=O)ON=C2C)c1,5.262687683105469,7.85929012298584,6.560988903045654
CC(C)CNC1=NN=C(C2CCCCC2)CS1,5.8844075202941895,5.319555282592773,5.6019814014434814
COc1cc(C=CC2CCC3C=CCC(=O)C32)ccc1O,4.183537006378174,6.027499675750732,5.105518341064453
NC(=O)c1cc2ccccc2o1,6.238395690917969,5.35104513168335,5.794720411300659
CCCc1cc2oc(=O)c(-c3cccc(OC)c3)cc2cc1OC,5.440092086791992,6.006405830383301,5.7232489585876465
Cc1cccc2c3c([nH]c12)CCCC3,6.297698974609375,4.6548333168029785,5.476266145706177
O=C1C=CC(=CC=Cc2cccc(Cl)c2)C=C1O,3.5925233364105225,7.271275520324707,5.431899428367615
CC(=NNc1nc(-c2ccccc2)cs1)c1ccccc1,5.127257347106934,4.774641990661621,4.950949668884277
O=C1c2cc([N+](=O)[O-])ccc2-n2c1c1ccccc1c2=O,,,
NC(=O)c1ccc(CCCCCCCNc2c3c(nc4ccccc24)CCCC3)cc1,7.786448001861572,4.768653869628906,6.277550935745239
O=C1c2ccccc2-c2nc3ccccc3nc21,3.898645639419556,3.513340473175049,3.7059930562973022
C=CCn1c(=O)c2ccccc2c2cc(C(=O)NCCCCCCCCOc3ccc(OCCCCN4CCCCC4)c(OC)c3)ccc21,7.142541885375977,5.627452850341797,6.384997367858887
CC1=NOC(=O)C1=Cc1ccc(OCCCCCNc2nc3ccccc3o2)cc1,6.33969783782959,6.71965217590332,6.529675006866455
COc1cc2c(Oc3ccc(CC(=O)Nc4cccc(C(F)(F)F)c4)cc3)ncnc2cc1OCCCN1CCCCC1,5.903709411621094,5.850920677185059,5.877315044403076
O=C(O)c1ccc(Cc2cc(O)c3c(c2)OC(F)(F)O3)o1,6.401304244995117,3.444566011428833,4.922935128211975
O=C(CCCCCCCNc1c2c(nc3cc(Cl)ccc13)CCCC2)c1ccccc1,7.875598907470703,4.364466190338135,6.120032548904419
O=c1oc2ccccc2cc1OCCCCCCCNc1c2c(nc3cc(Cl)ccc13)CCCC2,7.475402355194092,5.219682216644287,6.3475422859191895
CNc1c2cc(Cl)c(OC)cc2nc2c1cccc2C,6.664198875427246,4.983266353607178,5.823732614517212
CCOC(=O)c1coc2cc(OCc3cccc(Cl)c3)ccc12,4.430850028991699,6.510839462280273,5.470844745635986
O=C1c2ccccc2C(=O)c2c1ccc1nc[nH]c21,4.520817756652832,5.38901424407959,4.954916000366211
CCCCSc1nc2cccnc2n1CCCOc1ccccc1,4.913068771362305,6.036946296691895,5.4750075340271
CCCCCCCCCCCCCCCCC[n+]1ccccc1,5.288691520690918,5.283725261688232,5.286208391189575
CNC(C)(C)COc1ccccc1C(=O)CCCCCCCNc1c2c(nc3ccc(Cl)cc13)CCCC2,7.585938453674316,4.822457313537598,6.204197883605957
COc1ccc(-c2cc(=O)c3cc(OC)ccc3o2)cc1,5.278542518615723,5.553112983703613,5.415827751159668
CC#CC1(O)CCC2C3CC=C4CC(=O)CCC4=C3C(c3ccc(N(C)CCCCCCCCCN)cc3)CC21C,5.652334213256836,6.873723030090332,6.263028621673584
O=C(COc1ccc2ccccc2c1)NN=Cc1cccc(O)c1O,5.264354228973389,6.133049964904785,5.698702096939087
Brc1ccc2c(c1)CCC2=NCCCNc1cccnc1,5.689151287078857,5.915005683898926,5.802078485488892
CN=C1CCC(=O)C(=O)C1=Nc1cc2ccccc2oc1=O,5.394430637359619,4.957587242126465,5.176008939743042
C=CCOc1ccc2ccc(C(=O)CC#N)cc2c1,4.684963226318359,7.634829521179199,6.159896373748779
O=c1c2ccccc2sn1-c1ccc([N+](=O)[O-])cc1,5.498721122741699,4.483836650848389,4.991278886795044
Cc1c2c3c(cccc3c1)C(=O)NC2=O,,,
COc1cc2c(cc1OC)CC1(CCCC1)C2=Cc1ccncc1,5.264357089996338,5.375454902648926,5.319905996322632
COc1cc2c(cc1OC)CCC2=NO,4.117807388305664,4.127378940582275,4.12259316444397
Fc1ccc(-c2cnc(COc3ccccc3)o2)cc1,5.132750988006592,6.545470237731934,5.839110612869263
CC(C)COc1ccc2c(c1)C1(CO2)C(=O)NC1=O,5.071778774261475,6.2298431396484375,5.650810956954956
O=C(CCc1c[nH]c2ccccc12)NCCCCCCCCCCCNc1c2c(nc3cc(Cl)ccc13)CCCC2,8.584178924560547,4.934695243835449,6.759437084197998
Fc1ccc(OCC2CCN(Cc3ccc(F)cc3)CC2)cc1,5.751351356506348,5.4085235595703125,5.57993745803833
CCCCC12CCC(=O)C(Br)=C1c1ccc3[nH]ncc3c1C2=O,5.411652088165283,6.260296821594238,5.835974454879761
COc1cc2c(cc1OC)C(=O)C(Oc1ccc(C3=NCCN3)cc1)C2,6.864455699920654,4.53856372833252,5.701509714126587
O=c1ccoc2ccc(OCc3cccc(I)c3)cc12,4.546759128570557,7.747007369995117,6.146883249282837
O=c1oc2ccc(OCCCCCCCNc3c4c(nc5ccccc35)CCCC4)cc2c2ccccc12,6.571356296539307,5.159327030181885,5.865341663360596
Cc1c2c(n3c1CCNCCC2)CCC3=CCCC1CCN(C)C,,,
CC(=O)NC1CCCC(COc2ccc(C(C)C)cc2)C1,4.264841079711914,3.514179229736328,3.889510154724121
CC(=O)NC1=C(C)OC2CCC3(O)C4Cc5ccc(O)c6c5C3(CCN4C)C2O6,,,
CNC(=O)COc1ccc2c(c1)C(=O)C(=O)c1ccccc1C2=O,6.3675456047058105,6.213013648986816,6.2902796268463135
c1ccc(-c2ccccc2OCCCCCCCNc2c3c(nc4ccccc24)CCCC3)cc1,5.970339775085449,4.391989707946777,5.181164741516113
COc1cc2c3c(c1O)C(=O)CC(C4CCCC4)OC3,,,
O=C(O)CCCCNCCCCCCNc1c2c(nc3ccccc13)CCCC2,7.714357376098633,4.284820079803467,5.99958872795105
C=C(c1ccccc1)c1ccc2c(c1)C(=O)CC1(CCCC1)O2,5.183568000793457,4.941023826599121,5.062295913696289
CN(CCC(C)(C)C)Cc1cc2c3c(c1)CCN3C(=O)CC2,6.672736167907715,4.255009174346924,5.463872671127319
O=C1OCCc2c1cc1cc(OCc3ccccc3)ccc1c2=O,,,
c1ccc(CCCc2cn3ccccc3n2)cc1,4.0190863609313965,3.8888421058654794,3.953964233398438
COc1cccc2c1CC1CC=CC21,4.012294292449951,5.87935733795166,4.945825815200806
Fc1ccc(-c2nc3cnccn3c2-c2cccc(Cl)c2)cc1,5.281369209289551,5.646718978881836,5.464044094085693
O=C(O)c1ccc2cccc(OCc3ccccc3)c2n1,5.182121753692627,5.7311296463012695,5.456625699996948
CC#CCCON=C1CCCc2cc(OC)c(OC)cc21,4.80426836013794,4.981412410736084,4.892840385437012
O=C1c2ccccc2C(=O)C1c1ccc2c(c1)OCCCO2,6.3167405128479,5.812955379486084,6.064847946166992
COc1ccccc1C(=O)OC1CCC2C3CCC4=CC(=O)CCC4(C)C3CCC12C,4.560286998748779,6.522500991821289,5.541393995285034
O=C(CCl)NCCCCCCCCCNc1c2c(nc3cc(Cl)ccc13)CCCC2,8.21408462524414,4.958331108093262,6.586207866668701
Cc1c2c3c(sc2n2cnnc12)CCC3,,,
CS(=O)c1ccc(CCCCCCCCCCCCCCC[n+]2cccc(C(F)(F)F)c2)cc1,6.198610782623291,6.003170013427734,6.100890398025513
COc1cc2c(cc1OC)C1=NOC(CSCCCCCCNc3c4c(nc5ccccc35)CCCC4)C1CN2,7.578221321105957,5.156727313995361,6.367474317550659
NC(=O)N1N=C(c2ccc(OCCCCCOc3ccc4c(c3)OCO4)cc2)CC1c1ccccc1,6.842652320861816,6.685168266296387,6.763910293579102
Cc1ccccc1COc1ccc2c(c1)OC(=O)C1CCCC=C21,5.135031700134277,7.284218788146973,6.209625244140625
O=C(O)CCCC=CCC1COCCO1,3.413642883300781,4.84660530090332,4.130124092102051
CNC(=O)COc1ccc(C2=CCN(Cc3ccccc3OC)CC2)cc1,5.496747016906738,4.606666088104248,5.051706552505493
O=C(CCc1c[nH]c2ccccc12)NCCc1ccccc1,4.89785623550415,5.185283184051514,5.041569709777832
O=C1C=CC=CC1=NN=C1c2ccccc2Oc2ccccc21,4.427701950073242,4.5890727043151855,4.508387327194214
CCCCCCN(CCCCCCNCCCCCCCCCCNCCCCCCCCN)CCCC)CCC,,,
O=C(C=Cc1ccc2c(c1)OCO2)Nc1ccccc1F,5.178337574005127,6.074012756347656,5.626175165176392
O=c1cc(OCc2ccccc2)cc2c3ccoc3ccc1c2,4.371113300323486,7.1324639320373535,5.75178861618042
O=C1OC(=Cc2coc3ccc(Cl)cc3c2=O)c2ccccc21,5.099668502807617,6.708740234375,5.904204368591309
COc1cc(-c2ccc(C#N)c(C(F)(F)F)c2)ccc1O,4.5596923828125,5.902374267578125,5.2310333251953125
CNC(=O)Oc1cccc(CCCCNCC(O)c2ccccc2)c1,6.487856388092041,4.539483070373535,5.513669729232788
CCCCCCNC1CCC(Oc2ccc(C(=O)O)cc2)CC1,4.925443172454834,4.768791198730469,4.847117185592651
CCCCCCCCCOC(=O)CCCCCCCCOCc1ccc(OC)cc1,4.895989894866943,6.34940242767334,5.622696161270142
O=C(C=Cc1ccccc1)Nc1ccc(C(=O)CCc2ccc(O)cc2)cc1,5.519588470458984,5.653515338897705,5.586551904678345
COc1cccc2c1C(=O)c1c(O)c3c(c(O)c1C2=O)CC(O)(C(O)CO)O3,6.083998680114746,3.624419689178467,4.8542091846466064
CC(C)=NNc1c(C)cccc1CCCOc1cccc(C)c1,5.653049468994141,4.864110469818115,5.258579969406128
COc1cc2cc(C(=O)CCC3CC[N+](C)(Cc4ccccc4)CC3)oc2cc1OC,7.505987167358398,4.4615559577941895,5.983771562576294
COC1=CC=CC(=CNNc2noc3ccccc23)C1=O,4.5714263916015625,4.916031837463379,4.743729114532471
O=C(COc1ccc2ccccc2c1)NC1CC1,4.232109069824219,5.3328142166137695,4.782461643218994
CN(CCC#N)Cc1cccc(OCc2ccccc2)c1,4.798771858215332,5.220135688781738,5.009453773498535
CC(=O)Nc1ccc(Oc2ccc3nc(C)sc3c2)cc1,5.694021701812744,5.333836555480957,5.513929128646851
CNc1c2c(nc3ccccc13)CCCC2,7.184840202331543,3.607032775878906,5.395936489105225
CC(=O)c1cccc(-c2ccc3c(=O)oc4ccc(C)cc4c3c2)c1,5.505014419555664,6.90746545791626,6.206239938735962
Cc1[nH]c2ccccc2c1C=O,4.754791736602783,6.099515914916992,5.427153825759888
O=C1c2ccccc2-c2nc3nnnn3nc21,4.122465133666992,3.952200412750244,4.037332773208618
CCCC(=O)c1ccc(OCCCCCCCCNc2c3c(nc4ccccc24)CCCC3)cc1,6.86619758605957,5.214172840118408,6.040185213088989
CCCCNC1CCc2c(OC)cccc2C1OC,4.310410499572754,4.383006095886231,4.346708297729492
O=C(NCCO)c1coc2ccc(Br)cc2c1=O,6.499884128570557,4.886929035186768,5.693406581878662
CCN1CCC(C=CC=CC=CC=CC=CC#Cc2ccccc2)CC1,3.6978490352630615,6.281035423278809,4.989442229270935
N#Cc1ccc(NC(=O)c2cccc(OC(F)F)c2)cc1,5.620303153991699,5.704048156738281,5.66217565536499
CNC(=O)COc1ccc2c(=O)c3cc(C)ccc3oc2c1,6.552689075469971,5.797938823699951,6.175313949584961
COc1ccc2c(c1)OC(=O)CC2=CC=CC=CCCCCC(=O)O,3.654777050018311,6.245741367340088,4.950259208679199
Clc1ccc2c(c1)NOCC2=COCCO2,,,
COc1ccc2oc3cc(C#Cc4cccc(Cl)c4)ccc3c(=O)c2c1,4.403794288635254,6.649234771728516,5.526514530181885
O=C(C=CC=CCC=C1CCC(CCNc2c3c(nc4ccccc24)CCCC3)CC1)Nc1cccc(O)c1,7.152105808258057,4.96148681640625,6.056796312332153
O=C1c2ccccc2-c2onc3cccc1c23,5.03476095199585,4.837893009185791,4.93632698059082
CN1N=C(c2ccc(OCCCCOc3ccc4ccccc4c3)cc2)CCC1=O,5.893459320068359,7.410632610321045,6.652045965194702
O=C(C=Cc1ccccc1)Oc1ccc2c(c1)C1CCCCC1C(=O)S2,5.637091159820557,6.125110626220703,5.88110089302063
Cc1ccc(COc2ccc(CC3=NNC(C)C(=O)C3=O)cc2O)cc1,6.188715934753418,6.128026008605957,6.1583709716796875
CCOC(=O)c1c2ccc(C)cc2nc2ccccc12,4.80649471282959,4.762111186981201,4.7843029499053955
N#Cc1cc2c(c3ccccc3n2CCCO)c2ccccc12,4.582983016967773,5.492831707000732,5.037907361984253
O=C(C=Cc1ccco1)NCc1cccc(F)c1,3.960372924804688,5.961917877197266,4.961145401000977
O=C(CCc1c[nH]c2ccccc12)c1cc2ccccc2oc1=O,5.965021133422852,5.566993713378906,5.766007423400879
COc1cc2c(cc1OC)CN(Cc1ccc(OCc3ccccc3)cc1)CC2,4.922624588012695,4.691575527191162,4.807100057601929
N#Cc1cc2c(nc1SCCCCCCCNc1c3c(nc4cc(Cl)ccc14)CCCC3)CCCC2,8.239277839660645,5.038818836212158,6.639048337936401
COc1cc2ccccc2cc1=O,,,
CC(=Nc1ccc2ccccc2c1)C(=O)N1CCCCC1,5.526889801025391,4.5110392570495605,5.018964529037476
O=C1C=CC(=CNNc2cc(Cl)cc(Cl)c2)CC1=O,4.242225170135498,6.075881004333496,5.159053087234497
CCN(C)c1ccc(C(=C2CC3CCC(C2)[N+]3O)c2ccccc2)cc1,6.341410160064697,4.467580318450928,5.4044952392578125
Cc1ccc(C2CC(=O)N3CN(C)CC3=C2)cc1,4.576740741729736,6.289419174194336,5.433079957962036
Cc1ccc2c(c1)CCC2=Cc1coc2ccccc2c1=O,4.456581115722656,6.595260620117188,5.525920867919922
Nc1ccc2c(c1)C(=O)C(=O)c1ccccc1-2,5.216421127319336,5.570797443389893,5.393609285354614
c1ccc2sc(N3CCNCC3)nc2c1,3.729315280914306,5.196772575378418,4.463043928146362
CC(=O)N1N=C(c2cc(F)ccc2O)CC1c1ccccc1,7.099742889404297,6.079538345336914,6.5896406173706055
O=C(c1cc(-c2ccccc2)nc2ccccc12)N1CCc2cc(OCCN3CCCC3)ccc2C1,5.910665512084961,4.312610149383545,5.111637830734253
Cc1ccc(C2CCC(=O)C3OC3C2=O)cc1,4.5301833152771,7.26314640045166,5.89666485786438
c1ccc2c(c1)CCC1C2CCC2(CC1)C=CCC2,4.63355016708374,5.795393943786621,5.214472055435181
COc1cccc2c3c([nH]c12)CCCC3,5.514272212982178,4.455702781677246,4.984987497329712
Cc1ccc2c(CCN)c[nH]c2c1,4.139235496520996,5.636384010314941,4.887809753417969
O=C1CCc2ccc(OCCCCCNc3c4c(nc5ccccc35)CCCC4)cc2N1,7.586210250854492,5.279542446136475,6.432876348495483
C#CCN(C)Cc1cc2cc(OCCC3CCN(Cc4ccccc4)CC3)ccc2n1C,6.383630275726318,5.558395385742188,5.971012830734253
CC#CCN(C)Cc1cc2cc(OCc3ccccc3)ccc2n1C,4.811418533325195,7.19118070602417,6.001299619674683
Oc1[nH]cc2ccc(OCCCCN3CCN(c4cccc5cccc(F)c45)CC3)cc12,6.270604610443115,6.094755172729492,6.182679891586304
CN(C)c1c2c3c(cccc13)C(=O)CC2O,6.689791202545166,5.207813739776611,5.948802471160889
CC1=CCC2C3CC=C4CC(=O)CCC4(C)C3CCC21C,4.754336357116699,8.304498672485352,6.529417514801025
O=[N+]([O-])c1ccc2ccc(C=NNc3nc4ccccc4o3)cc2c1,6.008663177490234,5.161280632019043,5.584971904754639
Cc1cc2c(cc1C)CCCC2NCCCCCCCNc1c2c(nc3ccccc13)CCCC2,7.694675922393799,4.43114185333252,6.062908887863159
CCC(=O)Nc1ccc2c(C=Cc3ccccc3)nn(C)c2c1,5.592195510864258,5.465356826782227,5.528776168823242
CCC(=O)OC1CCC2C3CCC4CC(O)CCC4(C)C3CCC12C,4.512389183044434,6.380076408386231,5.446232795715332
COc1ccc2[nH]c3cc(C)ccc3c2c1,5.129481792449951,7.010886192321777,6.070183992385864
CN(N)C(=O)OC1=COCCOC1=O,1.5345144271850586,4.350214958190918,2.9423646926879883
c1ccc2c(COCc3coc4ccccc34)coc2c1,4.391971588134766,5.154240608215332,4.773106098175049
CC(=NOC(C)=O)c1cccc(OC(=O)NCCCCCCCNc2c3c(nc4ccccc24)CCCC3)c1,7.4011430740356445,4.854875087738037,6.128009080886841
O=c1c(=Cc2ccc(O)c(O)c2)oc2ccccc12,6.209031581878662,6.25372314453125,6.231377363204956
O=C1NC(=O)C(=Cc2ccc(OCCCCCCCCNc3c4c(nc5ccccc35)CCCC4)cc2)CS1,6.882661819458008,5.8955979347229,6.389129877090454
O=C(O)CCCCCCNc1c2c(nc3ccc(Cc4ccccc4)cc13)CCCC2,7.447283744812012,4.081930637359619,5.764607191085815
COc1cc2c(cc1OC)C(=O)CC(C1CCCCC1)C2,6.028684139251709,5.3555121421813965,5.692098140716553
Cc1c2c(n3c1CCCCC3)CCCC2=O,6.6239213943481445,4.596115589141846,5.610018491744995
COc1cc2cc(C(=O)CCc3ccccc3)oc2cc1OC,6.928657531738281,5.095060348510742,6.011858940124512
CC(C)=CC1CC(O)(c2ccc(O)cc2O)OC1=O,4.431246757507324,3.894577026367188,4.162911891937256
O=C(CCc1c[nH]c2ccccc12)NCc1ccc(CN2CCCCC2)o1,6.681103229522705,4.374170303344727,5.527636766433716
CCCCN1CCC2(C)c3c(O)cccc3CC1C2C,5.38555908203125,5.664227485656738,5.524893283843994
O=c1cc(CCCCCCCCCCNc2c3c(nc4cc(Cl)ccc24)CCCC3)co1,,,
O=C1NCC(CCCCCCCCNc2c3c(nc4ccccc24)CCCC3)CC12COC12,,,
O=C(C=Cc1cccc([N+](=O)[O-])c1)c1cc2ccccc2oc1=O,5.925160884857178,6.052365779876709,5.988763332366943
O=C1NCc2c1cccc2C=Cc1ccc(Br)cc1,4.593863010406494,7.269471168518066,5.93166708946228
O=C1C=CC=CCC=CCC=CC=Cc2cccc([N+](=O)[O-])c2)C=C1,,,
CCNCCCCCCCCNc1c2c(nc3ccccc13)CCCC2,7.591966152191162,4.2540483474731445,5.923007249832153
O=C1Cc2cc(OCCCCC-c3cccnc3)ccc2O1,5.312308311462402,6.789351463317871,6.050829887390137
O=c1ccoc2cc(OCCCCCCCCCNc3c4c(nc5ccccc35)CCCC4)ccc12,6.906882286071777,5.445167064666748,6.176024675369263
CCCCCC[n+]1cccc(-c2cc3ccccc3o2)c1,4.737729549407959,4.370426177978516,4.554077863693237
Cc1ccccc1N=Cc1oc2cccc(O)c2c1C,5.501998424530029,4.78761100769043,5.1448047161102295
CCCCc1c2c3c(c(=O)oc2cc1OC)CCC3,,,
CCCCCCCOc1ccc2oc(=O)c(C(=O)c3ccc(OC)cc3)c(C)c2c1,4.413603782653809,6.173026084899902,5.2933149337768555
CCCCCc1c2cc(OCc3ccccc3)ccc2[nH]c1=O,,,
O=C1NC(=O)c2cc(OCCCCCCNc3c4c(nc5ccccc35)CCCC4)ccc21,8.265125274658203,5.845192909240723,7.055159091949463
O=C(C=Cc1cccs1)Nc1ccccc1C(=O)O,5.694284439086914,6.632464408874512,6.163374423980713
O=C1c2ccccc2-c2nnc(-c3ccc(F)cc3)cc21,5.582317352294922,6.205568313598633,5.893942832946777
Nc1ccc2c(c1)C(=O)C=CC2=O,5.777755737304688,6.65177583694458,6.214765787124634
Cc1c(C)c2ccc(OCc3c(F)cccc3Cl)cc2oc1=O,4.897870063781738,8.123172760009766,6.510521411895752
O=C(CCCc1c[nH]c2ccccc12)NCc1ccccc1,4.357378482818604,4.655839920043945,4.506609201431274
Cc1cc(OCC2CCCCO2)ccc1Br,4.279068946838379,6.068276882171631,5.173672914505005
CCOc1ccc2c3c(nc(C)nc13)C(=O)OC2,4.774084091186523,4.8037848472595215,4.7889344692230225
N#CCc1c2c(nc3cc(Cl)ccc13)CCCC2,6.292072296142578,4.4841742515563965,5.388123273849487
C#CCN(C)Cc1cc2cc(OCc3ccccc3)ccc2n1C,4.428907871246338,7.657023429870605,6.042965650558472
Clc1ccc(COCCCCCCN2CCCCC2)cc1,5.836606025695801,4.667790412902832,5.252198219299316
CN(C)CCOc1ccc2cc(Br)ccc2c1,3.336102247238159,5.97480583190918,4.655454039573669
CN=C1CCc2cc(OCc3ccccc3)ccc21,4.936685085296631,6.927092552185059,5.931888818740845
Nc1ccnc2c1C(=O)N(c1ccccc1)C2=O,4.442652702331543,3.8847904205322266,4.163721561431885
O=C1Cc2c([nH]c3ccc([N+](=O)[O-])cc23)-c2ccccc2N1,5.156867504119873,5.928645133972168,5.5427563190460205
CNCCCCCNC(=O)Cc1cccc(OCc2ccccc2)c1,5.609658718109131,4.160587787628174,4.885123252868652
Nc1c(-c2ccc(Cl)cc2)coc1=O,,,
COc1cccc(-c2csc(NN=C3CCCCC3C)n2)c1,5.893039226531982,6.449075222015381,6.171057224273682
CCCCCCCCCCCNc1c2c(nc3cc(C)ccc13)CCCC2,7.062140464782715,4.845491886138916,5.953816175460815
COc1ccc(CCCNCCCCCCNc2c3c(nc4ccccc24)CCCC3)cc1,7.129374980926514,4.109140396118164,5.619257688522339
CN(C)CCCCCCCCOCCCCN=C1CC(=O)C(=O)C1,6.128005027770996,6.310730934143066,6.219367980957031
O=C(C=Cc1ccccc1)NCc1ccccc1,3.798719882965088,5.173648357391357,4.486184120178223
O=C1c2ccccc2-c2nnc(-c3cccc([N+](=O)[O-])c3)cc21,5.311034202575684,5.836466312408447,5.573750257492065
Clc1ccc2c(c1)OC(c1ccccc1)C[n+]2ccc(C3=CC=S(O)(O3)O4)nc21,,,
COc1ccc2c(c1)cc(-c1ccccc1)c1n2CCC1CCN(C)C,,,
O=C(NC1=Cc2ncc3cnnc(O)c(c2-3)C1)c1ccccc1,5.927600860595703,4.419519424438477,5.17356014251709
C=CCNCCCCCCCCOc1cccc(C(C)=O)c1,5.81273078918457,5.5000104904174805,5.656370639801025
C#Cc1cccc(NC(=O)c2cccc(Cl)c2)c1,4.216086864471436,6.544961929321289,5.380524396896362
COc1cccc(Nc2cc(C)nc3ccccc23)c1,4.43513822555542,4.347837924957275,4.391488075256348
CC(NCCc1ccccc1)C(=O)Nc1ccccc1,4.881211280822754,4.3731184005737305,4.627164840698242
Cc1cccc(C=CC2=NCCc3ccccc32)c1,4.894094467163086,6.383450984954834,5.63877272605896
COc1ccccc1-c1cc2cc(OCc3ccccc3)ccc2oc1=O,5.470171451568604,6.664850234985352,6.0675108432769775
O=C(C=CC=Cc1cccc(COc2cccc3ccccc23)c1)NCCCCCCCO,3.79837703704834,6.356612205505371,5.0774946212768555
O=c1cc(CCc2ccccc2)c2cc3ccoc3cc2o1,4.689550399780273,5.707242488861084,5.198396444320679
Clc1ccc(OCCOCCNCCCCCNc2c3c(nc4ccccc24)CCCC3)cc1,6.760260105133057,4.994457244873047,5.877358675003052
CCOC(=O)C=c1ccc2c(C)cccc2c1O,,,
O=[N+]([O-])c1cc2c3c(cccc3sc13)C1CCCCC1,,,
COc1cccc(C=C2CCCN=C2c2cccnc2)c1,4.930780410766602,5.312944889068604,5.1218626499176025
NCCOc1cncc(CCc2ccccc2)c1,3.68408203125,5.42258358001709,4.553332805633545
O=C(O)c1cc2ccccc2cc1O,4.325972557067871,7.335462093353271,5.830717325210571
Cc1ccc(C=C2CCCc3sccc32)o1,4.988523960113525,6.254243850708008,5.621383905410767
O=c1oc2cc(O)ccc2cc1OCCCCCNc1c2c(nc3cc(Cl)ccc13)CCCC2,7.898813247680664,5.038639545440674,6.468726396560669
O=C(CCl)Nc1ccc2[nH]c(C=Cc3cccc(Cl)c3)nc2c1,5.482584476470947,6.12596321105957,5.804273843765259
NC1=C(c2ccccc2)CCCC1=O,5.143941879272461,5.184928894042969,5.164435386657715
CCCCCCNC(=O)CCCCCCNc1c2c(nc3cc(Cl)ccc13)CCCC2,8.146452903747559,4.72711706161499,6.436784982681274
COc1cc2c(cc1OC)C(=O)C(Oc1ccc(C)cc1)C2,6.67012357711792,4.894330978393555,5.782227277755737
COc1cc2c(cc1OC)CCC2=NO,4.117807388305664,4.127378940582275,4.12259316444397
O=C1c2ccccc2S(=O)(=O)N1CCCCCN1CCC(O)(c2ccc(F)cc2)CC1,6.375489234924316,5.89534854888916,6.135418891906738
C#CCNC1CCc2ccc(OC(=O)NCC)cc2C1,5.6292338371276855,4.183991432189941,4.9066126346588135
O=C(c1ccccc1)N1CCCCC1CCO,4.8109517097473145,4.503047466278076,4.656999588012695
Cc1oc(COc2ccccc2Cl)nc1C=Cc1ccccc1,5.5978779792785645,5.620924949645996,5.60940146446228
COc1cc(C=CC=CC(=O)c2ccc(F)cc2)ccc1OCCCCC(=O)NCC(=O)NCCN,4.491276741027832,5.91315221786499,5.202214479446411
CC(=NNc1nc(-c2ccccc2)cs1)c1ccccn1,4.7985920906066895,5.280487537384033,5.039539813995361
O=C1N=c2ccc(OCCCCCCNc3c4c(nc5ccccc35)CCCC4)cc2=C1C1CCCCC1,7.265763282775879,5.6739420890808105,6.469852685928345
CCCCCCCCCCNC(C)COc1ccc2c(=O)c3ccccc3oc2c1,4.2963409423828125,6.043845653533936,5.170093297958374
CCOc1cccc2cc(C(=O)Nc3ccc4c(c3)OCO4)c(=O)oc12,6.6379241943359375,5.13438892364502,5.8861565589904785
O=c1c2ccccc2oc2c(C3CCCCC3)ccc(CO)c12,4.916080951690674,4.667871952056885,4.791976451873779
COc1cccc(-c2cc(=O)c3cc(OC)ccc3o2)c1,5.495630264282227,5.424458026885986,5.4600441455841064
O=C1CCc2ccc(OCCCCCNc3c4c(nc5ccccc35)CCCC4)cc2N1,7.586210250854492,5.279542446136475,6.432876348495483
CC(=O)c1ccc(CSc2cc3c(cc2C#N)OCCO3)cc1,5.332217216491699,5.375874996185303,5.354046106338501
Nc1c(Br)ccc2c1C(=O)C2=NNC2C1CCCC1,,,
CC(=O)C=CC(=O)Cc1cc2c(cc1O)OCO2,3.888779163360596,4.214734554290772,4.0517568588256845
Oc1occ2ccc(OCCCCCN3CCCCC3)cc12,5.941795825958252,6.135617733001709,6.0387067794799805
CNC(=O)COc1ccc(C2N=C(c3ccc(C)cc3)SC2Oc2ccccc2OC)cc1,6.502241134643555,4.8420515060424805,5.672146320343018
O=C1c2cc([N+](=O)[O-])ccc2OC1c1ccco1,6.23473072052002,5.421641826629639,5.828186273574829
CC1CCN(CCOc2ccc(C=CC(=O)c3ccccc3)cc2)CC1,5.376502513885498,4.791362285614014,5.083932399749756
COc1cc2c(cc1OC)C(=O)C1(CCN(Cc3cccc(C#N)c3)CC1)OC2=O,6.253188610076904,4.7555694580078125,5.504379034042358
CC1CCCC1=NNc1nc(-c2ccc3c(c2)OCCO3)cs1,6.415168762207031,6.3559346199035645,6.385551691055298
Cc1cc2cc(-c3csc(N)n3)ccc2oc1=O,5.825076580047607,6.069035530090332,5.94705605506897
O=C(CCOc1ccccc1Br)NCC1CCCC1,5.261242866516113,4.715109348297119,4.988176107406616
Oc1occ2ccc(OCCCCCN3CCOCC3)cc12,4.777454853057861,6.075163841247559,5.42630934715271
CC(c1ccccc1)N1CCCCC1=O,5.421020030975342,4.709115028381348,5.065067529678345
O=C1Cc2c(ccc3ccccc23)OCN1CCCCCCCOc1c2c(nc3ccccc13)CCCC2,6.105372428894043,5.419267654418945,5.762320041656494
COc1cccc2c1C(=O)c1c(O)c3c(c(O)c1C2=O)CC(O)(C(=O)CO)CC3OC1CC(O)C(O)C(C)O1,6.412254810333252,4.020450115203857,5.216352462768555
O=c1oc2cccc(OCCCCCNc3c4c(nc5ccccc35)CCCC4)c2o1,7.059112071990967,4.781357288360596,5.920234680175781
Fc1ccc(-c2csc(NN=C3CCCCC3)n2)cc1,5.689570903778076,7.334211349487305,6.51189112663269
O=C1NCCc2c(Cl)cccc21,5.320276260375977,6.175079822540283,5.74767804145813
O=C1CCc2cc(OCCCCCNc3c4c(nc5ccccc35)CCCC4)ccc2N1,7.571161270141602,5.2855544090271,6.428357839584351
Cc1cccc(C=CCc2ccc(C=CC(=O)c3ccco3)o2)c1,4.927737712860107,5.388040542602539,5.157889127731323
CC(=O)c1ccccc1OCC(=O)Nc1ccc(F)cc1,5.689970016479492,6.00470781326294,5.847338914871216
NCCCCCCCCN=C1CC(=O)C(=NO)C(F)C1=O,4.623384475708008,6.595465660095215,5.609425067901611
CN(C)CCCCCCCNc1c2c(nc3ccccc13)CCCC2,7.120610237121582,3.783517360687256,5.452063798904419
CN(C)Cc1cccc2c1OCCO2,4.916571140289307,3.4228127002716064,4.1696919202804565
O=c1ccoc2ccc(OCc3cccc(Cl)c3)cc12,3.992715835571289,7.384801864624023,5.688758850097656
Cc1ccc2c(c1)N(CCCCN1CCCCC1)c1ccccc1S2,6.024319648742676,4.039104461669922,5.031712055206299
COc1ccc2cc(C#CCN3CCCCC3)c(=O)oc2c1,5.5538649559021,5.302699089050293,5.428282022476196
COc1ccc2[nH]c3c(c2c1)CCNC3=O,5.850005626678467,5.702216625213623,5.776111125946045
Cc1ccc2ccoc2c1OCC(=O)N2c1ccccc1,,,
C#CCNCCc1cc2cc(OCCC3CCN(Cc4ccccc4)CC3)ccc2n1C,6.714345932006836,5.210518836975098,5.962432384490967
CC(=NNc1nc(-c2ccccc2)cs1)c1cccnc1,4.913406848907471,5.5550456047058105,5.234226226806641
c1ccc(Cc2cn(-c3ccc4[nH]ccc4c3)nn2)cc1,5.309950828552246,4.47976016998291,4.894855499267578
COc1cc2c(cc1OC)CCN(Cc1ccc(OCCc3nc(C)c(C#N)c(C)n3)cc1)CC2,5.747799396514893,5.713211536407471,5.730505466461182
O=C1Oc2ccc(OCCCCCCCCCCNc3c4c(nc5ccccc35)CCCC4)cc2C2CCCC12,6.864587783813477,6.077913761138916,6.471250772476196
CCCOc1ccc(C(=O)NCc2ccc(Cl)c(F)c2)cc1,4.864955902099609,5.145827293395996,5.005391597747803
Cc1cccc(NC(=O)Oc2cccc(Cl)c2)c1,5.461267948150635,4.790720939636231,5.125994443893433
Cc1ccc(N=Cc2cc([N+](=O)[O-])oc2C)c2ncccc12,6.028927326202393,5.33745813369751,5.683192729949951
O=c1c2ccccc2oc2cccc(CO)c12,4.421024322509766,4.010622978210449,4.215823650360107
Cc1ccc2c(c1)CCCC2=Cc1cccc(OCCCC2)c1,,,
O=C1c2ccccc2C(=O)C1=Cc1ccncc1,4.9664459228515625,6.45174503326416,5.709095478057861
CCOc1cc(C=Cc2ccc3c(c2)OCO3)ccc1O,4.817273616790772,5.580535888671875,5.198904752731323
Oc1occ2ccc(OCCC3CCCCC3)cc12,5.534734725952148,6.801118850708008,6.167926788330078
Cc1c2c(nc3ccccc13)CCCC2,5.553248405456543,3.903337001800537,4.72829270362854
Cn1c(=O)c2c(nc(COc3cccc(C(F)(F)F)c3)n2C)n(C)c1=O,5.209573268890381,5.926482200622559,5.56802773475647
CCc1cccc(CC=CCC(=O)c2ccc(O)c(O)c2O)c1,5.378611564636231,5.463873386383057,5.4212424755096436
CC(=O)NC1CCC(CCNc2nc(-c3ccccc3)nc3ccccc23)CC1,5.552730083465576,4.381110191345215,4.9669201374053955
COc1cc2c(cc1OC)CC1C(C2C)N3CCCC1C3,5.545211315155029,5.863461494445801,5.704336404800415
CCCCCNC(=O)c1cc[n+]2ccc(C(C)=O)cc2c1,6.388835906982422,5.091006278991699,5.7399210929870605
CC1CCC2C(=O)OC(=O)C2(C)CO1,5.392761707305908,6.404594898223877,5.898678302764893
CC#CCN(C)Cc1cc2cc(OCC3CCCC3)ccc2n1C,5.859856605529785,6.165369033813477,6.012612819671631
c1ccc(C2CN3CCCC3c3ccccc32)cc1,4.4539008140563965,5.648911476135254,5.051406145095825
O=C1c2ccccc2-c2nnc(-c3ccccc3[N+](=O)[O-])nc21,4.506824493408203,4.555910110473633,4.531367301940918
O=C(CCc1c[nH]c2ccccc12)NCCCCCCCCCNc1c2c(nc3cc(Cl)ccc13)CCCC2,8.720019340515137,4.816893100738525,6.768456220626831
Cc1c2ccc(O)cc2n1CCc1nnc(-c2ccccc2)o1,,,
O=C1CCc2cc(CC3CCN(C4=NCCS4)CC3)ccc2N1,6.040069580078125,5.254252433776856,5.64716100692749
CN(C)c1ccc(-c2cc3c(=O)n(Cc4ccc(F)cc4)c(C)nc3s2)cc1,6.111751556396484,6.450754165649414,6.281252861022949
COc1cc2c(cc1OC)C(=O)C(Oc1ccc(C(C)=O)cc1)C2,7.102496147155762,4.803229808807373,5.952862977981567
COc1cc2c(cc1F)CC(CC1CCN(Cc3cccc(Cl)c3)CC1)O2,6.45473575592041,4.5745697021484375,5.514652729034424
Cc1c(CCCCCCCNc2c3c(nc4ccccc24)CCCC3)ccc2occc12,7.457210540771484,4.764775276184082,6.110992908477783
CC(C)=CC1CC(O)C(=O)CC1C(=O)c1ccc(C)cc1,3.443434476852417,4.152571678161621,3.798003077507019
CC(=O)Nc1ccc2oc3ccccc3c(=O)c2c1,5.203977584838867,4.703182220458984,4.953579902648926
CC[n+]1ccc(C=Cc2c[nH]c3ccccc23)cc1,4.547602653503418,5.492857933044434,5.020230293273926
COc1cc2c(cc1OC)C(=O)C=CC2=O,6.879719257354736,5.608450412750244,6.24408483505249
O=C1N=c2ccc(Br)cc2=C1c1sccc1CO,5.698413372039795,5.612871170043945,5.65564227104187
CNCC#Cc1ccc2cc(OC(=O)NCCCCCCCNc3c4c(nc5ccccc35)CCCC4)c(=O)oc2c1,8.134261131286621,4.837095737457275,6.485678434371948
Cc1csc(C=Cc2cc[n+]oc2)c1,,,
O=C1c2ccccc2-c2nc3nnnn3nc21,4.122465133666992,3.952200412750244,4.037332773208618
O=C(O)c1ccc(C=CCNc2ccc(C(=O)O)cc2)cc1,4.797706127166748,6.521820068359375,5.6597630977630615
COc1cc2c(cc1OC)C(=O)C(Oc1ccc(C)cc1)C2,6.67012357711792,4.894330978393555,5.782227277755737
Fc1cccc(C2CC(c3c4ccccc4cc4ccccc34)=NN2)c1,6.852431297302246,8.17611026763916,7.514270782470703
CCc1c2c(nc3ccccc13)CCCC2,5.653947830200195,3.5123291015625,4.583138465881348
CCOc1cc(OC)c2c(=O)cc(C(=O)NCCCCCCCCCNc3c4c(nc5ccccc35)CCCC4)oc2c1,8.614452362060547,4.961991786956787,6.788222074508667
CC(c1ccccc1)N1CCCC1CCC(=O)N1Cc2ccccc2C1,5.867702960968018,4.203224182128906,5.035463571548462
Cc1c(C)c2ccc(CN3CCc4cc(-c5cccc(Cl)c5)ccc43)cc2oc1=O,5.5886712074279785,7.233290672302246,6.410980939865112
CN(C)CCCCCCCCCCOCC=CCCCCNCCCCCN,4.567534446716309,4.771047115325928,4.669290781021118
COc1cccc(OC)c1C1CCCC2CN(C)CCC12,4.444971561431885,4.473648071289063,4.459309816360474
CC(=O)Oc1ccc2cc(COC(=O)c3cc(OC(C)=O)ccc3OC(C)=O)ccc2c1,5.951903820037842,5.266943454742432,5.609423637390137
O=C(C=Cc1ccccc1N1CCOCC1)NCCC1CCCN1CCOCC1,,,
O=Cc1ccc2oc3cc(O)ccc3c(=O)c2c1,5.296084403991699,5.102187156677246,5.199135780334473
O=c1ccoc2ccc(OCc3cccc(Cl)c3)cc12,3.9927258491516113,7.384801864624023,5.688763856887817
NC(=O)c1cccc2c1OC(=O)c1ccccc1-2,6.095451831817627,5.3846211433410645,5.740036487579346
CN(C)CCCCCCCCCCCCC=CCCCCNc1c2c(nc3ccccc13)CCCC2,6.914272785186768,4.358168601989746,5.636220693588257
CC(=O)c1ccc(C=C2C3CC=C4CC(C)CCC4(C)C3CCC12C,,,
OCCNc1c2ccc(Cl)cc2n2ccccc12,5.558427810668945,5.1929121017456055,5.375669956207275
O=C1NC(=O)C(=Cc2ccc(Oc3ccccc3)cc2)S1,6.846264839172363,5.390491485595703,6.118378162384033
O=C(C=CC=Cc1cccc(O)c1)c1cc(O)ccc1O,4.599575042724609,6.042551040649414,5.321063041687012
CCc1cccc(CC=C2CCCN=C2c2cccnc2)c1,5.653686046600342,5.030920028686523,5.342303037643433
Cc1ccc(F)cc1N1CCN(CCCCCCCCN=C(N)N)CC1,6.421247959136963,5.515809059143066,5.968528509140015
CCOC(=O)c1cc2cc(C)ccc2nc1NC,6.46170711517334,4.944728851318359,5.70321798324585
CCOC(=O)C1CCN(Cc2cc3ccccc3o2)CC1,6.2888922691345215,4.225820541381836,5.257356405258179
Cc1cccc(NC(=O)CCCCC2CCN(Cc3ccccc3)CC2)c1,6.736140727996826,3.375429153442383,5.0557849407196045
O=C(O)CCCCCCNc1c2c(nc3ccccc13)CCCC2,7.600512981414795,4.455891132354736,6.028202056884766
COc1cc2c(cc1OC)CCCC2=O,6.141354084014893,4.785329818725586,5.463341951370239
CCCC=C1CC(=O)Oc2cc(OCc3ccccc3)ccc21,4.807711601257324,6.539573669433594,5.673642635345459
COc1cc2c(cc1OC)C1=NOC(CCCCCCNc3c4c(nc5ccccc35)CCCC4)C1CC2,7.335147380828857,5.267767429351807,6.301457405090332
COc1cccc(COc2ccc(CCC#N)cc2)c1,4.16440486907959,6.460925102233887,5.312664985656738
Cc1ccccc1OCC(=O)N1CCC(CCc2ccccc2)CC1,6.334636688232422,4.409468650817871,5.3720526695251465
CN(C)C(=O)c1ccc(C(=O)Nc2cccc(C(=O)NCCCCCCCN)c2)cc1,5.912349700927734,5.012812614440918,5.462581157684326
CC(=NNc1nc(-c2ccccc2)cs1)c1ccco1,5.416589260101318,5.601241588592529,5.508915424346924
CCN=C(NCC)c1ccc(NC(=O)C=Cc2ccc(OC)cc2)cc1,5.349421977996826,4.699662208557129,5.0245420932769775
COc1cccc2c1OC(=O)C2=NNc1ccc(I)cc1,6.238924980163574,5.035730361938477,5.637327671051025
COc1cccc(CN(C)C)c1OCc1cccc(Cl)c1,4.911661148071289,4.351923942565918,4.6317925453186035
O=c1cc(OCc2ccccc2)ccc1OCCCCCNc1c2c(nc3ccccc13)CCCC2,,,
COc1cc2c(cc1OC)C(=O)C(Oc1ccc(C#N)cc1)C2,6.351208686828613,4.986063957214356,5.668636322021484
c1ccc2c(NCCc3ccc4c(c3)OCO4)c3c(cccc332)OCCO3,,,
O=C(CCCCCCCCCCCCCCCCCCCCC[n+]1cccc2ccccc21)Oc1ccccc1,6.047844886779785,5.487773418426514,5.767809152603149
COc1ccc(C=CCc2cc(OC)c(OC)c(OC)c2)cc1OC,5.151552677154541,3.2695133686065674,4.210533022880554
O=C(CCc1c[nH]c2ccccc12)NCc1ccccc1,4.398913383483887,4.880278587341309,4.639595985412598
CC(=O)c1cccc(-c2coc3cc(OC(=O)C4CCCCC4)ccc3c2=O)c1,6.012245655059815,5.267832279205322,5.640038967132568
O=C1CCc2cc(OCCCCN3CCCCC3)ccc21,6.665580749511719,5.450887203216553,6.058233976364136
CCc1c2c(n3ccc(OCc4ccc(Cl)cc4)cc13)CCCC2,5.644498348236084,6.337791442871094,5.991144895553589
Cc1cc(C2CCN(Cc3ccccc3)CC2)oc1C=COCCOCCCOc1ccc(C2=NCCN2C)cc1,6.064643859863281,5.653130531311035,5.858887195587158
CCC(=O)c1c(OC(=O)NC)c2ccccc2c2ccc(C)cc12,8.427593231201172,5.464075565338135,6.945834398269653
CCC1CCCCC1=NNc1ccccc1,5.391024112701416,4.638650417327881,5.014837265014648
O=c1oc2ccccc2cc1COc1cccc(C(F)(F)F)c1,5.790036201477051,7.094806671142578,6.4424214363098145
O=C(c1ccccc1)OC1=NOC2COCOC2=O,,,
O=C1Nc2ccccc2C1=O,4.581729888916016,5.809771060943604,5.19575047492981
COc1ccc(C=Cc2cc3c(cc2O)CCCC3)cc1,3.873146057128906,6.146775722503662,5.009960889816284
Cc1ccccc1COc1ccc(Cc2cnc(N)nc2N)cc1,5.592209339141846,4.960824966430664,5.276517152786255
NCCCOc1ccc2c(c1)C1CCCC1C2=NO,3.90344500541687,6.411101341247559,5.157273173332214
O=C(C#CCCCNc1c2c(nc3ccccc13)CCCC2)N1CCCC1,7.743979454040527,4.173341274261475,5.958660364151001
CNC(=O)Oc1ccc2c(c1)C1(C)CCOC1O2,7.756229877471924,5.155908584594727,6.456069231033325
CCCCc1c2c(nc3cc(OC)ccc13)CCCC2,5.300551891326904,4.582258224487305,4.9414050579071045
Cc1cccc(NC(=O)C=CC2CCCN(C)C2)c1,4.780579566955566,3.874786853790283,4.327683210372925
O=C(CCl)Nc1ccc2occ(-c3ccccc3)c2c1,4.857179164886475,6.054196834564209,5.455687999725342
CC(=O)c1ccc(-c2ccccc2C2=NCCCC2)cc1,5.479032516479492,5.262344837188721,5.3706886768341064
O=C(CCCc1c[nH]c2ccccc12)NCCCCCCCCCNc1c2c(nc3ccccc13)CCCC2,8.015939712524414,4.641447067260742,6.328693389892578
O=C1C(=O)C(c2ccccc2O)Oc2ccccc21,6.91921329498291,5.000524044036865,5.959868669509888
O=C(O)c1ccc2c3c1cccc3c(=O)oc2c1,,,
O=C1Cc2ccccc2C1=O,4.845606327056885,5.345312595367432,5.095459461212158
CCC(CC)C(=O)Nc1cccc(C2=NOC3(C2)CC(C(C)C)C3)c1,5.296989917755127,5.184087753295898,5.240538835525513
CC(=O)c1cc2cc(CC=Cc3ccccc3)ccc2oc1=O,5.752542018890381,5.904552936553955,5.828547477722168
O=C(c1c2ccc(O)cc2oc1=O)N1CCCCC1,,,
O=C(C=CC=CCCCCCCCCCOc1ccccc1O)Nc1ccccc1,4.99485969543457,6.0293145179748535,5.512087106704712
C=CCCCCCCCCCCCCCNc1c2c(nc3cc(Cl)ccc13)CCCC2,7.506565093994141,5.200527191162109,6.353546142578125
CC1CC(=O)c2cnc(Nc3ccc(C(=O)C4CCCCC4)cc3)nc2C1,6.075099945068359,6.475490570068359,6.275295257568359
Cc1c2cc(F)cc(OC(=O)NN=Cc3cccc(O)c3)c1O,,,
c1ccc2c(c1)CCC2=Cc1ccc2ccoc2c1,4.108510494232178,6.758243083953857,5.433376789093018
Cc1cccc(OC(=O)NCCCCCCCCCN=C(C)CCCCN=C(C)C)c1,7.248326301574707,5.374288558959961,6.311307430267334
NC(=O)Cc1cccc2c1OC(c1ccccc1)C2,5.014910697937012,5.0514678955078125,5.033189296722412
O=C1CCCc2cc(OCCCCNc3c4c(nc5ccccc35)CCCC4)ccc21,7.287981986999512,5.074681758880615,6.1813318729400635
c1ccc(COc2ccc(CCNc3nc4ccccc4o3)cc2)cc1,4.968466758728027,5.380134582519531,5.174300670623779
Nc1cccc2cc(C3=NCCN3)c(Cl)cc12,6.717293739318848,5.262204170227051,5.989748954772949
COc1cc2c3c(oc2cc1OC)CCCC3,5.597340106964111,4.280642986297607,4.938991546630859
Cc1c(C)c2ccc(OCc3cccc(C(F)(F)F)c3)cc2oc1=O,5.26776123046875,8.41046142578125,6.839111328125
O=C1CCc2ccc(OCCCCCC3CCN(Cc4ccccc4)CC3)cc2N1,6.748126983642578,4.96007251739502,5.854099750518799
CCOCCn1ccc2cc(C(=O)NCc3ccco3)ccc21,5.788422584533691,5.58067798614502,5.6845502853393555
COc1ccc2cc(CCc3cccnc3)ccc2c1,3.929110527038574,6.310905456542969,5.1200079917907715
Cc1c2ccc(C(=O)CCl)cc2n2cnnc12,,,
COc1ccc(CSc2nc3cc(Cl)ccc3c(=O)n2C)cc1,5.96112585067749,6.794198036193848,6.377661943435669
O=C(O)COc1ccc(CC2CCCCC2)cc1C(=O)N1CCCC1,5.493368148803711,4.347459316253662,4.9204137325286865
C#CCN(C)C1CCc2cccc(OCCCCCCNc3c4c(nc5cc(Cl)ccc35)CCCC4)c21,6.130584716796875,5.430348873138428,5.780466794967651
O=C1CCc2ccc(OCCCCCCNc3c4c(nc5ccccc35)CCCC4)cc2N1,7.6467509269714355,5.350149154663086,6.498450040817261
O=C1CCc2cc(OCCCCCNc3c4c(nc5ccccc35)CCCC4)ccc2N1,7.571161270141602,5.2855544090271,6.428357839584351
CC(=NNc1nc(-c2ccc(F)cc2F)cs1)c1ccccn1,5.645199298858643,6.858688831329346,6.251944065093994
COc1ccccc1C1=NOC2OC3COC(C)N3C21,7.937528610229492,4.909470558166504,6.423499584197998
C[N+](C)Cc1cccc(-c2cc3c4c(cc(O)c(O)c4c4c5ccccc5nc-4c3o2)c1,,,
CCNc1cc2c(nc1OCC)C(=O)CC2,6.436763286590576,4.892393112182617,5.664578199386597
COc1ccc(-c2coc3c(=O)c(OCCCCCCCNc4c5c(nc6ccccc46)CCCC5)oc23)cc1,,,
O=C(O)COc1ccc2c(=O)c3cc(O)ccc3oc2c1,5.089817047119141,4.411447048187256,4.750632047653198
COc1ccccc1NCC(=O)Nc1cccc2cccnc12,4.783857345581055,4.464452743530273,4.624155044555664
COc1ccc(OC)c(C2CCN(CCc3ccc(C)cc3)CC2)c1,4.604782581329346,4.351437568664551,4.478110074996948
CC(C)=C(C)c1ccc2oc(=O)c3cc([N+](=O)[O-])ccc3c2c1,4.8629584312438965,7.148299694061279,6.005629062652588
Nc1cc2ccccc2c2ccoc12,4.589649677276611,4.334714889526367,4.462182283401489
O=C1C=CC(=O)c2c(O)cccc21,6.011013031005859,7.056286811828613,6.533649921417236
Cc1ccc(CCCCCCCCCCN=C(N)N[N+](=O)[O-])o1,7.037792205810547,6.478439807891846,6.758116006851196
Fc1ccc(CN2CCC3(CCCc4ccccc43)CC2)cc1,5.2722673416137695,4.609886646270752,4.941076993942261
O=C(C=Cc1cccc([N+](=O)[O-])c1)NCCCCCCNc1c2c(nc3ccccc13)CCCC2,6.883781433105469,5.185460090637207,6.034620761871338
Cc1c(C)c2ccc(OS(=O)(=O)C3CCCN3)cc2oc1=O,7.427567481994629,5.6918535232543945,6.559710502624512
O=C1Cc2ccccc2C(=O)C1c1ccc2c(CNc3ccc([N+](=O)[O-])cc3)coc2c1,5.536033153533936,6.517141819000244,6.02658748626709
Oc1oc2ccc(OCCCCCN3CCCCC3)cc2c2c1CCCC2,,,
CSc1ccc2oc3cc(OCc4ccccc4)ccc3c(=O)c2c1,4.967355251312256,6.317541122436523,5.64244818687439
Cn1c2ccccc2n2nc(C3CCCCC3)nc12,4.7253899574279785,5.209148406982422,4.9672691822052
CN1CCC2(C)c3cc(OC(=O)NCc4ccccc4)ccc3N(C)C12,6.460779190063477,5.046343326568604,5.75356125831604
CCOC(=O)c1c(C)[nH]c(C=CC=CCC=CCC(=O)NCc2cc(OC)c(OC)c(OC)c2)c1C,5.4503254890441895,4.24613618850708,4.848230838775635
COc1cc2c3cc(C)ccc3n(CCCCCCCCNc3c4c(nc5ccccc35)CCCC4)c2cc1OC,7.860855579376221,4.848086357116699,6.35447096824646
CNC(C)Cc1ccc(OCCCCNc2c3c(nc4ccccc24)CCCC3)cc1,6.880186080932617,4.657192230224609,5.768689155578613
O=C(NCCCCCCCNc1c2c(nc3cc(Cl)ccc13)CCCC2)c1ccc2ncsc2c1,8.586246490478516,5.009450912475586,6.797848701477051
O=C(C=Cc1cccc2ccccc12)c1ccccc1O,4.204275131225586,6.5653486251831055,5.384811878204346
CC1=CC=CC1=[N+](C)O)Cc1cccc(Br)c1,,,
COc1ccc2cc(CCNC(C)=O)ccc2c1OCc1ccccc1,4.633009910583496,5.305785179138184,4.96939754486084
COc1cc2c(cc1O)CC(Cc1ccccc1)O2,4.92479944229126,3.9739327430725098,4.449366092681885
Cc1ccc2cc(COC(=O)c3ccccc3)c(=O)oc2c1,5.142255783081055,5.997025966644287,5.569640874862671
O=C1C(=Cc2ccc(O)cc2O)COc2cc(O)ccc21,5.237395763397217,6.163385391235352,5.700390577316284
CNCc1ccccc1Sc1ccc(Cl)cc1,5.258904933929443,3.2456610202789307,4.252282977104187
CC=C(C)c1ccc(OCC(=O)Oc2ccc3c(c2)CCCC3)cc1,5.279282569885254,5.810112953186035,5.5446977615356445
COc1ccc2c3c(cccc13)C2=O,5.5039777755737305,6.312073707580566,5.908025741577148
CC(=O)Nc1cc(OCCCCCCCCNc2c3c(nc4ccccc24)CCCC3)ccc1O,7.584444046020508,5.229467868804932,6.40695595741272
NCCCCCCCCCCCCCCCCCCCC(=O)NCCc1ccc(O)cc1,5.327868461608887,5.482111930847168,5.404990196228027
CCCCCCCNC1CCC(Oc2ccc(C(=O)O)cc2)CC1,5.037752628326416,4.847531795501709,4.9426422119140625
CC1CCCCC1=CC=CCCCCC(=O)Oc1ccc2c(c1)C1OCCCC1CCO2,4.452089309692383,5.72597599029541,5.0890326499938965
CC#CCNCc1ccc2cc(C(=O)NC)c(=O)oc2c1,7.183745861053467,5.019969463348389,6.101857662200928
Nc1ccc(CNc2c3c(nc4ccccc24)CCCC3)cc1,6.022643566131592,3.574357032775879,4.798500299453735
c1ccc(COc2ccc3c(c2)CCC3=NNC2CCCCC2)cc1,5.264124393463135,5.390499591827393,5.327311992645264
COc1ccc2[nH]c3c4c(ccc(OC)c(OC)c4c3c2c1)CCCN4C,,,
COc1cc2c(cc1OC)C(=O)C(F)(F)O2,6.630486488342285,5.027636528015137,5.829061508178711
COc1cc(C=Cc2ccc3ccccc3[n+]2C)ccc1OCc1ccccc1,4.719639301300049,5.732588291168213,5.226113796234131
O=C1CCc2ccc(OCCCCCNc3c4c(nc5ccccc35)CCCC4)cc2N1,7.586210250854492,5.279542446136475,6.432876348495483
CNCCCOc1ccc(C2=C3CCCCC3CC=C2)cc1,5.190339088439941,5.195010662078857,5.192674875259399
O=C1c2ccccc2OC(=O)C1=CCC1CCCCC1,5.130191326141357,5.420534133911133,5.275362730026245
Fc1ccc(-c2csc(NN=C3CCCCC3)n2)c(F)c1,6.15167236328125,7.422589302062988,6.787130832672119
O=C1CCc2cc(OCCCCCNc3c4c(nc5ccccc35)CCCC4)ccc2N1,7.571161270141602,5.2855544090271,6.428357839584351
COc1cc2c(cc1OC)C(=O)C=CC2=O,6.879719257354736,5.608450412750244,6.24408483505249
Nc1nc(O)c2c(ccc3ccccc32)n1,4.699118137359619,4.732726573944092,4.7159223556518555
COc1ccc2c(c1)c3cc(C(=O)NN=Cc4ccc([N+](=O)[O-])o4)ccc3oc2=O,6.698110103607178,4.903341293334961,5.800725698471069
C#CCNCCOc1ccc2c(c1)OCO2,3.9766345024108887,6.02232837677002,4.999481439590454
Nc1ccccc1C1CC(=O)c2ccccc2O1,6.963572025299072,5.07715368270874,6.020362854003906
Clc1ccc(OCc2noc3cc(Br)ccc23)cc1,4.677082061767578,7.2114338874816895,5.944257974624634
COc1cc2cc(CCCCNc3c4c(nc5cc(F)ccc35)CCCC4)oc2cc1OC,7.877819061279297,4.887573719024658,6.3826963901519775
Cc1nnc2c3c4c(ccc14)C(=O)N(c1cccc(Cl)c1)C3=O,,,
COc1cc2c(cc1OC)C(=O)c1ccccc1O2,6.213313102722168,4.358064651489258,5.285688877105713
Cc1cccc(C2=NN3C(c4ccccc4)C(=O)CC3=NC2=O)c1,5.7181925773620605,5.52311372756958,5.62065315246582
CC(=O)c1ccc(-c2c[nH]c(OCCCCCCCCNc3c4c(nc5ccccc35)CCCC4)n2)cc1,7.433781147003174,5.338083267211914,6.385932207107544
CCCCCCNC(=O)c1coc2cc(OC(=O)CCCCCC)ccc2c1=O,6.0614824295043945,6.236092567443848,6.148787498474121
Nc1cccc(SCCCCCCc2c[nH]c3ccccc23)c1,4.768392562866211,4.645072937011719,4.706732749938965
N#Cc1ccc(NCc2ccc3c(c2)OCCO3)cc1,4.423763275146484,5.795879364013672,5.109821319580078
CC[n+]1ccoc2ccc(OCc3cccc(Cl)c3)cc21,,,
Cc1ccccc1COc1ccc(CC(C)NCCOc2cccc3cccnc23)cc1,4.631008148193359,5.721287727355957,5.176147937774658
O=c1ccoc2ccc(OCc3ccc(SC(F)F)cc3)cc12,5.543796539306641,6.621232986450195,6.082514762878418
Cc1cc2cc(OCCCCCCNc3c4c(nc5ccccc35)CCCC4)ccc2o1,7.414619445800781,5.150985240936279,6.28280234336853
Cc1ccc(C(c2ccccc2)N2CCCC2)cc1,4.9791340827941895,3.349538326263428,4.164336204528809
O=[N+]([O-])c1ccc(C=CC=Cc2cc[n+]3ccccc3cc2)cc1,,,
O=C(CCc1c[nH]c2ccccc12)c1ccc2ccccc2c1,4.7694196701049805,6.065427303314209,5.417423486709595
CC(C)=CCN1CCCC(=Cc2cc3ccc(Cl)cc3nc2O)C1=O,6.407684803009033,5.924052238464356,6.165868520736694
O=C1c2ccccc2C(=O)N1CCOCCn1cc2ccccc2c1O,7.122515678405762,6.237754821777344,6.680135250091553
CCOc1cc2c(cc1OC)C1=CCCCC1CN(C)C2,4.748791217803955,4.241361618041992,4.495076417922974
O=C(CCl)NCCCCCCCCCCCCC(=O)CCc1ccccc1,5.706008434295654,5.354264259338379,5.530136346817017
Cc1c(C)c2ccc(OCC(C)C)cc2oc1=O,5.109691143035889,7.036066055297852,6.07287859916687
COc1ccc2c(C)cc(C(=O)NC3CCCCCC3)cc2c1,4.773917198181152,4.645501136779785,4.709709167480469
Cc1c2c3c(sc2ncn1C,,,
CCN(CC)CCCCCCCCCCN(CC)CCCCCCCN(C)C,6.59611701965332,4.322021484375,5.45906925201416
COc1ccc2c(=O)c(-c3ccccc3O)coc2c1,5.507341384887695,5.307301044464111,5.407321214675903
O=C1CCC2(O)C3Cc4ccc(O)c5c4C2(CCN3CC2CC2)C1O5,6.8007354736328125,6.528553009033203,6.664644241333008
CC=C1CC2COC(O1)c1c2c2c(O)nc3ccccc3c2c1C,,,
CC1CCC(C(=O)c2cc3ccccc3oc2=O)CC1,5.764578819274902,4.745005130767822,5.254791975021362
CN(C)CCNC1=NN=C(c2cc3ccccc3oc2=O)CO1,6.131465435028076,5.0298991203308105,5.580682277679443
Cc1cccc2c1Oc1ccccc1C2=O,4.641421794891357,4.2964959144592285,4.468958854675293
COc1cc(C=C2COc3cc(OCCCCCCN4CCC(OC)CC4)ccc3C2=O)ccc1O,6.065070152282715,5.802772521972656,5.9339213371276855
NC(=O)CCC1=CCOc2ccc(C=CC3CCC(=O)CC3)cc21,4.60019588470459,6.222626686096191,5.411411285400391
O=C1C(=O)c2ccccc2Oc2ccc(C(=O)O)cc21,6.21597146987915,4.7143635749816895,5.46516752243042
O=Nc1c(O)c(O)cc2c(=O)oc3ccccc3c12,6.334325313568115,4.141160011291504,5.23774266242981
CC(CCCCCCCCCCCCCCCCCCCN=C(C)C)CCCCCC(C)C,5.282364845275879,5.633432388305664,5.4578986167907715
CCc1c2c(nc3ccccc13)-c1ccccc1CC2=O,4.7086992263793945,4.553915500640869,4.631307363510132
COc1cc2c(cc1OC)C1CC(C)C=C21,4.939391613006592,5.76094388961792,5.350167751312256
Fc1[nH]ccc1C=CCN1CCC2(CC1)CNCc1c2c(nc3ccccc13)CCCC2,,,
CC(C)=CCc1c(O)c2c(c(O)c3c(O)cc(O)cc32)OC1O,,,
CCCCC(=O)Oc1ccc2c(c1)C1(C)CCNC1C2=O,5.718329906463623,5.881051063537598,5.79969048500061
Cc1cccc(COCCCCCN2CCCCC2)c1,6.076838970184326,4.482303142547607,5.279571056365967
COc1cc2c(cc1OC)C(=O)C(Cc1ccccc1)C2,6.889962673187256,4.686090469360352,5.788026571273804
CC(O)C(=O)OC1=Cc2cc(OCc3cccc(Cl)c3)ccc2OCC1,4.521222114562988,5.990931034088135,5.2560765743255615
O=C(NCCCCCCCCCCCCCNc1c2c(nc3cc(Cl)ccc13)CCCC2)c1ccoc1,8.571423530578613,5.240218639373779,6.905821084976196
c1ccc2c(C3CCN(Cc4coc5ccccc45)CC3)coc2c1,4.919300079345703,4.667038917541504,4.7931694984436035
CC(=N)Nc1ccc(C(C)=Cc2ccc(C(=O)NC(C)C)cc2)cc1,4.325289726257324,4.1272969245910645,4.226293325424194
CN1CCC2(C)c3cc(OC(=O)NCCCCCCCCN4CCCCC4)ccc3N(C)C12,7.290181159973144,4.957273960113525,6.123727560043335
COc1ccc(NC(=O)c2cccc3c2OCCO3)cc1,5.676382064819336,5.355893611907959,5.5161378383636475
Cn1c2ccccc2c2ncnc(OCc3ccccc3)c21,4.080981254577637,5.457201957702637,4.769091606140137
COc1ccc2c3c(noc3cccc13)C(=O)O2,,,
O=C(CCCCCCCCCCCCCCCC[n+]1cccc(CO)c1)Nc1ccc(C2CCCCC2)cc1,6.48938512802124,5.349589824676514,5.919487476348877
Fc1ccc(Cn2nnnc2C2CCCc3ccc(OCCCCN4CCCCC4)cc32)cc1,6.3648600578308105,5.964768409729004,6.164814233779907
CC(C(=O)NCc1ccco1)N1CCN(c2ccc(F)cc2)CC1,4.732450485229492,5.935197830200195,5.333824157714844
Clc1ccc(COCCOCCCCCNc2c3c(nc4ccccc24)CCCC3)cc1,6.517468929290772,4.905466079711914,5.711467504501343
CC(C)=CCOC(=O)C=CC1=O,,,
O=C1CCc2ccc(OCCCCCCNc3c4c(nc5ccccc35)CCCC4)cc2N1,7.6467509269714355,5.350108623504639,6.498429775238037
CCC(=O)Nc1ccc(C=C2CCCN=C2c2cccnc2)cc1,5.264880657196045,5.384153842926025,5.324517250061035
N#Cc1ccc(C(=O)N2CCC(CCCCC(=O)NC3CCCCC3)CC2)cc1,5.38688850402832,4.5396575927734375,4.963273048400879
Fc1ccc(-c2csc(NN=CC3CCCCC3)n2)cc1,5.363310813903809,6.566559791564941,5.964935302734375
C#CCN(C)CCCCCCCCCCCCCCCCC,4.079535961151123,6.748118877410889,5.413827419281006
Fc1ccc(-c2csc(NN=Cc3cccs3)n2)cc1,5.346088886260986,6.348719596862793,5.84740424156189
CC(CC#CCOc1ccc2c(c1)OC(=O)C1CCCCC1N2C,,,
C#CCN(C)Cc1cc2cc(OCCC3CCN(Cc4ccccc4)CC3)ccc2n1C,6.383633136749268,5.55838680267334,5.971009969711304
CN(C)CCOc1ccc(CC(=O)Nc2ccc(-c3ccc(Cl)cc3)cc2)cc1,4.48517656326294,4.358177661895752,4.421677112579346
CCOc1coc2cc(OCc3ccc(C4OC5COC(=O)C5O4)cc3)ccc2c1=O,5.444873332977295,5.672659397125244,5.5587663650512695
C#CCNC1CCc2ccc(OCCCCNc3c4c(nc5ccccc35)CCC4)cc21,5.883310317993164,5.41148853302002,5.647399425506592
O=C(CCC1CCN(Cc2ccccc2)CC1)c1cc2c3c(ccn3CCC2)n1CCCC3,,,
N#Cc1cnc2cnc(Oc3ccccc3)cc2c1NCCCCC1COc2ccccc2O1,6.067843437194824,5.069530010223389,5.5686867237091064
O=C1Nc2cc(OCCCCCOc3ccc(F)cc3)ccc2C1=O,5.6252970695495605,7.466876029968262,6.546086549758911
C#CCCCNCC=CCCCCCCCCCCCCN,4.685751438140869,6.050690174102783,5.368220806121826
COc1cc2cc(C)c(C=CC3CCC(C)(C)N3C)cc2cc1OC,5.408806324005127,6.042922496795654,5.725864410400391
COCCCn1c2c3ccccc3c3cccc(c32)CC2CCCCN2C1=O,,,
Cc1noc(C)c1COc1cccc(C(=O)OC2CCCCC2)c1,4.506383895874023,6.051836490631104,5.2791101932525635
COc1ccc(C=C2CCCC(=Cc3cc(OCC=C(C)C)c(OC)c(OC)c3)C2=O)cc1,4.809771537780762,4.845629692077637,4.827700614929199
Cc1ccccc1NC(=O)Oc1ccc2oc(C)c(=O)c2c1,,,
Fc1ccc(-c2cc3cc(Br)ccc3oc2=O)cc1,4.520064353942871,7.830248832702637,6.175156593322754
C#CCCCCOc1ccc2c(=O)ccoc2c1,3.4712929725646973,7.659605979919434,5.565449476242065
COc1ccc2c3c1OC1CC(O)C=CC31CCN(C)C2,4.434950828552246,5.580801963806152,5.007876396179199
CNCCOc1cncc(C2=CC(c3ccc(F)cc3)=NC2)c1,5.438566207885742,6.300962924957275,5.869764566421509
CC(=O)Nc1ccc2c(c1)C(=O)c1cc([N+](=O)[O-])ccc1S2(=O)=O,5.164730548858643,5.8025665283203125,5.4836485385894775
N#Cc1ccc(C#CC(C2CCCCC2)N2CCCCC2)cc1,4.616733074188232,5.5039262771606445,5.0603296756744385
CC1=CC2Cc3nc4cc(Cl)ccc4c(NCCCCCCCCNc4c5c(nc6ncccc46)CCCC5)c3C(C1)C2,8.72181224822998,4.828268527984619,6.7750403881073
CC(C)c1cc2c(c3ccccc31)OCCO2,4.8452677726745605,4.496957302093506,4.671112537384033
CCOC(=O)NCC#Cc1cccc2oc(=O)c(C)cc12,6.393338203430176,5.787404537200928,6.090371370315552
CC(=O)c1ccccc1OCCCCCCCCNc1c2c(nc3ccccc13)CCCC2,7.243690490722656,4.922905445098877,6.083297967910767
CC(=NNc1nc(-c2ccc([N+](=O)[O-])cc2)cs1)c1cccnc1,5.657338619232178,5.734865188598633,5.696101903915405
O=C(Cl)COc1ccc2cc(Br)c(=O)oc2c1,4.540358543395996,6.9408488273620605,5.740603685379028
O=C1c2ccccc2-c2nnc(-c3ccc([N+](=O)[O-])cc3)cc21,5.403611660003662,5.912363052368164,5.657987356185913
O=C1C=CC(=CNNc2cccc(Cl)c2)C1=O,3.996137380599976,6.269975662231445,5.1330565214157104
O=C1c2ccccc2-c2nnc(COc3ccc(F)cc3)oc21,,,
COC1=CC=CC2C1=[N+](C)CCC21,,,
Clc1ccc2c(c1)C(=Cc1ccnc3ccccc13)CC2,4.344010353088379,6.563816070556641,5.45391321182251
Nc1ccc(CCCCCCCCNc2c3c(nc4ccccc24)CCCC3)cc1,7.524835109710693,4.06798791885376,5.796411514282227
CC(C)C(=O)Nc1ccc2c(c1)C(=O)c1ccccc1C2=O,5.674351215362549,5.79653787612915,5.73544454574585
COc1cc2[nH]c(=O)n(CCc3ccccc3)c(=O)c2cc1OC,6.4873480796813965,5.790739059448242,6.139043569564819
O=C1c2ccccc2Cc2nnc(-c3ccccc3)n21,4.746740341186523,4.647660255432129,4.697200298309326
Cc1ccccc1OCCCCOc1ccc2c(=O)c3ccccc3oc2c1,4.941324234008789,6.157641410827637,5.549482822418213
COc1cc2c(cc1OC)C(=O)C(Oc1ccc(C(=O)C3CCCC3)cc1)C2,6.614336490631104,5.054503917694092,5.834420204162598
Fc1ccc(C=Cc2cc[n+](CCCCCCCCCCCC[n+]3ccc(Cl)cc3)cc2)cc1,6.797325611114502,4.98106861114502,5.889197111129761
O=c1oc2ccc(OCc3cccc(Br)c3)cc2c2c1CCC2,4.413561820983887,7.338006973266602,5.875784397125244
COc1cc2c(cc1OC)C1CCCCN1C2=O,5.360225200653076,5.366610050201416,5.363417625427246
CCCNC(=O)CCCc1c[nH]c2ccc(OC)cc12,4.824676036834717,4.522497177124023,4.67358660697937
O=c1c2ccccc2oc2cc3c(C=O)c(O)ccc3c12,,,
O=C(C=Cc1ccccc1)Nc1cccc(C(=O)O)c1,5.020111560821533,6.629007339477539,5.824559450149536
O=C1CCc2cc(OCCCCCCCNc3c4c(nc5ccccc35)CCCC4)ccc21,7.725111961364746,5.43848180770874,6.581796884536743
O=C(C=Cc1ccccc1)Nc1ccc(F)cc1F,4.513115882873535,6.583073616027832,5.548094749450684
Fc1cccc(C2CC(c3c4c(nc5ccccc35)COC4)=NN2)c1,6.731337070465088,6.774423599243164,6.752880334854126
c1ccc(C2=NOC(C3CC3)C2)cc1,6.986063957214356,6.027958393096924,6.50701117515564
C#CCN(C)Cc1ccccc1OCCCCCCCCCNc1c2c(nc3ccccc13)CCCC2,5.890938758850098,5.3032636642456055,5.597101211547852
N=c1oc2ccccc2cc1=O,,,
O=c1ccoc2ccc(OCc3ccc(F)cc3)cc12,4.365901470184326,7.64776611328125,6.006833791732788
COc1cc2c(cc1OC)C(=O)C(Oc1cccc(CCN3CCCC3)c1)C2,6.57829475402832,4.734301567077637,5.6562981605529785
COc1ccc2c(c1)c(C#N)cn2C,4.522171497344971,6.267029762268066,5.3946006298065186
O=C1c2ccccc2-c2nc3nnnn3nc21,4.122465133666992,3.952200412750244,4.037332773208618
CCN(CC=CCCCCCN(C)C)Cc1cc2cc(OC(=O)CCCCCCCNc3c4c(nc5ccccc35)CCCC4)ccc2o1,7.6022138595581055,4.422327041625977,6.012270450592041
O=C1CCc2ccc(OCCCCCNc3c4c(nc5ccccc35)CCCC4)cc2N1,7.586210250854492,5.279542446136475,6.432876348495483
Cc1cccc(C)c1C(=O)OC(C)C(=O)Nc1ccc2ccccc2c1,5.435304164886475,5.137680530548096,5.286492347717285
COc1ccc(C=C(C#N)C#N)cc1,4.637105464935303,6.660341262817383,5.648723363876343
CN1CCCC1CCOC(C)(c1ccccc1)c1ccc(Cl)cc1,5.14102029800415,4.236878395080566,4.688949346542358
Cn1cc(-c2cccn3nc(COc4ccc(Cl)cc4)nc23)c2ccccc21,5.439213752746582,5.471375942230225,5.455294847488403
CN(C)CCOc1ccc2c(c1)C(=O)C(=O)c1ccccc1S2(=O)=O,5.351422786712647,5.86250114440918,5.606961965560913
O=c1oc2ccccc2cc1OCCCCCCNc1c2c(nc3cc(Cl)ccc13)CCCC2,7.517607688903809,5.139229774475098,6.328418731689453
O=C1CCc2cc(OCCCCCCNc3c4c(nc5ccccc35)CCCC4)ccc21,7.778197765350342,5.334210395812988,6.556204080581665
Cc1oc2ccc(OCCOc3ccc(C4=NCCS4)cc3)cc2c1C(=O)O,6.064340591430664,6.401832103729248,6.233086347579956
CC(=O)c1cccc(NC(=O)c2cc3ccccc3oc2=O)c1,6.696280002593994,5.903771877288818,6.300025939941406
O=C(C=Cc1cccc([N+](=O)[O-])c1)N1N=C(c2ccc(F)cc2)CC1c1ccccc1,6.294448375701904,5.726071357727051,6.0102598667144775
COc1c(O)cc2c(=O)oc3ccccc3c2c1C,5.341021537780762,4.781693935394287,5.061357736587524
CC(C=CCN1CCC2(C)c3ccoc3CC1C2C,,,
CCOC(=O)c1cc2cc(OCCCCCCNc3c4c(nc5ccccc35)CCCC4)ccc2oc1=O,6.9812445640563965,5.287326335906982,6.1342854499816895
O=C1Cc2c(OCCc3cccc(Cl)c3)cccc2O1,5.327624320983887,6.249542236328125,5.788583278656006
Oc1c2c(nc3ccccc13)CCCC2,5.394965648651123,4.103498458862305,4.749232053756714
C#CCNCc1cc2cc(OCCCCC3CCN(Cc4ccccc4)CC3)ccc2n1C,6.549341201782227,5.248345851898193,5.89884352684021
CNC1=Nc2cc(=O)oc3cc(OC(=O)c4ccccc4)ccc1c23,,,
Cc1c(C)c2ccc(OCc3ccc(C(=O)NCC4CCCNC4)o3)cc2oc1=O,6.498408317565918,5.294704914093018,5.896556615829468
Cc1ccc(OC(=O)c2ccc(C(=O)Nc3ccccc3)o2)cc1,6.766003608703613,5.155294418334961,5.960649013519287
O=C(c1cc2cc(O)ccc2oc1=O)c1cccs1,6.234029769897461,4.489719867706299,5.36187481880188
CC1=NN(c2ccccc2)C(=O)C1=Cc1ccco1,5.350571632385254,4.407369136810303,4.878970384597778
CC(C)=CCN1N=C2CCCCC2C1=O,7.005314350128174,5.68544864654541,6.345381498336792
CCC1CCC2C(=O)OC(CO)CCC3CCC(C)CC32C1,5.287636280059815,5.740097522735596,5.513866901397705
N#Cc1ccc2[nH]c3ccc(OCCCC4CCN(Cc5ccccc5)CC4)cc3c2c1,6.516820430755615,5.515442371368408,6.016131401062012
O=c1oc2ccc(OCCCCCCCCNc3c4c(nc5cc(Cl)ccc35)CCCC4)cc2cc1-2,,,
CCCCCNCC(O)COc1ccc(C2=NC(=O)CC(C)(C)O2)cc1,4.982081890106201,5.704937934875488,5.343509912490845
CC1=CC=C(C)C=CCC=CCCCCC(=O)Nc2cc(O)ccc2OCC(=O)NCCCCCNc2c3c(nc4ccccc24)CCCC3)C1,,,
FC(F)(F)c1cccc(Nc2ncc3c(n2)-c2ccc(Cl)cc2CC3)c1,5.642527580261231,6.4675726890563965,6.0550501346588135
COc1cc2c(Oc3ccc(C(=O)NCCCCCCCCN4CCCCC4)cc3)c(C)ccc2cc1OC,7.093950748443604,4.8141703605651855,5.9540605545043945
Nc1c(C#N)c2cc(CSc3ccc(F)cc3)ccc2oc1=O,5.673545837402344,5.915960788726807,5.794753313064575
Oc1occ2ccc(OCCCCN3CCCCC3)cc12,5.724058628082275,5.988880157470703,5.856469392776489
O=C1c2ccccc2SC1c1ccc2oc(=O)oc2c1,6.633273601531982,5.460715770721436,6.046994686126709
CC(=O)c1ccc(OCCCCCCCCCCCCNCCCCCCCCNOc2c3c(nc4cc(Cl)ccc24)CCCC3)cc1,6.79072904586792,5.596212863922119,6.1934709548950195
O=C1NC(=O)c2cc([N+](=O)[O-])ccc21,5.639695167541504,6.347009658813477,5.99335241317749
N#Cc1ccc(C2=NOC(c3ccccc3)=C2c2ccc(F)cc2)cc1,5.263648986816406,5.87253475189209,5.568091869354248
O=c1oc2ccc(OCCCCCCCCCNc3c4c(nc5ccccc35)CCCC4)cc2c2ccccc12,6.5317792892456055,5.312993049621582,5.922386169433594
CC(=O)Nc1ccc2c(c1)c1c3c(c(=O)oc13)CCCC2,5.312314510345459,4.552791595458984,4.932553052902222
Oc1c(I)ccc2ccc(OCCCCCCCNc3c4c(nc5ccccc35)CCCC4)cc12,7.104537963867188,5.64635705947876,6.375447511672974
O=C1CCCc2cc(OCc3ccc(Br)cc3)ccc21,3.873448848724365,7.64144229888916,5.757445573806763
Cc1c(C)c2ccc(OCCOc3ccc(CCCCN4CCCCC4)cc3)cc2oc1=O,5.67661190032959,6.385834217071533,6.0312230587005615
CCC(=O)Nc1ccc(COc2ccc(C(=O)NC3CCCCC3)cc2)cc1,4.587108135223389,5.050154685974121,4.818631410598755
Nc1cccc2c1C(=O)c1c(O)c3c(c(O)c1C2=O)CC(O)(C(=O)CO)C3OC1CCCC1,6.152924537658691,4.830644607543945,5.491784572601318
CCOC(=O)C1CCCN(Cc2ccc(OC(=O)NCc3ccccc3)cc2)C1,7.020418643951416,3.702327489852905,5.361373066902161
CC[n+]1ccc(C=CC2CCN(C)C2=O)cc1,4.760373115539551,4.766007423400879,4.763190269470215
CCc1ccc2c(=O)cc(C(=O)Nc3cc(C)on3)oc2c1,6.984356880187988,5.014945983886719,5.9996514320373535
C#CCN(C)Cc1cc2ccccc2n1C,4.767838001251221,6.863555908203125,5.815696954727173
O=C1CCCc2cc(OCc3ccc(Cl)cc3)ccc21,3.886667728424072,7.479969501495361,5.683318614959717
CCCCCCCNC(=O)CCCCCCCCCCNc1c2c(nc3cc(OC)c(OC)cc13)CCCC2,7.461173057556152,5.220614433288574,6.340893745422363
Cc1ccc(NC(=O)C=Cc2cccc(C)c2)cc1,4.4466094970703125,5.337483882904053,4.892046689987183
Cc1c2ccccc2nn1CCCCCCCNc1c2c(nc3cc(C)ccc13)CCCC2,8.739960670471191,4.4143805503845215,6.5771706104278564
O=C(C#CCN1CCOCC1)Nc1ccccc1,4.655869007110596,5.134692668914795,4.895280838012695
O=c1c2ccccc2oc2ccccc12,4.344746112823486,3.7296371459960938,4.03719162940979
Cc1c2cccc(C)c2nn1CCCCN1CCN(C)CC1,6.577601909637451,4.456714630126953,5.517158269882202
Nc1c(F)cccc1C(=O)CCCN1CCC2C(C1)c1cccc3c1N2CCCC3)C1,,,
COc1cc2cc(COc3ccc(CC(=O)NCCc4ccccc4)cc3)c(=O)oc2cc1OC,6.338022232055664,5.794075012207031,6.066048622131348
CCCCCCCOc1cc(OC)c2c(=O)c3cc(C)ccc3oc2c1,4.655749320983887,6.177772998809815,5.416761159896851
CC(=NNC(=O)c1ccccc1O)c1cccc(Nc2ccc(C)cc2)c1,5.794267654418945,4.6276726722717285,5.210970163345337
COc1cc2c(cc1OC)C(=O)C(C)C2,7.520417213439941,4.710775375366211,6.115596294403076
Cn1nccc1-c1cc2cc(OCCCCCCNc3c4c(nc5ccccc35)CCCC4)ccc2n1C,7.21809196472168,5.27934455871582,6.24871826171875
O=C(CCCc1ccccc1)Nc1ccc2c(c1)OCO2,5.208359718322754,5.383812427520752,5.296086072921753
COc1cc2c(cc1OC)C(=O)C(=O)CC2,6.595560550689697,4.868902683258057,5.732231616973877
COc1cccc2c1OCCO2,4.546686172485352,4.239006042480469,4.39284610748291
O=C1Oc2ccc(OCCCCCNc3c4c(nc5cc(Cl)ccc35)CCCC4)cc2C2CCCCC12,7.068600654602051,5.960455894470215,6.514528274536133
CNC(=O)Oc1ccc2c(c1)C1(CCCCC1)CN2,6.33791446685791,4.8913254737854,5.614619970321655
CC(=NNC(=O)c1cccc(C2=CCOCC2)c1)c1cccc(Cl)c1,5.030142784118652,5.309317588806152,5.169730186462402
COc1cc2c(cc1OC)C1=NOC(CN3CCN(CC(C)=CC3)C1CO2,,,
CCCNCc1ccc2c3c(cccc13)C(=O)N(CCNCCO)C2=O,5.849979877471924,4.826133728027344,5.338056802749634
Fc1ccc(C2=CCC=CC2=NN=C3c4ccccc4C=CC32)cc1,,,
CC1=C(C2CCN(C)CC2)Cc2cc3cc(F)ccc3[nH]21,,,
COc1ccc(CC2c3cc(OC)c(OC)cc3CCN2CCCCCCCc2ccco2)cc1,5.352606773376465,5.064011096954346,5.208308935165405
O=C(O)c1c(F)cccc1Nc1ccc(O)cc1,5.808761119842529,5.741243839263916,5.775002479553223
Cc1cc2c(cc1C)CCCC2NCCCCCCCNc1c2c(nc3ccccc13)CCCC2,7.694769859313965,4.4310455322265625,6.062907695770264
O=Nc1cc2c(nc1-c1ccccc1)OCCCO2,5.38817834854126,5.058879852294922,5.223529100418091
CS(=O)(=O)c1ccc(C(=O)Nc2cccc(N3CCOCC3)c2)cc1,5.089674949645996,5.809494018554688,5.449584484100342
CC(=NNC(=O)c1cccc2ccccc12)c1ccccc1O,5.587451934814453,5.471059799194336,5.5292558670043945
O=C(CCc1c[nH]c2ccccc12)NC1CCCCC1,4.823622703552246,4.6070404052734375,4.715331554412842
Clc1ccc(C2CCNCC2)cc1Cl,3.3710896968841557,4.592507362365723,3.981798529624939
CNC(=O)C=Cc1cccc2oc(CCCCCc3ccccc3)cc12,5.229711532592773,5.696263313293457,5.462987422943115
O=C1Cc2c(OCCCCCCCCNc3c4c(nc5ccccc35)CCCC4)cccc2O1,7.247970104217529,5.0610785484313965,6.154524326324463
CC(C)=Cc1c2c3c(ccc(O)c(O)c3O)C1C)C3OC1CCCC(=O)C1CCCCC1,,,
CCCCCCCCCCCCCCC=CC(O)COP(=O)(O)O,5.133455276489258,6.730669975280762,5.93206262588501
COc1cc2c(cc1OC)C1=CC=C(NO)C(=O)CC1C2,5.207346439361572,5.4371657371521,5.322256088256836
O=COc1ccc2ccccc2c1OCc1ccccc1,5.02888298034668,5.900021553039551,5.464452266693115
O=c1ccoc2ccc(OCc3ccc4c(c3)OCCO4)cc12,4.915762901306152,6.264895915985107,5.59032940864563
CC1=NOC(=O)C1=Cc1c[nH]c2ccc(Br)cc12,5.595328330993652,7.2989821434021,6.447155237197876
CC(=O)Nc1coc2cc(OC(=O)c3ccccc3)ccc12,5.640710830688477,5.122499942779541,5.381605386734009
Cc1c(O)ccc2c1oc(=O)c1ccccc12,5.787344455718994,5.367526054382324,5.577435255050659
c1ccc(COc2ccc(C3=NCCN3)cc2)cc1,5.150294303894043,5.519214630126953,5.334754467010498
COc1cc(C(=O)C=CCN(C)C)ccc1OCCCCCNc1c2c(nc3cc(Cl)ccc13)CCCC2,7.144113063812256,4.565231323242188,5.854672193527222
C=C1CCC(CCC=Cc2ccc3c(c2)OCCO3)O1,4.885982036590576,5.59441614151001,5.240199089050293
O=C(c1ccccc1)C(O)c1ccc(OCCCCCCCCNc2c3c(nc4ccccc24)CCCC3)cc1,5.924249649047852,4.959450721740723,5.441850185394287
O=Cc1ccc2oc3cc(O)ccc3c(=O)c2c1,5.296084403991699,5.102187156677246,5.199135780334473
O=C1c2ccccc2-c2nnc(-c3ccc([N+](=O)[O-])cc3)cc21,5.403611660003662,5.912363052368164,5.657987356185913
COc1ccc(-c2cc(=O)oc3c(O)c(O)ccc23)cc1,5.330095291137695,5.272039413452148,5.301067352294922
COc1cc2c3c(c1)c(=O)oc1c3c(cccc3cc12)CCCC3,,,
Cc1cccc(OC(=O)N2c3ccccc3Sc3ccccc32)c1,4.710558891296387,3.668924331665039,4.189741611480713
c1cc2cc(CCCC3CCN(Cc4ccco4)CC3)coc2cc1,,,
COc1ccc2ccc(=O)oc2c1OCCCCCCCCNc1c2c(nc3cc(Cl)ccc13)CCCC2,7.504025459289551,5.217663764953613,6.360844612121582
C#CCNC1CCc2ccc(OCc3ccc(C(C)=O)cc3)cc21,4.545021057128906,7.057329177856445,5.801175117492676
CNC(=O)C=CC(=O)c1ccccc1Oc1ccccc1,7.032974720001221,6.370412349700928,6.701693534851074
O=c1oc2ccc3ccccc3c2cc1CO,4.530725479125977,5.970518589019775,5.250622034072876
O=C1N=c2ccc(OCCCCCCCNc3c4c(nc5ccccc35)CCCC4)cc2=C1CCCC2,,,
CCCCc1c2c(nc3cc(OC)c(OC)cc13)CCCC2,5.426740646362305,4.409733295440674,4.918236970901489
Fc1ccc(C2CC(c3c4ccccc4cc4ccccc34)=NN2)cc1,6.992987632751465,8.254764556884766,7.623876094818115
O=c1oc2ccccc2c2c1oc1ccccc12,5.248795032501221,3.1921401023864746,4.220467567443848
O=C(CCl)Nc1ccc2oc3ccccc3c(=O)c2c1,5.243311882019043,5.331060409545898,5.287186145782471
COc1cc2c3c(oc2cc1OC)CCCC3,5.597340106964111,4.280642986297607,4.938991546630859
CCOc1ccccc1C=CC=CC(=O)C=Cc1ccccc1OC,4.692070960998535,6.349248886108398,5.520659923553467
O=C1Cc2ccccc2Oc2ccc(CCCOc3ccc(Cl)cc3Cl)cc21,4.772181510925293,6.489682674407959,5.630932092666626
CC(=O)c1ccc(OCCCCCCNc2c3c(nc4ccccc24)CCCC3)cc1,7.235213279724121,5.117079734802246,6.176146507263184
CCN(CCCCCCCN=C1CC(=O)C(=NCCCCCCN(CC)Cc2ccccc2OC)CC1=O)Cc1ccccc1,7.524438381195068,4.827588081359863,6.176013231277466
O=C1c2ccccc2CCC1CCN1CCN(C2CCCCC2)CC1,5.305033206939697,4.663363933563232,4.984198570251465
C#CCN(C)Cc1cc2cc(OCc3ccccc3)ccc2n1C,4.428907871246338,7.657023429870605,6.042965650558472
Cc1cccc(C#CC2CC(c3ccccc3)=NN2)n1,6.061586380004883,6.151541709899902,6.106564044952393
c1ccnc(CC2=C3CCCCC3CNC2)c1,4.951638221740723,4.480774879455566,4.7162065505981445
O=c1cnc2cnc(OCc3ccccc3)nc2n1CC1CCCO1,5.277390480041504,6.14231538772583,5.709852933883667
c1ccc(C2=NN(c3ccccc3)CC2c2ccccc2)cc1,5.559582233428955,4.068000316619873,4.813791275024414
COc1cc2c(cc1OC)CC(CC1CCN(Cc3ccccc3)CC1)O2,6.767261028289795,3.6170871257781982,5.192174077033997
COc1cc2c3c(c1)c(=O)oc1c(C)c(O3)cccc13,,,
CCCCC=CCC=CCC=CCC=CCC=CCCCCC(=O)O,5.078917980194092,4.544363498687744,4.811640739440918
O=c1cc(=O)oc2cc(OCc3ccc(Cl)c(Cl)c3)ccc12,,,
CN=C1CCc2c1n(C)c1ccccc21,4.662870407104492,4.914272785186768,4.78857159614563
Oc1occ2ccc(OCCCCCCN3CCC4CCCCC4C3)cc12,6.57392692565918,6.291097640991211,6.432512283325195
O=c1oc2ccccc2cc1=O,,,
Cc1ccc(C(=O)Oc2ccc3c(c2)C2(C)CCN(C)C2N3)cc1,6.012494087219238,5.86802339553833,5.940258741378784
O=C1c2ccccc2OCCC1CN=CCC1CCCCC1,5.753294467926025,5.105883121490479,5.429588794708252
CC(=O)N1N=C(c2ccc(OCCCCCCCCCCCCNc3c4c(nc5ccccc35)CCCC4)cc2)CC1,7.32959508895874,5.757314682006836,6.543454885482788
Cc1ccc(C(=O)NC2=NCCS2)cc1,6.710018157958984,5.271625518798828,5.990821838378906
O=C(NCC1CCCCC1)c1cc2ccccc2oc1=O,6.924658298492432,4.998736381530762,5.961697340011597
C#CCNCc1cccc(OC(=O)NC2CCCCC2)c1,5.194977760314941,4.539461612701416,4.867219686508179
Cc1ccc2c(c1)OC(=O)CC2=CNc1cccc2c1CCC2,5.461919784545898,6.017892837524414,5.739906311035156
CCOc1cc2c(OCC)c(OC)c(OC)cc2cc1Cl,5.768016815185547,4.199106216430664,4.9835615158081055
CCC1=CC2CC1=CC=Cc1cc(OC)c(OC)c(OC)c1O2,5.418850421905518,4.438608169555664,4.928729295730591
NC1CCc2ccc(O)cc2C1,3.5867362022399902,2.620923519134521,3.103829860687256
CCSC1=NC2(CCCCC2)C(=O)S1,8.468320846557617,7.570388317108154,8.019354581832886
CN(C)c1ccc(C=Cc2cc[n+](CCCCC3CCCCC3)nc2)cc1,6.253499507904053,4.90373420715332,5.5786168575286865
c1ccc2c(c1)OCCCC2=NOCCCCCCCNc1c2c(nc3ccccc13)CCCC2,6.783437728881836,4.840854644775391,5.812146186828613
Cc1cc2cc3c(cc2o1)CC(C)CC3=O,5.700185298919678,5.98056697845459,5.840376138687134
Cc1cccc(COc2ccc3c(C)c(C)c(=O)oc3c2)c1,4.736706256866455,8.668201446533203,6.702453851699829
Ic1cccc(CSc2nnc(-c3ccc4c(c3)OCCO4)o2)c1,6.456106662750244,6.950780868530273,6.703443765640259
CC1CCCN(C2CC(c3ccc(F)cc3)c3ccccc32)C1,5.146220684051514,5.707895278930664,5.427057981491089
COc1cc2c(=O)c3ccccc3oc2cc1OC,6.213313102722168,4.358064651489258,5.285688877105713
COc1cc2c(cc1OC)CC(CC1CCN(CCNc3c4c(nc5ccccc35)CCCC4)CC1)O2,7.80135440826416,4.25221061706543,6.026782512664795
CCc1cccc(CC)c1OCCCCCCCCOc1ccc(CCCCNc2c3c(nc4ccccc24)CCCC3)c(O)c1,7.115945816040039,5.340184688568115,6.228065252304077
CCCOc1ccc2c3c(cccc13)C(=O)N(CCNCCO)C2=O,6.155135631561279,5.588748931884766,5.8719422817230225
Cc1c(CCCCCCCCCCCN=CCCCCCN=C(C)C)oc2ccccc12,6.220134258270264,5.800693035125732,6.010413646697998
c1ccc(CC2CNCCS2)cc1,3.962815284729004,3.3242311477661133,3.6435232162475586
COc1cc2c(cc1OC)CCCC2NCCCCCCCCN=C1CCCCC1,6.213830471038818,5.012510299682617,5.613170385360718
O=C(OCC1CCC2C3CC=C4CC(=O)C=CC4(C)C3CCC12C)c1ccc(O)cc1,4.684359550476074,6.5642266273498535,5.624293088912964
N#CCCn1nc(COc2ccccc2)oc1=O,6.250156879425049,5.819819450378418,6.034988164901733
Cc1ccnc2nc3cc(C#CC4CCCCC4)ccc3c(O)c12,6.122622013092041,5.734250068664551,5.928436040878296
CC1=CC=CC2Cc3nc4cc(Cl)ccc4c(N)c3C(C1)C2,6.209167957305908,4.553418159484863,5.381293058395386
O=C1CCc2ccc(OCCCCCCCNc3c4c(nc5ccccc35)CCCC4)cc2N1,7.62590217590332,5.44810152053833,6.537001848220825
CC1CCCC(=NCCCCCCCCNCc2ccc(C(C)(C)C)cc2)C1,6.593761444091797,3.532878875732422,5.063320159912109
c1ccc2c(c1)NNC2=C1CCCCC1,5.269212245941162,5.67565393447876,5.472433090209961
C#CCCCCCOc1ccc2c(=O)c3ccccc3oc2c1,3.56233811378479,6.715149402618408,5.138743758201599
O=C(CF)COc1ccc(Br)cc1OCCCCCCCCNc1c2c(nc3ccccc13)CCCC2,6.711221694946289,5.536048889160156,6.123635292053223
CC=C1CC(=O)Oc2cc(OCc3ccccc3)ccc21,6.205038547515869,7.025957584381104,6.615498065948486
c1ccc(-c2ccc(N3CCCCC3)cc2)cc1,3.769474029541016,4.981052398681641,4.375263214111328
COc1ccc(N2CCN(Cc3ccc(F)cc3)CC2)cc1,4.854737281799316,4.949531078338623,4.90213418006897
CN(C)CCCOc1ccccc1-c1ccccc1,4.274970531463623,3.840210437774658,4.057590484619141
c1ccc2c(CCNc3c4c(nc5ccccc35)CCCC4)coc2c1,6.800015449523926,3.9592325687408447,5.379624009132385
O=C1NCCCC1CC(=O)NC1CCCc2c1cccc21,,,
COc1cc2c(cc1OC)C(=O)C(Oc1ccc(C(=O)C3=NCCN3CCCC3)cc1)C2,,,
CC=CCC=CC=CCC=CCC=CCC=CCC=CCCC(=O)NCC(=O)N(C)C,4.555800437927246,4.638756275177002,4.597278356552124
CN(C)CCCCCCCCCCNc1c2c(nc3ccccc13)CCCC2,7.062232971191406,4.148772716522217,5.6055028438568115
COc1cc2c(cc1OC)C1CCCCC1C(=O)c1ccc(Cl)cc1,,,
C#CCNC1CCc2ccccc2C1,4.269596576690674,5.952800750732422,5.111198663711548
O=C1NCCc2c1[nH]c1cccc(Br)c21,7.171566963195801,5.488095283508301,6.329831123352051
O=c1c2ccccc2on1-c1ccccc1OCCCCCNc1c2c(nc3ccccc13)CCCC2,6.4125566482543945,4.310977458953857,5.361767053604126
Cc1ccc2c(c1)C(=O)c1ccccc1C2=O,4.4001569747924805,6.590634346008301,5.495395660400391
COc1cc(OC)c(OC(=O)N(C)C2CCCC2)cc1Cl,5.903404235839844,4.237561225891113,5.0704827308654785
CCCCCCNC(=O)Oc1cccc(C(=O)c2ccc(Cl)cc2)c1,6.207111835479736,4.768208980560303,5.4876604080200195
O=C(C=Cc1ccc([N+](=O)[O-])cc1)OCC=Cc1ccccc1,4.49448299407959,6.183889389038086,5.339186191558838
O=C1CCc2ccc(OCCCCCCOc3ccc4cccc(-c5ccccc5)c4c3)cc2N1,4.64992618560791,6.764064311981201,5.706995248794556
C=CCOc1cc2cc(C#CCCCCNc3c4c(nc5ccsc35)CCCC4)coc2cc1OC,,,
Cc1nc2ccc(Cl)cc2c(=O)n1CCCCCCCO,5.8953351974487305,6.2567901611328125,6.0760626792907715
O=C(Oc1ccccc1)N1CCc2cc(OCc3ccccc3)ccc21,5.598629474639893,5.514604568481445,5.556617021560669
CC1=CC2Cc3nc4cc(Cl)ccc4c(Nc4ccc(CCCCCCCCNCC(O)COc5ccc(O)cc5)cc4)c3C(C1)C2,6.689267158508301,4.6504435539245605,5.669855356216431
CC(C)=CCNC(=O)C=CC=CC=CCC=CC=CCC=CCC=CCC=CCCCCCNC(=O)c1ccco1,4.774162292480469,5.279632091522217,5.026897192001343
O=C1Oc2cc(OCCCCCCCNc3c4c(nc5ccccc35)CCCC4)ccc2C2CCCC12,6.98029899597168,5.887441158294678,6.433870077133179
CN(C)Cc1ccc(C=CC=Cc2oc3[n+]cccc3c2Cc2ccc(OC(F)F)cc2)o1,5.991844177246094,5.257769584655762,5.624806880950928
O=C1CCc2cc(OCCCCCCCNc3c4c(nc5ccccc35)CCCC4)ccc2N1,7.583569526672363,5.467265605926514,6.5254175662994385
O=C(C#Cc1ccccc1)OC1=CCC2CNCC1C2,5.4359211921691895,4.372174263000488,4.904047727584839
O=c1ccoc2ccc([N+](=O)[O-])cc12,5.204064846038818,5.74969482421875,5.476879835128784
CC(C)C(=O)Nc1ccc2c(c1)C(=O)c1ccccc1C2=O,5.674351215362549,5.79653787612915,5.73544454574585
CC1CC(O)c2cc(OC(=O)C3CCCCC3)ccc21,5.6252970695495605,5.337360858917236,5.481328964233398
Cc1ccc2ccc(OCCOc3ccc4c(C)coc4c3)cc2n1,4.925470352172852,6.97960090637207,5.952535629272461
COc1c2c(nc3ccccc13)CCCC2,5.272508144378662,3.707087516784668,4.489797830581665
Cc1ccc2oc(=O)c(-c3ccccc3O)cc2c1,5.113903045654297,6.133116245269775,5.623509645462036
COc1ccc(C2CCN(Cc3ccsc3)CC2)cc1,4.97894287109375,4.4169769287109375,4.697959899902344
C#CCNCc1coc2ccc(OCc3ccccc3)cc12,3.92932653427124,6.879106521606445,5.404216527938843
Brc1ccc2oc(=O)c(-c3cccc(C=CCCCCN4CCOCC4)c3)cc2c1,4.662773609161377,5.81635332107544,5.239563465118408
N#CCCn1nc(-c2ccc(OCc3ccc(C#N)cc3)cc2)oc1=O,5.524185657501221,7.278422832489014,6.401304244995117
c1csc(CNc2c3c(nc4ccccc24)CCCC3)c1,5.842126846313477,4.052482604980469,4.947304725646973
COc1cccc(COc2ccc3cc(CC(=O)O)c(=O)oc3c2)c1,4.791225910186768,6.382824420928955,5.587025165557861
O=C1CCc2cc(COc3ccc(Br)cc3Cl)ccc21,4.371733665466309,7.886165618896484,6.1289496421813965
C=CCOc1sc2c(OCCCCCc3ccccc3)ncnc2c1C,4.875254154205322,6.814307689666748,5.844780921936035
N#Cc1cnc(NC2CCC(CO)CC2)c2ccccc12,4.916584014892578,5.190021991729736,5.053303003311157
O=C(NCC1CCCN(Cc2ccc(Cl)cc2)C1)c1cccnc1,5.924776077270508,3.437391757965088,4.681083917617798
O=C(C=CC=Cc1ccccc1OCc1cccc(Cl)c1)NCC(O)CO,3.379912137985229,6.055246353149414,4.717579245567322
Cc1cc(C2CCN(Cc3ccccc3)CC2)n[nH]1,5.268345832824707,3.924407958984375,4.596376895904541
Fc1ccc(-c2nc3cnccn3c2-c2ccc3[nH]ccc3c2)cc1,5.570895195007324,5.856822490692139,5.7138588428497314
O=[N+]([O-])c1ccc(-c2nc(-c3ccc(F)cc3)c(-c3ccncc3)[nH]2)cc1,5.698388576507568,5.5756707191467285,5.637029647827148
O=C1CCc2cc(OCCCCCCNc3c4c(nc5ccccc35)CCCC4)ccc21,7.778197765350342,5.334210395812988,6.556204080581665
O=C(CCCCCCNc1c2c(nc3cc(Cl)cc(Cl)c13)CCCC2)NCC1CCCCC1,8.99250316619873,4.15924882888794,6.575875997543335
Cc1ccc2cc(Cc3cccc(Cl)c3)c(O)nc2c1,5.080968856811523,5.719626426696777,5.40029764175415
CC(C)=CCN(C)Cc1c2cc3c(cc2nc2ccccc12)OCO3,5.124828815460205,4.694085597991943,4.909457206726074
O=C1NC(=O)c2cc(OCCCCCCCCCCCCNc3c4c(nc5ccccc35)CCCC4)ccc21,7.948612213134766,6.291495323181152,7.120053768157959
O=c1[nH]c2ccccc2c(=O)o1,6.41085958480835,5.652246475219727,6.031553030014038
C#CCN(C)Cc1cc2cc(OCCC3CCN(Cc4ccccc4)CC3)ccc2n1C,6.383630275726318,5.55838680267334,5.971008539199829
Cc1c2cc(=O)oc2c(CCN2CCCCC2)c2ccoc12,,,
CC1CCN(CCCC(c2cccc(OCCCN3CCCCC3)c2)CC1,,,
C=CCc1cccc(C=NNc2ccc(C(=O)O)cc2)c1,5.148412704467773,5.354135513305664,5.251274108886719
O=c1ccsc1C=C1CCCCC1,,,
CCC(=O)Cc1c2cc3c(cc2c(C)c2c1OC2C)OCO3,5.783838748931885,5.182740688323975,5.48328971862793
C#Cc1cc2c(cc1OC)-c1[nH]nc(C)c1CC2,5.224287033081055,6.123455047607422,5.673871040344238
CC(=O)NC1=C2CCC=C2N=C1OCCCCCCCC(=O)Oc1ccc(CC(=O)O)c(Cl)c1,5.552761554718018,5.626140117645264,5.589450836181641
COc1cccc(-c2c[nH]c3cc(OC)ccc23)c1,4.36742115020752,5.978408336639404,5.172914743423462
O=C1Cc2ccccc2C2(CCN(Cc3cccc(C(F)(F)F)c3)CC2)O1,6.067897319793701,5.472716808319092,5.7703070640563965
O=C1CCCc2cc(OCc3cccc(F)c3)ccc21,4.460261344909668,7.650054454803467,6.055157899856567
CNC(=O)Oc1ccc2c(c1)C1(C)CC[N+](C)=C1N2C,7.125234603881836,5.103140830993652,6.114187717437744
O=c1ccoc2cc(OCc3cccc(Cl)c3)ccc12,3.996037006378174,7.221095561981201,5.6085662841796875
CC(C)=CCNC1=C2CC(C)CCC2C2CCC3(C)C(CCCCCC3CC(C)(C)O)C12,5.331330299377441,4.619694232940674,4.975512266159058
COc1cc2c(cc1OC)C1=C(CCN1CCCC1)CC2,,,
Cc1cccc(C=CCc2cc[n+](C)cc2)c1,4.215625762939453,3.873745918273926,4.0446858406066895
CC1COc2c(COc3cccc4sccc34)coc2C1,5.150293827056885,5.505181789398193,5.327737808227539
COc1cccc2cc(C(=O)NC3CCCCC3)c(=O)oc12,5.954328536987305,5.269365787506104,5.611847162246704
Fc1ccc(-c2nc3cc(C#CCCCCNc4c5c(nc6ccccc46)CCCC5)csc2c3)cc1,6.841787338256836,6.017461776733398,6.429624557495117
CN1CCN(Cc2ccc(OCc3cccc(Cl)c3)cc2)CC1,4.896198272705078,4.7190141677856445,4.807606220245361
O=Coc1ccc2cc(OCCCCc3noc4ccccc34)ccc2c1,,,
COc1cc2c(cc1OC)C(=O)C(=Cc1ccc3c(c1)OCO3)C2=O,6.8571977615356445,5.880731105804443,6.368964433670044
C#CCNC1CCc2cc(OCCCCCCC3CCN(Cc4ccccc4)CC3)ccc21,6.054045677185059,5.330914497375488,5.692480087280273
NC(=O)OCC1CCC2C3CC=C4CC(=O)C=CC4(C)C3(F)C(O)CC21C,4.555205345153809,8.398235321044922,6.476720333099365
CC#CCNCCOCCOc1ccccc1,4.5077056884765625,6.447393417358398,5.4775495529174805
Clc1ccc2c(c1)Oc1ccccc1-2C1CCCC1,,,
Cc1cc2cc(C#N)c(NCCCCCCCNc3c4c(nc5ccccc35)CCCC4)nc2o1,8.332035064697266,5.053843975067139,6.692939519882202
CCCc1c2c(nc3cc(Cl)ccc13)-c1ccccc1CC2,4.956498622894287,4.862059593200684,4.909279108047485
CCN(CCCCCCCN=C1CC(=O)C(=NCCCCCCN(CC)Cc2ccccc2OC)CC1=O)CCCCN=C(C)C,7.65153694152832,5.240543842315674,6.446040391921997
O=C1CCc2cc(OCc3cccc(Cl)c3)ccc21,4.523996353149414,8.003597259521484,6.263796806335449
Cc1cccc(C)c1OCC(=O)Nc1cccc2cccnc12,5.344364643096924,5.017987251281738,5.181175947189331
Cc1oc2cc(OCCCCCCCNc3c4c(nc5ccccc35)CCCC4)ccc2c1C(=O)c1ccccc1,6.491781234741211,4.683720588684082,5.5877509117126465
C#CCNC1CCc2cccc(OCCCCCCCCNc3c4c(nc5ccccc35)CCCC4)c21,6.430610656738281,5.37869119644165,5.904650926589966
CCC(=O)C=C1CC(=O)Oc2cc(OCc3cccc(Cl)c3)ccc21,4.08245849609375,6.675639152526856,5.379048824310303
O=C1Cc2c(OCCCCCCNc3c4c(nc5ccccc35)CCCC4)cccc2N1,7.776574611663818,4.904707908630371,6.340641260147095
Cc1cccc(CCCCCCCCCCNc2c3c(nc4ccccc24)CCCC3)c1,7.363957405090332,4.535140037536621,5.949548721313477
CC(=O)N1CCC(COCc2ccc(CCC(=O)O)cc2)CC1,5.316154479980469,4.565715789794922,4.940935134887695
COc1ccc(C(=O)OC(CO)COc2ccc(C(C)=O)cc2)cc1,4.670166015625,5.575869560241699,5.12301778793335
O=C1Oc2ccc(OCCCCCCNc3c4c(nc5cc(Cl)ccc35)CCCC4)cc2C2CCCCC21,7.113533973693848,6.001504421234131,6.557519197463989
Cc1c(C)c2ccc(OCC(=O)N3CCN(Cc4ccc(F)cc4)CC3)cc2oc1=O,6.008650779724121,6.159846782684326,6.084248781204224
O=c1ccoc2ccc(OCCCCCNc3c4c(nc5ccccc35)CCCC4)cc12,6.851408004760742,4.945126056671143,5.898267030715942
COc1cc2oc3cc(O)c(O)cc3c(=O)c2cc1OC,5.91102409362793,3.9927244186401367,4.951874256134033
Brc1ccc2c(c1)OC(C1CCCCC1)CN2,4.71230936050415,6.351413249969482,5.531861305236816
Cc1ccc(CCc2ccc3c(C)cc(C)nc3c2)cc1,5.082674026489258,6.065053939819336,5.573863983154297
Cc1ccc(Cn2c3c(c4ccccc42)C(=O)CCC3)cc1,5.3555684089660645,4.874151706695557,5.1148600578308105
c1ccc2c(c1)ccc1c3c2CCCCC32=NCCCCCCCCNCCCCCCNc3c4c(nc5ccccc35)CCCC4)C1,,,
COc1cc2c(cc1OC)C1CCCCC1C(=O)C2,5.085362911224365,5.880108833312988,5.482735872268677
CCC1(O)CC2CCCCC2C1=CC=C1CCCC1O,4.500723838806152,6.3214311599731445,5.411077499389648
CCCCCCOc1ccc2c(=O)c3ccccc3oc2c1,3.735879898071289,5.7122063636779785,4.724043130874634
N#Cc1ccc(C(=O)CCCCCCCCCNc2c3c(nc4ccccc24)CCCC3)o1,7.884214401245117,5.124134063720703,6.50417423248291
COc1cc2c(cc1OC)C1CCCCC1C(=Cc1ccc(N(C)C)cc1)C2,5.121964454650879,5.6399664878845215,5.3809654712677
CC(=O)c1cc2cc(OCC3CCCCC3)ccc2oc1=O,6.138740539550781,6.211630344390869,6.175185441970825
Cc1oc2cc(C#CCCCN3CCCCC3)ccc2c1CO,6.089353084564209,4.738749980926514,5.414051532745361
Clc1ccc(C2CC(c3c4ccccc4cc4ccccc34)=NN2)cc1,6.776525020599365,8.193714141845703,7.485119581222534
FC(F)(F)c1ccc2c(C3=NN=CCS3)c[nH]c2c1,6.60894250869751,5.790806770324707,6.199874639511108
COc1cc2c(cc1O)Cc1c-2oc2cc(O)ccc12,5.397399425506592,4.357572078704834,4.877485752105713
O=C1NCCc2c1oc1ccc(Oc3ccccc3)cc21,7.353750228881836,4.61610221862793,5.984926223754883
COc1ccc(C2CC(c3c4ccccc4cc4ccccc34)=NN2)cc1,6.800415992736816,7.829558372497559,7.3149871826171875
Fc1ccc(-c2coc3cc(OCCCN4CCCCC4)ccc3c2=O)cc1,5.6761088371276855,5.918562889099121,5.797335863113403
Fc1cccc(-c2csc(NN=Cc3c[nH]c4ccccc34)n2)c1,5.421247005462647,5.437704086303711,5.429475545883179
N#CCCCC1CCCOc2cc(OCc3ccccc3)ccc21,4.271827220916748,6.057154178619385,5.164490699768066
Nc1ccc(C=CC=CC=Cc2ccccc2)cc1,4.048566818237305,6.4896745681762695,5.269120693206787
COc1cc2c(cc1OC)C(=O)C=CC2=O,6.879719257354736,5.608450412750244,6.24408483505249
Cc1c2c(nc3ccccc13)C1CCCCC1C3=NO,,,
COc1cc2c(cc1OC)C(=O)C(=Cc1ccc(OCCN(C)C)cc1)OC2,5.220978736877441,5.579339504241943,5.400159120559692
COc1cc2c(cc1F)C(=O)C(CCN1CCCN(CCc3ccc([N+](=O)[O-])cc3)CC1)C2,6.28194522857666,5.324253082275391,5.803099155426025
O=C1CCc2ccc(OCCCCCCNc3c4c(nc5ccccc35)CCCC4)nc2N1,7.731549263000488,5.244260787963867,6.487905025482178
O=C1CCc2cc(OCCCCNc3c4c(nc5ccccc35)CCCC4)ccc21,7.673308849334717,5.1475138664245605,6.410411357879639
CCOc1ccc2c3ccoc3c(C)cccc3c(=O)c3cccc12,5.241108417510986,7.0038676261901855,6.122488021850586
COc1cc2c(cc1OC)C(=O)C(Oc1ccc(C(C)=O)cc1)C2,7.102496147155762,4.8031110763549805,5.952803611755371
COc1cc2c(cc1OC)C(=O)C(Oc1ccc(C#N)cc1)C2,6.351208686828613,4.986063957214356,5.668636322021484
CCOc1cc2c(cc1OC)CCCC2NCC=C1CCCCC1,5.110386371612549,4.602908134460449,4.856647253036499
O=C(NCCCCCCCCCCCCNc1c2c(nc3cc(Cl)ccc13)CCCC2)c1cc(=O)c2cc(O)ccc2o1,8.878778457641602,5.171209335327148,7.024993896484375
c1ccc(C2=NN=C(NC3CCCCC3)SC2)cc1,5.4377121925354,5.951868057250977,5.6947901248931885
O=c1oc2ccccc2cc1-c1csc2ccccc12,4.954538345336914,5.145906925201416,5.050222635269165
CNC(=O)c1cc2cc(OCc3ccccc3)ccc2oc1=O,7.981741428375244,7.0427775382995605,7.512259483337402
O=C1CCc2ccc(OCCCCc3cccnc3)cc2N1,5.199682712554932,6.502189159393311,5.850935935974121
Cc1cc(C)c2oc(=O)c(CN(C)C)cc2c1,5.301918983459473,5.928237915039063,5.615078449249268
CC(C)CC(=O)Nc1ccc2c(c1)OCCO2,4.870540142059326,5.145474433898926,5.008007287979126
O=Cc1csc(COc2ccccc2Cl)c1,4.66965913772583,6.307064056396484,5.488361597061157
O=C(CF)Nc1c2c(nc3ccccc13)CCCC2,5.661168575286865,4.288523674011231,4.974846124649048
CCc1cccc(NC(=O)c2sc3nc(C)ccc3c2N)c1,6.153298377990723,4.829692363739014,5.491495370864868
COc1cc2c(c3ccc(OCCCN4CCCCC4)cc3n1)C(=O)C32,,,
O=[N+]([O-])c1ccc(CC2NC3c4ccccc4CC3O2)cc1,5.657399654388428,6.471281051635742,6.064340353012085
O=C1NC2c3cc(Cl)ccc3OC2CCCCCCCNC1=O,3.494739532470703,6.280768394470215,4.887753963470459
Cc1c2ccc(O)cc2nn1-c1ccc(F)cc1,5.938331127166748,5.256699562072754,5.597515344619751
Cn1c(=O)c2c(-c3ccccc3)oc3ccccc3c2n(C)c1=O,,,
COc1cc2c(cc1OC)C(=O)C(Cc1cccc(F)c1)C2,6.423253059387207,5.54941463470459,5.986333847045898
O=C1C=CC(=O)c2cc(OCc3cc(F)ccc3F)ccc21,4.837935924530029,7.903075218200684,6.3705055713653564
O=c1c2c3c(ccc2oc2ccccc12)OCCO3,5.636410236358643,3.462501049041748,4.549455642700195
Cc1ccc2c(NCCCCCCCNc3c4c(nc5ccccc35)CCCC4)cc(C)nc2c1,8.771997451782227,4.340572357177734,6.5562849044799805
CCn1c2ccc(OCCCCCN3CCN(C)CC3)cc2c2ccccc21,6.161606311798096,4.867589950561523,5.51459813117981
c1ccc(CCN=C(NC2CCCCC2)OCCOc2coc3ccccc3c2=O)cc1,5.437592029571533,5.568432331085205,5.503012180328369
COc1cc2c(cc1NC(=O)c1ccc(O)c(Cl)c1)oc1ccccc12,6.164472579956055,5.114763259887695,5.639617919921875
CN1CC=C2CNC(=O)CC(C3=CCCCC3)O2,,,
NC1CCC(Nc2nc(=O)c3ccccc3n2)CC1,,,
Cc1ccccc1NC(=O)c1cc2ccccc2oc1=O,6.630602836608887,5.506762027740479,6.068682432174683
CC(=CC=CC(O)=NO)c1cccc(OCc2ccc3oc(=O)[nH]c3c2)c1,4.552238464355469,6.129833221435547,5.341035842895508
Cn1c2ccccc2c2cc(CCN3CCN(c4ccccn4)CC3)ccc21,5.289994716644287,5.08061408996582,5.185304403305054
O=C(O)c1ccc(C=CCN2CCc3ccccc3C2)c(F)c1,4.644838333129883,5.530171871185303,5.087505102157593
COC(=O)c1ccc2oc3ccccc3c(=O)c2c1,4.913498878479004,4.629535675048828,4.771517276763916
O=C1c2ccccc2CCC1COc1ccc2c(c1)OCO2,5.867002487182617,6.025037288665772,5.946019887924194
O=C1OC(=O)c2c1c1c3ccccc3[nH]c1c1[nH]c3ccccc3c21,5.894712924957275,4.952638626098633,5.423675775527954
FC(F)(F)c1ccc2c(c1)-c1cccc3onc(N)c13,,,
Clc1ccc2c(c1)N=C(NOCCCCCCNc1c3c(nc4ccccc14)CCCC3)CCC2,7.356738567352295,4.847070217132568,6.101904392242432
O=c1cc2oc3cc(O)ccc3c2oc2cc(O)ccc12,,,
N#CCCCCCCCCCCCCNc1c2c(nc3ccccc13)CCCC2,6.833174228668213,5.089137554168701,5.961155891418457
COc1cc(=O)oc2c3c(cccc13)CC2,,,
Cc1ccc2c(=O)c3cc(C(=O)OCCCCCCNc4c5c(nc6ccccc46)CCCC5)c(O)cc3oc2c1,7.242473125457764,4.715466976165772,5.978970050811768
C#CCN(C)Cc1cc2cc(OCCCC3CCN(Cc4ccccc4)CC3)ccc2n1C,6.455060958862305,5.637757778167725,6.046409368515015
N#Cc1ccc2oc(C(=O)NCCCCCCCCCCCCNc3c4c(nc5ccccc35)CCCC4)c(CCN3CCCCC3)cc2c1,,,
Cc1ccc(CSC(=N)N)cc1,5.35677433013916,5.822481632232666,5.589627981185913
Cc1c2cc3c(-c4ccc(O)c(Br)c4)oc3nc2nn1C,,,
O=C1c2ccccc2C(=O)C1c1coc2ccc(O)cc12,6.742547988891602,5.352654933929443,6.0476014614105225
COc1ccc2c(c1)C(=O)C(=O)C2=NNc1ccccc1,6.509397506713867,4.94202995300293,5.725713729858398
O=C1Cc2cc(OCCCCCNc3c4c(nc5ccccc35)CCCC4)ccc2N1,7.7753753662109375,5.161965847015381,6.468670606613159
Fc1ccc2c(c1)CCC2=Cc1ccccc1,4.121717929840088,6.477044105529785,5.2993810176849365
COc1ccc(C(=O)OCCOc2ccccc2)cc1,4.75673770904541,5.82039213180542,5.288564920425415
CC(C)=CCOC(=O)Cc1cc(OCCc2ccccc2)ccc1OCCCCC(=O)O,4.581767082214356,5.789839744567871,5.185803413391113
O=C1C(=Cc2ccc(O)c(O)c2)oc2ccccc21,6.209031581878662,6.25372314453125,6.231377363204956
O=C1CCCc2cc(OCCCC3CCN(Cc4ccccc4)CC3)ccc21,6.655505180358887,4.96146821975708,5.808486700057983
CC(=O)OCC1OC(=O)CC1Oc1ccc(C)cc1,3.7959794998168954,4.726518154144287,4.261248826980591
COc1cccc2c1NC(=O)C2=O,5.310725688934326,4.976963520050049,5.1438446044921875
O=C1c2ccccc2S(=O)(=O)c2ccc([N+](=O)[O-])cc21,5.406121253967285,6.372133255004883,5.889127254486084
O=C1Cc2cc(OCc3ccc(F)cc3)ccc2OC1=O,4.394501209259033,7.887245178222656,6.140873193740845
Oc1occ2ccc(OCCCCN3CCC(c4ccccc4)CC3)cc12,5.230462551116943,5.9976301193237305,5.614046335220337
Cc1ccc2nc(C3CC3)nc(NCCc3ccccc3)c2c1,6.133852005004883,5.0752692222595215,5.604560613632202
CN(C)c1ccc(C2CC3CCC(C2)N3CCCC=CCCCCCCNc3c4c(nc5ccccc35)CCCC4)C3=O)cc1,,,
Cc1ccc2c3c1OC1C(=O)c4ccccc4C3=O,,,
Cc1cccc(CNC(=O)COc2cccc(C3=NCCN3)c2)c1,5.323371887207031,4.556915760040283,4.940143823623657
CNC(=O)C=Cc1cc2cc([N+](=O)[O-])ccc2nc1O,5.603485584259033,5.804312229156494,5.703898906707764
Cc1ccccc1NC(=O)Oc1ccc2c(c1)C1(C)CCOC1O2,6.729134559631348,5.040712833404541,5.884923696517944
COc1cccc(C(=O)C=CCN2CCCCC2)c1,4.717358112335205,4.325187683105469,4.521272897720337
Clc1ccc(C2CC(c3c4ccccc4cc4ccccc34)=NN2)cc1,6.776525020599365,8.193714141845703,7.485119581222534
COc1cccc2c1C(=O)c1c(O)c3c(c(O)c1C2=O)CC(O)(C(=O)CO)CC3OC1CC(O)C(O)C(O)C3O,,,
Nc1ccc2c(c1)C(=O)C=CC2=O,5.777755737304688,6.65177583694458,6.214765787124634
CCN(CC=CCOCc1ccc(Cl)cc1)CCCN=C(C)C,5.7815704345703125,4.647704124450684,5.214637279510498
CCN(CCNC(=O)Cc1csc2ccccc12)C(C)=O,4.689143657684326,5.170343399047852,4.929743528366089
c1ccc(COc2ccc(CCNc3nc4c(-c5nccs5)cccc4s3)cc2)cc1,5.47071647644043,5.7741570472717285,5.622436761856079
CC(C)Oc1ccc(C2CC(=O)Oc3cc(C)ccc32)cc1,5.733370780944824,4.9889068603515625,5.361138820648193
CCCCCCCCCCCn1cc[n+](CCCCCCCCN)c1,5.722768306732178,5.47728157043457,5.600024938583374
O=c1c2ccccc2ccc1COc1ccc(C2=NCCO2)cc1,,,
CN=C1CCCc2c1[nH]c1ccccc21,4.783346176147461,5.267470836639404,5.025408506393433
COc1cc2c(cc1OC)C(=O)C(Oc1ccc(CN3CCCCC3)cc1)C2,6.721803188323975,4.542294502258301,5.632048845291138
OC(COc1cncc(CCc2ccccc2)c1)CN1CCCC1,4.660084247589111,4.484251976013184,4.5721681118011475
CN=C1CCc2cc(OC)c3cc(OC(=O)N(C)C)ccc3nc21,,,
c1ccc(N=C2CCCCN2)cc1,4.325189590454102,4.907163619995117,4.616176605224609
Cc1sc2c3c(cccc13)C(=O)c1ccccc1C2=O,5.130361557006836,5.044433116912842,5.087397336959839
COC(=O)c1cc2cc(OC)ccc2oc1=O,5.331464767456055,5.253707885742188,5.292586326599121
CC(=O)c1cccc(NC(=O)N=C2CCCCCC2=O)c1,5.950608730316162,5.808155059814453,5.879381895065308
O=C(NCCc1ccccc1)c1ccc2c(c1)nc(O)c1ccccc12,5.780614852905273,5.807321071624756,5.793967962265015
COC(=O)C=CC(=O)c1ccc2c(c1)OCO2,3.7219796180725098,5.283257484436035,4.5026185512542725
O=C1NC(=O)C(c2c[nH]c3ccccc23)=C1c1c[nH]c2ccccc12,4.763095378875732,5.914722442626953,5.338908910751343
N#Cc1ccc(-c2ccsc2)cc1Cl,3.6648263931274414,6.848471164703369,5.256648778915405
COc1cc2c(cc1OC)C(=O)C(CC1CCN(Cc3ccccc3)CC1)C2,7.634812831878662,4.137218475341797,5.8860156536102295
Cc1ccccc1OCC(=O)Nc1cccc2cccnc12,5.033412933349609,4.894101619720459,4.963757276535034
O=C(CCCl)c1cc2cc(OCCC3CCN(Cc4ccccc4)CC3)ccc2o1,6.926165580749512,4.945768356323242,5.935966968536377
CN(C)CCC=CCCCCCNc1c2c(nc3ccccc13)CCCC2,7.273888111114502,3.6915435791015625,5.482715845108032
Nc1ccc(C(=O)c2cc3ccccc3oc2=O)c(Cl)c1,5.6575236320495605,4.626796245574951,5.142159938812256
O=C(NCCCCCCCNc1c2c(nc3cc(Cl)ccc13)CCCC2)c1ccc(F)cc1,8.952631950378418,4.7314887046813965,6.842060327529907
O=C1c2ccccc2-c2cccc(CCCC3CCN(Cc4ccccc4)CC3)c21,6.293819904327393,3.986450672149658,5.140135288238525
NC(=O)Oc1ccc2c(c1)C1(C)CCOC1N2C,6.020345211029053,5.947820663452148,5.984082937240601
CC(=O)N1N=C(c2ccc(OCc3cccc(Cl)c3)cc2)CC1C,6.498222827911377,6.652865409851074,6.575544118881226
COC1=CC=CC=CCC=CCC=CCC=CCCC(O)C(C)C(O)C(C)C(O)C=O,,,
O=c1ccoc2ccc(OCc3ccc(Cl)cc3)cc12,3.9864964485168457,7.444510459899902,5.715503454208374
CC(C)=CCN1CCC2(C)c3cc(O)ccc3CC1C2C,5.547050476074219,5.277956962585449,5.412503719329834
CCc1c2c(n3cc(C)c(C)cc3c1)CCCC2=O,,,
CSc1ccc2cc(CCNCCCCCCCCNc3c4c(nc5ccccc35)CCCC4)ccc2c1,7.338120937347412,4.419173240661621,5.878647089004517
CC(=NNC(=O)c1ccc(Cl)s1)c1cccc(Br)c1,5.358248233795166,5.648250102996826,5.503249168395996
CC1=NOC(=O)C1=Cc1ccc(OCCCCCc2ccc(C)cc2)cc1,4.907530307769775,7.213967800140381,6.060749053955078
CN=c1scc(-c2ccccc2F)n1N=Cc1ccc2c(c1)OCO2,6.118846416473389,5.160698413848877,5.639772415161133
CCN(CC)CCCCCCCCCCNc1c2c(nc3ccccc13)CCCC2,8.159505844116211,4.460123538970947,6.309814691543579
O=S(=O)(c1cccc(Cl)c1)N1CCc2ccccc21,4.994429588317871,4.213691711425781,4.604060649871826
CCN1CCN(c2ccc(C(=O)SC)cc2Cl)CC1,5.016852855682373,4.534308433532715,4.775580644607544
Cc1sc2cc(OCCCCCN3CCCC3)ccc2c1C,6.310353755950928,5.785876274108887,6.048115015029907
O=C(C=Cc1ccco1)NC1CCCC(C(=O)CCCN=C(N)N)C1,4.4268341064453125,5.818991661071777,5.122912883758545
CC(C)=CCc1ccc2oc3cc(O)ccc3c(=O)c2c1,4.853579998016357,5.05583381652832,4.954706907272339
CC(C)=C1CC(CO)(COC(=O)c2ccccc2C)OC1=O,3.8641767501831055,5.471220970153809,4.667698860168457
c1ccc(C2=NCC3CCCCC3O2)cc1,5.119163036346436,5.445670127868652,5.282416582107544
O=C(CCC1CCN(Cc2ccccc2)CC1)c1cc2cc(F)ccc2oc1=O,7.594794750213623,4.950082778930664,6.2724387645721436
COc1ccc(-c2ccc3c(=O)oc4ccccc4c3c2)cc1,4.976799964904785,6.563198089599609,5.769999027252197
Cc1ccccc1-c1csc2c(CN3CCCCC3)cncc12,5.471922874450684,4.583661079406738,5.027791976928711
CC=CC(=O)c1ccc2c(c1)C(=NN)C(CCCCCNc1c3c(nc4ccccc14)CCCC3)C2=O,7.741145133972168,4.973988056182861,6.357566595077515
COc1cc2cc3c(OC)cc(OC)cc3cc2cc1OC,5.184397220611572,5.794398307800293,5.489397764205933
Cc1ccc(-c2csc(NN=C3CCCCC3)n2)cc1,5.563350200653076,6.362776756286621,5.963063478469849
CCOC(=O)c1c(C#N)c(C)c(C)n1CCc1ccccc1,5.606804847717285,5.892264366149902,5.749534606933594
C=CCOc1cccc(C=NNc2c3c(nc4ccccc24)CCCC3)c1O,6.173141479492188,5.321495532989502,5.747318506240845
Fc1ccc(-c2cc3c(-c4ccccc4)[nH]nc3s2)cc1,5.384552478790283,5.643462657928467,5.514007568359375
C#Cc1ccccc1OCC(O)CN,3.48840856552124,5.825620651245117,4.657014608383179
CCN(CC)C(=O)C=CC=Cc1ccc2c(c1)OCO2,4.411983489990234,5.903685569763184,5.157834529876709
COc1cc2c(cc1OC)C(=O)C(Oc1ccc(Cl)cc1Cl)C2,6.34177303314209,5.3564276695251465,5.849100351333618
CSc1nc(O)c2cnn(CCC(C)C)c2n1,4.605710983276367,7.073085784912109,5.839398384094238
O=C1CCCc2cc(OCc3cccc(Cl)c3)ccc21,4.159873962402344,7.465420722961426,5.812647342681885
C#CCNC1CCc2cc(OCCCCCCNc3c4c(nc5ccccc35)CCCC4)ccc21,6.426595211029053,5.564805030822754,5.995700120925903
C#CCNCc1coc2cc(OCc3cccc(Cl)c3)ccc12,3.926964521408081,6.98642110824585,5.456692814826965
c1coc(C2CN3CCCC3c3cc4oc5ccccc5c4c32)c1,,,
CC(=O)C1CCC2C3C=CC4CC(O)CCC4(C)C3CCC12C,4.516799449920654,7.179831981658936,5.848315715789795
CCC=C1CN2CCC1CC2C(O)c1ccnc2ccc(OCC)cc12,5.0107245445251465,6.0420355796813965,5.5263800621032715
Cc1cc(=O)oc2cc(OCCCc3cccc(Cl)c3)ccc12,4.499958038330078,7.219116687774658,5.859537363052368
Cc1ccc2[nH]c3c(cc(O)c4ccccc43)c2c1,5.258343696594238,6.706814289093018,5.982578992843628
Cc1c2ccccc2[n+](C)c2c1oc1ccccc12,4.631291389465332,3.8478775024414062,4.239584445953369
C#CC1(O)CCC2C3CC=C4CC(=O)CCC4C3CCC21C,4.840851783752441,8.654412269592285,6.747632026672363
COc1cc2c(cc1OC)C(=O)C(Oc1ccc(CCC#N)cc1)C2,6.416997909545898,5.076229095458984,5.746613502502441
CN(C)CCCCCCCCOCCOCCOCCN=C1CCCCC1,5.676475524902344,6.522597312927246,6.099536418914795
CNC(=O)C=Cc1cc2ccccc2cc1O,4.49105978012085,7.421323776245117,5.956191778182983
COc1cc(=O)oc2cc(OCc3cccc(Cl)c3)ccc12,4.760396957397461,7.15194845199585,5.956172704696655
COc1cccc(NCCNC(C)CO)c1,2.876562118530273,4.963518142700195,3.9200401306152344
CC(=O)OC=C1CCN(Cc2ccc(Cl)cc2)CC1,4.59454345703125,4.038485527038574,4.316514492034912
COc1ccc2c(c1)c(C=CC(=O)c1cccc([N+](=O)[O-])c1)c(C)n2C,5.597158908843994,5.907866954803467,5.7525129318237305
O=C1NC(=O)C(=Cc2cc3cc(OCCCc4ccccc4)ccc3n2CCCCN2CCCCCC2)C(=O)N1,6.591341972351074,5.7579731941223145,6.174657583236694
COc1cc2c(cc1OC)C(=O)C(Oc1ccc(Cl)cc1)C2,6.5685319900512695,5.1559157371521,5.862223863601685
Oc1occ2c1CCCC2=CCCCCCCCCNc1c2c(nc3ccccc13)CCCC2,7.583886623382568,5.222940444946289,6.403413534164429
O=C1Cc2ccccc2C(=O)C1F,6.093254089355469,5.524357318878174,5.808805704116821
Cc1ccccc1OCC(=O)NCc1ccc2c(c1)OCO2,5.279971599578857,5.0728840827941895,5.176427841186523
COc1ccc(OCc2cccc(Br)c2)c(C(=O)OC)c1,4.155846118927002,5.823107719421387,4.989476919174194
O=C1C=CC(=O)c2cc(OCc3ccccc3)ccc21,5.110429763793945,7.790519714355469,6.450474739074707
CC1CC(=O)c2cnc3ccc(C(=O)Nc4cccc(Cl)c4)cc3c2C1,5.926537990570068,6.041359901428223,5.9839489459991455
O=C(C=Cc1cccnc1)c1ccc(OCCN2CCOCC2)cc1O,4.135742664337158,5.928869724273682,5.03230619430542
Nc1c2c(nc3ncccc13)CCCC2,5.857064247131348,2.9213051795959477,4.3891847133636475
O=C1CCc2ccc(OCCCCCNc3c4c(nc5cc(F)ccc35)CCCC4)cc2N1,8.11450481414795,5.492077350616455,6.803291082382202
Fc1ccc(CNC2CCC(C(=Cc3cccs3)CC2)c=O)cc1,,,
NC(=O)CNCC1CCC(c2coc3cc(Cl)ccc3c2=O)CC1,4.60059118270874,4.998930931091309,4.799761056900024
CN=C1CCc2c1oc1ccc(OC)cc21,4.706477165222168,5.28880500793457,4.997641086578369
O=C1NC(=O)c2cc(OCCCCCCCCCNc3c4c(nc5ccccc35)CCCC4)ccc21,8.12973403930664,6.113667011260986,7.1217005252838135
O=C1CCCc2cc(OCc3ccc(Cl)cc3)ccc21,3.886667728424072,7.479969501495361,5.683318614959717
Nc1ccc2c3c(c(C(=O)O)c2c1)CCCC3,,,
N#Cc1ccc(OCc2cccc(Cl)c2)cc1C#N,3.706528663635254,7.958672523498535,5.8326005935668945
CN1N=CC(C)C2CCCCC2C1=CC=Cc1ccccc1,5.339168548583984,5.899826049804688,5.619497299194336
O=C1c2ccccc2C2=CCCCCC2=NNCCCCCCNCCCCCCNC2=CCCCC2)C1,,,
O=C1OCCCC1=CC=CCC=Cc1cccc(CCCCc2ccccc2)c1,4.343106746673584,5.736889362335205,5.0399980545043945
O=C1c2ccccc2C(=O)N1CCCCCCCNc1c2c(nc3cc(Cl)ccc13)CCCC2,8.691909790039062,5.013530731201172,6.852720260620117
CNCc1cccc2c1OC(=O)C2=NNC(=O)c1ccc(Cl)cc1,5.325553894042969,4.834828853607178,5.080191373825073
O=C(O)C=CCC(=O)CCl,0.6236629486083984,5.03631591796875,2.829989433288574
C[N+](C)=C1CC(=O)Oc2cc(OCc3ccc(Cl)cc3)ccc21,4.960902214050293,7.1355695724487305,6.048235893249512
CC(=O)c1ccc(OCc2cccc(F)c2)cc1OCCCCCCCN(C)C,5.242358207702637,6.179704189300537,5.711031198501587
O=C1c2ccccc2C(=O)C1c1ccccc1,5.992517948150635,5.503373146057129,5.747945547103882
O=C(C=Cc1ccccc1)Oc1ccc2c(c1)OCO2,6.26727294921875,6.012733459472656,6.140003204345703
CC1=NOC(=O)C1=Cc1c[nH]c2cccc(Br)c12,5.834186553955078,6.438274383544922,6.13623046875
O=C1Cc2cccc3cc(OCCCCCCNc4c5c(nc6ccccc46)CCCC5)ccc1c23,,,
O=C1CCc2ccc(OCc3ccccc3)cc2N1,4.456296920776367,6.731500148773193,5.59389853477478
COc1ccc(OC)c(C=Cc2ccc3cccc(O)c3n2)c1,4.472957134246826,5.393637657165527,4.933297395706177
O=c1cc(OCc2ccccc2)c2ccc(OCCCCN3CCCCC3)cc2o1,5.657400608062744,5.66093111038208,5.659165859222412
CCCCCCCCCCC=Cc1cc(O)c2c(c1)OC(C)C2,5.092587471008301,5.61320161819458,5.35289454460144
COc1cc(C=CC=CC=CC(=O)NCCC(=O)O)ccc1OCCOc1ccccc1,4.314958095550537,6.474885940551758,5.3949220180511475
Oc1cc2c(cc1O)OC(c1ccccc1)C2,4.927319049835205,5.3301849365234375,5.128751993179321
CC(C)C(=O)Nc1ccc2c(c1)C(=O)NC2=O,6.410318851470947,5.33547830581665,5.872898578643799
COc1cc2c(cc1OC)C(=O)C(=NCCO)N(C)C2,6.045482158660889,4.559340000152588,5.302411079406738
CC=CC=CCC=CCC=CCC=CCC=CC=CC(OC)CO)[N+](C)=O,,,
COc1ccc(C=CC(=O)c2c(O)c(O)cc(O)c2O)cc1OC,5.561575889587402,5.260947227478027,5.411261558532715
CC1=CC=CC2=NN(c3cccc(Cl)c3)C(C)=CC2=N1,5.977005958557129,5.247035503387451,5.61202073097229
CN(C)C(=O)Oc1cccc(C(C)(C)CNC(=O)c2cc3ccccc3o2)c1,6.825812339782715,4.427817344665527,5.626814842224121
CC(=NCc1ccccc1)C1CCCC1=O,5.874793529510498,4.745011806488037,5.309902667999268
Oc1oc2ccc(OCCCCCCNc3c4c(nc5ccccc35)CCCC4)cc2c1-c1ccc(F)cc1,7.181157112121582,5.3927812576293945,6.286969184875488
COc1cc2c(cc1OC)C(=O)C(Oc1ccc(C(=O)CCl)cc1)C2,6.82538652420044,5.047298908233643,5.936342716217041
COc1cc2c(cc1OC)C(=O)C(CO)N2,6.388707637786865,3.9429094791412354,5.16580855846405
COc1csc(C=CC(=O)c2cc3c(cc2O)CCCC3)n1,6.09378719329834,5.612161636352539,5.8529744148254395
C#CCNCCc1cccc(OCCCCCCCNc2c3c(nc4ccccc24)CCCC3)c1,6.62497615814209,5.343114852905273,5.984045505523682
COc1cc2c(cc1OC)C(=O)C1(Cc3ccccc3)CCCC21,5.747763156890869,5.696322441101074,5.722042798995972
Fc1ccc(-c2csc(NN=Cc3ccco3)n2)cc1,5.394318580627441,6.229754447937012,5.812036514282227
CC(=O)c1ccc2cc(OCCCCCCCCNc3c4c(nc5ccccc35)CCCC4)ccc2c1,7.182189464569092,5.390209197998047,6.286199331283569
CCOC(=O)C1=C(C)N=C(C)C(C(=O)c2ccc(OC)c(OC)c2)C1c1ccc(O)c(OC)c1,6.732051372528076,4.353763580322266,5.542907476425171
CC12CCC(=O)CC1=CCC1C2CCC2(C)C1CCC2(O)C#CCC(C=O)CSc1ccccc1,5.23005485534668,7.210729598999023,6.220392227172852
CCCc1c2c3c(c(C#N)cc1OCC2)OC(CCCC3CCN(C)CCCCCCN(C)CC3)C1C,,,
Clc1ccc(C2CC(COC3CCCCC3)=NN2CCCCCCCCNc2c3c(nc4ccccc24)CCCC3)cc1,7.563235282897949,5.086421012878418,6.324828147888184
O=C1c2ccccc2-[n+]2ccc(C=Cc3ccccc3)cc21,4.527450084686279,6.014416217803955,5.270933151245117
O=C1NC(=O)c2cc(SCCCCCCCCNc3c4c(nc5ccccc35)CCCC4)ccc21,8.106602668762207,5.695788860321045,6.901195764541626
O=c1ccoc2ccc(OCCCCCCNc3c4c(nc5ccccc35)CCCC4)cc12,6.876397132873535,5.100113391876221,5.988255262374878
COc1cc2cc(OCCCc3ccccc3)ccc2cc1OC,5.063563346862793,5.884322166442871,5.473942756652832
O=c1ccoc2c(OCc3cccc(Cl)c3)cccc12,4.214348793029785,6.320809841156006,5.2675793170928955
N#Cc1cccc(-c2cc(OCCCN3CCCCC3)c3ccoc3n2)c1,5.74232292175293,5.614508628845215,5.678415775299072
CCCCOc1ccc2ccc(=O)oc2c1C,4.548799514770508,6.424431800842285,5.4866156578063965
CC1OC(OC2CC(O)C3(CO)C4C(O)CC5(C)C(c6coc(O)c6)CCC5(O)C4CCC3(O)C2)C(O)C(O)C1O,4.947799205780029,6.814947128295898,5.881373167037964
C#CCN(C)Cc1cc2cc(OCCC3CCN(Cc4ccccc4)CC3)ccc2n1C,6.383630275726318,5.558395385742188,5.971012830734253
c1cc(SCCCCCCCCNc2c3c(nc4ccccc24)CCCC3)ccn1,6.5126495361328125,4.971517562866211,5.742083549499512
C=CN(CC=C)Cc1cc2cc(OCCCC)ccc2n1C,5.651999950408936,5.980645656585693,5.8163228034973145
Cc1cc2oc3cc(O)ccc3c(=O)c2cc1C,5.278642177581787,5.298116683959961,5.288379430770874
O=C(C=Cc1cccc(OCc2ccccc2)c1)NCCCCC1CCN(Cc2ccccc2)CC1,5.385169506072998,4.350454807281494,4.867812156677246
c1ccc(CC2=NN=C(NC3CC3)SC2)cc1,6.203739643096924,4.874267578125,5.539003610610962
C#CCN(C)Cc1cc2ccc(OCc3ccccc3)cc2o1,3.902926445007324,7.196838855743408,5.549882650375366
O=C1c2ccccc2-c2nnc(-c3ccc([N+](=O)[O-])cc3)cc21,5.403611660003662,5.912363052368164,5.657987356185913
c1ccc2cc(OCCCCCCSc3nsnc3-c3ccco3)ccc2c1,4.671989440917969,6.446797847747803,5.559393644332886
COc1cc2c(cc1OC)C(=O)C1CCCCC1C2=NOC,5.557938575744629,5.26759672164917,5.412767648696899
Cc1cccc2c1OP(=O)(OCC1CCCO1)O2,6.858697414398193,4.390429496765137,5.624563455581665
O=c1ccc2cc(OCCCCCCc3ccccc3)ccc2o1,4.5462517738342285,6.415900230407715,5.481076002120972
O=C(NN=Cc1ccc(O)c(O)c1)c1ccc(O)c(Cl)c1,5.287528991699219,4.764695644378662,5.02611231803894
O=C(c1ccoc1)N1CCc2cc(OCc3ccccc3)ccc2C1,4.952915668487549,5.549761772155762,5.251338720321655
Oc1ccc2c(c1)=CCC=2c1ccccc1,4.502379417419434,6.063018798828125,5.282699108123779
O=C1c2ccccc2-c2nc3nnnn3nc21,4.122465133666992,3.952200412750244,4.037332773208618
O=C1CCc2ccc(OCCCCCNc3c4c(nc5ccccc35)CCCC4)cc2N1,7.586210250854492,5.279542446136475,6.432876348495483
N#CCCN(CCC#N)Cc1ccc2ncccc2c1,5.3502631187438965,5.078573226928711,5.214418172836304
COc1cccc(C=Cc2cc3c(cc2O)OCCCO3)c1,4.366148471832275,5.778130531311035,5.072139501571655
CC(=O)c1c2ccc(C)cc2[nH]c3ccc(Br)cc3c(=O)o2,,,
O=C(Nc1ccc(F)cc1)OC1COc2ccccc2O1,5.593783378601074,5.002936363220215,5.2983598709106445
CCCOC(=O)NCCCCCCCCNc1c2c(nc3ccccc13)CCCC2,8.049616813659668,4.955512523651123,6.5025646686553955
COc1cc2cc(COc3ccccc3)oc2c(OC)c1OC,5.431268215179443,4.819035530090332,5.125151872634888
O=C1C=CC2CC1C(=O)c1ccccc1O2,4.912940979003906,5.854384899139404,5.383662939071655
O=C(C=Cc1ccccc1Br)NCC1CCCO1,3.6957616806030273,5.616299629211426,4.656030654907227
O=C(NCCC1CCNCC1)C1CCCN(Cc2ccc(F)cc2)C1,5.092020988464356,3.500463485717773,4.2962422370910645
C#CCCCCOc1ccc2c(=O)c3ccccc3oc2c1,3.550673246383667,6.675394058227539,5.113033652305603
CCCCCCCCCCCCCCCC[n+]1cccc2ccccc21,5.197610855102539,5.278295040130615,5.237952947616577
O=c1oc2ccccc2cc1CC=Cc1ccc2c(C3CCCC3)nncc2c1,5.732614040374756,6.5680928230285645,6.15035343170166
CN=C(C)c1ccc2cc([N+](=O)[O-])c(OC(=O)c3ccccc3)cc2c1,5.456818103790283,5.593371868133545,5.525094985961914
O=C(Oc1ccc2c(c1)C1CCCCC1C(=O)N2CCCC1CC2)on1,,,
O=C(CCl)Nc1coc2cc(Cl)ccc12,4.417830467224121,5.490478992462158,4.95415472984314
c1ccc2c(c1)ccc1c3ccccc3n(CCCCCCCCCCN)c12,4.293735027313232,5.118801116943359,4.706268072128296
CCCOc1cc2cc(C3CC3c4ccccc4CC3)ccc2cc1OC,,,
COc1cc2c(cc1OC)C(=O)C(C)C2,7.520417213439941,4.710775375366211,6.115596294403076
COc1ccc2c(=O)oc3ccccc3c2c1,5.340734958648682,5.829426288604736,5.585080623626709
COc1ccc2c(c1)c(C=Cc1nc3ccccc3s1)c3ccccc3c1C2=O,,,
NC1=C(c2ccccc2)CCC1=O,5.532275676727295,5.418239593505859,5.475257635116577
CC1=CC=CC2Cc3ccsc3C(c3ccc(F)cc3)=[N+]2C1,5.436694622039795,6.053857326507568,5.745275974273682
CCC1=CC2Cc3nc4cc(Cl)ccc4c(NCCCCCCCNC(=O)c4cc(O)c5c(c4)C(=O)c4cccc(O)c4C5=O)c3C(C1)C2,8.661112785339355,5.508901596069336,7.085007190704346
NC1C=C(c2ccc3c(c2)OCO3)COc2cccc(C(F)(F)F)c21,5.151785850524902,5.7795233726501465,5.465654611587524
Cc1ccc2oc(=O)c(-c3cccc(OCCCCCCN4CCCCC4)c3)cc2c1,5.7170491218566895,5.842016220092773,5.7795326709747314
O=C1Nc2c(cccc2[N+](=O)[O-])C1c1ccccc1,5.194470405578613,5.150633811950684,5.172552108764648
COC(=O)c1ccccc1COc1ccc2c(C)c(C)c(=O)oc2c1,5.1665449142456055,7.419738292694092,6.293141603469849
c1ccc(-c2nc3c(c(NCCCCCCCCNc4c5c(nc6ncccc46)CCCC5)OCCO3)n2)cc1,7.147703170776367,5.4962158203125,6.321959495544434
CCCCC(=O)Nc1c2c(nn1-c1cccc(C)c1)C=S(O)C2,6.023151874542236,4.714093208312988,5.368622541427612
Cc1ccc(C=CC(=O)Nc2cccc3cccnc23)o1,5.1222243309021,5.600339889526367,5.361282110214233
CCCCCCc1cc2c3c(c1)=CC(C)(C)CCC3,,,
O=C1CCc2ccc(OCCCCCCNc3c4c(nc5ccccc35)CCCC4)cc2N1,7.6467509269714355,5.350149154663086,6.498450040817261
CN(C)CCCOc1ccc(C=CC(=O)c2ccc(F)cc2)cc1,4.572141170501709,5.482978820800781,5.027559995651245
CCOc1ccc(NC(=O)c2cc3ccccc3oc2=O)cc1,6.77504301071167,6.190528869628906,6.482785940170288
CC1=CC=CC=CC=CC=CC=CC=CCC(=O)N2CCCC2)OC1,,,
C#CCN(C)Cc1cc2cc(OCCC3CCN(Cc4ccccc4)CC3)ccc2n1C,6.383633136749268,5.55838680267334,5.971009969711304
COc1cc2c(cc1O)C(=O)C(=Cc1cc3ccccc3[nH]1)C2,6.538672924041748,6.6944732666015625,6.616573095321655
Cc1c2ccccc2nc2cc([N+](=O)[O-])ccc12,4.895711898803711,5.827518463134766,5.361615180969238
COc1ccc(CC=CC(=O)c2ccccc2C(=O)O)cc1OC,5.805648326873779,5.048165321350098,5.4269068241119385
S=c1oc2cc(OCCCCCCCCCNc3c4c(nc5ccccc35)CCCC4)ccc2c1CO,,,
CN(C)CCOc1ccc(CCCc2ccccc2OCCCCNc2c3c(nc4ccccc24)CCCC3)cc1,5.596165657043457,4.537261009216309,5.066713333129883
CCC[N+](C)(C)c1ccc2c(c1)OCCO2,4.589715957641602,5.294275283813477,4.941995620727539
CCCCCCCCCCCCCCOCC=CCCCCCCOC,4.345389366149902,6.6877217292785645,5.516555547714233
O=C1c2ccccc2-c2n[nH]c3cccc1c23,4.932783126831055,5.525638580322266,5.22921085357666
O=C(NCc1csc2ccc(Cl)cc12)C1CCCO1,4.910284042358398,5.012275218963623,4.961279630661011
O=c1ccoc2ccc(OCc3cccc(Br)c3)cc12,3.962345600128174,7.523700714111328,5.743023157119751
O=C1Cc2cc(OCc3cccc(Cl)c3)ccc2O1,4.404440879821777,7.582720756530762,5.9935808181762695
O=C(O)c1c2ccc(C3CCCC3)c-2[nH]c2ccccc12,6.1905035972595215,5.992929935455322,6.091716766357422
O=c1ccoc2cc(OCc3ccc([N+](=O)[O-])cc3)ccc12,5.077717781066895,6.985879421234131,6.031798601150513
O=C(O)C=Cc1cc(Br)c(Br)c(Br)c1Br,2.622922897338867,3.106647491455078,2.8647851943969727
Clc1ccc(CON=C2CCC3CCCC(C2)N3CCCCCCCCCCN3)cc1,,,
Cc1cccc(N=Cc2ccc(O)c(O)c2)c1,4.117510795593262,4.867557525634766,4.492534160614014
CC1=C2CCC(C)CC2C(C(=O)NC(CCCCNc2c3c(nc4ccccc24)CCCC3)C1,,,
O=C(NC1CCN(c2ccccc2F)CC1)c1cc2cc(F)ccc2oc1=O,5.396678447723389,5.5005202293396,5.448599338531494
CC#CCN(C)Cc1cc2cc(OCCCC)ccc2n1C,5.080458164215088,6.662981986999512,5.8717200756073
COc1cc2c(C=CC3CCCCC3)nc3ccncc3c2cc1OC,5.497464656829834,5.326125621795654,5.411795139312744
COc1cc2c(cc1OC)C(=O)C(Oc1cccc(C(C)=O)c1)C2,7.155307292938232,4.741750240325928,5.94852876663208
C=Cc1sc2c(c1C)c(=O)oc1c3ccccc3oc21,6.058146953582764,3.15639877319336,4.6072728633880615
Cc1c(O)c2cc(O)c(O)cc2oc1=O,5.527349948883057,4.753691673278809,5.140520811080933
C#CCN(C)Cc1cc2cc(OC)ccc2n1C,4.687259197235107,6.898006916046143,5.792633056640625
COc1ccc2c(=O)c3cc(C(=O)NCCc4ccc(F)cc4)c(=O)oc3oc2c1,7.040098190307617,5.430823802947998,6.235460996627808
O=C1C=CC=CC=CCC=CCCCCCCCNc2cc(OCCCC[n+]3cccc(I)c3)c(O)cc2)C=C1O,,,
Clc1cccc(C2CC3CCC(C2)N3CCCOc2cccc3ccccc23)c1,5.27641487121582,5.467942714691162,5.372178792953491
O=C1NC(=O)C(Cc2cccc(Cl)c2)=C1CCCC(C=CC=CC(=O)NCc1ccco1)Cc1ccc([N+](=O)[O-])cc1,4.54862642288208,5.559431076049805,5.054028749465942
FC(F)(F)c1ccc(=NN2CCCCC2)o1,,,
COc1cc2c(cc1OC)C(=O)C1(CCCC1)O2,6.118669509887695,4.872332572937012,5.4955010414123535
O=C1C=CC(=CNNc2ccc(Cl)c(Cl)c2)C=C1O,4.038205146789551,6.087579727172852,5.062892436981201
COc1cccc2c1C(=O)c1c(O)c3c(c(O)c1C2=O)CC(O)(C(=O)CO)CC3OC1CC(O)C(O)C(C)O1,6.412254810333252,4.020450115203857,5.216352462768555
CSc1cccc(C=C2N=C2CC3CC(C2)[N+]3(C)C)c1,,,
CC(=O)c1coc2cc(OCCCCCCN3CCC(c4ccccc4)CC3)ccc2c1=O,6.134511470794678,5.654008865356445,5.8942601680755615
O=C(OCc1coc2cc3c(cc12)-c1ccccc1OC3=O)C1CC1,5.512794017791748,5.406002044677734,5.459398031234741
O=C(CCc1ccc2ncccc2c1)N=c1[nH]c2ccccc2c(=O)s1,5.975500106811523,6.37283992767334,6.174170017242432
Cc1ccccc1OCCOc1coc2ccc(OCc3ccccc3)cc2c1=O,5.241907119750977,7.0284423828125,6.135174751281738
O=C1CCc2ccc(OCCCCCCNc3c4c(nc5ccccc35)CCCC4)cc2N1,7.6467509269714355,5.350108623504639,6.498429775238037
O=C(CN1CCCC(Cc2cccc(F)c2)C1)N=O,5.53302526473999,4.555408954620361,5.044217109680176
O=c1oc2cc(O)ccc2c2c3ccccc3ccc12,5.054494380950928,5.773053169250488,5.413773775100708
CC(C)(C)c1ccc2cc(C=Cc3cccc(C(F)(F)F)c3)c(C(=O)NC3CCCCC3)cc2[n+]1C,5.627736568450928,5.026231288909912,5.32698392868042
Cc1oc2cc(OCCCCNc3c4c(nc5cc(Cl)ccc35)CCCC4)ccc2c1C,7.622605323791504,5.488024711608887,6.555315017700195
COc1cc(CN(C)C)cc(Br)c1OCCCCCC(C)C,5.087247371673584,4.196926593780518,4.642086982727051
CC(C)=NOC1=Cc2ccc(=O)oc2C1=O,5.149201393127441,4.349217414855957,4.749209403991699
Cc1cc(-c2cc3[nH]c4ccccc4c3c(C)n2)on1,5.929429531097412,4.815498352050781,5.372463941574097
CC(C)Cc1c2c(nc3ccccc13)CCCC2,5.450209617614746,3.3385567665100098,4.394383192062378
O=C(C=Cc1cccc2c(O)c(O)ccc12)Nc1ccc(F)cc1,5.21156644821167,7.05596923828125,6.13376784324646
O=C1c2ccccc2C(=O)C1c1ccccc1,5.992517948150635,5.503373146057129,5.747945547103882
COc1cc2cc(C(=O)C3CCCN(CCCCCCCN4CCC(Cc5ccccc5)CC4)C3)oc2cc1OC,6.962538242340088,4.093478202819824,5.528008222579956
FC(F)(F)C1=CCN(c2ccc3ccccc3c2)CC1,5.324996471405029,7.036471366882324,6.180733919143677
CC1=CC2Cc3nc4cc(Cl)ccc4c(NCCCCCCCCCCNC(=O)c4cc(O)c5c(c4)C(=O)c4cccc(O)c4C5=O)c3C(C1)C2,8.449528694152832,5.623355865478516,7.036442279815674
Brc1ccc2c(c1)-c1[nH]ncc1C2,5.452375888824463,6.772104263305664,6.1122400760650635
O=C(CCCCC1CCN(Cc2ccccc2)CC1)c1cc2cc3c(cc2cc1O)OCO3,7.556212425231934,5.146875381469727,6.35154390335083
CNc1c2c(nc3cc(C(C)C)ccc13)CCC2,6.754733562469482,4.179039001464844,5.466886281967163
O=c1oc2ccc(O)cc2cc1COCCCCCNc1c2c(nc3cc(Cl)ccc13)CCCC2,7.790909767150879,5.124669075012207,6.457789421081543
C#CCN(C)Cc1cc2cc(OCCC3CCN(Cc4ccccc4)CC3)ccc2n1C,6.383633136749268,5.55838680267334,5.971009969711304
CC(=Cc1ccccc1)CN(C)C1CCN(CCCCCCCCCNc2c3c(nc4ccccc24)CCCC3)C1,7.279541492462158,3.753060340881348,5.516300916671753
Cc1c2ccccc2nc2c1ccc1ccccc12,4.439687728881836,5.241070747375488,4.840379238128662
CC(=O)N1N=C(c2ccc(OCCCCCCCCCCCCNc3c4c(nc5ccccc35)CCCC4)cc2)CC1c1cccc(C)c1,6.843477249145508,5.721934795379639,6.282706022262573
CC(=O)C1CCC2C3CC(F)=C4CC(=O)CCC4(F)C3CCC12C,4.693890571594238,8.188098907470703,6.440994739532471
CNC1=NC(C)(C)c2cc(C(F)(F)F)ccc21,6.4137139320373535,6.031123638153076,6.222418785095215
COc1cc2c(cc1OC)C1Oc3cc(OC)c(OC)cc3C(CCN3CCCC3)C1C2,5.21128511428833,5.0416035652160645,5.126444339752197
CN(c1ccc(=O)oc1)C1CCC2C3C(O)CC4CC(O)CCC4(C)C3CCC12C,4.620322227478027,7.021603584289551,5.820962905883789
N#Cc1ccc(SC=Cc2cccs2)cc1,4.310053825378418,6.135500431060791,5.2227771282196045
O=C(CCCc1ccc2[nH]c3c(c2c1)CCCC3)NCC1CCCCC1,6.725351810455322,4.393198013305664,5.559274911880493
C#CCCNCCc1cccc(OCc2cccc(F)c2)c1,4.324984550476074,6.854719161987305,5.5898518562316895
Cc1cccc(-c2cc3c(=O)n(CCCCCCCN)nc-3o2)c1,,,
CC(C)(C)c1cc2c3c(oc2cc1O)C(=O)c1ccccc1O3,4.724457740783691,3.19500732421875,3.9597325325012207
CN(C)CCCCCCCCCCCN=C1CC(=O)C(=NCCCCCCN(C)C)C1=O,5.912552356719971,5.394505977630615,5.653529167175293
Fc1ccccc1Nc1nnc(-c2ccsc2)o1,6.201300621032715,6.267999649047852,6.234650135040283
NC(=O)c1ccc2c(c1)OCCO2,5.401926517486572,5.143326759338379,5.272626638412476
O=c1ncn2ccccc2c1OCCCCCNc1c2c(nc3ccccc13)CCCC2,7.084991455078125,4.810091495513916,5.9475414752960205
O=C1C(=CC=Cc2cc[n+]cccc2)COc2ccc(OCc3cccc(Cl)c3)cc21,4.283745765686035,7.226089954376221,5.754917860031128
O=C1C=CC(=O)c2c(O)cccc21,6.011013031005859,7.056286811828613,6.533649921417236
C#CCCCCCC=CCCCCCCCCCN=C(C)CC,5.588020324707031,6.566570281982422,6.077295303344727
Cn1cccc1-c1ccc(OCCCCCCCCNc2c3c(nc4cc(Cl)ccc24)CCCC3)cc1,7.331470012664795,5.240297794342041,6.285883903503418
CC(=O)c1cccc(-c2cnc3c(c2)C(=O)c2ccccc2C3=O)c1,5.440094947814941,6.164339542388916,5.802217245101929
O=C1NCCc2c1oc1ccc(OCCC3CCN(Cc4ccccc4)CC3)cc21,7.84827995300293,4.9590840339660645,6.403681993484497
Oc1occ2ccc(OCCCCCN3CCC4(CC3)OCc3ccccc34)cc12,5.708023548126221,6.1437153816223145,5.925869464874268
N#Cc1cccc(C2=NCC(c3ccccc3)CN2)c1,5.253737926483154,5.744077205657959,5.498907566070557
COc1cc2c(cc1OC)c(CC(=O)c1ccccc1)c(C)n2C,6.201711654663086,5.599368095397949,5.900539875030518
COc1cccc2c1OC(=O)C2=O,5.906131744384766,4.64972448348999,5.277928113937378
O=c1c2ccccc2c(Cc2ccccc2O)n1O,,,
Cc1c2c(nc3ccccc13)CCCC2,5.553248405456543,3.903337001800537,4.72829270362854
Cc1cc(Br)cc2c1OC(C)C(=O)N2Cc1ccccc1,6.804553031921387,4.885787010192871,5.845170021057129
O=[N+]([O-])c1ccc(C=CCNNC2CCCCC2)cc1,3.978358268737793,5.231263637542725,4.604810953140259
Cc1oc2cc(OCCCCN3CCC(Cc4cccc(Cl)c4)CC3)ccc2c1C,5.962867259979248,5.498735904693604,5.730801582336426
O=C1c2ccccc2SCCCCCCCN1CCCN1CCCCC1,5.093929290771484,4.487595081329346,4.790762186050415
CC(=CC=Cc1ccccc1)C=C[N+](C)(C)C,3.9944350719451904,2.671217203140259,3.3328261375427246
N#CCCn1c2ccccc2c2ccccc21,4.328686237335205,5.408949851989746,4.868818044662476
COc1cc2c(cc1OC)C(=O)CCC2=NOCCCCCCCNc1c2c(nc3ccccc13)CCCC2,7.537429332733154,5.1838860511779785,6.360657691955566
Cn1c(=O)c2c(nc(C=Cc3ccccc3F)n2C)n(C)c1=O,5.370912551879883,5.2637152671813965,5.31731390953064
CCCCN1C(=O)C(=Cc2ccc(OCCCCC[n+]3ccccc3)cc2)SC1=S,5.969069004058838,5.721092224121094,5.845080614089966
Nc1cc2cc(-c3csnn3)ccc2c2ccccc12,5.416069984436035,5.26064920425415,5.338359594345093
CC#CCCCOc1cc2c(cc1OC)C1=C(CC)CCC1C2,5.6876397132873535,5.801946640014648,5.744793176651001
O=C1c2ccccc2C(=O)N1c1ccccc1OCCCCCCN1CCCCC1,5.893671989440918,5.354789733886719,5.624230861663818
NCCCCCCCCCNc1c2c(nc3ccc(Cl)cc13)CCCC2,6.812289237976074,4.73639440536499,5.774341821670532
Cc1cc(C)cc(OCC(O)CNCCCCCCCCCCCCN=C2CC(=O)C(=O)C2)c1,6.43565559387207,6.0232696533203125,6.229462623596191
O=C(C#Cc1ccccc1Cl)N1CCCC1,5.435463905334473,4.854293346405029,5.144878625869751
CCC(=O)c1c2ccc(OCc3cccc(C)c3)cc2OCC1C,,,
O=C(NCCCCCCCCCCCCCCCCNc1c2c(nc3cc(Cl)ccc13)CCCC2)c1cc(=O)c2ccc(O)cc2o1,8.717500686645508,5.4176459312438965,7.067573308944702
Cc1cc2cc(OCCCCN3CCC(Cc4cccc(-c5ccccc5)c4)CC3)ccc2o1,5.064203262329102,4.743768215179443,4.9039857387542725
CC=C1CCC(=O)c2cc(OC(=O)CC3CCCCC3)ccc21,6.392924308776856,5.448481559753418,5.920702934265137
CC(=O)c1c(C)c2cnc(OCC3CCOCC3)nc2oc1C,,,
CC=C1C=C(C)C(CC)C(=O)NC1=O,5.183877468109131,4.962013244628906,5.0729453563690186
Cc1cc2oc3cc(O)ccc3c(=O)c2cc1C,5.278642177581787,5.298116683959961,5.288379430770874
O=[N+]([O-])c1cccc(C2=NNC3CCCCC3)c1,,,
CC(=O)N=c1scc(-c2ccccc2)n1C,5.784319877624512,5.453413009643555,5.618866443634033
O=C1CC(=O)c2ccc(OCCCCCC(=O)N3CCCC3)cc2O1,7.123330116271973,5.862532615661621,6.492931365966797
O=C1c2ccccc2-c2nnc(-c3ccccc3)cc21,4.993725776672363,5.196288108825684,5.095006942749023
CCOc1ccccc1OCCCCCN1CCC(=O)CC1,6.589552402496338,5.242501735687256,5.916027069091797
C#CCNC1CCc2cccc(OC(=O)N(C)CCCCCCC)c21,4.926766395568848,5.19748067855835,5.062123537063599
COCc1cc2c(oc3ccc(OC)c(OC)c3c2c2ccccc12,,,
O=C(Nc1cccc2c1CCCC2=O)c1ccccc1,5.9295654296875,5.69076681137085,5.810166120529175
O=C1C=CC(=COC(=O)c2ccccc2O)C1,3.983033657073975,5.755054473876953,4.869044065475464
Cc1ccccc1NC(=O)c1oc2ccccc2c1C,6.138404846191406,4.821589946746826,5.479997396469116
COc1cc2c(cc1OC)C1=C(CCC1=NO)CN(C)CC2,4.633780002593994,4.366436004638672,4.500108003616333
CCCCNC(=O)CCc1c[nH]c2ccccc12,5.198293685913086,4.671449661254883,4.934871673583984
O=C1CCc2cc(OCCCCCCNc3c4c(nc5ccccc35)CCCC4)ccc2N1,7.614392280578613,5.364870548248291,6.489631414413452
Cc1ccc(-c2cc3cc(Cl)ccc3oc2=O)cc1,4.481542110443115,7.524697303771973,6.003119707107544
O=C1Nc2ccccc2C1=Cc1ccc(O)cc1,5.236773490905762,6.328812122344971,5.782792806625366
N#Cc1ccc(C2=NOC(c3ccccc3OC(=O)C2)cc1,,,
Cc1cc2cc(C3=O)ccc2oc1=O,,,
CCCCCCc1ccc(-c2ccc(OC(=O)N3CCCC3)cc2)cc1,4.87338399887085,4.8690690994262695,4.87122654914856
CNC(=O)Oc1ccc2c(=O)c(C)coc2c1,9.519376754760742,4.981295108795166,7.250335931777954
Cc1c(C)c2ccc(OCCCCCCCNc3c4c(nc5ccccc35)CCCC4)cc2oc1=O,7.067000389099121,5.670331954956055,6.368666172027588
O=C1CCCc2cc(OCc3ccccc3)ccc21,4.458984375,6.863616943359375,5.6613006591796875
c1ccc(CC2=CCCOc3ccccc32)cc1,4.257612228393555,4.394235610961914,4.325923919677734
CCNCc1c2c3c(sc(=O)oc3c1)CCCC3,,,
Cc1cc(OCc2cccc(Cl)c2)ccc1,3.780843734741211,6.681703567504883,5.231273651123047
CC1CCCC(C)N1CCCCCCNc1c2c(nc3cc(Cl)ccc13)CCCC2,8.38855266571045,4.601145267486572,6.494848966598511
Cc1cc(CCCC(=O)NCCCCCCCNc2c3c(nc4cc(Cl)ccc24)CCCC3)ccc1O,8.575542449951172,4.665095806121826,6.620319128036499
CCCNC1CCc2c(OC)cccc2C1OC,4.055399894714356,4.420395374298096,4.237897634506226
Cc1c2c3c(sc2nc2c(C)cccc12)CCCC3,5.974042892456055,4.6312127113342285,5.302627801895142
O=C(NC1=Cc2sccc2CC1=O)c1ccccc1,5.713206768035889,5.100959777832031,5.40708327293396
O=C(NCc1ccccc1)c1cc2ccccc2oc1=O,6.347864151000977,4.97861909866333,5.663241624832153
Brc1ccc2c(c1)CCC2=CCNCCCCCCCNc1c2c(nc3cc(Cl)ccc13)CCCC2,8.786218643188477,4.896245956420898,6.8412322998046875
CCOC(=O)c1cc2ccc(OCc3cccc(Cl)c3)cc2oc1=O,5.027941703796387,6.890891551971436,5.959416627883911
COc1ccc2[nH]c3c(c2c1)CCCC3CCCCCCCCN3C,,,
c1ccc2c(c1)CCC2=NN=C1CCCCC1,6.578096389770508,5.220808029174805,5.899452209472656
CN1OC(=O)C2CCCCCCCCF=CC=CCNC(=O)CCCCC[n+]3ccccc3)C2C1=O,,,
O=C1CCc2cc(OCCCCCNc3c4c(nc5ccccc35)CCCC4)ccc2N1,7.571161270141602,5.285552501678467,6.428356885910034
Oc1cnc2ccccc2c1CC=CCCSCCOc1ccccc1,4.544363975524902,5.486237525939941,5.015300750732422
O=c1ccoc2ccc(OCCCCCNc3c4c(nc5ccccc35)CCCC4)cc12,6.851408004760742,4.945126056671143,5.898267030715942
O=C(COc1cccc2ccccc12)NCCC1CCN(Cc2ccccc2)CC1,5.878447532653809,3.8631491661071777,4.870798349380493
CCn1c2ccccc2c2cc(C=CC(=O)c3ccccc3)ccc21,5.0856451988220215,5.888023376464844,5.486834287643433
O=C1Nc2ccccc2C1=O,4.581729888916016,5.809771060943604,5.19575047492981
CCCCCCCCCCCCCCCCN=CC(C)C,5.068771839141846,5.591991424560547,5.330381631851196
Cn1nnnc1COc1ccccc1C=CCN1CCCC1,4.927237033843994,5.2642011642456055,5.0957190990448
O=C(CCCCCCOCCCCCCCNc1c2c(nc3cc(Cl)ccc13)CCCC2)c1cc2c(cc1CCC1CCCO1)CCCC2,8.068737030029297,5.191443920135498,6.6300904750823975
CS(=O)(=O)c1ccc2c(c1)C(=O)C(=O)c1ccccc1C2=O,5.880861759185791,5.884888648986816,5.882875204086304
CNc1cc2c(C3CCCC3)nc(-c3ccccc3OC)nc2cn1,5.288915634155273,5.865079879760742,5.576997756958008
O=C(CCc1c[nH]c2cccc(Cl)c12)NCCCCCCCCNc1c2c(nc3cc(Cl)ccc13)CCCC2,9.082648277282717,4.854938983917236,6.9687936305999765
CN1CCC(=C2c3cc(OC(=O)c4ccc(Cl)cc4)ccc3OCc3ccc(Cl)cc32)CC1,4.542332649230957,6.044902324676514,5.293617486953735
CCCCCc1c2cc3c(cc2c(=O)o1)OCO3,,,
CC(C)=C1CC(CO)(COC(=O)c2ccccc2)OC1=O,3.733123779296875,5.468373775482178,4.600748777389526
O=c1ccoc2ccc(OCCCCCCCCNc3c4c(nc5ccccc35)CCCC4)cc12,6.840457916259766,5.364325046539307,6.102391481399536
Cc1ccc2oc(=O)c(-c3cccc(Cl)c3)cc2c1,4.436965465545654,7.431504249572754,5.934234857559204
c1ccc(COc2ccc(Nc3ncnc4ccccc34)cc2)cc1,4.511588096618652,5.496107578277588,5.00384783744812
Cc1cc(C)c2oc(O)c(C=NC(=O)c3cccc(C)c3)c2c1,5.651339530944824,5.7290802001953125,5.690209865570068
COc1cc2oc3ccccc3c(=O)c2cc1OC,6.213313102722168,4.358064651489258,5.285688877105713
Cc1ccc2cc(CCCCCCNc3c4c(nc5cc(Cl)ccc35)CCCC4)c(O)nc2c1,8.769289016723633,5.085309028625488,6.9272990226745605
COc1cc2c(cc1OC)C(=O)C(C)C2,7.520417213439941,4.710775375366211,6.115596294403076
Cc1c2ccccc2c(CNCCCCCCCNc2c3c(nc4ccccc24)CCCC3)c1O,,,
COc1cc(,,,
CCC=Cc1c2c(cc(OC)c(OC)c2OC)OC2CCCCC21,,,
O=C1CCc2ccc(OCCCCNc3c4c(nc5cc(F)ccc35)CCCC4)cc2N1,7.999046802520752,5.414778232574463,6.706912517547607
CCCCCCNCC1CCOc2ccc(C(=O)Oc3ccccc3)cc21,5.107918739318848,4.669450283050537,4.888684511184692
CC1=CC=CC=CC2CC(=O)c3c(oc4cc(Br)ccc43)C2=O1,,,
Oc1occ2ccc(OCCCC3CCCC3)cc12,5.901713848114014,6.958375453948975,6.430044651031494
CCCCCCCCCc1cc(OCCCCCCCCCCCCCCCC[n+]2ccccc2)cc(OC)c1,5.786019802093506,5.7435173988342285,5.764768600463867
COc1cc(=O)oc2c3c(cccc13)OC(=O)CC2C1CCCCC1,,,
O=C1N=CC2CNc3ccccc3C2C1=O,5.064255714416504,7.133963584899902,6.099109649658203
O=C1c2ccccc2CCC1CCN1CCc2oc3ccccc3c2C1,6.277124404907227,4.232939720153809,5.255032062530518
O=C1CCc2ccc(OCCCCCCNc3c4c(nc5ccccc35)CCCC4)cc2N1,7.6467509269714355,5.350149154663086,6.498450040817261
CC(=O)c1ccc2c(c1)C(c1cnccc1C)CN2,5.421473503112793,6.454492568969727,5.93798303604126
Oc1ccc(C2C=CC(c3ccc(OCCCCCCN4CCCCC4)cc3)OC2)cc1,5.445187091827393,5.264896392822266,5.355041742324829
COc1ccc2[nH]c3cc(C)ccc3c(=O)c2c1,5.282773017883301,6.975858688354492,6.1293158531188965
O=C1Nc2ccc3ccccc3c2C1=O,4.867462158203125,6.495771884918213,5.681617021560669
COC(=O)c1cc2c(nc3ccccc13)CCCC2,,,
Cc1ccc(O)c(C(=O)CCCCCCCCNc2c3c(nc4ccccc24)CCCC3)c1,8.058408737182617,4.708025932312012,6.3832173347473145
O=C1CC(=O)c2ccc(OCc3cccc(Cl)c3)cc2O1,5.5320305824279785,7.250406265258789,6.391218423843384
CC(=O)C1CCC2C3CC(C)C4=CC(=O)CCC4(C)C3CCC12C,4.627038955688477,7.540283203125,6.083661079406738
Cc1ccc2nc(C)cc(C)c2c1,5.127401828765869,6.266240119934082,5.696820974349976
COc1cccc(C2CC(c3c4ccccc4cc4ccccc34)=NN2C)c1,6.19127082824707,6.919339656829834,6.555305242538452
Cn1c(=O)c2c(nc(C=Cc3ccccc3)n2C)n(C)c1=O,5.363181591033936,5.025581359863281,5.194381475448608
COc1ccc(C2CC(c3c4ccccc4cc4ccccc34)=NN2)cc1,6.800415992736816,7.829558372497559,7.3149871826171875
O=C1OC(c2coc3cc(O)ccc3c2=O)C1=O,6.346909046173096,4.504603862762451,5.425756454467773
O=C(c1ccccc1)c1cc2cc(O)ccc2oc1=O,5.880111217498779,4.68800163269043,5.2840564250946045
COc1cc2ccccc2cc1C(=O)NN=Cc1ccc(O)c(O)c1,5.557087421417236,5.4391865730285645,5.4981369972229
CC=CCC=CC=CCCCCCCC(=O)NCC1CCOC1,5.083859443664551,4.9216156005859375,5.002737522125244
CCOc1cccc2oc3cc(O)ccc3c(=O)c12,5.719807624816895,3.986682415008545,4.85324501991272
Cc1cc2c(s1)CNc1ccccc1C2=O,5.222145080566406,5.4424147605896,5.332279920578003
CC1=CC(C)(C)Nc2cc3oc(=O)ccc3cc21,5.118565559387207,6.383898735046387,5.751232147216797
CC1=CC(C)(C)Nc2ccc3c(c21)COc1c(F)cccc1C3=O,5.069913387298584,6.4447550773620605,5.757334232330322
c1ccc2c(COC3CCCCC3)coc2c1,4.961539268493652,4.972865581512451,4.967202425003052
O=c1ccoc2ccc(OCc3ccc(Cl)cc3)cc12,3.9864964485168457,7.444510459899902,5.715503454208374
CCC1CCC2C(=O)OC(CO)CCC2C1,5.107608795166016,5.244558811187744,5.17608380317688
Cc1oc2cc(OCCCCCNc3c4c(nc5ccccc35)CCCC4)ccc2c1C,7.295465469360352,5.141592979431152,6.218529224395752
O=C(NCCCCCCCCCCCCNc1c2c(nc3cc(Cl)ccc13)CCCC2)c1ccc(O)cc1,8.756614685058594,4.685334205627441,6.720974445343018
Cc1ccc(C=C2CCc3cc(OCCN4CCCCC4)ccc32)o1,5.888947486877441,5.4591827392578125,5.674065113067627
O=C(C=CC=C1CCCCC1)Nc1csc2c(=O)n(CCN3CCOCC3)cnc2c1=O,5.395593166351318,5.316831111907959,5.356212139129639
CCN(CCCCCCN=C1CC(=O)C(=NCCCCCCN(CC)CCCCN(CC)CC)CC1=O)Cc1ccccc1,7.472284317016602,4.826371669769287,6.149327993392944
CCOC(=O)c1cnc2ccccc2c1Nc1ccccc1,5.566125869750977,5.286959171295166,5.426542520523071
CCC[n+]1cc(C=Cc2ccc(OC)cc2)ccc1O,4.576842308044434,4.649947166442871,4.613394737243652
Cc1cccc2c1OCCO2=O,,,
Sc1nc2c(c(=O)n(Cc3cccs3)n1)CCCC2,,,
c1ccc(C2=Nc3ccccc3ON2)cc1,4.59503698348999,3.716208934783936,4.155622959136963
Cc1c2c3c(c4ccc(O)cc4oc1c3)CCCC32,,,
O=CCc1ccccc1OCCCCCCCCNc1c2c(nc3ccccc13)CCCC2,7.099101066589356,4.867670059204102,5.9833855628967285
CCOc1ccc(CC(=O)Nc2nc3ccccc3s2)cc1,5.89926290512085,5.114137172698975,5.506700038909912
C1=CCOCc2ccc(o2)-c2ccccc2C1,3.502774477005005,4.984073638916016,4.24342405796051
Fc1ccc(-c2nc3cnccn3c2-c2ccnc(NCC3CC3)n2)cc1,6.186202049255371,5.99031400680542,6.0882580280303955
Cc1oc2cc(OCCCCNc3c4c(nc5cc(F)ccc35)CCCC4)ccc2c1C,7.653713226318359,5.58489465713501,6.619303941726685
O=C1c2ccccc2OCC1CCCCC1=O,,,
O=C(CCc1c[nH]c2ccccc12)NCCCCCCCNc1c2c(nc3cc(Cl)ccc13)CCCC2,8.849971771240234,4.756557464599609,6.803264617919922
CC(=O)c1cc2ccc(OCc3cc(C(F)(F)F)cc(C(F)(F)F)c3)cc2oc1=O,5.488846302032471,7.092598915100098,6.290722608566284
O=C1c2ccccc2C(=O)C1Cl,8.297521591186523,5.558232307434082,6.927876949310303
O=c1c2ccccc2o[n+]1O,,,
CC1CCCCC1NC(=O)C=Cc1ccccc1Cl,3.5522894859313965,4.36906623840332,3.9606778621673584
COc1cc2c(cc1OC)CC(CC1CCN(Cc3ccc([N+](=O)[O-])cc3)CC1)O2,6.3463239669799805,4.534377574920654,5.440350770950317
C=C1N=C(c2ccccc2OC)CSC1=C,6.420070171356201,5.89373254776001,6.1569013595581055
O=C(CCCl)Nc1cc2c(nn1)NCCC2,4.846686363220215,5.231281280517578,5.0389838218688965
O=C(CCc1c[nH]c2ccccc12)NCCCCCCCCNc1c2c(nc3cc(Cl)ccc13)CCCC2,8.786940574645996,4.760194301605225,6.77356743812561
O=C1C=CC=CCC=CCCCCCC(=O)Oc2cc(OCc3ccccc3)ccc2O1,4.030764102935791,6.184268474578857,5.107516288757324
O=c1cc(COc2cccc3c2CCC3)c2c(CCC3CCCCC3)oc2cc(O)ccc12,,,
O=C1c2ccccc2-c2nnc(-c3ccc([N+](=O)[O-])cc3)cc21,5.403611660003662,5.912355422973633,5.6579835414886475
O=C(C=CC=C1CCCCC1)N1CCc2ccccc21,4.210740089416504,5.742281436920166,4.976510763168335
CC#CCN(C)Cc1cc2cc(OCc3ccccc3)ccc2n1C,4.811418533325195,7.19118070602417,6.001299619674683
COc1ccc(C2=NN(CCCCCCCN(CCCCOc3ccc(C)cc3)C(=O)C3CCCCC3)C(C)=C23C)cc1,,,
NCCOc1cccc(C(=O)Nc2ccc(Cl)cc2Cl)c1,4.27443790435791,5.731788635253906,5.003113269805908
Fc1ccc(-c2nc(-c3ccc4oc5ccccc5c4c3)co2)cc1,5.538388252258301,5.77227258682251,5.655330419540405
O=C(CCCCCCCCCCCCCCCCCCNc1c2c(nc3cc(Cl)ccc13)CCCC2)OCCC1CCCCC1,7.372573375701904,5.463816165924072,6.418194770812988
Cc1ccc(CCCCCCCNCCCCCCCCNCCCCCCNO)cc1,5.522859573364258,4.525480270385742,5.024169921875
CC(=NNc1nc(-c2ccc(F)cc2F)cs1)c1ccccc1O,6.0362935066223145,6.328718662261963,6.182506084442139
O=C(CCc1c[nH]c2ccccc12)NCCCCCCCNc1c2c(nc3cc(Cl)ccc13)CCCC2,8.849971771240234,4.756558895111084,6.803265333175659
Cc1ccc(-c2csc(NN=Cc3cccnc3)n2)cc1,4.763866901397705,5.054280281066895,4.9090735912323
O=C(C=CCN1CCCC1)Nc1ccc2c(c1)CCCC2,5.570452690124512,4.612942218780518,5.091697454452515
Cc1ccc2[nH]c3c4c(ccc3c2c1)CCCC4,6.392590999603272,6.015487194061279,6.204039096832275
CC(=O)N1CCC(=C2CCC(=O)CC2)CC1,5.050058841705322,4.900068759918213,4.975063800811768
CC(=NCCCCOc1ccc(C2=CC3CCC2C3)cc1)C1CCCCC1,5.461345195770264,5.666939735412598,5.564142465591431
CN=C(NOCc1ccc2ccccc2c1)NN=Cc1cccc(O)c1,4.858956813812256,4.469846725463867,4.6644017696380615
O=C1c2ccccc2C(=O)C1C=Cc1ccccc1[N+](=O)[O-],6.596944808959961,5.710028171539307,6.153486490249634
CCCCc1c2c(nc3ccccc13)CCCC2=O,5.21737813949585,4.111960887908936,4.664669513702393
C#CCCCCOc1ccc2c(C)cc(=O)oc2c1,3.8400766849517822,7.851490020751953,5.845783352851868
CN=C(NCC1CCNCC1)NCCCc1c[nH]c2ccccc12,4.560091495513916,3.4837231636047363,4.021907329559326
O=C(Nc1ccccc1)Nc1ccc2ccccc2c1,4.885266304016113,5.392512798309326,5.13888955116272
CCC(=O)Nc1cc(-c2cccc(OC)c2)ccc1O,4.87364673614502,5.146379470825195,5.010013103485107
Oc1onc2ccc(OCCCCN3CCCCC3)cc12,6.170826435089111,5.954402446746826,6.062614440917969
O=C(C=Cc1ccc2cccc([N+](=O)[O-])c2c1O)Nc1ccccc1F,5.532980442047119,6.225255012512207,5.879117727279663
O=C(O)c1coc2cc(OCc3cccc(Cl)c3)ccc2c1=O,5.020086288452148,6.991153240203857,6.005619764328003
CC(=O)c1ccc(OCCCCCCNc2c3c(nc4ccccc24)CCCC3)cc1,7.235213279724121,5.117079734802246,6.176146507263184
O=C1c2ccccc2C(=O)C1Cl,8.297521591186523,5.558232307434082,6.927876949310303
O=c1c2cccc(Cl)c2ncn1CCCCCCCNc1c2c(nc3ccccc13)CCCC2,8.042872428894043,4.7294111251831055,6.386141777038574
c1ccc2c(c1)Nc1c3c(ccc1NCCCC3)O2,4.585229873657227,5.551825046539307,5.068527460098267
COc1cc2c(cc1OC)C(=O)C(C)C2,7.520417213439941,4.710775375366211,6.115596294403076
CC[n+]1cc(C=Cc2ccc(OC)c(OC)c2)ccc1C,5.142585754394531,4.255295276641846,4.6989405155181885
O=C(Cc1c[nH]c2ccccc12)NC1CCCCC1,4.800573348999023,4.36796760559082,4.584270477294922
O=C(C=Cc1ccc2c(c1)OCO2)NCCCCCCCNc1c2c(nc3cc(Cl)ccc13)CCCC2,7.892737865447998,5.368799209594727,6.630768537521362
c1ccc2c(c1)CCC1CNCC21,4.5406880378723145,4.986320495605469,4.763504266738892
Clc1ccc(N=C(OCCN2CCCCC2)c2ccccc2)cc1,5.118987560272217,4.020730495452881,4.569859027862549
Clc1ccccc1NCc1ccc2c(c1)OCO2,4.500787258148193,5.050530910491943,4.775659084320068
COc1cc2ccccc2cc1C(=O)OCCOc1ccc(C=N[N+](=O)[O-])cc1,5.713491916656494,6.028672695159912,5.871082305908203
CC(=Cc1ccccc1)COc1ccc2oc3ccccc3c(=O)c2c1,4.363517284393311,5.874758243560791,5.119137763977051
CC(=O)c1cc2cc(OCCCCCN3CCC(Cc4ccccc4)CC3)ccc2o1,6.351727485656738,4.884809494018555,5.6182684898376465
O=C1c2ccccc2-c2n[nH]c3cccc1c23,4.932783126831055,5.525638580322266,5.22921085357666
OC1CCCC12CCN(Cc1cccc(Cl)c1Cl)CC2,4.857205867767334,4.441271781921387,4.64923882484436
c1ccc2c(c1)cnn2C=CCN1CCOCC1,3.775870800018311,4.660852909088135,4.218361854553223
Cc1ccc2c(CCCCCCCCCCc3ccc(O)cc3)oc(O)c2c1,6.158025741577148,5.688271522521973,5.9231486320495605
Nc1c2c(nc3ccccc13)CCCC2,6.06611967086792,2.2618794441223145,4.163999557495117
Cn1c2ccccc2c2cc(C=CCC=Cc3ccccc3)ccc21,5.11640739440918,6.376461982727051,5.746434688568115
CC(=O)c1ccc(C=CC=Cc2cccc3c2OCO3)cc1,5.117369651794434,6.505100250244141,5.811234951019287
COc1ccc(C=C2COc3ccccc3C2=O)cc1OC,5.801576614379883,5.851484775543213,5.826530694961548
COc1cc2c(Oc3ccc4ccccc4c3)nccc2cc1OCCCN1CCCCC1,5.717714309692383,5.4180684089660645,5.567891359329224
CCc1ccc(C(=O)c2cn(C3CCCCC3)c3ccccc23)nc1,5.510838985443115,4.829816818237305,5.17032790184021
O=C1CCc2ccc(OCCCCCCCNc3c4c(nc5ccccc35)CCCC4)cc2N1,7.62590217590332,5.44810152053833,6.537001848220825
COC(=O)c1cccc(N=C2CC(=O)C(=O)C2NC)c1,5.963523864746094,5.066972255706787,5.51524806022644
CN1CCc2cc(O)cc(OCCCCCOc3ccc4c(c3)CCC4)c2C1,5.0674662590026855,5.626153945922852,5.3468101024627686
CCCCCCCC=CCCCCCCCC,3.7970082759857178,5.310681343078613,4.5538448095321655
COc1cc2c(cc1OC)C1=NOC(CN3CCN(CCCl)CC3)C1CO2,6.4789719581604,4.752734184265137,5.6158530712127686
CCOC(=O)c1cc2ccccc2oc1=O,6.057555675506592,5.279997825622559,5.668776750564575
Cc1cc2cc(Cl)c(OCCCCNc3c4c(nc5ccccc35)CCCC4)cc2o1,7.47968053817749,4.809669494628906,6.144675016403198
CCc1ccccc1NC(=O)Oc1ccc2c(c1)C1(C)CCN(C)OC1N2C,6.711771011352539,5.2776780128479,5.99472451210022
CN(C)CCOc1ccc2c(c1)C(=O)CC2c1ccc(OC(=O)NCc2cccs2)cc1,6.730512619018555,5.195051670074463,5.962782144546509
O=C1Cc2ccccc2C2(CCCCCC2)O1,4.513678550720215,5.141921043395996,4.8277997970581055
Fc1cnc(Nc2ccccc2)nc1Nc1ccccc1,5.308973789215088,5.287748336791992,5.29836106300354
COc1cc2c(cc1OC)C(=O)C(Cc1cccc(Cl)c1)=N2,6.41668701171875,5.7899489402771,6.103317975997925
Cc1cccc(C=C2N3CCCC2C3)c1,5.801871299743652,5.2742600440979,5.538065671920776
O=C1c2ccccc2SCCCCCCCCNc2no[n+]1O,,,
O=C(CCCCCCCCNc1c2c(nc3ccccc13)CCCC2)NCC1CCCCC1,7.850255012512207,4.387948036193848,6.119101524353027
c1ccc2c(NCCCCCCCCCCN3CCOCC3)c3c(nc2c1)CCCC3,7.596907615661621,4.491600036621094,6.044253826141357
N#Cc1ccc2cc(OCCCCCNc3c4c(nc5ccccc35)CCCC4)ccc2c1,6.662476539611816,5.476571083068848,6.069523811340332
CCOc1ccc(CC2=NC3=CCCCC3CN2C)cc1,5.778184413909912,5.0534868240356445,5.415835618972778
O=c1[nH]c2ccccc2c(=O)n1OCCCCCCCNc1c2c(nc3cc(Cl)ccc13)CCCC2,8.395902633666992,5.153933525085449,6.774918079376221
COc1ccc(C=Cc2ccc(N(C)C)c([N+](=O)[O-])c2)cc1,5.227148532867432,5.5497002601623535,5.388424396514893
COc1cc2oc(-c3cccc([N+](=O)[O-])c3)nc2cc1OC,5.58181095123291,5.547265529632568,5.564538240432739
Cc1cc2c(=O)n(CCCOc3cccc(Br)c3)c(C)oc2cc1C,,,
N#CCOc1ccc(C=C2C(=O)ON=C2C)cc1,5.211113452911377,6.850090026855469,6.030601739883423
c1ccc2c(NCCC3CCC4CCNCC43)c3c(nc2c1)CCCC3,7.32357931137085,4.253776550292969,5.788677930831909
Fc1ccc(-c2nc3cc(C=CCc4cc[n+](O)cc4)ccc3o2)cc1,5.915881156921387,5.398690223693848,5.657285690307617
COc1cc2c(c3ccccc13)C(=O)NC2=O,6.760661602020264,5.955592632293701,6.358127117156982
COc1ccc(CNC2CCC(CO)(COCc3ccccc3)CC2)cc1,4.505492210388184,4.280354976654053,4.392923593521118
CC(=CC=C1CC(CO)(COCc2cccc(Cl)c2)OC1=O)CC=CC=CC=CC=CC=C(C)CN=C(C)CC=C(C)C,4.220626354217529,5.85142183303833,5.03602409362793
C#CCNCc1cc2cc(OCCCC3CCN(Cc4ccccc4)CC3)ccc2n1C,6.535331726074219,5.230189323425293,5.882760524749756
Oc1occ2ccc(OCCCCCN3CCC(c4ccccc4)CC3)cc12,5.342790126800537,5.988131523132324,5.665460824966431
COc1cc2c(cc1OC)CC1=CCCC2CN(C)C,,,
COc1ccc(C=C2CCCCCC2=O)cc1,4.1569695472717285,5.480277061462402,4.818623304367065
CN(CCCNc1c2c(nc3cccc(Cl)c13)CCCC2)CCCCCC1CCN=C(C)C,,,
O=C1C=CC(=CNNc2nsc3ccccc23)Cc2ccccc21,5.130816459655762,5.4443464279174805,5.287581443786621
Cc1ccc(C(=O)c2c3c(nc4ccccc24)CCCC3)cc1,5.051737308502197,4.028916835784912,4.540327072143555
c1ccc(-c2cc(-c3ccccc3)c3cc(C4CCCCC4)ccc3n2)cc1,4.6960930824279785,5.013373374938965,4.854733228683472
O=C(CCc1c[nH]c2ccccc12)NCCc1c[nH]c2ccccc12,5.638243198394775,5.889764785766602,5.7640039920806885
CN(C)C(=O)Oc1ccc2c(c1)OC(=O)C1CCCC=C21,5.842621326446533,4.86826229095459,5.3554418087005615
O=C(C=Cc1ccc(OCc2ccc3ccccc3c2)cc1)Nc1ccccc1,4.442199230194092,6.523532390594482,5.482865810394287
Cc1cccc(C=Cc2cc[n+](C)cc2)c1,3.64296293258667,4.786401748657227,4.214682340621948
CCCCCCCCNCCCCCCCCCN=C(C)c1ccccc1,5.166656017303467,4.947401523590088,5.057028770446777
O=C(C=CC=CC1=[N+](c2ccccc2)CCCC1)Nc1cccc(F)c1,4.6985764503479,5.905676364898682,5.302126407623291
Cc1ccc(C=CC(=O)c2ccc3c(c2)OCCO3)o1,5.773681640625,5.642202377319336,5.707942008972168
O=C(O)c1ccc2c3c1cccc3[nH]c1cccc312,,,
NC(=O)c1cccc(N=Nc2c(O)n(Cc3ccccc3)c3ccccc23)c1,5.946732997894287,4.05730676651001,5.002019882202148
COc1cc(OC)cc(C(=O)OCN2C(=O)c3ccccc3C2=O)c1,6.056179046630859,4.905301094055176,5.480740070343018
O=C1c2ccccc2C(=O)C1CCCN(Cc1ccc(F)cc1)C1=NOC1CCCCC1,,,
O=C(CCc1c[nH]c2ccccc12)NCc1ccccn1,4.498306274414063,5.205539703369141,4.851922988891602
Clc1ccc2c(c1)nc(NC1CCCCC1)c2CN2CCCCCC12,,,
CNc1cc2c(cc1O)CC(O)CC2,4.898495197296143,4.398975372314453,4.648735284805298
Cc1ccc2ncnc(NCc3ccccc3)c2c1,4.310967445373535,4.599459648132324,4.45521354675293
CC(=O)c1c(C)c2cnc(OC(C)C3CCN(C4CCC4)CC3)nc2oc1=O,6.436374187469482,6.105147838592529,6.270761013031006
CCOc1cccc2c1c(=O)oc1cc(O)ccc12,5.765913963317871,4.662484169006348,5.214199066162109
C#CCOc1ccc2c(CCCCCCCCC=CCCCCCCCCCCCN3CCCCC3)coc2c1,5.976251602172852,6.323363304138184,6.149807453155518
O=C1c2ccccc2-c2nnc(-c3ccccc3[N+](=O)[O-])nc21,4.506824493408203,4.555910110473633,4.531367301940918
Fc1ccc(-c2nc3ccc(F)cc3c(=O)o2)cc1,5.354111671447754,7.356444358825684,6.355278015136719
O=c1ccoc2ccc(OCc3cccc(C(F)(F)F)c3)cc12,5.2132248878479,7.16575813293457,6.189491510391235
Cc1ccccc1-c1ccc2c(=O)n(CCCCCCCCCCN)ccc2c1,4.352175235748291,5.689370155334473,5.020772695541382
O=C(C=Cc1cccc(OC(F)(F)F)c1)OC=CC=CC(=O)N1CCOCC1,5.054494857788086,6.285945415496826,5.670220136642456
Cn1cc(C=CC(=O)c2ccc(F)cc2)c2ccccc21,4.577547073364258,6.019975662231445,5.298761367797852
C=CC#Cc1cccc(C2=NN(CCCCCCCCN(C)C(=O)CCCCC)CC2)c1,6.446249961853027,5.901523590087891,6.173886775970459
COc1ccc(C2=CC=C3CCCCCC3C(=O)OC(C)C2)cc1,4.05897331237793,5.814262866973877,4.936618089675903
O=C1CCCN1CCCOc1ccc(C2=CCOCC2)cc1,5.38283634185791,6.080943584442139,5.731889963150024
O=C1c2ccccc2C(=O)C1c1ccc2ccccc2n1,6.152777671813965,5.358292579650879,5.755535125732422
O=C1C=CC(=COCc2ccc(OCCCCN3CCCCC3)cc2)CC1=O,5.357780933380127,5.744782447814941,5.551281690597534
CN(C)c1ccc2c3c(cccc13)C(=O)N2CCCCOCCOCCOCCn1c2c2ccccc2c2ccccc21,,,
COc1cc2c(cc1OC)CCCC2=NO,3.8215293884277344,4.081798553466797,3.9516639709472656
O=C(NCC1CCN(Cc2ccccc2)CC1)c1cc2ccccc2oc1=O,7.175907135009766,4.079118251800537,5.627512693405151
Cc1ccc(CCCCCCCCCCCCNCCO)cc1,4.982340335845947,5.087386131286621,5.034863233566284
C#CCNCc1cc2cc(OCCCCCCCCNc3c4c(nc5ccccc35)CCCC4)ccc2n1C,6.972628116607666,5.489955902099609,6.231292009353638
COc1cc(=O)oc2c(CNCCCCCCNc3c4c(nc5ccccc35)CCCC4)c(O)ccc12,7.843917846679687,4.405363082885742,6.124640464782715
COc1ccc2c(=O)c(-c3cc4ccccc4oc3=O)coc2c1,5.899646759033203,5.706119060516357,5.80288290977478
O=c1ccoc2ccc(OCc3ccc(Cl)c(Cl)c3)cc12,3.698055028915405,7.538025856018066,5.618040442466736
CCc1cc2c(=O)n(CCc3ccccc3)c(C)nc2s1,5.456604957580566,6.017925262451172,5.737265110015869
C#CCNCc1cccc(OCC#CCN)c1,3.735550165176392,5.873805046081543,4.804677605628967
COc1cc2c(cc1OC)C(=O)C(Oc1ccc(C3=CCN(C)CC3)cc1)C2,5.923560619354248,5.050142288208008,5.486851453781128
O=c1cc(OCc2cccc(Cl)c2Cl)c2ccccc2o1,4.496590614318848,5.897351264953613,5.1969709396362305
CN(C)C1CCC(CNC(=O)CCc2ccccc2)CC1,5.456787586212158,3.028963565826416,4.242875576019287
O=c1cc(=O)oc2cc(OCc3cccc(C(F)(F)F)c3)ccc12,,,
COc1cc2c(cc1OC)C(=O)C(=Cc1cc(F)cc(F)c1)OC2,5.622950077056885,6.504398345947266,6.063674211502075
COc1cc2c(cc1O)C(=O)CC1(CCN(Cc3cccc(C=CC=CC(=O)O)c3)CC1)O2,5.252471923828125,4.8669281005859375,5.059700012207031
Cc1ccc2c(c1)C(=O)c1ccccc1C2=O,4.4001569747924805,6.590634346008301,5.495395660400391
O=C(C=Cc1ccccc1)OCCCOc1cccc(CO)c1,4.517735958099365,6.662701606750488,5.590218782424927
COc1cccc(C=CC=CC(=O)c2cc(C)c(C)o2)c1O,6.242185592651367,6.001736640930176,6.1219611167907715
NC1CCC(Nc2nc(Cl)cc(-c3c[nH]c4ncccc34)n2)CC1,4.97873067855835,5.070710182189941,5.0247204303741455
CCOC(=O)c1cn(CCCCCCNc2c3c(nc4ccccc24)CCCC3)nn1,8.159297943115234,4.964890003204346,6.56209397315979
C=C(F)CNc1cc2c(cc1Cl)OCO2,4.561960697174072,5.657789707183838,5.109875202178955
CC=CCOc1ccc2c(=O)c3ccc(C4(O)CCCCC4)cc3oc2c1,5.349900722503662,5.929262638092041,5.639581680297852
COc1ccc(C2CNC(=O)c3ccnc(C#Cc4ccccc4)c32)cc1,5.058243274688721,6.535472393035889,5.796857833862305
Cn1cc(Cl)c2cc(OCc3cccc(C#N)c3)ccc21,4.461748123168945,7.872086524963379,6.166917324066162
NCc1ccc(C(=O)OC2COC3C(OCCc4ccccc4)OC(CO)C(O)C3O2)cc1,4.615792751312256,4.862321376800537,4.7390570640563965
CCCCC(C)C=C(C)C=CC(=O)Oc1cc2c(=O)n(C)c(=O)oc2cc1O,4.712786674499512,5.768651962280273,5.240719318389893
C#CCCCn1c2cc(OCCCCCCCCCCCCCOc3ccc(C)cc3)ccc2c2ccccc21,4.680598258972168,6.890073776245117,5.785336017608643
CCCCCCCC=CCC=CCCCCCCC[n+]1ccccc1,5.946344375610352,4.493098258972168,5.21972131729126
COc1cc2c3ccoc3c(C)c(OC)ccc3c(C)c2o1,,,
COc1cc2c(=O)n3c(sc(=NCCCN4CCCCC4)c3=O)c(C)nc2cc1OC,,,
O=c1ccc(C2=CCOCC2)c2ccc3ccccc3c12,,,
CC(=O)NC1CCCOc2ccc(CCC(=O)C3CCC3)cc21,4.245943546295166,4.619812488555908,4.432878017425537
CN=C1CCc2c1n(C)c1ccc(OC(=O)N(C)CCCCCCCNc3c4c(nc5ccccc35)CCCC4)cc12,6.937116622924805,4.561117649078369,5.749117136001587
CCCCCCCNC(=O)CCCCCCCCN=C(C)CCCCC,5.617949485778809,5.754236221313477,5.686092853546143
CCc1c2[nH]c3c(c[n+](C)c4ccccc34)c2c2c3cc(OC)ccc3nc21,5.995863914489746,5.808844566345215,5.9023542404174805
Cc1ccc2c(=NCCC3CCCCC3)noc2c1,,,
Fc1ccc(-c2nc3cc(NCCCCCCNc4c5c(nc6ccccc46)CCCC5)ccc3o2)cc1,7.631918430328369,5.161693572998047,6.396806001663208
COc1cc2c(cc1OC)C1=NOC(COCc3ccccc3)CC21,6.248034477233887,5.52644681930542,5.887240648269653
O=C(Nc1cccc(Cl)c1)ON=C1CCCCC1,5.198586463928223,5.2651214599609375,5.23185396194458
CCN(CCCCCN=C1CC(=O)C(=NCCCCCCN(CC)CC)CC1=O)CCCN=C(N)N,6.749037265777588,6.041217803955078,6.395127534866333
COc1cc(C(=O)C=CCCCCC(=O)Nc2ccc(OC)c(OC)c2)cc(OC)c1OC,5.881067276000977,4.300595283508301,5.090831279754639
C#CCN(C)Cc1cc2cc(OCCC3CCN(Cc4ccccc4)CC3)ccc2n1C,6.383633136749268,5.55838680267334,5.971009969711304
CC1CCC(=C2CCN(Cc3ccc(CO)cc3)CC2)CC1,5.852742671966553,3.889183282852173,4.870962977409363
CC(Cc1cc2ccc(OC(=O)NCCc3ccccc3)cc2o1)NCCCCCCCO,6.505246639251709,5.154494285583496,5.8298704624176025
CNC(=O)C=Cc1c(C)nc2ccccc2c1C,5.503920078277588,6.102572441101074,5.803246259689331
O=c1ccoc2ccc(OCc3cccc(F)c3)cc12,4.322712421417236,7.554745674133301,5.9387290477752686
Cn1nnc(CCCCCCCNc2c3c(nc4ccccc24)CCCC3)n1,8.289200782775879,4.869112014770508,6.579156398773193
CC(=NNc1nc(-c2ccc(F)cc2F)cs1)c1cccnc1,5.621513843536377,7.063533782958984,6.342523813247681
O=C(O)CC(COc1ccc(Cl)cc1Cl)CN1CCCC1,4.891582489013672,3.874891757965088,4.38323712348938
CCCCCCCCC=CCCCCCCCCC(=O)Nc1cc(O)oc1C,5.9038567543029785,5.864128589630127,5.883992671966553
CC1=Nc2cc(CCCCCCCCNc3c4c(nc5ccccc35)CCCC4)ccc2CO1,7.86295747756958,5.0784125328063965,6.470685005187988
CC#CCN(C)Cc1cc2ccc(OCc3ccccc3)cc2n1C,4.876923084259033,7.075457572937012,5.9761903285980225
CCCOc1ccc2cc(-c3ccc(C(=O)NCCCCCCCCCN4CCCCC4)cc3)ccc2c1,6.208385467529297,5.103528022766113,5.655956745147705
CN(C)C1CCOC(COCc2ccccc2Cl)C1,4.737756729125977,4.414875984191895,4.5763163566589355
Cc1cccc(C)c1N=Cc1ccc(O)c(O)c1O,5.70860481262207,5.598799228668213,5.653702020645142
NC(=O)C1COc2ccccc2O1,6.503917217254639,4.294736862182617,5.399327039718628
COc1cc2c(cc1OC)C(=O)c1cc(Br)ccc1O2,5.868172645568848,5.17000150680542,5.519087076187134
O=C(CCc1c[nH]c2ccccc12)NCCc1ccccc1,4.89785623550415,5.185283184051514,5.041569709777832
COc1cc2c(cc1OC)C(=NOC(C)C)CCC2,5.960165977478027,3.1917548179626465,4.575960397720337
COc1cc2c(cc1Cl)C(=O)CC(C2)NC1CCCCC1C,5.04999303817749,5.1039228439331055,5.076957941055298
O=C(C=CC=CCCCCCNc1c2c(nc3ccccc13)CCCC2)NCCC1CCCCC1,6.863264560699463,4.859266757965088,5.861265659332275
C#CCNC1CCc2ccccc21,3.722722053527832,6.786684989929199,5.254703521728516
CC(=O)N1CCC(=C2CCN(Cc3ccc(OCc4ccccc4)cc3)CC2)CC1,5.4513115882873535,4.922756671905518,5.1870341300964355
Nc1c2c(nc3ccc(OCc4ccc(Cl)cc4)cc13)CCCC2,5.601215362548828,5.000749588012695,5.300982475280762
c1ccc(C2=NN=C(Nc3ccc4c(c3)OCO4)CC2)cc1,6.661389350891113,5.451857566833496,6.056623458862305
Cc1cccc(C2CC(=O)c3ccccc3O2)c1O,6.559375286102295,6.2735137939453125,6.416444540023804
COc1cc(OC)c(C=CC2CCn3c2nc2ccccc23)cc1OC,5.475371360778809,5.0467143058776855,5.261042833328247
CCOC(=O)OCCCc1cccc(Cl)c1,3.775201320648194,5.501002311706543,4.638101816177368
O=C(CCc1ccccc1)NC1=CC2CC1C(=O)C2,4.791450500488281,5.334239482879639,5.06284499168396
COc1ccccc1CC(=O)N1CCOCC1,5.608835697174072,4.546003341674805,5.0774195194244385
O=c1ccsc1-c1ccc2c(c1)CCCC2=O,,,
C#CCNC(C)Cc1c[nH]c2ccc(OCCCF)cc12,4.577548503875732,6.757851600646973,5.6677000522613525
O=C(CCCCCCCCCCCNc1c2c(nc3cc(F)ccc13)CCCC2)CCCCC1CCCCC1,8.030815124511719,4.967229843139648,6.499022483825684
CCc1ccc(C=CCc2c(OC)ccc3ccccc23)[n+](C)c1,5.301968097686768,4.94751501083374,5.124741554260254
Cc1cccc2ccCCOc3cc(Cl)ccc3[N+](=O)[O-])cc(=O)oc12,,,
Cc1ccc(-c2csc3ncnc(NCCN(C)C)c23)cc1,4.4506707191467285,5.852590560913086,5.151630640029907
CC(=NOC(C)=O)c1csc(C=Cc2cccc(C(F)(F)F)c2)c1,6.1336188316345215,6.427041053771973,6.280329942703247
CC(c1ccccc1)N1C(=O)OC(C)(C)C1=O,6.829805374145508,4.898379325866699,5.8640923500061035
O=[N+]([O-])C=Cc1ccc2c(c1)OCO2,5.300719738006592,5.019782543182373,5.160251140594482
O=[N+]([O-])c1ccc2c(c1)S(=O)(=O)N=C2c1ccc(Br)cc1,6.09726095199585,5.849719524383545,5.973490238189697
CN(C)c1ccc(C(=O)c2ccc(N(C)C)cc2)cc1,4.617396354675293,5.149342060089111,4.883369207382202
O=C1N=C2COc3cc(OCc4ccccc4I)ccc3C2=C1CCCC1,,,
COc1ccc(C=Cc2cc3cc(OC)ccc3nc2N)cc1,4.913848400115967,5.568668842315674,5.24125862121582
COc1ccc2c(C)cc(=O)oc2c1C,5.554831504821777,5.932547569274902,5.74368953704834
COc1cccc(NC(=O)C=CC=Cc2ccc(OC)cc2)c1,4.464263916015625,5.628414630889893,5.046339273452759
CCCc1c2c(nc3cc(C)ccc13)CCCC2,6.180637359619141,4.310585498809815,5.2456114292144775
COc1cc(C2CC=C(c3ccc4[nH]ccc4c3)CC2)ccc1O,4.599374294281006,6.505102157592773,5.55223822593689
O=C(NCCCCCCCCNc1c2c(nc3ccccc13)CCCC2)c1c[nH]c2ccccc12,8.399730682373047,4.698599338531494,6.5491650104522705
CC(=O)c1c(C)c2cnc(OCc3ccc4c(c3)OCO4)nc2oc1=O,5.729433536529541,6.294857978820801,6.012145757675171
Cc1cccc(C)c1OCC(=O)NCCn1c2ccccc2c2ccccc21,5.691037178039551,5.577132225036621,5.634084701538086
CCC1CCCCN1C(=O)Cc1ccc(OC)cc1,4.93877649307251,4.140533924102783,4.5396552085876465
Fc1ccc(COc2ccc(CCNCCOc3cccc4[nH]c5ccccc5c34)cc2)cc1,5.096647262573242,6.157524108886719,5.6270856857299805
Nc1cccc(C=CCc2cccc[n+]2CCCCCCc2cccs2)c1,5.637356281280518,4.004154682159424,4.820755481719971
COc1ccccc1N=C1CCCCC1C,6.528333187103272,4.546022415161133,5.537177801132202
CC(=O)Nc1ccc2c(c1)c1cc(C#N)ccc1c1ccccc1n2C,5.457510948181152,5.9870452880859375,5.722278118133545
COc1cc2c(cc1OC)CC(C(=O)CCc1ccc(F)cc1)O2,6.117245674133301,5.481399059295654,5.7993223667144775
O=C1Cc2c(ccc3cc([N+](=O)[O-])ccc23)O1,5.157947540283203,6.808463096618652,5.983205318450928
FC(F)(F)c1cccc(-c2csc(NN=Cc3cccc4ccccc34)n2)c1,5.7200117111206055,5.365306377410889,5.542659044265747
NC1CCC2(CC1)Oc1ccc(Cl)cc1C1CC(c3ccc(Cl)cc3)=NN12,7.141594886779785,5.941859245300293,6.541727066040039
O=C1C=CC(=COc2ccc(OCCCCCCNc3c4c(nc5ccccc35)CCCC4)cc2)C=C1,5.980330944061279,5.871893882751465,5.926112413406372
CC(C)C(=O)Nc1ccc2oc(O)cc2c1,5.308753490447998,4.965543746948242,5.13714861869812
C=CCC1Oc2ccccc2N(Cc2cccc(C)c2)C1=O,5.929034233093262,4.319763660430908,5.124398946762085
CC(=O)c1ccc2c3c(oc2c1)CCCN3CCCCCCC3,,,
CCOc1cc2occ(-c3ccccc3)c(=O)c2cc1OC,6.215630531311035,5.209407806396484,5.71251916885376
O=C(c1cc2ccccc2oc1=O)N1CCN(c2cccc3ccccc23)CC1,5.514898777008057,5.29268741607666,5.403793096542358
O=[N+]([O-])c1ccc(CON=Cc2ccc(C(O)=NO)cc2)cc1,4.614790916442871,4.912051200866699,4.763421058654785
Cc1c2c(n3ccccc13)CCC2,5.001367092132568,4.48894739151001,4.745157241821289
COc1ccccc1NC(=O)c1cccc(S(=O)(=O)N(C)CCC#N)c1,6.286921977996826,4.67827033996582,5.482596158981323
Cc1cc2c(CCCCCCCCCNc3c4c(nc5ccccc35)CCCC4)coc2cc1O,8.014396667480469,5.004879474639893,6.509638071060181
C#CCCCOc1ccc2c(=O)cc(CCCCCCCNc3c4c(nc5ccccc35)CCCC4)oc2c1,6.911563873291016,5.531276702880859,6.2214202880859375
COc1cccc(C=CCN=C(C)Cc2cc3ccccc3o2)c1,5.046749114990234,5.0789642333984375,5.062856674194336
c1ccc2c3c(cccc3c1)C(=O)N2,,,
O=C1CCc2cc(OCc3ccc(Cl)cc3)ccc2N1CCCCCCN1CCOCC1,5.890482425689697,5.821109294891357,5.855795860290527
CCOC(=O)C1CCCN(Cc2ccc(OC)cc2OC)C1,6.184494972229004,3.111928939819336,4.64821195602417
O=c1ccoc2ccc(C(O)Oc3ccccc3)cc12,5.119928359985352,4.8583292961120605,4.989128828048706
CN1CCN(CCCCNc2c3c(nc4ccccc24)CCCC3)CC1,7.23049259185791,3.5888400077819824,5.409666299819946
CC(N)Cc1c[nH]c2ccc(OCCCCCc3ccccc3)cc12,4.478030204772949,5.332206726074219,4.905118465423584
O=c1ccoc2ccc(OCc3ccc([N+](=O)[O-])cc3)cc12,5.083423137664795,7.122147560119629,6.102785348892212
CN1CC=C(c2ccccc2)CC1,3.330118179321289,3.903663158416748,3.6168906688690186
O=C(C=Cc1ccc2c(c1)OCO2)NCc1cccc2ccccc12,4.519371032714844,6.527883052825928,5.523627042770386
CCc1c2c3c(C)nn(-c4ccccc4)c3nn1C,,,
O=C(C=Cc1ccc2c(c1)OCO2)N1CCCCC1,5.749726295471191,5.704174518585205,5.726950407028198
O=[N+]([O-])c1cccc(C2CC(c3c4ccccc4cc4ccccc34)=NN2)c1,6.911561965942383,8.063535690307617,7.487548828125
CCOc1ccccc1C=CC=NNC(=O)c1ccc2c(c1)OCO2,5.964130401611328,5.413110733032227,5.688620567321777
COc1ccc2c3c1OC1CC(O)C=CC31CCN(CCCCCCCCNc1c3c(nc4ccccc14)CCCC3)C2,8.287239074707031,5.052994251251221,6.670116662979126
O=C1CCc2cc(OCCCCCCCNc3c4c(nc5ccccc35)CCCC4)ccc2N1,7.583569526672363,5.467265605926514,6.5254175662994385
c1ccc(N=C2CCC(c3coc4cc(OCCN5CCCCC5)ccc4c3=O)C2)cc1,5.925769329071045,5.421536445617676,5.67365288734436
c1ccc2c(NCCCCCCCCNc3c4c(nc5ccccc35)CCCC4)c3c(nc2c1)CCCC3,8.564793586730957,4.056234359741211,6.310513973236084
Cc1occc1COC(=O)c1c2ccccc2c2ccccc12,,,
Cc1c(F)cc(C2=NCC(C)C(c3cccs3)N2)cc1F,6.03958797454834,6.954593658447266,6.497090816497803
O=c1ccoc2ccc(OCCCCCCNc3c4c(nc5ccccc35)CCCC4)cc12,6.876397132873535,5.100113391876221,5.988255262374878
CCN(C)C(=O)C1CCN(Cc2ccc(OCCCCCNc3c4c(nc5ccccc35)CCCC4)cc2)CC1,7.2989501953125,4.236483573913574,5.767716884613037
CCCCCCCCCCCCCCCC[n+]1cn(C)cc1,6.336484432220459,5.521716117858887,5.929100275039673
COc1cccc(C(C)NC(=O)c2ccc3cc(OC)ccc3c2)c1,4.87721061706543,4.6341753005981445,4.755692958831787
COc1ccc(C#Cc2ccc(=O)n(CC3CCCCC3)n2)cc1,5.128561496734619,5.574136257171631,5.351348876953125
CN(C)CC[n+]1cccc2c3ccccc3ccc21,3.7161242961883545,4.919766426086426,4.31794536113739
O=c1onc2ccc(OCCCCCCCNc3c4c(nc5ccccc35)CCCC4)cc12,,,
Cc1ccc2c(c1)OC(=O)C=C2CCCCCCCCCCCCCCCCCOCCN=C(C)C,5.791183948516846,6.456295013427734,6.12373948097229
Clc1ccc2c(c1)N(CCC1CCCCC1)CC2,6.5234904289245605,4.704697132110596,5.614093780517578
Cc1ccccc1C=CC=NNc1ccc(C(=O)O)cc1,5.282751560211182,5.829659938812256,5.556205749511719
c1ccc(Cn2c3c(sc2=NCCNC3)cc1,,,
CC(=O)NCCCCCCCCCCCNc1c2c(nc3ccccc13)CCCC2,7.718489646911621,4.716310501098633,6.217400074005127
COc1cc2c(cc1OC)C(=O)C2CCCCCCCCOCN1CCCC1,6.954049110412598,5.507865905761719,6.230957508087158
Cc1cccc(C=C2CCC(=C3CCOc4ccc(O)cc43)CC2)c1,5.515285968780518,6.459385871887207,5.987335920333862
COc1ccc(-c2cc(=O)oc3c(OC)c(OC)ccc23)cc1,5.558199882507324,5.029562473297119,5.293881177902222
C#CCN1CCC(COc2ccccc2OC)CC1,4.909737586975098,4.904061317443848,4.906899452209473
O=C1NC(=O)c2coc3cccc(c3c2=O)N1,6.057868003845215,4.651763916015625,5.35481595993042
O=C1CCc2ccc(OCCCCNc3c4c(nc5ccccc35)CCCC4)cc2N1,7.4235758781433105,5.196646690368652,6.3101112842559814
O=C(CCc1c[nH]c2ccccc12)N=C1C2CCC(O2)C1C=CCC2C2CCC12,,,
CN(C)C1CCCC1Oc1ccc2ccoc2c1,4.757907390594482,5.194326877593994,4.976117134094238
C#Cc1coc2ccc(OCCCCCCCCN3CCCCC3)cc12,5.780200004577637,6.543705463409424,6.16195273399353
COc1cc2cc(-c3ccccc3)cc(CNCCCCCCNc3c4c(nc5ccccc35)CCCC4)c2o1,7.169023990631104,4.2974042892456055,5.7332141399383545
O=c1ccoc2ccc(OCc3ccc(F)cc3Br)cc12,4.2452545166015625,7.104058265686035,5.674656391143799
CC1=NC2CCCCC2C1=CC=Cc1ccco1,5.528497695922852,6.680217742919922,6.104357719421387
Nc1ccc(C(=O)Nc2ccc3c(c2)CCCC3)cc1,5.212925910949707,5.366454601287842,5.289690256118774
Cc1c2c(n3c1CCOC3=O)OCC2=O,5.785569190979004,4.916476249694824,5.351022720336914
CC(C)=Cc1c2cc(O)ccc2n1CC=Cc1ccccc1,,,
NC(Cc1c[nH]c2ccc(O)cc12)C(=O)O,4.506577491760254,4.532229900360107,4.519403696060181
COc1cc2c(cc1OC)CC(c1ccccc1Cl)OC2,4.604404449462891,5.502628803253174,5.053516626358032
O=C1NC(=O)c2cc(OCCCCCOc3cccc(-c4ccc(Cl)cc4)c3)ccc21,5.591026306152344,7.63720703125,6.614116668701172
COc1ccc(C(=O)NCc2ccco2)cc1OC,5.555759429931641,4.152295112609863,4.854027271270752
O=C1CCc2ccc(OCCCCCNc3c4c(nc5ccccc35)CCCC4)cc2N1,7.586210250854492,5.279542446136475,6.432876348495483
O=C1CCCc2cc(OCCCCCCCNc3c4c(nc5ccccc35)CCCC4)ccc21,7.376090049743652,5.362789154052734,6.369439601898193
O=C1C=CC=CC1=Cc1ccc(O)c(O)c1O,5.294361114501953,6.852266311645508,6.0733137130737305
CC1=CC2Cc3nc4cc(Cl)ccc4c(NCCCCCCNc4c5c(nc6ccccc46)CCCC5)c3C(C1)C2,8.81264877319336,4.463440418243408,6.638044595718384
O=C1c2ccccc2C(=O)C1OC(=O)c1ccccc1,6.635570526123047,4.259872913360596,5.447721719741821
COc1cc2c(cc1OC)C(=O)c1cccc(Cl)c1C2=O,5.995085716247559,5.894866943359375,5.944976329803467
COc1ccc2c3c1OC1CC(O)C=CC31CCC2,4.578548908233643,6.187087059020996,5.382817983627319
Clc1ccc(COCCCCCCN2CCN(c3ccccc3)CC2)cc1,5.293816089630127,4.618002891540527,4.955909490585327
Cc1ccccc1-c1cc2cc3ccc(O)cc3oc2o1,,,
COc1cc2c(c3cc4ccccc4cc3[n+]2C)c2ccoc12,,,
COC(=O)CCCCCCCCCCCCCNC(=O)CCCCC[N+](C)(CC)Cc1ccccc1,7.137811183929443,4.958493709564209,6.048152446746826
Cc1ccc(COCCOc2ccc3oc(N)c(C)c3c2)cc1,5.293538570404053,6.481899738311768,5.88771915435791
O=c1ccoc2ccc(OC(=O)c3ccc([N+](=O)[O-])cc3)cc12,5.613656044006348,5.439423561096191,5.5265398025512695
c1cc[n+](CCCCCCCCCCC[n+]2ccc3ccccc3c2)cc1,7.261047840118408,4.357143402099609,5.809095621109009
N#Cc1ccc(NC(=O)N2CCC(CN3CCCC(Cc4cccc(F)c4)C3)CC2)cc1,5.826119899749756,4.180045127868652,5.003082513809204
CNC(=O)C1CCN(CCc2c[nH]c3ccc(OC)cc23)CC1,5.52411699295044,4.610837459564209,5.067477226257324
COCCCNc1c2c(nc3ccccc13)CCCC2,6.4857258796691895,4.169631004333496,5.327678442001343
CN(C)c1ccc(C2=NN(CCCCCCCCN(C)C(=O)c3ccc(F)cc3)C(c3ccc(F)cc3)C2)cc1,6.088233947753906,5.81203031539917,5.950132131576538
NC1CCc2c(OCC3CCOCC3)cccc2C1O,4.668583869934082,4.540247917175293,4.6044158935546875
O=C(Cc1cccc2ccccc12)NCCC1CCCN1CCCC1,,,
CC1CC(C)CN1CCc1c[nH]c2ccccc12,5.199091911315918,4.18914270401001,4.694117307662964
O=C(C=CCc1ccccc1)c1ccccc1OCCCCCNc1c2c(nc3cc(Cl)ccc13)CCCC2,6.8178534507751465,4.620052814483643,5.7189531326293945
CC#CC1(O)CCC2C3CC=C4CC(=O)CCC4=C3C(c3ccc(OC(C)=O)cc3)CC21C,5.390438079833984,7.160188674926758,6.275313377380371
CCCc1c2c(nc3cc(Cl)ccc13)CCCC2,6.3712334632873535,4.222959518432617,5.297096490859985
CC(C=CC=CC1=[N+](C)c2ccccc2C1=O)CCC[N+](C)(C)C,4.630219459533691,3.876374244689941,4.253296852111816
Cc1c2ccccc2n1CCCN1CCCC(C)C1,,,
Cc1c(C)c2ccc(OCc3cccc(C(F)(F)F)c3)cc2oc1=O,5.26776123046875,8.41046142578125,6.839111328125
O=C(CCCCCCCCCCCCC[n+]1ccn(Cc2ccccc2)c1)c1ccccc1,6.9233880043029785,4.152738571166992,5.538063287734985
CC(=NNc1nc(-c2ccc(O)c(F)c2)cs1)c1ccccn1,5.567953586578369,5.758017063140869,5.662985324859619
O=C1NC(=O)c2cc(OCc3ccc(C4CC4)o3)ccc21,6.635383605957031,7.252570152282715,6.943976879119873
CC(C(=O)c1ccccc1)=NNc1ccc(C(=O)O)cc1,5.925910472869873,5.331296920776367,5.62860369682312
O=C(F)COc1ccc2c(c1)S(=O)(=O)c1ccccc1C2=O,5.497531890869141,6.36226749420166,5.9298996925354
COc1ccc2oc3cc4c(cc3c(=O)c2c1)OCO4,5.844437122344971,4.7639689445495605,5.304203033447266
CC(=O)Nc1ccc2c(c1)C(=O)C(=O)c1ccccc1C2=O,5.214906215667725,5.791311740875244,5.503108978271484
CC(=O)N1N=C(c2ccc(OCCCCCCCCCCCCNc3c4c(nc5ccccc35)CCCC4)cc2)CC1c1cccc([N+](=O)[O-])c1,6.672068119049072,6.045827865600586,6.358947992324829
O=C(C#Cc1ccccc1)NC1=CCCCC1,4.233857154846191,5.885914325714111,5.059885740280151
CC(=NNc1nc(-c2ccc(F)cc2)cs1)c1ccc2c(c1)CCCC2=O,6.232989311218262,6.685427665710449,6.4592084884643555
O=C(CCSc1ccc(Cl)cc1)c1occc1C(=O)O,5.877518653869629,5.837695121765137,5.857606887817383
COc1ccc(C=C2CCCCC2=O)cc1,4.293900966644287,5.6842193603515625,4.989060163497925
N#CCCN1N=C(c2ccc(O)c(O)c2)OC1=O,6.0057549476623535,4.709637641906738,5.357696294784546
CC1=NC2C(O)=C(C)C(C)CC(C)(C)C2OC1=O,5.773138999938965,6.841290473937988,6.307214736938477
CC(=NNc1nc(=O)cs1)c1ccc(C#N)cc1,,,
COc1cc2c(cc1OC)C(=O)C(Oc1ccc(C(C)=O)cc1)C2,7.102496147155762,4.803229808807373,5.952862977981567
O=C1CCc2cc(OCCCCCCNc3c4c(nc5ccccc35)CCCC4)ccc2N1,7.614392280578613,5.364870548248291,6.489631414413452
O=[N+]([O-])c1ccc(-c2nc(-c3ccc(F)cc3)cs2)cc1,5.443270206451416,6.371750831604004,5.90751051902771
CCCCN(C)CCCCOc1cc2nc[nH]c(=O)c2cc1C,5.584712982177734,5.940424919128418,5.762568950653076
N#CCCCCCCOc1cccc(CCCCCNc2c3c(nc4ccccc24)CCCC3)c1,6.690670013427734,5.2469587326049805,5.968814373016357
CN(C)c1ccc(-c2cc(C3=CCCCC3)cc(C(=O)c3ccccc3)c2)cc1,4.806036949157715,5.0851359367370605,4.945586442947388
CC(C=CC=CC1CC(O)CC(O)C1CC=CCCCC(=O)O)OCC1,,,
O=C(CCc1ccc(OCCN2CCCCC2)cc1)c1ccccc1,5.711219310760498,4.526182651519775,5.118700981140137
O=C1CCc2cc(OCCCCCCCNc3c4c(nc5ccccc35)CCCC4)ccc2N1,7.583569526672363,5.467265605926514,6.5254175662994385
O=C(Nc1ccccc1F)c1cc2ccccc2oc1=O,6.300094604492188,5.475598335266113,5.88784646987915
Cc1ccc2c(CC(=O)OC3C4CCC5CC(O)CCC5(C)C4CCC3C4)noc2c1,,,
COc1cc2c(c(OC)c1)C(=O)c1ccccc1C2=O,5.799419403076172,5.6325554847717285,5.71598744392395
COc1cc2c(cc1OC)C(=O)C(CC1CCN(Cc3ccccc3)CC1)C2,7.634812831878662,4.137218475341797,5.8860156536102295
Cc1cc(CCC(=O)O)ccc1OCCCCCCCOc1ccccc1O,5.233777046203613,6.25691032409668,5.7453436851501465
c1coc(CNc2c3c(nc4ccccc24)CCCC3)c1,5.826681613922119,4.000444412231445,4.913563013076782
CC(=O)c1cc2cc(OCCCCCCNc3c4c(nc5ccccc35)CCCC4)ccc2o1,7.682666778564453,5.071633338928223,6.377150058746338
O=C1c2ccccc2-c2nc3nnnn3nc21,4.122465133666992,3.952200412750244,4.037332773208618
COc1cc2c(cc1OC)C(=O)C(Oc1ccc3c(c1)CCC3=Cc1ccccc1)C2,6.2765655517578125,5.83536958694458,6.055967569351196
Cc1cc(=O)oc2cc(OCCCCCCC(=O)NC3CCCCC3)ccc12,5.626664638519287,5.875791549682617,5.751228094100952
COc1cc2c(cc1OC)C1CCCN(Cc3cc4ccccc4oc3=O)C1CC2,5.842277526855469,5.625284671783447,5.733781099319458
CC1=CC2Cc3nc4cc(Cl)ccc4c(NCCCCCCCCCNc4c5c(nc6ccccc46)CCCC5)c3C(C1)C2,8.753646850585938,4.46848201751709,6.611064434051514
Clc1ccc(CN=C2CCCc3ccccc32)cc1,4.613304138183594,5.303391933441162,4.958348035812378
CCCCCCN(CCCCCC)C(=O)c1cc2ccccc2oc1=O,4.788874626159668,5.360568523406982,5.074721574783325
Cc1ccc2cc(CCNC(=O)c3ccco3)c(=O)oc2c1C,7.417808532714844,6.059427738189697,6.7386181354522705
Cc1ccc2oc(=O)c(-c3ccc(O)cc3)cc2c1,5.164659023284912,6.554060935974121,5.859359979629517
Cc1cc2c(c3cccc(O)c3)n1)OC(C)C2,,,
COc1cc2c(-c3cc4ccccc4oc3=O)noc2cc1O,5.911872863769531,4.831502914428711,5.371687889099121
COc1ccc2[nH]c3c(c2c1)CCNC3=O,5.850005626678467,5.702216625213623,5.776111125946045
Cc1c2c(n3c1CCCCCCCNc1c3c(nc4ccccc14)CCCC3)OCO2,,,
CNC(=O)c1cc(Cl)cc2cc(CSC)oc12,8.07304573059082,4.756412029266357,6.414728879928589
CNCCCCCCCCCN=C1CC(=O)C(=NCCCCCCCN(CC)Cc2ccccc2OC)CC1=O,7.091474533081055,5.331735610961914,6.211605072021484
Cc1cccc2c(CCCCCNc3c4c(nc5ccccc35)CCCC4)c[nH]c12,8.017776489257812,4.356775283813477,6.1872758865356445
CC(C)=C1CC(CO)(COC(=O)Cc2ccccc2)OC1=O,4.268448829650879,5.54029655456543,4.904372692108154
NC1=NC(c2cccs2)Cc2ccccc21,6.206105709075928,5.163548469543457,5.684827089309692
CCc1ccc2oc(C3COc4ccccc4O3)nc2c1,6.184277534484863,5.309563636779785,5.746920585632324
O=c1ccoc2ccc(OCc3cccc(Cl)c3)cc12,3.992715835571289,7.384788513183594,5.688752174377441
O=C(C=Cc1ccccc1Cl)NC1=NCCS1,5.9575371742248535,5.88753604888916,5.922536611557007
O=c1cc(-c2ccccc2)oc2cc(O)c(O)cc12,4.912286281585693,4.503289222717285,4.707787752151489
Cc1ccc(C(=O)Nc2ccon2)cc1,5.204156875610352,4.843971252441406,5.024064064025879
Oc1cc(O)ccc1CCCCCCN=CCCCCNc1c2c(nc3ccccc13)CCCC2,8.05034351348877,4.821965217590332,6.436154365539551
O=C(NCCCNc1c2c(nc3ccc(Cl)cc13)CCCC2)c1cc2ccccc2o1,8.589717864990234,4.507244110107422,6.548480987548828
CC1=CC2Cc3nc4cc(Cl)ccc4c(NCCCCCCCNc4c5c(nc6cc(Cl)ccc46)CCCC5)c3C(C1)C2,9.190987586975098,4.750401973724365,6.9706947803497314
O=C1C=CC=CC1=Nc1cccc(Cl)c1,4.308974266052246,5.911182403564453,5.11007833480835
O=C1CCc2cc(OCCCCCNc3nc(-c4ccccc4)ns3)ccc21,6.839287281036377,6.657756805419922,6.748522043228149
CCCCN1CCc2cc(OCCCCCNc3c4c(nc5ccccc35)CCCC4)ccc2CC1,7.234916687011719,4.600715160369873,5.917815923690796
Cc1c2c(n3c1CCCNC3)CCCCC2,5.739105224609375,3.769341945648194,4.754223585128784
COc1ccc(C=C2CCCCCCC2=O)cc1,4.027619361877441,5.399460315704346,4.7135398387908936
CC(N)COc1cnc(Cl)c(C=Cc2ccncc2)c1,4.4547929763793945,6.305225372314453,5.380009174346924
Cn1c2ccccc2c2cc(CCCCCN3CCN(Cc4ccccc4)CC3)ccc21,6.114471435546875,3.9105801582336426,5.012525796890259
c1ccc(CCCC2=NCCS2)cc1,5.630904674530029,5.326345443725586,5.478625059127808
O=C(Cc1ccc2c(c1)OCO2)NC1CCCCC1,4.653718948364258,4.918285369873047,4.786002159118652
CC1=NOC(=O)C1=Cc1ccc2c(c1)OCO2,5.260976791381836,6.040440082550049,5.650708436965942
CN(C)CCCCCCCCCCCCNc1c2c(nc3ccccc13)CCCC2,6.975899696350098,4.329620361328125,5.652760028839111
O=C(CCc1c[nH]c2ccccc12)N1CCN(Cc2ccccc2)CC1,5.624064922332764,4.1212592124938965,4.87266206741333
O=c1ccoc2ccc(OCc3ccc(F)c(F)c3)cc12,3.982210397720337,7.324256896972656,5.653233647346497
O=C(C1CC(=O)Oc2cc(OCc3cccc(Cl)c3)ccc21)N1CCCCC1,5.389405250549316,5.948946475982666,5.669175863265991
O=c1ccoc2ccc(OCCc3ccc(Cl)cc3)cc12,4.2484965324401855,6.898393630981445,5.573445081710815
Fc1ccc2c(c1)CCC2=CCNCCCCCCNc1c2c(nc3ccccc13)CCCC2,8.567850112915039,4.751224517822266,6.659537315368652
CN(C)c1ccc(C=Cc2cc3c(=O)n4ccccc4nc3s2)cc1,5.55773401260376,5.931692600250244,5.744713306427002
CCCOc1cc2cc(C)cc(C)c2cc1C(=O)CCCc1ccccc1,5.198911190032959,5.440769195556641,5.3198401927948
CCOc1cc2oc(=O)c(CCCCc3ccccc3)cc2cc1OC,6.055753707885742,5.751254081726074,5.903503894805908
O=C(NC1=Cc2ncc3cnnc(O)c(c2-3)C1)c1ccccc1,5.927600860595703,4.419519424438477,5.17356014251709
COc1cc2c(cc1OC)C(=O)C(Oc1ccc(Br)cc1)C2,6.567907810211182,5.229947090148926,5.898927450180054
COc1cccc2c1CCC2=CCCCNCc1ccccc1,4.965281009674072,4.148975849151611,4.557128429412842
O=c1cc(CCCCCCCCCCNc2c3c(nc4ccccc24)CCCC3)co1,,,
O=C1CCc2cc(OCCCCCNc3c4c(nc5ccccc35)CCCCC4)ccc2N1,7.409895896911621,5.274932384490967,6.342414140701294
CC(C)Oc1ccc(CC2C(=O)N(C)C3CCCCC3C(=O)OC(C)C23)cc1,,,
c1ccc(C2CCN(Cc3ccc4c(c3)OCO4)CC2)cc1,5.126861572265625,4.705782413482666,4.9163219928741455
O=c1sn2cc(C#CCCCCCNc3c4c(nc5cc(Cl)ccc35)CCCC4)c3ccccc3c2s1,,,
CCCCc1cc2cc(OCc3cccc(F)c3)ccc2n1C,4.779136657714844,7.168816089630127,5.973976373672485
CC(=O)OCC1OC(n2cc(-c3cccc(C)c3)nn2)C=CC1OC(C)=O,3.861796379089356,4.507189750671387,4.184493064880371
COc1cc(C=CCN2CCOCC2)ccc1OCc1ccccc1,4.202348232269287,4.605597972869873,4.40397310256958
CCCCCCNC(=O)Oc1cccc(C(=O)OC(C)C)c1,5.766826152801514,4.865062713623047,5.31594443321228
Fc1ccc(-c2csc(NN=Cc3ccccc3)n2)cc1,5.092301368713379,5.355146884918213,5.223724126815796
Oc1occ2cc(OCCCCCCNCCOc3ccccc3)ccc12,4.858020782470703,6.671932697296143,5.764976739883423
CC1c2ccc(OCCCCCN3CCCCC3)cc2OC1=O,7.089007377624512,6.119753837585449,6.6043806076049805
C=CCc1ccc(OCCCCCCCCCCCCNc2c3c(nc4ccccc24)CCCC3)cc1,6.655800819396973,5.263712406158447,5.95975661277771
O=C1C=CC(=Nc2ccccc2)C=C1OC(=O)c1ccccc1,4.970030307769775,5.406157493591309,5.188093900680542
CC(C)=CCN1CCC(Cc2ccccc2)CC1,6.05493688583374,2.2112185955047607,4.1330777406692505
CCCCc1c2c(nc3cc(OCc4ccccc4Cl)ccc13)CCCC2,4.797909259796143,5.319145202636719,5.058527231216431
Cc1cc2c(CCCCCCCCCCOc3c4c(nc5cc(C)ccc35)CCCC4)coc2cc1O,7.046817302703857,6.002439498901367,6.524628400802612
CCOC1CC(=O)Oc2cc(OCc3cccc(Cl)c3)ccc21,5.398043155670166,6.882051467895508,6.140047311782837
O=C1CCc2ccc(OCCCCCNc3c4c(nc5ccccc35)CCCC4)cc21,7.713873386383057,5.243852615356445,6.478863000869751
CCCCCCCCCCCCNC1CCC(CO)(COCc2ccccc2)OC1,5.202622890472412,5.595346927642822,5.398984909057617
CNCC=CC=CCC=CC=CCC=CCCC(=O)NCc1ccccc1OC,3.691708087921143,4.587786674499512,4.139747381210327
Cc1cc2cc(OCCCCCCCSc3c4c(nc5ccccc35)CCCC4)ccc2o1,5.64402961730957,5.612504959106445,5.628267288208008
O=C1NC(=O)c2cc(OCc3ccc(Cl)c(Cl)c3)ccc21,5.024934768676758,8.10623836517334,6.565586566925049
C#CCNC1CCc2ccc(O)cc21,3.949026107788086,6.000412940979004,4.974719524383545
COc1cc2c(c3ccc(C(=O)O)cc31)C(=O)c1ccccc1-2,5.945810317993164,6.117798805236816,6.03180456161499
Cc1ccc(CNC2C(=O)C(=O)C2=Nc2cccc(C(=O)NCCN(C)C)c2)cc1,5.807224750518799,4.172890663146973,4.990057706832886
O=C1C=CC=CC1=[N+](c2ccc(Oc3ccc(F)cc3)cc2)C1,,,
CNCc1cccc(C2CCC(=C3CCN(Cc4ccccc4)CC3)CC2)c1,5.704223155975342,3.5843663215637207,4.644294738769531
NC(=O)Cc1cc(=O)oc2cc(OCCCCCN3CCCCC3)ccc12,6.323184013366699,5.386840343475342,5.8550121784210205
O=c1[nH]c2ccccc2c(=O)s1,6.094659805297852,5.917373180389404,6.006016492843628
O=c1c2ccccc2oc2c([N+](=O)[O-])cccc12,5.285404682159424,4.4100494384765625,4.847727060317993
O=c1cc(-c2ccccc2)oc2cc(O)cc(O)c12,4.240597248077393,3.973161220550537,4.106879234313965
CN(C)c1ccc(C2=CC3(CCC(=O)C3)Oc3ccccc32)cc1,4.945192337036133,5.994762897491455,5.469977617263794
COC(=O)c1ccc2oc(=O)c(C=Cc3cc(OC)c(OC)c(OC)c3)cc2c1,5.286295413970947,5.129285335540772,5.207790374755859
Cc1c2ccccc2c(CN2CCCCC2)c2ccccc12,4.992834091186523,3.95198655128479,4.472410321235657
Cc1ccccc1C(=O)Nc1ccc2c(c1)CCCC2=O,5.571431636810303,6.083532333374023,5.827481985092163
CN(CCC#N)C(=O)CSc1ccc(Cl)cc1,4.589698314666748,5.82639217376709,5.208045244216919
CCC[n+]1ccc(C=Cc2ccc(OC)cc2)cc1,4.459284782409668,4.427769660949707,4.4435272216796875
CN(C)CCOc1ccc(C2=C3C(=O)c4ccccc4C3=NC2=O)cc1,4.84909200668335,5.184296131134033,5.016694068908691
O=c1oc2ccc3cccc(OCCCCCCCN4CCCCC4)c3c2c2ccccc2c1=O,5.860226631164551,5.13722038269043,5.49872350692749
C#CCCCCOc1cc2c(=O)c3ccccc3oc2cc1OC,4.334798812866211,6.015309810638428,5.175054311752319
CNC(=O)C=Cc1coc2cc(OC(=O)C3CC(O)C3)ccc12,5.999443054199219,5.212848663330078,5.606145858764648
Clc1ccccc1OCc1nc2ccccc2n1CCCCCCCCCCN1CCCC1,6.518741130828857,4.964470863342285,5.741605997085571
Fc1ccc(-c2csc(NN=C3CCCCC3)n2)cc1,5.689570903778076,7.334211349487305,6.51189112663269
CCOC=C1CC(=O)Oc2cc(OCc3cccc(Cl)c3)ccc21,4.522476196289063,6.78416919708252,5.653322696685792
COCCOc1ccc2cc(Br)ccc2c1,2.876038074493408,7.308789730072021,5.092413902282715
COc1cc(=O)oc2cc(OCCCCCCCCCNc3c4c(nc5ccccc35)CCCC4)ccc12,7.266177177429199,5.46249532699585,6.364336252212524
CCCCCCCC(=O)Nc1c2c(nn1CCN2C)CCCCC1CCOC1,7.199790954589844,5.371740818023682,6.285765886306763
O=C1c2ccccc2C(=O)N1c1cccc(Cl)c1,4.5840582847595215,5.461798667907715,5.022928476333618
CCCCCCCCCC(=O)Nc1ccc2c(c1)CCCC2,5.334495067596436,5.235516548156738,5.285005807876587
O=C(CCC1CCN(Cc2cccc(Br)c2)CC1)c1ccc2c(c1)C(=O)c1ccccc1C2=O,6.722928524017334,5.2180047035217285,5.970466613769531
O=C1CCc2ccc(OCCCCCCNc3c4c(nc5ccccc35)CCCC4=O)cc2N1,7.532199859619141,5.598525047302246,6.565362453460693
O=C1COc2ccc(C=CBr)cc2N1,4.723316669464111,6.1910786628723145,5.457197666168213
Fc1ccc(-c2csc(NN=C3CCCCC3)n2)cc1,5.689570903778076,7.334211349487305,6.51189112663269
O=C1C(=O)C(c2ccc(O)cc2O)Oc2cc(O)cc(O)c21,5.552155017852783,4.386703968048096,4.9694294929504395
Cn1c(=O)c2c(nc(OC3CCCCC3)n2C)n(C)c1=O,5.165670871734619,5.13734245300293,5.151506662368774
O=C(OCC#CCSc1nnc2c3c(cnn12)CN1CCCCC1)c1ccco1,,,
Cc1c2ccccc2nc2ccccc12,4.183006286621094,4.282052040100098,4.232529163360596
O=C(COc1ccc2oc3ccc(O)cc3c(=O)c2c1)NCCCCCC3,,,
O=C(C=Cc1ccc([N+](=O)[O-])cc1)c1ccc2c(c1)OCCO2,5.549017429351807,5.867727279663086,5.708372354507446
O=c1ccoc2ccc(OCc3ccc(Cl)cc3)cc12,3.9866695404052734,7.444510459899902,5.715590000152588
CSc1ccc2c(c1)C(=O)C=C2C(=O)Nc1ccc(C(C)=O)cc1,5.915018081665039,6.002187728881836,5.9586029052734375
c1ccc2c(c1)CCC2C=CCCSc1nc2c(nc3sccc32)[nH]1,,,
O=c1ccoc2ccc(OCCCCN3CCCCC3)cc12,5.5105085372924805,5.574376583099365,5.542442560195923
CC1=CC=CC=SC2=NCNC(=O)CC2CCN1Cc1ccccc1,4.096213817596436,4.959236145019531,4.527724981307983
CCOC(=O)CCc1ccc2c(c1)C=CC2=O,5.358071327209473,6.654205322265625,6.006138324737549
Nc1cccc2cc(C(=O)CCl)c(O)cc12,5.390660762786865,5.939970016479492,5.665315389633179
O=C(O)c1cc2occc2n1Cc1ccccc1,5.728769779205322,4.514816284179688,5.121793031692505
O=C(CCCOc1ccc2c(c1)OCO2)N1CCCCC1,6.259831428527832,5.624712467193604,5.942271947860718
Cc1ccc(C=CC2=Oc3ccccc3C2=O)o1,,,
C#CCN(C)Cc1cc2cc(OCCC3CCN(Cc4ccccc4)CC3)ccc2n1C,6.383630275726318,5.55838680267334,5.971008539199829
C=C1C=C(C2CCN(CCCCCCCCCCCNc3c4c(nc5ccccc35)CCCC4)CC2)CO1,7.883068084716797,5.018223285675049,6.450645685195923
CC(=O)NCCCCCCOc1ccc(CCCNc2c3c(nc4ccccc24)CCCC3)cc1,7.218299865722656,4.819876194000244,6.01908802986145
Cc1ccccc1NC(=O)c1cc2ccccc2oc1=O,6.630602836608887,5.506762027740479,6.068682432174683
Nc1ccc2c(c1)C(=O)C(=O)c1ccccc1-2,5.216421127319336,5.570797443389893,5.393609285354614
COc1ccc2c(CCCCCCCCO)c[nH]c2c1,4.7364606857299805,5.797450542449951,5.266955614089966
CC(=O)OC1C=C2CCC3C(=O)CCC4CCCCC4C3C2OC1,3.482902765274048,7.193161010742188,5.338031888008118
O=C(O)c1cccc(COc2ccc(-c3nnco3)cc2Cl)c1,4.316220283508301,6.407859802246094,5.362040042877197
Oc1occ2ccc(OCCCCNc3c4c(nc5ccccc35)CCCC4)cc12,7.086542129516602,5.402930736541748,6.244736433029175
COC(=O)c1cc2c3c(cccc3c1)C1=CCCCC1C2=O,5.034129142761231,6.525336742401123,5.779732942581177
C[N+](C)=CCOC(=O)C=C1C=CC=C1C=OCC=CC1=[N+],,,
CN(C)C1CCN(C2=C3CCC(=O)CC3=O)CC1,,,
N#Cc1cc2c3c(cccc13)C1(CCOC1)CCCC3,,,
CNC(=O)C=Cc1ccccc1OCCCCCOc1cccc(C)c1,5.044991493225098,6.738127708435059,5.891559600830078
Cc1cccc(C(=O)Nc2c(C#N)sc3ccc(Cl)c(Cl)c23)c1,5.68480396270752,4.808807849884033,5.246805906295776
CC(=O)c1c(C)[nH]c(C)c1COC(=O)c1cccc(O)c1,5.548497200012207,4.845884323120117,5.197190761566162
NC(=O)c1sc2cc([N+](=O)[O-])cc([N+](=O)[O-])c2c1CCCCC2,,,
N#Cc1ccc(OCC2CNCCO2)cc1OCc1ccccc1,4.591593265533447,5.34485387802124,4.968223571777344
O=C1CCc2ccc(OCCCCCCNc3c4c(nc5cc(F)ccc35)CCCC4)cc2N1,8.15711784362793,5.5797038078308105,6.86841082572937
CCCOc1cc2c(=O)c3cccc(C)c3oc2cc1OCCC,5.013060569763184,5.556814193725586,5.284937381744385
CNC(=O)c1coc2ccc(OCc3cccc(Br)c3)cc12,6.7061028480529785,7.089954376220703,6.898028612136841
CCCCNC1=CC=CC=CC1=O,4.265948295593262,4.632695198059082,4.449321746826172
O=C1CCOc2ccc(C(=O)CCl)cc2N1,4.763651371002197,5.860928058624268,5.312289714813232
CCCCCNCCCCCCCCCCCCCCOCCCCC,4.258396625518799,5.973868846893311,5.116132736206055
O=C(NC1=Cc2ncc3cnnc(O)c(c2-3)C1)c1ccc(F)cc1,6.316253662109375,5.091076374053955,5.703665018081665
N#CCCCCCNc1c2c(nc3ccc(Cl)cc13)CCCC2,7.560259819030762,4.272725582122803,5.916492700576782
Cc1nc(C#CCCCCCCCN=C(C)c2ccccc2)cs1,5.445706844329834,6.945544719696045,6.1956257820129395
CC(C=CC1CC(CO)OC1=O)CCc1cccc(O)c1,4.317497730255127,4.451056003570557,4.384276866912842
O=C(Cc1ccc(F)cc1)OC1CCCCC1Nc1nc(-c2ccccc2)cs1,5.26533842086792,5.352028846740723,5.308683633804321
Cc1ccc(-c2ccc3c(c2)OC(=O)C3=C(O)c2ccccc2Cl)o1,5.551826477050781,5.786631107330322,5.669228792190552
O=C(CCCCCCCCCCNc1c2c(nc3cc(Cl)ccc13)CCCC2)CCCNc1c2c(nc3ccccc13)CCCC2,9.021804809570312,4.4422149658203125,6.7320098876953125
O=c1ccn(-c2ccccc2)c2ccccc12,3.871915817260742,4.888853549957275,4.380384683609009
CC(=O)c1ccc(OCCCCCCCCNc2c3c(nc4ccccc24)CCCC3)cc1,7.14382266998291,5.260005474090576,6.201914072036743
COc1cc2c(cc1OC)C(=O)CC(Oc1ccccc1)C2,6.731834411621094,4.603533744812012,5.667684078216553
O=C1C=CC(=O)N1CCCCCCCCCCCCCCCNc1c2c(nc3ccccc13)CCCC2,7.799966812133789,5.84745979309082,6.823713302612305
Cn1c(=O)c2c(nc(SCCOc3ccccc3)n2C)n(C)c1=O,5.815281391143799,5.853605270385742,5.8344433307647705
COc1cc2[nH]c3c(c2cc1OC)CCCC3,5.704737186431885,4.76089334487915,5.232815265655518
c1ccc(CN2N=C3CSCCC3C3CCCCC32)cc1,6.102501392364502,5.744922637939453,5.9237120151519775
CNC(=O)c1cc2ccc(OCCCCNc3c4c(nc5ccccc35)CCCC4)cc2o1,8.65155029296875,5.053956031799316,6.852753162384033
CCCCCCCCCCCCNCCCCCCN=C(C)C,5.458578586578369,5.216172218322754,5.3373754024505615
O=C1c2ccccc2-c2nnc(-c3ccccc3)cc21,4.993725776672363,5.196288108825684,5.095006942749023
O=c1cnc2cnc(Oc3cccc(Cl)c3)nc2n1CC=CC1CCCCC1,6.084470748901367,6.198103904724121,6.141287326812744
CN(C)C1CCN(CCc2c[nH]c3ccc(Oc4ccc(Cl)cc4)cc23)C1,5.899845600128174,4.6077880859375,5.253816843032837
COc1ccc(CNCCc2c[nH]c3ccc(OC)cc23)cc1,4.2164716720581055,4.487792015075684,4.3521318435668945
O=C(C[n+]1csc2ccccc21)Nc1cccc2ccccc12,4.768796920776367,3.984064340591431,4.376430630683899
CCCCC1=C2CC(C)CCC2CN=C1c1cccs1,5.047776699066162,4.955434322357178,5.00160551071167
c1ccc2c(c1)CCc1cc3n(n1)C2=NOC3,4.840755939483643,5.842653751373291,5.341704845428467
COc1cc2c(cc1OC)C(=O)C(C1CCCC1)C2,6.3776140213012695,5.616696357727051,5.99715518951416
O=C(O)c1ccccc1Nc1ccnc(Nc2ccc3c(c2)OCCO3)n1,6.147445201873779,5.121671676635742,5.634558439254761
CCCCc1cc2c(=O)c(-c3ccsc3)coc2cc1O,4.496250629425049,5.654521942138672,5.07538628578186
FC(F)(F)C1=Cc2ccccc2OCC1CN=C(CCCOc1ccccc1)C1CCCCC1,5.830053329467773,6.075852870941162,5.952953100204468
O=C(CN1CCCCC1)Nc1cc2c(cc1Oc1ccccc1)OCCO2,6.512536525726318,5.046199321746826,5.779367923736572
Clc1ccccc1C=CCN1CCN(c2cccc3ccccc23)CC1,4.387326717376709,4.890606880187988,4.638966798782349
CC(=O)Nc1cc(C(=O)O)cc(OC(=O)c2ccc(=O)oc2)c1,4.687990665435791,4.792059421539307,4.740025043487549
Clc1ccc2c(C3CCNCC3)c[nH]c2c1,4.78881311416626,5.547507762908936,5.168160438537598
CN(C)CCC(=O)Nc1cc2cc(C#N)ccc2n1C,5.59702730178833,4.783755302429199,5.190391302108765
C=CCOc1cc2cc(OCCCCC3CCN(Cc4ccc(F)cc4)CC3)ccc2cc1OC,6.349411010742188,5.693192005157471,6.021301507949829
COc1cc2c(cc1OC)C(=O)C(=O)C2=NOC1CCN(C)C1,6.746212005615234,3.6963281631469727,5.2212700843811035
O=C1CCC2(CC1)Oc1ccc(OCc3ccccc3)cc1C1CC1CC12,,,
Cc1cc2cc(C3=NN(c4nocc4-c4ccccc4)C(=O)C3)ccc2o1,6.455989837646484,5.342335224151611,5.899162530899048
O=C(C=CC=CC1=[N+](O)c2ccccc2C1=O)NCc1ccccc1F,4.3545403480529785,6.066624164581299,5.210582256317139
CCCCCCCCNC(=O)C=Cc1cc2c(OCC)cccc2[nH]c1=O,5.211804866790772,5.8136372566223145,5.512721061706543
COc1cc(C=CC=CC=Cc2cccc(O)c2O)ccc1O,4.558777809143066,6.465727806091309,5.5122528076171875
O=c1oc2ccccc2cc1-c1csc(NN=Cc2ccsc2)n1,6.190462589263916,5.579843521118164,5.88515305519104
COc1cc2cc3c(O)nccc3cc2cc1OC,4.707940101623535,6.529965400695801,5.618952751159668
O=C1CC(O)Oc2ccc(CCc3ccc(Cl)cc3)cc21,4.7959184646606445,5.581746578216553,5.188832521438599
O=C(C=CC=Cc1ccc2ccccc2c1)N=C1CCCCC1,4.171674728393555,6.555689811706543,5.363682270050049
NC(=O)Cc1cc2ccccc2o1,4.75791072845459,3.910455465316773,4.334183096885681
CC(C)N=C1CC(=O)Oc2cc(OCc3cccc(Cl)c3)ccc21,5.6266188621521,5.88215446472168,5.75438666343689
O=C(NC(CCCCCNc1c2c(nc3ccccc13)CCCC2)c1ccccc1)c1ccc(Cl)cc1,6.292604446411133,4.179620265960693,5.236112356185913
COc1cc2c(cc1OC)C1=NOC(CN3CCN(CC(C)=CC3)C1CO2,,,
Cc1[nH]c2ccc(F)cc2c1C=CI,6.182891845703125,7.4913811683654785,6.837136507034302
C#CCNC1CCc2c(O)cccc21,3.852454900741577,6.388717651367188,5.120586276054382
O=c1ccoc2ccc(OCCCCCCCNc3c4c(nc5cc(Cl)ccc35)CCCC4)cc12,7.348457336425781,5.418014049530029,6.383235692977905
CCNC(=O)C1CCC2C3CC=C4CC(O)CCC4(C)C3CCC12C,4.428925037384033,6.359271049499512,5.3940980434417725
CN=C1CCc2c1n(C)c1ccccc21,4.662870407104492,4.914272785186768,4.78857159614563
COc1c(O)cc2oc3c(O)cc(C(=O)CCCc4ccccc4)cc3c(=O)c2c1O,5.716086864471436,4.896157741546631,5.306122303009033
COc1ccc2c3c(cccc13)C(=O)N2CCCCCCCCN2CCCCCC2)NC1CCCCC1,,,
COc1cccc(C=C2COc3ccccc3C2=O)c1,5.316483974456787,6.4928178787231445,5.904650926589966
CN(C)C1CCC(n2cc(=O)oc3cc(C(=O)CC4CCCCC4)ccc32)C1,,,
Cc1c(C)c2ccc(OCCCCCCCCCNc3c4c(nc5ccccc35)CCCC4)cc2oc1=O,7.008410453796387,5.811769008636475,6.410089731216431
CC(=O)NCCCCCCCNc1c2c(nc3ccccc13)CCCC2,7.883132934570312,4.355425834655762,6.119279384613037
C#CCCc1c2ccccc2n1CCC(C)CC2,,,
NC(=O)c1cc2c(Oc3cccc(F)c3)cncc2s1,6.665859222412109,5.106845378875732,5.886352300643921
N#Cc1cc2c(O)c3c(c(O)c1O)C(c1ccccc1)C(O)CC3,,,
COc1ccc(C(=O)OC2CN3CCC2CC3)cc1OC,4.67454195022583,3.815734386444092,4.245138168334961
CC(C)=CCc1c2c(nc3ccccc13)CCN(C)C2,5.469881057739258,4.023255348205566,4.746568202972412
CC(=NNc1nc(-c2ccccc2)sc1C)c1nccs1,5.718172073364258,6.012699604034424,5.865435838699341
C#CC[N+](C)=CCOCOCCOC,3.691565990447998,7.663183212280273,5.677374601364136
CCN1CCC(Oc2ccc(Br)cc2)CC1,4.593041896820068,4.571323871612549,4.582182884216309
N#CCOc1ccc(C=Cc2ccc(F)cc2)cc1,4.128598213195801,7.245513916015625,5.687056064605713
Cc1c(Cl)cccc1NC(=O)c1cc2ccccc2oc1=O,6.292231559753418,5.687624931335449,5.989928245544434
C[N+](C)=C1CCOC2C(OCc3cccc(Cl)c3)OCC12,4.694353103637695,6.526310920715332,5.610332012176514
COc1cc2c(cc1OC)C(=O)C(C#N)C2=Nc1ccccc1,7.144294738769531,4.359479904174805,5.751887321472168
COc1cc(C2CC(=O)c3ccc(Cl)cc3O2)ccc1O,5.865992069244385,5.999185562133789,5.932588815689087
O=C(CCc1c[nH]c2ccccc12)NCCO,4.715367794036865,5.565120220184326,5.140244007110596
O=[N+]([O-])c1cc2cc(OCCCC3CCN(Cc4ccccc4)CC3)ccc2o1,6.689995765686035,5.328493595123291,6.009244680404663
C=CCc1cccc(C2CC(C3CC=C(C)CC3)=NN2C)c1O,6.545208930969238,6.2821574211120605,6.413683176040649
O=C(CCOc1ccccc1)NC1CCCCC1,4.785315990447998,5.114356517791748,4.949836254119873
Cn1c2ccc(OCCCCCN3CCCCC3)cc2c2cccnc21,6.785780906677246,5.4412689208984375,6.113524913787842
C#CCN(C)CCc1cc2cc(OCCC3CCN(Cc4ccccc4)CC3)ccc2n1C,6.271762371063232,5.652316570281982,5.962039470672607
CNCCCCCCCCCCCCCCCOCCOCCOCC[N+](C)(C)C,5.018980503082275,5.87019681930542,5.444588661193848
O=C(CF)NC1=CC=C2OC(=O)CCC2CC1=O,3.544306516647339,5.517518997192383,4.530912756919861
NC(=O)c1ccccc1N=Cc1c2ccccc2nc2ccccc12,5.03925371170044,4.748851776123047,4.894052743911743
COc1cc2c(c(OC)c1OC)C1=CC=C(OC)C(=O)C=C1CC2,5.258481979370117,4.5177764892578125,4.888129234313965
O=C1CCC2(CCCC3CNC(Cc4ccccc4)CC32)O1,5.340052604675293,5.5910844802856445,5.465568542480469
Cc1ccc(C=C2CCc3c(O)cccc32)cc1,4.460458278656006,6.497961521148682,5.479209899902344
Cc1ccc(CCOC(=O)c2ccc3ccccc3c2)o1,4.63581657409668,5.843527793884277,5.2396721839904785
CCNC(=O)c1cccc(Oc2cc(CC(C)N)ccc2OC)c1,5.537388324737549,4.382652282714844,4.960020303726196
O=c1ccoc2ccc(OCc3ccc(Cl)cc3)cc12,3.9864964485168457,7.444510459899902,5.715503454208374
O=C1c2ccccc2-c2nnc(-c3ccccc3)cc21,4.993725776672363,5.196288108825684,5.095006942749023
O=C1c2ccccc2-[n+]2ccc3c([nH]c4ccccc43)c21,4.619190692901611,5.365114688873291,4.992152690887451
c1ccc2c(CCC3CCN(CCCCCCCN4CCCCC4)CC3)coc2c1,7.232866287231445,4.220878601074219,5.726872444152832
O=C(C=Cc1ccccc1)Nc1cccc(Cl)c1,4.043120384216309,5.98514461517334,5.014132499694824
N#CC(=C2CCCCC2)C=C1CCCC[N+]=C2C=CC=C(Br)C2=C1,5.635322570800781,5.636306285858154,5.635814428329468
O=C(F)CCOc1cc(Cl)cc(CC2CCN(c3ccc(Oc4ccccc4)cc3)CC2)c1,5.677872657775879,4.899477958679199,5.288675308227539
CCCc1c2c(nc3occc13)CCCC2,5.3009138107299805,4.810299873352051,5.055606842041016
Cc1c2ccccc2nc2c1cccc2=O,,,
O=C(CCl)Nc1ccc2oc(O)c(F)c2c1,5.138070583343506,4.7625412940979,4.950305938720703
NC1=c2scc3ccccc3c2=NC1CCCN1CCCCC1,,,
O=C1c2ccccc2CCC1c1c[nH]nc1-c1cccc(Cl)c1,4.995652198791504,6.26062536239624,5.628138780593872
CC(C)Cc1cc2c3c(c1)CCN3C,,,
O=C1CCCc2cc(OCCCCF)ccc21,5.036364555358887,6.859114170074463,5.947739362716675
COc1cc2c(cc1OC)C(=O)C(CC1CCN(Cc3ccccc3)CC1)C2,7.634812831878662,4.137218475341797,5.8860156536102295
COc1ccc(CC2CCN(CC(C#N)NCc3ccccc3)CC2)cc1,4.94024658203125,3.4715964794158936,4.205921530723572
O=C1CCc2cc(OCc3ccc(C4CC4)o3)ccc2N1,5.069437980651856,7.005229949951172,6.037333965301514
CCc1c2c(nc3cc(OCc4ccc(Cl)c(Cl)c4)ccc13)CCCC2,5.276858329772949,6.156071662902832,5.716464996337891
CC(=O)c1cccc(NC(=O)Oc2ccccc2)c1,7.313222885131836,5.168463230133057,6.240843057632446
CN(C)c1cccc(C=CC=Cc2cc3c(c(F)cc2F)OCCC3)c1,,,
Cc1c(N)cccc1NCCCCCCCN,4.984065055847168,4.411007881164551,4.697536468505859
O=C(C=CC=CC=Cc1ccccc1)NN=Cc1ccccc1O,4.161584854125977,6.510128974914551,5.335856914520264
O=C1c2ccccc2-c2nnc(-c3cccc(Cl)c3)cc21,5.449190139770508,6.126978874206543,5.788084506988525
COc1cc2c(=O)n(CCO)c(CN3CC4CC3CO4)oc2cc1OC,,,
O=C(c1cc2ccccc2oc1=O)N(CCCCCCNc1c3c(nc4ccccc14)CCCC3)c1ccccc1CC2,,,
O=C1Nc2ccccc2CCC1=Cc1ccc2c(C=O)c[nH]c2c1,5.056406021118164,7.359005928039551,6.207705974578857
Fc1ccccc1C1CC(c2c3ccccc3cc3ccccc23)=NN1,6.653345108032227,7.653555393218994,7.15345025062561
Oc1oc2ccccc2c2ccc(CCCCCCSc3c4c(nc5ccccc35)CCCC4)cc12,,,
O=C(C=Cc1cccc([N+](=O)[O-])c1)c1cc2ccccc2oc1=O,5.925160884857178,6.052365779876709,5.988763332366943
Oc1c(CN2CCc3ccccc3C2)cc2cccnc12,,,
O=C1CCc2ccc(OCCCCCNc3c4c(nc5ccccc35)CCCC4)cc2N1,7.586210250854492,5.279542446136475,6.432876348495483
Cc1cc[n+](CCCCCCCCCCCC(=O)Nc2ccc([N+](=O)[O-])cc2)cc1,6.489771842956543,5.228151321411133,5.858961582183838
N#CCCN(CCC#N)Cc1ccccc1,5.964035034179688,4.1900634765625,5.077049255371094
O=C1Cc2ccccc2OC1=O,5.028095722198486,5.55870532989502,5.293400526046753
CC#CCN(C)CCc1cccc2ccc(OCCCCCCCCCNc3c4c(nc5cc(Cl)ccc35)CCCC4)cc12,6.874483585357666,5.640819072723389,6.257651329040527
CN(C)Cc1c[nH]c2ccc(OCc3cccc(Cl)c3)cc12,4.522238731384277,6.199502944946289,5.360870838165283
CCCCCCNC(=O)Oc1cccc(Cc2ccccc2)c1,7.3861494064331055,3.8521628379821777,5.619156122207642
C#CCN(C)Cc1cc2cc(OCCC3CCN(Cc4ccccc4)CC3)ccc2n1C,6.383630275726318,5.55838680267334,5.971008539199829
CCOC(=O)c1ccc2[nH]c3c(c2c1)CC1(O)C2Cc4ccc(O)cc4C1(CCN2CC1CC1)C3,6.605880737304688,5.612485408782959,6.109183073043823
O=C(CCCCCCCCCCCCCCNc1c2c(nc3cc(Cl)ccc13)CCCC2)CCCC1CCNc2ccoc21,7.938499450683594,5.321970462799072,6.630234956741333
CC(=Cc1ccc(OCCc2c[nH]c3ccc(OC(=O)N4CCCC4)cc23)cc1),6.070866584777832,5.824141025543213,5.9475038051605225
O=C1C(=O)c2ccc([N+](=O)[O-])cc2C1=O,6.179419040679932,5.485803127288818,5.832611083984375
O=C(C=Cc1ccccc1)C(O)Oc1ccccc1,4.703447341918945,4.965388298034668,4.834417819976807
O=c1sc2c(nc3cc([N+](=O)[O-])ccc32)n1C2CCCC2,,,
COc1cc2cccc(OCC3CCN(Cc4cc(F)ccc4F)CC3)c2o1,6.294788360595703,5.648032188415527,5.971410274505615
C#CCNC1CCc2ccc(OO)cc21,3.6657989025115967,5.916490077972412,4.791144490242004
COc1ccc(C=CC=Cc2ccc3cccc(O)c3n2)cc1,4.3689446449279785,6.175893306732178,5.272418975830078
COc1cc2c(cc1OC)C1CCc3cc4cc(OC)ccc4cc3C1=O,,,
Clc1cccc(-c2nc3ccccc3s2)c1,4.398806571960449,4.564729690551758,4.4817681312561035
O=C(C=Cc1cccc(Cl)c1)Nc1ccc2ccoc2c1,4.359733581542969,6.653708934783936,5.506721258163452
C#CCN(CC1CCCCC1)C1CCc2ccccc21,4.864628314971924,5.547234058380127,5.205931186676025
CC(=NNC(=O)c1ccc(COc2ccc(C(C)=O)cc2)o1)c1ccccn1,5.964939594268799,5.829103469848633,5.897021532058716
Cc1oc2cc(OCCCCCCCN3CCCCC3)ccc2c1C(=O)O,6.614952564239502,5.756025791168213,6.185489177703857
Cc1ccccc1CNC(=O)Oc1ccc2c(c1)C1(C)CCOC1O2,6.354856967926025,5.469020843505859,5.911938905715942
CCCCCCN=C1CC(=O)Oc2cc(OCc3cccc(Cl)c3)ccc21,5.062133312225342,6.730775833129883,5.896454572677612
O=C1NC(=S)NC2CCCCCC2COC1=O,3.3580799102783203,5.998773097991943,4.678426504135132
Cc1cccc2oc3cc([N+](=O)[O-])cc(O)c3c(=O)c12,5.65022611618042,5.004765510559082,5.327495813369751
Cc1cc(C)cc(C(=O)ON=C(C)c2ccncc2)c1,4.570176124572754,5.269313335418701,4.9197447299957275
CC#CC1(O)CCC2C3CCC4=Cc5occc5CC4(C)C3CCC21C,4.508736610412598,7.890600681304932,6.199668645858765
O=C(CCCCC1CCSS1)NC1CCCCCC1,4.114165306091309,5.069681167602539,4.591923236846924
Clc1ccc2cc(-c3ccsc3)c(-c3ccc(OCCN4CCCCC4)cc3)nc2c1,5.4752726554870605,5.345338821411133,5.410305738449097
CC=CC=CC1=C(C)C(=O)c2cc(OCCCC)c(O)cc2C1=O,5.128902435302734,6.440493106842041,5.784697771072388
NC(=O)C1CCCN(Cc2ccc(OCCN3CCCCC3)cc2)C1,5.762165069580078,3.996774435043335,4.8794697523117065
Cc1cc(=O)oc2cc(OCCCCCCCN3CCC(Cc4ccccc4)CC3)ccc12,5.86585807800293,5.253574371337891,5.55971622467041
NC1=NC(=O)C(C2CCCCC2)C1=O,5.863381385803223,6.971477508544922,6.417429447174072
CC1=CC=CC2C(C)(COC(=O)c3ccccc3Cl)CCC12C,4.388307094573975,6.0841264724731445,5.23621678352356
O=C(COc1ccccc1)NCCc1c[nH]c2ccccc12,4.901989459991455,5.487804412841797,5.194896936416626
CN(C)CCC=C1CC(OC(=O)Nc2ccccc2)C2OC1OC2O,4.507787704467773,3.981047153472901,4.244417428970337
O=C1c2ccccc2OCCCCCCCN1CCCCCC1,,,
Cc1ccc(-c2cc3c(=O)n(C)ccc3n2C)cc1,5.546382904052734,6.651641845703125,6.09901237487793
Cc1cc2c(cc1Cc1ccccc1)C=C(C#N)C(=N)O2,4.989124298095703,5.929941177368164,5.459532737731934
c1ccc2c(c1)Nc1ccccc1S2,3.8273792266845694,4.291592597961426,4.059485912322998
C#CCNCc1cc2cc(OCCCCC3CCN(Cc4ccccc4)CC3)ccc2n1C,6.54935359954834,5.248345851898193,5.898849725723267
CC(=F)CCC1CCCOC1=O,,,
O=C1Cc2cc(OCCCCC(=O)Oc3ccccc3)ccc2N1,6.223832607269287,6.283148765563965,6.253490686416626
CN=C1N=C(C)C(C#N)C(c2ccccc2)C1COC,6.030116081237793,6.352935791015625,6.191525936126709
COc1ccc(C(=O)CCC(=O)NCCCCCCCCNc2c3c(nc4ccccc24)CCCC3)cc1,7.61452054977417,4.942983150482178,6.278751850128174
NC(=O)c1ccc(NCCCCCCNc2c3c(nc4ccccc24)CCCC3)cc1,7.983966827392578,5.016352653503418,6.500159740447998
O=c1oc2ccccc2cc1CON=Cc1ccc(Cl)cc1,5.052556037902832,6.847255229949951,5.949905633926392
Cc1cccc(Nc2nc(-c3ccccc3)cs2)n1,4.820554256439209,5.4101643562316895,5.115359306335449
O=C1c2ccccc2C(=O)N1CCCCCN1CCC(Cc2noc3cc(F)ccc23)CC1,8.503055572509766,5.292317390441895,6.89768648147583
CCC(C)Nc1c2c(nc3ccccc13)CCCC2,5.976370811462402,4.089569091796875,5.032969951629639
O=C1Nc2ccc(-c3ccc(O)cc3)cc2C1=O,5.9004807472229,6.44088077545166,6.17068076133728
Cc1cc2cc(CCNC(=O)c3cccc(C4CC4)c3)ccc2o1,6.8062615394592285,5.510258674621582,6.158260107040405
O=C1CCc2cc(OCCCCCCNc3c4c(nc5ccccc35)CCCC4)ccc2N1,7.614392280578613,5.364870548248291,6.489631414413452
N#Cc1ccc(C2=NOC(c3ccccc3)C2)cc1F,6.177999496459961,6.966032028198242,6.572015762329102
O=C1Cc2ccc(OCc3cccc(Cl)c3)cc2O1,4.457918167114258,7.490262508392334,5.974090337753296
N#CCCCCCCCCCCNc1c2c(nc3ccccc13)CCCC2,6.942008972167969,4.854773998260498,5.898391485214233
O=c1oc2ccccc2cc1-c1csc2ncnc(NCCNc3ccc(F)cc3)c12,6.108964920043945,5.931848526000977,6.020406723022461
O=C1CC2CCCCC2C1=CC=C1C=Nc2ccccc21,4.534676551818848,6.977673530578613,5.7561750411987305
O=C(Nc1cccc(C2=NC3CCCCC3CO2)c1)c1cccc([N+](=O)[O-])c1,5.635122299194336,5.735201835632324,5.68516206741333
CCN(CC)CCOCCOc1cc2c(cc1Cl)OCO2,4.725270748138428,5.778695106506348,5.251982927322388
CCCN1CCC(c2cc(=O)oc3cc(OCc4ccccc4)ccc23)CC1,5.069971084594727,5.485831737518311,5.2779014110565186
CC(=CC=CC=C(C)C=CC(=O)O)C=C1CCCCC1=O,2.2608699798583984,6.105294704437256,4.183082342147827
O=C(C=Cc1ccc(Br)cc1)OCCC=CCCCCNCCO,3.831700801849365,5.447665691375732,4.639683246612549
O=C1CCc2cc(OCCCCCCNc3c4c(nc5ccccc35)CCCC4)ccc2N1,7.614392280578613,5.364870548248291,6.489631414413452
O=C(C=Cc1ccccc1Cl)NCc1ccccc1,3.560368061065674,5.253687381744385,4.407027721405029
Cc1c2c(n3c1CCCC3)CCC2=CCN1CCOCC1,6.28934383392334,4.438066482543945,5.363705158233643
Cc1ccc2c(=O)c(-c3cccc(CC(=O)NCCCCCCCCNc4c5c(nc6ccccc46)CCCC5)c3)coc2c1,7.5434250831604,4.7611894607543945,6.1523072719573975
Cc1c(C)c2ccc(OCCCCCCNc3c4c(nc5ccccc35)CCCC4)cc2oc1=O,7.088042736053467,5.601909637451172,6.344976186752319
O=C1c2ccccc2-c2nc3nnnn3nc21,4.122465133666992,3.952200412750244,4.037332773208618
O=C1CCc2ccc(OCCCCNc3c4c(nc5ccccc35)CCCC4)cc2N1,7.423579216003418,5.196646690368652,6.310112953186035
C#CCN(C)Cc1cc2ccccc2n1C,4.767838001251221,6.863555908203125,5.815696954727173
O=C1NC(=O)c2cc(OCCCCCCCCNc3c4c(nc5ccccc35)CCCC4)ccc21,8.185124397277832,6.030526161193848,7.10782527923584
O=C1NC(=O)C(c2ccc(OCCCC3CCCCC3)cc2)(c2ccc(O)cc2)N1,6.320117950439453,5.32713508605957,5.823626518249512
Clc1cccc(Cl)c1COc1ccc2oc(OCCC3CCN(Cc4ccccc4)CC3)nc2c1,6.132961750030518,5.540693283081055,5.836827516555786
C#CCCCCn1cc2c3c(cccc31)N(C)CCCC3,,,
NCCNCCCCCCCNc1c2c(nc3ccc(Cl)cc13)CCCC2,7.229796409606934,4.38327169418335,5.806534051895142
Fc1ccc(-c2cc3cc(OCCCCCN4CCCCC4)coc3o2)cc1,,,
O=C(C=Cc1ccc(O)c(O)c1)C=Cc1ccc2c(c1)OCO2,4.559683799743652,6.554560661315918,5.557122230529785
Cc1c(C)c2ccc(OCc3cccc([N+](=O)[O-])c3)cc2oc1=O,5.40964412689209,8.44015884399414,6.924901485443115
COc1ccc(C2Nc3ccccc3C(=O)N2CCO)cc1C,5.430889129638672,5.210094928741455,5.3204920291900635
CCCCc1cc2cc(OCc3cccc(Cl)c3)ccc2n1C,4.691829681396484,7.120392799377441,5.906111240386963
CSc1sc2c3ccccc3c3cc(C)ccc3c2c1C,5.443650722503662,5.541924476623535,5.492787599563599
CNC1=NCCC1,4.83808708190918,4.822137355804443,4.8301122188568115
O=C1CCc2cc(OCCCCCNc3c4c(nc5ccccc35)CCCC4)ccc2N1,7.571161270141602,5.2855544090271,6.428357839584351
COc1cc2c(cc1OC)C(=O)C(Oc1ccc(Co3)cc1)C2,,,
COc1ccc(CNc2c3c(nc4ccccc24)CCCC3)cc1,5.358950614929199,4.036726951599121,4.69783878326416
OCC(COC1CCCCC1)NCC1CCCC1,5.066646575927734,5.300595760345459,5.183621168136597
CNC(CCCCCCN=C1CC(=O)C(=NCCCCCCCN(CC)Cc2ccccc2OC)CC1=O)Cc1ccccc1OC,6.975912570953369,5.095486164093018,6.035699367523193
Cc1ccccc1COCCOc1ccc2c(C)cc(=O)oc2c1,4.968174934387207,7.208314895629883,6.088244915008545
CC(CC1CCCCC1)[n+]1cccc2c3ccccc3ccc21,5.6113104820251465,4.6749372482299805,5.1431238651275635
COc1cc2c(cc1OC)C(=O)C(Oc1ccc(C)cc1)C2,6.67012357711792,4.894330978393555,5.782227277755737
COc1cc(OC)cc(C(=O)c2c(-c3cc(C)ccc3O)noc2C)c1,5.603699207305908,4.865487098693848,5.234593152999878
CN(C)c1ccc(C=C2CCCCC2N=C(O)Cc2cc(O)ccc2O)cc1,5.423518657684326,4.618814945220947,5.021166801452637
O=C1c2ccccc2S(=O)(=O)c2ccccc21,5.109127044677734,5.487881183624268,5.298504114151001
COc1ccc(C2CC(=O)c3cc(OC)c(OC)cc3O2)cc1OC,6.6045403480529785,4.519717216491699,5.562128782272339
CNc1c2c(nc3ccccc13)CCCC2,7.184840202331543,3.607032775878906,5.395936489105225
CCCNCC1CCOc2ccccc2C1Oc1ccccc1,4.969001293182373,4.118927955627441,4.543964624404907
CNc1c2c(nc3ccccc13)CCCC2,7.184840202331543,3.607032775878906,5.395936489105225
Cc1c2c3n(c4ccccc14)CCCC3CCC2C(=O)NCCCCCCCCCCNc1c2c(nc3ccccc13)CCCC2,,,
CC1=CC(C)(C)Nc2cc3c(cc21)c(C)c2=O,,,
O=C1c2ccccc2-c2nc3nnnn3nc21,4.122465133666992,3.952200412750244,4.037332773208618
CCCc1cc(C(C)=O)c(OCCCCCCCCCOc2c3c(nc4ccccc24)CCCC3)c(OC)c1,6.126577377319336,5.491420269012451,5.8089988231658936
CC1=CC2Cc3nc4cc(Cl)ccc4c(NCCCCCCNC(=O)c4cc(O)c5c(c4)C(=O)c4cccc(O)c4cc(O)c4cc3C2)C1,,,
O=C1NC(=O)c2cc(OCc3cccc(Cl)c3)ccc21,5.613232612609863,7.9984893798828125,6.805860996246338
CN(C)CCOc1ccc(C2CC3(C)CCC(=O)C3CCCCCC32)cc1,,,
CCCCc1c2c3c(c(O)[nH]c13)CCCC3,,,
COC(=O)CCCCC=CC(=O)NCCCNc1c2c(nc3ccccc13)CCCC2,5.9740519523620605,4.62977409362793,5.301913022994995
CC=CC=CC=CCC=CCC=CCCCCC(=O)NCC,3.882671356201172,5.261044502258301,4.571857929229736
NC(=O)c1sc2cc(F)ccc2c1Cl,5.761634349822998,4.488771915435791,5.1252031326293945
CC(=O)c1cccc(NC(=O)c2ccc(C)c3[nH]c(C)nc23)c1,6.292722702026367,4.847884654998779,5.570303678512573
O=C1COc2ccc(OCCCCCCCNc3c4c(nc5cc(Cl)ccc35)CCCC4)cc2N1,7.949709892272949,5.590665340423584,6.770187616348267
CCOC(=O)c1c2cc(OCCCCC(C)C)ccc2[nH]c2cc(OC)ccc12,,,
CC(C)=NNc1ccc(CCNC2CCCCC2)cc1,4.838004112243652,3.6399221420288086,4.2389631271362305
O=C1C(=O)c2ccccc2Oc2cc(C(O)CO)ccc21,5.1210479736328125,4.405185699462891,4.763116836547852
Fc1ccc(-c2nc(-c3ccc(F)cc3)c(-c3ccccc3)[nH]2)cc1,5.506313323974609,5.553194522857666,5.529753923416138
O=c1oc2ccccc2cc1-c1csc(NN=Cc2cccs2)n1,6.139398097991943,5.493653297424316,5.81652569770813
CC(=O)N1CCC(n2c3ccccc3c3ccccc32)CC1,4.95296573638916,4.812839031219482,4.882902383804321
C#CC(=O)NCc1ccc2c(c1)CCCC2,4.869241714477539,5.827139377593994,5.348190546035767
Cc1c2ccncc2c(C)c2c1oc1ccccc12,4.888716697692871,4.8202314376831055,4.854474067687988
Cc1c(-c2ccccc2)nc2ccccc2c1=O,,,
c1ccc(CCN=C2CCCc3cc(OCCCCCN4CCCCC4)ccc32)cc1,6.072746753692627,5.087146282196045,5.579946517944336
CC1CCCC1=[N+](C)CCCOc1ccc2oc(O)cc2c1,5.794931888580322,6.0117506980896,5.903341293334961
CC(=O)NCCc1cccc2ccc(OCCCCCCCOc3c4c(nc5ccccc35)CCCC4)cc12,5.947223663330078,5.634301662445068,5.790762662887573
c1ccc2c(c1)OCCCC2=NN=CC1CCCCC1,5.745957851409912,5.373789310455322,5.559873580932617
CNC1CC2OC(C)(C1OC)n1c3ccccc3c3c4c(c5c6ccccc6n2c5c31)C(=O)NC4,5.887773036956787,4.6202263832092285,5.253999710083008
Cc1sc2ccc(Cl)c3c2c1OCC3CC(=O)c1ccccc1,5.819661140441895,4.943619251251221,5.381640195846558
CC#CC1(O)CCC2C3CC=C4CC(=O)CCC4=C3C(c3ccc(OC)cc3)CC21C,4.961995601654053,7.713295459747314,6.337645530700684
O=C(Oc1ccc(Cl)cc1)c1ccc2ccc3cccc4c3c2c1O,,,
CNC(=O)C=Cc1ccc2c(c1)OCO2,4.772002696990967,5.973784446716309,5.372893571853638
Cc1c2ccccc2nc2c1c(=O)n1c3ccccc3nc21,3.826570272445679,3.984517335891724,3.9055438041687016
O=C1CCc2ccc(OCCCCCCCNc3c4c(nc3COCC3CCCCC3)cc2N1,,,
Cc1cccc2c1OC(=O)C2=NNc1ccc(Cl)c(C(=O)O)c1,5.986496925354004,5.400663375854492,5.693580150604248
C#CCCCCCCCCOc1ccc(CNC2CCCCC2)cc1,5.321813583374023,6.185744285583496,5.75377893447876
CCCCc1c2cc(=O)oc2c(C)c2cc3occ(O)c3cc21,,,
CCCCCOc1ccc(CC(CC)CC2CCOCC2)cc1,4.934807777404785,4.909206867218018,4.922007322311401
CCOc1cc2oc(-c3cccc(OCCCCCCCNCC(O)COc4ccc(O)cc4)c3)nc2cc1OC,5.488114833831787,5.602546215057373,5.54533052444458
O=C(CCCCc1ccccc1)Nc1ccc2oc(C=Cc3ccccc3)cc(=O)c2c1,4.8664655685424805,5.60094165802002,5.23370361328125
COc1cccc(-c2csc(NN=C(C)c3ccncc3)n2)c1,5.020094871520996,6.021434783935547,5.5207648277282715
Cc1coc2c(CCC3CCN(Cc4ccccc4)CC3)noc12,8.544818878173828,4.235576152801514,6.390197515487671
FC(F)(F)c1ccc2c(c1)oc(=NCCN3CCOCC3)n2Cc1ccccc1,5.570487976074219,5.677696704864502,5.62409234046936
Cn1c(=O)c2c(nc(OCc3cccc(Cl)c3)n2C)n(C)c1=O,5.695589065551758,6.896780014038086,6.296184539794922
CSc1nc(-c2ccc(F)cc2)c(-c2ccnc(NCCc3ccccc3)c2)[nH]1,5.54093074798584,5.8055195808410645,5.673225164413452
Oc1occ2ccc(OCCCCN3CCCCC3)cc12,5.724058628082275,5.988880157470703,5.856469392776489
COC(=O)CC=CCN(C)CCCCCCNCCCCCCCNCCCCCCNC(=O)CCCCCNCCCCCN(C)Cc1ccccc1OC,6.124868869781494,4.248156547546387,5.18651270866394
O=c1ccoc2cccc(OCc3ccc([N+](=O)[O-])cc3)c12,5.319262504577637,5.977067470550537,5.648164987564087
COc1cc2c(Oc3ccc(CCCN4CCCC4)cc3)c(-c3ccc(OCCCN4CCCCC4)cc3)oc2cc1OC,6.412622928619385,4.922981262207031,5.667802095413208
Cc1c(C)c2ccc(OCc3cccc(Cl)c3)cc2oc1=O,4.627585887908936,8.784087181091309,6.705836534500122
Cc1cccc(C)c1NC(=O)c1cc2ccccc2oc1=O,6.51707649230957,5.302940845489502,5.910008668899536
O=C1NCCc2c(-c3ccc(Cl)cc3)[nH]c3cccc1c23,6.533355236053467,6.492953300476074,6.5131542682647705
O=C1c2ccccc2C(=O)N1c1ccc(C=CCCCc2cccc(F)c2)cc1,4.852584362030029,6.163476943969727,5.508030652999878
CCCCCCNCCc1ccc(O)c2ncccc12,4.647040843963623,4.726370334625244,4.686705589294434
COc1cccc(CCC(=O)Nc2cc(C)on2)c1,5.284669876098633,5.322634220123291,5.303652048110962
CCC1CCCN1CCCOc1ccc(C(=O)C2(C)CCCC3(O)CCCC23)cc1,5.541283130645752,5.729161262512207,5.6352221965789795
Nc1nc2ccccc2n1CCCCCCNc1c2c(nc3cc(Cl)ccc13)CCCC2,8.725464820861816,4.136987686157227,6.4312262535095215
O=C(Nc1cccc(C(F)(F)F)c1)c1coc2ccc(Cl)cc2c1=O,5.931401252746582,5.8671746253967285,5.899287939071655
COc1cc2c(cc1OC)CCCC2NCC=C1CC(=O)OC1=O,4.865174770355225,4.778314113616943,4.821744441986084
Cc1c2c(nc3ccccc13)n1CCC2CC(O)C1OC2C1O,,,
O=C1C=CC(=CON=C(Cc2ccccc2O)c2ccccc2)C=C1,5.2596611976623535,5.516260147094727,5.38796067237854
CC(=O)N1N=C(c2ccccc2OCC(=O)OCCOCCCCCCNc2c3c(nc4ccccc24)CCCC3)CC1,6.957893371582031,5.410051345825195,6.183972358703613
CC=CCN=C(C)Cn1cc2ccccc2c1O,6.290574073791504,5.299424171447754,5.794999122619629
Fc1ccc(-c2coc3cc4c(cc3c2=O)OCO4)cc1,5.612043857574463,6.104432106018066,5.858237981796265
Cc1ccc(OCc2ccc(Cl)c(Cl)c2)c(C(=O)O)c1,3.8130717277526855,7.140843391418457,5.476957559585571
c1coc(CNc2c3c(nc4ccccc24)CCCC3)c1,5.826681613922119,4.000438690185547,4.913560152053833
c1ccc(C2=Nc3ccccc3C2=NO)cc1,3.903656482696533,4.029880046844482,3.966768264770508
O=C(c1ccc(F)cc1)N1CCC(N2CCC(c3cc4ccccc4oc3=O)CC2)CC1,5.540380001068115,5.461677074432373,5.501028537750244
C=C1CCCC2C(C=CC3C4CCC(O)(C(C)C)CC4OCC(O)C3CCC4C3O)C3(C)CC(O)C12,,,
Cn1c2ccccc2c2cc(CCCCCCCCCNCCCCCCCNc3c4c(nc5ccccc35)CCCC4)ccc21,7.678017616271973,4.660926818847656,6.1694722175598145
CCCC=CC(=O)Nc1cc2c(Nc3ccc(F)c(Cl)c3)ncnc2cc1OCC,4.909017562866211,5.5134100914001465,5.211213827133179
CNC(=O)C=CC=CCN(C)C,3.858003616333008,4.746240139007568,4.302121877670288
COc1ccc(C=C2CCNCC2)cc1,3.375839948654175,3.963125944137573,3.669482946395874
COc1cc2c(cc1OC)C(=O)C(C)C2,7.520417213439941,4.710775375366211,6.115596294403076
Cc1ccc(Cl)c2c1OC(=O)C2=NN,4.441263198852539,4.941580295562744,4.691421747207642
Cc1cc2oc(=O)c(CCOc3cccc4c3CCCC4=O)cc2cc1O,6.223811149597168,6.54234790802002,6.383079528808594
c1csc(CNc2nc3ccc(-c4ccoc4)cc3s2)c1,5.945863723754883,6.126274108886719,6.036068916320801
N#Cc1ccc(COc2cccc3c2CCC3=O)cc1,4.940142154693604,7.217957496643066,6.079049825668335
N#CCOc1ccc(C=C2N=C(c3ccccc3O)OC2=O)cc1OC(=O)F,6.007547378540039,5.347245693206787,5.677396535873413
Cc1cn(CCC2CCN(CCc3ccc(F)cc3)CC2)nn1,6.950279235839844,5.370911598205566,6.160595417022705
CCCCOc1ccc2c(c1)C(=O)C=CC2=O,4.969510555267334,7.516386032104492,6.242948293685913
N#Cc1ccccc1C=CCN1CC(CO)Oc2cc(OCCCCN3CCCCC3)ccc21,5.7849440574646,5.199187755584717,5.492065906524658
O=C1C=CC(=Cc2cc(C3CCOC3)on2)O1,4.743785858154297,5.8918280601501465,5.317806959152222
CC1=CC2Cc3nc4cc(Cl)ccc4c(NCCCNCCCCCCNc4c5c(nc6cc(Cl)ccc46)CCCC5)c3C(C1)C2,9.367918014526367,4.445765018463135,6.906841516494751
O=c1ccoc2cc(OCc3cccc(Cl)c3)ccc12,3.996037006378174,7.221095561981201,5.6085662841796875
Cn1c(=O)c2c(nc(SCCCCc3ccccc3)n2C)n(C)c1=O,5.668370246887207,6.16243314743042,5.9154016971588135
CC(C)(C)C#CCCCCCCCC(=O)NCCCCN=C(C)c1ccco1,6.469996929168701,5.462045192718506,5.9660210609436035
CN(C)CCC=C1CC2C3CC=C4CC(=O)CCC4(C)C3CCC12C,5.11110782623291,6.761484146118164,5.936295986175537
N#Cc1ccc2oc3ccccc3c2c1,3.9235339164733887,5.452516555786133,4.688025236129761
Cc1ccc(CCCCCCCCCCNc2c3c(nc4cc(Cl)ccc24)CCCC3)cc1,7.690679550170898,4.730042934417725,6.2103612422943115
COc1cc2c(cc1OC)C1=C(CC2)C1=O,5.960585594177246,4.591696739196777,5.276141166687012
CC1=Nc2cc(C(F)(F)F)ccc2Sc2ccccc21,5.781951904296875,5.767673969268799,5.774812936782837
O=C(C=CC=C1C(=O)c2ccccc2C1=O)NCCCCCCCCC[n+]1ccc(CCCCNc2c3c(nc4ccccc24)CCCC3)cc1,7.55068826675415,5.33941650390625,6.4450523853302
Cc1ccccc1NC(=O)Oc1ccc2c(c1)C1(C)CCNC1N2,6.962407112121582,4.900715827941895,5.931561470031738
CC1=CC2Cc3nc4cc(Cl)ccc4c(NCCCCCCCCNc4c5c(nc6cc(Cl)ccc46)CCCC5)c3C(C1)C2,9.15479850769043,4.744492053985596,6.949645280838013
O=C(c1cccc(Cl)c1)N1CCCC2(CCN(Cc3cccc(Br)c3)CC2)C1,6.013468265533447,3.693066120147705,4.853267192840576
O=C1c2ccccc2CCC1CCCN=Cc1cccc(O)c1O,5.761035919189453,5.85040807723999,5.805721998214722
COc1cc(=O)oc2cc(OCCc3cccc(Cl)c3)ccc12,4.961557388305664,6.643503189086914,5.802530288696289
COc1cc2c(cc1OC)C(=O)C(=O)C2Cl,6.610358238220215,5.345094680786133,5.977726459503174
Cc1coc2c1C(=O)c1ccc(OCCCCCCCNc3c4c(nc5ccccc35)CCCC4)cc1O2,7.207217216491699,5.130384922027588,6.1688010692596436
O=C1c2ccccc2-c2nc3nnnn3nc21,4.122465133666992,3.952200412750244,4.037332773208618
CCc1c2c(nc3cc(OC)c(OC)cc13)-c1ccccc1C2=O,5.355105400085449,4.809746742248535,5.082426071166992
O=C1CCc2ccc(OCCCCCNc3c4c(nc5cc(Cl)ccc35)CCCC4)cc2N1,8.032442092895508,5.358536720275879,6.695489406585693
CNC(=O)Oc1cccc(CN(C)CCCOc2ccc3c(=O)c4ccccc4oc3c2)c1,8.555753707885742,5.625409126281738,7.09058141708374
COc1cc2c3c(c4ccccc4c1)OC(C)C2,,,
CN1CCCC1CCOc1cc2oc3ccccc3c(=O)c2cc1C(=O)c1ccccc1,5.466679573059082,4.424236297607422,4.945457935333252
CNC(=O)Oc1cccc(CN(C)CCCOc2cccc(Cc3ccc([N+](=O)[O-])cc3)c2)c1,7.831602096557617,4.460867881774902,6.14623498916626
Cn1c(=O)c2c(nc(Oc3ccc(F)cc3)n2C)n(C)c1=O,6.06282901763916,5.242896556854248,5.652862787246704
Cc1cccc2c1OCCC2=CCCCCCCCCNCCCCCCCNc1c2c(nc3ccccc13)CCCC2,7.5441975593566895,4.955808162689209,6.250002861022949
O=C(Nc1nc2ccccc2s1)c1cccc2c1OCO2,6.7333083152771,4.54440975189209,5.638859033584595
O=C1CCc2cc(OCc3cccc(Cl)c3)ccc2N1,4.199397087097168,7.328123569488525,5.763760328292847
O=C1c2ccccc2OC1=O,5.508609294891357,5.366557598114014,5.4375834465026855
CC(=O)OC(=O)C1=C(C)N(CCCCCCNc2c3c(nc4ccccc24)CCCC3)Cc2c1cccc2O,7.057371139526367,4.553390026092529,5.805380582809448
COc1cc2ccc(=O)oc2c(OCCCCCCCNc2c3c(nc4ccccc24)CCCC3)c1,7.091640949249268,5.164956569671631,6.128298759460449
COc1ccc2c(c1)c(C#N)c(C)n2C(C)Cn1c2ccccc2c2ccccc21,5.5314764976501465,5.699629783630371,5.615553140640259
Cc1ccc(C2CC(c3c4ccccc4cc4ccccc34)=NN2)cc1,6.888735771179199,7.924262046813965,7.406498908996582
CNC1=NC(=O)C(C)(C(=O)c2ccc(Cl)c(Cl)c2)o1,8.687816619873047,5.276266574859619,6.982041597366333
CC(C)OC(=O)C1=CN(C)CCCc2ccccc21,3.976022720336914,3.899719715118408,3.937871217727661
CN1CC=C(c2c[nH]c3cc(C#N)ccc23)CC1,5.001798629760742,6.405835151672363,5.703816890716553
CC(C)=CCc1c(O)cc2occ(O)c(=O)c2c1O,4.77103328704834,4.404351711273193,4.587692499160767
c1ccc(-c2coc3cc(OCCCCCN4CCCCC4)ccc3c2=O)cc1,5.253871440887451,5.468276023864746,5.361073732376099
COc1cc2c(cc1OC)C1=NOC(C-C3CCCCC3)C21,6.559570789337158,6.374683380126953,6.467127084732056
O=C1CCCc2cc(OCCCCNc3c4c(nc5ccccc35)CCCC4)ccc21,7.287981986999512,5.074681758880615,6.1813318729400635
CC(=O)c1cccc(OC(=O)c2ccoc2C)c1,6.318310260772705,5.809704780578613,6.064007520675659
O=C1Nc2ccc(Oc3ccc(CCCCN4CCCC4)cc3)cc2C1=O,6.785511016845703,5.358850479125977,6.07218074798584
O=C1c2ccc(OCCCCN3CCCCC3)cc2CCC1c1cccc(Cl)c1,5.490434169769287,5.391982078552246,5.441208124160767
CC(C)=CC=C(C)c1cc[n+]2ccc(CC=C(C)C)cc2c1,5.586294174194336,4.202651023864746,4.894472599029541
Cc1oc2cc3occc3c(=O)c2c1C(=O)c1ccccc1,,,
Oc1nc2sccc2c2nc(-c3ccccc3)nn12,4.853262424468994,4.435887813568115,4.644575119018555
Cc1cccc(C)c1OCc1cc(=O)oc2cc(O)ccc12,4.710739135742188,6.312561988830566,5.511650562286377
S=C1CCc2cc(OCCCCCCNc3c4c(nc5ccccc35)CCCC4)ccc21,7.7372612953186035,5.122787952423096,6.43002462387085
O=C1Cc2ccc(OCc3cccc(Cl)c3)cc2OC1=O,4.460774421691895,7.82183837890625,6.141306400299072
O=C1CCc2cc(OCc3cccc(F)c3)ccc21,4.879889965057373,8.104242324829102,6.492066144943237
Cc1cc(C)c2oc(-c3ccc(OC(C)C(=O)N4CCCC4)cc3)nc2c1,6.486984252929688,5.377418518066406,5.932201385498047
COc1cc2c(cc1OC)C(=O)C=CC2=O,6.879719257354736,5.608450412750244,6.24408483505249
C#CCNCCCOc1ccccc1C1CCOC1,4.369733810424805,5.608788013458252,4.989260911941528
Brc1ccc2c(C3CCN(Cc4ccccc4)CC3)noc2c1,5.725032806396484,4.778015613555908,5.251524209976196
O=C1c2ccccc2-c2nc3nnnn3nc21,4.122465133666992,3.952200412750244,4.037332773208618
O=C1N=C(c2ccccc2O)CC1c1ccccc1,6.765154838562012,6.000497341156006,6.382826089859009
C=C1C2CC(C)=CC1OC1CC2O1,4.844517707824707,6.852216720581055,5.848367214202881
O=C1OC(c2ccc([N+](=O)[O-])cc2)=NC1=Cc1cc(O)c(O)c(O)c1,6.598191738128662,5.646289825439453,6.122240781784058
CC(=N)N1CCC(Oc2ccc3oc(C)cc(=O)c3c2)CC1,5.630879878997803,4.681368827819824,5.1561243534088135
N#Cc1cccc(CN2CCC(CCCCCNc3c4c(nc5ccccc35)CCCC4)CC2)c1,8.299671173095703,3.92478609085083,6.112228631973267
O=C1CCc2ccc(OCCCCCCCNc3c4c(nc5ccccc35)CCCC4)cc2N1,7.62590217590332,5.44810152053833,6.537001848220825
NC(=O)C1CCC(CNc2cc(Cl)cc3c2OCCC3)CC1,5.670630931854248,4.298524856567383,4.984577894210815
Nc1cc(=O)oc2cc(OCc3cccc(Cl)c3)ccc12,4.733358860015869,6.464775085449219,5.599066972732544
CC(=O)c1cc(OCc2cccc(Br)c2)ccc1OCCCC(=O)NCCCCC(=O)N1CCCC1,6.669053077697754,5.536686420440674,6.102869749069214
CCCCCC=CC1CC(CO)(c2ccc(OC)cc2OC)OC1=O,4.887487411499023,5.503935813903809,5.195711612701416
CC(N)COc1cncc(C2CCCCC2)c1,4.631796836853027,5.952949047088623,5.292372941970825
O=C(O)c1ccc2cc(COc3ccc(-n4ccnc4)cc3)ccc2c1,4.777592182159424,7.23295783996582,6.005275011062622
COc1ccccc1NC(=O)Oc1ccc2c(c1)C1(C)CCOC1O2,6.635059833526611,4.760705471038818,5.697882652282715
COc1cccc2c1OC(=O)C2=O,5.906131744384766,4.64972448348999,5.277928113937378
C#CCN(C)Cc1cc2cc(OCCC3CCN(Cc4ccccc4)CC3)ccc2n1C,6.383633136749268,5.558395385742188,5.9710142612457275
O=C1N=c2ccc(OCCCCCCNc3c4c(nc5ccccc35)CCCC4)cc2=C1C1CC1,7.721431255340576,5.745896816253662,6.733664035797119
c1ccc(CNc2cc3c(cc2OCCCC4CCN(Cc5ccccc5)CC4)OCCO3)nc2)cc1,,,
COc1ccc(C2CC(=O)N3CN(C4CCCCC4)CSC3=C2C#N)cc1,6.105314254760742,6.400809288024902,6.253061771392822
CC(C)=C(CC=CCCCCCC(=O)Oc1cccc(O)c1)c1ccccc1O,5.854836940765381,4.762185573577881,5.308511257171631
Cc1c(C)c2ccc(OCCc3ccc(Cl)cc3)cc2oc1=O,4.796720027923584,8.248109817504883,6.522414922714233
O=C(NCCc1c[nH]c2ccccc12)c1cccnc1,5.189865589141846,5.280852794647217,5.235359191894531
C=C1C=C(c2ccccc2)CC(O)=NC1O,5.221205711364746,5.949170112609863,5.585187911987305
O=C1Cc2c(ccc3c2OC(CNCCCO)C1)O3,5.702118873596191,3.974709510803223,4.838414192199707
COCCNC1=NN=C(C#N)C(C)CS1,6.677845001220703,5.663370132446289,6.170607566833496
c1cnc2ccc(CNc3nc(CC4CCCCC4)no3)cc2c1,6.662200450897217,5.856860160827637,6.259530305862427
O=C(CCN1CCCCC1)N1c2ccccc2Sc2ccccc21,5.178335189819336,4.221502780914307,4.699918985366821
O=C(Nc1ccc2oc(O)cc2c1)c1ccc(C(F)(F)F)cc1,5.45701789855957,5.587216854095459,5.522117376327515
Cc1ccc(=O)oc1C=Cc1ccc(C2OCCO2)cc1,4.702025413513184,5.99410343170166,5.348064422607422
O=c1cc(-c2cccc(O)c2)oc2c1ccc1ccccc12,4.771395683288574,4.9661641120910645,4.868779897689819
O=C1Nc2cc(OCCCC3CCN(Cc4ccccc4)CC3)ccc2C1=O,7.061893463134766,5.454287052154541,6.258090257644653
O=C1NN(c2ccccc2)c2ccccc21,4.231200695037842,4.305773735046387,4.268487215042114
COc1ccc(-c2cc3cc([N+](=O)[O-])ccc3oc2=O)cc1,5.514584064483643,7.062190055847168,6.288387060165405
Cc1cc2oc3ccc(O)cc3c(=O)c2cc1C,5.26556396484375,5.485015392303467,5.375289678573608
O=c1ccc2ccc(OCc3ccc(Cl)cc3)cc2o1,4.029874801635742,7.6645307540893555,5.847202777862549
CC1=CCN2CCCCC2C1=CC=Cc1coc2ccccc2c1=O,4.841809272766113,6.217308044433594,5.5295586585998535
Cc1cc2c(s1)C(=O)C(OC1CCCC1)C2,6.195204734802246,5.686331748962402,5.940768241882324
Cc1oc2cc3oc(=O)c(F)cc3cc2c(=O)c1C,5.67063570022583,5.79869270324707,5.73466420173645
CCC(=O)c1cc2ccccc2oc1=O,6.560898303985596,5.496808052062988,6.028853178024292
Cc1cccc(C2CC(=O)c3ccccc3O2)c1,5.904365062713623,6.2388834953308105,6.071624279022217
O=c1oc2ccccc2cc1NCc1ccccc1,4.633357524871826,5.052968978881836,4.843163251876831
CCCCCCCCCc1cc2c(nc3cc(CCCCCCCCNc4c5c(nc6ccccc46)CCCC5)c(C)ccc32)o1,7.285630702972412,5.305870056152344,6.295750379562378
COc1ccc(C(=O)C=Cc2ccccc2OC)c(OC)c1,6.203229427337647,4.889405727386475,5.5463175773620605
Cc1occc1COC(=O)c1ccccc1OCC1CCCC1,5.550920486450195,5.590831279754639,5.570875883102417
COC(=O)C=C1CC=CC(=NOC(C)C)C1,3.665861129760742,3.3673949241638184,3.5166280269622803
O=C1CCCc2cc(OCCCCCCNc3c4c(nc5ccccc35)CCCC4)ccc21,7.414884567260742,5.253373146057129,6.3341288566589355
CC(=O)c1cc2cc([N+](=O)[O-])ccc2oc1=O,6.114115715026856,6.055351257324219,6.084733486175537
CC1=CC=CC=CC=CCC=CCC=CCCCC(=O)Nc2cccc(O)c2)COC1,,,
Clc1ccc(-c2ccc(COc3ncoc3C3CC3)o2)cc1,4.976992130279541,6.888002872467041,5.932497501373291
COc1cc(OC)c2c(=O)ccc(-c3coc(O)c3)oc2c1,,,
COc1cc2c(cc1OC)-c1[nH]nc(C)c1C2,5.1163716316223145,5.041290283203125,5.07883095741272
COc1cc2c(cc1OC)C(=O)C(Oc1ccc(C)cc1)C2,6.67012357711792,4.894332885742188,5.782228231430054
O=c1cc(-c2ccc(F)cc2F)oc2ccccc12,4.6547160148620605,4.831393718719482,4.7430548667907715
O=S(=O)(c1ccccc1)N1CCCC1c1ccccc1,5.437423229217529,3.5186986923217773,4.478060960769653
c1ccc(C2CNC3CCCC3c3ccccc32)cc1,4.689468383789063,5.6662139892578125,5.1778411865234375
COc1cc(C=CC=CC(=O)c2cc(OC)c(OC)c(OC)c2)ccc1O,5.7140960693359375,4.42032527923584,5.067210674285889
c1ccc2c(NCCCCNCCCCCCNc3c4c(nc5ccccc35)CCCC4)c3c(nc2c1)CCCC3,8.786432266235352,4.004551410675049,6.3954918384552
Clc1ccc2c(c1)COC2=NOCCCC1CCNCC1,5.48169469833374,5.535645961761475,5.508670330047607
c1ccc(CCN2CCCCC2c2ccc(Oc3ccnc4cc(OCCc5ccccc5)ccc34)cc2)cc1,5.191695213317871,5.051009654998779,5.121352434158325
O=c1oc2ccc(OCCCCCOc3ccc(Cl)cc3)cc2c2oc3ccccc3c12,4.947117328643799,6.479784965515137,5.713451147079468
COc1ccc(C=C2CCc3cc(OC)c(OC)cc3C2=O)cc1,5.652130603790283,5.665835857391357,5.65898323059082
C#CC[n+]1ccc(CCCC2CCCCC2=O)cc1,5.7694525718688965,5.798738479614258,5.784095525741577
COc1cc2c(cc1OC)C(=O)C(=O)C2,6.3868842124938965,4.7086591720581055,5.547771692276001
O=C1Cc2cc(OCc3cccc(Cl)c3)ccc2O1,4.404440879821777,7.582720756530762,5.9935808181762695
CCOC(=O)c1c(C)n(-c2ccc(I)cc2)c2c1cc1ccccc1c,,,
O=CCl)CCCCCCCCCCCCNc1c2c(nc3ccccc13)CCCC2,,,
O=C(CCCCCCCCCCCCNc1c2c(nc3sccc13)CCCC2)c1cc(=O)c2cc(O)c(O)cc2o1,8.152619361877441,5.599674224853516,6.8761467933654785
CCC1(c2ccccc2)CCCCN(Cc2ccc(OC)c(OC)c2)C1,4.926000118255615,3.629883766174317,4.277941942214966
N#CCCn1nnc(-c2ccc(OCc3ccccc3)cc2)n1,5.613663196563721,6.46402645111084,6.03884482383728
O=C1CCc2ccc(OCCCCCNc3c4c(nc5ccccc35)CCCC4)cc2N1,7.586210250854492,5.279542446136475,6.432876348495483
CCOc1ccc(-c2c3nc(=O)c4ccccc4n(C)c3s2)cc1,,,
CC1=CC=CC2CN=CCC12,4.221446990966797,6.602774620056152,5.412110805511475
COc1cc2c(cc1OC)C1CCCC1CNC2=O,5.511728763580322,5.151473522186279,5.331601142883301
O=C1CCc2ccc(OCCCCCNc3c4c(nc5ccccc35)CCCC4)cc2N1,7.586210250854492,5.279542446136475,6.432876348495483
CC(=O)c1cccc(OCc2cc(=O)oc3cc(C)c(C)cc23)c1,5.557295322418213,7.296228408813477,6.426761865615845
CCCCCCCNC(=O)Cc1[nH]c(O)c2ccc(O)cc12,6.6989426612854,5.084954261779785,5.891948461532593
O=C1CCc2ccc(OCCCCCNc3c4c(nc5cc(Cl)ccc35)CCCC4)cc2N1,8.032442092895508,5.358536720275879,6.695489406585693
CC1=NOC2CCCCC2C1=CC=Cc1ccco1,5.11003303527832,6.632247447967529,5.871140241622925
O=C(CCc1ccccc1)Oc1cccc(C=CBr)c1,6.307258129119873,6.001575469970703,6.154416799545288
COc1ccc(-c2cc3c(C)nc(N)nc3n(C3CCC(O)CC3)c2=O)cc1,5.130906581878662,5.069345474243164,5.100126028060913
Cc1cc2c(s1)Nc1ccccc1S2CCOC1CCCC1,5.835621356964111,5.634668827056885,5.735145092010498
O=c1ccoc2ccc(OCCc3ccc(Cl)cc3)cc12,4.2484965324401855,6.898406028747559,5.573451280593872
COC(=O)c1cccc(CCCCCCCOc2cccc(OC)c2)c1,4.675189018249512,5.606997489929199,5.1410932540893555
O=C1Nc2cc([N+](=O)[O-])ccc2C1=O,4.527224540710449,5.558234214782715,5.042729377746582
C#CCN(C)Cc1cc2cc(OC)ccc2n1C,4.687259197235107,6.898006916046143,5.792633056640625
O=C1CCc2ccc(OCCCCc3ccccc3)cc2N1,5.205835342407227,6.171949863433838,5.688892602920532
CN(C)C(=O)Oc1ccc2c(c1)OCCO2,6.4210944175720215,4.266149997711182,5.343622207641602
Brc1ccc2c(-c3ccc4c(c3)OCCO4)coc2c1,4.776337623596191,6.023256301879883,5.399796962738037
c1ccc2c(c1)C(CC1NCCO1)O2,5.854966640472412,5.17899227142334,5.516979455947876
O=C(C=Cc1ccc2cc3c(cc2c1)OCO3)N1CCCCC1,6.186861991882324,6.189155578613281,6.188008785247803
O=C1CCCc2sc(NCc3ccccc3)nc21,5.966874122619629,5.752923488616943,5.859898805618286
O=C(O)c1coc2ccc(OCc3ccc(Cl)cc3)cc2c1=O,4.999637126922607,7.220715045928955,6.110176086425781
c1ccc2c(c1)NCC2CCC(COCCCCCCCNc3c4c(nc5ccccc35)CCCC4)CC21,,,
O=C(COc1ccccc1)Nc1c2c(nn1)CCCC2,,,
C#CCCCOc1ccc2c(C)cc(=O)oc2c1,3.8193743228912354,7.710827827453613,5.765101075172424
C=CC[N+](O)=C1CCC=C2CCC=CCC2C1=[N+],5.624313354492188,5.45189094543457,5.538102149963379
CCOC(=O)CCCCCCCCCCCCCNCCCCCC=CCCCCCCN(C)C,5.53278398513794,5.036475658416748,5.284629821777344
Fc1ccc(-c2cc3n(c2)CCCCC3)cc1,4.699563980102539,6.170337677001953,5.434950828552246
CCCOc1cc2c(cc1OC)CCC2=O,6.466366291046143,5.31085205078125,5.888609170913696
Nc1ccc(C=C2CC3CCC(C2)N3Cc2ccc3c(c2)OCO3)cc1,6.355231285095215,5.164383888244629,5.759807586669922
CC(Oc1ccc2cc(Cl)ccc2c1)C1CCCC1,4.557744979858398,5.087927341461182,4.82283616065979
O=C(CCN1CCCC1)c1ccc2c(c1)OCO2,6.677924156188965,4.96285343170166,5.8203887939453125
Cc1nc2cc3c(cc2[nH]1)CCCC3,6.476149559020996,5.882376670837402,6.179263114929199
C#CCN(C)Cc1cc2cc(OCc3ccccc3)ccc2n1C,4.428907871246338,7.657023429870605,6.042965650558472
COc1ccc(C=C2COc3cc(OCCCCCNc4c5c(nc6ccccc46)CCCC5)ccc3C2=O)cc1,6.60893440246582,5.837494373321533,6.223214387893677
O=c1cc(Cc2ccccc2OCc2ccccc2)oc(O)c1,4.865149974822998,4.464955806732178,4.665052890777588
CC1CCN(CCCC(=O)c2ccc3ccccc3c2)CC1,5.828956127166748,3.899618148803711,4.8642871379852295
COc1cc2c(CCNC(C)=O)c[nH]c2cc1Cl,4.820209503173828,5.130158424377441,4.975183963775635
C=CCNC(=O)c1cc2c(cc1OCC)OCO2,7.265787124633789,4.671286106109619,5.968536615371704
COc1ccc2cc(C(=O)NC3CCCCC3)c(=O)oc2c1,5.7107768058776855,5.287479877471924,5.499128341674805
N#CCCCCCCCCCOc1ccc2c(c1)C(=O)CCC2,5.0872650146484375,6.9418158531188965,6.014540433883667
Fc1ccc(C=CCc2cccc(C=Cc3cccc(Cl)c3)[n+]2CCCO)cc1,4.905697822570801,5.528398513793945,5.217048168182373
CC(=O)Nc1ccc(C=C2COc3ccccc3C2=O)cc1,5.097563743591309,6.37605094909668,5.736807346343994
Nc1c2c(nc3ccccc13)CCCC2,6.06611967086792,2.2618794441223145,4.163999557495117
Cc1cccc(Nc2nc(-c3ccc4c(c3)OCO4)cs2)c1,5.527040958404541,5.631399154663086,5.5792200565338135
CC(=O)OC1=COC2(COc3ccccc3C2=O)OC1,5.262587070465088,4.041308403015137,4.651947736740112
CC#CCCC(=O)Oc1ccc2c(c1)CN=C(c1ccccc1)CC2,5.253180503845215,6.096073627471924,5.674627065658569
C#CCN(C)C(C)Cc1cccc(OCCCCNc2c3c(nc4cc(Cl)ccc24)CCCC3)c1,6.256129741668701,5.732536315917969,5.994333028793335
CCOc1ccc(CC2CCN(Cc3ccccc3)CC2)cc1,5.667868614196777,3.103500366210937,4.385684490203857
c1ccc(CCC2CNCCN2)cc1,3.1309919357299805,2.9974186420440674,3.064205288887024
O=C1c2ccccc2C(=O)c2c1cccc2OCCCCCCNc1c2c(nc3ccccc13)CCCC2,6.567685127258301,5.100645065307617,5.834165096282959
Fc1ccc(-c2cnc(OCc3ccccc3)o2)cc1,5.324439525604248,7.224905967712402,6.274672746658325
CC(C)c1ccc2c3c(n[nH]c3ccccc3c1=O)C2CO,,,
Oc1occ2ccc(OCCCCCCNc3c4c(nc5ccccc35)CCCC4)cc12,7.275489807128906,5.536603927612305,6.4060468673706055
N#CCCCCCCCCNc1c2c(nc3ccccc13)CCCC2,7.070281028747559,4.578491687774658,5.824386358261108
CC(=O)c1c(OCCc2ccccc2)ccc2c1OCCO2,6.202917575836182,5.212820053100586,5.707868814468384
O=C(O)c1ccccc1OCCOc1ccc2c(c1)OCO2,5.556975364685059,6.246598243713379,5.901786804199219
CCOC(=O)c1cnc2ccc(OC)cc2c1NCCC2C,,,
CN1CCCC1CCOc1ccc(C(=O)C2CCCCC2)cc1,5.129152774810791,4.916966438293457,5.023059606552124
O=C(CCCCCc1c[nH]c2ccccc12)Nc1ccccc1C(=O)O,6.128096580505371,5.860130310058594,5.994113445281982
COc1ccc(-c2cc3nc4ccccc4nc3s2)cc1,4.6068525314331055,4.696084499359131,4.651468515396118
COc1cc2c(cc1OC)C(=O)C(Oc1ccc(C(C)=O)cc1)C2,7.102496147155762,4.803229808807373,5.952862977981567
COc1cccc(CNc2c3c(nc4ccccc24)CCCC3)c1,5.508671760559082,3.99360990524292,4.751140832901001
O=c1ccoc2ccc(OCc3ccc(F)cc3)cc12,4.365901470184326,7.64776611328125,6.006833791732788
CCN(CCCCCCCCN=C1CC(=O)C(=NCCCCCCN(CC)Cc2ccccc2OC)CC1=O)Cc1ccccc1OC,7.644228458404541,4.946950912475586,6.2955896854400635
O=c1oc2cc(OCc3ccccc3)ccc2c2ccccc12,4.677525997161865,6.7185258865356445,5.698025941848755
CCc1ccc(C=CC2=NN(CCCCCCNc3c4c(nc5ccccc35)CCCC4)C(=O)N2)cc1,8.192119598388672,4.885604381561279,6.538861989974976
Fc1ccc(-c2nc(-c3ccc(Br)o3)no2)cc1,5.975544452667236,7.512557029724121,6.744050741195679
CC1=NC2C(=O)C(=Cc3ccc(OCCCCNc4c5c(nc6ccccc46)CCCC5)cc3)C3C(O)OC2C)C1,,,
O=C1C=CC(=O)c2cc(OCc3cccc(Cl)c3)ccc21,4.680416107177734,8.001755714416504,6.341085910797119
COc1cc(=O)oc2c(OC3CCCCC3)cccc12,5.595745086669922,4.902328968048096,5.249037027359009
O=c1ccoc2c1ccc1cccc21C2=O,,,
CC(=O)C1CCC2C3CC=C4CC(=O)CCC4(C)C3CCC12C,4.636145114898682,7.624482154846191,6.1303136348724365
CCCCCCCCCCCCCCCCCC[n+]1ccon1,5.820698261260986,6.315092086791992,6.067895174026489
Cc1sc(NN=C2CCCCC2)nc1COc1ccccc1,5.918050765991211,6.71595573425293,6.31700325012207
CC1=CCC2C1C(=O)OCCOC2=CCC1CC1CCCCC1,,,
CN=C1CCc2cc(OC)c(OC)c(OC)c2C2=CC=CC=CC=C12,5.231200695037842,4.76467227935791,4.997936487197876
CC(=O)c1cc(OCc2ccc(Cl)cc2)ccc1OCCCCCCCCCN,4.310257911682129,6.381350517272949,5.345804214477539
CC(=O)OC1CC2(C)C(OC(=O)c3cccc(C)c3)C3COC(=O)C3(C)CCC4C5(C)CCCC3(C)C2C1,,,
COc1cc2c(cc1OC)-c1c3cc(OC)c(OC)cc3CC2,,,
CNCC=CC=CC(=O)c1ccccc1OC,4.701262950897217,5.314379215240479,5.007821083068848
C#CCN(C)Cc1cc2cc(OCCC3CCCN3)ccc2n1C,5.685714244842529,6.273796081542969,5.979755163192749
C#CCCCCOc1ccc2c(c1)CN(C)C2,3.996225357055664,6.875641822814941,5.435933589935303
COc1cc2c(cc1OC)C(=O)CC(CC1CCCN(CCc3ccccc3)C1)C2,6.519256114959717,4.003198146820068,5.261227130889893
Oc1ccccc1C=Cc1ccc2c(c1)OCO2,4.509042739868164,6.215827941894531,5.362435340881348
Cc1cccc(C)c1NC(=O)c1cc2ccccc2oc1=O,6.51707649230957,5.302940845489502,5.910008668899536
O=C(COc1ccc2c(c1)C1CCCC1N2CC2=O)NCCc1ccccc1,,,
O=c1cc(-c2ccccc2)oc2c(OC3CCC3)cccc12,5.521880149841309,4.036755084991455,4.779317617416382
CC(C)c1onc(-c2ccccc2Cl)c1COc1ccc(C=Cc2cccc(C(=O)O)c2)c(Cl)c1,5.4373650550842285,6.310762405395508,5.874063730239868
O=C(COc1ccc2ccccc2c1)NCc1ccco1,4.487318992614746,5.985825538635254,5.236572265625
COCCOCCNC(=O)COc1ccc2oc3ccccc3c2c1,5.277318000793457,6.055990219116211,5.666654109954834
c1ccc2c(NCCCCCCCNc3c4c(nc5ccccc35)CCCC4)c3c(nc2c1)CCCC3,8.578527450561523,3.9845199584960938,6.281523704528809
CC=CC=CCC=CCC=CCC=CCC=CCCC=CCCC[n+]1ccccc1,5.044669151306152,4.155417919158936,4.600043535232544
CC#CCN(C)Cc1cc2ccccc2n1C,5.287430763244629,6.252068042755127,5.769749402999878
O=C(O)CCCCCCCCNc1c2c(nc3ccccc13)CCCC2,7.483837127685547,4.677828311920166,6.0808327198028564
C#CCN(C)Cc1cc2cc(OCc3ccccc3)ccc2n1C,4.428907871246338,7.657023429870605,6.042965650558472
O=C1CCc2ccc(OCCCCCNc3c4c(nc5ccccc35)CCCC4)cc2N1,7.586210250854492,5.279542446136475,6.432876348495483
O=C1CCCc2cc(OCCCCCCCCCNc3c4c(nc5ccccc35)CCCC4)ccc21,7.300005912780762,5.566245079040527,6.4331254959106445
CC(C)Oc1ccccc1NC(=O)N1CCCCC1,6.19657564163208,4.699577331542969,5.448076486587524
COc1cc2c(=O)oc(-c3ccccc3)nc2cc1OC,6.0874552726745605,5.45360279083252,5.77052903175354
O=C(C#Cc1ccccc1Cl)Nc1ccco1,5.2008957862854,5.916131019592285,5.558513402938843
Cc1oc2c(C)c(OC(=O)N3CCCC3)ccc2c1C,6.155893325805664,5.052722454071045,5.6043078899383545
CC#CCNC1=CC=C2C=Nc3ccc(CC=C)cc32C1=O,,,
O=C1c2ccccc2-c2nc3nnnn3nc21,4.122465133666992,3.952200412750244,4.037332773208618
O=C(O)c1cccc(CNc2cccc(Cl)c2Cl)c1,3.9907517433166495,5.553775310516357,4.772263526916504
Oc1occ2ccc(OCCCCc3ccccc3)cc12,4.4769606590271,7.029554843902588,5.753257751464844
CN1CCC(c2c[nH]c3cc(C#N)ccc23)CC1,4.152004718780518,6.0025177001953125,5.077261209487915
Cc1cc2c(cc1C)CCC2NCCOCCOCC1CC1,5.456596374511719,5.862884998321533,5.659740686416626
COc1cc(CNC2CCCC2)c2cccc(Cl)c2n1,5.6578874588012695,4.626832008361816,5.142359733581543
O=C1c2ccccc2-c2nc3ccccc3nc21,3.898645639419556,3.513340473175049,3.7059930562973022
O=C(O)c1ccc(NN=Cc2ccc3c(c2)OCO3)cc1,5.44248104095459,4.741993427276611,5.092237234115601
COc1cc2c(cc1OC)C(=O)C(Oc1ccccc1)C2,7.332242012023926,4.46682071685791,5.899531364440918
c1cc(OCC2CNCCO2)ccc1OCCC1CCCCC1,5.067624568939209,5.526951789855957,5.297288179397583
COc1cc2c(cc1OC)C1CC(CCc3ccc(Br)cc3)C[N+](C)=O)OC1=O,,,
CN(C)CCOc1cc2c(=O)oc3cccc(Cl)c3c2c1,,,
CC(C=Cc1ccc(O)c(O)c1)=CC(=O)O,2.969679117202759,5.351319789886475,4.160499453544617
O=C(O)c1cccc(NN=Cc2ccc3c(c2)OCO3)c1,5.348182201385498,4.73322868347168,5.040705442428589
O=C1CCc2cc(OCCCCCCCNc3c4c(nc5ccccc35)CCCC4)ccc2N1,7.583569526672363,5.467265605926514,6.5254175662994385
COc1ccccc1CC(=O)N=c1[nH]c2ccccc2c(=O)s1,6.553786277770996,5.405628204345703,5.97970724105835
COc1cc2cc(-c3cc(C)no3)c(=O)oc2cc1OC,5.893942832946777,5.480412483215332,5.687177658081055
CCC1CCCCN1CCCC(=O)c1ccc2c(c1)CCCC2,5.787163734436035,4.362318992614746,5.074741363525391
CCCCCCCCCCCCCCCCCCC(=O)OC,4.168456077575684,6.536113739013672,5.352284908294678
CCOC(=O)c1ccc2[nH]c3c(c2c1)CCNC3=O,6.198873996734619,4.998855113983154,5.598864555358887
O=C1c2ccccc2-c2nnc(-c3ccc(F)cc3)cc21,5.582317352294922,6.205568313598633,5.893942832946777
O=C(CCCCCCCCCCCNc1c2c(nc3cc(Cl)ccc13)CCCC2)NCC1CCCCC1,8.18966007232666,4.575356960296631,6.3825085163116455
O=c1ccoc2ccc(OCc3ccc(Cl)cc3)cc12,3.986671924591065,7.444510459899902,5.715591192245483
CCCCCCCCCCCCCCC[n+]1ccccc1,5.283968448638916,5.100655555725098,5.192312002182007
O=C(O)c1ccc2c3c1cccc3c(=O)oc2c1,,,
O=C1C=CC(=CNNC2=c3ccccc3=NC2=O)C=C1,3.5436558723449707,5.890535831451416,4.717095851898193
Fc1ccc(-c2cnc(C=CC3CCNCC3)o2)cc1,4.879563808441162,6.188349723815918,5.53395676612854
O=C(NCCCCCCCCCCCNc1c2c(nc3cc(Cl)ccc13)CCCC2)c1cc(=O)c2cc(O)ccc2o1,8.955427169799805,5.06978702545166,7.012607097625732
CC(=O)NC1=C(C)OC(=O)CC1=O,4.049886703491211,3.574249505996704,3.8120681047439575
CN(C)c1ccccc1CSc1nc(C=Cc2ccccc2)ns1,5.613886833190918,6.054172515869141,5.834029674530029
CN=CC1CC(=O)Oc2cc(OCc3cccc(Cl)c3)ccc21,4.668542385101318,7.40445613861084,6.036499261856079
CC(=O)c1cccc(-c2ccc3oc(N4CCCC4)cc(=O)c3c2)c1,6.059636116027832,5.550429821014404,5.805032968521118
Cc1cc2c(=O)n(C(C)C)ccc2o1,5.413410186767578,5.351327419281006,5.382368803024292
Nc1ccccc1OCCCCCCCNc1c2c(nc3ccccc13)CCCC2,7.194270133972168,4.363135814666748,5.778702974319458
O=c1ccoc2ccc(OCCCCCCNc3c4c(nc5ccccc35)CCCC4)cc12,6.876397132873535,5.100113391876221,5.988255262374878
O=C1Cc2ccccc2C2=CCCN1CCC2,4.955511093139648,6.087194442749023,5.521352767944336
Cc1cc2c(CC(=O)N3c4ccccc4Sc4ccccc43)coc2cc1O,5.788531303405762,3.8560986518859854,4.822314977645874
O=C1NCC2(CCCCC2)CCN1c1ccc(C=Cc2ccccc2)o1,4.964083194732666,5.3219828605651855,5.143033027648926
CC#CCCCn1c2cc(OCCCCCCCCCCCCCCCCCCCN3CCCCC3)ccc2c2ccc(OC)cc21,6.1367597579956055,6.197665214538574,6.16721248626709
Cc1ccc2oc(=O)c(-c3ccccc3)cc2c1,4.8439555168151855,6.5365729331970215,5.6902642250061035
COc1ccc2cc(C(=O)NCc3ccccc3)c(=O)oc2c1,6.716870307922363,5.269443511962891,5.993156909942627
CC1CCCN1CCc1c2ccoc2c2oc3ccccc3c2c1,5.894946098327637,4.421826362609863,5.15838623046875
COC(=O)c1cc(-c2ccccc2)c2ccc(Cl)cc2c1,4.036946296691895,6.419896602630615,5.228421449661255
CC1=CC=C(c2cc(O)ccc2O)N=C1OCCc1ccccc1,4.925579071044922,5.046422481536865,4.9860007762908936
C#CCN(C)CCc1cccc(OCCCCCCNc2c3c(nc4ccccc24)CCCC3)c1,6.009038925170898,5.523809432983398,5.766424179077148
O=C1CCc2cc(OCCCCCCNc3c4c(nc5cc(Cl)ccc35)CCCC4)ccc2N1,8.05221939086914,5.507079124450684,6.779649257659912
COc1cc2c(cc1OC)C(=O)C(C)O2,8.041110038757324,4.099111080169678,6.070110559463501
CN(C)c1ccc(C=C2CCCC3C2=O)cc1,,,
Cc1ccccc1-c1cnc2cc(-c3ccccc3)ccc2c1,4.218774318695068,5.992203235626221,5.1054887771606445
O=c1ccoc2ccc(OCc3ccc(Cl)cc3)cc12,3.9866695404052734,7.444510459899902,5.715590000152588
O=C1Nc2ccc(OCCc3ccccc3)cc2C1=O,5.575217247009277,6.865517139434815,6.220367193222046
CC(=O)C1=C(C)OC2CCC3(C)C(CCC4(C)C3CCC4C2C3C)O1,,,
Cc1cc2cc(CCc3nnc4ccc(N)cc4n3)ccc2o1,6.306465148925781,5.131792545318604,5.719128847122192
O=C1CCc2cc(OCCCCCOc3ccc(Cl)cc3)ccc21,5.077348232269287,7.497618675231934,6.28748345375061
Cc1cc(=O)oc2cc(OCCCCCCN3CCCCC3)ccc12,6.333367824554443,5.8083319664001465,6.070849895477295
O=C1c2ccccc2-c2nc3ccccc3nc21,3.898645639419556,3.513340473175049,3.7059930562973022
O=C(CCCCCCNc1c2c(nc3cc(Cl)ccc13)CCCC2)NCC1CCCCC1,8.512463569641113,4.312878608703613,6.412671089172363
Cc1cccc(C)c1,3.792487382888794,4.9961113929748535,4.394299387931824
COc1cc2c(cc1OC)C(=O)C(Oc1ccc(C(=O)c3c(F)cccc3F)cc1)C2,6.189352989196777,5.02609395980835,5.6077234745025635
Cn1cc(C2=CCSC(NC(=O)c3cccc(NC(=O)Cc4ccc(OC(F)(F)F)cc4)c3)C2)c2ccccc21,6.202674865722656,4.842350006103516,5.522512435913086
CC#CCN(C)Cc1cc2cc(OCc3ccccc3)ccc2n1C,4.811418533325195,7.19118070602417,6.001299619674683
COc1ccc2c3c(cccc13)C(=O)O2,5.65456485748291,5.826704025268555,5.740634441375732
O=C1c2cc(O)ccc2OC1c1ccc(Br)cc1,5.470344066619873,5.924894332885742,5.697619199752808
c1ccc2c(CC3=NCCN3)coc2c1,5.615864276885986,5.222387790679932,5.419126033782959
N#Cc1cccc(OC(=O)c2ccccc2OCc2ccccc2)c1,5.344963073730469,5.92071533203125,5.632839202880859
O=c1ccoc2ccc(OCc3ccccc3)cc12,4.4897050857543945,6.758448123931885,5.62407660484314
O=C(OC=CC=CCN1CCc2ccccc2C1)c1cc2cc(Cl)ccc2oc1=O,4.493992805480957,5.8832316398620605,5.188612222671509
Cc1c2ccccc2n1CC(=O)Nc1ccccc1OC(F)(F)F,,,
Cn1c2ccccc2nc2cc(C3CCOCC3)ccc21,,,
O=C1CCc2cc(OCc3cccc(Cl)c3)ccc2N1,4.199397087097168,7.328123569488525,5.763760328292847
CCOc1cc(=O)oc2cc(OCCCOc3cccc([N+](=O)[O-])c3)ccc12,6.276422023773193,7.058661460876465,6.667541742324829
COc1cccc2c(O)c3c(O)c4c(c(O)c3c(O)c12)C(OC1CC(O)C(O)C(O)C1)C(C)CO4,6.293698310852051,3.6577396392822266,4.975718975067139
CCc1ccc2oc(C=Cc3ccccc3)nc2c1,4.86554765701294,5.491439342498779,5.178493499755859
NC(=O)C1CCCN(CCOc2ccccc2C2=CCCCC2)C1,5.2839555740356445,4.6270856857299805,4.9555206298828125
CC1=CC=CC1=NOCCCCCCCCNc1c2c(nc3cc(Cl)ccc13)CCCC2,7.801728248596191,5.309783935546875,6.555756092071533
COc1ccc2nc3cc(C)ccc3c(O)c2c1,4.831323623657227,5.987613677978516,5.409468650817871
COc1ccc2c3c1OC1CCCCC31CCN(C)C2,3.9759349822998047,5.404900550842285,4.690417766571045
CNC(=O)OCC1CCC2C3CC=C4CC(O)CCC4(C)C3CCC12C,5.715351104736328,6.676917552947998,6.196134328842163
Cc1ccc2oc(=O)c(-c3ccccc3)cc2c1,4.843947887420654,6.536579132080078,5.690263509750366
COc1ccc(-c2cccn3c(=O)c4cc(C)ccc4nc23)cc1,4.996883869171143,5.907691478729248,5.452287673950195
CC=C1CCc2c1c1c3cc(OC(C)=O)c(OC)cc3n3CCC12,,,
Clc1ccc(N2CCN(CCCCCCCOc3ccccc3)CC2)cc1,5.1921067237854,5.087612628936768,5.139859676361084
CC(NC(=O)COc1ccc(C2CCCCC2)cc1)C1CCCO1,4.265734672546387,5.541071891784668,4.903403282165527
CNC(=O)Oc1ccc2c(c1)C1(C)CCOC1N2C,7.339248657226562,5.773969650268555,6.556609153747559
CC1CCc2cc(OCc3cccs3)ccc2C1,4.6274495124816895,6.10496997833252,5.3662097454071045
C#CCCCCCOc1ccc2c(C)c(C)oc2c1,4.0325236320495605,8.107006072998047,6.069764852523804
COc1cc2c(c3ccccc13)C(=O)OC2=O,6.003018856048584,5.626909732818604,5.814964294433594
O=C1c2ccccc2OC(=O)C1=Cc1ccc2c(c1)OCO2,6.197819232940674,6.018354892730713,6.108087062835693
Cc1c(Cl)cccc1NCc1cccc(OCCCCCNc2c3c(nc4cc(Cl)ccc24)CCCC3)c1,7.261549472808838,4.9007415771484375,6.081145524978638
CCCCC1CCC2C(=O)N(CCCCCCCCC(=O)NCC)CCCOC2C1,5.9154887199401855,5.010677337646484,5.463083028793335
CC1=Nc2cc(C(CCC3CCCCC3)c3ccccc3)ccc2C2=CC(c3ccccc3O)OC12,5.891174793243408,5.8996124267578125,5.89539361000061
O=C1Oc2cc(OCCCCCNc3c4c(nc5ccccc35)CCCC4)ccc2C2CCCC12,6.923184394836426,5.841032981872559,6.382108688354492
CC(C=CC=CC1CC(O)CC(=O)O1)=CC=C(C)C=CC=C(C)C=C(C)C=CC1=[N+](CCCCCC)C2C,,,
C#CCNC1CCc2cc(OCCCCCCCNc3c4c(nc5ccccc35)CCCC4)ccc21,6.483810424804688,5.610334873199463,6.047072649002075
CCOC(=O)c1cc2cc(Br)ccc2oc1=O,5.155300617218018,5.240139484405518,5.197720050811768
C#Cc1c2c(c(OC)c3ccccc13)C(=O)N(c1ccc(C(C)=O)cc1)C2=O,5.749175548553467,5.458906650543213,5.60404109954834
O=C1CCC2(C=CCC(CF)C3CCC2C3)C1,4.55097246170044,6.762596607208252,5.656784534454346
O=C1CCc2ccc(OCCCCCCNc3c4c(nc5ccccc35)CCCC4)cc2N1,7.6467509269714355,5.350108623504639,6.498429775238037
c1ccc(CNc2c3c(nc4sccc24)CCCC3)cc1,5.49880838394165,4.282115459442139,4.8904619216918945
Clc1ccc2nc(-c3ccccc3)cn2c1,4.160101413726807,4.740151405334473,4.45012640953064
NC1=c2ccccc2=NC2=CCCCC2=N1,5.405788898468018,5.285781383514404,5.345785140991211
COc1cc2c(cc1OC)C(=O)C(=Nc1ccc(OCCCCCCCCNc3c4c(nc5ccccc35)CCCC4)c(F)c1)C2,7.147750854492188,5.415422439575195,6.281586647033691
Cc1cc2c(OCCN3CCC(Cc4ccccc4)CC3)cccc2o1,5.421219825744629,4.25775146484375,4.8394856452941895
CCCCCNCCCCCCCCCCCCOc1ccc(C(=O)O)cc1,4.903750419616699,6.18437385559082,5.54406213760376
c1ccc2c(NCCCCCCCCOc3ccc4c(c3)CCCC4)c3c(nc2c1)CCCC3,7.221523761749268,5.117019176483154,6.169271469116211
COc1ccc2c3c1OC1CC=CC31CCN(CCCCCCCCNC1C2CC3CC(C2)CC1C3)C2,5.26371955871582,5.829373359680176,5.546546459197998
Cc1ccc2c(OCCCC3CCN(Cc4cccc(C(F)(F)F)c4)CC3)coc2c1,6.467900276184082,6.050582885742188,6.259241580963135
O=C(CCc1c[nH]c2ccc3cccc(c3c12)OCCO3)NCCCCCCNc1c2c(nc3cc(Cl)ccc13)CCCC2,,,
COc1cc2c(cc1OC)C1=NOC(CN3CCN(CC(C)=Cc4ccc(OC)c(OC)c4)CC3)C1CO2,6.367680072784424,4.255692481994629,5.311686277389526
O=C(O)c1coc2ccc(OCc3cccc(Cl)c3)cc2c1=O,5.054408073425293,7.118734836578369,6.086571455001831
O=C1COc2cc(OCc3cccc(Cl)c3)ccc2C1=O,4.833467483520508,7.594482898712158,6.213975191116333
CCC1=C(C)CC2C(=O)C(=NCCCCCCCCNc3c4c(nc5ccccc35)CCCC4)C(C)C2=O1,,,
COc1cc2c(cc1OC)C(=O)C(Oc1ccc(Cl)cc1)C2,6.5685319900512695,5.1559157371521,5.862223863601685
O=C1Oc2cc(OCCCCCCNc3c4c(nc5ccccc35)CCCC4)ccc2C2CCCC12,6.975682735443115,5.869925022125244,6.42280387878418
CC(NC1CCCCC1)C(O)c1ccccc1,4.219864845275879,4.943906784057617,4.581885814666748
O=C1c2ccccc2-c2nnc(-c3cccc([N+](=O)[O-])c3)cc21,5.311034202575684,5.836466312408447,5.573750257492065
COc1cc2c(cc1OC)C(=O)C(CC1CCN(CCc3ccccc3)CC1)O2,7.375890254974365,4.735706329345703,6.055798292160034
CC(=O)c1cccc(COc2cccc(C(=O)NCCCCCC3CCCCC3)c2)c1,6.503701210021973,4.741476535797119,5.622588872909546
COc1cc2c(c3cccc(OCCCCN4CCCCC4)c3oc4ccccc4c3c2o1,,,
CC(=O)N1N=C(c2cccs2)CC1c1ccccc1Br,7.240808010101318,5.388027667999268,6.314417839050293
O=C1C(=Cc2ccc(O)cc2)CSC1=Cc1ccc(OCCN2CCCCC2)cc1,5.626883029937744,5.54643440246582,5.586658716201782
Cc1cc(-c2csc(N3CCCCC3)n2)oc1C,5.908352375030518,7.010331630706787,6.459342002868652
O=C1CC(=O)C(c2ccc(O)c(O)c2)O1,5.68761682510376,4.695309638977051,5.191463232040405
O=C1c2ccccc2-c2nnc(-c3ccc(F)cc3)cc21,5.582317352294922,6.205568313598633,5.893942832946777
O=C(CC=NC1CCOCC1)c1ccc2ccccc2c1O,5.620473861694336,5.339489936828613,5.479981899261475
Cc1c2ccccc2c(C)c2c1oc1ccccc12,4.725225448608398,4.778957366943359,4.752091407775879
N#Cc1ccc2[nH]c(O)c(-c3ccc(CN4CCOCC4)cn3)c2c1,5.536653518676758,4.896003246307373,5.216328382492065
O=c1ccoc2ccc(OCc3ccccc3)cc12,4.4897050857543945,6.758448123931885,5.62407660484314
CC(C)=CCN1CCC2(C)c3cc(OC(=O)CCCCCCCCCNc4c5c(nc6ccccc46)CCCC5)ccc3CCC2C1,7.361961364746094,4.524735927581787,5.94334864616394
O=C(O)c1ccc(COc2ccc(CCC3=NCCN3)cc2)cc1,5.088812351226807,6.3060712814331055,5.697441816329956
CCOc1ccc2cc(-c3ccc(CCNS(=O)(=O)C4CCCCC4)o3)ccc2c1,5.90604305267334,5.574230194091797,5.740136623382568
O=c1ccoc2cc(OCCCCCNc3c4c(nc5ccccc35)CCCC4)ccc12,6.92169189453125,4.899214744567871,5.9104533195495605
Fc1ccc(-c2oc3nc4ccccc4n3c2-c2ccc(OCCN3CCCC3)cc2)cc1,5.70338773727417,5.452491760253906,5.577939748764038
O=C(C=Cc1ccccc1)NC1CCOc2ccccc21,4.148208618164063,5.644820690155029,4.896514654159546
O=C1NCCCC1=CC=Cc1ccco1,4.225174903869629,6.691906929016113,5.458540916442871
CC(C)CNC1=NN(c2ccccc2)C=C1O,4.440842628479004,3.47928237915039,3.9600625038146973
O=C1C=CC(=C=Cc2ccc(OCCCCCNc3c4c(nc5ccccc35)CCCC4)cc2)CC1=O,6.2806715965271,5.805774688720703,6.043223142623901
O=C1C(=Cc2cccc([N+](=O)[O-])c2)COc2ccccc21,5.1767778396606445,6.667935371398926,5.922356605529785
CC1=NOC(=O)C1=Cc1ccc(OCCCCCCCNc2c3c(nc4ccccc24)CCCC3)cc1,6.841172695159912,6.108490943908691,6.474831819534302
O=C1c2ccccc2-c2nnc(-c3ccc(C(F)(F)F)cc3)cc21,5.357794761657715,5.861023902893066,5.609409332275391
CC(C)C1=NC2CCC34CC35C(=O)CC3(C)C(C(C)N(C)C)C(O)CC3(C)C5CCC4C2(C)CS1,7.729570388793945,8.603867530822754,8.16671895980835
CCN(CCCCCCCN=C1CC(=O)C(=NCCCCCCCN(CC)Cc2ccccc2OC)CC1=O)Cc1ccccc1,7.487283229827881,4.881484508514404,6.184383869171143
COc1cc2c(cc1OC)C1=NOC(CN3CCNCC3)C2C1,5.345242500305176,4.734400272369385,5.03982138633728
Cc1occc1CN=C(N)NC1CCCCC1,5.081308841705322,5.708961486816406,5.395135164260864
O=C1CC(=O)c2ccc(OCc3cc(F)cc(F)c3)cc2O1,5.345347881317139,7.296978950500488,6.3211634159088135
COc1cc2c(cc1OC)C(=O)C(=NCC(C)C)C2,5.5503034591674805,4.764337539672852,5.157320499420166
N#Cc1ccc2c(c1)CC=C2c1cccc2ncccc12,5.109176158905029,6.512528896331787,5.810852527618408
NCCOc1cncc(C=Cc2cc[n+](C)cc2)c1,3.4183337688446045,5.478213310241699,4.448273539543152
COc1ccc2c3c1OC1CC(O)C=CC31CCN(C)C2,4.434950828552246,5.580801963806152,5.007876396179199
COCC#CC(=O)Nc1cc2c(=O)oc3ccccc3c2n1,,,
O=C(O)c1ccc2ccccc2c1O,4.762185096740723,7.116727828979492,5.939456462860107
CC(C)=C(C)c1ccc2c(c1)OC(C)(C)C(=O)C2=O,5.35317325592041,5.623276710510254,5.488224983215332
CNC(=O)Oc1ccc2c(c1)C1(C)CCOC1N2C,7.339248657226562,5.773969650268555,6.556609153747559
O=C(CCCN1CCCC1)Oc1ccc2c(=O)c3ccccc3oc2c1,6.581744194030762,4.278295516967773,5.430019855499268
NNCCCCNC(=O)CCCCCCNc1c2c(nc3cc(Cl)ccc13)CCCC2,7.973054885864258,4.390925884246826,6.181990385055542
O=C1c2ccccc2S(=O)(=O)c2ccccc21,5.109127044677734,5.487881183624268,5.298504114151001
COc1ccc2c(c1OC)C(=O)OC2=O,5.7609477043151855,4.25906229019165,5.010004997253418
Cc1c(C)c2cc(OCc3ccc(F)c(F)c3)ccc2oc1=O,4.369797706604004,8.52824878692627,6.449023246765137
O=C(NCc1cccs1)c1cc2ccccc2oc1=O,6.769147396087647,4.953108310699463,5.861127853393555
C=CCc1cccc(C=C2COc3cc(OC)c(OC)cc3C2=O)c1,6.008762359619141,6.25304651260376,6.13090443611145
CC#CCNCc1ccc2cc(OCCCCCCCCCCCCCCCCC(=O)NC3CCCC3)ccc2c1,5.508998394012451,5.696677207946777,5.602837800979614
Cc1oc2cc3oc(=O)c(F)cc3cc2c1C(=O)c1ccccc1,5.423434257507324,4.500948905944824,4.962191581726074
O=C1c2ccccc2-c2nnc(-c3ccc(F)cc3)cc21,5.582317352294922,6.205568313598633,5.893942832946777
COc1cc2oc(=O)c(CCCCCCCCCCCCCCN)cc2cc1OC,5.117298126220703,6.3566203117370605,5.736959218978882
Cc1cc2nc3ccc(C#CC4CC5OCCC5(C)O4)cc3c(=O)n2c1,,,
CN(C)c1ccc2oc3cc(O)ccc3c(=O)c2c1,5.713057518005371,5.000302314758301,5.356679916381836
COc1cc2c(cc1OC)C(=O)C(=Nc1ccc(C(=O)NCCCCCCCCCCCCCN3CCCCC3)cc1)C2,7.272809982299805,5.170737266540527,6.221773624420166
CCCc1cc2c(=O)c(-c3ccccc3)c(C)oc2c(OCCCC)c1OC,4.89255428314209,4.99084997177124,4.941702127456665
C=CCc1cccc2cc(C(=O)OCC)c(=O)oc12,5.117854595184326,5.565070152282715,5.3414623737335205
CN=c1scc(-c2cccc(Cl)c2)n1C,5.6258463859558105,6.398404121398926,6.012125253677368
O=c1oc2cc(OCCCCCCCNc3c4c(nc5ccccc35)CCCC4)ccc2cc1-c1ccc(O)cc1,6.774959087371826,5.4187517166137695,6.096855401992798
O=C1CCc2cc(OCCCCCNc3c4c(nc5cc(F)ccc35)CCCC4)ccc21,8.281610488891602,5.663856506347656,6.972733497619629
O=C1c2ccccc2OC(COc2ccccc2)C1O,5.810228824615479,4.826056480407715,5.318142652511597
O=C(CCC1CCN(Cc2ccccc2)CC1)c1ccc2c(c1)OCO2,7.355292320251465,4.565407752990723,5.960350036621094
C#CCNCc1cc2cc(OCCCC3CCN(Cc4ccccc4)CC3)ccc2n1C,6.535331726074219,5.230189323425293,5.882760524749756
CN(C)c1ccc(C=C2COc3cc(OCCCCNc4c5c(nc6cc(Cl)ccc46)CCCC5)ccc3C2=O)cc1,7.391343593597412,6.058592796325684,6.724968194961548
CC(=O)OC1CCC2C3C=C(C)C4OC4C(=O)CCC3CCC12C,3.9609694480896,7.5021586418151855,5.731564044952393
COc1cc2c(cc1OC)C(=O)C(Oc1ccccc1)C2,7.33225154876709,4.46682071685791,5.8995361328125
c1ccc2c(c1)NCC2CNCCCCCCCCNc1c2c(nc3ccccc13)CCCC2,7.68575382232666,4.166130065917969,5.9259419441223145
Fc1ccc(-c2coc3cc(OCCCCN4CCCC4)ccc3c2=O)cc1,5.500757694244385,5.973276138305664,5.737016916275024
CC(=O)c1cc2cc(OCCCCCNc3c4c(nc5cc(CSc6ccccc6)ccc35)CCCC4)ccc2oc1=O,6.759183883666992,5.403728485107422,6.081456184387207
O=C1NC(=O)C(=Cc2ccc(OCCC3CCN(Cc4ccccc4)CC3)cc2)O1,6.483799934387207,5.480393886566162,5.982096910476685
CN(C)CC=C1CC(O)COc2ccccc21,4.258756637573242,3.980412006378174,4.119584321975708
O=C(O)c1ccc(Oc2cccc(C(=O)NCCc3ccccc3)c2)cc1,6.73563289642334,5.323035717010498,6.029334306716919
COc1ccc(C(C)=O)cc1COc1ccc2c(=O)c3ccccc3oc2c1,5.785126686096191,5.98610258102417,5.885614633560181
CCOC(=O)C1CCN(CCCCc2c[nH]c3ccc(OC)cc23)CC1,6.175787448883057,4.271617412567139,5.223702430725098
O=C1CCc2cc(OCCCCCCCNc3c4c(nc5ccccc35)CCCC4)ccc2N1,7.583569526672363,5.467265605926514,6.5254175662994385
O=C(C=Cc1ccccc1Cl)N=c1[nH]c2ccccc2n1Cc1ccccn1,5.046125888824463,4.612628936767578,4.8293774127960205
CN(C)CCCCCCCCCCCCNc1c2c(nc3ccccc13)CCCC2,6.975899696350098,4.329620361328125,5.652760028839111
COc1cccc(C=Cc2cc[n+](CCCCCCCCN3CCN(c4coc5cc(OC)ccc45)CC3)cc2)c1,6.23927116394043,5.235908508300781,5.7375898361206055
CC(C)=NNc1nc2c(ccc3ccccc32)c(=O)n1C,5.802903175354004,4.601274967193604,5.202089071273804
COc1cc2c(cc1OC)CCCC2NCCCCCCCCCCCNC(=O)CCCCCN=C(C)CCCCCN=C(C)C,6.8040771484375,5.143059730529785,5.973568439483643
CCN=C1CC(=O)Oc2cc(OCc3cccc(OC)c3)ccc21,5.99553918838501,6.357795715332031,6.1766674518585205
COc1cc2c(cc1OC)C(=O)C(C)N2,6.484727382659912,4.61379337310791,5.549260377883911
Oc1occ2ccc(OCCCc3ccccc3)cc12,4.542934894561768,7.107552528381348,5.825243711471558
COc1cc2c(cc1OC)C(=O)C(=Nc1ccc(Cl)c(C(=O)O)c1)C2,6.3117289543151855,5.216040134429932,5.763884544372559
COc1ccc2[nH]c3c(c2c1)CCN1CCN(C)CC3C1,4.798736572265625,5.021988391876221,4.910362482070923
O=[N+]([O-])c1ccc(C2CN(CCCCCCCCCCCCNc3c4c(nc5ccccc35)CCCC4)CCO2)c(Cl)c1,7.046640396118164,5.258090019226074,6.152365207672119
C=CCCCCNc1c2c(nc3ccccc13)CCCC2,7.182537078857422,4.139285087585449,5.6609110832214355
COc1cc2c(cc1OC)C(=O)C(=NCC3CCC(C(C)NCC3)CC2,,,
Cc1nc2ccccc2c(=O)n1CCCOCCOc1cccc(F)c1,5.441940307617188,6.608252048492432,6.02509617805481
CC(C)=CCCCCCCCCCCCNC(=O)Cc1c[nH]c2ccccc12,6.010830879211426,4.62734317779541,5.319087028503418
CC(=O)c1cccc(C=CCC(=O)Oc2cccc3c2OCCO3)c1,6.112709045410156,5.258583545684815,5.685646295547485
CCNc1ncc(-c2ccccc2OC)c2ccccc12,4.64931058883667,5.04539680480957,4.84735369682312
c1ccc2c(NCCCCCCCCNc3c4c(nc5ccccc35)CCCC4)cccc2c1,7.386868476867676,4.394065380096436,5.890466928482056
CC(=O)N1N=C(c2ccc(OCc3cccc(Cl)c3)cc2)CC1c1ccc(-n2cnnn2)cc1,6.414830684661865,6.498969554901123,6.456900119781494
O=C(CCCc1c[nH]c2ccccc12)Nc1cc(Cl)ccc1O,5.268535614013672,5.794069290161133,5.531302452087402
c1cc2cc3cc(OCCCC4CCNCC4)ccc3nc2cc1CNCC1CCCCC1,6.59215259552002,4.547196388244629,5.569674491882324
CCOC(=O)CCCOc1ccc2c(=O)c3cc(C)ccc3oc2c1,4.884673595428467,5.950847148895264,5.417760372161865
Clc1cccc2c1CCNC2COCCOCCO1,,,
O=C1NCCc2ccc(OCCCCCNc3c4c(nc5ccccc35)CCCC4)cc21,8.129087448120117,5.282123565673828,6.705605506896973
CC(=O)c1ccc(N2CCN(CC(=O)Nc3ccccc3)CC2)c(F)c1,5.303393363952637,4.887754917144775,5.095574140548706
O=C1CCc2ccc(OCCCCCNc3c4c(nc5cc(Cl)ccc35)CCCC4)cc2N1,8.032442092895508,5.358536720275879,6.695489406585693
Nc1ccc2c(=O)n(CCC3CCCCC3)c(CO)cc2c1,7.077675819396973,4.814607620239258,5.946141719818115
O=C(C#Cc1cccc(CO)c1)N1c2ccccc2Sc2ccccc21,4.726677417755127,4.90579080581665,4.816234111785889
CCCCCNCCc1ccc(OCc2cccc(OC)c2)cc1,4.316051483154297,4.777355194091797,4.546703338623047
CC1=NOC(=O)C1=Cc1ccc(OCCCCCCNc2c3c(nc4cc(Cl)ccc24)CCCC3)cc1,7.204058647155762,6.221092224121094,6.712575435638428
COc1cc2c(C#N)c(CN3CCCC3)oc2cc1OC,5.805759429931641,3.550929307937622,4.678344368934631
Cc1oc2cc(OC(=O)O)ccc2c(=O)c1OC(=O)c1ccccc1,7.074735164642334,4.255061626434326,5.66489839553833
CC(C)CN1CCC(OC=O)CCc2c1cc1cccc(F)c1,,,
O=C(Nc1ccc(C2CCCCC2)cc1)c1nc2ccccc2s1,5.722120761871338,5.617435455322266,5.669778108596802
Cc1cc2c(CC(=O)NCCCCCCCNc3c4c(nc5ccccc35)CCCC4)coc2cc1C,8.402217864990234,4.602636337280273,6.502427101135254
CC(C#CCCN1CCCC1)=NOCCCCCCCCNc1c2c(nc3cc(Cl)ccc13)CCCC2,8.131542205810547,5.080721855163574,6.6061320304870605
Oc1occ2ccc(OCCCCCN3CCCCC3)cc12,5.941795825958252,6.135617733001709,6.0387067794799805
COc1cccc(C2C=CC(c3ccc(OCc4csc(C)n4)cc3)OC2=O)c1,5.270219802856445,6.6060051918029785,5.938112497329712
CCCC=CC=CC1=CC2CCC(C)C(O)CC2(C)C(O)CC1,4.030345916748047,5.462845325469971,4.746595621109009
Cc1cccc(C=CC(=O)c2ccc3c(c2)NC(=O)C2CCCCC2)c1,,,
COc1cc2oc3cc(OC)ccc3c(=O)c2cc1OC,6.089755058288574,4.579438209533691,5.334596633911133
CCN1CCN(Cc2ccc(OCc3ccc(C(=O)N4CCCC4)o3)cc2)CC1,5.813685894012451,4.2988715171813965,5.056278705596924
CCN(CC=CCNc1c2c(nc3ccccc13)CCCC2)CCCCC1CCCCC1,8.471778869628906,3.968892097473145,6.220335483551025
CC1CCN(CCCCCCCCNc2c3c(nc4cc(Cl)ccc24)CCCC3)CC1,9.215492248535156,4.211697578430176,6.713594913482666
Cc1cccc(COC(=O)c2cc3cc(C)ccc3oc2=O)c1,4.727950572967529,6.786542892456055,5.757246732711792
O=C1CCc2ccc(OCCCCCNc3c4c(nc5ccccc35)CCCC4)cc2N1,7.586210250854492,5.279542446136475,6.432876348495483
CC(C)=CCc1c2c(C)c3c(O)c4ccc(O)c(Cl)c4c(c3o1)C(=O)CCCC4,,,
CCN1CCCOc2ccc(C(=O)C=CC=Cc3ccccc3)cc21,4.862731456756592,6.128347396850586,5.495539426803589
NCCCCCCCCCCNc1c2c(nc3ccccc13)CCCC2,6.383605003356934,4.592145919799805,5.487875461578369
Cc1c2c3c(sc2ncn12)CC(C)CC3,,,
COc1cc2cc(C(=O)c3ccccc3)c(O)cc2cc1OC,5.424249649047852,5.338730812072754,5.381490230560303
COc1ccc(OC)c(C(=O)C=Cc2ccccc2)c1,5.920145988464356,5.4463982582092285,5.683272123336792
CC(C)=CCNc1c2c(nc3ccccc13)CCCC2,7.37239933013916,3.680413484573364,5.526406407356262
Clc1ccc(C=Cc2cc[n+](Cc3ccc(Cl)cc3)cc2)cc1,4.453047752380371,4.807607650756836,4.6303277015686035
CN(C)C(=O)Oc1ccc2c(c1)OC(=O)CC2=NNC(=O)C1CCCC1,6.119560241699219,4.392507553100586,5.256033897399902
c1ccc2c(C3=NN(C4CCCCC4)CNC3)coc2c1,5.292050838470459,5.504120349884033,5.398085594177246
Cc1cccc(COc2ccc(C3=NNC(=O)CC3)cc2)c1,5.026540756225586,7.187450885772705,6.1069958209991455
CC=CC1=NN(CCCCCCCCCNc2c3c(nc4cc(Cl)ccc24)CCCC3)C(=O)C1=O,8.62401294708252,5.542490005493164,7.083251476287842
COc1cc2oc(=O)c3c(OC)ccc(OCCCCN4CCCCC4)c3c2cc1OC,6.554703235626221,4.644028663635254,5.599365949630737
O=C(CCCCCCCCCCC(=O)Oc1ccc2c(c1)CCCC2)NCCCCNc1c2c(nc3cc(Cl)ccc13)CCCC2,8.211380958557129,5.154526710510254,6.682953834533691
CC(NC1CCCCC1)c1ccccc1C(=O)c1ccccc1,5.359930992126465,4.023581504821777,4.691756248474121
O=C(O)c1ccc(CCc2ccc(Cl)c(Cl)c2)cc1,3.386526107788086,6.542117595672607,4.964321851730347
O=C(C#CCN1CCOCC1)Nc1cc2c(o1)CCCC2,5.887086868286133,4.2056989669799805,5.046392917633057
CN=c1oc2ccccc2cc1COC(=O)c1ccc(C)cc1,4.828688621520996,5.592988014221191,5.210838317871094
Fc1ccc(CCCCCCCCN2CCN(c3ccc(F)cc3)CC2)cc1,6.08812427520752,5.622211456298828,5.855167865753174
O=C(CCCCCNc1c2c(nc3cc(Cl)ccc13)CCCC2)NCC1CCCC1,8.789772987365723,4.217999458312988,6.5038862228393555
C[n+]1ccccc1C=CC=Cc1cc2c(cc1Cl)OCO2,5.433454990386963,6.029165267944336,5.731310129165649
O=C(C[n+]1ccccc1)c1ccc(CCCCCCC[n+]2ccc(OCCOc3ccc(Cl)cc3)cc2)cc1,5.48157262802124,5.122986793518066,5.302279710769653
COc1cccc2c1C(=O)c1ccc(OCCCCCCCCCCCNc3c4c(nc5ccccc35)CCCC4)cc1C2=O,6.8008575439453125,5.790249347686768,6.29555344581604
CCCCc1c2c(nc3cc(Cl)ccc13)CCCC2,6.17935037612915,4.312161922454834,5.245756149291992
Cc1cc(F)ccc1Oc1ccc2c(C)c(C)c(=O)oc2c1,6.156684398651123,7.327367782592773,6.742026090621948
O=C1c2ccccc2-c2nnc(-c3ccccc3O)cc21,5.580846309661865,5.020044326782227,5.300445318222046
Cc1cc2cccc(OC(=O)N3CCCC3)c2oc1=O,6.23233699798584,4.991931915283203,5.6121344566345215
CCOc1cc(=O)oc2cc(OCCCCCCN3CCC(c4noc5cc(F)ccc45)CC3)ccc12,6.726827144622803,6.057283401489258,6.39205527305603
CC(C)=CC1CC(OC(=O)c2cccc(C)c2)C(=O)O1,2.7902281284332275,3.532690525054932,3.1614593267440796
COc1ccc(C2CN(C)Cc3c2cc(OCCCCCNc2c3c(nc4ccccc24)CCCC3)cc1,,,
Cn1c(=O)c2c(nc(SCCCCN3CCc4ccccc4C3)n2C)n(C)c1=O,6.121938228607178,5.616953372955322,5.86944580078125
C#CCN(C)Cc1cc2cc(OCCCC3CCN(Cc4ccccc4)CC3)ccc2n1C,6.455060958862305,5.637757778167725,6.046409368515015
O=S(=O)(c1ccc(OCCCCCCCNc2c3c(nc4ccccc24)CCCC3)cc1)C1CCCC1,6.748326301574707,5.153144359588623,5.950735330581665
CNC(=O)Oc1ccc2c(c1)OC(=O)C1CCCC=C21,7.833427429199219,5.378336429595947,6.605881929397583
Cc1ccc(CCCCCCCCCCNCCCCCCNCCCCCNc2c3c(nc4ccccc24)CCCC3)cc1,7.364496231079102,4.346969604492188,5.8557329177856445
COc1ccc(C=C2CCC(C3=O)C2=O)cc1OC,,,
NCc1cccc(C#CCCCNCC2CCCCC2)c1,5.257439136505127,3.3468565940856934,4.30214786529541
N#Cc1ccc(C2=NCC(c3ccccc3)O2)cc1,5.415624618530273,5.943169593811035,5.679397106170654
c1ccc2c(c1)OCCC2=CCCNCCCCNc1c2c(nc3ccccc13)CCCC2,7.301656246185303,4.534438133239746,5.918047189712524
O=c1oc2ccccc2cc1COc1ccccc1F,5.294047355651856,6.425338745117188,5.859693050384522
O=C(Oc1ccccc1F)c1cc2ccccc2oc1=O,6.512044429779053,5.111988067626953,5.812016248703003
Nc1nc(-c2cccc(OCCCCCCCCCNc3c4c(nc5ccccc35)CCCC4)c2)cs1,6.74173641204834,5.355182647705078,6.048459529876709
CCOc1cccc2c1C(=O)c1c(O)c3c(c(O)c1C2=O)CC(O)(C(=O)CO)CC3OC1CC(O)C(O)C(O)C1O,6.328943252563477,4.327295780181885,5.328119516372681
O=C1C(=O)C(NCCCCCCCCCNc2c3c(nc4ccccc24)CCCC3)C1=O,7.489028453826904,5.347382545471191,6.418205499649048
CC1=CC2Cc3nc4cc(Cl)ccc4c(NCCCCCCCCNc4c5c(nc6ccccc46)CCCC5)c3C(C1)C2,8.773943901062012,4.466516971588135,6.620230436325073
O=C(NCCCCCCCCCCC=CCCCCCCCNc1c2c(nc3cc(Cl)ccc13)CCCC2)c1ccccc1,8.165679931640625,4.697977066040039,6.431828498840332
C#CCN(C)Cc1cc2ccc(OCc3ccccc3)cc2n1C,4.484634399414063,7.529648780822754,6.007141590118408
Cc1c(C)c2cc(OCc3cccc(F)c3)ccc2oc1=O,4.802408695220947,8.70361042022705,6.753009557723999
CN(C)c1ccc(C=Cc2cc[n+](C)cc2)cc1,4.096867561340332,5.248529434204102,4.672698497772217
C#CCN(C)C(C)Cc1cccc(OCCCCCCNc2c3c(nc4ccccc24)CCCC3)c1,5.888573169708252,5.744985103607178,5.816779136657715
CCCCc1cc2c(=O)c(-c3ccccc3)coc2cc1OC,4.967527389526367,5.265376567840576,5.116451978683472
COc1ccc(C(=O)C=Cc2ccc3cccc(Cl)c3n2)cc1,4.657754421234131,5.785008430480957,5.221381425857544
CC(=NNc1nc(-c2ccccc2)cs1)c1ccccc1,5.127257347106934,4.774641990661621,4.950949668884277
CCCC1=C2CC3C(=O)CCCC3C2CCc2cc(OC)c(OC)cc2C3=O)O1,,,
Clc1ccc2c(c1)N=C(NC1CCCCC1)c1ccccc1S2,5.19322395324707,5.100019931793213,5.146621942520142
O=C(Oc1ccccc1)c1ccc2c(c1)C(=O)C1CCCC1C(=O)c1ccccc1C2=O,5.745413303375244,5.893305778503418,5.819359540939331
COc1ccc(CC2c3ccc(OC)cc3OCC2C)cc1,4.831093788146973,4.9539947509765625,4.892544269561768
COc1cc2c(cc1OC)CCC(Cc1ccc(OC)cc1)=N2,5.586191177368164,4.554366588592529,5.070278882980347
Fc1ccc(COc2ccc(Nc3ncnc4ccccc34)cc2)cc1,4.909534454345703,6.401086807250977,5.65531063079834
COc1cccc(NC(=O)c2cnc3ccccc3c2)c1,4.841804504394531,5.399641513824463,5.120723009109497
O=C1c2ccccc2OC(=O)C1CNc1nc(C2CCCCC2)n[nH]1,7.144659042358398,6.5246901512146,6.834674596786499
NC(=O)NCc1cccc(C=Cc2cccc3ccccc23)c1,4.00544023513794,6.6166534423828125,5.311046838760376
CC(=O)OCC1OC(CON=C(C)c2ccccc2)C=CC1O,4.80853796005249,4.817180156707764,4.812859058380127
COc1cccc2oc3cc(O)ccc3c(=O)c12,5.640254974365234,3.8532207012176514,4.746737837791443
Cc1ccccc1COc1nc(-c2ccc(O)cc2)cs1,5.393635749816895,5.832582950592041,5.613109350204468
O=C1c2ccccc2-[n+]2ccc3ccccc3c2C=CC=CCN3CCCCCC1,,,
O=C(Nc1ccc(C2=NC(CO)(c3ccccc3)CO2)cc1)c1cccnc1,5.891120433807373,5.393692970275879,5.642406702041626
O=C1Cc2cc(OCCOc3ccc(Br)cc3)ccc2N1,4.363744258880615,7.1425323486328125,5.753138303756714
CCCCCCNC(=O)Oc1ccc2cc(OCC3CCCCC3)ccc2c1,6.562667846679688,5.240232944488525,5.9014503955841064
CNC(=O)CCCOc1ccc2c(c1)CCC2CC(=O)N=CC1CCCCC1,5.484494209289551,5.46099328994751,5.47274374961853
Cn1cc(C=CC=CC=CC=CC(=O)c2ccccc2)c2ccccc21,3.6653919219970703,6.486230850219727,5.075811386108398
CC(=O)N1CCC(Oc2ccc(C=CCC(=O)c3ccccc3)cc2)CC1,5.485991477966309,4.709967613220215,5.097979545593262
COc1ccc(C(=O)Nc2ccc(Cl)c(C(=O)NC3CCCCC3)c2)cc1OC,5.394197463989258,4.7399773597717285,5.067087411880493
CN(C)c1ccc2c3c(cccc13)C(=O)N2CCCCCCCCNc1c2c(nc3ccccc13)CCCC2,8.46813678741455,4.700627326965332,6.584382057189941
Cc1c2ccc(O)cc2nn1-c1ccc(OCCCCCN2CCCCC2)cc1,6.884910583496094,5.290931701660156,6.087921142578125
O=C1C=CCCOCCCCCNc2noc3ccccc23)C1=O,,,
FC(F)(F)c1cccc2c1CCN2CCN1CCCC1,5.93395471572876,5.391646862030029,5.6628007888793945
O=C(CC1CCN(CCc2c[nH]c3ccccc23)CC1)c1cc2ccccc2oc1=O,6.7244791984558105,4.9523091316223145,5.8383941650390625
CC(NC1CCCC1)=C1CC(=O)Oc2cc(OCc3ccccc3)ccc21,5.318406105041504,5.710594654083252,5.514500379562378
c1ccc(-c2ccc(Nc3nc4c(c(NCCCN5CCCCC5)c3)s2)nc1,,,
CC#CC[N+]1(C)C2CCC1CC(OC(=O)C=CI)C2,5.108604431152344,4.992458820343018,5.050531625747681
COc1cc2c(cc1OC)C(=O)C(Oc1ccc(C(=O)NC3CC3)cc1)O2,6.62076997756958,4.297488212585449,5.459129095077515
COc1cc2c(cc1OC)C(=O)C(Oc1ccc(C(C)=O)cc1)C2,7.102496147155762,4.8031110763549805,5.952803611755371
CCC=C1N=C(c2ccc(OCCCCCCCCCCCCNc3c4c(nc5ccccc35)CCCC4)cc2)CC1,6.914272308349609,5.673547744750977,6.293910026550293
Nc1ccc2c(c1)c(=O)oc1ccccc12,5.3758625984191895,4.828105926513672,5.101984262466431
COc1ccc2c(c1)C(=O)C(Oc1ccc(C(=O)O)cc1)C2,6.3616790771484375,5.211750030517578,5.786714553833008
CCCCCCCN=CC(C)CCCCCCCCN,3.7919671535491934,5.612611293792725,4.7022892236709595
O=C1CCOc2cc(CCOc3ccc(C4CC4)cc3)ccc21,5.76320743560791,7.007750988006592,6.385479211807251
O=c1oc2ccccc2cc1OCCCCCCCCCNc1c2c(nc3cc(Cl)ccc13)CCCC2,7.394068717956543,5.406525611877441,6.400297164916992
CCCCCCCCCCCCCCCCOCC(=O)Nc1c2c(nc3cc(C)ccc13)CCCC2,5.896282196044922,5.733036994934082,5.814659595489502
CN(C)c1ccc(C=C2COc3ccccc3C2=O)cc1,5.248128890991211,6.858884334564209,6.05350661277771
CCCN1CCc2cc(OCc3cccc(Cl)c3)ccc2CC1,4.74721622467041,5.3471999168396,5.047208070755005
O=C1c2ccccc2-c2nnc(Cc3cccc(F)c3)nc21,5.7288079261779785,5.390618324279785,5.559713125228882
Cc1cc2c(c3cccc(OCCCCCCCCCN)c3oc4ccccc4c3n2C)o1,,,
Clc1ccccc1COc1ccc2[nH]c(-c3ccc(-c4cccc(Cl)c4)o3)nc2c1,5.038776874542236,6.057130813598633,5.547953844070435
O=C(O)C=CC(=O)c1ccccc1OCc1ccccc1,4.406271934509277,6.321402549743652,5.363837242126465
N#Cc1cccc(COc2ccc(C3=N[N+](=O)[O-])cc2O3)c1,5.691563606262207,6.710409164428711,6.200986385345459
O=C(CCl)N1CCCC1c1ccccc1,5.359802722930908,4.862725257873535,5.111263990402222
CC=C1CN2CCC1CC2C(O)c1ccc2c(c1)OCO2,5.401622772216797,6.375064373016357,5.888343572616577
C=CCOC(=O)Cc1c[nH]c2ccccc12,4.782881259918213,5.8643975257873535,5.323639392852783
O=C(c1ccccc1)c1cc(OCc2cccc(Cl)c2)ccc1OCCCN1CCCCC1,5.229149341583252,4.707345962524414,4.968247652053833
O=C1c2ccccc2C(=O)C1c1cccnc1,6.068795680999756,5.777490615844727,5.923143148422241
O=C1c2ccccc2-c2nnc3ccc(Br)cc3c21,5.136738300323486,5.748129844665527,5.442434072494507
O=c1cc(CCCCCCCCCCCCNc2c3c(nc4ccccc24)CCCC3)co1,,,
NC(=O)c1sc2ccc(Cl)c(Cl)c2c1NC(=O)c1ccc(Cl)cc1,5.80388879776001,4.925791263580322,5.364840030670166
Cc1ccccc1COc1cc(OCc2cccc(C#N)c2)ccc1C#N,4.0095977783203125,7.719722747802734,5.864660263061523
CC(=O)Nc1ccc(C=Cc2cccc(F)c2)cc1,4.082243919372559,6.0837082862854,5.0829761028289795
CNC(=O)Oc1cccc(CN(C)CCCCCCOc2ccc3c(c2)CCCC3)c1,7.819361686706543,5.134294509887695,6.476828098297119
Nc1ccccc1NC(=O)Oc1ccccc1Br,7.464225769042969,4.576737403869629,6.020481586456299
COc1ccc(C(=O)CCc2ccsc2)cc1,5.371348857879639,5.51418399810791,5.442766427993774
CN(CCC#N)C(=O)CCCCCCCCCCNc1c2c(nc3cc(Cl)ccc13)CCCC2,8.021434783935547,4.978219985961914,6.4998273849487305
CC(=O)c1ccc2c(c1)C(=O)c1ccc(C3CCN(C)CC3)cc1S2(=O)=O,5.622119426727295,6.498046875,6.0600831508636475
c1ccc2c(c1)Cc1c-2n[nH]c1N2CCCC1,,,
CC(C)C(CCN1CCN(c2ccccc2O)CC1)NC(=O)CCCCNc1c2c(nc3ccccc13)CCCC2,6.787149906158447,4.34181547164917,5.564482688903809
O=C1Nc2ccc3c(c2C1=CCNC3)CCCCC1,,,
C#CCN(C)Cc1cc2cc(OC)ccc2n1C,4.687257289886475,6.898006916046143,5.792632102966309
O=C(c1ccccc1)c1cc2cc(O)ccc2oc1=O,5.880111217498779,4.68800163269043,5.2840564250946045
CC(=O)c1cccc(-c2cc3ccccc3oc2=O)c1,6.027633190155029,6.108551979064941,6.068092584609985
CC(=O)NC1(c2ccccc2)CCCCC1,4.152939796447754,4.256696224212647,4.2048180103302
O=C(Cl)c1coc2ccc(OCc3cccc(Cl)c3)cc12,4.212935924530029,7.768403053283691,5.99066948890686
Fc1ccc(-c2nc3ccc(N4CCCCC4)cc3c(=O)o2)cc1,5.462437629699707,6.861858367919922,6.1621479988098145
Fc1ccc(-c2cnc(COc3ccc(Cl)cc3)o2)cc1,4.715074062347412,7.239437580108643,5.977255821228027
Fc1ccc(-c2nc3ccc(CCCCCCNc4c5c(nc6ccccc46)CCCC5)cc3o2)cc1,7.402069568634033,5.117801189422607,6.25993537902832
c1ccc(CNC2CC3CCC2O3)cc1,5.414492130279541,4.241320610046387,4.827906370162964
c1ccc2c(c1)NCC2C1CCCC2CN1CCCC1,,,
O=C(O)c1ccccc1OCCOc1cccc(Cl)c1Cl,5.270134449005127,6.317742824554443,5.793938636779785
O=C1CCc2cccc(OCCCCc3ccccc3)c2O1,5.7333502769470215,6.227274894714356,5.9803125858306885
COc1cc2c(=O)nc3cc(C)c(C)cc3c2cc1OC,,,
COc1cc(C(=O)C=Cc2cccc(Cl)c2)ccc1OCCCN,4.313899993896484,5.927102088928223,5.1205010414123535
O=C1C=CC(=O)c2cc(OCc3cccc(Cl)c3)ccc2O1,4.431612968444824,7.530934333801269,5.981273651123047
COc1cc2c(cc1OC)C(=O)CCC2,6.141354084014893,4.785282135009766,5.463318109512329
COc1cc2c(cc1OC)C1=C(C)CCCC1C2=CCC2Oc3ccccc3C1=O,,,
CC(=O)c1ccc(OCc2cc3c(cc2Cl)OCCO3)cc1,5.095211505889893,6.099141597747803,5.597176551818848
Oc1occ2cc3occc(-c4cccc(Br)c4)c3cc12,,,
c1ccc(C2=NCCN2)cc1,4.313155174255371,4.158706665039063,4.235930919647217
CC1=CC=CC2CNC(C)(C)C2OC(=O)C1,3.877921581268311,5.807586669921875,4.842754125595093
O=C(C=CN1CCCC1)c1ccc(Oc2ccc(Cl)cc2)cc1,5.171957015991211,5.247025489807129,5.20949125289917
O=C(C=Cc1ccc(O)cc1)NCCCc1c[nH]c2ccccc12,4.612222671508789,5.855380058288574,5.233801364898682
C#CCN(C)Cc1cc2cc(OCCCN3CCC(CC)CC3)ccc2n1C,6.548530101776123,5.888803958892822,6.218667030334473
COc1cc(C=C2CC(CC3CCOCC3)N3CCCC3=O)OC2=O)ccc1O,,,
O=C1NC(=O)c2cc(Br)ccc2S1=O,5.023698806762695,6.247986793518066,5.635842800140381
CC#CCN(C)Cc1cc2cc(OCC3CCN(Cc4ccccc4)CC3)ccc2n1C,6.353702545166016,5.233510494232178,5.793606519699097
Cc1c2ccc(O)cc2n1Cc1ccc2c(c1)OCO2,,,
C#CCNCCCOc1cccc(OCCCCCNc2c3c(nc4ccccc24)CCCC3)c1,6.3606367111206055,5.610256195068359,5.985446453094482
O=C1CCc2ccc(OCCCCCCNc3c4c(nc5ccccc35)CCCC4)cc2N1,7.6467509269714355,5.350108623504639,6.498429775238037
Nc1oc2ccccc2c1C(=O)c1ccccc1Br,5.34512996673584,3.59965181350708,4.47239089012146
Cc1c2c(nc3ccccc13)CCCC2,5.553248405456543,3.903337001800537,4.72829270362854
O=c1cc(OCc2ccccc2)c2cccc(OCCCCCCNc3c4c(nc5ccccc35)CCCC4)c2o1,6.342509269714356,4.947124004364014,5.644816637039185
CNC(=O)COc1ccc2c(c1)OC(=O)C1CCCC=C21,5.915243148803711,5.965311050415039,5.940277099609375
CCCCc1c2c(nc3cc(Cl)ccc13)CCC2,5.86990213394165,4.414072513580322,5.141987323760986
Cc1cc2occc2c(CC(C)C)c1OCCCCCCCCNc1c2c(nc3cc(Cl)ccc13)CCCC2,7.357690811157227,4.912323474884033,6.13500714302063
c1ccc2oc(N3CCCCC3)nc2c1,4.585459232330322,5.6816935539245605,5.133576393127441
COc1cccc(-c2cnc3c(-c4ccsc4)cnn3c2)c1,4.93883752822876,5.845516681671143,5.392177104949951
O=[N+]([O-])c1cc(C(=O)c2ccccc2Cl)cc2c1OCCO2,5.104947566986084,4.935437202453613,5.020192384719849
CC(=NNc1nc(-c2ccc3ccccc3c2)cs1)c1cccs1,5.942022323608398,5.46255350112915,5.702287912368774
COC1=CC=CC2=[N+](C)CC1=O,,,
Cc1ccc(CCCCCCCCCCNCCCCCCCNCCCCCNCCCNc2c3oc(=O)c(C)cc3cc(O)ccc23)o1,,,
COc1cc2c(cc1OC)CC1C3CCC(C3)SC2c3cc(O)ccc3COc3ccccc3C(=O)C1,5.4794769287109375,5.844512939453125,5.661994934082031
Nc1ccc(OCCNCc2cccc(C(F)(F)F)c2)cc1,5.787497997283936,5.338807106018066,5.563152551651001
COc1cc2c(cc1OC)C(=O)C(Oc1ccc(CCC(=O)O)cc1)C2,6.3050031661987305,4.599186420440674,5.452094793319702
O=C(CCCl)NCCCCCCCCCCNc1c2c(nc3cc(Cl)ccc13)CCCC2,8.529601097106934,5.0700788497924805,6.799839973449707
COc1ccc(C(=O)NCCCc2ccccc2)cc1,5.438798904418945,4.27871036529541,4.858754634857178
CC1=Nc2cc(C(=O)OC(C)C)ccc2Sc2ccccc21,5.335596084594727,4.40633487701416,4.870965480804443
Cc1sc2nc(O)nc(O)c2c1C,4.163897514343262,6.355480194091797,5.259688854217529
COCCOCC#Cc1cccc2c1CCC2=O,4.854302883148193,6.651732444763184,5.7530176639556885
COc1cccc2c1OC(=O)C2=CC=Cc1ccc(Cl)cc1,5.1625800132751465,6.663177490234375,5.912878751754761
c1ccc2c(NCCCCCCCCCNc3c4c(nc5cc(C6CCCC6)oc35)CCCC4)cccc2c1,7.871823310852051,4.774418354034424,6.323120832443237
O=[N+]([O-])c1ccc(C=Cc2cc[n+](Cc3ccc(Cl)cc3)cc2)cc1,4.900053977966309,4.780176639556885,4.840115308761597
CC1=CC2Cc3nc4cc(Cl)ccc4c(NCCCCCCCCNC(=O)c4cc(O)c5occc5c4C(C)C)c3C(C1)C2,8.296717643737793,5.023820400238037,6.660269021987915
N#Cc1ccc(CC2=NC(COc3ccc(F)cc3F)CO2)cc1,5.534352779388428,6.2055768966674805,5.869964838027954
O=Nc1c(sc2c3c(cccc13)CC2)c1ccccc1,,,
CCCOc1ccc2cc(C(=O)N)ccc2c1,4.991057872772217,6.926975727081299,5.959016799926758
COCc1c(C)nc2c(c1C)C1(O)CCCC1C2=O,5.589825630187988,6.318771362304688,5.954298496246338
COc1cc(C=C2CCCCC2=O)cc(OC)c1O,5.464346885681152,4.924889087677002,5.194617986679077
COc1cc2c(cc1OC)C(=O)C(Cl)C2,7.32689905166626,4.797540664672852,6.062219858169556
CCC1=NN(C(=O)CCCc2c[nH]c3ccccc23)C(O)(c2ccccc2)C1,6.414196968078613,5.360062599182129,5.887129783630371
O=C(CN1N=C(c2ccccc2)CC1c1ccccc1)NC1CCCCC1,5.482025146484375,4.669846534729004,5.0759358406066895
N#Cc1c2c(c(OCC3CCCC3)n3c1nc1c3ccccc3nc1n2CCNCC1CCCO1,,,
Cc1c2ccccc2nn1CCCN=C1CCCCC1,6.90717887878418,4.795104503631592,5.851141691207886
CC(=O)c1cccc(-c2ccc3c(=O)c4cc(C)ccc4oc3c2)c1,5.386844158172607,6.248739719390869,5.817791938781738
CNC(=O)Oc1cccc(CN(C)CCCCCCOc2ccc3c(c2)OC(=Cc2cccc(Br)c2)C3=O)c1,7.627846240997314,6.090215682983398,6.8590309619903564
Cc1c2c(n3ccccc13)CCCC2=O,5.4909491539001465,5.1042304039001465,5.2975897789001465
COc1cc2cc(C(=O)CCc3ccccc3)coc2cc1OC,,,
CCCCC=CCC=CCC=CCC=CCC=CCC=CC(=O)Nc1c2c(nc3ccccc13)C(=O)CCC2,5.98192310333252,4.96267557144165,5.472299337387085
C#CCNCC=CC=Cc1ccc2c(c1)OCO2,4.489719390869141,5.999872207641602,5.244795799255371
COc1ccc2c(C)c(CCNCCC[N+](C)(C)C)oc2c1,4.5507402420043945,4.273619174957275,4.412179708480835
CC(=O)N1CCC(=C2c3ccccc3Oc3ccccc32)CC1,5.18544340133667,4.820308685302734,5.002876043319702
C=CCn1cc(C2=NN=C(N)NC2=O)c2ccccc21,5.75974178314209,3.9348464012146,4.847294092178345
O=C1CCc2sccc2C1=O,5.53572416305542,5.577975749969482,5.556849956512451
O=C1c2ccccc2C(=O)C1Br,9.369123458862305,4.984758377075195,7.17694091796875
O=c1ccoc2ccc(O=Cc3cccc(Br)c3)cc12,,,
CCCC(O)COc1ccc(OCc2cccc(F)c2)cc1,4.04421329498291,6.913959980010986,5.479086637496948
O=C1c2ccccc2-c2nnc3ccccc3c21,4.671916961669922,4.550271511077881,4.611094236373901
CC#CCNc1c2c(nc3ccccc13)CCCC2,6.07814884185791,4.020085334777832,5.049117088317871
O=C1C=CC(=CNNc2ccccc2)CC1=O,3.69040584564209,5.948326110839844,4.819365978240967
COc1cc(C(=O)Oc2ccccc2)cc(OC)c1OC,6.389686584472656,4.251664161682129,5.320675373077393
CC(C)c1ccc(OCCCCCNc2c3c(nc4ccccc24)CCCC3)cc1,6.744707584381104,4.531998634338379,5.638353109359741
O=C(Oc1ccc2oc3ccccc3c(=O)c2c1)c1ccccc1,5.645659446716309,4.534319877624512,5.08998966217041
O=c1ccoc2ccc(OCCCCN3CCCCC3)cc12,5.510619163513184,5.5743727684021,5.542495965957642
Cc1cc2oc(=O)cc(-c3cccc(Cl)c3)c2cc1,4.397110462188721,6.366499423980713,5.381804943084717
CC(=NNc1nc2ccccc2[nH]1)c1ccc2ccccc2c1,5.550632953643799,4.8373188972473145,5.193975925445557
CN=C1CCc2c1oc1ccc(OC)cc21,4.706477165222168,5.28880500793457,4.997641086578369
CN1C(=O)C(=Cc2coc3ccccc3c2=O)C=C(c2ccccc2)C1=O,5.244867324829102,6.084303379058838,5.66458535194397
CCCCNC1=Cc2cc(Cl)ccc2OC1CO,4.456940650939941,4.897864818572998,4.67740273475647
O=Nc1ccc2oc3cc(O)ccc3c(=O)c2c1,5.734734535217285,4.45346736907959,5.0941009521484375
CC(=NO)c1cc2cc(OCCc3ccc(Cl)cc3)ccc2oc1=O,4.731545448303223,7.1926469802856445,5.962096214294434
CC(C)=CC=CC1=CC(CC=CCCCC(=O)O)OC2CC(O)C=CC1,,,
Cc1ccc2cc(CON=Cc3ccc(C)c(Br)c3)ccc2n1,4.898313999176025,6.800172328948975,5.8492431640625
CCNC(=O)Oc1ccc2c(c1)C1(C)CCN(C)C1N2C,6.192678451538086,4.912674427032471,5.552676439285278
O=C(NCCCCCCCC(=O)NCc1ccc(Cl)cc1)NCc1ccccc1OC(F)F,4.994763851165772,4.992861747741699,4.993812799453735
CC1=Nc2cc(C(=O)c3ccccc3)ccc2Sc2ccccc21,5.466313362121582,4.072783470153809,4.769548416137695
COc1cc2c(c(OC)c1OC)C1=CC=C(NCCCCCCN3CCCCC3)CC21,7.129063606262207,4.543511390686035,5.836287498474121
NCCCCCCCCCCCCCCCCCCN,2.484287977218628,6.1359076499938965,4.310097813606262
O=C1CCc2ccc(OCCCCCCC3CCN(Cc4ccccc4)CC3)cc2N1,6.790702819824219,5.016617298126221,5.90366005897522
COc1cccc(CCC2CCN(Cc3ccc(C(C)=O)cc3)CC2)c1,6.053236484527588,3.792881488800049,4.923058986663818
CNC(=O)C=Cc1coc2ccc(OCCCCCNc3c4c(nc5ccccc35)CCCC4)cc12,7.170527458190918,5.622122764587402,6.39632511138916
C#Cc1cc2c(cc1OC)C(=O)C=CC2=O,6.361053943634033,6.762195110321045,6.561624526977539
CC#CCCOc1ccc2c(C)cc(=O)oc2c1,4.090770721435547,7.036661148071289,5.563715934753418
C#CCN(C)C(C)Cc1ccccc1,4.207381248474121,6.7008585929870605,5.454119920730591
c1ccc2c(c1)CCC2=Cc1ccccc1,3.6541905403137207,5.520753383636475,4.587471961975098
O=c1oc2ccccc2cc1-c1cn2ccccc2n1,5.150575160980225,4.724294662475586,4.937434911727905
Cc1ccc(C(=O)F)cc1NC(=O)C=Cc1cccc2ccccc12,4.64478063583374,6.6970038414001465,5.670892238616943
CCCCCCCN(C)CCCCCCCNC1CCCCC1,5.299893856048584,4.27544641494751,4.787670135498047
CCCOc1ccc(C2CCC=CC2=O)cc1OC,4.810389518737793,5.083861827850342,4.947125673294067
CC1=CCN2CCC1CC2C(O)c1ccnc2cc(OC(C)=O)ccc12,5.323001384735107,5.616197109222412,5.46959924697876
CC(=O)c1cc(Cl)cc(C=NNC(=O)c2cc3ccccc3oc2=O)c1O,6.7044172286987305,5.564799308776856,6.134608268737793
CC(=O)c1c(O)c(O)n(-c2ccccc2)c1-c1ccccc1,6.207037925720215,4.774101257324219,5.490569591522217
O=C(O)c1cc2ccccc2oc1=O,6.631350994110107,5.508520603179932,6.0699357986450195
Cn1cc(CCCC#N)c2ccccc21,4.514492034912109,5.575244426727295,5.044868230819702
Cc1ccc(CN(C)CCCCCCCCN=C(C)c2ccccn2)s1,5.936729907989502,5.345382213592529,5.641056060791016
COc1cc2c(cc1OC)C(=O)C(CC1CCN(Cc3ccccc3OC)CC1)C2,7.481268882751465,4.084936618804932,5.783102750778198
Cc1cc2ccc(OCCCCCCNc3c4c(nc5cc(Cl)ccc35)CCCC4)cc2o1,7.920898914337158,5.401479721069336,6.661189317703247
CC1=CC2Cc3nc4cc(Cl)ccc4c(NCCCCCCCCNC(=O)c4cccc(O)c4)c3C2C1,8.720779418945312,4.853845119476318,6.787312269210815
CCCCCCCCCCCCCCC(=O)NCC(=O)OC,4.69688081741333,6.284646034240723,5.490763425827026
CC(=O)c1ccc(OCCCCCCOc2ccc(CN3CCC(C)(C)CC3)cc2)cc1,5.997267246246338,5.256885528564453,5.6270763874053955
O=C1c2ccccc2C(=O)C1c1ccc2c(c1)OCO2,6.728742599487305,5.876420021057129,6.302581310272217
c1ccc(C2CC(OCCCCCc3c[nH]c4ccccc34)ON2)cc1,5.032649040222168,5.501659393310547,5.267154216766357
Cc1c2c(n3c1CCCCCCCCCNc1c2c(nc3ccccc13)CCCC2)CCCC2=O,,,
CCOC(=O)c1ccc2[nH]c3c(c2c1)CCCC3=O,5.399801254272461,4.798610210418701,5.099205732345581
Cc1cccc2c1N=C(N)N(C)C2,5.988487720489502,4.9849467277526855,5.486717224121094
CC1=CC=CC2OC(=O)c3cc(O)ccc3OC2C1,3.662374496459961,4.926185607910156,4.294280052185059
O=C(OC1C[N+]2(CCOc3ccc4ccccc4c3)CCC1CC2)c1cccs1,5.447033882141113,4.825814247131348,5.1364240646362305
CCCCCCCCCCNC1CCC2C(=O)CCCC2(C)c3cc(O)ccc3CCC12C,,,
CC(=O)c1cc2c(s1)c1ccccc1c2=O,5.88562536239624,4.5955023765563965,5.240563869476318
O=C1c2ccccc2-c2nc3nnnn3nc21,4.122465133666992,3.952200412750244,4.037332773208618
Cc1ccc(-c2csc(NN=C3CCCCC3)n2)cc1,5.563350200653076,6.362776756286621,5.963063478469849
CC1CCCN1CCCOc1ccc2oc(=O)c3cc(O)ccc3c2c1,6.265096664428711,5.824125289916992,6.044610977172852
COc1cc2c(cc1OC)C(=O)C(Oc1ccc(CCCNc3c4c(nc5ccccc35)CCCC4)cc1)C2,6.82915735244751,4.805919647216797,5.817538499832153
CC(NC1CCCC1)c1ccc2c(c1)OCCO2,4.5264811515808105,5.346584796905518,4.936532974243164
O=c1ccoc2ccc(OCc3cccc(Cl)c3)cc12,3.992715835571289,7.38478946685791,5.6887526512146
COc1ccc(C2=CC=C3CCCCC3=NC3CCCCCC23)cc1,4.530759334564209,6.583346366882324,5.557052850723267
O=C(c1ccccc1)c1cc(OCc2ccc(Cl)cc2)co1,4.638747692108154,5.35066032409668,4.994704008102417
Clc1ccccc1CN(Cc1ccccc1)Cc1cc2ccccc2nc1O,5.435409069061279,3.245734214782715,4.340571641921997
O=C(CON=C1CCCCC1)Nc1cc(C2CC2)[nH]n1,5.582557678222656,5.769527912139893,5.676042795181274
O=C1C=CC(=CNNc2nc3ccccc3o2)C=C1,4.367834568023682,5.243020534515381,4.805427551269531
O=C1Nc2oc3ccccc3c2C1=O,5.446157455444336,4.037230014801025,4.741693735122681
N#Cc1ccc(CCC(=O)NCCc2ccncc2)cc1,4.677395820617676,5.884037494659424,5.28071665763855
O=C1CCc2ccc(OCCCCNc3c4c(nc5ccccc35)CCCC4)cc2N1,7.4235758781433105,5.196653366088867,6.310114622116089
Cc1ccc(COC(=O)c2cc3ccccc3oc2=O)cc1,5.238442420959473,6.018825531005859,5.628633975982666
Cc1cccc(C=CC2CCCC=CC2=O)c1,3.603194713592529,5.606227397918701,4.604711055755615
Oc1occ2ccc(OCCCCCCCNc3c4c(nc5ccccc35)CCCC4)cc12,7.281451225280762,5.635825157165527,6.4586381912231445
Cc1cccc(NC(=O)CCl)c1,4.081137180328369,5.197295665740967,4.639216423034668
Cc1cc2cc(OCCOc3ccc(C4CCCCC4)cc3)ccc2o1,4.645023822784424,6.670273780822754,5.657648801803589
CN(C)CCOCCOCCOc1ccc(CNCCCCCCCNc2c3c(nc4ccccc24)CCCC3)cc1,6.297219753265381,4.938318729400635,5.617769241333008
C#CCN(C)Cc1cc2cc(OCCCC3CCN(Cc4ccccc4)CC3)ccc2n1C,6.455060958862305,5.637757778167725,6.046409368515015
c1ccc2c(c1)CCC(C1=c3cccc(N4CCCCC4)c3=N2,,,
CC#CC1COc2cccc(OCCCCCCCNc3c4c(nc5ccccc35)CCCC4)c2O1,6.10819149017334,4.969452857971191,5.538822174072266
CN(C)CCCCCCCCCNc1c2c(nc3ccccc13)CCCC2,7.091102123260498,4.032731056213379,5.5619165897369385
C=CCc1c2c3c(=O)cc(C)oc3ccc2nc1C,,,
COc1cccc(C=C2CCCc3ccccc32)c1,3.943883657455444,5.653320789337158,4.798602223396301
CCc1c2c(nc3ccccc13)CCC2=NO,4.834749221801758,4.179803848266602,4.50727653503418
COc1cc2c(=O)n(CCCCCCO)c(C)nc2cc1Cl,5.867488861083984,6.060184478759766,5.963836669921875
c1coc(CCNCc2ccc3c(c2)OCO3)c1,4.781067848205566,4.917661190032959,4.849364519119263
CC(=O)Nc1ccc(C=C2COc3ccccc3C2=O)cc1,5.097563743591309,6.37605094909668,5.736807346343994
Cc1cc(=O)oc2cc(OCCCCCCCNc3c4c(nc5ccccc35)CCCC4)ccc12,7.305811405181885,5.314699172973633,6.310255289077759
CC1CCC(=Nc2ccccc2[N+](=O)[O-])CC1,5.674299716949463,4.969008445739746,5.3216540813446045
Fc1ccc(C2=CCOCC2c2nc(-c3ccc4ccccc4c3)no2)cc1,5.94320821762085,7.015281677246094,6.479244947433472
O=c1ccoc2ccc(OCc3ccc(Cl)cc3)cc12,3.986499547958374,7.444510459899902,5.715505003929138
C=C1CC(=O)Oc2cc(OCc3cccc(Cl)c3)ccc21,4.830727577209473,7.386157035827637,6.108442306518555
C#CCN(C)Cc1cc2cc(OCC3CCN(Cc4ccccc4)CC3)ccc2n1C,6.12692928314209,5.515525817871094,5.821227550506592
CN(C)CCOc1oc2cc(O)ccc2c1CCOc1cccc(CCCC2CCN(C)C)c1,,,
CNC(C)Cc1c[nH]c2ccc(OCCCCCCCNc3c4c(nc5ccccc35)CCCC4)cc12,7.651689529418945,5.178557872772217,6.415123701095581
O=C1Oc2ccccc2C1=O,5.508609294891357,5.366557598114014,5.4375834465026855
O=c1oc2c(O)c(O)ccc2c2c1cccc1c2,,,
CC#CC1(O)CCC2C3CC=C4CC(=O)CCC4=C3C(c3ccc(N(C)C)cc3)CC21C,5.401867866516113,7.634396553039551,6.518132209777832
c1ccc(COc2ccc(CN3CCC(C4COCCO4)CC3)cc2)cc1,5.10328483581543,4.802829742431641,4.953057289123535
COc1cc2c(=O)n(CCc3ccccc3)c(C)nc2cc1OC,5.6227707862854,5.764540672302246,5.693655729293823
Cc1c[nH]c2nccc(Oc3c(F)cc(C4CCN(C)CC4)cc3F)c12,5.568004131317139,5.861950874328613,5.714977502822876
CNC(=O)c1ccc(COc2ccc3oc(=O)oc3c2)cc1,7.489060401916504,6.879979133605957,7.1845197677612305
CNC(=O)COc1ccc(C=CC=CC=Cc2cccc(OC)c2)cc1,4.87108039855957,6.396729946136475,5.6339051723480225
Cc1ccc2c(c1)c1c3c(n2C)CCCC3CCC1,,,
O=C(c1ccoc1)N1CCCC2(CCN(Cc3ccccc3)C2)C1,5.736705780029297,3.309046745300293,4.522876262664795
O=C1c2ccccc2-c2nnc(-c3ccccc3)cc21,4.993725776672363,5.196288108825684,5.095006942749023
O=C(OC1C[N+]2(CCCc3ccccc3)CCC1CC2)C1(O)c2cc(Cl)ccc2Oc2ccc(Cl)cc21,5.931707859039307,5.237247467041016,5.584477663040161
COc1ccc2[nH]c3c(c2c1)CCCC3CC(=O)N2CCCCCl,,,
O=[N+]([O-])c1ccc(C(=CC=Cc2ccc3ccccc3c2)c2cccnc2)o1,4.798383712768555,5.871101379394531,5.334742546081543
COc1cc2c(cc1OC)C(=O)CC(CC1CCN(Cc3ccccc3)CC1)C2,7.103404521942139,4.034440994262695,5.568922758102417
CCc1c2c(nc3ccc(OCCCCCCCNc4c5c(nc6ccccc46)CCCC5)cc13)-c1ccccc1C2=O,6.748691558837891,4.915632247924805,5.832161903381348
COc1ccc(C)c2sc3nc(SCCCc4cccnc4)oc(=O)c3c12,6.035614013671875,6.765156269073486,6.400385141372681
C#CCCNCCOc1cccc(OC(=O)N(C)C)c1,6.063259601593018,5.707420825958252,5.885340213775635
O=C1c2ccccc2C(=O)C1OC1CO[N+](O)C2O,,,
O=C(NCCCCCCCCCCNc1c2c(nc3ccccc13)CCCC2)c1cc(=O)c2c(cccc21,,,
N#CCOc1cccc(C=CCC=Cc2cc(OCC(=O)O)c(OCCCCN3CCCC3)cc2)c1,5.513055801391602,5.270675659179688,5.3918657302856445
COc1cccc2c1CCC2=CCCN1CCN(C)CC1,5.364667892456055,4.3268585205078125,4.845763206481934
CC(=O)NCCCCCCCCCCCNc1c2c(nc3cc(Cl)ccc13)CCCC2,8.314684867858887,4.743042469024658,6.5288636684417725
CC(=O)c1cccc(OC(=O)c2ccc3ccccc3n2)c1,6.091512203216553,5.050350189208984,5.5709311962127686
COc1cc2c(CC(=O)NCCCCCCCCNc3c4c(nc5ccccc35)CCCC4)noc2cc1OCCCCC3,,,
CCOC(=O)c1ccc2c(c1)N=C(C)CC2=O,5.128613471984863,5.278456687927246,5.203535079956055
CC12OC(CC1(O)CO)n1c3ccccc3c3c4c(c5c6ccccc6n2c5c31)CNC4=O,5.916484355926514,4.3955254554748535,5.156004905700684
O=C(CCCCCNc1c2c(nc3cc(Cl)ccc13)CCCC2)CCCCNc1c2c(nc3ccccc13)CCCC2,9.276399612426758,4.0662336349487305,6.671316623687744
COc1ccc2c(NC3CCCC3C)cc(C#Cc3cccc(F)c3)oc2c1,,,
O=C1CCc2cc(OCc3ccc(Cl)c(Cl)c3)ccc21,4.036981105804443,8.214978218078613,6.125979661941528
COc1cc2c(cc1OC)C(=O)C(Oc1cccc(C)c1)C2,6.4616804122924805,4.867005348205566,5.664342880249023
CCOc1cc2c(cc1OC)C(=O)C(=Nc1ccc(C)cc1)C2,6.132897853851318,5.270884990692139,5.7018914222717285
Cn1c(=O)c2c(nc(COc3ccc(CCC#N)cc3)n2C)n(C)c1=O,5.385632991790772,6.1114912033081055,5.7485620975494385
C=CCOC(=O)C=CC=CC=CC=CCCCCCCC(=O)O,2.595027446746826,7.387606620788574,4.9913170337677
CN1CC(C(=O)NC2CCCCC2)Oc2ccc(OCc3cccc(Cl)c3)cc21,4.5915374755859375,5.314050197601318,4.952793836593628
NC(=O)Cc1coc2cc3sccc3cc12,4.737404823303223,4.627827167510986,4.6826159954071045
CC(=O)NCCc1ccc2c(c1)OCO2,3.856864452362061,4.481832504272461,4.169348478317261
N#Cc1ccc(OC(=O)c2ccc(Cl)cc2)cc1,4.618468284606934,6.284180641174316,5.451324462890625
O=C(c1cc2ccccc2oc1=O)N(CCCCCCCCNc1c3c(nc4ccccc14)CCCC3)c1ccccc1CC2,,,
Brc1ccc2c(c1)CCc1onc(-c3ccc(OCCCN4CCCCC4)cc3)c1-2,6.531620979309082,5.803505897521973,6.167563438415527
O=C(C=Cc1ccccc1Br)N1CCCCC1,4.919980525970459,5.076136589050293,4.998058557510376
CNC(=O)Cc1coc2cc(OS(=O)(=O)c3ccccc3Cl)ccc12,6.997930526733398,4.818607807159424,5.908269166946411
N#CCCn1nc(-c2ccc(OCc3ccccc3)cc2)oc1=S,6.041672229766846,6.6568121910095215,6.349242210388184
Cc1cc2c(c3ccccc31)OCC2=O,5.438663482666016,6.170040607452393,5.804352045059204
CCOC(=O)c1c(C)noc1C=Cc1cccc(OC)c1,5.683971881866455,5.721630096435547,5.702800989151001
Cc1cccc(C2=NN(CCCCCCNc3c4c(nc5ccccc35)CCCC4)C(O)C2)c1,7.859968185424805,4.799222946166992,6.329595565795898
COC(=O)C#CCNc1cc2c(cc1[N+](=O)[O-])OCO2,4.756755828857422,4.215884685516357,4.48632025718689
CCCCCCNC(=O)Nc1ccc(Cl)c(Cl)c1,4.726984024047852,4.844849586486816,4.785916805267334
Cc1cc2cc(OCCCCCCCCCCCCNc3c4c(nc5ccccc35)CCCC4)ccc2o1,7.240097999572754,5.597801685333252,6.418949842453003
CC(C)=CCCC=CC(=O)c1cc2cc(OCc3ccccc3)ccc2oc1=O,4.403943061828613,6.664255142211914,5.534099102020264
COc1cc2c(oc3ccc(OCCCCCCCCCCN4CCN(C)CC4)cc32)ccc1OCCCN1CCCCC1,,,
CC(C)=C1CC(=O)Oc2cc(OCc3cccc(Cl)c3)ccc21,4.823709487915039,7.260538101196289,6.042123794555664
c1ccc2c(c1)NCCC2=CCc1ccc2c(c1)OCO2,5.032828330993652,6.003236293792725,5.5180323123931885
O=c1ccoc2ccc(OCc3ccc(Cl)cc3)cc12,3.9864964485168457,7.444510459899902,5.715503454208374
CCN1CCC=C1CCOC(=O)c1cc(OC)cc(OC)c1O,5.615680694580078,4.147332191467285,4.881506443023682
Cc1ccc(C)c(C(=O)C=Cc2ccc(C(F)(F)F)cc2)c1,5.338776111602783,6.547779083251953,5.943277597427368
O=c1cc(-c2cccc(C(F)(F)F)c2)oc2ccccc12,5.634182929992676,4.909977436065674,5.272080183029175
C#CCNCc1c[nH]c2ccc(OC)cc12,4.030996322631836,5.6226887702941895,4.826842546463013
CC(=NNc1nc(-c2cccc(F)c2)cs1)c1ccncc1,5.367639541625977,6.817398548126221,6.092519044876099
O=C1c2ccccc2C(=O)C1c1ccc2ccccc2n1,6.152777671813965,5.358292579650879,5.755535125732422
O=C1C(=O)c2ccc([N+](=O)[O-])cc2C1=O,6.179471015930176,5.485803127288818,5.832637071609497
Cc1cccc(C(=O)c2ccc(OCCCCCCNc3c4c(nc5ccccc35)CCCC4)cc2)c1,6.7197370529174805,4.638157367706299,5.67894721031189
O=C1NCCc2ccc(OCc3cccc(Cl)c3)cc21,5.010985374450684,7.234930992126465,6.122958183288574
COc1cc2c(cc1OC)C1=NOC(C3CC3)CCC2C1,5.919474124908447,6.105703353881836,6.012588739395142
CCN1CCc2ccc(C(=O)CCC3CCN(Cc4ccccc4)CC3)cc21,7.4299468994140625,3.8974995613098153,5.6637232303619385
O=C(Nc1c2c(nn1CCCO)CCCC2)c1nc2ccccc2o1,6.5259785652160645,4.674517631530762,5.600248098373413
CC1=NC(C)=CC1=Cc1coc2cc3c(C)cccc3cc12,6.050765037536621,7.540746688842773,6.795755863189697
CN(C)CCCCCCCCCCCCNc1c2c(nc3ccccc13)CCCC2,6.975899696350098,4.329620361328125,5.652760028839111
C#CCN(C)Cc1cc2cc(OCCC3CCN(Cc4ccccc4)CC3)ccc2n1C,6.383633136749268,5.558395385742188,5.9710142612457275
c1cc2cc(C3CCCCC3)cnc2cc1,4.247088432312012,5.463445663452148,4.85526704788208
CCN(CC)C(=O)c1ccc2c(c1)c(C)nn2CCCC(=O)OC,4.695995330810547,5.074159145355225,4.885077238082886
CCC1CCC(CO)(CCOc2ccc3ccc(=O)oc3c2)O1,4.6969099044799805,6.142652988433838,5.419781446456909
CNC(=O)Oc1ccc2c(c1)OC(=O)C2c1ccccc1,8.709351539611816,5.22113561630249,6.965243577957153
C=Cc1c2cc3c(cc2cc1O)C(=O)CC1CCCC31,,,
CC(=O)c1ccccc1OCC(=O)N1CCOc2ccc(CC3=NCCN3)cc21,6.493242263793945,4.841698169708252,5.667470216751099
O=C(CCCCCCCCCc1cc2ccccc2oc1=O)NCc1ccccc1,5.388217926025391,5.200891017913818,5.2945544719696045
CC(=O)N1c2ccc(Cl)cc2Sc2ccccc21,4.958963394165039,4.535278797149658,4.747121095657349
CC#CCN(C)Cc1c2cc(OC)ccc2n1C,,,
NCCC=CCCCCCCCCNc1c2c(nc3ccccc13)CCCC2,6.73011589050293,4.489577770233154,5.609846830368042
O=C1CCc2cc(OCc3ccccc3)ccc21,5.034599781036377,7.337302684783935,6.185951232910156
CC#CCN(C)Cc1cc2cc(OCc3ccccc3)ccc2n1C,4.811418533325195,7.19118070602417,6.001299619674683
CCCCOc1cc2c(cc1Cl)C(=O)CC(C)(C)O2,4.9499945640563965,5.51729154586792,5.233643054962158
Cn1ccc2cc3c(cc21)CCCC3NCCCCCCNC1=O,,,
O=c1oc2ccccc2c2ccccc12,4.503650665283203,5.006765842437744,4.755208253860474
Nc1ccc(C2=C(c3ccoc3)CCCC2)cc1,4.718196392059326,5.323727130889893,5.020961761474609
COc1cc2c(cc1OC)CCC1C2=CCC2C(=O)CCC12,4.912315368652344,6.762187480926514,5.837251424789429
O=c1oc2ccc3cccc(OCCCCCCCCCN4CCC(c5coc6cc(CO)ccc56)CC4)c3c2cc1-c1ccc(O)cc1,5.887619018554688,5.960559368133545,5.924089193344116
CC(Oc1ccc(C2=CCC=CC2=O)cc1)C(=O)O,5.43789005279541,4.943535804748535,5.190712928771973
CN1CCCOc2ccc(C3=CCCCC3)cc21,4.576076030731201,5.7585625648498535,5.167319297790527
CCCCC1=NC2CCCC2C1=O,5.664090156555176,5.920517444610596,5.792303800582886
O=C(CCc1c[nH]c2ccccc12)NCCCCCCNc1c2c(nc3cc(Cl)ccc13)CCCC2,8.89520263671875,4.749786853790283,6.822494745254517
CC(=O)c1c[nH]c2cc(Cl)cc(Cl)c12,5.97200345993042,6.193036079406738,6.082519769668579
COc1ccc(N=C2CC(=O)c3sc(C)nc3C2=O)cc1,5.769152641296387,5.852921009063721,5.811036825180054
CCOc1ccc(C=C2N=C3CCCCC3C(=O)OC)cc1OC,,,
CCN(CC)C(=O)C=Cc1cc(OCc2ccccc2)ccc1OC,4.913511276245117,5.523808479309082,5.2186598777771
Cc1cccc(C=CCCc2ccc3c(c2)OCCCO3)c1,4.555568695068359,5.599875450134277,5.077722072601318
O=C1c2ccccc2-[n+]2ccc3c([nH]c4ccccc43)c21,4.619190692901611,5.365114688873291,4.992152690887451
O=C1ON=C(c2ccccc2)C1=Cc1ccc(O)cc1,6.245609760284424,5.692477703094482,5.969043731689453
Nc1cccc(C#Cc2ccccc2)c1,3.625280141830444,5.281318187713623,4.453299164772034
Fc1ccc(-c2csc(NN=C3CCCCC3)n2)cc1,5.689570903778076,7.334211349487305,6.51189112663269
CN(C)C1CCN(CCCc2c[nH]c3ccc(C#N)cc23)CC1,5.403646469116211,4.645998001098633,5.024822235107422
Cc1ccccc1NC(=O)Oc1ccc2c(c1)C1(C)CCOC1O2,6.729134559631348,5.040712833404541,5.884923696517944
CC(=O)Oc1ccc2c(=O)c(Oc3ccccc3)coc2c1C,7.870675563812256,4.26846170425415,6.069568634033203
COc1ccc(CN2CCC3C(=O)c4ccccc4CC3C2=O)cc1,5.660851955413818,5.7945170402526855,5.727684497833252
O=C1c2ccccc2C(=O)N1c1ccccc1,4.378505229949951,4.853313446044922,4.6159093379974365
CC(C)=CCN1CCC2Cc3c(OCCCNc4c5c(nc6cc(Cl)ccc46)CCCC5)ccc3CC21,,,
O=C(O)COc1ccc(C=CCN2CCCCC2)cc1,4.317784309387207,4.68303108215332,4.500407695770264
C#CCN(C)Cc1cc2cc(OCCCC3CCN(Cc4ccccc4)CC3)ccc2n1C,6.455060958862305,5.637757778167725,6.046409368515015
C=CCCCCNc1c2c(nc3ccccc13)CCCC2,7.182537078857422,4.139285087585449,5.6609110832214355
N#CC1Cn2c(nc3ccc(OCCCCCCNc4c5c(nc6ccccc46)CCCC5)cc32)C1,7.583342552185059,4.804487228393555,6.193914890289307
CC(=O)c1ccc2c(c1)C(=O)c1ccc(OCCCCC[n+]3ccc(C)cc3)cc1C2=O,6.6173601150512695,6.885410308837891,6.75138521194458
O=[N+]([O-])c1ccc(CC2CCN(CCc3ccc(O)c(Cl)c3)CC2)cc1,5.073410511016846,4.698551177978516,4.885980844497681
O=C1CCc2cc(OCCCCCCNc3c4c(nc5ccccc35)CCCC4)ccc2N1,7.614392280578613,5.364870548248291,6.489631414413452
O=C1c2ccccc2-c2nc3nnnn3nc21,4.122465133666992,3.952200412750244,4.037332773208618
Fc1cccc2c1CCNC2COc1ccccc1,4.791633605957031,5.773035049438477,5.282334327697754
C#CCN1CCC(Cc2ccc(OC)cc2)CC1,4.655365943908691,4.625190734863281,4.640278339385986
O=C(CCCCCCCCCCCCNc1c2c(nc3cc(Cl)ccc13)CCCC2)CCCC1CCOC1,8.148950576782227,5.033546447753906,6.591248512268066
COc1ccc2ccoc2c1OCc1cc2c3c(cccc13)CC2=O,,,
O=C1c2ccccc2-c2nc3nc4ccc(OCCCCCCNc5c4oc(=O)c3s2)c2ccccc21,,,
CCC(=NCc1ccccc1)C1CCCC1,5.9133806228637695,3.6461338996887207,4.779757261276245
O=C1c2ccccc2C(=O)C1Cl,8.297521591186523,5.558232307434082,6.927876949310303
CCN(CCCCCCCN=C1CC(=O)C(=NCCCCCCN(CC)Cc2cccs2)CC1)Cc1ccccc1OC,7.60846996307373,4.905322074890137,6.256896018981934
CC(=Nc1cccc([N+](=O)[O-])c1)c1cccc(OCCCN2CCCCC2)c1,5.968014717102051,5.237048625946045,5.602531671524048
COc1cc2c(cc1OC)C(=O)C(=NCC3CCN(Cc4ccccc4)CC3)C2,6.812130928039551,4.416173458099365,5.614152193069458
COc1cc2c(cc1O)C(=O)C(COc1cccc(Cc3ccc(Cl)cc3)c1)C2,5.785338401794434,5.441433429718018,5.613385915756226
O=C1c2ccccc2-c2nnc(-c3ccc(OCCCCCCN4CCCC4)cc3O)cc21,6.59413480758667,5.876983165740967,6.235558986663818
CC(=CC1CC(CO)(c2ccccc2)O1)CO,3.3237130641937256,5.721124172210693,4.5224186182022095
O=c1cc(-c2ccccc2)oc2cc(OCc3cccc(Cl)c3)ccc12,4.333276748657227,6.072513580322266,5.202895164489746
O=C1c2ccccc2OCCC1CCN1CCCCC1,5.866949081420898,4.713364124298096,5.290156602859497
COc1ccc(C=C2CCCCC2=O)c(OC)c1OC,5.78510332107544,4.495360851287842,5.140232086181641
CCOC(=O)c1ccc2[nH]c3ccccc3c2c1,4.950237274169922,6.04404878616333,5.497143030166626
Cc1cccc(NC(=O)Oc2ccc3c(c2)C2(C)CCN(C)C2N3C)c1,6.505637168884277,5.386943340301514,5.9462902545928955
COc1ccc(COc2cc(C)oc2C)cc1OC,5.112447738647461,6.0483574867248535,5.580402612686157
Cc1c(C)c2ccc(OCC(O)CN3CCCCC3)cc2oc1=O,5.526040554046631,5.329434871673584,5.427737712860107
CC(C=Cc1cccc(OCCCCCCCCCNc2c3c(nc4ccccc24)CCCC3)c1)C(C)C,6.366122722625732,4.9181437492370605,5.6421332359313965
O=C(O)c1cccc(COc2ccc3c(c2)c(=O)oc2ccccc23)c1,5.4529314041137695,6.940987586975098,6.196959495544434
O=C1CCc2cc(OCCCCCNc3c4c(nc5ccccc35)CCCC4)ccc2N1,7.571161270141602,5.285552501678467,6.428356885910034
COc1ccc2c3c1OC1CC(O)C=CC31CCN(C)C2,4.434950828552246,5.580801963806152,5.007876396179199
CC(C)=C1CC(CO)(COCC2CCCCC2)OC1=O,4.9943366050720215,5.571864604949951,5.283100605010986
O=C1c2ccccc2C(=O)C1CC=C(O)c1ccccc1,7.6251630783081055,5.816772937774658,6.720968008041382
CC(=O)C1CCC2C3CC(=O)C4(O)CCC3CCC12C,,,
COc1cc2c(C=O)c(O)n(CCCN=C(C)C)c2cc1OC,5.564918518066406,4.819819927215576,5.192369222640991
Cc1cc(F)ccc1Oc1ccc([N+](=O)[O-])o1,7.200406074523926,6.246079921722412,6.723242998123169
O=C1c2ccccc2-c2nc3nnnn3nc21,4.122465133666992,3.952200412750244,4.037332773208618
CC(=O)OC=C1CC(=O)Oc2cc(OCC=C3CCCCC3)ccc21,4.187333106994629,5.79224157333374,4.989787340164185
COc1ccc2oc3cc(O)ccc3c(=O)c2c1,5.272256851196289,4.6263933181762695,4.949325084686279
O=C1C=CC=CC1=NNc1cc(Cl)ccc1O,4.961342811584473,5.528983116149902,5.2451629638671875
O=c1cc(-c2ccccc2)oc2cc(O)cc(O)c12,4.240597248077393,3.973161220550537,4.106879234313965
Oc1occ2ccc(OCCCCCNc3c4c(nc5ccc(Cl)cc35)CCCC4)cc12,7.481841087341309,5.7566022872924805,6.6192216873168945
CC(C)=C1CC(=NOCc2ccc(OC3CCCCC3)cc2)CC1=O,4.960787773132324,5.494441986083984,5.227614879608154
Cc1ccc(C(=O)Nc2ccc(CCN3CCCC3)cc2)cc1,5.196811676025391,4.125717639923096,4.661264657974243
COc1cc2c(cc1OC)C(=O)C(Oc1cccc(C(F)(F)F)c1)C2,6.46267557144165,5.529735088348389,5.9962053298950195
COc1cc2c(cc1OC)C(=O)C(c1ccc(C)cc1)C2,5.996160984039307,5.866344451904297,5.931252717971802
CCc1ccc(CSCCCCNCCCCOc2ccc(C)cc2)cc1,5.154402256011963,4.613771915435791,4.884087085723877
COc1cc2cc(C(=O)NCc3ccccc3)c(=O)oc2cc1OC,7.28743314743042,4.804288387298584,6.045860767364502
Cc1occc1COC(=O)C=CC=Cc1ccc2c(c1)OCO2,4.833532810211182,6.329136848449707,5.581334829330444
C#CCN(CC=C)Cc1coc2c(c1=O)SC(C)(C)C2,5.289970874786377,5.415853977203369,5.352912425994873
CC1=NN(c2ccc(C(=O)O)cc2O)CC1,5.983258724212647,4.970364570617676,5.476811647415161
CC(C)=CC1CC(O)CC(=O)C1C(=O)c1ccccc1,4.155416965484619,3.749019145965576,3.9522180557250977
COc1ccc(C2CC(c3c4ccccc4cc4ccccc34)=NN2)cc1F,6.816478729248047,7.746341705322266,7.281410217285156
O=C1Cc2cc(OCc3ccccc3)c(OC3CCCCC3)cc2O1,5.218576431274414,5.362710475921631,5.2906434535980225
O=C(c1ccc(F)cc1)c1c2c3c(cccc13)CC2,5.131171226501465,6.03655481338501,5.583863019943237
O=C1Oc2ccc(Cl)c(Cl)c2CNC1=O,3.4554476737976074,5.072056770324707,4.263752222061157
O=C1NCCc2[nH]c3c(ccc4ccc(C=Cc5ccccc5)cc43)c21,6.1125664710998535,7.062318801879883,6.587442636489868
CC#CCNCc1cc2cc(OCCCC3CCN(Cc4ccccc4)CC3)ccc2n1C,6.499356269836426,4.989757061004639,5.744556665420532
O=C1NC(=O)c2cc(OCCCCCC3CCCCC3)c([N+](=O)[O-])cc21,6.292236328125,7.088360786437988,6.690298557281494
NC1=NC2CCCCC2C1=NCCC1CCCCC1,6.666184425354004,6.000093936920166,6.333139181137085
CCOc1cc2oc(=O)c(CCC(C)C)cc2cc1OC,5.593831062316895,5.415775299072266,5.50480318069458
COc1cc2c(cc1OC)CC(c1ccccc1)C2,4.797536849975586,4.867434501647949,4.832485675811768
O=C1Oc2ccc(F)cc2C1=Cc1ccc(O)cc1,5.579607009887695,6.7689208984375,6.174263954162598
CCN(CCCCCCN=C1CC(=O)C(=NCCCCCCN(CC)Cc2ccccc2OC)CC1=O)Cc1ccccc1OC,7.722121238708496,4.836684226989746,6.279402732849121
Cc1cc(C)cc(NC(=O)c2cc3ccccc3oc2=O)c1,5.54588508605957,5.770350456237793,5.658117771148682
N#Cc1cccc(-c2ccc3c(=O)oc(O)c3c2)c1,,,
COc1ccc2cc(CCCCCCCCCNc3c4c(nc5ccccc35)CCCC4)ccc2c1,7.075033187866211,4.796327114105225,5.935680150985718
O=C1C=CC(=O)c2cc(O)ccc21,5.814549922943115,6.964939594268799,6.389744758605957
Cc1cccc(C2C=CC(c3ccc(OCCN)cc3)OC2CO)c1,4.114760398864746,5.810582637786865,4.962671518325806
Cc1ccc(N=CC2CC(=O)c3sc(C)nc3C2)cc1,6.339285850524902,6.592068672180176,6.465677261352539
O=C(CCl)Nc1ccc2c(c1)CCN(Cc1ccccc1)C2=O,5.052944183349609,5.205390930175781,5.129167556762695
Clc1cccc(NC2=NCC3CCCCC3C2)c1,5.812320709228516,5.403858661651611,5.6080896854400635
CCCCCCNc1c2c(nc3cc(Cl)ccc13)CCCC2,7.369293689727783,4.216784954071045,5.793039321899414
O=C(CCc1c[nH]c2ccccc12)NC1CCCC1,4.864204406738281,4.6145524978637695,4.739378452301025
O=C1CN=C(c2c[nH]c3cc(Br)ccc23)C1=O,5.286677837371826,5.754969596862793,5.52082371711731
COc1cc2c(cc1OCCCCCCCNOCCCCCNC1CCCCC1)OCO2,5.775567054748535,5.867029666900635,5.821298360824585
O=C1CCC(=O)N1Oc1cc(OCc2cccc(F)c2)ccc1Cl,5.307998180389404,7.2226057052612305,6.265301942825317
O=C1c2ccccc2C(=O)C12CCCC2,5.651567935943604,5.076953411102295,5.364260673522949
O=C1NC(=O)C(c2c[nH]c3ccccc23)=C1c1ccccc1,4.288988590240479,5.66856575012207,4.978777170181274
CCC1=CC2Cc3nc4cc(C)ccc4c(NCCCCCCCCCCCNc4c5c(nc6ccccc46)CCCC5)c3C(C1)C2,8.827741622924805,4.458852767944336,6.64329719543457
Cc1cccc(CNc2cc(C(C)(C)C)nc3onc(C)c23)c1,5.335301399230957,5.511354446411133,5.423327922821045
O=Cc1cccc2c1ccc1c3cc(O)ccc3[nH]c12,5.5255126953125,6.60457181930542,6.06504225730896
C#CCNCc1cccc(-c2ccccc2OC)c1,3.908738136291504,5.121085166931152,4.514911651611328
CNC(=O)C=CC=CC=CC=CC=CCCCCCC(=O)c1ccccc1O,4.444019317626953,7.40923261642456,5.926625967025757
O=C1CCc2cc(OCCCCCNc3c4c(nc5ccccc35)CCCC4)ccc2N1,7.571161270141602,5.2855544090271,6.428357839584351
O=C(C=Cc1ccc2c(c1)OCO2)N1CCCC1,6.00810432434082,5.571425437927246,5.789764881134033
CNC(C)C(O)COc1ccc(Nc2ccccc2)cc1,5.124321937561035,5.47607946395874,5.300200700759888
Cc1ccc(NC(O)=Nc2ccc(Cl)cc2)cc1C,5.56012487411499,4.525989055633545,5.043056964874268
CC(NC1CCCCC1)C(O)c1cccc(Cl)c1,4.396144390106201,4.762725830078125,4.579435110092163
CN(C)c1ccc(C=C2CCCC3C2=O)cc1,,,
O=C(c1ccc(OCCCCCCNc2c3c(nc4ccccc24)CCCC3)cc1)C1CCCC1,7.041998386383057,4.946446418762207,5.994222402572632
O=c1oc2ccc(OCCCCCCNc3c4c(nc5ccccc35)CCCC4)cc2cc1C=O,7.163914680480957,5.582056522369385,6.372985601425171
CN(c1ccccc1)c1cc2c(c3cc(C#N)ccc31)C1=C(C#N)CCCCC2N(C)C,,,
COC(=O)c1ccc(OC(=O)c2ccc3ccccc3c2)cc1,4.985731601715088,5.92931079864502,5.457521200180054
CC(C)C(=O)NC1=CC=C(C)CC1=O,3.8765482902526855,4.29713249206543,4.086840391159058
OC1CCCC(CNCCCCCCCNc2c3c(nc4cc(Cl)cc(Cl)c24)CCCC3)C1,8.583362579345703,3.694111824035645,6.138737201690674
O=C1CCc2cc(OCCCCCNc3c4c(nc5ccccc35)CCCC4)ccc2N1,7.571161270141602,5.2855544090271,6.428357839584351
CCOC(=O)c1cc2ccoc2cc1OCCCCCCCCNCCCCCCCNc1c2c(nc3cc(Cl)ccc13)CCCC2,7.56047248840332,5.467318058013916,6.513895273208618
c1cc(OCCN2CCCCC2)cc(-c2ccco2)c1,4.136152267456055,5.06364107131958,4.599896669387817
CC1=CC=Cc2cc(OCCc3ccccc3)ccc21,4.118067264556885,6.282927989959717,5.200497627258301
Cc1cc2ccccc2c2cccc(C(=O)NCCCCCCCNc3c4c(nc5ccccc35)CCCC4)c12,7.960277080535889,4.596749782562256,6.278513431549072
CN(C)CCCCCCCCCCNc1c2c(nc3ccccc13)CCCC2,7.062232971191406,4.148772716522217,5.6055028438568115
c1cc(CCN2CCCCC2)ccc1OCc1ccccc1,4.798943519592285,4.521801471710205,4.660372495651245
O=C1CCc2cc(OCCCCCCCNc3c4c(nc5ccccc35)CCCC4)ccc21,7.725131988525391,5.43848180770874,6.581806898117065
O=C(NCCCCCCCCCCCCCCCNc1c4c(nc3cc(Cl)ccc13)CCCC4)c1cc(=O)oc1CCCCCC2,,,
O=c1ccoc2ccc(OCCc3ccc(F)cc3)cc12,4.557829856872559,7.086858749389648,5.8223443031311035
Clc1ccc(-c2csc(NN=C3CCCCCC3)n2)cc1,5.343508243560791,6.283581733703613,5.813544988632202
O=c1nc(O)c2oc3ccccc3c2n1,,,
CCN(CCCCCCN=C1CC(=O)C(=NCCCCCCN(CC)CCCN(CC)CC)CC1=O)Cc1ccccc1OC,7.487849235534668,4.960153102874756,6.224001169204712
O=c1oc2ccccc2cc1-c1csc2ccccc12,4.954538345336914,5.1459059715271,5.050222158432007
Cc1cccc(C2CC(c3c4ccccc4cc4ccccc34)=NN2)c1,6.703186511993408,7.963233947753906,7.333210229873657
N#CC=CC=CC=CC=CCN(C)Cc1cncc(C(=O)c2ccccc2)c1,4.542315483093262,5.596480369567871,5.069397926330566
Clc1ccc(-c2csc3ncnc(N4CCCCC4)c23)cc1,4.712029457092285,6.288110733032227,5.500070095062256
Cc1ccccc1C=CC=NNc1nc(-c2ccccn2)cs1,4.77948808670044,5.221401691436768,5.0004448890686035
O=C1C(=Cc2ccc(O)c(O)c2)oc2cc(O)cc(O)c21,5.61467981338501,5.70304012298584,5.658859968185425
O=C1CCC=CCCCCCCCCCCCCNc2c3c(nc4ccccc24)CCCC3)C1,,,
CC(C)OC(=O)c1cc2cc(OCCOc3ccc4ccccc4c3)ccc2o1,4.775681972503662,5.744128704071045,5.2599053382873535
Cc1ccc(C2CN(C)C(=O)c3cc(C)ccc32)o1,5.5923848152160645,6.767963409423828,6.180174112319946
O=C(C=Cc1ccco1)Nc1cccc2cccnc12,4.564020156860352,5.760982036590576,5.162501096725464
CCc1cccc2c1C(=O)c1c(O)cc(C(=O)OCC[N+](C)=O)cc1C2=O,5.3360795974731445,5.331974029541016,5.33402681350708
c1ccc2c(c1)OC(CC1=NCCN1)O2,6.347018241882324,4.449828147888184,5.398423194885254
COc1ccc(C2C(C#N)=C(F)C3=CCC(C)C32)cc1,5.04976749420166,6.887243747711182,5.968505620956421
O=C1CCc2cc(Oc3ccc(Cl)cc3)ccc21,5.628284454345703,6.4972028732299805,6.062743663787842
Cc1cccc(-c2c3c(=O)n(C)c(=O)n(C)c3c3nn(CCO)c23)c1,5.783473014831543,5.358844757080078,5.5711588859558105
c1ccc2c(c1)CCC2=Cc1cocCN2CCNCC1,,,
COc1cccc2c1OC(C(F)(F)F)C2,5.122878074645996,6.422610282897949,5.772744178771973
CCCOc1cc2c(cc1OC)CCCC2=O,5.911652565002441,5.1223859786987305,5.517019271850586
COc1cc2c(cc1OC)C1=C(CC3CC[N+]C)CC3)OCO2,,,
CC(C)c1ccc(NC(=O)C=Cc2ccccc2)cc1,5.004429340362549,4.8355889320373535,4.920009136199951
O=C1CCc2cc(OCCCCCCNc3c4c(nc5ccccc35)CCCC4)ccc21,7.778197765350342,5.334210395812988,6.556204080581665
CCCC(C)=NNc1nc(-c2ccc([N+](=O)[O-])cc2)cs1,5.587369918823242,6.39906120300293,5.993215560913086
O=C(CN1CCCC1=O)NCCc1c[nH]c2ccc(Cl)cc12,6.509190559387207,5.411561489105225,5.960376024246216
O=C1Cc2cc(OCCCCCOc3ccc(CCNc4c5c(nc6ccccc46)CCCC5)cc3)ccc2N1,7.225523948669434,5.745089530944824,6.485306739807129
Cc1c2ccc(C(=O)O)cc2nn1C,4.961668968200684,5.279445171356201,5.120557069778442
COc1cccc(CC(C)NC2=NC(=O)c3oc4ccccc4c3C2=O)c1,5.743513584136963,4.958987236022949,5.351250410079956
CCCCCc1c2ccccc2c(OCCCCCCCCCCCCCCCCCCN)c2c(n1)CCCC2,,,
CC(C)=CCN1CCC2(C)c3cc(O)ccc3CC1C2C,5.547050476074219,5.277956962585449,5.412503719329834
C=CCOC(CO)CN1CCC(CCC(=O)c2nc3ccccc3s2)CC1,6.478672504425049,5.371959686279297,5.925316095352173
CN1CCC(CCCCCCNc2c3c(nc4ccccc24)CCCC3)CC1,8.318058013916016,3.977602005004883,6.147830009460449
CC1=CC2Cc3nc4cc(Cl)ccc4c(NCCCCCCNC(=O)c4cc(Cl)c(Cl)cc4O)c3C(C1)C2,8.250204086303711,5.039594650268555,6.644899368286133
COc1ccc(C=C2CCC(C3CCN(C)CC3)CC2)cc1,4.804279804229736,4.365393161773682,4.584836483001709
Cc1cc2c(C(=O)F)noc2cc1OCCCCCCCNc1c2c(nc3ccccc13)CCCC2,7.670668601989746,5.353075981140137,6.511872291564941
O=[N+]([O-])c1cc2ccccc2cc1O,4.851841926574707,6.428506851196289,5.640174388885498
O=C1c2ccccc2-c2nnc(-c3ccccc3)cc21,4.993725776672363,5.196288108825684,5.095006942749023
CCCc1c2c(nc3cc(OC)ccc13)CCCC2,5.40777063369751,4.487283229827881,4.947526931762695
Fc1ccc(-c2csc(NN=C3CCCCCC3)n2)cc1,5.49857759475708,7.234054565429687,6.366316080093384
CC=Cc1cccc(OCCCCCCCCCCCCCCCCCCCCCC)c1,4.568802356719971,6.332152366638184,5.450477361679077
Fc1ccc(-c2c[nH]c3cc(F)ccc23)cc1,4.955179214477539,7.29617977142334,6.1256794929504395
O=c1oc2cc(OCCCCCCCCCNc3c4c(nc5ccccc35)CCCC4)ccc2c2ccccc12,6.583065032958984,5.247155666351318,5.915110349655151
COc1cc2c(cc1OC)C1=NOC(CCC3CCCCC3)CC2C1,5.941455364227295,5.542574882507324,5.74201512336731
Cc1cc(CN2CCC3(CC2)OCc2ccccc2C3=O)no1,5.771566390991211,4.838645458221436,5.305105924606323
COc1cc2oc(=O)cc(-c3ccccc3)c2cc1OC,6.0202460289001465,5.0389723777771,5.529609203338623
COc1c2c(c(OC)c3cc([N+](=O)[O-])ccc13)C(=O)CC2,6.116486072540283,5.618648052215576,5.86756706237793
Cc1c2ccccc2nc2c1c(C=Cc1ccccc1)n2C,,,
CC1CCCC=CC=CC=CCC=CCCC(=O)Nc2cccc(OCc3cccc([N+](=O)[O-])c3)c2)C1,,,
Cc1c2ccccc2n1CC(=O)COc1ccccc1C,,,
CC1=NOC(=O)C1=Cc1c[nH]c2ccccc12,5.65450382232666,6.761849880218506,6.208176851272583
NC1CCCCC1Nc1cc2c(cc1Cl)OCCO2,4.565834045410156,4.512490272521973,4.5391621589660645
COc1ccc2cc(-c3ccccc3OC)ccc2c1,4.363471508026123,6.1680755615234375,5.26577353477478
O=c1ccoc2ccc(OCCCc3cccc(Br)c3)cc12,4.186692237854004,6.896780967712402,5.541736602783203
COc1cc(-c2ccc3c(c2)NC(=O)C3=Cc2ccc3[nH]cc(Cl)c3c2)ccc1O,6.204326629638672,7.137750625610352,6.671038627624512
COc1ccc(-c2nc3cc(C(C)=O)ccc3o2)cc1,5.288227558135986,5.868853569030762,5.578540563583374
CCCN1CCC(COc2ccc(C(=O)CCC3CCN(C)CC3)cc2)CC1,6.067959785461426,4.298418998718262,5.183189392089844
CCOc1cc2c(cc1OC)C(=O)C(C)C2,7.59663200378418,4.503118515014648,6.049875259399414
CNCc1ccc(OCCCCCCCNc2c3c(nc4ccccc24)CCCC3)cc1,6.9952898025512695,4.559196472167969,5.777243137359619
CCC=CC=CC=CCC=CCC=CC=CC(=O)Nc1cc2c(O)occ2cc1O,4.432426452636719,6.917656898498535,5.675041675567627
COc1cc(=O)oc2c(OCc3cccc(Cl)c3)cccc12,5.141032695770264,6.368481636047363,5.7547571659088135
COc1ccc(C=C2CCCc3cc(OCCCCCNc4c5c(nc6ccccc46)CCCC5)ccc32)cc1,6.124908447265625,5.27047061920166,5.697689533233643
O=C1CCc2cc(OCCCCc3ccccc3)ccc21,5.542596817016602,6.526332855224609,6.0344648361206055
O=C1C(=O)C(Cl)C1=Nc1ccccc1OCCCCCCOc1ccccc1,6.145752429962158,6.207155704498291,6.176454067230225
O=C(CCCCCCCCCCC[n+]1ccccc1)c1ccccc1,6.1348066329956055,4.472193241119385,5.303499937057495
O=c1[nH]c2ccccc2cc1C=NOCCCCCCCNc1c2c(nc3cc(Cl)ccc13)CCCC2,7.800381660461426,5.289694786071777,6.545038223266602
COc1cc2c(cc1OC)C1=C(CC1CC1)SC2,,,
N#Cc1c(O)nc(SCc2cc(O)c3ccccc3n2)nc1-c1ccc(F)cc1,5.698026657104492,5.65089225769043,5.674459457397461
Brc1ccc2c(c1)CCC2=Cc1ccccc1,3.626415729522705,6.472925186157227,5.049670457839966
Cc1c2c(n3c1CCCC3)CCCO2,5.810386657714844,4.376589775085449,5.0934882164001465
O=c1ccoc2ccc(OCCCCCNc3c4c(nc5ccccc35)CCCC4)cc12,6.851408004760742,4.945126056671143,5.898267030715942
C#CCNC1CCc2ccccc21,3.722722053527832,6.786684989929199,5.254703521728516
COc1ccc(C(C)=NNc2nc3ccccc3o2)cc1,5.289883613586426,5.076282024383545,5.183082818984985
Nc1ccc2c(c1)C1(CCN(Cc3ccccc3Cl)CC1)NC2=O,5.450514793395996,5.316694259643555,5.383604526519775
Fc1ccc2c(c1)c(C1=NNC3=CCCCC3)OCC2=N1,,,
Cc1ccc(SC=C(C)C)c(C(=O)CCCCCCNc2c3c(nc4ccccc24)CCCC3)c1,7.3575849533081055,4.187077522277832,5.772331237792969
O=[N+]([O-])c1cc2cnnc-2ccncc2cc1O,,,
C#CCN(C)Cc1cc2cc(OCCC3CCN(Cc4ccccc4)CC3)ccc2n1C,6.383633136749268,5.55838680267334,5.971009969711304
CN(C)c1cc2cc([N+](=O)[O-])ccc2cn1,5.055891513824463,6.328665256500244,5.6922783851623535
O=C(O)c1cccc(NN=Cc2cc3cc4c(cc3nc2O)OCO4)c1,6.267827033996582,4.604659080505371,5.436243057250977
CNCc1ccc2c(c1)OC(=O)C(C)C2=O,8.533551216125488,4.724199295043945,6.628875255584717
Fc1ccc(-c2nc(-c3ccc(F)cc3)c(-c3ccc4[nH]ncc4c3)[nH]2)cc1,6.341329097747803,6.593586444854736,6.4674577713012695
O=c1onc2cnc(OCCCCCCNc3c4c(nc5ccccc35)CCCC4)cc12,,,
CC1CC(O)(c2ccc(C=CBr)cc2)C1,4.430681228637695,6.251734733581543,5.341207981109619
N#Cc1ccccc1COc1nc(Cl)cc(=O)o1,4.87621021270752,6.860523223876953,5.868366718292236
Cc1ccc2c(c1)N(C)C(=O)c1ccccc1S2=O,5.164143085479736,6.430184841156006,5.797163963317871
COc1cc2c(cc1OC)C1=CC(=[N+](C)C)CCC1C2,5.706035614013672,5.21936559677124,5.462700605392456
CC(=NOC(=O)c1ccc(Br)cc1)c1ccccc1,5.1753668785095215,5.272973537445068,5.224170207977295
CC1=CCC2C1=C(C)OC(N)=O,,,
CNC(=O)c1ccccc1Sc1ccc2c(C=Cc3ccccc3)n[nH]c2c1,6.2713494300842285,5.494235515594482,5.8827924728393555
C#CCNCCCOc1ccc2c(c1)C1CCCCC1C2,5.1825056076049805,6.415083408355713,5.798794507980347
CC1=CC2Cc3nc4cc(Cl)ccc4c(NCCCCCCNc4c5c(nc6ccccc46)CCCC5)c3C(C1)C2,8.81264877319336,4.463440418243408,6.638044595718384
O=C1Nc2ccc(COc3ccc(Cl)cc3)cc2C1=O,4.449163436889648,7.582685470581055,6.015924453735352
Cc1ccc(CNC2C(=O)C(=O)C2=Nc2ccc3n[nH]cc3c2)cc1,5.942505836486816,5.281491279602051,5.611998558044434
CNC(=O)COc1ccc(C=CC=CC=CC=CC(=O)Oc2ccccc2)cc1,5.445341110229492,6.974646091461182,6.209993600845337
COc1cc2c(cc1OC)C(=O)C(Oc1ccc(C(=O)c3cccc(Cl)c3)o1)C2,6.6557722091674805,4.736299514770508,5.696035861968994
COc1cc2c(cc1OC)C(=O)C(Oc1cccc(C(C)=O)c1)C2,7.155307292938232,4.741750240325928,5.94852876663208
O=C(C=CC=Cc1ccc2c(c1)OCO2)NCCCCCCNc1c2c(nc3ccccc13)CCCC2,7.178389549255371,5.530738830566406,6.354564189910889
Clc1cccc2c1cc(COCCCCCCCNc1c3c(nc4ccccc14)CCCC3)c1ccccc12,6.458786487579346,4.787372589111328,5.623079538345337
O=C(C=Cc1ccccc1[N+](=O)[O-])NCC1CCCN(Cc2cccc(O)c2)C1,5.181309223175049,3.781405448913574,4.4813573360443115
CC1=NN(c2ccc(C#N)c(C(F)(F)F)c2)C(O)=NC1,6.319326400756836,5.148653030395508,5.733989715576172
CCCCCCOc1ccc(-c2coc(O)c2-c2ccc(C)cc2)cc1,4.0493927001953125,6.493704795837402,5.271548748016357
CC#CCN1CCC(CCC(=O)Oc2ccccc2)CC1,6.9249587059021,4.698355197906494,5.811656951904297
CCNC(=O)Oc1ccc2c(c1)C1(C)CCOC1N2C,6.248715400695801,5.304211616516113,5.776463508605957
COc1cccc(-c2ccc3nc(NCCCN4CCCCC4)sc3c2)c1,5.893356323242188,5.184090614318848,5.538723468780518
CN(C)C1CC(=O)Oc2cc(OCc3cccc(Cl)c3)ccc21,5.286123275756836,6.907442569732666,6.096782922744751
C#CCCCCCCCCCCCCCC,3.354290008544922,7.32740306854248,5.340846538543701
Clc1ccc2c(c1)OC(CNCCC3CCN(Cc4ccccc4)CC3)CC2=O,6.766315460205078,3.910892963409424,5.338604211807251
Cc1cccc(C)c1-c1cc(=O)n(CCCCCCCNc2c3c(nc4ccccc24)CCCC3)[nH]1,8.444212913513184,4.699950695037842,6.572081804275513
C#CCSc1nc2ccccc2c(=O)n1CCC,5.000503063201904,6.2474212646484375,5.623962163925171
Cc1c(C)c2ccc(OCC(O)CN3CCC(Cc4ccccc4)CC3)cc2oc1=O,5.555154800415039,5.355749607086182,5.45545220375061
O=C(C=Cc1ccc(O)cc1)NCCCCCCCCCCNc1c2c(nc3ccccc13)CCCC2,7.184910774230957,4.881478309631348,6.033194541931152
CCC1=NN(c2ccc(OC)cc2O)C(=O)C1=O,6.051939010620117,4.748915195465088,5.4004271030426025
Cc1ccc(C=C2COc3ccc(CCC(=O)O)cc3C2=O)o1,5.103325366973877,6.358846664428711,5.731086015701294
Fc1ccc(C2=NNC(c3ccc(F)cc3)C2)cc1,6.383333683013916,8.22181224822998,7.302572965621948
O=C1c2ccccc2-c2nc3nnnn3nc21,4.122465133666992,3.952200412750244,4.037332773208618
CCC=C1CCC(=CC=CCC(=O)c2cc(OC)c(OC)c(OC)c2)CC1,5.537229061126709,4.506721019744873,5.021975040435791
CC1=CC=CC2OC(=O)C=CC2C1=O,2.320432662963867,6.428714752197266,4.374573707580566
CCOc1cc2c3c(cccc13)C(=O)N(C)N2C,,,
Cc1cc2c(cc1O)CCCC2=O,5.533440113067627,6.014626502990723,5.774033308029175
CC1=CCC=CCC=CCOCCCCCC[n+]2cccc3ccccc32)C1,,,
COc1c2c(c(OC)c3ccoc3c2cc1C(=O)c1ccccc1)OCO2,,,
CCOC(=O)CN1CCN(Cc2ccc([N+](=O)[O-])cc2)CC1,4.911532878875732,4.280552387237549,4.596042633056641
COCCOCCNC(=O)C=CC=Cc1ccccc1OC,4.346887588500977,6.320192337036133,5.333539962768555
Cc1c(C)c2ccc(OCc3ccc(C(=O)NC4CC4)cc3)cc2oc1=O,5.6747212409973145,6.897426128387451,6.286073684692383
COc1cc2c(cc1OC)C1=NOC(CN3CCN(Cc4cccc(Cl)c4)CC3)C1CO2,6.883785247802734,4.932259559631348,5.908022403717041
COc1cccc(C(=O)CCCCCCCCCCNc2c3c(nc4ccccc24)CCCC3)c1,7.241032123565674,4.808553695678711,6.024792909622192
CC(=O)c1cc(OCCCCCCCCCCCCCCCCCCCCCNC2CCCCC2)ccc1O,5.864002704620361,6.162008762359619,6.01300573348999
Cc1cccc(NC(=O)Oc2ccc3c(c2)C2(C)CCN(C)C2N3C)c1,6.505637168884277,5.386943340301514,5.9462902545928955
CC#CC1(O)CCC2C3CCC4=CCCCC4C3CCC21C,4.418162822723389,7.783665657043457,6.100914239883423
CN=C(NO)NCCCCCCNc1c2c(nc3ccccc13)CCCC2,6.84940767288208,4.686398983001709,5.7679033279418945
CCCCCOc1ccc2c(=O)c3ccccc3oc2c1,3.9055428504943848,5.6007490158081055,4.753145933151245
CNCC=C1CC(=O)Oc2cc(OCc3cccc(Cl)c3)ccc21,5.354155540466309,6.535004615783691,5.944580078125
O=C(NCc1ccccc1)OC1COC2C(OCc3ccc(F)cc3)COC12,4.392209053039551,5.8237624168396,5.107985734939575
O=C1Nc2ccc(Br)cc2C1=[N+](O)c1cccc(F)c1,5.753506183624268,5.9897003173828125,5.87160325050354
COc1ccccc1C=CC=NNc1nc(N(C)C)c2ccccc2n1,5.367477416992188,4.6882100105285645,5.027843713760376
O=C1CCc2cc(OCc3ccc(F)c(F)c3)ccc21,4.377466678619385,7.966905117034912,6.172185897827148
CNCc1cccc2c1OC(=O)C2=O,5.402736186981201,4.652291774749756,5.0275139808654785
COc1cc2ccoc2c(OC(=O)NC3CCCCC3)c1OC,5.408540725708008,4.603267669677734,5.005904197692871
COC(=O)c1coc2cc(OCc3cccc(Cl)c3)ccc2c1=O,4.64762544631958,6.885759353637695,5.766692399978638
Fc1ccc(-c2cc3ccccc3oc2=O)cc1,5.065914630889893,6.684349536895752,5.875132083892822
O=C1CCc2cc(COCCCCCCNc3c4c(nc5ccccc35)CCCC4)ccc2N1,7.857285499572754,5.119815349578857,6.488550424575806
Fc1ccc(-c2nc3cc(C#CCCCCCCNCC4CCCCC4)coc3[nH]2)cc1,,,
CCNc1ccc2oc3ccccc3c2c1,4.723687648773193,5.280735969543457,5.002211809158325
CCCCCNC(=O)CCCCCCCCCCCN=C(C)CCCC,5.837340831756592,5.799323558807373,5.818332195281982
O=C(CCCCC1CCN(Cc2ccccc2)CC1)c1cc2c3c(ccn3C(=O)CC2)c1,8.115225791931152,4.953702926635742,6.534464359283447
Cc1cc2cc3cccc(C#N)c3nc2o1,5.0740461349487305,5.960543632507324,5.517294883728027
COc1cccc(C=C2Oc3cc(OC)ccc3C2=O)c1,5.890376091003418,5.994682312011719,5.942529201507568
Cn1c(=O)c2c(nc(OCCCCCCNc3c4c(nc5ccccc35)CCCC4)n2C)n(C)c1=O,7.125537872314453,5.097349643707275,6.111443758010864
CCC=CC(C=CC=CC=CCC=CCC=CCC[N+](=O)[O-])=Cc1ccccc1OC,4.273553371429443,5.061366081237793,4.667459726333618
COC(=O)CC1CC=CCCCCCCCCCCCC(=O)NCCCCCCCNc2c3c(nc4ccccc24)CCCC3)O1,,,
CCN=C(N)Nc1cc(O)ccc1C,4.942022323608398,4.487514495849609,4.714768409729004
COc1cccc(C(=O)NC2=C(c3ccc4ccccc4c3)CCCC2)c1,4.97668981552124,5.541521072387695,5.259105443954468
COc1cc2c(-c3ccc(C)cc3)n3nc(C)nc3nc2cc1OCC3,,,
CN1CCCC1=CC=C1c2ncccc2COc2cc(O)ccc21,5.761002063751221,6.194184303283691,5.977593183517456
CCNc1c2c(nc3ccsc13)CCCC2,6.882205963134766,4.340641975402832,5.611423969268799
CN(C)C1(C)CCC2C3CC=C4CC(=O)C=CC4(C)C3CCC21C,4.831630229949951,8.044782638549805,6.438206434249878
CNC(=O)Oc1cccc(CN(C)CCCCCCOc2ccc3c(=O)c4ccccc4oc3c2)c1,8.115917205810547,5.681029796600342,6.898473501205444
CCC(=O)OC1(c2ccc(OC)cc2)CCN(C)C1,4.7409868240356445,4.673613548278809,4.707300186157227
CN1C2CCC1CC(OC(=O)CCCCCCCCNc1c3c(nc4cc(Cl)ccc14)CCCC3)C2,7.778048992156982,4.616600036621094,6.197324514389038
O=c1ccoc2ccc(OCc3cccc(Cl)c3)cc12,3.992715835571289,7.384788513183594,5.688752174377441
O=C(O)c1cccc(-c2coc3cc(OCc4ccccc4)ccc3c2=O)c1,5.245540618896484,6.799253463745117,6.022397041320801
COc1cc2c(NC3CC3c3ccccc3)c(C#N)cnc2cc1OCCCN1CCCC1,5.650184631347656,5.21981954574585,5.435002088546753
CCOC(=O)c1cc2c(=O)n3ccccc3nc2nc1C,5.418874740600586,4.651167869567871,5.0350213050842285
CNC1=NC(=O)C(=CC=Cc2cccs2)S1,7.503627777099609,6.064828872680664,6.784228324890137
Clc1cccc(C2CC3CCC(C2)N3)c1,4.948930263519287,4.562047481536865,4.755488872528076
COc1cc2c(cc1OC)CCC(CCCCN)O2,4.041125297546387,4.353081703186035,4.197103500366211
CSc1ccc2oc3c(O)nc(CCCCCCN4CCC(c5noc6ccccc56)CC4)nc3c2c1,6.8857035636901855,5.33993673324585,6.112820148468018
O=C1CCc2cc(CCCC3CCN(Cc4ccccc4)CC3)ccc21,7.352458953857422,4.25429630279541,5.803377628326416
COc1cc2c(cc1OC)CC(CC=C(c1ccccc1)c1ccccc1)O2,5.931258201599121,3.773049354553223,4.852153778076172
Cn1c(=O)c2c(nc(SCCCCCCCCCCCCN)n2C)n(C)c1=O,5.6816935539245605,6.719050884246826,6.200372219085693
Cc1ccc2c(c1)C(=O)C(=O)c1ccccc1C2=O,4.985462188720703,6.377212524414063,5.681337356567383
Cc1coc2c1C(=O)c1ccc(OCCCCCCNc3c4c(nc5ccccc35)CCCC4)cc1O2,7.231261253356934,5.017413139343262,6.124337196350098
CC1CC(C)CN(CCCCCSc2c3c(nc4ccccc24)CCCC3)C1,6.310027122497559,3.4575977325439453,4.883812427520752
O=C1CCc2ccc(OCCCCCCNc3c4c(nc5ccccc35)CCCC4)cc2N1,7.6467509269714355,5.350149154663086,6.498450040817261
COc1cc(O)cc(C(=O)COc2ccc(F)cc2Cl)c1,4.72948169708252,5.482093811035156,5.105787754058838
CCC1=C(C)C(=O)CC1=NCc1cc(OC)c(OC)cc1OC,6.527555465698242,5.041728973388672,5.784642219543457
O=C1CCc2ccc(OCCCCCCCCNc3c4c(nc5ccccc35)CCCC4)cc2N1,7.590731620788574,5.541414260864258,6.566072940826416
O=C1CCc2cc(OCCCCCCNc3c4c(nc5ccccc35)CCCC4)ccc2N1,7.614392280578613,5.364870548248291,6.489631414413452
CC=CC(=O)Nc1cccc(SCCCCCCO)c1,4.903853893280029,6.071342468261719,5.487598180770874
Cc1c(C)c2ccc(OCCCCCCCNc3c4c(nc5ccccc35)CCCC4)cc2oc1=O,7.067000389099121,5.670134544372559,6.36856746673584
C#CCCCCCCCCCCCCCCCCN=C(C)C,5.136194229125977,7.0501909255981445,6.0931925773620605
c1coc(C2CNCCS2)c1COc1cccc2cccnc12,4.758670806884766,5.445611953735352,5.102141380310059
Fc1ccc(-c2nc3ccccc3o2)cc1,4.994063377380371,5.486752033233643,5.240407705307007
CCCOc1c(OC)ccc2c1CCC2=O,6.246789932250977,4.863787651062012,5.555288791656494
N#Cc1ccc(C2=CC3CCCC(C2)N3C)cc1,5.093337059020996,6.242711067199707,5.668024063110352
C[N+](C)(CC=Cc1ccccc1)CCCCCCC=CCCCCNCCO,5.130452632904053,3.5853734016418457,4.357913017272949
Cn1c2ccccc2n2c(=O)c(C=Cc3ccccc3O)nc12,,,
CCNC(=O)CCCCCCCCCCOc1ccc2c(=O)c3ccc(C)cc3oc2c1,5.740047454833984,6.286832809448242,6.013440132141113
O=C1COc2ccc(COC(=O)c3ccccc3O)cc2C1,4.504755973815918,5.223235607147217,4.863995790481567
CCSc1cc2c(cc1OC)nc(C(=O)CCCCCCCCCCNc1c3c(nc4ccccc14)CCCC3)n2C,7.700195789337158,5.19340181350708,6.446798801422119
c1ccc(-c2cc(-c3ccc4c(c3)OCO4)no2)cc1,5.375642776489258,5.26735258102417,5.321497678756714
O=C(c1ccccc1)c1c(O)ccc2cocc12,4.739832878112793,5.0181884765625,4.8790106773376465
Cc1cccc(OCC(CO)N2CCC3(CC2)OCCCC3=O)c1,4.934447288513184,6.105777740478516,5.52011251449585
N#Cc1ccc2oc(-c3ccc(OCCCCCN4CCCCC4)cc3)nc2c1,5.971103668212891,6.17121696472168,6.071160316467285
COc1cc2cc(C(=O)c3ccc(F)cc3)oc2cc1OC,5.781505107879639,5.110956192016602,5.44623064994812
CCOc1ccc(C(=O)c2ccsc2)cc1,5.540909767150879,5.7356791496276855,5.638294458389282
CCCCCCCCCCCCC=CCCCCC[n+]1ccccc1,5.5541605949401855,4.87305212020874,5.213606357574463
O=C(CC=CCCNc1c2c(nc3ccccc13)CCCC2)NCCCCCCCCOc1coc(O)c1,7.714715003967285,5.354567050933838,6.5346410274505615
O=C1Nc2ccc(C(F)(F)F)cc2C1=Cc1cc2c([nH]1)CCCC2,6.2916178703308105,6.891349792480469,6.59148383140564
O=C(Nc1cccc(Cl)c1)ON=C(C1CCCCC1)C1CCCCC1,5.3139328956604,4.54899787902832,4.93146538734436
Cc1cc2c(CCCCCCCCCCNc3c4c(nc5ccccc35)CCCC4)coc2c1,,,
COc1ccc(Sc2ccc(C#N)cc2)cc1,4.838255882263184,5.457812309265137,5.14803409576416
COc1cc2c(cc1OC)C1CCCN(CCCCCCCCN(C)Cc3ccccc3)C1C2,5.983812808990479,4.353262424468994,5.168537616729736
CCOc1ccc(C=Cc2nsc(N)n2)cc1,5.4229416847229,6.413196563720703,5.918069124221802
O=C(CCl)c1cc2cc([N+](=O)[O-])ccc2oc1=O,5.659069061279297,6.355902194976807,6.007485628128052
CCC(=O)Oc1ccc2c(c1)=CC1CCCC=21,5.426064968109131,6.220733642578125,5.823399305343628
NCCOCCNCCCCOc1ccc2c(c1)NC(=O)C2=Cc1ccc(O)cc1,5.35457181930542,5.99832820892334,5.67645001411438
CCCCCCC1=c2cc(C)ccc2=C1Oc2cccc(O)c2C1=O,,,
COc1ccc2c(ccc3ccc([N+](=O)[O-])c(C)c32)c1,4.919124603271484,7.618748188018799,6.268936395645142
COc1cc2c(=O)n(CCN3CC4CCC3CN4c3cccc(C)c3)cnc2cc1OCCCN1CCCCC1,6.369393348693848,5.51566743850708,5.942530393600464
Cc1c2ccccc2nc2cc(=O)n3c(nc12)CCCC3,,,
Cc1noc(OCc2cc(C3CC3)n(-c3ccc(C(C)=O)cc3)n2)n1,5.811611175537109,6.648565769195557,6.230088472366333
O=C1c2ccccc2C(=O)C1c1cccc(OCCCCCCNc2c3c(nc4ccccc24)CCCC3)c1,6.924770355224609,5.334114074707031,6.12944221496582
O=Cc1coc2ccc(OCc3cccc(I)c3)cc2c1=O,5.014305114746094,7.851668357849121,6.432986736297607
O=C(CCCCCCNc1c2c(nc3ccccc13)CCCC2)NCCNc1c2c(nc3ccccc13)CCCC2,8.735745429992676,4.303114414215088,6.519429922103882
Cc1cccc(-c2cc3c4c(-c5ccc(F)cc5)ncn4ccc3o2)c1,5.46916389465332,6.03804349899292,5.75360369682312
Cc1ccc(C2=CC=CCN(C)C2=O)cc1,4.0899739265441895,5.573538303375244,4.831756114959717
N#CCCN1N=C(c2ccc(OCc3ccccc3)cc2)OCC1=O,6.0772576332092285,6.990738868713379,6.533998250961304
Cc1c2cc(O)ccc2nn1Cc1ccc(OCCCCCNc2c3c(nc4ccccc24)CCCC3)cc1,7.53311824798584,4.473889350891113,6.003503799438477
O=O(Cc1ccccc1)N1CCCCc2cccc(F)c21,,,
c1ccc2cc(OCCCC3CCN(Cc4ccco4)CC3)ccc2c1,5.587102890014648,4.942129135131836,5.264616012573242
CNC1CCOc2ccc(C3=NOC(C4CCCCC4)C3)cc21,5.975133895874023,6.377556800842285,6.176345348358154
CC(c1ccccc1)N1CCc2cc(O)c(O)cc2C1,4.700908660888672,5.002944469451904,4.851926565170288
c1ccc(-c2[nH]ncc2-c2csc3ccccc23)cc1,4.542560577392578,4.996588706970215,4.7695746421813965
COc1ccc2c(c1)c(-c1cc3cc(OC)c(OC)cc3oc2=O)cc1,,,
O=C1C=CC(=O)N1c1ccccc1[N+](=O)[O-],4.434955596923828,4.805870056152344,4.620412826538086
O=C1Cc2ccccc2OC1=NOCCCCCNc1c2c(nc3ccccc13)CCCC2,6.379258632659912,4.812685012817383,5.5959718227386475
C=CCCCCCCCN3CC=CCCCCCCCCCCCNC1CCOCC1,,,
COc1cc2c(cc1OC)C(=O)C(Cc1ccccc1)C2=O,8.06252670288086,5.078469276428223,6.570497989654541
CNC(=O)C=Cc1coc2cc(OCc3cccc(Cl)c3)ccc12,4.599719047546387,7.27056884765625,5.935143947601318
O=C1CCCc2cc(OCc3cccc(Cl)c3)ccc21,4.159873962402344,7.465420722961426,5.812647342681885
O=C1CCc2cc(OCCCCCNc3c4c(nc5ccccc35)CCCC4)ccc2N1,7.571161270141602,5.2855544090271,6.428357839584351
Fc1ccc(-c2c[nH]c3ncccc23)cc1,4.484366893768311,6.137340068817139,5.310853481292725
O=C1c2ccccc2CCC1CCN(Cc1cccc(Cl)c1)CC2,,,
CC#CCN(C)Cc1cc2cc(OCc3ccccc3)ccc2n1C,4.811418533325195,7.19118070602417,6.001299619674683
O=C(CCN1CCCC1)Nc1ccc2c(c1)OCCO2,6.135984420776367,4.872413158416748,5.504198789596558
CNC(=O)Oc1cccc(CN(C)CCCOc2cccc(Cl)c2)c1,8.04713249206543,5.091977596282959,6.569555044174194
CC(C)(C)C(=O)OCOC(=O)CNC(=O)c1ccccc1OCc1ccccc1,5.267245769500732,5.079138278961182,5.173192024230957
CN1CCCC1CCOc1cncc(CCCCCCCCCCNc2c3c(nc4ccccc24)CCCC3)c1,7.355968475341797,5.188116073608398,6.272042274475098
COc1ccc2cc(-c3cncc4ccccc34)c(=O)oc2c1,5.108185768127441,6.341601371765137,5.724893569946289
CCCCC#CCOc1ccc(C2=CC3c4ccccc4OCC3CN2C)cc1,4.300897121429443,6.463126182556152,5.382011651992798
CC(C)N1CCN(CCCNc2c3c(nc4ccccc24)CCCC3)CC1,7.351739883422852,3.920203685760498,5.635971784591675
Cc1cccc(C)c1-n1c2ccc(O)cc2c2nc3cc(C)ccc3nc21,5.187173843383789,4.5039801597595215,4.845577001571655
Cc1ccc(C)c(NC(=O)c2ccc3c(c2)c(C)c(C)n3C)c1,6.113642692565918,6.276724338531494,6.195183515548706
O=C1Oc2ccc(OC(=O)c3ccc(C#Cc4cccc(CF)c4)o3)cc2C2=CCCC12,5.345882415771484,6.288752555847168,5.817317485809326
CN(C)CCCCCCCCNc1c2c(nc3ccccc13)CCCC2,7.111151695251465,3.9102320671081534,5.51069188117981
CCc1c2c(nc3cc(C(C)C)ccc13)CCCC2,6.066039562225342,4.318879127502441,5.192459344863892
O=c1cc(OCc2ccccc2)cc2ccc(O)cc12,,,
CCCOC(=O)CCc1c2ccccc2[nH]c2ccccc12,,,
O=C1NCCc2cc(OCc3ccccc3)ccc21,5.2519402503967285,6.8183698654174805,6.0351550579071045
CCCN1CCC2(C)c3cc(OCc4ccccc4C(F)(F)F)ccc3CCC2C1,5.413149833679199,6.083220958709717,5.748185396194458
CC(C)=CC=CC=CCC=CCCCCCC(=O)NCc1ccccc1,4.086024284362793,4.391826629638672,4.238925457000732
O=C1C=CC=CC1=NNc1cccc(C(O)CCCCCl)c1,4.165289402008057,5.838034629821777,5.001662015914917
CCN(CCCCCCNC1CC(O)C(O)C(O)C1O)Cc1ccccc1,5.104946136474609,4.712434768676758,4.908690452575684
O=C(CCC1CCN(Cc2ccccc2)CC1)c1ccccc1,6.823256015777588,2.907240629196167,4.865248322486877
Cn1c2ccccc2c2ccc([N+](=O)[O-])cc21,4.950428485870361,6.26652193069458,5.608475208282471
C=CCCCCCCC(=O)Nc1nc2ccccc2s1,5.317035675048828,5.892543315887451,5.60478949546814
N#CC=CCN1N=C(c2ccccc2[N+](=O)[O-])OC1=O,5.75076150894165,5.075237274169922,5.412999391555786
C#CCNCc1c2cc(OC)c(=O)cc-2oc2ccccc12,4.621823310852051,4.605151653289795,4.613487482070923
CC(C)=NNc1nc(-c2ccc(F)cc2)cs1,5.14899206161499,6.769133567810059,5.959062814712524
O=C(NC(Cc1ccccc1)C(=O)O)c1cccs1,5.794724941253662,4.2333664894104,5.014045715332031
Cc1ccc(Cc2cc(C3CCOCC3)on2)cc1,4.970863342285156,5.089095592498779,5.029979467391968
O=C1Cc2c(OCCCCCCNc3c4c(nc5ccccc35)CCCC4)cccc2N1,7.776574611663818,4.904635906219482,6.34060525894165
COc1c(CCO)c(O)c2c(=O)cc(-c3ccccc3OC)oc2c1C,6.0699334144592285,3.91573715209961,4.992835283279419
CN(C)c1ccc(-c2csc(N=CC3CCC(=O)C3)n2)cc1,5.171736240386963,6.799084663391113,5.985410451889038
COc1ccc(C=O)cc1OCCCCNc1c2c(nc3ccccc13)CCCC2,6.861192226409912,4.949111461639404,5.905151844024658
O=C(O)c1ccc(COc2ccc(-c3nnn(C4CCCCC4)n3)cc2)cc1,5.771178245544434,6.606816291809082,6.188997268676758
O=C1CCc2cc(OCCCCCCNc3c4c(nc5ccccc35)CCCC4)ccc21,7.778197765350342,5.334210395812988,6.556204080581665
N#Cc1ccc2cc(OCCCCCCNc3c4c(nc5ccccc35)CCCC4)ccc2c1,6.691691875457764,5.495526313781738,6.093609094619751
Cc1c(C)c2ccc(C(=O)O)cc2oc1=O,5.656033515930176,6.747278213500977,6.201655864715576
COc1ccc(CC(=O)OCc2ccccc2)cc1,4.961239337921143,4.429858684539795,4.695549011230469
CCOc1c2c(c(OCC)c3ccccc23)-c2ccccc2CC1C,5.59342622756958,5.175084590911865,5.384255409240723
CNCC=CC1=Cc2ccccc2OC1=O,5.654877185821533,5.821877479553223,5.738377332687378
Fc1ccc(-c2csc(NN=Cc3ccc(-c4ccc(F)cc4)o3)n2)cc1,5.976067543029785,6.5240864753723145,6.25007700920105
O=C1Cc2cc(OCCCCc3ccccc3)ccc2O1,5.4729743003845215,6.475078105926514,5.974026203155518
CC1=CC=CC2N=CC1=NN(C)C2=[N+](O)O,5.333917140960693,2.592294216156006,3.9631056785583496
c1ccc(-c2ccc(COCCOc3ccc4ccccc4c3)o2)cc1,4.022860050201416,5.691112995147705,4.8569865226745605
COc1cc2c(cc1OC)C(=O)C(=O)C2=NNc1ccccc1,7.041956424713135,4.447360038757324,5.7446582317352295
CC1=CC2Cc3nc4cc(Cl)ccc4c(NCCCCCCCCCNC(=O)c4cc(O)c5c(c4)C(=O)c4cc(O)c(O)cc4C5=O)c3C(C1)C2,8.621199607849121,5.666220188140869,7.143709897994995
O=C(CCCCCCCCCCCCCOc1cccc(C=CCCCCCNc2c3c(nc4ccccc24)CCCC3)c1)NCCCCCCCNc1c2c(nc3cc(Cl)ccc13)CCCC2,8.328885078430176,5.244351387023926,6.786618232727051
COc1cccc(CNC2C3CC4CC(C3)C2C4)c1O,5.776862144470215,4.635986328125,5.206424236297607
O=C1Nc2ccccc2C1=O,4.581729888916016,5.809771060943604,5.19575047492981
CC#CCN(C)Cc1cc2cc(OCc3ccccc3)ccc2n1C,4.811418533325195,7.19118070602417,6.001299619674683
COc1ccc(C=Cc2ccc3cccc(Cl)c3[n+]2C)cc1,4.67996883392334,6.246491432189941,5.463230133056641
O=c1ccoc2ccc(OCCCC3CCCCC3)cc12,5.248274326324463,6.329362869262695,5.788818597793579
O=c1ccc2ccc(OCCCCCCCCCCCCNc3c4c(nc5ccccc35)CCCC4)cc2o1,6.825738906860352,5.750851631164551,6.288295269012451
O=[N+]([O-])c1cc2ccccc2cc1COCCOCCO,4.476262092590332,6.495728492736816,5.485995292663574
Cc1c2c(n3cc(C)c(C)cc3nc2C)CCCC1=O,,,
O=C(Oc1ccc2oc(O)cc2c1)c1ccccc1,5.634901523590088,5.077872753143311,5.356387138366699
Cc1ccc2cc(C=CCCCCCCCCCCCCNc3c4c(nc5ccccc35)CCCC4)c(=O)oc2c1,7.169154167175293,5.460024356842041,6.314589262008667
CCc1c2c(n3ccc(OCc4ccccc4)cc13)CCC2,4.97296142578125,5.970370292663574,5.471665859222412
CC1CCC2C(C)C(=O)N(CCCCNc3nc4c(s3)CCCC4)C2C1,6.607690811157227,5.895032405853272,6.251361608505249
CC#CCN(C)Cc1cc2cc(OCc3ccccc3)ccc2n1C,4.811418533325195,7.19118070602417,6.001299619674683
N#Cc1ccc(CC2=c3ccccc3=NC2=O)cc1,5.18715763092041,6.541228294372559,5.864192962646484
O=C1c2ccccc2OCCCCCCCCN1CCCCCC1,,,
COc1cc2c(Oc3ccc4[nH]c(C)cc4c3F)noc2cc1OCCCN(C)C,5.372220516204834,5.743671417236328,5.557945966720581
O=C(c1cc2ccccc2oc1=O)N1CCOCC1,5.868752956390381,4.483047008514404,5.175899982452393
O=C1Nc2cc(CCCC3CCN(Cc4ccccc4)CC3)ccc2C1=O,7.325971603393555,4.666877746582031,5.996424674987793
CC=CC=CC=CCC=CCC=CCCCCCC(=O)NCc1ccc2c(c1)OCO2,4.869671821594238,5.450467109680176,5.160069465637207
COc1cc2c(O)oc3c(OC)c(OC4CCCCC4)ccc3c2cc1OC,,,
COc1cc2c(cc1OC)C(=O)C(=NCC1CCCN(CCc3ccc(F)cc3)C1)C2,6.374809265136719,5.101771831512451,5.738290548324585
Cc1c(C)c2ccc(OCc3cccc(C(F)(F)F)c3)cc2oc1=O,5.26776123046875,8.41046142578125,6.839111328125
CC(C)=CCN(C)C,4.927099227905273,1.4267678260803225,3.176933526992798
CCCCCOc1ccc2c(=O)c(-c3ccccc3)oc2c1,,,
O=C1c2ccccc2CCC1C=Cc1ccc2c(c1)OCO2,5.0742058753967285,6.804046154022217,5.939126014709473
COc1cc2c(cc1OC)C1=NOC(CN3CCN(CCCCCCCNCC(O)COc4ccc(O)c5oc(=O)ccc45)CC3)C1CO2,6.62669849395752,4.837108135223389,5.731903314590454
COc1cc2c(c3ccccc13)C(=O)NC2=O,6.760661602020264,5.955592632293701,6.358127117156982
CC(c1ccccc1)N1CCCC1=O,5.538536548614502,4.910047054290772,5.224291801452637
O=C1c2ccccc2OCCC1CCN(Cc1ccccc1)CC1CCCN=C1,6.051217079162598,4.063497543334961,5.057357311248779
CC=CCOCCN1CCSC1=O,5.49387788772583,6.314044952392578,5.903961420059204
Nc1onc(C=Cc2ccc(Cl)cc2)c1[N+](=O)[O-],5.981107711791992,4.93997049331665,5.460539102554321
CNC(=O)Oc1ccc2c(c1)C1(C)CCNC1N2,6.994754314422607,5.014077663421631,6.004415988922119
O=C1C(=O)c2ccc(OCCCCCCNc3c4c(nc5ccccc35)CCCC4)cc2O1,7.320016860961914,5.574135780334473,6.447076320648193
O=C(NN=Cc1ccc(O)c2ccccc12)c1ccccc1,4.892101764678955,5.517460823059082,5.2047812938690186
COc1ccc(C(=O)CCN2CCC(c3ccccc3OC)CC2)cc1,5.541769504547119,4.212179660797119,4.876974582672119
O=C1CCc2cc(NC3=CC4CCCCC4C3)ccc2N1,5.650897026062012,6.211418628692627,5.931157827377319
CC#CCNCc1cccc2ccccc12,3.710765838623047,5.273021221160889,4.491893529891968
CC(=O)c1cccc(OCCCCCCCNc2c3c(nc4ccccc24)CCCC3)c1,7.322721481323242,5.0784173011779785,6.20056939125061
Cc1ccc(Nc2nc3c(c(=O)n(C)c(=O)n3C)n2CCCOC(C)C)cc1,5.4684834480285645,5.43287467956543,5.450679063796997
Cc1c2c(n3c1CCCC3)CCCC2=O,6.513217926025391,4.558048725128174,5.535633325576782
O=C1CCc2cc(OCCCCCCNc3c4c(nc5ccccc35)CCCCC4)ccc2N1,7.450872898101807,5.349365711212158,6.400119304656982
CCc1cc(OCCCCCCNc2c3c(nc4ccccc24)CCCC3)ccc1OC,7.006185531616211,4.932114601135254,5.969150066375732
CN(C)CCCCCCCc1c2nc3ccccc3c(C(=O)c3ccccc3)c2o1,,,
CN=C1N=C(C2CCCCC2)C(c2ccccc2OC)C1C,6.985157012939453,6.100985527038574,6.543071269989014
O=C(CN1N=C(c2ccccc2)CC1c1ccccc1)c1cccs1,6.441640853881836,4.526596546173096,5.484118700027466
COc1ccccc1NC=C1CC(=O)Oc2cc(OCc3cccc(C(F)(F)F)c3)ccc21,5.88194465637207,6.204679489135742,6.043312072753906
O=C1c2ccccc2OC(=O)C1=Cc1ccc2c(c1)OCO2,6.197819232940674,6.018354892730713,6.108087062835693
NC1=c2sccc2=NC1=O,5.2200188636779785,3.6009926795959477,4.410505771636963
Cc1sc(C2CCCC2)nc1CCOc1ccc(CCC(=O)O)cc1,5.738935947418213,6.218368053436279,5.978652000427246
CCNCc1ccccc1OCC(=O)NCCC1CCN(Cc2ccccc2)CC1,6.014679908752441,3.4236044883728027,4.719142198562622
CC(=O)c1ccc2c(c1)N(CCC1CCN(Cc3ccccc3)CC1)CC2,7.422920227050781,3.9928035736083984,5.70786190032959
O=C(CCCCCCC1CCSC1)N1CCCCC1,6.73322057723999,4.726601600646973,5.7299110889434814
O=C1CCc2cc(OCCCCCNc3c4c(nc5ccccc35)CCCC4)cc3c2N1CCC3,7.640666007995605,5.149102687835693,6.394884347915649
O=C1c2ccccc2SC(=O)N1CCc1ccccc1,5.795626640319824,5.443526268005371,5.619576454162598
O=c1ccoc2ccc(OCc3ccc(F)cc3)cc12,4.365901470184326,7.64776611328125,6.006833791732788
COc1cc2oc(O)c(C=Cc3cccc(F)c3)c2cc1OC,5.628634452819824,5.924602508544922,5.776618480682373
Cc1cc(=O)oc2cc(OCCCCCCCNc3c4c(nc5ccccc35)CCCC4)ccc12,7.305811405181885,5.314699172973633,6.310255289077759
CCNCCc1ccc(OCC(=O)N2CCN(C)CC2)cc1,4.495495319366455,4.602919101715088,4.5492072105407715
CC1=C(C=CC2=[N+](C)c3ccccc3C2(C)C)CCC1,6.359757423400879,5.82727575302124,6.09351658821106
CCN(CC)Cc1ccc(OCc2ccc(Br)cc2)cc1,4.631385803222656,5.054034233093262,4.842710018157959
CCCCCCCCCOCCCCCCCCCCNCCCCCCCNCCC,4.77297306060791,5.592247009277344,5.182610034942627
CCOCC(=O)OC1(C(=O)CCl)C(C)CC2C3CC=C4CC(=O)C=CC4(C)C3(F)C(O)CC21C,5.457191467285156,8.07813549041748,6.767663478851318
CCCN(CCCCCCCCCCCCCCCN=C1CCC(=O)CC1)Cc1cccnc1,6.786418914794922,5.5004401206970215,6.143429517745972
COc1cc(=O)oc2c(OCCCCCCCNc3c4c(nc5ccccc35)CCCC4)cccc12,7.156454086303711,4.91408634185791,6.0352702140808105
CCc1c2c(nc3cc(C(F)(F)F)ccc13)-c1ccccc1C2=O,4.860898017883301,5.4646196365356445,5.162758827209473
O=C(CCl)Nc1ccc2c(c1)C(=O)c1ccccc1C2=O,4.906166076660156,6.462033271789551,5.6840996742248535
CNC(=O)C=Cc1ccc(OCc2ccc3ccccc3c2)c(Cl)c1,4.32835054397583,6.923403263092041,5.6258769035339355
COc1ccc2c(C)nc(NCc3ccc(Cl)cc3)nc2c1,5.360055446624756,5.7932891845703125,5.576672315597534
CCOC(=O)c1cccc(OCc2ccc3c(c2)OCO3)c1,4.5290703773498535,5.681072235107422,5.105071306228638
CC(C)=CC1=CC(COc2ccc(OCc3ccc(C)cc3)cc2)OC1=O,3.652663230895996,5.916828632354736,4.784745931625366
NC(=O)c1cc2cc(OCCCCCCOc3ccc(Cl)cc3)ccc2oc1=O,5.537319660186768,7.571107864379883,6.554213762283325
Cc1ccccc1NC(=O)Oc1ccc2c(c1)C1(C)CCOC1O2,6.729134559631348,5.040712833404541,5.884923696517944
CC(C)N(C)C(=O)c1cc2ccccc2oc1=O,5.650870323181152,5.196978092193604,5.423924207687378
Clc1ccc(CO=CCOCCCCCNc2c3c(nc4ccccc24)CCCC3)cc1,,,
CCCc1c2c(nc3cc(-c4ccccc4OC)oc13)CCCC2,5.239426612854004,4.182386875152588,4.710906744003296
c1coc(-c2ccc(CN3CCC4(CC3)OCc3c4no[n+]3-4)cc2)c1,,,
CN1CCc2cc3c(CC4CCCC4)nccc3cc2C1C,6.109201431274414,5.57014274597168,5.839672088623047
CC(=NNc1nc2ccccc2o1)c1cccc2ccoc12,6.132593154907227,4.660714149475098,5.396653652191162
O=C(NCc1ccccc1Br)c1cc2ccccc2oc1=O,6.159921646118164,5.074202537536621,5.617062091827393
COc1cc2c(C)cnc(N3CCCC3)c2cc1OC,5.6745147705078125,5.053050518035889,5.363782644271851
Oc1ccc2c(c1)C1CCCC1C(c3ccc(F)cc3)=NC12,,,
O=C(CCc1c[nH]c2ccccc12)NCCCCCCNc1c2c(nc3cc(Cl)ccc13)CCCC2,8.89520263671875,4.749786853790283,6.822494745254517
Oc1occ2ccc(OCCCCCN3CCC4CCCCC4C3)cc12,6.534008502960205,6.235881328582764,6.384944915771484
O=C(O)c1ccc(C=C2CCCC3(Cc4ccccc4C3=O)C2)cc1,5.335793495178223,5.822257041931152,5.5790252685546875
CN1CC(=Cc2cccc(C#N)c2)Oc2ccccc21,4.954669952392578,6.012717247009277,5.483693599700928
CC(C)=C(C)c1cccc2c(CCCOc3cccc(Cl)c3Cl)c(CC(=O)O)oc12,4.5781450271606445,5.1026482582092285,4.8403966426849365
O=c1oc2ccccc2cc1OCCCCCCCNc1c2c(nc3cc(Cl)ccc13)CCCC2,7.475406169891357,5.219682216644287,6.347544193267822
O=C1Cc2cc(OCc3ccc(Cl)cc3)ccc2OC1=O,4.145336627960205,7.939172267913818,6.042254447937012
Cc1cc2cc(C(=O)NCc3cccc(Cl)c3)c(=O)oc2cc1O,6.345111846923828,5.71602725982666,6.030569553375244
Cc1ccc(-c2cc3ccccc3oc2=O)cc1,4.940173625946045,6.544058322906494,5.7421159744262695
COc1cc2c(cc1OC)OC(=O)CC2=NOC1CCCC1,6.067614555358887,4.545587539672852,5.306601047515869
COc1cccc(OC)c1OCC(O)CN1CCN(CCc2ccccc2)CC1,4.604086399078369,4.06381368637085,4.333950042724609
CN=C(C)COc1cccc(C=CC(O)=NO)c1,3.296489715576172,6.222381591796875,4.759435653686523
2Oc1ccc(C2CC(c3c4ccccc4cc4ccccc34)=NN2)cc1,,,
CN(C)CCCOc1ccc(Cc2cc3cc(O)ccc3oc2=O)cc1,4.896759986877441,5.327140808105469,5.111950397491455
COc1cc2c(cc1[N+](=O)[O-])C(=O)c1ccccc1C2=O,5.546821594238281,6.0859150886535645,5.816368341445923
O=C1c2ccccc2NCCCCCCCNCCCCCCNc2c3c(nc4cc(Cl)ccc24)CCCC3)cc1O,,,
COc1cc2c(cc1OC)C(=O)C(CN(C)C)OC2,5.418935775756836,3.645310401916504,4.53212308883667
COc1nc(COc2ccc(Cl)cc2Cl)nc(N(C)C)n1,5.6396026611328125,7.395094871520996,6.517348766326904
CCCSc1cc2[nH]c(O)nc2cc1[N+](=O)[O-],5.309046268463135,5.817322731018066,5.563184499740601
O=C1Cc2ccc(Br)cc2OC1=O,4.201907634735107,6.059652328491211,5.130779981613159
CNC(=O)Cc1coc2cc(OCc3cccc(Br)c3)ccc12,5.417490005493164,6.845920562744141,6.131705284118652
O=C1CCc2cc(OCCCCCCNc3c4c(nc5ccccc35)CCCC4)ccc2N1,7.614392280578613,5.364870548248291,6.489631414413452
CCN=C1CC(CCOC)(c2cccc(Cl)c2)OC1=O,5.490175724029541,6.370533466339111,5.930354595184326
COc1cc2c(cc1O)CCSC2(C)CCC(=O)O,4.224546432495117,4.662024974822998,4.443285703659058
Cn1c(=O)c2c(nc(OCCCCCCCCCCCCCCCCNc3c4c(nc5ccccc35)CCCC4)n2C)n(C)c1=O,7.414905548095703,5.943054676055908,6.678980112075806
CC(=O)c1ccc(OCC2CCC3C(C#Cc4ccccc4)CNC3C2=O)cc1,5.350949764251709,6.212757110595703,5.781853437423706
C=C(OCCCCCCOc1ccc2c(=O)oc(-c3ccccc3O)oc2c1)C1CCCCC1,,,
CC(=O)c1cccc(NC(=O)CCc2c[nH]c3ccccc23)c1,5.556581497192383,5.666592121124268,5.611586809158325
CCC#CCOc1ccc(CC2NC3=O)cc1,,,
NCCOc1cncc(C=Cc2ccncc2)c1,3.2782769203186035,6.338212966918945,4.808244943618774
CCOc1ccc2c3c(oc2c1)C(C)CCC3,5.144683361053467,5.56044864654541,5.3525660037994385
O=C1c2ccccc2-c2nc3nnnn3nc21,4.122465133666992,3.952200412750244,4.037332773208618
O=c1ccoc2ccc(OCc3ccc(Cl)cc3)cc12,3.9864964485168457,7.444510459899902,5.715503454208374
CCOc1cc2cc(OCC)c3cccc(c3nc2cc1OC,,,
c1ccc2c(c1)oc1ccccc12,3.664549350738525,3.7693495750427246,3.716949462890625
C#CCCCCCCCCCCCCCNC1CCOC1,5.190300941467285,6.698499202728272,5.944400072097778
O=c1oc2ccccc2cc1COc1ccc2c(c1)OCO2,5.493941783905029,6.566862106323242,6.030401945114136
Cc1cc2no[n+](O)c2cc1OC=Cc1ccc(O)cc1,6.110836029052734,4.5096435546875,5.310239791870117
COc1cc2c(cc1[N+](=O)[O-])C(=O)C(=NCC(C)C)C2,4.955056190490723,5.753086566925049,5.354071378707886
Cn1cc(-c2cccc(C#N)c2)c2c(=O)nc3ccccc3c21,,,
COc1ccc2c(c1)C(=O)C(=O)N2CCc1ccccc1,5.432997226715088,5.987954616546631,5.710475921630859
CC(=O)C1CCC2C3CC=C4CC(=O)CCC4(C)C3CCC12C,4.636145114898682,7.624482154846191,6.1303136348724365
O=C1CCc2cc(OCCCCCCNc3c4c(nc5ccccc35)CCCC4)ccc2N1,7.614392280578613,5.364870548248291,6.489631414413452
O=C(C=Cc1ccccc1)OC1COC2C(OCc3ccccc3)COC12,4.335062980651856,5.7154059410095215,5.0252344608306885
Cc1ccccc1NC(=O)c1cc2cc([N+](=O)[O-])ccc2oc1=O,6.638697147369385,5.4513936042785645,6.045045375823975
CNC(=O)C=Cc1cccc(Cl)c1,3.999878883361816,6.639096736907959,5.319487810134888
Fc1ccc(OCC2CCN(Cc3ccccc3)CC2)cc1,5.8818039894104,4.340461254119873,5.111132621765137
O=c1sc2ccccc2c2n1-c1ccccc1[N+](=O)[O-],,,
C=C=Cc1cccc(OCCCCCCCCCCCCCCCCCCC)c1,4.085304260253906,6.761134624481201,5.423219442367554
COc1cccc(C(=O)OCOC(=O)c2ccccc2OC)c1,5.26227617263794,4.688519477844238,4.975397825241089
N#Cc1ccc(-c2ccc(OOC(=O)NC3CCCCC3)cc2)cc1,4.482071399688721,5.582583427429199,5.03232741355896
CC1=CC2Cc3nc4cc(Cl)ccc4c(NCCCCCCCCCNC(=O)c4coc5ccccc45)c3C(C1)C2,8.111063003540039,4.95380449295044,6.532433748245239
CC(=O)N1N=C(c2ccc(Oc3ccccc3)cc2)CC1c1ccccc1Cl,7.284883975982666,4.896788120269775,6.090836048126221
Cc1c(F)cccc1COc1ccc(C=CC[N+](=O)[O-])cc1,5.360889434814453,6.812673568725586,6.0867815017700195
Cc1cccc(COc2ccc(C=CC3C(=O)N(C)C(=O)OC3=O)cc2)c1,6.120299816131592,7.264848232269287,6.6925740242004395
CCOC(=O)C=CC1=Cc2cc(OC)c(OC)cc2OC1=O,5.892779350280762,5.180293560028076,5.536536455154419
Fc1ccc(-c2c[n+]3ccccc3s2)cc1,4.418152332305908,5.106955528259277,4.762553930282593
O=c1oc2ccccc2cc1-c1csc2ccccc12,4.954538345336914,5.145906925201416,5.050222635269165
Nc1ccc2c3c(cccc13)C(=O)N2CCc1ccccc1,5.463397979736328,5.38008975982666,5.421743869781494
CC1CCC(C)C2CCC(=O)CC2(C)C(=O)CCC12,,,
COC(=O)c1cccc2c1C(=O)c1ccccc1C2=O,4.862919330596924,5.602789402008057,5.23285436630249
COc1cc2c(cc1OC)C(=O)CN(CCCCCCCCCCCCCN)CC2,5.4723944664001465,5.48851490020752,5.480454683303833
C#CCCCCCNc1c2c(nc3cc(OC)c(OC)cc13)CCCC2,6.031643867492676,4.647232055664063,5.339437961578369
CC(=O)Nc1ccc(CCc2cc(F)cc3c2OCCC3=O)cc1,5.484529495239258,5.657117366790772,5.570823431015015
COc1cccc2c1N=C(N)N2C,4.920907974243164,3.443462610244751,4.1821852922439575
Cc1ccccc1COC(=O)C1=COCCO1,3.387333869934082,5.486096382141113,4.436715126037598
COc1cc2c(cc1OC)C(=O)C(Oc1ccc(Cl)cc1)C2,6.5685319900512695,5.1559157371521,5.862223863601685
CCCCCCCCCCCCCCOc1ccc2c(=O)c3ccccc3oc2c1,3.811413288116455,6.555973052978516,5.183693170547485
O=C1c2ccccc2-c2nnc(-c3cccc([N+](=O)[O-])c3)cc21,5.311034202575684,5.836515426635742,5.573774814605713
O=C1c2ccccc2-c2nnc(-c3ccc([N+](=O)[O-])cc3)cc21,5.403611660003662,5.912363052368164,5.657987356185913
NCC1CCN(c2ccc(OC(F)(F)F)c(C(=O)c3ccc(Cl)cc3)c2)C1,5.3631591796875,5.242751121520996,5.302955150604248
CCn1c2ccccc2c2ccc(OC)cc21,5.082040309906006,5.498821258544922,5.290430784225464
N#Cc1ccc(CN2CCC(Cc3c[nH]c4ccc(OCCCN5CCCCC5)cc34)CC2)cc1,6.422104358673096,4.630404949188232,5.526254653930664
O=C(CN1CCCC1)N1c2ccccc2Sc2ccccc21,4.170417308807373,3.910134315490722,4.040275812149048
C#CCCCCCCCCC[n+]1ccccc1,5.482102394104004,5.833710670471191,5.657906532287598
O=C1c2ccccc2-c2nnc(-c3cc(Cl)cc(Cl)c3)cc21,5.705403327941895,6.498127460479736,6.101765394210815
CC=CCN1CCC2(C)c3cc(O)ccc3CC1C2C,5.898562908172607,5.692391395568848,5.7954771518707275
CN=C1CCCOc2c1oc1ccc(Cl)cc21,4.891217708587647,4.938427925109863,4.914822816848755
CC[n+]1cccc2ccc(C=CC=Cc3c[n+]ccc(OC)c3)cc21,,,
Cc1cccc(COc2ccc3oc(N)cc(=O)c3c2)c1,4.824729442596436,6.229133129119873,5.526931285858154
O=C1c2ccccc2CCC1CCN1CCN(C2=NCCO2)CC1,6.4938154220581055,4.822444915771484,5.658130168914795
c1cc2c3c(cccc3c1)Nc1ccc2c(c1)CCO2,,,
Cc1ccc(C(=O)Nc2ccc(CCN3CCN(C)CC3)cc2)cc1,4.704615592956543,4.1138916015625,4.4092535972595215
O=c1ccoc2ccc3ccoc3cc2c1,3.3702635765075684,7.201174736022949,5.285719156265259
C#CCN(C)CCCCCCOc1ccc2c(=O)c4ccccc4oc2c1,3.817411422729492,6.631453514099121,5.224432468414307
O=C1CCc2ccc(OCCCCCCCNc3c4c(nc5ccccc35)CCCC4)cc2N1,7.62590217590332,5.44810152053833,6.537001848220825
C=CC1CCc2oc3cc(O)ccc3c(=O)c2C1,5.510704517364502,4.343027114868164,4.926865816116333
Cc1cc(CCCCCCCCCCCCCNCCCCCNCCCCCNc2c3c(nc4ccccc24)CCCC3)cc(C)c1,7.784529685974121,4.4591240882873535,6.121826887130737
c1ccc(CN=C2C3CCCC2CC3)o1,5.3956732749938965,5.524008750915527,5.459841012954712
CC#CCN(C)Cc1cc2ccccc2n1C,5.287430763244629,6.252068042755127,5.769749402999878
CC(=O)OC1CC2CCC(C1)C2C2(C)C(=O)CCCCCCCCCCC(=O)Nc1ccon1,,,
Cc1ccc2cc(C(=O)NC3CCCCC3)[nH]c2c1,6.132481098175049,4.804179668426514,5.468330383300781
O=C1C=C(c2ccccc2)C=CC1=CC=Cc1cc(Cl)ccc1O,4.072408199310303,7.013088226318359,5.542748212814331
O=C1c2ccccc2-c2nnc(-c3ccc([N+](=O)[O-])cc3)cc21,5.403611660003662,5.912355422973633,5.6579835414886475
O=C(OC1CCCC1)c1cc2ccccc2oc1=O,5.285801887512207,4.72391414642334,5.004858016967773
COc1cccc(C(C)NC(=O)c2cc3ccccc3oc2=O)c1,6.430548667907715,5.238075733184815,5.834312200546265
O=C1N=c2ncccc2=C1c1[nH]c2ccc(O)cc2c1O,6.382038593292236,5.011160850524902,5.696599721908569
O=C(NCC=CCN1CCCC1=O)c1ccc(Oc2ccc(Cl)cc2)cc1,6.5832061767578125,5.226393222808838,5.904799699783325
CCOC(=O)c1ccc2[nH]c3c(c2c1)CCNC3=O,6.198873996734619,4.998855113983154,5.598864555358887
CC(=O)Nc1ccc2c(c1)C(=O)c1ccccc1C2=O,5.0297040939331055,5.968940258026123,5.499322175979614
CN=C1CN(C)CC(=O)C2Oc3cc(OC)ccc3C2C1=O,5.356314182281494,5.760421276092529,5.558367729187012
Cc1ccc(C#Cc2cc[n+](CCCCCCCCCCCCNc3c4c(nc5ccccc35)CCCC4)cc2)cc1,7.44376277923584,4.991464138031006,6.217613458633423
COc1cc2c(cc1OC)CCCC2=O,6.141354084014893,4.785329818725586,5.463341951370239
CC(C)C1=NOC2CCCCC2C1=O,6.241246223449707,5.871561527252197,6.056403875350952
O=Br)NCc1ccc2occ(-c3ccc(Cl)cc3)c2c1,,,
CC(C=CC=C(C)C=Cc1ccccc1,,,
CC(=O)c1cc2c3cc(O)ccc3oc-2oc1=O,,,
CC(C)=C1C(=O)N(C)C(=O)N(C)c2ccc(CCCCC(=O)NCCCCCCCCCCNc3c4c(nc5ccccc35)CCCC4)cc21,7.8744916915893555,5.225322246551514,6.549906969070435
NC(=O)c1cc2c(Oc3cccc(Cl)c3)cncc2s1,6.57358455657959,4.823105812072754,5.698345184326172
C=C1C=C(N2CCOCC2)Cc2ccccc21,4.914342880249023,5.652751445770264,5.2835471630096436
CC(=NNc1nc(=O)c2ccccc2o1)c1ccccc1,5.858010768890381,5.245514869689941,5.551762819290161
O=C(O)c1ccccc1Oc1ccc(=O)oc1,7.42434024810791,5.547248840332031,6.485794544219971
C=C1CCCC2C(C)C(=CCC3CCC(C)(C)=CC3C)CCC12,,,
Nc1ccc2c(c1)c(-c1ccc3ccccc3c1)nn2CCNCCO,5.680463790893555,5.039368152618408,5.3599159717559814
CCCCCCNCc1cc2cc(OC)ccc2nc1O,4.511179447174072,4.840800285339356,4.675989866256714
CFc1ccc(-c2csc(NN=C3CCCC3)n2)cc1,,,
COc1ccc2c(c1)c1cc(I)ccc1n2C,5.600728511810303,7.26995849609375,6.435343503952026
CC(=O)c1ccc2c(c1)C(=O)c1ccc(CO)cc1C2=O,5.331070423126221,6.55871057510376,5.94489049911499
CC(C)=CCN(C)Cc1cc(OCc2ccccc2)ccc1OCCCCCCCCCN(C)C,5.373317718505859,4.62400484085083,4.998661279678345
O=C(O)c1coc2cc(OCc3cccc(F)c3)ccc2c1=O,5.178881168365479,6.946198463439941,6.06253981590271
O=C(CCl)c1ccc2c3c(cccc13)C(=O)O2,5.2848219871521,6.187968254089356,5.7363951206207275
CCc1ccc(N=Cc2ccc(O)c(O)c2)cc1,4.615439414978027,4.777075290679932,4.6962573528289795
O=c1ccoc2ccc(OCc3cccc(Cl)c3)cc12,3.992715835571289,7.384788513183594,5.688752174377441
COc1c2c(c(OC)c3ccoc3c1)OCO2,,,
O=C1c2cccnc2C(=O)N1Cc1ccc(Cl)cc1,5.130095481872559,5.145330905914307,5.137713193893433
COc1cc2c(cc1OC)C(=O)C(Cc1ccccc1)=NC2=O,6.168808460235596,5.722148418426514,5.945478439331055
O=C(C=Cc1ccc2c(c1)OCO2)NC1CCCCC1,3.9248218536376953,5.985183238983154,4.955002546310425
CNC(C)C(=O)c1ccc(Nc2cc(Cl)ccc2OC)cc1,5.157032489776611,4.488580226898193,4.822806358337402
O=C(c1ccc2ccccc2c1)C1CCN(Cc2cccc([N+](=O)[O-])c2)CC1,5.501759052276611,4.967498302459717,5.234628677368164
Cc1ccccc1NC(=O)Nc1ccc2c(c1)C(=O)c1sc(C)nc1C2,6.204165458679199,4.894505500793457,5.549335479736328
Cc1c2c(n3c4ccccc4c2cc1CCC3=O)CCCN1CCOCC1,6.846683979034424,4.5078206062316895,5.677252292633057
Cc1cccc(NC(=O)c2cccc(C=C3C(=O)ON=C3C)c2)c1,5.561776638031006,6.074790954589844,5.818283796310425
CCOC(=O)c1ccc2[nH]c3c(c2c1)CCCC3=O,5.399801254272461,4.798610210418701,5.099205732345581
O=C(c1ccco1)N1CCC2(CC1)OCCO2,5.585261821746826,4.923267841339111,5.254264831542969
O=C1c2ccccc2-c2nnc(-c3coc4ccccc4c3=O)cc21,5.500901699066162,5.181452751159668,5.341177225112915
O=C(NCC=CCN1CCN(c2cccc(Cl)c2Cl)CC1)c1cc2ccccc2oc1=O,6.298989772796631,5.116395473480225,5.707692623138428
CCC1CCCCN1CCCNC(=O)c1ccc(C)c2ccoc12,7.269069671630859,4.65236234664917,5.960716009140015
Cn1cccc1C=C1CCc2cccc3c2C1=O,,,
O=C1C=CC=CC1=Cc1c[nH]c2ccc(OCc3cccc(Cl)c3)cc12,4.081245422363281,7.627163887023926,5.8542046546936035
CN(C)c1cc2cc(Cc3ccccc3Cl)ccc2oc1=O,5.647418022155762,6.1035637855529785,5.87549090385437
CCc1c(C)c2ccc(OCCOC)cc2oc1=O,5.066119194030762,6.953011512756348,6.009565353393555
O=C(CCc1c[nH]c2ccccc12)NCCCCCCCCCNc1c2c(nc3ccccc13)CCCC2,8.280935287475586,4.70707368850708,6.494004487991333
Oc1occ2ccc(OCCCCCNc3c4c(nc5ccccc35)CCCC4)cc12,7.214750289916992,5.468381881713867,6.34156608581543
CC1=NOC2CCCCC2C1=CC=Cc1ccco1,5.11003303527832,6.632247447967529,5.871140241622925
Nc1cccc(CN2CCN(c3ccc(Cl)c(Cl)c3)CC2)c1,5.189526557922363,4.355768203735352,4.772647380828857
CCC(=O)c1ccc(CC2CCN(CC3CCOCC3)CC2)cc1,5.36767578125,3.783522129058838,4.575598955154419
NC(=O)CCC(=O)Nc1ccc2c(c1)C(=O)c1ccccc1C2=O,5.252547264099121,6.320743560791016,5.786645412445068
Cc1cc(=O)oc2cc(OCc3cccc(Cl)c3)ccc12,4.205096244812012,7.781097412109375,5.993096828460693
Cc1coc2cc3oc(=O)c(CCCCCCNc4c5c(nc6ccccc46)CCCC5)coc3cc12,7.332433700561523,5.15256929397583,6.242501497268677
CCCCCCCCCNC(=O)Nc1cc(C)ccc1OC,5.588383197784424,4.891643524169922,5.240013360977173
O=c1ccoc2ccc(OCc3cccc(Cl)c3)cc12,3.992715835571289,7.384788513183594,5.688752174377441
O=C(C=CC=CCC=CC=Cc1cc(O)ccc1O)NCO,4.067038536071777,6.6002960205078125,5.333667278289795
COc1ccc2ccc(S(=O)(=O)NC3CCC(C(=O)NCCc4ccccc4)CC3)cc2c1,4.883379459381104,4.2504072189331055,4.5668933391571045
c1coc(C23CC4CC(C2)C3)N=CC1CCCCCCCO1,,,
C#CCN(C)C1CCc2c(O)cccc21,3.37791109085083,6.7995429039001465,5.088726997375488
CC(=O)c1cc2ccccc2oc1=NO,5.474844455718994,4.682448387145996,5.078646421432495
CC(=O)c1cccc(OC(=O)c2ccccc2O)c1,6.617365837097168,5.476436138153076,6.046900987625122
CCCCNC1CCc2c(O)cccc2C1,4.818424701690674,3.967893600463867,4.3931591510772705
COc1cccc2cc(C(=O)C=Cc3ccc(Cl)cc3)oc12,5.351612091064453,6.124699592590332,5.738155841827393
CN1CCC2(C)c3cc(OC(=O)Nc4ccccc4)ccc3N(C)C12,6.602835655212402,5.068114757537842,5.835475206375122
CNc1oc(-c2cccc3c2OC(=O)C3)cc1C#N,7.476210117340088,4.04616641998291,5.761188268661499
CC(C)CCNC1=CC=C2C=CC=CC=CC2=N1,4.523085594177246,4.95197343826294,4.737529516220093
O=C(C=CCCCCCCCCCCCCCC[n+]1ccccc1)OCc1ccccc1,5.428711891174316,5.089999198913574,5.259355545043945
N#Cc1c2c(c(OCc3ccc(Cl)cc3)n3c1nc1ccccc13)CCC2,4.873711585998535,5.172250270843506,5.0229809284210205
Cc1ccc2c(c1)CC(CCN(C)C)O2,4.559738159179688,4.165101528167725,4.362419843673706
CCOc1ccc2c(=O)c3ccccc3oc2c1O,5.890285491943359,4.213727951049805,5.052006721496582
O=C1c2ccccc2S(=O)(=O)c2cccc3cccnc23)=N1,,,
CC(=O)N1N=C(c2ccc(OCCOCCCCN3CCCCC3)cc2OCC1c1ccc(Cl)cc1,,,
O=C1Oc2ccccc2C=C1OCCCCCCCCN1CCCC1,5.85675859451294,5.748233318328857,5.802495956420898
CC(C)=CC1=C(C)C(C)(O)CCC1=O,5.753196239471436,5.357583999633789,5.555390119552612
COc1cc2cc(C(=O)CCCCCCCCC(=O)Nc3cccc4ccccc34)oc2cc1OC,6.437350749969482,5.457818984985352,5.947584867477417
CN1C(=O)C(=Cc2ccc3ccccc3[n+]2C)C=CC1=O,4.598056793212891,6.479145050048828,5.538600921630859
O=C1c2ccccc2-c2nnc(-c3ccc([N+](=O)[O-])cc3)cc21,5.403611660003662,5.912363052368164,5.657987356185913
O=C(CCl)Nc1ccc2c(c1)C(=O)c1ccccc1C2=O,4.906166076660156,6.462038993835449,5.684102535247803
C#CCN(C)Cc1cc2cc(OCCC3CCN(Cc4ccccc4)CC3)ccc2n1C,6.383633136749268,5.55838680267334,5.971009969711304
O=C1CCc2ccc(OCCCCCNc3c4c(nc5ccccc35)CCCC4)cc2N1,7.586210250854492,5.279542446136475,6.432876348495483
O=c1ccoc2ccc(OCCCC3CCN(Cc4ccccc4)CC3)cc12,6.19700813293457,5.0142693519592285,5.605638742446899
COCCOc1cc2c3c(cccc3c1)C(=NO)CC2,3.8424668312072754,6.50091552734375,5.171691179275513
CC(C)=CC1=Cc2c(C)cccc2OC1=O,4.193236827850342,6.054088592529297,5.123662710189819
COC(=O)COc1ccc2ccc(=O)oc2c1,4.710124969482422,6.3027520179748535,5.506438493728638
O=C(COc1ccccc1Br)Nc1ccccc1,5.0783538818359375,5.091558456420898,5.084956169128418
Cc1c(C)c2ccc(OCc3ccc(Cl)cc3)cc2oc1=O,4.621744155883789,8.812590599060059,6.717167377471924
Cc1nc(C#Cc2ccccc2)sc1-c1csc(N)n1,4.681656360626221,6.5858259201049805,5.633741140365601
CC(C)C1CCC(CC=CCC(=O)c2ccccc2)CC1,5.460617065429688,3.3141064643859863,4.387361764907837
N#Cc1cccc(C(=O)N2c3ccccc3Sc3ccccc32)c1,4.428542137145996,4.169314861297607,4.298928499221802
CC1CCCN1CCCOc1ccc2oc3ccccc3c(=O)c2c1,5.933236122131348,5.398292064666748,5.665764093399048
c1ccc(C2COC(NS(=O)(=O)c3ccccc3)CO2)cc1,4.885488033294678,4.419682502746582,4.65258526802063
Cc1ccc2c(c1)N(CCCCCCCCCCCN(C)CCCCCN(C)C)CCC2,6.28472375869751,4.379517555236816,5.332120656967163
CCOC(=O)c1cccc(C=C2CCCN=C2c2ccccc2Cl)c1,4.819490909576416,5.102136135101318,4.960813522338867
COc1cc2c(cc1OC)C(=O)C(Oc1ccc(C)c(C)c1)C2=O,7.415707111358643,5.561117649078369,6.488412380218506
O=C1C=CC(=CNNC=C2C=CC(c3ccccc3)N(Cc3ccccc3)C2=O)CO1,4.037896156311035,4.889721870422363,4.463809013366699
CC#CCN1CCC2C(=O)C(CCCCCCNc3c4c(nc5ccccc35)CCCC4)COC1=O,,,
CCCOc1ccc(C(=O)CCN2CCCC2=O)cc1,6.412665367126465,6.211081504821777,6.311873435974121
O=C(Cc1cccc2ccccc12)N1OCCOCC1,4.978177547454834,4.804352283477783,4.891264915466309
O=C(C=CC=CC1=CC=CC1=[N+](Cc2ccccc2)C(O)c2ccccc21)Nc1ccccc1,,,
N#Cc1cn(C2CCOCC2)c2ncnc(NCCCCCCCCCNc3c4c(nc5ccccc35)CCCC4)c12,7.339895248413086,5.11583948135376,6.227867364883423
Cc1cc2cc(C#Cc3ccccc3)c(C)cc2oc1=O,4.2154693603515625,7.14399528503418,5.679732322692871
Nc1ccc(C=C2C=Cc3ccccc32)cc1,4.5139360427856445,6.348949432373047,5.431442737579346
CC1=CCC2CN(C)CCCCCCCNC(=O)CCCCCCNc3c4c(nc5cc(Cl)ccc35)CCCC4)C12,,,
Clc1ccc2c(c1)c1c3n2CCCCC3,,,
CC(=O)C1(O)CCC2C3CCC4CC(Br)C=CC4C3CCC21C,5.178712368011475,7.732876777648926,6.4557945728302
CCCCc1oc2ccccc2c1C(=O)c1cc(C)c(OC)c(OC)c1,5.0894269943237305,4.7107014656066895,4.90006422996521
NC1=O)C2CCCCC2C1=NN=C1C2CCCCC2,,,
CCc1cccc(CC=Cc2ccc3ccc(C#N)cc3[n+]2C)c1,5.546355724334717,5.828210353851318,5.687283039093018
COc1cc(=O)oc2cc(OCCCCCCCNc3c4c(nc5ccccc35)CCCC4)ccc12,7.302338123321533,5.242465972900391,6.272402048110962
C#CCN(C)Cc1cc2ccccc2n1C,4.767838001251221,6.863555908203125,5.815696954727173
O=C(c1ccccc1)C1CCN(Cc2ccccc2)CC1,5.720558166503906,2.9913084506988525,4.355933308601379
COc1cc2c(cc1OC)C(=O)C(=O)C2CC(=O)OCC(C)C,5.436701774597168,4.728611469268799,5.082656621932983
CC(C)c1cccc2c1C(=O)C2=NNC1C2CCC(OCc3ccc(Cl)cc3)CC1CO,,,
Nc1ccc(-c2csc3c(C=Cc4ccccc4)noc23)cc1,5.9382500648498535,5.259862422943115,5.599056243896484
COc1cccc(C=CC=Cc2c[nH]c3cccc(Br)c23)[n+]1C,5.3988118171691895,6.065862655639648,5.732337236404419
CC(C)=CCCOc1ccc(CC=CC=CC(=O)CC(O)CC(O)CC(=O)O)cc1,2.915799617767334,5.106167316436768,4.010983467102051
O=C1Nc2ccccc2C1=Nc1ccc(Cl)cc1,4.581061840057373,5.057274341583252,4.8191680908203125
O=C1CC(=O)c2coc3cccc(Br)c3c2C1=O,,,
Cc1cc2c(s1)Oc1cc(OCCCCCCCCCCCCCNCCCCCNosc4ccc(O)cc4C)ccc1C2=O,,,
Cc1ccccc1NC(=O)C=Cc1ccc2c(c1)OCO2,5.5759758949279785,5.839565753936768,5.707770824432373
COc1c(C)c2c(c(O)c1CCC2=O)OC1CCCC1,5.644660949707031,4.162986755371094,4.9038238525390625
CC(=NNc1nc2cc(O)ccc2o1)c1cc2ccccc2oc1=O,6.727485656738281,4.545330047607422,5.636407852172852
Cc1ccc2oc(=O)c(-c3ccccc3)cc2c1,4.843947887420654,6.5365729331970215,5.690260410308838
CNC(=O)C=Cc1cnc(N)c2c(-c3ccc4c(c3)OCO4)csc12,6.441901206970215,4.705104351043701,5.573502779006958
Cc1oc2cc(OCCCCCN3CCC(Cc4ccccc4)CC3)ccc2c1C,5.917132377624512,5.106720447540283,5.5119264125823975
Cc1ccc(C(=O)Oc2ccc3c(C)cccc3c2)cc1,4.573257923126221,6.227495670318604,5.400376796722412
CNC(=O)c1ccc(Oc2cc(CCCCCCCCNc3c4c(nc5ccccc35)CCCC4)ccn2)cc1,8.425073623657227,5.104012966156006,6.764543294906616
O=C1CCc2ccc(OCCCCCCNc3c4c(nc5ccccc35)CCCC4)cc2N1,7.6467509269714355,5.350149154663086,6.498450040817261
Clc1ccc2c(C3=CCNCC3)c[nH]c2c1,5.442159175872803,6.299971580505371,5.871065378189087
NCCC1CCN(Cc2ccc3c(c2)OCO3)CC1,5.842354774475098,4.256749629974365,5.0495522022247314
CC1=CCC2C1C(=O)OC(C)(C)C21,,,
COc1cc2c(cc1OC)C(=O)C(=O)OC2,5.387639999389648,4.954334735870361,5.170987367630005
COC1=CC=CC=C2CC(=O)CCC2=C1OC(=O)c1ccccc1,3.796099424362183,5.659245014190674,4.727672219276428
COc1cc2c(cc1OC)C(=O)C(C)C2,7.520417213439941,4.710775375366211,6.115596294403076
CC1CCCN1CCc1cc2cc(OCc3ccc(Br)cc3)ccc2o1,5.0471625328063965,6.371575355529785,5.709368944168091
O=C1CCc2ccc(OCc3cc(Cl)cc(Cl)c3)cc2C1=O,4.667886257171631,7.83356761932373,6.250726938247681
C#CCN(C)Cc1cc2cc(OCc3ccccc3)ccc2n1C,4.428907871246338,7.657023429870605,6.042965650558472
CC1=CC2Cc3nc4cc(Cl)ccc4c(NCCCCCCCNC(=O)c4ccoc4C)c3C(C1)C2,8.297133445739746,4.964966297149658,6.631049871444702
O=C1c2ccccc2-c2nnc(-c3ccc(Cl)cc3)cc21,5.43563985824585,6.277105331420898,5.856372594833374
O=C1CCc2cc(OCCCCCCCCNc3c4c(nc5ccccc35)CCCC4)ccc2N1,7.547012805938721,5.56168270111084,6.55434775352478
c1ccc2oc(-c3ccc(N4CCCCC4)cc3)nc2c1,4.816747188568115,5.4326043128967285,5.124675750732422
Cc1ccccc1-c1c2cc([N+](=O)[O-])ccc2c2nc3ccccc3nc21,,,
Cc1ccccc1NC(=O)Oc1ccc2c(c1)C1(C)CCOC1O2,6.729134559631348,5.040712833404541,5.884923696517944
Cc1ccccc1COc1coc2cc(=O)c(OCCCCC3CCN(C)CC3)coc2c1=O,,,
O=C1NCCc2cc(OCCCCCOc3cccc4cccnc34)ccc21,6.08181619644165,6.640765190124512,6.361290693283081
CCCOc1ccc(C=C2C(=O)ON=C2C)cc1,5.236982822418213,7.308321952819824,6.2726523876190186
COC(CCCCNc1c2c(nc3ccccc13)CCCC2)CCC=CC2=O,,,
CC(=O)NC1=C(C)OC(=C=CC=Cc2ccccc2)C1=O,4.889316558837891,6.143603801727295,5.516460180282593
COc1cc(=O)oc2cc(OCc3cccc(Cl)c3)ccc12,4.760384559631348,7.15194845199585,5.956166505813599
O=C1C=CC(=C=CC=Cc2ccc(OCCCCc3nc(CO)cs3)cc2)C=C1,4.696460723876953,6.828496932983398,5.762478828430176
Cc1ccccc1OCCCCCCN1CCCC1,5.873878002166748,4.691805839538574,5.282841920852661
O=S(=O)(NCCCN1CCCCC1)c1ccc(Cl)c(Cl)c1,5.666704654693604,4.278032302856445,4.972368478775024
COc1cc2c(cc1O)CCCC2=NO,3.139781951904297,4.744874000549316,3.9423279762268066
C=Cc1coc2c([N+](=O)[O-])cccc2c1=O,5.556685924530029,5.690008640289307,5.623347282409668
COc1ccc2c3c1OC1CC(O)C=CC31CCC2,4.578548908233643,6.187087059020996,5.382817983627319
Cc1cc2cc(C(=O)CCc3ccccc3)ccc2o1,5.23887300491333,5.445114135742188,5.341993570327759
CCN=C1CCc2c1n(C)c1ccc(OC(=O)NC)cc21,6.40372371673584,4.546249866485596,5.474986791610718
CN(C)CCCCOC1CC2C(C1)OC(=O)C2=O,3.9566335678100586,4.996493339538574,4.476563453674316
Nc1ncc(C=CC2CCCN=C2c2ccccc2)nc1,5.056176662445068,5.28201150894165,5.169094085693359
c1ccc(CC2=CCN(CC3CC3)CC2)cc1,6.039355754852295,2.3793208599090576,4.209338307380676
CC(O)C1CCc2ccccc2C1=O,4.760226249694824,5.0092620849609375,4.884744167327881
Cn1c(=O)c2c(nc3occc32)n(C)c1=O,,,
CC(c1ccccc1)N1CCC2(CC1)OC(=O)c1cccc(=O)o1,,,
CN(C)COc1cccc2oc3ccccc3c(=O)c12,5.13076639175415,3.87788987159729,4.50432813167572
COc1cccc(CNCCCCCCOCCOCCOCCOCCOCc2c[nH]c3ccccc23)c1,4.611209869384766,6.206935405731201,5.409072637557983
COc1cc2oc(=O)c3c(ccc(OC)c3OC)c2cc1OC,6.260698318481445,4.272032737731934,5.2663655281066895
O=c1ccsc1NCc1ccccc1,,,
NCCCOc1ccc2c(c1)C1OCCCC1C2=O,4.370083808898926,6.718760967254639,5.544422388076782
CC(=O)N1CCC(c2coc3ccc(Cc4cc5c(C)cccc5oc4=O)cc23)CC1,5.896631240844727,5.941717147827148,5.9191741943359375
N#Cc1ccc(C2=NC(C3CC3)CO2)cc1C#CCN1CCCC1,6.025483131408691,5.785112380981445,5.905297756195068
COc1ccc(C(=O)C=Cc2ccc3c(c2)OCO3)cc1OC,5.797667980194092,5.025771141052246,5.411719560623169
Cc1ccc(CCCN2CCN(CCc3ccc(O)c4ncccc34)CC2)cc1,5.322248935699463,4.372498512268066,4.847373723983765
O=C1C(=O)c2ccccc2Oc2ccc(O)cc21,5.607239723205566,3.98233413696289,4.7947869300842285
O=C1c2ccccc2-c2nnc(-c3cccc([N+](=O)[O-])c3)cc21,5.311034202575684,5.836466312408447,5.573750257492065
CCOC(=O)c1ccc2[nH]c3c(c2c1)CCNC3=O,6.198873996734619,4.998855113983154,5.598864555358887
Cc1cccc(C2CC(c3c4ccccc4cc4ccccc34)=NN2)c1,6.703186511993408,7.963233947753906,7.333210229873657
COc1cc(C=CCC2CCN(C)C)ccc1O,,,
Cc1ccccc1C=CC=CCNC1=[N+](C)Oc2ccccc21,5.4969096183776855,4.929037094116211,5.212973356246948
Cn1ccc2cc(OCCCCCCN3CCCCC3)ccc21,6.3225297927856445,5.509743690490723,5.916136741638184
COc1cc(C=CC=C(C#N)c2cccc([N+](=O)[O-])c2)cc(I)c1O,5.76613712310791,5.651175498962402,5.708656311035156
Cc1c2cc(-c3ccsc3)oc2c(C)c2cocc12,5.358450889587402,5.603766918182373,5.481108903884888
O=C1CCc2cc(OCCCCCNc3c4c(nc5cc(Cl)ccc35)CCCC4)ccc2N1,8.013492584228516,5.388576030731201,6.701034307479858
COc1ccc(C(=O)C=Cc2ccc3c(c2)OCO3)c(OC)c1,5.980251789093018,5.219720363616943,5.5999860763549805
O=C(Oc1ccc2c(c1)OCCC2=O)c1ccccc1,6.496243953704834,5.715065002441406,6.10565447807312
O=C(O)c1ccc(COc2ccc3c(c2)OC(=O)C3=CC(=O)C=Cc2ccc3c(c2)OCO3)cc1,5.121217250823975,6.844370365142822,5.982793807983398
COc1cc2c(c(OC)c1OC)C1=CC=C(C)CC21,5.167351245880127,5.05503511428833,5.1111931800842285
O=C1Nc2ccccc2C1=NN=Cc1ccc(O)cc1,5.685657024383545,4.0881829261779785,4.886919975280762
CC(C)c1onc(C=CC=Cc2ccccc2)c1[N+](=O)[O-],6.028014183044434,5.627681732177734,5.827847957611084
O=C1c2ccccc2-c2nnc(-c3ccccc3)cc21,4.993725776672363,5.196288108825684,5.095006942749023
O=C1CCc2ccc(OCCCCCCNc3c4c(nc5ccccc35)CCCC4)cc21,7.711835861206055,5.352924823760986,6.5323803424835205
CN1CCCC1CC(=O)Nc1ccc(Cc2cscn2)cc1,5.032012462615967,4.9970383644104,5.014525413513184
CCOC(=O)c1cc2c(o1)c1ccccc1c2=O,5.391831874847412,4.762599945068359,5.077215909957886
Nc1ccc2c(c1)C(=O)C(=O)c1ccccc1C2=O,5.302910804748535,5.555530071258545,5.42922043800354
c1ccc2c(COc3cc(-c4ccco4)nc(NCCCCCCCCCN4CCOCC4)n3)coc2c1,5.891986846923828,5.93097734451294,5.911482095718384
CCC1=CC2CC1(C)C(=O)C2=O,5.2311859130859375,7.861978054046631,6.546581983566284
COC(=O)c1cc2c3cccc(C)c3oc2oc1=O,5.627942562103272,4.6446309089660645,5.136286735534668
CC(C)Oc1ccc(C=C2CCCN=C2c2ccccc2)cc1,5.587686061859131,4.034712791442871,4.811199426651001
NCCOc1cncc(C=Cc2ccncc2)c1,3.2782745361328125,6.338212966918945,4.808243751525879
COc1ccc2cc(C=CC3COc4ccccc4C3=O)ccc2c1,5.446966171264648,7.089349746704102,6.268157958984375
CCOC(=O)c1coc2cc(OCCCCCCNc3c4c(nc5ccccc35)CCCC4)ccc12,6.857018947601318,5.162745475769043,6.009882211685181
O=C1Oc2ccc(OCCCCCCCCNc3c4c(nc5ccccc35)CCCC4)cc2C2CCOC12,6.639634132385254,5.951564788818359,6.295599460601807
CC(C)=NNc1nc(-c2ccc3ccccc3c2)cs1,5.585898399353027,5.323319911956787,5.454609155654907
Cc1cccc(NCc2ccc3c(c2)OCO3)c1,4.605448722839356,5.036116600036621,4.820782661437988
O=C(C=CC=Cc1ccccc1)c1ccc2c(c1)OCCO2,4.74252986907959,6.51231575012207,5.62742280960083
O=C(NCC=CCN1CCN(c2cccc(Cl)c2Cl)CC1)c1ccccc1Cl,5.501565933227539,4.583100318908691,5.042333126068115
Cc1cc2cc(COC(=O)c3ccccc3)c(O)cc2oc1=O,5.346354007720947,5.90126895904541,5.623811483383179
O=c1ccoc2cc(OCc3cccc(Cl)c3)ccc12,3.996037006378174,7.221095561981201,5.6085662841796875
NCc1c(O)nc(O)c2c(O)cccc12,4.49268102645874,4.165921688079834,4.329301357269287
Cc1ccc(C2CC=CCCC2=O)cc1,4.104722023010254,5.481675624847412,4.793198823928833
COc1cccc(CC2CNCC2CCN(Cc2ccccc2)C2)c1,,,
CCCc1c(-c2ccccc2)nc2ccccc2c1O,4.645524501800537,4.241159915924072,4.443342208862305
O=C1CCc2ccc(OCCCCCCNc3c4c(nc5cc(Cl)ccc35)CCCC4)cc2N1,8.071630477905273,5.465448379516602,6.7685394287109375
Cc1c2c3c(c4cc(OCCCn5cccc45)ccc3n1)CCCC3,,,
Cc1cccc2c1OP(=O)(Oc1ccccc1)OC2,7.306091785430908,3.444333553314209,5.375212669372559
CN(C)c1ccccc1C=CC=CC=CC=CC=Cc1ccccc1,3.8984766006469727,6.68202018737793,5.290248394012451
Fc1cccc(COc2ccc(C(=CCCN3CCCCC3)c3cccnc3)cc2)c1,5.105414390563965,5.120041847229004,5.112728118896484
Oc1oc2ccccc2c2ccc(C=Cc3ccccc3)nc12,,,
O=c1ccoc2ccc(OCCCCCNc3c4c(nc5ccccc35)CCCC4)cc12,6.851408004760742,4.945126056671143,5.898267030715942
CCCCCCCCOc1ccc2[nH]c3c(c2c1)CCCC3,5.210268020629883,6.029849052429199,5.620058536529541
O=c1ccoc2ccc(OCc3cccc(Br)c3)cc12,3.962345600128174,7.523700714111328,5.743023157119751
Cc1cc2occc2c(=O)c1OCCCCCCCC[n+]1ccc(C)cc1,,,
O=C1C=CC2=CCC(Cc3noc4cc(F)ccc34)CC2=O1,,,
O=C(C=Cc1cccc([N+](=O)[O-])c1)NCc1ccoc1,4.21717643737793,5.085592269897461,4.651384353637695
Cc1ccc(CCCCCCNc2c3c(nc4ccccc24)CCCC3)cc1,7.3354105949401855,4.08842658996582,5.711918592453003
O=c1ccoc2ccc(OCc3ccsc3)cc12,4.64495325088501,7.335691452026367,5.9903223514556885
CC1CCCC=CCC=CCC=CCC=CCCCC(=O)OCC(O)CO)C(=O)O1,,,
N=C(NN=C(CCC(=O)O)CO)c1cc(Cl)ccc1O,5.087246894836426,5.164868354797363,5.1260576248168945
O=C1c2ccccc2-c2onc3cc([N+](=O)[O-])ccc21,,,
COc1cc2c(cc1OC)C1CCC=C21,5.077877998352051,6.277624130249023,5.677751064300537
CC(C)c1cccc(C=Cc2cncc(C3CCCCO3)n2)c1,4.63441276550293,5.604141712188721,5.119277238845825
O=C1c2ccccc2-c2nnc3cccc(Cl)c3c21,5.016625881195068,4.75050687789917,4.883566379547119
CN(C)CCOc1ccc(NC(=O)C=Cc2ccc(C(=O)O)cc2)cc1,4.660091876983643,5.5177998542785645,5.0889458656311035
CN(C)CCCOc1ccc2c(c1)OC(=O)C1CCCC=C21,5.119842052459717,5.717597961425781,5.418720006942749
COc1ccc(-c2cc3c(=O)n(C)c(=O)n(C)c3s2)cc1,6.055253028869629,5.392159938812256,5.723706483840942
C=C1CCc2c1oc1cc(OCCC3CCN(C)CC3)ccc21,6.692654609680176,5.522215366363525,6.107434988021851
Cc1cc2cc(C(=O)C3CCCN(C4CCCCC4)C3)c(O)cc2o1,6.105962753295898,5.10230016708374,5.604131460189819
O=C1CCc2cc(OCCCCCNc3c4c(nc5ccccc35)CCCC4)ccc21,7.772086143493652,5.224125385284424,6.498105764389038
CC(=O)N1N=C(c2cc3ccccc3oc2=O)CC1c1cccc(Cl)c1,7.007420063018799,6.649771213531494,6.8285956382751465
C#CCNC1CCc2cccc(O)c21,3.7456812858581534,6.373085021972656,5.059383153915405
CCCC(=O)Nc1cc(=O)oc2ccc(OCc3cccc(OC)c3)cc12,5.223730564117432,6.157988548278809,5.69085955619812
COc1cccc2c1OC(=O)C2=NNc1cccc2ccccc12,5.895966053009033,5.171660900115967,5.5338134765625
CN(CCCCCCCCCNc1c2c(nc3cc(Cl)ccc13)CCCC2)CCCCCC2CCCC1NC(=O)c1ccc(Cl)cc1,,,
COc1cc2cc(OCCCCCCCCNc3c4c(nc5ccccc35)CCCC4)c(=O)oc2cc1OC,7.339912414550781,5.394662857055664,6.367287635803223
COC(=O)c1cc2cc(Br)ccc2oc1=O,4.713823318481445,5.6539506912231445,5.183887004852295
CCN=CC1NN=C(c2cc3ccccc3oc2=O)CC1C,6.731413841247559,6.161787986755371,6.446600914001465
Cn1c(=O)c2c(nc(Nc3ccc(F)cc3)n2C)n(C)c1=O,5.718461513519287,4.982745170593262,5.350603342056274
COc1cc2c(cc1OC)C(=O)CC(C3CCCC3)O2,6.400148868560791,5.732012271881104,6.066080570220947
Cc1ccc(CN=CC2C3CCC(OC(=O)c4ccccc4)C3CCC2=O)cc1,4.396582126617432,4.749502658843994,4.573042392730713
C#CCN(C)Cc1cc2ccc(OCc3ccccc3)cc2n1C,4.484634399414063,7.529648780822754,6.007141590118408
CCOc1ccc(CC2=NC(C)C(C)CC2=O)cc1OCCCCCCCOc1ccc(F)cc1,6.020593166351318,6.434425354003906,6.227509260177612
Fc1ccc(Cc2cc(OCCCN3CCCCC3)no2)cc1,6.637330055236816,5.33568286895752,5.986506462097168
COc1ccc(C=C2CCn3c2nc2ccccc2c3=O)cc1,5.104414463043213,6.141987323760986,5.6232008934021
O=c1ccoc2ccc(OCc3cccc(Cl)c3)cc12,3.992715835571289,7.384793281555176,5.688754558563232
CCN(CC)C(=O)CCCCCCCN=C(C)C,5.700453758239746,5.637137413024902,5.668795585632324
Cc1cccc(COc2ccc(C3=NC(CCCCCN4CCCCC4)CO3)cc2)c1,5.911036491394043,5.369213581085205,5.640125036239624
O=C(CCC1CCN(Cc2cccc(Cl)c2)CC1)c1cc2c3c(c1)-c1ccccc1CC3,,,
N#Cc1ccc2oc3cc(O)ccc3c(=O)c2c1,4.753085136413574,4.87204122543335,4.812563180923462
c1ccc(COc2ccc(OCCN3CCCCC3)cc2)cc1,4.728028297424316,5.289984703063965,5.009006500244141
O=C1NC(=O)C(=Cc2ccc(OCCCCCNc3c4c(nc5ccccc35)CCCC4)cc2)O1,6.845088958740234,5.744323253631592,6.294706106185913
Cc1cc2cc(OCc3cccc(Cl)c3)ccc2oc1=O,4.2399444580078125,8.368611335754395,6.3042778968811035
CN(C)c1ccc(C=C2C=CC(=[N+](C)C)C=C2)cc1,4.997994899749756,5.375160217285156,5.186577558517456
CCN(C)C1CCN(CC=C2CCN(Cc3ccccc3)CC2)CC1,5.660576343536377,3.064584732055664,4.3625805377960205
CC(C)C1=NOC(COCc2ccccc2)C2CCCCC2C1=CC=C1CCCCC1,5.571149349212647,5.397121906280518,5.484135627746582
Cc1ccc(C=CC(=O)CC(=O)C23OC(C)(C)OC3C2O)o1,6.373687744140625,6.634283065795898,6.503985404968262
N=c1scc(-c2cccc(OCCCCCNc3c4c(nc5ccccc35)CCCC4)c2)n1,,,
Nc1ccc(-c2oc3cc(O)ccc3c(=O)c2cc1C(=O)c1ccccc1,,,
Nc1ccc2c(c1)CCCC2=CCCCCCNc1c2c(nc3ccccc13)CCCC2,7.5443878173828125,4.324665069580078,5.934526443481445
Cc1cc2occ(CC(C)C)c2cc1C=CC=NNC(=O)C=CCN(C)C,4.939181804656982,4.39952564239502,4.669353723526001
O=C1C=CC(=O)c2cc(OCc3cccc(F)c3)ccc21,5.0199809074401855,8.06891918182373,6.544450044631958
O=C(CCl)N=c1sc2ccccc2n1CCCO,5.232787609100342,6.156259536743164,5.694523572921753
CN(C)C(=O)Oc1ccc2c(c1)C1CCCCC1C(=NOCCN3CCCCC3)C1O2,,,
O=C(NCc1ccc(C(=O)C2CCCCC2)cc1)ON=C1CCCCC1,5.250022411346436,5.002236366271973,5.126129388809204
c1cc[n+](CCCCCCCCCCCCC[n+]2cccc3ccccc32)cc1,7.30977201461792,4.4888596534729,5.89931583404541
CCCc1c2c(nc3cc(OCCCCCCCNc4c5c(nc6ccccc46)CCCC5)c(O)nc13)OCO2,7.361960411071777,5.064053535461426,6.213006973266602
Nc1ccc2c3c(cccc13)C(=O)c1ccccc1C2=O,5.018487930297852,5.417839527130127,5.218163728713989
CC(C)=CC1=C(CCCCCCCCCCCCCN(C)C(=O)c2ccc(O)c(O)c2)oc1=O,5.888396263122559,5.721319675445557,5.804857969284058
COc1cccc(C=CC=CC(=O)c2ccc(O)c(OC)c2)c1,5.041087627410889,5.423408508300781,5.232248067855835
CC(C)=CCc1c(O)ccc2oc(=O)c(CCCC(C)=CCCN3CCc4ccccc4C3)cc12,5.783210754394531,5.300459861755371,5.541835308074951
COc1ccc2c(=O)c(-c3ccccc3)coc2c1,5.250600814819336,5.713226318359375,5.4819135665893555
CN1CCC1=CC=CC=Cc1ccc2c(c1)OCO2,4.961574077606201,6.616446495056152,5.789010286331177
CC1=CC(C)(C)Nc2ccc(CSCCCCCCNc3c4c(nc5ccccc35)CCCC4)cc21,7.729465484619141,4.38158130645752,6.05552339553833
CCCCCCNC(C)COc1ccccc1CC,5.077686786651611,5.407129764556885,5.242408275604248
O=C1NC(=O)C(c2c[nH]c3ccccc23)=C1c1ccccc1,4.288988590240479,5.66856575012207,4.978777170181274
Cc1c(C#N)c2ccccc2n1CCN=Cc1cccc(O)c1,5.238593578338623,5.998879909515381,5.618736743927002
OCCCCCCCCCCCNc1c2c(nc3ccccc13)CCCC2,6.757230758666992,5.111293792724609,5.934262275695801
O=[N+]([O-])c1ccc(C2CCC3CCCCC3O2)cc1,4.682136058807373,6.74924898147583,5.715692520141602
N#CCCN=C1CCc2c(OCc3ccccc3)c3cccc(Cl)c3nc2C1,5.6298651695251465,5.407774925231934,5.51882004737854
O=Cc1c(-c2ccccc2)oc2ccccc12,4.65928840637207,4.516359329223633,4.587823867797852
CC(=O)c1cc2ccc(OC(=O)NCCC3CCN(Cc4ccccc4)CC3)cc2oc1=O,8.33187484741211,4.589862823486328,6.460868835449219
COc1c(C)c2c(=O)oc3ccccc3c2c1C,,,
O=C1NC(=O)N(CCCCCCCCOc2ccc(CCCC3CCN(Cc4ccccc4)CC3)cc2)C1=O,7.021014213562012,5.532838821411133,6.276926517486572
O=c1ccoc2ccc(OCCCCCCNc3c4c(nc5ccccc35)CCCC4)cc12,6.876397132873535,5.100113391876221,5.988255262374878
CCNC(=O)c1ccc2cc(OCCCCCCCCNc3c4c(nc5ccccc35)CCCC4)ccc2c1,7.828932762145996,5.130482196807861,6.479707479476929
O=c1ccoc2cc(OCCCCCCCNc3c4c(nc5ccccc35)CCCC4)ccc12,6.940246105194092,5.193836212158203,6.0670411586761475
O=C1c2ccccc2-c2nc3nnnn3nc21,4.122465133666992,3.952200412750244,4.037332773208618
Cc1sc2ncnc(NCCc3cccs3)c2c1C,5.386739253997803,7.118756294250488,6.2527477741241455
Cc1ccc(Nc2nc(-c3ccccc3)nnc2C)cc1,5.715057849884033,4.460531711578369,5.087794780731201
N#Cc1ccc(-c2ccc(OCCCCN3CCCCC3)cc2)cc1C#N,4.784675121307373,5.923855781555176,5.354265451431274
COc1ccc(OC)c(C2CC(=O)c3ccccc3O2)c1,6.558695316314697,5.38144063949585,5.970067977905273
O=C1C=CC=CC1=C1CCC2CCC(=C(Cl)CCC3C4CC=CC4CCC31)O2,3.713788747787476,6.839547157287598,5.276667952537537
COc1cc2c(cc1OC)C(=O)C(Oc1ccc(C(=O)CCCN(C)C)cc1)C2,6.172438144683838,4.591633796691895,5.382035970687866
CCCCCCCCCCCC#Cc1ccc(OCCCCCCCCNc2c3c(nc4ccccc24)CCCC3)cc1,5.829015731811523,5.856452941894531,5.842734336853027
CC(=NNc1nc(-c2ccccc2)cs1)c1ccncc1,4.960142135620117,5.674883842468262,5.3175129890441895
Cc1cccc(NC(=O)#CCN2CCOCC2)c1,,,
O=C1N=c2ccc(Br)cc2=C1c1sccc1O,6.161240577697754,5.39305591583252,5.777148246765137
COc1cc2cccc(OCc3cccc(Br)c3)c2oc1=O,4.938283920288086,7.058380126953125,5.9983320236206055
O=C(C=Cc1ccccc1)CC1CCCCC1,4.375929355621338,4.504931449890137,4.440430402755737
COc1cc2c(Oc3ccc(Cl)cc3)ncnc2cc1OCCCN1CCCCC1,5.551203727722168,5.732810974121094,5.642007350921631
Cc1ccc2c(c1)C(=O)c1cc(=O)n3ccccc3nc21,,,
Cc1ccc2c(c1)SC(=O)N2CCCCCl,5.377889633178711,6.499505996704102,5.938697814941406
Cc1oc2cc3oc(=O)oc3cc2c1C(=O)c1ccccc1,5.910360336303711,4.104259967803955,5.007310152053833
O=C1CCc2ccc(OCCCCCCNc3c4c(nc5ccccc35)CCCC4)cc2N1,7.6467509269714355,5.350108623504639,6.498429775238037
CN=C1C(=O)CC(=O)C1Oc1cccc(Br)c1,5.196978092193604,5.635015487670898,5.415996789932251
CC1=CC=CC2Cc3nc4cc(F)ccc4c(N)c3C(C1)C2,6.237874507904053,4.642589569091797,5.440232038497925
COc1cc2c(cc1OC)C(=O)C(CC1CCN(Cc3ccccc3)CC1)C2,7.634812831878662,4.137217998504639,5.88601541519165
CC1CCc2oc3cc(O)ccc3c2C1,5.558687210083008,3.937112331390381,4.747899770736694
CC(=NNc1nc(-c2ccc(F)cc2)cs1)c1ccccc1,5.66182279586792,6.049778461456299,5.855800628662109
O=C1c2ccccc2-c2n[nH]c3cccc1c23,4.932783126831055,5.525638580322266,5.22921085357666
COc1cc2c(cc1OC)CC(C[N+](C)=O)CC2,5.09952449798584,3.699009418487549,4.399266958236694
Cc1c(C)c2ccc(OCC(O)CN3CCCC3)cc2oc1=O,5.492908477783203,5.366491317749023,5.429699897766113
CNC(=O)Oc1ccc2c(c1)C1OC(C)(C)OC1C2=O,8.95807933807373,5.06705379486084,7.012566566467285
CC(C)=S(O)(O)=Nc1cccc(C(=O)Oc2cccc(Cl)c2)c1,6.946061134338379,5.123358726501465,6.034709930419922
CC(CO)COc1ccc2c(c1)C1CCCCC1C(=O)C2,4.941322326660156,6.6539082527160645,5.79761528968811
CNCC(=O)NCc1cccc(C2=C(c3ccco3)CCCC2)c1,5.23643970489502,4.548024654388428,4.892232179641724
CCc1cc2c(cc1OC)C(=O)C(Oc1cccc(C(F)(F)F)c1)C2,6.226319313049316,5.910699367523193,6.068509340286255
NC(=O)C1CCC2C3CC=C4CC(=O)C=CC4(C)C3CCC12C,4.179409980773926,8.01952075958252,6.099465370178223
c1ccc2c(NCCCCCCCCCCNc3c4c(nc5ccccc35)CCCC4)c3c(nc2c1)CCCC3,8.49662971496582,4.196081161499023,6.346355438232422
CCn1nnc2c3ccccc3c(=O)c3ccccc3cc21,,,
C#CCN(C)Cc1cc2cc(OCCC3CCN(Cc4ccccc4)CC3)ccc2n1C,6.383633136749268,5.55838680267334,5.971009969711304
CN(C)C(=O)Oc1ccc2c(c1)C1CCCCC1C(=NOCCCCCCN)O2,4.962507724761963,5.604728221893311,5.283617973327637
COc1cccc(COc2ccc(C3=NN(CCCCCCN4CCCCC4)C(=O)CC3)cc2)c1,6.573192119598389,5.720392227172852,6.14679217338562
O=C1Nc2ccc(OC=C3CCCCC3)cc2C1=O,4.6790032386779785,6.54503059387207,5.612016916275024
C[N+](C)(C)CCCCCCCCCCNCCCCCCCNc1c2c(nc3ccccc13)CCCC2,6.9141340255737305,3.9296133518218994,5.421873688697815
Cc1ccc(C(=O)c2c3c(n(C)c2O)CCCC3)cc1,5.580353736877441,5.019532680511475,5.299943208694458
COc1ccc2c(c1)C(=CC=C1CC(C)N(OC)C1=O)CCC2,5.072620391845703,5.790032863616943,5.431326627731323
COc1cc(=O)oc2cc(OCc3cccc(C(F)(F)F)c3)ccc12,5.4005866050720215,6.913231372833252,6.156908988952637
COc1cc2c(cc1OC)C(=O)C1CCCCC1C2=O,6.361523628234863,5.796235084533691,6.078879356384277
O=C1Cc2c(cccc2S(=O)(=O)c2ccc(CCCNc3c4c(nc5ccccc35)CCCC4)cc2)O1,6.232330799102783,4.609701633453369,5.421016216278076
CCCOC1=C2CCC1C2CCC2=NN(CCCCCCCCCN(C)CCCCN(C)C(=O)CCCCCN=C(C)C)C2=O,7.2653374671936035,5.650364875793457,6.45785117149353
Cc1cccc(NCCCCCCCCNCCCCCCCCNCCCCNCCCCNCc2cccc(O)c2)c1,6.4070820808410645,3.667766571044922,5.037424325942993
CC(=O)NCCCCCCCCNc1c2c(nc3ccccc13)CCCC2,7.874859809875488,4.424482822418213,6.149671316146851
Fc1ccc(-c2coc3ncnc(NC4CCCCC4)c23)cc1,5.290760517120361,6.6395111083984375,5.965135812759399
c1ccc(CN2CCCC(CCC3CCC(CNc4nc5ccccc5s4)C3)C2)cc1,6.789813041687012,3.3471567630767822,5.068484902381897
CC(O)C1CC(=O)Oc2cc(OCc3cccc(Cl)c3)ccc21,4.686601161956787,6.722142219543457,5.704371690750122
O=C1C=Cc2cc(OCc3ccc(F)cc3)ccc2O1,4.291344165802002,7.97603178024292,6.133687973022461
COc1ccc(-c2ccc(=O)n(CCc3ccccc3)n2)cc1,4.839117527008057,5.171988487243652,5.0055530071258545
O=C(OC1C[N+]2(Cc3ccccc3)CCC1CCO2)C1CCCC1,5.678553104400635,4.3636884689331055,5.02112078666687
C#CCNCc1ccc2cc(OCCCCCCCCCCCCCCCCCCCCCNc3c4c(nc5ccccc35)CCCC4)ccc2n1,6.541743755340576,5.979645252227783,6.26069450378418
CCC1CCCC(C[N+](C)(C)CC)=C1,6.176156997680664,2.712942361831665,4.4445496797561646
O=C1CCc2ccc(OCCCCCCCNc3c4c(nc5ccccc35)CCCC4)cc2N1,7.62590217590332,5.44810152053833,6.537001848220825
Nc1c(C(=O)c2ccc3c(=O)n(CCCCCNc4c5c(nc6ncccc46)CCCC5)oc3c2)c(=O)[nH]c2ccccc12,7.946876525878906,4.172120571136475,6.05949854850769
Cc1ccc(CNc2c3c(nc4ccccc24)CCCC3)cc1,5.984801292419434,3.7616734504699703,4.873237371444702
Cc1cccc(-c2c3c(=O)n(C)c(=O)n(C)c3c3n2C)c1,,,
O=C(CCCOc1ccc2cc(C(=O)N3CCCCC3)c(=O)oc2c1)N1CCCC1,6.717309951782227,4.887646675109863,5.802478313446045
COc1cc2c(cc1OC)CC1CCCN1C2=O,5.754580020904541,4.79633903503418,5.27545952796936
O=C1c2ccccc2-c2nnc(-c3ccccc3)cc21,4.993725776672363,5.196288108825684,5.095006942749023
N#CCC1Oc2ccccc2N(Cc2ccccc2)C1=O,5.801443576812744,4.339513778686523,5.070478677749634
COc1cc2c(cc1OC)C(=O)c1cc(F)ccc1O2,6.020596504211426,4.96776008605957,5.494178295135498
CC(=O)N1CCC(CCCCCNC(=O)CCCCCC(=O)NC2CCCCC2)CC1,6.097233772277832,4.546391010284424,5.321812391281128
COc1ccc(C2CC(=O)c3ccccc3O2)cc1C=CC=CC=CC=CC=CC=CC=CC(=O)OCCO)N1CCOCC1,,,
c1ccc(CSc2ccc(-c3ccccc3)nn2)cc1,4.144814968109131,4.392364025115967,4.268589496612549
N#CCCCN1N=C2CCCCC2C1=O,7.299368858337402,5.414320468902588,6.356844663619995
COc1cc2c(cc1OC)CCCC2NCCCCCCCNCCCCCCNC1CCCc2ccccc21,5.554768562316895,4.389077663421631,4.971923112869263
O=C(c1ccccc1OCCCCCCCOc1cccc(Cl)c1)N1CCCC1,5.641453266143799,5.6181159019470215,5.62978458404541
c1ccc2c(c1)OCCO2=CC1CCCN1C2,,,
Cc1cc2[nH]c3c(c2cc1O)CCCC3,6.633145332336426,5.578291893005371,6.105718612670898
O=C(c1ccc2ccccc2c1)c1cc2ccccc2o1,4.607012271881104,4.965828895568848,4.786420583724976
CCOc1ccc2c3c([nH]c2c1)CCCC3,5.719011306762695,5.118729114532471,5.418870210647583
COc1ccc(N=C2CCC(=CCc3ccc(O)c(OC)c3)C2=O)cc1,5.915835380554199,5.002396583557129,5.459115982055664
O=C1NC(=O)C(=Cc2ccc(OC(=O)c3ccccc3F)cc2)S1,5.6728129386901855,5.611255645751953,5.642034292221069
N#Cc1ccc(-c2cc3cc(OCCCCC4CCN(Cc5ccc(Cl)cc5)CC4)ccc3o2)cc1,5.482551574707031,5.428480625152588,5.45551609992981
O=C(C=Cc1cccs1)Nc1nc2ccccc2nc1Cc1ccc(OCCCCN2CCOCC2)cc1,5.388180255889893,5.378765106201172,5.383472681045532
O=C(c1ccc(F)cc1)c1ccc2c(c1)OCCO2,4.688132762908936,5.3913164138793945,5.039724588394165
CCCCOCCOc1ccc(-c2cc3cc(O)ccc3oc2=O)cc1,4.666369915008545,6.764603137969971,5.715486526489258
C=C1C(=O)Oc2cc(OCCCCCCCCCCCCCCC)ccc21,4.383820533752441,7.577872276306152,5.980846405029297
CC1=CC=CC2C1=CC(C)CC2=O,3.920368194580078,6.772826671600342,5.34659743309021
NCCCCCCCCCCCN=C1CC(=O)C(=O)C1,4.579226493835449,6.813393592834473,5.696310043334961
O=C(C=Cc1ccccc1O)Nc1cccc(C(=O)O)c1,5.216375827789307,6.428843975067139,5.822609901428223
CCOC(=O)C1CCCC(=NNc2cccc(Cl)c2)C1,5.545666217803955,4.585489273071289,5.065577745437622
CNC(=O)Oc1ccc2c(c1)C1(C)CCOC1N2C,7.339248657226562,5.773969650268555,6.556609153747559
O=C(CCc1c[nH]c2ccccc12)NC1CCCCC1,4.823622703552246,4.6070404052734375,4.715331554412842
O=C(CCCl)NC(=O)c1ccc2c(c1)OCCO2,5.879725456237793,5.538071155548096,5.708898305892944
CCCCc1c2c(nn3cc(-c4ccc(OCCCCCCCNc5c4)cnc3nc2ccccc23)nn1C,,,
CNC(=O)Oc1cccc(CN(C)CCCOc2ccccc2)c1,8.346670150756836,5.005223751068115,6.675946950912476
C=CCOC(=O)c1ccc(-c2ccc(OCC3CCN(Cc4ccccc4)CC3)cc2)o1,5.926876544952393,4.73716926574707,5.3320229053497314
Cc1ccc(OCc2nc3ccccc3o2)cc1,4.989777565002441,5.5858154296875,5.287796497344971
Clc1ccc(C2CC(c3c4ccccc4cc4ccccc34)=NN2)cc1,6.776525020599365,8.193714141845703,7.485119581222534
c1ccc(-c2cn3cc(COCCCCCCCNc4c5c(nc6ccccc46)CCCC5)cnc3n2)cc1,6.958817958831787,5.040816307067871,5.999817132949829
CC(=O)c1ccc(N=Cc2cc3c(cc2O)OCO3)cc1,5.655007362365723,5.179068088531494,5.417037725448608
O=C1Cc2cccc(OCc3ccc(Cl)cc3)c2O1,4.372345924377441,6.794460296630859,5.58340311050415
CC(=O)c1ccc(OCCCCCCCCNc2c3c(nc4cc(Cl)ccc24)CCCC3)cc1,7.546415328979492,5.393970012664795,6.4701926708221436
CNC(=O)Oc1ccc2c(c1)OC(=O)C1CCCC=C21,7.833427429199219,5.378336429595947,6.605881929397583
C#CCN(C)Cc1ccccc1OCCCCCCCCCNc1c2c(nc3cc(CCCCC)ccc13)CCCC2,5.921011924743652,5.447485446929932,5.684248685836792
CN1CCCC(=Cc2coc3cc(O)ccc3c2=O)C1,4.703417778015137,5.018312454223633,4.860865116119385
O=C(O)c1cc2ccccc2oc1=O,6.631350994110107,5.508520603179932,6.0699357986450195
CC(=O)OC1COC2CCCCCCCCCCC(CO)OC(=O)CCCCCCCC(=O)Nc3c4c(nc5ccccc35)CCCC4)O12,,,
O=C(CCc1c[nH]c2ccccc12)NCc1cccc(Cl)c1,4.701578617095947,5.367068290710449,5.034323453903198
Cc1c2c(n3c1CCCC3)CCCC2=O,6.513217926025391,4.558048725128174,5.535633325576782
NCCCOc1cc2c(cc1OC)CCC2,3.7413501739501953,4.799443244934082,4.270396709442139
CN(C)c1ccc(C=CC=Cc2cccc[n+]2C)cc1,4.597201824188232,5.428805828094482,5.013003826141357
O=C1c2ccccc2C(=O)N1CCCCCCCNc1c2c(nc3ccccc13)CCCC2,8.081077575683594,4.836082458496094,6.458580017089844
C=CCNC(=O)OC(C)C1CCC2C3CC(O)C4OC4(C)C3(F)CO21,,,
CCCCCCNCCCCCCCCCCNc1c2c(nc3ccccc13)CCCC2,6.77756929397583,4.594122409820557,5.685845851898193
N#Cc1ccc(CCCCON=C(CCC(=O)O)c2ccccc2)cc1,4.651366233825684,6.007070064544678,5.329218149185181
CCN(CCCCCCN=C1CC(=O)C(=NCCCCCCN(CC)Cc2ccccc2OC)CC1=O)Cc1ccccc1OC,7.722121238708496,4.836684226989746,6.279402732849121
Clc1ccc2c(c1)OCCC2c1nc2ccccc2s1,5.476364135742188,5.704226493835449,5.590295314788818
CN(C)c1cccc(C=C2CCC3(Cc4ccccc4C2=O)=CC=C3)c1,,,
O=C(CCc1c[nH]c2ccccc12)c1cc2ccccc2oc1=O,5.965021133422852,5.566993713378906,5.766007423400879
O=C1C=CC(=CNNc2ccc(Cl)cc2Cl)C=C1O,4.290700435638428,6.046175003051758,5.168437719345093
CC(C)=CCOC(=O)CCc1ccccc1,4.712123870849609,5.101545333862305,4.906834602355957
NC(=O)c1cc(-c2csc(N=CC3CCN(Cc4ccccc4)CC3)n2)co1,6.282716751098633,5.841578483581543,6.062147617340088
COc1cc2c(cc1OC)C(=O)C(C)N2,6.484727382659912,4.61379337310791,5.549260377883911
CC1=CC(=CC=CC2Cc3cc(O)ccc3O2)C=CC1=O,4.307897090911865,6.029491901397705,5.168694496154785
Cc1cc2c(C(=O)OCC3CCCO3)coc2cc1OC(=O)c1cccc(O)c1,5.5757246017456055,4.7474751472473145,5.16159987449646
O=c1ccoc2ccc(OCCCCCCCNc3c4c(nc5ccccc35)CCCC4)cc12,6.858541488647461,5.236917495727539,6.0477294921875
Cc1c2c(nn1CCC(=O)NN=CC1CCCCC1)CCC2,6.224517345428467,4.480957984924316,5.352737665176392
CC=CCOc1ccc2c(c1)N=C(c1ccc(Cl)cc1)CS2,5.693182945251465,6.490494251251221,6.091838598251343
c1ccc(C2=CC3NCCC3CNC2)cc1,4.002060413360596,4.300989151000977,4.151524782180786
O=c1ccoc2ccc(OCCCCCCc3cccc4ccccc34)cc12,4.09821891784668,6.329608917236328,5.213913917541504
CCOC(=O)Oc1c2oc(=O)ccc2c2ccccc12,,,
CCOc1cc2oc(=O)ccc2cc1OC,5.941160678863525,4.905369281768799,5.423264980316162
Cc1c(C)c2ccc(OCc3cccc(C(F)(F)F)c3)cc2oc1=O,5.26776123046875,8.41046142578125,6.839111328125
Cc1cc2c(s1)c1cnn(CCC3CCN(Cc4coc5ccccc45)CC3)c1n2C,7.499353885650635,4.623978137969971,6.061666011810303
CCCC(c1ccc2c(c1)OCO2)=NN(C)C,5.171779632568359,4.7966179847717285,4.984198808670044
Cc1noc(NS(=O)(=O)c2ccc(C=Cc3cccc(C(F)(F)F)c3)o2)c1C,6.548137187957764,5.76389741897583,6.156017303466797
CCOc1cc2oc(=O)ccc2cc1CCCCCCCCCCCCCCCCCCCCNCCCCCNc1c2c(nc3cc(OC)ccc13)CCCC2,7.339015960693359,5.697548866271973,6.518282413482666
Cc1ccccc1C1=CC(CN2CCCCC2=O)ON(C)C1,5.255366325378418,5.091454982757568,5.173410654067993
COCC(=O)Nc1cc2c(C)cc(OC)cc2cc1Cl,4.848341941833496,5.547881603240967,5.1981117725372314
O=C1c2ccccc2CCC1C=CC=Nc1ccc2ncccc2c1,4.594910144805908,6.258472442626953,5.426691293716431
c1ccc(-c2csc(NN=C3CCCCC3)n2)cc1,5.214654445648193,6.236650943756104,5.725652694702148
O=C1c2ccccc2-c2nnc(-c3ccc(Cl)cc3)cc21,5.43563985824585,6.277105331420898,5.856372594833374
CC=CCn1cc(C(=O)NCc2cccc(CC)c2)c2nc(CC)ccc21,6.709231853485107,4.160751819610596,5.434991836547852
Cc1cc2c(o1)CC(C)(C)c1c3c(on1)CCCC32,4.5059099197387695,6.463775157928467,5.484842538833618
OCc1cc(C2CC2)nc2ccc(OCCC3CCCC3)cc12,6.302200794219971,6.011791229248047,6.156996011734009
COc1cc2c(cc1OC)C(=O)C(Br)C2=O,8.91688346862793,4.718018531799316,6.817451000213623
O=C1CCCCC1=Cc1ccc2c(c1)OCO2,4.776270866394043,6.229243278503418,5.5027570724487305
O=C(c1cc2ccccc2oc1=O)N1c2ccccc2CCc2ccccc21,4.728816986083984,4.853480815887451,4.791148900985718
O=C1CC(=O)C(=O)C1=Nc1cccc(Br)c1,5.398396015167236,5.08673906326294,5.242567539215088
O=C1NC(=O)C2=C1c1c[nH]c3ccccc13,,,
CCn1c(=O)c2c(nc(C=Cc3cccc(O)c3O)n2C)n(CCCOC)c1=O,6.389372825622559,5.31034517288208,5.849858999252319
C=C1CCc2c1oc1cc(OCc3cc(Cl)ccc3)ccc21,4.886192321777344,7.295866966247559,6.091029644012451
Cc1cc2sc(NCCCCCCNc3c4c(nc5ccccc35)CCCC4)nc2cc1C,8.572195053100586,4.759594440460205,6.6658947467803955
CC1=CC=CC1=Nc1cc(C)ccc1OCCCCCCCNc1c2c(nc3cc(Cl)ccc13)CCCC2,7.799402236938477,5.180339336395264,6.48987078666687
CC1=NN(c2ccc(C(=O)O)cc2Cl)C(O)C1,6.281874656677246,4.370940685272217,5.3264076709747314
Cc1ccc(CCCCCCCCCCNc2c3c(nc4cc(Cl)ccc24)CCCC3)cc1,7.690679550170898,4.730042934417725,6.2103612422943115
O=C(C=Cc1ccccc1Cl)N=c1[nH]c2ccccc2c(=O)s1,5.55700159072876,6.163459777832031,5.8602306842803955
N#Cc1ccc(COC(=O)COc2ccc(Cl)cc2)cc1,3.997636079788208,7.121252536773682,5.559444308280945
COC(=O)c1ccc2c(c1)N=C(C)C(CCC(=O)NCc1ccccc1)CS2,5.090005874633789,4.657558917999268,4.873782396316528
Brc1ccc2c(c1)ncc1nncn12,4.644102096557617,5.46195650100708,5.053029298782349
CC(C)C1=NOC2CC3CCC4CC(=O)CCC4C3C1=O,,,
CC(C)C(=O)OC1CC(C)Oc2ccccc2C1=O,6.674105644226074,4.41374397277832,5.543924808502197
CCCCOc1ccc2cc(C(=O)OCC(=O)Nc3ccccc3)c(=O)oc2c1,5.644223213195801,6.231181144714356,5.937702178955078
CNC(=O)c1cccc(Oc2cc(C3(C)CC3CO)n[nH]2)c1,7.210240364074707,5.221663951873779,6.215952157974243
Cc1ccc2cc(C#N)c(NC3CCCCC3)nc2c1,5.838132858276367,5.561538219451904,5.699835538864136
Cc1cc2ccc(OCCCCCCCCNc3c4c(nc5ccccc35)CCCC4)cc2o1,7.357686996459961,5.341324806213379,6.34950590133667
O=C1c2ccccc2-c2nnc(-c3ccc([N+](=O)[O-])cc3)cc21,5.403611660003662,5.912363052368164,5.657987356185913
Cc1ccc2cc(C#N)c(NCCCCCCCCNc3c4c(nc5ccccc35)CCCC4)nc2c1,8.324491500854492,4.8635101318359375,6.594000816345215
CN(CC=CCC1CCCCC1)CCCCNc1c2c(nc3ccccc13)CCCC2,7.350390434265137,3.7741503715515137,5.562270402908325
Nc1ccc2c(c1)S(=O)(=O)c1ccccc1O2,6.448390483856201,4.2972412109375,5.372815847396851
COc1cc2c(cc1OC)C1=NOC(COc3ccc(C)c(Cl)c3)C1C2,6.904254913330078,5.935488700866699,6.419871807098389
c1ccc2c(c1)oc1ccccc12,3.664549350738525,3.7693495750427246,3.716949462890625
C#CCN(C)Cc1cc2cc(OCCCC3CCN(Cc4ccccc4)CC3)ccc2n1C,6.455060958862305,5.637757778167725,6.046409368515015
C=CCc1cccc(OCc2ccc(OC)c(C(C)=O)c2)c1,5.346733570098877,5.899901390075684,5.62331748008728
O=C1c2ccccc2-c2nc3nnnn3nc21,4.122465133666992,3.952200412750244,4.037332773208618
Nc1ccc(C#Cc2ccc(C3=NCCN3)cc2)cc1,5.83659553527832,5.578924179077148,5.707759857177734
O=C1C(=CC=Cc2ccco2)COc2ccccc21,4.988755226135254,6.55147647857666,5.770115852355957
c1coc(CNc2c3c(nc4ccccc24)CCCC3)c1,5.8265533447265625,4.000438690185547,4.913496017456055
N#CCCCCCCCCNc1c2c(nc3ccccc13)CCCC2,7.070281028747559,4.578491687774658,5.824386358261108
O=C(NC1CCC2CCCCC21)c1ccc2ccoc2c1,5.161653995513916,5.735076904296875,5.4483654499053955
COCc1cc(OC)ccc1OCCCCCNCCCCCCCNCCOCc1ccccc1OC,5.224704742431641,5.0240912437438965,5.1243979930877686
c1ccc(CNc2cc(-c3ccc4c(c3)OCCO4)ncn2)cc1,4.464787006378174,5.527990341186523,4.996388673782349
COc1ccc(OC)c(C(=O)NCc2cc3ccccc3oc2=O)c1,7.1662278175354,4.987531661987305,6.0768797397613525
CCN1CC=C(c2c[nH]c3ccc(C#N)cc23)CC1,5.604890823364258,5.714792251586914,5.659841537475586
O=C1c2ccccc2C(=O)C1=Nc1ccccc1O,6.112531661987305,4.016451358795166,5.064491510391235
O=C(C=Cc1ccccc1)c1cc2cc(O)ccc2oc1=O,5.849628925323486,6.348308086395264,6.098968505859375
CCOc1ccc2cc(-c3ccncc3)ccc2c1,4.41141414642334,6.74809455871582,5.57975435256958
COc1cccc(C=C2SC(=O)N(CCCC(=O)O)C2=O)c1,5.501936912536621,5.4791693687438965,5.490553140640259
Cc1c2c3c(sc(=O)oc3c1)C1CCCCC31,,,
O=C1c2ccccc2-c2nnc(-c3ccccc3)cc21,4.993725776672363,5.196288108825684,5.095006942749023
Nc1nccc2c1[nH]c1ccccc12,4.964932441711426,3.999131202697754,4.48203182220459
COc1cc(C=C2COc3ccccc3C2=O)cc(OC)c1OC,5.821262359619141,5.160637855529785,5.490950107574463
COC(=O)Cc1csc2cc(OCc3cccc(C)c3)ccc12,4.110670566558838,6.780402183532715,5.445536375045776
CCCOc1ccc(OCc2ccc(C(=O)N3CCCC3)o2)cc1,5.572995185852051,6.082762241363525,5.827878713607788
O=C1c2ccccc2C(=O)C1=Nc1ccc(F)cc1F,5.386724472045898,4.743396282196045,5.065060377120972
COc1ccc(CC(=O)NCC2CCCCC2C)cc1,4.808876514434815,3.399026870727539,4.103951692581177
Cc1cccc(-c2c3c(=O)n(C)c(=O)n(C)c3cn2C)c1,5.792763710021973,5.728426456451416,5.760595083236694
O=C(Nc1ccccc1Cl)ON=CC1CCCCC1,5.482278347015381,4.964570045471191,5.223424196243286
COc1cccc2c1ON(CCCCN1CCN(C)CC1)C2=O,6.413447380065918,4.215685844421387,5.314566612243652
Nc1nc(C=CC=Cc2ccccc2)nc(COc2ccccc2)n1,4.984882831573486,5.916378974914551,5.4506309032440186
CC1=NC2C(O)C(=O)CCC2CN1CCCC(CO)C1,,,
c1ccc(Cn2c3ccc(OCCCCCCN4CCCCC4)cc3n3c4ccccc4cc32)cc1,6.170438766479492,4.668857097625732,5.419647932052612
COc1cc2c(cc1OC)C(=O)C(=Cc1cc(C)c(O)c(O)c1)O2,6.507404327392578,5.465570449829102,5.98648738861084
COc1ccc(C=C2COc3cc(OCCCCCCNc4c5c(nc6ccccc46)CCCC5)ccc3C2=O)cc1OC,6.970406532287598,5.640903949737549,6.305655241012573
Clc1ccc2c(c1)OC(c1ccccc1)N2,5.149663925170898,5.844616413116455,5.497140169143677
CC1=CC=CC2=NC(C)C(C)(C)NC2=O)C1,,,
c1ccc(Cc2c[nH]c3ccc(OCCCN4CCCCC4)cc23)cc1,5.781673908233643,4.34835147857666,5.065012693405151
Cc1cccc(C#Cc2cc(Cl)ccc2F)n1,4.496577262878418,6.8262434005737305,5.661410331726074
Fc1ccc(-c2csc(NN=Cc3cccc4ccccc34)n2)cc1,5.322417259216309,5.642847061157227,5.482632160186768
O=C1Nc2ccc([N+](=O)[O-])cc2C1=NNc1cccc(O)c1,5.892603397369385,4.0070390701293945,4.94982123374939
O=C1CCc2ccc(OCc3cccc(Cl)c3)cc2N1,4.141217708587647,7.203818321228027,5.672518014907837
C#CCN(CC1CCCCC1)C(C#Cc1ccc(F)cc1)C(=O)Nc1ccccc1,5.136034965515137,5.292797088623047,5.214416027069092
N#Cc1cccc(NC2=NCCCS2)c1,5.555389881134033,6.507689476013184,6.031539678573608
COc1cc2oc3ccc(OCCCCCCCN4CCCCC4)cc3c(=O)c2cc1OC,6.462710380554199,5.607865333557129,6.035287857055664
COc1cc(C=CC(=O)c2ccccc2O)ccc1O,5.443455219268799,5.735182762145996,5.5893189907073975
C#CCCCCCCNCCCCCCCCCN=C1CCC(=O)C(F)CC1,5.892709255218506,6.6480255126953125,6.270367383956909
O=C1C=CC(=O)c2c(O)cccc21,6.011013031005859,7.056286811828613,6.533649921417236
COc1c2c(nc3ccccc13)OCC2=O,5.978860855102539,4.196839809417725,5.087850332260132
CCCNC1CCc2c(OC)cccc2C1Oc1ccccc1,5.095915794372559,4.353092193603516,4.724503993988037
Cc1cc(C)c2oc(N3CCCCC3C)nc2c1,5.5877299308776855,6.792250156402588,6.189990043640137
c1ccc(Cc2cn(-c3ccc4[nH]ncc4c3)nn2)cc1,5.488114833831787,4.650986671447754,5.0695507526397705
O=c1ccoc2ccc(OCCCCCNc3c4c(nc5ccccc35)CCCC4)cc12,6.851408004760742,4.945126056671143,5.898267030715942
O=C1c2ccccc2-c2nnc3cccc(Cn4ccnc4)c3c21,5.526913642883301,4.393651008605957,4.960282325744629
C=Cc1ccc(CN2CCC(CNC(=O)c3ccc(Br)cc3)CC2)cc1,5.8537774085998535,3.8089308738708496,4.831354141235352
CCOC(=O)c1cc2cc(OCCCCCCCc3cccc(OC)c3)ccc2oc1=O,5.460445880889893,6.364827156066895,5.9126365184783936
c1ccc(C2CC(c3c4ccccc4cc4ccccc34)=NN2)cc1,6.486117839813232,7.681662559509277,7.083890199661255
O=C1c2ccccc2C(=O)C12CC2,6.107494831085205,5.7215495109558105,5.914522171020508
O=C(CCCc1c[nH]c2ccccc12)NCc1ccccc1,4.357378482818604,4.655839920043945,4.506609201431274
CC(CO)NC(=O)CCCCCCCCCCCCCNc1c2c(nc3ccccc13)CCCC2,7.482596397399902,5.279849052429199,6.381222724914551
O=C1NC(=O)C(=Cc2ccc3c(c2)OC(F)(F)O3)S1,6.796452045440674,4.5288615226745605,5.662656784057617
O=C1c2ccccc2OCC1CCN1CCC(Cc2ccc(Cl)c(Cl)c2)CC1,5.552630424499512,4.876102447509766,5.214366436004639
CC(C)=CC=CC1CC(=O)C(O)C1C=CCCOc1cccc([N+](=O)[O-])c1,3.666025161743164,5.51690673828125,4.591465950012207
Oc1nc(C=Cc2ccccc2O)nc2ccccc12,4.873077392578125,5.585391521453857,5.229234457015991
Cn1cc(C=CC(=O)c2ccc(F)cc2)c2ccccc21,4.577547073364258,6.019975662231445,5.298761367797852
COc1cc(O)c2oc3cc(OCc4ccccc4)ccc3c(=O)c2c1,5.087174892425537,5.94906759262085,5.518121242523193
O=C(Cc1ccc2c(c1)OCO2)NCc1ccc2c(c1)OCO2,5.728912353515625,4.446024894714356,5.08746862411499
COc1ccc(C(=O)C=Cc2ccc3c(c2)OCCO3)cc1,5.0737175941467285,5.736696243286133,5.405206918716431
O=c1ccoc2ccc(OCc3ccc(Cl)cc3)cc12,3.9866695404052734,7.444510459899902,5.715590000152588
CCCOc1ccc2c(c1)C(=O)OC2=O,5.292550563812256,7.172989845275879,6.232770204544067
N#Cc1c2c(c(OCCCCOc3ccccc3)n3c1nc1ccccc13)OCC2,5.150437831878662,4.9684367179870605,5.059437274932861
O=C(c1cc2cc(=O)oc2oc1=O)N1CCCCC1,,,
CCCCCCCN1C(=O)C(=O)c2cc(OCCCCCCCC)ccc21,4.818134307861328,6.999828815460205,5.908981561660767
COc1cc2c(=O)n(CCN3CCCC3)c(-c3ccccc3)nc2cc1OC,6.175591468811035,4.77557897567749,5.475585222244263
COc1cccc(C(=O)C=Cc2ccc(O)c(O)c2)c1,5.003713130950928,5.634612083435059,5.319162607192993
O=C(CN1CCCCC1)Nc1cccc(NC(=O)c2ccccc2)c1,5.791572570800781,4.739865779876709,5.265719175338745
CCCn1nccc1NC(=O)c1cc2cc(OC)ccc2oc1=O,6.6794843673706055,5.243516445159912,5.961500406265259
CCOC(=O)c1csc2c1CCCC2=NNC1CCCCC1,5.000056743621826,4.8760247230529785,4.938040733337402
Cc1cccc(NC(=O)CCl)c1,4.081137180328369,5.197295665740967,4.639216423034668
O=C1C(=O)c2ccc([N+](=O)[O-])cc2OC1=O,4.707548141479492,5.603139400482178,5.155343770980835
CN1CCCC1COc1cncc(CCc2ccccc2)c1,4.543266296386719,5.216981887817383,4.880124092102051
Cc1c(C)c2ccc(OCc3cccc(Cl)c3)cc2oc1=O,4.627585887908936,8.784088134765625,6.70583701133728
O=C(CCc1c[nH]c2ccc(Cl)cc12)NC1CCCC1,5.12367582321167,4.949699878692627,5.036687850952148
CC(C)C(=O)c1ccc2c(=O)c3cc(CCCCc4ccccc4)ccc3oc2c1,5.7008867263793945,5.216137886047363,5.458512306213379
CCCCCCCCCCCCCCCC[n+]1ccccc1,5.289214611053467,5.196521282196045,5.242867946624756
O=c1c2ccccc2oc2cc(COc3ccccc3)ccc12,4.586916446685791,5.482199192047119,5.034557819366455
COc1ccccc1CNc1c2c(nn1)CCCC2,,,
COc1cc2c(cc1OC)C1=C(CCC1)CC2,6.234797954559326,5.41308069229126,5.823939323425293
Cc1coc2c1N(C(=O)NC1CCCCC1)CC2)C1CCCCC1,,,
CC(C=CC=CCC=CC(=O)Nc1ccccc1)=CCC(=O)O,3.5768585205078125,5.635728359222412,4.606293439865112
O=C1c2ccccc2-n2c1cc1ccccc1c2=O,4.528616428375244,5.48917293548584,5.008894681930542
COc1cc2c(cc1OC)C(=O)C(Cc1ccccc1)C2,6.889962673187256,4.686090469360352,5.788026571273804
CC=Cc1cc2c(s1)c1ccc(OC(=O)NC3CC3)cc1c2C,,,
c1ccc(-c2csc(C3CCCCC3)n2)nc1,4.524696350097656,6.672035217285156,5.598365783691406
Cn1ccc2ccc(OCCCCCCNc3c4c(nc5ccccc35)CCCC4)cc21,7.551641464233398,5.099026679992676,6.325334072113037
CC(Cc1ccccc1)N(C)Cc1ccc(Cl)c(Cl)c1,5.216660499572754,4.757274627685547,4.98696756362915
O=C1NC(=O)C(=Cc2ccc(OCCCCC[n+]3ccc(CCCCc4ccccc4)cc3)cc2)C2CCC=CC12,5.478229522705078,5.88961124420166,5.683920383453369
C#CCNC2CCCCC2c2cc(OCc3ccccc3)ccc21,,,
Cc1cccc2c1OC(=O)C2=O,5.155148506164551,5.6703290939331055,5.412738800048828
O=C(COc1ccccc1)Oc1ccccc1O,7.062400341033936,5.254595756530762,6.158498048782349
Fc1ccc(-c2csc(NN=C3CCCCC3)n2)cc1,5.689570903778076,7.334211349487305,6.51189112663269
O=c1oc2cc(OCCCCCCCc3ccccc3)ccc2cc1O,4.80558443069458,6.525299072265625,5.6654417514801025
COc1cc2oc(=O)ccc2cc1OCCCCCCNc1c2c(nc3cc(Cl)ccc13)CCCC2,7.695005416870117,5.246382713317871,6.470694065093994
CC1OCCc2cc(OCCCCCCNc3c4c(nc5cc(Cl)ccc35)CCCC4)ccc21,7.574093341827393,5.347408294677734,6.4607508182525635
Cc1cc(C)c2cc(C=C3CCC(CNCCCCCCCNc4c5c(nc6ccccc46)CCCC5)CC3)oc2c1,8.221966743469238,4.117722511291504,6.169844627380371
O=C(O)CCCCCCCCCCCCNc1c2c(nc3cc(Cl)ccc13)CCCC2,7.888269901275635,5.208970069885254,6.548619985580444
CN1CC=CC(c2csc3cc(Cl)ccc23)C1,4.6707916259765625,5.860526084899902,5.265658855438232
COc1ccccc1C=Cc1cc2ccc(OC(=O)CCCCCC3CCN(C)CC3)cc2o1,5.866721153259277,5.050517082214356,5.458619117736816
N#Cc1ccc(OCc2ccc(F)c3cccnc23)cc1,4.1577558517456055,6.982852935791016,5.5703043937683105
O=C(CCc1c[nH]c2ccccc12)NO,3.9845588207244873,6.353583335876465,5.169071078300476
CCOc1cc2c(Nc3cccc(Cl)c3)ncnc2cc1OC,4.810432434082031,5.335684776306152,5.073058605194092
COc1cc2c(cc1OC)CN(CCc1ccc3c(c1)CCC3)CC2,5.206175804138184,4.922118186950684,5.064146995544434
COc1cc2oc(=O)ccc2cc1CCCCCNc1c2c(nc3ccccc13)CCCC2,7.601176738739014,4.644040584564209,6.122608661651611
O=C1Nc2ccc(-c3ccc(O)cc3)cc2C1=O,5.9004807472229,6.44088077545166,6.17068076133728
CN(C)c1ccc(C=C2CCCC3(C)C2=O)cc1,,,
Fc1cccc(COc2ccc3onc(-c4ccccc4)c3c2)c1,4.918630123138428,6.583662033081055,5.751146078109741
O=C(Nc1ccc2c(c1)CCCC2=O)c1ccc(Cl)cc1,4.67329216003418,6.326929092407227,5.500110626220703
CC1=CC2Cc3ncccc3C(CO)(COC(=O)c3ccc(C)cc3)C2=O,,,
O=C(CC#CCN1CCOCC1)Nc1ccccc1F,5.1211934089660645,4.875429630279541,4.998311519622803
COc1cc2c(cc1OC)C(=O)C1CCCCC1C(=O)O2,6.433217525482178,5.522741317749023,5.977979421615601
CN(C)c1ccc2cc(-c3csc(N)n3)c(=O)oc2c1,5.750443458557129,5.660177230834961,5.705310344696045
Fc1ccc(-c2cc(-c3cc(F)cc(F)c3)c(F)c(F)c2)cc1,4.074621200561523,7.174240589141846,5.624430894851685
COc1ccc2occ(-c3cccc(NCCCCCN4CCCCC4)c3)c2c1,5.6951775550842285,4.969432830810547,5.332305192947388
CNC(=O)Oc1ccc2c(c1)C1(C)CCOC1N2C,7.339248657226562,5.773969650268555,6.556609153747559
Cc1ccc2c(c1)C(=O)c1cc(OCCCCCNc3c4c(nc5ccccc35)CCCC4)ccc1-2,7.023192882537842,5.480702877044678,6.25194787979126
COc1cc2nc(-c3ccc(F)cc3)oc(=O)c2cc1OC,5.912517070770264,6.263609886169434,6.088063478469849
O=C1NC(=O)C2=C1c1cn(c3ccccc13)CCCCCCCCCCCN1CCCCC1,,,
O=C1CCc2ccc(OCCCCCCNc3c4c(nc5ccccc35)CCCC4)cc2N1,7.6467509269714355,5.350149154663086,6.498450040817261
O=C(NCc1ccc(Cl)cc1)c1cc2c(=O)n3ccccc3nc2s1,5.997288227081299,4.615564346313477,5.306426286697388
CSc1nc(C#CC(C)N)nc2ccc(F)cc12,4.783173561096191,7.008542060852051,5.895857810974121
Cc1cccc(C)c1NC(=O)Cc1csc2nc3n(c(=O)c12)CCCCC3,6.365414619445801,4.761475563049316,5.563445091247559
CCC1CCC=C1CCc1c=C1oc2ncccc2cc1O,,,
O=C(Cc1nnc2ccc(C3CC3c3ccccc3)nn12)NC1CCCC1,5.594240188598633,5.344801902770996,5.4695210456848145
O=C1c2ccccc2-c2nnc(-c3ccccc3)cc21,4.993725776672363,5.196288108825684,5.095006942749023
CC(CCCCNc1c2c(nc3cc(Cl)ccc13)CCCC2)CCCNc1c2c(nc3cc(Cl)ccc13)CCCC2,9.07197380065918,4.218635082244873,6.645304441452026
O=C(CCl)Nc1ccc2ccccc2c1,4.060810089111328,6.4277448654174805,5.244277477264404
Cc1c2ccc(C(=O)N=C(CCC(=O)Oc3ccccc3)COC2)o1,,,
O=C1CCc2ccc(OCCCCCCCCCNc3c4c(nc5cc(Cl)ccc35)CCCC4)cc2N1,8.018346786499023,5.738837718963623,6.878592252731323
COc1cc2c(cc1OC)C(=O)C(=Cc1ccc(Cl)cc1)C2,5.773800849914551,6.181294918060303,5.977547883987427
FC(F)(F)c1ccc(-c2ccc3nc(OCCCCCCCNc4c5c(nc6cc(Cl)ccc46)CCCC5)sc3c2)cc1,6.82283878326416,6.033565521240234,6.428202152252197
COc1ccc2[nH]c3c(c2c1)CC1(O)C2Cc5ccc(O)cc5C1(C2CCC2)C3O1,,,
Cn1c(=O)c2c(nc(OCc3cccc(Cl)c3)n2C)n(C)c1=O,5.695589065551758,6.896780014038086,6.296184539794922
CCCCCCCC(=O)Nc1ccc2oc(C3CC3)nc2c1,5.862636089324951,6.080167293548584,5.971401691436768
c1ccc(CSc2nc3ccccc3n2CCCCCCC[n+]2ccc(C3CC3)cc2)cc1,6.560870170593262,4.669567584991455,5.615218877792358
CCOc1cc2c(CCCOC)coc2c(OCC)c1OC,4.90077018737793,5.024328708648682,4.962549448013306
COc1cc(NC(=O)C=Cc2ccccc2)cc(OC)c1,4.984174728393555,5.169360160827637,5.076767444610596
Cc1c2cc(C3CCCCC3)c(OCCCCCCCCCCN3CCCCC3)cc2oc1=O,,,
O=C1CCc2ccc(OCCCCCCCNc3c4c(nc5ccccc35)CCCC4)cc2N1,7.62590217590332,5.44810152053833,6.537001848220825
CCCCCCNC1=NS(=O)(=O)c2ccccc21,5.275084018707275,5.513288497924805,5.39418625831604
O=C1c2ccccc2-c2nnc(-c3ccc(F)cc3)cc21,5.582317352294922,6.205568313598633,5.893942832946777
CCc1cc2cc(C(=O)C3CCC(OC)CC3)ccc2nc1C,5.264730930328369,4.927967071533203,5.096349000930786
CSC(=O)c1ccccc1C=C1CCCC2C(=O)C=CC1=O,,,
O=C1c2ccccc2-c2nnc(-c3ccccc3)cc21,4.993725776672363,5.196288108825684,5.095006942749023
COc1ccc(C=NNc2nc3ccccc3o2)cc1,5.019949913024902,4.313165187835693,4.666557550430298
O=C1c2ccccc2-[n+]2ccc3c([nH]c4ccccc43)c21,4.619190692901611,5.365114688873291,4.992152690887451
Fc1ccc(-c2ccc(C3=NOCCN3CCOCC3)o2)cc1,,,
NC(=O)C(F)(F)F,5.0139875411987305,9.351491928100586,7.182739734649658
O=C1Cc2cc(OCCCCCCNc3c4c(nc5ccccc35)CCCC4)ccc2O1,7.277807235717773,5.222715377807617,6.250261306762695
C=CCOc1c(F)cccc1CCCCCCNc1c2c(nc3ccccc13)CCCC2,7.406842231750488,4.833761215209961,6.120301723480225
Clc1ccc(-c2csc3ncnc(NCCCCCCCCNc4c5c(nc6ccccc46)CCCC5)c23)cc1,7.158009052276611,5.17050313949585,6.1642560958862305
Cc1cc2c(F)c(Oc3nonc3N)ccc2o1,5.4640727043151855,4.158626079559326,4.811349391937256
CC(=CCC1CC2CCC(C1)C2(C)C)CCC1CCC2(C)O,,,
Cc1cccc(C=CCc2cc[n+](ccc3ccccc3)c2)c1,,,
Cc1cccc(C2COc3ccc(O(=O)NCc4ccncc4)cc3C2=O)c1,,,
NC1=c2ccccc2=NC(=O)C1c1ccc2c(c1)OCCO2,6.465691566467285,4.586693286895752,5.5261924266815186
O=C(c1ccccc1)c1ccc2c(c1)C(=O)N(CCC1CCN(Cc3ccccc3)CC1)C2=O,7.365015029907227,4.205077171325684,5.785046100616455
O=C(O)c1cccc(C=Cc2ccc(C3CCCCC3)c(C(=O)c3nc4ccccc4[nH]3)c2)c1,5.760184288024902,5.874358177185059,5.8172712326049805
c1ccc(-c2cc3ccccc3oc2=O)cc1,4.99646520614624,5.502318859100342,5.249392032623291
CC(=O)C1=NOC(COc2ccccc2Cl)C1,6.340089797973633,4.888487815856934,5.614288806915283
Cc1cc2oc3c(O)nc(-c4ccccc4F)nc3c2cc1,5.438770771026611,4.612924098968506,5.025847434997559
Cc1ccc(C2CC(c3c4ccccc4cc4ccccc34)=NN2)o1,7.378585815429687,7.40858268737793,7.393584251403809
COc1cc2c(cc1OC)C(=O)C(=Cc1cc3c(cc1)CCCC3=O)O2,6.5355143547058105,6.090850830078125,6.313182592391968
O=C(Nc1cccc2ccccc12)c1coc2ccccc2c1=O,5.622469425201416,5.459517955780029,5.540993690490723
NC1=C(c2ccc(O)cc2O)C(OCc2ccccc2)C2CC1=CC2C12CCCC2,,,
O=C(CCc1c[nH]c2ccccc12)NCCCCCCCCNc1c2c(nc3cc(Cl)ccc13)CCCC2,8.786959648132324,4.760194301605225,6.773576974868774
CC(C)=C1CC(CO)(COC(=O)c2ccccc2)OC1=O,3.733123779296875,5.468373775482178,4.600748777389526
CC1=NC(=O)NC(c2cccc(C#N)c2)C1C(=O)NCCO,5.029794216156006,5.113800525665283,5.0717973709106445
c1ccc(C=CCCc2nnc3ccccc3c2[N+](=O)[O-])cc1,5.31964635848999,4.999001979827881,5.1593241691589355
c1ccc2c(CCOCC3CCOCC3CC3)noc2c1,,,
CC(=O)c1ccc(SCCCCCNc2c3c(nc4ccccc24)CCCC3)cc1,6.958306312561035,4.638083457946777,5.798194885253906
Cc1c(C)c2ccc(OCc3ccc(F)cc3)cc2oc1=O,4.834400653839111,8.764252662658691,6.799326658248901
FC(F)(F)c1ccccc1C1=NNC2CCCCC2C1,6.119407176971436,6.963840007781982,6.541623592376709
Cc1occc1-c1nc(-c2cccs2)no1,5.744651794433594,7.181485652923584,6.463068723678589
O=C1c2ccccc2-[n+]2ccc3c([nH]c4ccccc43)c21,4.619190692901611,5.365114688873291,4.992152690887451
O=C(C=Cc1ccco1)Nc1cccc2cccnc12,4.564020156860352,5.760982036590576,5.162501096725464
ON=C1CCc2cc(OCCCCCN3CCCCC3)ccc21,5.706520080566406,5.562102317810059,5.634311199188232
COc1cc2oc3c(O)nc(CCCCN4CCN(C)CC4)nc3c2cc1OC,5.918221473693848,4.396985054016113,5.1576032638549805
Cc1cccc(C)c1OCCCCCN,3.645470142364502,5.597790718078613,4.621630430221558
CC1=CC=CC1=NNc1cc(Cl)ccc1Cl,5.056507110595703,5.515996932983398,5.286252021789551
Fc1cccc(C=CC=CC=CCN2CCCC2)c1,4.195330619812012,5.377530097961426,4.786430358886719
CC=CC1CC(=O)Oc2cc(OCc3cccc([N+](=O)[O-])c3)ccc21,5.106944561004639,7.031511306762695,6.069227933883667
c1ccc2c(NCCCCCCCCCNc3c4c(nc5ccccc35)CCCC4)c3c(nc2c1)CCCC3,8.532026290893555,4.128834247589111,6.330430269241333
CCN(CCCCCCCCN=C1CC(=O)C(=NCCCCCCN(CC)Cc2ccccc2OC)CC1=O)Cc1ccccc1OC,7.644228458404541,4.946950912475586,6.2955896854400635
O=C(C=Cc1cccc([N+](=O)[O-])c1)OCCOc1ccccc1Cl,4.718417644500732,6.475064277648926,5.596740961074829
CC(=NNc1nc(-c2ccc(F)cc2F)cs1)c1ccccc1,5.845532417297363,6.67072343826294,6.258127927780151
CC(=O)N1N=C(c2ccc(OCCCCCCCCCCNc3c4c(nc5ccccc35)CCCC4)cc2)CC1c1cccc(OC(C)=O)c1,6.7983078956604,5.663306713104248,6.230807304382324
COc1ccc2c(c1)[N+](=O)[O-],,,
CCOC(=O)c1c(C)nc2ccc(Cl)cc2c1COc1cccc(Cl)c1,4.756435871124268,6.242900848388672,5.49966835975647
CC#CCN(C)Cc1cc2cc(OCc3ccccc3)ccc2n1C,4.811418533325195,7.19118070602417,6.001299619674683
CCCCCCCNc1c2c(nc3ccc(OC)cc13)CCCC2,6.087133884429932,4.7649407386779785,5.426037311553955
O=C1CCc2cc(OCCCCCc3ccccc3)ccc21,5.611223220825195,6.438107490539551,6.024665355682373
CNC(=O)C1CCCN(CCc2ccc(C(=O)OC)cc2)C1,5.217121124267578,4.026114463806152,4.621617794036865
O=C1CCc2ccc(OCCCCCCNc3c4c(nc5ccccc35)CCCC4)cc2N1,7.6467509269714355,5.350108623504639,6.498429775238037
O=C(CCCCCCCCCC(=O)Oc1cccc2ccc(Cc3ccc(O)c(F)c3)cc12)NOC1CCOC1,5.644731998443604,5.476998329162598,5.560865163803101
C=CC=CCN(C)C(=O)c1cc2ccccc2oc1=O,5.022925853729248,5.715003967285156,5.368964910507202
O=C1c2ccccc2SCCCCCCCCCCc2cccnc2,,,
Cc1ccc2oc(=O)c(-c3ccccc3)cc2c1,4.843947887420654,6.5365729331970215,5.690260410308838
O=C(C=CC=C1CCCCC1)NCc1cccc(F)c1,4.326143264770508,5.7069244384765625,5.016533851623535
O=C(c1ccccc1)c1ccc(OCCCCCCCNc2c3c(nc4ccccc24)CCCC3)cc1,6.478384494781494,4.521923065185547,5.5001537799835205
c1cc[n+](CCCCCCCCCCCCCCCCC[n+]2ccc3ccccc3c2)cc1,7.269933223724365,4.866781711578369,6.068357467651367
O=C1c2ccccc2-c2nnc(-c3ccc(F)cc3)cc21,5.582317352294922,6.205568313598633,5.893942832946777
O=C1Cc2cc(Cl)cc(Cl)c2OC1=O,3.894615888595581,6.19871711730957,5.046666502952576
O=C(c1ccccc1)c1ccoc1OCc1ccc(F)cc1,5.296291828155518,5.42223072052002,5.3592612743377686
Cc1c2c(n3c1CCC3)CCCC2=O,5.867688655853272,4.566925525665283,5.217307090759277
N#Cc1ccc(-c2csc(COc3ccc(C4(N)CCCCC4)cc3)n2)cc1,4.695544242858887,5.907803535461426,5.301673889160156
CC(C)=CC=C1CC(CO)(COC(=O)c2ccc(OCCOc3ccc([N+](=O)[O-])cc3)cc2)OC1=O,3.612492561340332,6.424628734588623,5.0185606479644775
Clc1ccc2c(c1)Oc1ccccc1S2(=O)=O,6.065815448760986,5.177024841308594,5.62142014503479
O=C1NC(=O)c2cc(Br)ccc2OC1=O,5.843750476837158,4.818378448486328,5.331064462661743
CCCOC1C=CC=CCCC=CCC=CCC=CC=C(C)C(=O)NCC2CCC(OC(=O)CCC)CC2)O1,,,
C(=C1CCCCC1=O)c1cc(OCCCCCNc2c3c(nc4ccccc24)CCCC3)ccc1O,7.1436052322387695,5.464877128601074,6.304241180419922
O=C1Nc2ccccc2C1=Cc1c[nH]c2ccccc12,4.838407516479492,6.661855697631836,5.750131607055664
CCOC(=O)C=Cc1ccc2c(c1)OCO2,4.462701320648193,5.790559768676758,5.126630544662476
CC(=O)Nc1ccc2c(c1)C(=NO)C(C)CC2,3.877826690673828,4.31918478012085,4.098505735397339
Oc1occ2ccc(OCCCCCNc3c4c(nc5ccccc35)CCCC4)cc12,7.214750289916992,5.468381881713867,6.34156608581543
O=C1c2ccccc2-c2nnc(-c3ccccc3)cc21,4.993725776672363,5.196288108825684,5.095006942749023
O=C(c1ccccc1)c1cc[n+]2ccccc2c1O,4.688606262207031,4.350411415100098,4.5195088386535645
O=C1Cc2cc(OCCCCCC(F)(F)F)ccc2N1,5.873818397521973,7.6894211769104,6.7816197872161865
O=c1ccoc2ccc(OCCCCCCN3CCCCC3)cc12,5.624995231628418,5.82983922958374,5.727417230606079
CC(N)C1CCC(CC=CC(=O)Oc2ccccc2OC(C)=O)CC1,5.751177310943604,4.718432426452637,5.23480486869812
O=C1c2ccccc2-c2nnc(-c3cccc([N+](=O)[O-])c3)cc21,5.311034202575684,5.836466312408447,5.573750257492065
CCOc1cc2c(cc1OC)C(=O)C(CC1CCN(CCc3ccc(Cl)c(Cl)c3)CC1)C2,6.771944522857666,4.713057518005371,5.7425010204315186
c1ccc2cc(Nc3ccnc4cc(CCN5CCCC5)ccc34)ccc2c1,5.651204586029053,5.157331943511963,5.404268264770508
O=C(CCl)Nc1ccc2ccc(OCCCC3CCN(Cc4ccccc4)CC3)cc2c1,5.90332555770874,4.809609889984131,5.3564677238464355
CCCCCCOc1c2c(nc3cc(OC)ccc13)CCCC2,4.84130859375,5.361702919006348,5.101505756378174
O=C(Oc1ccc(Cl)cc1)c1coc2ccccc2c1=O,5.801797866821289,5.4256110191345215,5.613704442977905
COc1cc2c(cc1OC)C1Cc3ccc(OC)cc3CN1C2,4.53490161895752,5.268247604370117,4.901574611663818
CC1=CC=CC1=NN=Cc1ccc(O)c(O)c1O,6.549860000610352,4.985999584197998,5.767929792404175
CC(C)=CCC(C)=CCOc1c2c(nc3ccccc13)CCCC2,5.5486249923706055,4.479490756988525,5.014057874679565
CCOC1=CC=C2c3c(ccc(OC)c(OC)c3OC)CCC=CC2C=C1,,,
COc1cc2c(cc1OC)C1=C(CCN1CCCC1)CC2,,,
O=C1c2ccccc2OC=CC1CCCNN=C1CCCC1,5.658905982971191,5.547844886779785,5.603375434875488
CNCCCOc1cccc(OC(=O)CCCCCCCNc2c3c(nc4ccccc24)CCCC3)c1,7.289351463317871,4.991988182067871,6.140669822692871
O=C(CCNC(=O)C1CCCCC1)Nc1ccc2c(c1)OCO2,5.447254180908203,5.5484700202941895,5.497862100601196
O=C(C=Cc1ccccc1)N=c1[nH]c2ccccc2c(=O)o1,6.01012659072876,6.1124114990234375,6.061269044876099
CC(=NNC(=O)c1ccccc1O)c1cccc(F)c1,5.723816871643066,5.536463737487793,5.63014030456543
CC(=O)OCC1OC(=O)Cc2c1ccc(C)c2O,4.65391731262207,4.510153770446777,4.582035541534424
CC1CCCN1CCCOc1ccc2oc3cc(Cl)ccc3c(=O)c2c1,5.979091167449951,5.818532943725586,5.8988120555877686
O=S(=O)(Oc1ccc(C=CBr)cc1)C(F)(F)F,8.283004760742188,7.518335342407227,7.900670051574707
COc1cc2c(C)nc(N3CCCCC3)nc2cc1OC,5.376747608184815,5.662373065948486,5.51956033706665
c1ccc2c(c1)Oc1ccccc1CN2CCCC1CCC2,,,
CCCC#CC(=O)c1ccc2c(c1)OCCCO2,4.006886959075928,5.449151515960693,4.7280192375183105
COc1cccc2c1C(=O)c1c(O)c3c(c(O)c1C2=O)CC(O)(C(=O)CO)O3,6.250386714935303,3.711254119873047,4.980820417404175
CN(C)CCCCCCCNc1c2c(nc3ccccc13)CCCC2,7.120610237121582,3.783517360687256,5.452063798904419
CCCCCCCCCCCCCCCOc1cc(OC)c2c(c1)OC(C)(C)C1CC=C(C)CC21,5.307418823242188,6.15319299697876,5.730305910110474
O=C(O)c1ccc(COc2ccc(-c3csc(O)c3)cc2OC2CCCCC2)cc1,4.853040218353272,5.693307399749756,5.273173809051514
O=C1C=CC(=CC=Cc2ccc(Oc3ccccc3)cc2)CC1=O,5.150638103485107,6.584474086761475,5.867556095123291
C=CCC1CC(F)C(O)C(COc2ccccc2)CO1,5.60425329208374,5.584775924682617,5.594514608383179
N#Cc1c2c(c(Cl)c3ccccc13)CCCC2,4.53281307220459,4.487159729003906,4.509986400604248
O=C(CCCC1CCN(Cc2ccccc2)CC1)c1ccccc1,6.531801223754883,2.9889917373657227,4.760396480560303
O=C1Cc2cc(OCCCCC3CCN(Cc4ccccc4)CC3)ccc2O1,6.916384696960449,5.091075420379639,6.003730058670044
Cc1nc(C#CCCCCCCN)cs1,3.864412784576416,7.814149856567383,5.839281320571899
O=C1c2ccccc2-[n+]2ccc(CC3=CCOCC3)cc21,5.227600574493408,5.530515670776367,5.379058122634888
O=[N+]([O-])c1cc2cc([N+](=O)[O-])ccc2cc1O,5.158083915710449,6.462541580200195,5.810312747955322
CCOC1CCN(CCCCCCCCNc2c3c(nc4cc(Cl)ccc24)CCCC3)CC1,8.762246131896973,4.505366325378418,6.633806228637695
CCOc1cc2c(cc1OCC)CN(Cc1cc3c(=O)c4ccccc4oc3oc1=O)CC2,6.109766960144043,4.521060943603516,5.315413951873779
O=C(C=CNC1CCCCC1)Cc1ccccc1,4.465426445007324,4.013477325439453,4.239451885223389
C#CCN(C)Cc1cc2cc(OCCC3CCN(Cc4ccccc4)CC3)ccc2n1C,6.383633136749268,5.55838680267334,5.971009969711304
N#Cc1ccc2oc3ccc(OC4COC(=O)C4)cc3c(=O)c2c1,5.309474468231201,5.025933742523193,5.167704105377197
O=C1c2ccccc2C(=O)C1c1ccccc1,5.9925150871276855,5.503373146057129,5.747944116592407
NC(=O)c1cc2c(Oc3cccc(F)c3)cncc2s1,6.665859222412109,5.106845378875732,5.886352300643921
O=C(NCCc1ccc2c(c1)OCO2)c1cc2ccccc2oc1=O,7.284243583679199,5.521195888519287,6.402719736099243
CC1=NN(C(=O)c2ccoc2)C(O)(C#Cc2ccccc2)C1,6.240100860595703,4.631840705871582,5.435970783233643
O=C(C=Cc1ccccc1)c1ccccc1O,4.920290470123291,6.045467376708984,5.482878923416138
Cc1oc2ccc(OCCCCNCCOc3cccc4cccnc34)cc2c1C(=O)O,5.5544753074646,6.048838138580322,5.801656723022461
COc1ccc2c(c1)c(CCNC2=O)cc1[N+](=O)[O-],,,
O=C(O)c1ccccc1Nc1ccc(=O)oc1,6.040905475616455,5.980292797088623,6.010599136352539
Cc1cc(=O)oc2cc(OCc3cccc(Br)c3)ccc12,4.019050598144531,7.872342109680176,5.9456963539123535
Cc1cccc(COc2ccc3c(C)c(C)c(=O)oc3c2)c1,4.736706256866455,8.668201446533203,6.702453851699829
N#Cc1c2c(c(N)c3ccccc13)CCCC2,5.413212299346924,3.270322322845459,4.341767311096191
Cc1cc(CCCCCCCCSCCCN=CC(C)C)on1,6.504652976989746,5.915837287902832,6.210245132446289
C=CCc1cccc(OCCCCCNc2c3c(nc4ccccc24)CCCC3)c1,7.029393196105957,4.586890697479248,5.8081419467926025
Cc1c(C)c2ccc(OCCCCCCCCCCCNc3c4c(nc5ccccc35)CCCC4)cc2oc1=O,6.956799983978272,5.931881427764893,6.444340705871582
O=C1OCC2OC1Cc1ccccc1COC2=O,5.742098808288574,4.926385402679443,5.334242105484009
CC(C)=C1CC(=O)Oc2cc(OCc3cccc(Cl)c3)ccc21,4.823709487915039,7.260771751403809,6.042240619659424
O=C1CCc2cc(OCCCCCCNc3c4c(nc5cc(Cl)ccc35)CCCC4)ccc2N1,8.05221939086914,5.507079124450684,6.779649257659912
Clc1ccc2c(c1)C(=Cc1cnoc1)OCC2,4.560815334320068,6.535436630249023,5.548125982284546
CN(CCCCCCCN=C1CC(=O)C(=NCCCCCCN(CC)CCCCN(C)C)CC1=O)Cc1ccccc1O,7.129384517669678,4.948194980621338,6.038789749145508
COc1cc2c(cc1OC)C1CCCC1C2=CCC2C(=O)CCC1CCC1,,,
O=C(C=CC=CC1=[N+](c2cccc(C(=O)CCl)c2)CCO1)c1ccc(O)cc1O,5.9066362380981445,6.138175010681152,6.022405624389648
C#CCN(C)Cc1cc2cc(OCCCC3CCN(Cc4ccccc4)CC3)c(OC)cc2n1C,6.453888416290283,5.458196640014648,5.956042528152466
COc1ccc2cc(C=CCCCCCCCCCCNc3c4c(nc5ccccc35)CCCC4)c(=O)oc2c1,6.951871871948242,5.517650127410889,6.234760999679565
CCCCc1cc(O)c2c(c1)OC(=O)C1CCCC=C21,5.291666030883789,6.040523529052734,5.666094779968262
COc1ccc(NC(=O)c2ccc3oc(O)cc3c2)cc1,5.149661064147949,5.404575347900391,5.27711820602417
Oc1onc2c1CCCC2=NC1CCCC21,,,
CC(C)c1ccc(OCCCCCCNc2c3c(nc4cc(Cl)ccc24)CCCC3)cc1,7.318626880645752,4.774220943450928,6.04642391204834
CNC(=O)Cc1coc2cc(OS(=O)(=O)c3cccc(C)c3)ccc12,6.562326431274414,4.783172607421875,5.6727495193481445
Cc1c2ccccc2c(CN2CCCCC2)c2occc12,5.584563255310059,3.727529525756836,4.656046390533447
CNCc1ccc(N=CC2CCOCC2)cc1,4.798664093017578,4.373427391052246,4.586045742034912
CN(C)c1cccc(CNC(=O)CCCCCCCOc2ccc3c(c2)OC(=Cc2ccccc2)C3=O)c1,5.904250621795654,6.157941818237305,6.0310962200164795
CCc1c2c(nc3ccc(OCCCCCNc4c5c(nc6ccccc46)CCCC5)cc13)CCCC2,7.657979965209961,4.555270671844482,6.106625318527222
O=Cc1coc2ccc(OCc3cccc(Cl)c3)cc2c1=O,4.465744972229004,7.629443645477295,6.047594308853149
C=CCOC(=O)C=Cc1ccc(OCCCCCCCNc2c3oc(=O)c(C)cc3nc3cc(C)ccc23)cc1,5.972448825836182,6.510501861572266,6.241475343704224
O=c1ccoc2ccc(OCc3ccc(Cl)cc3)cc12,3.9864964485168457,7.444510459899902,5.715503454208374
O=C(CCCCC1CCSS1)NCCCCCNc1c2c(nc3ccccc13)CCCC2,7.734650611877441,4.643265724182129,6.188958168029785
COc1ccc(-c2cc3c4c(ccc(OC)c(OC)c4oc4c3o2)cc1OC,,,
COc1cc2c(cc1OC)C(=O)C(Oc1ccc(CN3CCCC3)cc1)C2,6.824907302856445,4.470914363861084,5.647910833358765
COc1cc2c(cc1OC)C1=C(CCN1CCCC1)CC2,,,
c1ccc(CCNc2c3c(nc4ccccc24)CCCC3)cc1,6.267741680145264,3.813615322113037,5.04067850112915
CCN(CCCOc1ccc2c(=O)c3ccccc3oc2c1)Cc1ccccc1,5.718754768371582,4.666387557983398,5.19257116317749
O=C1c2ccccc2-c2nc3nnnn3nc21,4.122465133666992,3.952200412750244,4.037332773208618
CNC(=O)Oc1cccc(Cl)c1,9.084310531616213,5.812822341918945,7.448566436767579
CC#CCN(C)CCc1ccccc1OCCCCCCCCCCCN(C)C,5.267660140991211,5.443618297576904,5.355639219284058
C#CCCCCn1c2cc(OC)c(OC)cc2c2cc3c(cc21)CCCC3,5.679508686065674,5.757025241851807,5.71826696395874
CCCCCCCNCCCCCCCCNCCCCCNCCC,4.786393165588379,4.332953929901123,4.559673547744751
Cc1ccc(C)c(-c2cc3c(nn2)Oc2ccccc2C3=O)c1,5.579314708709717,5.571528434753418,5.575421571731567
COc1cc2c(cc1OC)C(=O)C(=Nc1ccc(Br)cc1)C2,6.053854942321777,5.73641300201416,5.895133972167969
COc1cc(C=CCN2CCCCCC2)ccc1OCc1ccc(Cl)c(Cl)c1,4.685998439788818,4.70709228515625,4.696545362472534
CC1CCN(CCCCCCCCNc2c3c(nc4ccccc24)CCCC3)CC1,8.583345413208008,4.071499824523926,6.327422618865967
Cc1cc(C)cc(NC(=O)C=Cc2cc3ccccc3oc2=O)c1,5.107268810272217,6.446499824523926,5.776884317398071
O=C(Cc1ccc(OCc2cccc(Cl)c2)cc1)NN=CC1CCCCC1,4.625401496887207,4.573691368103027,4.599546432495117
O=C1c2ccccc2C=C1C1CCN(Cc2ccccc2)CC1,5.5025248527526855,4.510513305664063,5.006519079208374
CCCCCCCCCCCCCCCC=CCCCCCCCC[n+]1ccccc1,5.57848596572876,5.3278021812438965,5.453144073486328
Clc1ccc2c(C3=CCNCC3)oc(-c3ccc(OCCCCCCCN4CCCCC4)cc3)c2c1,6.350383281707764,5.310636520385742,5.830509901046753
O=C1NC(=O)C(C=Nc2ccc(OCCC3CCN(Cc4ccccc4)CC3)cc2)O1,6.581369400024414,5.339552879333496,5.960461139678955
Cc1cc(=O)oc2cc(OCc3cccc(Cl)c3)ccc12,4.205096244812012,7.781097412109375,5.993096828460693
NCC1CCC(c2ccccc2)C1,4.918048858642578,2.8645639419555664,3.8913064002990723
CN(C)C1CCCCC1Nc1nnc(-c2ccccc2)c2ccccc12,4.769678592681885,4.534804344177246,4.652241468429565
O=C1c2ccccc2SCCCCCCCNc2c3c(nc4ccccc24)CCCC3)c2ccccc21,,,
COc1cccc(C2CC(c3c4ccccc4cc4ccccc34)=NN2)c1,6.703367233276367,7.768393516540527,7.235880374908447
Cc1cc(O)ccc1OCC(=O)NC1CCCCC1O,4.326985836029053,4.289919376373291,4.308452606201172
Nc1onc(C=CC=Cc2ccccc2)c1[N+](=O)[O-],6.032595157623291,4.964354515075684,5.498474836349487
CCCC1=C2CC(CCCCCC(=O)Oc3ccccc3)=CCC2=NN1,6.421263694763184,4.943489074707031,5.682376384735107
Cc1ccc(C2CC(c3c4ccccc4cc4ccccc34)=NN2)cc1,6.888735771179199,7.924262046813965,7.406498908996582
Cc1cccc2[nH]c(C(=O)c3cccc(C#N)c3)cc12,5.178679943084717,5.780356407165527,5.479518175125122
CC(=O)Oc1ccc2c3c1OC(C)(C)C3O,,,
COc1cc2ccoc2c(CCC3CCN(Cc4ccccc4)CC3)n1,7.436893463134766,4.314139366149902,5.875516414642334
O=c1ccoc2ccc(OCCCCCCNc3c4c(nc5ccccc35)CCCC4)cc12,6.876397132873535,5.100113391876221,5.988255262374878
O=c1oc2ccc(OCc3cccc(Cl)c3)cc2c2c1CCCC2,4.775459289550781,7.029666900634766,5.902563095092773
CC(=O)Oc1ccc2c(=O)c(-c3ccccc3)coc2c1,6.513663768768311,5.150580883026123,5.832122325897217
O=C(CCl)N1c2ccccc2SCC1c1ccccc1,5.445474624633789,4.930568695068359,5.188021659851074
COc1cccc(C#Cc2cccc3c2CCCC3=O)c1,4.738454818725586,6.307604789733887,5.523029804229736
O=C1c2ccccc2OCC=CCN1CCCC=C1c2ccccc2Oc2ccccc21,5.117140769958496,5.701592445373535,5.409366607666016
N#Cc1ccccc1OCCCCCCNc1c2c(nc3ccccc13)CCCC2,6.594377517700195,4.867780685424805,5.7310791015625
C#CCNC1CCc2ccc(O)cc21,3.949026107788086,6.000412940979004,4.974719524383545
Cc1cccc(COCC2CCOC2)c1O,4.68605375289917,5.400897979736328,5.043475866317749
CC(=O)Nc1ccc(CCN=C2CC(=O)N3(c4ccccc4)CSC3)c3ccccc32)cc1,,,
[N+]C=Cc1ccc(OCC(=O)NN=Cc2ccc([N+](=O)[O-])o2)cc1,5.871281623840332,5.070722579956055,5.471002101898193
CC1=NOC2C1=C1CCCC2C1=CC=Cc1ccc(OC(=O)c2ccccc2)cc1,5.814952850341797,6.519538879394531,6.167245864868164
O=C1CCc2cc(OCCCCCNc3c4c(nc5ccccc35)CCCC4)ccc2N1,7.571161270141602,5.2855544090271,6.428357839584351
CC(C)C1=NC2CCC34CC35C(=O)CC3(C)C5CCC4C(=O)C(O)CC3C2=N1,7.527579307556152,8.653685569763184,8.090632438659668
CNC(CCCCCCCCN=C1CC(=O)C(=NCCCCCCCN(CC)Cc2ccccc2OC)CC1=O)Cc1ccccc1O,7.025940895080566,5.311880588531494,6.16891074180603
CNC(=O)C=Cc1ccc2occ(CCCCNc3c4c(nc5cc(Cl)ccc35)CCCC4)c2c1,7.864924430847168,5.329562187194824,6.597243309020996
C=C1C=C(N2CCCCC2)Cc2ccccc21,5.368012428283691,5.376516819000244,5.372264623641968
O=C1COc2ccc(C=CC=Cc3cccc(Cl)c3)cc2C1,4.00751543045044,6.946627616882324,5.477071523666382
c1ccc2c(NCCCCCCCNc3c4c(nc5ccccc35)CCCC4)c3c(nc2c1)CCCC3,8.578527450561523,3.9845199584960938,6.281523704528809
Fc1ccc2c(CCc3ccccc3)n[nH]c2c1,5.081298351287842,6.21739673614502,5.649347543716431
O=C1c2ccccc2-c2nonc21,3.6670680046081534,4.588937282562256,4.128002643585205
Cc1ccc(-c2cc(C(=O)NC3CCCCC3)c3c(C)noc3n2)cc1,6.075052261352539,5.563439846038818,5.819246053695679
Clc1ccccc1C1CC(c2c3ncccc3cn3ccnc23)=NN1,6.824700355529785,6.400435924530029,6.612568140029907
O=C(CCc1c[nH]c2ccccc12)Nc1ccccc1OC(F)(F)F,6.075811862945557,5.626013278961182,5.850912570953369
Cc1c(CF)c2ccc(OCc3ccc(C(F)(F)F)cc3)cc2oc1=O,5.041946887969971,7.687207221984863,6.364577054977417
CC(C=Cc1ccccc1)=CC=CC=CC(=O)c1ccccc1,3.3811843395233154,6.084135055541992,4.732659697532654
O=c1cc(CCCCCCCCCCCc2cccnc2)co1,,,
Cc1c(C)c2ccc(OCCCCCCCNc3c4c(nc5ccccc35)CCCC4)cc2oc1=O,7.067000389099121,5.670331954956055,6.368666172027588
CC(=NNC(=O)c1cc(O)cc(O)c1)c1ccccc1O,5.234664440155029,4.607450485229492,4.921057462692261
COc1cc2c(cc1OC)C(=O)C(Oc1ccc(F)cc1)C2,6.676052093505859,5.281782627105713,5.978917360305786
CC1=NN(c2ccc(C(=O)O)cc2)C(=O)C1=Cc1cccs1,6.307306289672852,5.161725044250488,5.73451566696167
C#CCN(CCCCCC)Cc1csc(CCCCCCCNc2c3c(nc4ccccc24)CCCC3)n1,6.798075199127197,5.324199199676514,6.0611371994018555
CCC(CO)NC(=O)C1=CC2c3cccc4[nH]cc(c34)CC2N(C)C1,5.300851345062256,5.720049858093262,5.510450601577759
C#CCN(C)Cc1cc2cc(OCc3ccccc3)ccc2n1C,4.42890739440918,7.657023429870605,6.042965412139893
CCCCCCCCCCCCNc1c2c(nc3ccccc13)CCCC2,6.314010620117188,4.791994094848633,5.55300235748291
O=C1Cc2cc(OCc3ccc(Cl)c(Cl)c3)ccc2O1,3.896446466445923,7.750744342803955,5.823595404624939
CNC1=CC(=COc2ccc(C(=O)C(F)(F)F)cc2)C=C1,5.124534130096436,5.956992149353027,5.5407631397247314
NC1=NC(=O)C(c2c[nH]c3ccccc23)=N1,4.600093841552734,4.911481857299805,4.7557878494262695
CC(=O)c1cccc(C(=O)Nc2coc3ccccc3c2=O)c1,6.5190110206604,5.294719696044922,5.906865358352661
O=C(CCCCCCCCCCCCCCCC[n+]1ccccc1)c1ccccc1,6.052545547485352,4.961674690246582,5.507110118865967
O=C1Cc2ccccc2C(=O)C1=NNc1ccc(Cl)cc1,4.823085784912109,5.917783260345459,5.370434522628784
O=C(CCc1c[nH]c2ccccc12)Nc1ccc2c(c1)OCCO2,5.601393222808838,5.801366329193115,5.701379776000977
COC1=CC=CC1=[N+]2CCCC2=CC1=Nc2ccccc2C1=O,5.055799961090088,5.791017532348633,5.42340874671936
Cc1cccc2c1NC(=O)C2=NNc1ccc(C(=O)O)cc1,5.98783540725708,4.889287948608398,5.438561677932739
O=C1Nc2ccccc2C1=Cc1ccc2c(C=O)c[nH]c2c1,5.591269016265869,7.350568771362305,6.470918893814087
C#CCN(C)Cc1cc2cc(OCCC3CCN(Cc4ccccc4)CC3)ccc2n1C,6.383633136749268,5.55838680267334,5.971009969711304
Fc1ccc(COc2ccc3c(c2)CCNCC3)cc1,4.0438103675842285,6.042360305786133,5.043085336685181
O=C(NCc1ccco1)c1cc2ccccc2oc1=O,6.805908203125,4.86563777923584,5.83577299118042
Cc1ccc(CSc2nc3cc([N+](=O)[O-])ccc3s2)cc1,5.751269340515137,6.495674133300781,6.123471736907959
Fc1ccc(C2=CCNCC2)cc1,3.7212724685668954,5.496601104736328,4.608936786651611
Cc1c2ccccc2c(C)c2onc(CC(C)C)c12,5.077775001525879,4.631270408630371,4.854522705078125
CN(C)CCCCCCCCCCCNc1c2c(nc3ccccc13)CCCC2,7.01920223236084,4.246811866760254,5.633007049560547
O=C(F)F,-0.7000041007995605,7.057737827301025,3.1788668632507324
O=C1NC(=O)c2cc(OCCCCCCCCCNc3c4c(nc5ccccc35)CCCC4)ccc21,8.12973403930664,6.113667011260986,7.1217005252838135
O=C1Cc2cc(OCc3cccc(Cl)c3)ccc2O1,4.404440879821777,7.582720756530762,5.9935808181762695
O=[N+]([O-])c1ccccc1NN=Cc1coc2ccccc2c1=O,5.9975128173828125,4.488738059997559,5.2431254386901855
O=C(C#CCN1CCOCC1)Nc1ccc2c(c1)OCO2,4.730052471160889,4.80090856552124,4.7654805183410645
O=S(=O)(c1ccccc1Cl)N1CCCCC1,5.40117073059082,4.589101314544678,4.995136022567749
CCOC(=O)c1sc2cc(C(=O)c3ccccc3)ccc2c1C,5.649385452270508,4.716232776641846,5.182809114456177
Fc1ccc2c(c1)C(=Cc1nc3ccccc3[nH]1)CN2,6.321424961090088,6.442479133605957,6.3819520473480225
Cc1cc2c(OCC(=O)OCCO)coc2cc1O,4.756726264953613,5.15136194229126,4.9540441036224365
COc1cccc(C=CC#Cc2ccccc2C)c1O,4.512258529663086,6.653711318969727,5.582984924316406
CSc1ccc(C(=O)C=CCN2CCC(c3ccc(Cl)cc3)CC2)cc1,4.179855823516846,4.36048698425293,4.270171403884888
CCN(CC)CCCCCCOc1ccc2c(c1)C(=O)C(=NCc1ccc(OC)cc1)C2,5.699299335479736,5.72325611114502,5.711277723312378
CCOC(=O)c1cc2c(=O)n3cccc(CC)c3oc2oc1=O,,,
O=C1NCCc2cc(OCCCCNc3c4c(nc5cc(Cl)ccc35)CCCC4CCOCC43CC3)ccc21,,,
CC(=O)c1sc(NN=Cc2cccc([N+](=O)[O-])c2)nc1C,6.39749813079834,4.888216972351074,5.642857551574707
CCOc1ccc2oc3cc(C)ccc3c(=O)c2c1,5.081497669219971,5.672000408172607,5.376749038696289
CC1=CC2Cc3nc4cc(Cl)ccc4c(NCCCCCCCNC(=O)c4ccoc4)c3C(C1)C2,8.332551956176758,4.894144535064697,6.6133482456207275
Oc1ccc(-c2ccccc2)c2ccc(C=C3CCNCC3)cc12,4.3838300704956055,5.857935905456543,5.120882987976074
CC1=NOC(=O)C1=Cc1ccc2[nH]c3ccccc3c2c1,6.030411243438721,7.490410804748535,6.760411024093628
COc1cc2c(cc1OC)C(=O)C(CC1CCN(CCNc3c4c(nc5cc(Cl)ccc35)CCCC4)CC1)C2,8.969401359558105,4.56959867477417,6.769500017166138
COc1cc2c(=O)n3c(nc2cc1OC)CCCC3,5.7017693519592285,4.679767608642578,5.190768480300903
CN(C)CC=CC(=O)Nc1cc2ccccc2c(OCCCN3CCCCC3)c1,5.857101440429688,4.288710594177246,5.072906017303467
O=C1c2ccc(O)cc2OC(F)(F)Br)c2cc(O)ccc21,,,
O=C(Nc1cccc(Cl)c1)Nc1cccc(-c2cccc3c(=O)cc(N4CCOCC4)oc23)c1,5.976546764373779,5.532027244567871,5.754287004470825
Cc1ccc2c(c1)C(=O)C(=O)N2CCCOc1ccccc1,5.733039855957031,6.243813514709473,5.988426685333252
O=C1Cc2ccccc2S(=O)(=O)c2ccc(Cl)cc21,5.31953763961792,6.580562591552734,5.950050115585327
CC(=O)c1cccc(-c2cnc3[nH]ccc3c2)c1,5.0180487632751465,6.212108612060547,5.615078687667847
Cn1nc(CCCCCCCCNc2c3c(nc4cc(F)ccc24)CCCC3)c2ccccc2c1=O,8.56214427947998,4.835612773895264,6.698878526687622
COc1ccc2c(=O)c(-c3cc4ccccc4oc3=O)coc2c1,5.899646759033203,5.706119060516357,5.80288290977478
O=C(c1ccccc1)c1cc2cc(OCCCCCCNc3c4c(nc5ccccc35)CCCC4)ccc2oc1=O,6.497617721557617,4.852412700653076,5.675015211105347
O=C(O)c1c2ccc(C3CCCC3)c-2[nH]c2ccccc12,6.1905035972595215,5.992929935455322,6.091716766357422
O=C(CCC1CCN(Cc2ccoc2)CC1)c1ccccc1O,7.07525634765625,4.18394947052002,5.629602909088135
O=C1c2ccccc2-c2nc3nnnn3nc21,4.122465133666992,3.952200412750244,4.037332773208618
CNC(=O)C=Cc1ccc2cc(OCc3ccccc3)ccc2c1,4.468023300170898,7.2220940589904785,5.8450586795806885
COC=C1CC=C(C)CCC1=O,3.721004009246826,5.194955348968506,4.457979679107666
CCC(=O)c1c(O)cccc1OCCCCCCCNc1c2c(nc3ccccc13)CCCC2,7.740160942077637,5.042712211608887,6.391436576843262
CN(C)C(=O)Oc1ccc2c(c1)OC(=O)CC2=NNc1ccc(OC(F)(F)F)cc1,6.886875629425049,5.036987781524658,5.9619317054748535
Clc1ccc2c(c1)OC(Cn1ccnc1)CC2,4.90095853805542,5.320540904998779,5.1107497215271
O=[N+]([O-])c1cc2ccccc2cc1NCCCCCCCCNc1c2c(nc3ccccc13)CCCC2,7.458895206451416,5.018154621124268,6.238524913787842
C#CCN(C)Cc1cc2cc(OCc3ccccc3)ccc2n1C,4.428907871246338,7.657023429870605,6.042965650558472
COc1ccc2c3cc(C)c(C)cc3n(CCCCCCCCNc4c5c(nc6ccccc46)CCCC5)c12,,,
CCCCCNC1=C2CC(C)CCC2C1=O,5.595478057861328,4.46441125869751,5.029944658279419
CC1=CC=CC2C1C(c1ccc(OCCCN3CCCCC3)cc1)C1CCCCC1,,,
O=C(OCC#CCN1CCOCC1)c1cccc([N+](=O)[O-])c1,4.365875720977783,5.250351905822754,4.8081138134002686
O=C1CCc2ccc(OCCCCCNc3c4c(nc5ccccc35)CCCC4)cc2N1,7.586210250854492,5.279542446136475,6.432876348495483
Cn1nc(I)c2c(=O)c3ccccc3cc2C1,,,
O=C(COc1ccc(Cl)cc1)C(O)c1ccccc1,3.96125054359436,5.069674015045166,4.515462279319763
CCC(=O)c1cc(OCCCCCCOc2ccc(O)c(C)c2)ccc1O,5.808947563171387,6.689327239990234,6.2491374015808105
Cc1c2c(nc3ccccc13)CCCC2,5.553248405456543,3.903337001800537,4.72829270362854
COc1ccc(C=CCCC2CNC2=CC=CC3CC2OC3=O)cc1,,,
Cc1oc2cc(OCCCCCCCCCNc3c4c(nc5ccccc35)CCCC4)ccc2c1C,7.220963478088379,5.50837516784668,6.364669322967529
O=C1c2ccccc2-c2nc3nnnn3nc21,4.122465133666992,3.952200412750244,4.037332773208618
O=C1Nc2ccccc2C1=C1NOCCC1(O)CO,4.424977779388428,5.33113431930542,4.878056049346924
O=C1CCc2cc(OCCCCCCCNc3c4c(nc5ccccc35)CCCC4)ccc21,7.725111961364746,5.43848180770874,6.581796884536743
COc1cc2c(c3ccc(OC)cc1)CCCC2,,,
O=C(COc1cccc2cccnc12)NCCCCCCCCCNc1c2c(nc3cc(Cl)ccc13)CCCC2,8.142867088317871,5.15962028503418,6.651243686676025
Cc1c2cccc(OCc3cccc(Br)c3)c2nn1C,4.993803977966309,6.894067764282227,5.943935871124268
CN(Cc1ccccc1)Cc1cc2cc(OCc3ccccc3)ccc2[nH]1,4.900721073150635,4.83539628982544,4.868058681488037
O=C(NCCC1CCNCC1)c1[nH]c2cc(Br)ccc2c1C1CCCCC1,6.987399101257324,4.862616062164307,5.925007581710815
CN(C)c1ccc(C=C2C(=O)c3ccccc3C2=O)cc1,5.4262285232543945,6.793957233428955,6.110092878341675
O=C(c1ccc2cc(O)ccc2c1)c1ccccc1O,4.59463357925415,5.54237699508667,5.06850528717041
O=C(c1cccc(N2CCCCC2)c1)N1CCCCC1,5.286500930786133,4.490192413330078,4.8883466720581055
COc1cc2c(cc1OC)C(=O)C(Cc1ccc(CCCCNc3c4c(nc5ccccc35)CCCC4)o1)C2,7.717839241027832,4.72465181350708,6.221245527267456
CC(=O)C(F)(COc1ccc(Br)cc1)C(C)C,4.358592033386231,7.837980270385742,6.098286151885986
COc1c(C)c2c(=O)oc3ccc(NCc4ccccc4)cc3c2c1C,,,
COc1ccc2c(C)cccc2c1,4.02947998046875,6.59661865234375,5.31304931640625
Cc1noc(C)c1-c1ccc2ncnc(NCCC(C)C)c2c1,4.68436336517334,6.31436014175415,5.499361753463745
c1ccc2c[n+](CCCCCCCCCCCCOc3ccc4[nH]cc(C[n+]5ccccc5)c4c3)coc2c1,,,
Cc1ccc(NC2CC(C(=O)O)C2)cc1,4.072956085205078,3.5427963733673096,3.807876229286194
Cc1ccc(NC(=O)c2cc3ccccc3oc2=O)cc1,5.97817850112915,6.054018974304199,6.016098737716675
N#Cc1c2c(c(OCC3CC3)n1)CCCCC2,,,
c1ccc2c(c1)oc1ccccc12,3.66455078125,3.7693495750427246,3.7169501781463623
c1ccc2c(NCCCCCCCCNc3c4c(nc5ccccc35)CCCC4)c3c(nc2c1)CCCC3,8.564793586730957,4.056234359741211,6.310513973236084
Nc1ccc2c(c1)CCC2=Cc1ccccc1,4.466327667236328,5.5028910636901855,4.984609365463257
Cc1cccc(NC(=O)c2ccnc3cc(C(=O)NC4CC4)sc23)c1,6.914578437805176,5.200408935546875,6.057493686676025
O=C(Oc1ccccc1Cl)c1cc2ccccc2oc1=O,6.428943157196045,5.256743907928467,5.842843532562256
C#CCCCCCCCCCCCNCCCCCCCCCNCCC,5.070530891418457,5.721920967102051,5.396225929260254
O=C(C=Cc1cccc([N+](=O)[O-])c1)OC1COCO1,3.9642467498779297,5.353574752807617,4.658910751342773
N#Cc1ccc2c(=O)oc3ccc(OC(=O)CCCc4ccccc4)cc3c2c1,5.451550483703613,6.309013366699219,5.880281925201416
O=C1CCc2cc(Cl)cc(OCCCCCCNc3c4c(nc5ccccc35)CCCC4)c2N1,8.063604354858398,5.040017127990723,6.5518107414245605
COc1ccc(-c2cc3cc(OC)ccc3oc2=O)cc1,5.438525199890137,6.782475471496582,6.110500335693359
COc1cccc2c1OC(=O)C=C2c1ccc2[nH]c3c(c2c1)CCCC3,6.019336700439453,5.467588424682617,5.743462562561035
Cc1cc(C2CC(F)CN(C)C2)on1,4.67786979675293,5.576046943664551,5.12695837020874
CCNCCCCCCCCCCCN=C1CCC(=O)C(=NCCCCCCN(CC)Cc2ccccc2O)CC1,7.45225715637207,5.248938083648682,6.350597620010376
N#Cc1cccc(C2=NN(CCCCCCNCC(O)c3ccc(Cl)c(Cl)c3)C(c3ccccc3O)C2)c1,5.94618558883667,5.29355525970459,5.61987042427063
COc1cc2c(cc1OC)C(=O)C(Oc1ccc(C)c(C)c1)C2,6.775121688842773,5.3639655113220215,6.0695436000823975
CC(C)Oc1cccc(C=Cc2cc[n+](C)cc2)c1,4.45618200302124,3.866675853729248,4.161428928375244
CC(=O)OCC1OC(n2ccc(COc3ccccc3C)n2)C(OC(C)=O)C1OC(C)=O,4.281805992126465,4.918393135070801,4.600099563598633
CC1CC(C)CN(C(=O)c2cc3ccccc3oc2=O)C1,4.981330394744873,4.072760581970215,4.527045488357544
O=C(O)c1ccc2c(c1)C(=O)c1cc(O)ccc1C2=O,6.038127899169922,6.242628574371338,6.14037823677063
Cc1cccc(C=CCc2cc[n+]3ccc(C#N)cc3)c1,,,
COc1cc2c(cc1OC)CC1CCCCC1C2=C(C)C,5.34593391418457,4.638741970062256,4.992337942123413
Cc1cc(=O)oc2cc(OCCOCC3CCCO3)ccc12,4.819311141967773,6.362278938293457,5.590795040130615
O=C1c2ccccc2-c2nnc(-c3ccccc3)cc21,4.993725776672363,5.196288108825684,5.095006942749023
NCCCCCNCCOc1ccc2c(c1)C(=O)CCC2,4.410459518432617,5.545172691345215,4.977816104888916
O=c1ccoc2ccc(OCc3cccc(F)c3)cc12,4.3227128982543945,7.554745674133301,5.938729286193848
c1ccc2c(NCCCCCCCCNc3c4c(nc5ccccc35)CCCC4)c3c(nc2c1)CCCC3,8.564793586730957,4.056234359741211,6.310513973236084
N#Cc1cc2c(nc1SCCCCCCCCCNc1c3c(nc4ccccc14)CCCC3)CCC2,7.3074235916137695,5.064358234405518,6.1858909130096436
CC#CCC1C2=CCCC2=CCN1CCC2,,,
Cc1c(C)c2ccc(OS(=O)(=O)C3CC3)cc2oc1=O,7.469136238098144,5.997377395629883,6.733256816864014
CC(C)Cc1cc(-c2ccc3[nH]cc(CCN(C)C)c3c2)on1,5.075634002685547,5.038451671600342,5.057042837142944
O=C1CCc2ccc(OCCCCCNc3c4c(nc5ccccc35)CCCC4)cc2N1,7.586210250854492,5.279542446136475,6.432876348495483
C#CCCN(C)Cc1cc2cc(OCc3ccccc3)ccc2n1C,4.590379238128662,7.413834571838379,6.0021069049835205
CC(C)=CC(=O)c1cc2ccccc2oc1=O,4.693342208862305,4.912912845611572,4.8031275272369385
CC(=O)c1ccc2c3c(cccc13)C2=O,5.992563724517822,6.212734699249268,6.102649211883545
CN(C)CCCc1c[nH]c2ccc(OCc3ccccc3)cc12,4.032745361328125,5.423886775970459,4.728316068649292
CCC=CCN1CCC(=C2c3ccccc3Sc3ccc(Cl)cc32)CC1,5.477030277252197,4.530787467956543,5.00390887260437
Cc1cccc(C(=O)N(C)Cc2cccc(Br)c2)c1,4.735161304473877,3.955113649368286,4.3451374769210815
O=C1NC(=O)C2=C1c1cn(c3ccccc13)CCCOCCOCCOCCn1cc2c2ccccc21,4.524148941040039,5.032439231872559,4.778294086456299
COc1cc2c(=O)n(CCC3CCCN(Cc4cccc(C(C)=O)c4)C3)sc2cc1Cl,7.181645393371582,4.657581329345703,5.919613361358643
CNC(=O)CCc1coc2cc(OCc3cccc(Br)c3)ccc12,5.458310604095459,7.251692771911621,6.35500168800354
CSc1ccc(C=C2CCC(=C3CCCCC3)CC2=O)cc1,5.098152160644531,5.586089611053467,5.342120885848999
C#Cc1cccc(CN(C)CCCOc2ccc3c(=O)c4ccccc4oc3c2)c1,4.573343276977539,6.193389892578125,5.383366584777832
Cc1cccc(NC(=O)c2cc3ccccc3oc2=O)c1,5.8737406730651855,5.983683109283447,5.928711891174316
O=C(O)c1cccc(NC(=O)c2cc3ccccc3oc2=O)c1,6.740345001220703,6.13877010345459,6.4395575523376465
COc1ccc2c(c1)C(=Cc1cnc[nH]1)CC2,4.606931686401367,6.6776628494262695,5.642297267913818
Cc1ccc(OCCCCCCNc2c3c(nc4ccccc24)CCCC3)cc1,6.878207683563232,4.890616416931152,5.884412050247192
Cc1cc(O)cc(C)c1C=CC(=O)C=Cc1ccc2c(c1)OCO2,4.5295915603637695,6.179465770721436,5.3545286655426025
Cc1c2c(nc3ccccc13)CCCC2,5.553248405456543,3.903337001800537,4.72829270362854
COc1cc2c(cc1OC)C(=O)C(Oc1ccc(CCCNc3c4c(nc5ccccc35)CCCC4)cc1)C2,6.829174995422363,4.8059163093566895,5.817545652389526
CCOc1cc2c(cc1OC)CCC2=O,6.957438945770264,4.680577754974365,5.8190083503723145
CSc1ccccc1COc1ccc2c(C)c(C)c(C)c(=O)oc2c1,,,
O=C1C=CC(=O)c2cnc(-c3ccc(OCCC[n+]4ccc(O)cc4)cc3)nc21,6.638929843902588,6.156460285186768,6.397695064544678
CN(C)C(=O)Oc1ccc2c(c1)OCO2,6.215778350830078,4.1460490226745605,5.180913686752319
O=c1ccoc2ccc(OCc3ccc(Cl)cc3)cc12,3.986499547958374,7.444510459899902,5.715505003929138
CCOc1ccc(-c2cc3c(=O)n(CC)c(CC)cc-3o2)cc1,,,
COc1cc2c(cc1OC)-c1cc3c(OC)cccc3cc1C2=O,5.976711750030518,6.189629077911377,6.083170413970947
O=c1oc(CCc2ccccc2Cl)nn1CCCOCCO,6.191429615020752,6.305649757385254,6.248539686203003
N#Cc1ccc(-c2ccc(OCCCCCCCCNc3c4c(nc5ccccc35)CCCC4)o2)cc1,6.249433994293213,5.308328628540039,5.778881311416626
Clc1ccc(C2CC3CCC(C2)N3Cc2ccc3c(c2)OCCO3)cc1,5.837151050567627,5.627617835998535,5.732384443283081
Cc1[nH]c2c([N+](=O)[O-])cccc2c1C1=CCCCC1,5.087810039520264,6.204554080963135,5.646182060241699
CC1=Nc2cc(C(=O)COC(=O)C(C)C3CCCCC3)ccc2Sc2ccccc21,5.364739418029785,5.517477989196777,5.441108703613281
O=c1ccoc2ccc(OCCCCCN3CCCC3)cc12,5.623725891113281,5.728702545166016,5.676214218139648
CC(=O)C1=C(C)OC2=CCCCC2C1=O,4.6350178718566895,5.257256507873535,4.946137189865112
O=C(O)c1ccc(-c2ccccc2-c2ccccc2)nc1C(=O)c1ccccc1,5.344616413116455,4.884891033172607,5.114753723144531
O=C(C=CC=Cc1ccccc1)Nc1cccc(SC(=O)N2CCCC2)c1,4.947063446044922,5.775083541870117,5.3610734939575195
O=C1c2cccc3cccc(c23)C(=O)N1c1ccc([N+](=O)[O-])cc1,5.345127105712891,6.077767848968506,5.711447477340698
CC1=NOC(=O)C1=Cc1c[nH]c2ccccc12,5.65450382232666,6.761849880218506,6.208176851272583
N#Cc1ccc(OC(=O)CCc2c[nH]c3ccccc23)cc1,5.530269622802734,6.327831745147705,5.92905068397522
CN(C)c1ccc(C=C2CCCCC2=O)cc1,4.990917682647705,5.982043743133545,5.486480712890625
O=C1c2ccccc2-c2nc3nnnn3nc21,4.122465133666992,3.952200412750244,4.037332773208618
CCCCCCCCCCCCCCCNC(C)C,4.815096378326416,5.419745922088623,5.1174211502075195
N#Cc1ccc(C(=O)Nc2ccc(CCN3CCCC3)cc2)cc1,5.111461162567139,4.982404708862305,5.046932935714722
O=C1CCCc2cc(OCCCc3ccccc3)ccc21,4.991001129150391,6.239250659942627,5.615125894546509
C#CCCCCOc1ccc2c(=O)c3cc(CC)ccc3oc2c1,4.045171737670898,6.89924955368042,5.472210645675659
CC(=O)c1cccc(-c2cc3c(=O)oc4ccccc4c3o2)c1,6.039557933807373,4.7236857414245605,5.381621837615967
CN(C)C(=O)Oc1ccc2c(c1)C1OC(=O)C2OC(=O)c3ccccc3C21,,,
O=c1oc2ccccc2cc1OCCCCCCCCCc1ccn[nH]1,5.422558784484863,6.637552261352539,6.030055522918701
Cc1c2ccccc2n1CCCCCC=CCCCCCCN=C(C)C,,,
CNC(C)(C)c1ccc(C(=O)CCCCCCCCCNc2c3c(nc4ccccc24)CCCC3)cc1,7.868207931518555,4.593628883361816,6.2309184074401855
C#CCNCCCOc1ccc2c(=O)c3ccccc3oc2c1,4.551297187805176,5.968844413757324,5.26007080078125
Cc1c2cc(=O)oc2c(C)c2occc12,,,
COc1ccc2c(=O)cc(CCCCCC(=O)NCCCCCCCCNc3c4c(nc5cc(OC)ccc35)CCCC4)oc2c1,8.318819046020508,5.15057897567749,6.734699010848999
CC1COc2ccc(OC(=O)NCc3ccccc3)cc2C1=O,8.077381134033203,5.295510292053223,6.686445713043213
COc1cccc2c1OCC(CNCCCCCCCNc1c3c(nc4ccccc14)CCCC3)O2,7.437049865722656,4.42835807800293,5.932703971862793
O=C(C=Cc1ccccc1)N1CCCC1,5.246918678283691,5.33782434463501,5.292371511459351
O=C(CCl)COc1ccc(COc2ccc(Br)cc2)cc1,3.569680690765381,7.431109428405762,5.500395059585571
Oc1occ2ccc(OCCCCCN3CCC(c4ccccc4)CC3)cc12,5.342790126800537,5.988131046295166,5.665460586547852
Cc1ccccc1C=CC=NNc1nc(Nc2cccc(Cl)c2)ncc1C#N,5.807674407958984,5.325002193450928,5.566338300704956
COc1cccc(NC(=O)c2cc3ccccn3c2C(=O)O)c1,6.059235572814941,5.343396186828613,5.701315879821777
COc1cc2ccccc2cc1OCCCCCCCCCCCNCCCCCCCNCCO)c1ccccc1OC,,,
CC1=CC2Cc3nc4cc(Cl)ccc4c(NCCCCCCCCCNc4c5c(nc6ccccc46)CCCC5)c3C(C1)C2,8.753646850585938,4.46848201751709,6.611064434051514
CC1=NOC2CCCC2C1=Nc1cc(F)c(F)cc1F,6.222958564758301,6.938935279846191,6.580946922302246
O=C1CCc2ccc(OCCCCCCNc3c4c(nc5ccccc35)CCCC4)cc2N1,7.6467509269714355,5.350149154663086,6.498450040817261
CNC(=O)C=Cc1coc2cc(OCc3cccc(Cl)c3)ccc12,4.599719047546387,7.27056884765625,5.935143947601318
CCC1(O)C(=O)OC2CCCCC2O1,4.888999938964844,6.50770378112793,5.698351860046387
O=C(CCCCCCCCCCCNc1c2c(nc3cc(Cl)ccc13)CCCC2)NCc1ccco1,8.15916633605957,5.121753692626953,6.640460014343262
O=C(C=Cc1cccc(Cl)c1)N1CCCCC1,5.231528282165527,4.982070446014404,5.106799364089966
Cc1ccc2c(c1)C(=O)c1cc(OCCCCNc3c4c(nc5ccccc35)CCCC4)ccc1-2,6.93023157119751,5.486798286437988,6.208514928817749
O=C(c1cccc(C#Cc2ccccc2)c1)N1CCCC1,4.614144802093506,4.951848983764648,4.782996892929077
Cc1c(F)cccc1NC(=O)c1ccc2cc(C(=O)O)ccc2c1,5.573672771453857,6.420948028564453,5.997310400009155
Cc1nc([N+](=O)[O-])c(OCCCCCCCCCCOc2coc(-c3ccc(O)c(O)c3)n2)c1C,,,
CCCc1c2c(nc3cc(OCCc4ccccc4)ccc13)CCC2,4.844578742980957,5.095645427703857,4.970112085342407
COc1cc2c(cc1OC)C(=O)C(c1ccccc1OC)C2,6.671048164367676,5.09548282623291,5.883265495300293
Cc1cccc(C=CCc2c[n+]3ccc(CCCC(=O)O)cc3s2)c1,5.440436363220215,5.061460018157959,5.250948190689087
COc1ccc(C2CC(c3ccc(C)cc3)=NN2)cc1,5.922029495239258,6.470231056213379,6.196130275726318
N#CCOCCOc1ccc2c(=O)c3ccccc3oc2c1,4.394162654876709,5.466976165771484,4.930569410324097
c1ccc(COCC2=NCCN2)cc1,5.250010967254639,4.77284049987793,5.011425733566284
O=C(c1ccccc1)c1cccc(OCc2cccc(Cl)c2)c1,4.322558879852295,5.064011096954346,4.69328498840332
O=C1C=CC(=CNNCc2ccccc2F)C=C1O,4.075860977172852,5.850908279418945,4.963384628295898
CC1CCCN1CCc1cc2cc(C(=O)c3ccc(Cl)cc3)ccc2o1,5.750223636627197,4.87175178527832,5.310987710952759
O=C(CC=CCc1ccco1)N=C1CCCCC1,5.6860761642456055,5.490261554718018,5.5881688594818115
O=C1c2ccccc2-c2nnc(-c3ccccc3F)nc21,4.647554397583008,4.806332111358643,4.726943254470825
CC1=CC(C)(C)Nc2ccc(Cl)cc21,5.534824371337891,5.10789155960083,5.32135796546936
c1ccc(CN=Cc2c[nH]c3ccccc23)cc1,4.20385217666626,4.469996929168701,4.3369245529174805
CN1CCCC1CCOCC(=O)c1ccccc1,5.30789041519165,4.772970199584961,5.040430307388306
O=C1N=C2C1CCC=CC2C1CCCCCCN1CCCCC1,,,
N#CCCn1nc(-c2cccc(Cl)c2)oc1=O,6.242490768432617,6.191580295562744,6.217035531997681
CCCNC1CCCc2cc(OC)ccc2C1,3.953402996063232,3.613760709762573,3.7835818529129024
COc1ccc2c3c1OC1CC(O)C=CC31CCC2,4.578548908233643,6.1871538162231445,5.3828513622283936
COc1cc2c(cc1[N+](=O)[O-])C(=O)c1ccccc1O2,5.991868019104004,4.862689018249512,5.427278518676758
O=C1Cc2c(OCCCCCCC(=O)NC3CC3)cccc2O1,5.928726196289063,5.701850891113281,5.815288543701172
O=C1CCc2cc(Cc3ccccc3)ccc2N1,5.112232685089111,4.898838996887207,5.005535840988159
CCNC(=O)C=Cc1cc2ccc(OCc3ccccc3)cc2oc1=O,4.75431489944458,6.980526447296143,5.867420673370361
NC(=O)Oc1ccccc1C1CC(=O)c2ccccc2O1,7.574375152587891,5.323111057281494,6.448743104934692
Cc1ccc(CC2CCN(CCCOc3ccc(CCC(=O)Nc4ccc(CCN)cc4)cc3)CC2)cc1,5.197816848754883,4.382432460784912,4.7901246547698975
O=c1c2ccccc2oc2cccc(OCCCCCCNc3c4c(nc5ccccc35)CCCC4)c12,6.7222161293029785,4.222930908203125,5.472573518753052
O=C(CCl)Nc1ccc2ccccc2c1,4.060802459716797,6.4277448654174805,5.244273662567139
CNC(=O)c1cc2cc(Br)ccc2oc1=O,8.540809631347656,5.652481555938721,7.0966455936431885
Cc1cc(C)cc(C(=O)OC(C)C2CCCCC2)c1,4.121883392333984,4.150535106658936,4.13620924949646
FC(F)(F)c1cccc2c1CCC2CCN1CCCNCC1,4.833901405334473,5.172183990478516,5.003042697906494
O=C1C=Cc2cc(OCCCC3CCN(Cc4ccccc4)CC3)ccc2O1,6.236259937286377,5.064031600952148,5.650145769119263
CCCCCCCC=CCCCCCCCCCCC[n+]1ccccc1,5.606542587280273,4.978184223175049,5.292363405227661
Cc1ccc(C(=O)c2ccccc2C(=O)O)cc1,5.188748359680176,5.248894691467285,5.2188215255737305
CC(=O)c1cccc(-c2csc(NN=Cc3cccc(O)c3)n2)c1,5.68447208404541,4.738117694854736,5.211294889450073
O=C(C=C1CCCCC1)Nc1cc2c(cc1F)OCCCO2,4.991673946380615,5.542716026306152,5.267194986343384
N#CCCCCCCCCCCCCNc1c2c(nc3cc(Cl)ccc13)CCCC2,7.515716075897217,5.249312877655029,6.382514476776123
CCCCCCNC(C)CCCCCCCCNc1c2c(nc3ccccc13)CCCC2,6.581506729125977,4.737086296081543,5.65929651260376
Cc1ccc2oc(=O)c(-c3cccc(CC(C)C)c3)cc2c1,4.39995002746582,6.032192230224609,5.216071128845215
N#Cc1ccsc1NC(=O)C1CCCCC1,5.797873020172119,6.114680290222168,5.9562766551971436
N#Cc1ccc(N=C2CC(=O)c3sc(C#Cc4ccccc4)cc32)c(F)c1,5.856681823730469,5.927931785583496,5.892306804656982
CC1=CC2Cc3nc4cc(Cl)ccc4c(NC)c3C(C1)C2,7.7531657218933105,5.263790130615234,6.5084779262542725
O=C1CCc2cc(OCCCCCCNc3c4c(nc5cc(F)ccc35)CCCC4)ccc21,8.298128128051758,5.762816905975342,7.03047251701355
CC1CC2OC2CC(OC(=O)c3ccc(Cl)cc3)OC2=O)O1,,,
CCOc1cccc(C=C2C(=O)ON=C2C)c1OCC,6.07395076751709,5.649564266204834,5.861757516860962
CN(C)CCC=C1c2ccccc2Sc2ccccc21,4.095608234405518,4.210531234741211,4.153069734573364
CCCC1=C(CCC)CCC1C=Cc1cc2c(OCC)cccc2[nH]1,5.409607887268066,4.8998565673828125,5.1547322273254395
Cn1c(COc2ccc(Cl)cc2)nc2ccccc21,4.906248569488525,5.821900844573975,5.36407470703125
CCOc1cccc2cc(C(=O)NCCC3CCN(CCc4ccccc4)CC3)oc12,7.211892127990723,4.648113250732422,5.930002689361572
c1ccc(-c2noc(C3CCCCC3)n2)cc1,5.462538719177246,6.34945011138916,5.905994415283203
COc1cc2c(cc1OC)C(=O)C(Oc1ccc(C#N)cc1)C2,6.351208686828613,4.986063957214356,5.668636322021484
Oc1occ2ccc(OCCCCN3CCC(c4ccccc4)CC3)cc12,5.230462551116943,5.9976301193237305,5.614046335220337
O=C(NC1CCCC1)c1cc2ccccc2oc1=O,5.894197940826416,5.292207717895508,5.593202829360962
COc1ccc(C(=O)C=CC(=O)c2ccccc2OC)cc1,5.514145851135254,5.42389726638794,5.469021558761597
C#CCN(C)Cc1cc2ccccc2n1C,4.767838001251221,6.863555908203125,5.815696954727173
CN(C)CC=CC=CC(=O)Nc1cc2c(cc1Cl)OCO2,4.580108165740967,4.370480537414551,4.475294351577759
CC#CCN(C)Cc1cc2cc(OCc3ccccc3)ccc2n1C,4.811418533325195,7.19118070602417,6.001299619674683
CCNCC=CC=CCC=CC(=O)Oc1cc2c(cc1Cl)C(=O)c1ccccc1O2,4.975824356079102,5.444916248321533,5.210370302200317
COc1cc2c3c(c1)C1CCCCC31CCN(C)C2,4.628310680389404,5.63868522644043,5.133497953414917
CCCc1c2c(nc3cc(F)ccc13)OC(CC)C2,5.754239082336426,5.279480934143066,5.516860008239746
O=C1c2ccccc2-c2nnc(-c3ccccc3)cc21,4.993725776672363,5.196288108825684,5.095006942749023
Cc1ccc2c(CCC3CCN(Cc4ccccc4)CC3)noc2c1,8.225653648376465,4.086016654968262,6.155835151672363
O=C1c2ccccc2C(=O)C1c1coc2ccccc2c1=O,6.491473197937012,5.296539306640625,5.894006252288818
Clc1ccc2c(C3=CCNCC3)c[nH]c2c1,5.442159175872803,6.299971580505371,5.871065378189087
O=C1CCc2ccc(OCCCCCCCCCNc3c4c(nc5ccccc35)CCCC4)cc2N1,7.545176029205322,5.631246089935303,6.5882110595703125
Nc1ccc2c(c1)C(CO)COC2=O,5.321390151977539,5.285151958465576,5.303271055221558
CNC1=NC(=CC=Cc2ccc3cc(C)ccc3[n+]2C)CO1,6.846612930297852,6.143002510070801,6.494807720184326
O=C(C=Cc1cccc(O)c1)OC1COC2C(OC(=O)c3cccnc3)COC12,3.49717378616333,4.864494323730469,4.180834054946899
O=C(CCc1ccccc1)c1ccc2c(c1)OCO2,5.938559532165527,5.551981925964356,5.745270729064941
O=C1CCc2cc(OCCCCCCNc3c4c(nc5ccccc35)CCCC4)ccc2N1,7.614392280578613,5.364870548248291,6.489631414413452
CCCCCCCCCCCNc1c2c(nc3cc(Cl)ccc13)CCCC2,7.123482704162598,4.87553071975708,5.999506711959839
CC(C)C1=NOC2CC3OC4CC(=O)OC4(C)C3C(O)C12,6.417405605316162,6.867866516113281,6.642636060714722
c1ccc(-c2cc(-c3cc4ccccc4oc3=O)c3ccccc3n2)cc1,4.939817428588867,4.861457347869873,4.90063738822937
CCC(=O)c1ccc2c3c(oc2c1)CCC3,5.24923038482666,4.659560203552246,4.954395294189453
NC(=O)c1cc(-c2ccncc2)sc1COc1ccccc1,5.938302516937256,5.9139180183410645,5.92611026763916
O=c1ccoc2ccc(OCc3ccc(Cl)c(Cl)c3)cc12,3.698055028915405,7.538025856018066,5.618040442466736
Cc1ncccc1Oc1ccc(F)cc1C#N,5.996261596679688,6.28685474395752,6.141558170318604
Cc1cccc(C=Cc2cc3c(cc2[N+](=O)[O-])OCO3)c1,5.184940338134766,6.062608242034912,5.623774290084839
O=C1c2ccccc2-[n+]2ccc3c([nH]c4ccccc43)c21,4.619190692901611,5.365114688873291,4.992152690887451
c1coc(CNC2=NCCN2)c1,4.05637788772583,4.442111492156982,4.249244689941406
O=C(C=CC1CC(O)CC(=O)C1)Oc1ccc(Br)cc1,4.077806949615479,4.847477912902832,4.462642431259155
COc1cc2c(cc1OC)C(=O)C(Oc1ccc(CCC(=O)NCCO)cc1)C2,6.272202491760254,4.605016708374023,5.438609600067139
O=C(NCCC1CCN(Cc2ccccc2)CC1)c1ccc2ccoc2c1,6.876753330230713,3.9995079040527344,5.438130617141724
Cc1cc(OCCc2cccc(Cl)c2)c2c(=O)n(C)c(=O)oc2c1,5.795195579528809,7.0072526931762695,6.401224136352539
O=C(Cc1ccsc1)N1CCCOC1=O,5.016315937042236,5.28935432434082,5.152835130691528
COC(=O)c1ccc(-c2ccc(C=CC3=NCCN3)o2)cc1,5.069235801696777,5.429247856140137,5.249241828918457
Clc1ccc2c(c1)CCc1noc3ccccc13,,,
O=C1CCc2ccc(OCCCCNc3c4c(nc5cc(F)ccc35)CCCC4)cc2N1,7.999046802520752,5.414778232574463,6.706912517547607
N#Cc1ccc2cc(OCCCCCCCNc3c4c(nc5ccccc35)CCCC4)ccc2c1,6.684695243835449,5.547647953033447,6.116171598434448
COc1cc(C=C2CCC(=Cc3cc(OC)c(OC)c(OC)c3)C2=O)ccc1O,5.81190824508667,4.717674255371094,5.264791250228882
O=C(Cc1ccc(OC(=O)c2cc3ccccc3oc2=O)cc1)NC1CCCC1,5.849644184112549,4.857382774353027,5.353513479232788
c1ccc(CSc2nnc3ccccn23)cc1,4.730996131896973,4.250603675842285,4.490799903869629
COc1cc2c(cc1OC)C(=O)C=CC2=O,6.879719257354736,5.608450412750244,6.24408483505249
c1ccc2c(c1)CCC2C=CCN1CCN(c2csc3ccccc23)CC1,5.14223575592041,5.116856098175049,5.1295459270477295
CCOCCCCCNC(=O)Cc1ccc(OC)c(OC)c1,6.078964710235596,4.692450523376465,5.38570761680603
COC1C=CC=C(C)C(=O)NC2=CC(=O)c3cccc(Cl)c3C2=O)O1,,,
NC(=O)c1cnc(NC2CC2)c2cc(Cl)ccc12,6.648977756500244,5.445711612701416,6.04734468460083
CNCCc1c[nH]c2cccc(OC)c12,4.4198808670043945,4.326287269592285,4.37308406829834
CCC1CC(=NNc2nc(-c3ccc(OC)cc3)cs2)C(=O)C1,5.767289161682129,6.234233856201172,6.00076150894165
CNc1c2c(nc3ccccc13)CCCC2,7.184840202331543,3.607032775878906,5.395936489105225
COc1c2c(nc3ccccc13)OC1CCCCC1C2=O,5.780169486999512,5.389110565185547,5.584640026092529
c1ccc(OCCNCCCCCCNc2c3c(nc4ccccc24)CCCC3)cc1,6.947799205780029,4.308413505554199,5.628106355667114
O=C(C=Cc1ccccc1)N1CCOCC1,4.90203857421875,6.05163049697876,5.476834535598755
Oc1c2c(nc3ccccc13)CCCC2,5.394965648651123,4.103498458862305,4.749232053756714
NCC(=O)OC1CCCCC1c1ccc(OCCCCCCNc2c3c(nc4ccccc24)CCCC3)cc1,5.656857013702393,5.190463066101074,5.423660039901733
O=C1C(=Cc2ccc(Cl)cc2)COc2ccccc21,4.498709678649902,7.037135124206543,5.767922401428223
C(=Cc1ccccc1)C=C1CCCC2(C)OCC1C2C=CC#CCC1C2,,,
COc1cc2c(cc1OC)CCCC2NCCCCCCCNC(=O)CCCCCCCN=C(c1ccc(O)cc1)C(C)C,6.687772274017334,4.447476863861084,5.567624568939209
CC(F)Cn1cc2c3cc(OCc4ccccc4)ccc3c-2c2ccccc21,,,
N#Cc1cccc(COc2ccc(C3=NCCN3C)cc2)c1,5.528544425964356,6.658926010131836,6.093735218048096
Cc1c2cc(C(=O)NCCc3ccc(Cl)cc3)c(=O)oc2c2c1OC(C)C2,,,
O=C(Nc1ccc(Oc2ccc3oc(N4CCC4)nc3c2)cc1)c1cccc(F)c1,6.921036720275879,6.076798439025879,6.498917579650879
OC1CCCc2cc(OCc3ccc(Cl)c(Cl)c3)ccc21,3.3194985389709477,6.655338287353516,4.9874184131622314
CNC(=O)C=Cc1cc2cc(Br)ccc2oc1=O,5.059682846069336,6.659140586853027,5.859411716461182
CN(C)c1ccc(CC2=c3ccccc3=NC2=O)cc1,5.365333080291748,6.217818260192871,5.79157567024231
COc1cc2c(cc1OC)CC(CC1CCN(Cc3ccccc3)CC1)C2,6.651984691619873,3.4245471954345703,5.038265943527222
CC=C1CC(C)=CC1C(=O)c1ccc(OCCCC)cc1,5.2492995262146,5.696652889251709,5.472976207733154
CCc1c2c(nc3ccccc13)OCC2=O,5.9012532234191895,4.81948184967041,5.3603675365448
CC1=NN(c2ccc(C#N)c(C)c2)C(O)=NC1=O,5.421372413635254,5.238690376281738,5.330031394958496
Cc1noc(C=Cc2ccc(OC(=O)c3ccccc3C)cc2)n1,6.029510974884033,6.050609588623047,6.04006028175354
O=C(CCl)N1CCOCC1c1ccccc1Cl,5.359598636627197,5.364292144775391,5.361945390701294
COc1ccc(C=C2CCCCC2=O)cc1,4.293900966644287,5.6842193603515625,4.989060163497925
COc1cc2c(cc1OC)C(=O)C=C2c1ccc2ccccc2n1,5.945559024810791,5.91901969909668,5.932289361953735
Cc1cc2c(NCCCCCCCCNc3c4c(nc5ccccc35)CCCC4)c3c(nc2c1)CCCC3,,,
Cc1ccc(CN(C)C)c2c1CC(CC=CCCCCNc1c3c(nc4ccccc14)CCCC3)O2,7.103838920593262,3.949361801147461,5.526600360870361
O=C1NC(=O)C(=Cc2ccc(OCCC3CCN(Cc4ccccc4)CC3)cc2)S1,6.335951328277588,5.337573051452637,5.836762189865112
Cc1ccc(CC2CCC(=C3CCN(Cc4ccccc4)CC3)N2C)o1,5.871506214141846,4.477638244628906,5.174572229385376
O=C1CCOc2cc(OCCCCCNc3c4c(nc5ccccc35)CCCC4)ccc21,7.634778022766113,5.3168768882751465,6.47582745552063
CCOc1cc2oc(=O)c([N+](C)(C)Cc3cccc([N+](=O)[O-])c3)cc2cc1OC,6.232371330261231,6.07349967956543,6.15293550491333
O=C(CCc1c[nH]c2ccccc12)NCCCCCCCCNc1c2c(nc3cc(Cl)ccc13)CCCC2,8.786959648132324,4.760194301605225,6.773576974868774
CN(C)C(=O)Oc1ccc2c(c1)OCO2,6.215778350830078,4.1460490226745605,5.180913686752319
Cc1cc2ccc(C#N)c(OCCCCCNc3c4c(nc5ccccc35)CCCC4)c2o1,7.242373466491699,4.662014007568359,5.952193737030029
CC(=O)N1N=C(c2ccc(O)cc2O)CC1c1ccccc1Cl,6.96232271194458,5.500659942626953,6.231491327285767
CN1C2CC(OC(=O)c3ccc(Cl)cc3)C1CO2,4.661101341247559,5.287060737609863,4.974081039428711
COC(=O)c1ccc(OCCCCCNc2c3c(nc4ccccc24)CCCC3)cc1,6.415945053100586,5.104806423187256,5.760375738143921
O=C1c2ccccc2-c2nnc(-c3ccccc3)cc21,4.993725776672363,5.196288108825684,5.095006942749023
O=C1c2ccccc2-c2nc3nnnn3nc21,4.122465133666992,3.952200412750244,4.037332773208618
Cc1cc2cc(Cl)ccc2nc1C(=O)NCc1ccc(CN2CCCCC2)cc1,6.990787982940674,4.008973598480225,5.499880790710449
CCC1=CC2Cc3nc4cc(Cl)ccc4c(NCCCc4ccc(O)cc4)c3C(C1)C2,7.6572723388671875,4.788826942443848,6.223049640655518
Nc1c2c(nc3ccccc13)CCCC2,6.06611967086792,2.2618794441223145,4.163999557495117
CC(C)=CCN1CCc2cc(OCCCCCNc3c4c(nc5ccccc35)CCCC4)ccc2C1,7.422941207885742,4.346896171569824,5.884918689727783
N#CCCCC1CCN(Cc2ccccc2)c2ccccc2O1,4.968287467956543,4.057853698730469,4.513070583343506
CCOC(=O)c1cc2ccccc2oc1=O,6.057555675506592,5.279987812042236,5.668771743774414
O=C(NCc1ccc(Cl)cc1)Nc1ccc2c(c1)OCO2,4.828128814697266,4.714552879333496,4.771340847015381
O=C1Cc2cc(OCc3cccc(Cl)c3)ccc2OC1=O,4.396500587463379,7.875993728637695,6.136247158050537
CCC(=O)Oc1cccc(C(=O)Nc2cc(OC)cc3cccnc23)c1,6.382479667663574,5.296451568603516,5.839465618133545
O=[N+]([O-])Oc1cccc2c1NCCS2,6.277827262878418,4.293677806854248,5.285752534866333
C=CC(=O)N=C1CC=CC2=C1C(=O)c1ccccc1C2=O,4.5456390380859375,6.810247421264648,5.677943229675293
O=C1Cc2c(ccc3cccc([N+](=O)[O-])c23)-c2ccccc2N1,4.797274589538574,6.208378791809082,5.502826690673828
CC(C)(CO)COC(=O)c1cc2ccccc2cc1O,3.158156394958496,5.605136871337891,4.381646633148193
COc1cccc2c3c(n(CO)c12)CCCC3,5.523131847381592,3.644477367401123,4.583804607391357
COc1ccc2c(c1)c(CCNCc1cccc(CCNCC(O)COc3ccccc3)c1)c(C)n2C,5.091629505157471,4.448144435882568,4.7698869705200195
N#Cc1ccc(NC(=O)c2ccc3c(c2)OCCCO3)cc1,4.9434099197387695,6.208533763885498,5.575971841812134
CCOC(=O)c1cc2sccc2n1CCC#N,5.6204094886779785,4.681101799011231,5.1507556438446045
COc1ccc(C=C2SC(=O)N(CCCCCCCCNc3c4c(nc5ccccc35)CCCC4)C2=O)cc1,6.916733741760254,5.396844387054443,6.156789064407349
O=C(CCc1ccc2c(c1)OCO2)NCc1ccco1,5.216375827789307,5.433364391326904,5.3248701095581055
O=C1Cc2ccccc2OC1=O,5.028095722198486,5.55870532989502,5.293400526046753
CCOC(=O)c1cc2ccc(OCCCCNc3c4c(nc5cc(C)ccc35)CCCC4)cc2oc1=O,7.070065021514893,5.050495147705078,6.060280084609985
Cc1c2cc(C)c3c(c2oc2ncccc23)COC1=O,,,
COc1cc2c(cc1OC)C1=CC=CC1C3CCC(O3)C1C2,,,
COc1ccc(CC2CCn3c2nc2ccccc2c3=O)cc1OC,5.768646717071533,5.114678382873535,5.441662549972534
C=C(C)C(O)C=CCOc1ccc2oc(=O)oc2c1,4.406039237976074,6.4496259689331055,5.42783260345459
C=CCON=C1CC(C)C=CC1=O,4.357414245605469,5.923322677612305,5.140368461608887
COc1ccc(C=C2CCCCC(=CC=Cc3ccc(O)c(OC)c3)C2=O)cc1,4.781223773956299,5.961455345153809,5.371339559555054
O=C1CCc2cc(OCc3ccc(Cl)cc3)ccc2N1,3.925088405609131,7.340187072753906,5.6326377391815186
CSc1ccc2c(=O)c(-c3ccccc3)coc2c1,5.002481937408447,5.583990097045898,5.293236017227173
c1ccc2c(CCCCCCCCNc3c4c(nc5ccccc35)CCCC4)coc2c1,7.2827606201171875,4.511061668395996,5.896911144256592
COc1ccc(C(=O)c2coc3cc4c(cc23)OCCO4)cc1,5.1970534324646,4.689637184143066,4.943345308303833
O=C1CCc2ccc(OCCCCCCNc3c4c(nc5ccccc35)CCCC4)cc2O1,7.3126630783081055,5.397111892700195,6.35488748550415
O=c1oc2c(O)c(O)ccc2cc1O,4.964032173156738,4.388538837432861,4.6762855052948
Cc1cc(=O)oc2cc(OCCOc3ccc(F)cc3)ccc12,4.663499355316162,7.554258346557617,6.10887885093689
O=c1ccoc2ccc(OCc3cccc(Br)c3)cc12,3.962345600128174,7.523700714111328,5.743023157119751
Cc1cccc(NCCNC(=O)Cc2cccs2)c1,4.738566875457764,4.407317161560059,4.572942018508911
O=C(CCCCCCCCCNc1c2c(nc3cc(Cl)ccc13)CCCC2)c1cc(=O)c2c(O)cccc2o1,8.689170837402344,4.744309425354004,6.716740131378174
COC(=O)Nc1ccc2c(c1)C(=O)c1ccccc1C2=O,5.295609474182129,6.072662353515625,5.684135913848877
O=C1OCC2C(=CCOC3CCCCC3)c3ccccc3C=C12,4.80655574798584,6.64552116394043,5.726038455963135
O=C1Cc2cc(OCCCCCCCNc3c4c(nc5ccccc35)CCCC4)ccc2N1,7.7714033126831055,5.357068538665772,6.5642359256744385
CCOc1cc2c(cc1OC)C1=CCSCC1C2,5.945817470550537,4.838435173034668,5.3921263217926025
Cc1cc(C=C2CCCN=C2c2ccc([N+](=O)[O-])cc2)cc(O)c1O,5.910759925842285,5.825830459594727,5.868295192718506
COc1cc(C(=O)Cn2c3ccc(OC)cc3c3c4c(c5c6ccccc6n2c5c32)COC4)ccc1O,,,
CN1CCC(c2noc3cc(F)ccc23)CC1,5.099481582641602,6.040590286254883,5.570035934448242
COc1ccc2c(c1)C(=O)C(=O)c1ccccc1-2,5.41191291809082,6.249054908752441,5.830483913421631
Brc1ccc2cc(C3=NCCN3)ccc2c1,6.082530498504639,6.987351417541504,6.534940958023071
COc1cc2cc3cc(C)c(C)cc3oc2cc1OC,,,
O=[N+]([O-])c1ccc(N=CCC2CC(c3c4ccccc4cc4ccccc34)=NO2)cc1,6.956765174865723,6.526675701141357,6.74172043800354
CC1CCCN(CCC#CCN2CCCCC2)C1,7.016294956207275,3.50398588180542,5.260140419006348
COc1cc2c(cc1OC)C(=O)C(CNCc1ccc(Cl)cc1)O2,6.527267932891846,4.483834743499756,5.505551338195801
CC#CCN(C)Cc1cc2cc(OCc3ccccc3)ccc2n1C,4.811418533325195,7.19118070602417,6.001299619674683
CCC1CC(=NOC)c2cc(Br)ccc2O1,4.637263298034668,4.986774444580078,4.812018871307373
O=C(Cc1ccc(OCc2cccc(Cl)c2)cc1)N1CCCCC1,4.809047698974609,5.124801158905029,4.966924428939819
CC[n+]1ccc(C2COc3ccccc3O2)cc1,5.335213661193848,4.750245094299316,5.042729377746582
O=C1c2ccccc2-c2nnc(C=Cc3ccccc3)cc21,5.065813064575195,6.031252861022949,5.548532962799072
N#Cc1ccc(COc2c(F)cc(F)cc2CCC2=CCCC2)cc1,4.927753448486328,6.357243061065674,5.642498254776001
CC(=O)c1ccc2c(c1)C(=O)C(=Cc1cc(C)c(O)c([N+](=O)[O-])c1)S2(=O)=O,6.556999206542969,6.51003360748291,6.5335164070129395
CC(O)C1=NC2CCCCC2C2=NCCCCCCCNC(=O)CCCCCCCNc2c3c(nc4ccccc24)CCCC3)C1,,,
CN=C1C(=O)C(=O)C1Oc1ccccc1,6.097043037414551,4.726816177368164,5.411929607391357
O=C1c2ccccc2-c2n[nH]c3cccc1c23,4.932783126831055,5.525638580322266,5.22921085357666
COc1cc2c(cc1OC)C(=O)C(C)2,7.168083190917969,5.241919040679932,6.20500111579895
CN=C1CCc2c1[nH]c1cc(OC)ccc21,5.001334190368652,5.61746072769165,5.309397459030151
O=C1CCc2cc(OCCCCCCCNc3c4c(nc5ccccc35)CCCC4)ccc2N1,7.583569526672363,5.467265605926514,6.5254175662994385
CC(=O)c1ccc(Nc2nc3ccccc3nc2CO)cc1,5.275993824005127,4.8049492835998535,5.04047155380249
CC1CC(C)CN(CCCCc2c[nH]c3ccc(C#N)cc23)C1,6.065281391143799,4.06388521194458,5.0645833015441895
CC1CCCN1CCCOc1ccc(C(=O)CCl)cc1,5.837993621826172,5.911009311676025,5.874501466751099
O=C(CCCC1CCN(Cc2ccccc2)CC1)c1cccc(F)c1,6.902554512023926,3.7083899974823,5.305472254753113
O=C(C=CC=Cc1ccc2c(c1)OCO2)N=C1CCCC1,5.12519645690918,6.334198951721191,5.7296977043151855
COc1cccc(C(=O)NC2=C(C)Cc3cc(OCCCCCNc4c5c(nc6ccccc46)CCCC5)ccc3C2=O)c1,6.976830005645752,5.153876304626465,6.065353155136108
O=C1CCc2ccc(OCCCCCNc3c4c(nc5ccccc35)CCCC4)cc2N1,7.586210250854492,5.279542446136475,6.432876348495483
CC(=NNc1nc(-c2ccccc2)cs1)c1ccccn1,4.7985920906066895,5.280487537384033,5.039539813995361
CCc1c2c(nc3ccccc13)C1CCCCC1C(=O)N2,5.421305179595947,5.786691188812256,5.603998184204102
COc1cc(C=CC=CC=CC=CC=CC=CC#CC(=O)O)ccc1O,3.681710720062256,7.181179046630859,5.431444883346558
O=C(C=CC=Cc1ccccc1F)NCCCCCCNc1c2c(nc3ccccc13)CCCC2,6.481277942657471,5.378898143768311,5.930088043212891
O=C1CCCc2cc(OCCCCCCCCNc3c4c(nc5ccccc35)CCCC4)ccc21,7.33758544921875,5.465213775634766,6.401399612426758
CN=C1N=C(Cc2c[nH]c3cccc(Br)c23)C(=O)N1,5.549901008605957,4.874475002288818,5.212188005447388
O=C1Nc2ccc(OCc3cccc(Cl)c3)cc2C1=O,4.787070274353027,7.582931041717529,6.185000658035278
Cc1cccc(COc2coc3cc(O)ccc3c2=O)c1,4.404482841491699,6.293078422546387,5.348780632019043
Cc1c(C)c2ccoc2c(CN3CCCC(CN)C3)c12,,,
COc1ccc(C(=O)CC=Cc2ccc3c(c2)OCO3)cc1,4.9850945472717285,5.467655658721924,5.226375102996826
CC1CCC(=Cc2ccc3cccc(Cl)c3[n+]2C)C1,5.959700107574463,5.023579120635986,5.491639614105225
COc1cccc(CNCc2cccc(OC)c2OC)c1O,4.66957426071167,3.244765281677246,3.957169771194458
O=C(C#Cc1ccccc1)c1coc2cc(OCCCCCNc3c4c(nc5cc(Cl)ccc35)CCCC4)ccc2c1=O,6.563936710357666,5.36199426651001,5.962965488433838
CCC(=O)c1cc2cc(Br)ccc2cc1O,4.439988136291504,6.529412269592285,5.4847002029418945
O=C(O)COc1ccc(C=CC=CC(=O)c2ccc3c(c2)OCCO3)cc1,4.480901718139648,6.110058784484863,5.295480251312256
CC(=O)Nc1cc2ccc(OCCc3ccccc3)cc2oc1=O,5.489675045013428,6.327476501464844,5.908575773239136
CCN(CCF)C(=O)C=Cc1ccc2[nH]c3ccc(Br)cc3c(=O)c2c1,5.460683345794678,6.489994049072266,5.975338697433472
O=C(CCc1c[nH]c2ccccc12)Nc1cccc2ncccc12,4.821887493133545,5.405092239379883,5.113489866256714
C#CCCCCCCCCCCCCNCCCCCCCCCCNCCC,5.06951904296875,5.834328651428223,5.451923847198486
O=C(C=Cc1cccc2c(O)c(O)oc12)OCCC2=O,,,
CCCC(=O)c1ccc2c(c1)c(CCC=C1CCN(C)CC1)c(C)n2C,6.1404218673706055,5.132490158081055,5.63645601272583
CC(C)=C1CC(=O)Oc2cc(OCc3cccc(Br)c3)ccc21,4.836209297180176,7.245862007141113,6.0410356521606445
O=C(CCl)Nc1ccc2c(c1)C(=O)C(=O)c1ccccc1C2=O,5.090217113494873,6.264960765838623,5.677588939666748
Cc1c2ccc(N(C)C)cc2nn1-c1ccccc1,5.288529396057129,4.930632591247559,5.109580993652344
O=C(CCl)Nc1ccc2c(c1)C(=Cc1cc3c(cc1F)OCO3)C2,5.408721446990967,6.183104038238525,5.795912742614746
C=CCn1c(=O)c2c(nc(CN3CCC(O)C3)n2C)n(C)c1=O,5.399208545684815,3.4606199264526367,4.429914236068726
CC(Oc1cc(O)cc2c1OC(=O)C1CCCCC1)C2=O,7.032736778259277,5.012621402740479,6.022679090499878
O=c1c2ccccc2oc2c([N+](=O)[O-])cccc12,5.285404682159424,4.4100494384765625,4.847727060317993
COc1ccc2cc(C(=O)C=Cc3cccc(Cl)c3)coc2c1,,,
CC(=O)c1ccc(OCc2cc(=O)n3cccc(C)c3o2)cc1,,,
O=C1c2ccccc2CC1C=NOCCCCCn1ccnc1,6.356472969055176,6.133982181549072,6.245227575302124
N#Cc1ccc2oc3cc(OCc4ccccc4)ccc3c(=O)c2c1,4.5100812911987305,6.696165084838867,5.603123188018799
CCC(=O)Nc1cc2c(cc1SCCCCC)CCC2=O,5.642414569854736,5.463252067565918,5.552833318710327
O=c1oc2cc(OCCCCCNc3c4c(nc5cc(Cl)ccc35)CCCC4)ccc2cc1CO,7.436657905578613,5.399439334869385,6.418048620223999
CC1=Nc2ccc(C(=O)COc3ccco3)cc2Sc2ccc(Cl)cc21,6.235805511474609,5.686569213867188,5.961187362670898
OC1CCN(Cc2ccc(Oc3ccccc3)cc2)CC1,6.320576190948486,3.222325801849365,4.771450996398926
O=C(O)CCCCCC1CCCCN1CCC(CNc2coc3cc(Cl)ccc23)CC1,,,
CN(C)c1ccc(C=CC=S(=O)(O)O)cc1,4.20869255065918,5.357890605926514,4.783291578292847
NCCCCCNC(=O)CCCCCCCN=C(N)NCCCCNCCCN=C1CC(=O)C(=NO)CC1=O,5.594965934753418,5.857722759246826,5.726344347000122
FC(F)(F)c1ccc2c(c1)c1ccccc1n2CCCC1CCCN1Cc1ccccc1,6.14092493057251,5.040513515472412,5.590719223022461
Cc1ccccc1NC(=O)Oc1ccc2c(c1)C1(C)CCOC1O2,6.729134559631348,5.040712833404541,5.884923696517944
O=C(C=C1CC2CCC1C2)c1ccccc1,5.209950923919678,4.144256591796875,4.677103757858276
COc1cc2oc3ccc(OC(C)=O)cc3c(=O)c2cc1C,6.30234432220459,4.747034072875977,5.524689197540283
CN(C)C(=O)OC1CCC2CSc3cc(CC4CCCCC4)ccc3C21,4.925904750823975,4.711938381195068,4.8189215660095215
N=c1scc(-c2ccccc2)n1N=C1CCCCO1,6.187572956085205,5.684088230133057,5.935830593109131
O=C1c2ccccc2C(=O)C1c1ccnc2ccccc12,5.7687273025512695,5.503666400909424,5.636196851730347
Cn1c(=O)c2c(nc(OC3CCCC3)n2C)n(C)c1=O,5.234678268432617,5.059013366699219,5.146845817565918
CC=C1CC(=O)Oc2cc(OCc3cccc([N+](=O)[O-])c3)ccc21,5.791748523712158,7.330901145935059,6.561324834823608
Cc1ccc2[nH]c3c(c2c1)CCNC3=O,7.226171493530273,6.3492631912231445,6.787717342376709
c1ccc(COc2ccc(CN3CCCC3)cc2)cc1,4.9740519523620605,3.9571399688720703,4.465595960617065
COc1ccc(C(=O)OC2C=CC3CCC(C2)N3C)cc1OC,4.496171951293945,3.9592032432556152,4.22768759727478
O=C(CC=Cc1ccccc1)N=C1CCCCC1Nc1cscn1,4.980011940002441,5.716647624969482,5.348329782485962
CCC(=O)c1c2ccccc2oc2cc(Br)ccc12,,,
CC1=CC(C)(C)Nc2ccc(C(=O)CCl)cc21,5.093814849853516,5.414528846740723,5.254171848297119
Oc1oc2ccc(OCCCCCN3CCC4(c5ccccc5)CSCC3)cc2c2ccccc12,,,
CC=CS(=O)(=O)c1ccc(CCCCC#N)cc1,5.287039756774902,4.855901718139648,5.071470737457275
CCCC(=O)Nc1cccc(CN=C2CC(=O)C(=O)C2)c1,5.427458763122559,5.589845657348633,5.508652210235596
COc1cc2c3oc4ccccc4c(OCCCCCCCNc4c5c(nc6ccccc46)CCCC5)c3c(=O)c2cc1OC,,,
CC(=O)C1CCC2C3CC=C4CC(=O)CCC4(C)C3CCC12C,4.636145114898682,7.624482154846191,6.1303136348724365
CCc1sc2c(c1C)c(=O)oc1c3c(ccc12)OCO3,6.435973167419434,4.112426280975342,5.274199724197388
CN(C)CCCCCCCCCCCCCCCCCCNCCCCCNCCCOc1ccc(O)c(O)c1,5.860159873962402,5.287571907043457,5.57386589050293
O=C(C=Cc1cc2ccccc2o1)N1CCCCC1,5.840583324432373,5.473789691925049,5.657186508178711
Cc1ccc2occ(CC3CCN(C)CC3)c2c1,5.186086654663086,5.001899242401123,5.0939929485321045
c1ccc(CCN2CCC(CCc3c[nH]c4ccccc34)CC2)cc1,5.775473117828369,3.936489582061768,4.855981349945068
O=c1ccoc2ccc(OCCCCCCCNc3c4c(nc5ccccc35)CCCC4)cc12,6.858541488647461,5.236917495727539,6.0477294921875
Cc1cccc(CN2N=C(c3ccc(Cl)cc3)CC2c2ccccc2O)c1,6.399600028991699,5.156444549560547,5.778022289276123
O=C(C=CC=CC1=[N+](Cc2ccccc2)CCS1)c1ccccc1,4.571901798248291,4.8328704833984375,4.702386140823364
CC1=CC=CCN1Cc1ccc2c(C)cc(O)cc2c1,6.082058906555176,5.662553787231445,5.8723063468933105
CCCCc1c2c(nc3ccccc13)OC(C)C2,4.783485412597656,4.351004600524902,4.567245006561279
CC(C)c1cc2cc(Br)ccc2oc1=O,4.609555244445801,6.725937843322754,5.667746543884277
C#CCN(C)Cc1cc2ccoc2n1C,4.755170822143555,6.650636672973633,5.702903747558594
COc1cc2c(cc1OC)C(=O)C(=O)C(Oc1ccccc1)C2,7.329707622528076,4.590681552886963,5.9601945877075195
Cc1nc2cc3c(cc2s1)CCCC3,5.389030933380127,5.79413366317749,5.591582298278809
O=c1ccoc2ccc(OCCCCCCCCNc3c4c(nc5ccccc35)CCCC4)cc12,6.840457916259766,5.364326477050781,6.102392196655273
O=C1c2ccccc2C(=O)C1OC1CCOC1,6.5650787353515625,5.204067707061768,5.884573221206665
Cc1ccc2c(c1)OC(=O)C=C2C,4.51582670211792,6.416501045227051,5.466163873672485
CCCC1=NOC2CC3OC4CC(=O)CCC4C3C2O1,4.853996276855469,7.44369649887085,6.148846387863159
CCOC(=O)c1cc2ccccc2cc1O,4.625884056091309,6.099826812744141,5.362855434417725
CC(C)=NNc1nc(-c2ccc(OCCCCCCCCOc3cccc(CCCCCN4CCCCC4)c3)cc2)cs1,6.147305488586426,5.865057468414307,6.006181478500366
CN(CCCCCCCN=C1CC(=O)c2ccccc2C1=O)Cc1ccccc1,5.805863857269287,5.149829387664795,5.477846622467041
Cc1ccc2occ(CC3CCN(C)CC3)c2c1,5.186086654663086,5.001899242401123,5.0939929485321045
CC(=O)Nc1ccc2c(=O)cc(COc3ccc(C(=O)O)cc3)oc2c1,4.972500324249268,5.566811561584473,5.26965594291687
Cc1cc(=O)oc2cc(OCc3ccc(C(C)(C)C)cc3)ccc12,3.9952802658081055,6.248586177825928,5.121933221817017
CC(=O)Nc1ccc(CCCCCCCCNc2c3c(nc4ccccc24)CCCC3)cc1,7.616702079772949,4.580043315887451,6.0983726978302
O=c1oc2ccccc2cc1COc1ccc(C2=NNC(O)c3ccccc3)CC2)cc1,,,
CN1N=C(c2ccccc2)CC1c1cccs1,6.425695419311523,5.345401763916016,5.8855485916137695
Brc1ccc2ccc(-c3c[nH]c4ncccc34)cc2c1,4.662521362304688,7.094582557678223,5.878551959991455
CCOc1c2c(c(OCC)c3ccccc13)CCCC2,5.414150238037109,3.793051481246948,4.603600859642029
O=C1c2ccccc2-c2n[nH]c3cccc1c23,4.932783126831055,5.525638580322266,5.22921085357666
CN=C(C)CCCNc1c2c(nc3ccc(Cl)cc13)CCCC2,7.348037719726562,4.525753974914551,5.936895847320557
Oc1ccc(-c2coc3cc(O)ccc3c2=O)cc1,5.290456771850586,5.344332218170166,5.317394495010376
CC(=NNc1nc(-c2ccc(F)cc2)cs1)c1ccncc1,5.475549697875977,6.846781253814697,6.161165475845337
CN(C)c1cccc2c3c(cccc13)C1=C(CO)CC2CC1,,,
O=C1c2ccccc2-c2nnc(-c3ccc(Cl)cc3)cc21,5.43563985824585,6.277105331420898,5.856372594833374
O=C1Oc2ccc(C(=O)CSc3ccc(Cl)cc3)cc2C2=CCCC12,5.34607458114624,6.884811401367188,6.115442991256714
C#CCN(C)Cc1cc2cc(OCCC3CCN(Cc4ccccc4)CC3)ccc2n1C,6.383633136749268,5.55838680267334,5.971009969711304
O=C(CCc1c[nH]c2ccccc12)NCCCCCCCNc1c2c(nc3cc(Cl)ccc13)CCCC2,8.849971771240234,4.7565598487854,6.803265810012817
CCCCCCCCCCCCCNCCCCCCCNCCC,4.649367332458496,4.937957763671875,4.7936625480651855
O=Cc1c(=O)n(Cc2cccc(Cl)c2)c2ccccc2n1CCC1CCCO1,,,
COc1cc2c(cc1OC)C(=O)C(CC1CCCCC1)C2=O,7.588705062866211,5.238155364990234,6.413430213928223
O=c1ccoc2cc(OCCCCN3CCC(c4ccccc4)CC3)ccc12,5.048327445983887,5.460165977478027,5.254246711730957
COc1cccc2c1CCC2N=CCCCCCCCCNc1c2c(nc3ccccc13)CCCC2,6.983684062957764,4.735027313232422,5.859355688095093
Cc1cccc(C(=O)OCC(=O)NCCc2ccccc2)c1,5.006330966949463,4.783106803894043,4.894718885421753
CC1CC(C)CN(C2C=CC=CC2=O)C1=O,4.432085037231445,4.61624002456665,4.524162530899048
O=C1CC(=Cn2ccnc2)Oc2cc(OCc3cccc(Br)c3)ccc21,5.043069362640381,6.686995506286621,5.865032434463501
CN(C)CCOc1cccc2c1OC(=O)C2=O,5.156022071838379,4.9387688636779785,5.047395467758179
COc1ccc2[nH]c3c4c(cccc4c2c1)CCCC3,,,
C=CCc1ccccc1OCC(O)CNC1CCCCC1,4.881768226623535,4.4396491050720215,4.660708665847778
O=C1c2ccccc2CCC1CCN=C1CCCCCCNc2c3occc3n21,,,
Cc1cc(C(=O)c2cc3cc(O)ccc3oc2=O)on1,6.280318260192871,4.15351676940918,5.216917514801025
COc1cc2c(cc1OC)C1=CCCCC1CN(C)C2,4.373054027557373,4.445822715759277,4.409438371658325
COc1cc2c(cc1OC)C(=O)C(Oc1ccc(Cl)cc1)C2,6.5685319900512695,5.1559157371521,5.862223863601685
COc1ccc2cc(CC(C)NCCCCCCCCNc3c4c(nc5ccccc35)CCCC4)c(=O)oc2c1,7.367207050323486,5.147059917449951,6.257133483886719
Cc1cc2cc(C#N)c(NCCCN(C)C)nc2s1,5.854234218597412,5.3168230056762695,5.585528612136841
CC1=CCN(Cc2ccccc2)CC1,5.804424285888672,2.6494858264923096,4.226955056190491
CNC(=O)c1ccccc1Sc1cccc(Cl)c1,6.995671272277832,5.016062736511231,6.005867004394531
O=C(c1cccs1)N1N=CC2CCCCC2C1c1cccs1,6.083784580230713,6.20044469833374,6.142114639282227
N#Cc1ccc2[nH]c3c(c2c1)CC1(O)CCCC3(O)CCC1,5.213397026062012,5.08198881149292,5.147692918777466
CC(=O)Nc1ccc2c(c1)c(=O)oc1c2cc(C)ccc2cc12,,,
O=C(CCCCN1CCCC1)Nc1ccc2c(=O)c3ccccc3oc2c1,6.495157241821289,4.571291446685791,5.53322434425354
CN=C1c2ccccc2CC(=O)C1C=Cc1ccc(OC)cc1,5.362531661987305,6.016777038574219,5.689654350280762
O=C(CCCCC1CCSS1)NCC1CCCO1,4.525172233581543,5.262856483459473,4.894014358520508
COc1cc2c(cc1OC)C(=O)C=C2,6.670486927032471,5.569392681121826,6.119939804077148
COc1cc2oc3cc(OC)c(OC)cc3c(=O)c2cc1OC,6.357048988342285,4.064799785614014,5.210924386978149
O=c1ccc2ccc(OCc3ccccc3)cc2o1,4.554055213928223,6.997413158416748,5.775734186172485
CN(C)CCCCCCCCCCOc1ccc(CN2CCCCC2)cc1,5.995987415313721,4.5121612548828125,5.254074335098267
COc1cc2c(cc1OC)C(=O)C(=Cc1cccc(Cl)c1)C2,6.0541534423828125,6.206044673919678,6.130099058151245
CC1CCN(c2ccc(=O)n(CCCCCCCCCNc3c4c(nc5ccccc35)CCCC4)n2)C1,8.13925838470459,4.885668754577637,6.512463569641113
Cn1c(=O)c2c(nc(C=CCc3cccc(Br)c3)n2C)n(C)c1=O,5.759984016418457,5.806013107299805,5.782998561859131
CCCCCCCN(C)CN=C1CCc2cc(OCc3ccccc3)ccc21,4.892402172088623,5.652555465698242,5.272478818893433
COc1cc(CN2CCCCC2)cc2c1OCCO2,5.928524494171143,3.735728263854981,4.8321263790130615
CNC(=O)Oc1coc(OC)c1OCc1ccccc1Cl,7.974956512451172,5.376401901245117,6.6756792068481445
Cc1c2c3c(sc2c(C)n1CCCC3)CCCCC3CCOC12,,,
Cc1cc2ccccc2n1CCCOc1ccc(C2=NN=C(C3CC4C=CC(C)C(=O)C4(C)C3)CO2)c(Cl)c1,6.500622272491455,6.980240821838379,6.740431547164917
O=C1c2ccccc2C(=O)C1CCCCC=CCCCCNc1c2c(nc3ccccc13)CCCC2,7.935924530029297,4.816037178039551,6.375980854034424
O=C(Nc1ccccc1)c1coc2ccccc2c1=O,5.997245788574219,5.723361968994141,5.86030387878418
O=C(NCC1CCCCC1)c1cc2nc(-c3ccccc3)ccc2s1,6.171319961547852,4.786315441131592,5.478817701339722
Fc1ccc(-c2csc3ncnc(NCCCCCCN4CCCCC4)c23)cc1,6.55361795425415,5.979078769683838,6.266348361968994
CC(CCN1CCCCC1)=NNc1nc(-c2ccc(Cl)cc2)cs1,5.5953803062438965,5.318736553192139,5.457058429718018
Clc1ccccc1N=C1CCCc2ccccc21,4.66218900680542,4.535005569458008,4.598597288131714
CCc1c2c(nc3ccccc13)CCCC2,5.654196739196777,3.5123291015625,4.583262920379639
O=C(CCOc1ccccc1Br)NCC1CCCCC1,5.187132835388184,4.756662368774414,4.971897602081299
COc1cccc(COc2ccc3c(C)c(C)c(=O)oc3c2)c1,5.246213912963867,8.153021812438965,6.699617862701416
Cc1oc2cc(OCC(=O)c3ccccc3)ccc2c(=O)c1F,6.031919956207275,5.436831474304199,5.734375715255737
Cc1cccc(COCCCCCCN2CCC(c3ccc(Cl)cc3)CC2)c1,5.305943965911865,4.70233964920044,5.004141807556152
O=C(Cc1ccc(OCCCCCCCNc2c3c(nc4ccccc24)CCCC3)cc1)c1ccccc1,6.325282573699951,4.587782382965088,5.4565324783325195
COc1ccc(-c2oc3ncnc(N)c3c2-c2cc(-c3ccc(F)cc3)oc2C)cc1,5.550730705261231,5.47752857208252,5.514129638671876
Clc1ccc2c(NCCCCCCCCNc3c4c(nc5ccccc35)CCCC4)c3c(nc2c1)CCCC3,9.141871452331545,4.141573429107666,6.641722440719605
COc1cc(C(=O)NCCNc2c3c(nc4ccccc24)CCCC3)cc(OC)c1OC,6.857385635375977,4.0865397453308105,5.4719626903533936
c1ccc(CCCCCCCCNc2c3c(nc4ccccc24)CCCC3)cc1,7.002756118774414,4.120672225952148,5.561714172363281
CCCCNC1CCOc2ccc(C(=O)CCCCCCCCC3CCCO3)cc21,5.155623912811279,5.400190353393555,5.277907133102417
Cc1ccccc1NC(=O)Oc1ccc2c(c1)C1(C)CCOC1O2,6.729134559631348,5.040712833404541,5.884923696517944
CCCCCNC(=O)c1cc2ccccc2oc1=O,6.6636271476745605,5.565604209899902,6.1146156787872314
Clc1ccc2ncnc(NCCc3ccc(Oc4ccccc4)cc3)c2c1,5.518736362457275,4.839974880218506,5.179355621337891
Cc1ccc2c(c1)c1cc(OCCCCCN3CCCC3)ccc1c1n2CCCCC1,,,
CCOC(=O)c1cc2ccccc2cc1O,4.625884056091309,6.099826812744141,5.362855434417725
Cc1cc(=O)oc2cc(OCc3cccc(Cl)c3)ccc12,4.205096244812012,7.781097412109375,5.993096828460693
CC=Cc1cccc2c(=O)cc(C(=O)OCCCCCCCCC)oc12,4.599084854125977,5.990238189697266,5.294661521911621
COc1cc2c(cc1OC)C(=O)C(Oc1ccc(F)cc1)C2,6.676052093505859,5.281782627105713,5.978917360305786
CN(C)CCCCCCCCCCCNc1c2c(nc3ccccc13)CCCC2,7.019256591796875,4.246811866760254,5.6330342292785645
Cc1cc(C)c2sc3cc(Cl)ccc3c(=O)c2c1,5.026310443878174,6.118485450744629,5.572397947311401
CNc1oc(C=Cc2cccc(Cl)c2)nc1C#N,6.77970027923584,5.840675354003906,6.310187816619873
CC1CCC(CC=CCOC=CC=CC=CC(=O)O)CO1,2.6205129623413086,5.832052707672119,4.226282835006714
CN(C)CCCCCCOc1ccc2c(c1)C(=O)CCC2=O,6.216571807861328,6.223774433135986,6.220173120498657
O=C(CCC1CCN(Cc2ccccc2)CC1)c1ccccc1,6.823256015777588,2.907240629196167,4.865248322486877
C(=NNc1nc2ccccc2cc1Cc1ccccc1)c1cccnc1,4.7315778732299805,3.779213190078736,4.255395531654358
O=C1c2ccccc2-c2nnc(-c3ccccc3)cc21,4.993725776672363,5.196288108825684,5.095006942749023
O=C1C=CC(=O)c2cc(OCc3cccc(Cl)c3)ccc21,4.680416107177734,8.001755714416504,6.341085910797119
COC(=O)c1cc2ccccc2oc1=NN=C(C)c1ccc(O)cc1O,6.222403526306152,4.796840190887451,5.509621858596802
O=C(CCc1c[nH]c2ccccc12)NCCCCCCNc1c2c(nc3cc(Cl)ccc13)CCCC2,8.89520263671875,4.749786853790283,6.822494745254517
CC1=CC2Cc3nc4cc(Cl)ccc4c(NCCCCCCCCNc4c5c(nc6ccccc46)CCCC5)c3C(C1)C2,8.773943901062012,4.466516971588135,6.620230436325073
Clc1ccccc1C1CCN(Cc2ccc(OCCCCCCCNc3c4c(nc5ccccc35)CCCC4)cc2)C1,6.542963981628418,4.447300434112549,5.495132207870483
Oc1occ2ccc(OCCCCN3CCCCC3)cc12,5.724058628082275,5.988880157470703,5.856469392776489
CNC(=O)c1cccc(NC(=O)COc2cccc(OC)c2)c1,6.550180435180664,5.287792682647705,5.918986558914185
COc1cc2c(cc1OC)C1=NOC(CN3CCN(CCCC(=O)c4ccc(F)cc4)CC3)C1CO2,7.02007532119751,5.307112693786621,6.163594007492065
O=C1CCc2ccc(OCc3ccc(F)cc3)cc2N1,4.175419807434082,7.369461536407471,5.772440671920776
Cc1cccc(C#CCNC2CC2)c1,5.017943859100342,5.583949565887451,5.3009467124938965
Fc1ccc(C=Cc2cc[n+](Cc3ccc(Cl)cc3)s2)cc1,5.1134185791015625,4.897565841674805,5.005492210388184
COc1cc2c(cc1OC)C(=O)C(Oc1ccc(C(C)=O)cc1)C2,7.102496147155762,4.803229808807373,5.952862977981567
COc1ccccc1C=CC=NOCCN=C1CC(=O)c2ccccc2C1=O,6.528675079345703,6.289921760559082,6.409298419952393
CC(C)NC(=O)C=Cc1cccc(C2=CC3CCC(C2)N3C)c1,4.331498146057129,4.533444881439209,4.432471513748169
COC(=O)C=CC=CC=CC=CC(=O)c1ccOC)c(O)c(OC)c1,,,
Cc1ccc(Nc2c(C#N)cnc3ccc(Br)cc23)cc1,4.995152473449707,6.366119861602783,5.680636167526245
CCOc1cc2c(cc1OC)C(=O)C(C)C2,7.59663200378418,4.503118515014648,6.049875259399414
O=C1c2ccccc2S(=O)(=O)N1CCOc1ccccc1,6.259451866149902,5.067639827728272,5.663545846939087
c1ccc2c(NCCCCCCCCCCNc3c4c(nc5ccccc35)CCCC4)c3c(nc2c1)CCCC3,8.496589660644531,4.196081161499023,6.346335411071777
Cc1c(C)c2ccc(OCc3cccc(C#N)c3)cc2oc1=O,4.615693092346191,8.41084098815918,6.5132670402526855
COc1ccc2[nH]c3c4c(ccc(OC)c(OC)c4c3c2c1)C(=O)c1ccccc1-4,,,
c1ccc2c(c1)OCCCC2=NN=CC1CCCCC1,5.745957851409912,5.373789310455322,5.559873580932617
COc1ccc(C=C2C3CC(C)=CC=CC3CC3(C)C2=O)cc1,,,
O=C1C2CCCN2C(=O)N1CCCCCCCNc1c2c(nc3ccccc13)CCCC2,7.623584747314453,4.850486278533936,6.237035512924194
O=C(OCc1cccc(F)c1)N1c2ccccc2Sc2ccccc21,4.929500102996826,4.71851110458374,4.824005603790283
N#Cc1ccc2[nH]c3c(c2c1)CC1(O)CN(O)C3O,,,
CCCNC(=O)Oc1cccc(C(=CCCCC(=O)C=CC(=O)O)c2cccnc2)c1,4.792500972747803,5.356171131134033,5.074336051940918
COc1cc2c(cc1OC)C(=O)C(Oc1cccc(CCN3CCCC3)c1)C2,6.57829475402832,4.734301567077637,5.6562981605529785
Cc1noc(C)c1CC(=O)NCc1ccc(Cl)cc1,5.165044784545898,5.381518363952637,5.273281574249268
CCC=CC=CC=CCC=CCC=CCCCCCC(=O)NCC,4.032166004180908,5.19029712677002,4.611231565475464
N#CNC(=NC1CC1)Nc1cc2cc(OCc3ccccc3)ccc2oc1=O,6.277908802032471,5.963714599609375,6.120811700820923
O=C(CCCCC1CCCC1)Oc1ccc2c(c1)OCO2,6.141891479492188,5.849958419799805,5.995924949645996
Cc1c(O)c2ccc(C=O)cc2oc1=O,5.791572093963623,5.86314058303833,5.827356338500977
CCc1c2c(n3cc4ccccc4c13)NCC2,,,
Cc1cccc(C2CC(=O)Oc3cc(C(=O)NCCCCCCCCNc4c5c(nc6ccccc46)CCCC5)ccc32)c1,7.81885290145874,5.197581768035889,6.5082173347473145
O=CNc1sccc1C(=O)NCc1ccccc1,6.080138683319092,4.889248847961426,5.484693765640259
O=c1ccoc2cc(OCc3ccccc3)ccc12,4.428765773773193,6.644821166992188,5.53679347038269
COC(=O)C=Cc1cccc(N(C)CCCCCCOc2c3c(nc4ccccc24)CCCC3)c1,5.381906986236572,5.371275901794434,5.376591444015503
CN1CCC2(CC1)Oc1ccc(OC(=O)N=C3CC(=O)C(O)=C3)cc1O2,4.879846572875977,4.067530632019043,4.47368860244751
CC1=Nc2cc(C(=O)O)ccc2Sc2ccc(C)cc21,6.030844211578369,6.180678844451904,6.105761528015137
O=[N+]([O-])c1cccc2cc(OCCc3ccc(Br)cc3)c(Cl)cc12,4.448854923248291,7.261956214904785,5.855405569076538
CCOC(=O)c1coc2cc(OCc3ccccc3)ccc12,5.107720375061035,6.259510517120361,5.683615446090698
COc1cc2c(cc1OC)C1=NOC(CCCCCCNc3c4c(nc5ccccc35)CCCC4)C1CC2,7.335147380828857,5.267767429351807,6.301457405090332
Cc1c2ccccc2nc2c1ccc(O)c2C,5.289596080780029,4.888376235961914,5.088986158370972
Cc1ccccc1NC(=O)c1cc2cc(OCC3CCCCC3)ccc2oc1=O,6.418443202972412,5.763889312744141,6.091166257858276
N#Cc1ccc(C2=NC(c3cccc(Cl)c3)C(c3cccs3)=N2)cc1,6.701501369476318,5.53956937789917,6.120535373687744
COc1cc2c(cc1OC)C(=O)C(C)C2,7.520417213439941,4.710775375366211,6.115596294403076
O=C1c2ccccc2CCC1CCN(Cc1ccccc1)CC1CCCO1,5.8804707527160645,3.8232808113098153,4.8518757820129395
O=c1ccoc2ccc(OCCCc3ccc(O)cc3)cc12,4.98036003112793,6.271325588226318,5.625842809677124
COc1ccc2c(c1)c(CSc1nc3ccccc3o1)c(C)n2C,5.546140670776367,6.086162567138672,5.8161516189575195
Cc1ccc(N=C2CC(=O)c3sc(C)nc3C2=O)cc1,5.841367721557617,5.803250312805176,5.8223090171813965
CCCCCCCOc1ccc2c(=O)c(-c3ccccc3)oc2c1O,,,
C#CCN(C)Cc1cc2cc(OCC3CCCC3)ccc2n1C,5.529176235198975,6.680264472961426,6.1047203540802
O=C1c2ccccc2CCC1CCN(Cc1ccccc1)CC2,,,
O=C(OC1CCCCC1)c1cc2ccccc2oc1=O,5.130579948425293,4.861955642700195,4.996267795562744
CCOc1cc2c(CCCCCCc3ccccc3)oc(=O)c2cc1OCC,,,
COc1cccc2c1C(=O)c1c(O)c3c(c(O)c1C2=O)CC(O)(C(O)C=O)CC3OC,6.032466411590576,4.38203239440918,5.207249402999878
COc1cc2c(cc1OC)C(=O)C(Oc1cccc(CCN(C)C)c1)C2,6.011952877044678,4.464118957519531,5.2380359172821045
COc1cc2c(cc1OC)C(=O)C(Cl)=C(Oc1cccc(C)c1)C2,5.969640254974365,5.78364372253418,5.8766419887542725
CC(C)=CC1CC(O)(C2CCOC3C2)C[N+]1=CC,,,
C#CCCCOc1ccc2ccc(=O)oc2c1,3.650945663452149,7.895969390869141,5.7734575271606445
CC1CCCCC1=NNc1nc(-c2ccc(F)cc2)cs1,6.108543395996094,7.208508968353271,6.658526182174683
CCCc1c2oc3cc(O)ccc3c(=O)c2cc2occc12,5.277557373046875,4.147164344787598,4.712360858917236
c1ccc2c(NCCCNCCCCCCNCCCCCCCNc3c4c(nc5ccccc35)CCCC4)c3c(nc2c1)CCCC3,8.786416053771973,4.088195323944092,6.437305688858032
N#Cc1ccc(OCCCCCN2CCCCC2)cc1,5.426093101501465,5.530858516693115,5.47847580909729
C=CCn1c(COc2cccc(C)c2)nnc1C,5.702334403991699,6.264610767364502,5.983472585678101
CCOc1cccc(CCCCN2CCN(C)CC2)c1,5.091390132904053,3.8500664234161377,4.470728278160095
CCCN1CCc2cc(OCCF)ccc2C1=O,5.564373016357422,5.946503162384033,5.7554380893707275
O=C1CCc2ccc(OCCCCCSc3cccc(Cl)c3Cl)cc2N1,4.582993507385254,6.305991172790527,5.444492340087891
O=C1C=CC=CC1=Cc1cc2ccccc2nc1O,4.657999515533447,6.728238582611084,5.693119049072266
CC(C)=C1CC(CO)(COC(=O)CCCCCCCCNc2c3c(nc4ccccc24)CCCC3)CO1,6.750213623046875,5.116176128387451,5.933194875717163
Cc1cccc(C)c1N=C(O)c1cc(=O)c2ccccc2o1,6.336855888366699,4.561115264892578,5.448985576629639
c1ccc(C2CCN(Cc3ccc4oc5ccccc5c4c3)C2)cc1,5.09714412689209,4.413951873779297,4.755548000335693
C#CCN(C)C1CCc2ccc(O)cc21,3.307288646697998,6.375480651855469,4.841384649276733
COc1ccc(F)cc1COc1ccc(Cl)cc1C(=O)NC1CCCC1,4.824942588806152,4.894599914550781,4.859771251678467
Fc1ccc(-c2cc3nc(-c4ccc(F)cc4)cc-3s2)cc1,,,
Cc1c2cccc(C)c2nn1CCCN=C(C)CCOc1ccccc1,5.858741283416748,5.621131420135498,5.739936351776123
COc1ccc2cc(-c3csc4ccc(OC)cc34)ccc2c1,4.802806377410889,6.898324489593506,5.850565433502197
Cc1c2ccccc2nc2c1ccc1ccccc12,4.439687728881836,5.241070747375488,4.840379238128662
Clc1cccc(N2CCNCC2)c1,3.1812219619750977,4.36650276184082,3.773862361907959
Oc1occ2ccc(OCCCCCN3CCCCC3)cc12,5.941795825958252,6.135617733001709,6.0387067794799805
CC(=NNc1nc(-c2ccccc2)cs1)c1ccccc1,5.127257347106934,4.774641990661621,4.950949668884277
c1ccc(CN=C2CCCc3c2c(OCCOc2ccc3ccccc3c2)o1,,,
C#CCNC1CCc2ccc(O)cc21,3.949026107788086,6.000412940979004,4.974719524383545
CC(=NNc1nc2ccccc2o1)c1ccncc1,5.131409168243408,5.219619274139404,5.175514221191406
N#Cc1cccc(CC=Cc2ccc3ccccc3[n+]2C)c1,4.877253532409668,5.724571228027344,5.300912380218506
O=C1Cc2c(OCCCCCCCCNc3c4c(nc5ccccc35)CCCC4)cccc2O1,7.247970104217529,5.0610785484313965,6.154524326324463
C#Cc1cccc(-c2cccc(OC)c2OC)c1,3.966136932373047,6.065001487731934,5.01556921005249
CC(=O)Nc1ccc2c(c1)cc1c3ccc(=O)oc3nc21,5.823848724365234,5.658309459686279,5.741079092025757
CCC(=O)Nc1ccc2c(CCCCCOc3cccc(C)c3)noc2c1,6.236812591552734,5.939783573150635,6.088298082351685
O=C(C=Cc1ccc(O)c(O)c1)c1ccc(O)cc1O,4.642821788787842,5.957418918609619,5.3001203536987305
O=c1ccoc2ccc3ccoc3c1ccc2c(CCc3ccccc3)oc2c1,,,
NCCOc1onc2ccc(C(=O)NCCCCCCCCNc3c4c(nc5ccccc35)CCCC4)cc12,7.839563369750977,5.250799179077148,6.5451812744140625
O=C(CCCCCCNc1c2c(nc3ccccc13)CCCC2)NCC1CC1,8.837491035461426,4.343703746795654,6.59059739112854
Cc1ccc(C(=O)C=CC(=O)NCC2CCCO2)cc1,3.768198966979981,5.4504475593566895,4.609323263168335
O=C1CCc2ccc(OCCCCCCNc3c4c(nc5cc(Cl)ccc35)CCCC4)cc2N1,8.071630477905273,5.465448379516602,6.7685394287109375
O=C1c2ccccc2-c2nnc(-c3ccc([N+](=O)[O-])cc3)cc21,5.403611660003662,5.912355422973633,5.6579835414886475
CCN(CCC#N)CCCOc1ccc2c(C)cc(=O)oc2c1,5.5267839431762695,5.802313804626465,5.664548873901367
CC=C(c1ccc2c3c(cccc13)C(=O)N2C)C(C)CCC3,,,
COc1ccccc1C1CC(=O)Oc2cc(CCc3cccnc3)ccc21,5.563460826873779,6.241540908813477,5.902500867843628
O=c1ccoc2ccc(OCc3cccc(Cl)c3)cc12,3.992715835571289,7.38478946685791,5.6887526512146
COc1cc2c(cc1OC)C(=O)C(Oc1ccccc1C)C2,7.17366361618042,4.781316757202148,5.977490186691284
O=C(c1ccc(OCCCCCCNc2c3c(nc4ccccc24)CCCC3)cc1F)N1CCCC1,7.651931762695312,4.816808700561523,6.234370231628418
O=C(Oc1ccc2c(c1)OCO2)c1cc2cc(Cl)ccc2oc1=O,5.923052310943604,5.569851398468018,5.7464518547058105
O=C1c2ccccc2-c2nc3nonc3nc21,3.6132216453552246,4.276115894317627,3.944668769836426
O=C(CCc1c[nH]c2ccccc12)NCCCCCCNc1c2c(nc3ccccc13)CCCC2,8.316971778869629,4.58091926574707,6.44894552230835
COc1ccc(-c2coc3ccc(OCCCCCCCNc4c5c(nc6ccccc46)CCCC5)cc23)cc1,6.089989185333252,5.430576801300049,5.76028299331665
COc1cc2c(cc1F)C(=O)C(=NNC(=O)CN(C)C)CC2,5.698299884796143,4.045280933380127,4.871790409088135
COc1ccccc1COc1cc2cc(C(=O)c3ccccc3)c(=O)oc2cc1[N+](=O)[O-],6.156329154968262,5.4778265953063965,5.817077875137329
CNC(=O)c1cccc(Oc2ccc(CCNC)cc2)c1,7.573219299316406,4.679525852203369,6.126372575759888
Cc1cc2c(-c3ccc(OCCCCCN4CCCCC4)cc3)noc2cc1O,6.671958923339844,5.825463771820068,6.248711347579956
COc1ccc2[nH]c3c(c2c1)CCN(CCCCCCCCCNc1c4c(nc5cc(C#N)ccc15)CCCC3,,,
CN=C1C(=O)C(=O)C1=Nc1ccccc1F,4.409484386444092,4.93967866897583,4.674581527709961
O=C1CC=Cc2ccccc2OC1=O,4.794241905212402,6.169901847839356,5.482071876525879
O=C1C=CC(=C(c2ccccc2)c2ccc(O)cc2O)CO1,5.151195526123047,5.619467735290527,5.385331630706787
CCOC(=O)c1ccc(-c2ccc(C(=O)CC3CCCC3)cc2)o1,5.179202556610107,5.304666042327881,5.241934299468994
C#Cc1ccc(C2CC(CC3CCN(C)CC3)OC(=O)c3ccccc32)cc1,4.774436950683594,5.968054294586182,5.371245622634888
COc1ccc2c(c1)CC(CCN)C2OC(=O)c1ccc(Cl)cc1,3.404707908630371,4.837086200714111,4.120897054672241
O=C(c1ccco1)N1c2ccccc2Sc2ccccc21,4.145463943481445,3.3886759281158447,3.767069935798645
CN=C(O)c1ccc2c(c1)C1C(CN2CCOCC2)C1,,,
Cc1c(C)c2ccc(OCCc3cccc(Cl)c3)cc2oc1=O,4.795042037963867,8.190252304077148,6.492647171020508
C#CCNCCCCCCCCCCNc1c2c(nc3cc(Cl)ccc13)CCCC2,7.73105525970459,5.269242286682129,6.500148773193359
CCOC(=O)c1cc2c(=O)n3cccc(C)c3nc2n(CCCN)c1=NCCCCN1CCOCC1,6.321753978729248,4.962941646575928,5.642347812652588
CN(C)CCCOc1cccc(C2=CC3CCC(C2)[N+]3=O)c1,5.332136631011963,4.967837810516357,5.14998722076416
CCCCc1c2c3c(c(O)n(CCCC)c3O)c1-2,,,
O=C(OCCCCCCCNc1c2c(nc3ccccc13)CCCC2)C1CCCCC1,6.753071308135986,4.720643997192383,5.736857652664185
C#CCCCCc1ccc2c(c1)C(C)=CC1CCCC=21,,,
c1ccc2c(NCCCCCCCNc3c4c(nc5ccccc35)CCCC4)c3c(nc2c1)CCCC3,8.578527450561523,3.984468936920166,6.281498193740845
CN(C=Cc1cccc2c(Cl)c3cc([N+](=O)[O-])ccc3oc12,,,
Cc1c2ccc(CO)cc2OC(=O)C1CC1C,,,
COc1cc2c(cc1OC)CC(CC1CCN(CCCCCCCCNc3c4c(nc5ccccc35)CCCC4)CC1)C2,8.52945613861084,4.04132890701294,6.28539252281189
Clc1ccc(C2=CC3CCC(C2)[N+]3=NC2CCCCC2)cc1,5.3799028396606445,6.041057586669922,5.710480213165283
COC(=O)COc1cc2oc(=O)cc(C)c2cc1Cl,4.834539890289307,5.9597368240356445,5.397138357162476
CCN=C1CCC(CC#N)C(=O)Oc2cc(OC)ccc21,6.025880336761475,4.688429832458496,5.357155084609985
CC1=NC2C(=O)C(=COC(=O)CNCCCCCCCNc3c4c(nc5ccccc35)CCCC4)SC12,6.936380863189697,5.450937271118164,6.193659067153931
Cc1ccccc1CCCCNCCCCCCCCCCNCCCCCCNCCCCNCCCNCCCCc1cccc(O)c1,6.212126731872559,3.8478684425354,5.0299975872039795
CN(C)c1ccc(C=C2C=OC(=[N+](C)C)CC2)cc1,,,
CCC(=O)N=c1sc2ccccc2n1C,5.964629650115967,5.568464756011963,5.766547203063965
COc1cc2oc3cc(OC)ccc3c(=O)c2cc1OC,6.089755058288574,4.579438209533691,5.334596633911133
O=C1c2ccccc2-c2nc3nnnn3nc21,4.122465133666992,3.952200412750244,4.037332773208618
Oc1occ2ccc(OCCCCCN3CCC4CCCCC4C3)cc12,6.534008502960205,6.235881328582764,6.384944915771484
O=C(O)c1ccccc1C=CC=C1c2ccccc2Oc2ccccc21,5.11982011795044,6.53009843826294,5.82495927810669
O=C(C=CCc1ccccc1)c1cccc(Oc2ccccc2)c1,5.401547908782959,4.26222038269043,4.831884145736694
O=C1CCCc2cc(CC=Cc3cccc(Cl)c3)ccc21,4.613776206970215,6.226428031921387,5.420102119445801
C#CCN(C)Cc1cc2cc(OCCCC3CCN(Cc4ccccc4)CC3)ccc2n1C,6.455060958862305,5.637757778167725,6.046409368515015
CN1C(=O)C(=Cc2ccc(OCc3ccccc3)cc2)Oc2ccccc21,5.279510974884033,6.457961559295654,5.868736267089844
O=C1CCc2ccc(OCCCCNc3c4c(nc5cc(F)ccc35)CCCC4)cc2N1,7.999046802520752,5.414778232574463,6.706912517547607
COc1cc2c(c3cc(OC)c(OC)cc13)C(=O)NC2=O,6.934863090515137,4.915412902832031,5.925137996673584
CCN=C1CC(=O)Oc2cc(OCc3cccc(Cl)c3)ccc21,5.592331409454346,6.811766147613525,6.2020487785339355
Cc1ccc([N+](=O)[O-])cc1NCc1ccc2ncccc2c1,5.216537952423096,5.15456485748291,5.185551404953003
O=C1CCc2ccc(OCCCCCCCNc3c4c(nc5ccsc35)CCCC4)cc21,7.911001205444336,5.768999576568604,6.84000039100647
O=c1ccoc2ccc(OCc3ccc(F)cc3)cc12,4.365901470184326,7.64776611328125,6.006833791732788
Nc1nc(C#CC2CCCC2)nc2ccc(OCc3ccccc3)cc12,5.410689353942871,5.956374645233154,5.683531999588013
NC(=O)c1cc2c(cc1Cl)OCC2=O,6.755624771118164,5.38466215133667,6.070143461227417
Cc1nc(C(=O)c2cc3cc(Cl)ccc3oc2=O)cs1,5.750827789306641,5.744975090026856,5.747901439666748
CC(C)=CCNC1CCC(c2ccc(C(=O)c3ccccc3)cc2)CC1,5.045058250427246,3.0300774574279785,4.037567853927612
CCCCNCCCCCCCCCCCCCCN=C(C)c1cccc(CCN=C(C)C)c1,6.017425537109375,5.257955074310303,5.637690305709839
O=C1c2cccc(O)c2C(=O)c2c(O)cccc21,5.7044596672058105,5.901435375213623,5.802947521209717
COc1cc(=O)oc2cc(OCc3ccc(C(=O)NC4CC4)o3)ccc12,6.638006687164307,5.234248638153076,5.936127662658691
O=C1c2ccccc2C(=O)C1c1ccccc1,5.9925150871276855,5.503373146057129,5.747944116592407
COc1ccc(C=C2COc3c(ccc(O)c3O)C2=O)cc1,5.66087818145752,6.303943634033203,5.982410907745361
CC1=CC2Cc3nc(O)ccc3C3(C1)C2CCCN3C(=O)CN(C)CCCCCCCCCN(C)C)c1ccccc1,,,
O=C(C1=NCC2CCCC2C1=O)c1ccccc1OCCC1CCCCC1,5.422708511352539,5.356303215026856,5.389505863189697
Cc1ccccc1C(=O)CCN1CCCC1=O,6.813034057617188,5.562129974365234,6.187582015991211
CCN(CC1CC1)C(=O)Cc1cc2cc3c(cc2nc1O)OCO3,6.800909042358398,4.9541215896606445,5.8775153160095215
O=C1c2ccccc2OCC1CCN1CCN(c2noc3cc(F)ccc23)CC1,7.206947326660156,5.597711086273193,6.402329206466675
CCCCn1ccc(=O)c2c(C)c(C3=NCCO3)nc(C)c21,6.219304084777832,5.031565189361572,5.625434637069702
C#CCCCCn1cc2c3c(cccc31)N(C)CCN2C,6.192875385284424,6.050155162811279,6.121515274047852
O=C(c1ccccc1)c1cc2ccccc2oc1=O,5.583279132843018,4.352619647979736,4.967949390411377
Cn1c(=O)c2c(nc(C3CCCCC3)n2C)n(C)c1=O,5.208130359649658,5.479748725891113,5.343939542770386
CCOC(=O)Oc1ccc2c(c1)c1c3c(c4cc(OC)c(OC)cc4c3oc1=O)O2,5.93924617767334,3.4883744716644287,4.713810324668884
CCOc1cc2c(OCC)c(OCC)ccc2cc1Br,5.70436429977417,4.580631732940674,5.142498016357422
C#CCN(C)Cc1cc2cc(OCCCC3CCN(Cc4ccccc4)CC3)ccc2n1C,6.455060958862305,5.637757778167725,6.046409368515015
CC(C)Oc1ccc2c(=O)oc3ccccc3c2c1,5.457150459289551,4.570369720458984,5.013760089874268
CCc1cc2ccc(OCCCCCCCCCCCNc3c4c(nc5ccccc35)CCCC4)cc2o1,7.424564361572266,5.403265953063965,6.413915157318115
O=C(C=Cc1ccccc1)c1ccc(OC(=O)c2ccccc2)cc1,5.597979068756104,5.486499786376953,5.542239427566528
CC(=O)c1cccc(OCC(CO)CO)c1,4.711426258087158,6.562098503112793,5.636762380599976
CCOc1cc2c(cc1OC)C(=O)C(O)CC2,5.975146293640137,4.34107780456543,5.158112049102783
Cc1cc2cc(OCCCCCc3ccccc3)ccc2o1,4.380661487579346,6.015197277069092,5.197929382324219
CN(C)c1cccc2c(S(=O)(=O)N(CCCN)c3cncc(C#N)c3)cccc12,5.341085433959961,4.918456077575684,5.129770755767822
Clc1cccc(Cc2cc3c(OCCC4CCCN4)nccc3o2)c1,5.946910381317139,5.4034342765808105,5.675172328948975
CN(C)c1ccc(C2CC3=CC(C)CC(C3)C2)c2ccccc12,5.2244157791137695,5.078640937805176,5.151528358459473
COc1cc2c(cc1OC)C(=O)F)C(=O)C(CC1CCN(Cc3ccccc3)CC1)N2,,,
CN(C)CCNC1=NS(=O)(=O)c2ccc(OC(=O)CC(C)C)cc21,5.45296573638916,4.6648850440979,5.05892539024353
O=c1ccoc2ccc(OCCCCCNc3c4c(nc5cc(Cl)ccc35)CCCC4)cc12,7.381340026855469,5.209231376647949,6.295285701751709
CC(C)=C1CC(=O)Oc2cc(OCc3cccc(OC(F)(F)F)c3)ccc21,5.508087635040283,6.730646133422852,6.119366884231567
COc1cc2cc(C(=O)CCc3ccccc3)oc(=O)c2cc1OC,7.182174682617188,5.755361080169678,6.468767881393433
COc1cccc(CNC(=O)c2cc3cc(OC)ccc3nc2N)c1,5.748804092407227,4.331032752990723,5.039918422698975
O=[N+]([O-])c1ccc2c(c1)S(=O)(=O)c1ccccc1N2,5.2958292961120605,5.541418075561523,5.418623685836792
C#CCNC1CCc2ccc(OCc3ccccc3)cc21,3.9759089946746826,7.063505172729492,5.519707083702087
Cc1cccc(C2CC(=O)c3ccccc3O2)c1,5.904365062713623,6.2388834953308105,6.071624279022217
c1ccc2oc(NCCCCCCCCNc3c4c(nc5ccccc35)CCCC4)nc2c1,8.103433609008789,4.727755546569824,6.415594577789307
CN(C)CCC#CCNCc1cccc(Br)c1,4.68236780166626,4.0206804275512695,4.351524114608765
C#Cc1cccc(-c2csc(C3(O)CCOCC3)n2)c1,3.6772639751434326,6.764215469360352,5.220739722251892
CC(C)=CCCN1CCC(C(=O)c2ccc(O)c(Cl)c2)CC1,5.657135009765625,3.979553699493408,4.818344354629517
COc1ccc2cc(-c3cccc4c(c3)OCCCO4)ccc2c1,,,
COc1ccccc1CC(C)NCC(O)COc1cccc(C(C)C)c1,4.483745098114014,4.112034797668457,4.297889947891235
CC1=CC2Cc3nc4cc(Cl)ccc4c(Nc4ccccc4)c3C(C1)C2,6.380583763122559,5.086315155029297,5.733449459075928
COc1cc2c(cc1OC)C(=O)C(COc1ccc(C)cc1)C2,6.675639152526856,5.429407119750977,6.052523136138916
Cc1cccc(COc2ccc(C3=NN(CCCCCCCNCC(O)c4ccc(O)c(O)c4)C(O)C3)cc2)c1,5.730535984039307,5.101611137390137,5.416073560714722
O=C(OC1CCCC1)c1ccc(C#Cc2cccc(Cl)c2)o1,4.283852577209473,5.33225679397583,4.808054685592651
CN(CCCCCNc1c2c(nc3cc(Cl)ccc13)CCCC2)CCCCCCCC1CCCS1,7.9601616859436035,4.525334358215332,6.242748022079468
CC(=O)Oc1ccc2cc(C(=O)NCCc3ccc(Cl)cc3)c(=O)oc2c1,6.827302932739258,5.792753219604492,6.310028076171875
Cc1cc(OCCCCCCCCNc2c3c(nc4ccccc24)CCCC3)ccc1Cl,6.902777194976807,5.207625389099121,6.055201292037964
CCn1c(=O)oc2cc(S(=O)(=O)c3ccc(Cl)cc3)ccc21,6.112085342407227,5.730696678161621,5.921391010284424
CC(=O)Nc1ccc2ccccc2c1,3.826014995574951,5.808814525604248,4.8174147605896
C#CCNC1CCc2ccc(OCCCCCCCOc3cccc(CCCN4CCCCC4)c3)cc21,5.503570556640625,5.965013980865479,5.734292268753052
CCOC(=O)c1cc2occc2n1CCCOC,5.03155517578125,5.651978015899658,5.341766595840454
O=C1Cc2c(OCCCCCCCCCCCNc3c4c(nc5ccccc35)CCCC4)cccc2N1,7.617737770080566,5.41080904006958,6.514273405075073
CC12CCC(=O)CC1=CCC1C2CCC2(C)C1CCC2(C)O,4.726801872253418,8.368685722351074,6.547743797302246
O=c1ccoc2ccc(OCCCCN3CCCCC3)cc12,5.510619163513184,5.5743727684021,5.542495965957642
CC1=NN(Cc2cc3c(cc2O)OCO3)C(O)(C(F)(F)F)C1,6.909275054931641,5.655652046203613,6.282463550567627
C#CCN(c1ccc(C(=O)NCCCC)cc1)C1CCN(C)CC1,5.167838096618652,4.699250221252441,4.933544158935547
COc1cc2c(Oc3ccc(CC(=O)Nc4cc(C)on4)cc3)ccnc2cc1OCCCN1CCCC1,6.807883262634277,5.166058540344238,5.986970901489258
CC(=O)N1N=C(c2ccc(OCc3ccc(Cl)cc3)cc2)CC1C,6.296542644500732,6.581223487854004,6.438883066177368
Cc1ccc(N=c2oc3cc(O)ccc3cc2C)cc1,5.495385646820068,5.084613800048828,5.289999723434448
CN1CCC2(C)c3cc(OC(=O)c4ccccc4)ccc3N(C)C12,6.181925296783447,5.548456192016602,5.865190744400024
CCOc1ccc(-c2cc3cc(F)ccc3oc2=O)cc1OC,5.736016273498535,6.25581693649292,5.9959166049957275
COc1cccc(CN2CCCCC2=O)c1OC,5.883151531219482,4.125265121459961,5.004208326339722
CC(=O)C=CC1CC(Oc2ccc(C)cc2)CN1,3.8145554065704346,3.6027140617370605,3.7086347341537476
COc1cc2cc(C(=O)CCC3CCN(Cc4ccc(OC)c(OC)c4)CC3)sc2cc1OC,7.335427284240723,4.29400110244751,5.814714193344116
COc1ccc(N=C2CC(=O)c3sc(C)nc3C2=O)cc1,5.769152641296387,5.852921009063721,5.811036825180054
CC(C)=Cc1cccc2c1C(=NNc1ccc(S(N)(=O)=O)cc1)C2=O,5.6187920570373535,5.0144147872924805,5.316603422164917
Cc1ccc(-c2csc3ncnc(NCCCO)c23)cc1,4.673087120056152,5.942102432250977,5.3075947761535645
Oc1ccc(C2CNCCS2)cc1,4.089168071746826,4.020404815673828,4.054786443710327
O=c1oc2ccccc2cc1-c1nc2ccccc2s1,5.452603816986084,4.472235679626465,4.962419748306274
C=CCC1CC[N+]2CCC3(CC2)C1COc1ccccc1OCC,,,
O=C(COc1cccc2ccc(=O)oc12)Nc1ccc(C2CCCCC2)cc1,5.356348037719727,5.827542304992676,5.591945171356201
Cc1cccc(C#CC2(O)CCC3C4CCC(=O)C4CCC32C)c1,4.537507057189941,7.621127128601074,6.079317092895508
CS(=O)(=O)c1ccc(C2=CCOCC2)cc1,4.401064395904541,5.670618534088135,5.035841464996338
Cc1ccc(CCCCCCCCCCCCCCCCN=CCCCCCNCCCCCN=C2CC(O)C(O)=C(C(C)O)Nc3ccccc32)OCc2ccccc2)o1,,,
COc1cccc(C=Cc2cccc(C(=O)N3CCCC3)c2)n1,5.570326328277588,5.091468811035156,5.330897569656372
O=C(OCn1ncc2cc([N+](=O)[O-])ccc2c1=O)c1ccccc1,5.4905104637146,5.353472232818604,5.421991348266602
NCCCCCCCNC(=O)CCCCN[N+](=O)[O-],5.960112571716309,5.735279083251953,5.847695827484131
COc1cc2c(cc1OC)C1CCCCC1CCN(Cc3ccc(Cl)cc3)CC1C2,,,
Cc1ccc2cc(C(=O)O)ccc2c1,3.685330629348755,7.39720344543457,5.541267037391663
O=C(C=CCN1CCCC1)c1ccc(Cl)cc1Cl,5.098355293273926,4.166984558105469,4.632669925689697
Oc1ccc2ccccc2c1CNCc1ccc2c(c1)OCO2,4.789230823516846,5.174208641052246,4.981719732284546
O=C1c2ccccc2C2=NCCCCN12,5.113129615783691,5.298629760742188,5.2058796882629395
CCCCOc1ccc(C2CCN(CCCCCCCCCCCCCCN=C3CCC(=O)C(O)O3)CC2)cc1,5.7735466957092285,6.190330505371094,5.981938600540161
CN(C)CCN(C=O)Cc1cc2c(cc1O)OCO2,5.036877155303955,3.700133800506592,4.368505477905273
Cn1cc(C(=O)CBr)c2ccccc21,5.0059733390808105,4.99596118927002,5.000967264175415
C=CC(=O)Oc1ccc2c(c1)OC(=O)C1CCCC=C21,6.107789039611816,6.216033935546875,6.161911487579346
CNC(=O)Cc1coc2cc(OCc3cccc(F)c3)ccc12,5.701528549194336,6.989508628845215,6.345518589019775
O=C1NC(=O)c2c(nc(OCCCCCNc3c4c(nc5ccccc35)CCCC4)n2CCCO)N1,8.210722923278809,5.071569919586182,6.641146421432495
COC(=O)C1(c2ccccc2)CCN(Cc2cc(OC)c(OC)c(OC)c2)CC1,5.440845489501953,3.757617473602295,4.599231481552124
Cc1cc(=O)oc2cc(OCC=CC3CCN(Cc4ccc(-n5ccnc5)cc4)C(C)C3)ccc12,5.7657856941223145,6.112176895141602,5.938981294631958
C#CCCCCCCOc1ccc(Cc2ccc(C)cc2)cc1,4.463985443115234,6.07853364944458,5.271259546279907
COc1ccc2c3c(cccc13)CCN2CCC1CCCCC1,6.718664646148682,4.927413940429688,5.823039293289185
c1ccc(CN=C2CCC3CCCCC3C2=O)cc1,5.4116973876953125,5.183961391448975,5.2978293895721436
COc1cc2c(cc1O)C(=O)C(CC1CCCCC1)C2,6.809046268463135,4.968578338623047,5.888812303543091
N#Cc1ccc(-c2ccc3c(c2)C2(CCCCC2)CN3)o1,4.926479339599609,5.879830837249756,5.403155088424683
CN1CCCC1C#Cc1ccc2c(c1)c(C#N)cn2C,4.994022369384766,6.425973892211914,5.70999813079834
CC1CCN(c2cc3ccccc3cc2O)CC1,4.888855934143066,5.346988677978516,5.117922306060791
O=C(O)c1ccc2c3c1cccc3c(=O)oc2c1,,,
CSc1ccc(C=CC=Cc2cc3c(c(=O)n(C)c(=O)n3C)n2C)cc1,5.766244411468506,6.073978900909424,5.920111656188965
CNc1c2c(nc3ccccc13)CCCC2,7.184840202331543,3.607032775878906,5.395936489105225
Cc1n[nH]c2ccc(-c3cccnc3)cc12,4.802410125732422,6.5336995124816895,5.668054819107056
COc1cccc(C=CC(=O)Nc2ccc(OC)c(Cl)c2)c1OC,5.394625186920166,4.782628059387207,5.0886266231536865
CCOc1ccccc1C1=NC(C)CCN1,5.940070629119873,4.622030735015869,5.281050682067871
CC(=NNc1nc(-c2ccccc2)cs1)c1ccccc1,5.127257347106934,4.774641990661621,4.950949668884277
O=C1C(=O)C(Nc2ccc(Cl)cc2)C1=Nc1ccc(Br)cc1,5.769310474395752,5.91212272644043,5.840716600418091
O=C1Nc2ccccc2C1=O,4.581729888916016,5.809771060943604,5.19575047492981
O=[N+]([O-])c1ccccc1C=CCNc1nc(C2CC2)cs1,6.737092018127441,5.401966571807861,6.069529294967651
COc1cc2c(cc1OC)CCCC2=NO,3.8215293884277344,4.081798553466797,3.9516639709472656
CCCc1c2c(nc3cc(OC)c(OC)cc13)CCCC2,5.523952484130859,4.303956985473633,4.913954734802246
Cc1cc(C)c2oc(=O)c(CCCCCCCCCCCCCNc3c4c(nc5ccccc35)CCCC4)cc2c1,7.813694000244141,5.358686923980713,6.586190462112427
COc1cc(C(=O)NCCc2c[nH]c3cc(F)ccc23)cc(OC)c1OC,6.557010650634766,4.526595115661621,5.541802883148193
N#Cc1ccccc1Sc1ccccc1N,5.432362079620361,4.201899528503418,4.81713080406189
CCCC=CCOc1ccc2c(=O)cc(C(=O)OC)oc2c1,4.440935134887695,5.757073879241943,5.099004507064819
O=C1c2ccccc2CCC1CCCCCCN1CCCCC1,6.377251148223877,4.453562259674072,5.415406703948975
C#CCNCc1c2c(nc3ccccc13)CCCC2,5.2773213386535645,4.135774612426758,4.706547975540161
COc1ccc(C=Cc2cc[n+](C)cc2)cc1,3.5699830055236816,4.846993923187256,4.208488464355469
CC(=O)c1cccc(OCCCCCCNc2c3c(nc4ccccc24)CCCC3)c1,7.359159469604492,5.004565238952637,6.1818623542785645
c1coc(CN2CCCCC2)c1,5.531905174255371,3.9508941173553462,4.741399645805359
CC1=CC2Cc3nc4cc(Cl)ccc4c(NCCCCCCCCCNc4c5c(nc6ccccc46)CCCC5)c3C(C1)C2,8.753646850585938,4.46848201751709,6.611064434051514
N#Cc1ccc(OCC(=O)Nc2cc3oc4ccccc4c3cc2C#N)cc1,4.965177059173584,5.728245258331299,5.346711158752441
CC#CCN(C)Cc1cc2cc(OCc3ccccc3)ccc2n1C,4.811418533325195,7.19118070602417,6.001299619674683
O=C1c2ccccc2-c2nc3nnnn3nc21,4.122465133666992,3.952200412750244,4.037332773208618
COc1cc2cc(C(=O)NCc3ccc(F)cc3)c(=O)oc2cc1OC,6.743076324462891,4.909052848815918,5.826064586639404
COc1ccc(-c2coc3ccc(OCCc4cccc(Cl)c4)cc3c2=O)cc1,4.710737705230713,6.983903408050537,5.847320556640625
Fc1ccc(-c2c3cc(F)ccc3nc3c2ccc2ccccc23)cc1,5.047313213348389,6.325628757476807,5.686470985412598
O=C(CCl)c1c(O)cccc1OCCCCCCNc1c2c(nc3ccccc13)CCCC2,7.624990463256836,5.0778679847717285,6.351429224014282
COc1cc2c(cc1O)C(=O)C(Cc1ccc(Cl)cc1)=C2,5.417324066162109,6.112603187561035,5.764963626861572
O=C1CCCc2cc(OCc3cccc(F)c3)ccc21,4.460261344909668,7.650054454803467,6.055157899856567
C=CCN1CCC2CC(=O)CCCC2C1=O,4.732933044433594,4.956176280975342,4.844554662704468
CC(=NNc1nc(-c2ccc([N+](=O)[O-])cc2)cs1)c1ccccc1,5.897074699401856,5.220774173736572,5.558924436569214
N#Cc1nc(-c2ccc(OCCCCC3CCN(Cc4ccccc4)CC3)cc2)no1,6.45654296875,5.761440753936768,6.108991861343384
CCNC(=O)C=Cc1ccc2oc3ccccc3c(=O)c2c1,4.704337596893311,6.205646514892578,5.454992055892944
O=c1ccoc2ccc3ccc(OCc4ccccc4)cc3c12,4.358697891235352,6.63985538482666,5.499276638031006
COc1cc2c(=O)cc(C(=O)c3ccc(Cl)cc3)oc2cc1OC,6.080611705780029,4.662633419036865,5.371622562408447
Cc1ccc(OCC(=O)NCCCCCCCCNc2c3c(nc4ccccc24)CCCC3)cc1,7.495670318603516,4.94464921951294,6.2201597690582275
CCCCCCCCCCCCC=CC(=O)c1c(C)c2ccc(OC)cc2oc1=O,4.669449329376221,6.272383689880371,5.470916509628296
CCCN(CCCCCCN=C1CC(=O)C(=NCCCCCCCN(CC)Cc2ccccc2OC)ON1)Cc1ccccc1OC,7.045409202575684,4.941950798034668,5.993680000305176
O=c1ccoc2ccc(OCc3ccc(Cl)cc3)cc12,3.9866695404052734,7.444512367248535,5.715590953826904
COc1cc(NC(=O)c2ccncc2)ccc1Cl,4.745225429534912,5.241528034210205,4.993376731872559
CCC1CCCN1CCOC(=O)c1cc2cc(OCc3ccccc3)ccc2[nH]1,5.598660469055176,5.3744330406188965,5.486546754837036
CNc1nc2cc(F)ccc2c2nc(-c3ccccc3)nn12,5.549224376678467,4.840105056762695,5.194664716720581
CCCCCCCNCCCCCCCCCNc1c2c(nc3cc(Cl)ccc13)CCCC2,7.4594526290893555,4.649786472320557,6.054619550704956
O=C(OCc1ccc(Cl)cc1)c1cc2ccccc2oc1=O,5.048729419708252,6.231593132019043,5.6401612758636475
O=C1C=C2Oc3cc(OC(=O)CCCCCCCCCCCc4cccc5oc(C(=O)O)cc45)ccc3C2=C1,6.538973808288574,6.126342296600342,6.332658052444458
O=c1c2ccccc2oc2oc3ccoc3c12,5.96408224105835,2.6564977169036865,4.310289978981018
C=CCc1c2c(nc3ccccc13)CCCC2,5.954486846923828,3.95646595954895,4.955476403236389
COc1cc(Cc2cncc(C3=CCN(C)CC3)c2)ccc1OCCCCCCCCCCCNc1c2c(nc3cc(Cl)ccc13)CCCC2,7.368077278137207,5.053011894226074,6.210544586181641
CC(=O)OC1CCC2C3CC(C)C4=CCC(O)CCC4(C)C3CCC12C,4.319497108459473,6.547340393066406,5.4334187507629395
N#Cc1ccc(C2CCCCC2=O)cc1OCCCCCCCCCCCNc1c2c(nc3cc(Cl)ccc13)CCCC2,7.170044898986816,5.679837703704834,6.424941301345825
O=C1c2ccsc2C(=O)N1CCc1ccccc1,5.700163841247559,5.489031791687012,5.594597816467285
CCCNCC=C1CC(=O)Oc2cc(OCc3ccccc3)ccc21,5.4190592765808105,5.637866973876953,5.528463125228882
CCOc1cc2c(cc1OC)C1CCCC1CC2=CCC1C2=CCC2(C)C(=O)CCC12,,,
CCN1CCN(CCCC(=O)Nc2n[nH]c3nnc(-c4cccc(F)c4F)cc23)CC1,5.795925140380859,5.014190196990967,5.405057668685913
CNC(=O)COc1ccc(COc2ccc(CCCOc3ccc(C)cc3)cc2OC)cc1,5.5121588706970215,6.236652374267578,5.8744056224823
C#Cc1cccc(Nc2ncnc3cc(OCCOC)c(OCCOC)cc23)c1,3.720193386077881,6.72149658203125,5.220844984054565
CCC=Cc1cc2c(cc1O)CCCC2=O,5.261145114898682,5.838432312011719,5.5497887134552
Cn1cc(C2=CCOCC2)c2ccccc21,4.414689064025879,5.783348083496094,5.099018573760986
CC(=O)c1ccc2c(c1)C(=O)c1ccc(OCCCCC[n+]3ccc(C)cc3)cc1S2(=O)=O,6.571168422698975,6.761061668395996,6.666115045547485
COc1cc2c(c3cc(OC)c(OC)cc13)CCCC2,5.295121192932129,4.812917709350586,5.054019451141357
COc1cc2c(cc1OC)C(C)CC2=O,6.609612464904785,5.155117988586426,5.8823652267456055
COc1cc2c(cc1OC)C(=O)C(Oc1ccc(C(C)=O)cc1)C2,7.102496147155762,4.8031110763549805,5.952803611755371
NC(=O)c1ccc(N=Cc2coc3ccccc3c2=O)cc1,5.911622047424316,6.114494800567627,6.013058423995972
O=C(c1ccc(Oc2ccccc2)cc1)N1N=C(C2CCCCC2)CC1CO,7.111881256103516,4.962428569793701,6.037154912948608
Cc1cc2oc3cc(O)ccc3c(=O)c2cc1C,5.278642177581787,5.298116683959961,5.288379430770874
O=[N+]([O-])c1ccccc1Nc1ccccc1,5.667459964752197,3.5270166397094727,4.597238302230835
COC(=O)c1ccc2oc(C3COc4ccccc4O3)nc2c1,5.677730083465576,4.569920063018799,5.1238250732421875
CNC1=NC(=Cc2cccs2)CC1=O,6.90493106842041,5.704047203063965,6.3044891357421875
Brc1ccc2c(C3CCCNC3)c[nH]c2c1,4.491284370422363,5.9636101722717285,5.227447271347046
Cc1cccc(NC(=O)c2cc3c(s2)CCCC3)c1,6.040282726287842,5.156585693359375,5.598434209823608
O=C1Cc2c(ccc3ccccc23)OC=C1CCCCCCN1CC=C(O)CC1,5.846522331237793,5.768010139465332,5.8072662353515625
CCc1cccc2c1OC(=O)C2=NNC(=O)Cc1ccc(OC)cc1,5.125468730926514,4.626635074615479,4.876051902770996
COc1ccc(C=C2SC(=O)N(CCCCCCc3cccc(F)c3)C2=O)cc1,5.650122165679932,6.170129299163818,5.910125732421875
c1ccc2c(c1)OCCO2,4.29887580871582,4.797863483428955,4.548369646072388
CCC1=NN(Cc2ccc(OC)cc2OC)C(O)C1,5.746367931365967,3.995025157928467,4.870696544647217
CCOC(=O)C1(c2ccccc2)CCN(Cc2ccccn2)CC1,5.595105171203613,4.296165943145752,4.945635557174683
O=C1c2ccccc2OC(=O)C1CCCC=CCCCNCc1ccco1,6.314995765686035,5.168487071990967,5.741741418838501
O=C1c2ccccc2C(=O)C1c1coc2ccccc2c1=O,6.491473197937012,5.296539306640625,5.894006252288818
CCCc1c2c(CC)c3c(=O)oc4cc(OC)c(OC)cc4c3oc2c(C)c1OC,6.008479118347168,4.150924205780029,5.079701662063599
CCN(CC)CCCCCCCCCCCCCC(=O)Nc1cccc(CCN=C(C)C)c1,6.590559482574463,5.116499900817871,5.853529691696167
O=C1c2ccccc2-c2nc3ncccc3nc21,3.822353839874268,3.89148473739624,3.856919288635254
CCOc1ccccc1C=C1CCCCC1=O,5.2319655418396,5.437612533569336,5.334789037704468
O=C1OCC(=COc2ccc(Cl)cc2)C1=O,3.3591067790985107,7.160351276397705,5.259729027748108
O=C(CCl)Nc1ccc2c(c1)C(=O)c1ccccc1C2=O,4.906166076660156,6.462038993835449,5.684102535247803
Cc1c2ccccc2c(C=CC(O)=NO)c2ccccc12,4.186381816864014,6.287139415740967,5.23676061630249
O=C1c2ccccc2CCCC1CCN(Cc1ccccc1Br)CC1CCCO1,5.507064342498779,4.110950469970703,4.809007406234741
CC(=O)c1cccc(OCCCCCCCCCCCCNc2c3c(nc4ccccc24)CCCC3)c1,7.089454174041748,5.400897979736328,6.245176076889038
O=C1CCc2cc(OCCCCCNc3c4c(nc5cc(Cl)ccc35)CCCC4)ccc2N1,8.013492584228516,5.388576030731201,6.701034307479858
CNC(=O)NCc1ccccc1,4.484854221343994,5.365933895111084,4.925394058227539
O=C(C=CN1CCOCC1)NCc1c2c(nc3ccccc13)CCCC2,5.584201335906982,4.76657247543335,5.175386905670166
CCCCC(=O)NCC=Cc1ccc2c(c1)OCO2,5.869194507598877,5.521657466888428,5.695425987243652
CC(C)c1cc2c(OCC3CCCN3)cccc2o1,5.326148509979248,5.402298450469971,5.364223480224609
Oc1occ2ccc(OCCCCN3CCCCC3)cc12,5.724058628082275,5.988880157470703,5.856469392776489
CC(c1ccccc1)N1CCC(CCC(=O)N2CCCCC2)CC1,6.4718170166015625,3.927666425704956,5.199741721153259
O=C1COc2cc(OCc3ccc(Cl)cc3)ccc2N1,4.168842315673828,7.057910919189453,5.613376617431641
CC1CCCCC1NCC#Cc1ccc(C(=O)c2ccccc2)cc1,5.222477912902832,4.20477294921875,4.713625431060791
Cc1c(C)c2ccc(OCc3cc(C(=O)O)oc3C)cc2oc1=O,6.0386576652526855,6.921278953552246,6.479968309402466
O=C1NC(=O)c2cc(OCCC3CCCCC3)ccc21,6.678622245788574,6.702404499053955,6.690513372421265
N#CCCCCCCCCCNc1c2c(nc3ccccc13)CCCC2,7.003040313720703,4.72031307220459,5.8616766929626465
CC(C)=NNc1ccc2ccc3cccc(c3c2c1)C(=O)OCO,5.356043815612793,5.7448811531066895,5.550462484359741
COc1ccc(C=CC(=O)NCCCn2ccnc2)cc1,3.87776517868042,5.043149948120117,4.4604575634002686
Brc1ccc2c(c1)CCC2NC1CCCCC1,4.293398857116699,5.504964828491211,4.899181842803955
C=C1C=C(O)CC1=Cc1cccc(OC(=O)CCCCCC)c1,4.921666622161865,5.64545488357544,5.283560752868652
Brc1ccc2c(c1)C1CCCC1CN2,4.459786415100098,6.587863445281982,5.52382493019104
O=C(CCCc1c[nH]c2ccccc12)c1ccccc1,4.520231246948242,4.815364360809326,4.667797803878784
C=CCNc1c2c(nc3ccccc13)CCCC2,7.667016983032227,3.971113920211792,5.819065451622009
CCCCCCCCCNc1c2c(nc3ccc(OC)cc13)CCCC2,6.191122055053711,4.9732279777526855,5.582175016403198
Cc1c2ccoc2nc2cc(Cl)ccc12,5.349709510803223,6.213975429534912,5.781842470169067
COc1cccc2c1C(=O)c1c(O)c3c(c(O)c1C2=O)CC(O)(C(O)C=O)CC3OC1CCCC1,6.284256935119629,4.816642284393311,5.55044960975647
CC1=CC=CC1=[N+](CCCN)Cc1cc2cc(O)ccc2nc1O,6.873103618621826,4.710395336151123,5.791749477386475
CNC(=O)COc1ccc(C2=NN(c3ccc(C)cc3)C(c3ccc(Cl)cc3)C2)cc1,6.197595596313477,6.105044364929199,6.151319980621338
CCOc1c2c(nc3sc(CC)cn32)CCCCC2CCOC1,,,
CC(=Cc1ccco1)C1CCC2C3CC=C4CC(O)CCC4(C)C3CCC12C,4.4743194580078125,6.828970432281494,5.651644945144653
CC(NC1CCCCC1)C(O)c1ccc(O)c(C(C)C)c1,4.7246856689453125,4.403385162353516,4.564035415649414
COc1ccc2c3c(cccc13)C(=O)N(C)C2=O,6.891026496887207,6.04466724395752,6.467846870422363
CNC(=O)Oc1ccc2c(c1)C1(C)CCN(C)C1N2C,7.130908012390137,5.488977432250977,6.309942722320557
O=C(CCN1CCCCC1)c1ccc2c(c1)OCO2,6.500900268554688,5.025839328765869,5.763369798660278
COC1=CC=CC2C(C)=NC2=O)=C1OC=CCCCCC(=O)Oc1cccc(C)c1OC,,,
Cn1cccc1C=CCNC(=O)c1ccc2ccccc2c1,5.677097797393799,5.453813076019287,5.565455436706543
CN(C)C(=O)Oc1ccc2c(C3CCN(c4ccc(OC(F)(F)F)cc4)CC3)coc2c1,6.351044654846191,5.585667133331299,5.968355894088745
O=c1cc(OCCCCCCCCNc2c3c(nc4ccccc24)CCCC3)c2occc2c1,,,
CC(=NNc1nc(-c2ccccc2)cs1)c1ccccc1,5.127257347106934,4.774641990661621,4.950949668884277
O=C1CCc2cc(OCCCCCC(=O)ON=CC3CCCCC3)ccc2N1,5.682305812835693,5.996865272521973,5.839585542678833
CCCCc1c(-c2ccccc2)nc2ccccc2c1C(=O)OCC,4.562232971191406,4.573391437530518,4.567812204360962
Cc1oc2cc(OCCOc3c4ccc(C(=O)O)cc4ccc3Cl)ccc2c1C,5.196435451507568,7.131708145141602,6.164071798324585
CNC1=NC(=O)C(c2ccc(OC)cc2OC)=N1,6.490256786346436,4.322508335113525,5.4063825607299805
c1ccc2c(c1)OCC(CCNCCCCCCCNc1c3c(nc4ccccc14)CCCC3)O2,7.205554008483887,4.499342918395996,5.852448463439941
CC(=O)N(C)CCCCCCC#CCN(C)C,5.3606133460998535,5.222110271453857,5.2913618087768555
COc1ccc(C2=CC3CCC(C)C(CCCCCCCNc4c5c(nc6ccccc46)CCCC5)C3OC2=O)cc1,6.04030179977417,5.332576751708984,5.686439275741577
O=C1c2ccccc2C(=O)c2c1ccc1ccccc21,4.117445468902588,6.391595840454102,5.254520654678345
O=C(CCCCOc1ccc(Cl)cc1)N1N=C2CCCCC2C1C(=O)O,6.472860336303711,6.203918933868408,6.33838963508606
Cc1c(O)c2ccc(OCC(=O)N(C)c3ccccc3)cc2oc1=O,6.594841003417969,6.012752532958984,6.303796768188477
COc1cc2c(c(OC)c1OC)C1CCCCC1C2=NO,4.510261058807373,4.355408191680908,4.432834625244141
C#CCN(C)Cc1cc2ccccc2o1,3.8306405544281006,6.033917427062988,4.932278990745544
COc1cc2c(cc1OC)C(=O)CC1CCCC21,5.855443477630615,6.003170013427734,5.929306745529175
C#CCN(CCO)Cc1cc2ccccc2o1,3.68997859954834,4.908496856689453,4.2992377281188965
C=CCOc1ccccc1C=NNc1nc(C)cc(C(=O)OC)n1,5.145132541656494,5.168430805206299,5.1567816734313965
O=C1Oc2ccc(OCCCCCNc3c4c(nc5ccccc35)CCCC4)cc2CO1,6.836286067962647,5.403931140899658,6.120108604431152
Fc1cccc(NC(=S)NCCCN2CCCCC2)c1,6.472403526306152,4.655157089233398,5.563780307769775
O=C1c2ccccc2C(=O)C1Cl,8.297521591186523,5.558232307434082,6.927876949310303
Cc1cccc(CCCCCCCCCCCOCCCCCNCCC[n+]2ccc(C)cc2)c1,6.457447528839111,4.991981029510498,5.724714279174805
Cc1ccc(C2COc3ccc(O)cc3C2=O)cc1,5.3656439781188965,5.971781253814697,5.668712615966797
Fc1ccc(-c2nc3ccc(N4CCCCC4)cc3o2)cc1,5.516613006591797,6.463696479797363,5.99015474319458
COc1cc(C=C2COc3cccc(OCCCCCNc4c5c(nc6ccccc46)CCCC5)c32)cc(OC)c1OC,6.756333351135254,4.948456764221191,5.852395057678223
NNc1nc(C2CCCCC2)nc2c1ncn2C1OC(CO)C(O)C1O,5.481638908386231,5.751523494720459,5.616581201553345
O=C1NC(=O)c2cc(Oc3ccc(Br)cc3)ccc21,6.890771389007568,6.614566326141357,6.752668857574463
Cc1ccccc1-c1ccc(=O)n(CCCCCCCNc2c3c(nc4ccccc24)CCCC3)n1,7.659785747528076,4.54345178604126,6.101618766784668
O=C1c2ccccc2S(=O)(=O)c2ccc(OCC3CCOC3)cc21,5.840263843536377,6.338704586029053,6.089484214782715
CC1C=C2C=CCC(C)C(CCCCCCCCc3cccc(Cl)c3)C2CC1,5.255356788635254,4.69865083694458,4.977003812789917
CCC(=O)N1N=C(c2ccccc2OC)CC1c1ccc(OC)cc1,7.145834445953369,4.887411594390869,6.016623020172119
Cc1cc(O)cc(C)c1CC(=O)N1CCc2ccccc2C1,5.712362289428711,5.133646965026856,5.423004627227783
Cc1cc(=O)oc2cc(OCCCCCCN3CCC(Cc4ccc(F)cc4)(c4ccc(F)cc4)CC3)ccc12,5.786406517028809,6.284306049346924,6.035356283187866
Cc1occ2c1=O,,,
O=C(C=CC=CCCCCCCNc1c2c(nc3cc(Cl)ccc13)CCCC2)Nc1c2c(nc3ccccc13)CCCC2,7.779777526855469,4.821119785308838,6.300448656082153
O=C1CCc2ccc(OCCCCCCNc3c4c(nc5cc(Cl)ccc35)CCCC4)cc2N1,8.071630477905273,5.465448379516602,6.7685394287109375
O=C1Nc2ccc(Cl)cc2C1=O,4.560605525970459,6.474055767059326,5.517330646514893
O=C1COc2ccc(OCCCCCC3CCN(Cc4ccccc4)CC3)cc2N1,6.817073822021484,5.211662292480469,6.014368057250977
CCCCNC(=O)Oc1ccc2c(c1)C1(C)CCOC1=NO2,6.000613689422607,5.583758354187012,5.79218602180481
Fc1ccc(-c2nc3sccn3c2-c2ccncc2)cc1,5.310950756072998,5.878870010375977,5.594910383224487
CC(=O)c1cccc(NC(=O)c2ccc(Cl)cc2)c1,4.749303340911865,5.72750186920166,5.238402605056763
CC(=O)Oc1ccc2oc3cc(OCc4ccccc4)coc3c(=O)c2c1,,,
COc1cc2c(cc1OC)CC(C(=O)c1c[nH]c3ccccc13)O2,6.909818172454834,4.31871509552002,5.614266633987427
Fc1ccc(-c2coc3ccc(Br)cc3c2=O)cc1,4.352093696594238,7.166664123535156,5.759378910064697
Nc1ccccc1C1CCN(Cc2ccccc2OC(F)(F)F)CC1,6.503516674041748,4.715167045593262,5.609341859817505
CCCCNC1=C2CC(=O)C=CC2C1=O,4.708008766174316,5.928237438201904,5.31812310218811
O=C1c2ccccc2OCCCCCCCCCNc2c3c(nc4ccccc24)CCCC3)O1,,,
c1cc[n+](CCCCCCCCCCCCC[n+]2ccc3ccccc3c2)cc1,7.41342306137085,4.546314239501953,5.979868650436401
CCNC(=O)OC1COC2C(OC(=O)c3ccc(OC)cc3)COC12,3.1429147720336914,4.298385620117188,3.72065019607544
Cc1c2c(n3c1CCCC3)CCCC2CCCC=CC1CC2,,,
CC(=O)Nc1ccc2oc(-c3ccccc3OC(C)=O)nc2c1,5.680893898010254,4.689138889312744,5.185016393661499
Cc1cccc(CN2CCC(CCOc3ccc(C(=O)NC4CCC4)cc3)CC2)c1,6.085990905761719,4.021141052246094,5.053565979003906
COc1ccc2c(c1)c(CC(=O)NCCc1ccco1)c(C)n2CCN(C)C,6.025423526763916,4.966465473175049,5.495944499969482
Sc1nnc2c3c4c(sc3n3c(S)nnc3n12)CCC4,5.364404678344727,4.255815029144287,4.810109853744507
c1ccc2c(NCCCCCCN3CCOCC3)c3c(nc2c1)CCCC3,7.391688823699951,4.015387535095215,5.703538179397583
CC1=CC=CC2=NOC(C)(c3ccc(O)cc3)CC2C1,5.835037708282471,5.479577541351318,5.6573076248168945
COc1cc2c(cc1OC)C(=O)C(=Cc1cccc(C)c1)C2,6.040982246398926,5.926111221313477,5.983546733856201
c1ccc(Cc2cn(-c3ccc4[nH]ncc4c3)nn2)cc1,5.488114833831787,4.650986671447754,5.0695507526397705
Clc1cccc(C2CC(C3CCCC3)=NN2c2ccccn2)c1,6.559635162353516,6.027421474456787,6.293528318405151
O=C(C=Cc1cccc2c1OC(CO)C2)c1ccc(O)cc1,5.482515335083008,5.168848514556885,5.325681924819946
Nc1nc(-c2ccc(C#CCN3CCCC3)cc2)cs1,4.976391315460205,5.4537763595581055,5.215083837509155
CC(CN=C1CC(=O)C(=O)C1)COCC1CCOC1=O,5.906993389129639,6.074693202972412,5.990843296051025
COc1cc2c(cc1OC)C1=CC(=CC=CC=CC=C1)CC2,4.47910213470459,4.995340347290039,4.7372212409973145
O=C(C=CC=Cc1ccco1)OCCOc1ccccc1,4.695481777191162,7.078143119812012,5.886812448501587
O=c1cc(CO)oc2ccc(OCc3cccc(Cl)c3)cc12,4.054561138153076,6.487298965454102,5.270930051803589
O=C1NC(=O)C(Cc2ccc(OCCCCCCCCOc3cccc(CN4CCCCC4)c3)cc2)=C1c1ccc(O)cc1,6.286325931549072,5.546037673950195,5.916181802749634
O=C1CCc2ccc(OCCCCCNc3c4c(nc5ccccc35)CCCC4)cc2N1,7.586210250854492,5.279542446136475,6.432876348495483
CN1CCN(Cc2cc3cc(Cl)ccc3o2)CC1,5.326657772064209,4.118303298950195,4.722480535507202
CC(=O)Nc1cc2cc(OCCCC3CCN(Cc4ccccc4)CC3)ccc2cn1,6.473409175872803,4.852549076080322,5.6629791259765625
Cn1cc(-c2cc3nc(O)cc(C=CCCCCCCNc4c5c(nc6ccccc46)CCCC5)c3s2)c2ccccc21,7.274344444274902,4.602528095245361,5.938436269760132
COc1cc2cc(-c3cccc(N(C)C)c3)oc2cc1OC,5.438011169433594,5.574642181396484,5.506326675415039
NC(CCCCCCCNc1c2c(nc3cc(Cl)ccc13)CCCC2)CCCC1CCCCC1,7.809141159057617,4.403038024902344,6.1060895919799805
CCOc1ccc(CC2NCCN2C)cc1I,4.855561256408691,4.921710014343262,4.888635635375977
O=C(COc1ccc2ccc(=O)oc2c1)N1CCCCC1,5.819056510925293,5.353846549987793,5.586451530456543
CC1CCCC(=NNc2nc(-c3ccccc3O)cs2)C1,5.672152042388916,5.938406467437744,5.80527925491333
C#CCN(C)Cc1cc2cc(OCCCCCCCCCCNc3c4c(nc5ccccc35)CCCC4)ccc2n1C,6.616729736328125,5.888737678527832,6.2527337074279785
N#Cc1ccc(-c2ccc3c(C=Cc4cccc([N+](=O)[O-])c4)noc3c2)cc1,5.380656719207764,6.8898210525512695,6.135238885879517
O=C(C#Cc1ccccc1)N1CC(CN2CCCC2)Oc2ccccc21,5.423437595367432,4.436643600463867,4.930040597915649
COc1cc2c(cc1OC)C(=O)C(Cl)=C2F,6.061283111572266,6.278323173522949,6.169803142547607
C#CCNCc1cccc(OC(=O)N(C)C)c1,5.891085147857666,4.417337417602539,5.1542112827301025
c1ccc2c(Nc3ccc(OCCCN4CCCCC4)cc3)c3c(nc2c1)CCCC3,6.826694488525391,4.61631965637207,5.7215070724487305
O=c1oc2ccccc2cc1-c1csc(Nc2ncccn2)n1,6.43561601638794,6.078428745269775,6.257022380828857
Cc1cc2oc(=O)c(-c3cccc(OCCCCCCCN4CCCCC4)c3)cc2cc1C,6.002063274383545,5.959888935089111,5.980976104736328
COc1ccc(-c2cc(=O)c3ccccc3o2)cc1,4.994675636291504,4.6932692527771,4.843972444534302
CC(=O)c1ccc2c(c1)N(C)C(=O)C2=NO,4.3929219245910645,4.634963035583496,4.51394248008728
Cc1ccc(SC=Cc2ccc(-c3ccccc3)cc2)[n+](C)c1,4.278666019439697,4.689977645874023,4.48432183265686
C#CCCCCCOc1ccc2c(=O)c3ccccc3oc2c1,3.56233811378479,6.715149402618408,5.138743758201599
CC(=O)OC1C=C(Br)COC1=O,2.8517098426818848,4.18059778213501,3.5161538124084473
CCCCCCNC(=O)CCCCCCNc1c2c(nc3ccccc13)CCCC2,7.473613262176514,4.670454025268555,6.072033643722534
COc1cc2c(cc1OC)C(=O)C(=O)C(CC1CCN(CCc3ccccc3)CC1)C2,7.212830543518066,4.573832988739014,5.89333176612854
CN1CCc2cc(OCCCCCN3CCCCC3)ccc2C1=O,6.618059158325195,5.442446231842041,6.030252695083618
C=CCOC(=O)Oc1ccc2c(C)cc(=O)oc2c1,5.199951171875,5.992171764373779,5.59606146812439
O=C1CCc2cc(OCCCCCCNc3c4c(nc5ccccc35)CCCC4)ccc2N1,7.614392280578613,5.364870548248291,6.489631414413452
NCCCCCCCNCCCCCNc1c2c(nc3ccccc13)CCCC2,6.73944091796875,4.307055950164795,5.5232484340667725
COc1cc2c(cc1OC)C1CCCCC1C(=O)O2,5.752918243408203,5.9578776359558105,5.855397939682007
CC(=O)c1cc(C#N)cc(CCCCCCCCNc2c3c(nc4ccccc24)CCCC3)c1,7.945121765136719,4.9047675132751465,6.424944639205933
CC1CC(C)N1CCOc1cc(=O)oc2cc(OCc3ccccc3)ccc12,6.025856018066406,6.556175231933594,6.291015625
CNC1CCC(c2coc3cc(O)ccc3c2=O)C1,5.522396564483643,5.099481582641602,5.310939073562622
c1ccc(CNc2c3c(nc4ccccc24)CCCC3)cc1,5.197774887084961,3.5563082695007324,4.377041578292847
O=c1ccoc2cc(OCc3cccc(Br)c3)ccc12,3.915376901626587,7.330112934112549,5.622744917869568
O=C(CCc1c[nH]c2ccccc12)NCc1ccco1,4.795005798339844,5.553919792175293,5.174462795257568
Oc1occ2ccc(OCCCCCN3CCCCC3)cc12,5.941795825958252,6.135617733001709,6.0387067794799805
CCN(CC)CCOc1ccc2c(c1)OC(=O)CC2=CCl,5.297683238983154,5.625158309936523,5.461420774459839
O=C1c2ccccc2C(=O)N1CCCCCCCCCNc1c2c(nc3ccccc13)CCCC2,8.008002281188965,5.023533344268799,6.515767812728882
CON=C(C)CCCOCCOCCN=C1CC(=O)c2ccccc2C1=O,5.370450496673584,6.781452178955078,6.075951337814331
CCC(C)n1nc2c3c(cccc31)OCCO2,5.379240036010742,5.637186527252197,5.50821328163147
CCCc1cc2c(=O)c(-c3cc4ccccc4oc3=O)coc2cc1O,5.504785537719727,5.64603328704834,5.575409412384033
O=[N+]([O-])c1cc2ccccc2c2ccccc12,4.09455156326294,6.644375801086426,5.369463682174683
CC1CCCC(NC(=O)CCc2c[nH]c3ccccc23)C1=O,4.793651103973389,5.068173885345459,4.930912494659424
Cc1ccc(C=CC(=O)C=Cc2ccc(O)c(O)c2)o1,4.317131042480469,6.6434526443481445,5.480291843414307
Cc1ccccc1OCC(=O)NCCCCNc1c2c(nc3ccccc13)CCCC2,7.412552356719971,4.537808418273926,5.975180387496948
CC(C)=CCc1c(O)cc2ccc(=O)oc2c1C,4.428495407104492,5.975901126861572,5.202198266983032
O=C1CCCc2cc(OCc3ccc(Cl)cc3)ccc21,3.886667728424072,7.479969501495361,5.683318614959717
CN=C1CC(=O)Oc2cc(OCc3cccc(Cl)c3)ccc21,5.113080978393555,7.209771156311035,6.161426067352295
O=C1Oc2ccc(CO)cc2CNCN1c1ccccc1,4.665552616119385,5.3769636154174805,5.021258115768433
O=C1c2ccccc2C(=O)C1c1ccc2c(c1)OCO2,6.728742599487305,5.876420021057129,6.302581310272217
CC(=O)Nc1cc(OCc2ccc(Cl)cc2)ccc1OCCCCCCCCCNc1c2c(nc3ccccc13)CCCC2,6.603220462799072,5.3460187911987305,5.974619626998901
CC(=O)Nc1ccc(C=C2Cc3cc(Cl)ccc3C2=O)cc1,5.006616115570068,6.295124053955078,5.650870084762573
O=C1c2ccccc2S(=O)(=O)c2ccc([N+](=O)[O-])cc21,5.406124114990234,6.372133255004883,5.889128684997559
CC1=CC2Cc3nc(O)ccc3C3(C1)C2CCCC3C(=O)CN(C)CCCCCCCCCN(C)Cc1ccc(O)cc1,6.790084362030029,5.008316516876221,5.899200439453125
COc1ccc(C=C2CCCC(=C3CCN(Cc4ccccc4)CC3)C2=O)cc1,5.46324634552002,4.844241619110107,5.1537439823150635
COc1cc2c(cc1OC)C(=O)C(F)(F)F,,,
O=C(C=Cc1cccc2cccnc12)NC1CCCCC1,3.848689079284668,5.794622898101807,4.821655988693237
C#CCN(C)Cc1cc2cc(OCCC3CCN(Cc4ccccc4)CC3)ccc2n1C,6.383633136749268,5.55838680267334,5.971009969711304
N#Cc1ccc(COc2ccc3c(=O)c4ccccc4oc3c2)o1,4.992471694946289,5.451906204223633,5.222188949584961
CN1CCN(CCCOc2ccc(C3=NN(C(C)C)C(O)=NC3=O)cc2)CC1,5.304416656494141,5.683231353759766,5.493824005126953
c1ccc(COc2ccc3c(c2)CCNC3=O)cc1,5.2519402503967285,6.8183698654174805,6.0351550579071045
CCOC(=O)Cc1csc(Nc2nc3ccccc3o2)n1,6.390430450439453,5.915148735046387,6.15278959274292
O=C1c2ccccc2C(=O)N1c1ccc(Br)cc1,4.489851951599121,5.623785972595215,5.056818962097168
Cc1c2c(n3c1CCCC3)CCCC2=O,6.513217926025391,4.558048725128174,5.535633325576782
CC(=NNc1nc(-c2ccccc2)cs1)c1cccs1,5.310489654541016,5.59222412109375,5.451356887817383
N#Cc1cc2c(cc1OC(F)F)OCCS2,5.458769798278809,4.603392124176025,5.031080961227417
N#Cc1ccc(-c2cccs2)cc1C#N,3.7603988647460938,6.740557193756104,5.250478029251099
CCCCCOc1ccc2c(=O)c3ccccc3oc2c1,3.9055428504943848,5.6007490158081055,4.753145933151245
CCn1c(=O)c2c(nc(COc3ccc(C)c(F)c3)n2C)n(C)c1=O,5.516213417053223,6.084099769592285,5.800156593322754
OCC(COc1cccc2ccccc12)NCCC1CCOC1,4.099527359008789,5.378503322601318,4.739015340805054
COc1ccc2c(=O)cc(C(=O)NCC3CCCCC3)oc2c1,6.912000179290772,4.977174282073975,5.944587230682373
c1ccc2oc(Nc3ccc(CCNc4nc5ccccc5o4)cc3)nc2c1,5.988984107971191,4.962442874908447,5.475713491439819
COc1cc(-c2cccc3ccccc23)cc2c1OCCO2,4.780118465423584,5.530332088470459,5.1552252769470215
NC(=O)c1csc2cnc(C(=O)CCCCCCCNc3c4c(nc5ccccc35)CCCC4)cc12,7.952404975891113,5.01458740234375,6.483496189117432
c1ccc(C2CC(OCCC3CCOCC3)ON2)cc1,4.870122909545898,5.636560440063477,5.2533416748046875
N#Cc1ccccc1OCCCCCN,3.1165995597839355,6.393673896789551,4.755136728286743
COc1cc2cc(C(=O)CCCCCCCCCCCCCCC[n+]3ccccc3)oc2cc1OC,7.300908088684082,5.709241390228272,6.505074739456177
CC1=NOC(=O)C1=Cc1ccc(OCCCCCCNc2c3c(nc4ccccc24)CCCC3)cc1,6.846372604370117,6.06266450881958,6.454518556594849
Cc1ccccc1NC(=O)Oc1cccc(C#N)c1,6.58546781539917,5.412875175476074,5.999171495437622
CC#CCN(C)Cc1cc2cc(OCCC3CCN(Cc4ccccc4)CC3)ccc2n1C,6.563601493835449,5.251651287078857,5.907626390457153
COc1ccc(-c2oc3ncnc(N)c3c2-c2ccc(OCCCC#N)cc2)cc1,4.874109268188477,5.533441543579102,5.203775405883789
Oc1occ2ccc(OCCCCC3CCN(Cc4ccccc4)CC3)cc12,6.477311611175537,5.446585655212402,5.96194863319397
C=CCC1CC(=O)Oc2cc(OCc3cccc(OC)c3)ccc21,5.127288818359375,6.557023048400879,5.842155933380127
CC1CC(C)CN(CCCCCCCNc2c3c(nc4ccccc24)CCCC3)C1,7.642147064208984,3.4011502265930176,5.521648645401001
COc1cc2c(cc1OC)C(=O)C(Oc1ccc(C(C)=O)cc1)C2,7.102496147155762,4.803229808807373,5.952862977981567
O=C1c2ccccc2SCCCCCCCCNc2c3c(nc4ccccc24)CCCC3)c2cc(O)ccc21,,,
O=C(O)Cc1ccc2c(c1)C(=O)C(=O)c1cc(O)ccc1O2,5.37413501739502,4.082228660583496,4.728181838989258
CC(=O)c1cc2cc(OCc3ccccc3)ccc2oc1=O,6.1446075439453125,7.104392051696777,6.624499797821045
COC(=O)c1cc2ccccc2cc1OCCCCN1CCC(C)CC1,5.797242164611816,4.764481544494629,5.280861854553223
c1ccc2c(c1)COC(CNCCCCCCCCCNc1c3c(nc4ccccc14)CCCC3)O2,7.025721073150635,4.576838493347168,5.801279783248901
CC(C)(C)c1ccc2c(c1)N(CCCC1CCCCC1)CC2,6.951825141906738,3.5863842964172363,5.269104719161987
CC1=Nc2cc(C(F)(F)F)nn2C(c2cc3ccccc3oc2=O)C1,6.526248455047607,6.23753547668457,6.381891965866089
O=C1Cc2cc(Cl)cc(Cl)c2OC1=O,3.894615888595581,6.19871711730957,5.046666502952576
COc1cc2c3c(c1OC)-c1cc4ccccc4oc2cc1C3=O,,,
Nc1ncnc2c1sc1ccccc12,4.096632480621338,2.344135284423828,3.220383882522583
O=C1c2ccccc2C(=O)N1Cc1coc2ccccc12,5.913857936859131,4.675782203674316,5.294820070266724
CC(=O)COc1ccc2c(=O)c(-c3ccccc3)oc2c1,,,
COc1cc2c3c(c1)C(=NO)CCC3,,,
O=C1N=CCc2ccc(OCc3cccc(Cl)c3)cc21,4.603853225708008,8.36104679107666,6.482450008392334
O=C1C=CC(=O)c2ccc(OCCCCCCCNc3c4c(nc5cc(Cl)ccc35)CCCC4)cc21,7.99477481842041,5.941446781158447,6.968110799789429
O=c1c(=Cc2cccc(OCCCCCCc3ccccc3)c2)oc2ccc(O)cc2c1=O,5.459042549133301,6.628588199615479,6.04381537437439
CC=C1CC(=O)Oc2cc(OCCCCCCCCCCC)ccc21,5.441869735717773,7.101059913635254,6.271464824676514
COc1cccc(C=C2COc3ccccc3C2=O)c1,5.316483974456787,6.492819786071777,5.904651880264282
CC[n+]1ccc(C=Cc2cc3ccccc3[n+]2C)cc1,,,
CC#CCC1CCC2C3CC=C4CC(=O)CCC4=C3C(c3ccc(OC)cc3)CC21C,4.759671688079834,7.320966720581055,6.040319204330444
O=c1ccoc2ccc(OCc3cccc(Br)c3)cc12,3.962345600128174,7.523700714111328,5.743023157119751
COc1cc2c(cc1OC)C1=CC=C(NCC3CCN(CCCNC3)CC1)CC2,4.035282611846924,3.9183502197265625,3.976816415786743
CNC(=O)COc1ccc(C=CCC=CC=CC(=O)C=Cc2ccc(O)c(O)c2)cc1,4.614205837249756,6.675601959228516,5.644903898239136
COc1ccc(CC=Cc2ccc3ccccc3[n+]2C)cc1,4.698548793792725,4.943647861480713,4.821098327636719
c1ccc2c(c1)oc1ccccc12,3.66455078125,3.7693495750427246,3.7169501781463623
C=CCn1c2ccccc2c2ccc(CC)cc21,5.567650318145752,5.616571426391602,5.592110872268677
O=C1CCc2ccc(OCCCCCNc3c4c(nc5cc(F)ccc35)CCCC4)cc2N1,8.11450481414795,5.492077350616455,6.803291082382202
CCOc1occc1C(=O)Nc1ccc(C#N)cc1,5.766033172607422,5.969401836395264,5.867717504501343
O=C1c2ccccc2OCC1CCN1CCCCC1,6.2320876121521,4.860439300537109,5.5462634563446045
O=C(CCCCCCCNc1c2c(nc3cc(Cl)ccc13)CCCC2)NC1CCCCC1,8.026515007019043,4.474911212921143,6.250713109970093
CCNC(=O)c1ccc2c(c1)C(=Cc1ccco1)CC2,5.8519134521484375,5.571451187133789,5.711682319641113
Cc1ccccc1OCC(O)CN1CCN(CCc2ccc(Cl)c(Cl)c2)CC1,4.791031360626221,4.350339889526367,4.570685625076294
C#CCCCCCOc1ccc2c(=O)c3ccccc3oc2c1,3.56233811378479,6.715149402618408,5.138743758201599
COc1ccccc1C=CCN1CCCCC1,4.535394191741943,3.5862112045288086,4.060802698135376
O=c1cc(C2CCCCC2)oc2cc(OCc3cccc(F)c3)c(O)cc12,4.834433555603027,6.222240447998047,5.528337001800537
CC(CCCCCCCCCCN=CC1CC(=O)Oc2cc(O)ccc21)CC1CCCCC1,6.022046089172363,5.660207271575928,5.8411266803741455
COc1cc2c(cc1O)C(=O)CC(OC)CC2,4.842470645904541,4.642404556274414,4.7424376010894775
Cc1cccc(C)c1OCCCCCC(=O)NN=C(C)C1CCCCC1,5.971968650817871,5.084400653839111,5.528184652328491
COc1cc2c(cc1OC)C(=O)C(C)C2,7.520417213439941,4.710775375366211,6.115596294403076
COc1cc2cc(C(=O)CCCCCNc3c4c(nc5ccccc35)CCCC4)oc2cc1OC,7.963444709777832,4.6021928787231445,6.282818794250488
CCC1CCCCN1CCCCCNc1c2c(nc3ccccc13)CCCC2,7.63713264465332,4.029959678649902,5.833546161651611
COc1cccc(COc2ccc(C(C#N)N3CCCCC3)cc2)c1,4.275520324707031,5.151389122009277,4.713454723358154
COc1cc(OC)c(C=CC=Cc2ccc3ccccc3[n+]2C)cc1OC,5.845058917999268,5.348632335662842,5.596845626831055
CN1CC=C2CCCCN2C(=O)C1=O,4.07405948638916,4.857269763946533,4.465664625167847
O=C(CCCCCCC(O)COc1ccccc1)Nc1ccccc1,5.336827278137207,5.702342987060547,5.519585132598877
CC(=O)Nc1ccc(CC(=O)N2CCC(CCCC(=O)Nc3ccccc3)CC2)cc1,6.096756935119629,4.354644775390625,5.225700855255127
CCN(CC)CCOC(=O)c1ccc2c(c1)CCCC2=O,4.993129253387451,4.798072814941406,4.895601034164429
COC(=O)c1ccc(COC(=O)c2cccc(C)c2)cc1,3.5689992904663086,5.101584434509277,4.335291862487793
CCCCCCNC(=O)CCCCCCCCCCCNc1c2c(nc3cc(Cl)ccc13)CCCC2,7.781989097595215,5.003220558166504,6.392604827880859
CC(=Cc1ccccc1O)COc1ccc2oc3ccccc3c2c1,4.511713981628418,5.851340770721436,5.181527376174927
O=C(CCCCCCCCCNc1c2c(nc3cc(Br)ccc13)CCCC2,,,
Cc1ccccc1Oc1ccc([N+](=O)[O-])o1,8.14547348022461,4.902085781097412,6.523779630661011
O=C1CCc2ccc(OCCCCCCNc3c4c(nc5ccccc35)CCCC4)cc2N1,7.6467509269714355,5.350108623504639,6.498429775238037
CCCCc1ccc2c(c1)C(=O)C(=O)c1ccc(CCC)cc1S2(=O)=O,5.083380699157715,6.473283767700195,5.778332233428955
COc1ccc2c(=O)cc(COC(=O)c3ccccc3)oc2c1,5.51262092590332,4.840982913970947,5.176801919937134
O=C1CCCc2cc(OCCCCc3ccccc3)ccc21,5.140640735626221,6.1899189949035645,5.665279865264893
O=C1CCCc2sc3nc(C=CCCCN4CCC(c5coc6ccc(O)cc56)CC4)oc(=O)c3c21,7.19919490814209,5.544097900390625,6.371646404266357
CC(=O)Nc1ccc(CC(=O)Oc2ccc(Cl)cc2)cc1,4.914793491363525,4.488363742828369,4.701578617095947
CN1CCN(CCCCOc2ccc(-c3nc4ccc(C(=O)c5ccc(O)cc5)cc4[nH]3)cc2)CC1,6.243377685546875,4.82298469543457,5.533181190490723
N#CCCCCCCCCCc1ccc2c(c1)OC(F)(F)O2,5.15297794342041,6.726878643035889,5.939928293228149
O=C1c2ccccc2C(=O)C1CCCCCCCCCCCNc1c2c(nc3ccccc13)CCCC2,7.809804916381836,5.088187217712402,6.448996067047119
Clc1ccc2c(c1)sc1ncccc12,4.553045749664307,5.370020866394043,4.961533308029175
O=c1ccoc2ccc(OCc3cccc(Cl)c3)cc12,3.992715835571289,7.384788513183594,5.688752174377441
Clc1ccc(COc2ccc(Br)cc2C2CCNC2)cc1,3.919993162155152,5.57689380645752,4.748443484306336
CCOC(=O)c1cc2c(=O)n3ccccc3nc2n(Cc2ccc(Cl)cc2)c1=NCC(C)C,5.352694511413574,5.00863790512085,5.180666208267212
O=C(O)c1cc2ccccc2cc1C(=O)NCc1ccc(OC(F)(F)F)cc1,6.383685111999512,5.723700523376465,6.053692817687988
Cc1cc2cc(C3=NCCN3)ccc2n1C,6.768067359924316,5.958698272705078,6.363382816314697
CN(C)C(=O)Oc1ccc2c(c1)OCO2,6.215778350830078,4.1460490226745605,5.180913686752319
Cc1c2ccccc2c(C)c2c1oc(=O)c1ccccc12,5.0400824546813965,5.618691921234131,5.329387187957764
Cc1cc2ccccc2c2c1C(=O)oc1c(C)c(O)ccc12,5.439695358276367,5.704563617706299,5.572129487991333
CC(=NNC(=O)c1ccccc1O)c1cccc(Br)c1,5.44226598739624,5.171858310699463,5.307062149047852
CC(C)=CCN2CCC1C2COC(=O)NCCCc2ccccc21,4.568446159362793,4.922029972076416,4.7452380657196045
COCCOCCCCCCCNCCCCCCCCNCCCCCNc1c2c(nc3ccccc13)CCCC2,6.995710372924805,5.061899185180664,6.028804779052734
Cc1c2c3nc4ccccc4c(C)c3c(=O)n2n1CCCCCCNc1c2c(nc3ccccc13)CCCC2,6.743156433105469,4.327831268310547,5.535493850708008
Nc1c2c(nc3ccccc13)CCCC2,6.06611967086792,2.2618794441223145,4.163999557495117
Cc1cc(F)cc(COc2ccc(C=CC(=O)O)c(Cl)c2)c1,3.3021128177642822,6.938433647155762,5.120273232460022
Oc1occ2ccc(OCCCCN3CCCCC3)cc12,5.724058628082275,5.988880157470703,5.856469392776489
OCCNc1c2c(nc3cc(Cl)ccc13)CCCC2,7.851490974426269,3.909144878387451,5.88031792640686
COc1ccc2c(c1)c(C1CCN(Cc3ccccc3)CC1)c(C)n2C,5.7358078956604,4.624077796936035,5.179942846298218
CSc1cc2c(cc1O)CCCC2=NO,3.6860134601593018,4.9641289710998535,4.325071215629578
Cc1cc(=O)oc2cc(OCC=CC3CCCCC3)ccc12,4.993216037750244,6.12803316116333,5.560624599456787
O=C1OC(c2ccc(O)c(O)c2)=NC1=Cc1cc(Br)c(O)c(Br)c1,6.438333034515381,5.653353691101074,6.0458433628082275
[H]c1cccc(C#Cc2cc(C3CC(c4ccc(C#N)cc4)=NO3)on2)c1,5.837319374084473,6.520120620727539,6.178719997406006
N#Cc1ccc(OCc2ccc3c(c2)OCO3)cc1,3.90776801109314,6.982828617095947,5.4452983140945435
CN(C)CC=CCC(=O)Cc1cc2c(-c3cccc(Cl)c3)ncnc2s1,4.729696750640869,5.593689441680908,5.161693096160889
c1cc2cc(OCc3ccc4ccccc4n3)ccc2o1,4.285888195037842,6.155171871185303,5.220530033111572
C=C1CCCC2(C)CCCC(C3=CCC=CC3=O)OC12,4.233023643493652,6.737635612487793,5.485329627990723
CCCc1c(OCCCCCCCCNc2c3c(nc4ccccc24)CCCC3)ccc(C(=O)NCCCCCCCCNc3c4c(nc5ccccc35)CCCC4)cc1O,,,
CC(=NO)c1sc2ccc(OCCCCN3CCCCC3)cc2c1C,5.542634963989258,5.36531925201416,5.453977108001709
O=c1c2ccccc2oc2nc3ccccc3cc12,4.934433460235596,4.381659507751465,4.65804648399353
O=c1oc2ccccc2cc1OCCN1CCCCC1,5.705818176269531,5.069389343261719,5.387603759765625
C#CCCCCOc1ccc2c(=O)c(-c3ccccc3)oc2c1,,,
Cc1cccc2oc(=O)c(-c3ccc4c(c3)OCO4)cc12,5.712174892425537,6.276482582092285,5.994328737258911
Cc1cc2cc(CC(=O)C3CCC[N+](C)(Cc4ccccc4)C3)c(O)nc2cc1Cl,6.333714485168457,4.765656471252441,5.549685478210449
CC=CCOc1ccc2c(C(=O)CCCCCCC)coc2c1,4.792963027954102,6.398236274719238,5.59559965133667
COc1ccc(C=Cc2c3ccccc3nc3nnccc23)cc1,4.9104108810424805,5.706177234649658,5.308294057846069
CC(C)=CC[n+]1coc2ccccc2c1=O,5.5716729164123535,4.975509643554688,5.2735912799835205
COc1cc2c(cc1OC)CC(C)N(Cc1ccc(F)cc1)C2,5.749181747436523,5.112292289733887,5.430737018585205
CCC(C)Oc1ccc(CC2=NC(=O)Oc3ccccc32)cc1,5.791863441467285,5.158263683319092,5.4750635623931885
COc1cccc2cc(C(=O)O)ccc12,4.4176836013793945,6.455973148345947,5.436828374862671
COc1cc(C=NNc2nc3ccccc3o2)ccc1O,5.096123695373535,3.7842068672180176,4.440165281295776
CCc1c2c3c(c(O)cc1OC)CCCCC3CC(C)C2,,,
CCC(=O)C=CC=CC1CCC2CCC(=O)CC21,2.9006171226501465,5.497997283935547,4.199307203292847
O=C1C=CCC2CN(CCCCCCNc3c4c(nc5ccccc35)CCCC4)C(Cl)C12,7.408417701721191,5.001523017883301,6.204970359802246
COc1c(C)c(COC2CCC3CN(c4ccc(F)cc4)CCN3C2)c(C)c1C,,,
O=C1CCc2ccc(Oc3ccc(CCN4CCCC4)cc3)cc2N1,5.923370361328125,4.934504508972168,5.4289374351501465
CCN=Cc1ccc(OCc2ccccc2)cc1,4.768564224243164,5.481863498687744,5.125213861465454
CC(=O)CCC1=C(CCCCCNc2cc(C)on2)oc1=O,6.645382881164551,5.918063163757324,6.2817230224609375
CCN(CCCCCCN=C1CC(=O)C(=NCCCCCCN(CC)Cc2ccccc2OC)CO1)Cc1ccccc1OC,7.524540424346924,4.901000022888184,6.212770223617554
c1cnc2ccc(OCCN3CCCCC3)cc2c1,4.273231983184815,5.293691158294678,4.783461570739746
O=C1CCCc2cc(OCCCCCCNc3c4c(nc5ccccc35)CCCC4)ccc21,7.41490364074707,5.253373146057129,6.3341383934021
COc1cc2c(cc1O)C(=O)CC(C)(C)C2,4.610989570617676,5.198817729949951,4.9049036502838135
COc1cc2cc(-c3ccc(F)cc3)cc(=O)oc2cc1O,,,
O=C1CCc2cc(OCCCCCCCCCNc3c4c(nc5ccccc35)-c3ccccc3CC4)ccc21,6.302137851715088,5.606423377990723,5.954280614852905
CC(=O)c1cc2c(s1)CCCC2=O,7.222222328186035,5.13840913772583,6.180315732955933
CC(C)(C)c1cc[n+](C=Cc2csc3ccccc23)cc1,4.595482349395752,4.594470024108887,4.594976186752319
O=C(Oc1ccc2c(=O)occc2c1)c1coc2ccccc2c1=O,6.028334140777588,5.429259777069092,5.72879695892334
COc1cc2cc(C(=O)OCCN3CCOCC3)oc2cc1OC,5.0802741050720215,4.265931606292725,4.673102855682373
COc1cc2c(cc1OC)C(=O)C(Oc1ccc(C(=O)CBr)cc1)C2,7.013676643371582,4.9535908699035645,5.983633756637573
COc1cc2c(c3ccc(OC4CCC4)cc3oc2c1,,,
c1ccc(COc2ccc(C3CCNCC3)cc2)cc1,4.418320655822754,4.892401218414307,4.65536093711853
CCNc1c2c(nc3cc(Cl)ccc13)CCC2,7.578976154327393,4.021219730377197,5.800097942352295
O=C1c2ccccc2-c2nnc(-c3ccc(F)cc3)cc21,5.582317352294922,6.205568313598633,5.893942832946777
CNC(=O)C=Cc1ccc2c(c1)OCO2,4.772002696990967,5.973784446716309,5.372893571853638
COC(=O)C1=C(C)OC2=CCC(=O)C2C1c1ccccc1,4.980816841125488,6.643230438232422,5.812023639678955
CC1=Nc2cc(C(F)(F)F)ccc2Sc2ccc(Cl)cc21,5.9703288078308105,6.56517219543457,6.26775050163269
COc1ccc(-c2cc3cc(OC)ccc3oc2=O)cc1OC,5.763792037963867,6.115314483642578,5.939553260803223
COCCn1nnnc1SCc1csc2ccc(Cl)cc2c1=O,6.236039161682129,6.456860065460205,6.346449613571167
O=C(CF)c1cc2c3c(ccc2cc1O)OCO3,5.338334083557129,5.563240051269531,5.45078706741333
Oc1occ2ccc(OCCCCCCNc3c4c(nc5ccccc35)CCCC4)cc12,7.275489807128906,5.536603927612305,6.4060468673706055
COc1cc(O)c2c(=O)c3cccc(OC)c3oc2c1,5.67417049407959,3.8045363426208496,4.73935341835022
Cc1c2cc3c(c1)C(=O)CCC3CCC2C(=O)Nc1ccc(C#N)cc1,5.500495910644531,6.577497482299805,6.038996696472168
CCOC(=O)c1c2cc(OCCCCCNc3c4c(nc5ccccc35)CCCC4)ccc2oc1=O,,,
CC(C)C(=O)N1CCc2c(c(-c3ccc(C(=O)O)cc3)nn2C)C1,5.731354713439941,4.139730930328369,4.935542821884155
O=C1CCc2cc(OCCOc3ccc(Br)cc3)ccc2N1,4.257645606994629,7.254348278045654,5.755996942520142
CC=Cc1ccc(NC2=NC(=O)C(=Cc3cccc(OC)c3)S2)cc1,6.351006031036377,5.473257064819336,5.9121315479278564
N#Cc1cccc(C2=NOC(c3ccc(F)cc3)C2)c1,6.0836262702941895,7.48209285736084,6.782859563827515
Cc1c2ccccc2c(CCCCCCNc2c3c(nc4ccccc24)CCCC3)c1O,,,
O=C1CCc2cc(OCCCCCCNc3c4c(nc5ccccc35)CCCC4)ccc21,7.778197765350342,5.334210395812988,6.556204080581665
CN1C(=O)C(=Cc2cccc(OCc3cccc(Cl)c3)c2)C(O)NC1=O,5.185327529907227,6.717375755310059,5.951351642608643
CCCCN1C2=CCC1CC(O)(c1ccc(OC)cc1)C2,5.049829483032227,5.370463371276856,5.210146427154541
Cc1cccc(COCc2ccc(Cl)c(Cl)c2)c1,4.344528675079346,6.49159049987793,5.418059587478638
C#CCCCOc1ccc2c(C)cc(=O)oc2c1,3.8193743228912354,7.710827827453613,5.765101075172424
NCCCCCCCCCCNc1c2c(nc3ccccc13)CCCC2,6.383610725402832,4.592191219329834,5.487900972366333
COc1cc2oc3ccc(OCC=CCNc4cccc(C)c4)cc3c(=O)c2cc1OC,6.038205146789551,6.1947526931762695,6.11647891998291
N#Cc1cccc(OCc2cccc([N+](=O)[O-])c2)c1,4.605344772338867,7.009634494781494,5.807489633560181
C=C1c2ccccc2OC(=O)c2c1ccc1occc(=O)c12,5.170596122741699,5.261747360229492,5.216171741485596
COc1ccc2[nH]cc(C(=O)CCl)c2c1,5.242671012878418,6.147017478942871,5.6948442459106445
CN=C1CCc2cc(OC)c(OC)c(Br)c21,5.350380897521973,4.15623950958252,4.753310203552246
CC(=O)c1cc2cc([N+](C)=O)ccc2oc1=O,6.630716800689697,5.522025108337402,6.07637095451355
O=c1[nH]c2ccccc2s1,4.853325366973877,4.829138278961182,4.841231822967529
CC(=O)Nc1ccc2c(c1)C(=O)OC2=O,4.372737407684326,5.172822952270508,4.772780179977417
O=C(Oc1ccc2c(c1)OCCO2)c1ccc(Cl)c(Cl)c1,4.5245680809021,5.358093738555908,4.941330909729004
Nc1c(C#Cc2ccccc2)c2nc3ccccc3nc2c1CO,,,
Oc1occ2ccc(OCCCCNCCCCCCCCCNc3c4c(nc5cc(Cl)ccc35)CCCC4)cc12,7.983870029449463,5.729372024536133,6.856621026992798
c1ccc2c(CC3=NNC4CCCCC4N3)c[nH]c2c1,5.744737148284912,6.388012886047363,6.066375017166138
O=c1ccoc2ccc(OCCCCCCCNc3c4c(nc5ccccc35)CCCC4)cc12,6.858541488647461,5.236917495727539,6.0477294921875
CNC(=O)C=Cc1coc2ccc(OCc3cccc(F)c3)cc12,4.724419116973877,7.424572944641113,6.074496030807495
Cc1cc2ccc3cccc(OC(C)(C)C3)c3nonc3c2o1,,,
NC(=O)NCc1ccccc1,3.782473564147949,5.902795791625977,4.842634677886963
CC(=O)N1N=C(c2ccc(OCCCCCCCSc3c4c(nc5ccccc35)CCCC4)cc2)CC1,6.473958969116211,5.893220901489258,6.183589935302734
CCCCCCCCCCCCCCCNCCCCCCCCNCCCC,4.662873268127441,5.221846103668213,4.942359685897827
Cc1c(C)[n+](CCCCCCCCCCCCCCCNc2c3c(nc4ccccc24)CCCC3)oc1C,8.341382026672363,5.208988666534424,6.7751853466033936
COc1cc2nc(-c3cccc(OCCCCCCCCCN4CCCCC4)c3)sc2cc1OC,6.217143535614014,5.820775985717773,6.0189597606658936
CC(=O)c1cc(C#N)c(OCC(=O)NCc2ccccc2Br)nc1C,6.019148826599121,5.60551118850708,5.812330007553101
CC#CCCCCCOc1ccc2c(c1)CN(C)CC2,4.608826160430908,6.130270481109619,5.369548320770264
Clc1ccc(CSc2nc3c(c(=O)n(CCCCCCCNc4c5c(nc6cc(Cl)ccc46)CCCC5)c(=O)[nH]2)OC3)cc1,7.436415672302246,5.615683078765869,6.526049375534058
COc1cc2c(CCC3CCN(Cc4ccccc4)CC3)noc2cc1OCCCCN1CCCC1,8.094127655029297,4.606301307678223,6.35021448135376
O=c1ccoc2ccc(OCCCCCCNc3c4c(nc5ccccc35)CCCC4)cc12,6.876397132873535,5.100113391876221,5.988255262374878
COc1ccc2c(c1)C(=O)C(CC(C)C)CN2,5.044929027557373,4.01947021484375,4.5321996212005615
CCN=C1CCc2c1n(C)c1ccc(OC(=O)Nc3ccc(C)cc3)cc12,5.695106983184815,5.074936389923096,5.385021686553955
c1ccc(CN=C2CCCCN2)cc1,4.24981164932251,4.159515380859375,4.204663515090942
CC(=O)N1c2ccccc2CC1CO,5.911314487457275,4.762054443359375,5.336684465408325
CCc1ccc(-c2sc3ncnc(NCCCCCCCCNc4c5c(nc6ccccc46)CCCC5)c3c2C)cc1,7.223683834075928,5.037402629852295,6.130543231964111
Cc1c2c(n3c1CCCCCCCNc1c3c(nc4ccccc14)CCCC3)OCO2,,,
C#CCNCc1cccc(OCc2cccc(Br)c2)c1,3.731742858886719,6.441132068634033,5.086437463760376
COc1cc2c(cc1OC)C(=O)C(Oc1cccc(CCCN3CCCC3=O)c1)O2,6.568055152893066,5.042914867401123,5.805485010147095
CCOc1ccc2oc3cc(OC)ccc3c(=O)c2c1,5.643784523010254,5.249913215637207,5.4468488693237305
CCCCCOc1ccc2ccc(=O)oc2c1,3.8946402072906494,6.877789497375488,5.386214852333069
CCN(CCCCCCCN=C1CC(=O)C(=NCCCCCCN(CC)CC)CC1=O)CCCc1ccccc1OC,7.107412338256836,5.37488317489624,6.241147756576538
O=[N+]([O-])c1ccc(C2=NOC(c3ccccc3)C2)cc1,6.770062446594238,6.004817008972168,6.387439727783203
C#CCN(C)Cc1cc2cc(OCCCCCCCCCCCNc3c4c(nc5ccccc35)CCCC4)ccc2n1C,6.602831840515137,5.944643020629883,6.27373743057251
COc1cc2c(cc1OC)C(=O)C(Oc1ccc(C(F)(F)F)cc1)C2,6.55604887008667,5.535128116607666,6.045588493347168
CC#CCN(C)Cc1cc2cc(OCc3ccccc3)ccc2n1C,4.811418533325195,7.19118070602417,6.001299619674683
CC1=CC2Cc3nc4cc(Cl)ccc4c(NCCCCCCCCNc4c5c(nc6ccccc46)CCCC5)c3C(C1)C2,8.773943901062012,4.466516971588135,6.620230436325073
CC(=NNc1nc(-c2ccccc2)cs1)c1ccccc1,5.127257347106934,4.774641990661621,4.950949668884277
c1ccc(CC2=NCCO2)cc1,5.523566246032715,4.703851699829102,5.113708972930908
CCN=C1CCc2c1n(C)c1ccc(OC(=O)NC)c(Br)c21,6.688211917877197,4.023231029510498,5.355721473693848
Nc1c2c(nc3cc(Cl)ccc13)CCCC2,7.36870813369751,2.7874226570129395,5.078065395355225
CN1c2cc(OC3CCCC3)ccc2C2=NCCCN21,6.00302267074585,5.510852336883545,5.756937503814697
O=c1ccoc2ccc(OCc3cccc(F)c3)cc12,4.322712421417236,7.554745674133301,5.9387290477752686
CCCCCCCCCCCCCNC(C)C,4.75808572769165,5.317739963531494,5.037912845611572
CC(=O)Oc1cccc(C=CC=C2C3CCC(O)(C(C)=O)C3(C)CCC2C)c1,6.094080448150635,5.992333889007568,6.043207168579102
O=C1NC(=O)c2c(ccc3ccccc32)N1,5.734072685241699,5.988770961761475,5.861421823501587
CCCCCCOc1ccc2c(=O)c3cc(C)ccc3oc2c1,3.788405179977417,6.354259490966797,5.071332335472107
Clc1csc2ncnc(N=CCCN3CCCCC3)c12,5.983630180358887,5.617668628692627,5.800649404525757
Fc1ccc(C=CC=CC2CCN(Cc3ccccc3)CC2)cc1,4.866894721984863,4.424603462219238,4.645749092102051
COC(=O)C1C(O)CC2CN3CCc4c(cc(OC)c(OC)c4OC)C3CCC2C1O,4.74993896484375,4.611983776092529,4.68096137046814
Cc1c(Cl)ccc(OCc2ccc(C(=O)O)o2)c1Cl,5.196704864501953,5.983916282653809,5.590310573577881
O=C(CCOc1ccc2c(c1)OC(=O)C1CCC=C21)NC1CCCCC1,4.888206005096436,6.1214752197265625,5.504840612411499
N#Cc1ccc(-c2csc(NN=Cc3ccccn3)n2)cc1,4.693180561065674,5.644599437713623,5.168889999389648
O=C(CCc1c[nH]c2ccccc12)c1cc2ccccc2oc1=O,5.965030670166016,5.566993713378906,5.766012191772461
C#CCN(C)Cc1cc2cc(OCCC3CCN(Cc4ccccc4)CC3)ccc2n1C,6.383633136749268,5.558395385742188,5.9710142612457275
Cc1nc(-c2cccs2)c(COc2cccc3c2CCC3=O)s1,6.069997787475586,6.299465179443359,6.184731483459473
COc1ccc(C2CC3CCC(C2C(=O)[N+]3=CCCCC3)o2)cc1,,,
CSc1nc(-c2ccc(F)cc2)c(-c2ccnc(NC(C)c3ccccc3)c2)[nH]1,5.494101047515869,5.841106414794922,5.6676037311553955
Clc1ccc(CSCCc2cccc(Cl)c2)cc1,4.124141216278076,5.229086875915527,4.676614046096802
O=C(NCc1ccccc1)c1ccc2c(c1)CCCC2=O,5.618058681488037,4.994719982147217,5.306389331817627
CC[n+]1ccc(C=Cc2ccc(OCc3cccc(Cl)c3)cc2)cc1,4.490965843200684,5.832973957061768,5.161969900131226
O=c1c2cc(OCCCCCNc3c4c(nc5cc(Cl)ccc35)CCCC4)ccc2oc2ccccc12,7.034632682800293,4.938313007354736,5.986472845077515
C=CCNCCCCCCCCNc1c2c(nc3ccccc13)CCCC2,7.807104110717773,4.121261596679688,5.9641828536987305
O=C1NC(=O)c2cc(OCc3cccc(Cl)c3)ccc21,5.613232612609863,7.9984893798828125,6.805860996246338
CC(=O)NC1CCC(COc2ccc(C)cc2)CC1,4.09142541885376,3.9909729957580566,4.041199207305908
CCCCCCCCCCNC1C2CCC(O2)C1COC1CCC2OC(=O)c3coc(O)c3C21,5.7136664390563965,7.218863010406494,6.466264724731445
Cc1ccccc1NC(=O)Oc1ccc2c(c1)C1(C)CCNC1N2C,6.954859733581543,4.951030731201172,5.952945232391357
NC(=O)c1cc2cc(O)ccc2oc1=O,6.789306640625,5.385021686553955,6.0871641635894775
CCC(=O)OC(=O)C1=C(OC)OC2CC3OCC(=O)C=C3C2C1,2.64896297454834,4.893461227416992,3.771212100982666
O=[N+]([O-])c1cccc(C2C3=NOC(C3)C2COc2ccccc2)c1,6.50482177734375,6.397515296936035,6.451168537139893
COc1cc2c(cc1OC)C(=O)C(=Cc1cc(OC)c(O)c(OC)c1)C2,6.253328323364258,4.703319549560547,5.478323936462402
O=C(CC=Cc1ccccc1Cl)Nc1ccc2c(c1)OCO2,4.825422763824463,5.190253257751465,5.007838010787964
Cc1nc(-c2ccc(OCCNS(=O)(=O)c3ccccc3)cc2)cs1,5.431680679321289,5.591259479522705,5.511470079421997
O=C1Nc2ccc(Cl)cc2C1=Cc1ccc(O)cc1,5.43351411819458,6.860478401184082,6.146996259689331
O=c1sc2ccccc2n1CCCN=CC1CCCCC1,5.584901809692383,5.235935211181641,5.410418510437012
COc1cc2c(cc1OC)C(=O)C(Oc1ccc(C(=O)CCl)cc1)C2,6.82538652420044,5.047298908233643,5.936342716217041
CC(=NNC(=O)CCc1c[nH]c2ccccc12)c1ccccc1O,5.577789783477783,5.5177154541015625,5.547752618789673
Fc1ccc(C#CCNCCCCCCNc2c3c(nc4ccccc24)CCCC3)cc1,7.493576526641846,4.847413539886475,6.17049503326416
Cc1cccc(C(=O)NC(=Nc2ccc(Cl)cc2Cl)Nc2ccccc2)c1,5.648274898529053,4.31735897064209,4.982816934585571
O=C1c2ccccc2OCC1CCN1CCC(c2coc3cc(O)ccc23)CC1,6.209074020385742,5.307240009307861,5.758157014846802
C#CCN(C)Cc1cc2cc(OCCC3CCN(Cc4ccccc4)CC3)ccc2n1C,6.383633136749268,5.55838680267334,5.971009969711304
Cc1oc2ccc(OCC(=O)OC(C)C)cc2c1C(=O)c1ccccc1,4.897843360900879,5.074909687042236,4.986376523971558
O=C(C=Cc1ccc2c(c1)OCO2)N1CCN(c2ccccc2)CC1,5.636606216430664,5.847943305969238,5.742274761199951
CCOC(OCC)c1cc2c3c(cccc3c1)OCCO2,4.870886325836182,4.595145225524902,4.733015775680542
O=C1c2ccccc2-c2nnc(-c3ccc([N+](=O)[O-])cc3)cc21,5.403611660003662,5.912363052368164,5.657987356185913
CC(=O)N1c2ccccc2CC1C=Cc1ccccc1,5.250300884246826,5.285131454467773,5.2677161693573
Cc1c2c3c(c(O)n1-c1ccccc1C3=O)CCCCCCCCCCCCn3c4ccc(O)cc4c4c(n3)CCCC42,,,
CCCC(=O)c1ccc2c(c1)=NCCN2CCOCC1,,,
Fc1ccc(-c2csc(NN=C3CCCCCC3)n2)cc1,5.49857759475708,7.234061241149902,6.366319417953491
O=C1CCc2ccc(OCCCCCNc3c4c(nc5cc(F)ccc35)CCCC4)cc2N1,8.11450481414795,5.492077350616455,6.803291082382202
CC(O)c1coc2ccc(C(=O)OC3CCCC3)cc2c1=O,4.490333080291748,4.683383464813232,4.58685827255249
O=C(CCCCCCCCCCCCCOc1cccnc1)c1ccccc1O,5.114132881164551,6.432575225830078,5.7733540534973145
NC(=O)c1ccc2c(c1)CCCc1ccccc1-2,4.493917465209961,6.309525489807129,5.401721477508545
Cc1c2c3c(c(=O)oc1C)C(=O)CCC3,,,
Cc1c(C)c2ccc(OCCOc3ccc4oc(CC(C)C)nc4c3)cc2oc1=O,5.221770286560059,6.851264953613281,6.03651762008667
CCCCCCCCCCCCCCc1cc(C)c(O)c(C)c1,5.241600036621094,5.602697849273682,5.422148942947388
O=C(CCN1CCCC1)c1ccc2c(c1)C(=O)c1ccccc1C2=O,6.416345119476318,5.264304637908936,5.840324878692627
O=Cc1c(O)coc2ccc(OCc3cc(F)ccc3F)cc12,,,
Clc1ccc(COCC(CCCN2CCCCC2)c2ccc(Cl)cc2)cc1,4.9779486656188965,4.357063293457031,4.667505979537964
COc1cc2c(cc1OC)C1=NOC(C)(C)C2COCC=C1,5.040308475494385,5.022645950317383,5.031477212905884
COc1cc2c(cc1OC)C(=O)C(Oc1ccccc1Cl)C2,7.001949310302734,4.829512596130371,5.915730953216553
O=C1c2ccccc2NC(=O)C1c1ccc2ccccc2c1,5.309252262115479,6.524710655212402,5.91698145866394
CCCCC(=O)c1ccc(OCc2ccccc2)c(C(=O)OCCCCCCCCCCCN)c1,4.051239013671875,5.837424755096436,4.944331884384155
CNC(=O)Cc1coc2cc(OS(=O)(=O)c3ccccc3OC)ccc12,7.10263729095459,4.680971145629883,5.891804218292236
C#CCNCc1coc2cc(OS(=O)(=O)c3ccc(Cl)s3)ccc12,5.947915554046631,5.121051788330078,5.5344836711883545
c1coc(C2NCCc3cc(OCCCCCCN4CCCCC4)ccc32)c1,5.545980930328369,5.56654691696167,5.5562639236450195
O=c1oc2cc(O)ccc2cc1OCCCCCCOc1cccc(CO)c1,4.9590678215026855,6.66960334777832,5.814335584640503
COc1ccc2oc3cc(=O)ccc-3c2c1,,,
CC(=O)C1CCC2C3CC=C4CC(=O)CCC4(C)C3CCC12C,4.636145114898682,7.624482154846191,6.1303136348724365
O=C(C=Cc1ccccc1)NCCCc1ccccc1,4.061644554138184,5.187099456787109,4.6243720054626465
CNc1c2c(nc3ccccc13)CCCC2,7.184840202331543,3.607032775878906,5.395936489105225
COc1cc2c(C#N)c(N3CCCCC3)oc2cc1OC,5.661925792694092,4.033298015594482,4.847611904144287
COc1cc2c(cc1OC)C(=O)C(Oc1ccccc1Cl)C2,7.001949310302734,4.829512596130371,5.915730953216553
c1ccc(CN=C2CCCc3cc(OCCCCCN4CCCCC4)ccc32)cc1,5.999126434326172,4.846883773803711,5.423005104064941
O=C1ON=C(c2ccc(Cl)cc2)C1=Cc1ccc(O)cc1,5.852357864379883,6.363162040710449,6.107759952545166
CC1CC(=O)c2cnc(Nc3ccc(OC4CCCC4)cc3)nc2C1,6.052180767059326,6.916968822479248,6.484574794769287
O=c1oc2ccc(OCc3ccccc3)cc2c2ccccc12,4.7163801193237305,6.8220391273498535,5.769209623336792
COc1ccc2cc(C3=NCCN3)c(=O)oc2c1,6.600663185119629,5.154937744140625,5.877800464630127
CN1CCc2cc(O)cc3c2C1Cc1ccc(O)c(O)c1-3,5.062972545623779,5.858632564544678,5.4608025550842285
CC#CCN(C)Cc1cc2cc(OCc3ccccc3)ccc2n1C,4.811418533325195,7.19118070602417,6.001299619674683
N#Cc1ccc(C=Cc2cc[n+](CCc3ccc(O)cc3)cc2)cc1,4.555500030517578,5.634814739227295,5.0951573848724365
N#Cc1ccc(SCC(=O)C2CCCCC2)cc1,4.53049373626709,5.682870864868164,5.106682300567627
CC(=O)c1ccc2c(c1)=NOC(CCCCCNc1c3c(nc4ccccc14)CCCC3)C2,,,
COc1cc2c(cc1OC)C(=O)C(CC1CCCC1)N2,6.786188125610352,5.152760028839111,5.9694740772247314
NCCCCCCCCCCCCCCNc1c2c(nc3cc(Cl)ccc13)CCCC2,6.976097583770752,5.126044750213623,6.0510711669921875
O=C1CCc2ccc(OCCCCNc3c4c(nc5ccccc35)CCCCC4)cc2O1,7.023141384124756,5.11138391494751,6.067262649536133
CC1=CC=CCN1C(=O)COc1ccccc1C1=NNC(=O)C1(c2ccccc2)CCCCC1,,,
CC(=NNc1nc(-c2ccc(F)cc2F)cs1)c1ccncc1,5.644594669342041,7.133401870727539,6.38899827003479
CCc1ccc(CC(c2ccc(C)cc2)N2CCN(C)CC2)cc1,4.604187488555908,4.043660640716553,4.3239240646362305
CCOC(=O)c1cc2cc(Cl)ccc2oc1=O,5.094475269317627,5.479105472564697,5.286790370941162
O=C(O)CCC(=O)c1ccc2c(c1)CCCC2=O,5.135842800140381,5.165120124816895,5.150481462478638
Cc1c(C)c2ccc(OCc3ccc(C(F)(F)F)cc3)cc2oc1=O,5.244002342224121,8.366263389587402,6.805132865905762
COc1ccc(C(=O)Nc2nc3ccccc3c(=O)s2)cc1,6.478262901306152,5.69412899017334,6.086195945739746
N#Cc1cc2ccc(OCCCC3CCN(Cc4ccccc4)CC3)cc2oc1=O,6.407405376434326,5.761394500732422,6.084399938583374
COc1cc2cc3cc(C)c(C#CCCN4CCC(C)CC4)c(O)c3nc2cc1C,6.408617496490479,5.43332052230835,5.920969009399414
CC(=O)C1CCC2C3CC(O)=C4CC(=O)CCC4(C)C3CCC12C,4.738163471221924,7.676941871643066,6.207552671432495
O=C(CC1CCN(CCc2cccc(Cl)c2)CC1)c1ccc(F)cc1,5.338171005249023,4.81204080581665,5.075105905532837
O=c1cnc2cnc(Oc3ccccc3)nc2n1CCCN1CCCC1,5.734528064727783,5.540399074554443,5.637463569641113
CCCCCCCOC(=O)C=Cc1cc2ccccc2nc1C,4.057103157043457,6.000323295593262,5.028713226318359
CCCCCc1c2c(nc3cc(Cl)ccc13)CCC2,5.796719074249268,4.567656517028809,5.182187795639038
O=C1c2ccccc2CC1CCN1CCCCCCC1,6.007623195648193,4.29833459854126,5.152978897094727
Cc1cccc(C#CC(=O)N2CCCCC2)c1,5.815908908843994,5.046571731567383,5.4312403202056885
Cc2ccoc2C=C1CCC2C1=CCN2C,5.11541223526001,6.26309871673584,5.689255475997925
COc1cc2c(cc1OCCCCCCCNc1c3c(nc4ccccc14)CCCC3)OCO2,7.2718682289123535,5.247908592224121,6.259888410568237
O=C1Cc2cccc(OCc3ccc(Cl)cc3)c2OC1=O,4.266951084136963,7.220891952514648,5.743921518325806
Cc1noc(C)c1-c1cc(=O)[nH]c2ccc([N+](=O)[O-])cc12,6.138416290283203,5.901613235473633,6.020014762878418
Cc1c2cc(CCCCCCCN3CCCCC3)c(O)cc2nn1C,7.777739524841309,4.923868179321289,6.350803852081299
CCC1=CC2Cc3nc4cc(Cl)ccc4c(NCCCCCCCCNc4c5c(nc6ccccc46)CCCC5,,,
COc1cc2c(cc1OC)C(=O)C(Oc1ccc(C#N)cc1)C2,6.351208686828613,4.986063957214356,5.668636322021484
COc1cc2c(cc1OC)-c1cc3ccccc3oc1=O,,,
O=S(=O)(NCCCCN1CCCCC1)c1cccc(Cl)c1F,5.6983256340026855,4.599946022033691,5.1491358280181885
O=C(CCCCc1ccccc1)NCCCCCCCCNc1c2c(nc3cc(Cl)ccc13)CCCC2,8.253179550170898,4.52490758895874,6.389043569564819
CC1=CCC2C1=CC=CC=C(C)C(=O)N2Cc2cccc(OC(=O)Nc3cscn3)c2)C1,,,
O=c1oc2ccc(OCCCCCCCNc3c4c(nc5ccccc35)CCCC4)cc2cc1CCCCCC3,,,
CCCCCCCCCNC1C(=O)C(=O)C1CCCCC1C,,,
c1ccc(CCCc2n[nH]c(-c3ccc4occc4c3)n2)cc1,5.063051223754883,5.723881244659424,5.393466234207153
CCC(=O)CCCCCCCCC=CC(=O)NCCCCCCNc1c2c(nc3ccccc13)CCCC2,7.099596977233887,4.974509239196777,6.037053108215332
Cc1cccc2c1OC(C)C1=CCCC2NNC1,5.231442451477051,5.5815019607543945,5.406472206115723
CCOC(=O)C=CC=CC(C)C=CC(=O)OCC#N,2.047450304031372,5.834708213806152,3.941079258918762
C=CCn1c2ccccc2c2ccc(OCc3cccc(OC)c3)cc21,5.051806926727295,6.328732490539551,5.690269708633423
C#CCN(C)Cc1cc2cc(Br)ccc2n1C,5.139064788818359,7.590110778808594,6.364587783813477
O=C(CCCCCCCCCCCCNc1c2c(nc3cc(Cl)ccc13)CCCC2)NCCCCCCCCCCNc1c2c(nc3ccccc13)CCCC2,8.917001724243164,4.984031200408936,6.95051646232605
O=C(NC1CCCCC1)c1cc2ccccc2oc1=O,5.66485595703125,5.369811534881592,5.517333745956421
O=C1CCc2cc(OCCCCCCCNc3oc4ccccc4c(=O)c3COc3ccc(O)cc3)ccc21,6.648332118988037,6.2592453956604,6.453788757324219
CCOC(=O)C=CC=CC(=O)c1ccc2c(c1)C1CCCCC1C(=O)O2,4.266040325164795,6.085365295410156,5.175702810287476
COc1ccc2c(c1)c(C=Cc1cc[n+](C)cc1)c(C)n2C,5.541594505310059,6.049973011016846,5.795783758163452
O=C1CCc2cc(OCCCCCCNc3c4c(nc5ccccc35)CCCC4)ccc2N1,7.614392280578613,5.364870548248291,6.489631414413452
O=C1c2ccccc2-c2nnc3ccccc3c21,4.671916961669922,4.550271511077881,4.611094236373901
CC(=O)c1cccc2c1OCCO2,5.996165752410889,4.60284423828125,5.299504995346069
CC(C)=CC1CC(O)(COC(=O)CCCCCCCCCOc2cccc(-c3noc(O)n3)c2)O1,5.192407131195068,6.569097995758057,5.8807525634765625
O=c1oc2ccc(OCCCCCCNc3c4c(nc5cc(F)ccc35)CCCC4)cc2o1,7.642536163330078,5.834654808044434,6.738595485687256
CCCCCNC(=O)c1cc2ccccc2oc1=O,6.6636271476745605,5.565604209899902,6.1146156787872314
Cc1c(C)c2ccc(OCc3cccc(F)c3)cc2oc1=O,4.808085441589356,8.715798377990723,6.761941909790039
COc1cc2c(=O)n3ccccc3nc2cc1OCCCCCCCNc1c2c(nc3cc(C)ccc13)CCCC2,7.636747360229492,5.235838890075684,6.436293125152588
CC(C)=CCCCCCCCCCCCC(=O)OCC(=O)NC1CCCCC1,4.907753944396973,4.93522834777832,4.9214911460876465
CC1CCN(CCCCc2c3ccccc3nn2C)CC1,6.957784652709961,3.91438627243042,5.43608546257019
O=C(CCc1c[nH]c2ccccc12)NCCCCCCCCCCNc1c2c(nc3cc(Cl)ccc13)CCCC2,8.655034065246582,4.874345302581787,6.764689683914185
COc1cc2c(cc1OC)C(=O)C(C)C2,7.520417213439941,4.710775375366211,6.115596294403076
O=C1F)c2ccccc2C(O)c2ccccc21,,,
O=c1oc2ccccc2cc1OCc1csc2ccccc12,5.077425479888916,6.008265495300293,5.5428454875946045
O=CC(O)C=CC=CC=CCC=CCNc1cccc(Br)c1,3.505356550216675,5.861598014831543,4.683477282524109
C#CCN(C)Cc1cc2cc(OCCC3CCN(Cc4cccc(C(C)=O)c4)CC3)ccc2n1C,6.554081916809082,5.809165954589844,6.181623935699463
O=C1C=CC(=COc2ccc(OCCC3CCN(Cc4cc(F)c(F)cc4F)CC3)cc2)C=C1,4.886693000793457,5.734944820404053,5.310818910598755
CNc1c2c(nc3ccccc13)OCC2=O,7.135594367980957,4.094880104064941,5.615237236022949
O=C1NC(=O)c2cc(OCCCCCCCCNc3c4c(nc5ccccc35)CCCC4)ccc21,8.185124397277832,6.030526161193848,7.10782527923584
NCCSCCCCCCCNc1c2c(nc3ccccc13)CCCC2,6.540371894836426,4.62570858001709,5.583040237426758
O=c1ccoc2occ3ccc(OCC=Cc4cccc(F)c4)cc3c12,,,
Cc1ccc2c(c1)OC(=O)CC2=NOCc1cccc(C(F)(F)F)c1,5.60270881652832,6.728176116943359,6.16544246673584
Cc1cc2c(CCCCCCCCOc3ccc(C[n+]4ccc([N+](=O)[O-])cc4)cc3)coc2cc1O,6.855932235717773,5.8124284744262695,6.3341803550720215
COC(=O)Cc1cnc2ccc(OCc3ccc(Cl)cc3)cc2c1O,4.043960571289063,6.9079437255859375,5.4759521484375
C=C1CCCCC1=NCCCCCC(=O)N1CCc2cc(OC)c(OC)cc2C1,7.324263572692871,5.032533645629883,6.178398609161377
CCCN1CCC(COc2ccc(CC=CC(=O)c3ccccc3)cc2)CC1,5.004105091094971,4.068212985992432,4.536159038543701
O=C(C=Cc1ccccc1)c1cc2c(cc1O)OCCO2,5.703205585479736,6.130246162414551,5.9167258739471436
Cc1oc2c3c(cccc13)C(=O)c1ccccc1C2=O,5.191184043884277,5.078963756561279,5.135073900222778
CCOc1ccccc1C=CC=CCN1CCCC1,4.54975700378418,4.698052883148193,4.6239049434661865
CNc1c2c(nc3cc(F)ccc13)CCCC2,8.548938751220703,4.495331764221191,6.522135257720947
Cc1c(C)c2ccc(OCCCCCCNc3c4c(nc5ccccc35)CCCC4)cc2oc1=O,7.08804178237915,5.601909637451172,6.344975709915161
COc1cc2c(cc1O)C(=O)C(CC1CCN(CCNC(=O)C=Cc3ccccc3)CC1)C2,6.351997375488281,4.817744731903076,5.584871053695679
O=C1C(=O)C(c2ccc(O)c(O)c2)Oc2cc(O)cc(O)c21,5.846800804138184,4.774688243865967,5.310744524002075
CC=Cc1cccc(-c2ccc3c(c2)C2CCCCC2C(C3)N)N1,,,
O=C1C=CC=CC=CC=CC=CCCCCc2ccccc2O1,3.0379037857055664,5.986896991729736,4.512400388717651
O=c1c2ccccc2oc2cc(O)ccc12,4.897292137145996,4.003341674804688,4.450316905975342
COc1ccc(COc2c3c(nc4ccccc24)CCCC3)cc1,4.7753586769104,4.739380836486816,4.757369756698608
O=C(CCCc1c[nH]c2ccccc12)NC1CCCC1,4.943166732788086,4.414949893951416,4.679058313369751
CC=CCNC(=O)c1cc2c(s1)CCCC2=O,8.292645454406738,5.345234394073486,6.818939924240112
Nc1c(-c2ccccc2)c2cc(Cl)ccc2oc1=O,5.451531410217285,4.674112319946289,5.062821865081787
O=c1ccoc2ccc(OCCCCCNc3c4c(nc5ccccc35)CCCC4)cc12,6.851408004760742,4.945126056671143,5.898267030715942
COc1cccc2c1OC(=O)C2=O,5.906131744384766,4.64972448348999,5.277928113937378
C=CCNC1CCC2COCCC21,4.665347099304199,4.749716758728027,4.707531929016113
O=C1CCc2cc(OCCCCCCNc3c4c(nc5ccccc35)CCCC4)ccc2N1,7.614392280578613,5.364870548248291,6.489631414413452
CC#CCNC1Cc2ccccc2C1Oc1ccccc1,4.890017509460449,5.211331844329834,5.050674676895142
O=C(C[n+]1ccc2ccccc2c1)c1cc2cc(OC(=O)NCc3ccccc3)ccc2o1,6.6121978759765625,4.818497657775879,5.715347766876221
CN1CC(CO)Oc2ccc(C(=O)CCl)cc21,5.416218280792236,5.138474941253662,5.277346611022949
c1ccc(CCNCCCCCCCNc2c3c(nc4ccccc24)CCCC3)cc1,7.359222888946533,3.918795347213745,5.639009118080139
N#Cc1ccccc1C=C1CCC(C2CCCCC2)O1,4.69670295715332,5.822482109069824,5.259592533111572
COc1ccc(C=Cc2cc[n+]3ccc(OC)cc3c2OC)cc1,4.726264953613281,5.353934288024902,5.040099620819092
O=C1CCCc2cc(OCCCCCNc3c4c(nc5ccccc35)CCCC4)ccc21,7.396286964416504,5.1468939781188965,6.2715904712677
Cc1ccccc1C=CC=CC=Cc1cc[n+]cccc1,3.5124318599700928,6.411964416503906,4.9621981382369995
N#Cc1c2c(c(OCCCCCOc3cccc(Cl)c3)n1)OCC2,,,
Cc1ccccc1C1=CC=CCOC1=O,4.354526996612549,6.590320110321045,5.472423553466797
CC(C)=CCN1CCC2(C)c3cc(O)ccc3CC1C2C,5.547050476074219,5.277956962585449,5.412503719329834
N#Cc1ccc(-c2ccc3oc(N4CCOCC4)cc(=O)c3c2)cc1,5.119690895080566,5.620997905731201,5.370344400405884
CCC1CCCCN1CCCOc1ccc(C2=CC3CCC(C2)N3C)cc1,5.679850101470947,5.395328044891357,5.537589073181152
CN1CCC2C(=O)Oc3cc(OCc4cccc(Br)c4)ccc3C2C1,4.587753772735596,7.373154640197754,5.980454206466675
CC1CCC(C#N)(NC(=O)c2coc3ccccc3c2=O)CC1,5.534158706665039,4.646984100341797,5.090571403503418
CN1CCC2(C)c3cc(OC(=O)Nc4cccc(Cl)c4)ccc3N(C)C12,6.601291656494141,5.655766010284424,6.128528833389282
CC1=CC(C)(C)Nc2cc3c(cc21)OCO3,4.708237648010254,5.666463375091553,5.187350511550903
CN(C)CCCOc1ccc2c(c1)OC(=O)C2=CCC1CCCCCC1CC(=O)O,4.815046310424805,4.985527992248535,4.90028715133667
Cc1cccc(C2CC(c3c4ccccc4cc4ccccc34)=NN2)c1,6.703186511993408,7.963233947753906,7.333210229873657
COc1ccc(C2CC(c3c4ccccc4cc4ccccc34)=NN2)cc1,6.800415992736816,7.829558372497559,7.3149871826171875
CCOC(=O)c1c2ccc(OCCCCCNc3c4c(nc5ccccc35)CCCC4)cc2oc1=O,,,
Cc1cc2c3c(c1)C(C)C1CCC3CCC1CN(C)C2=O,5.336237907409668,6.302526473999023,5.819382190704346
CN(C)c1ccc(C=Cc2cc3c(=O)n(C)c(=O)n(C)c3s2)cc1,6.144403457641602,6.077228546142578,6.11081600189209
CC(=O)N1N=C(c2ccccc2O)CC1c1ccco1,7.493538379669189,4.9698638916015625,6.231701135635376
O=c1ccoc2ccc(OCc3ccc(Cl)cc3)cc12,3.9864964485168457,7.444510459899902,5.715503454208374
O=C(C1CC1)N1CCc2cc(OCCCCNc3c4c(nc5cc(Cl)ccc35)CCCC4)ccc21,7.692193984985352,5.02207612991333,6.357135057449341
COc1ccc2cc(C(=O)NCc3cccc(Cl)c3)[nH]c2c1,5.413196563720703,5.171774864196777,5.29248571395874
O=C1CCc2cc(OCCCCCNc3c4c(nc5ccccc35)CCCC4)ccc2N1,7.571161270141602,5.2855544090271,6.428357839584351
Cc1c(C=CCC(=O)c2ccccc2)c2ccccc2[n+]1C,,,
COc1cccc(C2C=CC(=O)C=C2c2ccc3c(c2)OCO3)c1,4.813243865966797,6.801557540893555,5.807400703430176
O=C(Oc1ccccc1)Oc1ccc(-c2nnc(-c3ccco3)o2)cc1,7.544819831848144,5.115357875823975,6.33008885383606
Clc1ccc2c(c1)N=C1CCCCC1CN=C2,6.319463729858398,6.244441032409668,6.281952381134033
O=C1C=CC=CC1=Nc1cccc(Cl)c1,4.308974266052246,5.911182403564453,5.11007833480835
Clc1cccc(C2CC(c3c4ccccc4cc4ccccc34)=NN2)c1,6.735595226287842,8.13986587524414,7.437730550765991
COc1cc2c(cc1OC)C(=O)C(=O)C2=NOCc1ccc(C2CCCCC2)cc1,5.937039375305176,5.551339149475098,5.744189262390137
O=C1c2ccccc2-c2onc3cccc1c23,5.03476095199585,4.837893009185791,4.93632698059082
O=C1CCc2ccc(OCCCCc3ccccc3)cc2N1,5.205835342407227,6.171848297119141,5.688841819763184
Cc1cc2cc(C#CCN3CCCCC3)c(Cl)cc2o1,6.168443202972412,5.240660190582275,5.704551696777344
C=CCc1ccc(OCC(=O)Oc2ccccc2OC)c(OC)c1,6.492063045501709,4.898319244384766,5.695191144943237
CN(C)C1CCN(c2ccc(OC(F)(F)F)cc2)C1,5.685653209686279,5.88947868347168,5.7875659465789795
Clc1ccc(CCOC2CCCCC2)cc1,4.669085502624512,4.8651628494262695,4.767124176025391
CCCNCC1CC(COc2ccccc2)OC1=O,5.599394798278809,4.466611385345459,5.033003091812134
CNc1nc2cc3cc(OC)ccc3cc2oc1=O,6.806934356689453,5.531113624572754,6.1690239906311035
COc1cc2c(cc1OC)C(=O)C(Oc1ccc(C(C)=O)cc1)C2,7.102496147155762,4.803229808807373,5.952862977981567
O=C(CCN1CCCC1)c1cc2ccccc2oc1=O,7.191571235656738,4.469722270965576,5.830646753311157
CC(=NNc1nc(-c2ccccc2)cs1)c1nccs1,5.114649295806885,6.19394588470459,5.654297590255737
CC#CCN(C)Cc1cc2cc(OCCC3CCN(Cc4ccccc4)CC3)ccc2n1C,6.563601493835449,5.251982688903809,5.907792091369629
CCCc1cc2c(=O)c(-c3ccccc3OC)coc2cc1O,5.202836990356445,5.076337814331055,5.13958740234375
Cc1cccc(C=CCN=Cc2c[nH]c3ccccc23)c1,4.568484783172607,5.44739294052124,5.007938861846924
CNC(=O)Oc1cccc(C#CCN(C)C)c1,7.84171199798584,4.949489116668701,6.3956005573272705
O=C(CN1CCOCC1)Nc1ccc2c(c1)OCO2,4.453917503356934,4.911575794219971,4.682746648788452
c1ccc(CC(CCN2CCCC2)c2ccccc2)cc1,4.721828937530518,3.0374484062194824,3.879638671875
Oc1ccccc1C1=NC2CCCCC2C1=O,6.178511619567871,6.06557559967041,6.122043609619141
CCCNC1CCc2ccc(O)cc2C1O,3.979635000228882,4.19407844543457,4.086856722831726
O=C1c2ccccc2C(=O)C1OC1CCCCC1,6.299642086029053,5.698078632354736,5.9988603591918945
O=C(Nc1ccc(F)cc1F)ON=C1CCCCCC1,5.004648208618164,6.0931010246276855,5.548874616622925
Fc1ccc(-c2ccc(C=C3CCNCC3)s2)cc1,4.387644767761231,5.177136898040772,4.782390832901002
Cc1cccc(OCC(O)CNC2CCN(CCOc3ccc(C)cc3)CC2)c1,4.655270576477051,4.59738826751709,4.62632942199707
CN1N=C(c2ccccc2O)CC1c1ccc(OC(C)C)cc1,6.718786716461182,4.438362121582031,5.5785744190216064
O=C1c2ccccc2-c2nc3nnnn3nc21,4.122465133666992,3.952200412750244,4.037332773208618
O=C1C=CCC=CC=CC=CC=CC=CCC=Cc2cc([N+](=O)[O-])ccc2O1,3.0012238025665283,6.042991161346436,4.522107481956482
O=c1oc2ccc(OCCCCCCN3CCCCCC3)cc2cc1-c1ccccc1,5.325977325439453,5.719363212585449,5.522670269012451
CCN(CCCCCCCN=C1CC(=O)C(=NCCCCCCN(CC)Cc2ccccc2OC)CC1=O)CCCN=C(C)C,7.588500022888184,5.208634853363037,6.39856743812561
Cc1ccc2nc(O)cc(CN(CCBr)c2c1,,,
CCOc1ccc2c(C(=O)CCC3CCN(Cc4ccccc4)CC3)coc2c1,7.054653167724609,4.55081033706665,5.80273175239563
O=C(CCc1c[nH]c2ccccc12)NC1CCCC1,4.864204406738281,4.6145524978637695,4.739378452301025
Cc1ccc(OCCCCCN2CCCN(C)CC2)c([N+](=O)[O-])c1,5.87894344329834,5.061773300170898,5.470358371734619
COc1ccc(C2CNC(=O)C2=NNc2cc(C)ccc2OC)cc1,5.678098201751709,4.004003524780273,4.841050863265991
Cc1c2cnn(CCCCCCCNc3c4c(nc5cc(F)ccc35)CCCC4)c2c(C)c1O,,,
COc1cc2c(CCCCCCCNc3c4c(nc5ccccc35)CCCC4)coc2c(OC)c1OC,7.383007049560547,4.636958122253418,6.009982585906982
CC(=O)c1cccc(-c2cnc3[nH]ccc3c2)c1,5.0180487632751465,6.212108612060547,5.615078687667847
O=C1CC(=O)c2ccc(OCCCCC3CCN(Cc4ccccc4)CC3)cc2O1,7.367257118225098,5.423201084136963,6.39522910118103
COc1ccc2c(=O)c(-c3ccccc3)coc2c1,5.250613689422607,5.713226318359375,5.481920003890991
O=C(C=CNC1CCCC1)c1cccc([N+](=O)[O-])c1,4.180088996887207,5.34655237197876,4.763320684432983
COc1cc2c(cc1OC)CC1CCCCC12,4.893668174743652,5.229543685913086,5.061605930328369
CNCc1cc(=O)oc2cc(OCc3cccc(Cl)c3)ccc12,4.930396556854248,6.59418249130249,5.762289524078369
CCn1nc(C)cc1-c1oc2ccc(Br)cc2c1C,6.040431022644043,6.202892303466797,6.12166166305542
COc1ccc(CC2c3c(ncn(-c4ccc(OC)cc4)c3=N)OC2C)cc1,5.681324005126953,5.166733264923096,5.424028635025024
Cn1nnnc1-c1ccccc1C1=CC(=CCN2C(=O)OC(C)(C)C2C1,,,
COCc1nnc(-c2c(OC)cccc2OC)n1-c1cccc(OC)c1,4.635668277740479,4.960869789123535,4.798269033432007
COc1ccc2c(c1)c(C)c(C)n2CCCCCCC[n+]1ccccc1,6.896280288696289,5.096102714538574,5.996191501617432
Cc1cccc(C(=O)NC(=S)Nc2conc2C)c1,6.836636543273926,4.182661056518555,5.50964879989624
CN(C)CCCCCCCOCCCCCCCOCCCCN=C1CCCCCC1,5.5272626876831055,5.94083833694458,5.734050512313843
CC(=O)c1cccc(C=CC=CC(=O)c2ccc(O)c(O)c2)c1,5.275858402252197,6.33839750289917,5.807127952575684
CCOc1cc2c(cc1OCC)CCC2=O,6.990449905395508,4.638489723205566,5.814469814300537
O=C(CCCl)Oc1cc(C=Cc2ccccc2[N+](=O)[O-])ccc1O,5.912890434265137,5.966388702392578,5.939639568328857
O=C1c2ccccc2-c2nc3nnnn3nc21,4.122465133666992,3.952200412750244,4.037332773208618
c1ccc2c(c1)OCC(C1=NCCN1)O2,5.817428588867188,4.47474479675293,5.146086692810059
O=C(CCC1CCCN(Cc2ccccc2)C1)c1cc2c3c(ccn3CCCC2CCC3CCCC3)c1,7.526797294616699,4.238744258880615,5.882770776748657
O=C1c2ccccc2C(=O)N1N=C1CCCCC1,4.768372535705566,5.190550327301025,4.979461431503296
C=C1CCC2(O)CCC3C(C)(C)CCCC31C,,,
CCNC(=O)Oc1cccc(COc2ccc3c(C)c(C)oc3c2)c1,6.848606586456299,6.381394863128662,6.6150007247924805
COc1ccc2ccoc2c1OCCCCCN1CCCCC1,5.898984432220459,5.111111164093018,5.505047798156738
O=C1c2ccccc2-[n+]2ccc3c(ccc(F)c32)S1,,,
COc1cc2c(cc1OC)C(=O)CC(C)C2,6.032634258270264,4.806163787841797,5.41939902305603
CCc1ccc(C(=O)c2sc3ncccc3c2N)cc1,5.815629959106445,4.218929290771484,5.017279624938965
COC(=O)c1ccc2oc3ccccc3c(=O)c2c1,4.913498878479004,4.629535675048828,4.771517276763916
CC=CC=CC=CC=CC=CC=CCCCCC(=O)NCC,2.547498941421509,6.916537761688232,4.732018351554871
CC1=C(C)C(=O)C(=O)C1=CNc1ccc(Oc2ccccc2)cc1,5.85798454284668,5.974856853485107,5.9164206981658936
COc1cc2c(cc1OC)C1=C(CCC(=O)C1=NN=C(C)C)CN(C)CC2,6.361719608306885,4.320469856262207,5.341094732284546
O=C1C=CC(=Cc2ccc(OCCCCNc3c4c(nc5ccccc35)CCCC4)cc2)C=C1,6.289336681365967,5.869858741760254,6.07959771156311
C#CCN(C)Cc1cccc(OCCCCCNc2c3c(nc4ccccc24)CCCC3)c1,5.946239948272705,5.19768762588501,5.571963787078857
CN(C)CCOc1ccc(-c2cc3ccccc3oc2=O)cc1,4.831053733825684,6.098821640014648,5.464937686920166
COc1ccc2oc(C=CCCc3ccccn3)nc2c1,5.073001384735107,6.230472564697266,5.6517369747161865
CCCCCCCCCCCCCCCC=CCCCCC[n+]1ccccc1,5.539125442504883,5.120833873748779,5.329979658126831
Cc1c2c(n3c1CCCC3)CCCC2,6.476298332214356,4.239472389221191,5.357885360717773
COC(=O)C1=CC(COC)=C(COC(=O)CCCCCCCNc2c3c(nc4ccccc24)CCCC3)OC1=O,6.071823596954346,5.095003604888916,5.583413600921631
O=C1CCc2cc(OCCCCc3nc4cccc(CCN5CCCC5)c4o3)ccc21,7.549181938171387,5.817066192626953,6.68312406539917
CC(C)(C)c1cc2ccc(C(=O)c3ccccc3)cc2o1,4.469481468200684,3.924262523651123,4.196871995925903
O=c1oc2ccccc2cc1OCCCCCCNc1c2c(nc3ccccc13)CCCC2,7.013761520385742,4.916187763214111,5.964974641799927
O=C1C=CC=CC1=Cc1ccc2oc3ccccc3c(=O)c2c1,4.20376443862915,6.395031929016113,5.299398183822632
Cc1cc2[nH]c3c(c2cc1O)CC1(O)C3Cc4ccc(O)cc4C2=O,,,
O=C(c1ccc2c(c1)N(CC1CCCCC1)CC2)N1CCCC1,6.021773815155029,4.227226257324219,5.124500036239624
CN(C)C(=O)Oc1ccc2c(c1)OC(=O)C1CCCC=C21,5.842621326446533,4.86826229095459,5.3554418087005615
COc1cc(C(=O)NCCCCCCCCCNc2c3c(nc4ccccc24)CCCC3)cc(OC)c1OC,8.062151908874512,4.688230037689209,6.37519097328186
O=C1OC2CC1Cc1ccc(OCc3ccccc3)cc1C2=CCO,5.527402877807617,6.706075668334961,6.116739273071289
CSc1ccc(C=C2COc3cc(OCCCCCNc4c5c(nc6ccccc46)CCCC5)ccc3C2=O)cc1,6.666169166564941,5.698728084564209,6.182448625564575
C[N+]1(CCCCCCCCNc2c3c(nc4ccccc24)CCCC3)CCCCCCCCCN3CCCCC1,,,
O=c1ccoc2ccc(OCc3cccc(Cl)c3)cc12,3.9927258491516113,7.38478946685791,5.688757658004761
Fc1ccc(COc2cccc3c2ccn3CCCN2CCCCC2)cc1,5.882778167724609,5.14914083480835,5.5159595012664795
Cc1cc2oc3cc(C#Cc4ccccc4)ccc3c(=O)c2cc1C,4.362460136413574,6.407127380371094,5.384793758392334
CNC1CCC(c2c[nH]c3ccc(OC)cc23)C1,4.550656795501709,5.117524147033691,4.8340904712677
COc1cc2c(cc1O)CCCC2NCCCCCCCCCCCNC(=O)C(CCCCCCN)NC=O,5.318957805633545,4.922266960144043,5.120612382888794
CNC(=O)c1ccc2cc(OC)ccc2c1OC,7.106647491455078,5.331930160522461,6.2192888259887695
Nc1cc2c(cc1C(=O)c1cccc([N+](=O)[O-])c1)OCO2,5.876216888427734,4.447914123535156,5.162065505981445
CC(C)CNC1CCC(COCc2ccc(Cl)cc2)CC1,5.333929538726807,3.1901683807373047,4.262048959732056
CN(C)CCOc1ccc2c(c1)OC(=O)C2CCCC(=O)O,4.569619178771973,4.681108474731445,4.625363826751709
CC(=O)c1ccc2c3c(oc2c1)CCCC3,5.912986278533936,4.651388645172119,5.282187461853027
O=C(CCCCCCNc1c2c(nc3cc(Cl)ccc13)CCCC2)NCC1CCCCC1,8.512463569641113,4.312816143035889,6.412639856338501
Fc1ccc(-c2csc(NN=C3CCCCCC3)n2)cc1,5.49857759475708,7.234061241149902,6.366319417953491
CC(C)C1=NN=C(c2ccc(OCCN3CCOCC3)cc2)CS1,6.532650470733643,6.362594127655029,6.447622299194336
O=C1c2sccc2CCC1CN=Cc1ccc2c(c1)OCO2,6.256495475769043,5.430906772613525,5.843701124191284
O=C(c1ccccc1F)N1CCCC2(CCN(Cc3ccccc3)CC2)C1,5.842489242553711,3.364930391311645,4.603709816932678
c1ccc(CN2CCC(CC3CCCCC3)CC2)cc1,6.724118232727051,2.613395929336548,4.668757081031799
O=C1CCc2ccc(OCCCCCNc3c4c(nc5cc(Cl)ccc35)CCCC4)cc2N1,8.032442092895508,5.358536720275879,6.695489406585693
Cc1ccc2oc(=O)c(-c3ccccc3)cc2c1,4.8439555168151855,6.536579132080078,5.690267324447632
C#CCNCc1cccc(CN2CCCCC2CCO)c1,5.496883869171143,4.007431983947754,4.752157926559448
CN(C)CCOc1ccc2ccc(=O)oc2c1COC(=O)CCCCCCCCNc1c2c(nc3ccccc13)CCCC2,6.558479309082031,5.052936553955078,5.805707931518555
O=C(CCc1c[nH]c2ccccc12)NCCc1ccccc1,4.89785623550415,5.185283184051514,5.041569709777832
CCC(=O)Nc1cc2c(=O)oc3ccccc3c2cc1OC,6.131021976470947,4.856851577758789,5.493936777114868
COc1ccc2c(C=C3CCCCC3)noc2c1,4.961892127990723,5.644295692443848,5.303093910217285
Oc1occ2ccc(OCCCCCN3CCC4CC3)cc12,,,
Fc1ccc(-c2cc(-c3ccccc3)c3cc(C4CCCCC4)ccc3n2)cc1,5.107290267944336,5.834376335144043,5.4708333015441895
CC(=O)Nc1cccc(C(=O)NCc2cccc(C(=O)OC(C)C)c2)c1,4.78342342376709,3.742709398269653,4.263066411018372
Fc1ccc(-c2csc(NN=Cc3ccco3)n2)cc1,5.394318580627441,6.229754447937012,5.812036514282227
CC(C1=CCCCC1)[N+](C)OCc1ccccc1,5.314060688018799,4.594922065734863,4.954491376876831
CCC=CC1=C2C(=O)C(=O)C(C)(Oc3ccc(Cl)cc3)C(=O)C2COc2cc(OC)ccc21,5.833766937255859,6.076244354248047,5.955005645751953
O=c1ccoc2ccc(OCCCCC3CCCCC3)cc12,5.168991565704346,6.333256721496582,5.751124143600464
CC(=O)c1cc2c(s1)c1ccccc1c2CCC2=O,,,
CCC1CCc2c(OCc3ccc(COCc4ccco4)cc3)cccc21,5.027956962585449,5.868457317352295,5.448207139968872
O=C1c2ccccc2OCC1CN1CCCCC1,6.5927557945251465,4.573202610015869,5.582979202270508
CC(C)Oc1ccc2c(c1)C(=O)C(c1ccc(O)c(O)c1)C2,5.8105998039245605,4.552746772766113,5.181673288345337
CC(C)=CC=CC1CC(O)(COC(=O)c2ccc(Nc3ncccc3-c3ccccc3)cc2)OC1=O,4.930245876312256,4.6636643409729,4.796955108642578
CCN(CCCCCCCCCN=C1CC(=O)C(=NCCCCCCCN(CC)Cc2ccccc2OC)CC1=O)Cc1cccs1,7.279308319091797,5.341222286224365,6.310265302658081
CC1CCN(CCCC(=O)c2ccc3c(c2)NC(=O)CO3)CC1,6.555023193359375,4.879570484161377,5.717296838760376
C#CCN(C)Cc1cc2cc(OCCC3CCN(Cc4ccccc4)CC3)ccc2n1C,6.383633136749268,5.55838680267334,5.971009969711304
O=O(Nc1ccc(Oc2ccccc2)cc1)c1cnn2ccccc12,,,
COc1ccc(C=Cc2cncc([N+](=O)[O-])c2)cc1,4.617142200469971,5.478554725646973,5.047848463058472
O=C(OCCO)c1cncc(C2=CC3CNC(=O)C=CC3OC2)c1,3.371478319168091,5.403794765472412,4.3876365423202515
Cc1c2c3c(sc2ncn12)CCCC3,,,
c1ccc(CCN=C2CCCCC2=O)cc1,6.075695514678955,5.461444854736328,5.768570184707642
Oc1occ2ccc(OCCCCCCNc3c4c(nc5ccccc35)CCCC4)cc12,7.275489807128906,5.536603927612305,6.4060468673706055
Fc1ccc(-c2csc(NN=C3CCCCC3)n2)c(F)c1,6.15167236328125,7.422589302062988,6.787130832672119
O=C1c2ccccc2S(=O)(=O)N1COc1c2ccccc2cc2oc(O)cc12,6.799097537994385,4.883817195892334,5.841457366943359
COc1cc2c(cc1OC)C(=O)C(Oc1cccc(F)c1)C2,6.610991477966309,5.167614936828613,5.889303207397461
O=C(O)c1cc2ccccc2oc1=O,6.631350994110107,5.508520603179932,6.0699357986450195
CC1=CC(C)C(C(=O)c2cc(OC(=O)NCCCCCCCNc3c4c(nc5ccccc35)CCCC4)ccc2O)O1,7.782973289489746,4.935249328613281,6.359111309051514
O=c1cc(OCc2cccc([N+](=O)[O-])c2)ccc1O,,,
C#CCN(C)Cc1cc2cc(OCCc3ccccc3)ccc2n1C,4.654743671417236,7.194241523742676,5.924492597579956
COc1cccc(C=CC2N=CC3OC(C)(C)OC3C2=O)c1,6.218289375305176,5.644927978515625,5.9316086769104
O=c1cc[nH]c2cc(OCc3ccccc3)ccc12,4.276766777038574,6.65770435333252,5.467235565185547
CN(C)CCCCCCCCCCNC1CCN(CCc2ccc3ccccc3c2)CC1,5.378551006317139,3.665964126586914,4.522257566452026
COc1cc2c(=O)nc(COc3ccc(C)cc3)oc2cc1OC,5.674050331115723,6.5266218185424805,6.100336074829102
COc1cccc(C=CCc2cc[n+](C)cc2)c1,3.96063756942749,3.641370296478272,3.801003932952881
CCCCCCCc1ccc2c(c1)OC(C)(C)C=C2,4.8128437995910645,4.56008243560791,4.686463117599487
CCOc1cccc2oc3cc([N+](=O)[O-])ccc3c(=O)c12,6.043844223022461,5.139390468597412,5.5916173458099365
O=C1c2ccccc2C(=O)N1CCCCCN1CCCC1CCOCC1,,,
Cc1c2c(n3c1CCC3NCCO2)OCCO1,,,
Nc1ccc2c(c1)C(=O)oc1c(F)cccc12,5.603600978851318,4.909760475158691,5.256680727005005
Cc1cc2[nH]c3cc(CCCCF)ccc3c2cc1,5.58775806427002,6.559345722198486,6.073551893234253
CC(CO)Oc1cccc(C=Cc2ccc3ccccc3[n+]2C)c1,4.7186126708984375,5.3662638664245605,5.042438268661499
Cc1ccc(C=CC(=O)c2coc(O)c2OCc2ccccc2O)o1,6.314402580261231,5.865231990814209,6.08981728553772
O=C1Nc2ccccc2C1=O,4.581729888916016,5.809771060943604,5.19575047492981
COc1cc2c(cc1OC)C(=O)C(Oc1ccc(Cl)cc1)C2,6.5685319900512695,5.1559157371521,5.862223863601685
CCN(CC)CCOc1ccc(CCCCCCCNc2c3c(nc4cc(Cl)ccc24)CCCC3)cc1,7.853632926940918,4.754475593566895,6.304054260253906
COc1cc2c(cc1OC)CC1=CC(=O)c3ccccc3C1C2,5.67509651184082,6.84128999710083,6.258193254470825
O=c1oc2ccccc2cc1-c1ccc2c(CN3CCCCC3)coc2c1,5.796098709106445,5.012640476226807,5.404369592666626
O=C1C(=O)C(c2ccc(O)c(O)c2)Oc2ccccc21,6.99038028717041,5.269420623779297,6.1299004554748535
Cc1ccc(-c2csc(N=C3CC(=O)C(OCC#Cc4ccccc4)OC3=O)n2)cc1,5.194532871246338,6.381613731384277,5.788073301315308
COc1ccccc1CN=C(C)C1CCCCC1=O,5.805898189544678,4.723403930664063,5.26465106010437
Cc1cc2cc3c(cc2o1)-c1ccccc1C3=O,5.163389682769775,6.134687423706055,5.649038553237915
Cc1c2ccccc2n1CC(=O)NCCCCN1CCCCC1,,,
Clc1ccc2c(c1)OC(c1ccccc1)C1CCCC21,4.599766731262207,6.256320476531982,5.428043603897095
O=C(NCc1ccccc1)Oc1ccc2c(c1)OCO2,6.691052913665772,4.838091850280762,5.764572381973267
NC(=O)COc1cc2oc3c(OCCCC4CCN(Cc5ccc(Cl)cc5)CC4)cccc3c2cc1Cl,6.166847229003906,5.373015403747559,5.769931316375732
COC(=O)C1C(C)=NC2=C(C)C=CCC=CC2=[N+](C)C1c1ccc(OC(C)=O)cc1,6.283995628356934,4.960269451141357,5.6221325397491455
C#CCn1c(=O)c2ccccc2n2cc(C)c(C(=O)OCCCCCCCCNC(=O)c3cccc(O)c3)cc21,,,
Cc1coc2c1C(=O)c1ccc(OC(=O)c3ccc(C#N)cc3)cc1O2,5.441397190093994,4.937667369842529,5.189532279968262
O=C(CCl)c1ccc2cc(OCCCCC3CCN(Cc4ccccc4)CC3)ccc2c1,6.024975776672363,4.948317050933838,5.486646413803101
CC(=O)Oc1cccc2c1CCC=C2CCC1CC(=O)[N+]21C,,,
CNC(=O)c1ccc2c(c1)S(=O)(=O)C=C2,7.504620552062988,5.896683692932129,6.700652122497559
Cc1ccc(C#Cc2cccc(OCCCCCCCNc3c4c(nc5ccccc35)CCCC4)c2)cc1,6.000168800354004,5.290540218353272,5.645354509353638
O=C1CCc2ccc(OCCCCCNc3c4c(nc5ccccc35)CCCC4)cc2N1,7.586210250854492,5.279542446136475,6.432876348495483
COc1ccc(C2CC(=O)c3ccc(C)cc3O2)cc1,5.53522539138794,6.357699394226074,5.946462392807007
O=C1c2ccccc2-c2nc3nnnn3nc21,4.122465133666992,3.952200412750244,4.037332773208618
COc1cc(OC)c2c(=O)oc3cc(OCCCCCCCN4CCCCC4)ccc3c2c1,6.575314521789551,5.605454444885254,6.090384483337402
CN1CCCC1=Cc1c[nH]c2cccc(OCCCCCCCNc3c4c(nc5ccccc35)CCCC4)c12,7.667684078216553,5.214593410491943,6.441138744354248
Cc1cc(=O)oc2cc(OCc3cccc(Cl)c3)ccc12,4.205096244812012,7.781097412109375,5.993096828460693
COc1ccc(C(=O)Nc2[nH]nc3ccc(CCN4CCCC4)cc23)cc1,5.914443492889404,4.92805290222168,5.421248197555542
O=C(O)COCCCCCCCCOc1cccc(C2=NOC3CCCCC3)c1,,,
C=CCN1CCN(CCCC(=O)c2ccccc2)CC1,5.595332145690918,3.5702199935913086,4.582776069641113
COc1cc2c(cc1OC)CCCC2NCCCCCCCCCCN=C1CCCCC1,6.303377628326416,5.180221557617188,5.741799592971802
O=C1CCc2ccc(OCCCCCCNc3c4c(nc5ccccc35)CCCC4)cc2N1,7.6467509269714355,5.350108623504639,6.498429775238037
Cc1c2c(n3c1ccccc13)CCCC2,,,
CCOc1ccc(CC(C)=O)cc1COCC=CCCCCCCNc1c2c(nc3cc(Cl)ccc13)CCCC2,7.038166046142578,4.726544380187988,5.882355213165283
NC(=O)c1cc2c(Oc3ccc(Br)cc3)cncc2s1,6.616586685180664,5.069092273712158,5.842839479446411
O=c1oc2ccc(OCCCCCCNc3c4c(nc5ccccc35)CCCC4)cc2o1,7.135916233062744,5.394053936004639,6.264985084533691
COc1cc(C=C2CCCCC2=O)cc(OCCCC(=O)Nc2ccc(C)c(I)c2)c1O,5.954097270965576,5.703166961669922,5.828632116317749
CCCCOc1ccc(CC(C)NCC(O)COc2ccccc2C)cc1,4.816263675689697,5.469357967376709,5.142810821533203
CN(C)CCn1c2ccccc2c2ccccc21,3.928620338439941,4.372684001922607,4.150652170181274
Cc1ccc(C=CC(=O)c2ccc3c(c2)OCCCO3)o1,5.5082831382751465,5.762455940246582,5.635369539260864
Nc1ccc2c3c(cccc13)C(=O)C2=O,6.158043384552002,4.990213394165039,5.5741283893585205
CCN(C=CC1CC(=O)Oc2cc(OCc3ccccc3)ccc21)CCOP(=O)(OC)O,5.525440216064453,6.135005474090576,5.830222845077515
O=C(C=CC=CC1=[N+](c2ccccc2)CCCC1)Nc1cccc(F)c1,4.6985764503479,5.905676364898682,5.302126407623291
COc1cccc2c1C(=O)c1c(O)c3c(c(O)c1C2=O)CC(O)(C(O)C=O)CC3OC1CC(O)C(O)C(O)C1O,6.36822509765625,4.084639549255371,5.2264323234558105
CCCCCCNC(=O)Oc1cccc(CC2N=C(c3cccc(C(=O)O)c3)O2)c1,6.54844331741333,5.1007609367370605,5.824602127075195
O=C1c2ccccc2OC(=O)C1CCCNC1=O,,,
O=c1c2ccccc2oc2c(O)c(O)ccc12,5.885052680969238,4.038586616516113,4.961819648742676
CC(=Cc1sc2ccccc2[n+]1C)c1ccc(C(=O)O)cc1,5.668888092041016,5.420342445373535,5.544615268707275
Cc1ccc(C(=O)c2ccc3ccccc3c2)cc1,4.235239028930664,5.19088888168335,4.713063955307007
COc1ccc2c(c1)c(C=C1CCNCC1)cn2C,4.857501983642578,5.078200817108154,4.967851400375366
C#CCN(C)Cc1cc2cc(OCCCC3CCN(Cc4ccccc4)CC3)ccc2n1C,6.455060958862305,5.637757778167725,6.046409368515015
O=C(NCc1ccc(I)cc1)c1cc2ccccc2c(=O)s1,6.030850887298584,5.6828203201293945,5.856835603713989
COc1ccc(C=C2CCc3c([nH]c4ccc(Br)cc34)C2=O)cc1,5.242857933044434,6.988236427307129,6.115547180175781
CNC1CC2OC(C)(C1OC)n1c3ccccc3c3c4c(c5c6ccccc6n2c5c31)C(=O)NC4,5.887773036956787,4.6202263832092285,5.253999710083008
COc1cc2c(cc1[N+](=O)[O-])C(=O)C(C)C2,7.19871711730957,6.002323150634766,6.600520133972168
COc1cc2c(cc1OC)C(=O)C(Oc1cccc(C(=O)C3CC3)c1)C2=O,7.283060073852539,4.791341781616211,6.037200927734375
Oc1oc2ccc(OCCCCCCNc3c4c(nc5ccccc35)CCCC4)cc2c1CO,7.07128381729126,5.111809730529785,6.0915467739105225
CC(C)=CCC=CC1CC(OC(=O)c2ccc3ccccc3c2)OC1=O,3.294551134109497,5.111985683441162,4.20326840877533
Cc1cccc(C2CC(c3c4ccccc4cc4ccccc34)=NN2)c1,6.703186511993408,7.963233947753906,7.333210229873657
O=c1ccoc2ccoc12,4.842770576477051,3.5301966667175293,4.18648362159729
COc1cccc(C=Cc2ccc3ccccc3[n+]2C)c1,4.448703765869141,5.739430904388428,5.094067335128784
CC(=O)C1=C(c2ccccc2O)N(CCCO)C2CCC1C2,5.762112617492676,4.796175956726074,5.279144287109375
Cc1ccccc1NC(=O)Oc1ccccc1Cl,6.886656761169434,4.801027297973633,5.843842029571533
CC(=O)OC1CC2CCC3CCCC4CC(=O)C3CC12C,,,
Cc1c(O)c2c(c(O)c3c(O)c4c(c(O)c3c(O)c1cc(O)c(O)cc4c1)C(O)C(O)C2O,,,
O=C(Nc1cccc(Cl)c1)c1cc2sccc2o1,5.799869537353516,5.337481498718262,5.568675518035889
CC1=CC=CC1=Cc1cccc(OCC#CCCCCNc2c3c(nc4ccccc24)CCCC3)c1,6.539159774780273,5.720791816711426,6.12997579574585
FC(F)(F)c1ccccc1COC1CCNC1,6.059505462646484,5.606442451477051,5.832973957061768
COc1cccc2cc(C(=O)O)oc12,5.911878108978272,4.269199848175049,5.09053897857666
COc1cc2c(cc1OC)C(=O)C(=[N+](C)C)C2,6.155381679534912,4.890419960021973,5.522900819778442
Cc1cccc(C(=O)c2coc3ccc(O)cc3c2=O)c1,5.117795467376709,4.955122947692871,5.03645920753479
CCC(=O)Oc1ccc2c(c1)c1c3c(c4ccccc41)CCNC3=O,,,
CC(C)=CCN1CCC2(C)c3cc(O)ccc3CC1C2C,5.547050476074219,5.277956962585449,5.412503719329834
COc1cc2oc(-c3ccco3)nc2cc1OC,5.32227087020874,4.918508529663086,5.120389699935913
CN(C)CC1CC2c3ccccc3Oc3ccc(Cl)cc3C2O1,4.774118423461914,5.371970653533936,5.073044538497925
O=C1CCc2ccc(OCCCCCNc3c4c(nc5ccccc35)CCCC4)cc2N1,7.586210250854492,5.279542446136475,6.432876348495483
CCCOc1ccc2oc3ccccc3c(=O)c2c1,4.906295776367188,5.373105525970459,5.139700651168823
CC(=O)NC1=C2CCC(=O)N(C)C2CN1CCCC1,,,
Clc1ccc2c(c1)c(-c1ccc3nnc(C4CCCO4)n3c1)OCO2,,,
O=C1NCCc2c1oc1ccc(O)cc21,7.158309459686279,4.32285737991333,5.740583419799805
O=C1Cc2cc(OCCCN3CCCOCC3)ccc2N1,5.243622779846191,5.075153350830078,5.159388065338135
COc1cc2c3c(c1)C(=O)CC=C3C1CCCC2CN1CCCC1,,,
Oc1occ2ccc(OCCCCN3CCC(c4cccc(Cl)c4)CC3)cc12,5.157902717590332,6.133008003234863,5.645455360412598
COc1cc2c(Oc3ccc(NC(=O)C4(C(=O)Nc5ccccc5)CC4)cc3F)ccnc2cc1OCCCN1CCCC1,7.211573600769043,5.2878947257995605,6.249734163284302
O=C(O)c1ccc2c(c1)C(=O)C(=O)c1ccccc1C2=O,5.674134254455566,6.235168933868408,5.954651594161987
O=C(C=Cc1ccc(OC(F)(F)F)cc1)NCC1CCCN(Cc2cccc(O)c2)C1,5.689425945281982,4.755988597869873,5.222707271575928
Cc1c(C)c2ccc(OCC(O)CN3CCC4(CC3)OCc3c4ccccc4[nH]3)cc2oc1=O,,,
Cc1cc(=O)oc2cc(OCCOCCCCCCCNc3c4c(nc5ccccc35)CCCC4)ccc12,6.938584804534912,5.627826690673828,6.28320574760437
CCCc1cc2c(oc3cc(OC)c(OC)cc32)c(CC)c1,5.064760208129883,4.913734436035156,4.9892473220825195
CCNCc1cccc(C#CCO)c1,3.767622947692871,4.253322601318359,4.010472774505615
c1cc[n+](CCCCCCCCCCC[n+]2ccc3ccccc3c2)cc1,7.261047840118408,4.357143402099609,5.809095621109009
Cc1c2n2nc3cc(C#N)ccc3nc2n1C,,,
CC(=O)COc1ccc2c(C)cc(=O)oc2c1,4.894539833068848,6.016912460327148,5.455726146697998
C=C1CCC(c2ccccc2)CC1,4.707713127136231,4.822443008422852,4.765078067779541
O=C1CCc2cc3cc(Br)ccc3nc2N1,5.337069988250732,6.725059509277344,6.031064748764038
Cc1c2c3c(sc2n(CCCCCCCN)c2ccoc13)CCCC3,,,
Fc1ccc(-c2ccnc3c2CCC3=Cc2cccc(Br)c2)cc1,4.772481918334961,7.1035661697387695,5.938024044036865
CC(=NNc1nc(-c2ccccc2)c(C)s1)c1ccccn1,5.29298210144043,5.279780387878418,5.286381244659424
C#CCN(C)Cc1cc2cc(OCCCC3CCN(Cc4ccccc4)CC3)ccc2n1C,6.455060958862305,5.637757778167725,6.046409368515015
C#CCN(C)CCc1ccccc1F,4.424195766448975,6.889822959899902,5.6570093631744385
ON=C(O)c1ccc(C2C=CCCC2)cc1,3.3781111240386963,5.403960704803467,4.3910359144210815
CSC(=O)c1ccc(C2=CC=CCC2=O)cc1,4.503834247589111,5.7430033683776855,5.123418807983398
O=C1c2ccccc2-c2nnc(-c3ccccc3)cc21,4.993725776672363,5.196288108825684,5.095006942749023
O=C(CCC1CCN(Cc2ccccc2F)CC1)c1ccc2c(c1)CCCC2,6.730727672576904,4.367599964141846,5.549163818359375
CC(=O)c1cc2cc([N+](C)(C)C)ccc2oc1=O,5.53328800201416,5.183948040008545,5.3586180210113525
O=C(CCCCC1CCN(Cc2ccccc2)CC1)c1cc2cc(F)ccc2oc1=O,7.298921585083008,4.90888786315918,6.103904724121094
CCOC(=O)C1CCN(CCCCc2ccc(OCc3ccc(Cl)cc3)cc2)CC1,5.02574348449707,4.763670444488525,4.894706964492798
Clc1ccc(C2CC(c3c4ccccc4cc4ccccc34)=NN2)cc1,6.776525020599365,8.193714141845703,7.485119581222534
Oc1c2c(nc3ccccc13)CCCC2,5.394965648651123,4.103498458862305,4.749232053756714
COc1ccc(C=C2CCCCC2=O)cc1,4.293900966644287,5.6842193603515625,4.989060163497925
CN(C)c1ccc(C(C)(C)C)c2c1CCC2=O,6.185410976409912,4.211536407470703,5.198473691940308
C#CCNCCc1ccc2nc(-c3ccccc3)c(-c3ccccc3)cc2c1,4.271227836608887,5.444265842437744,4.857746839523315
O=C(C=CC=C1CCC(C2=O)C1)Nc1ccccc1O,,,
O=C(OC1C[N+]2(CCCc3ccccc3)CCC1CC2)c1ccccc1,5.561400413513184,3.0904040336608887,4.325902223587036
COc1cc2c(cc1OC)C(=O)C(=NCCCCCCCCNc1c3c(nc4ccccc14)CCCC3)C2=O,7.798912525177002,4.836145877838135,6.317529201507568
O=C1c2ccccc2CCCCCCCC1CN=C(O)C1CCCCC1,5.145243167877197,5.224186897277832,5.184715032577515
CCCc1c2c(nc3cc(OCCC)c(OCC)cc13)CCCC2,5.411807537078857,4.656343460083008,5.034075498580933
Cc1ccc2nc(NCCCCCCCNc3c4c(nc5ccccc35)CCCC4)c3ccoc3c2c1,8.369575500488281,4.583701133728027,6.476638317108154
NC(=O)Cn1c2ccc(O)cc2c2ccc3ccccc3c21,5.053211688995361,5.295126438140869,5.174169063568115
CN(C)c1cc[n+](CCCCCCCCCCCCC[n+]2ccc(C(C)(C)C)cc2)cc1,8.111052513122559,4.247987270355225,6.179519891738892
O=C1Cc2cccc(OCc3cccc(Cl)c3)c2OC1=O,4.497330188751221,7.1511640548706055,5.824247121810913
O=C1CCc2cc(OCc3ccc(Cl)cc3)ccc2N1,3.925088405609131,7.340187072753906,5.6326377391815186
CN1CCC(=Cc2ccc3cccc(Br)c3[n+]2CCOCCOc2ccc([N+](=O)[O-])cc2)CC1,5.33515739440918,6.0820746421813965,5.708616018295288
CC(C)=CCN1CCC2(C)c3cc(O)ccc3CC1(C)C2C,5.478514194488525,5.897404670715332,5.687959432601929
COc1ccc2c(=O)c(-c3ccccc3)coc2c1,5.250600814819336,5.713226318359375,5.4819135665893555
O=c1oc2ccccc2cc1COc1ccc(CO)cc1,4.700008392333984,7.090867042541504,5.895437717437744
CC#CCN(C)Cc1cc2cc(OC)ccc2n1C,5.165338039398193,6.368481636047363,5.766909837722778
Cc1c2cc(O)ccc2n1Cc1ccc2c(c1)OCO2,,,
c1ccc(NC2=NCCCCC2)cc1,5.004881858825684,5.826667785644531,5.415774822235107
CNc1nc(C#CCCCCCCCCNc2c3c(nc4ccccc24)CCCC3)nc2ccccc12,7.854853630065918,4.909806251525879,6.382329940795898
COc1ccc2[nH]c3c(c2c1)CCCC3,5.379059791564941,5.495298862457275,5.437179327011108
Cc1c2c(n3c4ccccc4cc4ccccc43)c1CNC2=O,,,
O=C(CCNC1CCCCC1)Oc1cccc2[nH]ccc12,5.607170581817627,5.133757591247559,5.370464086532593
O=C1c2ccccc2-c2nonc2N1c1ccccc1,4.634296417236328,3.976344108581543,4.3053202629089355
CCC1CCCN1CCCOc1ccc(C(=O)Nc2cc(C)on2)cc1,6.491514205932617,5.629872798919678,6.0606935024261475
Cc1c2ccc(Cl)cc2n1CCCNC(=O)C=Cc1ccccc1,,,
CCC(=O)Nc1ccc2c(C)c(C(=O)OC)c(C)nc2c1,4.950056552886963,5.227853298187256,5.088954925537109
c1coc(C2CNC3CCC4CC3C2)c1,,,
O=C1c2ccccc2-c2nnc(-c3ccccc3C3=CCCCC3)cc21,4.786866664886475,5.960108757019043,5.373487710952759
Cc1sc(NN=C2CCCCC2C)nc1-c1ccccc1,6.18108606338501,5.986453056335449,6.0837695598602295
O=C(Oc1ccc([N+](=O)[O-])cc1)c1cccc(Cl)c1,5.272440433502197,5.181586742401123,5.22701358795166
NC(=O)c1sccc1COc1ccc(Cl)cc1Cl,5.006000995635986,6.737969398498535,5.871985197067261
CC(C)=CC1CC(O)C(COC(=O)Cn2cc(O)c3cc(O)ccc32)O1,4.869506359100342,3.7502341270446777,4.30987024307251
CCNC(=O)C=CC=CC=CC=CC=CCC=CCCCC(=O)N1CCCCC1,3.720287322998047,6.090350151062012,4.905318737030029
CC(=O)N1c2ccccc2CCC1CCN(C)C,5.329046249389648,3.704748153686523,4.516897201538086
COc1cc2c(cc1OC)CC1CO2,,,
Cc1cc(=O)oc2cc(OCCCCCCCN3CCCCC3)ccc12,6.347431659698486,5.866055488586426,6.106743574142456
O=c1coc2cc(OCc3cccc(Cl)c3)ccc2c1=O,,,
C=CCCNc1c2c(nc3occc13)CCCC2,6.789255142211914,4.477287769317627,5.6332714557647705
Cc1ccc(C)c(OCCCCCCCCCCCCNCCCCCNCc2ccc(O)c(O)c2)c1,6.227023601531982,4.993581771850586,5.610302686691284
CC(C)CN1c2ccccc2CCc2ccccc21,4.651500701904297,3.716247320175171,4.183874011039734
C#CCNCc1ccc2c(CCCCCCCCCCCCCCCCN)coc2c1,4.593715190887451,6.242125034332275,5.417920112609863
Cc1cc2cc(C=O)c(O)cc2oc1=O,5.216467380523682,6.271966934204102,5.744217157363892
COc1cc(=O)oc2cc(OCCCCCCNc3c4c(nc5ccccc35)CCCC4)ccc12,7.304605960845947,5.120729923248291,6.212667942047119
O=C(C#CCN1CCCCC1)Nc1cc2c(nc1Cl)NC2=O,7.330185890197754,4.479750156402588,5.904968023300171
CC1CC=C(C)C=CC=CC=CC=CCCCC(=O)Oc2cccc(C#N)c2)O1,,,
CNC(=O)COc1ccc(C=Cc2cc3ccccc3oc2=O)cc1,6.164132118225098,6.964199542999268,6.564165830612183
CC#CCNCc1c2c(nc3ccccc13)CCCC2,5.492997169494629,3.880515098571777,4.686756134033203
Cc1ccc2nnc(-c3ccccc3COc3ccc4c(C)c(C)ccc4c3)n2c1,5.592165470123291,6.89741849899292,6.2447919845581055
COc1ccc2c(=O)c(-c3csc(C)n3)coc2c1,5.697746753692627,6.037783145904541,5.867764949798584
Cc1cc(C)n(CCCCCCCNc2c3c(nc4ccccc24)CCCC3)c1,8.86190128326416,4.437160491943359,6.64953088760376
O=c1oc2ccccc2cc1-c1csc2c1CCCC2,5.258296012878418,5.299851417541504,5.279073715209961
O=C(ON=Cc1ccccc1)c1ccc2c(c1)OCCO2,5.5060715675354,4.946552276611328,5.226311922073364
O=C1CCCc2cc(OCc3cccc(Cl)c3)ccc21,4.159873962402344,7.465420722961426,5.812647342681885
Cc1ccc(CN=C(C)CCC#N)cc1,5.150143623352051,5.3953704833984375,5.272757053375244
CCOC(=O)C1CCCC(=O)N1c1cccc(CCc2ccccc2)c1,5.922894477844238,4.836921215057373,5.379907846450806
O=C1c2ccccc2-c2nnc(C=CC3CCCCC3)nc21,5.536378383636475,5.976863861083984,5.7566211223602295
Nc1ccc(CNCC2CCCCC2)cc1,5.567596912384033,2.4864988327026367,4.027047872543335
Oc1ccc(-c2ccc(C=C3CC4CCC(C3)N4CCc3ccc(O)cc3)o2)cc1,5.876712322235107,4.706887245178223,5.291799783706665
CCOc1ccc2c(=O)oc3ccc(C)cc3c(=O)c2c1,5.480800151824951,6.316264152526856,5.898532152175903
c1ccc(C2CN3CCSC3=N2)cc1,6.589893341064453,6.140233993530273,6.365063667297363
COc1ccc(C=C2CCc3ccccc3C2=O)c(OC)c1OC,5.9005656242370605,5.388062477111816,5.6443140506744385
O=C1c2ccccc2-c2nnc(-c3cccc([N+](=O)[O-])c3)cc21,5.311034202575684,5.836466312408447,5.573750257492065
O=c1oc2cc3c(cc2cc1CNCCCCCCCCCNc1c4c(nc5cc(Cl)ccc15)CCCC4)OCO3,8.4281587600708,5.285642147064209,6.856900453567505
CCC#CCCCNCC,3.774867057800293,4.9567060470581055,4.365786552429199
O=C1CCCc2cc(OCc3cccc(OC(F)(F)F)c3)ccc21,4.997682094573975,7.004430770874023,6.001056432723999
O=c1ccn(-c2ccc3ccccc3c2)c2ccccc12,4.220691680908203,6.416146278381348,5.318418979644775
CC(=O)Oc1c(OCCCCCCCCCCNc2c3oc(=O)c4c(nc3nc2C)CCCC4)ccc1OC(C)=O,,,
CCC(=O)Oc1ccc2c(c1)C1(C)CCNC1C2=O,6.556386470794678,5.854594707489014,6.205490589141846
Nc1ccc(C(=O)Oc2cccc(C(=O)NC3CCCCC3)c2)cc1,5.344127178192139,4.8147501945495605,5.07943868637085
c1ccc(CC2CNCc3ccc4c(c32)OCO4)cc1,5.193553447723389,4.5802531242370605,4.886903285980225
CC1=CC2Cc3nc(O)ccc3C3CCCCC32C1,5.42596960067749,6.932495594024658,6.179232597351074
CC1CCCN1CCCOc1coc2cc(Cl)ccc2c1=O,5.970490455627441,5.66738748550415,5.818938970565796
CC(=O)c1cccc(-c2cc(=O)oc3c(C)c(O)ccc23)c1,5.987612724304199,5.455482006072998,5.721547365188599
COc1cccc(C=CC=Cc2ccccc2OC)c1,4.594061851501465,5.438582420349121,5.016322135925293
O=C1OCC2C1=CC=CC1CC2CCC2(C)C1CCC2C1,,,
CNC(=O)Oc1cccc(CN(C)CCCOc2ccc3c(=O)c4ccccc4oc3c2)c1,8.555753707885742,5.625409126281738,7.09058141708374
Cc1c2c(n3c1CCCC3)CCCC2=O,6.513217926025391,4.558048725128174,5.535633325576782
COc1cc2c(c(OC)c1OC)C1=CC=C(NOC)CCC1CC2,4.639114856719971,4.029695510864258,4.334405183792114
Cc1cc(C2CCN(Cc3ccc(CO)cc3)CC2)on1,5.143787384033203,4.659733295440674,4.9017603397369385
C=CCn1c(=O)oc2cc(CNc3cccc(Cl)c3)ccc21,6.217759609222412,6.163850784301758,6.190805196762085
CCOc1cc2oc(O)c(C(C)C)c2cc1OC,5.6007161140441895,4.219406604766846,4.910061359405518
COc1ccc(Co2=NOC3COC3c3ccccc32)cc1,,,
O=c1ccoc2c(OCCCCCCNc3c4c(nc5ccccc35)CCCC4)cccc12,6.956245422363281,4.701366424560547,5.828805923461914
Fc1ccc(-c2ccc3c(c2)C2C=CCC2C3=NN2CCCCC2)cc1,6.125954627990723,6.933575630187988,6.5297651290893555
O=C(O)c1cc2cc(OCCCC3CCN(Cc4ccccc4)CC3)ccc2oc1=O,7.108626365661621,5.629608154296875,6.369117259979248
COc1ccc2cc(-c3cccc(N=C=CC(=O)c4ccc(N(C)C)cc4)c3)ccc2c1,5.271640300750732,6.169729709625244,5.720685005187988
O=C(OCC1CCCO1)c1cc2ccsc2s1,4.789904594421387,6.4898223876953125,5.63986349105835
c1ccc2c(c1)CCCC2=NN=C1CCCCC1,6.031598567962647,4.99086332321167,5.511230945587158
CC(=O)Nc1ccc2c(c1)C(=O)c1cc(C#N)ccc1S2(=O)=O,5.525745868682861,5.906604766845703,5.716175317764282
COc1cc2c(cc1OC)CCCC2=O,6.141354084014893,4.785282135009766,5.463318109512329
CN1CCC2C(=O)c3cc(OCc4cccc(Cl)c4)ccc3C2C1,4.453097820281982,7.185218334197998,5.81915807723999
O=c1oc2c(O)c(O)ccc2cc1O,4.964032173156738,4.388538837432861,4.6762855052948
CCCCCCCCCCCCNC(C)C,4.724133491516113,5.269972324371338,4.997052907943726
CC(=O)c1cccc(-c2csc(NC(=O)CCCCCCCCN)n2)c1,5.213005542755127,6.106034278869629,5.659519910812378
COc1cc2c(cc1OC)C(=O)C(Oc1ccccc1)C2,7.33225154876709,4.46682071685791,5.8995361328125
CCN=C1C=CC(Br)=C(C)C=C1C,5.354196548461914,5.624202251434326,5.48919939994812
CC(=Cc1ccco1)C1CCC2C3CC(O)C4OC4C2O1,,,
O=C1C(=O)c2ccccc2Oc2ccc(OCCCCCCCNc3c4c(nc5ccccc35)CCCC4)cc21,6.486320018768311,4.746899604797363,5.616609811782837
Cc1ccc2oc(=O)c(-c3ccc(CC(C)C)cc3)cc2c1,4.53083610534668,6.0980424880981445,5.314439296722412
O=C1CCc2cc(OCc3ccc(Cl)cc3)ccc21,4.235527515411377,8.008130073547363,6.12182879447937
CC(O)COc1ccc2c(c1)C(=O)OC2=O,4.940187454223633,5.929917335510254,5.435052394866943
CN(C)CCCOc1ccc(C2=C3CCCCC3C=C2)cc1,4.831143856048584,5.298511981964111,5.064827919006348
C=C(F)c1cc2c3ccccc3c(=O)oc2cc1OCCC=CC,5.424192905426025,6.724753856658936,6.0744733810424805
CCc1nc2cc(OC3CCN(CCF)CC3)ccc2o1,6.005174160003662,5.584194183349609,5.794684171676636
COc1ccc(C=Cc2cncc(C3CC3C(=O)O)c2)cc1,4.141915798187256,5.411367893218994,4.776641845703125
CCC=CC1=C2CC(=O)C(OC(=O)C3CCCC3)=CC2=O1,,,
CC=CC1=C2CC(=O)C=CC2(C)C2CCC3(C)C(CCC(C)CCC)CCC3C12,4.883873462677002,6.716373920440674,5.800123691558838
COc1cccc(-c2csc(NN=C3CCCCCC3C)n2)c1,5.749309062957764,6.435148239135742,6.092228651046753
COc1cc2c(cc1OC)C(=O)C(Oc1ccc(Cl)c3coc(O)c3c1)N2,,,
CC(=O)c1cccc(-c2cc3c(cn2)CCCC3)c1,5.008371829986572,5.6641035079956055,5.336237668991089
Clc1ccc2c(C3=CCNCC3)c[nH]c2c1,5.442159175872803,6.299971580505371,5.871065378189087
Cc1coc2c1C(=O)c1ccc(C(=O)NCC3CCCO3)cc1O2,7.7893385887146,4.380834579467773,6.0850865840911865
O=c1ccoc2ccc(OCc3cccc(Cl)c3)cc12,3.9927258491516113,7.384801864624023,5.688763856887817
CC(=O)c1cc(OCCCCCCCCCNc2c3c(nc4ccccc24)CCCC3)ccc1O,7.534447193145752,5.4465203285217285,6.49048376083374
COc1ccc2c3cc(C)ccc3nc(SCC#N)n2c1,,,
Cc1ccc2onc(CCC3CCN(Cc4ccc(C(C)(C)C)cc4)CC3)c2c1,7.71316385269165,4.407657623291016,6.060410737991333
CN(C)C1CCCC1Oc1ccc(C=C[N+](C)(C)C)cc1,4.37852668762207,2.658931016921997,3.5187288522720337
C#CCN(C)Cc1cc2cc(OCCCC3CCN(Cc4ccccc4)CC3)ccc2n1C,6.455060958862305,5.637757778167725,6.046409368515015
O=C(OC=Cc1cccc(Cl)c1)c1ccc2c(c1)OCCO2,4.137734889984131,5.820184707641602,4.978959798812866
CC(C)=CCc1c2c3c4c(c(O)c(O)cc4OC2C(=O)CCC3O)n1C,,,
COc1ccc(CC(C)=C2CCC(=S)C(=O)c3ccccc32)cc1,5.3792829513549805,5.174767971038818,5.277025461196899
CCN(CCCCCCCN=C1CC(=O)c2ccccc2C1=O)Cc1ccccc1,6.486304759979248,5.012916088104248,5.749610424041748
CCCCCCNC(=O)C=Cc1cc2cc(OCCCCNc3c4c(nc5ccccc35)CCCC4)ccc2o1,6.544564247131348,5.46353006362915,6.004047155380249
C#CCN(C)Cc1cc2cc(O)ccc2n1C,5.119338512420654,6.4131059646606445,5.766222238540649
COc1cc2c(cc1OC)C(=O)C(Oc1cccc(C(C)=O)c1)C2,7.155307292938232,4.741750240325928,5.94852876663208
C#Cc1ccc2c3c1OCCCC3,,,
CCCCCCNC(=O)Cc1ccc(Oc2cccc(F)c2)cc1,6.097306251525879,4.520966529846191,5.309136390686035
O=C(OCc1ccccc1)c1ccccc1OCCCCCCCCNc1c2c(nc3ccccc13)CCCC2,6.175877094268799,4.671178817749023,5.423527956008911
NC(=O)Cc1ccc2c(c1)c(CC(=O)c1ccccc1)cn2CCCC1CCCN(Cc2ccccc2)C1,6.366370677947998,3.647014141082764,5.006692409515381
O=C(O)c1coc2cc(OCc3cc([N+](=O)[O-])ccc3OC3CCCC3)ccc2c1=O,5.635784149169922,5.962646007537842,5.799215078353882
COC(=O)CCCCCCCNC(=O)CCCCCCCOc1ccccc1,5.792862415313721,6.173296451568604,5.983079433441162
O=c1oc2ccccc2cc1-c1coc2cc(O)ccc2c1=O,5.882126808166504,5.167487144470215,5.524806976318359
Cc1ccc(C=CCc2nnc(-c3ccccc3O)o2)cc1,5.836193561553955,5.239617347717285,5.53790545463562
CC#CCN(C)CCc1ccccc1,4.47136116027832,5.418529510498047,4.944945335388184
O=C(O)c1cccc(C2=C(c3ccccc3OCCCCCCN3CCCC3)OCC2)c1,5.988171100616455,5.561585903167725,5.77487850189209
CCCOc1cc2c(=O)n3ccccc3nc2cc1C,5.222023963928223,5.430487632751465,5.326255798339844
CN(C)c1cccc2c3c(n(C)c12)CCCC3,6.633453845977783,4.171483993530273,5.402468919754028
Cc1nc2cc3c(cc2s1)CCCC3=O,5.851124286651611,6.261141777038574,6.056133031845093
CC(NC1CCCC1)c1ccccc1,4.440378665924072,3.821946144104004,4.131162405014038
CCOCCOCCOCCOc1cc2c(cc1C#N)OCO2,4.540950775146484,7.208765983581543,5.874858379364014
NCCCCCCCCCCNc1c2c(nc3ccccc13)CCCC2,6.383610725402832,4.592145919799805,5.487878322601318
COc1cc(C=CC=C2CCCCC2=O)cc(OC)c1OC,5.7808942794799805,4.862465858459473,5.321680068969727
Cc1c2ccccc2c(C=NNC(=O)c2cccc(O)c2)c2occc12,6.075520038604736,5.298727989196777,5.687124013900757
COc1cc2c(cc1OC)C(=O)C(Oc1cccc(Br)c1)C2,6.533140182495117,5.118173599243164,5.825656890869141
O=C1CCCc2cc(OCCCCCCNc3c4c(nc5ccccc35)CCCC4)ccc21,7.414890289306641,5.253373146057129,6.334131717681885
C=CCc1ccc2c(C3=NNC(C)CC3)cc(O)cc2c1,6.83546257019043,6.109432220458984,6.472447395324707
CC1=CC2Cc3nc4cc(Cl)ccc4c(NCCCCCCCNc4c5c(nc6ccccc46)CCCC5)c3C(C1)C2,8.794808387756348,4.465803146362305,6.630305767059326
Cc1cccc(C(=O)Nc2ccc3c(c2)C(=O)c2ccccc2C3=O)c1,5.384156227111816,6.3905792236328125,5.8873677253723145
C=Cc1c(C)c2ccc(OC=C3CC(=O)C(OC)C(O)=C3)cc2oc1=O,4.991767883300781,5.821763038635254,5.406765460968018
CN1CCC(CCOc2nc3ccc([N+](=O)[O-])cc3[nH]2)CC1,6.1095170974731445,6.515985012054443,6.312751054763794
C#CCCCCOc1cc2c(cc1OC)CCCC2,4.197854518890381,6.13104248046875,5.164448499679565
CC1=CC(C)=NOC1CO,3.5425941944122314,4.482257843017578,4.012426018714905
CCOc1ccc(C=C2CCc3c2cc[n+](C)cc3C2=O)cc1,,,
O=C1c2ccccc2-c2ncccc21,4.254412651062012,5.038559436798096,4.646486043930054
CC(N)(CO)CCOc1ccc(C2=CC3CCC(C2)C3NCCO)cc1,3.9680237770080566,5.907880783081055,4.937952280044556
COc1ccc2oc3cc(O)ccc3c(=O)c2c1,5.272256851196289,4.6263933181762695,4.949325084686279
O=C1c2ccccc2-c2nc3nnnn3nc21,4.122465133666992,3.952200412750244,4.037332773208618
COc1cc2c(cc1OC)-c1[nH]nc(NCc3cccc(C(F)(F)F)c3)c1C2,5.039455413818359,5.460750579833984,5.250102996826172
O=C1c2ccccc2-c2nc3nnnn3nc21,4.122465133666992,3.952200412750244,4.037332773208618
O=C(C=Cc1ccccc1)Nc1ccc(Cl)cc1,4.13887882232666,6.050346374511719,5.0946125984191895
CSc1sc2ncnc(NCCCCCCCCNc3c4c(nc5ccccc35)CCCC4)c2c1C,7.517341613769531,5.320964813232422,6.419153213500977
CCOC(=O)C=Cc1ccc2c(c1)OC(=O)CC2=NOC,4.564265251159668,5.207136154174805,4.885700702667236
O=C1CCc2cc(OCCCCCCC(=O)O)ccc2C1=O,5.389647960662842,6.728128433227539,6.05888819694519
c1ccc2c(c1)CCCC2N=CCN1CCCC1,4.828194618225098,4.259602546691895,4.543898582458496
c1ccc2c(NCCCCCCCCCNc3c4c(nc5ccccc35)CCCC4)c3c(nc2c1)CCCC3,8.532026290893555,4.128834247589111,6.330430269241333
O=C(Nc1ccc(Cl)cc1)ON=C1CCCCC1,4.872979164123535,5.324878215789795,5.098928689956665
CC1CC(C)CN(CCCCc2c[nH]c3ccc(C#N)cc23)C1,6.065281391143799,4.06388521194458,5.0645833015441895
CN(C)C1CC(c2cc3cc(-c4cccc(F)c4)ccc3oc2=O)O1,5.165708065032959,6.476519584655762,5.82111382484436
N#Cc1ccccc1N=C1CC(C2CCCCC2)N(Cc2ccccc2)C1=O,5.587256908416748,4.772283554077148,5.179770231246948
O=C1CCc2cc(OCCCCCNc3c4c(nc5ccccc35)CCCC4)ccc21,7.772086143493652,5.224125385284424,6.498105764389038
CC=CC(=O)Nc1ccc2c(c1)C(=O)c1cc(OCCCNc3c4c(nc5cc(C)ccc35)CCCC4)ccc1C2=O,7.56484842300415,5.687228679656982,6.626038551330566
O=C(CCc1c[nH]c2ccc(O)cc12)c1ccccc1,5.352168083190918,5.291875839233398,5.322021961212158
COc1cc2c(cc1OC)C(=O)C(=Nc1ccc(OC(F)F)cc1)C2,6.082708835601807,4.9352569580078125,5.50898289680481
O=c1ccoc2ccc(OCc3cccc(Cl)c3)cc12,3.992715835571289,7.384788513183594,5.688752174377441
O=C(CCl)Nc1ccc2c(c1)CCCC2,4.334363460540772,5.353524208068848,4.84394383430481
Cc1cc2c(s1)c1cnn(CCCCC(=O)c3ccc(F)cc3)c1n2C,6.785407066345215,5.989698886871338,6.387552976608276
Cc1cc(C)cc(OCCCCCCCCCNCCCCCCN(C)C)c1,5.813316822052002,4.780433654785156,5.296875238418579
CCC=CCOc1cc(OC)c2c(=O)c3cc(OC)ccc3oc2c1,5.392505168914795,5.385998249053955,5.389251708984375
Clc1ccc(-c2c[n+]3ccc(CCc4ccccc4)cc3c3coc(OCCCCCCCCNc4c5c(nc6ccccc46)CCCC5O)c3c2)cc1,,,
Cc1ccc(CCc2ccc(O)cc2)o1,4.781149387359619,4.677750587463379,4.729449987411499
O=I)c1coc2cc(OCCCCCCCNc3c4c(nc5ccccc35)CCCC4)ccc2c1=O,,,
c1ccc(-c2cnc3nc(Oc4ccccc4)nnc3c2)cc1,5.580618381500244,5.193467617034912,5.387042999267578
O=C(Cc1ccccc1)Nc1cccc2c1CCC2=O,6.026309013366699,4.752477645874023,5.389393329620361
O=[N+]([O-])c1cccc2ccc(OCCCC3CNCCO3)cc12,4.956510066986084,5.958204746246338,5.457357406616211
O=c1c2ccccc2c(Cc2ccc(O)c(O)c2)nn1Cc1ccc(Cl)cc1,5.95921516418457,4.548121452331543,5.253668308258057
Fc1ccc(-c2csc(NN=C3CCCCC3)n2)cc1,5.689570903778076,7.334111213684082,6.511841058731079
O=C1CCc2cc(F)cc(OCCCCCCNc3c4c(nc5ccccc35)CCCC4)c2N1,8.064009666442871,5.16458797454834,6.6142988204956055
COc1ccc(C=Cc2cc[n+]3c[n+](C)c(OC)cc3c2[N+](=O)[O-])cc1,5.439346790313721,4.956497669219971,5.197922229766846
N#Cc1ccc(-c2ccc(CCN(CC3CC3)C(=O)c3ccccc3)o2)cc1,5.339423179626465,4.319713592529297,4.829568386077881
Fc1ccc(-c2c[nH]c3ccc(CSc4ccc(Cl)cc4)cc23)cc1,4.565769672393799,6.747662544250488,5.6567161083221436
Cc1cccc2c3c(coc13)C(=O)CC2CC(=O)OC(C)C1,,,
CN(C)Cc1ccc(CCCCCCCCCCNc2c3c(nc4ccccc24)CCCC3)o1,7.548675537109375,4.409299850463867,5.978987693786621
COc1ccc(CCCCCCCCC[n+]2ccc(C)cc2)cc1,5.869919300079346,4.5944037437438965,5.232161521911621
C#CCN(C)Cc1cc2cc(OCc3ccccc3)ccc2n1C,4.428907871246338,7.657023429870605,6.042965650558472
COc1ccccc1C1=CC2CC1CN(C)C2,4.525356292724609,3.91789436340332,4.221625328063965
CCCC=CCc1c2ccoc2c(OC)c1O,,,
c1ccc(CNC2CCC(CCOc3ccccc3)CC2)cc1,5.728938102722168,3.381567001342773,4.555252552032471
CCCCCCCNC1C2CCC(CC1)C2=O,5.357883930206299,4.882510662078857,5.120197296142578
CNC(=O)Cc1coc2cc(OS(=O)(=O)c3cccc(Cl)c3)ccc12,6.674569129943848,5.023714065551758,5.849141597747803
CC(=O)c1cccc2c1OC(=O)C2=O,5.764420986175537,4.812491416931152,5.288456201553345
O=C(CCc1c[nH]c2ccccc12)NCCCCCCCNc1c2c(nc3cc(Cl)ccc13)CCCC2,8.849936485290527,4.756557464599609,6.803246974945068
CCCCc1cc2cc(OCc3ccccc3)ccc2[nH]1,4.224862098693848,5.938811302185059,5.081836700439453
C#CCNC1CCc2cc(OC)c(OC)cc2C1OC,3.861424446105957,4.829140186309815,4.345282316207886
O=c1oc2ccc(OCc3ccccc3)cc2c2c1COC2,4.548154830932617,6.671597957611084,5.609876394271851
CC(=O)N(CCC(=O)N1CCCC1C(=O)NCc1ccccc1)Cc1cccc([N+](=O)[O-])c1,5.370851516723633,3.9725146293640137,4.671683073043823
O=C(COc1ccccc1)N1N=C(c2cccc(Cl)c2)CC1c1cccnc1,6.380887985229492,5.654816150665283,6.017852067947388
CC(=NNc1nc(-c2ccc(F)cc2F)cs1)c1cccs1,6.01493501663208,7.238533020019531,6.626734018325806
Oc1occ2ccc(OCCCCCN3CCCCC3)cc12,5.941795825958252,6.135617733001709,6.0387067794799805
CCOC(=O)c1cc2ccc(OCC)cc2oc1=O,6.077384948730469,5.336442470550537,5.706913709640503
C#CCN(C)Cc1coc2cc(OCC/CCCC)ccc12,3.612558841705322,6.993295192718506,5.302927017211914
Fc1ccc(-c2cnc(C#CCCN3CCCC3)o2)cc1,5.516096115112305,6.245601177215576,5.88084864616394
O=c1cc(OCc2ccccc2)ccc1O,,,
O=C1c2ccc(Cl)cc2OCC1c1ccccc1,5.407779216766357,6.24616289138794,5.826971054077148
COc1cc2c(cc1OC)C(=O)C(Oc1ccccc1)C2,7.33225154876709,4.46682071685791,5.8995361328125
c1ccc2c(CC3=NCCN3)c[nH]c2c1,5.320971965789795,5.407058238983154,5.364015102386475
Cc1ccc(COC(=O)c2cc3ccccc3oc2=O)cc1,5.238444805145264,6.018825531005859,5.6286351680755615
NC1=C(c2ccccc2)CCCC1=NCCCCCCCNc1c2c(nc3ccccc13)CCCC2,6.859619140625,4.431279182434082,5.645449161529541
COc1ccc2c(c1)S(=O)(=O)O2=O,,,
O=C(O)c1cc(Oc2ccc(C(=O)NCC(O)C(O)CO)cc2)ccc1Cl,5.54860782623291,5.2423272132873535,5.395467519760132
CCc1cccc(OCCc2cccc(C(=O)O)c2)c1,4.732818603515625,5.875053882598877,5.303936243057251
O=C1c2ccccc2-[n+]2ccccc2CCCCCN1CCCCCCCCCNc1c2c(nc3ccccc13)CCCC2,7.09619140625,4.560877799987793,5.8285346031188965
COc1cc2c(cc1OC)C(=O)C(Oc1ccc(CC(C)N)cc1)N=2,,,
COc1cc2c(=O)oc3cc(OCCCCCCN4CCCCC4)ccc3c2cc1OC,6.495217323303223,5.579105377197266,6.037161350250244
Brc1cc2c3c(cccc3c1)OC(C2)NCCCCCC1CCCCC1,6.850606441497803,5.241260051727295,6.045933246612549
O=C1c2ccccc2C(=O)c2cccc([N+](=O)[O-])c21,4.7993645668029785,5.820765495300293,5.310065031051636
Cc1c(C)c2ccc(OCCCCCCCCCCCNc3c4c(nc5ccccc35)CCCC4)cc2oc1=O,6.956799983978272,5.931881427764893,6.444340705871582
COc1ccccc1C=CC=NNC(=O)c1ccccc1OC,5.7136549949646,5.135720729827881,5.42468786239624
O=C1CCc2ccc(OCCCCCCn3ccnc3)cc2N1,6.18002986907959,6.5772857666015625,6.378657817840576
O=C(CCCCCCCCCCCCCCCCCNc1c2c(nc3cc(=O)ccc13)CCCC2)CCCC1CC1,,,
Oc1occ2ccc(OCCCCCCNc3c4c(nc5ccccc35)CCCC4)cc12,7.275489807128906,5.536603927612305,6.4060468673706055
CCc1cccc(CCCCCCCCCCCCN=C(C)C)c1,6.195052623748779,5.1260600090026855,5.660556316375732
O=C1CCc2ccc(OCCCCCCNc3c4c(nc5ccccc35)CCCC4)cc2N1,7.6467509269714355,5.350108623504639,6.498429775238037
CCc1c2cc3c(c(O)c2O)CCCC3)ccc1OC,,,
CC=CCOC(=O)c1cc2ccccc2oc1=O,5.502199649810791,5.674595355987549,5.58839750289917
CC#CC1(O)CCC2C3CC=C4CC(=O)CCC4=C3C(c3ccc(N(C)C)cc3)CC21C,5.401867866516113,7.634382724761963,6.518125295639038
c1ccc2cc(CNc3ccncn3)ccc2c1,4.0093536376953125,5.6472249031066895,4.828289270401001
CN(CCCCCCCCCBr)CCCCCCNc1c2c(nc3cc(Cl)ccc13)CCCC2,7.485659599304199,4.979100227355957,6.232379913330078
NCc1ccc(C2=NN(c3ccccc3)C(C)=C2)cc1,4.7983174324035645,3.4883744716644287,4.143345952033997
C=CCOc1ccc2ccc(=O)oc2c1,5.295938491821289,7.565648078918457,6.430793285369873
O=C(c1cc2ccc(F)cc2[nH]1)N1CCCCC1,7.251941680908203,5.235223293304443,6.243582487106323
Clc1ccc(CC2CCN(Cc3ccccc3)CC2)cc1,5.373224258422852,2.6923444271087646,4.032784342765808
CN1CCC(c2c[nH]c3cc(C#N)ccc23)CC1,4.1519975662231445,6.0025177001953125,5.0772576332092285
Cc1c(C)c2ccc(OCc3ccc(F)cc3)cc2oc1=O,4.834400653839111,8.764251708984375,6.799326181411743
O=C1C(=O)C(c2ccc(O)cc2O)Oc2cc(O)cc(O)c21,5.552155017852783,4.386703968048096,4.9694294929504395
O=C1C=CC(=CNNC=Cc2ccc(Cl)cc2)C=C1O,3.615716218948364,6.612621784210205,5.114169001579285
COc1ccc2cc(C(=O)COc3ccccc3)oc2c1,6.3534135818481445,5.481001853942871,5.917207717895508
NCC=C(F)COc1ccc(C=CC(=O)c2ccc(Cl)cc2)cc1,3.7202415466308594,6.932693004608154,5.326467275619507
COc1cc2c(cc1OC)C(=O)C(Oc1ccccc1C)C2,7.17366361618042,4.781316757202148,5.977490186691284
O=c1oc2ccccc2cc1COCC=CCOc1cccc(CCCNc2c3c(nc4ccccc24)CCCC3)c1,6.468371391296387,5.3962016105651855,5.932286500930786
Cc1ccc(O)c(C(=O)c2cc3c(=O)n4cccc(C)c4nc3o2)c1,6.17265510559082,4.393502712249756,5.283078908920288
Cc1cc2ccc(OCCCCCNc3c4c(nc5ccccc35)CCCC4)cc2o1,7.394706726074219,5.004298210144043,6.199502468109131
O=C1C=CC(=O)CC1=Cc1ccc(OCCC[n+]2ccc(CCN3CCCCC3)cc2)cc1,5.7652692794799805,5.4163594245910645,5.5908143520355225
CCOC(=O)c1ccc(COc2ccc(C3=NN(CCCCOc4ccc([N+](=O)[O-])cc4)C(=O)CC3)cc2)o1,6.179434299468994,6.839406967163086,6.50942063331604
CCCC(=O)OCC(=O)NC(=O)C1=COCCO1,3.32002854347229,5.544536590576172,4.432282567024231
CC(C)CC(=O)Nc1ccc2c(c1)C(=O)c1ccccc1C2=O,4.9635162353515625,5.682843208312988,5.323179721832275
COc1cc2c(C(=O)c3ccccc3)oc(O)c2cc1OC,6.297353744506836,4.5853271484375,5.441340446472168
O=Cc1ccoc1-c1cc(OCCCCCNc2c3c(nc4ccccc24)CCCC3)on1,7.349518299102783,5.289976119995117,6.31974720954895
Cc1cccc(COc2ccc(-c3nn(CCCCCN4CCN(c5ccccc5)CC4)c4ncccc34)cc2)c1,5.929956436157227,5.081993579864502,5.505975008010864
O=C(O)CCCCCCCCCCNc1c2c(nc3ccccc13)CCCC2,7.363063335418701,4.887053966522217,6.125058650970459
Cc1cccc(C)c1NC(=O)c1cnc(C#Cc2ccccc2)s1,5.607443332672119,5.648720264434815,5.628081798553467
O=c1c2ccccc2oc2c([N+](=O)[O-])ccc([N+](=O)[O-])c12,5.5529303550720215,4.3554368019104,4.954183578491211
CC(=NNC1=NC(=O)C(C)=C1)c1cccc(Oc2ccccc2)c1,6.486004829406738,4.926418781280518,5.706211805343628
COc1cc(C=CC=CC=Cc2ccco2)cc(OC)c1OC,5.049699783325195,5.2514753341674805,5.150587558746338
N#Cc1ccc(-c2cnc3ccc(OCC4CCN(Cc5ccccc5)CC4)cc3c2)cc1,4.985243797302246,5.418047904968262,5.201645851135254
O=C1C(=O)C(c2ccc(O)c(O)c2)Oc2cc(O)cc(O)c21,5.846800804138184,4.774688243865967,5.310744524002075
Fc1ccc(C2CC(c3c4ccccc4cc4ccccc34)=NN2)cc1,6.992987632751465,8.254764556884766,7.623876094818115
Cc1coc2cc3oc(=O)c(Cl)cc3cc12,5.1960859298706055,6.198490142822266,5.6972880363464355
O=c1ccoc2ccc(OCc3cccc(Cl)c3)cc12,3.992715835571289,7.384788513183594,5.688752174377441
CN(C)CCCCCCCCCC=Cc1ccc2c(c1)OCO2,4.7845778465271,5.528356075286865,5.156466960906982
CCNC(=O)C=Cc1cc2ccc(OCc3ccccc3)cc2[nH]c1=O,4.623569488525391,6.662857055664063,5.643213272094727
CC(C)c1ccc(C=C2C(=O)ON=C2C)cc1,4.889204502105713,5.742390155792236,5.315797328948975
O=[N+]([O-])c1ccc2ccc(C=CCCN3CCCC3)cc2c1,5.203214645385742,5.891482353210449,5.547348499298096
CC(NC1CCCC1)c1cccc(OCC(=O)N2CCCCC2)c1,5.251522541046143,4.832521438598633,5.042021989822388
CC(C)OCCCNC(=O)C=Cc1ccc2c(c1)OCO2,4.4687819480896,5.605664253234863,5.0372231006622314
CC(C)=CC=C1CCC2C(C)CCCC2(C)C1O,4.268840312957764,5.520406723022461,4.894623517990112
O=C(CCCCCNc1c2c(nc3cc(Cl)ccc13)CCCC2)NCCCCCCCCCCNc1c2c(nc3cc(Cl)ccc13)CCCC2,9.662389755249023,4.695939064025879,7.179164409637451
CC(C)=CCN(C)C=CC1CCC(=O)Nc2cc(C)ccc21,4.810630798339844,4.464473724365234,4.637552261352539
Cc1ccccc1C=CC=Cc1ccc2c(c1)OCO2,4.787669658660889,6.6068434715271,5.697256565093994
CC(c1cccnc1)N1CCc2onc(-c3ccccc3F)c2C1,5.791216373443604,5.4971418380737305,5.644179105758667
CC1=Nc2ccnn2C(c2ccc(Cl)cc2)C1C(=O)N1CCCC1,7.081520080566406,6.078332901000977,6.579926490783691
Fc1ccc(-c2coc3ncnc(NCCCCCCCCNc4c5c(nc6ccccc46)CCCC5)c23)cc1,7.388028621673584,5.432034015655518,6.410031318664551
Cc1c(O)c2ccc(OCCCCCCCNc3c4c(nc5ccccc35)CCCC4)cc2oc1=O,7.356377124786377,5.515782833099365,6.436079978942871
COCc1cccc(CC2CCN(C3CCOCC3)CC2)c1,4.641221046447754,4.308614253997803,4.474917650222778
c1ccc(COc2ccc(OCCCCN3CCCCC3)cc2)cc1,5.031184196472168,5.380216121673584,5.205700159072876
O=C1CC(Cc2ccccc2)Oc2cc(OCc3ccccc3)ccc21,5.377416610717773,5.672307014465332,5.524861812591553
Brc1ccc2oc(OCCCCCNc3c4c(nc5ccccc35)CCCC4)cc2c1,7.356209754943848,4.97835636138916,6.167283058166504
COc1cc2c(C=C3CCCCC3N)ncnc2cc1OCCC1CCNCC1,4.747637748718262,4.961544990539551,4.854591369628906
CCCCNC(C)C1CCCc2cc(OC)ccc21,4.411579132080078,4.444482803344727,4.428030967712402
CCCc1c2c(nc3cc(C)ccc13)CCCC2,6.180637359619141,4.310585498809815,5.2456114292144775
Cc1ccc(-c2coc3cc(O)cc(Cl)c3c2=O)cc1,4.575983047485352,5.741183757781982,5.158583402633667
COc1cc(C=CC=C(C#N)c2ccc(OC)c(OC)c2)ccc1O,5.059200763702393,4.806114196777344,4.932657480239868
CN=C1CCc2c1oc1ccc(OCCOCCOC)cc21,4.508430480957031,6.615859508514404,5.562144994735718
CCN(CCCOc1ccc2c(=O)c3ccccc3oc2c1)C(C)C,5.274712085723877,5.58971118927002,5.432211637496948
C=C1C=C(N2CCOCC2)Cc2ccccc21,4.914342880249023,5.652751445770264,5.2835471630096436
O=C(CCc1c[nH]c2ccccc12)NC1CCCCC1,4.823622703552246,4.6070404052734375,4.715331554412842
CCCCCOc1ccc(C(=O)ON=C(C)c2cccs2)cc1,5.374784469604492,6.58781099319458,5.981297731399536
COc1cc2c(cc1OC)C(=O)C(Oc1ccc(C)cc1)C2,6.670110702514648,4.894330978393555,5.782220840454102
Cc1c(C)c2ccc(OCc3cccc(Cl)c3)cc2oc1=O,4.627585887908936,8.784088134765625,6.70583701133728
O=C1Oc2ccc([N+](=O)[O-])cc2C1=O,4.78037166595459,5.759935855865479,5.270153760910034
C=C(C)CNc1cc2c3c(cccc3c1)CCC2,5.626049995422363,6.134819030761719,5.880434513092041
O=Cc1coc2ccc(OCc3cccc(Cl)c3)cc2c1=O,4.465744972229004,7.629443645477295,6.047594308853149
O=C1NC(=O)C(=Cc2ccc(OCc3ccccc3Cl)cc2)C(=O)N1,4.847960948944092,6.784512996673584,5.816236972808838
CC(C)=CC=CC(=O)c1cc(CCCCCc2ccccc2)oc1=O,,,
CC1=CC(=C2C(=O)NN=C2C)C=Cc2cc(OCCCCCNc3c4c(nc5cc(Cl)ccc35)CCCC4)ccc21,7.62119197845459,6.201990127563477,6.911591053009033
O=C(C=CC=C1CCCC2=NOC(=O)C2CCCCC2)N1CCc1ccccc1Cl,,,
COc1ccc(C=C2CCc3c(cc(OC)c(O)c3C)O2)cc1,5.456464767456055,5.578547477722168,5.517506122589111
COc1cc2c(cc1OC)CCCC2=O,6.141354084014893,4.785282135009766,5.463318109512329
NCCCCCCCCCCCNC(=O)c1cc2ccoc2[nH]1,6.392070293426514,5.997815132141113,6.1949427127838135
c1ccc(Cc2nc3ccccc3nc2NCCCCCCCCNc2c3c(nc4ccccc24)CCCC3)cc1,7.338561058044434,3.822685718536377,5.580623388290405
Clc1ccc2c(c1)CCc1cncs12,,,
O=C1Cc2ccsc2C(O)C1O,4.6344499588012695,5.237954616546631,4.93620228767395
O=C1CCc2cc(OCc3cccc(F)c3)ccc21,4.879889965057373,8.104242324829102,6.492066144943237
O=C1CCc2ccc(OCc3ccc(Cl)c(Cl)c3)cc2N1,3.685781955718994,7.47552490234375,5.580653429031372
CC(=NNc1nc(-c2ccc(F)cc2F)cs1)c1cccnc1,5.621513843536377,7.063533306121826,6.342523574829102
CCOc1cc2c(cc1OC)C(=O)C(Oc1ccc(Br)cc1)C2,6.607004165649414,5.149697780609131,5.8783509731292725
CC(=NNc1nc(-c2ccc(F)cc2)cs1)c1ccccc1,5.66182279586792,6.049778461456299,5.855800628662109
CC(C)=CCOC(=O)c1ccc2cc(OCCCCCCCNc3c4c(nc5ccccc35)CCCC4)ccc2c1,6.448864936828613,5.191469669342041,5.820167303085327
O=C1Cc2cc(OCCOc3ccccc3)ccc21,5.457666873931885,6.986120223999023,6.221893548965454
O=c1cc(CC2CCCCC2)oc2c1ccc1ccccc12,5.429839134216309,4.248394966125488,4.839117050170898
O=c1nc(O)c2oc3ccccc3c2n1,,,
O=C(O)c1cccc(-c2coc3cc(OCc4ccccc4)ccc3c2=O)c1,5.245540618896484,6.799253463745117,6.022397041320801
-c1ccc2oc(O)c(-c3ccc(OCCCCCN4CCCCC4)cc3)c2c1,,,
CC=CCNC(=O)OC(CNC(=O)C=Cc1ccccc1)C(C)C,4.907861709594727,4.819286823272705,4.863574266433716
N#Cc1ccc(CC(=NO)C(=O)NCC2CCCCC2)cc1,4.698174476623535,4.560111045837402,4.629142761230469
CC1=NC(=O)CC(c2ccc(C(F)(F)F)cc2)C1C(=O)NCCCNc1c2c(nc3ccccc13)CCCC2,6.179669380187988,5.732860565185547,5.956264972686768
c1ccc(-c2csc(NN=CC3CCCCC3)n2)cc1,4.865209579467773,5.742565631866455,5.303887605667114
O=C1NCCc2c(-c3ccccc3)[nH]c3cccc1c23,5.965856075286865,5.590069770812988,5.777962923049927
COc1cc(-c2ccc3c(c2)C(=O)c2ccccc2S3(=O)=O)cc(OC)c1OC,6.136549472808838,6.033675193786621,6.0851123332977295
O=C1CCc2ccc(OCCCCCNc3c4c(nc5ccccc35)CCCC4)cc2N1,7.586210250854492,5.279542446136475,6.432876348495483
O=C1CCc2cc(OCCCCCCNc3c4c(nc5ccccc35)CCCC4)ccc2N1,7.614392280578613,5.364870548248291,6.489631414413452
CC1CC=CCC=CCC=CCC=CC=CCC=CCC=CC(O)OCCCOc2cccc([N+](=O)[O-])c2)O1,,,
O=Nc1c2c(nc3cc(Cl)ccc13)CCCC2,6.48386287689209,4.297244071960449,5.3905534744262695
c1coc(CNC2CCC3(C2)OCCO3)c1,4.486506462097168,5.370374202728272,4.92844033241272
O=[N+]([O-])c1cc2ccccc2cc1O,4.851841926574707,6.428506851196289,5.640174388885498
COc1cc2c(cc1OC)CC(CC1CCN(Cc3ccc(Cl)cc3)CC1)O2,6.317697048187256,4.068517684936523,5.19310736656189
N#Cc1ccc(C=Cc2cc[n+](CCCCCCCCNc3c4c(nc5ccccc35)CCCC4)o2)cc1,7.702692985534668,4.959456443786621,6.3310747146606445
CN(C)C1CCCC1NC(=O)C(CO)c1cccc(Cl)c1,4.356400966644287,4.0382161140441895,4.197308540344238
CCNCC#Cc1ccc(OCc2cccc(Cl)c2)cc1,4.020407676696777,6.384570598602295,5.202489137649536
Cc1cccc(OCc2nc3ccccc3n2CCCCCCCNc2c3c(nc4ccccc24)CCCC3)c1,7.425106048583984,4.603845596313477,6.0144758224487305
CSc1cccc(COc2ccc3oc(C)c(C)c3c2)c1,5.122930526733398,7.324251174926758,6.223590850830078
CN=C1CCc2cc(OCc3cccc(Cl)c3)ccc21,4.751196384429932,7.496015548706055,6.123605966567993
CC(=Nc1ccc(C2COc3ccccc3C2=O)cc1)c1ccccc1,6.290143966674805,5.294206619262695,5.79217529296875
C#CCCCCOc1ccc2c(C)cc(=O)oc2c1,3.8400766849517822,7.851490020751953,5.845783352851868
C#CCN(C)C1CCc2ccc(O)cc21,3.307288646697998,6.375480651855469,4.841384649276733
Cc1ccc(C#Cc2ccccc2OCC=CCCCCNc2c3c(nc4ccccc24)CCCC3)cc1,6.087236404418945,5.029064178466797,5.558150291442871
O=c1ccoc2ccc(OCc3cccc(F)c3)cc12,4.322712421417236,7.554745674133301,5.9387290477752686
Cc1cccc(NC(=O)Nc2ccc(Cl)cc2Cl)c1,4.62759256362915,4.8435235023498535,4.735558032989502
Cc1ccc2c(c1)C1OCCC1C(=NOc1cccc(C(=O)N3CCOCC3)c1)O2,6.204128265380859,5.246338367462158,5.725233316421509
O=C1c2ccccc2-c2n[nH]c3cccc1c23,4.932783126831055,5.525638580322266,5.22921085357666
CC(=O)c1cc2c(cc1O)C(=O)CCC2,6.29677152633667,5.04909610748291,5.67293381690979
COc1cccc2c1C(=O)c1c(O)c3c(c(O)c1C2=O)CC(O)(C(O)C=O)CC3OC1CC(O)C(O)C(C)O1,6.538552284240723,3.966145038604736,5.2523486614227295
CNC(=O)Oc1cccc(CN(C)CCCCCCOc2ccc3c(c2)CCC3)c1,7.764143943786621,5.178848743438721,6.471496343612671
CC=CCCC=CCC=CCC=CCCCCCCOP(=O)(O)Oc1ccccc1OC,5.487668514251709,5.170498371124268,5.329083442687988
CC(C)COC1CCN(CCOc2ccc(C(=O)CCCN3CCCCC3)c3ccccc23)CC1,6.210751533508301,4.4242095947265625,5.317480564117432
CNC(=O)c1ccccc1Oc1ccc(C2OCC(=O)O2)cc1,8.037353515625,5.283402442932129,6.6603779792785645
Cc1c2cc(CO)ccc2n1CC=Cc1ccccc1,,,
Cc1c2c3c(c(=O)oc2c(C)c2ccoc12)CCCC3,5.804981231689453,4.477693557739258,5.1413373947143555
CC(NCN1CCCC1)C(=O)OC1(C)COC1,5.25157356262207,4.96372652053833,5.1076500415802
O=C1c2ccccc2-c2nc3nnnn3nc21,4.122465133666992,3.952200412750244,4.037332773208618
COc1cc2c(cc1OC)CC1CCCCO1,,,
Clc1ccc(C=C2CCN3CCC2C3)cc1,5.020242214202881,5.000824451446533,5.010533332824707
Brc1ccc2c3c(cccc13)N2,6.0517096519470215,6.590175151824951,6.320942401885986
CCN(CCCOc1ccc2c(=O)c3ccccc3oc2c1)Cc1cccc(OC)c1,5.794665336608887,5.078967094421387,5.436816215515137
COc1ccccc1CNC1CCCc2ccccc21,4.264866828918457,4.018896579742432,4.141881704330444
c1ccc(COn2nncc2-c2ccccc2OCCCCNc2c3c(nc4ccccc24)CCCC3)cc1,6.092425346374512,4.9155755043029785,5.504000425338745
COc1ccc(C=CC=Cc2ccccc2)cc1,4.025561332702637,5.908395767211914,4.966978549957275
Cc1ccc(N=C2CC(=O)c3sc(C)nc3C2=O)cc1,5.841367721557617,5.803250312805176,5.8223090171813965
CCN=C1CC(=O)Oc2cc(OCc3ccccc3)ccc21,6.196813106536865,6.559105396270752,6.377959251403809
Clc1ccc(CO=C2CCOCC2)cc1,,,
CN(C)CCCNC(=O)C=Cc1ccc(Cl)cc1,3.9100594520568848,4.312648296356201,4.111353874206543
CCC1=NN(Cc2ccc(F)cc2)C(=O)C1=Cc1cc2ccccc2[nH]1,6.5725603103637695,6.005068302154541,6.288814306259155
CCC1=CC2Cc3nc4cc(Cl)ccc4c(NCCCCNC(=O)CCCCCCCOc4ccc(O)c5c4OCCC5)c3C(C1)C2,8.13433837890625,5.061515331268311,6.59792685508728
c1ccc(CCCc2n[nH]c(-c3ccccc3)n2)cc1,4.271132946014404,4.34331750869751,4.307225227355957
CC(=Cc1ccc(OCCCCCCCCCCCCCNc2c3c(nc4ccccc24)CCCC3)cc1)C(=O)O,6.204207420349121,5.678706169128418,5.9414567947387695
CCN1CCC(COc2ccc(C3=NOC(CCN4CCCCC4)CN3)cc2)CC1,5.856810569763184,4.565079689025879,5.210945129394531
O=c1c2ccccc2oc2cc3c(O)cccc3cc12,5.047464370727539,5.363384246826172,5.2054243087768555
Cc1cnc2ccc(OCCCCN3CCCCC3)cc2c1,5.917464733123779,5.373267650604248,5.645366191864014
O=C1c2ccccc2-c2nnc3ccccc3c21,4.671916961669922,4.550271511077881,4.611094236373901
Oc1ccoc1CNCc1ccccc1,4.28226375579834,3.3984618186950684,3.840362787246704
O=c1cc(-c2ccc(O)c(O)c2)oc2cc(OCc3ccccc3)ccc12,4.974600315093994,5.85392427444458,5.414262294769287
CC(C)N(C)CCCCCCCCCCNC(=O)Oc1ccccc1,7.537240028381348,5.393420219421387,6.465330123901367
CC(=NNc1nc(-c2ccccc2)cs1)c1cccs1,5.310489654541016,5.59222412109375,5.451356887817383
CC(=O)Oc1ccc2c(=O)c(-c3ccccc3)coc2c1,6.513663768768311,5.150580883026123,5.832122325897217
CCc1c2c3c(c(=O)oc2cc2oc(O)cc12)CCC3,6.163008689880371,3.9426910877227774,5.052849888801575
Cc1c2c(n3c1CCN(C)CCC3)CCC2=O,6.076461791992188,4.330661296844482,5.203561544418335
C#CCN1CCC(CCOc2ccc(Cl)cc2)CC1,5.3455119132995605,5.646244049072266,5.495877981185913
CCOC(=O)c1[nH]c2ccc(OC)cc2c1CCCC2=O,,,
c1ccc(Nc2nc(-c3ccc4[nH]ccc4c3)cs2)cc1,5.29138708114624,5.511054039001465,5.4012205600738525
O=C(NCCO)c1ccccc1Oc1ccccc1Cl,6.894071578979492,5.536341667175293,6.215206623077393
O=C1CCc2ccc(OCCCCCNc3c4c(nc5cc(Cl)ccc35)CCCC4)cc2N1,8.032442092895508,5.358536720275879,6.695489406585693
C#CCN(C)C(C)Cc1cccc(OCCCCCCCCCCCNc2c3c(nc4ccccc24)CCCC3)c1,5.998249053955078,5.853368759155273,5.925808906555176
OC1CCC(Cc2ccccc2)CC1,5.01255464553833,3.323701858520508,4.168128252029419
CNC(=O)c1ccccc1Nc1cc(OC)ccc1OC,6.476376056671143,4.568705081939697,5.52254056930542
O=c1oc2ccccc2cc1OCOc1ccc2c(c1)OCCO2,5.988687992095947,5.810122489929199,5.899405241012573
O=C1c2ccccc2C(=O)N1CCOc1ccccc1,6.002133369445801,5.891824245452881,5.946978807449341
Cc1c2c3c(c4c(ccc(O)c41)CCCC3)CCCCC2CCCC1NCCCCCCCCCNCCCCN=C1CCCCC1,,,
CCOC(=O)c1cc2c(=O)n3ccccc3nc2n(C)c1=O,5.721365451812744,3.932744026184082,4.827054738998413
CC1=CC=CC1=NNc1ccc(C(=O)O)cc1,5.047595024108887,5.318508148193359,5.183051586151123
CN(C)C1CC(=O)C(Oc2ccccc2)C1,6.037820339202881,4.058140754699707,5.047980546951294
CC(NC1CCCC1)c1ccc2c(c1O)CC(c1ccccc1)N2,5.230527877807617,5.643388748168945,5.436958312988281
C#CCOc1cc2c(OCCCCC3CCN(Cc4ccccc4)CC3)noc2cc1OC,6.3150482177734375,5.9735260009765625,6.144287109375
FC(F)(F)c1ccc2c(c1)CCN2Cc1ccccc1,5.447253227233887,5.721983909606934,5.58461856842041
N#Cc1ccc2c(c1)C1CCCCC1C(=NN)O2,5.229094505310059,7.181088924407959,6.205091714859009
CN(C)c1cccc2c(S(=O)(=O)N(CCN)c3cncc(C(=O)NCCCCCCN4CCOCC4)c3)cccc12,5.853033542633057,5.113762855529785,5.483398199081421
O=C(CCc1c[nH]c2ccccc12)NCc1ccccc1,4.398913383483887,4.880278587341309,4.639595985412598
O=[N+]([O-])c1ccc(-c2csc3ccccc23)cc1,4.791370391845703,5.663913726806641,5.227642059326172
Nc1ccc2oc(=O)c(CCc3ccc(Cl)cc3)cc2c1,4.709682941436768,6.496626377105713,5.60315465927124
N#Cc1ccc(C(=O)Nc2nc3cc(Cl)ccc3s2)cc1,6.043103694915772,5.617792129516602,5.8304479122161865
CCOC(=O)NC1CCC2(O)C3Cc4ccc(O)cc4C2(CCN3CC2CC2)C1,5.613266468048096,5.230575084686279,5.4219207763671875
COc1cc(=O)oc2c(C)c(OCCCCCCCCCNc3c4c(nc5ccccc35)CCCC4)ccc12,7.300241470336914,5.291999340057373,6.2961204051971436
O=C(C=Cc1ccccc1)NC1CCCCC1,3.6123199462890634,5.228185176849365,4.420252561569214
CCCCCCCCNCCCCCCCCCCNCCCCCCCNCc1ccccc1O,5.676300525665283,4.551313877105713,5.113807201385498
Oc1cccc(C2=CCCCOc3ccccc32)c1,3.795775890350342,5.115830898284912,4.455803394317627
c1ccc2c(NCCCCCCCCCCNc3c4c(nc5ccccc35)CCCC4)c3c(nc2c1)CCCC3,8.496589660644531,4.196081161499023,6.346335411071777
COc1cccc(CCc2cc3c(O)nc(C)nc3cc2[N+](=O)[O-])c1,5.026595592498779,6.577369689941406,5.801982641220093
c1ccc2c(c1)ccc1oc(N3CCOCC3)nc12,5.233040809631348,5.184633255004883,5.208837032318115
C=CCOc1ccc2ccc3ccc(=O)oc3c2c1,4.879610061645508,7.564841270446777,6.222225666046143
c1ccc2cnn(CCCCCCCCN3C4CCC3c3ccccc3-4)c2c1,5.7783708572387695,5.446107387542725,5.612239122390747
O=C1C=CC(=C=CC=Cc2ccccc2)C=C1OCCCN=C(O)CO,4.756159782409668,7.23302412033081,5.994591951370239
c1ccc(-c2cccc(Nc3nccc(-c4ccno4)n3)c2)cc1,4.816972255706787,5.477052211761475,5.147012233734131
Oc1occ2cc(OCCCCCCNc3c4c(nc5ccccc35)CCCC4)ccc12,7.282286167144775,5.5567498207092285,6.419517993927002
c1ccc(C2=NN=C(NC3CCCCC3)SC2)cc1,5.43778657913208,5.951868057250977,5.694827318191528
CCOc1ccc2c(=O)c3cc(OCCc4ccccc4)ccc3oc2c1,5.394062519073486,6.12769889831543,5.760880708694458
O=C1OC(c2ccc(OCC3CC3)cc2)(c2ccc(OCCCC3CCN(Cc4ccccc4)CC3)cc2)C2=CCCCC12,6.485765933990479,5.838403701782227,6.1620848178863525
O=S1(=O)c2ccc(C=CC=Cc3ccc(Cl)cc3)cc2OC1c1ccc(F)cc1,5.397104740142822,6.539271354675293,5.968188047409058
CC(=NNc1nc(-c2ccc(OCCCCOc3ccc(C#N)cc3)cc2)cs1)c1ccccc1,5.5976176261901855,6.63133716583252,6.1144773960113525
O=C1c2ccccc2-c2nnc(-c3cccc([N+](=O)[O-])c3)cc21,5.311034202575684,5.836466312408447,5.573750257492065
O=C1c2ccccc2-c2nc3nnnn3nc21,4.122465133666992,3.952200412750244,4.037332773208618
O=C(C=Cc1cccs1)N1CCOCC1,5.0316081047058105,6.481262683868408,5.756435394287109
O=C(OCC#CCSc1nnc(-c2cccc3ccccc23)o1)c1ccco1,5.656229496002197,5.96543025970459,5.8108298778533936
C#CCOc1ccc2ccc(=O)oc2c1,3.597286939620972,7.650431632995605,5.623859286308289
CN(C)c1ccc(CCCCCCCCCCCCN=Cc2cccc([N+](=O)[O-])c2)cc1,5.620841026306152,5.523837089538574,5.572339057922363
O=Cc1coc2ccc(OCc3cccc(F)c3)cc2c1=O,4.686906814575195,7.660820960998535,6.173863887786865
CCOC(=O)c1cc2cc(OCCCC3CCN(Cc4ccc(OC)cc4)CC3)ccc2oc1=O,6.367752552032471,5.32220983505249,5.8449811935424805
CN(C)CCCCCCCCCCCCCCNc1c2c(nc3ccccc13)CCCC2,6.877433776855469,4.477390766143799,5.677412271499634
CCCc1cc(OCC)cc2c1OC(=O)C2=NOC,4.028887271881104,4.955972194671631,4.492429733276367
O=C(C=Cc1ccco1)Nc1ccccc1Cl,4.453169822692871,6.054521560668945,5.253845691680908
Cc1cc(C2CCC3CN(C)CC3OC2=O)on1,4.612671852111816,5.756759166717529,5.184715509414673
COc1cc2c(cc1OC)C(=O)C(Oc1ccc(C(=O)C3CC3)cc1)C2,6.8260498046875,4.850444316864014,5.838247060775757
COc1ccc(C=Cc2cc3cccc(C)c3nc2O)cc1,4.776437282562256,6.451007843017578,5.613722562789917
CC(=O)c1ccc2c(c1)C(=O)oc1c3ccccc3ccc12,5.594225883483887,6.294154644012451,5.944190263748169
COc1cc2c(cc1OC)C(=O)C(Oc1ccccc1)C2,7.33225154876709,4.46682071685791,5.8995361328125
NCCOc1ccc2c(c1)C(=O)c1ccc(C(=O)CCl)cc1S2(=O)=O,5.060115337371826,6.75377368927002,5.906944513320923
O=C1c2sccc2C(=O)c2ccccc21,4.715348243713379,5.3350934982299805,5.02522087097168
COc1ccc2oc(=O)c(-c3ccc4ccccc4c3)cc2c1,4.979762077331543,7.204000949859619,6.091881513595581
O=C(CCc1c[nH]c2ccccc12)NCCCCCCCCCCNc1c2c(nc3cc(Cl)ccc13)CCCC2,8.655034065246582,4.874330043792725,6.764682054519653
COc1ccc(C(=O)C=Cc2ccc(OCCCCCCCCCNc3c4c(nc5cc(Cl)ccc35)CCCC4)cc2)cc1,6.474573612213135,5.469917297363281,5.972245454788208
O=C1c2ccccc2OCC1CCN1CCCCc2cc(OCc3ccc(F)cc3)ccc21,5.318674564361572,6.327298641204834,5.822986602783203
CCCCCCN(CCCCCCC)CCCCNCC=CCCCCCCCNCCC,5.577307224273682,4.2409348487854,4.909121036529541
FC(F)(F)Oc1ccc2c(c1)OC(CCO2)C1CCCNC1,5.063491344451904,5.920776844024658,5.492134094238281
O=[N+]([O-])c1ccccc1C=CCNNCCO,3.616952419281006,4.993985652923584,4.305469036102295
CC(=O)Nc1cc2cc(OCCCCCCCCNc3c4c(nc5ccccc35)CCCC4)ccc2oc1=O,7.385173797607422,5.493566513061523,6.439370155334473
COc1cc2oc3ccc(OCc4ccccc4)cc3c(=O)c2cc1OC,5.869674205780029,6.1910481452941895,6.030361175537109
O=c1cc[nH]c2cc(OCCCCN3CCC(c4ccccc4)CC3)ccc12,5.118265628814697,5.273240566253662,5.19575309753418
Nc1ccc2cc(CCCCCCCCCCCCCCNc3c4c(nc5ccccc35)CCCC4)ccc2c1,7.430424213409424,4.783107280731201,6.1067657470703125
CCOCCCNC(=O)c1cc2ccccc2oc1=O,7.919996738433838,5.946369171142578,6.933182954788208
CCOC(=O)c1cn2cc(C#N)ccc2n1,5.065932750701904,4.929490089416504,4.997711420059204
NC1CCCC1COc1cncc(CCCCCCNc2c3c(nc4ccccc24)CCCC3)c1,7.230186462402344,4.28865909576416,5.759422779083252
COc1cc2c(cc1OC)CCCC2=NOCCCCCCCCN,4.601419448852539,5.534337997436523,5.067878723144531
Cc1ccc2c3c(ccc(O)c3n1)CCCC2,,,
CCOc1c2c(c(OCC)c3ccccc13)C(=O)O2,5.995127201080322,4.094967365264893,5.045047283172607
FC(F)(F)c1ccc2c(c1)C(=C1CCNC1)CC2,5.113993644714356,6.373953819274902,5.743973731994629
CNS(=O)(=O)c1ccc(C=Cc2ccccc2F)cc1,5.536053657531738,5.500198841094971,5.5181262493133545
O=c1ccoc2ccc(OCc3ccc(Cl)cc3)cc12,3.9864964485168457,7.444510459899902,5.715503454208374
CCCNCC1COc2ccccc2O1,4.640093326568604,4.243046760559082,4.441570043563843
O=C1c2ccccc2-c2nnc(-c3ccccc3)cc21,4.993725776672363,5.196288108825684,5.095006942749023
COc1ccc(C(=O)Nc2sc3c(c2C(=O)O)CCCC3)cc1OC,6.730370044708252,4.516066074371338,5.623218059539795
CCN(CCC#N)C(=O)c1cc2ccccc2oc1=O,5.614874839782715,4.934033393859863,5.274454116821289
COc1cc2c(cc1OC)C(=O)C(Oc1ccc(CCCN)cc1)C2,6.110992908477783,4.84066104888916,5.475826978683472
NCCCCCCCCCCCNc1c2c(nc3ccccc13)CCCC2,6.363132953643799,4.707326412200928,5.535229682922363
CN(C)CCOCCOc1ccc2ccc3ccccc3c2c1,3.2089645862579346,6.027547359466553,4.618255972862244
O=C1CCc2ccc(OCCCCCNc3c4c(nc5ccccc35)CCCC4)cc2N1,7.586210250854492,5.279542446136475,6.432876348495483
CC(=NO)c1cccc(OC(=O)c2cccc(Br)c2)c1,4.503240585327148,5.519496440887451,5.0113685131073
CCCc1cc2c(nc3ccccc13)CCC2=NOCCCCCCCNCCO,,,
O=C1c2ccccc2-c2nnc3ccccc3c21,4.671916961669922,4.550271511077881,4.611094236373901
O=C(c1cc2ccccc2oc1=O)N1CCC2(CC1)OCCO2,6.663782119750977,4.386218547821045,5.525000333786011
C#CCN(C)Cc1cc2cc(OCc3ccccc3)ccc2n1C,4.428907871246338,7.657023429870605,6.042965650558472
Cc1ccc(-c2cc(=O)c3cc(F)ccc3o2)cc1,4.640548706054688,5.8914971351623535,5.2660229206085205
CC#CCN(C)Cc1cc2cc(OC)ccc2n1C,5.165338039398193,6.368481636047363,5.766909837722778
N#CC=CC1=C(N)Cc2ccccc2S1,5.374078273773193,5.427741527557373,5.400909900665283
Clc1ccccc1CSc1nnc(-c2ccc3c(c2)OCCO3)o1,6.474860191345215,6.258942604064941,6.366901397705078
CN=C(O)COc1ccc2ccc(=O)oc2c1C,4.641157627105713,5.9442291259765625,5.292693376541138
CC(=O)OCC1OC(Oc2cc(O)c3c(=O)occ3c2)C(OC(C)=O)C(OC(C)=O)C1OC(C)=O,,,
CN(C)CCCCCCCCCCCNCCCCCCCNCCCCCCNCc1ccccc1,5.600641250610352,3.8441123962402335,4.722376823425293
COc1cc2c(cc1OC)C(=O)C(CC=Cc1ccc(OC)cc1)C2,6.405725002288818,4.711948871612549,5.558836936950684
COc1cc2c(cc1OC)C(=O)C(Oc1ccccc1)C2,7.33225154876709,4.46682071685791,5.8995361328125
Cc1c(C(=O)NC2CCCCC2)oc2c(C)c(F)ccc12,5.587413311004639,5.020808696746826,5.304111003875732
O=C(CCCCCCCCNc1c2c(nc3cc(Cl)ccc13)CCCC2)NCCc1c[nH]c2ccccc12,8.90719985961914,4.77202033996582,6.8396100997924805
Cc1cccc(C=C2CC(CN3CCOCC3)OC2=O)c1,4.513410568237305,4.80307149887085,4.658241033554077
CN=C1CCCc2cc(OCc3ccc(Cl)cc3)ccc21,4.395869255065918,7.021662712097168,5.708765983581543
CC(=O)c1cccc(C#Cc2cc3c(cc2Br)OCCC3)c1,4.608180046081543,5.899187088012695,5.253683567047119
N#CCCCCn1ccc2cc(OCc3ccccc3)ccc21,4.245834827423096,6.610822677612305,5.4283287525177
Cc1cccc2c1OC(=O)C2=NNc1ccc(S(=O)(=O)N2CCCCC2)cc1,5.985466480255127,5.161787033081055,5.573626756668091
C#Cc1cccc(C2CC3CCC(C2=O)N3C)c1,5.049710273742676,7.603526592254639,6.326618432998657
COc1cccc(NC(=O)c2ccc3c(c2)CCCCC3=O)c1,5.417395114898682,5.774606227874756,5.596000671386719
Cc1cccc2sc(NCc3cccnc3)nc12,5.252915859222412,5.035931587219238,5.144423723220825
Clc1ccc(C2CCN3CCCC3c3ccccc32)cc1Cl,4.187309741973877,6.333758354187012,5.260534048080444
c1ccc2c(c1)oc1ccccc12,3.66455078125,3.7693495750427246,3.7169501781463623
O=Nc1c(O)nc2ccc(Cl)cc2c1O,5.729008197784424,4.588464260101318,5.158736228942871
O=C1c2ccccc2CCC1CN=C1CCCCC1,5.706028938293457,5.342968463897705,5.524498701095581
N#CCCSc1nccc2ccc(OCCCCCCCNc3c4c(nc5ccccc35)CCCC4)cc12,6.334744930267334,5.476670742034912,5.905707836151123
CN(C)Cc1cc(=O)oc2cc(OCCCCCCCNc3c4c(nc5ccccc35)CCCC4)ccc12,6.943904399871826,4.821071624755859,5.882488012313843
CC(=O)NCCCCCCCCCNc1c2c(nc3ccccc13)CCCC2,7.84523344039917,4.524628639221191,6.184931039810181
CC(=O)OCC1OC(Oc2c3c(nc4ccccc24)CCCC3)CC2OCCC21,5.307944297790527,4.639770030975342,4.973857164382935
O=C1c2ccccc2OC(COc2ccc3[nH]c(O)cc3c2)C1O,5.617763042449951,5.186954021453857,5.402358531951904
O=C(COc1ccc(F)cc1)ON=C1CCCCC1,4.962671756744385,6.670130252838135,5.81640100479126
COc1ccc2c(c1)C(=Cc1ccccc1)C(=O)N2C,5.53717565536499,6.3582763671875,5.947726011276245
O=C(CCl)c1cc2ccccc2cc1O,4.6280131340026855,6.772076606750488,5.700044870376587
O=C1c2ccccc2OC(=O)C1Br,9.76836395263672,4.546874523162842,7.157619237899781
CNC(=O)COc1ccc2c(C)cc(=O)oc2c1,6.487966060638428,6.197117805480957,6.342541933059692
C#CCN(C)Cc1coc2cc(OCc3cccc(Cl)c3)ccc12,3.7913742065429688,7.6307501792907715,5.71106219291687
C#CCN(C)Cc1cc2cc(OCCC3CCCC3)ccc2n1C,5.812775611877441,6.590487957000732,6.201631784439087
O=c1ccoc2cc(OCCCCN3CCCCC3)ccc12,5.573666572570801,5.479621887207031,5.526644229888916
Clc1ccc2c(c1)c1cc(Cl)ccc1n2CCCCCCCCCNc1c2c(nc3ccccc13)CCCC2,7.931117534637451,4.952270984649658,6.441694259643555
CNC(=O)c1cccc(Oc2ccc3c(c2)C2(C)CCN(C)C2N3)c1,7.470053672790527,5.473414897918701,6.471734285354614
COc1cc2c(cc1OC)C1=NOC(CSCCc3ccccc3)C1C2,6.8543877601623535,5.482051372528076,6.168219566345215
COc1cc2c(O)c3c(O)occ3c(C)c2cc1OC,5.527420997619629,5.200737476348877,5.364079236984253
O=C1CCc2ccc(OCCCCCNc3c4c(nc5ccccc35)CCCC4)cc2N1,7.586210250854492,5.279542446136475,6.432876348495483
CC(=O)c1cc(OCCCCCCNc2c3c(nc4ccccc24)CCCC3)ccc1O,7.612185478210449,5.210843563079834,6.411514520645142
CC1=CC2Cc3nc4cc(Cl)ccc4c(NCCCCCCNC(=O)c4cc(O)c5c(c4)C(=O)c4cccc(O)c4C5=O)c3C(C1)C2,8.514802932739258,5.624905109405518,7.069854021072388
O=C(C=Cc1ccccc1)NCCOc1ccccc1,4.401515483856201,6.014660835266113,5.208088159561157
O=C1Nc2ccc(C(=O)O)cc2C1=O,5.575850009918213,5.742827892303467,5.65933895111084
O=C(CCc1c[nH]c2ccccc12)NCc1ccc2c(c1)OCO2,5.7743353843688965,5.575860977172852,5.675098180770874
O=c1c(CCc2ccccc2)nc2ccccn12,,,
CC(N)COc1cnc(Cl)c2ccc(Cl)cc12,4.211084365844727,6.197999954223633,5.20454216003418
Cc1cccc(COc2ccc3c4c(occ3c2)C2CC(C)(C)OC2=O)c1,,,
CN1CCC(C2CCN(Cc3ccc(OC(F)(F)F)cc3)CC2)CC1,5.964054107666016,4.914942264556885,5.43949818611145
O=C(CCl)Oc1ccc2c(c1)OC(=O)C2=NNc1c(F)cccc1F,5.283879280090332,4.8707661628723145,5.077322721481323
CC(C)Cc1[nH]c2ccccc2c1C1CCN(C2CCOCC2)CC1,5.319699287414551,4.365499973297119,4.842599630355835
CNC(C)C1CC2OC(OC(=O)c3ccccc3)C(OCOc3ccccc3)C(O)C2O1,5.022879600524902,4.6486358642578125,4.835757732391357
c1coc(-c2cc3cc(OCCCCc4ccncc4)ccc3o2)c1,4.44801664352417,6.267462730407715,5.357739686965942
COc1ccc2c(c1)c(CC(=O)Nc1ccccc1F)cn2C,5.321316242218018,4.857455730438232,5.089385986328125
CCC1=CC2Cc3nc4cc(Cl)ccc4c(NCCCCCCNCCCCCCCNC(=O)c4cc(OC)c(OC)cc4O)c3C(C1)C2,8.540441513061523,4.416818141937256,6.47862982749939
NCCCCCOc1ccc(C(=O)Nc2ccc(Cl)cc2)cc1,3.926475524902344,6.010846138000488,4.968660831451416
NCCCCCCCCCNc1c2c(nc3ccccc13)CCCC2,6.389744758605957,4.465505123138428,5.427624940872192
COC(=O)CCC(=O)c1ccc(OCCCCCCCCCCNc2c3c(nc4ccccc24)CCCC3)cc1,6.718188285827637,5.730186462402344,6.22418737411499
Cc1cc2cc([N+](=O)[O-])ccc2oc1=O,5.225855827331543,7.424864768981934,6.325360298156738
C#CCNCC=CCOc1cccc2c(=O)c3ccccc3oc12,5.114652633666992,5.620524883270264,5.367588758468628
Clc1ccc(CCCCCCCCN2CCOCC2)cc1,4.993342876434326,4.780115127563477,4.886729001998901
COc1ccc(C2CC(O)=Nc3cc(OCCCCCNc4c5c(nc6ccccc46)CCCC5)c(F)cc32)cc1,6.617132186889648,5.7811455726623535,6.199138879776001
COc1cc(C=CC=Cc2cc(OC)c(OC)c(OC)c2)cc(OC)c1O,5.432896137237549,3.8609988689422607,4.646947503089905
COc1cc2c(cc1O)C(=O)C(C)C2,6.870710849761963,4.737828731536865,5.804269790649414
CC(=NNc1nc(-c2ccccc2)c(C)s1)c1ccccc1,5.618861198425293,4.801794052124023,5.210327625274658
Cc1sc(NN=C2CCCC2)nc1-c1ccccc1,5.943384647369385,6.064953327178955,6.00416898727417
CCOC1CCN(Cc2ccc(OC(=O)c3ccccc3)cc2)CC1,6.503252983093262,4.236711502075195,5.3699822425842285
C=CC(=O)NC1=CC=CC=C1OC,5.644043922424316,5.815059661865234,5.729551792144775
Clc1ccc2c(c1)C(=C1CCNCC1)ON2,5.159397125244141,5.728186130523682,5.443791627883911
Cc1cc(-c2ccc(C3=NCCCS3)cc2)on1,5.811593532562256,6.489381790161133,6.150487661361694
Cc1ccccc1OCCOc1ccc2c(c1)OCO2,5.055576801300049,6.441015720367432,5.74829626083374
Cc1c(C)c2cc3c(cc2oc1=O)CCCC3,5.160872936248779,6.676849365234375,5.918861150741577
O=C(C=Cc1ccccc1)Oc1ccc2c(c1)OCO2,6.267275333404541,6.012733459472656,6.140004396438599
CC#CCN(C)C1CCc2c(OC)cccc21,4.366238594055176,5.376298904418945,4.8712687492370605
CC1=C(C)C(=O)C(=Cc2ccc(OCCCCCNc3c4c(nc5ccccc35)CCCC4)cc2)C1=O,6.685597896575928,5.850135326385498,6.267866611480713
CCC(=O)C=C1CCC2C(=O)N(CCCN3CCCCC3)CCC12C,6.138001918792725,4.488558769226074,5.313280344009399
COc1ccc(C(=O)c2c(C)noc2C)c2cc3cc(OC)ccc3oc12,,,
O=c1oc2ccc(OCCCCCCNc3c4c(nc5cc(F)ccc35)CCCC4)cc2cc1CO,7.546660900115967,5.637470245361328,6.5920655727386475
O=C1c2ccccc2-c2nccc3cccc1c23,4.470793724060059,5.665846824645996,5.068320274353027
CC1CC(=O)c2cc(C#Cc3ccccc3)c(=O)oc2C1,5.5354204177856445,6.065208911895752,5.800314664840698
COc1cccc(C=C2CCC(C3=O)O2)c1,,,
CN(C)CCCCCCCCOc1ccc2c(=O)c3ccccc3oc2c1,4.080983638763428,5.521585941314697,4.8012847900390625
N#CCCCCCOc1ccc2c(=O)c3ccccc3oc2c1,3.917823553085327,5.878165245056152,4.89799439907074
COc1ccc2c(c1)c(-c1ccccc1)c(=O)n2CCC#N,,,
CCCCNC1CCc2cc(OC)c(OC)cc2C1OC,4.203015804290772,4.167420864105225,4.185218334197998
O=C(CCc1c[nH]c2ccccc12)Nc1c2c(nc3cc(F)ccc13)CCCC2,7.404573440551758,4.885258197784424,6.144915819168091
CC=C1C2C=CC(=O)C=C1CCC2,4.169042110443115,6.847071170806885,5.508056640625
COc1cc(C(=O)OCCCCCCCC(=O)NNC=C2CCCCC2)ccc1OC(=O)c1cccc([N+](=O)[O-])c1,4.821780204772949,5.775732517242432,5.29875636100769
Cc1cc2c(=O)n(CCCCCCCCCCCCNc3c4c(nc5ccccc35)CCCC4)cnc2s1,7.944427967071533,5.634303569793701,6.789365768432617
COc1cc2c3c([n+](C)ccc3cc1OC)OCO2,,,
COc1cc2c(cc1OC)C1=NOC(CN3CCN(CCCCCCCCN(C)C)CC3)C1CO2,6.41064453125,4.768112659454346,5.589378595352173
O=C1NC(=O)C2=C1c1cn(c3ccccc13)CCCCCCCCCCOCCOCCn1cc2c2ccccc21,4.4501495361328125,5.205664157867432,4.827906847000122
COc1cc2c(cc1OC)C(=O)C(C)C2,7.520417213439941,4.710775375366211,6.115596294403076
CC(C)=CC1CC(O)(C2CCOC3C2CCCC3C=CCC(=O)C32)O1,,,
c1ccc2c(NCCCCCCCCNc3c4c(nc5ccccc35)CCCC4)c3c(nc2c1)CCC3,8.29201889038086,4.022714614868164,6.157366752624512
O=C(O)C=Cc1ccc(OCCCCCc2ccccc2)c2ccccc12,3.658541679382324,6.317809581756592,4.988175630569458
CCc1cc2c(=O)oc3cc(O)ccc3c2o1,6.113214015960693,3.742861747741699,4.928037881851196
CCCCCCCCN1CCOCC1,4.316790580749512,5.157467365264893,4.737128973007202
COc1cc2c3ccoc3ncc(C)c2c1OC,4.963048458099365,5.013322830200195,4.98818564414978
COc1cc2c(cc1OC)C(=O)C(CC1CCCCC1)C2,6.932845115661621,4.728617668151856,5.830731391906738
O=C1CCC2(Oc3ccc(O)cc3)C3CCCCC3CC2C1,5.733119964599609,5.757838726043701,5.745479345321655
CCCNC1CCc2c(O)cccc21,4.049461841583252,4.418727874755859,4.234094858169556
C#CCCCCCNC1C2CCC1CC(Oc1ccccc1)C2,5.088994979858398,4.903249263763428,4.996122121810913
O=C(Nc1ccc(F)cc1)ON=C(c1cccnc1)c1ccccc1,6.342764854431152,4.463572025299072,5.403168439865112
O=C1CCc2ccc(OCCCCCNc3c4c(nc5ccccc35)CCCC4)cc2N1,7.586210250854492,5.279542446136475,6.432876348495483
O=C1NCCc2c3c(cccc31)CCN2C(=O)CCl,,,
Cc1c2c3c(c(=O)oc1-3)CCCCC2,,,
Brc1ccc2c(c1)C(=O)C(CN1CCCCC1)O2,6.482628345489502,5.013520240783691,5.748074293136597
Cc1ccccc1NC1=NCCS1,6.431966304779053,5.497438430786133,5.964702367782593
CC1=CC2Cc3nc4cc(Cl)ccc4cc3C(C1)c1ccccc1C2,5.53125,6.753122329711914,6.142186164855957
COc1cc2c(cc1OC)CCN(CCc1ccc(Cl)c(Cl)c1)CC2,5.150060176849365,5.2696967124938965,5.209878444671631
N#CCCCCCOc1cccc(NCc2cccc([N+](=O)[O-])c2)c1,4.764997482299805,5.763789176940918,5.264393329620361
Cc1ccc(NC(=O)c2ccccc2)cc1,4.833769798278809,4.7286763191223145,4.7812230587005615
C#CC(C)Oc1ccc2cc(CCCCCCCCCCCCCCCNc3c4c(nc5ccccc35)CCCC4)ccc2c1,6.415034770965576,5.419404029846191,5.917219400405884
O=[N+]([O-])c1ccc2c(c1)S(=O)(=O)N=C2c1ccccc1,5.944704532623291,4.461647987365723,5.203176259994507
N#Cc1ccccc1COc1ccc(C2=NOC3CCCC3CN2)cc1,5.582329273223877,6.282289505004883,5.93230938911438
CC(C)NC1=NNC(=O)C1=Cc1cc2ccccc2[nH]1,5.142270565032959,4.490106105804443,4.816188335418701
Nc1c(-c2ccccc2)c2ccccc2oc1=O,5.579815864562988,3.79065465927124,4.685235261917114
C=CCOC(=O)C=CC=CC=CC=CC=CCCCCC(=O)NCCC,2.683711290359497,6.956957817077637,4.820334553718567
c1ccc(CN2CCCCC2c2ccco2)cc1,4.818494319915772,3.942790985107422,4.380642652511597
N#CCCN1N=C2c3ccccc3C(=O)CC2O1,7.890983581542969,4.938123226165772,6.41455340385437
c1ccc2c(c1)oc1ccccc12,3.66455078125,3.7693495750427246,3.7169501781463623
CC(C)=CCN1CCC(c2cc3ccccc3oc2=O)CC1,5.080019474029541,4.769720077514648,4.924869775772095
Cc1ccc2c(c1)c1c3c(=O)c4ccccc4oc3oc2c1,,,
CC(=O)N1CCC(CCCCCNc2c3c(nc4ccccc24)CCCC3)CC1,8.396047592163086,4.169198513031006,6.282623052597046
O=c1oc2c(O)c(O)ccc2c2ccccc12,6.054440975189209,5.081100463867188,5.567770719528198
COc1cc2c(cc1OC)C(=O)c1cc(F)ccc1O2,6.020596504211426,4.96776008605957,5.494178295135498
CC(=O)c1cccc(-c2cnc3ccccc3c2)c1,4.765871047973633,5.98016881942749,5.3730199337005615
CCOc1cc2c(c3cc(OCC)ccc13)OC(=O)C2=NC,5.145594596862793,4.912620544433594,5.029107570648193
O=C1Oc2ccccc2C(=O)C1=O,5.26363468170166,5.4019951820373535,5.332814931869507
CC(C)Oc1ccc2c(CC(=O)O)coc2c1,4.324509143829346,3.4588847160339355,3.8916969299316406
COc1cc2c(cc1OC)C(=O)C(Oc1ccc(CCC(=O)NCc3ccc(C#N)cc3)cc1)C2,5.866683006286621,5.069024085998535,5.467853546142578
CC(=O)Oc1ccc2c(c1)C1C=CCC1C(=O)O2,5.232134819030762,6.267725467681885,5.749930143356323
Cc1cc2c(OCCCCCCCNc3c4c(nc5ccccc35)CCCC4)coc2cc1O,7.504519462585449,5.178999423980713,6.341759443283081
O=C1Nc2ccc(OCCc3ccccc3)cc2C1=O,5.575217247009277,6.865517139434815,6.220367193222046
COc1ccc(CC(=O)NCCCCCCCCCNc2c3c(nc4ccccc24)CCCC3)cc1OC,7.98178768157959,4.429405212402344,6.205596446990967
C=C1CCC(=O)C1=CC=CC=NC1CCN(C)CC1,4.79112720489502,5.518608093261719,5.154867649078369
O=C(Oc1ccc2ccc(=O)oc2c1)C1CCCCC1,6.051835060119629,5.391476631164551,5.72165584564209
CCOCCOc1ccc2cc(C(=O)OCC)c(=O)oc2c1,5.863743305206299,6.270050048828125,6.066896677017212
CC1=CC=CC2=NC(C)=CC2=[N+](C)CCCCCCCC(=O)Oc2ccc(OC(=O)CCCCCCCNc3c4c(nc5ccccc35)CCCC4)c(OCC3CCCC3)c2O1,6.175529956817627,5.128716945648193,5.65212345123291
C#CCN(C)Cc1cc2ccc(OCc3ccccc3)cc2n1C,4.484634399414063,7.529648780822754,6.007141590118408
O=C1NC(=O)C(=Cc2cc3c(cc2O)OCO3)S1,6.183844566345215,4.383166313171387,5.283505439758301
O=C1c2c(Cl)cccc2OCCC1CCN1CCCCCC1,5.990633487701416,4.657525539398193,5.324079513549805
NCCOCCOCCOCCOc1ccc2c(c1)OCCO2,4.011457443237305,7.178189277648926,5.594823360443115
CCOC(=O)COc1ccc2oc(=O)sc2c1,5.960559844970703,6.611454486846924,6.2860071659088135
CC(=O)c1cc2c(cc1OC(=O)CCCN1CCCCC1)OCO2,7.106964111328125,4.854321479797363,5.980642795562744
CC(=O)c1ccc(-c2csc(NC(=O)c3ccccc3)n2)cc1,6.643207550048828,5.409769058227539,6.026488304138184
O=C(NCC=CCNCC=Cc1ccccc1O)c1ccccc1O,5.697320938110352,4.8213067054748535,5.2593138217926025
O=C1CCCc2cc(OCCCCCCNc3c4c(nc5ccccc35)CCCC4)ccc21,7.414901733398437,5.253373146057129,6.334137439727783
COc1cccc(-c2cnc3c(-c4ccccc4)cnn3c2)c1,4.507284164428711,5.548488616943359,5.027886390686035
CC1=CC(=NOC2CCOCC2)CC(=O)C1=Cc1ccccc1,5.31953763961792,5.430235862731934,5.374886751174927
O=C(CCc1c[nH]c2ccccc12)OCCCCCCCCCCCNc1c2c(nc3cc(Cl)ccc13)CCCC2,7.782590389251709,5.3636474609375,6.5731189250946045
CC1=Nc2cc(C(=O)OC(C)C)ccc2Sc2ccccc21,5.335596084594727,4.40633487701416,4.870965480804443
CN1CCC(CCOc2cccc(Cl)c2)(CO[N+](=O)[O-])CC1,4.963834762573242,5.683130741119385,5.3234827518463135
CNCc1cc(=O)oc2cc(OCc3cccc(Cl)c3)ccc12,4.930396556854248,6.59418249130249,5.762289524078369
O=C(Nc1ccccc1)c1cc2ccccc2oc1=O,6.291224479675293,5.856374263763428,6.07379937171936
CCOc1ccccc1C=Cc1cccc(C(=O)OC)c1,4.743558406829834,5.527532577514648,5.135545492172241
O=C1c2ccccc2-[n+]2ccccc21,3.662729263305664,4.529099941253662,4.095914602279663
CC(=O)c1c2c(nc3ccccc13)CCCC2,5.993339538574219,3.5048699378967285,4.749104738235474
CC(=O)N2CCCC2=Nc2ccc(OC(=O)c3ccccc3)cc2O)C1C,,,
O=C(C=CC=CC1=CC=C(c2ccccc2)OC1=O)Nc1ccccc1,5.107616424560547,6.5359368324279785,5.821776628494263
CNc1cc2c(NC3CCCCC3)ncnc2cn1,4.148372173309326,6.2239179611206055,5.186145067214966
CCC(=O)CCc1cccc(OCC=CCCOc2ccc([N+](=O)[O-])cc2)c1,4.726547718048096,6.717437744140625,5.72199273109436
Nc1ccc(C=CC=Cc2cccc(O)c2)cc1,4.313781261444092,5.996403217315674,5.155092239379883
COc1cccc2c3c(nc12)CCCC3,,,
O=C(C=Cc1ccc2c(c1)OCO2)NCc1ccccc1,4.50415563583374,5.766895294189453,5.135525465011597
CCCC(=O)NC(=O)Oc1ccccc1Cc1ccccc1,6.775600433349609,4.528390407562256,5.651995420455933
Cc1cc(C)c2oc(C(=O)NC3CCCCC3C)c(C)c2c1,5.663352012634277,4.978737831115723,5.321044921875
O=C1CCc2cc(OCc3ccc(Cl)c(Cl)c3)ccc21,4.036981105804443,8.214978218078613,6.125979661941528
CN1CCCC1CCOc1ccc2ccc(=O)oc2c1,5.127162933349609,6.125346183776856,5.626254558563232
N#Cc1ccc(C(=O)Nc2ccc(OCCCCCNc3c4c(nc5ccccc35)CCCC4)c(F)c2)cc1,6.754878044128418,5.391595363616943,6.073236703872681
CC1=C(c2ccc(O)cc2O)CC(=O)CC1=O,5.93187141418457,5.907204627990723,5.9195380210876465
Brc1ccc(C2=NN(CCCCCCCNc3c4c(nc5ccccc35)CCCC4)CC2)o1,8.726625442504883,5.05164909362793,6.889137268066406
O=c1oc2ccc(OCC3CCCCC3)cc2cc1CO,5.126510143280029,6.4132585525512695,5.769884347915649
COc1cc(-c2cc3ccccc3o2)ccc1O,4.756259918212891,5.0145463943481445,4.885403156280518
O=C1CCc2ccc(OCCCCCCNc3c4c(nc5ccccc35)CCCC4)cc2N1,7.6467509269714355,5.350108623504639,6.498429775238037
CCC1=C(c2ccc(OC)cc2OC)C(CN)C(=O)O1,7.156031608581543,4.188594818115234,5.672313213348389
COC(=O)CCCCCCCCNc1c2c(nc3ccccc13)CCCC2,6.959121227264404,4.852632522583008,5.905876874923706
O=C1CCc2cc(C(=O)C3OC(CO)C(O)C3O)c(Oc3ccc(Cl)cc3)cc2N1,6.089010715484619,4.983777046203613,5.536393880844116
COc1cc(OC)cc(C(=O)NCCCCCCCCCCCNc2c3c(nc4ccccc24)CCCC3)c1,8.118218421936035,4.8311309814453125,6.474674701690674
CC(=NNC(=O)c1ccc2c(c1)OCO2)c1cccs1,6.259771823883057,5.046391487121582,5.653081655502319
O=C1c2ccccc2-c2nnc(-c3ccc([N+](=O)[O-])cc3)cc21,5.403611660003662,5.912363052368164,5.657987356185913
CC#CCN1C(=O)C(=O)c2cc(F)ccc21,5.796879768371582,5.774401664733887,5.785640716552734
O=C1Oc2ccc(Cl)cc2C1=NNC(=O)c1ccc(O)c(Cl)c1,6.042219638824463,5.344482898712158,5.6933512687683105
C=CCNc1c2c(nc3ccccc13)CCCC2,7.667016983032227,3.971113920211792,5.819065451622009
Cc1cccc(COc2ccc3ccc(=O)oc3c2)c1,4.152882099151611,7.566151142120361,5.859516620635986
Clc1ccc2cc(COc3ccccc3)ccc2c1,3.5142691135406494,6.734308242797852,5.1242886781692505
Brc1ccc2c(c1)cccc2CCNCCNc1c2c(nc3ccccc13)CCCC2,6.811323642730713,4.875535488128662,5.8434295654296875
CC(C)n1c(=O)oc2cc([N+](=O)[O-])ccc21,5.572519779205322,5.794149398803711,5.683334589004517
NC(=O)CCCCCCCCCCCCCNc1c2c(nc3occc13)CCCC2,7.27583122253418,5.961021423339844,6.618426322937012
C1=C(c2c[nH]c3ccccc23)CCCC1,4.011630058288574,6.09718132019043,5.054405689239502
O=C1NC(=O)c2cc(OCCCCCCNc3c4c(nc5ccccc35)CCCC4)ccc21,8.265125274658203,5.845195770263672,7.0551605224609375
Cc1cc2cc(C#N)c(NCCCCCCCNc3c4c(nc5ccccc35)CCCC4)nc2o1,8.332035064697266,5.05381965637207,6.692927360534668
Cn1c(=O)c2c(nc(OCc3cccc(Cl)c3)n2C)n(C)c1=O,5.695589065551758,6.896780014038086,6.296184539794922
CCCCCCCCCCCCCCCCNCCCC,4.065938949584961,5.467162132263184,4.766550540924072
O=C(CCC1CCN(Cc2ccc(O)c(O)c2)CC1)c1cc2ccccc2oc1=O,7.519971370697021,4.661424160003662,6.090697765350342
O=C1c2ccccc2OC(=O)C1c1ccc2nonc2c1,6.026577472686768,5.07506275177002,5.5508201122283936
CC(C)C#Cc1ccc2oc(O)c(COc3ccc(Cl)cc3)c2c1,4.274977684020996,6.573268890380859,5.424123287200928
O=C1C(=O)C(c2ccc(OO)cc2O)Oc2cc(O)cc(O)c21,5.737559795379639,4.401362419128418,5.069461107254028
O=c1oc2ccc(OCCCCCCNc3c4c(nc5cc(Cl)ccc35)CCCC4)cc2c2ccccc12,7.062998294830322,5.429089069366455,6.246043682098389
CCC1CCC(=NNc2nc(-c3ccc(OC)c(OC)c3)cs2)CC1,5.594289779663086,5.766946315765381,5.680618047714233
O=C1CCc2cc(OCCCCCCCNc3c4c(nc5ccccc35)CCCC4)ccc2N1,7.583569526672363,5.467265605926514,6.5254175662994385
O=c1c2sc3ccccc3c2nc(=O)c2ccccc12,,,
COc1cc(NC(=O)c2cc3ccccc3oc2=O)ccc1OCCCCCCCCN,5.14146089553833,6.2045722007751465,5.673016548156738
O=C1Cc2cc(CCCC3CCN(Cc4ccccc4)CC3)ccc2N1,7.345107555389404,4.0617852210998535,5.703446388244629
CCCCNC(C)Cc1cc2cc(OCCc3ccccc3)ccc2n1C,5.002086639404297,5.099545001983643,5.05081582069397
CNC(=O)COc1cccc(COc2ccc3c(C)c(C)c(C)c(=O)oc3c2)c1,,,
O=c1ccoc2cc(OCCCCCCCNc3c4c(nc5ccccc35)CCCC4)ccc12,6.940246105194092,5.193836212158203,6.0670411586761475
Cc1c2c(n3c1=O)CCCC2=O,,,
c1cc2cc(CCCCCCCCCCN3CCCCC3)coc2cc1OCCO,,,
NCCCCOc1ccc2ccc(=O)oc2c1,3.252737522125244,6.848995685577393,5.050866603851318
O=C(Cl)c1coc2ccc(OCc3ccccc3)cc2c1=O,5.3832855224609375,7.243080139160156,6.313182830810547
COc1ccc2[nH]c3c(c2c1)CCCc1c-3oc2cc(O)ccc12,5.393274784088135,5.003014087677002,5.198144435882568
COc1cccc2c1OC(=O)C2=NNc1ccc(S(=O)(=O)Nc2cccc(CO)c2)cc1,6.146358489990234,4.308956146240234,5.227657318115234
CC(=O)N1N=C(c2ccc(Cl)cc2)OC1c1cccnc1,6.28334903717041,5.086666107177734,5.685007572174072
CCCC(=O)c1cc(F)cc2c3c(n(CCCCCCCC(=O)Nc4c5c(nc6ccccc46)CCCC5)c12)C(C)CCC3,7.641339302062988,4.6349053382873535,6.138122320175171
COc1ccc(C(=O)NC(=O)CCCCCCCCCCCCCCNC(O)COc2cccc(Cl)c2)cc1,5.367260456085205,5.840877056121826,5.604068756103516
O=C1CCc2cc(OCCCCCCc3cccc(Cl)c3)ccc2N1,5.343551158905029,6.449339866638184,5.8964455127716064
COc1cc2c(c[n+](C)c3c4cc5c(cc4ccc23)OCO5)ccc1OCCCC5,,,
Cc1cccc(NC(=O)c2cc3ccccc3oc2=O)c1,5.8737406730651855,5.983683109283447,5.928711891174316
Cc1ccc(-c2cc3cc([N+](=O)[O-])ccc3oc2=O)cc1,5.176709175109863,7.478288173675537,6.3274986743927
CCc1ccc(NC(=O)NC2=C3CCCN3C2=O)cc1,5.317747592926025,4.823257923126221,5.070502758026123
CC1CCCC(C)N1CCCOc1ccc(C2=CCOCC2)cc1,5.1369242668151855,5.906899929046631,5.521912097930908
CCOC(=O)c1cc2ccc(OCCC3CCN(Cc4cccc(Cl)c4)CC3)cc2o1,6.342094898223877,5.001104831695557,5.671599864959717
O=c1cc(OCc2cccc(Cl)c2)ccn1O,4.195766448974609,6.743451118469238,5.469608783721924
CCOc1cc2c(cc1OC)C(=O)C(Oc1ccc(CCCNc3c4c(nc5ccccc35)CCCC4)cc1)C2,6.802381038665772,4.707663536071777,5.755022287368774
Cc1cccc2c1Oc1ccccc1C1=NCCCCC12,5.447098255157471,6.051815032958984,5.7494566440582275
N#CCCCCCCCCCNc1c2c(nc3ccccc13)CCCC2,7.003040313720703,4.72031307220459,5.8616766929626465
O=C(C=Cc1ccccc1)NCCCCCCCCCNc1c2c(nc3cc(Cl)ccc13)CCCC2,7.366077899932861,4.766516208648682,6.0662970542907715
O=C(C=Cc1ccccc1Cl)NC1CCCC1,3.176743507385254,4.941506385803223,4.059124946594238
Cn1cc(CCCC(=O)NCCCCCCNc2c3c(nc4ccccc24)CCCC3)c2ccccc21,8.089197158813477,4.334291934967041,6.211744546890259
O=c1oc2ccccc2cc1-c1csc2nc3ccccc3n2c1,,,
CNC(C)C(=O)OC1CCC2CCCCCCCCCCNC(=O)CCCCCCCNc3c4c(nc5ccccc35)CCCC4)C12,,,
CC(C)=CCN(C)C,4.927099227905273,1.4267678260803225,3.176933526992798
O=C(C#Cc1cccc(Cl)c1)N1CCCCC1,5.629886627197266,4.860775947570801,5.245331287384033
O=C1C=CC(=O)N1c1ccc(Oc2ccccc2)cc1,6.35986328125,5.569858074188232,5.964860677719116
O=c1oc2cc(O)ccc2cc1OCCCCCCCCNc1c2c(nc3ccccc13)CCCC2,7.440001487731934,5.2839179039001465,6.36195969581604
Cc1ccc2c(c1)C1(CCN(C)C1CCN(CCCCCCCCCN)CC1)O2,,,
C=C1c2ccc(OC)cc2OC(=O)C1(CO)Cc1ccccc1,6.17152214050293,6.017012596130371,6.09426736831665
COc1cc2occc(=O)c2cc1OCc1ccccc1,5.685627460479736,6.031774044036865,5.858700752258301
N#Cc1ccc(-c2csc(NN=C3CCCCC3)n2)cc1,5.6566338539123535,6.8678388595581055,6.2622363567352295
CCC#CC(=O)Nc1c2c(nc3ccccc13)CCCC2,5.750900745391846,4.355694770812988,5.053297758102417
COc1cc2c(CCNCCCCCCNc3c4c(nc5ccccc35)CCCC4)c[nH]c2cc1OCCCN1CCCCC1,8.432012557983398,4.651290893554688,6.541651725769043
O=C1c2ccccc2C(=O)C1=O,6.272767066955566,4.49329948425293,5.383033275604248
Clc1ccc(-c2csc(NN=CC3CCCCC3)n2)cc1,5.23179817199707,5.678014755249023,5.454906463623047
c1ccc(CCC2CCN(CC3CCCCC3)CC2)cc1,6.225227355957031,3.056339263916016,4.640783309936523
COc1cccc2c1CC(=O)c1ccccc1C2=O,5.673215866088867,5.651594638824463,5.662405252456665
O=C1C(=Cc2ccc(O)cc2)COc2cccc(OCCC[n+]3ccccc3)c21,6.148257255554199,6.027175426483154,6.087716341018677
CNC(=O)CCc1ccc(OCc2cccc3ccccc23)c(C#N)c1,5.27539587020874,6.897261619567871,6.086328744888306
CCCCCCNC(=O)c1coc2cc(OC)ccc2c1=O,6.345335483551025,5.590241432189941,5.967788457870483
NCCCCCCCCCCNc1c2c(nc3cc(Cl)ccc13)CCCC2,7.179135799407959,4.757384300231934,5.968260049819946
CC1=NOC2C1=CC=C1CCCC2C1=CC=CCN1CCCCC1,5.038878440856934,6.333820819854736,5.686349630355835
Clc1ccc2c(c1)N=C2N=C1CCCCC1,7.046646595001221,6.177915573120117,6.612281084060669
CC(=O)Oc1ccc2c(c1)OC(=O)C1CCCC=C21,5.518990516662598,5.421644687652588,5.470317602157593
OCCNCCCCCCCNc1c2c(nc3ccccc13)CCCC2,7.34754753112793,4.533906936645508,5.940727233886719
CC(C)=C1CCC(C)(C)Oc2cc(OCCCCCCCNc3c4c(nc5ccccc35)CCCC4)ccc21,6.7208428382873535,4.878959655761719,5.799901247024536
C=CCOc1ccc2ccc(=O)oc2c1OCCCCCCCCCCCCCCCCCCNC(C)Cc1ccccc1OC,5.428189277648926,6.198565483093262,5.813377380371094
O=c1cc(-c2ccccc2)oc2c(O)c(O)ccc12,5.547122478485107,4.259063243865967,4.903092861175537
CCCCCN1C=CC(=C2C=C3Oc4ccc(OC)cc4C3C2=O)C=C1,4.62195348739624,6.2597856521606445,5.440869569778442
O=C1NC(=O)C2=C1c1cn(c3ccccc13)CCCCCCCCCNc1c2c(nc3ccccc13)CCCC2,,,
CC#CC1(O)CCC2C3CCC4=CC(=O)CCC4C3CCC21C,4.424405097961426,7.933468818664551,6.178936958312988
CC(=O)c1ccc2oc(O)c(CC(O)COc3ccc4oc(C)cc4c3)c2c1,5.4520111083984375,5.555558681488037,5.503784894943237
O=C1CCc2ccc(OCCCCN3CCCCC3)cc2N1,6.020336151123047,5.367049217224121,5.693692684173584
CC(C)=CCN1CCC(Oc2ccc(Cl)cc2)CC1,5.007380485534668,3.3322482109069824,4.169814348220825
COC(=O)C=C(C)c1coc2cc(OCc3cccc(Cl)c3)ccc2c1=O,4.08390474319458,6.835269451141357,5.459587097167969
CCC1=CC2Cc3nc4cc(Cl)ccc4c(N)c3C(C1)O2,7.004544258117676,4.730595111846924,5.8675696849823
Clc1ccc2c(C3CCCCC3)c[nH]c2c1,5.153666019439697,6.0112810134887695,5.582473516464233
COc1cc2c(cc1OC)C(=O)C(CC1CCN(Cc3ccccc3)CC1)C2,7.634812831878662,4.137218475341797,5.8860156536102295
Cc1ccc2c(c1)N(CCCC(=O)c1ccccc1)CC2,5.707322120666504,4.690510272979736,5.19891619682312
C#CCNC1CCc2ccc(OCCCCNc3c4c(nc5ccccc35)CCCC4)cc2C1,6.678721904754639,5.153625965118408,5.916173934936523
CC(=O)Oc1ccc2c(C(=O)c3ccc(OCCCN4CCCCC4)cc3)coc2c1,6.375496864318848,5.142530918121338,5.759013891220093
CC1=CC(=CC=C2C=CC(C)C(C)C2)CSC1=O,4.165225028991699,5.577732563018799,4.871478796005249
Cc1ccc2cc(C#N)c(NCCCCCCCNc3c4c(nc5ccccc35)CCCC4)nc2c1,8.339588165283203,4.779375553131104,6.559481859207153
COc1cc2c(cc1OC)CC(COc1ccc3ccc(=O)oc3c1)O2,6.035427093505859,5.104055404663086,5.569741249084473
N#Cc1ccc(OCC(=O)NCc2cc3ccccc3o2)cc1,4.648056983947754,6.006232738494873,5.3271448612213135
Cn1c(=O)c2c(nc(OCc3cccc(Cl)c3)n2C)n2c3c(cccc13)COC(C)(C)C2,5.31426477432251,6.371289253234863,5.8427770137786865
COc1cc2c(cc1OC)C(=O)C(=CC=Cc1ccc(C)cc1)C2,5.760340213775635,5.90412712097168,5.832233667373657
CC(O)C1CC(=O)Oc2cc(OCc3cccc(Cl)c3)ccc21,4.686601161956787,6.722142219543457,5.704371690750122
O=C(Cl)c1cc2cc(OCc3ccccc3)ccc2oc1=O,5.579295635223389,7.612058639526367,6.595677137374878
CCC(=O)N1N=C(c2ccc(OCCOC)cc2OC)CC1c1ccccc1OC,7.229369640350342,5.3696489334106445,6.299509286880493
CC(CCCN1CCC2C(=O)c3ccccc3C2C1)CCCc1cc(CN)on1,6.279895305633545,5.007394790649414,5.6436450481414795
COc1cc(C=CC(=O)c2cc3c(cc2O)OC(=O)C3)cc(Cl)c1OC,6.284090042114258,4.8703932762146,5.577241659164429
CN(C)CCCNCCCCCCCCCN=CC(C)C,5.957162380218506,3.745077133178711,4.851119756698608
O=C1c2ccccc2C(=O)C1c1ccc2c(c1)OCO2,6.728742599487305,5.876420021057129,6.302581310272217
O=C(CCc1c[nH]c2ccccc12)Nc1c2c(nc3ccccc13)CCCC2,6.46095085144043,4.52968692779541,5.49531888961792
O=C(OCc1ccccc1)c1cc2ccccc2oc1=O,5.971109867095947,5.655341148376465,5.813225507736206
Fc1ccc2c(Oc3ccc(C(F)(F)F)cc3)nccc2c1,5.727177143096924,6.402978897094727,6.065078020095825
COc1ccc(C=CC(=O)CCCl)c(OC)c1,4.517248153686523,5.313685894012451,4.915467023849487
CCCNC1CCC(c2ccc(OC)c(OC)c2)CC1,4.109690189361572,3.449591636657715,3.7796409130096436
C#CCN(C)Cc1ccccc1OCCCCCCCCCCCCCCCNc1c2c(nc3cc(C)ccc13)CCCC2,6.351788520812988,5.669007778167725,6.0103981494903564
N#Cc1ccc(COc2ccc3oc(=O)c(C#N)cc3c2)cc1,4.334354877471924,8.016036987304688,6.175195932388306
CC1=CC2Cc3nc4cc(Cl)ccc4c(NCCCCCCCCNC(=O)c4cc(O)c5c(c4)C(=O)c4ccc(O)cc4C5=O)c3C(C1)C2,8.543445587158203,5.5901594161987305,7.066802501678467
COCCOc1cc2oc3ccccc3c2cc1OC,4.814043045043945,5.035236358642578,4.924639701843262
O=c1oc(O)c2ccc(OCCOc3cccc(C(F)(F)F)c3)cc2o1,,,
COc1cc2c3cc1Oc1ccc(cc1)CC3,,,
CC(=O)NC1=C2CCCCC2C1=O,4.561838150024414,4.979328632354736,4.770583391189575
COc1cc2oc3c4c(ccc3c2cc1OC)CCCC4,5.642792224884033,4.7508931159973145,5.196842670440674
c1ccc2c(CCCNc3c4c(nc5ccccc35)CCCC4)coc2c1,6.717240333557129,4.003902912139893,5.360571622848511
C=CCn1c(=O)c2ccccc2c2ccc(C(=O)NCCCC)cc21,6.125842571258545,5.641308784484863,5.883575677871704
Cc1ccc(CC2NC3=CCCCC3CO2)cc1,4.550623893737793,5.306995391845703,4.928809642791748
Cc1cccc(C(=O)Nc2ccc3c(c2)CCC3=O)c1,5.873380661010742,6.328654766082764,6.101017713546753
COc1cc2cc(-c3ccccc3)c(=O)oc2cc1OC(=O)Nc1ccccc1,7.491402626037598,5.502251625061035,6.496827125549316
Fc1cccc(-c2nccc3c2CCCC3=O)c1,5.177684307098389,6.197206974029541,5.687445640563965
CCOc1cc2c(=O)n(Cc3cccc(Cl)c3)c(C)nc2s1,6.030070781707764,6.407723426818848,6.218897104263306
COc1ccc(C=C2CNCCC2COc2ccccc2)c(OC)c1OC,5.201283931732178,3.9860353469848633,4.5936596393585205
Cc1ccc(C(=O)Oc2ccc3c(c2)C2(C)CCN(C)C2N3C)cc1,6.185598850250244,6.101331233978272,6.143465042114258
O=c1ccoc2c(CO)cccc12,4.014379501342773,4.452454566955566,4.23341703414917
CN1N=C2CCCCC2C1c1ccccc1,6.451333522796631,6.615011692047119,6.533172607421875
CCc1cc2c(=O)c3cc(C)c(OC)cc3oc2o1,6.122358322143555,5.150125980377197,5.636242151260376
Cc1c2c(n3c4ccccc4c1CCC3=O)CCCC2,5.627198219299316,6.514163970947266,6.070681095123291
Cc1cccc(C2CNCCS2)c1,3.831766128540039,4.531937599182129,4.181851863861084
O=C1CCc2ccc(OCCCCCNc3c4c(nc5ccccc35)CCCC4)cc2N1,7.586210250854492,5.279542446136475,6.432876348495483
CCn1nc(C)cc1NC(=O)c1cc2cc(OC)ccc2nc1C,5.811436176300049,4.913675785064697,5.362555980682373
Fc1ccc(-c2csc(NN=C3CCCCC3)n2)cc1,5.689570903778076,7.334211349487305,6.51189112663269
Cc1cc(OCc2ccc(Cl)c(Cl)c2)ccc1C=CC1CC(O)CN1C,4.221702098846436,5.911792278289795,5.066747188568115
CCNC(=O)Oc1cccc(CN(C)CCCCCCOc2ccc3c(c2)OC(=C)CC3)c1,7.254528522491455,5.237852573394775,6.246190547943115
CC1=CC=CN2CCN(CCCCCCCNc3c4c(nc5cc(Cl)ccc35)CCCC4)CC2)C1,,,
O=C(C=Cc1cccc(Cl)c1)NC1=C(c2c[nH]c3ccccc23)CCCC1,4.577609062194824,6.334568500518799,5.4560887813568115
COc1ccccc1CNc1ccc2c(C)c(C)c(=O)oc2c1[N+](=O)[O-],6.19395923614502,5.784046649932861,5.98900294303894
CC(=O)Oc1ccc2c(c1)c1c3c(c4c5ccccc5n(C)cnc5c4c1n2C)CNC3=O,,,
CC(C)=CC1CC(=O)Oc2cc(OCCCCCCCCCCCNc3c4oc(C)cc4c(=O)c3C(C)C)ccc21,6.1062846183776855,6.045949935913086,6.076117277145386
O=C1Cc2ccc(OCCCCNc3c4c(nc5ccccc35)CCCC4)cc2N1,7.720732688903809,5.07094669342041,6.395839691162109
Fc1ccc(-c2cc(C3CCN(CC4CCC4)CC3)on2)cc1,6.092909336090088,5.4315619468688965,5.762235641479492
O=C1Nc2ccc(OCC3CCCCC3)cc2C1=O,5.531656742095947,6.614720344543457,6.073188543319702
CC1=CC(C)(C)Nc2cc(CCCCCCCNc3c4c(nc5ccccc35)CCCC4)ccc21,8.068145751953125,4.453193664550781,6.260669708251953
CC(=O)Nc1ccc2c(c1)oc1c3ccccc3oc(=O)c12,5.776938438415527,4.006839275360107,4.891888856887817
COc1cc(-c2cc3nc(SC)ncc3cc2OC)ccc1OC(C)=O,5.987504005432129,5.62727689743042,5.807390451431274
O=Cc1c[nH]c2c([N+](=O)[O-])cc([N+](=O)[O-])cc12,4.913545608520508,5.6176276206970215,5.265586614608765
O=C1CCc2ccc(OCCCCN3CCCN(c4cccc(Cl)c4)CC3)cc2N1,5.697072505950928,5.374799728393555,5.535936117172241
CCCCCCCCCCCCCCC(=O)NC(C)C,4.724568843841553,5.54586935043335,5.135219097137451
COc1cc2c(cc1C)CCCC2=NOCCCCCCCNCC(O)c1cccc(Cl)c1,5.393244743347168,5.075523376464844,5.234384059906006
N=C(N)c1cc2c(-c3cccc(F)c3)cncc2s1,5.746743202209473,5.530961036682129,5.638852119445801
O=c1ccoc2ccc(OCc3ccc4c(c3)OCO4)cc12,4.915611743927002,6.520298004150391,5.717954874038696
COc1cc2c(cc1OC)C(=O)C(Oc1ccc(C#N)cc1)C2,6.351208686828613,4.986063957214356,5.668636322021484
Fc1ccc2c(c1)CCCC2=Cc1cccnc1,4.271374702453613,6.759795665740967,5.51558518409729
Cc1cccc(Cl)c1C(=O)NN=CC1CC(=O)Oc2cc(Cl)ccc21,5.549070358276367,6.183928489685059,5.866499423980713
C#CCCCCCCCCCC(=O)NCC1CCCO1,5.6565423011779785,6.201023578643799,5.928782939910889
Clc1cccc(N2CCCCC2)c1,4.531905651092529,4.370044708251953,4.450975179672241
CN(C)CCCCCCCCCCCNc1c2c(nc3ccccc13)CCCC2,7.01920223236084,4.246811866760254,5.633007049560547
CC1=CC2Cc3nc4cc(F)ccc4c(N)c3C(C1)C2,7.141635417938232,4.615688800811768,5.878662109375
CN(C)CCOc1ccc2c(c1)C(=CCN(C)C)c1ccccc1S2,4.545358657836914,4.265114784240723,4.405236721038818
O=C1NCCc2c1oc1ccc(O)cc21,7.158309459686279,4.32285737991333,5.740583419799805
Oc1occ2ccc(OCCCOc3cccc(CCN4CCCC4)c3)cc12,5.46558952331543,6.467147350311279,5.9663684368133545
Fc1ccc(-c2nc3ccc(C#Cc4ccccc4)cc3c(=O)o2)cc1,4.861833572387695,7.172333717346191,6.017083644866943
O=c1oc2ccc(OCCCCCCCCCNc3c4c(nc5cc(F)ccc35)CCCC4)cc2cc1CO,7.568309783935547,5.92298698425293,6.745648384094238
COc1cc2c(=O)n3cc(C)ccc3nc2cc1C,5.656665802001953,6.039364814758301,5.848015308380127
O=C1c2ccccc2-c2nc3nnnn3nc21,4.122465133666992,3.952200412750244,4.037332773208618
c1ccc(Cc2coc3cc(OCCCC4CCN(Cc5ccccc5)CC4)ccc3c2=O)cc1,6.32114839553833,4.226561069488525,5.273854732513428
Nc1cc(O)c2c(c1)OC(=O)C1CCCC21,5.608458518981934,5.443307876586914,5.525883197784424
O=C(CCc1c[nH]c2ccccc12)NCCCCCCCCCNc1c2c(nc3cc(Cl)ccc13)CCCC2,8.720053672790527,4.816893100738525,6.768473386764526
Cc1c(C)c2ccc(OCc3ccc(F)cc3)cc2oc1=O,4.834400653839111,8.764252662658691,6.799326658248901
Oc1nonc1-c1ccc2ccccc2c1,4.8326826095581055,5.579708099365234,5.20619535446167
CN(C)C1CCC2C3CC=C4CC(=O)CCC4(C)C3CCC12C,4.641295909881592,7.015439033508301,5.828367471694946
O=C1CCc2ccc(OCCCCCCCCNc3c4c(nc5ccccc35)CCCC4)cc2N1,7.590731620788574,5.541414260864258,6.566072940826416
COc1cc2c(cc1OC)C(=O)C(Oc1ccc(C(=O)CC3CCCCC3)cc1)C2,6.342268943786621,5.204607009887695,5.773437976837158
CC(=O)NCCCCCNc1c2c(nc3ccccc13)CCCC2,7.602051258087158,4.207528591156006,5.904789924621582
COc1cc2c(cc1O)CC1c3c(ccc(OC)c(OC)c3Oc3ccc(=O)oc3C)CCCC21,,,
CCN(CCCCCCCN=C1CC(=O)c2ncccc2C1=O)Cc1ccccc1OC,6.98496675491333,5.416550636291504,6.200758695602417
CC1=CC(CO)(COC(=O)c2ccccc2)OC1=O,3.7259035110473633,5.489717960357666,4.607810735702515
Cc1cccc(C=Cc2cc[n+](CCCCCCOc3ccc(C)cc3)cc2)c1,5.144401550292969,5.349207878112793,5.246804714202881
O=C(C=Cc1ccccc1)NCCCCCCCCNc1c2c(nc3cc(Cl)ccc13)CCCC2,7.39827823638916,4.761534690856934,6.079906463623047
C#CCCCCCCCCCCCCCCCCCCCCCC[n+]1cccc2ccccc21,5.482203960418701,6.316964149475098,5.899584054946899
COc1ccc(C=Cc2cc3c(cc2OC)CCCC3)cc1,4.227449893951416,5.391994476318359,4.809722185134888
CCNC(=O)C=Cc1cc2cc(OC)ccc2nc1Cl,4.330329895019531,5.562499046325684,4.946414470672607
c1ccc2c(-c3ccc4cn[nH]c4c3)cncc2c1,4.707479953765869,6.845134258270264,5.776307106018066
Cc1ccc(C=C2COc3cc(OCCCCNc4c5c(nc6ccccc46)CCCC5)ccc3C2=O)cc1,6.793914794921875,5.827652931213379,6.310783863067627
COc1cc2c3c(cccc13)C(=O)CC2,,,
CC(c1ccc2ccccc2c1)N1CCCC1C,4.947147369384766,4.970098972320557,4.958623170852661
Cc1cc2cc(C(=O)c3ccccc3Cl)c(O)cc2o1,4.842082977294922,5.023068428039551,4.932575702667236
Cc1c(C)c2ccc(OCc3c(F)ccc(F)c3Cl)cc2oc1=O,4.4833807945251465,7.70976972579956,6.0965752601623535
COc1ccc2oc3cc(OC)c(OC)cc3c2c1,5.301325798034668,5.028477668762207,5.1649017333984375
COc1cc(C)c2oc3cccc(F)c3c2c1,4.917555809020996,5.18480920791626,5.051182508468628
CC(=O)N1CCCC1C(=O)Nc1ccc(C=Cc2ccccc2O)cc1,5.649909019470215,5.297158241271973,5.473533630371094
CCCCCCN(C)CCCCCCCCCNCCCCCCCCNCC(O)c1ccc(O)c(CO)c1,5.562622547149658,4.814947605133057,5.188785076141357
CN(C)CCNC(=O)c1ccc2c(c1)nc(N=C3CCCCC3)n2C,6.374819755554199,4.937994480133057,5.656407117843628
C=CCNC(=O)C=CC=Cc1ccc2c(c1)OCO2,4.499231338500977,6.400367736816406,5.449799537658691
COC(=O)c1cccc(C=CC=CC=CC(=O)c2ccc(O)c(O)c2)c1,4.31181526184082,6.203349590301514,5.257582426071167
O=c1oc2ccccc2cc1OCCCCCCCNc1c2c(nc3ccccc13)CCCC2,6.984701156616211,5.046718597412109,6.01570987701416
CN(C)C1CCC(Oc2cc3c(c(=O)n(C)c(=O)n3C)n2C)CC1,5.661533832550049,4.705427646636963,5.183480739593506
CC1=NOC(=O)C1=Cc1ccc(OCCCCCCCCNc2c3c(nc4cc(Cl)ccc24)CCCC3)cc1,7.167327404022217,6.27487850189209,6.721102952957153
CCCCCCNC(=O)Oc1ccc2c(c1)C1(C)CC1CC2C(=O)O,6.71867036819458,4.817625045776367,5.768147706985474
C=CC=CC1=C(C=CO)CCCC1(C)C(O)CC=C(C)C=O,3.2308835983276367,6.281797885894775,4.756340742111206
COc1cc2cc(CCCC(=O)NCC3CCCO3)oc(=O)c2cc1OC,6.4023027420043945,4.6337480545043945,5.5180253982543945
O=C(CCl)Nc1ccc2c(c1)C(=O)c1ccccc1C2=O,4.906166076660156,6.462033271789551,5.6840996742248535
O=[N+]([O-])C=Cc1ccc2c(c1)OCO2,5.300719738006592,5.019782543182373,5.160251140594482
O=c1c2ccccc2oc2cc3c(O)ccc(O)c3cc12,5.596551895141602,5.222064971923828,5.409308433532715
O=Cc1coc2ccc(OCCCCCNc3c4c(nc5ccccc35)CCCC4)cc12,7.098902225494385,5.376676559448242,6.2377893924713135
Cc1cc(O)cc(C)c1C=CC(=O)CC=C(C)CCCN=C(C)C,5.49576997756958,4.952889442443848,5.224329710006714
CN(C)c1ccc(-c2csc(N=C3CCCCC3C)n2)cc1,5.357502460479736,6.994403839111328,6.175953149795532
CC(=O)c1cccc(-c2cc(OCCCCCCCNc3c4c(nc5ccccc35)CCCC4)ccn2)c1,6.976962089538574,5.198996543884277,6.087979316711426
COc1ccc2c(c1)c(CCN(C)C)cn2C,4.618643760681152,5.045616149902344,4.832129955291748
O=c1ccoc2ccc(OCc3cccc(Cl)c3)cc12,3.992715835571289,7.384788513183594,5.688752174377441
COc1cc2c(cc1O)CC1c3ccc(Cl)cc3CCC1CC2,4.568203449249268,6.113246440887451,5.340724945068359
CC(=O)c1ccc2oc3cc(CC=Cc4cccc(C(C)=O)c4)ccc3c(=O)c2c1,5.866015434265137,6.048766613006592,5.957391023635864
Cc1cc2cc(CCCCCCCCNc3c4c(nc5ccccc35)CCCC4)ccc2o1,7.879443168640137,4.731047630310059,6.305245399475098
COc1cc2c(cc1OC)C1CCCCC1C=CC2,4.455524444580078,5.479439735412598,4.967482089996338
O=C[n+]1ccc(OCCOc2ccccc2)c2ccc(OCc3ccc(Cl)cc3)cc21,4.73696231842041,6.985917568206787,5.861439943313599
Brc1coc2cc3occ(-c4ccc(Br)cc4)c3cc12,4.57020378112793,6.448169708251953,5.509186744689941
O=C(CCn1c2ccccc2c2ccccc21)Nc1ccccc1[N+](=O)[O-],5.059772968292236,5.084067344665527,5.071920156478882
CC(=O)CNC(=O)C=COc1cccc(Cl)c1,3.5690512657165527,5.076876163482666,4.322963714599609
CCCC(=O)Nc1cccc(C2=NOC3CCCC3C2)c1,5.267144680023193,5.460352897644043,5.363748788833618
CCOc1cc2oc(=O)c(CCCC(=O)NCCCCCNc3c4c(nc5cc(Cl)ccc35)CCCC4)cc2cc1OC,8.019365310668945,4.784212112426758,6.401788711547852
CC(c1ccccc1)N1CCC2C(C1)COc1ccccc1C2=O,5.486832618713379,5.3701372146606445,5.428484916687012
Cc1ccc2oc3cc(C)ccc3c(=O)c2c1,4.729323387145996,5.996218204498291,5.3627707958221436
O=C(Nc1cccc(CC2CCN(Cc3ccccc3)CC2)c1)c1ccncc1,5.5792341232299805,3.8515591621398926,4.7153966426849365
O=c1c(OCCCCCCc2ccccc2)coc2cc(O)ccc12,4.8632330894470215,5.83781099319458,5.350522041320801
CCCCc1c2cc3c(c1C)CCCN3C,,,
O=c1ccoc2ccc(OCCCCCNc3c4c(nc5ccccc35)CCCC4)cc12,6.851408004760742,4.945126056671143,5.898267030715942
NC(=O)c1ccc(C2Oc3ccccc3C2=O)s1,7.411025524139404,4.847559452056885,6.1292924880981445
COc1cc2c(cc1OC)C(=O)C(C)C2,7.520417213439941,4.710775375366211,6.115596294403076
CCOc1ccc(C=C2CCCN=C2c2cccnc2)cc1,5.2603302001953125,5.619246006011963,5.439788103103638
O=C1CCc2cc(OCc3cccc(Br)c3)ccc21,4.510868549346924,8.058940887451172,6.284904718399048
CC=CCNC(=O)OCCCCOc1ccccc1CC,7.2710466384887695,5.799261093139648,6.535153865814209
O=C(C=CCN1CCCC1)C1=C(O)c2ccccc2C1=O,5.024155139923096,5.4757399559021,5.249947547912598
CN(CCc1ccccc1)C(=O)CCCCCCCCCCNc1c2c(nc3cc(Cl)ccc13)CCCC2,7.61306095123291,4.694550514221191,6.153805732727051
CCn1c2cc(Cl)c(F)cc2c(=O)c2c(O)onc21,6.307967185974121,4.3492841720581055,5.328625679016113
O=C1c2ccccc2-c2n[nH]c3cccc1c23,4.932783126831055,5.525638580322266,5.22921085357666
CC(=O)c1cccc(COC2COc3ccccc3C2=O)c1,6.502707958221436,5.367790222167969,5.935249090194702
CCCCCCCCCCCCCCC[n+]1ccc(C)cc1,5.640023708343506,5.220966815948486,5.430495262145996
O=C(O)c1ccccc1Oc1cccc(N(CCCl)CCCl)c1,6.677227020263672,5.988855838775635,6.333041429519653
COc1cc2c(C)cnc(NC3CCCCC3)c2cc1OC,5.040950298309326,4.728433609008789,4.884691953659058
CC(=O)C1CCC2C3CC=C4CC(=O)CCC4(C)C3CCC12C,4.636145114898682,7.624482154846191,6.1303136348724365
C=CCCCOc1ccc(-c2coc3cc(O)ccc3c2=O)cc1,4.824412345886231,6.605254173278809,5.7148332595825195
CC=CCC=CCC=CCC=CCC=CC=CCC(=O)Nc1c2cc(O)ccc2nc2c(C)cccc12,6.264684677124023,4.828622817993164,5.546653747558594
CC(=O)OC1CC2(C)C(=CCC3C2CCCCC2(C)C(CC(C)=O)C3)C1=O,,,
Cc1cc(C)c2oc(=O)cc(COC(=O)CCCCCCCCNc3c4c(nc5ccccc35)CCCC4)c2c1,7.443547248840332,5.220763683319092,6.332155466079712
Clc1ccc2c(NCCCCCCNc3c4c(nc5ccccc35)CCCC4)c3c(nc2c1)CCCC3,9.20993709564209,3.9625396728515625,6.586238384246826
O=c1ccoc2ccc(OCCCCCCCNc3c4c(nc5ccccc35)CCCC4)cc12,6.858541488647461,5.236917495727539,6.0477294921875
Clc1ccc2c(c1)OC(c1ccccc1)CN2,5.031545639038086,5.622412204742432,5.326978921890259
Oc1oc2ccccc2c1N=Nc1ccc(O)cc1,6.333346366882324,3.1361474990844727,4.734746932983398
CCCCCCNC(=O)c1coc2ccc(OC)cc2c1=O,6.22285795211792,5.645158767700195,5.934008359909058
CNC(=O)Oc1ccc2c(c1)S(=O)(=O)N(CCN(C)C)C2=O,7.613801956176758,4.675109386444092,6.144455671310425
O=C(CCl)Oc1ccc2cc(Br)ccc2c1,4.245190620422363,6.6303391456604,5.437764883041382
CNC(=O)COc1ccc2c(C)cc(CCCCCCCNc3c4c(nc5ccccc35)CCCC4)oc2c1C,,,
O=c1c2ccccc2oc2oc3cc(O)ccc3c(=O)c12,6.196635723114014,2.9773523807525635,4.586994051933289
Cc1ccc(CCCCCCCCCCNCCCCCCCCN=Cc2cccc(O)c2)cc1,5.838369369506836,4.785726547241211,5.312047958374023
CC(=O)Nc1cccc(C=C2CCN(Cc3ccc(OC(C)C)cc3)CC2)c1,5.539467811584473,3.421794414520264,4.480631113052368
COc1cc2c(cc1OC)C(=O)C(C)N2,6.484727382659912,4.61379337310791,5.549260377883911
CC(=O)N1CCC(Cc2ccc(CCCOc3ccc4oc(C)cc4c3)cc2)CC1,5.626920700073242,5.427802085876465,5.5273613929748535
O=C1CCc2cc(OCCCCCCNc3c4c(nc5cc(F)ccc35)CCCC4)ccc2N1,8.137885093688965,5.624691009521484,6.881288051605225
O=C1c2ccccc2-c2nnc(-c3ccc(Cl)cc3)cc21,5.43563985824585,6.277105331420898,5.856372594833374
CC=CCOc1c2c(c3cc4ccccc4cc13)C1=CCCC1=O2,,,
O=C1CC(=O)c2cc(OCc3cccc(Cl)c3)ccc2O1,5.620016574859619,7.315048694610596,6.467532634735107
CCOC(=O)c1ccccc1N=CC1CC(=O)C=C1,5.135843276977539,5.118607997894287,5.127225637435913
CC#CCN(C)Cc1cc2cc(OCc3ccccc3)ccc2n1C,4.811418533325195,7.19118070602417,6.001299619674683
CNC(=O)Oc1ccc2c(c1)C1(C)CCNC1N2C,7.125171661376953,5.143648147583008,6.1344099044799805
CCCCC1CCN(C)CC1,5.070732116699219,3.610898017883301,4.34081506729126
COc1cc2c(cc1O)CC1c3ccc(O)cc3CCC1C2,4.379880428314209,5.43687105178833,4.9083757400512695
O=C(C=Cc1ccccc1[N+](=O)[O-])NCCCCCCNc1c2c(nc3ccccc13)CCCC2,6.585155963897705,5.10890531539917,5.8470306396484375
COc1cc2c(cc1OC)C(=O)C(Oc1ccc(C(C)=O)cc1)C2,7.102496147155762,4.803229808807373,5.952862977981567
O=CC1Cc2ccccc2Oc2ccc(C3=NCCCCC3)cc21,5.351903915405273,6.169778347015381,5.760841131210327
COc1cc2c(cc1OC)C(=O)C(C)C2,7.520430564880371,4.710775375366211,6.115602970123291
O=C1c2ccccc2C(=O)N1CCCCCCCCNc1c2c(nc3ccccc13)CCCC2,8.049620628356934,4.919893741607666,6.4847571849823
O=C1CCc2ccc(OCCCCCCNc3c4c(nc5ccccc35)CCCC4)cc2N1,7.6467509269714355,5.350108623504639,6.498429775238037
Cc1cccc(NC(=O)c2coc3cc(OCCCCN4CCCCC4)ccc3c2=O)c1,6.31437873840332,5.505694389343262,5.910036563873291
CCn1c(=O)c2cc(C(=O)NCCCCCCCCCNc3c4c(nc5ccccc35)CCCC4)ccc2n(C)c1=O,8.462953567504883,4.923490524291992,6.6932220458984375
O=Nc1c(C2CCCCC2)oc2ccc(OCc3cccc(Cl)c3)cc12,4.789817333221436,6.358430862426758,5.574124097824097
O=C1C=CC=CC1=C1CCC2CCCCC2C1=O,3.988250255584717,6.100430011749268,5.044340133666992
COc1ccccc1C#CCN1CCC(C)CC1,5.461363792419434,4.299878120422363,4.880620956420898
CC(C)N1CCOc2ccc(C(O)CCOc3ccc(CCC(=O)O)c4c3CCC4)cc21,4.704998016357422,4.693064689636231,4.699031352996826
Fc1ccc(-c2coc3ncnc(NCc4cccs4)c23)cc1,5.524585723876953,6.406941890716553,5.965763807296753
O=c1oc2ccccc2c2oc3cc(O)ccc3c12,5.835247993469238,3.409023761749268,4.622135877609253
CCn1c(=O)c2c(nc(C3CCCC3)n2C)n(CCCN)c1=O,5.582948684692383,4.804357051849365,5.193652868270874
O=c1cc(=O)oc2cc(OCc3cccc(Cl)c3)ccc12,,,
COc1cc2c(cc1OC)CC1CCCCC1C2=O,5.794360637664795,5.500128269195557,5.647244453430176
O=C1OC(CO)(COCCOCc2c[nH]c3ccccc23)CC1=C=Cc1ccccc1,4.520758152008057,5.96935510635376,5.245056629180908
O=c1oc2ccccc2cc1OCCCCCCNc1c2c(nc3ccccc13)CCCC2,7.013761520385742,4.916170597076416,5.964966058731079
CN=C1CCc2c1[nH]c1ccc(OC)cc21,4.8870530128479,5.693353652954102,5.290203332901001
O=c1oc2ccccc2cc1OCCCCCCCCNc1c2c(nc3cc(Cl)ccc13)CCCC2,7.433950901031494,5.3101983070373535,6.372074604034424
c1ccc(OCC2CNCCO2)cc1,4.5997185707092285,4.895547389984131,4.74763298034668
Fc1ccc(-c2csc(NN=C3CCCCC3)n2)c(F)c1,6.151671886444092,7.422589302062988,6.78713059425354
O=C1NCCc2c1oc1ccccc21,6.321069240570068,4.416629314422607,5.368849277496338
N#Cc1ccc2c(c1)C(=O)c1ccc(C3=NCCN3)cc1S2(=O)=O,6.597535610198975,6.504973411560059,6.551254510879517
O=c1[nH]c2c([N+](=O)[O-])cc(Cl)cc2c2c3cc(-c4ccccc4)ccc3nc3ccccc12,,,
CN(c1ccccc1CNc1nc(N)nc2[nH]c(CCCCN3CCN(C4CCCC4)CC3)nc12)S(C)(=O)=O,5.654820919036865,4.772360801696777,5.213590860366821
COc1ccc2[nH]c3c4c(ccc(OC)c(OC)c4c3c2c1)CCNC4=O,,,
COC(=O)c1cc2ccccc2cc1O,4.160336494445801,6.444550037384033,5.302443265914917
O=C(O)CCCCCCCCNc1c2c(nc3ccccc13)CCCC2,7.483837127685547,4.677828311920166,6.0808327198028564
O=C1CCCc2[nH]c(=O)c(C=Cc3ccc(Cl)cc3)cc21,4.898747444152832,6.898568630218506,5.898658037185669
Fc1ccc(-c2cn3c([n+]2-c2ccccc2)CCCC3)cc1,5.204464435577393,5.199093341827393,5.201778888702393
COc1ccc2c(CCN(C)C)c[nH]c2c1,4.036612987518311,4.769451141357422,4.403032064437866
COc1cc2oc3ccc(OC4CCCCC4)cc3c(=O)c2cc1OC,5.7319416999816895,4.855953216552734,5.293947458267212
O=c1c2ccccc2oc2cc([N+](=O)[O-])ccc12,5.340529441833496,5.219640731811523,5.28008508682251
CNCc1ccc(-c2ccc(F)c(C(F)(F)F)c2)o1,5.726534843444824,6.043222427368164,5.884878635406494
CCOc1ccc2c(=O)c(-c3ccc(OCCCCCCCCN4CCCCC4)cc3)oc2c1,,,
O=C1CCc2ccc(OCc3ccc(Cl)cc3)cc2N1,3.852670669555664,7.224277496337891,5.538474082946777
O=C(CCl)c1ccc(OC(=O)C=Cc2ccccc2)cc1,5.813191890716553,6.404018878936768,6.10860538482666
C=C1CCc2cc(OCCCCCC(=O)Oc3ccc(C)cc3C)ccc21,5.730063438415527,6.658148765563965,6.194106101989746
O=C1c2ccccc2C(=O)C1c1ccccc1,5.9925150871276855,5.503373146057129,5.747944116592407
Cn1cc2cccc(OCCCCCC[n+]3ccc(CC4CCCCC4)cc3)c2n1,7.39837646484375,4.951576232910156,6.174976348876953
O=C1c2ccccc2-c2nnc(-c3ccco3)cc21,5.277113914489746,4.857415676116943,5.067264795303345
Nc1ccc2ccc(C=C3CCc4ccccc4C3=O)cc2c1,4.886499404907227,6.949605941772461,5.918052673339844
CCc1c2c(nc3cc(Br)ccc13)CCCC2,6.3762969970703125,4.669830322265625,5.523063659667969
O=c1c2ccccc2oc2occc12,5.371512413024902,4.0169782638549805,4.694245338439941
N#CCCn1nc(-c2ccc(OCc3ccccc3)cc2)oc1=O,5.998257637023926,7.139523029327393,6.568890333175659
O=C(C=Cc1cccc([N+](=O)[O-])c1)Nc1cccc(Br)c1,4.546897888183594,5.474247455596924,5.010572671890259
C=CCOC(=O)C=CC=Cc1cccc(OCc2cccc(OC)c2)c1,4.485550880432129,6.75848388671875,5.6220173835754395
COc1cc2c(c3cc(OC)c(OC)cc13)C(=O)CC2,6.491678237915039,5.1993088722229,5.84549355506897
C#CCCCCCCCCCCCCCCCNCCCC,4.393208026885986,6.391196250915527,5.392202138900757
O=C(O)CCCCCCCCCC=Cc1coc2cc(OCCOCCCCCNc3c4c(nc5ccccc35)CCCC4)ccc2c1=O,6.4594807624816895,6.056301116943359,6.257890939712524
N#Cc1ccc2oc3cc(O)ccc3c(=O)c2c1,4.753085136413574,4.87204122543335,4.812563180923462
CC1=Nc2cc(C(=O)Nc3ccc(Cl)c(Cl)c3)ccc2Sc2ccc(O)cc21,5.930256366729736,5.780694961547852,5.855475664138794
CCCCc1c2c3c(c(=O)oc2cc1OC)CCCC3,,,
CCOC(=O)c1cc2ccc(OCCCCCNc3c4c(nc5ccccc35)CCCC4)cc2o1,7.106436729431152,5.064783096313477,6.0856099128723145
O=c1ccoc2ccc(OCc3ccc4c(c3)OCCO4)cc12,4.915806293487549,6.264895915985107,5.590351104736328
COc1cc2c(c3ccc(OC)cc3[n+]2CCCCCCCN)c(=O)o1,,,
C#CCN(C)Cc1cc2cc(OCCC3CCN(Cc4ccccc4)CC3)ccc2n1C,6.383633136749268,5.558395385742188,5.9710142612457275
CC(=O)c1cccc(OCC(=O)N2CCc3ccccc3C2)c1,5.974606037139893,5.507071495056152,5.7408387660980225
C#CCN(C)Cc1cc2cc(OCC3CCN(Cc4ccccc4)CC3)ccc2n1C,6.12692928314209,5.515525817871094,5.821227550506592
O=C(c1ccc(OCCCC2CCN(Cc3ccccc3)CC2)cc1)c1c(F)cccc1Cl,5.851090431213379,4.38789701461792,5.119493722915649
c1ccc(C2CC(c3c4ccccc4cc4ccccc34)=NN2)cc1,6.486117839813232,7.681662559509277,7.083890199661255
Cc1cc2cc(C3=NCCN3)c(O)cc2o1,6.804373264312744,4.898809909820557,5.85159158706665
CC1=C(c2cc(C)ccc2O)CC(C)NCC1,5.322507381439209,4.826300621032715,5.074404001235962
CC(=O)Nc1ccc(C(=O)C(=NO)c2ccccc2Cl)cc1,4.128921508789063,4.710548400878906,4.419734954833984
Clc1cccc(-c2cc3c(o2)CCCC3)c1,4.419519424438477,5.006643295288086,4.713081359863281
Cc1cccc(COc2ccc(C3=NN(CCCCCCCN4CCN(c5ccccc5OCc5ccc(F)cc5)CC4)C(=O)N3)cc2)c1,6.334866046905518,5.8144731521606445,6.074669599533081
CC(=O)c1ccccc1OCCCCCCCCCCN,4.576359748840332,6.094025611877441,5.335192680358887
CCCCCCc1c2cc3c(cc2nc2ccccc12)OCO3,4.817097187042236,5.14531946182251,4.981208324432373
Cc1ccc(-c2nc3c(=O)n(CCCCCCCCN)ncc3o2)cc1,5.072168827056885,6.050154209136963,5.561161518096924
COc1cc2c3c(c1)C(=O)C(=O)c1ccccc1C3=O,,,
COc1c(O)ccc2c1C1=C(c3ccccc3OCCOCCCCO)C(OC)=C2C,,,
COc1cc2c(cc1OC)C(=O)C(=Cc1ccccc1)C2,6.229728221893311,5.586118221282959,5.907923221588135
CC(=O)c1ccc2c(c1)N(CCC(=O)NCc1ccccc1)CCC2,5.391634464263916,4.721621036529541,5.0566277503967285
O=c1ccoc2ccc(OCCCCN3CCCCC3)cc12,5.510619163513184,5.574376583099365,5.542497873306274
O=C1c2ccccc2-c2nnc(-c3cc(F)ccc3O)cc21,6.034852504730225,5.763922691345215,5.89938759803772
Fc1ccc(-c2ccc(C3CCNCC3)o2)cc1,4.380532264709473,5.566353797912598,4.973443031311035
C#CCN(C)Cc1cc2cc(OCc3ccccc3)ccc2n1C,4.428907871246338,7.657023429870605,6.042965650558472
C#CCNCCc1cccc(OC(=O)N2CCCCC2)c1,5.614054203033447,4.77578067779541,5.194917440414429
N#CCCCCNCCCCCCCN=C1CCCc2ccccc21,5.582726955413818,5.147981643676758,5.365354299545288
O=C(c1ccccc1)c1cc2cc(O)ccc2oc1=O,5.880194664001465,4.68800163269043,5.284098148345947
O=C1NCCCC1COc1ccc(Cl)cc1,4.063329696655273,5.199803829193115,4.631566762924194
NC(=O)Cc1csc2cc(OCc3ccccc3)ccc12,4.633962154388428,5.949814796447754,5.291888475418091
COc1ccc(CNC2C(=O)C(=O)C2=Nc2ccc3nsnc3c2)cc1,5.619960784912109,5.190434455871582,5.405197620391846
O=C1C=CC(=Cc2cc3c(cc2F)OC(F)(F)F)O1,,,
[H]c1ccccc1C(=O)NC1CCCCC1C,4.870419979095459,3.882657527923584,4.3765387535095215
O=C(Cc1csc2ccccc12)NCCCCCCCCCCNc1c2c(nc3cc(Cl)ccc13)CCCC2,8.015008926391602,4.728256702423096,6.371632814407349
COc1cc2c(cc1OC)CCCC2,4.532068252563477,4.379667282104492,4.455867767333984
Cc1ccc(CC2=Cc3cc(OCCC4CCN(C)CC4)ccc3OC2)cc1,5.494650840759277,5.222236156463623,5.35844349861145
CCCCCCCCCCC=CCC1CC(CO)(COC(=O)c2ccccc2O)OC1=O,5.119093894958496,5.782323837280273,5.450708866119385
CCNC(=O)c1ccc2oc3ccc(OCCCCCNc4c5c(nc6ccccc46)CCCC5)cc3c(=O)c2c1,7.716716289520264,4.9737229347229,6.345219612121582
COc1cc2c(cc1OC)C(=O)C(Oc1ccc(C#N)cc1)C2,6.351208686828613,4.986063957214356,5.668636322021484
COc1cc(C=CC(=O)c2ccccc2)ccc1O,5.251454830169678,5.500268459320068,5.375861644744873
CN(C)c1ccc(C=CC2=N[N+](CCC3=CCCCC3)C(=O)C2)cc1,6.315135002136231,5.815287590026856,6.065211296081544
CCN(CC)CCOc1ccc(COc2ccc3c(C)c(C)oc3c2)o1,5.133609294891357,6.757916450500488,5.945762872695923
Nc1ccc2c(c1)CC(CCCN)C2,4.791215896606445,3.025342464447021,3.9082791805267334
O=C(CCCc1ccccc1)Nc1ccc2c(C=O)coc2c1,5.001167297363281,5.989508152008057,5.495337724685669
Brc1ccc2cc(CC3CCNCC3)ccc2c1,4.2663445472717285,4.720778942108154,4.493561744689941
COc1cccc(CN(C)Cc2ccc3cc(-c4cc(Cl)ccc4O)ccc3n2)c1,5.171252250671387,5.063802242279053,5.11752724647522
O=C1CCc2ccc(OCCCCCc3ccccc3)cc2C1,5.18370532989502,5.956362247467041,5.57003378868103
CC(C)(C)c1cc[n+](CCCCCCCCCC[n+]2ccc(C(C)(C)C)cc2)cc1,7.885183811187744,3.373599052429199,5.629391431808472
CCC(=O)c1ccc(COc2ccc(C3=NN(CCCCOc4ccc([N+](=O)[O-])cc4)C(=O)C3)cc2)cc1,6.064754486083984,6.856756210327148,6.460755348205566
CCCOCCOCCOCCOc1cc2c(C)cccc2cc1OC,4.351767539978027,6.954739570617676,5.653253555297852
N#Cc1cccc(C#CC2CCCCC2)c1,4.522065162658691,6.053287982940674,5.287676572799683
O=c1oc2ccc(OCCCCCCNc3c4c(nc5cc(Cl)ccc35)CCCC4)cc2cc1-2,,,
CCOc1ccc2cc(C(=O)CCCCCCCCCCCCCNc3c4c(nc5ccccc35)CCCC4)ccc2c1,7.041873931884766,5.36913537979126,6.205504655838013
Cc1ccc2c([n+](C)c3ccccc3)oc2c1,,,
CC(=O)c1cc2ccc(OCc3cccc(Br)c3)cc2oc1=O,5.307680130004883,7.498393058776855,6.403036594390869
O=C1CCc2ccc(OCCCCCNc3c4c(nc5ccccc35)CCCC4)cc2N1,7.586210250854492,5.279542446136475,6.432876348495483
O=c1c2ccccc2oc2nc3ccccc3nc2ccccc3c12,,,
CC1=CC2Cc3nc4cc(Cl)ccc4c(NCCCCCCCCCNc4c5c(nc6ccccc46)CCCC5)c3C(C1)C2,8.753646850585938,4.46848201751709,6.611064434051514
c1ccc2c(c1)CCC1C2CCC2(CC1)N=C2NOCC1CCCCC1,5.791453838348389,6.138823986053467,5.965138912200928
c1ccc(CN=C2CCNCC2)cc1,4.340275287628174,3.5446701049804688,3.9424726963043213
Nc1ccc2c3c(cccc13)OC(=O)C2,5.709179878234863,4.204706192016602,4.956943035125732
CNC(=O)NCc1cccc(F)c1,4.89240837097168,5.66161584854126,5.27701210975647
O=C1c2ccccc2-c2nnc(COc3ccccc3)cc21,5.103690147399902,5.5179524421691895,5.310821294784546
CCCCc1c2c3c(c(=O)oc1-2)CCCC3,,,
CCOc1ccc2cc(C(=O)C3CCCN(Cc4ccccc4C)C3)ccc2c1,5.750430107116699,4.603801727294922,5.1771159172058105
O=C1Nc2cc(OCCCC3CCN(Cc4ccccc4)CC3)ccc2C1=O,7.061893463134766,5.454287052154541,6.258090257644653
C=CCc1cccc(C=CC=CC(=O)c2cc(OC)ccc2O)c1,4.926770210266113,6.167950630187988,5.547360420227051
c1ccc2c(c1)CCC1C3=NCC4CCC3C4CCO2,,,
Nc1ccccc1CC(=O)N1CCCCC1CCO,5.78542947769165,4.317134857177734,5.051282167434692
CCCCCNC1=C2CCC=C2C=C1CCC2C=C1CCCC21,6.298884391784668,5.907017230987549,6.102950811386108
O=C1NC(=O)c2cc(OCc3cccc(Cl)c3)ccc21,5.613232612609863,7.9984893798828125,6.805860996246338
COc1cc2c(cc1OC)C(=O)C(Oc1ccc(CCCN)cc1)C2,6.110992908477783,4.84066104888916,5.475826978683472
Nc1ccc(C2Oc3ccc(CC(=O)Nc4ccncc4)cc3C2=O)cc1,6.341907501220703,4.663205623626709,5.502556562423706
CC#CC1(O)CCC2C3CC=C4CC(=O)CCC4=C3C(c3ccc(N(C)CCCCCCCCCCN(C)C)cc3)CC21C,5.913461685180664,6.537344932556152,6.225403308868408
O=C1c2ccccc2C(=O)C12CCCC2,5.651567935943604,5.076953411102295,5.364260673522949
CC(C=CC=CC(C)C=C1CCC(=O)N1C)=CCC1,,,
CC(=NNc1nc(-c2ccc(F)cc2F)cs1)c1ccc(O)c(OCCN(C)C)c1,5.520366668701172,6.252182960510254,5.886274814605713
CCc1cc2c(s1)Nc1cc(OCCCCCNc3c4c(nc5ccccc35)CCCC4)ccc1C2=O,7.697611808776855,4.934410095214844,6.31601095199585
CC(c1ccc(OCc2cccc3cccnc23)cc1)N1CCCC1,4.882996082305908,5.461036682128906,5.172016382217407
CCCC(=O)Nc1cccc(C2=NOC3CCCCC3O2)c1,4.414148807525635,5.784760475158691,5.099454641342163
Oc1[nH]c2ccc(OCCCCCNc3c4c(nc5cc(F)ccc35)CCCC4)cc2c1O,8.419861793518066,5.63986873626709,7.029865264892578
C=CCOc1ccc(C=CC=C2CCNCC2)cc1,4.377364158630371,6.346081733703613,5.361722946166992
O=C(NCC=CCN1CCN(c2ccc([N+](=O)[O-])cc2)CC1)c1ccccc1,5.440262794494629,4.354137420654297,4.897200107574463
COc1cc2c(cc1OC)CC1CCC2C(=CCCC(=O)C2CCCCCCC(C)C)O1,,,
CCNc1c2c(nc3scc(C)c13)CCCC2,7.138636589050293,4.277173042297363,5.707904815673828
Cc1cccc(C=CC2=O)c1OCCC1CCN(C)C,,,
CCNC(=O)OCc1cccc(C(=O)c2ccccc2)c1,6.080288887023926,4.693747997283936,5.387018442153931
COc1ccc(C=Cc2cc3cc(OC)cc(OC)c3oc2=O)cc1,5.34897518157959,6.033950805664063,5.691462993621826
CC(C=CC=CC1=CC=CCC(=O)C1)=CC=CCSc1ccccc1Cl,3.15212631225586,5.728017807006836,4.440072059631348
O=[N+]([O-])c1ccc(CNc2c3c(nc4ccccc24)CCCC3)cc1,5.648589611053467,4.72987699508667,5.189233303070068
CC(C)=CCc1c(O)ccc2oc3ccccc3c(=O)c12,4.698589324951172,4.696090221405029,4.697339773178101
O=C1c2ccccc2OCC1CCCCCC1,,,
Cc1c2c3c(sc2nc2cc(C)ccc2c1N,,,
CNC(=O)c1ccc(CCCCCCCNc2c3c(nc4ccccc24)CCCC3)cc1,8.735597610473633,4.601871013641357,6.668734312057495
CC(=NNC(=O)c1[nH]cnc1C(=O)Nc1ccc(Cl)cc1)c1ccccc1,5.367655754089356,4.903680324554443,5.135668039321899
O=C(CCc1c[nH]c2ccccc12)NCC1CCCCC1,5.73875093460083,4.271579742431641,5.005165338516235
COc1cc2c(cc1OC)C(=O)C(=C(OC)CCCC3=O)C2,,,
COc1ccc(-c2cc3cc(O)ccc3oc2=O)cc1,5.262791633605957,6.280186176300049,5.771488904953003
CCCN1CCC=C(CC=Cc2cccc(F)c2)C1,6.089653968811035,3.801291942596436,4.945472955703735
O=C(CCl)Nc1ccc2ccccc2c1,4.060810089111328,6.4277448654174805,5.244277477264404
N#Cc1ccc2ccoc2c1OCCOc1ccccc1,4.349842071533203,6.104569435119629,5.227205753326416
C=CCn1cc(-c2ccc(OCCOc3ccc4c(C)cc(=O)oc4c3)cc2)c2ccccc21,5.240189552307129,6.725781440734863,5.982985496520996
C=CCNC(=O)C=CC=CCc1cc2c(cc1OC)OCO2,4.955223560333252,5.296303749084473,5.125763654708862
CN(C)c1ccc(C=CC=CC=CC=CCC=CCCC(=O)O)cc1,3.292628288269043,6.483428001403809,4.888028144836426
O=C(CO[N+](=O)[O-])NCCCCCNc1c2c(nc3ccccc13)CCCC2,7.624936580657959,4.855758190155029,6.240347385406494
CC1=CC(C)(C)Nc2ccc3c(c21)COc1c2ccc(O)cc2O3,,,
COc1cccc(-c2csc(NN=C3CCCCC3C)n2)c1,5.893039226531982,6.449075222015381,6.171057224273682
CN(C)c1ccc2c3c(cccc13)C1=C(CCC[N+]1)C2=O,6.921891689300537,5.988659381866455,6.455275535583496
CC(C#N)Oc1c2oc3ccccc3c2cc2c3c(c1)COC(=O)CC2,,,
COc1cc2c(cc1OC)C(=O)C(Oc1ccc(C3CCN(C)CC3)cc1)C2,5.96012020111084,5.105384826660156,5.532752513885498
O=C1CCC=C2Oc3cc(C(F)(F)F)ccc3C(=O)C12,5.519974231719971,6.711987495422363,6.115980863571167
COc1cccc(C=C2CN3CCCC3c3ccccc32)c1,4.3896589279174805,5.693908214569092,5.041783571243286
NC(=O)CC1=C(O)C(O)=Nc2cc(Cl)ccc2SC1=O,5.062962055206299,5.048159599304199,5.055560827255249
COC1=CC=CC2C1Cc1ccccc1C2=CC(=O)OC,3.318587064743042,6.094350814819336,4.706468939781189
CC1=CC=CC2=NN(c3ccc(C#N)c(Cl)c3)C(C3CCCC3)CC2=O,,,
CC(=CC=Cc1cc(O)ccc1O)C=C1CCCCC1=O,4.823658466339111,6.155791282653809,5.48972487449646
CC(C)=CC1CC(O)C(CO)O1,3.304292917251587,3.977804183959961,3.641048550605774
Fc1ccc(-c2ccc(C(=CCCN3CCNCC3)c3ccc(F)cc3)o2)cc1,5.293603420257568,5.334738254547119,5.314170837402344
CC(C)=C1CC(=O)Oc2cc(OCc3cccc(Cl)c3)ccc21,4.823709487915039,7.260771751403809,6.042240619659424
CN(C)CCNC1=NS(=O)(=O)c2ccc(C(=O)OCc3ccc4occc4c3)cc21,6.126388549804688,5.18660831451416,5.656498432159424
CC1CC1c1ccc2c(CCCCn3ccnc3)coc2c1,5.976801872253418,6.284791469573975,6.130796670913696
O=C1Cc2cc(OCCCCN3CCC(c4cccc5ccccc45)CC3)ccc2O1,5.475341320037842,5.7395100593566895,5.607425689697266
CCOC(=O)CC=CCNc1c2c(nc3ccccc13)CCCC2,6.842029571533203,4.47800350189209,5.6600165367126465
COc1ccc(-c2csc3ncnc(NCCCCCCNc4c5c(nc6ccccc46)CCCC5)c23)cc1,6.552311897277832,5.221216201782227,5.886764049530029
CCN(CCCCCCCN=C1CC(=O)C(=NCCCCCCN(CC)Cc2ccccc2OC)CC1=O)Cc1ccccc1OC,7.685588836669922,4.89345121383667,6.289520025253296
CCCOn1c2ccc(Cl)cc2c2c3c(O)[nH]cc3c3c4ccccc4n(CCCC#N)c3c21,5.9134297370910645,5.331665992736816,5.62254786491394
CC=CC=CC(=O)Cc1cc2ccoc2c(OCCCCCCCCCCCC(=O)NCC=O)c1O,6.311345100402832,6.215300559997559,6.263322830200195
Cc1cc2nc(O)c(C(=O)c3ccccc3)cc2cc1C,5.384054183959961,5.160672664642334,5.2723634243011475
O=C1Nc2ccccc2C1=Cc1ccc[nH]1,4.685446262359619,6.222888469696045,5.454167366027832
O=C(C=Cc1cccc([N+](=O)[O-])c1)Nc1cccc2cccnc12,5.01060962677002,5.400326728820801,5.20546817779541
CN=C1N=C(Cc2ccncc2)C(C)CS1,6.543915271759033,6.9714860916137695,6.757700681686401
COc1cc2c(cc1OC)CCCC2=O,6.141354084014893,4.785329818725586,5.463341951370239
Brc1ccc2c(c1)CCC2=Cc1ccco1,3.908637523651123,6.665145397186279,5.286891460418701
CCc1c2c(n3ccc(OCCCCCCCCCN4CCCCC4)cc13)CCCC2,7.479947090148926,5.362349510192871,6.421148300170898
CCC=C1CC(=O)Oc2cc(OCc3cccc(Cl)c3)ccc21,4.526049137115479,7.061620235443115,5.793834686279297
Cc1occc1CC(=O)NC1CC2CCCCC2C1,5.237432479858398,4.55448055267334,4.895956516265869
O=C(NCC1CCN(S(=O)(=O)c2ccccc2)CC1)Nc1ccc(F)cc1,5.53615140914917,4.900317668914795,5.218234539031982
Clc1ccc(OCCCCCCNc2c3c(nc4ccccc24)CCCC3)cc1,6.76247501373291,4.912962913513184,5.837718963623047
COc1cc(C=C2CCC(CC3=NCCN3)CC2)ccc1OC(C)=O,5.88926362991333,4.130149364471436,5.009706497192383
c1ccc(-c2csc(NN=C3CCCCC3)n2)cc1,5.214626789093018,6.236650943756104,5.7256388664245605
CC(C)=C1CC(CO)Oc2cc(OCc3ccccc3)ccc21,5.2692461013793945,5.528429985046387,5.398838043212891
O=c1oc2ccc(OCc3cccc(Cl)c3)cc2c2c3c(cc1c3ccccc3oc12)CCCC3,,,
Cc1cc(C)cc(NC(=O)N=c2[nH]c3cc(Cl)ccc3c(=O)s2)c1,6.22569465637207,5.813578128814697,6.019636392593384
O=C(C#CC(O)c1ccccc1)OCC1CCCCC1,4.43548059463501,5.355471134185791,4.8954758644104
O=S1(=O)c2cccc3cccc(c23)N1CCCCC1,,,
CC(C)=CCNC(=O)Cc1c(-c2ccccc2)[nH]c2ccccc12,5.7062201499938965,4.230082511901856,4.968151330947876
O=C1COc2occ(=O)c(Cl)c2C1,,,
Fc1ccccc1CN=C1CCCC1CN=C(Cc1cccnc1)C1CCCCC1,5.81988525390625,5.046436786651611,5.433161020278931
COC(=O)c1ccc2oc3ccc(OC)cc3c(=O)c2c1,4.893166542053223,5.021821022033691,4.957493782043457
CC=CC(=O)Nc1cc2c(cc1OC)CCCC2,5.514261245727539,4.626605987548828,5.070433616638184
NC1=NC2CCCCC2C1=O,6.371893405914307,6.750795364379883,6.561344385147095
O=c1ccoc2ccc(OCc3ccc(Cl)cc3)cc12,3.986671924591065,7.444510459899902,5.715591192245483
CC(C)=CCN1CCC2(C)c3cc(O)ccc3CC1C2C,5.547050476074219,5.277956962585449,5.412503719329834
O=C(C=Cc1ccccc1)OC1=O,,,
CCNC(=O)C=Cc1cc2cc(OCc3ccccc3)ccc2n1C,4.668830394744873,6.429050922393799,5.548940658569336
N#Cc1ccc(N=C2CC(=O)c3sc(C#CC(=O)NCc4ccccc4)cc3C2=O)cc1,6.179839134216309,5.834731101989746,6.007285118103027
C#CCN(C)CCc1c[nH]c2ccc(OC)cc12,3.890275239944458,6.733236312866211,5.3117557764053345
Ic1ccc(C2CC(c3c4ccccc4cc4ccccc34)=NN2)cc1,7.057329654693604,8.40237808227539,7.729853868484497
COc1cc2c(cc1OC)C(=O)C(Oc1cc(C)cc(C3C=NCCN3)c1)C2,5.891940116882324,5.2699127197265625,5.580926418304443
CCCCC1CCN(CCCC(=O)c2cccc(OC)c2)CC1,5.863848686218262,4.216936111450195,5.0403923988342285
CC#CC1CCc2c(OC)cccc21,3.6341958045959473,5.398653507232666,4.516424655914307
CCOC(=O)c1cc2ccccc2cc1O,4.625884056091309,6.099826812744141,5.362855434417725
O=[N+]([O-])c1cccc2cc(OCCCC3CCN(Cc4ccccc4)CC3)c(O)cc12,6.391375541687012,5.061626434326172,5.726500988006592
Cc1c2c(nc3oc(C(C)(C)C)cc13)CCCC2,5.182037830352783,5.463217258453369,5.322627544403076
O=C1c2ccccc2-c2nc3nnnn3nc21,4.122465133666992,3.952200412750244,4.037332773208618
CC1=NN(c2ccccc2)C(=O)C1=Cc1ccccc1OCCCCCCCCNc1c2c(nc3ccccc13)CCCC2,6.668890476226807,5.060164451599121,5.864527463912964
NCc1nc(=O)c2c(nc(O)c3occc23)s1,5.539992332458496,3.5095973014831543,4.524794816970825
CC#CCNOCc1cc2cc(OCCCC)ccc2n1C,4.830611705780029,6.669713497161865,5.750162601470947
CCNC(=O)c1ccoc1C=Cc1ccc(C2=CCC3CCC(=O)CC23)o1,6.013189315795898,5.835183143615723,5.9241862297058105
CC(CC1CC2CCC1C2=O)=NNCc1ccc2c(c1)OCO2,5.354143142700195,5.25382661819458,5.303984880447388
O=C1Oc2cc(OCc3ccccc3)ccc2C2=CCCC12,5.2477569580078125,7.570420265197754,6.409088611602783
COc1ccc(OC)c(C(=O)C=Cc2cccc(OC(=O)c3ccccc3)c2)c1,6.143258571624756,5.489400863647461,5.816329717636108
NC(=O)NCc1ccc(Cl)c(Br)c1,3.2551159858703613,5.20983362197876,4.2324748039245605
COc1cc2cc(C(=O)CCc3ccccc3)oc2cc1OC,6.928657531738281,5.095060348510742,6.011858940124512
O=C1c2ccccc2OC(=O)C1CCCO1,,,
CC=C1CCC(=O)C(OC2CC3(C)C(CCC3CCCCC3)O2)C1,,,
Oc1ccc(-c2ccc3ccc(OCCCCCCCNc4c5c(nc6ccccc46)CCCC5)cc3c2)cc1,6.469354629516602,5.364444732666016,5.916899681091309
COc1cc2c(cc1OC)CC(CSCCn1cc[n+](Cc3ccc(Cl)cc3)c1=O)O2,,,
C=C1C=C(N2CCOCC2)Cc2ccccc21,4.914342880249023,5.652751445770264,5.2835471630096436
Cc1cc2oc(=O)c(CN3CCC(C(=O)c4cc(F)ccc4O)CC3)cc2cc1C,6.625644207000732,5.77341365814209,6.199528932571411
COc1ccc(Cl)cc1NC(=O)c1coc2ccccc2c1=O,6.191091537475586,5.342642307281494,5.76686692237854
COc1cc(-c2csc(NN=C3CCCC3)n2)ccc1OCCCN(C)C,5.462073802947998,5.857347011566162,5.65971040725708
CN=C1CCc2cc(OC)c(OC)cc2N1C,5.103418827056885,4.736660480499268,4.920039653778076
COc1ccc(C#CCSc2nc3ccccc3c(=O)n2C)cc1,5.513057231903076,6.77271032333374,6.142883777618408
COc1ccc2c(c1)c1c(n2CCCc2ccccc2)CCCC1,5.093311786651611,4.921164989471436,5.007238388061523
CC(=O)OCOc1ccc2cc(C=CC(=O)c3cccc(C)c3)c(=O)oc2c1,5.044610977172852,6.800817966461182,5.922714471817017
c1ccc(CCCCCCCCCCCCNc2c3c(nc4ccccc24)CCCC3)cc1,6.889671325683594,4.517782688140869,5.7037270069122314
Clc1ccc(C2=NN(CCCCCCCCCNc3c4c(nc5ccccc35)CCCC4)CC2)cc1,8.185312271118164,4.843597888946533,6.514455080032349
CCCCCCCCc1c2c3c(nc4cc(F)c(F)cc14)CCC3CCC2=O,,,
CC1=CC=CC1=NNc1ccc(C(=O)CCc2ccccc2)cc1,5.497571468353272,5.108709812164307,5.303140640258789
O=C1Cc2ccc(OCCCCCCc3cccc(C=Cc4ccc(O)cc4O)c3)cc2O1,5.257842540740967,6.491106033325195,5.874474287033081
N#CCCN1N=C(c2ccc(OCc3ccccc3)cc2)OCC1=O,6.0772576332092285,6.990738868713379,6.533998250961304
Cc1ccc(OCCCCCCCNc2c3c(nc4cc(Cl)ccc24)CCCC3)cc1,7.406977653503418,5.201262950897217,6.304120302200317
CCCCCC1=CC2=CC(C)C(=O)C(O)C2Oc2ccccc21,4.572723388671875,6.509897232055664,5.5413103103637695
O=C1NCCc2ccc(Br)c(Br)c21,5.367313861846924,4.539151191711426,4.953232526779175
CC1=CC2Cc3nc4cc(Cl)ccc4c(NCCCCCCCCCCCNC(=O)c4cc(O)c5c(c4)C(=O)c4cccc(O)c4C5=O)c3C(C1)C2,8.414365768432617,5.632161140441895,7.023263454437256
Clc1ccc(C=CC=CC=CCN=C2CCCCC2)c(Cl)c1,4.2501301765441895,5.887605667114258,5.068867921829224
C#CCN(C)Cc1cc2cc(OC)ccc2n1C,4.687257289886475,6.898006916046143,5.792632102966309
CC(=O)N1N=C(c2cccc(OCCCCCc3ccccc3)c2)CC1c1ccccc1,6.443129539489746,5.508482933044434,5.97580623626709
CCCc1cc2c(s1)c1c(n2CCC)CCNC1O,5.519485950469971,4.494285106658936,5.006885528564453
COc1cc2c(cc1OC)C(=O)C(=Cc1cc3c([nH]1)CCCC3)C2,6.808018684387207,5.873614311218262,6.340816497802734
CC#CCNC1CCc2cc(OCCCCCNc3c4c(nc5ccccc35)CCCC4)ccc21,6.4797868728637695,5.247770309448242,5.863778591156006
COc1ccc2c(c1)c(C=CC=CCN(C)C)cn2C,4.855878829956055,4.936397552490234,4.8961381912231445
CCc1ccc2oc(C3CCC(C3)Oc3ccccc3)nc2c1,5.874197959899902,5.0866875648498535,5.480442762374878
Nc1nc(=O)c2c(-c3cccc(Br)c3)csc2n1,,,
COc1cc2c(CC(C)C)c[nH]c2cc1OCCCCCCCNc1c2c(nc3ccccc13)CCCC2,7.15219783782959,4.800739288330078,5.976468563079834
O=C1Cc2c(cccc2OCCCCCCCNc2c3c(nc4ccccc24)CCCC3)O1,7.284201145172119,4.929708003997803,6.106954574584961
CNC(=O)Oc1cc(Cc2ccccc2)cc2cccnc12,7.740290641784668,4.711217403411865,6.225754022598267
Nc1ccccc1C1=CC(c2cccc(O)c2)CCC1,4.571586608886719,4.922827243804932,4.747206926345825
CC1=NN(c2ccccc2)C(=O)C1=Cc1ccccc1OCCCCC1CCN(C)CC1,5.902559280395508,5.136645793914795,5.519602537155151
Cc1ccc(OC(=O)c2ccc3c(c2)CCNC3=O)cc1,5.60821533203125,5.840240478515625,5.7242279052734375
O=C(OCC1CCCCC1)c1cc2ccccc2oc1=O,5.439010620117188,5.283246994018555,5.361128807067871
COc1cccc(C2CC(=O)N3C=CCSC3=N2Cc2ccco2)c1,,,
O=C1c2ccccc2CCC1c1cnc(C(=O)CCCCCCCCCNc2c3c(nc4ccccc24)CCCC3)o1,7.154644012451172,5.096867561340332,6.125755786895752
O=C(C=Cc1ccccc1)OC1COC2C(OC(=O)c3ccccc3)COC12,3.618168354034424,5.04771614074707,4.332942247390747
O=C(O)c1ccc(C=Cc2ccc3ccccc3c2)cc1,4.062838077545166,7.513867378234863,5.788352727890015
O=C(C#Cc1ccccc1)N1CCc2ccccc21,4.4806084632873535,5.657395839691162,5.069002151489258
N#Cc1cccc(C2=NC(Cn3ccnc3)CO2)c1,6.152487754821777,5.181583881378174,5.667035818099976
Clc1ccc2c(OCCCCCCc3c[nH]c4ccc(Br)cc34)coc2c1,5.538913249969482,6.798346519470215,6.168629884719849
c1ccc(-c2ccc(COc3ccc4c(c3)CCCC4)o2)cc1,3.998751401901245,5.403775215148926,4.7012633085250854
COc1cc2c(cc1OC)C1CCC(CCCCNc3c4c(nc5ccccc35)CCCC4)CC1O2,7.209707260131836,4.972609996795654,6.091158628463745
Clc1ccc(C2=NN=C(NC3CCCCC3)SC2)cc1,5.704631328582764,6.168111801147461,5.936371564865112
COc1cc(C=CC2=NN(C)c3ccccc3C2=O)ccc1O,5.68446159362793,5.543602466583252,5.614032030105591
CCCCCCCNc1c2c(nc3ccccc13)CCCC2,6.429859161376953,4.194708824157715,5.312283992767334
N#Cc1ccc2c(c1)CCCC2=O,4.844807624816895,6.390203952789307,5.617505788803101
O=C(OCCF)c1ccc2[nH]c(O)c(C=Nc3ccc(Br)cc3)c2c1,5.080265998840332,5.946240425109863,5.513253211975098
CN1C=C(C=Cc2cccc(Cl)c2)C(=O)C1,4.558289527893066,6.145518779754639,5.3519041538238525
O=C(C=Cc1cccc([N+](=O)[O-])c1)Nc1ccc2c(c1)OCO2,5.605003356933594,5.332642555236816,5.468822956085205
O=C(OC1C[N+]2(CCCOc3cc4ccccc4cc3)CCC1CC2)C1(C2=CC=CC2)CCCCC1,5.310542106628418,5.260095596313477,5.285318851470947
O=C1CCc2ccc(OCCCCCCNc3c4c(nc5ccccc35)CCCC4)cc2N1,7.6467509269714355,5.350108623504639,6.498429775238037
CNC(=O)CC1CCC2C3CC=C4CC(=O)CCC4(C)C3CCC12C,5.228616714477539,7.120511531829834,6.1745641231536865
CCCc1c2c(nc3ccccc13)CCCC2,5.2706170082092285,3.51059627532959,4.390606641769409
CCC(=O)c1ccc2c(c1)C(=O)OC2=O,5.338505744934082,6.272925853729248,5.805715799331665
O=C1Cc2cc(OCCCCCNc3c4c(nc5cc(Cl)ccc35)CCCC4)ccc2O1,7.685089111328125,5.282207012176514,6.483648061752319
O=C(NC1CCCC1)c1cc2cc(Cl)ccc2oc1=O,5.544940948486328,5.412140369415283,5.478540658950806
c1ccc2c(c1)Cc1c-2nnc2ccccc2c1N2,,,
Clc1ccc2c(c1)C(=Cc1cccc3cc(Br)ccc13)O2,4.5146894454956055,7.772478580474853,6.1435840129852295
CCC=CC=CCC=CCC=CCC=CCC=CC=CC(=O)O,2.891749143600464,5.703091144561768,4.297420144081116
Cn1cc(-c2ccc3c(c2)c(=O)oc2cc(O)ccc23)cn1,5.798267364501953,5.815466403961182,5.806866884231567
COc1ccc(C=C2COc3ccccc3C2=O)cc1,5.155951023101807,6.617238521575928,5.886594772338867
COc1cc2cc(-c3ccsc3)oc2c(C)c1OC,5.329642295837402,5.2609453201293945,5.295293807983398
Cc1ccc2c(c1)c(=O)oc1c3cc(O)ccc3nc4ccccc4nc21,5.627265453338623,4.907915115356445,5.267590284347534
O=C(NN=Cc1ccc(OCc2ccccc2)cc1)c1ccc(O)cc1,5.197079181671143,5.054388046264648,5.1257336139678955
COc1ccc(OC)c(C(=O)NC(Cc2c[nH]c3ccccc23)C(=O)NCCCCCCCCOc2cccc(N)c2)c1,6.001732349395752,4.714118957519531,5.357925653457642
O=c1ccoc2ccc(OCc3cccc(OC(F)(F)F)c3)cc12,5.332679271697998,6.588146209716797,5.9604127407073975
Cc1c2ccccc2nc2c1ccc1ccccc12,4.439687728881836,5.241070747375488,4.840379238128662
CC#CC1(O)CCC2C3CC=C4CC(=O)CCC4=C3C(c3ccc(C)cc3)OC21C,5.424951553344727,7.987910270690918,6.706430912017822
N#Cc1cc2c(=O)n3ccccc3nc2n(Cc2cccc([N+](=O)[O-])c2)c1=O,5.513916015625,4.849545001983643,5.181730508804321
COc1cc2c(cc1OC)C(=O)C(Cc1ccccc1)C2,6.889962673187256,4.686090469360352,5.788026571273804
CC#CC1(O)CCC2C3CCC4=CC(=O)CCC4C3CCC21C,4.424420356750488,7.933468818664551,6.1789445877075195
CCCCCCCNCCCCCCN(C)C,4.517470359802246,3.803894519805908,4.160682439804077
Clc1sc2ncnc(NCCCCCCCCNc3c4c(nc5ccccc35)CCCC4)c2c1,7.892430305480957,5.346555709838867,6.619493007659912
c1ccn2c3c(cccc31)C(=NN=C1CCCCC1)O2,,,
C#CCN(C)Cc1cc2cc(OCCCC3CCN(Cc4ccccc4)CC3)ccc2n1C,6.455060958862305,5.637757778167725,6.046409368515015
COc1cc2c(cc1OC)OC(=O)CC2=Cc1ccccc1,6.387191295623779,5.291960716247559,5.839576005935669
Ic1cccc(C=C2CCc3ccccc32)c1,4.119751453399658,6.8885650634765625,5.50415825843811
CC(=O)c1cccc(C=CC(=O)NCc2ccccc2)c1,4.539191246032715,5.50173807144165,5.020464658737183
NCCCCCCCCCCC[n+]1cccc2ccccc21,5.090450286865234,4.902943134307861,4.996696710586548
CCCCCCNC(=O)CCC(=O)c1ccccc1,5.565369606018066,5.333410263061523,5.449389934539795
Cc1ccc2cc(COCCCCCCCNc3c4c(nc5ccccc35)CCCC4)c(=O)oc2c1,7.333695411682129,5.197929859161377,6.265812635421753
O=C(NCCCCCCCNc1c2c(nc3ccccc13)CCCC2)c1ccc(F)cc1,8.517166137695312,4.743821620941162,6.630493879318237
CC(=O)Nc1ccc2c(c1)c(C=Cc1cc(C)ccc1[N+]2=O)c(C)cc1O,,,
C#CCN(C)Cc1cc2cc(OCCC3CCN(Cc4ccccc4)CC3)ccc2n1C,6.383633136749268,5.55838680267334,5.971009969711304
O=C(NCCc1ccccc1)c1cc2ccccc2oc1=O,6.8630218505859375,5.6682610511779785,6.265641450881958
O=C(ON=Cc1ccc(O)c(O)c1)c1ccc2ccccc2c1,5.257877826690674,5.689329624176025,5.47360372543335
COc1cc2c(cc1OC)C1=NOC(CN3CCN(CC=CCc4ccccc4)CC3)C1CO2,6.674217224121094,4.851819038391113,5.7630181312561035
C#CCCCCCCCCCCCCCCCN=Cc1ccc(C=Cc2ccccc2)o1,4.304903030395508,6.348969459533691,5.3269362449646
O=C(c1ccc2ccccc2c1)N1CCOCC1,4.368320465087891,4.8719000816345215,4.620110273361206
COC(=O)c1cc2cc(OC)ccc2oc1=O,5.331464767456055,5.253707885742188,5.292586326599121
NC(CCCCCCCCNc1c2c(nc3ccccc13)CCCC2)CCCCC1NCCCCCCCCNc1c2c(nc3cc(Cl)ccc13)CCCC2,,,
Fc1ccc(C2CNCCO2)cc1,3.819483757019043,5.877702236175537,4.84859299659729
CN1CC=C2CNCC2C1,2.942380428314209,2.8490664958953857,2.8957234621047974
O=C1NC(=O)c2ccccc2C1=O,5.112959384918213,6.0652265548706055,5.589092969894409
NCc1cccc(C2=NC(c3cccc(Cl)c3)C(CO)C2)c1,5.314726829528809,4.986091136932373,5.150408983230591
COc1cc2c(cc1OC)CCN(CCCCCCCCCCCN)CC2,5.352936267852783,4.900227069854736,5.12658166885376
CC(=NNC(=O)C(O)c1ccc(Cl)cc1)c1ccccc1,4.991304874420166,4.258842468261719,4.625073671340942
CC(C)CNc1c2c(nc3ccccc13)CCCC2,6.076201438903809,3.549161911010742,4.812681674957275
O=C(C#CCN1CCCC1)Oc1cccc(Cl)c1,5.810757637023926,4.636028289794922,5.223392963409424
CC1CC(=O)c2cc(C#N)c(Br)cc2O1,5.783361911773682,4.60023832321167,5.191800117492676
CCCCCn1c2ccccc2c2ccc(OCCCCCCCCCNc3c4c(nc5ccccc35)CCCC4)cc21,6.729057312011719,5.1230244636535645,5.926040887832642
COc1cccc2cc(C(=O)C=CC3CCCCC3)oc12,5.495775699615479,5.42983865737915,5.4628071784973145
Cc1cccc(Cl)c1-c1cc2ccccc2oc1=O,4.750124931335449,6.010957717895508,5.3805413246154785
O=C(F)c1cccc2c1CCC2c1nc(-c2ccccc2)no1,5.9364333152771,6.204313278198242,6.070373296737671
Clc1ccc2c(c1)CCc1sc3ncnc(NCC4CCCO4)c3c12,6.424522399902344,5.318694591522217,5.87160849571228
CNC(=O)Oc1cc2c(cc1)C1(C)CCOC1O2,7.709758758544922,5.111479759216309,6.410619258880615
Cc1c(C)c2ccc(OCc3ccc(Cl)c(Cl)c3)cc2oc1=O,4.334939956665039,8.882909774780273,6.608924865722656
COc1ccc2c3c(cccc13)C(=O)C(CC(C)C)(C)C2=O,5.474947929382324,5.239526748657227,5.357237339019775
CN(C)c1cc2cc(OCCC3CCN(Cc4ccccc4)CC3)ccc2oc1=O,7.061665058135986,5.147554397583008,6.104609727859497
Cc1ccc2oc(=O)c(-c3ccc(OCCCCCCCN4CCCCC4)cc3)cc2c1,5.604475975036621,6.019579887390137,5.812027931213379
Cc1cc(C)c2c(=O)n(CC(=O)Nc3ccccc3)sc2n1,6.039191246032715,4.170558929443359,5.104875087738037
COc1ccc(-c2cc(=O)c3ccc(OCc4ccccc4)cc3o2)cc1,4.957884311676025,6.141140460968018,5.5495123863220215
O=C1CC(c2ccc(O)cc2)Oc2cc(O)ccc21,6.07784366607666,5.175586223602295,5.6267149448394775
Cc1c2ccc(C)cc2nn1-c1nnc(C(C)C)s1,5.698369026184082,6.948948860168457,6.3236589431762695
CCOC(=O)c1cc2ccoc2cc1OCC(C)C,4.740018844604492,5.543524742126465,5.1417717933654785
Cc1c2c(n3c1CCNCCCOc1cccc3c1CCC3)CCCC2,,,
O=C(CCc1c[nH]c2ccccc12)NC1CCCCC1,4.823622703552246,4.6070404052734375,4.715331554412842
O=[N+]([O-])c1ccc(C=Cc2cc[n+](Cc3ccccc3)cc2)cc1,4.97841215133667,4.139145374298096,4.558778762817383
O=C(CCc1c[nH]c2ccccc12)NCCCCCCNc1c2c(nc3cc(Cl)ccc13)CCCC2,8.89520263671875,4.749786853790283,6.822494745254517
CN(C)CCCc1ccccc1O,4.488879203796387,3.2385478019714355,3.863713502883911
Cc1cccc(NC(=O)Oc2cccc3c2CCC3=O)c1,6.955953121185303,5.802562236785889,6.379257678985596
O=C1Cc2cc(CCC3CCN(Cc4ccccc4)CC3)ccc2N1,7.245768070220947,4.0808820724487305,5.663325071334839
O=C(C=Cc1ccc(Cl)cc1)OCc1ccc([N+](=O)[O-])cc1,3.980529308319092,6.254066467285156,5.117297887802124
O=c1oc2ccc(OCCCCCCOc3ccc(-c4ccc(O)cc4)cc3)cc2cc1CO,4.806604385375977,6.956315517425537,5.881459951400757
CC[N+](C)=CC=CC1=CC=C(C)C=C1,4.2971038818359375,3.8891329765319824,4.09311842918396
CCCCn1c2cc(Cl)ccc2c(=O)c2ccoc21,5.325864791870117,5.381243705749512,5.3535542488098145
CCCOCCOCCCCCCCCCCCCCOC(=O)c1ccccc1,4.620957374572754,6.68485689163208,5.652907133102417
N#CCCn1nc(-c2ccc(F)cc2)c2c3c(cccc13)CCCC3,,,
c1ccc2c(COCC3CCCCC3)c[nH]c2c1,5.3702921867370605,4.6259765625,4.99813437461853
Cn1c(=O)c2c(nc(SCCCCCCCCCN)n2C)n(C)c1=O,5.475314140319824,6.501332759857178,5.988323450088501
COc1cc2c(cc1OC)C1=C(CCC(=O)CC1)CC2,6.285706520080566,5.528944969177246,5.907325744628906
CC(=O)N1N=C(c2ccc(OCCCCCCCNc3c4c(nc5ccccc35)CCCC4)cc2)CC1c1ccccc1C)C2=O,,,
Cc1cc2cc(C(=O)CCC3CCN(Cc4ccccc4)CC3)ccc2o1,7.33040189743042,4.164745807647705,5.7475738525390625
COc1cc2c3c(cccc13)C(=O)N(C)C2=O,,,
O=C(OC=Cc1cccc([N+](=O)[O-])c1)c1cc2ccccc2oc1=O,5.600476264953613,5.838477611541748,5.719476938247681
O=C(CCc1c[nH]c2ccccc12)OC=C1CCCCC1,4.827734470367432,5.450700759887695,5.1392176151275635
O=C1c2ccccc2-c2nnc(-c3ccccc3)cc21,4.993725776672363,5.196288108825684,5.095006942749023
O=C(C=CC=CC=Cc1ccc([N+](=O)[O-])cc1)c1ccccc1,4.081818103790283,6.034990787506104,5.058404445648193
O=c1ccoc2ccc(OCc3cccc(F)c3)cc12,4.3227128982543945,7.554745674133301,5.938729286193848
COc1cc2c(cc1OC)C(=O)C(C)C2,7.520417213439941,4.710775375366211,6.115596294403076
Cc1cccc(C2CC(c3c4ccccc4cc4ccccc34)=NN2)c1,6.703186511993408,7.963233947753906,7.333210229873657
CC(=O)c1cc2c(cc1O)OCCO2,5.603096961975098,4.215226173400879,4.909161567687988
CCOC(=O)c1cc2ccsc2n1CC(=O)NC,6.214029312133789,5.015525817871094,5.614777565002441
Cc1c(F)cccc1NCc1ccc(C2=NOC3(C2)CC2CCC3C(C)C)o1,,,
NC(=O)c1cc2ccc(OCc3cccc(Br)c3)cc2oc1=O,5.632774829864502,7.529656410217285,6.5812156200408936
Clc1cccc(-c2nc3ccccn3c2NCCCCCCCNc2c3c(nc4ccccc24)CCCC3)c1,7.685454368591309,4.272150039672852,5.97880220413208
Oc1oc2ccc(OCCCCCNc3c4c(nc5ccccc35)CCCC4)cc2c1CCCC2,,,
Cc1ccccc1OCC#CCCCCCCCN,3.7698616981506343,6.277580261230469,5.023720979690552
COc1c(O)ccc2c1C(=O)c1c(O)cccc1C2=O,6.18647050857544,5.314894199371338,5.750682353973389
O=C1Oc2cc(OCCCCCCCCCCCCNc3c4c(nc5ccccc35)CCCC4)ccc2C2CCCCC21,6.728719234466553,6.098541259765625,6.413630247116089
N#Cc1ccc(Cl)c2cc(OCCCCCNc3c4c(nc5ccccc35)CCCC4)c(Cl)cc12,6.806533336639404,5.20038652420044,6.003459930419922
Cc1ccc(CN(C)C)cc1-c1cc2c(=O)n(C)c3ccccc3c2o1,5.302468776702881,4.785147666931152,5.043808221817017
O=C([O-])c1cccc(COc2ccc(C=C3CC(=O)N4COCC3=O)cc2)c1,,,
O=C1c2ccccc2CCC1c1ccc2c(C3CC3)noc2c1,5.604048728942871,6.639017105102539,6.121532917022705
Oc1c2c3c(cccc3c1)C(O)CCCC3,,,
Cc1cccc(C2=CCN(CCCCCCCCNc3c4c(nc5ccccc35)CCCC4)CC2)c1,7.691275596618652,4.3397536277771,6.015514612197876
CN1CC(=O)N(c2ccccc2)CC1=O,4.391924858093262,4.939727783203125,4.665826320648193
O=C1Cc2ccccc2C1=O,4.845606327056885,5.345312595367432,5.095459461212158
COc1cc2c(cc1OC)C(=O)C(Cc1ccccc1)C2,6.889962673187256,4.686090469360352,5.788026571273804
OCCn1cc(C2=CCC(c3ccc(F)cc3OCCCCC(O)CN3CCCC3)O2)c2ccccc21,6.01606035232544,5.210233688354492,5.613147020339966
COCc1cc(C=CC=CC(=O)c2c(O)cccc2OC)no1,5.450868606567383,5.411490440368652,5.431179523468018
C=C1C=C(C)C(CCCC2CCOC2=O)OC1=O,3.5443005561828613,5.675339698791504,4.609820127487183
CCCCCCCCNC(=O)NCc1ccccc1,5.040457725524902,4.471385002136231,4.755921363830566
O=C(C=C1CCCCC1)NC2CCCCC1CNc1nsc2ccccc12,,,
CC(=NNc1nc(-c2ccccc2)cs1)c1cc2ccccc2oc1=O,6.270961284637451,5.289321422576904,5.780141353607178
COc1cc(C=Cc2ccc3cccc(Cl)c3[n+]2C)ccc1OCCCCC(C)=O,5.016670227050781,5.842690467834473,5.429680347442627
CC=CCc1cc2cc(OCc3ccccc3)ccc2[nH]1,4.974159717559815,6.219693660736084,5.596926689147949
Cc1ccc(C(=O)c2cc3c(=O)n4ccccc4nc3o2)cc1,5.621770858764648,4.162468433380127,4.892119646072388
COc1cc2c(C(=O)C=Cc3ccccc3)noc2cc1OCCCCCCCCNc1c2c(nc3ccccc13)CCCC2,7.181371212005615,5.364372730255127,6.272871971130371
CC1=CCN(CCCCCCCCCCNc2c3c(nc4ccccc24)CCCC3)CC1,8.031730651855469,4.34801721572876,6.189873933792114
CCCCCCCNC(=O)CCCCCCCCCCCCCCCCN=CCCCCCN=C(C)CCCCN,5.490482330322266,6.029964447021484,5.760223388671875
CC(C)=NO,-1.686450481414795,2.875227212905884,0.5943883657455444
Fc1ccc(-c2cn3c(c2)CCCC3)cc1,4.855132579803467,6.509745121002197,5.682438850402832
CC(=O)Nc1ccc(C=C2Cc3ccccc3C2=O)cc1,5.079963207244873,5.794512748718262,5.437237977981567
C=CCc1cccc(OC(=O)c2ccccc2OC)c1,5.943567276000977,4.884591579437256,5.414079427719116
O=C(COc1ccc2ccccc2c1)N=C1CCCCC1,4.9390153884887695,5.845129489898682,5.392072439193726
O=C(C=Cc1cccc(Cl)c1)Nc1ccccc1O,4.566858291625977,6.126545906066895,5.3467020988464355
Cn1c(=O)c2c(nc(C=Cc3cccc(Br)c3)n2C)n(C)c1=O,5.787894248962402,5.998159408569336,5.893026828765869
COc1cc2cc(C(=O)CCC3CCN(Cc4ccccc4)CC3)oc2cc1OC,7.865849018096924,4.295084476470947,6.0804667472839355
CC=CC=CC=CC=CCCCCCC(=O)c1ccc2c(c1)CCCC2,4.235086917877197,5.7877726554870605,5.011429786682129
C#CCCCCCc1cc2c(cc1OC)C(=N)C(C#N)C2,5.104694366455078,5.779102325439453,5.441898345947266
COc1ccc(-c2ccc3c(c2)NC(=O)C=C3CC(C)C)o1,4.9474778175354,5.155886650085449,5.051682233810425
Cc1c2ccccc2nc2ccccc12,4.183006286621094,4.282052040100098,4.232529163360596
CC(=O)c1c(C)c2cnc(OCCCOc3ccc(C(=O)N4CCCCC4)cc3)nc2oc12,,,
N#CCCN(CCC#Cc1ccc(F)cc1)Cc1ccccc1,5.424899101257324,5.530149936676025,5.477524518966675
COc1cc(C=CC2CCCCC2=O)cc2c1OCCO2,4.8376145362854,5.211675643920898,5.024645090103149
O=C1c2ccccc2CCC1C=CCN1CCC(O)C1,4.796160697937012,4.6298675537109375,4.713014125823975
COc1cc2c(cc1O)C(=O)CCC2=O,7.260445117950439,5.149085998535156,6.204765558242798
CN1CCc2cc(O)ccc2C1=O,5.393556118011475,5.589431285858154,5.4914937019348145
COc1cc2c(cc1OC)C(=O)C(Oc1cccc(CCCCCNc3c4c(nc5cc(Cl)ccc35)CCCC4)c1)C2,7.629522323608398,5.077298164367676,6.353410243988037
CN(C)c1ccc(C=C2C=Oc3ccccc3C2=O)cc1,,,
CNC(=O)Oc1cc(C)cc2cccnc12,7.610590934753418,5.0244460105896,6.317518472671509
CN(c1ccc(C=CC(=O)c2ccc([N+](=O)[O-])cc2)cc1)S(C)(=O)=O,5.335862636566162,5.02312707901001,5.179494857788086
O=C(C=CC=Cc1ccccc1)OC=CC=Cc1ccccc1,3.797509670257568,6.959361553192139,5.3784356117248535
c1ccc2c(c1)ccc[n+]2CCCCCCCCCc1c[nH]c2ccccc12,6.6197919845581055,4.798674583435059,5.709233283996582
COc1cc2ncccc2cc1OCCCCCCNc1c2c(nc3ccccc13)CCCC2,7.058186054229736,4.9444684982299805,6.001327276229858
CCC(=O)c1cccc(OCc2cc(OC)c3ccccc3c2)c1,5.049069881439209,6.120448589324951,5.58475923538208
CCCCC(=O)Nc1ccc2c(c1)OCCO2,5.040616035461426,5.831620693206787,5.4361183643341064
O=C1C(=O)c2ccccc2C1=O,6.272767066955566,4.49329948425293,5.383033275604248
O=S(=O)(c1ccc2ncccc2c1)N1CCCCCC1,4.344485282897949,5.255995750427246,4.800240516662598
O=C1c2ccccc2C(=O)C12CCCC2,5.651567935943604,5.076953411102295,5.364260673522949
COc1cc2c(cc1OC)C(=O)C(=Cc1cc3c([nH]1)CCCC3)C2,6.808018684387207,5.873614311218262,6.340816497802734
C=C1CCc2oc3cc(O)ccc3c(=O)c2C1O,5.366885185241699,4.399827480316162,4.883356332778931
COc1cc(C=CC=Cc2cc(OC)c(OC)c(OC)c2)cc(OC)c1,5.266154766082764,3.859255313873291,4.562705039978027
COc1ccc(C2=CC3CN(C)C(=O)C=C3C2)cc1,4.029379844665527,6.910065174102783,5.469722509384155
COc1ccc(CNc2c3c(nc4ccccc24)CCCC3)cc1,5.358950614929199,4.036726951599121,4.69783878326416
OCc1cc(C(Cc2ccccc2)NCCCCCCCCCCNc2c3c(nc4ccccc24)CCCC3)no1,7.062716960906982,4.766242027282715,5.914479494094849
COc1ccc2c(CCN)ccoc2c1,,,
Oc1nc2sccc2c2nc(-c3ccccc3Cl)nn12,5.129831790924072,4.555089950561523,4.842460870742798
COc1cc2c(cc1OC)C(=O)C(Oc1ccc(C)cc1)C2,6.67012357711792,4.894330978393555,5.782227277755737
CC#CCNc1c2c(nc3ccccc13)CCCC2,6.07814884185791,4.020085334777832,5.049117088317871
COc1cc(-c2cc3ccccc3oc2=O)cc(Cl)c1OC,5.734940052032471,5.919495105743408,5.8272175788879395
N#Cc1ccc2c(O)c3c(cc2c1)C(O)CCC3,3.812835693359375,6.244890213012695,5.028862953186035
O=C(CCc1c[nH]c2ccccc12)c1cc2ccccc2oc1=O,5.965021133422852,5.567000865936279,5.766010999679565
Cc1cccc(COc2ccc3c(C)c(C)c(=O)oc3c2)c1,4.736706256866455,8.668201446533203,6.702453851699829
COc1cc2c(cc1OC)C(=O)C(Oc1ccc(C(C)=O)cc1)C2,7.102496147155762,4.803229808807373,5.952862977981567
COc1cccc(C#Cc2csc(C3CC3)n2)c1,4.38914966583252,6.934810161590576,5.661979913711548
O=c1cc(CCCCCCc2cccnc2)oc2cc(O)ccc12,5.381811618804932,5.138150215148926,5.259980916976929
O=C(CCCCCCCCCNc1c2c(nc3cc(Cl)ccc13)CCCC2)NCC1CCCO1,8.61231803894043,4.82640266418457,6.7193603515625
O=C1NCCc2[nH]c3c(ccc4cc(OCCCNc5ccccc5)ccc43)c21,6.900840759277344,6.325305461883545,6.613073110580444
CN=C1CCc2c1n(C)c1ccc(OC(=O)NC)c(Cl)c21,6.363766670227051,4.214447975158691,5.289107322692871
O=C1c2cc(OCCCCNc3c4c(nc5ccccc35)CCCC4)ccc2-n2c1c1ccccc1c2=O,,,
CC1CCN(Cc2ccc(Oc3ccc(C#N)cc3)cc2)CC1,6.217730045318604,3.850893497467041,5.034311771392822
CC#Cc1c2c(c(F)c3c1OCC(=O)O3)CSCC2,4.340255260467529,3.456517219543457,3.898386240005493
CC1=CC=CC2NC(C)C=C1,,,
O=C(CCCC1CCN(Cc2ccccc2)CC1)c1ccc2c(c1)OCO2,7.143176555633545,4.577414989471436,5.86029577255249
CC(C)=CC=CC2CCCCCCCCCCCCCCCCCCCCCCCCCCCN=CC(C)Oc3cc(O)ccc3O)C2=O,,,
O=C1CCc2cc(OCCCCCCCNc3c4c(nc5ccccc35)CCCC4)ccc2N1,7.583569526672363,5.467265605926514,6.5254175662994385
CCOC(=O)c1cc2cc(OCCCCCc3ccccc3)ccc2oc1=O,5.648006439208984,6.518586158752441,6.083296298980713
CCOC(=O)CCCOc1ccc2c(C)cc(=O)oc2c1C,5.438923358917236,6.185467720031738,5.812195539474487
O=C1C=CC(=CNNc2nc3ccccc3o2)C=C1,4.367834568023682,5.243020534515381,4.805427551269531
CCCCCCCNC(=O)C=CC=Cc1ccc2c(c1)OCO2,4.105625152587891,6.046914577484131,5.076269865036011
CCC(=O)c1ccc(OCCCCCC[n+]2ccc3ccccc3c2)cc1,5.93166446685791,5.5369648933410645,5.734314680099487
Cc1ccnc2cc(COc3cccc(Cl)c3)ccc12,4.252782344818115,7.105642318725586,5.679212331771851
Clc1ccc2c(c1)C=C(C1CCCCC1)C2,5.283981323242188,5.505767345428467,5.394874334335327
c1ccc2oc3cc(OCCCCCN4CCCCC4)ccc3c2c1,5.618420124053955,4.98008394241333,5.299252033233643
O=C(C=Cc1cccc(Cl)c1)OCCCCCCCCCCCOc1ccco1,4.465396881103516,6.578677654266357,5.5220372676849365
CC=CCc1ccc2c(c1)OCO2,4.995219707489014,5.257351875305176,5.126285791397095
O=C(OC1C[N+]2(CCCCc3ccccc3)CCC1CC2)C(O)CI,5.422946453094482,4.47799015045166,4.950468301773071
O=[N+]([O-])C=Cc1ccc2c(c1)OCO2,5.300719738006592,5.019782543182373,5.160251140594482
COc1cc2c(cc1OC)C(=O)CC1CC2C(=O)C1CCC1c1ccccc1,,,
O=[N+]([O-])c1ccc(C=Cc2ccc3ccccc3[n+]2CCCc2ccccc2)cc1,4.664683818817139,5.313644409179688,4.989164113998413
CN(C)c1oc2ccccc2c1COc1ccc(CCC(=O)NCCNc2c3c(nc4ccccc24)CCCC3)cc1,6.772289752960205,4.757607936859131,5.764948844909668
CCC=C1CC(=O)Oc2cc(OCc3cccc(Cl)c3)ccc21,4.526049137115479,7.061620235443115,5.793834686279297
O=C(C#CCCN1CCOCC1)Nc1ccccc1Cc1ccccc1,5.0316925048828125,4.6870622634887695,4.859377384185791
COc1cc2c(C)cnc(N3CCCCC3)c2cc1OC,5.477018356323242,5.034653663635254,5.255836009979248
Cc1ccc(C#CC(O)c2ccccc2)cc1,3.393423080444336,5.3431830406188965,4.368303060531616
C#CCNCn1c2ccccc2c2ccc(OC)cc21,4.60617208480835,5.698790550231934,5.152481317520142
CC(=O)Nc1cccc(CN=C2CC(=O)Oc3ccccc32)c1,5.512530326843262,4.8210930824279785,5.16681170463562
COc1ccc(C(=O)C=CC(=O)c2ccccc2)c(O)c1O,6.122527599334717,5.938117027282715,6.030322313308716
CC1=NOC(=O)C1=Cc1ccc2c(c1)CCO2,5.007022380828857,6.935576438903809,5.971299409866333
CC1CC(O)c2ccc(OCc3cc(-n4cccn4)no3)cc2O1,4.99431037902832,4.818663597106934,4.906486988067627
O=[N+]([O-])c1cc2cc(OCCCNc3c4c(nc5ccccc35)CCCC4)ccc2oc1=O,6.854437351226807,5.512029647827148,6.1832334995269775
Fc1ccc(-c2csc(NN=CC3CCCCC3)n2)cc1,5.363310813903809,6.566559791564941,5.964935302734375
Cn1c(=O)c2c(nc(OCc3ccc(Cl)cc3)n2CCC2CCCCC2)n(C)c1=O,6.389815330505371,6.421336174011231,6.405575752258301
C=CCCCCCCCCCCCCCc1ccc2c(C)noc2c1,5.811469554901123,6.307777404785156,6.05962347984314
CCN(CC)CCCCNc1c2c(nc3ccccc13)CCCC2,7.828260898590088,3.894876480102539,5.8615686893463135
COc1cc(OC)c(C=CC2CC3CCC(C2)N3C)cc1OC,6.051580905914307,4.130107879638672,5.090844392776489
Cc1cccc(C2CC(=O)c3cccnc3O2)c1,5.964326858520508,6.879036903381348,6.421681880950928
O=C(NC1=Cc2ncc3cnnc(O)c(c2-3)C1)c1ccccc1,5.927600860595703,4.419519424438477,5.17356014251709
Cc1cc2c(CC(C)C(=O)OCC(=O)c3ccc(N(C)C)cc3)coc2cc1O,5.6375250816345215,5.668984889984131,5.653254985809326
COc1cc(C=C2CCC(CCC3CCN(C)CC3)CC2)ccc1OCCCCCCCCCCNc1c2c(nc3cc(Cl)ccc13)CCCC2,8.018232345581055,4.836816310882568,6.4275243282318115
Nc1[nH]nc2ccc(-c3ccccc3)cc12,4.631502628326416,4.420688629150391,4.526095628738403
CCCCc1c2c(nc3cc(C)ccn13)CCCC2,,,
COc1ccc(C#Cc2cc3cc(OC)c(OC)cc3oc2=N)cc1,4.8821001052856445,5.8091020584106445,5.3456010818481445
O=C1c2ccccc2C(=O)c2c1ccc1nc(CCCC3CCCC3)[nH]c21,6.742836952209473,5.243930816650391,5.993383884429932
CC(=NNc1nc2ccccc2s1)c1ccc2ccoc2c1,5.932620525360107,4.951920509338379,5.442270517349243
CCN1CCOc2cc(C3CC3)cc(C(=O)CF)c21,5.612236976623535,5.187058448791504,5.3996477127075195
O=C(c1ccccc1)c1cc2cc(O)ccc2oc1=O,5.880111217498779,4.68800163269043,5.2840564250946045
CC(C)=NNc1nc2cc(Cl)c(Cl)cc2s1,5.769883155822754,5.278895854949951,5.5243895053863525
O=C1Cc2cc(Br)cc(Br)c2OC1=O,4.103297710418701,5.232729911804199,4.66801381111145
O=C(c1cc2ccccc2oc1=O)N(CCCCCCCNc1c3c(nc4cc(Cl)ccc14)CCCC3)c1ccccc1CC2,,,
c1ccc(-c2ccc(C3=NOC(c4ccccc4)C3)o2)cc1,6.730775833129883,5.113672733306885,5.922224283218384
CNC1=NC(C)C2(O)C(=O)C(O)CCCCCCCCCNc3c4c(nc5ccccc35)CCCC4)C(O)C12,,,
C#CCN(CC)Cc1cc2cc(OCC3CCN(Cc4ccccc4)CC3)ccc2n1C,6.35169792175293,5.077709197998047,5.714703559875488
CCc1cc(=O)oc2cc(OCCCCCCCCNc3c4c(nc5cc(Cl)ccc35)CCCC4)ccc12,7.819358825683594,5.565794944763184,6.692576885223389
CC1=NOC(=O)C1=Cc1ccc(OCCCCCNc2c3c(nc4ccccc24)CCCC3)cc1,6.813767910003662,6.015566825866699,6.414667367935181
COc1cc2oc3cc(OC)c(O)cc3c(=O)c2cc1C,5.743562698364258,4.674909114837647,5.209235906600952
O=C(CCl)c1ccc2cc(OCCCCCCOc3ccc4cccc(CCN5CCCC5)c4c3)ccc2c1,5.285645484924316,6.4180908203125,5.851868152618408
Fc1ccc(-c2c3c(=O)n(CCCCCc4ccccc4)nc-3oc3ccccc23)cc1,5.543213844299316,5.377206802368164,5.46021032333374
CC(=O)c1ccc2c(c1)c(C(=O)NCCc1ccccc1)c(C)n2C,6.746242523193359,5.573951721191406,6.160097122192383
O=C(NC1CCCC1)C1CCCN(Cc2ccc(OCc3ccccc3)cc2)C1,4.977346420288086,3.9163155555725098,4.446830987930298
Clc1ccc(COc2ccc(C3=NCCN3)cc2Cl)cc1,5.345798969268799,6.213512897491455,5.779655933380127
O=c1ccn(-c2cccc(OCCCC3CCN(Cc4cccc(Cl)c4)CC3)c2)c(=O)[nH]1,6.534566879272461,5.230624675750732,5.882595777511597
O=c1oc2ccc(OCCCCCCn3cc[n+](O)c3)cc2cc1-2,,,
Clc1ccc(C2CC3CCC(C2=NCCCOc2ccccc2)N3)cc1,5.591910362243652,5.467617034912109,5.529763698577881
COC(=O)C1=C(C)OC2=COC(=COC(=O)c3ccccc3)COC1C2=O,3.659533977508545,4.402668476104736,4.031101226806641
CCOC(=O)N1N=C(c2ccccc2Cl)CC1c1cccc(Cl)c1,6.59162712097168,5.542417526245117,6.067022323608398
O=C1c2ccccc2-[n+]2ccc3c(ccc4ccccc43)c21,4.413672924041748,6.4114508628845215,5.412561893463135
c1cc2c(c3ccc4ccccc4c3)c1,,,
CCCCCCCCOC(=O)C=Cc1cc2c(OCC)cccc2o1,4.3624267578125,6.582945346832275,5.472686052322388
COc1ccc(C=CC=CC=CC=CC(=O)c2ccc(OC)cc2O)cc1OC,4.840803146362305,5.9633469581604,5.4020750522613525
Cc1c(C)c2ccc(OCC(O)CN3CCCCC3)cc2oc1=O,5.526040554046631,5.329434871673584,5.427737712860107
CC(=O)C1=C(O)C2C(=O)c3ccccc3C(=O)C2C1,6.317756175994873,6.311009407043457,6.314382791519165
C=CCOc1c(Cl)cc(Cl)cc1OCCCOc1cccc(-c2onnc2C)c1,5.428831577301025,6.86822509765625,6.148528337478638
CC(=O)c1ccc(C2=NCC(C)CC2CNc2ccc3c(c2)OCCO3)cc1,5.677633762359619,4.9891886711120605,5.33341121673584
O=C1C=CC(=O)c2c(O)cccc21,6.011013031005859,7.056286811828613,6.533649921417236
CCC(CC)c1cc2c3c(cccc3c1)C(=O)N(CCCN3CCCC3)C2=O,7.484059333801269,4.948598384857178,6.216328859329224
O=[N+]([O-])c1cccc2cc(OCCCC3CCN(Cc4ccccc4)CC3)ccc12,6.06212043762207,5.012977123260498,5.537548780441284
Cc1ccc2c(c1)CC(C(=O)OCC1CCCO1)C2,4.944122314453125,4.758129119873047,4.851125717163086
O=c1oc2ccccc2cc1COc1ccc2oc(O)cc2c1,5.264887809753418,6.4869232177734375,5.875905513763428
COc1cc2c(C#CCN(C)C)c[nH]c2cc1OC,4.2750325202941895,4.6087260246276855,4.4418792724609375
Cc1c(C)c2ccc(OCCCCCCNCCCCCCNc3c4c(nc5cc(Cl)ccc35)CCCC4)cc2oc1=O,7.807785034179687,5.748794078826904,6.778289556503296
CCN=C1CCc2cc(OC)ccc2C1,5.386425971984863,5.350641250610352,5.368533611297607
CN(C)CCCCCCCCCCCCCCN=C1CCC(=O)C(F)(F)F,,,
N#Cc1ccccc1C=CCN1CCCC1C#N,4.672116279602051,5.206577301025391,4.939346790313721
O=C1CC(CSCCCSCCCCCNc2c3c(nc4ccccc24)CCCC3)C1,7.632778167724609,4.688746452331543,6.160762310028076
CCCCNC1CCc2c(O)cccc21,4.35347843170166,4.512415885925293,4.432947158813477
CCCC(=O)Nc1ccc(CCCCCNc2c3c(nc4ccccc24)CCCC3)cc1,7.479644298553467,4.548592567443848,6.014118432998657
CC(=O)c1coc2ccc(OC(=O)c3ccccc3)cc2c1=O,6.493348121643066,5.204879283905029,5.849113702774048
C#CCNCc1ccccc1OCCCCCNCCCCCCCCNc1c2c(nc3cc(Cl)ccc13)CCCC2,7.122068881988525,4.978146076202393,6.050107479095459
c1ccc2c(c1)CCC2=C1CNCC1CC1,,,
O=C1CCCc2cc(OCc3cccc(Cl)c3)ccc21,4.159873962402344,7.465420722961426,5.812647342681885
CCCc1c2c(nc3cc(Cl)ccc13)CCCC2,6.3712334632873535,4.222959518432617,5.297096490859985
O=C(NCC=CCN1CCN(c2cccc(Cl)c2Cl)CC1)c1cc2ccccc2cn1,5.956101894378662,5.103500843048096,5.529801368713379
COc1ccc2c3cc(C)ccc3ocCCCCCNc3c4c(nc5ccccc35)CCCC4)c2c1,,,
Cc1ccc2cc(OCCCCCCCCCNc3c4c(nc5ccccc35)CCCC4)ccc2n1,7.311391830444336,5.319105625152588,6.315248727798462
CCCCCCCCCCCNCCCCCCNc1c2c(nc3cc(Cl)ccc13)CCCC2,7.397797584533691,4.723116874694824,6.060457229614258
CCCCCNCCCCCCCCCCCCCCNCCCCCNCCNCCC,5.094681262969971,4.5282793045043945,4.811480283737183
CC(C=Cc1ccccc1)=CC[N+](=O)[O-],5.107048988342285,4.59455680847168,4.850802898406982
COc1c2c(c(OC)c3c1OC(C)C3)OC(C)C2O,5.344875812530518,2.129852056503296,3.7373639345169067
Cc1cccc(NC(=O)Cc2ccc(OC(=O)NC3CCCC3)cc2)c1,5.508967399597168,3.828166484832764,4.668566942214966
CCc1c2c(nc3ccc(OCCCCCCCCN4CCCCC4)cc13)-c1ccccc1C2=O,6.2371745109558105,5.4225945472717285,5.8298845291137695
CC(=O)C1=C(C)Oc2ccc(OCCCCCCNc3c4c(nc5ccccc35)CCCC4)cc2C1=O,7.39213228225708,4.903100967407227,6.147616624832153
COc1cc2c(cc1OC)C(=O)C(=Cc1ccco1)C2,6.3464555740356445,5.3224711418151855,5.834463357925415
N#CCCCCCCOc1ccc2c(=O)c3ccccc3oc2c1,3.89392614364624,6.0307297706604,4.96232795715332
OCCN(CCCCCCCNc1c2c(nc3cc(Cl)ccc13)CCCC2)CCCC1CCOCC1,8.561470985412598,4.539648532867432,6.550559759140015
O=C1Cc2c(OCCCCCCCNc3c4c(nc5cc(Cl)ccc35)CCCC4)cccc2O1,7.783392906188965,5.138354778289795,6.46087384223938
Cn1cc(C2=C(c3cn(C4CCN(Cc5ccccc5)CC4)c4ccccc34)C(=O)NC2)c2cc(F)ccc21,6.061716556549072,5.458714962005615,5.760215759277344
CC(C)C(=O)Nc1cccc(C2=NOC3(C2)CC(C(C)C)=CC3)c1,5.1481523513793945,4.240296363830566,4.6942243576049805
Fc1ccc(-c2csc(NN=C3CCCCC3)n2)cc1,5.689570903778076,7.334211349487305,6.51189112663269
Cc1cc2c(-c3ccc(C)o3)c(C)nc2s1,,,
CCOc1ccc(C=CC(=O)c2ccc(F)cc2)cc1,4.711524486541748,6.167716979980469,5.439620733261108
Cc1ccc(CCCCCCNc2c3c(nc4ccccc24)CCCC3)cc1,7.3354105949401855,4.08842658996582,5.711918592453003
Cc1c(C)c2ccc(OCc3cc(-c4ccccc4)no3)cc2oc1=O,5.667581558227539,6.937849998474121,6.30271577835083
CN(C)CCCCCCCCCCCNc1c2c(nc3ccccc13)CCCC2,7.01920223236084,4.246811866760254,5.633007049560547
O=C1CCCc2oc3cc(O)cc(O)c3c(=O)c21,6.457455635070801,3.46113395690918,4.95929479598999
O=C1CCc2ccc(OCCCCCNc3c4c(nc5ccccc35)CCCC4)cc2N1,7.586210250854492,5.279542446136475,6.432876348495483
O=C1C=CC(=Cc2ccc(O)c(Cl)c2)C=C1O,4.195420265197754,6.852272033691406,5.52384614944458
CC(C)=CC1CC(O)(COC(=O)c2ccc(CCC3COc4ccccc4O3)cc2)OC1=O,4.239104747772217,4.623196125030518,4.431150436401367
O=C1CCc2cc(OCc3ccc(OC(F)(F)F)cc3)ccc2N1,5.20850133895874,6.741271018981934,5.974886178970337
O=C1c2ccccc2-c2nnc(-c3ccc(F)cc3)cc21,5.582317352294922,6.205568313598633,5.893942832946777
CC(=O)N1c2ccccc2CC1CN=Cc1cccc(Cl)c1,5.632118701934815,4.621283531188965,5.12670111656189
CCOc1ccc(OCC)c(NC(=O)Oc2ccc3c(c2)C2(C)CCN(C)CC3(C)C)c1,,,
COc1cc2c3c(c1)C(=O)CCC3CCCN2CCCOc1coc(C2CCCCC2)n1,6.184098243713379,6.113922119140625,6.149010181427002
O=C1CCc2cc(OCCCCCCNc3c4c(nc5ccccc35)CCCC4)ccc2N1,7.614392280578613,5.364870548248291,6.489631414413452
O=C1c2cccc3cccc(c23)C(=O)C1Br,8.06403636932373,6.182919025421143,7.1234776973724365
O=[N+]([O-])c1cccc2cc(O)ccc12,4.8334574699401855,5.693343639373779,5.263400554656982
CCCCCCOC(=O)C[n+]1ccccc1,5.002007961273193,5.034976005554199,5.018491983413696
O=C(COc1ccccc1)NC1CCCCC1,4.223158836364746,5.008005142211914,4.61558198928833
O=C1CCc2cc(OCCCCCNc3c4c(nc5cc(F)ccc35)CCCC4)ccc2N1,8.10002613067627,5.5312676429748535,6.8156468868255615
N#Cc1ccc(-c2ccc(CCNS(=O)(=O)C(F)(F)F)cc2)cc1,5.788729667663574,6.727336883544922,6.258033275604248
CN(C)c1ccc(C=C2COc3ccccc3C2=O)cc1,5.248128890991211,6.858884334564209,6.05350661277771
CC(=O)N1CCC(=C2c3ccc(Cl)cc3CCc3cccnc32)CC1,5.542242050170898,5.686000347137451,5.614121198654175
CN(C)c1cccc(C(=O)NCc2ccc3c(c2)OCO3)c1,5.46982479095459,4.560008049011231,5.01491641998291
CCCCCCN1CCc2cc(OCCCCCCCCCCCNc3c4c(nc5ccccc35)CCCCC4)ccc2C1=O,6.915359973907471,5.523375511169434,6.219367742538452
CN(C)c1ccc(C=C2CCC(=NC3CCCCC3)CC2)cc1,5.727190971374512,4.760796546936035,5.243993759155273
C=CC#CC[N+]1=C2CCCC2=C1C#CC,6.577141761779785,6.800271987915039,6.688706874847412
Cn1c2ccccc2c2cc(CC=CCC(=O)NCCc3cccs3)ccc21,6.122488498687744,5.414614677429199,5.768551588058472
Clc1ccc2c(c1)OCCO2,4.215708255767822,4.786136627197266,4.500922441482544
COc1cc2c(cc1OC)C(=O)C(Cc1ccccc1[N+](=O)[O-],,,
O=C(CCCCCCCCCCCCCNc1c2c(nc3cc(Cl)ccc13)CCCC2)OCCCCCCCO,7.093570709228516,5.945070266723633,6.519320487976074
C#CCCCCCCCCCCCCCCCCC=CCCCCCCC,4.28077507019043,6.753371715545654,5.517073392868042
COc1ccc(C=CCC2C2=NN(C)CCCCCCCCNc3c4c(nc5ccccc35)CCCC4)C(=O)c2ccccc2O3)cc1,,,
c1ccc2c(NCCCCCCCCCCCN3CCCCC3)c3c(nc2c1)CCCC3,8.240900039672852,4.391077041625977,6.315988540649414
O=C1CCCc2cc(OCCCc3c[nH]c4ccccc34)ccc21,5.135898590087891,6.486352920532227,5.811125755310059
NCC=CC=CCC=Cc1ccc2c(c1)OCO2,3.4995245933532715,6.267719268798828,4.88362193107605
O=C1c2ccccc2C(=O)C1c1ccccc1,5.992517948150635,5.503373146057129,5.747945547103882
Cc1c2c(n3c1CCC3=CCC1CCN(C)CC31)CCCC2,,,
O=C(OC1CNC1)c1cccc(Oc2ccccc2)c1,6.527714729309082,3.370091438293457,4.9489030838012695
c1ccc2c(c1)ncn2CCN1CCCCC1,4.917158126831055,4.750130653381348,4.833644390106201
O=C1c2ccccc2OC(=O)C1CCCCCCCCCNc1c2c(nc3ccccc13)CCCC2,7.610189914703369,5.0105977058410645,6.310393810272217
COc1cc(C=Cc2ccncc2)ccc1OCCCCC(F)F,4.38729190826416,6.365406036376953,5.376348972320557
OCC(COc1cccc2[nH]c3ccccc3c12)CN1CCCCC1,6.0711588859558105,4.574626445770264,5.322892665863037
c1coc(CNc2c3c(nc4ccccc24)CCCC3)c1,5.8265533447265625,4.000438690185547,4.913496017456055
O=C1C(=O)c2ccc(OCCCCCCNc3c4c(nc5ccccc35)CCCC4)cc2O1,7.320016860961914,5.574161052703857,6.447088956832886
Cc1c2cc(O)ccc2nn1CCCCCCCCNc1c2c(nc3cc(Cl)ccc13)CCCC2,9.13744068145752,4.659280776977539,6.898360729217529
Nc1c(-c2ccc([N+](=O)[O-])cc2)coc1C=Cc1ccccc1,5.71354341506958,5.151312828063965,5.4324281215667725
Cc1ccc2oc(=O)c(-c3ccc(CC#N)cc3)cc2c1,4.337295055389404,7.534405708312988,5.935850381851196
COc1ccc2c(c1)CC(CC=Cc1cc(C(=O)CCCC3CCN(C)C)oc1O2,,,
O=C1CC2C=CCCCCCOCc3cccc(Cl)c3)CCC12,,,
CNC1CCN(CCCCOc2ccc3oc(-c4ccc(Cl)cc4)nc3c2)C1,5.9041852951049805,5.537250518798828,5.720717906951904
CC(=O)c1ccc2oc(COc3ccc(CC4COC(C)(C)O4)cc3)nc2c1,5.7730021476745605,6.221919059753418,5.997460603713989
Oc1ccc(Oc2ccc3oc(O)cc(Cl)c3c2)cc1,,,
Cn1c(=O)c2c(nc(OCCCCCCc3cccnc3)n2C)n(C)c1=O,5.944920539855957,6.478994369506836,6.2119574546813965
COc1cc(-c2ccc3c(c2)N(c2ccc(C)cc2)C(=O)C3=O)ccc1O,6.229816436767578,5.928297519683838,6.079056978225708
O=C(CCc1c[nH]c2ccccc12)NCCCCCCCCCCCNc1c2c(nc3ccccc13)CCCC2,8.164271354675293,4.82456636428833,6.4944188594818115
Cc1ccc2c(=O)n(CCCC(C)C)c(C)nc2c1,5.367763519287109,5.405091762542725,5.386427640914917
CC1CCN(C2CCC(c3noc4cc(F)ccc34)CC2)CC1,6.256315231323242,5.863803386688232,6.060059309005737
Cc1c2ccccc2c(CCCCCNc2c3c(nc4cc(Cl)ccc24)CCCC3)ccc1O,,,
Cc1ccc(C2=NN=C(NC3CCCCC3)SC2)cc1,5.688678741455078,6.209589958190918,5.949134349822998
CC(C)C=CCOC(=O)COc1cc2oc3c(O)cccc3c2cc1OC(=O)C=CC3CC(=O)O,,,
Cc1ccccc1OCC(=O)Oc1ccc2c(c1)OCO2,6.289193153381348,5.544712066650391,5.916952610015869
O=C1CCc2ccc(OCc3cccc(Cl)c3)cc2N1,4.141217708587647,7.203818321228027,5.672518014907837
Clc1cccc(C2COCC3CCCC32)c1,4.570049285888672,5.949042320251465,5.259545803070068
CCCCOc1cc2oc(=O)ccc2cc1OC,4.89414119720459,6.039923191070557,5.467032194137573
CCCCCNC(=O)Oc1cccc(Cl)c1,7.203228950500488,4.964694499969482,6.083961725234985
CC(=O)c1cccc(NC(=O)OC(C)(C)C)c1,4.840497970581055,3.7535958290100098,4.297046899795532
CC(=O)N1N=C(c2ccc(OCc3cccc(Cl)c3)cc2O)CC1(C)C,6.306850433349609,6.340534687042236,6.323692560195923
CN(C)C(=O)Oc1ccc(NC(=O)NC23CC4CC(CC(C4)C2)C3)cc1,6.445004940032959,3.4875454902648926,4.966275215148926
CCOc1cc2oc(=O)c3cc(OC)ccc3c(=O)c2cc1OC,6.531583309173584,5.066085338592529,5.798834323883057
CN1CCc2cc(OCCCCCNc3c4c(nc5cc(F)ccc35)CCCC4)ccc21,8.05666446685791,5.465770244598389,6.761217355728149
N#Cc1ccccc1-c1ccc(COC(=O)c2ccccc2)o1,4.893913269042969,5.052076816558838,4.972995042800903
c1cc(OCC2CCCCC2)c2ccccc2c1,4.496889591217041,4.67898416519165,4.587936878204346
O=C1OCc2ccc(OCCCCCCCNc3c4c(nc5ccccc35)CCCC4)cc21,7.335598468780518,5.787285327911377,6.561441898345947
O=C1CCc2ccc(OCCCCCNc3c4c(nc5ccccc35)CCCC4)cc2N1,7.586210250854492,5.279542446136475,6.432876348495483
CC(=NNC(=O)CCc1ccccc1)c1ccccn1,5.431646347045898,5.197169780731201,5.31440806388855
O=C(O)C=CC=Cc1ccc2c(c1)OCO2,2.961644411087036,6.032351016998291,4.496997714042664
CC1=CC2Cc3nc4cc(Cl)ccc4c(N)c3C(C1)C2,7.141253471374512,4.37076473236084,5.756009101867676
COc1cc(C=C(C#N)c2nc3ccccc3[nH]2)ccc1OCCC(C)C,4.701312065124512,5.37520694732666,5.038259506225586
O=c1ccoc2cc(OCc3ccc(Cl)cc3)ccc12,3.989755153656006,7.285625457763672,5.637690305709839
O=C(Cl)c1cccc2c1C(=O)c1ccccc1C2=O,4.795301914215088,6.184943675994873,5.4901227951049805
CCOC(=O)c1c(C)[nH]c(C)c1COCC=CCC(=O)NC1CCCC1,5.30248498916626,4.621017456054688,4.961751222610474
O=c1oc2cc(OCCCCCCNc3c4c(nc5cc(Cl)ccc35)CCCC4)ccc2c2ccccc12,7.11708927154541,5.3695387840271,6.243314027786255
CN1N=C(c2ccccc2)CC1c1ccc(Cl)cc1,6.301244258880615,5.912454605102539,6.106849431991577
CN1CCCC1=CC=Cc1cc2c(=O)nc(CSc3ccccc3)noc2s1,,,
OC1CCCN(Cc2ccccc2)C1,5.10202693939209,2.357633590698242,3.729830265045166
COc1cccc(OC)c1OC(=O)c1cc2ccccc2oc1=O,7.257474422454834,4.9589009284973145,6.108187675476074
N#CCOc1ccc2c(C3CC3c3ccco3)coc2c1,4.053735733032227,6.864712238311768,5.459223985671997
CCN(CC)CCCOC(=O)c1ccccc1OC,5.007778644561768,4.937604427337647,4.972691535949707
COc1cc2c(cc1OC)CCCC2=O,6.141354084014893,4.785282135009766,5.463318109512329
O=C(C=Cc1ccccc1)OCc1ccccc1,4.643006324768066,5.803409099578857,5.223207712173462
CC(=O)C1=C(C)OC(=CC=Cc2ccccc2)C1=O,5.391283988952637,6.545122623443604,5.96820330619812
CNCCCCCCCCNCCCOc1ccccc1OC,5.207172393798828,4.543479442596436,4.875325918197632
COc1cc2c(cc1OC)C1=NOC(CN3CCCC3)C2C1=O,6.651722431182861,5.231346130371094,5.9415342807769775
CCC#CC(O)c1cc2c(cc1O)OCCO2,3.0210928916931152,4.267611503601074,3.6443521976470947
O=C1CCc2cc(OCCCCCNc3c4c(nc5ccccc35)CCCC4)ccc2N1,7.571161270141602,5.2855544090271,6.428357839584351
O=C1C=CC2CC1C(c1cc3ccccc3oc1=O)O2,5.316924095153809,6.572746753692627,5.944835424423218
CNC(Cc1ccccc1)C(=O)N1CCCCC1C,5.439150810241699,4.139557361602783,4.789354085922241
CC=C1CCC2C1=CC=C1CCCC2C(=CC=CC(=O)C2CCCCCC)C1,,,
O=C1c2ccccc2-c2nnc3ccccc3c21,4.671916961669922,4.550271511077881,4.611094236373901
COc1cc2c(cc1OC)C(=O)C(CCC1CCN(C)CC1)C2,7.069438934326172,4.499170780181885,5.784304857254028
O=C1c2ccccc2C(=O)N1CCCCCN1CCC(n2c(=O)oc3ccccc32)CC1,6.847186088562012,5.021512031555176,5.934349060058594
CCCOc1ccc(C=C2CCCN=C2c2cccnc2)cc1,5.127190589904785,5.951049327850342,5.5391199588775635
CC1CCCN(CCCC=CCN(C)CCC#N)C1,6.597349166870117,3.0969462394714355,4.847147703170776
O=C1N=c2ccccc2=C1c1[nH]c2ccc(O)cc2c1O,6.301213264465332,5.50784969329834,5.904531478881836
c1ccc2c(c1)CCC2=Cc1c-2[nH]c2ccccc12,,,
c1ccc2c(NCCCCCCCCNc3c4c(nc5ccccc35)CCCCC4)c3c(nc2c1)CCCC3,8.448446273803711,4.09791374206543,6.27318000793457
Cc1cc(CCCCCCCCCNc2c3c(nc4ccccc24)CCCC3)cc(C)c1,7.969166278839111,4.454949378967285,6.212057828903198
COc1cc2c(cc1OC)C(=O)C(COc1ccc(C(=O)c3ccccc3)cc1)C2,6.947429656982422,4.873177528381348,5.910303592681885
COc1ccc2c(c1)C(=O)C(=O)N2CCCO,5.3978705406188965,5.718515396118164,5.55819296836853
O=C(CCCCc1c[nH]c2ccccc12)NCCCCCNc1c2c(nc3cc(Cl)ccc13)CCCC2,8.912210464477539,4.666897296905518,6.789553880691528
CC(=NOCc1ccc(C2CCCCC2)c(C(F)(F)F)c1)c1ccc(CN)cc1,5.213973522186279,5.48811149597168,5.3510425090789795
O=C(Nc1ccc2oc(-c3ccccc3F)nc2c1)c1ccncc1,5.620048999786377,5.487825393676758,5.553937196731567
CCOC(=O)c1noc2c1CN(C)CC2c1ccc2c(c1)OCO2,4.76177978515625,4.613096714019775,4.687438249588013
N#CCCCCCCCCCCCCCNc1c2c(nc3ccccc13)CCCC2,6.784299373626709,5.1951422691345215,5.989720821380615
COc1cc2c(cc1OC)CC(C2CCCC2)N(C)CCCCCCCCN(C)CCCCN(C)CCCOc2cccc(OC)c2)CC1,,,
O=C1c2ccccc2-c2nnc(-c3ccc(C4CCCCC4)cc3)cc21,5.6812591552734375,6.379524230957031,6.030391693115234
CC1=CC=C(c2cc(O)ccc2O)C=CC1=O,4.331689357757568,5.836443901062012,5.08406662940979
Cc1nc(=O)c2c(C)c(C(=O)NCc3ccco3)c(O)c(O)c2o1,6.503808975219727,3.574465751647949,5.039137363433838
CCC1=CC2Cc3nc4cc(C)ccc4c(NCCCCCNc4c5c(nc6cc(Cl)ccc46)CCCC5)c3C(C1)C2,9.33313274383545,4.680263996124268,7.006698369979858
COc1cc2c(cc1OC)C(=O)C(Oc1ccc(C(C)(C)C)cc1)C2,5.390944480895996,4.194956302642822,4.792950391769409
Oc1occ2c1oc1ccc(OCCCCCCN3C4CCCCC4CC3c3ccccc3)cc12,6.2498393058776855,6.321836471557617,6.285837888717651
COc1c2c(c3ccccc13)OC1CCCCC1C2=O,,,
CCN(CCCCCCCN=C1CC(=O)C(=NOC)CC1=O)Cc1cccs1,6.177040100097656,5.911877632141113,6.044458866119385
c1ccc(COc2ccc(COc3nc4ccccc4s3)cc2)cc1,5.042406558990479,6.459167957305908,5.750787258148193
O=C1NCCc2ccc(OCCN3CCCC3)cc21,6.054078102111816,5.051917552947998,5.552997827529907
CCOc1ccc2cc(-c3ccc(C4=NN=CCS4)o3)c(=O)oc2c1,7.44498348236084,5.528280258178711,6.486631870269775
CC(C)c1cccc2c3c(oc12)CCCC3,5.520952701568604,4.124423980712891,4.822688341140747
O=C1Cc2cc(OCCCCC(F)(F)F)ccc2O1,5.323670864105225,8.017772674560547,6.670721769332886
CC1=CC(=O)c2cc(=O)oc2C1=O,,,
O=C1CCc2ccc(OCCCCCCNc3c4c(nc5ccccc35)CCCC4)cc2N1,7.6467509269714355,5.350108623504639,6.498429775238037
O=C(OCC#Cc1cccc(F)c1)c1cccc([N+](=O)[O-])c1,4.204033374786377,6.531373500823975,5.367703437805176
COc1ccc(F)c(NC(=O)Nc2cccc(C#Cc3cncc(CO)c3)c2)c1,4.54979944229126,5.2368574142456055,4.893328428268433
C#CC[N+]1=CCOC2C1=CCOCO1,,,
CN(C)C1CCN(CCCCCCCCCNc2c3c(nc4ccccc24)CCCC3)CC1,7.751190185546875,3.9710497856140137,5.861119985580444
O=C(C=CCc1ccccc1)c1cc(C=CC=Cc2ccccc2)ncc1O,4.432552814483643,5.722938060760498,5.07774543762207
Fc1ccc(-c2cn3ncccc3n2)cc1Cl,4.640745162963867,5.244268894195557,4.942507028579712
CSc1sc2c3c(cccc13)C(=O)O2,6.650314331054688,5.418332576751709,6.034323453903198
Cc1cccc(C)c1C(=O)NCCCCCNc1c2c(nc3ccccc13)CCCC2,8.32822322845459,4.257794380187988,6.293008804321289
C#CCN(C)Cc1cc2cc(OCCC3CCCC3)ccc2n1C,5.812775611877441,6.590487957000732,6.201631784439087
C#CCCCCCCCCCCCCCCCOCCC,4.140066623687744,7.637155532836914,5.888611078262329
COc1cc2cc(C(=O)NCC3CCCO3)oc2cc1OC,7.038985729217529,4.447181224822998,5.743083477020264
Cc1cccc(C(=O)c2cc3c(=O)n4cccc(C)c4nc3o2)c1,5.630982398986816,4.678490161895752,5.154736280441284
CC(=NNc1nc(-c2ccc([N+](=O)[O-])cc2)cs1)c1ccccc1,5.897074699401856,5.220774173736572,5.558924436569214
O=C(C=Cc1cccc([N+](=O)[O-])c1)NCCCNc1c2c(nc3ccccc13)CCCC2,6.5297698974609375,5.166909694671631,5.848339796066284
COc1cc2cnccc2cc1OCCCCCCCCCCCCCCCCN,3.9636073112487793,6.715264320373535,5.339435815811157
c1ccc(-c2cc3ccccc3oc2=O)cc1,4.99646520614624,5.502318859100342,5.249392032623291
CC1COc2cc3oc(=O)ccc3cc2C1,4.863630294799805,5.227675437927246,5.045652866363525
CCCCOc1cc2oc(=O)ccc2cc1CCCCOc1cccc(CC)c1,5.033488750457764,6.2661237716674805,5.649806261062622
O=C1c2ccccc2C(=O)C1=COCCCCCCNCC(O)COc1ccccc1,5.0725932121276855,5.924327850341797,5.498460531234741
O=C(NCC=CCCNc1c2c(nc3ccccc13)CCCC2)c1ccc(F)cc1,7.814861297607422,4.8938093185424805,6.354335308074951
c1ccc(CCCCCCCCCCNc2c3c(nc4ccccc24)CCCC3)cc1,6.95308256149292,4.322157382965088,5.637619972229004
NC(=O)c1ccc2c(c1)CCOC2CCN1CCC(c2c[nH]c3cc(F)ccc23)CC1,6.030374526977539,5.948735237121582,5.9895548820495605
O=C1Cc2c(OCCCCCNc3c4c(nc5ccccc35)CCCC4)cccc2O1,7.2719879150390625,4.613605976104736,5.942796945571899
COc1ccc(C2=NN(c3cccc(C#Cc4ccccc4)c3)C(=O)C3COC2)cc1,,,
Cc1ccc(C=CC(=O)CCCC(=O)c2ccccc2)o1,4.752653121948242,5.624204158782959,5.188428640365601
N#Cc1cccc(C(=O)Nc2cc(C3CC3)n[nH]2)c1,5.917770385742188,5.655877590179443,5.786823987960815
O=C1Cc2ccccc2C2=CC3CCCCC3C=CC12,4.027684688568115,7.074594020843506,5.5511393547058105
Nc1ccc2c(c1)N=C(c1ccccc1Cl)SC2,6.080875873565674,4.717919826507568,5.399397850036621
O=C1CCCc2cc(OCc3cccc(Br)c3)ccc21,4.132737159729004,7.569565773010254,5.851151466369629
O=C1C(=O)C(c2ccoc2)Oc2cc(O)cc(O)c21,5.4398040771484375,4.446386814117432,4.943095445632935
CCOc1ccc2cc(C(=O)CCCc3ccccc3)oc2c1,5.700041770935059,5.299345016479492,5.499693393707275
c1cc(COc2ccc(CN3CCN(CCCCCCN4CCOCC4)CC3)cc2)ccc1COCCN1CCCC1,5.454124927520752,4.459930419921875,4.9570276737213135
COC1=CC=CC2Cc3c(ccc(OC)c3OC)CCC1=O,,,
COc1cc2c(cc1OC)C(=O)C(Oc1ccccc1)C2,7.332242012023926,4.46682071685791,5.899531364440918
Cc1sc(=N)oc1-c1ccccc1OCCCCCCCCN,4.4178876876831055,6.750131607055664,5.584009647369385
CCCN1CCC=C2c3cc(OC)ccc3CCC21,4.756534099578857,5.230441570281982,4.99348783493042
CNCCOc1ccc(C2CCCCCC2)cc1,4.981062889099121,4.81264591217041,4.896854400634766
CCC(=O)c1cc2c(s1)CCCC2,6.142083168029785,4.765918254852295,5.45400071144104
CC1=Nc2cc(C(=O)CCC(=O)Nc3ccccc3)ccc2Sc2ccccc21,6.002885818481445,5.157520294189453,5.580203056335449
COc1cc2c(=O)n(CCN3CCCCC3)ccc2cc1OC,6.097512245178223,4.722604751586914,5.410058498382568
O=c1cc(-c2cccc3c2SCCC3)oc(N2CCOCC2)c1,5.279526233673096,4.522243976593018,4.900885105133057
CCOC(=O)Cc1csc2c1CCNC2=O,5.908999919891357,4.577764511108398,5.243382215499878
O=c1ccc2cc(OCc3ccccc3)ccc2o1,4.481677055358887,7.088367938995361,5.785022497177124
CC1=NOC2C1=CC=C1CCCC2C1=O,4.909470081329346,7.9188714027404785,6.414170742034912
CC(C)Oc1ccc2c3c(cccc13)C(=O)N(CCCCCCCNc1c3c(nc4ccccc14)CCCC3)O2,7.497734069824219,4.552900791168213,6.025317430496216
N#CCCNCCOc1ccc(Oc2cccc(Cl)c2)cc1,5.479039192199707,5.070311069488525,5.274675130844116
C[N+](C)=C1CCC(=Cc2ccc3ccccc3c2)CC1,4.714804649353027,5.90946626663208,5.312135457992554
O=[N+]([O-])c1ccc(C2=CC=CC3=Nc4ccccc4CCC32)cc1,4.735504150390625,6.976390838623047,5.855947494506836
c1ccc2c(N=NNc3ccc4c(c3)OCCO4)cccc2c1,5.6965436935424805,4.807420253753662,5.251981973648071
CC(=O)c1cc2ccc(OCc3cccc(F)c3)cc2oc1=O,5.542102813720703,7.534621715545654,6.538362264633179
Cc1c2ccc(OCCCCCCNc3c4c(nc5ccccc35)CCCC4)cc2oc1=O,,,
O=C1c2ccccc2-[n+]2ccccc21,3.662729263305664,4.529099941253662,4.095914602279663
CC(O)(COc1ccccc1)C(=O)NC1CCCCC1,4.463671684265137,5.321770668029785,4.892721176147461
COc1ccccc1C=CC=Nn1c(C)nnc1C,6.253453254699707,4.92924165725708,5.5913474559783936
Clc1ccc(CCSC(Cn2ccnc2)c2ccc(Cl)cc2Cl)cc1,4.274955749511719,5.799875259399414,5.037415504455566
O=C1NCCc2ccc(OCCC3CCCCN3)cc21,5.124571800231934,5.624204158782959,5.374387979507446
O=C(C=Cc1ccc(Cl)cc1)NCC1CCCN1C(=O)Sc1ccccc1,4.339084625244141,4.756998538970947,4.548041582107544
CC1=CCN2CCc3cc(OC(=O)Nc4ccccc4)ccc3C2C1,5.816635608673096,4.967464447021484,5.39205002784729
C=CCn1c(SCC)nc2ccc(Cl)cc2c1=O,6.448587894439697,6.056814193725586,6.252701044082642
CCc1cc2cc(OCCCC3CCN(Cc4ccccc4)CC3)ccc2o1,6.759511947631836,4.566604137420654,5.663058042526245
CN(C)c1cccc2c1OC(CSc1nc(-c3ccc4c(c3)OCCO4)cs1)C2,6.304374694824219,5.9431257247924805,6.12375020980835
COc1cc2c(cc1NC(=O)c1ccc(C)cc1)oc1ccccc12,5.853158950805664,5.106709957122803,5.479934453964233
CCC(=O)c1cc2ccc(OCCCCNc3c4c(nc5cc(Cl)ccc35)CCCC4)cc2oc1=O,7.567538261413574,5.325037002563477,6.446287631988525
CC1CCc2c(sc3nnn(CC(=O)Nc4ccccc4)c(=O)c23)C1,6.1070170402526855,4.759395599365234,5.43320631980896
CN(C)CCc1c[nH]c2ccc(Cl)cc12,4.621804714202881,5.183078289031982,4.902441501617432
O=C1NC(=O)c2cc(OCCCCCCNc3c4c(nc5ccccc35)CCCC4)ccc21,8.265125274658203,5.845192909240723,7.055159091949463
O=C(CF)N(Cc1ccccc1)c1ccc2ccccc2c1,4.884641647338867,5.005628108978272,4.945134878158569
COc1cccc(Cn2c(CCNC(=O)c3ccco3)nc3ccsc3c2=O)c1,7.053073883056641,4.759161472320557,5.906117677688599
CC(=O)c1ccc(OCCCCCCCCCCNc2c3oc(=O)c4cc(O)ccc4c3ccc23)cc1,,,
Cc1ccc(C(=O)NC2CCCc3c2cnn3-c2cccc(C)c2C)cc1,5.929699420928955,4.981761932373047,5.455730676651001
CC(C#Cc1cccc(C#N)c1)=NNc1ccccc1,4.7700724601745605,6.6430535316467285,5.7065629959106445
O=C(O)c1ccc2c3c1cccc3c(=O)oc2c1,,,
CC1=NC2C(=O)OC(=O)C2C(=O)c2c1oc1ccccc21,8.231149673461914,4.885164737701416,6.558157205581665
O=C1CCc2ccc(OCc3ccc(Br)cc3F)cc2N1,4.065070152282715,7.241143226623535,5.653106689453125
O=c1oc2ccc(OCCCCCCCCNc3c4c(nc5cc(Cl)ccc35)CCCC4)cc2cc1CO,7.47351598739624,5.682431221008301,6.5779736042022705
c1ccc2c(C3CCNCC3)c[nH]c2c1,3.862100601196289,5.094747543334961,4.478424072265625
Fc1ccc2c(C3=CCNCC3)c[nH]c2c1,5.654069900512695,6.423517227172852,6.038793563842773
COc1cccc(OC)c1C1=NOC2CCCCC2=NOC1C,6.413564205169678,4.991037845611572,5.702301025390625
O=C1NC(=O)C(c2c[nH]c3ccccc23)=C1c1cccs1,4.572725772857666,5.109097480773926,4.840911626815796
O=c1ccoc2ccc(OCCCC(F)(F)F)cc12,4.588269233703613,7.722552299499512,6.1554107666015625
O=C1c2ccccc2-c2nnc(-c3ccccc3[N+](=O)[O-])nc21,4.506824493408203,4.555910110473633,4.531367301940918
Cc1c2c(n3c1nc1ccccc13)CCCC2,,,
O=C1CCCc2cc(OCc3cccc(Cl)c3)ccc21,4.159873962402344,7.465420722961426,5.812647342681885
Nc1c2cc(O)ccc2nn1-c1ccccc1,5.17303991317749,2.74660873413086,3.959824323654175
c1cc(COc2ccc3c(c2)CCCC3=NN2CCCCC2)ccc1,5.454824447631836,5.363863468170166,5.409343957901001
Oc1cnc2ccc(OCCCCc3ccc4ccccc4c3)cc2c1,4.111837387084961,6.1329026222229,5.122370004653931
O=C1c2ccccc2-c2nnc(-c3ccsc3)cc21,5.248004913330078,5.490988254547119,5.369496583938599
COc1ccc2c(=O)c(-c3ccccc3)coc2c1,5.250613689422607,5.713226318359375,5.481920003890991
CCOc1cc2c(cc1OC)C(=O)C(C)C2,7.59663200378418,4.503118515014648,6.049875259399414
COc1cccc2c1C(=O)c1c(O)c3c(c(O)c1C2=O)CC(O)(C(C)=O)CC3OC1CC(O)C(O)C(C)O1,6.876188278198242,3.940459728240967,5.4083240032196045
O=C1C(=O)C(c2ccc(O)cc2O)Oc2cc(O)ccc21,6.322774887084961,4.623476982116699,5.47312593460083
Cc1c2cc(C3CCN(C(C)C(=O)NC4CCCCC4)CC3)ccc2oc1=O,,,
CNC(=O)c1cc2c(O)cccc2oc1=O,9.0743408203125,5.18001651763916,7.12717866897583
COc1c(C)c2c(c(O)c1CC=CBr)CCC2,6.178516387939453,5.40135383605957,5.789935111999512
C#Cc1cc2c(cc1OC)-c1cc(F)ccc1C2=O,5.451465606689453,7.191627502441406,6.32154655456543
CN(C)CCC=C1c2ccccc2Sc2ccccc21,4.095608234405518,4.210531234741211,4.153069734573364
COc1cccc(C=C2CCc3c(ccc(C)c3Br)O2)c1,5.164738178253174,5.83167839050293,5.498208284378052
CC(C)Cn1c2ccc(O)cc2c2nc3cc(CO)ccc3c(=O)o21,,,
O=C(C=Cc1ccccc1)Oc1ccc2oc(O)cc2c1,5.90923547744751,6.095986366271973,6.002610921859741
C#CCN(C)Cc1cc2cc(OCCC3CCN(Cc4ccccc4)CC3)ccc2[nH]1,6.35963249206543,5.346295833587647,5.852964162826538
O=C(O)c1cccc(COc2ccc3c(c2)CCC3=O)c1,5.1960039138793945,7.468552589416504,6.332278251647949
C=CCSc1nc2c(c(=O)n(C)c(=O)n2C)n1C,5.786950588226318,5.404486179351807,5.5957183837890625
CC1CC=CC=CC=CC=CC=CC=CCCC(=O)Nc2coc(O)c2Br)O1,,,
Cc1ccccc1COC(=O)COc1ccc2c(C)coc2c1,5.0479655265808105,7.103129863739014,6.075547695159912
CCCC1=NOC2CC3OC4CCC5OC4C3C2C1,,,
CNC(=O)C=Cc1coc2cc(OCc3ccccc3)ccc2c1=O,5.462383270263672,7.141097068786621,6.3017401695251465
Cc1cccc(CNc2c3c(nc4ccccc24)CCCC3)c1,6.026611328125,3.807906150817871,4.9172587394714355
CNC(=O)OC1CCCC1c1ccc(OCc2ccc(Cl)cc2)cc1,5.292707443237305,5.566713809967041,5.429710626602173
Cn1cc(Br)c(=O)c2cc(C=NNC(=O)CCCc3ccc(Cl)cc3)ccc21,4.737254142761231,6.201211452484131,5.469232797622681
COc1ccc2cc(-c3cc(C)ccc3O)ccc2c1,4.154620170593262,6.764446258544922,5.459533214569092
C#CCN(C)Cc1cc2cc(OCCC3CCN(Cc4ccccc4)CC3)ccc2n1C,6.383633136749268,5.558395385742188,5.9710142612457275
Cc1oc2cc(OCCCCCCN3CCC(Cc4ccccc4)CC3)ccc2c1C,5.89976167678833,5.158501148223877,5.5291314125061035
C=C1CC(C)CC(=O)C1=O,3.954883337020874,4.994110107421875,4.4744967222213745
Cc1cccc(OCCCCCCCCCCCCNCCCCCCCCNc2c3c(nc4cc(Cl)ccc24)CCCC3)c1,7.457385540008545,5.282602787017822,6.369994163513184
O=c1ccoc2ccc3cccc(OCc4cccc(F)c4)c3c12,4.515719413757324,6.416579723358154,5.466149568557739
Cc1cc(O)c2c(C)c(C(=O)NCC3CCCO3)c(C)cc2n1,7.479796409606934,4.247099876403809,5.863448143005371
Cc1c2c(n3c1CCCCC3)CCCC2=O,6.6239213943481445,4.596115589141846,5.610018491744995
CC1CCCC(=NNc2nc(-c3ccc(F)cc3)cs2)C1,5.632997035980225,6.970631122589111,6.301814079284668
COc1cc2c(c3ccc(OC)cc13)C1CCCCC1CN(C)C2=O,5.084926128387451,5.857061862945557,5.470993995666504
O=C1c2ccccc2-[n+]2ccccc2CCC1c1ccccc1,4.147934913635254,5.070174694061279,4.609054803848267
CC(=O)CCCCCCCCCCCCNc1c2c(nc3ccccc13)CCCC2,6.926487922668457,4.772337436676025,5.849412679672241
CC(=O)NC1CCCc2ccc(Oc3ccc(Cl)cc3)cc21,4.33397102355957,5.085538387298584,4.709754705429077
Clc1cccc2c1N=C2c1ccccc1,4.690694332122803,4.368503570556641,4.529598951339722
c1ccc2cc(NCCCCCCCCCNc3c4c(nc5ccccc35)CCCC4)ccc2c1,7.297513961791992,4.628483772277832,5.962998867034912
O=C(C=Cc1ccccc1)NC1=CC2CCC(=O)CC2O1,4.027044296264648,5.868892669677734,4.947968482971191
Cc1cccc(C)c1NC(=O)c1cc2ccccc2oc1=O,6.51707649230957,5.302940845489502,5.910008668899536
CNC1=CC=C2Oc3ccc(OCCCCNc4c5c(nc6ccccc46)CCCC5)cc3C2=O1,,,
CC(C)C(=O)Nc1ccc2c(c1)C(=O)N(C)C2=O,6.4383745193481445,5.351686477661133,5.895030498504639
O=c1c2ccccc2oc2cc(C3CCCCC3)ccc12,4.822870254516602,5.347524642944336,5.085197448730469
COc1ccc2c(=O)oc3cc(OCc4cccc(Cl)c4)ccc3c2c1,4.759090423583984,7.639318466186523,6.199204444885254
C=CCN(CC=C)CCCCCCCCCCCCCN=C(C)CCCC,6.2035231590271,5.136417388916016,5.669970273971558
O=C(CCl)c1cc2cc([N+](=O)[O-])ccc2oc1=O,5.659069061279297,6.355902194976807,6.007485628128052
O=c1oc2cc(OCCCCCCCNc3c4c(nc5cc(F)ccc35)CCCC4)ccc2o1,7.631425380706787,5.959884166717529,6.795654773712158
Nc1ccc2c(c1)C(=O)C(=O)C2=NNc1ccc(Cl)cc1,6.241108417510986,5.083357334136963,5.662232875823975
CCCC1=C(CC)CSC(=N)NCCCN1CC,4.85167932510376,4.040606021881104,4.446142673492432
O=C(OC1C[N+]2(CCCOc3ccccc3)CCC1CC2)C1(O)c2ccccc2Oc2ccccc21,5.959290504455566,4.989465236663818,5.474377870559692
COC1=CC=C(c2ccc(OCCCCCCNc3c4c(nc5ccccc35)CCCC4)cc2)C1=O,6.5572052001953125,5.547903537750244,6.052554368972778
Fc1ccc(-c2nc3sccn3c2-c2ccncc2)cc1,5.310950756072998,5.878870010375977,5.594910383224487
CN(C)CCCCCCCCCNc1c2c(nc3ccccc13)CCCC2,7.091102123260498,4.032731056213379,5.5619165897369385
Cc1cc2cnn(CCOc3ccc(C4CCN(C(=O)CCO)CC4)cc3)c2cc1C,6.342050075531006,5.861935138702393,6.101992607116699
Cc1cc2cc(OCc3ccccc3)ccc2oc1=O,4.90567684173584,7.687175750732422,6.296426296234131
C#CCCCCCN1C2CCC1CC(OCc3ccccc3)C2OC1,,,
Clc1ccc2c(c1)C(=Cc1cn[nH]c1)OCO2,4.957817077636719,6.108587265014648,5.533202171325684
CC(=O)c1cccc(C=CC(=O)c2ccc3ccccc3c2O)c1,5.309275627136231,6.9416351318359375,6.125455379486084
O=C(O)c1ccc2ccccc2c1OCc1cc(Br)ccc1OC(=O)O,5.582741737365723,5.547674655914307,5.565208196640015
CNC(=O)Oc1ccc2c(c1)C1(C)CCOC1N2C,7.339248657226562,5.773969650268555,6.556609153747559
O=C1c2ccccc2-c2nnc(-c3ccc(F)cc3)cc21,5.582317352294922,6.205568313598633,5.893942832946777
O=C1CC(=O)c2coc3ccc(OCCCCCN4CCCCC4)cc3c2N1,,,
COc1cc([N+](=O)[O-])ccc1N=CCC(=O)CCC1CCCCC1,5.284519195556641,5.41532039642334,5.34991979598999
C#CCN=CCC1C(=O)N=C2CCCC(C)C21,5.471424102783203,7.746021270751953,6.608722686767578
CC(C)=CCN1CCC2(C)c3cc(O)ccc3CC1C2C,5.547050476074219,5.277956962585449,5.412503719329834
CC(C)N(C)CCCCOc1ccc2[nH]c3c(c2c1)CCCC3,6.185375690460205,5.772239685058594,5.978807687759399
O=C1CCc2ccc(OCCCCCNc3c4c(nc5ccccc35)CCCC4)cc2N1,7.586210250854492,5.279542446136475,6.432876348495483
c1ccc2c(NCCCCCCCNc3c4c(nc5ccccc35)CCCC4)c3c(nc2c1)CCCC3,8.578527450561523,3.984468936920166,6.281498193740845
CCOC(=O)Nc1c2c(nc3ccccc13)CCCC2,5.967244625091553,4.4805426597595215,5.223893642425537
CC(C=CC=CC1CC(CO)(COCC(C)C)OC1=O)C=CC=CC=CC=CC=CC,2.8971292972564697,6.134753704071045,4.515941500663757
CC(=O)C1CCCC2C3CC=C4CC(=O)CCC4(C)C3CCC12C,4.711910724639893,7.317084312438965,6.014497518539429
COc1ccccc1C=CC=CCOCCO,3.948967933654785,6.238650798797607,5.093809366226196
O=C1NCCc2c([N+](=O)[O-])cc3cccc1c23,,,
CCOc1ccccc1OCCCCCCCCCNCCCCCCCNCCCCNCCCCNOc1ccc(O)c(OC)c1,6.044642448425293,4.751926422119141,5.398284435272217
O=C1Cc2c(OCCCCCCCNc3c4c(nc5ccccc35)CCCC4)cccc2N1,7.761131286621094,4.991171360015869,6.3761513233184814
COc1cc2c(cc1OC)CCCC2NCC=CCCCCNCCCCCCCNC(C)=O,5.5703864097595215,3.9508442878723145,4.760615348815918
O=C1C=CC=CCC=CCC=CC=NCC=Cc2ccccc2O1,3.04789400100708,5.742053985595703,4.394973993301392
COc1cccc(C=C2CCC(C3=O)C2=O)c1OC,,,
CC1=CC2Cc3nc4cc(Cl)ccc4c(NCCCCCCNc4c5c(nc6ccccc46)CCCC5)c3C(C1)C2,8.81264877319336,4.463440418243408,6.638044595718384
Cc1cc2oc3ccc(OCC4CCCCC4)cc3c(=O)c2cc1O,5.649039268493652,5.870266914367676,5.759653091430664
COc1cc2c(cc1OC)C(=O)C(Oc1cccc(C(=O)c3ccccc3)c1)C2,6.785886764526367,4.4321393966674805,5.609013080596924
COc1cc2c(cc1OC)C1=C(CCN1CCCN(CC=Cc3ccccc3)CC1)CC2,,,
O=C(c1ccc(F)cc1)N1CCC2(CC1)OCCCCO2,4.9412055015563965,5.428922653198242,5.185064077377319
COc1cc2c(cc1OC)C1CCCCC1C=CC2,4.455524444580078,5.479439735412598,4.967482089996338
O=C1Cc2cc(OCCc3ccc(Cl)cc3)ccc2O1,4.538599014282227,7.061517715454102,5.800058364868164
C#Cc1ccc2c3c(nccc13)C(=O)N(CCOCC[N+](C)(C)Cc1ccccc1)C2=O,6.312847137451172,5.805488109588623,6.0591676235198975
COc1cc2c3c(c1OC)=CCCC3CCC2=NOC(=O)CCCCCCCCNc1c2c(nc3ccccc13)CCCC2,,,
Cc1cc2c(o1)CC(C(=O)NCCc1ccccn1)CC2,5.6560821533203125,5.073036193847656,5.364559173583984
O=c1cc(-c2cccc(OCc3ccccc3)c2)oc2ccc(O)cc12,4.662930965423584,5.587302684783936,5.12511682510376
CCOc1ccc2c3c(cccc13)C(=O)N(CCNCCO)C2=O,6.3348798751831055,5.372208595275879,5.853544235229492
CCOCCCCCNc1c2c(nc3cc(Cl)ccc13)CCCC2,8.165334701538086,4.602054595947266,6.383694648742676
O=C1CCc2cc(OCc3ccc(Cl)cc3Cl)ccc2N1,3.973642826080322,7.392606258392334,5.683124542236328
Oc1oc2ccccc2c2c1cccc2NCCCCCCCNc1c2c(nc3cc(Cl)ccc13)CCCC2,,,
Cn1c(=O)c2c(nc(OCCCCCCCNc3c4c(nc5ccccc35)CCCC4)n2C)n(C)c1=O,7.202593803405762,5.201418876647949,6.2020063400268555
Fc1ccc(CCCCCCC2CCN(Cc3ccco3)CC2)cc1,6.523087501525879,4.807136535644531,5.665112018585205
CCCCCCCCN=CC1CC(=O)Oc2cc(OCc3ccccc3)ccc21,4.944484710693359,6.421744346618652,5.683114528656006
CNCC=C1CCOC1=O,4.165074348449707,4.646267414093018,4.405670881271362
CC(=O)NC1(C2CCCCC2)CC(c2ccc(C)c(C)c2)COC1,4.462458610534668,5.469467639923096,4.965963125228882
Cc1ccc(C(=O)OCC2CCCCO2)c2ccccc12,4.418026447296143,4.807497024536133,4.612761735916138
c1ccc(COc2ccc(Nc3ncnc4ccccc34)cc2)cc1,4.511588096618652,5.496107578277588,5.00384783744812
O=C1CCc2cc(OCCCCCCNc3c4c(nc5ccccc35)CCCCC4)ccc2N1,7.450872898101807,5.349365711212158,6.400119304656982
CCC(=O)Nc1ccc2c(c1)c(=O)oc1ccccc12,5.728184700012207,5.603163719177246,5.665674209594727
Cc1cc2cc(-c3ccc(C)c(S(=O)(=O)N4CCCC4)c3)ccc2o1,6.090768814086914,5.645723342895508,5.868246078491211
COc1ccc2[nH]c3c4c(ccc(OC)c(OC)c4c2c1)CCC4,,,
O=c1ccoc2cc(OCc3cccc([N+](=O)[O-])c3)ccc12,5.070063591003418,6.984004974365234,6.027034282684326
O=C1CCCc2cc(OCc3cccs3)ccc21,4.710200309753418,7.163786888122559,5.936993598937988
Cc1c2c3c(c(=O)oc2c(C)n1-c1ccccc1)CCC3,5.252356052398682,4.547033309936523,4.8996946811676025
O=C(CCc1c[nH]c2ccccc12)c1c[nH]c2ccccc12,5.333344459533691,5.828877925872803,5.581111192703247
CC1=Nc2cc(C(=O)c3ccco3)ccc2Sc2ccc(C)cc21,5.827475070953369,4.821135997772217,5.324305534362793
CN(C)c1ccc(C=C2C=OC(C3CCOCC3)OC2=O)cc1,,,
O=C(C=Cc1ccc(OCCCCCCNc2c3c(nc4ccccc24)CCCC3)cc1)c1ccc(O)cc1,6.559163093566895,5.28172779083252,5.920445442199708
O=C(Oc1ccccc1)c1coc2ccccc2c1=O,6.556514739990234,4.8930840492248535,5.724799394607544
COc1cc2c(cc1C)C(=O)C(Oc1ccc(C)cc1)C2,6.180657386779785,5.426815986633301,5.803736686706543
CSc1nc(C=Cc2ccccc2)nn1C,5.503905773162842,6.031335353851318,5.76762056350708
C[n+]1cccc(C=CCN2CCCCCC2)c1,4.772620677947998,3.350115299224853,4.061367988586426
CCC1CCCCN1CCCC(=O)Nc1cc2c(=O)n(C)c3ccccc3c2[n+]1C,,,
Cc1cccc(C)c1NOCCO[N+](=O)[O-],6.256046295166016,5.625478744506836,5.940762519836426
C#Cc1cccc2c1OCCC2=NNC(=O)Cc1cccc2ccccc12,5.584727764129639,5.957948207855225,5.771337985992432
Cc1ccc(O)c(C(=O)c2c1CCCC2=O)c1cc(F)ccc1F,,,
Cc1[nH]c2ccc(OCCCCCCNc3c4c(nc5ccccc35)CCCC4)cc2c1C,7.919973373413086,5.245588302612305,6.582780838012695
CNC(=O)Oc1cccc(CN(C)CCCCCCOc2ccc3c(=O)c4ccccc4oc3c2)c1,8.115917205810547,5.681029796600342,6.898473501205444
CSc1cccc2c1CCC2=CCCN1CCCC1,6.046456813812256,4.230499744415283,5.1384782791137695
CCOC(=O)c1cc2cc(SCCC)ccc2nc1CC,5.351226806640625,5.397931098937988,5.374578952789307
CC(=O)CC1CCCc2c1oc1cccc(OCCCCCCCNc3c4c(nc5ccccc35)CCCC4)c12,7.114570140838623,4.585906982421875,5.850238561630249
c1ccc(CNCc2ccc3c(c2)OCO3)cc1,4.6241455078125,3.546053171157837,4.0850993394851685
COc1cc2c(cc1OC)C(=O)C(Oc1ccc(CC(=O)c3ccc(C(F)(F)F)cc3)cc1)C2,6.4504265785217285,5.685000896453857,6.067713737487793
Clc1ccc(-c2cc(C3CCN(Cc4ccccc4)CC3)no2)cc1,5.3311848640441895,4.3446221351623535,4.8379034996032715
CCN(CC)CCOc1ccc(C(C)=O)cc1C(=CC=Cc1ccccc1)c1ccccc1,5.197232246398926,4.7498040199279785,4.973518133163452
Cc1cc2c3c(c1)C(=O)C(=O)C3=O,,,
C#CCN(C)Cc1cc2cc(OCCC3CCN(Cc4ccccc4)CC3)ccc2n1C,6.383633136749268,5.55838680267334,5.971009969711304
O=C(CCc1c[nH]c2ccc(OCc3ccccc3)cc12)NC1CCCCC1,4.841264724731445,5.2456817626953125,5.043473243713379
c1ccc(CN=C2CCCCC2)cc1,5.453526973724365,4.264172554016113,4.858849763870239
C#CCCCN1CCN(CCCCCCCCCN(CCCCCCCN(C)CCC)CC)CC1,6.883577823638916,4.874952793121338,5.879265308380127
COc1cc2c(cc1OC)C(=O)C(Oc1cccc(CCCNc3c4c(nc5ccccc35)CCCC4)c1)C2,6.844081878662109,4.74666690826416,5.795374393463135
c1cc2c3cc(OCCCCCCCNc4c5c(nc6ccccc46)CCCC5)nc-3oc2cc1,,,
Clc1ccccc1C1=NCCS1,5.679286479949951,4.816869735717773,5.248078107833862
Cn1nnnc1Sc1ncnc2ccc(C3=NCCN3)cc12,5.0808424949646,5.102925777435303,5.091884136199951
CCc1c2c(nc3ccccc13)OCC2,5.472362995147705,4.369881629943848,4.921122312545776
CNC(=O)Oc1cc(C)c2c(c1)OC(C)(C)C2,6.966997623443604,4.433249473571777,5.70012354850769
COc1ccc(C=Cc2c[nH]c3cccc(OC)c23)c(OC)c1,5.016269207000732,5.320340156555176,5.168304681777954
COc1cc2c(s1)-c1cc(=O)oc3cc(O)ccc13,,,
O=C1CCc2ccc(OCCCCCCNc3c4c(nc5cc(Cl)ccc35)CCCC4)cc2N1,8.071630477905273,5.465446949005127,6.7685387134552
O=C(C=CC=Cc1ccc2c(c1)OCO2)Nc1ccc(F)cc1,4.734734058380127,6.47581958770752,5.605276823043823
CCOc1cc2c(=O)n3cc(C)ccc3nc2s1,5.635745525360107,5.988043785095215,5.811894655227661
CC(C)C1=NN2CCCC2C2=CCCOCC(=O)CCCCCCCCCCCNC(=O)CCCCCCN,,,
N#Cc1c(F)cccc1Oc1ccccc1,6.0016913414001465,5.1034345626831055,5.552562952041626
CC1=CC=CC2=[N+](C)c3ccccc3C2(C)C1=O,5.218936920166016,7.024245262145996,6.121591091156006
COC1=C(O)C(=O)c2cc(Cl)ccc2O1,6.048845291137695,4.497776985168457,5.273311138153076
Fc1ccc2c(c1)c(-c1ccccc1CO2,,,
COc1ccc2c(c1)c(C1CCOC1)cn2Cc1ccc(F)cc1,5.574235439300537,5.86991024017334,5.7220728397369385
CC1=C(C)C(=O)C(C)=C=C1SCCCC(=O)N1CCCC1,6.8299665451049805,5.663597583770752,6.246782064437866
CCC=CC=CC=Cc1cc2c(O)ccc(OCCc3ccccc3)c2oc1=O,4.793301582336426,6.770046710968018,5.781674146652222
C#CCn1c(=O)c2ccccc2c2ccc(OCCCCCNc3c4c(nc5ccccc35)CCCC4)cc21,6.45381498336792,5.269012451171875,5.8614137172698975
CN(C)CCCCCCOc1ccc2c(=O)c3ccccc3oc2c1,4.073549747467041,5.249765396118164,4.6616575717926025
CCNc1c2c(nc3ccccc13)CCCC2,6.785312175750732,3.735762596130371,5.260537385940552
COc1cc(C=CC=CCC=CC(=O)C=Cc2ccc3cc(C)ccc3n2)ccc1O,4.492692947387695,6.080360889434815,5.286526918411255
c1ccc(CNc2ccc(OC3CCCCC3)cc2)cc1,5.015988826751709,4.638500213623047,4.827244520187378
Cc1ccccc1NC(=S)NN=Cc1ccc(C)s1,5.520763397216797,3.903388500213623,4.71207594871521
O=C(F)F)CCCCCCCCCNc1c2c(nc3ccccc13)CCCC2,,,
N#CCCN1N=C2CCCCC2C1C=CC=Cc1ccco1,6.253898620605469,6.738080024719238,6.4959893226623535
Cc1ccc(NC(=O)Oc2ccc3c(c2)C2(C)CCN(C)C2N3C)cc1Cl,6.784976005554199,5.81201171875,6.2984938621521
CClc1ccc(CC(C)Nc2c3c(nn2CCCc2ccccc2)OCCO3)cc1,,,
COc1ccc2c(c1)c(CC(=O)NCc1ccccc1)c(C)n2C(=O)c1ccco1,5.716820240020752,4.543067455291748,5.12994384765625
CN(C)CCCCOc1ccc(C=Cc2ccccc2)cc1,3.864046573638916,4.888669967651367,4.376358270645142
Fc1ccc(-c2csc(NN=Cc3ccc(Cl)cc3)n2)c(F)c1,5.633226871490479,6.242587566375732,5.9379072189331055
Cc1ccccc1C1CC1c1cc[n+](C2CCOCC2)cc1,4.660638809204102,6.064218044281006,5.362428426742554
N#Cc1ccc(CCNC(=O)CCCCCCCNc2c3c(nc4ccccc24)CCCC3)cc1,7.8165178298950195,4.767113208770752,6.291815519332886
Cc1sc2ncnc(NCCc3ccc(OCCN4CCCCC4)cc3)c2c1C,5.950407028198242,6.10463809967041,6.027522563934326
O=C(CCc1c[nH]c2ccccc12)NCCc1ccccc1,4.89785623550415,5.185283184051514,5.041569709777832
O=C1c2ccccc2-c2nnc(-c3ccc(F)cc3)cc21,5.582317352294922,6.205568313598633,5.893942832946777
CC1CCC(=O)COc2ccc(C=C3SC(=O)NC3=O)cc21,5.09528923034668,6.0566935539245605,5.57599139213562
O=C(O)CCCCCCCCCCCCNc1c2c(nc3cc(Cl)ccc13)CCCC2,7.888269901275635,5.209095478057861,6.548682689666748
O=C(CCc1c[nH]c2ccccc12)NC1CCCC1,4.864204406738281,4.614533424377441,4.739368915557861
O=C(O)c1cc2cc(OCC=Cc3ccccc3)ccc2o1,5.469272136688232,6.748487949371338,6.108880043029785
Cc1cccc(C=CC2Cc3ccccc3C2=O)c1,4.788328647613525,6.353437423706055,5.57088303565979
O=C1Oc2cc(OCCCCCCCNc3c4c(nc5cc(F)ccc35)CCCC4)ccc2C2CC21c1ccccc1,6.582441329956055,6.380781650543213,6.481611490249634
Cc1oc2cc3oc(O)cc(=O)c3cc2c1C,6.008756637573242,4.110030651092529,5.059393644332886
Cc1cccc(NC(=O)c2cc3ccccc3oc2=O)c1,5.8737406730651855,5.983683109283447,5.928711891174316
O=C(CCc1c[nH]c2ccccc12)NCc1ccc2c(c1)OCO2,5.7743353843688965,5.575860977172852,5.675098180770874
Fc1ccc(-c2cc3ccncc3c(NCCCCCCCNc3c4c(nc5ccccc35)CCCC4)n2)cc1,7.91705322265625,5.076345443725586,6.496699333190918
CC1CC=CCN1CCCOc1ccc2oc(O)cc2c1,5.390759944915772,5.628037929534912,5.509398937225342
CC(=O)N1N=C(c2ccccc2OCCOc2ccccc2)CC1c1ccco1,7.207563877105713,5.659473419189453,6.433518648147583
CC(=O)N1OCC(OCc2ccc(Br)cc2)C1,5.287149906158447,5.567575454711914,5.427362680435181
C=C1CC(C)C2C1OC(=O)CCCCCCCOc1cccc(C(=O)CCCC)c1,,,
O=C(CCNc1c2c(nc3ccccc13)CCCC2)C1CCCCC1,7.373923301696777,4.371739387512207,5.872831344604492
CCOC(=O)C1=CCN(Cc2cccc(OC)c2)CC1,4.826395034790039,3.513370513916016,4.169882774353027
O=[N+]([O-])OCCCCCNCCCCCNc1c2c(nc3ccccc13)CCCC2,7.796529769897461,4.845895290374756,6.321212530136108
O=C(CCc1c[nH]c2ccccc12)NC1CCCC1,4.864204406738281,4.6145524978637695,4.739378452301025
C=CCCC1CCC(C(=O)NCc2ccccc2OC)O1,4.744694709777832,4.460810661315918,4.602752685546875
COC(=O)C=Cc1cc[n+]2ccc(OCc3ccccc3)cc2c1OC,4.768490791320801,6.145486831665039,5.45698881149292
CC(=NNC(=O)c1ccccc1O)c1ccccc1O,6.104548454284668,5.136593818664551,5.620571136474609
CCC1CCC2C(=O)N(C)OC(=O)CCCCCCCNc3c4c(nc5ccccc35)CCCC4)C(C)C2C1,,,
CC1CCCCC1Oc1cc(C(=O)NCCOCCCCCCCNc2c3c(nc4cc(Cl)ccc24)CCCC3)ccc1F,7.681768894195557,5.107959270477295,6.394864082336426
O=C(O)c1cccc(C2CC3CCC(C2)N3Cc2coc3cc(Cl)ccc23)c1,6.520724296569824,6.054274559020996,6.28749942779541
O=C(CCCCCCCCCCNc1c2c(nc3cc(Cl)ccc13)CCCC2)NCC1CCCCC1,8.258508682250977,4.518792152404785,6.388650417327881
O=C1NC(=O)c2cc(OCCCCCCCNc3c4c(nc5cc(Cl)ccc35)CCCC4)ccc21,8.668933868408203,5.973996162414551,7.321465015411377
CCC(=O)Nc1cc2c(C)cccc2cc1O,4.932209491729736,5.856260776519775,5.394235134124756
Cc1cccc(C(=O)Nc2ccc(Cl)cc2)c1,4.3506574630737305,5.072906970977783,4.711782217025757
CNC1CCC(=Cc2cccc3cccc(c23)C(=O)C(=O)C1,,,
COC(=O)CCCc1ccc(OC(=O)C=Cc2ccc(OC)cc2)cc1,4.762320518493652,5.691095352172852,5.226707935333252
COc1cccc2c1NC(=O)C2=NCC1CCCCC1,5.482716083526611,5.28092622756958,5.381821155548096
Fc1ccc(-c2ccc(C=C3C(=O)c4cccc(C=Cc5ccc(Cl)cc5)o4)C3=O)o2)cc1,,,
O=C1c2ccccc2C(=O)N1CCc1ccccc1OCCCCCNc1c2c(nc3ccccc13)CCCC2,7.345422267913818,5.042392730712891,6.1939074993133545
COc1ccc2oc(=O)c(-c3csc(N4CCCCC4)n3)cc2c1,5.83206033706665,6.4371514320373535,6.134605884552002
CC(O)c1cccc(COc2ccc(C3=NN(C4CCCCC4)CS3)cc2)c1,6.056661128997803,5.887311935424805,5.971986532211304
Oc1occ2ccc(OCCCCCCCCCNc3c4c(nc5ccccc35)CCCC4)cc12,7.24873161315918,5.843832015991211,6.546281814575195
CCOC(=O)c1cc2ccc([N+](=O)[O-])cc2oc1=NOCC,5.999267101287842,5.481139183044434,5.740203142166138
CCOc1cccc(-c2c(C#N)c3ccccc3[n+]2CCCCCNc2c3c(nc4ccccc24)CCCC3)c1,,,
CN(C)CCN1CCOC2Cc3c(O)cccc3CC21,4.649562358856201,4.748674392700195,4.699118375778198
O=C1CCCc2cc(OCCCCCNc3c4c(nc5cc(Cl)ccc35)CCCC4)ccc21,7.804790496826172,5.397940635681152,6.601365566253662
O=c1ccoc2cc(OCc3cccc(Cl)c3)ccc12,3.996037006378174,7.221095561981201,5.6085662841796875
CC1=CC2OC3CC4OC(=O)C=CC=CCC(C)C(=O)OCCC(O)CNC(O)CCCCO)OCCCC(O)CC(O)C(C)COC3C2O1,,,
Cc1cc2cc(OCCCCCCCCNCCO)ccc2o1,5.051362037658691,6.2770609855651855,5.6642115116119385
COc1cc2c(cc1OC)C(=O)C(C)C2,7.520417213439941,4.710775375366211,6.115596294403076
O=[N+]([O-])c1cccc(C=NNc2nc3ccccc3o2)c1,5.740557670593262,4.137919425964356,4.939238548278809
O=C(Cc1ccccc1)Nc1ccc(OCCCCCCNc2c3c(nc4ccccc24)CCCC3)cc1,6.860897541046143,4.549427032470703,5.705162286758423
O=C1NC(=O)c2cc(OCCCCCCCCCNc3c4c(nc5ccccc35)CCCC4)ccc21,8.12973403930664,6.113667011260986,7.1217005252838135
COc1ccccc1-c1cc2cc(OCc3ccccc3)ccc2oc1=O,5.470171928405762,6.664850234985352,6.067511081695557
C=CCCC1CCN(Cc2cccc(CCCCCCCCCCCCCNc3c4c(nc5ccccc35)CCCC4)c2)CC1,8.002830505371094,4.421266078948975,6.212048292160034
CC1=CC(C)(C)Nc2ccc(-c3coc(CO)c3)cc21,4.732333183288574,5.813920497894287,5.273126840591431
c1ccc2cc(OCCCCCN3CCCC3)ccc2c1,4.845745086669922,5.002114772796631,4.923929929733276
c1ccc2c(C3=CCOCC3)c[nH]c2c1,3.765145301818848,6.176106452941895,4.970625877380372
Cc1ccc(C2CCCc3onc(CCN4CCC(C(=O)N5CCCCC5)CC4)c32)cc1,6.628959655761719,4.667088508605957,5.648024082183838
O=C(CCCCc1c[nH]c2ccccc12)NCCCCCCCNc1c2c(nc3cc(Cl)ccc13)CCCC2,8.870742797851562,4.667150974273682,6.768946886062622
COc1ccc(OC)c(N=CC2CC(=O)Oc3cc(C)ccc32)c1,6.199026584625244,5.497657299041748,5.848341941833496
COc1cc2c(cc1OC)C(=O)CCC2=Nc1ccc(C#N)cc1,6.799035549163818,5.5451483726501465,6.172091960906982
Cc1cccc(CNCCc2ccc(O)c3nc(-c4ccsc4)c(C)nc23)n1,5.723586082458496,4.895255565643311,5.309420824050903
CCCc1c2c(nc3cc(OC)ccc13)-c1ccccc1C2=O,4.722816467285156,5.002145290374756,4.862480878829956
O=[N+]([O-])Cc1ccc(OC2CCCCC2)cc1,5.575831413269043,4.6813483238220215,5.128589868545532
CC1CCCC(=NNc2ccc(C(=O)O)cc2[N+](=O)[O-])C1,5.1575212478637695,5.428413391113281,5.292967319488525
Cc1c2c(n3c1CCCC3)CCCC2=O,6.513217926025391,4.558048725128174,5.535633325576782
CSc1ccc2cc(CCN)c(=O)oc2c1,4.381816387176514,5.793073177337647,5.08744478225708
CN(C)C1CCCCC1Nc1cc2cc(=O)oc3ccoc2cc1O,,,
COc1ccc(C(=O)C=CCN2CCCCC2)cc1OC,5.297740459442139,4.172940731048584,4.735340595245361
COc1cc2c(CCCCN3CCN(C4CC4)CC3)coc2cc1OC,6.210452079772949,4.615933895111084,5.413192987442017
Cc1cc(C)cc(C(=O)n2c(C)nc3ccccc32)c1,5.364548683166504,4.557406425476074,4.960977554321289
CC1CCCC1CNCc1ccc([N+](=O)[O-])cc1,4.910621643066406,3.858408927917481,4.384515285491943
COc1cc2c(c(OC)c1)C(=O)OC2CCNCC2COc2ccccc2OCC(O)C=O,,,
Cc1ccc2c(NCCCCCCCNc3c4c(nc5ccccc35)CCCC4)c3c(nc2c1)CCCC3,9.089447975158691,4.072892665863037,6.581170320510864
CC#CCNCc1coc2cc(OCc3cccc(C)c3)ccc12,3.91503643989563,6.762537002563477,5.338786721229553
O=C1C=CC(C=Cc2ccccc2)C=[N+]1O,4.642002105712891,5.871913433074951,5.256957769393921
COc1cc2c(cc1OC)C(=O)C(Oc1ccc(C(=O)c3ccccc3)cc1)C2,6.953240871429443,4.449501514434815,5.701371192932129
COC(=O)c1ccc2c(c1)C(=O)c1cc(OCCCC#N)ccc1O2,4.307633399963379,5.599079608917236,4.953356504440308
O=C(CCCCCCCCCCCCC[n+]1ccccc1)c1ccccc1,6.095574378967285,4.687949180603027,5.391761779785156
Cc1cccc(C2CN3CCCC3c3cc(O)ccc32)c1,4.86953067779541,6.145471572875977,5.507501125335693
CCCN1CCC(Oc2ccc(C(=O)c3cccc(Cl)c3)cc2)CC1,5.176376819610596,3.931114673614502,4.553745746612549
c1ccc2c(NCCCNc3c4c(nc5ccccc35)CCCC4)coc2c1,7.188162803649902,4.2728118896484375,5.73048734664917
O=C(C=Cc1ccccc1OCc1ccccc1)NCCCCCCCCNc1c2c(nc3ccccc13)CCCC2,6.148618221282959,4.813826084136963,5.481222152709961
C#CCN(C)Cc1cc2cc(OCCC3CCN(Cc4ccccc4)CC3)ccc2n1C,6.383633136749268,5.55838680267334,5.971009969711304
Oc1cccc2c3c(n(Cc4ccccc4)c12)CCCC3,5.548071384429932,3.6518054008483887,4.59993839263916
c1ccc(C2=NC3CCCC3c3ccccc32)cc1,5.2651567459106445,5.207411766052246,5.236284255981445
Clc1cccc(C2CCc3nc(-c4ccccc4)cs32)c1,,,
Cn1c2ccccc2c2cc(CCCCN3CCN(Cc4ccco4)CC3)ccc21,5.973475456237793,4.21297550201416,5.093225479125977
Cc1c2ccccc2c(O)c2cc(CCCOc3cccc(Cl)c3)ccc2oc1=O,5.285469055175781,7.240350246429443,6.262909650802612
O=C1Cc2cccc(OCCCCNc3c4c(nc5ccccc35)CCCC4)c2o1,7.04347038269043,4.489779949188232,5.766625165939331
O=C1NCc2c1oc1ccc(OCCC3CCN(Cc4ccccc4)CC3)cc21,7.826366901397705,5.093607902526856,6.45998740196228
NC(=O)CCC(NC(=O)CCCCCCCNc1c2c(nc3ccccc13)CCCC2,,,
COc1cc2c(cc1OC)C(=O)C(C)C2,7.520417213439941,4.710775375366211,6.115596294403076
O=C1CCc2ccc(OCCCCCNc3c4c(nc5cc(Cl)ccc35)CCCC4)cc2N1,8.032442092895508,5.358536720275879,6.695489406585693
CC1CCN(CCCCCNc2c3c(nc4ccccc24)CCCC3)CC1,8.567959785461426,3.744103193283081,6.156031489372253
Cc1ccc2[nH]c(O)c(C3=CCC(CN(C)C)OCC3)c2c1,5.503228664398193,4.7820024490356445,5.142615556716919
O=C(CCCCCCCc1ccccc1)NC1CCCCC1,5.336936473846436,4.216206073760986,4.776571273803711
O=c1oc2ccc(OCCCCCCNc3c4c(nc5cc(F)ccc35)CCCC4)cc2cc1CO,7.546649932861328,5.637470245361328,6.592060089111328
S=C(NCCCc1c[nH]cn1)NN=Cc1ccccc1,4.132562637329102,4.379443168640137,4.256002902984619
COc1cc2c(OCCCCCCNc3c4c(nc5ccccc35)CCCC4)c3c(nc2cc1OCCCC3,,,
COc1cc(C=C(C#N)c2ccc(Br)cc2)ccc1O,3.9510865211486816,5.937631607055664,4.944359064102173
CC(C#Cc1cc(=O)c2ccccc2o1)=NCCCCCCCCN,4.117109298706055,6.101912021636963,5.109510660171509
COc1cc2c(cc1OC)C(=O)C(Oc1ccc(CCCN3CCCC3)cc1)C2,6.650805473327637,4.607855796813965,5.629330635070801
c1ccc(OCCN2CCCCC2)cc1,4.77695894241333,4.3902740478515625,4.583616495132446
Cc1cccc(C2Nc3ccccc3C2=O)c1,5.169984817504883,6.042996406555176,5.606490612030029
CCOc1ccccc1C=Cc1ccc2ccccc2[n+]1C,4.7241973876953125,5.449244499206543,5.086720943450928
CCN=C1CCc2c1n(C)c(=Nc1ccc(OC)cc1)c2O,,,
COc1cc2c(CC(=O)C=CC3CCCO3)noc2cc1OC,5.664609909057617,4.7248616218566895,5.194735765457153
Cn1c2cccc(O)c2c2c3c(O)ccc(O)c3cc21,,,
CN=C1CCc2cc(OC)c(OC)c(Br)c2C2=CCCCC2=N1,6.169305801391602,4.626378059387207,5.397841930389404
CN(C)c1ccc(C=C2CCC(CC=CCCCN(C)C)=C2)cc1,5.705624580383301,3.993237257003784,4.8494309186935425
CCCCCCCCCCCCCCCCCCCN=C1CC(=O)C(O)(c2ccc(O)c(O)c2)=CC1=O,,,
CC(=O)c1cc2c(cc1C)C(=O)CC1CCCCN21,6.45316219329834,5.677000045776367,6.0650811195373535
C=CCOC(=O)C=CC=CC=Cc1ccc2c(c1)OCO2,3.57065486907959,7.172713279724121,5.3716840744018555
O=CC1CCCCC1c1cc2c(=O)oc3cc(OCc4ccccc4)ccc3c2o1,5.23713493347168,6.258749961853027,5.7479424476623535
Cc1cc2cc(C(=O)CCC(=O)C3CCCCC3)sc2o1,6.247395038604736,5.807746887207031,6.027570962905884
COc1cc2c(cc1O)CCC1C2=NOC2C(=O)c2ccccc21,,,
CC#CCN1CCC2(C)c3cc(OCCCCN4CCCCC4)ccc3CCC21,5.818576335906982,5.50526762008667,5.661921977996826
C#Cc1ccc(C2CC=CC(O[N+](=O)[O-])C2)cc1,3.730661869049072,5.773196220397949,4.751929044723511
O=C(C=CC=C1CCC(=O)C1)Nc1ccccc1,4.443469047546387,6.528322696685791,5.485895872116089
CN(C)CCCCCCCCCCNc1c2c(nc3ccccc13)CCCC2,7.062232971191406,4.148772716522217,5.6055028438568115
CCNc1c(C)c2ccc(OC)cc2oc1=O,6.305309295654297,5.0062127113342285,5.655761003494263
Cc1cccc(Cl)c1NC(=O)Oc1ccccc1,6.860321521759033,4.512458324432373,5.686389923095703
O=C(NCCCCCCCCCCCNc1c2c(nc3cc(Cl)ccc13)CCCC2)c1c[nH]c2ccccc12,8.790122985839844,4.889306545257568,6.839714765548706
Nc1nc(O)c2c(n1)-c1cc(CCCCCCCCCCCNc3c4c(nc5ccccc35)CCCC4)ccc1C2=O,7.611050128936768,5.310001850128174,6.460525989532471
N=C(N)c1csc(CNC(=O)CCCCCNc2c3c(nc4ccccc24)CCCC3)n1,7.783639907836914,5.146996974945068,6.465318441390991
CCCCOc1cc2oc(=O)cc(C(C)C)c2cc1C,4.781384468078613,5.801877975463867,5.29163122177124
COc1cc2c(NC3CC3c3ccccc3)c(C#N)cnc2cc1OCCCN1CCCCC1,5.6605401039123535,5.235935211181641,5.448237657546997
CC(C)=NNc1nc(-c2ccc(O)cc2)cs1,5.374207019805908,4.670506000518799,5.0223565101623535
COc1cc2c(cc1OC)C(=O)C(CCc1ccccc1)C2,6.816869735717773,4.992969512939453,5.904919624328613
Clc1ccccc1CN(CCCCCCCNc1c2c(nc3ccccc13)CCCC2)C1CCCCC1,7.580049514770508,3.914503812789917,5.747276663780212
Cc1cccc2c1N=C(c1ccc(OCCCCN3CCCCC3)cc1)CC2=O,6.611346244812012,5.712978363037109,6.1621623039245605
COc1cc2c(cc1OC)C(=O)C(C)C2,7.520417213439941,4.710775375366211,6.115596294403076
COc1cc2c(cc1OC)C(=O)C(Oc1ccc(C(=O)NCCCCCCCCN3CCCCC3)cc1)C2,7.389055252075195,4.847538471221924,6.11829686164856
NCC=C1CC(=O)Oc2cc(OCc3cccc(Cl)c3)ccc21,4.374815940856934,6.993959426879883,5.684387683868408
N#Cc1cccc(-c2csc(NN=Cc3cccs3)n2)c1,5.069189071655273,5.983195781707764,5.5261924266815186
N#CCCN1N=C2CCCC2C1c1ccc(Cl)cc1,6.940709114074707,6.933202743530273,6.93695592880249
O=C1Nc2ccccc2C1=Cc1c[nH]c2ccccc12,4.838407516479492,6.661857604980469,5.7501325607299805
O=C(C=Cc1ccc2cc([N+](=O)[O-])ccc2c1)c1cc(F)ccc1O,5.215221405029297,7.02274227142334,6.118981838226318
O=C1CC(=O)c2cc(OCCCCCNc3c4c(nc5ccccc35)CCCC4)c(O)cc21,8.306020736694336,5.204291343688965,6.75515604019165
COc1ccc2c(=O)c(-c3ccc(OCCCCCCCN4C5CCC4CCC5OC(=O)C=CC5O)cc3)oc2c1,,,
O=C1Nc2ccc3ccccc3c2C1=O,4.867462158203125,6.495771884918213,5.681617021560669
CCOC1=CC=CC2=CC=C(C)C(=O)C2CC1=O,4.340216159820557,6.323241710662842,5.331728935241699
O=C1CCc2ccc(OCCCCCCNc3c4c(nc5ccccc35)CCCC4)cc2N1,7.6467509269714355,5.350108623504639,6.498429775238037
NCCCCCCCCCNc1c2c(nc3ccccc13)CCCC2,6.389744758605957,4.465505123138428,5.427624940872192
COc1cc2c(cc1OC)C(=O)C(Cl)=C2,6.269975662231445,6.094466209411621,6.182220935821533
Cc1c(C)c2ccc(OCC(O)CN3CCC(C3)C2)cc2cc(C)c(C)cc2[n+]1C,5.870532512664795,5.174772262573242,5.5226523876190186
O=c1ccoc2ccc(OCc3ccc(F)cc3)cc12,4.365901470184326,7.64776611328125,6.006833791732788
Cc1c2ccccc2nc2cccc(C(=O)NCCCCCCCCCNc3c4c(nc5ccccc35)CCCC4)c12,8.088172912597656,4.3418965339660645,6.21503472328186
Cc1cccc(-c2c3c(=O)n(CCCCCCCCN)cnc3nc2-c2ccc(C)cc2)c1,,,
O=c1c2ccccc2oc2cccc([N+](=O)[O-])c12,5.299810409545898,4.099259376525879,4.699534893035889
O=C1c2cccc3cccc(c23)C(=O)N1O,5.696165561676025,6.232165336608887,5.964165449142456
CC(=O)C(CCCCN=C(N)N)NC=CC1CCCCC1,4.571049690246582,5.340396404266357,4.95572304725647
O=C1c2ccccc2C(=O)C1=NOCCCCCNc1c2c(nc3ccccc13)CCCC2,6.829897403717041,4.370250225067139,5.60007381439209
O=C(C#CCCN1CCCC1)Nc1ccccc1,5.945724487304688,5.147111415863037,5.546417951583862
COc1cc(NCc2ccc3c(c2)OCO3)c2c(=O)n(C)c(=O)n(C)c2n1,6.285393238067627,4.179598331451416,5.2324957847595215
O=C(COc1ccc2ccccc2c1)Nc1ccc2c(c1)COC2=O,5.267765045166016,7.115466117858887,6.191615581512451
COc1cc2c(cc1OC)C(=O)c1ccccc1C2=O,5.9024763107299805,5.736841201782227,5.8196587562561035
COc1cc2oc3cc(O)ccc3c(=O)c2cc1OC,6.044419765472412,4.013314723968506,5.028867244720459
O=C1c2ccccc2-c2nnc(-c3ccccc3[N+](=O)[O-])o21,,,
c1ccc(Cn2c3c(c4ccccc42)CCCC3)cc1,4.866381645202637,3.5059263706207275,4.186154007911682
COc1cc(=O)oc2cc(OCc3cccc(Cl)c3)ccc12,4.760396957397461,7.15194845199585,5.956172704696655
CC(=O)N1N=C(c2ccc(OCc3ccc(Br)cc3)cc2)CC1c1ccccc1,6.181341648101807,6.592584133148193,6.386962890625
O=C1CCC2(CCCCC2)CCN1CCC1CCCC1,6.40403413772583,4.632057189941406,5.518045663833618
O=C(C=Cc1ccccc1Br)c1ccc(O)c2ncccc12,4.676871299743652,5.694041728973389,5.1854565143585205
O=C1c2ccccc2OC(=O)c2ccccc21,5.149179458618164,4.834969520568848,4.992074489593506
CC(=NNC(=O)c1ccc2ccccc2c1)c1ccccc1,5.216773986816406,5.219588756561279,5.218181371688843
Cc1ccc2c(c1C)OC(=O)CC2=C[N+](=O)[O-],5.18461799621582,6.093590259552002,5.639104127883911
O=C(NN=Cc1ccc(CC2=NCCS2)cc1)c1ccsc1,5.906674385070801,5.294679164886475,5.600676774978638
CC(C)=NNc1nc(-c2ccc(C(=O)O)c(O)c2)cs1,5.191833019256592,4.714470863342285,4.9531519412994385
CC1CCC2C(=O)N3CCCC3C(=O)oc3cc(O)ccc3c2=O)C1,,,
CCC(CO)Nc1cc2c(cc1C#CC(C)C)OCO2,4.3038649559021,4.7870683670043945,4.545466661453247
COc1cc2c(cc1OC)CCCC2NCCCCCCCCNc1c2c(nc3ccccc13)CCCC2,7.1707072257995605,4.588958740234375,5.879832983016968
CCCNc1c2c(nc3cc(Cl)ccc13)CCCC2,7.489461421966553,3.811392784118652,5.6504271030426025
CCCOCCOc1ccc2c(=O)oc3cc(S(=O)(=O)N4CCCC4C)ccc3c2c1,5.939803600311279,6.434121131896973,6.186962366104126
CC#CCCn1ncc2c3c(cccc31)CC(C)CCC3,,,
O=C1c2ccccc2-c2onc3cccc1c23,5.03476095199585,4.837893009185791,4.93632698059082
O=C1COc2ccc(OCCCCCNc3c4c(nc5cc(Cl)ccc35)CCCC4)cc2N1,7.897763729095459,5.342409133911133,6.620086431503296
O=C1C(=CC=Cc2ccc([N+](=O)[O-])cc2)C=CC1=[N+](O)c1ccccc1,4.845325469970703,5.537204742431641,5.191265106201172
CNC(=O)c1cccc(Oc2ccc3oc(=O)c(C)cc3c2)c1,8.344990730285645,5.963415145874023,7.154202938079834
O=C(O)c1ccc(CCCCOc2ccc(CCCc3ccccc3)cc2)cc1,4.783655166625977,5.732109069824219,5.257882118225098
Cc1cc(=O)oc2cc(OCCCCCCCCCNc3c4c(nc5ccccc35)CCCC4)ccc12,7.268554210662842,5.519725322723389,6.394139766693115
CCC=S(O)(O)=Nc1ccc(CCCCCCNc2c3c(nc4ccccc24)CCCC3)cc1,7.50661039352417,4.789086818695068,6.147848606109619
CN(C)c1ccc(-c2coc3cc(Br)ccc3c2=O)cc1,4.966891288757324,6.7741546630859375,5.870522975921631
CC=C1CC(=O)Oc2cc(OCCCCCCNc3c4c(nc5ccccc35)CCCC4)ccc21,7.571367740631103,5.49388599395752,6.5326268672943115
O=C1CCCc2cc(OCCCCCN3CCCCC3)ccc21,6.400179862976074,5.53248405456543,5.966331958770752
Cc1cccc2c1OP(=O)(O)CC2c1ccccc1,5.062341213226318,5.197034358978272,5.129687786102295
O=C1c2ccccc2-[n+]2ccccc2C=CC2CCCCC21,4.2549729347229,5.723496437072754,4.989234685897827
CC(=O)c1ccc(-c2ccc(C(=O)NC3CCCCCC3)cc2)cc1,4.281006813049316,4.881435871124268,4.581221342086792
O=C1OC2CN1Cc1ccccc1C2C[N+](=O)[O-],4.627651214599609,5.802498817443848,5.2150750160217285
O=c1ccoc2ccc(OCc3ccccc3)cc12,4.4897050857543945,6.758448123931885,5.62407660484314
C#CCCCCOc1ccc2c(=O)c3ccccc3oc2c1,3.550673246383667,6.675394058227539,5.113033652305603
COC(=O)c1cc2ccccc2cc1O,4.160336494445801,6.444550037384033,5.302443265914917
c1ccc(Cc2cc(OCCCCCCCNc3c4c(nc5ccccc35)CCCC4)no2)cc1,7.449155807495117,4.563335418701172,6.0062456130981445
COc1cc2c(cc1OC)C(=O)CC(Cc1ccccc1)C2,5.911160469055176,4.5754923820495605,5.243326425552368
CCC1=CC2Cc3nc4cc(Cl)ccc4c(NCCCCCCNC(=O)c4cc(OC)c(OC)cc4)c3C(C1)C2,7.9883713722229,4.501056671142578,6.244714021682739
COc1ccc2c(c1)OC(=O)CC2=COCc1cc2c(=O)n3cccc(C)c3nc2n1C,5.667292594909668,5.762258529663086,5.714775562286377
O=C1Cc2ccccc2C1=O,4.845606327056885,5.345312595367432,5.095459461212158
COc1ccc2c(C)c(CCCCCC(=O)NCCCCCCCNc3c4c(nc5ccccc35)CCCC4)oc2c1,8.282903671264648,4.978429794311523,6.630666732788086
O=C(C=Cc1ccco1)N=C1CCCN(Cc2ccccc2)C1=O,5.030807495117188,5.595633029937744,5.313220262527466
O=C(CC=CC1CCN(Cc2ccccc2)CC1)c1ccc(F)cc1,5.409589767456055,4.122872829437256,4.766231298446655
CCCC=CC=CC1=CC=C(CC)C(=O)C1=O,2.875532865524292,6.235243797302246,4.555388331413269
O=c1oc2ccc(OCCCCCCNc3c4c(nc5cc(Cl)ccc35)CCCC4)cc2cc1CO,7.486285209655762,5.513415813446045,6.499850511550903
Cc1ccccc1NC(=O)Oc1ccccc1C#N,7.181098937988281,5.457698345184326,6.319398641586304
CCCCOc1ccccc1C(=O)NCCC1CCN(Cc2ccccc2)CC1,6.80958890914917,3.9794728755950928,5.394530892372131
O=c1oc2ccc(OCCCCCCCNc3c4c(nc5cc(Cl)ccc35)CCCC4)cc2o1,7.589054584503174,5.748922348022461,6.668988466262817
O=c1cc(-c2ccccc2)oc2cc(OCc3ccccc3)ccc12,4.625393390655518,5.553295135498047,5.089344263076782
COc1ccc(-c2cc3cc(OC)ccc3oc2=O)cc1,5.438525199890137,6.782475471496582,6.110500335693359
O=C1c2ccccc2C(=O)N1CCCCOCCCCCNc1c2c(nc3cc(Cl)ccc13)CCCC2,8.339351654052734,5.24113130569458,6.790241479873657
COc1cccc(C=CC=CC(=O)c2c(O)cccc2OC)c1O,5.973537921905518,5.902186870574951,5.937862396240234
O=C1Nc2cc(CCOc3ccc(N4CCOCC4)cc3)ccc2C1=O,5.382884979248047,6.470433235168457,5.926659107208252
COc1cc2c(cc1OC)C1Cc3cc(OC)c(OC)c(OC)c3C=C2C1,5.379181385040283,4.604043960571289,4.991612672805786
Clc1cc2c(C3CCCNC3)c[nH]c2cc1Cl,4.766228199005127,5.884859085083008,5.325543642044067
CC(=NNC(=O)c1cc2ccccc2oc1=O)c1ccccc1,6.353384971618652,5.43043327331543,5.891909122467041
Fc1ccc(-c2nc3ccc(N4CCCCC4)nc3o2)cc1,5.316737174987793,7.0252180099487305,6.170977592468262
O=C1c2ccccc2-c2ccccc21,3.90653395652771,5.756994247436523,4.831764101982117
CCCNCc1nc(-c2ccc(F)cc2)no1,4.783529758453369,6.6968536376953125,5.740191698074341
Cc1c(C)c2ccc(OCc3c(F)ccc(F)c3Cl)cc2oc1=O,4.4833807945251465,7.70976972579956,6.0965752601623535
CCCCCCCOc1ccc2c(=O)c3cc(C)ccc3oc2c1,3.849605083465576,6.385750770568848,5.117677927017212
O=c1c(=Cc2ccc(O)cc2)sc2nc3ccccc3n12,5.624547004699707,4.288140296936035,4.956343650817871
COc1cc2c(cc1OC)C(=O)C(Cc1ccccc1)=C2,6.183642387390137,5.131518363952637,5.657580375671387
CCCSc1c2c(nc3cc([N+](=O)[O-])ccc13)CCCC2,5.380649566650391,5.541540145874023,5.461094856262207
CNC(=O)C=Cc1cc2c(C)cccc2nc1O,5.481327056884766,6.31113338470459,5.896230220794678
O=C1c2ccccc2OC(c2ccccc2F)N1O,6.041712760925293,5.283297538757324,5.662505149841309
CCc1cc(=O)oc2cc(OCC=C3CC(=O)N4C=CC=CC4=C3)ccc12,5.673979759216309,6.728628158569336,6.201303958892822
Cc1ccc(C=CC=Cc2ccc3cccc(C)c3[n+]2C)cc1,5.26988410949707,6.03794002532959,5.65391206741333
O=C1c2ccccc2SCCCCCCCCNc2c3c(nc4ccccc24)CCCC31,4.203779220581055,4.8436126708984375,4.523695945739746
O=c1cc(OCc2ccccc2)cc2c3c(ccc12)CCCC3,,,
CNC(=O)Oc1ccc2c(c1)C1(C)CCOC1=NO2,7.454462051391602,5.178987503051758,6.31672477722168
Cc1nc2ccccc2c(=O)n1CCCCCCNc1c2c(nc3ccccc13)CCCC2,7.875324726104736,4.359408378601074,6.117366552352905
c1ccc2c(NCCNCCCCCNc3c4c(nc5ccccc35)CCCC4)c3c(nc2c1)CCCC3,8.470226287841797,3.953371047973633,6.211798667907715
CC(=O)Nc1ccc2c(c1)COC2=O,3.909508228302002,5.561737060546875,4.7356226444244385
CC(C#N)(c1ccccc1)N(C)Cc1cnc(C2CCCCC2)nc1,5.260585784912109,5.3468828201293945,5.303734302520752
O=c1coc2ccc(OCCCCCCCCNc3c4c(nc5ccccc35)CCCC4)cc12,,,
CN(C)CCC=C1c2ccccc2Sc2ccccc21,4.095608234405518,4.210531234741211,4.153069734573364
CNC(=O)Oc1ccc2c(c1)C1(C)CCNC1N2C,7.125171661376953,5.143648147583008,6.1344099044799805
O=C1c2ccccc2S(=O)(=O)N1CCCCCCCCCNc1c2c(nc3ccccc13)CCCC2,7.217915058135986,5.170413017272949,6.194164037704468
O=C1c2ccccc2-c2n[nH]c3cccc1c23,4.932783126831055,5.525638580322266,5.22921085357666
CCC(=O)N1CC=C(CCCCCCNc2c3c(nc4ccccc24)CCCC3)CC1,8.123351097106934,4.263021945953369,6.193186521530151
COC(=O)CCCCCCc1cc2nc(-c3cccc(OCCCCN4CCCCC4)c3)oc2s1,6.130705833435059,6.158884048461914,6.144794940948486
Fc1ccc(-c2c[n+](CCCCCCCCCCNc3c4c(nc5ccccc35)CCCC4)oc2-c2ccc(Cl)cc2)cc1,7.694586753845215,4.841905117034912,6.2682459354400635
CN=C1CCc2c1sc1nc3cc(C)ccc3nc21,4.755293369293213,5.508838176727295,5.132065773010254
CC1CCCN1CCCOc1ccc(C2=NN(C)CO2)cc1,5.53778886795044,6.309788703918457,5.923788785934448
Cc1ccc(NCc2ccc3c(c2)OCO3)c(C)c1,5.036289691925049,5.193182945251465,5.114736318588257
Cn1sc2ccc(OC(=O)NC3CCCCC3)cc2c1=O,5.688181400299072,5.282427787780762,5.485304594039917
CCCCOc1ccc2cc(OC)ccc2c1,3.669077634811402,6.25870418548584,4.963890910148621
O=C1NCCc2ccc(OCc3cccc(Cl)c3)cc21,5.010985374450684,7.234930992126465,6.122958183288574
COc1cc2c(cc1OC)C(=O)C(Oc1ccccc1)C2,7.33225154876709,4.46682071685791,5.8995361328125
Cc1cccc(C2CC(=O)c3ccccc3O2)c1,5.904365062713623,6.2388834953308105,6.071624279022217
O=C(CN1CCCCC1)Nc1cc(F)ccc1F,5.851279258728027,5.137973785400391,5.494626522064209
O=C(CCc1c[nH]c2ccccc12)c1ccc2c(c1)CCCC2,5.504116058349609,5.592867851257324,5.548491954803467
CC1=CC2Cc3nc4cc(Cl)ccc4c(NCCCCCCCCNc4c5c(nc6ccccc46)CCCC5)c3C(C1)C2,8.773943901062012,4.466516971588135,6.620230436325073
O=C(CCCc1c[nH]c2ccccc12)NCCCCCCNc1c2c(nc3cc(Cl)ccc13)CCCC2,8.597691535949707,4.667850494384766,6.632771015167236
CC(c1ccccc1)N1CCC(COc2ccccc2F)CC1,5.70904016494751,4.523523807525635,5.116281986236572
CCC=CC=C1Oc2cc(OC3CCCCC3)ccc2C1=O,4.302188873291016,6.039840221405029,5.1710145473480225
Cc1cc(C)cc(N(CCCN=C2CC(=O)C(F)C2)C2CCCCC2)c1,6.391036033630371,5.678645610809326,6.034840822219849
Cc1c2cc3c(c1C)C(=O)CC(C)(C)C3=O,,,
C[n+]1coc2ccc(OCCCCCCCCCCNc3c4c(nc5cc(Cl)ccc35)CCCC4)cc21,8.117902755737305,5.727152347564697,6.922527551651001
O=C(C=Cc1ccc(Cl)c([N+](=O)[O-])c1)OCCCCCC#Cc1ccccc1,4.340167999267578,6.711636066436768,5.525902032852173
c1ccc2c(NCCCCCCCNc3c4c(nc5ccccc35)CCCC4)c3c(nc2c1)CCCC3,8.578527450561523,3.984468936920166,6.281498193740845
NC(=O)c1cc2c(cc1Cl)OCO2,6.007729530334473,4.914356231689453,5.461042881011963
N#Cc1cccc(NC(=O)c2ccc(Cl)cc2O)c1,4.389913082122803,6.317636013031006,5.353774547576904
Clc1ccc(-c2cc3c4ncccc4n4cc(CCNc5ccccc5)ccc3nc2-4)cc1,5.322896480560303,5.639266490936279,5.481081485748291
NOc1ccc(C(=O)NN=Cc2ccncc2)cc1,4.135129451751709,4.90564489364624,4.520387172698975
Cc1cccc(C)c1OCC(=O)N2N=C(C3CCCCC3)CSC2=Nc2cccc(C)c2)c1,,,
CCC(=O)c1c(-c2ccccc2)c2cc(OC)ccc2[nH]c1=O,6.101589202880859,5.425252914428711,5.763421058654785
CNC(=O)C=Cc1cc2c(OCCCCCCOc3ccc(C)cc3)c3c(nc2c1)CCCC3,,,
O=c1ccoc2ccc(OCc3cccc(Cl)c3)cc12,3.9927258491516113,7.38478946685791,5.688757658004761
COc1ccc(C2CC(c3c4ccccc4cc4ccccc34)=NN2)cc1,6.800415992736816,7.829558372497559,7.3149871826171875
CC(C)C(O)c1ccc(-c2cc3cc([N+](=O)[O-])ccc3oc2=O)cc1,5.314273357391357,6.28004789352417,5.797160625457764
CCN=C1CCCc2cc(OC(=O)c3ccccc3F)ccc21,5.202327728271484,5.351568698883057,5.2769482135772705
CC(=O)c1c2ccc(C3OC(CO)C(O)C(O)C3O)cc2oc2cc(OCc3cccc(Cl)c3)ccc12,,,
NC(=O)c1ccc(N=c2ssc3ccccc23)cc1,6.199846267700195,5.191330909729004,5.6955885887146
CCNc1c2c(nc3cc(Cl)ccc13)CCCC2,8.174568176269531,3.956719875335693,6.065644025802612
C#CCNCCCOc1cccc(CN(C)C)c1,5.47763204574585,4.788316249847412,5.132974147796631
CCN=C1CCC(=O)S1,6.606549263000488,7.229143142700195,6.917846202850342
CC(=O)c1ccc2c3n(ccc(=O)c2c1)CCCC3,,,
CCCCCCCC=CCCCCCCC=CCCCCC(=O)O,4.6946282386779785,5.3834638595581055,5.039046049118042
CC(=O)NC1=C2CCC(=O)C=C2C=C1OCCO,4.471481323242188,5.423568248748779,4.947524785995483
O=C(CCc1c[nH]c2ccccc12)NCCCCCCCCCNc1c2c(nc3cc(Cl)ccc13)CCCC2,8.720046043395996,4.816893100738525,6.768469572067261
CCN=C1CCCc2c1oc1ccc(OC)cc21,5.163099765777588,4.8826823234558105,5.022891044616699
O=C(NN=Cc1ccc(O)c2ccccc12)c1ccncc1,4.954806804656982,5.681859016418457,5.31833291053772
O=C1Nc2cc(CCOc3ccc(N4CCOCC4)cc3)ccc2C1=O,5.382884979248047,6.470433235168457,5.926659107208252
CN=C1CCCc2c1oc1ccc(O)cc21,4.9142279624938965,4.494889259338379,4.704558610916138
Fc1ccc(C=CC=Cc2cccc(C=CCN3CCCCC3)[n+]2CCOCc2ccco2)cc1,5.345958709716797,5.560512065887451,5.453235387802124
CN1CCCC1COc1cncc(CCc2ccccc2)c1,4.5431976318359375,5.216981887817383,4.88008975982666
c1cc2cc(OCCCCCNc3c4c(nc5ccccc35)CCCC4)ccc2o1,6.832249164581299,5.071095943450928,5.951672554016113
O=C1CCc2ccc(OCCCCCCNc3c4c(nc5ccccc35)CCCCC4)cc2N1,7.489872932434082,5.331607818603516,6.410740375518799
CC(=O)NCCCCCCCCCCCCNc1c2c(nc3cc(Cl)ccc13)CCCC2,8.244527816772461,4.815340518951416,6.5299341678619385
O=C(C#CCN1CCCC1)Nc1ccc2c(c1)OCCO2,6.136868476867676,4.734487056732178,5.435677766799927
CN1CCC2(C)c3cc(OC=O)ccc3CC2C1,4.674605369567871,5.238437652587891,4.956521511077881
C#CCN(C)C(C)Cc1ccccc1,4.207381248474121,6.7008585929870605,5.454119920730591
Cc1occc1Cn1c2ccc(OC(=O)CC3CCCC3)cc2c2ccccc21,5.606203556060791,4.740505218505859,5.173354387283325
O=C(C=Cc1cccs1)NCc1ccccc1,3.8851478099823,5.364237308502197,4.6246925592422485
CNC(=O)Oc1ccc2c(c1)C1OCCCC1C2=O,8.669431686401367,5.6058759689331055,7.137653827667236
C=C(C)CNc1c2c(nc3ccccc13)CCCC2,6.078037738800049,3.643289566040039,4.860663652420044
C#CCN(C)Cc1cc2cc(OCc3ccccc3)ccc2n1C,4.428907871246338,7.657023429870605,6.042965650558472
COc1ccc(C=CC=CC(=O)N(C)CCC(=O)O)cc1,3.8009419441223145,5.831203460693359,4.816072702407837
CC#CCN(C)Cc1ccc2nc(CC3CCOC3=O)[nH]c2c1,6.148416996002197,5.5962653160095215,5.872341156005859
CN(C)c1cccc2cc(C=Cc3ccccc3)ccc12,4.439586162567139,6.31461763381958,5.377101898193359
CCOC(=O)c1ccccc1C#Cc1cccc(C)c1,4.212806701660156,5.852208137512207,5.032507419586182
CC(=NNC(=O)c1cc2ccccc2oc1=O)c1cccc2c1OCO2,6.806532382965088,4.745914459228516,5.776223421096802
CCC(C)=NNc1nc(-c2ccccc2)c(C)s1,5.5916361808776855,5.924909591674805,5.758272886276245
O=c1ccoc2ccc(OCCCCCC3CCCCC3)cc12,5.173854827880859,6.299742698669434,5.7367987632751465
COc1cccc(-c2cc3ccc(=O)oc3oc2=O)c1,6.196765899658203,6.280895709991455,6.238830804824829
COc1cc2c(c3ccc(OC)cc1OC)CCCC2,,,
O=C(O)c1cc2cc([N+](=O)[O-])ccc2oc1=O,6.055941581726074,5.774744033813477,5.915342807769775
Clc1cc(-c2c[nH]c3ncccc23)cc(NCc2ccccc2)c1,4.6244988441467285,5.290533542633057,4.957516193389893
CCCNC1CC(CSC)Oc2ccc(OCCCCNc3c4c(nc5ccccc35)CCCC4)cc21,5.983419895172119,4.709238052368164,5.346328973770142
COc1ccc(Cn2c3ccc(N)cc3c3c4c(ccc(O)c4n2)CC[N+](C)(C)C4)cc1,,,
Oc1cc2c(OCCCCc3ccccc3)c3c(cc2cc1O)OCCO3,5.091833114624023,5.626267433166504,5.359050273895264
O=C1CCc2cc(OCCCC3CCN(Cc4ccccc4)CC3)ccc2N1,6.729433059692383,4.9573893547058105,5.843411207199097
Cc1cccc(NC(=O)Nc2ccc(C=C3CCN(C)CC3)cc2)c1,5.32042121887207,4.229793071746826,4.775107145309448
O=C1c2cc(OCCCCOc3ccccc3)ccc2OCC1CC1,,,
Cc1ccc(C2CC(=O)c3cc(Br)ccc3O2)o1,5.92442798614502,6.480164527893066,6.202296257019043
COc1cc2c(cc1OC)C1CCCc3cc4c(cc31)CCC4,,,
O=C(C#Cc1ccccc1F)NC1CCN(Cc2ccccc2)CC1,5.678568840026856,4.215065002441406,4.946816921234131
COc1ccc(-c2ccc(C#CC3(O)CCCCC3)o2)cc1,3.59712553024292,5.767282009124756,4.682203769683838
CC1=CC(C)=NNc2cc(C(=O)OC(C)(C)C)ccc21,4.951793670654297,3.58882999420166,4.2703118324279785
COc1cc2c(cc1OC)C(=O)C(Oc1ccc(C)cc1)C2,6.67012357711792,4.894330978393555,5.782227277755737
COC(=O)c1ccc(OCC(O)CNC2CCN(Cc3ccc(Cl)c(Cl)c3)CC2)cc1,4.459946155548096,4.318056583404541,4.389001369476318
N#Cc1ccc(-c2[nH]nc3c2Cc2ccc(OCCCCN4CCOCC4)cc2-3)cn1,5.822509765625,5.469693660736084,5.646101713180542
CN(C)C=C1CC=C2CC(=O)C=CC2=O,,,
Fc1ccc(-c2cc3cc(C=Cc4ccccc4)ccc3o2)c(F)c1,4.32905387878418,6.6459245681762695,5.487489223480225
COc1cc2c(cc1OC)C(=O)C(Oc1ccccc1)C2,7.332242012023926,4.46682071685791,5.899531364440918
Cc1c2cccc3ccc(O)c(c23)C(=O)C1=O,,,
Cc1ccc(C(=O)CSc2nc3ccccc3n2CC2CCCO2)o1,6.840757846832275,5.662880420684815,6.251819133758545
CC1=CC=CC=CC=CC=CCC=CC(=O)NCCC(=O)Nc2ccccc2)O1,,,
CN1CCN(CCCCCC(=O)Nc2cc(-c3ccc(OC(F)(F)F)cc3)on2)CC1,5.839025020599365,6.015603065490723,5.927314043045044
Cc1cc2cc(C)c(OCCCCCCCNc3c4c(nc5ccccc35)CCCC4)cc2o1,7.713987350463867,5.142395973205566,6.428191661834717
CCCCCOc1ccc2c3c(cccc13)C(=O)N(C)C2=O,5.715066432952881,6.69917631149292,6.2071213722229
CC(=NNc1nc(-c2ccccc2)c(C)s1)c1ccccn1,5.29298210144043,5.279780387878418,5.286381244659424
O=C(C=Cc1ccc(O)c(O)c1)OCc1ccc(O)cc1,4.7386860847473145,5.773672580718994,5.256179332733154
Oc1occ2ccc(OCCCCCCCNc3c4c(nc5ccccc35)CCCC4)cc12,7.2814507484436035,5.635825157165527,6.458637952804565
COc1cc(=O)oc2cc(OCc3cccc(Cl)c3)ccc12,4.760384559631348,7.15194845199585,5.956166505813599
CC(=O)c1ccc(OCC(=O)NC2CCCCCC2)cc1,4.15323543548584,5.413427829742432,4.783331632614136
Nc1ccc(N=NNc2ccc(Cl)c3ccccc23)cc1,5.81369686126709,4.438198089599609,5.12594747543335
O=C1CCc2cc(OCCCCCCNc3c4c(nc5cc(Cl)ccc35)CCCC4)ccc2N1,8.05221939086914,5.507079124450684,6.779649257659912
Cn1c2ccccc2c2cc(C=CCCCCCN=C3CCC(C)(O)CC3)ccc21,6.259819030761719,5.454938888549805,5.857378959655762
C#CCN(C)Cc1cc2cc(OCCC3CCN(Cc4ccccc4)CC3)ccc2n1C,6.383633136749268,5.55838680267334,5.971009969711304
CC1=CC=CC1=[N+](C)O,4.496350765228272,4.531953811645508,4.51415228843689
CC(=O)c1ccc(-n2c(CCCO)nc3ccccc32)cc1,5.562430381774902,5.025552749633789,5.293991565704346
CC(=O)c1cc2cc(C)ccc2oc1=O,5.881772994995117,6.3244452476501465,6.103109121322632
O=S(=O)(c1ccc2c(c1)OCCO2)N1CCCCC1,5.456395149230957,5.601137161254883,5.52876615524292
Cc1c(C)c2ccc(OCCCCOc3ccc(C(=O)CCC4CCSS4)cc3)cc2oc1=O,5.624280452728272,7.111025810241699,6.367653131484985
CN(C)c1ccc(Cc2cc3ccccc3c(=O)o2)cc1,5.4056172370910645,5.692970275878906,5.549293756484985
O=C(CCCNC(=O)CCCCCCCCNc1c2c(nc3ccccc13)CCCC2)OCc1ccccc1,7.524341583251953,4.824750900268555,6.174546241760254
O=C(CC=CC=CC1CCC(=O)c2ccc(O)cc2O1)Nc1ccc(O)cc1,5.110842227935791,5.354860782623291,5.232851505279541
O=C1C=CC(=Nc2nc(-c3ccc(O)cc3)cs2)C=C1O,5.309792518615723,5.6331892013549805,5.471490859985352
c1ccc2c(c1)oc1cc(NC3CC3)ccc12,5.662886619567871,5.297967910766602,5.480427265167236
CNC1CCC(C=CC=CC=C2CCCC3(C)C2CCC3C(C)C(C)C)CC1,4.5736517906188965,4.802419185638428,4.688035488128662
CC(C)C1=NOC(COc2ccc3c(c2)OCO3)C1CC(=O)Nc1ccc(F)cc1,5.929032325744629,5.617515563964844,5.773273944854736
CN(C)C1CCN(c2nc(-c3cccs3)cs2)CC1,4.538669586181641,6.366048336029053,5.452358961105347
NC(=O)CC#Cc1ccc(C2=CCCCC2c2cccnc2)o1,4.299799919128418,5.956448554992676,5.128124237060547
CC(C)(C)c1ccc(C(=O)C=CC(=O)c2ccccc2)cc1,4.228147506713867,4.052340507507324,4.140244007110596
O=C1CCc2cc(OCCCCN3CCOCC3)ccc2N1,5.0556464195251465,5.43247127532959,5.244058847427368
CN(C)S(=O)(=O)c1ccc2cc(OCCCCNc3c4c(nc5ccccc35)CCCC4)ccc2c1,6.479021072387695,5.057223796844482,5.768122434616089
CNC(=O)C=Cc1ccc2c(c1)OCO2,4.772002696990967,5.973784446716309,5.372893571853638
N#Cc1ccc(C=C2C=CC(=[N+](C)C)CC2)cc1,5.147310256958008,6.019063949584961,5.583187103271484
COc1ccc(CC(C)NCCCCCCCCCCCCNc2c3c(nc4ccccc24)CCCC3)cc1,6.952832221984863,4.673286437988281,5.813059329986572
Cc1cn(-c2cc(Oc3ccc(C(=O)N4CCC(C[N+](C)(C)Cc5ccccc5)CC4)cc3)cc(C)n2)cn1,6.501859664916992,4.017845153808594,5.259852409362793
CN(C)c1ccc(C=Cc2cc3ccccc3oc2=O)cc1,5.043806076049805,6.951481342315674,5.997643709182739
COc1cc2c(cc1O)C(=O)C(C=Cc1ccc(CCCOc3ccc([N+](=O)[O-])cc3)o1)C2,6.385592460632324,6.148746013641357,6.267169237136841
NC1=NN=C1CCCCC1,,,
COc1cc2c(cc1F)C(=O)C(C#N)C2,6.172356605529785,4.647979736328125,5.410168170928955
O=C(C=Cc1cccc([N+](=O)[O-])c1)c1coc2ccc(O)cc2c1=O,6.070556640625,5.96418046951294,6.01736855506897
O=C1CCc2ccc(OCCCCCCCCNc3c4c(nc5ccccc35)CCCC4)cc2N1,7.590731620788574,5.541414260864258,6.566072940826416
CC1=CC2Cc3nc4cc(Cl)ccc4c(Nc4ccc(CCN6CCOCC6)cc4)c3C(C1)O2,6.265319347381592,5.3483567237854,5.806838035583496
O=C1CCc2ccc(OCCCCCCNc3c4c(nc5ccccc35)CCCC4)cc2N1,7.6467509269714355,5.350108623504639,6.498429775238037
COc1ccc2c(c1)C(=O)C(=O)O2=O,,,
O=CCc1cccc2ccc(C=CC(=O)c3ccc(O)cc3O)cc12,4.851380825042725,6.841170787811279,5.846275806427002
Cc1cccc2c1N=C(c1cccs1)CN2N,5.034497261047363,4.350283622741699,4.692390441894531
COc1cccc(C=C2CCCC3(C)CNC2=O)c1,,,
Cc1c(C)c2ccc(OCc3ccc(C(F)(F)F)cc3)cc2oc1=O,5.244002342224121,8.366263389587402,6.805132865905762
O=C(CCc1c[nH]c2ccccc12)NCc1ccco1,4.795019626617432,5.553919792175293,5.174469709396362
CC1=NN(c2cccc(C(=O)O)c2)C(=O)C1=Cc1ccsc1,6.463893413543701,5.20170783996582,5.832800626754761
O=C(CCCCCCCNc1c2c(nc3cc(Cl)ccc13)CCCC2)c1c[nH]c2ccccc12,8.405717849731445,4.701599597930908,6.553658723831177
Cc1ccc(C2=NN(CCCCCCCNCC(O)COc3ccc(O)cc3)C(c3ccc(O)cc3)C2)cc1,6.3097758293151855,4.495027542114258,5.402401685714722
Fc1ccc(-c2coc3cc(OCCCCN4CCCCC4)ccc3c2=O)cc1,5.491012096405029,5.968347549438477,5.729679822921753
CN(C)c1cc2c3ccccc3nc-2c(C)c1,,,
COc1cc(C=C2CCCCC2=O)ccc1OCCCCCC(=O)O,5.204775810241699,5.846269607543945,5.525522708892822
CN(C)C1CCOC1=O,5.260929107666016,4.4596476554870605,4.860288381576538
c1cc2[nH]ncc2cc1-c1cc(CCCCCc2ccccc2)no1,5.756877899169922,6.039665699005127,5.898271799087524
O=C1c2ccccc2S(=O)(=O)N1CCCCCCC1CCCO1,6.046669960021973,6.0123138427734375,6.029491901397705
Fc1cccc(C2Cc3ccccc3CN2CCOCC2)c1,,,
Cc1cc2cc(O)ccc2oc1=O,4.64982795715332,6.008955955505371,5.329391956329346
O=C(CCCCCCCc1cccnc1)C1CCCCC1,5.497042179107666,5.207760810852051,5.352401494979858
CCC(=O)NC(CCCCNc1c2c(nc3ccccc13)CCCC2)Cc1c[nH]c2ccccc12,7.233893394470215,4.422721862792969,5.828307628631592
CC#CC[N+](C)=Cc1cccc(OCc2ccccc2)c1,4.442184925079346,5.693922996520996,5.068053960800171
COc1cc2c(cc1O)CC(c1ccccc1)C2,4.143126487731934,5.32095193862915,4.732039213180542
c1coc(NN=C(C2CCCCC2)c2ccccc2)c1,5.229336261749268,4.620436191558838,4.924886226654053
O=C1CCc2c1oc1ccc(OCc3cccc(Cl)c3)cc21,5.301281452178955,7.1659440994262695,6.233612775802612
c1cc2cc(OCCCCN3CCCCC3)ccc2o1,5.1469831466674805,5.5809855461120605,5.3639843463897705
CC1CCC(C(=O)c2ccccc2)C1,5.358360290527344,3.298978567123413,4.328669428825378
COc1cc2c(cc1OC)CC(CC1CCN(Cc3cccc(Cl)c3)CC1)OC2,6.097010612487793,4.263133525848389,5.180072069168091
O=C1NC(=O)C2=C1c1cn(c3ccccc13)CCOCCOCCOCCOCCn1cc2c2ccccc21,4.315468788146973,4.820927619934082,4.568198204040527
Clc1ccc(C=CCNCc2c[nH]c3ccccc23)cc1,4.357300758361816,5.072246551513672,4.714773654937744
CCCCNC1CCc2cc(OCc3ccccc3)ccc2C1,4.527962684631348,4.551275253295898,4.539618968963623
O=C1NC(=O)c2ccc3ccccc3c2C1=O,5.385181427001953,6.460446357727051,5.922813892364502
CN1N=C(c2cccc(OCC[N+](C)(C)C)c2O)c2ccccc21,3.841263771057129,4.152338981628418,3.9968013763427734
CCCCCCCCCCOC1CCC(c2ccc(O)c3c2OCC3)OC1,4.684360980987549,6.280187606811523,5.482274293899536
O=C(Cc1ccc(OCc2cccc(Cl)c2)cc1)NN=Cc1ccsc1,4.483680248260498,5.0681891441345215,4.77593469619751
Cc1c(C)c2ccc(OCc3ccc(F)c(F)c3)cc2oc1=O,4.381965637207031,8.521514892578125,6.451740264892578
CN1CCC2(C)c3cc(OC(=O)N4CCCC4)ccc3N(C)C12,5.9405598640441895,5.44235897064209,5.69145941734314
Nc1ccc(C#Cc2cccc(CN3CCCCC3)c2)cc1,5.345525741577148,3.699151039123535,4.522338390350342
O=C(C=Cc1ccc(O)c(O)c1)c1cc(O)ccc1O,5.007091522216797,5.78249979019165,5.394795656204224
CCOC(=O)c1cn2cc(C)ccc2c1NC(=O)COc1ccc(Cl)cc1,5.1529541015625,5.310303688049316,5.231628894805908
Nc1ccc2c(c1)C(=O)C(=O)c1ccccc12,5.216421127319336,5.570797443389893,5.393609285354614
C=C1C=C2CCCC3CC(=O)CCC3(C)C2CCC1O,4.266354560852051,6.970643520355225,5.618499040603638
C=C(F)CN1CCCC(CCC(=O)c2ccc(OC)c(OC)c2)C1,6.062855243682861,4.279347896575928,5.1711015701293945
O=c1cc(C2CCCCC2)oc2c1ccc1ccccc12,4.790345668792725,5.056130409240723,4.923238039016724
O=C1CCc2ccc(OCc3ccc(Cl)c(Cl)c3)cc2N1,3.685781955718994,7.47552490234375,5.580653429031372
O=C(COc1ccc2c(c1)CCC2=O)NC1CCCC1,4.925375938415527,5.588352203369141,5.256864070892334
COc1ccc2c3c1OC1C(=O)CCC4(O)C(C2)N(C)CCC314,6.267064571380615,6.6981048583984375,6.482584714889526
CNCC=Cc1ccc2c(c1)OCO2,4.598315715789795,4.641259670257568,4.619787693023682
Nc1cccc2c1=O,,,
Cc1cccc2c1c(=O)n(CCC1CCCCC1)c(=O)n2C,7.14879322052002,4.980909824371338,6.064851522445679
CCCOc1ccccc1CNCCCCCCCCCCCNc1c2c(nc3ccccc13)CCCC2,6.902742385864258,4.569799423217773,5.736270904541016
CCOc1ccc(CN2CCCCC2=O)cc1Br,5.961812496185303,4.563708782196045,5.262760639190674
Clc1cccc(-c2c[nH]c3ccccc23)c1,3.781309127807617,6.035100936889648,4.908205032348633
O=C(CCc1c[nH]c2ccccc12)NCCCCCCCCCCNc1c2c(nc3cc(Cl)ccc13)CCCC2,8.655034065246582,4.874345302581787,6.764689683914185
COc1cc2c(cc1OC)CC1C3CCC(O3)C21CCC1CCO,,,
COc1ccc2c(c1)C(=O)C(CCN1CCCC1)=C2,6.775453567504883,4.973865032196045,5.874659299850464
CC(=O)c1cc(OCCCCCCCCCCCCCCCCCCCNCCCCCCNCCO)cc(OCCOc2ccccc2OC(C)=O)c1,5.87001895904541,6.178590297698975,6.024304628372192
CC(=O)c1cccc(-c2ccnc3c2CCC3)c1,5.045229434967041,5.328734874725342,5.186982154846191
CCCc1c2c(nc3cc(C)ccc13)CCCC2,6.180637359619141,4.310585498809815,5.2456114292144775
CN1CCc2cc(Cl)c(O)cc2C2c3cc(O)ccc3OC21,5.2162909507751465,6.5885009765625,5.902395963668823
OCC1COc2cc(OCc3cccc(Br)c3)ccc21,4.079520225524902,7.107821464538574,5.593670845031738
O=C1c2ccccc2-c2nnc(-c3ccc(F)cc3)cc21,5.582317352294922,6.205568313598633,5.893942832946777
CC1CCN(CCCC(=O)Nc2cccc3c2CCO3)CC1,6.704733371734619,4.5777668952941895,5.641250133514404
C=CCNC(=O)CC=Cc1ccc2c(c1)OCO2,5.615799903869629,5.291176795959473,5.453488349914551
O=c1ccoc2cc(OCc3ccc(F)cc3)ccc12,4.367958068847656,7.480530738830566,5.924244403839111
Cc1c2ccccc2nc2ccc([N+](=O)[O-])cc12,4.776179790496826,5.791931629180908,5.284055709838867
N#Cc1ccc(-c2csc3cc(OCCCCCCNc4c5c(nc6ncccc46)CCCC5)ccc3c2=O)cc1,6.240878105163574,5.810173034667969,6.0255255699157715
CC(c1cccc(O)c1)N1CCc2ccccc2C1,4.691342353820801,4.540184020996094,4.615763187408447
Cc1ccc(CCCCCCCCCNc2c3c(nc4ccccc24)CCCC3)cc1,7.220729351043701,4.4274678230285645,5.824098587036133
COc1cc2c(=O)n3ccccc3nc2cc1OCCCCCCNCC(O)COc1ccccc1C,5.520324230194092,5.510152816772461,5.515238523483276
Cc1nccn2c(-c3ccc(C(=O)CCN4CCCC4)cc3)nc3ccccc32c1=O,,,
CCCCNC1CCc2ccc(O)cc2C1,4.769952297210693,3.4662601947784424,4.118106245994568
CCCCCc1c2c3c(c(=O)oc2cc2c1C)CCCC3,,,
CCNC(=O)Oc1ccc2c(c1)C1(C)CCNC1=O,,,
COc1cc(NCc2cc3cccc(C)c3nc2O)ccc1Cl,5.326538562774658,5.979343891143799,5.6529412269592285
Cc1ccccc1Oc1ccc(N(C)C)cc1C#N,6.264997959136963,6.151792049407959,6.208395004272461
CCCCCCCCCOCCCCCCCC[n+]1ccc(C=CC(=O)c2ccc(O)c(O)c2)cc1,5.807079792022705,5.816683292388916,5.8118815422058105
COc1cc2c(=O)n3cc(C)ccc3nc2cc1C,5.656665802001953,6.039364814758301,5.848015308380127
O=C(CCc1c[nH]c2ccccc12)NCCCCCCNc1c2c(nc3cc(Cl)ccc13)CCCC2,8.89520263671875,4.749786853790283,6.822494745254517
C=CCC(C)C(O)C=C(C)C=CC=CC=CC(=O)O,2.001360893249512,5.642871856689453,3.8221163749694824
C=CCC(=O)NCc1coc2cc(OC(=O)OC)ccc12,4.553559303283691,4.895122051239014,4.7243406772613525
O=C1c2ccccc2-c2nc3nnnn3nc21,4.122465133666992,3.952200412750244,4.037332773208618
NC(=O)c1cc(Cl)c(C#CCN(CCCO)CCO)cc1I,6.117572784423828,5.047547817230225,5.582560300827026
COc1cc2cc3c(cc2cc1OCCCCCCN3C)OCO3,,,
CC(=NNc1nc(-c2ccccc2)cs1)c1cccs1,5.310489654541016,5.59222412109375,5.451356887817383
CN1CCC2(C)c3cc(OC(=O)Nc4ccccc4)ccc3N(C)C12,6.602835655212402,5.068114757537842,5.835475206375122
CCc1c2c3c(sc2n2cnnc21)CCCC3,,,
c1ccc2c(c1)oc1ccc3ccc(N4CCCCC4)cc3c12,5.113883972167969,5.413761138916016,5.263822555541992
O=C1Oc2cc(OCCCCCCCNc3c4c(nc5cc(Cl)ccc35)CCCC4)ccc2C2=CC(CO)CC1O,,,
O=[N+]([O-])c1ccccc1S(=O)(=O)NCCOCCO,5.782407283782959,6.002559185028076,5.892483234405518
O=c1ccoc2cc(OCc3cccc(Cl)c3)ccc12,3.996037006378174,7.221095561981201,5.6085662841796875
O=Nc1c(-c2ccc(OCCCC3CCN(Cc4ccccc4)CC3)cc2)coc2ccccc12,,,
CC(=NNc1nc(-c2ccccc2)c(C)s1)c1ccccc1,5.618862152099609,4.801794052124023,5.210328102111816
N#CCCCCCCc1cc2c(cc1O)C(=O)CCC2,5.871840476989746,5.931989669799805,5.901915073394775
Cc1cccc2c(CCN(C)C)c[nH]c12,4.703677654266357,4.739342212677002,4.72150993347168
CCC(CO)C(CN)COc1coc2cc(O)ccc2c1=O,4.670236587524414,5.419851303100586,5.0450439453125
COc1ccc2c(c1)C(=O)c1ccccc1C2=O,5.059662342071533,6.339239597320557,5.699450969696045
CCOc1cc2c(=O)cc(-c3cccc(C)c3)oc2cc1OCC,5.818243503570557,5.02531099319458,5.421777248382568
c1ccc2c(c1)OCCC2c1nnc2cc(-c3ccsc3)oc2n1,5.702715396881104,6.4283599853515625,6.065537691116333
O=C(C=CC=Cc1ccccc1F)C=CC=CC=CC=CC(=O)NN=C1CCCCC1,3.127527952194214,7.544089794158935,5.335808873176575
COc1cc2c3c(ccc2cc1OC)N(CCCCCCCCNc1c4c(nc5ccccc15)CCCC3)CCCC3(O)CC2,,,
CNC(=O)C=Cc1coc2cc(OCc3ccc(Cl)cc3)ccc12,4.425751209259033,7.266549110412598,5.846150159835815
Cc1cccc2c3c([nH]c12)CCCC3,6.297698974609375,4.6548333168029785,5.476266145706177
O=C1Cc2cc(OCCCCCCCNc3c4c(nc5ccccc35)CCCC4)ccc2N1,7.7714033126831055,5.357068538665772,6.5642359256744385
Cc1ccccc1,3.611178159713745,3.414062023162842,3.5126200914382935
CSCn1c(=O)c2ccccc2c2cc(C#CCCCCF)c(C)nc21,4.795853614807129,5.837491512298584,5.3166725635528564
Cc1ccc(CNCc2ccc(F)cc2F)o1,5.152230739593506,5.392012119293213,5.272121429443359
CC#CCN(C)Cc1cc2cc(OCCC3CCN(Cc4ccccc4)CC3)ccc2n1C,6.563601493835449,5.251646041870117,5.907623767852783
O=C(CCc1c[nH]c2ccccc12)NCCCCCCCCNc1c2c(nc3cc(Cl)ccc13)CCCC2,8.786959648132324,4.760194301605225,6.773576974868774
O=C1Cc2cccc(OCCCCCCNc3c4c(nc5ccccc35)CCCC4)c2o1,7.197308540344238,4.823452472686768,6.010380506515503
CCCCCCCCCCNCc1ccc(O)c2ncoc12,4.99933671951294,5.628364562988281,5.31385064125061
NC(=O)CCc1ccc2c(c1)C(=O)c1ccc(OCCCCc3cccnc3)cc1C2=O,5.151895046234131,6.946235656738281,6.049065351486206
CC(=O)NCCCCCCCCCCCCCNc1c2c(nc3ccccc13)CCCC2,7.56918478012085,4.852883815765381,6.211034297943115
COc1cc2c3c([n+](C)ccc3cc2cc1OCc1ccccc1)OCO3,,,
COc1cc2c(cc1OC)C1C(=O)c3ccccc3C2=O,,,
COc1ccc2c(c1)C(=O)c1ccc(C3=NCCN3)cc1S2(=O)=O,6.299437999725342,6.259449005126953,6.2794435024261475
NCCCCCCCCCCCNc1c2c(nc3ccccc13)CCCC2,6.363132953643799,4.707326412200928,5.535229682922363
COc1cc2c(cc1OC)CCCC2=O,6.141354084014893,4.785329818725586,5.463341951370239
O==C(CF)Nc1ccccc1OCC(=O)c1ccccc1,,,
NCCCC1CCN(CCc2ccc(OC(F)(F)F)cc2)CC1,5.263291358947754,5.593818664550781,5.428555011749268
O=C1CCc2ccccc2N1Cc1ccco1,5.104128360748291,5.095490455627441,5.099809408187866
Cc1cccc(CNc2cc3c(cc2Cl)NCCCC3)c1,4.830555438995361,4.772069454193115,4.801312446594238
Cc1cccc(C)c1OCC(=O)Oc1c(Cl)cccc1Cl,5.174301624298096,6.356668472290039,5.765485048294067
COc1cc2c(cc1OC)CC1(CCCC1)C2,5.327198028564453,4.134246826171875,4.730722427368164
N#Cc1ccc2cc(OCCCCCCCCCCCCCCNc3c4c(nc5ccccc35)CCCC4)ccc2c1,6.607204914093018,5.829255104064941,6.2182300090789795
CC1CCC2C(C)(CO)OC(=O)CCC1(C)C2=O,4.47007942199707,6.919407844543457,5.694743633270264
CCN1CCCC(=CCC=C2CCCC3(C)C2CCC3C(C)C(C)C)C1,6.284930229187012,4.83513879776001,5.560034513473511
O=C(Nc1ccc2c3c(cccc13)C(=O)NC2=O)c1ccccc1,6.931340217590332,6.19089937210083,6.561119794845581
COc1cccc2c1CCC2=CCCCCCCCN=C(C)CCCCCCN,5.435920238494873,5.4466729164123535,5.441296577453613
COc1cc2c(cc1OC)C(=O)C(=O)C2Oc1ccc(Cl)cc1,6.088428497314453,5.772384166717529,5.930406332015991
C#CCNCc1ccccc1OCCCCCCCNc1c2c(nc3ccccc13)CCCC2,6.181488037109375,4.933400630950928,5.557444334030151
O=C1c2ccccc2-c2nnc(-c3ccc(F)cc3)cc21,5.582317352294922,6.205568313598633,5.893942832946777
CN(C)c1cccc(C2CC3(C)C(C2=O)C3Cc2ccccc2)c1,4.9954047203063965,6.0273919105529785,5.5113983154296875
CCCCNC1CCc2cc(OC)c(OC)cc2C1=O,5.365681171417236,4.452548027038574,4.909114599227905
CNC1CCC(c2ccccc2)=C(COc2ccc3c(n2)CCCC3)C1,5.132132053375244,5.026923179626465,5.0795276165008545
O=c1ccoc2cc(OCc3ccoc3)ccc12,4.427199840545654,6.870160102844238,5.648679971694946
COc1cc2c(cc1OC)C(=O)C(Br)C2,7.700553894042969,4.882355690002441,6.291454792022705
COc1cc2c(cc1OC)C(=O)C(Oc1ccc(CCCN)cc1)C2,6.110992908477783,4.840653419494629,5.475823163986206
c1ccc(-c2ccc(COc3ccc4oc(N5CCCC5)nc4c3)o2)cc1,5.38800573348999,6.118873596191406,5.753439664840698
Oc1cc2c(cc1O)C1c3ccccc3COC1CC2,4.275010108947754,6.699071884155273,5.487040996551514
COc1ccc2cc(-c3ccc(CCN4CCc5ccccc5C4)o3)c(=O)oc2c1,5.880544662475586,5.429285049438477,5.654914855957031
Cn1cncc1C(OCc1c(-c2ccc(OC(F)(F)F)cc2)oc2cc(Cl)ccc2c1=O)c1ccccc1,6.121579647064209,5.408243656158447,5.764911651611328
CC(=O)c1cccc(C(=O)NCC=Cc2cccnc2)c1,6.356059074401856,5.458489894866943,5.907274484634399
O=C(NCC1CCCCC1)c1cc2c(-c3ccccc3)onc2s1,6.668588638305664,5.453672409057617,6.061130523681641
CCC1=CC2CC(OC)CCC2(C)C1Oc1cncc(C)c1,4.52488374710083,6.227635383605957,5.3762595653533936
CC(=O)c1cccc(NC(=O)COc2ccc(Cl)cc2C)c1,5.0616655349731445,5.689565181732178,5.375615358352661
CN(C)C1CCC(=O)Oc2cc(OCc3cccc(Br)c3)ccc21,4.73305606842041,6.700166702270508,5.716611385345459
c1ccc(COc2ccc(Nc3ncnc4ccccc34)cc2)cc1,4.511588096618652,5.496107578277588,5.00384783744812
Nc1cccc2c1CCC2=Cc1ccccc1,4.637449741363525,5.07833194732666,4.857890844345093
O=C1C=CC(=COCc2cccc(Cl)c2)CO1,3.511293888092041,7.067196846008301,5.289245367050171
CCOC(=O)C1=C(C)OC(=COC(C)=O)C=CC1=O,3.4280893802642822,5.006288051605225,4.217188715934753
CN=C1CCc2c1n(C)c1ccc(O)c2C2CCCCC21,,,
NC(=O)c1ccc(-c2cc3ccccc3oc2=O)cc1,6.10988712310791,6.529618263244629,6.3197526931762695
CCC=C1N=C(c2ccccc2OCCF)C(C)N1,6.710061550140381,5.5421977043151855,6.126129627227783
O=C(C=Cc1cccc([N+](=O)[O-])c1)N1OCCC1,5.703269004821777,5.819239616394043,5.76125431060791
CCc1cccc(NC(=O)Oc2ccc3c(c2)C2(C)CCN(C)C2N3C)c1,6.567945957183838,5.265393257141113,5.916669607162476
O=C1c2ccccc2-c2nc3nnnn3nc21,4.122465133666992,3.952200412750244,4.037332773208618
CC1CCCN1CCCOc1cc2oc3ccccc3c2cc1O,5.806193828582764,5.067561626434326,5.436877727508545
O=C1c2ccccc2OC(=O)C1OCCCOc1cccc(Cl)c1,6.218635082244873,6.177583694458008,6.19810938835144
CC1=CC2Cc3nc4cc(Cl)ccc4c(NCCCCCCCNc4c5c(nc6ccccc46)CCCC5)c3C(C1)C2,8.794808387756348,4.465803146362305,6.630305767059326
COc1cc2c(cc1OC)C(=O)C(=Nc1cccc(C(=O)O)c1)C2,6.303442478179932,4.8536481857299805,5.578545331954956
O=C(C=Cc1ccccc1)Nc1ccc2c(c1)OCO2,5.188838005065918,6.15038537979126,5.669611692428589
COc1c(O)ccc2c1CCCC2=NNC(=O)CNCCCCCCCNc1c2c(nc3ccccc13)CCCC2,7.8031792640686035,4.615263938903809,6.209221601486206
O=C1C=CC2=CCCCC2=NC1=c1sccc1O,,,
O=C1CCCc2ccc(OCCCCNc3c4c(nc5cc(Cl)ccc35)CCCC4)cc21,7.674614906311035,5.285767555236816,6.480191230773926
Cc1cccc(NC(=O)Oc2ccc3c(c2)C2(C)CCN(C)C2N3C)c1,6.505637168884277,5.386943340301514,5.9462902545928955
COc1cc2c(cc1OC)C(=O)C(Oc1ccc(Cc3ccc(N)cc3)cc1)C2,6.826815605163574,4.244935512542725,5.535875558853149
CC(CSc1ccc2c(c1)OCCO2)C1CC2CCC1O2,5.673411846160889,6.033219814300537,5.853315830230713
C=CCc1ccccc1OCCCCCNc1c2c(nc3ccccc13)CCCC2,6.844754219055176,4.4240498542785645,5.63440203666687
COc1ccc(-c2cc3cc(CCNc4ccc(C)cc4)coc3oc2=O)cc1,,,
O=c1ccoc2ccc(OCCCCCCNc3c4c(nc5ccccc35)CCCC4)cc12,6.876397132873535,5.100113391876221,5.988255262374878
COc1ccc(C(=O)c2ccc(OCCCCCCNc3c4c(nc5ccccc35)CCCC4)cc2)cc1,6.433666229248047,4.826082706451416,5.6298744678497314
CC1=CC(C)(C)Nc2cc(CCCCCC(=O)O)ccc21,5.679179191589356,4.4790544509887695,5.0791168212890625
CC1=CC2Cc3nc4cc(Cl)ccc4c(NCCCCCCNc4c5c(nc6cc(Cl)ccc46)CCCC5)c3C(C1)C2,9.218731880187988,4.753551006317139,6.9861414432525635
N#Cc1ccc(OCC2CCCCO2)cc1OCCCCCCNc1c2c(nc3ccccc13)CCCC2,6.394284725189209,5.376711368560791,5.885498046875
COc1cc(C=Cc2ccccc2O)ccc1O,4.1634840965271,5.582240581512451,4.872862339019775
O=C1CCc2cc(OCCCCCCCCCNc3c4c(nc5ccccc35)CCCC4)ccc2N1,7.49921989440918,5.64280366897583,6.571011781692505
c1ccc2c(c1)N=C2c1ccc2c(c1)OCO2,5.702276706695557,4.948687553405762,5.325482130050659
O=c1ccc2ccc(OCCCCCCCNc3c4c(nc5ccccc35)CCCC4)cc2o1,6.94838809967041,5.298444747924805,6.123416423797607
O=C1c2ccccc2C2(CCCCN2CCN(c2ccccc2)CC1)OCCCN1CCCC1,4.8379316329956055,4.948565483093262,4.893248558044434
C#CCNCc1ccccc1[N+](=O)[O-],4.892307281494141,4.724299907684326,4.808303594589233
Cc1ccc(CCCCCCCCNCCO)cc1,4.660627365112305,4.666012763977051,4.663320064544678
CCCCCCCCCCCCCC[n+]1cccc2ccccc21,5.161230087280273,5.114327907562256,5.137778997421265
CNC(=O)COc1c(OC)cccc1CCCCCOc1ccc(C)cc1,6.192374229431152,5.917684078216553,6.0550291538238525
c1ccc(C2CCN(CCc3c[nH]c4ncccc34)CC2)cc1,4.553356647491455,4.799180030822754,4.6762683391571045
C#CCN(C)C(C)Cc1ccccc1,4.207381248474121,6.7008585929870605,5.454119920730591
Clc1ccc(C=CC=CCNC2CCCC2)cc1,3.642650604248047,4.660601139068604,4.151625871658325
Cc1c2cc(Cl)ccc2oc2c1OCCC2,,,
O=C(Cc1c[nH]c2ccccc12)NCc1cccc(Cl)c1,4.612470626831055,4.832663536071777,4.722567081451416
Cn1c(=O)c2c(nc(C=Cc3ccccc3Cl)n2C)n(C)c1=O,5.53591251373291,5.576705455780029,5.55630898475647
CN1N=C(c2ccccc2)CC1c1cccc(Cl)c1,6.232983589172363,5.9191203117370605,6.076051950454712
CCN1CCc2cc(OCCF)c(OCCCCCNc3c4c(nc5ccccc35)CCCC4)cc2CC1,7.453113555908203,4.974289417266846,6.213701486587524
O=C1C=CC(c2ccccc2)C=C1Oc1ccc2c(c1)OCO2,5.344699859619141,6.1130690574646,5.72888445854187
NC(=O)C=Cc1ccc2c(c1)OCO2,3.836533546447754,6.504062175750732,5.170297861099243
O=C1c2cc(O)ccc2OC(c2ccc(OCCCCN3CCCCC3)cc2)C1O,6.059726715087891,5.767284393310547,5.913505554199219
O=c1c2ccccc2oc2cc3c(NCCCCCCCCNc4c5c(nc6ccccc46)CCCC5)ccc3cc12,,,
Cc1cc2c(-c3csc(NN=CC(C)C)n3)coc2cc1O,5.605912685394287,5.135157585144043,5.370535135269165
Clc1ccccc1C1=CN(Cc2ccccc2)CCC1,4.522928237915039,3.8869361877441406,4.20493221282959
C#CCN(C)Cc1cc2cc(OCCCC3CCN(Cc4ccccc4)CC3)ccc2n1C,6.455060958862305,5.637757778167725,6.046409368515015
NC(=O)Oc1c(C(=O)O)oc2ccc(Cl)cc12,6.485694885253906,3.893008232116699,5.189351558685303
c1ccc2c(CC3=c4ccccc4=NC3=O)coc2c1,5.253395080566406,5.474761962890625,5.364078521728516
Nc1cccc2c1=O,,,
CCOc1cc2c(cc1OC)C(=O)C(Oc1ccc(C(=O)CCCC3CCN(C)CC3)cc1)C2,6.650274753570557,4.926810264587402,5.7885425090789795
CN1CC=C2CNCC2C1,2.942380428314209,2.8490664958953857,2.8957234621047974
O=C1CCc2ccc(OCCCCCCCCNc3c4c(nc5ccccc35)CCCC4)cc21,7.604450702667236,5.5615739822387695,6.583012342453003
COc1cc2c(cc1OC)C(=O)C(=Cc1ccc(OC(=O)c3cccc(OC(F)(F)F)c3)cc1)O2,6.512257099151611,5.518955230712891,6.015606164932251
O=C1Nc2ccc(CCc3ccc(O)cc3)cc2C1=O,5.769559383392334,6.279541015625,6.024550199508667
Cn1c(-c2cccc([N+](=O)[O-])c2)nc2ccccc21,4.9250168800354,4.278849124908447,4.601933002471924
Cc1c2c3c(c4c5ccc(O)cc5n(CCCCCC[n+]6ccccc6)c(C)c-4n1c2c3)C(=O)CCCC3,,,
O=C(O)c1ccc2c3c1cccc3n(CC(=O)O)c12,,,
COc1cc2c(cc1OC)C(=O)C(=Cc1cc3ccccc3oc1=O)O2,6.701172351837158,5.613596439361572,6.157384395599365
Cc1ccc(CC2=CCN(CCCCCNc3c4c(nc5cc(F)ccc35)CCCC4)CC2)cc1,8.685342788696289,4.232405185699463,6.458873987197876
O=c1c2ccccc2oc2ccc(Br)cc12,4.279362678527832,5.024467468261719,4.651915073394775
Cc1cc2cc(C3=NCCS3)c(O)cc2oc1=O,6.444127082824707,5.511648654937744,5.977887868881226
CCCCN(C)C1CCc2c(OCCCCCN3CCCCC3)c3ccccc3cc2C1,6.078104972839356,4.321810722351074,5.199957847595215
COc1cc2ccccc2cc1C(=O)C1CCN(Cc2ccc3c(c2)OCO3)CC1,6.300919532775879,4.9570136070251465,5.628966569900513
CCOC(=O)c1sc2nc3c(cc2c1N)CCCC3,5.491997241973877,3.540860652923584,4.5164289474487305
O=C(c1cccc(C=C2CCCCC2)c1)N1CCCCC1,5.484433650970459,4.324991703033447,4.904712677001953
COc1cc2c(cc1O)CC(CCC1CCN(Cc3ccccc3)CC1)OC2,6.40205192565918,3.96816635131836,5.1851091384887695
CC(=O)Nc1cc2c(cc1OCc1ccc(F)cc1)OCCCO2,4.538976192474365,5.491069793701172,5.0150229930877686
CC(=CC=Cc1c2ccoc2c(Cl)c2ccoc12)CCCCCC1CCOC1=O,4.887227535247803,5.3960161209106445,5.141621828079224
CC(=O)N1N=C(c2ccc(OCCCOc3ccc(CC(C)N)cc3)cc2)CC1c1ccccc1O,6.644336700439453,5.80118989944458,6.222763299942017
COc1ccc(COc2ccc(C3=N[N+](C)(C)CCS3)cc2)c(C)c1,4.903940677642822,5.862754821777344,5.383347749710083
Cc1ccccc1COCC=CC=CC=CC=CC=CC=CCC=CC(=O)NCC2CCOC2)c1,,,
CC#CCNCCCCCCCCCCCCN=C1CCCCC1,6.258401870727539,5.915709495544434,6.087055683135986
O=c1oc2c(O)c(O)ccc2oc2ccc(C(F)(F)F)cc12,6.094210147857666,4.985592842102051,5.539901494979858
O=C1C=CC=CC1=[N+](O)c1ccc2ccccc2c1,4.321056842803955,6.527801513671875,5.424429178237915
Cc1cccc(C2=NN=C(C)C(C(C)C)CO2)c1,5.520049571990967,5.607361793518066,5.563705682754517
NC(=O)c1cc2c(cc1C2=O)OCC2(CCCC2)O1,,,
c1ccc2c(NCCCCCCCN3CCOCC3)c3c(nc2c1)CCCC3,7.510428428649902,4.117228984832764,5.813828706741333
O=c1oc2ccccc2cc1-c1nnc(COc2ccc(Cl)cc2)o1,6.293625831604004,6.6416449546813965,6.4676353931427
CCN(CC)CCCCCCCCCCCCCN=C1CCC(=O)C(=NNc2ccc(C(=O)O)cc2)CC1,6.691011905670166,5.834736347198486,6.262874126434326
C#CCN(C)Cc1cc2cc(OCCC3CCN(Cc4ccccc4)CC3)ccc2n1C,6.383633136749268,5.55838680267334,5.971009969711304
CC(=O)C=Cc1cc2c(O)c3c(c(O)c2c(O)c1)C(=O)c1ccc(O)cc1O,,,
O=C1c2ccccc2CCC1C=Nc1ccccc1,5.428932189941406,5.281063079833984,5.354997634887695
CC(C)c1ccccc1N=C1CC(=O)C(=O)C1O,6.578135013580322,4.991245746612549,5.7846903800964355
CC(C)c1ccc(NC(=O)C=CC2CCCC3C2OCCO3)cc1,4.700592041015625,5.286565780639648,4.993578910827637
COc1cccc(OC)c1COc1ccc2c(C)c(O)c(C)cc2c1,5.176746845245361,6.642785549163818,5.90976619720459
COc1cc2cc(C(=O)C=CC3CCC(C)(C)C3)oc2cc1OC,5.4095869064331055,4.792068004608154,5.10082745552063
Cc1c2ccc(C)cc2nn1CCCN1CCCCC1,7.618183135986328,4.330477237701416,5.974330186843872
Cn1cc(C=CC(=O)c2ccc3c(c2)C(C)(C)CCO3)c2ccccc2c1=O,5.1058125495910645,5.733675956726074,5.419744253158569
COC(=O)CC1CCCc2c1cc(OC)c1c2OC,,,
CC1=c2c3c(ccc2=NC(C)C1)-c1ccccc1OC3,5.863472938537598,5.455375671386719,5.659424304962158
C=CCOc1ccc2ccc(=O)oc2c1CN(C)C,5.745708465576172,5.457160949707031,5.601434707641602
CCCCCCCCNC1CCC(CO)(COC(=O)c2ccc(O)cc2)OC1,4.837890148162842,5.303635597229004,5.070762872695923
Cc1ccc2oc3c(O)nc(=O)cc-3cc2c1,,,
O=C(O)c1ccsc1NC(=O)c1cccs1,7.851349830627441,5.66650390625,6.758926868438721
O=C1c2ccc(O)cc2OCC1c1ccc(Cl)cc1,5.196254730224609,6.31606388092041,5.75615930557251
Cc1c2c(n3c1CCCC3)CCCC2=CCCCCCCNc1c2c(nc3ccccc13)CCCC2,7.792209625244141,4.582525253295898,6.1873674392700195
CN1CC2CCC1CN2c1ccc(F)c(Cl)c1,4.848536491394043,6.329883575439453,5.589210033416748
CCOc1ccccc1C=CC=NNC(=O)c1cccc(OC)c1OC,6.2927422523498535,5.07876443862915,5.685753345489502
O=C(CCc1c[nH]c2ccccc12)NC1CCCCC1,4.823622703552246,4.6070404052734375,4.715331554412842
COc1ccc2c3c([nH]c2c1)C(=O)c1ccccc1C3=O,5.244182586669922,5.845981597900391,5.545082092285156
C#CCN(C)Cc1cc2cc(OCCC3CCN(Cc4ccccc4)CC3)ccc2n1C,6.383633136749268,5.558395385742188,5.9710142612457275
CNC(=O)CC=CCNCc1ccc(C2COCCO2)o1,4.411323547363281,5.166957378387451,4.789140462875366
CN(C)CCCCCCCCCCCCCC[n+]1ccccc1,5.839577674865723,4.396554946899414,5.118066310882568
O=C1c2ccccc2-c2nc3c(ccc(F)c3c(=O)o2)CCCCC3=O,,,
CCOC(=O)c1cc2cc(OCCCCCCNc3c4c(nc5ccccc35)CCCC4)ccc2oc1=O,6.98124885559082,5.287326335906982,6.134287595748901
COC(=O)C=Cc1ccc2oc3ccccc3c(=O)c2c1,4.399711608886719,5.87874174118042,5.139226675033569
Clc1ccc2c(c1)c(-c1ccccc1)nc2cc(Cl)ccc2c1,,,
O=c1oc2ccccc2cc1-c1csc2c(CN3CCCC3)coc12,6.10273027420044,4.493861198425293,5.298295736312866
COC(=O)c1sccc1NC(=O)c1ccc(OC)cc1F,5.72431230545044,4.996545791625977,5.360429048538208
Cc1ccc(CCCCCCCCCCCCCCNCCCCCNCCCO)cc1,5.436724662780762,4.99660062789917,5.216662645339966
CC(=O)NC1=C2CCCCC2=NNC(=O)C1=O,5.332785606384277,3.4930343627929688,4.412909984588623
O=C1NCCc2ccc(OCc3ccccc3)cc21,5.255644798278809,6.853817939758301,6.054731369018555
CN1N=C(c2ccc(O)cc2O)CC1c1ccccc1OCc1ccccc1,5.964419364929199,5.3865838050842285,5.675501585006714
Clc1ccc2cc(COC3CCCCC3)ccc2c1,4.745040893554688,5.432555675506592,5.08879828453064
O=C(c1ccc(F)cc1)c1coc2c(O)c(O)ccc2c1=O,6.016072750091553,4.777083873748779,5.396578311920166
CC(=Nc1ccc(CC2COc3ccccc3O2)cc1)c1ccc2c(c1)CCCC2,5.609655857086182,4.895930290222168,5.252793073654175
CC(C)=CC=CCC=CCC=CCC=CCC=CCC(=O)O,4.104487895965576,4.169414043426514,4.136950969696045
O=c1oc2ccccc2cc1COc1ccc2c(C=NNC(=O)c3ccccc3)coc2c1,5.911383628845215,6.068541526794434,5.989962577819824
O=C(C=CC=Cc1ccccc1)c1ccc2c(c1)C(=O)c1ccccc1C2=O,4.547347545623779,6.883880615234375,5.715614080429077
O=C(NCC=CCN1CCN(c2cccc(Cl)c2Cl)CC1)c1ccccc1O,5.883396148681641,4.575646877288818,5.2295215129852295
COc1cc2c(cc1OC)C(=O)C1CCCCC1C2=NOC,5.557938575744629,5.267594814300537,5.412766695022583
CC(=O)Nc1ccc2c(c1)C(=O)c1cc(CCCC3CCN(C)C3)ccc1-2,6.145078182220459,4.978902816772461,5.56199049949646
CN=C1C=CC(Br)=CC(C(=O)C=Cc2ccccc2)C1,3.674642562866211,5.60936164855957,4.642002105712891
Cc1ccc2c3c(n(CCC4CCCCC4)c12)CCCC3,,,
N#Cc1ccc(C#N)cc1OCCCCCCCCN,3.665218353271485,6.738251209259033,5.201734781265259
O=C1CCc2ccc(OCCCCCCNc3c4c(nc5ccccc35)CCCC4)cc2N1,7.6467509269714355,5.350149154663086,6.498450040817261
COc1cc2c(cc1Cl)C(=O)C(=O)c1ccc(C)cc1S2=O,5.564041614532471,6.880654335021973,6.222347974777222
COc1cc2c(cc1OC)CC(CC1CCN(CCc3ccc(F)cc3)CC1)C2,6.29803466796875,4.455909252166748,5.376971960067749
CNC(=O)c1ccc2c(c1)S(=O)(=O)N2CCCCCCOCCCCC(C)CCCCCCCN=C2CC(C)OC(C)=O,,,
O=C(NCCCCCCCCCCNc1c2c(nc3cc(Cl)ccc13)CCCC2)c1cccc2c(O)occ12,8.832935333251953,5.287094593048096,7.060014963150024
O=C1Cc2ccccc2OC1=O,5.028095722198486,5.55870532989502,5.293400526046753
C=CCN1CCc2ccc(OC)cc2C1CC(=O)NC1CCCCC1,4.477648735046387,4.374685287475586,4.426167011260986
O=c1ccoc2ccc(OCCCCCCCCNc3c4c(nc5ccccc35)CCCC4)cc12,6.840457916259766,5.364326477050781,6.102392196655273
O=c1ccoc2ccc(OCCCCCNc3c4c(nc5ccccc35)CCCC4)cc12,6.851408004760742,4.945126056671143,5.898267030715942
O=C(O)c1ccc2ccccc2c1OCCOc1cocn1,4.957414627075195,6.072710037231445,5.51506233215332
O=C(O)c1coc2ccoc2ccc(OCc3cccc(Cl)c3)c12,,,
CCCOc1ccccc1C=NNC(=O)C(C#N)=Cc1ccc(OCc2ccccc2)cc1,5.415796279907227,6.079254627227783,5.747525453567505
N#Cc1ccc2oc3ccccc3c2c1,3.9235339164733887,5.452516555786133,4.688025236129761
CC1=CCN2CCC1OCC2C#N,4.471218109130859,5.075140953063965,4.773179531097412
Fc1ccc(OCC(=Cc2ccccc2Br)c2ccc(F)cc2)cc1,4.13904333114624,6.9635515213012695,5.551297426223755
Cc1cc(C)c2c(c1)OC(=O)C1CCCC=C21,5.341061592102051,6.677306175231934,6.009183883666992
COC(=O)c1ccc2c(c1)NC(=O)C2=C(NC2CCC[N+](C)(C)CC2)C(=O)OC(C)C,4.1373796463012695,3.556400775909424,3.8468902111053467
c1ccc(-c2cnc(CCCCc3c[nH]c4ccccc34)o2)cc1,4.81128454208374,4.844919204711914,4.828101873397827
CC(=O)Nc1ccc2ccccc2c1CCCN=CCC(=O)c1ccccc1,5.577813148498535,5.223666191101074,5.400739669799805
c1ccc(-c2cc3ccccc3oc2=O)cc1,4.99646520614624,5.502318859100342,5.249392032623291
c1ccc(CN2CCC(Cc3c[nH]c4ncccc34)CC2)cc1,5.628958702087402,3.594287395477295,4.611623048782349
Oc1cc2cc(CCc3cccc(Cl)c3)nc(C3CCOCC3)c2o1,5.079805850982666,5.285713195800781,5.182759523391724
Oc1[nH]c2ccc(OCCCCCN3CCCCC3)cc2c1O,6.749087333679199,5.989613056182861,6.36935019493103
Cc1cccc(OCCc2ccc3c(c2)OCCO3)c1,4.494235992431641,5.769421577453613,5.131828784942627
O=C1N=C2CCCCC2CF)CC1=C1CCCCC1,,,
C#CCN(C)Cc1cc2cc(OCCC3CCN(Cc4ccccc4)CC3)ccc2n1C,6.383630275726318,5.55838680267334,5.971008539199829
Oc1ccc(C=Cc2cc[n+](O)cc2)c2ccccc12,4.470358848571777,6.036731719970703,5.25354528427124
O=C1CCc2ccc(OCCCCCNc3c4c(nc5cc(F)ccc35)CCCC4)cc2N1,8.11450481414795,5.492077350616455,6.803291082382202
COc1cc2c(c(OC)c1OC)CCCC2,5.103045463562012,3.5509471893310547,4.326996326446533
Nc1ccc(-c2cc(C=O)on2)cc1,5.438122749328613,5.139546871185303,5.288834810256958
COc1cc2c(cc1OC)C1=NOC(CN3CCCC3)C1C2,6.886286735534668,4.937391757965088,5.911839246749878
Nc1ccc2oc(CCCCCCCCCCNc3c4c(nc5ccccc35)CCCC4)nc2c1,8.319451332092285,4.5483078956604,6.433879613876343
O=[N+]([O-])c1ccc(-c2cnc(-c3ccc4c(c3)OCCO4)o2)cc1,5.4851789474487305,6.003844261169434,5.744511604309082
O=c1ccoc2ccc(OCCCCN3CCCCC3)cc12,5.5105085372924805,5.574376583099365,5.542442560195923
O=C1CCc2ccc(OCCCCCCNc3c4c(nc5ccccc35)CCCC4)cc2N1,7.6467509269714355,5.350108623504639,6.498429775238037
O=C1c2ccccc2-c2nnc(-c3ccccc3)cc21,4.993725776672363,5.196288108825684,5.095006942749023
CCN(CCCCCCCCN=C1CC(=O)C(=NCCCCCCN(CC)Cc2ccccc2OC)CC1=O)Cc1ccccc1OC,7.644228458404541,4.946950912475586,6.2955896854400635
Cc1ccc(C2CC(=O)c3cc(F)ccc3O2)cc1,5.261804103851318,7.087574005126953,6.174689054489136
O=c1oc2ccc(OCc3ccccc3)cc2c2ccccc12,4.7163801193237305,6.8220391273498535,5.769209623336792
O=C1NCC(c2ccc(O)cc2)N(Cc2ccc(-c3ccsc3)cc2)C1=O,5.647922515869141,4.914683818817139,5.28130316734314
COc1cc2c(cc1OC)C(c1ccccc1Cl)CC(=O)O2,6.668878555297852,5.915440082550049,6.29215931892395
O=C(O)c1ccc2c(c1)C(=O)c1cc(-c3cccnc3)ccc1C2=O,5.561199188232422,6.504955768585205,6.0330774784088135
O=C1CC(=O)C(CN2CCCCC2)O1,5.041921138763428,4.145589828491211,4.593755483627319
CNc1nc(C=CCC(=O)c2ccccc2)nc2ccccc12,6.081470489501953,4.946287155151367,5.51387882232666
CCc1coc2cc3oc(=O)c(CCCC(=O)NC)cc3cc2c1=O,7.141499042510986,5.542619228363037,6.342059135437012
COc1ccc2c(c1)c(C=C1CCN(C)C)cn2C,,,
O=C1c2ccccc2C=C1OCCCCCN1CCCCC1,5.913472652435303,5.459712982177734,5.6865928173065186
O=C(O)C(=O)c1cc2ccccc2n1Cc1ccccc1,4.87299108505249,4.223882675170898,4.548436880111694
O=C(C=Cc1ccccc1)NCCC12CC3CC(CC(C3)C1)C2,5.66287088394165,3.865377902984619,4.764124393463135
COc1ccc(C=C2COc3cc(OCCCCCNc4c5c(nc6ccccc46)CCCC5)ccc3C2=O)cc1,6.60893440246582,5.837494373321533,6.223214387893677
N#CCCn1nnc(-c2ccc(OCc3cccc(C(F)(F)F)c3)cc2)n1,5.478573799133301,6.876420021057129,6.177496910095215
Cc1c2ccccc2c(C2CCN(CCCCCCCCCCNCCCCCCNC3CCC(Cc4ccccc4O)CC3)CC2)c1O,,,
NC(=O)c1c(NC(=O)c2ccc(C(=O)c3cccc4ccccc34)cc2)sc2c1CCCC2,6.4371490478515625,5.13682222366333,5.786985635757446
O=C(O)CCCCCCc1ccc2oc(-c3ccccc3)cc(=O)c2c1,4.664007186889648,5.176562786102295,4.920284986495972
O=C1CCc2ccc(Oc3ccc(OCCCCCCCNc4c5c(nc6ccccc46)CCCC5)cc3)cc2N1,7.317190170288086,5.399558067321777,6.358374118804932
O=C(C=Cc1ccc(Cl)c(Cl)c1)NC1CCCC1,2.987614870071411,5.07526159286499,4.031438231468201
O=[N+]([O-])c1c2ccccc2c2ccccc12,,,
CC(=O)c1ccc2c3c(oc2c1)C(=O)OC3,5.5558905601501465,5.035209655761719,5.295550107955933
O=C1CCCc2cc(C3=CCNCC3)ccc21,4.605212211608887,5.970271110534668,5.287741661071777
Cc1cccc(C#Cc2cc3c(=O)oc4ccccc4c3s2)c1,4.619577407836914,6.017769813537598,5.318673610687256
Cc1ccc(C(=O)OC(COc2cccc(C#N)c2)CN2CCCCC2)cc1,4.55789852142334,4.695889472961426,4.626893997192383
COc1cc2c(cc1OC)C1CCCCC1CC2=CC#CC1C,,,
C#CCN(C)Cc1cc2c3c(cccc13)C(=O)C2,,,
COc1ccccc1CCCNCCCCCCCNCCCCCCNCCCCCNCCCc1ccccc1OC,5.612093448638916,3.883530855178833,4.7478121519088745
CC1=NOC(=O)C1=Cc1ccc(OCCCCn2ccnc2)cc1,5.432579040527344,7.147734642028809,6.290156841278076
COc1ccc(C(=O)NCc2cc(OC)c(OC)c(OC)c2)cc1,5.238543510437012,3.207018613815308,4.22278106212616
COc1ccc2c(c1)c(C=C1CC(=O)CCc3ccccc31)cn2C,5.059295654296875,6.411277770996094,5.735286712646484
O=C1Cc2c(OCc3ccc(Cl)cc3)cccc2O1,4.9176788330078125,6.684366703033447,5.80102276802063
CC=CC(=O)NCCCCCCCCNc1c2c(nc3cc(Cl)ccc13)CCCC2,8.32651138305664,4.654948711395264,6.490730047225952
O=C(c1ccc(O)c(Cl)c1)N1CCCCC1,5.52907657623291,4.572545051574707,5.050810813903809
O=C1CCc2cc(Cl)cc3c2N1CCC3=O,6.8556809425354,6.258246421813965,6.556963682174683
Fc1ccc(C=Cc2nc3ccccc3o2)cc1,4.823421478271484,6.101176261901856,5.46229887008667
Cc1cscc1-c1[nH]c(C2CCCCC2)nc1CCCCCCCNc1c2c(nc3cc(Cl)ccc13)CCCC2,8.477437973022461,5.151229381561279,6.81433367729187
O=C(CCl)Nc1ccc2c(c1)CCCC2=O,4.863356590270996,5.880502700805664,5.37192964553833
COc1cc2c(cc1OC)C(=O)C(C)C2,7.520430564880371,4.710775375366211,6.115602970123291
CCOC(=O)c1cc2ccc(OCCCCCCCCCCNc3c4c(nc5ccccc35)CCCC4)cc2o1,7.008594989776611,5.607150554656982,6.307872772216797
C#CCN(C)Cc1cc2cc(OCc3ccccc3)ccc2n1C,4.428907871246338,7.657023429870605,6.042965650558472
COc1ccc(C2=NN(CCCCCCOc3ccc(C4=NNC(=O)C(C)(C)CO4)cc3)C(=O)CC2)cc1,6.1398091316223145,6.687658309936523,6.413733720779419
Nc1nc(O)c2sc(Nc3ccc(NC(=O)c4ccccc4)cc3)nc2n1,5.758296489715576,4.9555864334106445,5.35694146156311
CCOc1cc2c3c(c1)C(=O)C(=O)C3=O,,,
COc1ccc(C(=O)CCCCCCCCOc2ccc3c(c2)CCC3CC(=O)O)cc1,4.771967887878418,5.771767616271973,5.271867752075195
Cc1ccc2c(c1)Cc1ccccc1C=NNC2=O,4.887638092041016,6.8761796951293945,5.881908893585205
CN(C)CCCCCCCCCCCCOCCCCN=C1CCCCC1=O,5.955191612243652,5.991642951965332,5.973417282104492
O=C1c2sccc2C(=O)N1c1cccc(Br)c1,5.172959804534912,5.112776756286621,5.142868280410767
CC(C=CC=CC1CC(CO)(COC(=O)CCCCCC)OC1=O)CCCc1ccccc1,4.060485363006592,5.772924900054932,4.916705131530762
Nc1ccc2c3c(cccc13)C(=O)O2,6.142696380615234,4.962100505828857,5.552398443222046
O=C1CC2CCCCC(=O)N12c1ccccc1ccccc1c2=O,,,
O=C1c2ccccc2OC(=O)C1COCC=CCN1CCCCCC1,6.741870403289795,5.161385536193848,5.951627969741821
CC1=CC=CC=CC=CC=CC=CC(O)OC2C=CC(=O)C2OC(=O)CC(O)CC(O)CCCOc2ccccc2O)C=CC1,,,
COc1ccc(C2=CC(CNC3CCOCC3)OC2=O)cc1,4.172750473022461,5.164700508117676,4.668725490570068
O=C1C=CC(=O)c2c(O)cccc21,6.011013031005859,7.056286811828613,6.533649921417236
O=C1C=CC=CC1=NNc1ccc(Cl)cc1,4.0829596519470215,5.949125289916992,5.016042470932007
O=C(c1cc2ccccc2oc1=O)N1c2ccccc2OCC1CNCCO,6.065901756286621,4.741158485412598,5.403530120849609
CC(C)=CC=CC1=CC(C)C(=O)c2cc(O)ccc21,5.362267971038818,5.045663833618164,5.203965902328491
CC(C)=CC=CC1CC(O)C2(C)OCO1,,,
COc1cc2c(c(OC)c1OC)C1=CC=C(O3CCCCC3)CC21,,,
CCCCNC1CCc2ccc(O)cc2C1,4.769952297210693,3.4662601947784424,4.118106245994568
CCCCNC1=NS(=O)N=C1Nc1ccc(F)cc1,5.413854122161865,5.053170680999756,5.2335124015808105
CN1CCCC1=CC=CC1=[N+](O)c1ccccc1,,,
O=C1CN(Cc2ccc3c(c2)OCO3)c2ccccc2C1=O,5.057093620300293,5.139395236968994,5.0982444286346436
c1ccc(COc2ccc(C3=NCCN3)cc2)cc1,5.150294303894043,5.519214630126953,5.334754467010498
CN(C)c1ccc(C2=NCC(c3ccccc3)CN2)cc1,5.104944229125977,4.951023578643799,5.027983903884888
O=C(CCc1c[nH]c2ccccc12)NC1CCCC1,4.864204406738281,4.614533424377441,4.739368915557861
COc1ccc2c3c1OC1C(C)CCC4(O)C(C2)N(C)CCC314,6.097105026245117,7.012727737426758,6.5549163818359375
CCC1CCc2c(sc(NC(=O)CCC3CCN(Cc4ccccc4)CC3)n2C)C1,,,
Oc1cc2ccccc2c2ccccc12,3.323479652404785,6.630496025085449,4.976987838745117
Cc1cc2cc3c(cc2o1)CCCC3,5.169853210449219,5.528212070465088,5.349032640457153
CCC1CC(=NOCc2ccc(OC)cc2)C2C(C(=O)c3ccccc3)=COC12,4.91840124130249,5.245539665222168,5.081970453262329
O=C(C=Cc1ccccc1)c1cc2ccccc2oc1=O,5.631525039672852,6.0862884521484375,5.8589067459106445
Cc1cccc(C(=O)NN=Cc2coc3ccccc3c2=O)c1,5.53472375869751,5.4591474533081055,5.496935606002808
NC(=O)Oc1cccc(C(=O)NCc2ccc(F)cc2)c1,5.723507881164551,5.310452461242676,5.516980171203613
CC(C)CC1=CC2CCC3C(=O)CCCN3Cc3ccoc3C2C1,4.662935733795166,5.671288013458252,5.167111873626709
COc1cc2cc(C(=O)Nc3nccs3)c(=O)oc2cc1OC,7.441634178161621,4.8500657081604,6.145849943161011
CC(=O)N(C)CCCOc1cc2nc(CCC3CCN(Cc4ccccc4)CC3)oc2cc1OC(=O)c1ccccc1,6.863987922668457,4.761842727661133,5.812915325164795
O=C(CCCCCCCc1ccc([N+](=O)[O-])cc1)c1ccc2ccccc2c1,4.787391185760498,5.657769203186035,5.222580194473267
COc1ccc(C2=CC3CCC(C2)C3=O)cc1OC,5.151594161987305,5.66859245300293,5.410093307495117
COc1cc2c(cc1OC)C1=NOC(CCCCNc3c4c(nc5ccccc35)CCCC4)C1CO2,7.344564437866211,5.132595062255859,6.238579750061035
Fc1ccc(-c2csc3ncnc(NCCCN4CCCCC4)c23)cc1,6.287069320678711,5.758096218109131,6.022582769393921
O=C1c2ccccc2-[n+]2ccc3c([nH]c4ccccc43)c21,4.619190692901611,5.365114688873291,4.992152690887451
COC(=O)Nc1cc2ccccc2c2ccc(OC)cc12,5.03993034362793,6.036440849304199,5.5381855964660645
O=c1cc(CCCCN2CCCCC2)oc2c(O)cccc12,6.5719804763793945,4.193759918212891,5.382870197296143
CC(=O)Oc1cc2c(cc1OC(=O)c1ccc(C(C)(C)C)cc1)OCO2,4.837100028991699,4.615049362182617,4.726074695587158
CC1=C(C)C2CC(Cc3ccccc3)NC(=O)C2O1,5.506983280181885,5.87120246887207,5.6890928745269775
COc1cc(C2=CC=C3CNCCC3=Nc3cc(C)ccc32)ccc1O,6.435569286346436,5.707114219665527,6.0713417530059814
Fc1ccc(C2CC(c3c4ccccc4cc4ccccc34)=NN2)cc1,6.992987632751465,8.254764556884766,7.623876094818115
COc1cc2c(cc1OC)C(=O)CCC2,6.141354084014893,4.785282135009766,5.463318109512329
O=C(CCc1c[nH]c2ccccc12)NCCc1ccccc1,4.89785623550415,5.185283184051514,5.041569709777832
Cc1ccccc1C1CC(=O)c2ccccc2O1,6.377541542053223,5.853496551513672,6.115519046783447
NCCCCCCCNc1c2c(nc3ccc(Cl)cc13)CCC2,6.494117736816406,4.439388751983643,5.466753244400024
CCCCNC1CCc2cc(OCCCCCCCCCCNc3c4c(nc5ccccc35)CCCC4)ccc2C1,7.01488208770752,4.952963352203369,5.983922719955444
CC1=NN(c2cccc(Cl)c2)C(=O)C1=Cc1ccc(Cl)cc1,5.772174835205078,6.251370429992676,6.011772632598877
CC(=O)Oc1cc2oc(=O)oc2cc1OC(=O)c1ccccc1,6.996315002441406,4.7712016105651855,5.883758306503296
O=C1C=CC(=CNNc2ccccc2[N+](=O)[O-])C=C1O,4.519649505615234,4.711334705352783,4.615492105484009
O=C1C=CCCN1Cc1cccc(Cl)c1Cl,3.799729347229004,5.579092979431152,4.689411163330078
CN(C)c1ccc(C=C2CCOc3cc(C(=O)O)ccc32)cc1,4.855399131774902,6.583400726318359,5.719399929046631
CCCCC(=O)NC1CCc2cc(OCCC)ccc21,4.427276611328125,4.978395938873291,4.702836275100708
CCOC(=O)c1cnc2ccc(OCCCCCCNc3c4c(nc5ccccc35)CCCC4)cc2c1C,6.727618217468262,5.185912132263184,5.956765174865723
Cc1ccc2c(c1)c(-c1ccccc1)c[n+]2CCCCCc1c[nH]c2ccccc12,,,
O=C1CCc2cc(OCCCC3CCN(Cc4ccccc4)CC3)ccc2N1,6.729433059692383,4.9573893547058105,5.843411207199097
CC(C)=CCOc1ccc(CC(C)(C)N)cc1,4.059786796569824,4.2670979499816895,4.163442373275757
CC1=NC2CCCCC2C1=NCC1CC1CCCC1,,,
CN1CCC(=C2c3ccc(O)cc3Oc3cc(O)ccc32)CC1,5.768354415893555,4.880925178527832,5.324639797210693
CNC1=Nc2ccc(Cl)cc2C(c2ccccc2OC)=N1,5.795170307159424,5.366927146911621,5.5810487270355225
OC(CCCCCCCCCCCCOc1ccc2c(=O)c3ccccc3oc2c1)C1CC1,5.11686372756958,6.5251569747924805,5.82101035118103
O=C1CCc2cc(OCCCCCNc3c4c(nc5ccccc35)CCCC4)ccc2N1,7.571161270141602,5.2855544090271,6.428357839584351
O=c1ccoc2ccc(OCc3cccc(Br)c3)cc12,3.962345600128174,7.523700714111328,5.743023157119751
N#Cc1ccc2oc3ccc(OCCCCN4CCCCC4)cc3c(=O)c2c1,5.786867141723633,5.405467033386231,5.596167087554932
CNC(=O)c1ccccc1Oc1cccc([N+](=O)[O-])c1,8.743809700012207,5.173772811889648,6.958791255950928
COc1cccc(C=CCc2cc(C3CC3)on2)c1OC,5.372032165527344,4.8825459480285645,5.127289056777954
O=C(CCc1c[nH]c2ccccc12)NC1CCCCC1,4.823622703552246,4.6070404052734375,4.715331554412842
O=C(NCC=CCN1CCN(Cc2ccccc2O)CC1)c1cc2cc3c(cc2nc1O)OCO3,7.089182376861572,4.651578903198242,5.870380640029907
COc1cc2c(cc1OC)C(=O)C(C)C2,7.520417213439941,4.710775375366211,6.115596294403076
Cc1c2cc(-c3ccc(F)c(F)c3)c(=O)oc2c(C)c2ccoc12,5.066225051879883,6.1157660484313965,5.59099555015564
Cc1nc(C=CC=C2CCCC3(C)C2CCC3C(C)CO)ccc1O,4.988367080688477,6.161183834075928,5.574775457382202
COc1cc2c(CCCc3cccnc3)noc2cc1OC,5.069755554199219,5.617271423339844,5.343513488769531
c1csc(CNc2nc3ccccc3n2CCCCCCNc2c3c(nc4ccccc24)CCCC3)c1,7.660656929016113,4.486741542816162,6.073699235916138
CN1CCCC1COc1cncc(CCc2ccccc2)c1,4.543266296386719,5.216981887817383,4.880124092102051
CC(C)=CCN1CCC2(C)c3cc(O)ccc3CC1C2C,5.547050476074219,5.277956962585449,5.412503719329834
O=C(COc1ccccc1Br)NCCCCCCCCNc1c2c(nc3ccccc13)CCCC2,7.445563316345215,4.890811920166016,6.168187618255615
O=C1C=CC(=O)c2c(O)cccc21,6.011013031005859,7.056286811828613,6.533649921417236
O=c1ccc2cc(OCCCCCCCNc3c4c(nc5ccccc35)CCCC4)c(O)cc2o1,7.242348194122314,5.206859111785889,6.224603652954102
CCOC(=O)C=CC1C(=O)C=C(c2ccccc2)OC1=O,5.434405326843262,5.561937808990479,5.49817156791687
CC(C)COC(=O)c1[nH]c2ccc(F)cc2c1C,4.278205394744873,5.637094974517822,4.957650184631348
CCCC(=O)Nc1ccc2c(c1)C(=O)c1ccccc1C2=O,5.168797969818115,6.182977676391602,5.675887823104858
Cc1ccccc1C1CC(C)=NNc2nc(N)nc(N)c21,5.585395812988281,4.397587776184082,4.991491794586182
CCN(CCCNc1c2c(nc3ccc(Cl)cc13)CCCC2)CCCCCC1CCOC1,8.90942668914795,4.2795610427856445,6.594493865966797
Cc1oc2cc(OCCCCCCN3CCCCC3)ccc2c(=O)c1-c1ccc(F)cc1,6.065264225006104,5.844017028808594,5.954640626907349
c1ccc(C2=Nc3oncc3SC2)cc1,5.378307819366455,5.352832317352295,5.365570068359375
CN(C)Cc1ccc2oc3ccc(O)cc3c(-c3c2c1,,,
O=C1CCc2cc(OCCCCc3ccccc3)ccc21,5.542596817016602,6.526332855224609,6.0344648361206055
Cc1ccc2c(c1)=CC(C=Cc1cc3c(=O)n(C)ccc3o1)O2,,,
CN1c2ccccc2C2(CCCN(C)Cc3ccccc32)C1=O,4.155815601348877,5.110433101654053,4.633124351501465
COc1cccc2c3c(-c4ccccc4)[nH]c4ccccc1c34,,,
COc1cc2c(C)cc(=O)oc2c(OCCCCNCCCCCCNC3CCC(Cc4ccccc4OC)CC3)c12,,,
COc1cc2c(cc1OC)C(=O)C(CC1CCN(Cc3ccccc3)CC1)C2,7.634812831878662,4.137218475341797,5.8860156536102295
CN(C)CCOc1ccc2c(=O)c3ccccc3oc2c1,4.375146865844727,4.791356086730957,4.583251476287842
COc1cccc(C2CC(=O)c3ccccc3O2)c1OC,6.815321922302246,4.91425371170044,5.864787817001343
Cc1c2cnn(CCCCCCCCn3ccnc3)c(=O)c2nonc2c1C,,,
Cc1ccc(C2=NN(Cc3ccccc3)C(c3ccccc3)C2)cc1,5.997541904449463,4.4085540771484375,5.20304799079895
O=c1ccoc2ccc(OCCCCCCCCNc3c4c(nc5ccccc35)CCCC4)cc12,6.840457916259766,5.364326477050781,6.102392196655273
O=C1c2ccccc2CCC1N=CCSCCCOc1ccccc1,5.833974361419678,5.553014755249023,5.693494558334351
O=C1c2ccccc2-c2nc3nnnn3nc21,4.122465133666992,3.952200412750244,4.037332773208618
COC1=CC=CC=CC=CC=CCC=CC1=[N+](C)c1ccccc1O,3.9866092205047607,4.676902770996094,4.331755995750427
NC(=O)c1cccc(OC(=O)CCC2CCN(c3ccccc3)CC2)c1,6.673158168792725,5.162926197052002,5.918042182922363
COc1cc2c(cc1OC)C(=O)C(Oc1ccc(CC(=O)NCCC(C)C)cc1)C2,5.672301292419434,4.033592224121094,4.852946758270264
O=C1CCc2cccc3cc(Br)cc(c23)N1,6.143008708953857,6.871576309204102,6.5072925090789795
CNc1ccc2oc(CCC3CCN(Cc4ccccc4)CC3)nc2c1,7.843921184539795,4.317943572998047,6.080932378768921
N#Cc1ccc(C2=NCC(c3ccc(F)cc3)CN2)cc1,5.8268256187438965,6.414752006530762,6.120788812637329
Cc1ccc(C2CC(c3ccccc3)=NN2C)cc1,6.39328145980835,5.530869007110596,5.962075233459473
Cc1cc(C2CC(c3c4cc5c(cc4oc4cc(Br)ccc4c3=O)O2)on1,,,
CCCCCCC(=O)NCCCc1ccccc1,5.494438171386719,4.539478778839111,5.016958475112915
COc1c(O)ccc2c1C(=O)c1c(O)cc(O)cc1C2=O,5.964216232299805,4.970452308654785,5.467334270477295
CC1CCCN1CCCCOc1ccc(C(=O)CCl)cc1,5.716609954833984,5.935980796813965,5.826295375823975
N#Cc1ccc(COC(=O)C=Cc2ccc(Cl)cc2)cc1,3.646439790725708,6.916550159454346,5.281494975090027
CCOC(=O)C1CCN(c2ccc(OC)c3nc(C)cc(=O)n23)CC1,5.9265546798706055,4.48727560043335,5.2069151401519775
CSc1c[nH]c2ncnc(NCCCO)c12,3.6808462142944336,5.371047019958496,4.525946617126465
Nc1ccc2sc(NCCCCCCCNc3c4c(nc5ccccc35)CCCC4)nc2c1,8.41523551940918,4.468991279602051,6.442113399505615
CC(=O)C1C2CCC(CC1)C1OC(=O)C2O,,,
COc1cc2c(cc1OC)CC(CC1CCN(Cc3ccccc3)CC1)O2,6.767261028289795,3.617100238800049,5.192180633544922
O=C(CCc1c[nH]c2ccccc12)NCCc1c[nH]c2ccccc12,5.638243198394775,5.889764785766602,5.7640039920806885
CN(C)CCNC(=O)CCc1c[nH]c2ccc(OCc3ccccc3)cc12,5.023435592651367,5.409971714019775,5.216703653335571
O=C1c2ccccc2C(=O)C1C=C(CCCCCCCCCCCNc1c3c(nc4ccccc14)CCCC3)Oc1ccccc1C2=O,,,
O=C(Nc1ccccc1)c1ccc2cccc(Cl)c2n1,4.905391693115234,5.076128005981445,4.99075984954834
O=C(CCCCCNc1c2c(nc3cc(Cl)ccc13)CCCC2)NCC1CCCO1,8.673233032226562,4.43004846572876,6.551640748977661
c1ccc(C(CCNC2CCCCC2)c2cc[n+](CCCCCCCCNc3c4c(nc5ccccc35)CCCC4)cc2)cc1,7.272195816040039,4.162456512451172,5.7173261642456055
CC1=Nc2cc(C(F)(F)F)ccc2C1=O,5.662359714508057,6.800180912017822,6.2312703132629395
C#CCNCc1cc2cc(OCc3cccc(OC)c3)ccc2o1,3.890445232391357,6.475256443023682,5.1828508377075195
CC1=CC2Cc3nc4cc(Cl)ccc4c(N)c3C(C1)C2,7.141253471374512,4.37076473236084,5.756009101867676
O=c1ccoc2ccc3oc4cc(OC5CC=CC5)ccc4c(=O)c3cc12,,,
O=C(C=Cc1ccccc1)Nc1ccc2c(c1)OCCO2,5.104299545288086,6.383691310882568,5.743995428085327
COc1cc2c(cc1OC)C1=NOC(CN3CCN(CC4CCCCC4)CC3)C1CO2,6.439076900482178,4.934836387634277,5.6869566440582275
Cc1ccc(C(=O)c2cccc(CN3CCN(C)CC3)c2)cc1,5.413532257080078,3.4397454261779785,4.426638841629028
c1ccc2cc(C3=NCCCN3)ccc2c1,5.260617733001709,5.843318939208984,5.551968336105347
CC(C)=CC=CC1CCC(=O)N1CCc1ccc(C#N)cc1,4.574507713317871,5.36891508102417,4.9717113971710205
CN=C1CCCc2c1sc1c3ccccc3n3c1c2C,,,
CC(C)Oc1cccc(C(C)=C2CCCC3CC(=O)CCC32)c1,5.043407440185547,4.52792501449585,4.785666227340698
CN(C)Cc1ccc(C2=CC3CN(C)CCOC3CC2)cc1,4.643401145935059,4.105098724365234,4.3742499351501465
Fc1ccc(-c2csc(NN=C3CCCCC3)n2)cc1,5.689570903778076,7.334111213684082,6.511841058731079
Cc1c2ccc(C2=NN(CCCCCCCNc3c4c(nc5ccccc35)CCCC4)CC2)o1,,,
Cc1cc(C)n(CC(=O)NCCC2=CCCCCC2)n1,6.16831636428833,4.39570951461792,5.282012939453125
CN1CCOc2ccc(=O)cc-2oc2cc(OCc3ccccc3)ccc12,,,
c1ccc2c(NCCCCCCCCNc3c4c(nc5ccccc35)CCCC4)c3c(nc2c1)CCCC3,8.564793586730957,4.056234359741211,6.310513973236084
CCCCCNC1=Nc2ccc(Cl)cc2S(=O)(=O)Oc2ccc(C)cc21,6.098870754241943,5.622495174407959,5.860682964324951
COc1cc2c(cc1OC)C(=O)C(CC1CCCCC1)C2=O,7.588705062866211,5.238155364990234,6.413430213928223
COc1cc2c(cc1OC)CC(Cc1ccc(O)c(O)c1)C2,4.280952453613281,3.773308515548706,4.027130484580994
CC1=NOC2C1=C1CCC2CCCCCC(=O)CCC1COc3cc(O)ccc3C12,,,
CC(=CC=CC=C1CCC(O)C1CC=CCCCC(=O)CCCCCN)Cc1ccccc1,4.312164306640625,4.448131561279297,4.380147933959961
CNCCCCCCCCC(=O)NCc1cccc(OC)c1,5.313460350036621,4.358664512634277,4.836062431335449
O=S(=O)(c1ccc(Cl)cc1F)N1CCOCC1,5.104055404663086,5.460402488708496,5.282228946685791
COc1cc2c(cc1OC(=O)c1ccc(OC)cc1)C1=CCCC1C(=NOCCN(C)C)C2,4.96654224395752,4.638137340545654,4.802339792251587
CCOc1c2c(c(OCC)c3ccccc13)OC1CCCCC1C(=O)O2,5.764345169067383,4.555869102478027,5.160107135772705
CCC(=O)Nc1cc(OCCCOc2cccc(F)c2)ccc1OC,5.398428916931152,6.169594764709473,5.7840118408203125
O=C1Cc2ccccc2N1CCCOCCOc1ccccc1,5.590696811676025,6.159491539001465,5.875094175338745
CC(=O)c1cccc(C=CC=Cc2ccccc2)c1,4.654211044311523,6.150897979736328,5.402554512023926
CN(C)CCOc1ccc(C2=NC(=O)C3CCCCC3=N2)cc1,5.908423900604248,6.493907451629639,6.201165676116943
COc1cc2c3c(c1)C1CCCCC3CC1C(=O)O2,5.042437553405762,6.989266872406006,6.015852212905884
O=c1ccoc2ccc(OCc3cccc(Cl)c3)cc12,3.9927258491516113,7.384788513183594,5.6887571811676025
Cc1c2cccc(=O)o1,,,
O=C(c1cc2ccccc2oc1=O)N1CCOCC1,5.868752956390381,4.483047008514404,5.175899982452393
O=C1Nc2ccccc2C2=C1CCCC2,5.821890830993652,4.9940595626831055,5.407975196838379
CC=C1CC(=O)Oc2cc(OCCCCCCCOc3cccc(CCN4CCC(C)CC4)c3)ccc21,6.657114028930664,6.269837379455566,6.463475704193115
COc1ccc2cc(COc3ccc(C(C)=O)cc3)c(=O)oc2c1,5.731897354125977,7.195981025695801,6.463939189910889
N#Cc1ccc(CC2CCOc3ccccc3C2=O)cc1,5.0416693687438965,5.507891654968262,5.274780511856079
CCNC(=O)c1cccc(Oc2ccc(C3=NCCN3CCOCC3)cc2)c1,,,
O=CC(O)C=Cc1cc2c(cc1O)OCO2,5.178839683532715,4.486010551452637,4.832425117492676
CC(=O)N1CCc2cc(OCc3ccc(Cl)cc3)ccc21,4.509652137756348,6.834288597106934,5.671970367431641
O=C1C(=CC=Cc2ccco2)COc2ccccc21,4.988755226135254,6.55147647857666,5.770115852355957
COc1ccc(CN2CCC(Cc3c[nH]c4ccc(Br)cc34)CC2)cc1C1=CCCCC1,6.16829252243042,4.853516578674316,5.510904550552368
O=C1C(=CC=Cc2ccccc2)COc2ccccc21,4.599637031555176,6.850666999816895,5.725152015686035
CCc1sc(C(=O)CC2CCC(=O)N2)cc1C,6.041329860687256,5.213162899017334,5.627246379852295
O=C1C=CC(=O)c2ccc(OCCCCCCCc3ccccc3)cc2O1,4.972426414489746,6.496621131896973,5.734523773193359
CC(C)C1=NOC2COC(=O)CCCCC(=O)OCOC(=O)CCCCCCCOc3ccc(Oc4ccc(Cl)cc4)cc3)C2O1,,,
O=C(C=CCn1ccc2ccccc21)NCCCCCNc1c2c(nc3cc(Cl)ccc13)CCCC2,7.848695755004883,4.884056091308594,6.366375923156738
NC1C(=O)NC(CO)C1=O,5.510154247283936,3.914236545562744,4.71219539642334
c1ccc(COc2ccc(CCCC3CNCCO3)cc2)cc1,4.59659481048584,4.495173454284668,4.545884132385254
O=C(O)Cc1csc2ccc(OCCCCCN3CCC(c4ccccc4)CC3)cc12,5.196489334106445,5.031841278076172,5.114165306091309
O=C(CCCCCNc1c2c(nc3ccccc13)CCCC2)NCCCNc1c2c(nc3ccccc13)CCCC2,9.001436233520508,4.139743804931641,6.570590019226074
FC(F)(F)c1ccc2c(c1)sc(NN=C3CCCCC3)n2C1CCCC1,,,
COc1cccc(-c2csc3c2CCCC3=O)c1,5.55944299697876,5.53099250793457,5.545217752456665
O=C(CCc1ccccc1)c1c2c(nc3ccccc13)CCCC2,5.61388111114502,3.872326850891113,4.743103981018066
c1ccc(CNc2c3c(nc4sccc24)CCCC3)cc1,5.498813629150391,4.282115459442139,4.890464544296265
COc1cc(C=CC(=O)c2ccc(Cl)c(Cl)c2)cc(OC)c1OC,5.342624664306641,5.071471214294434,5.207047939300537
COc1cc2ccc(OCC3CCN(Cc4ccccc4)CC3)cc2cc1,5.249035835266113,4.522695064544678,4.8858654499053955
Cn1cc(C=CC=CC=CC=Cc2cc[n+](CCO)cc2)c2ccccc21,4.285417079925537,6.74929141998291,5.517354249954224
Cc1cccc(C)c1NC(=O)c1cc2ccccc2oc1=O,6.51707649230957,5.302940845489502,5.910008668899536
Cc1cc2cc(=O)oc2c(OCCCCCCNc2c3c(nc4cc(Cl)ccc24)CCCC3)c1,,,
Cc1ccccc1COc1ccc(C=CCSC(=N)N)cc1,5.35019588470459,6.818641185760498,6.084418535232544
COc1cc2c(cc1OC)CN(CCCCCCOc1ccc(=O)oc1)CC2,5.996379375457764,5.66269588470459,5.829537630081177
CCN(CCCCCCCCCN=C1CCC(=O)C(=NCCCCCCN(CC)Cc2ccccc2OC)CC1)Cc1ccccc1OC,7.831426620483398,4.7469987869262695,6.289212703704834
NC(=O)OC1C(=O)c2ccccc2-c2ccccc21,5.743472576141357,5.709338188171387,5.726405382156372
Cc1csc2c1=O,,,
CC(=O)COc1cc2oc(=O)ccc2cc1OCCCCCCCCCCCCCCNc1c2c(nc3cc(O)ccc13)CCCC2,7.210864543914795,5.955041408538818,6.582952976226807
CN(C)c1ccc(C=CC=Cc2cc[n+](C)cc2)cc1,4.200394630432129,5.53466272354126,4.867528676986694
N#CCCCCCCCCCCNc1c2c(nc3ccccc13)CCCC2,6.942008972167969,4.854773998260498,5.898391485214233
COc1cc2oc3cc(OC)c(OC)cc3c(=O)c2cc1OC,6.357048988342285,4.064797401428223,5.210923194885254
CN(c1ccc(C=CC(=O)c2ccccc2)cc1)OC1COC2C(O)COC12,4.960579872131348,5.599586486816406,5.280083179473877
O=C(Cc1ccc(OCc2cccc(Br)c2)cc1)c1ccccc1O,4.408165454864502,5.683704376220703,5.0459349155426025
CCCCCCNC(=O)CCCCCCCCNc1c2c(nc3cc(Cl)ccc13)CCCC2,7.990139961242676,4.836315631866455,6.413227796554565
Cc1oc(C2CCOCC2)nc1COC(=O)CCC1CCN(C)C1,5.253194332122803,5.622345924377441,5.437770128250122
O=C(NCCCCCCCCNc1c2c(nc3cc(Cl)ccc13)CCCC2)c1c[nH]c2ccccc12,9.003057479858398,4.7937445640563965,6.8984010219573975
COc1cc2c(cc1OC)C1=NOC(CCCCCCCNc3c4c(nc5ccccc35)CCCC4)C2C1=O,7.253551483154297,5.611813545227051,6.432682514190674
Fc1ccccc1C#Cc1cccc(C2=CC3CNCCC3CO2)c1,4.589548110961914,6.056670665740967,5.32310938835144
COc1cc2c(cc1O)C(=O)C(=O)C2(O)CCCC(=O)CCC(=O)CCC(=O)CCC(C)C,5.494226932525635,5.629749774932861,5.561988353729248
Cc1cccc(NC(=S)NCCc2ccccc2)c1,4.930191040039063,3.907162666320801,4.418676853179932
COc1cc2c(cc1OC)C(=O)C1CCCCC1C2=NO,5.290493011474609,5.378708839416504,5.334600925445557
CC#CCN(C)Cc1cc2cc(OCCC3CCN(Cc4ccccc4)CC3)ccc2n1C,6.563601493835449,5.251646041870117,5.907623767852783
COc1ccc(OC)c2c1C(=O)c1ccc3c(c1C2=O)CCCC3,5.707845211029053,5.32096004486084,5.514402627944946
Cc1oc(-c2ccccc2Oc2ccc(Cl)cc2)nc1NN=CC1CCCCC1,6.695494174957275,5.115224838256836,5.905359506607056
N#Cc1ccc(-c2ccoc2)nc1Oc1ccc(Cl)cc1,5.698661804199219,6.284343719482422,5.99150276184082
c1ccc2c(CC3=NCCN3)c[nH]c2c1,5.320971965789795,5.407058238983154,5.364015102386475
O=c1ccoc2ccc(OCCCCCNc3c4c(nc5ccccc35)CCCC4)cc12,6.851408004760742,4.945126056671143,5.898267030715942
Cc1ccccc1C=C1CC(=O)Oc2cc(OCc3cccc(F)c3)ccc21,4.860748291015625,7.190691947937012,6.025720119476318
O=C(Nc1ccccc1)Nc1ccc2c(c1)OCCO2,5.49911642074585,5.279152870178223,5.389134645462036
OCCCCCN1CCC(O)(c2ccc(Cl)cc2)CC1,4.561100959777832,4.607891082763672,4.584496021270752
Cc1ccccc1NC(=O)Oc1cccc2c(=O)c3ccccc3oc12,6.979841709136963,4.399826526641846,5.689834117889404
CN1CCC2(C)c3cc(OC(=O)NCCCCCCCCN4CCCCC4)ccc3N(C)C12,7.290181159973144,4.957273960113525,6.123727560043335
CC1=CC2Cc3nc4cc(Cl)ccc4c(NCCCCCCCCCCCCNC(=O)c4cc(O)c5c(c4)C(=O)c4ccc(O)c(C5)c4C(C)CO3)C2O1,,,
O=C1CCc2cc(OCCCCCCCNc3c4c(nc5cc(Cl)ccc35)CCCC4)ccc21,8.191940307617188,5.688539981842041,6.940240144729614
CC1=NN(c2cccc(Cl)c2)C(=O)C1=Cc1cc2ccccc2[nH]1,6.449025630950928,6.06997537612915,6.259500503540039
CC1=CC(C)COc2cc(OCCc3cccc(O)c3)ccc21,4.7622833251953125,5.382253646850586,5.072268486022949
CCOc1cc(O)cc2c1C(=O)c1ccc3cccc(O)c3c1C2=O,5.823209762573242,5.810880184173584,5.817044973373413
O=C1c2ccccc2-c2ccccc2N1CC(=O)N1CCCCC1,5.461552619934082,4.594597339630127,5.0280749797821045
Fc1ccc(-c2csc(NN=CC3CCCCC3)n2)cc1,5.363310813903809,6.566559791564941,5.964935302734375
CNC(=O)c1ccccc1Oc1cccc(CN(C)C)c1,7.906774997711182,4.244056701660156,6.075415849685669
CCOc1cccc2c1OC(=O)C=C2c1ccc2ccccc2o1,,,
N#CCCN(CC=Cc1ccccc1)CCC,4.88225793838501,3.967646360397339,4.424952149391174
O=C1CCc2cc(OCCCCCNc3c4c(nc5ccccc35)CCCC4)ccc21,7.772086143493652,5.224125385284424,6.498105764389038
COc1ccc(C(=O)OC2CC3CCCCC3(C)O2)cc1OC,4.852216720581055,5.0037055015563965,4.927961111068726
COc1cccc(OC)c1OCC(O)CN1CCCCC1,4.381486892700195,4.167281627655029,4.274384260177612
CCN(CC)C(=O)C=Cc1cccc(OC)c1OC,5.035499572753906,4.7990498542785645,4.917274713516235
COc1cc2c(C(=O)c3ccc(OCCCCCN4CCCCC4)cc3)c(C)oc2cc1OC,6.221524238586426,5.20623779296875,5.713881015777588
CNc1c2c(nc3ccccc13)CCCC2,7.184840202331543,3.607032775878906,5.395936489105225
COc1ccc2cc(CCCCCCCCCCCCCNc3c4c(nc5ccccc35)CCCC4)ccc2c1,6.983870506286621,5.0677361488342285,6.025803327560425
COc1cc2ccc(=O)oc2cc1O,4.480494499206543,4.815962791442871,4.648228645324707
Cc1cccc(CC2CCNC2)c1,4.735782146453857,2.400866985321045,3.568324565887451
Cc1ccc(C=C2CCC3C2=O)o1,,,
O=C(O)CC(=O)c1ccc2c(c1)C(=O)c1ccccc1S2(=O)=O,5.973292350769043,5.3818206787109375,5.67755651473999
O=[N+]([O-])c1cccc2c1NCCO2,4.867335319519043,5.031243324279785,4.949289321899414
COc1cc2c(cc1OC)C(=O)C(C2CCCCC2)C2CCCC2=O,,,
O=C(C1CCC2CN(c3cccc(Cl)c3)CC21)N1CCCC1,4.675490379333496,5.0975260734558105,4.886508226394653
Clc1cccc(-c2c[nH]c3ccc(CCCN4CCCC4)cc23)c1,5.957378387451172,4.878806591033936,5.418092489242554
O=C(C=CC=Cc1cccc2c1CCC2=O)NCc1ccccc1Cl,4.317154884338379,6.826483726501465,5.571819305419922
O=C1NC(=O)C2=C1c1cn(c3ccccc13)CCCCCCCCCOCCOCCOCCn1cc2c2ccccc21,4.368504524230957,5.0725836753845215,4.720544099807739
COc1cc2c(c3ccc(OCCCCCCCCNc4c5c(nc6ccccc46)CCCC5)cc3n2C)ccc1OC,,,
Cc1c2ccc(C)cc2nn1CCCCCCCCCNc1c2c(nc3ccccc13)CCCC2,8.657991409301758,4.645953178405762,6.65197229385376
Cc1cccc(NC(=O)Oc2ccc3c(c2)OCO3)c1,6.048897743225098,4.657723426818848,5.353310585021973
CC(C)Oc1cccc(-c2cc3c(=O)n4ccccc4nc3n2C)c1,5.144555568695068,4.2498884201049805,4.697221994400024
NC(=O)c1ccc2c(c1)C(=O)c1ccc(C(=O)O)cc1S2(=O)=O,6.442197322845459,6.266936302185059,6.354566812515259
CC(=O)Nc1ccc2c(c1)c(CCCCCc1ccccc1)c(C)n2C,5.890387058258057,5.364380836486816,5.6273839473724365
O=C1Nc2ccc(C#CC(O)c3ccccc3)cc2C1=O,5.120169162750244,6.077803134918213,5.5989861488342285
N#Cc1cccc(C=Cc2ccc(F)cc2O)c1,3.6170172691345215,7.283560276031494,5.450288772583008
O=C1C(=O)C(CCc2ccccc2)Oc2ccc3ccc(O)cc3c21,5.991496562957764,6.025368690490723,6.008432626724243
CCN(CCCCCCCN=C1CC(=O)C(=NCCCCCCN(CC)Cc2cccc(OC)c2)CC1=O)Cc1ccccc1OC,7.514498710632324,4.933131217956543,6.223814964294434
CC1=CC2Cc3nc4cc(Cl)ccc4c(NCCCCCNC(=O)c4cc(O)c5c(c4)C(=O)c4ccc(O)c(CCC5)cc4)c3C(C1)C2,,,
C#CCCCCCCCCCCCCNCCCCCCCCCCC,4.37451696395874,6.468661308288574,5.421589136123657
CNC(=O)Oc1cccc(CN(C)CCCCCCOc2ccc3c(=O)c4ccccc4oc3c2)c1,8.115917205810547,5.681029796600342,6.898473501205444
O=C1c2ccccc2S(=O)(=O)c2ccccc21,5.109127044677734,5.487881183624268,5.298504114151001
O=C1Cc2ccc(OCCCCCCNc3c4c(nc5cc(F)ccc35)CCCC4)cc2N1,8.46090316772461,5.560373783111572,7.010638475418091
Cc1cccc(C#Cc2cccc(C3(CNC(=O)C4CC4)COC(C)(C)C3)c2)c1,4.514386177062988,5.6610517501831055,5.087718963623047
COc1ccccc1C=CC=NNC(=O)c1ccccc1OC,5.7136549949646,5.135720729827881,5.42468786239624
NC(=O)C=Cc1coc2ccc(OCCCCCCCNc3c4c(nc5ccccc35)CCCC4)cc12,6.542426109313965,5.773415565490723,6.157920837402344
CC1=CC=CCOC1=O,2.4455299377441406,6.243345260620117,4.344437599182129
O=C1c2ccccc2OC(=O)C1Cc1ccccc1,7.767190933227539,4.879824638366699,6.323507785797119
O=C(CCCCCCCCCCCCCCNc1c2c(nc3cc(Cl)ccc13)CCCC2)NCCCCCNc1c2c(nc3ccccc13)CCCC2,9.028278350830078,4.844435691833496,6.936357021331787
Clc1ccc(CCNCCCCCCCCNc2c3c(nc4ccccc24)CCCC3)cc1,7.5474724769592285,4.169778823852539,5.858625650405884
CCOC(=O)c1cc2ccsc2n1CCCCCC(=O)OC,5.040933609008789,5.740778923034668,5.3908562660217285
Cc1c2ccccc2c(C=CCN(C)C)c2oc1=O,,,
COC(=O)CCCCCCCCCCCCCCCCCCCCCNCCCCCCNC(=O)c1ccccc1OC,6.065463066101074,5.545591354370117,5.805527210235596
O=C(COc1ccccc1Cl)c1cc2ccccc2oc1=O,6.17756462097168,5.564948558807373,5.871256589889526
O=C1c2ccccc2C(=O)C1c1ccccc1,5.992517948150635,5.503373146057129,5.747945547103882
O=c1cc(-c2cccc(OCCCCCCCCCCNc3c4c(nc5ccccc35)CCCC4)c2)oc2ccccc12,6.348030090332031,4.990289688110352,5.669159889221191
CC1=CC(C)(C)Nc2cccc(c2)N(C)C1,4.8503899574279785,4.587076187133789,4.718733072280884
O=C(O)COc1cccc2c1CCC2=O,5.515392780303955,4.836796283721924,5.1760945320129395
CCCCNC(=O)CCCc1c[nH]c2cccc(OC)c12,5.732303619384766,4.644406318664551,5.188354969024658
CCCCCCNC(=O)Oc1ccc2c(c1)C1CCCC1C(=N)N2,6.428353786468506,5.1997389793396,5.814046382904053
CCc1c2c(nc3cc(CC)ccc13)CCCC2,6.485239028930664,4.269834995269775,5.37753701210022
Clc1ccc(-c2cc(COCC3CC3)on2)cc1,5.683247089385986,5.814213752746582,5.748730421066284
CC(=O)c1ccc2c(c1)C(=O)c1cc(CCC3NNCC(O)CO3)ccc1S2(=O)=O,5.912271976470947,5.757425785064697,5.834848880767822
Cc1ccc(CN(C)C)cc1C=C1CCCC2CCN(CCC3CC3)CC21,6.367284297943115,3.9156007766723633,5.141442537307739
c1ccc(CSc2n[nH]c3cnccc23)cc1,4.415600299835205,5.689859390258789,5.052729845046997
COc1cc2c(cc1OC)C(Cc1ccccc1)N(CCN(C)C)CC2,4.614953994750977,4.11615514755249,4.365554571151733
O=C1c2ccccc2-c2onc3cccc1c23,5.03476095199585,4.837893009185791,4.93632698059082
CSc1coc2c1c(OCCCCCCCC(C)O)cccc12,,,
N#Cc1ccc(C(=O)c2cc3ccccc3oc2=O)cc1,5.079812526702881,5.299590110778809,5.189701318740845
CC(=O)c1cccc(NC(=O)COc2ccccc2C)c1,5.763461589813232,5.418656826019287,5.59105920791626
C=CCN(C)CCCCCCCCCCCCC(=O)Nc1c2c(nc3ccccc13)CCCC2,6.511395454406738,4.837716579437256,5.674556016921997
CC(C)Oc1cccc2c1N=C(c1ccccc1)C(C)C2,6.608645439147949,3.5432796478271484,5.075962543487549
C=C1CCC(CCOc2ccc(C3=NC(C)OC(C)C3=O)cc2)O1,6.781602382659912,5.6751251220703125,6.228363752365112
COc1ccc(-c2cc(C3CCN(Cc4ccccc4)CC3)[nH]n2)cc1,4.756681442260742,4.462879180908203,4.609780311584473
Oc1oc(O)c2ccc(OC(=O)NN=Cc3cccc(N(CCBr)CCO)c3)cc12,6.511271953582764,4.985883712768555,5.748577833175659
Cc1cc(C)c(NC(=O)c2ccc3ccccc3c2)c(C)c1,5.224138259887695,5.329707622528076,5.276922941207886
COc1cc2cc(-c3cccc(Cl)c3)c(=O)oc2cc1OC,5.983806133270264,6.458688735961914,6.221247434616089
Cc1c2ccccc2nc2c1c(=O)oc2cc(O)ccc12,,,
CCC1=CC2Cc3nc4cc(Cl)ccc4c(NCC(C)CCCCCCCN)c3C(C1)C2,6.748709678649902,4.1777873039245605,5.4632484912872314
Cc1cccc(C)c1OCC(O)CN1CCCC1,5.208745002746582,4.154156684875488,4.681450843811035
CC(=O)Oc1cc2oc(=O)sc2cc1Cl,6.507166862487793,4.904447555541992,5.705807209014893
Cc1cccc(C2=CCN(CCCCCCCCCCNc3c4c(nc5ccccc35)CCCC4)CC2)c1,7.591642379760742,4.47550630569458,6.033574342727661
CC(C)=CCc1c2c(nc3ccccc13)CCCC2,5.89052152633667,3.89643669128418,4.893479108810425
CC#CCCCON=C1CCCc2ccc(OCCCCCNc3c4c(nc5ccccc35)CCCC4)cc21,6.302119731903076,5.51273775100708,5.907428741455078
C=CCc1ccccc1OCCCCCCOc1ccc(OC)c(OC)c1,5.384385585784912,5.820799827575684,5.602592706680298
CCCNC1CCc2cc(OCc3ccc(OC)cc3)ccc2C1,4.214946746826172,4.818192005157471,4.516569375991821
Cc1cccc(C)c1OCC(=O)NCCCCN1CC=C(c2coc3cc(=O)ccc23)CC1,,,
C=CCC1CON(CCc2c[nH]c3ccc(Cl)cc23)C1,6.13321590423584,5.350601673126221,5.74190878868103
O=C(O)COc1ccccc1C=Cc1cccc(OCc2ccccc2)c1,4.271686553955078,6.155340671539307,5.213513612747192
Cc1cccc(COCC(CC(C)C)N2CCNCC2)c1,5.062173843383789,4.157849311828613,4.610011577606201
CC(=O)OCC1OC(n2cc(COC(=O)c3ccc(C)cc3)nn2)C(OC(C)=O)C(OC(C)=O)C1OC(C)=O,3.062940835952759,3.9685330390930176,3.515736937522888
COc1cc2c(cc1O)CCc1c-2c2c3cc(C)ccc3n(CCCCCCCCNc3c4c(nc5ccccc35)CCCC4)c1CCC2,7.792510032653809,5.451613426208496,6.622061729431152
COc1cccc(C2OC(=O)c3ccccc32)c1OC,5.8723859786987305,5.414320945739746,5.643353462219238
Cc1cc2ccc(C(=O)NCc3cccc(Cl)c3)cc2o1,5.55026912689209,5.207361698150635,5.378815412521362
CC=C1CC(=O)Oc2cc(OCc3cccc(Cl)c3)ccc21,5.423432350158691,7.54026985168457,6.481851100921631
COc1cc2oc3ccccc3c(=O)c2cc1OC,6.213313102722168,4.358064651489258,5.285688877105713
CC(=C1CCN(C)CC1)C(C#N)c1ccccc1Cl,5.229345321655273,4.656954765319824,4.943150043487549
CC(=NNc1nc(-c2ccc(F)cc2)cs1)c1ccco1,5.919222831726074,6.850396633148193,6.384809732437134
CN(C)c1ccc2c3c(cccc13)C(=O)N2CCCc1ccccc1,5.742699146270752,5.696936130523682,5.719817638397217
C=CCCCCCCCCCCCCCCNCCCCCCN=C1CC(=O)C(=O)C(O)Oc2ccc(O)cc21,5.980496883392334,6.312810897827148,6.146653890609741
C1=CCOc2ccc(OCc3cccnc3)cc2C1,4.055756092071533,6.710453510284424,5.3831048011779785
O=C(O)c1ccc2cccc(=O)oc2c1O,,,
COc1cc2c(c3ccc(OC)cc1OC)CCC2,,,
O=C(O)c1cc(Cl)c(Cl)cc1OCCCCCNc1c2c(nc3ccccc13)CCCC2,7.26862096786499,4.961334228515625,6.114977598190308
C=C1CC2C(C)(C)C(OC(=O)c3cccs3)CCC12C,4.842829704284668,6.217895984649658,5.530362844467163
O=c1oc2ccccc2cc1OCCCCc1ccccc1,5.058729648590088,6.031386852264404,5.545058250427246
O=C1CC(Cc2ccc(OCCN3CCCCC3)cc2)Oc2cc(O)ccc21,5.802465915679932,5.09842586517334,5.450445890426636
Cc1c(OCCCCCCNc2c3c(nc4ccccc24)CCCC3)ccc2ccoc12,7.278456211090088,4.935787200927734,6.107121706008911
O=C1CCc2ccc(OCCCCCCCNc3c4c(nc5ccccc35)CCCC4)cc2O1,7.2805633544921875,5.505131721496582,6.392847537994385
C=CCNCCCOc1ccc2c(c1)C1OCCCC1C2,5.212016582489014,5.440589904785156,5.326303243637085
COc1cc2c(cc1OC)C(=O)C=C2C1CCCCC1,5.828090190887451,5.541370868682861,5.684730529785156
Nc1nc(-c2cccc(OCCCCCCN3CCC4CCCCC4C3)c2)nc2ccccc12,6.449630737304688,4.944868087768555,5.697249412536621
CC(=O)c1cc(OCc2cccc(Cl)c2)ccc1OCCCCN=C(C)C,5.439026355743408,6.623472690582275,6.031249523162842
CN(C)CCCCCCCCCCNc1c2c(nc3ccccc13)CCCC2,7.062231540679932,4.148772716522217,5.605502128601074
Cc1cc(C)c2oc(=O)n(CCCCCCNc3c4c(nc5ccccc35)CCCC4)c2c1,8.601617813110352,4.9091477394104,6.755382776260376
O=c1oc2ccc(OC(F)F)cc2cc1OCCCCCCCCNc1c2c(nc3cc(Cl)ccc13)CCCC2,6.806034088134766,5.729055404663086,6.267544746398926
O=C1CCc2cc(Cl)ccc2N1Cc1ccnc2ccccc12,5.073168277740479,5.887321949005127,5.480245113372803
C#CCCCCCCCCNCCCCCCCC,4.321722507476807,6.252529144287109,5.287125825881958
O=C1CC(=COCc2ccc(F)cc2)c2ccccc2O1,4.789436340332031,6.306401252746582,5.547918796539307
CC(C)COC(=O)c1ccc2oc(C3CCCCC3)c(C)c2c1,4.1422929763793945,5.132503986358643,4.6373984813690186
C=CCOc1ccc2oc3ccc(OCCCN4CCCCC4)cc3c(=O)c2c1,6.10152006149292,6.006835460662842,6.054177761077881
COc1cc2c(CCNCCCCCCNc3c4c(nc5ccccc35)CCCC4)coc2cc1OC,7.754454612731934,4.639575481414795,6.197015047073364
O=C(O)COc1ccc(=O)oc1C=C(c1ccccc1)c1ccccc1,5.34924840927124,5.144942283630371,5.247095346450806
COc1cc(C=C2COc3cc(OCCCCNc4c5c(nc6ccccc46)CCCC5)ccc3C2=O)cc(Cl)c1O,7.112362861633301,5.71010684967041,6.4112348556518555
COc1cc2ccc(OCC(=O)N3c4ccccc4CC3C)cc2cc1OC,6.5602617263793945,5.508510589599609,6.034386157989502
O=C1c2ccccc2-c2nnc(-c3ccccc3)cc21,4.993725776672363,5.196288108825684,5.095006942749023
CC#CCN(C)Cc1cc2cc(OCc3ccccc3)ccc2n1C,4.811418533325195,7.19118070602417,6.001299619674683
c1ccc(COc2ccc(CCNc3ccccn3)cc2)cc1,4.408647537231445,4.951037406921387,4.679842472076416
O=C1c2ccccc2OCC1CCN1CCC(Cc2ccc(Cl)cc2)CC1,5.657617568969727,4.650663375854492,5.154140472412109
O=C1c2cc(OCCN3CCCCC3)ccc2OC(=O)C1c1ccc(Cl)cc1,6.007650375366211,5.683040618896484,5.845345497131348
CCN(CCCCCCN=C1CC(=O)C(=NCCCCCCCN(CC)Cc2cccc(OC)c2)CC1=O)Cc1ccccc1OC,7.514498710632324,4.933218479156494,6.223858594894409
Nc1cccc(S(=O)(=O)NCCCCC(=O)Nc2ccc(Br)cc2)c1,5.4332051277160645,4.689548492431641,5.0613768100738525
COc1cc2c(cc1OC)C(=O)OC2COc1ccccc1,6.510990142822266,4.907803535461426,5.709396839141846
CCC1CC)C(=O)c2cc(OCc3ccccc3)ccc2O1,,,
CCOC(=O)c1cc2cc3c(cc2cc1C)OCO3,5.084558486938477,5.514261722564697,5.299410104751587
Cc1cc2oc3ccc(O)cc3c(=O)c2cc1C,5.26556396484375,5.485015392303467,5.375289678573608
Fc1ccc(C2CC(COc3ccccc3)=NN2)cc1,6.018474102020264,7.471271514892578,6.744872808456421
O=C(O)c1ccc(Oc2ccc3ccc(=O)oc3c2)cc1,6.40278959274292,5.824026107788086,6.113407850265503
O=C(NC1=Cc2ncc3cnnc(O)c(c2-3)C1)c1ccccc1,5.927600860595703,4.419519424438477,5.17356014251709
Nc1ccc(C(=O)OCC2CCCCC2)cc1C(=O)NC1CCCCC1,5.1960320472717285,4.696277618408203,4.946154832839966
O=C1OC(c2ccc(O)c3ccccc23)=NC1=O,6.096593856811523,5.897955894470215,5.997274875640869
c1cc(NC2CCCCC2)nc(CCc2cc3cc(OCCN4CCOCC4)ccc3o2)n1,5.384871482849121,5.761263847351074,5.573067665100098
O=C1COc2ccc(C3=NCCN3)cc2N1CCOCC1,,,
CN(C)C(=O)c1ccc(=O)n(CCCCCCc2ccccc2)c1,6.401297569274902,4.691093921661377,5.54619574546814
O=C1c2ccccc2-c2nc3nnnn3nc21,4.122464656829834,3.952200412750244,4.037332534790039
Cc1cccc(CCc2ccccc2O)c1,3.8878307342529297,4.8505377769470215,4.369184255599976
COc1ccc2c(c1)C=CC2=O,5.135513305664063,7.01286506652832,6.074189186096191
COc1cc2c(Oc3ccc(NC(=O)CCCN4CCCCC4)cc3)cccc2cc1OCCCCN1CCCCC1,6.693877220153809,4.780144691467285,5.737010955810547
CN(C)c1cccc2c1OC(=O)C2=CCC=CCN1CCCCC1,6.343651294708252,4.839932918548584,5.591792106628418
C#CCN(C)C1CCc2ccc(O)cc21,3.30728816986084,6.375481128692627,4.841384649276733
Cn1sc(C(=O)NC2CCCCC2)c2ccccc21,,,
COc1cc2c(cc1OC)C(=O)C(F)(F)O2,6.630486488342285,5.027636528015137,5.829061508178711
COc1ccc2oc3cc(O)ccc3c(=O)c2c1,5.272256374359131,4.6263933181762695,4.9493248462677
Cc1ccc(Cc2cc3c(cc2Cl)OCO3)cc1,4.942495346069336,5.700660228729248,5.321577787399292
CC=CC=Cc1cc2cc(=O)oc2cc1O,,,
COC(=O)c1ccc2oc3cc(OC)c(OC)cc3c(=O)c2c1,5.668135643005371,4.37535572052002,5.021745681762695
Clc1ccc(C2=NN=C3CCCC3C2)cc1,7.031335353851318,7.207786560058594,7.119560956954956
CC1=CC=C(C=CC=CCC=CCC(=O)O)Sc2cccc(O)c2)C1,,,
COc1cc2c3c(ncc2cc1OC)CCCC3,5.129096508026123,4.955461502075195,5.042279005050659
COc1cc2c(cc1F)C(=O)C(Cl)=C(F)C2,4.93217134475708,6.279294013977051,5.605732679367065
CNC(=O)C=Cc1ccc2oc3ccccc3c(=O)c2c1,5.527798175811768,6.360337734222412,5.94406795501709
Cc1c(C)c2ccc(OCc3ccc([N+](=O)[O-])cc3)cc2oc1=O,5.39715051651001,8.414457321166992,6.905803918838501
Cc1cc(OCCCCCCCNCCO)cc2c1OC(=O)CC2,5.753528594970703,6.019853591918945,5.886691093444824
Cc1ccc(COCCCCCCCNc2c3c(nc4ccccc24)CCCC3)cc1,7.0310468673706055,4.580285549163818,5.805666208267212
O=C(CCc1ccccc1)OCC(=O)c1ccccc1,6.012713432312012,5.297828674316406,5.655271053314209
CC(=O)NC1CCCc2c1ccc1c2C,,,
COC(=O)CCCOc1ccc2c(=O)c3cc(C)ccc3oc2c1,4.415902614593506,6.307285785675049,5.361594200134277
Cc1cc2oc(=O)cc(COc3ccc(Cl)cc3Cl)c2cc1,4.157516002655029,7.49727725982666,5.827396631240845
CC(=O)C=C1CC(=O)Oc2cc(OCc3ccccc3)ccc21,4.4291300773620605,6.332265853881836,5.380697965621948
COc1cc2c3c(c4c5ccccc5c3c(=O)o2)CCC31,,,
CN=C1CCc2c1oc1ccc(OC(C)CO)cc21,5.006409168243408,4.7472243309021,4.876816749572754
COc1cc(C=C2CCCCC2)cc(OC)c1OC,4.809493064880371,3.9288442134857178,4.369168639183044
O=c1cc(CCCC2CCN(Cc3ccccc3)CC2)oc2ccccc12,6.535891532897949,3.32348895072937,4.92969024181366
CC(C=CC1CC(CO)O1)=CC=C1CCCC2=CC=CCCC12,3.608096122741699,5.597369194030762,4.6027326583862305
CN(C)C(=O)c1ccc2c(-c3ccc(F)cc3)noc2c1,5.490630626678467,5.6239423751831055,5.557286500930786
CC(C)=CCCNC(=O)c1ccc2c(c1)C(=O)c1ccccc1-2,5.336075782775879,5.5957794189453125,5.465927600860596
O=C(OC1CCCC1)C1CCCN(Cc2ccccc2Br)C1,5.677448272705078,3.7786269187927246,4.728037595748901
CCN=C1CC(=O)Oc2cc(OCc3cccc(F)c3)ccc21,5.687699317932129,6.968749046325684,6.328224182128906
Clc1ccccc1C1=NC2CCCCC2N1,5.588037490844727,5.650608062744141,5.619322776794434
O=C1CC(c2ccc(O)cc2)Oc2cc(OCc3ccc(F)cc3)ccc21,5.485134601593018,6.811453819274902,6.14829421043396
O=C1CCCc2sc3ccccc3c21,4.811271190643311,3.962106943130493,4.386689066886902
O=C(Cl)c1cc2ccccc2cc1O,4.269567966461182,7.277141571044922,5.773354768753052
Cc1ccccc1C1CC(=O)c2cc(CCC3CCN(Cc4ccccc4)CC3)ccc21,6.627444267272949,4.716797351837158,5.672120809555054
COc1cc2c(cc1OC)C(=O)C(Oc1ccc(C(=O)C(C)C)cc1)C2,7.233695983886719,4.464053153991699,5.848874568939209
Clc1ccc2c(c1)C(=Cc1ccco1)NN2,5.495655059814453,5.954922676086426,5.7252888679504395
CC(=NOCCCCCNc1c2c(nc3ccccc13)CCCC2)c1ccccc1,6.688601493835449,4.62042236328125,5.65451192855835
CCCCOc1cc2oc(=O)c3cc(OC)ccc3c2cc1C,4.838290691375732,6.381490707397461,5.609890699386597
O=C(C=Cc1ccco1)OC1CCOC1,3.5906941890716557,5.967352867126465,4.77902352809906
O=C1CCCc2cc(OCCCCCCCNc3c4c(nc5ccccc35)CCCC4)ccc21,7.376092433929443,5.362788677215576,6.36944055557251
Fc1ccccc1N=C1CCC(c2ccccc2)NN1,4.880670547485352,5.4862871170043945,5.183478832244873
O=c1ccoc2c([N+](=O)[O-])cc(COc3ccccc3)cc12,5.581860542297363,5.985116958618164,5.783488750457764
COc1cccc(C=CC2=NC(=O)C3(CCCC3)C2=O)c1,6.485158920288086,6.476089477539063,6.480624198913574
O=c1ccoc2ccc(OCc3ccoc3)cc12,4.449404239654541,7.070230007171631,5.759817123413086
Cc1cccc(C=CC2C3CCCCC3CC3C(=O)OC(C)C32)c1,4.4209065437316895,6.415462493896484,5.418184518814087
COc1cc2oc(=O)cc(CCCCCCc3cccc(C)n3)c2cc1OC,6.341301918029785,5.895251750946045,6.118276834487915
Clc1cc[n+](Cc2ccc(COCCCCNc3c4c(nc5cc(Cl)ccc35)CCCC4)o2)cc1,8.647041320800781,4.595960140228272,6.621500730514526
COc1cc2c(cc1OC)C(=O)C(c1ccc3c(c1)CCC3)C2,5.482224941253662,6.331491470336914,5.906858205795288
CC(=O)c1ccc(NC(=O)C=Cc2ccc3c(c2)OCCO3)cc1,5.594568252563477,6.1436944007873535,5.869131326675415
CC#CCN(C)Cc1cc2cc(OCCC3CCN(Cc4ccccc4)CC3)ccc2n1C,6.563602447509766,5.251651763916016,5.907627105712891
Clc1ccc2c(c1)C(=C1N=c3ccc(OCCN4OCCC4)cc3=N1)ON2,6.720844268798828,5.748295307159424,6.234569787979126
N#CCc1ccc(OCCc2ccc3c(c2)OCCO3)cc1,4.236196517944336,5.907685279846191,5.071940898895264
O=C(C=Cc1cccc2ccccc12)Nc1cccc2cccnc12,4.288074493408203,6.299201011657715,5.293637752532959
COc1ccc(-c2nnn(CCCCCCCCNc3c4c(nc5cc(C)ccc35)CCCC4)n2)cc1,7.852725028991699,5.495294570922852,6.674009799957275
CSc1ccccc1C=CCN=C1CC(=O)C(=O)C1,5.623405933380127,5.717801570892334,5.6706037521362305
NC(=O)C1=Cc2ccc(OCc3cccc(Cl)c3)cc2OCC1,4.396944999694824,7.278196334838867,5.837570667266846
Cc1c2c(n3c1CCCC3)CCCC2=O,6.513218879699707,4.558048725128174,5.53563380241394
Cn1nc(C#CC(O)c2cccc(Cl)c2)cc1O,4.240979671478272,4.803934097290039,4.522456884384155
CCOc1ccccc1OCCNC(C)Cc1ccccc1,5.121793746948242,4.836948871612549,4.9793713092803955
CC(C)=CC1CC(O)CC(=O)C1CCCCCC(=O)O,3.784642219543457,3.8257131576538086,3.805177688598633
Fc1ccccc1SCc1coc2ccc3c(c12)CNCC3,4.9487175941467285,4.69797945022583,4.823348522186279
C#CCCn1nc(CCCCCNc2c3c(nc4ccccc24)CCCC3)c2ccccc21,7.826720237731934,4.484539031982422,6.155629634857178
O=C(O)CCCCCCCCCNc1c2c(nc3ccccc13)CCCC2,7.426006317138672,4.785345077514648,6.10567569732666
O=C1Cc2ccccc2C(=O)N1CCOc1ccc(OCCCCN2CCCCC2)cc1,6.280714988708496,5.907485961914063,6.094100475311279
CN(C)CCCOc1ccc(Cl)cc1Cl,4.521278858184815,4.703244686126709,4.612261772155762
O=C(CCCCCCCCCCNc1c2c(nc3cc(Cl)ccc13)CCCC2)NCC1CCCO1,8.550542831420898,4.910383224487305,6.730463027954102
C#CCCCCCCCCCCCCCCCCCCCCC=CC(=O)c1cc(OCCCC)c(OC)c(OC)c1O,4.884945869445801,6.734134197235107,5.809540033340454
O=C1Cc2cc(OCc3ccc(F)cc3)ccc2O1,4.5435075759887695,7.7019267082214355,6.1227171421051025
CC(C)=CCN1c2ccccc2Sc2ccccc21,4.746834754943848,3.803253173828125,4.275043964385986
Oc1oc2ccccc2c2ccc(OCCCCCCCC3CCN(Cc4ccccc4)CC3)cc12,,,
Clc1ccc2c(c1)C(c1ccncc1)NN2,4.914039134979248,6.66461992263794,5.789329528808594
O=[N+]([O-])OCCNCCCCNc1c2c(nc3ccccc13)CCCC2,7.859690189361572,4.65464448928833,6.257167339324951
CCCOc1cccc(C(=O)N2CCCC2C(=O)NC)c1,6.197240829467773,4.943589210510254,5.570415019989014
COc1cccc(C2OC(=O)c3ccccc32)c1OC,5.8723859786987305,5.414320945739746,5.643353462219238
O=C1c2ccccc2-c2nc3nnnn3nc21,4.122464656829834,3.952200412750244,4.037332534790039
COc1ccc2c(OCCCCCCCCCCN)cccc2c1,3.348818778991699,6.137524127960205,4.743171453475952
Cc1ccc(OCc2cccc(Br)c2)cc1,3.610898971557617,6.894198417663574,5.252548694610596
COc1cc2c(c3cc(OC)ccc3n2CCCC[n+]2ccc3ccccc3c2)ccc1O,,,
CC(=O)c1ccc(COc2nnc(Cc3ccccc3)o2)cc1,5.904155731201172,5.837977409362793,5.871066570281982
O=C1N=c2ccc(OCCN3CCOCC3)cc2=C1O,4.932310104370117,5.521819114685059,5.227064609527588
COc1ccc(C=CCC(=O)c2c(O)cccc2O)cc1,5.1566033363342285,5.495629787445068,5.326116561889648
O=c1oc2ccc(OCc3ccccc3)cc2cc1CO,4.576698303222656,7.283475875854492,5.930087089538574
O=C(C=CC=CC1=[N+](O)c2ccccc2N1CCO)c1ccccc1,5.004061698913574,5.697684288024902,5.350872993469238
COc1cccc(C2CC(=O)c3ccccc3O2)c1OC,6.815324783325195,4.91425371170044,5.864789247512817
Cc1cc2cc(C=CC(=O)c3ccc4c(c3)OCCO4)ccc2o1,5.510157585144043,5.977201461791992,5.743679523468018
C=CCOC(=O)c1cc2ccccc2oc1=O,5.573421955108643,6.077042102813721,5.825232028961182
O=C1CCc2ccc(OCCCCCCNc3c4c(nc5ccccc35)CCCC4)cc2N1,7.646753311157227,5.350108623504639,6.498430967330933
O=C1c2ccccc2C(=O)C1CCCN1CCCCCCC1,6.909392356872559,4.398877143859863,5.654134750366211
COc1ccc(CNC(=O)C=CC=Cc2ccc3c(c2)OCO3)cc1,4.135422229766846,5.580071926116943,4.8577470779418945
Cc1c2ccccc2nc2ccccc12,4.183005332946777,4.28205156326294,4.232528448104858
COc1cc2c(cc1OC)C(=O)C1(O)CCC(C2=O)C3OC1CC2C3C(O)C1(O)OC(C)C2O,,,
CCOc1cc2c(cc1OC)C(=O)C(=O)C2=O,7.592726707458496,4.196498870849609,5.894612789154053
COc1cccc(C(=O)NC2CCCc3c2cnn3-c2ccc(OC)cc2)c1,4.845322132110596,4.740026473999023,4.79267430305481
Oc1occ2ccc(OCCCCCNc3c4c(nc5cc(F)ccc35)CCCC4)cc12,7.801831245422363,5.733144760131836,6.7674880027771
COc1ccc(C=CC(=O)c2ccc3c(c2)OCCO3)cc1,5.1552276611328125,5.768645286560059,5.4619364738464355
COc1ccc2c(c1)OC(=O)C=C2c1ccc(OC(=O)c2ccc(Cl)cc2)cc1,5.393100261688232,6.110296249389648,5.75169825553894
CN=c1scc(-c2ccc3c(c2)CCCC3)n1N=Cc1ccc(O)c(O)c1,6.350847244262695,5.503105640411377,5.926976442337036
N#Cc1c2c(c(Cl)c3ccccc3[n+]1O,,,
COc1cc2c(cc1OC)C1=NOC(CSc3ccc(OCCCCN4CCCCC4)cc3)C1CO2,6.680830955505371,5.914731979370117,6.297781467437744
CCOc1ccc2c(=O)c3ccccc3sc2c1,5.304731845855713,4.844422340393066,5.07457709312439
CN(C)C1CCC(CC=CCCC(=O)c2ccccc2)CC1,5.3381524085998535,3.090690851211548,4.214421629905701
C3c1ccc(-c2ccc(OCCCCNc3c4c(nc5cc(C)ccc35)CCCC4)cc2)cc1,,,
O=C1CCc2ccc(OCCCCCNc3c4c(nc5cc(Cl)ccc35)CCCC4)cc2N1,8.032444953918457,5.358536720275879,6.695490837097168
COc1ccc(-c2c3c(=O)n(C)c4ccccc4n3c2)cc1,,,
O=c1c2ccccc2oc2c3c(O)c(O)ccc3coc12,,,
COc1cc2c(cc1OC)C=C(CCCOc1ccc(C)cc1)CC2,5.35630464553833,5.8331499099731445,5.594727277755737
O=C1Oc2cc(OCCC3CCN(Cc4ccccc4)CC3)ccc2C2=CCCC12,6.785727024078369,5.72597599029541,6.25585150718689
NC1=NC(=O)C(c2ccc(Cl)cc2)C1,6.001079559326172,6.990340232849121,6.4957098960876465
Cc1c2c3c(c(=O)oc2cc1O)CCC3,,,
CCN=C4CCCC1C(=O)OC2OC(=O)c3cocCCCCCC=CCCC(=NOC)c3ccccc3OC2=O)C4Oc2cc(OC)ccc21,,,
CC1=NN(c2cccc(Cl)c2)C(=O)C1=Cc1ccccc1OCCCCCCCCCN1CCCC1,6.556611061096191,5.522246837615967,6.039428949356079
O=C(Cl)c1ccc2c3c1OC(COc1ccc(C(=O)NC4CCCCC4)cc1)C3,,,
O=C(O)c1cccc2c1Oc1ccccc1C2,5.662569999694824,5.186032295227051,5.4243011474609375
O=C1c2ccccc2-c2nnc(-c3ccccc3)cc21,4.993725299835205,5.196288108825684,5.095006704330444
O=C(C=Cc1ccc2c(c1)OCO2)NCc1ccccc1,4.504155158996582,5.766894817352295,5.1355249881744385
Fc1ccc(C#Cc2csc(CSc3nc4ccccc4s3)n2)cc1,5.571774482727051,7.411872863769531,6.491823673248291
O=C1C(=O)C(c2ccccc2O)Oc2ccccc21,6.91921329498291,5.000524044036865,5.959868669509888
O=C(O)c1ccc(-c2ccc(C=CC3CCN(Cc4ccccc4)CC3)o2)cc1,5.319736957550049,4.772837162017822,5.0462870597839355
Cc1ccc(CCCCCCCNc2c3c(nc4ccccc24)CCCC3)o1,8.04815673828125,4.5688157081604,6.308486223220825
CN(CCCOc1ccc2oc3ccc(CN4CCCC4)cc3c2c1)C(=O)C(C)(C)C,5.855172634124756,4.317283630371094,5.086228132247925
O=C(CCc1c[nH]c2ccccc12)NCCCCCCCCCCNc1c2c(nc3cc(Cl)ccc13)CCCC2,8.655036926269531,4.874345302581787,6.764691114425659
Cc1cc2c(Oc3ccc(F)cc3)c3ccoc3nc2cc1,5.635216236114502,5.88847541809082,5.761845827102661
COc1ccc(C(=O)N2CCCCc3ccccc32)cc1,4.641602516174316,4.577908515930176,4.609755516052246
O=c1ccoc2ccc(OCc3ccncc3)cc12,4.426148891448975,7.074062347412109,5.750105619430542
Fc1ccc(-c2nc3c(c(-c4ccc(F)cc4)[n+]2-c2ccc(F)cc2)cc1,,,
Cc1nc2c3ccccc3c(O)c-2oc1=O,,,
Cc1nc(=O)c2cc(OCCCCCCCN)ccc2o1,4.209629535675049,7.443410873413086,5.826520204544067
CC(=O)c1c(C)c2cnc(OCc3cccc(Br)c3)nc2oc1=O,5.532005786895752,7.376547813415527,6.45427680015564
CSc1cc2c(OCCCCC(=O)O)c(C)n(CCc3ccccc3)c2cc1,4.963666915893555,5.634890556335449,5.299278736114502
CN1CCC2(C)c3cc(OCCCCc4ccccc4)ccc3N(C)C12,5.505571842193604,6.250237464904785,5.877904653549194
Cc1c2ccc3cccc(O)c3n2n1,,,
CCOC(=O)c1sc2cccc(OC)c2c1CN1CCCCC1,6.105952739715576,3.9598073959350586,5.032880067825317
C#CCCCOc1ccc2c(c1)Cc1c-2c[nH]c2ccccc12,,,
Cc1cc(=O)oc2cc(OCCCCCCCCCNc3c4c(nc5ccccc35)CCCC4)ccc12,7.268556118011475,5.519707202911377,6.394131660461426
CC1CCCN1c1cc2nc(O)cc(C3CCCC3)c2o1,5.7984113693237305,6.037831783294678,5.918121576309204
O=C1c2ccccc2-c2nc3nnnn3nc21,4.122464656829834,3.952200412750244,4.037332534790039
CC(=O)OCC1OC(n2c3ccccc3c3cccc(C)c32)C=CC1O,5.194792747497559,4.934690952301025,5.064741849899292
O=C1CCCc2cc(OCc3cccc(Br)c3)ccc21,4.132736206054688,7.569566249847412,5.85115122795105
COc1cc2c(Oc3ccc(CC(C)N)cc3)ncnc2cc1OCCC1CCN(C)CC1,4.755978107452393,5.633792400360107,5.19488525390625
O=c1ccoc2ccc(OCc3cccc(Cl)c3)cc12,3.9927244186401367,7.384789943695068,5.6887571811676025
C=C1C=C(N2CCOCC2)Cc2ccccc21,4.914342403411865,5.652751445770264,5.2835469245910645
Fc1ccc(-c2csc(NN=C3CCCCC3)n2)cc1,5.689570903778076,7.334211349487305,6.51189112663269
CCOc1ccc2c(=O)oc3ccccc3c2c1,5.485243320465088,5.772400379180908,5.628821849822998
O=C1c2ccccc2C(=O)C1c1ccc2c(c1)OCO2,6.728742599487305,5.876420021057129,6.302581310272217
O=CC1CCCc2cc(OCc3ccc(F)cc3)ccc21,3.811890125274658,7.055231094360352,5.433560609817505
O=C1c2ccccc2-c2nnc(-c3ccccc3)cc21,4.993725299835205,5.196288108825684,5.095006704330444
O=C(OCC1CCCCC1)C1COc2ccccc2O1,5.867708683013916,5.48783016204834,5.677769422531128
Cc1cc(C2=NOC3CCCC3C2=O)on1,5.748193740844727,6.362472057342529,6.055332899093628
O=C(NCCCCCCCCCNc1c2c(nc3ccccc13)CCCC2)c1cc(=O)c2ccccc2o1,8.268152236938477,4.684422016143799,6.476287126541138
O=C1CCc2cc(OCCCCC3CCN(Cc4ccccc4)CC3)ccc2N1,6.699450492858887,4.964510440826416,5.831980466842651
COc1cc(C=C2COc3ccccc3C2=O)ccc1O,5.700611591339111,6.288788318634033,5.994699954986572
O=C(CCc1c[nH]c2ccccc12)NCc1cccs1,4.7147626876831055,5.269523620605469,4.992143154144287
Cc1c(C)c2ccc(OCCOc3ccc(O)cc3)cc2oc1=O,5.618735313415527,7.498621940612793,6.55867862701416
COc1cccc2c1C(=O)c1c(O)c3c(c(O)c1C2=O)CC(O)(C(C)=O)CC3OC1CC(O)C(O)C(O)C1O,6.807404518127441,4.051688194274902,5.429546356201172
O=C1NC(=O)c2cc(OCCCCCCCNc3c4c(nc5ccccc35)CCCC4)ccc21,8.236186981201172,5.938425540924072,7.087306261062622
O=C(OCC1CCC2C3CC(O)C45CCC4(O)C1Oc4c(O)ccc5c4C12CCN(CC1CC1)C3C5)c1ccccc1,,,
O=c1c2ccccc2oc2cc(OCc3ccccc3)ccc12,4.571112155914307,5.800258636474609,5.185685396194458
O=C(c1cc2cc(O)ccc2oc1=O)N1CCCCC1,6.50944185256958,4.61912727355957,5.564284563064575
CNC(=O)C(=O)C=Cc1ccc2c(C)cccc2c1,5.901302337646484,7.028665542602539,6.464983940124512
COc1cc2c(cc1OC)C(=O)c1cc(F)ccc1O2,6.020596504211426,4.96776008605957,5.494178295135498
CC(=O)C=CC1CC(=O)C(O)(c2ccc(Cl)cc2)C1,3.383530139923096,6.264284610748291,4.823907375335693
CCOC1=CC=CC2CNCCC=CCCCCCNC(=O)CCCCCCNc3c4c(nc5ccccc35)CCCC4)C2=C1,,,
CC(=NCc1ccc2c(c1)OCO2)C1CCCCC1,5.357384204864502,5.628700256347656,5.493042230606079
CCOc1ccc2c(c1)c1c(c2cccnc2C#N)CCC1,,,
N#CCc1c2c([n+]3ccc(C#Cc4ccccc4)cc3)c(C3CCCCC3)cc1-2,5.406045913696289,6.0371413230896,5.721593618392944
CC(CCCNc1c2c(nc3ccccc13)CCCC2)CCCCCNc1c2c(nc3ccccc13)CCCC2,8.16094970703125,4.009187698364258,6.085068702697754
Clc1cccc2c1CC2=NNC1CCCCC1,5.461160659790039,4.911595344543457,5.186378002166748
Cc1ccc2onc(-c3cccc([N+](=O)[O-])c3)c2c1,5.20702600479126,5.84553337097168,5.52627968788147
CC(=O)NC1CCCc2cc(OCc3ccccc3)ccc21,3.860317707061768,5.3257036209106445,4.593010663986206
C#CCN(C)Cc1cc2cc(OC)ccc2n1C,4.687258243560791,6.898007392883301,5.792632818222046
CC(=O)c1ccc(NC2CCCCC2NC(=O)C=CC=CCCC(=O)Nc2cccc(C)c2)cc1,4.101874351501465,4.859114646911621,4.480494499206543
CC(=Nc1nc(-c2ccccn2)cs1)c1cccs1,4.623199462890625,6.931502819061279,5.777351140975952
CN1CCc2cc(OCCCCCN3CCCCC3)ccc2C1,5.903521537780762,4.739466190338135,5.321493864059448
O=c1ccoc2ccc(OCc3ccc(Cl)c(Cl)c3)cc12,3.6980581283569336,7.538026809692383,5.618042469024658
O=C1NC(=O)C(=Cc2ccc3c(c2)OC(F)(F)O3)S1,6.796452522277832,4.5288615226745605,5.662657022476196
O=S(=O)(c1ccc2c(c1)CCCC2)c1ccccc1,5.029380798339844,4.123105049133301,4.576242923736572
COc1cc2c3c(c1)C(=O)CC(C)C3=O,,,
COc1cccc(C=C2CCCN=C2c2ccccc2OC)c1,5.589354038238525,4.612992286682129,5.101173162460327
O=c1oc2ccc(OCc3cccc(Cl)c3)cc2cc1CO,4.10178804397583,7.785345077514648,5.943566560745239
CN1CCC2Oc3c(O)cccc3CC2C1,4.513777732849121,4.643055438995361,4.578416585922241
CN1N=C(c2ccccc2)CC1c1cccc(Cl)c1,6.2329840660095215,5.919118404388428,6.076051235198975
O=C(NCCCCCCCCCCNc1c2c(nc3cc(Cl)ccc13)CCCC2)c1ccc(O)cc1,8.921207427978516,4.57407283782959,6.747640132904053
O=C1Cc2c(OCCCCCCCCNc3c4oc(-c5ccccc5)cc(=O)c4cc3O)cccc2O1,,,
CCOc1c2c(c(OC)c3c1C(CO)CC3)OC(=O)C2C,7.02117919921875,3.8630199432373047,5.442099571228027
O=C(C#Cc1ccccc1)N1CCN(CCc2ccc(F)cc2)CC1,5.219181060791016,5.25108003616333,5.235130548477173
COc1cc2c(cc1OC)C(=O)C(Oc1ccc(CCCN3CCN(C)CC3)cc1)C2,6.250184059143066,4.616244316101074,5.43321418762207
O=C1c2ccccc2C(=O)N1CCCCCCCNc1c2c(nc3ccccc13)CCCC2,8.081279754638672,4.836082458496094,6.458681106567383
C#CCN(C)Cc1ccccc1OCCCCCCNc1c2c(nc3ccccc13)CCCC2,5.812136173248291,5.033635139465332,5.4228856563568115
C#CCN(C)Cc1cc2cc(OCCC3CCCCC3)ccc2n1C,5.809948444366455,6.4715986251831055,6.14077353477478
COc1cc2c(cc1OC)CC(CC1CCN(Cc3coc(O)n3)CC1)C2,6.033331394195557,4.413509845733643,5.2234206199646
O=C(CCc1c[nH]c2ccccc12)NCCCCCCCNc1c2c(nc3cc(Cl)ccc13)CCCC2,8.849974632263184,4.756557464599609,6.8032660484313965
O=C1CCCc2cc(CCCCCCCOc3ccc4c(c3)CCC4CNC(=O)C3CCCC3)ccc21,5.781341552734375,5.675410747528076,5.728376150131226
CCOc1ccccc1OCCCCCNc1c2c(nc3ccccc13)CCCC2,6.661156177520752,4.73247766494751,5.696816921234131
O=C(CCCC(=O)Nc1c2c(nn3ccccc13)CCCC2)c1ccc(F)cc1,,,
O=[N+]([O-])c1ccc(C=NNc2cc(N3CCCC3)nc(N3CCCCC3)c2)cc1,5.6248779296875,5.270974159240723,5.447926044464111
Cc1c(C)c2cc3c(cc2oc1=O)OCO3,5.877829551696777,6.237669467926025,6.057749509811401
O=C(C=Cc1ccccc1Cl)NCCCCCNc1c2c(nc3ccccc13)CCCC2,6.568984031677246,4.793435573577881,5.6812098026275635
CNC(=O)C=Cc1cc2c(c3ccccc3c2c1)OCO2,,,
O=C1c2ccccc2-c2nnc(-c3cc(F)cc(F)c3O)cc21,5.768647193908691,5.601321220397949,5.68498420715332
COc1oc2ccc(OCCCCCN3CCCCC3)cc2c1C(=O)c1ccccc1,6.081171989440918,5.067379951477051,5.574275970458984
O=c1oc2cc(OCCCCCCCNc3c4c(nc5cc(F)ccc35)CCCC4)ccc2o1,7.631427764892578,5.959884166717529,6.795655965805054
Cc1cccc(C(=O)Nc2cccc(CN3CCOCC3)c2)c1,4.925922870635986,4.211082458496094,4.56850266456604
O=C(CCC1CCN(Cc2ccc(Cl)cc2)CC1)c1cc2c3c(ccn3C(=O)CC2)[nH]1,,,
C#CCNCC1CCc2ccc(O)cc21,4.308730125427246,4.9378662109375,4.623298168182373
CC1CCN(CCOc2cccc(C(=O)c3ccccc3)c2)CC1,5.85199785232544,4.202508449554443,5.027253150939941
Clc1ccc2c(c1)N(CCCC1CCNCC1)c1ccccc1S2,5.5159454345703125,4.138064384460449,4.827004909515381
O=C1C=CC(=O)N1c1ccccc1Cc1ccccc1,4.869819641113281,4.875359535217285,4.872589588165283
N#CC1=Nc2c(O)cccc2C2=NCCCCCC2CO1,6.241641998291016,5.367061614990234,5.804351806640625
Cn1c(=O)c2c(nc(C=Cc3cccc(Cl)c3)n2C)n(C)c1=O,5.811236381530762,6.112639904022217,5.961938142776489
NCCCCCCCCCNc1c2c(nc3cc(Cl)ccc13)CCCC2,7.23185396194458,4.61706018447876,5.92445707321167
Cc1ccc2c(c1)C(=O)c1ccccc1C2=O,4.400156497955322,6.590634346008301,5.4953954219818115
CCCCC(=O)Nc1ccc(N2CCOCC2)c(F)c1,4.9840989112854,5.608551502227783,5.296325206756592
O=C(c1ccc(OCCCCCSc2ccc(F)cc2)cc1)c1ccco1,4.733085632324219,6.185726642608643,5.459406137466431
COc1cc2c3c(-c4cccc(OCCCCCCCNc5c4c(nc5)CCCC4)oc3ccccc3)c(C)nc2cc1OC,,,
CCCOc1ccccc1C(=O)NCCCCCCCNc1c2c(nc3cc(Cl)ccc13)CCCC2,8.229005813598633,4.775350570678711,6.502178192138672
O=C(C=CCC=Cc1ccc2c(c1)OCO2)N1CCCCC1,5.705302238464356,5.489236831665039,5.597269535064697
O=C(CCc1c[nH]c2ccccc12)NC1CCCCCC1,4.705210208892822,4.660961151123047,4.683085680007935
Cc1c(C)c2ccc(OCCCCCCCCNc3c4c(nc5ccccc35)CCCC4)cc2oc1=O,7.037075042724609,5.742849826812744,6.389962434768677
O=c1oc2cc(OCCCCCCNc3c4c(nc5cc(Cl)ccc35)CCCC4)ccc2cc1CO,7.489233493804932,5.483916282653809,6.48657488822937
O=C(Cc1ccc(Cl)cc1)N1CCCCc2cc(C(O)=NO)ccc21,4.7450337409973145,5.23010778427124,4.987570762634277
CCCCCCN1C2CCC1CC(OC(=O)Cc1ccc(OC(=O)CCCCC)cc1)C2,5.432084083557129,4.4883880615234375,4.960236072540283
Cc1cc2cc(C3=NC(=CCCOc4ccccc4)ONC3=O)ccc2o1,6.286363124847412,6.026888847351074,6.156625986099243
C#CCN(C)C1CCc2c(O)cccc21,3.3779103755950928,6.799543380737305,5.088726878166199
CN1C2CCC1CC(OC(=O)CCCCCCCCNc1c3c(nc4ccccc14)CCCC3)C2,7.423263072967529,4.443928241729736,5.933595657348633
C=C1c2ccccc2C(=O)C1=CC=Cc1ccco1,4.811430931091309,6.939553260803223,5.875492095947266
O=c1onc2ccc(OCCCCCCNc3c4c(nc5ccccc35)CCCC4)cc12,,,
CC(C)C1=NOC2COC3COCOC3C2O1,5.82694149017334,5.601447582244873,5.7141945362091064
CCOC(=O)c1sc2cc(OC)ccc2c1C,5.705812454223633,5.109165668487549,5.407489061355591
c1ccc(-c2coc3ccc(OCC4CCCCC4)cc23)cc1,4.974668025970459,5.613685131072998,5.2941765785217285
Nc1c(Cl)cccc1C(=O)NCc1ccccc1,5.448818206787109,4.182399749755859,4.815608978271484
CN(C)CCOc1ccc2c(c1)OC(=O)C1CCCC=C21,4.817164421081543,5.617320537567139,5.217242479324341
COc1ccc(CC(=O)c2c(F)cccc2F)cc1OC,5.472649097442627,5.372883796691895,5.422766447067261
COc1cc2c(cc1OC)CC(NCCCCCCCCNc1c3c(nc4ccccc14)CCCC3)C2,7.90607738494873,4.379659175872803,6.142868280410767
COC(=O)c1ccc2oc3ccc(OC)cc3c(=O)c2c1,4.893166542053223,5.02182149887085,4.957494020462036
CCc1ccc(OCc2ccc(C(=O)Oc3cccc(C)c3)o2)cc1,5.389490604400635,5.706542015075684,5.548016309738159
NC1=NC(=O)C(c2ccc3ccccc3c2)=N1,5.190983295440674,6.206221103668213,5.698602199554443
CCc1cc2c(=O)c(-c3ccccc3)c(C#CCCCCCNc3c4c(nc5ccccc35)CCCC4)oc2cc1O,6.679121494293213,4.595181941986084,5.637151718139648
Cc1c2c3c(c(=O)oc32)oc1C,5.74700403213501,3.596750020980835,4.671877026557922
Fc1ccc(C=Cc2cc(-c3cccc(Cl)c3)no2)nc1,4.991275310516357,6.492485046386719,5.741880178451538
CN=C1CCc2c1n(C)c1ccccc21,4.662869930267334,4.914273262023926,4.78857159614563
COc1cc2c(cc1OC)CCC2=O,6.796857833862305,5.122267246246338,5.959562540054321
O=C(COCc1ccco1)Nc1ccc2c(c1)OCO2,5.039145469665527,5.376423358917236,5.207784414291382
Cc1c2c3c(cccc3c(O)n1CCCCc1ccccc1)CCCC3,,,
c1ccc2c(c1)NNC2=C1N=c2ccc(OCCN3CCCC3)cc2=N1,6.073822975158691,5.594693183898926,5.834258079528809
COc1cc2c(C)nc3ccc(C(=O)NCCCCCCCCN4CCCCC4)cc3c2cc1OC,7.675409317016602,4.976412773132324,6.325911045074463
CCOc1ccc(-c2cc3sc(N(C)C)nc3s2)cc1OC,6.587282180786133,6.402862548828125,6.495072364807129
CNCC#Cc1cc2ccc(OC)cc2oc2cc3c(cc12)C1OC(C)=O)CCC31,,,
CCN1CCN(CCCC(=O)Nc2ccc(C#N)cc2)CC1,5.102560997009277,4.564445495605469,4.833503246307373
COc1cc2c(cc1OC)C1(CCCC1)CC2=C1CCN(C)CC1,5.599030494689941,4.838303565979004,5.218667030334473
C=CCc1cccc2c1OC(=O)C2=O,4.684019565582275,6.167359352111816,5.425689458847046
O=C1NCC2c3c(cccc31)CC2CNCCc1ccccc1,5.60706090927124,5.197314262390137,5.4021875858306885
O=C1NC(=O)C(=Cc2ccc(Oc3ccccc3)cc2)CCN1,5.716728210449219,5.993683338165283,5.855205774307251
FC(F)(F)c1ccc(-c2nc3cc(Cl)ccc3o2)cc1,5.291174411773682,6.308277130126953,5.799725770950317
COc1cc2c(c(OC)c1OC)C1CCCCC1C2=NO,4.510260581970215,4.355408191680908,4.4328343868255615
CC1CCCN1CCCOc1ccc(C2=NN(Cc3ccccc3)C(=O)CC2)cc1,6.411910533905029,5.605620861053467,6.008765697479248
Cc1ccc(C(=O)C=Cc2ccc(F)cc2)o1,5.010676383972168,6.30625581741333,5.658466100692749
O=c1ccoc2ccc(OCc3cccc(F)c3)cc12,4.32271146774292,7.554746150970459,5.9387288093566895
O=C1Nc2ccc(COc3ccc(F)cc3)cc2C1=O,4.735776901245117,7.501472473144531,6.118624687194824
CC(C)(C#CCCCCCCNc1c2c(nc3ccccc13)CCCC2)CN1CCCCC1,7.799432754516602,3.8942131996154794,5.84682297706604
O=O(C[n+]1coc2ccccc2c1=O)c1ccc(F)cc1,,,
O=C1Cc2cc(OCCCCCCNc3c4c(nc5ccccc35)CCCC4)ccc2N1,7.799796104431152,5.250316619873047,6.5250563621521
O=C(Cc1ccccc1)N1OCC(COc2cccc3ccccc23)CC1=O,5.504096508026123,5.173323631286621,5.338710069656372
Cc1ccc(CC2=CC=CC2=O)cc1I,4.948619842529297,6.351696968078613,5.650158405303955
O=C(C=Cc1ccccc1[N+](=O)[O-])NCc1cccs1,4.696218013763428,5.037975788116455,4.867096900939941
O=C1N=C(c2ccccc2)N=C1Cc1cccs1,5.574250221252441,5.091609001159668,5.332929611206055
CCc1c2c(nc3ccc(OCc4ccccc4)cc13)CCCC2,5.092113494873047,5.35203218460083,5.2220728397369385
COc1ccc(C2CC(=O)c3ccc(C)cc3O2)cc1OC,6.069943428039551,5.634839057922363,5.852391242980957
O=C1Nc2ccccc2C1=O,4.581728935241699,5.809771060943604,5.195749998092651
CCOc1ccc2c3c(oc2c1)CCC3CC(=O)O,4.564109802246094,4.283203601837158,4.423656702041626
CN=c1oc2ccccc2cc1COC(=O)CCCCCCCCNc1c2c(nc3cc(Cl)ccc13)CCCC2,7.233327865600586,5.230661392211914,6.23199462890625
CC(c1ccccc1)N1CCCC1=O,5.538536548614502,4.910083770751953,5.2243101596832275
Fc1ccc(COc2ccc(OCCCNc3c4c(nc5ccccc35)CCCC4)cc2)cc1,6.048394203186035,5.595390319824219,5.821892261505127
Clc1ccc(-c2cc3ccccc3oc2=NNc2ccccc2)cc1,5.170113563537598,5.302334785461426,5.236224174499512
CCC(=O)Nc1ccc2c(c1)cc(CC)c1ccncc12,5.287181854248047,5.794741153717041,5.540961503982544
O=C(CBr)Oc1ccc2ccc(=O)oc2c1,6.315249443054199,5.224359035491943,5.769804239273071
CC(=O)Nc1ccc2c(c1)c(C1CCN(CCNCc3ccc(F)cc3)CC1)c(C)n2C,5.868204116821289,4.831264495849609,5.349734306335449
NCCNCCCCCCN=C1CC(=O)c2ccccc2C1=O,4.426675319671631,5.616932392120361,5.021803855895996
C=CCC1Oc2cccc(Cl)c2-c2ccc3c(c21)CC(C)(C)OC3,4.836095333099365,5.346151828765869,5.091123580932617
CCOc1cc2c(cc1OC)C(=O)C(Cc1ccc(Cl)cc1)C2,6.196906089782715,5.021425247192383,5.609165668487549
O=C(CCCCCCCCCCCCCCNc1c2c(nc3cc(Cl)ccc13)CCCC2)Oc1ccc(F)cc1,7.372889518737793,5.522923469543457,6.447906494140625
Cc1sc2ncnc(NC3CCCCC3C)c2c1C,5.16596269607544,6.932981967926025,6.049472332000732
CC#CCn1c(O)c2c(c1O)C(c1ccc(O)cc1)OC2,4.830286979675293,4.925905704498291,4.878096342086792
COC(=O)CCc1cccc2c1C(=O)c1c(O)cccc1C2=O,5.2590203285217285,6.065783500671387,5.662401914596558
Fc1ccc(-c2ccc3occc3c2)c(F)c1,4.081844329833984,6.949221611022949,5.515532970428467
C#CC1(O)CCC2C3CC=C4CC(=O)CCC4=C3C(c3ccc(OC)cc3)CC21C,5.100409030914307,8.15461540222168,6.627512216567993
CC[n+]1cccc2ccccc2c2ccccc21,4.2578444480896,5.343904972076416,4.800874710083008
O=[N+]([O-])c1cc2ccccc2cc1OCCCCCCCCCCNCCCCCCNc1c2c(nc3cc(Cl)ccc13)CCCC2,7.383944034576416,5.427166938781738,6.405555486679077
CC=C1CCC2C1=CC=CC1CCC(=O)O21,,,
O=C(CCCCCCNc1c2c(nc3cc(Cl)ccc13)CCCC2)NC1CCCCC1,8.03927230834961,4.434781074523926,6.237026691436768
NC(=O)C(CO)Nc1cccc(S(=O)(=O)c2ccccc2)c1,5.9212727546691895,4.807336330413818,5.364304542541504
O=C(CCCCCCC(=O)NCCCNc1c2c(nc3ccccc13)CCCC2)OCc1ccccc1,7.529350280761719,4.673481464385986,6.1014158725738525
Cc1oc(=O)c2ccc(OCC(=O)NCCc3ccc(Cl)cc3)cc2o1,,,
c1ccc2sc(CCC3CCCN3)nc2c1,5.106628894805908,4.71879768371582,4.912713289260864
c1ccc2c(CCC3CCNCC3)c[nH]c2c1,5.306417942047119,4.088864803314209,4.697641372680664
CN(C)c1ccc(C=Cc2ccc3cc(C#N)ccc3[n+]2C)cc1,5.584015846252441,7.003176689147949,6.293596267700195
Nc1ccc(C(=O)Oc2cccc(C(=O)c3ccc(O)cc3)c2)cc1,6.2333831787109375,4.510443687438965,5.371913433074951
COc1cc2c(C=O)c(O)c(OC)c(OC)c2c(=O)o1,6.403204441070557,3.418828010559082,4.911016225814819
c1ccc2c(c1)CCC2=CCNCCCCCCCNc1c2c(nc3ccccc13)CCCC2,7.855111598968506,4.432371139526367,6.1437413692474365
O=C1CCc2ccc(OCCCCCNc3c4c(nc5cc(Cl)ccc35)CCCC4)cc2N1,8.032444953918457,5.358536720275879,6.695490837097168
CSc1sc(C=CCc2cccc([N+](=O)[O-])c2)nc1C,6.2544050216674805,5.9485273361206055,6.101466178894043
C#CCN(C)Cc1cc2cc(OCCC3CCCN3C)ccc2n1C,5.469773769378662,6.409768104553223,5.939770936965942
COc1cc2c(cc1OC)C(=O)C(Oc1ccccc1)C2,7.332242965698242,4.466820240020752,5.899531602859497
N#CCCCCCCCCCNc1c2c(nc3ccccc13)CCCC2,7.003041744232178,4.72031307220459,5.861677408218384
O=C1CCc2ccc(OCCCCCNc3c4c(nc5ccccc35)CCCC4)cc2N1,7.586212158203125,5.279542446136475,6.4328773021698
CC1CCCN(CCCCCCCNc2c3c(nc4ccccc24)CCCC3)C1,8.11778736114502,3.709806442260742,5.913796901702881
COc1ccc2c(c1)CCC2=Cc1ccc(C(C)O)o1,4.673030853271484,5.38925313949585,5.031141996383667
CC(=O)NC1=C(C)OC2CC3CCC1CN3C2=O,4.734852313995361,4.534196853637695,4.634524583816528
COc1cc2c(cc1OC)-c1cc3c(C)nccc3oc1=O,,,
O=C(CCCCCCCCCCCOCCCCCCCNc1c2c(nc3ccccc13)CCCC2)OCc1ccccc1,6.552759647369385,5.526236534118652,6.0394980907440186
CC(=O)N1N=C(c2ccc(OCc3ccccc3)cc2)CC1c1ccccc1F,6.541984558105469,6.341250419616699,6.441617488861084
COc1ccc(C(=O)Nc2cc(C)c3cccnc3c2O)cc1,5.469049453735352,4.889865875244141,5.179457664489746
NC(=O)c1ccc(C=Cc2ccc3ncccc3c2)cc1,4.423279762268066,7.0787763595581055,5.751028060913086
O=c1ccoc2cc(OCc3ccccc3)ccc12,4.428763389587402,6.644820690155029,5.536792039871216
O=C1CCc2cc(OCCCCCOc3ccc(Br)cc3)ccc2N1,4.85790491104126,7.161484718322754,6.009694814682007
Fc1ccc(-c2ccc3c(-c4ccc(OCCN5CCCCC5)cc4)coc3c2)cc1,4.989965915679932,5.972003936767578,5.480984926223755
COc1cc2c(cc1OC)C(=O)C(=O)C2=NNc1ccccc1,7.041956901550293,4.4473490715026855,5.744652986526489
COc1cc2c3c(c1)c1c(n3CCCCC1)CCCC2,6.225666046142578,4.546442031860352,5.386054039001465
O=C(C=Cc1ccco1)C=C1C=CC(=O)c2ccccc21,4.18593168258667,7.138348579406738,5.662140130996704
COc1cc2oc(COc3ccc(C)cc3)nc2cc1OC,5.0535888671875,6.041799068450928,5.547693967819214
Clc1ccc2c(NCCCCCCNc3c4c(nc5ccccc35)CCCC4)c3c(nc2c1)CCCC3,9.209940910339355,3.9625396728515625,6.586240291595459
CC(C)=CCC(C)=CCCCCC(C)=CCC(=O)O,4.11644458770752,4.108127117156982,4.112285852432251
Cc1ccc2c(OCCCCCCc3c[nH]c4ccccc34)coc2c1,5.250509738922119,6.028331756591797,5.639420747756958
CC(=O)c1ccc(OCCCCCCCCNc2c3c(nc4ccccc24)CCCC3)cc1,7.143824100494385,5.260004997253418,6.201914548873901
CNC1CCc2cc(OC(=O)c3ccc(Cl)cc3)ccc21,4.988767147064209,5.327887058258057,5.158327102661133
O=C1CCc2cc(OCCCCCNc3c4c(nc5ccccc35)CCCC4)ccc2N1,7.571162700653076,5.2855544090271,6.428358554840088
O=C(CCc1c[nH]c2ccccc12)N=O,4.876957893371582,6.274023532867432,5.575490713119507
c1ccc2c(c1)OCCO2,4.298874855041504,4.797863483428955,4.5483691692352295
CCCCNc1c2c(nc3occc13)CCCC2,6.056517601013184,4.624127864837647,5.340322732925415
O=C1CC(=O)c2cc(OCCCCCNc3c4c(nc5ccccc35)CCCC4)ccc21,8.026187896728516,5.304891109466553,6.665539503097534
O=c1ccoc2ccc(OCCCCN3CCCCC3)cc12,5.5105085372924805,5.574376583099365,5.542442560195923
O=C(O)c1c2ccccc2cc2c3c(O)occ3cccc12,,,
C#CCN(C)Cc1cc2ccccc2n1C,4.767837047576904,6.863556861877441,5.815696954727173
Cc1ccc2c(C3=O)coc2c1OCCCO3,4.80211067199707,4.770145893096924,4.786128282546997
CC(O)COc1cc2oc(=O)cc(CCCCCCCCCNc3c4c(nc5ccccc35)CCCC4)c2cc1OC(C)C,6.816818237304688,5.012557506561279,5.914687871932983
Cc1c(C)c2ccc(OCc3ccc(CCCC(N)CO)o3)cc2oc1=O,4.962770938873291,6.911158561706543,5.936964750289917
O=CNc1cc2c(cc1Cl)N(CCCCCCCCCCCCNc1c3c(nc4cc(Cl)ccc14)CCCC3)OCO2,8.232274055480957,5.509130477905273,6.870702266693115
O=C(Oc1ccccc1)C1CCN(Cc2ccc(OCc3cccc(Cl)c3)cc2)CC1,5.784641265869141,4.522375106811523,5.153508186340332
Fc1ccc(C2CCOCC2=NCCCCCCCNc2c3c(nc4ccccc24)CCCC3)cc1,7.028282165527344,5.330981254577637,6.17963171005249
C=C1C(=O)Oc2c1cc1c3cc(=O)oc3cc1cc(OC)ccc3n21,,,
COc1ccc(C=C(C#N)C(=O)NCC=CCCO[N+](=O)[O-])o1,6.725053310394287,5.076120853424072,5.90058708190918
COc1cc(C=CC=Cc2ccc3c(c2)OCO3)ccc1O,4.971189022064209,5.847105979919434,5.409147500991821
COc1cc2nccc(Oc3ccc(CC(=O)Nc4cc(C)on4)c(Cl)c3)c2cc1OC,6.406045436859131,4.745325088500977,5.575685262680054
NC(=O)Cc1sc2ccc(OCCCCN3CCCCC3)cc2c1CO,6.051164627075195,4.740660667419434,5.3959126472473145
CC(=O)c1cc(OCc2cccc(Cl)c2)ccc1OCCCCCN1CCOCC1,5.461519718170166,5.751998901367188,5.606759309768677
COc1cc2c(cc1OC)C1=C(CCN1C3CCC1CC3)CO2,,,
COc1cc(C(=O)NCCCCCCCCCNc2c3c(nc4ccccc24)CCCC3)cc(OC)c1OC,8.062153816223145,4.688230037689209,6.375191926956177
O=C(CC=Cc1ccccc1)Oc1ccc2c(C=O)coc2c1,5.529144763946533,5.92246150970459,5.7258031368255615
CCCSc1nc2ccccc2c2nc(-c3ccccc3)nn12,4.384654998779297,4.983510971069336,4.684082984924316
CCCN1CCN(CCCCC(=O)Nc2cc3c(cc2OC)CCCC3)CC1,6.219968795776367,4.050257205963135,5.135113000869751
c1ccc2c(c1)oc1ccccc12,3.664547920227051,3.7693495750427246,3.7169487476348877
O=C(C=Cc1cccc(OCc2cccc(Cl)c2)c1)Nc1ccccc1F,4.28483772277832,6.350798606872559,5.3178181648254395
Fc1ccc(OCCCc2c[nH]c3ccc(-c4cn[nH]c4)cc23)cc1,5.260363578796387,6.995140075683594,6.12775182723999
O=c1oc(=O)oc2cc(OCCCCCCCC[n+]3ccc(C4CC4)cc3)ccc12,6.851921558380127,7.34934139251709,7.100631475448608
O=C1CCCc2cc(OCCCCCNc3c4c(nc5ccccc35)CCCC4)ccc21,7.396288394927978,5.1468939781188965,6.2715911865234375
CN(Cc1ccccc1)Cc1ccc2nc(C3CCCCC3)c3c(c2c1)CCCC3,5.930230617523193,3.81895923614502,4.8745949268341064
CCOCCCNC(=O)c1cc2c(=O)n3ccccc3cc2o1,7.440906524658203,5.488395690917969,6.464651107788086
CC(=O)Nc1ccc2cc(CC3=NC(C)CO3)ccc2c1,5.19373083114624,4.988082408905029,5.090906620025635
COc1ccc(C=C2CN3CCCC3c3cc(OCCCCCCNc4c5c(nc6ccccc46)CCCC5)ccc32)cc1,6.47843599319458,5.437318325042725,5.957877159118652
CC(=NNc1nc2ccccc2o1)c1cc2ccccc2oc1=O,6.552735805511475,4.688457489013672,5.620596647262573
COc1cc2c(NC3CCCCC3)ncc(C#CCCCCNc3c4c(nc5ccccc35)CCCC4)nc2cc1OCCCCCC4,,,
O=C(c1ccc2ccoc2c1)N1CCCCC1,5.284576892852783,4.871500492095947,5.078038692474365
COc1ccc2oc3cc(OC)ccc3c(=O)c2c1,5.472501277923584,5.306041240692139,5.389271259307861
C#CCNC1CCc2ccccc21,3.722721338272095,6.786685466766357,5.254703402519226
COc1cc2c(cc1OC)C(=O)C(Oc1ccccc1)C2,7.332242965698242,4.466820240020752,5.899531602859497
CNC(=O)Oc1cccc(CN(C)CCCOc2ccc3ccc(=O)oc3c2)c1,8.336991310119629,6.018894672393799,7.177942991256714
c1ccc2c(CC3=NCCN3)c[nH]c2c1,5.320971965789795,5.4070587158203125,5.364015340805054
COc1cc2c(cc1OC)C(=O)C(=O)C2,6.3868842124938965,4.708658695220947,5.547771453857422
O=C(CCc1c[nH]c2ccccc12)NC1CCc2ccccc21,4.390796661376953,5.7756547927856445,5.083225727081299
COc1ccc(C=CC2C3CCCOC3CC3C(=O)OC(=O)C32)cc1,4.482105255126953,7.408936977386475,5.945521116256714
CC(=O)OC1CCC2C3CC=C4CC(=O)CCC4(C)C3CCC12C,4.072771072387695,7.2849626541137695,5.678866863250732
CC(=O)c1cccc2c1OC(CN(C)C)C2=O,6.69674825668335,3.783457279205322,5.240102767944336
CCOC(=O)C=Cc1cc(OC)ccc1OC,4.814810752868652,4.850996494293213,4.832903623580933
O=C1C=CC2=CC=CC(CC(=O)NCCCCCCCCCNc3c4c(nc5ccccc35)CCCC4)C2=O1,,,
CCC1CCCN1CCCOc1ccc(C2=C3CCC(C2)N3C)cc1,6.158472537994385,5.711806774139404,5.9351396560668945
Fc1cccc(Nc2cc3c(cc2F)cc(F)cc3c2)c1,,,
O=C(OCc1csc2ccccc12)c1cc2ccoc2s1,5.341797351837158,5.258870601654053,5.3003339767456055
COc1cccc(C#Cc2cccc(C3=NCCN3CCCCC3)c2)c1,,,
Clc1ccc(C=CC=CC=CCCCCCCNc2c3c(nc4ccccc24)CCCC3)cc1,6.037395477294922,5.162060260772705,5.5997278690338135
CCCCCCCCCCCCCCNCCCCCNCCC,4.571924686431885,4.883475303649902,4.7276999950408936
Oc1occ2ccc(OCCCCCN3CCCCC3)cc12,5.94179630279541,6.135617733001709,6.03870701789856
CNC1CCCC(c2ccccc2)C1,4.74098539352417,3.247555732727051,3.9942705631256104
O=C(O)C=Cc1ccc(Nc2ncc3c4cc(C(C)C)ccc4n(CCCCCCCC[n+]4ccccc4)c3n2)cc1,6.670883655548096,5.105448722839356,5.888166189193726
Fc1ccc(-c2csc(NN=C3CCCCC3)n2)cc1,5.689570903778076,7.334211349487305,6.51189112663269
CN(C)Cc1ccc2c3c(nccc13)C(=O)C2=O,5.423608779907227,4.488381385803223,4.955995082855225
COc1cc2c3c(c(OC)cc2cc1)CCN3C,5.156530857086182,5.78550386428833,5.471017360687256
COc1cc2c(cc1OC)CC(Cc1ccccc1)C2,4.880465984344482,3.626419305801392,4.253442645072937
CCC(=O)Nc1ccc2c(CCCc3ccccc3)oc(C)c2c1,5.584874153137207,5.049846172332764,5.317360162734985
CCCCNC1=C2CCC(=O)C=C2Oc2ccc(OC)cc2C1=O,4.999075412750244,5.629244804382324,5.314160108566284
CC#CC1CC2CC(CCCCC=CCC(=O)Oc3ccccc3)OC2C1,5.419527053833008,4.484819889068604,4.952173471450806
NC(=O)c1nc2ccc(OCCCCCCC3CCN(Cc4ccccc4)CC3)cc2s1,6.836647033691406,5.33705472946167,6.086850881576538
O=C(O)c1cc2cc([N+](=O)[O-])ccc2oc1=O,6.055942058563232,5.774744510650635,5.915343284606934
CC=C1CCc2c1[nH]c1ccccc21,5.794222831726074,6.337041854858398,6.065632343292236
Cc1c2c3c(c1C)CCC(CN)OC3,,,
CN(C)Cc1ccc(C=CC=Cc2cc[n+](C)cc2)o1,4.900361061096191,4.127945423126221,4.514153242111206
c1ccc2c(c1)NNC2=C1N=C2CCCCC2CN1,5.348432540893555,6.141857147216797,5.745144844055176
O=C(CCc1c[nH]c2ccccc12)NCCCCCCCNc1c2c(nc3ccccc13)CCCC2,8.341943740844727,4.630866050720215,6.486404895782471
COc1cc2c(cc1OC)C(=O)C(Oc1ccc(CCc3ccccc3)cc1)C2,6.536768913269043,5.15805721282959,5.847413063049316
O=C1c2ccccc2-c2nc3nnnn3nc21,4.122464656829834,3.952200412750244,4.037332534790039
COc1cccc(C#Cc2cc3c(=O)n(C)ccc3s2)c1,4.95518684387207,6.474790096282959,5.714988470077515
O=C(Oc1ccccc1)c1ccc2c(c1)OCCO2,6.170758724212647,5.172715663909912,5.671737194061279
CCc1ccc2c(CCCN)coc2c1,3.6521129608154297,5.103852272033691,4.3779826164245605
COc1ccc2c(=O)c(-c3cccc(OCCCCCCCCN4CCCCC4)c3)oc2c1,,,
OC1=COC2COc3cc(OCCCCCNc4c5c(nc6ccccc46)CCCC5)ccc3C21,6.580331802368164,5.769221305847168,6.174776554107666
O=C(CCc1c[nH]c2ccccc12)NC1CCCCC1,4.82362174987793,4.607039928436279,4.7153308391571045
CCCCN1CCC(Oc2ccc(C(=O)NC)cc2)CC1,6.714005470275879,4.717088222503662,5.7155468463897705
CC(=NNc1nc(-c2ccc(F)cc2)cs1)c1ccccc1,5.661822319030762,6.049778461456299,5.85580039024353
O=C(NCCCCCCCCNc1c2c(nc3ccccc13)CCCC2)c1c[nH]c2ccccc12,8.39973258972168,4.698598861694336,6.549165725708008
COC(=O)c1cc2c3ccoc3nccCC)cc3nc2o1,,,
CC1=NOC(=O)C1=Cc1ccc(Cl)cc1,4.482161521911621,7.707132339477539,6.09464693069458
CNC(=O)C=Cc1cc2ccccc2s1,4.77117395401001,6.770298004150391,5.7707359790802
CC#CCN(C)C1CCc2ccc(OCCCCCCCCNc3c4c(nc5cc(Cl)ccc35)CCCC4)cc21,6.6110920906066895,5.629166603088379,6.120129346847534
N#CCOc1ccc(C2CC(=O)Oc3cc(CCCC4CCN(Cc5ccccc5)CC4)ccc3C2=O)cc1,6.585184097290039,5.6178741455078125,6.101529121398926
Cc1ccc2c(c1)N=C(c1cccc(F)c1)C(C)CN2,6.403106689453125,5.603116989135742,6.003111839294434
C#CCN(C)Cc1cc2cc(OCCC3CCN(Cc4ccccc4)CC3)ccc2n1C,6.383633613586426,5.55838680267334,5.971010208129883
CCCN=C1CCC(CO)(COC(=O)c2ccc(Cl)cc2)OC1=O,3.888599634170532,5.760910034179688,4.82475483417511
COc1cc2c(cc1OC)C(=O)C(Oc1ccc(Cl)cc1)C2,6.568532466888428,5.155916213989258,5.862224340438843
Oc1occ2ccc(OCCCCc3ccccc3)cc12,4.476960182189941,7.029555320739746,5.753257751464844
Oc1cc2cc(OCCCCCc3ccccc3)ccc2o1,4.311862468719482,6.102571964263916,5.207217216491699
c1ccc(C=C2CCc3ccccc3C2)cc1,3.9744815826416016,4.771231174468994,4.372856378555298
CC(=O)NCCCCCCCCCNc1c2c(nc3cc(Cl)ccc13)CCCC2,8.468907356262207,4.554845809936523,6.511876583099365
C#CCNC1CCc2cccc(O)c21,3.745680570602417,6.373085975646973,5.059383273124695
COc1ccc(C=CCC(=O)Nc2ccc3c(c2)OCCO3)cc1OC,5.427698135375977,4.448916435241699,4.938307285308838
CC(C)=CCC=CC1=C(C)CCCC1=O,5.605482578277588,5.1402788162231445,5.372880697250366
O=C(C=Cc1ccccc1)NC1=CC=C(c2ccccc2)OC1=O,5.2507171630859375,6.1213579177856445,5.686037540435791
CC(=Cc1cccc(F)c1)COc1ccc2oc3ccccc3c2c1,4.151212692260742,6.552701473236084,5.351957082748413
CNc1oc(-c2ccc3ccccc3c2)nc1C#N,6.594925403594971,5.6546549797058105,6.124790191650391
O=C1C=Cc2cc(CC3CCN(Cc4ccc(OCc5ccccc5)cc4)CC3)[nH]c2=C1,,,
CCOc1ccc(CC(=O)N=C2Cc3ccccc3C2)cc1,5.266960144042969,4.913143634796143,5.090051889419556
O=C1Cc2c(OCCCCCCCNc3c4c(nc5ccccc35)CCCC4)cccc2N1,7.761133193969727,4.991171360015869,6.376152276992798
Cc1cc2c(OCc3cccnc3)cccc2oc1=O,4.952167987823486,6.888637542724609,5.920402765274048
O=c1cc(CCCC2CCCCO2)oc2cc(O)ccc12,5.496266841888428,4.592714786529541,5.044490814208984
CC(=O)C=C1CC(=O)Oc2cc(OCc3cccc(Cl)c3)ccc21,3.955258369445801,6.795366287231445,5.375312328338623
CCc1cc2c3c(c1)C(=O)N(C)C2=O,,,
FC(F)(F)c1ccc(-c2cnc(OCC3CCCN(Cc4ccccc4)C3)o2)cc1,6.227638244628906,5.971574783325195,6.099606513977051
COc1cc2c(cc1OC)C(=O)C(Oc1ccc(C)cc1)C2,6.670110702514648,4.894330978393555,5.782220840454102
c1ccc(CNc2c3ccccc3nc3ccccc23)cc1,4.133047103881836,3.705502510070801,3.9192748069763184
CCNC(=O)Oc1ccc2c(c1)c1c3c(cc1n2C)CCCC3,,,
CC(C)=NNc1nc(-c2cccc(Cl)c2)cs1,5.421502113342285,5.767300605773926,5.5944013595581055
Cc1ccc(C=C2COc3ccccc3C2=O)cc1,4.809607028961182,6.713916301727295,5.761761665344238
CNC(=O)Oc1ccc2c(c1)C1CCCCC1C(C)N2,7.018612384796143,5.39502477645874,6.206818580627441
O=C(C=Cc1ccccc1Cl)Nc1ccc2c(c1)OCO2,4.9116716384887695,5.94069242477417,5.42618203163147
O=C1N=c2ccc(Br)cc2=C1c1sc2ccccc2c1Cl,4.989529132843018,5.010229110717773,4.9998791217803955
c1ccc(CNC2CCC(CCNc3cc4ccoc4o3)O2)cc1,5.896790504455566,5.260009765625,5.578400135040283
COc1cc2c(cc1OC)C(=O)C(C)C2,7.520417213439941,4.710774898529053,6.115596055984497
CCCc1c2c(nc3ccc(OCc4ccccc4)cc13)CCCC2,4.815614700317383,5.212388038635254,5.014001369476318
C#CCNCCCSc1ccc(OCCCCCCCCCOc2cccc(C(=O)O)c2)cc1,4.836040496826172,6.8645524978637695,5.850296497344971
O=C(COc1ccc2ccccc2c1)NC1CCCC1,3.9914822578430176,5.130706787109375,4.561094522476196
O=C(c1ccc(F)cc1)C1CCCN(S(=O)(=O)c2ccc(F)cc2)C1,5.687670707702637,5.477931976318359,5.582801342010498
CC=CC=CC=Cc1cc2c(cc1O)OCO2,4.598977088928223,6.158524990081787,5.378751039505005
C=CCN1CCC2(C)c3cc(O)ccc3CC1C2C,5.828747749328613,5.853733062744141,5.841240406036377
NC(=O)COc1ccc(C=CC=CC=CC=Cc2ccccc2)cc1,3.679553270339966,7.44661808013916,5.563085675239563
COc1ccc(C(=O)OCC(=O)Nc2ccccc2OC)cc1,5.122008800506592,4.424943447113037,4.7734761238098145
NCCCCCCNC(=O)CCCCCCN=C(N)N[N+](=O)[O-],5.775542736053467,6.096403121948242,5.9359729290008545
Clc1ccc(CO=C(COCCCCN2CCCCC2)c2ccc(OCc3ccccc3)cc2)cc1,,,
O=C1Cc2ccccc2C2=NCCCCCCNc3cccc(Cl)c32,,,
CNC(=O)C=Cc1ccc2oc3ccccc3c(=O)c2c1,5.527798175811768,6.360337734222412,5.94406795501709
Cc1ccccc1Nc1nc2cc(F)c(OCCCCCCNc3c4c(nc5ccccc35)CCCC4)cc2o1,7.392126083374023,5.141860961914063,6.266993522644043
CC(C)C1=CCC2C3CCC4=CC(=O)CCC4(C)C3C(=O)CC12C,4.607785701751709,7.931482791900635,6.269634246826172
O=C(CCCCCCCCCNc1c2c(nc3cc(Cl)ccc13)CCCC2)c1cc(=O)c2c(O)cccc2o1,8.689170837402344,4.744309425354004,6.716740131378174
Cc1nc(-c2ccccc2)c(-c2ccccc2)s1,4.71696138381958,4.250584125518799,4.4837727546691895
COc1ccc2cc(OCCCCCCNc3c4c(nc5ccccc35)CCCC4)ccc2c1,6.593263626098633,5.25458288192749,5.9239232540130615
Cc1cccc(-c2cc3c(=O)n(CCCCCCCNc4c5c(nc6ccccc46)CCCC5)oc3cn2)c1,7.866692543029785,4.735591411590576,6.301141977310181
Cc1c2ccccc2nc2cc(C3=NCCN3)c(Cl)cc12,6.662873268127441,5.381478309631348,6.0221757888793945
O=C(NCc1cccs1)ON=C1CCCCC1,5.505059719085693,5.91373348236084,5.709396600723267
O=c1ccoc2ccc3ccc(OCc4ccc5ccccc5n4)cc3c12,4.853572845458984,5.929466247558594,5.391519546508789
CCCCNC1CCc2c(O)cccc2C1,4.818424224853516,3.967893362045288,4.393158793449402
O=c1oc2ccccc2cc1-c1csc2nc3ccccc3nc2c1,,,
CC=Cc1ccc(OCCCCCCCCCCCCCNc2c3oc(-c4ccc(Cl)cc4)cc3c(=O)c2)cc1,5.656803607940674,6.2868332862854,5.971818447113037
CC(=NNc1nc(-c2ccccc2)cs1)c1ccccn1,4.798591613769531,5.280487060546875,5.039539337158203
CC(=NNc1nc(-c2ccccc2)cs1)c1ccccn1,4.798591613769531,5.280487060546875,5.039539337158203
Cc1cccc(OCCCCCCNc2c3c(nc4ccccc24)CCCC3)c1,7.012126445770264,4.795773983001709,5.903950214385986
CCNC(=O)C=CC=CC=Cc1ccc2c(c1)OCO2,3.3421173095703125,6.481358528137207,4.91173791885376
COc1cc2c(cc1OC)C(=O)C(CCC1CCN(Cc3ccccc3)CC1)C2,7.707281112670898,4.110152244567871,5.908716678619385
C#CCN(C)Cc1cc2cc(OCCCC3CCN(Cc4ccccc4)CC3)ccc2n1C,6.455061435699463,5.637758255004883,6.046409845352173
NC(=O)Cc1ccc(C2=NOC(c3cccc(Cl)c3)C2)cc1,5.553791046142578,6.270635604858398,5.912213325500488
Clc1ccc2c(c1)ON(CCCCCCOc1cccc3c1CCC3)C2,6.026414394378662,5.583835124969482,5.805124759674072
Cn1c(=O)c2c(nc(SCCCCc3ccccc3)n2C)n(C)c1=O,5.668370246887207,6.162433624267578,5.915401935577393
CNC(=O)CCc1ccc2c(c1)OCO2,6.016139984130859,5.71973180770874,5.8679358959198
Cn1c(=O)c2cc([N+](=O)[O-])ccc2n2c(-c3cccc(Br)c3)nnc12,5.37231969833374,5.890995025634766,5.631657361984253
COc1ccc(F)cc1COc1ccc(-c2nn(C)c(=O)c3ccccc23)cc1,5.272087097167969,6.6459059715271,5.958996534347534
C#CCCCCOc1ccc2oc(=O)c(C(C)C)cc2c1,3.990148544311523,7.443174362182617,5.71666145324707
O=C(NC1CCCCC1)C1CCCN(Cc2coc3cc(F)ccc23)C1,5.502989292144775,4.862301826477051,5.182645559310913
c1ccc(Cc2cc(OCCCCCNc3c4c(nc5ccccc35)CCCC4)c3c(nc23)CCCC3)cc1,,,
Cc1oc2cc(OCCCCN3CCC(Cc4cccc(Cl)c4)CC3)ccc2c(=O)c1O,5.990382194519043,5.448963642120361,5.719672918319702
O=C(Cc1cccc(Cl)c1)Nc1nc2ccccc2o1,5.50973653793335,4.24232292175293,4.87602972984314
O=C1CN(Cc2ccccc2)c2ccccc2C1=O,4.202370643615723,4.8540778160095215,4.528224229812622
O=C(CCl)Nc1ccc(C(=O)c2ccccc2)cc1,5.163178443908691,5.182418823242188,5.1727986335754395
Clc1ccccc1C1=NCC2CCCCC2N1,5.248427867889404,5.295774936676025,5.272101402282715
CC1=Nc2ccc(C(=O)O)cc2C1=O,6.345372200012207,5.8035078048706055,6.074440002441406
CC#CC(=O)Nc1c2c(nn1CCc1ccccc1)OCCC2,5.51497745513916,4.896460056304932,5.205718755722046
Cc1cc2cc(C=O)c(F)cc2c(=O)o1,4.76651668548584,6.699346542358398,5.732931613922119
CCOc1c2c(nc3ccc(Cl)cc13)CCC2,5.460200786590576,4.327285289764404,4.89374303817749
CC#CC1(O)CCC2C3CC=C4CC(=O)CCC4=C3C(c3ccc(N(C)C)cc3)OC21C,5.625302791595459,7.725727081298828,6.6755149364471436
O=C(CCc1c[nH]c2ccc(Cl)cc12)NCCCNc1c2c(nc3cc(Cl)ccc13)CCCC2,8.802433013916016,4.944119930267334,6.873276472091675
COc1ccc(C(=O)c2c(N)sc3c2CCCC3)cc1,5.516423225402832,4.251280784606934,4.883852005004883
Cc1cc2ccc(C3=CCN(C)CC3)cc2oc1=O,4.465510845184326,6.7076497077941895,5.586580276489258
CCNC1CC(C(=O)OCc2cc3ccccc3[nH]c2=O)OC1=O,5.733281135559082,4.767674446105957,5.2504777908325195
COc1cc2c(cc1OC)C(=O)C(C)C2,7.520417213439941,4.710774898529053,6.115596055984497
Cc1ccccc1C(=O)C=Cc1ccc2ccc(O)cc2n1,5.014157772064209,5.570212841033936,5.292185306549072
O=C(C[n+]1cccc2ccccc21)c1ccccc1,4.256063461303711,3.988241195678711,4.122152328491211
O=C(O)c1cc2ccccc2[nH]1,5.087749481201172,6.49660062789917,5.792175054550171
CC(=NNC(=O)c1cccc2ccccc12)c1ccccc1,5.148037433624268,5.288760185241699,5.218398809432983
COc1ccncc1CC=CCN1CCC(c2cccc3c2OCCO3)CC1,4.988341808319092,5.104626655578613,5.0464842319488525
O=c1ccoc2ccc(OCc3cccc(I)c3)cc12,4.54675817489624,7.747008323669434,6.146883249282837
O=C1Nc2ccc([N+](=O)[O-])cc2C1=O,4.542830467224121,5.677528858184815,5.110179662704468
O=C2c3ccccc3OCC2CNCCCCCNc1c2c(nc3ccccc13)CCCC2,7.824158191680908,4.4512481689453125,6.13770318031311
CC(=O)COc1ccc2c(=O)c(-c3ccccc3)coc2c1,5.100022315979004,5.717464447021484,5.408743381500244
CON=CC(C)=CC=CC1CC(O)CC(=O)O1,2.304648399353028,3.88626766204834,3.0954580307006836
O=C1c2ccccc2CCCC1C=CCN1C2=O,,,
CCCCCNc1cc2c(=O)n(CCCCC)c(=O)[nH]c2cc1C,6.6576828956604,5.456679344177246,6.057181119918823
O=C1c2ccccc2OC1c1ccc(F)cc1,5.661884784698486,6.104650974273682,5.883267879486084
CCCc1cc2cc(C(=O)CCC3CCN(Cc4ccccc4)CC3)sc2nc1C,7.583831787109375,4.463305473327637,6.023568630218506
CCCCNC(C)COCCOc1ccc2c(=O)c3ccccc3oc2c1,4.593495845794678,6.122972965240479,5.358234405517578
Cc1ccc2ccc(OCCCCCCCCCCCN3CCCCC3)cc2n1,6.342424392700195,5.707973480224609,6.025198936462402
O=C(O)c1coc2ccc(OCc3cccc(Cl)c3)cc2c1=O,5.054373264312744,7.118740081787109,6.086556673049927
O=C1c2ccccc2OCCCCCCCCN1CCCCCC1,,,
N#Cc1ccccc1OCCCCCN,3.116598129272461,6.393673896789551,4.755136013031006
Cc1cccc(C2CCCCC2=O)c1C,5.075160980224609,5.75819730758667,5.41667914390564
C#CCN(C)Cc1cc2cc(OCCCCCC3CCN(Cc4ccccc4)CC3)ccc2n1C,6.419907569885254,5.599767208099365,6.00983738899231
O=Cc1coc2ccc(OCc3cccc(Cl)c3)cc2c1=O,4.465744495391846,7.629444599151611,6.0475945472717285
Cc1cccc(C=Cc2ccc3c(c2)OC(F)(F)O3)[n+]1C,6.635424137115479,5.401126861572266,6.018275499343872
Cc1ccc(CCCCCCCCNCCCCCCCNCCCCCNCCCCCNCc2c[nH]c3c(O)cccc23)cc1,6.474454879760742,4.32010555267334,5.397280216217041
COCCOc1c2sc3ccccc3c2c2coc3ccccc3c21,4.26046085357666,3.971752166748047,4.1161065101623535
CN=C1N(C)C(C)C(=O)C2CCCCC2CCC1=O,5.241198539733887,6.188156127929688,5.714677333831787
Nc1cccc2c1CCC2=Cc1ccccc1,4.637448787689209,5.07833194732666,4.857890367507935
Cn1c(=O)c2c(nc(COc3ccc(Cl)cc3)n2C)n(C)c1=O,5.187103271484375,6.222360134124756,5.704731702804565
Cc1cc2cc(C3=NCCN3)c(O)cc2oc1=O,6.983970642089844,5.222795486450195,6.1033830642700195
COc1ccc(C=C(C#N)c2cc(OC)c(OC)c(OC)c2)cc1OC,5.03879451751709,3.9756722450256343,4.507233381271362
Brc1ccc2c(c1)OCCCC2=NNc1ccccc1,5.1955180168151855,5.498087406158447,5.346802711486816
CCCc1cc2c3c(sc2nc1C)CCCC3,5.51418399810791,5.417733669281006,5.465958833694458
CC(=O)NC1CCC2CCCCC21,3.490260601043701,4.4353227615356445,3.962791681289673
Cc1cc(C)c2c(=O)c(-c3ccc(OCCCCCCCNc4c5c(nc6ccccc46)CCCC5)cc3)oc2c1,,,
Cn1cnc2cc3c(cc21)CCCC3NC(=O)CC1CCCCC1,5.409923076629639,5.4126811027526855,5.411302089691162
O=C(NCCCCCCCNc1c2c(nc3ccccc13)CCCC2)c1ccc(F)cc1,8.517168998718262,4.743821620941162,6.630495309829712
Cc1nc(-c2ccc3c(c2)OCCCO3)co1,4.684739589691162,6.01834774017334,5.351543664932251
O=C1c2ccccc2-c2nc3nnnn3nc21,4.122464656829834,3.952200412750244,4.037332534790039
Clc1ccc(C2CC(c3c4ccccc4cc4ccccc34)=NN2)cc1,6.776525497436523,8.193716049194336,7.48512077331543
O=C(C=Cc1ccccc1)Nc1ccc2c(c1)OCCO2,5.104297637939453,6.383691310882568,5.743994474411011
Cc1c(C2CC2)nn(-c2ccc(OCCCCCCCNc3c4c(nc5ccccc35)CCCC4)c2)c1C,,,
Cc1cccc(COc2ccc3oc(=O)c(C(C)C)cc3c2)c1,4.5568366050720215,7.239142417907715,5.897989511489868
C#CCn1c2ccc(O)cc2c2c3c(O)occ3c(C)c21,,,
O=C(CC1CNC(=O)c2cc(OOC(F)Cc3ccccc3)ccc21)NC1CCCCC1,5.254452228546143,5.314255237579346,5.284353733062744
CCCCNC1CCCc2cc(OC)c(OCCCCCCCCCNc3c4c(nc5ccccc35)CCCC4)cc21,6.714698791503906,4.9330925941467285,5.823895692825317
CNC(=O)Oc1ccc2c(c1)OCO2,7.883949756622314,4.430697441101074,6.157323598861694
CC(C)Oc1cccc(C=CC2=CC3CCCCC3C(=O)OC2=O)c1,4.481766700744629,5.780397415161133,5.131082057952881
O=C1C(=Cc2cccc(Cl)c2)COc2ccccc21,4.578589916229248,6.988041877746582,5.783315896987915
O=C1c2ccccc2-[n+]2ccccc21,3.662728071212769,4.529099464416504,4.095913767814636
O=C1CCc2cc(OCCCCCCCNc3c4c(nc5ccccc35)CCCC4)ccc2N1,7.583570957183838,5.467265605926514,6.525418281555176
CC#CCN(C)c1cc2cc(OC)ccc2n1C,5.079248428344727,6.253983020782471,5.666615724563599
CCCCCCCCCCCOc1ccc(N=C(C)C)cc1,5.1913371086120605,5.921708583831787,5.556522846221924
NCc1ccc(-c2ccc(OCCCCCNc3c4c(nc5ccccc35)CCCC4)cc2)o1,6.222070217132568,4.649510860443115,5.435790538787842
c1ccc(-c2coc3cc(OCCCCCCCN4CCCCC4)ccc3c2=O)cc1,5.208249568939209,5.637496948242188,5.422873258590698
CC1=CC(C)(C)Nc2cc(CCCCCCCNc3c4c(nc5ccccc35)CCCC4)ccc21,8.068147659301758,4.45321798324585,6.260682821273804
CNc1c2c(nc3ccccc13)CCCC2,7.184841156005859,3.607032537460327,5.395936846733093
Cc1c2c(nc3ccccc13)CCC2,5.014816761016846,4.015217304229736,4.515017032623291
O=C1CCCc2cc(OCc3cccc(Cl)c3)ccc21,4.159873008728027,7.465420722961426,5.812646865844727
NCCNc1cc2c(c3ccccc13)CCCC2,4.396416664123535,4.650756359100342,4.5235865116119385
COc1cc2c(cc1OC)CC(C)C2,4.634819030761719,4.054697513580322,4.3447582721710205
CN(C)C(=O)Oc1ccc2c(c1)OC(=O)C1CCCC=C21,5.842621326446533,4.86826229095459,5.3554418087005615
CCCC1=C2CC(OC)=CCC2CC1=O,5.290360450744629,5.438819885253906,5.364590167999268
COc1ccc(C=C(C#N)C(=O)CN2CCCCC2)cc1OC,6.280497550964356,4.435548782348633,5.358023166656494
O=C1c2ccccc2C2=NCCCNCCN12,4.338429927825928,4.940741062164307,4.639585494995117
O=c1ccoc2ccc(OCc3cccc(Br)c3)cc12,3.962344169616699,7.5237016677856445,5.743022918701172
O=C(C=Cc1ccc(Cl)cc1)c1cc2ccccc2oc1=O,4.982213497161865,6.564327239990234,5.77327036857605
COc1cccc(-c2c[nH]c3cc(OC)c(OC)cc23)c1,4.811338424682617,5.268267154693604,5.03980278968811
NC1=NC(=O)C(c2ccccc2)C1=O,7.058414459228516,4.755662441253662,5.907038450241089
c1ccc(C2=CCN(CCC3CCCCC3)CC2)cc1,5.306065082550049,3.7648792266845694,4.53547215461731
CC1=CC=CC2=NC(C)C(O)CCCC(C)CCCC(C)CCC(C)CC(=O)NCCO)C2COC1=O,,,
O=C(Cn1c2ccccc2c2ccccc21)N1CCCC1,5.386195659637451,4.480728149414063,4.933461904525757
COc1cc2cc(C(=O)NCCc3ccccc3)c(=O)oc2cc1OC,7.638735771179199,5.301749706268311,6.470242738723755
O=C(O)C(CC=Cc1ccc(Cl)cc1)=NO,2.576014518737793,5.8325018882751465,4.20425820350647
COc1cc2c(cc1OC)C1=CCCC=C2C1CCC(=O)C2C=C1CC1CCCC1,,,
O=C1c2ccccc2-c2nnc(-c3ccc(Cl)cc3)cc21,5.43563985824585,6.277105808258057,5.856372833251953
Cc1c2c3c(sc2ncn1CCCNCCO,,,
Cc1cccc2c1Oc1cccc(C(=O)NCCNc3c4c(nc5ccccc35)CCCC4)c1C2=O,7.125058174133301,4.052738666534424,5.588898420333862
O=C1CCc2ccc(OCCCCCNc3c4c(nc5ccccc35)CCCC4)cc2N1,7.586212158203125,5.279542446136475,6.4328773021698
CC1=CC=CC2=[N+](C)Oc3cc(C)ccc3C2(C)C1,5.852536201477051,6.652758121490479,6.252647161483765
CCCCCNCCCCCNCCCCCCCCNCCCCCCCCN(CC)Cc1ccccc1OC,6.03917932510376,4.163070201873779,5.1011247634887695
CN1CCc2cc(OCCCCNc3c4c(nc5ccccc35)CCCC4)ccc2C1=O,7.502617835998535,4.953441143035889,6.228029489517212
O=C1c2ccccc2CC12CCN(Cc1ccccc1)CC2,5.6327104568481445,3.693914413452149,4.6633124351501465
COc1cc2c(cc1OC)CCCC2NCCCCCCCCN=C1CCCC(=NO)C1,5.682923316955566,5.127607822418213,5.40526556968689
COc1cccc(CCC(=O)NCC2CCCO2)c1,5.113292217254639,4.478639602661133,4.795965909957886
COc1cc2c(cc1OC)C(=O)C(Oc1ccc(C)cc1)C2,6.670124053955078,4.894330978393555,5.782227516174316
Cc1cc2cc(OCCN3CCCC3)ccc2o1,5.385970592498779,5.374682903289795,5.380326747894287
CC(C)=CCN1CCC2(C)c3cc(O)ccc3CC1C2C,5.547051429748535,5.277957439422607,5.412504434585571
CN(C)c1cc[n+](CCCCC=CCCCCNc2c3c(nc4ccccc24)CCCC3)cc1,8.032211303710938,4.236570358276367,6.134390830993652
CC1CCc2ccccc2O1,5.310362815856934,4.107881546020508,4.709122180938721
CC(=O)c1cccc(-c2cc3cc(O)ccc3oc2=O)c1,5.81502103805542,6.063653945922852,5.939337491989136
COc1cc(CC=C(C)C#N)ccc1OCc1ccccc1,4.539647102355957,5.727041244506836,5.1333441734313965
CC(C)C1COC(=O)C1Oc1ccccc1OC1CCOC1,4.79784107208252,5.425631046295166,5.111736059188843
Cc1cccc(C2=CCOc3cc(OCCCCCN4CCCCC4)ccc32)c1,6.177525997161865,5.518289566040039,5.847907781600952
CC(COc1ccccc1)=NNc1c2c(nc3ccccc13)CCCC2,5.729069232940674,4.403890132904053,5.066479682922363
O=C1Nc2cc(Br)ccc2C1C1=Nc2ccccc2C1=NOCCC(O)CO,6.167862415313721,5.019800186157227,5.593831300735474
NCc1cc(O)ccc1OC(=O)c1cccc2c1OCCO2,5.953398704528809,4.137234687805176,5.045316696166992
Cn1c(=O)c2c(nc(C=Cc3ccc(Cl)cc3)n2C)n(C)c1=O,5.587120056152344,6.133153915405273,5.860136985778809
COc1cc(OC)c2c(=O)c3ccccc3oc2c1,6.0164666175842285,4.175409317016602,5.095937967300415
CCOc1ccc(C=C2COc3ccc4cccc(C(=O)NCCCCCCCCCNc5c4c(nc5ccccc53)COC2=O)cc1,,,
CC(=O)c1cccc(NC(=O)Oc2ccc(C=Cc3ccccc3)cc2)c1,6.254498481750488,5.755731105804443,6.005114793777466
COc1cc2c(cc1OC)CC(COc1ccccc1)C2=O,7.396617412567139,4.983200550079346,6.189908981323242
CCN(CC)CCOC(=O)C1=COC2CCCCC2OC1=O,3.2688393592834477,4.955570697784424,4.1122050285339355
O=C(CCCCCCCNc1c2c(nc3ccccc13)CCCC2)c1cccs1,7.665933609008789,4.717005252838135,6.191469430923462
C#CC[N+]1(C)OC(=O)C2=C(C=CC)Oc3ccccc3C2=O)C1=C,,,
Cc1cc(=O)oc2cc(OCC=CCCCCCCN3CCCCC3)ccc12,6.508951187133789,5.704110145568848,6.106530666351318
CCOc1ccc(C=Cc2ccc3ccc(Cl)[n+](C)c3[n+]2C)cc1,5.7513041496276855,6.133884429931641,5.942594289779663
COc1ccc2c(=O)c3ccccc3oc2c1,5.251839637756348,4.583478927612305,4.917659282684326
c1ccc2c(c1)OC2=NN=CC1CCCCC1,5.492162704467773,5.53384256362915,5.513002634048462
N#Cc1ccc2[nH]c3c4c(ccc(OC(CCCCNCCCN)C3)C3CCCCC3)cc2c1,,,
COc1cc2c(cc1OC)CC(CC=C(C)c1nc3ccccc3o1)C2,5.794902801513672,4.829142093658447,5.31202244758606
O=C1c2ccccc2-c2onc3ccc(OCCCCN4CCCCC4)c1c23,6.359644412994385,4.987022876739502,5.673333644866943
Oc1occ2ccc(OCCCCCCNc3c4c(nc5ccccc35)CCCC4)cc12,7.275490760803223,5.536603927612305,6.406047344207764
NC(=O)CCCCCCCCCCCCNc1c2c(nc3ccccc13)CCCC2,7.211141586303711,5.1938157081604,6.202478647232056
CCNC(C)C(=O)OC1COC2C(OCc3ccccc3)COC12,4.213054656982422,6.066606521606445,5.139830589294434
Cc1ccc(C)c(C(=O)c2cc3ccccc3oc2=O)c1,5.293792247772217,5.366489410400391,5.330140829086304
Cc1c(C)c2ccc(OCc3cccc(Cl)c3)cc2oc1=O,4.627585411071777,8.784088134765625,6.705836772918701
C#CCN(C)Cc1cc2cc(OCc3ccccc3)ccc2n1C,4.4289069175720215,7.657024383544922,6.042965650558472
CSc1ccc(C(=O)NN=Cc2ccc(Br)cc2)cc1,4.392454624176025,4.796658039093018,4.5945563316345215
CC(=O)c1cc2cc(OCCOc3ccc(Br)cc3)ccc2oc1=O,5.521911144256592,7.249544143676758,6.385727643966675
CC(=O)C1CC(OCc2ccc(Cl)c(Cl)c2)C(OC(=O)c2ccccc2)C1,4.169737339019775,4.763007164001465,4.46637225151062
Cc1c2ccccc2c(C)c2c1coc2=O,,,
O=C(O)CCc1c2oc3ccc(OCCC4CCN(Cc5ccccc5)CC4)cc3c2ccc1=O,,,
Cc1cc2c(C3CCCN(CCc4cccc([N+](=O)[O-])c4)C3)nc(-c3ccccc3)c2o1,,,
CC=CCCON=C(C)CNCc1ccc(OC(=O)CCC)cc1,5.0988311767578125,4.93073034286499,5.014780759811401
CC(=O)c1ccc2cc(OCCCCC3CCOCC3)ccc2c1,5.091578006744385,5.915555477142334,5.503566741943359
O=C1c2ccccc2C(=O)N1CCCCCOc1cccc(Cl)c1,6.072229385375977,6.464080810546875,6.268155097961426
O=c1ccc2ccc(OCCCCC3CCN(Cc4ccccc4)CC3)cc2o1,6.180392742156982,5.047530651092529,5.613961696624756
O=C(CC=Cc1cc2c(cc1O)OCCO2)NC1CCCC1,4.601089477539063,5.102208614349365,4.851649045944214
O=C(O)c1cc2cc([N+](=O)[O-])ccc2oc1=O,6.055942058563232,5.774744510650635,5.915343284606934
COc1c2c(nc3ccc(OC)cc13)CCCC2,4.899637222290039,4.462840080261231,4.681238651275635
COC(=O)c1cc2c3cccc(OC)c3oc2cc1O,5.138516426086426,4.148837566375732,4.643676996231079
N#Cc1ccccc1-c1ccc(C2=NOC3CCCCC3C)o1,,,
Oc1ccc(C(O)CNCc2ccccc2Cl)cc1O,3.873966693878174,4.202444553375244,4.038205623626709
O=C(Nc1ccccc1)c1cc(OCc2ccc(Cl)cc2)co1,5.080286026000977,5.866853713989258,5.473569869995117
C#CCN(C)Cc1cc2cc(OCCCC3CCN(Cc4ccccc4)CC3)ccc2o1,6.046401500701904,5.429538726806641,5.7379701137542725
N#Cc1ccc(OCCCCCCNc2c3c(nc4ccccc24)CCCC3)cc1,6.576591491699219,5.287546634674072,5.9320690631866455
COc1ccc(C=C2CCCCCC2=O)cc1,4.15696907043457,5.480286598205566,4.818627834320068
Oc1ccccc1C1CC(c2c3ccccc3cc3ccccc23)=NN1,6.970773696899414,7.539364814758301,7.255069255828857
O=C1CCCc2[nH]c3c4cc(F)ccc4c(=O)c4ccc(CCl)cc4c(O)c3c21,,,
Cc1c2ccccc2nc2c1ccc2nnc(O)n2CC(=O)O,,,
CCCCOc1ccc(CCC(=O)N2CCCC2)cc1,6.363096237182617,5.471689224243164,5.917392730712891
Cc1cccc(-c2cc3c(=O)n(C)c(=O)n(C)c3o2)c1,5.986876487731934,5.561619281768799,5.774247884750366
O=C1C=CC=CC1=NNC(=O)c1ccc2ccccc2c1,4.570212364196777,6.259210586547852,5.4147114753723145
CNCc1ccc(C(=O)Oc2ccc(Br)cc2)o1,6.126194953918457,5.20058012008667,5.6633875370025635
Oc1occ2ccc(OCCCCCN3CCCCC3)cc12,5.94179630279541,6.135529518127441,6.038662910461426
CC(=O)c1cc(C2CNCC2O)cc(CN(C)Cc2ccccc2O)c1,5.754770755767822,3.6905627250671382,4.7226667404174805
CCCCOc1ccc(-c2cc(=O)c3ccccc3o2)cc1,4.496462821960449,5.439198970794678,4.9678308963775635
COc1cc(C=CC=C2CCCC3(C)C2CCC3C(C)C)ccc1O,4.682095527648926,5.358956813812256,5.020526170730591
ON=Cc1c2c(c(OCc3ccccc3)c3ccccc13)CCC2,4.058550834655762,5.128301620483398,4.59342622756958
COc1cc2c(cc1OC)C(=O)C(CCCCNC1CCN(Cc3cccc(Cl)c3)CC1)O2,6.815428733825684,4.39390754699707,5.604668140411377
Cc1cccc(CNCc2cccc3c2OCCO3)c1,4.828611373901367,3.609616756439209,4.219114065170288
CC(=NNc1nc(-c2ccc(O)cc2)cs1)c1ccccc1,5.651475429534912,4.584349155426025,5.117912292480469
CCNc1cc2c(cc1[N+](=O)[O-])OCO2,5.230369091033936,4.718988418579102,4.9746787548065186
Cc1cccc(C=CC(=O)c2ccc(O)c(O)c2O)c1,5.056331157684326,6.5361328125,5.796231985092163
N#CC(C#N)=Cc1cc(OC(=O)c2ccc(O)cc2)ccc1O,5.457255363464356,5.913266658782959,5.685261011123657
CC(C)(C)c1ccc(C=C2CCCNC2=O)cc1,4.942439556121826,4.05412483215332,4.498282194137573
O=c1cc(-c2ccc(O)cc2)oc2cc(OCc3ccccc3)ccc12,4.929485321044922,5.678022861480713,5.303754091262817
CC(NC1CCCC1)C(O)c1ccc(O)c(O)c1,4.389610290527344,4.913783550262451,4.6516969203948975
CC(=O)c1ccc(OCCCCCC=CCCCCCCCCCCCCCNCc2cccc(CO)c2)cc1O,5.886778354644775,5.707620143890381,5.797199249267578
O=C1Cc2cc(OCCCCCCc3cccnc3)ccc2N1,5.651414394378662,6.440787315368652,6.046100854873657
O=C1c2ccccc2-c2nnc3nnnn3nc21,,,
Nc1ccc2c(c1)CCC2CCCN(CCCCCCCN3CCCCC3)C2=O,,,
O=C1CCCc2cc(OCCCCNc3c4c(nc5ccccc35)CCCC4)ccc21,7.287982940673828,5.074681758880615,6.181332349777222
Cc1cccc(NC(=O)Nc2ccc(C#N)cc2)c1,4.946869850158691,5.15942907333374,5.053149461746216
O=C(c1ccc(F)cc1)N1N=C2CCCCC2C1c1cc(=O)oc2cc(OC(=O)C3CCCCC3)ccc12,6.354233741760254,6.345012664794922,6.349623203277588
O=C1CCCc2cc(OCc3ccc(Cl)cc3)ccc21,3.886666774749756,7.479986190795898,5.683326482772827
CC(C)=C1CC(COc2ccc(C(=O)CCCCCCN3CCCCC3)cc2)OC1=O,5.958152294158936,5.2413859367370605,5.599769115447998
O=C(NN=Cc1ccc(O)cc1O)c1cccc(Cl)c1,4.983443260192871,5.035450458526611,5.009446859359741
COc1cc2c(NC3CCCCC3)ncnc2cc1OCCC1CCN(C)CC1,5.2056169509887695,5.542983531951904,5.374300241470337
COc1cc2c(cc1OC)C(=O)CC(C)C2=O,8.304781913757324,5.085127353668213,6.6949546337127686
CC(=O)C1=C(O)c2ccccc2OC1c1ccc(OCCCCCCNc2c3c(nc4ccccc24)CCCC3)cc1,6.0539140701293945,5.579510688781738,5.816712379455566
O=C1CCc2ccc(OCCCCCNc3c4c(nc5cc(Cl)ccc35)CCCC4)cc2N1,8.032444953918457,5.358536720275879,6.695490837097168
Fc1ccc(-c2coc3ncnc(NCCN4CCOCC4)c23)cc1,4.742343425750732,5.859632015228272,5.300987720489502
O=C1Oc2cc(OCCCCCNc3c4c(nc5cc(Cl)ccc35)CCCC4)ccc2C2CCCCC12,7.1336164474487305,5.947901248931885,6.540758848190308
Cc1cccc(C#Cc2cc3c(s2)CCCC3)c1,4.476378440856934,6.1274003982543945,5.301889419555664
CN(C)Cc1cccc(-c2cc3c(=O)nc4ccccc4oc2=O)c1,,,
O=C(NCc1ccc2c(c1)OCO2)c1cc2cc([N+](=O)[O-])ccc2o1,6.770144462585449,4.830902099609375,5.800523281097412
NCCOc1ccc2cc(C=CCN3CCCCC3)ccc2c1,4.102445602416992,5.338841438293457,4.720643520355225
CN(C)C1CCCCC1N=C(O)c1cc(F)ccc1Oc1ccc(F)cc1,6.486972332000732,5.684700012207031,6.085836172103882
O=C1CCc2cc(OCCCCCNc3c4c(nc5ccccc35)CCCC4)ccc2N1,7.571162700653076,5.285552501678467,6.4283576011657715
COc1ccc(C=CC=Cc2cc(C=C3CC(C)(OC)CC(O)C3)ccc2OC)cc1,4.104962348937988,4.84447193145752,4.474717140197754
Nc1ccc2c(c1)CCC2=Cc1cccc2ccccc12,4.242829322814941,6.356449127197266,5.2996392250061035
O=C(Oc1ccccc1)c1cc2ccccc2oc1=O,6.900263786315918,5.069896697998047,5.985080242156982
Cc1ccc(CC=CCc2ccccc2C=CC(=O)c2nccs2)cc1,4.881432056427002,5.091765403747559,4.98659873008728
O=[N+]([O-])c1ccc(CSc2nc3c(cc2C#N)CCCC3)cc1,5.551365375518799,6.614062309265137,6.082713842391968
Fc1ccc(-c2coc3ncnc(NCCC4CCCO4)c23)cc1,6.014297008514404,6.364956855773926,6.189626932144165
CC(C)C(=O)Nc1cccc(C2=NOC3(C2)CC(C(=O)NCc2cccc(Cl)c2)O3)c1,6.508679389953613,4.793004989624023,5.650842189788818
O=C(Cc1ccccc1)Oc1cccc2c1=O,,,
Cc1sc(C)c2c1OCC(=O)O2,5.738607883453369,4.686027050018311,5.21231746673584
O=C1CCc2cc(OCCCCCCNc3c4c(nc5ccccc35)CCCC4)ccc2N1,7.614394187927246,5.364870548248291,6.4896323680877686
O=C1Nc2cc(CCOc3ccc(C4(O)CCCC4)cc3)ccc2C1=O,5.651440143585205,6.788191795349121,6.219815969467163
c1ccc(C2=NN=C(c3ccccc3OCCCCCCN3CCCCC3)O2)cc1,5.7478346824646,5.468015670776367,5.607925176620483
C#CCNC1CCc2ccccc21,3.722721338272095,6.786685466766357,5.254703402519226
O=C1c2cc([N+](=O)[O-])ccc2-n2cccc21,4.820918560028076,6.018237113952637,5.4195778369903564
COc1ccc2oc3ccc(OCCCCCCCCN4CCCC4)cc3c(=O)c2c1,5.795555591583252,5.97429895401001,5.884927272796631
CC1CCC2C(C)C(CCC3=CCCCC3)CCC2(C)C1,5.639415740966797,4.631953239440918,5.135684490203857
CC(=O)c1c2ccccc2c(OCCCCCCCCCCN(C)Cc2ccc(O)c(O)c2)cc1O,5.749190807342529,5.55980396270752,5.654497385025024
COc1cc2c(cc1OC)C(=O)C(=Cc1c[nH]c3ccccc13)C2=O,6.679750919342041,6.394832134246826,6.537291526794434
N#Cc1ccc(C(=O)N2CCCCC2CNC2=O)cc1,,,
O=C(Oc1ccc2ccccc2c1)c1ccc(O)c(O)c1,5.35502815246582,6.051693439483643,5.7033607959747314
CC(C)(CNC1CCOCC1)CN1CCCC1,5.289937496185303,3.076350688934326,4.1831440925598145
COc1ccc(C2=NN(c3ccc(C#N)c(C)c3)C(c3ccc(F)cc3)C2)cc1,6.607034683227539,6.7808332443237305,6.693933963775635
COc1cc(C=CC=Cc2cccc(OCCCCCCNc3c4c(nc5ccccc35)CCCC4)c2)on1,6.863735675811768,5.642243385314941,6.2529895305633545
COc1cc(C=CC(=O)C=Cc2ccccc2)ccc1OCCCC#N,4.301333427429199,6.523438453674316,5.412385940551758
O=C1CCc2ccc(OCc3cccc(Cl)c3)cc2N1,4.14121675491333,7.2038187980651855,5.672517776489258
C#CCN(C)Cc1cc2cc(OCCC3CCN(Cc4ccccc4)CC3)ccc2n1C,6.383633613586426,5.55838680267334,5.971010208129883
N#Cc1cc2ccccc2nc1OCCCCCN1CCCCC1,6.054415702819824,5.515170097351074,5.784792900085449
CC12CCC3c4ccc(O)cc4CCC3C1CCC2O,4.347170829772949,6.759891986846924,5.5535314083099365
Nc1ccc(C2CCCO2=O)cc1[N+](=O)[O-],,,
CC(=NNc1nc(-c2ccc(F)cc2F)cs1)c1ccccc1,5.845532417297363,6.670723915100098,6.2581281661987305
O=C(Cc1ccccc1)N1OC(COc2ccc(C(F)(F)F)cc2)CC1O,6.2749786376953125,5.42101001739502,5.847994327545166
Cc1c2c(n3c1CCCC3)CCCC2=O,6.513218879699707,4.558048725128174,5.53563380241394
CC1=NOC(=O)C1=Cc1ccc(OCCCCCCCCNc2c3c(nc4ccccc24)CCCC3)cc1,6.817374229431152,6.148684024810791,6.483029127120972
CC(=O)NC(C)=C1C=C(Br)C=CC1=O,2.972374677658081,4.99378776550293,3.9830812215805054
CCC(CNc1ccc2oc3ccccc3c(=O)c2c1)OC(=O)OC,4.821850299835205,4.956719875335693,4.889285087585449
O=C(CCc1ccccc1)NCCCCCCCCCNc1c2c(nc3ccccc13)CCCC2,7.7831573486328125,4.522161960601807,6.15265965461731
O=C(O)c1ccc(COc2ccc(C=Cc3cccc(F)c3)cc2)cc1,4.1089043617248535,7.174795150756836,5.641849756240845
CCN(CC)CCCCCCCCCN(C)CCCCCCN(C)CCCCN(CC)Cc1ccccc1OC,7.064676284790039,4.003459453582764,5.534067869186401
O=C1c2ccccc2C(=O)N1CCCCCCNc1c2c(nc3ccccc13)CCCC2,8.102651596069336,4.746477127075195,6.424564361572266
CSc1ccc(C(=O)NCCNc2c3c(nc4ccccc24)CCCC3)cc1,6.757233619689941,4.829586029052734,5.793409824371338
COc1cc2c(cc1OC)C(=O)C(CCC1CCN(Cc3ccccc3)CC1)C2,7.707281112670898,4.110152244567871,5.908716678619385
CC1C(=O)Nc2ccc(OCc3cccc(Cl)c3)cc2C1=Cc1cc(F)c(O)c(O)c1,5.102123260498047,6.92510461807251,6.013613939285278
CCCCCNC(=O)C=CC=CC=CC=CC=CCC=Cc1ccccn1,2.933277368545532,6.581392288208008,4.75733482837677
O=c1ccc2oc3ccccc3c2c1,,,
O=C(NCCCCCCCCCCCCNc1c2c(nc3cc(Cl)ccc13)CCCC2)c1cc(=O)c2ccccc2o1,8.532621383666992,5.016208171844482,6.774414777755737
O=C1c2ccccc2C(=O)N1CCCOc1ccccc1,6.002093315124512,6.119839668273926,6.060966491699219
C=CCN=C1CC(=O)Oc2ccc(OCc3cccc(Br)c3)cc21,5.501338481903076,7.419181823730469,6.4602601528167725
CCCC(=O)Nc1cc(OCc2ccccc2)ccc1OCCCCCCCCCCCCN,4.505619525909424,6.040377616882324,5.272998571395874
COc1cc2c(cc1OC)C(=O)C(Cc1cccc(I)c1)C2,6.749378204345703,5.592614650726318,6.170996427536011
Cc1oc2cc(OCCCCN3CCCC3)ccc2c(=O)c1ccccc1,,,
CN(C)c1ccccc1C=NNC(=O)CCCCCCCCCNc1c2c(nc3ccccc13)CCCC2,7.43939733505249,4.690428256988525,6.064912796020508
CC(=O)C=C1CCC(CC2CCN(CCCC(C(=O)C3CCCC3)CC2)CC1,,,
CN1CCC(=Cc2ccc3c(c2)OCO3)CC1,4.36074686050415,5.283674716949463,4.822210788726807
O=C(CCCc1c[nH]c2ccccc12)NCCCCCCCCCCCNc1c2c(nc3cc(Cl)ccc13)CCCC2,8.332816123962402,4.873568058013916,6.603192090988159
CN(C)CCCNC(=O)c1cc2ccccc2oc1=O,7.080101013183594,4.75146484375,5.915782928466797
O=C1Cc2cc(OCc3ccccc3)ccc2O1,5.297019004821777,6.851661205291748,6.074340105056763
CC(C)=CCN1CCC(=C2C=CC(=[N+](C)C)C=C2)CC1,5.718206405639648,4.234577178955078,4.976391792297363
Clc1ccc(C2CC(c3c4ccccc4cc4ccccc34)=NN2)cc1,6.776525497436523,8.193716049194336,7.48512077331543
CC(C)n1cc(-c2cccc(OCCCCCCCNc3c4c(nc5ccccc35)CCCC4)c2)c2c(=O)cccc21,,,
Brc1ccc2c(c1)OC(c1ccccc1)N2,5.025288105010986,6.067959785461426,5.546623945236206
CNc1c2c(nc3scc(-c4ccccc4)c13)OCC2,6.551027774810791,4.737934589385986,5.644481182098389
COCCOc1cccc2oc3ccccc3c12,3.9950571060180655,4.845906734466553,4.42048192024231
O=C(Cl)c1cc2cc(Cl)ccc2oc1=O,4.744236469268799,7.095238208770752,5.919737339019775
O=c1ccc2cccc(OCCCCCNc3c4c(nc5ccccc35)CCCC4)c2o1,6.939562797546387,4.673187255859375,5.806375026702881
COc1ccc2c(c1)C(=O)C=C2C(=O)OCc1ccccc1,5.170951843261719,6.289055824279785,5.730003833770752
CCCCc1c2ccc(=O)oc2cc2oc(CCCCCCCCCCCCCO)cc12,5.104163646697998,6.376698017120361,5.74043083190918
CCC(=O)Nc1ccc(CN=C2C(=O)C(Oc3ccccc3)=C2C)cc1,6.994608879089356,4.99909257888794,5.996850728988648
CCCc1c2coc(=O)c2c(OCCCCNCc3ccccc3)ccc12,,,
COc1ccc2cc(C)c3oc(-c4ccccc4OC)nc3c2c1,5.135613918304443,5.346854209899902,5.241234064102173
CCOC(=O)c1sc2cc([N+](CC)CC)ccc2c1Cl,5.975461006164551,4.752410411834717,5.363935708999634
COc1cc2c(cc1OC)C(=O)CCC2=NOCc1ccccc1,6.673618793487549,5.572441577911377,6.123030185699463
O=C1c2ccccc2CCCCCCCCOc2cccc(Cl)c2O1,3.8870134353637695,5.206899642944336,4.546956539154053
Nc1nc(O)c2nc(O)ccc2c1Nc1ccc(C(=O)O)cc1,6.121209144592285,3.511486530303955,4.81634783744812
Fc1ccc(-c2csc(NN=C3CCCCC3)n2)cc1,5.689570903778076,7.334211349487305,6.51189112663269
C#CCNC1CCc2ccc(O)cc2C1,4.536785125732422,5.338263034820557,4.937524080276489
CNC(=O)c1cc(Oc2ccc(NC(=O)Nc3ccccc3)cc2)ccn1,7.3931355476379395,5.256701946258545,6.324918746948242
O=C(C=C1CCCCC1)Nc1ccc2c(c1)OCCO2,5.105138301849365,5.800004959106445,5.452571630477905
C#CCNCc1cccc2ccccc12,3.260561466217041,6.077117443084717,4.668839454650879
CC12CCC3C(CCC4CC(O)CCC43CNc3ccc(o3)C1O)C1CCC2O,,,
CC(=O)c1ccc2c(ON=Cc3ccc(-c4ccc(F)cc4)o3)cccc2c1,5.74641227722168,5.900757789611816,5.823585033416748
CCc1nc(-c2ccccc2)c(-c2cccc(OC)c2)o1,5.5265793800354,5.223757743835449,5.375168561935425
O=C(C=Cc1ccccc1Oc1ccccc1)NCCCCCCNc1c2c(nc3ccccc13)CCCC2,6.478095054626465,4.802670478820801,5.640382766723633
COC1=CC=CC=CC=CC=CCC=CCCCC(=O)NCCCC(=O)O,,,
O=C1C=CC(=NC=Cc2ccc(O)cc2O)CO1,4.572066307067871,6.431005001068115,5.501535654067993
Cc1cccc(-c2cc3c(=O)n(CCCCCN4CCOCC4)cnc3s2)c1,5.972423076629639,5.639052867889404,5.8057379722595215
CCCNC1=C2CCCCC2C1=O,5.354104995727539,4.653810024261475,5.003957509994507
O=Nc1c(CNc2ccccc2)oc2ccccc12,5.590166091918945,4.708200454711914,5.14918327331543
O=C(CCc1c[nH]c2ccccc12)NCCCCCCCCCOc1ccccc1O,6.087555408477783,5.508841514587402,5.798198461532593
COc1cc(C=CCNN=C(C)c2ccccn2)ccc1OCc1ccccc1,5.5529093742370605,4.998748302459717,5.275828838348389
CC(C)C(=O)N1CCc2cc(OCCCCCNc3c4c(nc5ccccc35)CCCC4)ccc21,7.459391117095947,4.787174224853516,6.1232826709747314
O=C1c2ccccc2-c2nnc(-c3ccc(F)cc3)cc21,5.582317352294922,6.205568313598633,5.893942832946777
Cc1cc2cc3c(O)occ3cc2o1,5.004345893859863,6.091221332550049,5.547783613204956
COc1cc2c(cc1OC)CC1(C2)C3CC(Cl)CC2C3CC(F)CC2C1C,5.20326566696167,7.030054092407227,6.116659879684448
COc1cccc(-c2cc3nc(-c4ccccc4)cc(N4CCCCC4)c3o2)c1,5.148325443267822,4.929265975952148,5.038795709609985
CCC1CCCN1CCCOc1ccc2c(CCC-c3ccc(C)c(C)c3)oc(=O)c2c1,,,
O=C1c2ccccc2OOCC1CCN1CCC2=C(c3ccccc3O2)CC1,6.591998100280762,4.387470245361328,5.489734172821045
CC(C)n1c2ccc(O)cc2c2c3c(O)occ3c3ccccc3c21,5.850234031677246,4.536659717559815,5.19344687461853
O=c1oc2ccc(OCCCCCCCNc3c4c(nc5ccccc35)CCCC4)cc2cc1-c1ccc(F)cc1,6.67188835144043,5.780309200286865,6.2260987758636475
Cc1cc2c(CCCCCCCCCNc3c4c(nc5ccccc35)CCCC4)coc2cc1O,8.014398574829102,5.004878997802734,6.509638786315918
Cc1cc2c3c(c1)c(=O)oc1c(C)c(O)ccc13,,,
CC[n+]1c2ccc(OC)cc2c2ccccc21,,,
C#CCN(CCO)Cc1cc2cc(OCCCC3CCN(Cc4ccccc4)CC3)ccc2n1C,6.42371940612793,5.355414867401123,5.889567136764526
O=c1oc2ccccc2cc1-c1csc(NN=Cc2cccs2)n1,6.139398574829102,5.493653297424316,5.816525936126709
COc1cc2c(cc1OC)C1=NOC(C)C2CCCO1,4.962601184844971,5.294553756713867,5.128577470779419
c1ccc(COc2ccc(C3=NOCCN3)cc2)cc1,5.43276834487915,5.845216751098633,5.638992547988892
O=C1CCc2ccc(OCCCCCNc3c4c(nc5ccccc35)-c3ccccc3CC4=O)cc2N1,6.574541091918945,5.718696594238281,6.146618843078613
Cc1ccccc1C=CCCNCc1ccccc1OCc1ccccc1,4.335785865783691,4.535213470458984,4.435499668121338
C#CCCCOc1ccc2c(c1)OC(=O)C1CCCC=C21,4.45773983001709,7.418669700622559,5.938204765319824
c1ccc2c(c1)OCCC1=NCCS2,,,
O=C(CCl)Nc1ccc2c(c1)C(=O)OC2=O,4.65104341506958,5.908993721008301,5.28001856803894
COc1ccc(C=C2COc3cc(OCCCCNc4c5c(nc6ccccc46)CCCC5)ccc3C2=O)cc1,6.544676303863525,5.794403553009033,6.169539928436279
CC(C)(C)c1ccc2oc(NCCCCCCCNc3c4c(nc5ccccc35)CCCC4)nc2c1,8.06071662902832,4.628013610839844,6.344365119934082
O=C1c2ccccc2-c2nnc(-c3ccc(F)cc3)cc21,5.582317352294922,6.205568313598633,5.893942832946777
O=C(c1ccccc1)C1c2ccccc2OCC1O,5.1533732414245605,4.3709235191345215,4.762148380279541
CCC(=O)OC1CCC2C3CC=C4CC(=O)CCC4(C)C3CCC12C,4.291095733642578,7.246962070465088,5.769028902053833
c1cc(NC2CCCCC2)nc(CN2CCCCC2)c1,5.543794631958008,4.40618371963501,4.974989175796509
CC(=O)c1cccc(NC(=O)CCCCCCCNc2c3c(nc4ccccc24)CCCC3)c1,7.997933387756348,4.763336181640625,6.380634784698486
CCCCCNC1=NS(=O)(=O)c2ccc(C(=O)NCCC)cc21,5.830661296844482,5.251655578613281,5.541158437728882
O=C(NCCO)c1ccc(Cl)c(Cl)c1,4.3861894607543945,4.881458759307861,4.633824110031128
O=C(NCCCCCCCCCCCNc1c2c(nc3cc(Cl)ccc13)CCCC2)c1cc(=O)c2ccccc2o1,8.604216575622559,4.914913654327393,6.759565114974976
COc1cccc2c1C(=O)c1c(O)c3c(c(O)c1C2=O)CC(O)(C(O)C=O)CC3OC,6.032466411590576,4.38203239440918,5.207249402999878
O=C1CCCc2cc(OCCCCCNc3c4c(nc5ccccc35)CCCC4)ccc21,7.396288394927978,5.1468939781188965,6.2715911865234375
O=c1c2cc(OCc3ccccc3)ccc2oc2cc(O)ccc12,4.846816062927246,5.921000003814697,5.383908033370972
COc1cc2c(cc1OC)C1CCCCC1C(=O)c1ccc(C)cc1O2,5.6097283363342285,6.009119987487793,5.809424161911011
O=C1c2ccccc2-c2nnc(-c3ccco3)cc21,5.277113914489746,4.857415199279785,5.067264556884766
CC1CCCOC1=NOC1=CC=CC1=NN=C1,,,
COc1cccc(-n2cc(C(=O)C3CCCCC3)c3ccccc32)c1,5.267584323883057,4.836786270141602,5.052185297012329
O=C1CCc2ccc(OCCCCCCCNc3c4c(nc5ccccc35)CCCC4)cc2N1,7.625903606414795,5.44810152053833,6.5370025634765625
Cc1cccc2c1c(C(=O)c1cccc(O)c1)nn2C,5.468195915222168,3.899834156036377,4.6840150356292725
CC1CC=C2CC3C(CNCCCCCCCCCNc4c5c(nc6ccccc46)CCCC5)OC2C(O)C1,,,
Cc1c2cc(C3=NNCC3)c(O)cc2OC(=O)C1O,,,
O=C1CCc2occc2C1=O,5.473601818084717,5.246217727661133,5.359909772872925
Cc1cc2ccccc2n1CC=Cc1ccco1,4.88776445388794,5.027459144592285,4.957611799240112
CC(C)=CCCCCCCCCC=Cc1cc(C2C=CC(=O)C(C)O2)on1,4.715211391448975,5.681407451629639,5.198309421539307
O=C1c2ccccc2CCC1C=Cc1ccc2c(c1)OCO2,5.07420539855957,6.804046154022217,5.9391257762908936
c1ccc2c(c1)OCC(CNCCCNCCCOc1ccc3oncc3c1)O2,5.503445148468018,4.919684410095215,5.211564779281616
O=C1CCc2cc(OCCCCCCCCNc3c4c(nc5ccccc35)CCCC4)ccc2N1,7.547014236450195,5.56168270111084,6.554348468780518
Cc1cccc(C)c1NC(=O)c1cc2cc3ccccc3oc2oc1=O,,,
O=C(c1ccccc1)c1cc2ccccc2oc1=O,5.583279132843018,4.352619647979736,4.967949390411377
COc1c(O)ccc2c3c(C(=O)O)coc3ccc(O)cc12,5.801091194152832,4.8507280349731445,5.325909614562988
N#Cc1ccc(C=CC(=O)c2ccc(F)c(F)c2)cc1,4.02734375,6.774568557739258,5.400956153869629
Nc1ccc2cc(C(=O)O)ccc2c1,4.565784454345703,6.938772201538086,5.7522783279418945
CC#CCN(C)Cc1cc2cc(OCCCC3CCN(Cc4ccccc4)CC3)ccc2n1C,6.625539779663086,5.3276472091674805,5.976593494415283
CC(=O)OCOc1cc2oc(-c3ccc(Cl)cc3)nc2cc1OC(C)=O,5.1134843826293945,5.363344192504883,5.238414287567139
NCc1ccc(C(=O)OC2COC3C(OC(=O)C=Cc4ccccc4)OC(COCC3CCCCC3)C2OC)cc1,,,
Cc1c2ccccc2nc2c(C)cc(C(=O)OCCCCCOc3ccccc3)cc12,4.756499290466309,5.766828536987305,5.261663913726807
O=c1ccoc2ccc(OCc3ccccc3)cc12,4.489704132080078,6.758448123931885,5.6240761280059814
O=C1CCc2cc(OCCCCc3nn[nH]n3)ccc2N1,5.25232458114624,6.550084114074707,5.901204347610474
CCOC(=O)CCCCCCCCCCCCCCCCCCNCCCCCCNCCCCCN=C(Cc1ccc(O)cc1)OC,6.153524398803711,5.3401408195495605,5.746832609176636
c1ccc2c(c1)ccc1c3c(cccc3c1)C2,4.839974880218506,7.586273193359375,6.21312403678894
CCCc1cc2c(oc3ccccc32)c(=O)o1,5.076391220092773,4.1303324699401855,4.6033618450164795
O=C1Cc2c(cccc2OC2CCCCC2)N1,4.833508968353272,5.385339736938477,5.109424352645874
O=C1CCCc2cc(OCCC3CCN(Cc4ccccc4)CC3)ccc21,6.528691291809082,4.85969877243042,5.694195032119751
COc1ccc2c(c1)C(=O)C(=O)c1ccccc1O2,5.859931945800781,4.572403430938721,5.216167688369751
C#CCCCCOc1ccc2c(=O)c3ccccc3oc2c1,3.550672769546509,6.675395011901856,5.113033890724182
COc1ccc(C=Cc2nc3ccccc3c(=O)o2)cc1,5.404140472412109,6.495697975158691,5.9499192237854
CC(=O)c1c2ccc(C3CCCCO3)c-2oc2ccccc12,5.104194641113281,4.539563179016113,4.821878910064697
Fc1ccc(-c2nc3ncccc3s2)cc1,5.063051700592041,6.56561803817749,5.814334869384766
O=C1CCc2ccc(OCCCCc3c[nH]c4ccccc34)cc2N1,5.695967674255371,6.427007675170898,6.061487674713135
N#Cc1ccc(COc2ccc(OCCCCN3CCCCC3)c3occc23)cc1,4.97992467880249,5.79520845413208,5.387566566467285
c1ccc(-c2ccc(CNc3nc4ccccc4o3)s2)cc1,5.285441875457764,4.286480903625488,4.785961389541626
O=C1CCc2ccc(OCCCCCCCNc3c4c(nc5ccccc35)CCCC4)cc2N1,7.625903606414795,5.44810152053833,6.5370025634765625
COc1cc2c(cc1OC)CCCC2NCCCCCCCCCNC1CCOc2ccc(C)cc21,5.457328796386719,4.854703426361084,5.156016111373901
CC1=NC2C(=O)C(=COC3CCOCC3)C(=O)C2C(=O)n2ccsc21,,,
N#CCCCCOc1ccc2c(=O)ccoc2c1,3.889350175857544,6.369995594024658,5.129672884941101
CC(=O)Nc1cccc(C(=O)OC(C)CN2C(=O)oc3ccccc32)c1,5.387969493865967,4.743165969848633,5.0655677318573
COc1cc(C=CC=CC(=O)c2ccccc2O)ccc1O,5.179038047790527,6.048619270324707,5.613828659057617
CCCC(=O)Nc1ccc2c(C=Cc3ccccc3)noc2c1,5.316047191619873,5.989145278930664,5.6525962352752686
Cc1c2ccc(O)cc2nn1Cc1ccc(Cl)cc1,6.14669942855835,4.560664653778076,5.353682041168213
Cc1c2ccccc2c(CCCCCNc2c3c(nc4cc(Cl)ccc24)CCCC3)n1C,8.191573143005371,4.541721820831299,6.366647481918335
CCCCCCCCN(CCCCCCCN=C1CC(=O)C(=O)C1)OC,6.316161632537842,6.421623229980469,6.368892431259155
c1ccc2oc(-c3ccc(OCCCCCCN4CCCCC4)cc3)nc2c1,5.669027805328369,5.558369159698486,5.613698482513428
COC(=O)CCCCCCCCCCCCCCC(=O)Nc1ccc(CCNc2c3c(nc4cc(Cl)ccc24)CCCC3)cc1,7.290762901306152,5.326775550842285,6.308769226074219
COc1cccc(NC(=O)c2cc3cc(OC)ccc3oc2=O)c1,6.350717544555664,5.584723472595215,5.9677205085754395
O=C1C=CC2=CCCCC2C1=O,2.6534814834594727,6.59128999710083,4.622385740280151
COc1ccc(C2CC(C=O)=C(C2=O)C3OC(C)C(C)CO3)cc1,4.901978015899658,5.974918365478516,5.438448190689087
CC1=NC2CCCCC2C1=CC=Cc1ccoc1,5.413167953491211,6.933526992797852,6.173347473144531
O=C(C#CCCN1CCCC1)Nc1ccccc1F,6.23429536819458,5.011011600494385,5.622653484344482
COc1cc2c(cc1OC)CC1C3CCC(C(=O)C3(C)C)CCC1N2C,5.573610305786133,6.035433292388916,5.804521799087524
O=C(C=Cc1ccc(Cl)cc1)c1ccc2c(c1)OCCO2,4.586295127868652,6.26953649520874,5.427915811538696
CN(C)c1cccc(C2CC(O)C3OC(C)(C)OC3O2)c1,5.232675075531006,5.123044490814209,5.177859783172607
O=C(C=Cc1ccccc1)C1OCC(CCCCCNc2c3c(nc4ccccc24)CCCC3)O1,6.200503349304199,5.029716491699219,5.615109920501709
O=C1C(=O)C(c2ccc(O)c(O)c2)Oc2cc(O)cc(O)c21,5.846800804138184,4.774687767028809,5.310744285583496
O=C1c2ccccc2-c2nnc(-c3ccccc3)cc21,4.993725299835205,5.196288108825684,5.095006704330444
CCC=CCC=CCC=CCC=CCC=CCCCCN(C)C,5.344757080078125,3.259343147277832,4.3020501136779785
COc1cccc(C(=O)NN2c3ccccc3CC2C)c1,5.445845603942871,3.968754768371582,4.707300186157227
Clc1ccc(-c2coc3nc4c(cc3c2=O)CCCC4)cc1,5.008608818054199,6.017526626586914,5.513067722320557
CC(=O)c1ccc(OCCCCCC(C)=O)cc1,4.840686798095703,6.074174880981445,5.457430839538574
Cc1ccc2c(c1)c1cc(Cl)ccc1n2CCCO,5.701396465301514,6.288878440856934,5.995137453079224
CNC(=O)Oc1ccc2c(c1)OCO2,7.883949756622314,4.430697441101074,6.157323598861694
CC(NC1CCCC1)C(O)c1cccc(Cl)c1,4.272456645965576,4.729255676269531,4.500856161117554
N#Cc1ccc(-c2ccc3cc(C(=O)CC4CCCO4)ccc3c2)cc1,4.758749485015869,6.546910285949707,5.652829885482788
COc1ccc(CC2=CC3CCCCC3C(=O)OC(C)C23)cc1,,,
Fc1ccc(C2CC(c3c4ccccc4cc4ccccc34)=NN2)cc1,6.992987632751465,8.254765510559082,7.623876571655273
COc1ccc(C2CC(c3c4ccccc4cc4ccccc34)=NN2)cc1,6.800415992736816,7.829559326171875,7.314987659454346
Nc1c2c(nc3ccccc13)CCCC2,6.06611967086792,2.261878967285156,4.163999319076538
Cc1ccc(C2CC(=O)c3cc(Br)ccc3O2)o1,5.92442798614502,6.480164527893066,6.202296257019043
O=C1CCc2ccc(OCCCc3ccccc3)cc2N1,4.937067031860352,6.234482288360596,5.585774660110474
C#Cc1ccc(NC2=C(c3ccc(F)cc3)C(=O)c3ccccc3C2=O)cc1,4.9339141845703125,6.878643035888672,5.906278610229492
N#Cc1c2c(c(Cl)c3ccccc13)OCCO2,4.9522881507873535,3.721374034881592,4.336831092834473
NC(=O)c1cc2ccc(OCCC3CCN(Cc4ccc(Cl)cc4)CC3)cc2oc1=O,6.667191028594971,5.746704578399658,6.2069478034973145
CCCCCCN(CCCCCC)CCCCCCCCN=C(C)CCC,5.813836097717285,5.236260890960693,5.525048494338989
COc1cc2c3c(cccc13)C(=O)N2C(C)C,,,
O=C1c2ccccc2SCCCCCCN1CCc1ccccc1,4.431732654571533,4.722716808319092,4.5772247314453125
O=C1N=c2ccccc2=C1Oc1cc(O)ccc1Br,5.899173736572266,5.314595699310303,5.606884717941284
OC1CCCC1CCOCC=Cc1c[nH]c2ccccc12,4.420225620269775,5.501101970672607,4.960663795471191
O=C(C=Cc1ccco1)Nc1ccc2ccccc2c1,4.330117702484131,6.50602912902832,5.418073415756226
Cc1cc2oncc2cc1OCCCCCCCNc1c2c(nc3cc(Cl)ccc13)CCCC2,8.181458473205566,5.570091247558594,6.87577486038208
CC1CCCN1CCCOc1cc2oc3ccccc3c(=O)c2cc1Cl,5.969232082366943,5.113905429840088,5.541568756103516
CCCCCCNC(=O)CCCCCCCCCN=C(C)CCCCCN(C)CC,6.375176429748535,5.422784805297852,5.898980617523193
CCCCCCCCCC=CCCCCCC(=O)NCCCCCCCCCCN(C)C,5.529899597167969,4.959662437438965,5.244781017303467
COc1ccc(CC(=O)Nc2ccc(OC)cc2)cc1,4.779560089111328,3.671617031097412,4.22558856010437
O=C1c2ccccc2SCC(=O)N1CCCOc1ccccc1,5.7821197509765625,5.880029678344727,5.8310747146606445
Nc1ccc2c(=O)n(CCCC#CCCCCNc3c4c(nc5ccccc35)CCCC4)ccc2c1,7.643415927886963,4.680044651031494,6.1617302894592285
CNC(O)=Nc1ccc(OC(F)F)cc1,6.984119892120361,5.053101539611816,6.018610715866089
CCN=C1CCc2c1[nH]c1cc(OC)ccc21,5.727015495300293,5.172807693481445,5.449911594390869
C=Cc1cc2c(oc3ccc(O)cc32)c(=O)o1,6.033101558685303,4.480578422546387,5.256839990615845
COc1cc2ccc(OCc3ccc(F)c(F)c3)c(=O)oc2cc1O,,,
O=C(C=C1CCC(=O)O1)c1cccc([N+](=O)[O-])c1,5.0896172523498535,5.887690544128418,5.488653898239136
CCCCOCCOc1ccc2c(=O)c3ccccc3oc2c1OC,4.874239444732666,5.488290309906006,5.181264877319336
CN(C)Cc1cccc(C2CC3(C)C(CCC3(O)Cn3cccn3)Oc3ccc(F)cc32)c1,5.11545467376709,6.042259216308594,5.578856945037842
CC(=O)c1cc(OCCCCCCNc2c3c(nc4ccccc24)CCCC3)ccc1O,7.612186431884766,5.210843563079834,6.4115149974823
COc1cc2c(cc1OC)C(=O)C1(CCCCC1)O2,5.784704685211182,4.984250068664551,5.384477376937866
Cc1oc2ccc(OC(=O)NC3CCCCC3)cc2cc1C(=O)OC(C)C,,,
