SMILES,AChE_pXC50,MAOB_pXC50,AChE_MAOB_pXC50
CC(C)OCCC1C2CNCC21c1ccc(Cl)c(Cl)c1,4.6119489669799805,5.995302200317383,5.303625583648682
CC(=CC=C1C=CC(=O)C(OCC2CCCCC2)C1=O)C=CC=Cc1ccccc1,3.939346075057984,5.939503192901611,4.939424633979797
Cc1cc(C)cc(-c2cnc(NCc3cccnc3)s2)c1,4.883319854736328,5.601654052734375,5.242486953735352
CN(C)c1ccc(C=CC=C2C=CC(=[N+](C)CC)C=C2)cc1Cl,5.42198371887207,5.551564693450928,5.486774206161499
O=C(O)c1ccc2sc(NN=Cc3ccncc3)nc2c1,5.434085845947266,4.693926334381104,5.064006090164185
COc1ccc(C(=O)C=CC(=O)N(CCC(=O)N2CCN(C)CC2)Cc2ccc(F)cc2)cc1,5.14908504486084,4.888254642486572,5.018669843673706
CN(C)c1ccc(-c2cccc(Oc3ccc([N+](=O)[O-])cc3)c2)nc1,5.917474746704102,5.260678291320801,5.589076519012451
COc1ccc(Cn2c(=O)oc3ccccc32)cc1,5.6472487449646,4.716062068939209,5.181655406951904
O=C(O)c1cccc(-c2csc(-c3cc4ccccc4oc3=O)n2)c1,6.3778276443481445,5.602205276489258,5.990016460418701
COc1ccc(C2CC(c3c4ccccc4cc4ccccc34)=NN2)cc1,6.800415992736816,7.829558372497559,7.3149871826171875
CCN(CC)CCCC(C)Nc1c2ccc(Cl)cc2nc2ccc(OC)cc12,5.621278762817383,4.599571704864502,5.110425233840942
Cc1c(C)c2ccc(OCc3ccc([N+](=O)[O-])cc3)cc2oc1=O,5.39715051651001,8.414457321166992,6.905803918838501
N#CCNC(=O)C1CCCCC1,4.6311936378479,4.374588489532471,4.5028910636901855
C=CCN1CCC2(C)c3cc(O)ccc3CC1C2C,5.828747749328613,5.853732585906982,5.841240167617798
CC(Nc1cccc(C(C)(C)C)c1)C(=O)NCc1ccc(OC(C)(C)C(=O)O)cc1,4.526689052581787,3.537306785583496,4.031997919082642
CC1=NC2=CCCCN2C(=O)C1CCN1CCC(c2noc3cc(F)ccc23)CC1,7.390058517456055,6.018832683563232,6.7044456005096436
COc1cc(C(=O)N(C)C)ccc1OCCCCCN(C)C,5.627853393554688,4.5272603034973145,5.077556848526001
CCCCCc1c2cc(C)c(=O)oc2c(O)c2ccoc12,4.765478134155273,5.309361934661865,5.037420034408569
CC=CCC=C1C(=O)Oc2cc(OC(=O)NCCCCC)ccc21,6.612786293029785,5.638818740844727,6.125802516937256
COc1cc2nccc(Oc3ccc(NC(=S)NC(=O)c4ccccc4C)cc3)c2cc1OC,7.418941020965576,4.72916316986084,6.074052095413208
CC(O)(CNC(=O)c1ccc(Cl)c(Cl)c1)C1CC2CCC1C2,5.077490329742432,4.555997848510742,4.816744089126587
Cc1cc(NCCO)ccc1NC(=O)c1cccs1,5.373924732208252,5.714040756225586,5.543982744216919
O=C(O)c1ccc(C2CCCCC2=O)cc1O,4.575662612915039,5.960127830505371,5.267895221710205
CCC(=O)NC1CCc2cc(OC)c(OC)cc21,3.880648374557495,3.568187713623047,3.724418044090271
Cn1c(C#N)ccc1-c1cnc2c(c1)c(=O)[nH]c(=O)n2C,5.960273265838623,4.833925247192383,5.397099256515503
CN1N=C(N)c2cn(C3OC(CO)C(O)C3O)c3ncnc1c23,6.084883689880371,3.4663290977478027,4.775606393814087
CCCCNC(=O)Nc1ccc(Oc2ccc3[nH]c(NC(=O)CC)nc3c2)cc1,6.397127151489258,5.366885662078857,5.882006406784058
CC(C)NC(=O)c1ccccc1NC(=O)c1ccc(OCc2ccccc2)cc1,5.299862861633301,4.814700603485107,5.057281732559204
Cc1ccccc1NC(=O)C=Cc1ccccc1[N+](=O)[O-],5.616233825683594,4.961989402770996,5.289111614227295
COc1ccc(C(=O)N2N=C(c3ccc(C)cc3)CC2c2ccc(OC)cc2)cc1,6.1540846824646,4.681842803955078,5.417963743209839
CC(C)(C)NCc1cccc(C2CC3C=CC2C3)n1,4.392476558685303,3.7882838249206543,4.0903801918029785
CCNc1ncc2nc(-c3ccc(OC)cc3)c(=O)n(Cc3cccc(OC)c3)c2n1,4.981884479522705,5.147279739379883,5.064582109451294
COc1cc2c(c(OC)c1OC)C1=CC=C(SC)C(=O)CC1C(=NC=O)CC2,5.722127437591553,4.91115140914917,5.316639423370361
COc1cc2c(cc1OC)C(=O)C(Oc1ccc(C(=O)C(=O)Nc3cccc(C)c3)cc1)C2,6.429994106292725,4.54164457321167,5.485819339752197
CC(C)(C)N1CCN(CC(O)COc2cccc3ccccc23)CC1,4.176008701324463,4.192488193511963,4.184248447418213
Cc1cc(N)ccc1NC(=O)CCCOc1ccccc1,5.968475341796875,5.242495059967041,5.605485200881958
CN(C)c1ccc(C=CC=Cc2cc3ccccc3[n+]2C)c(F)c1,,,
Cc1nnc(C)n1N=Cc1ccc(O)c(O)c1O,6.530482292175293,3.8742716312408447,5.202376961708069
CC1=NC2=CCCCN2C(=O)C1CCN1CCC(c2noc3cc(F)ccc23)CC1,7.390058517456055,6.018840789794922,6.704449653625488
CCc1c(C)[nH]c2c1C(=NOC(=O)Nc1ccccc1)CCC2,5.725826740264893,4.694451332092285,5.210139036178589
O=C(NC1CCCC1)C1CCCN1S(=O)(=O)c1ccc(F)cc1,5.0060625076293945,5.432622909545898,5.2193427085876465
O=C(NCCC1CCN(Cc2cccc(Cl)c2)CC1)c1cc2ccccc2o1,7.322186470031738,3.883766651153565,5.602976560592651
O=C(C=Cc1ccccc1)Nc1ccc2c(c1)OCCO2,5.104298114776611,6.383691310882568,5.74399471282959
CCCCCCOc1ccc2c(=O)cc(-c3ccccc3)oc2c1,4.033825397491455,5.6225199699401855,4.82817268371582
CC(C)Oc1ccc(NC(=O)CCl)cc1,5.045989513397217,4.885194778442383,4.9655921459198
CC(C)CN=C1C(=O)c2ccccc2C(=O)C1Cl,6.484990119934082,5.312358856201172,5.898674488067627
CC=CCOc1ccc2c(CC=C)cc(=O)oc2c1,5.407061576843262,6.9956560134887695,6.201358795166016
O=C(C=Cc1ccccc1)NC(=S)Nc1ccc(S(=O)(=O)Nc2ccccc2)cc1,5.194683074951172,4.624079704284668,4.90938138961792
Cc1cccc2c1NC(=O)C2(O)CC1(C)C(=O)NC(=O)NC1=O,5.657358646392822,5.383041858673096,5.520200252532959
O=C1C=CC(=CNNC2CCCC2)C=C1O,3.5769331455230717,5.662638187408447,4.619785666465759
COc1cc2c(cc1OC)C(=O)C(Oc1ccc(C(C)(C)c3ccccc3)cc1)C2,6.298940658569336,4.63892936706543,5.468935012817383
COc1ccc(C2CC(c3c4ccccc4cc4ccccc34)=NN2)cc1,6.800415992736816,7.829558372497559,7.3149871826171875
CCN(CC)C(=O)CN1C(=O)C(=O)c2cc(SCC)ccc21,5.223979949951172,5.554859638214111,5.389419794082642
O=C(C=Cc1cccc(-c2cccc(Cl)c2)c1)Nc1ccccc1,4.224279403686523,6.028717041015625,5.126498222351074
O=C(O)c1cccc(-c2ccccc2OCc2ccc(Cl)cc2)c1,4.433074951171875,6.32061767578125,5.3768463134765625
CCN1CCC2(C)c3cc(OC(=O)Nc4ccc(OC)cc4)ccc3N(C)C12,6.244413375854492,5.069713115692139,5.657063245773315
C=Cc1cc(C(=O)OCC)cc(Cl)c1OC(C)=O,5.031636714935303,5.18120002746582,5.1064183712005615
COc1cc(CN(C)C)ccc1OCc1cccc(OC(=O)c2cc(Cl)ccc2OC)c1,5.269449710845947,4.706801891326904,4.988125801086426
Cc1cc(C(=O)NC2CCCCC2)ccc1[N+](=O)[O-],4.726417541503906,4.957527160644531,4.841972351074219
COc1cc(CCC(=O)N2CCN(C(C)=O)CC2)ccc1OCc1ccc(Cl)cc1,5.619058132171631,5.21769905090332,5.418378591537476
O=C(NCCCCCCCCCNc1c2c(nc3cc(Cl)ccc13)CCCC2)c1ccc(Cl)cc1,8.585686683654785,4.60390043258667,6.5947935581207275
COc1ccc(C(=O)Nc2c(Cl)cnc3cc(OC)c(OC)cc23)cc1,5.811516761779785,4.34751033782959,5.0795135498046875
N#Cc1cccc(C=NNC(=O)c2cc(-c3cccc(Cl)c3)nc3ccccc23)c1,5.056323051452637,5.704364776611328,5.380343914031982
C#CCNC(=O)C1CCC(CNC(=O)c2ccc(C)c(F)c2)C(CC2CCCC2)C1,5.457062244415283,4.2437615394592285,4.850411891937256
CC(O)c1cccc(C=C2C=CC(C(=O)N3CCOCC3)OC2=O)c1,4.865158081054688,4.775884628295898,4.820521354675293
COc1ccc(C(=O)N2CCOCC2)cc1OC(C)C,5.083876609802246,4.002285957336426,4.543081283569336
CC(=O)N1N=C(c2ccccc2O)CC1c1ccc(C)cc1,7.041308879852295,5.429198265075684,6.235253572463989
O=C(O)c1ccc(Cl)c(NC(=O)c2cc3ccccc3oc2=O)c1,6.263551235198975,5.667815208435059,5.965683221817017
COc1ccc2[nH]c3c(c2c1)CCNC3C,4.664571285247803,5.887040138244629,5.275805711746216
O=c1cc(-c2ccccc2)oc2cc(O)c(O)cc12,4.912286281585693,4.503289222717285,4.707787752151489
OC(COc1ccc(F)cc1)COc1ccc2c(c1)OCO2,4.377002716064453,6.550168514251709,5.463585615158081
C=CCOc1cc2c(cc1OC)CCCC2,5.621645450592041,5.309168815612793,5.465407133102417
NC(=O)Oc1cccc(-n2c(S)nnc2-c2ccc(Br)cc2)c1,6.180922031402588,5.001394748687744,5.591158390045166
CCC(C)C(=O)NCC#Cc1ccc(OCc2ccc(F)cc2)cc1,4.235862731933594,6.642637729644775,5.439250230789185
COc1cccc(NC(=O)N2CCC(NC(=O)C3CCCC3)CC2)c1,4.765803337097168,4.3368072509765625,4.551305294036865
O=C(CCN1C(=O)SC(=Cc2ccccc2)C1=O)Nc1ccccc1,6.025620460510254,5.677502155303955,5.8515613079071045
Cc1oc2cc(c3c(C45CC6CC(CC(C6)C4)[N+](C)(C)C5)ccc3[n+]2c1C,,,
Cc1c(C)c2ccc(OCc3cccc([N+](=O)[O-])c3)cc2oc1=O,5.40964412689209,8.44015884399414,6.924901485443115
O=C(NCCO)c1ccsc1NC(=O)c1ccc2ccccc2n1,6.675649166107178,5.533025741577148,6.104337453842163
CCN(CC)CCOc1ccc(C=C2C(=O)NC(=S)N(C)C2=O)cc1,5.3535566329956055,5.860264778137207,5.606910705566406
N=c1scnc1C(=O)Nc1ccc(Cl)cc1,,,
CCN(CC)c1nc2c(c(=O)n(Cc3ccc(F)cc3)c(=O)n2C)n1C,5.437385559082031,5.699464797973633,5.568425178527832
COc1cc2c(cc1OC)C1=NOC(CN3CCN(CC(C)=Cc4ccco4)CC3)C1CO2,6.715887069702148,4.724155426025391,5.7200212478637695
COc1cc(C=Cc2ccnc3ccccc23)cc(OC)c1OC,4.727647304534912,4.951252460479736,4.839449882507324
CCOC(=O)NC1=NC(c2ccccc2)CS1,7.376339435577393,5.548261642456055,6.462300539016724
COc1ccc(Cl)c2c(O)n3c(c12)C=CC(CCC(=O)NC1CCCCC1)CO3,5.842771530151367,4.960972309112549,5.401871919631958
CN(C)CC1CC2c3ccccc3Oc3ccc(Br)cc3C2O1,4.669798374176025,5.669631004333496,5.169714689254761
O=C1C(=O)C(NCCc2ccc(Oc3ccccc3)cc2)C1=Nc1ccncc1,6.504975318908691,4.961444854736328,5.73321008682251
O=C(c1ccc(F)cc1)C1CCN(CCC2CCN(Cc3ccc(Cl)cc3)CC2)CC1,6.1725664138793945,4.1116719245910645,5.1421191692352295
O=C1CC(=CSc2nc3ccccc3s2)c2ccccc21,5.689423084259033,5.39478063583374,5.542101860046387
CC1=CC2Cc3nc4cc(Cl)ccc4c(NCCCCCCCCCNC(=O)c4cc(O)c5c(c4)C(=O)c4cccc(O)c4C5=O)c3C(C1)C2,8.481307029724121,5.611645698547363,7.046476364135742
C=CCn1c(C)cc(C2=NN=C(NC3CC3)SC2)c1C,7.315834999084473,5.777228355407715,6.546531677246094
Cc1c(C)c2c(c(C)c1O)CCC(C)(CC2CC(=O)NC(C(=O)O)c3ccccc3)C2)O2,,,
CN(C)C1(CNCCC2CCOCC2)COc2ccccc2OC1,4.520482540130615,5.510475158691406,5.015478849411011
COc1ccc(-c2cc3c(nn2)-c2ccccc2C3=O)cc1,5.212551593780518,5.944971084594727,5.578761339187622
Nc1c(Cl)cc(S(=O)(=O)N2CCCCC2)cc1Cl,5.965360641479492,4.816385269165039,5.390872955322266
O=C(CCl)Oc1ccc2c(c1)C1CCCCC1C(=O)O2,5.413469314575195,6.295146465301514,5.8543078899383545
O=C(CC#CCN1CCCCC1)Nc1ccc2c(c1)OCCO2,6.155310153961182,4.709041595458984,5.432175874710083
CCCCOC(=O)NS(=O)(=O)c1ccccc1-c1ccc(CNC(=O)C2CCC2)cc1,5.690384864807129,4.862107276916504,5.276246070861816
CC(C)(CNC(=O)CCc1c[nH]c2ccccc12)CN(C1CCCCC1)SC(C)(C)C,6.018505573272705,3.5582666397094727,4.788386106491089
O=C1c2ccccc2-[n+]2ccc3c([nH]c4ccccc43)c21,4.619190692901611,5.365114688873291,4.992152690887451
CC(=O)Nc1ccc(OC(=O)c2cn(-c3ccc(Cl)cc3)nc2-c2cccc(Cl)c2)cc1,5.448243618011475,5.089152812957764,5.268698215484619
COc1cc(C#N)cc(Br)c1OC(=O)c1cccnc1,5.227232933044434,4.803491115570068,5.015362024307251
CCCNC(=O)OC1=COC(=CN2CCCCC2)CC1=O,4.283867835998535,4.399067401885986,4.341467618942261
Cc1onc(-c2ccccc2Cl)c1C(=O)NCCC1CCCN1C,6.863571643829346,4.723392963409424,5.793482303619385
CN1CC=CC1COC(=O)c1ccccc1O,4.854483127593994,4.687984943389893,4.771234035491943
CCC(=O)CCCCc1ccc2c(c1)OCCO2,5.0604166984558105,5.275204181671143,5.167810440063477
COc1cccc(-c2cc(=O)c3ccccc3o2)c1N,5.890967845916748,3.322573661804199,4.606770753860474
CN1CCC(Oc2cccc3c2=C(O)N(CCCCO)C3=O)CC1,,,
COc1cccc(-c2cc3c(=O)n(C)c4cc(OC)ccc4n3n2)c1,5.188211441040039,5.216035842895508,5.202123641967773
Cc1ccccc1-c1nc2cc(Cl)cnc2n1C,5.45526933670044,5.006242275238037,5.230755805969238
Cn1cnc(CCC(=O)c2ccc(F)c(F)c2)n1,5.569137573242188,6.56242561340332,6.065781593322754
O=C(CCc1c[nH]c2ccccc12)Nc1ccccn1,4.713564872741699,5.304394721984863,5.008979797363281
CC(C)(C)c1cc(C=C(C#N)C#N)cc(Br)c1O,4.575815200805664,4.805994987487793,4.6909050941467285
CC1=CC(C)(C)Nc2ccc3c(c21)C(=Cc1ccccc1C)Oc1ccc(F)cc1-3,5.631093502044678,6.6444830894470215,6.13778829574585
CN(C)C(=O)c1ccc2c(c1)C(=O)N(CCCCCN1CCN(c3ccc(F)cc3)CC1)O2,6.908638000488281,5.0727152824401855,5.990676641464233
O=C1NC(=O)C(c2ccccc2[N+](=O)[O-])=C1c1ccc(O)cc1,5.22882080078125,5.128052711486816,5.178436756134033
COc1cc2c(cc1OC)C1=NOC(CN3CCN(CC(C)=Cc4ccsc4)CC3)C1CO2,6.704949378967285,4.791882514953613,5.748415946960449
CN(C)c1ccc(C=CC=C2C=CC(=[N+](C)C)C=C2)cc1,4.689563751220703,5.64225959777832,5.165911674499512
CN1CC=CCCOc2cccc(c2)-c2ccnc(n2)Nc2cccc(c2)C1,3.8821029663085938,5.409505367279053,4.645804166793823
CN(C)c1ccc(C=C2C(=O)ON=C2c2cccnc2)cc1,5.130490779876709,6.223190307617188,5.676840543746948
CN(C)C1CCC(Oc2cc(OCc3ccccc3)c3c(c2)OCO3)CC1,4.923044204711914,4.976624488830566,4.94983434677124
Cc1c(Cc2ccccc2)c2ccc(CN3CCCC3)cc2oc1=O,6.189963340759277,4.116652011871338,5.153307676315308
COc1ccc(CC(=O)Nc2sc3c(c2C(=O)N2CCN(c4ccc(F)cc4)CC2)CCC3)cc1OC,6.16818904876709,4.454381942749023,5.311285495758057
CN(C)c1ccc(C=C2C(=O)Nc3ccccc32)cc1,5.143176078796387,6.588056564331055,5.865616321563721
Cc1cc(OCCC(=O)NN=Cc2ccccc2Br)ccc1[N+](=O)[O-],5.520541667938232,5.360063552856445,5.440302610397339
CN(C)C(C(=O)NCCc1cccc2c1OCO2)c1cccc(F)c1,5.44550371170044,4.628064155578613,5.036783933639526
CCCOC1OC(COc2ccccc2)C=C(c2ccccc2)C1CCCO,4.460464954376221,5.663521766662598,5.061993360519409
COc1cc2c(cc1OC)C(=O)C(C(C)C)CC2,5.560237407684326,4.693085670471191,5.126661539077759
COc1cc2c(cc1OC)C1=NOC(CN3CCN(CC(C)=Cc4ccc(F)cc4)CC3)C1CO2,6.733798027038574,5.186834335327148,5.960316181182861
CCCCCCCN1CCN(c2cccc(Cl)c2)CC1,5.504705905914307,4.490180015563965,4.997442960739136
Cc1ccc(N=C2c3cc(O)ccc3OC(=N)C2C#N)cc1,6.904289722442627,4.247342586517334,5.5758161544799805
CC12CCC(O)CC1=CCC1C2CCC2(C)C1CCC2(C)O,4.386000633239746,7.869696617126465,6.1278486251831055
CCOc1ccc2cc(-c3csc(N)n3)ccc2c1,5.307039737701416,5.968474388122559,5.637757062911987
CC(C)(C)OC(=O)NCCCCC(=O)Nc1ccc2c(c1)-c1ccccc1S2,5.971785545349121,4.556757926940918,5.2642717361450195
NC(=O)c1sc2c(Br)ccc(Cl)c2c1N,6.371959686279297,2.926008462905884,4.64898407459259
CC(C)(C)c1cc(NC(=O)C(=O)c2cccc3ccccc23)n(-c2ccc(OCC(N)=O)cc2)n1,5.5857672691345215,4.856871604919434,5.2213194370269775
COc1ccc(OC)c(C=C2C(=O)Nc3ccccc32)c1,5.602932929992676,5.646757125854492,5.624845027923584
CC1CCc2c(sc(NC(=O)c3cccs3)c2C#N)C1,6.493489742279053,5.357790946960449,5.925640344619751
Cc1cccc(NC(=O)Nc2ccc(-c3csc4c(C#CCCCCCCCCN)cnc(N)c34)cc2)c1,5.595563888549805,5.4030961990356445,5.499330043792725
Cn1c(=O)c2c(nc(SCc3cccc(Br)c3)n2C)n(C)c1=O,5.733372688293457,6.556705474853516,6.145039081573486
CC(C)C1=NOC2(C1)C(=O)N(Cc1ccccc1)c1ccccc12,6.327394485473633,5.00197696685791,5.6646857261657715
COc1cc(C=CC=CC(=O)c2ccc(C)cc2)ccc1O,4.542118549346924,5.672982215881348,5.107550382614136
CN(C)c1ccc(CC2=c3ccccc3=NC2=O)cc1,5.365333080291748,6.217818260192871,5.79157567024231
O=C1c2ccccc2-c2n[nH]c3cccc1c23,4.932783126831055,5.525638580322266,5.22921085357666
Nc1c(Br)cccc1C(=O)Nc1ccc2c(c1)OCO2,6.125341415405273,4.506772994995117,5.316057205200195
Oc1ccc(C2=CC3CCC(C2)N3Cc2ccco2)cc1,6.080080509185791,5.463504791259766,5.771792650222778
NCC1OC(n2cnc3c(O)ncnc32)C(O)C1O,4.711108207702637,3.4247031211853027,4.06790566444397
CNC(=O)COc1ccc(C=CC2=NN(C)C(=O)C(C)(C)C2)cc1,6.089871406555176,5.931534767150879,6.010703086853027
Fc1ccc(-c2nc3sccn3c2-c2ccncc2)cc1,5.310950756072998,5.878870010375977,5.594910383224487
O=C(CCc1ccc2ccccc2c1)Nc1nnc(C2CC2)s1,6.436453819274902,5.960062026977539,6.198257923126221
O=C(C=Cc1cccc2cc(O)n(CCCCCn3ccnc3)c12)NCc1ccccc1,6.0209126472473145,5.550692558288574,5.785802602767944
COc1cccc(-c2csc(NN=Cc3ccco3)n2)c1,5.021340847015381,5.393505573272705,5.207423210144043
O=C1C=CC(=CNNC=Cc2cccc(O)c2O)CC1=O,4.534540176391602,6.541818141937256,5.538179159164429
CC1CCN(S(=O)(=O)c2ccc(C=CC(=O)NCCCC3=CCCCC3)cc2)CC1,5.03493595123291,4.598447799682617,4.816691875457764
O=C(O)C1CCN(C2CCC3(Cc4ccccc4Oc4ccccc43)C2)C1,5.594114303588867,4.9407734870910645,5.267443895339966
CCC1(c2cccc(O)c2)CCCCN(CCCC(=O)c2ccc(F)cc2)C1,5.774801254272461,4.472861289978027,5.123831272125244
Oc1cc2c(cc1O)C1c3cc4c(cc3CNC1CC2)OCO4,5.236538887023926,6.097690105438232,5.667114496231079
CC1(C)C=C2Oc3ccc(F)cc3C(=O)C2C(=O)C1,4.369480609893799,6.470454216003418,5.419967412948608
COc1ccc(C2CC(c3c4ccccc4cc4ccccc34)=NN2)cc1,6.800415992736816,7.829558372497559,7.3149871826171875
Cc1ccccc1C#CCSc1nc2c(c(=O)n1C)CCCC2,6.15435266494751,6.44530200958252,6.299827337265015
Cc1cccc(C2CC(c3ccccc3)=NN2C(=O)COC(=O)c2ccco2)c1,6.59957218170166,4.856829643249512,5.728200912475586
COc1ccc2c(c1)CCC(CC1CCN(Cc3coc(O)c3C)CC1)O2,6.208951950073242,4.59035062789917,5.399651288986206
CN1CCN(C=C2C=C(SCC(=O)Nc3ccccc3)NC2=O)CC1,4.988979816436768,4.753702163696289,4.871340990066528
CC(N)Cn1ccc2cc(F)c(Cl)cc21,4.418909549713135,5.534825801849365,4.97686767578125
O=C(C=Cc1ccc(Cl)cc1)c1cccc([N+](=O)[O-])c1,4.351325035095215,5.618209838867188,4.984767436981201
c1ccc2c(c1)-c1cccc3c1C2CCNC3c1cccc2ccccc12,4.470059394836426,7.069731712341309,5.769895553588867
O=C(NCc1ccccc1)c1ccc2c(c1)OCCO2,5.542187213897705,4.746092319488525,5.144139766693115
O=C(Nc1cccc(C2Nc3ccccc3C3COCC23)c1)c1ccccc1,5.110918521881104,5.898960113525391,5.504939317703247
CCN(C)CCCNC(=O)C=Cc1cnc(N)c2c(-c3ccc(NC(=O)Nc4cccc(C)c4)cc3)csc12,6.1121368408203125,5.116249561309815,5.6141932010650635
CC1CCN(CCO)C(=O)C=CCOc2ccc(S(=O)(=O)N(C)c3ccc(Cl)cc3)cc2O1,5.37847375869751,5.147419452667236,5.262946605682373
COc1cc2c(cc1OC)CN(C=Nc1ccc3c(c1)OCCO3)CC2,5.585659503936768,4.550571441650391,5.068115472793579
Cc1ccc(C=CC(=O)c2coc(=O)c(Br)c2)cc1,4.30464506149292,6.700176239013672,5.502410650253296
COC(=O)C1C(C)=NC(=O)N(C(=O)NCCCN2CCC(C(=O)OC)(c3ccccc3)CC2)C1c1cccc(F)c1,6.451076984405518,5.093283176422119,5.772180080413818
O=C1C(=O)C(NCc2cccc(Cl)c2)C1=Nc1ccncc1,5.703125,5.393734931945801,5.5484299659729
COc1ccc(C2=Nn3c(nnc3-c3ccccc3OC)SC2)cc1OC,6.002158164978027,4.742388725280762,5.3722734451293945
CCN(CC)CCOC(=O)c1cccc(S(=O)(=O)N2CCCCC2)c1,5.090447425842285,5.070277690887451,5.080362558364868
CCOC(=O)c1c(-c2ccccc2)csc1N=CC1CC(=O)O1,6.568030834197998,5.390771389007568,5.979401111602783
COc1cc2nncc(-c3ccc4c(c3)OCCCO4)c2cc1OC,4.941528797149658,5.096407413482666,5.018968105316162
COc1cc2c(cc1OC)C(=O)C(=Cc1ccco1)C2,6.3464555740356445,5.3224711418151855,5.834463357925415
N#Cc1cc(C#N)c(NCCCO)nc1Nc1ccccc1,4.986695289611816,6.035029411315918,5.510862350463867
O=C(Cc1ccc(Cl)cc1)Nc1ccc(Br)cn1,4.167331218719482,4.536129474639893,4.3517303466796875
CC(=O)c1ccccc1OCC(O)CN1CCN(C(c2ccccc2)c2ccccc2)CC1,5.473663330078125,3.7423152923583984,4.607989311218262
CC(=O)NC(Cc1ccc(O)cc1)C(=O)NC(Cc1ccccc1)C(=O)O,4.587324619293213,3.1240651607513428,3.855694890022278
c1csc(C2CN3CCSC3=N2)c1,7.117712020874023,6.565881252288818,6.841796636581421
COc1ccc2cc(-c3ccc(SC)cc3)c(=O)oc2c1,5.7882843017578125,6.664274215698242,6.226279258728027
O=C(C=Cc1cccc(Cl)c1)NC12CC3CC(CC(C3)C1)C2,5.570638179779053,4.460453510284424,5.015545845031738
O=c1cc(-c2ccc(O)c(O)c2)oc2c1ccc1ccccc12,5.298251152038574,5.224016189575195,5.261133670806885
O=C1c2ccccc2-c2n[nH]c3cccc1c23,4.932783126831055,5.525638580322266,5.22921085357666
c1ccc(-c2ccc(Cc3ccon3)o2)cc1,5.101276874542236,4.318634986877441,4.709955930709839
Cc1ccc(C(c2nnnn2Cc2ccco2)N2CCN(C3CCCCC3)CC2)cc1,5.634555816650391,5.247645854949951,5.441100835800171
CCCCSc1ccc(-c2ccc(C(=O)O)cc2)cc1,4.37349796295166,5.89585018157959,5.134674072265625
Cc1ccc(-c2cn3cc(C)ccc3n2)cc1,5.19586706161499,5.552902221679688,5.374384641647339
COc1cc(-c2ccc(NC(=O)Nc3ccc(F)c(C)c3)cc2)c2c(N)noc12,,,
O=C(NC1CCCCC1OC(=O)c1cc(O)c(C(=O)c2c(O)cccc2C(=O)O)c(O)c1)c1ccc(O)cc1,5.5776567459106445,4.875247001647949,5.226451873779297
COc1cc(-c2csc3c(C=CCNC4CCCC4)cnc(N)c23)ccc1NC(=O)c1ccccc1,6.385927677154541,5.1126885414123535,5.749308109283447
Cc1cc2c(c(=O)o1)C1CCC(CN(C)Cc3ccc(Cl)cc3)CC1C2,5.300799369812012,4.893364906311035,5.097082138061523
Clc1ccc(C2CN3CCCC3c3cc(Cl)ccc32)cc1,4.659196853637695,6.827520370483398,5.743358612060547
COc1ccc(S(=O)(=O)NC(=O)Oc2ccc3c(c2)C2CCCCC2C(C)N3)cc1,5.781522750854492,4.562550067901611,5.172036409378052
Cc1cccc(NC(=O)c2ccc(C)c(S(=O)(=O)N3CCOCC3)c2)c1,5.5984954833984375,5.117096424102783,5.35779595375061
CCc1cccc(C)c1NC(=O)N1CC(C)Oc2cccc(C(C)=O)c21,6.519125938415527,4.537258148193359,5.528192043304443
CCOC(=O)CCC1=C(Cc2ccc(Cl)cc2)C(=O)CC1,4.967994689941406,5.700387477874756,5.334191083908081
O=C(CCCN1CC=C(n2c(O)nc3ccccc32)CC1)c1ccc(F)cc1,6.559193134307861,5.347151756286621,5.953172445297241
CCOC1OC(C(=O)N2CCN(C(=O)C(CO)Cc3ccc(OC)c(OC)c3)CC2)C(O)C1O,6.070833683013916,4.398266315460205,5.2345499992370605
CC(NC1C(=O)C(=O)C1=Nc1ccncc1)C(C)(C)C,5.5386152267456055,5.903437614440918,5.721026420593262
O=C(Nc1ccc2n[nH]cc2c1)c1cccc(F)c1,5.22772741317749,5.940925121307373,5.584326267242432
O=C(O)c1cccc(NC(c2ccccc2)c2ccc3cccnc3c2O)c1,5.251895904541016,5.415947437286377,5.333921670913696
COc1ccc(C2=C(OC(=O)NC3CCCC3)C3C(=O)c4ccccc4C(=O)C3CCCCC23)cc1,,,
Cc1ccc(-c2csc(Nc3ccccn3)n2)s1,5.305461883544922,6.372461318969727,5.838961601257324
CCN(CC)CCOC(=O)C=Cc1ccccc1,4.281865119934082,5.5550312995910645,4.918448209762573
CCC(=O)Nc1ccc2c(c1)C(=O)C(=O)c1ccccc1-2,5.527045249938965,6.0119733810424805,5.769509315490723
C#CCN(C)Cc1cc2cc(OCc3ccccc3)ccc2n1C,4.428907871246338,7.657023429870605,6.042965650558472
Nc1ccc(CN2CCC(COc3ccc(C(F)(F)F)cc3)CC2)cc1,6.459364891052246,5.017971515655518,5.738668203353882
COc1cc2c(cc1OC)C(=O)C(Oc1ccc(C)cc1)C2,6.67012357711792,4.894330978393555,5.782227277755737
CN(C)CCC=C1c2ccccc2Sc2ccc(Cl)cc21,4.476421356201172,4.901605606079102,4.689013481140137
CN(C)CCOc1ccc2c(c1)OCO2,3.655928134918213,5.051391124725342,4.353659629821777
O=C(NN=Cc1cccc2ccccc12)c1cc(-c2ccco2)nc2ccccc12,5.033471584320068,4.91481876373291,4.974145174026489
O=C(O)COc1ccc(Cl)cc1C=Cc1ccc(Br)s1,3.969428777694702,5.87028169631958,4.919855237007141
O=C(NCc1cccnc1)C1CCCN(c2nc3c(s2)CCCC3)C1,5.539374351501465,5.3782477378845215,5.458811044692993
CCCCCCCCCCCCCCNCCCP(=O)(O)O,5.1969990730285645,5.820040702819824,5.508519887924194
COc1cccc(C#Cc2cccc(C3=NC(C)C(C)(C)N3)n2)c1,5.586102485656738,5.426124572753906,5.506113529205322
O=C(O)COc1ccc(C=Cc2ccc(Br)cc2)cc1,3.40475869178772,6.460585594177246,4.932672142982483
Cc1ccc(N2C(=O)C(C=Cc3ccco3)Oc3ccc(O)cc32)cc1,6.490102767944336,4.57843828201294,5.534270524978638
Cc1ccccc1NC(=O)Nc1ccc(NC(=O)c2csc3ncnc(N)c23)cc1,6.0934648513793945,4.6231184005737305,5.3582916259765625
Cc1ccc(-c2nc3ccccc3n2CCCO)cc1,5.197032451629639,4.600449085235596,4.898740768432617
O=C(Nc1ccc(Br)cc1)c1cc2ccccc2oc1=O,5.778143405914307,6.165631771087647,5.971887588500977
CC(C)CC(=O)NC(=S)NCCc1ccc(O)cc1,6.16948127746582,4.023192405700684,5.096336841583252
CC#CC1(O)CCC2C3CC=C4CC(=O)CCC4=C3C(c3ccc(N(C)C)cc3)CC21C,5.401867866516113,7.634382724761963,6.518125295639038
CC(=O)NCC1(c2ccccc2)CCCN(CC2CC2(C(=O)N(C)Cc2ccccc2)c2ccc(F)cc2)C1,4.83394193649292,4.150432586669922,4.492187261581421
Nc1cc(F)ccc1C(=O)C=Cc1ccccc1,5.164937973022461,5.965547561645508,5.565242767333984
O=c1c(=Cc2ccc(O)cc2)sc2nc3ccccc3n12,5.624547004699707,4.288140296936035,4.956343650817871
O=C(NC1CCCCC1)c1cc2ccccc2oc1=O,5.66485595703125,5.369811534881592,5.517333745956421
COc1cc2c(cc1OC)C(=O)C(C)C2,7.520417213439941,4.710775375366211,6.115596294403076
CC(C)C1=NN2C(=O)C(=COC(=O)c3ccccc3O)N=C2S1,8.146021842956543,4.282220840454102,6.214121341705322
N#Cc1ccc(N2CCN(C(=O)c3cnn(-c4ccccc4)c3-n3cccc3)CC2)cc1,5.368090629577637,4.696349620819092,5.032220125198364
Fc1ccc(-c2nc3cnccn3c2-c2ccnc(NCC3CC3)n2)cc1,6.186202049255371,5.99031400680542,6.0882580280303955
CCCCCNC(=O)c1[nH]c(C)c(C(=O)OC2CC3CC(C2)CC3(C)C)c1C,5.955958843231201,3.997903823852539,4.97693133354187
N#CC(=Cc1ccc(O)c(O)c1)C(=O)NCCCc1ccccc1,5.641645908355713,5.685592174530029,5.663619041442871
Fc1ccc(C2=NCCN2)c(C(F)(F)F)c1,5.877076625823975,6.327313423156738,6.1021950244903564
Cc1cc(=O)oc2cc(OCc3ccc(Cl)c(Cl)c3)ccc12,3.971619129180908,8.001903533935547,5.9867613315582275
Cc1nn(Cc2ccccc2)c(C)c1NC(=O)c1ccc(C(=O)N(C)C)cc1,6.097437381744385,3.771512985229492,4.9344751834869385
COc1ccc(C(=O)OCC(=O)NN=Cc2ccc4c(c2)OCO4)cc1OC,5.088646411895752,3.9805593490600586,4.534602880477905
COc1cc2c(cc1OC)CN(CCc1cc3c(=O)[nH]c(=O)n(C)c3nc1O)CC2,6.435667514801025,4.820452690124512,5.6280601024627686
CN(C)c1ccc(C(=O)OCC2CCCCC2)cc1,4.3471293449401855,4.90118932723999,4.624159336090088
NCC(=O)NC(=S)NCc1ccccc1,5.035886764526367,4.863243103027344,4.9495649337768555
CCCCn1cc2c3c(cccc31)N(C)C(=O)C2,5.91879415512085,5.22624397277832,5.572519063949585
CC1=CC2Cc3nc4cc(Cl)ccc4c(NCCN(C)C)c3C(C1)C2,7.072508335113525,4.509391784667969,5.790950059890747
N#CC(=Cc1ccc(O)c(O)c1)C(=O)NCc1ccccc1,5.139800071716309,5.498981952667236,5.3193910121917725
CC(=O)Nc1cccnc1N1CCN(C(=O)OC(C)(C)C)CC1,4.600783824920654,3.2140469551086426,3.9074153900146484
NC(=O)C=Cc1coc2cc(OCc3cccc(Cl)c3)ccc12,3.8391289710998535,7.605935096740723,5.722532033920288
C=CCn1c(C)cc(C2=NN=C(NC)SC2)c1C,7.611312389373779,5.5632195472717285,6.587265968322754
Cc1cccc(C)c1NC(=O)c1oc2ccccc2c1C,6.168567657470703,4.675824165344238,5.422195911407471
Cc1cc(N2CCN(CCCOc3cccc4ccccc34)CC2)n2ncc(-c3ccccc3)c2n1,5.393989086151123,5.039587020874023,5.216788053512573
COC(=O)c1sccc1NC(=O)c1ccc2c(c1)OCCO2,6.1861677169799805,4.916153907775879,5.55116081237793
O=[N+]([O-])c1cccc(C2=Nn3c(nnc3-c3ccccc3OCCO)SC2)c1,6.364015102386475,5.450881004333496,5.907448053359985
COc1ccccc1CNS(=O)(=O)c1ccc2c(c1)CC(C)N2C(=O)C1CC1,6.172328472137451,4.323896884918213,5.248112678527832
CCc1ccc(NC(=S)N=C2NC3CCCC(C)C3C2)cc1,5.208769798278809,4.537996292114258,4.873383045196533
Clc1ccc(-c2noc(-c3ccc4c(COCC5CCCCO5)cccc4n3)n2)cc1,5.860959053039551,6.152507781982422,6.006733417510986
CCOC(=O)C1C(C)=NC(C)=C(C(=O)OCC)C1c1cccc(OC)c1,6.456283092498779,4.6638360023498535,5.560059547424316
O=C(CCCc1c[nH]c2ccccc12)N1CCCC1,6.281128883361816,4.662740230560303,5.47193455696106
O=C1CCC(C2NCCc3cc(O)c(O)cc32)N1,4.01917839050293,6.102884292602539,5.061031341552734
NCCCCCCCCCCNc1c2c(nc3ccc(Cl)cc13)CCCC2,6.773836135864258,4.874025821685791,5.823930978775024
O=C1c2ccccc2S(=O)(=O)N1CCCCN1CCC(n2c(O)nc3ccc(F)cc32)CC1,6.729504108428955,5.987773895263672,6.3586390018463135
O=C1COc2ccc(C(=O)CCl)cc2N1,4.626342296600342,5.620645999908447,5.1234941482543945
COc1ccc(CCNC2CCc3ccc(O)cc3C2)cc1,4.258388519287109,4.094614028930664,4.176501274108887
O=C(Nc1ccc2c(c1)OCO2)c1ccc(F)cc1,5.111402988433838,5.804024696350098,5.457713842391968
CN(C)c1ccc(C(=O)NCCCc2cccc(O)c2)cc1,5.443352222442627,4.556878566741943,5.000115394592285
CC(=O)OC1COC2(COC(=O)c3cccc4c3OCCO4)COC12,3.980599880218506,4.566933155059815,4.27376651763916
O=C(O)COc1cccc([N+](=O)[O-])c1,4.6851115226745605,5.01117753982544,4.84814453125
CN1CCN(C2=Nc3cc(Cl)ccc3N(NC(=O)c3ccco3)c3ccccc32)CC1,5.563777446746826,4.3925862312316895,4.978181838989258
Cc1ccc(COc2ccc(C(=O)NC(=S)Nc3ccc(F)cc3)cc2)cc1,5.688159942626953,5.284016609191895,5.486088275909424
CC(N)(COP(=O)(O)O)C(=O)Nc1ccc(OCCCc2cccnc2)cc1,4.681808948516846,6.3953857421875,5.538597345352173
CN(C)CCCCC(=O)Nc1ccc(Nc2c3ccccc3nc3ccccc23)cc1,5.124795436859131,4.383150100708008,4.753972768783569
CC1=CC2Cc3nc4cc(Cl)ccc4c(NCCCCCCCNC(=O)c4cc(Cl)c5c(c4)C(=O)c4cccc(O)c4C5=O)c3C(C1)C2,8.337108612060547,5.617653846740723,6.977381229400635
COc1cc2c(cc1OC)C(=O)C(Oc1ccc(C)cc1)C2,6.67012357711792,4.894330978393555,5.782227277755737
Nc1c(-c2ccccc2)c2cc(Cl)ccc2[nH]c1=O,5.208289623260498,4.978085517883301,5.093187570571899
C#CCN(C)C(C)Cc1ccccc1,4.207381248474121,6.7008585929870605,5.454119920730591
COc1ccc(-c2cn3cc(C(=O)NCCCN4CCCC4CO)sc3n2)cc1,5.924591064453125,5.521328926086426,5.722959995269775
O=C1Sc2ccccc2N1CCOCCO,5.352382183074951,6.290436744689941,5.821409463882446
CC(C)N(C(=O)Nc1ccc2nc(-c3ccco3)c(-c3ccco3)nc2c1)C(C)C,5.362491607666016,4.923264026641846,5.142877817153931
CC(C)NCC(O)c1ccc(O)c2nc(O)sc12,3.4538328647613525,4.686838150024414,4.070335507392883
O=C1CSC(=O)N1N=Cc1ccc(OC2CCCCC2)cc1,6.053952693939209,6.06903600692749,6.06149435043335
O=C(C=Cc1ccc2c(c1)OCO2)NC1CCCCC1,3.9248201847076416,5.985183238983154,4.955001711845398
Nc1nc(-c2cccc(Cl)c2)cs1,4.682099342346191,5.628807067871094,5.155453205108643
O=C(O)c1cccc(Oc2cccc(-n3nc(C(=O)O)c4ccccc4c3=O)c2)c1,7.088994026184082,5.036070346832275,6.062532186508179
Fc1ccc(-c2csc(NN=C3CCCCC3)n2)c(F)c1,6.15167236328125,7.422589302062988,6.787130832672119
O=C(CCc1c[nH]c2ccccc12)NCCNc1c2c(nc3cc(Cl)ccc13)CCCC2,7.991204261779785,5.091307163238525,6.541255712509155
CC1CCCCN1CCc1cc2cc(C(=O)c3ccccc3)ccc2o1,5.798669338226318,4.129007816314697,4.963838577270508
COc1ccc(Br)cc1S(=O)(=O)NCc1ccc2c(c1)OCO2,5.365533351898193,4.7035651206970215,5.034549236297607
CCN(CC)CCOc1ccc2c(c1)C(=O)c1ccccc1S2(=O)=O,5.525236129760742,5.967331886291504,5.746284008026123
O=C(CCc1c[nH]c2ccccc12)NCCCCCCCNc1c2c(nc3cc(Cl)ccc13)CCCC2,8.849936485290527,4.756557464599609,6.803246974945068
CCC(O)(CC)c1cc(OCCCCN2CCN(c3cccc(Cl)c3)CC2)c2c(c1)OC(C)(C)C2,6.043163299560547,5.23861837387085,5.640890836715698
CN1CCN(C=C2C(=O)c3ccccc3C2=O)CC1,5.07949161529541,4.947390556335449,5.01344108581543
COc1ccc(OC)c(NC(=O)c2cc3c(=O)n4ccccc4nc3n(Cc3cccs3)c2=N)c1,5.981666088104248,4.170283317565918,5.075974702835083
Cc1cc2c(C(C)C)c(O)c(O)c(C=O)c2c(O)c1-c1c(C)cc2c(C(C)C)c(O)c(O)c(C=O)c2c1O,5.905172824859619,4.925621032714844,5.4153969287872314
CC(=O)CCc1cccc2oc(CCN3CCc4ccccc4C3)c(C)c12,6.104964256286621,4.398713111877441,5.251838684082031
CC(=NNC(=O)c1n[nH]c2c1ccc(C(=O)NCc1ccccc1)c1ccc(N(C)C)cc1)c1ccccc1,,,
Clc1ccccc1COc1ccc(C(C2=NCCN2)c2ccccc2)cc1,5.633771896362305,5.033124923706055,5.33344841003418
Cc1n[nH]c(C)c1NC(=O)CCn1c2ccccc2c2ccccc21,5.90736198425293,4.938205718994141,5.422783851623535
CNC(=O)CC(=O)Nc1cccc(COc2ccc3c(c2)OCO3)c1,5.9287285804748535,5.299017429351807,5.61387300491333
O=C(O)c1cccc(-n2ccc(-c3ccsc3)c2=O)c1,,,
OC(COc1cncc(C=Cc2ccncc2)c1)Cc1c[nH]c2ccccc12,4.271664619445801,5.792425632476807,5.032045125961304
O=C(NCCO)c1ccccc1Nc1ccc(Cl)cc1,5.407552242279053,5.388390064239502,5.397971153259277
Fc1ccc(-c2csc(NN=C3CCCCC3)n2)c(F)c1,6.15167236328125,7.422589302062988,6.787130832672119
COc1ccc(C2CC(c3c4ccccc4cc4ccccc34)=NN2)cc1,6.800415992736816,7.829558372497559,7.3149871826171875
CCCC(=O)Nc1cc(-c2ccccc2)nc(-c2ccc(C(C)=O)cc2)n1,5.667508602142334,5.635892391204834,5.651700496673584
O=C(CCCCCC(=O)NCc1ccccc1)Nc1ccccc1O,5.729351043701172,4.859838008880615,5.2945945262908936
CS(=O)(O)=Nc1cccc2c(OCCCC3CCN(Cc4ccccc4)CC3)ccc(O)c12,6.786144256591797,4.302602767944336,5.544373512268066
O=C(O)c1ccc(CSc2nc3ccccc3o2)o1,6.750716209411621,4.950732707977295,5.850724458694458
CN1CCN(c2nc(C3=C(c4c[nH]c5ccccc45)C(=O)NC3=O)c3ccccc3n2)CC1,4.8813676834106445,4.983100891113281,4.932234287261963
O=c1cc(-c2ccccc2)oc2c1ccc1ccccc12,4.434426307678223,4.704905033111572,4.5696656703948975
O=C(Nc1ccc(OC(=O)c2ccccc2Cl)cc1)c1ccc2ccccc2n1,5.763381481170654,5.367584228515625,5.56548285484314
CCOC(=O)c1sc2nc3n(c(=O)c2c1C)CCCCC3,5.708000183105469,4.767858982086182,5.237929582595825
CCCOc1ccc(C(=O)NN=C(C)c2cccnc2)cc1,5.749576568603516,5.9410271644592285,5.845301866531372
COc1ccc(Cc2cc3cc(OC)ccc3oc2=O)cc1,5.25011682510376,6.055613517761231,5.652865171432495
COc1ccc(C(=O)c2c(O)c(O)n(-c3ccc(Cl)c(Cl)c3)c2-c2ccccc2)cc1OC,5.918913841247559,5.249004364013672,5.583959102630615
C#CCNC(=O)C(C)Oc1ccc(C(C)=O)cc1,4.938142776489258,4.955440998077393,4.946791887283325
CC1=CC(C)(C)Nc2ccc(Nc3ccccc3)cc21,5.476974487304688,4.113251209259033,4.79511284828186
O=C(NCCC1CCNCC1)C1CCCN(Cc2cn(Cc3ccccc3)nn2)C1,5.713475704193115,3.235613822937012,4.4745447635650635
O=C(O)c1ccc(-c2ccc(C3OCC4(CCCCC4)O3)o2)cc1,4.4381303787231445,5.744960308074951,5.091545343399048
CC[n+]1ccc(C=C2C=Cc3ccc(-c4ccccc4)cc3C2=O)c2ccccc21,5.144201755523682,6.635591506958008,5.889896631240845
COCCNC(=O)c1ccc2c(c1)C(=O)c1ccccc1C2=O,6.381272315979004,6.089183807373047,6.235228061676025
Brc1ccc(-c2nnc(-c3ccccc3)o2)o1,5.963261127471924,6.331264495849609,6.147262811660767
CC(=O)OC1CCC2(C)C(=CCC3C2CCC2(C)C(CCC4(C)C2C(C)(C)O)CCC31O,,,
O=C(F)COc1ccc(C(=O)c2ccccc2)cc1,5.005033016204834,5.361040592193604,5.183036804199219
NC(=O)COc1ccc2c(c1)C1OCCCC1C(=O)c1ccccc1C2=O,5.09857177734375,6.351879119873047,5.725225448608398
NC(=O)C1CCN(CCc2ccc(Oc3cccc(Cl)c3)cc2)CC1,5.995020389556885,4.519551753997803,5.257286071777344
O=C(O)C=Cc1cc(Br)c(Br)c(Br)c1Br,2.622922897338867,3.106647491455078,2.8647851943969727
CCCCNC1=C2CC(C)=NC(=S)N=C2C(=O)C1Cc1ccc(OC)cc1,5.089874267578125,5.536808967590332,5.3133416175842285
COc1ccc(C2CC(=O)c3cccnc3O2)cc1OC,6.283316612243652,5.465449333190918,5.874382972717285
Cc1cccc(N2CCN(C(=O)c3cc4c(nc3OCC(C)C)CC2)c1C,,,
COc1cccc(-c2csc(NN=Cc3ccco3)n2)c1,5.021340847015381,5.393505573272705,5.207423210144043
COc1cc2c(cc1OC)C1Cc3ccc(OC)c(OC)c3CN1CC2,4.990525722503662,4.788121700286865,4.889323711395264
COc1ccc(-n2nc(C#CCC(C)(O)CO)c3c2=O)cc1,,,
CC1(C)C(O)CN(S(=O)(=O)c2c(F)cccc2F)C1C,6.045467376708984,6.525382041931152,6.285424709320068
Cc1nc2ccccc2c(Nc2ccc(N3CCN(C)CC3)cc2)c1C,5.370419979095459,4.7867536544799805,5.07858681678772
c1ccc(Cc2cn(-c3ccc4[nH]ncc4c3)nn2)cc1,5.488114833831787,4.650988578796387,5.069551706314087
CC(C)=CCN1CCC2(C)c3cc(O)ccc3CC1C2C,5.547050476074219,5.277956962585449,5.412503719329834
N#Cc1ncc2nc1OCCCCOc1cc(NCc3cncs3)c(Cl)cc1NC(=O)N2,4.441434383392334,4.968377590179443,4.704905986785889
Cc1cccc(NC(=S)NN=Cc2cccc(OC(C)C)c2)c1,5.048396110534668,3.628934860229492,4.33866548538208
O=C(Nc1ccc(Cl)cc1)c1cc([N+](=O)[O-])ccc1N1CCOCC1,5.141337394714356,5.606285572052002,5.373811483383179
COc1cccc(C=NNc2nc(N3CCCC3)nc(N3CCc4ccccc43)n2)c1O,5.651008129119873,5.238824367523193,5.444916248321533
C=CCN=C1C(=O)N=C1OCc1ccccc1,5.66929817199707,6.756393432617188,6.212845802307129
CCOc1ccc(NC(=O)NCCN2CCOCC2)cc1,4.219540119171143,5.372677326202393,4.796108722686768
CC(C)(CO)CNc1nccc(-c2c(-c3ccc(F)cc3)nc3cnccn23)n1,4.937050342559815,5.825902938842773,5.381476640701294
COC(=O)c1sccc1NC(=O)Cc1ccc(OC)cc1,5.262298583984375,4.313456535339356,4.787877559661865
O=C(O)c1ccc(CCSc2nc3ccccc3s2)o1,6.383538722991943,5.908066272735596,6.1458024978637695
COc1ccccc1CNC(=O)COC(=O)c1ccc2c(c1)OCO2,5.007517814636231,4.546908378601074,4.777213096618652
c1ccc2c(c1)oc1ccccc12,3.664549350738525,3.7693495750427246,3.716949462890625
CC1=CC(=C(F)C#N)C(=O)N=C1,4.860025882720947,5.548833847045898,5.204429864883423
Cc1ccc(-c2ccc(CN3CC=S(O)(O)=CC3)o2)cc1,5.885560512542725,4.43864631652832,5.1621034145355225
C=CCn1c(NC(=O)CCC(=O)NCc2ccco2)nc2ccccc21,6.23540735244751,4.980930328369141,5.608168840408325
Fc1ccc(-c2cc3ccc(Br)cc3oc2=O)cc1,4.584228992462158,7.689006805419922,6.13661789894104
COc1ccc2c(=O)cc(-c3ccccc3)oc2c1,5.286311149597168,4.607387065887451,4.94684910774231
Nc1ccc(C=CC(=O)c2cc(F)ccc2O)c([N+](=O)[O-])c1,6.013926982879639,5.498496055603027,5.756211519241333
Oc1nc(CCCN2CC=C(c3ccc(F)cc3)CC2)nc2ccccc12,6.064449787139893,5.754734516143799,5.909592151641846
O=C1CCc2ccc(OCCCCN3CCC(c4noc5cc(F)ccc45)CC3)nc2N1,7.1627349853515625,6.161781311035156,6.662258148193359
COc1ccc2[nH]c3c4[nH]c5ccc(OC)cc5c4c4c(c3c2c1)C(=O)NC4=O,6.67488431930542,5.54923152923584,6.11205792427063
Cc1ccc(C(c2ccccc2)c2ccc3ccccc3n2)cc1,4.939718246459961,4.114566326141357,4.527142286300659
CC(C)OC(=O)CCc1c[nH]c2ccccc12,4.5568389892578125,4.4507927894592285,4.5038158893585205
CC1=CC(=NOS(=O)(=O)C(F)(F)F)C(C)=CC1=O,6.817963600158691,7.308864116668701,7.063413858413696
Clc1ccc(C2CC(c3c4ccccc4cc4ccccc34)=NN2)cc1,6.776525020599365,8.193758010864258,7.4851415157318115
N#CC(C#N)=NNc1ccc(S(=O)(=O)N2CCCCC2)cc1,6.194244861602783,5.579911231994629,5.887078046798706
CC(=O)OCC(=O)C1(O)CCC2C3CC=C4CC(=O)C=CC4(C)C3(F)C(O)CC21C,5.031026840209961,8.227232933044434,6.629129886627197
CC1=CC(=O)c2c(O)ccc(OCCCC3CCN(Cc4ccc(C(=O)O)cc4)CC3)c2O1,7.018744945526123,5.139126777648926,6.078935861587524
O=C(CCc1c[nH]c2ccccc12)NCC#Cc1ccccc1,4.712084770202637,6.048938751220703,5.38051176071167
O=C(COc1ccccc1)NCCC1=CCCCC1,4.893205642700195,4.928661823272705,4.91093373298645
Fc1ccc(-c2nc3cnccn3c2-c2ccnc(NCC3CC3)n2)cc1,6.186202049255371,5.99031400680542,6.0882580280303955
Cc1ccc2oc(=O)n(CC3CCCN(C(=O)Nc4ccc([N+](=O)[O-])cc4)C3)c2c1,6.078351974487305,5.105011940002441,5.591681957244873
CCOC(=O)c1cnc(-n2nc(C)cc2C)nc1Nc1ccc(O)cc1,6.064697265625,4.639591217041016,5.352144241333008
O=c1ccoc2cc(OCc3ccco3)ccc12,4.718857765197754,6.39009952545166,5.554478645324707
C#CCNCCCOc1ccc2c(=O)c3cc(Cl)ccc3oc2c1,4.752533435821533,6.331264019012451,5.541898727416992
COc1cc(-c2ccc3c(c2)NC(=O)C3=Cc2[nH]c3ccc(F)cc3c2C)cc(OC)c1OC,6.790552139282227,6.25101375579834,6.520782947540283
CN(C)C(=O)CCc1cccc(OCCCCN2CCCCC2)c1,6.371927738189697,4.732956886291504,5.552442312240601
CCOC(=O)c1[nH]c2ccc(OC(=O)c3ccccc3)cc2c1NC(=O)OC(C)(C)C,5.193789005279541,4.3799662590026855,4.786877632141113
Oc1ccc(C=Cc2cc3c(O)nc(O)nc3n2CCCC2CCCCC2)cc1,6.852902412414551,5.81119966506958,6.332051038742065
COc1ccc(NC(=O)CCCc2nc3ccccc3c(=O)[nH]2)cc1OC,5.768972873687744,5.169270038604736,5.46912145614624
NC(=O)CSc1nc(-c2ccc(F)cc2)cs1,5.470703601837158,7.763431072235107,6.617067337036133
Cn1nnnc1-c1cccc(C(=O)c2ccccc2)c1,5.465110301971436,3.9066855907440186,4.685897946357727
CC(=O)OCC1OC(n2cc(COC(=O)CNC3CCN(c4ccc(C)cc4)CC3)nn2)C(OC(C)=O)C1OC(C)=O,3.809180736541748,4.605526447296143,4.207353591918945
COCCOC(=O)C(C)=CC1=NCC2CNCC(C)=C2C1,4.62337589263916,4.807319641113281,4.715347766876221
CN(C)c1ccc(C=C2C=C(C3Cc4ccccc4C3=O)OC2=O)cc1,5.61961841583252,7.117956638336182,6.368787527084351
Cc1ccc(-c2csc(Nc3ccc(O)cc3)n2)cc1,5.637784957885742,4.656922340393066,5.147353649139404
CN(C)CC=C(c1ccc(Br)cc1)c1cccnc1,4.288284778594971,3.9030606746673584,4.0956727266311646
Cc1ccc2nc(NC(=O)Cc3cccs3)sc2c1,5.701988697052002,5.363345623016357,5.53266716003418
O=C(Nc1ccccc1)Oc1ccc2c(c1)C13CCCCC1C(C2)N(CC1CCC1)CC3,6.0968098640441895,5.233712196350098,5.6652610301971436
Cc1ccc(NC(=O)Cc2ccsc2)cc1S(=O)(=O)N1CCCCC1,6.145440578460693,4.774977207183838,5.460208892822266
CCN(CC)C(=O)c1ccc(S(=O)(=O)NC2CCC(C)CC2)cc1,4.560562133789063,4.234909057617188,4.397735595703126
COc1ccccc1C1CC(c2ccc(F)cc2)=Nc2ncnn21,6.164125919342041,6.502347946166992,6.333236932754517
COc1ccc(-c2cc(=O)oc3c(O)c(O)ccc23)cc1,5.330095291137695,5.272039413452148,5.301067352294922
COc1cc2c(cc1OC)C(=O)C(Oc1ccc(C(=O)c3ccccc3)cc1)C2,6.953240394592285,4.449491024017334,5.70136570930481
COc1cc(OC)c(NC(=O)CN(C)C)cc1Nc1nc(Nc2ccc(F)cc2C(N)=O)c2ccnc-2[nH]1,5.842197418212891,3.9955458641052246,4.918871641159058
O=C(C=Cc1ccccc1)c1cc(F)ccc1O,4.974905967712402,6.365256309509277,5.67008113861084
CC(C)CC(=O)NC(=S)Nc1ccc(OC(F)(F)F)cc1,5.505163192749023,5.5300397872924805,5.517601490020752
O=C1NCCc2[nH]c(-c3ccncc3)cc21,5.43360710144043,5.847607612609863,5.6406073570251465
Cc1ccc(-n2c(C)cc(C=C3C(=O)Nc4ccccc43)c2C)cc1,6.079043865203857,6.155424118041992,6.117233991622925
Cc1ccc(CC2=NC(=O)C(=Cc3ccc(O)cc3)S2)cc1,6.15524959564209,5.688644409179688,5.921947002410889
O=C1NC(=O)C(c2ccc(Oc3ccccc3)cc2)(N2CCN(CCO)CC2)C(=O)N1,4.861383438110352,4.697150230407715,4.779266834259033
CCCCn1c(=O)c2c(nc3n2CCS3)n(C)c1=O,4.949801445007324,5.418191432952881,5.1839964389801025
CC1CCCN(C(=O)CSc2nnc(-c3cccs3)n2C)C1,6.150875091552734,6.4774580001831055,6.31416654586792
CCCCCCCCOC(=O)C=CC=CC=CCC=CCCCC(=O)O,2.972241878509521,6.461030006408691,4.7166359424591064
O=C1c2ccccc2S(=O)(=O)N1CCCCCN1CCC(n2c(=O)oc3ccc(F)cc32)CC1,6.775083541870117,5.983303546905518,6.379193544387817
CN(C)Cc1ccc(-c2cc3nc(-c4ccccc4)cc(N4CCOCC4)n3n2)cc1,5.04449987411499,4.656933307647705,4.850716590881348
c1ccc2c(c1)CCC2NCCCc1c[nH]c2ccccc12,4.354800224304199,5.282246112823486,4.818523168563843
O=C1OC(=O)c2cc(O)cc(O)c21,5.71839714050293,4.825859069824219,5.272128105163574
COc1cc(F)ccc1NC(=O)Nc1ccc([N+](=O)[O-])cc1,5.807704925537109,4.5309343338012695,5.1693196296691895
CC(C)(C)C(=O)NC1CCN(S(=O)(=O)c2cccc([N+](=O)[O-])c2)C1,5.099200248718262,3.8449010848999023,4.472050666809082
COc1ccc(-c2csc(NN=Cc3ccccc3)n2)cc1,4.814475536346436,4.659451961517334,4.736963748931885
Cc1ccccc1-c1ccc2ncnc(Nc3cccc(Br)c3)c2c1,4.781314373016357,5.959650993347168,5.370482683181763
CC(C)Cn1c(N)nc2ccc(-c3c(-c4ccc(F)cc4)nc4sccn34)cc21,5.811059474945068,5.296016693115234,5.553538084030151
O=C(C=Cc1ccccc1)NC1CCN(CCc2ccc(F)cc2)CC1,4.422775268554688,4.625354766845703,4.524065017700195
c1ccc2oc(SCC3CCCC3)nc2c1,6.136054515838623,6.153742790222168,6.1448986530303955
O=C(CCCc1ccccc1)N1CCC(c2nc(-c3ccc(F)cc3)no2)CC1,5.953006744384766,6.004549980163574,5.97877836227417
CC(=O)Nc1ccc(SCc2csc(-c3ccccc3)n2)cc1,5.064635753631592,5.237100124359131,5.150867938995361
CN=C1Nc2cc3ccccc3cc2C2CCCC12,5.25617265701294,7.341571807861328,6.298872232437134
c1coc(-c2nc(-c3cccnc3)no2)c1,4.899596691131592,6.276327133178711,5.587961912155151
O=C1C=CC(=CNNC=C2C=CC(=O)C=C2)C=C1,2.228558301925659,6.528066158294678,4.3783122301101685
O=C(C=CCl)N=C1C=CC(c2ccc(Cl)cc2)OC1C=S(O)(O)=Cc1ccccc1,5.432549476623535,5.022110462188721,5.227329969406128
COc1cccc(C2Oc3ccccc3-c3ccnc4[nH]c(-c5ccccc5)nc32)c1,,,
O=C(c1cc2cc(Br)ccc2oc1=O)N1CCCCC1,5.8289337158203125,4.726168632507324,5.277551174163818
C#CCN(C)C(C)Cc1ccc(OCCCCCCNc2c3c(nc4ccccc24)CCCC3)cc1,5.86480712890625,5.859611034393311,5.86220908164978
Cc1cc(=O)oc2cc(OCC(=O)O)ccc12,4.444623947143555,5.200742244720459,4.822683095932007
O=C(Nc1ccc(Cl)cc1)Nc1ccccc1Cn1ccnc1,5.227338790893555,4.183837890625,4.705588340759277
O=C(c1cc2ccccc2o1)N(Cc1ccco1)CC1CCCO1,5.851983070373535,4.355849266052246,5.103916168212891
Clc1ccc(CON=C(C2=NCCN2)c2ccccc2)cc1Cl,5.930603504180908,4.682595729827881,5.3065996170043945
Cc1cc2c(F)c(Oc3ncnn4cc(OCC(C)O)c(C)c34)ccc2[nH]1,5.101953506469727,5.215624809265137,5.158789157867432
COc1cc2c(cc1OC)C(CC(=O)NCC1CCC(CN3CCCC3)CC1)CC2,5.528830528259277,3.5304176807403564,4.529624104499817
CC(=O)OC1CCN(C(=O)CCCc2c[nH]c3ccccc23)CC1,5.453841686248779,4.500651836395264,4.9772467613220215
Oc1nc2ccc(OCC3CC3)cc2c2c1COC2,5.516366481781006,6.004941463470459,5.760653972625732
O=C1Cc2c([nH]c3ccc([N+](=O)[O-])cc23)-c2ccccc2N1,5.156891822814941,5.928645133972168,5.542768478393555
O=C1C=CC(=O)c2c(O)cccc21,6.011013031005859,7.056286811828613,6.533649921417236
Cc1ccc(NC(=O)c2cccc3cccnc23)cc1Br,5.0610833168029785,5.421501159667969,5.241292238235474
COc1cc2cc(C(=O)CCN3CCCC3)sc2cc1OC,7.385505676269531,4.433150291442871,5.909327983856201
CCOc1ccc(CNC2C3CC4CC(C3)CC2C4)cc1,5.637157440185547,4.128582954406738,4.882870197296143
Nc1ccc(C(=O)N2CCCCC2)cc1,5.476291656494141,4.09555721282959,4.785924434661865
CCc1cc2c(s1)Nc1ccccc1N=C2N1CCN(C)CC1,5.268989086151123,4.928723812103272,5.098856449127197
CCOc1ccc(Cc2nc3ccccc3c(=O)o2)cc1,5.9763593673706055,5.660547256469727,5.818453311920166
CCN(CC)CC1CCCc2cc(OC)ccc21,4.113658905029297,3.6067285537719727,3.8601937294006348
O=C1NOC(c2ccccc2)(c2ccccc2)C1=NOCCCCCC(O)=NO,5.3565778732299805,5.214924812316895,5.2857513427734375
C=C(C)C1(O)CC2OC1(C)n1c3ccccc3c3c4c(c5c6ccccc6n2c5c31)C(=O)NC4,5.852617263793945,5.062939643859863,5.457778453826904
COc1ccc(-c2cc(=O)c3c(O)cc(O)cc3o2)cc1,4.243562698364258,4.4963555335998535,4.369959115982056
CCCC(=O)Nc1ccc2c(c1)C(=O)C(=O)c1ccccc1C2=O,5.426065921783447,6.181737899780273,5.80390191078186
O=C(Nc1ccccc1F)c1cc2ccccc2oc1=O,6.300094604492188,5.475598335266113,5.88784646987915
O=C(NCC1CCCO1)c1ccc(F)c(F)c1,5.754322052001953,5.528239727020264,5.641280889511108
CC(C)(C)C1CCC(OC(=O)NC(Cc2ccc(Cl)cc2)C(=O)O)CC1,4.050380706787109,3.143096208572388,3.5967384576797485
COc1cccc(NC(=O)Nc2ccc(F)c(CO)c2)c1,4.488942623138428,4.999138832092285,4.7440407276153564
CN(C)c1ccc(CSCC=N[SH](C)(=O)O)cc1,5.239680290222168,4.475207328796387,4.857443809509277
CC=C1CC(=O)Oc2cc(OCc3ccccc3)ccc21,6.205038547515869,7.025957584381104,6.615498065948486
CC(C)OC(=O)c1cc(-c2ccc(C(C)(C)C)cc2)n(CCCO)c1C,4.548181533813477,4.029396057128906,4.288788795471191
O=C1c2ccccc2-c2nnc(-c3ccc(Cl)cc3)cc21,5.43563985824585,6.277105331420898,5.856372594833374
COc1cc(C=CC=C2CC3C4CCC(=O)C4(C)CCC3C(=O)C2(C)C)cc(OC)c1O,5.589600563049316,7.009571075439453,6.299585819244385
O=C(NCCc1ccccc1)N1CCCC(c2noc3cc(F)ccc23)C1,6.92087984085083,5.348166942596436,6.134523391723633
COc1cccc(-c2csc(NN=Cc3ccccc3O)n2)c1,5.065096855163574,4.635746002197266,4.85042142868042
N#Cc1ccc(C(=O)Nc2ccc3oc(=O)[nH]c3c2)cc1,5.830513954162598,5.790365695953369,5.810439825057983
Cc1ccc(-c2nnc(SCCCCCN3CCc4ccccc4C3)o2)cc1,6.053224563598633,5.903793811798096,5.978509187698364
Oc1cccc(NCc2ccccc2)c1,3.439764976501465,4.132095813751221,3.7859303951263428
CC(C)CC1CC(CO)C(O)C2(C)CC(CCc3ccccc3)OC(=O)CC2O1,4.640936851501465,5.056742668151856,4.84883975982666
Cn1nccc1C(=O)N1CCCC2(CCN(Cc3ccc(OC(F)(F)F)cc3)CC2)C1,6.053104400634766,5.279435157775879,5.666269779205322
O=c1cccc2sc(N3CCN(Cc4ccccc4)CC3)nc12,,,
CCOC(=O)c1cc2c(=O)n3ccccc3nc2n(CC2CCCO2)c1=NC(C)=O,5.770784854888916,4.433300018310547,5.1020424365997314
Cc1cccc(NC(=O)Nc2ccc(-c3csc4c(-c5cn[nH]c5)cnc(N)c34)cc2)c1,6.334207534790039,4.707220554351807,5.520714044570923
O=C(NN=Cc1ccc(O)c2ncccc12)c1ccccc1O,5.341414451599121,5.055112361907959,5.19826340675354
COc1ccc(-n2cc3c(=O)n(CC(=O)c4ccc([N+](=O)[O-])cc4)c(=O)[nH]c3n2)cc1,5.8858819007873535,4.995473384857178,5.440677642822266
CC1CCN(CCCC2CCCCC2)CC1,7.019360065460205,3.5081210136413574,5.263740539550781
CN(C)CCC(=O)NC1CCC2=C(CC(=O)c3ccccc3O2)C1,5.070345401763916,4.467057704925537,4.768701553344727
CC1=C(C=CC=CC=CC=CC(=O)O)C=C(C)C=C1,2.71966290473938,6.82121467590332,4.77043879032135
c1ccc(-c2cnc(CN3CCCCC3)cc2)cc1,4.550876617431641,3.968720197677612,4.2597984075546265
COc1cccc(OC)c1C1CC(C#N)=C(N)C1C#N,6.04571533203125,4.53355073928833,5.28963303565979
CC1=CC2Cc3nc4cc(Cl)ccc4c(NCCCCCCO)c3C(C1)C2,7.580684661865234,4.883259296417236,6.231971979141235
Oc1ccc2ccc(OCCCCN3CCCCC3)c(Cl)c2c1,5.578478813171387,4.7793378829956055,5.178908348083496
COc1ccc2c3c1OC1C(O)C=CC4C(C2)N(C)CCC341,6.107038974761963,7.186900615692139,6.646969795227051
NC(=O)c1ccc(NC2CCCCC2N)nc1,4.517805099487305,5.159753799438477,4.838779449462891
COc1cc2c(cc1OC)C(=O)N(C)C1=NOC(CN3CCCC3)CC21,6.207770824432373,4.853849411010742,5.530810117721558
COc1cc2c(cc1OC)C(=O)C(=Cc1cccc(C(=O)O)c1)C2,6.261589050292969,5.699866771697998,5.980727910995483
CN1CCN(c2nccc(C(=O)OC3CCOC3=O)n2)CC1,4.699821472167969,4.669539928436279,4.684680700302124
COc1ccc(CC(C)(C)NCC(O)c2ccc(O)c3c2OCC3)cc1,3.647134780883789,4.246623992919922,3.9468793869018555
COc1ccc(C(=O)NCc2cn(CCC(=O)NCc3ccc(F)cc3)nn2)cc1,5.649972438812256,4.404363632202148,5.027168035507202
O=C(C=Cc1ccccc1)OC1CCOC1=O,4.592039585113525,5.69779109954834,5.144915342330933
CC(C)(C)c1ccc(C(=O)Cn2ccc(=O)c3ccccc32)cc1,4.734424591064453,4.222956657409668,4.4786906242370605
Cc1ccccc1-c1cc(CCCCCN2CCN(c3ccc(Cl)cc3)CC2)on1,6.214994430541992,5.185547351837158,5.700270891189575
O=C(C=Cc1cccc2c1N(Cc1ccc(Cl)cc1Cl)C(=O)C2(F)F)NS(=O)(=O)c1ccccc1,5.417082786560059,5.489810943603516,5.453446865081787
CCN1CCC(c2ccccc2)=C(C(=O)OCc2ccccc2)C1,5.291052341461182,4.15277910232544,4.7219157218933105
O=C(Nc1ccc(F)cc1F)N1CCN(c2ccccc2)CC1,5.011154651641846,5.649379730224609,5.3302671909332275
CC1=NOC(=O)C1=Cc1ccc(OCc2ccccc2)cc1,5.468604564666748,7.600797653198242,6.534701108932495
O=C1c2ccccc2-c2nnc(-c3ccc([N+](=O)[O-])cc3)cc21,5.403611660003662,5.912355422973633,5.6579835414886475
CCCC(=O)Nc1cccc(-c2nc(Nc3cccc(NC(=O)c4ccccc4)c3)ncc2C)c1,5.972270011901856,5.108275890350342,5.540272951126099
Cc1onc(-c2ccccc2)c1C(=O)NC1CCCc2ccccc21,5.658984184265137,4.927187442779541,5.293085813522339
COc1ccc(CNc2ccc3ccccc3c2)c(OC)c1,4.506375312805176,5.34640645980835,4.926390886306763
Cc1ccc(-c2cc(C(=O)NC3=NCCS3)[nH]n2)cc1,6.438944816589356,5.080199718475342,5.759572267532349
Cc1cccc2c1nc(O)c1ccccc12,4.867827415466309,5.398812770843506,5.133320093154907
N=C(N)NCCCC(NC(=O)C(Cc1ccccc1)NC(=O)C(Cc1ccccc1)NC(=O)OCc1ccccc1)C(=O)NC(CCCCN=C(N)N)C(N)=O,4.74988317489624,4.302151203155518,4.526017189025879
CCN(CC)C(=O)C1=CC2c3cccc4[nH]cc(c34)CC2N(C)C1,5.31745195388794,5.294156551361084,5.305804252624512
COc1ccc2oc(-c3ccc(-c4ccccc4)cc3)nc2c1,5.00362491607666,5.648618221282959,5.32612156867981
CCC(=O)c1c(-c2ccc(C)cc2)c2ccc(Cl)cc2c(=O)n1CCCC#N,5.375133037567139,5.704845428466797,5.539989233016968
CC(C)(C)c1ccc2c(c1)S(=O)(=O)C=C2,4.852651596069336,4.845713138580322,4.849182367324829
O=C(Nc1cccc(-c2nc3ccc(C(=O)N(CC4CCCO4)CC4CCCCC4)cc3o2)c1)c1ccccc1,6.069520473480225,5.153356075286865,5.611438274383545
COc1c(O)cc2oc3cc(O)c(OC(C)=O)cc3c(=O)c2c1O,6.137422561645508,3.1274514198303223,4.632436990737915
CCOC(=O)C1=CN(CC)C(C(=O)c2ccccc2OCC)C1,5.8544087409973145,4.490051746368408,5.172230243682861
O=C1COc2ccccc2N1CCC(=O)NCc1ccco1,5.533964157104492,5.544946193695068,5.53945517539978
COc1ccc(CN2CC=C3C(C2)C(=O)CSc2cccc(C(F)(F)F)c2)cc1,,,
CCOC(=O)C1=C(C)N=c2sc(=Cc3ccco3)c(=O)n2C1c1ccc(OC)cc1,6.305988788604736,5.053678512573242,5.679833650588989
COc1ccc(C=CC2=[N+](C)c3ccccc3C2(C)C)cc1OC,6.299522876739502,5.201819896697998,5.75067138671875
CCOC(=O)N1N=C(c2ccc([N+](=O)[O-])cc2)CC1c1cccc([N+](=O)[O-])c1,6.105031490325928,5.033241271972656,5.569136381149292
CC(N)COc1cnc(Cl)c(C=Cc2ccncc2)c1,4.4547929763793945,6.305225372314453,5.380009174346924
COc1ccc(C(=O)N2c3ccccc3Sc3c(Cl)cncc32)cc1,4.6978631019592285,4.313234329223633,4.505548715591431
COc1cc(SC)ccc1C(=O)Nc1cccc(-c2cnco2)c1,5.161614894866943,5.386348247528076,5.27398157119751
O=C(c1ccncc1)N1CCC2(CC1)OCCCC2O,4.275765419006348,5.3211212158203125,4.79844331741333
O=C(COc1ccc2ccccc2c1)Nc1nc2ccccc2[nH]1,5.205158233642578,5.325160026550293,5.2651591300964355
Cc1c(O)ccc2c1C(=O)c1c(O)c3c(c(O)c1C2=O)CC(O)(C(C)=O)CC3OC1CC(N)C(O)C(C)O1,7.039516448974609,3.787919521331787,5.413717985153198
Cc1cccc(C=CC(=O)Nc2nc3ccccc3[nH]2)c1,5.129031181335449,5.215340614318848,5.172185897827148
COc1cc2c(cc1OC)C(=O)C(=O)C2=NNc1ccc(C(C)=O)cc1,7.071188449859619,4.558341503143311,5.814764976501465
O=C(O)c1cccc(-c2coc3cc(OCc4ccc([N+](=O)[O-])cc4)ccc3c2=O)c1,5.533624172210693,6.876492977142334,6.205058574676514
CNC(=O)Oc1ccc2c(c1)C1(C)CCN(C)C1N2C,7.130908012390137,5.488977909088135,6.309942960739136
O=C(NCCN1CCCCC1)c1cc2c3c(ncc2o1)-c1ccccc1C3=O,7.202363014221191,4.643496036529541,5.922929525375366
O=C(c1ccc2c(c1)OCO2)N1CCCCC1CCO,4.770832061767578,5.172821998596191,4.971827030181885
Cn1c2c(c3ccccc31)CCC(CN)(Cc1ccc(Cl)c(Cl)c1)C2,5.206366539001465,4.725188732147217,4.965777635574341
CC(C)NCCc1cccc2oc3cc(O)cc(O)c3c(=O)c12,5.345122337341309,4.238561153411865,4.791841745376587
C=CCN(CC=C)S(=O)(=O)c1cc2c(cc1C)NC(=O)CO2,5.642642974853516,4.677170753479004,5.15990686416626
CCOC(=O)C1=C(C)N=c2sc(=Cc3cccc(Cl)c3)c(=O)n2C1c1ccc(OC)c(OC)c1,6.455172061920166,5.345157623291016,5.900164842605591
ON=Cc1ccc(-c2ccccc2Cl)s1,3.9456729888916016,4.592625141143799,4.2691490650177
Clc1ccc(COC(Cn2ccnc2)c2ccc(Cl)cc2Cl)c(Cl)c1,4.2125244140625,6.488796234130859,5.35066032409668
CC(C)=CCOC(=O)C1(c2ccc(O)cc2O)CC1,4.703422546386719,4.393636703491211,4.548529624938965
CCn1c2ccccc2c2cc(NC(=O)CCc3noc4ccccc34)ccc21,6.666736125946045,5.426657676696777,6.046696901321411
O=C(O)c1cccc(NN=Cc2ccc(OCc3ccccc3)cc2)c1,5.206104278564453,5.660309314727783,5.433206796646118
Cc1ccc2c(-c3ccnc(Nc4ccccc4)n3)c(-c3ccc(F)cc3)nn2n1,5.974691867828369,5.426661968231201,5.700676918029785
COc1ccc(C=C2COc3ccc(OCCNc4c5c(nc6ccccc46)CCCC5)cc3C2=O)cc1,6.38326358795166,5.75014066696167,6.066702127456665
CC1=CC(C)(C)Nc2ccc3nc(O)cc(C)c3c21,5.982211589813232,5.176523208618164,5.579367399215698
Cc1ccc(Cl)cc1NC(=O)NC1CCC(N2CCC(c3ccccc3OCC(F)(F)F)CC2)CC1,5.455188751220703,5.294897079467773,5.375042915344238
CC(C)c1ccc(NC(=O)CC23CC4CC(CC(C4)C2)C3)cc1,6.365140438079834,3.444411277770996,4.904775857925415
CC(=Cc1ccccc1)C=C1SC(=S)N(c2cc(=O)[nH]c3ccccc23)C1=O,5.393051624298096,4.793952941894531,5.0935022830963135
O=C1CCC=C2Oc3cc(C(F)(F)F)ccc3C(=O)C12,5.519974231719971,6.711987495422363,6.115980863571167
Cc1nc2c(s1)CCCC2C(=O)NCCSc1ccccc1,5.760039329528809,5.805290699005127,5.782665014266968
O=C1CC(c2ccco2)=C(n2cnc3ccccc32)c2ccccc21,4.726499557495117,4.843985557556152,4.785242557525635
CC(=O)N1CCN(C(=O)c2ccc(NC(=O)Nc3ccc(C(F)(F)F)cc3)cc2)CC1,5.288350582122803,5.003618240356445,5.145984411239624
COc1cc2c(cc1OC)C1=NOC(C(=O)N3CCN(c4cccc(C#N)c4)CC3)C1CO2,7.141481399536133,4.927643775939941,6.034562587738037
COc1cc2c(cc1OC)C1=NOC(CN3CCN(CC(C)=Cc4ccco4)CC3)C1CO2,6.715887069702148,4.724155426025391,5.7200212478637695
C#CCN(C)Cc1cc2cc(OCCc3nc4ccccc4o3)ccc2n1C,5.128704071044922,6.666927814483643,5.897815942764282
O=C(Nc1ccc(-c2ccncc2)cc1)C(C1CCCC1)N1CCCC1,4.89089822769165,5.525137901306152,5.208018064498901
COc1cc2c(=O)n(Cc3ccc(Cl)cc3)c(SC)nc2cc1OC,6.46597146987915,5.86417818069458,6.165074825286865
CCn1c2ccccc2c2cc(C=CC(O)=NO)ccc21,5.066778182983398,6.278247833251953,5.672513008117676
Nc1c(C(=O)NC2CCCC2)sc2nc3c(c(=O)n(Cc4ccccc4)c(=O)n3Cc3ccccc3)c12,,,
CC(C)C(c1ccc2ccccc2c1)N1CCC2(CC1)OCC(O)c1cc(Cl)ccc1N2,4.938489437103272,5.594466209411621,5.266477823257446
O=C(O)c1cc(Oc2ccccc2)cc(OCc2ccc(Cl)cc2)c1,5.309138774871826,5.916391372680664,5.612765073776245
Cc1ccccc1CC(=O)NC1CCCc2c1cnn2-c1ccc(F)cc1,5.508774280548096,5.318569183349609,5.4136717319488525
Cc1c(C)c2cc(OCc3ccccc3)ccc2oc1=O,5.375869274139404,8.062870025634766,6.719369649887085
c1csc(-c2nc(CSCc3ccc4c(c3)OCO4)co2)n1,5.602871417999268,5.63251256942749,5.617691993713379
COc1cc2c(cc1OC)CN=C(N)N(C)C2,4.846362113952637,4.0587921142578125,4.452577114105225
COc1ccc(NC(=O)Nc2ccc3c(c2)CCc2sc4ncnc(N)c4c2-3)cc1,5.637833595275879,4.491914749145508,5.064874172210693
O=C(Nc1ccc(Cl)cc1)Nc1ccc([N+](=O)[O-])cc1,5.228007316589356,4.465065956115723,4.846536636352539
COc1ccc2nc(SCC(=O)N3CCN(C(=O)c4ccccc4)CC3)[nH]c2c1,5.879266738891602,5.09937858581543,5.489322662353516
O=C(CCCC1CCCC1)c1cc2c(cc1O)OCCO2,6.659235954284668,5.432058334350586,6.045647144317627
Oc1cccc(N=Cc2c(O)[nH]c3ccccc23)c1,4.715446472167969,5.201560020446777,4.958503246307373
CCC[N+]1(CCOC)CCOCC1,2.392299175262451,4.96699857711792,3.6796488761901855
CN(CCc1cccc(Cl)c1)C(=O)C1COc2ccccc2O1,5.412102222442627,4.662851810455322,5.037477016448975
Nc1ncnc2c1sc1ncnc(N)c12,2.997403860092163,1.955118179321289,2.476261019706726
COc1ccc(C=C2CCc3c(ccc(OC)c3O)C2=O)cc1,5.456532001495361,6.27737283706665,5.866952419281006
N#Cc1ccc(NC(=O)Nc2ccc(Oc3ccnc4cc(OCCCN5CCOCC5)ccc34)c(F)c2)cc1,5.842000961303711,5.678152084350586,5.760076522827148
CC1CCC2C(=O)N3CCCC3C(=CCc3ccc(-c4cccc(C(F)(F)F)c4)cn3)C12,5.472371578216553,7.400411128997803,6.436391353607178
Cc1ccc(CNCC(O)COc2cccc3c2CCCC3)cc1,4.671483516693115,4.093937873840332,4.382710695266724
O=C1CCC=C2Oc3cc(C(F)(F)F)ccc3C(=O)C12,5.519974231719971,6.711987495422363,6.115980863571167
CN1CCc2c(c3ccccc3n2CC=CCCCNC(=O)C=Cc2cccc([N+](=O)[O-])c2)C1,5.353706359863281,5.353613376617432,5.3536598682403564
COc1ccc(N2CCN(C(=O)C3CCCO3)CC2)cc1,4.437376976013184,4.849604606628418,4.643490791320801
c1cc(C2CC2)nc(N2CCCC3(CCN(c4ccccc4)CC3)C2)n1,4.7832350730896,5.677695274353027,5.2304651737213135
O=C1OCC2C1Cc1c(Cl)cccc1C2=NN1CCCCC1,6.502923965454102,5.819607257843018,6.16126561164856
CC1=Nc2cc(C(=O)NCCCCCCCNc3c4c(nc5ccccc35)CCCC4)ccc2S1,8.442072868347168,4.914214134216309,6.678143501281738
CC(=O)CCCCC=CC1CC(CO)(COC(=O)c2cccc3ccccc23)OC1=O,3.8766446113586426,5.493536472320557,4.6850905418396
CC(NC(=O)C1CCCO1)C(=O)NCC1CCC(C)(C)CC1,4.3994221687316895,4.2978620529174805,4.348642110824585
COc1cccc2sc(NN=C3CCCCC3)nc12,5.559735298156738,6.008707046508789,5.784221172332764
Cc1csc(NC(=O)c2ccc(OCc3ccccc3)c(C(N)=O)c2)n1,6.703866004943848,5.717701435089111,6.2107837200164795
Cc1ccccc1NC(=O)Nc1ccc(-c2coc3ncnc(N)c23)cc1,6.036646366119385,4.478002548217773,5.257324457168579
COc1ccc(C=Cc2cc(OC)c(OC)c(OC)c2)cc1,4.54433536529541,4.0364179611206055,4.290376663208008
O=C(c1ccoc1)N1CCC2(CCc3ccccc32)CC1,5.083354949951172,4.900927543640137,4.992141246795654
CC1CCCN(Cc2nc3cc(F)ccc3n2C)C1,6.640994071960449,5.054105758666992,5.847549915313721
O=C(O)COc1ccc([N+](=O)[O-])cc1NS(=O)(=O)c1ccc(Cl)cc1,4.915164470672607,4.232651710510254,4.573908090591431
O=C1NC(=O)N(Cc2ccco2)C(=O)C1=Cc1ccc(Cl)cc1,4.674806118011475,5.7890167236328125,5.2319114208221436
Cc1cc(C)c2c(=O)n(CC(=O)NCCCCCC(=O)NCCO)sc2n1,6.799125671386719,5.532701015472412,6.165913343429565
CC1=CC(C)(C)Nc2cc3c(cc21)-c1c(F)cccc1C3=O,5.762866020202637,6.791377067565918,6.277121543884277
CC(=O)N1CCN(S(=O)(=O)c2ccc(CC(=O)NCCc3ccc(Cl)cc3)cc2)CC1,4.966668605804443,4.49306583404541,4.729867219924927
CN1CCN(CCCCCOc2ccc(C=C3SC(=O)NC3=O)cc2)CC1,5.520401954650879,5.7099151611328125,5.615158557891846
C=CCN1CCC23c4c5ccc(O)c4OC2C(=O)CCC3(O)C1C5,6.9345808029174805,6.695377349853516,6.814979076385498
CC12CCC(=O)CC1=CCC1C2CCC2(C)C1CCC2(C)O,4.726801872253418,8.368685722351074,6.547743797302246
COc1cccc(C(=O)Nc2cc(C(F)(F)F)ccc2OC)c1,5.524535655975342,5.151036739349365,5.3377861976623535
C#CCn1c(=O)c2c(nc(C=Cc3ccccc3)n2C)n(CCC)c1=O,5.282917022705078,5.411017894744873,5.346967458724976
COc1cc2c(cc1OC)C(=O)c1ccccc1C2=O,5.9024763107299805,5.736841201782227,5.8196587562561035
COC(=O)c1c(-c2ccc([N+](=O)[O-])cc2)csc1NC(=O)c1ccno1,6.499795436859131,4.968347072601318,5.734071254730225
O=C(O)CC1CCCc2c1n(Cc1cccc(Br)c1)c1c(Br)cc(F)cc12,5.556736946105957,5.108328819274902,5.33253288269043
Cc1ccc(Sc2ccc3c(c2)C2(C)CCN(C)C2N3C)cc1,6.553041458129883,6.1997904777526855,6.376415967941284
CC(C)(C)c1cc(C=C(C#N)C#N)cc(Br)c1O,4.575815200805664,4.805994987487793,4.6909050941467285
CCOc1cccc(Sc2cccc(C#N)c2N)c1,6.052836894989014,4.88519287109375,5.469014883041382
Cc1cccc(NC(=O)c2cc3ccccc3oc2=O)c1,5.8737406730651855,5.983683109283447,5.928711891174316
O=C(C=Cc1ccccc1)NC1=CC2=C(c3ccc(O)cc3OC2C1=O,,,
CC(=O)N1CCC(CC(=O)NCCCCc2ccccc2)CC1,5.8555450439453125,4.180992126464844,5.018268585205078
Cc1cc(NC(=O)c2cc3ccccc3oc2=O)no1,7.15846061706543,4.853134632110596,6.005797624588013
Cc1ccc(-c2cc3c(=O)n(C)c(=O)n(C)c3o2)cc1,5.931397914886475,5.617415904998779,5.774406909942627
O=C(O)c1sc(Nc2ccc3c(c2)OCO3)nc1CC(=O)N1CCCC1,7.065227031707764,4.881585121154785,5.973406076431274
O=C1NC(=O)C(=Cc2ccc(Oc3ccccc3)cc2)S1,6.846264839172363,5.390491485595703,6.118378162384033
CC(C)(C)N=C(N)Nc1ccc2c(c1)CCC2,5.151161193847656,3.327260732650757,4.2392109632492065
CCC1=NOC21C(=O)C1(c3ccc(F)cc3)CC1C2,7.401833534240723,8.188024520874023,7.794929027557373
CC(=O)NC(C)C(=O)NC(C)C(=O)NC1CCCC1,2.269754648208618,3.79242753982544,3.031091094017029
O=C1NC(=O)C(Cc2cccc(F)c2)(C(=O)O)C1=Nc1ccc(O)cc1,6.761468887329102,4.371700286865234,5.566584587097168
COc1ccc(-c2nc3cc(-c4csc(C(=O)NCCCCC(C)C)c4)cnc3[nH]2)cc1,5.468347072601318,5.685427665710449,5.576887369155884
O=C(O)CCCCCCCCc1ccc2oc(-c3ccc(Cl)c(Cl)c3)nc2c1,4.849980354309082,6.239595413208008,5.544787883758545
O=C(CCCCC1CCSS1)NCC(=O)Nc1ccccc1,5.131084442138672,5.28631591796875,5.208700180053711
CNC(=O)c1ccc2c(c1)S(=O)(=O)c1ccccc1C2=O,7.392132759094238,6.069230556488037,6.730681657791138
CN1CCN(C2=Nc3cc(Cl)ccc3N(NC(=O)c3cccc(Cl)c3)c3ccccc32)CC1,5.796198844909668,4.669909954071045,5.2330543994903564
O=C(O)c1ccccc1Nc1ccnc(Nc2cccc(F)c2)n1,5.955812454223633,5.599625587463379,5.777719020843506
COc1cccc(CNC(=O)c2cc3c(-c4ccccc4)[nH]nc3s2)c1,5.915940761566162,4.537548542022705,5.226744651794434
O=C1C(=O)C(NCCc2ccc(Oc3ccccc3)cc2)C1=Nc1ccncc1,6.504975318908691,4.961444854736328,5.73321008682251
COc1cccc(-c2cc3c(O)nc4ccccc4n3c2)c1,5.082129001617432,5.583870887756348,5.33299994468689
O=C(Cc1ccccc1)Oc1cccc(C=NNC(=O)c2ccccc2O)c1,6.203989028930664,4.64730978012085,5.425649404525757
CC1=NN(c2ccc(C(=O)O)cc2)C(=O)C1=Cc1c(C)c(C#N)c2nc3ccccc3n2c1O,6.598512649536133,4.621658802032471,5.610085725784302
CSCCc1cc(O)c(Br)cc1O,3.4257333278656006,5.295975208282471,4.360854268074036
COc1ccccc1N1CCN(CCNC(=O)c2cccc([N+](=O)[O-])c2)CC1,5.5049896240234375,4.566100597381592,5.035545110702515
COc1cc(OC)c2oc3cc(OC)c(OC)cc3c(=O)c2c1,6.180577278137207,4.098465919494629,5.139521598815918
CC(=O)N1CCN(C2CCC(n3nc(-c4ccc(NC(=O)c5cc6ccccc6n5C)cc4)c4c(N)ncnc43)CC2)CC1,5.292377471923828,4.706194877624512,4.99928617477417
CC(C)(C)c1cc(C=C(C#N)C#N)cc(Br)c1O,4.575815200805664,4.805994987487793,4.6909050941467285
Cc1ccc2c(c1)SC(NN=Cc1ccccc1)N2C,5.971887111663818,4.011744499206543,4.991815805435181
Cc1cc(-c2cc3ccccc3oc2=O)cc(N2CCCC2)c1O,5.795322895050049,5.996629238128662,5.8959760665893555
CC(=O)Nc1ccc(S(=O)(=O)N=C2CCCCCN2)cc1,4.07952880859375,4.954626560211182,4.517077684402466
CC(C)CNC(=O)c1ccc2c(c1)C(=O)c1cc(S(=O)(=O)NCCCN(C)C)ccc1S2(=O)=O,5.572857856750488,4.872874736785889,5.2228662967681885
O=C1NCCc2[nH]c(-c3ccnc(C=Cc4ccccc4)c3)cc21,5.666292190551758,6.439791679382324,6.053041934967041
Cc1ccc2oc(=O)c(C=Nc3ccc(S(=O)(=O)Nc4ccccc4)cc3)cc2c1,5.969703197479248,4.824182510375977,5.396942853927612
COc1cc2c(cc1OC)C(=O)C(Oc1ccc(C(C)=O)cc1)C2,7.102496147155762,4.803229808807373,5.952862977981567
Nc1ccc(S(=O)(=O)n2cc(Br)cn2)cc1,5.763696193695068,3.434703826904297,4.599200010299683
COc1ccc2oc3cc(=O)ccc-3oc2c1,,,
N#Cc1nc(COc2ccccc2)oc1NCc1ccccc1,5.180628776550293,5.147963047027588,5.16429591178894
COc1ccccc1N1CCN(CCCCc2ccc3c(c2)OCCO3)CC1,5.502425193786621,4.623673439025879,5.06304931640625
O=C1C(=O)C(c2ccc(O)c(O)c2)Oc2cc(O)cc(O)c21,5.846800804138184,4.774688243865967,5.310744524002075
CCOC(=O)C1CCCC(=O)N1C1CCN(Cc2ccc(OC)cc2)CC1,5.190385818481445,4.048346996307373,4.619366407394409
COc1ccc(Cn2c(CCO)nc3ccccc32)cc1,5.136703014373779,4.070130825042725,4.603416919708252
O=c1c2ccccc2oc2cc(CO)ccc12,4.583008766174316,4.736204624176025,4.659606695175171
C=CCc1ccc(OC)c(OC(C(=O)O)c2ccccc2)c1,5.553108215332031,3.973273754119873,4.763190984725952
O=C(NC(=S)NC1CC2CCC(C1)N2Cc1ccccc1)c1ccccc1,6.952435493469238,3.72799015045166,5.340212821960449
O=C(CCCc1ccccc1)Nc1ccc2oc(=O)ccc2c1,5.043302059173584,5.848657608032227,5.445979833602905
O=C1CCCc2cc(OCCCC3CCN(Cc4cccc(Cl)c4)CC3)ccc21,6.538998126983643,5.287672519683838,5.91333532333374
Cn1nc(N)c2c(-c3ccc(NC(=O)Nc4cccc(Br)c4)cc3)ccnc21,5.961201190948486,4.353875637054443,5.157538414001465
CC(C)(C)NC(=O)NC1CC2CCCC(C1)N2CCCCCCCCNc1c2c(nc3ccccc13)CCCC2,7.239053249359131,3.8627095222473145,5.550881385803223
CC(C)(C)c1cc[n+](C=C2C=C(Cl)C=C(Cl)C2=O)cc1,5.440690517425537,4.969876766204834,5.2052836418151855
CC(C)=CCN1CCC2(C)c3cc(O)ccc3CC1C2C,5.547050476074219,5.277956962585449,5.412503719329834
O=C(C=Cc1cccnc1)NCCc1ccccc1,3.804574012756348,5.871794700622559,4.838184356689453
CCN1CC=C(c2c[nH]c3ccc(C(=O)NCCCN4CCN(C)CC4)cc23)CC1,6.402066230773926,4.1444993019104,5.273282766342163
O=C(CCCCCCCCCCNc1c2c(nc3cc(Cl)ccc13)CCCC2)NCCCNc1c2c(nc3ccccc13)CCCC2,9.32948875427246,4.445818901062012,6.887653827667235
c1ccc(CCCC2CCN(Cc3ccc4c(c3)OCO4)CC2)cc1,6.789731979370117,4.169158935546875,5.479445457458496
O=C(Nc1ccc2c3c(cccc13)C1=C(O)CCC1C2)c1ccccc1,6.089016914367676,6.080260276794434,6.084638595581055
N#Cc1csc(NC(=O)c2ccc(F)cc2)c1-c1nc2ccccc2[nH]1,6.444265365600586,5.271900653839111,5.858083009719849
c1ccc(CCN=C2CC(c3ccc4ccccc4c3)=NN2)cc1,5.678524971008301,6.33903694152832,6.0087809562683105
COc1cc2c(cc1F)C(c1ccccc1Cl)=Nc1c(C)n[nH]c1N2,5.51499080657959,5.00542688369751,5.26020884513855
C=CCOC(=O)Nc1ccc(C(=O)OC)cc1,4.088409900665283,5.677670478820801,4.883040189743042
Cc1ccc(F)c(CN(CCN2CCOCC2)S(=O)(=O)c2ccccc2)c1,5.204469680786133,4.633298397064209,4.918884038925171
CN(C)c1ccc(CC2=c3ccccc3=NC2=O)cc1,5.365333080291748,6.217818260192871,5.79157567024231
O=C(NN=Cc1cc2c(s1)-c1ccccc1OC2=O)c1ccc(O)cc1,6.720038414001465,4.705435276031494,5.7127368450164795
CN1CCN(CCCNc2c3c(nc4ccccc24)CCCC3)CC1,7.299554824829102,3.4968743324279785,5.39821457862854
N#Cc1cncc(C=CC2CCCCC2)c1,4.316324234008789,5.80111837387085,5.058721303939819
O=C(CCc1nc2ccccc2c(=O)n1-c1cc2ccccc2s1)Nc1cccc(C(F)(F)F)c1,6.173054218292236,5.11784029006958,5.645447254180908
CN(C)c1cc2cc(n1)COC(CO)C2,4.563867092132568,4.941335201263428,4.752601146697998
O=C(c1ccccc1)c1ccc2[nH]c(O)c(C=Nc3ccc(S(=O)(=O)N4CCOCC4)cc3)c2c1,6.020041942596436,4.821704864501953,5.420873403549194
Nc1nc(=O)c2c(nc(NN)n2CCc2ccccc2)o1,4.5462646484375,4.614609718322754,4.580437183380127
N#CC(=Cc1ccc(O)c(O)c1)C(=O)NCc1ccccc1,5.139800071716309,5.498981952667236,5.3193910121917725
COC(=O)C1(CCc2ccccc2)CCN(Cc2ccccc2)CC1,5.7790703773498535,3.6946229934692383,4.736846685409546
Clc1ccccc1OCc1nn2c(C3CC3)nnc2s1,5.7556562423706055,6.471567153930664,6.113611698150635
C=CCn1cc(CCCn2nnc3ccccc32)c2ccccc21,6.129452228546143,4.7541351318359375,5.44179368019104
CCc1ccc2[nH]c(C=C3C(=O)Nc4ccccc43)nc2c1,6.250278472900391,6.211991310119629,6.23113489151001
CC(=O)Nc1ccc(-c2cc(C(F)(F)F)c3[nH]ncc3n2)cc1,4.733047962188721,5.1636576652526855,4.948352813720703
O=C1C(=O)C(c2cc(O)c(O)c(O)c2)Oc2cc(O)cc(O)c21,5.895381927490234,4.633613586425781,5.264497756958008
COc1ccc(S(=O)(=O)Nc2cc(Cl)ccc2OC)cc1,4.936553955078125,3.824341773986816,4.380447864532471
O=C(C=Cc1ccc(Cl)cc1)N(O)Cc1ccccc1,3.887968063354492,5.430282115936279,4.659125089645386
Fc1ccc(-c2nc(-c3cccs3)cs2)cc1,5.180120468139648,6.7371931076049805,5.9586567878723145
COc1ccc(C(=O)Nc2nnc(-c3ccccc3)s2)cc1,6.1075968742370605,5.363492965698242,5.735544919967651
CC(C)(C)OC(=O)CCCC(=O)Nc1nc2ccccc2s1,4.9645771980285645,5.419034957885742,5.191806077957153
COc1ccc(C=C2SC(=S)N(CCCCC(=O)Nc3ccccc3)C2=O)c(OC)c1,6.526796340942383,5.30983304977417,5.918314695358276
COc1cccc(Nc2ncc3nc(C)c(=O)n(Cc4cccs4)c3n2)c1,5.338734149932861,5.471622943878174,5.405178546905518
Cc1c(Cl)cccc1NC(=O)NCc1ccccn1,4.952886581420898,5.111207485198975,5.0320470333099365
Clc1ccccc1CNc1ncnc2ccc(-c3ccc(Br)cc3)cc12,4.582986831665039,6.095933437347412,5.339460134506226
CN1CCC(=C2c3ccccc3Oc3ccc(Cl)cc32)CC1,4.955076694488525,5.135471343994141,5.045274019241333
Cc1cc(C)c2c(=O)n(CC(=O)Nc3cccc(C(F)(F)F)c3)sc2n1,5.926120758056641,5.595503807067871,5.760812282562256
COc1ccc(CC(=O)N2CCC(CCN3CCC(C(=O)c4nnc(Cc5ccc(F)cc5)o4)CC3)(c3ccc(Cl)c(Cl)c3)C2)cc1OC,6.316720962524414,5.499928951263428,5.908324956893921
Cc1ccc2cc(C(=O)NC3(C)CCCCC3)c(=O)oc2c1C,5.5538105964660645,5.557576656341553,5.555693626403809
Clc1ccc(-c2noc(-c3sccc3Cl)n2)cc1,6.07147741317749,6.315744400024414,6.193610906600952
COc1ccc(C(=O)CC(Nc2ccc(C)cc2F)c2ccc(OC)c(OC)c2)cc1,4.9383463859558105,4.788226127624512,4.863286256790161
O=C(Nc1ccccc1O)c1cc(-c2ccccc2Cl)on1,6.174371719360352,5.075973987579346,5.625172853469849
CC1(C)C=C2C(C(=O)C1)C(c1ccc(Cl)cc1)C2=O,3.407238721847534,7.330775260925293,5.369006991386414
O=C(Nc1ccccc1)N1CCN(Cc2ccc(Cl)cc2)CC1,5.071811199188232,3.924107789993286,4.497959494590759
Cc1cccc2nc3c(O)nc(C4CCCCC4)nc3nc12,5.442101001739502,5.928279399871826,5.685190200805664
O=C(CCCc1ccc(O)cc1)Nc1ccccc1-c1ccccc1,5.010144710540772,4.462075710296631,4.736110210418701
O=C1NCCc2c1ccc1c3ccccc3n(Cc3cccnc3)c21,5.595222473144531,5.035928726196289,5.31557559967041
CCCN(CCCNc1c2c(nc3ccccc13)CCCC2)CC1CCCN(CCc2ccc(Oc3ccccc3)cc2)C1,6.948391914367676,3.4302818775177,5.189336895942688
Cc1ccccc1C(=O)N1CCC(COCc2ccccc2)(C(=O)NCc2ccco2)CC1,5.825899124145508,4.515452861785889,5.170675992965698
O=C(NN=Cc1ccc(O)c2ccccc12)c1ccncc1,4.954806804656982,5.681859016418457,5.31833291053772
O=C(O)c1cccc(COc2ccc3c(c2)CCC3)c1,3.854750156402588,6.908913612365723,5.381831884384155
CC1=CC2Cc3nc4cc(Cl)ccc4c(NCCCCCCCNc4c5c(nc6ccccc46)CCCC5)c3C(C1)C2,8.794808387756348,4.465803146362305,6.630305767059326
Cc1ccccc1C(=O)Nc1ccc(F)c(C(=O)NCCC2CCN(Cc3ccccc3)CC2)c1,6.802886009216309,4.235874176025391,5.51938009262085
CN1CCc2nc(SCC3CCCC3)ccc2C1=O,6.045703887939453,5.755588531494141,5.900646209716797
CC(C)=CCc1c(O)cc2oc3cc(O)c(O)cc3c(=O)c2c1O,5.422972679138184,4.432329654693604,4.9276511669158936
O=C(C=Cc1cccc(Br)c1)N1CCCC1,5.217700958251953,5.182864189147949,5.200282573699951
COC(=O)C1=C(C)N=C(C)C(C(=O)OCCCN(C)Cc2ccccc2)C1c1cccc([N+](=O)[O-])c1,6.127747535705566,5.26634693145752,5.697047233581543
CCCCNC(=O)c1ccc(NC(=O)Nc2ccc(OC)cc2)cc1,5.753718376159668,4.728513717651367,5.241116046905518
Cc1c(C)c2ccc(OCCc3cccc(O)c3)cc2oc1=O,5.116117000579834,7.398801803588867,6.257459402084351
Cc1sc(NN=Cc2c[nH]c3ccccc23)nc1-c1ccccc1,5.387631893157959,4.41991662979126,4.903774261474609
COC(=O)c1ccc2c(c1)N=C(C)C(CC(=O)NCC(C)C)=C2,4.229982376098633,4.371882915496826,4.3009326457977295
COc1cc2nc(C)cc(O)c2cc1Cl,4.441628456115723,5.540213584899902,4.9909210205078125
Cc1occc1COC(=O)c1ccc(NC(=O)c2ccc(F)cc2)cc1,4.986173152923584,5.781732082366943,5.383952617645264
Cc1cccc(C)c1C=C1Oc2ccc(O)c(O)c2C2=C1C(C)=CC(C)(C)N2,6.2538275718688965,5.502481460571289,5.878154516220093
CCOC(=O)c1cn[nH]c1NC(=O)Cc1ccc(Cl)c(Cl)c1,5.093910217285156,4.466065406799316,4.779987812042236
CN1c2ccccc2C(=O)NC1c1ccccc1,5.128492832183838,5.513704299926758,5.321098566055298
CC(=O)Nc1ccc(S(=O)(=O)Nc2ccc(C=C3C(=O)Nc4ccc(C)cc43)cc2)cc1,5.70165491104126,4.825733661651611,5.2636942863464355
Cc1ccc(NCc2cccc(O)c2)cc1,3.800493001937866,4.177291870117188,3.9888924360275273
CS(=O)(=O)N1CCC(C(=O)N2CCN(c3c(F)cccc3F)CC2)CC1,5.782137870788574,4.851326942443848,5.316732406616211
Cc1ccccc1NC(=S)NCc1ccco1,5.701101779937744,4.298865795135498,4.999983787536621
C#CCCCCn1c2ccc(O)cc2c2c3c(c(=O)oc21)CCC3,5.8050923347473145,5.351474761962891,5.5782835483551025
O=C1CCc2cc(-c3cccc(C4(O)CCOCC4)c3)cc3c2N1CC3,5.881089210510254,6.0996575355529785,5.990373373031616
CC1CC2C3CC=C4CC(=O)C=CC4(C)C3C(O)CC2(C)C1(O)C(O)C=O,4.839138984680176,8.6624174118042,6.7507781982421875
O=C(CCCCn1c(=O)c2cccnc2n2c(=O)c3ccccc3nc12)OCc1ccccc1,5.408175945281982,5.395047187805176,5.401611566543579
CCOC(=O)CC(=O)c1c(O)cc(O)cc1COc1ccccc1,5.706523418426514,5.600285053253174,5.653404235839844
CN(C)c1ccc(C2C=c3ccccc3=NC2=O)cc1,5.662027359008789,6.808714866638184,6.235371112823486
CCOC(=O)c1ccc(-c2ccccc2O)nc1C1CCOC1,5.447674751281738,5.4877142906188965,5.467694520950317
O=C(CC1CCCCN1C(=O)Cc1ccccc1)c1ccc(Cl)cc1,4.911841869354248,4.087505340576172,4.49967360496521
COc1ccc2c3c1OC1C(O)C=CC4C(C2)N(C)CCC341,6.107038974761963,7.186900615692139,6.646969795227051
Cc1nc(-c2ccc(C(=O)NC3CCCCC3)cc2)no1,5.1764726638793945,6.092945098876953,5.634708881378174
c1ccc(Cn2cc(-c3ccc4[nH]ccc4c3)nn2)cc1,5.505553245544434,4.559146881103516,5.032350063323975
Clc1ccccc1-c1nc2c3cc(Cl)ccc3nc3cc(OCCCN4CCCCC4)ccc3c2[nH]1,,,
O=C(C=Cc1cccc(Cl)c1)Nc1ccc2c(c1)OCO2,4.817726135253906,6.152094841003418,5.484910488128662
c1ccc(-c2sc3ncnc(NCC4CCCO4)c3c2-c2ccccc2)cc1,5.686188697814941,4.956338405609131,5.321263551712036
Fc1ccc(-c2nc3cnccn3c2-c2ccnc(NCC3CC3)n2)cc1,6.186202049255371,5.99031400680542,6.0882580280303955
CN(c1ccccc1)S(=O)(=O)c1ccc(-c2cnc(C3CC3)o2)cc1,6.304218769073486,4.765238761901856,5.534728765487671
Fc1ccc(-c2nc3sccn3c2-c2ccncc2)cc1,5.310950756072998,5.878870010375977,5.594910383224487
COc1cc2c(cc1OC)-c1n[nH]c(Nc3ccccc3)c1C2,5.467217922210693,4.46968412399292,4.968451023101807
O=C(NCC1CCNCC1)c1cccc(-c2cn[nH]c2)c1,4.741722583770752,4.7136335372924805,4.727678060531616
Cc1ccccc1NC(=O)C=Cc1cccc([N+](=O)[O-])c1,5.412041664123535,5.16764497756958,5.289843320846558
O=C(c1ccccc1)c1ccc2cc(O)ccc2c1O,4.8354082107543945,5.573427677154541,5.204417943954468
CC(=O)OCC1OC(n2cc(C(=O)NC3CCCc4ccccc43)cn2)C(OC(C)=O)C(OC(C)=O)C1OC(C)=O,3.5275299549102783,4.272321224212647,3.899925589561463
c1ccc(-c2nc(-c3ccccc3)c(-c3ccccc3)o2)nc1,4.856715202331543,4.014605045318604,4.435660123825073
NC(=O)c1cc(-c2cccc([N+](=O)[O-])c2)[nH]c1-c1ccc(Oc2ccc(Cl)cc2)cc1,6.340266227722168,5.775000095367432,6.0576331615448
O=C(CCc1c[nH]c2ccccc12)NCCCCCCNc1c2c(nc3cc(Cl)ccc13)CCCC2,8.89520263671875,4.749786853790283,6.822494745254517
CNC(=O)c1cccc(CCNCc2cccc(C#N)c2)c1,5.644722938537598,4.821682929992676,5.233202934265137
Cc1ccccc1-c1ccc2occ(-c3ccc(C#N)s3)c2c1,4.94603157043457,5.959819793701172,5.452925682067871
N#CC(C#N)=C1C=CC=CN1C(=O)c1cccc([N+](=O)[O-])c1,6.394271373748779,4.970090389251709,5.682180881500244
OS(O)(=Cc1ccccc1)=Nc1ccc(Br)cc1,5.127258777618408,4.710841655731201,4.919050216674805
Cc1nc2c(=O)oc3ccc(OCCCCC4CCN(Cc5ccc(Cl)cc5)CC4)cc3c2c(=O)o1,6.818918704986572,5.964593410491943,6.391756057739258
Nc1nccc2ncnc(N3CCN(C(=O)Nc4ccc(Oc5ccccc5)cc4)CC3)c12,5.599501609802246,4.515375137329102,5.057438373565674
O=C1OCC2C1Cc1c(Cl)cccc1C2=NN(CCOc1ccccc1Cl)C1CCCC1,6.223766326904297,5.825445652008057,6.024605989456177
N#Cc1ccc(-c2nc(-c3ccc4c(c3)OCO4)c(-c3ccccc3)[nH]2)cc1,5.461248874664307,5.445190906524658,5.453219890594482
COc1cc(-c2ccccc2)cc2c1OCO2,4.891854286193848,5.125542640686035,5.008698463439941
O=C1CC(O)OCC1OC(=O)c1cccc(O)c1,4.512370586395264,3.528584718704224,4.020477652549744
C=CCNC(=O)C1CCN(c2nc3ccccc3nc2COc2ccc(NC(C)=O)cc2)CC1,5.278541088104248,4.9233479499816895,5.100944519042969
O=C1CC2(CCCC2)CC(=O)N1CCC(N2CCN(c3ccccc3OCc3ccccc3F)CC2)C1,,,
COc1cc(-c2ccc3c(c2)NC(=O)C3=Cc2[nH]c3ccccc3c2C)cc(OC)c1OC,6.556973934173584,5.967185020446777,6.262079477310181
N#Cc1ccc(-c2ccc(CSc3nnc(-c4ccncc4)o3)cc2)cc1,6.048182487487793,6.9779205322265625,6.513051509857178
CC(C)C(=O)N=C1CCCc2cc(OC(C)C)ccc21,6.33952522277832,4.497402667999268,5.418463945388794
CCN1CCN(C2C(=O)c3ccccc3C(=O)C2Br)CC1,6.435583114624023,5.417959213256836,5.92677116394043
NC(=O)Oc1ccc2c(c1)C1(C(F)(F)F)OCCN1C2,6.931300163269043,5.443488121032715,6.187394142150879
CC(C)Oc1ccc2c(c1)C(=NNc1ccc(S(N)(=O)=O)cc1)C(=O)N2,5.343381881713867,4.215712070465088,4.7795469760894775
c1ccc2c(c1)CCC2NC1=NCCCN1,4.113219261169434,4.9059157371521,4.509567499160767
COc1ccc(-c2nsc(NC(=O)CCl)n2)cc1,4.669210433959961,6.012102127075195,5.340656280517578
O=C(O)C=CC(=O)Nc1cccc([N+](=O)[O-])c1,3.695009469985962,5.163583755493164,4.429296612739563
CSc1ccc2c(c1)OC(=O)CC2=CN(C)C,4.950805187225342,4.528763294219971,4.739784240722656
O=C1C=CC(=O)N1c1ccc(Oc2ccccc2)cc1,6.35986328125,5.569858074188232,5.964860677719116
CC(=O)Oc1ccc2c(c1)OCO2,5.876224994659424,4.265771389007568,5.070998191833496
CC(C)(C)c1ccc(CC(=O)N2CCc3ccccc3C2CC(=O)O)cc1,4.580960750579834,3.8575358390808105,4.219248294830322
CC(C)C1NC(=O)C(Cc2ccccc2)NC(=O)C2CCCN2C(=O)C(CC(=O)O)NC(=O)CC2CCCCC2)NC(=O)C2CCCCN2C1=O,,,
COC(=O)C=C1C(=O)Oc2c(ccc(OC)c2OC)C1C,4.453393459320068,4.164752006530762,4.309072732925415
CN1CCN(c2cccc(C(=O)Nc3cc(-c4cccc(Cl)c4)n[nH]3)c2)CC1,5.325625896453857,4.952188014984131,5.138906955718994
CCC1(CC)Cc2cc(OCCCN3CCCC3)ccc2O1,6.330693244934082,5.268277168273926,5.799485206604004
COc1ccc(C(=O)NCC(O)CNc2cccc(C)c2)cc1,4.144208908081055,4.070231914520264,4.107220411300659
Clc1cccc(COC(Cn2ccnc2)c2ccc(Cl)cc2Cl)c1,4.334883689880371,6.193949699401856,5.264416694641113
Cc1ccc2c(C)c(-c3nc4ccc(C(=O)O)cc4[nH]3)sc2c1,6.264222145080566,5.242453575134277,5.753337860107422
O=C1CC=CC2=C1C=CC(C(F)(F)F)OC1C2,,,
CCCCCCCCOc1c(Cl)cc(Cl)cc1CNC(=O)C(O)CC,4.68397331237793,5.474003314971924,5.078988313674927
COc1cccc(-c2cc(=O)oc3c(O)c(O)ccc23)c1,5.379509925842285,5.136405944824219,5.257957935333252
COc1cccc(OC)c1C1=NOC2CCCCC2C1,5.75836181640625,5.30222225189209,5.53029203414917
O=C(Cc1ccccc1Cl)NC1CCCN(Cc2ccccc2)C1,5.140549182891846,2.734743356704712,3.937646269798279
O=C(CCc1c[nH]c2ccccc12)NCC1CCCO1,5.699256420135498,4.997886657714844,5.348571538925171
COc1cccc(N2C(=O)NC(=O)C(=Cc3ccc[nH]3)C2=O)c1,5.098438739776611,5.058025360107422,5.078232049942017
COc1ccc(-c2csc(NN=C3CCCCC3)n2)cc1OC,5.31997537612915,6.146945953369141,5.7334606647491455
COc1cc2c(cc1OC)C(=O)C(Oc1ccc(Cl)cc1Cl)C2,6.34177303314209,5.3564276695251465,5.849100351333618
O=C(O)C=C1C(=O)Nc2ccccc21,3.973138332366944,5.562108039855957,4.76762318611145
Oc1nc2c(O)ccc(C(O)CNCCNCCc3ccc(Cl)cc3)c2s1,4.7904953956604,4.663703918457031,4.727099657058716
CCc1cccc(C=CC2C3CCC(O3)C2C(=O)OC)c1,4.213549137115479,5.556899070739746,4.885224103927612
O=C1CCCc2cc(OCCCCCNc3c4c(nc5ccccc35)CCCC4)ccc21,7.396286964416504,5.1468939781188965,6.2715904712677
CN1CCN(Cc2ccc(-c3ccc4c(c3)Cc3ccccc3-4)o2)CC1,5.295968532562256,4.376964569091797,4.836466550827026
CC(C)(CO)CNc1nccc(-c2c(-c3ccc(F)cc3)nc3c(Cl)nccn23)n1,5.19141960144043,5.7369065284729,5.464163064956665
CC(=O)c1ccc2c(c1)N(CCC1(CCCCN1C)c1ccccc1S2,,,
Cc1c(C(=O)NCCN2CCOCC2)oc2c(Cl)cccc12,6.815909385681152,4.455270767211914,5.635590076446533
CC(=O)OCC1OC(n2cc(CN3CCc4ccccc4C3)nn2)C(OC(C)=O)C(OC(C)=O)C1OC(C)=O,3.642794132232666,4.102348327636719,3.8725712299346924
Cc1cc(C2CC2)nc(O)c1N=Nc1ccc(Cl)cc1Cl,6.970902919769287,5.528223991394043,6.249563455581665
CCCCCCCC(=O)Nc1cc(S(=O)(=O)Nc2ccc(CCNCC(O)COc3ccc(O)cc3)cc2)ccc1F,5.404397010803223,5.0234055519104,5.2139012813568115
Cc1cccc(OCC(=O)NC(C)CO)c1C,4.497407913208008,5.978631496429443,5.238019704818726
COc1cc(OC)c(-c2cc3ccccc3oc2=O)cc1OC,6.608301639556885,5.327774524688721,5.968038082122803
C#CCNC(=O)c1cccc(-n2cccc2CO)c1,4.878720760345459,5.612767219543457,5.245743989944458
NC(=O)C(Cc1c[nH]c2ccccc12)N(N)C(=O)c1ccc(Cl)cc1,5.148886680603027,4.722177505493164,4.935532093048096
Cc1cc(C)c(S(=O)(=O)NC(=O)Nc2nc3ccc(N(C)C)cc3s2)c(C)c1,6.027521133422852,4.85679292678833,5.442157030105591
COc1ccc2c(c1OC)C(=O)c1ccccc1C2=O,5.759343147277832,5.413342952728272,5.586343050003052
Cc1cccc(CCCCc2ccc(CCC(=O)O)nc2)c1,4.99455451965332,5.399070262908936,5.196812391281128
NC1=NC(=O)C(=Cc2ccc([N+](=O)[O-])cc2)S1,5.6679558753967285,5.877257823944092,5.77260684967041
CC1CCc2cccc(OCC(=O)N3CCC(C(N)=O)CC3)c2O1,6.012214660644531,4.608537673950195,5.310376167297363
O=C(c1ccco1)N1CCN(C2CCN(Cc3ccc(Br)cc3)CC2)CC1,5.188754558563232,4.340846061706543,4.764800310134888
Oc1ccc(Cc2nnc(NCc3ccccc3)s2)cc1,5.780921459197998,3.4253740310668945,4.603147745132446
COc1ccccc1NC(=O)C1CCN(c2ncnc3c2oc2ccccc23)CC1,5.349242210388184,4.808018207550049,5.078630208969116
CCOc1ccc(-c2oc3ncnc(N)c3c2-c2ccc(NC(=O)Nc3cc(C(F)(F)F)ccc3F)cc2)cc1,5.853411674499512,5.267561435699463,5.560486555099487
C=CCn1c(O)c(N=NC(=O)c2cccc(O)c2)c2ccccc21,6.362971305847168,4.116479873657227,5.239725589752197
COc1cc(C=C2COc3ccccc3C2=O)ccc1O,5.700611591339111,6.288787841796875,5.994699716567993
COc1cc2c(c(OC)c1OC)C1=CC=C(N(C)CCCCCCCCCCN)CC1CC2,5.52884578704834,5.05188512802124,5.29036545753479
CCCCCCCCCCCCCCCC(=O)Oc1ccc2c(c1)C13CCCCC1C(C2)N(CC1CC1)CC3,5.821691989898682,5.645317554473877,5.733504772186279
CCCCCCN(CCCCCC)C(=O)c1coc2ccccc2c1=O,4.519289970397949,5.45083475112915,4.98506236076355
CN(C)c1ccc(-c2nc3sccn3c2-c2ccnc(Nc3cccc(N4CCCC4=O)c3)n2)cc1NC(=O)c1ccccc1,6.084578990936279,5.2309346199035645,5.657756805419922
CC(C)c1onc(-c2c(Cl)cccc2Cl)c1COc1ccc(-c2ccc3nc(O)oc3c2)cc1,5.914880752563477,6.3554792404174805,6.1351799964904785
C=CCN1CCC2(C)c3cc(O)ccc3CC1C2C,5.828747749328613,5.85373592376709,5.841241836547852
Oc1c2c(nc3cc(-c4ccc(Cl)cc4)nn13)CSC2,5.965465545654297,4.781588077545166,5.3735268115997314
Cc1cc(O)cc(C)c1C=Cc1cncc(C(=O)OC(C)(C)C)c1,4.299081802368164,3.801901340484619,4.050491571426392
Cc1cc2oc(-c3ccc(Cl)cc3)nc2c(=O)n1CC(=O)NN,5.8358564376831055,5.300130844116211,5.567993640899658
O=C1NC(=O)c2c1c(-c1ccccc1Cl)cc1[nH]c3ccc(O)cc3c21,6.824311256408691,6.032106876373291,6.428209066390991
CC(=Cc1ccccc1)COc1ccc2c(c1)OCO2,4.535809516906738,6.068454742431641,5.3021321296691895
CNC(=O)Oc1ccc2c(c1)C1(C)CCN(C)C1N2C,7.130908012390137,5.488977909088135,6.309942960739136
CC(C)OC(=O)c1ccc(NC(=O)c2cc3ccccc3oc2=O)cc1,5.8175201416015625,5.207411766052246,5.512465953826904
CC1CCCC(C(=O)NCCCC2CCN(Cc3ccccc3)CC2)C1,6.408745765686035,2.906660795211792,4.657703280448914
CC(Oc1cc(-n2cnc3ccc(OCC4CCN(C)CC4)cc32)sc1C(N)=O)c1ccccc1Cl,6.299112796783447,5.4911274909973145,5.895120143890381
CCN(CC)CCOc1cc2oc3ccccc3c(=O)c2cc1C,5.3438825607299805,4.978653907775879,5.16126823425293
NC(=O)c1ccc2c(c1)OCCc1cc(-c3nonc3N)sc1-2,5.546247959136963,3.8618788719177246,4.704063415527344
CC12C=CC(=O)CC1=CCC1C2C(O)CC2(C)C1CCC2(O)C(=O)COC(=O)COc1coc(O)c1,4.989009380340576,7.406100273132324,6.19755482673645
CCc1ccc(CCN2C(=O)C(=O)c3cc(S(=O)(=O)N4CCCC4COc4ccc(C)cc4)ccc32)cc1,5.875754356384277,5.733051300048828,5.804402828216553
COc1ccc(OC)c(C=Cc2ccnc3ccccc23)c1,4.249273300170898,5.735620975494385,4.992447137832642
NC(=O)c1sc2c(Br)ccc(Cl)c2c1N,6.371959686279297,2.926008462905884,4.64898407459259
CC(C)=NOC(C)CN1CCCC(Cc2ccc(F)cc2)C1,5.613629817962647,3.2736616134643555,4.443645715713501
O=C1ON=C(c2ccccc2Cl)C1=Cc1ccc(C(=O)O)o1,6.044925212860107,5.445230960845947,5.745078086853027
O=C(Nc1ccc(Oc2ccccc2)cc1)C1CC1,7.376161575317383,4.779706954956055,6.077934265136719
O=C(CCl)N1CCC(C(=O)Nc2ccc3c(c2)OCCO3)CC1,5.99330997467041,5.163040637969971,5.57817530632019
O=C(CCc1c[nH]c2ccccc12)c1cc2ccccc2oc1=O,5.965021133422852,5.566993713378906,5.766007423400879
COc1cc2c(cc1OC)C(=O)C(Oc1cccc(CCN3CCCC3)c1)C2,6.57829475402832,4.734301567077637,5.6562981605529785
CCN(CC)CCCOc1cc(=O)oc2c(C)c(O)ccc12,5.831141948699951,5.3422698974609375,5.586705923080444
CC1=CC(C)(C)Nc2cc(-c3coc4ccccc34)ccc21,5.011014938354492,6.294257164001465,5.6526360511779785
CCOc1ccc(-n2c(C(C)N(Cc3cccnc3)C(=O)Cc3ccc(OCC(O)CNC(C)(C)C)cc3)nc3ccccc3c2=O)cc1,5.2895355224609375,4.759914875030518,5.0247251987457275
Cc1cc(C)c2c(N)c(C(=O)NCCO)sc2n1,6.708171844482422,3.965275764465332,5.336723804473877
c1ccc(-c2ccc(CSc3nnc(-c4ccc5c(c4)OCCO5)o3)s2)cc1,6.658547878265381,6.015858173370361,6.337203025817871
O=C(O)C1Cc2ccc(OCCCCN3CCC(c4noc5cc(F)ccc45)CC3)cc2O1,6.677213668823242,5.510468006134033,6.093840837478638
COc1ccccc1CNc1ncc([N+](=O)[O-])c(NCC2CCC(CN)CC2)n1,5.263677597045898,4.4436354637146,4.853656530380249
CC1CC(=O)c2cc(C(=O)NCc3ccc(F)c(F)c3)c(=O)[nH]c2C1,6.269887924194336,4.973223686218262,5.621555805206299
Cc1nc2c(s1)C(=O)N(c1ccc(C3CCCCC3)cc1)CC=C2,5.304952621459961,6.516171455383301,5.910562038421631
COc1ccc(-c2coc3c2=C(O)c2ccccc2-3)cc1,,,
CC1CC(=O)c2ccccc2N1S(=O)(=O)c1ccc(Cl)cc1,6.085005760192871,4.535799026489258,5.3104023933410645
COc1ccc(Nc2nc3c(c(=O)n(C)c(=O)n3C)n2Cc2ccccc2)cc1,5.273347854614258,4.4991326332092285,4.886240243911743
CC(=NNc1nc(-c2ccc([N+](=O)[O-])cc2)cs1)c1ccccn1,5.6602864265441895,5.513252258300781,5.586769342422485
CCOC(=O)c1[nH]c2ccc(OC)cc2c1-c1ccccc1,5.387136459350586,5.333744525909424,5.360440492630005
CCCCCn1c(=O)sc2cc(C(=O)NC3CCCCCC3)ccc21,5.770661354064941,5.453500747680664,5.612081050872803
COc1ccc2[nH]c3c(c2c1)CCNC3C(O)=Nc1ccc(C(=O)O)cc1,5.999118328094482,5.402065753936768,5.700592041015625
O=C(O)c1ccc(NN=Cc2ccc3c(c2)OCO3)cc1,5.44248104095459,4.741993427276611,5.092237234115601
O=C(C(=O)N1CCOCC1)c1ccc2c(c1)OCCO2,5.067281246185303,4.611802101135254,4.839541673660278
O=C(O)c1cccc(-n2cc(-c3ccccc3)nn2)c1,5.383876800537109,4.991495609283447,5.187686204910278
COc1ccc(C(=O)c2nnc(SCCNC(C)=O)n2C)cc1,4.821709632873535,5.071826934814453,4.946768283843994
CC(=O)Oc1ccc2oc(=O)c(COc3ccc(F)cc3)cc2c1,5.565816402435303,7.264095783233643,6.414956092834473
Cc1ccc(N=CC2C(=O)NC(=O)N(C)C2=O)cc1,5.886007785797119,4.922142028808594,5.4040749073028564
Cc1nnc(SCC2CC3OC(=O)C(C)(C)OC3C2=O)s1,6.123589515686035,7.421337127685547,6.772463321685791
COc1ccc2c(c1)c(CC(=O)NCC1CCCCC1)c(C)n2C(=O)c1ccc(Cl)cc1,5.605583667755127,4.593210697174072,5.0993971824646
Oc1c(Br)cc(Br)cc1CN1CCC2(CC1)OCCO2,5.190794467926025,4.531421661376953,4.861108064651489
CC(C)C(=O)Nc1nc(-c2cccc(Cl)c2)cs1,5.7715163230896,6.00519323348999,5.888354778289795
CN(C)c1cccc(CC(=O)NC2CCCc3c2cnn3-c2ccc(F)cc2)c1,5.469967842102051,5.245116710662842,5.357542276382446
COc1ccc(C=CCc2cc(C=Cc3ccc([N+](=O)[O-])cc3)[nH]n2)cc1,5.023553848266602,5.513340473175049,5.268447160720825
COc1ccccc1NC(=O)Oc1ccc2c(c1)C1(C)CCN(C)C1N2C,6.454043865203857,4.866620063781738,5.660331964492798
COc1cc2nccc(Oc3ccc4c(C(=O)NC5CC5)cccc4c3)c2cc1OC,6.790757179260254,5.189223289489746,5.989990234375
CC(=O)c1ccc(OCCCCOc2ccc3c(c2)OCO3)cc1,5.605742931365967,6.901561737060547,6.253652334213257
CCOc1ccc(-c2cn(C3CCCCC3)c3c(Cl)cccc23)cc1,5.230416297912598,5.380342483520508,5.305379390716553
CCCCC(=O)NCCOc1cccc2c1OC(C)C2,5.355592727661133,5.15956449508667,5.257578611373901
CN(C)c1ccc(C(=O)OCC2(CO)CCOCC2)cc1,3.261169910430908,5.359344959259033,4.310257434844971
CC(=O)NC1CCN(c2c3c(nc4ccccc24)CCCC3)C1,5.189520359039307,4.094117164611816,4.6418187618255615
O=C(C=CC=Cc1cc2c(cc1[N+](=O)[O-])OCO2)N1CCCCC1,5.4384284019470215,5.907569408416748,5.672998905181885
Cc1ccc(Cn2c(CCO)nc3ccccc32)cc1,5.602081298828125,3.8031005859375,4.7025909423828125
CC(=NNC(=O)c1ccncc1)c1ccc2ccccc2c1,5.183996200561523,5.4381632804870605,5.311079740524292
O=c1oc2ccc(OC(F)(F)F)cc2cc1-c1ccccc1,6.336548805236816,5.852341175079346,6.094444990158081
CN(C)CCCOc1ccc2c(c1)C(=O)C(=NCC(F)(F)c1ccccn1)N2,5.278268337249756,6.438985347747803,5.858626842498779
O=C(O)CCNc1cc(C2CCCC2)nc2cc(C(F)(F)F)ccc12,5.488273620605469,5.586883068084717,5.537578344345093
O=C1CC=Cc2cc(O)cc(O)c2O1,4.654621601104736,4.928849220275879,4.791735410690308
CC(C)CCNC(=O)C=Cc1ccc2c(c1)OCO2,3.83054780960083,5.364329814910889,4.597438812255859
Cc1cccc(C(=O)ON=C(N)c2ccccn2)c1,5.9311065673828125,4.80703067779541,5.369068622589111
COc1cccc(-c2cc3cnc(NCCCN4CCN(C)CC4)cc3nc2NC(=O)NC(C)(C)C)c1,5.330827236175537,4.124567985534668,4.7276976108551025
COc1cccc(C(=O)Nc2ccc(-c3nc4ccc(F)cc4s3)cc2C)c1,6.090258598327637,5.522648334503174,5.806453466415405
Clc1ccc(CSc2nnc(-c3ccccn3)n2CCc2c[nH]c3ccccc23)cc1,5.959425449371338,5.495709896087647,5.727567672729492
CN1CCc2cc(O)c(O)cc2C(c2ccccc2)C1,3.7262449264526367,5.49989128112793,4.613068103790283
CNS(=O)(=O)c1ccc2c(c1)C(=Cc1cn(C)c3ccc(OC)cc13)C(=O)N2,6.863495349884033,5.626628875732422,6.2450621128082275
CN=C1Nc2ccc(Cl)cc2C2(CCCCC2)O1,5.116044998168945,5.952475070953369,5.534260034561157
COc1cc2c(cc1OC)C(=O)C(Oc1ccc(C(=O)C3CC3)cc1)C2,6.8260498046875,4.850367069244385,5.838208436965942
O=C(O)Cc1ccc2c(c1)C(=O)C(=Cc1ccc(-c3ccc(C(=O)O)cc3)o1)C2,5.216490745544434,5.775706768035889,5.496098756790161
COc1cc2c(cc1OC)C1=NOC(CN3CCN(CC(C)=Cc4ccc(F)cc4)CC3)C1CO2,6.733798027038574,5.186834335327148,5.960316181182861
CN(C)CCOC(=O)C1(c2ccccc2)CCOCC1,4.017776012420654,4.509007453918457,4.263391733169556
N#Cc1ccc(OCC(=O)N2CCN(C(=O)c3ccco3)CC2)cc1,5.631258964538574,5.345748901367188,5.488503932952881
Oc1cc2c(cc1O)C1c3ccccc3OCC1C2,4.227863311767578,6.153675556182861,5.19076943397522
O=C1C(=O)C(c2ccc(O)c(O)c2)Oc2cc(O)cc(O)c21,5.846800804138184,4.774688243865967,5.310744524002075
O=C1NC(=O)C(=Cc2ccc(OCCc3ccccc3)cc2)S1,5.752538681030273,6.521143913269043,6.136841297149658
CCC(C)(C)NC(=O)COc1ccc(C2=NC(=O)C(C3CC3)C2)cc1,5.173998832702637,6.12718677520752,5.650592803955078
COC(=O)c1ccccc1NC(=O)c1cnc2ccc(C)cn12,5.513643741607666,4.429492950439453,4.97156834602356
CN(C)c1ccc(C=C2COc3ccccc3C2=O)cc1,5.248146057128906,6.858884334564209,6.053515195846558
Fc1ccc(-c2nc3cnccn3c2-c2ccnc(NCC3CC3)n2)cc1,6.186202049255371,5.99031400680542,6.0882580280303955
O=C(NCCNc1ccc([N+](=O)[O-])cc1C(=O)c1ccccc1)c1ccc(Br)cc1,5.360225200653076,4.571875095367432,4.966050148010254
CC1(C)Cc2c(sc(NC(=O)Cc3cccs3)c2C#N)CO1,5.309734344482422,5.265392780303955,5.2875635623931885
Brc1ccc2cnc(Nc3ccncn3)cc2c1,4.531808853149414,6.381465435028076,5.456637144088745
O=C1NC(=S)NC(=O)C1=Cc1ccc(Cl)cc1,4.933256149291992,5.880256175994873,5.406756162643433
CCN(CC)CCOC(=O)C(C)(c1ccccc1)c1cccc(C)c1,5.215551376342773,4.149875164031982,4.682713270187378
Cc1ccc([N+](=O)[O-])cc1NC(=O)N(C)C,4.91903829574585,4.107413291931152,4.513225793838501
Nc1nc(SCCCCCc2ccccc2)c2ncn(C3CCCCC3)c2n1,5.345700263977051,5.964199542999268,5.654949903488159
COc1ccc(OC)c(CN(C)CCc2cccc(OC)c2)c1,4.873210906982422,4.039016246795654,4.456113576889038
O=C1CC(c2ccccc2)=Nc2cc(C(F)(F)F)ccc21,6.217756748199463,6.04555606842041,6.1316564083099365
CCCCOC1=CC=C2C(=O)C=CC2=NC1=O,5.43889045715332,7.119333744049072,6.279112100601196
CCN(CC)C(=O)c1ccc(C=C2C(=O)ON=C2c2ccc(F)cc2)o1,5.171103477478027,5.643819808959961,5.407461643218994
Oc1cccc(C=Cc2ccncc2)c1,3.353497266769409,5.945820331573486,4.649658799171448
COc1cc2c(cc1OC)C(c1ccc(Cl)cc1)=NCC2,5.633407115936279,5.522639751434326,5.578023433685303
Cc1nc2ccccc2c(O)c1CCN1CCC(Cc2ccccc2)CC1,5.959750652313232,3.8530240058898926,4.9063873291015625
CCC1(c2cccc(N=[N+]=[N-])c2)CCCCC1,4.896737098693848,5.605022430419922,5.250879764556885
Cc1ccc(C)c2c1OC(C)(C)C2O,4.817806720733643,5.605093002319336,5.211449861526489
C#CCN(C)C(C)Cc1ccccc1,4.207381248474121,6.7008585929870605,5.454119920730591
O=C(NC(Cc1ccccc1)C(=O)NC1C(=O)N2CC=S(O)C12)OCc1ccccc1,5.776914119720459,4.041189670562744,4.909051895141602
Oc1nc2c(O)ccc(CCNCCCOc3ccc(COCC4CC4)cc3)c2s1,6.407177925109863,5.801754951477051,6.104466438293457
C#CCN(C)Cc1cc2cc(OC)ccc2nc1O,4.13326358795166,6.15592622756958,5.14459490776062
C#CCN(C)Cc1ccnc2ccc(OC)cc12,4.0478620529174805,6.24608325958252,5.14697265625
CC[N+]1(C)C2CCC1CC(OC(=O)C(CO)c1ccccc1)C2,6.495594501495361,4.707329750061035,5.601462125778198
CC1=CC(C)(C)Nc2cc3c(cc21)-c1cnc(Cl)c(Cl)c1C3,5.876728057861328,6.495646953582764,6.186187505722046
Fc1ccc(-c2c[nH]c(C3COc4ccccc4O3)n2)c(F)c1,5.613518238067627,5.777400016784668,5.6954591274261475
Cn1c(=O)c2c(nc(SCCCc3cccc(Cl)c3)n2C)n(C)c1=O,6.038488864898682,6.933133602142334,6.485811233520508
CCOc1ccccc1NC(=O)Nc1ccc(F)cc1,5.83748722076416,5.573956489562988,5.705721855163574
N#Cc1ccc(-c2cc(O)cc(F)c2)cc1O,3.213157415390014,6.4628448486328125,4.838001132011414
N#Cc1ccc(C(=O)OCC(=O)c2ccc(OC(F)F)cc2)cc1,4.7933669090271,5.689153671264648,5.241260290145874
O=C1c2ccccc2C(=O)N1CCCCCCCCC(F)(F)F,6.461959362030029,7.066038131713867,6.763998746871948
COc1ccc(C#Cc2ccsc2)cc1,3.645946264266968,6.930635452270508,5.288290858268738
N#CCC(C1CCCC1)n1cc(-c2nc3ccccc3o2)cn1,5.671217441558838,6.218741893768311,5.944979667663574
C=CCOC(=O)Nc1ccc(NC(=O)c2ccccc2)cc1,5.956848621368408,6.076829433441162,6.016839027404785
Nc1ccc(S(=O)(=O)N2CCC(C(=O)Nn3cnnc3)CC2)cc1,5.369527816772461,4.249953746795654,4.809740781784058
Clc1ccc(CSc2nc3ccc(Br)cc3[nH]2)cc1,4.955598831176758,6.921637535095215,5.938618183135986
O=C(N=C(C=Cc1cccs1)C(=O)N1CCCC1)c1ccc(Br)cc1,5.002119064331055,5.281933784484863,5.142026424407959
O=C1C(=O)C(c2ccccc2)Oc2cc(O)cc(O)c21,5.630306243896484,5.091427326202393,5.3608667850494385
COc1ccc(Cl)cc1NC(=O)C(C)Nc1cccc(CN2CCCCC2)c1,5.641883850097656,4.119501113891602,4.880692481994629
COc1ccc(-c2cc3nc(C)cc(N)n3n2)cc1OC,4.803880214691162,3.828851222991944,4.316365718841553
COc1ccccc1CNC(=O)c1ccc(-c2ccc(Cl)cc2Cl)o1,5.590423107147217,4.885507106781006,5.237965106964111
COc1c(C(=O)OCCO[N+](=O)[O-])cc([N+](=O)[O-])cc1OC,5.484797477722168,4.618800640106201,5.051799058914185
O=C(CCCCCCCCCCCC(=O)Oc1ccc2c(c1)C13CCCCC1C(C2)N(CC1CCC1)CC3)Oc1ccccc1,6.307135105133057,5.26934814453125,5.788241624832153
O=C(CCl)N=c1sccn1Cc1ccco1,5.76403284072876,6.087423324584961,5.92572808265686
CC1CCCCOC(CN(C)Cc2cc(Cl)c(Cl)cc2OC(C)C)C(C)CN(C)C(=O)c2cc(NC(=O)CC(C)C)ccc2O1,5.237123489379883,4.146792411804199,4.691957950592041
N#Cc1cccc(C2=NN(c3ccc(C#Cc4ccccc4)cc3)C(c3ccco3)C2)c1,5.671412944793701,6.292732238769531,5.982072591781616
O=C(C=Cc1ccc(Cl)cc1)Oc1ccc2c(c1)OCO2,5.180225849151611,6.18673849105835,5.6834821701049805
COc1ccc(C=NNC(=O)c2[nH]c3ccc(Br)cc3c2CC(=O)Nc2ccccc2)cc1,5.729188919067383,4.77802038192749,5.2536046504974365
CN1CCN(C(=O)CCCc2c[nH]c3ccccc23)CC1,5.6727070808410645,4.4193925857543945,5.0460498332977295
CCN(CC)Cc1ccc(C=C2C(=O)ON=C2c2ccc(Br)cc2)o1,5.977691173553467,5.731098175048828,5.8543946743011475
Fc1ccc(Cl)cc1C1=NN=C(c2ccccc2)CS1,6.7946295738220215,6.394899368286133,6.594764471054077
CC1CN(CCC(=O)Nc2ccccc2OC(F)F)CCN1,4.836400032043457,5.271902561187744,5.054151296615601
CNC(=O)c1c(F)cccc1Nc1cc(OC)cc(OC)c1,6.546807765960693,4.871301174163818,5.709054470062256
CC(=O)N1CCN(C(=O)c2ccc3c(c2)N(C)CCO3)CC1,4.534765243530273,3.930994987487793,4.232880115509033
O=C(Cc1ccccc1)Oc1cccc(-c2nn(C3CCCC3)cc2-c2cc3ccccc3s2)c1,5.855051517486572,4.21856164932251,5.036806583404541
CNC(=O)C=Cc1cnc(N)c2c(-c3ccc4c(c3)OCO4)csc12,6.441901206970215,4.705104351043701,5.573502779006958
CC(=O)c1c(C)[nH]c(C(=O)NCCc2c(Cl)cccc2Cl)c1C,7.308531761169434,5.9310808181762695,6.619806289672852
O=c1c2cnc3ccccc3c2ncn1C1CCN(Cc2ccccc2)CC1,5.202478885650635,4.877392292022705,5.03993558883667
CC1CCN(Cc2cccc(C#Cc3ccccc3)c2)CC1,5.18980598449707,3.6478500366210938,4.418828010559082
COc1cc2c(cc1OC)C1=NOC(CN3CCN(CC(C)=Cc4cccs4)CC3)C1CO2,6.817438125610352,4.759782314300537,5.788610219955444
COc1ccc(N=c2ssnc2Cl)c2cc(F)ccc12,5.754167079925537,6.21075963973999,5.982463359832764
COc1ccc(NC(=O)CC2CCCCN2c2ccccc2)c(OC)c1,5.273863315582275,4.356490612030029,4.815176963806152
O=C1NC(=O)C2=C1c1cn(c3ccccc13)CCS2,4.243823051452637,5.283661842346191,4.763742446899414
COc1ccc(-c2csc(-c3ccccc3OC)n2)cc1OC,5.045226097106934,5.233104228973389,5.139165163040161
CN(C)c1cc2c(cc1Cl)NC(=O)Nc1cnc(C#N)c(n1)OCCCCCO2,4.717189788818359,4.857056617736816,4.787123203277588
N#CNC(=O)CCc1ccc(OCCCc2ccccc2)cc1,5.283449649810791,6.5908966064453125,5.937173128128052
Cc1ccc2nc(O)c(CN(CCc3ccccc3)C(=O)NCC3CCN(C(=O)OC(C)(C)C)CC3)cc2c1,6.28889274597168,3.377256393432617,4.833074569702148
CC(C)C(=O)Nc1cc(-c2ccc(F)cc2)nc(-c2cccc(Cl)c2)n1,5.658952236175537,6.070409774780273,5.864681005477905
Cc1c2c(n3c1CCN(C)CC(C)CC3)CCC2=O,6.395294666290283,4.356774806976318,5.376034736633301
O=C1c2cccc3c([N+](=O)[O-])ccc(c23)C(=O)N1c1ccccc1,5.042047500610352,5.352483749389648,5.197265625
COc1ccc(C(=O)NC2CCCc3c2cnn3-c2ccc(F)cc2)cc1,5.178848743438721,5.50330924987793,5.341078996658325
O=C(C=Cc1ccccc1)NN=Cc1ccc(O)cc1O,4.566493034362793,5.7086334228515625,5.137563228607178
CC1=Nc2cc(C(=O)NCCCCCCCCCCCCNc3c4c(nc5cc(Cl)ccc35)CCCC4)ccc2S1,8.781196594238281,5.315940380096436,7.048568487167358
CN(C)C(=O)c1ccc2c(c1)C(=O)c1ccc(-c3cn[nH]c3)cc1S2(=O)=O,5.801329135894775,5.8946614265441895,5.847995281219482
Cc1ccc(CC(CC(=O)O)NC(=O)COc2ccc(-c3ccccc3)cc2)cc1,3.842376708984375,4.680355548858643,4.261366128921509
CC(=O)Nc1ccc2oc(CC3OCCCC3C)nc2c1,5.184207916259766,5.558728218078613,5.3714680671691895
O=C(O)c1cccc(COc2ccc3c(c2)CCC3)c1,3.854750156402588,6.908913612365723,5.381831884384155
O=C1c2ccccc2-c2n[nH]c3cccc1c23,4.932783126831055,5.525638580322266,5.22921085357666
Cn1nc(C(C)(C)C)cc1C(=O)Nc1ccc(C(=O)N2CCCCC2)cc1,6.112158298492432,4.273703098297119,5.192930698394775
CC(C)(C)c1ccc(C(=O)ON=C(N)c2ccco2)cc1,4.913084983825684,4.748590469360352,4.830837726593018
CCCCc1c(-c2ccc(O)cc2)nc2ncc[nH]c1-2,5.145219802856445,4.810213565826416,4.977716684341431
Cc1ccc(-c2cc(C(=O)NC3CCCCC3)no2)cc1,5.271584510803223,5.392497539520264,5.332041025161743
COc1cccc(-c2c(C(=O)c3cccnc3)c(O)c(O)n2CCCN2CCCCC2)c1,5.985745906829834,4.907955646514893,5.446850776672363
COc1cc2c(cc1OC)C(=NO)C(C1CCCCC1)CC2,4.463692665100098,5.038995265960693,4.7513439655303955
O=c1ccc2c(o1)C(=NCC1CCN(Cc3ccccc3)CC1)c1ccccc1O2,6.047055721282959,3.6091909408569336,4.828123331069946
CCN(CC)Cc1c(O)ccc2c1OCCC2=Cc1ccccc1,5.385490894317627,4.7037434577941895,5.044617176055908
COc1ccc(NC(=O)C2CCCN(S(=O)(=O)c3cccc(C(F)(F)F)c3)C2)c(OC)c1,6.5585618019104,5.179708480834961,5.869135141372681
CN1CCc2cc(O)c(O)cc2C1=O,5.203780174255371,5.594440937042236,5.399110555648804
CC(=O)Nc1ccc(C(=O)OCC2CCOC2=O)cc1,4.4807963371276855,4.786356449127197,4.633576393127441
COc1ccc2[nH]c(C)c(CCNC(=O)CCCCCCNc3c4c(nc5ccccc35)CCCC4)c2c1,8.744729042053223,4.729879856109619,6.737304449081421
CC1=Nc2ccc(Cl)cc2S(=O)(=O)N1,5.654711246490479,4.839890003204346,5.247300624847412
c1ccc2c[n+](CCCCCCCCC[n+]3ccc4ccccc4c3)ccc2c1,7.159190654754639,4.792098045349121,5.97564435005188
Fc1ccc(-c2nc(-c3ccc(F)cc3)c(-c3ccncc3)[nH]2)cc1,5.713334560394287,6.060988426208496,5.887161493301392
CCOC(=O)c1c(C)[nH]c(C)c1C(=O)c1ccc(Cl)cc1,5.001887798309326,5.364828586578369,5.183358192443848
CCCCc1c(-c2ccc(OC)cc2)[nH]c2nccnc12,4.525483131408691,5.382345199584961,4.953914165496826
O=C1NC(=O)C(c2cccc(Cl)c2)C1=Nc1ccc(O)c(Cl)c1,5.818806171417236,5.568950653076172,5.693878412246704
O=C1NC(=S)NC(=O)C1=Cc1cc2ccccc2[nH]1,5.850221157073975,5.870687484741211,5.860454320907593
COc1ccc(-c2csc3ncnc(O)c23)cc1,3.989149808883667,6.134468078613281,5.061808943748474
O=c1cc(-c2cccc(Cl)c2)oc2c(Cc3cccc(Cl)c3)c(O)c(Cl)cc12,4.734552383422852,5.519906520843506,5.127229452133179
OCCC1CCN(CCc2c[nH]c3ccc(-n4cnnc4)cc23)CC1,5.755064964294434,5.722501754760742,5.738783359527588
Cc1cccc(-c2c(-c3ccc(F)cc3)ncn2C(=O)Nc2cc(CN3CCCCC3)ccn2)c1,6.7318525314331055,5.219377040863037,5.975614786148071
COc1ccccc1-c1ccnc(Nc2cccc(S(C)(=O)=O)c2)n1,5.300256729125977,5.375899791717529,5.338078260421753
Cc1c(Cl)cccc1NC(=O)C1CCCN(c2cc(-c3ccco3)nc3cc(Cl)ccc23)C1,6.094909191131592,5.218102931976318,5.656506061553955
CC12CCC(C)(O1)c1c2c(O)n(-c2cccc(-c3ccccc3O)c2)c1O,6.18659782409668,5.411399364471436,5.798998594284058
O=C(NCc1ccccc1)c1cccc(S(=O)(=O)N2CCCC2)c1,5.614008903503418,4.124962329864502,4.86948561668396
CCC(=O)Nc1ccc(OCC(O)CNC(C)C)cc1,3.7680680751800537,5.36808443069458,4.568076252937317
CCCCOc1ccc(CC2=NC(=Cc3cccs3)C(=O)O2)cc1,5.287257671356201,6.686214923858643,5.986736297607422
CCC1=NN2C(=O)CC(=COC(=O)c3ccc(NCC(c4ccccc4)N4CCOCC4)o3)N=C2S1,6.827297687530518,5.413040637969971,6.120169162750244
CN(C)CCCNC(=O)c1cccc(S(=O)(=O)NCC2CCC(CNC(=O)C(=O)O)CC2)c1,5.962429523468018,3.829543113708496,4.895986318588257
O=C1C=CC(=CNNC2=c3ccccc3=NC2=O)C=C1,3.5436558723449707,5.890535831451416,4.717095851898193
Cc1cccc(OCC(=O)N2N=C(c3ccccc3)CC2c2ccccc2O)c1,6.90607213973999,4.969186305999756,5.937629222869873
CC(NC1CC1)c1cc(=O)n2cc(C3=CCCO3)ccc2n1,6.442240715026856,6.033810615539551,6.238025665283203
C#CCN1CCC(C(=O)N(CCCC(=O)O)Cc2cccc(OC)c2)CC1,5.326898097991943,3.8344531059265137,4.5806756019592285
CC(=O)N(c1ccccc1)c1cccc(C2=NOC3(C2)CC2(O)C3C(=O)OC(C)(C)CC23)c1,,,
Clc1cc(-c2ccccc2)nc(NN=Cc2cccnc2)n1,4.490708351135254,4.9311957359313965,4.710952043533325
NC(=O)C1CCN(CCCOc2ccc3c(c2)-c2n[nH]c(-c4ccc(C#N)nc4)c2C3)CC1,6.511679172515869,5.222827434539795,5.867253303527832
Cc1cc(O)cc(C)c1CC(N)C(=O)N1Cc2ccccc2CC1C(=O)NCCCCCCC(=O)OC(C)C,5.3464837074279785,4.073069095611572,4.709776401519775
CC(C)=CC1CC(CO)(COC(=O)CCCCCCCCNc2c3c(nc4cc(Cl)ccc24)CCCC3)OC1=O,6.693490982055664,5.05756950378418,5.875530242919922
c1ccc2c(c1)Cc1c-2n[nH]c1-c1ccc2c(c1)OCO2,5.457290172576904,5.4008469581604,5.429068565368652
Cc1cc(C)cc(N(CC(=O)Nc2cccc(C#N)c2)S(=O)(=O)c2c(C)n[nH]c2C)c1,6.094347953796387,4.387848377227783,5.241098165512085
C=CCNc1nc(C2CCCN2C(=O)C=Cc2ccc(OC)cc2)cs1,6.18282413482666,5.059007167816162,5.620915651321411
CC(=NNC(=N)N)c1cc(NC(=O)c2cccc(C(=O)Nc3cc(C(C)=NNC(=N)N)cc(C(C)=NNC(=N)N)c3)c2)cc(C(C)=NNC(=N)N)c1,5.37700891494751,3.880051374435425,4.628530144691467
CC(C)COc1nc2c(c(=O)n(C)c(=O)n2C)n1CC(F)(F)F,4.976532936096191,6.491477966308594,5.734005451202393
CCCC1=NOC2CC3(OCC)OC3C(=O)OC2C1,6.315052032470703,6.647304534912109,6.481178283691406
O=C(Cc1ccncc1)N=C1CCCO1,4.9214348793029785,5.84880256652832,5.385118722915649
c1cncc(CNc2ccnc(-c3ccc4c(c3)OCO4)n2)c1,4.83726978302002,5.203662395477295,5.020466089248657
CN(C)C1CCc2c(c3ccccc3n2S(=O)(=O)c2cccc(Cl)c2)C1,5.222282409667969,4.513183116912842,4.867732763290405
COc1ccc(C(=O)N=c2[nH]n(-c3ccccc3)c(=O)c3ccccc23)cc1OC,5.701003551483154,4.537120819091797,5.119062185287476
CN1CCN(c2ncc3nc(-c4ccc(Cl)cc4)c(=O)n(C)c3n2)CC1,5.310464382171631,5.707596778869629,5.50903058052063
Cc1ccc(C=NNC(=O)c2cc(-c3ccco3)nc3ccccc23)s1,5.65132999420166,4.557714462280273,5.104522228240967
CC#CCn1c(=O)c2ccccc2n2c(SCCC)nnc12,4.902074337005615,5.670667171478272,5.286370754241943
CCCCCCOc1ccc2nc3c(cc2c1)CCCC3,4.687236785888672,6.05794620513916,5.372591495513916
COc1cccc2c1OC(=Cc1cc3c(cc1OC)OCO3)C2=O,6.388238906860352,4.852065563201904,5.620152235031128
Cc1cc(C)cc(C(=O)OCC(=O)NCCCc2ccccc2)c1,5.130785942077637,4.559941291809082,4.845363616943359
CCC1=C(C(=O)OC)C(c2cccc(OC(C)=O)c2)n2ncnc2N1,4.762019634246826,4.191440105438232,4.476729869842529
Nc1cccc2c1C(=O)N(CCN1CCCC1)C2=O,7.200699329376221,4.418543815612793,5.809621572494507
Cc1ccc(CN2CCC(COc3cccc4c3CC(=O)N4)CC2)o1,6.702311038970947,5.026174545288086,5.864242792129517
COc1cccc(C2=NN(CCCCCCNc3c4c(nc5cc(Cl)ccc35)CCCC4)C(=O)CC2)c1,8.38670539855957,5.244154930114746,6.815430164337158
COc1cc(C=CC(=O)Nc2ccccc2Br)ccc1O,5.158307552337647,5.53700590133667,5.347656726837158
COC1=CC=C2c3c(cc(OC)c(OC)c3OC)CCC(=NC(C)C)C2CC1=O,5.235570907592773,4.14219331741333,4.688882112503052
CC1=CC(=O)C(=NO)C(C)C=C1,3.298229455947876,4.559305667877197,3.9287675619125366
COc1cc2c(cc1OC)C1=NOC(Cc3ccccc3)(CN1CC2)C1,,,
FC(F)(F)c1ccc(-c2csc(NN=C3CCCCC3)n2)cc1,5.616617202758789,7.1841349601745605,6.400376081466675
COc1cc2c(cc1OC)C(=O)C(Oc1cccc(C)c1)C2,6.4616804122924805,4.867005348205566,5.664342880249023
CC1CCCC(C)N1Cc1cnc2ccccc2c1,5.538694381713867,4.696170806884766,5.117432594299316
C#CCN(C)C(C)Cc1ccccc1,4.207381248474121,6.7008585929870605,5.454119920730591
Clc1ccc(-c2nc3ccc(N4CCCCC4)nc3o2)cc1,5.236395835876465,6.490779399871826,5.8635876178741455
Cc1c(-c2ccccc2)oc(-c2ccc(O)cc2)c1-c1ccc(OCCN2CCCC2)cc1,5.716565132141113,4.51911211013794,5.117838621139526
CNC(=O)c1nc2c(OC)cc(Br)cc2s1,7.400603771209717,5.196861743927002,6.298732757568359
Cn1cccc1C1=C(c2ccc(Cl)cc2Cl)C(=O)NC1=O,4.664950370788574,6.304225921630859,5.484588146209717
COc1ccc(C(=O)C=Cc2ccc(OC(F)(F)F)cc2)cc1,5.634609699249268,5.931299686431885,5.782954692840576
Cc1ccc(O)c(C=NC2CCCCC2)c1,4.931671619415283,4.472285270690918,4.701978445053101
Cc1c2ccccc2nc2ccccc12,4.183006286621094,4.282052040100098,4.232529163360596
COc1ccc2c(=O)n(Cc3ccccc3C)c(C#N)ccc2c1OC,,,
O=C(OCC#CCSc1nnc(-c2cccc3ccccc23)o1)c1ccc(F)cc1,5.443882942199707,6.675805568695068,6.059844255447388
c1ccc2c(NCCCCCCCCCN3CCOCC3)c3c(nc2c1)CCC3,7.365555286407471,4.361623764038086,5.863589525222778
CCN(CC)CC#CCOC(=O)C1(c2ccc(Cl)c(Cl)c2)CCCC1,4.757073402404785,4.971851825714111,4.864462614059448
COc1ccc2c(c1)C(=Cc1cc[n+](C)cc1)C(=O)N2,5.183598518371582,5.833112239837647,5.508355379104614
O=C1NC(=O)C(c2c[nH]c3ccccc23)=C1c1c[nH]c2ccccc12,4.763095378875732,5.914722442626953,5.338908910751343
O=C(CCCc1ccccc1)Nc1ccc2c(c1)OCO2,5.208359718322754,5.383812427520752,5.296086072921753
Cc1nn(C)c(C)c1S(=O)(=O)N1CCCC2=NCCN21,6.100916862487793,5.046911716461182,5.573914289474487
CC(=NNC(=O)c1ccc(Cl)s1)c1cccnc1,5.297095775604248,5.67114782333374,5.484121799468994
CN1CCN(C(=O)c2cc(Br)c3c(c2)OCCO3)CC1,5.673629283905029,3.9519362449646,4.8127827644348145
CC1(C)C2CCC1(C)C(OC(=O)c1cccc([N+](=O)[O-])c1)C2,4.756548404693604,6.750021934509277,5.75328516960144
O=C(COc1cccc2cccnc12)Nc1cc2c(cc1Br)OCCO2,5.466020584106445,4.919425010681152,5.192722797393799
COC1=CC(c2c[nH]c3ccccc23)=NC1=O,4.782821178436279,5.806376457214356,5.294598817825317
COc1cc2c(cc1OC)C(Cc1ccc(Cl)cc1)N(C(=O)c1cccnc1)CC2,5.249633312225342,4.837740898132324,5.043687105178833
Cc1ccc(-n2c(=O)c3ccccc3n(CCC#N)c2=O)cc1C,6.005829334259033,6.049139976501465,6.027484655380249
CC1CCCN(CCCOc2ccc(-c3ocnc3-c3ccc(F)cc3)cc2)C1,5.3953776359558105,5.840926170349121,5.618151903152466
Clc1cccc2c1nc(-c1ccccc1)n2Cc1cccnc1,4.946727752685547,3.7718000411987305,4.359263896942139
CCCC1CNc2cc3oc(=O)cc(C(F)(F)F)c3cc2S1,5.32746696472168,5.724181652069092,5.525824308395386
O=C(NCC1CCCCC1)C1CCN(c2nc3ccccc3o2)CC1,5.33278226852417,5.247205257415772,5.289993762969971
Cn1c(=O)c2nc(-c3ccc(OCCCCN4CCCC4)cc3)[nH]c2n(C)c1=O,6.541203498840332,5.563164234161377,6.0521838665008545
Fc1ccc(-c2cc3nc(-c4ccccc4)cc(N4CCNCC4)n3n2)cc1,5.1577019691467285,5.305903434753418,5.231802701950073
O=C(CCCCC1CCSS1)NCCc1ccccc1,4.875488758087158,4.63564395904541,4.755566358566284
CC(C)=CCN1CCC(O)(c2ccc(C)c(C(C)(C)C)c2)CC1,5.497008800506592,3.634296417236328,4.56565260887146
NC1=c2ccc(Cl)cc2=NC1=O,5.545240879058838,5.562395095825195,5.553817987442017
O=C(C=Cc1ccccc1)NCC1CCC(C(=O)O)N1Cc1ccccc1OC(F)F,5.788121700286865,5.13525915145874,5.461690425872803
Brc1ccc2c(c1)CCc1c-2n[nH]c1C2,,,
CN(C)Cc1ccc(C2=NCCS2)cc1,5.916543006896973,4.1490983963012695,5.032820701599121
CN1CCC(=C2c3ccccc3Oc3ccc(Cl)cc32)CC1,4.955076694488525,5.135471343994141,5.045274019241333
CS(=O)(=O)c1ccc(C(=O)Nc2nc3ccccc3n2CCCO)cc1,6.208049774169922,5.549784660339356,5.878917217254639
COc1cccc(C=CC2C(=O)ON=C2c2ccccc2)c1OC,7.358566761016846,4.777502536773682,6.068034648895264
CC(C)c1cc2c(Cl)cccc2n1CC(=O)NC1CCCN(Cc2ccccc2)C1,5.733309745788574,3.5283684730529785,4.630839109420776
Cc1ccc(-c2cc3ccccc3c(=O)o2)cc1,4.65448522567749,6.4009108543396,5.527698040008545
COc1ccc2c(c1)C(=O)C(COC(=O)c1ccccc1)C2=O,7.273053169250488,5.155760288238525,6.214406728744507
NC(=O)CCN1CCC(OCc2cc3ccccc3s2)CC1,5.564653396606445,4.646816730499268,5.1057350635528564
CC(=O)c1c(O)c(O)n(-c2ccc(Cl)cc2)c1-c1ccccc1,6.299238204956055,5.538585186004639,5.918911695480347
O=c1onc2cnc(Oc3ccccc3)nc12,,,
CC(C)Oc1ccc2c(c1)c(O)n2C(=O)c1ccccc1,,,
COc1cc2c(cc1OC)C(=O)C(=Cc1ccc(OC(C)=O)c(OC)c1)C2,6.456943035125732,4.708878517150879,5.582910776138306
C[N+](C)(C)CCOC(=O)C=Cc1ccccc1,3.9012856483459473,3.8219480514526367,3.861616849899292
CN(C)c1ccccc1-n1cc(C(=O)NN)cn1,4.321041107177734,5.125363826751709,4.723202466964722
OCCCCN1CCN(Cc2ccccc2F)CC1,5.134024620056152,4.020540237426758,4.577282428741455
CC1=NN(c2ccccc2)C(=O)C1=Cc1ccccc1,5.274662017822266,4.416773319244385,4.845717668533325
Cc1ccc(NC(=O)CC(C)C)cc1NC(=O)c1ccc(Cl)cc1,4.839594841003418,4.356318473815918,4.597956657409668
COc1ccc(C2C=C(C)CC(C(=O)Oc3ccccc3)O2)cc1,5.892307281494141,4.556739807128906,5.224523544311523
CC(=O)Oc1cc(C(C)=O)cc(OC(C)=O)c1,5.942699432373047,4.704017639160156,5.323358535766602
O=C(NC(=S)Nc1ccccc1)c1ccc(Br)o1,7.51943302154541,5.253604888916016,6.386518955230713
C=CCc1cccc2cc(C(=O)O)oc12,5.509970664978027,5.543773651123047,5.526872158050537
CC1=C(C)C(=O)C(C(c2ccc(F)cc2)N2CCCC2)C(=O)C1=O,5.749139308929443,6.65223503112793,6.2006871700286865
O=C(C1CC1)N1CCC(Nc2ccc3c(c2)OCO3)CC1,5.446608543395996,4.819986343383789,5.133297443389893
Cc1cc(=O)oc2c(Cl)c(OCc3cccc(C(F)(F)F)c3)ccc12,5.10130500793457,6.946961402893066,6.024133205413818
Cc1c2ccccc2nc2c1ncn2CCCC(=O)O,4.822441101074219,4.472358703613281,4.64739990234375
COc1ccc(OCc2cccc(C(=O)NN=Cc3cccnc3)c2)cc1,4.6786956787109375,5.071356296539307,4.875025987625122
O=C1C(=O)c2ccc([N+](=O)[O-])cc2C1=O,6.179419040679932,5.485803127288818,5.832611083984375
CCC(=O)Nc1ccc(C(=O)CCl)cc1,4.837236881256104,5.9815673828125,5.409402132034302
O=C(CCc1c[nH]c2ccccc12)NC1CCCC1,4.864204406738281,4.6145524978637695,4.739378452301025
O=C1CCc2ccc(OCCCCN3CCCN(c4ccccc4Cl)CC3)nc2N1,5.632661819458008,5.20684289932251,5.419752359390259
O=C1CCCC2(CCN(S(=O)(=O)c3ccc(F)cc3)CC2)N1Cc1ccccc1,5.431710720062256,5.1624860763549805,5.297098398208618
Nc1cc(O)nc2cc(NC(=O)CCc3ccc(C(F)(F)F)cc3)ccc12,5.659016609191895,5.489314079284668,5.574165344238281
CCCOc1ccc2c(c1)CCC2=Cc1ccc(C#N)cc1,4.34394645690918,6.648043155670166,5.495994806289673
COc1cccc(-c2coc3c(CN4CCC(O)CC4)c(O)ccc3c2=O)c1,5.712875843048096,4.334693908691406,5.023784875869751
O=C1C(O)=C(COc2ccccc2Cl)C=C1c1ccco1,4.910243988037109,6.335180282592773,5.622712135314941
CCn1c2ccccc2c2cc(NC(=O)C=Cc3ccco3)ccc21,5.60278844833374,5.952939510345459,5.7778639793396
CN1CCN(S(=O)(=O)c2ccc(NC(=O)Nc3cccc(Br)c3)cc2)CC1,4.976905345916748,4.601279258728027,4.789092302322388
CC12C=CC(=O)CC1=CCC1C2C(O)CC2(C)C1CCC2(O)C(=O)CO,4.328791618347168,8.537013053894043,6.4329023361206055
COC(=O)C1C2CCC(CC1c1cccc(Cl)c1)N2,4.164880752563477,5.326874256134033,4.745877504348755
COc1cc2c(cc1OC)C(=O)C(Oc1ccc(C(C)=O)cc1)C2,7.102496147155762,4.803229808807373,5.952862977981567
Oc1nc2c(O)ccc(C(O)CNCCCCOCCOCCn3cccc3)c2s1,4.612462043762207,5.760687828063965,5.186574935913086
CC12OC(CC1(O)CO)n1c3ccccc3c3c4c(c5c6ccccc6n2c5c31)CNC4=O,5.916484355926514,4.395557880401611,5.1560211181640625
CC(C)(C)NCC(O)COc1ccc2[nH]cc(C3CCN(Cc4ccc(Cl)cc4)CC3)c2c1,4.892160415649414,4.342341899871826,4.61725115776062
O=C(c1ccc2c(c1)OCO2)N1CCN(c2nc(-c3ccc(F)cc3)cs2)CC1,6.054276943206787,5.77340030670166,5.913838624954224
CC1CCCC(C)N1C(=O)NC1CCC(c2cn[nH]c2)CC1,3.9996728897094727,4.960025787353516,4.479849338531494
CN1CCN(COc2ccc(C(=O)Nc3cccc(C(F)(F)F)c3)cc2)CC1,5.232114791870117,5.63203763961792,5.4320762157440186
CC(C)(CN1CCN(CCCNc2c3c(nc4ccccc24)CCCC3)CC1)C(=O)O,7.813446998596191,3.716917037963867,5.765182018280029
Cc1ccc(NC(=O)Nc2ccc(NC(=O)c3csc4ncnc(N)c34)cc2)cc1,5.911715984344482,4.579883098602295,5.245799541473389
COc1ccc(C(=O)NCc2cccc(C(=O)NCCc3ccccc3)c2)cc1,5.670365333557129,4.230917930603027,4.950641632080078
CN(C)c1ccc(C2CC3(C)C(CCC3(O)C#Cc3ccccc3)C3OC=C4CC(=O)CCC4=C23)cc1,5.3622002601623535,7.647303581237793,6.504751920700073
CC(=Cc1ccc(C(F)(F)F)cc1)COc1ccc2c(c1)COC2=O,4.387920379638672,7.76828670501709,6.078103542327881
O=C(Cc1ccc(Cl)c(Cl)c1)N1CCN(c2ncccn2)CC1,5.018805503845215,5.3695149421691895,5.194160223007202
CCCN1CCCC2Cc3n[nH]cc3CC21,5.060526847839356,5.010848522186279,5.035687685012817
CCCN1CCCC(c2ccc(O)c(C(=O)OC)c2)C1,4.8500518798828125,3.814912796020508,4.33248233795166
COc1ccc(-c2oc3ncn(C)c(=O)c3c2-c2ccccc2)cc1,5.568863868713379,5.233810901641846,5.401337385177612
CC(=NNc1nc(-c2ccc(F)cc2)cs1)c1cccnc1,5.449697971343994,6.749998092651367,6.099848031997681
O=C(Nc1ccc2c(c1)OCO2)c1ccc(C(F)(F)F)cc1,5.326290130615234,5.414705753326416,5.370497941970825
O=S(=O)(c1ccccc1F)c1n[nH]c2ccc(NC3CCC3)cc12,5.8843488693237305,5.763884544372559,5.8241167068481445
Cn1c2c(c3ccc(Cl)cc31)C(C#N)C1(CCCCC1)NC2=O,5.978489875793457,6.240065097808838,6.1092774868011475
COc1cccc(C(=O)NC2=C(N3CCC(C(=O)O)CC3)c3ccccc3SC2)c1,5.659891605377197,4.644026279449463,5.15195894241333
CCc1cccc(CC)c1NC(=O)c1ccncc1F,5.749399185180664,5.260184288024902,5.504791736602783
CN(C)c1cccc(CNC(=O)c2cc3c(-c4ccccc4)[nH]nc3s2)c1,5.994359493255615,4.683643341064453,5.339001417160034
O=C(NC1CCCC1)c1cc(-c2cccs2)n[nH]1,4.81980562210083,5.966664791107178,5.393235206604004
O=C1c2ccccc2-c2nnc(-c3ccccc3)cc21,4.993725776672363,5.196288108825684,5.095006942749023
N#Cc1ccc(C(=O)n2c3c(c4ccccc42)CCCC3)cc1,5.010162830352783,4.751734733581543,4.880948781967163
COc1ccc2c(=O)c(-c3ccccc3)coc2c1,5.250600814819336,5.713226318359375,5.4819135665893555
Cc1ccccc1NC(=O)CCC=CCCC=CC(=O)C(F)(F)F,4.699686050415039,6.786463260650635,5.743074655532837
CC#CCN(C)Cc1cc2cc(OCc3ccccc3)ccc2n1C,4.811418533325195,7.19118070602417,6.001299619674683
CCOC(=O)C1=C(C)N=c2sc(=Cc3ccc(O)c(O)c3)c(=O)n2C1c1ccc(OC)cc1OC,6.986301422119141,4.462971210479736,5.7246363162994385
CN(CCC#N)C(=O)c1cccc(-n2nc(C(C)(C)C)cc2NC(=O)Nc2cccc3ccccc23)c1,6.014475345611572,4.405248165130615,5.209861755371094
CCCC(=O)Nc1cccc(C2=NN(CCCC(=O)O)C(c3ccc(F)cc3)C2)c1,5.256336688995361,5.284970760345459,5.27065372467041
CCN(CC)CCC[n+]1cc(-c2cccc(Br)c2)n2c(nc3cc(Cl)ccc32)c1C#N,6.369895458221436,5.303726673126221,5.836811065673828
N#Cc1ccc(C2=NC(C3CCCCC3)(C3CC3)C(=O)N2Cc2ccccc2)cc1,6.000712394714356,5.243834495544434,5.6222734451293945
COc1cccc(-c2sc(NC(=O)c3cccs3)nc2C)c1,6.244849681854248,6.058103561401367,6.151476621627808
COc1cc2c(cc1OC)C1C(=O)c3ccc(OC)c(OC)c3C1C2,5.655906200408936,5.526286602020264,5.5910964012146
NC(=O)C1CCN(CCCN2c3ccccc3Sc3ccc(Cl)cc32)CC1,5.702493190765381,4.628541469573975,5.165517330169678
COc1cc2c(cc1OC)C(=O)C(Oc1ccc(C)cc1Br)C2,6.4965691566467285,5.1601409912109375,5.828355073928833
COc1cc(C=NNc2ncnc3c2cnn3C(C)C)ccc1O,4.555795192718506,3.817639112472534,4.18671715259552
CCOc1ccc(-n2c(CC)nc3cc(C)c(NC(=O)c4cccs4)cc32)cc1,6.450752258300781,5.37789249420166,5.914322376251221
O=c1cc(-c2cccc(Cl)c2)oc2c(O)c(O)ccc12,5.32359790802002,4.974450588226318,5.149024248123169
C#CCN(CC#C)Cc1cccc(OC(=O)N(C)C2CCCCC2)c1,4.608068466186523,4.984027862548828,4.796048164367676
CN1CC2CC1CN2c1ccc(-c2ccnc3c(-c4cccc(O)c4)c(-c4ccncc4)nn23)cc1,5.793401718139648,5.14347505569458,5.468438386917114
COc1ccc2c(=O)c(-c3ccc4c(c3)OCCO4)coc2c1,5.428205490112305,5.471240997314453,5.449723243713379
COC(=O)c1sc(NC(=O)C2=COCCO2)nc1C,4.514183044433594,4.817184925079346,4.66568398475647
CCn1cc(C=C2C(=O)NC(=O)N(Cc3ccccc3F)C2=O)c2ccccc21,5.11777925491333,5.82487678527832,5.471328020095825
CC1CCN(CCCC#N)CC12CCN(C(=O)OCc1ccccc1)CC2,6.091606140136719,4.11627197265625,5.103939056396484
CSc1nc(-c2ccc(Cl)cc2)c(-c2ccc(Cl)cc2)[nH]1,5.432564735412598,6.005496978759766,5.719030857086182
O=C1NCC(c2ccc(C(=O)N3CCOCC3)cc2)=NN1c1ccc(Cl)cc1,5.406406402587891,4.829658031463623,5.118032217025757
CCC(C)NC(=O)C1CCN(Cc2nc(-c3ccc(OC)cc3)oc2C)CC1,5.297731399536133,5.076387405395508,5.18705940246582
O=C(C=Cc1cccc([N+](=O)[O-])c1)N1N=C(c2ccc(F)cc2)CC1c1ccccc1,6.294448375701904,5.726071357727051,6.0102598667144775
O=C(NCc1ccccc1)c1cc2ccccc2oc1=O,6.347864151000977,4.97861909866333,5.663241624832153
O=C1Nc2ccc3ncsc3c2C1=CNc1ccc(S(=O)(=O)Nc2ccccn2)cc1,5.797754287719727,4.647493362426758,5.222623825073242
O=C(Nc1nc(-c2ccccc2)cs1)c1ccco1,6.281386375427246,5.6169753074646,5.949180841445923
Cc1ccc(-c2csc3ncnc(N4CCN(C)CC4)c23)cc1,4.752516269683838,6.193904876708984,5.473210573196411
COc1ccc2c(c1)c(-c1ccc3ncccc3c1)c(C)n2CCCN1CCCCC1,6.278676509857178,4.891414642333984,5.585045576095581
CS(=O)(=O)Nc1cc(C(O)CNCC2CCN(c3ccccc3)CC2)ccc1O,4.546053886413574,4.136810779571533,4.341432332992554
Cc1c(C)c2ccc(OCC(C)C)cc2oc1=O,5.109691143035889,7.036066055297852,6.07287859916687
O=C(C=Cc1ccco1)Nc1nc(-c2ccc(O)cc2)cs1,5.850876808166504,5.756947994232178,5.803912401199341
COc1cc2c(cc1OC)C1=NOC(CN3C(=O)c4ccccc4C3=O)C1CO2,7.762904644012451,4.724964618682861,6.243934631347656
Cc1c2c3c(sc2ncn1CC(=O)Nc1ccc(F)cc1)CCC3,,,
CC1=CC(c2cccc(O)c2)C(C)=NC(=O)C1,5.7466912269592285,6.0641913414001465,5.9054412841796875
COC(=O)CCCCCCCC(=O)Nc1ccc(OC)c(OC)c1,5.2100348472595215,5.401342391967773,5.3056886196136475
CC1CC2C3CC=C4CC(=O)C=CC4(C)C3(F)C(O)CC2(C)C1C(O)C=O,4.585072040557861,8.91257381439209,6.748822927474976
N#Cc1ccc2c(c1)C1CCCCC1C(c1ccccc1)=N2,4.843020439147949,6.4968132972717285,5.669916868209839
NC(N)=Nc1ncc(Cl)c2ccc(S(=O)(=O)N3CCCCC3)cc12,5.692061901092529,5.216859817504883,5.454460859298706
CN(CC=C1CC(=O)Oc2ccccc21)Cc1cccc(Cl)c1,5.470820426940918,5.128965377807617,5.299892902374268
CCN1CCN(c2ccc(Nc3nccc(-c4c(-c5cccc(C(=O)Nc6ccccc6F)c5)nc5ccccn45)n3)cc2)CC1,5.851186275482178,5.26703405380249,5.559110164642334
O=C1C=CC(=CNNC2CCCC2)C=C1O,3.5769331455230717,5.662638187408447,4.619785666465759
O=C1CCC2(O)C3Cc4ccc(O)c5c4C2(CCN3Cc2ccccc2)C1O5,6.2640910148620605,6.142021179199219,6.20305609703064
O=C(O)c1cc(-c2ccco2)nc2ccc(Cl)cc12,5.379650592803955,4.923928737640381,5.151789665222168
Nc1ncccc1-c1nc2ccc([N+](=O)[O-])cc2n1Cc1ccccc1,5.070501804351807,3.5177106857299805,4.2941062450408936
O=C(Nc1ccccc1)c1cc2cc(C=Cc3ccccc3)ccc2oc1=O,5.4381914138793945,6.626027584075928,6.032109498977661
CC1(C)CC(=O)c2c(CO)c[nH]c2C1,5.1878981590271,4.80751371383667,4.997705936431885
COc1ccc(-c2cc(-c3cc(F)cc(F)c3)nc(N3CCN(C)CC3)n2)cc1,5.457578659057617,6.693941116333008,6.0757598876953125
CC(=NNc1nc(-c2ccccc2)cs1)c1ccco1,5.416589260101318,5.601241588592529,5.508915424346924
Oc1nc2ncc(Cc3ccc(F)cc3)nc2n1C1CCCC1,5.949977397918701,6.404422760009766,6.177200078964233
Cc1ccc(Cl)cc1Oc1ccc([N+](=O)[O-])c(NC(=O)C2CCC2)c1,6.3208723068237305,5.035689830780029,5.67828106880188
O=S(=O)(NC1CCCCC1)c1cccc2ccccc12,4.314897060394287,4.629011154174805,4.471954107284546
O=C(Cc1c[nH]c2ccccc12)N1c2ccccc2Sc2ccccc21,4.797111511230469,3.921461343765259,4.359286427497864
COc1cc2c(cc1OC)C1=NOC(CN3CCN(Cc4ccc5c(c4)OCO5)CC3)C1CO2,6.806899070739746,4.680825233459473,5.743862152099609
CC(NCCc1ccccc1)=C1CCOC1=O,5.331039905548096,5.843183517456055,5.587111711502075
COc1cc(OC)c2c(=O)c3ccccc3oc2c1,6.0164666175842285,4.175417423248291,5.09594202041626
CN(CCC1CCCO1)C(=O)OC1CC2CCC1(C)C2(C)C,4.811708927154541,6.140779495239258,5.476244211196899
COc1cc2c(cc1OC)C1=C(CCN(C)C)C(=O)CC1CN2,6.506789207458496,4.361606121063232,5.434197664260864
c1ccc(C2CCN(c3c4c(nc5ncnn35)CCNCC4)CC2)cc1,4.140942096710205,5.4125165939331055,4.776729345321655
O=c1c2ccccc2[nH]c(=S)n1CCN1CCC(=C(c2ccc(F)cc2)c2ccc(F)cc2)CC1,6.7428131103515625,5.113246917724609,5.928030014038086
O=C1c2ccccc2-c2nnc(-c3ccccc3)cc21,4.993725776672363,5.196288108825684,5.095006942749023
CN(C)C(=O)C=CC1C(O)CC2(C)C3CCC4=C(CC(=O)C6OC6CO2)C1O,,,
O=c1ccc2ccccc2cc2ccccc12,,,
Cc1ccc2oc(=O)c(-c3nc4ccccc4[nH]3)cc2c1,5.676097869873047,5.654528617858887,5.665313243865967
COc1cc(-c2nc3ccc([N+](=O)[O-])cc3[nH]2)cc(OC)c1OC,5.2397074699401855,4.747193813323975,4.99345064163208
O=c1oc2ccccc2n1Cc1csc(Nc2ccccc2)n1,6.110275745391846,4.6914777755737305,5.400876760482788
CCN1CCN(CCCC(=O)Nc2n[nH]c3nnc(-c4cccc(F)c4F)cc23)CC1,5.795925140380859,5.014190196990967,5.405057668685913
COc1ccc(CN2CCC(Cc3ccc(OCCCN4CCOCC4)cc3)C(c3ccc(OC(F)(F)F)cc3)C2)c(OC)c1,5.501025199890137,5.106785774230957,5.303905487060547
O=C1C=CC=CC1=CC=[N+]([O-])c1cccc(O)c1,4.835940837860107,5.5644850730896,5.2002129554748535
COc1ccc(CC2=c3ccccc3=NC2=O)cc1,5.138612270355225,6.023482322692871,5.581047296524048
COc1ccc(-c2oc3ncnc(N)c3c2-c2ccc(NC(=O)Nc3cc(C(F)(F)F)ccc3F)cc2)cc1,5.642810344696045,5.131192684173584,5.3870015144348145
CC1CCCC(C)N1CCCC(C(=O)c1ccc(Cl)cc1)c1ccccc1,5.40515661239624,3.9468069076538086,4.675981760025024
CC1=NC2=CCCCN2C(=O)C1,5.7560648918151855,5.40784215927124,5.581953525543213
CN(C)c1cccc2c(S(=O)(=O)c3ccccc3)cccc12,5.42363166809082,4.238447666168213,4.831039667129517
O=c1cc(-c2cccc3c2Sc2ccccc2S3)oc(N2CCOCC2)c1,5.46183967590332,4.342415809631348,4.902127742767334
COc1ccc(C=NNC(=O)c2cc3c(-c4ccccc4)[nH]nc3s2)cc1O,5.71971607208252,4.523072719573975,5.121394395828247
Cc1c(C)c2ccc(OS(=O)(=O)C=C-3CC(=O)Nc4ccc(F)cc43)cc2oc1=O,6.179924011230469,5.77931022644043,5.979617118835449
O=C(Nc1ccccn1)Oc1cccc(Cl)c1,6.480568885803223,4.791587829589844,5.636078357696533
CC(C)c1cc2c3ccccc3nc(CNCCCO)[nH]c(=O)c2o1,5.260255336761475,5.197054862976074,5.228655099868774
COc1ccccc1N(C)C(=O)c1nc2ccccc2c(=O)o1,6.467681884765625,4.819104194641113,5.643393039703369
O=C(O)CCCCCCON=C(C1CCCCC1)C(Cc1ccc(O)cc1)n1ccnc1,5.440886497497559,4.900583267211914,5.170734882354736
O=C1Oc2ccccc2C(=O)C1=Cc1nnc(-c2ccc(Br)s2)o1,6.640868186950684,5.761199474334717,6.2010338306427
Brc1ccc(COC2CCC3CCC2N3)o1,5.236746311187744,6.41902494430542,5.827885627746582
OC1CCC(Nc2cc(Cl)nc(-c3c[nH]c4ncccc34)n2)CC1,5.121011257171631,5.676047801971436,5.398529529571533
COc1ccc2c(c1)c(CC(=O)NCCc1ccccc1)c(C)n2C(=O)c1ccco1,5.871549129486084,4.972768783569336,5.42215895652771
Cn1c(=O)c2[nH]c(-c3ccc(OCCCCCCCN4CCOCC4)cc3)nc2n(C)c1=O,6.394728660583496,6.025167465209961,6.2099480628967285
O=C1NC(=O)C(=Cc2ccc(N3CCCCC3)cc2)S1,4.566676139831543,5.918189525604248,5.2424328327178955
Cc1ccc(C(=O)OC2COC3C(OC(=O)NCc4ccccc4)COC23)cc1,3.618114709854126,4.611854076385498,4.114984393119812
CCCCOc1ccc(C(=O)OC2CC3CCC2C3)cc1,4.334763050079346,4.9699225425720215,4.652342796325684
C=S(O)(O)=CCCOc1ccc2c,,,
COc1c(O)ccc2c1C1=C(C(=Cc3ccccc3)O2)C2C(C)=CC(C)(C)NC2C=C1,5.944215297698975,6.472588539123535,6.208401918411255
CN(CC1CCCO1)c1cc(C(=O)CCCCCCNc2c3c(nc4cc(Cl)ccc24)CCCC3)ccn1,8.311590194702148,4.858654499053955,6.585122346878052
CN(C)C(=O)COc1ccc2c(C3CC3)coc2c1,4.3466572761535645,5.905423164367676,5.12604022026062
CC(CCC(C)(C)C)OC(=O)C1CCCN(C(=O)c2cc3ccccc3o2)C1,4.454321384429932,3.815040111541748,4.13468074798584
CCN(CC)C(=O)C=Cc1ccc(OC(=O)c2ccccc2)cc1,5.052847862243652,5.811541557312012,5.432194709777832
Cc1ccc(Sc2c(C)nn(C(=O)c3ccccc3)c2C)cc1,6.143755435943604,3.707472801208496,4.92561411857605
Cc1ccc(S(=O)(=O)Nc2ccc3c(c2)C(=O)N(C(C)CO)CC(C)C(CN(C)Cc2ccc(O)cc2)O3)cc1,5.847503185272217,4.161207675933838,5.004355430603027
O=C(NCCC1CCNCC1)c1cc(-c2ccccc2)on1,5.685178279876709,5.035694122314453,5.360436201095581
CN1CCCN(CC#Cc2ccc(C(=O)N3CCC4(CC3)OCCO4)cc2)CC1,5.31318473815918,4.132873058319092,4.723028898239136
NC(=O)Nc1sc(-c2ccc(F)cc2)cc1C(N)=O,6.215677261352539,5.781486511230469,5.998581886291504
Fc1ccc(Nc2nc3c(-c4nnc[nH]4)cccc3c3sccc23)cc1,6.372122287750244,5.082571983337402,5.727347135543823
O=c1ccoc2cc(OCCOc3ccccc3)ccc12,4.970224380493164,6.4929704666137695,5.731597423553467
CC1=NC(=O)NC(c2ccc(F)cc2)C1C(=O)OCc1ccc2c(c1)OCO2,5.865540981292725,6.458285808563232,6.1619133949279785
COc1ccc2cc(-c3cc4cc(CC(C)N5CCN(C)CC5)ccc4o3)c(=O)oc2c1,5.697983264923096,5.816819667816162,5.757401466369629
c1coc(C2CN3CCSC3=N2)c1,7.101558685302734,6.214025974273682,6.657792329788208
Cc1ccc(C)c(-n2c(C)cc(C=C3C(=O)NC(=O)NC3=O)c2C)c1,5.898200988769531,5.663254261016846,5.7807276248931885
C=C(C)C(C)(C)c1cc(OCCCNc2c3c(nc4cc(Cl)ccc24)CCCC3)cc(OC)c1,6.751827716827393,5.01182222366333,5.881824970245361
O=C1NN(c2ccc(Cl)c(Cl)c2)C2CCCCC12,4.163761138916016,6.985190391540527,5.5744757652282715
O=C1c2ccccc2C(=O)N1CCCCN1CCC(n2c(=O)oc3ccccc32)CC1,6.661125183105469,4.8861894607543945,5.773657321929932
COc1ccc(-c2ccc(CN(C)CCCCCCCCCCN(C)Cc3ccccc3)o2)cc1,5.033004283905029,4.225255012512207,4.629129648208618
O=C1CCc2cc(OCCCC(=O)O)ccc2N1,4.549532413482666,6.15025806427002,5.349895238876343
CN(C)CCCNC(=O)c1cccc2c(N)cccc12,6.196736812591553,3.951849937438965,5.074293375015259
Cc1ccc(N=C(N)Nc2ccccc2C(N)=O)cc1,5.892248630523682,5.25752592086792,5.574887275695801
NC(=O)c1cccc(CN=C2C(=O)C(=O)C2Nc2ccc3[nH]ccc3c2)c1,6.49015998840332,5.793736457824707,6.141948223114014
CC(=NNc1ccc([N+](=O)[O-])cc1[N+](=O)[O-])c1ccccc1,5.830023288726807,4.147914886474609,4.988969087600708
COc1cc(C2c3cc4c(cc3Oc3coc(O)c32)OCO4)cc(OC)c1OC,5.782305240631104,4.436113357543945,5.109209299087524
Sc1nnc(-c2ccco2)n1N=Cc1cccc(Cl)c1,6.375009536743164,4.643168449401856,5.50908899307251
Cc1cc(C)c(C#N)c(O)c1,3.839582920074463,6.645534038543701,5.242558479309082
CC(C)=CCN1CCC2(C)c3cc(O)ccc3N(C)C12,6.476118087768555,5.279857635498047,5.877987861633301
O=C(NCC#CCCN1CCN(c2ccccn2)CC1)c1ccc(F)cc1,5.838104248046875,5.3074870109558105,5.572795629501343
O=C(c1ccccc1)c1ccc(Oc2cc([N+](=O)[O-])ccc2[N+](=O)[O-])cc1,6.326478481292725,4.221052169799805,5.273765325546265
Cc1noc(C)c1-c1ccc2ncnc(N(C)C)c2c1,5.127942085266113,6.24550199508667,5.686722040176392
O=C(O)CCCCON=C(c1ccccc1)C(Cc1ccccc1)n1ccnc1,5.07209587097168,4.715762615203857,4.8939292430877686
O=C1C(=NCc2ccco2)CCc2ccccc21,4.915597915649414,5.811544418334961,5.3635711669921875
COc1ccc2[nH]c3c4[nH]c5ccc(OC)cc5c4c4c(c3c2c1)C(=O)NC4=O,6.67488431930542,5.54923152923584,6.11205792427063
COc1ccc(C(=O)C=Cc2ccccc2)c(O)c1,5.079361438751221,6.053545951843262,5.566453695297241
Cc1ccc(CCNCCCCNc2c3c(nc4ccccc24)CCCC3)cc1,7.541526794433594,3.811346054077149,5.676436424255371
CCOc1ccccc1C1CC(c2ccc(F)cc2)=NN1C(=O)COC,7.03205680847168,5.84913969039917,6.440598249435425
Cc1cc(C)cc(C(=O)OCc2nc3nonc3nc2N)c1,4.417696475982666,4.606198787689209,4.5119476318359375
CC(=O)N1CCC(NC(=O)Nc2cc(F)cc(F)c2)CC1,5.281083106994629,4.754186153411865,5.017634630203247
COc1ccc(-n2cc3c(c2O)C=CCC3C)cc1,5.4381866455078125,5.8450026512146,5.641594648361206
COc1ccccc1OCC1=NCCN1,4.682233333587647,4.57945442199707,4.630843877792358
C=C(C)c1ccc(CC2=NC3=NCCCN3C2=O)cc1,6.320056438446045,6.097982406616211,6.209019422531128
COc1cc2c(cc1OC)C1=NOC(CN3CCN(CC=C(C)c4ccccc4)CC3)C1CO2,6.6655778884887695,4.788890838623047,5.727234363555908
CC=C(C)C(=O)OC1C(C)=C2C(C1OC(=O)c1ccccc1)C(=O)C2(C)C,4.381200313568115,5.748426914215088,5.064813613891602
NC(=O)c1ccccc1OCC(=O)Nc1ccc(Cl)c(Cl)c1,5.168274402618408,6.023585319519043,5.595929861068726
COc1cc(OC)c2c(c1)OC(=O)C1CCC=C21,5.854864120483398,5.454225540161133,5.654544830322266
CC(=O)Nc1ccc(C(=O)C=Cc2ccc(O)c(O)c2)cc1,4.8380231857299805,5.635772705078125,5.236897945404053
COc1ccc2c3c1OC1C=CC(C)CC31CCN(C)C2,3.5718960762023926,5.587438583374023,4.579667329788208
CC(=O)NCc1c[nH]c2ccc(OCc3cccc(Cl)c3)cc12,4.283461570739746,6.439487934112549,5.3614747524261475
Cc1cc2c(CC(=O)O)coc2cc1O,4.062215328216553,3.886307716369629,3.974261522293091
COC(=O)Cc1coc2cc(OCc3cccc(N)c3)ccc12,4.574167728424072,6.020031929016113,5.297099828720093
COc1cc2cc(C)ccc2cc1-c1ccc2c(Cl)c(C(=O)OC(C)C)sc2c1,4.891490936279297,5.216650009155273,5.054070472717285
COc1ccc(Sc2ccc(C=Cc3nc(O)c4ccccc4n3)o2)cc1,5.638440132141113,5.495982646942139,5.567211389541626
O=C1C=CC2=C(Cl)C(=O)C(C(=O)c3ccc(O)c(O)c3O2)C=C1,5.831778526306152,6.125715255737305,5.9787468910217285
COc1cccc(C2CC(=O)c3ccc(N)cc3O2)c1,6.49256706237793,5.563301086425781,6.0279340744018555
CN(C)C(=O)c1cccc(C(=O)NCCSc2ccccc2)c1,6.420635223388672,4.4937663078308105,5.457200765609741
Cn1c(=O)c2c(nc(SCCCc3ccccc3)n2C)n(C)c1=O,5.540048122406006,6.16318416595459,5.851616144180298
OC1COc2cc(C(O)COCCc3ccccc3)ccc21,3.8697566986083984,5.187856674194336,4.528806686401367
COc1ccc(N=Cc2oc3ccc(OC)cc3c2C)cc1,5.475883483886719,5.64739465713501,5.561639070510864
Cc1ccc(OCC(=O)Nc2cc(N)ccc2C)cc1,5.12097692489624,4.894577026367188,5.007776975631714
CN1CCN(c2ncc3cc(C(=O)Nc4ccc(Cl)cc4)c(=O)n(-c4ccc(OC(F)F)cc4)c3n2)CC1,6.096599578857422,5.397473335266113,5.747036457061768
Clc1cc(-c2c[nH]c3ncccc23)cc(NCc2ccccc2)n1,4.78562593460083,5.018771171569824,4.902198553085327
CC1CCN(CCCC(=O)Nc2cccc(C#N)c2)CC1,6.022240161895752,4.57537841796875,5.298809289932251
CNc1c2c(nc3ccc(OC)cc13)-c1ccccc1C2=O,5.938841819763184,4.804738998413086,5.371790409088135
O=C(CCCCC1Nc2ccccc2S1)N1CCCCC1,5.645780563354492,4.937693595886231,5.291737079620361
COc1ccccc1-c1cc(C(=O)NC23CC4CC(CC(C4)C2)C3)no1,6.797797679901123,4.593624114990234,5.695710897445679
COC(=O)C=Cc1cccc(N(Cc2ccc(N(C)C)cc2)C(=O)CCC(=O)Nc2ccccc2)c1,5.266233921051025,5.243961811065674,5.25509786605835
Clc1ccc(CSC(Cn2ccnc2)c2ccc(Cl)cc2Cl)cc1,4.714906215667725,5.765905857086182,5.240406036376953
COc1ccc(OC)c(C2CC(=O)c3ccccc3O2)c1,6.558695316314697,5.38144063949585,5.970067977905273
COc1ccccc1Nc1ncc(C#N)c(NCCCN(C)C)n1,4.766911506652832,4.896576881408691,4.831744194030762
Cc1cc(O)cc(C)c1CC(C(=O)N1CCc2ccccc2C1,,,
Cc1ccc(NC(O)=Nc2ccc(-c3cccc4c(O)[nH]cc34)cc2)cc1C,6.226686000823975,5.636883735656738,5.9317848682403564
CC1=CC(C)(C)Nc2ccc3c(c21)C(C)C(=Cc1ccccc1)Oc1ccccc1-3,5.111305236816406,5.837552070617676,5.474428653717041
COc1cc2c3cc1OC1CC(O)C=CC31CCN(CCCCCCCCNC13CC4CC(C)(CC(C)(C4)C1)C3)O2,7.315517902374268,5.828100681304932,6.5718092918396
O=C(Nc1ccc2c(c1)COC2)c1sc2ccccc2c1Cl,5.190523624420166,4.876388072967529,5.033455848693848
CCCN(CCc1ccccc1)Cc1cc2cc3c(OC)cccc3nc2s1,5.117440700531006,4.369952201843262,4.743696451187134
COc1cc2c3c(c1)CC1(CN(C)C)OC3,,,
CS(=O)(=O)c1ccc(CNC(=O)CCc2ccccc2)cc1,4.917206287384033,4.409087181091309,4.663146734237671
COc1cc(C)cc(C(=O)Nc2sc3c(c2C(N)=O)CCCC3)c1,6.989471435546875,4.710675239562988,5.850073337554932
O=c1cc(-c2ccccc2)oc2cc(OCc3ccccc3)ccc12,4.625393390655518,5.553295135498047,5.089344263076782
Cc1ccc(NC(=O)CCc2nc(-c3ccccc3)no2)c(F)c1,6.138123989105225,6.13487434387207,6.1364991664886475
CC1=C(C(=O)Nc2cccc(Cl)c2)C(c2cccc(F)c2)n2nc(C)nc2N1,6.341697692871094,5.016258239746094,5.678977966308594
CC(Oc1ccccc1)C(=O)Nc1ccccc1F,6.394778728485107,4.94809627532959,5.671437501907349
O=C1C=CC=C(C=NOCc2ccccc2)C1=Cc1ccccc1O,5.029092311859131,6.371980667114258,5.700536489486694
Cn1cncc1C(OCc1c(-c2ccc(OC(F)(F)F)cc2)cc(C#N)c(=O)n1C)c1ccc(C#N)cc1,5.578787803649902,5.786447525024414,5.682617664337158
NC(=O)c1ccc(N=CC2C(F)(F)C(F)C(F)C2Nc2nc(Cl)cc(Cl)n2)cc1,5.86371374130249,6.919942855834961,6.391828298568726
O=C(O)C=Cc1ccc(C=Cc2ccc3ccccc3n2)o1,4.076472759246826,6.248307228088379,5.1623899936676025
CC(C)OC(=O)C1=CN(Cc2ccc(OCc3cccc(Br)c3)cc2)CC(C)(C)c2c1[nH]c1ccccc21,4.715508937835693,4.639395713806152,4.677452325820923
CCOc1cc(C=C2SC(=O)NC2=O)ccc1OCCCCCC(=O)Nc1cccc(-c2nnn[nH]2)c1,6.099066257476807,5.690065860748291,5.894566059112549
CC1=CC(=O)c2c(O)cccc2C1=O,5.8721699714660645,6.270862579345703,6.071516275405884
CN1CCC2(C)c3cc(O)ccc3N(C)C12,5.931182861328125,6.0458664894104,5.988524675369263
CCOc1ccc(C=C2SC(N3CCCCC3)=NC2=O)cc1,6.474001407623291,6.048198699951172,6.2611000537872314
O=C(c1ccccc1)c1ccc(OCCCCC[n+]2ccc(O)cc2)cc1,5.930234432220459,4.472757339477539,5.201495885848999
COc1ccc(C(=O)N2c3ccccc3Sc3ccccc32)cc1,4.445375919342041,3.810231685638428,4.127803802490234
COc1ccc(C)c2sc(NC(=O)c3ccccc3C)nc12,6.345301628112793,5.0070414543151855,5.676171541213989
O=C(C=Cc1ccccc1)OC1C=CC(OCc2ccc(Cl)c(Cl)c2)OC1,3.631941080093384,5.373730659484863,4.5028358697891235
CNCCC=C1c2ccccc2CCc2ccccc21,4.230925559997559,5.017979621887207,4.624452590942383
CCN1CCN(c2cc(CO)c3cccnc3n2)CC1,4.393202781677246,4.807341575622559,4.600272178649902
O=C(C=C1C=CC(=O)c2ccccc21)N=Cc1c(O)cccc1O,5.564001083374023,6.699150562286377,6.1315758228302
O=C(O)COc1cccc(OCC(=O)N2CCN(CC3CCCCC3)CC2)c1,5.5477070808410645,4.845926284790039,5.196816682815552
O=C(C=Cc1ccc(Cl)o1)NC1=CC=CC2N=CC=C12,4.703232288360596,5.784012794494629,5.243622541427612
COc1ccc2cc(-c3csc(N)n3)oc2c1,5.231449127197266,5.40075159072876,5.316100358963013
Cc1ccc2c(c1)C2=C(Nc1ccc(C)cc1)c1ccccc1,5.084446907043457,4.8600263595581055,4.972236633300781
Cc1ccc(C(C)C)c(OCC(=O)Nc2ccc3c(c2)OC(F)(F)O3)c1,5.884310245513916,5.232466697692871,5.5583884716033936
O=C1C(=O)c2ccccc2C(=O)C1=Nc1ccccc1,6.034287929534912,3.9357924461364746,4.985040187835693
Nc1ccc(C2CC(c3c4ccccc4cc4ccccc34)=NN2)cc1,7.109272003173828,7.542201519012451,7.32573676109314
COc1ccccc1C(=O)OC1CC2C1C(=O)N2Cc1ccc(-c2ccc(C)s2)o1,6.147469520568848,4.860364437103272,5.50391697883606
c1cnc(-c2cnc(N3CCCC3)nc2)cn1,3.976095676422119,6.739367485046387,5.357731580734253
Clc1ccc(C2=Nc3ccccc3O2)cc1Cl,4.306957244873047,5.313320159912109,4.810138702392578
CCOc1cccc(C2(C#N)CCN(CCCNC(=O)c3ccccc3)CC2)c1,6.090961456298828,4.293264865875244,5.192113161087036
N#CC(C#N)=C1C=C2C=C(N3CCCCC3)CCC2CC1,7.2716779708862305,5.14500093460083,6.20833945274353
CC(C)N(CCN(C)C)C(=O)C1c2ccccc2Oc2ccccc21,5.830872058868408,3.759654045104981,4.795263051986694
O=C(Nc1ccc2oc(-c3cccnc3)nc2c1)c1cccc(F)c1F,5.381959915161133,5.585322380065918,5.483641147613525
Cc1cc(NCc2ccc(-c3cccc(C(F)(F)F)c3)o2)nc(-c2cccc([N+](=O)[O-])c2)n1,5.675581455230713,5.974438190460205,5.825009822845459
Fc1ccc(-c2nnc3ccc(NC4CC4)nn23)cc1,5.8161797523498535,5.644495010375977,5.730337381362915
O=C1c2c(O)ccc(O)c2C(=O)c2c(NCCCNCCO)ccc(NCCNCCO)c21,6.377261161804199,4.928357124328613,5.652809143066406
CC(=O)c1ccc(N2N=C(c3ccc(C)cc3)CC2c2ccc(F)cc2)cc1,6.448442935943604,6.416717529296875,6.432580232620239
Clc1ccc(-c2nc3c(c(-c4ccc(Br)cc4)c2Cc2ccccc2)cc1,,,
Cc1cc(Cl)c2oc(-c3ccc(-c4cccc(C(F)(F)F)c4)cc3)nc2c1,5.391107082366943,6.554999351501465,5.973053216934204
Cc1ccc(C(=O)NN=Cc2ccc(Br)cc2)cc1,4.099720001220703,4.690067768096924,4.3948938846588135
CCCOc1ccc2c(c1)OC(=O)CC2=CN(C)CC(=O)OC,4.622227668762207,5.258199214935303,4.940213441848755
CC(C)=CC1CC(O)(C2CC3C2CCC2(C)C4C(O)C5CCC4(C)C3CCC12C,,,
O=c1[nH]c2ccccc2c(=O)n1O,5.061590194702148,5.040194511413574,5.050892353057861
O=C(Cc1cccs1)N1CCC(C(=O)N2CCCCC2)CC1,6.303760528564453,4.461916446685791,5.382838487625122
O=C(CCc1c[nH]c2ccccc12)c1ccccc1O,5.3815507888793945,5.466667652130127,5.424109220504761
CC12CCC(O)CC1=CCC1C2CCC2(C)C(O)CCC12,4.282740592956543,7.556236743927002,5.9194886684417725
CC(Oc1ccc(Cl)cc1Cl)C(=O)OCC(=O)N1CCN(c2ccc(F)cc2)CC1,5.39207649230957,5.260531902313232,5.326304197311401
C#CCN(CCC#N)Cc1ccccc1,4.967399597167969,5.311464786529541,5.139432191848755
COC(=O)C=Cc1cccc(N(Cc2ccc(-c3ccccc3)cc2)C(=O)C2CCCCC2)c1,4.493619918823242,4.690093040466309,4.591856479644775
CCCCCCCCCCCCCCCCC(=O)NCC(=O)NCc1ccc(OC)c(OC)c1,5.647695541381836,5.445569515228272,5.546632528305054
Cc1cccc(-c2[nH]c(-c3ccccc3)nc2-c2ccc3ncccc3c2)n1,5.018695831298828,4.566676139831543,4.7926859855651855
Cc1ccc(C2=NN(C(=O)c3ccco3)C(c3ccc4c(c3)OCO4)C2)o1,7.168445587158203,4.777775764465332,5.973110675811768
CC(Oc1cc(-n2cnc3cc(-c4ccnc(NCCO)n4)ccc32)sc1C(N)=O)c1ccccc1C(F)(F)F,6.041493892669678,5.4774346351623535,5.759464263916016
Cc1oc2c(NCCN)nc3ccc(Cl)cn3c2c1C,,,
Clc1ccc(-c2nc(-c3ccccc3)no2)cc1,5.687736034393311,5.682740688323975,5.685238361358643
COc1ccccc1CNc1ncc([N+](=O)[O-])c(NCC2CCC(CN)CC2)n1,5.263677597045898,4.4436354637146,4.853656530380249
Cc1ccc(-c2ccc(C3CCN(S(=O)(=O)C(C)C)CC3)cc2)c2ccccn12,,,
COc1ccc(CCCCNc2c3c(nc4ccccc24)CCCC3)cc1,6.347939491271973,4.204657554626465,5.276298522949219
COc1ccc2oc(C(=O)NCCc3ccc(OC)c(OC)c3)c(C)c2c1,6.658367156982422,4.631086349487305,5.644726753234863
CN1CCN(C2=Nc3cc(Cl)ccc3Sc3ccccc32)CC1,5.2841410636901855,4.929744720458984,5.106942892074585
COc1cccc(-c2csc(NN=Cc3ccncc3)n2)c1,4.597194194793701,5.160893440246582,4.879043817520142
O=C(Nc1ccc(Oc2ccc3[nH]c(NC(=O)c4ccco4)nc3c2)cc1)Nc1cc(C(F)(F)F)ccc1F,7.009504318237305,5.049306869506836,6.02940559387207
CC(=O)C1CCN(CCCOc2ccc3c(c2)-c2n[nH]c(-c4ccc(C#N)nc4)c2C3)CC1,6.438706874847412,5.534595489501953,5.986651182174683
CN(C)CCOCCOC(=O)c1cc2ccccc2oc1=O,4.908779144287109,5.689153671264648,5.298966407775879
COc1cc(OC)c2c(N)c(C(=O)Nc3nc(C)c(C(C)=O)s3)sc2n1,6.619571685791016,4.289216041564941,5.4543938636779785
COc1ccc(-c2nc3cnc(N4CCN(C)CC4)nc3n(CCN3CCOCC3)c2=O)cc1,4.674658298492432,5.1644606590271,4.919559478759766
CN1CCc2c(c3cc(OC(=O)Nc4ccc(F)cc4)ccc3n2C)C1,5.4097819328308105,5.202149391174316,5.3059656620025635
CCOC(=O)c1cc2c3c(ccc2[nH]1)OCO3,5.2728271484375,4.413330554962158,4.843078851699829
C=S(O)(O)=CCCOc1cccc2c1ccn2-c1ccnc(NC2CCC(O)CC2)n1,5.767443656921387,5.919277191162109,5.843360424041748
CNC1CC2OC(C)(C1OC)n1c3ccccc3c3c4c(c5c6ccccc6n2c5c31)C(=O)NC4,5.887773036956787,4.619965076446533,5.25386905670166
Cc1cc(-n2cc(C(=O)c3ccc(C)c(C#Cc4ccc(F)cc4)c3)nn2)ccc1N,6.202518463134766,5.808193683624268,6.005356073379517
CCN(CC)CCOC(=O)C(C)(c1ccc(OCCCN2CCCCC2)cc1)c1ccccc1,5.7119011878967285,4.513112545013428,5.112506866455078
O=C(NCCc1ccccc1)C(c1ccccc1)N(C(=O)CCl)c1ccno1,5.893896102905273,4.081101894378662,4.987498998641968
CC(C)N1CCN(c2ccc(OCC3COC(Cn4ccnc4)(c4ccc(Cl)cc4Cl)O3)cc2)CC1,5.6578779220581055,5.9666852951049805,5.812281608581543
Cc1cccc(NC(=O)c2ccc3c(c2)CCCC3N2CCCC2)c1,4.865549564361572,5.1311564445495605,4.998353004455566
CC(C)Oc1cccc(-c2csc(N(C)CC3CCCO3)n2)c1,5.798505783081055,5.776001453399658,5.7872536182403564
O=C(NCCc1ccc(Cl)c(Cl)c1)Nc1ccc2n[nH]cc2c1,5.145860195159912,5.49136209487915,5.318611145019531
C#CCNC,3.920194149017334,5.257462024688721,4.588828086853027
Cc1c(C(=O)NC2(C#N)CCCCC2)oc2ccccc12,5.3053297996521,4.604755878448486,4.955042839050293
O=[N+]([O-])c1ccc(-c2nc(-c3ccc4ccccc4c3)c(-c3ccccc3)[nH]2)cc1,5.309146881103516,5.259982585906982,5.284564733505249
COc1cccc(Cn2cc(-c3ccc4c(c3)OCO4)nn2)c1,5.239982604980469,4.565985679626465,4.902984142303467
COc1cc(OC)c2cc3c(cc2c1)C(CO)N(C(=O)C(C)C)CC3,6.3855180740356445,4.478812217712402,5.432165145874023
Cn1c(=O)c2c(nc(SCCCc3ccccc3)n2C)n(C)c1=O,5.540048122406006,6.16318416595459,5.851616144180298
CCOc1cc(C2CC(c3cccc(Cl)c3)=Nc3ncnn32)ccc1OCC,6.451888561248779,6.143746376037598,6.2978174686431885
COc1cc(C=NNc2ncnc3c2cnn3C(C)C)ccc1O,4.555795192718506,3.817639112472534,4.18671715259552
O=C(CCn1c2ccccc2c2ccccc21)NCCC1=CCCCC1,5.895762920379639,5.250256538391113,5.573009729385376
C=CCn1c(=O)c2cnc(Nc3ccc(N4CCN(C)CC4)cc3)nc2n1-c1cccc(C)n1,5.395895481109619,5.2933030128479,5.34459924697876
O=C1C(=O)C(NCCc2ccc(Oc3ccccc3)cc2)C1=Nc1ccncc1,6.504975318908691,4.961444854736328,5.73321008682251
Cc1cc(NC(=O)Cc2ccc(-c3cccc4[nH]nc(N)c34)cc2)ccc1F,6.105728626251221,5.009665489196777,5.557697057723999
CNCCC=C1c2ccccc2CCc2ccccc21,4.230925559997559,5.017979621887207,4.624452590942383
Cc1cc2nc(-c3ccc(N)cc3)oc2cc1C,5.6808929443359375,5.350225925445557,5.515559434890747
COc1ccc(Br)cc1C1CC(=O)N2CN(C)CSC2=C1C#N,6.8324360847473145,5.809898853302002,6.321167469024658
COc1cc(C=Cc2cc(C=C(C#N)c3cc(OC)c(OC)c(OC)c3)[nH]n2)ccc1O,5.210555076599121,4.459169387817383,4.834862232208252
O=C(C=Cc1ccccc1)Nc1ccc2c(c1)OCO2,5.188838005065918,6.15038537979126,5.669611692428589
O=C(C=Cc1cccc([N+](=O)[O-])c1)N1CCCCC1,5.263690948486328,5.564050674438477,5.413870811462402
O=C(CCC1CCN(Cc2ccccc2)CC1)c1ccc(F)cc1,6.772241592407227,3.888333797454834,5.33028769493103
COc1cc2c(cc1OC)-c1n[nH]c(Nc3cccc(F)c3)c1C2,5.711820125579834,5.167862892150879,5.4398415088653564
Cc1nn(C)c(C)c1-c1cccc2c(CCCOc3cccc4ccccc34)c(C(=O)O)[nH]c12,6.005184173583984,5.770009994506836,5.88759708404541
O=C(O)COc1cccc(=O)n1Cc1ccccc1,5.788946628570557,4.668691635131836,5.228819131851196
O=C(C=Cc1ccc(Cl)c(Cl)c1)N1CCc2[nH]c3c(c2C1)CCNC3=O,6.113258361816406,5.54883337020874,5.831045866012573
CN1CCc2c(c3ccccc3n2CCc2ccccc2)C1,4.24005126953125,4.265241146087647,4.252646207809448
CN(C)c1nc2ccc1CCCn1cc(c3ccccc31)C1=C(C(=O)NC1=O)c1cn(c3ccccc13)CC2,4.956046104431152,5.498583793640137,5.2273149490356445
O=C1CCc2cc(OCCCCN3CCC(c4cccc(Cl)c4)CC3)ccc2N1,5.488037109375,5.492115020751953,5.490076065063477
c1coc(C2Nc3cccc4cccc(c34)N2)c1,5.569517135620117,6.302578926086426,5.9360480308532715
CCOc1cc(C=CC(=O)c2ccc(F)cc2)ccc1OCC[n+]1ccc(C=CC=Cc2ccc(N(C)C)cc2)cc1,5.365280628204346,6.007193565368652,5.686237096786499
O=C(CCCCN1CCCCC1)N1CCN(c2cccc(Cl)c2)CC1,6.331452369689941,4.274886608123779,5.30316948890686
CSCCC(NC(=O)C(Cc1ccccc1)NC(=O)c1ccc(NS(=O)(=O)c2cccs2)cc1)C(=O)Nc1ccc(F)cc1,5.735629081726074,4.323591709136963,5.0296103954315186
C#CCN(C)Cc1cc2cc(OCCCC3CCN(Cc4ccccc4)CC3)ccc2n1C,6.455060958862305,5.637757778167725,6.046409368515015
O=C(C=Cc1c[nH]c2ccccc12)NC1CCCC1,3.92813777923584,5.670516014099121,4.7993268966674805
Clc1ccc2c(c1)nc1n2CCN1CCCC1,,,
O=C(CCc1c[nH]c2ccccc12)c1ccc(O)cc1O,5.336999416351318,5.702695369720459,5.519847393035889
COc1cc2c(cc1OC)C1=NOC(CN3CCN(CC(C)=Cc4ccccc4)CC3)C1CO2,6.703359603881836,4.614506721496582,5.658933162689209
O=C1c2ccccc2-c2nnc(-c3ccc(Cl)cc3)cc21,5.43563985824585,6.277105331420898,5.856372594833374
COc1ccc(-n2c(=O)c3ccc(C#CCO)cc3n(CC(C)C)c2=O)cc1,5.319415092468262,4.9978742599487305,5.158644676208496
COc1ccc(C=CC=CC(=O)Nc2cc(OC)c(OC)c(OC)c2)cc1,5.082098960876465,4.606858253479004,4.844478607177734
CCCOc1cccc2c1C(=O)c1c(O)c3c(c(O)c1C2=O)CC(O)(C(C)=O)CC3OC1CC(N)C(O)C(C)O1,6.667941093444824,4.247044563293457,5.457492828369141
COc1ccc(C2CC(c3c4ccccc4c(OC)c3OC)=NN2C)cc1,,,
CCN(CC)CCOc1ccc(C=C2SC(=O)NC2=O)cc1,4.988994121551514,5.838114261627197,5.4135541915893555
COc1cc(C=CC(=O)OCCCCCCO[N+](=O)[O-])ccc1OCc1ccccc1,5.225384712219238,6.449846267700195,5.837615489959717
O=c1cc(-c2ccccc2)oc2c1ccc1ccccc12,4.434426307678223,4.704905033111572,4.5696656703948975
Nc1nc(Cl)cc(C(=O)Nc2cccc(Cl)c2)n1,4.898099899291992,5.212927341461182,5.055513620376587
O=C1CCCN1c1ccc(C(=O)c2cccc(Cl)c2)cc1,4.655757427215576,5.3408942222595215,4.998325824737549
CC(=O)Nc1ccc(OCc2cc(=O)oc3cc(F)ccc23)cc1C,5.0270161628723145,6.438765048980713,5.732890605926514
C=C(C)CNC(=O)COc1cc2nc(-c3ccco3)c(-c3ccco3)nc2cc1OC,4.976255893707275,4.907179832458496,4.941717863082886
CC(C)CC(C)Nc1nc(C#N)nc2c1ncn2C1OC(CO)C(O)C1O,4.80448579788208,4.806995868682861,4.805740833282471
CC1CCCCOC(CN2CCC(O)(c3ccc(F)cc3)CC2)C(C)CN1,4.735390186309815,5.251263618469238,4.993326902389526
CC#CCN1CCC(N)(C(=O)OCC)CC1,5.881712913513184,3.79917311668396,4.840443015098572
CC(=O)OCC1OC(n2ncc3c(NCc4cccs4)ncnc32)C(OC(C)=O)C1OC(C)=O,4.108762741088867,4.624349594116211,4.366556167602539
O=c1cc(N2CCOCC2)oc2c1ccc1ccccc12,5.4312286376953125,4.79442024230957,5.112824440002441
O=C1c2sc3nc4ccccc4cc3c2CCN1CC(=O)N1CCCC1CO,5.716844081878662,4.499393463134766,5.108118772506714
O=C(CCl)N1CCCN(CCc2ccccc2Br)CC1,5.2519850730896,4.529486656188965,4.890735864639282
O=C(CCc1c[nH]c2ccccc12)NCCc1ccc(OC(=O)OC2CCCCC2)cc1,5.345644950866699,4.911621570587158,5.128633260726929
CC(C)=CCN1CCC(C)(c2ccc(O)c(CN3CCCC3)c2)CC1,6.471956729888916,3.450415134429932,4.961185932159424
NCC=C1NC(=O)C(Cc2c[nH]c3ccccc23)=N1,4.676990509033203,5.541573524475098,5.10928201675415
O=C(C=Cc1cccc([N+](=O)[O-])c1)N1CCCCC1,5.263690948486328,5.564050674438477,5.413870811462402
COc1cc2c(cc1Cl)C(=O)C(=O)c1ccccc1C2=O,5.641765117645264,6.004721641540527,5.8232433795928955
CC(C)(C)c1cc[n+](CCCOc2cccc3ccccc23)cc1,4.654483318328857,4.058667182922363,4.35657525062561
COc1cc(C2c3cc4c(cc3C(O)C3COC(=O)C23)OCO4)cc(OC)c1OC,4.98301887512207,5.3690338134765625,5.176026344299316
COc1ccc(-c2csc3ncnc(N4CCOCC4)c23)cc1,4.265429496765137,6.038031101226807,5.151730298995972
Cc1cnc(C(=O)NC2CCCCC2)cn1,4.48813009262085,5.936333656311035,5.212231874465942
Cn1cc(C=C2Oc3cccc(O)c3C2=O)c2ccccc21,5.845136642456055,5.718493461608887,5.781815052032471
CC#CCNc1c2c(nc3cc(Cl)ccc13)CCCC2,7.139301300048828,4.24567174911499,5.692486524581909
C=CCN1CCC2(C)c3cc(O)ccc3CC1C2C,5.828747749328613,5.853732585906982,5.841240167617798
CCCc1cc2c(s1)Nc1ccccc1N=C2O,5.6182403564453125,5.223801136016846,5.421020746231079
C=C1C=C(N2CCOCC2)Cc2nc(-c3c(NCC(O)c4cccc(Cl)c4)ccnc3O)[nH]c21,6.165719985961914,5.213263988494873,5.6894919872283936
O=C1CCCc2cc(OCc3cccc(Cl)c3)ccc21,4.159873962402344,7.465420722961426,5.812647342681885
O=c1c2ccccc2oc2cc(-c3ccc(Br)cc3)ccc12,4.455763816833496,6.106536865234375,5.2811503410339355
O=C(C=Cc1ccccc1)Nc1ccc(Cl)cc1,4.138910293579102,6.050346374511719,5.09462833404541
CC#CCCOc1ccc(S(=O)(=O)NC2CCCC2)cc1,4.740349769592285,5.871334075927734,5.30584192276001
CCCCCCCCC=CCCCCCCCCC(=O)NCC(=O)O,4.880008697509766,5.592689514160156,5.236349105834961
NC(=O)c1ccc(NC(=O)c2ccc3[nH]c4c5c(c6c(c4c3c2)C(=O)NC6=O)CCC5)cc1,7.413566589355469,5.67241096496582,6.5429887771606445
CC(=O)Nc1cccc(-c2ccnc3c2CC(C(=O)NCc2ccccc2)O3)c1,5.517306804656982,4.609374523162842,5.063340663909912
COc1ccc(C2=NN3C(=O)CC(=COC(C)=O)c4ccccc43)SC2)cc1,,,
CN(C)CCCN(C1CCC2c3ccccc3CCc3ccc(Cl)cc3C2O1)S(C)(=O)=O,4.745491981506348,5.14451265335083,4.945002317428589
O=C(C[n+]1coc2ccccc21)c1ccc(C(F)(F)F)cc1,5.666370868682861,5.344987869262695,5.505679368972778
COc1ccc(C(=O)CC=Nc2ccc(C(=O)OC(C)C)cc2)cc1,5.2622504234313965,4.613919734954834,4.938085079193115
O=C(O)COc1ccc2c(c1)OC(=O)C1CCCC=C21,4.384906768798828,5.549900054931641,4.967403411865234
CCOC(=O)c1cnc(-n2cc(C)cn2)nc1NCc1ccccc1,5.483041286468506,4.5994086265563965,5.041224956512451
C#CCN(C)Cc1cc2cc(OC(=O)NC3CCCCC3)ccc2n1C,5.412082672119141,4.953742027282715,5.182912349700928
O=C1c2ccccc2-c2nnc(-c3ccccc3)cc21,4.993725776672363,5.196288108825684,5.095006942749023
O=C(C=Cc1cccc2cn(CCCCN3CCOCC3)c(O)c12)Nc1cccc(Cl)c1,6.225175857543945,5.417258262634277,5.821217060089111
O=C(COc1ccc2ncccc2c1)NCCc1ccccc1,4.622758865356445,5.723433971405029,5.173096418380737
COc1cc(C2c3cc4c(cc3C(O)C3COC(=O)C23)OCO4)cc(OC)c1OC,4.98301887512207,5.3690338134765625,5.176026344299316
CCCSc1nc2cc(OCCC)ccc2c(=O)n1C,5.915233135223389,6.824895858764648,6.3700644969940186
COc1ccc2[nH]c3c(c2c1)CCNC3=O,5.850005149841309,5.702216625213623,5.776110887527466
Cc1cccc(NC(=O)c2cc3ccccc3oc2=O)c1C,6.541302680969238,5.748683929443359,6.144993305206299
CC1(C)OC2CC3C4CC=C5CC(=O)C=CC5(C)C4C(O)CC3(C)C2(C(=O)CO)O1,5.405834674835205,8.30906867980957,6.857451677322388
Cc1cccc(-c2c(C(C)=O)n(CCCOc3cccnc3)c3ccccc23)c1,5.219507694244385,5.337263107299805,5.278385400772095
Cc1ccc2[nH]c3c(c2c1)CCNC3=O,7.226171493530273,6.3492631912231445,6.787717342376709
c1ccc(Cc2nc3ccccc3s2)cc1,4.535195350646973,3.238584041595459,3.886889696121216
CCCn1cc(S(=O)(=O)c2ccc(C)cc2)c2cccnc21,5.175005912780762,4.5922393798828125,4.883622646331787
CC(C)c1onc(-c2c(F)cccc2Cl)c1COc1ccc(C=Cc2cccc(C(N)=O)c2)c(Cl)c1,5.604773998260498,6.366297721862793,5.9855358600616455
Cn1c2ccccc2c2cc(C3(O)CCCCC3)ccc21,5.25661563873291,5.670971870422363,5.463793754577637
CC1=C(C[N+](=O)[O-])C(=O)NC(c2ccc(F)cc2)N2CCOCC2)C(=O)N1C,,,
O=C(CCC1CCN(Cc2ccccc2)CC1)c1ccccc1,6.823256015777588,2.907240629196167,4.865248322486877
CNC(=O)COc1ccc(C=C[N+](=O)[O-])cc1OC,6.233057022094727,5.078981399536133,5.65601921081543
CN(C)c1ccc(C(=O)c2ccc(N(C)C)cc2)cc1,4.617396354675293,5.149342060089111,4.883369207382202
CC(C)OC(=O)c1cccc(NC(=O)C2CCN(S(=O)(=O)c3cccc(C#N)c3)CC2)c1,5.771285057067871,4.72263765335083,5.246961355209351
COC(=O)c1cc2ccc(OC)cc2oc1=O,5.487058162689209,5.161836624145508,5.324447393417358
Nc1ccccc1S(=O)(=O)NCCC(=O)NCCC1=CCCCC1,5.775332450866699,4.573448657989502,5.174390554428101
CCN(C)c1nc2cc(S(=O)(=O)c3ccccc3)ccc2o1,5.893414974212647,4.890725135803223,5.392070055007935
CC(=O)Nc1ccc(S(=O)(=O)N2c3ccccc3Sc3ccccc32)cc1,4.899382591247559,3.285249948501587,4.092316269874573
Cc1ccc(NC(=O)c2cccc3ccccc23)c(Br)c1,4.533172130584717,5.560548305511475,5.046860218048096
CC(=CC=Cc1cccc(F)c1)C=C(O)O,3.5269205570220947,5.697615623474121,4.612268090248108
COC(=O)c1ccc2nc(-c3ccccc3O)cn2c1,5.107152938842773,4.612371921539307,4.85976243019104
O=C(Nc1cccc(F)c1)ON=C(C=Cc1ccccc1)C(=O)Nc1cccc([N+](=O)[O-])c1,5.84211015701294,4.828324317932129,5.335217237472534
CC1CCCN(C(=O)CCC=Cc2c[nH]c3ccccc23)C1,5.707138538360596,4.47782039642334,5.092479467391968
O=C1C=CC(=CNNC2CCCCC2)C=C1O,3.664130687713623,5.649287700653076,4.65670919418335
CC(C)c1onc(-c2ccc(F)cc2)c1-c1ccccc1,5.708161354064941,5.731158256530762,5.719659805297852
CC(C)(C)c1ccc(C(=O)NCC2CCN(CCc3ccccc3)CC2)cc1,6.005320072174072,2.944341897964477,4.474830985069275
C=C(C)c1ccc(NC(=S)N2N=C(c3ccccc3)CC2c2ccc(OC)cc2)cc1,6.50848388671875,4.596956729888916,5.552720308303833
O=C(CCl)Nc1ccc2c(c1)CCN2Cc1ccc2c(c1)OCO2,5.340593338012695,5.44487190246582,5.392732620239258
COc1ccc(CNc2ccc3c(c2)OCCO3)cc1,4.108700752258301,4.859502792358398,4.48410177230835
O=C1CCC(=O)c2c1c(O)c1ccccc1n2CCCCF,,,
CC(=O)OCC1OC(n2cc(COc3cccc(C(F)(F)F)c3)nn2)C(OC(C)=O)C(OC(C)=O)C1OC(C)=O,3.939851760864258,5.125537872314453,4.5326948165893555
CC(=O)Oc1cc(OC(C)=O)c2oc3ccccc3c(=O)c2c1,6.526321887969971,3.800435543060303,5.163378715515137
Cc1cccc(NC(=O)Nc2ccc(-c3cc(C)c4onc(N)c4c3)cc2)c1,6.472177505493164,4.806098937988281,5.639138221740723
CCOC(=O)NCc1ccc2c(c1)CCN2C(=O)c1ccccc1,5.383228302001953,4.524005889892578,4.953617095947266
C#CCN(C)Cc1cc2cc(OCCC3CCN(Cc4ccccc4)CC3)ccc2n1C,6.383633136749268,5.55838680267334,5.971009969711304
CC(C)(C)OC(=O)NC(CCCCO)C(=O)Nc1ccc(C(F)(F)F)cc1,4.765170574188232,5.187658786773682,4.976414680480957
COc1ccc(NC(=O)C(C)Oc2ccc3c(c2)CCC3)cc1,5.169185638427734,4.595972537994385,4.88257908821106
CC1=CC(=C2Oc3cc(O)cc(O)c3C2=O)C=C(C)C1=O,5.306105613708496,6.149655342102051,5.727880477905273
COc1ccc2c(c1)c1c(n2C=Cc2ccccc2)CCN(C)C1,4.753147125244141,5.530253410339356,5.141700267791748
COc1ccccc1N=NC(=O)COc1ccccc1[N+](=O)[O-],6.852453708648682,4.539395809173584,5.695924758911133
O=C(Nc1ccc2c(c1)OCO2)c1ccc(C(=O)NC2CCCC2)cc1,5.425802230834961,5.503401756286621,5.464601993560791
COc1ccc(-c2cnc3c(Br)cnn3c2)cc1,4.262143135070801,5.723696231842041,4.992919683456421
CC(=O)c1ccc(N2CCN(Cc3cccc([N+](=O)[O-])c3)CC2)c(F)c1,5.29777717590332,5.416623115539551,5.3572001457214355
COc1ccc(OC)c(CC(=O)NC(C(=O)NC2CCCCC2)c2cc3ccccc3oc2=O)c1,5.378439426422119,4.4483184814453125,4.913378953933716
O=C1Nc2ccc([N+](=O)[O-])cc2C1=O,4.542830944061279,5.677528858184815,5.110179901123047
NC(=O)c1ccc2nc(-c3ccccc3F)sc2c1,5.665327072143555,5.350766658782959,5.508046865463257
COc1cc2oc(=O)c3c(ccn3CCCC(=O)N3CCCC3)c2cc1OC,7.020503997802734,4.468584537506104,5.744544267654419
COc1cc2c(cc1O)C(=O)C(C(=O)c1ccc(Cl)cc1)C2,6.651391506195068,5.549840927124023,6.100616216659546
COc1ccc(-c2cc(N)n(-c3ccc(F)cc3)n2)cc1,5.498940944671631,4.795836448669434,5.147388696670532
CN1C(=O)CCC1c1cnc2ccc(C(=O)N3CCCCCC3)cn12,4.97511100769043,5.33673620223999,5.15592360496521
COc1c2c(c(OC)c3c1OC(=O)C1CCC3O1)CC2,5.373642444610596,3.70955753326416,4.541599988937378
CC(=O)c1cccc(N(CC(=O)NC2CCCCC2)S(=O)(=O)c2c(C)noc2C)c1,5.753530025482178,5.298582553863525,5.526056289672852
COc1ccc(OC)c2c1C(=O)C(Cl)=C(Cl)C2=O,5.728128433227539,5.644895553588867,5.686511993408203
CC1=CC(=NOCc2ccc([N+](=O)[O-])cc2)C=CC1=O,3.841780662536621,5.716880798339844,4.779330730438232
COc1ccc(C(=O)OCC(=O)Nc2ccc(Cl)cn2)cc1F,4.458915710449219,4.949304103851318,4.7041099071502686
O=C(OC1C[N+]2(CCOc3ccccc3)CCC1CC2)C1(O)c2ccc(Cl)cc2Oc2ccccc21,5.662123203277588,5.101171970367432,5.38164758682251
COc1ccccc1NCC(=O)c1ccc(OCC(=O)N2CCC3(CC2)OCCO3)cc1,6.338051795959473,5.507670402526856,5.922861099243164
Cc1cc(=O)oc2cc(OCC=C3CC(=O)N4C=CSC4=N3)ccc12,6.7222394943237305,6.617334365844727,6.6697869300842285
CNC(=O)c1cc2c(=O)n3cccc(C)c3nc2n(Cc2ccc(Cl)cc2)c1=N,6.528021812438965,5.077580451965332,5.802801132202148
Fc1ccc(-c2csc(NN=C3CCCCCC3)n2)cc1,5.49857759475708,7.234054565429687,6.366316080093384
O=C(CCn1c(=O)c2cccnc2n(Cc2ccc(F)cc2)c1=O)NC1CCCCC1,5.920415878295898,5.272512435913086,5.596464157104492
Oc1[nH]c2ccc(F)cc2c1C=Cc1cccnc1,5.1320905685424805,6.915760040283203,6.023925304412842
CC(C)(C)c1ccc(OCCCCN2CCCCC2)cc1,5.9799981117248535,3.8344693183898926,4.907233715057373
COc1ccc(C2C3CCCCC3(O)CCN2Cc2ccccc2)c(OC)c1OC,5.313387870788574,4.697657585144043,5.005522727966309
CCOC(=O)C(=O)CCCn1cc2c(OCC)ccc(Cl)c2c1O,5.673672199249268,4.995974063873291,5.334823131561279
N=c1ccn(C2COCC2)c2ccccc12,4.276165962219238,4.953285217285156,4.614725589752197
CNC(=O)NC1CCC(Nc2nc(Cl)cc(-c3c[nH]c4ncccc34)n2)CC1,4.718111991882324,5.297428607940674,5.007770299911499
CCOC(=O)c1c(C)[nH]c(C)c1C(=O)COC(=O)c1ccccc1,5.511868953704834,5.452119827270508,5.481994390487671
COc1cc(Cl)cc2c1OC(=O)C21CCOCC1,5.382500648498535,5.0273942947387695,5.204947471618652
COc1ccc(C(C)=O)cc1COc1ccc(C(F)(F)F)cc1C(C)=O,5.665449619293213,6.388039588928223,6.026744604110718
O=C(C=Cc1ccc(Cl)cc1)NC12CC3CC(CC(C3)C1)C2,5.285392284393311,4.490691184997559,4.888041734695435
Cc1ccc(C2CNC(=S)N2)cc1,4.051416397094727,4.498341083526611,4.274878740310669
O=C(CCc1c[nH]c2ccccc12)Nc1sc2c(c1C(=O)N1CCC(O)C1)CCCC2,6.793918609619141,4.350729942321777,5.572324275970459
CCN(C1CCc2c(CC(=O)O)c3ccccc3n2C1)S(=O)(=O)c1ccc(F)cc1,5.947909832000732,4.673582553863525,5.310746192932129
COc1cccc(CN=C2C(=O)NC(=S)N(C)C2=O)c1,5.135003566741943,4.654193878173828,4.894598722457886
COc1ccc2c(c1)OCC1C2=NOC1CN1CCN(c2ccc([N+](=O)[O-])cc2)CC1,6.598254680633545,6.179145812988281,6.388700246810913
N#Cc1ccc(CN2CCC(CC(=O)c3ccc(F)cc3)CC2)cc1,5.4322686195373535,4.779366970062256,5.105817794799805
CCOc1ccc(N(C)C(=O)c2cc(C)nc3ccccc23)cc1,5.68050479888916,5.179731845855713,5.4301183223724365
CN(C)CCCCOc1ccc2c(c1)CCCC2=O,5.388620853424072,5.468772411346436,5.428696632385254
CC1(C)CC(=O)c2cc(Cl)ccc2O1,5.011743068695068,5.042258739471436,5.027000904083252
CCNc1ccc2oc(CC3OC4(CCC3C)OC(C(C)C(=O)c3ccc[nH]3)C(C)CC4C)nc2c1,6.736259460449219,6.2763671875,6.506313323974609
O=C1C=CC(=NC2CC3C=CC2C3)c2cc(O)ccc21,5.984798908233643,5.9468278884887695,5.965813398361206
CCCC1=C2CC(=O)CCC2(C)C2CCC3(C)C(CCC3(C)O)C12,4.881026268005371,8.158409118652344,6.519717693328857
Cc1ccc(CCCCCC2CCN(Cc3ccc(C(N)=O)cc3)CC2)cc1,6.462793827056885,4.150402545928955,5.30659818649292
CC(C)(C)c1cc[n+](CSc2ccc(Cl)cc2)cc1,4.425262928009033,3.807749032974243,4.116505980491638
O=C(NCC1CCCO1)c1ccc(-c2cc(-c3ccccc3)nn2CCCN2CCCCC2)cc1,6.606786727905273,4.767167091369629,5.686976909637451
Nc1ccc(C2=NN(c3cccc(Cl)c3)C(c3ccco3)C2)cc1,6.861910820007324,5.016501903533936,5.93920636177063
C(=NNc1nc(-c2ccccc2F)cs1)c1cccnc1,4.879696846008301,5.620584964752197,5.250140905380249
CN1C(=O)C(=Cc2ccc(O)c(Cl)c2)C(=O)N(C)C1=O,6.56122350692749,6.322422504425049,6.4418230056762695
COc1ccc(C=CC=Cc2ccc3cccc(Br)c3n2)cc1OC,4.991692066192627,5.839290618896484,5.415491342544556
CN(C)c1ccc(-c2csc(N3CCC(C(=O)O)CC3)n2)cc1,5.084074974060059,5.599988460540772,5.342031717300415
N#Cc1ccc(C2=NN(c3ccccc3)C(c3ccco3)C2)o1,6.871689796447754,4.928928852081299,5.900309324264526
COc1ccccc1OCC(=O)NN=Cc1c[nH]c2ccccc12,5.196590423583984,4.979163646697998,5.087877035140991
Cc1cccc2c1nc(COc1ccc3c(C)cc(=O)oc3c1)n2C,5.657511234283447,6.351829051971436,6.004670143127441
N#Cc1ccc(OCCCCN2CCC(C(O)(c3cccc(F)c3)C3CCCCC3)CC2)cc1,5.1263813972473145,5.607195854187012,5.366788625717163
O=C1COc2ccc(C(=O)C3CCCN3C(=O)C3CCC3)cc2N1,4.983160018920898,4.862680435180664,4.922920227050781
COc1ccc2[nH]c3c4[nH]c5ccc(OC)cc5c4c4c(c3c2c1)C(=O)C=C4,6.436183452606201,6.141456604003906,6.288820028305054
CC(C)NCC(O)COc1cccc2[nH]ccc12,3.4242093563079834,4.963170528411865,4.193689942359924
COc1ccc(C(=O)NCCCN2CCC(C#N)(c3ccc(F)cc3)CC2)cc1,5.699073314666748,4.472166061401367,5.085619688034058
Cc1cccc(NC(=O)CCOCC2CCCO2)n1,5.447783470153809,6.474460601806641,5.961122035980225
N#Cc1cccc(C#N)c1-c1nc2ccccc2[nH]1,4.921891212463379,5.169142723083496,5.0455169677734375
Cc1cc(=O)oc2cc(OCC=C3CC(=O)N4N=C(C5CC5)SC4=N3)ccc12,7.484697818756103,6.733763217926025,7.1092305183410645
CC1=NN(c2ccc(C(=O)O)cc2)C(=O)C1=Cc1c(C)c(C#N)c2nc3ccccc3n2c1O,6.598512649536133,4.6216583251953125,5.610085487365723
Cc1cc(C2NC(=O)c3ccccc3N2)ccc1OC(=O)c1ccccc1Cl,5.858043670654297,5.894706726074219,5.876375198364258
C#CCNC(=O)c1ccc(OCCCCCCCOc2ccc(CN3CCCCC3)cc2)cc1,6.235408782958984,5.894962787628174,6.065185785293579
N#Cc1ccc(C(F)(F)F)cc1NC1=NCCS1,5.947606563568115,5.775105953216553,5.861356258392334
Cc1cc(C(=O)N2CCN(c3ccc(C(F)(F)F)c(Cl)c3)CC2)no1,5.794506549835205,5.660417556762695,5.72746205329895
C=CCOc1ccc2ccc(=O)oc2c1CCNCC1COc2ccccc2O1,6.2906999588012695,4.945092678070068,5.617896318435669
N#Cc1ccc2c(c1)CCc1c-2nc2ccc(OCCN3CCOCC3)cc2[nH]1,,,
Oc1cc(O)c2c(c1)OC(c1ccc(O)cc1)(c1ccc(O)cc1)C(O)C2,5.020638942718506,3.9543728828430176,4.487505912780762
COc1cc2c(cc1OC)C(=O)C(Oc1ccc(C#N)cc1)C2,6.351208686828613,4.986063957214356,5.668636322021484
c1csc(-c2nc3ccccc3n2CCCCCCCCNc2c3c(nc4ccccc24)CCCC3)n1,6.865626335144043,4.779290676116943,5.822458505630493
CC(C)(C)c1ccc(O)c(C(=O)C=Cc2ccc(Br)cc2)c1,4.349102020263672,4.55421781539917,4.451659917831421
COc1ccccc1C1CCN(CCCCc2ccc(C(=O)O)cc2)CC1,5.080976486206055,4.257305145263672,4.669140815734863
Cn1c(=O)c2c(ncn2CCN2CCCCC2)n(C)c1=O,5.91896915435791,4.784892559051514,5.351930856704712
O=C1CCC(CCN2CCC(n3c(O)nc4ccccc43)CC2)O1,6.096060276031494,5.376692295074463,5.7363762855529785
CN1CCC(N(C)c2nc3ccccc3s2)CC1,4.58044958114624,4.759791851043701,4.670120716094971
O=C1C(=O)N(Cc2cccc(F)c2)c2ccc(S(=O)(=O)N3CCCC3CF)cc21,5.419942378997803,5.828575611114502,5.624258995056152
COC(=O)c1c(C)nc(C)c(C(=O)OC)c1C1=CC(NC(O)=NCCCN2CCOCC2)CC=C1,5.1469407081604,4.087161064147949,4.617050886154175
C#CCN(CC=C)C(=O)CCCCCCCCCNc1c2c(nc3ccccc13)CCCC2,6.88107967376709,5.082170009613037,5.9816248416900635
CC(=O)N1CCC(C(=O)N2CCCC(C(=O)NCc3ccccc3)C2)CC1,5.669185638427734,3.745543956756592,4.707364797592163
COc1ccc(CNc2ccc3nnc(-c4cccc(F)c4)n3n2)cc1,5.178212642669678,5.0454607009887695,5.111836671829224
CC(C)OCCCNC(=O)CCCCC1CCSSS1,4.663503170013428,6.113318920135498,5.388411045074463
CNC(=O)Oc1cccc(CN(C)CCCOc2ccc3c(c2)OCO3)c1,7.701716899871826,5.287100791931152,6.494408845901489
CCN1CCN(CCCC(=O)Nc2nn(C)c3c2CCCC3)CC1,6.5732831954956055,3.952881813049317,5.263082504272461
O=[N+]([O-])c1ccccc1S(=O)(=O)NCCC1=CCCCC1,5.100677967071533,4.762974262237549,4.931826114654541
CN1CCc2cc(C(=O)C3CCC(CO)CC3)ccc21,5.205091953277588,4.715780735015869,4.9604363441467285
O=C1NC(=O)c2c(-c3ccc(F)cc3)c(NCCCO)c3ccccc3c21,6.5988359451293945,5.68087100982666,6.139853477478027
COc1cccc(C#Cc2cccc(Cn3ccnc3)c2)c1,4.356528282165527,5.148979663848877,4.752753973007202
O=C(C=Cc1ccco1)Nc1ccc(Br)cc1F,4.343144416809082,6.195851802825928,5.269498109817505
Cc1cccc(-c2cc3nc(-c4ccccc4Cl)cc(N4CCN(C)CC4)n3n2)c1,5.303947448730469,5.13374137878418,5.218844413757324
C=CCOc1cc2c(cc1OC)C(=O)C(=Cc1cc3c([nH]1)CCN(C(=O)N1CCOCC1)C3)C2,6.70014238357544,4.62750244140625,5.663822412490845
C=CCNC(=O)C=C1C(=O)N(C)C(=O)N(C)c2ccc([N+](=O)[O-])cc21,5.416267395019531,5.393303871154785,5.404785633087158
O=C(Cc1ccccc1)Nc1cccc(C(=O)O)c1,5.483221054077148,4.7812604904174805,5.1322407722473145
CC(C)(C)C1CCC2(CC1)CC(NC(=O)c1ccc(N=[N+]=[N-])cc1)c1ccccc1O2,5.106622695922852,4.113062858581543,4.609842777252197
COc1ccc2cc(-c3cncc(NCCc4cccnc4)n3)ccc2c1,4.661601543426514,5.653591156005859,5.1575963497161865
CCCCCNC(=O)c1cn(C(CC)CC)c(=O)c2c1cnn2-c1ccccc1,5.643573760986328,5.333698272705078,5.488636016845703
COc1cccc(CNc2cccc(C(=O)O)c2)c1O,4.538870811462402,5.373946189880371,4.956408500671387
C=CCn1c(SCC(=O)Nc2cccc(C(=O)OC)c2)nnc1-c1ccccc1,6.187516689300537,4.8853044509887695,5.536410570144653
C#CCN(C)Cc1cn(CCC#N)nn1,5.2805256843566895,5.156813144683838,5.218669414520264
CCCc1cc(-c2cccc(C=CC(=O)NN=Cc3cccnc3)c2)on1,4.880070686340332,5.426473140716553,5.153271913528442
COc1ccccc1C(=O)Nc1ccc2c3c(c(=O)[nH]c2c1)CCCC3,6.594432830810547,5.502604007720947,6.048518419265747
Cc1cc(C)cc(NC(=O)Nc2ccc(NC(=O)c3csc4ncnc(N)c34)cc2)c1,5.806753158569336,4.297099113464356,5.051926136016846
CCN(CC)CCOC(=O)c1cccc(S(=O)(=O)NC2CCCCC2)c1,4.517685413360596,4.69468879699707,4.606187105178833
COc1ccc2c(C)c(CCNC(=O)c3cccc(C)c3)oc2c1,6.8278584480285645,5.488068580627441,6.157963514328003
CCSc1ccc2c(c1)N(CCC1CCCCN1C)c1ccccc1S2,5.281655788421631,4.786677360534668,5.034166574478149
NC(=O)c1cccc(-c2cc(Nc3ccc(OC(F)(F)F)cc3)ncn2)c1,5.814533233642578,5.769046783447266,5.791790008544922
Cc1ccc(NC(=O)C2CCN(C)CC2)c2oc3ccccc3c12,5.881753921508789,4.552576541900635,5.217165231704712
CC(C)C(CN1CCOCC1)NC(=O)CC12CC3CC(CC(C3)C1)C2,5.709370136260986,3.916297912597656,4.812834024429321
O=C(c1cccnc1)N1CCCC(CNc2nc3ccccc3s2)C1,5.959165096282959,4.93004322052002,5.444604158401489
CC(=O)c1cc(C#Cc2cccc(F)c2)cs1,4.95783281326294,7.120017528533936,6.038925170898438
Cc1cc(C)cc(NC(=O)CN2CCC(N(Cc3ccccc3)C(=O)CCc3ccc(C)c(N)c3)C2=O)c1,6.262309551239014,3.957943916320801,5.110126733779907
COc1ccccc1N1C(=O)C(=Cc2ccc3c(c2)OCO3)SC1=S,6.5191850662231445,4.570765018463135,5.54497504234314
COc1ccc(CC(C)N)cc1OCc1cccc(Br)c1,3.969884872436523,5.094297885894775,4.532091379165649
CCC1=C(C)C(=O)N(N=Cc2c(O)ccc3ccccc23)C1=O,5.823911190032959,6.073573589324951,5.948742389678955
CCN(CC)c1ccc(-c2cc3c(=O)n(CC4CCCO4)ccn3n2)cc1,5.619503498077393,5.443607807159424,5.531555652618408
O=c1c(Cl)c(Cl)cnn1Cc1cccc(F)c1,4.902619361877441,5.912683963775635,5.407651662826538
O=c1cc(-c2ccc(O)c(O)c2)oc2cc(O)cc(O)c12,4.521166324615479,4.284701347351074,4.402933835983276
COc1ccc(CC(=O)NCCC2CCN(Cc3ccccc3F)CC2)cc1,5.900974750518799,3.619568347930908,4.7602715492248535
CCN(CCCCCSc1nc(-c2ccc(Cl)cc2)cs1)C(=O)CCCCCOc1ccc2c(c1)SC(C)(C)C2,5.555734157562256,6.378594398498535,5.9671642780303955
CCCCCCNc1cc2cc(C)ccc2nc1S,5.193563938140869,5.412234306335449,5.302899122238159
O=C1c2ccccc2-c2nnc(-c3ccc(C4CCCCO4)cc3)cc21,5.589316368103027,6.146017074584961,5.867666721343994
CC(=O)Nc1cccc(N(C)Cc2cccs2)c1,4.700999736785889,4.754610061645508,4.727804899215698
O=C(c1ccc(C(F)(F)F)o1)N1CCCCC1,5.766934871673584,6.374066352844238,6.070500612258911
CC(=O)c1ccc(OCCCCOc2ccc3c(c2)CCC3CC(=O)O)cc1,4.7533721923828125,6.196376323699951,5.474874258041382
Cc1cccc(C#Cc2ccccc2)n1,3.756191253662109,6.038094520568848,4.8971428871154785
COc1ccc(-c2nc3cc(C)cc(N)c3o2)cc1,5.065200805664063,4.457798480987549,4.761499643325806
CCCCN(C)Cc1ccc2c(c1)OCC1CCO21,,,
O=C(C=Cc1cccs1)NCc1ccccc1,3.8851478099823,5.364237308502197,4.6246925592422485
COc1ccccc1C=Cc1nc(O)c2cccc(C)c2n1,5.213592529296875,5.598021507263184,5.405807018280029
CNc1nc2cc(Br)ccc2c2nc(-c3ccc(OC)cc3)nn12,5.56659746170044,5.338948726654053,5.452773094177246
O=C(COc1ccc(Cl)cc1)Nc1cc(C2CC2)[nH]n1,5.289562702178955,5.413146495819092,5.351354598999023
O=C(C=Cc1ccccc1O)Nc1cccc(-c2ccccc2)c1,4.4815449714660645,6.021018981933594,5.251281976699829
COc1cccc(CNC(=O)c2cc3ccc(OCCN4CCCCC4C)cc3oc2=O)c1,6.428346157073975,5.228207588195801,5.828276872634888
O=C1CCCC1CC(=O)NCCc1ccc2c(c1)OCO2,5.620155334472656,5.095670700073242,5.357913017272949
Oc1ccc(C=NNc2ncnc3c2cnn3-c2ccccc2)cc1O,5.098361968994141,3.5117287635803223,4.3050453662872314
NC(=O)c1ccc(-c2ccc(Br)cc2)s1,5.330191135406494,6.188241958618164,5.759216547012329
CC(=O)OCC1=COC(c2cc(OCCCN3CCCC(C(=O)c4cccc(Cl)c4)C3)cc(OC(C)=O)c2)C2C1=O,,,
C=CCN1CCN(c2c(Cl)cccc2NC(=O)c2ccc(OC)cc2OC)CC1,5.821121692657471,4.3383073806762695,5.07971453666687
COc1ccccc1NC(=O)Oc1ccc2c(c1)C1(C)CCOC1C2=O,6.895867347717285,5.097163677215576,5.996515512466431
O=C(NC1CCCCC1)c1cc2ccccc2oc1=O,5.66485595703125,5.369811534881592,5.517333745956421
O=c1cc(-c2ccc(OCCN3CCOCC3)cc2)oc2c1ccc1ccccc12,4.779472827911377,4.851218700408936,4.815345764160156
CC1Cc2ccccc2N1C(=O)C=CC(=O)NCCCN1CCOCC1,4.933248043060303,5.025002479553223,4.979125261306763
COC(=O)CC1=CN(Cc2ccc(NC(=O)c3ccccc3[N+](=O)[O-])cc2)C=NC1,4.432966232299805,3.582839012145996,4.0079026222229
O=C(CCc1ccccc1)NC1CCN(CCc2ccc(F)cc2)CC1,5.1637067794799805,4.028459072113037,4.596082925796509
Cc1cccc(C=Cc2ccncc2)c1,3.4006175994873047,5.97159481048584,4.686106204986572
CCOC(=O)c1ccc2[nH]c3c(c2c1)CCNC3=O,6.198873996734619,4.998855113983154,5.598864555358887
Cc1ccccc1N=C(N)Nc1ccc(C)cc1,5.882333755493164,4.391208648681641,5.136771202087402
COc1cccc(C=CC(=O)Nc2ccccc2C(=O)O)c1,5.4874677658081055,6.235340118408203,5.861403942108154
NS(=O)(=O)c1cccc(-c2ccc(CN3CCc4ccccc4C3)cc2)c1,4.816951274871826,4.385576725006104,4.601263999938965
COc1cc2ncc3c(N)nc(-c4ccncc4)cc3c2cc1OC,5.2389421463012695,4.224023818969727,4.731482982635498
Oc1ccc(C=Cc2cc[n+](Cc3ccccc3)cc2)cc1,4.772505760192871,3.7437973022460938,4.258151531219482
CCc1ccc(-c2nc3c(c(=O)n(C)c(=O)n3C)n2CCCc2ccccc2)cc1,5.098691463470459,5.494560241699219,5.296625852584839
CNC(C)(C)C(=O)OC1CC2(C)C(OC(=O)c3cc(F)ccc3[N+](=O)[O-])C3(C)COC12,,,
COc1cc2c(cc1OC)CN(CCc1ccc(NC(=O)c3ccsc3)cc1)CC2,5.5813422203063965,4.593249320983887,5.087295770645142
C=CCN1CCC23c4c5ccc(O)c4OC2C(=O)CCC3(O)C1C5,6.934582710266113,6.695377349853516,6.8149800300598145
CCC(=O)N1CCN(c2ccc(NC(=O)c3ccccc3SC)cc2)CC1,5.872873783111572,5.48977518081665,5.681324481964111
CCN1CCN(c2ccc(C(=O)Nc3c(F)cccc3Cl)cc2Cl)CC1,5.174590587615967,4.899051189422607,5.036820888519287
O=C1C=CC(=O)N1c1ccc([N+](=O)[O-])cc1,4.590149402618408,5.391605854034424,4.990877628326416
CNc1cc(C(=O)NC(=O)Nc2cccc(Cl)c2)ccn1,6.095158100128174,4.965609073638916,5.530383586883545
CC1=Nc2cc(C(=O)NCC3CCCO3)ccc2Sc2ccc(C)cc21,6.550288677215576,5.327303409576416,5.938796043395996
CC(=O)c1ccc(OCCCCCCC(=O)NN=Cc2ccc([N+](=O)[O-])s2)cc1,5.58443546295166,6.425556182861328,6.004995822906494
COc1cc(-c2cnc(N3CCN(C)CC3)nc2)ccc1C(=O)NCc1cccc(Cl)c1,5.582971572875977,4.69737720489502,5.140174388885498
Nc1c(C(=O)NC2CCCCC2)nnn1-c1ccccc1,5.035764694213867,4.717629909515381,4.876697301864624
O=C(O)CCCCc1ccc2c(c1)OCO2,4.342959880828857,5.414311408996582,4.87863564491272
Cc1cc(-c2cc(=O)c3cc(F)ccc3o2)no1,5.829047203063965,5.149016380310059,5.489031791687012
O=C(Cc1ccccc1)Nc1cccc(Oc2ccccc2)c1,5.936647415161133,3.602708339691162,4.7696778774261475
NC(=O)c1cccc(-c2cnc3[nH]cc(-c4ccccc4)c3c2)c1,5.071598529815674,6.011709690093994,5.541654109954834
COc1cc2c(cc1N)oc1ccccc12,5.269574165344238,3.6763975620269775,4.472985863685608
CC12CCC3C(CCC4CCCC43C)C1CCC2O,4.397986888885498,7.290676116943359,5.844331502914429
CCCC(=O)NC1CCN(c2cccc3c2cnn3-c2ccc(C)cc2)C1,5.291445732116699,4.971127510070801,5.13128662109375
CNC(=O)CCCCCCCCC=C(c1ccccc1)c1cc2cc(OC)c(OC)cc2c(=O)o1,6.843532562255859,5.654720306396484,6.249126434326172
CCOC(=O)c1cnc2cc(-c3ccc(C)cc3)nn2c1C,5.3633131980896,5.252549648284912,5.307931423187256
COc1cc2ncnc(N3CCN(C(=O)c4cnn(-c5ccccc5)c4C3)c2cc1OC,,,
Cc1ccc(-c2cc(C=C3CCCCC3)no2)cc1,4.813759803771973,5.62401008605957,5.2188849449157715
Oc1cccc(CN2CCC(n3cc(-c4ccc(OCCN5CCCC5)cc4)nn3)CC2)c1,5.378887176513672,4.587505340576172,4.983196258544922
CN1CCN(c2ccc(C(=O)Nc3n[nH]c4ccc(Cc5cc(F)cc(F)c5)cc34)c(NC3CCOCC3)c2)CC1,6.8032402992248535,5.346206665039063,6.074723482131958
CNC(=O)c1cc(Oc2ccc(NC(=O)Nc3cccc(C(F)(F)F)c3)cc2)ccn1,7.119419097900391,5.269865989685059,6.194642543792725
CCOC(=O)c1cnc2cc(C(=O)OCC)ccc2c1Nc1ccccn1,5.6987738609313965,5.141761302947998,5.420267581939697
O=c1cc(C2(O)CCCC2)oc2c([N+](=O)[O-])cccc12,5.467771530151367,5.3874382972717285,5.427604913711548
C#CCNC(C)Cc1ccccc1,4.530632019042969,5.754871845245361,5.142751932144165
Oc1ccc(C=Cc2cc(O)cc(O)c2)cc1,3.3560800552368164,5.28925895690918,4.322669506072998
COc1ccc(-c2csc3nc(-c4ccc(OC)cc4)oc(=O)c23)cc1,5.747159957885742,6.37530517578125,6.061232566833496
CC(=O)N1N=C(c2ccc(OCc3ccc(Cl)c(Cl)c3)cc2)OC1c1ccccc1,5.868170261383057,6.290592670440674,6.079381465911865
O=c1c2ccccc2oc2c3c(ccc12)C(=O)C=C3,5.427934169769287,5.48837947845459,5.4581568241119385
Cc1cccc(Nc2nc3ccc([N+](=O)[O-])cc3[nH]2)n1,5.578916072845459,4.825284004211426,5.202100038528442
CNC(=O)C=Cc1cnc(N)c2c(-c3ccc4c(c3)OCO4)csc12,6.441901206970215,4.705104351043701,5.573502779006958
O=C(O)c1cc(NN=C2C=CC(=O)C(O)=C2)ccc1Cl,4.525473594665527,5.73790454864502,5.131689071655273
FC(F)(F)c1ccc(-c2nnc(C=Cc3ccccc3)o2)c(Cl)c1,5.986932277679443,6.215147972106934,6.1010401248931885
O=C1C=CC(=CNNc2cccc(C(F)(F)F)c2)C=C1O,5.180858612060547,5.428097724914551,5.304478168487549
CCN(CC)CCN=C1c2ccccc2-c2ccccc21,4.957170486450195,4.351773738861084,4.65447211265564
O=C(CCCCCCCCC(=O)Oc1ccc2c(c1)C13CCCCC1C(C2)N(CC1CC1)CC3)Oc1ccccc1,6.456579208374023,5.279208183288574,5.867893695831299
COc1cc2c(cc1OC)C1=CCCN1CC2,6.153407573699951,4.871638298034668,5.51252293586731
O=C(Cc1ccc(F)cc1)N1CCC(C2CCN(Cc3ccccc3)CC2)CC1,6.07259464263916,3.84053111076355,4.956562876701355
COC(=O)c1cc2c(=O)n3ccccc3nc2n(C)c1=N,5.6216721534729,3.701961040496826,4.661816596984863
COc1ccc(Cl)cc1NC(=O)c1ccc2nc(NC(C)=O)sc2c1,5.855345249176025,4.6363205909729,5.245832920074463
O=c1cc(-c2ccccc2)oc2ccccc12,4.497191429138184,3.8335037231445312,4.165347576141357
O=C1OC2(CCC(C(=O)Nc3ccsc3)CC2)c2ccc(OCc3ccccc3)cc21,5.815512180328369,6.353921413421631,6.084716796875
CCCCCCCCCCCCCC[n+]1ccn(Cc2ccc(Br)cc2)c1,6.556693077087402,4.796286106109619,5.676489591598511
O=C(OCCCCCCCCC(=O)NCC1OCCN21)c1cccc(S(=O)(=O)N2CCCC2)c1,,,
O=C(NCC1CC1)c1ccc2c(c1)OCCO2,6.969414710998535,4.854641437530518,5.912028074264526
O=C(Nc1nnc(Cc2ccc(F)cc2)s1)c1ccco1,6.561489105224609,6.15123176574707,6.35636043548584
COc1cc(NC(=O)CCOCCO)c(Cl)cc1Cl,5.100221157073975,5.3979268074035645,5.2490739822387695
CCOC(=O)c1[nH]c2ccc(Cl)cc2c1NC(=O)c1ccc(OC)cc1,5.914833545684815,4.904094696044922,5.409464120864868
COc1ccc(C(C)=O)cc1COC(=O)C1CCCCC1,4.979349136352539,4.628037452697754,4.8036932945251465
O=C(O)CC1OC(=O)c2cc(OCc3cccc(Cl)c3)ccc21,4.122357368469238,6.855043888092041,5.48870062828064
CCN(CC)C(=O)C1Cc2c(cc3c4c(cccc24)NC3)N(C)C1,6.223331928253174,4.652100563049316,5.437716245651245
Cc1nc2c(c(=O)[nH]1)C1(C)CC3(C)C4CCC5(C)C(CCC6(O)CSCC6C5CC46C(=O)O)C3(C)C1O2,,,
COc1cc2c(cc1OC)C1=NOC(CN3CCN(Cc4ccc5c(c4)OCO5)CC3)C1CO2,6.806899070739746,4.680825233459473,5.743862152099609
CCOc1ccccc1OCC(=O)NCc1ccc(F)cc1F,5.064011096954346,5.6318888664245605,5.347949981689453
CC(=O)OC1CC2(C)C(=CO1)CC(C1CCCCC1)C2,4.127179145812988,5.517307758331299,4.8222434520721436
COc1cc2cc(C(=O)N3CCC(C(N)=O)CC3)[nH]c2cc1OC,6.353130340576172,4.131541252136231,5.242335796356201
CCOc1ccc(N2NC(=O)N=C2c2ccc(OCC)cc2)cc1,5.52487325668335,5.813305854797363,5.6690895557403564
Oc1ccccc1SCC1CCC2C3CCC4CC(O)CCC4(C)C3CCC12C,4.812365531921387,5.894490718841553,5.35342812538147
CCOc1ccc2c(c1)OC(=O)CC2=CN(C)C,5.020239353179932,4.50003719329834,4.760138273239136
Cc1cc(C)cc(N=CC2CC(=O)Oc3cc(C)ccc32)c1,5.46627140045166,6.506173610687256,5.986222505569458
CCOc1ccc(C=C2SC(=S)N(CCCC(=O)Nc3ccc(C)cc3)C2=O)cc1,6.026022434234619,5.376638889312744,5.701330661773682
CC(=O)N1CCc2cc(S(=O)(=O)N(C)c3ccc(Cl)cc3)ccc21,5.582381248474121,5.182477951049805,5.382429599761963
O=C1C(=O)C(NCc2ccccc2OCCF)C1=Nc1ccncc1,6.419326305389404,5.739775657653809,6.0795509815216064
COCCCNC(=O)C1=CC2c3cccc4[nH]cc(c34)CC2N(C)C1,5.673797607421875,5.992069244384766,5.83293342590332
COc1cc2c(cc1OC)C1=NOC(CN3CCN(Cc4ccc(Cl)cc4)CC3)C1CO2,6.885958194732666,4.927042484283447,5.906500339508057
CC(C)(C)c1cc(NC(=O)C(=O)c2cccc3ccccc23)n(-c2ccccc2)n1,5.515456676483154,3.910178184509277,4.712817430496216
O=C(O)c1ccc(C=C2SC(c3ccc(F)cc3)=NC2=O)cc1,6.095271587371826,6.773334503173828,6.434303045272827
Oc1c2c(nc3cc(-c4ccccc4)nn13)CSC2,5.179470062255859,3.8252744674682617,4.5023722648620605
COc1ccc(C2=NN(CCCCOc3ccc(C4=NNC(=O)CC4C)cc3)C(=O)CC2C)cc1,7.043208599090576,5.964163780212402,6.503686189651489
O=C(C=Cc1ccccc1)Nc1ccc(Cl)cc1,4.138910293579102,6.050346374511719,5.09462833404541
CN(C)S(=O)(=O)c1ccc(N=CCC(=O)c2ccc(F)cc2)cc1,6.592684745788574,5.490023612976074,6.041354179382324
Cc1c(C)c2ccc(OCCCCN3CCC(C(=O)NCc4ccc(F)cc4)CC3)cc2oc1=O,6.011796474456787,5.9124274253845215,5.962111949920654
Cc1ccc2c(C(=O)NC3CCC(C)CC3)coc2c1,5.455272197723389,4.662742137908936,5.059007167816162
O=C1COc2ccc(C(=O)COC(=O)c3ccc(CO)o3)cc2N1,5.183097362518311,4.639267444610596,4.911182403564453
CCOC(=O)C=C1C=S(O)(O)=CC1,5.198829650878906,4.793181896209717,4.9960057735443115
O=C(CCN1CCCCC1)Nc1ccc2c(c1)OCO2,6.156005859375,5.129860877990723,5.642933368682861
O=C1C2CCCN2C(=O)N1c1ccc(Cl)cc1,4.619124412536621,5.843727111816406,5.231425762176514
COc1ccc(C=C2COc3cc(O)ccc3C2=O)c(OC)c1,5.772445201873779,5.578583717346191,5.675514459609985
Cc1cccc(C(C)c2c[nH]c3cccc(OCCN4CCCC4)c23)c1,5.760636329650879,4.709165096282959,5.234900712966919
O=C(CNC(=O)c1cc2ccccc2oc1=O)NCC1CCCCC1,6.480802536010742,5.195148468017578,5.83797550201416
CC(=O)c1ccc(N=Nc2c(O)nn(-c3ccccc3)c2O)cc1,6.447733402252197,3.478515148162842,4.9631242752075195
Cc1ccc(C=C2CCc3cc(OCCCN4CCOCC4)ccc32)o1,5.3906989097595215,5.671010494232178,5.53085470199585
CCN(CC)C(=O)c1cccc(Nc2nc(-c3ccc4c(c3)OCO4)cs2)c1,5.945666313171387,5.515185356140137,5.730425834655762
Cc1cc(CNc2ccc3nnc(-c4ccccc4)n3n2)no1,5.161636829376221,4.186147212982178,4.673892021179199
Cc1ccc(S(=O)(=O)Nc2nccc(C(F)(F)F)n2)cc1,5.559561729431152,5.873517036437988,5.71653938293457
CC(=NOCC(=O)OCC(=O)Nc1nc2ccccc2s1)c1cccc(Br)c1,5.205263137817383,5.845944881439209,5.525604009628296
O=C(Oc1ccc([N+](=O)[O-])cc1)c1cccc(CO)c1,5.546424865722656,5.1323723793029785,5.339398622512817
CC#CC(=O)Nc1cc2c(Nc3ccc(F)c(Cl)c3)ncnc2cn1,5.121114730834961,5.207802295684815,5.164458513259888
Clc1ccc(CCC2c3cc(Cl)ccc3OCC2CN2CCCC2)cc1,4.512225151062012,4.857394695281982,4.684809923171997
Cc1cc(C)cc(NC(=O)Oc2ccc3oc(=O)c(-c4ccccc4)c(=O)c3c2)c1,,,
COc1cc2c(cc1F)C(c1ccccc1Cl)=Nc1c(C)n[nH]c1N2,5.51499080657959,5.00542688369751,5.26020884513855
CCN(CC)CCNC(=O)C=Cc1cnc(N)c2c(-c3ccc(NC(=O)Nc4cccc(F)c4)cc3)csc12,6.089005947113037,5.500176906585693,5.794591426849365
CCN(CC)C(=O)C1C=C2c3cccc4[nH]cc(c34)CC2N(C)C1,5.647458553314209,5.54237699508667,5.5949177742004395
N=C(N)SC1=NCC2CCCCC2N1,4.74810266494751,6.186452865600586,5.467277765274048
CC(=O)NC(=O)N1CCCc2ccc(NC(=O)Cc3ccc(Cl)cc3)cc21,4.758769512176514,4.499125003814697,4.6289472579956055
Cc1c(C=O)c(O)n2c(nc3ccccc32)c1C#N,5.145462989807129,4.233579635620117,4.689521312713623
COc1c(C)cc(C2CC(=O)N3CN(C)CSC3=C2C#N)cc1C,6.663937568664551,5.804587841033936,6.234262704849243
O=C1c2ccccc2SC(COc2cccc3c2CCC3)=N1C1CC1,,,
COc1cc2c(cc1OC)C(=O)C(Oc1ccc(CC=S(O)(O)=Cc3ccccc3)cc1)C2,6.689891338348389,4.728024959564209,5.708958148956299
O=C(O)c1ccc(Oc2ccc([N+](=O)[O-])cc2)cc1,6.88426399230957,5.328733921051025,6.106498956680298
O=C(NCC=C(c1cccnc1)c1ccccc1)c1ccccc1,5.860140323638916,4.522027015686035,5.191083669662476
NC(=O)c1cc2c(s1)CCOC2CCN1CC=C(c2ccccc2)CC1,6.070676326751709,5.208211898803711,5.63944411277771
CC1(C)Cc2cccc(OCC(=O)N3CCCC3)c2O1,5.5615057945251465,4.462543964385986,5.012024879455566
CC(C)(C)OC(=O)CCC1CCCCN1C(=O)Nc1ccccc1Cl,5.491087436676025,3.853849172592163,4.672468304634094
CC(=O)C1=C(C)N=C(C)C(C(=O)OC(C)C)C1c1cncc(Br)c1,5.420522689819336,5.017308235168457,5.2189154624938965
NC(=O)C1CCN(CC(=O)N2c3ccccc3CC2C(=O)Nc2ccccc2)CC1,5.8686723709106445,4.792698383331299,5.330685377120972
CSc1ccc(CSc2nnc(-c3ccco3)n2N)cc1,6.360623836517334,4.55342960357666,5.457026720046997
C#CCN(C)Cc1cc2cc(OCc3ccccc3)ccc2n1C,4.428907871246338,7.657023429870605,6.042965650558472
CC(=O)OC1CCC2C3CC=C4CC(=O)CCC4(C)C3CCC12C,4.0727715492248535,7.2849626541137695,5.6788671016693115
CC1(C)Cc2occc2C(=O)N1CCC(=O)Nc1ccc(Br)cc1,5.621562004089356,5.759739875793457,5.690650939941406
c1ccc(CSc2nc3ccccc3n2CCCN2CCCCC2)cc1,5.491037368774414,4.183812141418457,4.8374247550964355
O=C(CCCCCCCCCCNc1c2c(nc3cc(Cl)ccc13)CCCC2)NCC1CCCO1,8.55053997039795,4.910383224487305,6.730461597442627
Cc1ccc(C2N=C3CCCN3C2=O)cc1O,7.453674793243408,6.126459121704102,6.790066957473755
COc1cc2c(cc1OC)C(=O)C(=O)C(c1ccc(Cl)c(Cl)c1)C2,5.684787273406982,6.332752704620361,6.008769989013672
CSc1nc(-c2ccc(F)cc2)c(-c2ccnc(NC(C)c3ccccc3)c2)[nH]1,5.494105339050293,5.841106414794922,5.667605876922607
CC1=CC(C)(C)Nc2ccc3c(c21)C(=Cc1cn(C)c3ccc(O)cc13)Oc1ccccc1-3,5.905181884765625,6.224477767944336,6.0648298263549805
COc1cc(OC)c2c(=O)cc(-c3ccccc3)oc2c1,5.880367279052734,4.332305431365967,5.106336355209351
COc1c(O)cc2oc(-c3ccc(O)c(O)c3)cc(=O)c2c1O,5.187464714050293,3.953192234039306,4.5703284740448
O=C(Nc1ccc2c(c1)OCCO2)C1CCN(Cc2ccccc2)CC1,6.020877361297607,4.8082380294799805,5.414557695388794
CC1=Nc2cc(C(F)(F)F)nn2C(c2ccc(Cl)cc2)C1c1nc(O)c2ccc(C)cc2n1,7.11104679107666,6.956621170043945,7.033833980560303
CC(=O)N1N=C(c2ccc(Cl)cc2)OC1c1cccc(C)c1,6.217641830444336,5.59953498840332,5.908588409423828
CC(=O)OCC1OC(NC(=O)CCc2ccccc2)C(OC(C)=O)C(OC(=O)Nc2ccccc2)C1OC(C)=O,4.013185977935791,4.44917631149292,4.2311811447143555
CCOc1cc2c(cc1OC)CN(CCc1ccc(NC(=O)Cn3cc(Cl)cn3)cc1)CC2,5.8046875,4.355677127838135,5.080182313919067
COc1cc2c(-c3ccc(C#N)cc3)oc(=O)c2cc1OC,,,
CC(=O)N1N=C(c2ccc(OCCOC3CCCC3)cc2)CC1c1ccccc1,6.6965813636779785,6.236996650695801,6.46678900718689
O=C(C=Cc1ccc2c(c1)OCO2)NCCCNc1c2c(nc3ccccc13)CCCC2,7.100278854370117,5.0665812492370605,6.083430051803589
O=C(CCCN1CCC2(CC1)C(=O)N(CC1CC1)CN2c1ccccc1)c1ccc(F)cc1,5.952915191650391,4.946178436279297,5.449546813964844
CCN(CCC(=O)NC1CCN(Cc2ccccc2)CC1)Cc1cc2cc(O)ccc2n(CCCc2ccc([N+](=O)[O-])cc2)c1=O,6.426714897155762,4.261213779449463,5.343964338302612
COc1cc2nc(N3CCN(C(=O)c4ccco4)CC3)nc(N)c2cc1OC,5.864048480987549,3.9540276527404794,4.909038066864014
CC(NC(=O)c1ccco1)C(=O)NC1=NN=C(c2ccc(Cl)cc2Cl)CS1,6.954282760620117,4.470651626586914,5.712467193603516
COc1cc(C(=O)NCc2cccc(C(N)=O)c2)cc(OC)c1OC,6.023340702056885,3.833326578140259,4.928333640098572
CNC(=O)C=Cc1cnc(N)c2c(-c3ccc4c(c3)OCO4)csc12,6.441901206970215,4.705104351043701,5.573502779006958
N#CC(=CC1=CC=CC(=[N+](C#N)c2ccccc2)C=C1)c1ccccc1,4.103273391723633,5.414762496948242,4.7590179443359375
COc1cc2c(cc1OC)C(=O)C(Oc1c(C)cc3c(c1C)C(=O)C(=O)C=3)C2,,,
O=C1CCC(=O)c2c1c(-c1ccccc1)cc1n2CCC1CC(O)CN1CCOCC1,,,
CCCCNC(=O)c1ccc2c(CN3CCCC3=O)c[nH]c2c1,6.947002410888672,4.865950107574463,5.906476259231567
CC1CCCN(Cc2cccc(Oc3ccc([N+](=O)[O-])cn3)c2)C1,6.245406627655029,4.848890781402588,5.547148704528809
COCCOC(=O)N=C(Cc1cccc(Cl)c1)C(=O)NCCCCNc1c2c(nc3ccccc13)CCCC2,6.776632308959961,4.821184158325195,5.798908233642578
O=C(C=Cc1ccccc1)Nc1ccc(F)cc1,4.56804895401001,6.476463317871094,5.522256135940552
CC1=CC(=O)c2c(O)cccc21,5.811671257019043,6.858624458312988,6.335147857666016
O=C(NN=Cc1ccco1)c1cc(-c2ccccc2O)n[nH]1,5.29427433013916,4.578731536865234,4.936502933502197
CCCc1ccc(CCCC(=O)O)cc1,3.952701568603516,4.285686492919922,4.119194030761719
COc1cccc(C(=O)Nc2cccc(-c3cn4ccccc4n3)c2)c1,4.970004558563232,4.732491970062256,4.851248264312744
O=c1cc(-c2ccc(O)c(Cl)c2)oc2ccccc12,4.832120895385742,4.8150248527526855,4.823572874069214
NC(Cc1c[nH]c2ccccc12)C(=O)Nc1cncc(C=Cc2ccncc2)c1,4.912251949310303,5.379470348358154,5.1458611488342285
COc1cc2c(cc1OC)-c1c(OC)c(OC)cc3c1C(C2)N(C)CC3,5.15717363357544,4.70631742477417,4.931745529174805
CN1N=C(N)c2cn(C3OC(CO)C(O)C3O)c3ncnc1c23,6.084883689880371,3.4663290977478027,4.775606393814087
Cn1c2ccc(OCC(F)(F)F)cc2c2ncn(C)c21,5.543171405792236,6.39085865020752,5.967015027999878
O=C(Nc1cccc([N+](=O)[O-])c1)N1CCc2cc(OCc3ccccc3)ccc2C1,5.373696327209473,5.496245384216309,5.434970855712891
CCC(CC)Oc1ccc2c(c1)OC(=O)C(C)O2,7.37116813659668,5.788445949554443,6.5798070430755615
CNC1CC2OC(C)(C1OC)n1c3ccccc3c3c4c(c5c6ccccc6n2c5c31)C(=O)NC4,5.887773036956787,4.6202263832092285,5.253999710083008
COc1ccc2c(SCC(=O)NCc3ccc(C)o3)cccc2c1,5.107955932617188,5.410723209381104,5.259339570999146
O=C(Nc1ccc(C=C2CCC(=Cc3ccc(O)c(O)c3)CC2)cc1)c1ccc(F)cc1,5.268089771270752,6.301137447357178,5.784613609313965
C#CCN(C)c1ccc2c(c1)C(=NNC(=O)c1ccccc1)OCCO2,5.321946144104004,5.182483673095703,5.2522149085998535
O=C(c1cc2ccccc2oc1=O)N(Cc1ccccc1)C1CCCCC1,5.851909637451172,4.098231315612793,4.975070476531982
COc1ccc2c(c1)C(=O)c1ccc(C3=NCCN3)cc1S2(=O)=O,6.299437999725342,6.259449005126953,6.2794435024261475
N#Cc1cccc(SCc2ccc(Cl)cc2)c1,3.8338232040405273,6.28246021270752,5.058141708374023
COc1cc2c(cc1OC)C(=O)C(Oc1ccc(C(=O)NCc3ccccc3)cc1)C2,6.875348567962647,4.385950088500977,5.6306493282318115
COc1cc2c(cc1OC)C1=NOC(CN3CCN(CC(C)=Cc4ccccc4)CC3)C1CO2,6.703359603881836,4.614506721496582,5.658933162689209
N#Cc1cccc(NC(=O)Nc2cc3c(cc2CN2CCCC2)OCO3)c1,6.498219966888428,4.529253005981445,5.5137364864349365
O=C1C2Cc3c(F)cccc3CN2C(=O)N1CCCN1CCCC1,6.228931427001953,4.941760063171387,5.58534574508667
Oc1occ2c1C(c1ccc(Cl)cc1)c1c(O)nc(O)nc1-2,6.676971435546875,6.07804012298584,6.377505779266357
CC1=CC(C)(C)Nc2cc(-c3ccc(CN4CCOCC4)o3)ccc21,5.251842498779297,4.982284069061279,5.117063283920288
NC(=O)c1sc2ccc(Cl)c(Cl)c2c1NC(=O)c1ccc(Cl)cc1,5.80388879776001,4.925791263580322,5.364840030670166
CCOCCOc1ccccc1C(=O)NCc1ccccn1,5.79293966293335,6.244560718536377,6.018750190734863
CSc1ccc(-c2nc3cnccn3c2Nc2ccc3c(c2)OCO3)cc1,5.65426778793335,4.583051681518555,5.118659734725952
Clc1ccc(CON=C(Cn2ccnc2)c2ccc(Cl)cc2Cl)c(Cl)c1,5.117683410644531,6.444066524505615,5.780874967575073
C=S(O)c1ccc(-c2coc3ccc(OCCCN4CCCCC4)cc23)cc1,5.468389511108398,5.711532115936279,5.589960813522339
CSc1nc(-c2ccc(Cl)cc2)nn1C(=O)N(C)C,6.8587164878845215,5.86735725402832,6.363036870956421
O=C(O)c1cc2ccccc2c(=O)s1,6.546725749969482,5.612451076507568,6.079588413238525
CC1CCC(OC(=O)C(C)C)CC1=NO,4.994773864746094,4.280086517333984,4.637430191040039
CC(=O)Oc1ccc2cc(C(=O)NC3CCCCC3)c(=O)oc2c1,6.19843864440918,5.041201591491699,5.6198201179504395
CN(C)c1cccc(C=Cc2nc3ccccc3nc2Nc2ccc(C(=O)N3CCCC3)cc2)c1,6.427011966705322,4.964216709136963,5.695614337921143
CCCCCOc1cccc(C(=O)NCC(O)CN2CCOCC2)c1,5.115286827087402,5.194060325622559,5.1546735763549805
COc1ccc(-c2csc(N3CCN(c4ccccc4)CC3)n2)cc1,5.004598617553711,5.725743293762207,5.365170955657959
N#Cc1ccc(-c2cnc3ccc(OCCC4CCN(Cc5ccccc5Cl)CC4)cc3c2)cc1,5.1426849365234375,5.626531600952148,5.384608268737793
O=C1CC(C2CCNCC2)c2c(ccc3c2OCCO3)O1,5.284501075744629,5.431859970092773,5.358180522918701
COc1cc2c(cc1OC)C1=NOC(CN3CCN(CC(C)=CC3)C1CO2,,,
COc1cc(OC)c(C2=NC(c3cccc(Cl)c3)C(=O)C2)cc1OC,6.66161584854126,5.419125080108643,6.040370464324951
Cc1noc(C)c1-c1cc(NC2CC2)ncn1,5.068589210510254,6.578815460205078,5.823702335357666
CN(C)c1ccc(C=Cc2noc3cc4c(cc23)CCC4)cc1,6.150667667388916,6.6878156661987305,6.419241666793823
COc1cc(C=CC=CC2=CCN(C)C2)ccc1O,4.471521377563477,4.796309947967529,4.633915662765503
O=C1C(=O)C(NCCc2ccc(Oc3ccc(Cl)cc3)cc2)C1=Nc1ccncc1,6.306306838989258,5.34938907623291,5.827847957611084
CSC(=S)NN=C(C)c1cccc(Cl)c1,6.0373053550720215,4.985960960388184,5.5116331577301025
CN(C)CCCCCCCCCC[n+]1cccc2c3ccccc3ccc21,5.30070686340332,4.457101821899414,4.878904342651367
O=c1c2ccccc2oc2cc(O)cc(O)c12,4.630982875823975,3.6015024185180664,4.1162426471710205
CC(C)(C)c1cc2c3c(ccn3CCCCCCCN3CCCCC3)c(C(C)(C)C)n2n1,,,
COc1cc2oc(=O)c(CN3CCC(O)C3)cc2cc1OC,5.857178688049316,3.790956497192383,4.82406759262085
COCCN(CCOC)C(=O)C1CCCCN1,4.0586934089660645,5.093751430511475,4.5762224197387695
Fc1ccc(-c2nn(C3CCCC3)c3ncnc(NCC4CCCO4)c23)cc1,5.970139026641846,6.214294910430908,6.092216968536377
Cc1cccc(N2CCN(CCCCC(=O)N3CCCC3)CC2)c1C,6.840505123138428,4.24787712097168,5.544191122055054
CN(C)c1ccc(CC2=c3ccccc3=NC2=O)cc1,5.365333080291748,6.217818260192871,5.79157567024231
O=C(O)c1cc2cc(-c3ccc(F)cc3)ccc2o1,5.168147087097168,6.315675735473633,5.7419114112854
Clc1cc2c(cc1Cl)OC(CNCc1ccccc1)CC2,4.704904556274414,3.8900434970855713,4.297474026679993
CCCNC(=O)c1ccc(-c2ccc3c(c2)OCCO3)cc1,5.259599208831787,5.136606216430664,5.198102712631226
C#CCN(C)C(C)Cc1cccc(OC(=O)N(C)C)c1,5.7023115158081055,5.947556972503662,5.824934244155884
COc1c(CO)ccc2c1C1=C(C(=Cc3ccc(O)cc3)O2)C2C(C)=CC=CC=C12,5.991378307342529,6.575567245483398,6.283472776412964
CCC(C)NC1=C2CC(C)(c3ccc(OC)cc3)C(C1=O)C2C,5.092369556427002,5.942708969116211,5.5175392627716064
O=C(C=Cc1cc(C(=O)O)ccc1O)NCCc1ccccc1,4.804186820983887,6.324731826782227,5.564459323883057
Cn1cccc1C1CCn2cc(C=C3C(=O)Nc4ccc(C(F)(F)F)cc43)nn21,,,
CC(=O)c1ccc(OC(=O)Cc2ccc(Cl)c(Cl)c2)cc1,4.810241222381592,5.270111560821533,5.0401763916015625
CN(C)c1nc2c(c(=O)n(Cc3ccccc3)c(=O)n2C)n1CCc1ccccc1,5.113363742828369,4.639358043670654,4.876360893249512
Cc1ccccc1-c1c2c(c3ccc(Cl)cc3[n+]1C)OCO2,5.934532165527344,5.403477668762207,5.669004917144775
O=C(NC1CCCCC1)c1ccc2c(c1)CCCC2N(CC1CC1)C(=O)N2,,,
COCC(=O)N1CCC(CCC(=O)O)(c2cccc(O)c2)CC1,5.084335803985596,4.454855918884277,4.7695958614349365
CNC(=O)CCc1ccc(OCc2ccccc2)c(C(=O)NC)c1,7.834461688995361,6.1646599769592285,6.999560832977295
Cc1cc(C)cc(-c2coc3cc(O)ccc3c2=O)c1,4.493377685546875,6.288854122161865,5.39111590385437
Cn1c(=O)c2c(nc(SCc3ccc(Cl)cc3)n2C)n(C)c1=O,5.727228164672852,6.552047729492188,6.1396379470825195
CCc1ccc(C2CC(c3c4ccccc4cc4ccccc34)=NN2)cc1,6.945976257324219,7.666211128234863,7.306093692779541
Cc1ccc(COC(=O)NCCC(=O)NN=Cc2ccc(O)cc2)cc1,5.438721656799316,4.520121574401856,4.979421615600586
Cc1c(C)c2ccc(OCc3cccc(Cl)c3)cc2oc1=O,4.627585887908936,8.784088134765625,6.70583701133728
Cc1cncc2cccc(S(=O)(=O)N3CCCNCC3C)c12,5.112970352172852,4.955620288848877,5.034295320510864
CN(C)C(CNC(=O)c1cccc(C#N)c1)c1cccs1,5.382295608520508,5.008575439453125,5.195435523986816
CC(C)NC(=O)c1cn(CC2CC2)c2ccccc12,5.955403327941895,3.9695615768432617,4.962482452392578
COc1ccc(S(=O)(=O)N2CCC(C(=O)NCc3ccccc3C(F)(F)F)CC2)cc1,6.047828674316406,5.330165386199951,5.688997030258179
CN1CCN(Cc2ccc(-c3cc4cc(=O)n(C)c(=O)n4C)cc3)cc2)CC1,,,
CSc1cccc2c1nc(COc1ccc(Cl)cc1)n2CCCC1CCCN(C)C1,6.096938610076904,4.881684303283691,5.489311456680298
Cc1cccc(C)c1NC(=O)c1cc2c(nc1O)CCCC2,6.22936487197876,4.873140335083008,5.551252603530884
Cc1ccccc1C=CC=CC(=O)O,2.9307243824005127,6.506559371948242,4.718641877174377
N#Cc1ccc(CN2CCC(C(=O)N(CC(=O)N3CCCC3)c3cccn3Cc3ccccc3)CC2)cc1,6.162862300872803,3.9232568740844727,5.043059587478638
CCCCCCCN(CCCCCC)CCCCCNCCCCCCCCN(CC)Cc1ccccc1OC,6.242839813232422,4.357275009155273,5.300057411193848
Nc1ccc2c(c1)c(C1(O)CCCCC1)cn2C1CCCC1,5.4119977951049805,5.174893856048584,5.293445825576782
Cc1ccc(-c2cnc(C(=O)NC3CCCC3)o2)cc1,5.2250566482543945,5.610835552215576,5.417946100234985
CCCCCCN(CCCCCC)CCCCCCC,4.676230430603027,4.989351272583008,4.832790851593018
O=C1CC(c2ccc(O)c(O)c2)Oc2c1ccc1c2O,,,
O=C(Nc1ccccc1Br)c1ccc2c(c1)OCO2,5.70375394821167,5.034350872039795,5.369052410125732
O=c1c2ccccc2nnn1CCCOc1ccc(Cl)cc1,5.69452428817749,6.1110029220581055,5.902763605117798
C#CCN(C)C(C)Cc1ccc(OCCCCCCCNc2c3c(nc4ccccc24)CCCC3)cc1,5.892542362213135,5.867742538452148,5.880142450332642
NC(=O)Nc1ccc(C=Cc2ccc(Cl)cc2)cc1,4.0543718338012695,6.475643157958984,5.265007495880127
O=C(Nc1ccc(F)cc1)c1ccc(F)cc1,4.555260181427002,6.654258728027344,5.604759454727173
O=C(Cc1ccccc1)Nc1ccc2c(c1)OCCO2,5.388676643371582,4.691801071166992,5.040238857269287
O=C1CCc2cc(OCc3ccccc3)cc(Cl)c2N1,4.595742702484131,6.740638732910156,5.6681907176971436
O=C1CCc2cc(OCCCCCCNc3c4c(nc5ccccc35)CCCC4)ccc2N1,7.614392280578613,5.364870548248291,6.489631414413452
CC(C)N(C(=O)COc1ccccc1C(=O)O)c1cccc(CN2CCCC2=O)c1,6.267105579376221,5.119985580444336,5.693545579910278
CC(=NNc1nc2ccccc2o1)c1cccc2ccccc12,5.63738489151001,4.564534664154053,5.100959777832031
CCCC(=O)Nc1cc(-c2cccc(NC(=O)CCN(C)C)c2)nc(-n2ccnc2)n1,5.507377624511719,5.50117826461792,5.504277944564819
CCOC(=O)c1[nH]c2ccc(F)cc2c1NC(=O)OCC,5.782345771789551,4.905344009399414,5.343844890594482
O=C1CC(c2ccccc2)SC(c2cccnc2)=N1,5.972026348114014,6.199509620666504,6.085767984390259
COc1ccc(CN(C)C)cc1-c1nc(N(C)C)c2ccccn2n1,,,
CCCN1CCc2cc(Br)cc3c2C1Cc1ccc(O)c(O)c1-3,5.820469379425049,5.862966537475586,5.841717958450317
Oc1oc2ccccc2c2nc(-c3ccccc3)nc1-2,5.259089469909668,3.719054698944092,4.48907208442688
O=c1cc(-c2ccccc2)oc2ccc(Oc3c([N+](=O)[O-])cc([N+](=O)[O-])cc3[N+](=O)[O-])cc12,6.211363792419434,4.952818870544434,5.582091331481934
CC(=NNC(=O)c1nnn(-c2nonc2N)c1-c1ccccc1)c1ccco1,5.110169887542725,3.704895496368408,4.407532691955566
Cc1ccc(C(=O)NCCCOc2cccc(Cl)c2Cl)cc1,5.247387409210205,5.197268486022949,5.222327947616577
O=c1[nH]c(=O)n(C2OC(CO)C(O)C2O)cc1F,5.216049671173096,4.44793176651001,4.831990718841553
CC(=O)OC1CC2CCCCC2C1=CC1CCCCC1,3.845612049102783,5.143774032592773,4.494693040847778
c1ccc(Cn2cc(-c3ccc4[nH]cnc4c3)nn2)cc1,5.255621910095215,4.150966167449951,4.703294038772583
COc1ccc(-c2cc3nc(-c4ccccc4)cc(O)n3n2)cc1,4.985270023345947,4.359351634979248,4.672310829162598
COc1ccc2nc(C)cc(C(=O)c3ccccc3)c2c1,4.954912185668945,4.395187854766846,4.6750500202178955
CC(=O)Nc1ccc2c(c1)NC(=O)C2=C(Nc1ccc(CCN(C)C)cc1)c1ccccc1,5.363343715667725,4.376885890960693,4.870114803314209
Cc1ccccc1C(=O)Nc1nc(-c2ccccn2)cs1,5.614416122436523,5.265173435211182,5.4397947788238525
CNC(=O)C(=O)C=Cc1cnc(N)c2c(-c3cc(F)c4[nH]c(C)cc4c3)csc12,7.121968746185303,4.936627388000488,6.0292980670928955
O=C(C=Cc1ccccc1)NCc1cccc(N2CCCC2=O)c1,4.630074501037598,5.835869312286377,5.232971906661987
CCC1CCCN1CC(=O)Nc1ccc(OC)cc1OC,5.436562061309815,4.095364570617676,4.765963315963745
CN1CCC(CNC(=O)c2cc(Cl)cc3c2OCC3)CC1,7.0605058670043945,4.087021827697754,5.573763847351074
CC(=O)OC1CCC2(C)C(=CCC3C2CCC2(C)C(C(C)=O)CCC32)C1,4.29046106338501,6.685239315032959,5.487850189208984
CC(=NNC(=O)c1cc(Cl)cc(Cl)c1)c1ccccn1,5.399839878082275,4.974239826202393,5.187039852142334
Oc1ccc(COc2ccc(C3=NCCN3)cc2)c(O)c1,5.196811199188232,5.145187377929688,5.17099928855896
C#CCn1c(CCCOC)nc2ccccc21,4.108054161071777,5.44770622253418,4.7778801918029785
O=C(CCCCCN1CCC(O)(c2ccc(Cl)cc2)CC1)c1ccccc1F,5.417078971862793,4.769891262054443,5.093485116958618
Cc1ccc(-c2cc(Nc3ccc4c(c3)OCO4)ncn2)cc1,5.056695938110352,5.3580827713012695,5.2073893547058105
O=C(O)c1cccc(Nc2ncc3c(n2)-c2ccc(Cl)cc2C(c2c(F)cccc2F)=NC3)c1,6.252591609954834,5.663784980773926,5.95818829536438
O=C(C=Cc1ccccc1Cl)Oc1cc(CO)cc(O)c1,4.534542560577393,5.785475254058838,5.160008907318115
Cc1ccc(Nc2cc(C)nc3ccccc23)cc1,5.083319664001465,4.30265474319458,4.6929872035980225
CCCOc1cccc2c1C(=O)N1CCN(c3cccc(Cl)c3)CC1C2=O,5.786155223846436,6.014991283416748,5.900573253631592
CSc1sc(C(=O)c2ccccc2)cc1C#N,5.916901588439941,5.571449279785156,5.744175434112549
COc1ccc(OC)c(-c2cc3cc(OC)ccc3oc2=O)c1,5.706168174743652,6.100656509399414,5.903412342071533
FC(F)(F)c1ccc(-c2cnn3c(OCC4CCN(Cc5ccccc5)CC4)ccnc23)cc1,5.943869113922119,5.66219425201416,5.80303168296814
CSc1ccc2c(c1)N(CCC1CCCCN1C)c1ccccc1S2,5.175004959106445,4.720846652984619,4.947925806045532
CNC(C)CCOC(=O)COc1ccc2c(c1)oc1ccccc12,4.976871490478516,5.772839546203613,5.3748555183410645
Cc1ccc2[nH]c3c(c2c1)CCNC3=O,7.226171493530273,6.3492631912231445,6.787717342376709
COc1cccc(C(=O)Nc2ccc(C=C3SC(=O)NC3=O)cc2)c1,5.800220489501953,5.270712375640869,5.535466432571411
CCCCOc1ccc(-c2nc3ccccc3o2)cc1,4.5087432861328125,6.034329414367676,5.271536350250244
COC(=O)C1CCN(CCCCC(=O)c2ccc(OC)cc2OC)CC1,6.220090389251709,4.1304931640625,5.1752917766571045
N#CCCn1nnc(-c2cc(OCc3ccccc3)c3ccccc3c2)n1,5.66959285736084,6.325428485870361,5.997510671615601
O=C(Cc1ccc(F)c(F)c1)Nc1nnc(-c2ccsc2)o1,5.755081653594971,6.329788684844971,6.042435169219971
Fc1ccc(-c2nn(-c3ccc(F)cc3)c3c2CCCC3)cc1,6.347136974334717,6.076533317565918,6.211835145950317
O=c1c2ccccc2c(Cc2ccc(Cl)cc2)nn1Cc1ccco1,5.528670310974121,4.311124324798584,4.9198973178863525
COc1ccc(C(=O)NCC(=O)NCc2ccco2)cc1,4.727497577667236,4.542117595672607,4.634807586669922
COc1ccc2[nH]c3c(c2c1)CN(CCCCN)C3=O,5.340982437133789,5.115019798278809,5.228001117706299
Cn1cc(-c2ccc(S(=O)(=O)N3CCCCC3)cc2)cn1,4.775859355926514,5.35780668258667,5.066833019256592
O=C(C=Cc1cccc([N+](=O)[O-])c1)NCCc1ccccc1,4.516955852508545,5.337734699249268,4.927345275878906
O=C1C(=Cc2cccc3cccc([N+](=O)[O-])c23)CCC1=O,4.615756988525391,7.1112494468688965,5.8635032176971436
CC1=CC(C)(C)Nc2cc3c(cc21)-c1ccccc1C3=O,5.426121234893799,6.829689979553223,6.127905607223511
O=C1C(O)=C(COCC2CC2)C=C1C1C(=O)Nc2cc(F)ccc21,5.816467761993408,6.69911527633667,6.257791519165039
COC(=O)Cn1c(=O)c2c(ncn2C)n(C)c1=O,4.434480667114258,3.7344655990600586,4.084473133087158
COc1cccc(CSc2nc3ccccc3n2Cc2ccc(F)cc2)c1,5.553389072418213,5.071958541870117,5.312673807144165
O=C(Cc1ccc(Cl)c(Cl)c1)N1N=C(c2ccccn2)CC1c1cccc(O)c1O,6.858898162841797,5.195680618286133,6.027289390563965
O=[N+]([O-])c1ccc([C@H](O)CC=Cc2ccccc2)cc1,4.379467010498047,4.90058183670044,4.640024423599243
CCCCCOc1ccc(-c2nc3ccccc3c(=O)o2)cc1,4.720974922180176,6.757402420043945,5.7391886711120605
CCCN(CCC)c1cc(C=Cc2ccc3ccccc3[n+]2C)c2ccccc2c1,5.22260332107544,5.101698398590088,5.162150859832764
CC(=O)c1ccc(-c2ccc(C3=NCCN3)o2)cc1,6.11902379989624,5.268614768981934,5.693819284439087
CC=CC=CC(=O)Nc1cc2c(Nc3ccc(F)c(Cl)c3)ncnc2cc1OC,4.988667011260986,5.087903022766113,5.03828501701355
Cc1csc(NC(=O)c2oc3ccccc3c2C)n1,6.685864448547363,5.286506652832031,5.986185550689697
COc1cc(C=C2SC(=S)N(c3ccccc3)C2=O)ccc1O,6.423884868621826,4.502425670623779,5.463155269622803
Cc1ccc2nc(-c3cccc(OCCCCCNCc4cccnc4)c3)sc2c1,5.052097320556641,5.468999862670898,5.2605485916137695
O=C(CCc1nc(-c2ccc(F)cc2)no1)Nc1ccccc1,6.310600757598877,6.542915344238281,6.426758050918579
C=C1C=CN(CCCNc2nc(-c3ccc(F)cc3)cs2)C(=O)C1,5.58263635635376,6.174468994140625,5.878552675247192
COc1ccccc1CNc1nc(-c2ccc(C#N)cc2)nc2ccccc12,4.964576721191406,4.775163650512695,4.869870185852051
Cc1ccc(CSc2ccc(C#N)cc2F)cc1,4.146974086761475,6.70580005645752,5.426387071609497
Nc1c(-c2ccc(Cl)cc2)cnn1-c1ccccc1,5.505709171295166,4.068682193756104,4.787195682525635
CCc1ccc(S(=O)(=O)NC2c3cc(NC(=O)C4CCCN4C(=O)C(C)C)ccc3CC2O)cc1,5.8841328620910645,4.48190975189209,5.183021306991577
Cc1cccc(NC(=O)N2CCCC2C(=O)NCc2ccc3c(c2)OCO3)c1,5.731664180755615,4.312169075012207,5.021916627883911
CC(=O)N(C=C1C=S(O)(O)=CC1)c1ccccc1,5.7215495109558105,4.349053382873535,5.035301446914673
Nc1nc2ccc(Cl)cc2c(=O)o1,5.273448467254639,4.9279303550720215,5.10068941116333
CC(C)C1=[N+]([O-])C(=O)N(CC(=O)Nc2ccc3c(c2)OCCO3)N1,6.1248459815979,4.373203754425049,5.249024868011475
CNC(=O)c1cc(Oc2ccc(NC(=O)Nc3ccccc3)cc2)ccn1,7.393134593963623,5.256701946258545,6.324918270111084
N#Cc1ccnc2ccc(OCCCCN3CCN(c4cccc(Cl)c4)CC3)cc12,5.400495529174805,5.786367893218994,5.593431711196899
COc1cccc(C2Oc3ccc(O)cc3-c3ccccc32)c1,5.189156532287598,5.824743747711182,5.50695013999939
O=C1C(=O)C(NCCCCNc2c3c(nc4ccccc24)CCCC3)C1=Nc1ccccc1,6.538679122924805,4.853227615356445,5.695953369140625
CC(=O)OC1CCC2C3CC=C4CC(=O)CCC4(C)C3CCC12C,4.072768688201904,7.2849626541137695,5.678865671157837
CC1=C(C)C(=O)C(=Cc2ccc(N(C)C)cc2)C(=O)C1=O,4.927465915679932,6.859811782836914,5.893638849258423
CC(=NNc1nc2ccccc2s1)c1ccccn1,4.715663433074951,4.889220714569092,4.8024420738220215
O=[N+]([O-])c1ccc2c(c1)S(=O)(=O)N=C2NCc1ccccc1,6.209017276763916,4.277142524719238,5.243079900741577
O=C(NCCN1CCOCC1)c1ccc(Cn2c(=O)[nH]c3cc(Cl)ccc3c2=O)cc1,6.755013942718506,5.029328346252441,5.892171144485474
Cn1c(=O)c2c(nc(NC=Cc3ccccc3)n2C)n(C)c1=O,5.543865203857422,4.343820571899414,4.943842887878418
Cc1c(C)c2ccc(OCC(=O)NCN)cc2oc1=O,5.430967330932617,6.425424575805664,5.928195953369141
Cc1ccc(OCCCCCNc2c3c(nc4ccccc24)CCCC3)cc1,6.852848529815674,4.780214309692383,5.816531419754028
CNC(=O)c1nc(-c2ccc(Cl)c(S(=O)(=O)Nc3cccc(Cl)c3)c2)cnc1N,6.675015926361084,4.721295356750488,5.698155641555786
COc1ccc(NN=Cc2c(C)[nH]c3ccccc23)cc1,5.13129186630249,4.958475112915039,5.044883489608765
Cc1ccc(S(=O)(=O)NC2=CC=C(c3ccccc3)OC=C2)cc1,4.938008785247803,4.306525230407715,4.622267007827759
CC=C1C=C2CC(=O)C3(O)C(O)C(CO)C2C1,,,
CC(C)CNCC(O)COc1ccc(Cc2ccccc2)cc1,5.19144344329834,3.066786050796509,4.129114747047424
COc1ccc(C(=O)Nc2ccc(S(=O)(=O)N3CCCC3)cc2)cc1OC,6.158199787139893,4.860890865325928,5.50954532623291
CC(=O)N1CCN(C(=O)Cc2coc3cc(C)ccc23)CC1,5.720019340515137,4.6794114112854,5.1997153759002686
Cc1ccc(N2C(=O)C(c3ccc4c(c3)OCO4)=NC2=S)cc1,5.979375839233398,4.6276397705078125,5.3035078048706055
COc1cccc(C=CC(=O)Nc2cccc(C3CC3)c2)c1OC,5.480972290039063,4.746118545532227,5.1135454177856445
Cn1c2c(c3ccc(C=C4CC(=O)Oc5ccccc54)cc31)C1CCC2O1,5.856119632720947,6.281029224395752,6.06857442855835
CCCCCCCCCCCCCC(=O)OCC(=O)Nc1c(OC)cccc1Oc1ccc(C)cc1,5.353826999664307,5.556272029876709,5.455049514770508
CNC(=O)c1cccc(Oc2cccc(OC(=O)N(C)C)c2)c1,8.744538307189941,5.053088188171387,6.898813247680664
Fc1ccc(-c2nc3cnccn3c2-c2ccnc(NCC3CC3)n2)cc1,6.186202049255371,5.99031400680542,6.0882580280303955
COc1ccc(CC(=O)NC2CCCC(CCC(=O)N3CCCC3)C2)cc1F,5.690123558044434,3.931143760681152,4.810633659362793
O=C(O)c1ccccc1Nc1ccnc(Nc2ccc3cn[nH]c3c2)n1,6.095481395721436,4.966434955596924,5.53095817565918
O=C(NN=Cc1ccc(O)cc1O)Nc1cccc2nsnc12,5.133495330810547,3.733660697937012,4.433578014373779
COc1ccc(Cl)cc1NC(=O)CN1C(=O)C(C2CCCCC2)SC1=Nc1ccccc1,6.310177326202393,5.09664249420166,5.703409910202026
COc1cc2c(-c3ccc(CC4CCN(Cc5ccccc5)CC4)cc3)noc2cc1OC,6.342008113861084,4.4350786209106445,5.388543367385864
CCCCOc1ccc(C(=O)NN2c3ccccc3CC2C)cc1,5.704918384552002,4.917318820953369,5.3111186027526855
CC(=O)c1cccc(NC(=O)Oc2cccc([N+](=O)[O-])c2)c1,6.702690124511719,4.654313564300537,5.678501844406128
C=CCN1CCC2(C)c3cc(O)ccc3CC1C2C,5.828747749328613,5.853732585906982,5.841240167617798
CC(=O)N1CCN(c2ccc(OC(F)(F)F)cc2[N+](=O)[O-])CC1,4.945399284362793,5.665843486785889,5.305621385574341
CN(C)c1ccc(C2CC2c2ccc(CN3CCCC3)o2)cc1,5.350736618041992,5.325347423553467,5.3380420207977295
O=C(NCCCN1CCCC1=O)c1ccc(CSc2ccccc2)o1,6.915745735168457,5.312350273132324,6.114048004150391
CS(=O)(=O)c1ccc2c(c1)C(=O)N(CCC1CCN(C(=O)OC(C)(C)C)CC1)C2=O,6.527838230133057,4.441487312316895,5.484662771224976
COc1ccccc1N1CCN(CCCCCn2c(=O)[nH]c3c(sc4ccc(N(C)C(=O)Cc5ccccc5)cc43)c2=O)CC1,6.563261985778809,4.793348789215088,5.678305387496948
O=C1NC(=O)C(=Cc2ccc(OCCCN3CCCC3)cc2)S1,5.834018707275391,5.835660934448242,5.834839820861816
C=CCN1CCC2(C)c3cc(O)ccc3CC1C2C,5.828747749328613,5.85373592376709,5.841241836547852
CC1=NOC(=O)C1=Cc1ccc(-c2ccc(Cl)c(Cl)c2)o1,4.944194316864014,7.044881820678711,5.994538068771362
O=C(CC1CC1)N1CCCC1c1nnc2n1CCCC2,5.392531394958496,5.504030704498291,5.4482810497283936
O=C1CCCc2cc(OC(=O)N3CCCC3)ccc21,5.446053504943848,4.666473388671875,5.056263446807861
Nc1nccc2cc(OC3CC3)ccc12,6.051228046417236,4.706593990325928,5.378911018371582
CN1CCN(CC(=O)Nc2nnc(Cc3ccc(Cl)cc3)s2)CC1,5.015835762023926,4.739192485809326,4.877514123916626
CN(C)CC=CC(=O)Nc1cc2c(Nc3ccc(F)c(Cl)c3)ncnc2cc1OC1CCOC1,4.958622932434082,4.987277030944824,4.972949981689453
C[n+]1cc(C=Cc2cc(C(=N)N)ccc2O)sc2ccccc21,,,
CCOC(=O)C1=CN(CC2CCCCC2)C=C(C(=O)OC)C1c1ccccc1Cl,3.478458404541016,4.304011344909668,3.891234874725342
Oc1ccc(C2CC(c3c4ccccc4cc4ccccc34)=NN2)c(O)c1,6.934060096740723,7.498713493347168,7.216386795043945
CC(C)(Oc1ccc(Cl)cc1Cl)C(=O)O,4.270359992980957,4.767535209655762,4.518947601318359
CC1CCC2C(C)C(O)CCC3(C)C(CCC4C3CCCCC34C)C2=O,,,
Nc1ccc(SC(F)(F)F)cc1C(=O)NCc1ccccc1,6.445807456970215,5.385329246520996,5.9155683517456055
Cc1ccc2cc(C(=O)NCc3ccccc3)c(=O)oc2c1C,6.482110500335693,5.478477954864502,5.980294227600098
CC(C)(CO)CNC(=O)c1nc2ccccc2c(=O)n1CCN1CCOCC1,5.3437700271606445,4.91535234451294,5.129561185836792
CN(C)c1cccc2c(S(=O)(=O)N(CCN)c3cncc(-c4ccc5c(c4)OCO5)c3)cccc12,5.749712467193604,4.842776298522949,5.296244382858276
CCCCCNC(=O)c1cc2cc(OC)ccc2oc1=O,6.577933311462402,5.534204959869385,6.0560691356658936
CCOCCOc1ccc2ccc(=O)oc2c1,4.8627095222473145,6.977462768554688,5.920086145401001
CC(=O)NC(C)C(=O)OCC(=O)OC(C)(C)C,2.595342874526977,3.582883358001709,3.0891131162643433
Cc1ccc(OCCCCCCOc2ccc(CC(=O)O)cc2)cc1,4.562073707580566,6.119684219360352,5.340878963470459
CN(C)C1CCN(c2ncccc2-c2ccc(C(F)(F)F)cc2)CC1,5.127071380615234,5.880017757415772,5.503544569015503
CC(=O)N1CCCCC1c1cc(CNc2cccc(Cl)c2)on1,5.353626251220703,5.104624271392822,5.229125261306763
O=C1CC(c2ccc(O)cc2)Oc2cc(O)cc(O)c21,4.782194137573242,5.029415130615234,4.905804634094238
O=C(CCc1cccc2ccccc12)c1ccccc1OCCOc1ccccc1,5.05869197845459,5.670624256134033,5.3646581172943115
Cc1ccc(S(=O)(=O)Nc2cccc(CO)c2)cc1,4.404627799987793,3.913604974746704,4.1591163873672485
CCCN1CCCC2(C)c3cc(OC(=O)Nc4ccc(OC)cc4)ccc3CCC12,5.726744651794434,4.810702323913574,5.268723487854004
CN1CCN(C2=Nc3cc(Cl)ccc3Oc3ccccc32)CC1,5.389611721038818,4.86815071105957,5.128881216049194
Cc1ccc(-n2c(=O)c3c(C)nn(-c4ccccc4Cl)c3n(C)c2=O)cc1,5.172140121459961,4.882204532623291,5.027172327041626
COc1ccc(CCN2CCC(Nc3nc4ccc(Cl)cc4s3)CC2)cc1,5.370043754577637,4.991365432739258,5.180704593658447
O=C(C#CCN1CCCC1)Oc1cccc(Br)c1,5.714078426361084,4.705709934234619,5.209894180297852
CC(=O)C1CCC2C3CC(O)C45CC6C(O)C(O)CCC6(C)C4CCC3(O)C12C,,,
CCc1cc2c(cc1C(F)(F)F)N(C(=O)Nc1ccc(OC)c(Cl)c1)CC2,5.524998188018799,5.579873561859131,5.552435874938965
Nc1c(-c2ccccc2F)c(=O)n(Cc2ccccc2)c2c1C(=O)CCC2,5.216238975524902,3.6451492309570312,4.430694103240967
Cc1ccc(C)c(N2CCN(C(=O)CCc3nc(-c4ccccc4)no3)CC2)c1,6.499198913574219,5.6146087646484375,6.056903839111328
CC1=CC(=C2C=CC(=[N+](C)C)C=C2)C=C(C)N1Cc1ccccc1C(F)(F)F,5.4759907722473145,5.857128143310547,5.666559457778931
CC(C)c1ccc(CC2=NC3CCCC3NC2=O)cc1,5.324861526489258,4.634546279907227,4.979703903198242
COc1cc2c(cc1OC)C(=O)C(Oc1ccc(C)cc1)C2,6.670110702514648,4.894330978393555,5.782220840454102
CC(=NNC(=O)c1ccccc1)c1ccccn1,5.190493106842041,4.497588157653809,4.844040632247925
c1ccc(CNc2cc3ccc(-c4ccccc4)cc3cn2)cc1,4.114270210266113,5.419734001159668,4.767002105712891
NC(=O)c1cc(-c2cccc(N)c2)cc2cccnc12,5.4753007888793945,5.794720649719238,5.635010719299316
COc1cc2c(cc1OC)C(=O)C(=Cc1ccc(OC)c(OC)c1)C2,6.13289213180542,4.901003360748291,5.5169477462768555
CC(=O)c1ccc(-c2ccncc2)cc1,4.768120765686035,6.058971405029297,5.413546085357666
COc1cc(Br)c2[nH]nc(-c3ccccc3O)c2c1,5.055163383483887,4.8733391761779785,4.964251279830933
Oc1cc2c(cc1Cl)=C(c1ccccc1)C(CO)N2,,,
O=C(Cc1cccs1)N1CCC(COc2cccc(Cl)c2Cl)(CCN2CCCCC2)CC1,5.845579147338867,4.899908542633057,5.372743844985962
COc1ccc(C=C2SC(=S)N(CCCC(=O)Nc3ccccc3)C2=O)cc1,5.867283344268799,5.238885879516602,5.5530846118927
COc1ccc(-c2sc3ncnc(N4CCN(C)CC4)c3c2N)cc1,4.503938674926758,4.468255043029785,4.4860968589782715
CCC1(CC)C(=O)N(c2ccccc2)C1=O,5.9317946434021,5.368110656738281,5.64995265007019
CN1CCN(c2nc(O)c3cc(-c4ccccc4)ccc3n2)CC1,5.0633158683776855,5.787897109985352,5.4256064891815186
Cc1cc(-c2cc(O)ccc2O)cc2c1OCC(=O)N2,5.226958751678467,5.149158954620361,5.188058853149414
CCOc1ccccc1C=C1SC(=S)N(NC(C)=O)C1=O,5.787392139434815,4.624935626983643,5.2061638832092285
O=C(Cc1ccc(O)cc1)NC1CCCCC1,4.923024654388428,3.4664106369018555,4.194717645645142
COc1ccc(OCC(=O)N2CCC(CC(N)=O)CC2)cc1,4.705735206604004,5.073831081390381,4.889783143997192
CNC(=O)C=Cc1cnc(N)c2c(-c3ccc4c(c3)OCO4)csc12,6.441901206970215,4.705104351043701,5.573502779006958
O=C(c1nc2ccccc2s1)c1ccc(O)cc1O,5.592064380645752,4.087090969085693,4.839577674865723
O=C1NC2C(=O)N3C(CCC3C2c2ccccc2)S1,5.755706310272217,7.521432876586914,6.638569593429565
CC(C)(C)c1ccc(C(=O)C=Cc2ccc3ccccc3n2)cc1,4.489213466644287,4.212296485900879,4.350754976272583
Brc1cccc(C2=NCC(c3ccccc3)=N2)c1,5.581958770751953,5.477120876312256,5.5295398235321045
CN1C(=O)C(=O)c2cc(Br)ccc21,5.156800746917725,6.229444980621338,5.693122863769531
COc1nc(-c2ccccc2)cc(-c2ccc3c(c2)C(C)(C)OC3=O)n1,5.546807765960693,6.003508567810059,5.775158166885376
COc1cc(OC)c2c(=O)cc(-c3ccccc3)oc2c1,5.880367279052734,4.332305431365967,5.106336355209351
CC1=CCC2C1C(=O)OC1C2(C)C)OC(=O)C1(C)C,,,
Cc1cccc(C)c1C=Cc1cncc(C#N)c1,4.471634387969971,6.901397705078125,5.686516046524048
NS(=O)(=O)c1ccc(CCN=Cc2cccnc2)s1,5.097567558288574,5.890117168426514,5.493842363357544
CC1CN(CCCl)CCN1C(=O)C1CCC1CNC(=O)C(Cc1c[nH]c2ccccc12)NC(=O)OC(C)(C)C,4.847505569458008,3.3660693168640137,4.106787443161011
N#CC(CCCN1CCC(O)(c2ccc(Cl)cc2)CC1)(c1ccccc1)c1ccccc1,4.368954181671143,4.2113542556762695,4.290154218673706
CN1CCC(n2cnc(-c3ccc(F)cc3)c2-c2ccc(F)cc2)CC1,5.304070949554443,6.337378025054932,5.8207244873046875
O=c1c2cc(Cl)ccc2oc2nc3ccccc3nc12,4.79348087310791,3.538689374923706,4.166085124015808
Nc1ccc2oc(-c3ccc(OC4CCCCC4)cc3)nc2c1,5.8680949211120605,5.164398193359375,5.516246557235718
COc1ccccc1CNc1nnc(-c2ccc(C)c(C)c2)o1,5.672533512115479,5.409852504730225,5.541193008422852
CC1=CC2Cc3nc4cc(Cl)ccc4c(NCCCCCCCCNC(=O)c4cc(O)c5c(c4)C(=O)c4cccc(O)c4C5=O)c3C(C1)C2,8.499330520629883,5.600796222686768,7.050063371658325
COc1ccc2oc(=O)c(-c3csc(NC(=O)c4ccccc4Cl)n3)cc2c1,6.878134727478027,5.593777656555176,6.235956192016602
CCN(CC)CCOC(=O)C1(Cc2ccccc2)CCCCC1,5.713789939880371,4.053038597106934,4.883414268493652
COc1ccc2c(c1)c(CCN(C)C)cn2C,4.618643760681152,5.045616149902344,4.832129955291748
O=C(NCc1ccccc1)c1ccc(-c2cc(I)ccc2O)cc1,5.147606372833252,5.079202175140381,5.113404273986816
COc1ccc(-c2coc3cc(O)c(O)cc3c2=O)cc1,5.015040397644043,5.642320156097412,5.3286802768707275
N#Cc1ccc(-c2csc(NN=Cc3ccco3)n2)cc1,5.201283931732178,5.789810657501221,5.495547294616699
COc1cc2c(cc1OC)C(=O)C(Oc1ccc(C(C)=O)cc1)C2,7.102496147155762,4.803229808807373,5.952862977981567
C#CCNC(=O)c1c(N)n(Cc2cccc3ccccc23)c2nc3ccccc3nc12,5.011777400970459,3.8516883850097656,4.431732892990112
N#Cc1cccc(-c2nc3cnc(Nc4ccc(F)cc4)nc3n(C3CC3)c2=O)c1,6.120722770690918,5.932530403137207,6.0266265869140625
CCN(CC)C(=O)C(C)N1C(=O)C(Cc2[nH]nc3ccccc23)C(=O)N(c2ccccc2)c2ccccc21,6.452989101409912,4.31884241104126,5.385915756225586
NC(=O)c1ccc(Nc2ncnc3c2cnn3CC(Cl)c2ccccc2)cc1,5.70685625076294,4.9613237380981445,5.334089994430542
COc1cccc(-c2cncnc2NCCC(=O)N2CCCC2)c1,5.698333740234375,5.259424686431885,5.47887921333313
O=C(C=Cc1ccc(O)cc1)N1CCc2ccccc21,5.191347599029541,5.821098804473877,5.506223201751709
CN(C)CCCN1c2ccccc2CCc2ccc(Cl)cc21,4.9298295974731445,4.332180023193359,4.631004810333252
O=C(CCCCF)NCC1CCC2C(=O)N(c3cccc(Cl)c3)C(=O)CC2O1,5.3460001945495605,5.493844985961914,5.419922590255737
CC1=CC(C)=NNc2nc(-c3ccccc3)cs2)C1,,,
FC(F)(F)c1ccc(-c2nnc3ccc(NC4CC4)nn23)cc1,5.32392692565918,5.492726802825928,5.408326864242554
CN(C)c1cccc(CC2=c3ccccc3=NC2=O)c1,5.564137935638428,6.086353302001953,5.82524561882019
COc1cc2c(Oc3ccc4[nH]c(C)cc4c3F)ncnc2cc1OCCCN1CCCC1,5.98233699798584,5.816054344177246,5.899195671081543
S=C(NCc1ccc(Cl)cc1)N1CCc2[nH]c3ccccc3c2C1,5.741334438323975,4.396274566650391,5.068804502487183
CC(=O)NC(Cc1c[nH]c2ccccc12)C(=O)NCc1cccc(C)c1,4.391902446746826,3.939616680145264,4.165759563446045
O=C(C=Cc1ccc2c(c1)OCO2)NC1CCCCC1,3.9248201847076416,5.985183238983154,4.955001711845398
O=C(Cc1ccccc1)Nc1ccc2c(c1)CCC2,4.926183223724365,4.113676071166992,4.519929647445679
O=C1CCC=C2Oc3cc(C(F)(F)F)ccc3C(=O)C12,5.519974231719971,6.711987495422363,6.115980863571167
CCOC(=O)c1cnc2ccc(OC(=O)c3cccc(Cl)c3)cc2c1NC1CC1,5.469780445098877,4.997880935668945,5.233830690383911
CC1=NN(c2ccc(F)cc2)C(=O)C1=Cc1ccc2ccccc2n1,5.9693803787231445,5.467732906341553,5.718556642532349
Cc1ccc(C=C2CCCCC2=O)cn1,5.025712966918945,6.25167179107666,5.638692378997803
COc1ccc(-n2c(=O)c3ccc(C#N)cc3n(CC(C)C)c2=O)cc1,5.424666404724121,5.10759973526001,5.266133069992065
O=C(CSc1ncnc2nc[nH]c12)Nc1cccc(Br)c1,4.385550022125244,5.886612415313721,5.136081218719482
COc1ccc(C=Cc2sccc2C=CC(=O)NN=Cc2ccc(O)c(O)c2)cc1,5.097193717956543,5.5927252769470215,5.344959497451782
CC(Oc1cc(-c2cnc3ccc(CN4CCN(C)CC4)cn23)sc1C(N)=O)c1ccccc1Cl,5.802459716796875,4.790301322937012,5.296380519866943
COc1cc(OC)nc(NC2=NC(=O)C(CC(=O)N3CCOCC3)S2)n1,6.565844535827637,5.09104061126709,5.828442573547363
O=C1Cc2c([nH]c3ccc([N+](=O)[O-])cc23)-c2ccccc2N1,5.156867504119873,5.928645133972168,5.5427563190460205
Fc1ccc(-c2nc(-c3ccco3)no2)cc1F,5.298208713531494,6.859974384307861,6.079091548919678
COc1cc(C2c3cc4c(cc3C(O)C3COC(=O)C23)OCO4)cc(OC)c1OC,4.98301887512207,5.3690338134765625,5.176026344299316
CC(C)N(CCC(=O)c1ccc2ccccc2c1)Cc1ccccc1,5.623927116394043,4.434585094451904,5.029256105422974
O=C1N=c2ccc(Br)cc2=C1NNc1ccc(S(=O)(=O)Nc2ccccc2)cc1,5.912757873535156,4.515512466430664,5.21413516998291
COCCOCC#Cc1cc(-c2n[nH]c3c2C(=O)c2cc(CN4CCN(C)CC4)ccc2-3)cs1,5.321252346038818,5.436708450317383,5.378980398178101
COc1ccc(OC)c(C2CCN(CC3CC=C(C(=O)O)CC3)CC2)c1,4.50968074798584,3.778794765472412,4.144237756729126
Fc1ccc(-c2noc(C3CCOc4ccccc4O3)n2)cc1,5.878483772277832,6.242948532104492,6.060716152191162
COCCn1c(=O)c(-c2ccc(F)cc2F)nc2cnc(Oc3cccc(Cl)c3)nc21,5.904487609863281,6.399201393127441,6.151844501495361
Cc1ccc2nc(-c3ccccc3)cc(C(=O)NC3CCCN(Cc4ccccc4)C3=O)c2c1,5.520290374755859,4.329353332519531,4.924821853637695
COc1cc(C=O)c(Cl)cc1OCCCCCCCCCCCCCCC=Cc1c[nH]cn1,5.492293357849121,6.429906845092773,5.961100101470947
O=C(C=Cc1cccs1)NCC1COc2ccccc2O1,5.0936360359191895,5.642635345458984,5.368135690689087
O=C(CCc1ccc(O)cc1)Nc1cccc(O)c1,4.93649959564209,4.825262546539307,4.880881071090698
CC1=Nc2cc(C(=O)NCCCOCC3CCCO3)ccc2Sc2ccc(C)cc21,6.526752471923828,5.521430969238281,6.024091720581055
Nc1c(C#N)cc(-c2ccc(OCCCN3CCCC3)cc2)oc1=O,6.0333991050720215,5.181573390960693,5.607486248016357
NC(=O)C1=C(c2ccccc2)CCCN(C(=O)OCc2ccccc2)C1,5.394619464874268,5.236879825592041,5.315749645233154
FC(F)(F)Oc1cccc2c1CCC2=NNC1CCNCC1,5.344498157501221,5.400135040283203,5.372316598892212
Cc1cc(C)c2oc(Nc3ccc(-c4cccc(C(F)(F)F)c4)cc3)nc2c1,5.78534746170044,6.184832572937012,5.985090017318726
Cc1cccc(C)c1C(=O)N1CCC(N2CCN(Cc3ccc(F)cc3)C(CCO)C2)CC1,5.825064182281494,4.662670135498047,5.2438671588897705
CN(C)CC=C1OC2(CCCC2)CO1,4.765329837799072,4.128459453582764,4.446894645690918
O=c1ccoc2ccc(OCc3ccsc3)cc12,4.64495325088501,7.335691452026367,5.9903223514556885
CC(=O)NCCOc1ccc(C2CCCCC2)cc1,4.450282096862793,4.634151935577393,4.542217016220093
CC(=O)Nc1cccc(Cl)c1C(=O)OCC(=O)c1ccc2c(c1)CCC2,4.675783634185791,5.204406261444092,4.940094947814941
Cn1c(CCN2CCCCC2)nc2ccccc21,5.950148582458496,4.00508451461792,4.977616548538208
O=C1CC(c2ccc(F)cc2)c2cc3c(cc2N1)CCCO3,4.739329814910889,7.545323848724365,6.142326831817627
O=C(NC1(c2ccccc2)CC1)c1ccc([N+](=O)[O-])cc1,5.160564422607422,4.693513870239258,4.92703914642334
Oc1[nH]cc2ccc(OCCCCN3CCN(c4cccc5cccc(Cl)c45)CC3)c(F)c12,6.456539154052734,5.629074096679688,6.042806625366211
N#Cc1c(-c2ccc(C3CCCCC3)cc2)nc(-c2ccccc2)nc1O,5.4723005294799805,6.076687812805176,5.774494171142578
O=C(CCc1c[nH]c2ccccc12)NC1CCOc2ccccc21,4.603477954864502,5.625693321228027,5.114585638046265
CN1C(=CC=CC2=[N+](C)c3ccccc3C2(C)C)C(C)(C)c2ccccc21,6.302874565124512,5.811980724334717,6.057427644729614
CN(C)C(=O)C(=O)Nc1ccc(Cl)cc1,3.967607498168945,4.716380596160889,4.341994047164917
CCN1C(=O)C(C=Nc2ccc(I)cc2)SC1=C(C#N)C(=O)O,7.314207077026367,4.622006416320801,5.968106746673584
O=C(C=Cc1ccc2c(c1)OCCO2)N1CCC(c2c[nH]c3ccccc23)CC1,5.512341022491455,6.064721584320068,5.788531303405762
CN1CCN(CCOc2ccc3c(c2)Cc2c-3n[nH]c2-c2ccc(C(F)(F)F)cc2O)CC1,5.6601972579956055,5.551380157470703,5.605788707733154
Nc1c(C(=O)Nc2ccccn2)sc2nc3c(cc12)CCCCC3,5.958131790161133,4.256279468536377,5.107205629348755
C#CCN(C)Cc1cc2cc(OCCCC3CCN(Cc4ccccc4)CC3)ccc2n1C,6.455012321472168,5.637757778167725,6.046385049819946
Fc1ccc(-c2cc3c(ncn4cc(OCCC5CCCCC5)cnc34)o2)cc1,,,
CCCCCCCOc1ccc(N2C(=O)c3ccccc3C2=O)cc1,4.330408096313477,6.419926643371582,5.375167369842529
Cn1c2c3c(cccc31)C(=O)c1ccccc1-2,,,
CC(NC(=O)CCc1c[nH]c2ccccc12)c1ccc(Cl)cc1,4.305490493774414,5.198430061340332,4.751960277557373
CC(=O)Nc1ccc2c(c1)N(CCCN1CCCCC1)c1ccc(S(C)(=O)=O)cc1S2,6.074645042419434,4.942568302154541,5.508606672286987
CC1=CC23C(=O)C(=CC(CO)C(O)C2(O)C1OC(=O)CN(C)C)C1(CCC3C)C1C(C)C,,,
O=C(C=Cc1ccc(O)cc1)N1Cc2ccccc2CC1C(=O)NCC(=O)NCc1ccccc1,5.185802459716797,4.386137008666992,4.7859697341918945
COc1cc(-c2cccc3c2OCO3)cc(OC)c1OC,4.866048336029053,4.1779093742370605,4.521978855133057
Cc1ccc2c(c1)C(=O)C(c1ccccc1)C2,5.150751113891602,6.107159614562988,5.628955364227295
Cc1ccc(C(=O)SCCCCCC(=O)OCC(=O)NCc2ccco2)cc1[N+](=O)[O-],5.0445075035095215,6.048876762390137,5.546692132949829
O=[N+]([O-])c1ccc(C2=CCC(CCc3ccc(F)cc3)=NO2)o1,5.596299648284912,6.906097412109375,6.2511985301971436
CC(C)(C)c1ccc(-c2nc(Nc3ccc4[nH]c(O)nc4c3)c3ccccc3n2)cc1,5.299882411956787,4.982193470001221,5.141037940979004
CCc1nnc(NC(=O)CSc2nc3cc(Br)c[nH]c-3n2)s1,6.237783432006836,7.30567741394043,6.771730422973633
O=C1c2ccccc2-c2nc3nnnn3nc21,4.122465133666992,3.952200412750244,4.037332773208618
COc1cc2c(cc1OC)C(C)N(C(=O)c1cc3cc4c(cc3[nH]1)OCO4)CC2,6.315516471862793,4.938622951507568,5.627069711685181
CCCCCNc1c2c(nc3ccccc13)CCCC2,6.373700141906738,3.994794130325317,5.184247136116028
N=C(N)c1cccc(C(=O)NCCCCCC(N)=O)c1,6.082866191864014,5.985383987426758,6.034125089645386
COc1cc(C=C2COc3cc(OCCO)ccc3C2=O)cc(OC)c1O,5.575151920318604,5.695829391479492,5.635490655899048
O=C(c1ccc(Cl)c(Cl)c1)N1CCc2cc(O)cc(O)c2C1,5.394801616668701,5.3417510986328125,5.368276357650757
Cn1cc(Br)c(OCc2cccc(C(F)(F)F)c2)n1,4.743371486663818,7.044069290161133,5.893720388412476
CCN(CC1CC1)C(=O)Nc1ccc2c(c1)OCCO2,5.624096393585205,4.942545413970947,5.283320903778076
Nc1scc2cnc(C(=O)NC3CCCC3)c(O)c12,6.391369342803955,4.678558826446533,5.534964084625244
COC(=O)Nc1ccc2c(c1)N(Cc1ccc(Br)cc1)CCS2,4.464128017425537,4.7850494384765625,4.62458872795105
O=C(c1ccc(C=Cc2[nH]nc3ccccc23)cc1)N1CCNCC1,5.320178508758545,5.344418525695801,5.332298517227173
O=C1CCCN1Cc1ccc2c(c1)nc(O)c1cccn12,6.734155654907227,5.419107437133789,6.076631546020508
COc1ccc2c3c1OC1C(O)C=CC4C(C2)N(C)CCC341,6.107038974761963,7.186900615692139,6.646969795227051
O=C1NC(=O)C(=Cc2ccc(Oc3cc(Br)cc(Br)c3)cc2)S1,5.772385120391846,5.9348859786987305,5.853635549545288
O=C(C#Cc1ccccc1)c1ccccc1,4.179330825805664,5.585968017578125,4.8826494216918945
Cc1ccccc1NC(=O)c1ccc(-c2ccccc2)[nH]c1,,,
Cc1cccc2[nH]c(C(=O)O)c(NC3CC3c3ccccc3)c12,6.102812767028809,5.128936767578125,5.615874767303467
CN1C(=O)C(C=NCCOc2ccc(Cl)cc2)C(=O)N(C)C1=O,6.4443206787109375,6.415851593017578,6.430086135864258
CN1C2=NC(=C3CCCCC3)OC2CC1C#N,6.277228355407715,5.995877265930176,6.136552810668945
CC1(C)CC(=O)C=CC2(C)C(=CC(=O)Cc3ccccc3)C(=O)C2Cl,,,
NC(=O)c1cn(-c2ccc(O)cc2Cl)c2cc(-c3ccncc3)ccc2c1=O,5.971435546875,5.852020263671875,5.9117279052734375
CCCCCCOc1cccc(-c2cc3c([nH]2)C2C(C)(C)CCNC2C3)c1,5.021376609802246,5.710765361785889,5.366070985794067
COc1ccc2c(c1)C(=O)C(C(=O)NCCc1ccccc1)C2,6.347712993621826,4.834771156311035,5.591242074966431
CC1=CC2Cc3nc4cc(Cl)ccc4c(NCCCCCCCNC(=O)c4cc(O)c5c(c4)C(=O)c4cccc(O)c4C5=O)c3C(C1)C2,8.513570785522461,5.610512733459473,7.062041759490967
O=C(O)c1cccc(C2CCC(=C3NCCN3)O2)c1,4.42446231842041,5.219102382659912,4.821782350540161
O=C1NC(=S)N=C1Cc1cc2ccccc2[nH]1,5.559453010559082,4.934761047363281,5.247107028961182
CC#CC1(O)CCC2C3CC=C4CC(=O)CCC4=C3C(c3ccc(N(C)C(=O)CCCCCCCCCOc4cc(OC)cc(OC)c4)cc3)CC21C,5.822655200958252,6.920001983642578,6.371328592300415
Fc1ccc(-c2csc(N=Cc3cccnc3)n2)c(F)c1,5.174495697021484,7.487805843353271,6.331150770187378
COc1cc(C=NNC(=O)c2cc3ccccc3s2)ccc1O,5.794012546539307,4.692039489746094,5.2430260181427
CCSC(=S)N1N=C2C(C#Cc3ccccc3)=NC=C2CC1c1ccccc1,6.4615864753723145,4.795548915863037,5.628567695617676
Oc1nc2sc3c(c2c2nc(-c4ccccc4)nn12)CCCC3,4.897294521331787,4.959086418151856,4.928190469741821
Cc1c(C(=O)NCc2ccc(F)cc2)c2ccccc2n1C,5.77435302734375,5.281466007232666,5.527909517288208
CCN1CCN(CCCC(=O)Nc2n[nH]c3nnc(-c4cccc(F)c4F)cc23)CC1,5.795925140380859,5.014190196990967,5.405057668685913
c1ccc(-c2csc(Nc3nc(-c4ccncc4)cs3)n2)cc1,5.354177474975586,6.415318012237549,5.884747743606567
Cc1cccc(C(=O)Nc2nnc(-c3cc(F)cc(F)c3)s2)c1,6.020424842834473,6.762300968170166,6.391362905502319
CC(C)(C)c1ccc(C(=O)CCCN2CCC(OC(c3ccccc3)c3ccccc3)CC2)cc1,5.526637554168701,3.3880114555358887,4.457324504852295
CC1=Nc2cc(C(=O)NCCOC(C)C)ccc2Sc2ccc(C)cc21,6.008432865142822,5.0770182609558105,5.542725563049316
COc1cccc(CNC(=O)c2cc3c(-c4ccccc4)[nH]nc3s2)c1,5.915942668914795,4.537548542022705,5.22674560546875
CC(=O)c1ccc2c(c1)N(CC(=O)N1CCCC1)C(=O)CN2,5.934739589691162,4.8145623207092285,5.374650955200195
CC(C)c1ccccc1NC(=O)Nc1ccc(OS(=O)(=O)c2cccc3cccnc23)cc1,6.585319519042969,4.204279899597168,5.394799709320068
CCN(CC)CCCOc1ccc(C=CC(=O)c2ccccc2)cc1Br,5.212942600250244,5.065852165222168,5.139397382736206
Fc1ccc(-c2nc3occn3c2-c2ccnc(NC3CCNCC3)n2)cc1,5.4539008140563965,5.916522979736328,5.685211896896362
Nc1ncc(C2=CC3CCC=C3C(C#N)C2=N)c(N)n1,6.346206188201904,5.1938982009887695,5.770052194595337
CN1CCN(c2ccc(Nc3ncc(Cl)c(-c4cccc(Cl)c4)n3)cc2)CC1,5.472656726837158,5.7916579246521,5.632157325744629
O=C(O)C1CCCC1C(=O)N1CCc2ccccc2C1,4.656722068786621,4.291231632232666,4.4739768505096436
COc1cc2c(cc1OC)-c1n[nH]c(Nc3ccccc3F)c1C2,5.411177158355713,4.743584632873535,5.077380895614624
O=C(Nc1ccc(F)cc1)Oc1ccc2ccc(=O)oc2c1,6.193125247955322,5.866035461425781,6.029580354690552
O=c1cc(-c2cccc(Cl)c2)oc2c1ccc1ccccc12,4.461877822875977,5.539499282836914,5.000688552856445
Cc1ccc2c(c1)nc(-c1ccccc1)n2C,5.049313068389893,4.453804969787598,4.751559019088745
CC(=O)C1CCC2C3CC=C4CC(=O)CCC4(C)C3CCC12C,4.636145114898682,7.624482154846191,6.1303136348724365
CC(=O)c1cccc(-c2ccnc3c2CC(C(=O)NCc2ccco2)O3)c1,5.999328136444092,4.881441116333008,5.44038462638855
COc1cccc(C=CC(=O)NCCCCCCNc2c3c(nc4ccccc24)CCCC3)c1,6.899448394775391,4.893304347991943,5.896376371383667
CCCCCNc1nc2c(c(=O)n(C)c(=O)n2C)n1C,5.313423156738281,5.074934005737305,5.194178581237793
COc1cccc(-c2cc(=O)c3cc(OC)ccc3o2)c1,5.495630264282227,5.424463748931885,5.460047006607056
CNc1ccc(NC(=O)c2cc([N+](=O)[O-])cc([N+](=O)[O-])c2)cc1,6.04758882522583,4.5644402503967285,5.306014537811279
O=C(O)c1cc(-c2ccccc2)ccc1O,5.012433052062988,6.860800743103027,5.936616897583008
Cc1nc2ccc(C#CC3CC3)cc2o1,5.679300785064697,6.511059284210205,6.095180034637451
O=c1c(-c2ccc(F)cc2)coc2cc(O)ccc12,4.942257881164551,6.015377998352051,5.478817939758301
Cc1nc(-c2ccccc2)c(-c2ccc(OCCN3CCCCC3)cc2)o1,5.342437744140625,5.231554985046387,5.286996364593506
O=C(c1ccco1)N1CCC2(CC1)OCCN2c1ccccc1,5.602377414703369,5.141960144042969,5.372168779373169
CCOC(=O)c1[nH]c2cc(Br)ccc2c1N=C1C(=O)N(C)C(=O)C1N,6.571430683135986,4.320436000823975,5.4459333419799805
O=C1CCc2cc(-c3cn(Cc4ccoc4)nn3)ccc2N1,6.148600101470947,5.266294002532959,5.707447052001953
CN(C)c1ccc(C=C2SC(=O)N(CCCCCC(=O)O)C2=O)cc1,5.273625373840332,5.953262805938721,5.613444089889526
O=C1NCC2(CCCO2)c2[nH]c3c(c21)CCCC3,6.43589448928833,4.886770248413086,5.661332368850708
Cc1ccc2oc3c(O)nc4ccccc4c3c2c1,5.305062770843506,4.391871452331543,4.848467111587524
COc1ccc(C(=O)C=CC(=O)NN=Cc2cc([N+](=O)[O-])ccc2O)cc1,5.049761295318604,4.813997745513916,4.93187952041626
COc1cc(OC)c(S(=O)(=O)N2CCCCC2C)cc1Cl,6.511496543884277,5.078476428985596,5.7949864864349365
COc1cc2c(cc1OC)C(C)N(C(=O)Nc1ccc(C)c(C)c1)CC2,6.000126361846924,4.567107200622559,5.283616781234741
O=C(CCl)Nc1ccc2c(c1NC(=O)C1CC1)C(=O)c1ccccc1C2=O,5.893815040588379,5.503383636474609,5.698599338531494
CN1CC=CC(c2nsnc2OCCCCCCCCCOc2cccc(C(C)(C)C)c2)C1,5.1394524574279785,5.849423885345459,5.494438171386719
Cc1c(Cl)cccc1NC(=O)Nc1cccc(COC(=O)NCCCCCCC(=O)NCCN1CCOCC1)c1ccccc1O,,,
Cc1ccc(N=c2ssnc2Cl)c(C)c1,5.600411415100098,6.544279098510742,6.07234525680542
COc1cccc(C(C)NC(=O)c2cc(C)c(-c3ccc4[nH]cc(C)c4c3)s2)c1,6.274476051330566,4.885939121246338,5.580207586288452
CC(C)(C)c1ccc(S(=O)(=O)Oc2ccc(-c3cccc(Cl)c3)cc2)cc1,4.990432262420654,3.9262728691101074,4.458352565765381
CC(Oc1ccccc1Cl)C(=O)Nc1ccc2c(c1)OCO2,5.945586204528809,4.557681560516357,5.251633882522583
COc1cc(-c2cnc(N)c3c(-c4ccc(NC(=O)Nc5cccc(F)c5)cc4)csc23)cn1,,,
CN(c1cccc(Cl)c1)S(=O)(=O)c1cccc(C(=O)NCc2ccc(NS(C)(=O)=O)cc2)c1,5.887217044830322,3.709899425506592,4.798558235168457
CC1Cc2cc3c(cc2C1)OCO3,4.455568313598633,5.3398919105529785,4.897730112075806
Cn1c(=O)n(C)c2cc(S(=O)(=O)NC3CCCCC3)ccc21,5.4608988761901855,5.383155822753906,5.422027349472046
O=C1C(=Cc2ccccc2)CSC(=S)N1N=Cc1ccc(O)cc1O,6.509164333343506,4.931411266326904,5.720287799835205
CC(=O)OCCn1ncc2c3ccnc(O)c3c3cc(Cl)ccc3c21,5.620761394500732,5.643514156341553,5.632137775421143
COC(=O)C1C(C)=NC(=O)N(C=Cc2ccc(Cl)cc2)C1c1cccc([N+](=O)[O-])c1,5.959112167358398,5.822385787963867,5.890748977661133
Clc1ccc(CSC(Cn2ccnc2)c2ccc(Cl)cc2Cl)cc1,4.714906215667725,5.765896797180176,5.24040150642395
C#CCN(C)C(C)Cc1ccccc1,4.207381248474121,6.7008585929870605,5.454119920730591
O=C(Nc1ccccc1)OC1COC2C(OC(=O)c3ccc(F)cc3)COC12,4.0160017013549805,5.29899263381958,4.65749716758728
COc1ccc(-c2cc3cc4c(cc3o2)OCO4)cc1,5.084317207336426,5.568675518035889,5.326496362686157
O=C(c1cc2ccccc2oc1=O)N1CCCCC1,5.763251781463623,4.394118309020996,5.07868504524231
CC=C(C=C1CC(=O)Oc2cc(OCC(=O)O)ccc21)c1cccc(OC)c1,4.940062522888184,5.490762233734131,5.215412378311157
COc1ccc(CC(=O)c2sc(C)nc2C)cc1OC,5.841476917266846,5.817193984985352,5.829335451126099
Cc1cccc(OCC2CN3CCCC3CO2)c1,5.010743618011475,5.198653221130371,5.104698419570923
O=c1oc2ccccc2cc1-c1csc(-n2ccnc2)n1,5.718719005584717,5.686188220977783,5.70245361328125
N#Cc1ccc(C2=NN(c3cccc(C#Cc4ccccc4)c3)C(c3ccco3)C2)cc1,5.655594348907471,6.1827778816223145,5.919186115264893
CN(C)S(=O)(=O)c1ccc2oc(C(=O)NC3CC3)c(C#N)c2c1,6.897686004638672,4.700398921966553,5.799042463302612
O=c1ccoc2cc(OCCCCCCN3CCC(c4cccc(O)c4)CC3)ccc12,5.392899513244629,5.622035980224609,5.507467746734619
CC(=O)c1cccc(-c2ccnc3nc(-c4ccc(F)cc4)nn23)c1,5.783285617828369,6.139734745025635,5.961510181427002
Cc1ccc(-c2cc(CCCCCCCCNc3c4c(nc5ccccc35)CCCC4)on2)cc1,7.792243957519531,4.779780864715576,6.286012411117554
CC1=CC(C)(C)Nc2ccc3c(c21)COc1c(F)cccc1-3,5.262222766876221,6.476423263549805,5.869323015213013
CNC(=O)C=Cc1cnc(N)c2c(-c3ccc4c(c3)OCO4)csc12,6.441901206970215,4.705104351043701,5.573502779006958
Cc1ccc(C#CCN2CCC(C(=O)c3ccc(F)cc3)CC2)cc1,5.084518432617188,5.396795749664307,5.240657091140747
Cc1nc(-c2ccco2)c(-c2ccc(C#N)cc2)o1,4.873437881469727,5.775810718536377,5.324624300003052
CCN(CC)CCNC(=O)C=Cc1cnc(N)c2c(-c3ccc(NC(=O)Nc4cccc(C)c4)cc3)csc12,5.989378929138184,5.202291011810303,5.595834970474243
CNc1c2c(nc3oc(C)cc13)-c1ccccc1C2=O,6.351253509521484,4.3201003074646,5.335676908493042
O=C1NC(=O)C(=CC=Cc2ccc(-c3cccc(Cl)c3)o2)S1,5.557567119598389,6.006259918212891,5.78191351890564
O=C(NC1CCC2(O)C3Cc4ccc(O)c5c4C2(CCN3CC2CC2)C1O5)c1cc2ccccc2o1,7.092254638671875,6.136166572570801,6.614210605621338
O=C(CCc1cccc(Cl)c1)N1OCC(CO)C1O,5.339744567871094,5.519599437713623,5.429672002792358
N#Cc1ccc(OC(=O)NCCCCCNc2c3c(nc4ccccc24)CCCC3)cc1,7.751598358154297,4.827546119689941,6.289572238922119
COc1ccc2nc(-c3cccc(CN4CCN(C)CC4)c3)sc2c1,4.798353672027588,4.664689540863037,4.7315216064453125
O=C1Cc2ccccc2N1CC=CN1CCC(n2c(=O)oc3ccccc32)CC1,5.122418403625488,5.362665176391602,5.242541790008545
CC#CCN(C)Cc1cc2cc(OCCC3CCN(Cc4ccccc4)CC3)ccc2n1C,6.563601493835449,5.251651287078857,5.907626390457153
COc1cccc(C=C(C#N)C#N)c1,4.660058498382568,6.5842061042785645,5.622132301330566
CC1=CC(C)(C)Nc2cc3oc4c(c3cc21)CCCC4,6.399977207183838,5.81413459777832,6.107055902481079
CC1CCCN(CCCOc2ccc(C3=NN(CCCCCCCNC4CC5CC5(CC4)OC(CO)C5)C(=O)O3)cc2)C1,,,
O=C(O)C=Cc1cc(Br)c(Br)c(Br)c1Br,2.622922897338867,3.106647491455078,2.8647851943969727
O=C1COc2ccc(OCCCCN3CCCCC3)cc2N1,5.9160261154174805,5.609376430511475,5.7627012729644775
Oc1nc2ccccc2n1C1CCN(CCC2CCc3cc(Cl)ccc3O2)CC1,6.139670848846436,5.375273704528809,5.757472276687622
C=CCN(CC=C)Cc1coc2cc3occc3cc12,5.635719299316406,5.0863447189331055,5.361032009124756
O=C1c2ccccc2-[n+]2ccc3c([nH]c4ccccc43)c21,4.619190692901611,5.365114688873291,4.992152690887451
CC(=O)OC1CCC2C3C=CC4CC(=O)CCC4(C)C3CCC12C,3.637418031692505,7.457938194274902,5.547678112983704
COc1ccc(CNC(=O)CSc2nnc(-c3ccoc3C)n2C)cc1,5.797983169555664,5.8170013427734375,5.807492256164551
NC(=O)c1oc2ccccc2c1N=Cc1cccc(O)c1,6.127829551696777,4.954168796539307,5.540999174118042
CC1=CC2Cc3nc4cc(Cl)ccc4c(NCCCCCCCCNc4c5c(nc6ccccc46)CCCC5)c3C(C1)C2,8.773943901062012,4.466516971588135,6.620230436325073
COc1cc2c(C(=O)O)c(O)n(CCc3ccccc3)c2cc1Cl,5.708173751831055,6.038564205169678,5.873368978500366
COC(=O)c1cc2ccc(OC)cc2oc1=O,5.487058162689209,5.161836624145508,5.324447393417358
COC(=O)CCCCCOc1ccc2[nH]c3nc(O)nc-3cc2c1,5.053612232208252,6.642857074737549,5.8482346534729
CC(C)(O)C1CCC(N(C(=O)c2cc(Cl)c(O)c(Cl)c2)C2CCc3cc(C(F)(F)F)ccc3C2)CC1,4.846404075622559,5.378313064575195,5.112358570098877
Brc1ccc2c(c1)-c1[nH]ncc1C2,5.452375888824463,6.772104263305664,6.1122400760650635
CC1=NC(=O)CC(c2ccc(F)c(F)c2)C1C(=O)NCc1ccc(C(F)(F)F)cc1,5.200585842132568,6.881086349487305,6.0408360958099365
O=C1Nc2ccccc2C1=Cc1ccc[nH]1,4.685446262359619,6.222888469696045,5.454167366027832
Cc1c(C)c2ccc(OCc3c(Cl)ccc(S(=O)(=O)N4CCOCC4)c3Cl)cc2oc1=O,6.138930320739746,6.452946662902832,6.295938491821289
COc1cc(C(=O)Nc2ccc(N3CCCC3=O)cc2)ccc1OC(C)=O,6.474644660949707,5.311554431915283,5.893099546432495
Cc1ccc2c(c1)nc(O)c1nn(CCc3c[nH]c4ccccc34)cc12,6.120497226715088,5.45060920715332,5.785553216934204
Cc1ccccc1CSc1nc2cc([N+](=O)[O-])ccc2n1C,5.726097583770752,6.275609016418457,6.0008533000946045
CCc1nc2cccnc2n1-c1ccc([N+](=O)[O-])cc1,5.006433963775635,5.149953842163086,5.07819390296936
COC(=O)C1CCN(C(=O)COc2ccc(C=C3SC(=N)N(Cc4ccc(OC)cc4)C3=O)cc2)CC1,5.778778076171875,5.092478275299072,5.435628175735474
COc1ccc(C(=O)C=Cc2ccc([N+](=O)[O-])o2)cc1,5.808439254760742,5.076884269714356,5.442661762237549
COC(=O)NC(Cc1ccccc1)C(=O)NCCCCCCOc1cccc(-c2noc(C)n2)c1,5.573843002319336,5.479450225830078,5.526646614074707
O=C(CN1CCC(COc2ccc(Cl)cc2)CC1)N1CCCCCC1,5.43688440322876,4.535658836364746,4.986271619796753
CN1CCC(Oc2ccc(-c3nc4cccc(C(=O)Nc5ccccc5)c4o3)cc2)CC1,6.06241512298584,5.216724395751953,5.6395697593688965
O=C1C=CC(=NC2CCCCC2)CO1,3.8831052780151367,6.056515216827393,4.969810247421265
CC(=O)c1ccc(N=Cc2c(O)[nH]c3cccc(O)c23)cc1,5.805263519287109,5.804439067840576,5.804851293563843
COc1c(C(=O)OCC2CCCCN2C)cc(Br)c2cccnc12,5.034845352172852,4.604851722717285,4.819848537445068
COc1cc2c(cc1OC)C1=NOC(c3ccccc3)C1C2,7.015297889709473,5.902088642120361,6.458693265914917
NC(=O)CSc1nc2cc(Cl)ccc2c(=O)n1CCc1ccccc1,5.732364654541016,6.190825462341309,5.961595058441162
c1ccc2[nH]c(OC3CCCCC3)c(C4CCCCC4)c2c1,5.175145626068115,5.088849067687988,5.131997346878052
CCCCCCCOC(=O)Cc1c(C)nc2nc3ccccc3nc12,,,
CC1Oc2ccc(F)cc2N(CCC#N)C1=O,7.503880500793457,4.894390106201172,6.1991353034973145
CC(=O)NC1=NN(c2ccccc2)C(=O)C1=Cc1cccnc1,4.582665920257568,4.352832317352295,4.467749118804932
CN(C)C1CCc2c(c3ccccc3n2S(=O)(=O)c2ccc(F)cc2)C1,5.3772149085998535,4.758787155151367,5.06800103187561
O=C1CC2(CCCC2)Oc2c1ccc1cc(OCCCCCCCCNc3c4c(nc5ccccc35)CCCC4)ccc21,7.333181381225586,5.273965358734131,6.303573369979858
Nc1oc2ccc(Cl)cc2c1C(=O)c1ccccc1,5.4267401695251465,4.019076347351074,4.72290825843811
CC(C)c1ccccc1NC(=O)CN1CCN(CC(O)c2cccc(Cl)c2)CC1,4.99066162109375,3.9262216091156006,4.458441615104675
COc1cccc(NC(=O)Oc2ccccc2)c1,6.915863513946533,4.788473606109619,5.852168560028076
O=C1NCCc2[nH]c(-c3ccnc(-c4cnc5ccccc5c4)c3)cc21,6.06737756729126,6.231313705444336,6.149345636367798
CCCCCCCCCCCCCC[n+]1ccc(C=Cc2c[nH]c3ccccc23)cc1,5.3205671310424805,5.187238693237305,5.253902912139893
Cc1ccc(OCC(=O)N2CCN(CC3COc4ccccc4O3)CC2)cc1,5.5756707191467285,4.807156562805176,5.191413640975952
CC(NC1c2ccccc2Oc2ccccc21)C(C)C,5.572119235992432,4.469720840454102,5.020920038223267
O=C(Nc1ccccc1)N1CCc2occc2C1,5.640336513519287,5.243971347808838,5.4421539306640625
N#Cc1c(NCCCN2CCCCC2)nc(N)c2c(=O)[nH]c3ccccc3c12,7.603606224060059,3.855735540390015,5.729670882225037
COc1cc(C=C2COc3ccc(O)cc3C2=O)ccc1O,5.530529975891113,5.953384399414063,5.741957187652588
CNC(=O)Oc1ccc2c(c1)C1(C)CCOC1N2C,7.339248657226562,5.773969650268555,6.556609153747559
Cc1cc(=O)[nH]nc1-c1ccc(NC(=O)Nc2cc(C(F)(F)F)ccc2F)cc1,5.796354293823242,5.095744609832764,5.446049451828003
COc1ccc(C2=NN(CCCCCCN=C(O)CN3CCCCC3)C(=O)CC2)cc1,6.903126239776611,5.729970932006836,6.316548585891724
CC1CC=CC(=NC(=O)c2cc(O)cc(O)c2)C1,5.169022083282471,3.9488115310668954,4.558916807174683
CSc1ccccc1NC(=O)Oc1ccc2c(c1)C1(CCCC1)CO2,6.116107940673828,5.52059268951416,5.818350315093994
Cc1ccc(C)c(OCC(=O)N2CCc3ccccc3C2)c1,5.673893928527832,5.535776615142822,5.604835271835327
O=S1(=O)C=Cc2cc(-n3ccc(-c4ccc(Cl)c(Cl)c4)c3O)ccc2O1,6.331715106964111,6.1809492111206055,6.256332159042358
Cc1ccc(-c2ccc(N=[N+]=[N-])c(I)c2)c2c1CCC2,6.27385950088501,6.302813053131104,6.288336277008057
Cc1ccc(CCNC2C=S(O)(O)=CC2)cc1,5.397616386413574,3.916671514511109,4.657143950462341
COc1ccc(C)c2sc(NC(=O)c3cccs3)nc12,6.582622528076172,5.504368782043457,6.0434956550598145
O=c1onc(-c2ccccc2Cl)n1CCc1ccccc1,5.686431407928467,5.519995212554932,5.603213310241699
N#CC1C(=N)Oc2[nH]nc(-c3cccc(Br)c3)c2C1C,6.389227390289307,5.512234687805176,5.950731039047241
O=C1c2ccccc2-c2nnc(-c3ccc([N+](=O)[O-])cc3)cc21,5.403611660003662,5.912355422973633,5.6579835414886475
CN1CCN(CCC=Cc2ccc3c(c2)OCO3)CC1,4.73073673248291,4.959511280059815,4.845124006271362
O=C(COc1ccccc1)NCCc1ccc2c(c1)OCO2,5.401515960693359,5.542334079742432,5.4719250202178955
O=C1c2ccccc2-[n+]2ccc3c([nH]c4ccccc43)c21,4.619190692901611,5.365114688873291,4.992152690887451
FC(F)(F)c1ccc(-c2nnc(S)o2)cc1,5.028892517089844,6.896270751953125,5.962581634521484
CC(=O)NC(CC(=O)N1CCC(N2CCC(Cc3ccccc3)CC2)CC1)C(=O)O,4.973300457000732,3.747758150100708,4.36052930355072
CCOc1ccc2cc(-c3cc(C(C)=O)c(O)c(NC4CCCCC4)s3)ccc2c1,,,
CCN(CC)CCOC(=O)c1cccc(S(=O)(=O)N(C)c2ccc(Cl)cc2)c1,5.066641807556152,5.007349491119385,5.0369956493377686
Oc1occ2c1C(c1ccccc1F)c1cc3c(cc1N2)OCO3,6.082821846008301,6.176372051239014,6.129596948623657
CC(C)c1cccc(C(C)C)c1O,4.878544330596924,3.098458766937256,3.98850154876709
CN(C)CCn1cc(C2=C(c3ccco3)C(=O)NC2=O)c2ccccc21,4.80319356918335,4.607386589050293,4.705290079116821
CC(=O)C1CCC2C3CC(Cl)=C4CC(=O)CCC4(C)C3CCC12C,4.651778221130371,7.804515838623047,6.228147029876709
FC(F)(F)c1ccc(CN2CCOCC2)cc1,5.161845684051514,5.146711349487305,5.154278516769409
Cc1ccc2c(c1)OC(=O)C=C2c1ccccc1,4.402778148651123,5.419162750244141,4.910970449447632
COc1ccc(-n2cc(-c3cccc(F)c3)nn2)c(OC)c1,4.835860252380371,5.663675308227539,5.249767780303955
CN1CCCC1CNC(=O)c1cc(Oc2ccc(Cl)c(Cl)c2)ccc1OCc1ccccc1,5.979527473449707,5.024062633514404,5.501795053482056
COc1ncccc1CNC(=O)C1CCN(C)CC1,4.124825477600098,3.784489631652832,3.954657554626465
CC(C)N(CCC(=O)c1ccc2ccccc2c1)Cc1ccccc1,5.623927116394043,4.434585094451904,5.029256105422974
O=C(CCCc1ccccc1)c1ccc2c(c1)N(Cc1ccc(Oc3ccc(Cl)cc3)cc1)C(=O)C2=O,5.527774333953857,5.431885242462158,5.479829788208008
O=C(NC(=S)N1CC=CCC1)c1ccccc1,5.938136100769043,4.171047687530518,5.05459189414978
CC12CCC3c4ccc(O)cc4CCC3C1CCC2O,4.347171306610107,6.759891510009766,5.5535314083099365
COc1cc(C=CC=CC(=O)c2ccccc2)cc(OC)c1OC,5.463894367218018,4.98301887512207,5.223456621170044
CCC(=O)Nc1ccc2cc(C(=O)NCCC3=CCCCC3)ccc2c1,6.0692973136901855,4.956268310546875,5.51278281211853
CC1CCCN(Cc2ccc(OC(=O)N3CCCC3)cc2)C1,5.913128852844238,3.4571495056152344,4.685139179229736
O=C(CCc1ccccc1)Nc1cccc(C2=NC(Cc3ccccc3)(c3ccc(Cl)cc3)O2)c1,5.831184387207031,5.037390232086182,5.4342873096466064
O=C(CCCN1C(=O)C(=Cc2cccc([N+](=O)[O-])c2)SC1=S)NC=O,5.115329742431641,5.240017890930176,5.177673816680908
C#CCNC1CCc2cccc(OCC)c2C1,4.691864967346191,4.935428619384766,4.8136467933654785
CC(C)C(=O)N1CCCc2cc(S(=O)(=O)N3CCCCC3)ccc21,6.109410762786865,4.97079610824585,5.540103435516357
Nc1ncnc2c1c(-c1ccc(Oc3ccccc3)cc1)cn2C1CCCC1,5.875506401062012,4.706284046173096,5.290895223617554
CC(=O)Nc1cccc(C(=O)NCCC2=CCCCC2)c1,5.604846000671387,4.424659729003906,5.0147528648376465
COc1ccc2c(c1)OC(=O)CC2=CN(C)c1ccc(C(F)(F)F)cc1,5.3747639656066895,6.023232460021973,5.698998212814331
Cc1cccc2c1c(Sc1ccc(Cl)cc1)c1n2CCC1CC(=O)O,4.945005416870117,4.9930572509765625,4.96903133392334
CN1CCN(CC(=O)NC2(C)Cc3ccccc3C2)CC1,5.513211250305176,3.653261661529541,4.583236455917358
Fc1cccc(C(c2ccc3[nH]ccc3c2)N2CCN(CC=Cc3ccccc3)CC2)c1,5.1686530113220215,4.831087112426758,4.99987006187439
Cc1ccc2nc3sc(=Cc4ccco4)c(=O)n3c2c1,5.450661659240723,5.106385231018066,5.2785234451293945
COc1ccc2[nH]c3c(c2c1)CCNC3,4.751165390014648,4.878592491149902,4.814878940582275
CC(C)c1cccc(COc2ccc(CCNCC(O)c3ccc(O)c(CO)c3)cc2)c1,4.32579517364502,4.241524696350098,4.283659934997559
CCOC(=O)c1cn(CCOC)c2cc(Cl)ccc12,5.391721248626709,5.047389507293701,5.219555377960205
CC(NCCOc1ccc(Cl)cc1Cl)C(=O)N1CCOCC1,4.708380222320557,4.985272407531738,4.8468263149261475
CC(C)c1ccc2c(c1)c(SC(C)(C)C)c(CC(C)(C)O)n2Cc1ccncc1,4.776789665222168,3.651851177215576,4.214320421218872
Cc1cccc(OCC2CN3CCCC3CO2)c1,5.010743618011475,5.198653221130371,5.104698419570923
O=C1CCc2cc(OCc3cccc(Cl)c3)ccc2N1,4.199397087097168,7.328123569488525,5.763760328292847
COc1ccc(Br)cc1C=C1CCCC2(C)C1=NOCCCCC(C)C,,,
COc1ccc(-c2cnc3c(-c4ccsc4)cnn3c2)cc1,4.913379669189453,5.964237213134766,5.438808441162109
CCc1ccccc1NC(=O)Oc1ccc2c(c1)C1(C)CCOC1C2=O,6.715465545654297,5.534867286682129,6.125166416168213
Cn1cc(C2=C(c3coc4cc(Br)ccc34)C(=O)NC2=O)c2cc(Br)ccc21,5.909792423248291,6.144869804382324,6.027331113815308
Cn1cc(C=C2C(=O)Nc3ccc4ncccc4c32)c2ccccc21,5.505985736846924,6.078054428100586,5.792020082473755
CCN1CCN(CCCCC(=O)Nc2n[nH]c3nnc(-c4cccc(F)c4F)cc23)CC1,5.986049175262451,5.078474044799805,5.532261610031128
COc1cc2c(cc1OC)C1(CCCC1)CN(C(=O)CCl)CC2,5.652068614959717,4.312347888946533,4.982208251953125
O=C1N=c2ccc(Br)cc2=C1Nc1ccc(O)c(Cl)c1,5.843011379241943,6.345577716827393,6.094294548034668
O=C(c1ccc(F)cc1)c1coc2ccccc2c1=O,5.067258834838867,4.929571628570557,4.998415231704712
O=C(Cc1ccc(Br)cc1)NC1CCC(O)CC1,4.063971042633057,3.909311056137085,3.986641049385071
Cc1ccc(-c2cc3cc(C)ccc3oc2=O)o1,5.284173488616943,6.405523300170898,5.844848394393921
C#CCN(C)C(C)Cc1ccccc1,4.207381248474121,6.7008585929870605,5.454119920730591
NCC1CCC(CNc2nc(NCc3ccccc3Cl)ncc2[N+](=O)[O-])CC1,5.531525135040283,4.624274253845215,5.077899694442749
CNC(=O)COc1ccc2c(c1)C(=O)c1cc(CN3CCCC3)ccc1S2(=O)=O,6.666933536529541,5.539751052856445,6.103342294692993
Cc1cccc(C)c1NC(=O)Oc1ccc2c(c1)C1(C)CCN(C)C1N2C,6.936107635498047,5.419430732727051,6.177769184112549
O=C(C=Cc1ccc(Sc2ccc(F)cc2)c(Br)c1)Nc1ccc(F)cc1,4.678966522216797,6.196142673492432,5.437554597854614
CCCN1CCC=C(c2ccc(OC)c(C)c2)CC1,4.874138355255127,4.127406120300293,4.50077223777771
Clc1ccc(CSc2nc3c(c(N4CCOCC4)n2)CCC3)cc1,5.9989914894104,6.106851577758789,6.052921533584595
CN(C)c1ccc(C=C2CCOC(=O)C2=O)cc1,4.139823913574219,6.621817111968994,5.3808205127716064
COc1cc(-c2ccccc2)ccc1OCCCOc1ccc([N+](=O)[O-])cc1,5.865342140197754,6.224609851837158,6.044975996017456
O=C1CC(Cc2ccccc2)=Nc2cc(C(F)(F)F)ccc2N1,5.508188247680664,5.690032958984375,5.5991106033325195
CC(C)N1CCN(c2ccc(OCc3c(-c4ccc(F)cc4)nc4ccccn34)cc2)CC1,5.495429515838623,5.934599876403809,5.715014696121216
CC(=O)N1CCN(CC(=O)Nc2cccc(C(=O)c3ccccc3)c2)CC1,5.347116947174072,4.296207427978516,4.821662187576294
O=C(CCCCN1CCC2C(C1)c1cccc3c1N2CCCC3)c1ccc(F)cc1,6.077850341796875,5.827240943908691,5.952545642852783
c1ccc2c(c1)nnn2Cc1cn(-c2ccc3[nH]ccc3c2)nn1,6.016176700592041,4.01233434677124,5.014255523681641
O=C(NCc1ccccc1)Nc1ccc(Br)cc1F,4.543804168701172,5.193404197692871,4.8686041831970215
Cc1c(C)c2ccc(C=C3CC(O)CC(=O)C3=O)cc2oc1=O,4.95027494430542,6.113814353942871,5.5320446491241455
c1ccc(-c2ccc(Sc3ccc4conc4c3)cc2)cc1,4.804852485656738,5.34535551071167,5.075103998184204
COc1ccc(NC(=O)N(C)Cc2ccccc2)cc1,5.229748725891113,4.211858749389648,4.720803737640381
COc1cc(NC(=O)Nc2ccc(F)cc2)cc(OC)c1OC,5.169007778167725,4.0704264640808105,4.619717121124268
CC(=O)OC1CC2(C)C(=CC1=O)C2(C)C,4.717164039611816,6.458086013793945,5.587625026702881
CN(C)CCCc1ccc(OC(=O)Nc2ccccc2)cc1,6.304549694061279,3.783494472503662,5.044022083282471
Cc1ccc(C)c(S(=O)(=O)NC(C)CNc2c(C)cccc2C)c1,5.635022163391113,3.9277231693267822,4.781372666358948
O=C1CC(c2ccc(Cl)cc2Cl)Oc2cc(O)cc(O)c21,4.516263484954834,6.17508602142334,5.345674753189087
N#Cc1ccc(-c2ccc(CSc3nnc(-c4ccc5c(c4)OCO5)o3)cc2)cc1,6.248748302459717,6.732844352722168,6.490796327590942
C=C1C(O)CC(=CC=C2CCCC3(C)C2CCC3C(C)C(C)C)CC1O,4.409653186798096,6.222936630249023,5.31629490852356
CC1CCN(CCCOc2ccc(C(=O)c3ccccc3)cc2)CC1,6.228853225708008,4.2789082527160645,5.253880739212036
O=C(O)c1cc2ccccc2oc1=O,6.631350994110107,5.508520603179932,6.0699357986450195
CC(C)(C)c1ccc(S(=O)(=O)N2CCC3=Cc4c(cnn4-c4ccc(F)cc4)CC3(CO)C2)cc1,5.755187034606934,5.694666862487793,5.724926948547363
Cc1cccc(NC(=O)C(Cc2cccc3ccccc23)NC(=O)OC(C)(C)C)c1,4.748088836669922,3.5753426551818848,4.161715745925903
O=S(=O)(Nc1ccc(CCNCC(O)c2cccnc2)cc1)c1ccccc1,4.523756980895996,4.151647567749023,4.33770227432251
COc1cc(C=Cc2c(C)nn(-c3ccccc3)c2O)cc(OC)c1O,5.937349796295166,4.664891719818115,5.301120758056641
CC1CC2C3CC(F)=C4CC(=O)C=CC4(C)S3(=O)=O)C1(O)C2,,,
C#CCN(C)Cc1cc2cc(OCc3cccc([N+](=O)[O-])c3)ccc2n1C,4.619795799255371,7.663440704345703,6.141618251800537
CN1CCN(C2=Nc3cc(Cl)ccc3N(NC(=O)c3ccc(-c4ccccc4)cc3)c3ccccc32)CC1,5.53203010559082,4.614706039428711,5.073368072509766
CN(C)CCCn1cc(C2=C(c3c[nH]c4ccc(Br)cc34)C(=O)NC2=O)c2ccccc21,5.30601978302002,5.762482643127441,5.5342512130737305
Clc1ccc2c(c1)OCCCC2NCCOCCOCCNCc1ccco1,4.507302284240723,5.298428058624268,4.902865171432495
CN(C)c1ccc(CNc2ccccc2SC(F)F)cc1,4.994139671325684,5.334597110748291,5.164368391036987
O=C(Cc1ccccc1)Nc1cccc(-c2nc3sccn3c2-c2ccnc(Nc3ccc(N4CCOCC4)cc3)n2)c1,5.802379131317139,5.359963893890381,5.58117151260376
CCN(CC)C(=O)C=Cc1ccc(OC2CCCC2)cc1,4.4160566329956055,5.237344741821289,4.826700687408447
CC1=NC2C(=O)C(=CN(C)C)C=CN2C(=O)C1,4.411179065704346,4.689690589904785,4.550434827804565
FC(F)(F)c1ccc2c(c1)c1c3c[nH]c(O)c3c3c(c1n2CCCCC1)CCCC3,,,
Cc1nc(O)c2c(C)c(CNCCCNc3c4c(nc5ccccc35)CCCC4)sc2n1,7.090435981750488,4.5247087478637695,5.807572364807129
Cc1ccc2c(-c3ccnc(Nc4ccccc4)n3)c(-c3ccc(F)cc3)nn2n1,5.974691867828369,5.426661968231201,5.700676918029785
CCCCCCCCCCCCCCCOc1ccc(C(=O)O)cc1,4.524473190307617,6.928500175476074,5.726486682891846
O=C1NC(=O)C(=Cc2ccc(Oc3ccccc3)cc2)S1,6.846264839172363,5.390491485595703,6.118378162384033
O=C(O)c1cccc(-c2ccc(C=C3SC(=O)N(CCCCCCCNC4CCS(=O)(=O)CC4)C3=O)o2)c1,6.58901309967041,5.827272415161133,6.2081427574157715
COc1ccccc1NC(=O)N1CCC(CO)(Cc2ccccc2)CC1,5.452936172485352,4.488892078399658,4.970914125442505
CN(C)c1ccc(C=Cc2cc3c4c(c2)CCN4CCC3)cc1,6.542088985443115,6.214052677154541,6.378070831298828
Cc1ccc(C=CC(=O)NC2=NCCS2)cc1,5.765003204345703,5.652176380157471,5.708589792251587
CC1=CC(C)(C)Nc2ccc3c(c21)COc1ccccc1-3,4.985026836395264,6.194263935089111,5.5896453857421875
CC1CCC(=NC(=O)Cc2cccnc2)CC1,5.57843017578125,5.112703800201416,5.345566987991333
Oc1cccc(CC2=Cc3ccccc3C2=O)c1,5.11148738861084,5.105795383453369,5.1086413860321045
O=C(C=Cc1ccccc1)Nc1cccc(C(=O)O)c1,5.020111560821533,6.629007339477539,5.824559450149536
Cc1c(C)c2ccc(OS(=O)(=O)C(F)(F)F)cc2oc1=O,7.704015731811523,7.396770000457764,7.5503928661346436
C=CCN1CCN(C(=O)Cc2coc3cc(C)ccc23)CC1,6.410400867462158,4.643998622894287,5.527199745178223
CCN(CC)C(=O)Cc1ccc(S(=O)(=O)N(C)C)s1,6.00487232208252,6.214735507965088,6.109803915023804
CCCCOc1ccc(CC(C(=O)OC)c2ccc3[nH]c(O)nc3c2)cc1,4.880731105804443,5.557557582855225,5.219144344329834
N#Cc1ccc(-c2nc(-c3ccc(Br)cc3)no2)cc1,5.422760486602783,7.004720211029053,6.213740348815918
CCCCCCCC#CCNC(=O)CCl,4.527027130126953,6.314837455749512,5.420932292938232
O=C(Nc1ccc2ccccc2c1)C1CCCN(Cc2ccccc2)C1,5.340513706207275,4.068861484527588,4.704687595367432
COc1ccc(NC(=O)c2cc3c(C)nc(C)nc3n(CCCOC(=O)c3ccc(F)cc3)c2=O)c(OC)c1,6.011475086212158,5.526107311248779,5.768791198730469
O=C1CC(c2ccc(S(=O)(=O)c3ccccc3)cc2)S(=O)(=O)c2ccc(Cl)cc21,6.329026222229004,5.455822467803955,5.8924243450164795
CCCCC1=NN(C(=O)COc2ccccc2Br)CC1,6.687772750854492,5.737692356109619,6.212732553482056
Cc1cc(C)c(S(=O)(=O)Oc2cccc(C(=O)NN=Cc3ccccc3)c2)c(C)c1,6.00782585144043,3.747612953186035,4.877719402313232
Cc1cc(O)c(C(C)C)cc1N=C(N)N,5.16939640045166,4.587138652801514,4.878267526626587
COc1ccc2cc(C(=O)C3CCC(OC)CC3)ccc2c1,4.467826843261719,5.019967079162598,4.743896961212158
CC(C)(c1ccc(O)c(N)c1)c1ccc([N+](=O)[O-])cc1,5.432024955749512,4.491433620452881,4.961729288101196
Cc1ccc(C2CC(c3c4ccccc4cc4ccccc34)=NN2)cc1,6.888735771179199,7.924262046813965,7.406498908996582
COC(=O)C1C(C)=NC(=S)NC1c1ccc(OCCCc2c[nH]c3ccccc23)cc1,6.123246192932129,5.993161201477051,6.05820369720459
NC(=O)c1nn(C(=O)c2cccc([N+](=O)[O-])c2)c2ccccc12,5.429098606109619,4.302471160888672,4.8657848834991455
COc1cc2c(cc1OC)C(=O)C(CC1CCN(Cc3ccc4ccccc4c3)CC1)C2,7.282099723815918,4.716952323913574,5.999526023864746
COc1ccc(OC)c(C2=CC(=O)C(=O)C=C2)c1,4.627203941345215,5.903679847717285,5.26544189453125
O=C(Nc1cccc2ccccc12)NC1CCCCC1,4.697744369506836,4.938493251800537,4.8181188106536865
COC(=O)c1ccc(CC2C(=O)OC(C)(C)CC2=O)o1,5.205576419830322,4.661070346832275,4.933323383331299
COc1cc2cnc3c(c2cc1OC)C(=O)NC3=O,6.415028095245361,4.77492618560791,5.594977140426636
O=C(CCCCC1CCSS1)Nc1nc(-c2ccc(Cl)cc2)cs1,5.542654037475586,6.074688911437988,5.808671474456787
CCN(CC)CCOC(=O)C(C)=Cc1ccccc1,4.291704654693604,4.857707500457764,4.574706077575684
Cc1csc(NC(=O)CCCc2c[nH]c3ccccc23)n1,5.762652397155762,5.498980522155762,5.630816459655762
O=C(Nc1ccc(F)cc1)c1ccc2c(c1)OC(F)(F)O2,6.732612609863281,5.5245232582092285,6.128567934036255
CC1=C(C(=O)Nc2ccc3c(c2)OCO3)C(c2ccccc2O)N2C=CC1=NOCC1CCOC1,,,
CN(C)c1cccc2c(S(=O)(=O)N3CCC(C(=O)Nc4cccc(C#N)c4)CC3)cccc12,6.087636470794678,5.31890869140625,5.703272581100464
Nc1cccnc1Nc1ccc2ccccc2c1,4.927024841308594,4.627171993255615,4.7770984172821045
COc1cc2c(cc1OC)C1=NOC(CN3CCN(c4ccc(Cl)cc4)CC3)C1CO2,7.047443389892578,5.497125148773193,6.272284269332886
CCCCCCCCc1noc(-c2cccc(C#N)c2)n1,4.663768768310547,6.857744693756104,5.760756731033325
CCOC(=O)c1ccc(N)c(S(=O)(=O)NCc2ccccc2)c1,6.263311386108398,4.324920654296875,5.294116020202637
Cc1nc2ccccn2c1-c1csc(Nc2ccc(O)cc2)n1,5.6774749755859375,4.438914775848389,5.058194875717163
COc1cc(C=C2C(=O)NC(=O)N(Cc3cccc(Cl)c3)C2=O)cc(OC)c1O,6.266366004943848,5.25438928604126,5.760377645492554
CCn1c(C)c(-c2ccnc(Nc3cccc(OC)c3)n2)sc1=O,5.689199924468994,6.423762321472168,6.056481122970581
CCOC(=O)c1cc2cc(OCCCC3CCN(Cc4ccccc4)CC3)ccc2oc1=O,6.870921611785889,5.276477813720703,6.073699712753296
Cc1ccc(NC(=O)c2ccco2)cc1N1CCCC1=O,6.251255989074707,5.6642351150512695,5.957745552062988
CN1CCN(CCCNc2cccc(-c3nc4c(C(N)=O)cccc4[nH]3)n2)CC1,5.605515956878662,4.705513954162598,5.15551495552063
COC1C=CC=C(C)C(=O)NC2=CC(=O)C=C(C2=O)C(OC)C(C)CC(OC)C(OC)C(C)C=C(C)C1OC(N)=O,4.118476390838623,5.269523620605469,4.694000005722046
COc1ccc(-n2c(C)nc3ccc(OCCCCN4CCCCC4)cc32)cc1,6.098737716674805,5.764037132263184,5.931387424468994
CC(=O)Nc1ccc(C#Cc2cccc(F)c2)cc1,4.032175064086914,6.438339710235596,5.235257387161255
Cc1ccc(NC(=O)c2cccc(C(=O)Nc3cc(C)on3)c2)cc1Cl,6.304479598999023,4.78622579574585,5.5453526973724365
COc1ccc(CNC(=O)C=Cc2ccc3c(c2)OCO3)c(OC)c1,5.005791187286377,4.795293807983398,4.900542497634888
Cc1cc2oc(=O)cc(COCC3CCCC3)c2cc1C,5.718359470367432,6.061877727508545,5.890118598937988
COC(=O)c1ccc(COC(=O)c2ccc(N(C)C)cc2)cc1,3.477853536605835,5.25663948059082,4.367246508598328
COc1ccc(CCNC(C)=O)cc1,3.0720906257629395,3.860915422439575,3.4665030241012573
COc1ccc(-c2nc3cc(-c4csc(C(=O)NCC(C)C)c4)cnc3[nH]2)cc1,5.318818092346191,5.219129085540772,5.2689735889434814
CNC(=O)C1OC(n2cnc3c(NN)nc(C#Cc4ccc(Cl)cc4)nc32)C(O)C1O,6.041942596435547,4.346065044403076,5.1940038204193115
CSCCNCC1COc2ccccc2O1,4.845790863037109,4.527680397033691,4.6867356300354
C=CC(=O)N1CCCC(n2nc(-c3ccc(F)cc3)c3c(N)ncnc32)C1,5.288748741149902,4.662160873413086,4.975454807281494
CNC(=O)c1c(NC(=O)Cc2cccs2)sc2c1CCCC2,7.895206451416016,5.244693756103516,6.569950103759766
CC(C)c1ccc(OCc2ccc(C(=O)N(C)C)o2)cc1,5.177485942840576,5.293349742889404,5.23541784286499
COc1cc(C2=CC(=O)C(=O)C(O)C2=O)ccc1O,6.325998306274414,5.030080318450928,5.678039312362671
Cc1ccc(C2CC(c3c4ccccc4cc4ccccc34)=NN2C)cc1,6.3328351974487305,7.0341877937316895,6.68351149559021
O=C(C=Cc1ccco1)NCc1ccc(O)c(O)c1,4.3933515548706055,5.479101657867432,4.9362266063690186
COc1cc(C(=O)OC(C)C)c2c(c1)N(C(C)=O)CCC2,4.617135524749756,3.4783496856689453,4.047742605209351
Fc1ccc(-c2cn3c(-c4ccc(F)cc4)cnc3s2)cc1,5.635641574859619,6.93841552734375,6.287028551101685
OC1(c2ccccc2)CCN(CCCCCCCn2cc3ccc(F)cc3c2O)CC1,6.768078804016113,5.329781532287598,6.0489301681518555
COc1ccc(OC)c(C(=O)OCC(=O)Nc2cc(C)on2)c1,5.3688249588012695,4.562398910522461,4.965611934661865
CC(=O)c1cccc(N(Cc2cccc([N+](=O)[O-])c2)C(=O)CCC(=O)Nc2cccc(C)c2C)c1,6.173103332519531,4.879946708679199,5.526525020599365
N#Cc1ccc2[nH]c3c(c2c1)CC(=O)NC3=O,6.02362585067749,5.656137943267822,5.839881896972656
CC1=CCC2C(C1)c1c(O)cc(CCC3CCN(C)CC3)cc1OC2(C)C,5.64959192276001,5.303679943084717,5.476635932922363
Cc1c(Cl)c([N+](=O)[O-])nn1CCC(=O)c1ccccc1,6.34309720993042,4.98277759552002,5.66293740272522
CS(=O)(=O)N1CCN(CCCCCOc2ccc(C(=O)NC3CCCC3)cc2)CC1,5.501317024230957,5.311493873596191,5.406405448913574
CCN(CC)CCOC(=O)C1(c2ccc3c(c2)OCO3)CCCC1,4.906001091003418,4.887668132781982,4.8968346118927
O=C(O)c1ccc2c(c1)C(=O)c1ccccc1CO2,5.189623832702637,6.377136707305908,5.7833802700042725
N#Cc1cccc(NC(=O)COc2ccccc2OC(F)F)c1,5.519836902618408,5.518138885498047,5.5189878940582275
CCN(CCCCCCN=C1CC(=O)C(=NCCCCCCN(CC)CC)CC1=O)Cc1ccccc1,7.343816757202148,5.077425003051758,6.210620880126953
CC1(C)Cc2cccc(OCC(O)CNCCOc3ccc(CC(N)=O)cc3)c2O1,4.720074653625488,4.68307638168335,4.701575517654419
Cc1ccc(-c2cc3c(C)nc(N)nc3n(C3CCC(OCC(N)=O)CC3)c2=O)cc1,5.279591083526611,5.376404762268066,5.327997922897339
O=C(Nc1ccccc1O)c1cccc(COc2ccc3c(c2)CCC3=NO)c1,5.448229789733887,6.130579471588135,5.789404630661011
CC(N)CN1CCc2cc(O)c(O)cc2C(c2ccccc2)C1,4.531018733978272,4.401079177856445,4.466048955917358
COc1cccc2c1C(=O)c1c(O)c3c(c(O)c1C2=O)CC(O)(C(O)C=O)CC3OC1CC(N)C(O)C(C)O1,6.512968063354492,3.783093452453613,5.148030757904053
Nc1ccc(S(=O)(=O)N2c3ccccc3Sc3ccccc32)cc1,5.2543230056762695,2.6468801498413086,3.950601577758789
CCOC(=O)c1c(C)[nH]c(C2=NN=C(c3ccc(F)cc3)C2C)c1C,7.420905113220215,5.727759838104248,6.5743324756622314
O=c1c2cc(F)c(NCCNCCO)cc2n(C2CC2)c2sc(N3CCCCC3)nc2n1Cc1ccccc1,5.226159572601318,5.305866241455078,5.266012907028198
O=CC(O)N1CCC(c2n[nH]c(-c3ccc(Cl)cc3F)c2-c2ccncn2)CC1,5.19350528717041,5.735993385314941,5.464749336242676
COc1cccc(OC)c1C1CCCC(=O)N1c1ccccc1OC,6.443090438842773,4.571168899536133,5.507129669189453
CC(C)(C)c1ccc(C(=O)C=Cc2ccc([N+](=O)[O-])s2)cc1,4.885154247283936,4.665031909942627,4.775093078613281
O=C(Nc1ccc(Cl)cc1)Nc1ccccc1C(=O)c1ccccc1,5.402342796325684,4.707984447479248,5.055163621902466
Nc1ncnc2c1ncn2C1OC(COP(=O)(O)O)C(O)C1O,4.470957279205322,2.778581380844116,3.6247693300247192
CC(C)C1CCC(Nc2ccc(C(=O)N3CCOCC3)cn2)CC1,5.099063396453857,5.071435928344727,5.085249662399292
Cc1nc(-c2ccccc2)c(-c2ccncc2)o1,4.868042945861816,5.438926696777344,5.15348482131958
CC1=NN(c2nc(O)no2)C(=O)C1=Cc1ccc2c(c1)OCO2,6.513406276702881,4.449748516082764,5.481577396392822
COc1cc2c(cc1OC)C(=O)C(Oc1ccc(CCC(=O)O)cc1)C2,6.3050031661987305,4.599186420440674,5.452094793319702
Cc1ccc2c(N)noc2c1C,6.023482799530029,4.847466945648193,5.435474872589111
CCCC1=NN(C(=O)C2CCCCC2)C(c2cccc([N+](=O)[O-])c2)C1,5.931265354156494,5.799793243408203,5.865529298782349
OCCn1cc(-c2ccccc2)c2ccccc21,3.7003984451293945,5.049984455108643,4.3751914501190186
CC12CCC3C(CC=C4CC(O)CCC43C)C1CCC2=O,4.555258750915527,7.966845512390137,6.261052131652832
CNC(C)(CO)c1ccc(C(=O)Nc2nc(C)c(-c3ccc(OC(C)C)cc3)o2)cc1,5.498945236206055,5.484817028045654,5.4918811321258545
CC(=O)OCC1OC(NC(=O)Cc2cc3cc(O)ccc3oc2=O)C(OC(C)=O)C1OC(C)=O,4.178784370422363,3.637609004974365,3.9081966876983643
C#CCn1c(=NC(=O)c2ccc3ccccc3c2)sc2cc(OC)ccc21,5.69001054763794,6.202490329742432,5.9462504386901855
CC(C)C1=NC2=CCSCC2=NC1(c1cccs1)C(F)(F)F,8.189375877380371,7.346686840057373,7.768031358718872
CC(C)(C)c1ccc2c(c1)NC(=O)C2=NNc1ccc(S(N)(=O)=O)cc1,4.935126304626465,4.117467403411865,4.526296854019165
COc1ccc(-c2cc(=O)oc3cc(OC)c(OCC(=O)Nc4ccccc4[N+](=O)[O-])cc23)cc1OC,6.626781463623047,4.921406269073486,5.774093866348267
COc1cc2c(cc1OC)C(=O)C(Oc1ccc(C(=O)c3ccccc3)cc1)C2,6.953240394592285,4.449501514434815,5.70137095451355
Cn1cc(C(CN)c2cncc(C=Cc3ccncc3)c2)c2ccccc21,4.764123439788818,5.69338321685791,5.228753328323364
CC(=O)Oc1coc2cc(OC(C)=O)ccc2c1=O,6.756847381591797,4.067395687103272,5.412121534347534
CN(C)CCOc1ccc(O)c2c1OC1=CC=S(O)(O)=CC12,6.343859672546387,4.4658613204956055,5.404860496520996
Nc1nc(O)c2nc(-c3ccc(O)c(O)c3)cnc2n1,4.431072235107422,3.166717529296875,3.7988948822021484
CC1=CCC(=Nc2ccc([N+](=O)[O-])cc2)C=C1,4.900371551513672,4.898754119873047,4.899562835693359
O=C(Oc1ccc(Cl)cc1)c1ccccc1NCc1ccncc1,5.006081581115723,4.892571449279785,4.949326515197754
COc1cccc(CN2CCC(CC(=O)N3CCCC3)CC2)c1,6.182854175567627,3.5421314239501958,4.862492799758911
Cc1c(C)c2ccc(OCc3cccnc3)cc2oc1=O,5.019256591796875,8.268458366394043,6.643857479095459
O=C(Nc1ccc(Cl)c(Cl)c1)N1CCCC1,4.909846782684326,4.7386555671691895,4.824251174926758
CCCC1=NN2C(=N)C(=Cc3ccc([N+](=O)[O-])o3)C(=O)NC2=O,,,
O=C(c1ccccc1)c1ccc(NC(=O)N2CCCC2)cc1,5.9166460037231445,4.883469104766846,5.400057554244995
COc1cc(S(=O)(=O)Nc2ccccc2C(=O)NN=Cc2ccc(O)c(OC)c2)ccc1Cl,5.959826469421387,3.89601469039917,4.927920579910278
O=C(OC1CN2CCC1CC2)N1CCCCC1,4.6914167404174805,3.785672903060913,4.238544821739197
O=C(Cc1ccc(Cl)cc1)N1CCC2(CC1)OCCO2,5.178519248962402,4.940476894378662,5.059498071670532
CC(N)C1CCC(C(=O)Nc2ccncc2)CC1,4.955617904663086,5.431260585784912,5.193439245223999
COc1cc2c(cc1OC)C(=O)C(Oc1ccc(C(=O)C3(O)CC4CCC3C4)cc1)C2,6.684884548187256,5.419461727142334,6.052173137664795
CN(C)CCOCCOCCOCCN=C(N)N,4.38181209564209,7.534336090087891,5.95807409286499
CC(C)(C)C(=O)Oc1ccc2c(c1)nc(N(C)C)n2CCC(=O)NC1CCCC1,5.641096591949463,4.279478549957275,4.960287570953369
COc1ccc2c(c1)c(C=C1CC(=O)N3N=C(CC(=O)N4CCCC4)SC3=N1)c(C)n2C,7.221024036407471,5.648879051208496,6.434951543807983
Fc1ccc(-c2noc(-c3sccc3Cl)n2)cc1,6.128522872924805,6.890275955200195,6.5093994140625
Nc1ncnc2c1ncn2C1OC(COP(=O)(O)O)C(O)C1O,4.470957279205322,2.778581380844116,3.6247693300247192
C=CCc1cccc2nc(-c3cccc(NC(=O)CC)c3)oc12,5.627326011657715,5.227718353271484,5.4275221824646
COC(=O)C1=C(c2ccccc2)N(O)C(N)=NC1c1ccc(Cl)cc1,6.190267086029053,5.16829252243042,5.679279804229736
COC(=O)c1cc2cccc(OCc3cccc(Cl)c3)c2oc1=O,4.870055675506592,6.742741584777832,5.806398630142212
CC(=O)c1cc(NC2CCCCC2)cc(CCC(=O)NC(C)(C)C)c1,5.247890472412109,3.528319358825684,4.3881049156188965
CC(=O)NC1CCN(c2ccccc2OCc2ccccc2)C1,4.46650505065918,4.23263692855835,4.349570989608765
Cc1c(C)c2ccc(OS(=O)(=O)C(F)(F)F)cc2oc1=O,7.704015731811523,7.396770000457764,7.5503928661346436
O=C(NCc1ccccc1)c1ccccc1Nc1ccccc1O,5.386966705322266,3.955782413482666,4.671374559402466
Cc1ccccc1NC(=O)Nc1nc2cc3c(cc2s1)OCCO3,6.727447032928467,5.03598165512085,5.881714344024658
O=c1[nH]c2ccccc2c(=O)n1CC1CCCN(Cc2ccc(F)cc2)C1,6.514284133911133,4.560233116149902,5.537258625030518
NC(=N[N+](=O)[O-])NN=Cc1ccc(-c2cccc([N+](=O)[O-])c2)o1,5.782142639160156,3.891983985900879,4.837063312530518
O=C(NCCC1CCN(Cc2ccccc2)CC1)c1ccc([N+](=O)[O-])cc1,6.518105506896973,3.828782796859741,5.173444151878357
O=C(c1cccc(F)c1)N1CCC2(CC1)CCN(Cc1cccc(Oc3ccccc3)c1)CC2,6.288593292236328,3.715654850006104,5.002124071121216
Clc1ccc(-c2cn(-c3ccccc3)c3c2CCC3)cc1,4.512545585632324,5.369076728820801,4.9408111572265625
COc1ccc(CN2CCC(CNC(=O)c3ccc(=O)n(C)c3)CC2)cc1,5.822274684906006,3.7346248626708975,4.778449773788452
COc1cc(C=C2CCC(c3ccc(O)c(OC)c3)=N2)ccc1O,5.945883750915527,4.968660354614258,5.457272052764893
CC(C)C1=NN2C(=O)CC(=COCc3ccccc3[N+](=O)[O-])N=C2S1,7.461826324462891,5.759956359863281,6.610891342163086
Cc1c(C)c2ccc(OCc3cc(Cl)ccc3OCc3cccc(Cl)c3)cc2oc1=O,4.454337120056152,8.639717102050781,6.547027111053467
O=C1NC(=O)C(=Cc2ccc(OCC3CCCC3)cc2)S1,5.528874397277832,6.3962812423706055,5.962577819824219
N#Cc1ccc(-c2ccc3c(=O)c4ccccc4oc3c2)cc1,4.504580497741699,5.964832305908203,5.234706401824951
CCOC(=O)c1ccc2c(c1)N(CCC1CCCCN1C)c1ccccc1S2,5.458190441131592,4.768218994140625,5.113204717636108
CC(=O)NC1(c2ccccc2)CCN(CCCCCCCNC(=O)c2ccc(C#N)cc2)CC1,5.821918964385986,4.392987251281738,5.107453107833862
O=C1CC(c2ccc(O)cc2)Oc2c1ccc1ccccc21,6.036104202270508,6.454774856567383,6.245439529418945
COc1ccc(-c2nc(-c3ccc(OCCCCN4CCCC4)cc3)no2)cc1,5.592257976531982,6.308745384216309,5.9505016803741455
OCC12CCC3(CC1C(CCCC(O)C1CCCC1)C1Cc4ccc(O)c5c4C3(CCN1CC1CC1)C2O5,,,
N#CCCN1N=C(c2cccs2)CC1c1ccc(OC(F)F)cc1,7.002700805664063,5.579580783843994,6.291140794754028
Oc1occ2ccc(OCCOc3ccc4c(c3)CCC4)cc12,4.141636371612549,7.445964813232422,5.793800592422485
C=CCN1CCc2cc(O)c(O)cc2C(c2ccccc2)C1,4.783758640289307,5.2617621421813965,5.022760391235352
CC(C)Cc1[nH]c2ccc(O)cc2c1-c1ccccc1,4.962717533111572,4.009468078613281,4.486092805862427
CC(C)(C)c1cccc(OCC2CN(Cc3ccccc3)CCO2)c1,5.187261581420898,3.380768299102783,4.284014940261841
c1ccc(CN2CC=C3C(C2)C(=NS(=O)(=O)c2ccco2)c2cccnc23)cc1,5.880370140075684,4.570071697235107,5.2252209186553955
N#CC1=C2CCCCC2C1=Nc1ccccc1,6.04762077331543,5.29414176940918,5.670881271362305
O=C(CCC1CCN(Cc2ccccc2)CC1)c1ccc2c(c1)OCCO2,7.106499671936035,4.293614387512207,5.700057029724121
CCCCc1c[nH]c2ccc(OC)cc12,4.163835525512695,5.023381233215332,4.593608379364014
Fc1ccc(-c2nc3ccc(N4CCOCC4)nc3[nH]2)cc1,5.385972499847412,6.143425941467285,5.764699220657349
CC(C)OC(=O)CCCOc1ccc2c(c1)CCCC2,4.548652648925781,4.984683036804199,4.76666784286499
O=C(O)CCC=CCC1COC(c2ccc(Cl)c(Cl)c2)OC1c1cccnc1,3.2737300395965576,5.459274291992188,4.366502165794373
O=C(C=Cc1ccccc1)Nc1ccccc1,4.608524799346924,5.964312076568604,5.286418437957764
C#CCN(c1ccc(C(=O)NC(=O)CC)cc1)C(C(=O)NC1CCCC1)c1ccsc1,4.576938629150391,5.011187076568604,4.794062852859497
O=C(OC1CN2CCC1CC2)c1cccc([N+](=O)[O-])c1,4.53419828414917,5.071472644805908,4.802835464477539
CC1=CCOCc2cc(OCCC3CCC(C)(C)NC3=O)ccc21,4.505249977111816,5.704152584075928,5.104701280593872
Nc1ncnc2sc(Br)c(-c3ccc(NC(=O)Cc4cccc(Cl)c4)cc3)c12,5.738311290740967,4.815188407897949,5.276749849319458
O=c1cc(-c2ccccc2)oc2cc(O)cc(O)c12,4.240597248077393,3.973161220550537,4.106879234313965
CC(=O)N1CCC(C(=O)N2CCN(c3cccc(C(F)(F)F)c3)CC2)CC1,5.48554801940918,4.956204891204834,5.220876455307007
Cc1c(C)c2ccc(OCC3CCN(CC(O)COc4ccccc4)CC3)cc2oc1=O,5.853916645050049,5.796123504638672,5.82502007484436
CCCCCCOc1ccc(CN2CCC(C(=O)c3ccccc3)CC2)cc1,5.485219478607178,4.385780334472656,4.935499906539917
COc1ccc(C(=O)NC(=S)NNC(=O)c2ccc(C)cc2)cc1,5.771086692810059,4.037510395050049,4.904298543930054
CCCCCCCCN(C)CN=CC1C(=O)NC(=O)N(C)C1=O,5.858245372772217,5.778023719787598,5.818134546279907
CN(C)c1ccc(-c2ccc3c(=O)c4cc([N+](=O)[O-])ccc4oc3c2)cc1,5.550927639007568,6.681670188903809,6.1162989139556885
CC(C)CN1CCN(CCON=C2C(=O)Nc3ccccc32)CC1,5.0594329833984375,4.489110946655273,4.7742719650268555
Cc1c(C)c2ccc(OCc3cccc([N+](=O)[O-])c3)cc2oc1=O,5.40964412689209,8.44015884399414,6.924901485443115
CN(C)c1ccc(C=C2C(=O)N3C=CSC3=NC2=O)cc1,5.618860721588135,6.390161514282227,6.004511117935181
CCCCCCCC(=O)N1CCN(C(=O)C(CCC(=O)O)NC(=O)c2cc(OC3CCCCC3)nc(-c3ccccc3)n2)CC1,5.775069713592529,5.371404647827148,5.573237180709839
CCN1C(=O)C(=Cc2ccc(N3CCCC3)o2)C(=O)N(C)C1=S,6.47270393371582,5.30458402633667,5.888643980026245
O=C1CCc2cc(OCCCCN3CCCCC3)ccc2N1,6.018892288208008,5.406181812286377,5.712537050247192
Cc1ccc(N2N=C(Sc3ccc(C)cc3)CC(C3CCNCC3)C2=O)c(C)c1,6.40774393081665,5.293591499328613,5.850667715072632
COc1ccc(N=Cc2c(O)[nH]c3ccccc23)cc1,4.815540313720703,5.562490463256836,5.1890153884887695
CC(C)C(=O)Nc1cccc(C2=NOC3(C2)CC(C(N)=O)N(C(=O)C(C)(C)C)C3)c1,5.299144744873047,3.820399522781372,4.5597721338272095
CNC(=O)C(C)n1cc(-c2cnc(N)c3c(-c4ccc(NC(=O)Nc5ccc(F)cc5)cc4)csc23)cn1,6.7396440505981445,4.831629276275635,5.78563666343689
CC(=O)N1N=C(c2ccc(OCCCCCCCCCCCCCOc3ccc4c(c3)C(=O)NC4=O)cc2)CC1c1ccccc1,6.3605570793151855,6.985683441162109,6.6731202602386475
COc1ccc2c(c1)c(CC(=O)O)c(C)n2C(=O)c1ccccc1,5.192832946777344,4.53412675857544,4.863479852676392
O=C(CCc1c[nH]c2ccccc12)Nc1cccc(F)c1,5.071863651275635,5.791545867919922,5.431704759597778
C=CCC1C=CC(ON=C(C)C)CC1,3.52018141746521,2.754707336425781,3.1374443769454956
COc1cc2c(cc1OC)C(=O)c1cc(C)ccc1O2,5.871176242828369,5.252760887145996,5.561968564987183
O=C(O)c1cccc(NN=Cc2cccc3ccccc23)c1,4.983561992645264,6.156421184539795,5.569991588592529
COC(=O)CCCCCCN1CCC(Oc2ccc(F)cc2)CC1,5.39976978302002,5.07945442199707,5.239612102508545
CN(C)c1ccc(-c2nnc(-c3ccc([N+](=O)[O-])cc3)o2)cc1,5.5129876136779785,6.369324684143066,5.9411561489105225
CC(NC1C(=O)C(=O)C1=Nc1ccncc1)C1CCCCC1,5.607646942138672,6.574368953704834,6.091007947921753
O=C1CCC(CCN2CCC(C(=O)c3ccc(F)cc3)CC2)C(=O)N1,5.4955153465271,5.011099815368652,5.253307580947876
Cc1ccc(CC(C)NCCCCCCCCCCOc2ccc3c(c2)OCO3)o1,5.766384601593018,6.678371906280518,6.222378253936768
O=c1ccoc2ccoc12,4.842770576477051,3.5301966667175293,4.18648362159729
Cc1ccc2c(c1)C(N1CCN(C)CC1)=Nc1cccnc1N2,5.192255973815918,5.068348407745361,5.13030219078064
Cc1[nH]c2ccccc2c1C1=C(c2cccs2)C(=O)c2ccccc2C1=O,4.692507266998291,5.288397789001465,4.990452527999878
CCc1ccc(C(=O)C=Cc2ccc(OC)cc2)cc1,4.585976123809815,5.178228378295898,4.8821022510528564
O=C1CCc2ccc(OCCCCN3CCCN(c4ccccc4Br)CC3)nc2N1,5.612236022949219,5.254658222198486,5.4334471225738525
O=C(CCl)Nc1cc(N2CCC(c3ccccc3)CC2)ccc1Cl,4.260595321655273,5.147473335266113,4.704034328460693
N#CC(C#N)=NNc1ccc(C(=CCCCC(=O)O)c2cccnc2)c(Cl)c1,5.301062107086182,5.4489521980285645,5.375007152557373
O=C(C#Cc1ccccc1)Oc1cccc2c1CCC2,4.943374156951904,5.6117353439331055,5.277554750442505
CC(C)(C)c1cc[n+](CC(=O)C=Cc2ccccc2)cc1,5.082433223724365,2.843591451644897,3.9630123376846313
N#Cc1ccc(CCN2CCN(c3ccc(Cl)c(Cl)c3)CC2)cc1,4.6149115562438965,5.738504409790039,5.176707983016968
CN1CCN(C(=O)COc2ccc3oc4ccccc4c3c2)CC1,5.560818672180176,4.718528747558594,5.139673709869385
N#CC(=Cc1ccc(-c2ccccc2C(=O)O)o1)c1nc2ccccc2[nH]1,5.887629508972168,5.273271083831787,5.5804502964019775
COc1ccc2oc(=O)c(-c3cc4ccccc4o3)cc2c1,5.645957946777344,5.636524677276611,5.6412413120269775
Cc1onc(-c2ccccc2)c1-c1ccccc1O,5.536484718322754,4.190570831298828,4.863527774810791
CC1=NN(c2ccc(C(=O)O)cc2)C(=O)C1=Cc1ccc(C)o1,6.501681804656982,5.200705051422119,5.851193428039551
Fc1ccc(Nc2nc(-c3ccc4ccccc4c3)cs2)cc1,5.689414978027344,6.3087263107299805,5.999070644378662
O=C(NCCN1CCOCC1)c1ccc(C=S(O)c2ccccc2Cl)o1,4.97091817855835,5.450727462768555,5.210822820663452
CN(C)c1ccc(C=CC2=[N+](C)CCO2)cc1,5.018136501312256,5.736932277679443,5.37753438949585
COc1ccc2c(c1)C(=NNc1ccc(S(N)(=O)=O)cc1)C(=O)N2,5.239518165588379,4.281915664672852,4.760716915130615
COc1ccc(C2=CC(=Cc3ccccc3OC)CCC2)cc1,4.530106544494629,5.238154411315918,4.884130477905273
N#CC(=Cc1ccc(O)c(O)c1)C(=O)NCc1ccccc1,5.139800071716309,5.498981952667236,5.3193910121917725
CC1=CC(C)(C)Nc2ccc(-c3cc(F)cc(F)c3)cc21,5.576784610748291,6.648993968963623,6.112889289855957
O=C1CCc2ccc(OCc3cccc(Cl)c3)cc2N1,4.141217708587647,7.203818321228027,5.672518014907837
Cc1nc(-c2ccccc2)c(-c2ccccc2)o1,4.942190647125244,4.349922180175781,4.646056413650513
CCOc1ccc(-c2c(-c3ccc(OC)cc3)n[nH]c2C(=O)NC)cc1,6.115932464599609,5.4114532470703125,5.763692855834961
CN(C)C1C(=O)C(C(N)=O)=C(O)C2(O)C(=O)C3C(=O)c4c(O)ccc(Cl)c4C(C)(O)C3CC12,6.600681304931641,6.31751012802124,6.45909571647644
CC1CCN(C(=O)C=Cc2ccc(N3CCCC3)cc2)CC1,5.408107757568359,4.9348859786987305,5.171496868133545
O=C(O)c1ccc(-c2noc(-c3ccccc3)n2)cc1,6.195248603820801,5.729090690612793,5.962169647216797
COc1cc(N=c2ssnc2Cl)cc(OC)c1OC,4.943954944610596,5.126804828643799,5.035379886627197
CN(C)CCCc1cccc2oc(-c3ccc(CO)cc3)c(CCNC(=O)c3ccc(O)c(NS(C)(=O)=O)c3)c12,6.533133506774902,4.653785705566406,5.593459606170654
OC1CCC(Nc2cc(Cl)nc(-c3c[nH]c4ncccc34)n2)CC1,5.121011257171631,5.676048278808594,5.398529767990112
COc1cc2c(cc1OC)C(=O)C(Oc1ccc(C(=O)c3ccccc3)cc1)C2,6.953240394592285,4.449501514434815,5.70137095451355
COc1cc(C=C2SC(=O)N(CCCCCCCNc3c4c(nc5ccccc35)CCCC4)C2=O)ccc1O,7.676760673522949,5.379288673400879,6.528024673461914
Cc1cccc(-c2cc3nc(-c4ccccc4)cc(N4CCN(C)CC4)n3n2)c1,5.050393581390381,4.8751983642578125,4.962795972824097
O=C1CCC(CCN2CCC3(CC2)OCc2cc(Cl)c(O)cc23)C(=O)N1,5.681421279907227,5.201705932617188,5.441563606262207
CN=C(NS(=O)(=O)c1cccc(Cl)c1)N1CC(c2ccccc2)C(c2ccc(F)cc2)=N1,6.556128025054932,4.257195472717285,5.406661748886108
O=C(O)c1cccc(C=CC=Cc2c(Cl)cccc2Cl)c1,3.8456544876098633,7.113208770751953,5.479431629180908
O=C(NC1CCCCC1)c1cc2cccnc2c(=O)s1,5.527214050292969,5.837441444396973,5.682327747344971
COc1ccc(C=C2CCC(C(=O)N3CCCCC3)O2)cc1OC,5.540838241577148,4.3418073654174805,4.9413228034973145
O=C1CC(=O)c2cc(SCCOc3ccccc3)ccc21,6.605448722839356,6.321109771728516,6.4632792472839355
O=C(C=Cc1ccc(O)c(O)c1)c1ccccc1O,5.0697340965271,6.207817077636719,5.638775587081909
O=C(O)c1ccc(-c2ccccc2C2=NCCO2)cc1CC(=O)N1CCc2cc(OC(F)(F)F)ccc21,6.075214385986328,5.318343639373779,5.696779012680054
CSc1nc(N)nc(OCc2ccc(Cl)c(Cl)c2)c1C#N,5.78051233291626,6.2968268394470215,6.038669586181641
O=C1CCc2cc(OCCCCN3CCCCS3(=O)=O)ccc2N1,6.301047325134277,6.209086418151856,6.255066871643066
COc1ccc(CC2c3cc(OC)c(OC)cc3CCN2CC(=O)NC2CCc3ccc(O)cc32)cc1,4.753907203674316,4.528281211853027,4.641094207763672
COc1cc(OC)cc(C(=O)NCC(c2cccs2)N2CCOCC2)c1,5.111973285675049,5.136898994445801,5.124436140060425
CC1CCCC(C)N1C(=O)C1CCC2C(=O)N(C)C(C)(C)COC21,4.921818733215332,6.277194499969482,5.599506616592407
COc1cc2c(cc1OC)C1=NOC(CN3CCN(CC(C)=Cc4ccccc4)CC3)C1CO2,6.703359603881836,4.614506721496582,5.658933162689209
COc1cccc(OC)c1C1CC(=O)N2CN(C3CCC3)CSC2=C1C#N,7.221746444702148,5.658483505249023,6.440114974975586
Nc1ccc(OCCN2CCCCC2)cc1,4.98465633392334,4.449601173400879,4.717128753662109
COc1cc(C2c3cc4c(cc3C(O)C3COC(=O)C23)OCO4)cc(OC)c1OC,4.98301887512207,5.3690338134765625,5.176026344299316
CC1CCN(c2cc(N3CCC(C)CC3)ccc2C#N)CC1,5.690765380859375,4.981820106506348,5.336292743682861
COc1cccc(CN(C)C(=O)C2CCCN(S(=O)(=O)c3ccc(F)cc3)C2)c1,5.880162239074707,4.452750205993652,5.16645622253418
COc1ccc2c(c1)c(CC(=O)NC1(C#N)CCCC1)c(C)n2C(=O)c1ccc(Cl)cc1,5.400871753692627,5.097084999084473,5.24897837638855
C=CCN1CCC(c2ccc(O)cc2)CC1,5.399294376373291,3.7250237464904794,4.562159061431885
COc1cc2c(C)nc3c(oc(=O)c4ccccc43)c2cc1OC,5.772087097167969,4.840067386627197,5.306077241897583
COc1ccc(CNc2nc(-c3cccnc3)nc3ccccc23)cc1,4.788169860839844,4.630198955535889,4.709184408187866
COc1cc(=O)oc2cc(OCc3ccccc3)ccc12,5.391515254974365,6.679839611053467,6.035677433013916
CCOC(=O)c1ccc2[nH]c3cc(Cl)ccc3c2c1,5.083224773406982,6.369098663330078,5.72616171836853
CCCCCCCC(=O)Nc1cc(OC)cc(OC)c1,5.086182594299316,5.081762313842773,5.083972454071045
Cc1cc2nc3c(=O)[nH]c(=O)nc-3n(C)c2cc1C,5.468344211578369,4.867197036743164,5.167770624160767
CCC1CCCCN1CCCOc1ccc2c(c1)C1OC(=O)C1CCCCC1C(=O)O2,,,
Cn1c2c(c3c4ccccc4cc4ccccc34)C(=O)NC2=O,,,
COc1ccc(-c2cc(Cl)nc(Cl)c2C=CC2CC(=O)O2)cc1,4.814913749694824,6.112698554992676,5.46380615234375
COc1ccc2ccoc2c1OCC(=O)Nc1nnc(C(C)C)s1,6.289036750793457,6.209621429443359,6.249329090118408
CCC(=O)Oc1ccc2c(c1)OC(=O)C1CCC=C21,6.096104621887207,5.685525894165039,5.890815258026123
CSc1ccc(C=CC(=O)c2ccc3c(c2)C2(C)CCO3)cc1,,,
CCOc1ccc(C=C2SC(=Nc3ccccc3)NC2=O)cc1O,6.422163963317871,5.189663887023926,5.805913925170898
Nc1c2c(nc3ccc(OC(=O)Nc4ccc(Cl)c(Cl)c4)cc13)CCC2,5.721550464630127,4.289154529571533,5.00535249710083
O=C(Cc1csc(N2CCN(c3ccccc3)CC2)n1)NCc1ccco1,5.2334465980529785,5.40523624420166,5.319341421127319
NC(=O)C1CCN(CC(=O)Nc2ccc(F)c(Cl)c2)CC1,5.324199676513672,4.698883533477783,5.0115416049957275
CC1=CC(C)(C)Nc2ccc3c(c21)C(=CC(=O)Nc1ccccc1C)Oc1ccccc1-3,5.608093738555908,5.388912200927734,5.498502969741821
CC1=C(C(=O)NCCCN2CCCCC2)SC2=C(C#N)C(c3ccc(F)cc3)C=CC2=O1,,,
CN1C(=O)C(C=NCCc2ccccc2)C(=O)N(C)C1=O,6.543939113616943,6.138828754425049,6.341383934020996
CNC1CC2OC(C)(C1OC)n1c3ccccc3c3c4c(c5c6ccccc6n2c5c31)C(=O)NC4,5.887773036956787,4.6202263832092285,5.253999710083008
Cc1c(C)c2ccc(OCC(O)CN3CCN(c4ccccc4)CC3)cc2oc1=O,5.591408729553223,5.521597385406494,5.556503057479858
O=C1OC(c2ccccc2)=NC1=Cc1ccccc1,5.525140762329102,5.848392963409424,5.686766862869263
CCC=S(O)(O)=Nc1ccc(C=C2C(=O)Oc3cc(C)ccc32)cc1,6.741811275482178,5.4544782638549805,6.098144769668579
CC(=O)N1CCC(c2ccc(C(=O)C3CCCCC3)cc2)CC1,4.740026473999023,4.651847362518311,4.695936918258667
CN(C)CCCNC(=O)c1ccc2c(c1)OCCO2,6.141548156738281,4.17310905456543,5.1573286056518555
Clc1ccc(-n2ncc3c(NCC4CC5CCC4O5)ncnc32)cc1,6.564572334289551,5.984491348266602,6.274531841278076
O=C(CCl)Nc1ccc2oc(-c3ccccc3)nc2c1,5.266883850097656,5.448079109191895,5.357481479644775
Cc1nc(Nc2ncc(C(=O)Nc3c(C)cccc3Cl)s2)cc(N2CCN(CCO)CC2)n1,5.572153091430664,5.463326454162598,5.517739772796631
CC(C)NC(=O)CN1C(=O)C(O)(c2ccc(Cl)cc2)c2ccccc21,4.6670427322387695,4.851030826568604,4.7590367794036865
COc1cccc(C(=O)Nc2ccncn2)c1,4.619760513305664,5.281060218811035,4.95041036605835
O=[N+]([O-])c1ccc(-c2nc(-c3ccc(F)cc3)c(-c3ccncc3)[nH]2)cc1,5.698388576507568,5.5756707191467285,5.637029647827148
Cc1ccc(-c2csc(N=C3CCCCC3)n2)cc1,5.435702800750732,6.675307750701904,6.055505275726318
O=C(c1ccccc1)c1ccc(C=CC2CC(=O)Oc3cc(Cl)ccc32)cc1,4.854517936706543,6.131880760192871,5.493199348449707
COc1cc2cc(C(=O)C3CCCCN3)c(=O)oc2cc1OC,6.256607055664063,4.791128635406494,5.523867845535278
CCOC(=O)Nc1ccc2c(c1)OCC(=O)N2CCCCc1ccccc1,6.266971588134766,5.937685489654541,6.102328538894653
CC1COc2c(NCCCc3ccccc3)c(F)c(N)c3c(=O)c(-c4nnc(C5CC5)s4)cc1c23,,,
Cc1c(C)c2ccc(N=C(N)N)cc2oc1=O,6.08198356628418,6.439470291137695,6.2607269287109375
O=C1C(=O)c2ccccc2-c2ccccc21,4.492501258850098,5.858503818511963,5.17550253868103
COc1ccc2[nH]cc(Cc3cccc(C)c3)c2c1,4.665964603424072,5.32914924621582,4.997556924819946
COC(=O)C1=CC(=C(c2ccc(C)cc2)c2ccc(OC)cc2)C(C(=O)OC)C1,4.025468349456787,4.004143238067627,4.014805793762207
COc1cccc(C=C2CCCCN=C2c2cccnc2)c1,4.667755126953125,5.386745929718018,5.027250528335571
N#Cc1ccc(C(=O)N2CCC(C3CCN(Cc4ccc(F)cc4)CC3)CC2)cc1,5.905876159667969,4.297926425933838,5.101901292800903
CNC(=O)C1CCCN(C(=O)c2cc(CN3CCC(COC)CC3)cc([N+](=O)[O-])c2)C1,5.794034004211426,3.792527675628662,4.793280839920044
COc1cc2c(cc1OC)C1=NOC(CN3CCN(CCCO)CC3)C1CO2,6.212153911590576,4.5027947425842285,5.357474327087402
COc1cc(C=CC(=O)Nc2ccc3c(c2)OCCO3)cc(OC)c1OC,5.717128753662109,4.437613487243652,5.077371120452881
Cc1ccc(-c2cc(C(=O)NC3CCCCC3)c3cc(Cl)ccc3n2)cc1,5.484135627746582,4.9006781578063965,5.192406892776489
N#CC1C(=N)n2c(sc(=Cc3ccco3)c2=O)=C(C(N)=O)C1c1ccco1,6.809875965118408,4.6765875816345215,5.743231773376465
CCCC(=O)CCc1ccc2c(c1)OCC=CCO2,4.704695224761963,5.214049339294434,4.959372282028198
Cc1ccc(N=Cc2ccc(O)c(O)c2O)cc1,5.01090145111084,5.519085884094238,5.264993667602539
CN=c1scc(-c2ccccc2[N+](=O)[O-])n1N=Cc1ccc(O)c(O)c1O,6.873373985290527,4.319450378417969,5.596412181854248
O=c1cc(-c2ccccc2)oc2cc(O)cc(O)c12,4.240597248077393,3.973161220550537,4.106879234313965
COc1cc(C2=C(c3ccc(O)cc3O)C3(CCCCC3)OC2=O)c2ccccc2c1,5.331547737121582,5.428361415863037,5.37995457649231
O=C(CCCN1CCC(O)(c2ccc(Cl)cc2)CC1)c1ccc(F)cc1,5.05492115020752,5.046114444732666,5.050517797470093
O=S(=O)(NCC1CCCCO1)c1ccc(F)cc1F,5.244953155517578,6.107694149017334,5.676323652267456
O=C(O)C1=CC(c2ccc(OCc3ccc(Cl)cc3)cc2)=NO1,5.056278705596924,6.502305030822754,5.779291868209839
CN(C)c1ccc(-c2nc3cc(Br)ccc3o2)cc1,5.2540202140808105,6.77461051940918,6.014315366744995
CC#CC1CCC2C3CC(F)C4=CC(=O)C(O)CCC4(C)C3CCC12C,4.172153472900391,7.883442401885986,6.0277979373931885
O=C(CCCCCCCC(=O)Oc1ccc2ccccc2c1)NCCCNc1c2c(nc3cc(Cl)ccc13)CCCC2,7.909026145935059,4.848121643066406,6.378573894500732
c1ccc(CNc2nc3ccc(-c4cccs4)cc3s2)cc1,5.079452991485596,4.7102460861206055,4.894849538803101
COc1ccc(CC(=O)N2CCCC(CN3CCC(Cc4cccc(F)c4)CC3)C2)cc1,5.436490535736084,3.701160430908203,4.5688254833221436
Cc1cc(CCCCO)cc(C)c1OCc1cccc([N+](=O)[O-])c1,4.456459045410156,6.272845268249512,5.364652156829834
CC(C)Oc1ccc2c(c1)C(=O)C1=C2COC(=O)C2C1,,,
CC1C=C2CC(=O)C=CC2(C)C2CCC3(C)C(CCC4(C)C5CCC43C)C12,,,
NC(=O)c1cccc2c1Nc1nnc(Cl)cc1C(=O)N2,5.566837787628174,4.793274402618408,5.180056095123291
CC1=C(C)C(=O)C(=Cc2cc[n+](C)cc2)C1=O,5.17902135848999,6.734797954559326,5.956909656524658
Cc1noc(C)c1CSc1nnc(COc2ccc(Cl)cc2)n1C,6.252309322357178,7.78428840637207,7.018298864364624
COc1ccc(C2CCN(CC(O)COc3ccc(CC4=NC(C)(C)CO4)cc3)CC2)cc1,4.779760837554932,4.930422782897949,4.85509181022644
CC(O)C1CCC(=O)N(C(=O)OCC(=O)NC2CCCCC2)C1,4.208810806274414,4.847523212432861,4.528167009353638
O=C1C=CC(=Nc2cccc(Br)c2)C(O)=C1,4.469048976898193,5.81772518157959,5.143387079238892
COc1ccc(C2=NNc3cccc4c(OC)ccc2c34)cc1F,5.635299682617188,5.757310390472412,5.6963050365448
Cc1ccc(COc2cccc(C=CC3CC(O)CC(=O)O3)c2)cc1,3.8845722675323486,5.590928077697754,4.737750172615051
CC1CCCCN1S(=O)(=O)c1ccc(C(=O)NN=CC2CCCCN2)cc1,4.709981918334961,5.002568244934082,4.8562750816345215
CN(C)c1ccc(-c2[nH]ncc2CN2CCCC3(C2)OCCO3)cc1,4.847499370574951,5.118157386779785,4.982828378677368
O=C(CC=Nc1cccc2cccnc12)c1ccc(OCc2ccc3ccccc3n2)cc1,5.474063873291016,5.4365010261535645,5.45528244972229
CC1=Nc2cc(Br)ccc2Sc2ccccc21,5.270066261291504,5.660149097442627,5.465107679367065
O=C(O)c1c(F)cccc1C1CCN(CC2CCC(C(=O)N3CCCC3)CC2)CC1,5.506249904632568,4.209550857543945,4.857900381088257
COc1ccccc1Nc1c2c(nc3ccccc13)CCCC2,5.412775993347168,4.070106506347656,4.741441249847412
CC(C)=NNc1ccc(C(=O)OCCOc2cccc(C)c2C)cc1,5.208078384399414,5.443041324615479,5.325559854507446
O=C1NC(=O)C(=Cc2ccc(-c3ccccc3O)o2)S1,6.372283935546875,5.0659685134887695,5.719126224517822
CC(C)=CCN1CCC2(C)c3cc(O)ccc3CC1C2C,5.547050476074219,5.277956962585449,5.412503719329834
c1ccc2c(NC3CCNCC3)c3c(nc2c1)CCC3,5.530529499053955,3.798865795135498,4.664697647094727
O=C(NN=Cc1ccc(Cl)cc1)c1c[nH]c2ccccc12,4.7053985595703125,5.5230865478515625,5.1142425537109375
CNC(=O)c1cc2c(c(C)c1O)OCC=CC2=O,8.005454063415527,5.142869472503662,6.574161767959595
O=C1c2ccccc2S(=O)(=O)N1CCOCC1CCCO1,6.264744281768799,6.159478187561035,6.212111234664917
CC1=CC(C)(C)Nc2ccc3c(c21)COc1c(F)cc(F)cc1-3,5.648677825927734,6.601749897003174,6.125213861465454
CC(=NNc1nc(-c2ccccc2O)cs1)c1cccs1,5.706881523132324,5.457925319671631,5.5824034214019775
O=C(NCC1CCN(Cc2ccc(Cl)cc2)CC1)c1cc2cc(F)ccc2o1,6.937064170837402,4.541976451873779,5.739520311355591
O=C(C=Cc1ccc(O)cc1)Nc1ccccc1F,4.970003604888916,6.20975923538208,5.589881420135498
Clc1ccc(OCCOn2cnc3ccccc32)cc1,4.63048267364502,6.213215351104736,5.421849012374878
C#CC1=CCC(N(CCCC)CCCCCCNc2c3c(nc4ccccc24)CCCC3)C(=O)C1,7.42218542098999,4.866948127746582,6.144566774368286
COc1ccc2c(c1)C(=O)N(Cc1ccc(Cl)cc1)C2=O,5.296846866607666,6.083914756774902,5.690380811691284
COc1cccc(C=Cc2cc[n+](C)cc2)c1,3.605097770690918,4.735069751739502,4.17008376121521
COc1ccc(-c2cc(O)c3cc(-c4ccc(Cl)cc4)c(C)cc3n2)cc1,4.929680824279785,6.263977527618408,5.596829175949097
O=C1c2ccccc2-c2nc3nnnn3nc21,4.122465133666992,3.952200412750244,4.037332773208618
COc1ccc(-c2onc3ccc(C)cc23)cc1,4.632215023040772,6.187245845794678,5.409730434417725
Cc1ccc(N2CCN(C(=O)C3Oc4ccccc4C3O)CC2)cc1C,6.047460079193115,5.315724849700928,5.6815924644470215
CC1=NC(=O)CC(c2ccc(F)c(F)c2)C1C(=O)NCc1ccc2c(c1)OCO2,5.162317752838135,6.310708999633789,5.736513376235962
CCN(CC)CCOc1ccc(C=C2C(=O)Nc3ccc(Cl)cc32)cc1,5.233180522918701,5.886155128479004,5.5596678256988525
COc1ccc(C(=O)NCCCCN2CCN(c3ccc([N+](=O)[O-])c(Cl)c3)CC2)cc1OC,6.156185150146484,4.563995361328125,5.360090255737305
O=C(O)C(=O)C1Cc2ccccc2CN1S(=O)(=O)c1ccc(Br)cc1,5.619795322418213,4.442719459533691,5.031257390975952
C#CCN(C)C1CCc2ccc(O)cc21,3.307288646697998,6.375480651855469,4.841384649276733
COc1ccc(C(=O)C=Cc2ccc(Br)cc2)c(O)c1,4.434878349304199,6.227317810058594,5.3310980796813965
O=C(O)CCCCSCCN1C(=O)OCC1C=CC(O)C1,,,
Cc1ccc(N=Cc2ccc(-c3cccc(C(=O)O)c3)o2)cc1,5.064585208892822,5.495368957519531,5.279977083206177
COc1ccc(OC)c(CN2CCC(C(=O)c3ccc(OC)cc3)CC2)c1,5.346211910247803,3.8281478881835938,4.587179899215698
Cc1ccccc1NC(=O)Cc1ccc(-c2ccccc2)cc1,4.981003761291504,3.9165501594543457,4.448776960372925
COc1ccc(C(=O)CCC(=O)NCc2ccccn2)c(OC)c1,5.797159671783447,5.149631023406982,5.473395347595215
COc1ccc2oc(C(=O)Nc3ccc(C)c(S(=O)(=O)N4CCCC4)c3)c(C)c2c1,6.841125011444092,5.287053108215332,6.064089059829712
Fc1cccc(C=Cc2nc3ccccc3n2-c2ccccc2)c1,4.873444080352783,5.045158386230469,4.959301233291626
CC#CC1(O)CCC2C3CC=C4CC(=O)CCC4=C3C(c3ccc(P(=O)(O)O)cc3)OC21C,5.2750678062438965,7.167990684509277,6.221529245376587
Cc1ccc(NCc2ccc(-c3ccc(F)cc3)nc2)cc1,4.585501194000244,5.553218841552734,5.069360017776489
COc1ccc(NC(=O)c2ccc(C(N)=O)cc2)cc1,5.277721881866455,5.795505523681641,5.536613702774048
COC(=O)c1cc(NCc2c[nH]c3ccccc23)cc(C(=O)NC(CCN)C(=O)OC(C)(C)C)c1,4.680383205413818,3.987862348556519,4.3341227769851685
COc1ccc(-c2nc(SCCCCCCCNc3c4c(nc5ccccc35)CCCC4)[nH]c2-c2ccc(OC)cc2)cc1,6.262445449829102,5.194498062133789,5.728471755981445
CN(C)C(=O)Oc1cccc(C2OC(=O)C3CCCN32)c1,6.510461807250977,4.873241424560547,5.691851615905762
O=C(CCc1c[nH]c2ccccc12)NCCCCCCCNc1c2c(nc3cc(Cl)ccc13)CCCC2,8.849936485290527,4.7565598487854,6.803248167037964
CCOC(=O)c1c(C)[nH]c(C=C2C(=O)Nc3ccccc32)c1C,5.899581909179688,5.564034461975098,5.731808185577393
Nc1ncc(C(F)(F)F)cc1-c1ccc2c(c1)C(c1ccccc1Cl)=NCC2,5.877511501312256,5.617550849914551,5.747531175613403
CCNc1nc2cc(Cl)c(OC)cc2nc1NCC,5.469867706298828,4.512338638305664,4.991103172302246
Cc1cc2c(CC(=O)OC(C)C)coc2c(C)c1OC(=O)N(C)C,5.190437316894531,4.347897529602051,4.769167423248291
O=C(CCc1ccc2ccccc2c1)NN=Cc1ccc(O)c(O)c1,4.899264812469482,5.9603471755981445,5.4298059940338135
O=C(O)c1ccc([N+](=O)[O-])cc1NCCCCC(=O)N1CCCCC1,6.333103656768799,5.295032501220703,5.814068078994751
COc1cc2c(cc1O)C(c1cccc([N+](=O)[O-])c1)NCC2,4.580398082733154,5.738528251647949,5.159463167190552
N#Cc1ccc2c(c1)c(=O)oc1ccccc12,4.520279407501221,6.183121204376221,5.351700305938721
CCCCC1CCN(CCCC(=O)c2ccccc2C)CC1,6.209673881530762,3.876162052154541,5.042917966842651
COc1cc(C=C2C=CC(=C3CCN(C)CC3)CC2=O)ccc1O,5.41972017288208,5.662971496582031,5.541345834732056
O=C(c1cc2cc3cc([N+](=O)[O-])ccc3oc2cc1O)N1CCCCC1,,,
Cc1nc(Nc2nc(-c3ccc4ccccc4c3)cs2)cc(N2CCN(C)CC2)n1,5.551967144012451,6.017662525177002,5.784814834594727
COc1cccc2c1OC(CN1CCCC1)CC2F,5.177886486053467,4.641828536987305,4.909857511520386
NCCCCCC(=O)Nc1ccc2c(c1)C(=O)c1cc(-c3ccccc3)ccc1C2=O,4.5394368171691895,6.307331562042236,5.423384189605713
N#Cc1cccnc1NCC=Cc1cccc(Cl)c1,5.456737041473389,5.735763072967529,5.596250057220459
CC(=O)c1c(C)c2cnc(Nc3ccc(N4CCN(C)CC4)cc3)nc2n(C2CCCC2)c1=O,5.983206748962402,5.556899070739746,5.770052909851074
COc1cc(OC)c(NC(=O)c2sc3nc4c(cc3c2N)C(=O)C4)cc1Cl,6.990866184234619,3.6449766159057617,5.31792140007019
Oc1nc2ccccc2n1C1CCN(Cc2ccc(-c3nc4ccccc4o3)cc2)CC1,5.629294395446777,4.919894695281982,5.27459454536438
NC(=O)CSc1nc2ccc3ncnc(Nc4ccccc4)c3c2s1,5.2021026611328125,5.376773357391357,5.289438009262085
CN1CC=CC(c2nsnc2OCCOCCOCCOCCOc2nsnc2C23CC4CC(CC(C4)C2)C3)C1,5.387782573699951,6.874692916870117,6.131237745285034
CC(CCc1ccccc1)NCCC(O)c1ccc(O)c(CO)c1,4.02745246887207,4.490395545959473,4.2589240074157715
CS(=O)(=O)c1ccc(CNC(=O)c2ccc3ncsc3c2)cc1,5.3774261474609375,5.011913299560547,5.194669723510742
NC(Cc1c[nH]c2ccccc12)C(=O)Nc1cncc(C=Cc2ccncc2)c1,4.912251949310303,5.379470348358154,5.1458611488342285
CC1CCN(CCOc2ccc(C3Oc4ccc(O)cc4SC3c3ccc(O)cc3)cc2)CC1,5.81924295425415,5.162752628326416,5.490997791290283
Oc1nc2c(O)ccc(C(O)CNCCc3ccc(CNCCc4c(Cl)cccc4Cl)cc3)c2s1,5.253626823425293,4.708065986633301,4.980846405029297
N#CC(=Cc1ccc(O)c(O)c1)C(=O)NCCCCNc1c2c(nc3ccccc13)CCCC2,7.929368019104004,5.122817516326904,6.526092767715454
COc1ccc(Sc2cc(C=C3SC(=S)N(c4ccccc4)C3=O)c3ccccc3n2)cc1,5.652038097381592,4.576446533203125,5.114242315292358
Cc1noc(C2CC3CC(C2)c2cccc(=O)n2C3)n1,5.526051998138428,6.435135841369629,5.980593919754028
Cc1nnc2sc(C=Cc3ccc(Br)s3)nn2c1=O,6.321415424346924,6.481771469116211,6.401593446731567
N#CC(C#N)=NNc1cc(O)cc(OC(=O)Nc2ccccc2)c1,5.847320556640625,4.728352546691895,5.28783655166626
CC(=O)c1cccc(-c2cnc3[nH]ccc3c2)c1,5.0180487632751465,6.212108612060547,5.615078687667847
CN1CCN(c2nc(C=C3C(=O)Nc4ccccc43)cs2)CC1,5.245874404907227,5.614315032958984,5.4300947189331055
N#CC(=CC=Cc1ccccc1)C(=O)N1CCOCC1,5.12426233291626,6.244272232055664,5.684267282485962
O=S(=O)(Nc1ccc2c(c1)OCCO2)c1cn[nH]c1,5.022092819213867,4.562828063964844,4.7924604415893555
Cc1cccc(-c2cc3cc(F)ccc3oc2=O)c1N,5.782899379730225,5.542444229125977,5.662671804428101
C#CCN(C)CCc1ccccc1OCCc1ccccc1,4.233119964599609,6.148807048797607,5.190963506698608
CCOC(=O)c1c(C)[nH]c(C(=O)CCN2CCCCC2)c1C,7.165866851806641,4.418931007385254,5.792398929595947
COc1ccncc1-c1ccc2c(c1)OC(=O)C1CCC=C21,5.7069926261901855,6.685813426971436,6.1964030265808105
O=[N+]([O-])c1cc2cc(O)ccc2cc1O,4.827965259552002,6.095975875854492,5.461970567703247
C#CCN(C)C1CCc2ccc(O)cc21,3.307288646697998,6.375480651855469,4.841384649276733
CCCCC[N+]12CCC(CC1)C(OC(=O)C1(C3=CCC=C3)CCCCCC1)C2,5.197873592376709,4.642039299011231,4.91995644569397
COc1ccc2c(c1)C(=O)C(=O)N2CCCOc1ccccc1,6.016007900238037,6.291599273681641,6.153803586959839
CC(=O)Nc1cc(Oc2cccc(C(F)(F)F)c2)ccc1OCC(=O)Nc1cccc(N)c1,6.115147113800049,5.141612529754639,5.628379821777344
Nc1ccccc1Oc1ccc(C=Cc2ccccc2)cc1,5.726349830627441,5.032008647918701,5.379179239273071
CCN(CC)CC#Cc1ccc2c(c1)-c1n[nH]c(-c3ccc(C#N)nc3)c1C2,5.7091145515441895,5.661708831787109,5.685411691665649
Oc1occ2ccc(OCCCCN3CCC(c4noc5cc(F)ccc45)CC3)cc12,6.507151126861572,6.436262130737305,6.4717066287994385
N#Cc1ccc(-c2ccc(OCCO)c(OC(F)F)c2)nc1,4.538455009460449,5.741299629211426,5.1398773193359375
O=C(COc1ccc2oc3ccccc3c(=O)c2c1)NCCO,5.51545000076294,5.164426326751709,5.339938163757324
CCOC(=O)c1cc2ccc(OC3CCN(CC(O)COc4ccc(C(=O)c5ccc(OC(C)=O)cc5)cc4)CC3)cc2o1,6.035770416259766,5.09062385559082,5.563197135925293
O=C1NC(=O)C(=Cc2ccc(Oc3ccccc3)cc2)S1,6.846264839172363,5.390491485595703,6.118378162384033
Cc1ccc(C)c(OCc2cc(I)cc(I)c2)c1,4.814805507659912,7.540712356567383,6.1777589321136475
COc1ccc2c3c1OC1CC(O)C=CC31CCN(CCCCCCCN)C2,6.316540718078613,5.24485445022583,5.780697584152222
Cc1cc(Oc2ccc(Cl)cc2)ccn1,5.3574419021606445,5.283214092254639,5.320327997207642
CCN(CC)CCOc1ccc(C2=C3c4ccc(O)cc4OCCC3c3ccccc3O2)cc1,5.495931625366211,5.530752658843994,5.5133421421051025
O=c1ccoc2nc(O)c(O)cc12,5.101438999176025,3.7483744621276855,4.4249067306518555
O=C(O)c1cc2ccc(C3CCCC3)c-2[nH]c2ccccc12,,,
OC(CN1CCN(c2ccccc2)CC1)c1ccc(Cl)cc1,4.204715728759766,4.379833221435547,4.292274475097656
Cc1ccc(S(=O)(=O)N2CCCC2C(=O)O)cc1,6.256241798400879,4.177563190460205,5.216902494430542
Cc1ccccc1C1C(=O)N=C2CCCCCC2C1=O,6.040252685546875,6.683961391448975,6.362107038497925
CNc1nc(C)c(-c2ccnc(Nc3ccc(N4CCNCC4)cc3)n2)s1,5.034691333770752,6.343363761901856,5.689027547836304
COc1ccc(C=CC(=O)c2c(O)cc(O)cc2O)cc1Br,4.566407203674316,5.738913536071777,5.152660369873047
O=C1C(=O)c2ccccc2C(O)C1=Cc1ccc(OCCN2CCOCC2)cc1,4.9593586921691895,5.940196990966797,5.449777841567993
CC1=Nc2cc(C(=O)NCc3ccc(Cl)cc3)ccc2Sc2ccccc21,5.554586887359619,4.9146223068237305,5.234604597091675
COC1=CC=C2c3c(cc(OC)c(OC)c3OC)CCC(=NC(C)=O)C2CC1=O,5.275851249694824,4.421726226806641,4.848788738250732
O=C1CCc2ccc(OCCCCN3CCCN(c4cccc(Cl)c4Cl)CC3)nc2N1,5.58849573135376,5.119990825653076,5.354243278503418
CC1CCCN(C(=O)C=Cc2cc[n+](CCC=Cc3ccccc3)cc2)C1,5.116576194763184,4.507716655731201,4.812146425247192
O=C(c1ccc(SCc2ccccc2)cc1)N1CCN(c2ccccc2)CC1,4.909302711486816,4.460227966308594,4.684765338897705
COc1c(C(=O)NC2CCCCC2)cc(Br)c2cccnc12,5.542000770568848,4.972668170928955,5.257334470748901
c1ccc(CSCCn2cc(-c3ccccc3)c3ccccc32)cc1,4.314853191375732,4.26495885848999,4.289906024932861
CCOc1cc(C=C2C(=O)ON=C2c2ccc(Br)cc2)ccc1OCc1cccc(F)c1,5.239284038543701,6.982809543609619,6.11104679107666
O=c1cc(-c2ccc(I)cc2)oc2ccccc12,4.865926265716553,5.343967437744141,5.104946851730347
CCN(CC)CCN1CCC(Cc2ccc(F)cc2)CC1,5.315609455108643,3.9402356147766113,4.627922534942627
CC(C)Nc1cccc(C2=NN(c3ccccc3)C(c3ccccc3)C2)c1,5.667503356933594,3.938124418258667,4.80281388759613
Cc1ccc(C(=O)Nc2cccc(C(F)(F)F)c2)cc1-c1ccc(CN2CCNCC2)o1,5.642771244049072,5.383294105529785,5.513032674789429
CC1=CC(C)(C)Nc2ccc3c(c21)C(=Cc1ccccc1C)Oc1ccccc1-3,5.099941253662109,5.996954917907715,5.548448085784912
CCC(=O)N1CCC(C(=O)N2CC=C(c3ccc(F)cc3)CC2)CC1,5.494421005249023,4.612207889556885,5.053314447402954
CCCCCCCCCC=CCCCCCCCCC[n+]1ccccc1,5.606542587280273,4.978184223175049,5.292363405227661
CCOC(=O)C(C#N)=Cc1cn(-c2ccc(COC)cc2)c2ccccc12,4.508775234222412,5.718719005584717,5.1137471199035645
CNC(=O)c1ccc2c(c1)S(=O)(=O)c1ccc(C(C)(C)C)cc1C2=O,6.239567756652832,5.747064590454102,5.993316173553467
CC(=O)c1ccc(C)c(NC(=O)c2cccc(OCCCCCCNc3c4c(nc5ccccc35)CCCC4)c2)c1,7.40236759185791,4.997048377990723,6.199707984924316
CC(C)CN(C)CCC#CCOc1ccc2c(c1)-c1n[nH]c(-c3ccc(C#N)nc3)c1C2,4.854893207550049,5.475218772888184,5.165055990219116
COc1ccccc1NC(=O)N1CCN(c2cc(C)cc(C)c2)CC1,5.618284225463867,4.123749732971191,4.871016979217529
COc1cc(CNC2CCC(C(=O)N3CCC(C(=O)NCc4ccccn4)CC3)CC2)cc(OC)c1,5.020714282989502,3.8134279251098633,4.417071104049683
c1ccc(-c2ccc3oc(N4CCCCC4)nc3c2)cc1,4.969876289367676,5.767158508300781,5.3685173988342285
CC(=O)OCC(=O)C1(O)Cc2c(O)c3c(c(O)c2C(OC2CC(N(C)C)C(C)O2)C1)C(=O)c1ccccc1C3=O,5.954826354980469,4.181684494018555,5.068255424499512
O=C(Cc1ccc(Cl)c(Cl)c1)N1CCC2(CC1)OCCO2,5.216339111328125,4.85617208480835,5.036255598068237
COc1cccc2c1C(=O)c1c(O)c3c(c(O)c1C2=O)CC(O)(C(C)=O)CC3OC1CC(N)C(O)C(C)O1,6.87997579574585,3.74082612991333,5.31040096282959
CCCC1=NN2C(=O)CC(=COC(=O)c3ccncc3)N=C2S1,5.96566104888916,5.314770221710205,5.640215635299683
COc1ccc(Cn2c(CCc3c[nH]c4ccccc34)nnc2C(C(=O)NC2CCCCC2)c2ccc(OC)cc2)cc1,6.279875755310059,4.5503010749816895,5.415088415145874
N#Cc1ccc(-c2ccc(Nc3nc4ccccc4o3)cc2)cc1,5.423922061920166,5.858476638793945,5.641199350357056
OC(c1ccccc1)(c1ccccc1)C12CC[N+](CCOc3ccccc3)(CC1)CC2,3.960819959640503,3.7735424041748047,3.867181181907654
Cn1cc(-c2nc3c4cc([N+](=O)[O-])ccc4nc-3o2)cn1,,,
CC1=Nc2cc(C(F)(F)F)ccc2Sc2ccc(C)cc21,5.775998592376709,6.784733772277832,6.2803661823272705
O=C(C=Cc1ccc(O)c(O)c1)NCc1ccccc1,4.251646041870117,5.624092102050781,4.937869071960449
O=C(OCCOc1ccc2c(c1)OCO2)c1ccc(Cl)cc1,4.0439863204956055,6.207069873809815,5.12552809715271
CN(C)C1CCN(CCCOc2ccc3c(c2)-c2n[nH]c(-c4ccc(C#N)nc4)c2C3)CC1,6.0104146003723145,5.449175834655762,5.729795217514038
CC=CCc1cccc2c1C(=O)N(COC(=O)c1ccc(Cl)c(Cl)c1)S2(=O)=O,5.636797428131104,6.161818027496338,5.899307727813721
Clc1cc(-c2c[nH]c3ncccc23)cc(NCc2ccccc2)n1,4.785741329193115,5.018771171569824,4.90225625038147
CC(=O)c1ccc(NC(=O)c2cc3c(=O)n4cccc5cccc(c45)C(=O)NC3=O)cc2)cn1,,,
CC(C)=CC1CC(O)(CO)Oc2cc(OCc3ccccc3)ccc21,3.9063005447387695,5.170178413391113,4.538239479064941
Cc1ccc(NC(=O)c2cccnc2Oc2ccc(N(C)C)cc2)c(C)c1,6.037791252136231,5.371785640716553,5.704788446426392
CC1=NC(=O)CC(c2ccc(C(F)(F)F)cc2)C1C(=O)NCc1cccc(C)c1,5.621467590332031,6.544466495513916,6.082967042922974
O=C(CCCCCNc1c2c(nc3cc(Cl)ccc13)CCCC2)NCCc1cccs1,8.961454391479492,4.731857299804688,6.84665584564209
O=C(Nc1ccc2nc(-c3ccco3)c(-c3ccco3)nc2c1)NC1CC1,6.021580219268799,4.76436185836792,5.392971038818359
O=C(NN=Cc1ccc(O)c(O)c1)OCc1ccccc1,5.482535362243652,4.893387794494629,5.187961578369141
Cc1ccc(SCC(CO)NCCNc2c3c(nc4ccccc24)CCCC3)c(C)c1,6.117176532745361,4.782310485839844,5.4497435092926025
COc1ccc(Cn2c(=O)c3ccccc3n(CC(=O)O)c2=O)cc1,5.636563301086426,4.323558807373047,4.980061054229736
Cc1c2c(n3c1CCN1CCC(C)(C)C1)CC(C)C(C)CC2=O,,,
CCOc1ccc(-c2nnc(SCCN3CCCC3=O)o2)cc1,6.396964073181152,7.112487316131592,6.754725694656372
COc1cc2c(cc1OC)C(=O)C(Oc1ccc(C#N)cc1)C2,6.351208686828613,4.986063957214356,5.668636322021484
COC(=O)C1=C(c2ccccc2)C(c2ccccc2)N(C(C)=O)C1,5.217339515686035,4.374770164489746,4.796054840087891
CC(=O)c1ccc(OCCCCOc2ccc3c(c2)OCO3)cc1,5.605742931365967,6.901561737060547,6.253652334213257
CC1CCCN1CCc1cc2cc(C(=O)c3ccccc3)ccc2o1,5.972172737121582,4.16346549987793,5.067819118499756
COc1ccccc1C=CCN1CCC(NCc2cccc3ccccc23)CC1,4.374853610992432,3.8625781536102295,4.118715882301331
N#Cc1cc2c(O)c(-c3ccccc3)c(O)nc2cc1Cl,5.209732055664063,5.574551582336426,5.392141819000244
Cc1cc(O)c2c(c1)OC(c1ccccc1)C(C(=O)OC(C)C)C2=O,5.5955915451049805,4.356016635894775,4.975804090499878
O=C(Nc1ccccc1C(=O)NC1CCCCC1)c1cc2ccoc2s1,6.306042671203613,6.183911323547363,6.244976997375488
CCc1ccc2c(c1)sc(=Nc1ccccc1)n2C,5.950098991394043,4.595615863800049,5.272857427597046
COc1cc2c(cc1OC)CN(CCCCCCNc1c3c(nc4ccccc14)CCCC3)CC2,7.949421882629394,4.160681247711182,6.055051565170288
c1ccc(C2=NN=C(NC3CC3)SC2)cc1,6.228588104248047,5.645665645599365,5.937126874923706
Nc1c(C(=O)c2ccc([N+](=O)[O-])cc2[N+](=O)[O-])cnn1-c1ccccc1,5.699951171875,3.7689785957336426,4.734464883804321
O=C(Cc1ccc(F)cc1)N1CCN(c2ccc([N+](=O)[O-])cc2)CC1,4.460718154907227,5.723231315612793,5.09197473526001
CN(C)C(=O)Oc1ccc2c(c1)c1c3c(c4c(c1n2C)CCCC4=O)CCCC3,6.382464408874512,4.059849262237549,5.22115683555603
CC(C)(CCC(=O)OC(C)(C)C)CN1C(=O)C(=O)c2ccccc21,5.255908966064453,4.223288059234619,4.739598512649536
CNC(=O)C1CCC(c2ccc(N3CCOCC3)cc2)CC1,4.578187942504883,5.166929721832275,4.872558832168579
Cc1ccc(-c2noc(-c3cc(C)nc(N4CCCC4)c3)n2)cc1,5.945950031280518,6.890307903289795,6.418128967285156
c1cnc2nc(-c3ccc4[nH]ncc4c3)c(NC3CCCCC3)n2c1,5.52295446395874,5.693096160888672,5.608025312423706
CN(C1CCN(Cc2ccccc2)CC1)S(=O)(=O)N1CCCCC1,5.373549938201904,4.1148786544799805,4.744214296340942
COc1ccc(CC(=O)NNC(=O)C2COc3ccccc3O2)cc1,5.35836124420166,3.901968002319336,4.630164623260498
Cc1ccccc1-c1cccc(NC(=O)c2cccs2)c1,5.035367488861084,5.294610500335693,5.164988994598389
O=C1c2ccccc2C(=O)N1CCCc1ccccc1,5.196284770965576,5.531192779541016,5.363738775253296
Cc1nc(C=Cc2ccccc2)sc1-c1ccnc(N)n1,5.152748107910156,6.036481857299805,5.5946149826049805
CC(=O)Nc1cccc(CN=C2C(=O)C(=O)C2Nc2ccc3[nH]ncc3c2)c1,6.079039573669434,4.887251377105713,5.483145475387573
CC(C)(C)C(=O)Oc1ccc2c(c1)nc(NC(=O)c1cccc([N+](=O)[O-])c1)n2CCCO,6.017033100128174,5.209296703338623,5.613164901733398
Cc1cc(C)c(C(=O)CCC(=O)c2ccc(F)cc2)c(O)c1,5.686625480651856,6.004088878631592,5.845357179641724
CCCCCCCOC(=O)C1(C2CCCCC2)CCN(C)C1,4.914335250854492,4.83689022064209,4.875612735748291
COc1cccc(C=CC(=O)c2cc(Cl)ccc2O)c1,4.950140953063965,6.0780110359191895,5.514075994491577
CC1=CC(=O)c2ccccc2C1=O,4.898342132568359,6.395740032196045,5.647041082382202
CCC(=O)CCc1c(C)nc2cc3c(cc2c1C)OCCO3,5.737691402435303,5.573736190795898,5.655713796615601
CCN(CC)Cc1ccc(OCCCCN2CCCCC2)cc1,6.027772426605225,4.076015949249268,5.051894187927246
COc1ccc(C2=Nc3ccccc3C(=O)C2)cc1OC,6.512019634246826,5.476972579956055,5.99449610710144
O=C(Nc1ccc2ccccc2c1)Nc1ccccc1,4.885266304016113,5.392512798309326,5.13888955116272
COc1ccccc1OCc1ccc(C(=O)O)c(OC(C)C)c1,5.563624382019043,4.438819885253906,5.001222133636475
Cc1c(C)c2ccc(OCCCCC(=O)O)cc2oc1=O,4.723121643066406,7.116424083709717,5.9197728633880615
Cc1cc2cc(CNC(=O)c3ccccc3[N+](=O)[O-])c(O)nc2o1,6.803995132446289,4.312471866607666,5.5582334995269775
COc1ccc(C2C3CN(C)CC=C3C(C#N)C2(C#N)C#N)cc1,4.240711688995361,6.046520709991455,5.143616199493408
O=C(CCC1CCN(Cc2cccc(Cl)c2)CC1)c1ccc2c(c1)OCCO2,6.903127670288086,4.670234203338623,5.7866809368133545
O=C(NCC1CCCO1)c1ccc(-c2ccccc2)o1,6.604536056518555,5.496147155761719,6.050341606140137
Cc1ccc2oc(-c3ccc(NC4CCCC4)cc3)nc2c1,5.928441524505615,5.627816200256348,5.7781288623809814
O=C(C=Cc1ccc(Br)o1)NCCc1ccccn1,4.35322380065918,6.503621578216553,5.428422689437866
CCCc1nc(CN2CCN(c3cccc(Cl)c3)CC2)c(C(=O)OCC)[nH]1,5.841859817504883,4.604336261749268,5.223098039627075
CC(C)CN(c1ccc2oc(=O)c(C(=O)O)cc2c1)S(=O)(=O)c1ccc(F)cc1,5.849505424499512,5.339591026306152,5.594548225402832
O=C1CCc2ccc(OCc3cccc(Br)c3)cc2N1,4.1076507568359375,7.25252628326416,5.680088520050049
CC1=CC2OC3CC4OC(=O)C=CC=CC(C)C(=O)C4(C)C3(F)C(O)CC2(C)C1=O,5.303347587585449,7.85365104675293,6.5784993171691895
Cc1ccccc1NC(=O)N1CCC(C(C)(C)NC(=O)OC(C)(C)C)CC1,5.318821430206299,3.2990198135375977,4.308920621871948
CCOC(=O)C1C(COc2cccc(C(=O)OC3CCCC3)c2)=NC(=O)NC1C,5.165502548217773,5.013034820556641,5.089268684387207
Nc1ccc2c(c1)C(=O)C(=O)c1ccccc1-2,5.216421127319336,5.570797443389893,5.393609285354614
CN1CCN(C(=O)CCc2ccc(-c3cc(Br)ccc3O)cc2)CC1,5.240211009979248,5.100083827972412,5.17014741897583
CCc1cccc(CC)c1NC(=O)CN1C(=O)c2ccccc2S1(=O)=O,6.016499042510986,4.804877281188965,5.410688161849976
O=[N+]([O-])c1ccc2nc(-c3ccccc3)cn2c1,4.6724958419799805,4.640857696533203,4.656676769256592
COc1ccc(S(=O)(=O)NC2CCCCC2)cc1NC(=O)c1ccccc1,5.302607536315918,4.759276390075684,5.030941963195801
COc1cccc(CN(Cc2cccnc2)C(=O)CCCCC(=O)Nc2ccc(C)cc2)c1,5.481175899505615,4.080104827880859,4.780640363693237
CCOC(=O)c1ccc(NC(=O)NC(=O)c2ccc3ccccc3n2)cc1,6.220280647277832,5.274252891540527,5.74726676940918
CCCCOc1ccc(C(=O)C=CC(=O)N(CCC)c2ccccc2OC)cc1,5.646455764770508,5.879635810852051,5.763045787811279
CC#CCOc1ccc(S(=O)(=O)N(C)c2c(C)cc(C)cc2C)cc1,5.405337333679199,5.940830707550049,5.673084020614624
Fc1ccc(-c2cc3nccn3c(Nc3ccccc3C(F)(F)F)n2)cc1,5.939184188842773,5.564268589019775,5.751726388931274
O=[N+]([O-])c1cc2c(cc1CNCCO)OCO2,4.507847309112549,4.787417411804199,4.647632360458374
CC(=O)Oc1ccc2c(=O)c(Oc3cccc(Cl)c3)coc2c1,6.846214771270752,4.896773338317871,5.8714940547943115
COc1cc(C(=O)NNc2c3c(nc4ccccc24)CCCC3)cc(OC)c1OC,6.416379928588867,4.272161960601807,5.344270944595337
CNC(=O)CN1CCC(c2ccc(C(=O)Nc3ccccc3)cc2)CC1,6.074428558349609,4.617171287536621,5.345799922943115
Fc1cccc(F)c1CN1CCCC(COc2ccc3c(c2)C2(CCCC2)OC3)C1,5.620339870452881,5.4419660568237305,5.531152963638306
Cc1cccc(-c2c[nH]c(O)c2Oc2ccc(O)cc2)c1,5.765989303588867,4.860475540161133,5.313232421875
Cc1ccc2oc(=O)n(Cc3ccccc3)c2c1,5.500634670257568,4.992849826812744,5.246742248535156
OCc1ccc(-c2ccc3c(c2)OCCO3)cc1,3.733473777770996,5.729161739349365,4.731317758560181
CC(=O)c1cc(OCCCCC(=O)NCc2ccccc2)ccc1O,5.843955993652344,5.634379386901856,5.7391676902771
COc1cc(C=C2SC(=S)N(CCCC(=O)Nc3ccc(F)cc3)C2=O)cc(OC)c1OC,6.581676006317139,5.013190269470215,5.797433137893677
CCCCCCCCCCCCCCCNC(C)C(O)P(=O)(O)O,5.393817901611328,6.454134464263916,5.923976182937622
CCn1c(C)cc(C(=O)COc2ccc(C=C3SC(=O)N(CCN3CCOCC3)C3CC3)cc2)c1C,,,
NCCCCCCCNc1c2c(nc3ccccc13)CCCC2,6.3862152099609375,4.1625752449035645,5.274395227432251
C#CCN(C)C(C)Cc1ccccc1,4.207381248474121,6.7008585929870605,5.454119920730591
CC(C)Oc1ccc(C(=O)C=Cc2cccc([N+](=O)[O-])c2)cc1,5.439935207366943,4.716968536376953,5.078451871871948
CC(C)C(=O)NC1CCCN(c2ccc(C(C)C)cc2NC(=O)c2cc3cccnc3cn2)C1,4.992883682250977,4.562134265899658,4.777508974075317
CCCC(=O)Nc1ccc(Oc2cccc3c2OCCO3)cc1,6.40819263458252,5.708523273468018,6.0583579540252686
CC(C)Nc1c2ccc(C(F)(F)F)cc2nc2ccc(C)cc12,4.905554294586182,5.368733406066895,5.137143850326538
CC1(O)CC(c2nc(-c3ccc4ccc(-c5ccccc5)nc4c3)c3c(N)nccn23)C1,5.404967308044434,4.488371849060059,4.946669578552246
COc1ccc(-c2nc(-c3ccc(F)cc3)c(-c3ccncc3)[nH]2)cc1,5.342045307159424,5.725545883178711,5.533795595169067
Cc1nn(-c2ccccc2)c2c1c(=O)c1cc(Cl)ccc1n2O,5.413047790527344,5.020651340484619,5.2168495655059814
O=C(CCCN1CCC2(CC1)C(=O)NCN2c1ccccc1)c1ccc(F)cc1,5.4049973487854,5.378742218017578,5.391869783401489
CC(=O)NC(C(=O)N(C)CCC#N)C(C)C,3.499829053878784,3.680394172668457,3.5901116132736206
N#Cc1cccc(NC(=O)Nc2ccc(Oc3ccc4nc(NC(=O)OC5CC5)sc4c3)cc2)c1,7.193943023681641,5.134555339813232,6.1642491817474365
CNCc1ccc(-c2[nH]c3cc(F)cc4c3c2CCNC4=O)cc1,7.384678840637207,5.263588905334473,6.32413387298584
Clc1ccc(-c2nnc(N3CCCC3)o2)cc1,6.028356075286865,6.710754871368408,6.369555473327637
O=C1NCCc2[nH]c3c(ccc4cnc(C=Cc5ccccc5)cc43)c21,6.30390214920044,6.543728828430176,6.423815488815308
COc1cc2c3c(c1)C(=O)C(=O)C3(C)C,,,
CN(C)C1C(=O)C(C(N)=O)=C(O)C2(O)C3C(=O)c4c(O)cccc4C(C)(O)C3C(O)C12,6.452912330627441,6.651930809020996,6.552421569824219
Cc1ccc2nc3cc(Cl)ccc3c(Nc3ccc(CCN4CCN(C)CC4)c(Cl)c3)c2c1,6.357872009277344,5.195064067840576,5.77646803855896
COc1cccc(NC(=O)CSc2nnc(-c3ccccc3)n2N)c1,5.99267053604126,4.231756210327148,5.112213373184204
COc1cc2c(cc1OC)C(=O)C(=Cc1ccc(C(=O)O)cc1)C2,6.121448040008545,5.752699851989746,5.9370739459991455
CCOC(=O)C1=CC2CC=CCC(=O)C2Oc2c1sc1ncnc(N)c21,4.124137878417969,4.377501964569092,4.25081992149353
O=C(c1ccco1)N1CCCC2(CCN(c3ccnc(Cl)n3)CC2)C1,4.997434616088867,5.347742557525635,5.172588586807251
Fc1ccc(-c2csc(NN=Cc3c[nH]c4ccccc34)n2)cc1,5.503403663635254,5.503995895385742,5.503699779510498
O=C(Cc1ccc(F)cc1)OCC1CCCO1,4.306697368621826,5.724190711975098,5.015444040298462
COc1cc(N)c(Cl)cc1C(=O)NC1CCN(CCCOc2ccc(F)cc2)CC1OC,5.881951808929443,4.603035926818848,5.2424938678741455
NC(COc1cncc(C=Cc2ccncc2)c1)Cc1c[nH]c2ccccc12,4.529887199401856,5.771181106567383,5.150534152984619
Cn1c2ccccc2c2cc(C=NNc3nc4ccccc4o3)ccc21,5.959765911102295,4.585958957672119,5.272862434387207
COc1cc(C=C2CCCCC2=O)ccc1OCc1ccc(I)cc1,4.775830268859863,6.488202095031738,5.632016181945801
O=C1CC(c2ccc(O)cc2)Oc2cc(O)cc(O)c21,4.782194137573242,5.029415130615234,4.905804634094238
Cc1ccc(C(=O)C=CC(=O)NN=Cc2ccc(O)cc2)cc1,4.630965709686279,4.964948654174805,4.797957181930542
COc1ccc(-c2cnc3c(-c4ccsc4)cnn3c2)cc1,4.913379669189453,5.964237213134766,5.438808441162109
C#CCN(C)CCCCCCCCCCCCC,4.026583194732666,6.777723789215088,5.402153491973877
O=[N+]([O-])c1ccc(-c2nc(-c3ccc(F)cc3)c(-c3ccncc3)[nH]2)cc1,5.698388576507568,5.5756707191467285,5.637029647827148
CC12OC(CC1(O)CO)n1c3ccccc3c3c4c(c5c6ccccc6n2c5c31)CNC4=O,5.916484355926514,4.3955254554748535,5.156004905700684
COc1ccc(C=NNc2nc(O)c(CN3CCOCC3)s2)cc1,4.569201469421387,4.752194881439209,4.660698175430298
COc1cccc(-c2cc(=O)oc3cc(OC(=O)c4ccccc4)ccc23)c1,5.888731479644775,5.312922477722168,5.600826978683472
CCN(CC)CCCOc1ccccc1C=CC(=O)n1nc(C)c2ccccc2c1=O,6.179487705230713,5.63201904296875,5.9057533740997314
CN(C)C1CCN(CCC2=Cc3ccccc3COc3ccccc32)CC1,4.931075572967529,4.655056476593018,4.793066024780273
CCC1=CC2Cc3nc4cc(Cl)ccc4c(N)c3C(C1)C2,7.471879482269287,4.369263648986816,5.920571565628052
CC1=CC2Cc3nc4cc(Cl)ccc4c(NCCCCCCCOc4ccc(F)cc4)c3C(C1)C2,7.218399047851562,5.653565883636475,6.4359824657440186
COc1ccccc1-c1ccc2c(c1)N(C(=O)CC=CN(C)C)CCO2,5.380501747131348,4.821565628051758,5.101033687591553
COc1cc2c(cc1OC)C(=O)C(Cl)(Cl)c1ccccc12,6.050336837768555,6.218358516693115,6.134347677230835
CC(=NNC(=O)c1ccccc1)c1ccccn1,5.190493106842041,4.497588157653809,4.844040632247925
O=C(C=Cc1ccc(Cl)c([N+](=O)[O-])c1)N1CCCC1,5.188673973083496,5.446853160858154,5.317763566970825
NC(=O)c1ccc(Nc2nc(-c3ccc4ccccc4c3)cs2)cc1,6.031020164489746,6.062817096710205,6.046918630599976
O=C1C=CC(=O)c2c(O)cccc21,6.011013031005859,7.056286811828613,6.533649921417236
O=C1Cc2cc(OCCCCc3ccccc3)ccc2O1,5.4729743003845215,6.475078105926514,5.974026203155518
COc1ccc2[nH]c3c4[nH]c5ccc(OC)cc5c4c4c(c3c2c1)C(=O)NC4=O,6.67488431930542,5.54923152923584,6.11205792427063
O=C1c2ccccc2C(=O)N1CCc1ccc([N+](=O)[O-])cc1,5.571925163269043,6.005420684814453,5.788672924041748
CCN(CC)CCNC(=O)c1cnc(N)c2c(-c3ccc(NC(=O)Nc4cccc(C)c4)cc3)csc12,6.653180122375488,5.009085178375244,5.831132650375366
N#Cc1ccc2c(=O)c3ccccc3oc2c1,4.368375778198242,4.96717643737793,4.667776107788086
CCCc1cc(O)nc2[nH]nc(-c3cccc(S(=O)(=O)N4CCN(C)CC4)c3)c12,4.99996280670166,5.112978458404541,5.056470632553101
COc1cc2c(cc1OC)C(=O)c1cc(OC)ccc1C2=O,5.881464004516602,5.707646369934082,5.794555187225342
O=C(NC1(c2ccccc2)CCCCC1)c1cc2cc3cc(O)ccc3nc2o1,5.543915748596191,5.416554927825928,5.48023533821106
O=C1CCc2cc(Nc3ncc(F)c(Nc4ccccc4Cl)n3)ccc2N1,5.808760166168213,5.578929424285889,5.693844795227051
Cc1ccc(OCC#CC[N+]2(C)CCCCC2)cc1,5.277007102966309,5.798863410949707,5.537935256958008
CC(C)NC(=O)Nc1cccc(CN2C(=O)C(NC(=O)Nc3cccc(C(F)(F)F)c3)CCc3ccccc32)c1,5.10260009765625,4.551246166229248,4.826923131942749
N#CC=C1N(CCCO)C(c2ccccc2)C1c1ccccc1,4.805640697479248,5.939189434051514,5.372415065765381
Cc1ccc(C(=O)Nc2ccc3oc(=O)ccc3c2)cc1N,5.950132846832275,5.782114028930664,5.86612343788147
O=C1CC(CN2CCCC2)Cc2sccc21,5.766631126403809,4.496602535247803,5.131616830825806
NCCCCCCCN1CCC(Oc2ccc3c(c2)C(=O)NC3=O)CC1,5.853266716003418,5.763747215270996,5.808506965637207
CC(C(O)c1ccccc1)N(C)C(=O)OC1CCCCC1,4.475017070770264,4.798338413238525,4.6366777420043945
CC(C)(C)c1ccc(-c2cc(-c3cc4ccccc4oc3=O)ccn2)cc1,4.6396684646606445,5.634754180908203,5.137211322784424
Cc1cnc(Nc2ccc(OCCN3CCCC3)cc2)nc1Nc1cccc(S(=O)(=O)NC(C)(C)C)c1,5.444833755493164,5.071708679199219,5.258271217346191
Nc1ccc(Oc2ccc3c(c2)CCC=3)nc1,,,
Cc1ccc(C(O)CNc2cccc(C(F)(F)F)c2)cc1F,4.829944610595703,5.785400390625,5.307672500610352
O=c1cc(-c2ccccc2OCc2ccncc2)oc(N2CCOCC2)c1,4.99749231338501,5.461483478546143,5.229487895965576
O=C(O)c1ccc2nc(-c3ccco3)c(-c3ccco3)nc2c1,5.460311412811279,4.107086181640625,4.783698797225952
COC(=O)c1ccc(COc2ccc(-c3nnn(C)n3)cc2)o1,4.612731456756592,5.9138031005859375,5.263267278671265
CC(=O)NC1CCN(c2nc3ncc(C(=O)O)c(O)c3c(C)c2F)C1,4.554536819458008,3.752687692642212,4.15361225605011
CC(=O)N1CCCC1=CCN1C(=O)C(Cc2ccccc2)SC1=S,6.767117500305176,5.125288009643555,5.946202754974365
COc1ccc(C)c2c1NC(=O)C2=NNc1ccc(Cl)cc1,5.671537399291992,4.784608840942383,5.2280731201171875
OC(COc1cccc2[nH]ccc12)CN1CCOCC1,3.3684213161468506,4.45424747467041,3.9113343954086304
N#Cc1cccc(NC(=O)Nc2ccc3c(c2)CCCC3)c1,5.354206085205078,5.693854331970215,5.5240302085876465
Cc1ccc(C(=O)Nc2cc(CN3CCOCC3)cc(C(F)(F)F)c2)cc1,5.413265228271484,5.276759624481201,5.345012426376343
OC1(c2ccccc2)CCN(C(Cc2ccc(Cl)cc2)C(O)c2ccccc2)CC1,4.137656211853027,4.919856548309326,4.528756380081177
Cc1cc(O)nc2ccc(S(=O)(=O)Nc3ccccc3F)cc12,5.692386150360107,4.36175012588501,5.027068138122559
CC1=CC(C)(C)Nc2cc(CCc3ccccc3)ccc21,5.02877950668335,4.585539817810059,4.807159662246704
Cc1cn(-c2cc(NCCN(C)C)cc(C(F)(F)F)n2)cn1,4.552799224853516,6.429727077484131,5.491263151168823
CCCCCCCCCCCCCCCCN1CCCC1,5.122713565826416,5.298031806945801,5.210372686386108
CCN(CC)CC#CCN1C(=O)c2ccccc2C1=O,6.065682411193848,5.284832000732422,5.675257205963135
COC1=CC(=CNNc2nc(-c3ccccc3)cs2)CO1,4.660294055938721,5.078896999359131,4.869595527648926
NC(=O)CN1CCCC(=C2c3ccc(Cl)cc3CCc3cccnc32)C1,5.325788021087647,5.059317588806152,5.192552804946899
CN(C)CCC(=O)NC(COc1cncc(-c2ccccc2)c1)Cc1c[nH]c2ccccc12,4.549068450927734,4.588948249816895,4.5690083503723145
CCCCCn1cc2c3c(cccc31)N(C)C(C(C)CO)CC2,5.749105930328369,5.100111484527588,5.4246087074279785
Fc1ccc(-c2nc3cncc(-c4cccs4)n3n2)cc1,4.999795913696289,5.848427295684815,5.424111604690552
C[N+](C)(C)CCOC(=O)c1cccc(C#N)c1,2.998776197433472,4.031655311584473,3.515215754508972
CN1CCN(c2cccc(-c3cc(C(=O)N4CCOCC4)ccc3Cl)c2)CC1,4.983850955963135,4.525846004486084,4.754848480224609
Cn1c2c(c3ccc(Cl)cc31)C1CCC2C(=O)N2CCO1,,,
O=c1[nH]c2ccccc2n1C1CCN(Cc2ccc(-c3nc4cc5[nH]cnc5cc4nc3-c3ccccc3)cc2)CC1,5.586697101593018,4.845966815948486,5.216331958770752
O=C(Nc1ccc([N+](=O)[O-])cc1)c1cccc(C(F)(F)F)c1,6.016876220703125,5.574195861816406,5.795536041259766
O=C(NC1CCCCC1)c1cccc(-c2cncc(Oc3ccccc3)n2)c1,5.509407997131348,5.251970291137695,5.3806891441345215
O=C1CC(=Cn2ccnc2)c2ccc(OCCCF)cc2O1,5.240510940551758,6.570036888122559,5.905273914337158
CCN1CCN(c2ccc(C(=O)NC3(C(=O)NC(CCCN4CCOCC4)Cc4ccc(Cl)cc4)CCCC3)cc2)CC1,5.001308917999268,4.380804538726807,4.691056728363037
CCN1CCN(c2ccc(C(=O)NC3(C(=O)NCC#N)CCCCC3)cc2)CC1,5.197348594665527,4.51137638092041,4.854362487792969
O=C(CCCCc1ccccc1)N=CC1CCCCC1=O,5.275402069091797,5.153063774108887,5.214232921600342
COc1ccc(N2CCN(C(=O)Cn3sc4nc(C)cc(C)c4c3=O)CC2)cc1,5.707423686981201,5.522294521331787,5.614859104156494
Cn1c(-c2cccnc2)nc2cnccc21,4.271646022796631,4.651464939117432,4.461555480957031
c1ccc2c(NCCCCCCCN3CCCCC3)c3c(nc2c1)CCCC3,8.460330963134766,3.938774108886719,6.199552536010742
CC(C)=Cc1cccc2c1C(=NNc1ccc(S(N)(=O)=O)cc1)C(=O)N2,5.254699230194092,4.245201110839844,4.749950170516968
CN1c2ccc(F)cc2Sc2ccc(C#N)cc21,5.953458309173584,6.451793670654297,6.20262598991394
O=C(NN=Cc1ccc(O)cc1O)Nc1cccc2nsnc12,5.133495330810547,3.733660697937012,4.433578014373779
O=C1CC(=O)c2ccccc2C1=O,6.008968353271484,5.127601146697998,5.568284749984741
S=C(Nc1ccccc1)Nc1cccc2cccnc12,4.854029655456543,4.29470157623291,4.574365615844727
COc1ccc(Nc2nc(Nc3ccc(OC)cc3)ncc2Br)cc1,5.097380638122559,5.32414436340332,5.2107625007629395
CCCc1coc2ccc(NS(=O)(=O)c3ccc(OC)cc3)cc12,5.251785755157471,5.007156848907471,5.129471302032471
Clc1ccc2c(c1)Oc1ccccc1S2,4.488669872283936,4.321387767791748,4.405028820037842
Cc1ccc2c(c1)C(=O)N(CCC1CCCCN1C)c1ccccc1S2,5.340793132781982,5.001394748687744,5.171093940734863
CC(C)(C)C(=O)N1CCC(CC(=O)N2CCCc3ccccc32)CC1,5.777009010314941,3.602142095565796,4.689575552940369
CC(=O)c1ccc(OCCCCN=C(N)N)cc1,5.426383018493652,7.2254109382629395,6.325896978378296
N#Cc1ccc(-c2ccc(CCN3CCc4oc5ccccc5c4C3)cc2)cc1,4.932067394256592,5.429935455322266,5.181001424789429
Fc1ccc2sc3c(OCCN4CCOCC4)ncnc3c2c1,4.488046646118164,5.111134052276611,4.799590349197388
COc1ccc2oc(=O)c(CCC3CCN(Cc4ccc(Cl)cc4)CC3)cc2c1,6.299208641052246,5.168650150299072,5.733929395675659
COc1ccc(C(=O)Nc2ccc(S(=O)(=O)Nc3ccc(C)cc3)cc2)cc1,5.271580696105957,4.113317012786865,4.692448854446411
Cc1cccc(C=CC(=O)NCCCCCNc2c3c(nc4ccccc24)CCCC3)c1,7.161339282989502,4.726733207702637,5.944036245346069
CN1CCN(c2cccc(OC(F)(F)F)c2)CC1,5.092653274536133,5.8954010009765625,5.494027137756348
Cc1cc(NC(=O)CSCC(=O)NCCSCCO)no1,5.956262111663818,6.073722839355469,6.0149924755096436
COCCn1c(C)cc(C2=NN=C(NC3CCC(OC)CC3)SC2)c1C,5.595705032348633,6.075818061828613,5.835761547088623
COc1ccc2c3c1OC1CC(O)C=CC31CCN(CCCCCCCCNC1=O)C2,,,
CN(C)C1CCN(c2ccc(-c3ccc4c(c3)OCCO4)cc2)CC1,4.368490695953369,5.570120811462402,4.969305753707886
CCOc1ccccc1NC(=O)Cn1nc(C)n2c(cc3occc32)c1=O,6.01274299621582,3.934615612030029,4.973679304122925
O=C(O)c1cccc(-n2ccc(C=NNC(=O)c3cc4ccccc4oc3=O)n2)c1,6.560882091522217,5.098508834838867,5.829695463180542
c1coc(C2Cc3ncccc3C2)c1,4.450827121734619,6.003276824951172,5.2270519733428955
O=C(Cn1cc(C(=O)c2ccco2)c2ccccc21)NC1CCCCC1,5.26283597946167,4.698483467102051,4.98065972328186
Fc1ccc2c(NCCCCCCCCCN3CCCCC3)ccnc2c1,7.367682456970215,5.196319103240967,6.282000780105591
CCN(CC)C(=O)C1CCCc2c1c1c3cc(O)ccc3n3c1c1c2c2ccccc2n1C,,,
NS(=O)(=O)c1ccc(Nc2ncc3ccn(Cc4ccccc4)c3n2)cc1,5.558431625366211,4.209606170654297,4.884018898010254
COc1ccc(C2CC(c3cc4ccccc4o3)=NN2C(=O)CCl)cc1,7.061642646789551,5.95539140701294,6.508517026901245
COc1cc(OC2OC(CO)C(O)C(O)C2O)cc(OC)c1OC,5.125123977661133,3.729443073272705,4.427283525466919
COc1ccc(-c2nc(-c3ccc4c(c3)OCO4)cs2)cc1,5.039618015289307,5.730480194091797,5.385049104690552
CC(=O)OC1CCC2(C)C(=CCC3C2CCC2(C)C(c4ccco4)=CCC32)C1,4.327548027038574,6.940095901489258,5.633821964263916
CCN(CC)CCCOc1ccc(C(=C(Cl)c2ccccc2Cl)c2ccccc2)cc1,5.2426862716674805,4.06266450881958,4.65267539024353
CCN(CC)CCOc1ccc(C=C2C(=O)ON=C2c2ccc(C(C)C)cc2)cc1,5.112217903137207,5.26206636428833,5.1871421337127686
COc1cc2c(cc1OC)C(=O)C(COc1c(C)cccc1C)C2,6.765356540679932,5.410064697265625,6.087710618972778
O=[N+]([O-])c1cccc(C=CC=NNc2ccc(Cl)c(Cl)c2)c1,4.867328643798828,5.473681449890137,5.170505046844482
N#CC(=Cc1ccc(O)c(O)c1)C(=O)c1ccc(O)c(O)c1,5.108076572418213,5.501319408416748,5.3046979904174805
CCNC(=O)c1ccc2c(c1)S(=O)(=O)c1cccc3cccnc13,,,
CC(=O)c1cccc(-c2cnc3[nH]ccc3c2)c1,5.0180487632751465,6.212108612060547,5.615078687667847
Oc1cccc(O)c1-c1cc(Cl)cc(Cl)c1,4.371914386749268,6.14159107208252,5.2567527294158936
Fc1ccc(C2CC(c3c4ccccc4cc4ccccc34)=NN2)cc1,6.992987632751465,8.254764556884766,7.623876094818115
Cc1sc(NN=C2CCCCC2)nc1-c1ccccc1,5.772180080413818,6.09467887878418,5.933429479598999
CC(=O)Nc1ccc(NC(=O)c2ccc3cccc(Cl)c3c2)cc1,4.783868312835693,5.892284870147705,5.338076591491699
O=C(C=CC=C1CC(=O)Oc2cc(O)ccc21)c1ccccc1,5.419497489929199,5.994218349456787,5.706857919692993
CC1OC(OC2CC(O)C3(CO)C4C(O)CC5(C)C(c6coc(O)c6)CCC5(O)C4CCC3(O)C2)C(O)C(O)C1O,4.947799205780029,6.814947128295898,5.881373167037964
CC(=O)c1ccc2c(c1O)C(=O)c1ccccc1C2=O,5.829054832458496,5.8504133224487305,5.839734077453613
COc1cc2c(cc1OC)C1=NOC(CN3CCN(C=O)C3)C1CO2,6.422093868255615,4.028531074523926,5.2253124713897705
COc1cccc(C=CC2=NC(=O)C(=Cc3ccncc3)S2)c1,5.828073978424072,6.438228607177734,6.133151292800903
O=C1NC(=O)C(=Cc2ccc(OCc3ccccc3)cc2)S1,5.44956636428833,6.709678649902344,6.079622507095337
COc1ccc2c3c1OC1C(O)CCC4(O)C(C2)N(CC2CCC2)CCC314,6.276540756225586,6.338292121887207,6.3074164390563965
CCOC(=O)CC(C)CNc1c2c(nc3ccccc13)CCCC2,6.057433128356934,4.068368911743164,5.062901020050049
N#CC(=Cc1cc2c(cc1O)C(=N)C(C#N)C#N)CSc1ccccc12,5.251874923706055,4.687754154205322,4.9698145389556885
O=C(CCN1C(=O)C(=Cc2ccccc2)SC1=S)Nc1cccc(C(=O)O)c1,6.637781143188477,5.604028701782227,6.120904922485352
COc1ccc(C2=C(Cl)C(=O)NC2=O)cc1,4.349701404571533,6.261381149291992,5.305541276931763
CC(=O)c1cccc(-c2cnc3[nH]ccc3c2)c1,5.0180487632751465,6.212108612060547,5.615078687667847
Cn1nnnc1SC=C1CSC(=O)N1CC=CC1,,,
COc1ccc2c(c1)c(C1=C(c3cn(CCN4CCOCC4)c4ccccc34)C(=O)NC1=O)c(C)n2C,5.619230270385742,5.225710868835449,5.422470569610596
CC(C)C(=O)OCC1OC(n2ccc3c(NC(C)C)ncnc32)C(OC(=O)N2CCCC2)C(O)C1O,4.448575019836426,4.827905178070068,4.638240098953247
COc1cc2c(cc1OC)CN(c1nc(C)cs1)CC2,5.441419124603272,5.595452785491943,5.518435955047607
COc1ccc(-c2csc3ncnc(N4CCN(C(=O)OC(C)(C)C)CC4)c23)c(F)c1,4.200578689575195,4.98875617980957,4.594667434692383
CCOC(=O)c1c(COc2ccc(Br)cc2)noc1N,5.64764928817749,5.544388294219971,5.5960187911987305
COc1cc2c(cc1OC)C(CC1CCCCC1)N(C)C2,5.066267967224121,4.639019012451172,4.8526434898376465
O=c1cc(C(F)(F)F)oc2c(OCc3cccnc3)cccc12,5.560971260070801,5.762711048126221,5.661841154098511
CCN1CCC(Oc2ccc(C(=O)Nc3ccc(NC(=O)Nc4ccc(OC(F)(F)F)cc4)cc3)cc2)CC1,6.337009429931641,5.464288234710693,5.900648832321167
O=S(=O)(NCC1CN(Cc2ccccc2)CCO1)c1ccc(F)cc1,5.21450138092041,4.108774662017822,4.661638021469116
COc1cccc(S(=O)(=O)Nc2cccc(C3=NCCN3)c2)c1,5.331011295318604,3.756626129150391,4.543818712234498
Cc1ccccc1C=C(C#N)C(=O)Nc1ccccc1,5.330959320068359,5.864274501800537,5.597616910934448
CCOC(=O)c1cnc(-n2nc(C)cc2C)nc1Nc1cccc(C)c1,5.724422931671143,5.290232181549072,5.507327556610107
CC(=O)OC1COC(n2cc(O)nc2O)C1O,4.491274833679199,3.431592464447021,3.9614336490631104
CN1C(=O)C(=Nc2ccccc2)C(c2ccccc2)C1=O,6.113607406616211,4.093545913696289,5.10357666015625
CC1=CC(C)(C)Nc2ccc(-c3ccccc3)cc21,4.685883522033691,5.066155433654785,4.876019477844238
CN(C)c1ccc(-c2cc(=O)oc3cc(O)ccc23)cc1,5.193698883056641,5.843667984008789,5.518683433532715
COc1ccc2c(NC(=O)C3CCCCC3)ccnc2c1,5.2908711433410645,5.584844589233398,5.4378578662872314
CC(c1nc2ccccc2c(=O)n1C)N(Cc1ccccc1)C(=O)CNC(=O)c1ccco1,6.318029403686523,4.225783824920654,5.271906614303589
CCN(CC)C(=O)C1CC(=O)N(c2ccc(Cl)cc2)C1,5.176061153411865,4.681309223175049,4.928685188293457
COc1ccc(CC(=O)c2sc3nc4c(cc3c2N)CCCC4)cc1,5.515027523040772,3.976150274276733,4.745588898658752
CCOc1ccccc1NC(=O)c1ccc(-n2ccc(C)n2)cc1,5.626555442810059,4.886751174926758,5.256653308868408
COCC=C1CC(=O)Oc2cc(OCc3ccccc3)ccc21,5.146432876586914,6.960212230682373,6.0533225536346436
CC(=O)NC(CCCN=C(N)N)C(=O)NC(CCCN=C(N)N)C(=O)NC(CCCN)C(=O)O,3.342918157577514,4.773658275604248,4.058288216590881
COc1cccc2c1CCC1CN(CCn3c(=O)[nH]c4c(sc5ccc(Cl)cc54)c3=O)CC21,6.922512054443359,5.134349346160889,6.028430700302124
COc1cc2c(cc1OC)C(c1ccc(F)cc1)N(C(C)=O)CC2,5.469429016113281,5.54138708114624,5.505408048629761
CC1CCN(C2C(=O)C(=O)C2=NC2CCCCC2)CC1,5.093343257904053,5.688448905944824,5.3908960819244385
CN1CCCC1COc1cncc(CCc2ccccc2)c1,4.5431976318359375,5.216982364654541,4.880089998245239
CC1=CC(C)(C)Nc2ccc(OC(=O)Nc3ccc(F)cc3)cc21,5.130919933319092,4.664883136749268,4.89790153503418
N#CC1=C(c2ccccc2)CC(c2ccc(Cl)cc2)OC1=N,5.666125297546387,6.709318161010742,6.1877217292785645
CC(C)(C)NC(=O)N=C1CCCc2cc(OCc3cccc(Cl)c3)ccc21,4.847992420196533,4.927260398864746,4.88762640953064
COc1ccc(C2CC(c3c4ccccc4cc4ccccc34)=NN2)cc1,6.800415992736816,7.829558372497559,7.3149871826171875
CCC1CN2CCc3cc(OC)c(OC)cc3C2CC1F,5.280501365661621,5.324925899505615,5.302713632583618
CC1=CC(C)(C)Nc2cc(-c3sc(C4CCCCC4)nc3-c3ccc(C)cc3)ccc21,5.70006799697876,5.484988212585449,5.5925281047821045
CCCCCCCNCC(O)COc1ccc(CCOC)cc1,4.582415580749512,5.351022243499756,4.966718912124634
CC(C)(CN1CCN(C2=Nc3cc(Cl)ccc3Sc3ccc(Cl)cc32)CC1)C(=O)O,6.314022064208984,5.180704116821289,5.747363090515137
COc1ccc(-c2cnc3c(-c4ccsc4)cnn3c2)cc1,4.913379669189453,5.964237213134766,5.438808441162109
Cn1cc(C2=C(c3cccc(OCCCCCCCCCN)c3)C(=O)NC2=O)c2ccccc21,4.668449878692627,6.345533847808838,5.506991863250732
COc1ccc2c(SCC(=O)NN)ncc(Cc3ccccc3)n2n1,,,
O=C(C=Cc1ccc(O)c(O)c1)OC1=CC=COC1,4.339201927185059,6.209907531738281,5.27455472946167
CC(C)CC(C)N1CCc2cc(Cl)c(O)cc2C1CC(=O)O,4.604097843170166,4.035480499267578,4.319789171218872
COc1ccc(C=C2CCCCC(=Cc3cc(OC)c(OC)c(OC)c3)C2=O)cc1OC,5.601873874664307,4.279537677764893,4.9407057762146
O=C(c1ccc2oc(-c3ccc(Cl)cc3)nc2c1)N1CCCC1,5.822234630584717,5.1200337409973145,5.471134185791016
Cc1cccc2c3c([nH]c12)C(C)CCC3,5.7865095138549805,5.204141139984131,5.495325326919556
COc1ccc(C=CC(=O)Nc2cccc(C(C)=O)c2)cc1,5.02665376663208,5.794092178344727,5.410372972488403
NC1=NC(=O)C(Cc2ccc(Cl)cc2)=N1,4.951045036315918,6.426734924316406,5.688889980316162
C=CCN1CC(CN2CCCCC2)OC(=O)C1=S,4.888776779174805,4.084869384765625,4.486823081970215
CN(C)CCCOc1ccc(C=Cc2ccc3ccccc3[n+]2C)cc1,4.594449996948242,5.232291221618652,4.913370609283447
COc1ccc(-c2ccc(C#N)c(SC)n2)cc1Cl,5.327391624450684,5.882800102233887,5.605095863342285
c1ccc2c(c1)CCC(CNCCCNS(N)(=O)=O)O2,3.986994743347168,4.525813102722168,4.256403923034668
CCCCCCCC(=O)N1CCc2cc(OCC)ccc2C1,5.835145950317383,5.210154056549072,5.5226500034332275
O=C(c1ccco1)N1CCN=C1SCc1ccccc1,6.940886974334717,4.702738761901856,5.821812868118286
C=CCc1cccc(OC)c1,4.8434367179870605,4.313382148742676,4.578409433364868
COC(=O)C1=C(C)N=C(C)C(C(=O)OCCCN2CCC(c3ccccc3)(c3ccccc3)CC2)C1c1cccc([N+](=O)[O-])c1,6.215679168701172,5.508394718170166,5.862036943435669
Cc1ccc(C(=O)N2N=C(c3ccccc3)CC2c2ccccc2O)cc1,6.791101932525635,3.790090560913086,5.29059624671936
Oc1cc2c(cc1O)=C1c3ccc(O)c(O)c3OCC1(O)C2,,,
CCOC(=O)c1c(C)nc(C)c(C(=O)OCC)c1-c1ccccc1,5.600756168365479,5.311354160308838,5.456055164337158
COc1cc2c(c(OC)c1OC)C1=C(CC(=O)C1)CC2,5.956514835357666,4.678918838500977,5.317716836929321
CC(C)(C)OC(=O)N1CCN(S(=O)(=O)c2ccc(F)cc2)C(C(=O)NCc2cccc(O)c2)C1,5.627852439880371,3.8493614196777344,4.738606929779053
CN(C)S(=O)(=O)Nc1ccccc1Sc1ccccc1,6.059730529785156,3.5729165077209477,4.816323518753052
O=c1ccc2cc(OCCCCF)ccc2o1,4.091582775115967,7.247651100158691,5.669616937637329
CC(C)Oc1ccc(-c2cc(-c3c[nH]nc3-c3ccccn3)ccn2)cc1C#N,4.776400566101074,5.299428462982178,5.037914514541626
N#Cc1nc(NCc2ccccc2)c2ncn(CCN3CCOCC3)c2n1,4.669301986694336,4.784066200256348,4.726684093475342
COc1cc2sc3nc(-c4ccco4)cc(C(F)F)c3c2cc1OC,5.107646465301514,4.83889102935791,4.973268747329712
COc1ccc(C(=O)N2c3ccccc3Sc3c(Cl)cncc32)cc1,4.6978631019592285,4.313234329223633,4.505548715591431
CC1CCN(C2C(=O)c3ccccc3C(=O)C2=O)CC1,5.723600387573242,5.276138305664063,5.499869346618652
NC(=O)c1cccc(-c2cc(=O)c3cc(Cl)ccc3o2)c1,5.56070613861084,5.758316993713379,5.659511566162109
Oc1occ2ccc(OCc3ccc(Cl)c(Cl)c3)cc12,3.859957695007324,8.203437805175781,6.031697750091553
C#CCN(C)Cc1cc2cc(OCc3ccccc3)ccc2n1C,4.428907871246338,7.657023429870605,6.042965650558472
COc1cccc(-n2c(CC(C)(C)C(=O)O)nc3ccccc32)c1,4.9187421798706055,4.496178150177002,4.707460165023804
C#CCN(C)Cc1cc2cc(OCc3ccccc3)ccc2n1C,4.428907871246338,7.657023429870605,6.042965650558472
COc1ccc(C=C2SC(=S)N(CCCC(=O)Nc3ccccc3C)C2=O)cc1,5.939380168914795,5.157530784606934,5.548455476760864
CS(=O)(=O)c1ccc(CNC(=O)c2cc(=O)c3ccccc3o2)cc1,6.658778190612793,4.905627727508545,5.782202959060669
Cc1ccc(C(C(=O)NC2CCCCC2)N(Cc2ccccc2)C(=O)CCC(=O)Nc2cc(C)on2)o1,6.19903564453125,4.436457633972168,5.317746639251709
COc1cccc(C=C2SC(=O)N(CCSC)C2=O)c1,6.601943016052246,5.764084815979004,6.183013916015625
Oc1occ2ccc(OCc3ccc4ccccc4n3)cc12,4.885440826416016,6.608339309692383,5.746890068054199
COc1cccc(-n2cc(C(=O)N3CCCC3)c(-c3ccccc3)n2)c1,5.608215808868408,4.561263084411621,5.084739446640015
O=C(Nc1ccc(F)c(F)c1)Oc1ccc2c(c1)OCO2,5.5011067390441895,5.115627288818359,5.308367013931274
CCC(=O)NC1CCc2ccc(Oc3ccc(F)cc3)cc21,4.881047248840332,5.324230670928955,5.1026389598846436
N=C(N)NCCCC1NC(=O)C2CCC3CN(C(=O)CCc4ccccc4)CC(=O)N32)O1,,,
CC(C)(C)c1ccc(CC(NC(=O)C2CCCN2C(=O)C(Cc2ccccc2Cl)NC(=O)OCc2ccccc2)cc1,,,
CC(C)(C)CCC1(C(=O)c2ccc(Cl)cc2)CCNC1,4.837464332580566,2.953951835632324,3.8957080841064453
C=CCN1CCN(C(=O)NCc2ccc(C(=O)OC(C)C)cc2)CC1,4.932679653167725,3.3963422775268555,4.16451096534729
COc1cc2c(cc1OC)C(=O)C(CC1CCN(CCCNc3c4c(nc5cc(Cl)ccc35)CCCC4)CC1)C2,9.241867065429688,4.374374866485596,6.808120965957642
CN(C)C1CCN(CC2COc3ccccc3O2)C1,5.1624298095703125,3.754786968231201,4.458608388900757
CC(C)CCCCCOc1ccc2[nH]c(O)c(C=Nc3ccc(S(N)(=O)=O)cc3)c2c1,5.034604072570801,5.819660186767578,5.4271321296691895
Cc1cccc(C(=O)Nc2cc(N3CCCCC3)nc(N3CCCC3)n2)c1,6.296465396881104,5.439555168151856,5.86801028251648
CN1CCN(CCNc2nc(-c3ccccc3O)nc3ccccc23)CC1,4.528688907623291,4.563737869262695,4.546213388442993
Cc1c(NC(=O)Cc2ccccc2)cccc1-c1nc(Nc2ccc(CCN3CCOCC3)cc2)c2nc[nH]c2n1,5.400147914886475,4.8856611251831055,5.14290452003479
CC(=O)Nc1ccc2c(c1)nc(C1CCN(CCC(=O)c3ccc(F)cc3)CC1)n2C,6.166710376739502,5.249330043792725,5.708020210266113
CC(C)Nc1c(C(N)=O)oc2ccc(OC(=O)c3ccc(Cl)cc3)cc12,5.455516815185547,5.124032974243164,5.2897748947143555
O=C1C=CC(=O)c2c(O)cccc21,6.011013031005859,7.056286811828613,6.533649921417236
O=C1CCC2(CCCC2)CC(=O)N1CCCCN1CCN(c2ccccc2Cl)CC1,5.94521951675415,4.687679290771484,5.316449403762817
CN(C)c1ccc(-c2cc(-c3ccc([N+](=O)[O-])cc3)nc(NS(=O)(=O)c3ccc(N)cc3)n2)cc1,6.087671279907227,4.56817102432251,5.327921152114868
CCOC(=O)C1CCCN(C(=O)Cc2ccc(OC)cc2)C1,5.43085527420044,3.7842893600463863,4.607572317123413
O=C1Cc2c([nH]c3ccc(Br)cc23)-c2ccccc2N1,5.4102888107299805,6.043255805969238,5.726772308349609
COc1ccc(C(=O)Nc2coc3cc(OC)c(OC)cc3c2=O)cc1,6.437238693237305,4.589951038360596,5.51359486579895
CC(C)(CNS(=O)(=O)c1cccc2nsnc12)c1ccccc1,4.541941642761231,4.678701877593994,4.610321760177612
O=C1Cc2c([nH]c3ccc([N+](=O)[O-])cc23)-c2ccccc2N1,5.156867504119873,5.928645133972168,5.5427563190460205
COc1cc2c(cc1OC)C(=O)C(Oc1ccc(Cl)c(C)c1)C2,6.523632049560547,5.513565540313721,6.018598794937134
COc1cc(CCN2C(=O)C(=O)c3cc(S(=O)(=O)N4CCCC4COc4ccc(Cl)cc4)ccc32)cc(OC)c1OC,6.433302402496338,5.550366401672363,5.991834402084351
NS(=O)(=O)c1ccc(CCN=Cc2ccc(-c3ccccc3)cc2)cc1,4.750229835510254,5.001749515533447,4.875989675521851
O=C(CC1CCN(Cc2cccc(Cl)c2)CC1)c1ccc(O)cc1,5.965322494506836,3.4458556175231934,4.705589056015015
Cc1ccc2cc(-c3cc(O)cc(Cl)c3)c(=O)oc2c1,4.381457328796387,6.794247627258301,5.587852478027344
CCN(CC)C(=O)CC1COc2cc3c(cc2N1C)OCO3,5.242199897766113,4.852305889129639,5.047252893447876
Cc1cccc2sc3c(O)nc4ccccc4c3c12,5.205890655517578,3.6049160957336426,4.40540337562561
CN=C1CCc2c1n(C)c1ccc(OC(=O)NC)c(Br)c21,6.397980690002441,3.8259894847869873,5.111985087394714
CN(C)c1ccc(C=C2SC(=O)N(CCCCCNc3nsc4ccccc34)C2=O)cc1,6.337456226348877,5.650753498077393,5.994104862213135
COc1ccc(CC(=O)Nc2ccc3oc(-c4cc(OC)c(OC)c(OC)c4)nc3c2)cc1,5.451220512390137,4.421154975891113,4.936187744140625
C#CC1(O)CCC2C3CCC4=Cc5oncc5CC4(C)C3CCC21C,4.8778486251831055,8.365243911743164,6.621546268463135
CCOC(=O)C1CCN(Cc2cn(-c3ccc(OC)cc3)nn2)CC1,4.909748554229736,4.497348308563232,4.703548431396484
CC(C)(C)C(=O)Oc1ccc(C2=NOC3(C2)CC(C(N)=O)N(C(=O)CCl)C3)cc1,5.550535678863525,4.660711765289307,5.105623722076416
O=C(O)C(=O)c1ccccc1-c1ccccc1COC1CCN(Cc2ccc(Cl)cc2)CC1,5.256992340087891,4.213116645812988,4.7350544929504395
COc1ccc2[nH]c3c(c2c1)CCNC3=O,5.850005626678467,5.702216625213623,5.776111125946045
O=C1c2ccccc2S(=O)(=O)N1CCCCCN1CCC(n2c(O)nc3cc(Cl)c(Cl)cc32)CC1,6.8874616622924805,5.990933895111084,6.439197778701782
COc1ccc(Cl)c2scc(NC(C)=O)c12,5.15070104598999,4.341004371643066,4.745852708816528
CC(=NNC(=O)c1ccc2c(c1)oc1ccccc12)c1cccs1,6.189505577087402,4.591459274291992,5.390482425689697
CC1=NOC2(C1)C1C(=O)c3ccccc3C1=O,,,
COc1ccc(-c2csc(NN=Cc3cccnc3)n2)cc1,4.553257942199707,5.079872608184815,4.816565275192261
Cc1ccc(C(=O)CN2C(=O)C(=NS(=O)(=O)c3ccccc3)C(=O)NC2=O)cc1,5.145345687866211,4.449472427368164,4.7974090576171875
CN1CCN(C2=Nc3cc(Cl)ccc3Nc3ccccc32)CC1,5.477396965026856,4.9266462326049805,5.202021598815918
CCN1CCN(Cc2ccc(-c3cccc(Nc4nnc(-c5ccc(C)cc5)o4)c3)o2)CC1,5.661074161529541,5.326612949371338,5.4938435554504395
COc1ccc(C=CC(=O)NCCCC2CCCN2C)cc1OC,4.619836330413818,4.13582181930542,4.377829074859619
Cc1ccc(-c2nnc(SCCCN3CCc4ccccc4C3)o2)cc1,6.127971172332764,6.088864326477051,6.108417749404907
O=C1C=CC(=C(Nc2ccc(Cl)cc2)c2ccc(O)cc2)C=C1,4.365573406219482,5.686651229858398,5.02611231803894
COc1ccc2c(c1)C(=O)C(C=CC=CCCCCC(=O)O)O2,4.265630722045898,5.8355889320373535,5.050609827041626
NC(=Nc1ccc(OCC(O)CNCc2cccc(Cl)c2)cc1)c1cccs1,5.014598846435547,4.801213264465332,4.9079060554504395
CN1C(=O)C(=Cc2cccs2)C(=O)NC1=S,5.118620872497559,5.532540798187256,5.325580835342407
CN(C)C(=O)c1ccc2c(c1)C(=O)c1ccccc1S2,5.456203937530518,4.336559295654297,4.896381616592407
O=C1CCCc2cc(S(=O)(=O)NCCCCN3CCCN(c4nsc5ccccc45)CC3)ccc21,6.312576770782471,5.194458484649658,5.7535176277160645
CN1C(=O)C2(N=C1N)c1cc(-c3cccc(Cl)c3)ccc1OC1CCOCC12,7.393036842346191,6.772602081298828,7.08281946182251
CC=C1C(=O)OC2CC(C)C3=CCC(=O)C3(C)C(OC(C)=O)C12,3.889640092849731,7.46528434753418,5.677462220191956
O=C(NC(=S)N1CCCCC1)c1ccc(OCc2cc(C(F)(F)F)cc(C(F)(F)F)c2)cc1,6.060352325439453,5.976359844207764,6.018356084823608
CCCCCCCCN1CCC(c2cccc(O)c2)CC1,5.439655303955078,4.049482822418213,4.7445690631866455
Cc1nc2ccc(C=CC(=O)NS(=O)(=O)c3ccc(F)cc3)cc2s1,5.518905162811279,5.6281843185424805,5.57354474067688
O=C1C(=O)C(c2ccc(O)c(O)c2)Oc2cc(O)cc(O)c21,5.846800804138184,4.774688243865967,5.310744524002075
O=C(O)c1cc(O)cc(CCCc2cccc3ccccc23)c1,3.955843925476074,6.063239097595215,5.0095415115356445
CN1CCN(CCOc2ccc3c(C(=O)c4ccccc4)coc3c2)CC1,4.985625267028809,4.601385593414307,4.793505430221558
O=C1CC(=CN2CCCC2)c2cc(-c3ccccc3Cl)ccc2O1,4.75685453414917,5.519360542297363,5.138107538223267
COc1cccc(C2CC(c3ccc(F)cc3)Nc3nnnn32)c1,5.20319128036499,6.52681303024292,5.865002155303955
O=C1NC(=O)C(c2cn(CCCO)c3ncccc23)=C1c1cnccn1,4.766197681427002,4.780128479003906,4.773163080215454
CCOC(=O)c1cnc2c(C)cccc2c1Nc1ccc(N2CCCCC2)cc1,5.87160587310791,5.180896759033203,5.526251316070557
COc1ccc2cc(C(=O)NC3CCCCC3)c(=O)oc2c1,5.7107768058776855,5.287479877471924,5.499128341674805
CS(=O)(=O)c1ccc(NC(=O)C=Cc2ccc(CN3CCCC3)o2)cc1,6.124085426330566,5.36986255645752,5.746973991394043
CC(=O)Oc1ccc2c(=O)c(-c3ccc(F)cc3)coc2c1,5.738272666931152,5.678980350494385,5.7086265087127686
CC1=CC2Cc3nc(O)ccc3C3(C1)C2CCCN3C(=O)CN(C)CCCC#N,6.387336254119873,5.691963195800781,6.039649724960327
Cc1c(C)c2ccc(C(=N)N)cc2oc1=O,6.108555793762207,6.896355628967285,6.502455711364746
O=C1NC(=O)C(=Cc2ccc3c(c2)OC(F)(F)O3)S1,6.796452045440674,4.5288615226745605,5.662656784057617
N#Cc1ccc2[nH]c3c4c(O)[nH]cc4cc3c2c1,,,
COc1ccc2c(nc(-c3ccc4oc(C(=O)NC5CC5)cc4c3)n2C)c1,6.777213096618652,5.203130722045898,5.990171909332275
COc1cc2c(cc1OC)CC(C(=O)NC1CCCC1)C2,4.95959997177124,3.756590843200684,4.358095407485962
Cc1ccc(C)c(CC(=O)N2CCC(C(=O)c3ccc(O)c(O)c3)CC2)c1,6.11058521270752,4.788797378540039,5.449691295623779
O=C(NC1CC1)c1cccc2c1OCCO2,5.564764976501465,4.861594676971436,5.21317982673645
CC(C)=CC[n+]1ccc2ccccc2c1-c1cccc(Cl)c1,5.849043369293213,4.800686836242676,5.324865102767944
Cn1cc(I)c2cc(Br)ccc21,4.710144519805908,7.320647239685059,6.015395879745483
NC(=O)c1ccc(OC2CC3CCC(C2)N3Cc2ccccc2)cc1,6.89630126953125,4.539731502532959,5.7180163860321045
O=C1CCc2cc(OCCCCCCOc3ccc(F)cc3)ccc2N1,5.207367897033691,7.286418437957764,6.2468931674957275
CC1CCCN1CCCOc1cc2nc(-c3ccccc3)cc(C(F)(F)F)c2cc1OC1CCOC1,5.844947814941406,5.568038463592529,5.706493139266968
O=C(O)c1cccc(Nc2ncc3c(n2)-c2ccc(Cl)cc2C(c2c(F)cccc2F)=NC3)c1,6.252591609954834,5.663784980773926,5.95818829536438
O=C(CN1CCCC1)Nc1cccc(-c2nc3ccccc3o2)c1,5.854882717132568,4.798474788665772,5.32667875289917
CCCn1c(=O)c2nc(-c3cc(OCC(=O)Oc4ccc([N+](=O)[O-])cc4)no3)[nH]c2n(CCC)c1=O,6.0542097091674805,5.53408145904541,5.794145584106445
c1ccc(-c2cc(-c3ccccc3)c3ccccc3n2)cc1,3.9178991317749023,4.239086151123047,4.078492641448975
COc1nc(O)c2c(N=Nc3ccc(O)c(Cl)c3)c(CN3CCCCC3)ccc2n1,6.140781402587891,4.7512688636779785,5.446025133132935
O=C(Cc1cccs1)Nc1ccc2c(c1)OCCO2,5.657381057739258,5.517203330993652,5.587292194366455
COc1ccc(OC)c(C(=O)Nc2cc(OC)c(OC)c(OC)c2)c1,5.439393520355225,3.5421504974365234,4.490772008895874
C#CCN(C)Cc1cc2cc(OCc3cccc(F)c3)ccc2n1C,4.777650356292725,8.134140968322754,6.455895662307739
O=c1oc2c(O)c(O)ccc2c2ccccc12,6.054440975189209,5.081100463867188,5.567770719528198
Cc1ccc(S(=O)(=O)Nc2ccccc2C(=O)Nc2nc(-c3cccnc3)cs2)cc1,6.2314133644104,4.36046028137207,5.295936822891235
CCOC(=O)C1C(COC(C)=O)=NC(C)=C(C(=O)OC)C1c1cccc([N+](=O)[O-])c1,5.077608585357666,5.1236958503723145,5.10065221786499
CC1=CC=CC2=NC(=O)C(=Cc3ccc(C#N)cc3)C(=O)N12,5.345719337463379,6.180382251739502,5.76305079460144
Cc1ccc(CCC(=O)NC2CCCCC2)cc1,4.327824115753174,3.76503849029541,4.046431303024292
O=C(C#Cc1cccc(F)c1)N1CCCCC1,5.979187488555908,5.593270778656006,5.786229133605957
CC1=CC2Cc3nc4cc(Cl)ccc4c(NCCCO)c3C(C1)C2,7.295525550842285,4.860267639160156,6.077896595001221
CN1CCN(c2ccc(C(=O)Nc3n[nH]c4ccc(Cc5cc(F)cc(F)c5)cc34)c(NC3CCCCC3)c2)CC1,7.085638523101807,5.256128311157227,6.170883417129517
CC1CCN(CCOc2ccc(CC3=NC(=O)N(Cc4ccco4)C3=O)cc2)CC1,6.04849100112915,5.590572357177734,5.819531679153442
COc1cc(C=C2SC(=O)N(Cc3ccccc3)C2=O)ccc1O,6.325174331665039,5.0936455726623535,5.709409952163696
COc1ccc(OCc2ccc(C(=O)Nc3ccc(Cl)c(C(=O)O)c3)o2)cc1,5.46260404586792,5.7904863357543945,5.626545190811157
Cc1ccccc1-c1ccc2c(c1)OC(C)(C)C1CCC(CO)CC21,4.851264476776123,5.243462562561035,5.047363519668579
c1ccc(-c2cnc(C3Cc4ccccc4C3)o2)cc1,5.094734191894531,5.258033752441406,5.176383972167969
COc1cc(C2CC(=O)c3ccc(Cl)cc3O2)cc(OC)c1OC,6.24477481842041,5.0029730796813965,5.623873949050903
CS(=O)(=O)c1ccc(-c2c(-c3ccc(F)cc3)nc3c(Cl)nccn23)cc1,5.769420623779297,5.302167892456055,5.535794258117676
CC(=NNc1nc2ccccc2o1)c1cc2c3c(cccc13)CC2,,,
Cc1cc(O)cc(C)c1C=Cc1cncc(C(=O)OC(C)(C)C)c1,4.299081802368164,3.801901340484619,4.050491571426392
O=C(CC=Cc1ccccc1)NC1CCCCCC1,3.764772415161133,4.205230236053467,3.9850013256073
O=C(C=Cc1ccccc1)NC1CCCCC1,3.6123199462890634,5.228185176849365,4.420252561569214
CCOC(=O)c1ccc2[nH]c3c(c2c1)CCNC3=O,6.198873996734619,4.998855113983154,5.598864555358887
CC1=CC(C)(C)Nc2cc3c(cc21)-c1ccccc1C3=O,5.426121234893799,6.829689979553223,6.127905607223511
O=C(CC(F)(F)F)Nc1ccc2nnc(-c3ccco3)n2n1,5.179836273193359,5.217875957489014,5.1988561153411865
COc1cc(OC)cc(C(=O)Nc2ccc3c(c2)C(=O)NC3=O)c1,6.763705730438232,5.261272430419922,6.012489080429077
Cc1cccc(C)c1-n1cnnc1SCC(=O)NC1CCCCC1,5.5945820808410645,5.919312953948975,5.7569475173950195
CCN(CC)CCCNC(=O)c1coc(=O)c(Br)c1,6.323324203491211,5.247471332550049,5.78539776802063
CN1CCN(CCCOc2ccc(S(=O)(=O)c3ccccc3)cc2)CC1,5.299252033233643,4.292638301849365,4.795945167541504
O=C1N=C(O)CCC1Nc1cc(Cl)c(Cl)cc1OCC(=O)O,4.970241069793701,4.149292469024658,4.55976676940918
O=C(Nc1ccc(OC(F)F)cc1)c1ccc2c(=O)c3ccccc3oc2c1,6.335898399353027,5.427434921264648,5.881666660308838
Cc1ccc2occ(CC(=O)Nc3ccc(F)cc3)c2c1,5.198493957519531,5.592480182647705,5.395487070083618
CN(CC(=O)N1CCOCC1)C(=O)COc1ccc(F)cc1,4.868546485900879,6.037027359008789,5.452786922454834
O=C(Cc1ccccc1O)N1CCCC1,6.338489055633545,4.355688571929932,5.347088813781738
CC(C)OC(=O)C1=CN(Cc2ccc(O)cc2O)CC(C)(C)C1,4.517237663269043,2.3663430213928223,3.4417903423309326
O=C1NC(=S)N(c2ccccc2)C(=O)C1=Cc1cccnc1,4.401230335235596,4.933097839355469,4.667164087295532
CSc1nc(-c2ccc(F)cc2)c(-c2ccc(F)cc2)[nH]1,5.950543880462647,6.818477630615234,6.38451075553894
N#Cc1cc2c(=O)n3ccccc3nc2n(-c2ccc(Cl)cc2)c1=O,5.376791954040527,5.268690586090088,5.322741270065308
COc1ccc2c(c1)C(=O)C(=O)c1ccc(C(C)(C)C)cc1S2(=O)=O,5.247396945953369,5.944580554962158,5.595988750457764
Cc1ccc(-c2nc(CN3CCCCC3)c(C)o2)cc1,6.191860675811768,4.93226957321167,5.562065124511719
CCCC=C1CC(=O)Oc2cc(OCc3cccc(OC)c3)ccc21,4.767306327819824,6.459557056427002,5.613431692123413
Cc1cc2c(c(=O)o1)C(C)(C)C1CCC3(C)C(CCC4(O)CSc5ccccc5C4=O)C13O2,5.908815383911133,7.136671543121338,6.522743463516235
O=C(Cc1ccccc1)Oc1ccc2c(c1)OCCO2,6.307594299316406,4.495851993560791,5.401723146438599
CN(C)c1ccc(-c2cc(O)c3c(c2)C(=O)c2ccccc2C3=O)cc1,5.585670471191406,6.637027263641357,6.111348867416382
COc1ccc2[nH]c3c(c2c1)C(=O)c1ccccc1-3,5.270798683166504,5.9452009201049805,5.607999801635742
CC1=NC2C(=O)C(=CN(C)C)C=CN2C(=O)C1,4.411179065704346,4.689690589904785,4.550434827804565
Cc1c(C)c2ccc(OCc3ccc(F)cc3)cc2oc1=O,4.834400653839111,8.764252662658691,6.799326658248901
N#Cc1c(Nc2cccnc2)nc(NCc2ccccc2)nc1-c1ccccc1,5.016173839569092,4.754859924316406,4.885516881942749
Nc1ccc(-c2csc(Nc3ccccc3)n2)cc1,5.413913726806641,4.714575290679932,5.064244508743286
O=C(CCCCN1CCC2(CC1)C(=O)NCN2c1ccccc1)c1ccc(F)cc1,5.59364128112793,5.384469985961914,5.489055633544922
Cc1ccc(NC(=O)c2cccc(OCC3CCCN(C(=O)C4CCCC4)C3)c2)[n+](C)c1,6.028692245483398,4.270138740539551,5.149415493011475
CC1CCCCN1CCCOc1ccc(-c2oc3ncnc(NCCCN4CCCCC4)c3c2-c2ccccc2)cc1,6.321545124053955,5.315508365631104,5.818526744842529
Fc1ccc(NC2CCNCC2)c(OCCc2c[nH]c3ccccc23)c1,5.1569037437438965,4.99770975112915,5.077306747436523
COc1cc(C=C2SC(=O)N(CCCCCCCNc3c4c(nc5cc(Cl)ccc35)CCCC4)C2=O)cc(OC)c1O,8.164324760437012,5.2783732414245605,6.721349000930786
Cc1cccc(CCl)c1-c1cc(C)c2nc(Nc3ccc(OCCN4CCCCC4)cc3)sc2c1,6.3673996925354,5.500260829925537,5.933830261230469
N#CC(=Cc1ccc(O)c(O)c1)C(=O)NCc1ccccc1,5.139800071716309,5.498981952667236,5.3193910121917725
Cc1cccc(CNc2cc(O)n(-c3ccc(F)cc3)c2O)c1,5.744994640350342,5.755495548248291,5.750245094299316
O=C1NC(=O)C(c2c[nH]c3ccccc23)=C1c1nc(N2CCCC2)no1,5.366019248962402,5.316095352172852,5.341057300567627
CN(C)c1ccc(-c2cc3cccc(O)c3oc2=O)cc1,5.570040702819824,6.46300745010376,6.016524076461792
Oc1occ2c1C(=Cc1cccnc1)CC2,4.595602035522461,6.851577758789063,5.723589897155762
N#Cc1c(-c2cccs2)cc(-c2ccccc2O)nc1N,5.3362884521484375,4.516120910644531,4.926204681396484
O=C1NC(=O)C(c2c[nH]c3ccccc23)=C1c1ccc(O)cc1,5.363708972930908,5.860032081604004,5.611870527267456
Cc1c(C)c2cc(C(=O)NCCCC3CCCCC3)ccc2oc1=O,6.541899681091309,5.182577133178711,5.86223840713501
N#CC1=C2SCN(c3ccc(OCc4ccccc4)cc3)CN2C(=O)CC1c1ccco1,6.200404167175293,6.935439109802246,6.5679216384887695
CC(C)=CC1CC(O)(COC2CCC3(C)C4CCC5(C)C(CCC6C5CCC5(C)C4CCC3(C)C2(C)C)O1,,,
O=C(C=Cc1ccco1)N(Cc1ccccc1)C1CCCCC1,5.036964416503906,4.542936325073242,4.789950370788574
CC(CNC(=O)Cc1ccc(Cl)cc1)Cn1ccnc1,4.8192338943481445,3.626810550689697,4.223022222518921
CCOC(=O)C(C)=NNc1nc2ccccc2cc1CO,5.175827503204346,4.906404972076416,5.041116237640381
COc1ccc(C2CC(c3c4ccccc4cc4ccccc34)=NN2)c(OC)c1,6.940442085266113,7.265162467956543,7.102802276611328
CCCN1CCC=C2c3c(cccc31)C1CCC(CC)CC21,5.995474338531494,5.549335956573486,5.77240514755249
O=C1CCc2ccc(OCCc3ccc(Cl)cc3)cc2N1,4.088972568511963,6.681654930114746,5.3853137493133545
O=C1COc2ccc(C(=O)CCCOC3CCCC3)cc2N1,5.588377952575684,5.813837051391602,5.701107501983643
COc1cc2c(Oc3ccc(-c4nc5ccccc5s4)cc3F)ncnc2cc1OCCCN1CCOCC1,5.35664176940918,5.853809833526611,5.6052258014678955
CC1=CC(=O)C=C(c2ccc(Cl)cc2)C1=O,3.3923487663269043,6.838380336761475,5.1153645515441895
CCCCCCCCCCCNS(=O)(=O)c1cccc2cccnc12,4.6862640380859375,5.406348705291748,5.046306371688843
O=C1CC(=O)C(NCc2ccc(Cl)cc2)C1,4.168852806091309,5.455417156219482,4.8121349811553955
COc1cc(C=Cc2cc(OC)c(O)c(Br)c2)cc(OC)c1OC,4.91847038269043,4.108775615692139,4.513622999191284
Cc1nc(O)c2c(Sc3ccc(C(C)(C)C)cc3)c(C)ccc2n1,5.009629249572754,5.582131385803223,5.295880317687988
O=[N+]([O-])c1cccc(-c2cnc3[nH]cc(-c4ccccc4)c3c2)c1,4.863632678985596,5.864399433135986,5.364016056060791
COc1cc(C=NNC(=O)CC(=O)Nc2ccc(C(C)=O)cc2)cc(OC)c1O,5.772751331329346,3.870459079742432,4.821605205535889
CC[n+]1c(C=CN(C)c2ccccc2)n(-c2ccccc2)c2ccc(-c3nc4ccccc4s3)cc21,5.362667083740234,4.309151649475098,4.835909366607666
O=C(O)C1CCCCC1=NOCC(F)(F)F,4.725905418395996,7.561598777770996,6.143752098083496
O=C1NC(=O)C(=Cc2ccc(Oc3ccc(F)cc3)cc2)S1,6.393437385559082,6.001732349395752,6.197584867477417
Cc1cccc(Nc2cc(C)nc3cc(-c4ccccc4)nn23)c1,5.4235053062438965,3.787100076675415,4.605302691459656
O=C1CCCc2cc(OCCCCc3ccccc3)ccc21,5.140640735626221,6.189970016479492,5.6653053760528564
CC(C)c1ccc(NC(=O)c2ccc3ncsc3c2)cc1,4.922909736633301,5.354906558990479,5.13890814781189
Fc1ccc(-c2nc3occn3c2-c2ccnc(NC3CCNCC3)n2)cc1,5.453900337219238,5.916522979736328,5.685211658477783
O=C(NCCc1ccccn1)Nc1ccc(Br)cc1,4.60878849029541,5.199678421020508,4.904233455657959
CCN1CCCC1CNC(=O)c1cc(Cl)cc2cccnc12,6.701724052429199,4.748852729797363,5.725288391113281
COc1ccccc1-c1nc2cc(Cl)ccc2o1,5.219040393829346,4.942561149597168,5.080800771713257
Oc1c(CN2CCCC2)cc(Cl)c2cccnc12,6.333906173706055,3.9088387489318848,5.12137246131897
COc1cc2c(cc1F)C(c1ccccc1Cl)=Nc1c(C)n[nH]c1N2,5.51499080657959,5.005423545837402,5.260207176208496
COc1ccc(CC(=O)Nc2nnc(S(=O)(=O)N3CCCC3)s2)cc1,6.100619316101074,5.70932149887085,5.904970407485962
Cc1oc2cc3oc(=O)c(Cl)cc3cc2c(=O)c1C,5.674315929412842,6.112040042877197,5.8931779861450195
CN1CCN(c2nc3ccccc3n3cccc23)CC1,4.110386848449707,4.298987865447998,4.2046873569488525
CCC1(O)C(=O)OCc2c1cn(c1ccc(OCC(=O)N3CCCC3)c1)c2O,,,
O=C(O)CCC=CCC1C(O)CC(O)C1C=CC(O)CN(CCc2ccccc2)C=CC1,,,
C#CCC1C(=N)n2c(sc(=Cc3ccco3)c2=O)=C(C(N)=O)C1c1ccco1,6.28139066696167,5.459625244140625,5.8705079555511475
CCCCCCC=NNc1nc(-c2ccc(OCCOC)c(Cl)c2)cs1,5.0603861808776855,6.629665851593018,5.845026016235352
Cc1ccc(C(=O)C=Cc2ccc([N+](=O)[O-])o2)cc1,5.375429153442383,4.803409576416016,5.089419364929199
COc1cccc(N2CCN(C(=O)C3CCCC3)CC2)c1,4.904047966003418,4.407530307769775,4.655789136886597
N#CC(C#N)=C1C=C2C=C(N3CCCCC3)CCC2CC1,7.2716779708862305,5.14500093460083,6.20833945274353
C=CCN1C(=O)C(=Cc2ccc3c(c2)OCO3)SC1=S,6.752740859985352,5.049809455871582,5.901275157928467
O=C(CCc1nc(-c2ccc(F)cc2)no1)N1CCCC1,7.168190956115723,6.452276229858398,6.8102335929870605
CC1COc2c(NCCCCO)c(F)c(F)c(N)c3c(=O)c(C(=O)O)cn1c23,,,
O=C(O)C=Cc1cc(Br)c(Br)c(Br)c1Br,2.622922897338867,3.106647491455078,2.8647851943969727
CC(=O)c1cccc(-c2ccncc2CN(C)C)c1,5.3614583015441895,4.597661972045898,4.979560136795044
O=C1CCc2ccc(OCCCCN3CCCN(c4cccc5cc(Cl)ccc45)CC3)nc2N1,6.316650390625,5.38170337677002,5.84917688369751
COc1c(C(=O)NN2c3ccccc3CC2C)cc(Br)c2cccnc12,6.267525672912598,4.398771286010742,5.33314847946167
CC(=NNC(=O)c1cccc2ccccc12)c1cccs1,5.536574363708496,5.260744571685791,5.3986594676971436
CCCCCCCOC(=O)C=Cc1ccc(C=CC(=O)OC)o1,3.439882040023804,7.147668838500977,5.29377543926239
COc1cc2c(cc1OC)C(=O)C(Oc1ccc(Cl)cc1)C2,6.568532466888428,5.1559157371521,5.862224102020264
CC(=O)Oc1ccc2c(c1)c1c3c(c4c5ccc(C)cc5n5c4c1n2CC(C)=O)CCC3,,,
O=C(Nc1ccc(-c2ccccc2)cc1)C(F)(F)F,5.9009270668029785,6.132902145385742,6.01691460609436
Nc1nc(-c2ccsc2)cs1,4.459350109100342,6.869748115539551,5.664549112319946
O=C(C=Cc1ccc(O)cc1)c1ccc(O)cc1O,4.703177452087402,5.823011875152588,5.263094663619995
COc1ccc(C#Cc2cccc(C#N)c2)cc1F,3.549177646636963,7.145179748535156,5.34717869758606
CC(=O)N1N=C(c2ccc(O)c(Cl)c2)OC1c1cccc(C(F)(F)F)c1,6.649133205413818,5.525584220886231,6.087358713150024
O=C1c2ccccc2C(=O)N1CCCCCN1CCOCC1,6.489963531494141,5.098353862762451,5.794158697128296
CCOc1ccccc1NC(=O)CSC1=NC(=O)CC(c2ccccc2)C1C#N,6.606353282928467,5.46466064453125,6.035506963729858
CC1CCN(C2C(=O)c3ccccc3C(=O)C2=NS(=O)(=O)c2cccc(Br)c2)CC1,5.91696310043335,5.365705490112305,5.641334295272827
COc1ccc(C(=O)NCc2ccc3c(c2)CCN3C(=O)C2CCOCC2)cc1,5.335915565490723,4.594953536987305,4.965434551239014
COc1cc(C(=O)ON=C(N)c2ccccn2)cc(OC)c1OC,5.579897880554199,4.067742824554443,4.823820352554321
COc1cc(C(=O)Nc2ccc(CN3CCN(C)CC3)c(C)c2)ccc1OCC#N,5.545612812042236,4.210046291351318,4.877829551696777
O=C(CCCc1c[nH]c2ccccc12)NCc1ccccc1,4.357378482818604,4.655839920043945,4.506609201431274
C#CCN1CCC(C(=O)N2CCN(Cc3cccc(OC)c3)CC2)CC1,5.771459579467773,3.6781997680664062,4.72482967376709
Nc1nc(Nc2ccc(C(=O)O)cc2)oc2nc(-c3ccc(O)cc3)ccc12,,,
C=CCn1c(SCCCCC)nc2ccccc2c1=O,5.111808300018311,5.561762809753418,5.336785554885864
O=C1C=CC(=NC2=C(c3ccccc3)C(O)OC2c2ccc(O)cc2)C=C1,5.286720275878906,4.764808177947998,5.025764226913452
CC#CCNC(=O)C1=CC2c3cccc4[nH]cc(c34)CC2N(C)C1,5.905932903289795,6.113419055938721,6.009675979614258
O=C(Nc1ccsc1-c1ccccc1)ON=Cc1cccnc1,6.435142517089844,4.733512878417969,5.584327697753906
Nc1ncnc2c1c(I)nn2C1OC(CO)C(O)C1O,5.418809413909912,3.2758116722106934,4.347310543060303
CCCCCOc1nc(=O)c2cc(C(=O)NCCN3CCCC3)c(=O)[nH]c2n1,,,
O=C(Cc1ccccc1)Oc1ccc2c(c1)OCO2,6.350381374359131,4.3966240882873535,5.373502731323242
O=C(C=Cc1cccc(Br)c1)Nc1ccc2c(c1)OCO2,4.762467861175537,5.988247394561768,5.375357627868652
CC(C)(C)OC(=O)N1CC=C(c2ccc3[nH]cc(CCNC(=O)C4CCC4)c3c2)CC1,5.68754768371582,3.4929513931274414,4.590249538421631
COc1cc2c(cc1OC)C1CC(O)(COc3ccccc3Br)CN1CC2,4.354450225830078,5.459908485412598,4.907179355621338
CC(C)(C(=O)Nc1nc2ccccc2s1)C1=CCCCC1,5.607093811035156,5.422954559326172,5.515024185180664
CCCCC1=NC2(CCCC2)C(=O)S1,7.42765474319458,6.84367561340332,7.13566517829895
CC#CC1(O)CCC2C3CC=C4CC(=O)CCC4=C3C(c3ccc(N(C)CCCCCCCC)cc3)CC21C,5.5369133949279785,7.0455474853515625,6.2912304401397705
CCc1c(-c2ccccc2)oc2nc3n(c(=O)c12)CCCC3,5.4276275634765625,4.552060127258301,4.989843845367432
COc1ccc(C=C2SC(=O)NC2=O)cc1O,5.596144199371338,4.769906520843506,5.183025360107422
CN(C)CCOc1ccc(C2=C(c3c[nH]c4ccccc34)C(=O)NC2=O)cc1,4.774289608001709,5.577690124511719,5.175989866256714
O=C(Cc1ccccc1)NC1CCN(CCCNc2ccc(-c3ccccc3)cc2)C1,5.040715217590332,3.404149055480957,4.2224321365356445
O=C(C#Cc1ccccc1)Nc1ccc2c(c1)OCO2,4.979214668273926,5.837405681610107,5.408310174942017
CCOC(=O)c1ccc2[nH]c3c(c2c1)CCNC3=O,6.198873996734619,4.998855113983154,5.598864555358887
COc1cc(C=C2CCNc3ccccc32)ccc1O,4.25573205947876,5.645576477050781,4.9506542682647705
O=C1NC(=O)C(=Cc2ccc3nccnc3c2)S1,4.78331184387207,4.975467205047607,4.879389524459839
O=C(O)c1cc(O)nc2c1c(Sc1ccc(Cl)cc1)c1ccccc12,,,
C#CCNCCc1c2ccc(OC(C)=O)cc2n1C,,,
CC1=CC(C)(C)Nc2ccc3c(c21)COc1ccccc1-3,4.985026836395264,6.194263935089111,5.5896453857421875
N#Cc1ccc(N2CCN(C(=O)c3cccc(Cl)c3)CC2)cc1,5.092794895172119,5.259949207305908,5.176372051239014
Cc1cccc(CC2=NC(=O)N(Cc3ccccc3)C2=O)c1,5.162105560302734,5.215465068817139,5.1887853145599365
COc1ccc(-c2cccc3c2CC(COC(=O)c2ccc(OC)c(OC)c2OC)O3)cc1,5.4360032081604,4.082890033721924,4.759446620941162
COc1ccc(C(=O)Nc2ccc(S(=O)(=O)Nc3ncc(F)cc3C)cc2)cc1,5.860600471496582,4.313905715942383,5.087253093719482
CCC1=C(C(=O)OC)C2(O)CCC3C(C)(C)CCC(O)C13O,,,
C#CCN(c1ccc(C(=O)NC(CCC(=O)NC2CCCCC2)C(=O)O)cc1)C1CCc2ccccc2C1,4.349462509155273,4.81901741027832,4.584239959716797
N#Cc1ccc2c(c1)OCCC2=NO,4.102289199829102,5.257523059844971,4.679906129837036
COc1ccc(NC(=O)COC(=O)c2ccc(S(=O)(=O)N(C)C)o2)cc1,6.150831699371338,5.0719757080078125,5.611403703689575
COc1cccc2c(=O)c(-c3ccccc3)coc12,5.427528858184815,5.093751430511475,5.2606401443481445
COc1cc2c(cc1OC)C(=O)C(Oc1ccc(C(C)(C)C)cc1)C2,5.390944480895996,4.194956302642822,4.792950391769409
CCC1CCCN1CCCOc1ccc(-c2cc3ccccc3oc2=O)cc1,6.116389751434326,5.794715881347656,5.955552816390991
CCCN(CCC)C(=O)Cc1c(-c2ccccc2)nc2ccc(Br)cn12,5.307418823242188,4.88289737701416,5.095158100128174
O=C(C=Cc1ccccc1)NC12CCC(=O)C3Oc4c(O)ccc5c4C31CCN(CC1CC1)C2C5,5.943032741546631,6.590590476989746,6.2668116092681885
COc1ccccc1CNC1C2CC3CC(C2)CC1C3,5.555993556976318,3.556410312652588,4.556201934814453
CC(C)Cn1c2ccc(Nc3ncccn3)cc2c2c3c(c4c(c21)CCc1c-4cnn1C)C(=O)NC3,6.063511848449707,4.581081390380859,5.322296619415283
CC(=O)c1ccc2c(c1)C(=O)NC(c1cccc(OC(C)C)c1)S2,5.9662184715271,4.753182411193848,5.359700441360474
CC(C)(C)c1ccc(C=NNC(=O)c2cccnc2)cc1,4.390158653259277,3.948490858078003,4.16932475566864
Cn1c(=O)n(C)c2cc(S(=O)(=O)NCCC(=O)OC3CCCC3O)ccc21,5.758421897888184,5.081392288208008,5.419907093048096
Cc1cccc(C2=NNC(=O)C2=NNc2cccc(C(=O)O)c2)c1,5.584744453430176,4.494978904724121,5.039861679077148
Cn1cc2c(n1)CCc1c-2c2c(c3c1cc1[nH]ccc13)CNC2=O,,,
COc1ccc2cc(-c3cc(C(=O)NC4CCCCC4)cc(O)c3OC)oc2c1,5.286343097686768,4.973966598510742,5.130154848098755
COc1cc2c(cc1OC)-c1c(OC)c(OC)cc3c1C(C2)N(C)CC3,5.15717363357544,4.70631742477417,4.931745529174805
O=C(Nc1ccc2c(c1)OCCO2)C1CCCN(Cc2ccccc2)C1,5.95255708694458,4.601155757904053,5.276856422424316
O=C1c2ccccc2-c2nnc(-c3cccc([N+](=O)[O-])c3)c([N+](=O)[O-])c21,5.076707363128662,5.196004390716553,5.136355876922607
CC(=NNC(=O)CCc1ccccc1)c1ccccn1,5.431646347045898,5.197169780731201,5.31440806388855
CCNC(=O)Nc1ccc2c(c1)C(=O)c1cc(OC)ccc1O2,5.90606689453125,5.110132217407227,5.508099555969238
COc1ccc(CC(C)NCCOc2ccc(OC)cc2)cc1,4.357437610626221,4.790326118469238,4.5738818645477295
Cc1ccc(-c2cc(C(=O)NC3CCCCC3)no2)cc1,5.271584510803223,5.39250373840332,5.3320441246032715
COC(=O)C1=COC(C)=C(C(=O)OC)C1c1ccccc1,3.602237701416016,4.728893756866455,4.165565729141235
CCCCCOc1ccc(CC(=O)O)cc1,4.249946594238281,5.376201629638672,4.813074111938477
O=C(O)CCCCCCCN1CCC(c2cccc(C(F)(F)F)c2)CC1,5.821329593658447,5.480391979217529,5.650860786437988
Nc1cc(-c2cc(Cl)ccc2O)no1,5.2692484855651855,4.384575843811035,4.82691216468811
COc1cc(O)c2c(=O)cc(-c3ccccc3)oc2c1,4.921911716461182,4.289306640625,4.605609178543091
O=c1oc2c(O)c(O)ccc2c2ccccc12,6.054440975189209,5.081100463867188,5.567770719528198
CN=C1C(=O)N(C)c2cnc(Cl)cc21,4.523195743560791,5.3407182693481445,4.931957006454468
CSc1ccc2c(c1)N(CC1CCC1)C(=O)C2=O,5.587820529937744,5.313350200653076,5.45058536529541
O=C(Nc1ccccc1)ON=Cc1cc(Br)ccc1O,5.992168426513672,4.675162315368652,5.333665370941162
CC(=O)Nc1ccc(S(=O)(=O)N2CCN(C)CC2)cc1,4.184941291809082,4.564240455627441,4.374590873718262
CC1=CC(C)(C)Nc2ccc(-c3csc(C#N)c3)cc21,5.172768592834473,6.210822105407715,5.691795349121094
COc1ccc(-c2cc(=O)oc3cc(O)cc(O)c23)cc1,4.1570353507995605,5.016175270080566,4.5866053104400635
CN(C)c1ccc(-c2nc3ccccc3n2CCCO)cc1,5.3765130043029785,5.0566253662109375,5.216569185256958
COc1cc(OC)c2c(=O)cc(-c3ccccc3)oc2c1,5.880367279052734,4.332305431365967,5.106336355209351
N#Cc1ccc2c(c1)C(NCCCN1CCOCC1)CCC2,3.9502978324890137,4.501676559448242,4.225987195968628
CC1=CCC2C(C1)c1c(O)cc(C(C)(C)c3cccc(Br)c3)cc1OC2(C)C,4.494523048400879,5.850966453552246,5.1727447509765625
O=c1oc2ccccc2cc1-c1nc2ccccc2[nH]1,5.399131774902344,4.766075611114502,5.082603693008423
CC1CCc2c(sc3ncn4ncnc4c23)C1,4.000825881958008,6.123807430267334,5.062316656112671
CN(CCOc1ccccc1)CC(O)c1ccccc1,3.939143180847168,4.290869235992432,4.1150062084198
Clc1ccc(-c2csc(NN=C3CCCCC3)n2)c(Cl)c1,6.147856712341309,5.977334976196289,6.062595844268799
Cc1oc(-c2cccc(Cl)c2)nc1CN(Cc1ccco1)C(C)c1nccs1,6.466976165771484,6.39951229095459,6.433244228363037
Nc1ccc(CN2CCC(C(=O)c3ccc(F)c(F)c3)CC2)cc1,5.734128952026367,4.436385631561279,5.085257291793823
CN(C)CCOc1ccccc1C=C1SC(=O)N(CCCCCCCNc2c3c(nc4ccccc24)CCCC3)C1=O,6.668496608734131,5.018821716308594,5.843659162521362
COc1cc2oc3cc(O)cc(O)c3c(=O)c2cc1OC,5.463309288024902,3.47963809967041,4.471473693847656
O=C1CC2(CCCC2)CC(=O)N1CCN1CCC(Nc2ccc(F)cc2)CC1,5.826704025268555,5.375117778778076,5.600910902023315
O=[N+]([O-])c1ccc(C=C2CCCN=C2c2cccnc2)cc1,4.990108489990234,5.641058444976807,5.3155834674835205
CCCCCCOc1ccc(-n2c(C)cc(C(=O)CCl)c2C)cc1,5.1539483070373535,6.48402214050293,5.818985223770142
O=C(CCl)N(Cc1ccccc1)c1ccccc1,5.07193660736084,4.214862823486328,4.643399715423584
COc1ccc(-c2nc3cc([N+](=O)[O-])ccc3o2)cc1N,5.439021587371826,4.90614652633667,5.172584056854248
CCOC(=O)C1C(COC(=O)c2cnc(C)cn2)=NC(=O)NC1C,5.227266311645508,4.294571399688721,4.760918855667114
CCOC(=O)c1cnc(-n2nc(C)cc2C)nc1NCc1ccc(F)cc1,5.849380016326904,5.622719764709473,5.7360498905181885
Cn1c(N=Nc2c(O)n(C3OC(CO)C(O)C3O)c3ccccc23)nc2ccccc21,6.677663326263428,3.436220407485962,5.056941866874695
Cc1cccc(COc2nn(-c3ccccc3)c(=O)o2)c1,6.003952026367188,6.326725006103516,6.165338516235352
CC(C)Oc1ccc2c(c1)OC(=O)C1CCCC=C21,5.103175163269043,5.121553421020508,5.112364292144775
O=C(Cc1cccs1)Nc1cccc(-c2nc3ccccc3o2)c1,5.535914421081543,4.615649700164795,5.075782060623169
COc1ccc(C=C2SC(=S)N(C(CNC(C)=O)C2=O)cc1,,,
CC(C)c1cccc2c1OC(C(F)(F)F)C1CCC2C(=O)NCC(=O)N2CCCC2C(=O)O1,5.005646228790283,6.678142547607422,5.8418943881988525
Fc1ccc(-c2ccc(OCCN3CCCC3)c3ccoc23)cc1,5.206940650939941,5.597259521484375,5.402100086212158
O=C(CCCCc1ccccc1)Nc1ccc2c(c1)OCO2,5.5470967292785645,5.368105411529541,5.457601070404053
Cn1cccc1C(=O)N1CCC(c2ccccc2)=NC1CNC(=O)c1ccco1,6.37076473236084,4.290852546691895,5.330808639526367
Clc1cccc(-c2csc(NN=C3CCCCC3)n2)c1,5.796483993530273,6.230581283569336,6.013532638549805
COc1ccc(-c2nc3cc(-c4csc(C(=O)NCC(C)C)c4)cnc3[nH]2)cc1,5.318818092346191,5.219129085540772,5.2689735889434814
CCOC(=O)Nc1ccc2c(c1)C(=NOC1CCN(C)CC1)C1CCCCC1,,,
CC(=O)NCC1CCCc2cc(S(=O)(=O)c3ccccc3)ccc21,4.774553298950195,4.102887153625488,4.438720226287842
O=c1oc2c(O)c(O)ccc2c2c1oc1ccc(Cl)cc12,6.360252857208252,4.11665153503418,5.238452196121216
CC(C)(O)c1ccc(-c2cnc3c(n2)N(CC2CCOCC2)CC(=O)N3)cn1,4.6625189781188965,5.692937850952148,5.1777284145355225
CC(C)C1CC(=O)Nc2ccccc2N1Cc1ccc(-c2ccc(Cl)c(C(=O)O)c2)cc1,5.173024654388428,5.394965171813965,5.283994913101196
CSc1nsc(NC(=O)c2ccc3c(c2)OCO3)n1,6.7395100593566895,5.673137664794922,6.206323862075806
CCc1ccccc1NC(=O)C=Cc1ccc([N+](=O)[O-])o1,6.192775726318359,5.528724670410156,5.860750198364258
N#Cc1ccc(-c2csc(N=C3CCCCCC3)n2)cc1,5.156114101409912,7.133574485778809,6.14484429359436
CN1OC(OC2C(O)COC2C=C2c2cccc(OC3CCC3)c2)C=CC1c1ccccc1,,,
N#CC1C(=N)n2c(sc(=Cc3ccco3)c2=O)=C(C(N)=O)C1c1ccccc1,6.449186325073242,4.974364757537842,5.711775541305542
COc1ccc(-c2cc(CO)c(C(=O)NCc3ccco3)s2)cc1,5.774215221405029,5.028657913208008,5.4014365673065186
Cc1ccc(C(=O)Nc2cc(C(F)(F)F)ccc2N2CCCC2)o1,5.828708648681641,5.647091388702393,5.737900018692017
O=C(c1cc2ccccc2oc1=O)N(CCc1ccccc1)CCc1ccccc1,5.423916339874268,4.907587051391602,5.165751695632935
COc1cc(C=CC(=O)Nc2ccccc2OC)ccc1OCc1ccc(Cl)cc1,5.133890628814697,5.298445224761963,5.21616792678833
O=C(C=Cc1ccccc1)NC(=S)NNC(=O)Cc1cccs1,4.804194450378418,5.038155555725098,4.921175003051758
Cc1ccc2nc(-c3ccc(OCc4ccc(Cl)cc4)cc3)[nH]c2c1,5.084732532501221,6.475581169128418,5.780156850814819
C=CCN1CCC23c4c5ccc(O)c4OC2C(=O)CCC3(O)C1C5,6.9345808029174805,6.695377349853516,6.814979076385498
CC(=O)c1ccc2c(c1)c1c3c[nH]c(O)c3c3c(c1n2CCCCCCCC(=O)O)Cc1ccccc1-3,6.579099655151367,5.324591636657715,5.951845645904541
O=C1CC(=O)c2coc3ccc(OCc4ccccc4)cc3c2=O1,,,
CCN1CCCC1CNC(=O)c1cc(Br)ccc1OC,5.751283168792725,4.290210247039795,5.02074670791626
O=C(C=Cc1ccco1)Nc1ccc2c(c1)OCO2,5.3839521408081055,5.707038879394531,5.545495510101318
Cc1cccc(C(=O)NC2CC3CCC2(C)C3(C)C)c1,5.1261820793151855,5.75661563873291,5.441398859024048
CN1CCC2(C)c3cc(OC(=O)Nc4cccc(Cl)c4)ccc3N(C)C12,6.601291656494141,5.655766010284424,6.128528833389282
COc1ccc(C=CC(=O)NCCCCCC(C)C)cc1OC,4.2649922370910645,4.750790119171143,4.5078911781311035
Clc1cccc(CN(Cc2ccccc2)Cc2ccco2)c1,5.627023220062256,2.53029727935791,4.078660249710083
CN1CCN(CCOc2ccc(-c3cccc4onc(N)c34)cc2)CC1,4.840770721435547,4.521536350250244,4.6811535358428955
CCCC(=O)Nc1ccc2c(c1)C(=O)C(=O)c1ccccc1C2=O,5.426065921783447,6.181737899780273,5.80390191078186
Cc1nc2c(s1)CCC2C(=O)N1CCCC1,6.176150321960449,4.922006607055664,5.549078464508057
CC(=O)c1ccc(NC(=O)C=Cc2ccc3c(c2)OCO3)cc1,5.607844829559326,5.957005500793457,5.782425165176392
N#Cc1ccccc1S(=O)(=O)N1CCCCC1,5.286545753479004,5.283752918243408,5.285149335861206
Nc1ccc(-c2ccc(C(=O)NC3=NCCS3)cc2)cc1,6.938017845153809,5.592557430267334,6.265287637710571
Fc1ccc(-c2cc(CN3CCOCC3)on2)cc1F,4.752283573150635,5.280520915985107,5.016402244567871
COc1cc(C=C2SC(=O)NC2=O)ccc1O,5.989626407623291,4.644247055053711,5.316936731338501
CC1=CC2Cc3nc(O)ccc3C3(C1)C2CCCN3C(=O)CN(C)CCCCCCCN(C)C,6.777360916137695,4.878337860107422,5.827849388122559
CCOC(=O)CC1C(=O)NCCN1Cc1ccc(-c2ccccc2)cc1,5.507154941558838,4.675362586975098,5.091258764266968
CC1=CC(C)(C)Nc2cc(-c3cccc(OC(F)F)c3)ccc21,4.775473594665527,5.431387901306152,5.10343074798584
O=C(NCCCCCCCCCNc1c2c(nc3cc(Cl)ccc13)CCCC2)c1c[nH]c2cc(F)ccc12,9.3726167678833,5.072305202484131,7.222460985183716
O=C(CCCCCCNc1c2c(nc3cc(Cl)ccc13)CCCC2)NC1CCCCC1,8.039270401000977,4.434781074523926,6.237025737762451
OC1=NCC2C(O)COC2CN1Cc1ccc(-n2ccnc2)cc1,5.225059509277344,5.271166801452637,5.24811315536499
CC(C)C(CC(=O)NCC#N)c1cccc(-c2cccc(-c3csc(N4CCOCC4)n3)c2)c1,5.021475315093994,5.593048095703125,5.30726170539856
Cc1cccc(OCC(=O)NN=Cc2ccc([N+](=O)[O-])o2)c1,5.597596645355225,4.841545104980469,5.219570875167847
O=C(NC(Cc1ccccc1)C(=O)O)c1cncc(C(F)(F)F)c1,6.070460796356201,4.744203090667725,5.407331943511963
COc1ccc(CN(C)CCCC(C#N)(c2ccc(OC)cc2)C2CCCCC2)cc1,4.72073221206665,4.426396369934082,4.573564291000366
COc1cc2nccc(Oc3ccc(NC(=O)c4c(C)n(C)n(-c5ccccc5)c4=O)cc3F)c2cc1OC,6.498777866363525,4.718534469604492,5.608656167984009
COc1cc2nc(N3CCN(C(=O)C4COc5ccccc5O4)CC3)nc(N)c2cc1OC,6.47423267364502,3.8124051094055176,5.1433188915252686
Cc1ccc(-c2ccc3c(c2)OC(=O)C3=Cc2nc3ccccc3[nH]2)cc1,5.917276382446289,6.652174472808838,6.2847254276275635
O=c1cc(-c2cccc3c2Sc2ccccc2S3)oc(N2CCOCC2)c1,5.46183967590332,4.342415809631348,4.902127742767334
COc1ccc(F)c(F)c1C1CCCC(=O)N1C,5.047527313232422,5.598089694976807,5.322808504104614
C#CCN1CCC(Cc2ccc(OC)cc2)CC1,4.655365943908691,4.625190734863281,4.640278339385986
CCOc1cc2c(cc1OCC)C(=O)C(Oc1ccc(C(=O)c3ccccc3)cc1)C2,6.982615947723389,4.903276920318604,5.942946434020996
CCCCCC=CCC=CCC=Cc1ccc2c(c1)OCO2,5.065812110900879,5.486366748809815,5.276089429855347
O=C1Oc2cc(OCc3ccc(Cl)cc3)ccc2C2=CCCC12,4.579728603363037,7.891141891479492,6.235435247421265
CC1=CC(C)(C)Nc2ccc3c(c21)C(=Cc1cccc(OCc4ccccc4)c1)Oc1ccccc1-3,4.82984733581543,6.196695804595947,5.5132715702056885
CCOC(=O)c1c(C)oc2ccc(OC(=O)c3ccco3)cc12,5.821338176727295,5.003887176513672,5.412612676620483
CC(C)c1ccc(C-c2csc(-c3ccc(O)cc3)n2)cc1,5.618837356567383,3.4373648166656494,4.528101086616516
CCCC=S(O)(O)=Nc1cccc(Nc2ccc3ncn(C)c(=O)c3c2)c1C#N,6.491288185119629,5.182409286499023,5.836848735809326
Cc1ccc2nc(C)cc(NCCc3ccccn3)c2c1,5.445199489593506,5.000074863433838,5.222637176513672
COC(=O)COc1ccc(S(=O)(=O)N2CC(C)OC(C)C2)cc1C,5.900097846984863,5.081996917724609,5.491047382354736
O=C1c2ccccc2-c2nnc(-c3ccc(F)cc3)cc21,5.582317352294922,6.205568313598633,5.893942832946777
NC(=O)C1CC(NC(=O)C(N)CCCNC(=O)C(O)c2ccc(O)cc2)CN1,4.193088531494141,4.105487823486328,4.149288177490234
Cc1c(-c2ccccc2)oc2c(C(=O)O)nccc2c1=O,6.204524517059326,3.889622688293457,5.047073602676392
CCN1CCN(c2nc(-c3ccccc3)cs2)CC1,4.576519966125488,5.533305168151856,5.054912567138672
Cc1ccc(COCC(O)CNC2CCN(c3ncnc4scc(-c5ccccc5)c34)CC2)cc1,5.095098495483398,5.472119331359863,5.283608913421631
COc1ccc(C=Cc2nc(O)c3cc(-c4ccc(C(F)(F)F)cc4)ccc3n2)cc1,5.542966365814209,6.419825553894043,5.981395959854126
Cc1c(Cl)cccc1NC(=O)Nc1ccc(-c2coc3ncnc(N)c23)cc1,6.247904300689697,4.535525321960449,5.391714811325073
O=C(CCSc1nnc(-c2ccccc2)o1)N1CCCCC1,6.579339981079102,6.523002624511719,6.55117130279541
O=C(O)c1ccc(C=C2C(=O)N(c3cc(F)cc(F)c3)N=C2c2ccccc2O)cc1,6.506394386291504,5.573191642761231,6.039793014526367
COc1cc(-c2cc(=O)c3cc(Br)cc(Br)c3o2)ccc1O,5.18166446685791,4.672969818115234,4.927317142486572
NC(=O)OCC1COC(n2cc(-c3ccc(C(F)(F)F)cc3)c3c(N)ncnc32)C1O,5.288809299468994,4.802131652832031,5.045470476150513
O=C1c2ccccc2S(=O)(=O)N1CCOc1ccc(Br)cc1,6.183981418609619,6.049548625946045,6.116765022277832
O=C(C=Cc1ccccc1)Nc1ccc2c(c1)OCO2,5.188838005065918,6.15038537979126,5.669611692428589
CC(O)CN(C)C1CCN(c2ccc(OCC3CCCCC3)cc2)CC1,5.1169867515563965,4.810114860534668,4.963550806045532
COc1ccc(C(=O)NC2CCCc3c2cnn3-c2cc(F)cc(F)c2)cc1,5.217597484588623,5.898907661437988,5.558252573013306
COc1cc(C(=O)NN=Cc2ccc(-c3ccc(OCCCN(C)C)cc3)o2)cc(OC)c1OC,5.505118846893311,4.514206886291504,5.009662866592407
Cc1ccc2c(c1)C(=O)N(CCN1CCCC1)N2,7.105107307434082,5.023153305053711,6.0641303062438965
CC(C)N(CCCN)C(=O)c1cccc(Oc2ccccc2)c1,5.845554351806641,4.162403106689453,5.003978729248047
COc1ccccc1N1CCN(Cc2ccc(C(=O)N3CCCC3)cc2)CC1,5.445591926574707,3.8332724571228023,4.639432191848755
CN1CCC(=C2c3ccc(Cl)cc3CCc3ccccc32)CC1,4.982755184173584,5.543735027313232,5.263245105743408
CSc1ccc(COC(=O)Nc2ccccc2)cc1,5.502173900604248,5.051613807678223,5.276893854141235
CC=C1C2C=C(C)CC1(N=CN1CCN(CC(=O)O)CC1)c1ccc(O)nc1C2,6.331401824951172,4.917800426483154,5.624601125717163
Cc1cc(C)c2c(=O)n(CC(=O)N3CCCCC3)sc2n1,6.625729560852051,5.085441589355469,5.85558557510376
O=C(O)c1ccccc1Nc1ccnc(Nc2ccc3cn[nH]c3c2)n1,6.095481395721436,4.966408729553223,5.530945062637329
COc1ccc2c(=O)c(-c3ccccc3)coc2c1OCCCN1CCOCC1,5.54589319229126,4.660147666931152,5.103020429611206
Cc1ccc(Cc2cn(-c3ccccc3F)nn2)cc1,5.573108196258545,4.343050479888916,4.9580793380737305
CCCCCCCCCCCCCCN1CCC(CO)(COC(=O)c2ccccc2)OC1,4.858168601989746,5.746624946594238,5.302396774291992
CCN(CC)C(=O)c1ccc(Nc2nc(OCC3CCCCC3)c3nc[nH]c3n2)cc1,5.634253978729248,6.2104172706604,5.922335624694824
Oc1oc(O)c2c1oc1ccc(Br)cc12,6.051021575927734,3.8767051696777344,4.963863372802734
Cc1ccc(NC(=O)c2ccc(N(C)C)cc2)cc1,4.517852783203125,5.084805011749268,4.801328897476196
N#Cc1c(N)oc2c(c1-c1ccccc1)CCCC2,,,
O=C(Nc1ccc(Cl)cc1)Oc1ccc2c(c1)OCO2,5.933774948120117,4.935727596282959,5.434751272201538
CC(C)(C)c1ccc(C(=O)C=Cc2ccc(O)c(O)c2)cc1,4.14079475402832,4.372734069824219,4.2567644119262695
CCCN(CCC)C1CCc2c(c3ccccc3n2C)C1=O,5.20669412612915,4.096541404724121,4.651617765426636
COc1cc2oc3cc4c(cc3c(=O)c2cc1OC)CCCO4,5.833510875701904,4.487664222717285,5.160587549209595
Cc1cccc(-c2oc3ncnc(N)c3c2-c2ccc(N(C)C)cc2)c1,5.340507984161377,5.425634384155273,5.383071184158325
CS(=O)(=O)c1cccc(-c2cc(Cl)ccc2OCc2ccccc2)c1,5.053401470184326,5.290377140045166,5.171889305114746
COc1cccc(-c2csc(NN=C3CCCCC3)n2)c1,5.312679290771484,6.54041862487793,5.926548957824707
O=C(Nc1nccs1)c1cccc(COc2cccc(Cl)c2)c1,5.640141010284424,5.858951568603516,5.74954628944397
[H]C([H])([H])Oc1cccc(C(C)NC(=S)Nc2ccc(Cl)cc2)c1,4.566202163696289,3.72743821144104,4.1468201875686646
CC(Cc1ccc(O)c(O)c1)NCc1cccnc1,4.17996883392334,4.078294277191162,4.129131555557251
N#Cc1ccccc1COC(=O)CCCCCCCOc1ccc(Br)cc1OC(=O)NC(Cc1ccccc1)C(=O)O,5.615946769714356,5.803055286407471,5.709501028060913
CCOc1ccc(-c2cc3cc(C)ccc3oc2=O)cc1,5.236109733581543,6.974672794342041,6.105391263961792
COC(=O)C1=CC2(CC1)CN1CCOc3cc(OC)ccc3C1C2,3.947105884552002,5.394018650054932,4.670562267303467
Oc1oc(CCCC2CCN(CCc3ccccc3)CC2)c2ccccc12,6.478052616119385,4.390173435211182,5.434113025665283
Cc1cc(C)c2oc(C(=O)Nc3ccc(-c4ccccc4)cc3)c(C)c2c1,5.556643962860107,5.67470645904541,5.615675210952759
COc1ccc(-c2ccc(NC(=O)C3CC3)cc2)c2c(=O)oc3ccc(C)cc3c12,6.389780044555664,5.891395092010498,6.140587568283081
O=C(O)C1=CC=C(NNc2ccc(Cl)c(C(=O)O)c2)C=CS1,4.511555671691895,5.284570217132568,4.8980629444122314
CC(=O)c1ccc(N2CCN(C(=O)CCC(=O)Nc3nnc(Cc4ccccc4)s3)CC2)cc1,6.066023826599121,5.428163528442383,5.747093677520752
CC(C)(C)c1ccc(S(=O)(=O)Nc2ccccn2)cc1,4.506982803344727,3.562157154083252,4.034569978713989
Oc1sc(CN2CCC(Cc3ccccc3)CC2)c2ccccc12,5.582155704498291,3.518498420715332,4.5503270626068115
CC(C)(C)C(=O)NC1CC2CCCC(C1)N2CC(=O)NC(CCCN=C(N)N)C(=O)O,4.766908645629883,3.36214017868042,4.064524412155151
COc1cc2c(cc1OC)C(Cc1ccc(Cl)cc1)N(C(C)C)CC2,5.163724899291992,5.0450053215026855,5.104365110397339
CC1=CC(=O)N(Nc2nc(-c3cccs3)nc3scc(-c4ccccc4)c23)C1=O,5.337143898010254,4.718941688537598,5.028042793273926
COc1ccc2c(c1)CC(C(=O)O)N2,4.667750835418701,4.168349742889404,4.418050289154053
C=CCn1c(=O)c2c(nc3[nH]c(C)cn32)n(Cc2cccc(C)c2)c1=O,5.743546485900879,4.988448619842529,5.365997552871704
CSc1nn2c(=O)c(-c3cccc(C#N)c3)nc2s1,,,
O=C(C1CC2CCC1C2)N1CCCC(O)C1,4.541891098022461,4.0853800773620605,4.313635587692261
N#Cc1cnc2cnc(NCc3cccnc3)cc2c1Nc1ccc(F)c(Cl)c1,5.549407482147217,5.536109924316406,5.5427587032318115
Cc1ccc(NC(=O)c2ccc([N+](=O)[O-])o2)cc1,6.188601970672607,4.607611179351807,5.398106575012207
CC(=O)Nc1ccc(SCCNC(=O)Nc2ccccc2C)cc1,5.097008228302002,4.790424823760986,4.943716526031494
COc1ccccc1CNc1nc(N)nc2c1ncn2C1OC(CO)C(O)C1O,5.09653377532959,3.944141626358032,4.520337700843811
CN1CCN(CCCNc2c3ccccc3nc3ccccc23)CC1,5.866792678833008,3.6740241050720215,4.770408391952515
Cc1ccc2oc(-c3cccc(NC(=O)C=Cc4ccccc4)c3)nc2c1,5.279964447021484,5.52636194229126,5.403163194656372
CC(=O)NC1CCC(C(=O)N(C)CCOc2cccc(-c3nc4ccccc4[nH]3)c2)C1,4.889957427978516,4.508890628814697,4.6994240283966064
O=C(c1cc2cc(O)ccc2[nH]1)c1cc2cc(O)ccc2oc1=O,6.347270011901856,5.213056564331055,5.780163288116455
O=C(c1cc2cc(O)ccc2[nH]1)c1cc2cc(O)ccc2oc1=O,6.347270011901856,5.213056564331055,5.780163288116455
O=C(C=Cc1ccccc1)N(O)CCCCCCNc1c2c(nc3ccccc13)CCCC2,7.029139995574951,5.072223663330078,6.050681829452515
Cc1ccc(F)cc1C(=O)Nc1ccc(CN2CCOCC2)c(Cl)c1,5.372457504272461,4.852870464324951,5.112663984298706
COC(=O)NN=Cc1ccc(N(C)C)o1,4.188045024871826,4.1754150390625,4.181730031967163
CN(C)CCCC(=O)Nc1n[nH]c2nnc(-c3cccc(F)c3F)cc12,5.115869998931885,5.039658069610596,5.07776403427124
Cc1ccc2oc(=O)c(-c3cc4ccccc4oc3=O)c(C)c2c1,5.583202362060547,6.17927360534668,5.881237983703613
O=C1CCc2cc(OCCCCCNc3c4c(nc5ccccc35)CCCC4)ccc2N1,7.571161270141602,5.285552501678467,6.428356885910034
O=[N+]([O-])c1ccc(CN(CCCO)Cc2ccco2)cc1,5.925674915313721,4.638886451721191,5.282280683517456
CC(C)CC1C(=O)NC(CO)CC2(C)C(=O)NC(=O)NC2=O,,,
CN1CCN(CCCCCCC(=O)N(CCC#N)Cc2ccccc2)CC1,6.617578506469727,4.042841911315918,5.330210208892822
CCC1=C(NC)C(=O)c2cc(S(=O)(=O)NC)ccc2O1,8.208399772644043,5.125496864318848,6.666948318481445
O=C(Nc1ccc2oc(=O)ccc2c1)c1ccccc1,5.374191284179688,5.963504791259766,5.668848037719727
Cc1cccc(C)c1NC(=O)CSc1nc(-c2ccccc2)cc(-c2ccco2)[nH]1,,,
CCCCCCCCCCCCCCCC[n+]1c2n(c3ccc(C)cc31)CCCC2,6.703063488006592,5.527737140655518,6.115400314331055
O=C(CCc1ccccc1)Nc1c2c(nc3ccccc13)CCCC2,5.882501125335693,4.143226146697998,5.012863636016846
CNc1c2c(nc3ccccc13)CCC2,6.424572467803955,3.562324523925781,4.993448495864868
COc1cc2ncnc(Nc3cccc(Cl)c3)c2cc1OC,4.518156051635742,5.169625282287598,4.84389066696167
Cc1cccc(NC(=O)Nc2ccc(-c3coc4ncnc(N)c34)cc2)c1,5.853866100311279,4.5326128005981445,5.193239450454712
COc1ccccc1C1CC(=O)Nc2cc3c(cc21)OCCO3,5.480720043182373,5.842319488525391,5.661519765853882
CC#CCOc1ccc(C2=NC(=O)N(Cc3ccc(Br)s3)C2)cc1,5.751946926116943,6.822395324707031,6.287171125411987
Cc1ccc2nc(SCC(=O)Nc3ccccc3)[nH]c2c1,5.478184223175049,4.82868242263794,5.153433322906494
Cc1ccn(-c2ccc3c(c2)CCN(CCCSc2nnc(-c4ccc(F)cc4)n2C)CC3)n1,6.791746139526367,6.240139007568359,6.515942573547363
CC1=CC2Cc3nc4cc(Cl)ccc4c(NCCCCCCCCCCNC(=O)c4cc(O)c5c(c4)C(=O)c4cccc(O)c4C5=O)c3C(C1)C2,8.449528694152832,5.623355865478516,7.036442279815674
Cc1csc(NC(=O)NC2CCCc3c2cnn3C)n1,4.566181182861328,5.009279251098633,4.7877302169799805
CCOc1ccccc1C(=O)NC1CCC(Nc2ncc(C)s2)CC1,5.306754112243652,5.037572860717773,5.172163486480713
COc1cccc(CN(C)CCCOc2ccc3c(=O)c4ccccc4oc3c2)c1,5.295603752136231,5.415599346160889,5.35560154914856
O=C1CCc2ccc(OCc3ccc(F)cc3)cc2N1,4.175419807434082,7.369461536407471,5.772440671920776
CC(C)=CCN1CCC2(C)c3cc(O)ccc3CC1C2C,5.547050476074219,5.277956962585449,5.412503719329834
O=C(Nc1ccccc1)ON=C(C#Cc1ccccc1)Cc1ccccc1,5.997220993041992,4.904372692108154,5.450796842575073
O=C(CCCCc1ccc(Cl)cc1)Nc1ccc2c(c1)OCO2,4.977524757385254,5.565118312835693,5.271321535110474
CC1=CC2Cc3nc4cc(Cl)ccc4c(NCCCCCCCCCCCCCNc4c5c(nc6cc(Cl)ccc46)CCCC5)c3C(C1)C2,8.910964012145996,4.790038108825684,6.85050106048584
COc1cc2c(cc1OC)C(=O)C(C#N)=C2C,6.84606409072876,5.343343734741211,6.094703912734985
CC(=O)OCc1ccc2oc3ccccc3c(=O)c2c1,5.00394868850708,5.37150764465332,5.1877281665802
O=C(Nc1ccc(CC2CCC(CN3CCc4ccccc4C3)O2)cc1)c1ccco1,5.709226131439209,4.641286373138428,5.175256252288818
O=c1cnc2ccc(OCCCCNc3c4c(nc5ccccc35)CCCC4)cc2o1,6.892584800720215,4.6887688636779785,5.790676832199097
CC1=NOC(=O)C1=Cc1ccc(-c2cccc(C(=O)OC(C)C)c2)o1,4.66035795211792,5.0767083168029785,4.868533134460449
C=CCn1c2ccccc2c2nc3ccccc3nc21,4.363955497741699,3.4415993690490723,3.9027774333953857
CN(C)c1cccc2c(S(=O)(=O)N(CCN)c3cncc(Cl)c3)cccc12,5.465543270111084,4.66049861907959,5.063020944595337
O=C(CC1CCCCN1c1ccc(F)cc1)c1cc2cc(Cl)ccc2oc1=O,5.348805904388428,6.542149543762207,5.945477724075317
O=C1CCCC=CCCCCCCCN1CCN(Cc2ccc(Cl)cc2Cl)CC1,,,
O=C(C1CC1)N1CCOCC1,4.760358810424805,3.930100440979004,4.345229625701904
CC1CCN(CCOc2ccc(C3=NN(C(=O)CCC(N)=O)C(c4ccccc4)C(=O)C3)cc2)CC1,6.073350429534912,5.42896842956543,5.751159429550171
COC1=CC(C)=C(C)C1=CC=CC(=O)CC1=O,,,
O=C1COc2cc(OCc3cccc(Cl)c3)ccc2N1,4.336330890655518,7.10906982421875,5.722700357437134
Cc1cccc(NC(=O)Nc2ccc(OS(N)(=O)=O)cc2)c1,5.699304103851318,3.985525131225586,4.842414617538452
CCN(CCCCCCCN=C1CC(=O)C(=NCCCCCCN(CC)Cc2ccccc2OC)CC1=O)Cc1ccccc1OC,7.685588836669922,4.89345121383667,6.289520025253296
CC1CN(C(=O)OC2(C)COC2)CCN1S(=O)(=O)c1ccc(Br)cc1,5.200376510620117,5.298345565795898,5.249361038208008
O=C1CC(c2ccccc2)=C(c2ccccc2O)C1C(=O)O,6.118905067443848,4.6424880027771,5.380696535110474
COc1cc2c(cc1OC)C1=NOC(CN3CCN(C=S)CC3)C1CO2,6.760119438171387,4.235768795013428,5.497944116592407
O=C(Cc1noc2ccccc12)NCc1ccccc1,5.740869998931885,3.884444236755371,4.812657117843628
Cc1ccc(-c2nc3cc([N+](=O)[O-])ccc3[nH]2)o1,5.545408725738525,5.439807891845703,5.492608308792114
COc1cccc(C#Cc2cccn3nc(N)nc23)c1,4.491985321044922,4.868283271789551,4.680134296417236
CC(C)(C)c1ccc(C(=O)c2coc3ccccc3c2=O)cc1,4.445141792297363,4.1900954246521,4.3176186084747314
CCN1C(=O)N(C)c2cnc(Nc3ccc(C(=O)NC4CCN(C)CC4)cc3OC)nc2N1C1CCCC1,5.2249836921691895,4.828220844268799,5.026602268218994
N#Cc1cccc(-c2nc3cccc(C(N)=O)c3[nH]2)c1,5.59989070892334,5.426059722900391,5.512975215911865
Clc1cc(Cl)cc(COc2ccc(Br)cn2)c1,3.5572524070739746,7.484581470489502,5.520916938781738
O=C(O)CC1CCN(CC2CCC3(Cc4ccccc4Cc4ccccc43)C2)CC1,5.296724319458008,3.906272172927856,4.601498246192932
CC(=O)NC(C(=O)N=C1C(=O)N(c2ccc(F)cc2)N(C)C1C)C(C)C,5.387110233306885,4.622337818145752,5.004724025726318
CCOc1ccc2c(c1)C(=O)N(CCCCN1CCN(c3ccccc3)CC1)C2=O,6.4313483238220215,5.218316078186035,5.824832201004028
CCc1ccc(-c2oc3ncnc(N)c3c2-c2ccc(NC(=O)Nc3cccc(C)c3)cc2)cc1,6.19167947769165,4.955981254577637,5.5738303661346436
Fc1ccc(-c2nc3cnccn3c2-c2ccnc(NCC3CC3)n2)cc1,6.186202049255371,5.99031400680542,6.0882580280303955
CC(=O)c1ccc(N=c2ssnc2Cl)cc1,5.839475154876709,6.590221405029297,6.214848279953003
CC(C)(C)C(=O)OCOC(=O)C1N2C(=O)C(N=C(O)Cc3ccccc3)C2SC1(C)C,6.082849979400635,4.996911525726318,5.539880752563477
COc1cc2c(cc1OC)C1C(=O)c3ccc4cccc(c4c3O1)C(C2)N(C)CC4,,,
CC1CC2C3CC=C4CC(=O)C=CC4(C)C3(F)C(O)CC2(C)C1(O)C(=O)COP(=O)(O)O,5.4576945304870605,7.6638994216918945,6.5607969760894775
CC1=Nc2cc(C(F)(F)F)ccc2Sc2ccc(C)cc21,5.775998592376709,6.784733772277832,6.2803661823272705
Cc1oc(-c2cccs2)nc1COc1cccc(CN(C)C)c1,5.55625057220459,6.124980926513672,5.840615749359131
Brc1ccc2c(c1)N(CCC1CCCCC1)CC2,6.420234203338623,5.24769401550293,5.833964109420776
C#CCN(C(=O)c1cc2cc(OC)ccc2n1C)C1C=S(O)(O)=CC1,6.488090515136719,4.907196521759033,5.697643518447876
O=C(CCCCCN1CCC(O)(c2ccc(Cl)cc2)CC1)c1cccc(Cl)c1,5.35265064239502,4.650162220001221,5.00140643119812
CC(CO)N=C(N)c1c(O)nsc1Nc1ccc(Oc2cc(Cl)ccc2Cl)cc1,7.437294006347656,4.957417964935303,6.1973559856414795
O=C(COc1ccc(C2CCCCC2)cc1)Nc1ccc(Cl)cn1,4.8099870681762695,5.569326400756836,5.189656734466553
O=c1cc(-c2ccccn2)oc2cc(OCc3ccccc3)ccc12,4.710402488708496,5.36613655090332,5.038269519805908
O=C(Cc1cccc(Br)c1)Nc1ccc2[nH]ncc2c1,5.109896659851074,5.2399115562438965,5.174904108047485
O=C(NCc1ccccc1)c1cc2ccccc2o1,5.634482383728027,4.339881420135498,4.987181901931763
Cc1ccc(C(=O)NN)c(C)c1Br,6.6432271003723145,6.338336944580078,6.490782022476196
Cc1ccc2c(c1)OC(=O)CC2=C(NCCNC(=O)c1ccco1)c1ccccc1,6.2174482345581055,4.885520458221436,5.5514843463897705
CCCCOC1=CC=C2C(=O)C=CC2(C)C1=O,4.140366554260254,6.885547161102295,5.512956857681274
CCOc1ccc2c(c1)c(C=C1C(=O)Nc3ccccc31)c(C)n2C,5.731986999511719,6.408473968505859,6.070230484008789
O=C1N=c2ccc(Br)cc2=C1c1sc(S)nc1O,6.333058834075928,5.400068283081055,5.866563558578491
CCCCCC(=O)NC(=S)Nc1ccccc1OC,6.370826721191406,5.23502254486084,5.802924633026123
C#CCN(C)Cc1cc2cc(OCc3ccccc3)ccc2n1C,4.428907871246338,7.657023429870605,6.042965650558472
CC1CCCCC1CN1CCC(C)(c2cccc(O)c2)CC1,5.61696195602417,3.8244919776916495,4.72072696685791
O=c1oc2ccccc2n1CCCN1CCN(Cc2ccccc2)CC1,5.825821399688721,3.767987728118897,4.796904563903809
Cc1ccc(-c2cc(C(=O)N3CCCC(C)C3)no2)cc1,5.207420825958252,4.784751892089844,4.996086359024048
CC1=CC2Cc3nc4cc(Cl)ccc4c(N)c3C(C1)C2,7.141253471374512,4.370758533477783,5.7560060024261475
COc1cc2c(cc1OC)-c1c(OC)c(OC)cc3c1C(C2)N(C)CC3,5.15717363357544,4.70631742477417,4.931745529174805
CCCN=C1CC(=O)Oc2cc(OCc3cccc(F)c3)ccc21,5.667627811431885,6.973855018615723,6.320741415023804
CN(C)C(=O)c1cc2cc(C(=O)NC3CC3)ccc2[nH]1,6.289718151092529,4.101341247558594,5.1955296993255615
CC(=Cc1ccccc1)C=C1SC(=S)N(NC(=O)Cc2ccccc2)C1=O,5.059955596923828,3.6227519512176514,4.34135377407074
CCOC(=O)c1cc2cc(OC)ccc2[nH]1,4.686891078948975,4.918759346008301,4.802825212478638
O=C(C=Cc1ccccc1Cl)Nc1ccc2c(c1)CCC2,4.087505340576172,6.186093330383301,5.136799335479736
CC(=O)N1N=C(c2ccc(OCC3COC(Cn4cncn4)(c4ccc(Cl)cc4Cl)O3)cc2)CC1c1cccc(O)c1,6.800780773162842,5.688574314117432,6.244677543640137
Clc1ccc(CON=C2CCCCCN2)cc1Cl,4.194971084594727,4.904021739959717,4.549496412277222
COc1ccc2c(c1)CC=C2C(=O)Nc1ccc2c(c1)OCO2,5.769399642944336,5.273910999298096,5.521655321121216
Cc1ccc(-c2nc3ccc(N4CCC(C)CC4)nc3c(=O)o2)c(C)c1,5.592791557312012,6.285894393920898,5.939342975616455
Fc1ccc2c(NCCCCCCCNc3c4c(nc5cc(F)ccc35)CCCC4)c3c(nc2c1)CCCC3,9.67344856262207,4.643471717834473,7.1584601402282715
O=C(CCN1C(=O)c2ccccc2S1(=O)=O)NC1CCCC1,5.151882171630859,5.669947147369385,5.410914659500122
COc1cc([N+](=O)[O-])ccc1NCCC(=O)Nc1cc(C)ccc1C,5.819034576416016,4.2883830070495605,5.053708791732788
CCCCC(=O)Nc1ccc(Cl)c(C(=O)c2ccc(Cl)cc2)c1,4.089607238769531,4.963183879852295,4.526395559310913
CCCC(=O)Nc1cccc(-c2csc(Nc3ccccc3)n2)c1,5.437298774719238,5.6978607177734375,5.567579746246338
NC(=O)c1sc(-n2cnc3ccccc32)cc1OCc1ccccc1C(F)(F)F,5.642195701599121,5.219432830810547,5.430814266204834
Cc1ccc(-c2cc(C(=O)NCc3ccc4c(c3)OCO4)no2)cc1,6.245476245880127,4.658355712890625,5.451915979385376
CCOC(=O)c1noc2c1CN(C(=O)c1cccc(OC)c1)CC2,5.344584465026856,4.226684093475342,4.785634279251099
COc1cc2nccc(Oc3ccc(NC(=O)Nc4cc(C)on4)c(Cl)c3)c2cc1OC,6.5524725914001465,4.269119739532471,5.410796165466309
COc1cccc(C2CC(c3c4ccc(OC)cc4cc4ccccc34)=NN2C(=O)Cc2cccc(OC)c2)c1,6.335814476013184,6.172796726226807,6.254305601119995
CCN(CC)CCOc1ccc2cc(-c3nc4ccccc4o3)c(=O)oc2c1,5.763440132141113,5.8719024658203125,5.817671298980713
COc1cccc2c1C(=O)c1c(O)c3c(c(O)c1C2=O)CC(O)(C(O)C=O)CC3OC1CC(N)C(O)C(C)O1,6.512968063354492,3.783093452453613,5.148030757904053
CC(Oc1cc(-n2cnc3ccc(OCC4CCN(C)CC4)cc32)sc1C(N)=O)c1ccccc1Cl,6.299093723297119,5.491134643554688,5.895114183425903
O=C(NC1CCCC1)c1ccc2cc3n(c2c1)CCCNC3=O,6.256863594055176,5.158107280731201,5.7074854373931885
COc1cc(Cl)c(C)cc1NC(=O)c1cnc(C)nc1N,5.885372161865234,4.319340229034424,5.102356195449829
CC(=O)Oc1ccc(C(=O)Nc2cccc(C)c2C)cc1,6.597304344177246,5.195800304412842,5.896552324295044
Cn1c(=O)c([N+](=O)[O-])c(Cl)c2ccccc21,4.961874485015869,5.023483276367188,4.992678880691528
CC(C)=CC1=C(C#N)C(=O)N1Cc1cccc(O)c1,6.482622146606445,4.540146827697754,5.5113844871521
COc1ccc(CC(=O)N2CCCC(Cc3ccc4c(c3)OCO4)C2)cc1,5.022490501403809,4.257567882537842,4.640029191970825
CC(=O)N1CCN(CC(=O)Nc2c(C)cc(C)cc2C)CC1,5.83897066116333,3.91301155090332,4.875991106033325
COc1cc2c(cc1OC)C1=NOC(CN3CCN(CCc4cccc(Cl)c4)CC3)C1CO2,6.6693949699401855,5.205657958984375,5.93752646446228
COc1cc2c(cc1OC)C(=O)C(Oc1ccc(C(C)=O)cc1)C2,7.102496147155762,4.8031110763549805,5.952803611755371
O=[N+]([O-])c1cc2occc2cc1CN1CCC(c2c[nH]c3ccccc23)CC1,5.48109769821167,5.839510440826416,5.660304069519043
COc1ccc(OC)c(C2CC(c3cccc(C)c3)=NN2C(=O)CCl)c1,6.841171741485596,5.455848693847656,6.148510217666626
N#CC(=Cc1ccc(O)cc1)C(=N)C(C#N)C#N,5.255887031555176,3.237673759460449,4.2467803955078125
Cc1c2oc3c(O)nc(CN4CCOCC4)nc3c2cnn1C,,,
O=C1Cc2c([nH]c3ccc([N+](=O)[O-])cc23)-c2ccccc2N1,5.156867504119873,5.928645133972168,5.5427563190460205
Cn1c(=O)c2c(nc(OCc3cccc(Cl)c3)n2C)n(C)c1=O,5.695589065551758,6.896780014038086,6.296184539794922
COC(=O)c1cc2ccc(C)cc2oc1=O,4.866044044494629,5.756487846374512,5.31126594543457
O=c1sn(-c2ccccc2)c(=O)n1Cc1ccccc1,5.636008739471436,4.0155558586120605,4.825782299041748
Cc1ccc2c(c1)c1c(n2C=Cc2ccc(Cl)cc2)CCN(C)C1,5.602202892303467,6.215307235717773,5.90875506401062
COc1cc2c(cc1OC)C1=NOC(CN3CCN(CC(C)=Cc4ccccc4)CC3)C1CO2,6.703359603881836,4.614506721496582,5.658933162689209
COc1ccc(C=CC(=O)Nc2ccccc2-c2ccccc2)cc1,4.797098636627197,5.610659122467041,5.203878879547119
C#CCCCOc1ccc2c(c1)C(=NN)C(C#N)C(C#N)C2,4.519312858581543,6.122872829437256,5.321092844009399
CCOc1ccc2c(c1)c(-c1ccc3c(c1)OCO3)c(C)n2C1CCCC1,5.605790615081787,5.6356120109558105,5.620701313018799
COc1cccc2sc(Nc3nc(C)c(C)s3)nc12,5.69998025894165,6.488408088684082,6.094194173812866
COc1ccc(Cc2cc(=O)oc3c(C)c(O)ccc23)cc1,5.314036846160889,5.384938716888428,5.349487781524658
c1ccc(-c2nc[nH]c2-c2ccc3c(c2)OCO3)cc1,4.808170318603516,5.146607875823975,4.977389097213745
CC1=NN(C(=O)CCl)C(O)C(C)=C1,5.407544136047363,5.208117961883545,5.307831048965454
CC1CCCCOC(CN(C)Cc2cccc(C(F)(F)F)c2)C(C)CN(C(C)CO)C(=O)c2cc(NS(=O)(=O)c3ccc(Cl)cc3)ccc2O1,5.806543350219727,5.457508087158203,5.632025718688965
COc1ccc(-c2cc3ccccc3oc2=O)cc1C,5.496413230895996,6.526318550109863,6.01136589050293
COc1ccc2c(c1)CCC1C2CCN(CC2CCOC2=O)CC1,5.355571746826172,5.275110244750977,5.315340995788574
Cc1ccc(-c2nn(-c3ccc(F)cc3)cc2CN(C)C)cc1,5.470381259918213,4.977421760559082,5.2239015102386475
CN=C1C(=O)c2ccccc2C(=O)C1Br,6.848628997802734,5.136453151702881,5.992541074752808
COc1ccc(C(C)=O)cc1COc1ccc2c(C)c(C)n(CC(C)(C)O)c2c1,4.938295364379883,5.867284774780273,5.402790069580078
ClC1=Nc2ccc(Cl)cc2S2=NC1c1ccccc1,,,
N#Cc1ccc(C(=O)Nc2cc(Br)ccc2Br)o1,5.208677768707275,5.304716110229492,5.256696939468384
CC(C)(C)Nc1c(C(=O)O)cc(C(=O)O)nc1SCc1ccc(Cl)cc1,4.819796085357666,4.352712631225586,4.586254358291626
O=C(C=Cc1ccc(Cl)cc1Cl)N1N=C2CCCCC2C1C=C1C(=O)O,,,
COc1cc2c(cc1OC)C1CC(O)C(C2)N1CC=C2CCCCC2C1=NO,,,
O=C1CCCc2cc(OCc3cccc(F)c3)ccc21,4.460261344909668,7.650054454803467,6.055157899856567
O=C(CC(=O)c1ccc(Cl)cc1)NC1CCCc2ccccc21,4.164230346679688,5.155946731567383,4.660088539123535
C#CCN(C)Cc1cc2cc(OCCCC3CCN(Cc4ccccc4)CC3)ccc2n1C,6.455060958862305,5.637757778167725,6.046409368515015
O=c1ccoc2ccc(OCCOc3ccccc3)cc12,5.037327766418457,6.597415447235107,5.817371606826782
CCCc1cc2c(OCCCc3ccccc3)cc(C(=O)OCC)oc2c(OCC)c1OC(C)=O,,,
NC(=O)c1cnc(NC2CCC(N)CC2)nc1Nc1ccc(Cl)cc1,5.272789478302002,5.060710430145264,5.166749954223633
CCN1CCN(c2ccc(S(=O)(=O)N3CCOCC3)cc2NC(=O)c2ccccc2)CC1,4.899111270904541,5.32146692276001,5.110289096832275
Clc1ccccc1C=Cc1ccnc2ccccc12,3.3908960819244385,5.7774200439453125,4.5841580629348755
O=C(Cc1ccc2c(c1)CCO2)Nc1ccc(Cl)c(Cl)c1,4.470003128051758,5.489641189575195,4.979822158813477
COc1cc(C=C(C#N)c2nc3ccccc3[nH]2)cc(Br)c1O,5.410580635070801,5.21007251739502,5.31032657623291
Clc1ccc2c(c1)C(c1ccccc1)=NNC2,5.289297103881836,5.672441005706787,5.4808690547943115
O=C(Cc1ccc(F)cc1)ON=C1CC(c2ccc(Cl)cc2)=Nc2ccccc21,5.697624206542969,5.63508415222168,5.666354179382324
COc1ccc(CCN2C3=C(CO)CC(=O)C3C2=O)cc1OC,5.827213287353516,5.05468225479126,5.440947771072388
COc1cc(-c2csc3c(C=CC(=O)NCCN(C)C)cnc(N)c23)ccc1O,5.42414140701294,4.548501014709473,4.986321210861206
O=C(C=Cc1ccccc1)Nc1ccc2c(c1)OCO2,5.188838005065918,6.15038537979126,5.669611692428589
CC(C(=O)NC1CCCC1)c1ccc2c(c1)N(CCc1ccc3c(c1)OCO3)C(=O)C2=O,5.729894161224365,5.498469829559326,5.614181995391846
C#CCN(C)C(C)Cc1ccccc1,4.207381248474121,6.7008585929870605,5.454119920730591
CC(C)(C)c1ccc(-n2c(=O)c3c(c4ccccc4n3CCO)n(Cc3ccc(O)cc3)c2=O)cc1,5.506810665130615,4.290118217468262,4.8984644412994385
CCOC(=O)c1[nH]c2cc(OC)ccc2c(=O)c1-c1ccc(OC)cc1,5.41263484954834,5.071211338043213,5.241923093795776
CN1C(=O)C(=Cc2ccc(I)cc2)C(=O)NC1=S,5.310819625854492,6.294256210327148,5.80253791809082
Nc1nc2c([N+](=O)[O-])ccc([N+](=O)[O-])c2s1,4.91879940032959,4.597146987915039,4.7579731941223145
c1cnc2nc(OCCCCc3cn4ccccc4n3)ccc2c1,5.155980110168457,5.717007637023926,5.436493873596191
Cc1ccc(S(=O)(=O)C=CC#N)cc1,4.882943153381348,4.749674320220947,4.8163087368011475
COc1ccc(-c2nc(-c3ccccc3)c(-c3ccccc3)[nH]2)cc1,4.735585689544678,4.183461666107178,4.459523677825928
CN(CC(=O)N1CCN(c2ccccc2)CC1)S(C)(=O)=O,5.320075035095215,5.571359157562256,5.445717096328735
COc1ccc2[nH]c3c4[nH]c5ccc(OC)cc5c4c4c(c3c2c1)C(=O)NC4=O,6.67488431930542,5.54923152923584,6.11205792427063
CC1(C)OC(=O)C(Oc2ccc([N+](=O)[O-])cc2)=C1c1ccc2c(c1)OCO2,5.277393817901611,5.525306224822998,5.401350021362305
O=C1c2ccccc2-[n+]2ccc3c([nH]c4ccccc43)c21,4.619190692901611,5.365114688873291,4.992152690887451
C#CCN(C)Cc1cc2cc(OCCC3CCN(Cc4ccccc4)CC3)ccc2n1C,6.383633136749268,5.55838680267334,5.971009969711304
CCCCCNC(=O)Oc1ccc2c(c1)OC(=O)C(C)(C)C2,6.732990264892578,5.342551708221436,6.037770986557007
CN(C)Cc1ccc(C2CC2C(=O)NC2CCCCC2)cc1,4.329364776611328,3.5237417221069336,3.926553249359131
CC(=O)Oc1cccc(C(=O)Nc2cc(C)ccc2N2CCCCC2)c1,5.959529876708984,4.949714183807373,5.454622030258179
Cc1ccc(C#Cc2cccc(OC(F)(F)F)c2)s1,5.19819450378418,7.084908485412598,6.141551494598389
Clc1ccc(COC(Cn2ccnc2)c2ccc(Cl)cc2Cl)c(Cl)c1,4.2125244140625,6.488796234130859,5.35066032409668
CC(=O)N1CCN(CC(=O)Nc2cccc(SC(F)F)c2)CC1,5.168879508972168,5.496956825256348,5.332918167114258
CNC(=O)COc1ccc(CCNC(=O)Cc2cn(C)c3ccccc23)cc1,6.033528327941895,5.330756664276123,5.682142496109009
O=C1c2ccccc2-c2nnc(-c3ccc([N+](=O)[O-])cc3)cc21,5.403611660003662,5.912355422973633,5.6579835414886475
COc1ccc(S(=O)(=O)NCCCCCCCNc2c3c(nc4ccccc24)CCCC3)cc1,6.997385025024414,4.624985694885254,5.811185359954834
O=C(Cc1ccc2ccccc2c1)c1c[nH]cn1,4.644259452819824,5.117648124694824,4.880953788757324
CN1C(=O)C(=Cc2ccccc2F)C(=O)NC1=S,4.955763339996338,5.816386699676514,5.386075019836426
CCCCC1=NC2CCCCC2N2CCC3(CC2)OCCO3)C1C,,,
O=C1C=C(c2ccc(Cl)cc2)CC(=O)C1=NNc1ccc(Cl)c(C(=O)O)c1,4.83491325378418,6.377816200256348,5.606364727020264
Cc1ccc(O)c(C(=O)c2c(O)c(O)n(-c3ccccc3)c2-c2ccc(F)cc2)c1,6.299350261688232,5.277376174926758,5.788363218307495
COc1cc2nc(-c3ccccc3)oc(=O)c2cc1OC,6.0874552726745605,5.45360279083252,5.77052903175354
Cc1[nH]c2ccccc2c1CC=Nc1ccc(C(=O)CSc2ccc(Cl)cc2)cc1,5.537266254425049,5.715579032897949,5.626422643661499
CC(N)Cc1c[nH]c2ccc(O)cc12,3.955119609832764,4.560618877410889,4.257869243621826
CC(=O)N1CCN(c2cc(C(C)=O)c3cc(F)ccc3n2)CC1,5.534074306488037,5.028965473175049,5.281519889831543
O=C1NC(=O)c2cc(OCc3ccccc3)c(Nc3ccc(F)cc3)cc21,6.389490604400635,6.696579456329346,6.54303503036499
Cc1nc2ccc(Br)cn2c1CN1CCN(C(=O)OC(C)(C)C)CC1,5.545936584472656,3.979272127151489,4.762604355812073
NC(=O)CCc1ccc(NC2=NC(=O)C(=Cc3ccc(O)c(Cl)c3)S2)cc1,5.940605163574219,6.128493309020996,6.034549236297607
CC1=NN(c2cccc(C(=O)O)c2)C(=O)C1=Cc1c(C)c(C#N)c2nc3ccccc3n2c1O,6.567918300628662,4.608221054077148,5.588069677352905
COc1c(NC(=O)CSc2nc3ccccc3s2)c(C)nn1C,5.968812942504883,5.37024450302124,5.6695287227630615
COc1ccc(C=NNc2nc3ccccc3nc2Cc2ccccc2)cc1,4.929951190948486,3.3131651878356934,4.12155818939209
COc1cc2c(cc1OC)C(=O)C(=CC=Cc1ccccc1)C2,6.068594932556152,5.882983207702637,5.9757890701293945
COc1ccc(C2=NOC(C)(C)C2)c(OC)c1OC,5.36896276473999,3.7707443237304688,4.5698535442352295
NC(Cc1ccccc1)C(=O)Nc1ccc2nc(S(N)(=O)=O)sc2c1,6.052939414978027,5.240851879119873,5.64689564704895
Cc1noc(C)c1-c1ccc2ncnc(N(C)c3ccc(Cl)cc3)c2c1,5.808094024658203,6.473787307739258,6.1409406661987305
Cc1nc(-c2ccccc2)c(-c2ccncc2)o1,4.868042945861816,5.438926696777344,5.15348482131958
CCCCCCCCCCCN1CCC(O)(c2ccc(O)cc2)CC1,5.604860305786133,4.736848831176758,5.170854568481445
CC(=O)Nc1ccc2c(c1)C(c1ccco1)NCC2,4.075643539428711,5.49699068069458,4.7863171100616455
CNCC#Cc1cnc(N)c2c(-c3ccc(NC(=O)Nc4cccc(C)c4)cc3)csc12,6.310731410980225,4.844613075256348,5.577672243118286
CC(C=O)Nc1ccc(S(=O)(=O)Nc2ccccc2Cl)cc1,4.89213228225708,4.064109802246094,4.478121042251587
O=C(C=Cc1cccc(Cl)c1)c1cc2ccccc2oc1=O,5.096270084381104,6.493947505950928,5.795108795166016
COc1ccc2c(CC(=NO)c[nH]c2c1,,,
CCCCOc1ccc2c(=O)c3ccccc3oc2c1,4.226359844207764,5.453962802886963,4.840161323547363
O=C(Cn1cnc2ccccc2c1=O)c1cccc(Cl)c1,4.919032573699951,5.196010589599609,5.05752158164978
COc1cc2c(cc1OC)C(=O)C(Oc1cccc(CCN3CCCC3)c1)C2,6.57829475402832,4.734301567077637,5.6562981605529785
CC(C)CC(C)Nc1nc(Nc2cccc(Cl)c2)c2ncn(C(C)C)c2n1,4.832986831665039,5.208037376403809,5.020512104034424
Cn1c(=O)c2c(nc(NCc3ccccc3)n2C)n(C)c1=O,5.156917095184326,4.251063823699951,4.703990459442139
CN1CCC(c2nc3ccccc3n2Cc2ccccc2)CC1,4.539302825927734,3.605343818664551,4.072323322296143
O=C(C=Cc1ccco1)N1CCc2ccccc21,4.943798065185547,5.851535797119141,5.397666931152344
Cc1cc(Nc2cc(O)n(-c3ccccc3)c2O)n[nH]1,5.753488063812256,3.947702646255493,4.8505953550338745
COc1cc2c(cc1OC)C(=O)C(Cl)(Cl)Cl,,,
O=C1NC(=O)C(c2cccc([N+](=O)[O-])c2)=C1c1cn(-c2ccccc2)nc1-c1cccc([N+](=O)[O-])c1,5.140955448150635,4.8584065437316895,4.999680995941162
CN1CCN(C2=Nc3cc(Cl)ccc3Nc3ccccc32)CC1,5.477396965026856,4.9266462326049805,5.202021598815918
Cc1cc(C)cc(-c2[nH]c3ccc(C(C)(C)C(=O)N4CCOCC4)cc3c2CC[N+](C)(C)CCCCc2ccccc2)c1,6.0089874267578125,4.700271129608154,5.354629278182983
C=CCNC(=O)C=Cc1cccc(Oc2ccccc2)c1,5.621227264404297,5.829707145690918,5.725467205047607
CC(C)(C)c1ccc(C=S(O)(O)=Cc2ccc(C(=O)NCc3ccco3)o2)cc1,6.175344467163086,4.937656402587891,5.556500434875488
CC(C)=C(C)c1cccc2c(CCCOc3cccc(Cl)c3Cl)c(C(=O)O)[nH]c12,5.2890472412109375,5.866117477416992,5.577582359313965
Fc1ccc(-c2ncn(CCN3CCOCC3)c2-c2ccc3[nH]ncc3c2)cc1,5.792187213897705,5.891427516937256,5.8418073654174805
CCOC(=O)c1cnc2ccc(OC=CCN(C)C)cc2c1Nc1ccc(OC)cc1,5.094244480133057,4.573105335235596,4.833674907684326
COC(=O)C1C(O)CCC2CN3CCc4c([nH]c5ccccc45)C3CC21,5.206841468811035,5.822961330413818,5.514901399612427
CN1CCN(c2nc3ccccc3nc2COCc2ccc(Cl)cc2)CC1,5.264884471893311,4.921084880828857,5.092984676361084
CNC(=O)Oc1ccc2c(c1)C1(C)CCN(C)C1N2C,7.130908012390137,5.488977909088135,6.309942960739136
CC(C)(C)C(=O)Oc1ccc2c(c1)nc(NC(=O)c1cccc([N+](=O)[O-])c1)n2CCCO,6.017041206359863,5.209296703338623,5.613168954849243
CC12C=CC(=O)C=C1CCC1C2CCC2(C)C(O)CCC12,4.340616703033447,8.446016311645508,6.3933165073394775
c1ccc(-c2coc3cc4occc4cc23)cc1,4.574312686920166,5.456677436828613,5.01549506187439
CC1=Nc2nc(Cl)nn2C(c2ccc(Cl)c(Cl)c2)C1C(=O)N1CCCC1C(=O)NCc1ccco1,6.500814914703369,5.827094554901123,6.163954734802246
CCN(CC)CCNC(=O)c1c(C)[nH]c2c1=CCCC=2C1C=C(C)CCC1,7.649867057800293,4.359624862670898,6.004745960235596
Clc1ccc(-c2nc3sccn3c2-c2ccncc2)cc1,5.215055465698242,5.517386436462402,5.366220951080322
CN1CC(CNS(=O)(=O)c2ccc(Br)cc2)Oc2ccccc21,5.352557182312012,4.3069167137146,4.829736948013306
O=C1c2ccccc2-c2nnc(Cc3ccccc3)nc21,5.299726486206055,4.431249141693115,4.865487813949585
C#CCN(C)Cc1cc2cc(OCCC3CCN(Cc4ccccc4)CC3)ccc2n1C,6.383633136749268,5.55838680267334,5.971009969711304
CC1CCC(C(C)C)COC(=O)CNC(=O)c2ccsc2C(=O)OC1,4.582821846008301,5.832106113433838,5.207463979721069
O=C(Nc1nccs1)c1ccc2c(c1)OCCO2,6.537165641784668,5.632925987243652,6.08504581451416
N#CCCCn1cc(C=C2C(=O)NN=C2c2ccccc2)c2ccccc21,5.48936653137207,6.262172222137451,5.875769376754761
O=c1cc(O)oc(C=Cc2ccc(O)c(Cl)c2)c1,4.206192970275879,5.995654106140137,5.100923538208008
COC(=O)CC1=C2C(=NC1=O)c1cccc3c(N4CCCCC4)ccc2c13,5.773635387420654,5.722623825073242,5.748129606246948
Nc1ccc(-c2csc3c(C=Cc4nc5ccccc5[nH]4)cnc(N)c23)cc1,6.245617389678955,4.457430362701416,5.3515238761901855
CC(=O)OC1CCC2C3CC=C4CC(=O)CCC4(C)C3CCC12C,4.072768688201904,7.2849626541137695,5.678865671157837
O=C(CCCc1c[nH]c2ccccc12)NN=Cc1ccoc1,4.815723419189453,5.4418721199035645,5.128797769546509
CN1CCN(c2ccc(C(=O)Nc3cc(-c4cccc(CN5CCCC5)c4)on3)cc2)CC1,6.00951623916626,4.709953784942627,5.359735012054443
COc1cc2c(cc1OC)CC(C(=O)NC(CCCN=C(N)N)C(=O)NC(Cc1ccc(O)cc1)C(=O)N2,,,
CCOC(=O)c1c(C)[nH]c(C)c1S(=O)(=O)NCCc1ccc(C)cc1,5.967542171478272,4.838961601257324,5.403251886367798
CC(C)(C)C(=O)Oc1ccc2c(c1)nc(NC(=O)c1cccc([N+](=O)[O-])c1)n2CCCO,6.017041206359863,5.209296703338623,5.613168954849243
O=C(Nc1ccc(OC(F)(F)F)cc1)N1CCC2(CC1)CN(Cc1ccccc1-n1cccc1)C2,5.958821773529053,4.929260730743408,5.4440412521362305
CC(=O)Oc1ccc2c(=O)c(Oc3ccccc3)coc2c1,7.890953063964844,4.538500308990479,6.214726686477661
O=C1OC2(CCC(c3nc4cc(OC(F)F)ccc4[nH]3)CC2)c2ccccc21,5.946922302246094,6.12371826171875,6.035320281982422
CC(=O)Nc1oc(C=Cc2cccc(OC(C)C)c2)nc1C#N,5.364508152008057,4.915943145751953,5.140225648880005
O=C(C=CCCCC1=CCCC1)Nc1ccc(C2=NOC3(C2)CCCC3)cc1,6.216342449188232,5.6731276512146,5.944735050201416
O=C(C=Cc1ccc(O)cc1)OC1=CC2CCCCC2C1,4.92928409576416,5.276211261749268,5.102747678756714
O=C(O)c1ccc2c3c1cccc3c(=O)n1c3ccccc3nc21,5.625690937042236,4.564399242401123,5.09504508972168
COc1cc2ccccc2nc1O,4.030977249145508,4.821005344390869,4.4259912967681885
COc1cc(Nc2nccc(-c3cnn4ncccc34)n2)cc(OC)c1,4.632023811340332,5.065988063812256,4.849005937576294
Fc1ccc2c(c1)C(=Cc1ccc3c(c1)OCO3)CCC2,4.7312092781066895,6.830013751983643,5.780611515045166
O=c1cc(-c2ccc(O)cc2)oc2cc(O)cc(O)c12,4.707338333129883,4.232016563415527,4.469677448272705
CCCc1cc(C(C)=O)c(OCC2CCOCC2)cc1OCCCN1CCCCC1,6.565618991851807,4.836113452911377,5.700866222381592
CSc1ccc(CCNC(=O)c2cc3ccccc3oc2=O)cc1,6.629163265228272,5.642642974853516,6.1359031200408936
NC(=O)C(Cc1ccccc1)NC(=O)C(CS)NC(=O)c1ccco1,5.605422019958496,4.66956901550293,5.137495517730713
Cc1cccc(Sc2ccc3nnc(-c4ccccc4)n3n2)c1,4.9581499099731445,4.154123306274414,4.556136608123779
CCCCCCCCCCOc1ccc(C(=O)C(F)(F)F)cc1[N+](=O)[O-],4.4888787269592285,7.725410461425781,6.107144594192505
C=CCOC(=O)C1=S(O)(O)=C(c2ccc(Br)cc2)C1c1ccc([N+](=O)[O-])cc1,6.44983434677124,5.777558326721191,6.113696336746216
Cn1cc(C=C2Oc3cccc(O)c3C2=O)c2c(O)cccc21,6.6250505447387695,5.647788047790527,6.136419296264648
CCN1CCN(CCCC(=O)Nc2n[nH]c3nnc(-c4cccc(F)c4F)cc23)CC1,5.795925140380859,5.014200210571289,5.405062675476074
CC(C)=CCN1CCC2(C)c3cc(O)ccc3CC1C2C,5.547050476074219,5.277956962585449,5.412503719329834
CC(C#N)(C)Cc1ccc(OCCCN2CCCC2)cc1,6.157286167144775,4.299543380737305,5.22841477394104
NC(Cc1ccccc1)C(=O)N1CCCC1C(=O)NCCc1ccccc1,5.273924827575684,3.951600790023804,4.612762808799744
O=C1NC(=O)C(c2ccc(O)cc2)=C1c1ccco1,5.519401550292969,5.35148811340332,5.4354448318481445
COc1ccc(CCCC(=O)Nc2ccc(C(=O)N3CCCC3)cc2)cc1,5.243136405944824,4.5160441398620605,4.879590272903442
O=C(CCc1nnc2ccc(N3CCCC3)nn12)Nc1cccc(OC(F)F)c1,5.804869174957275,5.582196235656738,5.693532705307007
Nc1ncnc2c1sc1ncnc(N)c12,2.997403860092163,1.954972743988037,2.4761883020401
O=C(C=Cc1ccccc1)Nc1ccc2c(c1)OCO2,5.188838005065918,6.15038537979126,5.669611692428589
COc1ccc(CCN2CCN(C(=O)c3cc4ccccc4oc3=O)CC2)cc1,5.777542591094971,4.95560884475708,5.366575717926025
Cc1c(C)n(CC2CCCN2C)c2nc(C(F)(F)F)nc(O)c12,5.562390804290772,6.976904392242432,6.269647598266602
CN(C1CCCCC1)C(CO)n1nnc2ccccc21,4.884605407714844,5.376690864562988,5.130648136138916
C#CCN(C)Cc1cc2cc(OCCCC3CCN(Cc4ccccc4)CC3)ccc2n1C,6.455060958862305,5.637757778167725,6.046409368515015
O=C(Nc1ccccc1)c1ccc2cc3n(c2c1)CCCNC3=O,6.219684600830078,5.962641716003418,6.091163158416748
O=C1CCC2(c3ccccc3)CCCCC2C(=O)O1,4.9198198318481445,6.253354549407959,5.586587190628052
CCN(CC)c1ccc(C=C2CCCN=C2O)cc1,5.075423240661621,5.619447231292725,5.347435235977173
Cc1ccc(CCCCCC(=O)N2CCN(C)CC2)cc1,6.134606838226318,4.317205905914307,5.2259063720703125
O=C1CCc2cc(Cl)cc(Cl)c2N1Cc1ccc(-n2ccnn2)cc1,6.0853681564331055,5.848537445068359,5.966952800750732
COC(=O)C1(O)CC2OC1(C)n1c3ccccc3c3c4c(c5c6ccccc6n2c5c31)C(=O)NC4,5.942377090454102,4.406931877136231,5.174654483795166
COc1ccc2c(c1)C(=O)N(CCC1CCN(Cc3ccccc3)CC1)C2=O,7.5135087966918945,4.688093185424805,6.10080099105835
C#CCN(Cc1ccc2nc(C)nc(O)c2c1)c1ccc([N+](=O)[O-])cc1,5.090306758880615,6.379658222198486,5.734982490539551
Oc1ccc2cccc(OCCCCN3CCC(c4ccccc4)CC3)c2n1,5.046847820281982,4.825627326965332,4.936237573623657
Cc1ccc2nc(-n3ccnc3)n(-c3cccc(NC(=O)c4ccccc4)c3)c2c1,5.548494338989258,4.183684349060059,4.866089344024658
COC(=O)C1C(C)=NC(=O)N(C(=O)NCCCN2CCN(c3ccsc3)CC2)C1c1ccc(F)c(F)c1,6.107712745666504,5.207736015319824,5.657724380493164
NC(Cc1c[nH]c2ccccc12)C(=O)Nc1cncc(C=Cc2ccncc2)c1,4.912251949310303,5.379470348358154,5.1458611488342285
COc1c(O)c(C=O)c2c(O)ccc3ccc(O)cc23)cc2c1C1=CCC2C1,,,
O=C1CCc2cc(OCc3cccc(Cl)c3)ccc2N1,4.199397087097168,7.328123569488525,5.763760328292847
Oc1ccc(Cn2c(CCc3c[nH]c4ccccc34)nc3ccccc32)cc1,5.643819808959961,4.23655891418457,4.940189361572266
CC(=O)c1cc(NCCn2ccnc2)cc(C(=O)NC2CCCC2)c1,5.670246601104736,4.680654048919678,5.175450325012207
COCCOC1CCC(n2nc(-c3ccc(Nc4nc5cc(C)cc(Cl)c5o4)cc3)c3c(N)ncnc32)CC1,5.582180500030518,5.58616304397583,5.584171772003174
COc1cc2c(cc1OC)C(=O)C(c1ccc(C)cc1)C2,5.996160984039307,5.866569519042969,5.931365251541138
O=C1NC(=O)C(c2c[nH]c3ccccc23)=C1c1c[nH]c2ccccc12,4.763095378875732,5.914722442626953,5.338908910751343
COc1cc2c(cc1O)C1Cc3ccc(OC)c(OC)c3CN1CC2,4.610647678375244,4.960576057434082,4.785611867904663
O=C(Nc1ccccc1)N(CCc1ccccc1)C1CCN(Cc2ccccc2)CC1,5.507089614868164,3.3639886379241943,4.435539126396179
O=C(O)CCC=CCC1COC(c2ccccc2OCCOc2ccccc2)OC1c1ccccc1,4.448822021484375,5.275630950927734,4.862226486206055
CC1=Nc2cc(C(=O)NC3CCCCC3)ccc2Sc2ccccc21,5.361786365509033,5.214441776275635,5.288114070892334
O=[N+]([O-])c1ccc2c(c1)S(=O)(=O)N=C2NCC1CCCN1,5.437822818756104,5.41448974609375,5.426156282424927
Cc1ccc2cc(C(=O)NC3(C(=O)Nc4ccc(F)cc4F)CCCC3)sc2c1,6.31505012512207,5.845746040344238,6.080398082733154
O=C(NCCNCC(O)COc1ccc(OCCOC2CCOCC2)cc1)c1ccc(O)c(Br)c1,4.8375654220581055,5.7161149978637695,5.2768402099609375
COc1cc(C=C2COc3ccccc3C2=O)cc(OC)c1OC,5.821262359619141,5.1606316566467285,5.490947008132935
CN(C)c1ccc(C=C(C#N)c2nc3ccccc3[nH]2)cc1,5.542965412139893,5.916706085205078,5.729835748672485
CC(C)OCC(COC(=O)c1ccccc1F)NC(=O)C1CCCN(C(=O)NC2CCCCC2)C1,4.540120124816895,4.935675621032715,4.737897872924805
CC1=NC(=O)CC(c2ccc(F)c(F)c2)C1C(=O)NCc1ccc2c(c1)OCO2,5.162317752838135,6.310708999633789,5.736513376235962
CC(C)=CCC1C(=O)N(C)C(=O)N(C)C1=O,6.054426670074463,5.270971298217773,5.662698984146118
Cc1cc(C)c2oc(Nc3ccc(-c4cccc(C(F)(F)F)c4)cc3)nc2c1,5.78534746170044,6.184832572937012,5.985090017318726
Cc1ccc(C)c(N2C(=O)C(=Cc3cccn3-c3cccc(C#N)c3)SC2=S)c1,6.409675121307373,5.13776159286499,5.773718357086182
COc1ccc2c(c1)C(=O)CC(O)C2=O,6.657853126525879,4.835753917694092,5.746803522109985
CC(=O)OCC1OC(n2cc(COC(=O)c3ccc(S(C)(=O)=O)cc3)nn2)C(OC(C)=O)C(OC(C)=O)C1OC(C)=O,3.548290014266968,4.136812210083008,3.842551112174988
COc1cccc(C(=O)c2oc3c(c2C)C(=O)c2ccccc2C3=O)c1,5.469639301300049,4.769609928131104,5.119624614715576
O=C(C=Cc1ccccn1)N(O)Cc1ccccc1,4.226529598236084,5.14411211013794,4.685320854187012
CC(O)CC1CCC2(C)C(=O)OC(C)C12C,5.241916656494141,7.411932945251465,6.326924800872803
COc1ccc2[nH]c(C3CCC(c4ccccc4)C3)nc2c1,5.029473304748535,5.71193790435791,5.370705604553223
O=C(C=Cc1ccc(Cl)cc1)N1CCCCC1,4.674203395843506,5.083668231964111,4.878935813903809
CC(=NNC(=S)Nc1ccccc1)c1cccc(F)c1,5.582187175750732,4.783960819244385,5.183073997497559
CCCCCCN(CCCCCC)C(=O)C(CCC(=O)O)NC(=O)c1ccc(F)cc1F,5.014430046081543,5.694307804107666,5.3543689250946045
Cn1c(COc2ccc3c(=O)occ3c2)nnc1CN1CCCC1,,,
CC(=O)OCC12CCC3C(C)(CC(CCC=C(C)CCCBr)C3C1)C1OC(C)=O,,,
CN1CC=CC(c2nsnc2OCCCCCCCCNc2c3c(nc4cc(Cl)ccc24)CCCC3)C1,7.450007438659668,5.50762939453125,6.478818416595459
COc1cc2c(c(OC)c1OC)C1=CC=C(S(=O)(=O)c3ccccc3Cl)CC1CC2,5.660476207733154,5.294748783111572,5.477612495422363
NC(=O)c1ccccc1N1CCN(C(=O)c2ccc3ccccc3c2O)CC1,5.929891586303711,5.7105255126953125,5.820208549499512
CC(#Cc1ccccc1)COc1ccc2c(C(=O)O)c(=O)oc2c1,,,
CC(C)CNC(=O)COc1ccc(S(=O)(=O)N2CCCC2)cc1,5.054533004760742,4.945945739746094,5.000239372253418
COc1ccc2c(c1)CCC1C2=NOC1CN1CCN(Cc2ccc(Cl)cc2)CC1,6.11055326461792,5.149168968200684,5.629861116409302
COc1ccc2[nH]c(C(=O)COC(=O)c3ccccc3NC(=O)c3ccccc3)cc2c1,6.337558269500732,5.199267864227295,5.768413066864014
CC1=CC(C)=NN2C=C(C#N)C(c3cc4ccccc4oc3=O)C=C2C1,6.062178134918213,7.0155134201049805,6.538845777511597
COc1cc(NC(=O)C2CCN(C(=O)Nc3ccc(C)c(C)c3)CC2)cc(OC)c1,5.892116069793701,4.071944713592529,4.982030391693115
N#Cc1ccc(Oc2ccc(NC(=O)CC3CCCCN3)cc2)cc1,5.592884063720703,5.11932373046875,5.356103897094727
CCOC(=O)C1C(=N)n2c(sc(=Cc3cccs3)c2=O)=C(C(N)=O)C1c1cccs1,7.23186731338501,5.237028121948242,6.234447717666626
COc1cc(C=C(C#N)c2nc3ccccc3[nH]2)c(Br)cc1O,5.252188205718994,5.195446491241455,5.223817348480225
COc1ccc(C2c3c(noc3C)N=C(N)N2C#N)cc1,7.010785102844238,4.811424732208252,5.911104917526245
Cc1ccc(CC2=C(C#N)C(c3ccccc3F)C3CCC(=O)C32)cc1,4.74754524230957,7.124139785766602,5.935842514038086
CC(C)C1=NC2CCC34CC35C(=O)CC3(C)C(C(C)N(C)C)C(O)CC3(C)C5CCC4C2(C)CS1,7.729570388793945,8.603867530822754,8.16671895980835
COc1cc2c(cc1OC)CN(Cc1ccc3c(c1)OCO3)CC2,4.859096527099609,4.37408971786499,4.6165931224823
COC1c2ccc(F)cc2C(=O)C2CCN(Cc3ccc(OC)c(OC)c3)CC21,5.367708206176758,5.890734672546387,5.629221439361572
O=C(O)c1ccc(COc2ccc(C(F)(F)F)cc2)o1,5.611590385437012,6.269532203674316,5.940561294555664
COc1ccc(-c2csc3ncnc(N4CCN(c5ccccc5)CC4)c23)cc1,4.702389717102051,5.986880302429199,5.344635009765625
O=C1CCCc2cc(OCc3ccc(Cl)c(Cl)c3)ccc21,3.732401371002197,7.703297615051269,5.7178494930267325
COc1ccc(-c2noc(-c3ccc(N(C)C)c([N+](=O)[O-])c3)n2)cc1F,5.085018157958984,6.248814582824707,5.666916370391846
c1ccc(-c2ccc(C3=NCCN3)o2)cc1,5.243719577789307,4.861403942108154,5.0525617599487305
Cc1ccc(COC(=O)CCc2ccc3c(c2)OCO3)o1,5.3157806396484375,6.303359031677246,5.809569835662842
CC1(C)Cc2cccc(N3CCC(CCC(=O)N4CCc5ccc(O)cc54)CC3)c2O1,6.786016464233398,4.576797962188721,5.68140721321106
COc1ccc(C2CC(=O)c3cnc(NC(=O)Cc4ccc(Cl)cc4)nc3C2)cc1,5.334830284118652,6.026370525360107,5.68060040473938
CCNc1cc(Oc2cccnc2)ccc1OC,5.089468955993652,4.771292209625244,4.930380582809448
COc1cc(OC)cc(C(=O)Nc2cc(-c3ccccc3)[nH]n2)c1,5.340094566345215,4.623824119567871,4.981959342956543
Cc1c(N=C(N)N)cccc1C1CCCCC1,5.727160453796387,5.178987503051758,5.453073978424072
CP(C)(=O)c1ccc(CC2CCCCC2)cc1,5.161196708679199,3.4879279136657715,4.324562311172485
CCOC(=O)c1[nH]c2ccc(OCc3ccccc3)cc2c1NC(=O)CN1CCOCC1,5.83306884765625,5.0789313316345215,5.456000089645386
Cc1ccc(NC2=NC(=O)C(=Cc3cccn3-c3cccc(Br)c3)S2)cc1[N+](=O)[O-],6.46846342086792,5.470223903656006,5.969343662261963
O=c1onc2ccc(OCCCCN3CCC(c4noc5cc(F)ccc45)CC3)cc12,,,
COC(=O)c1cc2cc3ccccc3nc2[nH]1,5.087891578674316,5.044260501861572,5.066076040267944
Cc1ccc(-c2cc3c(cn2)C(=O)N(C)C3=O)o1,6.539393901824951,5.488993167877197,6.014193534851074
CCOc1ccc(N=C(N)Nc2ccccc2N)cc1,6.244954109191895,5.021539211273193,5.633246660232544
Cc1ccc(N(C)C(=O)c2cc3c(cc2O)OCO3)cc1Cl,6.057548999786377,5.114302158355713,5.585925579071045
Fc1ccc(-c2nc(-c3ccccc3)c(-c3ccccc3)[nH]2)cc1,4.949202060699463,4.515926837921143,4.732564449310303
Cc1cccc(C2CC(c3ccccc3O)=NN2CC(=O)Nc2cc(C)no2)c1,6.393467903137207,4.742369651794434,5.56791877746582
CCC1CCCC(C=CC(=O)NC2=NCCS2)=N1,5.919816017150879,5.998114585876465,5.958965301513672
CC(C)(O)c1ccc(-c2cnc3c(n2)N(CC2CCOCC2)CC(=O)N3)cn1,4.662526607513428,5.692937850952148,5.177732229232788
O=c1sn(-c2ccc(Cl)cc2)c(=O)n1Cc1ccccc1,5.61458683013916,5.0612406730651855,5.337913751602173
Cc1ccc(C(=O)NC2=NCCS2)cc1,6.710018157958984,5.271625518798828,5.990821838378906
CCCCCN(CCCCC)C(=O)c1cc2cc(OCCCCCCCNC(C)=O)ccc2[nH]1,5.776137351989746,5.5111188888549805,5.643628120422363
C#CCN(C)C(C)Cc1ccccc1,4.207381248474121,6.7008585929870605,5.454119920730591
CCc1nnc2c3c4c(sc3nc3ccccc3n12)CCC4,,,
CCN(CC)CCNc1ccc2c(c1)OCO2,4.070409297943115,5.110495567321777,4.590452432632446
COc1nc(-c2ccccc2)c(-c2ccc(CN3CCN(c4ncccn4)CC3)cc2)s1,5.614885330200195,5.2973456382751465,5.456115484237671
CCCC(=O)Nc1ccc(N(C)C(=O)c2ccccc2)cc1,5.504219055175781,4.985879898071289,5.245049476623535
COc1ccc2c3c1OC1CC(O)C=CC31CCN(Cc1ccc(OC(F)(F)F)cc1)C2,5.287600040435791,5.676206111907959,5.481903076171875
COc1cc2c(cc1OC)C1=C(CC2)C1=NO,4.331136226654053,4.196467399597168,4.26380181312561
CC(NC1CCCCC1)c1ccc2c(c1)NC(=O)CCO2,4.584456920623779,5.517484664916992,5.050970792770386
CNC(=O)CSc1nc2c(sc3ccccc32)c(=O)n1C,6.690281391143799,4.761969566345215,5.726125478744507
COc1ccc2c(c1)C(C)=CC(C)(C)N2O,5.313493251800537,5.898584365844727,5.606038808822632
Cn1c(=O)[nH]c(=Nc2ccc(Cl)cc2)c2ccccc21,5.680510520935059,4.92501974105835,5.302765130996704
O=C1COc2ccc(C3=NN(c4nnc(-c5ccccc5)s4)C(=O)C3)cc2N1,6.201234817504883,4.9253997802734375,5.56331729888916
Fc1ccc(-c2nc3n(c2-c2ccncc2)CCS3)cc1,5.78326416015625,6.329148292541504,6.056206226348877
Cc1ccc(-c2cc3onc(-c4ccccc4)c3c(=O)o2)cc1,5.6810622215271,5.281684398651123,5.481373310089111
CC(C)=CC(=O)OC1C(C)OC2CC3C4(C)C(CCC4(O)C(O)CC3(C)C3C(O)c4c(cc(O)c5c(c4C23C)O5)O1,,,
Cc1nc2ccc(C#Cc3ccccc3F)cc2o1,4.396660804748535,6.479022026062012,5.437841415405273
COc1cc2ncn(-c3cc(OCc4ccc(C5CC5)o4)c(C(N)=O)s3)c2cc1OC,6.3789262771606445,5.382063865661621,5.880495071411133
COc1ccc(C2=C(c3ccc(Cl)cc3)C(=O)NC2=O)cc1,4.440289497375488,6.2781195640563965,5.359204530715942
CC(=O)C1CCC2C3CC(=O)C4OC4C(=O)C3(F)C(O)CC2(C)C1O,4.586992740631104,8.116422653198242,6.351707696914673
CCOC(=O)c1cc2c(=O)n3cccc(C)c3nc2s1,5.668842315673828,4.749129295349121,5.208985805511475
O=C(CN1CCCN(c2ccc(F)cc2)CC1)Nc1ccccc1,5.04736852645874,4.747292518615723,4.8973305225372314
COc1ccc(NC(=O)c2cc3c(=O)n4cccc(C)c4nc3n2C)cc1,5.660903453826904,4.736269474029541,5.198586463928223
CCSc1ccc2c(c1)N(CCCCOc1ccc3c(c1)CCC3=Cc1ccccc1)C(=O)C=C2,5.14605712890625,6.182820796966553,5.664438962936401
CC(C)C1=NC2(CCCC2)OC1=O,6.875277996063232,5.749507904052734,6.312392950057983
N#Cc1ccc2c3c(cccc13)C(=O)N(O)C2=O,6.158318519592285,5.837669372558594,5.9979939460754395
C#Cc1ccc2ccn(-c3ccc(C#N)c(C)n3)c2c1,5.309085369110107,7.079221725463867,6.194153547286987
Cc1cc(N2CCCC2)nc2cc(-c3ccccc3)sc12,5.552062034606934,4.731085300445557,5.141573667526245
CC(C)n1cnc2cc(C(=O)OCCCc3c[nH]c4ccccc34)ccc21,5.641418933868408,5.18181037902832,5.411614656448364
CC(=O)N1N=C(c2ccccc2)CC1c1ccccc1O,7.268246173858643,4.708662986755371,5.988454580307007
COc1ccc(Nc2c3c(nc4[nH]c(C)cc24)CCC3)cc1,5.89788293838501,5.068787097930908,5.483335018157959
CCN(CC)S(=O)(=O)c1ccc(C(=O)Nc2nnc(CCN3CCCC3)s2)cc1,6.329305648803711,6.090017318725586,6.209661483764648
O=C1C2CCCC1C(CO)(NCCCCCCCCNc1c3c(nc4ccccc14)CCCC3)O2,7.430631637573242,5.462491989135742,6.446561813354492
Cc1ccc(Nc2ncc3c(n2)C2CCCC2C(=O)N3)cc1,5.934844970703125,6.913675308227539,6.424260139465332
COc1ccncc1-n1c(SC)nnc1-c1cc2c(cc1C)OCO2,5.804032802581787,5.06547212600708,5.434752464294434
Oc1ccc(Cl)cc1CNCc1ccccc1,4.193167686462402,3.2626876831054688,3.7279276847839355
O=C1COc2ccc(C(=O)C3CCCN3)cc2N1,4.250819206237793,5.218773365020752,4.7347962856292725
O=C1N=C(NCCc2ccccc2)SC1=Cc1ccc(OCc2ccccc2)cc1,5.865574836730957,6.064272880554199,5.964923858642578
Cc1ccc(N=C(O)c2ccccc2C(=O)O)cc1,5.916995525360107,5.578728675842285,5.747862100601196
CCCn1c(=O)n(CCC)c(=O)c2c1ncn2CC,5.413476467132568,5.206137180328369,5.309806823730469
Cc1ccc2c(CC(=O)c3ccccc3)coc2c1,4.781535625457764,4.865108489990234,4.823322057723999
Cc1cc(Cl)cc(Cl)c1OCC(=O)N1CCN(C)CC1,6.013617038726807,5.115596294403076,5.564606666564941
O=C(c1cc2ccccc2oc1=O)N1CCCCC1,5.763251781463623,4.394118309020996,5.07868504524231
CNC(=O)C=Cc1cnc(N)c2c(-c3ccc4c(c3)OCO4)csc12,6.441901206970215,4.705104351043701,5.573502779006958
Cn1cccc1C=C1CCc2ccccc2C1=O,4.802288055419922,6.460062980651856,5.631175518035889
Cc1ccc(OCc2cc(=O)oc3cc(O)ccc23)cc1,4.350021839141846,6.667141914367676,5.508581876754761
NC(=O)c1ccc(Oc2ccc(Br)cc2)cc1,6.171478748321533,6.070460319519043,6.120969533920288
CCCCCOc1ccc(-c2cnc(=O)[nH]c2)cc1,4.195809364318848,6.985048294067383,5.590428829193115
COc1cc(C=C2SC(=S)N(c3ccccc3)C2=O)ccc1O,6.423884868621826,4.502425670623779,5.463155269622803
Cc1ccc(F)c(C(C)NC(=O)c2ccc(-c3ccc(Cl)cc3)o2)c1,4.887499809265137,5.333508968353272,5.110504388809204
O=c1cnc2cnc(Nc3ccccc3)nc2n1Cc1cccs1,5.083007335662842,4.988224506378174,5.035615921020508
CC1=CC(C)=NNC2=NC(=O)C(C(=O)O)CS2)C1,,,
COC(=O)c1ccc2c(c1)N=C(c1ccc(Cl)cc1)C(C)=C2,4.343238830566406,6.150742530822754,5.24699068069458
Cc1ccc(N2CCN(S(=O)(=O)c3cccc4c(N)nc(N)nc34)CC2)cc1,5.3633713722229,4.163181304931641,4.7632763385772705
c1ccc(CCn2nnnc2C(c2cccs2)N2CCCC2)cc1,5.446215629577637,5.197429656982422,5.321822643280029
CN(C)c1ccc(C=Cc2cc[n+](C)cc2)cc1,4.096867561340332,5.248529434204102,4.672698497772217
COc1ccc2c(c1)sc(N)[n+]2Cc1ccc(C)cc1,5.464023113250732,3.893222332000733,4.678622722625732
Cc1c(C(=O)N2CCCCCC2)oc2c(F)cccc12,5.58951997756958,4.265570640563965,4.9275453090667725
O=C(C=Cc1ccc(O)c(O)c1)c1ccc(O)c(O)c1,4.985965251922607,5.81081485748291,5.398390054702759
CCCC(=O)Oc1cc(C)c(C2C=CC(=O)O2)cc1OC,4.95031213760376,5.063776969909668,5.007044553756714
Cc1cccc(-c2cc[n+](Cc3ccc(F)cc3)cc2)c1,5.23655366897583,4.718579292297363,4.977566480636597
N#CC(C#N)=Cc1ccc(O)c(O)c1,4.447535514831543,6.532376766204834,5.4899561405181885
COc1ccc(CN2c3cccc4cccc(c34)S2(=O)=O)cc1,5.558255195617676,5.260957717895508,5.409606456756592
c1csc(CNc2ncnc3ccc(-c4ccc5c(c4)OCO5)cc23)c1,5.550715923309326,5.547282695770264,5.548999309539795
O=c1ccn(-c2ccc(OCc3cccc(Cl)c3)cc2)c2ccc(O)cc12,4.549976348876953,6.840211391448975,5.695093870162964
CCCCCCCCCCCCCCCCN1C(=O)C(O)(c2cccc([N+](=O)[O-])c2)C(C)C1O,5.253716468811035,6.727077960968018,5.990397214889526
CC1CN(Cc2ccccc2)CCN1C(=O)CCc1c[nH]c2ccccc12,5.537392139434815,3.902415990829468,4.719904065132142
CCc1ccc2oc3c(O)nc(CN4CCCCC4)nc3c2c1,6.2455010414123535,4.648033142089844,5.446767091751099
CC(C)(C)CNC(=O)c1sc2ncnc(N3CCN(CCO)CC3)c2c1C,4.6187849044799805,4.719657897949219,4.6692214012146
c1ccc(-c2cc(-c3ccccc3)[nH]n2)cc1,3.73870849609375,4.545884132385254,4.142296314239502
COc1cc2c(cc1OC)C1CC(C#N)(C(=O)N3CCCCC3)OC1C2,5.722479820251465,4.676225185394287,5.199352502822876
COc1cc(-c2cnc3[nH]cc(C(=O)NCC(C)C)c3n2)cc(OC)c1OC,4.790599822998047,3.8085837364196777,4.299591779708862
CC(C)NC(=O)CCSc1ccccc1F,4.089735507965088,5.636399745941162,4.863067626953125
CC(C)(C)c1ccc(C(=O)OCC(=O)NCCCCCCCCNc2c3c(nc4ccccc24)CCCC3)cc1,6.859461784362793,4.277065277099609,5.568263530731201
CN1C(=O)C(=Cc2cc[n+](Cc3ccccc3)cc2)SC1=S,6.241300582885742,4.040613174438477,5.140956878662109
O=C(C=Cc1cccc([N+](=O)[O-])c1)N1N=C(c2ccccc2)CC1c1ccccc1,6.234350204467773,4.907493591308594,5.570921897888184
Cc1cc2c(cc1-c1ccc(OCCN3CCCCC3)cc1)OC(=O)C2=Cc1cccc([N+](=O)[O-])c1,5.668339252471924,6.328163146972656,5.99825119972229
CC(=O)Nc1ccc(-c2ccnc3[nH]ccc23)cc1,4.583761215209961,5.395331859588623,4.989546537399292
CC(=NNc1nc(-c2ccc(F)cc2F)cs1)c1cccs1,6.01493501663208,7.238533020019531,6.626734018325806
Cc1cc(Cl)c2oc(C(=O)NC3CCCCC3)c(C)c2c1,6.126729965209961,4.764294624328613,5.445512294769287
Cc1cc(C)nc(NC(=O)c2ccc(COc3ccc(C(=O)N4CCN(C)CC4)cc3)cc2)n1,5.4645586013793945,5.133644104003906,5.29910135269165
O=C(Nc1ccccc1)Nc1ccc(CC2CCN(Cc3cccc(Cl)c3)CC2)cc1,5.889482498168945,3.4553885459899902,4.672435522079468
Oc1nc(CCN2CCCCC2)nc2c1ncn2C1OC(CO)C(O)C1O,5.777403831481934,5.11340856552124,5.445406198501587
COC(=O)CCCCCCCCCCCCCC(=O)N(C)CCCCCCN(C)C,5.548839092254639,5.507935523986816,5.5283873081207275
Oc1nc2ccccc2n2c(-c3cccc(Cl)c3)nnc12,5.330238342285156,4.154516220092773,4.742377281188965
COc1cc(OC)c2c(c1)OC(c1ccc(OC)cc1)CC2=O,6.229386806488037,5.098282337188721,5.663834571838379
CCN(CC)C(=O)c1cc2cc(C)ccc2oc1=O,5.182417392730713,5.281735897064209,5.232076644897461
CN(C)c1ccc(C=C2SC(=S)N(c3ccccc3)C2=O)cc1,5.2460036277771,4.901410102844238,5.073706865310669
Cc1ccccc1-c1ccnc(Nc2cccc(S(C)(=O)=O)c2)n1,5.530350685119629,5.29955530166626,5.414952993392944
O=C1C(=O)c2c(O)cc(O)c(O)c2C1=O,7.494873046875,2.851883888244629,5.1733784675598145
COc1ccc2c(c1)C(=Cc1c[nH]c3ccc(OCc4ccccc4)cc13)C(=O)N2,5.397401332855225,7.043679237365723,6.220540285110474
O=C(CCl)Nc1nc(-c2ccccc2)c(-c2ccccc2)o1,5.6534104347229,5.054917812347412,5.354164123535156
Cn1c(C#N)ccc1-c1csc(NN=Cc2cccs2)n1,5.468727111816406,5.648218154907227,5.558472633361816
COc1cc2c(cc1OC)C1=NOC(CN3CCN(CCOc4ccccc4OC)CC3)C1CO2,6.527121067047119,4.489541053771973,5.508331060409546
CC1=CC(C(=O)NCCCN2CCCC2=O)=C(C)O1,8.203461647033691,4.810967445373535,6.507214546203613
O=C(O)CC(O)CCc1ccc(CN=C(c2ccncc2)c2ccc(Cl)cc2)cc1,4.486360549926758,4.146337985992432,4.316349267959595
Cc1cc(O)n2nc(-c3ccc(Cl)cc3)cc2n1,5.679866313934326,5.061097621917725,5.370481967926025
O=C1COc2cc(=O)oc3cc(OCc4cccc(Cl)c4)ccc23)N1,,,
CCCCCC(=O)Nc1ccc(S(=O)(=O)Nc2nccs2)cc1,5.769607067108154,5.650581359863281,5.710094213485718
O=C(CCCCCCCCCC(=O)Oc1ccc2c(c1)C13CCCCC1C(C2)N(CC1CCC1)CC3)Oc1ccc2c(c1)C13CCCCC1C(C2)N(CC1CCC1)CC3,6.351859092712402,5.682612419128418,6.01723575592041
Cc1cccc(C2=NN(C(=O)CSc3nc(C)cs3)C(O)(C(F)(F)F)C2)c1C,7.830925941467285,7.525120735168457,7.678023338317871
CC(C)(C)CC(=O)NC(C=O)Cc1c[nH]c2ccccc12,5.087107181549072,3.105946779251098,4.0965269804000854
COc1cc2c(cc1OC)C1=NOC(CN3CCN(CC(C)=Cc4ccco4)CC3)C1CO2,6.715887069702148,4.724157333374023,5.720022201538086
COc1cc(C=C2CCC(=Cc3cc(OC)c(OC)c(O)c3)C2=O)c(Cl)cc1OC,5.964585781097412,5.0921311378479,5.528358459472656
N#CCCn1nc(-c2ccc(OCc3ccccc3)cc2)oc1=S,6.041672229766846,6.656876564025879,6.349274396896362
C=CCN1CCC23c4c5ccc(O)c4OC2C(=O)CCC3(O)C1C5,6.9345808029174805,6.695377349853516,6.814979076385498
CNC(=O)c1cccc(Nc2nccc(Nc3cccc4[nH]ncc34)n2)c1,6.116522312164307,5.037318706512451,5.576920509338379
Fc1ccc(-c2cccc(C3=NCCN3)c2)c(F)c1,6.043282985687256,6.194371223449707,6.1188271045684814
Cc1ccc(S(=O)(=O)N(Cc2cccnc2)c2ccccn2)cc1,5.411229610443115,2.92301607131958,4.167122840881348
CS(=O)(=O)Nc1ccc2c(c1)N(CCN1CCCC1)c1ccccc1S2,5.880832195281982,4.810108661651611,5.345470428466797
CC(=O)OC1CC(OC(=O)N(C)C)C2(C)C(O)C3=CCC4=C(CC(=O)CC(O)CC4(C)C)C3(F)C(=O)CC12C,4.350859642028809,6.567025184631348,5.458942413330078
COc1ccc(C(=O)NCc2nnc3n2CCS3)cc1OC,5.5482354164123535,4.189221382141113,4.868728399276733
CN1CCN(c2nc(-c3ccc(F)cc3)cs2)CC1,5.144844055175781,6.802371978759766,5.973608016967773
OCc1ccc(OCCCCCCCCNCCO)cc1,4.429112434387207,5.687158584594727,5.058135509490967
Cc1ccc(C(=O)Nc2ccc(CCC(=O)NCCO)cc2)cc1,4.716012001037598,5.245162963867188,4.980587482452393
O=C1N=c2ccc(Br)cc2=C1c1sc(S)nc1O,6.333058834075928,5.400068283081055,5.866563558578491
CCN1CCN(CCCC(=O)Nc2ccc(Br)cc2)CC1,5.042966842651367,4.325848579406738,4.684407711029053
COc1ccc(C=NNc2ncnc3c2[nH]c2ccccc23)cc1OC,4.657480716705322,3.840387105941773,4.248933911323547
COc1cc2c(cc1OC)C1=NOC(CN3CCN(CC(C)=Cc4ccccc4)CC3)C1CO2,6.703359603881836,4.614506721496582,5.658933162689209
Cc1nc2ccc(NS(=O)(=O)c3ccc(N)cc3)cc2nc1C,5.728460788726807,3.820590496063232,4.7745256423950195
O=C(C=Cc1ccc(O)cc1)Nc1ccc(Cl)cc1,4.518014430999756,5.94563627243042,5.231825351715088
Cc1nc2ccccc2c(=O)n1Cc1ccc(F)cc1,5.620713233947754,5.216018199920654,5.418365716934204
COc1ccccc1Cc1nnc(-c2ccccc2)o1,5.44678258895874,4.563296318054199,5.00503945350647
C#CCCn1nc(-c2ccccc2C)oc1=O,5.430845260620117,6.809458255767822,6.12015175819397
COC(=O)c1c(Cl)c(Cl)c(O)c(Cl)c1C(=O)OC,3.88621187210083,3.953660011291504,3.919935941696167
Cn1nc(C(F)(F)F)c2c(=O)c3cc(Cl)ccc3n(O)c21,5.890907287597656,4.878720283508301,5.3848137855529785
CC(=O)c1ccccc1NC(=O)C=Cc1ccc2c(c1)OCO2,6.110614776611328,5.855123043060303,5.982868909835815
Fc1ccc(-c2nc(-c3ccccc3)cs2)c(F)c1,4.906553745269775,6.2562785148620605,5.581416130065918
CS(=O)(=O)C1CCC(CNC(=O)Cc2ccccc2)CC1,6.1399688720703125,3.750442504882813,4.9452056884765625
Oc1nc2c3ccccc3nc-2c(O)n1CCCCN1CCCCC1,6.58442497253418,4.86245059967041,5.723437786102295
O=C(NCCCCCCNc1c2c(nc3cc(Cl)ccc13)CCCC2)c1c[nH]c2ccccc12,9.08874797821045,4.697459697723389,6.893103837966919
CCOC(=O)c1[nH]c2ccc(OCc3cccc(Cl)c3)cc2c1C,4.876336097717285,6.738558292388916,5.807447195053101
Fc1ccc(-c2nc3cnccn3c2-c2ccnc(NCC3CC3)n2)cc1,6.186202049255371,5.99031400680542,6.0882580280303955
COc1ccc(Cc2nc3cc(C(=O)NCCCCCCCCCCCN(C)C(=O)C4CCCC4)ccc3o2)cc1,6.49757194519043,5.003366947174072,5.750469446182251
C#CCN(C)C(C)Cc1ccccc1,4.207369327545166,6.7008585929870605,5.454113960266113
O=C1CC(=O)c2coc3ccc(OCc4cccc(F)c4)cc23)C1=O,,,
O=C(O)c1cccc2c1C(=O)c1c(O)cc(C3CC3)cc1C2=O,6.434826850891113,6.27364444732666,6.354235649108887
Cn1c(=O)c2c(nc(COc3ccc(Cl)cc3)n2C)n(C)c1=O,5.187103271484375,6.222359657287598,5.704731464385986
Cc1cccc(C(=O)Nc2c3c(nn2-c2ccc(F)cc2)CCCC3)c1,6.823927879333496,5.149261951446533,5.986594915390015
CN(C)c1ccc(C(=O)OC(C)(C)C)cc1NC(=O)c1cnn2cccnc12,4.865497589111328,4.000798225402832,4.43314790725708
CCOc1ccc(-c2nc3sccn3c2-c2ccnc(Nc3cccc(N4CCOCC4)c3)n2)cc1NC(=O)Cc1ccccc1,5.819406509399414,5.335366249084473,5.577386379241943
O=C(NC1CC1)N1CCC(Oc2ccc(C(=O)c3ccccc3)cc2)CC1,5.509068489074707,4.325193881988525,4.917131185531616
O=[N+]([O-])c1ccccc1C=NNc1ccc(Cl)cn1,5.465932846069336,3.891428470611572,4.678680658340454
O=C(C=Cc1ccccc1)N=c1[nH]c2ccccc2c(=O)s1,5.684206962585449,6.301938056945801,5.993072509765625
Cc1ccc(S(=O)(=O)n2cnc3ccccc32)cc1C,5.345064640045166,3.9066648483276367,4.625864744186401
CCCC(=O)Oc1ccc2c(c1)N(CCC)C(=O)CC2,6.090580463409424,5.450695514678955,5.7706379890441895
COc1cc2c(cc1OC)C1=NOC(CN3CCN(Cc4ccc5c(c4)OCO5)CC3)C1CO2,6.806899070739746,4.680825233459473,5.743862152099609
O=C(c1cc2ccccc2oc1=O)N(Cc1ccccc1)CC1CCCO1,5.958543300628662,4.100093841552734,5.029318571090698
O=C(NCc1ccccc1)Nc1ccc2c(O)cc(O)cc2c1,4.871208190917969,5.339221000671387,5.105214595794678
O=C(O)CCCCCCCCc1ccc2oc(-c3cccc(C(F)(F)F)c3)nc2c1,5.123018264770508,6.482753753662109,5.802886009216309
C=CCN1CCN(c2nc3ccccc3n3cccc23)CC1,4.729807376861572,4.311081886291504,4.520444631576538
COc1ccc(S(=O)(=O)N2CCN(C)CC2)cc1NC(=O)C(C)(C)C,5.080862522125244,4.1002702713012695,4.590566396713257
N#Cc1ccc2c3c(oc2c1)-c1cccc(OCCCN4CCCCC4)c1C3=O,6.351399421691895,4.678072452545166,5.51473593711853
CCOC(=O)c1cc2c(=O)n3ccccc3nc2n(Cc2ccco2)c1=NC(=O)c1ccccc1,5.748825073242188,3.9252216815948486,4.837023377418518
O=C1NC(CO)(CO)COC1=O,2.2285852432250977,5.242102146148682,3.7353436946868896
COc1ccc(NC(=O)N2CCCC2C(=O)NCc2ccccc2)cc1,5.2730560302734375,4.172760963439941,4.7229084968566895
O=c1c2ccccc2oc2cc(NCCCCCCCN3CCOCC3)ccc12,5.661938190460205,4.88615608215332,5.274047136306763
CC1=CC(C)(C)Nc2ccc(OCCCCn3ccnc3)cc21,5.72883939743042,5.490752696990967,5.609796047210693
CC(=O)Nc1cccc(COC(=O)COc2ccc(Cl)cc2C)c1,4.405832290649414,5.815669059753418,5.110750675201416
CCC1=Nc2cc(C(=O)NC3CC3)ccc2Sc2ccc(Cl)cc21,6.49703311920166,5.362353324890137,5.929693222045898
CC(C)COC(=O)n1nc(C=Cc2cccs2)nc1N,5.624752521514893,6.195225715637207,5.90998911857605
CCCC(=O)Nc1cccc(C(=O)Nc2cc(OC)ccc2OC)c1,5.589591979980469,4.850634574890137,5.220113277435303
CC(C)CN(CC(C)O)C(=O)c1cc2c(s1)-c1ccccc1OC2,4.241291522979736,4.5400495529174805,4.390670537948608
O=C1NC(=O)C(c2c[nH]c3ccccc23)=C1c1nc(N2CCNCC2)nc2ccccc12,4.773353099822998,4.963029861450195,4.868191480636597
CC#CCNC(=O)C1C=CCN(C)C1=O,4.993474006652832,3.695078372955322,4.344276189804077
CC=CC(=O)NCCc1ccc(OCCCCCCCCCCCC)cc1,5.030162811279297,5.85529088973999,5.4427268505096436
CC(=O)c1ccccc1NC(=O)c1cccc(OCc2ccc3c(c2)OCO3)c1,6.047306060791016,5.538778305053711,5.793042182922363
CCOC(=O)C1=S(O)(O)=CC1c1cccc(OCC)c1,6.46324348449707,4.932146072387695,5.697694778442383
Cc1ccc(F)cc1C(=O)OCC(=O)Nc1cc(C(C)C)nn1C(C)C,5.730098247528076,5.212376594543457,5.471237421035767
CCOc1ccc2c(c1)OC(=O)CC2=CNc1ncc(C)s1,6.283008575439453,6.010158538818359,6.146583557128906
CN1CCN(CCOc2ccc(CC3=NC(=O)N(CCc4ccccc4)C3=O)cc2)CC1,5.615756034851074,5.24972677230835,5.432741403579712
O=C(Nc1ccc(Br)cc1)Nc1cccc2cccnc12,5.033982276916504,5.145302295684815,5.089642286300659
CC1=Nc2n[nH]cc2C(c2ccccc2)C1C(=O)OCCc1ccccc1,6.345247745513916,5.675120830535889,6.010184288024902
CCCOc1ccccc1NC(=O)Nc1ccc2c(c1)CCC2,5.455615997314453,5.367793083190918,5.4117045402526855
COc1cccc2c1N(CC(=O)N1CCCC1)CC2,5.995162963867188,4.04935359954834,5.022258281707764
CC(C)NC(=O)C1CCC(n2c(NC(=O)c3ccc(F)cc3)nc3ccc(CN4CCCCC4CO)cc32)CC1,5.890305519104004,5.110184669494629,5.500245094299316
Oc1nc2c(O)ccc(C(O)CNCCCOCCn3cccc3)c2s1,4.690404415130615,5.31522798538208,5.002816200256348
Oc1cccc(-c2nc(N3CCOCC3)c3oc4ncccc4c3n2)c1,5.151168346405029,4.706416606903076,4.928792476654053
COc1cc2nccc(Oc3cccc(-c4c(-c5ccccc5)noc4C)c3)c2cc1OC,6.018537998199463,5.1213908195495605,5.569964408874512
COc1cc2c(cc1OC)C(=O)C(Oc1cccc3c1CCC3=O)C(=O)O2,7.737634181976318,4.4348859786987305,6.086260080337524
Cc1ccc(NC(=O)CN2C(=O)NC3(CCCCC3)C2=O)cc1Cl,5.418143272399902,5.181890964508057,5.3000171184539795
CN(C)c1cccc2c(S(=O)(=O)N(CCN)c3cncc(-c4ccc5c(c4)OCO5)c3)cccc12,5.749712467193604,4.842776298522949,5.296244382858276
CC1=C(C(=O)Nc2ccccc2)C(c2ccccc2)N2C=CC=CC2=N1,5.235113143920898,4.333203315734863,4.784158229827881
COc1ccc2cc(-c3cc(C(=O)NC4CCCC4)no3)c(=O)oc2c1,6.347086429595947,5.505290985107422,5.926188707351685
O=C(Nc1ccc2nc(-c3ccccc3)c(-c3ccccc3)nc2c1)C1CC1,5.378404140472412,4.472084045410156,4.925244092941284
CC(=O)NC(CCCc1ccccc1)C(=O)NC(Cc1ccccc1)C(=O)O,4.351276397705078,3.6113803386688232,3.9813283681869507
O=C1CCCc2cc(OCc3cccc(Cl)c3)ccc21,4.159873962402344,7.465420722961426,5.812647342681885
COc1ccc(-n2c(CCc3c[nH]c4ccc(Br)cc34)nc3ccccc3c2=O)cc1,5.580196380615234,6.099349021911621,5.839772701263428
O=C(OC1CNC(C#Cc2cc3ncnc-3s2)C1)c1ccccc1,,,
CC1CC2C3CC=C4CC(=O)C=CC4(C)C3(F)C(O)CC2(C)C1(OC(=O)NC1CCCC1)C(O)C=O,4.691688537597656,7.84754467010498,6.269616603851318
CCCCSc1nnc2c3cc(F)c(F)cc3n(C)c2n1,5.300299167633057,6.963040351867676,6.131669759750366
Cc1ccc(NC2=NCCS2)cc1Cl,6.399170398712158,5.73085880279541,6.065014600753784
CC(=O)c1ccc(N2CCN(CC(=O)NC3CCCC3)CC2)cc1,4.392751693725586,4.418995380401611,4.405873537063599
O=C1C=CC(=CNNc2nc3ccccc3s2)C=C1,4.177339553833008,5.3593854904174805,4.768362522125244
NCCn1cc(C2=C(c3cccs3)C(=O)NC2=O)c2ccccc21,4.162925720214844,5.271174907684326,4.717050313949585
O=C(CCC=Nc1ccc2c(c1)OCO2)c1ccccc1O,6.5701446533203125,5.718000411987305,6.144072532653809
CC(C)COC(=O)Nc1ccc(S(=O)(=O)Nc2ccc(OCCN3CCOCC3)cc2)cc1,4.921465873718262,5.424534320831299,5.17300009727478
O=C1NC(=S)NC(=O)C1=Cc1cc2ccccc2[nH]1,5.850221157073975,5.870687484741211,5.860454320907593
Cc1ccc(CNC2C(=O)C(=O)C2=Nc2ccncc2)cc1,5.765086650848389,5.170217514038086,5.467652082443237
OC1CCC(Nc2nc(Cl)cc(-c3c[nH]c4ncccc34)n2)CC1,5.147319316864014,5.66976261138916,5.408540964126587
CC(=O)Oc1ccc2c(=O)c(-c3ccccc3)coc2c1,6.513663768768311,5.150580883026123,5.832122325897217
Cc1noc(C)c1-c1nc(N2CCOCC2)c2ccccc2n1,5.475827217102051,5.691547393798828,5.5836873054504395
Cc1cccc(C)c1-n1c(=O)c2cnc(Nc3ccc(OC(F)(F)F)cc3)nc2n2c3c(sc23)CCCC3)nc12,,,
COc1cccc(C=Cc2cc(C=Cc3ccccc3)no2)c1,4.212030410766602,6.022015571594238,5.11702299118042
CC(C)n1[nH]c(C=C2C(=O)Nc3ccccc32)c2ccccc21,,,
COc1cc(C=NNC(=O)c2cccc(C(=O)O)c2)ccc1OC(=O)c1ccccc1,6.247311592102051,5.045433521270752,5.646372556686401
CC1=CC(=O)Oc2cc(OCc3cccc(Oc4ccc(Cl)cc4)c3)ccc21,5.235473155975342,6.915139198303223,6.075306177139282
N#Cc1ccccc1C(=O)Nc1cccc2ncccc12,4.719968795776367,5.330242156982422,5.0251054763793945
COc1ccc2c(c1)CCC2=Cc1ccccc1,4.34750509262085,5.9618916511535645,5.154698371887207
CC(=O)COc1ccc(C2=NN(CCCCCCCOc3ccc4c(c3)OC(=O)CC4=Cc3cc(O)c(O)c(OC(C)=O)c3)C(=O)C2=O)cc1,6.073923110961914,6.334362030029297,6.2041425704956055
Cc1noc(C)c1S(=O)(=O)N1CCCCC1,6.209163665771484,6.056489944458008,6.132826805114746
Cc1ccc(CSc2nnc(-c3ccco3)n2C)cc1,6.404815673828125,5.671753406524658,6.038284540176392
COc1cccc2c1Nc1cc(Nc3ccncc3)ccc1C(=O)N2,5.46087646484375,5.097632884979248,5.279254674911499
CN(C)c1ccc(-c2ccc(C(=O)O)cc2F)cc1Br,4.377828598022461,5.981871604919434,5.179850101470947
O=C(CCl)Nc1ccc2c(c1NC(=O)c1ccc(OCc3ccccc3)cc1)OCO2,5.756899833679199,5.3937177658081055,5.575308799743652
COc1ccc(Br)cc1CNc1ncccc1[N+](=O)[O-],5.366572380065918,4.603627681732178,4.985100030899048
CCCn1c(=O)c2c(nc3n2CCS3)n(C)c1=O,4.897279739379883,5.134213447570801,5.015746593475342
COc1cc2c(cc1Nc1nc(Nc3ccsc3C(N)=O)c3cc[nH]c3n1)N(C(=O)CN(C)C)CCC2,5.969094276428223,4.320195198059082,5.144644737243652
CC(=O)Nc1ccc(C2=NOC(COc3ccccc3F)(CO)C2)cc1,5.085250854492188,5.565003871917725,5.325127363204956
CCN(CC)c1ccc(C=C2C(=O)NC(=O)N(c3ccc(Cl)cc3)C2=O)cc1,4.700518608093262,5.682009220123291,5.191263914108276
O=C1CCc2cc(OCCCCOc3ccc(F)cc3)ccc2N1,5.138021945953369,7.378259658813477,6.258140802383423
CC(=O)OC1C(CO)OC(n2cnc3c(NC4CCCC4)nc(C#Cc4cccc(Cl)c4)nc32)C1O,5.500309944152832,5.482932090759277,5.491621017456055
COc1ccc(-c2csc3c(C=Cc4nc5ccccc5[nH]4)cnc(N)c23)cc1OC,6.057886600494385,4.774712562561035,5.41629958152771
COc1cc2c(cc1F)C(c1cccc(F)c1)=Nc1c(C)n[nH]c1N2,5.751451015472412,5.5039143562316895,5.627682685852051
CS(=O)(=O)c1nc2cc(F)c(Nc3ccccc3)cc2[nH]1,6.153042793273926,5.290021896362305,5.721532344818115
COc1cc(OC)cc(-c2nnc3n2N=C(c2ccc(Br)cc2)CS3)c1,6.432080268859863,6.110467910766602,6.271274089813232
CN1CC(C(=O)Nc2ccc(OC(F)(F)F)cc2)CC2c3cccc4[nH]cc(c34)CC21,6.481651782989502,5.963009834289551,6.222330808639526
Cc1cccc(C)c1OCCCCCCN1CCCC1,6.206486225128174,4.796524524688721,5.501505374908447
COc1cc(C(=O)NNc2c3c(nc4ccccc24)CCCC3)cc(OC)c1OC,6.416379928588867,4.272161960601807,5.344270944595337
Cc1cccc(NC(=O)Nc2ccc(NC(=O)c3csc4ncnc(N)c34)cc2)c1,5.893888473510742,4.57079029083252,5.232339382171631
CC1CCC(=NNc2nc(-c3cccc([N+](=O)[O-])c3)cs2)C1,5.858130931854248,6.303040027618408,6.080585479736328
CN(C)c1nc(O)c2sc3ccccc3c2n1,5.623754024505615,4.206609725952148,4.915181875228882
O=C(Nc1ccccc1)c1ccccc1,4.846254825592041,4.941180229187012,4.893717527389526
Cc1ccc(C(=O)c2cc3cc(CO)ccc3oc2=O)cc1,4.872827053070068,5.872227191925049,5.372527122497559
O=C(CCCN1CCC2(CC1)C(=O)N(CCN1CCOCC1)CN2c1ccc(F)cc1,,,
CCN(CC)CCC(=O)Nc1cccc2c1Cc1c(-c3csc(C#CCOc4ccccc4)c3)n[nH]c1-2,5.716679573059082,5.341411113739014,5.529045343399048
COc1ccc(CN(Cc2ccccc2)C(=O)c2cccs2)cc1,5.396052837371826,2.784557342529297,4.0903050899505615
CCCCc1ccc2oc3nc(C=CC(=O)O)cc(=O)c3c2c1,,,
CCOc1nc(C(=O)NCc2ccc(S(N)(=O)=O)cc2)cc(N)c1Cl,5.97109842300415,4.672067642211914,5.321583032608032
N#CCCn1nc(-c2ccc(C#N)cc2)c2ccccc2c1=O,5.390458106994629,5.560469627380371,5.4754638671875
CC[N+]1(CC2=CCCCC2)CCC(NC(=O)C2c3cc(Cl)ccc3Oc3ccccc32)CC1,5.361541748046875,4.361085891723633,4.861313819885254
CC(C)CCC(C)NC(=O)C1CCN(C(=O)c2cccnc2)CC1,4.344639301300049,4.560103893280029,4.452371597290039
C=CCNc1nc(-c2ccccc2)c(C)s1,6.175949573516846,5.21925163269043,5.697600603103638
COc1cccc(Sc2nc3cc(OC)c(OC)cc3[nH]2)c1,4.851810455322266,4.99099063873291,4.921400547027588
CN(C)CCOC(=O)C=CC=Cc1cccc([N+](=O)[O-])c1,4.194791793823242,5.249302387237549,4.7220470905303955
O=C(Nc1cccc(C(F)(F)F)n1)Nc1ccnc2c(F)cccc12,5.744106769561768,5.286039352416992,5.51507306098938
N#Cc1ccc(OCCCCN2CCCCC2)cc1OCc1ccc2ccccc2n1,5.254467487335205,5.573990821838379,5.414229154586792
Brc1ccc(CSCCc2ccncc2)cc1,4.172624588012695,5.474155426025391,4.823390007019043
CC(=O)c1cc(OCc2ccc3c(c2)OCO3)cc(C(=O)Nc2ccc(Cl)cn2)c1,5.871392726898193,5.618937015533447,5.74516487121582
CC(C)(C)c1ccc(C(=O)COC(=O)C2CC3OCCC3O2)cc1,3.992122411727905,4.846887588500977,4.419505000114441
O=C(Cl)c1cc2cc(Br)cc3c2o1,,,
Cc1ccc(-n2nnnc2-c2cccs2)cc1Cl,5.592433929443359,5.324584007263184,5.4585089683532715
CN(C)CCNC(=O)c1cc(N)c2c(=O)c(C=C3CCCCC3)cn(C)c2n1,7.151116371154785,3.890116691589356,5.52061653137207
COC(=O)c1cc2occc2n1CCCNC(=O)OC(C)(C)C,5.315968036651611,4.106834411621094,4.7114012241363525
Cc1ccc(S(=O)(=O)NC(=O)Nc2ccc(-c3cccc(Cl)c3)cc2)cc1,5.250865459442139,4.406796932220459,4.828831195831299
COc1ccc(C2=NN(CCCCCCN(C)CC(=O)Nc3ccccc3)C(=O)C3C=CC(C)=C32)cc1,6.357955455780029,4.743796825408936,5.550876140594482
COc1ccc2c(c1)CCN(Cc1cc(O)c3c(O)cccc3c1)C2,5.091083526611328,5.164797782897949,5.127940654754639
CN1CCc2cc(OCCF)c3c(c2C1)OC(C)(C)C3,4.47653341293335,4.506552219390869,4.491542816162109
O=C(CCCc1c[nH]c2ccccc12)NCc1ccccc1,4.357378482818604,4.655839920043945,4.506609201431274
CC(C)C(=O)NCCCCCCCCCCCOC1CCCC1,5.710203647613525,5.519964694976807,5.615084171295166
O=C(Oc1ccc(Cl)cc1)c1coc2ccccc2c1=O,5.801797866821289,5.4256110191345215,5.613704442977905
Cc1cccc(C2CC(c3c4ccccc4cc4ccccc34)=NN2)c1,6.703186511993408,7.963233947753906,7.333210229873657
CSc1ccccc1NC(=O)CN(C)CCCCOc1ccc2c(c1)OCO2,5.711887836456299,5.445795059204102,5.5788414478302
C#CCNC(=O)C1CN(c2cccc(Cl)c2)CC1CC,4.691381454467773,4.416700839996338,4.554041147232056
O=C(NCC=CCN1CCN(c2cccc(Cl)c2Cl)CC1)c1cc2cc3c(cc2o1)OCO3,7.227839946746826,5.013989448547363,6.120914697647095
CC1=CC(C)(C)Nc2ccc3c(c21)COc1c(F)cc(F)cc1-3,5.648677825927734,6.601749897003174,6.125213861465454
CCN(CCCOc1ccc2c(Nc3cc(CC(=O)Nc4cccc(F)c4)[nH]n3)ncnc2c1)CCOP(=O)(O)O,5.522908687591553,5.454604625701904,5.4887566566467285
Cc1sc2ncnc(SCC(=O)c3ccc(F)cc3)c2c1C,5.282120704650879,7.785951614379883,6.534036159515381
Cc1cc(O)ccc1-n1cc(C(=O)NN)c(=O)c2ccc(-c3ccccc3)cc21,6.326967239379883,6.29034423828125,6.308655738830566
Cn1c(=O)c2c(nc(SCc3ccc(Cl)cc3)n2C)n(C)c1=O,5.727228164672852,6.552047729492188,6.1396379470825195
CC(C)Cc1nc(-c2ccc(O)c(Cl)c2)no1,5.002614498138428,5.883996963500977,5.443305730819702
COc1cc2oc(C(=O)c3ccccc3)c(C)c2cc1OC,6.236820697784424,4.450510501861572,5.343665599822998
O=C1COc2cc(Br)ccc2C1=O,5.092512130737305,5.98939847946167,5.540955305099487
Cc1cc2c3cc(Cl)ccc3n(CCCCCCSc3ccc(-n4ccnc4)cc3)c2o1,6.093972206115723,6.106833934783936,6.100403070449829
COc1cc2c(cc1OC)C(=O)C(CC1CCN(CCc3ccccc3)CC1)O2,7.375890254974365,4.735706329345703,6.055798292160034
O=C1c2ccccc2-[n+]2ccc3c([nH]c4ccccc43)c21,4.619190692901611,5.365114688873291,4.992152690887451
O=C1OC(c2ccc3ccccc3c2)=NC1=Cc1cccc([N+](=O)[O-])c1,5.75588846206665,6.803009510040283,6.279448986053467
N#Cc1cc2cc(COc3cccnc3)oc2cc1O,3.8705625534057617,5.772071361541748,4.821316957473755
N#CC(=Cc1ccc(O)c(O)c1)C(=O)OCC=CCCC(=O)Oc1ccc2c(c1)OCO2,5.544079303741455,5.737053871154785,5.64056658744812
CCOC(=O)c1ccc(NC(=O)Cc2csc(NC(=O)C3CC3)n2)cc1,6.453738689422607,5.144303798675537,5.799021244049072
O=C1c2ccccc2C(=O)C1c1cccc([N+](=O)[O-])c1,6.40402364730835,5.970563888549805,6.187293767929077
CCCC(=O)OC1(C(=O)COC(C)=O)CCC2C3CC(F)=C4CC(=O)C=CC4(C)C3(F)C(O)CC21C,4.968536853790283,7.498494148254394,6.233515501022339
O=C(NN=Cc1ccc(O)c(O)c1O)NN=Cc1ccc(O)c2ccccc12,5.856768131256104,5.003400802612305,5.430084466934204
O=C(Nc1ccccc1)c1cc2c(cc1Cl)OCCO2,5.918710708618164,5.696137428283691,5.807424068450928
O=C1Nc2ccc(Cl)cc2C1=Cc1cc(Cl)c(O)c(Cl)c1,5.426485061645508,7.547144412994385,6.486814737319946
Cc1ccc(CC=C(CCc2ccc(O)cc2)C(=O)O)cc1,3.738147735595703,5.14919376373291,4.443670749664307
CC1C=C2C=CC(C)C(CCC3CC(O)CC(=O)O3)C2C(OC(=O)c2ccc(O)c(O)c2)C1,3.878721714019776,4.640267848968506,4.259494781494141
O=C(CCC1CCN(CC2CCCCC2)CC1)N1CCCCC1,6.731425285339356,3.702484607696533,5.216954946517944
COc1cc2c(cc1OC)C1=C(C#N)C(NC3CC3)C(=O)N2,,,
COc1ccc(-c2ccc(NCc3cc(=O)[nH]c4ccccc34)cc2)c2ccccc12,5.050926685333252,6.374561786651611,5.712744235992432
CN(C)c1ccc(C(=O)Nc2nc3c(s2)COCC3)cc1,5.026124000549316,5.97657585144043,5.501349925994873
Cc1cn(C2C=CC(CO)O2)c(=O)nc1O,5.563791275024414,4.173285007476807,4.86853814125061
O=C(CCCCCCCC(O)=NO)Nc1cccc(Cl)c1,4.3756914138793945,5.655081748962402,5.015386581420898
Cc1ccccc1NC(=O)c1ccc(COc2ccc3c(c2)CCC3)o1,5.491500854492188,5.771914482116699,5.631707668304443
COc1ccc([N+](=O)[O-])cc1C=CC=Cc1ccc([N+](=O)[O-])o1,5.874744415283203,5.234660625457764,5.554702520370483
O=C1C(=O)C(NCc2cccc(C(F)(F)F)c2)C1=Nc1ccncc1,6.475828170776367,5.856783866882324,6.166306018829346
Oc1occ2c1C(c1ccc(Cl)cc1)c1ccccc1C2=O,5.989418983459473,7.388665199279785,6.689042091369629
CCC(=O)NC1=NC(c2ccc(C)cc2)C(CO)=N1,5.811999320983887,4.912679672241211,5.362339496612549
COc1cc2c(cc1OC)C1=NOC(CN3CCN(CC=C(C)C)CC3)C1CO2,6.171783447265625,4.283371925354004,5.2275776863098145
Cc1cccc(N=C2CC(=O)c3sc(C)nc3C2=O)c1,5.935366153717041,5.703218460083008,5.819292306900024
Cc1cc(C)c2c(n1)sc1c(N)ncnc12,4.282970905303955,3.928391456604004,4.1056811809539795
COc1ccc2c(c1)c(C=C1CC1=Nc3ccccc3C1=O)c(C)n2C,,,
CC1=NN(C(=O)Cn2cnc3ccccc3c2=O)C(c2nccs2)C1,6.398317337036133,5.090904712677002,5.744611024856567
Oc1occ2ccc(OCCCCCCN3CCCCC3)cc12,6.040965557098389,6.2409868240356445,6.140976190567017
O=C(O)C1C=CC(OC(=O)c2cccc(O)c2)C=C1,3.077618360519409,3.0589799880981445,3.068299174308777
CC(C)=CCN1CCC2(C)c3cc(O)ccc3CC1C2C,5.547050476074219,5.277956962585449,5.412503719329834
O=C1NC(=O)C2=C1c1cn(c3ncccc13)CCCc1ccc(c(N3CCCC3)n1)CCCn1cc2c2ccccc21,4.693321228027344,5.516033172607422,5.104677200317383
COc1ccccc1C(=O)C=Cc1ccccc1,5.527218341827393,5.586627960205078,5.556923151016235
Fc1ccc(-c2csc(NN=Cc3ccccc3O)n2)cc1,5.455575942993164,5.347294807434082,5.401435375213623
CC(=O)Nc1ccc(OC(=O)c2cccc(Br)c2)cc1,4.947205543518066,5.169075965881348,5.058140754699707
COc1ccc(C(=O)Nc2ccc3c(c2)oc2ccc(C4(C)OC(CO)C(O)C(O)C4)cc23)cc1,5.731330871582031,5.099033355712891,5.415182113647461
CN1CC2(C)OC(C1)C2=O,6.205093860626221,5.621439933776856,5.913266897201538
O=C(C=Cc1cccc([N+](=O)[O-])c1)N1CCc2ccccc21,5.094644546508789,5.637908935546875,5.366276741027832
COc1cc(C=C2CCCc3c2c[n+](C)c3)ccc1O,,,
Cc1c(C(=O)c2ccccc2)oc2c1C(=O)CC(C)(C)C2,4.724395751953125,4.290909290313721,4.507652521133423
O=C(CCc1c[nH]c2ccccc12)c1ccc(O)cc1O,5.336999416351318,5.702695369720459,5.519847393035889
O=C(O)c1ccc(COc2ccc3c(c2)OCO3)o1,5.32029914855957,4.984078407287598,5.152188777923584
CCOC(=O)NC1CCC2C(=CCc3ccc(-c4cccc(C#N)c4)cn3)C3C(C)OC(=O)C3CC2C1,4.217667579650879,5.849854946136475,5.033761262893677
CC(=NOCc1ccccc1)c1ccnc2cc(Br)ccc12,4.971925735473633,5.910129070281982,5.441027402877808
CCN(CC)CC(O)COc1ccc(C=C2C(=O)ON=C2C)cc1,4.588038444519043,5.824759483337402,5.206398963928223
CCN(CC)CCCCN1c2ccccc2Oc2ccc(Cl)cc21,5.942011833190918,4.521303176879883,5.2316575050354
CN(C)c1ccc(C=CC=CC=C2SC(=O)NC2=O)cc1,4.397334098815918,6.294018268585205,5.3456761837005615
COc1ccc(Cl)cc1NC(=O)C=Cc1ccccc1,4.576323509216309,5.600632190704346,5.088477849960327
CCOc1ccc(N=C2CC(=O)c3sc(C)nc3C2=O)cc1,6.232296943664551,6.136644840240479,6.184470891952515
O=C(CSc1nnc(-c2ccc(Cl)cc2)n1Cc1ccco1)N1CCN(c2ccccc2)CC1,6.303484916687012,5.436311721801758,5.869898319244385
O=C(O)c1csc2cnc(C=Cc3ccccc3)c(Cl)c12,5.189865112304688,5.648443698883057,5.419154405593872
CC1CCN(C(=O)CC#N)CC1c1ncc2cnc3[nH]ccc3n12,5.863825798034668,5.336278438568115,5.600052118301392
CCC1(c2cccc(O)c2)CCCCN(CCCC(=O)c2ccc(F)cc2)C1,5.774801254272461,4.472861289978027,5.123831272125244
CCCCC(=O)OCC1(CO)CC(=Cc2ccc(F)cc2)C(=O)O1,3.633877277374268,6.3581647872924805,4.996021032333374
COC(=O)C1=C(C)N=C(C)C(C(=O)OCCOC(=O)c2ccccc2O)C1c1cccc([N+](=O)[O-])c1,5.7104172706604,5.143932819366455,5.427175045013428
CC1CCCN(C(=O)CCCC2CCCN(Cc3ccccc3)C2)C1,6.689703464508057,2.768194913864136,4.728949189186096
CC(Oc1ccc2ccc(=O)oc2c1)C(=O)Nc1cccnc1,6.038341999053955,5.295454978942871,5.666898488998413
O=C(CCCc1ccc(Cl)cc1)N1CCCCC1,5.599765300750732,4.146730899810791,4.873248100280762
Nc1cccc2c1C(=O)N(C1CCCCC1)C2=O,5.47789478302002,5.0176496505737305,5.247772216796875
CNC(=O)Oc1cccc(CN(C)CCCOc2ccc3c(=O)c4ccccc4oc3c2)c1,8.555753707885742,5.625409126281738,7.09058141708374
COc1cccc2c1NC(=O)C2=NNc1ccc(S(N)(=O)=O)cc1,5.343342781066895,4.156132221221924,4.749737501144409
COc1cccc(C2(C(=O)NCC3CCCO3)CCCC2)c1,5.416139125823975,4.6533637046813965,5.0347514152526855
CCN1CCN(CCCC#N)C(=O)C1=O,5.208902835845947,4.327437877655029,4.768170356750488
Cc1ccc(C)c(NC(=O)CSc2nc3ccccc3c(=O)n2C)c1,6.51120138168335,5.354870319366455,5.933035850524902
Cc1ccccc1COc1ccc(C=NN=C(N)N)cc1,5.690570831298828,5.979403972625732,5.83498740196228
CC(=O)N1CCc2ccc(Nc3ncc(Cl)c(Nc4ccccc4C(=O)O)n3)cc21,6.353472709655762,4.6878662109375,5.520669460296631
COc1ccc2c(c1)c(C=C1Oc3cc(O)cc(O)c3C1=O)c(C)n2C,6.15711784362793,5.671523094177246,5.914320468902588
Cc1cc(C)c(C)c(OCCCc2c(C(=O)O)[nH]c3c(-c4ccccc4C)cccc23)c1,5.680671215057373,6.321764945983887,6.00121808052063
Cc1cnc(-c2ccccc2)nc1N(C)C,5.366235256195068,5.41878080368042,5.392508029937744
O=C1c2ccccc2-c2nnc(Cc3ccc(Cl)cc3)cc21,5.798285007476807,5.511334419250488,5.6548097133636475
CC1=CCC2C1(C)CCC(=C1CCCC3(C)C1CCC3C(C)C(C)C(=O)CCC32O)C1=O,,,
COC1=CC=C2c3c(cc(OC)c(OC)c3OC)CCC(=NC(C)=O)C2CC1=O,5.275851249694824,4.421726226806641,4.848788738250732
COc1cc(C(=O)NCc2cccc(C)n2)cc(OC)c1OC,5.344067573547363,3.9119601249694815,4.628013849258423
O=C(C=Cc1ccc(Cl)c2cccnc12)NCc1ccco1,4.160574913024902,5.9307780265808105,5.0456764698028564
O=C(O)c1ccc2c(c1)C(=CCN1CCCC1)c1ccccc1CO2,5.444105625152588,5.662816524505615,5.553461074829102
c1ccn(-c2ccc(CSc3nnc(-c4ccncc4)o3)cc2)c1,6.003397941589356,6.20258903503418,6.102993488311768
COc1ccc(OC)c(C2CC(=O)N3CN(Cc4csc(C)n4)CSC3=C2C#N)c1,6.2871599197387695,5.664148330688477,5.975654125213623
O=C1c2ccccc2OC(=O)C1c1ccccc1,6.811856746673584,4.974956512451172,5.893406629562378
c1ccc(Cc2[nH]c3ccccc3c2C2=NCCN2)cc1,5.639543056488037,4.44306755065918,5.041305303573608
Cc1cccc(NC(=O)CN2C(=O)NC(C)(c3ccccc3)C2=O)c1,5.479582786560059,4.154597282409668,4.817090034484863
c1ccc(-c2ccc(C3=NCCN3)o2)cc1,5.243719577789307,4.861406326293945,5.052562952041626
CC(C)OC(=O)c1ccc2[nH]c(O)c(C=Nc3ccc(S(N)(=O)=O)cc3)c2c1,5.288711071014404,4.55828332901001,4.923497200012207
CC1=CC(=NOS(=O)(=O)c2ccccc2)C=CC1=O,5.051553726196289,4.270566463470459,4.661060094833374
CCN(CC)CCC(=O)c1ccc2c(c1)NC(=O)C2=CNc1ccc(C(=O)OC)cc1,5.452019691467285,5.189086437225342,5.3205530643463135
CN1CCN(CCCOc2cccc3oc(=O)c(-c4ccc(Cl)cc4)cc23)CC1,5.409308433532715,5.531731128692627,5.470519781112671
C#CCN(C)Cc1cc2cc(OCc3ccccc3)ccc2n1C,4.428907871246338,7.657023429870605,6.042965650558472
COc1cc2c(cc1NC(=O)c1cc3ccccc3o1)oc1ccccc12,6.296185493469238,4.434675216674805,5.3654303550720215
C#CCN(C)Cc1cc2cc(OCCCC3CCN(Cc4ccccc4)CC3)ccc2n1C,6.455060958862305,5.637757778167725,6.046409368515015
O=C1C=CC(=NNc2nc(-c3ccccc3)cs2)C=C1,4.561393737792969,5.438227653503418,4.999810695648193
CN(C)C1CCN(CC#Cc2ccc(C(F)(F)F)cc2)C1,5.408646106719971,5.891077518463135,5.649861812591553
COC(=O)C1=C(C)N=C(C)C(C(=O)OC)C1c1ccc(O)cc1OC,6.079009056091309,4.033582210540772,5.05629563331604
O=C(C=Cc1ccccc1)Nc1ccc2c(c1)OCCO2,5.104298114776611,6.383691310882568,5.74399471282959
O=[N+]([O-])c1ccc(C=NNc2ccc(C(F)(F)F)cn2)cc1,5.866451263427734,5.023372650146484,5.444911956787109
OCC1OC(n2cnc3c(NCc4ccc(Cl)cc4)ncnc32)C(O)C1O,5.380326271057129,4.515441417694092,4.94788384437561
O=[N+]([O-])c1ccc2c(c1)Sc1ccccc1N2,4.731105327606201,5.147947311401367,4.939526319503784
NC(=O)c1cccc(NC2=NS(=O)(=O)c3ccccc32)c1,6.503852844238281,4.770904541015625,5.637378692626953
C=CCNC(=O)c1cccc(S(=O)(=O)N(C)CC(=O)NCCCN2CCOCC2)c1,6.275592803955078,4.94482421875,5.610208511352539
CC(C)(C)c1cc(C=C(C#N)C#N)cc(Br)c1O,4.575815200805664,4.805994987487793,4.6909050941467285
CC1CCCN1CCCOc1ccc(C2=CC3C(=O)CCC3=C2C)cc1,6.173044204711914,6.789194107055664,6.481119155883789
CN1CCc2c(c3ccccc3n2CC(=O)c2cccs2)C1,4.979723930358887,3.79538631439209,4.387555122375488
CN1CCN(C2=Nc3ccccc3Nc3ccccc32)CC1,4.476738452911377,4.317663192749023,4.3972008228302
O=C(NC(CC1CCCCC1)C(=O)N1CCCC1)C1CCCCC1,5.233960151672363,4.404458999633789,4.819209575653076
COc1cccc(-c2cn(-c3ccccc3)c3ncnc(N)c23)c1,4.643252849578857,4.247898101806641,4.445575475692749
O=C1Nc2ccccc2C1=NNc1ccc(Cl)cc1,5.014741897583008,4.780058860778809,4.897400379180908
CCCC1=C2CC(=O)C=CC2(C)C2CCC3(C)C(C(C)=O)CCC3C2C1,4.764508247375488,7.427707195281982,6.096107721328735
NC1=NC(=O)C(C=Nc2ccc(Cl)cc2)C=N1,7.076462745666504,5.741554260253906,6.409008502960205
CCOC(=O)c1c(C)nc(C#N)c(-c2ccc(OC)cc2)c1C,5.063676357269287,5.4909868240356445,5.277331590652466
Nc1ccc(-c2cccs2)cc1NC(=O)c1ccc(F)cc1,5.755897998809815,5.339889049530029,5.547893524169922
C#CCN(C)Cc1cc2cc(OCc3ccccc3)ccc2n1C,4.428907871246338,7.657023429870605,6.042965650558472
NC(=O)OCC1COC(CON=C(C2CCCCC2)C2CCC3(C)OC3C2)C1,4.8732733726501465,5.591340065002441,5.232306718826294
O=C1c2ccccc2-c2n[nH]c3cccc1c23,4.932783126831055,5.525638580322266,5.22921085357666
CC1=CC2Cc3nc4cc(Cl)ccc4c(NCCN(C)C)c3C(C1)C2,7.072508335113525,4.509391784667969,5.790950059890747
CC(C)OC(=O)N1CCC(CCN2CCC(C(=O)c3ccc(F)cc3)CC2)CC1,6.013604640960693,4.049280166625977,5.031442403793335
CC(C)OCC(=O)c1[nH]c2ccc(OCc3ccccc3)cc2c1C,5.311450958251953,5.892992496490479,5.602221727371216
O=C(CCc1c[nH]c2ccccc12)Nc1ccncc1,4.751073837280273,5.746304988861084,5.248689413070679
Cc1cc2onc(CCC3CCCC3)c2cc1O,8.22736930847168,5.565793514251709,6.896581411361694
Cc1ccc(-c2ccc(C(=O)N3CCN(C(=O)c4ccco4)CC3)o2)cc1F,5.767691135406494,4.684032917022705,5.2258620262146
CCN(CC)CCOC(=O)c1ccc2c(c1)C(=O)c1ccccc1S2(=O)=O,5.155588150024414,5.702857971191406,5.42922306060791
COc1cccc(-c2cc3c(O)nc4ccccc4n3c2)c1,5.082129001617432,5.583870887756348,5.33299994468689
CC1=NN(c2ccccc2)C(=O)C1=Cc1ccc2conc2c1,6.174709320068359,4.907652854919434,5.5411810874938965
COc1cc2c(cc1OC)CN(Cc1ccc(OC)c3oc(-c4ccccc4)nc13)CC2,5.229785442352295,4.467693328857422,4.848739385604858
COc1ccccc1C=CC=NNc1nc2ccccc2o1,5.165953636169434,4.791496276855469,4.978724956512451
CCOC(=O)c1ccc(NC(=O)NC(Cc2c[nH]c3cc(OC)ccc23)C(=O)NC2CCC[N+](C)(Cc3ccccc3)C2)cc1,5.466423511505127,3.7665011882781982,4.616462349891663
CC1=CC(C)(C)Nc2cc3[nH]c4ccccc4c3cc21,6.111683368682861,6.462702751159668,6.287193059921265
COc1ccc(CCNC2CCC(C(=O)c3nc4ccccc4[nH]3)CC2)cc1,5.374215126037598,4.671932220458984,5.023073673248291
COc1cc(C=CC=Cc2ccc(C=CC(=O)O)cc2OC)ccc1O,4.192145347595215,5.852946758270264,5.022546052932739
Clc1ccc(CN2CCC(CCOc3ccccc3)CC2)s1,5.781179904937744,4.337021350860596,5.05910062789917
Cc1c2c(n3c1CCN(C(=O)C(C)N)CC(C)C(C)Nc1cc-3ccc1C(N)=O)CC(C)(C)CC2=O,5.5242919921875,4.848188877105713,5.1862404346466064
COc1cc(C#N)cc(-c2nsc(C)c2C)c1O,5.43090295791626,5.922954082489014,5.676928520202637
CCCCN1CCC(COC(=O)c2cc(Cl)c(OC)cc2OC)CC1,5.82396936416626,4.084408283233643,4.954188823699951
COc1ccc(C=C2SC(=S)N(NC(=O)c3ccco3)C2=O)cc1,5.990670680999756,4.427984237670898,5.209327459335327
O=C1NC2CCCCCCCCCCCCNCC1C2=O,3.2356884479522705,5.828118801116943,4.531903624534607
COc1cc(C(=O)NCCc2ccc(Cl)cc2)cc(Cl)c1OC,5.811730861663818,4.533608436584473,5.1726696491241455
Fc1ccc(-c2nc3n(c2-c2ccc(Cl)cc2)CCS3)cc1,5.919394016265869,6.468967437744141,6.194180727005005
Oc1occ2c1C(c1ccc(Cl)cc1)c1cc(O)ccc1O2,6.326722621917725,6.323829650878906,6.325276136398315
Cc1cc2ncc(-c3ccccc3)nc2cc1C,4.361004829406738,5.007115840911865,4.684060335159302
O=C(C1CCCN1C(=O)c1cccc(OC(F)F)c1)N1CCN(c2ccccc2)CC1,5.4646897315979,5.04408597946167,5.254387855529785
Clc1ccc2c(c1)C(c1cccc(Cl)c1)=NN2,5.129816055297852,6.655267238616943,5.8925416469573975
O=C1c2ccccc2C(=O)c2c1ccc1nc(CN3CCCC3)[nH]c21,5.940609931945801,4.519712448120117,5.230161190032959
O=C(O)C=CC=CC(=O)Nc1ccc2c(c1)OCCO2,3.378480195999145,5.926671504974365,4.652575850486755
O=C(C=Cc1ccc(-c2cc(O)cc(O)c2)o1)Nc1ccccc1F,4.846522331237793,5.931334495544434,5.388928413391113
O=C(Nc1nc2ccccc2s1)c1cccc([N+](=O)[O-])c1,6.648611068725586,4.587331771850586,5.617971420288086
CCN(CC)CCC#CC(=O)Nc1cc2c(Nc3ccc(F)c(Cl)c3)ncnc2cn1,5.420851707458496,5.567595481872559,5.494223594665527
CCOC(=O)c1c(C)nc(N)nc1Nc1ccc(F)cc1,5.44514799118042,5.622446060180664,5.533797025680542
CC(C)(C)c1ccc(C(=O)CCCN2CCC(OCCO)CC2)cc1,5.470096111297607,4.406947135925293,4.93852162361145
CN1CC=CC(c2nsnc2SCCCCCCCCCCCCCCCCNC(=O)c2cccc(O)c2)C1,6.615026950836182,5.415430545806885,6.015228748321533
CC(C)NC(=O)C1=C2c3cccc4[nH]cc(c34)CC2N(C)C1,5.059875011444092,4.504726409912109,4.782300710678101
O=C1NC(=O)C(c2ccccc2I)=C1Nc1ccc(O)c(Cl)c1,5.440097332000732,5.77887773513794,5.609487533569336
Cc1ccc(Sc2cc3c(cc2N)OCO3)cc1,5.901001930236816,4.434181213378906,5.167591571807861
COc1ccc(CCCNCc2ccc(OC)c(OC)c2)cc1OC,4.807181358337402,3.168619155883789,3.9879002571105957
COc1ccc(CCn2c(=O)oc3ccccc32)cc1,5.696937084197998,5.865277290344238,5.781107187271118
CCN(CCc1ccc(Cl)c(Cl)c1)Cc1ccc(O)cc1,5.059421062469482,3.924920320510864,4.492170691490173
Fc1ccc(C=CC=CC2=c3ccccc3=NC2=O)c(F)c1,4.685734748840332,7.016044616699219,5.850889682769775
O=c1[nH]c2ccccc2c(=O)n1O,5.061590194702148,5.040194511413574,5.050892353057861
CCN1CCN(CCCC(=O)Nc2n[nH]c3nnc(-c4cccc(F)c4F)cc23)CC1,5.795925140380859,5.014200210571289,5.405062675476074
CC(=NNc1nc(-c2ccc(F)cc2)cs1)c1ccncc1,5.47564172744751,6.846766471862793,6.161204099655151
COc1ccc2c(c1)OC(=O)C(=Cc1ccc(Oc3ccc(C(=O)O)cc3)cc1)C2=O,6.847208023071289,6.360044002532959,6.603626012802124
CC[n+]1cc(N=Nc2ccc(O)c3ncccc23)ccc1C,5.505884647369385,3.75345516204834,4.629669904708862
O=C(CC=Cc1ccccc1)Nc1ccc2c(c1)OCCO2,4.960762977600098,5.393871307373047,5.177317142486572
Cc1cc(-c2csc3ncnc(N)c23)ccc1F,4.9561848640441895,5.424045085906982,5.190114974975586
CC(=O)c1cc2c(-c3ccc(C)cc3)cncc2s1,5.386173248291016,5.789941310882568,5.588057279586792
Fc1ccc(COc2ccc3c(c2)CCN(CC2NCCO2)C3=O)cc1,5.152300357818604,6.247190475463867,5.699745416641235
O=C(CC1CCCCC1)NC1=c2cc([N+](=O)[O-])ccc2=NC1=O,4.890961647033691,6.078027248382568,5.48449444770813
CN(Cc1ccccc1)C1CCN(c2nc3ccccc3n3ccnc23)CC1,4.629612922668457,4.462244510650635,4.545928716659546
CCC1OC2CC3C4CC(F)=C5CC(=O)C=CC5(C)C4C(O)CC3(C)C2(C(=O)CO)O1,5.256628036499023,8.035542488098145,6.646085262298584
O=C(O)CCCON=CC(Br)=Cc1ccccc1,4.129589080810547,5.9986348152160645,5.064111948013306
CN1CCC(c2ccccc2)C(C#N)C1,4.349127292633057,4.335416793823242,4.342272043228149
CCCC(=O)OC1(C(=O)CCl)C(C)CC2C3CC=C4CC(=O)C=CC4(C)C3C(O)CC21C,4.615556240081787,7.748150825500488,6.181853532791138
Cc1ccccc1NC(=O)C1CCCN1S(=O)(=O)c1ccc(Br)cc1,6.011974811553955,4.3180437088012695,5.165009260177612
COc1cc2c(c(OC)c1)C(=O)C(=O)c1ccccc1C2=O,6.104273796081543,5.477668762207031,5.790971279144287
CC(C)(C)C(=O)Oc1c(C(=O)CCl)cc(Cl)cc1Cl,4.526979446411133,5.008006095886231,4.767492771148682
O=C(CCCCCN1CCN(c2cccc(Cl)c2)CC1)Nc1ccc(F)cc1,5.885609149932861,4.829681396484375,5.357645273208618
CN(C)CCCCCCCOc1ccc2c(c1)OC(=O)C(=NC(=O)CC(C)(C)C)C2=O,5.243378162384033,5.7701191902160645,5.506748676300049
O=C(O)c1ccccc1Nc1ccnc(Nc2ccc3cn[nH]c3c2)n1,6.095481395721436,4.966408729553223,5.530945062637329
O=C(NC1CCN(c2ccccc2)CC1)c1cc(C2CC2)on1,5.573746681213379,5.361602783203125,5.467674732208252
O=C(NC1CCCC1)c1ccc2c(=O)n3c(nc2c1)CCCC3,6.402993679046631,5.177773952484131,5.790383815765381
Cc1ccc(C2=NN=C(NC3CC3)SC2)cc1,6.607789993286133,5.911719799041748,6.25975489616394
CCNC(=O)C=Cc1cnc(N)c2c(-c3ccc4sc(C)nc4c3)csc12,5.720365047454834,5.063467979431152,5.391916513442993
C=C(C)C1Cc2c(ccc(O)c2O)OC1C,5.292853832244873,4.838697910308838,5.0657758712768555
COc1ccc(C(=O)C=Cc2ccccc2)cc1OC,5.674493312835693,5.196970462799072,5.435731887817383
Cc1ccc(C2=Nc3c(N)ncnc3OC2)cc1,4.982043266296387,5.07200813293457,5.0270256996154785
CCn1c(=O)n(C2CCN(Cc3ccccc3)CC2)c2ccccc21,5.461856842041016,4.036943435668945,4.7494001388549805
Cc1ccc2nc(-c3ccc(NC(=O)C4CCCO4)cc3)sc2c1,6.017848491668701,5.76010274887085,5.888975620269775
O=C(O)c1cc([N+](=O)[O-])cc([N+](=O)[O-])c1O,5.5728631019592285,4.776511669158936,5.174687385559082
O=C(C#Cc1ccccc1)OCC1CCCCC1,4.793309688568115,5.794510364532471,5.293910026550293
COc1cc(NC(=O)c2cc(C#N)ccc2Cl)cc(OC)c1OC,5.440914630889893,4.467087745666504,4.954001188278198
COc1cc(-c2noc(-c3cccc(C#N)c3)n2)cc(OC)c1OC,4.723787307739258,5.396702766418457,5.060245037078857
CC1=CC(C)(C)Nc2ccc(-c3cscc3)cc21,4.955101013183594,5.72852897644043,5.341814994812012
FC(F)(F)c1cccc(-c2nccc(NCc3ccncc3)n2)c1,4.858043193817139,6.005740642547607,5.431891918182373
CCCc1ccc(OCc2cccc(O)c2)cc1,3.9679770469665527,5.205368995666504,4.586673021316528
Cc1ccc([N+](=O)[O-])c(OCC(=O)NCC2CCCCC2)c1,5.1506757736206055,5.011038780212402,5.080857276916504
O=C(CCCCCc1ccccc1)c1ccccc1Br,4.91889238357544,4.3420586585998535,4.6304755210876465
O=C1Cc2c(cccc2O)C2(CCN(Cc3ccccc3)CC2)O1,6.081009864807129,4.226951122283936,5.153980493545532
O=C1COc2ccc(OCc3ccc(Cl)cc3Cl)cc2N1,4.157365798950195,7.061965465545654,5.609665632247925
COc1ccc(Nc2no[n+](O)c2S(=O)(=O)c2ccc(N)cc2)cc1,6.25016450881958,2.907448530197144,4.578806519508362
CN(C)CC1=Cc2ccccc2Sc2ccc(Cl)cc21,4.553175449371338,4.932689666748047,4.742932558059692
Clc1ccc(CSC(Cn2ccnc2)c2ccc(Cl)cc2Cl)c(Cl)c1,4.607430458068848,6.127792835235596,5.367611646652222
CCn1c(=O)sc2cc(S(=O)(=O)N3CCOCC3)ccc21,5.757573127746582,5.780195713043213,5.7688844203948975
O=C(CCc1c[nH]c2ccccc12)N1c2ccccc2Sc2ccccc21,5.01671028137207,4.722955226898193,4.869832754135132
Cn1c(=O)c2c(nc(NCCc3ccc(O)cc3)n2Cc2ccccc2)n(C)c1=O,5.80692195892334,4.20676851272583,5.006845235824585
c1ccc(CNc2nc(-c3ccc4[nH]ncc4c3)cs2)cc1,5.177674293518066,5.275035858154297,5.226355075836182
CNC(=O)C(=S)NCC(c1cccc(C(F)(F)F)c1)N1CCN(C2CCCCC2)CC1,5.527597904205322,5.360817909240723,5.4442079067230225
CC1=CC(=O)N(Nc2nc(-c3ccccc3)cs2)C1=O,5.138331413269043,4.699176788330078,4.9187541007995605
CC(=NNC(=O)c1nnn(-c2nonc2N)c1-c1ccccc1)c1ccco1,5.110169887542725,3.704895496368408,4.407532691955566
Cc1cccc(-c2csc(N3CCC(C(N)=O)CC3)n2)c1,5.730415344238281,5.833724498748779,5.78206992149353
O=C(Nc1cccc(C2Nc3ccc4ccccc4c3C3C=CCC32)c1)c1ccc(F)cc1,5.388572692871094,7.059051036834717,6.223811864852905
COc1cc(OC)c2c(c1)OC(c1cccc(F)c1)CC2=O,6.309056758880615,5.841511249542236,6.075284004211426
NCCSC(c1ccccc1)(c1ccc(Cl)cc1)c1ccc(Cl)cc1,5.203061103820801,3.943742275238037,4.573401689529419
COc1ccc(-c2cn(C3CCCC3)c3ncnc(N)c23)cc1OC,4.665483474731445,4.920530319213867,4.793006896972656
COc1ccc(-c2cnc3c(-c4ccsc4)cnn3c2)cc1,4.913379669189453,5.964237213134766,5.438808441162109
O=C(Cc1ccc(OC(F)(F)F)cc1)N1CCC2(CC1)OCCO2,6.244430065155029,6.048415184020996,6.146422624588013
O=c1oc2ccc(OCc3ccc(F)cc3)cc2c2c1CCCC2,4.911479949951172,7.188526153564453,6.0500030517578125
CCc1cccc(NC(=O)c2ccc(OC)c(OC)c2)c1,5.295213222503662,4.363550662994385,4.829381942749023
CN(C)C1C(=O)C(C(N)=O)C(=O)C2(O)C(=O)C3C(=O)c4c(O)cccc4C(C)(O)C3CC12,6.487175464630127,6.5424394607543945,6.514807462692261
CC1c2ccccc2OC1=O,8.58204460144043,5.990280151367188,7.286162376403809
CCOC(=O)C1CCN(C(=O)c2cc3ccccc3o2)CC1,6.066246032714844,4.740764141082764,5.403505086898804
O=C(Nc1cccc(C2Nc3ccc4ccccc4c3C3C=CCC32)c1)c1ccc(F)cc1,5.388572692871094,7.059051036834717,6.223811864852905
Cc1ccc2c(c1)OCC1C2=NOC1CN1CCN(Cc2ccc(Cl)cc2)CC1,6.8989763259887695,5.358776569366455,6.128876447677612
O=C(Cc1c2ccccc2c(O)c2ccccc12)N1CCCCC1,5.853755950927734,5.059534072875977,5.4566450119018555
CC1CC2C3CC=C4CC(=O)C=CC4(C)C3(F)C(O)CC2(C)C1C(=O)COP(=O)(O)O,4.73322343826294,7.326045989990234,6.029634714126587
c1ccc2c(NC3CC3c3ccccc3)c3c(nc2c1)CCC3,4.889997005462647,4.514688968658447,4.702342987060547
CC(C)(C)c1ccc(OCC(=O)N2c3ccccc3Sc3ccccc32)cc1,4.760677814483643,4.089356422424316,4.4250171184539795
CCCCCCCNC(=O)Cc1cn(C)c2ccccc12,5.6406731605529785,4.442995548248291,5.041834354400635
O=C(Nc1ccc(Cl)cc1)c1cc2c(s1)CCC2,5.437472343444824,5.558229923248291,5.497851133346558
COc1cc(NC(=O)C=Cc2ccccc2O)ccc1NC(=O)C1CC1,6.321722984313965,5.234490871429443,5.778106927871704
CCOC(=O)c1c(N=Cc2c(O)[nH]c3ccc(F)cc23)sc2c1CCCC2,6.711432456970215,4.905798435211182,5.808615446090698
CCCCOc1ccc(NC(=O)ON=Cc2ccc3c(c2)OCCO3)cc1,5.787224292755127,5.623395919799805,5.705310106277466
O=C(CCc1c[nH]c2ccccc12)Nc1ccc(Br)cc1,4.615884780883789,5.841721057891846,5.228802919387817
Cc1cc(C)cc(NC(=S)N2N=C(c3ccccc3)CC2c2ccc(O)cc2)c1,6.652490139007568,3.771739006042481,5.212114572525024
Cc1cccc(CN2CCC(C(=O)N3CCCCC3)CC2)c1,6.506208896636963,3.277527332305908,4.8918681144714355
O=C(NN=Cc1ccc(O)c(O)c1)Nc1ccccc1,4.917932510375977,4.503101348876953,4.710516929626465
COc1ccc(-c2cc3cc(Cl)ccc3oc2=O)cc1F,4.6440935134887695,7.058449745178223,5.851271629333496
COc1cc(C=C2SC(=Nc3ccccc3)NC2=O)ccc1O,6.308530807495117,4.568489074707031,5.438509941101074
O=C(NCc1ccc(Br)cc1)c1cc2ccccc2oc1=O,5.633559226989746,5.386782169342041,5.5101706981658936
Cc1c2cc3c(cc2nc2cc(C)ccc12)OCO3,5.987634181976318,5.82253360748291,5.905083894729614
CC(C)(C)CC1CCc2oc3cc(O)ccc3c(=O)c2C1,4.829897403717041,3.0942602157592773,3.962078809738159
CC(C)(C)OC(=O)NCCCCCCN1CCN(CC(F)(F)F)CC1,7.30036449432373,5.0837483406066895,6.19205641746521
COc1cc2c(cc1OC)C(=O)C(Oc1ccc(C(=O)CCN3CCCC3)cc1)C2,7.3032145500183105,4.742008209228516,6.022611379623413
COc1cccc(CNC(=O)Cc2cn(Cc3ccccc3)c3ccccc23)c1,5.046451568603516,3.544477939605713,4.295464754104614
COc1cc2c(c(OC)c1OC)C1=CC=C(SC)C(=O)CC1C(=NC(=O)c1ccccc1)C2,6.025422096252441,4.841761589050293,5.433591842651367
Cc1cccc(C)c1N=Cc1ccc(O)c(O)c1O,5.708674430847168,5.598799228668213,5.65373682975769
CC(C)(C)c1cc[n+](CCc2ccc(C(=O)O)cc2)cc1,4.240851402282715,3.893434047698975,4.067142724990845
CCOc1ccc2nc(-c3cccc(N4CCOCC4)c3)c(-c3ccc(F)cc3)cc2c1,5.26811408996582,5.996458530426025,5.632286310195923
CNc1sc2c(c1C(=O)NCCc1ccc(O)cc1)CCCC2,8.526679992675781,4.724861145019531,6.625770568847656
COc1ccc(OC)c(CN(C(=O)OC(C)(C)C)C2CCN(CC3CCCCC3)CC2)c1,5.338932991027832,2.8934051990509038,4.116169095039368
Cc1c(NC2CCCC2)nc(-c2cccc(Cl)c2)nc1N,6.26540470123291,4.5811052322387695,5.42325496673584
CC1=CC(C)(C)Nc2cc(C)ccc21,5.423881530761719,4.609996795654297,5.016939163208008
Cc1cc2nc3c(=O)n(C)c(=O)nc-3n(C)n2c2ccccc12,,,
N#CC1=C2SCN(c3ccc(OCC=Cc4ccccc4)cc3)CN2CC1,6.054422378540039,6.36998462677002,6.212203502655029
O=c1cc(-c2ccccc2)oc2c(CNc3cccc(Cl)c3)cccc12,4.773032188415527,5.037783145904541,4.905407667160034
CC(=O)N1CCc2cc(Br)cc(Br)c21,5.679799556732178,4.793254852294922,5.23652720451355
CC(Oc1cc(-c2cnn(C3CCNCC3)c2)cnc1N)c1c(Cl)ccc(F)c1Cl,5.597243309020996,5.196570873260498,5.396907091140747
N#Cc1ccc(C=CC(=O)c2cc(F)ccc2O)c(F)c1,4.78417444229126,6.692022323608398,5.738098382949829
CN1CCN(C2=Nc3cc(Cl)ccc3Nc3ccccc32)CC1,5.477396965026856,4.9266462326049805,5.202021598815918
CCc1cc(-c2ccc3c(c2)C(=O)N(CCCN2CCOCC2)C(=O)N3C)ccc1OC,6.04702615737915,5.187601089477539,5.617313623428345
CC(C=Cc1ccccc1)=NNc1ccc([N+](=O)[O-])cc1,5.542714595794678,4.813470363616943,5.1780924797058105
COc1ccccc1C=C1Oc2cc(OCC3CCCCC3)ccc2C2CCCN=12,,,
COc1ccc2c(c1)c1c(n2C=Cc2ccccc2)CCN(C)C1,4.753147125244141,5.530253410339356,5.141700267791748
COc1cc(-c2nc3cc(-c4csc(C(=O)NCCCN(C)C)c4)cnc3[nH]2)ccc1O,5.959301471710205,4.736463069915772,5.347882270812988
C[n+]1c2cc(O)ccc2cc2ccc(N)cc21,5.966117858886719,5.346996307373047,5.656557083129883
O=C(O)COc1ccc(C=NNc2nc(-c3ccccc3)cs2)cc1,5.301486492156982,4.900857925415039,5.101172208786011
COc1cc2c(cc1OC)C(Cc1ccc(F)cc1)N(C(=O)CN(C)C)CC2,5.741725444793701,4.632876873016357,5.187301158905029
CC1=CC2N=C3OC(=O)CCC3C(=O)C2=CNC(=O)C(Cc2ccccc2)N(C)C(=O)C1,5.605535507202148,6.370708465576172,5.98812198638916
O=C(C=Cc1ccco1)NC1CCCCC1,3.4906673431396484,6.231082439422607,4.860874891281128
C#CCN(C)Cc1cc2cc(OCc3ccccc3)ccc2n1C,4.428907871246338,7.657023429870605,6.042965650558472
CC(=O)c1ccc(NC2=C(O)C(=O)c3ccccc3C2=O)cc1,5.377408504486084,6.111556529998779,5.744482517242432
COC(=O)C1C(C)=NC(=O)N(C(=O)NCCCN2CCC(C(=O)OC)(c3ccccc3)CC2)C1c1ccc(Cl)cc1,6.258001804351807,4.954538345336914,5.60627007484436
O=C(O)C=Cc1cc(Br)c(Br)c(Br)c1Br,2.622922897338867,3.106647491455078,2.8647851943969727
CC(C)N(CCC(c1ccccc1)c1cc(C#N)cc(C(=O)N(C)C)c1)Cc1ccc(Cl)cc1,5.353698253631592,4.225103378295898,4.789400815963745
CCOC(=O)c1cnc2ccc(OCC)cc2c1Nc1ccc2c(c1)OCO2,5.5362043380737305,4.936495304107666,5.236349821090698
CC(CCO)NC(=O)c1cccc(-n2nc(C(C)(C)C)cc2NC(=O)Nc2cccc3ccccc23)c1,5.732911109924316,4.458522796630859,5.095716953277588
CCCn1c(=O)c2cc(C(=O)NCCc3ccc(OC)c(OC)c3)ccc2n(CCC)c1=O,7.114262104034424,5.005774021148682,6.060018062591553
CCCCCCCC1=Nc2cc(Cl)ccc2S(=O)(=O)N1,5.864966869354248,5.974945545196533,5.919956207275391
CC(O)C1CC1c1cccc(Br)c1,4.0292134284973145,5.311631202697754,4.670422315597534
O=C1c2ccccc2C(=O)N1CCCCN1CC=C(c2c[nH]c3cc(Cl)ccc23)CC1,7.006567001342773,5.935735702514648,6.471151351928711
O=C(C=CC=C1C(=O)Nc2cc(Br)ccc21)Nc1ccccc1,5.086367607116699,6.402004241943359,5.744185924530029
Cn1c(=O)c2c(nc(OCc3cccc(Cl)c3)n2C)n(C)c1=O,5.695589065551758,6.896780014038086,6.296184539794922
CN(C(=O)c1ccccc1F)c1nc(-c2ccc(N)cc2)cs1,7.065369606018066,5.115749359130859,6.090559482574463
Oc1nccc2c(NC3CCC3)cccc12,4.745128154754639,5.68477201461792,5.214950084686279
COc1cc(C=CC=CC(=O)Nc2nc3ccc(F)cc3s2)cc(OC)c1OC,5.838668346405029,5.145804405212402,5.492236375808716
CSc1nc(-c2ccccc2)cs1,4.899287223815918,6.750060558319092,5.824673891067505
Cn1cc(-c2ccc(OC(=O)NC3CC3)cc2)c2ccccc21,5.88137149810791,5.1378374099731445,5.509604454040527
CCOc1ccc(-c2ccc(=O)n(CC(=O)Nc3ccc(Cl)cc3)n2)cc1,5.3907551765441895,4.989202976226807,5.189979076385498
NC(=O)C(Cc1c[nH]c2ccccc12)N(N)C(=O)C(CCCc1ccccc1)CP(=O)(O)O,5.335212707519531,4.8612895011901855,5.098251104354858
CC(=NNC(=O)c1nc(-c2nonc2N)no1)c1ccccc1Br,5.426995277404785,4.401758193969727,4.914376735687256
O=C(NC1=Cc2ncc3cnnc(O)c(c2-3)C1)C1CC1c1ccccc1,5.843003273010254,5.418304443359375,5.6306538581848145
CCOC(=O)c1cnc2ccc(OCc3cccc(Cl)c3)cc2c1N,5.145244598388672,5.554419994354248,5.34983229637146
Cc1cc(C)c2c(O)nc(SCC(=O)c3cc(C)n(Cc4ccccc4Cl)c3C)nc2c1,6.527220249176025,6.797413349151611,6.662316799163818
COc1cc(-c2csc(N)c2C#N)cc(OC)c1OC,5.604833126068115,3.997380495071411,4.801106810569763
COC(=O)c1cncc(Oc2ccccc2Br)c1,5.731960296630859,5.090801239013672,5.411380767822266
O=C(CCc1c[nH]c2ccccc12)c1cccc(OCC(=O)O)c1,5.182741165161133,5.913815021514893,5.548278093338013
COc1ccccc1N1CCN(c2cc(=O)c3ccccc3o2)CC1,5.579776287078857,4.736115455627441,5.157945871353149
O=C(Nc1ccc2c(c1)OCO2)c1cc(=O)c2ccccc2o1,6.681705474853516,4.761039733886719,5.721372604370117
O=C1c2ccccc2-c2n[nH]c3cccc1c23,4.932783126831055,5.525638580322266,5.22921085357666
O=C(NC1(c2ccccc2)CC1)c1ccc2c(c1)oc1ccccc12,5.104809761047363,5.273869514465332,5.189339637756348
CNC(=O)C=Cc1cnc(N)c2c(-c3ccc4c(c3)OCO4)csc12,6.441901206970215,4.705104351043701,5.573502779006958
O=C1c2ccccc2-c2nc3nnnn3nc21,4.122465133666992,3.952200412750244,4.037332773208618
COc1cc(Br)ccc1C=CC(=O)NC1CCCCC1,3.781095027923584,4.889890670776367,4.335492849349976
COc1ccc2[nH]c3c4[nH]c5ccc(OC)cc5c4c4c(c3c2c1)C(=O)NC4=O,6.67488431930542,5.54923152923584,6.11205792427063
Cc1cc(C)n(-c2ccc(=O)n(CC(=O)NC3CCCC3)n2)n1,5.250976085662842,4.790533065795898,5.02075457572937
CC(=O)OCC1OC(n2cc(CCCN3CCC(CC(=O)c4ccc(F)cc4)CC3)c3ccccc32)C(OC(C)=O)C(OC(C)=O)C1OC(C)=O,4.065564155578613,4.89106559753418,4.4783148765563965
COc1ccc2c3c1OC1C(O)C=CC4C(C2)N(C)CCC341,6.107038974761963,7.186900615692139,6.646969795227051
CC1=NOC(=O)C1=Cc1ccc(-c2cccc(Cl)c2)o1,5.370010852813721,6.881407260894775,6.125709056854248
CCC1CCCN1CCc1cc2cc(OCc3ccccc3)ccc2o1,5.317371368408203,5.270909309387207,5.294140338897705
O=C(Nc1nc2ccccc2s1)c1cccs1,6.209574699401856,5.152513980865479,5.681044340133668
N#CC(C#N)=C1C=Nc2cccc(I)c21,8.408732414245605,5.521614074707031,6.965173244476318
O=C1NC(=O)C(C=Cc2ccc(-c3cccc(Cl)c3)cc2)S1,5.343758583068848,6.48555850982666,5.914658546447754
O=C(O)CCCNc1cc(N2CCN(C3CCN(Cc4ccccc4)CC3)CC2)c2nc3ccccc3n2c1,5.597011089324951,4.34527063369751,4.9711408615112305
O=C(CCc1ccccc1)Nc1ccc(CCNc2ncnc3oc(-c4ccccc4)cc23)cc1,5.583027362823486,5.302772045135498,5.442899703979492
O=C(O)C=Cc1ccc(OCCc2ccc(CO)cc2)cc1,3.449960470199585,6.297767639160156,4.873864054679871
O=[N+]([O-])c1ccc(-c2nc(-c3ccc(F)cc3)c(-c3ccncc3)[nH]2)cc1,5.698388576507568,5.5756707191467285,5.637029647827148
O=C(CCl)Nc1ccc2c(c1)C(=O)c1ccccc1C2=O,4.906166076660156,6.462038993835449,5.684102535247803
O=C(CCc1c[nH]c2ccccc12)NCCOc1ccc(Cl)c(Cl)c1,4.68641996383667,6.151510238647461,5.418965101242065
O=C(OCC#CCSc1nnc(-c2cccc3ccccc23)o1)c1ccco1,5.656253337860107,5.96543025970459,5.810841798782349
CCCCc1cc2cc(C#N)ccc2n1CCNC(=O)CC,6.285393714904785,5.304670810699463,5.795032262802124
CCN(CC)CCCC(C)Nc1c2ccc(Cl)cc2nc2cc(-c3ccccc3)ccc12,5.656650066375732,4.298573970794678,4.977612018585205
CC(=O)c1cccc(NC(=O)Cc2coc3cc(O)cc(O)c23)c1,5.713730335235596,4.519443988800049,5.116587162017822
COc1cccc(C=CC(=O)c2ccccc2OC)c1,5.751051425933838,5.443456649780273,5.597254037857056
N#CC(c1ccnc(NCCc2cccnc2)n1)c1nc2ccccc2s1,5.6287689208984375,5.579493999481201,5.604131460189819
Cc1ccnc(Nc2cc(C)nc(-c3ccccc3)n2)c1,4.793581008911133,5.078311920166016,4.935946464538574
COc1ccc2c3c1OC1C(O)C=CC4C(C2)N(C)CCC341,6.107038974761963,7.186900615692139,6.646969795227051
NC(=O)Oc1ccc2c(c1)OC(=O)C(C(C)C)=C2,6.500559329986572,5.196902751922607,5.84873104095459
Fc1ccc(-c2nc3cnccn3c2-c2ccnc(NCC3CC3)n2)cc1,6.186202049255371,5.99031400680542,6.0882580280303955
O=C1NC(=O)C(=Cc2ccc(OCCCC3CCN(Cc4ccccc4)CC3)cc2)S1,6.370020389556885,5.444330215454102,5.907175302505493
CC1CCC(n2nc(-c3ccc(F)cc3)c3ccccc3c2=O)CC1,5.519308090209961,5.324875354766846,5.422091722488403
Fc1ccc(-c2csc(NN=Cc3cccn3Cc3ccco3)n2)cc1,5.746319770812988,5.333817005157471,5.5400683879852295
CC#CC1(O)CCC2C3CC=C4CC(=O)CCC4(C)C3CCC21C,4.619927406311035,8.186033248901367,6.402980327606201
O=C(C=Cc1ccc2c(c1)OCO2)N1CCCNCC1,4.66286039352417,5.108935356140137,4.885897874832153
CCC(=O)Nc1ccc2ncnc(Nc3cccc(Br)c3)c2c1,4.887571811676025,5.581073760986328,5.234322786331177
CCC1Cc2cc(O)ccc2N1C(=O)C=CC1=O,,,
O=c1cc(N2CCOCC2)oc2c(-c3ccccc3)cccc12,5.2328267097473145,4.632613658905029,4.932720184326172
CCN=C1CC(=O)Oc2cc(OCc3ccccc3)ccc21,6.196813106536865,6.559105396270752,6.377959251403809
N#Cc1ccc(-c2csc(C(N)=O)c2)cc1,5.352344512939453,6.980978965759277,6.166661739349365
COc1ccc(C2Oc3ccc(F)cc3-c3cc(C)nn32)cc1,5.634422779083252,6.167076587677002,5.900749683380127
CN1CCN(c2nc3ccccc3nc2Cc2ccccc2)CC1,4.56217098236084,3.725068092346192,4.143619537353516
O=C1NC(=O)C2=C1c1cn(c3ccccc13)CCCc1ccccc1-2,4.075167179107666,6.021426677703857,5.048296928405762
COc1ccc2c(c1)C(C(=N)N)CC2,4.686553001403809,5.561300754547119,5.123926877975464
CC(=NNC(=O)c1ccccc1)c1cccc(Cl)c1,5.218286991119385,4.712594985961914,4.965440988540649
COc1cccc(C=C2SC(=S)N(CCCC(=O)Nc3ccc(O)cc3)C2=O)c1,6.49274206161499,5.021103858947754,5.756922960281372
O=C(Nc1ccc(N2CCOCC2)cc1Cl)c1ccc([N+](=O)[O-])s1,6.069112777709961,5.445391178131104,5.757251977920532
N#Cc1ccc2c(=O)n(CCCCCC(=O)O)c(-c3ccc(O)c(O)c3)c2c1,,,
Fc1ccc2c(c1)CCC2=Cc1c[nH]cn1,5.280532360076904,7.1182146072387695,6.199373483657837
Nc1c(C(=O)NC2CCCC2)sc2nc3c(c(-c4ccco4)c12)CCC3=Cc1ccco1,5.589601993560791,4.403444290161133,4.996523141860962
O=C(CCNCc1ccccc1O)c1ccc(Br)cc1,4.691298484802246,4.6915364265441895,4.691417455673218
O=c1c2cc(F)c(NCc3ccccc3)c(F)c2n(C2CC2)c2snc(O)c12,5.914007186889648,4.3181471824646,5.116077184677124
CCOC(=O)c1ccc(-c2ccc3c(c2)C2(CCCN(C)C2)C(=O)N3)cc1,4.937146663665772,5.49629020690918,5.216718435287476
O=C1N=c2ncccc2=C1c1[nH]c2ncccc2c1O,5.436656475067139,4.44597864151001,4.941317558288574
CC(=NNc1nc(-c2ccc(F)cc2)cs1)c1ccccn1,5.417223930358887,6.482437610626221,5.949830770492554
O=c1oc2ccccc2n1CCOc1cc2c(cc1Cl)OCO2,6.540705680847168,5.469715118408203,6.0052103996276855
COc1ccc(CCn2c3ccc(O)cc3c3nc4ccccc4nc32)cc1,4.825297832489014,4.58923864364624,4.707268238067627
CC(=O)OCC1OC(n2ccc3c(O)nccc32)C(OC(C)=O)C1OC(C)=O,3.828428030014038,4.265599727630615,4.047013878822327
CC(=O)CCC1C=C2CC3C(=O)CCC4(C)C3C(=O)CC12C,,,
COc1ccc2c(c1)C(=O)c1ccccc1C2=O,5.059662342071533,6.339239597320557,5.699450969696045
N#CC(C#N)=C1C=C2C=C(N3CCCCC3)CCC2CC1,7.2716779708862305,5.14500093460083,6.20833945274353
CCN(CC)c1ccc(NC(=O)c2cc3ccccc3oc2=O)c(C)c1,6.423224449157715,5.711605072021484,6.0674147605896
O=C(CCCC1CCN(Cc2ccccc2)CC1)c1cc2cc3c(cc2oc1=O)OCO3,7.818838119506836,5.160068511962891,6.489453315734863
CCOc1ccc(-c2nc3sccn3c2-c2ccnc(Nc3cccc(N4CCOCC4)c3)n2)cc1NC(=O)Cc1ccccc1,5.819406509399414,5.335367202758789,5.577386856079102
CC(N)COc1cnc(Cl)c(C=Cc2ccncc2)c1,4.4547929763793945,6.305212497711182,5.380002737045288
CN1CC=CC=CC=CC=CC=CC=CC=CCC=CC=CC=CC=CC(=O)O)C1,,,
Fc1ccc(-c2nc3sccn3c2-c2ccncc2)cc1,5.31095027923584,5.878870010375977,5.594910144805908
C#CCSc1nc2cc(OC)c(OC)cc2c2c1COC2,3.8731298446655273,5.239569187164307,4.556349515914917
CN(C)c1cccc(C(=O)N2CCC(c3nc4ccccc4s3)CC2)c1,5.808946132659912,4.7879133224487305,5.298429727554321
CN1CCc2c(sc(NC(=O)c3ccco3)c2C(N)=O)C1,6.313154697418213,4.307145595550537,5.310150146484375
O=C1NC(=O)c2c1c1c3ccccc3[nH]c1n1cncc21,5.711670875549316,4.7809600830078125,5.2463154792785645
CC(C)(C)Sc1c(CC(C)(C)C(=O)O)n(Cc2ccc3c(c2)OCO3)c2ccc([N+](=O)[O-])cc12,4.868798732757568,4.996139049530029,4.932468891143799
COc1cc2c(cc1OC)C(=O)C(=Cc1ccc(C(=O)O)cc1)C2,6.121448040008545,5.752699851989746,5.9370739459991455
COc1cc2c(cc1OC)C(=O)C(=Cc1ccc(N(C)C)cc1)C2,5.963045597076416,5.7176618576049805,5.840353727340698
CCC(C)C1=CC(=CSc2n[nH]c(C)c2C(=O)OC(C)(C)C)C(=O)O1,4.771389961242676,4.9579243659973145,4.864657163619995
CCCCNC(=O)c1cc2c(=O)n3ccccc3nc2n(CCCOC)c1=NC(=O)C1CCCC1,6.241781234741211,5.299792766571045,5.770787000656128
Cc1ccc(CCN2CCN(C(=O)c3cc4ccccc4[nH]3)CC2)cc1,5.902065277099609,4.556721687316895,5.229393482208252
CN(C)c1ccc(C=CC=C2C=CC(=[N+](C)C)C=C2)cc1,4.689563751220703,5.64225959777832,5.165911674499512
Cc1cc(Oc2ccccc2)c2c(C)c(C)c(=O)oc2c1,6.112963676452637,5.646226406097412,5.879595041275024
CC(=NNC(=O)c1nnn(-c2nonc2N)c1-c1ccccc1)c1ccco1,5.110169887542725,3.704895496368408,4.407532691955566
O=C(c1ccccc1)c1ccc(Oc2ccc3c(c2)CCC3)cc1,5.58552360534668,4.3718037605285645,4.978663682937622
COCCCN(C)C(=O)c1cc2ccccc2[nH]1,5.191066741943359,5.1069512367248535,5.1490089893341064
CNC(=O)C1=C(C)N=C(C)C(C(=O)OC)C1c1ccc(Cl)cc1,6.65947961807251,5.386443614959717,6.022961616516113
Clc1ccc(C2=Nn3c(nnc3-c3ccccc3OCCCCCCN3CCCC3)SC2)cc1,6.450192928314209,5.953539848327637,6.201866388320923
CN(C)CCCCNC(=O)CCCc1ccc(Cl)cc1,5.182260990142822,3.6605918407440186,4.42142641544342
COc1ccc(C=CC(=O)N2CCCCC2)cc1OC,5.981367111206055,4.660189151763916,5.320778131484985
C(=NNc1nc2ccccc2[nH]1)c1c[nH]c2ccccc12,4.913176536560059,4.246864318847656,4.580020427703857
O=C1C=Cc2cc(OCc3ccc(F)cc3)ccc21,4.346468448638916,8.322343826293945,6.334406137466431
CC(C)(C)c1ccc(S(=O)(=O)c2coc(O)c2Cl)cc1,4.917618751525879,4.661623477935791,4.789621114730835
O=C1Nc2ccc(OCCCCN3CCOCC3)cc2C1=Cc1ccccc1,5.233258724212647,5.916043758392334,5.57465124130249
O=C1C=CC(=O)c2c(O)cccc21,6.011013031005859,7.056286811828613,6.533649921417236
CC(C)(C)C1CCC2(CC1)N=C(c1ccccc1F)CCN2S(=O)(=O)c1ccc(Cl)cc1,6.109683990478516,5.090637683868408,5.600160837173462
CC(Oc1ccccc1)C(=O)Nc1nc(-c2cc3ccccc3oc2=O)cs1,7.254920959472656,5.284283638000488,6.269602298736572
CCCCNC(=O)OC1(C(C)C)CCC2C3CC(O)C4=CC(=O)C=CC4(C)C3CCC21C,5.43491268157959,6.676150321960449,6.0555315017700195
CC(=O)N1N=C(c2ccc(OCc3ccccc3)cc2)CC1c1cccc(C)c1,6.411404132843018,6.23915433883667,6.325279235839844
O=C1Nc2ccc(F)cc2C1=Cc1ccc2c(c1)OCO2,6.245261192321777,6.874908447265625,6.560084819793701
CC(=O)NC(C)c1coc(COc2cccc(Cl)c2)n1,4.294492244720459,5.932085037231445,5.113288640975952
COc1cccc(OC)c1C1COc2cc3c(cc2C1C(C)=O)OCO3,5.351557731628418,5.0906291007995605,5.221093416213989
Cc1cc(OCc2ccc(Cl)c(Cl)c2)ccc1C(C)=O,4.313624382019043,7.621061325073242,5.967342853546143
CN(C)c1ccc(-c2c3c(nc4ccccc24)CCCC3)cc1,5.887471675872803,4.84363317489624,5.3655524253845215
c1ccc(-c2cc3cc(-c4ccccc4)ccc3o2)cc1,3.9898648262023926,5.2064619064331055,4.598163366317749
CC1=CC(C)(C)Nc2ccc3c(c21)C(=Cc1ccco1)Oc1ccccc1-3,5.080107688903809,5.827627182006836,5.453867435455322
CC1=CC2Cc3nc4cc(Cl)ccc4c(N)c3C(C1)C2,7.141253471374512,4.370758533477783,5.7560060024261475
COC(=O)C1C(C)=NC(=S)NC1c1cccc(OC)c1,6.226701736450195,4.763654708862305,5.49517822265625
CCC(=O)Nc1ccc(Nc2c(I)ccc3c2cnn3-c2cccc(Cl)c2)cc1,6.281513214111328,5.416574954986572,5.84904408454895
O=C(Nc1ccc2c3c(cccc13)C(=O)N(CCO)C2=O)c1cc2ccccc2o1,7.264821052551269,5.177970409393311,6.22139573097229
CN1C(=CC(=O)C2(O)CCC3C4CCC5=Cc6cc(O)ccc6CC5(C)C4C(O)CC32C)C(O)C1O,5.65024471282959,7.524604320526123,6.5874245166778564
O=S(=O)(c1cccc(F)c1)c1ccc2c(c1)CCNCC2,4.997939109802246,5.011087894439697,5.004513502120972
O=c1c2ccccc2sn1-c1ccc(S(=O)(=O)N2CCCC2)cc1,5.860125541687012,4.583307266235352,5.221716403961182
COc1cccc2c1ccn2C(=O)C=Cc1ccccc1,5.126358985900879,5.810713291168213,5.468536138534546
COc1ccc(Cl)cc1NC(=O)Nc1cccc(Cl)c1,4.681570053100586,4.607895374298096,4.644732713699341
CC(=O)NC(CCCN=C(N)N)C(=O)NC(Cc1ccc(Cl)cc1)C(=O)NCCc1ccccc1,4.0503129959106445,4.271600246429443,4.160956621170044
COc1ccc(CNS(=O)(=O)c2ccc(O)c(N)c2)cc1F,5.199474334716797,3.994244575500488,4.596859455108643
O=C1CC=CC(=O)N1c1cccc(CC2COc3ccccc3C2=O)c1,6.329801082611084,5.4092278480529785,5.869514465332031
Nc1ccc2c(c1)c(C(=O)c1ccccc1)c(CO)n2CCC(=O)O,5.554497241973877,4.919685363769531,5.237091302871704
CN(CCOc1ccccc1)Cc1ccccc1,4.824981212615967,3.62041974067688,4.222700476646423
COc1cc(SC)ccc1C(=O)OCC1CCCO1,4.732739448547363,5.246049880981445,4.989394664764404
Cc1cc(C)c(N2CCN(C(=O)c3ccccc3C)CC2)c(C)c1,6.406256675720215,4.702890396118164,5.5545735359191895
NC(=O)c1cc2c(-c3ccc(F)cc3F)cncc2s1,5.532206535339356,5.309258460998535,5.420732498168945
Cc1cc(O)cc2ccc(OCCCCCCCC(=O)OC(C)C)cc12,4.4984235763549805,5.621981143951416,5.060202360153198
COc1ccc(-c2cc(C(O)NC3CCC(O)CC3)on2)cc1,3.941161155700684,5.25081205368042,4.595986604690552
Cc1nccc2cc3c(O)nc(C4CCCCC4)nc3cc12,6.04713249206543,6.627116680145264,6.337124586105347
Cc1cccc(Nc2nccc(Nc3c(Cl)ccc4c3OCO4)n2)c1,6.086606025695801,4.855675220489502,5.471140623092651
Cc1cccc(C2CC(=O)Oc3cc(C)ccc32)c1,5.2378034591674805,7.0972394943237305,6.1675214767456055
N#CC(=Cc1ccc(O)c(O)c1)C(=O)NCc1ccccc1,5.139800071716309,5.498981952667236,5.3193910121917725
Oc1oc2ccc(OCCCCN3CCC(c4ccccc4)CC3)cc2c2ccccc12,,,
COc1cc(C(C)=O)ccc1OCc1coc2cc(OC(=O)C(C)C)ccc12,7.176979064941406,5.66240930557251,6.419694185256958
O=C(C=Cc1cccc(F)c1)OCCCCCCCCOc1cccc(CCCN2CCCC2)c1,5.51902961730957,5.8085808753967285,5.663805246353149
CC[n+]1c(C=Cc2cc(OC)c(O)cc2OC)ccc2ccc(-c3ccccc3)cc21,5.3086700439453125,5.570367813110352,5.439518928527832
COc1ccc(C2=NNc3cccc4c(OC)ccc2c34)cc1OC,5.527660846710205,5.207728385925293,5.367694616317749
O=C(Nc1nc2ccccc2s1)c1ccc2c(c1)OCCO2,6.684372425079346,5.1880412101745605,5.936206817626953
CCN(CC)CCCNC(=O)c1cnc(N)c2c(-c3ccc(NC(=O)Nc4cccc(C)c4)cc3)csc12,6.857444763183594,4.940211772918701,5.8988282680511475
CCCN1CCCC(c2ccc(OC)c(NC(=O)c3nc(C#N)cs3)c2)C1,5.521322250366211,4.9526543617248535,5.236988306045532
CC(=O)OC(C)C=CC=CC=CC=CC=CC(=O)N1CCCC1C(=O)NCc1ccccc1Cl,3.624749183654785,5.389212608337402,4.506980895996094
COc1ccc(NC(=O)N2CCCC2C(=O)NCc2ccccc2)cc1Cl,5.354507923126221,4.10903263092041,4.731770277023315
COc1ccccc1NC(=O)CSCC(=O)O,5.476245880126953,4.242344856262207,4.85929536819458
O=C1CCCN1Cc1ccc2c(c1)nc(O)c1cccn12,6.73415470123291,5.419107437133789,6.07663106918335
O=C(C=Cc1ccccc1)NCCCNc1c2c(nc3ccccc13)CCCC2,6.422353744506836,4.947526454925537,5.6849400997161865
O=C(O)C1=Cc2cc(Br)ccc2OC1Cc1cccc(F)c1,4.148462772369385,6.600888252258301,5.374675512313843
Nc1ccc(SCC(=O)Nc2nnc(C(F)(F)F)s2)cc1,6.513000011444092,6.6135687828063965,6.563284397125244
Cc1ccc(C(=O)c2c(O)c(O)n(CCN(C)C)c2-c2cccs2)cc1,5.559680461883545,4.50666618347168,5.033173322677612
COc1cccc2c1C(=O)c1c(O)c3c(c(O)c1C2=O)CC(O)(C(C)=O)CC3OC1CC(N)C(O)C(C)O1,6.87997579574585,3.740813970565796,5.310394883155823
COc1ccc2c3c1OC1C(=O)CCC4(NC(=O)C=Cc5ccccc5)C(C2)N(C)CCC314,5.52305793762207,6.642673015594482,6.082865476608276
O=C1NC(=O)C(c2cn(CCCO)c3ncccc23)=C1c1cnccn1,4.766197681427002,4.780128479003906,4.773163080215454
CCN(CCC#N)CC12CCC(c3ccccc31)C2O,4.9271745681762695,5.7236008644104,5.325387716293335
Cc1ccc(C(=O)Nc2ccc(C#N)cn2)cc1,5.136538982391357,5.443774223327637,5.290156602859497
O=C1CC=C2Oc3cc(O)ccc3C(c3ccc(O)cc3OC3CCCC3)CC12,5.307877540588379,5.813451290130615,5.560664415359497
CC(c1ccccc1)N1CCN(CCC=Cc2ccc(F)cc2)CC1,5.050024509429932,4.671262264251709,4.86064338684082
CC(C)(C)CN(Cc1cnc[nH]1)c1ccc2nc(N)nc(N)c2c1,4.84454345703125,3.975532054901123,4.4100377559661865
CCCCCNC(=O)Nc1ccc(OCC)c(S(=O)(=O)Nc2ccc(OC)cc2)c1,5.420429229736328,4.8258891105651855,5.123159170150757
Nc1nc2c(s1)CCC2Cc1ncc[nH]1,4.497370719909668,6.057755947113037,5.2775633335113525
CCCCCCCCC(=O)Oc1ccc(S(=O)(=O)NC2CCCCC2)cc1,5.465260982513428,5.29789924621582,5.381580114364624
Cc1cc(Cl)ccc1OCc1nc(O)c2c3c(sc2n1)CCSC3,6.074789047241211,6.098803997039795,6.086796522140503
O=C(O)CCc1ccc(NC(=O)C(C2CCCCC2)n2c(-c3ccc(Cl)cc3)nc3cc(F)c(F)cc32)cc1,5.325464248657227,5.7118353843688965,5.5186498165130615
COc1ccccc1C=CC=NNC(=O)c1cnn(-c2ccccc2)c1N,5.580226421356201,4.696957111358643,5.138591766357422
CC1=CC=CN2C(=O)CC(=COc3ccc(C#N)cc3)N=C2C=C1,4.9466423988342285,6.309184074401856,5.627913236618042
O=C(C=Cc1cccc(Br)c1)c1nc2ccccc2[nH]1,5.0262370109558105,5.465795993804932,5.246016502380371
NC1=c2ccc3cc(OCC4CCCCC4)ccc3c2=NC1=O,6.05664587020874,6.165830612182617,6.111238241195679
Cc1ccc2[nH]c3c(c2c1)CCN(C(=O)CCN1CCOCC1)C3,6.847180366516113,4.529802322387695,5.688491344451904
CC(=O)C1CCC2C3C=CC4CC(O)CCC4(C)C3C(=O)C12C,4.19037389755249,8.270256042480469,6.2303149700164795
COc1cc2c(cc1OC)C1=NOC(CN3CCN(Cc4ccc5c(c4)OCO5)CC3)C1CO2,6.806899070739746,4.680825233459473,5.743862152099609
COc1ccc(-c2noc(-c3ccccc3O)n2)cc1,5.328441619873047,5.3805036544799805,5.354472637176514
CC(C)=CCc1coc2cc(O)ccc2c1=O,4.605258464813232,4.939784049987793,4.772521257400513
O=C1C=CC(C(=Nc2ccc(F)cc2)c2ccc(O)cc2)C=C1,5.449020862579346,4.9922966957092285,5.220658779144287
O=C(Br)C1CCCN(Cc2cc(F)ccc2OCc2ccc(F)cc2)C1,5.249020099639893,5.761414051055908,5.5052170753479
Cc1cccc2cc3c(nc12)CCCN3C(=O)Cc1ccccc1,5.244292736053467,4.460186958312988,4.8522398471832275
c1ccc(CCc2cn(CC3CCCCN3)nn2)cc1,4.805320262908936,4.300827503204346,4.553073883056641
C=CCc1cccc2c(=NO)cc(-c3ccccc3)oc12,4.775637149810791,4.967836856842041,4.871737003326416
CC(=CCC1=C(C)CCCC1(C)C)C=CC1=O,,,
O=c1oc2c(O)c(O)cc3c(=O)oc4c(O)c(O)cc1c4c23,7.167119026184082,3.161191940307617,5.16415548324585
CCCOc1cc(C2CC(=O)N(C)C(=NC)C2)ccc1OCC(=O)Nc1ccc(F)cc1,5.514135360717773,6.395618438720703,5.954876899719238
CC1CCC(C)N1S(=O)(=O)c1ccc(C#N)cc1,6.557648181915283,4.891707897186279,5.724678039550781
CC1=Nc2ccc(Cl)n2C(c2ccccc2)C1C(=O)Nc1ccc(Cl)c(C)c1,6.649991512298584,5.811258316040039,6.2306249141693115
COc1cc2c(cc1OC)C(=O)C(=Cc1ccc(CN3CCCCC3)o1)C2,7.03420877456665,4.761428356170654,5.897818565368652
Cn1cc(-c2ccnn2C)c(-c2ccc(F)cc2)n1,5.5034894943237305,5.680442333221436,5.591965913772583
O=C(O)c1cccc(-c2ccc(CC3=NC(=O)N(c4ccc(Cl)cc4)C3=O)o2)c1,6.186141014099121,5.657573223114014,5.921857118606567
CC=CCn1c(=O)c2c(nc(-c3ccccc3)n2C)n(C)c1=O,5.253242015838623,4.148651123046875,4.700946569442749
N#Cc1ccc(C2=NN(c3ccc(F)cc3)C(c3ccc(F)cc3)C2)cc1,6.730379581451416,7.279526710510254,7.004953145980835
CCOC(=O)C=Cc1cccc(OC(=O)c2ccccc2)c1,5.281725883483887,6.227560043334961,5.754642963409424
CCCCCCCCCCCCCNS(=O)(=O)c1ccc(O)c(C(=O)O)c1,5.883673191070557,5.9633073806762695,5.923490285873413
COc1cc2c(cc1OC)C1=NOC(CN3CCN(Cc4ccc5c(c4)OCO5)CC3)C1CO2,6.806899070739746,4.680825233459473,5.743862152099609
Cc1ccc2c(c1)OC(=O)CC2=CN(C)CC(=O)O,4.601393222808838,3.68408203125,4.142737627029419
CC(=NNc1nc2ccccc2[nH]1)c1c[nH]c2ccccc12,5.364150524139404,4.165034294128418,4.764592409133911
COc1ccc(CC(=NC(=O)c2ccc3c(c2)N(C)CCO3)C(=O)NCC2CCCO2)cc1OC,5.77363395690918,4.237097263336182,5.005365610122681
CCCCn1c(=O)c2ccc(-c3ccc(O)cc3)cc2n2c(=O)n(C)c(=O)nc12,6.287620067596436,5.481723308563232,5.884671688079834
COc1cccc(C(=O)Nc2ccc(C=C3COC(=O)NC3=O)cc2)c1,5.67457389831543,5.872779846191406,5.773676872253418
CCc1ccc(OCc2ccccc2)c(CCOc2cccc3c2CCC3=O)c1,5.60328483581543,6.214122295379639,5.908703565597534
O=C1c2ccccc2-c2onc3ccc(NCCCN4CCN(c5ccccc5OCC4)c23)=N1,4.324922561645508,5.076610565185547,4.700766563415527
CC(C)c1nc(Cl)c(C#N)c(NCCc2ccccc2)n1,5.804890155792236,6.087573051452637,5.9462316036224365
CC(=O)OC1OC(CNCc2cccc(C)c2)C(OC(=O)c2ccc(O)c(CO)c2)C(OC(=O)c2ccccc2)C1OC(=O)CC(O)C(C)C,3.5487892627716064,4.135643005371094,3.84221613407135
COc1ccc(C(=O)N2CCC3(CC2)OCCO3)cc1,5.00279426574707,4.893242835998535,4.948018550872803
O=C(CCC1CCN(Cc2ccccc2Cl)CC1)c1ccc2c(c1)OCO2,6.849915504455566,4.860884666442871,5.855400085449219
Fc1ccc(-c2nc3sccn3c2-c2ccncc2)cc1,5.310950756072998,5.878870010375977,5.594910383224487
COc1ccc(NC(=O)Oc2ccc3c(c2)C2(C)CCN(C)C2N3C)cc1,6.205790042877197,5.1468353271484375,5.676312685012817
O=C(C=Cc1ccccc1)Nc1ccccc1,4.608524799346924,5.964312076568604,5.286418437957764
Cc1cc(C)cc(C(=O)COC(=O)CCC(=O)c2cccs2)c1,5.676836967468262,6.039825439453125,5.858331203460693
CC1CN(CCC(=O)c2ccc3c(c2)NC(=O)C3=Cc2[nH]c3ccccc3c2C(=O)O)CC(c2ccccc2)O1,6.80702543258667,5.823444843292236,6.315235137939453
O=C1c2ccccc2NC(c2ccc([N+](=O)[O-])cc2)=NC1c1ccc(O)cc1,6.546596050262451,4.56956148147583,5.558078765869141
c1cnc2c(c1)NNC2=C1N=c2cccc(N3CCCCC3)c2=N1,5.49852180480957,5.1534857749938965,5.326003789901733
COc1cc2c(cc1OC)C(=O)C(Cc1ccc(C)cc1)=N2,6.165427684783936,5.397594451904297,5.781511068344116
CN1CCN(CCCNc2c3c(nc4ccccc24)CCCC3)CC1,7.299554824829102,3.4968743324279785,5.39821457862854
CC(C)(C)c1cc(C=C(C#N)C#N)cc(Br)c1O,4.575815200805664,4.805994987487793,4.6909050941467285
CCCCCCCN(CCCCCC)CCCCc1cc2cc(OC)ccc2[nH]c1=O,5.652781486511231,5.177905559539795,5.415343523025513
CCCCCCC=CCC=CCC=CC=CCCCC(=O)NCC,4.358931541442871,5.011025428771973,4.684978485107422
COc1ccc(-c2cn(-c3ccc4c(c3)CCO4)c3ncnc(N)c23)cc1O,5.129504203796387,4.623447418212891,4.876475811004639
CCC(Cc1cccc(C)c1)NC(=O)c1cc(-c2ccco2)nc2ccccc12,5.215471267700195,4.358502864837647,4.786987066268921
O=C(O)C=Cc1ccc(-c2ccc(OCc3ccccn3)cc2)o1,4.153661727905273,6.324828147888184,5.2392449378967285
CN(C=Cc1cccc2c(Cl)c3cccnc3sc12)C(=O)c1ccccc1,,,
CN(C)CCCCC(=O)Nc1cccc(-c2ccccc2)c1,4.377243518829346,3.862579345703125,4.119911432266235
C[n+]1cccc(C2=C(c3c[nH]c4ccccc34)C(=O)NC2=O)c1,4.666723251342773,5.601630210876465,5.134176731109619
N#Cc1cc2c(nc1SCC(=O)NC1CCCCC1)CCCC2,5.471879959106445,5.372520923614502,5.422200441360474
Fc1ccc(C2=NCCCN2)cc1,5.227368354797363,5.752575874328613,5.489972114562988
COC(=O)C1CCN(CCCCCCN2C(=O)c3ccc(C(C)(C)C)cc3C2=O)CC1,6.823495864868164,4.412867069244385,5.618181467056274
O=c1oc2cc(OCc3ccc4ccccc4n3)ccc2cc1-c1nnc(C2CC2)o1,6.322701930999756,6.6960129737854,6.509357452392578
CC(C)(C)c1ccc(C(O)CCN2CCC(CN3C(=O)c4ccccc4C3=O)CC2)cc1,6.2616047859191895,4.220102310180664,5.240853548049927
COc1ccc(C2=NCC=C2)cc1,4.3791351318359375,4.828614234924316,4.603874683380127
CC(c1ccc(O)cc1)c1cc(-c2ccc3c(c2)OCCO3)no1,5.447995185852051,4.993714809417725,5.220854997634888
CON=C(C#N)C12CC3CC(CC(C3)C1)C2,5.545438766479492,3.9669461250305176,4.756192445755005
CCN(CC)CCCOc1ccc2c(=O)c3cc(Cl)ccc3oc2c1,5.543577194213867,5.5760602951049805,5.559818744659424
CC(c1ccccc1)N1CCCC1=O,5.538536548614502,4.910047054290772,5.224291801452637
CC(=O)c1cccc(NC(=O)c2ccc(C)c3cccnc23)c1,5.8774003982543945,5.604763984680176,5.741082191467285
Cc1onc(-c2ccccc2Cl)c1C(=O)NC1CCCC1,5.906732559204102,5.052013874053955,5.479373216629028
COc1cc(Nc2ccc3c(c2)C24CCCCC2C(C3)N(C)CC4)cc(OC)c1,5.180336952209473,5.686200141906738,5.4332685470581055
CSc1ccc(-c2cnc(Nc3ccc(C#N)cc3)o2)cc1,5.384066581726074,6.402358055114746,5.89321231842041
O=C1Cc2c(OCC(O)CN3CCC(O)C3)cccc2O1,5.153919696807861,3.6043386459350586,4.37912917137146
N#Cc1ccc(-c2ccc(C#N)cc2)cc1OCCF,3.884483337402344,6.908015251159668,5.396249294281006
O=C(O)COc1cccc(-c2cccc(C=CC(=O)NC3CCN(Cc4ccccc4)CC3)c2)c1,4.6440300941467285,4.893710136413574,4.768870115280151
O=c1c2ccccc2c(C2=Nc3ccccc3SC2)nn1Cc1ccccc1,5.28531551361084,4.101492404937744,4.693403959274292
CN(C)S(=O)(=O)c1ccc2c(c1)CCC2NCCO,4.793487548828125,5.053797721862793,4.923642635345459
O=C(C=Cc1ccc(O)c(O)c1)OC1CCOC1,3.7082948684692383,5.519121170043945,4.613708019256592
O=C(C=Cc1ccc([N+](=O)[O-])cc1)Nc1cccc(Cl)c1,4.432474613189697,5.636794090270996,5.034634351730347
O=C(Nc1ccc(Cl)c(Cl)c1)N1CCCCC1,4.880839347839356,4.67828893661499,4.779564142227173
CN1CCN(CCCN2c3ccccc3Sc3ccc(Cl)cc32)CC1,5.063004970550537,4.300391674041748,4.681698322296143
O=C(C=Cc1cccc2cccnc12)NCCCCO,3.6259918212890634,6.247864723205566,4.9369282722473145
Cc1ccc(SCC(=O)NCC(=O)OCc2ccccc2)cc1,5.137734889984131,5.067111968994141,5.102423429489136
Cc1cc2c3c(c1)c1c(n3C)CCCC1C(CO)N(C3)C2,,,
COc1ccc2c(c1)c(C1=C(c3c[nH]c4ccccc34)C(=O)NC1=O)cn2CCCN(C)C,5.17551326751709,5.5430827140808105,5.35929799079895
S=C(NCCC1CCCCC1)N1CCCC1,6.772354602813721,3.9920883178710938,5.382221460342407
COc1ccc(C=CC=Cc2cc(OC)c(OC)c(OC)c2)cc1,4.994105339050293,4.391892433166504,4.692998886108398
CCCCCCNC(=O)c1cc2ccccc2oc1=O,6.39790153503418,5.5910186767578125,5.994460105895996
O=C(COc1cccc2[nH]cc(Sc3ccccc3)c12)NCCCN1CCOCC1,5.224601268768311,4.687002182006836,4.955801725387573
O=C(O)c1cccc(COc2ccc3c(C(=O)NC4CCCCC4)cccc3c2)c1,4.791287422180176,5.925188064575195,5.3582377433776855
Cc1cccc(C=CC(=O)OCC(=O)Nc2ccc(N3CCCC3=O)cc2)c1,5.067192554473877,5.9658613204956055,5.516526937484741
Clc1cc(Cl)cc(CNc2cc(-c3ccc4c(c3)OCO4)ncn2)c1,5.310497760772705,6.029437065124512,5.669967412948608
O=C1NCC2(CCCNC2)Oc2c1ccc1ccccc21,4.7810139656066895,4.896740436553955,4.838877201080322
CN(C)c1ccc(CC2=c3ccccc3=NC2=O)cc1,5.365333080291748,6.217818260192871,5.79157567024231
COCOC(=O)CCCCn1cc(C=C2C(=O)NC(=O)NC2=O)c2ccccc21,5.917322158813477,6.045202255249023,5.98126220703125
C[N+]1(C)CCC(OC(=O)C(O)(c2ccccc2)C2CCCC2)C1,3.5129294395446777,4.036558151245117,3.7747437953948975
CC(C)(C)NC(=O)Oc1ccc2c(c1)C1(C)CCN(C(=O)OCC(C)(C)C)C1N2C,3.806943655014038,3.518834590911865,3.6628891229629517
O=C(NCC1COc2ccccc2O1)c1cnc(C2CC2)o1,6.952873229980469,5.170143127441406,6.0615081787109375
N#CC(=Cc1ccc(O)c(O)c1)C(=O)OCCCc1ccccc1,4.829768180847168,6.0978617668151855,5.463814973831177
CCN(CC)C1=CC=C2c3c(cc(OC)c(OC)c3OC)CCC(=NC(=O)C(F)(F)F)C2CC1=O,5.900995254516602,5.394298076629639,5.64764666557312
O=C1c2ccccc2OC(CO)C1c1ccccc1,5.431960105895996,4.9670233726501465,5.199491739273071
O=C1CCC2C1Cc1ccc(O)cc1C2,4.968841075897217,5.883758068084717,5.426299571990967
O=c1cc(-c2ccccc2F)oc2ccc(O)cc12,4.8959808349609375,4.128718376159668,4.512349605560303
CCCc1cc2c(o1)-c1ccccc1N=C2N,4.953089237213135,3.2718448638916016,4.112467050552368
Cc1ccc2c(c1)OC(=O)CC2C(=O)Nc1ccccc1,6.511656284332275,5.509594440460205,6.01062536239624
O=C(CCCc1ccc(Cl)cc1)NC12CC3CC(CC(C3)C1)C2,5.772050857543945,3.779839515686035,4.77594518661499
CCOC(=O)C1C(C)=NC(C)=C(C(=O)OC)C1c1ccc([N+](=O)[O-])cc1,5.658578395843506,5.458414077758789,5.5584962368011475
CC1=NN(c2ccc(C(=O)O)cc2)C(=O)C1=Cc1ccc(C)cc1,6.095271110534668,5.598321914672852,5.84679651260376
Cc1ccc(NC(=O)c2ccc3ccccc3c2)cc1,4.63325309753418,5.766481876373291,5.199867486953735
COc1ccc2cccc(C(=O)Nc3ccc(C)c(C)c3)c2c1,5.223546981811523,5.971752166748047,5.597649574279785
CC(C)(C)c1cc(C(=O)CNC2CC3CCC(C2)[N+]3(C)C)cc(Br)c1O,5.448278427124023,4.828155517578125,5.138216972351074
Cc1occc1COC(=O)c1ccc(NC(=O)C2CCCCC2)cc1,5.292356967926025,5.468959808349609,5.380658388137817
CN(C)CCCCCCCCCCCNC(=O)NC1CCCCC1,5.644796848297119,4.211251735687256,4.9280242919921875
OC(=NCCCCCCNc1c2c(nc3cc(Cl)ccc13)CCCC2)c1ccc(F)cc1,8.179496765136719,5.240884304046631,6.710190534591675
COc1ccc2cc(-c3cn(C)c4ccccc34)c(C)oc2c1,,,
Cn1c(=O)c2c(nc(NN=Cc3ccc(O)c(O)c3)n2Cc2ccccc2F)n(C)c1=O,6.041467189788818,4.010573387145996,5.026020288467407
COC1=CC=C2c3c(cc(OC)c(OC)c3OC)CCC(=NC(C)=O)C2CC1=O,5.275851249694824,4.421726226806641,4.848788738250732
CC(=O)c1cccc(NC(=O)Nc2ccc(CCO)cc2)c1,5.202935218811035,5.313201427459717,5.258068323135376
NC1=c2ccccc2=NC(=O)C1c1nc2ccccc2[nH]1,5.850881099700928,3.675067901611328,4.762974500656128
COc1ccc2[nH]c3c4[nH]c5ccc(OC)cc5c4c4c(c3c2c1)C(=O)NC4=O,6.67488431930542,5.54923152923584,6.11205792427063
CC(C)(CCC(C(N)=O)(c1ccccc1)c1ccccc1)N1CC(Oc2ccccc2)C1,5.251230239868164,3.3677258491516118,4.309478044509888
CC(C)c1ccc(-c2cc3c(nn2)-c2ccccc2C3=O)cc1,5.524469375610352,5.718510627746582,5.621490001678467
O=c1c2ccccc2oc2nc3ccccc3nc2n1CC1CCCO1,5.331658840179443,4.388607978820801,4.860133409500122
O=C(CCl)N(c1ccccc1)c1ccc(C2CCC3(CC2)OCCO3)cc1,6.316895961761475,5.198925018310547,5.757910490036011
CC1CCCN(CCCNC(=O)C2COc3ccccc3O2)C1,5.750086784362793,4.551832675933838,5.150959730148315
CC(CCc1ccc(O)c(O)c1)NC1CCCCC1,4.733714580535889,4.474313259124756,4.604013919830322
C=C1C=C(N2CCOCC2)Cc2nc(-c3c(NCC(O)c4cccc(Cl)c4)ccnc3O)[nH]c21,6.165719985961914,5.213263988494873,5.6894919872283936
COc1cccc(-c2nc(Nc3c(C#N)cncc3COc3ccccc3)sc2C)c1,5.3051838874816895,6.025030612945557,5.665107250213623
Oc1nc2ccc(C=Cc3ccccc3)cc2[nH]1,4.330698013305664,6.056051254272461,5.1933746337890625
C=CCOc1ccc2ccc(=O)oc2c1C(=O)NCCN1CCN(Cc2ccccc2)CC1,6.858766078948975,4.842758655548096,5.850762367248535
CC(=O)Nc1nc2ccc(-c3ccnc(NS(=O)(=O)c4ccc(Cl)cc4)n3)cc2s1,6.103832244873047,5.038140773773193,5.57098650932312
Cc1cccc(OCC(=O)N(Cc2ccc(O)cc2)C2CC2)c1,5.631168842315674,3.801514148712158,4.716341495513916
Fc1ccc(-c2coc3cc(OCCn4ccnc4)ccc3c2=O)cc1,5.417970657348633,6.892349720001221,6.155160188674927
O=C(CCSc1ccc(Cl)cc1)NCC1CCCN(Cc2ccccc2)C1,5.463273525238037,3.177940845489502,4.3206071853637695
O=C1CCC(C(=O)N2CCCCC2)C(c2cccs2)O1,5.2346391677856445,5.564100742340088,5.399369955062866
CC(C)Oc1ccc(C=C2SC(=O)N(CCN3CCOCC3)C2=O)cc1,5.864006042480469,5.136771202087402,5.5003886222839355
O=C(O)c1ccc(NCCc2cccc(O)c2)cc1,4.508780002593994,5.258329391479492,4.883554697036743
NCCCOc1cc2ccccc2cn1,2.954502820968628,6.216007232666016,4.585255026817322
O=C(Nc1ccc(Br)cn1)C1CCCN(C(=O)C=Cc2ccccc2)C1,5.640161037445068,5.340543746948242,5.490352392196655
CC(C)(C)C(=O)Nc1ccc2c(c1)C(=O)c1ccccc1C2=O,5.159161567687988,5.23945426940918,5.199307918548584
CC(C)n1cc2c3c(cccc31)C1=C(COC(=O)c3ccccc31)O2,5.660150051116943,5.603026390075684,5.6315882205963135
CC(C)(C)c1ccc2c(c1)c1c3c[nH]c(O)c3c3c(c1n2CCCO)Cc1ccccc1-3,5.938539981842041,4.588215827941895,5.263377904891968
Cc1c2c(n3c1CCCNCCCN1CCCCC1)CCCC3,,,
O=C1Nc2ccccc2C1=Nc1ccc(Cl)c(F)c1,4.586189270019531,5.28089714050293,4.9335432052612305
O=C1C=CC(=C2C=CC(Br)=C2)C=C1,1.96683406829834,7.205010414123535,4.5859222412109375
O=C1Nc2ccc(C(=O)O)cc2C1=Cc1ccc[nH]1,6.162942886352539,6.325362682342529,6.244152784347534
O=C(CCc1ccccc1)c1ccc2ccccc2c1,4.606490612030029,5.258503437042236,4.932497024536133
COc1cc(Nc2nc3ccccc3c3cnccc23)cc(OC)c1,4.983820915222168,4.885265350341797,4.934543132781982
CC(C)=CCN1CCC(NC(=O)Nc2ccc(Oc3ccccc3)cc2)CC1,5.941844940185547,3.692034721374512,4.816939830780029
Fc1ccc(-c2nc3n(c2-c2ccncc2)CCS3)cc1,5.78326416015625,6.329148292541504,6.056206226348877
CN1CCN(S(=O)(=O)c2ccc(NC(=O)CC3CCCCC3)cc2)CC1,5.1478590965271,4.651407718658447,4.899633407592773
COc1ccc(Cn2c(=O)c(-c3cccc(Cl)c3)nc3cnc(N4CCOCC4)nc32)cc1,5.375289440155029,5.615293502807617,5.495291471481323
CC[n+]1c(C=CN(C)c2ccccc2)n(-c2ccccc2)c2ccc(-c3nc4ccccc4s3)cc21,5.362667083740234,4.309151649475098,4.835909366607666
Clc1cccc(CN2CCCC(Cc3ccccc3)C2)c1,5.489925384521484,2.350905656814575,3.92041552066803
CN(C)S(=O)(=O)c1ccc2nc3c(cc2c1)CNCC3,5.651064395904541,4.8968505859375,5.2739574909210205
COc1ccc(-c2ccc(CSc3nnc(-c4ccc5c(c4)OCO5)o3)cc2)cc1,6.186134338378906,6.520559310913086,6.353346824645996
CCOC(=O)c1ccc2[nH]c3c(c2c1)CCNC3=O,6.198873996734619,4.998855113983154,5.598864555358887
COc1ccc(C=NNc2ccc(C(=O)O)cc2)cc1OC,5.086804866790772,4.199271202087402,4.643038034439087
c1ccc(CNc2nc3ccc(-c4ccccn4)cc3s2)cc1,4.696542739868164,4.439993858337402,4.568268299102783
N#Cc1ccccc1-c1ccc(CSc2nnc(-c3ccc4c(c3)OCO4)o2)cc1,6.235204696655273,6.367416858673096,6.301310777664185
O=C(CCc1c[nH]c2ccccc12)NCCCCCCNc1c2c(nc3cc(Cl)ccc13)CCCC2,8.89520263671875,4.749786853790283,6.822494745254517
CN1N=C(N)c2cn(C3OC(CO)C(O)C3O)c3ncnc1c23,6.084883689880371,3.4663290977478027,4.775606393814087
O=C(NC1CCCc2ccccc21)c1cnccn1,4.357855796813965,5.5747971534729,4.966326475143433
O=C1CCc2ccc(OCCCCCNc3c4c(nc5ccccc35)CCCC4)cc2N1,7.586210250854492,5.279542446136475,6.432876348495483
COc1cccc(CN=C(C)C(C#N)=Cc2ccc(OC)c(OC)c2)c1,5.605429649353027,4.518686294555664,5.062057971954346
CN(C)CCN(C)Cc1cccc2oc(CCSc3ccc(Cl)cc3)cc12,4.850610733032227,4.668880939483643,4.759745836257935
COc1cccc(C=NNc2nc(-c3ccccc3)cs2)c1O,5.086837291717529,4.685585498809815,4.886211395263672
CNC(=O)Oc1ccc2c(c1)C1(C)CCOC1N2C,7.339248657226562,5.773969650268555,6.556609153747559
CCOC(=O)c1c(C)[nH]c(C#N)c1-c1ccc(OC)cc1,4.928689479827881,5.343515872955322,5.136102676391602
O=C(Nc1ccccc1)Oc1cccc(C2=NCCN2)c1,6.407629013061523,4.481909275054932,5.4447691440582275
Nc1c(Br)cccc1C(=O)NCC1CCCO1,6.875499248504639,4.6318769454956055,5.753688097000122
C#CCN(C)C1CCc2c(OC)cccc21,3.594663143157959,6.059697151184082,4.8271801471710205
Cc1cc(Cl)ccc1OCC(=O)NCCc1ccccc1,4.857302665710449,5.319148540496826,5.088225603103638
CN(C)Cc1ccc2c(c1)OCO2,4.645344257354736,3.991161823272705,4.318253040313721
CCOC(=O)C1CCN(C(=O)CCC(=O)Nc2ccc3c(c2)OCO3)CC1,6.446652889251709,5.08176851272583,5.7642107009887695
O=C(c1cc2ccccc2oc1=O)N(CCCCCCNc1c3c(nc4ccccc14)CCCC3)c1ccccc1CC2,,,
CC(C)C[n+]1ccc(C=Cc2ccc(N(C)C)cc2)c2ccccc21,5.225178718566895,4.513359069824219,4.869268894195557
O=C(CCl)Nc1ccc2c(c1NC(=O)c1cccnc1)C(=O)c1ccccc1C2=O,5.719313621520996,5.51519775390625,5.617255687713623
O=C(c1cc2ccccc2oc1=O)N1CCOCC1,5.868752956390381,4.483047008514404,5.175899982452393
O=C(O)c1ccc2c3c1cccc3c(=O)n1c3ccccc3nc21,5.625690937042236,4.564399242401123,5.09504508972168
CN1C=C(C(=O)NCCCO)C(c2cccc(O)c2)C2CC1,,,
CC(C)COc1cc(-c2ccc(OCCN3CCC(O)CC3)cc2)ccc1C#N,4.785219192504883,5.1362128257751465,4.960716009140015
Brc1ccc(CN2CCc3ccccc3C2)cc1,4.5971269607543945,3.9577767848968506,4.277451872825623
CC1=CCC2C1(C)CC1C(=O)CCC12CCC21,,,
O=C1c2ccccc2-c2nc3nnnn3nc21,4.122465133666992,3.952200412750244,4.037332773208618
CNC(=O)C(C)=Cc1cc2c(-c3cc(I)ccc3F)cccc2o1,6.64793872833252,5.999956130981445,6.323947429656982
Cc1ccc(C(=O)Nc2c(C(N)=O)oc3ccccc23)cc1,6.693771362304688,5.033481597900391,5.863626480102539
O=C(O)c1ccc(C=CC(O)=NO)cc1,2.911834716796875,6.133609294891357,4.522722005844116
COc1cc(C)c(NC(=O)CCCCCCCCNc2c3c(nc4ccccc24)CCCC3)cc1C,7.972579002380371,4.652855396270752,6.3127171993255615
CCn1c(CN2CCC(O)C2)nc2c(=O)n(C)c(=O)nc21,,,
O=C(O)CNCCCCCCCCNc1c2c(nc3ccccc13)CCCC2,7.508297920227051,4.411652565002441,5.959975242614746
Fc1ccc(-c2nn3c(Cn4cnc5ccccc54)nnc3s2)c(F)c1,5.546719074249268,5.427491664886475,5.487105369567871
CCCCC1=NN2C(=O)CC(=COC(=O)c3ccco3)N=C2S1,6.16478157043457,5.701085090637207,5.932933330535889
COc1ccc(-c2cc(C(=O)OCC3CCC(CC(=O)NCCN)O3)c3ccccc3n2)cc1OC,4.69179630279541,4.692760467529297,4.6922783851623535
CC1=CCC2C1(C)CCCC2(C)C1CCC2(C)C(=O)CCC12,4.764170169830322,8.354525566101074,6.559347867965698
CCCc1cc(=O)oc2c(CN3CCCC3)c(O)ccc12,6.150856971740723,3.9034600257873535,5.027158498764038
Cc1c(N=Cc2cccc(O)c2O)cccc1C(=O)O,6.041161060333252,6.016820907592773,6.028990983963013
CC(=O)OCC1OC(Oc2c(-c3ccc(O)cc3)oc3cc(O)ccc23)C(O)C(OC(C)=O)C1OC(C)=O,4.984054088592529,3.3875608444213867,4.185807466506958
c1ccc(Cn2nnc(-c3ccc4[nH]c5ccccc5c4c3)n2)cc1,6.237547397613525,4.938121318817139,5.587834358215332
O=S(=O)(Nc1ccc2c(c1)OCCO2)c1cccc2cccnc12,5.655097484588623,4.652873992919922,5.1539857387542725
CN1CCN(Cc2cccc(NC(=O)c3ccc(Br)o3)c2)CC1,5.4492926597595215,4.694843292236328,5.072067975997925
CN(C)c1ccc(C=Cc2ccncc2)cc1,4.195682048797607,6.400296211242676,5.297989130020142
O=C1NC(=O)C(c2cn(CCCN3CCOCC3)c3ccccc23)=C1c1c[nH]c2ccccc12,5.469358921051025,5.330818176269531,5.400088548660278
CCN=C1N=C(Cc2c[nH]c3ccccc23)C(=O)N1,5.274070739746094,5.096963882446289,5.185517311096191
CC(C)c1ccc(S(=O)(=O)N(C)C2CCN(Cc3ccccc3)CC2)cc1,6.012788772583008,3.2744803428649902,4.643634557723999
COc1ccc(C2CC(c3c4ccccc4cc4ccccc34)=NN2)cc1,6.800415992736816,7.829558372497559,7.3149871826171875
O=C1C(=O)C(C(O)CO)=CC1=O,5.80866813659668,3.636347770690918,4.722507953643799
CCN(CC)C(=O)C1CCCN(C(=O)c2ccc(OC)c(OC)c2)C1,5.053462982177734,3.491974353790283,4.272718667984009
OC1C2CC3CC(CC(C3)C1)C2,6.213948726654053,3.230574607849121,4.722261667251587
COc1ccc(C2=NNc3cccc4c(OC)ccc2c34)cc1OC,5.527660846710205,5.207728385925293,5.367694616317749
O=C1NC(=O)C(=Cc2ccc(SCCCN3CCCC3)o2)S1,6.209575653076172,5.855228424072266,6.032402038574219
O=C(O)c1cc([N+](=O)[O-])ccc1NCCCc1ccccc1,5.905622005462647,5.256514072418213,5.58106803894043
COc1ccc2c(c1)c1c(n2C=C(C)C)CCN(C)C1,4.962795734405518,4.497903347015381,4.730349540710449
COc1cccc(-c2cc(=O)c3ccccc3o2)c1N,5.890967845916748,3.322573661804199,4.606770753860474
CCn1c(SCc2ccc(Br)cc2)nc2ccccc2c1=O,5.650444030761719,6.174960136413574,5.9127020835876465
CC=C1C=C(Br)C=C(C2CCCCC2)C1=O,4.415195465087891,5.65098237991333,5.03308892250061
O=C1NCCN1CCC(=O)N(Cc1cccc(Cl)c1)CC1CCCO1,6.159543514251709,4.393656730651856,5.276600122451782
CC1CCc2cc(F)cc3c2O1C(=O)C(C(=O)c1ccccc1-3)C3=O,,,
CC1CCCC(NC(=O)C(CC2=CCCCC2)NC(=O)c2ccco2)C1C,4.525614738464356,4.394629955291748,4.460122346878052
CC(C)(C)OC(=O)NC(Cc1c[nH]c2ccccc12)C(=O)NCCCCO,4.8145952224731445,3.9696006774902335,4.3920979499816895
Cc1nc(Cc2ccccc2)sc1-c1ccc2c(c1)OCO2,5.85845947265625,5.229536533355713,5.5439980030059814
Cc1cc2c(cc1C)NC(=O)CC(c1ccccc1)=N2,5.543247699737549,5.640606880187988,5.5919272899627686
COc1ccc(-c2csc(NC(=O)c3cccc([N+](=O)[O-])c3)n2)cc1,6.324739933013916,5.185947418212891,5.755343675613403
Nc1nnc(-c2cc3c(Oc4ccc(I)cc4)cncc3s2)o1,6.983582019805908,4.895596981048584,5.939589500427246
O=S(=O)(NCc1cccc(C(F)(F)F)c1)c1ccc2c(c1)OCCO2,5.712732791900635,5.3451457023620605,5.528939247131348
C=CCc1cccc2c(=NO)cc(-c3ccccc3)oc12,4.775637149810791,4.967836856842041,4.871737003326416
c1cncc(C2=NOC(c3cnn(-c4ccccc4)c3)C2)c1,6.372234344482422,5.309651374816895,5.840942859649658
O=C1C(=O)C(NCCc2ccc(Oc3ccccc3)cc2)C1=Nc1ccncc1,6.504975318908691,4.961444854736328,5.73321008682251
O=C1NC(=O)C(=Cc2ccc3c(c2)OC(F)(F)O3)S1,6.796452045440674,4.5288615226745605,5.662656784057617
O=C(Nc1ccc2c(c1)Cc1ccccc1-2)c1ccccc1,4.858631134033203,5.567394733428955,5.213012933731079
C#CCN(Cc1ccc2nc(C)nc(O)c2c1)c1ccc(S(=O)(=O)N(C)C)cc1,5.435091972351074,6.017695903778076,5.726393938064575
COc1ccc2c(c1)C(=O)C(=O)c1ccccc1C2=O,5.437716960906982,6.151780605316162,5.794748783111572
O=C(c1ccc2c(c1)OCO2)N1CCC(N2CCC(Oc3ccc(Cl)c(Cl)c3)CC2)CC1,5.1458353996276855,5.0323805809021,5.089107990264893
Cc1ccc(N2N=C(c3ccco3)CC2c2ccccc2)cc1,6.370789051055908,5.03098726272583,5.700888156890869
CC(=NNC(=S)Nc1ccc2ccccc2c1)c1ccccc1,5.284509181976318,4.824908256530762,5.05470871925354
Cc1cc2c(F)c(Oc3ncnn4cc(OCC(C)O)c(C)c34)ccc2[nH]1,5.101953506469727,5.215624809265137,5.158789157867432
Cc1ccc2c(c1)C(=O)N(CCCC1=CCCCC1)C2=O,6.325089454650879,5.871139526367188,6.098114490509033
CN1CCC(OC(=O)c2ccc([N+](=O)[O-])cc2Cl)CC1,3.770144701004028,4.833004474639893,4.3015745878219604
O=C(O)c1ccc(COc2ccc(Cl)cc2Cl)o1,4.502656936645508,5.832691669464111,5.16767430305481
Cc1onc(-c2c(F)cccc2Cl)c1C(=O)NCCC1CCN(Cc2ccc(Br)cc2)CC1,7.275859355926514,4.9732985496521,6.124578952789307
Cc1ccccc1Oc1ncccc1C(=O)O,7.380834579467773,5.765066146850586,6.57295036315918
Cc1c(C)c2ccc(OCc3cccc(C#N)c3)cc2oc1=O,4.615693092346191,8.41084098815918,6.5132670402526855
O=C1c2ccccc2S(=O)(=O)N1CCCCN1CCC(n2c(=O)oc3cc(F)ccc32)CC1,6.640219688415527,5.915450096130371,6.277834892272949
CNS(=O)(=O)c1cc(C(=O)NCc2ccco2)ccc1F,6.487445831298828,5.0725274085998535,5.779986619949341
CC(C)N(C(=O)Nc1ccc2nc(-c3ccco3)c(-c3ccco3)nc2c1)C(C)C,5.362491607666016,4.923264026641846,5.142877817153931
Cc1c(C)c2ccc(OCCCCN3CCC(Cc4cccc(C(=O)O)c4)CC3)cc2oc1=O,6.215447902679443,5.970026016235352,6.0927369594573975
CCn1cc(C(=O)O)c(=O)c2cc(F)c(N3CCN(C)CC3)cc21,5.89192533493042,4.32530403137207,5.108614683151245
N#CCOc1ccc(Nc2nc(Nc3cccc(S(N)(=O)=O)c3)ncc2Br)cc1,5.66007661819458,5.332273960113525,5.496175289154053
COc1ccccc1CNC(=S)N1CCCCC1,6.01776933670044,3.91495943069458,4.96636438369751
O=C(Nc1nc2ccccc2s1)c1cccc([N+](=O)[O-])c1,6.648611068725586,4.587331771850586,5.617971420288086
CC(C)c1ccc(C(=O)Nc2ccc(CCNc3nc4ccccc4n3Cc3ccc(F)cc3)cc2)cc1,5.921957492828369,4.213616371154785,5.067786931991577
COc1ccc(-c2nc(SCCON=C3CC(=O)C(OC)=CC3=O)[nH]c2-c2ccc(OC)cc2)cc1,5.383902072906494,5.712253093719482,5.548077583312988
CC(=O)Nc1cc(C(=O)O)cc2c3c(n(Cc4ccc(Cl)cc4)c12)C(CC(C)C)CC3,5.469564437866211,4.209869384765625,4.839716911315918
COc1cccc(CCc2ccccc2OCCCCN2CCN(c3nc(C(C)=O)cs3)CC2)c1,6.214587688446045,5.358494758605957,5.786541223526001
COc1ccc(-c2ccc(C(=O)NCC3COc4ccccc4O3)cc2)cc1,5.812008380889893,4.675604343414307,5.2438063621521
CC(=NNC(=N)N)c1cc(NC(=O)Cc2ccc(O)cc2)cc(C(C)=NNC(=N)N)c1,5.444957733154297,3.54140567779541,4.4931817054748535
COc1ccc(C=CC2=NC(=O)C(=Cc3ccc(O)cc3)N2)cc1OC,5.962124824523926,4.86611795425415,5.414121389389038
Fc1ccc(OCC(Oc2ccccc2)C2CCNCC2)cc1,5.036970615386963,5.157738208770752,5.097354412078857
CN(C)c1ccc(C=NN=Cc2cc3ccccc3nc2Cl)cc1,5.52416467666626,5.449075222015381,5.48661994934082
CNC(=O)Oc1ccc2c(c1)C1(C)CCN(C)C1N2C,7.130908012390137,5.488977909088135,6.309942960739136
COc1ccc(C(=O)C=Cc2cccc(O)c2)c(OC)c1,5.540060997009277,5.19227933883667,5.366170167922974
CN(C)C1(CNCCC2CCOCC2)COc2ccccc2OC1,4.520482540130615,5.510475158691406,5.015478849411011
CN1CCC(c2c[nH]c3ccc(OS(=O)(=O)c4ccc(C(=O)NCCO)cc4)nc23)CC1,5.603339672088623,4.800629615783691,5.201984643936157
COC(=O)C1C(C)=NC(=O)N(C(=O)NCCCN2CCCCC2)C1c1ccc(Cl)c(Cl)c1,6.279325008392334,4.7440385818481445,5.511681795120239
CNC(=O)c1ccc(-c2sc3ccccc3c2C)cc1,7.593216896057129,5.169264793395996,6.3812408447265625
N=C(N)NCCCC(N)C(=O)O,3.4796833992004395,4.634701251983643,4.057192325592041
O=C(C[n+]1ccc(Cc2ccccc2)cc1)c1cc(Cl)c(O)c(Cl)c1,5.053568363189697,4.382784843444824,4.718176603317261
CC(=O)c1ccc2c(c1)N(CCc1ccccc1)C(=O)CO2,6.080338478088379,6.1063642501831055,6.093351364135742
CCN(CC)C(=O)CCCCc1c[nH]c2ccc(OC)cc12,5.369989395141602,4.7689290046691895,5.0694591999053955
COc1ccc(COc2ccc(CC(NC(C)=O)c3cccc(OC)c3)cc2OC)cc1,4.276619911193848,4.147939205169678,4.212279558181763
Nc1cccc(C2=Nc3cccc4cccc(c34)N2)c1,5.934573650360107,5.118102073669434,5.5263378620147705
Cc1ccc(-c2cn3c(n2)sc2ccccc23)cc1,4.831171035766602,5.093303203582764,4.962237119674683
COc1cc2c(cc1OC)C1=NOC(CN3CCN(CC(C)=Cc4ccc(F)c(Cl)c4)CC3)C1CO2,6.825081825256348,5.176202297210693,6.0006420612335205
Brc1ccc2c(c1)C(c1cccs1)=NCC2,5.032044887542725,5.972157955169678,5.502101421356201
Cc1ccccc1-c1nnc(SCC(=O)c2ccc3c(c2)N(C)CCO3)o1,6.77007532119751,6.582922458648682,6.676498889923096
CC1=NOC(=O)C1=Cc1ccc(-c2cccc(C)c2)o1,5.420124053955078,6.842372417449951,6.131248235702515
CCN1CCC(Oc2ccc(Br)cc2C(=O)c2ccccc2)CC1,5.2888360023498535,4.22186803817749,4.755352020263672
CCCc1cc(O)nc(SCC(=O)c2ccc(Br)cc2)n1,5.229189395904541,7.175327301025391,6.202258348464966
CC(=NOC(C)=O)C1CCC2C3CC(O)C4CC(O)CCC4(C)C3CCC12C,4.980735301971436,6.312308311462402,5.646521806716919
O=C(C=Cc1ccc(O)c(O)c1)c1ccc(O)cc1O,4.642821788787842,5.957418918609619,5.3001203536987305
O=C1CCc2cc(OCCCCCN3CCCN(c4cccc(Cl)c4Cl)CC3)ccc2N1,5.536106586456299,5.38246488571167,5.459285736083984
C=C1CCCC2(C)C1Cc1ccc(O)cc1C3(C)CCC(O)C(C)(C)C3CCC12C,,,
COc1cc(OC)cc(-c2cc(=O)c3cc(Cl)ccc3o2)c1,5.371939659118652,5.722681045532227,5.5473103523254395
COc1cc2c(Oc3ccc(C4OC(CO)C(O)C(O)C4O)cc3F)ccnc2cc1OCCCN1CCCCC1,6.155666828155518,5.359662055969238,5.757664442062378
Cc1c(C)c2ccc(OCc3ccccc3)cc2oc1=O,5.34415864944458,8.104912757873535,6.724535703659058
Cc1ccccc1C1CC(=O)c2cnc3cc(C)ccc3c2C1,5.401697635650635,6.921160697937012,6.161429166793823
O=C(C=Cc1ccccc1)NCCCCCCCCCNc1c2c(nc3cc(Cl)ccc13)CCCC2,7.366077899932861,4.766516208648682,6.0662970542907715
Cc1c2c(n3c1CCN(CCCOc1ccc(C(N)=O)cc1)CC(C)CC2=O,,,
Cc1[nH]c2c(c1C(=O)OCC1CCCO1)CCCC2=C1CC(=O)Oc2cc(F)ccc21,5.698475360870361,4.831094741821289,5.264785051345825
CN(C)c1ccc(C=C2SC(=O)N(CCCC(=O)Nc3ccccc3)C2=O)cc1,5.590529441833496,5.667444229125977,5.628986835479736
NCCn1ncc2cc(-c3ccc(OCc4ccc(Cl)c(Cl)c4)cc3)ccc21,4.8548502922058105,7.181919097900391,6.018384695053101
O=C(CCc1ccccc1)c1ccccc1OCC(O)CN1CCCC1,5.609482765197754,4.45333194732666,5.031407356262207
CN=C1C(=O)C(=O)C1Nc1ccc(OC)cc1,5.782037258148193,4.812251091003418,5.297144174575806
CN(C)C1=NC2=CC=CC=CC2=NC1=O,4.713925361633301,4.666136741638184,4.690031051635742
Cc1ccc(S(=O)(=O)NC2=NC(=O)C(=Cc3c[nH]c4ccccc34)S2)cc1,6.642936706542969,5.025721073150635,5.834328889846802
Cc1cccc(C)c1-n1c(=O)c2cnc(Nc3ccc(OCc4ccccc4)cc3)nc2n2nc(C)cc12,5.567457675933838,5.70433521270752,5.635896444320679
c1ccc(C2=Nn3c(CCn4ccnc4)nnc3SC2)cc1,5.913937568664551,5.40386438369751,5.65890097618103
Oc1ccc(C=Cc2cc(O)c3ccccc3c2O)cc1,4.1450066566467285,6.9582109451293945,5.5516088008880615
Nc1cccc(Oc2ccc3c(c2)CCC3=NO)c1,5.739789962768555,5.192357540130615,5.466073751449585
COc1cc(NC(=O)c2ccc3ccccc3c2)ccc1-c1cc(=O)c2cc(OC)cc(OC)c2o1,6.369904518127441,5.462807655334473,5.916356086730957
COc1ccc2[nH]cc(CCNc3ncncc3-c3ccccc3C)c2c1,5.096490859985352,5.773342132568359,5.4349164962768555
Nc1ncccc1C(=O)OCCOc1cccc2ccccc12,5.445183277130127,5.714147090911865,5.579665184020996
CN(C)CCOc1ccc(Cl)c(C2=C(c3ccc(F)cc3)CCC2)c1,4.813580989837647,5.706140518188477,5.2598607540130615
COc1ccc(-c2csc(N)c2C#N)cc1Cl,5.778538227081299,4.908188819885254,5.343363523483276
N#Cc1ccc(C(=O)Oc2ccc(Cl)cc2C(=O)c2ccccc2)cc1,5.035762786865234,5.400027275085449,5.217895030975342
CCOc1ccc(C2=CC3(CCNCC3)Oc3ccccc32)c(OCC)c1,5.395202159881592,4.789238452911377,5.092220306396484
COc1ccc(-c2csc(Nc3nc(-c4ccccc4)cs3)n2)cc1,5.537354946136475,6.071736812591553,5.804545879364014
CC(C)N(C)C(C)C(=O)c1cc2ccccc2c(-c2ccccc2Cl)n1,5.7090163230896,4.911856651306152,5.310436487197876
Cc1cccc(C(=O)Nc2cc(-c3cccc(F)c3)on2)c1,5.673074722290039,5.636763572692871,5.654919147491455
Cc1cc(NC(=O)OCC2(C)COC2)no1,4.839651107788086,6.279555320739746,5.559603214263916
O=S1(=O)N=C(Nc2cccc(Cl)c2Cl)Nc2c(O)cc(Cl)cc21,6.647575378417969,4.862101078033447,5.754838228225708
O=c1[nH]c2ccccc2c(=O)n1O,5.061590194702148,5.040194511413574,5.050892353057861
O=C(O)CC(O)C=CC1COc2ccccc2O1,3.200490474700928,3.625564575195313,3.4130275249481206
O=C(Nc1cccc(Cl)c1)Nc1cccc(-c2ccc3c[nH]nc3c2)c1,5.409897327423096,5.419142723083496,5.414520025253296
Cc1cccc(C)c1NC(=O)CN1C(=O)C(=O)c2ccccc21,5.517937660217285,4.491181373596191,5.004559516906738
c1ccc2c(c1)oc1ccccc12,3.664549350738525,3.7693495750427246,3.716949462890625
CC(C)(Oc1cccnc1)C(=O)Nc1ccccc1,6.114633083343506,4.957266330718994,5.53594970703125
COc1cccc(NC(=O)C(C#N)=Cc2ccc([N+](=O)[O-])o2)c1,6.2900590896606445,4.953736305236816,5.6218976974487305
CCC1C=CC2=C(C)C(C)(OC(=O)c3ccc(O)c(OC)c3)C(=O)C2=CO1,5.181865692138672,5.150585174560547,5.166225433349609
CCOC(=O)c1cnc2cc(C(F)(F)F)ccc2c1NC1CC1,5.255420207977295,5.362767219543457,5.309093713760376
CC(=Cc1cccs1)C(=O)Nc1cccc(C2=NC(=O)C=C2)c1,5.567820072174072,5.436553001403809,5.50218653678894
Cc1ccc(-n2c(SCC(=O)NN=Cc3ccc(Br)cc3)nc3ccccc3c2=O)cc1,5.741451263427734,5.177377700805664,5.459414482116699
Cc1c(C)c2ccc(OCC(O)COc3ccccc3)cc2oc1=O,5.529742240905762,7.027852535247803,6.278797388076782
C[N+](C)(C)CC#CCOC(=O)Nc1ccccc1,4.817357063293457,4.464181900024414,4.6407694816589355
COC(=O)c1cc2c(=O)n3ccccc3nc2n(C)c1=NC(=O)C(C)(C)C,5.070014476776123,4.170671463012695,4.620342969894409
COC1=CC=C2c3c(cc(OC)c(OC)c3OC)CCC(=NC(C)=O)C2CC1=O,5.275851249694824,4.421726226806641,4.848788738250732
CC1(C)C2CCC1(C)C(OC(=O)CCCCCC(=O)O)C2,4.98769474029541,6.272564888000488,5.630129814147949
O=C(C=Cc1ccc([N+](=O)[O-])cc1)N1CCCCCC1,4.822147369384766,5.746858596801758,5.284502983093262
CC1=CCC2C1C(=O)c1cc(O)ccc1O2,5.203104019165039,6.033376216888428,5.618240118026733
CCC1CN2CCc3cc(OC)c(OC)cc3C2CC1CC1NCCc2cc(OC)c(OC)cc21,4.805575370788574,4.595561504364014,4.700568437576294
CN(C)c1ccc(C=C2COc3cc(O)ccc3C2=O)cc1,5.531856060028076,6.614747047424316,6.073301553726196
CCCCCOc1ccc(-c2ccc(C(=O)O)cc2)cc1CN1C(=O)C(C(=O)OC)C1c1ccccc1,6.056287288665772,5.298050880432129,5.67716908454895
COc1cccc(C(=O)NN=Cc2ccc(OC)cc2OC)c1,5.444716453552246,4.039751052856445,4.742233753204346
O=C1Cc2c([nH]c3ccc([N+](=O)[O-])cc23)-c2ccccc2N1,5.156867504119873,5.928645133972168,5.5427563190460205
COc1cc2c(cc1OC)C(=O)C(Br)C2,7.700553894042969,4.882355690002441,6.291454792022705
COc1ccc(C(=O)C=CC(=O)N(CCCCN2CCN(c3ccc(F)cc3)CC2)Cc2ccccc2OC)cc1,5.3714141845703125,4.864682674407959,5.118048429489136
CN1CCN(CCCc2c[nH]c3ccc(-n4cnnc4)cc23)CC1,4.624194622039795,5.378213882446289,5.001204252243042
N#Cc1ccc(-c2ccc(C(=O)N(CCc3ccc(F)cc3)CC3CCCO3)o2)cc1,5.081531047821045,5.365543365478516,5.22353720664978
CC1CCCN(C(=O)COc2ccc(Cl)c3c2CCC3=O)C1,6.230174064636231,4.523992538452148,5.3770833015441895
COc1ccc(C(=O)NCCN)cc1F,3.8590826988220215,5.071996212005615,4.465539455413818
N#Cc1ccc(NCCCNC(=O)C2CCCCC2)cc1S(=O)(=O)N1CCCC1,5.782426834106445,4.9222283363342285,5.352327585220337
CCC1(c2ccccc2)CCN(CCC#N)CC1,5.0033860206604,4.263980865478516,4.633683443069458
CC(=O)OC1CC(O)(CO)OC(OC(C)=O)C1OC(C)=O,2.910181999206543,2.9157357215881348,2.912958860397339
O=C1C=CC(c2nc(-c3cccc(Cl)c3)c(-c3ccccc3)[nH]2)=CC1,4.868524551391602,5.796786785125732,5.332655668258667
Cc1cccc(C=CC(=O)c2ccc([N+](=O)[O-])o2)c1,5.823806285858154,5.131959438323975,5.4778828620910645
COc1c(C)cc(C)cc1C(=O)CSc1nc(N)cc(O)n1,5.809906959533691,5.444809436798096,5.6273581981658936
O=C1CCCc2cc(OCc3ccc(F)cc3)ccc21,4.26936149597168,7.689324855804443,5.9793431758880615
COc1cc2ncc(-c3ccccc3)nc2cc1OC,4.436629295349121,4.675269603729248,4.555949449539185
CC1=C(C#N)C(=O)N(C)C(=O)C1=NNc1ccc(Cl)c(C(=O)O)c1,6.627374172210693,5.241164207458496,5.934269189834595
O=C1CCc2ccc(OCc3cccc(C(F)(F)F)c3)cc2N1,4.978996276855469,7.249594688415527,6.114295482635498
COc1ccc(C=C2C(=O)ON=C2c2ccccc2)cc1OC,5.983234405517578,5.342738628387451,5.662986516952515
CCC1C=C(N2CCN(C)CC2)Cc2cc(OCCCc3ccc(OC)cc3)ccc21,5.231644630432129,5.190458297729492,5.2110514640808105
CCOC(=O)C1N=C(c2cccc(F)c2)c2cc(Cl)ccc2N(CC)C1=O,6.241543769836426,5.263561725616455,5.75255274772644
FC(F)(F)c1ccc2c(C3N=c4cccc(NC4=NCCN4)c4ccccc43)c[nH]c2c1,,,
COc1cc(C=C2COc3cc(OCCCN4CCCC4)ccc3C2=O)cc(F)c1O,6.506545066833496,5.7085065841674805,6.107525825500488
N#Cc1ccc(OCc2ccc(C(=O)Nc3nc(-c4cccc5n[nH]cc45)cs3)o2)cc1,6.199464797973633,5.7219438552856445,5.960704326629639
Cc1cc(=O)oc2c3c(ccc12)OCO3,5.37407922744751,4.347754001617432,4.860916614532471
O=S(=O)(Nc1cccc2ccccc12)c1cc(Cl)ccc1O,5.566204071044922,4.563224792480469,5.064714431762695
O=C1NC(=O)C(=Cc2ccc3nccnc3c2)S1,4.78331184387207,4.975467205047607,4.879389524459839
CC1=NOC(=O)C1=Cc1c[nH]c2ccccc12,5.65450382232666,6.761849880218506,6.208176851272583
CC(=O)N1CCC(C)(c2ccc(N3CCOCC3)c(C)c2)C(N2CCN(c3ccc(F)cc3)CC2)C1,4.809237003326416,5.7143073081970215,5.261772155761719
CC(CC1CCCCC1)O,5.132206439971924,4.240201950073242,4.686204195022583
CC12CCC3c4ccc(O)cc4CCC3C1CCC2O,4.347171306610107,6.759891510009766,5.5535314083099365
Cc1nn(CCC#N)c(C)c1-c1ccc(Br)cc1,5.966691970825195,6.38871955871582,6.177705764770508
COc1ccc(NC(=O)c2cc3ccccc3oc2=O)cc1,6.442172050476074,6.008008003234863,6.225090026855469
O=C(O)c1cccc(NC2=C(c3cccc(O)c3)C(=O)c3ccccc3C2=O)c1,5.899207592010498,6.038822174072266,5.969014883041382
CC(C)N(CCC(=O)c1ccc2ccccc2c1)Cc1ccccc1,5.623927116394043,4.434927463531494,5.0294272899627686
O=C(CCCl)N=c1ssc2c(=O)n3ccccc3nc2c1=O,5.6837921142578125,4.695353984832764,5.189573049545288
Cc1ccc2c(c1)Oc1c(cccc1O)C(=O)C2=Nc1c(C)cccc1C,5.596136093139648,4.794061183929443,5.195098638534546
O=C(O)C(Cc1c[nH]c2ccccc12)NS(=O)(=O)c1ccc(Cl)c(Cl)c1,4.768399238586426,4.67938232421875,4.723890781402588
O=C1C=CC(=CNNC2=c3ccccc3=NC2=O)C=C1,3.5436558723449707,5.890535831451416,4.717095851898193
COc1cc(C=O)c(Br)cc1OCC(=O)NCc1ccccc1,5.349720478057861,5.140688419342041,5.245204448699951
Cc1ccc(-c2cc3cc(Br)ccc3oc2=O)cc1,4.439005374908447,7.795316696166992,6.11716103553772
CN1CCC(Oc2ccc(C(=O)NC3(C(=O)NCC#N)CCCCC3)cc2)CC1,4.960846900939941,4.564749240875244,4.762798070907593
COc1ccc2c(c1)c1c(n2C=Cc2ccccc2)CCN(CCCC(=O)O)C1,5.540225505828857,5.187421798706055,5.363823652267456
CC1CCC(NC(=O)CN2C(=O)C(=NCCN3CCCC3)N=C2C)CC1,5.260358333587647,4.645663738250732,4.9530110359191895
CC(C)C[n+]1ccc2c3c(cccc31)C(=O)c1cc(C(C)C)ccc1-2,5.655827045440674,4.808602333068848,5.232214689254761
O=C1CCCc2cc(C(O)C(F)(F)F)ccc21,4.421669006347656,7.21101188659668,5.816340446472168
OC(CN1CC=C(c2ccccc2Cl)CC1)CON=C1c2ccccc2Oc2ccccc21,4.864142894744873,4.399880409240723,4.632011651992798
O=C(CCCC1CCSS1)N1CCN(c2nc(-c3cccs3)nc3ccccc23)CC1,5.758410930633545,5.46657657623291,5.6124937534332275
COc1ccc(C(=O)N2c3ccccc3Sc3c(Cl)cncc32)cc1,4.6978631019592285,4.313234329223633,4.505548715591431
CC1CCC(C)N1C(=O)C1Cc2c(cc3c[nH]c4c3c2C=CC4)N(C)C1,6.452006816864014,5.264444351196289,5.858225584030151
COc1cccc2c1C(=O)c1c(O)c3c(c(O)c1C2=O)CC(O)(C(O)C=O)CC3OC1CC(N)C(O)C(C)O1,6.512968063354492,3.783093452453613,5.148030757904053
CCC1(O)C(=O)OCc2c1cc1n(c2=O)Cc2cc3ccccc3nc2-1,5.4085612297058105,4.980828285217285,5.194694757461548
CS(=O)(=O)N1CCc2ccc(C(=O)C3=NCCCS3)cc2C1,6.305515766143799,5.307102203369141,5.80630898475647
O=C(Nc1ccccc1)Oc1ccc2c(c1)OCO2,6.9475836753845215,4.86366081237793,5.905622243881226
C=CCN1CCC(C(=O)Nc2nonc2N)CC1,4.761512756347656,4.161056995391846,4.461284875869751
COc1ccccc1CNCc1ccc(-c2cc3nc(-c4ccccc4)cc(O)c3s2)cc1,5.140905380249023,3.7681527137756343,4.454529047012329
Cc1ccc(-c2cc(CCCC3COCCO3)c3cc(Cl)ccc3n2)o1,5.503932476043701,5.29591178894043,5.399922132492065
N#CC1=C2SCCO2)C(=O)N1c1ccccc1,,,
CCC1CCCN1CCc1cc2cc(C(=O)c3ccccc3)ccc2o1,6.091010093688965,4.101299285888672,5.096154689788818
Oc1nc(CN2CCCCC2)nc2c1sc1ccc(F)cc12,6.586419105529785,4.859260082244873,5.722839593887329
COc1ccc2cc(C(=O)C3CCCCN3)c(=O)oc2c1,5.567533016204834,5.275603294372559,5.421568155288696
CC(C)c1cccc2c1OC(CSc1nc(-c3ccccc3)c[nH]1)C2,5.714085578918457,4.88371467590332,5.298900127410889
CC(C)Cn1c(=O)c2c(nc3sc(CCc4ccccc4)cn23)n(C)c1=O,4.697423934936523,5.335443496704102,5.0164337158203125
N#Cc1cccc(-c2cnc3cc(C(=O)NCC4CCCO4)ccc3c2)c1,5.871513366699219,5.745920181274414,5.808716773986816
CC(=O)OCC1OC(=O)c2coc(=O)c3c2C1=O,,,
O=C(CCC1CCN(Cc2ccccc2)CC1)c1cc2c3c(c1)CCN3C(=O)CC2,8.057255744934082,4.651851177215576,6.354553461074829
NC(=S)NN=Cc1c(O)ccc2ccccc12,5.304416179656982,6.017791748046875,5.661103963851929
COc1ccc(C2CC(c3c4ccccc4cc4ccccc34)=NN2)c(OC)c1,6.940442085266113,7.265162467956543,7.102802276611328
O=C1CCC2(CCCO2)CC(=O)N1c1cccc(Cl)c1,5.7065911293029785,5.359157562255859,5.532874345779419
COc1cccc(COc2ccc(Cc3cnc(N)nc3N)cc2OC)c1,4.954582214355469,4.570408344268799,4.762495279312134
Cc1ccc2c(c1)C(=O)C(=NNc1ccc(S(N)(=O)=O)cc1)C2,5.654676914215088,5.208353519439697,5.431515216827393
CCCC1=NN2C(=O)CC(=COC(=O)C=Cc3ccc(C)cc3)N=C2S1,5.910019874572754,5.941915512084961,5.925967693328857
NC(=O)NCc1cccc(C#Cc2cccc(F)c2)c1,4.608201026916504,6.435962677001953,5.5220818519592285
CN(C)C(=O)Oc1ccc2c(c1)nc(C(C)(C)C)n2C,5.276710033416748,4.834463596343994,5.055586814880371
O=C(O)CCC(=O)Nc1cccc2c1=O,,,
O=C(COc1ccc(Cl)cc1)Nc1nc(-c2ccc(F)cc2)cs1,5.218759059906006,6.652037620544434,5.93539834022522
O=C(Cc1ccccc1)Nc1cccc(-c2nc3sccn3c2-c2ccnc(Nc3ccc(N4CCOCC4)cc3)n2)c1,5.802379131317139,5.359963893890381,5.58117151260376
O=C(CC=Nc1ccccn1)c1ccc(Cl)cc1,5.500522613525391,5.277022838592529,5.38877272605896
O=C1CC(C(=O)N2CCCC2)CC(O)C1O,4.811505317687988,4.602870941162109,4.707188129425049
Cc1cccc(Cn2c3ccc(NC(=O)c4cccc5cccnc45)cc3c3ccccc32)c1,5.3816351890563965,5.441681861877441,5.411658525466919
CCCCCCCCC=CCCCCCCCC(=O)NCCCO,5.160838127136231,5.782408714294434,5.471623420715332
O=C1NC(=O)C(c2ccc(Oc3ccccc3)cc2)(N2CCN(CCO)CC2)C(=O)N1,4.861383438110352,4.697150230407715,4.779266834259033
CN1CCN(CC(=O)N2c3ccccc3Sc3ccccc32)CC1,3.895740032196045,3.7335267066955566,3.814633369445801
CSc1nnc(SCCCc2ccccc2)s1,6.023127555847168,7.866393089294434,6.944760322570801
CC(C)(C)c1cc(C=C2CCCC3(C)C2=NCCN2)cc(Cl)c1O,,,
COc1cc2c(cc1OC)S(=O)(=O)c1cc(C)c(O)c(C)c1C2=O,6.4232048988342285,6.006053447723389,6.214629173278809
CCCCCNC1CCC(Oc2cccc3[nH]c(=O)[nH]c23)CC1,5.863402843475342,4.960933208465576,5.412168025970459
Oc1ccc(-c2nc(-c3ccccc3)c(-c3ccccc3)o2)cc1,5.579263210296631,3.9349093437194815,4.757086277008057
O=C(NOCc1ccc(Br)cc1)c1cc(F)cc(F)c1,4.618530750274658,6.2170844078063965,5.417807579040527
O=C1c2ccccc2-c2nc3nnnn3nc21,4.122465133666992,3.952200412750244,4.037332773208618
Cc1ccc(NC(=O)c2cccc3cccc(c23)N2CCCCC2)cc1,5.372889995574951,5.378934860229492,5.375912427902222
O=S(=O)(c1cccs1)n1ccnc1,4.663596153259277,4.191860198974609,4.427728176116943
CCCOc1ccc2ccc(=O)oc2c1C(=O)Nc1cccc(-c2cn[nH]c2)c1,6.01025390625,5.81638240814209,5.913318157196045
CCNc1nc(NCC)nc(NCCc2ccc(Cl)cc2)n1,4.8459954261779785,5.248495101928711,5.047245264053345
O=C(C=Cc1ccccc1)Nc1ccc(Cl)c(Cl)c1,3.83202862739563,6.25698184967041,5.04450523853302
COc1cccc2cc(C(=O)NC3CCC(C(=O)NCc4ccccc4)CC3)oc12,5.786130428314209,4.579085350036621,5.182607889175415
O=C(CCc1nc(-c2ccc(F)cc2)no1)NC1CCCCC1,5.619799613952637,6.556296348571777,6.088047981262207
O=C(O)C=Cc1ccc(Cl)cc1Br,2.1767189502716064,5.892728805541992,4.034723877906799
CCOC(=O)C(O)(c1ccc(O)c(Br)c1)c1ccccc1,5.376112937927246,4.294571876525879,4.8353424072265625
CCCCCNc1nnc(-c2ccc(S(=O)(=O)N3CCCC3)cc2)o1,5.754584789276123,6.259991645812988,6.007288217544556
Cc1ccc(NC(=O)C=Cc2ccc(-c3ccc(Cl)cc3)o2)cc1,4.477949619293213,5.85460376739502,5.166276693344116
COc1cc2c(cc1OC)C(=O)C(CC1CCN(CCN(CC(=O)O)CC1)C2,,,
COc1ccc2c(c1)OC(=O)CC2=CN(C)Cc1ccc(F)cc1,5.062099933624268,5.348605632781982,5.205352783203125
c1coc(C2CN3CCSC3=N2)c1,7.101558685302734,6.214025974273682,6.657792329788208
CNC1=NC(=Cc2cc(Cl)c(O)c(Cl)c2)C(=O)N1,6.683143138885498,5.169260025024414,5.926201581954956
O=C(C=Cc1ccccc1)NCCCCCCC(=O)NCc1ccc2c(c1)OCO2,5.159425735473633,5.5419087409973145,5.350667238235474
O=C1c2ccccc2-c2n[nH]c3cccc1c23,4.932783126831055,5.525638580322266,5.22921085357666
c1ccc(-c2cn(CC3OCCc4c3ccccc43)nn2)cc1,,,
COc1ccc(N2CCN(CCCCCC(=O)NC3CCCc4ccccc43)CC2)cc1O,5.069595813751221,4.674731254577637,4.872163534164429
COc1ccc(NC(=O)C(F)(F)F)cc1-c1ccc(CN2CCCC(C(=O)N3CCCC3)C2)cc1,6.168212890625,4.915948390960693,5.542080640792847
CCOC(=O)N1CCC2(CC1)CCN(C(=O)c1cccc(Oc3ccc(Cl)cc3)c1)CC2,6.004019737243652,4.329575538635254,5.166797637939453
Cc1ccc2oc(=O)c(-c3cccc4c(Cl)c[nH]c34)nc2c1,5.519040584564209,4.9264726638793945,5.222756624221802
CC(=O)N1CCN(Cc2ccc(CCC(=O)O)cc2)CC1,4.880850791931152,3.691061973571777,4.285956382751465
CCC1OC(OC2C(O)CC(OC3C(O)CC(OC4CCC5(C)C(CCC6C5CC(O)C5(C)C(c7coc(O)c7)CCC65O)C4)OC3C)OC2C)CC(O)C1O,5.534168243408203,6.278908729553223,5.906538486480713
N#Cc1ccc(-c2csc(NN=C3CCCCCC3)n2)cc1,5.40606164932251,6.899997234344482,6.153029441833496
Cc1c(C)n(Cc2ccccc2)c2ccc(C(=O)Nc3nc[nH]n3)cc12,6.398284912109375,4.657987117767334,5.5281360149383545
O=c1c(-c2ccc(F)cc2)coc2cc(O)ccc12,4.942257881164551,6.015377998352051,5.478817939758301
CC(=O)Nc1c2c(nn1-c1ccc(Cl)cc1)C=S(O)(O)=C2,6.8849616050720215,3.9799768924713135,5.4324692487716675
Cc1c(C)c2ccc(OCC(=O)Nc3c(F)cccc3F)cc2oc1=O,5.164740562438965,6.40777587890625,5.786258220672607
CCOC(=O)C1=C(C)N=c2sc(=Cc3ccco3)c(=O)n2C1c1ccc(OC)c(OC)c1,6.564503192901611,4.682840824127197,5.623672008514404
COc1ccc(C(O)C=CC2C(O)CC(=O)C2SCCCSCC(=O)O)cc1,4.08735990524292,4.997725963592529,4.542542934417725
N#Cc1ccc(-c2ccc(CSc3nnc(-c4ccc5c(c4)OCO5)o3)cc2)cc1,6.248748302459717,6.732844352722168,6.490796327590942
COc1cccc(-c2ccc3c(=O)cc(N4CCOCC4)oc3c2)c1,5.366445064544678,5.368330955505371,5.367388010025024
COc1cccc(-c2csc(NN=C3CCCCC3)n2)c1,5.312679290771484,6.54041862487793,5.926548957824707
O=C(O)C1C(Cc2ccc(Cl)cc2)=C2CCC1S2,5.425047397613525,6.321633338928223,5.873340368270874
C=CCn1c(=O)c2c(ncn2CCC)n(CCCOC(C)=O)c1=O,5.421921730041504,5.242866516113281,5.332394123077393
CC(=O)Oc1ccc(-c2coc3cc(OC(C)=O)ccc3c2=O)cc1,6.7879557609558105,5.003108501434326,5.895532131195068
Oc1ccc2ccc(OCc3ccc(Cl)c(Cl)c3)cc2n1,4.130873680114746,7.090221881866455,5.610547780990601
CC(C)OC(=O)c1ccc(NC(=O)NC(Cc2ccc(O)cc2)C(=O)NC2CCC[N+](C)(Cc3ccc(Cl)cc3)C2)cc1,5.184435844421387,3.045177698135376,4.114806771278381
CC(=O)C1CC(NC(=O)c2ccc3ccccc3c2)C(OC(=O)c2cccs2)C1,4.835575103759766,4.350165367126465,4.592870235443115
COc1cc(-c2nc3nc(C)cc(C)n3n2)cc(OC)c1OC,4.934594631195068,5.3579511642456055,5.146272897720337
CCOc1ccc(-c2csc(NN=Cc3ccccc3)n2)cc1,5.3059821128845215,5.35554313659668,5.330762624740601
Cc1cccc(N2CCN(CC(=O)NCc3ccccc3F)CC2)c1C,5.301793575286865,4.5587239265441895,4.930258750915527
O=C1CC(=Cn2ccnc2)c2ccc(OCc3cccc(C(F)(F)F)c3)cc2O1,5.474428653717041,6.774017333984375,6.124222993850708
Cn1c(SCC(=O)C2(O)CCC3C4CCC5=Cc6cc(OC(F)(F)F)ccc6C5(C)C4C(O)CC32C)nc2ccccc21,6.628845691680908,7.576686859130859,7.102766275405884
CCCCCCCN1CCC(=O)C(C(=O)c2ccccc2)C1,6.061097145080566,4.262556076049805,5.1618266105651855
CC1CC2C3CC(F)=C4CC(=O)C=CC4(C)C3(F)C(O)CC2(C)C1(O)C(=O)COP(=O)(O)O,5.676468372344971,7.625805854797363,6.651137113571167
C=CCn1c(=O)c2cnc(Nc3ccc(N4CCN(C)CC4)cc3)nc2n1-c1cccc(C(C)(C)O)n1,5.345673084259033,5.201249599456787,5.27346134185791
Cc1cc(NC(=O)Nc2cccnc2)no1,4.759845733642578,4.3212738037109375,4.540559768676758
Nc1ccc2c(c1)N=C(c1cccc(Cl)c1)CCN2,5.7340264320373535,5.471898078918457,5.602962255477905
CN(C)C(=O)COc1ccc2ccc(=O)oc2c1,4.452955722808838,6.173145294189453,5.3130505084991455
Cc1ccc(COc2ccc(C3=NC(CC(C)C)C(=O)O3)cc2)cc1,5.357174873352051,5.4711079597473145,5.414141416549683
CCCN(CCC)C1CCc2c(c3cccc(OC)c3oc2=O)C1,5.754176616668701,4.597116470336914,5.175646543502808
O=C(C=Cc1ccc(O)c(O)c1)OCCc1ccccc1,4.677182197570801,6.339827060699463,5.508504629135132
CC12CCC3c4ccc(O)cc4CCC3C1CCC2=O,4.8542070388793945,7.100137710571289,5.977172374725342
Cc1cc2c(CC(=O)NCc3ccc(F)cc3)coc2cc1O,5.474555969238281,5.432859897613525,5.453707933425903
CC(=O)c1c(O)c(O)n(-c2ccc(Br)cc2)c1-c1ccc([N+](=O)[O-])cc1,6.357524394989014,5.757809638977051,6.057667016983032
CN(C)c1ccc(-c2ccc(CCNCc3ccccc3)cc2)cc1,4.287799835205078,4.37054967880249,4.329174757003784
COc1cc(C(=O)NC(C)C(=O)NCCCCCCNc2c3c(nc4ccccc24)CCCC3)cc(OC)c1OC,7.126834869384766,4.465481758117676,5.796158313751221
CN1CCN(C(=O)c2cc3c(-c4ccccc4)[nH]nc3s2)CC1,5.1087751388549805,4.586633682250977,4.8477044105529785
COc1ccc(C2=NN(CCCCCCN(C)C(=O)c3ccc(C#N)cc3)C(c3ccccc3OC)C2)cc1,5.979913234710693,5.075768947601318,5.527841091156006
Brc1ccc2c(c1)-c1[nH]ncc1C2,5.452375888824463,6.772104263305664,6.1122400760650635
CCOc1ccc2c(c1)c1c3c(O)n(-c4cc(C)cc(C)c4)c(O)nc3cc1n2C,6.26425838470459,5.797366142272949,6.0308122634887695
CSc1cc2c(cc1OC)C(=O)C(Oc1ccc(Br)cc1)=C2,6.000667095184326,5.946418762207031,5.973542928695679
O=c1cc(-c2ccccc2)oc2c1ccc1ccccc12,4.434426307678223,4.704905033111572,4.5696656703948975
CC1=NOC2(c3ccccc3)NC(=O)C1=CC2=O,5.45657205581665,5.9565958976745605,5.7065839767456055
CN1CC=C2CN3CCC4COC(=O)C=CC4(C)C3C(O)CC21,4.172201156616211,7.212278842926025,5.692239999771118
CN1CCC(C(=O)Nc2n[nH]c3nc(-c4ccc(O)cc4)ccc23)CC1,5.620794296264648,4.810770511627197,5.215782403945923
O=C(O)c1ccc(NN=Cc2ccc3c(c2)OCO3)cc1,5.44248104095459,4.741993427276611,5.092237234115601
O=C(CCCN1CCOCC1)c1ccc2c(c1)OCO2,5.10883378982544,5.001636505126953,5.055235147476196
Cc1ccc(C)c(N2CCN(CCCCNC(=O)c3ccn[nH]3)CC2)c1,6.337543487548828,4.345075607299805,5.341309547424316
CCOc1ccc2c(c1)c(-c1ccc3ccccc3c1)c(C)n2CCC1CC(=O)O,,,
CC(=O)N1CCN(C(=O)Cc2cccs2)C(Cc2cccc([N+](=O)[O-])c2)C1,5.651726722717285,4.923425197601318,5.287575960159302
CN(C)c1ccc(C=C2CCC(C(=C3CCCCC3=O)CC2)c2ccccc2)cc1,5.231828212738037,5.798294544219971,5.515061378479004
COc1ccc(NC(=O)C=Cc2ccco2)cc1OC,5.439967155456543,5.109288692474365,5.274627923965454
Cc1ncsc1C1=NNC(=O)C1=Cc1cccc(Cl)c1,5.193244934082031,5.924478530883789,5.55886173248291
COc1ccc2c3c1OC1CC(O)C=CC31CCN(C)C2,4.434950828552246,5.580801963806152,5.007876396179199
CCc1cccc(CC)c1OCC(O)CN1CCN(C(=O)Nc2ccccc2)CC1,5.551629543304443,4.702693939208984,5.127161741256714
O=c1ncn2nc(Sc3ccc(F)cc3F)ccc2c1-c1c(Cl)cccc1Cl,5.29390811920166,5.936714172363281,5.615311145782471
CCCC(=O)N=C1C=C(c2ccccc2OC)OC1=O,5.114058017730713,5.881571769714356,5.497814893722534
O=C1CC(c2ccc(OC3CCCC3)cc2)=Nc2cc(Cl)cc(Cl)c21,5.94496488571167,5.67108154296875,5.80802321434021
c1ccc2c(c1)ccc[n+]2CCCCCCCCCC[n+]1cccc2ccccc21,7.171225070953369,4.505628108978272,5.83842658996582
COc1ccc(C(=O)NCC2CCCN(Cc3ccccc3)C2)cc1,5.921830654144287,2.99592399597168,4.458877325057983
CC(=Cc1ccccc1)CN1N=C(c2ccccc2)CC1c1ccccc1,5.692793846130371,4.055706977844238,4.874250411987305
Cc1cc2[nH]c(=O)n(-c3ccccc3)c(=O)c2s1,5.820879459381104,4.136510372161865,4.978694915771484
CC1=CC(C)(C)N(C(=O)CSc2cccc(Cl)c2)c2ccccc21,5.885650634765625,5.135001659393311,5.510326147079468
CN(C)CCCC1c2ccccc2CCc2ccc(Cl)cc21,4.118674278259277,4.736023426055908,4.427348852157593
CC(=O)Nc1ccc(O)c(C=CCN2CCC(Cc3ccccc3)CC2)c1,5.112381935119629,3.770367383956909,4.441374659538269
Cc1cccc(CN(C)C2=NS(=O)(=O)c3ccccc32)c1,6.084867000579834,4.191207408905029,5.138037204742432
Oc1cccc(C=NN=C2c3ccccc3-c3ccccc32)c1O,5.851365566253662,5.291992664337158,5.57167911529541
CSc1nc2cc(Cl)c(OC(C)C)cc2c(=O)n1CCN(C)C,5.926031112670898,4.999719142913818,5.462875127792358
COc1ccc(C(=O)Nc2ccccc2C(=O)NCCc2ccccc2)cc1OC,6.488168716430664,4.74827241897583,5.618220567703247
O=C(Cc1ccc(O)c([N+](=O)[O-])c1)N1CCCCC1,5.632692337036133,4.9222412109375,5.277466773986816
CC(=O)Nc1ccc(-c2ccnc3[nH]ccc23)cc1,4.583760738372803,5.395331859588623,4.989546298980713
O=C1CCC2(OCc3ccccc3)C3Cc4ccc(O)c5c4C2(CCN3CC2CC2)C1O5,6.134146690368652,6.332911014556885,6.2335288524627686
FC(F)(F)c1ccc(-c2nc(-c3ccc(F)cc3)c(-c3ccncc3)[nH]2)cc1,5.7329277992248535,5.779210567474365,5.756069183349609
COc1cccc(OC)c1OCCNCC1COc2ccccc2O1,5.566076755523682,4.017850399017334,4.791963577270508
O=S(=O)(c1ccc2ccccc2c1)N1N=CC2CC1c1ccccc1,,,
CC(NC(=O)c1cccc2c1N(Cc1ccc(Cl)cc1Cl)CC2)C1CC1,5.936646461486816,4.773348331451416,5.354997396469116
Cn1c(=O)c2c(nc(SCc3ccccc3Cl)n2C)n(C)c1=O,5.589641571044922,6.028758049011231,5.809199810028076
CC1=CC(=Cc2nc3ccc(C)cc3c(=O)n2C)C=C(C)N1,6.046506404876709,5.326926708221436,5.686716556549072
CCC(=O)c1cc(OC)c(OC)c(OC)c1OC,6.201191425323486,3.725478649139404,4.963335037231445
O=c1oc2ccccc2cc1-c1csc(-c2cccnc2)n1,5.403696537017822,5.618381023406982,5.511038780212402
CCOc1cc(C=C2SC(=S)NC2=O)ccc1O,6.59981632232666,4.86993932723999,5.734877824783325
N#Cc1ccc2nc(N)n(-c3nc(-c4ccccc4)cs3)c2c1,5.327117919921875,4.304325103759766,4.81572151184082
O=C(CCc1ccccc1)N1CCN(CCC=Cc2ccc3c(c2)OCO3)CC1,6.2206807136535645,5.219334602355957,5.720007658004761
C[n+]1c(C=CC=Cc2ccc(N(C)C)cc2)oc2ccccc2c1=O,5.567670822143555,6.261495113372803,5.914582967758179
CC(C)n1cc2c3c(cccc31)OC(=N)C2,5.980605125427246,4.407196521759033,5.19390082359314
N#CC(C#N)c1cc(O)nc(O)c1Cc1ccccc1,4.2576751708984375,3.740055322647095,3.998865246772766
COc1cc2cc(=O)oc2c(O)c1O,,,
O=C(Cc1ccc(Cl)cc1)OCC1CCCO1,4.00279712677002,4.798505783081055,4.400651454925537
COc1ccc(-c2noc(CN3CCC(n4c(O)nc5ccccc54)CC3)n2)cc1,5.185658931732178,5.545045852661133,5.365352392196655
Cc1ccc(C#N)c(SCC(=O)c2ccc(F)cc2)n1,5.833261013031006,6.991828441619873,6.4125447273254395
O=[N+]([O-])c1ccc(-c2csc(NN=Cc3ccc(O)cc3O)n2)cc1,5.980377197265625,4.170735836029053,5.075556516647339
COc1cccc(C(=O)C=CC2=C(C)C(=O)O2)c1,5.646920204162598,6.022783279418945,5.8348517417907715
O=c1cc(-c2ccccc2)oc2cc3c(cc12)OCO3,5.796504020690918,4.395579814910889,5.096041917800903
Oc1ccc2ccc3cccc(c3c2c1)N1CCNCC1,5.22211503982544,5.979619979858398,5.600867509841919
COc1ccc(CN2CCCC(C(=O)c3ccc4c(c3)OCCO4)C2)cc1,5.556521415710449,4.4076104164123535,4.982065916061401
C[N+]1(C)CCOC(=O)C1c1cccc(C(O)=NO)c1,4.313785076141357,4.315421104431152,4.314603090286255
CC(=O)N1CCN(C(=O)Cc2ccc(S(=O)(=O)CCCC#N)cc2)CC1,5.767127513885498,5.026620864868164,5.396874189376831
NC(=O)c1ccc2c(c1)CCOC2CCN1CCC2(CC1)OC(=O)c1cc2ccccc2s1,,,
CCCCN(CCCCC)C1CCN(CCCCC(=O)NC(=O)c2cccc3ccccc23)CC1,5.962390422821045,4.283519268035889,5.122954845428467
Nc1ccc(-c2nc(-c3ccc4oc5c(c4c3)NCCC5)no2)cc1,6.396578788757324,5.012128829956055,5.7043538093566895
O=C1CC2(CCCC2)CC(=O)N1CCN1CCN(c2ccc(F)cc2)CC1,5.449198722839356,5.638400077819824,5.54379940032959
CNc1cc(C=C2CCCN=C2c2cccnc2)ccc1O,5.960137844085693,5.50263786315918,5.7313878536224365
Cc1ccc(-c2cc(NC(=O)c3cccc(Br)c3)on2)cc1,5.432418823242188,5.0988359451293945,5.265627384185791
O=C1NC(=O)c2c1c1c3ccccc3[nH]c1n1cncc21,5.711670875549316,4.7809600830078125,5.2463154792785645
O=C(O)c1cccc(Oc2cccc(N=C3C(=O)C(=O)C3NC(C(=O)O)c3ccc(O)c(Cl)c3)c2)c1,6.927323818206787,4.339776992797852,5.633550405502319
Cc1cc2cc(Nc3ncc(Cl)cc3Cl)ccc2o1,5.562030792236328,6.014804363250732,5.78841757774353
CC(C)(C)c1ccc(C(=O)CCCN2CCOCC2)cc1,4.951517105102539,4.060258388519287,4.505887746810913
O=C(C=Cc1ccc(Cl)cc1)NC12CC3CC(CC(C3)C1)C2,5.285392284393311,4.490691184997559,4.888041734695435
COc1ccc(-c2cc(=O)oc3c(C)c(O)ccc23)cc1,5.395886898040772,5.621456146240234,5.508671522140503
CC1=NN(c2ccc(C(=O)O)cc2)C(=O)C1=Cc1c(C)c(C#N)c2nc3ccccc3n2c1O,6.598512649536133,4.6216583251953125,5.610085487365723
CCOC(=O)CCCCC(=O)c1[nH]c(C)c(C(=O)OCC(=O)NC(Cc2ccccc2)C(=O)OCc2ccccc2)c1C,5.679505825042725,5.336402893066406,5.507954359054565
COCC1CC(O)(c2cccc(Br)c2)C2=NC(=O)CC21,5.464828968048096,7.624920845031738,6.544874906539917
CCn1c(=O)c2c(nc(NC3CCCC3)n2Cc2cccc(Cl)c2)n(CC)c1=O,6.0145463943481445,5.085134506225586,5.549840450286865
COc1ccc(S(=O)(=O)N2CCCC2C(=O)NC(Cc2cccc3ccccc23)C(=O)O)cc1,5.67638635635376,4.225385665893555,4.950886011123657
O=C(O)c1cc2cc(NCc3ccc(Cl)cc3)ccc2o1,5.045469760894775,6.102799415588379,5.574134588241577
O=C(Cc1ccc(OC(F)(F)F)cc1)N1CCC2(CC1)NCCc1c2[nH]c2ccccc12,5.903152942657471,5.570547580718994,5.736850261688232
CN1C(=O)C2(CCN(C(=O)C3CC3)CC2)c2cc(Cl)ccc21,5.447098255157471,5.405621528625488,5.4263598918914795
N=c1c2c(OC3CCCCC3)cccc2nc2n1CCC2,5.67353105545044,4.724061012268066,5.198796033859253
Cn1c(=O)c2[nH]c(C=C3C(=O)Nc4ccccc43)cc2n(C)c1=O,6.140857219696045,5.6822590827941895,5.911558151245117
CC1=NC2=CCCCN2C(=O)C1CCN1CCC(=C2c3ccccc3COc3ccc(Cl)cc32)CC1,6.844039916992188,5.766111850738525,6.3050758838653564
CN(C)c1ccc(NC(=O)CN2CCC(n3cc(-c4ccc(OC(F)(F)F)cc4)nn3)CC2)cc1,5.260046005249023,5.66259241104126,5.461319208145142
CCOc1cc2ccccc2cc1C(=O)N(C)Cc1ccccc1,5.636212348937988,4.321613311767578,4.978912830352783
O=C(Nc1ccc([N+](=O)[O-])cc1)N1N=CC=C1c1ccccc1,5.60585355758667,4.371498107910156,4.988675832748413
COc1ccc(NC(=O)c2ccc3c(c2)OCCO3)cc1,5.328118801116943,5.449176788330078,5.388647794723511
Cc1ccc2nc(NC(=O)C3CC3C(=O)O)sc2c1,6.143576622009277,4.392551898956299,5.268064260482788
COc1cccc2c1C(=O)c1c(O)c3c(c(O)c1C2=O)CC(O)(C(=O)CO)CC3OC1CC(N)C(O)C(C)O1,6.4207305908203125,3.822530746459961,5.121630668640137
CC(C)(C)c1ccc(C(=O)OCCCCOc2cccnc2)cc1,3.991742610931397,5.392682552337647,4.692212581634522
NC(=O)c1ccc2[nH]c(-c3ccc(Oc4ccc(Cl)cc4)cc3)nc2c1,6.370543479919434,5.651157855987549,6.010850667953491
Cc1nc2sc(C(=O)NCc3ccccc3)c(N)c2c(C)c1Cl,6.160593032836914,3.586520195007324,4.873556613922119
COc1cc2c(cc1OC)C(=O)C(Oc1ccc(F)cc1)C2,6.676052093505859,5.281782627105713,5.978917360305786
CC1CCCC(CC=CC2COC(=O)C3CCCCC32)N1C,5.033215999603272,6.103396892547607,5.5683064460754395
Cc1cccc(C#CCN2CCCCC2)c1,5.455231189727783,4.6227312088012695,5.038981199264526
O=C(O)c1cc(C2=CCC(=NNc3cccc(Br)c3)CC2)sc1Cl,5.917581558227539,5.896080017089844,5.906830787658691
Cc1ccc(NC(=O)Nc2ccc(NC(=O)c3csc4ncnc(N)c34)cc2)cc1,5.911715984344482,4.579883098602295,5.245799541473389
Cc1nc(O)c2c(N=Nc3cc(S(=O)(=O)O)cc(C(F)(F)F)c3)sc(C)c2n1,5.705135345458984,5.373537540435791,5.539336442947388
O=c1c(OCCCSc2ccc(Cl)cc2)cccn1-c1ccccc1,4.742275714874268,5.587501525878906,5.164888620376587
CC=C1C2CC(O)CC1=CCC1C2CCC2(C)C1CCC2(C)O,4.822282791137695,7.37190055847168,6.0970916748046875
COc1ccc(C=CC(=O)OCC(=O)Nc2c(F)cccc2F)cc1OC,4.851680755615234,5.264370918273926,5.05802583694458
O=C(CCc1c[nH]c2ccccc12)c1cc(F)ccc1O,5.782951354980469,5.950223445892334,5.866587400436401
O=C1CC(=NCC2CC3C=CC2C3)c2ccccc21,5.492367267608643,5.987464427947998,5.73991584777832
O=C(O)CN(CCF)CC1CCN(Cc2ccc(Oc3ccccc3)cc2)CC1,6.533208847045898,3.305790662765503,4.919499754905701
FC(F)(F)c1ccc(-c2nnc(C3CCN(Cc4ccc(Br)cc4)CC3)o2)cc1,5.977795600891113,6.738748550415039,6.358272075653076
COc1ccc(C2CC(c3ccc(OC)cc3)=NN2C(C)=O)cc1,6.332963943481445,5.291146278381348,5.8120551109313965
Oc1ccc(-c2nc(-c3ccccc3)cs2)cc1,4.922785758972168,4.2744460105896,4.598615884780884
COc1cc(C=C(C#N)C#N)cc(Br)c1O,4.896157264709473,5.402572154998779,5.149364709854126
O=C(CCCCc1ccccc1)NC1CCCc2ccccc21,4.427799701690674,4.331486701965332,4.379643201828003
O=C1CNC(=O)c2cc(Oc3ccc(Nc4nc(C(F)(F)F)ccc4F)cc3)ccc21,7.108285427093506,5.873237133026123,6.4907612800598145
C#CCN(C)C(Cc1ccccc1)C(=O)c1ccccc1,4.525252342224121,4.8583598136901855,4.691806077957153
Nc1cc(C2CC2)nn1C(=O)c1ccccc1,5.5827250480651855,3.82335376739502,4.7030394077301025
COc1ccccc1C=C1CCc2ccccc2C1=O,4.977022647857666,5.966495990753174,5.47175931930542
S=C(Nc1ccccc1Cl)N1CCCC1,5.624932765960693,4.683880805969238,5.154406785964966
Cn1c(=O)c2c(nc(NC3CCCC3)n2Cc2ccccc2)n(C)c1=O,5.0457611083984375,4.452766418457031,4.749263763427734
CC1CCC(C)N1CCC(O)(c1ccccc1)c1ccccc1,5.106022834777832,4.231576442718506,4.668799638748169
CCN(CC)c1ccc(C=C2CCCCC2=O)cc1,4.681057929992676,5.137016296386719,4.909037113189697
N#Cc1ccccc1OCC(=O)NN=Cc1ccc([N+](=O)[O-])o1,6.028185844421387,4.902725696563721,5.465455770492554
CC(C)C1=Nc2cc(S(=O)(=O)NCCCCC(=O)O)ccc2Sc2ccccc21,5.966500759124756,4.801087856292725,5.38379430770874
CC(C)(C)NCC(O)COc1ccc(O)cc1,3.375819206237793,3.719793319702149,3.5478062629699707
COc1cc2c(cc1Cl)C(CC(C)C)CNC2,4.732533931732178,3.4428300857543945,4.087682008743286
O=C(NN=Cc1ccc(OC(=O)c2ccc(O)cc2O)cc1)c1ccncc1,5.757507801055908,4.99358606338501,5.375546932220459
O=C(OC1C[N+]2(CCO)CCC1CC2)C(O)(c1ccccc1)c1cccs1,4.977752685546875,4.918545722961426,4.94814920425415
CC(C)(C)C(=O)OC1=COC2CC(=O)OC(OCc3ccccc3)CO21,,,
O=C1c2ccccc2S(=O)(=O)N1Cc1ccccc1,5.334601879119873,3.669198751449585,4.501900315284729
COC(=O)c1ccc2c(c1)NC(C)C2C(=O)O,3.868052482604981,3.9259846210479736,3.897018551826477
O=C1NC(=O)C(=Cc2ccc3c(c2)OC(F)(F)O3)S1,6.796452045440674,4.5288615226745605,5.662656784057617
C#CCN(C)C1CCc2c(O)cccc21,3.37791109085083,6.7995429039001465,5.088726997375488
CN(C)c1ccc(C(=O)NCC2(O)CCCCC2)cc1,4.917170524597168,4.8418498039245605,4.879510164260864
c1cc(-c2cn(-c3ccc4c(c3)OCCO4)c3c2CCC3)ccn1,5.420123100280762,5.508091926574707,5.464107513427734
COC(=O)COc1c(C)cc(C)cc1C(C)=O,5.010233879089356,5.419703006744385,5.21496844291687
CN(C)CCOCCOCCN(CC(=O)N1c2ccccc2Sc2ccc(Cl)cc21)CCCCCCCN1CCCC1,5.962417125701904,4.758011341094971,5.3602142333984375
O=C(O)CCCNC(=O)Cc1ccc(Cl)c(Cl)c1,4.267630577087402,4.5091962814331055,4.388413429260254
CC(=O)Oc1ccc2nc(NC(=O)Cc3ccc(OCCCl)cc3)sc2c1,6.043575286865234,5.848173141479492,5.945874214172363
O=C1C=CC(=CNNC2=c3ccccc3=NC2=O)C=C1,3.5436558723449707,5.890535831451416,4.717095851898193
N#CC(C#N)=C1C=C2C=C(N3CCCCC3)CCC2CC1,7.2716779708862305,5.14500093460083,6.20833945274353
CC(=N)N(C)C1CCC2(C)C3CCC4C(C)C(O)CCC4(C)C3C(=O)C12C,4.852439880371094,8.012619972229004,6.432529926300049
O=C1COc2ccc(OCc3ccc(Cl)cc3)cc2N1,4.050878047943115,7.012096881866455,5.531487464904785
Cc1cc2cc(-c3csc4c(-c5cccc(S(C)(=O)=O)c5)cnc(N)c34)ccc2[nH]1,6.436549663543701,5.443696022033691,5.940122842788696
Cc1ccc(N=CC2CCC(C)(C)CC2=O)cc1,4.833052635192871,5.281244277954102,5.057148456573486
COc1ccc(C(=O)C=Cc2ccc3c(c2)OCO3)cc1,5.050547122955322,5.727513790130615,5.389030456542969
N#CC1=C2SCN(C3CCCCC3)CN2C(=O)CC1c1ccc(Cl)cc1,6.080385684967041,6.6148200035095215,6.347602844238281
O=C(Nc1ccc2oc(-c3ccccc3F)nc2c1)c1ccc(Cl)cc1,5.388779163360596,5.497722148895264,5.44325065612793
CC(=O)N1CCN(C(=O)C(Cc2cccc([N+](=O)[O-])c2)n2c(=O)[nH]nc2C)CC1,5.537914752960205,4.395716667175293,4.966815710067749
COc1cccc(OC)c1OCCNCCOc1ccccc1OCc1ccccc1,5.239374160766602,4.909527778625488,5.074450969696045
CC(C)=CCCC1(C)C=Cc2ccccc2O1,4.516960620880127,4.264901161193848,4.390930891036987
N#Cc1ccc(N=CC2C(=O)CC(O)C2NC2CCCC2)cc1,4.832307815551758,6.420461177825928,5.626384496688843
O=C(Nc1cc2cc(O)ccc2cc1O)c1ccc(O)cc1O,5.057624340057373,5.576186180114746,5.31690526008606
Cc1cc(C)cc(NC(=O)Nc2ccc(NC(=O)c3csc4ncnc(N)c34)cc2)c1,5.806753158569336,4.297099113464356,5.051926136016846
Cc1ccccc1CC(=O)N1CC2CCC1CN2CCCCC(=O)Nc1ccc2c(c1)OC(F)(F)O2,6.777593612670898,5.648089408874512,6.212841510772705
CN1C(=O)C(=Cc2ccc(I)cc2)C(=O)NC1=S,5.310819625854492,6.294256210327148,5.80253791809082
O=C(CC1CCCCC1)NC1c2ccccc2CC1O,4.196564197540283,4.880259037017822,4.538411617279053
CC1=CC(=NOS(=O)(=O)c2ccccc2)c2ccccc2C1=O,5.650654315948486,4.067728042602539,4.859191179275513
CN1N=C2CCCCC2C1C(=O)CCl,5.935235977172852,6.891790390014648,6.41351318359375
O=C1NC(=O)N(CC2CCCCC2)C(=O)C1=Cc1cccs1,5.010070323944092,5.896401405334473,5.453235864639282
Cc1ccc2[nH]c(-c3ccc(N4CCC(C)CC4)cc3)nc2c1,6.278092384338379,5.500217914581299,5.889155149459839
O=C(NC1CCCC1)c1cc(-c2ccccc2)on1,5.492545127868652,5.597489833831787,5.54501748085022
N#CC1C(=N)n2c(sc(=Cc3ccco3)c2=O)=C(C(N)=O)C1c1ccco1,6.809875965118408,4.6765875816345215,5.743231773376465
N#Cc1ccc(-c2ccc(CN3CCC(CNS(=O)(=O)c4ccccc4)CC3)cc2)cc1,5.095955848693848,3.852046489715576,4.474001169204712
Cc1nc(-c2ccc(Br)cc2)c(C#N)s1,4.907895565032959,6.950046539306641,5.9289710521698
O=C(CCC1CCN(Cc2ccccc2)CC1)c1ccc2c(c1)OCCO2,7.106499671936035,4.293614387512207,5.700057029724121
CN1C(=O)COc2ccc(S(=O)(=O)N3CCc4ccccc4C3)cc21,5.430264949798584,5.55296802520752,5.491616487503052
Cc1ccc(S(=O)(=O)Nc2cc(Br)cc(Br)c2Br)cc1,4.464108467102051,4.451386451721191,4.457747459411621
COc1ccc(-c2ccc(CSCC3=NCCN3)o2)cc1,5.686923027038574,5.003564834594727,5.34524393081665
O=C1NC(=O)C(=Cc2ccc3nccnc3c2)S1,4.78331184387207,4.975467205047607,4.879389524459839
CCCCc1cc(C(=O)NCCc2ccccn2)no1,6.671840667724609,6.039943695068359,6.355892181396484
COc1cc(C=C2SC(=S)NC2=O)ccc1O,6.169413089752197,4.328384876251221,5.248898983001709
Oc1[nH]cc2ccc(OCCCCN3CCN(c4cccc5c4OCCO5)CC3)cc12,6.339133262634277,5.474403381347656,5.906768321990967
O=c1ccoc2cc(OCc3ccc(F)c(F)c3)ccc12,4.01305103302002,7.169405937194824,5.591228485107422
O=C(CCc1ccccc1)N1CCc2cc(OCc3ccccc3)ccc21,5.171905994415283,5.816448211669922,5.4941771030426025
CN(C)c1ccc(NC(=O)c2cc3ccc(O)cc3oc2=O)cc1,6.116977691650391,5.838881015777588,5.977929353713989
O=C(Oc1ccc2c(c1)OCC2=O)c1ccc(OCCCC2CCN(CCO3)CC2)cc1,,,
CCCOC(=O)c1cc(-c2cccc(OC)c2)nn1-c1ccc(C(=O)OCC)cc1,5.019407749176025,5.326625347137451,5.173016548156738
CCCCCCCCCn1cc2cc(OC)c(OC)cc2c1O,5.641772270202637,5.706313610076904,5.6740429401397705
Cc1cccc(Nc2ncc(-c3ccccc3)o2)c1,4.69843339920044,5.0005412101745605,4.8494873046875
O=C(Cc1ccc(S(=O)(=O)N2CCCCC2)cc1)Nc1ccc(F)cc1,5.561595439910889,4.851946830749512,5.2067711353302
Cc1ccc2[nH]c(C(=O)O)cc2c1,5.033692359924316,6.820073127746582,5.926882743835449
O=C(C=Cc1ccccc1)NCCCCCCCO,3.8934407234191895,5.875776767730713,4.884608745574951
COc1ccc2c(C)cc(=O)oc2c1,4.805645942687988,5.949158668518066,5.377402305603027
O=C(COC(=O)c1ccc([N+](=O)[O-])cc1Cl)Nc1ccc2c(c1)OCO2,4.986227035522461,4.619762420654297,4.802994728088379
CC(C)(C)C(=O)Oc1ccccc1C=C[N+](=O)[O-],5.315317153930664,4.693798542022705,5.004557847976685
Cc1cc2c(C)c(C(=O)Nc3ccccn3)oc2c(C)c1O,6.702246189117432,4.437979221343994,5.570112705230713
NC(=O)c1ccc(-c2cc([N+](=O)[O-])ccc2O)o1,6.706578254699707,5.13560152053833,5.9210898876190186
CN(C)C(=O)c1ccc(-c2cc(C3CC3)nc(N)c2C#N)cc1,6.101238250732422,4.601101875305176,5.351170063018799
CN(C)c1ccc(C=CC2=C(O)c3ccccc3C2=O)cc1,5.3661723136901855,7.025815963745117,6.195994138717651
c1ccc(CNc2ccc3nnc(-c4ccccc4)n3n2)cc1,4.584360599517822,3.460498332977295,4.022429466247559
CC(=O)N1CCCC1C(=O)NCCc1ccc(C)cc1,4.777603149414063,3.916456699371338,4.3470299243927
COc1cc(C)c2c(=O)oc3cc(OC)ccc3c2c1,5.319757461547852,5.962421417236328,5.64108943939209
O=C(CCCCCCCCCCC(=O)Oc1ccccc1Br)OC(=O)CCCCCCO,5.438412666320801,6.696445465087891,6.067429065704346
COc1c(C(C)=O)cc(CN2CCCC(C(=O)c3ccccc3)C2)cc1C(C)=O,7.060763359069824,3.803971290588379,5.432367324829102
O=C1C=CC=C(C(=O)C=Cc2ccccc2Cl)C1=O,3.620850086212158,6.974478721618652,5.297664403915405
NC(=O)c1cc2c(Oc3ccc(Br)cc3)cncc2s1,6.616586685180664,5.069092273712158,5.842839479446411
O=C(c1ccoc1)N1CCC2(CC1)CCN(Cc1ccccc1)CC2,6.002679347991943,3.731748580932617,4.86721396446228
CN(C)c1ccc(C=CC=C2CCCC3(C)C2CCC3C(C)C)cc1,4.998578071594238,5.517355442047119,5.257966756820679
C#CCN(C)Cc1cc2cc(OCCC3CCN(Cc4ccccc4)CC3)ccc2n1C,6.383630275726318,5.55838680267334,5.971008539199829
O=C(c1ccco1)N(Cc1ccccc1)Cc1ccco1,5.489645957946777,3.006276607513428,4.2479612827301025
CC(C)N(Cc1cccs1)C(=O)CNC(=O)C1CCCO1,4.808788776397705,5.524778842926025,5.166783809661865
O=C(C=Cc1ccc(Cl)cc1)Nc1ccc(O)cc1,4.518754959106445,5.920060634613037,5.219407796859741
CC1=CC(C)(C)Nc2cc(-c3ccc(F)c(F)c3)ccc21,5.020474910736084,6.626855373382568,5.823665142059326
COc1ccc2c(c1)c(C1CCN(Cc3cc(C)ccc3C)CC1)cn2C,5.901266098022461,5.309538841247559,5.60540246963501
COc1cc(C=CC=Cc2ccc3ccc(=O)oc3c2)cc(OC)c1O,5.377087116241455,6.2648606300354,5.820973873138428
O=C1c2ccccc2C(=O)N1CCCOc1ccccc1,6.0020928382873535,6.119839668273926,6.06096625328064
CCCCCCCCNC(=O)CCCCCCCCCC(=O)OCC(CO)OC(=O)C(CC)CC,5.185811996459961,6.4545416831970215,5.820176839828491
CC(C)(C)c1ccc(Oc2ccc3c(c2)CCN(CC2COCCO2)CC3)cc1,4.930881500244141,4.165097236633301,4.547989368438721
Oc1[nH]c2ccc(Br)cc2c1Cc1cc2c([nH]1)=CCCC=2,7.27515172958374,7.194495677947998,7.234823703765869
Cc1ccccc1NC(=O)c1ccc(S(=O)(=O)N2CCCC2)cc1,6.206303596496582,4.623356819152832,5.414830207824707
CCc1cccc2c1-c1ccc3c(c1C(=Cc1ccccc1)O2)O3,5.2148308753967285,5.494717121124268,5.354773998260498
C=C1C(=O)OC2C1C(=O)OC21C=Cc1ccccc1,,,
CCCOc1c2ccc(C)cc2c(=O)c2c(C)nn(C)c21,,,
O=C1c2ccccc2-c2n[nH]c3cccc1c23,4.932783126831055,5.525638580322266,5.22921085357666
CN(C)CCOc1ccc(C2=C(c3cc(C(F)(F)F)cc(C(F)(F)F)c3)CCC2)cc1,4.909186840057373,6.593974113464356,5.751580476760864
CCCNCc1ccc2c(c1)OCO2,4.0308332443237305,4.339599609375,4.185216426849365
O=C1C(Cl)=C(n2c(O)ccc2O)C(=O)c2ccccc21,5.970837593078613,5.758108615875244,5.864473104476929
CCN(CC)CCCCCN1c2ccccc2Oc2ccc(Cl)cc21,6.3337883949279785,4.615582942962647,5.4746856689453125
CC1(C)Oc2ccc(S(=O)(=O)N3CCCCC3)cc2NC1=O,6.05410099029541,5.537124633789063,5.795612812042236
COc1ccc2c3c1OC1C4OC(=O)CCC4(O)C(C2)N(C)CCC314,,,
O=C1COc2ccccc2N1CCCOc1ccc2c(c1)OCO2,6.210971832275391,6.082219123840332,6.146595478057861
Clc1ccc(C2=Nn3c(nnc3-c3[nH]nc4c3CCC4)SC2)cc1,6.161765575408936,5.82128381729126,5.991524696350098
Cc1nc(S(=O)(=O)N2CCOCC2)c(C#N)c(C)c1C,5.975775718688965,6.063314437866211,6.019545078277588
O=C(C=Cc1ccc(Cl)c([N+](=O)[O-])c1)NCCC1CCN(Cc2ccccc2)CC1,5.188247680664063,4.467959880828857,4.82810378074646
Cc1c2ccc(N(C)c3ccnc(Nc4cccc(S(N)(=O)=O)c4)n3)cc2nn1C,5.362277984619141,5.253562927246094,5.307920455932617
CC(C)CCCC1CN(c2ccc(F)c(-c3nc4ccccc4n3C)c2)CCO1,5.245762825012207,5.332561492919922,5.2891621589660645
Cn1c2ccccc2c2c3c(O)[nH]cc3c3c4ccccc4n(CCC#N)c3c21,5.478621959686279,4.758981227874756,5.118801593780518
CCOc1ccc(-c2cnc3c(-c4ccsc4)cnn3c2)cc1,5.262099266052246,6.022485256195068,5.642292261123657
CN(C)CCNC(=O)COc1ccccc1,4.817001819610596,4.886414527893066,4.851708173751831
CN(C)C1=NCCN1CCOc1cccc(C2=NCCN2)c1,6.673407554626465,3.738315343856812,5.205861449241638
CC(=O)OCOc1ccc2c(=O)c(-c3ccccc3F)coc2c1,5.0358405113220215,5.689337253570557,5.362588882446289
O=C1CCc2cc(OCCCCN3CCCN(c4cccc(Cl)c4Cl)CC3)ccc2N1,5.3584160804748535,5.249248027801514,5.303832054138184
CN(C)c1ccc(C=Cc2noc(C3CCCC3)n2)cc1,5.504286766052246,6.901834487915039,6.203060626983643
Cc1ccc(C(=O)Nc2ccc3c(c2)C(=O)c2ccccc2C3=O)cc1,5.327420711517334,6.446966648101807,5.88719367980957
CC(C)(C)c1ccc(CSCCOc2ccc(C(N)=O)cc2)cc1,4.759155750274658,5.025639533996582,4.89239764213562
NC(=O)C1CCCN(CCc2c[nH]c3ccc(-n4cnnc4)cc23)C1,5.4622015953063965,5.31134557723999,5.386773586273193
CC#CCOc1ccc(S(=O)(=O)N2CCCCC2C(=O)NCC#N)cc1,5.581034183502197,5.251748085021973,5.416391134262085
NCCCCCCCNc1c2c(nc3ccccc13)CCCC2,6.3862152099609375,4.1625752449035645,5.274395227432251
COc1cc2c(cc1OC)C(=O)C(Oc1ccc(C#N)cc1)C2,6.351208686828613,4.986063957214356,5.668636322021484
COc1cc2c(cc1OC)-c1n[nH]c(Nc3cccc(F)c3)c1C2,5.711820125579834,5.167866230010986,5.43984317779541
CC(=NNC(=O)CCCc1ccc(Cl)cc1)c1ccccn1,5.158718109130859,5.0880231857299805,5.12337064743042
O=C1NC(=O)C2=C1c1cn(c3ccccc13)CCCc1cc(nc(N3CCCC3)c1)CCCn1cc2c2ccccc21,5.085671424865723,5.752140998840332,5.418906211853027
O=Nc1c(-c2c(O)[nH]c3ccccc23)[nH]c2ccccc12,5.714269638061523,4.770097255706787,5.242183446884155
C#CCN(C)C(C)Cc1ccc(OCCCCCCCNc2c3c(nc4ccccc24)CCCC3)cc1,5.892542362213135,5.867721080780029,5.880131721496582
CCCCC(=O)Nc1ccc2[nH]nc(C(N)=O)c2c1,5.882966995239258,5.732747077941895,5.807857036590576
CC(C)(C)c1n[nH]c2c1C(c1ccc(F)cc1F)C(C#N)C(=N)O2,5.471692562103272,6.191776275634766,5.8317344188690186
CC1=NC2=CC(C)(C)CC(=O)C2C(=O)c2ccccc21,5.552868843078613,6.380229949951172,5.966549396514893
O=C(NCC1(c2ccccc2)CCCC1)c1cc2ccccc2oc1=O,5.914964199066162,5.031018257141113,5.472991228103638
CC=S(O)(O)=Nc1cccc(C(=C2CCCCC2)c2c[nH]cn2)c1,6.694424152374268,5.759057998657227,6.226741075515747
Cc1ccc(C(=O)ON=C(N)c2ccc(C)cc2)cc1,5.333250999450684,5.039801120758057,5.18652606010437
Nc1ccc2c(c1)C(=O)C(=O)c1ccc(N)cc1S2(=O)=O,6.132839202880859,5.291711807250977,5.712275505065918
CN1C(=O)C(=Cc2cccn2-c2ccccc2)C(=O)N(C)C1=O,5.501916885375977,5.571717262268066,5.5368170738220215
O=C(C=Cc1ccc(O)c(O)c1)OC1COC2C(O)COC12O,5.33288049697876,4.8581976890563965,5.095539093017578
CC(C)OC(=O)COc1ccc(C=CC(=O)c2ccccc2)cc1[N+](=O)[O-],5.066524028778076,5.150776386260986,5.108650207519531
CC(NC1C(=O)C(=O)C1=Nc1ccncc1)C1CCCCC1,5.607646942138672,6.574368953704834,6.091007947921753
C=CCN1CCC2=C(CCC(=O)OCC)CC(OC)C2C1,5.7261643409729,4.892786979675293,5.309475660324097
Oc1c2c(c(O)n1-c1ccccc1)C1C=CC2C2C12,,,
Cc1cc(C)c(S(=O)(=O)Nc2ccc3[nH]cc(C)c3c2)c(C)c1,6.149710178375244,5.244678974151611,5.697194576263428
CCOC(=O)c1c(C)[nH]c(C=C2C(=O)Nc3ccccc32)c1C,5.899581909179688,5.564034461975098,5.731808185577393
COc1ccc2c(c1)c(C1=CCN(CC3CC3)CC1)c(C)n2-c1ccc(OC)cc1,5.999074459075928,5.18158769607544,5.590331077575684
Fc1ccc(-c2noc(N3CCC(Cc4ccccc4)CC3)n2)cc1,6.323040008544922,6.158337116241455,6.2406885623931885
CC(C)Nc1nc(N)nc2c1ncn2C1OC(CO)C(O)C1O,4.362895011901856,4.154026031494141,4.258460521697998
CCc1nc(NC2CCCCC2)c2oc3ncc(O)cc3c2n1,5.890789985656738,5.341765880584717,5.6162779331207275
COc1ccc2oc3cc(C#Cc4ccccc4)ccc3c(=O)c2c1,4.403667449951172,6.108698844909668,5.25618314743042
CC1=CC2Cc3nc4cc(Cl)ccc4c(NCCc4ccccn4)c3C(C1)C2,7.478135585784912,5.12113094329834,6.299633264541626
COc1cccc(NC(=O)NC2CCCCC2)c1,4.1922607421875,4.875898361206055,4.534079551696777
COc1cccc(Nc2cncc(NC(=O)c3ccc(Cl)cn3)n2)c1,5.255952835083008,4.724163055419922,4.990057945251465
COc1cccc2c1S(=O)(=O)c1cccc(C(=O)NCC3CCCO3)c12,6.859490394592285,5.194377899169922,6.0269341468811035
Cc1cccc(NC(=O)CSC2=NN(c3ccccc3)C(=O)C2)c1,6.336528301239014,4.479565620422363,5.4080469608306885
COc1cc2c(cc1OC)C(=O)C(=Cc1cccc(C(=O)NCCCCCCCCCCCCN3CCN(c4ccccc4OC)CC3)c1)C2,7.3001604080200195,5.047506809234619,6.173833608627319
Fc1ccc(-c2csc(NN=Cc3c[nH]c4ccccc34)n2)c(F)c1,5.857099533081055,5.790234565734863,5.823667049407959
O=C(c1cccs1)c1sc2ccccc2c1Cl,5.007450103759766,3.558793306350708,4.283121705055237
CNC(=O)C=Cc1cnc(N)c2c(-c3cc(F)c4[nH]c(C)cc4c3)csc12,6.576230049133301,5.088475227355957,5.832352638244629
CC(=O)N1N=C(c2ccc(O)cc2O)CC1c1cccc(C(F)(F)F)c1,6.630704402923584,5.69844388961792,6.164574146270752
CN1CCN(c2ccc(Nc3nc(N)n(-c4ccccn4)n3)cc2)CC1,4.595998287200928,4.72773027420044,4.661864280700684
CCCCCCc1cc2c(nc1O)CCC(C)C2,5.770330905914307,5.160412788391113,5.46537184715271
COc1cc2c(cc1OC)C1C(=O)c3ccc4ccccc4c3OC2C1=O,5.958407878875732,6.551178932189941,6.254793405532837
CCNC(=O)Cc1csc2cc(OC)ccc12,4.9341349601745605,4.704044818878174,4.819089889526367
O=C1CCCc2cc(OCCc3ccccc3)ccc21,4.800070285797119,6.3129496574401855,5.556509971618652
Clc1ccc2c(c1)N=C1CCCCC1CN=C21,,,
CC1=NN(c2ccccc2)C(=O)C1=Cc1ccccc1Cl,5.358114242553711,4.804272651672363,5.081193447113037
C=C1C(=O)OC2CC(C)C3=CCC(=O)C3(C)C(O)C12,4.434268474578857,8.581446647644043,6.50785756111145
O=C(CCc1c[nH]c2ccccc12)NCCCCCCNc1c2c(nc3cc(Cl)ccc13)CCCC2,8.89520263671875,4.749786853790283,6.822494745254517
CN(C)C=CC(=O)c1ccc2c(c1)C1(C)CCN(C)C1N2C,5.845946311950684,5.282336235046387,5.564141273498535
O=C1C(=Cc2ccc(O)c(O)c2)COc2ccccc21,5.55882453918457,6.697779178619385,6.1283018589019775
COc1cc(CNC(=O)Cc2ccc(Cl)c(Cl)c2)ccc1OC(C)=O,5.187020301818848,4.388868808746338,4.787944555282593
c1ccc(Cn2nnnc2C(c2ccc3c(c2)OCO3)N2CCOCC2)cc1,5.395697116851807,4.770073890686035,5.082885503768921
N#Cc1ccc(-c2csc(NN=Cc3ccccc3)n2)cc1,4.859247207641602,5.273667335510254,5.066457271575928
COC(=O)Nc1nc2ccc(OCCCCCNc3c4c(nc5cc(Cl)ccc35)CCCC4)cc2s1,7.702873229980469,5.16220760345459,6.432540416717529
Cc1c(-c2ccccc2)nc(Nc2ccccc2)nc1C,5.4423112869262695,4.753918170928955,5.098114728927612
CNC(=O)c1cc(Oc2ccc(NC(=O)Nc3cccc(C(F)(F)F)c3)cc2)ccn1,7.119419097900391,5.269865989685059,6.194642543792725
COc1cc2c(cc1OC)C1=NOC(CN3CCN(CC=Cc4ccccc4)CC3)C1CO2,6.6299896240234375,4.817477226257324,5.723733425140381
CN1CCC2(C)c3cc(OC(=O)N4CCc5ccccc5C4)ccc3N(C)C12,5.960317134857178,5.8672380447387695,5.913777589797974
Cc1ccc(-c2cc3c(C)nc(N)nc3n(C3CCC(OCO)CC3)c2=O)cn1,5.263744354248047,5.348610877990723,5.306177616119385
O=c1cc(-c2ccccc2)oc2cc(O)cc(O)c12,4.240597248077393,3.973161220550537,4.106879234313965
CCc1ccc(S(=O)(=O)Nc2ccc3c(c2)CCN(C2CCCCC2)CC3)cc1,5.228543281555176,4.750309944152832,4.989426612854004
CC(Oc1cc(-n2cnc3ccc(OC4CCN(C)CC4)cc32)sc1C(N)=O)c1ccccc1Cl,6.261663913726807,5.173032760620117,5.717348337173462
Cn1c(=O)c2c(nc(SCCCc3ccc(Cl)cc3)n2C)n(C)c1=O,5.886870861053467,6.951981544494629,6.419426202774048
C[N+]1(C)CCCC1c1ccc(C(O)(c2ccccc2)c2ccccc2)o1,3.743736982345581,4.042097568511963,3.892917275428772
O=C(CCc1c[nH]c2ccccc12)N1c2ccccc2Sc2ccccc21,5.01671028137207,4.722955226898193,4.869832754135132
CCNC(=O)N1CCC(N(Cc2cccs2)S(=O)(=O)c2ccc(C)cc2)C1,6.042799472808838,4.13986873626709,5.091334104537964
CC(C)(C)c1ccc(S(=O)(=O)NCCOc2ccc3c(=O)c4cccnc4oc3c2)cc1,5.452315807342529,5.690595626831055,5.571455717086792
Cn1c(=O)c2c(nc(OCc3cccc(Cl)c3)n2C)n(C)c1=O,5.6955885887146,6.896780014038086,6.296184301376343
O=C(Cc1ccc(Cl)cc1)Nc1n[nH]c2c1CCC2,5.622575283050537,4.454917907714844,5.03874659538269
COc1cc(C=C(C#N)c2nc3ccccc3[nH]2)c(Br)cc1O,5.252188205718994,5.195446491241455,5.223817348480225
CC(=O)OC1COC(=O)C1(C)C,3.671247720718384,5.83994197845459,4.755594849586487
O=C(Cc1cccc(Br)c1)NCc1ccc2c(c1)OCO2,5.007026672363281,4.800445079803467,4.903735876083374
COc1ccc2c(c1)C(=O)C(=O)N2CCc1ccc(OC(C)C)cc1,5.6175031661987305,4.990035057067871,5.303769111633301
O=C1c2ccccc2C(=O)N1CCCOc1ccc([N+](=O)[O-])cc1,5.869811058044434,6.390408515930176,6.130109786987305
CC(C)Oc1ccc(C2CC(=O)N3CN(CC(=O)NCCc4ccccn4)CSC3=C2C#N)cc1,5.991917133331299,4.7469024658203125,5.369409799575806
CC1=NOC2(C1)C1(C)CCC(C)(CO1)Oc1ccccc12,6.009700775146484,6.586939334869385,6.298320055007935
O=C(C=Cc1ccccc1Cl)NCCCN1CCCC1=O,4.905087471008301,5.40595817565918,5.15552282333374
CNC(=O)Oc1cccc(CN(C)CCCOc2ccccc2)c1,8.346670150756836,5.005223751068115,6.675946950912476
COc1ccc(C(=O)N2CCN(CCc3ccccc3)CC2)cc1,4.8805999755859375,4.095231056213379,4.487915515899658
CNC(=O)CN1CCC(C)(c2cccc(OC)c2)C(CO)C1,5.163545608520508,4.34528398513794,4.754414796829224
O=C(CCN1CCC(n2c(O)nc3cc(F)c(F)cc32)CC1)c1ccccc1,6.30278205871582,5.552718639373779,5.9277503490448
CC(=O)c1cccc(NC(=O)Nc2ccccc2C)c1,5.964907169342041,4.901643753051758,5.433275461196899
O=c1oc2ccccc2cc1-c1cc2cc(Br)ccc2oc1=O,5.55256986618042,6.69357967376709,6.123074769973755
C[N+](C)(C)CCCCCCCN1C(=O)C2CCCCN2C(=O)C1=NC(CO)C(O)C1,,,
CC=C1N=C(C)C(C(=O)OC)C(c2ccccc2O)N1,6.949625492095947,4.670602798461914,5.810114145278931
C#CCN(C)C(C)Cc1ccc(OCCCCCc2ccccc2)cc1,4.47188138961792,6.457649230957031,5.464765310287476
Cc1cc(C(=O)NC(Cc2ccccc2)C(=O)O)no1,6.174410343170166,3.967094421386719,5.070752382278442
O=C(NCc1ccccc1)Oc1ccc2c(c1)OCO2,6.691052913665772,4.838091850280762,5.764572381973267
C=CCC1C=C(C)CC(OC)C2OC(OC)C(O)C(O)C2O1,4.139768600463867,5.3795976638793945,4.759683132171631
Cc1ccc2c(CC(=O)O)oc(=O)c2c1,,,
CCCCCCCCCCCCC(=O)OC(CO)C1CCC2C3C(O)CC4CC(O)CCC4(C)C3CCC12C,5.133316993713379,6.278070449829102,5.70569372177124
COc1ccc(C=C2CCCN=C2c2cccnc2)cc1,4.939403057098389,5.407248973846436,5.173326015472412
c1ccc(COc2ccc(Nc3ncnc4ccccc34)cc2)cc1,4.511588096618652,5.496107578277588,5.00384783744812
O=C(NCc1ccc(Cl)c(Cl)c1)Nc1ccc2n[nH]cc2c1,5.071237564086914,5.374405384063721,5.222821474075317
O=C1NC(=O)C(=Cc2ccc(OCCCC3CCN(Cc4ccccc4)CC3)cc2)S1,6.370020389556885,5.444330215454102,5.907175302505493
COc1cc2c(cc1OC)C(=Cc1cccc(C(=O)O)c1)C(=O)O2,6.341461181640625,5.540876388549805,5.941168785095215
CC(C)OC(=O)c1ccc(N)cc1,4.962263584136963,3.796048641204834,4.379156112670898
C=CCN1CCC2(C)c3cc(O)ccc3CC1C2C,5.828747749328613,5.853732585906982,5.841240167617798
COc1cccc(-c2c[nH]c3c(NN=Cc4ccncc4)ncnc23)c1,4.567440032958984,4.38769006729126,4.477565050125122
COc1cc2c(cc1OC)C1=NOC(CN3CCN(Cc4ccccc4)CC3)C1CO2,6.812561988830566,4.588757038116455,5.700659513473511
CC1=CCC2C1(C)CCCC2(C)C1CCC2(C)O,,,
O=C1CC(CN2CCOCC2)Cc2nc(-c3c(F)cccc3Cl)[nH]c21,6.4394402503967285,4.767390251159668,5.603415250778198
N#Cc1ccc2[nH]c(O)c(-c3ccc(CN4CCOCC4)cn3)c2c1,5.536653518676758,4.896003246307373,5.216328382492065
Cn1c(=O)c2c(nc(SCCO)n2C)n(C)c1=O,5.761807441711426,5.03399133682251,5.397899389266968
CC1CCCN(CC(O)COc2ccccc2C(=O)CCc2ccccc2)C1,5.785325527191162,4.09428071975708,4.939803123474121
O=S(=O)(Nc1ccc2c(c1)C(=NO)c1ccccc1-2)c1cccc(Br)c1,5.313670635223389,5.178926944732666,5.246298789978027
COC(=O)CC(O)CNC(C)C,0.7476325035095215,4.711569309234619,2.7296009063720703
O=C(C=Cc1ccccc1)Nc1ccc2c(c1)N(C(=O)CC1CCCO1)CC2,5.641983509063721,5.91772985458374,5.7798566818237305
COc1cc(-c2ccccc2)sc1C(=O)Nc1cc(-c2ccncc2)ccc1C#N,5.688360214233398,5.774026870727539,5.731193542480469
Cc1cc(C)cc(NC(=O)Nc2ccc(-c3c(C)sc4ncnc(N)c34)cc2)c1,5.663506984710693,4.62326717376709,5.143387079238892
CC(C)=CCSC1=NC(=O)C(=Cc2cccn2C)S1,6.628417015075684,6.151114463806152,6.389765739440918
COC1CC=C=C(C)C(=O)NC2=CC(=O)C=C(C2=O)C(OC)C(C)CC(OC)C(OC)C(C)C=C(C)C1OC(N)=O,4.326123237609863,5.357935428619385,4.842029333114624
O=C1NC(=O)C(c2cccc(Cl)c2)C1=Nc1ccc(Cl)c(Cl)c1,4.956910610198975,6.225588798522949,5.591249704360962
COc1cc(Cc2ccccc2)c(OC)cc1CCCNCCOc1ccccc1,5.271302223205566,3.5563879013061523,4.413845062255859
CC(=O)Oc1cc2c(cc1CNCCn1ccnc1)OCCO2,5.3513288497924805,4.286754608154297,4.819041728973389
N#Cc1ccc(NC(=O)Nc2ccc(Cl)cc2)cc1,4.946334362030029,5.517240524291992,5.231787443161011
CCN(CC)C(=O)C=Cc1cn(CCC(=O)N(C)C)c2ccccc12,5.125304222106934,5.2447357177734375,5.1850199699401855
Oc1cccc(-c2nc(NCc3ccco3)c3oc4ncccc4c3n2)c1,5.62852668762207,4.272546768188477,4.950536727905273
c1ccc2c(c1)CCCN2CCCOc1cccc2cccnc12,4.700883388519287,5.238339424133301,4.969611406326294
COc1ccc(CC(=O)Nc2nc3ccc([N+](=O)[O-])cc3s2)cc1,5.601831436157227,4.841698169708252,5.221764802932739
O=C1Nc2cc(OCCCCN3CCOCC3)ccc2C1=O,5.780746936798096,5.965224266052246,5.872985601425171
CNc1nc(Cl)nc(Nc2ccc(Cl)c(C(=O)N3CCCC3)c2)n1,6.274794101715088,5.551859378814697,5.913326740264893
Cc1c(O)cccc1NC(=O)c1cnn2c(-c3ccccc3)ccnc12,5.923929691314697,4.459248065948486,5.191588878631592
CCN1CCC(Oc2ccc3c(c2)CCC3=O)CC1,5.824996471405029,4.810757160186768,5.317876815795898
CCNC(=O)Cc1ccccc1Sc1ccc2c(C=Cc3ccccn3)n[nH]c2c1,5.3090128898620605,4.769003391265869,5.039008140563965
CCOC(=O)Cc1csc(NC(=O)Cc2ccc(OC)c(OC)c2)n1,5.793375492095947,4.784780502319336,5.289077997207642
CCOc1ccccc1CON=C(C)Cc1cc2cc(OCC)ccc2nc1O,5.386797428131104,5.246726989746094,5.316762208938599
CCN1CCN(Cc2cccc(C(=O)Nc3ccc(C)c(NC(=O)Nc4cccc(C(F)(F)F)c4)c3)c2)CC1,6.028764247894287,4.82335090637207,5.426057577133179
COC(=O)CCN1C(=O)C(=O)c2cc(Br)ccc21,5.097288608551025,5.890637397766113,5.493963003158569
CC(C)(C)c1ccc(C(=O)NC2=NCCS2)cc1,5.582661151885986,4.555850028991699,5.069255590438843
CNC(=O)Oc1ccc2c(c1)OCO2,7.88394832611084,4.430698871612549,6.157323598861694
O=C(NN=Cc1cc(Br)c(O)c(Br)c1)Nc1ccccc1,4.850608825683594,4.49437952041626,4.672494173049927
N#Cc1cccc(-c2cnc3ccc(C4(O)CC5(CNC5=O)CC4)cn23)c1,5.733827114105225,6.178640842437744,5.956233978271484
Cc1cc2c3nc(-c4cccs4)c(-c4ccc(Br)cc4)c(C)n3nc2cc1O,5.5374836921691895,5.096339225769043,5.316911458969116
CCn1nnnc1SCC1=C(C(=O)O)N2C(=O)C(NC(=O)C(C)(C)N)C2SC1,5.593212127685547,4.791795253753662,5.1925036907196045
Cc1cc(C(=O)NCCc2ccccc2)c(C)n1-c1cccc(F)c1,6.393165111541748,5.076715469360352,5.73494029045105
COc1ccc(C2=NC(C)(C)CC(C)C2)cc1,4.99403190612793,4.8499755859375,4.922003746032715
CC1=CC2Cc3nc4cc(Cl)ccc4c(NCCCCCCCCCNC(=O)c4cc(O)c5c(c4)C(=O)c4cccc(O)c4C5=O)c3C(C1)C2,8.481307029724121,5.611645698547363,7.046476364135742
CC1(C)CCC(C)(C)c2cc(N3C=CCCC3=O)ccc21,5.473891735076904,5.696027755737305,5.5849597454071045
Cn1nccc1C(=O)NC1CCCc2c1cnn2-c1ccc(F)cc1,5.486633777618408,5.506015777587891,5.496324777603149
COc1ccc(C=C2C(=O)ON=C2c2ccccc2)cc1Br,5.631182670593262,5.817852020263672,5.724517345428467
CNCc1ccc2c(c1)OCO2,4.320549011230469,3.86427640914917,4.092412710189819
CC[N+](C)(CC)CCOc1cc(Cl)ccc1C1CCCCC1,4.929821014404297,4.491093158721924,4.71045708656311
COc1ccc(CN2CCCC(Nc3nc4cc(N5CCC(N6CCCCC6)CC5)ccc4o3)C2)cc1,4.846621513366699,4.961404800415039,4.904013156890869
CC(=O)N1CCN(CCOc2cc(OCc3cccc(Cl)c3)c3cccnc3c2O)CC1,5.552900314331055,5.325386047363281,5.439143180847168
COc1ccc(C2=NN(CCCCCCCCNCC(O)c3ccc(O)c(CO)c3)C(=O)C3CCCCC23)cc1,5.856549739837647,5.271517276763916,5.564033508300781
COc1ccc2[nH]cc(CCNc3cc(-c4ccc([N+](=O)[O-])cc4)ncn3)c2c1,5.243252277374268,5.639184951782227,5.441218614578247
Cc1cc2c(cc1C)N(C(=O)Nc1ccc(N3CCCCC3)cc1)CC2,5.762174606323242,5.0338640213012695,5.398019313812256
COc1cccc(C=C2SC(=O)N(CCCC(=O)Nc3ccccc3OC)C2=O)c1,6.312398433685303,5.261505603790283,5.786952018737793
O=C(c1ccc(F)cc1)C(CCC1CCN(Cc2ccccc2)CC1)N1CCCC1,5.958305358886719,3.896620750427246,4.927463054656982
O=C1Cc2ccc(Oc3ccccc3)cc2C(=O)N1,6.407179355621338,5.615030288696289,6.0111048221588135
COc1cc(C=C2SC(=Nc3ccccc3)NC2=O)ccc1O,6.308530807495117,4.568489074707031,5.438509941101074
O=C(O)C=Cc1cc(Br)c(Br)c(Br)c1Br,2.622922897338867,3.106647491455078,2.8647851943969727
CCCCCCOc1ccc2[nH]cc(CCN)c2c1,3.81899642944336,6.114802837371826,4.966899633407593
c1ccc(C2=NN(c3ccccc3)CC2)cc1,5.4932637214660645,4.483046054840088,4.988154888153076
Cc1cc(C)cc(NC(=O)NCCOc2ccc3c(c2)CCC3)c1,5.661129951477051,4.802486896514893,5.231808423995972
Cc1cccc(C)c1-c1cc(C)c2c(c1)N(CC(=O)NC1CCCC1)CCO2,5.873222827911377,4.74456262588501,5.308892726898193
Cc1ccc(S(=O)(=O)NCc2cccnc2)cc1C,4.938013076782227,4.040881633758545,4.489447355270386
CC1(C)CC(=O)C2Sc3ccc(OC4CCCC4)cc3N=C2C1,5.082672595977783,6.315252304077148,5.698962450027466
CSc1oc(-c2ccc(F)cc2)nc1C#N,6.108730792999268,7.08873176574707,6.598731279373169
O=C(O)c1cccc(-c2cc(-c3ccc(O)cc3)cc(Br)c2O)c1,4.795170307159424,6.468585014343262,5.631877660751343
COc1cc(C=C(C#N)c2[nH]nc(N)c2C#N)ccc1O,5.631271839141846,4.639164447784424,5.135218143463135
CC(=O)Nc1cccc(C2CCN(CCCCCCCCN3C(=O)c4ccccc4C3=O)CC2)c1,7.055885314941406,5.109450340270996,6.082667827606201
COc1cc2c(cc1OC)C(Cc1ccccc1)N(CC(C)N)CC2,4.789294242858887,4.105064392089844,4.447179317474365
N#CCCn1nc(-c2ccc(OCc3cccc(Cl)c3)cc2)oc1=S,5.903298854827881,6.97586727142334,6.43958306312561
CC(=O)Nc1ccc2c(c1)c(C1CCN(CCCCCCCCN(C)C(=O)c3ccc(F)cc3)CC1)cn2C,6.4567179679870605,4.670533657073975,5.563625812530518
N#CC1=C(c2ccccc2)CC(NC(=O)C2CCCCC2)CC1=N,5.081025123596191,5.235623359680176,5.158324241638184
CC1CCCN1CCc1cc2cc(C(=O)c3ccccc3)ccc2o1,5.972176551818848,4.16346549987793,5.067821025848389
CN1CCN(C2=Nc3cc(Cl)ccc3Oc3ccccc32)CC1,5.389611721038818,4.86815071105957,5.128881216049194
CC(C)(C)OC(=O)N1CCC(N(Cc2ccc(-c3cccc(C#N)c3)cc2)C(=O)C1,,,
Cc1cccc(NC(=O)c2ccc(CN3CCN(C)CC3)cc2)c1,5.244024276733398,3.628452301025391,4.4362382888793945
O=C1C(=Cc2ccccc2)SC(=S)N1c1ccccc1,5.049329280853272,4.282557487487793,4.665943384170532
COc1ccc(C2=NN(CCCCCOc3ccc(C4=NN(C)C(=O)CC4)cc3)C(C)=C2)cc1OC,6.575638294219971,6.192420482635498,6.384029388427734
CC1CCC(CCOc2nc(COc3ccccc3)cc(=O)o2)OC1,5.522174835205078,7.05460262298584,6.288388729095459
CC(C)(C)c1ccc(C(=O)CCCN2CCC(OC(c3ccccc3)c3ccccc3)CC2)cc1,5.526637554168701,3.3880114555358887,4.457324504852295
CN(C)CC(O)COc1ccc(C2=NN=C(NC3CC3)SC2)cc1,5.100210189819336,5.0841240882873535,5.092167139053345
COc1ccc(-c2cc3c(-n4cccc4)ncnc3o2)cc1OC,4.558614253997803,5.276374340057373,4.917494297027588
CNC(=O)C=Cc1cnc(N)c2c(-c3cc(F)c4[nH]c(C)cc4c3)csc12,6.576230049133301,5.08842658996582,5.8323283195495605
Cc1nc2ccc(Cl)cc2c(=O)n1CCC1=CCCCC1,6.25279426574707,6.018753528594971,6.1357738971710205
CC(C)(C)NCC(O)COc1nsnc1N1CCOCC1,2.4879848957061768,5.611405372619629,4.049695134162903
CN1CCN(Cc2ccc3c(c2)Cc2c(-c4csc(C#CCOCC5CC5)c4)n[nH]c2-3)CC1,6.536654472351074,5.27674674987793,5.906700611114502
COc1cc2c(cc1OC)C(=O)C(Cc1ccc(O)cc1)C2,6.643159866333008,4.293593406677246,5.468376636505127
CCOc1cc(C=C2C(=O)c3ccccc3C2=O)cc(I)c1OCC,6.623950958251953,5.75550651550293,6.189728736877441
N#Cc1ccc2[nH]c(O)c(-c3ccc(CN4CCOCC4)cn3)c2c1,5.536653518676758,4.896003246307373,5.216328382492065
Cn1cc(C2=C(c3cn(CC4CCN(Cc5ccccc5)CC4)c4ccccc34)C(=O)NC2=O)c2ccccc21,5.6883625984191895,4.64249324798584,5.165427923202515
CC(C)=CC1=C(C)C(=O)c2cc(O)ccc2C1(C)C,5.617735862731934,5.336294651031494,5.477015256881714
Cc1cc(Cl)cnc1NC(=O)c1cccc(Br)c1,5.268360137939453,5.046358108520508,5.1573591232299805
CCN(CC)CC(=O)OCC1(CO)CC(=Cc2cccc(C(F)(F)F)c2)C(=O)O1,4.59052848815918,6.119287490844727,5.354907989501953
O=C(CCl)Nc1ccc2c(c1)C(=O)c1ccccc1C2=O,4.906166076660156,6.462038993835449,5.684102535247803
COc1ccc2c(c1)sc(=NC1CCCCC1)n2C,6.042245864868164,5.737075805664063,5.889660835266113
O=C1c2ccc(O)cc2OC(c2ccc(O)c(O)c2)C1O,5.585737705230713,4.5116353034973145,5.048686504364014
CC1CCC(NC(=O)CCC(=O)NCc2cccs2)CC1,4.394177913665772,4.78926944732666,4.591723680496216
CCCN1CCCC(c2ccc(OC)cc2)C1,4.583796501159668,3.505608558654785,4.044702529907227
Cc1ccccc1-c1nc2ccccc2c(=O)o1,5.362934589385986,5.443440437316895,5.40318751335144
Cc1c(C)c2ccc(OCc3ccc(F)c(F)c3)cc2oc1=O,4.381965637207031,8.521514892578125,6.451740264892578
C[N+]1(C)CCCC1c1ccc(C(O)(c2ccccc2)c2ccccc2)o1,3.743736982345581,4.042097568511963,3.892917275428772
O=C(C1CCCCC1)N1CCC2OC(CO)C(O)C2C1,4.786877632141113,5.448390483856201,5.117634057998657
Cc1ccc(-c2ccc3c(c2)C=C(CC(=O)Nc2ccccc2)O3)cc1[N+](=O)[O-],5.853890895843506,5.130762577056885,5.492326736450195
C#CCN(c1ccc(C(=O)NC(CCC(=O)O)C(=O)O)cc1)C1CCc2cc(OCCc3ccccc3)ccc21,4.255177021026611,5.252691268920898,4.753934144973755
COc1ccccc1N1CCN(Cc2ccc3c(c2)OCCO3)CC1,5.229905128479004,4.22983980178833,4.729872465133667
O=C(OC1C[N+]2(Cc3cc(-c4ccccc4)on3)CCC1CC2)C1(C2=CC=C2)CCCC1,5.492883205413818,5.143567562103272,5.318225383758545
FC(F)(F)c1ccc(Nc2nc3c(-c4ncn[nH]4)cccc3c3sccc23)c(Cl)c1,5.744040012359619,4.944248199462891,5.344144105911255
Cc1cc2[nH]c(=O)n(CCCc3ccncc3)c(=O)c2cc1C,6.077247619628906,6.580750465393066,6.328999042510986
CC1CCCC(C)N1CCCOc1ccc2ccc(=O)oc2c1,5.836910247802734,6.376617431640625,6.10676383972168
O=c1cc(-c2cccs2)oc2cc(OCc3cccc(C(F)(F)F)c3)ccc12,5.518736839294434,6.228295803070068,5.873516321182251
OCC1OC(c2ccc(Cl)c(Cl)c2)C(O)C1O,3.936615228652954,5.0410685539245605,4.488841891288757
N#CCCCCCCCNc1c2c(nc3ccccc13)CCCC2,7.135213375091553,4.418220043182373,5.776716709136963
O=c1oc2ccc(OCCCCN3CCC(c4noc5cc(F)ccc45)CC3)cc2cc1-c1ccccc1,6.204023838043213,6.195586204528809,6.199805021286011
COc1ccc(C(=O)C=Cc2ccc3c(c2)OCO3)cc1OC,5.797667980194092,5.025771141052246,5.411719560623169
CSc1ccccc1CNc1nc([N+](=O)[O-])cs1,6.001412391662598,5.208615779876709,5.605014085769653
C#CCN(C)C(C)Cc1ccc(OCCCCCCNc2c3c(nc4ccccc24)CCCC3)cc1,5.86480712890625,5.8596296310424805,5.862218379974365
COc1ccc2c(c[n+](C)c3c4cc5c(cc4ccc23)OCO5)c1OC,6.3178791999816895,5.721118927001953,6.019499063491821
CN1CCN(CCCOc2ccc(-c3nc4cc(C(=O)NCc5ccc(Cl)c(Cl)c5)ccc4o3)cc2)CC1,5.975237846374512,5.320705413818359,5.6479716300964355
O=C1c2ccccc2-[n+]2ccc3c([nH]c4ccc(F)cc43)c21,5.359300136566162,6.014622688293457,5.68696141242981
O=C(C=Cc1ccoc1)Nc1cccc(Cl)c1,4.023499011993408,6.407159328460693,5.215329170227051
CC(C)Oc1cccc(-c2ccc(NC(=O)c3ccco3)cc2)c1,5.814457893371582,5.406020641326904,5.610239267349243
CN(C)CCC=C1c2ccccc2Sc2ccc(Cl)cc21,4.476421356201172,4.901605606079102,4.689013481140137
CN(C)CCOc1ccc(-c2cc3cc(F)ccc3oc2=O)cc1,4.574246406555176,6.773880958557129,5.674063682556152
CCC1(O)C(=O)OCc2c1cc1n(c2=O)Cc2cc3ccccc3nc2-1,5.4085612297058105,4.980828285217285,5.194694757461548
O=C1CCc2ccc(OCCCCNc3c4c(nc5cc(Cl)ccc35)CCC4)cc2N1,7.601007461547852,5.301549911499023,6.4512786865234375
c1ccc(C2CC(c3c4ccccc4cc4ccccc34)=NN2)cc1,6.486117839813232,7.681662559509277,7.083890199661255
COc1ccc(C(=O)N2CCN(c3nc(C)cs3)CC2)cc1,5.148041248321533,5.057901382446289,5.102971315383911
O=C1CCc2ccc(OCCCCN3CCN(c4cccc5ccccc45)CC3)cc2N1,5.675886631011963,5.6569905281066895,5.666438579559326
CCCC(=O)Nc1ccc(-c2nc3cc(Cl)c(C)cc3o2)cc1,5.45219087600708,5.780785083770752,5.616487979888916
N#Cc1ccc(C2=Nc3cc(C(F)(F)F)ccc3NC(=O)C2)cc1,5.578737735748291,6.051396369934082,5.8150670528411865
COc1ccc(-c2csc(Nc3ccc(O)cc3)n2)cc1,5.323985576629639,4.828122615814209,5.076054096221924
O=C(O)c1ccc(CN2C(=O)C(=Cc3ccco3)SC2=S)o1,6.887597560882568,4.448340892791748,5.667969226837158
COc1ccc(CC2c3cc(O)c(O)cc3CCC2NC(=O)c2cccs2)cc1OC,5.106925964355469,4.221404552459717,4.664165258407593
C=CCON=C(C)c1ccc(C(C)=NOC)cc1,4.328364372253418,6.136126518249512,5.232245445251465
O=c1ccoc2ccc(OCCCCN3CCC(c4noc5cc(F)ccc45)CC3)cc12,6.418344974517822,6.084147930145264,6.251246452331543
O=[N+]([O-])c1ccc(-c2nc(-c3ccc(F)cc3)c(-c3ccncc3)[nH]2)cc1,5.698388576507568,5.5756707191467285,5.637029647827148
OCCC#CCOc1cc(-c2ccc(Cl)cc2)ccc1OCCCCCN1CCCC1,4.852787017822266,5.539411544799805,5.196099281311035
CN(C)CCCn1cnc2c(c(=O)n(C)c(=O)n2C)n1,,,
CC1(C(=O)NC2CCCCC2)CCCC2(C)c3cc(O)ccc3CCC12,4.644007205963135,5.436164379119873,5.040085792541504
CCC(=O)N1CCCc2cc(S(=O)(=O)N(C)CCCC#N)ccc21,6.259634017944336,5.109956741333008,5.684795379638672
CC1=CC(C)(C)Nc2ccc3c(c21)COc1c(F)cc(F)cc1-3,5.648677825927734,6.601731777191162,6.125204801559448
Cc1ccc([N+](=O)[O-])cc1NC(=O)COc1cccc2cccnc12,5.488845348358154,4.981409072875977,5.235127210617065
COc1ccc(C(=O)CN(C)C)cc1OCc1ccc(Cl)c(Cl)c1,4.712587356567383,5.673139572143555,5.192863464355469
Cc1ccc(NCc2ccc(-c3ccc(C#N)cc3)o2)cc1,4.587109088897705,5.898447036743164,5.242778062820435
COc1ccc(C=CC=Cc2cc[n+](C)cc2)cc1OC,4.483465194702148,4.760720252990723,4.6220927238464355
CC(C)(N)C(=O)NC(COCc1ccccc1)c1nnnn1CC=Cc1ccccc1,5.102603435516357,4.714077949523926,4.908340692520142
O=C(CCC1CCN(Cc2ccccc2)CC1)c1ccc2c(c1)OCCO2,7.106499671936035,4.2936201095581055,5.70005989074707
O=C(C=Cc1cccc(Cl)c1)Nc1ccc(CCNc2ncnc3ccsc23)cc1,5.42057991027832,5.434366703033447,5.427473306655884
O=C(C=Cc1ccccc1Cl)NC1CCCCC1,3.31233286857605,4.915612697601318,4.113972783088684
O=C(O)c1cccc(OCC2CCN(Cc3ccccc3)CC2)c1,6.050202369689941,4.290980339050293,5.170591354370117
O=c1[nH]c2ccccc2c(=O)n1CCCCN1CCC(n2c(O)nc3ccccc32)CC1,6.616530895233154,5.101951599121094,5.859241247177124
O=c1cc(-c2ccccc2)oc2cc(OCc3ccccc3)ccc12,4.625393390655518,5.553295135498047,5.089344263076782
Oc1oc2ccc(CNc3ccc4nnc(C(F)(F)F)n4n3)cc2c1CC1CC1,6.889104843139648,5.7085041999816895,6.298804521560669
O=C(CCc1c[nH]c2ccccc12)NCCCCCCCNc1c2c(nc3cc(Cl)ccc13)CCCC2,8.849936485290527,4.756557464599609,6.803246974945068
COc1cc2c(cc1OC)C1=NOC(CN3CCN(Cc4ccc5c(c4)OCO5)CC3)C1CO2,6.806899070739746,4.680825233459473,5.743862152099609
O=C1c2ccccc2-c2nc3nnnn3nc21,4.122465133666992,3.952200412750244,4.037332773208618
COc1cc(OC)c2c(c1)OC(c1ccc(C(=O)O)cc1)CC2=O,6.304187297821045,5.053555488586426,5.678871393203735
Cc1ccc(-c2csc3c(=O)cc(N4CCOCC4)oc23)cn1,5.666081428527832,5.084439277648926,5.375260353088379
O=C1CC(=NS(=O)(=O)c2cccc(Cl)c2)CC=C1c1ccccc1,5.474788188934326,4.631412029266357,5.053100109100342
COc1cccc(S(=O)(=O)Nc2cccc(C(C)=O)c2)c1,5.616182327270508,4.396145820617676,5.006164073944092
Cc1ccc(-c2ccc(C(=O)NC3CCCCC3C)o2)cc1,4.876495838165283,4.656125545501709,4.766310691833496
Cc1ccc2c(c1)C(=O)c1ccccc1C2=O,4.4001569747924805,6.590634346008301,5.495395660400391
O=C(NCc1ccc(Cl)cc1)c1cc(-c2ccco2)on1,5.849236488342285,4.702973365783691,5.276104927062988
CC1CCCCOCCN1Cc1ccc(O)cc1,5.085832118988037,3.9517297744750977,4.518780946731567
COc1ccc(CCNCc2ccccc2)cc1,4.06837797164917,3.071493625640869,3.5699357986450195
Cc1ccc(C2=NN(C3CCC4(CC3)OCCO4)C(=O)C2)cc1,6.339315891265869,5.970239162445068,6.154777526855469
CC(C)CNCc1cc2cc(O)ccc2n1C,5.128810405731201,3.360471725463867,4.244641065597534
Cc1cc(C)cc(NC(=O)Nc2ccc(NC(=O)c3csnn3)cc2)c1,5.419140815734863,4.248652458190918,4.833896636962891
CCC(Oc1cc(Cl)cc(Cl)c1)C(=O)Nc1cc(C)on1,5.302171230316162,5.252908706665039,5.277539968490601
COc1cc(OC)c2c(c1)OC(c1ccccc1)CC2=O,6.872325420379639,5.218863487243652,6.0455944538116455
O=C1NC(=O)C(=Cc2ccc3c(c2)OC(F)(F)O3)S1,6.796452045440674,4.5288615226745605,5.662656784057617
O=C1C=CC(=C2C=CC(c3n[nH]c4ccccc34)C=C2)C=C1,4.335514068603516,7.306862354278564,5.82118821144104
O=C(Nc1ccccc1)ON=Cc1cccnc1,5.923648357391357,4.549631595611572,5.236639976501465
CCCC#CC(=O)Nc1cc2c(Nc3ccc(F)c(Cl)c3)ncnc2cn1,5.1222734451293945,5.588913440704346,5.35559344291687
CC(C)CC(NC(=O)COc1ccc2ccccc2c1)C(=O)NC1CC(=O)OC1O,3.906237602233887,4.179312705993652,4.0427751541137695
CN(C)c1ccc(-c2nnc(SCc3ccc(Cl)cc3Cl)o2)cc1,6.105021953582764,7.103303909301758,6.604162931442261
O=C(Cl)c1ccccc1-c1ccc2c(c1)OCCCO2,4.888148307800293,5.581321716308594,5.234735012054443
COc1cc2ccc(=O)oc2c(OCCCCCCCCC(=O)Nc2cccc(OC)c2)c1O,5.852053642272949,5.912448883056641,5.882251262664795
COc1ccc(NC(=O)Nc2ccc(-c3csc4c(-c5cnn(CC(O)CO)c5)cnc(N)c34)cc2)cc1,6.06195878982544,4.59347677230835,5.3277177810668945
N#CC(=Cc1ccc(O)c(O)c1)C(=O)NCc1ccccc1,5.139800071716309,5.498981952667236,5.3193910121917725
CCc1cc(=O)oc2c(CN3CCC4(CC3)OCCO4)cc(O)cc12,5.971785545349121,3.890300273895264,4.931042909622192
CN(C)c1nc2nc3ccccc3c(C(=O)NCc3ccccc3)c2o1,6.242498397827148,4.26988697052002,5.256192684173584
CN1CCCC1CC=Cc1cccc(C(=O)Nc2ccc(N(C)C)cc2)c1,4.948538780212402,4.739054203033447,4.843796491622925
COc1cc2nc3ccccc3c(C)c2cc1OC,4.964112281799316,5.0765557289123535,5.020334005355835
NC1=NC(=O)C(c2ccc(Cl)c(F)c2)=N1,4.703950881958008,5.543358325958252,5.12365460395813
CCN(CC)CCOc1cc(C=CCC2=[N+](CC)CCO2)c2ccccc2c1,5.755999565124512,4.930055141448975,5.343027353286743
COc1ccc(NC(=O)Nc2cccc(C(F)(F)F)c2)cc1,5.484579086303711,5.035813331604004,5.260196208953857
CCCCSC(=O)c1ccc(OC)c(Nc2nc(-c3ccccc3)cs2)c1,5.6683549880981445,5.834784984588623,5.751569986343384
O=C1CN(CCC2(c3ccccc3)CCCC2)C(=O)CO1,4.89931583404541,5.513986587524414,5.206651210784912
O=C1CCC2(CCCC3(CCCCC3)CNC2=O)O1,5.242626667022705,5.037190914154053,5.139908790588379
CSc1ccc2nc3c(c(Cl)c2c1)CCNC3=O,6.034922122955322,4.910258769989014,5.472590446472168
c1cnc2[nH]cc(-c3ccnc(NC4CCCCC4)n3)c2c1,4.639819145202637,6.190849781036377,5.415334463119507
COc1cccc(N(CC(=O)N2CCCC2)C(=O)CCCc2c[nH]c3ccccc23)c1,6.342086791992188,4.682425498962402,5.512256145477295
Cc1cccc(C2CC(c3c4ccccc4cc4ccccc34)=NN2)c1,6.703186511993408,7.963233947753906,7.333210229873657
O=c1c(-c2cccs2)nc2cnc(Oc3cccc(Cl)c3)nc2n1Cc1ccco1,5.745396614074707,4.953305244445801,5.349350929260254
COc1cccc(C(=O)Nc2[nH]nc3ccc(-c4cn(Cc5ccccc5)nn4)cc23)c1,5.966434478759766,4.025299072265625,4.995866775512695
O=C1NN(c2ccc3ncsc3c2)C(=O)C1=CNc1ccc(S(=O)(=O)Nc2ccc(F)cc2)cc1,5.727764129638672,4.943428039550781,5.335596084594727
C=CCCCn1c(CCNC(=O)c2ccco2)nc2ccccc21,6.959684371948242,5.109525203704834,6.034604787826538
O=C(C=Cc1ccc(Cl)c([N+](=O)[O-])c1)N1CCOCC1,4.982652187347412,5.549040794372559,5.265846490859985
OC(COc1ccc2c(c1)C13CCCCC1C(C2)N(CC1CCC1)CC3,,,
COc1ccccc1CN1CCC(C(=O)N2CCc3ccccc32)CC1,5.698400020599365,3.968830585479736,4.833615303039551
CCc1ccccc1NC(=O)n1ncc2c(C)cccc21,5.808417320251465,4.780965328216553,5.294691324234009
Cn1cc(C=CC(=O)NCC2CCCO2)c2ccccc21,4.68727445602417,5.402758598327637,5.045016527175903
C#CCN(C)C(C)Cc1ccccc1,4.207381248474121,6.7008585929870605,5.454119920730591
O=C1CCCc2cc(OCc3cccc(Cl)c3)ccc21,4.159873962402344,7.465420722961426,5.812647342681885
C=CCCC1CC(C(=O)Nc2nccs2)ON1c1ccccc1OC,6.416674137115479,5.113049030303955,5.764861583709717
CN(C)CCOc1ccc2c(c1)C(C)(C)CC2=O,5.415829181671143,5.704858303070068,5.5603437423706055
CC(=O)Nc1ccc(NC(=O)c2cccc(N(C)C)c2)cc1,4.550602436065674,5.071173667907715,4.810888051986694
CN1C(=O)C(=Cc2ccc([N+](=O)[O-])cc2)C(=O)NC1=S,5.076142311096191,5.3663835525512695,5.2212629318237305
Nc1nc(=O)c2c(ncc3ccccc32)[nH]1,4.814663410186768,4.111596584320068,4.463129997253418
COc1cccc(OC)c1C1CC(=O)N2CN(CC(N)=O)CSC2=C1C#N,6.206047534942627,4.40704345703125,5.3065454959869385
CC(C)Oc1cccc(-c2coc3cc(O)ccc3c2=O)c1,5.249069213867188,4.824904441833496,5.036986827850342
CC1CC(Sc2nc3ccccc3c(=O)n2C)C(=O)O1,6.835805892944336,4.774051189422607,5.804928541183472
Cc1ccc(C(NC(=O)OC(C)(C)C)C(=O)NC2CCCCC2)cc1Cl,4.31251335144043,2.86262845993042,3.587570905685425
CCNC(=O)Oc1ccc2c(c1)C1(C)CCOC1N2C,6.248714923858643,5.304211616516113,5.776463270187378
CCCCCCCCCCCc1cc(C)c(O)c(C#N)c1,4.846872329711914,6.108576774597168,5.477724552154541
O=C(O)c1cccc(NC(=O)c2ccccc2N[N+](=O)[O-])c1,6.662178039550781,4.569610118865967,5.615894079208374
COc1cccc(-c2cc(=O)c3ccccc3o2)c1N,5.89103364944458,3.322573661804199,4.60680365562439
COc1cccc2c1OC(=O)C2=NNc1ccc(S(=O)(=O)N2CCCCC2)cc1,6.002400875091553,5.103696346282959,5.553048610687256
CC(=O)ON=C1C(C2C(=O)Nc3cc(Br)ccc32)=Nc2ccccc21,6.197669506072998,4.408497333526611,5.303083419799805
CCCCCCCCCOc1ccc2[nH]c3c(c2c1)CCNC3=O,6.270163059234619,6.5289387702941895,6.399550914764404
CC(=O)NCCCCCC(=O)Nc1ccc(Cl)c(C)c1,4.995051860809326,4.838024616241455,4.916538238525391
CCCCCCCCCCCCCCCC[n+]1ccc(-c2ccc(Cl)cc2)cc1,4.907833099365234,5.315605163574219,5.111719131469727
Cc1ccc(N)cc1NC(=O)c1cc2ccccc2oc1=O,6.703464031219482,5.315025806427002,6.009244918823242
CCN(CC)CCOC(=O)c1ccccc1,4.189286231994629,4.93098783493042,4.560137033462524
CN1N=C(N)c2cn(C3OC(CO)C(O)C3O)c3ncnc1c23,6.084883689880371,3.4663290977478027,4.775606393814087
O=C(Cn1c(=O)[nH]c2ccsc2c1=O)NCCCCCCCCNc1c2c(nc3ccccc13)CCCC2,8.299120903015137,4.923495292663574,6.6113080978393555
CCCCCCOc1ccc2c(=O)c(Oc3ccccc3)coc2c1C,5.642520904541016,5.609728813171387,5.626124858856201
Cc1ccc(-c2nc(-c3ccc(Cl)cc3)c(-c3ccccn3)[nH]2)cc1,5.220019340515137,4.8152031898498535,5.017611265182495
COc1ccc(C(=O)C=Cc2cccc(Br)c2)cc1,4.11473274230957,5.696636199951172,4.905684471130371
CC(=NNc1nc(-c2ccccc2)c(C)s1)c1ccncc1,5.388413906097412,5.730693340301514,5.559553623199463
C#CCN(C)C(C)Cc1ccc(OCCCCCCCCNc2c3c(nc4ccccc24)CCCC3)cc1,5.907415390014648,5.880094528198242,5.893754959106445
O=C1CCCc2cc(OCc3cccc(C(F)(F)F)c3)ccc21,4.872254371643066,7.482735633850098,6.177495002746582
Cc1c(C)c2ccc(OCc3ccccc3)cc2oc1=O,5.34415864944458,8.104912757873535,6.724535703659058
CC1CCCN1CCc1cc2cc(-c3cccc([N+](=O)[O-])c3)ccc2o1,5.723304271697998,5.926055431365967,5.824679851531982
O=c1c(-c2ccc([N+](=O)[O-])cc2)coc2cc(O)ccc12,5.6584577560424805,5.889727115631104,5.774092435836792
COc1ccc(C(C)=NNc2nc3ccccc3[nH]2)cc1,4.849878311157227,4.404284954071045,4.627081632614136
O=C1CC(c2ccc(F)cc2)c2cc3c(cc2N1)CCCC3,4.897600173950195,7.5413103103637695,6.219455242156982
O=C(NCCCCCCCCCCCNc1c2c(nc3cc(Cl)ccc13)CCCC2)c1cc(=O)c2c(O)cccc2o1,9.2012939453125,5.0031938552856445,7.102243900299072
N#CC(C#N)=C1C=C2C=C(Nc3ccc(Oc4ccccc4)cc3)C(C#N)CC2CC1,6.160126686096191,5.689194679260254,5.924660682678223
CN(C)CC=CC1=C(C(=O)O)N2C(=O)C(N=C(O)Cc3ccccc3)C2SC1,6.159438133239746,4.232222080230713,5.1958301067352295
CC(C)NCC1CCOc2ccccc2O1,4.189586639404297,4.695325374603272,4.442456007003784
CC1=CC2Cc3nc4cc(Cl)ccc4c(NCCCCCCCCCCCCCCNc4c5c(nc6cc(Cl)ccc46)CCCC5)c3C(C1)C2,8.855847358703613,4.840183258056641,6.848015308380127
CCOC(=O)c1cc2c(=O)n3ccccc3nc2n(Cc2ccco2)c1=NC(C)=O,5.444584369659424,4.157781600952148,4.801182985305786
O=C1CCc2ccc(OCCCCN3CCCN(c4cccc(Cl)c4Cl)CC3)nc2N1,5.588479042053223,5.119990825653076,5.354234933853149
COc1cccc(CN2CCC(C(=O)c3ccc(-c4nc5ccccc5o4)cc3)CC2)c1,5.744308471679688,4.500144481658936,5.122226476669312
Cc1noc(CN(C)C(=O)c2cc3ccccc3cc2O)n1,5.807949542999268,4.71319055557251,5.260570049285889
O=C1c2c3c(cccc31)C(=O)N1CCCC31CCCN2c1ccccc1,,,
Clc1ccc(NC(=S)NC2CCCCC2)c(Cl)c1,4.576878070831299,4.310845375061035,4.443861722946167
CCCCCCOC(=O)C1(O)CC2OC1(C)n1c3ccccc3c3c4c(c5c6ccccc6n2c5c31)C(=O)NC4,5.410864353179932,4.939162254333496,5.175013303756714
CC1=Nc2ccc(C(F)(F)F)cc2Sc2cc(Cl)ccc21,5.960332870483398,6.51366662979126,6.236999750137329
O=C1OCCN1CCC(=O)N1CCCC1c1ccc(Cl)cc1,5.163302898406982,5.154567241668701,5.158935070037842
CC(c1ccccc1)C(CO)N1CCN(Cc2ccc3c(c2)OCO3)CC1,4.8240485191345215,4.76740026473999,4.795724391937256
COc1ccc2c(=O)c(-c3cn(C)c4ccccc34)coc2c1,5.355041027069092,5.548543930053711,5.451792478561401
COc1ccc(C(=O)NC(C)C2CCCCC2)cc1OC,4.526087284088135,4.133242130279541,4.329664707183838
NC1=NC2C(=O)C(=CC=Cc3ccco3)SC12,8.2638578414917,6.011534690856934,7.137696266174316
Cc1ccc(-c2c3c(=O)n(C)c(=O)n(C)c3c3nc4ccccc4n23)cc1,,,
CCN(CC)C(=O)CN(CC)C(=O)c1cc2ccccc2oc1=O,5.228323459625244,5.190845012664795,5.2095842361450195
Cc1ccc(Sc2ccc(C#N)cc2)c2cccnc12,4.734161853790283,5.471451282501221,5.102806568145752
CC1=CC(C)(C)Nc2ccc3c(c21)C(=Cc1ccccc1C)Oc1ccccc1-3,5.099941253662109,5.996954917907715,5.548448085784912
COc1cccc2c1C(=O)c1c(O)c3c(c(O)c1C2=O)CC(O)(C(C)=O)CC3OC1CC(N)C(O)C(C)O1,6.87997579574585,3.74082612991333,5.31040096282959
c1ccc2c(c1)Oc1ccccc1C1OC(CC3CCOC3)O2,,,
COc1ccc(C(C)=NNC(=O)Cc2ccccc2)c(OC)c1,5.890403270721436,4.095717430114746,4.993060350418091
Cc1ccc(CC(=O)Nc2ccon2)cc1,4.923031330108643,3.812475681304932,4.367753505706787
CCOC(=O)c1ccc2c(c1)OCCc1cc(C)ccc1C2=O,4.3979172706604,5.658361911773682,5.028139591217041
Cc1ncsc1C1=NNC(=O)C1=COC(=CC=Cc1ccccc1)c1ccccc1,5.040900707244873,5.444041728973389,5.242471218109131
NC(=O)COc1ccc(C=CC(=O)OCC(=O)NC2CCCCC2)cc1,3.6038103103637695,5.905698776245117,4.754754543304443
CCCCCCCCCCCOC(=O)c1cc(OC)c(OC)c(OC)c1,4.4908528327941895,5.455831527709961,4.973342180252075
CNC(=O)Oc1ccc2c(c1)C1(C)CCOC1N2C,7.339248657226562,5.773969650268555,6.556609153747559
OC1(c2ccc(Cl)cc2)CC2CCC(C1)N2Cc1coc2ccccc12,5.774367809295654,5.764774322509766,5.76957106590271
CN(C)C1CCCCC1Nc1nc(Nc2ccc3c(c2)CN(C)CC3)ncc1C(F)(F)F,4.940173625946045,6.061128616333008,5.500651121139526
Cc1ccc2c(c1)sc(N)[n+]2CCCCCCCNc1c2c(nc3cc(Cl)ccc13)CCCC2,9.305209159851074,4.491278648376465,6.8982439041137695
O=C1NS(=O)(=O)c2cc([N+](=O)[O-])ccc21,5.610076904296875,5.469745635986328,5.539911270141602
CC1=C(C)C(=O)C(=Cc2c[nH]c3cccc(Br)c23)C1=O,5.379938125610352,7.023472309112549,6.20170521736145
O=c1ccc2ccc(OCCc3ccc(Cl)cc3)cc2o1,4.250133514404297,7.113294124603272,5.681713819503784
CCCCCCCCCCCC=CC(=O)OCC(N)=O,3.4652328491210938,6.923521041870117,5.1943769454956055
CN(CCOc1ccc(Cc2sc(O)nc2O)cc1)c1ccccc1,5.517882347106934,5.467637062072754,5.492759704589844
COc1cc2c(cc1OC)C1=NOC(CN3CCN(CC(C)=Cc4ccccc4)CC3)C1CO2,6.703359603881836,4.614506721496582,5.658933162689209
CC1=NN(c2ccc(Cl)c(Cl)c2)C(=O)C1=Cc1ccc(OCCNc2ncccn2)cc1,6.380609512329102,5.747616291046143,6.064112901687622
COc1cc(C#N)cc(Br)c1OCc1ccccc1,4.317025184631348,5.772465705871582,5.044745445251465
C=CCC(C)(C)c1cc2c(cc1Br,,,
COc1ccccc1OCC(O)CN1CCC(Cc2ccccc2)CC1,4.779237747192383,3.7084357738494873,4.243836760520935
Cc1ccc(CC(=O)Nc2ccc3c(c2)C(=O)N(C(C)CO)CCO3)cc1,5.381040573120117,4.944760322570801,5.162900447845459
CCOC(=O)c1cn[nH]c1NC(=S)NC(C)=O,4.876977443695068,3.483513355255127,4.180245399475098
O=c1c2ccccc2oc2cc([N+](=O)[O-])c([N+](=O)[O-])cc12,5.467952251434326,5.090275764465332,5.279114007949829
COc1cc2oc(=O)ccc2cc1OCCCCCCCCCOc1cccc(CCCN2CCCC2)c1,5.979955673217773,6.117547035217285,6.048751354217529
Oc1[nH]cc2cc(Cl)c(OCCCN3CCN(c4cccc5ccccc45)CC3)cc12,5.915132999420166,5.982052326202393,5.948592662811279
O=C1NC(=O)C(=Cc2ccc3c(c2)OC(F)(F)O3)S1,6.796452045440674,4.5288615226745605,5.662656784057617
O=C(CSc1nc2ccc(Cl)cc2[nH]1)NC1CCCCC1,5.554233551025391,5.870008945465088,5.712121248245239
COc1cc2c(cc1OC)CCN(C=Nc1ccc3c(c1)OCO3)C2,5.396019458770752,4.708473205566406,5.052246332168579
Cn1nnnc1-c1cccc(NC(=O)NC2CCCCC2CN2CCCC(Cc3ccc(F)cc3)C2)c1,5.582265377044678,4.686014175415039,5.134139776229858
CN(C)Cc1cccc2c1OC(CO)C2=O,6.610353946685791,3.8615121841430655,5.235933065414429
CC(C)(C)c1ccc2c(c1)OC(=O)C2=C(N1CCOCC1)c1ccccc1,5.150027751922607,4.22678804397583,4.688407897949219
Cc1cccc(C)c1C(=O)N1CCC(NS(=O)(=O)c2ccc3c(c2)CCO3)CC1,6.258942127227783,4.711400985717773,5.485171556472778
CN1CCOc2ccc(C(=O)CN3CCCCC3)cc21,5.490400791168213,4.683381080627441,5.086890935897827
COC(=O)c1c(C)nc(C)c(C(=O)OC)c1C1=CC(NC(O)=NCCCCCCCCCOc2cccc(OC)c2)CC=C1,5.3723344802856445,5.514715671539307,5.443525075912476
O=c1cc(-c2cccc3c2Sc2ccccc2S3)oc(N2CCOCC2)c1,5.46183967590332,4.342415809631348,4.902127742767334
N#Cc1cccc(C2=NN(c3nc(-c4ccccc4O)cs3)C3C(=O)CC(=O)C3CCCCC23)c1,,,
Cc1ccc(-c2coc3cc(O)c(O)cc3c2=O)cc1,4.945255756378174,6.0605974197387695,5.502926588058472
CCN1CCc2cc(Br)c(O)cc2C(c2ccc(Br)cc2)C1,4.286309719085693,5.72936487197876,5.007837295532227
CN(C)CCCOc1ccc2c(c1)OC(=O)C1CCCC=C21,5.119842052459717,5.717597961425781,5.418720006942749
NC(=O)COc1ccc2c(c1)C(=O)c1ccccc1C2=O,4.825094699859619,6.483654022216797,5.654374361038208
CCOC(=O)c1c(NC(=O)c2cc3ccccc3oc2=O)sc(C)c1C,7.140895843505859,5.207492351531982,6.174194097518921
CCC1(CC)C(=O)N(C)c2ccc3c(c21)C(=O)N1CCCC31,5.636282920837402,6.054588317871094,5.845435619354248
CNC(CCCCCC(=O)N1CCC(CCCC(=O)O)CC1)Cc1ccc(OC)c(OC)c1,6.28151798248291,4.239626407623291,5.260572195053101
O=C1COc2cc(C=C3C(=O)NC(=O)NC3=O)ccc2N1,4.689568996429443,5.328850746154785,5.009209871292114
CC(=O)N1CCc2cc(S(=O)(=O)NCC(C)(C)C(N)=O)ccc21,5.614632606506348,4.742251396179199,5.178442001342773
CC1=CC=CC2C(C)(C)Nc3cc(F)c([N+](=O)[O-])cc32,,,
Cc1nn(-c2ccccc2)c2c1c(=O)c1cc(Cl)ccc1n2O,5.413047790527344,5.020651340484619,5.2168495655059814
CCOc1cc2oc(=O)cc(C(F)(F)F)c2cc1OCC,5.853265285491943,5.522306442260742,5.687785863876343
O=C(c1ccc(-n2cccc2)cc1)N1CCC2(CC1)OCCO2,5.303407669067383,5.279574871063232,5.291491270065308
O=C(C=Cc1cccc([N+](=O)[O-])c1)N1c2ccccc2Sc2ccccc21,4.884755611419678,4.795878410339356,4.840317010879517
CCc1cccc(-n2c(CC)nc3c(c2=O)c2nc4ccccc4nc2n3Cc2ccc(OC)cc2)c1,4.9148688316345215,4.66544771194458,4.790158271789551
CC(=O)c1ccc(-n2c(C=Cc3ccc([N+](=O)[O-])cc3)nc3cc(Cl)ccc32)cc1,5.740604400634766,6.064303398132324,5.902453899383545
O=C(Nc1cccc(Cl)c1)Nc1nnc(-c2ccncc2)s1,5.67385196685791,5.245035648345947,5.459443807601929
O=C(Cc1ccccc1)Nc1cccc(-c2nc3sccn3c2-c2ccnc(Nc3cccc(N4CCOCC4)c3)n2)c1,5.718745708465576,5.235323429107666,5.477034568786621
Cc1sc2ncnc(N)c2c1-c1ccc(NC(=O)Nc2cc(C(F)(F)F)ccc2F)cc1,5.5999274253845215,5.159110069274902,5.379518747329712
COc1ccc(NC(=O)c2ccc3nc(O)c(-c4ccc(F)cc4)cc3c2)cc1,5.516157627105713,6.275049209594727,5.89560341835022
CCN1CCC(COC(=O)c2ccc(Cl)c(S(=O)(=O)N3CCCCC3)c2)C1,5.502292156219482,4.5241899490356445,5.0132410526275635
COc1ccc(OC)c(NC(=O)CSc2sc3c(O)cc(=O)oc3c2C#N)c1,6.54143762588501,4.198892593383789,5.370165109634399
CC(C)c1ccc(C=CC(=O)NC2=NCCS2)cc1,5.741044998168945,5.117226600646973,5.429135799407959
COc1cc2c(cc1OC)C1C(=O)c3ccc4c(c3OC1CO2)C=CC(C)(C)O4,5.037595748901367,5.141909599304199,5.089752674102783
NC(=O)c1ccc(NC(=O)CSc2nc(-c3ccccc3)nc3ccccc23)cc1,5.974339485168457,5.2230987548828125,5.598719120025635
CCOc1ccc2ccc(=O)oc2c1C(CCN1CCCC1)c1ccccc1,5.889348030090332,4.709082126617432,5.299215078353882
CN1CC(=Cc2ccc(OCc3ccc(Cl)cc3)cc2)C(=O)C1,3.996803045272827,6.74709415435791,5.371948599815369
CC(=O)C1CCC2C3C=CC4CC(=O)CCC4(C)C3CCC12C,4.169824600219727,7.803000450134277,5.986412525177002
O=C(Nc1ccc(C(F)(F)F)cc1)N1CCN(c2ncccn2)CC1,5.166358947753906,5.548361301422119,5.357360124588013
c1ccc(CN2CCC3(CCc4ccccc4O3)CC2)cc1,5.064707279205322,3.2294039726257324,4.147055625915527
COc1cc(C=C(C#N)C(=O)c2cccnc2)c(Br)cc1O,5.032412052154541,4.882879734039307,4.957645893096924
CC(=O)N1CCCC1C(=O)Nc1ccc2c(c1)OCO2,5.382638454437256,4.641776084899902,5.012207269668579
COc1cccc(C(=O)NC2CCCc3c2cnn3-c2ccc(-c3ccc(F)cc3)cc2)c1,5.515072822570801,5.76461124420166,5.6398420333862305
CN(C)CC1=Cc2ccc(Cl)cc2OC1,5.3824310302734375,4.942382335662842,5.16240668296814
O=C(NC1CC1)c1coc2ccccc2c1=O,6.317307472229004,5.049073219299316,5.68319034576416
CCOC(=O)c1c(C)nc(O)c(C#N)c1C1=CC(N)C(O)CC1,5.741004943847656,3.915484189987183,4.828244566917419
COc1ccc2c(-c3ccccc3)c(CCN(C)C)c(-c3ccc(C(C)=O)cc3)nc2c1,5.127972602844238,4.752968311309815,4.940470457077026
COCCOC(=O)C1=C(C)N=C(C)C(C(=O)OC(C)(C)C)C1c1cccc(C(F)(F)F)c1,5.341482162475586,5.679421424865723,5.510451793670654
COc1cc(C=Cc2cc[n+](C)cc2)ccc1OCc1ccccc1,4.335408687591553,5.098587989807129,4.716998338699341
CC1=CC2Cc3nc4cc(Cl)ccc4c(NCc4ccoc4)c3C(C1)C2,6.540013313293457,5.250976085662842,5.895494699478149
O=C(C=Cc1ccccc1)Nc1cccc(C(=O)O)c1,5.020111560821533,6.629007339477539,5.824559450149536
CC1=CC(C)=NN2C=NC(=C3C=CC(=O)C(O)(CC(C)C)C=C3)C2=N1,5.333590984344482,5.1379594802856445,5.2357752323150635
CCCCC(=O)Nc1n[nH]c2ncc(-c3cccc(F)c3F)cc12,5.122655391693115,5.5627641677856445,5.34270977973938
CC=CC[N+]1(C)C2CCC1CC(C=C(C#N)c1ccccc1)C2,5.478920936584473,4.293359756469727,4.8861403465271
Cc1cccc(NC(=O)N2CCCC(CCC(=O)O)C2)c1,5.375423908233643,4.136981010437012,4.756202459335327
O=C1c2ccccc2C(=O)C1CCN1C(=O)c2ccccc2C1=O,6.973357200622559,5.718398094177246,6.345877647399902
COc1ccc(-c2cc(=O)c3cc(Cl)ccc3o2)cc1O,4.86763334274292,5.352223873138428,5.109928607940674
Fc1ccc(-c2nc3cnccn3c2-c2cncc(OCCCCN3CCCCC3)c2)cc1,6.2253241539001465,5.994107246398926,6.109715700149536
O=C(C=Cc1cccc([N+](=O)[O-])c1)N1CCOCC1,5.168877601623535,5.890914916992188,5.529896259307861
Cc1ccc(C(=O)C=Cc2cc[n+](C)cc2)c2ccccc12,4.682593822479248,5.875312805175781,5.278953313827515
Cn1c2ccccc2c2cc(C#CCN3CCCCC3)ccc21,6.002853393554688,5.300663948059082,5.651758670806885
O=C(O)C=CC(=O)Nc1cccc(Cl)c1,2.9434940814971924,6.098091125488281,4.520792603492737
COc1ccc(C2Nc3ccccc3-c3ccccc32)cc1,4.918402671813965,5.955574035644531,5.436988353729248
Cc1ccc2c(c1)C(=NO)c1ccccc1-2,3.832462310791016,6.210735321044922,5.021598815917969
CC(=O)c1cc2ccc(OCCCCCCN3CCC(c4noc5cc(F)ccc45)CC3)cc2o1,7.122715473175049,6.134207248687744,6.6284613609313965
CC(C)=CCC12CCC(=O)C(C(=O)O)(C1=O)C2(C)C,5.315179824829102,7.481585502624512,6.398382663726807
Cc1cc(CC2=NC(=Cc3ccco3)C(=O)O2)sc1-c1ccccc1,6.286467552185059,5.103610992431641,5.69503927230835
Cc1cc(C)c2c(N)c(C(=O)NCc3ccc(F)cc3)sc2n1,6.681049823760986,4.212447166442871,5.446748495101929
Oc1ccc(Cc2cc(O)nc(O)n2)cc1Cl,4.130797386169434,4.30774450302124,4.219270944595337
CC(C)c1ccc(C=CC2=Nc3ccccc3C2=O)cc1,5.404404640197754,5.497086048126221,5.450745344161987
OC(NCCC1CCN(Cc2ccccc2)CC1)c1cccc(Cl)c1,5.384165287017822,3.336611270904541,4.360388278961182
Cc1ccc2c(c1)Oc1ccccc1S2,4.630956649780273,4.28516960144043,4.458063125610352
COc1ccc2c(c1)c(CCO)c(C)n2Cc1ccc2c(c1)OCO2,5.720246315002441,5.366421699523926,5.543334007263184
COc1cc2c(cc1OC)C(=O)C(=Cc1ccccc1)C2,6.229724884033203,5.586118221282959,5.907921552658081
O=C1NC(=O)C(=Cc2ccc(OC(F)F)cc2)S1,5.769089221954346,5.27983283996582,5.524461030960083
COc1cc(Cl)c(C)cc1NC(=O)C=Cc1cccc(N(C)C)c1,5.490829944610596,5.270520210266113,5.3806750774383545
O=C(Nc1cccc(-c2nc3sccn3c2-c2ccnc(Nc3cccc(N4CCCC4=O)c3)n2)c1)c1c(F)cccc1F,6.202005863189697,5.667175769805908,5.934590816497803
COc1cc2c(cc1OC)C(CC(=O)NC1CCCCC1)C(=O)O2,5.395796298980713,4.807744979858398,5.101770639419556
C=CCNC(=O)c1ccccc1N=S(C)(=O)O,6.842924118041992,5.102738380432129,5.9728312492370605
COc1cc2ncc3c(N)nc4c(C)c(N)ccc4c3c2cc1OC,5.9652099609375,3.3665771484375,4.6658935546875
Cc1cccc2c3c(ccc12)C(C)(C)CC[N+]3(C)CCC1,,,
CC(C)N(CCC(=O)c1ccc2ccccc2c1)Cc1ccccc1,5.623927116394043,4.434585094451904,5.029256105422974
O=C1Nc2ccccc2C1=Cc1c[nH]c2ccccc12,4.838407516479492,6.661856174468994,5.750131845474243
CN(C)c1ccc(-c2cc(C(=O)NC3CCCCC3)c3ccccc3n2)cc1,5.522824287414551,4.905551433563232,5.214187860488892
O=C(CCc1ccc(Cl)cc1)c1cccnc1,4.482336044311523,5.435300827026367,4.958818435668945
CN(CCCCCCN=C(N)N[N+](=O)[O-])Cc1cccc(Cl)c1,6.851080894470215,4.79642391204834,5.823752403259277
CC(=O)N1CCC(=C2c3ccc(Cl)cc3CCc3cc(Cl)ccc32)CC1,5.614858627319336,6.271223545074463,5.943041086196899
N#Cc1ccc(NC(=O)Nc2ccnc3cc(C(F)(F)F)ccc23)nc1,5.567568302154541,4.9714179039001465,5.269493103027344
CC(C)(O)C1CC23CCC1(O)C1Oc4c(O)ccc5c4C12CCN(CC1CC1)C3C5,6.026515483856201,6.665452003479004,6.3459837436676025
COc1ccccc1CNc1ccc2c(c1)OCO2,4.533127307891846,4.714415550231934,4.62377142906189
C=C(Br)COc1ccc2c(c1)OC(=O)C1CCC=C21,4.3722920417785645,8.309701919555664,6.340996980667114
Cc1ccc2ccc3cc(C(=O)NC4CCCCC4)sc3c2c1,5.905276298522949,5.192793846130371,5.54903507232666
c1ccc(CNc2nc3ccc(-c4ccncc4)cc3s2)cc1,4.982300281524658,5.162473201751709,5.072386741638184
COc1cc2c(cc1OC)C(C)N(C(=O)c1snnc1C)CC2,5.366485118865967,4.8202290534973145,5.093357086181641
CC(=O)c1c(C)[nH]c(C(=O)OCC(=O)c2ccc(Cl)cc2Cl)c1C,5.452542304992676,5.834768772125244,5.64365553855896
CC(C)CC(=O)Nc1ccc(C(=O)Nc2ccccc2N2CCOCC2)cc1,5.425338745117188,5.306275844573975,5.365807294845581
OCCN1CCN(CCCN2c3ccccc3Sc3ccc(F)cc32)CC1,4.873818397521973,4.581886291503906,4.7278523445129395
COC(=O)c1ccc(NC(=O)CN(C)C(=O)OC(C)(C)C)cc1,4.021822929382324,3.6695849895477295,3.845703959465027
O=C(CN1C(=O)C(=NCc2cccc(Cl)c2)SC1=S)Nc1ccccc1,5.77802038192749,4.301002025604248,5.039511203765869
COc1cc2c(N3CCN(C(=S)Nc4ccc(N(C)C)cc4)CC3)ncnc2cc1OCCCN1CCCCC1,5.705695152282715,4.788783073425293,5.247239112854004
COc1ccc2c(c1)OC(=O)C(=NCC(C)(C)C)N2,4.870448589324951,5.484007835388184,5.177228212356567
COC1=NC(=O)NC(c2ccccc2OC)C1C(=O)OC,6.639129161834717,4.287705421447754,5.463417291641235
Cc1cc2c(s1)Nc1ccccc1N=C2N1CCN(C)CC1,5.122262954711914,4.779678821563721,4.950970888137817
CNC(=O)c1cccc(Oc2ccc(Cl)cc2[N+](=O)[O-])c1,7.948396682739258,5.16358757019043,6.555992126464844
CC(=O)c1sc(-c2ccc(F)cc2)cc1N,6.345969676971436,5.120246410369873,5.733108043670654
COc1cccc(C(=O)NC2CCCc3c2cnn3-c2cccc(C)c2C)c1,5.633739471435547,4.939723014831543,5.286731243133545
COc1ccc(C(=O)Nc2cnc3[nH]cc(-c4ccccc4)c3c2)cc1,4.929213523864746,5.201382637023926,5.065298080444336
COc1ccc(C=C(C#N)C#N)cc1,4.637105464935303,6.660341262817383,5.648723363876343
Cc1ccc(C(=O)Nc2cccc(C#N)c2)cc1[N+](=O)[O-],5.669278621673584,5.267926692962647,5.468602657318115
C#CCCCON1CCC2C(C)(O)CCC2C1,4.561206817626953,6.482887268066406,5.52204704284668
O=C(C=Cc1cccc(F)c1)N1CCc2ccccc2C1,4.8657965660095215,6.028890609741211,5.447343587875366
O=C(C#CCN1C2CCC1CC(O)(c1ccc(F)cc1)C2)Nc1ccccc1,5.647946357727051,6.04169225692749,5.8448193073272705
O=C(CCc1c[nH]c2ccccc12)NCCCCCCNc1c2c(nc3cc(Cl)ccc13)CCCC2,8.89520263671875,4.749786853790283,6.822494745254517
Cc1ccc(-c2nc3cc(C(F)(F)F)ccc3o2)s1,5.208578109741211,6.5565056800842285,5.88254189491272
Cc1cnc(C(=O)O)c[n+]1[O-],5.645194053649902,3.5955967903137207,4.6203954219818115
CC(C)=CCCC(C)=CCCCCCOC(=O)C=CCCCc1ccccc1,4.501099586486816,4.852331638336182,4.676715612411499
CN1N=C(N)c2cn(C3OC(CO)C(O)C3O)c3ncnc1c23,6.084883689880371,3.4663290977478027,4.775606393814087
O=C1CCc2cc(C(O)c3ccccc3)cc3c2N1CC3,5.485434532165527,6.3589582443237305,5.922196388244629
O=C1CC(c2ccc(O)cc2)Oc2cc(O)ccc21,6.07784366607666,5.175586223602295,5.6267149448394775
O=C(O)c1cccc2c1CCC1C2CCC2(C)C1CCC2(O)C(O)C=O,5.07351016998291,6.820839405059815,5.947174787521362
COCCOC(=O)C1=C(C)N=C(C)C(C#N)C1c1ccccc1Cl,5.783318996429443,5.864307403564453,5.823813199996948
CC1=CCC2C1(C)c1cc(O)ccc1C2(C)C,5.163603782653809,6.605281352996826,5.884442567825317
O=C(CCc1ccc(C(F)(F)F)cc1)N1CCC2(CC1)NCCc1c2[nH]c2ccccc12,5.795541286468506,5.819908618927002,5.807724952697754
O=C(O)c1ccc2c(c1)C(SCCN1CCCC1)c1ccccc1S2,5.60182523727417,5.232907295227051,5.41736626625061
CC(=NNC(=O)CN1CCCCC1)c1cccc([N+](=O)[O-])c1,4.899066925048828,4.796320915222168,4.847693920135498
O=C(NCC1CCCN(C2CCC2)C1)c1cc(-c2cccs2)on1,6.480053424835205,5.2493085861206055,5.864681005477905
O=C(CCCCCCCCCCCNc1c2c(nc3cc(Cl)ccc13)CCCC2)NCCCNc1c2c(nc3cc(Cl)ccc13)CCCC2,9.599791526794434,4.625263214111328,7.112527370452881
CCN(CCCCCCN=C1CC(=O)C(=NCCCCCCN(CC)Cc2ccccc2OC)CC1=O)Cc1ccccc1,7.557803630828857,4.768909931182861,6.163356781005859
COc1ccc(-c2oc3ncnc(N)c3c2-c2ccc(NC(=O)Nc3cc(C(F)(F)F)ccc3F)cc2)cc1,5.642810344696045,5.131192684173584,5.3870015144348145
COc1ccc(NC(=O)c2sc3nc4c(cc3c2N)CCCC4)cc1,5.869709014892578,4.532806873321533,5.201257944107056
CC(C)Oc1ccccc1N1CCN(Cc2cc(CN3CCOCC3)on2)CC1,5.1580071449279785,3.888052463531494,4.523029804229736
O=C1C=CC2=CCCCC2C1=NCCCCCCCCCCCNC1=O,,,
c1ccc2oc(C3=NN(CCCCCCCCN4CCN(c5ccccc5)CC4)CC3)cc2c1,6.871537208557129,4.907371997833252,5.88945460319519
COc1ccc(-n2c(C)cc(C(=O)CCl)c2C)cc1Cl,5.636342525482178,6.42497444152832,6.030658483505249
CC1CCN(CCNC(=O)Cc2ccc(F)cc2)CC1,6.095460414886475,4.171403884887695,5.133432149887085
CSc1nsc(NC(=O)c2cc3ccccc3oc2=O)n1,7.738072395324707,6.048070907592773,6.89307165145874
c1ccc(-c2nc(-c3ccccn3)no2)cc1,4.680477619171143,5.389810562133789,5.035144090652466
COc1cccc(C2CC(=O)c3ccc(C)cc3O2)c1OC,6.199841976165772,5.33153772354126,5.765689849853516
COc1ccccc1C=CC=NNc1nncc2ccccc12,4.710768699645996,5.091753482818604,4.9012610912323
COc1cc2c(cc1OC)C1=NOC(CN3CCN(CC(C)=Cc4ccccc4)CC3)C1CO2,6.703359603881836,4.614506721496582,5.658933162689209
Oc1nnc(-c2ccccc2)c2ccccc12,4.931356906890869,4.642632484436035,4.786994695663452
CC(=NNc1nc2ccccc2o1)c1cc2ccccc2oc1=O,6.552735328674316,4.68845796585083,5.620596647262573
Oc1ccc2c3c1OC1c4[nH]c5c(c4CC4(O)C(C2)N(CC2CC2)CCC314,,,
COc1ccc(C(=O)N2c3ccccc3Sc3c(Cl)cncc32)cc1,4.6978631019592285,4.313234329223633,4.505548715591431
Fc1ccc(-c2nc3cnccn3c2-c2ccnc(Nc3ccc4c(c3)OCCO4)n2)cc1,5.833904266357422,5.449228763580322,5.641566514968872
COc1ccc2[nH]cc(CCNc3ccnc(-c4cc5ccccc5oc4=O)n3)c2c1,6.03082799911499,6.039549350738525,6.035188674926758
COc1cc2c(cc1OC)C(=O)C(c1ccccc1)C2,6.510344505310059,5.626287937164307,6.068316221237183
O=C(CCCN1CCCCC1)Nc1ccc(-c2cccc([N+](=O)[O-])c2)cc1,5.420994758605957,4.789224147796631,5.105109453201294
COc1ccc2oc3cc(C(=O)NC4CCCC4)ccc3c(=O)c2c1,5.767043113708496,5.095623970031738,5.431333541870117
CC#CCOc1ccc(S(=O)(=O)NCCC(=O)Nc2cc(C)on2)cc1,5.3877668380737305,5.674886226654053,5.531326532363892
O=C1NC(=O)N(Cc2ccc(Cl)c(Cl)c2)C1=O,3.7716805934906006,5.474810123443604,4.623245358467102
CCC(=O)c1ccc(NC(=O)CCc2cccc(OC)c2)cc1,5.535280227661133,5.186846256256104,5.361063241958618
O=C1C=CC(=CNNC2=NCCN2)C=C1,2.77282452583313,4.212665557861328,3.492745041847229
Cc1onc(-c2ccccc2)c1C(=O)N1CCCCC1,5.9883904457092285,4.556299209594727,5.2723448276519775
CCC(=O)Nc1cccc(C(=O)N2CCN(c3ccc(OC)cc3)CC2)c1,4.72816801071167,4.576449871063232,4.652308940887451
CCOC(=O)C1=C(C)N=c2sc(=Cc3ccccc3OC)c(=O)n2C1c1cccc(Cl)c1,6.403138160705566,5.415574550628662,5.909356355667114
C#CCn1c(=N)n(CC(O)COc2ccccc2)c2cc(C(O)=NC)ccc21,5.131916522979736,5.082099914550781,5.107008218765259
c1ccc(-c2[nH]c(-c3ccccc3)nc2-c2ccccc2)cc1,4.361156940460205,3.635454177856445,3.998305559158325
CC(=O)Nc1cccc(C2=NOC3(C2)CC(C(=O)NCC2CCCO2)N(C(=O)C(C)(C)C)C3)c1,4.954323768615723,3.8278281688690186,4.391075968742371
N#CC(=Cc1ccc(O)c(O)c1)C(=O)NCc1ccccc1,5.139800071716309,5.498981952667236,5.3193910121917725
O=C(Nc1ccccc1Cl)Oc1ccc2c(c1)OCO2,6.569243431091309,4.697786331176758,5.633514881134033
C=C1C=C(N2CCOCC2)Cc2nc(-c3c(NCC(O)c4cccc(Cl)c4)ccnc3O)[nH]c21,6.165719985961914,5.213263988494873,5.6894919872283936
COc1ccc(-c2nc3cc(-c4csc(C(=O)NCCC(C)C)c4)cnc3[nH]2)cc1,5.21150016784668,5.620688438415527,5.4160943031311035
CSc1ccc(C#CC(O)CN2CCOCC2)cc1,3.523116111755371,4.8967790603637695,4.20994758605957
Cc1cc2nc(C(C)C)c(O)nc2cc1C,5.192752361297607,6.032115936279297,5.612434148788452
Cc1ccc(-c2nnc(C3(c4ccc(Cl)cc4)CCC3)o2)cc1,5.9481306076049805,7.162955284118652,6.555542945861816
O=C1c2ccccc2-c2nc3nnnn3nc21,4.122465133666992,3.952200412750244,4.037332773208618
COc1ccc2c(=O)c(-c3ccccc3)coc2c1,5.250600814819336,5.713226318359375,5.4819135665893555
NC1CCCCC1COc1ccc(-c2nn(CCc3ccccc3)cc2-c2ccncc2)cc1,5.280454635620117,4.640366077423096,4.9604103565216064
CN(C)C1=NC2CCC34CC35C(=O)CC3(C)C(C(C)N(C)C)C(O)CC3(C)C5CCC4C2(C)CS1,7.087366580963135,8.305912017822266,7.6966392993927
C=CCN1CCN(c2nc3ccccc3nc2C(=O)NCC)CC1,5.2027459144592285,4.485364437103272,4.84405517578125
Cc1cc(C)c(C=C2C(=O)Nc3ccccc32)[nH]1,6.140805244445801,6.206125259399414,6.173465251922607
COc1ccc(C=C2CCCc3ccccc32)cc1,4.039105415344238,5.769840717315674,4.904473066329956
CC(C)(C)NCC(O)c1ccc(O)c(O)c1,2.088679790496826,3.1290411949157715,2.608860492706299
C#CCN(C)C(C)Cc1cccc(OCCCCCCCNc2c3c(nc4ccccc24)CCCC3)c1,5.9271416664123535,5.761069297790527,5.84410548210144
COc1ccc2[nH]c3c4[nH]c5ccc(OS(C)(=O)=O)cc5c4c4c(c3c2c1)C(=O)NC4=O,7.535979747772217,4.599524974822998,6.067752361297607
COc1ccc(S(=O)(=O)N(C)CCOc2cccc(C)c2)cc1,5.546123504638672,5.147294998168945,5.346709251403809
O=C(CC1CCCCN1c1ccc2[nH]ncc2c1)Nc1ccc(F)cc1,5.494410037994385,6.090505123138428,5.792457580566406
NC(CN)=Nc1ccc(F)c2ccccc12,4.38419246673584,5.423955917358398,4.904074192047119
CC(C)Oc1cccc(-c2cc3cc(F)ccc3oc2=O)c1,5.235750198364258,5.646631240844727,5.441190719604492
COc1cc2c(cc1OC)C(=O)C(Oc1ccc(Cl)cc1)C2,6.5685319900512695,5.1559157371521,5.862223863601685
CC(=O)OCC1OC(n2cc(COC(=O)C3CCCCC3)nn2)C(OC(=O)Cc2cccc(Cl)c2)C(OC(C)=O)C1OC(C)=O,3.2638230323791504,4.896189212799072,4.080006122589111
CC(=NNC(=O)c1ccc2c(c1)nnn2Cc1ccccc1)c1cccnc1,5.5584211349487305,3.995342969894409,4.77688205242157
Cc1cc2c(s1)c1cnn(Cc3ccccc3)c(=O)c1n2C,5.157886981964111,4.053569316864014,4.6057281494140625
Cc1cc(C)c2c(n1)sc1c(N)ncnc12,4.282970905303955,3.928391456604004,4.1056811809539795
COc1ccc(C2=NC(=O)C(=Cc3cc(OC)c(OC)c(OC)c3)S2)cc1,6.133842468261719,5.085383892059326,5.6096131801605225
O=C(Cc1c[nH]c2ccccc12)N1CCc2ccccc21,4.979820728302002,5.241068840026856,5.110444784164429
CN(C)c1ccc(-c2nc3sccn3c2-c2ccnc(Nc3cccc(N4CCOCC4)c3)n2)cc1NC(=O)c1ccccc1,5.845218658447266,5.323768138885498,5.584493398666382
CC(=O)OCC1OC(n2cnc3c(NCc4cccc(Cl)c4)ncnc32)C(OC(C)=O)C1OC(C)=O,3.8741044998168954,4.478584289550781,4.176344394683838
COc1cc(-c2cnc3c(-c4ccsc4)cnn3c2)ccc1O,5.206645011901856,5.332743167877197,5.269694089889526
Cc1ccc(F)cc1S(=O)(=O)N(C)N=Cc1cnn2ccc(C#N)cc12,6.114949703216553,5.206011295318604,5.660480499267578
CC(C)(C)c1cc(C=C(C#N)C#N)cc(Br)c1O,4.575815200805664,4.805994987487793,4.6909050941467285
CC(C)N(C)C(=O)c1c(-c2ccc3[nH]ncc3c2)nnn1Cc1ccccc1,5.642014503479004,4.394959449768066,5.018486976623535
CC12OC(CC1(O)CO)n1c3ccccc3c3c4c(c5c6ccccc6n2c5c31)CNC4=O,5.916484355926514,4.3955254554748535,5.156004905700684
CC(=O)N1CCCC1=CCN1CCN(c2cc(=O)oc3cc(C)ccc23)CC1,5.992321014404297,4.6817307472229,5.337025880813599
Clc1ccc(-c2nc3c(cnn3-c3ccccc3)c(-c3ccccc3)[nH]2)cc1,,,
Nc1c(C(=O)NCCCN2CCCCC2)[nH]c2c(Cl)cccc12,7.736658096313477,3.945966005325317,5.841312050819397
COc1ccc2c3c1OC1C(=O)CCC4(O)C(C2)N(C)CCC314,6.267064571380615,6.6981048583984375,6.482584714889526
COc1ccc2c(c1)c(CC(=O)NO)c(C)n2C(=O)c1ccccc1,5.26952075958252,5.014983654022217,5.142252206802368
O=C(NC1CCCC1)C(c1ccccc1)N(CC(F)(F)F)C1CCCCC1,5.862698078155518,5.518265724182129,5.690481901168823
O=[N+]([O-])c1ccc2c(c1)Sc1[nH]c3ccccc3c1C2=O,5.608812808990479,5.230872631072998,5.419842720031738
CON=C(C)C=Cc1ccc2c(c1)OCO2,3.758460283279419,5.15868616104126,4.458573222160339
CC(=N)N1CCC(Oc2ccc3c(c2)C(=O)C1)C1CCCCC1,,,
O=C(Cc1cccc2ccccc12)Nc1ccsc1-c1ncn[nH]1,5.180067539215088,4.487649440765381,4.833858489990234
Nc1c(F)cc(S(=O)(=O)NCCN2CCOCC2)cc1F,4.61222505569458,5.373424530029297,4.9928247928619385
COCC(=O)NC(=O)c1cccc(Oc2cccc(Cl)c2)c1,6.126491546630859,5.315630912780762,5.7210612297058105
C#CCNC1CCc2ccc(O)cc21,3.949026107788086,6.000412940979004,4.974719524383545
CC(=O)N1CCC(C=Cc2ccc3c(c2)OC(F)(F)O3)CC1,6.147049427032471,5.453302383422852,5.800175905227661
CC(C)C(=O)N=C1CCc2cc(OCC3CCCCC3)ccc2C1,6.545445919036865,5.486875057220459,6.016160488128662
C=CCn1c(=O)c2cnc(Nc3ccc(C)cc3)nc2n1C,5.937236785888672,5.425311088562012,5.681273937225342
O=c1ccoc2cc(OCc3ccccc3)ccc12,4.4287638664245605,6.644821166992188,5.536792516708374
CCN(CC)c1ccc(-c2cc(C(=O)NC3CCCCC3)no2)cc1,4.939588069915772,5.590489864349365,5.265038967132568
O=C(CCc1c[nH]c2ccccc12)c1cc2ccccc2oc1=O,5.965030670166016,5.566993713378906,5.766012191772461
CC(=O)Oc1ccc2c(Cc3ccccc3)coc2c1,6.085948944091797,4.47169303894043,5.278820991516113
CCOC(=O)c1cc2cc(OCc3ccccc3)ccc2[nH]1,4.969192981719971,6.070279121398926,5.519736051559448
O=C(Nc1cccc(C(F)(F)F)c1)c1cc(-c2cccnc2)on1,5.53359317779541,5.7873735427856445,5.660483360290527
C#CCN(C)c1ccc2cc(C(=O)NCc3ccc([N+](=O)[O-])cc3)c(=O)oc2c1,5.744194030761719,5.654245853424072,5.6992199420928955
CC(C)Oc1ccc2c(=O)cc(-c3ccccc3)oc2c1,5.557894706726074,4.34854793548584,4.953221321105957
CCOc1ccc(C(=O)C=Cc2ccc3c(c2)OCO3)cc1,5.435878276824951,5.941356658935547,5.688617467880249
c1ccc(-c2csc3ncnc(N4CCCCC4)c23)cc1,4.1414794921875,5.870799064636231,5.006139278411865
CCC(=O)NC1CCc2cc(CCN3CCN(c4nsc5ccccc45)CC3)ccc21,5.403779029846191,5.042483806610107,5.223131418228149
C#CCN(C)Cc1cc2cc(OCCCC3CCN(Cc4ccccc4)CC3)ccc2n1C,6.455060958862305,5.637757778167725,6.046409368515015
O=C(Nc1cccc([N+](=O)[O-])c1)c1cc2ccccc2oc1=O,6.471134185791016,5.422840118408203,5.946987152099609
O=C(NC1CCCc2cc(CCN3CCN(c4nsc5ccccc45)CC3)ccc21)c1ccc(F)cc1,5.895408630371094,5.393625259399414,5.644516944885254
O=C(O)c1ccc(COc2ccc(-c3nnn[nH]3)cc2)cc1,4.73017692565918,6.129586219787598,5.429881572723389
c1ccc2c(c1)C1COC1CCCCN1C2=NOC2COC1,,,
CCOC(=O)c1nn(-c2ccc(Cl)cc2)c2c1CCC2,5.258955955505371,4.82610559463501,5.04253077507019
COc1ccccc1C(=O)OC1CC2CCC(C1)N2CCCO,5.716953277587891,4.428321838378906,5.072637557983398
C=C(C)CNc1cc2c3c(cccc13)C(=O)N(CCN1CCOCC1)C2=O,,,
CCOC(=O)c1cc2c(=O)n3ccccc3nc2n(Cc2ccco2)c1=NC(=O)c1ccco1,5.854832649230957,4.000452518463135,4.927642583847046
O=[N+]([O-])c1cc2ccccc2cc1NCCCCCCCCNc1c2c(nc3ccccc13)CCCC2,7.458895206451416,5.018154621124268,6.238524913787842
CN(C)c1ccc(NC(=O)c2cc(Br)c3c(c2)OCCO3)cc1,5.508798122406006,5.199670791625977,5.354234457015991
O=c1cc(-c2ccccc2)oc2ccc(O)cc12,4.803003311157227,4.271373748779297,4.537188529968262
COc1cc2c(cc1OC)C(=O)C(=Cc1ccc(N(C)C)cc1)C2,5.963045597076416,5.7176618576049805,5.840353727340698
O=C(c1ccc(F)cc1)c1cc2c3c(c1O)C1(CCOCC1)OCCO3,,,
CC(C)(C)c1ccc(C(=O)CCCN2CCN(c3cccc(Cl)c3)CC2)cc1,5.876309394836426,3.9738712310791016,4.925090312957764
CCOc1ccnc2[nH]c(C)c(C=CC(=O)c3ccc(F)cc3)c12,6.087368965148926,5.67784595489502,5.882607460021973
Cc1ccccc1C(=O)Nc1ccc2oc3ccccc3c(=O)c2c1,5.570803642272949,5.249368667602539,5.410086154937744
CC(=O)OCC1OC(=O)CC1OC(=O)c1ccc(Br)cc1,2.359422206878662,4.283121585845947,3.3212718963623047
Cc1cc(O)ccc1-n1cc(C(=O)NN)c(=O)c2ccc(-c3ccncc3)cc21,6.433142185211182,5.973250389099121,6.203196287155151
O=C1CC(CN2CCC(Cc3ccc(F)cc3)CC2)Oc2cc(O)ccc21,5.912262916564941,4.985836505889893,5.449049711227417
CC1(C)C2CCC1(C)C(OC(=O)c1ccc(O)c(CO)c1)C2,4.323789119720459,6.451550006866455,5.387669563293457
CC(C)NC(C)Cc1ccccc1,4.430678844451904,3.5365149974823,3.983596920967102
C#CCN(C)C(C)Cc1cccc(OCCCCCNc2c3c(nc4ccccc24)CCCC3)c1,5.826759338378906,5.703659534454346,5.765209436416626
COc1ccc(C=C2CCC(=C3OC(CO)C(O)C3O)CC2=O)cc1,4.796872138977051,5.605169296264648,5.20102071762085
Brc1ccc2c(c1)-c1[nH]ncc1C2,5.452375888824463,6.772104263305664,6.1122400760650635
Brc1ccc2nc(N3CCNCC3)sc2c1,4.582809925079346,6.090804100036621,5.336807012557983
N#Cc1cc2c(nc1SCC(=O)N1CCCCC1)CCCC2,6.730984210968018,4.978157043457031,5.854570627212524
O=[N+]([O-])c1cccc(-c2csc(NN=Cc3cccnc3)n2)c1,5.31166934967041,4.912565231323242,5.112117290496826
CC1=NC2=CCCCN2C(=O)C1CCN1CCC(C2=O)CC1,,,
CC(C)(C)c1ccc(-c2nc(-c3ccccn3)no2)cc1,4.13911247253418,6.118255615234375,5.128684043884277
O=C(CC=Nc1ccc(Cl)cc1)c1ccc(Br)cc1,4.627775192260742,5.717594623565674,5.172684907913208
O=C1CC(c2cccc(Br)c2)Oc2cc(O)ccc21,5.352397441864014,6.320493698120117,5.836445569992065
COc1ccc(C2=C(Cl)C(=O)C(c3ccc(C4CCCCO4)o3)C2)cc1,5.466373443603516,6.590367317199707,6.028370380401611
CN1CCc2c(sc(NC(=O)c3ccc(Cl)cc3)c2C(N)=O)C1,6.015533924102783,4.5544538497924805,5.284993886947632
Cn1c(=O)c2c(nc(SCCCc3ccccc3)n2C)n(C)c1=O,5.540048122406006,6.16318416595459,5.851616144180298
COC(=O)CN(C)CCCOc1cccc2c1CCCC2,5.539088726043701,4.697169780731201,5.118129253387451
CN(C)S(=O)(=O)c1ccc2[nH]c(O)c(Cc3cc4c([nH]3)=CCCC=4)c2c1,6.785559177398682,5.958608150482178,6.37208366394043
O=C(Nc1ccc(Cl)c([N+](=O)[O-])c1)N1CCc2ccccc2C1,5.019865036010742,5.36347246170044,5.191668748855591
CCN(CC)C(=O)c1ccc2c(c1)nc(C1CC1)n2C,5.625584125518799,4.755684852600098,5.190634489059448
Cc1oc2c(CN3CCCC3)c(O)ccc2c(=O)c1-c1ccccc1,6.08009147644043,3.752205848693848,4.916148662567139
CCC12CCC(=O)C(Br)=C1c1ccc3[nH]ncc3c1C2,5.673441886901856,6.099225521087647,5.886333703994752
NC(=O)c1cc(-c2cccc(Cl)c2)oc1C(F)(F)F,6.252359390258789,5.97406530380249,6.11321234703064
Cc1cccc(C(=O)Nc2cccc(Oc3ncccn3)c2)c1,5.397066116333008,5.515824317932129,5.456445217132568
O=C(Nc1ccc2c(c1)C(=O)NC2=O)Nc1ccccc1,6.670154571533203,5.822303295135498,6.246228933334351
CN(C)C1CCCC1N(C)C(=O)C1CCC(=O)N(C)C1,5.072303295135498,3.807976722717285,4.440140008926392
NCC1OC(n2cnc3c(O)ncnc32)C(O)C1O,4.711108207702637,3.4247031211853027,4.06790566444397
CCOC(=O)c1ccc2[nH]c3c(c2c1)CCNC3=O,6.198873996734619,4.998855113983154,5.598864555358887
O=C(CCc1ccco1)Nc1ccc2c(c1)OCCO2,5.472798824310303,5.970308780670166,5.721553802490234
COc1ccc2[nH]cc(CCNc3nc(-c4ccccc4)nc4ccccc34)c2c1,5.326262474060059,5.001284599304199,5.163773536682129
O=C(C=Cc1ccc(Cl)cc1)Nc1ccc2nsnc2c1,4.846785545349121,5.901146411895752,5.3739659786224365
C#CCN(C)C(C)Cc1ccccc1,4.207381248474121,6.7008585929870605,5.454119920730591
COc1cc2c(cc1OC)CN(CCc1ccc(NC(=O)c3ccc4c(c3)OCO4)cc1)CC2,5.775629997253418,4.982149600982666,5.378889799118042
CCOC(=O)c1cn(CCOC)c2cc(OC)c(O)cc12,5.304057598114014,4.4985032081604,4.901280403137207
CCNCC1CC2C=C(COC)C(C1)N2,3.730917692184448,2.906261682510376,3.318589687347412
CC(C)(C)C(=O)Oc1ccc2c(c1)nc(NC(=O)c1cccc([N+](=O)[O-])c1)n2CCCO,6.017041206359863,5.209296703338623,5.613168954849243
CNC(=O)c1ccc(Nc2nccc(Nc3cccc(F)c3)n2)cc1,6.138062000274658,5.884433746337891,6.011247873306274
COc1ccc2ccoc2c1,4.0730695724487305,5.6098833084106445,4.8414764404296875
COc1cccc(C(=O)Nc2ccc(C)cc2)c1,4.84326171875,4.759937286376953,4.801599502563477
O=C(Cc1ccccc1)NC1CCN(Cc2ccc(Br)cc2)CC1,5.257892608642578,2.8571255207061768,4.057509064674377
COc1cc2c(cc1OC)C(=O)C(=O)C2=NCC1CCCN1C,7.023810386657715,4.585045337677002,5.804427862167358
c1ccc(-c2nc3ccccc3n2CCCCCCNc2c3c(nc4ccccc24)CCCC3)cc1,7.291186809539795,4.021673202514648,5.656430006027222
O=C(Nc1ccc(OC(F)(F)F)cc1)OCc1ccccc1,6.431855201721191,5.988866329193115,6.210360765457153
CCn1c(=O)c2c(nc(OCCCCN3CCOCC3)n2C)n(CC)c1=O,6.250288963317871,5.252825736999512,5.751557350158691
CCc1n[nH]c(C(=O)NCc2ccc(OCC(=O)NC)cc2)c1C,5.770321846008301,5.07133674621582,5.4208292961120605
CCCCOC(=O)N=C1CCc2cc(OC)c(OC)c(OC)c2C2=CC=C(SC)CC21,4.985693454742432,4.800786018371582,4.893239736557007
CCc1ccc2c(c1)NC(=O)C2C(=Nc1ccc(C)cc1)N(C)C,6.567350387573242,4.549020767211914,5.558185577392578
Cc1cccc(C(=O)ON=C(N)c2ccc(F)cc2)c1,5.463335990905762,5.54918384552002,5.506259918212891
CC(=O)c1ccc(OCc2cc(-c3ccc(C)cc3)on2)cc1,4.987483978271484,6.63334846496582,5.810416221618652
Cc1ccc(C)c(-n2cc(C(=O)c3cccnc3)cn2)c1,5.506711959838867,4.346508026123047,4.926609992980957
Cc1cc(C)c(C=C2C(=O)Nc3ccccc32)[nH]1,6.140805244445801,6.206125259399414,6.173465251922607
COc1ccc(CN2CC=CC=C3C(=O)C(OC(C)=O)C(OC(C)=O)C=CC3=O)C2=O)c(OC)c1,,,
O=C(Nc1ccc(F)cc1)c1ccc(-c2csc3c(=O)cc(N4CCOCC4)oc23)cc1,6.386438369750977,5.706781387329102,6.046609878540039
CCOC(=O)C1=C(C)N=C2SC(c3ccc(OC)cc3)=CN2C1c1ccccc1,6.383572578430176,5.189764022827148,5.786668300628662
CN1CCC2(CC1)COc1ccc(Oc3ccc(-c4cc(C#N)co4)cc3)cc1C2=O,5.524297714233398,5.5825066566467285,5.5534021854400635
CN(C)CCCNC(=O)C=Cc1ccc(Cl)cc1,3.9100570678710938,4.312648296356201,4.1113526821136475
CCCN(CCC)C1CCc2c(c3ccccc3n2C)C1,5.506898880004883,4.0201497077941895,4.763524293899536
CCC(C)n1nc(C(=O)NCCC2=CCCCC2)c2ccccc2c1=O,6.628859043121338,5.144993305206299,5.886926174163818
N#Cc1cccc(-c2nc(Nc3cccc(OC(F)(F)F)c3)c3ccccc3n2)c1,5.508147716522217,5.207291126251221,5.357719421386719
Nc1ncnc2c1c(-c1ccc(F)c(O)c1)nn2C1CCCC1,5.1659440994262695,4.998175621032715,5.082059860229492
CCCCCCCOc1ccc(NC(=S)NC(=O)c2ccco2)c(OC)c1,7.413188457489014,6.250274658203125,6.831731557846069
COc1ccc(-c2nc3c(=O)n(C)c(=O)nc-3n(C)n2)cc1,4.594644546508789,5.159867763519287,4.877256155014038
COc1cc(Nc2nccc(-c3cnn4ncccc34)n2)cc(OC)c1,4.63202428817749,5.06602144241333,4.84902286529541
Fc1ccc(COc2ccc(C3=NN(CCCN4CCOCC4)C(=O)C3)cc2)cc1,5.691884517669678,6.338656425476074,6.015270471572876
Clc1ccc(C2=Nn3c(nnc3-c3ccccc3OCC3CC3)SC2)cc1,6.899431228637695,6.320913791656494,6.610172510147095
CN(C)CC1C=C2CCC1C2CN(Cc1ccc3c(c1)OCO3)C2=O,,,
CC1CCC2C(=O)N3CCCC3C(=O)N2C1c1ccc(F)cc1,4.8222503662109375,7.474617958068848,6.148434162139893
COc1cc2c(cc1OC)C(=O)C(Cc1ccc(Cl)cc1)=C2,5.7761735916137695,5.794017791748047,5.785095691680908
O=C1c2ccccc2-c2n[nH]c3cccc1c23,4.932783126831055,5.525638580322266,5.22921085357666
CC1CCC(O)CC1=CC=C1CC2CCC(C)(C)C2(C)C1CCC2(C)C(O)C=O,,,
CCOc1ccc(NC(=O)ON=C(C)C)cc1,5.429898262023926,4.566791534423828,4.998344898223877
CSc1nc(N)c2cnn(C3OC(COP(=O)(O)OP(=O)(O)O)C(O)C3O)c2n1,5.3319478034973145,3.165932893753052,4.248940348625183
CCOc1ccc(-c2nc(-c3ccccn3)no2)cc1,5.259050369262695,6.414724349975586,5.836887359619141
CCOCC1OC(=O)c2coc3c2C1(C)C1=C(OC(C)=O)CC2(C)C(=O)CCC2C1C3=O,5.25627326965332,6.49883508682251,5.877554178237915
CCN(CC)CCCCCCCCCOC(=O)C(C)(C)c1ccc(OC)c(OC)c1,5.786265850067139,5.155501842498779,5.470883846282959
C#CCN(C)C(C)Cc1c(C(=O)NCC)n[nH]c1C,5.448478221893311,5.455385208129883,5.451931715011597
N#Cc1ccc(CNC(=O)Cc2ccc(Cl)c(Cl)c2)cc1,4.015949249267578,5.170144557952881,4.5930469036102295
NC(=O)C1CCN(Cc2ccc(OCc3cccc(F)c3)cc2)CC1,5.48112154006958,5.422170162200928,5.451645851135254
CC(C)Nc1c(-c2ccc3[nH]ncc3c2)nc2ncccn12,4.835904121398926,4.713398456573486,4.774651288986206
CCCC1=NC2(CCCC2)C(=O)N1Cc1ccc(-c2cc(C)cc(C)c2)o1,7.258310794830322,5.621274948120117,6.43979287147522
CCCOc1ccc2c(-c3ccc(OC)cc3)noc2c1,4.64175271987915,6.061703205108643,5.3517279624938965
O=C(O)c1ccccc1C(=O)Nc1ccc2c(c1)OCCO2,6.035580158233643,5.5484819412231445,5.7920310497283936
N#Cc1ccc(-c2nc(-c3ccccc3)c(-c3ccccc3)o2)cc1Cl,4.988100528717041,4.97706413269043,4.982582330703735
C1=COC1C=CC=CC=CC(=NOCCO)C1,,,
CCC1(O)CC2CCC(C1)N2c1ccc(N2C(=O)c2ccncc2)cc1,,,
COc1cc(C=C2C(=O)c3ccccc3C2=O)ccc1O,6.446503639221191,6.48306941986084,6.464786529541016
CCOC(=O)c1ccc2[nH]c3c(c2c1)CCNC3=O,6.198873996734619,4.998855113983154,5.598864555358887
COc1cccc(C(=O)NN=C2c3ccccc3NC(=O)c3ccccc32)c1O,6.152670383453369,5.116972923278809,5.634821653366089
CN1CCN(CCCNc2nc(NCc3ccc(F)cc3)nc(N3CCCC3)n2)CC1,6.015726089477539,5.284176349639893,5.649951219558716
COc1ccc2c(c1)OC(=O)CC2=CN1CCCC1,5.126214027404785,4.810259342193604,4.968236684799194
NC(=O)c1cc2c(-c3ccccc3)cncc2s1,5.362359523773193,5.015933513641357,5.189146518707275
CC(=O)NC(=S)Nc1nc2cc(Cl)ccc2s1,5.940097332000732,4.507025241851807,5.2235612869262695
CC(=O)NC(CCOCc1ccccc1)C(=O)NC(CC(C)C)C(=O)NC(CCCN=C(N)N)C(=O)O,4.149504661560059,4.338622570037842,4.24406361579895
O=C(O)C(=O)CCCCCCCCCCCCNc1c2c(nc3cc(Cl)ccc13)CCCC2,7.589138507843018,5.3637776374816895,6.4764580726623535
CCNC(=O)OC1CCN(c2nc(-c3ccc(C#N)cc3)cs2)CC1,5.207264423370361,5.276869773864746,5.242067098617554
COCCn1cc(CCN(C)C)c2c(=O)c3cc(Cl)ccc3sc21,5.53997278213501,5.316960334777832,5.428466558456421
O=C(c1ccc(F)cc1)N1CCCC2(CCN(Cc3ccccc3)C2)C1,5.942952632904053,3.438765048980713,4.690858840942383
CC1(C)C2CCC1(C)C(OC(=O)c1ccc(Br)o1)C2,4.889210224151611,7.495688438415527,6.192449331283569
Clc1ccc(CSc2nsc(-c3ccncc3)n2)cc1,5.896262645721436,7.074308395385742,6.485285520553589
O=[N+]([O-])c1cc2c(OCCC3CC3)c(-c3ccc(F)cc3)c(O)nc2cc1Cl,6.30345344543457,6.548906326293945,6.426179885864258
CCOc1ccc2cc(-c3nc(-c4ccncc4)cs3)c(=O)oc2c1,5.828277587890625,6.369951725006104,6.099114656448364
CCCCCCn1cc2c3c(cccc31)N(C)C(C(C)=O)CC2,5.76002311706543,5.096541881561279,5.4282824993133545
COc1cccc(COc2ccc(Oc3ncnc4sc(C(N)=O)cc34)cc2)c1,5.860960483551025,6.419596195220947,6.140278339385986
COc1cccc(C(=O)N(C)c2cccc(C#N)c2)c1,5.208242416381836,5.367189407348633,5.287715911865234
COc1ccc2c3c1OC1C(=O)CCC4(O)C(O)CCC341,,,
COc1ccc(C2=CC3OCC(=Cc4ccc(-c5ccccc5F)o4)C(O)C23)cc1,4.873042583465576,6.761160850524902,5.817101716995239
Cc1cccc(NC(=O)NC2=C(c3cccc(OCCCN4CCCC4)c3)CC3C(=O)c4cc(O)ccc4C2=O)c1,,,
CCOCCSc1nc2cccnc2n1C,5.39743709564209,7.099360466003418,6.248398780822754
CC(=O)c1ccc2c(=O)n(C)c(=O)oc2c1,6.711462497711182,5.324946403503418,6.0182044506073
CC(C)N(Cc1ccccc1)C(=O)Nc1ccc(Oc2ccccc2)cc1,6.6380615234375,3.90059232711792,5.26932692527771
Cc1ccc(NC(=O)c2cc(F)cc(N3CCOCC3)c2)nc1,5.321049213409424,5.668416500091553,5.494732856750488
CNc1ncnc2c1N=C(c1ccc(NC(=O)Nc3cccc(C(F)(F)F)c3)cc1)CCN2,5.394164562225342,4.857650279998779,5.1259074211120605
CC1=CC2OC3CC4OC(=O)C=CC=CC(=O)OCCCOc5ccc(Cl)cc5Cl)C2(CC1)O4,,,
O=C(NCCS)c1ccc2c(c1)N(Cc1ccccc1)CCS2,5.001194953918457,4.741944789886475,4.871569871902466
CC(C)(C)c1cc[n+](Cc2ccc(OC(F)(F)F)cc2)cc1,5.399226665496826,4.6261396408081055,5.012683153152466
O=c1cc(-c2cccc3c2Sc2ccccc2S3)oc(N2CCOCC2)c1,5.46183967590332,4.342415809631348,4.902127742767334
O=C(NCCCCCCCCCCNc1c2c(nc3cc(Cl)ccc13)CCCC2)c1cc(=O)c2ccccc2o1,8.680213928222656,4.82408332824707,6.752148628234863
CC(=O)C1(O)Cc2c(O)c3c(c(O)c2C(OC2CC(O)C(O)C(C)O2)C1)C(=O)c1ccccc1C3=O,6.881429672241211,4.049261569976807,5.465345621109009
Nc1cccc2c1C(=O)C(=O)C2=Nc1ccccc1,6.165662288665772,3.099228858947754,4.632445573806763
N#Cc1ccc(C(=O)NCCc2csc(-c3ccc(Cl)cc3)n2)o1,6.868331909179688,5.73209285736084,6.300212383270264
CC(=O)Nc1cc(-c2cccc(C(F)(F)F)c2)nc(-n2nc(C)cc2C)n1,5.081933975219727,5.8092241287231445,5.4455790519714355
CSc1ccc(C=CC(=O)O)cc1,3.0326316356658936,6.147153854370117,4.589892745018005
c1ccc(-c2c3c(nc4sc(C5CCCC5)nn24)CCCC3)nc1,,,
NC(=O)C1CCN(CC2CCCc3cc(C(=O)O)ccc32)CC1,5.171121120452881,4.523318767547607,4.847219944000244
CN(C)c1cccc(C(=O)Nc2ccc(Br)cc2C(=O)NCCO)c1,5.845752716064453,5.084818363189697,5.465285539627075
Cc1cc(=O)oc2c3c(CN(C)C)c[nH]c3cc12,,,
COc1ccc(COc2ccc3c(C)c(C)c(=O)oc3c2)cc1,5.164393901824951,8.218551635742188,6.691472768783569
COc1ccccc1CCNCc1cccc(C)c1,4.363865852355957,3.2717301845550537,3.8177980184555054
O=C(NCCNc1c2c(nc3ccccc13)CCCC2)C1CCCCC1,6.856626510620117,4.549792289733887,5.703209400177002
COc1ccc(CCNc2nc3ccccc3nc2O)cc1,4.526497840881348,4.3647050857543945,4.445601463317871
O=C(C=Cc1cccc([N+](=O)[O-])c1)c1ccccc1,5.126588344573975,5.017105102539063,5.0718467235565186
O=C(O)CS(=O)(=O)c1ccc(-c2ccccc2)cc1,5.756743907928467,4.786643028259277,5.271693468093872
CS(=O)(=O)Nc1ccc(C(=O)Nc2cccc3c2CCCC3)cc1,6.008848667144775,5.247133731842041,5.627991199493408
O=C(CN1CCCC1)Nc1cccc2c1CCCC2,5.908244609832764,4.080455303192139,4.994349956512451
COc1cc2c(cc1OC)C(=O)C(COc1ccc(Cl)cc1)C2,6.567994594573975,5.731034755706787,6.149514675140381
CC(C)(C)c1cc2c3c(c1)C(C)(C)C(=O)N3CCC2,5.766870021820068,4.99272346496582,5.379796743392944
CC(C)CC1c2ccccc2S(=O)(=O)N1C,6.518508434295654,5.186994552612305,5.8527514934539795
CNC(Cc1ccccc1)C(=O)N1CCCC1C(=O)NC1CCCC1,4.917796611785889,4.274143218994141,4.595969915390015
O=C(C=Cc1cccc(Cl)c1)Oc1ccc2ccccc2c1,4.594433784484863,6.577469348907471,5.585951566696167
CC1=NOC(=O)C1=Cc1ccc(-c2cccc(Br)c2)o1,5.288827419281006,6.840687274932861,6.064757347106934
COc1cc2c(cc1OC)C1=NOC(CN3CCN(CC(C)=Cc4ccccc4)CC3)C1CO2,6.703359603881836,4.614506721496582,5.658933162689209
O=C(Nc1nc2ccccc2s1)c1cc([N+](=O)[O-])ccc1O,6.923002243041992,4.549355030059815,5.736178636550903
CC(=NNC(=O)c1nnn(-c2nonc2N)c1-c1cccnc1)C1CCCC1,4.805171966552734,4.395013809204102,4.600092887878418
Cc1ccc(C(=O)N2CCN(CC3CC=CCC3)CC2)cc1,5.289938449859619,3.168108940124512,4.229023694992065
O=C(C=Cc1ccccc1Cl)NC1CCC(CNc2nc3ccccc3o2)CC1,5.056041240692139,5.006086826324463,5.031064033508301
CCC(=O)OC1CCC2(COc3ccccc3)C3(C)C(CCC4C5(C)CCC(O)C(C)(C)C5CCC43C)C12,4.475565910339356,7.713438987731934,6.0945024490356445
COc1cc2c(Nc3ccc(Cl)cc3F)ncnc2cc1OCCCN1CCOCC1,5.0021257400512695,5.530118942260742,5.266122341156006
CC(=O)N1CCCc2cc(S(=O)(=O)Nc3ccc(F)cc3F)ccc21,5.21335506439209,5.619387626647949,5.4163713455200195
CCCn1c(=NC(=O)c2ccccc2)c(C#N)cc2c(=O)n3ccccc3nc21,5.4992265701293945,4.429238796234131,4.964232683181763
CC(C)(C)C(=O)Oc1ccc2c(c1)C13CCCCC1C(C2)N(CC1CCC1)CC3,5.449373245239258,4.7394843101501465,5.094428777694702
Sc1nc2cc3c(cc2[nH]1)CCCC3=Cc1ccccc1,5.213228702545166,6.823330879211426,6.018279790878296
CN1CCc2cc(O)c(O)cc2C(c2ccccc2Cl)C1,4.031882286071777,5.923421859741211,4.977652072906494
CN(C)C(=O)c1cccc(-c2csc(N3CCC(F)(F)CC3)n2)c1,5.768523693084717,6.77506685256958,6.271795272827148
CN(C)CCn1cc2c3c(cccc31)N(C)CCC3,,,
Cn1c(=O)c2c(nc(SCCc3cccc(Cl)c3)n2C)n(C)c1=O,5.831514835357666,6.904197692871094,6.36785626411438
COc1ccc(C=NNC(=O)c2cc3c(=O)n4ccccc4nc3cc2O)cc1,5.7559733390808105,4.712335586547852,5.234154462814331
Cc1ccc(C#N)c(SCC(=O)Nc2ccc(C(C)=O)cc2)n1,5.837836265563965,6.005134582519531,5.921485424041748
CN1CCN(c2nc(C3=C(c4c[nH]c5ccccc45)C(=O)NC3=O)c3ccccc3n2)CC1,4.8813676834106445,4.983100891113281,4.932234287261963
CCOC(=O)C1=C(C)N=C(C)C(C(=O)OCC)C1c1cccc(C#N)c1,6.26328706741333,4.952940940856934,5.608114004135132
C=CCn1c(C)nc2cc(C(=O)COc3cccc(F)c3)ccc21,6.083320617675781,6.328265190124512,6.2057929039001465
Cc1c2ccc(N(C)c3ccnc(Nc4cccc(S(N)(=O)=O)c4)n3)cc2nn1C,5.362277984619141,5.253562927246094,5.307920455932617
Cc1ccc2c(c1)c(CC(=O)OCc1nc(O)c3ccccc3n1)c(C)n2C(=O)C1CC1,6.437192916870117,5.244196891784668,5.840694904327393
Cc1ccc(NC(=O)Nc2ccc(-c3coc4ncnc(N)c34)cc2)cc1,5.939785957336426,4.554168224334717,5.246977090835571
O=c1c2ccccc2[nH]c(=S)n1CCN1CCC(=C(c2ccc(F)cc2)c2ccc(F)cc2)CC1,6.7428131103515625,5.113246917724609,5.928030014038086
COc1ccccc1NC(=O)CC1CCCN(S(=O)(=O)c2ccc(C(F)(F)F)cc2)C1,6.129621982574463,5.1025919914245605,5.616106986999512
CC(CN1C(=O)C(=O)c2cc(Br)ccc21)=NOCCC(=O)Nc1cccnc1,5.700751781463623,5.471272468566895,5.586012125015259
COc1ccc2oc3cc(OC)ccc3c(=O)c2c1,5.472501277923584,5.306041240692139,5.389271259307861
CCOC(=O)c1cnc(-n2nc(C)cc2C)nc1Nc1ccc(C)cc1,5.826322078704834,5.308196544647217,5.567259311676025
N#Cc1cccc(-c2cnc3ccc(C4(c5ccccc5)CC4)nn23)c1,4.438592433929443,6.170438766479492,5.304515600204468
CC(C)(C)NC(=O)c1ccc2cc3ccccc3c(=O)c2c1,,,
COc1ccc(NC(=O)Cc2ccc(-c3cccc4onc(N)c34)cc2)cc1Cl,6.028042793273926,4.584440231323242,5.306241512298584
CN1N=C(c2ccccc2)CC1c1ccccc1Cl,6.295421600341797,5.497928142547607,5.896674871444702
COc1ccc(C(=O)Nc2cnc3[nH]cc(-c4ccccc4)c3c2)cc1,4.929211139678955,5.201383113861084,5.0652971267700195
Clc1cc(OCC(Cl)Cl)cc(Cl)c1,3.818671226501465,6.098209381103516,4.95844030380249
COc1ccc2c(c1)c(CC(=O)NCCC1=CCCCC1)c(C)n2C,5.506980895996094,5.201397895812988,5.354189395904541
COc1ccc(-n2c(C)cc(C3=CCN(C(=O)COc4ccccc4)CC3)c2C)cc1,5.637171745300293,5.73640775680542,5.6867897510528564
Cc1cc2cc(C#N)c(C=Cc3ccccc3)nc2cc1C,4.759462833404541,6.692508697509766,5.725985765457153
CC(C)C(NC(=O)C1CCCN1C(=O)N1CC=S(O)(O)=CC1)C(=O)c1nc2ccccc2s1,6.197081565856934,4.375387668609619,5.286234617233276
COc1cc2c(cc1OC)C(=O)C(Oc1ccc(C(C)=O)cc1)C2,7.102496147155762,4.8031110763549805,5.952803611755371
COC(=O)c1ccc(NC(=O)Cc2ccc(Cl)c(Cl)c2)cc1,3.838961362838745,4.8281660079956055,4.333563685417175
Cc1ccc(N=C2CC(=O)c3sc(C)nc3C2=O)cc1,5.841367721557617,5.803271770477295,5.822319746017456
CN1CCN(CC(=O)c2ccc(OCc3ccccc3)cc2)CC1,4.7298784255981445,4.869677543640137,4.799777984619141
CCCCCCCCCCCCOc1ccc(N=C(N)N)cc1N=C(N)N,5.603298187255859,7.20989465713501,6.406596422195435
O=C(CCCc1c[nH]c2ccccc12)Nc1sc2c(c1C(=O)O)CCCC2,6.842846393585205,4.851131916046143,5.846989154815674
COC1C=CC=C(C)C(=O)NC2=CC(=O)C=C(C2=O)C(OC)C(C)CC(OC)C(OC)C(C)C=C(C)C1OC(N)=O,4.118476390838623,5.269523620605469,4.694000005722046
Cc1ccc(-c2coc3c(O)c(O)ccc3c2=O)cc1,5.46343469619751,5.85543155670166,5.659433126449585
CC(C)CCNC(=O)c1cc2cc([N+](=O)[O-])ccc2oc1=O,5.612975120544434,5.585693836212158,5.599334478378296
C=CCSC1=NC(=C2C=CC(=O)C=C2C=C1)C(=O)N1CCCC1,6.155413627624512,5.135751724243164,5.645582675933838
COCCOC1CC(C(=O)N2CCC(CC(=O)N3CCCC3)CC2)OC1=O,5.853038311004639,4.377869129180908,5.115453720092773
CCOc1ccc(Cc2cc3c(cc2Cl)OCCC3=O)cc1,5.85736608505249,5.684474945068359,5.770920515060425
O=C(C=Cc1ccccc1)Nc1ccc2c(c1)OCO2,5.188838005065918,6.15038537979126,5.669611692428589
Cc1nn(CCC(=O)N2CCOCC2)c(=O)c2noc3c2c1C(=O)c1ccccc1-3,,,
O=C(NCC1CCCO1)Nc1cccc(CCCCOc2cccc3ccccc23)c1,5.31465482711792,5.231769561767578,5.273212194442749
Cc1cccc(-n2ncc3c(NCC4CCCO4)ncnc32)c1,5.371397018432617,5.55354642868042,5.4624717235565186
CC(=NNC(=O)c1nnn(-c2nonc2N)c1-c1ccc(Cl)cc1)c1ccco1,5.593090057373047,3.89813756942749,4.7456138134002686
Nc1ccc2c(c1)C(=O)N(c1cccc(Cl)c1Cl)C2=O,4.89536714553833,5.182164192199707,5.0387656688690186
N#Cc1nc(-c2ccc3c(c2)OCCO3)ns1,5.246503829956055,5.478821754455566,5.3626627922058105
CC(=O)NC(C)C(=O)OCC(=O)C12OC(C)(C)OC1CC1C3OC(=O)C2(C)C,,,
CC(C)n1nc(-c2cc(F)cc(O)c2)c2c(N)ncnc21,4.883993148803711,4.3026509284973145,4.593322038650513
O=C(C=Cc1ccccc1)NC1CCCN(Cc2ccccc2)C1,4.627991676330566,3.7467122077941895,4.187351942062378
O=C(CCCCCNc1nc(-c2ccccc2)cs1)c1ccccc1O,6.200336933135986,5.245986461639404,5.723161697387695
Cc1[nH]c2ccccc2c1C=Cc1cc[n+](C)cc1,4.737974166870117,5.5350542068481445,5.136514186859131
Cc1c(C)c2ccc(OCc3ccc(C(=O)N4CCCCC4)o3)cc2oc1=O,5.847976207733154,5.796135425567627,5.822055816650391
CCC1=NN2C(=O)CC(=COC(=O)c3ccccc3OC)N=C2S1,6.988964557647705,4.627058982849121,5.808011770248413
O=C1c2ccccc2C(=O)N1c1cccc([N+](=O)[O-])c1,4.802302837371826,5.083524227142334,4.94291353225708
Cc1nc(-c2cccc(C#N)c2)c(-c2ccoc2)o1,4.643606662750244,6.370456218719482,5.507031440734863
CCn1c(C)cc(C(=O)COc2ccc(C)cc2C)c1C,6.083492279052734,6.437880516052246,6.26068639755249
COc1ccc(-c2nsc(SCC(=O)c3ccc(Cl)cc3)n2)cc1,6.470829486846924,6.912899971008301,6.691864728927612
CCN(CC)C(=O)c1cccc(N(c2cccc(C)c2)S(=O)(=O)c2c(C)noc2C=C2CC(#N)=NN2)c1,,,
O=C(c1ccc(OCc2cccc(F)c2)cc1)C1CC1,4.502129554748535,6.121705055236816,5.311917304992676
CCCCC1CCN(CCCC(=O)c2ccccc2C)CC1,6.209673881530762,3.876162052154541,5.042917966842651
O=C1c2c(O)ccc(O)c2C(=O)c2c(NCCNCCO)ccc(NCCNCCO)c21,6.1360182762146,5.045470237731934,5.590744256973267
CN(C)C1=NC2=CC(C(=O)C=Cc3ccco3)CC(=O)C2C(=O)C1,5.288168907165527,5.646789073944092,5.46747899055481
O=C(C=Cc1ccccc1)Nc1ccc2ccccc2c1,4.142925262451172,6.455669403076172,5.299297332763672
COc1ccc(OC)c2sc(NC(=O)C3CCC3)nc12,6.243265151977539,5.110032558441162,5.676648855209351
CCCS(=O)(=O)c1ccc(CC2=NCCN2)cc1,5.922821998596191,4.556437969207764,5.2396299839019775
O=C1CCc2cc(OCc3cccc(Cl)c3)ccc2N1,4.199397087097168,7.328123569488525,5.763760328292847
CCCCn1nnnc1CN(C(=O)C2CCC2)C1CCCCC1,5.2656450271606445,4.7031569480896,4.984400987625122
N#CC1C(=N)n2c(sc(=Cc3ccco3)c2=O)=C(C(N)=O)C1c1ccco1,6.809875965118408,4.6765875816345215,5.743231773376465
CC1=Nc2[nH]ncc2C(c2ccc(Cl)c(Cl)c2)C1C(=O)N1CCN(c2ccc(F)cc2)CC1,6.118913173675537,6.67825174331665,6.398582458496094
CC(=O)Nc1c(C(=O)c2ccccc2C)oc2ccccc12,5.468562126159668,4.125843524932861,4.797202825546265
O=C(NCc1ccccc1C(F)(F)F)OC1CC=CCC(CCc2ccc(F)cc2)C1,5.153275966644287,4.868283271789551,5.010779619216919
Cc1sc2ncn(CC(=O)OCN3C(=O)c4ccccc4C3=O)c2c1C,5.669419288635254,4.899834156036377,5.284626722335815
COc1cccc(C=CC(=O)Nc2cc(-c3cc4ccccc4oc3=O)ccc2OC)c1,5.838404178619385,6.116636753082275,5.97752046585083
CCC(=O)CCC1CCC2C(=CCc3ccc(-c4ccccc4)cn3)C3C(C)OC(=O)C3CC2C1,4.652754306793213,5.787010669708252,5.219882488250732
O=C1NCC2(CCN(C(=O)c3ccc[nH]3)CC2)Oc2ccc(Cl)cc21,5.544856548309326,4.707052707672119,5.125954627990723
COc1ccc(-c2csc(N3CCC(C(N)=O)CC3)n2)cc1,5.313600063323975,5.917433261871338,5.615516662597656
CC1=CC(C)(C)Nc2ccc3c(c21)COc1c(F)c(F)cc(F)c1-3,5.072317123413086,5.965551376342773,5.51893424987793
Cc1ccc(COc2ccc(CC3=NCCN3)cc2)cc1,5.280719757080078,5.454092025756836,5.367405891418457
CCOCCOCCOc1ccc(NC(=O)Cn2ccnc2)cc1,5.1218037605285645,6.521264553070068,5.821534156799316
COc1cc(C#N)ccc1Oc1ccc(C#N)cc1,5.317023754119873,6.200558662414551,5.758791208267212
CCCCCCCC(=O)NCC(=O)N1CCN(CC)CC1,5.663205623626709,5.2691755294799805,5.466190576553345
O=C1c2ccccc2-c2nnc3ccccc3c21,4.671916961669922,4.550271511077881,4.611094236373901
CN(C)c1ccc2[nH]c(O)c(C=Nc3ccc(S(N)(=O)=O)cc3)c2c1,5.2506914138793945,5.411591053009033,5.331141233444214
COc1cnc2ccc(C(=O)OCCCCCCCCCCCCOc3ccc4c(c3)OC(C)(C)CC4=O)cc2c1,5.081023693084717,6.439114570617676,5.760069131851196
COc1ccc(C=CC2CC(CO)(COC(=O)c3ccc([N+](=O)[O-])cc3)OC2=O)cc1,4.513144493103027,5.4737548828125,4.993449687957764
Cc1cc2c(=O)n(CC(=O)NCC3CCCCC3)cnc2s1,6.274534702301025,5.319243431091309,5.796889066696167
CC1=CC2Cc3nc4cc(Cl)ccc4c(NCCCCO)c3C(C1)C2,7.483594417572021,4.894948482513428,6.189271450042725
COc1cc2c(cc1Cl)C(=O)C(Cl)=C(Cl)C2=O,5.285163879394531,6.964845657348633,6.125004768371582
CC(=NNC(=O)c1cccc(O)c1)c1ccc(N(C)C)cc1,5.147037506103516,4.822295665740967,4.984666585922241
CCOC(=O)C1CCN(C(=O)c2cc3ccccc3o2)CC1,6.066246032714844,4.740764141082764,5.403505086898804
COc1cc2c(cc1OC)C(=O)C(Oc1ccc(C)cc1)C2,6.67012357711792,4.894330978393555,5.782227277755737
CCOC(=O)c1cccc(OC(=O)CNC(=O)c2cccc(OC)c2)c1,6.545510292053223,4.663594722747803,5.604552507400513
COc1cc(C=CC(=O)c2ccc(Cl)cc2)cc(OC)c1OC,5.285215854644775,4.718838691711426,5.002027273178101
CC(=O)c1cc(-c2cccc([N+](=O)[O-])c2)oc1C,6.130049705505371,6.0928497314453125,6.111449718475342
O=C1CC(=O)c2ccccc2C1=O,6.008968353271484,5.127601146697998,5.568284749984741
Cc1cccc(CN2CCC(C(=O)N3CCc4ccccc4C3)CC2)c1,5.931067943572998,3.915952682495117,4.923510313034058
NC(O)c1cn(-c2ccc3c(c2)CCC3)c2nc(N)nc(Nc3ccc(CC(=O)O)cc3)n12,,,
O=C1NC2CCCCCCCCCCCCNCCCOc3ccccc3S12,2.9849958419799805,5.508970260620117,4.246983051300049
O=C(O)c1ccc(NN=CC=C2c3ccccc3Nc3ccccc32)cc1,5.629167079925537,5.926193714141846,5.777680397033691
O=C(C=Cc1ccco1)C=C1SC(=S)N(c2cccc(Cl)c2)C1=O,5.135759353637695,5.346715927124023,5.241237640380859
COc1ccc(-c2cnc3c(NC=O)cc(-c4ccc(C)cc4)cn23)cc1,5.258614540100098,5.654105186462402,5.45635986328125
O=C(C=Cc1ccco1)NCCc1ccccc1,4.064745903015137,5.861860275268555,4.963303089141846
Cn1c(=O)c2c(nc(SCc3ccc(C(F)(F)F)cc3)n2C)n(C)c1=O,5.729141712188721,6.546842575073242,6.1379921436309814
O=C1CCc2cc(OCCCCN3CCCN(c4cccc(Cl)c4Cl)CC3)ccc2N1,5.3584160804748535,5.249248027801514,5.303832054138184
CC1=CC(C)(C)Nc2cc3oc4ccccc4cc21,,,
COc1ccc(F)cc1NC(=O)c1ccc2ncsc2c1,4.97661828994751,5.425699234008789,5.201158761978149
O=C1C(=O)C(c2ccc(O)c(O)c2)Oc2cc(O)cc(O)c21,5.846800804138184,4.774688243865967,5.310744524002075
CC=Cc1cccc(OC(=O)c2cccnc2)c1,5.694424629211426,5.736997604370117,5.7157111167907715
Cc1cccc(C)c1-n1c(=O)c2cnc(Nc3ccc(OC(F)(F)F)cc3)nc2n2c3c(sc2c1=O)CCCC3,,,
O=C(NC(Cc1c[nH]c2ccccc12)C(=O)Nc1ccncc1)c1ccc2ccccc2c1,5.470827579498291,4.894155502319336,5.1824915409088135
COc1ccc(C(=O)n2c(N)nc3ccccc32)cc1,5.316646099090576,3.868561029434204,4.59260356426239
CCn1c(C)c(-c2ccnc(Nc3cccc(OC)c3)n2)sc1=O,5.689199924468994,6.423762321472168,6.056481122970581
Cc1c2c(n3c1CCN(CC(C)Nc1ccc(F)cc1)CC3)CC(C)CC2=O,6.338222026824951,5.246201038360596,5.792211532592773
CC(=O)N1CCCc2cc(S(=O)(=O)NC(Cc3c[nH]c4ccccc34)C(=O)O)ccc21,5.572580337524414,4.695479869842529,5.134030103683472
O=C(CCl)Nc1ccc2c(c1)CCN2Cc1ccc(F)cc1,4.828484535217285,5.461477756500244,5.144981145858765
O=c1oc2cc1OCc1ccccc1Cl,,,
CC=C1N=C2C(C1)c1cc(OCCCN3CCCC3)ccc1OC2c1ccc(Cl)c(Cl)c1,6.897770881652832,6.761908531188965,6.829839706420898
C=CCN1CCC(NC(=O)c2ccc3ncsc3c2)CC1,4.76292610168457,4.862772941589356,4.812849521636963
N#Cc1ccc(-c2ccc(OCCCCCC3CCN(Cc4ccccc4)CC3)cc2)cc1,5.115796089172363,4.771006107330322,4.943401098251343
C#CCN(c1ccc(C(=O)NC(CCCN=C(N)N)C(=O)O)cc1)C1CCc2cc3nc(C)cc(O)n3n2C1,,,
COc1cc(CO)c2c(N)c(C(=O)NCC3CCC(CNc4ccccc4)CC3)sc2n1,6.463616847991943,4.199913501739502,5.331765174865723
COc1cc2c(cc1O)-c1n[nH]c(Nc3cccc(F)c3)c1C2,5.965555191040039,5.082422256469727,5.523988723754883
CCCOc1ccc(C2CC(=O)N3CN(c4ccccc4)CSC3=C2C#N)cc1,6.548141479492188,6.47138786315918,6.509764671325684
O=C(CCl)Nc1ccc2c(c1)C(=O)C(=O)c1ccccc1C2=O,5.090217113494873,6.264939785003662,5.677578449249268
CCN(CC)C(=O)CSc1nc2ccccc2c(=O)n1CCc1ccccc1,5.823668003082275,5.570635318756104,5.6971516609191895
CS(=O)c1ccc(-c2nc(-c3ccc(F)cc3)c(-c3ccncc3)[nH]2)cc1,5.915413856506348,5.717586517333984,5.816500186920166
O=C(C=CCc1cccs1)NCCSCc1ccc(Br)cc1,4.253044128417969,5.259606838226318,4.7563254833221436
N#Cc1ccc(-c2nc(-c3ccccn3)no2)cc1,4.968173980712891,6.006048679351807,5.487111330032349
Nc1ccc2c(c1)OCC2=CCC1CCC2C(=O)CCC1,,,
Cc1ccc(C(C)c2c(C)c(C)c(C)c(=O)o2)s1,6.935052871704102,8.091153144836426,7.513103008270264
c1ccc(C2CN3CCSC3=N2)cc1,6.589893341064453,6.140233993530273,6.365063667297363
CC(=O)OCC1OC(=O)C(CCC(C)C)NC(=O)C2COC(=O)CCCCC(=O)Nc3cc(F)ccc32)C1O,,,
O=C(c1ccc(C=Cc2[nH]nc3ccccc23)cc1)N1CCNCC1,5.320178508758545,5.344418525695801,5.332298517227173
Cc1ccccc1NC(=O)Nc1ccc(CO)cc1,4.954665660858154,4.8299994468688965,4.892332553863525
CN1CC(C(=O)NC2(C)OC3(O)C4CCCN4C(=O)C(Cc4ccccc4)N3C2=O)C=CC1=O,6.544204235076904,5.540981769561768,6.042593002319336
CN1CCCC1COc1cncc(CCc2ccccc2)c1,4.543266296386719,5.216981887817383,4.880124092102051
COc1ccc(NC(=O)Nc2ccccc2F)cc1-c1ccccn1,5.22166919708252,5.063722133636475,5.142695665359497
Cc1cccc(-c2csc(NC(=O)c3ccco3)n2)c1,6.251421451568604,5.711676120758057,5.98154878616333
COc1ccc(C=CC(=O)Nc2cc3c(cc2OC)OCO3)cc1OC,5.828715801239014,4.3352370262146,5.081976413726807
CCOC(=O)CNC(=O)c1cc2c(=O)n3cccc(C)c3nc2n1C,5.7635040283203125,4.217750072479248,4.99062705039978
CC12CCC(=O)CC1=CCC1C2CCC2(C)C1CCC2(O)C(O)C=O,4.750414848327637,8.171137809753418,6.460776329040527
COc1cc2c(cc1OC)C(=O)C(CC1CCN(Cc3ccccc3)CC1)C2,7.634812831878662,4.137218475341797,5.8860156536102295
OCCOCCN1CCN(CCCCCCCNS(=O)(=O)c2ccc(-c3ccc(O)cc3)cc2)CC1,4.966212272644043,4.851124286651611,4.908668279647827
CC1CCCCN1Cc1cc2cc(C(=O)c3ccc(O)c(O)c3)ccc2o1,5.970894813537598,4.711696624755859,5.3412957191467285
Cc1ccc2c(c1)N=C(N1CCCC(C)(C)C1)c1ccccc1S2,5.239382266998291,4.564831256866455,4.902106761932373
C=CCNC(=O)c1oc2ccccc2c1COc1ccc(C=C)cc1,6.714235782623291,6.278958320617676,6.496597051620483
O=c1cc2oc3cc(O)ccc3c(=O)c2cc1-c1ccccc1,,,
CCOC(=O)c1cc2c(=O)n3ccccc3nc2n(CC2CCCO2)c1=NC(=O)CC1,,,
O=C(NCC1CCCCC1)Nc1no[n+](O)c1N1CCCCC1,5.569135665893555,5.093730926513672,5.331433296203613
COc1ccc([N+](=O)[O-])cc1Nc1nc(Nc2ccc(C)c(C)c2)ncc1Cl,5.969521522521973,4.91403341293335,5.441777467727661
CC1CCN(C(=O)CCC2CCN(c3ccccc3)CC2)CC1,6.419672012329102,3.9411308765411377,5.18040144443512
COc1cc(OC)c2c(=O)cc(-c3ccccc3)oc2c1,5.880367279052734,4.332305431365967,5.106336355209351
O=C(CCl)N1CCC(N2C(=O)c3ccccc3C2=O)CC1,5.103148460388184,4.983702659606934,5.043425559997559
COc1ccc2cc3cc(C(=O)N4CCC5(CC4)OCCO5)oc3nc2c1,6.332690238952637,4.815809726715088,5.574249982833862
Cc1ccc2c(c1)Oc1cc(N3CCOCC3)ccc1S2(=O)=O,5.828928470611572,5.993901252746582,5.911414861679077
Cc1ccc(C(=O)C=Cc2cccc(OC(=O)c3ccccc3Cl)c2)s1,5.662754058837891,5.628706932067871,5.645730495452881
CCNc1nccc(-c2cccnc2Oc2ccc(NC(=O)c3ccccc3Cl)cc2)n1,6.186338424682617,5.475509643554688,5.830924034118652
O=C(CN1CCN(CC2CCCCC2)CC1)N=C1CCCCC1,5.443828105926514,3.767911911010742,4.605870008468628
O=C(NCCCCCCNc1c2c(nc3cc(Cl)ccc13)CCCC2)c1ccc(Cl)cc1,8.711727142333984,4.469086647033691,6.590406894683838
CSc1nc(Cl)c(C#N)c(NCCc2ccccc2)n1,5.6353302001953125,6.189418315887451,5.912374258041382
COc1ccc(Nc2nc(-c3cccnc3)cs2)cc1,4.769096374511719,6.1928558349609375,5.480976104736328
CC1CC2C3CC=C4CC(=O)C=CC4(C)C3(F)C(O)CC2(C)C1(OC(=O)c1ccoc1)C(=O)CCl,5.027950286865234,8.125200271606445,6.57657527923584
COc1ccc(CN2CCC(Nc3nc4ccccc4o3)CC2)cc1,5.165427207946777,4.362067222595215,4.763747215270996
Oc1ccc2c(c1)OC(CNCCCCCCCOCCOc1cccc(CN3CCOCC3)c1)CC2,5.339889526367188,4.892848491668701,5.116369009017944
CC(=O)c1cccc(-c2cnc3[nH]ccc3c2)c1,5.0180487632751465,6.212108612060547,5.615078687667847
O=C1CCCc2cc(OCc3cccc(Br)c3)ccc21,4.132737159729004,7.569565773010254,5.851151466369629
CN1CCN(Cc2ccc3c(c2)Cc2c(-c4csc(C#CC(C)(C)N)c4)n[nH]c2-3)CC1,5.613383769989014,4.670605182647705,5.141994476318359
O=C(NC1CCCCC1)c1ccc2c(c1)C(=O)c1ccccc1-2,5.211164951324463,5.439728736877441,5.325446844100952
N#Cc1ccc2c(c1)c(C(=O)Nc1ccc(F)cc1)cn2CCC1CCNCC1,6.727560997009277,5.378153800964356,6.052857398986816
COc1cc2c(cc1OC)C(=O)C(=Cc1cc3c([nH]1)CCN(C(=O)C3)C2,,,
COc1ccc(NC(=O)c2ccc(F)c(S(=O)(=O)N3CCOCC3)c2)cc1,5.62415885925293,5.610389232635498,5.617274045944214
Cc1nn(C(=O)c2ccc(Cl)cc2)c(C)c1Sc1ccc(F)cc1,6.158082485198975,5.2024993896484375,5.680290937423706
C#CCN(c1ccc(C(=O)NC(CCCCC)C(=O)O)cc1)C1CCc2cc3[nH]c(C)nc(=O)c3cc21,5.045450210571289,5.377044200897217,5.211247205734253
O=C1CCc2ccc(OCCCCN3CCN(c4cccc(Cl)c4Cl)CC3)cc2N1,5.370542526245117,5.415627479553223,5.39308500289917
Clc1ccc(CCCOc2cccnc2)cc1,4.079699516296387,5.949676036834717,5.014687776565552
CC(NC1C1)C(=O)OC2Cc3c(cc(OC(C)=O)c(Cl)c3)OC21,,,
COCC(=O)N1CC=C(Cc2ccc(Cl)cc2)CC1,4.894678115844727,4.5369181632995605,4.7157981395721436
Cc1ccccc1COc1ccc(-c2nnn(CCN)n2)cc1,5.3377203941345215,6.013804912567139,5.67576265335083
COc1cc2c(cc1OC)C1=NOC(CN3CCN(CC(C)=Cc4cccs4)CC3)C1CO2,6.817438125610352,4.759782314300537,5.788610219955444
CC1(C)C=C2CC(=O)CCC2(C)C2CCC3(C)C(CCC3(C)O)C1,,,
O=[N+]([O-])c1ccc(-c2ccc(C#Cc3ccccn3)o2)cc1,4.906999111175537,5.9569501876831055,5.431974649429321
CC(NC1C(=O)C(=O)C1=Nc1ccncc1)C(C)(C)C,5.5386152267456055,5.903437614440918,5.721026420593262
CC(C)C(=O)Nc1nc(-c2ccc(S(=O)(=O)N3CCCC3)cc2)cs1,6.290833950042725,5.924743175506592,6.107788562774658
O=C(O)c1coc2cc(OCc3cccc(Cl)c3)ccc12,4.453800201416016,7.119579315185547,5.786689758300781
COc1cc(C=C2SC(=S)N(CCCC(=O)Nc3ccccc3)C2=O)ccc1O,6.657877445220947,5.114221572875977,5.886049509048462
O=C(NCc1ccccc1)C(=O)N1CCCCC1,5.339716911315918,4.249025344848633,4.794371128082275
CC(=O)NCCCCCCc1cccc(O)c1,5.503677845001221,4.227841377258301,4.865759611129761
O=C1Cc2c([nH]c3ccc([N+](=O)[O-])cc23)-c2ccccc2N1,5.156867504119873,5.928645133972168,5.5427563190460205
Cc1cnc(-c2ccc(OCCN3CCCC3)cc2)o1,5.03428840637207,6.089776992797852,5.562032699584961
Cc1cc(=O)oc2cc(OCC(O)CN3CCC(CNC(=O)Cc4ccc(Br)cc4)CC3)ccc12,5.492452144622803,4.842288017272949,5.167370080947876
OCC1OC(n2cnc3c(NC4CC5CC4C4OC54)ncnc32)C(O)C1O,6.252833366394043,5.704219341278076,5.97852635383606
CC(C)c1nc2c(=O)n(C)c(=O)nc-2n(C)n1,5.073925971984863,6.224517822265625,5.649221897125244
O=C1CCc2cc(C(=O)c3ccc(Cl)cc3Cl)cc3c2N1CC3,5.726473808288574,6.159100532531738,5.942787170410156
COc1ccccc1NC(=O)CCC(=O)c1ccc2c(c1)CCCC2,5.786275386810303,4.879987239837647,5.333131313323975
CCCCCOC(=O)NS(=O)(=O)c1ccccc1-c1ccc(Cn2c(CCC)nc3ccc(NCCCC)cc3c2=O)cc1,5.793945789337158,5.136071681976318,5.465008735656738
COc1ccc(OC)c(CNC(=O)c2cc(-c3ccc(Cl)cc3)n[nH]2)c1,5.160767078399658,4.429811000823975,4.795289039611816
CC(C)(C)c1ccc(-n2c(C(=O)O)cc3cc(O)ccc32)cc1,5.192830562591553,4.827587604522705,5.010209083557129
CCc1cc(C(N)=O)c(NC(=O)C2CCCCC2C(=O)O)cc1OC,5.906757354736328,4.359411239624023,5.133084297180176
O=C(O)c1ccc2c3c1cccc3c(=O)n1c3ccccc3nc21,5.625690937042236,4.564399242401123,5.09504508972168
C=CCn1c(=O)c2c(ncn2CCC)n(-c2ccc(OC)c(C#N)c2)c1=O,5.51851224899292,4.809686660766602,5.164099454879761
O=C(Oc1ccccc1Br)c1ccc(Cl)cc1,4.814277648925781,5.261806488037109,5.038042068481445
Cc1nn(-c2ccccc2)c2sc(NC(=O)c3ccc(F)cc3)nc12,6.155782222747803,4.944947719573975,5.550364971160889
O=C(CCCc1c[nH]c2ccccc12)NCCc1ccccc1,4.872111797332764,4.874668598175049,4.873390197753906
CC1=NOC(=O)C1=Cc1ccc(OCCCCNc2c3c(nc4ccccc24)CCCC3)cc1,6.73216438293457,5.962465763092041,6.347315073013306
COc1ccc(C(=O)C(=Nc2ccccc2)C(Cl)Cl)cc1,6.196441650390625,4.381344318389893,5.288892984390259
COc1ccc2c(C)c(CCNC(=O)C(N)Cc3ccc(-c4ccc(C)o4)cc3)oc2c1,5.789704322814941,5.672917366027832,5.731310844421387
CC(=O)Nc1cccc(C(=O)OCC2CC(=O)N(c3ccccc3)C2)c1,5.203553676605225,4.723538875579834,4.963546276092529
CC1=CC(C)(C)Nc2ccc(-c3csc(C#N)c3)cc21,5.172789096832275,6.210822105407715,5.691805601119995
O=C(CCl)Nc1ccc2c(c1NCC2)N=Cc1cccc([N+](=O)[O-])c1,5.512624263763428,5.044163227081299,5.278393745422363
O=C1Nc2ccc(S(=O)(=O)Nc3ccccc3Cl)cc2C1=O,5.718686103820801,4.978227615356445,5.348456859588623
CN1N=C(c2ccccc2OCc2ccc(Cl)cc2)CC1c1ccccc1,6.021800994873047,5.925084114074707,5.973442554473877
COc1cccc(C=Cc2cc3ccccc3o[n+]2O)c1,,,
CC(C)(C)c1ccc(C(=O)CCCN2CCC(OC(c3ccc(F)cc3)c3ccc(F)cc3)CC2)cc1,5.252379894256592,4.576101303100586,4.914240598678589
COc1ccc(C(=O)C=Cc2ccc(OC)c(OC)c2)cc1,5.243285179138184,4.7447896003723145,4.994037389755249
O=C(C=Cc1ccccc1Cl)NC1CCC(CO)(COC(=O)c2ccc(O)c([N+](=O)[O-])c2)CC1,4.075995445251465,5.237918853759766,4.656957149505615
COc1cc2c(cc1OC)C(=O)C(=Cc1ccc(N(C)C)cc1)C2,5.963045597076416,5.7176618576049805,5.840353727340698
COc1cc2c(c(OC)c1OC)C1=CC=C(SC)C(=O)CC1C(=NC(C)=O)CC2,5.917663097381592,4.6202826499938965,5.268972873687744
COc1cc(C=NNC(=O)c2ccc([N+](=O)[O-])cc2)ccc1O,5.589524745941162,3.9543628692626953,4.771943807601929
COc1ccc2c(c1)C=C(C)CS2,4.399560451507568,5.658346652984619,5.028953552246094
Nc1ccc2c(c1)C(=O)C(=O)c1ccccc1-2,5.216421127319336,5.570797443389893,5.393609285354614
Cc1ccc(NC(=O)c2cccc(CC3CCN(C)C3=O)c2)cc1,5.576340675354004,4.700449466705322,5.138395071029663
O=C(NC(=S)Nc1ccc(Cl)cc1)c1c(F)cccc1F,6.022263050079346,5.727949142456055,5.8751060962677
COc1cc(CNC(=O)C=Cc2cccc([N+](=O)[O-])c2)cc(OC)c1OC,5.414338111877441,3.9864678382873535,4.7004029750823975
COc1ccc2c(c1)CC(Cc1ccccc1)=N2,5.421463966369629,4.311705589294434,4.866584777832031
CCCCc1c(C(=O)OCC)c(CC(=O)OCC)c2c(-c3cccc(Cl)c3)cc(N3CCOCC3)nn12,5.364744663238525,4.734564781188965,5.049654722213745
CC#CC1(O)CCC2C3CC=C4CC(=O)CCC4=C3C(c3ccc(N(C)CCCN(C)C)cc3)CC21C,5.253084659576416,6.685715675354004,5.96940016746521
CC(C)(C)c1ccc(C2CCCN2S(=O)(=O)c2ccc(C(=O)NCc3ccco3)cc2)cc1,5.386717319488525,4.059031963348389,4.722874641418457
C[N+]1(C)CCCC1c1ccc(C(=O)c2cc3cccc(Br)c3o2)cc1,4.638421058654785,5.029001235961914,4.83371114730835
Cc1ccc(NC(=O)C=Cc2ccc(O)c(O)c2)cc1,4.72105073928833,5.801231384277344,5.261141061782837
O=C(O)c1ccc(N2C(=O)c3ccccc3C2=O)cc1O,6.283720970153809,5.699204444885254,5.991462707519531
C=C(CC)C(=O)OC1=CC=C2C=CC(C)C(=O)C=C2C1,2.982602834701538,5.640022277832031,4.311312556266785
CCCC1C=CC2=CC(C)C(=O)C(OC(=O)c3cc(OC)c(OC)c(OC)c3)C(C)C2=C1,4.247225284576416,4.695591449737549,4.471408367156982
O=C(c1ccc(Sc2ccccc2)o1)N1CCc2sccc2C1,5.965745449066162,4.436173439025879,5.2009594440460205
O=C(NCC(O)COc1ccccc1)c1ccc(N(CCCl)CCl)cc1,4.915798664093018,5.534505844116211,5.225152254104614
COc1cccc(CNC(=O)c2cc3c(=O)n4ccccc4nc3n(Cc3cccs3)c2=N)c1,5.948711395263672,4.063443660736084,5.006077527999878
CC(C)OCCCNc1c2c(nc3ccccc13)CCCC2,6.710453510284424,4.224724769592285,5.4675891399383545
O=C(CCCCC1CCSS1)N1CCN(c2ccc(Cl)cc2)CC1,5.072249412536621,4.970300197601318,5.02127480506897
COc1cc2c(cc1OC)C1=NOC(CN3CCN(CC(C)=Cc4ccccc4)CC3)C1CO2,6.703359603881836,4.614506721496582,5.658933162689209
N#Cc1ccc(SCC(=O)NCc2ccccc2)nc1,4.735597610473633,5.6994404792785645,5.217519044876099
c1cc[n+](CCCCCCCCC[n+]2ccc3ccccc3c2)cc1,6.922677040100098,4.178553581237793,5.550615310668945
CC1=NOC(=O)C1=Cc1ccc(-c2ccc(Cl)c(Cl)c2)o1,4.944194316864014,7.044881820678711,5.994538068771362
CCOC(=O)c1cnc2cc(C(F)(F)F)ccc2c1NCC(C)(C)C,4.317920684814453,5.017450332641602,4.667685508728027
COc1cc2oc(-c3ccc(O)c(O)c3)cc(=O)c2c(OC)c1OC,6.010941028594971,3.704263210296631,4.857602119445801
O=C1NCCc2[nH]c3c(ccc4ccccc43)c21,6.452001571655273,5.99276065826416,6.222381114959717
O=C(SC1CCOCC1)c1cccc(CCc2ccccc2)c1,4.729154109954834,4.379827976226807,4.55449104309082
O=C1C(=NCc2cccs2)C(Cl)C(=O)c2ccccc21,6.3346757888793945,5.087619781494141,5.711147785186768
O=C(CC=Cc1ccccc1Cl)NCc1cccnc1,3.714350700378418,4.562710285186768,4.138530492782593
CC(=NNc1nc2ccccc2o1)c1ccc2c(c1)OCO2,5.9486846923828125,4.597014904022217,5.272849798202515
NCCCCCCCCCNc1c2c(nc3ccccc13)CCCC2,6.389744758605957,4.465505123138428,5.427624940872192
Fc1ccc(OCC2=NCCN2)c(F)c1,5.09323263168335,6.583524703979492,5.838378667831421
CC(c1ccc(NC(=O)Nc2ccc(OC(F)F)cc2)cc1)N1CCOCC1,5.714120864868164,5.571954727172852,5.643037796020508
OCc1cccc(-c2nc(NCc3cccs3)c3ccccc3n2)c1,4.889517784118652,4.753387451171875,4.821452617645264
O=S1(=O)C=Cc2cc(-n3ccnc3)ccc2O1,5.85367488861084,4.563224315643311,5.208449602127075
N#CC(=Cc1ccc(O)c(O)c1)C(=O)NCCCc1ccccc1,5.641645908355713,5.685581207275391,5.663613557815552
CC1=C(C(=O)OCc2ccccc2)C(c2cccnc2)n2nc(C)nc2N1,5.682918548583984,4.826486110687256,5.25470232963562
CC1=CC2Cc3nc4cc(Cl)ccc4c(NCCNCCCCCCNc4c5c(nc6ccccc46)CCCC5)c3C(C1)C2,8.853147506713867,4.376957893371582,6.615052700042725
O=[N+]([O-])c1ccc(N=Cc2sc3ccccc3[n+]2CCCc2ccccc2)cc1,5.026834964752197,4.315301418304443,4.67106819152832
O=C(O)c1ccc(C=Cc2ccc3cc(Br)ccc3n2)cc1,4.3900465965271,7.031196594238281,5.71062159538269
CCCCCCn1cc2c3c(cccc31)N(C)C(C(C)=O)CC2,5.76002311706543,5.096541881561279,5.4282824993133545
O=C(NC1=Cc2ncc3cnnc(O)c(c2-3)C1)C1CC1c1ccccc1,5.843003273010254,5.418304443359375,5.6306538581848145
Cc1ccc(C=C2CCn3c2nc2cc(C)c(C)cc23)c(C)c1,6.431649208068848,7.086940288543701,6.759294748306274
Cc1cccc(NC(=O)Nc2ccc3c(c2)CCc2sc4ncnc(N)c4c2-3)c1,5.881736755371094,4.559362411499023,5.220549583435059
COc1cc(C=C2COCCC2=O)ccc1O,4.364572525024414,5.426377773284912,4.895475149154663
C#CCCCCn1c(SCCCC)nc2c1c(=O)[nH]c(=O)n2C,5.911680698394775,6.431262016296387,6.171471357345581
O=c1ccc2c(-c3ccccc3SCC(=O)N3CCCC3)c3ccoc3nc2o1,6.031155109405518,4.840043067932129,5.435599088668823
COc1cccc(C=C(C#N)C#N)c1,4.660058498382568,6.5842061042785645,5.622132301330566
Cc1ccc(-c2ccc(NC(=O)Nc3cccc(Br)c3)cc2)c2c(N)n[nH]c12,6.277408599853516,4.938560485839844,5.60798454284668
CCCCCCCCCCCN1CCC(CO)(COC(=O)c2ccccc2O)CC1,5.458652019500732,5.212986469268799,5.335819244384766
CCN(CC)CCNC(=O)c1ccccc1OCc1ccccc1Cl,5.761985778808594,5.056876182556152,5.409430980682373
CNc1nc(NCCc2ccccc2)ncc1C(=O)NC1CCCC1,5.590501308441162,5.2951250076293945,5.442813158035278
COc1ccc(C=Cc2nnc(-c3cc(Cl)cc(Cl)c3)o2)cc1,5.16880464553833,6.403736591339111,5.786270618438721
CN(C)CCCNC(=O)C=Cc1cccc(Br)c1,4.170772552490234,4.391404628753662,4.281088590621948
CC(C)(C)c1ccc(C(=O)Nc2ccc(Cl)cc2C(=O)O)cc1,4.72062349319458,4.43601655960083,4.578320026397705
CC(C)(C)OC(=O)N1CCC(n2c(O)nc3ccccc32)CC1,5.07005500793457,3.9534554481506343,4.5117552280426025
CC(=O)c1ccc(N2CCN(Cc3cc(-c4ccccc4)on3)CC2)c(F)c1,5.484089374542236,5.174283504486084,5.32918643951416
O=S(=O)(c1ccccc1)N1N=C(c2ccccc2)OCC1c1cccc(Cl)c1,6.322585582733154,3.5557472705841064,4.93916642665863
C1=C(c2ccc3ccccc3c2)CC2CSCC21,5.010787010192871,6.542026519775391,5.776406764984131
CCCOc1cc2c(C3(C)CCN(Cc4ccc(OC)cc4)C3=O)nc(NC3CCCC3)nc2cc1Cl,6.0257344245910645,5.841636657714844,5.933685541152954
COc1ccccc1NC(=O)C=Cc1ccc2c(c1)OCO2,5.622939109802246,5.387504577636719,5.505221843719482
O=[N+]([O-])c1ccc(-c2nc(-c3ccccc3)c(-c3ccccc3)[nH]2)cc1,5.0771098136901855,4.076360702514648,4.576735258102417
Cc1cccc(NC(=O)Nc2ccc(Oc3ccccc3)cc2)n1,6.337170600891113,4.444975852966309,5.391073226928711
CC1CCc2c(sc3ncnc(SCCCN4CCc5cc(O)ccc5C4)c23)C1,6.231192588806152,5.353265762329102,5.792229175567627
CN(C)C1C(=O)C(C(N)=O)C(=O)C2(O)C(=O)C3C(=O)c4c(O)cccc4C(C)(O)C3C(=O)C12,7.078658580780029,6.534524917602539,6.806591749191284
CC(=O)N1c2ccccc2C=Cc2cc(Cl)ccc21,4.922713756561279,6.174768924713135,5.548741340637207
COc1cn2c3ccccc3nc2cc1O,4.494095802307129,3.741563558578491,4.11782968044281
Cc1c(Cl)cccc1NC(=O)c1ccncc1,5.301222801208496,5.434270858764648,5.367746829986572
Oc1ccc(C2=NN(CCCCCCCNc3ccc(F)cc3)C(c3ccccc3)C2)cc1,6.504106044769287,4.982899188995361,5.743502616882324
Cc1ccc(C(=O)NC(c2ccccc2)c2ccccc2)cc1,4.946743965148926,3.0386228561401367,3.9926834106445312
Fc1ccc(-c2nc(-c3ccccn3)no2)cc1,5.3954854011535645,6.6728620529174805,6.0341737270355225
CN1CCN(CCCC(=O)Nc2ccc(OC(F)(F)F)cc2)CC1,5.694010257720947,5.708137512207031,5.701073884963989
CC(=O)Nc1ccc(S(=O)(=O)N(C)c2cccc(C)c2)cc1,5.335753917694092,3.789464950561523,4.562609434127808
CN1CCc2c(c3ccccc3n2CCc2cccc(Cl)c2)C1,5.075739860534668,4.946695327758789,5.0112175941467285
CC(=O)c1sc(NC(=O)C2COc3ccccc3O2)nc1C,7.174926280975342,4.80736255645752,5.991144418716431
O=C(Cl)c1ccc2c(c1)C(=O)C1CCCCC1C(=O)N2,4.58489465713501,6.530333518981934,5.557614088058472
COc1cc2c(cc1OC)C(=O)C(Oc1ccccc1)C2,7.33225154876709,4.46682071685791,5.8995361328125
Cc1cc(OCc2ccc(Cl)c(Cl)c2)ccc1CN1CCC(C(=O)O)C1,4.698987483978272,5.727905750274658,5.213446617126465
NC(=O)c1ccc(COc2ccc3c(C(=O)O)cccc3c2)cc1,5.135690689086914,7.506925106048584,6.321307897567749
O=C1Nc2ccccc2C1=Cc1c[nH]c2ccccc12,4.838407516479492,6.661872863769531,5.750140190124512
COC(=O)c1ccc2c(c1)NC(=O)C2=C(Nc1ccc(N(CCCN(C)C)C(C)=O)cc1)c1ccccc1,5.25482177734375,4.569228649139404,4.912025213241577
CC(=O)OC1CCC2(C)C(CCC3C2CCCC(C(C)=O)C3(C)C)C1,4.492419242858887,5.494387626647949,4.993403434753418
Cc1cc(O)nc(SCc2ccc(Cl)cc2)n1,4.937162399291992,6.901761054992676,5.919461727142334
COc1ccc(C=CC(=O)c2cnccc2OC)cc1,5.449829578399658,5.486082077026367,5.467955827713013
CN(C)C(=O)c1ccc(NC=C2C(=O)NC(=O)N2C)cc1,4.5023932456970215,4.5229597091674805,4.512676477432251
CC(C)Oc1ccc2c(C(=O)C3CCCN3C(=O)C3CC3)cc(=O)oc2c1,5.769134521484375,4.241303443908691,5.005218982696533
CC(C)CC(NC(=O)C1CCN(C)CC1)c1ccccc1,4.59550142288208,3.0580973625183105,3.8267993927001953
Cc1cc(C)c(S(=O)(=O)NCCCC(=O)Nc2ccc(C(=O)O)cc2)c(C)c1,5.954131126403809,4.8443603515625,5.399245738983154
Clc1ccc(CC2CCN3CCC2C3)cc1Cl,4.655436038970947,4.425329208374023,4.540382623672485
CC(C)N(CCC(=O)c1ccc2ccccc2c1)Cc1ccccc1,5.623927116394043,4.434585094451904,5.029256105422974
CCn1c(SCC(=O)NCc2ccco2)nc2c(c(C)nn2C)c1=O,6.0946478843688965,5.372504711151123,5.73357629776001
N#Cc1cc(-c2ccc(OC(F)F)cc2)cc2cccnc12,4.940719604492188,5.693993091583252,5.31735634803772
O=C(NN=Cc1cccc(-c2cccc(C(=O)O)c2)c1)c1ncccc1O,5.3651123046875,5.429366111755371,5.3972392082214355
O=C1Nc2cc(Br)ccc2C1C1=Nc2ccccc2C1=NO,5.95255708694458,5.156149387359619,5.5543532371521
O=C1CCc2cc(S(=O)(=O)N3CCC4(CC3)OCCO4)ccc2N1,5.525549411773682,5.688676357269287,5.607112884521484
CC1CCN(CCCC(O)c2cc(O)n(-c3ccc(C(C)(C)C)cc3)c2)CC1,5.37660551071167,3.87931227684021,4.62795889377594
O=C1C(=CC=Cc2ccco2)Oc2cc(OCc3ccccc3)ccc21,5.194554328918457,6.76130485534668,5.977929592132568
CC(=O)N1CCC(Nc2ncc(C(=O)C3CC3)c(N)n2)CC1,5.569714546203613,4.461527347564697,5.015620946884155
CN1C(=O)C2C(=O)c3cccc4c3N(C1=NC(=O)CC4)C(=O)C2C1CO3,,,
CC1=NN(c2ccc(C(=O)O)cc2)C(=O)C1=Cc1ccc(Sc2nc3ccccc3o2)o1,7.05958890914917,4.846494674682617,5.9530417919158936
N#Cc1ccc(NC(=O)Nc2ccc3cc(C(=O)O)ccc3c2)cc1,5.358989715576172,6.213993072509766,5.786491394042969
NCCCCc1ccc(N=C(C2CCCCC2)c2ccccc2)cc1,4.53993034362793,3.7487754821777344,4.144352912902832
Nc1ccc2c(c1)N(CCc1cccs1)C(=O)C2=O,5.936264514923096,5.133041858673096,5.534653186798096
CCc1cccc(NC(=O)N2CCC(CCCCCCC(=O)NC3CCCCC3)CC2)c1,6.175219058990479,4.294544696807861,5.23488187789917
Cc1ccc(C(=O)NCCc2ccc(S(N)(=O)=O)cc2)cc1[N+](=O)[O-],5.843500137329102,4.639945030212402,5.241722583770752
CC1CCCC(C)N1Cc1ccnc2ccccc12,5.263058185577393,4.690052032470703,4.976555109024048
COc1cccc(C=CCNC2Cc3ccc(O)cc3C2O)c1,4.390074729919434,4.872774124145508,4.631424427032471
COc1ccc(CC(=O)Nc2c(C(N)=O)sc3ccc(Cl)c(Cl)c23)cc1,5.757223129272461,4.494646072387695,5.125934600830078
O=C(NCCC1CCN(S(=O)(=O)c2ccc(F)cc2)CC1)c1ccccc1Br,6.134933471679688,4.904818534851074,5.519876003265381
CC1=CC(C)(C)Nc2ccc3ccccc3c21,5.217432975769043,5.797642707824707,5.507537841796875
O=C(C=Cc1ccc(Cl)c([N+](=O)[O-])c1)N1CCCCC1,5.029868125915527,5.3540472984313965,5.191957712173462
CCC(=O)N1CCC(NC(=O)Nc2ccc(OC(F)(F)F)cc2)CC1,6.05158805847168,5.6230645179748535,5.837326288223267
Cc1cccc(C2CCC3C2C(=O)N(C)Cc2ccccc23)c1,4.679152965545654,6.64207935333252,5.660616159439087
CCOC(=O)C(=O)Cc1ccc(OCc2coc(-c3ccccc3)n2)cc1,4.94780969619751,6.0234551429748535,5.485632419586182
O=C1COc2cc(OCCOc3ccccc3)ccc2N1,5.343403339385986,6.668340682983398,6.005872011184692
O=C1Nc2ccccc2Nc2nnc(Cl)cc21,5.084333896636963,5.066694259643555,5.075514078140259
Cc1nc2cc3nc(-c4cccs4)cnc3cc2n1C,4.82162618637085,4.827075004577637,4.824350595474243
COc1ccc(N=C2CC(=O)c3sc(C)nc3C2=O)cc1OC,6.291421890258789,5.330595016479492,5.811008453369141
N#Cc1ccc(-c2ccc(C3(O)CCN(C4CCCCC4)CC3)cc2)cc1,4.109582901000977,5.740036487579346,4.924809694290161
CC(C)C(=O)N1CCCC(Oc2ccc(C(=O)N3CCCC3)cn2)C1,5.933127880096436,4.40676212310791,5.169945001602173
CC(C)(C)OC(=O)NC(Cc1ccccc1)C(=O)NC1COC(=O)C1SCCO,4.455054759979248,4.155905246734619,4.305480003356934
CC1=CC=CN2C(=O)CC(c3ccc(Cl)cc3)SC2=N1,5.739952087402344,7.2089338302612305,6.474442958831787
Cc1nccn1-c1ccc(C(C)(C)C#N)cc1,4.663278102874756,5.885473251342773,5.274375677108765
O=C(CCCc1ccc2ccccc2c1)NCc1ccccn1,4.255607128143311,4.968556880950928,4.612082004547119
CC(C)(C)c1cc[n+](CC=Cc2cccc([N+](=O)[O-])c2)cc1,5.032288551330566,3.558569431304932,4.295428991317749
CC(=O)c1cccc(-c2ccc(C(=O)CCCCCCC(=O)Nc3ccc4c(c3)OCO4)o2)c1,6.395702838897705,5.82692813873291,6.111315488815308
Cc1ccc2cccc(NC(=O)c3ccccc3COc3ccc(CC(=O)N4CCCC4)cc3)c2n1,5.859078884124756,5.055318355560303,5.457198619842529
Cc1ccc2c(c1)c1c(n2C=Cc2ccccc2)CCN(C)C1,5.145151615142822,5.500926017761231,5.323038816452026
O=C(C=Cc1ccc2c(c1)OCO2)NCCC1=CCCCC1,4.5594892501831055,5.824379920959473,5.191934585571289
CC(C)c1ccc2oc(=O)c(CCC(=O)N3CCC(O)C3)c(Cc3ccccc3)c2c1,6.380201816558838,4.201732158660889,5.290966987609863
CC1=NN(c2ccc(C(=O)O)cc2)C(=O)C1=Cc1c(C)c(C#N)c2nc3ccccc3n2c1O,6.598512649536133,4.6216583251953125,5.610085487365723
CC1=NN(c2ccc(C(=O)O)cc2)C(=O)C1=Cc1c(C)c2ccccc2oc1=O,6.528840065002441,5.486868858337402,6.007854461669922
O=C(O)C1CN(Cc2ccc(OCc3cc(-c4cccc(Cl)c4)on3)cc2)C1,5.814752101898193,5.01687479019165,5.415813446044922
COC1C(O)CC(O)CC2OC1(C)n1c3ccccc3c3c4c(c5c6ccccc6n2c5c31)C(=O)NC4,5.849567413330078,3.98786735534668,4.918717384338379
CC(C)C1=NC2CCC34CC35C(=O)CC3(C)C(C(C)N(C)C)C(O)CC3(C)C5CCC4C2(C)CS1,7.729570388793945,8.603867530822754,8.16671895980835
COc1ccc2nc(C(C)NC(=O)c3ccc(-c4ccccc4)cc3)sc2c1,5.561595916748047,4.925962448120117,5.243779182434082
C#CC1(O)CCC2C3CCC4=Cc5oncc5CC4(C)C3CCC21C,4.8778486251831055,8.365243911743164,6.621546268463135
CC1CCC2C(=O)OC(CO)CC(=O)NCCC3=CCCCC32)C1,,,
O=c1c2c([N+](=O)[O-])cc([N+](=O)[O-])cc2sn1-c1ccccc1,5.547558307647705,4.492117881774902,5.019838094711304
Cc1cccc(COc2ccc(-n3cnc4cc(C#N)ccc43)cc2)c1,4.830751895904541,7.132207870483398,5.98147988319397
N#Cc1ccc(C2=NS(=O)(=O)N(CC(=O)N3CCCC3)C2)cc1,6.67509651184082,5.307992458343506,5.991544485092163
O=C1c2ccccc2-c2n[nH]c3cccc1c23,4.932783126831055,5.525638580322266,5.22921085357666
COc1cc2oc(-c3ccc(O)c(O)c3)cc(=O)c2c(OC)c1OC,6.010941028594971,3.704263210296631,4.857602119445801
O=C1NCCc2[nH]c(-c3ccnc(C=Cc4ccccc4)c3)cc21,5.666292190551758,6.439791679382324,6.053041934967041
CC(=O)C1CC(NC(=O)c2ccc3c(c2)N(Cc2ccco2)C(=O)c2ccccc2S3(=O)=O)C1,5.72614860534668,5.011415481567383,5.368782043457031
Cc1sc2nc(CN3CCC(O)C3)[nH]c(=O)c2c1C,6.007156848907471,4.744786739349365,5.375971794128418
C#CCSc1nc(-c2ccc(C)c(C)c2)nc2c1cnn2C(=O)F,5.662662506103516,6.738619804382324,6.20064115524292
O=C(Nc1ccc2nc(-c3ccco3)c(-c3ccco3)nc2c1)Nc1ccc(F)cc1F,5.999871730804443,5.085910320281982,5.542891025543213
Cc1ccc2oc(=O)c(C=Nc3ccc(Br)cc3)cc2c1,4.780447483062744,7.268337249755859,6.024392366409302
CN=C1C=CC(Br)=C(Br)C=C1,3.1718671321868896,5.855937480926514,4.513902306556702
Cc1cc(CCCC(=O)c2sc(O)nc2O)ccc1Br,5.582675933837891,6.215371131896973,5.899023532867432
COc1cc2c(cc1OC)C(C)C(C)N2,5.0365891456604,4.326440334320068,4.681514739990234
CN1CCCN(CCCNc2nc3cc(Cl)ccc3c3nc(-c4ccco4)nn23)CC1,5.9016876220703125,4.921936511993408,5.41181206703186
CC1(C)C=C2C(C(=O)C1)C(N)=NC2C1CCCCC1,5.0593132972717285,6.568120002746582,5.813716650009155
CC(C)Oc1cccc(-c2cn3cc([N+](=O)[O-])ccc3n2)c1,5.12592363357544,4.791999340057373,4.958961486816406
COc1ccc2c(c1)C(=O)C(=O)N2Cc1ccc(OC(C)=O)c(Cl)c1,5.433703422546387,5.445063591003418,5.439383506774902
CC(C)(C)c1ccc(C=C(C#N)C#N)cc1,4.339059352874756,5.247635364532471,4.793347358703613
CC1=CC=CC2Cc3nc4cc(Cl)ccc4c(NCCCCCCCCCCCCNc4c5c(nc6ccccc46)CCCC5)c3C(C1)C2,8.17149829864502,4.577094078063965,6.374296188354492
CCCCNC(=O)c1ccc2c(c1)nc(CCC)n2C,6.217730045318604,5.140353202819824,5.679041624069214
CC(NCC(O)CO)c1cc(OCc2ccccc2)ccc1Cl,3.716585636138916,5.038159370422363,4.37737250328064
COc1ccc2c(c1)oc1c3cc(O)cc(O)c3c(=O)c21,5.478480815887451,4.637872219085693,5.058176517486572
CC1=CC(C)(C)Nc2ccc([N+](=O)[O-])cc21,4.547234058380127,5.522919178009033,5.03507661819458
CCCCC1=NC2(CCCC2)C(=O)N1c1ccc(-c2ccccn2)s1,6.362746238708496,5.789721488952637,6.076233863830566
COc1ccc(OC)c(NC(=O)CCCN2CC3CCC2CN3C(=O)Cc2ccccc2)c1,5.7913079261779785,4.053679466247559,4.9224936962127686
O=C(C=C1CC(O)(CO)O1)c1ccc2c(c1)OCO2,4.62089729309082,4.075150489807129,4.348023891448975
CCc1ccc(C2CCn3c2nc2c3c(=O)n(C)c(=O)n2C)cc1,4.824477672576904,5.847777843475342,5.336127758026123
CC1=CCC(=NC(=O)Cc2ccsc2)C(=O)N1Cc1ccc(Cl)cc1,4.895177841186523,5.023581981658936,4.9593799114227295
CC(C)n1c(=O)c2c(nc3n2CCN3c2ccc(O)cc2)n(C)c1=O,4.997511863708496,4.088295936584473,4.542903900146484
CN1CCN(CCCCOc2ccc(N3C(=O)c4ccccc4C3=O)cc2)CC1,5.576147079467773,5.395662307739258,5.485904693603516
CC1CCC(C(=O)O)N(C(=O)COc2ccc(=O)oc2)C1,5.421011924743652,4.809512138366699,5.115262031555176
COC(=O)C1=C(C)N=C(C)C(C(=O)OC)C1c1ccccc1F,5.625733375549316,5.635340690612793,5.630537033081055
COC(=O)Nc1nc2ccc(C(=O)c3ccccc3)cc2[nH]1,6.045584678649902,4.606560230255127,5.326072454452515
O=C(O)c1ccccc1Nc1ccnc(Nc2cccc(O)c2)n1,5.786439895629883,4.885344982147217,5.33589243888855
Cc1c(O)ccc2c1oc(=O)c1c(C)c(O)ccc12,6.366451740264893,5.304954528808594,5.835703134536743
O=C(NCc1ccccc1)c1coc(=O)c(Br)c1,5.53402042388916,5.059600830078125,5.296810626983643
CC1(C)CNc2cc3oc4ccccc4c3cc2C1,4.725184440612793,4.575187683105469,4.650186061859131
CCc1c(C)[nH]c2c1C(=O)CC(CN1CCCC1)C2,7.264204978942871,3.846630573272705,5.555417776107788
O=C(CCl)Nc1ccc2c(c1)C(=O)NC2=O,5.6794753074646,6.090153694152832,5.884814500808716
CCOc1ccc(OCC)c(Nc2ccc3c(c2)nc(C)n3C)c1,5.590516567230225,5.147605419158936,5.36906099319458
CCOc1ccc2c(c1)c(C=C1CCCN=C1c1cccnc1)c(C)n2C,5.943149089813232,5.650382995605469,5.796766042709351
O=C(c1ccc(Cl)cc1Cl)N1CCCCC1CCO,4.628944396972656,4.343191146850586,4.486067771911621
CC1CCCCOC(CN(C)Cc2ccccc2)C(c2ccccc2)C(C)CN(C(C)CO)C(=O)c2cc(NC(=O)Nc3ccc(F)cc3)ccc2O1,5.759902000427246,5.021047115325928,5.390474557876587
N#Cc1ccc(C(=O)Nc2cc(C3CC3)n[nH]2)cc1,5.861103057861328,5.662923336029053,5.76201319694519
O=S(=O)(c1ccc(NCC2CCC3CN(Cc4ccccc4)CC32)cc1)C1CCCCC1,5.675202369689941,4.121089935302734,4.898146152496338
Cc1cccc(C)c1-n1c(=O)c2cnc(Nc3ccc(OCCN4CCCC4)cc3)nc2n2c3ccccc3nc12,5.566939353942871,5.398841857910156,5.482890605926514
COc1ccc(OC)c(CNCCc2ccc3c(c2)OCO3)c1,4.365469455718994,4.167144298553467,4.2663068771362305
CC(=O)OC1CC2CCC1CCC(C(=O)NCCc1ccccc1)C2,4.921500205993652,3.6067867279052734,4.264143466949463
O=C(Nc1ccc2c(c1)OCO2)c1ccco1,5.775252819061279,5.103482723236084,5.439367771148682
CC(C)c1ccc(N)c(C(=O)Nc2cccc(Cl)c2)n1,5.858212471008301,4.773458003997803,5.315835237503052
CC(=O)Nc1ccc(NC(=O)c2cccc(S(=O)(=O)N3CCCCC3)c2)cc1,5.530097961425781,5.1498613357543945,5.339979648590088
CN1CCN(c2ccc(C(=O)NC3(C(=O)NCc4ccc(F)cc4)CCCCC3)cc2)CC1,4.898403167724609,4.646575927734375,4.772489547729492
O=C(CCl)N1CCOCCOCCOCCOCCNc2ccc(Cc3ccc(Cl)c(Cl)c3)cc2[N+](=O)[O-])C1,,,
O=C1N=c2ccc(Br)cc2=C1c1sc(S)nc1O,6.333058834075928,5.400068283081055,5.866563558578491
Cc1cccc(-n2c(=O)sc3ccc(C(=O)NCC4CCN(CC5CC5)CC4)cc32)c1,7.4569621086120605,4.485366821289063,5.9711644649505615
c1ccc(-c2cnc(N3CCN(C4CCCCC4)CC3)nc2)cc1,4.5905280113220215,5.599610328674316,5.095069169998169
CC(=O)c1cccc(-c2csc(Nc3ccccc3)n2)c1,5.919919013977051,5.5182390213012695,5.71907901763916
COc1cccc2c1C(=O)c1c(O)c3c(c(O)c1C2=O)CC(O)(C(O)C=O)CC3OC1CC(N)C(O)C(C)O1,6.512968063354492,3.783093452453613,5.148030757904053
CNC(=O)COc1ccc2c(C)coc2c1,6.224338531494141,6.245582580566406,6.234960556030273
Cc1ccc(O)c(C(=O)c2cc([N+](=O)[O-])ccc2N2CCCCC2)c1,5.248305320739746,5.281350612640381,5.2648279666900635
CC1=CC2Cc3nc(O)ccc3C3(C1)C2CCCN3C(=O)CN(C)Cc1ccccc1,5.691745758056641,5.267224788665772,5.479485273361206
C#CCN(CC=C)Cc1cccc(OCCCCNc2c3c(nc4ccccc24)CCCC3)c1,6.435094833374023,4.777144908905029,5.606119871139526
Nc1ccc2[nH]c(C3CCN(Cc4ccccc4)CC3)nc2c1,5.594021797180176,3.721996068954468,4.658008933067322
O=C1c2ccccc2-c2n[nH]c3cccc1c23,4.932783126831055,5.525638580322266,5.22921085357666
CC(C)[N+](C)(C)CCOC(=O)C=CC=C(C)C=Cc1ccc(O)c(O)c1,4.228555679321289,5.235726833343506,4.7321412563323975
N#Cc1ccc2[nH]c(O)c(-c3ccc(CN4CCOCC4)cn3)c2c1,5.536653518676758,4.896003246307373,5.216328382492065
CCC1CCCCN1CCCOc1ccc2c(c1)CCC2,5.49932861328125,5.071324825286865,5.285326719284058
CN(C)c1ccc(C2=NCCO2)cc1,4.556147575378418,5.608901500701904,5.082524538040161
O=C1CCC=C2Oc3cc(C(F)(F)F)ccc3C(=O)C12,5.519974231719971,6.711987495422363,6.115980863571167
Cc1noc(C)c1C(=O)Nc1ccc(-c2ccccc2)cc1,5.919497489929199,5.640683174133301,5.78009033203125
COc1ccc(-c2csc3nc(C(=O)O)cn23)cc1,5.320282459259033,4.887547969818115,5.103915214538574
O=C1CC(=O)c2cccc([N+](=O)[O-])c2N1,4.983925342559815,4.912785530090332,4.948355436325073
O=C(O)C(Cc1c[nH]c2ccccc12)NC(=O)CN1CCN(c2ccccc2)CC1,4.972296714782715,4.259539604187012,4.615918159484863
Cc1cc(Cl)ccc1OCC(O)CN1CCC2(CC1)OCCc1ccccc12,4.922059059143066,4.8677287101745605,4.8948938846588135
CC(C)(C)c1ccc(S(=O)(=O)N2CCCC(C(=O)N3CCCCC3)C2)cc1,5.626757621765137,3.9102399349212646,4.768498778343201
COc1cc2c(cc1OC)C(=O)C(Oc1ccc(C(C)=O)cc1)C2,7.102496147155762,4.803229808807373,5.952862977981567
N#Cc1ccc(N2CCC3(CC2)OCCO3)nc1,4.6191182136535645,5.512959003448486,5.066038608551025
O=C1COc2ccc(Cc3cc([N+](=O)[O-])ccc3Cl)cc2N1,4.862886428833008,5.984133243560791,5.423509836196899
O=c1ccoc2ccc(OCCCCN3CCOCC3)cc12,4.562877178192139,5.484683036804199,5.023780107498169
COc1ccccc1C=CC=NNc1nc(-c2ccccc2Cl)cs1,5.305722236633301,5.029664039611816,5.167693138122559
O=C(NS(=O)(=O)c1ccc(F)cc1)c1cc(-c2ccc(Cl)cc2)nc2ccccc12,5.7908616065979,4.823164463043213,5.307013034820557
CCOc1cccc2c1NC(=O)C2=NNC(=O)c1ccoc1,5.849326133728027,4.527308464050293,5.18831729888916
CCC(=O)Nc1ccc2c(c1)N(c1nc3c(s1)C(=O)CC(C)(C)C3)CCO2,5.15266227722168,5.971340179443359,5.5620012283325195
CN(C)c1ccc(C=C2COc3ccccc3C2=O)cc1,5.248146057128906,6.858884334564209,6.053515195846558
CN1CCN(Cc2ccc(-c3cc4c(O)nccc4oc3=O)cc2)CC1,5.4067254066467285,5.270753860473633,5.338739633560181
COc1ccc(C=C2Oc3cc(OC)c(OC)cc3C2=O)cc1,6.251682281494141,5.3740057945251465,5.8128440380096436
CCS(=O)(=O)c1ccc2nc(-c3ccc(-c4ccccc4)cc3)c(-c3ccccc3)nc2c1,5.264719009399414,4.52321195602417,4.893965482711792
CN(C1CCCCC1)S(=O)(=O)c1ccc(Cl)cc1,5.804549694061279,4.586307048797607,5.195428371429443
COCC(=O)Nc1nc2ccc(Oc3ccc(NC(=O)Nc4cccc(Cl)c4)cc3)cc2s1,6.569868087768555,5.1020026206970215,5.835935354232788
O=c1cc(-c2ccccc2)oc2cc(OCc3ccccc3)cc(O)c12,4.442789077758789,5.286423206329346,4.864606142044067
Cn1c(=O)c2c(nc(C=Cc3ccc(Cl)cc3)n2C)n(C)c1=O,5.587120056152344,6.133152961730957,5.86013650894165
CCc1[nH]c2ccc(OC)cc2c1CC1=NCCN1,5.859018802642822,4.884644508361816,5.371831655502319
c1cc2c(cc1OCCOc1ccc3ccccc3n1)C[N+]21CCCC1,5.013527870178223,5.946115016937256,5.479821443557739
COc1ccc2c(c1)OC(=O)CC2=CN(C)C1CC1,5.329714775085449,5.153713226318359,5.241714000701904
CCCn1cnc2c(cnn2-c2ccccc2)c1=O,4.420666217803955,5.076526641845703,4.748596429824829
O=C1NC(=O)C(=Cc2ccc(F)cc2)S1,4.799325942993164,6.103524208068848,5.451425075531006
Oc1ccc(O)c2c1C1CC=CC(O)C(O)C1O2,6.217957019805908,4.817000865936279,5.517478942871094
CCCCCCC[n+]1cc(C=Cc2ccc3cc(OC)ccc3c2)on1,5.431113243103027,5.505526542663574,5.468319892883301
COc1ccc(CC(=O)NCC2CCN(CCc3ccccc3)CC2)cc1,5.340200424194336,3.123954057693481,4.232077240943909
O=C(O)c1ccccc1Nc1ccnc(Nc2ccc([N+](=O)[O-])cc2)n1,6.5397539138793945,4.920856952667236,5.730305433273315
O=C1NC(=O)C(=Cc2ccc3nccnc3c2)S1,4.78331184387207,4.975467205047607,4.879389524459839
CCN(CC)CCCCCCCCCCCCCCN1CCC(CCCCNC(=O)c2ccccc2OC)CC1,7.461954116821289,4.597315311431885,6.029634714126587
Cc1ccc2c(c1)C(=O)C(=O)O2,4.921706199645996,6.078753471374512,5.500229835510254
CN(C)c1ccc(C2=NCC=NC3=NCCN32)cc1,6.376091003417969,5.1337080001831055,5.754899501800537
Cc1ccc(C)c(-c2cc(C3C=CC([N+](=O)[O-])C=C3)ccc2O)c1,5.856619834899902,5.52167272567749,5.689146280288696
CCN(CC)CCOc1ccc(CC2C=CC(=C3N=C(C)SC3=N2)cc1,,,
O=C(O)c1ccc2ccc(-c3ccc4ccccc4c3)cc2c1,4.602731227874756,7.80363655090332,6.203183889389038
Cc1cccc(C)c1OCC(=O)c1ccc2c(c1)OCCO2,5.615859508514404,5.7606587409973145,5.688259124755859
C#CCN(C)Cc1cc2cc(OCCC3CCN(Cc4ccccc4)CC3)ccc2n1C,6.383633136749268,5.55838680267334,5.971009969711304
COc1cc2c(cc1OC)C(=O)C(Oc1ccc(C(C)=O)cc1)C2,7.102496147155762,4.803229808807373,5.952862977981567
CC(C)(O)C1Cc2cc3cc(O)ccc3cc2O1,3.934228897094727,4.750424861907959,4.342326879501343
CCC(=O)Nc1cc(-c2ccccc2)sc1C(=O)c1ccc(OC)cc1,5.655040740966797,5.145697116851807,5.400368928909302
CCn1c(SCCOCC)nc2sc3c(c2c1=O)CCCC3,6.759127616882324,6.071794509887695,6.41546106338501
COc1ccc2c3c1OC1CC(O)C=CC31C,,,
O=C(O)CCCCCC(=O)Oc1ccc(Cl)cc1,4.746576309204102,5.791445255279541,5.269010782241821
COCCCCCCN1C(=O)C(=O)c2cc(S(=O)(=O)N3CCCCC3)ccc21,5.86215353012085,6.14585018157959,6.00400185585022
O=C(C=Cc1ccccc1)N1CCC2(CC1)OCCO2,5.710690498352051,5.895835876464844,5.803263187408447
O=C1Nc2ccc(Cl)cc2C1=Cc1cc(Cl)c(O)c(Cl)c1,5.426485061645508,7.547144412994385,6.486814737319946
CCCN1CCC(c2ccc(OC)cc2)C(CN)C1,4.487857818603516,2.9451212882995605,3.716489553451538
CC1(C)OCC(COC(=O)c2ccccc2)O1,5.287978172302246,5.425872802734375,5.3569254875183105
CCN(CC)C(=O)C1CCN(c2ccc(OC(F)F)c(NC(=O)c3cc(=O)c4cc(Cl)ccc4o3)c2)CC1,6.014874458312988,5.183608531951904,5.599241495132446
O=C1NCCc2[nH]c(-c3ccnc(C=Cc4ccccc4)c3)cc21,5.666292190551758,6.439791679382324,6.053041934967041
O=C1CCCOc2ccc(Nc3nc(=O)c4ccccc4n3)cc21,,,
CC(=O)N1CCN(CC=Cc2cc(CCC3CCCC3)cc(C(=O)NCCCCCCN3CCN(c4ccccc4OC(C)=O)CC3)c2)CC1,6.910178184509277,4.22886323928833,5.569520711898804
CN1CCN(c2nc(-c3ccc(N4CCOCC4)cc3)cs2)CC1,4.351048469543457,5.841766834259033,5.096407651901245
O=C(NCC1CC1)c1ccc(Cl)c(S(=O)(=O)N2CCCCC2)c1,6.465922355651856,4.699705600738525,5.58281397819519
Cn1c(=O)n(C)c2cc(C=NNC(=O)c3ccccc3O)ccc21,6.088058948516846,5.040124893188477,5.564091920852661
O=C1CCCN1Cc1ccc(C2=Nn3c(nnc3-c3ccc(F)cc3)SC2)cc1,6.621701240539551,6.504512786865234,6.563107013702393
OC1(c2ccccc2)CCN(C(c2ccccc2)c2ccccc2)CC1,4.451765060424805,3.621933460235596,4.0368492603302
Clc1ccc(-c2ccc(C3=NOC(c4ccccc4)N3c3ccccc3)o2)cc1,6.372189521789551,4.602133750915527,5.487161636352539
CC1CC=Cc2cc(O)c(O)c(O)c2C(=O)C1,4.922154903411865,5.545093536376953,5.233624219894409
CCCCCCCC(=O)Nc1cccc(C2=NOC3(C2)CC2CCC3C2(C)C)c1,5.961730480194092,6.015670299530029,5.9887003898620605
Oc1ccc2ccc(OCc3ccc(Br)cc3)cc2n1,4.111532211303711,6.891909122467041,5.501720666885376
O=C(CCCCCCCCCCCCCOc1ccc(-c2ccccc2)cc1)NCC1CCCO1,5.114947319030762,5.681302547454834,5.398124933242798
O=C1Nc2ccccc2C1=Cc1ccc2c(C=Cc3ccccc3)noc2c1,5.625308513641357,6.670402050018311,6.147855281829834
COCCOC(=O)N1N=C(c2ccccc2O)CC1c1ccccc1,6.668628692626953,4.980535507202148,5.824582099914551
Cc1ccc(-c2nnc3c(c2-c2ccc(F)cc2)CNC3=O)cc1,6.511937618255615,6.401506423950195,6.456722021102905
CCCCCC(=O)Nc1cc(C)ccc1O,5.151795864105225,4.9495625495910645,5.0506792068481445
Cc1nccn1CCC(=O)N1CCCCCC1,5.772358417510986,5.351541519165039,5.561949968338013
O=C(CCc1c[nH]c2ccccc12)NCCCNc1c2c(nc3ccccc13)CCCC2,7.9312334060668945,4.498631000518799,6.214932203292847
COc1ccccc1CC(=O)Nc1nc2ccccc2n1CCN1CCOCC1,5.087855339050293,4.684340476989746,4.8860979080200195
Brc1ccc(C2CN3CCSC3=N2)cc1,7.017338275909424,7.22566032409668,7.121499300003052
COc1cccc2c1C(=O)c1c(O)c3c(c(O)c1C2=O)CC(O)(C(C)=O)CC3OC1CC(N)C(O)C(C)O1,6.87997579574585,3.74082612991333,5.31040096282959
O=C(NC(=S)Nc1cccc(CN2CCOCC2)c1)c1cccc([N+](=O)[O-])c1,6.4778242111206055,4.682551860809326,5.580188035964966
CC1=NN(c2ccc([N+](=O)[O-])cc2)C(=O)C1=Cc1ccc(Cl)cc1,5.514538288116455,5.623328685760498,5.568933486938477
CCCCCCCn1cc(C2C3CCC(O3)C2CO)cn1,5.623973369598389,6.53721284866333,6.080593109130859
CC1=NC2=CCCCN2C(=O)C1CCN1CCC(c2noc3cc(F)ccc23)CC1,7.390058517456055,6.018840789794922,6.704449653625488
COc1cc(C=C2CCC=C2c2cc(OCCCC#N)c(O)cc2OC)ccc1O,5.347898483276367,5.301672458648682,5.324785470962524
CC(=O)Nc1ccc(C(=O)Nc2cc(-c3ccc(F)cc3)ccc2C)cc1,4.901150226593018,5.400970458984375,5.151060342788696
Cc1nc(N)sc1-c1ccnc(Nc2ccc(N3CCOCC3)cc2)n1,4.86993932723999,6.188192844390869,5.52906608581543
O=C1c2ccccc2-c2nnc(CN3CCCCC3)nc21,5.265147686004639,4.639750957489014,4.952449321746826
Oc1nc2ccccc2n1C1CCN(CCCCOc2ccc(-c3noc(O)n3)cc2)CC1,5.774830341339111,5.96803092956543,5.8714306354522705
COc1ccc2c(c1)c1c(n2C=Cc2ccccc2[N+](=O)[O-])COC1,4.838181495666504,5.941848278045654,5.390014886856079
O=C(Nc1ccccc1)c1[nH]cnc1C(=O)Nc1ccc(F)cc1F,5.64646577835083,5.552020072937012,5.599242925643921
O=C(NN=Cc1ccc(O)cc1O)Nc1cccc2nsnc12,5.133495330810547,3.733660697937012,4.433578014373779
Cc1cc(=O)oc2cc(OCCCCCN3CCC(Cc4cccc(O)c4)CC3)ccc12,6.114005088806152,5.223080635070801,5.668542861938477
O=C(c1ccc2c(c1)OCO2)N1CCN(c2nc3ccccc3o2)CC1,5.931809902191162,4.501626968383789,5.216718435287476
OC(COc1cccc2ncccc12)CN1c2ccccc2Sc2ccccc21,4.601591110229492,4.047515392303467,4.3245532512664795
CN(C)c1ccc(C=C(C#N)c2ccccc2)cc1,4.832435607910156,6.064619064331055,5.4485273361206055
O=C(Cc1cccs1)N1CCCC1c1nc(-c2cccc(Cl)c2)no1,6.260661602020264,6.389393329620361,6.3250274658203125
CN1CCc2c(c3c(Cl)cccc3n2CCc2ccccn2)C1,5.257261753082275,4.401036262512207,4.829149007797241
Cn1c(=O)c2c(nc(OCc3cccc(Cl)c3)n2C)n(C)c1=O,5.695589065551758,6.896780014038086,6.296184539794922
Cc1c(C)c2ccc(OCCCCN3CCCCC3)cc2oc1=O,6.25814962387085,6.118993759155273,6.1885716915130615
O=C1CCc2ccc(OCCCCCNc3c4c(nc5cc(Cl)ccc35)CCCC4)cc2N1,8.032442092895508,5.358536720275879,6.695489406585693
COc1cc(-c2[nH]nc(-c3ccccc3)c2-c2ccccc2)c(O)cc1O,4.913454532623291,4.794989585876465,4.854222059249878
O=C1NCCc2[nH]c(-c3ccccc3)cc21,5.636255264282227,5.963204383850098,5.799729824066162
Cc1cc2oc(=O)cc(C(F)(F)F)c2cc1C(C)C,5.016857624053955,6.125868320465088,5.5713629722595215
CN(Cc1ccccc1)CC(O)(c1ccccc1)c1ccccc1,4.0516862869262695,3.242639303207397,3.6471627950668335
CN(C)c1nc2c(Br)cc(-c3ccccc3)cc2o1,5.868805885314941,5.562005043029785,5.715405464172363
O=C(NC1CCCC1)N1CCC(CCCOc2cccc3ccccc23)CC1,5.572415351867676,4.652672290802002,5.112543821334839
O=C(C=Cc1ccccc1Cl)NC1CCC(C(=O)N2CCOCC2)CC1,3.919579267501831,4.7938618659973145,4.356720566749573
CCOc1ccc(C2=NN(CCCCCCCCN)C(=O)C2)cc1OC,6.038949966430664,5.899346351623535,5.9691481590271
CN(C)c1ccc(C=Cc2cc[n+](C)cc2)cc1,4.096867561340332,5.248529434204102,4.672698497772217
CC1(C)Cc2cc(N3CCOCC3)ccc2N1,4.211076259613037,5.367288112640381,4.789182186126709
CCCCn1c2ccc(C3CCCCO3)cc2c2c3c[nH]c(O)c3c3c(c21)CCc1nn(C)cc1-3,6.492709159851074,4.672073841094971,5.5823915004730225
O=C(Nc1cccc(C2OCC3(CCCC3)O2)c1)c1ccccc1F,4.926944255828857,5.952226161956787,5.439585208892822
N#Cc1ccc(Sc2ccc3nnc(-c4ccccc4)n3n2)cc1,5.214559078216553,4.697937488555908,4.9562482833862305
CC1=NC2C(=O)C(=CN(C)C)C=CN2C(=O)C1,4.411179065704346,4.689690589904785,4.550434827804565
COc1ccc2c(c1OC)C(=O)OC2NC(C)=O,4.416756629943848,2.904146432876587,3.6604515314102173
N#Cc1ccc2[nH]c(O)c(-c3ccc(CN4CCOCC4)cn3)c2c1,5.536653518676758,4.895996570587158,5.216325044631958
CCC1=C(C)C(=O)OC1=CC=CC1=O,,,
COc1cc2nc(N3CCN(C(=O)c4ccco4)CC3)nc(N)c2cc1OC,5.864048480987549,3.9540276527404794,4.909038066864014
Cc1ccc2oc(=O)c(-c3ccc(OCCCCN4CCC(O)CC4)cc3)cc2c1,5.566041946411133,5.773002624511719,5.669522285461426
O=C1C=CC(=CNNC(=O)c2ccc(O)cc2O)C=C1,4.955029010772705,5.513645172119141,5.234337091445923
O=[N+]([O-])c1cccc2ccc(Sc3ccc(Cl)cc3)nc12,5.305901527404785,5.429627895355225,5.367764711380005
O=C1NC(=O)C(c2cn(CCCO)c3ncccc23)=C1c1cnccn1,4.766197681427002,4.780128479003906,4.773163080215454
COc1ccc(NC(=O)N2CCCC(CCC(=O)NC3CC3)C2)cc1,4.683273792266846,3.9538655281066895,4.318569660186768
CC1=NC2C(=O)C(=CN(C)C)C=CN2C(=O)C1,4.411179065704346,4.689690589904785,4.550434827804565
CCCCCCCCCCCCCOc1ccc(N=C(N)N)cc1N=C(N)N,5.642495155334473,7.223015785217285,6.432755470275879
O=C(O)CCCCC=CCC1C(O)CC(O)C1C=CC(O)COc1ccccc1,3.993154525756836,4.932441711425781,4.462798118591309
COc1cccc(C2C3=C(c4ccccc4)C(O)NC3=O)OC3=CCCC42)c1,,,
c1ccc(CNc2nc(-c3ccc4c(c3)OCO4)ns2)cc1,5.699154376983643,5.15547513961792,5.427314758300781
CCN1CCN(C(=O)CC2OC(=O)c3ccccc32)CC1,5.839051723480225,4.691401958465576,5.2652268409729
CC(=O)OCC1=COC(=COc2ccc(OC(C)=O)cc2)C1=O,4.498725891113281,5.35081672668457,4.924771308898926
COCCCn1cc(C(=O)c2cccc(OC3CCCC3)c2)c2ccccc21,4.982580661773682,4.774937152862549,4.878758907318115
CCSc1nnc(-c2cnc(-c3ccccc3)c(-c3ccccc3)n2)n1C,5.559931755065918,5.060461044311523,5.310196399688721
O=C(Nc1ccc(Cl)c(Cl)c1)N1CCn2c1nc1ccccc12,5.099688053131104,5.078531742095947,5.089109897613525
CCCCNCCCCCCOc1ccc(CN(C)CCCCCCN(C)C(=O)C(Cc2ccc(O)cc2)NC(=O)OC(C)(C)C)cc1,6.17365312576294,4.112636566162109,5.143144845962524
Cc1ccc2c(c1)N(CC(=O)N1CCCCC1)C(=O)CO2,5.988903999328613,5.25299882888794,5.620951414108276
Fc1ccc2c(c1)OCC1C2=NOC1CN1CCN(Cc2ccoc2)CC1,6.999124526977539,5.500531196594238,6.249827861785889
Oc1nc2ccccc2n1C1CCN(C(c2ccccc2)c2ccccc2)CC1,5.048710346221924,4.308847904205322,4.678779125213623
Cc1cccc(C)c1C(=O)NC(=S)NNC(=O)c1ccccc1Cl,6.517885208129883,4.71946907043457,5.618677139282227
O=C1C(C(=O)N2CCCCC2)CCCN1c1ccc(Cl)cc1,5.362300872802734,4.825743198394775,5.094022035598755
CS(=O)(=O)c1ccc(C(=O)NC2C=S(O)C(=O)C2)cc1,5.538329124450684,4.664549350738525,5.1014392375946045
Cc1cc(N2CCN(C3CCC3)CC2)nc2ccc(NC(=O)COc3ccc(C(F)(F)F)cc3)cc12,5.810338020324707,6.15095853805542,5.9806482791900635
CC(C)(C)c1cc(C=C(C#N)C#N)cc(Br)c1O,4.575815200805664,4.805994987487793,4.6909050941467285
CC(=O)NC(Cc1cccs1)C(=O)NC1CCCC1C(=O)O,3.446301221847534,3.849309921264648,3.6478055715560913
CC(C)(C)OC(=O)N1CCC(C2CCN(Cc3ccc(CSc4ccc(C(F)(F)F)cc4)cc3)CC2)CC1,5.977533340454102,4.24809455871582,5.112813949584961
CCCCCCCCCCCCC=CC1CC(CO)(COC(=O)C(C)(C)C)OC1=O,4.537567615509033,5.758881092071533,5.148224353790283
Nc1ccc(SCC(CP(=O)(O)O)n2cccc2)cc1,4.050344467163086,4.449108600616455,4.2497265338897705
O=C(O)CCc1ccn(-c2ccccc2)n1,4.490756034851074,4.593939304351807,4.54234766960144
NC1CCCCC1Nc1cc2cc(Cl)ccc2cn1,4.778933525085449,4.8921098709106445,4.835521697998047
O=C(NC(=S)Nc1cccc(Cl)c1)c1ccc([N+](=O)[O-])cc1,6.37304162979126,4.444238662719727,5.408640146255493
O=C1NC(=O)C(=Cc2ccc(Br)cc2)S1,4.587386608123779,6.026494979858398,5.306940793991089
O=C(c1ccccc1)c1ccc(OCCCCN2CCCCC2)cc1,5.54141092300415,4.43947696685791,4.99044394493103
O=C1Cc2cc(OCc3cccc(Cl)c3)ccc2N1,4.394811630249023,7.274839878082275,5.834825754165649
O=C(NC1=Cc2ncc3cnnc(O)c(c2-3)C1)C1CC1c1ccccc1,5.843003273010254,5.418304443359375,5.6306538581848145
N#CCCN1N=C2CCCCC2C1c1ccc(F)cc1,6.95053768157959,7.234663009643555,7.092600345611572
COc1cc(C=C2SC(=S)N(c3ccccc3F)C2=O)ccc1O,6.391857624053955,4.8041863441467285,5.598021984100342
FC(F)(F)c1cccc(NC(=S)N2CCCCC2)c1,5.85575008392334,5.84916877746582,5.85245943069458
O=C(C=C1CC(=O)Oc2cc(OCc3cccc(Cl)c3)ccc21)Nc1ccccc1,5.041419982910156,6.514488220214844,5.7779541015625
Clc1cc(OCCF)cc(-c2nnc(-c3ccccc3)o2)c1,5.5599870681762695,6.616762161254883,6.088374614715576
CCOC(=O)N1CCC(n2ccnc2)CC1,3.886094808578491,4.687346935272217,4.286720871925354
O=C1NCc2c1cccc2-c1ccc(Nc2nc3ccccc3[nH]2)cc1,6.283646583557129,5.626049518585205,5.954848051071167
O=C1C=CC(=CNNC2=c3ccccc3=NC2=O)C=C1,3.5436558723449707,5.890535831451416,4.717095851898193
CC(=O)N1N=C(c2cc(C)ccc2O)CC1c1ccccc1O,7.348953247070312,5.275746822357178,6.312350034713745
CC1=CC=CC2=NC(=O)CC(=[N+](C)C)C2C1=O,4.926055431365967,6.6256256103515625,5.775840520858765
CN1CCCC(n2cc(C3=C(c4ccccc4Cl)C(=O)NC3=O)c3cc(Cl)ccc32)C1,5.134106159210205,5.833584785461426,5.483845472335815
COc1cccc(CN(C)Cc2ccc(OC(F)F)c(OC)c2)c1,6.196998596191406,4.057767868041992,5.127383232116699
CC1=CCC2C(C1)c1c(O)cc(C(C)(C)c3ccccc3)cc1OC2(C)C,4.544028282165527,5.127238750457764,4.8356335163116455
O=C(C=Cc1cccs1)Nc1nnc(-c2cccc(Cl)c2)s1,6.062694072723389,6.250002861022949,6.156348466873169
CN1CCN(c2ccc(Nc3ncc4ccc(-c5ccccc5)n4n3)cc2)CC1,4.996967792510986,5.360574245452881,5.178771018981934
O=C(CSc1nnc2ccccn12)Nc1cccc2cccnc12,5.644709587097168,4.232847213745117,4.938778400421143
Cc1ccc2nc3c(C)cc(=O)oc3c(O)c2c1,5.390600204467773,4.619392395019531,5.004996299743652
Cc1ccc(Nc2ccc([N+](=O)[O-])cc2C(=O)O)cc1,5.896954536437988,5.1485772132873535,5.522765874862671
O=C(C=Cc1ccco1)Nc1cccc(N2CCCC2)n1,5.481664657592773,6.290728092193604,5.8861963748931885
COc1cc2c(cc1O)C(=O)C(C(=O)c1cccc(C(F)(F)F)c1)C2,6.963137149810791,5.430589199066162,6.196863174438477
N#Cc1ccc(-c2cn(CCCCCCCN3C=CCCC3)c3cc(OCc4ccncc4)ccc3n2)cc1,,,
S=C(NCCCN1CCOCC1)Nc1ccccc1Cl,5.09471607208252,4.802126407623291,4.948421239852905
COC(=O)C=Cc1cccc(N(Cc2ccc(-c3ccccc3)cc2)C(=O)CCCCCC(=O)OC)c1,4.395959854125977,5.408848762512207,4.902404308319092
COc1cccc2c1C(=O)c1c(O)c3c(c(O)c1C2=O)CC(O)(C(O)C=O)CC3OC1CC(N)C(O)C(C)O1,6.512968063354492,3.783008575439453,5.147988319396973
CC(=NNc1nc2ccccc2s1)c1ccccn1,4.715663433074951,4.889220714569092,4.8024420738220215
O=C1CCC(C2=Cc3ccccc3Oc3ccccc32)N1,4.436717987060547,6.503637790679932,5.470177888870239
Cc1cccc(C(=O)Nc2cccc(C(=O)O)c2F)c1,5.516955375671387,5.524267673492432,5.520611524581909
CN(Cc1ccccc1)C1CCN(CC(=O)Nc2cccc(Cl)c2)CC1,5.780733585357666,3.4613566398620605,4.621045112609863
CCC1CCCCN1C(=O)c1cc2ccccc2oc1=O,5.8539581298828125,4.688477039337158,5.271217584609985
CC1CCCN1CCc1cc2cc(C#Cc3ccccc3)ccc2o1,4.669793605804443,5.493569850921631,5.081681728363037
O=[N+]([O-])c1cccc2cc(C=NNc3ccc(Cl)c(Cl)c3)c(O)nc12,6.185887813568115,5.448436737060547,5.817162275314331
Cc1ccc(C2CC3CCC(C2=O)N3CC(=O)Nc2ccccc2)cc1,5.776068687438965,5.14649772644043,5.461283206939697
O=C(NC1(c2ccccc2)CCCC1)c1cc2cc(Cl)ccc2oc1=O,5.398598670959473,5.882010459899902,5.6403045654296875
COc1cc(C=C2SC(=O)N(CCCCC(=O)Nc3cccc(C(F)(F)F)c3)C2=O)ccc1O,6.602616786956787,5.706598281860352,6.154607534408569
O=S(=O)(c1ccc2c(c1)OCCO2)c1ccccc1,5.841344356536865,4.354496955871582,5.097920656204224
O=C(O)c1ccc(N=Nc2ccc(Cl)cc2)cc1,4.9307403564453125,4.747815132141113,4.839277744293213
COc1cc2c(cc1OC)C(c1nc3ccccc3[nH]1)CN(C(C)=O)CC2,5.252619743347168,5.077731132507324,5.165175437927246
O=C(NCC1CC(F)CN1)C(Cc1ccccc1)C(=O)N1CCCC1,5.827873706817627,4.054876327514648,4.941375017166138
CCNC(=O)c1ccc(Oc2ccc(Cl)c3cccnc23)c(Cl)c1,6.226179122924805,5.314152240753174,5.770165681838989
COc1cc2c(cc1OC)C(=O)C(Oc1ccc(OCC=CI)cc1)C2,6.641501903533936,5.338320255279541,5.989911079406738
COc1ccc(C=c2sc3nc(-c4ccco4)nn3c2=O)cc1OC,5.77022647857666,5.192379474639893,5.481302976608276
Cc1cc(C)c2c(N)c(C(=O)NCc3cccs3)sc2n1,6.51263427734375,3.827104568481445,5.169869422912598
CN1CCCC1=CCNC(=O)c1ccc2nc(-c3ccco3)c(-c3ccco3)nc2c1,6.188374996185303,4.922983646392822,5.5556793212890625
N#Cc1cccc(NC(=O)N2CCN(c3ccc(OC(F)(F)F)cc3)CC2)c1,5.763706684112549,5.398048400878906,5.5808775424957275
O=C1c2ccccc2C(=O)N1CCCCCN1CCN(c2nsc3ccccc23)CC1,6.615818500518799,5.016829013824463,5.816323757171631
CC(=O)OC1C2CC(C)=CC3C=CC(C)C(CCC3(C)C)C1OC(=O)CCCC(C)C,,,
Cc1ccc(C=Cc2onc3ccccc23)cc1,4.708434104919434,5.858365058898926,5.28339958190918
CC(C#N)=NNc1ccc(OC(F)(F)F)cc1,5.860189437866211,5.768338203430176,5.814263820648193
CCCCCCCCCCCCC=CCC=Cc1cc(O)cc(O)c1O,5.572463512420654,5.498112678527832,5.535288095474243
O=C1NC2CCNCCCN2c2ccc(C(F)(F)F)cc21,4.103401184082031,6.088659763336182,5.0960304737091064
CCCCCCCCCc1ccc2c(c1)OC(C)(C)C1CC=C(CO)CC21,5.166421890258789,5.547988414764404,5.357205152511597
CC(=O)c1ccc(N2CCOCC2)cc1O,4.613142490386963,5.027167320251465,4.820154905319214
Cc1ccc2c(c1)c1c(n2C=Cc2ccccc2)CCN(C)C1,5.145151615142822,5.500926017761231,5.323038816452026
O=C1CCCCN1Cc1ccc2c(c1)nc(O)c1cccn12,6.590760231018066,5.38594913482666,5.988354682922363
O=[N+]([O-])c1cc2c(O)c(O)ccc2cc1O,5.447019577026367,6.138236045837402,5.792627811431885
COc1ccc(NC(=O)c2sc3nc(C)cc(C)c3c2N)c(OC)c1,6.071976184844971,4.132256031036377,5.102116107940674
Cc1ccc(COc2ccc3c(c2)N(S(=O)(=O)N(C)C)CCS3)cc1,6.265103816986084,5.937407970428467,6.101255893707275
O=C1NC(=O)c2cc(OCCCCc3nc(-c4ccc(F)cc4)no3)ccc21,7.338401794433594,7.354907512664795,7.346654653549194
COc1ccc2cc3cc(C(=O)NCC(F)(F)F)oc3nc2c1,5.80510950088501,5.877989768981934,5.841549634933472
CCCCCCCCCOc1ccc(N=C(N)N)cc1N=C(N)N,5.362155437469482,7.127960205078125,6.245057821273804
O=C1C(=Cc2ccc(O)cc2)Oc2ccccc21,5.920605182647705,6.098433017730713,6.009519100189209
N#Cc1ccc(C(=O)OCC(=O)Nc2cccc3cccnc23)cc1,4.837900638580322,5.347869396209717,5.0928850173950195
CCSc1nnc(NC(=O)C=Cc2ccco2)s1,6.032742977142334,7.458972930908203,6.7458579540252686
O=C(NC(=S)Nc1ccccc1)c1cn(-c2ccccc2)nc1-c1ccccc1,5.966997146606445,4.102196216583252,5.034596681594849
O=C(O)Cc1ccc2c(c1)C(=O)c1ccccc1CO2,4.395706653594971,5.49343729019165,4.9445719718933105
CNC(=O)Cc1coc2cc(OS(=O)(=O)c3ccc(Cl)c(Cl)c3)ccc12,6.280921459197998,5.363929748535156,5.822425603866577
COc1ccc(CC(=O)NC2CCCc3c2cnn3-c2ccccc2)cc1,5.001217365264893,4.229614734649658,4.615416049957275
CC(=O)N1CCN(C(=O)Cn2nnc3ccccc3c2=O)CC1,5.087542533874512,4.168377876281738,4.627960205078125
O=C(NCc1ccccn1)c1cc(-c2cccs2)nc2ccccc12,5.155228614807129,4.319128036499023,4.737178325653076
CN(C)CCC=C1c2ccccc2Sc2ccccc21,4.095608234405518,4.210531234741211,4.153069734573364
COc1ccc(C(=O)NN=C(C)CCC(=O)O)cc1OC,5.040042400360107,4.137621402740479,4.588831901550293
CCCc1ccc(OCc2ccc(C(=O)O)o2)cc1,4.987230777740479,6.002898216247559,5.4950644969940186
Cn1c(SCC(=O)c2c(Cl)cccc2Cl)nnc1-c1ccco1,6.986515045166016,5.813248634338379,6.399881839752197
O=C(C#CCN1CC2CCC1C2)Nc1ccccc1,5.979351997375488,4.5334343910217285,5.256393194198608
CN=C1NC(=O)C(=Cc2ccc(OC)cc2)S1,5.199941158294678,5.0038251876831055,5.101883172988892
O=C(NCCCNc1nc(Nc2cccc(F)c2)ncc1Br)C1CC1,6.388174533843994,5.490385055541992,5.939279794692993
CN=C1N=C(Cc2c[nH]c3ccccc23)C(=O)N1,4.9921464920043945,4.939859867095947,4.966003179550171
CC1C(=O)OC2CC3C4C(=O)C(=O)C5(C)C(O)CC3(C)C2(CO)O1,,,
O=C(O)CCC(=O)Nc1cc(S(=O)(=O)Nc2ccc(Cl)cc2)ccc1Oc1ccccc1,5.95342493057251,4.7569499015808105,5.35518741607666
Nc1ccc(C2=NN(C(=O)COc3ccccc3OCC3CCCO3)C(c3ccc(Cl)cc3)C2)cc1,6.648918628692627,5.49868631362915,6.073802471160889
O=C(O)c1cc2c(ccc3occ(CCC4CCCC4)c32)o1,7.332855701446533,4.823169708251953,6.078012704849243
O=C1CCCc2cc(OCCCCCNc3c4c(nc5cc(Cl)ccc35)CCCC4)ccc21,7.804790496826172,5.397940635681152,6.601365566253662
O=C1CCc2cc(S(=O)(=O)NCc3ccc(Br)cc3)ccc2N1,4.618866920471191,5.164052963256836,4.891459941864014
O=C1COc2cc(OCc3cccc(Cl)c3)ccc2N1,4.336330890655518,7.10906982421875,5.722700357437134
Clc1ccc(CSc2nnc(-c3cccs3)o2)cc1,6.612072944641113,6.784578323364258,6.6983256340026855
O=C1c2cc([N+](=O)[O-])ccc2-n2c1nc1ccc(Br)cc1c2=O,5.051543235778809,5.935121536254883,5.493332386016846
O=C1c2cccc3cccc(c23)C(=O)N1CCCCN1CCN(c2ccc(Cl)cc2)CC1,6.703537940979004,5.7910003662109375,6.247269153594971
CC#CC1(O)CCC2C3CC=C4CC(=O)CCC4(C)C3CCC21C,4.619927406311035,8.186033248901367,6.402980327606201
Cc1c2c(n3c1CCN(C)CC(C)C3)-c1ccccc1SC3,,,
N=C(N)NCCCCC(N[N+](=O)[O-],,,
CC(=O)c1cccc(NC(=O)NC2CCCCC2CN2CCCC(Cc3ccc(F)cc3)C2)c1,5.2353997230529785,4.084898948669434,4.660149335861206
O=c1oc2ccccc2cc1-c1nc2ccccc2[nH]1,5.399131774902344,4.766075611114502,5.082603693008423
CCCCSc1nsc(NC(=O)c2cc3ccccc3o2)n1,6.767258644104004,7.019486427307129,6.893372535705566
O=C1C=CC(=C(C#Cc2cccc(F)c2)c2ccc(O)cc2)C=C1,4.514423370361328,6.664266586303711,5.5893449783325195
O=C(Nc1ccccc1I)c1ccc2c(c1)OCCO2,6.183316707611084,5.702272415161133,5.942794561386108
Cc1ccc(C(=O)c2c(O)c(O)n(-c3ccc4ccccc4c3)c2-c2ccccc2)cc1,5.699578762054443,5.565167427062988,5.632373094558716
Fc1ccc(-c2nc(-c3ccccc3)c(-c3ccccc3)[nH]2)cc1,4.949202060699463,4.516016006469727,4.732609033584595
NCCn1cc(S(=O)(=O)c2ccc(Cl)cc2Cl)c2cccnc21,5.041804313659668,5.174773693084717,5.108289003372192
C=CCn1c(C2CC2)nc2cc(Cl)ccc21,7.055821418762207,5.65444803237915,6.355134725570679
O=C(Nc1cccc(S(=O)(=O)Nc2ccc(Cl)cc2)c1)c1cccc([N+](=O)[O-])c1,5.629498958587647,4.261869430541992,4.945684194564819
Cc1ccc(NC(=O)c2ccccc2C(=O)NCc2ccccc2)cc1F,5.68776798248291,4.934669494628906,5.311218738555908
COc1ccc(-c2cc3c(NCCCN)ccc(C(N)=O)c3o2)cc1,5.231612205505371,5.370465755462647,5.301038980484009
O=C(NN=Cc1ccc(O)c2ncccc12)c1cccc(Cl)c1,5.337161064147949,5.195939064025879,5.266550064086914
O=C(O)CCCCCN1C(=O)C(=Cc2ccc(O)c(Br)c2)SC1=S,6.098902225494385,5.638730049133301,5.868816137313843
Cc1nc2[nH]c(O)nc(O)c-2c1Sc1ccc(Cl)cc1,6.156562805175781,4.659565448760986,5.408064126968384
Nn1cc(-c2cc(F)cc(F)c2)c2ccccc21,5.537267684936523,5.383908748626709,5.460588216781616
COc1ccc2c(c1)CCN2Cc1ccc(OC)c(OC)c1,4.690135478973389,4.310307502746582,4.500221490859985
COc1ccc(C=NNC(=O)c2cc(O)cc(O)c2O)cc1O,4.678663730621338,4.258171558380127,4.468417644500732
Cn1c(C(CN)c2cnccc2Cl)nc2ccccc21,5.253809928894043,4.871412754058838,5.06261134147644
CC(=O)N1N=C(c2ccc(OCCOc3ccc4ccccc4c3)cc2)CC1c1ccc(Cl)cc1,6.155282497406006,6.990651607513428,6.572967052459717
Fc1ccc2c(c1)nc(-c1ccccc1)n2-c1ccncc1,4.99068021774292,4.860836505889893,4.925758361816406
CC(C)=CCOc1ccc(C=C2CCCC3CCCCC23)cc1,4.861931324005127,5.07736349105835,4.969647407531738
COC(=O)C1=C(C)NC(C)=C(C(=O)OCCN2CCC(c3ccccc3)CC2)N1c1cccc(F)c1,5.356056213378906,4.85015869140625,5.103107452392578
Cc1cc(-c2ccccc2)cc(C)[n+]1CC(=O)Nc1ccc2nc(S(=O)(=O)N3CCCC3)sc2c1,6.316204071044922,4.935837745666504,5.626020908355713
CC(=O)Nc1ccc(S(=O)(=O)Nc2cc([N+](=O)[O-])ccc2C)cc1,5.209612846374512,3.7723817825317374,4.490997314453125
O=c1onc(-c2ccccc2Cl)n1-c1ccc2c(c1)OCCO2,6.026691913604736,5.127780437469482,5.577236175537109
O=c1oc2ccccc2cc1-c1nc2ccccc2[nH]1,5.399131774902344,4.766075611114502,5.082603693008423
COc1ccc(S(=O)(=O)NC2CCCC2)cc1NC(=O)c1ccno1,5.43307638168335,5.267501354217529,5.3502888679504395
O=C(Cc1ccccc1)Nc1cccc(-c2nc3sccn3c2-c2ccnc(Nc3cccc(N4CCOCC4)c3)n2)c1,5.718745708465576,5.235474109649658,5.477109909057617
Cc1nn(C)c2c1c(=O)c1cc(Cl)ccc1n2OCC(C)C,5.38356876373291,5.342552661895752,5.363060712814331
CN(C)c1ccc(C(=O)NC2=NCCS2)cc1,5.886533260345459,5.482093811035156,5.684313535690308
CN(C)S(=O)(=O)c1ccc(-c2cn(CC3CCOCC3)c3ncccc23)cc1,5.642108917236328,5.242269515991211,5.4421892166137695
O=C1c2ccccc2-c2nc3nnnn3nc21,4.122465133666992,3.952200412750244,4.037332773208618
Cc1cc(C)cc(NC(=O)Nc2ccc3c(c2)CCc2sc4ncnc(N)c4c2-3)c1,5.994531154632568,4.639136791229248,5.316833972930908
CC1=CC(=O)OC1C(=O)OC(Cc1ccccc1)C1C=CCC1,3.5211312770843506,4.543480396270752,4.032305836677551
COc1cccc(C=CC(=O)c2c(O)cccc2OC)c1,5.830956935882568,5.5745463371276855,5.702751636505127
CC(=O)OCC1OC(n2cc(COC(=O)c3ccc(S(N)(=O)=O)cc3)nn2)C(OC(C)=O)C(OC(C)=O)C1OC(C)=O,3.645150661468506,3.9592361450195312,3.8021934032440186
Cc1c(C=CC2CC(=O)Oc3cc(F)ccc32)nnn1-c1ccccc1,6.404748916625977,6.100672721862793,6.252710819244385
CNC(=O)c1ccccc1Sc1ccc2c(C=Cc3ccccn3)n[nH]c2c1,6.140408515930176,5.358244895935059,5.749326705932617
O=C1c2ccccc2-c2nnc(Cc3cccc(F)c3)nc21,5.7288079261779785,5.390618324279785,5.559713125228882
Cc1c(C)c2ccc(OCC(=O)N3CCCC3C(=O)NCc3ccco3)cc2oc1=O,6.218218803405762,5.652730941772461,5.935474872589111
CCCCC1=NOC2=CC=CC(C(=O)OC)CC2=C1,3.630392551422119,5.738106727600098,4.684249639511108
CN1CCN(CC(=O)Nc2ccc(C(=O)NCC3CCCO3)cc2)CC1,5.634711265563965,4.500913143157959,5.067812204360962
CC(=O)Nc1ccc(S(=O)(=O)N2CCOCC2)cc1,4.338495254516602,5.2913103103637695,4.8149027824401855
O=C1C=CC(=O)c2c(O)cccc21,6.011013031005859,7.056286811828613,6.533649921417236
CCCCCCN=C(CC#N)C(=O)Cc1ccsc1,4.637585639953613,5.923516750335693,5.280551195144653
COc1ccc(C=C2SC(=S)N(CCCC(=O)Oc3ccc4ccccc4c3)C2=O)cc1,6.076557159423828,5.880659103393555,5.978608131408691
CC(=O)Nc1sc(C#Cc2ccccc2)nc1-c1ccccc1,4.927908420562744,5.144290924072266,5.036099672317505
C=CCn1c(=O)c2cnc(Nc3ccc(C(=O)N4CCN(C)CC4)cc3)nc2n1-c1cccc(C(C)(C)O)c1,6.124144554138184,4.753442287445068,5.438793420791626
c1ccc(-c2ccc(COc3ccccc3)o2)cc1,4.422959327697754,4.584449768066406,4.50370454788208
CCN(CC)C(=O)C1C=C2c3cccc4[nH]cc(c34)CC2N(C)C1,5.647458553314209,5.54237699508667,5.5949177742004395
CC(C)=CCn1c(N2CCCNCC2)nc2c1c(=O)[nH]c(=O)n2C,5.152835369110107,4.137216091156006,4.645025730133057
CC1=CC2OC3CC4OC(=O)C=CC=CC(=O)OCC(C)C(=O)OCC(C)C(O)CC(O)CC(=O)OC1C2(C)C3,,,
CC1=CN2C(=O)CC(=COc3cccc(NC(=O)c4ccc(F)cc4)c3)C3C(=O)CC=CC32C1,5.001334190368652,6.885275363922119,5.943304777145386
c1ccc2c(NCCCCCCCCN3C4CC5CC(C4)CC3C5)c3c(nc2c1)CCCC3,8.145047187805176,4.132323741912842,6.138685464859009
CC(=O)c1ccc(N2CCN(c3ccc(C)nc3)CC2)c(F)c1,4.788458347320557,6.193512916564941,5.490985631942749
NC(=O)C1CCCN(C(=O)c2cc(-c3ccco3)on2)C1,6.033369064331055,4.808766841888428,5.421067953109741
Cc1cccc(CCc2cc(O)n(CCCCCN3CCCCC3)c2O)c1,6.857834815979004,4.79356575012207,5.825700283050537
COc1cc2c(cc1OC)C(=O)C(Cc1cccc(Cl)c1)=C2,6.089164733886719,5.856634616851807,5.972899675369263
Cc1ccc(C=CC(=O)NCC2CCCO2)cc1,3.736586809158325,5.244833469390869,4.490710139274597
c1ccc(CN2CCC(COC3CCCC3)CC2)cc1,6.2477126121521,3.4279370307922363,4.837824821472168
CC(=O)c1ccccc1NC(=O)c1sc2nc3ccccc3cc2c1N,6.419111251831055,3.979962348937988,5.1995368003845215
COc1ccc(-c2cc(=O)oc3c(O)c(O)ccc23)cc1,5.330095291137695,5.272039413452148,5.301067352294922
COc1ccc2c(c1)OC(=O)CC2=CNc1ccc(C(=O)OC(C)C)o1,5.492734432220459,4.424707412719727,4.958720922470093
CN(C)c1ccc(-c2nc3cccnc3n2CCN2CCCCC2)cc1,5.777773380279541,5.019968986511231,5.398871183395386
O=C1Nc2ccc3ncsc3c2C1=CNc1ccc(S(=O)(=O)Nc2ccccn2)cc1,5.797753810882568,4.647493362426758,5.222623586654663
CC(=O)c1ccc(OCCCCCCCNc2c3c(nc4ccccc24)CCCC3)cc1,7.188755512237549,5.188057899475098,6.188406705856323
Clc1ccccc1COC1=NCCN1,5.925129890441895,5.279856204986572,5.602493047714233
CC(C)=CCOc1cc(Oc2ccc(C(=O)Nc3sccc3C#N)cc2)cc(C(=O)NCCc2ccc3c(c2)OCO3)c1,6.55264139175415,4.967888832092285,5.760265111923218
CN=C1N=C(Cc2c[nH]c3cc(Br)ccc23)C(=O)N1,5.522061347961426,5.658036708831787,5.5900490283966064
CCCCCN(C)CNS(=O)(=O)c1ccc(OC)cc1,4.690408229827881,4.275184154510498,4.4827961921691895
COc1cc2c(cc1OC)C(=O)C(=Cc1ccc(C[N+](C)(C)Cc3ccccc3)o1)C2=O,7.297209739685059,5.013599872589111,6.155404806137085
FC(F)(F)c1ccc(-c2csc(NN=C3CCCCC3CO)n2)cc1,5.864618301391602,6.763913154602051,6.314265727996826
COC(=O)C1C2C=CC3(CN(Cc4cccnc4)C(=O)C13)O2,4.637541770935059,6.358489513397217,5.498015642166138
Nc1cccc(-c2cc3c(Oc4cccc(O)c4)ncnc3[nH]2)c1,5.421749114990234,4.5624284744262695,4.992088794708252
O=C1c2ccccc2-[n+]2ccc3c([nH]c4ccccc43)c21,4.619190692901611,5.365114688873291,4.992152690887451
O=C(NC1CCCCC1)c1cc2ccccc2oc1=O,5.66485595703125,5.369811534881592,5.517333745956421
Fc1ccc(-c2cn3c(c2-c2ccccc2)CSC3)cc1,4.876267910003662,5.697159767150879,5.2867138385772705
Cc1cccc(NS(=O)(=O)c2cc3c(cc2C)N(C(C)CO)CC(C)C3)c1,5.449434757232666,4.512681007385254,4.98105788230896
Fc1ccc(C(CCNCc2ccccc2)c2ccc(F)cc2)cc1,4.507604122161865,4.545248985290527,4.526426553726196
O=C(O)COc1ccc2c3c1cccc3c(=O)n1c3ccccc3nc21,5.057406425476074,4.242157936096191,4.649782180786133
Clc1ccc(CSC2=NCCN2)cc1,6.282129764556885,5.041895389556885,5.662012577056885
O=c1c2ccccc2sn1-c1ccc(S(=O)(=O)N2CCCC2)cc1,5.860125541687012,4.583307266235352,5.221716403961182
COc1cc2c(cc1OC)C(=O)C(Oc1ccc(C#N)cc1)C2,6.351208686828613,4.986063957214356,5.668636322021484
O=C(CCc1c[nH]c2ccccc12)N1CCN(C2CCCCC2)CC1,5.879441261291504,4.645028114318848,5.262234687805176
COc1cc(C=C2SC(=O)NC2=O)ccc1O,5.989626407623291,4.644247055053711,5.316936731338501
COc1ccc(CCCCN2CCN(c3ccccn3)CC2)cc1,4.527201652526856,4.459423542022705,4.49331259727478
CC1=Nc2cc(C(F)(F)F)nn2C(c2ccc(Cl)c(Cl)c2)C1c1nccn1C,7.148514747619629,7.009608268737793,7.079061508178711
COc1cc(OC)c(C=C2C(=O)Nc3ccccc32)c(OC)c1,6.351840972900391,4.916623115539551,5.634232044219971
O=C(C=Cc1cccc([N+](=O)[O-])c1)NCCSc1nc2ccccc2s1,5.351672172546387,5.857117652893066,5.604394912719727
c1ccc2c(c1)OCCCc1sc3ncnn3c1-2,3.698263168334961,5.171525478363037,4.434894323348999
CN1CCN(CC(=O)Nc2n[nH]c3cccc(Oc4ccc(Cl)cc4)c23)CC1,5.927812099456787,4.592102527618408,5.259957313537598
CC1=Nc2cc(C(=O)OC(C)C)ccc2Sc2ccc(Cl)cc21,5.079938411712647,4.74787712097168,4.913907766342163
Cc1nccn1-c1nc(-c2ccccc2)nc2ccccc12,4.684852600097656,4.500033855438232,4.592443227767944
CSc1cccc(NC(=O)c2cc3c(=O)n4ccccc4nc3n(CC3CCCO3)c2=N)c1,6.298843860626221,5.051416397094727,5.675130128860474
NCC1CCN(c2nc3ccc(OCc4ccc(Cl)cc4)cc3s2)CC1,5.418530464172363,5.655055522918701,5.536792993545532
CCC(=O)Nc1cccc(CN=C2C(=O)C(=O)C2Nc2ccc3[nH]ncc3c2)c1,6.336953163146973,5.093497276306152,5.7152252197265625
Cc1ccc(OCC(=O)Nc2onc(C)c2C)c(C)c1,5.650739669799805,6.212207317352295,5.93147349357605
CCCCOc1ccccc1C1CC(C)N(C)C1,5.229462146759033,4.742113590240479,4.985787868499756
CC1=CC(=O)C(=O)C1=Nc1ccc(Br)cc1,5.853683471679688,5.483728885650635,5.668706178665161
C=CCN1CCC2(C)c3cc(O)ccc3CC1C2C,5.828747749328613,5.853732585906982,5.841240167617798
Cc1cc2cc(C(=O)CCC(=O)c3ccccc3)c(Cl)nc2o1,6.162811279296875,5.81163501739502,5.987223148345947
COC(=O)c1noc(C(=O)Nc2ccccc2N)c1C,6.715705871582031,4.334260940551758,5.5249834060668945
CCOC(=O)c1[nH]c2c3cccc(Cl)c3c(O)c3c(c1C2=O)C(=O)CC,,,
CC1=C(C2CCN(CCO)CC2)C(=O)c2cc(OCc3cccc(Cl)c3)ccc2C1=O,5.497511386871338,6.092944622039795,5.795228004455566
CC(C)(C)c1ccc(C(=O)CCCN2CCC(OC(c3ccc(F)cc3)c3ccc(F)cc3)CC2)cc1,5.252379894256592,4.576101303100586,4.914240598678589
CC(=O)N1CCN(C(=O)CN2N=C(c3ccccc3)SC2=Nc2ccccc2O)CC1,6.017481803894043,4.666604518890381,5.342043161392212
O=C(Oc1cc(Br)ccc1Br)c1cc(Br)cc(Br)c1O,4.246845245361328,5.764781951904297,5.0058135986328125
CCCCCCCCCCCc1ccc(NC(=O)C(N)CO)cc1,5.230485916137695,5.673026084899902,5.451756000518799
O=C1C=CC(=O)N1c1cccc2c1CCC2,4.656663417816162,5.878714561462402,5.267688989639282
CCC(=O)OCCNc1cc(Sc2nc3ccccc3s2)c2nonc2c1[N+](=O)[O-],5.211508274078369,5.311835765838623,5.261672019958496
Cc1c(O)ccc2c1CCCC2=NNC(=O)Cc1cccc2ccccc12,5.788025856018066,5.567867279052734,5.6779465675354
CC(C)n1nc(-c2cc3cc(Br)ccc3oc2=O)c2c(N)ncnc21,5.574380397796631,4.914207935333252,5.244294166564941
CC(=O)c1cccc(OCCCCCN2CCCCC2)c1,6.340402603149414,4.985194206237793,5.6627984046936035
COc1ccc(CNc2c(F)c(F)cc(C(=O)NC(C)c3ccccc3)c2F)cc1,4.773042678833008,4.754026889801025,4.763534784317017
COc1ccc(NC(=O)c2c(C)oc3ncn(CC4CCCO4)c(=O)c23)cc1OC,6.231359004974365,4.734634399414063,5.482996702194214
NC(=O)C(=O)Nc1sc2c(c1C(N)=O)CCCCC2,5.620452880859375,5.248452663421631,5.434452772140503
CC(C)(CNC(=O)c1cc2ccccc2oc1=O)CN1CCC(Cc2ccc(F)cc2)CC1,6.327874183654785,4.131476402282715,5.22967529296875
CC(C)OC(=O)C1=CN(Cc2ccc(-c3cccc(CN4CC=S(O)(O)=CC4)c3)o2)CC(C)(C)c2c1[nH]c1ccccc21,6.474807262420654,4.070051193237305,5.2724292278289795
COc1ccc(C2CC(c3c4ccccc4cc4ccccc34)=NN2)cc1,6.800415992736816,7.829558372497559,7.3149871826171875
c1cncc(C2NCCc3c2c(OCCCN4CCOCC4)cccc32)c1,,,
c1ccc(-c2ccc(CN3CCC4(CC3)OCc3ccccc34)o2)cc1,4.772492408752441,4.3347907066345215,4.5536415576934814
N#CCCN(C(=O)COc1cccc2cccnc12)c1ccccc1,5.307600975036621,5.381253242492676,5.344427108764648
C#CCN(CC=C)C(CC)=CCOc1ccc(C=CC(=O)O)cc1,3.846113204956055,6.567654132843018,5.206883668899536
Cc1cc(C)cc(NC(=O)c2cc(S(=O)(=O)Nc3ccccc3)cn2C)c1,5.6930036544799805,3.4846184253692627,4.588811039924622
CC(C)c1cc(=O)oc2c(CN3CCCCCC3)c(O)ccc12,6.099698066711426,4.061462879180908,5.080580472946167
COc1ccc(C(=O)c2sc3nc4cc(C)ccc4cc3c2N)cc1OC,6.021675109863281,4.176199913024902,5.098937511444092
CN1CCN(c2cccc3c2=NC(=C2CCCCC2)O3)CC1,,,
O=C(Nc1ccccc1)NC1CCN(c2nc3ccccc3o2)CC1,5.365170478820801,5.143920421600342,5.254545450210571
Oc1ccc(Cn2cc(-c3ccc4[nH]ccc4c3)nn2)cc1,6.150399208068848,4.352009296417236,5.251204252243042
O=C(NC1CCCCC1)c1cc2c3c(cccc3c1)OCO3,,,
COc1cc2c(cc1OC)C1=NOC(CN3CCN(CCOCCO)CC3)C1CO2,5.806050777435303,4.635708808898926,5.220879793167114
O=C(C=Cc1ccccc1)OC1CCOC1,3.8675403594970703,5.858590126037598,4.863065242767334
CC(C)C(=O)Nc1cccc(C(=O)OCC#Cc2ccccc2)c1,5.073307514190674,5.298303604125977,5.185805559158325
CC(=O)NC1=C(c2ccc([N+](=O)[O-])cc2)C(=O)c2ccc(Cl)cc2C1=O,4.302613735198975,6.01798152923584,5.160297632217407
c1coc(CN2CCC(COc3cccc4cccnc34)CC2)c1,5.434462070465088,4.789520740509033,5.1119914054870605
CCCCc1c(C)nc2nc(-c3ccccc3O)nn2c1C,4.830552101135254,5.979673385620117,5.4051127433776855
Nc1ccc(S(=O)(=O)NC2=NC(=O)C(Cc3ccncc3)(c3ccccc3)S2)cc1,6.941031455993652,4.158690929412842,5.549861192703247
COc1ccccc1CNC(=O)C1(C#N)CCOCC1,4.977339744567871,4.062017440795898,4.519678592681885
OCC1OC(Oc2cccc3c2CCCC3)CCC1O,4.50839900970459,4.739470958709717,4.623934984207153
c1csc(CNc2c3c(nc4ncnn24)CCCC3)c1,4.75264310836792,5.397339820861816,5.074991464614868
CC(=O)Nc1ccc(C(=O)N2CCCN(C(=O)CC3CCCCC3)CC2)cc1,5.296093463897705,4.283729076385498,4.789911270141602
COc1cc2c(cc1OC)C1=NOC(CN3CCN(Cc4ccc5c(c4)OCO5)CC3)C1CO2,6.806899070739746,4.680825233459473,5.743862152099609
O=c1oc2cc(O)ccc2cc1-c1nnc(-c2ccccc2O)o1,6.650019645690918,4.668862819671631,5.659441232681274
O=C(COc1ccc2ccccc2c1)NC1CCCC1,3.991483211517334,5.130706787109375,4.5610949993133545
COc1cccc2c1C(=O)c1c(O)c3c(c(O)c1C2=O)CC(O)(C(C)=O)CC3OC1CC(N)C(O)C(C)O1,6.87997579574585,3.74082612991333,5.31040096282959
CC=C(C)C(=O)OC1C(C)=C2C(C1OC(=O)CCCCC)C(C)(OC(=O)CC=CC=C(C)C)C1(C)O2,,,
CC(=O)OCC1OC(n2cc(CO=Cc3ccccc3)nn2)C(OC(C)=O)C(OC(C)=O)C1OC(C)=O,,,
O=C(CCl)Nc1ccc2c(c1NC(=O)CCCl)OCO2,5.066023826599121,5.436987400054932,5.251505613327026
COc1ccc(-c2oc3ncnc(N)c3c2-c2ccc(NC(=O)Nc3cc(C(F)(F)F)ccc3F)cc2)cc1,5.642810344696045,5.131192684173584,5.3870015144348145
COc1ccc(C(=O)NC(=S)NCC2CCCO2)cc1,6.224157810211182,5.037863731384277,5.6310107707977295
CCN1CCN(CCCOc2ccc(COc3ccc(C(=O)Nc4nc(C)cc(C)n4)cc3)cc2)CC1,5.455663204193115,5.836936473846436,5.646299839019775
CCCc1ccc(-c2ccc3c(c2)CCN(CCCSc2nnc(-c4ccc(OC)nc4)o2)CC3)cc1,5.695740222930908,6.458423137664795,6.077081680297852
O=C(C=Cc1ccc(O)c(O)c1)c1cc(F)ccc1O,5.052022457122803,6.519165515899658,5.7855939865112305
O=C(C=Cc1ccccc1Cl)N1CCN(S(=O)(=O)c2ccc(F)cc2)CC1,5.220930099487305,5.579654693603516,5.40029239654541
Fc1ccc(-c2nc(-c3ccco3)c(-c3ccco3)nc2-c2ccccc2)cc1,5.238218784332275,4.478517055511475,4.858367919921875
C#CCn1c(CCNC(=O)c2cccc(C)c2)nc2cccc(C#N)c21,6.78078556060791,5.3757171630859375,6.078251361846924
O=C(C=Cc1ccccc1)C(=O)Nc1ccc2c(c1)OCO2,5.3305745124816895,5.845431804656982,5.588003158569336
O=C(Oc1ccccc1)N1CC=C(Cc2c[nH]c3ccccc23)CC1,5.528571128845215,4.876850605010986,5.202710866928101
CC1=CCC2C(C1)c1c(O)cc(C(C)(C)c3ccccc3)cc1OC2(C)C,4.544036388397217,5.127238750457764,4.83563756942749
COC(=O)C1C(C)=NC(=O)N(C(=O)NCCCN2CCC(C(=O)OC)(c3ccccc3)CC2)C1c1ccc([N+](=O)[O-])cc1,6.200395107269287,5.029500484466553,5.61494779586792
COc1ccc(CNC(=O)COc2ccc3c(C)cc(=O)oc3c2)cc1,4.982693195343018,5.98542070388794,5.4840569496154785
FC(F)(F)c1cc2c3c(cccc3c1)C1=CC(CNc3ccc(Br)cc3)CC1C2,5.8301215171813965,7.183021545410156,6.506571531295776
COc1ccc(CCNCc2cccc(C#N)c2)cc1OC,4.32750940322876,4.025675296783447,4.1765923500061035
CN1CCC=C1c1ccc(OC(=O)N(C)C)cc1,5.710641384124756,4.3815598487854,5.046100616455078
CN1CCN(C2=Cc3cc(OCc4ccccc4)ccc3Cc3ccccc32)CC1,4.681798458099365,5.740109920501709,5.210954189300537
CN(C)c1ccc(C=CC=Cc2ccc3c4ccccc4ccc3[n+]2-c2ccc(CO)cc2)cc1,5.486873149871826,6.799480438232422,6.143176794052124
Cn1c(=O)c2nc(-c3ccccc3)[nH]c2n(C)c1=O,4.913620471954346,3.576666831970215,4.24514365196228
O=C1NC(=O)C(=Cc2ccc(-c3cccc(S(=O)(=O)N4CCOCC4)c3)o2)C(=O)N1,5.319701194763184,5.483565807342529,5.4016335010528564
COc1ccc(-c2csc3ncnc(OCC(=O)NCCN4CCCCC4)c23)cc1OC,4.818575382232666,5.373466968536377,5.0960211753845215
COc1cccc(C(=O)Nc2cc(-c3cccs3)nc(N3CCC4(CC3)OCCO4)n2)c1,5.988761901855469,6.033390522003174,6.011076211929321
O=c1cc(-c2ccccc2Cl)oc2c(O)c(O)ccc12,5.52724027633667,4.381396770477295,4.954318523406982
CC(C)(O)c1cc2c(cc1Cl)N(C(=O)Nc1cccc(Cl)c1)CC2,5.42551851272583,4.816260814666748,5.120889663696289
COc1ccc(-n2c(C)cc(C(=O)CSc3nnc(-c4cccnc4)o3)c2C)cc1,6.416313648223877,6.526168823242188,6.471241235733032
CCC(=O)CCCCC(=O)Oc1ccc(C(=O)OC)c(Cl)c1,4.036800384521484,5.619837760925293,4.828319072723389
CN1CCN(c2ccc3nc(-c4ccccc4)c(-c4ccc(CN5CCC(c6nnc(-c7ccccn7)[nH]6)CC5)cc4)nc3c2)CC1,5.328648567199707,4.965860843658447,5.147254705429077
COc1cc(OC)c(C2CCNCC2COc2cccnc2)cc1OC,4.502748012542725,4.052290439605713,4.277519226074219
Fc1ccc(-c2nc3n(c2-c2ccc(Cl)cc2)CCS3)cc1,5.919394016265869,6.468967437744141,6.194180727005005
Cc1c(C)n(Cc2ccccc2)c2ccc(C(=O)Nc3nc[nH]n3)cc12,6.398284912109375,4.657987117767334,5.5281360149383545
COc1cc(OC)c(OC)cc1C=C(C#N)C(=O)NC1CCCCC1,5.61233377456665,4.3090996742248535,4.960716724395752
O=C(CCCCCCCCCNc1c2c(nc3cc(Cl)ccc13)CCCC2)NCCc1c[nH]c2ccccc12,8.84622573852539,4.820335865020752,6.833280801773071
CCCCCNCC(O)COc1ccc(C(C)(C)C)cc1,4.477329254150391,4.218494415283203,4.347911834716797
N#CC1C=Nc2cc(Br)ccc2O1,5.879101276397705,4.212879180908203,5.045990228652954
O=C(NCCc1cccs1)N1CC=C(c2c[nH]c3ncccc23)CC1,5.746520519256592,5.148884296417236,5.447702407836914
COc1ccc(-c2noc(CSc3nnc(C)c(O)n3)n2)cc1,5.54868221282959,6.299576759338379,5.924129486083984
COc1cccc2c1OC(=O)C(C)=C2C(=O)N1CCOCC1,6.032485008239746,4.055270195007324,5.043877601623535
O=C1CCCC2=C1C(c1ccccc1)c1ccc(O)cc1O2,5.657258033752441,6.323908805847168,5.990583419799805
CCCCn1c2ccc(C3CCCCO3)cc2c2c3c[nH]c(O)c3c3c(c21)CCc1nn(C)cc1-3,6.492709159851074,4.672073841094971,5.5823915004730225
O=c1oc2cc(O)ccc2cc1-c1nsnc1-c1ccccc1,5.513784885406494,4.843835830688477,5.178810358047485
CS(=O)(=O)Nc1ccc(C=CC(O)=NO)cc1,3.463122129440308,4.705686569213867,4.084404349327087
COc1cccc2c(C)cc(=O)oc12,5.480699062347412,5.156588077545166,5.318643569946289
CC(=O)OCC1OC(n2cc(-c3ccccc3)c3c(N)ncnc32)C(OC(C)=O)C1OC(C)=O,4.339536190032959,4.046572685241699,4.193054437637329
CN1CC=C(C2=CCCCC2)CC1,3.825326681137085,4.169675827026367,3.997501254081726
COc1cc2c(cc1OC)-c1n[nH]c(Nc3cccc(F)c3)c1C2,5.711820125579834,5.167866230010986,5.43984317779541
CNC(=O)Oc1ccc2c(c1)C1(C)CCN(C)C1N2C,7.130908012390137,5.488977909088135,6.309942960739136
CC(c1ccc2ncccc2c1)N1CCc2cc(O)ccc2C1,4.8807878494262695,5.448472499847412,5.164630174636841
COc1ccc2cc(C(=O)C3CCCN(C4CCCC4)C3)ccc2c1,5.117844104766846,4.993317127227783,5.0555806159973145
Cc1c(C)c2ccc(OS(=O)(=O)CC(=O)NCc3ccccc3)cc2oc1=O,7.012285232543945,5.288330078125,6.150307655334473
COc1ccc2c(c1)C(=O)c1ccccc1C2=O,5.059662342071533,6.339239597320557,5.699450969696045
CN(Cc1ccccc1O)C(=O)Nc1ccccc1,5.731654644012451,4.651472091674805,5.191563367843628
Cc1ccc(-n2nc(C)c3c(=O)c4cc(Cl)ccc4n(O)c32)cc1,5.798842906951904,6.020675659179688,5.909759283065796
c1cnc2nc(-c3ccc4[nH]ncc4c3)c(NC3CCCCC3)n2c1,5.522953510284424,5.693096160888672,5.608024835586548
O=C1C(=Cc2ccc([N+](=O)[O-])cc2)COc2ccccc21,5.1348185539245605,6.695187568664551,5.915003061294556
O=C1C(=O)C(c2ccccc2)Oc2cc(O)ccc21,6.397253036499023,5.226688385009766,5.8119707107543945
COc1cccc(C#CC(O)c2ccccc2)c1,3.556148052215576,5.012130260467529,4.284139156341553
COc1cccnc1CC(O)COc1ccc(C=C2C(=O)Nc3ccccc32)cc1,5.325024127960205,5.664953708648682,5.494988918304443
CN1CCN(CC(=O)Nc2nc3ccc(Oc4ccc(NC(=O)Nc5cc(C(F)(F)F)ccc5F)cc4)cc3s2)CC1,6.232763290405273,5.352564811706543,5.792664051055908
COc1ccccc1C=CC=NNc1nc(Nc2ccc(Cl)cc2)ncc1C#N,5.692576885223389,5.135549068450928,5.414062976837158
CC(=O)Nc1sc2c(c1C(=O)OCCN1CCCC1)CCCC2,6.584195613861084,4.022578716278076,5.30338716506958
O=C1CC2C(=NC(=O)c3ccccc3)C(=O)N2C1=O,5.316054344177246,4.271015644073486,4.793534994125366
NC(=O)c1ccc2[nH]c(-c3ccc(NC(=O)C4CCCC4)cc3)nc2c1,6.722367286682129,5.73234748840332,6.227357387542725
CCN1C(=O)c2ccc(C(=O)NC3CCN(Cc4cccc([N+](=O)[O-])c4)C3)cc2SC1=O,6.422333717346191,5.0643510818481445,5.743342399597168
CC(C)Oc1ccc2sc3c(O)nc(CN(C)C)nc3c2c1,4.726643085479736,4.208016395568848,4.467329740524292
CNc1c2c(nc3ccc(OC)cc13)-c1ccccc1C2=O,5.938841819763184,4.804738998413086,5.371790409088135
COc1cc2c(cc1OC)C1=NOC(CN3CCN(Cc4cccc5ccccc45)CC3)C1CO2,6.860064029693604,5.006537437438965,5.933300733566284
COc1ccc(C=C2C(=O)ON=C2c2ccc(Br)cc2)cc1OC,5.4802021980285645,5.98558521270752,5.732893705368042
Cc1csc(C2Cc3c(c(O)n(-c4ccc(C(C)(C)C)cc4)c3O)N=C2N)n1,6.179579257965088,5.3665313720703125,5.7730553150177
COc1cc(C=CC=CC=CC=CC=CC=CC=CC(=O)NC2CC=CC(=O)C2)cc(OC)c1OC,3.292330026626587,5.9975905418396,4.644960284233093
O=C(NCC(O)CO)C(CO)Oc1ccccc1,4.280223369598389,5.324087619781494,4.802155494689941
CCCCC(O)c1cccc(OCCCN2CCC(C(O)(c3ccccc3)c3ccccc3)CC2)c1,4.474203586578369,4.59074068069458,4.532472133636475
Clc1ccc(C(=Cc2ccccc2)CCCOc2ccc(Cl)cc2Cl)cc1,3.608131885528565,5.642793655395508,4.625462770462036
COc1cc(C=C2SC(=S)NC2=O)ccc1O,6.169413089752197,4.328384876251221,5.248898983001709
C=CCn1c(=O)c2cnc(Nc3ccc(OCCCCCC)cc3)nc2n1-c1cccc(OC)c1,5.636636734008789,5.931329250335693,5.783982992172241
O=C(O)c1ccccc1Nc1ncnc(Nc2ccc3cn[nH]c3c2)n1,5.683157920837402,4.948134899139404,5.315646409988403
CC(=N)Nc1nc(-c2ccccc2)cs1,4.326339721679688,5.48955774307251,4.907948732376099
CN(C)C(=O)c1cc2cc(OCc3ccccc3)ccc2oc1=O,6.0383124351501465,6.625823020935059,6.3320677280426025
Cc1ccc(NC(=S)Nc2ccc(Cl)cc2)cc1,4.653477668762207,4.22596549987793,4.439721584320068
O=C1c2ccccc2-c2nc3nnnn3nc21,4.122465133666992,3.952200412750244,4.037332773208618
O=C(C#CCN1CCOCC1)Nc1cc2c(Nc3cccc(Br)c3)ncnc2cn1,4.978793144226074,5.31571102142334,5.147252082824707
N#Cc1cccc(-c2cc3c(O)nc4ccccc4n3c2)c1,5.107654094696045,5.880232334136963,5.493943214416504
COc1cccc(-c2cc3c(O)nc4ccccc4n3c2)c1,5.082129001617432,5.583870887756348,5.33299994468689
O=c1c(-c2ccc(F)cc2)nc2cnc(N3CCOCC3)nc2n1C1CC1,5.395805358886719,6.295793056488037,5.845799207687378
C=C1C=C(N2CCOCC2)Cc2nc(-c3c(NCC(O)c4cccc(Cl)c4)ccnc3O)oc21,6.147313117980957,5.378908157348633,5.763110637664795
CC1CCC=C1C=CC(=O)OCc1cccc(Cl)c1,3.5021138191223145,5.213156700134277,4.357635259628296
CCOc1no[n+](O)c1S(=O)(=O)c1ccc(C)cc1,6.25876522064209,4.260441780090332,5.259603500366211
O=C(NCCc1ccccc1)c1cccc(C(=O)c2ccc(Cl)cc2)c1,5.374806880950928,4.465323448181152,4.92006516456604
c1ccc(CSCc2c[nH]c3ccccc23)cc1,4.716631412506104,4.110242366790772,4.413436889648438
COc1cc2c(cc1OC)C(=O)C(Oc1ccc(C(F)(F)F)cc1)C2,6.5560479164123535,5.535128116607666,6.04558801651001
CC(=O)OC1CCC2(C)C(=CCC3C2CCC2(C)C(c4ccoc4)CC32)C1,4.108958721160889,7.39052677154541,5.749742746353149
CN(C)C(=O)c1ccc(NC(=O)c2cc3ccccc3oc2=O)cc1,6.507672309875488,5.496657848358154,6.002165079116821
O=C(c1ccccc1)c1cnn2c(O)cc(C3CCN(Cc4ccccc4)CC3)nc12,5.668942928314209,3.993401527404785,4.831172227859497
COc1ccc2c(c[n+](C)c3c4cc5c(cc4ccc23)OCO5)c1OC,6.317879676818848,5.721118450164795,6.019499063491821
Cc1c(O)ccc2c1CCCC2=NNC(=O)Cc1cccc2ccccc12,5.788025856018066,5.567867279052734,5.6779465675354
COc1cc(C#N)cc(-c2ccc3cc(C)ccc3c2)c1,4.065690994262695,7.34113597869873,5.703413486480713
O=C(Nc1ccc(Cl)cc1)c1cnn2c(O)cc(C3CCCC3)nc12,6.287960052490234,5.6220479011535645,5.955003976821899
CCC(C)C(NC(=O)C(N)CCCN=C(N)N[N+](=O)[O-])C(=O)NC(CO)Cc1ccccc1,5.121151924133301,4.634054660797119,4.87760329246521
Cc1cc(Oc2cccc(F)c2)ccc1NC(=O)c1cc(C)no1,6.614016532897949,5.604474067687988,6.109245300292969
OC1CCC(Nc2nc(Cl)cc(-c3c[nH]c4ncccc34)n2)CC1,5.147319316864014,5.66976261138916,5.408540964126587
COc1ccc2sc3c(c2c1)NCC(C)NC3=O,5.029980659484863,4.488249778747559,4.759115219116211
Cc1ccc(-c2ccc(NC(=O)c3ccc(OCCN4CCOCC4)cc3)cc2)c2c(N)noc12,5.8419623374938965,5.035189628601074,5.438575983047485
CC1CN(Cc2ccccc2)CCN1C(=O)Cc1c(Cl)cccc1Cl,5.632681846618652,3.988355875015259,4.810518860816956
Cc1cccc(CNC(=O)c2nn(C)c3c2CCc2ccccc2-3)c1,5.694883346557617,4.43363094329834,5.0642571449279785
CC(Sc1ccccc1)C(=O)NC1CCCC1,4.845329761505127,4.689784049987793,4.76755690574646
Cc1cc(C)c2oc(Nc3ccc(-c4ccccc4)cc3)nc2c1,5.606199264526367,5.459535598754883,5.532867431640625
Clc1ccc(CN2CCCCC2c2noc3ccccc23)c(Cl)c1,5.202519416809082,4.83587646484375,5.019197940826416
O=C(CCc1ccc2ccccc2c1)N(O)C1CC2OCC2C1C(=O)N2c1ccccc1,,,
CN(C)CC(=O)Nc1ccc2ncnc(Nc3cccc(Br)c3)c2c1,4.953075408935547,4.746148109436035,4.849611759185791
CC1=NC2C(=O)C(=CN(C)C)C=CN2C(=O)C1,4.411179065704346,4.689690589904785,4.550434827804565
CN=C(Nc1cccc(Cl)c1)N1CCOCC1,4.874553680419922,4.809914588928223,4.842234134674072
CCCCCc1c(-c2ccc(O)cc2)nc2ncc[nH]c1-2,5.198838710784912,4.87073278427124,5.034785747528076
Cc1ccc(C(=O)NC(C(=O)O)C2(C)CC3CCC2C3)cc1,5.092050075531006,4.17756986618042,4.634809970855713
CN(C)CCOc1ccc(Cl)cc1,3.98777437210083,4.648710250854492,4.318242311477661
COc1cccc(C(=O)Nc2cc(-c3ccccc3)no2)c1,5.784274101257324,4.865947246551514,5.325110673904419
CSCCCCOc1ccc(CSCC)cc1,5.263955593109131,6.115316390991211,5.689635992050171
Cc1cc(=O)oc2cc(OCC(=O)N3CCCC3)ccc12,6.460028171539307,5.282314777374268,5.871171474456787
CCN(CC)C(=O)C1=CC2c3cccc4[nH]cc(c34)CC2N(C)C1,5.31745195388794,5.294166088104248,5.305809020996094
CCCOc1cc2c(cc1OC)C(=O)C(c1ccccc1)C2,6.2362236976623535,5.449009895324707,5.84261679649353
O=C(NC1CCCC1)c1ccc2c(c1)OCCO2,4.675473690032959,5.410526752471924,5.043000221252441
CCOc1ccccc1N1CCN(CCCCCNC(=O)c2nccc3ccccc23)CC1,6.034491062164307,4.994421482086182,5.514456272125244
CC(=O)NC(Cc1c[nH]c2ccccc12)C(=O)NCCc1c[nH]c2ccccc12,4.87333345413208,4.837017059326172,4.855175256729126
CC1=NC(=O)CC(c2ccc(C(F)(F)F)cc2)C1C(=O)Nc1cc(Cl)c2[nH]ncc2c1,5.709754943847656,6.4242472648620605,6.067001104354858
O=C(O)COc1ccc2c(c1)CC(CNS(=O)(=O)c1ccc(Cl)cc1)C2,4.712714195251465,4.588466167449951,4.650590181350708
COc1c(I)ccc2c1C(=O)c1c(O)c3c(c(O)c1C2=O)CC(O)(C(C)=O)CC3OC1CC(N)C(O)C(C)O1,7.018881797790527,3.8081905841827393,5.413536190986633
O=C(C=Cc1ccccc1)NN=Cc1cccc2ccccc12,4.020949840545654,6.245527267456055,5.1332385540008545
CN(C)c1ccc(-c2cnc3c(NC4CC4)cc(C4CC4)cn23)cc1,6.460905075073242,5.713353633880615,6.087129354476929
CCOc1ccc(N=C(N)Nc2nc(-c3ccccc3)cs2)cc1,5.981301784515381,5.864465713500977,5.922883749008179
COc1ccc(C(=O)CCl)cc1S(=O)(=O)N1CCCCC1,6.341619968414307,5.4362406730651855,5.888930320739746
CC(=O)OC1CC2CCCCC2C1C,4.310193061828613,4.797792911529541,4.553992986679077
COc1cc2c(cc1O)C(=O)C(CC1CCCCC1)C2,6.809046268463135,4.968578338623047,5.888812303543091
CN(C)CCCNC(=O)Cc1csc2nc(-c3ccc(OCc4ccccc4)cc3)cn12,5.263348579406738,5.204799652099609,5.234074115753174
CCc1ccc(C(=O)C=CC(=O)N2CCN(c3ccc(OC)cc3)CC2)cc1,4.782058238983154,4.982579708099365,4.88231897354126
O=C(C=Cc1cccc2ccccc12)NC(=O)Nc1cccc(Cl)c1,4.240987777709961,6.382484436035156,5.311736106872559
CCOC(=O)c1c(N)sc2c1CCCC2,5.8670759201049805,4.012657165527344,4.939866542816162
CC(CCC(=O)OCCOc1ccc2nc(O)cc(Cc3ccccc3)c2c1)C1CCC2O1,,,
O=C(CCCn1c(=S)[nH]c2ccccc2c1=O)Nc1ccc(F)cc1,6.254220485687256,5.849581241607666,6.051900863647461
Cc1ccc(S(=O)(=O)Nc2ccccc2C(=O)Nc2nc(-c3ccccc3)cs2)cc1,6.284314155578613,3.904500961303711,5.094407558441162
O=C1C=CC(c2noc3cc(O)ccc23)CC1=CN=C1SCCN1CCOCC1,,,
O=C1c2ccccc2C(=O)N1CCCCN1CCC(n2c(O)nc3cc(Cl)ccc32)CC1,7.297183036804199,5.507161617279053,6.402172327041626
O=C1Nc2cc(Br)ccc2C1C1=Nc2ccccc2C1=NO,5.95255708694458,5.156149387359619,5.5543532371521
CC(C)C1=CC=C(C#N)C(=O)C2CCCCC2C1,4.757256031036377,5.327671051025391,5.042463541030884
Cc1ccc(C(=O)c2c(O)c(O)n(CCCN3CCOCC3)c2-c2cccc(Br)c2)cc1,5.820529937744141,5.027693748474121,5.424111843109131
O=C(C=Cc1ccccc1)Nc1nc2ccccc2s1,4.959340572357178,5.600664138793945,5.2800023555755615
CCCCNC(=O)c1cnc2c(C)c(C(=O)NCC3CC3)cn2c1N,7.256272792816162,4.374731063842773,5.815501928329468
Cn1c(COc2ccc(Cl)cc2)nnc1SCC(=O)NC1CC1,5.849107265472412,6.148599624633789,5.998853445053101
Fc1cc(F)c2c(c1)CCOC2=NOCCN1CCCCC1,6.295811653137207,5.292977333068848,5.794394493103027
CC1=CC(=C2C=CC(=C(C#N)C#N)c3ccccc32)C=CC1,5.341900825500488,6.444862365722656,5.893381595611572
CN(C)CCOC(=O)COc1ccc(Cl)cc1,3.805097103118897,5.683037281036377,4.744067192077637
Cc1ccc(C2CN(C)Cc3cc(OCCCN4CCCCC4)ccc32)cc1,5.312014102935791,4.810138702392578,5.061076402664185
O=c1oc2ccc3ccccc3c2cc1-c1nnc(Cc2ccccc2)o1,6.226787567138672,5.490645408630371,5.8587164878845215
COc1cc2c(cc1OC)CC(CSc1nc3ccccc3s1)C2,6.150569915771484,5.595219612121582,5.872894763946533
CCOC(=O)C1C(=COC(C)=O)NC(=O)NC1c1cccs1,4.715175151824951,4.143213748931885,4.429194450378418
O=C1CC(c2ccccc2)=Nc2ccccc21,5.6440510749816895,5.036783695220947,5.340417385101318
COc1ccc(C=C(C#N)C#N)cc1,4.637105464935303,6.660341262817383,5.648723363876343
CC(=NNC(=O)COc1ccc(Cl)cc1)c1ccccc1,5.139422416687012,5.587335586547852,5.363379001617432
O=C(Nc1ccc2c(c1)C(=O)NC2=O)c1ccc(OCCCCCc2ccccc2)cc1,6.6883864402771,6.843204021453857,6.7657952308654785
N#Cc1ncc2nc1OCCCCCOc1cc(OCCCO)c(Cl)cc1NC(=O)N2,4.522217273712158,5.406783580780029,4.964500427246094
CCCCOC(=O)c1cccc(O)c1,3.880887985229492,5.391980648040772,4.636434316635132
CC(Oc1ccccc1)C(=O)Nc1ccc(C#N)cc1,6.138777732849121,5.021446704864502,5.5801122188568115
O=C(CCl)NCCC1=CCC2CC1C2(O)C#Cc1ccccc1,4.747098922729492,6.083015441894531,5.415057182312012
CC(C)OC(=O)c1ccc2c(c1)N(Cc1ccc(Cl)c(Cl)c1)C(=O)CO2,4.180935859680176,4.915220737457275,4.548078298568726
CN(C)c1ccc(C(=O)OCC2COC(=O)C2Oc2ccccc2)cc1,4.937838077545166,5.225809574127197,5.081823825836182
CC(=O)OCC1OC(NC(=O)CCCSc2ccc(C)cc2)C(OC(C)=O)C(OC(C)=O)C1OC(C)=O,3.148484945297241,4.406369686126709,3.777427315711975
CCCCCCCCCCCCCCC[n+]1ccc2c(c1)OCCO2,5.977123260498047,6.131298065185547,6.054210662841797
C[N+]1(CCc2ccccc2)CCOCC1,2.97106409072876,3.731710433959961,3.3513872623443604
CC(=O)OC1CCC2(C)C3CCC4(C)C(=CCC5C6CCC5(C)C4CCC35C)C12C,,,
Cc1cccc(C2(c3cccc(C)c3)CC2C(=O)Nc2ccncc2)c1,5.093520641326904,5.528986930847168,5.311253786087036
COc1cccc(NC(=O)c2ccc(C#N)o2)c1,5.46182918548584,5.524626731872559,5.493227958679199
COc1cc2c3c(c1)OC(C)(C)C(CCC(C)C)O3,,,
CCN(CCCCCCOc1ccc2c(=O)c3cc(C)ccc3oc2c1)Cc1ccccc1,5.616996765136719,5.26116418838501,5.439080476760864
CC1=C(C#N)C(=O)N(C)CC1=O,6.129383087158203,5.4529314041137695,5.791157245635986
O=C(O)CCCCc1ccc2c(c1)OCO2,4.342959880828857,5.414311408996582,4.87863564491272
COc1ccc2c(c1)c1c(n2C=Cc2ccccc2)CCN(C)C1,4.753147602081299,5.530253410339356,5.141700506210327
CC=C1CC(=O)Oc2c1ccc1c2-c2ccccc21,5.6011481285095215,6.1109619140625,5.856055021286011
N#CC1(c2ccc(O)cc2)CCCCC1,4.1852617263793945,4.783419132232666,4.48434042930603
O=C(NCCCN1CCCC1=O)NC(Cc1ccccc1)c1ccccc1,5.186956405639648,4.49492883682251,4.840942621231079
N#Cc1ccc(NC(O)=NC2CCCCC2)c(Cl)c1,5.340163230895996,5.137178897857666,5.238671064376831
O=C1NC(=O)C2=C1c1cn(c3ccccc13)CCCc1ccc(c(N3CCCC3)n1)CCCn1cc2c2ccccc21,4.698546409606934,5.642670154571533,5.170608282089233
Fc1ccc(C2=NCCN2)cc1,5.328396797180176,5.685502529144287,5.5069496631622314
COc1ccc(NC(=O)c2ccco2)cc1OC1CCOC1,5.493166446685791,5.656282424926758,5.574724435806274
CN(C)c1ccc(C=Cc2cc[n+](C)cc2)cc1,4.096867561340332,5.248529434204102,4.672698497772217
COc1cc2c(cc1OC)C(=O)C(=Cc1ccc(Cl)cc1Cl)C2,5.813663005828857,6.508799076080322,6.16123104095459
COC(=O)C=Cc1ccc2c(c1)OCO2,3.621180534362793,5.665388584136963,4.643284559249878
Cc1ccc2c(c1)OC(=O)CC2=CN(C)CC(=O)c1ccc(Cl)cc1,4.614182472229004,5.704533576965332,5.159358024597168
COc1ccc(OC)c(C2C=CC(c3ccccc3O)O2)c1,4.524865627288818,4.647072792053223,4.5859692096710205
COc1ccccc1-c1cc2ncc(C)c(Nc3cccc(Cl)c3)c2c(=O)o1,5.915243625640869,4.928187847137451,5.42171573638916
CN(C)CC(=O)N1CCC(c2ccc(NC(=O)c3nc4ccccc4o3)c(OC(=O)c3c(F)cccc3F)c2)CC1,6.0137481689453125,5.052050590515137,5.532899379730225
O=C(Cc1c[nH]c2ccccc12)NC1CCCc2ccccc21,4.449967384338379,5.091705322265625,4.770836353302002
CC(C)OCCCNC(=O)c1cnc2ccc(Cl)cc2c1O,6.287683486938477,5.110667705535889,5.699175596237183
CCN(CC)CCCC(C)Nc1c2ccc(Cl)cc2nc2cc(-c3ccccc3OC)ccc12,5.820946216583252,4.513103008270264,5.167024612426758
CC(=O)c1ccc(NC(=O)CCC2CCN(Cc3ccccc3)CC2)cc1,6.77520227432251,3.8239011764526367,5.299551725387573
FC(F)(F)c1cc2c(cn1)[nH]c1ccccc12,5.040887832641602,5.538011074066162,5.289449453353882
CC1=CC2Cc3nc4cc(Cl)ccc4c(NCCCCCCCNc4c5c(nc6ccccc46)CCCC5)c3C(C1)C2,8.794808387756348,4.465803146362305,6.630305767059326
Cc1cc(O)cc(C)c1CC(N)C(=O)N1Cc2ccccc2CC1C(=O)NC(CCCN=C(N)N)C(=O)NCc1ccc2c(c1)OCO2,5.411009311676025,4.39511775970459,4.903063535690308
Cc1nc(C(=O)NCC2CCCN(CCc3ccc(Cl)cc3)C2)cs1,6.025609970092773,4.353202819824219,5.189406394958496
O=[N+]([O-])c1ccc2nc(NCCCCCCCNc3c4c(nc5ccccc35)CCCC4)sc2c1,7.964125633239746,5.414256095886231,6.689190864562988
COc1ccc(Nc2cc(C(=O)NC3CC3)c3ccccc3n2)cc1,5.9657063484191895,4.736416339874268,5.3510613441467285
Cc1ccc(C)c(S(=O)(=O)N2CCN(c3cc(C)nc(-n4nc(C)cc4C)n3)CC2)c1,6.099303245544434,5.724869251251221,5.912086248397827
C#CCN(C)C(C)Cc1ccco1,3.841060161590576,7.655337810516357,5.748198986053467
COc1cc2c(cc1OC)C1=NOC(CN3CCN(CC(C)=Cc4ccccc4)CC3)C1CO2,6.703359603881836,4.614506721496582,5.658933162689209
CS(=O)(=O)N1CCC(c2nc(-c3ccc(Cl)cc3)no2)CC1,5.830729961395264,6.566467761993408,6.198598861694336
Cc1cnc(NCCCOc2ccc3c(c2)CCC3)nc1N,5.8937578201293945,5.658677101135254,5.776217460632324
CN1CCCC1COc1cncc(CCc2ccccc2)c1,4.543266296386719,5.216982364654541,4.88012433052063
CS(=O)(=O)Nc1cc(Cl)cc2c1[nH]c1ccncc12,6.238193988800049,4.558413028717041,5.398303508758545
CC(=O)Oc1cccc(C(=O)NCc2cccs2)c1,6.624261856079102,4.876494407653809,5.750378131866455
COc1cc2c(cc1OC)CC(CO)N(C(=O)C(C)Sc1ccc(Cl)cc1)CC2,6.33448600769043,4.555086135864258,5.444786071777344
CN(C)CCOC(c1ccccc1)c1ccccc1,4.458322048187256,3.033621072769165,3.7459715604782104
Cc1ccc2oc(N3CCN(C4CCCCC4)CC3)nc2c1,5.526275634765625,5.940867424011231,5.733571529388428
Cc1cc2occ(CC(=O)c3ccc(F)cc3)c2cc1C,5.033148288726807,6.780813217163086,5.906980752944946
CC(=O)C1CCC2C3C(=O)CC4CCC(O)CCC4(C)C3CCC12C,4.491468906402588,7.269037246704102,5.880253076553345
COc1cccc(-c2c(CC(C)C)nc3c(C)cc(C)nc3c2C(=O)OC3)c1,,,
CCCCCCCOc1ccc(N=C(N)N)cc1,5.586104869842529,7.216974258422852,6.40153956413269
CCn1c(=O)c2c(nc3n2CCN3CCOc2ccc(Cl)c3c2)n(C)c1=O,,,
O=C(COc1ccc2ccccc2c1)N1CCCC1,5.370790004730225,5.583136081695557,5.476963043212891
CC1=Nc2cc(C(=O)NCCCCCCCCNc3c4c(nc5ccccc35)CCCC4)ccc2S1,8.446927070617676,5.014533042907715,6.730730056762695
CCOC(=O)c1c(C)n(C)c2ccc(OCCOc3c(Cl)cc(C)cc3Cl)cc12,5.036264419555664,6.586149215698242,5.811206817626953
C=CCNC(=O)C1COc2ccc(OC)cc2O1,5.724744319915772,4.108990669250488,4.91686749458313
COc1cc(C(=O)OCN2C3CCC2CC(n2c(=O)oc4ccccc42)C3)cc(OC)c1OC,6.461215496063232,4.8178558349609375,5.639535665512085
CC(C)NCC(O)COc1cccc2[nH]ccc12,3.4242093563079834,4.963170528411865,4.193689942359924
COc1ccc(OC)c(CC(C)NCC(O)COc2ccc(O)cc2)c1,4.211843013763428,4.072914123535156,4.142378568649292
COCOC(=O)C1=C(c2ccccc2)C(=O)c2ccccc2N(C)C1=O,5.643044948577881,5.068535804748535,5.355790376663208
O=C(CBr)N1N=C(c2ccccc2)CC1c1ccc(F)cc1F,6.784585952758789,6.253456592559815,6.519021272659302
Nc1ccc(-c2cnc3c(-c4ccsc4)cnn3c2)cc1,5.463812351226807,5.151938438415527,5.307875394821167
O=C(Cc1cccc(F)c1)NC1CCN(Cc2ccccc2)CC1,5.951199054718018,3.12870454788208,4.539951801300049
COC(=O)CCc1c(C)nn(-c2ccc(Cl)cc2)c1C,4.930965900421143,6.545655727386475,5.738310813903809
COc1cc2c(cc1OC)C(=O)C(CO[N+](=O)[O-])=C2,6.3242597579956055,4.911768913269043,5.618014335632324
O=C(C=Cc1cccc(F)c1)NCCCCC(=O)NCC1CCCN(C2CCCCC2)C1,5.178337574005127,4.445491790771484,4.811914682388306
CC12OC(CC1(O)CO)n1c3ccccc3c3c4c(O)[nH]cc4c4c5ccccc5n2c4c31,6.05548095703125,4.327661514282227,5.191571235656738
CC1=CC2Cc3nc4cc(Cl)ccc4c(NCCCCCCCCCNC(=O)c4cc(O)c5c(c4)C(=O)c4cccc(O)c4C5=O)c3C(C1)C2,8.481307029724121,5.611631393432617,7.046469211578369
CCOC(=O)c1ccc2[nH]c3c(c2c1)CCNC3=O,6.198873996734619,4.998855113983154,5.598864555358887
O=C(O)CC1CCN(CC(O)COc2ccccc2)CC1,4.523624420166016,4.212756156921387,4.368190288543701
CCCCCCCCOc1ccc2c(c1)C(=O)N(C)CCN2C,5.204412937164307,6.624205589294434,5.91430926322937
COc1cc2c(cc1OC)C1=NOC(CN3CCN(CC(C)=Cc4ccccc4)CC3)C1CO2,6.703359603881836,4.614506721496582,5.658933162689209
O=C(O)C=Cc1cc(Br)c(Br)c(Br)c1Br,2.622922897338867,3.1066441535949707,2.864783525466919
CC(=O)NC1=NN(c2ccccc2)C(=O)C1=Cc1ccc(OC(=O)c2cccs2)cc1,5.456085205078125,4.568119049072266,5.012102127075195
c1ccc(Nc2noc3c2CCCC3)cc1,6.043683052062988,5.261441230773926,5.652562141418457
N#CCCN1N=C(c2cccs2)OC1=O,6.181606769561768,5.456730842590332,5.81916880607605
O=C(O)c1cccc(C=Cc2ccc(F)c3ccccc23)c1,4.140568733215332,7.254814147949219,5.697691440582275
CC(C)n1nc(C#Cc2cccc(N=C(N)N)c2)c2c(N)ncnc21,4.89617919921875,4.822887420654297,4.859533309936523
CC(C)NC(=O)CSc1nc2ccccc2n1C-c1ccccc1,4.62532901763916,4.111282825469971,4.368305921554565
CC1C2Cc3ccc(O)cc3C1(C)CCN2CCCF,5.686532020568848,6.099488258361816,5.893010139465332
Cc1ccc(-c2nnc(NC(=S)NC(=O)c3ccccc3)o2)cc1,7.339639186859131,4.5923686027526855,5.966003894805908
O=C(Cc1ccc(O)c(O)c1)Nc1ccc2c(c1)COC(=O)C2=Cc1ccco1,5.868086338043213,5.584352970123291,5.726219654083252
COc1ccc(-c2cn(C(=O)c3ccccc3)nn2)cc1,5.074568271636963,4.183916091918945,4.629242181777954
COc1cccc2c1C(=O)c1c(O)c3c(c(O)c1C2=O)CC(O)(C(=O)CO)CC3OC1CC(N)C(O)C(C)O1,6.4207305908203125,3.822530746459961,5.121630668640137
Cc1ccccc1CN1CCC(C(=O)c2ccc([N+](=O)[O-])cc2)CC1,5.767285346984863,4.434574127197266,5.1009297370910645
COc1cc(C=C2CCCN=C2c2cccnc2)ccc1[N+](=O)[O-],5.332342147827148,5.414332866668701,5.373337507247925
C#CCN1C(=O)C(=C2C=C(C3CCNCC3)OC(=CC=Cc3ccccc3)C2=O)SC1=S,6.049874305725098,5.588317394256592,5.819095849990845
COc1cc2c(cc1OC)C(=O)C(COC(=O)c1ccc([N+](=O)[O-])o1)O2,6.965243339538574,4.159335613250732,5.562289476394653
O=C(O)C=C1C=CC2CC=CCC2(C)C1C(=O)c1ccc([N+](=O)[O-])cc1O,3.7661871910095215,5.450944900512695,4.608566045761108
COCCCNc1cc2c(cc1Cl)NC(=O)Nc1cnc(C#N)c(n1)OCCCCCO2,4.5543718338012695,5.237433433532715,4.895902633666992
CCCCOc1ccc(CC2=NC(=O)N(CCC)C2=O)cc1,5.473559379577637,6.374141693115234,5.9238505363464355
O=C(CCc1nc2ccccc2s1)NCC(=O)N1CCCC1,6.4913330078125,5.388169765472412,5.939751386642456
CC1=NC(=O)CC(c2ccc(F)c(C(F)(F)F)c2)C1C(=O)Nc1ccc2n[nH]cc2c1,5.925127029418945,6.539362907409668,6.232244968414307
O=C(CCl)Nc1ccc2c(c1)C(=O)c1ccccc1C2=O,4.906166076660156,6.462017059326172,5.684091567993164
CC1=CC(C)(C)Nc2ccc(-c3sc4ncccc4c3N)cc21,5.479120254516602,4.320207595825195,4.899663925170898
COc1cc2nc(C#N)c(N3CC4(CC3COC(C)(C)O4)nc2cc1OC,,,
O=C(NCC(O)CO)c1cn(Cc2ccccc2F)nn1,5.07869291305542,4.641017436981201,4.8598551750183105
N#CC1C(=N)n2c(sc(=Cc3ccco3)c2=O)=C(C(N)=O)C1c1ccco1,6.809875965118408,4.6765875816345215,5.743231773376465
NS(=O)(=O)Nc1ccc(C2=C(c3cn(C4OCC5(CCNC5)C4O)c4ccccc34)CCC2)cc1,5.290727138519287,5.742969036102295,5.516848087310791
O=c1c2ccccc2sn1-c1ccc2c(c1)C(=O)CCO2,6.2792558670043945,5.124393939971924,5.701824903488159
CC1CCN(CCOc2ccc(Cc3ccccc3)cc2)CC1,5.793974876403809,3.333047389984131,4.56351113319397
CCc1c(C)[nH]c2c1C(=NOC(=O)Nc1ccccc1-2)CCCC2,,,
CCNC(=O)Oc1cccc(CN(C)CCCOc2ccc3c(=O)c4ccccc4oc3c2)c1,7.496492862701416,5.329164981842041,6.4128289222717285
CC(=O)Nc1ccc(CN=C2C(=O)C(=O)C2Nc2ccc3[nH]ncc3c2)cc1,5.947848320007324,4.940801620483398,5.444324970245361
Nc1nc2cc(NCC3CCCO3)ccc2o1,5.280211925506592,5.201996803283691,5.241104364395142
CCOC(=O)c1cc2c(=O)n3ccccc3nc2n(Cc2ccccc2Cl)c1=N,5.711127758026123,4.591705322265625,5.151416540145874
COc1ccc(-c2csc(NN=C3CCCC3C)n2)cc1OC,5.930127143859863,5.912027835845947,5.921077489852905
CCOC(=O)C1CCN(C(=S)Nc2ccc(OC)c(Cl)c2)CC1,6.075728416442871,4.3839030265808105,5.229815721511841
O=c1[nH]c2ccccc2n1C1CCN(Cc2ccc(OCCCCN3CCCC3)cc2)CC1,6.310611248016357,4.796299457550049,5.553455352783203
CC(OC1OCCN(Cc2ccccc2)C1c1ccsc1)c1ccc(C(F)(F)F)cc1,6.31350040435791,5.693258285522461,6.0033793449401855
C=C1CCC2C(C)(CCC3(C)CCCCC3)C3CCC4(C)C(O)CCC4C3CCC12C,4.553658962249756,6.789721012115479,5.671689987182617
Clc1ccc(OCCSc2nc3c(c(Cl)c2Cl)CCCC3)cc1,4.883880615234375,5.95551872253418,5.419699668884277
O=c1ccc2ccc(OCc3ccc([N+](=O)[O-])cc3)cc2o1,5.0444416999816895,7.300324440002441,6.172383069992065
Cn1c(=O)sc2cc(NC(=O)Cc3cccc(Cl)c3)ccc21,5.885273456573486,5.5613226890563965,5.723298072814941
Cc1ccc(NC(=O)Cc2ccc(-c3cccc4[nH]nc(N)c34)cc2)c(F)c1,6.121838569641113,4.82581090927124,5.473824739456177
CCCCCC=CCC=CCCCCCCC(=O)O,4.675286293029785,5.124844074249268,4.900065183639526
CSc1cncc(C=Cc2ccc3ccccc3[n+]2C)c1,4.871959686279297,5.741123199462891,5.306541442871094
Oc1[nH]c2ccc(Br)cc2c1Cc1cc2c([nH]1)=CCCC=2,7.27515172958374,7.194495677947998,7.234823703765869
O=C(C=Cc1ccc(O)cc1)c1cc(Br)ccc1O,4.803878784179688,6.086898326873779,5.445388555526733
CCOC(=O)c1cc2sc(C)cc2n1CC(=O)NCc1ccc(F)cc1,5.756956577301025,5.212103843688965,5.484530210494995
O=C1C=CC(=CNNC2=c3ccccc3=NC2=O)C(O)=C1O,4.7060651779174805,5.672891139984131,5.189478158950806
CCSc1ccc(CN(C)C(C)(C)C2OCCC2C)cc1,5.790512561798096,5.939356803894043,5.864934682846069
CC1=CC(Nc2ccc(C(=O)O)cc2)C(=O)C1=Cc1c(C)cc2nc(C)c(C)nc2c1O,6.677454471588135,5.386279106140137,6.031866788864136
COc1cccc(C(=O)OCC(=O)C2=NOC3(C2)CC(C)CC3)c1,4.845526218414307,4.713726997375488,4.7796266078948975
O=C(O)CCC=CCC1COC(n2cc(-c3cccc(O)c3)[n+]3ccccc32)OC1c1ccccc1O,5.109476566314697,4.699281215667725,4.904378890991211
Cn1c(=O)c2c(nc(C=Cc3ccc(Cl)cc3)n2C)n(C)c1=O,5.587120056152344,6.133141040802002,5.860130548477173
Brc1cnc2[nH]c(-c3cccs3)nc2c1,4.798985481262207,5.428324222564697,5.113654851913452
c1ccc2c(N=C3CCCCC3)ccnc2c1,5.028493404388428,4.981066703796387,5.004780054092407
COc1ccc(C=C2CCn3c2nc2ccccc23)cc1,4.775596618652344,6.012274742126465,5.393935680389404
COc1cccc(-c2csc(NN=Cc3c[nH]c4ccccc34)n2)c1,5.019719123840332,4.788031578063965,4.903875350952148
O=C(CCc1ccccc1)NC1CCCc2c1cnn2-c1ccc(F)cc1,5.1150431632995605,5.532480239868164,5.323761701583862
O=C1c2ccccc2C(=O)N1CCc1nc2ccccc2[nH]1,6.480798721313477,4.856245994567871,5.668522357940674
O=c1cc(C=Cc2cccs2)oc2cc(OCc3ccc([N+](=O)[O-])cc3)cc(O)c12,5.494138240814209,6.237024784088135,5.865581512451172
O=c1cc(CCc2ccccc2)oc2c(OCCCCCNc3c4c(nc5cc(Cl)ccc35)CCCC4)cccc12,7.133211135864258,4.639772415161133,5.886491775512695
O=C(O)c1ccccc1Nc1ccnc(Nc2cccc(Cl)c2)n1,5.980945587158203,5.2115349769592285,5.596240282058716
Cc1sc(NC(=O)c2ccc3c(c2)CCN3C(=O)CCC(=O)Nc2ccccc2)nc1C,6.819600582122803,5.537390232086182,6.178495407104492
O=C(C=Cc1ccccc1)c1cc([N+](=O)[O-])ccc1O,5.8593573570251465,5.511795520782471,5.685576438903809
Cc1ccc(C=Cc2onc3cccc(OCc4ccccc4)c23)cc1,4.829290390014648,5.926031589508057,5.3776609897613525
CCCN1CCC(Oc2cc(OC)ccc2NC(=O)c2csc3ccccc23)CC1,6.129619598388672,5.039291858673096,5.584455728530884
CNC1CCN(c2ccc(O)c3ccccc23)C1,4.7078142166137695,4.998122215270996,4.852968215942383
Cc1ccc(C[n+]2ccc(N=[N+]=[N-])c(N=C3CC(=O)C(O)(c4ccccc4)O3)c2)cc1,6.919088840484619,3.776748418807984,5.347918629646301
Oc1oc(O)c2c(O)c(-c3ccc(O)c(O)c3)c(O)cc12,5.503506183624268,4.815698623657227,5.159602403640747
COc1ccccc1C(=O)N1CCN(c2cccc(C(F)(F)F)c2)CC1,5.606716156005859,5.277589321136475,5.442152738571167
COc1cc2c3c(nccc3c1)-c1ccc(OCCN3CCCC3)cc1C2=O,6.166322708129883,5.43628454208374,5.8013036251068115
CN(C)C1CCN(CCCC=Cc2ccccc2)CC1,4.786554336547852,3.018669366836548,3.9026118516921997
COc1ccc(C=C2CCCN=C2c2cccnc2)cc1,4.939403057098389,5.407248973846436,5.173326015472412
COC(=O)C=Cc1cccc(N(Cc2ccc(-c3cscn3)cc2)C(=O)C2CCCCC2)c1,4.373521327972412,5.304843425750732,4.839182376861572
O=C1Nc2ccc(Br)cc2C1C1=Nc2ccccc2C1=NO,5.933023452758789,5.234549522399902,5.583786487579346
C[N+]1(Cc2cccnc2)CCC(c2ccc(Cl)cc2)CC1,4.71793270111084,4.350161552429199,4.5340471267700195
CC1=CC(=C2CCN(C)CC2)Cc2cc(O)c(O)cc21,5.851018905639648,5.8545756340026855,5.852797269821167
O=C1CCc2cc(OCCCCN3CCC(c4noc5cc(F)ccc45)CC3)ccc2N1,6.945148468017578,6.209937572479248,6.577543020248413
CCOC(=O)Oc1ccc2c(c1)nc(C(C)(C)C)n2C,4.170170783996582,5.1909685134887695,4.680569648742676
Cc1cc2nc(-c3ccc(-c4ccccc4)s3)cc(O)c2cc1C,5.060565948486328,4.79024076461792,4.925403356552124
CC(C)(C)C1CCC(=C2c3ccc(Cl)cc3CCc3cccnc32)CC1,5.06723690032959,4.6653242111206055,4.866280555725098
Cc1cc(O)cc(C)c1C=Cc1cncc(C(=O)OC(C)(C)C)c1,4.299081802368164,3.801901340484619,4.050491571426392
O=C(NCc1ccc(Cl)cc1)c1cc2c(-c3ccccc3)[nH]nc2s1,5.843864917755127,4.518745422363281,5.181305170059204
Cc1cc(=O)oc2cc(OCCCCc3ccccc3)ccc12,4.737536430358887,6.497482776641846,5.617509603500366
CC(NC1C(=O)C(=O)C1=Nc1ccncc1)c1ccccc1,5.907109260559082,5.268046855926514,5.587578058242798
C=CCNC(=O)Oc1ccc2c(C)cc(=O)oc2c1,8.213001251220703,5.361166477203369,6.787083864212036
O=C(Cc1ccc2c(c1)OCCO2)NC1CCCCC1,4.683273792266846,4.839290142059326,4.761281967163086
COc1ccc(C2C(C(=O)O)C(c3cccc(Cl)c3)N=C3CCCN32)cc1,6.422067642211914,6.231139183044434,6.326603412628174
CC1=CC(C)(C)Nc2cc(CCN3CCN(c4nsc5ccccc45)CC3)cc(O)c21,6.629936218261719,5.047502517700195,5.838719367980957
CNC(CCCOc1ccc2c(=O)c3ccccc3oc2c1)Cc1ccccc1,4.983882904052734,5.225642681121826,5.10476279258728
C#CCN(C)Cc1cc2cc(OCc3ccccc3)ccc2n1C,4.428907871246338,7.657023429870605,6.042965650558472
COc1cccc(C2CC(c3ccccc3)=NN2C(=O)CCl)c1,6.862127304077148,5.37612247467041,6.119124889373779
COc1ccc(NC(=O)Nc2cc(C)on2)cc1,4.903293132781982,4.062465667724609,4.482879400253296
CCOC(=O)C1=CN(S(=O)(=O)c2ccc(C)cc2)C=CC1=O,5.643194675445557,4.69917631149292,5.171185493469238
O=C1Nc2ccc3ncsc3c2C1=CNc1ccc(S(=O)(=O)Nc2ccccn2)cc1,5.797753810882568,4.647493362426758,5.222623586654663
CC1=CC(C)(C)Nc2cc(C(=O)NCc3ccc(Cl)cc3)ccc21,5.3847198486328125,4.158129692077637,4.771424770355225
CC(C)=CC1CC(O)(COC(=O)c2ccc(N=[N+]=[N-])c(I)c2)C(CO)O1,4.321531772613525,4.646567344665527,4.484049558639526
Nc1ccc(C#Cc2cccc(C(=O)O)c2)cc1,4.440988063812256,6.691042900085449,5.5660154819488525
COc1ccc(-c2nc3cc(-c4csc(C(=O)NCCC(C)C)c4)cnc3[nH]2)cc1,5.21150016784668,5.620680809020996,5.416090488433838
CN1C(=O)C(=CC=C2C=CCN3CCc4ccccc4C3C23)C=C(c2ccccc2)O1,,,
CC(=O)c1ccc2c(c1)c(SC(C)C)c(C)n2C,5.679140567779541,5.282692909240723,5.480916738510132
Cc1ccnc2c1nc(O)c1c(Cl)cccc12,5.556907176971436,4.663006782531738,5.109956979751587
O=C1N(Cc2ccc3c(c2)CCO3)CCN1c1ccc(Cl)cc1,5.440536022186279,5.834062099456787,5.637299060821533
Fc1ccc(-c2[nH]c3ccccc3c2CCNCC2CCCCC2)cc1,6.230830192565918,4.253068923950195,5.241949558258057
CCC1(CC)CC(=O)C(COc2cccc3c2CCC3)n2c1cc(O)c1ccccc12,,,
CC(C)=CCC1C(=O)OC(C)C1CCCC(=O)N1Cc1cccc(C#N)c1,,,
O=C(Nc1ccccc1)OC1COC2C(OCc3ccc(Cl)cc3)COC12,4.589885234832764,5.4706645011901855,5.030274868011475
CC=CCN1CCC2(C)c3cc(O)ccc3CC1C2C,5.898562908172607,5.692391395568848,5.7954771518707275
Cc1cc(C)c2c(c1)OS(=O)(=O)C=C2,5.728354454040527,4.984068393707275,5.356211423873901
CCCC1CCC(NC(=O)c2ccsc2)CC1,4.787600994110107,4.489808082580566,4.638704538345337
COC(=O)c1c(C)[nH]c(C)c1C(=O)COC(=O)c1ccc2ccccc2c1,5.097929000854492,5.680631160736084,5.389280080795288
COc1cccc2c1C(=O)c1c(O)c3c(c(O)c1C2=O)CC(O)(C(C)=O)CC3OC1CC(N)C(O)C(C)O1,6.87997579574585,3.740813970565796,5.310394883155823
O=C(CCl)Nc1ccc2c(c1)NC(=O)C2=Cc1cccc2ccccc12,5.037356376647949,6.875034332275391,5.95619535446167
O=C1CC(c2cccc(F)c2F)c2cc3c(cc2N1)CCC3,4.099465847015381,7.012329578399658,5.5558977127075195
Cc1ccc(CCNCC(O)c2cccc3cccnc23)cc1,4.116711616516113,4.499352931976318,4.308032274246216
C#CCCCCOc1ccc2c(c1)C(=O)c1ccccc1C2=O,3.714895725250244,7.638468742370605,5.676682233810425
CCOc1ccc(CC(=O)Nc2cc3c(cc2C)OCCO3)cc1OCC,6.216673851013184,4.346409797668457,5.28154182434082
N#Cc1ccc(-c2csc(C(C#N)=C3C=CC(=O)C(Br)=C3)n2)cc1,5.293845653533936,6.392848014831543,5.843346834182739
CN(C)CC(=O)N1CCC(c2ccc(NC(=O)c3nc(C#N)c[nH]3)c(C3=CCCCC3)c2)CC1,5.988273143768311,4.656824111938477,5.3225486278533936
COc1ccccc1NC(=O)CSC1=NC2CCCCC2C(=O)N1CCCC1,,,
N#Cc1ccc2c(c1)CCCC2=NO,3.708778381347656,5.983568668365479,4.846173524856567
COc1ccc(-n2c(-c3ccccc3)nc3ncccc3c2=O)cc1,4.972018241882324,4.785311222076416,4.87866473197937
CC(=O)c1ccc2c3c(oc2c1)C(=O)NC3=O,7.077263832092285,4.44941520690918,5.763339519500732
COc1cc(C=NNc2nc(N3CCCCC3)nc(N3CCOCC3)n2)ccc1O,5.420861721038818,5.472805023193359,5.446833372116089
N#Cc1ccc(CC(C#N)NC(=O)C2CCCCC2)cc1,4.56221866607666,4.633758068084717,4.5979883670806885
CCN1CCN(c2ccc(-c3ccccc3F)nn2)CC1,4.7475266456604,5.723047256469727,5.2352869510650635
Cc1nc(O)c(C#N)cc1-c1ccc(Cl)cc1,4.823639392852783,6.690140724182129,5.756890058517456
CC(=NOCc1ccccc1)c1c(Cl)ccc(OCc2ccc3ccccc3n2)c1O,5.318635940551758,5.708115100860596,5.513375520706177
COc1cccc(-c2csc(NN=Cc3ccncc3)n2)c1,4.597194194793701,5.160893440246582,4.879043817520142
CN1CCc2c(c3cc(OCCCN4CCCCC4)ccc3n2CCC(=O)Nc2ccc(Cl)cc2)C1,6.97932243347168,4.8935136795043945,5.936418056488037
O=C(O)c1cc2c(-c3ccccc3)cncc2s1,5.456943988800049,4.7459330558776855,5.101438522338867
COc1cc2c(cc1OC)C1=NOC(CN3CCN(Cc4ccc5c(c4)OCO5)CC3)C1CO2,6.806899070739746,4.680825233459473,5.743862152099609
Cc1ccc(Sc2cc3c(cc2=O)CC(C)(C)OC3=O)cc1,,,
Cc1nc2c(s1)C(=O)N(CCCCN1CCCC1=O)C2,6.443944931030273,5.198775768280029,5.821360349655151
COc1cc(C2c3cc4c(cc3C(O)C3COC(=O)C23)OCO4)cc(OC)c1OC,4.98301887512207,5.3690338134765625,5.176026344299316
CC(C)=CC1CC(O)(COC(O)COc2cccc3c2CC(=O)C3O)CO1,3.607556819915772,5.100154399871826,4.353855609893799
Cc1ccc(C2=NOC(CO)C2)cc1,5.892417907714844,5.24217700958252,5.567297458648682
c1ccc(CN2CCC(n3nnc4cnc5[nH]ccc5c43)CC2)cc1,4.835484504699707,4.753065586090088,4.7942750453948975
CCC(=O)C1=C(C)N=C2CCC=CN2C1c1ccc(Cl)cc1,5.978035926818848,6.3682637214660645,6.173149824142456
COc1ccc2c(c1)C(=O)C(=O)c1ccccc1S2=O,5.3744707107543945,6.303634643554688,5.839052677154541
N#Cc1ccc(CNc2ccc3c(c2)c(=O)n(-c2ccccc2)n3CCC(=O)O)cc1,5.577976703643799,5.6637959480285645,5.620886325836182
COc1cccc2c1-c1ccc3c(c1C(c1cccc(OC(=O)NCCc4ccccc4)c1)O2)O3,6.91841983795166,5.4033308029174805,6.16087532043457
CC12CCC(O)CC1=CCC1C2CCC2(C)C(O)CCC12,4.282703399658203,7.556236743927002,5.9194700717926025
Oc1oc2ccccc2c2nc(-c3ccccc3)nc1-2,5.259089469909668,3.719054698944092,4.48907208442688
COc1cc2c(cc1OC)C(Cc1ccccc1)N(CC1CCCN1C)CC2,4.892387390136719,4.6475043296813965,4.769945859909058
N#CCCCn1c(=O)c(-c2cccs2)nc2cnc(Oc3cccc(Cl)c3)nc21,5.7710490226745605,5.452767372131348,5.611908197402954
COc1cc(C=C2CCc3ccc(O)cc3C2=O)ccc1O,5.293747901916504,6.0684895515441895,5.681118726730347
Cc1cccc(NC(=O)Nc2ccc(-c3csc4c(C#CCN(C)C)cnc(N)c34)cc2)c1,5.833056926727295,4.624317169189453,5.228687047958374
CS(=O)(=O)OCCOc1ccc(-c2ccccc2)cc1,5.045931339263916,6.108360767364502,5.577146053314209
COc1ccc(C=C2CCc3c([nH]c4ccccc34)C2=O)cc1,5.05377197265625,6.5750017166137695,5.81438684463501
CC(C)COC(=O)c1ccc2[nH]c(O)c(C=Nc3ccc(S(N)(=O)=O)cc3)c2c1,5.134290218353272,5.0425543785095215,5.0884222984313965
C[n+]1cccc2cc(NC(=O)Nc3ccc(Cl)c(C(F)(F)F)c3)ccc21,5.81928300857544,5.394527435302734,5.606905221939087
O=C(CCc1c[nH]c2ccccc12)NCc1ccccc1F,4.514846324920654,5.372805595397949,4.943825960159302
COc1ccc(C(=O)C=Cc2ccccc2)c(OC)c1,5.951396942138672,5.463133335113525,5.707265138626099
Cc1ccc(S(=O)(=O)Nc2ccc(C#N)c(Cl)c2)c(N)c1,5.858822345733643,4.705035209655762,5.281928777694702
c1ccc(CSc2nc3ccccc3n2Cc2ccco2)cc1,5.165706634521484,4.076986312866211,4.621346473693848
CC#CC1(O)CCC2C3CC=C4CC(=O)CCC4=C3C(c3ccc(N(C)CCN4CCCC4)cc3)CC21C,5.868179798126221,6.797937870025635,6.333058834075928
O=C1CC(=NC2CC2)c2ccccc2n1,,,
CC1CN(Cc2ccc(-c3cccc(CO)c3)cc2)C(=O)O1,4.772384643554688,4.521535873413086,4.646960258483887
Cc1cc2cc(-c3csc4c(-c5cccc(S(C)(=O)=O)c5)cnc(N)c34)ccc2[nH]1,6.436549663543701,5.443696022033691,5.940122842788696
Cn1c(=O)c2c(nc(COc3ccc(Cl)cc3)n2C)n(C)c1=O,5.187103271484375,6.222359657287598,5.704731464385986
O=C1CCCc2c1oc1ccc(OCc3ccccc3)cc21,5.03595495223999,6.208486557006836,5.622220754623413
O=C(C=Cc1ccc([N+](=O)[O-])cc1)c1cc(Br)ccc1O,5.159311294555664,5.9404730796813965,5.54989218711853
CC(C)[N+]12CCC(C1)C(OC(=O)C=Cc1ccccc1)C2,4.658217430114746,4.66349983215332,4.660858631134033
O=C(C=C1CC(=O)Oc2cc(OCc3cccc(Cl)c3)ccc21)NCCCN1CCOCC1,5.267421722412109,5.36309814453125,5.31525993347168
COc1cc2oc(-c3ccc(O)c(O)c3)cc(=O)c2c(OC)c1OC,6.010941028594971,3.704263210296631,4.857602119445801
CC(=O)Nc1ccc(S(=O)(=O)N2CCN(CCCOc3ccc(-c4noc(C)n4)cc3C)CC2)cc1,5.563705921173096,5.728672981262207,5.646189451217651
CCc1ccc(OCc2ccc(F)cc2)c(CC2CC(=O)N(C)C2=O)c1,5.75471305847168,6.618237495422363,6.1864752769470215
CCSc1ccc2nnc(-c3ccc(C(=O)N4CCC(N5CCCCC5)CC4)cc3)n2n1,5.455204010009766,5.483777046203613,5.4694905281066895
O=C1c2ccccc2-c2nnc(-c3cc(Br)cc(Br)c3)cc21,5.467496395111084,6.639712333679199,6.053604364395142
COC(=O)c1ccc2c(c1)OC(=O)C1CCCC=C21,3.8554883003234863,5.878556251525879,4.867022275924683
Cc1ccc2c(c1)c1c(n2C=Cc2cccc(COc3ccc(C(=O)O)cc3)c2)CCCC1,5.4798078536987305,6.843062400817871,6.161435127258301
O=C(CCc1c[nH]c2ccccc12)N1CCN(Cc2ccccc2)CC1,5.624064922332764,4.1212592124938965,4.87266206741333
O=C(NC(CO)Cc1ccccc1)c1ccc(-c2ccccc2)o1,4.93798828125,4.651079177856445,4.794533729553223
O=C1C=CC=C(C(=O)C=Cc2cc(O)c(O)c(OC3OC(CO)C(O)C(O)C3O)c2)C=C1,5.594335079193115,4.56122350692749,5.077779293060303
O=C(NCC1CC1)c1ccc(C=S(O)(O)=CC2CC2)o1,8.80438232421875,5.429941654205322,7.117161989212036
COc1cc(-c2ccc3c(c2)Nc2ccc(CCOc4ccc(N5CCOCC5)cc4)cc2NC3=O)ccc1OCC(O)CO,5.256598949432373,5.805476188659668,5.5310375690460205
CCCCCC(=O)Nc1ccc2nc(C3CC3)oc2c1,5.708726406097412,6.061030864715576,5.884878635406494
O=C1Nc2ccccc2C1=Cc1cccc2cccnc12,4.813244819641113,6.268385410308838,5.540815114974976
CC(C)=CCCN1CCC(O)(c2ccc(N=S(C)(=O)O)cc2)CC1,5.256004333496094,4.043493270874023,4.649748802185059
O=C1CN(C(=O)COc2ccccc2)c2ccccc2N1,5.230018138885498,4.84763240814209,5.038825273513794
CC(CCC1CCC2C3CCC4CC(O)CCC4(C)C3CCC12C)=NO,4.632567405700684,6.163900375366211,5.398233890533447
O=C1N=C(NCC2CCCO2)SC1=Cc1c[nH]c2ccccc12,6.637058734893799,5.963651657104492,6.3003551959991455
CCC1=CC2Cc3nc4cc(Cl)ccc4c(NCCCCCCCCCCN)c3C(C1)C2,7.279805660247803,4.60852575302124,5.9441657066345215
NC1(C(=O)NC(=O)NC23CC4CC(CC(C4)C2)C3)CCCCC1,5.553652763366699,3.883269786834717,4.718461275100708
Fc1ccc(-c2nc3cnccn3c2-c2ccnc(NCC3CC3)n2)cc1,6.186202049255371,5.99031400680542,6.0882580280303955
CCCCC1=NOC2C(=O)CC(C(=O)Nc3ccc4c(c3)OCO4)C(=O)N2C1=O,6.101462364196777,4.807470321655273,5.454466342926025
COc1cccc(NC(=O)C(F)(F)F)c1,5.616907119750977,6.63115119934082,6.124029159545898
C=CCN1CCN(c2c(Cl)cccc2Cl)CC1,5.492076873779297,4.407243251800537,4.949660062789917
CN(C)S(=O)(=O)c1ccc2[nH]c(O)c(Cc3cc4c([nH]3)=CCCC=4)c2c1,6.785559177398682,5.958608150482178,6.37208366394043
Oc1nc2ccccc2n1C1CCN(Cc2ccccc2)CC1,4.97870397567749,4.258411407470703,4.618557691574097
Cc1ccc(C(=O)ON=C(N)c2ccc(C)cc2)cc1,5.333250999450684,5.039801120758057,5.18652606010437
COc1ccc(COC(=O)c2ccc(CO)cc2[N+](=O)[O-])cc1,4.607379913330078,5.032936096191406,4.820158004760742
NC(COc1cc(C=Cc2ccccc2)cnc1Cl)Cc1c[nH]c2ccccc12,4.479579925537109,5.681536674499512,5.0805583000183105
CCN(CC)CCOc1ccc2c(c1)OC(=O)C2=Cc1ccc(N(C)C)cc1,5.2439045906066895,6.066074371337891,5.65498948097229
O=c1cc(-c2ccccc2)oc2cc(O)cc(O)c12,4.240597248077393,3.973161220550537,4.106879234313965
CC(O)C1CC(=O)Oc2cc(COC(=O)CCCCCCCCCCC=C(C)C)ccc21,4.772284507751465,5.920365333557129,5.346324920654297
Cc1cc2nc3c(=O)n(C)c(=O)nc-3n(C)c2cc1C,5.448168754577637,5.664328575134277,5.556248664855957
CCN(CC)C(=O)CN(c1cccc(C)c1C)S(=O)(=O)c1ccccc1OC,6.179559230804443,4.625804424285889,5.402681827545166
CCC(=O)Nc1cc(S(=O)(=O)N(CC)CC)ccc1Cl,5.344300270080566,5.604204654693604,5.474252462387085
COC(=O)c1cccc(COC(=O)c2cc(C3=CC4=CC=CC4=N3)ccc2O)c1,5.206165313720703,5.535956382751465,5.371060848236084
Cc1ccc(C(=O)Nc2c(C#N)sc3ccc(Cl)c(Cl)c23)cc1,5.6577863693237305,4.844493389129639,5.251139879226685
CC1=CC(=NOS(=O)(=O)c2cccs2)c2cc(Cl)ccc2O1,6.527439594268799,4.444268226623535,5.485853910446167
COc1cccc(S(=O)(=O)Nc2cc3oc(=O)sc3cc2C)c1,6.552048206329346,5.4078450202941895,5.979946613311768
COc1cccc(-c2cc3c(O)nc4ccccc4n3c2)c1,5.082129001617432,5.583870887756348,5.33299994468689
OCCCNc1ncnc2oc(-c3ccccc3)c(-c3ccccc3)c12,4.763379096984863,5.061603546142578,4.912491321563721
CCCCc1c(C)nc2c(c1OCC)c(=O)n(C)c(=O)n2C,5.715562343597412,5.146520614624023,5.431041479110718
CCN(CC)CCOCCOC(=O)C1=COCCO1,3.1844735145568848,5.734555244445801,4.459514379501343
CC1CCN(CCC(=O)c2ccc(F)cc2)CC1,6.389894962310791,4.760770320892334,5.5753326416015625
CNC(=O)c1ccc2c(c1)S(=O)(=O)c1ccccc1C2=O,7.392132759094238,6.069230556488037,6.730681657791138
O=C1CC(=Cn2ccnc2)c2ccc(Oc3ccc(Cl)cc3)cc2O1,5.839597702026367,5.788923740386963,5.814260721206665
Fc1ccc(COc2ccc3c(c2)OCCC=C3c2ccccc2)cc1,4.535843849182129,6.445024967193604,5.490434408187866
N#CC(C#N)=C1C=C2C=C(N3CCOCC3)CCc3ccccc32C1C(=O)N,,,
CC(C)N(C)C(=O)c1ccc2c(c1)N(CCCC1CCCCN1C)C(=O)c1ccccc1S2,5.382665634155273,4.774456024169922,5.078560829162598
Cc1c(C)c2ccc(OCc3ccc(C(=O)N4CCCC4)o3)cc2oc1=O,6.044622898101807,5.862747669219971,5.953685283660889
CC1(C)CC(=O)c2sc(NC(=O)CCCCCCCCCC(=O)NCCCCCN3CCOCC3)nc2C1,7.196571350097656,5.84585428237915,6.521212816238403
O=C1c2ccccc2-c2n[nH]c3cccc1c23,4.932783126831055,5.525638580322266,5.22921085357666
COc1cc2c(cc1OC)C(=O)N(CCN(C)C)C2=O,6.318287372589111,4.280999660491943,5.299643516540527
C[n+]1cccc2c3cccc4cc(O)cc(c3c21)CN(CCc1ccc(-c2ccccc2)cc1)C3,,,
N#Cc1ccc(-c2nc(-c3ccc4c(c3)OCO4)co2)cc1,4.95082950592041,5.8750529289245605,5.412941217422485
COCCOCCNc1c2c(nc3ccccc13)CCCC2,6.2092485427856445,4.581282615661621,5.395265579223633
CN(C)c1ccc(CN2CCC(Nc3nc4ccccc4n3Cc3ccc(F)cc3)CC2)cc1,6.071231365203857,4.270550727844238,5.170891046524048
CCCCCCNC(=O)Cc1cccc(OCc2ccccc2)c1,5.189643859863281,4.5089874267578125,4.849315643310547
Cc1cccc(CC(C)NCCCOc2cccc(CN3CCCCC3)c2)c1,5.913232803344727,4.106531620025635,5.009882211685181
COc1ccc(S(=O)(=O)N(C)c2c(C)cccc2CN(C)CC=Cc2ccccc2)cc1,6.111579895019531,3.526376247406006,4.8189780712127686
CN1CCc2c(sc3ncn(CCN4CCN(c5ccc(Cl)cc5)CC4)c(=O)c23)C1,5.189480781555176,5.297534465789795,5.243507623672485
CN(C)CC1CC2c3ccccc3Oc3ccccc3C2O1,4.876121520996094,4.760585308074951,4.8183534145355225
O=C(CCN1C2CCC1CC(O)(c1ccc(Cl)cc1)C2)c1ccccc1,5.791909694671631,5.243338584899902,5.517624139785767
COc1ccc(Cn2c(=O)c3ccccc3n3cnnc23)cc1,5.053466796875,4.584536552429199,4.8190016746521
CC(=O)N1CCC(=C2c3ccc(Cl)cc3CCc3ccc(OCCCN4CCCCC4)cc32)CC1,6.640652656555176,4.935204982757568,5.787928819656372
COc1ccc(-c2cc(=O)oc3c(O)c(O)ccc23)cc1,5.330095291137695,5.272039413452148,5.301067352294922
NC(=O)OC1CCC2C3Cc4ccc(O)cc4C2(CCN3CC2CC2)C1,5.410629749298096,5.452098369598389,5.431364059448242
N#Cc1ccc(-c2nc3cc(C(=O)NC4CCS(=O)(=O)C4)ccc3o2)cc1,6.350827217102051,5.575253009796143,5.963040113449097
COc1ccc2nc(NC(=O)CCc3cccs3)sc2c1,5.90936803817749,6.632411956787109,6.2708899974823
CN1C(=O)C(=C2C=Cc3ccccc32)C(=O)N(CCCCNc2c3c(nc4ccccc24)CCCC3)S1(=O)=O,6.73539400100708,5.217122077941895,5.976258039474487
COc1ccccc1C1=NC(=CC=Cc2ccccc2[N+](=O)[O-])C(=O)O1,5.965113639831543,5.439013481140137,5.70206356048584
CC(=O)N=C1Cc2cc(Br)ccc2OC1=O,4.084013938903809,5.195415496826172,4.63971471786499
O=C(CCCCN1CC=C(n2c(O)nc3ccccc32)CC1)c1cc2ccccc2o1,6.76962423324585,4.794980049133301,5.782302141189575
Cc1c(C=O)c2ccccc2oc1=O,5.742092609405518,5.71427583694458,5.728184223175049
Cc1ccc(F)c(NC(=O)Nc2ccc3c(c2)CCc2sc4ncnc(N)c4c2-3)c1,5.889112949371338,4.623000144958496,5.256056547164917
O=C1COc2ccc(C3=NC(=Cc4ccc(-c5cccc(Cl)c5)o4)C(=O)NC3=O)cc2N1,5.814607620239258,5.652289390563965,5.733448505401611
O=C1c2ccccc2-c2nnc(-c3ccc([N+](=O)[O-])cc3)cc21,5.403611660003662,5.912363052368164,5.657987356185913
CC(C)(C)C(=O)NC(=S)NNC(=O)c1ccccc1Br,6.16803503036499,3.668024063110352,4.918029546737671
COc1cccc(C=Cc2cc[n+](C)cc2)c1,3.605097770690918,4.735069751739502,4.17008376121521
COc1ccc2c(c1)C(=O)C(=O)c1ccccc1-2,5.41191291809082,6.249054908752441,5.830483913421631
COc1ccc(C2CC(c3c4ccccc4cc4ccccc34)=NN2)cc1,6.800415992736816,7.829558372497559,7.3149871826171875
Fc1cccc(-c2cn3nc(-c4ccccc4)ccc3n2)c1,4.665984153747559,4.928410530090332,4.797197341918945
COc1ccc(C(=O)Nc2nc3ccc(Cl)cc3s2)cc1,5.918530464172363,5.334608554840088,5.626569509506226
O=C(c1cc2ccccc2oc1=O)N1CCN(c2ccc([N+](=O)[O-])cc2)CC1,5.605181694030762,5.4229583740234375,5.5140700340271
CN(C)c1ccc(S(=O)(=O)N(CCF)c2ccccc2CN(C)CC=Cc2ccccc2)cc1,5.568890571594238,3.953988075256348,4.761439323425293
Cc1ccccc1Nc1nnc(-c2ccccc2O)o1,6.156481742858887,4.682283401489258,5.419382572174072
O=C1CCc2cc(=O)oc3c(O)c(O)ccc23)C1,,,
CN(C)C1CC2c3ccccc3Oc3ccc(F)cc3C2O1,5.159599304199219,6.328384876251221,5.74399209022522
COc1cc(C=C2SC(=O)N(Cc3cc4ccccc4o3)C2=O)cc(OC)c1OC,6.719093322753906,4.751986026763916,5.735539674758911
O=S(=O)(Nc1ccc(Cc2ccncc2)cc1)c1ccc(F)cc1,5.460664749145508,4.1888957023620605,4.824780225753784
CC(=NNC(N)=S)c1cccc([N+](=O)[O-])c1,5.569144248962402,4.446664810180664,5.007904529571533
CC(C)OC1=COC(=COC(=O)c2ccccc2)CC1=O,3.721379518508911,4.806441783905029,4.26391065120697
O=c1ccc2c(Cc3cccc(Cl)c3)c3ccccc3oc2c1,4.355011463165283,4.687170028686523,4.521090745925903
Oc1[nH]c(C=C2C(=O)Nc3ccccc32)c2ccccc12,5.727548599243164,6.70060920715332,6.214078903198242
Clc1ccc(-c2cc(-c3ccccc3)c3oc4ccccc4c3n2)cc1,4.8641557693481445,4.7274932861328125,4.7958245277404785
CCN1C(=O)C(C=Nc2ccc(OC)cc2)SC1=Cc1cccs1,6.929197788238525,5.506158351898193,6.217678070068359
COc1cc2c(cc1OC)CN(CCCCCCCNc1c3c(nc4ccccc14)CCCC3)CC2,8.011341094970703,4.230137825012207,6.120739459991455
CCOC(=O)c1cc2c(=O)n3ccccc3nc2n(Cc2ccco2)c1=NC(=O)c1ccc(OC)cc1,5.790464878082275,4.338532447814941,5.064498662948608
CC(=NNC(=O)c1nnn(-c2nonc2N)c1-c1ccccc1)c1ccco1,5.110169887542725,3.704895496368408,4.407532691955566
NCCCCCCCCCCCCCCNc1c2c(nc3ccccc13)CCCC2,6.278481483459473,4.945909023284912,5.612195253372192
c1ccc2c(OCCN3CCCC3)cccc2c1,4.009318828582764,4.3976569175720215,4.203487873077393
CC(=O)Nc1ccc(C=C2COc3ccccc3C2=O)cc1,5.097563743591309,6.37605094909668,5.736807346343994
O=C(NCC1CCNCC1)c1cccc(-c2ccsc2)c1,5.07340669631958,4.633864879608154,4.853635787963867
Cc1ccc2c(c1)NC(=O)C2=NNc1ccc(S(N)(=O)=O)cc1,5.396298885345459,4.244170188903809,4.820234537124634
CC(O)C1CCC2C3CC=C4CC(=O)CCC4(C)C3CCC12C,4.579681396484375,7.787217617034912,6.1834495067596436
O=C(NCc1cccnc1)c1ccc(-c2ccc(Cl)cc2)o1,5.136472225189209,4.821340084075928,4.978906154632568
Cc1c(O)ccc2c1CCCC2=NNC(=O)Cc1cccc2ccccc12,5.788025856018066,5.567867279052734,5.6779465675354
COc1ccc(Cn2c(=O)c3cccc(C#N)c3n(c2=O)CCCC3)cc1,,,
CN(C)CC1=Nc2c(Cl)cccc2Sc2ccc(Br)cc21,5.384740829467773,5.296485424041748,5.340613126754761
Cc1cc(=O)oc2cc(OCC(=O)NC3CCCc4ccccc43)ccc12,4.844365119934082,6.064131736755371,5.454248428344727
CCOC(=O)c1c(C)[nH]c(C)c1C(=O)COc1ccc(Cl)cc1Cl,5.641870021820068,5.665241718292236,5.653555870056152
CCC(=O)Nc1ccc2ncnc(Nc3cccc(Br)c3)c2c1,4.887571811676025,5.581073760986328,5.234322786331177
O=C(O)c1cc2cc(Cl)ccc2o1,4.964088439941406,5.138108730316162,5.051098585128784
CN1CCN(c2ccc(C(=O)NC3(C(=O)NCC4CCCO4)CCCCC3)cc2)CC1,5.0150251388549805,4.721688270568848,4.868356704711914
COc1ccccc1C=CC=NNc1nc(Nc2cccc(F)c2)ncc1Cl,5.468581676483154,5.142157077789307,5.3053693771362305
Cc1ccccc1C1=NN(C(=O)CC2OC(=O)c3ccccc32)C(c2ccc(Cl)c(Cl)c2)C1,6.581648349761963,6.685018062591553,6.633333206176758
O=C(Nc1ccc2c(c1)N(CCN1CCCC1)CC2)c1ccc(F)cc1,6.440045833587647,5.056692600250244,5.748369216918945
CC(=O)N1CCN(c2ccc(OCC(=O)NCC3CCCO3)cc2)CC1,4.470475196838379,4.94456958770752,4.707522392272949
COc1cc(N)c(Cl)cc1C(=O)NC1CCN(Cc2ccc(F)cc2)CC1,6.162603855133057,4.046141624450684,5.10437273979187
CN1CCN(c2ccc(C(=O)Nc3n[nH]c4ccc(Cc5cc(F)cc(F)c5)cc34)c(NC3CCOCC3)c2)CC1,6.8032402992248535,5.346206665039063,6.074723482131958
O=S(=O)(c1cccc2ccccc12)N1CCCNCC1,3.975098133087158,4.433362483978272,4.204230308532715
c1ccc(-c2ccc(Nc3ccnc4ccccc34)cc2)cc1,4.404326438903809,4.942441463470459,4.673383951187134
Cc1cccc(COc2ccc(C3=NN(CCCCCCSc4ccccc4)SC3=O)cc2)c1,5.068176746368408,5.78661060333252,5.427393674850464
CCN(CC)S(=O)(=O)c1cc(C=Cc2ccccc2OC)ccc1OC,5.950804710388184,4.929031848907471,5.439918279647827
CC(C)OC(=O)c1ccc(NC(=O)Nc2cccc(CO)c2)cc1,4.863210678100586,4.282129287719727,4.572669982910156
O=c1oc2ccccc2cc1-c1nnc(-c2ccccc2CNc2ccccc2)o1,6.218627452850342,5.440268516540527,5.829447984695435
CN(C)CCOc1ccc(C2=CC3(C=CC(=O)C=C3)Oc3ccc(F)cc32)cc1,4.790902614593506,6.709963321685791,5.750432968139648
CC(C)(C)c1cc[n+](Cc2cc3cc4c(cc3oc2=O)OCO4)cc1,5.97537899017334,5.492720603942871,5.7340497970581055
CN(C)c1ccc(-c2nc3ccc(C(=N)N)cc3[nH]2)cc1,5.393272876739502,5.525496006011963,5.459384441375732
CC(=O)NC1=NCCS1,4.195118427276611,4.442833423614502,4.318975925445557
Oc1oc2ccc(OCCOc3ccccc3)cc2c2c1C1CCCC21,,,
Cc1cc(O)cc(C)c1CC(N)C(=O)N1Cc2ccccc2CC1C(=O)NCCCCC(C)C,5.453713417053223,3.922689437866211,4.688201427459717
Fc1ccc(-c2ccc(Cn3cc(-c4ccccc4)nn3)o2)cc1,5.848840236663818,4.779660224914551,5.314250230789185
Cc1ccccc1-c1c(C(=O)O)n(CCCOc2cccc3ccccc23)c2ccccc12,4.992370128631592,5.89451789855957,5.443444013595581
O=C1COc2cc(Nc3ccc(F)cc3F)ccc2N1,5.48162841796875,6.00781774520874,5.744723081588745
O=C1C=CC=CC1=C1Nc2ccc(O)c(Cl)c2C1=O,4.653013706207275,6.0402116775512695,5.3466126918792725
CC(O)c1cccc(COc2ccc(C3=NN(CCCCCCCCN4C5CCC4CC(O)(CO)C5)CC43)cc2)c1,,,
COc1cccc(C=CC(=O)c2ccc(Cl)cc2O)c1OC,5.421126365661621,5.577430725097656,5.499278545379639
CC(C)C1C=CC(=O)Nc2ccccc2S1(=O)=O,5.187568664550781,5.306704044342041,5.247136354446411
O=C1CCc2ccc(OCCCCN3CCN(c4cccc(Cl)c4Cl)CC3)nc2N1,5.604857921600342,5.333078861236572,5.468968391418457
COc1cc(C=C(C#N)c2nc3ccccc3[nH]2)c(Br)cc1O,5.252188205718994,5.195446491241455,5.223817348480225
CCCCCCCC(C)NC(=O)c1ccc2c(c1)[nH]c(=NCCCS)n2C,5.9997639656066895,5.602732181549072,5.801248073577881
CCCN1C2CCC1CC(OC(c1ccc(F)cc1)c1ccc(F)cc1)C2,5.983701705932617,5.588515281677246,5.786108493804932
O=C1C=CC(=O)c2c(O)cccc21,6.011013031005859,7.056286811828613,6.533649921417236
CC(C)(C)C(=O)Oc1ccc2c(c1)nc(NC(=O)c1ccccc1)n2CCCC1CC(=O)O,,,
Cc1cc2nc(NCCCCCCCCN)nc(N)c2cc1O,6.2085065841674805,5.293787479400635,5.751147031784058
O=c1oc2ccccc2cc1-c1cn(CCCO)nn1,5.661374092102051,5.30832576751709,5.48484992980957
COc1cc(C=NNC(=O)c2ccc(C)c(NS(=O)(=O)c3cccc(Cl)c3)c2)ccc1O,5.922376155853272,3.924948692321777,4.923662424087524
O=C(C=Cc1ccc(Cl)c(Cl)c1)NC1CCCCC1,3.1225662231445312,4.92857837677002,4.025572299957275
CC1CCC(c2cc(C=CC(=O)NCCCCCCCCCCCCN(C)C)ccc2O)CC1,5.261694431304932,4.597642421722412,4.929668426513672
Nc1nccc2scc(-c3ccc(NC(=O)Nc4cccc(Br)c4)cc3)c12,5.979446887969971,5.13612174987793,5.55778431892395
Cc1cccc2c1NC(=O)C2=NNc1ccc(S(N)(=O)=O)cc1,5.520784378051758,4.320613384246826,4.920698881149292
Cc1cccc(OCCOCCN2CCCC2)c1,4.661905765533447,5.499128818511963,5.080517292022705
O=C(NCC1CCNCC1)c1cc2ccccc2oc1=O,6.465173721313477,4.875754833221436,5.670464277267456
Cc1cnc(C(=O)OCC(=O)c2cc(C)n(Cc3ccco3)c2Cl)cn1,5.745889186859131,5.445631980895996,5.5957605838775635
COc1cccc(COc2cccc(C3=NN(CCCCN(C)C)C(=O)CO3)c2)c1,5.433445930480957,5.669439315795898,5.551442623138428
Cn1nnnc1-c1ccc(C=CC(=O)c2ccc(Br)cc2)cc1,5.373520851135254,5.744352340698242,5.558936595916748
COCc1cc2c(cc1OC)C(C#N)=CC2,4.814194202423096,5.553552150726318,5.183873176574707
COc1ccc(OC)c(N=CC2C(=O)NC(=O)N(C)C2=O)c1,6.418422222137451,3.964280128479004,5.1913511753082275
COc1cc(C=C(C#N)c2nc3ccccc3[nH]2)c(Br)cc1O,5.252188205718994,5.195446491241455,5.223817348480225
Cc1cccc(C=Cc2cc[n+](CCCCCCCCC[n+]3cccc4ccccc43)cc2)n1,6.843436241149902,4.650690078735352,5.747063159942627
CCCc1ccc2nc(NC(=O)c3cccs3)sc2c1,6.0957136154174805,6.421995639801025,6.258854627609253
O=C(Nc1ccc([N+](=O)[O-])cc1Cl)c1cc2ccccc2oc1=O,6.209559440612793,5.603835582733154,5.906697511672974
CC1CCCN(CCOc2ccc3c(=O)c4c(oc3c2)CCC4)C1,6.069090366363525,4.407501697540283,5.238296031951904
Cc1cc(C)cc(N2CCC(C(=O)Nc3ccc4c(c3)OCO4)CC2)c1,5.796581745147705,5.118628025054932,5.457604885101318
COc1cccc(Cn2cc(C3=CCN(Cc4ccccc4)CC3)c3ccccc32)c1,5.024623394012451,4.013179302215576,4.518901348114014
CN1CCN(c2ccc(NC(=O)c3cc4c(COc5ccc(Cl)cc5)cnn4c3)cc2)CC1,,,
Cc1cc(C)c(NC(=O)CSc2nc3ccccc3c(=O)n2CCc2ccccc2)c(C)c1,6.046429634094238,5.353870391845703,5.700150012969971
COc1cc2c(cc1OC)C1=NOC(CN3CCN(CC(C)=Cc4ccccc4)CC3)C1CO2,6.703359603881836,4.614506721496582,5.658933162689209
O=C(Nc1ccc(N2CCN(C(=O)c3ccco3)CC2)cc1)c1ccccc1,5.521796703338623,5.362568378448486,5.442182540893555
COc1ccc2c3c1OC1C(=O)C=CC4(OCCCn5cccc5)C(C2)N(C)CCC314,5.932965278625488,6.983094692230225,6.4580299854278564
CC(=O)OCC1OC(=O)C2C1OC1O2,,,
O=C(CCCc1ccc(Cl)cc1)Nc1ccc(O)cc1,4.732071876525879,4.6075944900512695,4.669833183288574
Cc1cccc2c1C1(CCN(C)CC1)NC2=O,4.930842399597168,5.750846862792969,5.340844631195068
CCC1=C(C)C(=O)C(=Cc2ccc([N+](=O)[O-])s2)O1,5.501956462860107,6.72655200958252,6.1142542362213135
CCCC1OC2CC3C4CC(F)=C5CC(=O)C=CC5(C)C4(F)C(O)CC3(C)C2(C(O)C=O)O1,5.4173970222473145,8.458468437194824,6.937932729721069
CCN1CCN(Cc2ccc(-c3ccc(C=O)c(N4CCN(C)CC4)c3)cc2)CC1,4.926713943481445,4.315494060516357,4.621104001998901
CNc1oc(-c2ccc3ccccc3c2)nc1C#N,6.5949249267578125,5.654654502868652,6.124789714813232
O=C(Nc1cc(-c2ccccc2)on1)c1cc2ccccc2o1,6.333751201629639,4.91010856628418,5.621929883956909
COc1ccccc1C=C1CC(=O)ON=C1c1ccccc1OC,6.076035499572754,4.747887134552002,5.411961317062378
COc1cccc2sc(N(C)C)nc12,5.811368465423584,5.64034366607666,5.725856065750122
COc1ccc(OC)c(C2CC(c3ccc(F)cc3)=NN2C(=O)c2cc(C)ccc2C)c1,6.5728535652160645,5.37161111831665,5.972232341766357
CC(C)N1CCCC1=O,4.554195404052734,4.827287673950195,4.690741539001465
Clc1ccc(-c2c[nH]c3ncccc23)cc1OCc1ccccc1,4.285791397094727,5.859779357910156,5.072785377502441
COc1cccc(C2CC(c3ccc(F)cc3)=NN2C(C)=O)c1,6.669034004211426,6.1436967849731445,6.406365394592285
CCC1CCC2(C)C(=O)N3CCC2C3=O,,,
CC(=O)Oc1ccc2c(c1)C(=O)c1ccccc1C2=O,5.8115949630737305,5.804073810577393,5.8078343868255615
COc1ccc2[nH]c3c4[nH]c5ccccc5c4c4c(c3c2c1)C(=O)NC4=O,6.541324615478516,5.383816719055176,5.962570667266846
COc1ccc(C=CC(=O)NC(=S)Nc2ccccc2)cc1,4.902943134307861,5.3555684089660645,5.129255771636963
N#Cc1cccc(COc2ccc3oc(N4CCCC4)nc3c2)c1,5.153914451599121,7.0493035316467285,6.101608991622925
COc1cc2c(cc1OC)C(=O)C(Oc1ccc(C(=O)CCN3CCCC3)cc1)C2,7.3032145500183105,4.742008209228516,6.022611379623413
CC(=NNC(=O)c1nnn(-c2nonc2N)c1CN1CCCCC1,,,
CC1CN(CCOc2ccc(Cl)cc2Cl)CC(C)O1,5.415579319000244,4.135291576385498,4.775435447692871
CCOc1ccc(-c2nc3cc(NC(=O)C4CCCCC4)ccc3o2)cc1,5.903881072998047,6.148681163787842,6.026281118392944
Cc1ccc(CCCCCN2CCN(S(=O)(=O)c3ccc(C(C)(C)C)cc3)CC2)cc1,5.687427043914795,3.92275333404541,4.8050901889801025
CS(=O)(=O)Oc1ccc2c(c1)C(=O)c1cc([N+](=O)[O-])ccc1C2=O,6.161875247955322,5.47482442855835,5.818349838256836
CC(=O)N1c2ccccc2C2(CC2CC(C)(C)C2)C1c1cccc(C)c1,,,
COc1ccc(NC(=O)Nc2ccc(CCN3CCN(c4nsc5ccccc45)CC3)cc2)cc1,5.575716495513916,4.658618927001953,5.117167711257935
Nc1ccc2oc(-c3ccccc3)nc2c1,5.103142261505127,3.8500523567199703,4.476597309112549
CC(=Cc1ccco1)C1=CC(=C(c2ccc(C)cc2)c2ccc(F)cc2)CCC1=O,4.8934478759765625,5.147523880004883,5.020485877990723
COc1ccc2c3c1OC1C(=O)CCC4(NC(=O)C=Cc5ccccc5Br)C(C2)N(C)CCC314,5.533820629119873,6.672013282775879,6.102916955947876
O=C1Oc2cc(O)ccc2C(=O)C1=Cc1cccc(OC(=O)c2cccc([N+](=O)[O-])c2)c1,5.984750747680664,5.774983406066895,5.879867076873779
CC1=NOC(=O)C1=CC=Cc1ccc([N+](=O)[O-])cc1,4.839402198791504,6.757682800292969,5.798542499542236
O=C(COc1ccc2c(c1)OC(=O)C1CCC=C21)NCc1cc2ccccc2n1CCN1CCCC1,6.819840908050537,5.519541263580322,6.16969108581543
COc1cccc(C=C2SC(=O)N(CC3CCCO3)C2=O)c1,6.117600440979004,5.520769119262695,5.81918478012085
CC1(C)CCC2(C)C3CCC4(C)C(=CCCCC4C2C(O)CO)C3CCC12,,,
O=c1oc2ccc(OCc3ccccc3)cc2c2ccccc12,4.7163801193237305,6.8220391273498535,5.769209623336792
Cn1c(-c2ccc(Cl)cc2)ccc1=O,,,
Cc1ccc(C=C2COc3cc4ncccc4cc3C2=O)o1,5.924439430236816,6.421092033386231,6.172765731811523
CNC(=O)Oc1ccc2c(c1)C1(C)CCN(C)C1N2C,7.130908012390137,5.488977909088135,6.309942960739136
OCCn1nnc(-c2ccccc2)n1,4.245139598846436,5.314821243286133,4.779980421066284
O=C(CCc1c[nH]c2ccccc12)NCCCCCCCCCCNc1c2c(nc3cc(Cl)ccc13)CCCC2,8.654987335205078,4.874345302581787,6.764666318893433
O=C(O)c1ccc(NN=Cc2ccc(OCc3ccc(Cl)cc3Cl)cc2)cc1,4.827778339385986,5.9506683349609375,5.389223337173462
Cc1ccc(CN2CCC(COCc3cc(C(F)(F)F)cc(C(F)(F)F)c3)CC2)cc1,6.150989055633545,6.361523151397705,6.256256103515625
COc1cc(N)c(Cl)cc1C(=O)NC1CCN(Cc2ccccc2)CC1OC,5.865984916687012,3.830890893936157,4.8484379053115845
Cc1cc(C)c2oc(-c3ccc(NC(=O)c4cccc([N+](=O)[O-])c4)cc3)nc2c1,5.948101997375488,5.331315517425537,5.639708757400513
Cc1ccc(C2=NN(c3ccccc3)C(c3cc(C)n(C)n3)C2)cc1,6.77054500579834,4.806036472320557,5.788290739059448
COc1cc2c(cc1CN1c3ccccc3CC1C)CCN(CCCCCCC(=O)N1CCCC1)C2=O,7.232772827148437,4.87449312210083,6.053632974624634
CC(C)(C)C(=O)Oc1ccc2c(c1)nc(NC(=O)c1cccc([N+](=O)[O-])c1)n2CCCO,6.017041206359863,5.209296703338623,5.613168954849243
OC1CCN(Cc2nc(-c3ccc(F)cc3)cs2)CC1,5.1853790283203125,5.679699897766113,5.432539463043213
CN(C)C(=O)c1ccc2c(c1)S(=O)(=O)c1ccccc1C2=O,5.5449090003967285,5.585143566131592,5.56502628326416
CC1CC(C)CN(CCCNc2nc(-c3ccccc3)nc3ccccc23)C1,5.773118495941162,3.645638465881348,4.709378480911255
O=C(CCc1c[nH]c2ccccc12)NCC(O)COc1ccc(C(=O)O)cc1,5.0591888427734375,5.634933948516846,5.347061395645142
CC(=O)OC1C=C2CC(=O)C=CC2(C)C2CCC3C(C)C(=O)CCC3C2C1,3.110079050064087,7.488269805908203,5.299174427986145
CN1CCc2cc(Cl)c(O)cc2C(c2ccccc2)C1,4.068274021148682,5.649526596069336,4.858900308609009
COc1ccc(C(=O)NC2CC3CCC(C2)N3Cc2ccccc2Cl)c(OC)c1,6.156878471374512,4.179237365722656,5.168057918548584
CC1CCC(=NNc2nc(-c3ccccc3)cs2)CC1,5.701514720916748,5.976086139678955,5.838800430297852
Clc1cccc(CNC2CCCCC2)c1,4.942564010620117,3.362044334411621,4.152304172515869
Cc1ccccc1NC(=O)NC1CCCCC1,4.903556823730469,4.730446815490723,4.817001819610596
O=C1CCCc2cc(OCc3ccc(F)cc3)ccc21,4.26936149597168,7.689324855804443,5.9793431758880615
COc1cc(C(=O)NCC2CCCN2Cc2ccc(F)cc2)cc(OC)c1OC,6.151904582977295,3.9234697818756095,5.037687182426453
O=C1NCCc2[nH]c(-c3ccnc(-c4ccccc4F)c3)cc21,6.050774574279785,6.029796600341797,6.040285587310791
CCOC(=O)c1c(C)oc2c(Br)c(OCC(=O)OC)c(O)cc2c1=O,5.22072696685791,3.760730504989624,4.490728735923767
O=C(NCC(=O)N1CCCC1)c1cc2c(s1)CCCC2,7.756701469421387,4.648438453674316,6.202569961547852
Cc1ccsc1C=CC=c1sc2nc3ccccc3n2c1=O,5.91258430480957,4.714870929718018,5.313727617263794
COc1ccc(C2CC(c3c4ccccc4cc4ccccc34)=NN2)cc1,6.800415992736816,7.829558372497559,7.3149871826171875
CCCc1cc(O)nc(NCc2ccccc2)n1,4.582735538482666,5.0203633308410645,4.801549434661865
Oc1ccc2c(c1)OC(CNCCCO)CC2,4.6156158447265625,4.133136749267578,4.37437629699707
COc1ccc(C2CC(c3c4ccccc4cc4ccccc34)=NN2)c(OC)c1,6.940442085266113,7.265162467956543,7.102802276611328
O=C(c1ccc(Cl)cc1)C1CCN(CCc2ccccc2)CC1,5.097419261932373,3.8822646141052246,4.489841938018799
CCCC1=NC2(CCCC2)C(=O)N1Cc1ccc(OCCCN(C)C)cc1,6.884013175964356,4.931991100311279,5.908002138137817
CC(=O)OCC1OC(=O)C=CC=CC=CC(OC2CCC3(C)C(CCC4C3CCC3(C)C2O3)C2OC(C)=O)C(OC(C)=O)C2OC1C,,,
CN1CCCC1COc1cncc(CCc2ccccc2)c1,4.543266296386719,5.216981887817383,4.880124092102051
CCCCCCOc1nc2ccc(OC)cc2cc1C(C)=O,4.990931034088135,6.12054967880249,5.5557403564453125
O=C(CCCCC(=O)Oc1cccc2c1OC(C(=O)O)C2)NCC1CCCCC1,5.583066940307617,4.813026428222656,5.198046684265137
O=C(C#Cc1ccccc1)c1ccccc1Br,4.163907051086426,5.641071319580078,4.902489185333252
Cn1nnnc1SCC1=C(C(=O)O)N2C(=O)C(N=C(O)c3c(F)cccc3F)C2SC1,7.101898193359375,4.953891277313232,6.027894735336304
NC1=NC2C(=O)C(=CN3CCCCC3)SC2=N1,7.066463947296143,6.0280632972717285,6.5472636222839355
CN(C)c1cccc2c(S(=O)(=O)N(CCN)c3cncc(-c4ccc5c(c4)OCO5)c3)cccc12,5.749712467193604,4.842776298522949,5.296244382858276
NC1=c2c3c(cccc31)C(=O)NC2=O,5.367029190063477,5.168734073638916,5.267881631851196
COC(=O)c1cc(-c2ccc(CO)cc2)nc2ccccc12,4.591548919677734,5.36234188079834,4.976945400238037
c1ccc2c(c1)CCC2C1=NCCN1,4.797774314880371,6.0874223709106445,5.442598342895508
Clc1ccccc1C1=Nn2c(nnc2-c2ccco2)SC1,6.4624762535095215,5.086452960968018,5.7744646072387695
CN1C(=O)C(=CC=Cc2ccco2)C(=O)NC1=S,5.346667766571045,5.668113708496094,5.507390737533569
O=C(NCCCCCCCNC(=O)C1CCCN1C(=O)CCc1ccccc1)c1cccnc1,6.487833023071289,4.838463306427002,5.6631481647491455
O=C1c2ccccc2S(=O)(=O)N1Cc1ccc(O)cc1,6.355380058288574,3.7654953002929688,5.0604376792907715
COc1ccccc1NC(=O)C=Cc1cccc(O)c1,5.004188060760498,5.454660415649414,5.229424238204956
CC(C)CC(=O)c1ccc(OCCCCOc2ccc(C(=O)CCC3CCN(CC4CCC4)CC3)cc2)cc1,6.208609104156494,5.084709167480469,5.6466591358184814
Cc1cccc(COc2ccc(Cc3cnc(N)nc3N)cc2OC(C)C)c1,5.326915264129639,4.314204692840576,4.820559978485107
O=C(NNC(=S)Nc1ccc(F)cc1)C(O)(c1ccccc1)c1ccccc1,5.1528000831604,3.608189105987549,4.380494594573975
O=C(c1ccc(Cl)cc1)c1ccccc1O,4.570024490356445,4.863474845886231,4.716749668121338
COc1ccc(C2=NN(c3cccc(Cl)c3)C(=O)C2)cc1OC,6.486452102661133,5.072333812713623,5.779392957687378
COc1ccc(-n2c(=O)c(-c3ccc(F)cc3)nc3cnc(N4CCOCC4)nc32)cc1,5.167695999145508,6.108694553375244,5.638195276260376
CCCCCCCNC(=O)Nc1ccc2c(c1)C(=O)NC2=O,6.3145365715026855,6.004798889160156,6.159667730331421
COc1ccc(CCC(=O)Nc2nc3cc(N(C)C(=O)C4CCCCC4)ccc3n2CCC(N)=O)cc1OC,6.007240295410156,4.804067134857178,5.405653715133667
N#Cc1ccc(-c2cc(=O)c3ccccc3o2)cc1,4.253381729125977,5.141074180603027,4.697227954864502
COc1cc2c(cc1OC)CCCC2NC(=O)CCCSc1ccc2c(c1)CCC2,4.695680141448975,4.956153392791748,4.825916767120361
Cc1ccc(-c2cc3c(=O)n(CC4CCCO4)cnc3s2)cc1,6.202530384063721,5.959996700286865,6.081263542175293
CC12CCC(=O)CC1=CCC1C2CCC2(C)C1CCC2(O)C(O)C=O,4.750414848327637,8.171137809753418,6.460776329040527
CCOC(=O)c1c(C)[nH]c2c1c(C(=O)NC1CCCCC1)c(O)c1ccccc12,6.149835586547852,4.600034713745117,5.374935150146484
O=C(CCCCl)Nc1ccc2c(c1)CCC2,4.838932991027832,5.220888137817383,5.029910564422607
C=CCNC(=O)c1cccc(Sc2ccc(Cl)cc2)c1,6.006634712219238,4.67633867263794,5.341486692428589
CC(=O)OC1C(OC(=O)c2ccccc2)CC(CO)OC(OC(C)=O)C1OC(C)=O,3.1325948238372803,3.3756890296936035,3.254141926765442
CCOC(=O)c1cc(C)n(Cc2ccc3c(c2)OCO3)c1-c1cccc(CC)c1,5.744363784790039,4.846616744995117,5.295490264892578
CC(C)C1=NN2C(=O)CC(=COC(=O)C3CC3)N=C2S1,7.635578155517578,5.47234582901001,6.553961992263794
Oc1nc(CN2CCCCC2)nc2c1oc1ccc(Br)cc12,6.447793960571289,4.769050598144531,5.60842227935791
NC(=O)CN1C(=O)C(=Cc2ccc(O)c(Br)c2)SC1=S,5.782154083251953,4.704078197479248,5.243116140365601
COc1ccc(Cl)c2c1NC(=O)C2=NNc1ccc(Cl)cc1,5.5582685470581055,5.023434162139893,5.290851354598999
CCC(=O)N1CCc2cc(Br)cc(S(=O)(=O)NC3CC3)c21,6.956348419189453,5.247708797454834,6.1020286083221436
O=C(CCc1c[nH]c2ccccc12)NCC1CCCc2ccccc21,4.994112014770508,5.325516700744629,5.159814357757568
COc1cc(C=C(C#N)c2ccc3c(c2)OCO3)ccc1O,4.567007541656494,5.350417137145996,4.958712339401245
Oc1nc2c(O)ccc(C(O)CNCCSCCOCCCN3CCCCC3)c2s1,5.111706256866455,5.337353229522705,5.22452974319458
O=C1NCCc2[nH]c(-c3ccnc(-c4ccccc4F)c3)cc21,6.050774574279785,6.029764652252197,6.040269613265991
COc1ccc2c(c1)C(C)=CC(C)(C)N2S(=O)(=O)c1ccc(Br)s1,6.24507474899292,5.343337059020996,5.794205904006958
COC(=O)NC(c1ccccc1)C1CCCCC1,4.133858680725098,4.301080703735352,4.217469692230225
Nc1ncc(Cl)cc1C(=O)c1cnccc1N,6.192135334014893,3.5169243812561035,4.854529857635498
Clc1ccc(-c2nc(-c3ccccn3)no2)cc1,5.364075183868408,5.899845600128174,5.631960391998291
CCCCCOC(=O)NS(=O)(=O)c1ccccc1-c1ccc(CN2C(=O)c3ccccc3CCc3ccccc32)cc1,5.189983367919922,4.923965930938721,5.056974649429321
O=C(CCCC(=O)N1CCOCC1)Nc1ccccc1Cl,5.45388650894165,5.1705756187438965,5.312231063842773
O=C(NCCCN1CCCC1=O)c1cc2ccccc2oc1=O,7.857702255249023,5.123793125152588,6.490747690200806
Cn1c(=O)c2c(nc(C=Cc3ccc(F)cc3)n2C)n(C)c1=O,5.653756141662598,5.96761417388916,5.810685157775879
CC(=O)OC1CCC2C=CCC3C2C1(C)C,,,
O=C1c2ccccc2-c2nnc(-c3ccccc3)cc21,4.993725776672363,5.196288108825684,5.095006942749023
O=C(NC1CCCC1)c1cc([N+](=O)[O-])ccc1O,5.248910903930664,5.296804428100586,5.272857666015625
O=[N+]([O-])c1ccc(-c2nc(-c3ccc(F)cc3)c(-c3ccncc3)[nH]2)cc1,5.698388576507568,5.5756707191467285,5.637029647827148
COC(=O)CC(=O)C(NC(=O)CN1CCCCC1=O)C(C)C,3.8168773651123047,4.296087265014648,4.056482315063477
Cc1ccc(CC(=O)Nc2cccc(C(F)(F)F)c2)cc1,5.483180999755859,5.082482814788818,5.282831907272339
COc1ccc(Cl)cc1NC(=O)CN1C(=O)C(=O)c2ccccc21,5.675764560699463,4.877456665039063,5.276610612869263
C#CCn1c(=NC(=O)c2sccc2C)sc2cc(C(=O)OCC)ccc21,5.510513305664063,5.410910606384277,5.46071195602417
COc1cc(OC)cc(-c2cc3cnc(NCCCN4CCOCC4)cc3nc2NC(=O)NC(C)(C)C)c1,4.950754165649414,4.349681377410889,4.650217771530151
COc1ccc2c(c1)C(=O)C(=Cc1ccc3c(c1)OCO3)C2=O,6.376197338104248,6.5179829597473145,6.447090148925781
O=C1CCCc2cc(OCc3cccs3)ccc21,4.710200309753418,7.163786888122559,5.936993598937988
CNC(=O)COC(=O)c1ccc(NC2=NC(=O)C(=Cc3ccc(O)cc3)S2)cc1,6.371238708496094,4.858898639678955,5.615068674087524
O=C(O)c1cc2c(-c3cccc(F)c3)cncc2s1,5.449632167816162,5.1930928230285645,5.321362495422363
COCOC(=O)CSc1nc2c(c(=O)n(C)c(=O)n2C)n1Cc1ccco1,5.443270206451416,5.361142635345459,5.4022064208984375
CSc1ccc(COc2ccc(-c3nnn(C4CCN(C(=O)OC(C)(C)C)CC4)n3)cc2)cc1,5.350820541381836,5.242218017578125,5.2965192794799805
CC1=CC(C)(C)Nc2ccc(C(=O)CCl)cc21,5.093814849853516,5.414528846740723,5.254171848297119
C#Cc1ccc(CN2CCc3ccc(OC4CCCC4)cc3C2)cc1,5.131850719451904,5.202158451080322,5.167004585266113
Cc1nc2ccccc2c(Nc2ccc(NC(=O)C(C)C)cc2)c1C,6.093540668487549,4.662343978881836,5.377942323684692
O=C1Nc2cc(CCOc3ccc(N4CCOCC4)cc3)ccc2C1=O,5.382884979248047,6.470433235168457,5.926659107208252
COc1ccc(C2=CCN(CCCC(=O)Nc3cc(=O)c4cccc(OC)c4o3)CC2)cc1,5.840706825256348,4.93488359451294,5.3877952098846436
O=C1C=CC(=O)N1c1ccccc1Oc1ccc(Cl)cc1,5.734017372131348,5.629703044891357,5.6818602085113525
Cc1ccc(C)c(-n2sc3ccccc3c2=O)c1,5.377243995666504,4.632369518280029,5.004806756973267
O=C(C=Cc1ccc(F)cc1)N1CCCCC1,5.105081081390381,5.786410331726074,5.4457457065582275
CC(=O)c1ccc(OCCCCn2ccnc2)cc1,5.221032619476318,6.336244583129883,5.778638601303101
Cc1cc(C)c2sc(Nc3ccc(-c4cccc(N=S(C)(=O)O)c4)cc3)nc2c1,6.225093841552734,5.077910423278809,5.6515021324157715
Oc1[nH]cc2cc(Cl)c(OCCCCN3CCN(c4cccc5ccccc45)CC3)cc12,5.951662540435791,5.875008583068848,5.913335561752319
O=C(Nc1ccc2c(c1)OCO2)c1ccc(F)cc1,5.111402988433838,5.804024696350098,5.457713842391968
O=C1NC(=O)C(=Cc2ccc(Oc3ccccc3)cc2)S1,6.846264839172363,5.390491485595703,6.118378162384033
O=C1CCCc2[nH]c3c(ccc4cnc(-c5ccccc5)cc43)c21,5.405919075012207,5.657805442810059,5.531862258911133
Cc1nn(C)c2nnc(Nc3ccccc3)nc12,4.6267409324646,4.556479454040527,4.5916101932525635
COc1ccc(-c2cc3c(=O)n(C)c(=O)n(C)c3[nH]2)cc1OC,6.073433876037598,5.140965461730957,5.607199668884277
CC1=CC2Cc3nc4cc(Cl)ccc4c(NCCCCCCCCCCCNc4c5c(nc6cc(Cl)ccc46)CCCC5)c3C(C1)C2,9.020565032958984,4.7267231941223145,6.873644113540649
CC1(C)CC(=O)C2C(=NCCO)CC(=O)N2C1,4.922029495239258,6.363570213317871,5.6427998542785645
Cc1nc(-c2ccccc2)c(-c2ccncc2)o1,4.868042945861816,5.438926696777344,5.15348482131958
COc1ccc(C=CC(=O)c2ccc(Cl)cc2)cc1,3.989871263504028,5.83453369140625,4.912202477455139
CN=C(NC#N)NCCCC(N)C(=O)O,3.974554538726807,4.098451614379883,4.036503076553345
O=C(C=Cc1ccccc1)Nc1ccccc1N1CCCC1,4.59796953201294,5.667856216430664,5.132912874221802
COc1ccc(N(C)C(=O)CN2CCN(S(=O)(=O)c3ccc(C)cc3)CC2)c(OC)c1,5.55900239944458,4.644647598266602,5.101824998855591
COc1ccc2sc3c(c2c1)NCC(C)N(C)C3=O,5.589704036712647,4.913988590240479,5.251846313476563
Fc1ccc(-c2cnc3c(-c4ccsc4)cnn3c2)cc1,5.356179237365723,6.436696529388428,5.896437883377075
COc1ccc(NC2=NC(=O)C(=Cc3ccco3)S2)cc1,6.244155883789063,5.468003273010254,5.856079578399658
O=C1NC(=O)C(=Cc2ccc(OCCC3CCCC3)c(Cl)c2)S1,5.489441871643066,5.948196887969971,5.7188193798065186
Cc1cc(=O)oc2cc(OCc3cc(-c4ccccc4C(F)(F)F)on3)ccc12,5.470121383666992,6.367753982543945,5.918937683105469
CC(C)CC1C(=O)N2CCCC2C2(O)OC(NC(=O)C3Cc4c(O)cccc4CN3)(C(C)C)C(=O)N12,6.904108047485352,5.463866710662842,6.183987379074097
O=C1c2ccccc2-n2c1nc1ccccc1c2=O,4.143257141113281,4.121418476104736,4.132337808609009
O=C(Cc1ccccc1)Nc1ccccc1Sc1ccccc1,4.985173225402832,2.9380578994750977,3.961615562438965
O=C(CCc1ccccc1)NC1CCN(Cc2ccc(Cl)cc2)CC1,5.021005630493164,3.206101179122925,4.113553404808044
O=C1COc2ccc(C(=O)C=CC=Cc3cccc(Cl)c3)cc2N1,4.335085868835449,6.525148391723633,5.430117130279541
O=C(CCCN1C(=O)C(=Cc2ccc(Cl)cc2)SC1=S)Nc1ccc(F)cn1,5.727209091186523,5.700595378875732,5.713902235031128
CCOc1ccc(C=C2SC(N)=NC2=O)c(O)c1,6.7069244384765625,5.6462602615356445,6.1765923500061035
O=C1CC(=NC2CCCCC2)c2cc(O)ccc2O1,6.275476932525635,5.231165885925293,5.753321409225464
CC#CC1(O)CCC2C3CC=C4CC(=O)CCC4=C3C(c3ccc(N(C)C)cc3)CC21C,5.401867866516113,7.634382724761963,6.518125295639038
CCC(=O)Nc1c(O)nc2ccc([N+](=O)[O-])cc2c1O,5.920106887817383,4.508646011352539,5.214376449584961
CN1CC=CC(c2nsnc2SCCCCCCCOc2nsnc2C2C=CCN(C)C2)C1,4.560916900634766,6.292549133300781,5.426733016967773
O=C(O)C(=O)c1ccc(OCc2cccc(Cl)c2)c([N+](=O)[O-])c1,4.149158954620361,5.662891387939453,4.906025171279907
O=c1cc(-c2ccccc2)oc2cc(OCc3cccc(Cl)c3)ccc12,4.333276748657227,6.072513580322266,5.202895164489746
COc1ccc(C2=NN(c3cccc(C#Cc4cccc(C)c4)c3)C(=O)C2)cc1,5.912949562072754,6.133261680603027,6.023105621337891
N#Cc1ccc(NC(=O)Nc2ccc(N3CCCCC3)cc2C(F)(F)F)cc1,5.632970333099365,5.616611480712891,5.624790906906128
NC(=O)c1cccc(-c2cc(Nc3ccc(OCC(F)(F)F)cc3)ncn2)c1,5.533567905426025,6.402192115783691,5.967880010604858
CCCCNC1=NS(=O)N=C1Nc1ccc(F)cc1,5.413854122161865,5.053170680999756,5.2335124015808105
O=O(c1ccccc1)c1ccc2cc3n(c2c1)CNCC3,,,
O=C1c2ccccc2-c2nc3nnnn3nc21,4.122465133666992,3.952200412750244,4.037332773208618
O=C(c1ncoc1C1CC1)N1CCN(c2ncccn2)CC1,4.595873355865479,5.728954792022705,5.162414073944092
CN(C)CCOCCOc1ccc(NC(=O)N2CCc3cc(OCC4CCCCC4)ccc3C2)cc1,5.630080223083496,5.278865337371826,5.454472780227661
CCCCCOC(=O)c1ccc2c(c1)N(C=O)CCS2,3.55930233001709,5.922306060791016,4.740804195404053
CC(=O)c1c(C)oc2ccc(OC3=CC4C(=CC=C5CC(=O)C=CC5)CC3(C)C)cc12,,,
COc1cc2[nH]c(=O)n(CCOc3ccc(Cl)cc3)c(=O)c2cc1OC,6.5163187980651855,6.174310684204102,6.3453147411346436
CNC1CCN(c2cc(C(=O)Nc3cc(C)ccc3O)ccn2)C1,5.259005069732666,4.336063861846924,4.797534465789795
O=[N+]([O-])c1ccc(-c2nc(-c3ccc(F)cc3)c(-c3ccncc3)[nH]2)cc1,5.698388576507568,5.5756707191467285,5.637029647827148
COC(=O)c1c(C)nc2cc(-c3cc[n+](CCC4CCCO4)cc3)ccn2c1C,,,
COc1ccc2oc3c(O)nc(-c4cccc(Cl)c4)nc3c2c1,5.573398590087891,5.24029541015625,5.40684700012207
O=C(C=Cc1ccccc1)Nc1ccc2c(c1)OCO2,5.188838005065918,6.15038537979126,5.669611692428589
Cc1nc(C)c(-c2ccc3cc(C(F)(F)F)ccc3c2)s1,5.118426322937012,7.228732109069824,6.173579216003418
O=C(CCCc1ccc(-c2ccc(Cl)cc2)o1)Nc1ccc(F)cc1,4.43961763381958,5.555226802825928,4.997422218322754
CC(=O)Nc1ccc2c(c1)C(=O)c1ccccc1C2=O,5.0297040939331055,5.968940258026123,5.499322175979614
Cc1cccc(C)c1-c1cc2cnc(Nc3cccc(C(N)=O)c3)nc2n(C2CCCC2)c1=O,6.465188503265381,5.85234260559082,6.158765554428101
CNC(=O)c1cccc(F)c1Nc1nc(Nc2ccccc2OC)ncc1Cl,6.473630428314209,4.961235046386719,5.717432737350464
CCCC=S(O)(O)=Nc1cccc(Nc2ccc3ncn(C(=O)c4ccccc4)c(=O)c3c2)c1C#N,6.556344509124756,5.245800495147705,5.9010725021362305
CCN(CC)C(=O)NC1CC2=C(Cc3c[nH]c4cccc2c34)N(C)C1,5.770237922668457,4.578947067260742,5.1745924949646
CCCN1CCN(c2oc(-c3ccc(OCc4ccccc4)cc3)nc2C#N)CC1,5.348159313201904,5.92257022857666,5.635364770889282
O=C(NCC#CCOc1cccnc1)c1ccccc1,5.120841026306152,5.982519626617432,5.551680326461792
CC1=CC(=C2C=CC(C)OC2=O)C=C(OCCCN2CCC(c3ccccc3)(C(F)(F)F)CC2)O1,5.433366298675537,5.868008613586426,5.6506874561309814
C=C1c2ccccc2OC(C)(C)C1O,4.828533172607422,4.569919109344482,4.699226140975952
O=C(CCc1ccc2c(ccn2Cc2ccccc2)c1)N=Cc1ccc([N+](=O)[O-])o1,5.902542591094971,5.093649387359619,5.498095989227295
CCN(CC)CCOc1ccc(C=CC(=O)c2ccc(Cl)cc2)cc1,4.234832763671875,5.41654109954834,4.825686931610107
Cc1ccc(-c2nc(Nc3ccc4c(c3)OCO4)c3ccccc3n2)cc1,5.717430591583252,5.062198162078857,5.389814376831055
O=C(Nc1ccc2nc(-c3ccco3)c(-c3ccco3)nc2c1)NC1CC1,6.021580219268799,4.76436185836792,5.392971038818359
O=C(Cc1ccc(Cl)cc1)NC1CCCCC1,4.1283369064331055,3.350188732147217,3.739262819290161
O=C(CCc1ccc2c(c1)OCO2)Nc1cccc2nsnc12,5.693285942077637,4.915787220001221,5.304536581039429
Clc1ccc(COc2ccc(C3=NOC(Cn4ccnc4)N3)cc2)c(Cl)c1,6.322927474975586,5.852513313293457,6.0877203941345215
Oc1cccc(Nc2ccnc3nc(C=Cc4ccccc4)oc23)c1,5.276090145111084,5.174276828765869,5.225183486938477
COc1ccc(-c2nc(-c3ccccc3)no2)cc1OC,5.007421016693115,5.497864246368408,5.252642631530762
O=C1CCCC2(CCOC2)C1=NO,3.490870952606201,4.676184177398682,4.083527565002441
Cn1c(=O)c2c(nc(C=Cc3ccc(Br)cc3)n2C)n(C)c1=O,5.604371070861816,6.060705184936523,5.83253812789917
O=C(C=Cc1ccc(Cl)s1)NCc1ccccc1,3.8404908180236816,5.485494136810303,4.662992477416992
Cc1cc(C=NN=C(N)N)c(C)n1-c1ccc(OCc2ccccc2)cc1,5.698428153991699,5.865170478820801,5.78179931640625
CNC(=O)C(C)n1cc(-c2cnc(N)c3c(-c4ccc(NC(=O)Nc5ccc(C)cc5)cc4)csc23)cn1,6.647512912750244,4.4864044189453125,5.566958665847778
CC(Oc1ccc(Cl)cc1Cl)C(=O)Nc1cccnc1,5.034668445587158,4.724884510040283,4.879776477813721
CC(C)(C)C(=O)COc1cc2c(cc1Cl)C1=CCCC1C(=O)O2,4.290752410888672,5.788179874420166,5.039466142654419
O=C1NC(=O)C2=C1c1cn(c3ccccc13)CCCc1ccc(c(N3CCCC3)n1)CCCn1cc2c2ccccc21,4.698546409606934,5.642670154571533,5.170608282089233
CC(=O)c1cc2ccc(Br)cc2oc1=O,5.774158477783203,5.895553588867188,5.834856033325195
COc1ccc(-c2oc3ncn(CCCN4CCN(c5ccccc5OC)CC4)c(=O)c3c2-c2ccccc2)cc1,5.768082618713379,5.093379974365234,5.430731296539307
COc1ccccc1-c1ccc2c(c1)C(=O)c1cc(O)ccc1C2=O,5.57299280166626,6.257834434509277,5.9154136180877686
O=C1c2cccc3c([N+](=O)[O-])ccc(c23)C(=O)N1c1ccccc1,5.042047500610352,5.352483749389648,5.197265625
O=C(CCc1c[nH]c2ccccc12)NCCN1CCCC1,6.087194442749023,4.537657260894775,5.312425851821899
CSc1ccc(CC(=O)Nc2cc(C)on2)cc1,5.296041965484619,4.4707794189453125,4.883410692214966
C[N+]1(C)CCCC1c1ccc(C(c2ccccc2)c2ccccc2)o1,4.17209529876709,3.598987102508545,3.8855412006378174
CCN(CC)CCOc1ccc(C=Cc2sc3ccccc3[n+]2C)cc1,5.002551078796387,5.059812545776367,5.031181812286377
Cc1ccc(C(=O)N2c3ccccc3Sc3ccccc32)cc1,4.423605442047119,3.5647456645965576,3.9941755533218384
CCc1sc2nc(N)nc(O)c2c1Sc1ccc(C)cc1,5.7343292236328125,5.228065490722656,5.481197357177734
CCCCCCOc1ccc2c(c1)OC(=O)C1CCCC=C21,4.655472278594971,6.892641067504883,5.774056673049927
CN1CCN(c2ccc(OC(F)(F)F)c(C3=C(c4c[nH]c5ccccc45)C(=O)NC3=O)c2)CC1,5.641235828399658,5.307837963104248,5.474536895751953
C=CCOc1ccc(C=C2CCN(C)CC2)cc1,5.025376796722412,5.544085502624512,5.284731149673462
O=c1[nH]c2c([N+](=O)[O-])cccc2c(=O)n1CCCCCN1CCCCC1,7.234158039093018,5.339334487915039,6.286746263504028
CCN(CC)c1ccc(N=CC2C(=O)Oc3ccccc3C2=O)cc1,7.229081630706787,5.621187686920166,6.425134658813477
O=C(CCl)Nc1ccc2c(c1NC(=O)C1CC1)C(=O)c1ccccc1C2=O,5.893815040588379,5.503383636474609,5.698599338531494
O=C(C=Cc1ccccc1)Nc1ccc2oc(O)nc2c1,5.338436126708984,6.007691383361816,5.6730637550354
Nc1nc(Cc2ccccc2)nc(Nc2ccccc2)c1[N+](=O)[O-],5.8190460205078125,3.3709301948547363,4.594988107681274
O=C(Nc1ccc(Cl)cc1)Oc1ccc2c(c1)OCO2,5.933774948120117,4.935727596282959,5.434751272201538
COc1cc2c(cc1OC)C(=O)C(C1CCN(CC3CCC3)CC1)C2,6.69701623916626,4.595016956329346,5.646016597747803
COc1ccc(NC(=O)C=C2C(=O)NC3=C(C)C(=O)C=C(C)C3=C2c2ccccc2)cc1,5.96542501449585,5.740346908569336,5.852885961532593
CC(=O)c1ccc(C=C2COc3ccccc3C2=O)cc1,5.400473117828369,6.601101875305176,6.0007874965667725
NC(=O)c1sc2ccc(Cl)c(Cl)c2c1NC(=O)c1ccc(Cl)cc1,5.80388879776001,4.925791263580322,5.364840030670166
C=CC[n+]1ccc(C=Cc2ccc(CC=C)cc2)c2ccccc21,5.409573554992676,5.580778121948242,5.495175838470459
Cc1c(C)c2ccc(OCc3ccc(C(F)(F)F)cc3)cc2oc1=O,5.244002342224121,8.366263389587402,6.805132865905762
CC1CCCN(C(=O)CCSc2nnc(-c3ccc4c(c3)OCO4)o2)C1,6.003710746765137,6.383516788482666,6.193613767623901
CCOc1ccc(OC=C2CC(=O)Oc3cc(OC)ccc32)cc1,5.9825825691223145,5.749186038970947,5.865884304046631
Cn1c(=O)n(C)c2cc(C=NNc3ccc(Cl)nc3)ccc21,5.864545822143555,5.09980583190918,5.482175827026367
CC(CC(=O)NCc1ccccc1)=NNC(=O)C1COc2ccccc2O1,6.173806667327881,4.310941219329834,5.242373943328857
COc1ccc(-c2csc(N3CCN(C(=O)C4CCCO4)CC3)n2)cc1OC,5.595283508300781,5.088464736938477,5.341874122619629
COc1ccc(C=C2SC(=S)N(CCCC(=O)Nc3cc(C)on3)C2=O)cc1,6.2593488693237305,5.227116107940674,5.743232488632202
Cc1csc(NC(=O)NC2CCC(C)CC2)n1,4.767809867858887,5.530466556549072,5.1491382122039795
COC(=O)c1coc(COc2ccc(OC)cc2)n1,4.611507415771484,6.321906089782715,5.4667067527771
S=C(NCCc1ccccc1)Nc1cccc2c1CCCC2,5.802424907684326,4.548547267913818,5.175486087799072
CN1CCC1COc1cncc(CCc2ccccc2)c1,4.501092433929443,5.449946403503418,4.975519418716431
CC(=O)NC(Cc1cnc[nH]1)C(=O)NC(Cc1ccccc1)C(=O)O,3.896099090576172,3.148643970489502,3.522371530532837
COc1cccc(-c2c[nH]c3c(NN=Cc4ccncc4)ncnc23)c1,4.567440032958984,4.38769006729126,4.477565050125122
COc1cc2c(cc1OC)SC(=Nc1ccccc1)NC2,6.024077892303467,4.216580390930176,5.120329141616821
O=C(COc1cccc2oc(O)cc12)Nc1ccccc1Cl,5.364868640899658,5.050786972045898,5.207827806472778
O=C1CC(=O)c2ccc(OCCCCCc3ccccc3)cc2O1,6.479340553283691,6.509468078613281,6.494404315948486
O=C(C=Cc1ccc([N+](=O)[O-])s1)NCCS,4.891963481903076,5.90818452835083,5.400074005126953
Fc1ccc(C2=CC=CCOC2=O)cc1,3.6001176834106445,6.8233819007873535,5.211749792098999
COc1ccccc1C(=O)N(CCCCCCNc1c2c(nc3cc(Cl)ccc13)CCCC2)CC1CCCS1,7.583396911621094,4.408481597900391,5.995939254760742
O=C1Cc2c([nH]c3ccc([N+](=O)[O-])cc23)-c2ccccc2N1,5.156867504119873,5.928645133972168,5.5427563190460205
OC1CCN(CCCCC2CCC(Oc3ccc(Br)cc3)CC2)CC1,5.521712779998779,4.375114917755127,4.948413848876953
Cn1c2ccccc2c2c3c(O)[nH]cc3c3c4ccccc4n(CCC#N)c3c21,5.478621959686279,4.758981227874756,5.118801593780518
CNC(=O)c1ccc(C2=NNc3cccc4cccc(c34)S2)cc1,6.582855701446533,5.77377986907959,6.1783177852630615
Cc1ccc(O)c(C(=O)c2c1C(=O)Oc1c(Cl)c(O)c(O)c(Cl)c1Cl,,,
CC(C)(C)c1cc[n+](-c2cccc(Oc3ccc(Cl)cc3)c2)cc1,4.910744667053223,3.861238956451416,4.385991811752319
N#CC1(c2ccc(F)cc2)CCN(CCCCC(=O)c2ccccc2)CC1,5.655491828918457,4.667758941650391,5.161625385284424
CN1CCN(c2cccc(Nc3nccc(-c4c(C(N)=O)nc5ccccn45)n3)c2)CC1,5.044294357299805,4.840778827667236,4.9425365924835205
COC(=O)c1ccc(C=C2C(=O)ON=C2c2cccc(F)c2)o1,4.941168308258057,5.601277828216553,5.271223068237305
O=C(c1ccc(OCCCc2c[nH]cn2)cc1)N1CCCCC1,5.507314682006836,5.821957111358643,5.664635896682739
COc1cccc(-c2cc3c(O)nc4ccccc4n3c2)c1,5.082129001617432,5.583870887756348,5.33299994468689
Cc1ccc(-c2csc3c(C=Cc4nnc(-c5ccccc5)o4)cnc(N)c23)cc1,6.261995315551758,5.103032112121582,5.68251371383667
CC1(C)OC(=O)C(Oc2ccc(CCC#N)cc2)=C1c1ccc(C2=CCCCC2)cc1,4.70973014831543,6.208984375,5.459357261657715
N#Cc1ccc(SC2=CC(=N[SH](O)(O)=C3CCCC3)CC(=O)C2)cc1,6.373108863830566,5.704000949859619,6.038554906845093
OCC(O)COc1ccc(CC2CCN(CC3COc4ccccc4O3)CC2)cc1,4.906449794769287,4.648355007171631,4.777402400970459
Cc1[nH]c(O)nc1CC(=O)COC(=O)CCCCCNC(=O)CCCCCCN=C(N)N,6.502058982849121,6.409344673156738,6.45570182800293
Cc1noc(C)c1COc1cccc(C(=O)Nc2ccccc2O)c1,6.144920825958252,5.650054454803467,5.897487640380859
CS(=O)(=O)c1ccccc1-c1ccc(NC(=O)c2cc3nc4ccccc4nc2n3CCF)cc1,6.515522480010986,5.046499729156494,5.78101110458374
COc1ccc2[nH]c3c(c2c1)CCN(CCOc1ccccc1)C3,5.071580410003662,5.036340236663818,5.05396032333374
O=C(Nc1ccc(Oc2ccccc2)cc1)C1=COCCO1,6.431667804718018,5.712059497833252,6.071863651275635
CCNC1CCC(CCSc2ccc(Cl)cc2Cl)CC1,4.955191612243652,3.823204278945923,4.389197945594788
CCCCc1ccccc1NC(=O)ON=C1CCCC1C,6.4076032638549805,4.927427768707275,5.667515516281128
CN(C)C1C(=O)C(C(N)=O)=C(O)C2(O)C(=O)C3C(=O)c4c(O)cccc4C(C)(O)C3CC12,6.641382694244385,6.4613118171691895,6.551347255706787
O=Cc1ccc2cc3cccc(Br)c3cc2c1,3.7736966609954834,8.073356628417969,5.923526644706726
CC1CCCN(CCCOc2ccc(Cc3sc(O)nc3O)cc2)C1,5.468737602233887,5.066552639007568,5.2676451206207275
COc1ccc(C2=NN(CCCCCCNCC(O)c3ccc(O)c(CO)c3)C(=O)C3CCCCC23)cc1,5.6541242599487305,5.286367416381836,5.470245838165283
O=C(C=Cc1ccco1)c1ccc2c(c1)OCO2,5.63324785232544,5.535306453704834,5.584277153015137
CC1(C)C=C2C(C(=O)C1)C(c1ccccc1)C2(C)C,4.409999847412109,6.565162658691406,5.487581253051758
N=C1CCc2cc(OCc3ccc(Br)cc3)ccc21,4.382529258728027,7.816801071166992,6.09966516494751
CCn1c(C=CC=C2C(=O)Nc3ccccc32)nc2ccccc2c1=O,5.853276252746582,6.015129089355469,5.934202671051025
CN(C)CCCN1c2ccccc2Sc2ccc(Cl)cc21,4.61296272277832,4.103092193603516,4.358027458190918
COc1cccc(-c2cc3nccn3c(Nc3ccccc3C(N)=O)n2)c1,5.383420467376709,4.521184921264648,4.952302694320679
O=C1c2ccccc2C(=O)N1CCCCN1CCC(n2c(O)nc3cc(Cl)ccc32)CC1,7.297183036804199,5.507161617279053,6.402172327041626
O=C1Cc2ccc(OCCc3ccccc3)cc2C1=O,5.406551361083984,6.569601535797119,5.988076448440552
O=C(Nc1ccccc1)Nc1cccc(C(=O)O)c1,5.698976993560791,5.393444538116455,5.546210765838623
COc1ccc(C(=O)NCCc2cn3cccnc3n2)cc1,5.128109931945801,4.8682966232299805,4.998203277587891
O=C(Nc1ccc(-c2nc3ccccc3o2)cc1)c1c(Cl)cccc1Cl,5.298159122467041,5.053825378417969,5.175992250442505
CC(=O)N(Cc1ccccc1)c1ccc(C(=O)NC2CCCCC2)cc1,5.03040885925293,4.162965774536133,4.596687316894531
Cc1ccc(CNC2C(=O)C(=O)C2=Nc2ccc3n[nH]cc3c2)cc1,5.942505836486816,5.281491279602051,5.611998558044434
O=C1C=CC(=CNN=Cc2cccc(O)c2)CC1=O,4.438870906829834,5.719639778137207,5.0792553424835205
CCCCc1c(-c2ccc(O)cc2)nc2ncc[nH]c1-2,5.145219802856445,4.810213565826416,4.977716684341431
Cc1ccc(-c2csc(N(C)C)n2)cc1,5.682164669036865,6.143609523773193,5.912887096405029
N#Cc1csc(NC(=O)c2ccccc2)c1-c1nc2ccccc2s1,6.118966579437256,4.742161273956299,5.430563926696777
COc1cc(C2c3cc4c(cc3C(C)(C)C2O)OCO4)cc(OC)c1OC,4.567773342132568,5.000670909881592,4.78422212600708
COc1ccc(-c2csc(-n3nc(C)cc3C)n2)cc1,5.020386695861816,5.866922855377197,5.443654775619507
C#Cc1cccc(Nc2nc3ccccc3c3nc(CCC)nn23)c1,5.2171783447265625,5.416122913360596,5.316650629043579
CC12C=CC(=O)C=C1CCC1C2C(O)CC2(C)C1CCC2(O)C(=O)CO,4.434078693389893,8.509330749511719,6.471704721450806
NC(=O)c1cccc(NC(=O)c2cccc3ccccc23)c1,5.375787734985352,6.490242958068848,5.9330153465271
CSc1cccc(NC(=O)CCCc2c[nH]c3ccccc23)c1,4.702369213104248,4.903984069824219,4.803176641464233
C#CCCCCOc1ccc2sc(=N)[nH]c2c1,4.594133377075195,7.838181018829346,6.2161571979522705
Cc1c(C(=O)NCCCN2CCCCC2)nn(-c2ccc(Cl)c(Cl)c2)c1-n1cccc1,6.95627498626709,4.703160762786865,5.8297178745269775
COc1ccc(-c2nc3c(c(SCC(=O)Nc4ccccc4)n2)Cc2cc(OC)c(OC)cc2O3)cc1,6.32003116607666,5.206569194793701,5.763300180435181
CN(C)c1ccc(C=C2C(=O)Nc3ccccc32)cc1,5.143176078796387,6.588056564331055,5.865616321563721
COc1cc2c(cc1OC)C(=O)C(Oc1cccc(C(=O)N3CCCC3)c1)C2,6.532793521881104,4.440584659576416,5.48668909072876
CNC(=O)COc1ccc(COc2cccc(C#N)c2)cc1,5.270843982696533,7.242946624755859,6.256895303726196
CCc1ccc(OCc2cccc(C(=O)NN)c2)cc1,5.240011692047119,6.121809959411621,5.68091082572937
CC1=CC2Cc3nc4cc(Cl)ccc4c(N)c3C(C1)C2,7.141253471374512,4.37076473236084,5.756009101867676
COc1cccc(-n2c(C)cc(C=C3C(=O)NC(=O)N(Cc4ccc(F)cc4)C3=S)c2C)c1,5.733657360076904,5.3818206787109375,5.557739019393921
Nc1nc2ccc(Oc3ccc4c(c3)OCCO4)cc2s1,6.145825386047363,4.465424537658691,5.305624961853027
CCOC(=O)c1ccc2[nH]c3c(c2c1)CCNC3=O,6.198873996734619,4.998855113983154,5.598864555358887
CCOC(=O)c1cc2c3c(c1)ncn3-c1ccc(Br)cc1,,,
Nc1cccc(CN2CCC(Oc3ccc(F)cc3)CC2)c1,5.75404167175293,3.886020183563232,4.820030927658081
CC(=O)N(C)CCc1cccc(OCCCCCNc2c3c(nc4ccccc24)CCCC3)c1,6.9157233238220215,4.821928024291992,5.868825674057007
CN(C)CC1CC2c3ccccc3Oc3ccc(Cl)cc3C2O1,4.774118423461914,5.371970653533936,5.073044538497925
CCOC(=O)c1cc2sc(NO)nc2nc1C,5.6952972412109375,5.169635772705078,5.432466506958008
O=C1C(=O)c2ccccc2C1=O,6.272767066955566,4.49329948425293,5.383033275604248
CCCCC12CCC(=O)C(O)(c3cccs3)=C1c1ccc(O)cc1C2,,,
O=C1c2ccccc2-c2nc3nnnn3nc21,4.122465133666992,3.952200412750244,4.037332773208618
COc1ccc(OC)c(-c2cc(C(=O)NN=CC=Cc3ccco3)n[nH]2)c1,5.4471435546875,4.761406898498535,5.104275226593018
CN1CCCN(C2=Nc3cc(Cl)ccc3Nc3ccccc32)CC1,5.456892967224121,4.831695556640625,5.144294261932373
Oc1nc2cnc(-n3cnc4ccc(F)cc43)nc2n1C1CCOc2c(F)cccc21,5.632261753082275,5.767078399658203,5.699670076370239
Oc1cccc2ccc(OCCCCN3CCC(O)CC3)cc12,5.010937690734863,5.183191299438477,5.09706449508667
CN(C)c1ccc(C2=NN(CCCCCCOc3ccc4c(c3)CCC4)C(c3ccc(F)cc3)C2)cc1,6.401498317718506,6.743935585021973,6.572716951370239
CN1C(=O)C(C=Cc2cc(C(N)=O)cc(Cl)c2)N=C1N,7.18132209777832,5.759134769439697,6.470228433609009
CC(=O)N1CCN(C(=O)COc2ccc3ccccc3c2)CC1,5.398833274841309,5.460352897644043,5.429593086242676
CCN(CC)CCC=C1c2ccccc2COc2cc([N+](=O)[O-])ccc21,5.311619281768799,5.707844257354736,5.509731769561768
COc1cc(-c2cc(=O)c3ccccc3o2)ccc1N,5.8484368324279785,4.100456237792969,4.974446535110474
CC(C)Oc1ccc(N=S(=O)(O)c2ccc(N)cc2)cc1,6.607321739196777,3.399360179901123,5.00334095954895
NC(=N[N+](=O)[O-])NN=Cc1ccc(-c2cccc([N+](=O)[O-])c2)o1,5.782142639160156,3.891983985900879,4.837063312530518
Cc1cc(O)cc(C)c1CC(N)C(=O)N1CCN(c2ccccc2)CC1,5.546694755554199,4.3431925773620605,4.94494366645813
Nc1cc(O)nc(SCCCCCCc2ccccc2)n1,5.084315299987793,5.716369152069092,5.400342226028442
CN1CCN(c2cccc(Nc3nc4c(-c5cccc(Cl)c5)cccn4n3)c2)CC1,5.387246608734131,5.280352592468262,5.333799600601196
Cc1ccc2c(c1)OC(=O)CC2=CN(C)c1nnc(C(F)(F)F)s1,6.267127513885498,6.7024006843566895,6.484764099121094
COCCCNC(=O)CCCCCCCNc1c2c(nc3cc(Cl)ccc13)CCCC2,8.517129898071289,4.920907497406006,6.7190186977386475
CC(=O)c1c(C)nc(C)c(CSc2cccc(C(=O)O)c2)c1C,5.755202770233154,6.00251579284668,5.878859281539917
CCN(CC)CCOc1ccc(C=C2C(=O)N(c3ccccc3)N=C2C)cc1,5.686424732208252,5.2817487716674805,5.484086751937866
c1ccc(-c2csc(Nc3nc4ccccc4s3)n2)cc1,5.378167152404785,5.306238174438477,5.342202663421631
CCCc1oc2ccccc2c1C(=O)c1cc(I)c(OC)c(I)c1,5.441046714782715,4.803572654724121,5.122309684753418
Cc1cc(C)cc(N=C2CC(=O)c3sc(C)nc3C2=O)c1,6.118655681610107,6.135300159454346,6.126977920532227
O=C(CCCCCNc1nc(-c2ccccn2)cs1)Nc1ccc2c(c1)OCO2,6.20090913772583,6.276306629180908,6.238607883453369
O=C(NC(Cc1c[nH]c2ccccc12)C(=O)O)c1ccc(Cl)cc1,4.6615753173828125,4.722430229187012,4.692002773284912
C=CCN1C(=O)C(=Cc2ccc3ccccc3[n+]2C)SC1=S,5.668658256530762,5.085378170013428,5.377018213272095
CCN(CC)CCCC(C)Nc1c2ccc(O)cc2c2nc3ccccc3nc21,,,
Oc1nc2sc3c(c2c2nc(-c4ccccc4)nn12)CCCC3,4.897294521331787,4.959086894989014,4.9281907081604
O=C1C(=O)C(NCCc2ccc(Oc3ccccc3)cc2)C1=Nc1ccncc1,6.504975318908691,4.961444854736328,5.73321008682251
COc1nc2c(c(=O)n(Cc3ccccc3F)c(=O)n2C)n1C,5.391175270080566,5.089245319366455,5.240210294723511
CSc1ccc2c(c1)C(=O)N(c1cccc([N+](=O)[O-])c1)C2=O,5.271022796630859,5.503346920013428,5.3871848583221436
Cc1ccc(-c2ccc(C#N)c(SCC(=O)NNC(=O)c3ccccc3[N+](=O)[O-])n2)o1,6.372402667999268,4.967357158660889,5.669879913330078
CCCCC1CC1(c1ccccc1)C(O)c1ccccc1,3.866212844848633,4.425796985626221,4.146004915237427
Cc1cccc(NS(=O)(=O)c2ccc3c(c2)CCC3)n1,5.363953113555908,4.75540828704834,5.059680700302124
COc1cc2c(cc1OC)C1=NOC(CN3CCN(CC=C(C)c4ccc(Br)cc4)CC3)C1CO2,6.589229106903076,5.2749762535095215,5.932102680206299
N#CCC1CCCc2c1n(CC1CC1)c1ccccc21,5.928236484527588,4.322076797485352,5.12515664100647
CC(=O)c1cccc(S(=O)(=O)N2CCCCC2C)c1,6.434336185455322,4.997746467590332,5.716041326522827
[H]C([H])([H])Oc1cccc(C(C)NC(=O)c2sc(-c3ccncc3)nc2C)c1,5.715976238250732,5.538711071014404,5.627343654632568
COc1ccc(-c2csc(NN=C3CCCCCC3)n2)cc1,4.935731887817383,6.584471702575684,5.760101795196533
N#Cc1ccc(COc2ccc3oc(=O)ccc3c2)cc1,4.0835466384887695,7.813817977905273,5.9486823081970215
Oc1ccc(-c2csc(NN=C3CCCCC3)n2)cc1,5.7497758865356445,6.079465866088867,5.914620876312256
CCN1C(=O)C(=Cc2ccc([N+](=O)[O-])o2)SC1=S,6.266016006469727,5.222900390625,5.744458198547363
O=C(CCCC1CCN(Cc2ccccc2)CC1)c1ccc(F)cc1,6.614654541015625,3.8581175804138175,5.236386060714722
N#CCCn1nc(-c2ccc(OCc3ccc(Cl)cc3)cc2)oc1=S,6.007809638977051,6.953840255737305,6.480824947357178
CC(=O)N1c2ccc(S(=O)(=O)NCCCCC(O)=NO)cc2CC1C,4.664416313171387,4.646032333374023,4.655224323272705
CN(C)C1CCN(CCc2c(C#N)c3ccccc3n2Cc2ccc(Cl)cc2)C1,6.10607385635376,4.261302947998047,5.183688402175903
CN1CCN(c2cccc3[nH]c4cc(OCc5ccc(Cl)cc5)ccc4c23)CC1,5.534389972686768,6.552333831787109,6.0433619022369385
N#Cc1ccc(NC(=O)Nc2ccnc3cc(C(F)(F)F)ccc23)nc1,5.567568302154541,4.9714179039001465,5.269493103027344
O=C(O)c1cccc(-n2cccc2CC2=NC(=O)N(c3cccc(Cl)c3)C2=O)c1,6.131437301635742,5.440861225128174,5.786149263381958
C=CCn1c(=O)c2cnc(Nc3ccc(N4CCN(C)CC4)cc3)nc2n1-c1cccc(C(C)(C)O)n1,5.345666408538818,5.201249599456787,5.273458003997803
Oc1ccc2c(c1)=CCC=2C1CCCN=C1c1ccccc1Cl,5.70654296875,6.372020244598389,6.039281606674194
c1ccc(CNc2cc(-c3ccc4c(c3)OCO4)ncn2)cc1,4.559079170227051,5.150980949401856,4.855030059814453
CC(C)(C)C(=O)c1cc2cc(OCCCOc3ccc(F)cc3)ccc2[nH]1,4.872550964355469,6.1410722732543945,5.506811618804932
O=C1CCCc2cc(OCCc3ccccc3)ccc21,4.800061225891113,6.3129496574401855,5.556505441665649
O=C1Oc2ccccc2C(=O)C1=CC=Cc1ccccc1,5.187105178833008,6.745820045471191,5.9664626121521
CC1=Nc2ccc(C(=O)CCCN3CCC(O)(c4ccc(Cl)cc4)CC3)cc2SC1,6.02607536315918,5.316475868225098,5.671275615692139
Cc1nc(CN2CCCC(CSc3ccc(F)c(F)c3)C2)cs1,5.928228378295898,6.013992786407471,5.971110582351685
COc1ccc2c3c1OC1C(=O)CCC4(O)C(C2)N(C)CCC314,6.267064571380615,6.6981048583984375,6.482584714889526
C=C1C=C(C2CCN(CCC3CCCCC3)CC2)C(=O)N1N=Cc1ccccc1O,6.432563781738281,4.914342403411865,5.673453092575073
CCN(CC)CCCCCCCCN1c2ccccc2Oc2ccc(Cl)cc21,6.480672359466553,4.885934352874756,5.683303356170654
COc1ccc(N2NC(=O)C(=Cc3cc4c(cc3[N+](=O)[O-])OCO4)C2=O)cc1,5.50783634185791,4.927770137786865,5.217803239822388
COc1cccc(-c2csc(NN=Cc3ccccc3O)n2)c1,5.065096855163574,4.635746002197266,4.85042142868042
O=C(Nc1cc(C(F)(F)F)cc(C(F)(F)F)c1)c1ccc(-c2cccnc2)cc1,5.3245697021484375,5.853525161743164,5.589047431945801
COc1ccc(CCNCc2cccc3c2OCO3)cc1,4.475222587585449,4.2583537101745605,4.366788148880005
Cc1ccc2oc(=O)n(CCCCC(=O)NC3CCCCC3)c2c1,6.439573764801025,5.088315010070801,5.763944387435913
Cc1ccc(Cc2ccc3sc(C)nc3c2)cc1,5.554642200469971,4.98318338394165,5.2689127922058105
CC1=NN(c2cccc(Cl)c2)C(=O)C1=Cc1ccccc1,5.637030601501465,5.273982524871826,5.4555065631866455
Nc1ccccc1NC(=O)c1ccc(COc2c(F)cccc2F)o1,6.245378017425537,5.118527412414551,5.681952714920044
COc1cccc(C(=O)c2ccc(OC)cc2O)c1,4.776559352874756,4.551450729370117,4.6640050411224365
Cc1noc(C)c1COc1ccc(C=NNc2ccc(C(=O)O)cc2[N+](=O)[O-])cc1,5.878273963928223,5.337535381317139,5.607904672622681
Cc1ccc(-c2ccc(N3CC(C4CCN(C)CC4)CC3=O)cc2)cc1,4.765571594238281,5.341639518737793,5.053605556488037
Cc1csc(NC(=O)c2cc3ccccc3oc2=O)n1,7.295159816741943,5.525307655334473,6.410233736038208
CCOC(=O)C=Cc1cccc(Cl)c1,3.844246625900269,5.968316555023193,4.906281590461731
Fc1ccc(-c2csc(NN=Cc3ccco3)n2)c(F)c1,5.6714582443237305,6.536558151245117,6.104008197784424
COc1cc(C(=O)O)ccc1OCc1cccc(Br)c1,4.292867660522461,6.131901741027832,5.2123847007751465
O=C1N=C(Nc2ccccc2)SC1=Cc1ccc(Oc2ccccc2)cc1,6.626407623291016,5.018433094024658,5.822420358657837
Cc1cc(=O)oc2cc(OCC(=O)c3ccccc3)ccc12,5.856604099273682,5.948643207550049,5.902623653411865
CCCCCCC(=O)OCC(=O)N1c2ccccc2CC1C,4.86732292175293,5.593583583831787,5.230453252792358
O=C(CF)N1CCC(Oc2ccc3c(C(=O)O)cccc3c2)CC1,5.756081581115723,5.334152221679688,5.545116901397705
CCC1=NOC(=O)C1=Cc1ccc(OCCCNc2c3c(nc4ccccc24)CCCC3)cc1,6.781490802764893,5.649792671203613,6.215641736984253
Cc1ccccc1C1=NN(C(=O)c2ccccc2)C(c2ccccc2)C1,6.185387134552002,3.6826910972595215,4.934039115905762
CCc1ccc(C=C2SC(=S)N(CCCCC(=O)O)C2=O)cc1,5.356594085693359,5.478682518005371,5.417638301849365
Oc1onc(C=Cc2ccccc2Cl)c1Cl,5.370020389556885,5.64263916015625,5.506329774856567
Cc1c(C(=O)NC2CCCC2)sc2nc3n(c(=O)c12)CCCC3,6.151324272155762,4.930231094360352,5.540777683258057
O=C1c2cccc([N+](=O)[O-])c2C(=O)N1c1cccc(F)c1,4.910157203674316,5.296496868133545,5.103327035903931
COc1ccc(C=Cc2noc(-c3ccccc3O)n2)cc1,5.288346767425537,5.655935764312744,5.472141265869141
O=C1NCC(Cc2ccc(O)cc2)=C1c1ccccc1,5.2209320068359375,4.381485939025879,4.801208972930908
O=C1CC(c2ccccc2)Cc2nc(Cc3ccccc3)no2,,,
O=C1NC(=O)C(=Cc2ccc3ccccc3c2)S1,5.195559978485107,6.843084335327148,6.019322156906128
CC1=NOC(=O)C1=Cc1ccc(-c2ccc(Cl)cc2Cl)o1,5.211820602416992,6.89009952545166,6.050960063934326
COc1cc(C(=O)ON=C(N)c2ccccn2)cc(OC)c1OC,5.5798773765563965,4.067742824554443,4.82381010055542
O=C(Nc1ccc(Cl)cc1)c1ccncc1,4.342889785766602,5.719348430633545,5.031119108200073
CNC(=O)c1ccc2c(c1)N=C(c1ccccc1)C(C)=2,,,
O=c1cc(-c2ccc(F)cc2)oc2ccccc12,4.72752571105957,4.9219069480896,4.824716329574585
CCCc1cc(O)nc2ccc3cc1-2,,,
Oc1cccc(Cl)c1-c1cc(-c2ccccn2)no1,5.085655689239502,4.322817802429199,4.704236745834351
CC(=O)OC1CCC2(C)C(CCC3C2CCC2(C)C(=O)O3)C1,,,
COc1ccc(-c2c3c(=O)n(C)c(=O)n(C)c3c3n2C)cc1,,,
Cc1ccc(C)c(S(=O)(=O)Nc2ccncc2)c1,5.168515205383301,4.00131368637085,4.584914445877075
Cc1cccc(C)c1-n1c(=O)c2cnc(Nc3cccnc3)nc2n2c3ccccc3nc12,5.074182987213135,4.52890682220459,4.801544904708862
CN1N=C(c2ccccc2)CC1c1ccc(Cl)cc1,6.301244258880615,5.912454605102539,6.106849431991577
CC(C)(C)C(=O)OCOC(=O)C1N2C(=O)C(NC(=O)Oc3ccccc3)C2SC1(C)C,6.486872673034668,4.620643138885498,5.553757905960083
c1coc(-c2ccc3ccccc3c2)c1,3.499913215637207,5.743336200714111,4.621624708175659
O=[N+]([O-])c1ccc(-c2nc(-c3ccc(F)cc3)c(-c3ccncc3)[nH]2)cc1,5.698388576507568,5.5756707191467285,5.637029647827148
ON=C(O)c1ccc(-c2ccc(CN3CCOCC3)cc2)o1,4.32547664642334,4.398017883300781,4.3617472648620605
COc1ccc2[nH]c(C)c(CCNC(C)=O)c2c1,4.860561370849609,4.894254207611084,4.877407789230347
COC(=O)c1ccsc1NC(=O)c1ccc(C)c(S(=O)(=O)N2CCCC2)c1,7.177635669708252,5.108335018157959,6.1429853439331055
CNC(=O)C=Cc1cnc(N)c2c(-c3cc(F)c4[nH]c(C)cc4c3)csc12,6.576230049133301,5.088475227355957,5.832352638244629
CCn1nccc1C(=O)Nc1nc2ccccc2[nH]1,5.507023811340332,4.6589789390563965,5.083001375198364
NC(=O)COc1ccc2c(c1)OC(=O)C1CCCC=C21,4.361059188842773,6.176042556762695,5.268550872802734
Cc1ccc(C(C)C=CC2CC(O)CC(=[N+]3CCSCC3)C2)cc1,4.859579086303711,4.463504791259766,4.661541938781738
COc1cc2c(cc1OC)C(=O)C(Cc1ccc(Cl)cc1)O2,6.767001152038574,5.188590049743652,5.977795600891113
CC(C)=CCCC1(C)C=Cc2cc(O)ccc2O1,4.775949954986572,4.243563652038574,4.509756803512573
CN(CCC1CCOCC1)C(=O)C=Cc1cc2c(cc1[N+](=O)[O-])OCO2,5.048999309539795,5.748935699462891,5.398967504501343
COc1cc(-c2ccc3c(=O)n(C)c(=O)n(C)c3c2)ccc1O,6.197394847869873,5.758304595947266,5.977849721908569
CCc1cc(OCc2cccc(C)c2)ccc1OCCCC#N,4.132769107818604,6.625461101531982,5.379115104675293
O=C1ON=C(c2ccccc2)C1=Cc1ccc2c(c1)OCO2,6.101457595825195,5.730625152587891,5.916041374206543
N#CCCn1nc(-c2cccc(OCc3ccccc3)c2)oc1=S,5.912879943847656,6.512069225311279,6.212474584579468
O=C1NC(=O)C(=Cc2ccccc2Br)S1,4.971087455749512,5.385204792022705,5.178146123886108
O=c1cc(-c2ccccc2)oc2cc(O)cc(O)c12,4.240597248077393,3.973161220550537,4.106879234313965
O=C(c1cc(-c2ccc(F)cc2)on1)N1CCCCC1,5.837710857391357,5.758856773376465,5.798283815383911
O=C(CCCc1ccccc1)NCCC1=CCCCC1,5.291371822357178,3.985379695892334,4.638375759124756
CC1(C)OCC(Oc2ccccc2Cl)C1(O)CO,5.083876609802246,6.4801130294799805,5.781994819641113
COc1ccc(C2=NN(CCCCCCCNCC(O)c3ccc(O)c(CO)c3)C(=O)C3CCCCC23)cc1,5.764816284179688,5.2832770347595215,5.5240466594696045
Oc1[nH]cc2c(-c3ccc(CN4CCCCC4)cc3)cccc12,5.535153388977051,4.890457630157471,5.212805509567261
C#CC1(O)CCC2C3CC=C4CC(=O)CCC4C3CCC21C,4.840851783752441,8.654412269592285,6.747632026672363
c1ccc2c(-c3ccncc3)c[nH]c2c1,3.877117156982422,5.8323259353637695,4.854721546173096
CCCCCCCCCCCCCOCC=CCCCC(=O)NCCC,5.137175559997559,5.973269462585449,5.555222511291504
CCN(CC)CCOC(=O)C1(C2CCCCC2)CCCCC1,5.1109700202941895,4.72144889831543,4.91620945930481
Cn1c(COC(=O)c2cc(F)ccc2N)nc2ccccc21,5.904715538024902,4.314662933349609,5.109689235687256
O=C(O)CC(Cc1ccccc1)NC(=O)Cn1cc(C=NNC(=O)c2ccc3c(c2)OCO3)nn1,5.284055709838867,3.49434232711792,4.3891990184783936
CC(=O)C1(O)Cc2c(O)c3c(c(O)c2C(OC2CC(O)C(O)C(O)C2)C1)C(=O)c1c(O)cc(O)cc1C3=O,6.45966386795044,3.7364773750305176,5.0980706214904785
O=C(NCCCC1CCN(Cc2ccccc2)CC1)Nc1c(F)cccc1F,6.5545268058776855,4.334799766540527,5.4446632862091064
CCN1CCN(C(=O)C(CC(C)C)NC(=O)c2ccc(OC)c(OC)c2)CC1,5.274542331695557,3.7521955966949454,4.5133689641952515
CC(C)c1ccc(OCc2ccc(C(=O)N3CCC(O)CC3)o2)cc1,5.174614429473877,4.912874698638916,5.0437445640563965
O=C1CCCCC1=Cc1ccc2c(c1)OCO2,4.776270866394043,6.229243278503418,5.5027570724487305
COc1cc(C(=O)NN=Cc2cc([N+](=O)[O-])ccc2O)cc(OC)c1OC,5.900599956512451,3.5638575553894043,4.732228755950928
O=C(CNCCCCCCCCCCNc1c2c(nc3cc(Cl)ccc13)CCCC2)Nc1cc(O)cc(Cl)c1,8.591468811035156,4.519537925720215,6.5555033683776855
Cc1cccc(NC(=O)CCc2cccc(N3CCCC3=O)c2)c1,5.841186046600342,5.421955585479736,5.631570816040039
O=C(O)c1cccc(CN2C(=O)N(c3ccc(Cl)cc3)C(=O)c3ccccc32)c1,5.673172473907471,5.718539714813232,5.695856094360352
CCN1N=C(c2ccccc2)CC1c1ccc(OC(F)(F)F)c(C(=O)OC)c1,6.667691230773926,5.544974327087402,6.106332778930664
O=C1c2ccccc2-c2nnc(-c3ccc(F)cc3)cc21,5.582317352294922,6.205568313598633,5.893942832946777
COc1cc(Nc2nccc(-c3cnn4ncccc34)n2)cc(OC)c1OC,4.62484073638916,4.485172271728516,4.555006504058838
O=C1CC(=NC2CCCC2)c2ccccc2O1,6.266895294189453,4.996881484985352,5.631888389587402
COc1ccc(-c2nc(NCc3ccccc3)c3ccccc3n2)cc1,4.745023250579834,4.147046089172363,4.446034669876099
CC(C)c1ccc(NC(=O)Nc2cccs2)cc1,5.404664516448975,4.539794921875,4.972229719161987
O=C1NC(=O)c2c1c1c3ccccc3oc1ccccc3c21,,,
O=C1c2ccc([N+](=O)[O-])cc2-[n+]2ccc3c(c21)OCO3,5.271124362945557,5.5315423011779785,5.401333332061768
CCc1ccc(C=C2C(=O)ON=C2c2ccc(Br)cc2)o1,5.820025444030762,6.3604230880737305,6.090224266052246
CCN=C1N=C(Cc2ccc(OCCOC)cc2)C(=O)N1c1cccc(C(F)(F)F)c1,6.125983238220215,6.588338851928711,6.357161045074463
O=C1NC(=O)C2=C1c1cn(c3ccccc13)CCCc1ccc(c(N3CCCC3)n1)CCCn1cc2c2ccccc21,4.698546409606934,5.642670154571533,5.170608282089233
CC1=CC(=O)OC1c1ccc(OC(=O)c2ccco2)cc1,5.286211490631104,4.953235149383545,5.119723320007324
CC(C)=CC=CC1=CC(=O)C=C1,2.4495348930358887,5.497393608093262,3.973464250564575
COc1cc(OC)c(C=C2C(=O)Nc3ccccc32)c(OC)c1,6.351840972900391,4.916623115539551,5.634232044219971
O=C1NC(=O)C(=Cc2ccc(OCCC3CCN(Cc4ccccc4)CC3)cc2)S1,6.335951328277588,5.3375630378723145,5.836757183074951
CC(CN1CCN(CCOc2ccc(C#N)cc2)CC1)NC(=O)c1cccc(Cl)c1,4.732795238494873,4.515146255493164,4.6239707469940186
CC(=O)c1ccc2c(c1)C1C=CCC1C(C(=O)O)N2,4.371211528778076,6.337253570556641,5.354232549667358
CC(=O)OCC1OC(ON=CC=Cc2ccccc2)C=CC1OC(C)=O,4.266696453094482,4.445337772369385,4.356017112731934
CC1CCN(Cc2ccccc2)CC1,6.907466888427734,2.225477933883667,4.566472411155701
O=C(C=Cc1ccc([N+](=O)[O-])cc1)N1CCc2ccccc21,4.931251049041748,5.756800651550293,5.3440258502960205
CCc1ccc(CCC(C)NCC(O)COc2ccc3c(c2)CCC3)cc1,4.747354030609131,4.866801261901856,4.807077646255493
N#Cc1cccc(-c2ccc3cc(C(=O)O)oc3c2)c1,4.977811813354492,6.150134086608887,5.5639729499816895
CC=CCNc1ncnc2c1ncn2C1OC(CO)C(O)C1O,4.924172878265381,4.395203590393066,4.659688234329224
COc1cc(C=Cc2cccc3cccnc23)ccc1O,4.211363792419434,6.126774787902832,5.169069290161133
O=C1NC(=O)C(=Cc2ccc3c(c2)OC(F)(F)O3)S1,6.796452045440674,4.5288615226745605,5.662656784057617
CC(=O)N=C1CC(=O)Oc2cc(OCc3cccc(Cl)c3)ccc21,5.270475387573242,6.56347131729126,5.916973352432251
O=C1N=c2ccc3ncsc3c2=C1Cc1cnc[nH]1,4.856262683868408,5.061997890472412,4.95913028717041
CCCCCCCCCCCCCCNC(C)C(O)c1ccc(O)c2nc(O)ccc12,5.654823303222656,5.740593910217285,5.697708606719971
CCOCCn1c(=O)c(-c2ccccc2)nc2cnc(Nc3ccccc3)nc21,5.531457901000977,5.552896976470947,5.542177438735962
Cc1c(F)cccc1C(=O)NCCCCCNc1c2c(nc3ccccc13)CCCC2,8.151361465454102,4.546746730804443,6.3490540981292725
O=C(C=Cc1ccco1)NC1CCCC1,3.375675678253174,6.24687385559082,4.811274766921997
Cc1ccccc1NC(=O)Nc1ccc(Oc2ccnc3cc(F)ccc23)cc1,6.419751167297363,5.265961647033691,5.842856407165527
CC1=CC=CC1=O,2.5018398761749268,6.931453227996826,4.7166465520858765
Clc1cccc(-c2cnn3c(-c4ccccc4)ccnc23)c1,4.700505256652832,5.168236255645752,4.934370756149292
COc1ccc2[nH]c3c(c2c1)CN(C)CC3,4.424896240234375,5.125378608703613,4.775137424468994
Cc1ccc(C=C2COc3cccc(O)c3C2=O)o1,5.857389450073242,6.070688247680664,5.964038848876953
CCCCCCCCCCCC=S(O)(O)=Nc1cc(C)cc(C)c1,6.448398590087891,5.31238317489624,5.880390882492065
COC(=O)c1ccc(COc2ccc3ccoc3c2)o1,4.868089199066162,5.930864334106445,5.399476766586304
CS(=O)(O)=Nc1ccc([N+](=O)[O-])cc1O,5.835624694824219,4.469760417938232,5.152692556381226
COc1cc2c3c(nccc13)C(=O)C(=O)C2=O,,,
O=C1c2ccccc2-[n+]2ccc3c([nH]c4ccccc43)c21,4.619190692901611,5.365114688873291,4.992152690887451
CCCCCCCOc1ccc(NC(=O)ON=Cc2ccc(OC)cc2)cc1,5.196351528167725,5.501330375671387,5.348840951919556
COc1ccc2c(c1)C(=O)N(C)C(=O)N2Cc1ccc(OC(F)(F)F)cc1,6.0989089012146,5.591272830963135,5.845090866088867
CN(C)c1ccc(CC2=c3ccccc3=NC2=O)cc1,5.365333080291748,6.217818260192871,5.79157567024231
COc1cc(C=C2SC(=O)N(c3ccccc3F)C2=O)ccc1O,6.207948684692383,5.014141082763672,5.611044883728027
COc1cc(Oc2cc(C)nc(SC)n2)ccc1CCCO,5.026360988616943,6.823465824127197,5.92491340637207
O=C(O)C=Cc1cccc(-c2cccc3c2ccn3-c2ccc(C(=O)O)cc2)c1,4.571238040924072,6.808786392211914,5.690012216567993
CN1C(=O)C(=Cc2cccs2)C(=O)NC1=S,5.118620872497559,5.532540798187256,5.325580835342407
COc1ccc(C2Oc3cc(O)cc(O)c3CC2=O)cc1,4.5083184242248535,4.906440734863281,4.707379579544067
OCc1cccc(-c2ccc(OCCC3CCN(Cc4cccc(Cl)c4)CC3)cc2)c1,5.051977634429932,4.642298698425293,4.847138166427612
Cc1cccc(-c2c3c(=O)n(C)c(=O)n(C)c3c3n2-c2ccccc2NC3c2ccccc2)c1,5.010069847106934,5.054932117462158,5.032500982284546
COc1ccc(CN(C)Cc2ccc3c(c2)OCO3)c(OC)c1,5.481338024139404,4.164231777191162,4.822784900665283
O=C(O)c1cc(-c2cccs2)c2ccccc2n1,5.4331769943237305,4.313192367553711,4.873184680938721
Cc1cccc(N(C)c2ccnc(Nc3ccc(C(=O)N4CCC(C)CC4)cc3)n2)c1,6.118625164031982,5.103269577026367,5.610947370529175
CCCCC(=O)Nc1cccc(-c2nc3cc(C)c(C)cc3o2)c1,5.454046726226807,5.5796217918396,5.516834259033203
Nc1nonc1-n1nnc(C(=O)NN=Cc2cccs2)c1-c1cccs1,5.106016159057617,3.653502941131592,4.3797595500946045
CCC(=O)NCCc1ccc2c(c1)[nH]c(=O)n2C,5.7700629234313965,5.360071659088135,5.565067291259766
O=C(Nc1ccccc1)c1coc2ccccc2c1=O,5.997245788574219,5.723361968994141,5.86030387878418
Cc1ccc(NC(=O)CC2SCCN2C(=O)COc2ccccc2)c(Cl)c1,5.999220371246338,5.2203569412231445,5.609788656234741
CC(=O)N1CCN(c2ccc(OCC3COC(Cn4cncn4)(c4ccc(Cl)cc4Cl)O3)cc2)CC1,5.503320693969727,5.825406074523926,5.664363384246826
COc1cc(C=NNc2nc(-c3ccccc3)cs2)ccc1O,4.915262222290039,4.209636688232422,4.5624494552612305
CC(C)(C)NC(=O)c1ccc2nc3[nH]c4ccccc4c3nc2c1,4.692178726196289,3.896817684173584,4.2944982051849365
COc1ccccc1C1(O)CCN(CCC=Cc2ccccc2)CC1,4.408578395843506,4.268133640289307,4.338356018066406
COc1cc2c(cc1OC)C(c1ccccc1)=NCC2,5.422498226165772,4.788230895996094,5.105364561080933
O=C(NN=Cc1cccc(OC(F)(F)F)c1)c1cc(-c2ccccc2)no1,6.08888578414917,5.301477432250977,5.695181608200073
O=C(NC1CCCCC1)c1ccncc1Cl,4.150531768798828,5.182368278503418,4.666450023651123
O=C(c1ccc(Cl)cc1)N1CCOCC1,4.127413272857666,4.600225925445557,4.363819599151611
N=C1C(=O)C(=O)C1=Nc1ccc([N+](=O)[O-])cc1O,5.35850191116333,4.65739631652832,5.007949113845825
O=C(c1ccccc1)c1ccc(N2CCOCC2)cc1O,4.701196193695068,5.430388450622559,5.0657923221588135
COc1cccc2c1-c1ccc(N=S(C)(=O)O)cc1C2,5.984738349914551,4.49554967880249,5.2401440143585205
O=C(O)COc1ccc(Br)cc1C(=O)c1cccnc1,4.1754231452941895,4.711539268493652,4.443481206893921
COc1ccccc1N1CCN(CCCCN=C2CC(c3ccccc3)=NN(C)C2=O)CC1,5.672555446624756,5.077111721038818,5.374833583831787
CCS(=O)(=O)c1ccc2c(c1)C(=Cc1cc3c([nH]1)CCN(C)C3)C(=O)N2,6.227923393249512,5.525238990783691,5.876581192016602
O=C(c1ccc(Cl)c(Cl)c1)N1CCn2c(nnc2C2CC2)C1,5.8015313148498535,5.271474838256836,5.536503076553345
O=C(c1ccco1)N1N=C(c2ccc(Cl)cc2)CC1c1cccc(O)c1,6.773425102233887,4.565125942230225,5.669275522232056
Oc1n[nH]c2nnc(-c3c(-c4ccccc4)nn4ccccc34)cc12,5.14464807510376,3.8148770332336426,4.479762554168701
O=C(CCC1CCCO1)Oc1ccc2ccccc2c1,5.832358360290527,5.323184490203857,5.577771425247192
c1cnc2nc3c(c(N4CCCC4)n2c1)CCCC3,,,
Cc1nc(-c2ccccc2)c(-c2ccc(C)cc2)o1,5.111989974975586,5.164215087890625,5.1381025314331055
O=C1NC(=O)C2=C1c1cn(c3ccccc13)CCOCCOCCn1cc2c2ccccc21,4.646839141845703,5.294315814971924,4.9705774784088135
COc1cc2c(cc1OC)C1=NOC(CN3CCN(CC(C)=Cc4ccccc4)CC3)C1CO2,6.703359603881836,4.614506721496582,5.658933162689209
CCCCCOc1ccc(C(=O)NC2CCCCC2)cc1,4.676445007324219,5.394155502319336,5.035300254821777
CC#CCOc1cc2c(cc1C)C(=NO)c1ccccc1-2,3.5934929847717285,6.159807205200195,4.876650094985962
O[N+]([O-])c1ccc(COc2ccc(C=CC3NCCc4ccccc43)cc2)cc1,4.862939357757568,6.5469069480896,5.704923152923584
O=C1C(=O)c2cc(C(=O)OCCO)ccc2C1=O,5.5993428230285645,4.550868988037109,5.075105905532837
Cc1ccc(-c2csc(NC(=O)C3=COCCO3)n2)cc1,5.385542392730713,5.613358497619629,5.499450445175171
N#Cc1ccc(-c2ccc(CSc3nnc(-c4ccc5c(c4)OCO5)o3)cc2)cc1,6.248748302459717,6.732844352722168,6.490796327590942
Cc1ccc(Cc2nc3ccccc3[nH]2)cc1,5.271821975708008,3.713148593902588,4.492485284805298
O=C(CCCCCN1C(=O)c2cccc3cccc(c23)C1=O)Nc1ccccc1OC(F)F,6.529902458190918,5.865273475646973,6.197587966918945
O=C(NCc1ccccc1)c1cc2ccccc2c(O)n1,5.347921371459961,4.870351791381836,5.109136581420898
COc1ccc(-c2nc(C#N)c(N3CCC(C(N)=O)CC3)o2)cc1,5.714071273803711,5.098820209503174,5.406445741653442
O=c1oc2ccccc2cc1-c1nnc(-c2ccc(F)cc2)o1,6.55964994430542,6.47651481628418,6.5180823802948
CCN(CC)CC#CCOC(=O)c1ccc2c(c1)OCO2,4.084068298339844,5.215014457702637,4.64954137802124
CSc1ccc(C=C2COc3cc(OCCCCCN4CC(C)OC(C)C4)ccc3C2=O)cc1,5.769192695617676,5.444347381591797,5.606770038604736
CNC(=O)Oc1ccc2c(c1)C1(C)CCN(C)C1N2C,7.130908012390137,5.488977909088135,6.309942960739136
COc1cc2c(cc1OC)C(C)N(C(=O)c1cccc(OC)c1)CC2,5.720547676086426,4.05515718460083,4.887852430343628
N#Cc1ccc(-c2cccc3ccccc23)cc1O,3.3781614303588867,6.877597332000732,5.12787938117981
CCn1c(SCC(=O)Nc2cccc3ccccc23)nnc1-c1ccncc1,6.450743198394775,5.164614677429199,5.807678937911987
Cc1cccc(C2CC(c3cccs3)=NN2C(=S)Nc2ccccc2)c1,6.529378890991211,3.750455856323242,5.139917373657227
Cc1ccc2nc3c(O)n(CCCCCSc4ccc(Cl)cc4)ccc-3nc2c1,,,
CCCCc1ccc2nc(NC(=O)c3ccoc3C)sc2c1,5.968319892883301,6.4465742111206055,6.207447052001953
COc1cccc(C=C2SC(=O)N(CCCC(=O)Nc3cccc(C(=O)O)c3)C2=O)c1,6.341923713684082,5.656560897827148,5.999242305755615
COC(=O)c1ccc2c(c1)OCCc1cc(C(=O)N(C)C3CCCCC3)ccc1-2,4.233307838439941,4.863192558288574,4.548250198364258
CC1CCCCOC(CN(C)Cc2ccc(Cl)cc2)C(C)CN(C(C)CO)C(=O)c2cc(NC(=O)Nc3ccc(F)cc3)ccc2O1,5.529172420501709,4.9459991455078125,5.237585783004761
Nc1ccc2oc(N3CCCC(C(=O)c4ccccc4)C3)nc2c1,6.202295303344727,4.672703266143799,5.437499284744263
O=C1CCC2(O)C3Cc4ccc(O)c5c4C2(CCN3CC2CC2)C1O5,6.8007354736328125,6.528553009033203,6.664644241333008
O=C(Nc1cnn(Cc2ccccc2Cl)c1)c1sc2ccc(F)cc2c1Cl,6.050400733947754,5.135931968688965,5.593166351318359
CC12CCC3C(CCC4CCC34)C1=CCC2C1(C)C,,,
O=C(CCCc1ccc(Cl)cc1)c1ccc2c(c1)OCCCO2,4.537454605102539,5.487999439239502,5.0127270221710205
Cc1cccc(-c2oc3ncn4nnc(O)c3c2-c2ccc3ccccc3c2)c1,,,
O=C(NCCCNc1nc(Nc2cccc(F)c2)ncc1Br)c1ccccc1,5.90317440032959,5.350265502929688,5.626719951629639
N#CC1=C2SCCN2C(=O)CC1c1cccc(Cl)c1,7.0267205238342285,6.76431131362915,6.8955159187316895
NC(=O)CCCNCc1cccc(CCCCOc2ccc3c(c2)OC(=CC(=O)O3)C(=O)N3CCc4ccccc4C3)c1,5.541615009307861,5.600096702575684,5.5708558559417725
N#Cc1cc(F)cc2c1OC(C(F)(F)F)C(Cl)(F)F,,,
Cc1cccc(C=Cc2cc[n+](C)cc2)c1,3.64296293258667,4.786401748657227,4.214682340621948
COc1cc2nc(N(C)CCCCCCCN(C)C(=O)c3ccc(CCl)cc3)nc(N)c2cc1OC,6.273193836212158,5.218863487243652,5.746028661727905
O=C(NCC1CCN(CC2CC2)CC1)c1cc2ccccc2oc1=O,7.339016914367676,4.355479717254639,5.847248315811157
COc1ccc(C=C2SC(=S)N(CCCC(=O)Nc3ccccc3C(=O)O)C2=O)cc1,6.216643333435059,5.358956813812256,5.787800073623657
Cc1ccc(-c2nn(-c3ccccc3)cc2C=NNC(=O)c2ccccc2)o1,5.415279388427734,3.825122356414795,4.620200872421265
O=C(O)C1CC(=O)C(=NO)C(O)N1,3.22622299194336,2.168424606323242,2.697323799133301
CN(C)c1ccc(-c2nc3ncccc3o2)cc1,4.834270477294922,6.3190083503723145,5.576639413833618
c1ccc2c(-c3ccoc3)c[nH]c2c1,4.218520164489746,5.975210189819336,5.096865177154541
C[N+]1(C)CCCC1c1ccc(C(c2ccccc2)c2ccccc2)o1,4.172143936157227,3.598987102508545,3.8855655193328857
O=C(COc1cccc2[nH]cc(Sc3ccccc3)c12)Nc1cccnc1,4.935953617095947,4.5459065437316895,4.740930080413818
CC1CCC(=NNc2nc(-c3ccc(F)cc3)cs2)CC1,5.875280857086182,7.057269096374512,6.466274976730347
CC1CC(O)(CC(=O)O)c2cc(Cl)ccc2O1,3.7324893474578857,3.764843463897705,3.7486664056777954
COc1ccc2c(Cl)c(C(=O)NN=C3C(=O)Nc4ccccc43)sc2c1,5.868866443634033,4.2527570724487305,5.060811758041382
O=C1CC(=O)c2c(O)cc(O)cc2O1,6.030725479125977,3.5470333099365234,4.78887939453125
CN1CCN(c2ccc3oc(-c4ccc(Cl)cc4)nc3c2)CC1,5.145766258239746,6.093916416168213,5.6198413372039795
Cn1c(CCN2CCCC2)nc2cc(NC(=O)Cc3cccs3)ccc21,6.572583198547363,4.890741348266602,5.731662273406982
Nc1ccc(-c2nc3ccc([N+](=O)[O-])cc3[nH]2)cc1,5.774899005889893,4.369841575622559,5.072370290756226
NC(=O)c1c(NC(=O)c2ccc(F)cc2)sc2c1CCCC2,6.888363361358643,5.4359211921691895,6.162142276763916
O=C(O)COc1ccc(C=Cc2ccc(-c3ccccc3)cc2)cc1,4.124571800231934,6.4914655685424805,5.308018684387207
CC1=CC2Cc3nc4cc(Cl)ccc4c(NCCCCCCCNC(=O)OC(C)(C)C)c3C(C1)C2,7.329651355743408,3.6114656925201416,5.470558524131775
c1ccc(COc2ccc(Nc3ncnc4ccccc34)cc2)cc1,4.511588096618652,5.496107578277588,5.00384783744812
COC(=O)COc1ccc2c(=O)c3ccccc3oc2c1,5.214592933654785,5.317441940307617,5.266017436981201
O=C(O)c1ccc(-c2ccc([N+](=O)[O-])cc2)o1,6.015441417694092,5.195539474487305,5.605490446090698
COc1ccc(NC(=O)N2CCCC2c2cccs2)cc1OC,5.896461009979248,4.526601791381836,5.211531400680542
NC(=O)c1cc(Cl)cc2[nH]c(-c3ccc(C4CCCNC4)cc3F)nc12,6.511966705322266,5.606093406677246,6.059030055999756
CC1=CC(C)(C)N2C(=O)C(=NOC(C)C)c3cc(C)ccc32,,,
CC1=CC2OC3CC4OC(=O)C=CC=CC=CC(=O)OCC(CO)OCC3C2O1,,,
CC(=O)Nc1cccc(-c2nnc(-c3ccc(C(C)=O)cc3)o2)c1,5.308594226837158,5.63219165802002,5.470392942428589
COc1ccc(S(=O)(=O)NC2=NCC(C)(C)CS2)cc1,5.776885032653809,4.973010540008545,5.374947786331177
O=C(O)c1sc2c(Cl)cccc2c1Cl,5.584857940673828,3.6598093509674072,4.622333645820618
Cc1nc(C)c(-c2ccc3occc(=O)c3c2)s1,5.353091716766357,5.839461803436279,5.596276760101318
O=C(Cc1ccc(-c2ccccc2F)cc1)Nc1cccnc1,4.74324893951416,4.746379375457764,4.744814157485962
COc1ccc(N2N=C(Sc3ccccc3)CC(C)C2=O)cc1,6.996804237365723,4.7488789558410645,5.8728415966033936
CC(=O)OCCn1nc(-c2ccc(Br)cc2)oc1=O,5.29430103302002,6.349469661712647,5.821885347366334
CCN1CCC2(C)c3cc(OC(=O)NC4CCCCC4)ccc3N(C)C12,5.540364742279053,5.3016676902771,5.421016216278076
O=S(=O)(Nc1ccc(F)cc1)c1ccc2ncsc2c1,5.163545608520508,5.652534484863281,5.4080400466918945
CCN(CC)CCNc1ccc2cc1OCCO2,4.317048072814941,4.888153076171875,4.602600574493408
O=C1NN=C(Cc2ccc(F)c(C(=O)N3CCN(c4ncccn4)CC3)c2)C2CCC=CC12,5.562126159667969,5.878713130950928,5.720419645309448
CC(=O)Nc1nc2ccc([N+](=O)[O-])cc2s1,4.78236198425293,5.156229972839356,4.969295978546143
CCOc1ccc2c(C)c(C(=O)OCCCCCCC(=O)Nc3cc(C)on3)sc2c1,6.066232681274414,6.274126529693604,6.170179605484009
Cn1sc(=O)n(Cc2cccc(F)c2)c1=O,5.984747886657715,6.4385480880737305,6.211647987365723
O=C(O)C=C(c1ccccc1)c1ccc(OCCc2ccc3ccccc3n2)cc1,4.589237213134766,5.494178771972656,5.041707992553711
OC1(c2cccc(C(F)(F)F)c2)CCN(Cc2cccc(-c3nc(C4CC4)no3)c2)CC1,5.768705368041992,6.525679588317871,6.147192478179932
COc1cccc(CCNC(=O)c2cc3c(-c4ccccc4)[nH]nc3s2)c1,6.021097660064697,5.1439208984375,5.582509279251099
CN(C)C(=O)Cc1cc(=O)oc2cc(OCc3cccc([N+](=O)[O-])c3)ccc12,4.92615270614624,6.726626873016357,5.826389789581299
O=C(C[n+]1cccc2ccccc21)c1ccc(Cl)c(Cl)c1,4.251584529876709,5.583765029907227,4.917674779891968
O=c1cc(C(F)(F)F)oc2c(OCCCc3ccccc3)c(Br)ccc12,5.8187127113342285,5.66355037689209,5.741131544113159
CCOC(=O)C1CCN(S(=O)(=O)c2ccc(C(=O)NCc3ccccc3)cc2)CC1,6.242620468139648,4.6095805168151855,5.426100492477417
O=C(NCC1CCCO1)c1ccc(C=S(O)c2ccc(Cl)cc2)cc1,5.311675548553467,5.106444835662842,5.209060192108154
CC1(C)CC(=O)c2coc3cc(OC(=O)C4C(=O)N(c5ccc(Cl)cc5)C4=O)ccc3c2=O1,,,
Cc1cccc(C2=NN(CCCCOc3ccc(C4CCCCC4)cc3)C(=O)C3CCCCC23)c1,5.878455638885498,6.309947967529297,6.0942018032073975
COc1cccc(NC(=O)C=Cc2ccc3c(c2)OCO3)c1,5.124265670776367,5.539486885070801,5.331876277923584
c1ccc2c(c1)nnn2Cc1cn(-c2ccc3[nH]ccc3c2)nn1,6.016176700592041,4.01233434677124,5.014255523681641
CC(=O)N1CC=C(c2ccc(OCCCN3CCCCC3)cc2)CC1,5.532541751861572,4.956679344177246,5.244610548019409
CN1C(=N)C(C(=O)COC(=O)C=COc2ccc(Cl)c(C(=O)c3cccc(Cl)c3)c2)C(=O)N(C)C1=O,5.279002666473389,5.150351524353027,5.214677095413208
O=C(COC(=O)c1cc2ccccc2oc1=O)NCc1ccccc1,5.84056282043457,5.422191143035889,5.6313769817352295
CC(=O)c1ccc(-c2sc3cc(O)ccc3n2)cc1,5.636373043060303,4.84160041809082,5.2389867305755615
O=C(O)c1ccc(SCC(=O)Nc2cccc(Nc3ccc4c(c3)CCC4)c2)cc1,5.293542385101318,5.460851192474365,5.377196788787842
O=C(C=Cc1ccc(O)c(O)c1)OC1CC(O)(C(=O)O)C(OC2CCCC2)O1,5.117815971374512,4.894279003143311,5.006047487258911
CC1CN(Cc2ccc3c(c2)OCO3)CC(C)O1,5.4408278465271,3.768402099609375,4.604614973068237
Cc1c(-c2ccc3n[nH]c(N)c3c2)nnn1Cc1ccccc1,6.133000373840332,3.211999893188477,4.672500133514404
Nc1cc(O)cc(CSc2nc3ccccc3s2)c1,4.6599884033203125,4.336728096008301,4.498358249664307
O=C(O)CCCCCCC(=O)Nc1ccc(C2=NCCN2)cc1,6.022732257843018,5.177868843078613,5.600300550460815
O=C(O)c1ccc(-c2ccc(C=C3SC(=S)N(CCO)C3=O)o2)cc1,6.645816802978516,5.417762756347656,6.031789779663086
CN(C)c1ccc(C=CC2=[N+](C)C(C)(C)c3ccccc32)cc1,6.121715545654297,5.979876518249512,6.050796031951904
N#CCCCCCCCCNC(=O)c1cc(F)ccc1F,6.548498153686523,5.716893196105957,6.13269567489624
O=C(C=Cc1ccccc1)Nc1cccc(Cl)c1,4.043120384216309,5.98514461517334,5.014132499694824
COC(=O)C1C(C#N)=C2CN(Cc3cccc(Cl)c3)C(=O)C2C1c1ccc(F)cc1,5.006200790405273,6.978625774383545,5.992413282394409
O=c1oc2ccc(O)cc2cc1-c1nc2ccccc2[nH]1,5.926040649414063,4.803308010101318,5.36467432975769
O=C1CCc2cc(O)c(O)c(O)c2C1=O,6.502391815185547,5.333552837371826,5.9179723262786865
Cc1ccc(NC(=O)CN2CCCC2=O)cc1C,5.968553066253662,4.890586853027344,5.429569959640503
O=C(CCc1c[nH]c2ccccc12)NCC1(c2ccc(F)cc2)CCCC1,5.260936737060547,5.4783854484558105,5.369661092758179
Nc1ccc2c(c1)CCc1ccc(OCCCCN3CCCCC3)cc1C2=O,5.979716300964356,5.063295841217041,5.521506071090698
O=C(C=Cc1ccccc1)Nc1ccccc1O,4.929720878601074,6.119511604309082,5.524616241455078
COc1cc2c(cc1OC)C(=O)C(Oc1ccc(CCN3CCN(C)CC3)cc1)C2,6.139602184295654,4.704735279083252,5.422168731689453
CNC(=O)Oc1cccc(CN(C)CCCOc2ccc3c(c2)OC(=Cc2ccc(O)c(O)c2)C3=O)c1,8.066890716552734,5.912732124328613,6.989811420440674
Clc1ccc(COC(Cn2ccnc2)c2ccc(Cl)cc2Cl)c(Cl)c1,4.2125244140625,6.488796234130859,5.35066032409668
O=[N+]([O-])c1ccc2c(c1)S(=O)(=O)O2,6.388031482696533,5.04203462600708,5.715033054351807
Oc1nc2cc(Cl)ccc2c(O)c1-c1ccccc1,5.352195262908936,5.603109359741211,5.477652311325073
COc1ccc2c(=O)c(-c3ccccc3)c(-c3ccccc3)oc2c1,5.18114185333252,4.555123329162598,4.868132591247559
CC1CCCCOc2cc(CCC(N)=O)ccc21,4.610529899597168,4.98358154296875,4.797055721282959
CN1C(=O)CC(=NC2CCCCC2)c2c3ccccc3c(O)c3cccc1c23,6.018695831298828,5.061102867126465,5.5398993492126465
CC(C)(C)c1ccc(NCc2ccc3c(c2)OCO3)cc1,3.973776817321777,4.235142230987549,4.104459524154663
CCOC(=O)CNC(=O)C(=O)C(COCc1ccc(OC)cc1)NC(=O)C(CC(C)C)NC(=O)CCCCCCCC,4.597048282623291,4.876906871795654,4.736977577209473
Oc1oc2ccc(OCCCc3ccccc3)cc2c2c1CCCC2,,,
O=C(NC1CCCCC1)c1ccc(C=S(O)c2ccccc2)cc1,4.585312843322754,4.819326877593994,4.702319860458374
Cc1nccn2c(-c3ccnc(NCC4(O)CC4)n3)c(-c3ccc(F)cc3F)nc12,6.060174465179443,5.740246772766113,5.900210618972778
O=C1C=C(N(CCF)C2CCCCC2)C(=O)c2ccccc21,4.842103958129883,5.623507499694824,5.2328057289123535
Cc1oc2cc(OC(=O)N(C)C)ccc2c(=O)c1-c1ccc(F)cc1,6.4739670753479,5.364922523498535,5.919444799423218
CN=C1N=C(Cc2c[nH]c3ccccc23)C(=O)N1,4.99214506149292,4.939859867095947,4.966002464294434
C#CCN(C)C(C)Cc1ccccc1,4.207381248474121,6.7008585929870605,5.454119920730591
O=C(C=C1CC(O)CC(=O)C1)Nc1ccccc1,4.540673732757568,4.994673252105713,4.767673492431641
COc1ccc2[nH]c(=O)c(CCN(C)C)sc2c1,,,
Nc1ccccc1C(=O)c1ccc(N2CCOCC2)cc1,5.402710437774658,5.057609081268311,5.230159759521484
COc1ccc2c(c1)OC(=O)CC2=CN1CCN(c2ccccc2OC)CC1,5.25638484954834,4.755610942840576,5.005997896194458
Fc1ccc2c(NCCCCCCN3CCOCC3)c3c(nc2c1)CCCC3,8.379037857055664,4.351985454559326,6.365511655807495
O=C(O)C1=Cc2cc(Cl)cc(Cl)c2OC1CN1CCC(C(=O)c2ccc(F)cc2)CC1,5.100925445556641,5.359595775604248,5.230260610580444
CC=C1CC=C2CC(=O)CCC2(C)C2CCC3(C)C(CCC4C5(C)CCC(O)C(C)(C)C5CCC43C)C12,4.695104122161865,8.24903392791748,6.472069025039673
CC(C)(C)NC1=NN=C(c2cc3ccccc3s2)CS1,5.17979097366333,4.821735382080078,5.000763177871704
Cc1c(C(=O)NCC2CCCO2)oc2c(C)cccc12,7.467037200927734,4.428103446960449,5.947570323944092
CCN(CC)C(=O)NC1=NC(=O)C(Cc2c[nH]c3ccccc23)=C1,5.458598136901856,5.0339765548706055,5.2462873458862305
O=C(Nc1ccccc1)c1ccccc1-c1ccccc1,4.766236305236816,5.066530704498291,4.916383504867554
O=C(O)c1ccc(N=Nc2c(Cl)cccc2Cl)cc1,5.542610168457031,5.043704032897949,5.29315710067749
COc1cc2c(c3cc(OC)c(OC)cc13)C(=O)N(c1ccc(F)cc1F)C2=O,6.2369256019592285,5.375640392303467,5.806282997131348
Cc1cccc(CNC(=O)c2cc3ccc(O)cc3oc2=O)c1,6.198573589324951,5.201121330261231,5.699847459793091
COc1cc2c(cc1OC)C(=O)C(Oc1ccc(C(=O)c3ccccc3)cc1)C2,6.953240394592285,4.449491024017334,5.70136570930481
CC1=CC2OC3CC4OC(=O)C=CC=CC(C)O)OCCC4(C)C3(F)C(O)CC2(C)C1O,,,
COc1cccc(-c2ccc3c(c2)CC(=O)N3C)c1,5.513418674468994,6.538373947143555,6.025896310806274
Cc1cccc2cc(-c3ccncc3)c(=O)[nH]c12,5.150914669036865,6.061192512512207,5.606053590774536
CCCCNC1CCc2ccc(O)cc2C1,4.769952297210693,3.4662601947784424,4.118106245994568
O=C(Nc1ccccc1)Nc1ccc2c(c1)OCO2,5.523930549621582,4.774852275848389,5.149391412734985
COc1ccc2nc(O)c(CN(Cc3cccnc3)C(=O)NCCCCCCNc3c4c(nc5cc(Cl)ccc35)CCCC4)cc2c1,7.925076484680176,4.5756378173828125,6.250357151031494
O=C1C(=Cc2cccc([N+](=O)[O-])c2)CCc2ccccc21,4.659074783325195,6.804933071136475,5.732003927230835
CN1CCN(CC2CNC(=O)c3cc(-c4ccccc4)ccc32)CC1,5.111933708190918,4.957761764526367,5.034847736358643
COc1cc2cc(CN(C)C)c(=O)oc2cc1OC,5.729785442352295,4.636022567749023,5.182904005050659
CN1N=C(N)c2cn(C3OC(CO)C(O)C3O)c3ncnc1c23,6.084883689880371,3.4663290977478027,4.775606393814087
CN(C)C(=O)CCN1CCN(c2ccc(C(F)(F)F)c(C3=C(c4c[nH]c5ccccc45)C(=O)NC3=O)c2)CC1,5.50892972946167,5.409057140350342,5.458993434906006
COc1cccc(C(=O)Nc2c(C#N)sc3ccc(Cl)c(Cl)c23)c1,6.045210361480713,4.663425922393799,5.354318141937256
CCN(CC)c1ccc(C=CC(=O)C=Cc2ccccc2)cc1,3.932581901550293,6.055107116699219,4.993844509124756
O=C(c1cccc(Br)c1)N1N=C(C2CCCCC2)CC1c1ccccc1,6.305640697479248,5.314455032348633,5.81004786491394
CC(=O)NCC(=O)N1C2CCC1c1cc(Nc3ncc(C(F)(F)F)c(NC4CCC4)n3)ccc12,5.131231307983398,5.910717487335205,5.520974397659302
CC(=O)N1CCC(=C2c3ccc(Cl)cc3CCc3cc(C)cnc32)CC1,6.204158306121826,5.944854736328125,6.074506521224976
CCN(CC)CCOc1ccc(C=CC(=O)c2ccccc2)cc1OC,5.320436477661133,5.203314781188965,5.261875629425049
O=C(C=Cc1ccc(Cl)o1)N1CCCCCC1,5.566565990447998,5.7857513427734375,5.676158666610718
CN(C)Cc1nc(O)c2sc3cc(F)ccc3c2n1,5.476643562316895,4.715328216552734,5.0959858894348145
Brc1ccc2c(c1)-c1[nH]ncc1C2,5.452375888824463,6.772104263305664,6.1122400760650635
Cc1oc2cc(OCC(=O)NC3CCCC3)ccc2c(=O)c1-c1ccc(F)cc1,5.056745052337647,5.85806131362915,5.457403182983398
COC(=O)c1cccc(C2=NN(CCCCN3CCN(c4ccccc4OC)CC3)C(c3ccc(Cl)cc3)C2)c1,6.06394100189209,4.988234519958496,5.526087760925293
CNC(=O)COc1c(-c2ccccc2)oc2ccccc12,6.6895833015441895,4.69946813583374,5.694525718688965
O=C(NN=CC(Br)=Cc1ccccc1)c1ccccc1,4.657332897186279,4.928577899932861,4.79295539855957
Cc1ccccc1CN1CCC(N2CCOCC2)CC1,4.851814270019531,3.829763650894165,4.340788960456848
CC(C)(C)NCC(O)CON=C(CO)c1cccn1Cc1ccccc1,4.298447132110596,4.187575340270996,4.243011236190796
O=C(NC(=S)Nc1ccc(C(F)(F)F)cc1)c1ccc([N+](=O)[O-])cc1,6.666059970855713,4.819634437561035,5.742847204208374
CN(C)c1ccc(-c2ccc(C(=O)NC3=NCCS3)o2)cc1,6.585245132446289,5.717888832092285,6.151566982269287
CCN(CCCNc1cc2c(nc3cc(Cl)ccc13)CCCC2)CCCNc1c2c(nc3ccccc13)CCCC2,,,
Cc1cc(C)c(S(=O)(=O)NC(=O)Nc2ccc3c(c2)C(=O)N(C)C3=O)c(C)c1,7.01508903503418,4.955605030059815,5.985347032546997
Oc1ccc(-c2csc(Nc3ccc(O)cc3)n2)cc1,5.745460510253906,4.337193489074707,5.041326999664307
O=C(CCC1CCN(Cc2ccccc2)CC1)c1ccc(F)cc1,6.772241592407227,3.888333797454834,5.33028769493103
COc1ccc(S(=O)(=O)Nc2ccc(C(=O)N3CCCC3)cc2)cc1,5.420978546142578,4.442202568054199,4.931590557098389
CC(C)C(C(=O)NC1CCN(Cc2ccc3c(c2)OCCO3)C1)C(C)C,4.718613624572754,3.7665257453918457,4.2425696849823
COc1ccc(OC)c(C(=O)c2coc3ccc(O)cc3c2=O)c1,6.05542516708374,4.473559379577637,5.2644922733306885
Fc1ccc(-c2nc(-c3ccc4c(c3)OCO4)cs2)cc1,5.593992233276367,6.337381839752197,5.965687036514282
O=C(CCCc1cccs1)N1CCN(c2cccc(Cl)c2)CC1,5.345124244689941,5.142305374145508,5.243714809417725
CCOC(=O)C1=C(C)N=c2sc(=Cc3cccs3)c(=O)n2C1c1ccc(OC)cc1,6.312929630279541,5.209870338439941,5.761399984359741
O=C(O)c1cccc(C=Cc2ccc3cccc(O)c3n2)c1,4.769170761108398,6.631052017211914,5.700111389160156
CCOc1cccc(-n2cc(C3CCCN(C(C)=O)C3)c3ccccc32)c1,5.663124561309815,5.115549087524414,5.389336824417114
COc1cc(C=C2N=c3ccccc3=N2)cc(OC)c1O,5.909658908843994,4.288012027740479,5.098835468292236
C#CCNC(=O)C(C)Oc1ccc2c(C)cc(=O)oc2c1,4.941487789154053,4.866857528686523,4.904172658920288
CC(C)Oc1ccc2c(=O)n(Cc3cc(F)ccc3Br)ccc2c1,5.014306545257568,5.158942222595215,5.086624383926392
Clc1ccc(-c2nc3sccn3c2-c2ccncc2)cc1,5.215055465698242,5.517386436462402,5.366220951080322
CSCCC(NC(=O)CCCc1ccccc1)C(=O)NCCNc1c2c(nc3ccccc13)CCCC2,5.81575345993042,4.635204315185547,5.225478887557983
Cc1ccc(-c2cc(C(=O)NC3CCCC3)c3ccccc3n2)cc1,5.399981498718262,4.554928779602051,4.977455139160156
c1ccc2c(NCCCNc3c4c(nc5ccccc35)CCCC4)c3c(nc2c1)CCCC3,8.224427223205566,3.661235809326172,5.942831516265869
Cc1cc(C)c2c(=O)n(CC(=O)NC3CCCCC3)sc2n1,5.988946437835693,5.108645915985107,5.5487961769104
COc1cc2c(cc1OC)C(=O)C(Oc1ccc(C(C)=O)cc1)C2,7.102496147155762,4.803229808807373,5.952862977981567
O=C(NCc1ccccc1)c1ccc(N2CCCC2)cc1,4.885352611541748,4.232471942901611,4.55891227722168
N#Cc1cccc(Nc2nc3c(-c4ncn[nH]4)cccc3c3sccc23)c1,5.5517354011535645,4.79218339920044,5.171959400177002
CCOc1cc2nc3sc(C)c(N)c3cc2cc1OC,6.05213737487793,4.33111047744751,5.19162392616272
O=C(C=Cc1ccccc1Cl)Nc1ccc(C(=O)Nc2ccon2)cc1,5.599898815155029,5.53450870513916,5.567203760147095
O=C(CCC(=O)c1ccc(Br)cc1)Nc1nnc(C2CCCCC2)s1,5.827361106872559,6.501578330993652,6.1644697189331055
COc1ccc2c(c1)C(=O)c1ccc(C(=O)NC3CCCCC3)cc1S2(=O)=O,5.45416259765625,5.927194118499756,5.690678358078003
CCN(CC)C(=O)OC1=CC=C2c3cc(OC)c(OC)cc3CCC2N(C)C1=O,4.277884006500244,4.462883472442627,4.3703837394714355
CSc1cccc(Nc2ccc3c(CO)cn(C)c3c2)c1,5.133631706237793,5.288970470428467,5.21130108833313
COc1ccc(CN(C)C)cc1CSc1nc2cc(F)c(F)cc2[nH]1,5.416973114013672,6.277034282684326,5.847003698348999
CC1=Nc2cc(C(=O)NCCOC(=O)NC3CCCC3)ccc2Sc2ccccc21,5.499557971954346,5.134209156036377,5.316883563995361
C=C1C(=O)OC2C1CC=C1CC(=O)O2,,,
COc1cc(C=C2SC(=S)N(CCCC(=O)Nc3ccccc3)C2=O)ccc1O,6.657877445220947,5.114221572875977,5.886049509048462
CC(=O)c1cc2c3c(cccc3c1)OC(=O)C2=O,5.900300979614258,5.668888568878174,5.784594774246216
O=C(C=Cc1ccco1)Nc1ccc(OC(F)F)cc1,5.825252056121826,6.2030930519104,6.014172554016113
CC(=O)c1cc2c(c(Cl)c1O)OC(=O)CC2=N,6.338893413543701,3.6026270389556885,4.970760226249695
O=C1c2ccccc2-c2nnc(-c3cccc([N+](=O)[O-])c3)cc21,5.311034202575684,5.836466312408447,5.573750257492065
O=C(C=Cc1ccc(O)cc1)Nc1ccc(Cl)cc1,4.518014430999756,5.94563627243042,5.231825351715088
O=C1NC(=O)C(=Cc2ccc3c(c2)OC(F)(F)O3)S1,6.796452045440674,4.5288615226745605,5.662656784057617
COc1ccc2cc(COC(=O)c3ccccc3)c(=O)oc2c1,5.663775444030762,6.02077054977417,5.842272996902466
O=C(CCc1c[nH]c2ccccc12)N1CCN(C(=O)C2CCCO2)CC1,5.968115329742432,4.498417854309082,5.233266592025757
CN(C)C1CCCN(c2nc3ccccc3n2Cc2ccc(F)cc2)C1,5.542582035064697,4.78585147857666,5.164216756820679
Cc1ccc(NC(=O)Nc2nnc(CC(C)C)s2)cc1,4.791777610778809,5.224043846130371,5.00791072845459
CCc1nc2c(sc3ccccc32)c(=O)o1,5.848299503326416,4.138185024261475,4.993242263793945
CC(=O)c1cc(=O)oc2c(CN3CCCCC3)c(C)ccc12,6.954875946044922,4.092066764831543,5.523471355438232
COc1cccc(S(=O)(=O)Nc2cc(C)cc(C(=O)N3CCN(c4ccccc4)CC3)c2)c1,5.518253326416016,4.117492198944092,4.817872762680054
CSCCC(C(=O)NC1CCCC1)N(Cc1cccc(Cl)c1)C(=O)CN,4.679224491119385,4.176690101623535,4.42795729637146
COc1cc(OC)cc(C(=O)N(CCCC(=O)Nc2ccccn2)c2cccc(F)c2)c1,6.066431045532227,5.009350776672363,5.537890911102295
COc1cc(C=C2COc3cc(OCCN4CCCC4)ccc32)cc(OC)c1OC,5.637415885925293,4.820571899414063,5.228993892669678
CN(C)CC1CCn2cc(c3ccccc32)C2=C(C(=O)NC2=O)c2cn(c3ccccc23)CCO1,4.634957313537598,4.937050342559815,4.786003828048706
O=C(O)CC(O)C=CC1C(O)CC(=O)C1C=CCCCCC(=O)O,2.7748231887817383,4.59153938293457,3.6831812858581543
O=C(C#Cc1ccccc1)Nc1ccc2cn[nH]c2c1,4.775379180908203,6.312936782836914,5.544157981872559
CC(C)(C)c1cccc(NC(=O)Nc2ccc(-c3csnn3)cc2)c1,4.560041427612305,4.700075626373291,4.630058526992798
Cn1c(=O)n(Cc2ccccc2)c(=O)c2cc(F)ccc21,5.434630870819092,5.547613620758057,5.491122245788574
CN(C)CCCn1cc(C2=C(c3c[nH]c4ccccc34)C(=O)NC2=O)c2ccccc21,4.813239097595215,5.444007396697998,5.1286232471466064
Cc1cccc(C(=O)N2CCC(c3nc4ccccc4s3)CC2)c1,5.662212371826172,4.374045372009277,5.018128871917725
COc1cc2c(cc1F)C(=O)C(=Cc1ccc(OC(=O)COc3cccc(Cl)c3)cc1)C2,5.449647426605225,6.444583415985107,5.947115421295166
O=C(CCCCCNc1c2c(nc3cc(Cl)ccc13)CCCC2)NCc1ccco1,8.444972038269043,4.643632411956787,6.544302225112915
CC(=O)CCC1=C(Cc2ccc(C#N)cc2)C(=O)c2ccccc2C1=O,4.772262096405029,5.831504821777344,5.3018834590911865
CNC(=O)COc1ccc(Cl)cc1C1CCN(Cc2ccc(Oc3ccccc3)cc2)CC1,6.555201530456543,4.170892238616943,5.363046884536743
COc1ccc(C2=NN(CCCCCN(C)C)C(=O)CC2)cc1,6.197081089019775,5.093988418579102,5.6455347537994385
O=C(c1ccc(NC2CCCCC2)cc1)N1CCc2ccccc2C1,5.140264987945557,4.3870930671691895,4.763679027557373
CC[n+]1c(C=CN(C)c2ccccc2)n(-c2ccccc2)c2ccc(-c3nc4ccccc4s3)cc21,5.362667083740234,4.309151649475098,4.835909366607666
CC(C)=CCC=CC=CC(=O)Nc1cc2c(Nc3ccc(F)c(Cl)c3)ncnc2s1,4.939433574676514,5.345900535583496,5.142667055130005
O=C(C=Cc1ccccc1)NCCCSc1nc2ccccc2o1,4.749207019805908,6.032560348510742,5.390883684158325
Oc1ccc(C(=Cc2ccc(O)cc2O)c2ccc(O)cc2)cc1,4.731996059417725,4.643244743347168,4.687620401382446
O=C(CC1CCCCN1c1ccnc(-n2ccnc2)n1)Nc1ccccc1,4.896101951599121,5.6460700035095215,5.271085977554321
CC(C)N1CCN(CCCOc2ccc3nc(C(C)C)oc3c2)CC1,5.846780300140381,6.45562744140625,6.151203870773315
COC(=O)c1ccc(-c2cc(C(=O)Nc3cc(C)on3)c3ccccc3n2)o1,6.339338302612305,4.501041412353516,5.42018985748291
Cc1ccc(C(=O)CCl)cc1,4.142412185668945,5.639101982116699,4.890757083892822
CC(C)Oc1ccccc1N1CCN(Cc2ccc(CN3CCCCC3=O)s2)CC1,5.572661399841309,4.302745342254639,4.937703371047974
CCc1ccc(S(=O)(=O)Nc2ccc3c(c2)CC(=O)N(C(C)CO)CC(C)C(CN(C)Cc2ccc(Cl)c(Cl)c2)O3)cc1,5.363697052001953,4.722994804382324,5.043345928192139
COc1ccc2c(c1)C(=O)c1cc([N+](=O)[O-])ccc1S2(=O)=O,5.677109718322754,6.54390811920166,6.110508918762207
COc1cccc(-c2csc3c(=O)cc(N4CCOCC4)oc23)c1,5.902814865112305,4.82801628112793,5.365415573120117
O=C1CC(C(=O)N2CCOCC2)Cc2cn(Cc3ccccc3)c3ccccc23)O1,,,
COc1cc2c(cc1OC)C(=O)C(=NC(C)=O)CC2,5.713034152984619,4.44734001159668,5.080187082290649
CCOC(=O)c1ccc2[nH]c3c(c2c1)CCNC3=O,6.198873996734619,4.998855113983154,5.598864555358887
CCCN1CCCC(Oc2ccc3c(c2)C(=C2NN=C(c4ccc(OC)cc4)C2=O)C1,,,
Cc1ccc(NC(=O)CN2CCc3cc(OC(F)F)ccc3C2)cc1,5.29827880859375,4.801048755645752,5.049663782119751
C#CCNC1CCc2ccccc21,3.722722053527832,6.786684989929199,5.254703521728516
CN(C)c1ccc(C2CCC(C(=O)NC3CCCCC3)CC2)cc1,4.3374199867248535,4.553426742553711,4.445423364639282
CCCc1c[nH]c2c([N+](=O)[O-])cc3cn[nH]c3c12,5.119162559509277,5.774831295013428,5.4469969272613525
CC1CCCC(NC(=O)CCCC(=O)Nc2nccs2)C1C,4.842752933502197,5.611649513244629,5.227201223373413
C=C(C)C1Cc2c(ccc3c2OC2COc4cc(OC)c(OC)cc4C2C3=O)O1,5.447995185852051,5.359601020812988,5.4037981033325195
CC1CC2C3CC=C4CC(=O)C=CC4(C)C3(F)C(O)CC2(C)C1(OC(=O)N1CCOCC1)c1ccccc1,5.1136794090271,7.474532127380371,6.294105768203735
O=S1(=O)C=Cc2cc(-n3cc(-c4ccc(O)cc4)[n+](Cc4ccccc4)c4ccccc43)ccc2O1,,,
CCn1ccc2sc3cc(O)ccc3c2c1,,,
Cc1cccc(C2CC(c3ccco3)=NN2C(=O)c2ccco2)c1,6.822474002838135,4.6367926597595215,5.729633331298828
N#Cc1ccc(C(=O)Nc2ccc(OC(=O)c3ccco3)cc2)cc1,6.103588104248047,5.9134368896484375,6.008512496948242
CNc1ncc2c(-c3ccc(C#N)c(Cl)c3)noc2n1,6.467564105987549,5.510829925537109,5.989197015762329
CCOC(=O)c1[nH]c2ccc(Br)cc2c1NC(=O)c1ccco1,6.665603160858154,4.890767574310303,5.7781853675842285
COc1ccc2c(c1)c(CCN(C)C)c(C)n2C(=O)c1ccco1,5.024449825286865,4.827767372131348,4.9261085987091064
N#Cc1cnc(C(=O)NCc2ccc(C3(C#N)CCCCC3)cc2)o1,5.514230728149414,5.163935661315918,5.339083194732666
CNC(=O)C=Cc1cnc(N)c2c(-c3ccc4c(c3)OCO4)csc12,6.441901206970215,4.705104351043701,5.573502779006958
CC1=Nc2cc(C(=O)NCCCCCC(=O)O)ccc2Sc2ccccc21,5.709932327270508,5.294505596160889,5.502218961715698
CC1=NC2C(=O)C(=CN(C)C)C=CN2C(=O)C1,4.411179065704346,4.689696311950684,4.550437688827515
O=C(Cc1cccs1)Nc1ccc2c(c1)COC(C(=O)Nc1ccccc1)C2,5.695256233215332,5.150242328643799,5.422749280929565
COc1cc(C(=O)O)ccc1OCCCCCOc1ccc(C)cc1,4.887810230255127,6.570176124572754,5.72899317741394
O=C(Nc1ccc(Cl)cc1)N1CCCC1c1nncn1C1CC1,5.571918487548828,5.490057468414307,5.530987977981567
CNC(=O)C(C)Oc1ccc(C(=O)CCCCc2cccc3ccccc23)cc1,5.919782161712647,5.179631233215332,5.549706697463989
COc1ccc(CC(=O)NC(NC(=S)Nc2ccc(NC(=O)c3ccco3)cc2)C(Cl)(Cl)Cl)cc1OC,5.582880020141602,3.5284790992736816,4.555679559707642
C#CCN(C)C(C)Cc1ccccc1,4.207381248474121,6.7008585929870605,5.454119920730591
O=C(C=Cc1ccco1)Nc1ccc(OC(F)(F)F)cc1,6.257724285125732,6.29319953918457,6.275461912155151
CC#CCN1CCC(C(=O)Nc2ccc(SC)cc2)CC1,5.436802387237549,4.962016105651856,5.199409246444702
CCC(=O)C1(O)CCC2C3CC(C)=C4CC(=O)CCC4(C)C3CCC21C,5.3231611251831055,8.100902557373047,6.712031841278076
COc1ccc2c(c1)c(C1(C)CC[N+](C)(C)C1=O)cn2C,5.097724914550781,6.774219036102295,5.935971975326538
COc1ccc(OC)c(CN2CCN(Cc3cc(C)nc4ccccc34)CC2)c1,5.045167922973633,3.787899494171143,4.416533708572388
CCOc1ccccc1C1CC(=O)Nc2cc3c(cc21)OCO3,5.6982741355896,5.921785354614258,5.810029745101929
Cc1c(C)c2ccc(OC(=O)N(C)C)cc2oc1=O,6.952568054199219,6.120534896850586,6.536551475524902
OCCN1CCN(Cc2ccccc2)CC1,3.9962525367736816,3.1108970642089844,3.553574800491333
Cc1cccc(C2(c3cccc(C)c3)CC3CCC2=NO)c1,,,
O=C(CCC1CCN(Cc2ccccc2)CC1)c1ccc2c(c1)CCN2,7.295389175415039,3.976389646530152,5.635889410972595
CC(=O)c1cccc(NC(=O)CCNC(=O)c2ccc3c(c2)OCO3)c1,6.893775939941406,5.110012531280518,6.001894235610962
CCOc1cc2oc(=O)cc(C(F)(F)F)c2cc1OCC,5.853265285491943,5.522306442260742,5.687785863876343
O=C1Nc2ccccc2Nc2ccccc21,4.359180450439453,5.478429317474365,4.918804883956909
COc1c(O)c2c(c(O)c1C(=O)c1c(O)cc(O)cc1O)C(=O)C(=O)C2=O,6.916689872741699,3.066536903381348,4.991613388061523
Cc1ccc(N2CCN(C)CC2)cc1Nc1nccc(-c2c(-c3cccc(NC(=O)c4cc(F)cc(F)c4)c3)nc3sccn23)n1,6.315355777740479,5.837395668029785,6.076375722885132
O=C(CCc1c[nH]c2ccccc12)Nc1ccccc1N1CCOCC1,4.962507247924805,5.356901168823242,5.159704208374023
CC[n+]1ccc(-c2ccccc2)c2ccccc21,4.022280693054199,4.405858993530273,4.214069843292236
COc1cccc(C(=O)NNC(=O)c2ccc(O)cc2)c1,5.295064449310303,3.977042675018311,4.636053562164307
CCN(CC)c1ccc(C=C2C(=O)ON=C2c2ccc(OC)cc2)cc1,5.093576908111572,5.656546592712402,5.375061750411987
CC(C)(C)c1ccc(S(=O)(=O)NCCCC(=O)Nc2ccc(C3CCCCC3)cc2)cc1,5.354507923126221,3.882857799530029,4.618682861328125
COc1ccc(-n2c(C)cc(C=C3SC(=S)N(Cc4ccccc4)C3=O)c2O)cc1,6.4142374992370605,4.897821426391602,5.656029462814331
COc1ccc(C=C2CCc3cc(OCCCCNc4c5c(nc6cc(Cl)ccc46)CCCC5)ccc3C2=O)cc1,6.852212905883789,5.825469017028809,6.338840961456299
O=C1CCCc2cc(OCc3cccc(Br)c3)ccc21,4.132737159729004,7.569565773010254,5.851151466369629
CN(C)CCOC(c1cccs1)c1ccccn1,4.271346569061279,5.291643142700195,4.781494855880737
Fc1ccc(-c2nc3cnccn3c2-c2ccnc(NCC3CC3)n2)cc1,6.186202049255371,5.99031400680542,6.0882580280303955
Cc1ccccc1NC(=O)CSc1nc2ccccc2c(=O)n1CCc1ccccc1,5.951969146728516,5.043522834777832,5.497745990753174
COc1ccccc1NC(=O)c1c2n(c3ccccc13)CCCO2,6.016991138458252,4.875368118286133,5.446179628372192
O=C(CCCOc1ccc2c(c1)OCO2)N1CCN(S(=O)(=O)c2ccc(Br)cc2)CC1,6.022050380706787,5.755241394042969,5.888645887374878
CCOC(=O)Cc1c(C)nc2c(C#N)c(N3CCC(C)CC3)nn2c1C,5.2106614112854,4.901243686676025,5.055952548980713
CCCOc1ccc(C(=O)c2cccc3ccccc23)cc1,4.637772083282471,5.339463233947754,4.988617658615112
Cn1nnnc1Sc1sccc1C#N,5.219680309295654,5.842992782592773,5.531336545944214
Clc1cccc(-c2nnc(-c3ccccc3Cl)o2)c1,5.720338821411133,6.004971504211426,5.862655162811279
Cc1cc(=O)oc2c(CN3CCCC(C(=O)c4ccc(F)cc4)C3)c(O)ccc12,6.150592803955078,4.80530309677124,5.477947950363159
Oc1nc(C=Cc2ccccc2Cl)nc2ccccc12,4.829617500305176,5.660112857818604,5.24486517906189
Fc1ccc(-c2c3ccc(=O)cc-3oc3cc(F)ccc23)cc1,5.074616432189941,5.868110656738281,5.471363544464111
CC1CCC(C=NNc2nc(-c3ccc([N+](=O)[O-])cc3)cs2)CC1,5.346620082855225,5.913269519805908,5.629944801330566
CCOCCOC(=O)c1cccc2c1C(=O)c1ccccc1C2=O,5.117272853851318,5.89259672164917,5.504934787750244
Cc1cc(=O)oc2cc(OCCCCCN3CCC(c4noc5cc(F)ccc45)CC3)ccc12,6.826597213745117,6.294622421264648,6.560609817504883
COc1cccc(-c2cc(=O)c3cc(OC)ccc3o2)c1,5.495630264282227,5.424463748931885,5.460047006607056
COc1ccc(C2=CC3C(C2)C(=O)c2cccc(S(=O)(=O)N(C)C)c2)cc1,,,
CC(=O)c1ccc(OCc2ccc3nc(-c4ccccc4)c(-c4ccccc4)nc3c2)cc1,4.997097492218018,5.04432487487793,5.020711183547974
COc1cccc(-c2ccc(C#N)c(SC=C3CC(=O)C(F)(F)C3)n2)c1,5.907132148742676,6.504446983337402,6.205789566040039
COc1cc(C=CCc2cc(OC)c(OC)c(OC)c2)ccc1O,4.985763549804688,3.3041481971740723,4.14495587348938
CN(C)C1CCN(CCn2c3ccccc3c3ccccc32)C1,5.173625946044922,3.916474103927612,4.545050024986267
N#CCC(=O)N1CCC(Cc2ccccc2)CC1,6.073448181152344,4.145020961761475,5.109234571456909
COc1cc2c(cc1OC)-c1n[nH]c(Nc3cccc(F)c3)c1C2,5.711820125579834,5.167862892150879,5.4398415088653564
CC1CCCC(C)N1C(=O)C1CCCCC1,5.08422327041626,4.532682418823242,4.808452844619751
Cc1ccccc1NC(=O)C1CCCN(Cc2ccccc2)C1,6.062106609344482,3.258174419403076,4.660140514373779
CC(=O)c1cccc(C#CCN2CCCCC2)c1,6.000300407409668,4.652320861816406,5.326310634613037
O=C1c2ccccc2C(=O)C1c1ccc2c(c1)OCO2,6.728742599487305,5.876420021057129,6.302581310272217
COc1ccc2[nH]c3c(c2c1)CCNC3,4.751165390014648,4.878592491149902,4.814878940582275
CCCCCCC1CCN(CCCCCCCC(=O)NC2CCCCC2)CC1,5.968355178833008,4.341338634490967,5.154846906661987
CC(=NNC(=O)c1nnn(-c2nonc2N)c1-c1ccc(Cl)cc1)c1ccco1,5.593093395233154,3.89813756942749,4.745615482330322
Cc1ccc(NC(=O)Nc2ccc3sc(C)nc3c2)cc1C,5.75747013092041,5.085857391357422,5.421663761138916
Fc1ccc(-c2nc(-c3ccccc3)c(-c3ccccc3)[nH]2)cc1,4.949202060699463,4.516016006469727,4.732609033584595
CC(C)OC(=O)c1c2ccoc2nc2ccc(OCc3ccc4ccccc4n3)cc12,4.899885654449463,4.859356880187988,4.879621267318726
O=C(C=Cc1cccc(O)c1)Nc1cccc(C(=O)O)c1,4.847915649414063,6.281726837158203,5.564821243286133
Cc1ccc(O)c(C(C)C)c1C(=O)OCC(=O)Nc1ccc(Cl)c(C(F)(F)F)c1,5.468163013458252,5.585204124450684,5.526683568954468
CC(C)CNCCCOc1cccc(Cl)c1,4.982086658477783,3.883862018585205,4.432974338531494
O=C(CCc1cccc(Br)c1)OCC(=O)c1ccccc1,5.249791145324707,5.58638858795166,5.418089866638184
O=c1c2cc(F)c(NCc3cccc(Cl)c3)c(F)c2n(C2CC2)c2snc(O)c12,6.227670669555664,4.724580764770508,5.476125717163086
CN1C(=O)C(=NC2CC3c4ccccc4Oc4ccccc4C3O2)CC1=O,5.849033832550049,5.720422267913818,5.784728050231934
CCCCn1cnc2c(c(-c3ccc(Cl)c(Cl)c3)n3nc(C)nc32)c1=O,,,
N#Cc1ccc(C(=O)N2CCc3cc(OCCc4ccccc4)ccc3C2)cc1,4.88008975982666,5.502616882324219,5.1913533210754395
CC(C)=C1CC(CO)(COC(=O)c2ccc(C#Cc3ccc(C)cc3)cc2)OC1=O,3.701418876647949,6.198840618133545,4.950129747390747
CCOC(=O)c1c(C)n(C)c2ccc(OC(=O)NC3CCCCC3)cc12,5.209894180297852,4.666318416595459,4.938106298446655
COc1ccc(CCc2cccc3c2N(CC3)C(=O)c2ccco2)cc1,4.909523010253906,4.791111469268799,4.8503172397613525
NC(=O)c1cc2c(Oc3ccc(Br)cc3)cncc2s1,6.616586685180664,5.069092273712158,5.842839479446411
NC1=NC2=NC(c3ccc(Cl)cc3)CN2C(=O)C1,5.996120452880859,6.215646743774414,6.105883598327637
COc1ccc(C(=O)NCCNC(=O)Cc2c[nH]c3ccccc23)cc1,5.017306327819824,4.842973232269287,4.930139780044556
Cc1ccc(-c2cc3c(o2)CCCC3c2ccc(O)cc2)o1,5.2105560302734375,5.261954307556152,5.236255168914795
CCc1cc2c(OC)cc(OC)c(OC)c2nc1C,5.302327156066895,4.604459285736084,4.953393220901489
O=C1C(=O)C(NCc2ccccc2F)C1=Nc1ccncc1,5.761081218719482,5.330060005187988,5.545570611953735
CCC(=O)NC(Cc1c[nH]c2ccccc12)C(=O)N1CCC(Cn2ccnn2)CC1,5.505219459533691,4.306751251220703,4.905985355377197
COc1ccc(Br)cc1-c1cc(C(=O)NC2CCCCC2)no1,5.339664459228516,5.575644493103027,5.4576544761657715
COc1cccc(C=C2SC(=O)N(CCCCC(=O)Nc3ccc(C(=O)O)cc3)C2=O)c1,6.397527694702148,5.826165676116943,6.111846685409546
COc1ccc(C(=O)c2c(O)c(O)n(CCO)c2-c2ccc(OC)cc2)cc1OC,5.588772773742676,4.594260215759277,5.091516494750977
Cc1ccc2[nH]c(C(C#N)=Cc3ccc(O)c(O)c3)nc2c1,5.671911716461182,5.562832832336426,5.617372274398804
CC(C)Oc1cccc2c1N=C(N)N2,4.687581062316895,3.996621608734131,4.342101335525513
CC[n+]1c(C=CN(C)c2ccccc2)n(-c2ccccc2)c2ccc(-n3cccc3)cc21,5.163309574127197,4.327760219573975,4.745534896850586
CCCCn1c(=O)c2c(nc3[nH]c(CC)cc32)n(Cc2cccc(OC)c2)c1=O,,,
O=CC(O)N1CCC(c2n[nH]c(-c3ccc(Cl)cc3F)c2-c2ccncn2)CC1,5.19350528717041,5.735992908477783,5.464749097824097
CN1CCN(c2ccc(NC(=O)c3ccc(C#N)o3)cc2)CC1,5.283263206481934,5.467384338378906,5.37532377243042
COc1cc(Cl)cc2c1OC(C(F)(F)F)C2=O,5.968770503997803,6.258130073547363,6.113450288772583
COc1nc(-c2cc(OC)c(OC)c(Cl)c2)ns1,5.038225173950195,5.891592502593994,5.464908838272095
Cc1c2c(n3c1CCCNC1C3CC4CC(C3)CC1C4)CC(=O)O2,,,
O=C1CCc2ccc(OCCCCN3CCCCC3)cc2N1,6.020336151123047,5.367049217224121,5.693692684173584
CC(=O)Oc1cc2[nH]c(C(N)=O)nc2cc1Cl,6.055199146270752,4.374831676483154,5.215015411376953
O=C(OC=C1CC(=O)Oc2cc(O)ccc21)c1ccc(O)cc1,5.527590274810791,4.901393890380859,5.214492082595825
C=CCCCCCCCCCCCCCCc1ccc(C(=O)O)o1,5.421403408050537,6.464354038238525,5.942878723144531
O=S(=O)(c1ccc(Cc2cc(F)ccc2F)nc1)N1CCCC1,5.848385810852051,5.980142593383789,5.91426420211792
CC(=O)OCC1OC(n2cnc3c(NCc4ccccc4)ncnc32)C(OC(C)=O)C1OC(C)=O,4.064966201782227,4.276412963867188,4.170689582824707
O=C1CCc2cc(OCCc3cccc(Br)c3)ccc2N1,4.499853610992432,6.794225692749023,5.6470396518707275
COC(=O)C1C(C)=NC(=O)N(C(=O)NCCCN2CCCC2CO)C1c1ccc(F)cc1,6.238285064697266,5.052440166473389,5.645362615585327
CC1CC(=NO)c2cc(Cl)ccc2O1,4.455106735229492,4.313655853271484,4.384381294250488
CC1=CC(C)=NN2C=Nc3ccccc3SC2=N1,3.841009140014648,5.234411239624023,4.537710189819336
CC(C)OC(=O)c1ccc(OCc2ccccc2)cc1,4.778463840484619,4.779029369354248,4.778746604919434
COc1ccc(N=Cc2sc3ccccc3[n+]2C)cc1,4.797285556793213,4.268335342407227,4.53281044960022
CN(C)c1cccc2c(S(=O)(=O)N(CCN)c3cncc(-c4ccc5c(c4)OCCO5)c3)cccc12,5.766350746154785,4.935643672943115,5.35099720954895
Clc1ccc(-c2noc(-c3ccccc3)n2)cc1,5.670405387878418,5.701117515563965,5.685761451721191
O=C(O)c1cccc(C=Cc2ccc3ccccc3[n+]2Cc2ccccc2)c1,4.939566612243652,5.381024360656738,5.160295486450195
CC(=O)c1sc(NC(=O)Nc2ccccc2OCC(C)C)nc1C,6.218215465545654,5.894532203674316,6.056373834609985
O=C1c2ccccc2-c2n[nH]c3cccc1c23,4.932783126831055,5.525638580322266,5.22921085357666
O=c1oc2ccccc2cc1-c1nc(Nc2ccc([N+](=O)[O-])cc2)c2ccccc2n1,6.144493579864502,5.095846652984619,5.6201701164245605
N#Cc1ccc(NC(=O)c2cc3ccccc3oc2=O)cc1,5.893665790557861,6.40228796005249,6.147976875305176
Cc1oc(-c2ccc(F)cc2)nc1CCCCCCCNc1c2c(nc3cc(Cl)ccc13)CCCC2,8.211780548095703,5.486306667327881,6.849043607711792
OC(COc1ccc(F)cc1)CN1CCCC1,4.875957489013672,5.121484279632568,4.99872088432312
C#CCn1c(CC=C)nc2sc(CC)c(C)c2c1=O,5.786434173583984,5.630524158477783,5.708479166030884
O=C1CC(O)CC(C=Cc2ccc(OCCCF)cc2)O1,3.970818758010864,5.838702201843262,4.904760479927063
COc1ccc(C(=O)Nc2c(Cl)cncc2Cl)c(OC)c1,5.708158016204834,4.358397006988525,5.03327751159668
O=c1c(-c2ccco2)nc2cncnc2n1CCc1ccccc1,4.233747482299805,4.73556661605835,4.484657049179077
C#CCN(C)Cc1cc2ccc(OCc3ccccc3)cc2n1C,4.484634399414063,7.529648780822754,6.007141590118408
O=C(O)c1cc2c(-c3cccc(F)c3)cncc2s1,5.449632167816162,5.1930928230285645,5.321362495422363
CN(C)c1ccc(C=CC=C2C=CC(=[N+](C)C)C=C2)cc1,4.689563751220703,5.64225959777832,5.165911674499512
O=[N+]([O-])c1cc2ccccc2oc1=NNc1ccc(O)cc1,6.5129499435424805,4.355490684509277,5.434220314025879
COc1cc2c(cc1OC)C(c1ccco1)N(c1ccc(C)cc1)C2=O,6.082205295562744,5.411198139190674,5.746701717376709
CCN(CC)C(=O)c1cccc(-c2cc(C(=O)NC3CCCN(Cc4ccccc4)C3)ccc2C)c1,5.338330268859863,3.576416492462158,4.457373380661011
COc1cc2c(cc1OC)CC(C(=O)NCC1CCCCC1)CC2,5.309424877166748,3.790183544158936,4.549804210662842
O=C1NCC2(CCCN(C(=O)Nc3ccccc3)CC2)O1,4.882246017456055,4.960156440734863,4.921201229095459
C=CCN1CCc2cc(OC)c(OC)cc2CC1CC(=O)OC,5.023962497711182,3.991730928421021,4.507846713066101
COc1ccc2oc(C(=O)O)c(C)c2c1,5.641489028930664,4.423959732055664,5.032724380493164
Cc1sc2ncnc(N)c2c1-c1ccc(NC(=O)Nc2cccc(Br)c2)cc1,5.888289928436279,4.928045272827148,5.408167600631714
O=C(NC1CCCCC1)c1cc2c(=O)n3ccccc3nc2s1,5.589065074920654,5.640593528747559,5.6148293018341064
Cc1ccc2c(c1)N(CCCCOc1ccc(CC3COC(=O)N3)cc1)C(=O)CO2,6.253174781799316,6.298219203948975,6.2756969928741455
O=C(O)CCC(=O)c1ccc(Oc2ccccc2)cc1,6.497502326965332,5.420261383056641,5.958881855010986
Cn1c(N=Cc2c(O)ccc3ccccc23)nc2ccccc21,5.813564777374268,4.918591022491455,5.366077899932861
C=CCOc1ccc(C=C2C(=O)NC(=O)N(c3ccc(F)c(Cl)c3)C2=O)cc1,4.946826457977295,6.456478118896484,5.70165228843689
COc1ccc2[nH]c3c(c2c1)CCN1CCc2oc4ccccc4c2C1C3,5.939256191253662,5.376954078674316,5.658105134963989
Cc1cccc(CCNc2ncnc3c2cnn3-c2cccc(O)c2)c1,5.27186393737793,4.578981876373291,4.92542290687561
N#Cc1ccc(C2=NC(CO)(CO)O2)cc1,5.394965648651123,4.746199607849121,5.070582628250122
CCCCCCCNC(=O)c1coc(=O)c2ccccc12,5.802473068237305,5.782591819763184,5.792532444000244
CC(=O)OC1C=C2CC(=O)C=CC2(C)C2C(O)CC(O)C12,3.1859288215637207,7.083846092224121,5.134887456893921
COC(C)(C)C1CCN(c2nc(-c3ccc(OC(F)(F)F)cc3)cs2)CC1,5.392499923706055,7.561928272247314,6.477214097976685
Cc1ccc(C=CC(=O)c2ccccc2)cc1,4.233248710632324,5.161021709442139,4.6971352100372314
COc1ccccc1C1CC(=O)N2CN=C(c3ccco3)CSC2=C1C#N,7.046817779541016,5.825804233551025,6.4363110065460205
COc1cc2c(cc1OC)-c1n[nH]c(Nc3cccc(F)c3)c1C2,5.711820125579834,5.167838096618652,5.439829111099243
CN1CCN(Cc2ccc(NC(=O)c3ccc(Cl)cc3)cc2)CC1,4.97985315322876,3.880869865417481,4.43036150932312
CC(C)N(Cc1ccccc1)C(=O)c1ccc2ccccc2c1,5.318076133728027,3.51649022102356,4.4172831773757935
N#CC(=Cc1ccc(O)c(O)c1)C(=O)NCc1ccccc1,5.139800071716309,5.498981475830078,5.319390773773193
CN1CCC2(C)c3cc(OC(=O)Nc4ccc(Cl)cc4)ccc3N(C)C12,6.585132598876953,5.6765618324279785,6.130847215652466
CCc1ccc(C=C2SC(=S)N(CCCCCC(=O)O)C2=O)cc1,5.426046848297119,5.5741801261901855,5.500113487243652
COC(=O)N(c1ccccc1)C1CCN(CCc2cccc(C#N)c2)CC1,5.112374305725098,4.304858684539795,4.708616495132446
CC(=O)N=c1[nH]c2ccc(Br)cc2c(=O)o1,5.608177185058594,5.53148078918457,5.569828987121582
CN1C=C(C=Cc2ccccc2)C(=O)c2cc(Cl)ccc21,4.4143829345703125,6.805751800537109,5.610067367553711
Cc1cccc(NC(=S)Nc2ccccc2F)c1,5.019809722900391,4.384904861450195,4.702357292175293
COc1ccccc1Sc1ccc2c(C)c(C)oc2c1,5.894251823425293,5.071689128875732,5.482970476150513
CN(C)CCOc1ccc(COc2ccc3ccccc3c2)cc1,3.777689933776856,6.117502212524414,4.947596073150635
COc1ccccc1-c1nnc2sc(C=Cc3ccco3)nn12,5.395718097686768,5.112383842468262,5.254050970077515
COc1ccc(-c2nc3cnc(N4CCN(C)CC4)nc3n(CCc3ccc(OC)cc3)c2=O)cc1,4.898553371429443,5.830110549926758,5.364331960678101
ON=C(O)c1ccc(Oc2cccc(-c3c(-c4ccccc4)noc3C3CCNCC3)c2)cc1,6.2339606285095215,4.770379066467285,5.502169847488403
Cc1ccc2c(c1)OC(=O)CC2=CNC(=O)c1ccc(F)cc1,5.319753646850586,5.737478256225586,5.528615951538086
O=C1NC(=O)c2c1c1c3ccccc3[nH]c1n1cncc21,5.711670875549316,4.7809600830078125,5.2463154792785645
CCN(CC)c1ccc(C(=C2C=C(C)OC(=[N+]=[N-])C2=O)c2ccc(OC)cc2)cc1,5.713006019592285,4.901660442352295,5.30733323097229
O=C(Nc1ccc(Oc2ccccc2)cc1)C1CC(Cc2ccccc2)=NN1,7.00009822845459,4.286609649658203,5.6433539390563965
Cc1cn(-c2ccc(Nc3nc4c(s3)CCCC4c3ccccc3)cc2O)cn1,5.671610832214356,6.031819343566895,5.851715087890626
c1ccc(COc2ccc3c(c2)OC(C2=NCCN2)CO3)cc1,5.857761383056641,5.776692390441895,5.817226886749268
CC(=O)N1CCN(S(=O)(=O)c2ccc(NC3CC4CCC(C3)N4Cc3ccc4ccccc4c3)cc2)CC1,5.886292457580566,4.653266906738281,5.269779682159424
O=C1NC(=O)C(=Cc2ccc(Oc3ccc(I)cc3)cc2)S1,6.7240309715271,5.980038642883301,6.3520348072052
CC(C)=CCC(C)=CCOc1cccc2c1CC(C)=CC2=O,5.118348121643066,5.506024360656738,5.312186241149902
COc1ccc(C(=O)CC(=O)Nc2cccc(C(C)=O)c2)cc1,5.810879707336426,5.093785285949707,5.452332496643066
Cc1cc(C)c2c(c1)C(=O)C(=O)c1ccccc1C2=O,5.346026420593262,6.222958087921143,5.784492254257202
CC1COc2cc(O)ccc2N1C(=O)Cc1cccc(N)c1,6.0262322425842285,3.9969305992126474,5.0115814208984375
CC(=O)N1N=C(c2cc3ccccc3oc2=O)CC1c1cccc([N+](=O)[O-])c1,6.977847576141357,6.194262504577637,6.586055040359497
O=S(=O)(c1ccc(Oc2ccc3ccccc3c2)cc1)C1(C(O)=NO)CCNCC1,6.572030544281006,4.815680503845215,5.69385552406311
COc1ccc(C2CC(=O)c3ccc(-c4ccccc4)cc3O2)cc1,5.865072250366211,6.57115650177002,6.218114376068115
CCCc1ccc2c(c1)C(=O)OC2=CCCN1CCN(c2cccc(Cl)c2)CC1,6.016384601593018,5.576003074645996,5.796193838119507
COC(=O)c1c(C)nc(C)c(C(=O)OC)c1C1=CC=CCC1,3.9924817085266113,4.661506175994873,4.326993942260742
COc1ccc(C(C)C)c(OCC(O)CN2CCC(CN3C(=O)c4cccc(Cl)c4C3=O)CC2)c1,6.207606792449951,4.57819128036499,5.392899036407471
CCOC(=O)c1c(C)nc(C)c(C(=O)OCC(=O)c2ccc(OC)cc2OC)c1-c1ccccc1,6.012463569641113,5.256444931030273,5.634454250335693
CN(C)C(=O)c1ccc(N=CC2C(=O)Oc3ccccc3C2=O)cc1,7.327999114990234,4.732966423034668,6.030482769012451
CCCCC(=O)Nc1cc(OC)c(OC)cc1CC(=O)NCC(C)C,5.30873441696167,3.77564001083374,4.542187213897705
CC(=O)Nc1ccc2oc(=O)ccc2c1,4.1452813148498535,5.513152122497559,4.829216718673706
CC(C)(C)CC(=O)N1CC(=O)N2C(Cc3ccccc3)=C(C(=O)O)C2SC1c1ccc(Cl)c(Cl)c1,4.950588226318359,4.851935863494873,4.901262044906616
CNC(=O)c1cc2c(=O)n3cccc(C)c3nc2n(C)c1=N,6.532967567443848,3.987690925598145,5.260329246520996
COc1ccc2[nH]c3c(c2c1)CCNC3,4.751165390014648,4.878592491149902,4.814878940582275
Cc1ccccc1OCC(=O)Nc1ccc2c(c1)OCCO2,5.483503341674805,5.388021469116211,5.435762405395508
Cc1cc(C(=O)CCl)c(C)n1-c1nc2c(s1)CCCC2,6.099049091339111,6.170750617980957,6.134899854660034
CC(C)(C)CNC(=O)c1ccc2[nH]c(O)c(N=Nc3ccc(S(N)(=O)=O)cc3)c2c1,5.258514881134033,3.668760776519776,4.463637828826904
O=C1NC(=O)C(c2c[nH]c3ccccc23)=C1c1c[nH]c2ccccc12,4.763094902038574,5.914722442626953,5.338908672332764
CC(=O)c1c(C)c2cnc(Nc3ccc(C(=O)NC4CCN(C)CC4)cc3)nc2n(C2CCCC2)c1=O,6.381061553955078,5.160057544708252,5.770559549331665
CCOC(=O)c1ccc(NC(=O)c2cc(=O)c3ccccc3o2)cc1,6.302597999572754,5.571467876434326,5.93703293800354
COc1ccc2c(CCN(C)CCCc3ccccc3)c[nH]c2c1,4.367464065551758,4.951382160186768,4.659423112869263
Cc1c2ccc(O)cc2nc2c1ccc1ccccc12,5.098024845123291,5.354564189910889,5.22629451751709
COc1ccc(C2CCN(CC(O)COc3ccccc3)CC2)cc1,4.587460041046143,4.2283220291137695,4.407891035079956
CC(=O)C1CCC2C3CC=C4CC(=O)CCC4(C)C3CCC12C,4.636144638061523,7.62448263168335,6.1303136348724365
COc1cc2c(cc1OC)C(=O)C(Oc1ccc(Cl)cc1)C2,6.568532466888428,5.155916213989258,5.862224340438843
O=C1Nc2ccc(Br)cc2C1=C1NNN=C2C=CC=C2C1=NO,4.578922748565674,5.404148101806641,4.991535425186157
CC(C)=CCc1c(O)c2c(c1O)C(=O)CC(C)(C)O2,,,
COc1ccc2c(c1)c1c(n2Cc2ccc(C)cc2)CCN(C)C1,5.247861862182617,4.910616874694824,5.079239368438721
Cc1cccc(C2=NN(c3cccc(C#Cc4ccccc4)c3)C(c3ccncc3)C2)c1,5.46603536605835,5.898333549499512,5.682184457778931
O=C1NC(=O)C(=Cc2ccc(-c3ccc(OCCCCN4CCOCC4)cc3)o2)S1,5.444186687469482,6.047325134277344,5.745755910873413
Cc1cccc2cc(C#N)oc12,4.161595821380615,5.85264778137207,5.007121801376343
O=C(Cc1ccccc1)N1N=C(c2ccc(Cl)cc2)CC1c1cnccn1,6.359582424163818,5.060521602630615,5.710052013397217
CC(NC1=NCCN1)c1ccccc1,4.214786529541016,3.6099507808685294,3.9123686552047725
Oc1nc(S)nc(O)c1C=Nc1ccc(Cl)cc1,5.39802885055542,5.663609504699707,5.5308191776275635
NCCCCCC(=O)N1CCN(c2ccc(C(=O)NCCC(=O)O)cc2)CC1,5.378895282745361,4.807953834533691,5.093424558639526
O=C(O)c1cc2ccc(OCc3cccc(Cl)c3)cc2oc1=O,5.1647114753723145,7.544393539428711,6.354552507400513
N#CC(=CC1=CC=CN(Cc2cccc(O)c2)C1)C(=O)NCc1ccccc1,5.536194801330566,4.058561325073242,4.797378063201904
Clc1ccc(COc2ccc(Nc3ccncc3)cc2)cc1,4.787468910217285,5.909911632537842,5.3486902713775635
Cc1cc(C(=O)NC2CC2)nc(N2CCCCC2)n1,5.8813652992248535,5.328186988830566,5.60477614402771
CC(C)C(=O)Nc1ccc(Oc2ccc3c(c2)Cc2ccccc2-3)cc1,6.394924640655518,4.80659818649292,5.600761413574219
O=C(NCc1cccs1)c1cc(-c2cccnc2)nc2ccccc12,5.337913990020752,4.698488235473633,5.018201112747192
CCNC(=O)Oc1ccc2c(c1)OC(=O)C1CCCC=C21,6.3267822265625,4.835210800170898,5.580996513366699
C#CCN(C)Cc1cc2cc(OCCC3CC3)ccc2n1C,5.869319915771484,7.049598693847656,6.45945930480957
O=C(NC1=CC2=CC=CC2N=C1)c1cccc(F)c1,5.09323263168335,5.541224956512451,5.3172287940979
CN1CCC1COc1cncc(CCc2ccncc2)c1,4.2034406661987305,6.207201480865479,5.2053210735321045
O=C(Cc1ccc(Cl)cc1)N1CCCCc2cc(S(=O)(=O)N3CCCCCC3)ccc21,5.170180320739746,4.658853530883789,4.914516925811768
CC1=NOC(=O)C1=Cc1ccc2c(C)cccc2c1,5.331523418426514,8.122754096984863,6.7271387577056885
CCCCNC(=O)c1cc2c(=O)n3cccc(C)c3nc2n(CCC)c1=N,6.102843284606934,5.029512882232666,5.5661780834198
Sc1nc2c(ON=C3CCCCC3)cccc2[nH]1,5.7067155838012695,5.974997997283936,5.8408567905426025
Cc1ccc(-c2ccnc3[nH]ccc23)cc1,4.413206100463867,5.794723510742188,5.103964805603027
O=C1CC(c2cccc(Cl)c2Cl)=Nc2ccccc2N1,4.674015998840332,5.476485729217529,5.075250864028931
CN1CCN(c2ccc(Nc3nc(N)c(C(=O)c4cccnc4)s3)cc2)CC1,5.679400444030762,5.379750728607178,5.52957558631897
O=C1C=CC(=NNc2ccccc2Cl)C(=O)C1=CC=Cc1ccco1,4.835948467254639,6.091928005218506,5.463938236236572
O=C1c2ccccc2-c2n[nH]c3cccc1c23,4.932782173156738,5.525638580322266,5.229210376739502
COc1cc(S(C)(=O)=O)c(OC)cc1CC(=O)Nc1cc(N)c(C#N)c(OC(C)C)n1,5.924245357513428,3.844564437866211,4.884404897689819
COc1cc(C=C2C(=O)ON=C2C)ccc1OCCC(=O)Nc1cccc(C)c1,5.582329273223877,5.97324275970459,5.777786016464233
CCCC(=O)C1(c2ccc(OC)cc2)CCN(CC)CC1C,5.188441276550293,4.693175792694092,4.940808534622192
COc1cc2c(cc1OC)C1=NOC(CN3CCN(CCc4ccccc4)CC3)C1CO2,6.583810329437256,4.959824562072754,5.771817445755005
COc1ccc(-c2nc3cc(-c4csc(C(=O)NCC(C)C)c4)cnc3[nH]2)cc1,5.318818092346191,5.219129085540772,5.2689735889434814
Cc1c(C=C2C(=O)Nc3ccccc32)[nH]c2ccccc12,5.464146614074707,6.57942008972168,6.021783351898193
COc1ccc(C(=O)Nc2cccc(-c3nc(CC4CC4)n[nH]3)c2)cc1,6.033764839172363,5.230067729949951,5.631916284561157
COc1ccc(-c2nc3cc(C)c(N)cc3n2N=Cc2ccc(OCC(C)C)cc2)cc1,5.664669513702393,4.626344203948975,5.145506858825684
CC1=CCC2C1C(=O)OC(C)(C)C21,,,
c1ccc(-c2csc(NN=Cc3c[nH]c4ccccc34)n2)cc1,4.800910949707031,4.564830780029297,4.682870864868164
COc1cccc2c1C(=O)c1c(O)c3c(c(O)c1C2=O)CC(O)(C(C)=O)CC3OC1CC(N)C(O)C(C)O1,6.879976272583008,3.740825891494751,5.310401082038879
Clc1cccc(-c2cc(C3CC4CCC3N4)on2)c1,5.990528106689453,6.003756046295166,5.99714207649231
O=C1N(CC2CC2)COc2c(cccc2OC2CCCC2)N1c1ccncc1,5.515380859375,5.512696266174316,5.514038562774658
O=C(C=Cc1ccc(O)c(O)c1)c1ccc(O)cc1O,4.642821311950684,5.957418918609619,5.300120115280151
Nc1sc2cnccc2c1C(=O)NCCc1cccs1,6.782323837280273,4.983572483062744,5.882948160171509
Cc1c2c(n3c1CCCN1CC=CC1C(=O)NC(C)C1CC3O)CC(C)(C)C2,,,
C=CCn1c(SCC(=O)c2ccc(O)c(O)c2)nc2cc(C(=O)OCCCOC)ccc2c1=O,6.493590354919434,5.786134719848633,6.139862537384033
CC1CC1c1ccc([N+](=O)[O-])cc1,4.841793537139893,5.757707595825195,5.299750566482544
Cc1cc(C)cc(N=c2[nH]c3ccc(Cl)cc3c(=O)s2)c1,6.032033443450928,6.884428024291992,6.45823073387146
O=C(C#CCCN1CCCC1)Nc1ccccc1,5.945724487304688,5.147111415863037,5.546417951583862
CC(C)c1onc(COc2ccc(Cl)cc2)c1CO,4.774077892303467,6.367905139923096,5.570991516113281
CC(C)Oc1ccc2c(c1)C(=O)N(c1c(F)c(F)c(F)c(F)c1F)C(=O)C2=O,3.7123990058898926,4.027109146118164,3.8697540760040283
O=C(O)CC1CCN(Cc2ccc(-c3cccc(C(F)(F)F)c3)cc2)C1,5.324151515960693,4.97363805770874,5.148894786834717
CC(C)=CCn1c2ccc(O)cc2c2c3c(c(-c4ccccc4)cc21)C(=O)NC3=O,6.585421562194824,5.68684720993042,6.136134386062622
O=C(NC1CCC2(O)C3Cc4ccc(O)c5c4C2(CCN3CC2CC2)C1O5)c1cnc2ccccc2c1,6.707618236541748,6.259366035461426,6.483492136001587
O=C(Nc1ccccc1)c1cccc2cccnc12,4.730692386627197,5.2675299644470215,4.999111175537109
Cc1cccc(C)c1NC(=O)C1CCN(c2nc3ccccc3o2)CC1,6.287700653076172,5.036443710327148,5.66207218170166
COc1ccc(NC(=O)c2cccc(-n3cccc3)c2)cc1,4.798010349273682,5.019111633300781,4.9085609912872314
COc1ccc(-c2cccc3c2Nc2ncccc2C3=O)cc1,5.093021869659424,5.520395278930664,5.306708574295044
O=C(O)c1ccc(COc2cccc(-c3c(C(=O)c4cccc(Cl)c4)cnc4c(C(F)(F)F)cccc34)c2)cc1,5.291624069213867,6.083666324615479,5.687645196914673
CC(=O)c1ccccc1OCC(=O)Nc1ccc(CC#N)cc1,5.317374706268311,5.485189914703369,5.40128231048584
COc1ccc(C2=NOC(=O)C2=NNc2cccc(C(=O)O)c2)cc1,5.520748615264893,4.677335739135742,5.099042177200317
CC(C)Oc1nc2ccccc2nc1C(=O)NN=Cc1cccnc1,4.766312122344971,4.487604141235352,4.626958131790161
Cc1cccc(NC(=O)Nc2ccc3c(c2)CCc2sc4ncnc(N)c4c2-3)c1,5.881744861602783,4.559362411499023,5.220553636550903
Nc1c2c(nc3cc(Cl)ccc13)CCCC2,7.368709564208984,2.7874224185943604,5.078065991401672
O=C1NCCc2[nH]c3c(ccc4cnc(C=Cc5ccc(Br)cc5)cc43)c21,6.74851131439209,7.002993583679199,6.8757524490356445
O=C1Oc2cc(OCCC3CCN(Cc4ccccc4)CC3)ccc2C2=CCCC12,6.785727024078369,5.72597599029541,6.25585150718689
NC(=O)c1cc2c(-c3ccccc3)cncc2s1,5.362359046936035,5.015933513641357,5.189146280288696
CC(C)(C)c1ccc2oc(N3CCOCC3)nc2c1,4.515836715698242,5.856608867645264,5.186222791671753
Cc1cccc(C=CCN2CC3CCC(C2)N3C=O)c1,4.852782249450684,4.3656840324401855,4.609233140945435
CN1c2ccc(OC(=O)Nc3ccccc3)cc2C2(C)CCNC12,6.836670875549316,4.893072128295898,5.864871501922607
CC(=O)c1ccc(NC(=O)Oc2ccc3c(c2)C2(C)CCN(Cc4ccccc4)C2N3C)cc1,6.512080192565918,5.08061408996582,5.796347141265869
Clc1ccc(OCCOCCCCCNc2c3c(nc4ccccc24)CCCC3)cc1,6.284501075744629,5.249624729156494,5.7670629024505615
Oc1ccc(-c2nc(-c3ccccc3)c(-c3ccccc3)[nH]2)c(O)c1,4.78717041015625,4.0056562423706055,4.396413326263428
COc1cc2c(cc1OC)C1=NOC(CN3CCN(CC(C)=Cc4ccccc4)CC3)C1CO2,6.703359603881836,4.614506721496582,5.658933162689209
Cc1oc2ccc(OCCCCN3CCC(Cc4cccc(C(N)=O)c4)CC3)cc2c1C(=O)O,6.589127540588379,5.384073734283447,5.986600637435913
N#Cc1ccc2c(c1)C1OC(COCc3ccccc3)OC(C(=O)O)C3(CO2)C1O,,,
COc1cc2c(cc1OC)-c1n[nH]c(Nc3cccc(F)c3)c1C2,5.711820125579834,5.1678667068481445,5.439843416213989
CN1CC=C(c2cccc(OCCCCCCNc3c4c(nc5cc(Cl)ccc35)CCCC4)c2)CC1,7.182493686676025,5.054204940795898,6.118349313735962
O=C(CCc1c[nH]c2ccccc12)NCCCCCCCCCCNc1c2c(nc3cc(Cl)ccc13)CCCC2,8.655035972595215,4.874345302581787,6.764690637588501
Cc1ccc(NC(=S)NCc2ccccc2)cc1Cl,4.978304386138916,4.012245178222656,4.495274782180786
Cc1sc2nc3n(c(=O)c2c1C)CCCCC3,5.889401912689209,5.771368980407715,5.830385446548462
COc1ccccc1-c1ccc2c(c1)CCC(CNC(=O)C1CCCN1C)O2,5.067259788513184,4.58351469039917,4.825387239456177
Cc1ccc(C(=O)ON=C(N)c2ccc3c(c2)OCO3)cc1,5.643234252929688,5.030813217163086,5.337023735046387
CCCCC=CC=CC=CC=CC=CC=CCCCCC(=O)Nc1nccs1,3.485825777053833,6.6759033203125,5.0808645486831665
COc1ccc2c(c1)C(=O)C(=O)C2=Nc1c(C)cccc1C,6.203751087188721,5.571935176849365,5.887843132019043
CN1CCN(C2=Nc3cc(Cl)ccc3N(NC(=O)c3ccc(C#N)cc3)c3ccccc32)CC1,5.878153800964356,4.765064239501953,5.321609020233154
CC(C)C1C(=O)N2CCCC2C2(O)OC(NC(=O)C3Cc4c(cc5c[nH]c6c5c4C=CC6)N(C)C3)(C(C)C)C(=O)N12,6.866264820098877,5.774636268615723,6.3204505443573
O=C(O)COc1ccc(=O)oc1C1CCCCC1,4.526299953460693,5.503345489501953,5.014822721481323
CCN(CC)CCOc1ccc(C=C2C(=O)Nc3ccccc32)cc1,5.063520431518555,5.756117820739746,5.40981912612915
O=C(C=Cc1ccccc1)c1cc[n+](Cc2ccccc2)cc1,4.85362434387207,3.822207450866699,4.337915897369385
CCOC1(O)CCN(CCc2ccccc2)CC1O,4.629125595092773,4.915722846984863,4.772424221038818
O=C(O)C1CCN(c2ccc(C=C3C(=O)NC(=O)NC3=O)cc2[N+](=O)[O-])CC1,4.880002021789551,4.885407447814941,4.882704734802246
COc1cc(C=C2CCCCN=C2c2cccnc2)cc(OC)c1O,4.846925258636475,4.844412803649902,4.8456690311431885
O=C(C=Cc1ccc(O)c(O)c1)Nc1cccc2cccnc12,5.041081428527832,5.927915573120117,5.484498500823975
O=C(O)CCC(=O)Nc1cccc2ccccc12,4.531722068786621,6.061453819274902,5.296587944030762
O=C(NN=Cc1ccc([N+](=O)[O-])o1)c1cc2cc(Cl)ccc2oc1=O,6.594078540802002,4.948883533477783,5.771481037139893
O=S(=O)(c1cccc2cccnc12)N(CCCl)CCCl,4.803752899169922,5.314498424530029,5.059125661849976
COc1ccc(-c2cc3cc(F)ccc3oc2=O)cc1,4.9962005615234375,7.191808700561523,6.0940046310424805
O=C1C(=Cc2ccccc2)SC(=S)N1c1cccc(CN2CCCCC2)c1,5.599684715270996,4.557884216308594,5.078784465789795
CC1CCN(C(=O)CC#N)CC1c1ncc2cnc3[nH]ccc3n12,5.863818645477295,5.336273193359375,5.600045919418335
O=C(COc1ccc(Br)cc1)Nc1ccccn1,4.645108222961426,5.752562046051025,5.198835134506226
COC(=O)C1=C(C)N=C(C)C(C(=O)OCCCCCCNc2c3c(nc4ccccc24)CCCC3)C1c1ccc(Cl)cc1,5.897851943969727,5.357772350311279,5.627812147140503
COc1cccc(COc2ccc(Cc3cnc(N)nc3N)cc2OC)c1,4.954581737518311,4.570408344268799,4.762495040893555
CNC(=O)Oc1ccc2c(c1)C1(C)CCOC1N2C,7.339249610900879,5.773970127105713,6.556609869003296
O=C(Cc1ccc(O)c(O)c1)OC1CCOC1=O,4.9261884689331055,3.892358064651489,4.409273266792297
NC(Cc1c[nH]c2ccccc12)C(=O)Nc1cncc(C=Cc2ccncc2)c1,4.912250995635986,5.379470348358154,5.14586067199707
CC(C)c1cc(-n2ccnc2)c(-c2ccc(F)cc2)s1,5.616335391998291,6.4754486083984375,6.045892000198364
CC(C)OCCCN=C(N)NCCCC(N)C(=O)O,5.179545402526856,5.664393424987793,5.421969413757324
CCCCCCCCN(CCCCCCNCCCCCCCCN=C1CC(=O)C(=O)C1)C(C)C,6.576226711273193,5.835464000701904,6.205845355987549
CCOC(=O)C1=C(C)Nc2ccccc2C1=O,5.757678031921387,5.117650985717773,5.43766450881958
CCN(CCCCCCN=C1CC(=O)C(F)(F)F)Cc2ccccc21,5.763620376586914,5.739373207092285,5.7514967918396
N#Cc1ccc(C2=NOC(CCCCCC(=O)O)C2)cc1,4.518439769744873,5.653561592102051,5.086000680923462
COc1ccc2cccc(C=CC(=O)NCC3CCCCC3)c2c1,3.974928379058838,5.0613884925842285,4.518158435821533
CC(=O)OCC1OC(=O)C2C(C)=CC3C4CC(F)=C5CC(=O)C=CC5(C)C4(F)C(O)CC3(C)C2C(O)C1O,4.627183437347412,8.103673934936523,6.365428686141968
CC1(C)C2CCC1(C)C(OC(=O)Cc1ccco1)C2,5.3349223136901855,6.72438907623291,6.029655694961548
CN1CCC2(C)c3cc(O)ccc3N(C)C12,5.931182861328125,6.0458664894104,5.988524675369263
Fc1ccc(-c2coc3ncnc(NCC4CCCO4)c23)cc1,5.9628682136535645,6.352325439453125,6.157596826553345
CCN(CC)CCCCCCCN(CC)Cc1ccccc1OC,6.561907768249512,3.838345050811768,5.20012640953064
COc1ccc(C2Nc3ccccc3C(=O)N2Cc2ccco2)cc1COc1ccc(OC)cc1,5.502246856689453,5.150606155395508,5.3264265060424805
c1ccc(COc2ccc3c4c(cccc24)C(=O)NC3)cc1,5.284769535064697,6.826333045959473,6.055551290512085
CC(Nc1nc(N)c([N+](=O)[O-])c(N2CCCC2C)n1)c1ccc(F)cc1,5.71966552734375,5.608878135681152,5.664271831512451
Cc1noc(NS(=O)(=O)c2ccc(NC(=O)c3cnccn3)cc2)c1C,6.073019027709961,4.63494873046875,5.3539838790893555
Cc1cc(=O)oc2cc(OCCCCCN3CCC(c4noc5cc(F)ccc45)CC3)ccc12,6.826598167419434,6.294622898101807,6.56061053276062
O=C(NN=Cc1ccc(O)cc1O)Nc1cccc2nsnc12,5.133494853973389,3.7336602210998535,4.433577537536621
O=C(NC1CCCC1)C(c1cccs1)N(C(=O)Cc1csc2ncnn12)c1cccc(F)c1,5.977292060852051,5.364232540130615,5.670762300491333
CN(C(=O)Cc1ccc(Cl)c(Cl)c1)C(CN1CCCC1)c1ccccc1,4.838799953460693,3.948758125305176,4.393779039382935
Cc1ccccc1Nc1ncc(C#N)c(NCCCN2CCOCC2)n1,4.938016891479492,5.495431900024414,5.216724395751953
COc1ccc(-c2csc3ncnc(NCCN4CCOCC4)c23)cc1,3.891200542449951,5.5475945472717285,4.71939754486084
C=CCC1C=C(C)CC(OC)C2OC(OC)C(O)C(OC)C2O1,3.898670196533203,5.557761669158936,4.728215932846069
CCCCOc1ccc(C(=O)NC2CCCC2)cc1,4.707605838775635,5.358889579772949,5.033247709274292
O=C(Nc1ccc2c(c1)OCCO2)c1cccnc1,4.9168901443481445,5.680308818817139,5.298599481582642
Cc1cccc(NC(=O)C=Cc2ccc(-c3ccc([N+](=O)[O-])cc3)o2)c1,5.124548435211182,5.289123058319092,5.206835746765137
CC1c2c([nH]c3ccc(O)cc23)-c2cccc(O)c2C1=O,7.095371246337891,5.940323829650879,6.517847537994385
CC1(C)OCC(CO)(COC(=O)CCCCC(=O)O)C1O,3.522845506668091,6.342266082763672,4.932555794715881
O=C(OCC#CCSc1nnc(-c2ccc3c(c2)OCO3)o1)c1ccccn1,5.512913227081299,5.872635841369629,5.692774534225464
CCOc1ccc(-n2c(C)nc3c(oc4ccccc43)c2=O)cc1,5.574130535125732,4.501388072967529,5.037759304046631
COc1cc2c(cc1OC)C(=O)C(Oc1ccc3c(c1)OCO3)C2,6.509223461151123,4.538288116455078,5.523755788803101
O=C1Cc2c([nH]c3ccc([N+](=O)[O-])cc23)-c2ccccc2N1,5.156867504119873,5.928645133972168,5.5427563190460205
Cc1c2ccc(C)cc2nn1CC(=O)NN=Cc1ccc(O)c(O)c1,6.205639839172363,3.967983722686768,5.086811780929565
O=C(Nc1cccc(OC(F)(F)F)c1)c1cc2ncsc2c(=O)s1,6.1369171142578125,6.189949035644531,6.163433074951172
COc1cccc(C(=O)Nc2c(C(N)=O)oc3ccccc23)c1,7.113938331604004,5.065572261810303,6.089755296707153
CC(C)(C)c1ccc(N2CCN(CCCCCn3cc(C4CC4)nn3)CC2)cc1,6.822745323181152,4.711325645446777,5.767035484313965
CN1CCC(c2c(O)cc(O)c3c(=O)cc(-c4ccccc4Cl)oc23)C(O)C1,4.781254291534424,4.180340766906738,4.480797529220581
c1ccc2c(c1)ccc[n+]2CCCCCCCCCCC[n+]1cccc2ccccc21,7.227874279022217,4.549704551696777,5.888789415359497
Cn1c(=N)n(CC(=O)c2ccc(Cl)cc2)c2ccccc21,5.909555435180664,5.05360746383667,5.481581449508667
CN(C)c1ccc(-c2nnc(C(=O)c3ccc(Cl)c(Cl)c3)o2)cc1,5.62624454498291,6.122556209564209,5.87440037727356
Cc1cn(C2C=CC(CO)O2)c(=O)nc1O,5.563791275024414,4.173285007476807,4.86853814125061
O=C1Nc2ccc3ncsc3c2C1=CNc1ccc(S(=O)(=O)Nc2ccc(C(F)(F)F)cc2F)cc1,6.03114128112793,5.3145670890808105,5.67285418510437
Nc1c2c(nc3ccccc13)CCCC2,6.06611967086792,2.261878967285156,4.163999319076538
Clc1ccc2c(c1)OC(c1ccc[n+]c1)C2=C1CCCCC1,5.566093444824219,6.6771979331970215,6.12164568901062
CCOC(=O)c1cnc(Nc2ccc(OC)cc2)nc1N,5.572904586791992,5.1837477684021,5.378326177597046
OC1C(O)C(n2cnc3c(NCc4cccs4)ncnc32)C2CC12,5.7305827140808105,5.705620765686035,5.718101739883423
CN1C(=O)C(=Cc2ccc(I)cc2)C(=C2SC(C)(C)C2=O)S1,6.829538345336914,6.450935363769531,6.640236854553223
O=[N+]([O-])c1ccc2c(c1)Sc1ccccc1N2,4.731104850769043,5.147947311401367,4.939526081085205
N#Cc1cccc(CN2CCC(C(=O)c3ccc(-c4ccc(F)cc4)cc3)CC2)c1,4.946303844451904,5.263529777526856,5.10491681098938
CCCOc1cc2oc(=O)ccc2cc1OC,5.532284736633301,5.586470603942871,5.559377670288086
CC(C)COC(=O)Nc1cccc(C(F)(F)F)c1,4.912637710571289,6.377421379089356,5.645029544830322
Cc1ccc(-c2cc3cc(C)ccc3oc2=O)cc1,4.686458587646484,7.495838165283203,6.091148376464844
O=C(O)c1cccc(NC(=O)c2[nH]cnc2C(=O)NCCCCCCCCNc2c3c(nc4ccccc24)CCCC3)c1,8.288745880126953,5.388840198516846,6.838793039321899
O=C(C=Cc1ccccc1)Nc1ccc(O)cc1,5.095827579498291,5.984312057495117,5.540069818496704
CC(=O)Nc1ccc(C=Cc2cnc(C#N)c(N)n2)cc1,5.361079216003418,5.087679386138916,5.224379301071167
O=C(NCc1ccccc1)c1ccc2c(c1)OCCO2,5.542187213897705,4.746092319488525,5.144139766693115
CN(C)CCOc1ccc2c(c1)CCC2=O,5.572471618652344,5.585884094238281,5.5791778564453125
O=C1c2ccccc2-[n+]2ccc3c([nH]c4ccccc43)c21,4.619189739227295,5.365114688873291,4.992152214050293
O=C1C=CC(=O)c2c(O)cccc21,6.011013031005859,7.056287288665772,6.533650159835815
CCOC(=O)c1ccc(NC(=O)Nc2ccc(OCC)cc2)cc1,5.899338245391846,5.149227142333984,5.524282693862915
O=C(C=Cc1ccnc2ccccc12)NCC1CCCO1,4.017086982727051,5.931323051452637,4.974205017089844
CC(=Cc1ccc(O)cc1)CN1CCCC1,6.17302942276001,2.763450384140014,4.468239903450012
Clc1cc(-c2cc(C3CC3)[nH]n2)cc(NCc2ccccc2)n1,5.591380596160889,5.310401439666748,5.450891017913818
Cc1ccc(S(=O)(=O)N(C)C)cc1NC(=O)Cc1cccs1,6.44072151184082,4.473806858062744,5.457264184951782
Nc1ccc(C(=O)NCCCCCCNc2c3c(nc4ccccc24)CCCC3)cc1,8.522361755371094,4.362877368927002,6.442619562149048
NC(=O)c1ccc2nc(-c3ccccc3F)sc2c1,5.665327072143555,5.350766658782959,5.508046865463257
Cc1cc(C2CC2)n(O)c(=O)c1,5.485792636871338,6.049893379211426,5.767843008041382
COc1ccc2c3c1OC1CC(O)C=CC31Cc1ccccc1,,,
CCCCCCCC(=O)N1CCCC1c1cccc(OC)c1,5.323705196380615,4.738491058349609,5.031098127365112
O=C(CCCCc1ccc(Cl)cc1)Nc1nc2ccccc2[nH]1,5.783080101013184,4.948730945587158,5.365905523300171
O=C1C=CC(=CNNCc2ccccc2)C=C1O,3.740140199661255,5.672573566436768,4.706356883049011
FC(F)(F)c1ccc(-c2nnc3ccc(NC4CC4)nn23)cc1,5.32392692565918,5.492726802825928,5.408326864242554
Nc1nc(C=C2C=Nc3ccccc32)cs1,5.3464765548706055,5.2166900634765625,5.281583309173584
CC(C)(Cc1ccc2ccccc2c1)NCC(O)COc1cccc2c1OC(C)(C)C2,4.124774932861328,4.517784118652344,4.321279525756836
O=C(O)c1cc(O)c2[nH]cc(Cc3ccc(Cl)cc3)c2c1,5.3168134689331055,6.291571140289307,5.804192304611206
CC(OC1CC(C)OC1c1ccccc1)C(=O)N1CCCCC1,5.814840793609619,5.083648204803467,5.449244499206543
O=C1CCc2c([nH]c3ccc(Br)cc23)C(=O)N1,5.400860786437988,6.471880912780762,5.936370849609375
C#CCNC(C)Cc1cc2cc(OC)ccc2n1C,4.666408061981201,6.420740127563477,5.543574094772339
O=C1C(=O)C(c2ccccc2O)Oc2cc(O)cc(O)c21,5.973910808563232,4.647036075592041,5.310473442077637
Cc1csc(NC(=O)c2cc3ccccc3oc2=O)n1,7.29516077041626,5.525307655334473,6.410234212875366
COc1cccc2c1NC(=O)C2=NNc1ccc(S(=O)(=O)Nc2ccc([N+](=O)[O-])cc2C)cc1,6.233956336975098,3.673173427581787,4.953564882278442
O=C(c1ccncc1)N1CCc2c(ccc(=O)n2CCCO)C1,5.731412410736084,4.693957805633545,5.2126851081848145
Cc1ccccc1NC(=O)COC(=O)c1ccc([N+](=O)[O-])o1,5.919045925140381,4.674193859100342,5.296619892120361
Cc1ccc(NC2=NCC(C)CN2)cc1,4.92747974395752,3.405374526977539,4.166427135467529
CS(=O)(=O)c1ccc(C(=O)NCC2CCC(CNC(=O)c3ccccc3)CC2)cc1,6.585801124572754,3.9148874282836914,5.250344276428223
CC(=O)OC1=COC(C)=O,,,
CCN(CC)CCOc1ccc(C=C2C(=O)ON=C2C)cc1,4.681051254272461,6.409330368041992,5.545190811157227
CN(C)CCN1CCC2(CC1)OCc1cc(Cl)ccc12,5.110654830932617,4.643811225891113,4.877233028411865
Nc1c2c(nc3ccccc13)CCCCC2,5.958282947540283,2.517883062362671,4.238083004951477
O=C(CCCl)NC1=NC(=O)C(=Cc2ccc(OCCCc3ccccc3)c(Cl)c2)S1,5.800236701965332,6.387099266052246,6.093667984008789
CCCCOc1nc2c(c(=O)n(C)c(=O)n2C)n1Cc1ccc(Cl)cc1,5.070916175842285,6.199809551239014,5.635362863540649
COc1cc2c(cc1OC)C1=NOC(CN3CCN(CC(C)=Cc4ccc(F)c(F)c4)CC3)C1CO2,6.689640522003174,5.343791484832764,6.016716003417969
COc1ccc(-c2nc3cc(-c4csc(C(=O)NCCC(C)C)c4)cnc3[nH]2)cc1,5.21150016784668,5.620680332183838,5.416090250015259
O=C(C=Cc1cccc(O)c1)Nc1ccc(Cl)cc1,4.305332183837891,5.991607666015625,5.148469924926758
COc1ccccc1C=C1SC(=O)N(CCCC(=O)Nc2ccc(C(=O)O)cc2)C1=O,6.347803592681885,5.58444356918335,5.966123580932617
Cc1ccc(Cn2ccnc2)cc1,4.9336934089660645,3.4170403480529785,4.1753668785095215
O=C(C=Cc1ccc(O)c(O)c1)OC1CCCCC1,4.193044185638428,5.619503498077393,4.90627384185791
Cc1cccc(C(=O)Nc2cccc(SC(C)C)c2)c1,5.070786476135254,4.378906726837158,4.724846601486206
Clc1cccc(Cl)c1-c1ccc2nc(NC3CC3)sc2c1,6.223562240600586,5.548346519470215,5.8859543800354
O=C(C=CC=Cc1ccccc1)Nc1ccc2c(c1)OCO2,4.780852317810059,6.346214771270752,5.563533544540405
CC(NC(=O)C1(NC(=O)c2ccc3c(c2)OCO3)CCCCC1)c1ccccc1,5.174461841583252,5.077144145965576,5.125802993774414
CCc1ccc(-c2csc(N=C3CC(=O)C(OC)=C(C)O3)n2)cc1,5.225167274475098,6.601992130279541,5.913579702377319
CSc1nc(Nc2cccc(Cl)c2)c2cnn(CC(Cl)c3ccccc3)c2n1,6.005856990814209,5.554621696472168,5.7802393436431885
O=Cc1cn(Cc2ccc(Cl)cc2)c2ccc(Cl)cc12,4.900413990020752,6.230261325836182,5.565337657928467
Cc1ccc(C(=O)NC2CCC(Nc3ncc(Cl)c(Nc4ccccc4C(=O)O)n3)CC2)cc1,5.540915489196777,4.751813888549805,5.146364688873291
Cc1ccc(S(=O)(=O)NC2CCC(N3CCC(c4ccc(F)cc4OCC(F)(F)F)CC3)CC2)cc1,5.38181209564209,6.079102993011475,5.730457544326782
CC1=CC2Cc3nc4cc(Cl)ccc4c(NCCCCCCCCNc4c5c(nc6ccccc46)CCCC5)c3C(C1)C2,8.773945808410645,4.466516971588135,6.62023138999939
Nc1ccc(S(=O)(=O)N2CCN(CCOc3cccc4ccccc34)CC2)cc1,4.945542335510254,4.529540061950684,4.737541198730469
O=C(c1cc2ccccc2oc1=O)N1CCC(CN2CCOCC2)CC1,5.852031707763672,4.129896640777588,4.99096417427063
O=C(O)c1coc2cc(OCCc3ccccc3)ccc2c1=O,5.981292247772217,6.476006031036377,6.228649139404297
Clc1ccccc1C1=CC2CNCC(C1)c1ccccc1O2,4.987485408782959,5.476109504699707,5.231797456741333
COc1ccc(C2=NOC(Cn3cncn3)(C(F)(F)F)C2)cc1,5.828385353088379,6.230160713195801,6.02927303314209
CS(=O)(=O)c1ccc(C2=CC(=O)C(=O)C2)cc1,4.876049518585205,5.829448699951172,5.3527491092681885
Cc1cc2nc(-c3ccc(NC(=O)Cc4ccccc4)cc3)oc2cc1C,5.744166851043701,4.808752536773682,5.276459693908691
CN1CCN(C2=Nc3cc(Cl)ccc3Nc3ccccc32)CC1,5.477396965026856,4.926587104797363,5.201992034912109
COc1ccc2c(c1)c1c(n2CCCNC1)CCNC1CC2C=C(C1)C2,6.354508876800537,4.533857345581055,5.444183111190796
CC(=O)c1ccc(NC2=NC(=O)SC2=Cc2ccco2)cc1,6.268091201782227,5.2644219398498535,5.76625657081604
CC(=N)C(C#N)C(=O)CSc1nc2ccccc2s1,5.815324306488037,5.3264479637146,5.570886135101318
COC(=O)c1cnc2ccc(OC3CCN(Cc4cccc(Cl)c4)CC3)cc2c1O,5.574595928192139,4.915794372558594,5.245195150375366
O=C(c1cc2ccccc2[nH]1)N(Cc1ccccc1Cl)CC1CCC1,5.938300609588623,3.615137100219727,4.776718854904175
CN(C)c1ccc(C=C2CCC(=C3CCCCC3)C2=O)cc1,5.686800003051758,5.911759853363037,5.7992799282073975
COc1cc2c(cc1OC)C(=Cc1cc3c([nH]1)CCN(C(=O)N1CCOCC1)C3)C(=O)N2,6.459299564361572,4.000696182250977,5.229997873306274
Cc1ccc(NC(=O)c2cc3c(cc2[N+](=O)[O-])OCO3)cc1,5.954263210296631,4.665544509887695,5.309903860092163
CC(C)[N+]1(C)C2CCC1CC(C(=O)N1CCCCC1)C2,5.6854681968688965,4.704906463623047,5.195187330245972
Cc1c(OCc2ccccc2)ccc2c1OC(C)(C)C2,4.534485340118408,5.27028226852417,4.902383804321289
O=C1NC(=O)C(c2c[nH]c3ccccc23)=C1c1c[nH]c2ccccc12,4.763094902038574,5.914722442626953,5.338908672332764
CC1=NC2C(=O)C3C(O)CCN3C2=C1C(=O)C=Cc1ccc(N(C)C)cc1,6.194902420043945,6.215765953063965,6.205334186553955
CC(C)(CO)CCCNc1ccc(Cl)c2c1CCCC2,5.345933437347412,4.09226655960083,4.719099998474121
Cc1c(C)c2ccc(OCc3ccc(F)c(F)c3)cc2oc1=O,4.381964683532715,8.521516799926758,6.451740741729736
Cc1cc(C)cc(NC(=O)C=Cc2cccc([N+](=O)[O-])c2)c1,4.892180919647217,5.127562046051025,5.009871482849121
Cc1ccc(NC(=O)c2cccc(C(=O)O)c2)cc1C,5.223066329956055,5.584439277648926,5.40375280380249
O=C(O)CC(O)C=CC1COc2ccccc2O1,3.2004895210266118,3.6255640983581534,3.413026809692383
CCN1CCN(CCCC(=O)Nc2n[nH]c3nnc(-c4cccc(F)c4F)cc23)CC1,5.795925140380859,5.014190196990967,5.405057668685913
O=c1c2cc(F)c(F)cc2n(CCCN2CCCCC2)c2sc(Nc3ccccc3OC(F)F)nc12,6.234383583068848,5.22711181640625,5.730747699737549
O=C(C=Cc1ccc(Cl)cc1)OCCCCCCCC(=O)NCC(=O)NCCCN1CCOCC1,5.448146343231201,5.387057304382324,5.417601823806763
CC#CCOc1ccc(SCc2cc(C3(C)OC(=O)OC)on2)cc1,,,
CC1CN(c2ccc(OC(=O)c3ccncc3)cc2F)CCN1C(=O)c1ccc(F)cc1,4.9988112449646,5.515284538269043,5.257047891616821
O=C1Nc2ccc(NO)cc2C1=Cc1c[nH]c2ccccc12,6.0257415771484375,6.744592666625977,6.385167121887207
COc1cc2c(cc1OC)C1=NOC(CN3CCN(CC(C)=Cc4cccnc4)CC3)C1CO2,6.386816024780273,4.744707107543945,5.565761566162109
O=C(Cc1ccc(Cl)cc1)N1CCCCC1N1CCCC1,4.464955806732178,4.223225116729736,4.344090461730957
Clc1c(Br)ccc2c1N=C(C1CCCCC1)C2,5.9715752601623535,5.374520301818848,5.673047780990601
CNCCC=C1c2ccccc2CCc2ccccc21,4.2309250831604,5.017979621887207,4.624452352523804
C=CCc1ccc(OCC(O)CNC2CCN(c3ncnc4scc(-c5ccccc5)c34)CC2)c(OC)c1,5.116124153137207,5.23716926574707,5.176646709442139
O=C(C=Cc1cccc([N+](=O)[O-])c1)c1ccccc1,5.126587867736816,5.017105102539063,5.0718464851379395
O=[N+]([O-])c1ccc(C2=NN(c3ccccc3)C(c3ccco3)C2)cc1,6.618914604187012,5.018667697906494,5.818791151046753
CCCCCCCC(=O)Nc1cc2c(cc1C(=O)c1ccccc1)OCO2,5.221586227416992,5.715078830718994,5.468332529067993
O=C(Nc1cccc(C(F)(F)F)n1)Nc1ccnc2cc(Cl)ccc12,5.9950056076049805,5.0894622802734375,5.542233943939209
CC(=O)c1ccc(NC(=O)c2cc3oc(C4CC4)nc3s2)cc1,6.958421230316162,6.364020347595215,6.6612207889556885
N#Cc1ccc(CNc2ccc3c(c2)C(=O)N(C(=O)C2CCC(F)(F)CC2)C3)cc1,5.574234962463379,5.740783214569092,5.657509088516235
CN(C)CCOc1ccc2c(c1)C(=O)c1ccccc1S2(=O)=O,5.100461006164551,5.957181453704834,5.528821229934692
CCC(C)OC(=O)c1cc2c3ccccc3nc(C)n2c1,4.723252773284912,4.748612403869629,4.7359325885772705
COC(=O)C(CCc1ccccc1)NC(=O)c1cc2cc(OC)ccc2nc1O,5.659267425537109,4.679044723510742,5.169156074523926
CC(=O)N1N=C(c2ccc(OCCN3CCCC3)cc2)OC1=O,6.494438171386719,5.607401847839356,6.050920009613037
CC(=O)NC1=NC(=O)C(C(=O)OCC2CCCCC2)C1,5.779021263122559,4.95111608505249,5.365068674087524
Clc1ccc(-c2csc(NN=C3CCCCC3)n2)cc1,5.627699851989746,6.338080406188965,5.9828901290893555
O=C(CCCCCCCc1ccccc1)c1nc(-c2ccccc2)co1,5.274832248687744,5.027906894683838,5.151369571685791
C#CCN(C)Cc1cc2cc(OC)ccc2n1Cc1ccc(OC(C)=O)cc1,4.91732120513916,5.541369915008545,5.2293455600738525
N#Cc1cnc2ccc(S(=O)(=O)N(CCC(O)=NO)Cc3ccc([N+](=O)[O-])cc3)cc2c1Nc1ccccc1,6.0392351150512695,4.511531829833984,5.275383472442627
COc1ccc2cn(-c3ccc(Cl)cc3)c(O)c2c1,5.205876350402832,6.963277816772461,6.0845770835876465
CCOc1ccccc1NC(=O)CN1CCN(S(=O)(=O)N(C)C)CC1,5.946081161499023,4.900294780731201,5.423187971115112
O=C1CCc2cc(OCc3cccc(Cl)c3)ccc2N1,4.199396133422852,7.328124046325684,5.763760089874268
Cc1cc[n+](CCCCCCCCCCCCCC[n+]2ccc(C(C)(C)C)cc2)cc1,8.10330581665039,4.199785709381104,6.151545763015747
COc1ccc(CN(C)C(=O)Cc2ccc(F)cc2)cc1OC,5.073735237121582,4.5118088722229,4.792772054672241
COc1ccc(C(=O)N2c3ccccc3Sc3c(Cl)cncc32)cc1,4.697862148284912,4.313234329223633,4.5055482387542725
CCC(=O)Nc1ccc(Oc2ccc(N)cc2)cc1,6.910296440124512,5.139779567718506,6.025038003921509
N#CC(=Cc1ccccc1)C(=N)NCCCCCCNc1c2c(nc3cc(Cl)ccc13)CCCC2,7.977292060852051,4.823610305786133,6.400451183319092
Oc1nc2cc(OCCCCN3CCC(c4ccccc4)CC3)ccc2[nH]1,5.346527576446533,5.693634033203125,5.520080804824829
COc1ccc(C(=O)c2coc3cc(OCC(=O)N4CCCC4)ccc3c2=O)cc1,5.9306182861328125,4.97164249420166,5.451130390167236
Cc1sc(NC(=O)c2cccc(Cl)c2)c(C(N)=O)c1C,6.875123977661133,5.526351451873779,6.200737714767456
Cc1cccc(C)c1NC(=O)c1ccc2nc(N3CCCC(C)C3)sc2c1,6.067373752593994,5.0884690284729,5.577921390533447
Cc1ccc2c(c1)c1c(n2C=Cc2ccccc2)CCN(C)C1,5.145151138305664,5.500926017761231,5.323038578033447
O=c1ccoc2cc(OCc3cccc(Cl)c3)ccc12,3.9960358142852783,7.221096038818359,5.608565926551819
O=c1c2ccccc2oc2cc3c(cc12)C(=O)N1CCN(CCO)CC1,,,
O=C(Cc1ccccc1)N1CCc2cc(OCCN3CCOCC3)ccc2C1,5.051945686340332,4.54205322265625,4.796999454498291
COc1ccc(C(=O)c2coc3ccc(O)cc3c2=O)c(OC)c1,6.192225456237793,4.456794261932373,5.324509859085083
CN=C1N=C(Cc2c[nH]c3cc(Br)ccc23)C(=O)N1,5.522061347961426,5.658037185668945,5.5900492668151855
CCC1=NN2C(=O)CC(=COC(=O)C3CCCCC3)N=C2S1,6.390436172485352,5.945361614227295,6.167898893356323
N#CCC(C1CCCC1)n1cc(-c2ncnc3[nH]ccc23)cn1,5.242756366729736,6.211194515228272,5.726975440979004
COc1cc(OC)c2c(=O)n3ccccc3c(=O)n12,,,
CCC1=CC2Cc3nc4cc(Cl)ccc4c(NCCCCCCCCCNC(=O)c4cc(OC)c(OC)c(OC)c4)c3C(C1)C2,8.086955070495605,4.44949197769165,6.268223524093628
COc1cc(C=NNc2nc(O)nc(O)n2)ccc1O,3.54048228263855,3.743316888809204,3.641899585723877
COc1ccc(Nc2nccc(-c3cnn4ncccc34)n2)cc1,4.783030033111572,5.283420562744141,5.0332252979278564
COc1ccc(CC(=O)OCC2CCCN(Cc3ccccc3)C2)cc1,5.514358043670654,3.0677976608276367,4.2910778522491455
Cc1cccc(N2CCN(C(=O)c3cc4ccccc4s3)CC2)c1C,5.859206676483154,4.737778186798096,5.298492431640625
O=C(C1CC1)N1CCCC2(CCN(Cc3ccccc3)C2=O)C1,5.500613689422607,3.97817325592041,4.739393472671509
CC1=CC(=C2C=CC(=CNNC=C2)Cc2ccccc2)C=C(C)N1,4.164416313171387,4.4017333984375,4.283074855804443
CC(C)(C)c1cc(NC(=O)C(=O)c2cccc3ccccc23)n(-c2cccc(OCC(=O)O)c2)n1,5.604973316192627,4.451634883880615,5.028304100036621
COc1ccc(C=Cc2ccc(C=CC(=O)O)cc2)cc1,3.313839197158813,6.522270202636719,4.918054699897766
Cc1ccc(C2CC(c3ccco3)=NN2C(=O)c2ccc(OC(F)CF)cc2)cc1,6.706222534179688,5.226512432098389,5.966367483139038
COc1cc(OC)c2c(=O)oc3cc(OCc4cccnc4)ccc3c2c1,5.505762577056885,6.286312103271484,5.896037340164185
CC(C)=CC(=O)c1ccc2cc(OCCCC[n+]3ccc(C)cc3)ccc2c1,5.440963745117188,5.366890907287598,5.403927326202393
COc1cccc(C=CC(=O)c2ccccc2C)c1OC,5.92158842086792,5.199109077453613,5.560348749160767
CC(=O)c1cccc(-c2cnc3[nH]ccc3c2)c1,5.018048286437988,6.212108612060547,5.615078449249268
CNC(=O)Oc1cccc(CN(C)CCCOc2ccc3c(=O)c4ccccc4oc3c2)c1,8.555754661560059,5.625409126281738,7.090581893920898
COc1ccccc1C(=O)OCC(=O)Nc1cccc(C)c1C,5.803318977355957,4.871683120727539,5.337501049041748
CN1CCC(C=Cc2cc([N+](=O)[O-])ccc2O)CC1,4.535511016845703,5.285924434661865,4.910717725753784
CCCC(=O)Oc1ccc2[nH]c(C(=O)c3cc4ccccc4[nH]3)cc2c1,6.126673221588135,5.594138145446777,5.860405683517456
CNC(=O)C=Cc1cnc(N)c2c(-c3ccc4c(c3)OCO4)csc12,6.441901683807373,4.705104351043701,5.573503017425537
O=C(Nc1cccc(Cl)c1)ON=C(C1CCCCC1)C1CCCCC1,5.3139328956604,4.549000263214111,4.931466579437256
Cc1ccc(N2CCN(CC(=O)N3c4ccccc4NC(=O)C3(C)C)CC2)c(C)c1,5.724151134490967,5.165635585784912,5.4448933601379395
COc1cc2ncnc(Nc3ccc(OCc4ccccc4)cc3)c2cc1OC,4.796285152435303,5.585150718688965,5.190717935562134
Nc1ccc(CC2=C3CNCC3=NC2=O)cc1,5.378271579742432,5.239663124084473,5.308967351913452
Nc1cc2c(Nc3ccc(F)cc3)ncnc2cn1,4.894594669342041,5.388444900512695,5.141519784927368
Cc1cccc(NC(=O)C2CCCN(S(=O)(=O)c3c[nH]cn3)C2)c1,5.309328556060791,4.739017486572266,5.024173021316528
COCCNc1ccnc2cc(Cl)ccc12,4.411368846893311,5.212051868438721,4.811710357666016
COc1ccc2c(c[n+](C)c3c4cc5c(cc4ccc23)OCO5)c1OC,6.3178791999816895,5.721118927001953,6.019499063491821
O=C(NCCNc1c2c(nc3ccccc13)CCCC2)c1ccc(F)cc1,7.536820411682129,4.914581775665283,6.225701093673706
FC(F)(F)c1ccc2c(c1)nc(S)n2-c1ccccc1,5.479473114013672,5.051576614379883,5.265524864196777
Cn1cc(C=C2C(=O)Nc3ccccc32)c2ccccc21,5.077218532562256,6.337052822113037,5.7071356773376465
COC(=O)c1ccc(OC(=O)c2ccc(C)c([N+](=O)[O-])c2)cc1,4.81239128112793,4.89525318145752,4.853822231292725
CN1CC=C(c2ccc(Br)cc2)C(C(=O)NCCCNC(=O)C(Cc2ccccc2)N=CC2CCC3(CC2)OCC1,,,
O=C(Nc1ccccc1)Nc1ccc(C2OC3(CCCCC3)OC2c2ccccc2)cc1,5.767192363739014,5.514027118682861,5.6406097412109375
COc1ccc2nc(SCc3ccccc3)[nH]c2c1,4.682486057281494,5.49567174911499,5.089078903198242
O=C(CCNS(=O)(=O)c1ccccc1F)NC1CCCCC1,4.698446273803711,5.259426116943359,4.978936195373535
COc1cc2c(cc1OC)C(=O)C(C(=O)c1ccc(Cl)cc1)C2,7.1672210693359375,5.364772319793701,6.265996694564819
COc1ccc2c3nc(O)cc(C)c3cc2c1,,,
O=C(c1ccc(Sc2ccccc2)cc1)C1CCN(Cc2ccccc2)CC1,5.506839275360107,3.118894100189209,4.312866687774658
O=C1C(=O)C(c2ccc(O)c(O)c2)Oc2cc(O)cc(O)c21,5.846800804138184,4.774687767028809,5.310744285583496
Cc1onc(-c2ccccc2)c1C(=O)NN=Cc1cccnc1,5.539611339569092,4.890262603759766,5.214936971664429
COc1ccc(NC(=O)c2cc(-c3ccccc3OC)nc3ccccc23)cc1,5.455035209655762,5.0912766456604,5.273155927658081
CC(=O)N1N=C(c2ccc(O)cc2O)CC1c1ccccc1Cl,6.96232271194458,5.500658512115479,6.231490612030029
Cc1cccnc1NC(=O)C=Cc1ccc2c(c1)OCO2,5.872809886932373,5.240962982177734,5.556886434555054
Cc1nn(-c2ccccc2NC(=O)c2ccc3c(c2)OCCO3)c(C)c1C,6.499576091766357,4.715341091156006,5.607458591461182
O=C(C=Cc1ccc2c(c1)OCO2)N1CCCC(N2CCCC2)C1,5.308524131774902,5.291203498840332,5.299863815307617
CCCCC1=NN2C(=O)CC(=COC(=O)c3ccco3)N=C2S1,6.16478157043457,5.701085090637207,5.932933330535889
O=C1NC(=O)N(CCc2ccc(F)cc2)C(=O)C1C=NCCCN1CCCC1,6.302730083465576,5.576977729797363,5.93985390663147
CC(=O)OCC1OC(n2cc(COC(=O)c3ccc(O)c(O)c3)nn2)C(OC(C)=O)C(OC(C)=O)C1OC(C)=O,3.6216132640838623,3.3293957710266118,3.475504517555237
O=C(NCCc1cccs1)c1ccc2c(c1)OCCO2,6.818943977355957,5.73567008972168,6.277307033538818
COc1ccc(CCNCc2cccc(C#N)c2)cc1OC,4.327508926391602,4.025675296783447,4.176592111587524
COc1ccc(-c2nc(-c3ccc(F)cc3)c(-c3ccncc3)[nH]2)cc1,5.342044830322266,5.725575923919678,5.533810377120972
COc1cc2nc(N3CCN(C(=O)c4cccc(F)c4)CC3)nc(N)c2cc1OC,5.988034248352051,4.515383243560791,5.251708745956421
COc1ccccc1C=CCN1CCC(C)(c2ccccc2)CC1,4.773871898651123,3.789883136749268,4.281877517700195
CC(C)(C)NS(=O)(=O)c1cncc(C#N)c1Nc1cccc(Cl)c1,4.58865213394165,4.630893707275391,4.6097729206085205
O=C(NCc1ccc2c(c1)OCO2)c1ccc(C(F)(F)F)cc1,5.5716962814331055,5.0634284019470215,5.3175623416900635
COC(=O)CC(C)=NOC(=O)c1ccc2c(c1)N(Cc1ccccc1)C(=O)c1ccccc1S2,4.830254077911377,4.552019119262695,4.691136598587036
COc1ccc(CCCCNc2cc(OC)c(O)c3cccnc23)cc1OC,4.963517665863037,4.493149757385254,4.7283337116241455
Cn1sc(=O)n(Cc2ccccc2)c1=O,5.871140480041504,5.031367778778076,5.45125412940979
CC1=C(C)C(=NOS(=O)(=O)c2ccc(C)cc2)C=C(C)C1=O,4.950656890869141,4.877581596374512,4.914119243621826
CNC(=O)Oc1cccc(CN(C)CCCOc2ccc3c(c2)OC(=Cc2ccco2)C3=O)c1,8.205789566040039,5.866869926452637,7.036329746246338
CN(C)c1ccc(C=CC=Cc2cc[n+](C)cc2)cc1,4.2003936767578125,5.53466272354126,4.867528200149536
CN1CCC2(C)c3cc(OC(=O)Nc4ccc(Br)cc4)ccc3N(C)C12,6.583606719970703,5.752424240112305,6.168015480041504
CC(C)(C)c1cc(C=C2C=CC(=[N+](CCCN)CCC)C=C2)cc(C(C)(C)C)c1O,6.422115325927734,3.175503253936768,4.798809289932251
O=c1ccoc2c1ccc1ccccc12,4.088621139526367,5.286773204803467,4.687697172164917
CC(=Nc1cccc(C)c1)c1ccc2c(c1)OCO2,5.5229597091674805,5.475391864776611,5.499175786972046
C=CCn1c(SCc2csc(C)n2)nnc1-c1ccncc1,6.070157051086426,6.383033752441406,6.226595401763916
COc1ccc(-c2noc(CCC(=O)c3ccc(F)cc3)n2)cc1OC,6.080182075500488,6.460220336914063,6.270201206207275
CCN1C(=O)C2CCCN2C1=Nc1cccc(OC)c1,6.039330005645752,5.201376914978027,5.62035346031189
COc1cc(OC)c(C=C2C(=O)ON=C2c2ccc(Cl)cc2)c(OC)c1,5.909914970397949,5.593722343444824,5.751818656921387
COc1cc2oc(=O)c(CC(C)N)c(C)c2cc1OC,5.3037109375,5.302210807800293,5.3029608726501465
CC(C)Oc1nc(C2CC2)nc2c1cnn2-c1ccc(F)cc1,5.261428356170654,6.440316200256348,5.850872278213501
C#CC1(O)CCC2C3CC=C4CC(=O)CCC4=C3C(c3ccc(N(C)C)cc3)CC21C,5.577367782592773,8.077962875366211,6.827665328979492
O=C1NC(=O)C(=Cc2ccc(-c3ccc(F)cc3)o2)S1,5.476714134216309,6.012547492980957,5.744630813598633
COc1cc2c(cc1OC)C(Cc1ccc3c(c1)OCO3)=NCC2,5.762844085693359,5.093498706817627,5.428171396255493
O=S(=O)(Nc1ccc2c(c1)C(=NO)c1ccccc1-2)c1cccc(Cl)c1,5.376949310302734,5.191957473754883,5.284453392028809
Cc1n[nH]c(NC(=O)C=Cc2ccccc2Cl)c1C,5.617652893066406,5.364507675170898,5.491080284118652
COc1cccc(C2=NN(CCCCCCCN3C(=O)CC(c4ccccc4)C3=O)C(=O)C2)c1,6.918632507324219,6.1539692878723145,6.536300897598267
C=S(O)(O)=CCCOc1cc2c(cc1Cl)NC1CCCC1N2C,6.689999580383301,5.772620677947998,6.231310129165649
CCOC(=O)C1=CN(C)C(=Cc2ccc(OCc3ccc(F)cc3)cc2)C1=O,4.348134994506836,6.631818771362305,5.48997688293457
COc1ccc(C(=O)NCC(O)c2ccc3c(c2)CCO3)cc1,4.460429191589356,4.551862716674805,4.50614595413208
CN(C)C1CCN(CCC=C2c3ccccc3Sc3ccc(F)cc32)CC1,5.561061859130859,4.99677038192749,5.278916120529175
O=C(CCl)Nc1ccc2oc(=O)ccc2c1,4.513331890106201,6.026816368103027,5.270074129104614
Cc1c2ccc(N(C)c3ccnc(Nc4cccc(S(N)(=O)=O)c4)n3)cc2nn1C,5.362277984619141,5.253562927246094,5.307920455932617
CCCCCCC(=O)Nc1ccc2c(c1)c(=O)n(C)n2-c1ccc(OC)cc1,5.360411643981934,5.493931293487549,5.427171468734741
COc1ccc(-c2noc(CCC(=O)NC3CCC(C(=O)NCCO)CC3)n2)cc1,4.618731498718262,5.081121921539307,4.849926710128784
CCNC(=O)c1ccc2c(c1)OCCc1cc(C(=O)O)ccc1-2,5.847507953643799,5.5211358070373535,5.684321880340576
COc1ccc(CC(=O)N=C2Cc3ccccc3C2=O)cc1,4.842951774597168,5.109736442565918,4.976344108581543
N#Cc1c(O)nc(O)c2c(=N)oc3ccc(Cl)cc3c12,6.020318508148193,4.0968170166015625,5.058567762374878
COc1ccc(C(=O)Nc2nnc(-c3ccncc3)s2)cc1,5.608085632324219,5.7110114097595215,5.65954852104187
O=C(O)c1ccccc1Nc1cccc(C(F)(F)F)c1,6.105857372283936,5.719323635101318,5.912590503692627
O=C(O)C1C=CCN1Cc1ccc(-c2ccc(Cl)s2)o1,5.61006498336792,4.502833366394043,5.0564491748809814
O=C(CCCCCCCCCCCCC(=O)Oc1cccc2c(=O)oc3ccccc3c12,,,
Cc1cccc(NC(=O)Nc2ccc(Cl)cc2)c1,4.665727615356445,4.7017903327941895,4.683758974075317
CCC(=O)c1ccc(OCCCCN2CCC(C(O)(c3ccccc3)c3ccccc3)CC2)cc1,5.380304336547852,4.712621212005615,5.046462774276733
CN(C)c1ccc(NC(=O)C=C2c3ccccc3C(=O)N2c2ccccc2)cc1,5.079136848449707,5.241686820983887,5.160411834716797
Fc1ccc(-c2nc(-c3ccc(F)cc3)c(-c3ccncc3)[nH]2)cc1,5.713334560394287,6.060988426208496,5.887161493301392
Cc1ccc(C(=O)Nc2ccc(S(=O)(=O)N3CCCCC3)cc2)cc1,5.531740188598633,4.803197383880615,5.167468786239624
CCC(=O)c1ccc2c(c1)N(CCC(=O)NNC=C1CCCCC1)C(=O)C(C)(C)O2,6.107853412628174,5.294755935668945,5.70130467414856
O=C1c2ccccc2-[n+]2ccc3c([nH]c4ccccc43)c21,4.619189739227295,5.365114688873291,4.992152214050293
COC1CCOCC1,2.080747604370117,5.412740707397461,3.746744155883789
CCN(CC)CCCNC(=O)Nc1cc2c(cc1C)CCCC2,6.385357856750488,3.7517201900482178,5.068539023399353
CC=C(C)C1CCC2(C)C3=CCC4C5(C)CCC(O)C(C)(C)N6CCC45C(=O)CC3(C)C12C,,,
COc1cc2c(cc1OC)C(CC1CCCCN1C)N(C)C2=O,5.645233154296875,5.214644432067871,5.429938793182373
CCCCOc1ccc(CN2CCCCC2)cc1,5.839039325714111,4.417675495147705,5.128357410430908
COc1ccc2c(c1)c(CC(=O)NCCCO[N+](=O)[O-])c(C)n2C(=O)c1ccc(Cl)cc1,5.686830043792725,5.389873504638672,5.538351774215698
O=c1cc(-c2ccc(O)c(O)c2)oc2cc(O)cc(O)c12,4.52116584777832,4.284701347351074,4.402933597564697
COc1ccc(-c2ccc(Nc3nc4ccccc4o3)cc2)c2c(N)noc12,6.40937089920044,4.289196968078613,5.349283933639526
O=C1CCCN1Cc1ccc2c(c1)nc(O)c1cccn12,6.734156608581543,5.419107437133789,6.076632022857666
O=c1c(-c2ccc(O)cc2)coc2cc(O)cc(O)c12,4.75136661529541,4.872090816497803,4.8117287158966064
O=c1c2ccccc2oc2c([N+](=O)[O-])c(O)ccc12,5.742410182952881,3.944762706756592,4.843586444854736
CCOC(=O)c1cnc(-n2nc(C)cc2C)nc1Nc1ccccc1,5.834545135498047,5.260971546173096,5.547758340835571
C=CCN1CCc2c(cc(O)c(O)c2Cl)C(c2ccccc2)C1,5.355209827423096,5.423013687133789,5.389111757278442
O=C(O)c1ccc(NN=Cc2cccc(F)c2)cc1,4.997513294219971,5.6625142097473145,5.330013751983643
COc1cccc(C2CNC(=O)c3[nH]c4ccc(Cl)cc4c32)c1,5.978443622589111,6.916251182556152,6.447347402572632
CCSC(N)=Nc1ccc(-c2ccc3c(c2)OCO3)cc1,6.559780120849609,6.116886138916016,6.3383331298828125
N#Cc1ccc(NC(=O)c2ccc(C3(N4CCN(Cc5ccccc5)CC4)CC3)cc2)nc1,5.061401844024658,4.969539165496826,5.015470504760742
CC(=NNC(=O)CN1CCCCC1)c1cccc(Cl)c1,5.329979419708252,4.132959365844727,4.731469392776489
O=C(C=Cc1cccs1)N1CCCC1,5.5167555809021,6.010396957397461,5.76357626914978
COc1cc2c(cc1OC)C(=O)C(CC1CCN(Cc3ccccc3)CC1)C2,7.634814262390137,4.137218475341797,5.886016368865967
Nc1c(C(=O)Nc2ccccc2)sc2nc(-c3cccs3)nn12,5.365035057067871,4.106490135192871,4.735762596130371
COC(=O)CCCCCCCCCCCC(=O)NC1CCCCN(C)C1,5.063034057617188,4.967962741851807,5.015498399734497
O=C(CCCCCCC(=O)Oc1ccc2c(c1)C13CCCCC1C(C2)N(CC1CCC1)CC3)Oc1ccc2c(c1)C13CCCCC1C(C2)N(CC1CCC1)CC3,6.220696926116943,5.699795246124268,5.9602460861206055
c1ccc(-c2csc3ncnc(NCCN4CCOCC4)c23)cc1,3.804705619812012,5.437759399414063,4.621232509613038
COc1ccc(Nc2nc(-c3ccc(NC(=O)c4cccc(S(=O)(=O)N(C)C)c4)cc3)cs2)cc1,6.365200042724609,4.993927955627441,5.679563999176025
COC(=O)C(C)(C)C(c1ccc(Nc2nc3ccccc3o2)cc1)n1ccnc1,5.814265727996826,5.085451126098633,5.4498584270477295
NCCCOc1ccc(C(F)(F)F)cc1,4.601730823516846,7.223733901977539,5.912732362747192
CC(=O)NC(Cc1c[nH]c2ccccc12)C(=O)NC(Cc1ccccc1)C(=O)NC(CCCNC(=N)N)C(=O)NC(Cc1c[nH]c2ccccc12)C(N)=O,4.815540790557861,3.774007797241211,4.294774293899536
CN=C1N=C(Cc2c[nH]c3ccc(Br)cc23)C(=O)N1,5.370844841003418,5.624269485473633,5.497557163238525
CN(C)CCOc1ccc(C2CC3(C)C(CCC3(O)C#Cc3ccccc3)C3OC=CCCC32)cc1,3.95357894897461,6.399331092834473,5.176455020904541
CCOc1ccc2nc3c(c(C)c2c1)CCCC3,5.407754898071289,5.133558750152588,5.2706568241119385
Cc1ccc(-c2noc(-c3sccc3C)n2)cc1,5.890927314758301,6.41744327545166,6.1541852951049805
CCOC(=O)C(CCc1ccccc1)=NCC#N,5.267935752868652,5.691313743591309,5.4796247482299805
C=CCN1C(=O)NC(=O)C(=CC=Cc2ccco2)C1=O,5.256948947906494,6.017253875732422,5.637101411819458
CC(C)(C)n1nc(Cc2cccc(Cl)c2)c2ccccc2c1=O,5.1689133644104,4.493400096893311,4.8311567306518555
CC1(C)CN(CCC(=O)c2ccc(F)c(F)c2)CCN1S(=O)(=O)c1ccc(Cl)cc1,5.742441177368164,5.750784397125244,5.746612787246704
COc1cc2c(cc1OC)C(=O)C(Cl)(Cl)C2,6.543295860290527,6.031257152557373,6.28727650642395
O=[N+]([O-])c1ccc(C2=NN(c3ccccc3)C(c3ccccc3)C2)c(O)c1,6.379473686218262,5.079998970031738,5.729736328125
CCOc1ccc2c(c1)c(CC(=O)NCc1ccccn1)c(C)n2C(=O)c1ccc(Cl)cc1,5.589514255523682,5.171539783477783,5.380527019500732
CC(C)(C)OC(=O)Oc1cccc2c1CCC2=O,4.854210376739502,4.158095836639404,4.506153106689453
CN(C)C(=O)Oc1cccc(C2=NC3(CCCC3)ON2)c1,6.387991905212402,4.883160591125488,5.635576248168945
N#Cc1c(N)nc(SCc2ccc(C(=O)NC3CCCCC3)cc2)nc1-c1ccccc1,6.00560188293457,5.26918363571167,5.63739275932312
O=C(CCC1CCN(Cc2ccccc2)CC1)c1ccc2c(c1)CCCC2,7.039997100830078,3.852799415588379,5.4463982582092285
COc1ccc(C2CC(c3ccc(Cl)cc3)=NN2C(=O)N)cc1,6.441352367401123,5.994869709014893,6.218111038208008
O=C1CC(c2ccccc2)=Nc2ccccc21,5.644050598144531,5.03678035736084,5.3404154777526855
O=C(O)CCCCCCCCCCCCNc1c2c(nc3ccccc13)CCCC2,7.243857383728027,5.073198318481445,6.158527851104736
CNC1CCN(Cc2ccc(C(=O)NCC3CCCO3)cc2)C1=O,5.706608772277832,4.420906066894531,5.063757419586182
COc1cccc(C=C2SC(=S)N(c3cccc(Cl)c3Cl)C2=O)c1,5.688582420349121,5.250990867614746,5.469786643981934
CN(CCOCCN)CC(=O)Nc1cc(Br)ccc1F,4.598995208740234,5.574893474578857,5.086944341659546
O=C1C(=O)C(c2ccc(O)c(O)c2)Oc2cc(O)cc(O)c21,5.846800804138184,4.774687767028809,5.310744285583496
CC(=O)N=C(C)C(C)c1cc(O)c2c(c1)OC(C)(C)C1CC=C(CC(=O)O)CC21,4.551843166351318,4.6324005126953125,4.592121839523315
COc1ccccc1CC(C)NCCCCCNC(=O)C=Cc1ccc(Cl)cc1,4.219120502471924,4.574231147766113,4.3966758251190186
O=[N+]([O-])c1ccc2c(c1)Sc1nc3cc(OCCCN4CCN(C5CCCC5)CC4)ccc3nc2c1,,,
Cc1csc(NC(=O)c2cc(-c3ccc(F)cc3)cnc2N)n1,6.382606029510498,5.833927154541016,6.108266592025757
Cc1cccc(-c2noc(-c3cccc(N)c3)n2)c1,5.404228687286377,5.123707294464111,5.263967990875244
COc1nccn2c(-c3ccnc(NCC(C)(C)CO)n3)c(-c3ccc(F)cc3)nc12,4.805398941040039,5.761255741119385,5.283327341079712
O=c1cc(C(F)(F)F)oc2c1ccc1ccccc12,5.529727458953857,4.886001110076904,5.207864284515381
CCC(=O)Nc1cc2ccccc2c2ccccc12,4.465723991394043,5.80008602142334,5.132905006408691
Cc1ncsc1C(=O)NCCOc1ccc(F)cc1,5.5514116287231445,6.74014139175415,6.1457765102386475
O=C(COc1ccc2ccccc2c1)Nc1ccccc1,4.608573913574219,5.867917060852051,5.238245487213135
O=C(O)c1ccc(C=c2sc3nc(-c4ccc(F)cc4)cn3c2=O)cc1,6.124939441680908,6.1302995681762695,6.127619504928589
CCOC(=O)c1cc2cc([N+](=O)[O-])ccc2oc1=O,5.483349323272705,5.548537254333496,5.515943288803101
CCOC(=O)C1CCC(=O)N(CCCCCCNc2c3c(nc4ccccc24)CCCC3)C1,7.5501885414123535,4.559504985809326,6.05484676361084
COc1ccc(-c2cc3cc4c(cc3oc2=O)OCO4)cc1,5.692894458770752,6.202009201049805,5.947451829910278
CN1CCC2(C)c3cc(OC(=O)Nc4cccc(C(F)(F)F)c4)ccc3N(C)C12,6.403387546539307,5.942963123321533,6.17317533493042
CCN(C)CCCCCCCCCOC(=O)CCCCCN=C(N)N=C(N)N,6.1516194343566895,6.986837387084961,6.569228410720825
Cc1cc(C=C2C(=O)Nc3ccc(F)cc32)[nH]n1,6.700562477111816,6.59857988357544,6.649571180343628
Cn1c(=O)n(C)c2cc(C(O)CN3CCOCC3)ccc21,4.613144874572754,4.658838748931885,4.635991811752319
CCSc1nc(Cl)cc(OC)c1C(=O)Nc1ccccc1,6.1840410232543945,5.721789836883545,5.95291543006897
CN(C)c1ccc(C2CC3(C)C(CCC3(O)C#Cc3ccccc3)C3OC=C4CC(=O)CCC4=C23)cc1,5.362199783325195,7.647303581237793,6.504751682281494
COc1ccc(-c2nc3cc(-c4csc(C(=O)NCCC(C)C)c4)cnc3[nH]2)c(OC)c1,5.228570461273193,5.4777679443359375,5.353169202804565
COc1ccc(CCNC(=O)c2ccc(F)c(F)c2)cc1,4.977026462554932,5.166905879974365,5.071966171264648
COc1cc(OC)c2c(c1)C(=O)C(=O)C2=NNc1ccc(Br)cc1,6.702744007110596,4.665174007415772,5.683959007263184
O=C1c2ccccc2-[n+]2ccc3c([nH]c4ccccc43)c21,4.619189739227295,5.365114688873291,4.992152214050293
CN(C)c1cc[n+](CCCCCCCCCCC(=O)O)cc1,6.601565837860107,5.231509685516357,5.916537761688232
CC(=O)N1CCN(C2=Nc3ccccc3Sc3ccccc32)CC1,4.696084976196289,4.351219654083252,4.5236523151397705
CN(C)CCN1C(=O)C2C(=O)N(Cc3ccc4c(c3)OCO4)C(=O)N2C1=O,5.978474140167236,4.150783538818359,5.064628839492798
O=C(C=Cc1ccccc1)c1ccccc1O,4.920289993286133,6.045467376708984,5.482878684997559
CCCc1cc(O)nc(Nc2cccc3cccnc23)n1,5.096693992614746,5.585991382598877,5.3413426876068115
CC(=O)N1CCN(CC(O)COc2ccccc2Cl)CC1,4.68788480758667,4.479434013366699,4.583659410476685
NC(=O)c1cnc(NC(=O)c2cccc(OCC3CCCO3)c2)s1,7.0212907791137695,6.461004257202148,6.741147518157959
O=C1c2ccccc2-c2nnc(-c3ccc(F)cc3)cc21,5.582317352294922,6.205568313598633,5.893942832946777
CCn1cnc2c(SCc3ccccc3)nc(C(=O)OC)nc21,5.021102428436279,5.600814342498779,5.310958385467529
CC(C)OC(=O)COc1ccc2c(c1)OC(=O)C1CCCC=C21,4.302482604980469,5.290235996246338,4.796359300613403
Oc1nc2ccccc2n1C1CCN(C2CCOCC2)CC1,4.528136253356934,5.544366359710693,5.0362513065338135
O=C1Cc2c([nH]c3ccc([N+](=O)[O-])cc23)-c2ccccc2N1,5.156867504119873,5.928645133972168,5.5427563190460205
Cc1ccccc1-c1c2cc3ccccc3cc2oc1=O,,,
CC(=O)C1=C(C)N=C2CCCC(=O)C2C1c1ccccc1,6.332217216491699,6.9719977378845215,6.65210747718811
CN1N=C(N)c2cn(C3OC(CO)C(O)C3O)c3ncnc1c23,6.084883689880371,3.4663290977478027,4.775606393814087
Cc1ccc([N+](=O)[O-])cc1S(=O)(=O)NC(=O)NC1CCCC1,5.112052440643311,4.553948879241943,4.833000659942627
CC(C)n1cnc2scc(-c3ccc(F)cc3)c2c1=O,5.639195442199707,6.625270366668701,6.132232904434204
CCCCN1C(=O)C2(CCCC2)C(=O)N1Cc1ccc(-c2cccc(CC)c2)cc1,6.03323221206665,4.809809684753418,5.421520948410034
COc1cccc(CNC(=O)c2cc3c(-c4ccccc4)[nH]nc3s2)c1,5.915940761566162,4.537548542022705,5.226744651794434
O=C(Nc1cccc2cccnc12)c1ccc(C(=O)NCCc2ccccc2)cc1,5.738309860229492,5.0010271072387695,5.369668483734131
COc1cccc(CNC(=O)c2cnc3c(-c4ccccc4)cnn3c2C)c1,5.557342052459717,4.38259220123291,4.9699671268463135
Cc1cccc(COc2ccc3c(C)c(C)n(CC4CCCN4)c3c2)c1,5.919683456420898,6.340570449829102,6.130126953125
COC(=O)c1cc(C(=O)NCc2ccccc2)n(-c2ccccc2)n1,5.86571216583252,4.020957946777344,4.943335056304932
CC1=CC(C)(C)Nc2ccc3c(c21)C(=Cc1ccc(Cl)cc1)Oc1ccccc1-3,5.249733924865723,6.4029388427734375,5.82633638381958
CCCCCCCCCCCCOc1ccc(N=C(N)N)cc1N=C(N)N,5.603298187255859,7.209894180297852,6.4065961837768555
O=C(O)CCCCCCCCNc1c2c(nc3ccccc13)CCCC2,7.483838558197021,4.677828311920166,6.080833435058594
CCOC(=O)c1c(C)nc2c(C(=O)OCC)cccn12,5.200742721557617,4.762292861938477,4.981517791748047
CCCn1c(=O)c2nc(-c3ccc(OCC(=O)Nc4ccc(OC)cc4)cc3)[nH]c2n(CCC)c1=O,5.842191219329834,5.5251898765563965,5.683690547943115
CN1CCN(c2cc3c(cc2Cl)OCO3)CC1,5.026571273803711,4.925963878631592,4.976267576217651
O=c1c(CBr)coc2c1ccc1ccccc12,4.374504566192627,5.573475360870361,4.973989963531494
CNC(=O)C(C)n1ncc2cc(C#N)ccc21,5.974040508270264,4.88593864440918,5.429989576339722
CC1=NOC(C)=C1C(=O)OC1C=Cc1ccc(-c2cccc(Cl)c2)o1,,,
CNC(C)C1CC2c3ccccc3Oc3ccccc3S2O1,5.779384136199951,5.293774604797363,5.536579370498657
Cc1csc2ncnc(N3CCN(C(=O)Nc4cccc(Br)c4)CC3)c12,5.424849987030029,5.424640655517578,5.424745321273804
CCN1CCC(COc2nc3c(c(=O)n(C)c(=O)n3C)n2Cc2cccc(OC)c2)CC1,5.887710094451904,5.2606306076049805,5.574170351028442
CCCCCCCCc1cc(=O)oc2c(C)c(O)ccc12,4.965715408325195,5.940586566925049,5.453150987625122
O=C(C=Cc1cccc([N+](=O)[O-])c1)c1cc2ccccc2oc1=O,5.925160884857178,6.052365779876709,5.988763332366943
COc1cccc(-c2csc(Nc3ccc(C(=O)O)cc3)n2)c1,5.655929088592529,5.5411481857299805,5.598538637161255
N#CCCCCc1ccc2c(c1)OCCc1cc(C(=O)NCCCCCCCCNc3c4c(nc5cc(Cl)ccc35)CCCC4)oc1-2,8.294571876525879,4.984758377075195,6.639665126800537
COc1ccc2c(c1)OC(=O)C(=NCC1CCN(CC(C)C)CC1)C2,5.477398872375488,4.464992046356201,4.971195459365845
Cn1c2ccccc2c2c3c(O)[nH]cc3c3c4ccccc4n(CCC#N)c3c21,5.478621959686279,4.758981704711914,5.118801832199097
CN(C)CCCNc1nc(-c2ccccc2)nc2ccccc12,4.548688888549805,4.128764629364014,4.338726758956909
c1cc(-c2ncncc2-c2ccnc3ccccc23)ccn1,4.031983852386475,5.284558773040772,4.658271312713623
CC1=CC(=O)C(=O)C=C1c1ccc2c(c1)OCO2,4.647911071777344,6.119233131408691,5.383572101593018
Cc1cccc(NC(=O)C=Cc2cccc(Cl)c2)n1,4.777939796447754,5.665092945098877,5.221516370773315
CC(=O)Nc1cccc(C#CC(O)(c2ccc(Cl)cc2)c2ccc(Cl)cc2)c1,4.088873863220215,5.440029621124268,4.764451742172241
Cc1ccc(C)c(S(=O)(=O)N(C)C(C)c2ccc(F)c(N)c2)c1,6.800795078277588,5.023126125335693,5.911960601806641
COC(=O)c1sccc1NC(=O)C=Cc1ccco1,5.652756690979004,5.706490993499756,5.67962384223938
O=C(C=CC=CC1=CC(Br)=C(OC(CO)C=O)C1=O)NC1CCCC1,3.3442864418029785,5.735188007354736,4.539737224578857
CC(=NNc1nc2ccccc2[nH]1)c1c[nH]c2ccccc12,5.364150047302246,4.165034294128418,4.764592170715332
Clc1ccc(CCN2CCN(c3ccccc3)CC2)cc1,4.437970161437988,4.249904632568359,4.343937397003174
CC(=O)NCCc1cccc2ccc(OCCCOc3ccc4cccc(=O)oc4c3)cc12,,,
COc1cccc(CN2C(=O)C(=O)c3cc(S(=O)(=O)N4CCCC(C)C4)ccc32)c1,5.247260570526123,5.085381507873535,5.166321039199829
COc1cc2oc(-c3ccco3)cc(=O)c2c(OC)c1-c1ccc(OC)cc1,5.9541521072387695,4.396400451660156,5.175276279449463
COc1cccc(C=CC(=O)C2C=C(c3ccccc3)ON2)c1[N+](=O)[O-],5.702163219451904,4.592572212219238,5.147367715835571
COc1ccc(OC)c2c1C(=O)C(Cl)=C(Cl)C2,5.532102108001709,5.828739643096924,5.680420875549316
c1ccc(CN2CCC(c3nc4ccccc4o3)CC2)cc1,5.035640239715576,3.870736598968506,4.453188419342041
Fc1ccc(COc2ccc(Cc3cn[nH]c3-c3cccc(Cl)c3)cc2)cc1,4.911637306213379,6.466965198516846,5.689301252365112
CC(C)(C)C(=O)NC1CC2CCCC(C1)N2CCC(=O)Nc1cccc(Nc2ccccc2)c1,5.729233741760254,3.594296932220459,4.6617653369903564
CNC1CCN(c2ccc3nc(-c4c(O)nc5ccc(Cl)cc5c4N)[nH]c3c2)C1,6.30052661895752,4.301794528961182,5.301160573959351
COc1ccc(CC(C)NCC(O)c2cc(O)cc(O)c2)cc1,3.409693479537964,3.374047040939331,3.3918702602386475
COc1ccc(COc2ccc(Cc3cnc(N)nc3N)cc2OC)cc1,5.02706241607666,4.5756611824035645,4.801361799240112
CCCCCCNC(=O)c1cn(C)c2nc(Nc3ccc(C(=O)N4CCCC4)cc3)sc2c1=O,6.914524078369141,5.3499016761779785,6.13221287727356
COc1cc(OC)nc2c1nnn2Cc1cccc(Cl)c1,5.155978679656982,4.809895992279053,4.982937335968018
Cc1ccccc1NC(=O)Nc1ccc2c(C)cc(=O)oc2c1,6.0911478996276855,5.418905258178711,5.755026578903198
C#CC1(O)CCC2C3CC=C4CC(=O)CCC4=C3C(c3ccc(N(C)C)cc3)CC21C,5.577367782592773,8.077913284301758,6.827640533447266
CC(C)(C)c1ccc(C=C2CCCN=C2c2cccnc2)cc1,5.129807949066162,4.268511772155762,4.699159860610962
CC(C)(C)c1cnc(SC=C2CC(=O)c3ccccc3C2=O)o1,5.736826419830322,6.377385139465332,6.057105779647827
CCOC(=O)c1cnc(-n2nc(C)cc2C)nc1Nc1cccc(Br)c1,5.862369060516357,5.641457557678223,5.75191330909729
CN(C)C1CCN(CCCCOc2ccc3cc(=O)oc4ccc(Cl)cc4c3c2)C1,,,
O=C1C=CC(=CNNC2=c3ccccc3=NC2=O)C=C1,3.5436551570892334,5.890535354614258,4.717095255851746
CNC(=O)C=Cc1cnc(N)c2c(-c3ccc4c(c3)OCO4)csc12,6.441901683807373,4.705104351043701,5.573503017425537
OC1CCc2cc(-c3cccc(Nc4nc5c(F)cccc5o4)c3)ccc21,5.646146774291992,6.111209869384766,5.878678321838379
COc1cc2c(cc1OC)C(=O)C(CC1CCN(Cc3ccccc3)CC1)C2,7.634814262390137,4.137218475341797,5.886016368865967
C=C(c1ccc(O)cc1)C(CC)c1cc(O)ccc1O,4.718592166900635,4.290582656860352,4.504587411880493
O=C(CCC1CCN(Cc2ccccc2)CC1)c1cc2c3c([nH]c2ccccc12)CCC3,,,
CC(C)=CC1CC(O)(CN2CCC(Oc3ccc(C(=O)NCc4ccco4)cc3)CC2)OC(=O)C1O,4.797718048095703,4.547508716583252,4.6726133823394775
c1ccc(-c2ccc(CNc3nc(C4CC4)nc4ccccc34)o2)cc1,5.732236385345459,4.8213653564453125,5.276800870895386
COc1ccccc1Nc1nc2c(C)cccc2n2cnnc12,4.915030956268311,3.650630474090576,4.282830715179443
C#CC1(O)CCC2C3CCc4cc5c(cc4C1O2)OCO5,,,
CN(C)CCNC(=O)C=Cc1cn(-c2ccc(F)cc2)c2ccccc12,4.495862007141113,5.598901271820068,5.047381639480591
O=C(CCCCCC(=O)NCCCCCCCCNc1c2c(nc3cc(Cl)ccc13)CCCC2)NCCc1ccccc1,8.66914176940918,4.634776592254639,6.651959180831909
CC(C)Oc1ccc(C=C2C=CC(=[N+](C)C)C=C2)cc1,4.940009593963623,3.8590574264526367,4.39953351020813
CC1=CC=CN2C(=O)CC(c3ccccc3)C12,4.789089679718018,7.332016944885254,6.060553312301636
O=C(CCl)N=c1[nH]c2ccccc2c(=O)s1,6.000240325927734,6.3941755294799805,6.197207927703857
CC1=NOC(=O)C1=Cc1ccc(-c2ccc(Cl)c(Cl)c2)o1,4.944193840026856,7.044882774353027,5.994538307189941
Nc1ccc2oc(-c3ccco3)nc2c1,5.358731746673584,3.775581359863281,4.567156553268433
O=C(CC(c1ccccc1)C1CCCC1)N1CCCC1,5.410012245178223,4.161558628082275,4.785785436630249
O=C(CCCN1CCC2(CC1)C(=O)N(Cc1ccc(F)cc1)CN2c1ccc(F)cc1)c1ccc(F)cc1,5.81705904006958,5.975786685943604,5.896422863006592
O=C(CCl)Nc1ccc2ccccc2c1,4.0608015060424805,6.427745819091797,5.244273662567139
CC(C)N(CCC(CN)=O)Cc1cc(Br)ccc1O,5.432431221008301,5.027103900909424,5.229767560958862
C#CCN(C)C(C)Cc1ccc(OCCCCCCCOc2ccc(CCN3CCCCC3)cc2)cc1,5.30898904800415,6.390923976898193,5.849956512451172
NC(=O)c1cccc(-c2cnc3[nH]cc(-c4ccccc4)c3c2)c1,5.071598052978516,6.011710166931152,5.541654109954834
CN(C)CC1CCn2cc(c3ccccc32)C2=C(C(=O)NC2=O)c2cn(c3ccccc23)CCO1,4.634963512420654,4.937049388885498,4.786006450653076
Cc1ccc(-c2csc(NN=C(N)N)n2)cc1,4.712474822998047,5.5574140548706055,5.134944438934326
COc1ccccc1C(=O)C=Cc1ccccc1,5.527217864990234,5.58662748336792,5.556922674179077
O=C(C=Cc1ccc(O)c(O)c1)c1ccc(O)cc1O,4.642821311950684,5.957418918609619,5.300120115280151
CC(=CC=CC1=C(C)CCCC1(C)C)CCC=C1,,,
CCOc1ccc(-n2c(C(C)N(Cc3cccnc3)C(=O)c3ccccc3)nc3cc(OC)c(OC)cc3c2=O)cc1,6.304738998413086,4.520806789398193,5.41277289390564
O=C(O)c1ccc(Cl)c(Cn2ccc3ccccc32)c1,4.945676803588867,6.16596269607544,5.555819749832153
O=C(Cn1c(=O)c2ccccc2n2nncc12)Nc1ccccc1,5.236952781677246,3.542541265487671,4.3897470235824585
O=C(c1cc2cc(Br)ccc2[nH]1)N1c2ccccc2CC1CO,6.187537670135498,5.496801376342773,5.842169523239136
C#CCNCc1ccc(F)cc1,4.585095882415772,5.700741767883301,5.142918825149536
Fc1ccc(-c2cc3cccnc3c(-c3cccnc3)[nH]2)cc1,,,
Cc1cccc(C(=O)c2c(O)c(O)n(-c3nc4ccccc4s3)c2-c2ccccc2)c1,5.804040431976318,4.015647411346436,4.909843921661377
CCc1ccc(OCc2ccc(C(=O)O)o2)cc1,5.213932991027832,5.843363761901856,5.528648376464844
O=C(Cc1cccs1)N1CCC(CCn2c(=O)[nH]c3ccccc3c2=O)CC1,7.489298820495605,4.910853385925293,6.200076103210449
Clc1ccc(-c2cc(C3=NCCN3)on2)cc1,6.289899349212647,5.503355026245117,5.896627187728882
COc1ccc(C=CC(=O)Nc2ccc(OC)c(OC)c2)cc1,4.996150493621826,4.775319576263428,4.885735034942627
CN(C)C1(CNCCC2CCOCC2)COc2ccccc2OC1,4.520482063293457,5.510475158691406,5.015478610992432
CCCS(=O)(=O)c1ccc(OC)c(C(=O)CC(C)C)c1,5.683405876159668,5.311959266662598,5.497682571411133
Cc1ccc(OCc2nc(-c3ccccn3)no2)cc1,5.045090198516846,6.433243751525879,5.739166975021362
C#CCOc1cc2c(cc1C#N)OC(=N)C(C#N)C2,4.627852916717529,5.157709121704102,4.892781019210815
COc1cccc(C=CC(=O)c2ccccc2C(F)(F)F)c1OC,6.252560138702393,5.761284351348877,6.006922245025635
O=C(C=Cc1ccco1)NCC=C1C(=O)Nc2ccccc21,5.478302001953125,6.352802753448486,5.915552377700806
CCOC(=O)c1ccc(-c2coc3cc(OC)c(O)cc3c2=O)cc1,5.514369964599609,5.042611598968506,5.278490781784058
CCN(CC)CCOc1ccc2c(c1)Cc1c-2n[nH]c1-c1ccc(C#N)cc1,5.639024257659912,5.442315578460693,5.540669918060303
COc1cc(C=C2Cc3ccccc3C2=O)cc(OC)c1O,6.152655124664307,5.658534049987793,5.90559458732605
O=C1c2ccccc2-c2nnc(-c3cc(Cl)cc(Cl)c3)cc21,5.705403327941895,6.498131275177002,6.101767301559448
c1ccc(-c2cn(CC3CCCO3)c3ncnc(NC4CC4)c23)cc1,5.754551410675049,5.365227699279785,5.559889554977417
O=C(NC1CC1)C(c1cccnc1)c1ccccc1,5.289187431335449,3.464055061340332,4.376621246337891
O=C(c1cc(COc2ccccc2)on1)N(Cc1ccccc1)CC1CCCO1,5.909893035888672,4.355735778808594,5.132814407348633
COc1cc2c(cc1OC)C(=O)C(C#N)=C2,6.459543704986572,5.591299057006836,6.025421380996704
CC(C)(C)NC(=O)NCc1cccc(C#CC2(O)CCCC2)c1,4.83748722076416,4.129427433013916,4.483457326889038
CC(C)(C)c1cc(C=C2CCCN=C2c2cccnc2)cc([N+](=O)[O-])c1O,5.228876113891602,5.048125743865967,5.138500928878784
Cc1c2c(n3c1CCNCCCOc1cc-3ccc1C(=O)NCC2)CCCC3,,,
Clc1ccc(NC2=NCCc3ccccc32)c(Cl)c1,5.372416496276856,6.020654201507568,5.696535348892212
CN(C)CCNC(=O)c1ccc2c(c1)OCCO2,5.703104496002197,4.284210205078125,4.993657350540161
Cc1csc(NC(=O)c2cc3cc([N+](=O)[O-])ccc3oc2=O)n1,7.199752807617188,5.534115791320801,6.366934299468994
CNc1c2c(nc3ccccc13)CCC2,6.424572944641113,3.5623247623443604,4.993448853492737
COc1cccc(C(=O)Nc2ccc(OCc3cc(C(F)(F)F)cc(C(F)(F)F)c3)cc2)c1,5.30186939239502,6.358476638793945,5.830173015594482
CCC1CN2CCc3cc(OC)c(OC)cc3C2CC1CC1NCCc2cc(OC)c(OC)cc21,4.805575370788574,4.595561504364014,4.700568437576294
CC(=O)N1N=C(c2cccc(OCCCCOc3ccc4ccccc4c3)c2)CC1c1ccc(F)cc1,6.226556777954102,6.975095748901367,6.600826263427734
CN(C)c1ccc(C=C2C(=O)ON=C2c2cccc(O)c2)cc1,5.733840465545654,5.977414608001709,5.855627536773682
CC1=CC(C)(C)Nc2ccc3c(c21)C(=Cc1ccccc1)Oc1ccc(F)cc1-3,5.5039825439453125,6.551135063171387,6.02755880355835
CCCCCCC1=NN(c2ccc(C)cc2)C(=O)C1=CC=Cc1ccco1,5.313179016113281,5.569532871246338,5.44135594367981
Cc1cc2cc(C(=O)C=Cc3cccc(C)c3)sc2o1,5.629868507385254,6.253664016723633,5.941766262054443
Oc1ccc(C=Cc2ccc3ccccc3[n+]2CCc2ccccc2)c(O)c1,4.336911678314209,5.531596660614014,4.934254169464111
Cc1ncoc1-c1nnc(SCCCN2CC3CC3(c3ccc(Br)cc3)C2)n1C,6.88166093826294,7.420262336730957,7.150961637496948
c1ccc(C2NCCc3c2ccc2c3OC2CC2)cc1,,,
Cc1cccc2c3n(c(=O)c12)C(CCC3)Oc1ccccc1,,,
Cc1cccc(-c2nc(NCc3cccc(C#N)c3)sc2-c2ccc3c(c2)OCCO3)c1,5.678206443786621,5.677261829376221,5.677734136581421
Cn1cc(-c2cc(-c3ccc(C#N)cc3)nc(N)c2C#N)cn1,5.432936191558838,5.091940879821777,5.262438535690308
O=C(CN(C1CCCC1)S(=O)(=O)c1ccc(Cl)cc1)N1CCCCC1,5.333615303039551,4.722773551940918,5.028194427490234
O=c1ccoc2ccc(OCCCCN3CCC(c4noc5cc(F)ccc45)CC3)cc12,6.4183454513549805,6.084147930145264,6.251246690750122
O=C(CCl)Nc1ccc2ccn(Cc3ccccc3)c(=O)c2c1,5.185946464538574,5.658034324645996,5.421990394592285
COc1ccc2c(CN(C)CCCOc3ccc4c(c3)OCO4)cn(C)c2c1,5.397424697875977,5.825648307800293,5.611536502838135
Cc1ccc2nc(NC(=O)c3ccno3)sc2c1,6.18393611907959,5.316969394683838,5.750452756881714
O=C(NCc1ccccc1)C1CCCN(Cc2cn(-c3ccc(F)cc3)nn2)C1,5.555567741394043,4.244086742401123,4.899827241897583
CN(c1ncccc1CNc1nc(Nc2ccc3[nH]c(O)cc3c2)ncc1C(F)(F)F)S(C)(=O)=O,6.080163955688477,4.885314464569092,5.482739210128784
COc1ccccc1C=CC=Nn1c(S)nnc1-c1ccccc1,5.723657131195068,4.274929046630859,4.999293088912964
O=C(Nc1ccc(CC2CCC(C(=O)O)N2)cc1)c1cccc(Cl)c1,4.885711669921875,4.534563064575195,4.710137367248535
Cc1ccc(N=c2ssnc2Cl)c(O)c1,5.144011974334717,5.626132965087891,5.385072469711304
COc1ccc(OCC(=O)c2cc(C)n(CC3CCCO3)c2C)cc1,5.8286333084106445,5.581192493438721,5.704912900924683
O=C(C=Cc1ccc2c(c1)OCO2)N1CCCCC1,5.749726295471191,5.704177379608154,5.726951837539673
Oc1ccc2oc3cc(O)cc(CO)c3c(=O)c2c1,4.653958797454834,3.7715468406677246,4.212752819061279
COc1cc(OC)c(C(=O)NCC2CCN(Cc3ccccc3)CC2)cc1Cl,6.808166027069092,3.552013874053955,5.180089950561523
O=C(CCc1c[nH]c2ccccc12)Nc1ccc([N+](=O)[O-])cc1,5.363214015960693,5.464332580566406,5.41377329826355
O=C(O)c1ccc2c(c1)C(=CCN1CCC(COc3ccccc3C1)c1ccccc1CO2,,,
O=c1oc2cc(OCc3cccc(Cl)c3)ccc2cc1-c1ccc(O)cc1,4.908639907836914,7.2455973625183105,6.077118635177612
Cc1cc(C)nc(NN=Cc2ccc(O)c(O)c2)n1,4.6425957679748535,3.970453977584839,4.306524872779846
CC(=O)OC1CC2CCC3C(=CC4CCC5(C)C(CCC6(O)CSc7ccccc76)C(O)CC65O)C4(C)C3CCC12,,,
CC(=O)N1CCCC(C(=O)N2CCC(CO)(Cc3ccc(Cl)cc3)CC2)C1,5.381176948547363,3.898508548736572,4.639842748641968
CNC(=O)C=Cc1cnc(N)c2c(-c3ccc4c(c3)OCO4)csc12,6.441901683807373,4.705104351043701,5.573503017425537
CCNC(=O)N1CCC(Cc2ccc(C(=O)OC)cc2)CC1,5.076080322265625,3.644119262695313,4.360099792480469
CCOc1ccc(NC(=O)N2CCC(C(=O)NCCc3cccc(OC)c3)CC2)cc1,5.474445819854736,4.54929780960083,5.011871814727783
CN1N=C(N)c2cn(C3OC(CO)C(O)C3O)c3ncnc1c23,6.084883689880371,3.4663290977478027,4.775606393814087
O=c1cc(-c2ccc3[nH]ccc3c2)oc2ccc(F)cc12,5.470948219299316,6.207202434539795,5.839075326919556
COc1ccccc1-c1ccc(CO)o1,4.117341995239258,4.56646728515625,4.341904640197754
O=C1Nc2ccc(Cl)cc2C1=Cc1cc(Cl)c(O)c(Cl)c1,5.42648458480835,7.547145366668701,6.486814975738525
Cc1c(C2CC2)n[nH]c1NC(=O)CN1CC(C)OC(C)C1,5.177818775177002,4.3549909591674805,4.766404867172241
CN(C)c1nc2c(c(=O)[nH]c(=O)n2C)n1Cc1ccccc1,5.100345611572266,4.166233062744141,4.633289337158203
Fc1ccc(-c2[nH]c3ccccc3c2-c2ccncc2)cc1,5.126110553741455,5.876476287841797,5.501293420791626
Brc1ccc2c(c1)ncc1nncn12,4.644101619720459,5.461956977844238,5.053029298782349
CCN(CCCCCCN=C1C(=O)C(Cl)C(=NCCCCCCN(CC)Cc2ccccc2OC)C(=O)C1Cl)C(C)C,7.353264808654785,5.524296283721924,6.4387805461883545
O=c1oc2cc(OCCCCN3CCC(c4noc5cc(F)ccc45)CC3)ccc2c2c1CCCC2,7.114587306976318,5.927221775054932,6.520904541015625
CCC(CNc1ccc2oc3cc(Cl)ccc3c(=O)c2c1)OC,5.07763147354126,5.137073516845703,5.1073524951934814
O=C(NC(Cc1ccc(OCc2ccccc2)cc1)C(=O)O)c1ccc([N+](=O)[O-])cc1,5.345383644104004,4.51345157623291,4.929417610168457
CC(=O)Oc1ccc(C=C2CCCCC2=O)cc1,5.454135417938232,5.631414413452148,5.54277491569519
COC(=O)c1cc2c(c(C)c1Cl)OCCC2,3.616448402404785,4.315465450286865,3.965956926345825
NC1=c2ccccc2=NC(=O)C1c1ccc2ccccc2c1,5.66333532333374,5.796111583709717,5.7297234535217285
CC1=CC2Cc3nc4cc(Cl)ccc4c(Nc4ccc(CCN5CCCC5=O)cc4)c3C(C1)C2,6.883342742919922,5.789278984069824,6.336310863494873
CN(C)c1ccc(C(=NO)c2ccccc2N(C)C(=O)c2ccccc2)cc1,5.388960838317871,4.274191379547119,4.831576108932495
O=C(Nc1ccc2nc(SCC3CCCO3)sc2c1)c1ccc2ccccc2c1,6.151042461395264,5.9066572189331055,6.028849840164185
CCN(CCNCC(=O)C(Cc1c[nH]c2ccccc12)NC(=O)C(CC(=O)NCc1ccccc1)CC(C)(C)N,,,
COc1ccccc1C1=C(CC(=O)O)Sc2ccc(Cl)cc21,5.032853603363037,4.216203689575195,4.624528646469116
O=C(NCC1CCCCC1)c1cc2c(-c3ccccc3)[nH]nc2s1,6.443494319915772,5.342464923858643,5.892979621887207
CC(=O)N1N=C(c2ccc(OCCC3CCOCC3)cc2O)CC1c1ccccc1,6.569174766540527,5.933757305145264,6.2514660358428955
Cc1ccc(-c2nn(-c3cccc(Cl)c3)cc2C(=O)Nc2ccc(C)cn2)cc1,6.096386909484863,4.709356784820557,5.40287184715271
O=C1C(=O)C(NCc2ccccc2F)C1=Nc1ccncc1,5.761081218719482,5.330089092254639,5.5455851554870605
COc1cc2c(cc1OC)C(=O)C(Oc1cccc(Cl)c1)C2,6.577846527099609,5.0455498695373535,5.8116981983184814
CN1CCc2cc(Cl)c(O)cc2C(c2ccccc2)C1,4.068272590637207,5.649527072906494,4.858899831771851
CSCCC(NC(=O)c1ccc2ccccc2c1)c1ccccc1,4.544910430908203,4.471283912658691,4.508097171783447
O=C(NCCCCCCCNc1c2c(nc3cc(Cl)ccc13)CCCC2)c1cc(=O)c2ccccc2o1,8.89387035369873,4.573142051696777,6.733506202697754
CC(C)N(C)CC(=O)N(C)C1CCCCC1,5.4502272605896,4.954859256744385,5.202543258666992
O=C1C(=O)C(c2ccc(O)c(O)c2)Oc2cc(O)cc(O)c21,5.846800804138184,4.774687767028809,5.310744285583496
Cc1ccc(NC(=O)C2(c3ccccc3)CC2C(=O)NC(=O)c2ccc3ccccc3c2)cc1,5.827313423156738,5.105124473571777,5.466218948364258
N#CCCc1ccc2c(c1)-c1[nH]c3ccc([N+](=O)[O-])cc3c1CC(=O)N2,5.706790447235107,6.683656692504883,6.195223569869995
COc1ccc(C(=O)C=Cc2ccc(O)c(O)c2)c(OC)c1,5.681738376617432,5.285254955291748,5.48349666595459
CC1=NN(c2ccc(C(=O)O)cc2)C(=O)C1=Cc1c(C)cc2nc3ccc(Cl)cc3nc2c1O,6.989107131958008,5.072643280029297,6.030875205993652
CC(C)=NNc1nc2cc(Br)ccc2nc1Cc1ccccc1,5.407744884490967,4.149250030517578,4.7784974575042725
CCN(CC)C(=S)C1C=C2CC3C4CC5OC3C5(F)C(O)C4(F)C(O)CC3(C)C2(C)C1,,,
CCOc1ccc2c(c1)c(CCO)c(C)n2C(=O)c1ccc(Cl)cc1,5.626255512237549,5.590725421905518,5.608490467071533
O=C(CCn1c(=O)oc2ccccc21)Nc1ccccc1F,6.244492053985596,5.388882637023926,5.816687345504761
FC(F)(F)c1ccc(Nc2ncnc3sc(Nc4c(Cl)cccc4Cl)nc23)cc1,5.741964817047119,5.738748073577881,5.7403564453125
COc1c(C)ccc2c1C(=O)c1c(O)c3ccccc3oc1=O,,,
COC(=O)c1ccc2c(c1)NC(=O)C2C(=Nc1ccc(N(C)C(=O)CN2CCOCC2)cc1)c1ccccc1,5.789307594299316,4.829368114471436,5.309337854385376
CC(C)CNC1=NN=C(c2ccccc2)CS1,5.903493404388428,5.043207168579102,5.473350286483765
CC(C=Cc1cccc(F)c1)=NNC(=O)c1ccc([N+](=O)[O-])o1,5.675687789916992,5.304069519042969,5.4898786544799805
C#CC1(O)CCC2C3CC=C4CC(=O)CCC4=C3C(c3ccc(N(C)CCCCCCO)cc3)CC21C,5.703047752380371,7.529821395874023,6.616434574127197
CCNc1ncc2nc(-c3ccc(F)cc3)c(=O)n(CC3CCCO3)c2n1,6.018079280853272,6.020870208740234,6.019474744796753
NC(=O)c1sc(N2CCOCC2)nc1CC(=O)N1CCc2ccccc21,5.837138175964356,5.025818824768066,5.431478500366211
Sc1nnc(-c2ccncc2)n1-c1ccc2ccccc2c1,5.870016098022461,5.402751445770264,5.636383771896362
CCN(CC)CCNC(=O)C=Cc1cnc(N)c2c(-c3ccc(NC(=O)Nc4cccc(F)c4)cc3)csc12,6.089006423950195,5.500176906585693,5.794591665267944
O=C(C=C1CC(=O)Oc2cc(OCc3cccc(Br)c3)ccc21)N1CCCCC1,5.189969062805176,6.027746200561523,5.60885763168335
CC(C)CC1=C2CC(CO)OC3C(OC(=O)c4ccc(C5CCCCO5)cc4)C(O)CC3OC2=OC1,,,
CCN(CC)CCCNC(=O)c1cnc(N)c2c(-c3ccc(NC(=O)Nc4cccc(C)c4)cc3)csc12,6.857445240020752,4.940216541290283,5.898830890655518
COc1ccc(-c2csc3ncnc(N4CCN(c5ccccc5)CC4)c23)cc1,4.702389240264893,5.98686408996582,5.3446266651153564
CC1(C)C=C2CC(CO)(COC(=O)CCCCCCCCCCC(=O)Oc3ccc(O)cc3)OC2=O1,,,
COc1nc(COc2ccccc2Cl)nc2c1CCC2,5.286478042602539,5.835739612579346,5.561108827590942
O=C(NC1=Cc2ncc3cnnc(O)c(c2-3)C1)C1CC1c1ccccc1,5.843003749847412,5.418304443359375,5.6306540966033936
Cc1cc2cc(-c3csc4c(-c5cccc(S(C)(=O)=O)c5)cnc(N)c34)ccc2o1,6.287492752075195,4.920050144195557,5.603771448135376
O=C1NC(=O)C(c2ccc(Oc3ccccc3)cc2)(N2CCCC2)C(=O)N1,5.245725154876709,4.607142448425293,4.926433801651001
CC(C)C(=O)N1CCC(C(=O)N2CCOCC2)CC1,7.005280494689941,3.963639259338379,5.48445987701416
Cc1cccc(C)c1C(=O)NCC1COc2ccccc2O1,6.6464009284973145,4.351016998291016,5.498708963394165
O=C(C=Cc1ccc(Cl)c(Cl)c1)N1OCCO1,5.116697788238525,5.53794002532959,5.327318906784058
CC(C)(C)c1ccc2oc(C=Cc3ccc(O)c(O)c3)nc2c1,4.661227226257324,5.057732582092285,4.859479904174805
O=C(C=Cc1cccc(O)c1)OC1CC2C(O)C(O)(C(O)C=O)C(O)C1O,,,
COc1cccc(-c2cc3nc(-c4ccccc4)cc(N4CCNCC4)n3n2)c1,4.768945693969727,4.91365909576416,4.841302394866943
CCC1CCCN1CCCOc1ccc2c(C)cc(=O)oc2c1,6.059535026550293,5.882061958312988,5.970798492431641
CC(C)(C)C(=O)Oc1ccc2c(c1)nc(NC(=O)c1cccc([N+](=O)[O-])c1)n2CCCO,6.017041206359863,5.209296703338623,5.613168954849243
CC1=CC2Cc3nc4cc(Cl)ccc4c(N)c3C(C1)C2,7.141254425048828,4.37076473236084,5.756009578704834
O=C1CCC(=O)c2ccc(N3CCCCC3)cc2N1,5.359235763549805,5.810555934906006,5.584895849227905
COc1ccc(C(=O)OCC(=O)c2cc(OC)cc(OC)c2)cc1OC,5.416661262512207,4.2619500160217285,4.839305639266968
COc1ccccc1OCCNC(=O)COc1ccc2c(C)c(C)c(=O)oc2c1,6.486619472503662,6.523662567138672,6.505141019821167
CC(C)(C)OC(=O)NCCC1CCCN(C(=O)c2ccc3c(c2)OCO3)C1,5.443417549133301,3.430634021759033,4.437025785446167
CC(C)CC(=O)N(Cc1ccco1)c1cc2c(cc1Cl)COC2,4.620763301849365,5.010885715484619,4.815824508666992
Nc1ncnc2c1ncn2C1OC(COP(=O)(O)OP(=O)(O)OP(=O)(O)O)C(O)C1O,4.19359302520752,1.8478455543518064,3.0207192897796635
O=c1c2ccccc2oc2cc(CN3CCCC3)ccc12,5.842636585235596,3.512629508972168,4.677633047103882
O=C1C(=Cc2ccco2)CCC1=Cc1ccco1,4.527299404144287,6.422760963439941,5.475030183792114
COc1cc2c(cc1OC)-c1n[nH]c(Nc3cccc(F)c3)c1C2,5.711820125579834,5.167863368988037,5.4398417472839355
CNC(=O)Oc1ccc2c(c1)C1(C)CCN(C)C1N2C,7.130908012390137,5.488977432250977,6.309942722320557
CC(=O)c1cccc(OCC(=O)Nc2c(Cl)cncc2Cl)c1,5.092988014221191,5.31218957901001,5.202588796615601
Cc1ccc(-c2ccc(C(=O)c3ccccc3)o2)cc1,4.896822929382324,4.103817462921143,4.500320196151733
O=C(C[N+]1(CCCc2c[nH]c3ccccc23)CCCC1)OCc1ccccc1,5.694248676300049,3.86851978302002,4.781384229660034
Nc1ccc(-c2nc3ncc(-c4cccc(F)c4)cc3[nH]2)cc1,5.769050121307373,5.598570823669434,5.683810472488403
N#Cc1ccc(-c2ccc(CSc3nnc(-c4ccc5c(c4)OCO5)o3)cc2)cc1,6.248748302459717,6.732844829559326,6.4907965660095215
COC(=O)c1ccc2c(c1)S(=O)(=O)C(CCO)O2,5.606314182281494,5.157117366790772,5.381715774536133
Cc1ccccc1NC(=O)c1ccc(N2CCCC2=O)cc1,5.820671081542969,5.5864362716674805,5.703553676605225
c1ccc(-c2cc3cc(CCCc4ccccc4)ccc3o2)cc1,4.137658596038818,4.624969959259033,4.381314277648926
COc1cccc2c1OC(=O)C2=NNc1nc(-c2ccc(O)cc2)cs1,6.735004901885986,4.123883724212647,5.429444313049316
CCCCN(CCC#N)C(=O)c1cc2cc(OCCCCN(C)C)ccc2[nH]1,5.950589179992676,5.058069705963135,5.504329442977905
CC1=CC2Cc3nc4cc(Cl)ccc4c(NCCCCCCCCCNC(=O)c4cc(O)c5c(c4)C(=O)c4cccc(O)c4C5=O)c3C(C1)C2,8.481308937072754,5.6116461753845215,7.046477556228638
CCOC(=O)c1cn(Cc2ccccc2)c2cc(O)ccc2c1=O,6.05733060836792,4.782896041870117,5.4201133251190186
COc1cc(COc2ccc3c(C)c(C)c(=O)oc3c2)cc(OC)c1,5.321225643157959,7.675909996032715,6.498567819595337
CCC=S(O)(O)=Nc1cccc(Nc2ccc3ncn(C)c(=O)c3c2)c1C#N,6.463233947753906,4.946342468261719,5.7047882080078125
CN1CCN(CCC(=O)Nc2n[nH]c3nnc(-c4cccc(F)c4F)cc23)CC1,5.475697994232178,4.884870529174805,5.180284261703491
COc1cccc(C2CN3CCCC3c3cc(OCCCN4CCCCC4)ccc32)c1,5.112608909606934,5.509245872497559,5.310927391052246
COc1cccc(C=C2SC(=S)N(CCCC(=O)Nc3cccc(C(=O)O)c3)C2=O)c1,6.472944736480713,5.390227317810059,5.931586027145386
COc1cc2c(cc1OC)C(=O)C(=Cc1ccccc1)C2,6.229724884033203,5.586118221282959,5.907921552658081
COc1ccc(CC(=O)c2sc3nc4c(cc3c2N)CCCC4)cc1OC,6.007937908172607,3.981289863586426,4.994613885879517
CC(C)[N+]1(C)C2CCC1CC(C(=O)OC(CO)c1ccccc1)C2,5.9644927978515625,4.928314685821533,5.446403741836548
CCOC(=O)C1C(C)=NC(C)=C(C(=O)OC)C1c1cccc([N+](=O)[O-])c1,5.837057590484619,5.398585796356201,5.61782169342041
CC(=O)NC1CCc2ccc(=O)oc2C1,3.02909779548645,4.312713623046875,3.6709057092666626
Nc1c(Br)cc(C=C2C=Nc3ccccc32)cc1Br,5.3992180824279785,5.398538112640381,5.39887809753418
CC(C)OC(=O)c1ccc(-n2oc(C=C3C(=O)NC(=O)NC3=O)c(C(C)C)c2Br)cc1,,,
CN(CCC#N)C(=O)c1cccc(Oc2ccccc2)c1,6.112875461578369,4.9742751121521,5.543575286865234
CCNc1cc(Oc2ccccc2)ccc1OCC,6.366143226623535,4.8728861808776855,5.61951470375061
Cc1ccc(C(=O)NCCc2ccc(O)c(F)c2)cc1,5.352828502655029,4.849013328552246,5.100920915603638
CN(C)CC1CCn2cc(c3ccccc32)C2=C(C(=O)NC2=O)c2cn(c3ccccc23)CCO1,4.634963512420654,4.937050342559815,4.786006927490234
Cc1ccc(OC2CCN(c3ncnc4c3oc3ccccc34)CC2)cc1,5.268722534179688,5.286942481994629,5.277832508087158
COc1cc(C=C2SC(=S)NC2=O)ccc1O,6.169413089752197,4.328384399414063,5.24889874458313
O=c1cc(N2CCCCC2)oc2c1ccc1ccccc12,5.019910335540772,4.886312961578369,4.95311164855957
CN(C)c1ccc(-c2cn3cc4ccccc4cc3n2)cc1,5.355013847351074,6.1153435707092285,5.735178709030151
O=C1C=CC(=O)c2c(O)cccc21,6.011013031005859,7.056287288665772,6.533650159835815
Cc1ccc(C(=O)C=Cc2ccc3c(c2)OCO3)c(O)c1,5.17672872543335,6.148531436920166,5.662630081176758
CC1CCN(CCOc2ccccc2)CC1,5.70562744140625,4.24891996383667,4.97727370262146
N#CC1C(=N)n2c(sc(=Cc3ccco3)c2=O)=C(C(N)=O)C1c1ccco1,6.809876441955566,4.6765875816345215,5.743232011795044
CCn1ncc(-c2ccc(S(=O)(=O)N3CCOCC3)cc2)c1C,5.417846202850342,5.782523155212402,5.600184679031372
CCOC(=O)Cc1csc2c(OC)ccc(OC)c12,5.375603199005127,4.643914222717285,5.009758710861206
COc1cccc2c1C(=O)c1c(O)c3c(c(O)c1C2=O)CC(O)(C(O)C=O)CC3OC1CC(N)C(O)C(C)O1,6.512968063354492,3.783092975616455,5.148030519485474
CNC(=O)c1cnc(N)c2c(-c3ccc(NC(=O)Nc4cc(C)ccc4F)cc3)csc12,7.122401714324951,4.820563793182373,5.971482753753662
O=C(C=Cc1cccc(Cl)c1)Nc1ccc2[nH]c(O)nc2c1,5.4906840324401855,5.768013954162598,5.629348993301392
Cc1ccc(C(=O)Nc2c(C)cccc2C)cc1S(=O)(=O)N1CCCCC1,6.593914031982422,4.487301349639893,5.540607690811157
COc1ccccc1-c1ccncc1CN1CCN(CC2CCCO2)CC1,4.79081916809082,4.058567523956299,4.42469334602356
COc1cc2[nH]c3c(c2cc1OC)C(=O)CCC3,6.197743892669678,4.982792854309082,5.59026837348938
CC1=CC2Cc3nc4cc(Cl)ccc4c(NCCCCCCCNC(=O)c4c(O)c5cc(Cl)ccc5oc4=O)c3C(C1)C2,8.310101509094238,5.290371894836426,6.800236701965332
COc1ccc(OC)c2sc(NC(=O)c3cccc4nsnc34)nc12,5.553571224212647,4.4866461753845215,5.020108699798584
Cc1ccccc1C(=O)Nc1ccccc1C(=O)NC1CCCCC1,5.686232089996338,4.773740768432617,5.2299864292144775
CC1CCCN1S(=O)(=O)c1ccc(C(=O)Nc2nnc(C3CC3)o2)cc1,7.037336349487305,5.935957908630371,6.486647129058838
Oc1nc2c3c(ccc2[nH]1)CCCC3,6.011091232299805,5.605918884277344,5.808505058288574
CN(C)CCOc1ccc(C=C2COC(c3ccccc3)OC2=O)cc1,4.286364555358887,5.645552158355713,4.9659583568573
O=C1CC(O)CC(CCc2ccc(Cl)cc2Cl)O1,3.849423885345459,4.414345741271973,4.131884813308716
COc1ccc(C=C2COc3ccc(F)cc3C2=O)cc1,4.786250591278076,7.052715301513672,5.919482946395874
O=C1NCCc2[nH]c(-c3ccncc3)cc21,5.43360710144043,5.847607612609863,5.6406073570251465
CC1=NC(=O)NC(c2cccc(F)c2)C1C(=O)NCc1cccc(Cl)c1,5.249305248260498,6.082324504852295,5.6658148765563965
O=C(CCc1c[nH]c2ccccc12)NCCC[N+](=O)[O-],6.699640274047852,5.1103715896606445,5.905005931854248
COc1ccc(CC(=O)N2CCc3cc(OC)c(OC)cc3C2)c(OC)c1,5.998477458953857,4.031737327575684,5.0151073932647705
O=C1c2cc([N+](=O)[O-])ccc2-n2c1nc1cccc(Br)c1c2=O,5.0732526779174805,5.13470458984375,5.103978633880615
CC(C)(C)c1cc[n+](C=Cc2ccc(Cl)cc2)cc1,4.591668128967285,3.949351310729981,4.270509719848633
CN(CCO)c1ccc(C=C2C=C3C(=O)CCC=C3C=C2)cc1,5.354610443115234,6.556087970733643,5.9553492069244385
O=C(NC1C2CC3CC(C2)CC1C3)c1cc(=O)c2ccccc2o1,6.557781219482422,4.616684913635254,5.587233066558838
CCCn1c(=O)c2nc(-c3ccc(OCC(=O)NCCN(C)C)cc3)[nH]c2n(CCC)c1=O,5.737606048583984,5.334245204925537,5.535925626754761
Cc1cnc(C(=O)NCc2cccc(C3(O)CCOCC3)c2)cn1,4.548973083496094,5.492295742034912,5.020634412765503
COC(=O)C1=C(C)N=C(C)C(C(=O)OCCNc2cc(OC)c(OC)cc2[N+](=O)[O-])C1c1ccc(OC)cc1,6.011358737945557,4.604009628295898,5.3076841831207275
CCCCCCN(CCCCCC)C(=O)Oc1ccc2c(c1)C1C(=O)CCN(C)C1S2,5.129598140716553,5.727079391479492,5.4283387660980225
COc1ccc(OCCc2cccc(C(=O)O)c2)c(C(=O)C(C)C)c1,6.051481246948242,5.07724142074585,5.564361333847046
C=C1C(=O)OC2C1CCC1(C)C(=O)C3=Cc4c(cnn4-c4ccc(F)cc4)CC3(C)C12,5.079897880554199,8.300867080688477,6.690382480621338
Cc1ccc(C(=O)c2coc3ccc(O)cc3c2=O)cc1,5.206802368164063,5.03953742980957,5.123169898986816
O=C(C=Cc1ccccc1)Oc1ccc2cc(O)ccc2c1,5.361687660217285,6.544371604919434,5.953029632568359
O=C1Nc2ccc(C(=O)c3ccccc3)cc2C1=Cc1cc(Br)c(O)c(Br)c1,5.5685248374938965,5.987059593200684,5.77779221534729
CCC1=C(C(=O)OC)C(c2ccccc2OC)NC1=O,5.132827758789063,4.514700889587402,4.823764324188232
C=CCN1CCC23c4c5ccc(O)c4OC2C(=O)CCC3(O)C1C5,6.934583187103272,6.695377349853516,6.8149802684783936
O=C(c1cc2ccoc2cn1)N1CCOCC1,4.877485752105713,4.526952266693115,4.702219009399414
COc1cc2c(-c3ccc(F)c(F)c3)cn(C4CCCC4)c2c(O)c1C=CC(C)C,5.360984325408936,5.281754016876221,5.321369171142578
CN1CCN(CCCC(=O)Nc2n[nH]c3nnc(-c4cccc(F)c4F)cc23)CC1,5.654419422149658,4.951772212982178,5.303095817565918
c1ccc(-c2nc(-c3ccccn3)cs2)cc1,4.031449317932129,4.832058906555176,4.431754112243652
Cc1ccc(N=C2CC3(C)CC2CC(C)(C)C3)cc1,5.820496559143066,4.858202934265137,5.339349746704102
Cc1ccc(NC(=O)Nc2ccc(NC(=O)c3csc4ncnc(N)c34)cc2)cc1,5.911716461181641,4.579882621765137,5.245799541473389
COc1cc2c(cc1NC(=O)c1ccc(C#N)cc1)oc1ccccc12,5.66477632522583,5.205355644226074,5.435065984725952
CCCCCCCOC(=O)C1CCCN1C(=O)Cc1cccc(CO)c1,5.031223297119141,5.046517372131348,5.038870334625244
CC(C)Oc1cccc(COC(=O)c2ccc(-c3ncon3)cc2)c1,4.51045036315918,5.229405403137207,4.869927883148193
Nc1nc2ccc(F)cc2c2nc(-c3ccco3)nn12,4.9628190994262695,4.235594272613525,4.5992066860198975
CCC(=O)Nc1ccc2ncnc(SCC(=O)OC)c2c1,3.694855213165283,5.791634559631348,4.743244886398315
O=C1CCc2ccc(OCCCCN3CCN(c4cccc5cccc(F)c45)CC3)nc2N1,6.36430549621582,5.4853715896606445,5.924838542938232
COC1C=CC=C(C)C(=O)NC2=CC(=O)C=C(C2=O)C(OC)C(C)CC(OC)C(OC)C(C)C=C(C)C1OC(N)=O,4.118475914001465,5.269523620605469,4.693999767303467
O=C(NC(=S)Nc1ccc(F)cc1)c1ccc(-c2ccccc2)cc1,6.1258063316345215,5.439311981201172,5.782559156417847
CCCCCOc1ccc(-c2coc(-c3ccc(O)cc3)n2)cc1,4.846420764923096,5.888401985168457,5.367411375045776
CC(C)(C)c1ccc([SH](=O)(O)CC=NC(=O)c2cccc(Cl)c2Cl)cc1,5.195539474487305,3.989469289779663,4.592504382133484
Cc1c(C)c2ccc(NS(=O)(=O)c3ccc(F)cc3)cc2oc1=O,5.9656901359558105,6.441770553588867,6.203730344772339
COc1ccc(C(=O)C=Cc2cccc([N+](=O)[O-])c2)cc1,5.0523858070373535,5.162971019744873,5.107678413391113
COc1ccc(S(=O)(=O)N2CCOCC2)c2ccccc12,4.926395893096924,4.921487808227539,4.9239418506622314
c1ccc2c(c1)NNC2=C1N=c2ccccc2=N1,5.202606201171875,4.5166096687316895,4.859607934951782
O=C(O)COc1ccccc1Nc1nc(Nc2ccccc2)ncc1C(F)(F)F,6.034206867218018,5.204046726226807,5.619126796722412
O=C1c2ccccc2C(=O)N1C1CCCCC1,4.834572792053223,5.517338752746582,5.175955772399902
CCNC(=O)C1OC(n2cnc3c(Nc4ccc(Cl)c(Cl)c4)ncnc32)C(O)C1O,5.628346920013428,4.432684898376465,5.030515909194946
CC1=CC2Cc3nc4cc(Cl)ccc4c(N)c3C(C1)C2,7.141254425048828,4.37076473236084,5.756009578704834
Cc1cc(O)nc2[nH]nc(-c3cccc(-c4cc(Cl)ccc4Cl)c3)c12,5.913569927215576,6.066446304321289,5.990008115768433
CCN1CCN(Cc2ccc(C(=O)N3CCCCC3)cc2)CC1,5.720958232879639,3.4655532836914062,4.5932557582855225
CCOC(=O)Cc1cc(OC)c(OC)c(OC)c1,5.043411731719971,3.5599491596221924,4.3016804456710815
Cc1ccc(C(O)=NO)cc1N(C)S(=O)(=O)c1ccc(C)cc1,5.634744167327881,3.707253456115722,4.670998811721802
COc1ccc(C(=O)NC(=S)Nc2ccc(SC)c(Cl)c2)cc1,5.944430351257324,4.526347160339356,5.23538875579834
c1cnc2c(c1)ccc1n2CCCN1CCOCC1,,,
O=C(O)C=NOC(c1ccc(OCc2ccc3ccccc3n2)cc1)C1CCCCC1,4.65800666809082,5.246703147888184,4.952354907989502
COc1cc(C2c3cc4c(cc3C(O)C3COC(=O)C23)OCO4)cc(OC)c1OC,4.98301887512207,5.3690338134765625,5.176026344299316
C=CCN(CC=C)C(=O)C1(c2ccc(Br)cc2)CCC1,4.767419815063477,4.674319744110107,4.720869779586792
C#CCN(C)C(C)Cc1ccc(OCCCCCCNc2c3c(nc4ccccc24)CCCC3)cc1,5.865020751953125,5.859611034393311,5.862315893173218
COC(=O)C1=C(C(=O)OC)SC(c2ccccc2OC)S1,4.822412014007568,4.0627946853637695,4.442603349685669
CC(C)C1C(=O)NC(CO)Cc2cc3cc(C(C)(C)C)ccc3nc2N1C,5.079390048980713,4.864221096038818,4.971805572509766
CN1C(=O)C(C#N)=C2C=C(N3CCOCC3)CC(=NC3CCCCC3)CC21,5.752326965332031,5.408100605010986,5.580213785171509
CC1=CC(C)(C)Nc2cc(-c3ccc([N+](=O)[O-])cc3)ccc21,4.826351642608643,5.872501373291016,5.349426507949829
Cc1nc(C(=O)NCc2ccco2)cs1,5.562095642089844,6.180732250213623,5.871413946151733
COc1cc2c(cc1OC)C(c1cccnc1)N(CCCCCCN)CC2,4.379979133605957,4.627379894256592,4.503679513931274
CCCCCCCCCCCCC(=O)NCC(=O)N1CCCC1,6.178613662719727,5.726075172424316,5.9523444175720215
COc1ccncc1-c1[nH]nc(O)c1N=Nc1ccccc1,5.057212829589844,3.7840518951416016,4.420632362365723
CC(=O)c1cc2cc(C(=O)NCCc3ccccc3)ccc2oc1=O,7.35682487487793,5.733907699584961,6.545366287231445
CC1=CC2Cc3nc4cc(Cl)ccc4c(NC4CCCCC4)c3C(C1)C2,6.69924259185791,4.902968406677246,5.801105499267578
O=C(NC(=S)Nc1ccccc1)c1ccc([N+](=O)[O-])cc1,6.947552680969238,4.284595489501953,5.616074085235596
O=C(CCCN1C(=O)C(=Cc2ccc3ccccc3n2)SC1=S)Nc1ccc(Cl)cc1,5.777543067932129,5.367618083953857,5.572580575942993
Nc1nc(-c2ccc(Cl)s2)cs1,5.176111221313477,6.332797050476074,5.754454135894775
CN1CCC(c2c[nH]c3cc(OC(F)(F)F)ccc23)C1,4.809344291687012,5.893484592437744,5.351414442062378
Cc1ccccc1C1(O)CCN(CCC(=O)c2ccc(F)cc2)CC1,5.569838047027588,4.992821216583252,5.28132963180542
CCc1ccc(-c2cc3c(=O)n(C)c(=O)n(C)c3o2)cc1,6.069253921508789,5.689050674438477,5.879152297973633
Fc1ccc(C2=NC3(CCCC3)CN2)cc1,6.207510471343994,6.410421371459961,6.3089659214019775
Cc1cc(=O)oc2cc(OCC(=O)NN=Cc3cccc4ccccc34)ccc12,5.262663841247559,6.191421031951904,5.7270424365997314
CN(C)c1ccc(C=CC2=[N+](C)c3ccccc3C2(C)C)cc1,6.035350799560547,5.669711112976074,5.8525309562683105
O=C1c2ccccc2S(=O)(=O)N1CCOc1ccc(-c2nsc(SCc3ccccc3)n2)cc1,6.709729194641113,6.084552764892578,6.397140979766846
CC1CCCC(C)N1CCCC1CN(Cc1cccc(Cl)c1Cl)C(=O)c1ccco1,,,
Cc1ccc(C2C(C#N)C(=N)SC(=N)C2C#N)cc1,6.602328300476074,6.262255668640137,6.4322919845581055
O=C(CCCc1ccccc1)c1ccc2c(c1)OCCO2,5.372345924377441,5.174595832824707,5.273470878601074
COc1cc(C=C2SC(=S)NC2=O)ccc1O,6.169413089752197,4.328384399414063,5.24889874458313
O=C(O)c1cnc(N2C(=O)c3cccc(Cl)c3C2=O)cc1C(F)(F)F,5.974703311920166,5.012698650360107,5.493700981140137
CCOC(=O)c1[nH]c2ccc(OC)cc2c1NC(=O)c1ccc(C#N)cc1,5.952837944030762,4.931926250457764,5.442382097244263
O=C(NN=Cc1ccc(Sc2nc3ccccc3[nH]2)o1)c1cccc([N+](=O)[O-])c1,6.095718383789063,4.3974151611328125,5.2465667724609375
COc1ccc(-c2nc(C#CC(C)(O)CC)cs2)cc1,3.794922351837158,6.724217414855957,5.259569883346558
COc1ccc2c3c1OC1C(=O)C=CC4(C)C(c5occc5-c5ccccc5)C(C2)N(C)CCC314,5.405244827270508,6.939378261566162,6.172311544418335
CCCN1CCOC2Cc3c(O)cccc3CC21,5.080737113952637,5.137873649597168,5.109305381774902
C#CCn1c(=O)c2ccccc2n2c(SCCO)nnc12,5.068813800811768,4.432340621948242,4.750577211380005
Cn1c(SCCCC(=O)O)nc2ccccc21,5.286613941192627,5.2767744064331055,5.281694173812866
COc1cc(C=C2SC(=S)N(CCCC(=O)Nc3ccc(C(=O)N4CCCC4)cc3)C2=O)ccc1O,6.672043800354004,5.041688919067383,5.856866359710693
O=C(C=Cc1ccc(O)c(O)c1)OCc1ccccc1F,4.732867240905762,6.577095985412598,5.65498161315918
CN(C)Cc1ccccc1-c1ccc(CSCCNS(=O)(=O)c2ccc(O)c(C(=O)O)c2)cc1,5.805176734924316,4.468671798706055,5.1369242668151855
COc1ccc(NC(=O)c2sc3nc(-c4ccncc4)ccc3c2N)cc1Cl,6.061391830444336,4.575811386108398,5.318601608276367
CCOC(=O)c1c(C)[nH]c2ccc(OCC(O)CN3CCOCC3)cc12,4.927464485168457,4.556677341461182,4.742070913314819
N=c1n(CC(=O)c2ccc(Cl)cc2)c2ccccc2n1CCCC2=O,,,
CC(=O)c1ccc2c(c1)N(C(CCN1CCCC1)c1ccccc1S2,,,
COc1ccc(-n2c(C=C3SC(=S)N(CCCCCC(=O)NCC(=O)O)C3=O)c3ccccc32)cc1,,,
O=c1cc(-c2cccc(O)c2)oc2ccc(Oc3cccc(Cl)c3)cc12,5.590799808502197,4.838474273681641,5.214637041091919
CC(=O)NC1CCCc2cc(OCCCCN3CCN(c4cccc(Cl)c4)CC3)ccc21,4.982132911682129,4.739766597747803,4.860949754714966
O=C(CCC1CCN(Cc2ccc(-c3ccccc3)cc2)CC1)c1ccc(F)cc1,5.76189661026001,4.063305377960205,4.912600994110107
COc1cccc(C=C2SC(=S)N(c3ccccc3)C2=O)c1,5.666534423828125,4.623983383178711,5.145258903503418
COc1cc(C=C2SC(=S)N(c3ccccc3)C2=O)ccc1O,6.423882007598877,4.502425193786621,5.463153600692749
COc1ccc(NC(=O)C(c2cccc(C)c2)n2cccc2)c(OC)c1,5.732843399047852,3.04355525970459,4.388199329376221
COc1cc(N=C2CC(=O)c3sc(C)nc3C2=O)c(OC)cc1OC,6.636343002319336,4.868188381195068,5.752265691757202
COc1ccc2oc(C(=O)N3CCC(C)CC3)c(C)c2c1,5.825379848480225,4.623360633850098,5.224370241165161
COc1cc(C=C2SC(=O)NC2=O)ccc1O,5.989626407623291,4.644247055053711,5.316936731338501
Cn1nc(C(C)(C)C)cc1NC(=O)c1cc(-c2ccco2)nc2ccccc12,5.392498970031738,4.492195129394531,4.942347049713135
CC(C)COC1=COC2(CCN(Cc3ccc(Cl)cc3)CC2)OC1,5.506133079528809,4.714623928070068,5.1103785037994385
CN1CCC(O)(c2ccc(-c3ccccc3)cc2)C2CCCCC21,4.279481887817383,5.670770168304443,4.975126028060913
COc1cc2c(CC(=O)NC3CCC(C)CC3)coc2cc1OC,5.273871898651123,4.397866249084473,4.835869073867798
CC(=O)NCc1cccc(OCC(=O)N2CCCC2)c1,5.420337677001953,4.5786333084106445,4.999485492706299
CN1CC=CCCC=CCC=CCC=CC=CC=CC=CC#Cc2cc(C#N)ccc2O1,3.89585542678833,5.557823657989502,4.726839542388916
CC1=CC(C)(C)Nc2ccc(-c3coc(O)c3)cc21,4.710749626159668,5.712652206420898,5.211700916290283
COc1cccc(-c2cn(C3CCN(CCC#N)CC3)c3ncnc(N)c23)c1,4.938662528991699,4.467075824737549,4.702869176864624
Ic1cccc(CSc2nnc(-c3ccncc3)o2)c1,6.109723567962647,7.398393154144287,6.754058361053467
O=C(NN=Cc1ccc(O)cc1O)Nc1cccc2nsnc12,5.133494853973389,3.7336602210998535,4.433577537536621
O=C(C=Cc1ccc(O)cc1)c1ccc(O)cc1O,4.703176975250244,5.823011875152588,5.263094425201416
Cc1ccc(Cn2ccc(CCc3ccc(O)c(Cl)c3)n2)o1,5.968245983123779,4.893599987030029,5.430922985076904
O=C1NC2CCCCCC2NC1=CC=Cc1ccccc1,4.0699334144592285,5.724979877471924,4.897456645965576
Cc1ncc([N+](=O)[O-])n1CCNC(=O)C1CCCCC1,4.790703296661377,5.557932376861572,5.174317836761475
CCCC[N+](C)(C)CCOc1cc(C)ccc1C,5.11746072769165,4.559813499450684,4.838637113571167
Cc1cccc(C#Cc2ccccc2)n1,3.756190299987793,6.038094520568848,4.89714241027832
CCCOc1ccc(CCNCc2nc3ccccc3n2C)cc1OC,5.260831356048584,4.716098785400391,4.988465070724487
COc1cc(C(=O)N=c2[nH]c3ccccc3c(=O)s2)cc(OC)c1OC,6.483989715576172,4.903627395629883,5.693808555603027
Cc1cccc(C(=O)c2ccccc2C(=O)NC2CCCCC2)c1,4.930303573608398,4.153874397277832,4.542088985443115
COc1cccc(-c2csc(N)c2C(=O)OC(C)C)c1,5.947508335113525,4.560024738311768,5.2537665367126465
COc1cc2c(cc1OC)C1=NOC(CN3CCN(Cc4cc(C)on4)CC3)C1CO2,6.554400444030762,4.691173553466797,5.622786998748779
CC1=Nc2cc(CCOc3ccc(N4CCOCC4)cc3)ccc2Sc2ccccc21,5.622821807861328,6.10938835144043,5.866105079650879
O=C1COc2ccc(C(=O)CSc3ncccn3)cc2N1,5.754897594451904,6.150767803192139,5.9528326988220215
O=[N+]([O-])c1cccc2cc(CN3CCCCC3)c(O)cc12,5.83032751083374,5.056056022644043,5.443191766738892
CCC1=C2CC(=O)C(=NC(C)=O)CCC2(C)C1,5.9968438148498535,5.921080112457275,5.9589619636535645
COc1cc2c(cc1Nc1nc(Nc3cccc(F)c3C(N)=O)c3cc[nH]c3n1)N(C(=O)CN(C)C)CC2,6.205618381500244,4.178657054901123,5.192137718200684
O=C(C[N+](=O)[O-])NCCCCNc1c2c(nc3ccccc13)CCCC2,7.885796546936035,4.550634860992432,6.218215703964233
NNC(=O)CC(O)CN1CCCC(CN2C(=O)CC(c3ccc(Br)cc3)CC2=O)C1,4.80814790725708,4.8047285079956055,4.806438207626343
COC1=CC=CC(=NC(=O)c2ccccc2Cl)C1=O,4.273672103881836,5.242170333862305,4.75792121887207
Cc1cccc2c1C(=O)c1c(O)c3c(c(O)c1C2=O)CC(O)(C(=O)CO)CC3OC1CC(N)C(O)C(C)O1,6.377233505249023,4.082093238830566,5.229663372039795
CNC(=O)C=Cc1cnc(N)c2c(-c3cc(F)c4[nH]c(C)cc4c3)csc12,6.576230049133301,5.0884270668029785,5.83232855796814
CC1=C(C)C(=O)C(c2ccc(OC(=O)N(C)C)cc2)C1=O,6.678336143493652,5.245051860809326,5.961694002151489
Cc1cccc(C)c1-n1c(C)nnc1SCC(=O)Nc1nccs1,6.372126579284668,6.0644049644470215,6.218265771865845
Cc1c2ccc3ccc(N(C)C)cc3c2nn1-c1ccc(F)cc1,6.250243663787842,6.614615440368652,6.432429552078247
N#CC(=Cc1ccc(O)c(O)c1)C(=O)NCc1ccccc1,5.139800071716309,5.498981475830078,5.319390773773193
CC1CC(C)CN(CCCNC(=O)c2ccc3c(c2)C2(C)CCN(CCOc4ccc(Cl)cc4)C2N3C)C1,6.292914867401123,4.612197399139404,5.452556133270264
CC1=CC(C)(C)Nc2ccc3c(c21)C(=Cc1ccccc1)Oc1c(F)cc(F)cc1-3,5.584230899810791,6.4982757568359375,6.041253328323364
O=C(N1CCCC1)C1(c2ccccc2)CC=CC1,4.56329345703125,3.9287428855896,4.246018171310425
Cc1cc(Cl)cc2c1N(C(=O)CCCCCCCCNc1c3c(nc4cc(Cl)ccc14)CCCC3)CC2,8.78105640411377,4.952431201934815,6.866743803024292
CCOC(=O)c1sc(NC(=O)CNC(=O)C(C)(C)C)c(C#N)c1C,5.42685079574585,4.424895286560059,4.925873041152954
CCOC(=O)c1cnc2cc(OC)c(OC)cc2c1NCc1ccccc1,5.492900848388672,4.345304012298584,4.919102430343628
Cc1ccc(C2CC(c3cc4ccccc4oc3=O)=NN2)cc1,7.360687255859375,7.745030403137207,7.552858829498291
Nc1c2c(nc3ccccc13)CCCC2,6.06611967086792,2.261878967285156,4.163999319076538
COc1cc(OC)c2c(-c3ccccc3)cc(=O)oc2c1,5.750039577484131,4.976970195770264,5.363504886627197
COc1ccc(-c2cc3c(=O)n4cccc(C)c4nc3s2)cc1,5.45049524307251,5.59116268157959,5.52082896232605
CC(=O)NC(CC(C)C)c1cc(F)ccc1OCc1cccc(Cl)c1,3.98534631729126,4.679967403411865,4.3326568603515625
CCOC(=O)C1C(=N)n2c(sc(=Cc3cccs3)c2=O)=C(C(N)=O)C1c1cccs1,7.231867790222168,5.237039566040039,6.2344536781311035
COc1cc2c(cc1OC)C1=NOC(CN3CCN(Cc4ccc5c(c4)OCO5)CC3)C1CO2,6.806900024414063,4.680825233459473,5.743862628936768
C[N+]1(C)CCCC1c1ccc(C(c2ccccc2)N2CCCC2)o1,4.341010093688965,4.216443061828613,4.278726577758789
CC(=O)c1cc(-c2ccccc2)sc1NC(=O)c1ccccc1,7.022563457489014,4.916309356689453,5.969436407089233
Cc1c2c(n3c1CCNCC(C)Nc1cc-3ccc1C(N)=O)CC(C)(C)CC2=O,5.906746864318848,4.685094833374023,5.2959208488464355
CCc1ccc(NC(=O)c2cccc(C#N)c2)cc1,4.853988170623779,5.795040607452393,5.324514389038086
COc1ccc(C2C3=CCC(C)C(O)CC2(C)C3=O)cc1,4.869617938995361,6.107827663421631,5.488722801208496
COc1ccc(-c2nn(-c3ccccc3)cc2C=CC(=O)O)cc1,4.471158027648926,5.022676944732666,4.746917486190796
O=C1CCC(c2c[nH]c3ccccc23)=NN1c1ccc2c(c1)OCO2,6.834054470062256,5.545750617980957,6.1899025440216064
CC=C1CC2(C)C(=O)C(O)CCC2C2CC=C3CC(=O)CC(=O)C3=C12,5.51174783706665,7.3227105140686035,6.417229175567627
CC(=O)ON=C1C(C2C(=O)Nc3cc(Oc4ccc(Cl)cc4)ccc32)=Nc2ccccc21,6.733846664428711,4.680606365203857,5.707226514816284
COc1cc2nc(-c3ccc(O)cc3)oc(=O)c2cc1OC,6.1578874588012695,4.821104049682617,5.489495754241943
COc1ccc2cc[nH]c2c1OCCNCC1COc2ccccc2O1,5.365437030792236,4.24656867980957,4.806002855300903
O=C1C(=O)C(c2ccc(O)c(O)c2)Oc2cc(O)cc(O)c21,5.846800804138184,4.774687767028809,5.310744285583496
O=C1CCc2cc(F)ccc2N1Cc1nnc(-c2ccccc2)o1,6.226446151733398,6.086099624633789,6.156272888183594
Cc1ccc(N2C(=N)C(C(=O)CC3CCCCC3)SC2=S)cc1,5.9816484451293945,5.391160488128662,5.686404466629028
CC=Cc1ccc(OCC(O)CNC(C)C)cc1,3.992794990539551,4.905722141265869,4.44925856590271
c1ccc(-c2nc(-c3ccccn3)no2)cc1,4.680476665496826,5.389880657196045,5.0351786613464355
COc1cc2c(cc1OC)C(=O)C(=Cc1ccco1)C2,6.3464555740356445,5.3224711418151855,5.834463357925415
O=C(NCC1CC1)c1cc2c(=O)n3ccccc3nc2s1,7.106316089630127,4.886816501617432,5.996566295623779
Clc1cccc(OCc2nnc3sc(-c4ccccc4)nn23)c1,5.744104862213135,5.582602024078369,5.663353443145752
CC1=CC(C)(C)Nc2ccc3c(c21)C(=Cc1ccccc1C)Oc1ccccc1-3,5.099941253662109,5.996960639953613,5.548450946807861
CC(C)(C)C(=O)NC(=O)C=Cc1ccc2oc3ccccc3c2c1,4.808169841766357,5.081031799316406,4.944600820541382
NC(=O)c1ccc(N=C2C(=O)Nc3ccccc32)cc1,5.175859451293945,5.449722766876221,5.312791109085083
COc1ccc(C(=O)NCC(=O)OCc2ccccc2)cc1,5.823591232299805,4.868355751037598,5.345973491668701
O=C1Nc2ccc(Cl)cc2C1=Cc1cc(Cl)c(O)c(Cl)c1,5.42648458480835,7.547145366668701,6.486814975738525
CC1CCN(C(=O)CC#N)CC1c1ncc2cnc3[nH]ccc3n12,5.863818645477295,5.336273193359375,5.600045919418335
CCCCc1cc2c(o1)C(C)(C)CC2O,4.173992156982422,5.769722938537598,4.97185754776001
COc1cc2c(cc1OC)C(c1ccccc1)N(C(=O)c1csnn1)CC2,5.412277221679688,4.496882438659668,4.954579830169678
Cc1cccc(N2C(=O)NC(=O)C(=Cc3c[nH]c4ccccc34)C2=O)c1,5.272749900817871,5.804071426391602,5.538410663604736
O=C1CC(c2cccs2)=[N+](O)c2ccccc21,5.605953693389893,5.184512138366699,5.395232915878296
C=CCN1C(=O)NC(=O)C(C(C)C)C1=O,5.482516765594482,4.75687313079834,5.119694948196411
Nc1c(C(=O)Nc2cccc(C(F)(F)F)c2)sc2nc3ccccc3n12,5.565057277679443,4.321878433227539,4.943467855453491
COc1ccc2[nH]c3c4[nH]c5ccc(OC)cc5c4c4c(c3c2c1)C(=O)NC4=O,6.674884796142578,5.54923152923584,6.112058162689209
CC(C)c1onc(-c2cc3cc(Cl)ccc3oc2=O)c1COc1ccc(C=Cc2cccc(C(=O)O)c2)c(Cl)c1,5.685395240783691,6.769270896911621,6.227333068847656
NC(=O)c1cc(-c2ccnc(N)n2)[nH]c1-c1ccc(Cl)cc1Cl,5.883552551269531,4.8807549476623535,5.382153749465942
CC1=CC2Cc3nc4cc(Cl)ccc4c(N)c3C(C1)C2,7.141254425048828,4.37076473236084,5.756009578704834
O=C(Nc1cccc([N+](=O)[O-])c1)N1N=C(c2ccccc2)CC1c1ccccc1,6.311429500579834,4.218343734741211,5.2648866176605225
COc1cc2c(cc1OC)C(=O)C(Oc1ccccc1)C2,7.332252502441406,4.466820240020752,5.899536371231079
O=C(C=Cc1ccco1)NC1=C(O)C(=O)c2ccccc2C1=O,4.913302898406982,6.096833229064941,5.505068063735962
Cn1cc(C(=O)O)c2cc(OCCCCCN3CCN(c4cccc(Cl)c4)CC3)ccc21,6.554933547973633,5.871509075164795,6.213221311569214
OC(O)c1nnc(-c2cccc(C(F)(F)F)c2)o1,4.427212715148926,5.163524627685547,4.795368671417236
O=C(O)COc1ccc(C=NNC(=O)C2CCCCC2C(=O)O)cc1,3.9721758365631104,4.477739334106445,4.224957585334778
CC(=O)c1ccc(N2CCC(C(=O)Nc3ccc4c(c3)OCO4)CC2)cc1,5.624159812927246,5.404053211212158,5.514106512069702
O=C(CN1CCCC1)N(Cc1ccccc1)c1cccc([N+](=O)[O-])c1,5.310066223144531,3.9404921531677246,4.625279188156128
C=C(C)C1Cc2c(ccc(O)c2-c2ccccc2OC)O1,5.201422691345215,5.349910259246826,5.2756664752960205
CCOc1cccc(-c2cc(=O)c3ccccc3o2)c1N,6.089215755462647,3.6623694896698,4.875792622566223
COc1cc(OCC(=O)N(C)C)ccc1-c1ccc2c(c1)NC(=O)C2=Cc1ccc(N2CCCCC2)cc1,5.417913436889648,5.802090167999268,5.610001802444458
CCC1=CC2Cc3nc4cc(Cl)ccc4c(N)c3C(C1)C2,7.4718804359436035,4.369264125823975,5.920572280883789
O=C(OCc1ccccc1)N1CCC(CN2CCC(Oc3ccc(Cl)c(Cl)c3)CC2)CC1,5.187319755554199,3.964156627655029,4.575738191604614
C#CCN(C)C(C)Cc1cccc(OCCCCCCNc2c3c(nc4ccccc24)CCCC3)c1,5.888573169708252,5.744985103607178,5.816779136657715
CCOC(=O)C1C(=N)n2c(sc(=Cc3cccs3)c2=O)=C(C(N)=O)C1c1cccs1,7.231867790222168,5.237028121948242,6.234447956085205
CCCCN1CCC23c4c5ccc(O)c4OC2C(=O)CCC3(O)C1C5,6.489869594573975,6.520880222320557,6.505374908447266
CC(C)=CC(=O)N1CCC(Nc2ncc(Br)c(Nc3ccccc3C(=O)CN)n2)CC1,5.737740993499756,4.587592601776123,5.1626667976379395
CCOC(=O)c1sc2nc3c(cc2c1N)COC(C(C)=O)CC3,5.365182399749756,3.380310297012329,4.3727463483810425
O=C1NC(=S)N(C2CCCCC2)C(=O)C1=Cc1ccco1,4.829873561859131,5.966705799102783,5.398289680480957
COc1cc2cnc3c(c2cc1OC)C(=O)NC3=O,6.41502857208252,4.774926662445068,5.594977617263794
O=C(c1cccc(C(F)(F)F)c1)N1CC2(CCN(Cc3cccc(Cl)c3)CC2)c2ccccc21,5.6868815422058105,5.182003021240234,5.4344422817230225
CNC(=O)COc1ccc2c(C)cc(=O)oc2c1,6.487966060638428,6.197118282318115,6.3425421714782715
Oc1nc2c(O)ccc(C(O)CNCCCCCCCOc3cccc(CN4CCCCC4)c3)c2s1,6.034761905670166,5.302793502807617,5.668777704238892
O=C(c1ccc(CSc2nnc(-c3ccc4c(c3)OCO4)o2)cc1)N1CCCC1,6.725841522216797,5.805032730102539,6.265437126159668
N#Cc1ccc2[nH]c(O)c(-c3ccc(CN4CCOCC4)cn3)c2c1,5.536653518676758,4.896003246307373,5.216328382492065
Cc1c(C)c2ccc(OCc3cccc(C(F)(F)F)c3)cc2oc1=O,5.26776123046875,8.410462379455566,6.839111804962158
COc1ccc2c(c1)c(CC(=O)O)c(C)n2C(=O)c1ccc(OC)c(OC)c1,5.264980316162109,4.25339937210083,4.75918984413147
O=c1cc(-c2cccc3c2Sc2ccccc2S3)oc(N2CCOCC2)c1,5.461839199066162,4.342415809631348,4.902127504348755
O=c1c2cc([N+](=O)[O-])ccc2sn1-c1ccccn1,5.321798801422119,4.489410400390625,4.905604600906372
CC(C)Cn1c2ccc(=O)cc-2oc2cc(NC(=O)CN3CCCC3)ccc21,,,
C#CCN(C)C(C)Cc1ccccc1,4.207380771636963,6.7008585929870605,5.454119682312012
O=C(NCc1ccc(Cn2ccnc2)cc1)c1cc2ccccc2oc1=O,6.45414924621582,4.386567115783691,5.420358180999756
Cc1cccc(C2=NN(C(=O)c3cccc([N+](=O)[O-])c3)C(c3ccco3)C2)c1,6.568227291107178,4.574725151062012,5.571476221084595
COc1ccc(OC)c(C2CC(=O)N(C)C(=NCCc3ccccc3)N2C)c1,6.922879695892334,5.416936874389648,6.169908285140991
O=C(NCCCN1CCCC1=O)c1cc(-c2ccccc2)c[nH]1,6.7104034423828125,5.109426021575928,5.90991473197937
Cc1ccc2nc(NC(=O)Cc3ccccc3)sc2c1,5.447099685668945,4.168067932128906,4.807583808898926
O=C(CC(Nc1ccc([N+](=O)[O-])cc1)C1CCCCC1)c1ccccc1,5.206079959869385,4.909738540649414,5.057909250259399
COc1ccc2c(c1)C(=O)C(Cl)=C2,4.9047532081604,7.190418243408203,6.047585725784302
Cc1ccc(-c2onc3cc(C(=O)c4ccccc4)ccc23)cc1,5.347136497497559,4.623532295227051,4.985334396362305
CCC1(c2ccc(Cl)cc2)NC(=O)N(CCCCN2CCCCC2)C1=O,6.14847469329834,4.911842346191406,5.530158519744873
CN(CCCNc1c2c(nc3ccccc13)CCCC2)C(=O)CCCNc1c2c(nc3ccccc13)CCCC2,8.559000015258789,3.900834798812866,6.229917407035828
Cc1ccc(C(=O)NCc2ccccc2)cc1Cl,4.853033542633057,4.032686710357666,4.442860126495361
Fc1ccc(-c2nc3sccn3c2-c2ccncc2)cc1,5.31095027923584,5.878870010375977,5.594910144805908
CN(C)c1ccc(C=CC2=[N+](C)C(=Cc3ccc4c(c3)OCO4)OC2=O)cc1,5.761196136474609,6.254166603088379,6.007681369781494
O=c1oc2cccnc2n1CCc1ccccc1,5.318499565124512,5.277283668518066,5.297891616821289
C=CCN1CCN(c2cc(C(C)=O)c3c(c2)c(C)nn3-c2cccc(C(=O)OCC)c2)CC1,5.944895267486572,4.692972183227539,5.318933725357056
C=CCN1C(=O)NC(=O)C(=CC=Cc2ccccc2)C1=O,5.070830821990967,6.548734188079834,5.8097825050354
C=CCN1CCC2(C)c3cc(O)ccc3CC1C2C,5.828747749328613,5.853733062744141,5.841240406036377
O=C(CCCC1CCSSC1)NCCCCCCCCCNc1c2c(nc3cc(Cl)ccc13)CCCC2,8.402978897094727,4.892619609832764,6.647799253463745
CCCCCCCNC(=O)c1coc(C2C3CCC(O3)C2Cc2ccccc2CCC(=O)O)n1,5.854773044586182,5.686004638671875,5.770388841629028
Cc1ccc(-c2ccc(C#N)c(N3CC(C)OC(C)C3)n2)cc1,5.4895920753479,5.227998733520508,5.358795404434204
COc1cc2c(cc1OC)C1C(=O)c3ccc4ccccc4c3C1=O)C(=O)OC2,,,
COc1ccc(CCCOc2ccc(-c3nn(C)c(=O)o3)cc2)cc1,5.906414031982422,6.880538940429688,6.393476486206055
CCc1cc(O)nc(Nc2ccc(OC)cc2)n1,4.241791725158691,5.810761451721191,5.026276588439941
CC=C1CN2CCC1CC2C(O)c1ccnc2ccc(OC)cc12,5.115671157836914,6.326391696929932,5.721031427383423
O=C(CCl)Nc1ccc2c(c1)C(=O)c1ccccc1C2=O,4.906165599822998,6.46201753616333,5.684091567993164
COc1ccc(C(=O)NCc2ccccc2OC)cc1[N+](=O)[O-],6.2665557861328125,3.8089678287506095,5.037761807441711
CC(C)OCC(=O)C1=C(C=C2CCCCN2C)CCCCC1,5.783815383911133,4.732640743255615,5.258228063583374
CC1=Nc2cc(C(F)(F)F)ncc2Sc2ccc(Cl)cc21,5.955115795135498,6.5183820724487305,6.236748933792114
CN1CCCC1CCCc1cccc(O)c1C(=O)O,5.744339466094971,5.0047926902771,5.374566078186035
O=C(CCl)Nc1ccc2c(c1)C(=O)c1cc(S(=O)(=O)N3CCCC3)ccc1-2,6.010856628417969,5.839559555053711,5.92520809173584
CC1CC1C(=O)N1CCCCC1c1nnc2n1CCN(Cc1ccccc1)C2,4.850327491760254,4.539198875427246,4.69476318359375
O=C(CC1SC(=Nc2ccccc2)N(c2ccccc2)C1=O)Nc1ccccc1,6.428153038024902,3.9385228157043457,5.183337926864624
O=C(NCc1cccnc1)C1CCN(S(=O)(=O)c2ccc(F)cc2)CC1,5.056743621826172,5.0568695068359375,5.056806564331055
CC(C)CN(Cc1cc2cc3c(cc2nc1O)OCO3)C1CCCCC1,6.290195941925049,4.965874671936035,5.628035306930542
OC(c1ccccc1)(c1ccccc1)C12CC[N+](CCOCc3ccccc3)(CC1)CC2,3.8264875411987305,3.885652542114258,3.856070041656494
O=C1N=c2ccc(Br)cc2=C1c1sc(S)nc1O,6.333058834075928,5.400068283081055,5.866563558578491
COc1cccc(OC)c1C(=O)Nc1ccc(C(=O)NC2CCCCNC2=O)cc1,5.5181884765625,4.688478469848633,5.103333473205566
CN(C)CCOc1ccc(Cc2ccccc2)cc1,4.66172981262207,3.13296127319336,3.897345542907715
COc1cc(C(=O)C=Cc2ccccc2)c2ccc(OC(F)F)cc2n1,6.055019855499268,5.578616142272949,5.816817998886108
COc1cc2c(CN3CCCCCC3)c(C)oc2cc1OC,6.005748271942139,4.178332328796387,5.092040300369263
OCC1OC(Oc2cc(O)cc(O)c2)C(O)C(O)C1O,4.593707084655762,3.290843963623047,3.9422755241394043
O=C1C(=O)C(c2ccc(O)c(O)c2)Oc2cc(O)cc(O)c21,5.846800804138184,4.774687767028809,5.310744285583496
O=C(C=Cc1cccs1)NCC1COc2ccccc2O1,5.093635559082031,5.642635345458984,5.368135452270508
Cc1cc(O)cc(C)c1C=Cc1cncc(C(=O)OC(C)C)c1,4.148414134979248,3.978023052215576,4.063218593597412
FC(F)(F)c1ccc(-c2nnc(Cc3ccccc3)o2)cc1,5.784527778625488,6.146979808807373,5.965753793716431
O=C1CN2C(=O)C(=NC(Cc3ccccc3)CNCCCCOc3ccccc3)N=CC2C1=O,5.865525722503662,5.285417556762695,5.575471639633179
COC(=O)c1cccc(O)c1C(=O)c1c(O)cc(O)cc1O,4.626246452331543,4.790802001953125,4.708524227142334
CC1=CC(=O)c2ccc(OCCc3ccc(Br)cc3)cc2O1,4.274807453155518,6.698841571807861,5.4868245124816895
CC(=O)Oc1c(Br)cc2c3c(coc13)CCC3,,,
CC(C)(C)S(=O)(=O)c1cncc(C(=O)NCC2CCCO2)c1,6.016245365142822,5.636353969573975,5.826299667358398
O=C(CSc1nc2ccccc2s1)Nc1ccc2c(c1)OCO2,6.299768924713135,5.614278793334961,5.957023859024048
O=S(=O)(NCCc1ccccc1)c1ccc2c(c1)CCNCC2,4.084853649139404,4.047938823699951,4.066396236419678
C=CCn1c(NCc2ccccc2)nc2c1c(=O)[nH]c(=O)n2C,5.52992582321167,4.213472843170166,4.871699333190918
C=CCn1nc(-c2cccc(C)c2)cc1NC(=O)c1cc(S(=O)(=O)N2CCCCC2)ccc1F,6.522776126861572,5.131290912628174,5.827033519744873
CN1CCC2(C)c3cc(OC(=O)N4CCc5ccccc5C4)ccc3N(C)C12,5.960317134857178,5.867238521575928,5.913777828216553
Oc1ccc(C2CC(c3c4ccccc4cc4ccccc34)=NN2)c(O)c1,6.934060096740723,7.498713970184326,7.216387033462524
CC1c2ccsc2CCC1NC(=O)CC1CCN(C)CC1,4.01986026763916,4.922805309295654,4.471332788467407
CN1C(=O)C(c2ccccc2)=NC1=Nc1ccc(C(=O)O)cc1,6.599987983703613,5.017988204956055,5.808988094329834
O=C(CCc1c[nH]c2ccccc12)Nc1nccs1,5.455990791320801,5.623124599456787,5.539557695388794
CC1=NN(c2ccc(C(=O)O)cc2)C(=O)C1=Cc1c(C)cc(O)cc1O,6.762576103210449,5.250452518463135,6.006514310836792
Cc1ccc(C(=O)NCCCCCCCCNc2c3c(nc4ccccc24)CCCC3)cc1,8.327796936035156,4.360443115234375,6.344120025634766
Cc1ccc(-n2c3c(c4cc(N)ccc42)CCCC3)cc1,6.3620219230651855,4.884284019470215,5.6231529712677
c1ccc2c(c1)ccc[n+]2CCCCCCCCCOc1cccc2cccnc12,5.853054523468018,5.268346786499023,5.5607006549835205
O=c1cc2oc3cc(O)ccc3c(=O)c2oc12,,,
NC(=O)c1cc2c(-c3ccccc3)cncc2s1,5.362359046936035,5.015933513641357,5.189146280288696
O=C(CCc1c[nH]c2ccccc12)NC1CCCc2ccccc21,4.38001823425293,5.56848669052124,4.974252462387085
CCOC(=O)C(CCc1ccccc1)NCc1ccc(OC)cc1,5.128215312957764,4.053614616394043,4.590914964675903
COc1ccc(C(=O)Nc2ccccc2C(=O)N2CCCCC2)c(OC)c1,6.247697830200195,4.759750843048096,5.5037243366241455
O=C(C=Cc1ccc(Cl)cc1)N1CCCCC1,4.674203395843506,5.083667755126953,4.8789355754852295
CCN(CC)CCCC(C)Nc1c2ccc(Cl)cc2nc2ccc(Cl)cc12,6.44699764251709,4.466517448425293,5.456757545471191
O=S(=O)(Nc1ccc2[nH]cc(CCN3CCCC3)c2c1)c1ccc(F)cc1,6.400998115539551,5.174141883850098,5.787569999694824
N#Cc1cccc(OCC(=O)Nc2ccccc2Br)c1,4.677972316741943,5.964377403259277,5.32117486000061
COc1ccc(OC)c(CN(C)C(=O)c2cc(C3CC3)nn2C)c1,5.398188591003418,4.115049362182617,4.756618976593018
CCCNc1ccc(-c2ccc3c(C)cc(=O)oc3c2)cc1,4.907958507537842,5.942049026489258,5.42500376701355
CC=Cc1ccc(OCC(=O)Nc2ccc(O)cc2)c(O)c1,5.208004474639893,5.066380500793457,5.137192487716675
COC(=O)C1C(C)=NC(=S)NC1C=CC(C)C,4.304154396057129,3.883148193359375,4.093651294708252
O=C(CC1C=CC2c3cccc4[nH]cc(c34)CC2N(C(=O)Nc2ccccc2)C1)N1CCCCC1,5.684536457061768,5.532576084136963,5.608556270599365
C[N+](C)(CCCc1ccc(Cl)cc1)CCOc1ccc(C(=O)CC[N+](C)(C)C)cc1,4.94207239151001,4.099591255187988,4.520831823348999
Nc1ncnc2c1sc1ncnc(N)c12,2.9974024295806885,1.954972505569458,2.4761874675750732
Cc1noc(C)c1-c1nc(NC2CC2)c2ccsc2n1,6.364887237548828,6.460966110229492,6.41292667388916
Cc1ccc2c(=O)cc(C(=O)Nc3ccc4c(c3)OCO4)oc2c1,6.519133567810059,4.786918640136719,5.653026103973389
CC(=NNC(=O)c1cccc2cccnc12)c1ccc(O)cc1,5.856019496917725,5.000032424926758,5.428025960922241
O=[N+]([O-])c1cccc(CSc2nc3ccccc3o2)c1,5.84124231338501,5.551930904388428,5.696586608886719
CCCCNC(=O)c1cc2c(=O)n3cccc(C)c3nc2n1C,5.524076461791992,4.86024284362793,5.192159652709961
CN(C)c1nc(-c2ccc(F)cc2)cs1,5.9030961990356445,7.505609512329102,6.704352855682373
COc1cc(C=C2SC(=O)N(CCCN3CCOCC3)C2=O)ccc1O,5.945940017700195,5.091217041015625,5.51857852935791
O=C1Nc2ccc(Cl)cc2C1=NNc1ccc(Cl)c(Cl)c1,5.165868759155273,5.957675933837891,5.561772346496582
N#CC(=Cc1ccc(O)c(O)c1)C(=O)NCc1ccccc1,5.139800071716309,5.498981475830078,5.319390773773193
Cc1c2c(n3c1CCNCC(C)Nc1cc-3nc(O)cs3)c3ccccc13,,,
C#Cc1cc2c(cc1OC)-c1[nH]nc(-c3ccc(C#N)nc3)c1C2,5.269771099090576,5.761961936950684,5.51586651802063
CC1=C(C)C(=O)C(C(C)C)C1=NO,5.1208343505859375,5.220432281494141,5.170633316040039
CC(C)N1CCN(Cc2cccc(Cl)c2Cl)CC1,5.490374565124512,4.2408766746521,4.865625619888306
COc1ccc2c(c1)c(-c1cc3ncnc(O)c3cc1OC)c(C)n2C,4.900640964508057,6.035822868347168,5.468231916427612
CCCCC1=NC2(CCCC2)C(=O)N1Cc1ccc(OC)cc1,6.724508762359619,5.129544734954834,5.927026748657227
COc1cc2c(cc1OC)C(=O)C(CC1CCN(Cc3cccc(Cl)c3)CC1)C2,7.493971824645996,4.486953258514404,5.9904625415802
CCN1CCN(CCCC(=O)Nc2n[nH]c3nnc(-c4cccc(F)c4F)cc23)CC1,5.795925140380859,5.014200210571289,5.405062675476074
CC(=O)OC1C(OC(C)=O)OC(OC2CC3c4ccc(O)cc4CCC3C2)C1OC(=O)c1ccccc1,4.22419023513794,4.454434394836426,4.339312314987183
O=C(F)c1ccc(OCc2cc(-c3ccccc3)on2)cc1,5.252472877502441,6.30320405960083,5.777838468551636
C=CCNC(=O)c1cccc(Nc2nc(-c3ccc(O)cc3)ns2)c1,6.576697826385498,4.561673164367676,5.569185495376587
N#CC(=Cc1ccc(O)c(O)c1)C(=O)NCc1ccccc1,5.139800071716309,5.498981475830078,5.319390773773193
COc1cc(C=C2C(=O)c3cccc(C(=O)NCCN4CCCCC4)c3C2=O)ccc1O,7.668383598327637,5.275609016418457,6.471996307373047
O=C1NC(=O)C(=Cc2ccc3c(c2)OC(F)(F)O3)S1,6.796452522277832,4.5288615226745605,5.662657022476196
CCSc1cc(OCc2ccccc2)ccc1OCCCCN1CCCCC1,5.23616361618042,5.159595012664795,5.197879314422607
CC1=NN(c2cccc(C(=O)O)c2)C(=O)C1=CC=Cc1ccco1,6.304387092590332,5.441117763519287,5.87275242805481
COc1cc(NC(=O)Nc2ccccc2C)ccc1-c1cnco1,5.40533971786499,4.671172142028809,5.038255929946899
O=C(NCCCCNc1c2c(nc3ccccc13)CCCC2)c1ccc(F)cc1,8.3814115524292,4.797783851623535,6.589597702026367
COc1ccc(SCC(=O)N(Cc2ccco2)C2C=S(O)(O)=CC2)cc1,5.892620086669922,5.022037029266357,5.45732855796814
O=C1c2ccccc2-c2n[nH]c3cccc1c23,4.932782173156738,5.525638580322266,5.229210376739502
Cc1cccc(N=C2CC(=O)Oc3cc(Cl)ccc32)c1,5.792255401611328,5.61871862411499,5.705487012863159
Cc1ccc(S(=O)(=O)c2cc3c(=O)n4ccccc4nc3n(CCCC3CCCO3)c2=N)cc1,6.218358516693115,5.064567565917969,5.641463041305542
FC(F)(F)c1ccc(Sc2ccccn2)nc1,5.752299308776856,6.671136856079102,6.2117180824279785
O=C(O)C=Cc1ccc(O)c(O)c1,2.843982219696045,6.018305778503418,4.4311439990997314
Cc1sc(NC(=O)C2CCCCC2)nc1-c1ccccc1,6.200459957122803,5.729201793670654,5.9648308753967285
COc1ccc(C=C2CCNCC2=O)cc1,3.888221502304077,5.194307804107666,4.541264653205872
CCC1OCC(=O)C1NC(=O)C(CC1(C)CCCC1)NC(=O)c1cccc(NS(=O)(=O)c2ccccc2)c1,5.102307796478272,4.686347007751465,4.894327402114868
Cc1ccc2[nH]c3c(c2c1)C1CCCCC1C(=O)NC3=O,5.884357452392578,6.978950500488281,6.43165397644043
CC12CCC3c4ccc(O)cc4CCC3C1CCC2O,4.347170829772949,6.759891986846924,5.5535314083099365
Cc1nc2cc(-c3ccc(Cl)c(Cl)c3)nn2c(C)c1C,5.67856502532959,7.214509010314941,6.446537017822266
O=c1sc(=O)n(Cc2ccccc2)c1Cl,,,
CN(C)c1ccc(CNCCCCCOc2ccccc2Oc2ccc(C#N)cc2)cc1,5.376949787139893,5.02202033996582,5.1994850635528564
O=C1CCc2cc(C(=O)OCCCCCOc3ccc(Cl)cc3Cl)ccc2N1,4.708551406860352,6.301610469818115,5.505080938339233
CCN(CC)CCOc1ccc(C=C2C(=O)ON=C2c2ccc(C)cc2)cc1,5.131773471832275,5.921623706817627,5.526698589324951
O=C1NCCCCC1NC1CCCC1,2.98530387878418,5.209306716918945,4.0973052978515625
CC1CCCCN1CCNC(=O)CSc1nnc(-c2ccccc2F)o1,5.655753135681152,6.963773727416992,6.309763431549072
O=C(C#CCO)Nc1ccc2c(c1)OCO2,4.455158710479736,4.817677974700928,4.636418342590332
C#CCN(C)Cc1cc2cc(OCc3ccccc3)ccc2n1C,4.42890739440918,7.657024383544922,6.042965888977051
COc1cc2c(cc1OC)C(=O)C(Oc1ccc(C(C)(C)C)cc1)C2,5.390944480895996,4.194955825805664,4.79295015335083
Cc1ccc(-c2cc(Cl)ccc2OCc2ccc(F)cc2)n1-c1ccc(Cl)nc1,5.075085163116455,6.994297027587891,6.034691095352173
O=C(CCc1c[nH]c2ccccc12)NCCc1ccccc1,4.897855758666992,5.185283184051514,5.041569471359253
CC(C)C(=O)Nc1nc(-c2ccccc2)cs1,5.978919506072998,5.937375068664551,5.958147287368774
O=C1c2ccccc2-c2nc3nnnn3nc21,4.122464656829834,3.952200412750244,4.037332534790039
Cc1ccc2cc(C=CC(=O)OCc3ccccc3)ccc2n1,4.553892612457275,6.284693717956543,5.419293165206909
O=S(=O)(c1ccc(F)c(F)c1)N1CCC2C(C1)NCCc1c2[nH]c2ccccc12,5.48696231842041,5.991345405578613,5.739153861999512
CCOC(=O)Cc1csc(NC(=O)c2cccc(NC(=O)C3CCCC3)c2)n1,6.730463981628418,5.761901378631592,6.246182680130005
Nc1ccc(OCC(=O)Nc2cc(C(F)(F)F)ccc2F)cc1,5.594237804412842,5.952090740203857,5.77316427230835
Cc1cccc(COc2ccc(-c3cn4cc(C)ccc4n3)cc2)c1,4.949207305908203,6.435329914093018,5.69226861000061
N#Cc1c(N)nc(-c2cccc(Cl)c2)c(C#N)c1-c1ccc(O)cc1,5.814204216003418,5.036060333251953,5.4251322746276855
Cc1ccc(C(=O)Nc2nnc(C3CC3)s2)cc1,6.677731037139893,5.942631721496582,6.310181379318237
COc1ccc([N+](=O)[O-])cc1NC(=O)c1cc2ccccc2oc1=O,6.780000686645508,4.98371696472168,5.881858825683594
COc1ccc(COc2ccc(CC(N)=O)cc2)cc1,4.193952560424805,5.633127212524414,4.913539886474609
Clc1ccc(CCCOc2ccc(C3=NN(CCCCCCN4CCNCC4)C=N3)cc2)c(Cl)c1,6.278678894042969,5.42575740814209,5.852218151092529
Oc1cc(C(O)Nc2ccccc2)cn1-c1ccccc1,4.022396087646484,4.352757453918457,4.187576770782471
CN(C)c1ccc(CC2=c3ccccc3=NC2=O)cc1,5.36533260345459,6.217818737030029,5.79157567024231
Clc1ccc2c(c1)OCC(Cn1ccnc1)O2,5.187463760375977,4.758167743682861,4.972815752029419
O=C1c2ccccc2C(=O)N1CCCCN1CCN(c2nsc3ccccc23)CC1,6.37233304977417,4.868452548980713,5.620392799377441
Cc1ccc(-c2nn(CCCN3CCOCC3)c(=O)c3ccccc23)cc1,5.651722431182861,4.483458518981934,5.0675904750823975
CCCc1cc2c(oc(=O)n2CC)c(SCC)c1OC,5.74089241027832,4.743062496185303,5.2419774532318115
OCC1OC(n2cnc3c(O)ncnc32)C(O)C1O,4.611909866333008,3.714066982269287,4.1629884243011475
CN1CCC(C)(c2ccc(-c3ccccc3)cc2)CC1,3.809959888458252,4.437739372253418,4.123849630355835
O=C1c2ccccc2-c2onc3c(N4CCN(Cc5ccccc5)CC4)ccc(Cl)c21,,,
CCCOc1cccc(C(=O)NCc2nnc(C)o2)c1,5.78640604019165,6.025197982788086,5.905802011489868
C[N+]1(C)CCC(OC(=O)C(CO)c2ccccc2)CC1,4.866297721862793,3.794080257415772,4.330188989639282
CCOC(=O)C1CCC2C(COc3cccc4cccnc34)=NC12,5.646027088165283,6.421342849731445,6.033684968948364
Oc1occ2ccc(OCCOc3ccccc3)cc12,4.847528457641602,7.238794326782227,6.043161392211914
Cc1cc(C2CC3CCC2N3)no1,5.433504581451416,5.906052589416504,5.66977858543396
COc1cccc(OC)c1OCC(O)CN1CCC2(CC1)OCc1c3cc(OC)c(OC)cc3[nH]c12,5.048582553863525,4.090546607971191,4.569564580917358
COc1cc(C=NNC(=O)c2ccc3c(c2)OCO3)ccc1O,5.44440507888794,4.1146111488342285,4.779508113861084
O=S1CCCc2cc(OCCCCN3CCOCC3)ccc21,4.659369945526123,5.285323619842529,4.972346782684326
O=C(C=Cc1ccc(O)c(O)c1)OCC1CCCO1,4.376002311706543,5.898013114929199,5.137007713317871
Cc1ccc2c(c1)C(=O)C(=O)N2CCc1ccc(OCCCN2CCCCCC2)cc1,6.49272346496582,5.753872871398926,6.123298168182373
CCc1nc2ccccc2c(=O)n1N=Cc1ccc(O)c(O)c1O,6.626237869262695,4.56470251083374,5.595470190048218
CC(=O)N1CCC(COc2ccc(C(=O)c3ccccc3)cc2)CC1,5.931058883666992,4.690908908843994,5.310983896255493
CCCC(=O)OC1(C(=O)COC(=O)CC)CCC2C3CC=C4CC(=O)C=CC4(C)C3(F)C(O)CC21C,4.989007949829102,7.484460830688477,6.236734390258789
Cc1c(C)c2ccc(OCc3cc(F)cc(F)c3)cc2oc1=O,4.523550987243652,8.720561981201172,6.622056484222412
CN(C)c1ccc(C=C2CC(CN)OC2=O)cc1,4.103966236114502,5.242888450622559,4.67342734336853
CCN(CC)c1ccc(C=C2C=CC(=[N+](CC)CC)C=C2)cc1,5.22899341583252,4.612255096435547,4.920624256134033
CC(=O)C1=C(c2cccc(Br)c2)N(C(C)=O)OC1c1cccc(C2CCCO2)c1,5.824252128601074,5.937415599822998,5.880833864212036
CCCN1CCC(c2ccc(O)cc2)C(CO)C1,4.862791061401367,3.316730737686157,4.089760899543762
CC=CC=CC(=O)Nc1cc2c(Nc3ccc(F)c(Cl)c3)ncnc2cc1OC,4.988667011260986,5.087934494018555,5.0383007526397705
CN(C)c1ccc(C2CC3(C)C(CCC3(O)C#Cc3ccccc3)C3Oc4ccc(O)cc4C3C2=O)cc1,5.0418620109558105,7.029401779174805,6.035631895065308
CC(C)(C)C1CCC(N2CCC(C(=O)c3cccc(Cl)c3)CC2)CC1,5.427835941314697,3.585721492767334,4.506778717041016
Cc1c(C=C2C(=O)Nc3ccc(F)cc32)[nH]c2c1C(=O)N(CCN1CCOCC1)CC2,7.109954833984375,5.317561626434326,6.213758230209351
CC(C)(C)c1cc[n+](CCCCCC[n+]2ccc(C(C)(C)C)cc2)cc1,6.959230899810791,2.9235103130340576,4.941370606422424
O=C(O)c1ccc2c3c1cccc3c(=O)n1c3ccccc3nc21,5.625690937042236,4.564399242401123,5.09504508972168
CN(Cc1ccco1)C(=O)C1CCCN(C(=O)c2ccc3c(c2)CCO3)C1,5.003633499145508,4.32927942276001,4.666456460952759
CC1=NN(c2ccccc2)C(=O)C1=Cc1ccc(Cl)cc1,5.474194526672363,5.169464588165283,5.321829557418823
CC12CCC(=O)CC1=CCC1C2CCC2(C)C1CCC2(O)C(O)C=O,4.750414371490479,8.171137809753418,6.460776090621948
O=C1CN(Cc2ccc(OCc3cccc(F)c3)cc2)C(=O)C=C1,4.2552571296691895,6.677192687988281,5.466224908828735
CCN1CCN(c2oc(C3COc4ccccc4O3)nc2C#N)CC1,6.02915620803833,4.888927936553955,5.459042072296143
CC(=NO)c1cccc(-c2nnc(-c3ccc([N+](=O)[O-])cc3)o2)c1,5.293349266052246,5.73009729385376,5.511723279953003
Clc1ccc(COc2ccc3c(c2)OCO3)cc1,4.07295036315918,7.024140357971191,5.5485453605651855
COc1cc2nc(NCc3ccccc3)nc(N)c2cc1OC,5.040012359619141,4.010458469390869,4.525235414505005
Cc1cc(O)cc(C)c1C=Cc1cncc(C(=O)OC(C)C)c1,4.148414134979248,3.9780235290527344,4.063218832015991
CC12OC(CC1(O)CO)n1c3ccccc3c3c4c(c5c6ccccc6n2c5c31)CNC4=O,5.916484355926514,4.395525932312012,5.156005144119263
N#CC(=Cc1ccc(O)c(O)c1)C(=O)NCCCc1ccccc1,5.641645908355713,5.685580730438232,5.663613319396973
Cc1c(C)c2ccc(OCc3ccc(Cl)cc3)cc2oc1=O,4.621743202209473,8.812591552734375,6.717167377471924
O=C1NC(=O)C(c2ccccc2)C1=Nc1ccccc1,5.685425281524658,3.8467068672180176,4.766066074371338
CCCCCCCCCCCCCCCCCC(=O)NCCCN(C)C,5.6164751052856445,5.200405120849609,5.408440113067627
O=C(C=Cc1ccc(Cl)cc1)OC(CO)C1CCCCC1,3.5036752223968506,5.17784595489502,4.340760588645935
COc1ccc(C2(O)CCCCC2C=CC(C)CC2=O)cc1,,,
Oc1ccc(C2=NC(c3ccco3)C3C(=NO)C(O)CC32)cc1,6.489442348480225,5.16732120513916,5.828381776809692
CC(C)(C)c1cc(NC(=O)C=Cc2ccccc2)no1,5.1032586097717285,5.027462005615234,5.0653603076934814
CC#CC1(O)CCC2C3CC=C4CC(=O)CCC4=C3C(c3ccc(N(C)CCCCCCC)cc3)CC21C,5.453336238861084,7.088058948516846,6.270697593688965
COc1ccc(-n2c(-c3ccco3)nc3ccc(Cl)cc3c2=O)cc1,5.2906599044799805,5.299124717712402,5.294892311096191
CC(=O)Nc1ccc2c(c1)S(=O)(=O)N=C2NCCN21,,,
N#CC1=C2CCCCC2C1=Nc1ccc(OC(=O)c2cccs2)cc1,6.109986782073975,5.78392505645752,5.946955919265747
COc1ccccc1N1CCN(CCC=C2CCCc3ccccc32)CC1,5.026513576507568,4.643226623535156,4.834870100021362
CN1c2ccc(-c3ccc(Cl)cc3)cc2C2(CCN(Cc3ccccc3)CC2)C1=O,5.378106594085693,5.7563982009887695,5.5672523975372314
COc1ccccc1NC(=O)NC(=O)C=Cc1ccc([N+](=O)[O-])o1,6.050546646118164,4.830863952636719,5.440705299377441
CC1=NC2=CCCCN2C(=O)C1CCN1CCC(c2noc3cc(F)ccc23)CC1,7.390059471130371,6.018840789794922,6.7044501304626465
O=C(O)c1ccc(CNc2cccc(CO)c2)cc1,3.627052307128906,5.419809818267822,4.523431062698364
CNC(=O)C=Cc1cnc(N)c2c(-c3ccc4c(c3)OCO4)csc12,6.441901683807373,4.705104351043701,5.573503017425537
COc1ccc(CCNC(=O)c2cc3c(=O)n4cccc(C)c4nc3n(Cc3ccco3)c2=N)cc1OC,6.443979263305664,4.521415710449219,5.482697486877441
O=C1CCc2cc(OCCCCN3CCCN(c4cccc(Cl)c4Cl)CC3)ccc2N1,5.358415603637695,5.249248504638672,5.303832054138184
Cn1c(=O)c2cc(C(=O)NCCCN3CCOCC3)ccc2n(C)c1=O,6.9570794105529785,4.443629264831543,5.700354337692261
CC(C)Cn1cc2c3c(cccc31)C1=C(COC(=O)c3ccccc3)CN(C)C1C2,4.871273040771484,4.385283946990967,4.628278493881226
CCOc1ccccc1OCCNC(C)C,4.23292350769043,5.26476526260376,4.748844385147095
COc1c(O)cc2oc3c(O)occc3c(=O)c2c1O,,,
COc1cc(OC)nc(NC(=O)Nc2cccc(C(F)(F)F)c2)n1,4.810008049011231,5.163524627685547,4.986766338348389
Cc1ccc(C(=O)N2c3ccccc3Sc3c(Cl)cncc32)cc1,4.652519226074219,4.27109432220459,4.461806774139404
Cc1ccc(NC(=O)c2ccc(C(C)N(C)C)cc2)cc1Nc1nccc(-c2cccnc2)n1,5.599959850311279,4.998514175415039,5.299237012863159
CN1CC=CCOCc2ccc(o2)-c2ccc(OCCCCN3CCC(c4nsc5ccccc45)CC3)cc2O1,5.007319450378418,5.154172897338867,5.080746173858643
Cc1onc(-c2ccccc2)c1C(=O)NCCCN1CCOCC1,6.253067493438721,4.920255184173584,5.586661338806152
Cc1cccc(C=CC2C3CCCCC3CC3C(=O)OC(C)C32)n1,4.763011455535889,6.592743873596191,5.67787766456604
COc1ccc(CCNC(=O)CCCCC(=O)Nc2ncc([N+](=O)[O-])s2)cc1,5.964374542236328,5.6256489753723145,5.795011758804321
CC1=CCC2C(C1)c1c(O)cc(C(C)(C)CCCCCC(=O)Nc3ccccc3F)cc1OC2(C)C,5.400956630706787,5.173374652862549,5.287165641784668
CCC(=O)NC(c1ccc(C)cc1)C1(C(=O)OC)CCOCC1,3.5501420497894287,4.6809563636779785,4.115549206733704
COc1cc(C=C2SC(=O)N(CCCC(=O)Nc3cccc(N4CCOCC4)c3)C2=O)ccc1O,6.3386735916137695,5.4203782081604,5.879525899887085
CC(=O)NCCn1nc2c3ccccc3nc(C=CC(=O)O)n2c1=O,5.010852813720703,3.875201940536499,4.443027377128601
O=C(CCc1c[nH]c2ccccc12)NCCCCCC(=O)NCc1ccc(Cl)cc1,5.614184379577637,5.004457473754883,5.30932092666626
CCc1oc2ccccc2c1C(=O)c1cc(F)c(N)c(F)c1,5.316386222839356,3.7226617336273193,4.519523978233337
Cc1ccc2nc3c(O)n(CCCN4CCOCC4)ccc-3c(O)c2c1,,,
O=C(O)c1ccc2cc(-c3ccc(Oc4ccc([N+](=O)[O-])cc4)cc3)c(=O)oc2c1,6.962255954742432,6.389622688293457,6.675939321517944
NCCCCCN1CCN(c2ccc(Cl)cc2)CC1,4.250635147094727,4.4260334968566895,4.338334321975708
C=CCn1c(=S)[nH]c2cc(C(=O)NCC(C)C)ccc2c1=O,6.4418044090271,4.556360721588135,5.499082565307617
O=C(C=Cc1cccc(F)c1)N1CCN2CCCC2C1,5.199773788452148,5.46216344833374,5.330968618392944
O=C(NCc1ccc(Br)cc1)c1c2c(nc3ccccc13)CCCC2,6.191037178039551,4.530299186706543,5.360668182373047
COc1ccc(C2C3C(=O)C=CC3=Nc3ccccc32)cc1,5.509275436401367,7.163074493408203,6.336174964904785
O=[N+]([O-])c1cc2cc(Cl)ccc2c(O)c1O,5.405080795288086,7.193618774414063,6.299349784851074
O=C(NC1=Cc2ncc3cnnc(O)c(c2-3)C1)C1CC1c1ccccc1,5.843003749847412,5.418304443359375,5.6306540966033936
O=C1C=CC(=O)c2c(O)cccc21,6.011013031005859,7.056287288665772,6.533650159835815
O=c1cc(-c2ccc(O)cc2)oc2cc(O)cc(O)c12,4.707337856292725,4.232016563415527,4.469677209854126
CN(C)CCN(C)CCc1ccc(O)c2nc(O)sc12,4.561906814575195,4.685000896453857,4.623453855514526
NC(=O)c1ccc2c(c1)OCCc1cc(-c3[nH]ncc3-c3ccc(F)cc3Cl)sc1-2,6.062214374542236,5.751412391662598,5.906813383102417
C#CCN(C)CCc1cn(-c2ccc(C)cc2)nn1,4.916723728179932,6.414657115936279,5.6656904220581055
CCOC(=O)c1ccc(COc2ccc3c(C)c(C)c(=O)oc3c2)o1,5.529557228088379,6.619027614593506,6.074292421340942
CN(Cc1ccco1)c1ncnc2c1ncn2C1CCCC21,,,
CCCCCCNC(=O)CCCCCCCCCCOCCCCCCCC,5.066329479217529,6.287833690643311,5.67708158493042
CCn1c(C)cc2c(C(=O)NCc3ccc(C)cc3)cc(Br)cc21,6.403251647949219,5.034706115722656,5.7189788818359375
CCN(CC)C(=O)c1ccc(C=C2C(=O)Nc3ccc(Cl)cc32)s1,5.702620506286621,5.492266178131104,5.597443342208862
CN(C)Cc1ccc(-c2cc3ccccc3oc2=O)cc1,5.500974178314209,5.38972806930542,5.4453511238098145
CCC(=O)NC(=S)Nc1ccccc1,5.504371643066406,5.213513374328613,5.35894250869751
Fc1ccc(-c2cc(-c3ccccc3)c3c(n2)CCCC3)cc1,5.120556354522705,5.207668304443359,5.164112329483032
NC1=NC(=O)C(c2ccc(OC(=O)OCCCN3C(=O)N(C4CCCCC4)CC3)cc2)=N1,4.82781457901001,5.319173336029053,5.073493957519531
NCC=C1CC(=O)Oc2cc(OCc3cccc(Cl)c3)ccc21,4.374814987182617,6.993959426879883,5.68438720703125
COc1ccc2c(c1)CCC2=Cc1cnc[nH]1,4.560000896453857,6.683163642883301,5.621582269668579
Oc1ccc(-c2nc(-c3ccccc3)c(-c3ccccc3)[nH]2)cc1,5.022237300872803,3.684201240539551,4.353219270706177
CCCCCCCC=CCCCCCCC(=O)O,4.472692489624023,5.60106897354126,5.036880731582642
COc1cc([N+](=O)[O-])ccc1N=CCC(=O)c1ccsc1,6.784074783325195,5.390595436096191,6.087335109710693
COc1cc2c(cc1OC)C(CC1CC=C(C)C1)N=C(N)N2,5.0636091232299805,3.9516329765319824,4.5076210498809814
CC(F)(F)c1ccc(C(=O)CNC(=O)c2ccccc2)cc1,6.106012344360352,5.373666286468506,5.739839315414429
CCC(=O)N(c1ccc(OC)cc1)c1cc2c3c(c1)CCN3C(=O)CC2,6.42488431930542,5.210326194763184,5.817605257034302
CC(=O)OCC1OC(OCc2ccccc2)C(OC(C)=O)C(OC(C)=O)C1OC(C)=O,3.470077514648437,4.333518981933594,3.9017982482910156
Cc1ccc(C)c(Nc2ncnc3ccc(-c4cccnc4)cc23)c1,5.178757190704346,5.783969879150391,5.481363534927368
CCCC1=NC2(CCCCC2)C(=O)N1Cc1ccc(OC)cc1,6.517521381378174,5.125864028930664,5.821692705154419
Cc1c(-c2ccccc2)nc(N)nc1C=C1CCCCC1,5.188210487365723,4.604623317718506,4.896416902542114
CCC(=O)Nc1ccc2ncnc(Nc3cccc(Br)c3)c2c1,4.887571811676025,5.581073760986328,5.234322786331177
O=C(O)c1ccc(N=Nc2c(O)n(Cc3ccc4ccccc4c3)c3ccccc23)cc1,6.348082542419434,4.994818687438965,5.671450614929199
Cn1cc(-c2ccc(-c3ccccc3)cc2)c2cc(C#N)ccc21,4.524072647094727,6.714677810668945,5.619375228881836
COc1ccc2cc(CC(C)C)c(=O)oc2c1,4.765973567962647,5.532590866088867,5.149282217025757
O=C(NCC1CCCO1)c1ccc(-c2cccc(Nc3nc(Nc4ccccc4)c4cc(F)ccc4n3)c2)cc1,6.539246559143066,5.670385360717773,6.10481595993042
COc1cc(C=CC(=O)c2cccc(Cl)c2)ccc1S(=O)(=O)N1CCCC1,6.084163665771484,5.244018077850342,5.664090871810913
COc1cccc(-n2c(=O)c3c4c(cc(OC)c(OC)c42)N=C4NCCC3)c1,,,
O=C1c2ccccc2-c2n[nH]c3cccc1c23,4.932782173156738,5.525638580322266,5.229210376739502
Cc1ccc(N2CCN(C(=O)C3CCCC3c3ccc(Cl)cc3)CC2)cc1C,4.864118576049805,5.337467670440674,5.100793123245239
CC(CN1CCCC1)NC(=O)Nc1cccc(C(=O)Nc2cccc(Cl)c2)c1,5.411585807800293,4.525280952453613,4.968433380126953
COC(=O)C1=C(C)N=C(C)C(C(=O)OCCCN2CCC(C(=O)OC)(c3ccccc3)CC2)C1c1ccc(OC)cc1,5.81131649017334,5.215936183929443,5.513626337051392
CS(=O)(=O)N1CCc2cc(C(=O)CCCCCCc3ccccc3)ccc21,6.314920902252197,5.047082901000977,5.681001901626587
Cc1cccc(OCc2nnc(SCC(=O)Nc3cc(C)on3)o2)c1,5.9010515213012695,6.915637493133545,6.408344507217407
COC(=O)c1ccc(C(=O)N2CCCCC2CC(=O)NCc2ccccc2)cc1,4.548233985900879,4.060127258300781,4.30418062210083
CN1CCC(=C2c3cccc(O)c3CCC2(C)C)CC1,5.555292129516602,4.611627101898193,5.0834596157073975
O=C(CCc1nc2c3ccccc3c(=O)n2o1)OCCO,,,
COc1c(S(=O)(=O)c2ccc([N+](=O)[O-])cc2)c(O)n(-c2cccc(Br)c2)c1O,6.661509990692139,4.739168167114258,5.700339078903198
CCc1oc2ccccc2c1C(=O)c1cc(I)c(OC)c(OC)c1,6.034853458404541,4.548162460327148,5.291507959365845
CS(=O)(=O)c1ccc2c(c1)C(=Cc1cc3cc(OC(F)F)ccc3[nH]1)C(=O)N2,6.473930358886719,5.630468845367432,6.052199602127075
COc1cc2c3c(c1OC)-c1cc4c(cc1CC3N(C)CC2)OCO4,5.37161111831665,5.116207599639893,5.2439093589782715
CCCCCCOc1cccc(-c2cc(C(=O)NC3CCCC(NCCC)C3)c3cccnc3c2)c1,4.97689151763916,4.900307655334473,4.938599586486816
CC(C)(C)C(=O)Oc1ccc2c(c1)nc(NC(=O)c1cccc([N+](=O)[O-])c1)n2CCCO,6.017041206359863,5.209296703338623,5.613168954849243
Cc1cccc(C(=O)c2nn(C)cc2N)c1,5.5568928718566895,3.246060848236084,4.401476860046387
Cn1c(=O)c2c(ncn2CCC(=O)N2CCC(C(N)=O)(C3CCCC3)CC2)n(C)c1=O,6.121882915496826,5.0673909187316895,5.594636917114258
CC(=O)Nc1cccc(-c2csc(N3CCC(C(=O)NC4CCCCC4)CC3)n2)c1,4.733311176300049,5.175361633300781,4.954336404800415
CC(C)Oc1ccc(-c2cc(-c3ccccc3O)nc(O)c2C#N)cc1,5.144189357757568,5.153738498687744,5.148963928222656
CC1CCN(S(=O)(=O)c2ccc(C(=O)Nc3ccc4c(c3)OCO4)cc2)CC1,6.231616497039795,5.367250919342041,5.799433708190918
NC(=O)c1cn(C2OC(CO)C(O)C2O)nn1,5.204690456390381,4.121625900268555,4.663158178329468
COc1ccc(C(=O)Nc2cnc3[nH]cc(-c4ccccc4)c3c2)cc1,4.929210662841797,5.201382637023926,5.065296649932861
COc1ccc(C2=NNc3cccc4c(OC)ccc2c34)cc1OC,5.527660846710205,5.207728385925293,5.367694616317749
N#CC1(NC(=O)C2CCCCC2C(=O)O)CCCCC1,4.223424434661865,4.40985631942749,4.316640377044678
CCCN1CCC(Oc2ccc(C(=O)Nc3ccc(Cl)c(Cl)c3)cc2)CC1,4.839602947235107,4.537845134735107,4.688724040985107
OCCCn1cnc(-c2ccc(F)cc2)c1-c1ccncc1,5.2794060707092285,5.901569843292236,5.590487957000732
C=C(C)C1Cc2c(ccc(O)c2O)OC2C(=O)C3(O)C(=O)C(C)=C(OC(C)=O)C(OC(C)=O)C(OC)C(C)C=C3C12,5.449833393096924,5.99918794631958,5.724510669708252
COc1cc2c(cc1OC)C(=O)C(C(N)=O)C2,7.367095947265625,4.13415002822876,5.750622987747192
COc1cc2c(cc1OC)N(C(=O)CCc1cc[n+](Cc3ccccc3)cc1)CC2,6.545109748840332,4.006992816925049,5.27605128288269
COc1cc2c(cc1OC)-c1n[nH]c(Nc3cccc(F)c3)c1C2,5.711820125579834,5.167838096618652,5.439829111099243
Cc1ccc(O)c(C(CCN)c2ccc3ccccc3c2)c1,3.742809534072876,5.632823467254639,4.687816500663757
CCc1ccc(-c2nnc(-c3ccc(OC)c(OC)c3)o2)cc1,5.133398532867432,5.81618595123291,5.474792242050171
Cc1cccc(NC(=O)CN2C(=O)SC(=Cc3ccc(Br)cc3)C2=O)c1,5.375792026519775,5.325762271881104,5.3507771492004395
COc1ccc2c3c1OC1C(=O)C=CC4(C)C(O)CCC341,,,
NC(=O)c1cccc2c1-c1ccccc1C2=O,5.318897247314453,6.053808212280273,5.686352729797363
COc1cc2sc(N=Cc3ccc(N(C)C)cc3)nc2cc1OC,5.086374759674072,5.978150844573975,5.532262802124023
COc1ccc(CC(=O)N2CCN(CC(=O)c3cc4ccccc4o3)CC2)cc1,5.568368434906006,4.479865074157715,5.02411675453186
O=c1sn(-c2ccccc2)c(=O)n1Cc1ccco1,6.006512641906738,4.400713443756104,5.203613042831421
CC1CCCC(=Cc2ccccc2[N+](=O)[O-])C1,4.480116844177246,4.418278217315674,4.44919753074646
COCCOC(=O)C1=C(C)NC(=O)NC1c1ccccc1,4.704777240753174,4.751183032989502,4.727980136871338
Cc1c(C=C2C(=O)Nc3ccc(F)cc32)c2ccccc2n1C,5.704298496246338,6.777403354644775,6.240850925445557
NC(=O)C1CCN(C(=O)CN2CCCCC2=O)CC1,5.742671966552734,4.359443664550781,5.051057815551758
CN1CCN(CCCOc2ccc3c(c2)Cc2c-3n[nH]c2-c2ccc(C#N)cc2C3=O)CC1,,,
CC(=O)c1cccc(NC2=NC(=O)C(=Cc3ccc([N+](=O)[O-])o3)S2)c1,6.728361129760742,5.142544746398926,5.935452938079834
c1ccc(-c2oc3ncnc(NCC4CCCO4)c3c2-c2ccccc2)cc1,5.818032741546631,5.016388893127441,5.417210817337036
Cc1ccc(-c2coc3cc(O)ccc3c2=O)cc1,4.79787540435791,6.048811912536621,5.423343658447266
C#CCN(C)Cc1cc2cc(OCCCOc3cccc(N=S(C)(=O)O)c3)ccc2n1C,5.720638275146484,6.232707977294922,5.976673126220703
COc1ccc(C=CC(=O)O)cc1,2.618675947189331,5.854043483734131,4.236359715461731
O=[N+]([O-])c1ccc(C2=c3ccccc3=NC2)cc1,4.8620123863220215,6.237917423248291,5.549964904785156
C=CCOC1C=CC(C)(O)CC2Oc3ccc(O)cc3CC2C1,4.621285438537598,4.907939434051514,4.764612436294556
COc1ccc(C)cc1NC(=O)Nc1cc(C)on1,5.187575817108154,3.669996500015259,4.4287861585617065
CC(C)Cc1nc2c3ccccc3nc(C=Cc3ccccc3)n2c(=O)c1=O,,,
COc1ccc(Cl)cc1NC(=O)Nc1cccc(-c2cccnc2)c1,4.775053977966309,4.911034107208252,4.84304404258728
CC(=O)ON=C1C(C2C(=O)Nc3cc(Br)ccc32)=Nc2ccccc21,6.197669506072998,4.408497333526611,5.303083419799805
CC(=O)Oc1ccc2c(c1)c1c3c(c4c5ccccc5n5c4c1n2CC(C)C5)C(=O)NC3,5.722683429718018,4.2067413330078125,4.964712381362915
CCCCCNC(=O)N=C1CCc2cc(OC)c(OC)cc2C2=CC=C(SC)N=C21,5.895176410675049,5.142921447753906,5.5190489292144775
COc1cccc(CNc2cc(-c3ccccc3)c3c(=O)n(C)c(=O)n(C)c3n2)c1,5.873239040374756,5.243115425109863,5.55817723274231
CC1=NC2=CCCCN2C(=O)C1CCN1CCC(C(=O)c2ccc(F)cc2)CC1,6.778965473175049,5.486616134643555,6.132790803909302
Cc1ccc(S(=O)(=O)Nc2ccc3c(c2)C(=O)N(C(C)CO)CC(C)C(CN(C)Cc2ccco2)O3)cc1,5.682346820831299,4.793013095855713,5.237679958343506
COc1cc2c(cc1OC)CCc1c-2c2c(O)oc3cc(OC)c(OC)cc3c2c1=O,,,
COc1ccccc1CNc1ncc([N+](=O)[O-])c(NCC2CCC(CN)CC2)n1,5.26367712020874,4.4436354637146,4.85365629196167
NC(=O)c1ccc(NC2CCC(O)CC2)cc1N,5.356441020965576,4.872306823730469,5.1143739223480225
CCCCCCN(CCCCCC)C(=O)c1c[nH]c2ccccc12,4.739129543304443,4.671310901641846,4.7052202224731445
NS(=O)(=O)c1ccc(CCNC(=O)c2ccoc2)cc1,5.189718246459961,5.2435302734375,5.2166242599487305
COc1ccc(C2=NNc3cccc4c(OC)ccc2c34)cc1OC,5.527660846710205,5.207728385925293,5.367694616317749
COc1ccc(-c2cc(=O)oc3c(O)c(O)ccc23)cc1,5.330094814300537,5.272039890289307,5.301067352294922
Clc1ccc(-c2nnc(-c3ccccc3)o2)cc1Cl,5.693181991577148,6.101722717285156,5.897452354431152
Nc1nonc1-c1nc2cnccc2n1C1CCCCC1,4.141621112823486,5.14059591293335,4.641108512878418
C#CC1(O)CCC2C3CCC4=CC(=O)CCC4C3CCC21C,4.655767440795898,8.51990795135498,6.5878376960754395
COc1ccccc1-c1cncnc1NCCc1ccccc1,4.254459857940674,4.988695621490479,4.621577739715576
CC(C)(CNC(=O)c1ccc2c(c1)OCO2)c1ccccc1,5.215379238128662,4.3699049949646,4.792642116546631
CC(C)c1cccc(C(=O)N2CCC(NC(=O)C3CCCO3)CC2)c1,4.611626625061035,4.046149253845215,4.328887939453125
CN(C)c1ccc(C=CC=c2sc3nc(=O)cnn3c2=O)cc1,5.744897842407227,5.596327781677246,5.670612812042236
O=C(Nc1cccc(-c2nc3sccn3c2-c2ccnc(Nc3cccc(N4CCCC4=O)c3)n2)c1)c1c(F)cccc1F,6.202006340026856,5.667175769805908,5.934591054916382
CCOc1ccc(-n2c(=O)c3cc(C#CC(=O)NC4CCCCC4)ccc3n(C)c2=O)cc1,5.769807815551758,5.499645709991455,5.6347267627716064
Oc1ncnc2[nH]nc(Nc3ccc(F)cc3)c12,4.788787841796875,5.465682506561279,5.127235174179077
CC(=O)c1ccc(N2CCN(C(=O)c3sc(C)nc3C)CC2)cc1,5.37684440612793,5.508699893951416,5.442772150039673
O=c1cc(-c2ccc(O)cc2)oc2c1ccc1ccccc12,5.160896301269531,5.065583229064941,5.113239765167236
Cc1cccc(-n2nnnc2C(F)(F)F)c1,4.644225597381592,6.552948951721191,5.598587274551392
CC(=O)N1CCN(CCOc2ccc(NC(=O)c3ccccc3)cc2)CC1,5.21829080581665,5.338934421539307,5.2786126136779785
COc1cc2c(cc1OC)C1=NOC(CN3CCN(Cc4ccc(Cl)cc4)CC3)C1CO2,6.885958671569824,4.927042484283447,5.906500577926636
O=C(CC1CC(C(=O)N2CCOCC2)OC1=O)NCc1cccc(Cl)c1,4.970088958740234,4.308515548706055,4.6393022537231445
N#Cc1ccc(COc2ccccc2CCC(=O)O)cc1,3.983102321624756,6.510674476623535,5.2468883991241455
CN(C)c1ccc(C=CC=Cc2cc[n+](C)cc2)cc1,4.2003936767578125,5.53466272354126,4.867528200149536
CC(=O)OCC1OC(n2cc(F)c(=O)[nH]c2=O)C(OC(C)=O)C1OC(C)=O,3.727262020111084,3.888343095779419,3.8078025579452515
CC1=Nc2cc(C(=O)NCCCCCCCCCNc3c4c(nc5ccccc35)CCCC4)ccc2S1,8.433568954467773,5.088482856750488,6.761025905609131
Cc1c(C)c2ccc(OCc3cc(F)cc(F)c3)cc2oc1=O,4.5235137939453125,8.720561981201172,6.622037887573242
CCCCCCCCCCCCCCCCC(=O)NCC(=O)NC1C(C)OC(Nc2ccc(C)cc2)C1O,5.344761371612549,5.437516689300537,5.391139030456543
Clc1ccc2c(c1)N=C(N1CCN(c3ccc(Cl)cc3)CC1)c1cccnc1N2,5.649369239807129,5.831949234008789,5.740659236907959
CCCCCCCCC1COC(=O)c2coc(=O)c(Br)c21,4.064232349395752,6.606757640838623,5.3354949951171875
COc1ccc2c(c1)c(CCNC(=O)C1CCCCC1)c(C)n2C(=O)c1ccc(Cl)cc1,5.613094329833984,4.871350765228272,5.242222547531128
COc1ccc(C(=O)OC(C)C(=O)Nc2cc(C)on2)cc1,5.1898603439331055,4.202560901641846,4.696210622787476
CCc1ccc2c(c1)sc(N)[n+]2CC,5.7137837409973145,4.463379383087158,5.088581562042236
Cn1nc(CC(=O)NN=Cc2ccc(OC(=O)c3ccccc3Cl)cc2)c2ccccc2c1=O,5.767253398895264,4.913722515106201,5.340487957000732
c1ccc2c(c1)ccc[n+]2CCCCCCCCC[n+]1ccc(N2CCCCC2)cc1,7.366528511047363,4.679823875427246,6.023176193237305
O=C1c2ccccc2C(=O)N1CCCCOc1cccc(Cl)c1,6.050052642822266,6.383126258850098,6.216589450836182
Cc1c(C)c2ccc(OCC(O)CN3CCCC3)cc2oc1=O,5.492908477783203,5.366491317749023,5.429699897766113
CC1=CC(C)=NNC(=O)C1=Cc1cc2ccccc2[nH]1,5.574562072753906,6.728787422180176,6.151674747467041
CC(C)=CCN1CCC(C)(c2ccc(O)c(C)c2)C(C)C1,5.73729419708252,4.290839672088623,5.014066934585571
CC(=O)c1c(C)nc(C)c(C=C2C(=O)Nc3ccccc32)c1C,5.986135005950928,5.930734157562256,5.958434581756592
CN(C)CCCCCCCCCCNc1c2c(nc3cc(Cl)ccc13)CCCC2,7.777022361755371,4.275032043457031,6.026027202606201
Cc1ccc([N+](=O)[O-])c(OCCCN2CCC(C(O)(c3ccccc3)C3CCCC3)CC2)c1,5.594717979431152,5.153855323791504,5.374286651611328
O=[N+]([O-])c1ccc(-c2nc(-c3ccc(F)cc3)c(-c3ccncc3)[nH]2)cc1,5.698388576507568,5.5756707191467285,5.637029647827148
CC(C)(C)CNC(=O)C=Cc1ccc(Cl)cc1,3.683877944946289,3.156308174133301,3.420093059539795
CNC(=O)COc1ccc(C(=O)Nc2cc(C)ccc2C)cc1,5.982253074645996,5.21974515914917,5.600999116897583
COc1nc(Nc2ccccc2)nc(OC)c1[N+](=O)[O-],6.122798919677734,5.114419460296631,5.618609189987183
CCCCCCN1CCc2ccc(OCCCCCCCCCNc3c4c(nc5cc(Cl)ccc35)CCCC4)cc2CC1,7.4148383140563965,5.16019344329834,6.287515878677368
O=C1NC(=O)N(CCc2ccc(F)cc2)C1=O,4.464142799377441,5.983150959014893,5.223646879196167
CCOc1ccc2ccccc2c1C(=O)c1ccc(C(=O)NCCC(C)C)cc1,5.133891582489014,4.7578535079956055,4.94587254524231
Cc1nc(N)sc1-c1ccnc(Nc2ccc(N3CCOCC3)cc2)n1,4.869938850402832,6.188192844390869,5.529065847396851
COc1ccc2cc(-c3nc(-c4ccc(C#N)cc4)no3)sc2c1,5.650844573974609,6.2610182762146,5.9559314250946045
CCCCCNC(=O)c1ccc2c(c1)N=C(O)CCN2C,5.5516557693481445,4.988497734069824,5.270076751708984
Nc1ccc2oc(-c3ccc(OC(=O)c4ccccn4)cc3)nc2c1,6.242598533630371,4.382271766662598,5.312435150146484
c1cc(CCN2CCOCC2)nc(NC2CCCCC2)c1,4.398988246917725,5.135717391967773,4.767352819442749
CC(=O)Oc1ccc2c(c1)OC(=O)C1C(CO2)C2(C)C(OC(=O)c3ccc(Br)cc3)CC3(C)C4CCC2(C)C1=O,,,
O=C(CCc1ccccc1)N1CCN(Cc2ccc(OC(F)(F)F)cc2)CC1,6.63128662109375,5.390573024749756,6.010929822921753
O=C1NCC2c3c(cccc31)CCC2N(C1CCCCC1)C(=O)NCCCCN3CCOCC1,,,
CCC1=C2CC3C(C)(COC(=O)c4cccc(Cl)c4)CCCC3(C)C2=CC(=O)C1=O,4.7989349365234375,6.438175201416016,5.618555068969727
CN(C)c1ccc(C(=O)OCC(=O)c2ccc(OC(F)(F)F)cc2)cc1,5.049769401550293,6.198485374450684,5.624127388000488
COc1cc(C=C2C(=O)Nc3ccccc32)cc(OC)c1OC,6.095385074615479,4.9033308029174805,5.4993579387664795
CN1CCN(C2=Nc3ccccc3Nc3ccc(Cl)cc32)CC1,5.388035297393799,4.9098429679870605,5.14893913269043
Cc1nc2ccc(C=CC(=O)N3CCCC3)cc2s1,6.290111064910889,5.792252063751221,6.041181564331055
CC(=O)N1N=C(c2ccc(OCCCCCCOc3ccc4c(c3)CCC4)cc2)OC1=O,6.213859081268311,7.069960594177246,6.641909837722778
CC(C#N)(C#N)c1cccc(COC(=O)c2ccc(O)c(C#N)c2)c1,4.270245552062988,5.034697532653809,4.652471542358398
CN(C)c1ccc(-c2nc(-c3cccnc3)no2)cc1,4.855412483215332,6.746145248413086,5.800778865814209
Cc1oc2cc(OCC(=O)NCC3CCCO3)ccc2c(=O)c1-c1ccc(F)cc1,5.84146785736084,5.476787090301514,5.659127473831177
O=C(CCN1C2CCC1CC(O)(c1ccc(Cl)cc1)C2)c1ccc(F)cc1,5.592835426330566,6.075705051422119,5.834270238876343
COc1cc2c(cc1OC)C(=O)C(Br)C2,7.700554847717285,4.882355690002441,6.291455268859863
CC(=O)NC1CCN(CCCC(=O)c2cccc3c2OCO3)C1,5.378421306610107,4.405611991882324,4.892016649246216
COc1cc(N(C)CCCOc2ccc(C)cc2)ccc1-c1nc(O)c2ccccc2n1,5.580105781555176,6.027156829833984,5.80363130569458
CN1CCC(C(=O)Nc2n[nH]c3nc(-c4ccc(O)cc4)c(Br)cc23)CC1,6.092899322509766,4.655724048614502,5.374311685562134
COc1cc(C=CC2=C(O)NC(=O)N(CCCCN3CCC(c4ccccc4OC)CC3)C2=O)ccc1O,6.216898918151856,5.065192699432373,5.641045808792114
CC(=O)Nc1cc2c(cc1OCC(=O)O)OCCC2,4.005939483642578,3.985817909240722,3.9958786964416504
Cc1[nH]c2c(c1C)COc1c3ccccc3c[n+]1-2,,,
CCc1ccc2oc(-c3ccc(NC(C)=O)cc3)nc2c1,5.143874168395996,5.46655797958374,5.305216073989868
Nc1ccc2nc3c(O)n(CCCCCO)nc-3nc2c1,5.588346481323242,4.232558727264404,4.910452604293823
O=C(O)C1=CC(=C(c2ccc(O)c(C(=O)c3ccccc3)c2)C=CC1=O,,,
O=C(Nc1ccc(Cl)c(Cl)c1)Nc1ccc2n[nH]cc2c1,5.188962936401367,5.138499736785889,5.163731336593628
CC(C#N)(C)C1C=C2Oc3ccc(O)cc3C2CC1,4.275109767913818,5.072677612304688,4.673893690109253
Cc1noc(C)c1-c1ccc2ncnc(NC3CCCCC3)c2c1,5.64048957824707,6.203476428985596,5.921983003616333
O=c1oc2c(O)c(O)cc3c(=O)oc4c(O)c(O)cc1c4c23,7.167119979858398,3.161191940307617,5.164155960083008
COc1ccc(C2=NN(CCCCCCCNC)C(c3ccccc3)C2)cc1OC,5.950732231140137,4.720206737518311,5.335469484329224
CC1=CC(C)(C)Nc2ccc3c(c21)COc1c(F)cc(F)cc1-3,5.648677825927734,6.601750373840332,6.125214099884033
CC1=NC(=O)CC(c2ccc(C(F)(F)F)cc2)C1C(=O)Nc1ccc2n[nH]cc2c1,5.920079708099365,6.370293140411377,6.145186424255371
COc1ccc2c3c(nccc13)C(=O)N(O)C2=O,5.459612846374512,4.411186695098877,4.935399770736694
CCN=c1scc(-c2ccco2)n1N=Cc1ccc(O)cc1O,6.066315174102783,4.730835914611816,5.3985755443573
Cc1ccc(CNCCC2CCOC2)c(O)c1,4.87159538269043,3.9247217178344727,4.398158550262451
O=C(NC(=S)Nc1ccc(Cl)cc1)c1ccccc1,6.413283348083496,4.824857711791992,5.619070529937744
N#Cc1ccc(C(=O)O)cc1N=Cc1cccc2ccccc12,4.819318771362305,6.858702182769775,5.83901047706604
CCN(CC)C(=O)c1ccc(N=C2C(=O)N(c3ccccc3)N(C)C2C)cc1,5.865850925445557,4.604850769042969,5.235350847244263
COc1ccc(-c2csc3nc(N4CCOCC4)sc23)cc1,5.505134582519531,6.532251834869385,6.018693208694458
CN(C)CC1CC2c3c(cccc3OC(=O)C2O1)OCCO3,,,
CC1=CC(C)(C)Nc2ccc3c(c21)C(=Cc1ccccc1)Oc1ccccc1-3,4.916687488555908,5.8875041007995605,5.402095794677734
CCN1CCN(Cc2ccc(Oc3ccc(F)cc3)cc2)CC1,5.956461429595947,4.1012163162231445,5.028838872909546
Cc1cc(=O)oc2cc(OCC(=O)Nc3cccc4ccccc34)ccc12,5.26259708404541,5.981539726257324,5.622068405151367
Oc1nc2cccc(Cl)c2c2nc(-c3ccco3)nn12,5.30096435546875,3.9785408973693848,4.639752626419067
CS(=O)(=O)N1CCCC(C(=O)N2CCN(c3nc(-c4cccs4)nc4ccccc34)CC2)C1,5.878368377685547,5.157961845397949,5.518165111541748
O=C1CSC(c2cccc(Br)c2)N1c1ccc2c(c1)OCO2,5.7781243324279785,6.069897174835205,5.924010753631592
O=C1c2ccccc2-c2n[nH]c3cccc1c23,4.932782173156738,5.525638580322266,5.229210376739502
CC(NC1CCN(S(C)(=O)=O)CC1)c1cccc(Cl)c1,4.365036964416504,4.4621992111206055,4.413618087768555
O=C1C(=O)C(c2ccc(O)c(O)c2)Oc2cc(O)cc(O)c21,5.846800804138184,4.774687767028809,5.310744285583496
CCCCOc1ccc(-c2cc(-c3ccc(O)cc3)nn2C(=O)NC)cc1,6.773203372955322,5.602530002593994,6.187866687774658
CC(=O)c1cccc(-c2csc(NN=Cc3ccccc3O)n2)c1,5.943134307861328,4.973387241363525,5.458260774612427
O=C(NCCc1ccc(Cl)c(Cl)c1)Nc1ccc2nc(CN3CCCCC3)ccc2c1,6.225680351257324,4.572467803955078,5.399074077606201
O=C(C=Cc1ccccc1)OC1CCOC1=O,4.592039108276367,5.69779109954834,5.1449151039123535
C#CCN(C)Cc1cc2cc(OCc3ccccn3)ccc2[nH]1,4.352261543273926,7.287800788879394,5.82003116607666
CC(C)c1cc(=O)oc2cc(OCCCC3CCN(Cc4ccccc4)CC3)ccc12,6.82285213470459,4.832156181335449,5.8275041580200195
NC1=NC(=O)C(=Cc2ccc(-c3cccc(Cl)c3)o2)S1,6.373762607574463,5.984556674957275,6.179159641265869
O=C1c2ccccc2-c2n[nH]c3cccc1c23,4.932782173156738,5.525638580322266,5.229210376739502
CN(C)CCOc1ccc(Cl)cc1,3.987849712371826,4.648710250854492,4.318279981613159
CN(C)CCN(C)C(=O)CCc1nc(-c2ccccc2)no1,5.698014259338379,5.676629543304443,5.687321901321411
CCN(CC)C(=O)C1Cc2c(cc3c[nH]c4c3c2C=CC4)N(C)C1,6.5862579345703125,4.668763160705566,5.6275105476379395
