SMILES,D2R_pXC50,D3R_pXC50,D2R_D3R_pXC50
CCCC(=O)N1CCC(Cc2cccc(C(=O)NCc3cccc(Cl)c3)c2)CC1,7.243351936340332,6.372915744781494,6.808133840560913
Cc1cccc2c1CCC1CN(CCn3c(=O)[nH]c4c(sc5ccc(C(F)(F)F)cc54)c3=O)CC21,7.113714218139648,7.289348125457764,7.201531171798706
COc1cccc(NC(=O)CSc2nc(N)c(C#N)c(-c3cccc(OC)c3)n2)c1,5.836190700531006,4.958300590515137,5.397245645523071
COc1ccccc1N1CCN(CCc2nc3ccccc3n2C)CC1,7.182249069213867,6.689494609832764,6.935871839523315
O=C(O)CCCCCN1CCC(Oc2ccc3c(c2)CCC3)CC1,6.251770496368408,5.239169120788574,5.745469808578491
CCNC(=O)N(CCC1CCN(Cc2ccc3[nH]ccc3c2)CC1)Cc1cccc(F)c1,6.4855241775512695,6.723751544952393,6.604637861251831
CCCN1CCCC2Cc3[nH]ncc3CC21,7.043054103851318,7.927458763122559,7.4852564334869385
COc1ccccc1N1CCN(CCCCNS(=O)(=O)c2cc3cc4c(cc3[nH]2)OCO4)CC1,7.355332851409912,7.715725898742676,7.535529375076294
CC(C)Oc1ccccc1N1CCN(C2CCC(NC(=O)Nc3cc(F)ccc3F)CC2)CC1,7.781427383422852,8.235396385192871,8.008411884307861
Cc1nc2c(O)n(CCCCCN3CCN(c4cc(Cl)ccc4F)CC3)cc2s1,7.6894683837890625,7.305740833282471,7.497604608535767
COc1ccccc1N1CCN(CCCCNC(=O)c2ccc(C=CC(O)=NO)cc2)CC1,7.18201208114624,7.872146129608154,7.527079105377197
Oc1nc2[nH]cc(C(O)CN3CCN(c4cccc5ccccc45)CC3)c2c2c1CCC2,7.36739444732666,7.053494453430176,7.210444450378418
CC12CCC3C(CCC4(O)CCC34C=CCC1C2)C(=O)CCC3,,,
COc1ccccc1N1CCN(CCCCOc2ccc3c(C)csc3c2)CC1,7.737614154815674,8.284722328186035,8.011168241500854
COc1cc(N2CCN(C(C)C)CC2)ccc1Nc1nc(-c2ccccc2Cl)c2cc[nH]c2n1,6.352167129516602,5.417948246002197,5.885057687759399
CCn1c(CN2CCN(c3ccc(C(=O)NCCCN4CCN(c5ccccc5OC)CC4)cc3)CC2)nc2ccccc21,5.875804901123047,6.425559043884277,6.150681972503662
COc1ccc(CCOC(=O)C2(c3ccc(Cl)c(Cl)c3)CCN(C(=O)C3CCCC3)CC2)cc1OC,6.348102569580078,5.662570476531982,6.00533652305603
Cc1ccc2oc(=O)n(CCCCN3CCC(c4n[nH]c(-c5ccc(Cl)cc5)n4)CC3)c2c1,6.944100379943848,7.787737846374512,7.36591911315918
Oc1occ2c1C(CNCCc1ccccc1)CC1CCCC21,6.023477554321289,7.178929805755615,6.601203680038452
CCCN(CCCCCNC(=O)Cc1c(-c2ccc(F)cc2)nc2ccccn12)C1CCc2c(F)cccc2C1,7.000795364379883,6.9651594161987305,6.982977390289307
COc1ccc(CCN2CCN(Cc3cccc4cc(OC)ccc34)CC2)cc1,6.145789623260498,6.19659948348999,6.171194553375244
O=S(=O)(NCCCCN1CCN(c2cccc(Cl)c2Cl)CC1)c1cc2ccccc2s1,7.814041137695312,8.642093658447266,8.228067398071289
COc1ccccc1N1CCN(CCNC(=O)c2cc3ccc2OC)CC1,,,
CCCN(CCC1CCC(NC(=O)c2cc3ccccc3[nH]2)CC1)C1CCc2nc(N)sc2C1,7.018593788146973,8.971903800964355,7.995248794555664
CCCCN(CCCC)C1CCc2ccc3[nH]ccc3c2C1,7.663437843322754,7.27394962310791,7.468693733215332
N#Cc1cccc(N2CCN(CCCCn3ncc(=O)n(CCC4CCCCC4)c3=O)CC2)c1,7.307006359100342,8.02446174621582,7.665734052658081
CC(=O)Nc1ccc(S(=O)(=O)Nc2cc(C)nc(-c3ccc(C)cc3)n2)cc1,5.619131088256836,4.8659515380859375,5.242541313171387
Cc1ccc(-c2cnc(N3CCN(CCO)C(C)C3)nc2)c(C)c1,5.487529754638672,6.171418190002441,5.829473972320557
CCCN1CCC=C(c2ccc(C(=O)Nc3ccc4c(c3)-c3nnc(C)[nH]3)cc2)C1,,,
CCCN(CC1CC1)c1cc(-c2ccccc2)nc2ccnn12,6.275689125061035,7.266718864440918,6.771203994750977
CCCCCC1CCN(CCCC(O)c2ccc(SC)cc2)CC1,5.426867485046387,5.6192145347595215,5.523041009902954
CN(C)CCCN1c2ccc(Cl)cc2CCc2ccccc21,6.95042610168457,6.690840721130371,6.820633411407471
CN(C)CCNC(=O)c1cccc(Br)c1,5.46995735168457,7.388588905334473,6.4292731285095215
CCCN1CCCC(c2ccc(Nc3nc(Nc4cc(F)ccc4C(N)=O)c4cc[nH]c4n3)c(OC)c2)C1,6.661169528961182,5.90226411819458,6.281716823577881
CCCCN(CCCC)C1CCc2ccc3[nH]ccc3c2C1,7.663437843322754,7.27394962310791,7.468693733215332
CN1CCc2c(sc3ncn(CCN4CCN(c5cncc6ccccc56)CC4)c(=O)c23)C1,7.403750419616699,7.24682092666626,7.3252856731414795
CN1CCc2c(sc3ncn(CCN4CCN(c5cncc6ccccc56)CC4)c(=O)c23)C1,7.403750419616699,7.24682092666626,7.3252856731414795
CCCN1CCCC(c2ccc(Nc3nc(Nc4cc(F)ccc4C(N)=O)c4cc[nH]c4n3)c(OC)c2)C1,6.661169528961182,5.90226411819458,6.281716823577881
CC(C)N=C1SC(=Cc2ccc(OCCOc3ccc(C(=O)O)cc3)cc2)C(=O)N1c1ccccc1,5.591590404510498,5.214508533477783,5.403049468994141
COc1ccc(N2CCN(CCCCNC(=O)C3COc4ccccc4O3)CC2)cc1,6.324272155761719,6.820895195007324,6.5725836753845215
COc1cccc(N2CCN(Cc3cn4c(C(F)(F)F)cccc4n3)CC2)c1,6.0459818840026855,5.744226932525635,5.89510440826416
CSc1ccc2c(c1)N(CCC1CCC(NC(C)=O)CC1)c1ccccc1S2,6.3813347816467285,6.854355335235596,6.617845058441162
CN1CCc2cc(Cl)c(O)cc2C2c3cccc(NCCc4cccc(OC(F)(F)F)c4)c3CCC21,6.424623489379883,6.398907661437988,6.4117655754089355
COc1ccccc1N1CCN(CCC=C2N=c3ccc(C)cc3=NC2=O)CC1,6.509641647338867,6.602036952972412,6.55583930015564
COc1cccc(Nc2ccccc2C(C)=O)c1,6.093936920166016,5.0910186767578125,5.592477798461914
COc1ccc(CN2CCN(CCc3c[nH]c4ccc(C#N)cc34)CC2)cc1OC,7.070023059844971,6.814074516296387,6.942048788070679
O=C1NCCN1CCN1CCC(c2cn(-c3ccc(F)cc3)c3ccc(Cl)cc23)CC1,7.742376327514648,6.387310028076172,7.06484317779541
COc1ccccc1N1CCN(CCc2ccc3nc(N)sc3c2)CC1,7.759366512298584,6.729472160339356,7.24441933631897
OC1(c2ccc(Cl)cc2)CC2CCC(C1)N2Cc1coc2cc(F)ccc12,8.11114501953125,8.557474136352539,8.334309577941895
CCCN(CCc1ccccc1)C1CCc2ccc3[nH]ccc3c2C1,7.630286693572998,7.434272766113281,7.53227972984314
CCN(CC)CCSc1nc(NCCC)ncc1C(F)(F)F,7.54356050491333,6.811036586761475,7.177298545837402
CCCN(CCC)C1CCc2ccc(O)c(O)c2C1,8.07470703125,8.906779289245605,8.490743160247803
CCCNC1CCc2[nH]c(C(=O)O)cc2C1,5.743407726287842,6.4593915939331055,6.101399660110474
CCCN(CCC)S(=O)(=O)c1ccc(OCC)c(OC)c1,6.716038703918457,6.307540893554688,6.511789798736572
O=C1N(CCN2CCCCC2)CCN1c1ccccc1I,7.846759796142578,7.235560417175293,7.5411601066589355
Fc1ccccc1N1CCN(CCCCOc2ccc3c(c2)CCC3)CC1,7.995997428894043,7.8051323890686035,7.900564908981323
Cc1ccc2c(N3CCN(CCc4ccc5[nH]c(N)nc5c4)CC3)cccc2n1,7.305866241455078,6.576362133026123,6.941114187240601
CN(C)C(=O)NC1CCC(COc2ccc(F)c(Cl)c2)(CC2CCC2)CC1,6.076037406921387,7.024875164031982,6.550456285476685
O=C(CCCN1C2CCC1CC(O)(c1ccc(Cl)cc1)C2)c1ccc(F)cc1,7.815347194671631,8.006396293640137,7.910871744155884
CCC1(CCN2CCN(c3cc(C(F)(F)F)ncn3)CC2)COC(C)(C)C1OC(=O)c1ccc(F)cc1,5.89129638671875,7.065335273742676,6.478315830230713
COc1ccc(N2CCN(CCNC(=O)c3cc4cc(-c5ccccc5)ccc4[nH]3)CC2)cc1,6.144106864929199,6.647883415222168,6.395995140075684
N#Cc1ccc(N2CCC3(CC2)CCN(C(=O)CNCc2cc(Cl)ccc2OCc2ccccc2)CC3)nc1,6.385204792022705,5.753008365631104,6.069106578826904
Cn1ccc2cc3c(cc21)CCN3C(=O)Nc1cccnc1,6.174854278564453,5.212871074676514,5.693862676620483
CCCNc1cccc(-n2cc(CCNC(=O)c3ccccc3)c3ccccc32)c1,6.445350170135498,6.671335220336914,6.558342695236206
COc1ccccc1N1CCN(CCNC(=O)C2CCCN(c3nc4ccccc4s3)C2)CC1,7.206170558929443,6.538523674011231,6.872347116470337
COc1cccc(Cn2cc(CN3CCN(c4ccccc4OC)CC3)nn2)c1,6.542996883392334,5.550064563751221,6.046530723571777
O=C(NCCCCN1CCN(c2cccc(Cl)c2Cl)CC1)c1cc2ccccc2o1,6.971603870391846,8.865472793579102,7.918538331985474
COc1cc(NC(=O)c2c(Cl)cccc2Cl)cc(OC)c1OC,6.521925926208496,5.945010662078857,6.233468294143677
CCCN(Cc1ccccc1)C1CCc2c(O)cccc2C1,7.796046733856201,8.044795036315918,7.92042088508606
O=C(CCCCN1CCN(c2ccccc2O)CC1)c1ccc(F)cc1,8.715490341186523,8.36658000946045,8.541035175323486
COc1ccc(N2CCN(CCC3CCC(Nc4ncccn4)CC3)CC2)cc1,7.163640022277832,7.093814373016357,7.128727197647095
Cc1ncoc1-c1nnc(SCCCN2CC3CC3(c3ccc(C(F)(F)F)cc3)C2)n1C,6.68971061706543,8.816180229187012,7.752945423126221
Oc1nc2c(O)ccc(C(O)CNCC3CCCN3CCc3ccc(Cl)cc3)c2s1,6.101323127746582,7.632205963134766,6.866764545440674
CCCN(CCc1ccccc1)C1CCc2c(O)cccc2C1,8.200567245483398,8.143576622009277,8.172071933746338
COc1cccc2c1CC(C)(C)C2N1CCN(C)CC1,6.841166496276856,6.331214904785156,6.586190700531006
O=C(NCCCCN1CCN(c2cccc(Cl)c2Cl)CC1)c1cc2ccc(O)cc2[nH]1,7.402360916137695,9.634045600891112,8.518203258514404
COc1ccccc1N1CCN(CCCCNC(=O)c2cccc(Oc3ccccc3)c2)CC1,6.9858927726745605,8.263080596923828,7.624486684799194
COc1c(O)ccc2c1C1=NC(CCCCN3CCN(c4cccc5ccccc45)CC3)C1CO2,7.315804004669189,8.111795425415039,7.713799715042114
CN1CCN(C2Cc3ccccc3Sc3ccc(-c4cnn(C)c4)cc32)CC1,8.523214340209961,7.4359450340271,7.97957968711853
O=C1CCc2ccc(OCCCCN3CCN(c4cccc(Cl)c4Cl)CC3)nc2N1,8.820858001708984,7.946581840515137,8.38371992111206
COc1cc(C(=O)NC2CCN(C3COCC(CC4CCCCC4)O3)CC2)cc(OC)c1OC,6.2788591384887695,6.543991565704346,6.411425352096558
CCOC(=O)c1ccc(NC(=O)NCCc2ccc(OC)c(OC)c2)cc1,6.924315929412842,5.856884479522705,6.390600204467773
Oc1[nH]cc2ccc(OCCCN3CCN(c4cccc5c4CCCC5)CC3)cc12,8.662344932556152,7.776519298553467,8.21943211555481
COc1cccc(C(=O)NCCCN2CCC(c3noc4cc(F)ccc34)CC2)c1,6.533158302307129,6.594513893127441,6.563836097717285
CN1CCc2c(sc3ncn(CCN4CCN(c5ccncc5Cl)CC4)c(=O)c23)C1,7.053447723388672,7.29779052734375,7.175619125366211
CCCN(CCC)C1COc2c(cccc2-c2ccccc2)C1,6.995641708374023,7.33798885345459,7.166815280914307
COc1ccccc1N1CCN(CCCCNC(=O)C=Cc2ccc3c(c2)CCO3)CC1,7.720231056213379,8.751705169677734,8.235968112945557
CCCNC(=O)c1ccc2c(c1)NC(=O)C2C(=Nc1ccc(CCN2CCCCC2)cc1)c1ccccc1,5.735235691070557,5.904070854187012,5.819653272628784
COc1ccccc1N1CCN(Cc2ccc3ccccc3c2)CC1,7.909242153167725,7.220834255218506,7.565038204193115
COc1cc(F)ccc1N1CCN(Cc2ccc(C(=O)N3CCC(OC)CC3)cc2)CC1,6.553833961486816,6.301109313964844,6.42747163772583
COc1ccc2c(c1)N(C)CC1CCCN1C2c1ccccc1C,6.186131477355957,6.868266105651856,6.527198791503906
O=C(NCCCCN1CCN(c2cccc(Cl)c2Cl)CC1)c1ccc(F)cc1,7.551733493804932,8.872730255126953,8.212231874465942
CN(CCCc1ccc(F)cc1)CCc1ccc(C(=O)O)cc1,6.075782775878906,6.382815361022949,6.229299068450928
COc1ccccc1N1CCN(CCCC(=O)NCc2cc3ccccc3o2)CC1,7.512973785400391,6.758808612823486,7.1358911991119385
O=C(O)C1CCCC2=CCC(NC(=O)Cc3ccccc3)CC21,6.687473297119141,5.068606853485107,5.878040075302124
O=C1CCC(CCN2CCN(c3nsc4ccccc34)CC2)CN1,8.020562171936035,7.66535758972168,7.842959880828857
CCN(CC)CCCCN1c2ccccc2Oc2ccc(Cl)cc21,7.104347229003906,7.010074138641357,7.057210683822632
CCN1CCc2ccc(Br)cc2C(c2ccccc2)C1,6.8824615478515625,6.926319599151611,6.904390573501587
O=C(c1cc(CC2CCN(CC3COC(Cc4ccc(Cl)c(Cl)c4)(C(F)(F)F)CC3)CC2)cc(C(F)(F)F)c1)N1CCN(c2ccccc2)CC1,6.309972763061523,6.973219871520996,6.64159631729126
Cc1cc(-c2cc3ccnc(O)c3cc2Cl)cc(C)c1O,6.576650619506836,5.126327037811279,5.851488828659058
CN1CCN(C2Cc3ccccc3Sc3ccc(-c4cnn(C)c4)cc32)CC1,8.523214340209961,7.4359450340271,7.97957968711853
CCN1CCCC1CNC(=O)c1c(O)c(Br)cc(Br)c1OC,7.051560878753662,8.71286678314209,7.882213830947876
O=C(CCCCCCCN1CCC2C(C1)c1cccc3c1N2CCCS3)Nc1ccc(F)cc1,7.21638011932373,6.815142154693604,7.015761137008667
COc1ccc(COCC(Cc2c[nH]cn2)N2CCN(c3ccccc3)CC2)cc1,5.704992294311523,6.013826370239258,5.859409332275391
COc1ccc2cccc(CN3CCN(c4ccccn4)CC3)c2n1,6.169615745544434,5.882580280303955,6.026098012924194
COc1ccccc1N1CCN(CCCNC(=O)c2cc3cccnc3[nH]2)CC1,6.7110443115234375,7.287442207336426,6.999243259429932
CN1CC=CCCC1CNC(=O)c1cc(C2CC2)[nH]n1,5.888131141662598,7.619616508483887,6.753873825073242
Cc1cc(C)c2nc(N3CCN(Cc4ccccc4)CC3)sc2c1,6.874596118927002,6.387091159820557,6.630843639373779
O=C(NCC1CCCN1)c1ccccc1-c1cc(-c2ccccc2)no1,5.1190056800842285,6.708560943603516,5.913783311843872
CC(=O)NC1CCc2ccc(CCN3CCN(c4nsc5ccccc45)CC3)cc21,7.416705131530762,6.034064769744873,6.725384950637817
Fc1ccc2c(C3NCCN(c4cccc(Cl)c4Cl)CC3)c[nH]c2c1,6.421606063842773,5.881365776062012,6.151485919952393
CCCCN(CCCC)C1CCc2ccc(O)cc2C1,7.541502952575684,7.979030609130859,7.7602667808532715
O=C1CCc2ccc(OCCCCN3CCN(c4cccc(Cl)c4Cl)CC3)nc2N1,8.820858001708984,7.946710586547852,8.383784294128418
O=C(NCCCCN1CCN(c2cccc(Cl)c2Cl)CC1)c1cc2cc(Cl)ccc2[nH]1,7.220568180084228,9.150126457214355,8.185347318649292
Cc1ccc(C2CC2CN)cc1C#CC1COc2cc(O)ccc2C1,6.309389591217041,6.758838176727295,6.534113883972168
COc1ccc(C(=O)Nc2ccc(CCN3CCN(c4cccc5nc(C)c(C)cc45)CC3)cc2)cc1,6.755415916442871,6.206588268280029,6.48100209236145
O=C1CCc2ccc(OCCCCN3CCN(c4cccc5cc(F)ccc45)CC3)nc2N1,8.741589546203613,7.593361377716064,8.167475461959839
Cc1ncoc1-c1nnc(SCCCN2CC3CC3(c3ccc(F)cc3)C2)n1C,7.12682056427002,8.707328796386719,7.917074680328369
Cc1cccc(CN2CCC(NC(=O)c3cc4cc(O)ccc4[nH]3)CC2)c1,6.4591898918151855,7.210903167724609,6.8350465297698975
Oc1[nH]cc2ccc(OCCCN3CCN(c4cccc5cccc(F)c45)CC3)c(F)c12,8.132925987243652,7.728168487548828,7.93054723739624
COc1ccc(C(C)NCC2Cc3ccc(O)cc3O2)cc1,7.564493179321289,6.831966400146484,7.198229789733887
O=C1N(CCN2CCN(c3cccc(Cl)c3Cl)CC2)CCN1c1cccc(Cl)c1,7.528343200683594,7.927173614501953,7.727758407592773
CCCN(CCC)C1CCc2ccc3[nH]c(S)nc3c2C1,7.610679149627685,7.663329124450684,7.637004137039185
O=C1N(CCN2CCCCC2)CN=C1c1cnn2ccc(Cl)cc12,6.274084091186523,6.209532737731934,6.2418084144592285
O=C(NC1CCC(CCN2CCN(c3ccc(Cl)c(Cl)c3)CC2)CC1)c1cc2ccccc2s1,6.988425731658936,8.53018569946289,7.759305715560913
CCOc1ccc(-c2cc(C(F)(F)F)n3ncc(C(=O)NCC4CCC(N(C)C)CC4)c3n2)cc1,6.118898868560791,7.444149017333984,6.781523942947388
Nc1ccccc1-c1csc(C(CC(=O)O)N2CCC3(CC2)OC(=O)NC3c2ccccc2)n1,6.553272247314453,5.065120220184326,5.80919623374939
COc1cc2c(cc1OC)C1=NOC(CN3CCN(CC(C)=Cc4ccccc4)CC3)C1CN2,6.374814510345459,6.217729568481445,6.296272039413452
CN1C(=O)COC(CN2CCOCC2)C1C(=O)Nc1ccc2c(c1)OCO2,5.376264572143555,4.945322036743164,5.160793304443359
CCCN(CCC)C1CCc2c(Br)cccc2C1,7.844857215881348,7.684189319610596,7.764523267745972
CN(C)C(=O)CC1CC2c3ccccc3Oc3ccccc3C2O1,6.056873321533203,5.904007911682129,5.980440616607666
O=C(NCCCCCCNC(=O)C1C(O)CCC2CN3CCc4c([nH]c5ccccc45)C3CC21)C1C(O)CCC2CN3CCc4c([nH]c5ccccc45)C3CC21,6.09016752243042,6.69025182723999,6.390209674835205
Oc1nc2c(O)ccc(C(O)CNC3CCCCC3OCCCF)c2s1,5.689460754394531,7.201478958129883,6.445469856262207
CCCN(CCC)C1CCc2c(ccc(O)c2O)C1,8.462950706481934,9.167142868041992,8.815046787261963
O=C1c2ccccc2-c2nc3nnnn3nc21,5.3273138999938965,3.7288005352020255,4.528057217597961
CCCN(CCN1CCN(c2ccc(-c3ccncc3)cc2)CC1)C1CCc2nc(N)sc2C1,6.593181610107422,8.178442001342773,7.385811805725098
CCCN1CC(CSC)OC2Cc3c(O)cccc3CC21,8.292390823364258,7.977133274078369,8.134762048721313
O=C1NCN(c2ccccc2)C12CCN(C1CCCCCCCCCCCCCCCNCc3ccccc3)CC1)CC2,,,
O=C(O)C1CCN(C2CCC3(Cc4ccccc4Oc4ccccc43)C2)C1,6.191767692565918,6.370334625244141,6.281051158905029
CCCN(CCC)C1CCc2c(ccc(O)c2O)C1,8.462950706481934,9.167142868041992,8.815046787261963
COc1ccc(Cc2nnc(NC(=O)c3ccc4nc(C)sc4c3)s2)cc1,5.622554779052734,4.2726664543151855,4.94761061668396
O=C1CC2(CCCC2)CC(=O)N1CCN1CCN(c2cc(Cl)ccc2Cl)CC1,7.122228622436523,8.30682373046875,7.714526176452637
O=C(NCCCCN1CCN(c2cccc(Cl)c2Cl)CC1)c1cc2ccccc2cn1,6.880761623382568,9.034955978393556,7.957858800888062
COc1ccccc1N1CCN(CCCCc2c(C)[nH]c3ccccc23)CC1,8.017662048339844,7.643064498901367,7.8303632736206055
CC(C)(C)c1ccc(C(=O)NCCOCC(=O)N2CCC(O)(c3ccccc3)CC2)cc1,6.372028350830078,5.994910717010498,6.183469533920288
O=C1Cc2ccc(OCCCCN3CCN(c4cccc(Cl)c4Cl)CC3)cc2N1,8.552324295043945,8.547882080078125,8.550103187561035
COc1cc2c(cc1OC)C1C(=O)c3ccc(O)c(O)c3OC(CN3CCN(C)CC3)C1C2,6.606388092041016,7.463926792144775,7.0351574420928955
Cc1cc(Cl)ccc1N1CCN(CC(O)CNC(=O)c2cnc(O)c3cc(F)ccc23)CC1,6.223272323608398,6.261279582977295,6.242275953292847
Oc1ccc2c(c1)OC(CNCc1cnc[nH]1)CC2,8.972797393798828,7.70567512512207,8.33923625946045
COc1ccccc1N1CCN(CCCCNC(=O)C=Cc2ccccc2OC)CC1,7.560798168182373,8.727657318115234,8.144227743148804
C[SH](=O)(O)Nc1ccc(CCNC(=O)C2CCCN2C(=O)CN2CCN(c3ccccc3OC(F)(F)F)CC2)cc1,7.424102783203125,8.022297859191895,7.72320032119751
CC(C)(C)c1ccc(C(O)CCCN2CCC(C(O)(c3ccccc3)c3ccccc3)CC2)cc1,6.635016441345215,6.488577842712402,6.561797142028809
COc1ccc(CCN(C)CCCCc2cc(OCCCOc3ccc(F)c(Cl)c3)on2)cc1OC,6.166836738586426,7.565473556518555,6.86615514755249
COc1ccccc1N1CCN(CCCCn2c(O)nc3cc(Cl)c(Cl)cc32)CC1,8.067862510681152,8.063787460327148,8.06582498550415
O=C(c1ccc(C=Cc2[nH]nc3ccccc23)cc1)N1CCNCC1,5.232034683227539,5.515347957611084,5.3736913204193115
COc1ccccc1N1CCN(CCCCc2cc(-c3cccc(C)c3OC)no2)CC1,6.595752239227295,7.722176551818848,7.158964395523071
Cc1ncoc1-c1nnc(SCCCN2CCc3ccc(-c4cnccn4)cc3CC2)n1C,5.586082458496094,7.422632217407227,6.50435733795166
COc1ccc(CNCC2CCN(S(=O)(=O)c3ccccc3)CC2)cc1,6.23091983795166,5.935177803039551,6.0830488204956055
COc1ccccc1N1CCN(CCCCNC(=O)c2cc3ccccc3s2)CC1,7.43854284286499,9.065712928771973,8.252127885818481
O=C1NC(=O)c2c1c1c3ccccc3n3c1c1c2c2ccccc2n1C1CCC3O1,4.711459636688232,5.4183430671691895,5.064901351928711
CN(CCC#N)CC1CC1c1cccc2oc(C(F)(F)F)cc12,6.74629020690918,6.807209014892578,6.776749610900879
COc1cccc(C(=O)NCCCCN2CCN(c3ccccc3OC)CC2)c1,7.0198893547058105,8.479230880737305,7.749560117721558
CC(C)(C)c1nc(CN2CCN(CCC3CCC(NS(=O)(=O)c4cccc(Cl)c4)CC3)C(CF)C2)co1,6.643091678619385,8.412055015563965,7.527573347091675
CC(C)Oc1nccn2c(-c3ccnc(NCC(C)(C)CO)n3)c(-c3ccc(F)cc3F)nc12,6.052422046661377,4.710726261138916,5.3815741539001465
CC(C)N1CCN(C2CCC(n3nc(-c4ccc(NC(=O)c5c(F)cccc5F)cc4)c4c(N)ncnc43)CC2)CC1,5.463054180145264,6.390969753265381,5.927011966705322
COc1cccc(OC)c1C1CCCC(=O)N1Cc1ccccc1,6.6069440841674805,5.674339771270752,6.140641927719116
Cc1ccc2[nH]c(-c3ccc(N4CCOCC4)cc3)nc2c1,5.796206474304199,5.231950759887695,5.514078617095947
COc1cc(N2CCN(C(=O)Cc3ccc(C)cc3)CC2)ccc1Nc1ncc(Cl)c(Nc2ccccc2S(=O)(=O)C(C)C)n1,6.764283180236816,5.347260475158691,6.055771827697754
O=C1N(CCN2CCC(C(F)(F)F)CC2)CCN1c1cccc(F)c1,7.059025287628174,8.446210861206055,7.752618074417114
CS(=O)(=O)c1ccc2c(c1)N(CCN1CCOCC1)C(=O)N2CC1CCCN1,6.225701808929443,6.75332498550415,6.489513397216797
Cc1c(-c2ccc3c(c2)OCO3)cnc2ccccc12,5.482969760894775,5.789485454559326,5.636227607727051
Oc1ccc2c(c1)OC(CNCc1ccc3c(c1)OCO3)CC2,9.008360862731934,7.878251075744629,8.443305969238281
O=C(NCCCCN1CCN(c2ccccc2OCCF)CC1)c1cc2ccc1-c1cccs1,,,
Cc1onc(-c2ccccc2Cl)c1C(=O)N1CCN(c2ccc(F)c(F)c2)CC1,4.649734020233154,5.239430904388428,4.944582462310791
COc1cc(N)c(Cl)cc1C(=O)NC1CCN(Cc2ccc3c(c2)OCO3)CC1,7.518978118896484,6.715655326843262,7.117316722869873
CC(C)CN1CCN(c2nc3ccccc3n3cccc23)CC1,6.517012119293213,6.481328010559082,6.4991700649261475
O=C1N(CCN2C(=O)c3ccccc3C2=O)CCN1c1cccc(Cl)c1,6.455317974090576,6.864402294158936,6.659860134124756
Cc1ccc2c(N3CCN(CCc4c(C)ccc5c4ccc(=O)n5C)CC3)ccnc2n1,6.629500389099121,6.0894622802734375,6.359481334686279
CCN(CC(=NOC)C(CCN1CCC(n2c(O)nc3cc(Cl)ccc32)CC1)c1ccc(Cl)c(Cl)c1)C(=O)c1cccc(Cl)c1,6.831042289733887,5.829858303070068,6.3304502964019775
CCCN(CCCCN1C(=O)c2cccc3cccc(c23)C1=O)C1CCc2c(O)cccc2C1,7.481387138366699,7.926023483276367,7.703705310821533
CN1CCN(C2Cc3ccccc3Sc3ccc(-c4nnn[nH]4)cc32)CC1,8.55559253692627,6.824313163757324,7.689952850341797
CCN(CC)CCN1CCN(c2ccc(Cl)c(Cl)c2)CC1,6.267977714538574,6.852964878082275,6.560471296310425
CCOc1ccccc1N1CCN(CCCCOc2ccc(-c3nc4ccccc4[nH]3)cc2)CC1,7.901507377624512,8.559772491455078,8.230639934539795
CCCCN(CCCC)C1Cc2ccc(O)cc2C1,7.632876396179199,8.01951789855957,7.826197147369385
COc1ccc(OCCNCC2COCC(c3ccccc3)(c3ccccc3)O2)cc1,5.630337715148926,6.226617813110352,5.928477764129639
COc1ccccc1N1CCN(CCCCNC(=O)c2cc3cc(OC)c(OC)cc3[nH]2)CC1,7.077182769775391,8.412052154541016,7.744617462158203
CC(C)CCN1CCCN(c2ccc(C(=O)NCCc3ccc(Cl)cc3Cl)cc2NC(=O)c2cccs2)CC1,6.407093524932861,6.855247974395752,6.631170749664307
COc1ccc(-c2c(C(=O)c3ccco3)c(O)c(O)n2CCN2CCC(n3c(O)nc4cc(Cl)ccc43)CC2)cc1,6.897280693054199,6.550702095031738,6.723991394042969
CCCN1CCCC(c2ccc(Nc3nc(Nc4cc(F)ccc4C(N)=O)c4cc[nH]c4n3)c(OC)c2)C1,6.661169528961182,5.90226411819458,6.281716823577881
CC(C)(C)c1n[nH]c(NC2=NC3(CC3)COC2)n1,5.020421504974365,7.178699970245361,6.099560737609863
O=C(NC1CCc2ccc(CCN3CCN(c4nsc5ccccc45)CC3)cc21)C1CC1,7.392701625823975,6.859647750854492,7.126174688339233
O=C1NCN(c2ccccc2)C12CCN(C1CCOCC1)CC2,6.851552963256836,6.128960132598877,6.4902565479278564
CCCNC(=O)c1cccc(OCCCCN2CCN(c3cccc4ccccc34)CC2)c1,7.144976139068604,8.070281982421875,7.607629060745239
CC(C=CC1=C(C)CCCC1(C)C)=CC=CC(C)=CC(=O)O,3.254723310470581,4.766267776489258,4.010495543479919
Oc1nc2cccc(OCCNCc3ccccc3)c2[nH]1,8.100204467773438,8.080207824707031,8.090206146240234
COc1ccccc1N1CCN(CCc2ccc3nn[nH]c3c2)CC1,8.160194396972656,6.45262622833252,7.306410312652588
CCCN(CCC)c1nc(C)nc2ccc(Cl)cc12,7.247448444366455,5.379921913146973,6.313685178756714
CC(C)NCC(O)COc1ccc(CCOCC2CC2)cc1,4.700615882873535,5.1716837882995605,4.936149835586548
CCN(CC)CCn1cnc2c(C)cc(C(=O)Nc3ccc(Cl)c(Cl)c3)cc21,5.971244812011719,6.456398010253906,6.2138214111328125
CCCN(CCc1ccccc1)C1CCc2ccc3[nH]ccc3c2C1,7.630286693572998,7.434272766113281,7.53227972984314
COc1ccccc1N1CCN(CCCCNC(=O)c2cc3cc(I)ccc3s2)CC1,7.88247013092041,9.08622932434082,8.484349727630615
CCN(CC)C(=O)NC1Cc2c(cc3c[nH]c4c3c2C=CC4)N(C)C1,8.286233901977539,9.047707557678224,8.66697072982788
Cn1cc2c3c(cccc31)CN(C(=O)CCCc1nnc(-c3ccc(Cl)c(Cl)c3)o1)CC2,6.498655796051025,6.301027297973633,6.399841547012329
COc1ccc(N2CCN(CCCN=C3C(=O)CC(c4ccc([N+](=O)[O-])cc4)N(C)C3=O)CC2)cc1,5.208944320678711,5.878820419311523,5.543882369995117
O=C(NCC1CCCN(C2CCC(c3ccc(Cl)cc3)(C3CCCCC3)CC2)C1)c1ccc(F)cc1,6.2560625076293945,6.905276298522949,6.580669403076172
CCCN(CCc1cccs1)C1CCc2ccc3[nH]ccc3c2C1,7.883999824523926,7.9730119705200195,7.928505897521973
O=C1N(CCF)CN(c2ccccc2)C12CCN(CC1CCCCCC1)CC2,8.355908393859863,7.6302900314331055,7.993099212646484
COc1cc(N)c(Cl)cc1C(=O)NC1CCN(CCCCCCN2C(=O)c3ccccc3C2=O)CC1,7.688021659851074,7.511152744293213,7.5995872020721436
CC(=O)Nc1cccc(CN=C2C(=O)C(=O)C2Nc2ccc3[nH]ncc3c2)c1,4.990993022918701,4.258754730224609,4.624873876571655
O=C(NCC1CCCCN1)c1cccc(CCNS(=O)(=O)c2c[nH]cn2)c1,6.784178733825684,7.092450141906738,6.938314437866211
O=C(Cc1cccs1)NC1CCN(CCCN2C(=O)COc3ccccc32)CC1,6.588270664215088,5.81481409072876,6.201542377471924
c1ccc(-c2cc3cccnc3n2CC2CCCO2)cc1,5.724676609039307,5.973564147949219,5.849120378494263
Cc1ccc2c(-c3ccc(S(=O)(=O)Nc4cccc(C(F)(F)F)c4)cc3)cccc2n1,6.232627868652344,6.394705772399902,6.313666820526123
O=C1CC2(CCCC2)CC(=O)N1CCN1CCN(c2nsc3ccccc23)CC1,7.418371200561523,7.749260902404785,7.583816051483154
O=C(CCCN1CCC2C(C1)c1cccc3c1N2CCCS3)c1ccc(F)cc1,8.118741989135742,7.053964614868164,7.586353302001953
COc1cc(SC)cc(C(=O)NCCCN2CCN(c3ccccc3OC)CC2)c1,6.231278896331787,7.295362949371338,6.7633209228515625
OCCN1CCN(CCN2c3ccccc3Sc3ccc(C(F)(F)F)cc32)CC1,6.833667755126953,6.565603256225586,6.6996355056762695
CN1CC(C(=O)NC2(C)OC3(O)C4CCCN4C(=O)C(Cc4ccccc4)N3C2=O)CN(C)C1=O,8.576632499694824,8.028343200683594,8.302487850189209
CCN(CC)C(=O)c1cccc(-n2ncc3c2CC(C)(C)CC3NC(=O)NCCCN(C)C)c1,6.615402698516846,6.386515140533447,6.5009589195251465
OC1(c2ccc(Cl)c(Cl)c2)CC2CCC(C1)N2Cc1coc2ccccc12,7.604947090148926,8.592601776123047,8.098774433135986
Cc1ccccc1N1CCN(CCCCNC(=O)C=Cc2ccc(F)cc2)CC1,7.1327314376831055,8.223285675048828,7.678008556365967
O=C(NCCCCN1CCN(c2cccc(Cl)c2Cl)CC1)c1ccc(Cc2ccccc2)cc1,7.165779113769531,8.500553131103516,7.833166122436523
COc1ccccc1N1CCN(CC=CCNC(=O)c2cc3ccccc3o2)CC1,7.242812156677246,8.172085762023926,7.707448959350586
Cc1ccc(CC(C)C)c(OCCCN2CCN(c3cccc4c3OCCC4)CC2)c1,7.636780738830566,7.374009132385254,7.50539493560791
Oc1cccc2c1CCC2CCC(C1CCN(Cc3ccccc3)CC1)O2,,,
Cc1nc2ccccc2c(N2CCN(Cc3ccccc3Cl)CC2)c1C,6.642676830291748,6.157176494598389,6.399926662445068
N#Cc1ccc2[nH]cc(CCCCN3CCN(c4ccc(Cl)cc4)CC3)c2c1,6.9493184089660645,7.0854668617248535,7.017392635345459
CCNC(=O)NC1CCC(CCN2CCN(c3cccc(Cl)c3Cl)CC2)CC1,8.473844528198242,9.511175155639648,8.992509841918945
CCNC(=O)NCC1CCC(Nc2nc(Cl)cc(-c3c[nH]c4ncccc34)n2)CC1,7.160370349884033,7.044790267944336,7.102580308914185
CC1CN(CCOc2ccccc2)CCN1c1ccc(Cc2cccc(Cl)c2)nn1,6.433886528015137,6.198880195617676,6.316383361816406
O=C(NCC1CCCCC1)c1cc2c(-c3ccccc3)[nH]nc2s1,5.67991828918457,6.543710708618164,6.111814498901367
O=C(NN=Cc1cc(Br)c(O)c(Br)c1)Nc1ccccc1,6.238446235656738,6.168212890625,6.203329563140869
Cc1ccc2c(c1)C(N1CCN(CCN3C(=O)c4cccc5cccc(c45)C3=O)CC1)CC1(CCC1)O2,6.731876850128174,6.791184902191162,6.761530876159668
Cc1nc(N2CCN(Cc3ccc4c(c3)OCCO4)CC2)nc2c1CCC2,6.597370147705078,5.570653438568115,6.084011793136597
CCc1c(C(C)O)oc2ccc3[nH]c(=O)oc3c12,6.263851165771484,6.427955150604248,6.345903158187866
O=C(NCCCCCCNC(=O)NCc1cccnc1)NCc1cccnc1,7.309911727905273,5.714794635772705,6.512353181838989
CN1CCN(C2Cn3cccc3Sc3ccc(F)cc32)CC1,8.455343246459961,8.19658088684082,8.32596206665039
COc1ccccc1N1CCN(CCCCc2ccc3c(c2)sc(=O)n3CCN2CCC(O)(c3ccc(Cl)c(Cl)c3)CC2)CC1,7.728318214416504,7.772739410400391,7.750528812408447
O=C(NCCCCN1CCN(c2cccc(Cl)c2Cl)CC1)c1cc2ccccc2o1,6.971603870391846,8.865472793579102,7.918538331985474
CC(C)c1nc(O)c2cc(Cl)ccc2n1,6.731273651123047,6.074638366699219,6.402956008911133
O=C1Nc2cc(CCCOc3ccc(N4CCN(c5ncccn5)CC4)cc3)ccc2Nc2cc(-c3ccccc3)ccc21,6.905913352966309,6.128847122192383,6.517380237579346
O=C1CCCN1CC#CCN1CCCCC1,3.145370483398437,5.272172927856445,4.208771705627441
CCCN(CCN1CCN(c2cnc3ccccc3n2)CC1)C1CCc2c(O)cccc2C1,7.026515007019043,8.64181137084961,7.834163188934326
O=S(=O)(NC1CCC(CCN2CCN(c3cccc(Cl)c3Cl)CC2)CC1)c1ccc2c(c1)OCO2,7.395152568817139,8.884678840637207,8.139915704727173
Cc1cc(N2CCC(N3CCN(c4ncccn4)CC3)CC2)nc2c1CCC2,5.580112934112549,5.344830513000488,5.4624717235565186
CN1CCCC(n2cnc(-c3ccc(F)cc3)c2-c2ccnc(NC3CCC3)n2)C1,6.14036750793457,6.126516819000244,6.133442163467407
COc1cc(Br)c(O)c(C(=O)NCc2cccc(OC)c2OC)c1,6.157893180847168,5.299662590026856,5.728777885437012
CCN1C(=O)CCC1CN=C(N)NC(=O)C1CCCCC1,7.093456268310547,6.03993558883667,6.566695928573608
O=C(c1cc2ccccc2o1)C1CCN(CC2CC2)CC1,5.208404064178467,7.238308906555176,6.223356485366821
Oc1ccc2oc(C(=O)NCCc3ccc(OCCN4CCCC4)cc3)c(-c3cccc(F)c3)c2c1,6.391787528991699,6.689858436584473,6.540822982788086
O=C(NC1CCN(Cc2ccc(Cl)cc2)CC1)C1CCCCC1,6.627692222595215,7.345143318176269,6.986417770385742
CCCN(CCCCN1C(=O)CC2(CCCC2)CC1=O)C1CCc2c(F)cccc2C1,7.266072273254394,8.84592342376709,8.055997848510742
O=C1CCc2ccc(OCCCCN3CCN(c4cccc(Cl)c4Cl)CC3)nc2N1,8.820858001708984,7.946710586547852,8.383784294128418
CC(C)Oc1ccccc1N1CCN(Cc2cc(CN3CCCCC3=O)n[nH]2)CC1,7.731949806213379,6.393545150756836,7.062747478485107
COc1cc2c(cc1OC)CN(C(=O)C(Oc1ccc(-c3ccsc3)cc1)CC2,,,
O=C(CCCc1ccc(-c2ccccc2F)cc1)Nc1ccc(O)cc1,7.643185615539551,5.613578796386719,6.628382205963135
CCCN(C1CCN(Cc2ccc(OC(F)(F)F)cc2)C1)S(=O)(=O)c1cccc2ncccc12,6.468831539154053,7.5159502029418945,6.992390871047974
Nc1ccc(C(=O)NCC2CCCN(CCc3ccc(F)cc3)C2)cc1,5.784277439117432,6.07297945022583,5.928628444671631
CC(=O)Nc1cccc(CN=C2C(=O)C(=O)C2Nc2ccc3[nH]ncc3c2)c1,4.990999698638916,4.258754730224609,4.624877214431763
CCCN(CC1CC1)c1cc(C(N)=O)c(NC(=O)c2cc3c(-c4ccccc4)nn(C)c3s2)cc1O,5.989255428314209,6.327764987945557,6.158510208129883
COc1ccccc1N1CCN(CCCCOc2ccc3c(c2)CCC3)CC1,8.175233840942383,8.017162322998047,8.096198081970215
COc1ccccc1N1CCN(CCn2c(O)nc3cc(C(F)(F)F)ccc32)CC1,7.500392436981201,6.633822441101074,7.067107439041138
COc1ccccc1N1CCN(CCCCN2C(=O)c3ccccc3C2=O)CC1,7.337620735168457,7.570512771606445,7.454066753387451
CCN(CC)CCOc1ccc(S(C)(=O)=O)cc1-c1nc(O)c2nc3ccccc3n2n1,6.71565580368042,7.459788799285889,7.087722301483154
O=C(CCCN1CCC2(CC1)C(=O)N(Cc1ccccc1Cl)CN2c1ccccc1)c1ccc(F)cc1,9.050196647644045,7.66158390045166,8.355890274047852
COc1ccc(CCN2CCN(c3ccccc3)CC2)cc1OC,6.007943630218506,6.557361602783203,6.2826526165008545
Cc1cnc(-c2ccc(C(=O)NC3CCC(N4CCN(S(C)(=O)=O)CC4)CC3)cc2)o1,5.518551349639893,7.332640171051025,6.425595760345459
O=C(CCCCCN1CCN(c2noc3ccccc23)CC1)c1cc2ccccc2o1,6.5886664390563965,7.665012359619141,7.1268393993377686
O=C1CCC=C2Oc3cc(C(F)(F)F)ccc3C(=O)C12,4.110866546630859,6.632128715515137,5.371497631072998
FC(F)(F)c1ccccc1-n1cc(C2CC2)nn1,6.560116767883301,6.432022571563721,6.496069669723511
Oc1nc2ccc(Cl)cc2c(-c2ccccc2)c1C1=NNC(c2ccccc2)C1,6.237237930297852,6.064821243286133,6.151029586791992
Cc1c(-c2ccccc2)oc2cc(O)ccc2c1=O,6.601846218109131,6.339349746704102,6.470597982406616
CN1CCc2c(c3cc(Cl)ccc3n2CCc2ccccn2)C1,7.124678611755371,6.055235862731934,6.589957237243652
COc1ccc(Cl)cc1N1CCN(CCCCNC(=O)C=Cc2ccccc2)CC1,7.571642875671387,8.995075225830078,8.283359050750732
CCCN1CCCC2Cc3n[nH]cc3CC21,7.44373893737793,7.752826690673828,7.598282814025879
Oc1cccc(N2CCN(C2=Nc3cc(Cl)ccc3Nc3ccccc32)c1,,,
OC(c1ccc(F)c(Cl)c1)C1CCN(Cc2ccc(F)cc2)CC1,6.059954643249512,6.005648612976074,6.032801628112793
CCCOC1CCC(C)(N2CCC(n3nc(-c4ccc(NC(=O)c5cc6ccccc6n5C)cc4)c4c(N)ncnc43)CC2)CC1,5.706010818481445,6.068741321563721,5.887376070022583
CCc1c(C(C)=O)cn2nc(C(=O)OCc3ccccc3)c(C)c12,,,
CN1CCN(c2ccc(C(=O)Nc3ccc(NC(=O)Nc4cc(C(C)(C)C)on4)cc3)cc2)CC1,5.444561004638672,5.343496799468994,5.394028902053833
CCC(CC)c1cc(C(=O)NCCc2ccc(OC)c(OC)c2)cc(C(C)(C)C)c1,6.697755336761475,6.417869091033936,6.557812213897705
CCCN(CCN1CCN(c2cccc(Cl)c2Cl)CC1)C1CCc2c(O)cccc2C1,7.985079765319824,8.79438304901123,8.389731407165527
CC(C)Oc1ccccc1N1CCN(CCCCCC(=O)c2ccc(F)cc2)CC1,8.719524383544922,7.423334121704102,8.071429252624512
CC(C)(C)OC(=O)NCCCCCN1CCN(c2cc(F)ccc2C(F)(F)F)CC1,8.223701477050781,7.462120056152344,7.8429107666015625
N#Cc1ccccc1C1CCCCN1,6.397764205932617,5.662277698516846,6.0300209522247314
C1CCN(CCCc2ccn3ncc(-c4ccccc4)c3c2)CC1,6.624883651733398,5.998928070068359,6.311905860900879
CCCN(CCC)C1CCc2c(Br)cccc2C1C,7.530101299285889,7.672040939331055,7.601071119308472
COc1cccc(CN(CCN2CCN(c3cccc(Cl)c3Cl)CC2)C2CCCCC2)c1,7.3315653800964355,7.7625732421875,7.547069311141968
COc1ccccc1N1CCN(CCCCNC(=O)c2ccc(OCCF)cc2)CC1,7.613565444946289,8.472033500671387,8.042799472808838
Oc1ccc2[nH]cc(CCCCN3CCN(c4cccc5c4CCCO5)CC3)c2c1,9.073297500610352,8.011152267456055,8.542224884033203
CCN(CC)CCCOc1ccc(NC(=O)Nc2ccc(Cl)cc2)cc1-c1c(Cl)cnn1C,6.732491493225098,6.336988925933838,6.534740209579468
COc1cc(-c2ccccc2)ccc1N1CCN(CCCCC(=O)NC2CCCCC2)CC1,7.294771194458008,7.878017425537109,7.586394309997559
CC(C)CC1C(=O)N2CCCC2C2(O)OC(NC(=O)C3=CC4c5cccc6[nH]c(Br)c(c56)CC4N(C)C3)(C(C)C)C(=O)N12,8.848762512207031,9.667253494262695,9.258008003234863
CN(C)CCCCN=C(N)NC(=O)c1cccc(NC(=O)c2cccc3ccccc23)c1,5.474581241607666,5.814050674438477,5.644315958023071
Cc1cccc(C)c1-c1cccc(C=CC2C3CCCCC3CC3C(=O)OC(C)C23)n1,5.741732597351074,6.437841415405273,6.089787006378174
CN1CCc2cc(Cl)c(O)cc2C2c3cccc(-c4cccc(F)c4)c3CCC21,6.913631439208984,7.068599700927734,6.991115570068359
Cc1nc2ccccn2c1C(=O)NCCCN1CCC(c2noc3cc(F)ccc23)CC1,6.547905921936035,6.555391311645508,6.5516486167907715
CCN1CCN(c2ccc(C(=O)Nc3ccc(C)c(Nc4nc5ccccc5n4-c4cc(F)cc(F)c4)c3)cc2)CC1,6.181608200073242,5.799603462219238,5.99060583114624
COc1ccc(N2CCN(C(=O)CSc3nc4ccccc4[nH]3)CC2)cc1,5.357004165649414,5.014552593231201,5.185778379440308
O=C(NC1CCC2(O)C3Cc4ccc(O)c5c4C2(CCN3CC2CC2)C1O5)c1cc2ccccc2o1,7.983712196350098,8.616555213928223,8.30013370513916
CCCN(CCN1CCN(c2cccc(Cl)c2Cl)CC1)C1CCc2ccc(Nc3ccc(F)cc3)cc2C1,7.654284954071045,7.802553653717041,7.728419303894043
CCC1(C)CN(C2CC(c3ccc(Cl)cc3)c3ccc(Cl)cc32)CCN1,7.776610851287842,6.519633293151856,7.148122072219849
CN1CCN(C2Cn3cccc3Sc3ccc(Cl)cc32)CC1,8.645715713500977,8.372458457946777,8.509087085723877
Cn1cc(C2=CCCN(Cc3cn4c(n3)CCCc3ccc(F)cc3-4)C2)cn1,6.80458402633667,5.850346565246582,6.327465295791626
CCCN1CCC(Oc2ccccc2NC(=O)c2ccc(-c3ccc(O)cc3)cc2)CC1,6.445642471313477,7.102097034454346,6.773869752883911
COc1ccccc1N1CCN(CCCCNC(=O)c2ccc3c(=O)c4ccc(O)cc4oc3c2)CC1,7.674681663513184,8.613751411437988,8.144216537475586
O=c1n(CCCN2CCN(c3cccc(Cl)c3)CC2)nc2ccccn12,6.294048309326172,6.631738185882568,6.46289324760437
COc1ccccc1N1CCN(CCN(C(=O)C23C4C5C2C2C3C4C52I)c2ccccn2)CC1,7.1265411376953125,5.760276317596436,6.443408727645874
N#Cc1c(OCCN2CCC(NC(=O)c3ccc(Br)cc3)CC2)ccc2cccnc12,6.7699079513549805,6.996263980865479,6.8830859661102295
CCCCN1CC(C(=O)NCc2cccc(OC)c2)CC1=O,6.819973945617676,5.590707302093506,6.205340623855591
COc1ccccc1N1CCN(CCc2ccc(N3CCCC3=O)n2C)CC1,7.58826732635498,6.67080545425415,7.129536390304565
Cc1cnc(-c2cc3cc(Cl)ccc3o2)cn1,4.794435024261475,5.250154972076416,5.022294998168945
CCCN(CCCNc1ccnc2cc(Cl)ccc12)Cc1ccccc1OC(F)(F)F,6.488844871520996,6.127013683319092,6.307929277420044
CC1CCN(CCCOc2ccc3sc(O)nc3c2)CC1,6.528140544891357,8.007911682128906,7.268026113510132
Cc1ncsc1-c1nnc(SCCCN2CC3CC3(c3cccc(C(F)(F)F)c3)C2)n1C,6.718987464904785,8.736844062805176,7.7279157638549805
CCOC(=O)CN1C(=O)CN=C(c2ccccc2OC)C1=O,5.115482330322266,3.780753612518311,4.448117971420288
Oc1ccc2c(c1)CCN(CCc1ccc3c(c1)NCCO3)C2,7.542798042297363,7.397582530975342,7.4701902866363525
O=C(NC1CCC(CCN2CCN(c3cccc(Cl)c3Cl)CC2)CC1)c1cc2cc(Cl)ccc2s1,7.573427200317383,8.920534133911133,8.246980667114258
N#Cc1cccc(N2CCN(CCCCNC(=O)c3ccc4c(c3)C3CCCCC3)CC2)c1,,,
CCCN(CCCN1CCN(c2ccc(-c3ccccc3)cc2)CC1)C1CCc2c(O)cccc2C1,7.364451885223389,7.961979866027832,7.66321587562561
COc1cccc(CN2CCC(NCc3ccccc3)C2)c1,5.067820549011231,6.574590682983398,5.8212056159973145
CC(C)(C)c1ccc(OCCCN2CCC(N3C(=O)CCc4cc(Cl)ccc43)CC2)cc1,7.132789611816406,7.492760181427002,7.312774896621704
CCC(=O)N(Cc1ccc(C(F)(F)F)cc1)c1cc(F)cc(-c2nn[nH]n2)c1,6.505132675170898,6.131781101226807,6.3184568881988525
CC(C)(C)NCC(O)COc1ccc(O)c(Cl)c1,5.208490371704102,5.352790832519531,5.280640602111816
CCNS(=O)(=O)Nc1cccc(CCN2CCN(c3ccccc3OC)CC2)c1,7.40550422668457,7.855830192565918,7.630667209625244
N#Cc1ccccc1N1CCN(CCCCNC(=O)c2cc3ccccc3o2)CC1,7.022337436676025,8.358000755310059,7.690169095993042
C#Cc1cc2c(cc1OC)-c1[nH]nc(-c3ccc(C#N)nc3)c1C2,5.719726085662842,5.686534404754639,5.70313024520874
CCCN(CCN1CCN(c2ccccc2O)CC1)C1CCc2ccc(O)cc2C1,7.675475597381592,9.087706565856934,8.381591081619263
CN1CCc2cc(Cl)c(O)cc2C2c3cccc(-c4cccc(Cl)c4)c3CCC21,6.896453380584717,7.052935600280762,6.974694490432739
COc1ccccc1N1CCN(CCCCNC(=O)C=Cc2cccc3ccccc23)CC1,7.35816764831543,8.837668418884277,8.097918033599854
Oc1ccc(C(O)CNCCCCCCCOCCOCc2ccccc2)cc1,5.143013954162598,5.3971686363220215,5.27009129524231
O=C(CCCN1CCN(c2nsc3ccccc23)CC1)c1ccc(F)cc1,8.468531608581543,7.957219123840332,8.212875366210938
Oc1ccc2c(c1)OC(CNCc1ccc(Cl)cc1)CC2,8.899250030517578,7.996138572692871,8.447694301605225
O=C(NCC=CCN1CCN(c2ccccc2OCCF)CC1)c1ccccc1OCc1ccccc1,7.173015594482422,7.656018257141113,7.414516925811768
COc1cc2c(cc1N1CCN(C3CCC(O)(c4ccc5nc(C)nc(N)c5c4)CC3)CC1)CCC2,6.278318881988525,5.980485439300537,6.129402160644531
CCCN(CCC)C1CCc2c(cccc2-c2ccccc2)C1,7.303905487060547,7.553224563598633,7.42856502532959
CC(C)CC1C(=O)N2CCc3[nH]c4ccc(F)cc4c3CC2C1=O,7.128114223480225,7.649005889892578,7.388560056686401
CN1CCCC(c2cn(-c3ccc(F)cc3)c3ccc(C(F)(F)F)cc23)CC1,7.142914295196533,5.098334789276123,6.120624542236328
CCCN1CCCC2Cc3n[nH]cc3CC21,7.44373893737793,7.752826690673828,7.598282814025879
Cc1ncsc1-c1nc(C2CC2)no1,5.061901092529297,5.610333442687988,5.336117267608643
Cc1ccc2c(c1)N(C[C@@H](C)CN(C)C)c1ccccc1S2,6.91400957107544,5.3776679039001465,6.145838737487793
Cc1ccc2c(-c3nnc(SCCCN4CC5CC5(c5ccc(C(F)(F)F)cc5)C4)n3C)cccc2n1,6.633021354675293,8.449647903442383,7.541334629058838
Cc1ccccc1C1c2cc3c(cc2N2CCNCC3C2)OCO3,,,
COc1ccccc1N1CCN(CCCCOc2ccc3cc4nccc(OC)c4cc3c2)CC1,7.221175670623779,7.598034381866455,7.409605026245117
Oc1cc2c(cc1F)CCN(CCCc1cn(-c3ccc(F)c(O)c3)c3ccc(F)cc13)C2,7.845146656036377,6.65028190612793,7.247714281082153
Oc1ccc(Nc2cc(Cl)ccc2Cl)cc1,8.598296165466309,4.986928939819336,6.792612552642822
C#CCN1CCN(C2CCC(n3nc(-c4ccc(NC(=O)c5cc6ccccc6n5C)cc4)c4c(N)ncnc43)CC2)CC1,5.169708251953125,5.626418113708496,5.3980631828308105
Cc1cc(C(=O)NC2CCC(CCN3CCN(c4cc(C(F)(F)F)nc(C(C)(C)C)n4)CC3)CC2)no1,6.685528755187988,8.761506080627441,7.723517417907715
COc1ccc2c(c1)CCC1CN(CCn3c(=O)[nH]c4ccccc4c3=O)CCN12,6.942930221557617,6.390531063079834,6.666730642318726
CCN(CC)C(=O)c1ccc(NC(=O)N2CCC(n3cnc4ccccc43)CC2)cc1,6.482796669006348,5.546185493469238,6.014491081237793
CN(C)C(=O)c1cccc(NC(=O)NC2CCC(N3CCC(c4ccc(Cl)cc4)CC3)CC2)c1,6.371017456054688,7.308710098266602,6.8398637771606445
CCCN(CCC1CCC(NS(=O)(=O)c2ccccc2F)CC1)C1CCc2nc(N)sc2C1,7.258523941040039,9.022845268249512,8.140684604644775
NCCc1c[nH]c2ccc(OS(=O)(=O)C(F)(F)F)cc12,6.924014568328857,6.456363201141357,6.690188884735107
CCN(CC)CC1=CCc2ccc(NC(=O)C3CCCC3)cc21,6.031371593475342,6.909894943237305,6.470633268356323
CC1(C)CC2CC(C)(CN2S(=O)(=O)c2ccc(-c3ccccc3)cc2)C1,5.85402774810791,6.636368751525879,6.2451982498168945
COc1ccc2[nH]cc(C(N)=O)c2c1,7.3667311668396,4.793842792510986,6.080286979675293
O=C1NCCN1c1cccc(NC(=O)C2CC3CCC2C3)c1,6.411866664886475,8.107097625732422,7.259482145309448
Clc1cccc(N2CCN(CCCCOc3ccc4scnc4c3)CC2)c1Cl,7.810328483581543,8.681700706481934,8.246014595031738
O=C(CCCN1CCC2(CC1)C(=O)NCN2c1ccccc1)c1ccc(F)cc1,9.175222396850586,8.254637718200684,8.714930057525635
CCCCn1c(NC(=O)c2ccccc2)c(C#N)c2nc3ccccc3nc21,5.995626449584961,5.625840187072754,5.810733318328857
O=C1C2CCCN2C(=O)N1CCCCNCc1ccccc1,6.786831855773926,7.483014106750488,7.134922981262207
COc1ccccc1N1CCN(CCCCNC(=O)c2cc3cc(F)ccc3[nH]2)CC1,7.621168613433838,9.076482772827148,8.348825693130493
CCCCN1CCCC1Cn1nc(Cc2ccc(Cl)cc2)c2ncccc2c1=O,6.308915615081787,7.255695343017578,6.782305479049683
O=C(NCC(c1ccccc1)N1CCN(CCCc2c[nH]c3ccc(-n4cnnc4)cc23)CC1)C1CCCN1,6.224799156188965,5.962625980377197,6.093712568283081
N#Cc1ccc(-c2ccc(CSc3nnc(-c4ccc5c(c4)OCO5)n3C3CCCC3)cc2)cc1C(F)(F)F,5.9520769119262695,6.479333877563477,6.215705394744873
Nc1ccc2c(c1)Cc1ccccc1N2S(=O)(=O)c1ccccc1,6.088138103485107,5.507484436035156,5.797811269760132
O=C(NCCCCN1CCN(c2nsc3ccccc23)CC1)c1ccc(F)cc1,7.716017723083496,8.776411056518555,8.246214389801025
Cc1cc(-c2cnc(N3CCN(C)CC3)nc2-c2cccc(Cl)c2)on1,5.901111125946045,6.057625770568848,5.979368448257446
COc1cccc(C2CN3CCCC3c3c(-c4ccccc4)[nH]nc32)c1,5.647773742675781,6.612684726715088,6.130229234695435
CC(C)(Oc1ccc(Cl)cc1)C(=O)NC1CCC(N2CCC(c3ccc(Cl)cc3)CC2)CC1,6.590084075927734,7.346802711486816,6.968443393707275
COc1ccccc1N1CCN(CCNC(=O)c2ccc(N(C)C)cc2)CC1,7.098851203918457,7.442539215087891,7.270695209503174
CCc1cccc(CC)c1NC(=O)NC1CCC(N2CCN(c3ccccc3OC(F)(F)F)CC2)CC1,8.012656211853027,8.002232551574707,8.007444381713867
COC(=O)C1C2CCC(CC1c1ccc(F)cc1)N2,6.513347148895264,6.069591522216797,6.29146933555603
CCc1ccccc1N1CCN(CCCCNC(=O)c2cc3cccc(OC)c3n2C)CC1,7.147736072540283,8.36098861694336,7.754362344741821
Cc1ccccc1S(=O)(=O)NC1CCC(Nc2nc(Cl)cc(-c3c[nH]c4ncccc34)n2)CC1,7.097397327423096,7.337151050567627,7.217274188995361
COc1ccc(CC(=O)NC2CCC(N3CCN(c4cccc(C(F)(F)F)c4Cl)CC3)CC2)cc1OC,6.967752456665039,7.7106428146362305,7.339197635650635
COc1cc(OC)cc(C(=O)NCC2CCCN2Cc2ccc(F)cc2)c1,6.3131937980651855,7.659685134887695,6.98643946647644
CN(C)C1CCC(Nc2nc(Cl)cc(-c3c[nH]c4ncccc34)n2)CC1,6.318489074707031,7.13552188873291,6.727005481719971
N#Cc1ccc(-c2cc(C3CCN(CC4COc5ccccc5O4)CC3)[nH]n2)cc1,7.589951992034912,6.846360206604004,7.218156099319458
Cc1ccccc1N1CCN(CCCCNC(=O)c2ccc(O)c3c2OCC=C3)CC1,7.599111557006836,8.917713165283203,8.25841236114502
CCCN(Cc1cccnc1)C1CCc2c(O)cccc2C1,7.626291275024414,8.058682441711426,7.84248685836792
CNCC1OCc2ccccc2C1Oc1ccccc1F,5.215559959411621,6.495631694793701,5.855595827102661
Fc1ccc2c(N3CCN(CCCSc4ccc5c(c4)OCO5)CC3)ccnc2c1,7.737100601196289,8.051344871520996,7.894222736358643
CCc1nc(-c2ccc3c(c2)CCN(CCCSc2nnc(-c4ccc(C(F)(F)F)cc4)n2C)CC3)no1,6.095314979553223,8.660688400268555,7.378001689910889
CCc1c(C(=O)NN2CC=C(c3c[nH]c4ccc(F)cc34)CC2)cnn1-c1cccc(C(=O)O)c1,7.288228988647461,6.620047569274902,6.954138278961182
CCN(CC)c1ccc(C(=O)NC2CCC3(O)C4Cc5ccc(O)c6c5C3(CCN4CC3CC3)C2O6)cc1,8.29006576538086,8.218473434448242,8.25426959991455
Cc1cc2c(-c3ccc(O)c(F)c3)noc2cc1C(C)C,5.828710079193115,5.367311954498291,5.598011016845703
CCCN1CCc2cc(OC)c(OC)cc2CC1CCc1ccc(O)c(OC)c1,6.532837867736816,7.130940914154053,6.831889390945435
COc1cc(C(=O)NCCCCN2CCN(c3cccc(Cl)c3Cl)CC2)ccc1-c1cccs1,6.706043720245361,8.973600387573242,7.839822053909302
CCc1ccc(-n2c(CC)nc3cc(C(=O)NCC(C)C)ccc32)cc1,7.042940139770508,5.839941024780273,6.441440582275391
O=C(NCCCN1CCCC1=O)c1ccc(-c2cccc(F)c2)cc1,6.397994518280029,7.015463352203369,6.706728935241699
Cc1cc(-c2ccc3[nH]nc(C(=O)Nc4ccccc4)c3c2)on1,5.751751899719238,5.57307767868042,5.662414789199829
Cc1ccccc1N1CCN(CCCCN2C(=O)C3C=CC(C)(c4ccccc4)C3=O)CC1,,,
COc1cc2c(cc1F)C(c1ccccc1Cl)=Nc1c(C)n[nH]c1N2,6.123234748840332,5.7805376052856445,5.951886177062988
NC(=O)c1cccc2c1nc(Nc1ccccc1Cl)c1ccccc12,6.84834098815918,5.561049938201904,6.204695463180542
COc1ccc(S(=O)(=O)Nc2cnccn2)cc1NC1CCN(CC2CN(C(=O)c3ccccc3)CC2(C)C)CC1,6.500396728515625,6.6742024421691895,6.587299585342407
COc1cc(OC)c(-c2cc3cc(O)ccc3oc2=O)cc1Cl,6.102856159210205,6.054307460784912,6.078581809997559
Oc1n[nH]c2cccc(-c3ccc(NC(=-c4cccc(OCCN5CCOCC5)c4)cc3)c12,,,
CC1CN(CCOc2ccccc2NC(=O)c2ccc(C#N)cc2)CCN1,5.923149108886719,6.403905868530273,6.163527488708496
Cc1cccc(C(=O)NC2CCN(Cc3ccccc3)CC2)c1N,7.2873687744140625,6.644242763519287,6.965805768966675
Cn1nc(C(F)(F)F)c2c(=O)c3cc(Cl)ccc3n(O)c21,7.026393413543701,6.013607978820801,6.520000696182251
CCCC1CCc2cccc(CCN)c2C1,6.090933322906494,6.5805206298828125,6.335726976394653
CN1CCN(C2CC(c3ccc(F)cc3)c3ccc(Cl)cc32)CC1(C)C,7.741886615753174,7.0761308670043945,7.409008741378784
CCCN(CCN1CCN(c2ccccc2)CC1)C1CCc2ccc3[nH]c(S)nc3c2C1,7.285715103149414,7.790301322937012,7.538008213043213
COc1cc(N)c(Cl)cc1C(=O)NC1CCN(CCCOc2cccc3[nH]ccc23)C1,7.816915988922119,8.291630744934082,8.0542733669281
CCN1CCCC1CNC(=O)c1cc(S(=O)(=O)N2CCCC2)ccc1Br,6.837512969970703,6.749197006225586,6.7933549880981445
O=C(NC1CCc2ccc(CCN3CCN(c4nsc5ccccc45)CC3)cc21)c1ccccc1,7.349043846130371,6.441578388214111,6.895311117172241
CCCN(CCC)C1CCc2ccc(O)cc2C1,7.70214319229126,8.176798820495605,7.939471006393433
CCCN(CCCN1CCN(c2ccccc2OC)CC1)C1CCc2c(O)cccc2C1,8.01352596282959,7.888175964355469,7.950850963592529
O=C(NCc1ccc(Br)cc1)C1CCCN1C(=O)C1CC(O)CN1C(=O)CC(c1ccc(F)cc1)(c1ccc(F)cc1)c1ccc(F)cc1,6.7878031730651855,6.157813549041748,6.472808361053467
CCCN(CCc1ccccc1)C1CCc2c(O)cccc2C1,8.200567245483398,8.143576622009277,8.172071933746338
O=C1CCc2cc(OCCCCN3CCN(c4cccc(Cl)c4Cl)CC3)ccc2N1,8.785455703735352,8.286078453063965,8.535767078399658
O=C(NCCCCN1CCN(c2ccccc2OC(F)F)CC1)c1ccc(-c2ccccn2)o1,6.595247745513916,8.523447036743164,7.55934739112854
OC1(c2ccc(Cl)cc2)CC2CCC(C1)N2Cc1coc2ccccc12,7.902397632598877,8.243313789367676,8.072855710983276
Clc1ccc(OCCNCCCOc2cccc3[nH]ccc23)cc1,7.749199867248535,7.881067276000977,7.815133571624756
O=C1Nc2ccc(Br)cc2C1C1=Nc2ccccc2C1=NO,6.423019886016846,5.125284194946289,5.774152040481567
COc1cccc(C2(O)CCCC(N3CCN(c4ccccc4OC)CC3)CC2)c1,6.756303310394287,6.173883438110352,6.465093374252319
COc1ccc2c(c1)CCC(CNC(=O)c1cc3c([nH]1)CCCC3)C2,6.362454414367676,6.125491142272949,6.2439727783203125
Cc1ccc2c(N3CCN(CCc4cccc(NC(=O)c5ccccn5)c4)CC3)cccc2n1,6.564408302307129,6.678768157958984,6.621588230133057
CC(C)Cn1ccc2cc(C(=O)N3CCCC3)ccc21,6.443301677703857,5.800742149353027,6.122021913528442
COc1ccccc1N1CCN(Cc2ccc(CN3CCCCC3=O)n2C)CC1,7.613201141357422,6.028500080108643,6.820850610733032
COc1ccccc1N1CCN(CCSC2COc3ccccc3C2)CC1,7.285269737243652,7.695342063903809,7.4903059005737305
O=C1CCc2ccc(OCCCCN3CCN(c4cccc(Cl)c4Cl)CC3)nc2N1,8.820858001708984,7.946710586547852,8.383784294128418
O=S(=O)(NCCCN1CCN(c2noc3ccccc23)CC1)c1ccc(OC(F)(F)F)cc1,6.443042755126953,7.56230878829956,7.002675771713257
CN1CCN(C2=Cn3cccc3Sc3ccc(Br)cc32)CC1,8.546491622924805,8.604694366455078,8.575592994689941
COc1cc(C2c3cc4c(cc3C(O)C3COC(=O)C23)OCO4)cc(OC)c1O,4.92243766784668,5.098607540130615,5.0105226039886475
Cc1ccc2c(c1)c(C(=O)NCCCN1CCN(c3ccccc3OC(F)(F)F)CC1)cn2C,6.817454814910889,7.037567138671875,6.927510976791382
CCCN(CCCCN1C(=O)CC2(CCCC2)CC1=O)C1CCc2ccc(O)cc2C1,7.223389148712158,9.087881088256836,8.155635118484497
Cc1cc(C(C)(C)C)c(O)c(C)c1CC1=NCCN1,5.649070739746094,7.066660404205322,6.357865571975708
N#Cc1ccc2c(-c3cc4ccccc4o3)c(C(F)(F)F)nn2c1,6.153200149536133,5.581991195678711,5.867595672607422
COc1ccccc1N1CCN(CCCCNC(=O)c2ccsc2)CC1,7.342317581176758,9.010993957519531,8.176655769348145
COc1ccc(CCN(CCCCCSc2ccccc2C)Cc2ccc(O)cc2)cc1C,6.77071475982666,6.733741760253906,6.752228260040283
CCOc1ccc(CC2CNCCN2C(=O)COc2ccccc2F)cc1,5.958496570587158,5.349706172943115,5.654101371765137
O=C1CCc2cccc(OCCCCN3CCN(c4cccc(Cl)c4Cl)CC3)c2N1,8.89596176147461,8.367976188659668,8.631968975067139
CC(C)Oc1ccccc1N1CCN(Cc2ccc(CN3CCCCCC3=O)n2C)CC1,8.326491355895996,6.791318893432617,7.558905124664307
CC(C)(C)c1nc2c3ccnc(O)c3c3cc(F)ccc3c2[nH]1,5.554867744445801,5.633471488952637,5.594169616699219
CCCN1CCC2c3c(O)cccc3CCC21,6.960676670074463,7.950460433959961,7.455568552017212
CCCN(CCC)C1CCc2ccc3[nH]cc(C=O)c3c2C1,7.105856895446777,6.226032257080078,6.665944576263428
Oc1c(C=Nc2ccccn2)sc2ccccc12,5.536618232727051,5.617633819580078,5.5771260261535645
CCN(CC)C(=O)NC1CC2=C(Cc3c[nH]c4cccc2c34)N(C)C1,8.485456466674805,8.415810585021973,8.450633525848389
CC(C)c1noc(C2CCN(CCCc3c[nH]c4ccc(-n5cnnc5)cc34)CC2)n1,7.118965148925781,6.788406848907471,6.953685998916626
COc1ccccc1N1CCN(CCSc2nc(-c3ccc(C)cc3)c(-c3ccccc3)[nH]2)CC1,7.314435482025146,7.45135498046875,7.382895231246948
CCCN(CCCCCNC1CCc2cc(O)ccc2O1)C1CCc2c(O)cccc2C1,8.520575523376465,8.645051956176758,8.582813739776611
CC(C)C1(C(=O)N2CCN(c3ccc([N+](=O)[O-])c(NCCc4ccc(N)cc4)c3)CC2)CCCN1,7.636670112609863,6.6764678955078125,7.156569004058838
COc1cccc(N2CCN(CCCc3ccc(NS(=O)(=O)c4cccs4)cc3)CC2)c1,6.637383460998535,6.9632954597473145,6.800339460372925
COc1ccc(CNC2C(=O)C(=O)C2=Nc2ccc3n[nH]cc3c2)cc1,5.4502668380737305,4.441784381866455,4.946025609970093
O=C(NCCCCN1CCN(c2cccc(Cl)c2Cl)CC1)c1cc2cc(I)ccc2[nH]1,7.313976287841797,9.264910697937012,8.289443492889404
Cc1coc2c1C(=O)CCC2CN1CCN(c2ccccc2Cl)CC1,6.385345458984375,7.052131175994873,6.718738317489624
CN1CCCN(CCOc2ccc(-c3cc4ccccc4oc3=O)cc2)CC1,6.755757808685303,6.519004821777344,6.637381315231323
COc1cc(OC)cc(C(=O)NCCCCN2CCN(c3ccc(OC)cc3OC)CC2)c1,5.629882335662842,7.422868728637695,6.5263755321502686
Cc1cc(-c2ccc3c(c2)OCCCN3)nn1CC(=O)NC1CCCCNC1=O,6.670962333679199,4.762011528015137,5.716486930847168
CN1C(=O)CC(=NCCc2ccc(C(F)(F)F)cc2)c2cc(F)ccc21,6.232438087463379,6.220270156860352,6.226354122161865
O=S1(=O)c2ccccc2N=C(Cl)C1CN1CCC(c2ccc(F)cc2)CC1,7.186605453491211,6.738161563873291,6.962383508682251
CN1C2CC(OC(=O)C(CO)c3ccccc3)CC1C1OC12,5.593686580657959,4.410581588745117,5.002134084701538
CC(C)Oc1ccccc1N1CCN(C2CCC(NS(=O)(=O)c3ccc(C(F)(F)F)cc3)CC2)CC1,7.434782981872559,8.545170783996582,7.98997688293457
COc1nn(C)c2c1CCN(CCCSc1nc3c(cc1C#N)CN(C(C)=O)CC3)CC2,6.175319194793701,6.571208477020264,6.373263835906982
CCc1nc2ccccc2n1Cc1ccc(O)c(OC)c1,6.881716251373291,5.6485676765441895,6.26514196395874
CC1=NC(=CCCN)C(C(=O)NCCCN2CCC(c3ccccc3)(c3ccccc3)CC2)C(c2ccc([N+](=O)[O-])cc2)C1C(N)=O,6.075725555419922,6.078458309173584,6.077091932296753
Oc1cc2c(OCCNCc3cccc(Cl)c3)ccc(Cl)c2[nH]1,8.732492446899414,7.187414169311523,7.959953308105469
COc1ccc(CNc2ccccc2N2CCN(Cc3ccc(C)cc3)CC2)cc1,7.301398277282715,6.509171009063721,6.905284643173218
CCCN(CCCCNC(=O)CCCc1c[nH]c2ccccc12)C1CCc2ccc(O)cc2C1,8.169082641601562,8.058430671691895,8.113756656646729
COc1ccccc1N1CCN(CCn2c(Br)cc3c2CC(=O)N3)CC1,7.862491607666016,7.1646881103515625,7.513589859008789
CN1CCc2ccccc21Cc1cnc[nH]1,,,
CN(CCCN1CCN(c2cccc3ccoc23)CC1)CCc1cccc(Cl)c1,7.259217262268066,6.931643486022949,7.095430374145508
COc1ccccc1N1CCN(CCNC(=O)CCCc2c[nH]c3ccccc23)CC1,8.174087524414062,6.94839334487915,7.5612404346466064
Cc1[nH]c2ccc(O)cc2c1CCC(=O)CN1CCN(c2cc3cc(F)ccc3s2)CC1,7.324038505554199,6.371799945831299,6.847919225692749
CCCN(CCC)C1COc2cccc(OC)c2C1,6.740849494934082,7.199049472808838,6.96994948387146
CCN(CC)C1CCC(NC(=O)c2ccc(-n3ccnc3)cc2)CC1,6.1431097984313965,7.772069931030273,6.957589864730835
O=C1NCCN1CCN1CCC(Nc2nccs2)CC1,6.209793567657471,6.155341148376465,6.182567358016968
OC(CN1CCN(CCCc2c[nH]c3ccccc23)CC1)c1ccc(F)cc1,6.072227478027344,6.192760467529297,6.13249397277832
CCN1CCc2cc(C(O)(c3ccc(CCNC(=O)c4ccc5c(c4)OCO5)cc3)C(F)(F)F)ccc2C1,6.933189868927002,6.778196811676025,6.855693340301514
CN1CCN(C2=Cn3ccc4ncccc4c3Cc3ccccc32)CC1,,,
CCN(CCCN1C(=O)CNC(c2ccccc2)C1=O)CCc1ccc(I)cc1,5.8749775886535645,7.058751106262207,6.466864347457886
CN(C)CCCOc1ccccc1NC(=O)c1ccc(-n2cccc2)cc1,6.174688816070557,6.928538799285889,6.551613807678223
O=C(Nc1ccc2n[nH]cc2c1)c1ccc(Cl)cc1,6.540452003479004,5.3524017333984375,5.946426868438721
Cc1c(-c2ccc3n[nH]c(N)c3c2)nnn1Cc1ccccc1,6.654883861541748,6.286787986755371,6.47083592414856
COc1ccccc1N1CCN(CCN(C(=O)c2cc3ccoc3cn2)CC1,,,
Oc1ccc2c(c1)OC(CNCc1cccnc1)CC2,9.06890869140625,8.051663398742676,8.560286045074463
CN1CCCC1Cn1nc(Cc2ccc(Cl)cc2)c2ccccc2c1=O,6.43051290512085,6.615733623504639,6.523123264312744
Cc1c(-c2cccc(OCc3ccccc3)c2)c2c(N)ncnc2n1C1CC(CN2CCCC2)C1,6.076121330261231,6.608198165893555,6.342159748077393
Cn1cc(C2CN(CCC#N)CC2c2ccccc2)c2ccccc21,6.968756198883057,6.693497657775879,6.831126928329468
COc1ccccc1N1CCN(CCN(C(=O)C23C4C5C2C2C3C4C52I)c2ccccn2)CC1,7.1265411376953125,5.760276317596436,6.443408727645874
CCCN(CCC)C1CCc2c(OC)cccc2C1C,7.242130279541016,7.426642417907715,7.334386348724365
CCN1CCN(c2ccc(Nc3ncc(Cl)c(Nc4ccc5[nH]ncc5c4)n3)cc2)CC1,6.865153789520264,5.336418628692627,6.100786209106445
CC(C)Oc1ccccc1N1CCN(CCCCCCn2ncc(Cl)c(N3CCN(C4CCCCC4)CC3)c2=O)CC1,8.071253776550293,7.920809268951416,7.9960315227508545
O=C1CCC(CCN2CCN(c3cccc(Cl)c3Cl)CC2)C(=O)N1,8.236213684082031,8.732488632202148,8.48435115814209
COc1ccc(NC(=O)C2Cc3ccc(OS(=O)(=O)c4ccccc4)cc3CN2C(=O)c2ccccc2)cc1,6.109001636505127,5.486725807189941,5.797863721847534
CC(=NNC(=O)c1cc2cc(Br)ccc2[nH]1)c1ccccn1,5.431789398193359,6.130134105682373,5.780961751937866
Oc1nc2ccccc2n1CCCN1CCN(c2cccc(Cl)c2Cl)CC1,7.4340667724609375,7.184402942657471,7.309234857559204
Fc1cccc(CN2CCC(CNc3nc4ccccc4[nH]3)CC2)c1,6.171276569366455,6.963628768920898,6.567452669143677
COc1ccccc1N1CCN(CCCCc2nnnn2CC2CC2)CC1,7.409419059753418,6.953655242919922,7.18153715133667
Oc1ccc2c(c1)N(CCOc1cccc3ccccc13)CC2,8.364601135253906,7.546357154846191,7.955479145050049
O=C(NC1CCN(Cc2ccc(F)cc2)CC1)C1CCCN1C(=O)CC(c1ccccc1)(c1ccccc1)c1ccccc1,6.843814373016357,6.504594326019287,6.674204349517822
COc1ccccc1N1CCN(CCNC(=O)c2cc3ccc([N+](=O)[O-])cc3s2)CC1,7.357070446014404,7.420771598815918,7.388921022415161
N#CC(C#N)=C1C=CC=CN1CCN1CCN(c2ccccc2)CC1,6.381095886230469,5.207680702209473,5.794388294219971
O=C(CCCN1C2CCC1CC(O)(c1ccc(Cl)cc1)C2)c1ccccc1,7.46176815032959,7.627834320068359,7.544801235198975
Cc1cc(C(=O)NC2CCC(Nc3ncc(Cl)c(-c4ccccn4)n3)CC2)no1,6.151912212371826,6.613274574279785,6.382593393325806
CN(C)C1Cc2ccccc2C(c2ccccc2)C1,6.034183502197266,6.743095397949219,6.388639450073242
CN1CCc2cc3c(F)c(F)cc(F)c3cc2C1,7.102169513702393,6.008725166320801,6.555447340011597
Cc1ccc2c(-c3nnc(SCCCCN4CCN(c5ccc(F)cc5)CC4)n3C)cccc2n1,6.06488037109375,7.559197425842285,6.812038898468018
O=C(NCCCCN1CCN(c2cccc(Cl)c2Cl)CC1)c1cccc2c1-c1ccccc1C2=O,6.6872968673706055,8.366487503051758,7.526892185211182
COc1ccccc1N1CCN(CCCCSc2nc3ccccc3s2)CC1,7.871157169342041,8.42541217803955,8.148284673690796
COc1ccc(NC2=NN=C(c3ccc(F)cc3)CC2)cc1,7.36445426940918,5.299864768981934,6.332159519195557
Cc1ccc(C(=O)NC2CC(C)(C)Oc3nc(-c4ccc(Cl)cc4Cl)c(-c4ccc(F)cc4)cc32)cc1,6.167099475860596,5.525442123413086,5.846270799636841
O=C(NCCCN1CCN(c2cccc(Cl)c2Cl)CC1)C1CCC1,7.611661911010742,7.772134304046631,7.6918981075286865
CN1CCN(c2ccc(C(=O)Nc3ccc(S(=O)(=O)Nc4nncs4)cc3)cc2)CC1,5.674412250518799,5.094062328338623,5.384237289428711
N#Cc1cc(F)ccc1-c1ccc(C(=O)NCC2CCCO2)cc1,6.056883335113525,6.760472297668457,6.408677816390991
COc1ccccc1N1CCN(CCCCNC(=O)c2cc3ccccc3[nH]2)CC1,7.458228588104248,9.089479446411133,8.27385401725769
COc1ccc2c(c1)C(C)=CC(C)(C)N2C,5.693891525268555,6.519347190856934,6.106619358062744
Cc1[nH]c2ccccc2c1CCN1CCC(Cc2ccccc2)CC1,6.680744647979736,6.673089027404785,6.676916837692261
COc1ccccc1OCCNCC1COCC(c2ccccc2)(c2ccccc2)O1,5.6601104736328125,6.392210960388184,6.026160717010498
COc1ccccc1N1CCN(CCCCNS(=O)(=O)c2ccc(F)cc2)CC1,7.699570178985596,7.686281204223633,7.692925691604614
O=C(NC1CCN(Cc2cccc(C(F)(F)F)c2)C1)c1cnc(-c2cccnc2)cc1,6.3665452003479,7.329526424407959,6.84803581237793
CC(C)Oc1ccccc1N1CCN(C2CCC(NS(=O)(=O)c3cccc(C(F)(F)F)c3)CC2)CC1,7.477129459381103,8.485477447509766,7.981303453445435
O=C(NCCCCN1CCN(c2cccc(Cl)c2Cl)CC1)c1cc2ccccc2s1,7.238006114959717,9.093591690063477,8.165798902511597
COc1cc(NCC2CCCO2)nc(-c2ccncc2)n1,6.045811176300049,5.411537170410156,5.7286741733551025
CN1CCN(C2Cn3cccc3Sc3ccc(Br)cc32)CC1,8.921730041503906,8.506511688232422,8.714120864868164
FC(F)(F)c1cccc(N2CCN(CCCCn3ccnc3)CC2)c1,6.578556537628174,7.230185508728027,6.904371023178101
CCCN(CCc1cccs1)C1CCc2c(O)cccc2C1,8.405183792114258,8.605388641357422,8.50528621673584
O=C1N(CCCN2CCCC2)c2ccccc2N1c1ccc(F)cc1,7.053637981414795,6.784154891967773,6.918896436691284
O=C(NCCCN1CCC2(CCc3ccccc32)CC1)c1ccc(Cl)c(Cl)c1,6.62237548828125,6.671000480651856,6.646687984466553
CCN1CCc2cccc3c2C1Cc1ccc(O)c(O)c1-3,8.332853317260742,7.980915069580078,8.15688419342041
CCCN(CCC#N)CCc1ccc(OC)c(OC)c1,6.878897190093994,6.392949104309082,6.635923147201538
O=S(=O)(NCCCN1CCC(c2noc3cc(F)ccc23)CC1)c1cc2ccccc2s1,7.7599005699157715,7.784554004669189,7.7722272872924805
OC1(c2ccc(F)cc2)CC2CCC(C1)N2Cc1coc2ccccc12,7.858871936798096,8.073594093322754,7.966233015060425
CCCN1CC(CSC)CC2c3cccc4[nH]cc(c34)CC21,7.427812576293945,7.918407440185547,7.673110008239746
COc1ccc(NC(=O)NCCCN2CCN(c3cccc(Cl)c3Cl)CC2)cc1,7.63022518157959,6.943026542663574,7.286625862121582
O=C(NCCCCN1CCN(c2cccc(Cl)c2Cl)CC1)c1cnc2ccccc2c1,7.251902103424072,9.041850090026855,8.146876096725464
CN(C)C1CCN(CCCCCCN2c3ccccc3Sc3ccc(F)cc32)CC1,6.68262243270874,6.9906206130981445,6.836621522903442
COc1ccc(Cl)cc1N1CCN(CCN2C(=O)CC3(CCCC3)CC2=O)CC1,7.278904438018799,7.800095558166504,7.539499998092651
Cc1nnsc1C1=NNC(=O)C1=Cc1cn(C)c2cccc(OCc3cccc(F)c3)c12,6.046645641326904,5.458666801452637,5.7526562213897705
COc1ccccc1N1CCN(CCCCNC(=O)c2ncc(Cc3c[nH]c4ccccc34)cn2)CC1,7.103832721710205,7.754426002502441,7.429129362106323
CNC(=O)c1cccc(F)c1Nc1nc(Nc2ccc3c(c2)NC(=O)C(NC(=O)COC)CC3(C)C)ncc1Cl,6.5710883140563965,5.219812870025635,5.895450592041016
CC(C)CCN1CCN(c2ccc(C(=O)c3ccc(F)cc3)cc2NCCCN2CCN(c3cccc(Cl)c3)CC2)CC1,6.813989162445068,7.12047815322876,6.967233657836914
COc1ccc(NC(=O)NC2CCC(N3CCN(c4ccccc4OC)CC3)CC2)cc1N1CCN(C)CC1,7.084524154663086,7.670556545257568,7.377540349960327
COc1cccc(C(=O)NCCN2CCN(c3cccc(Cl)c3Cl)CC2)c1,6.644281387329102,7.5552496910095215,7.0997655391693115
COc1ccccc1N1CCN(CCCC(=O)NC2CCCc3ccccc32)CC1,7.143184185028076,7.3136115074157715,7.228397846221924
CC(=O)Nc1cccc(CN2CCN(CC3COc4ccccc4O3)CC2)c1,6.676270484924316,6.175633907318115,6.425952196121216
CC(C)(CN1CCN(c2ccccc2)CC1)CNC(=O)C1CCCC1,6.464517116546631,5.482024192810059,5.973270654678345
O=C(O)CCCCCCCN1CCC(c2ccccc2)CC1,5.33841609954834,4.304835796356201,4.8216259479522705
COc1ccccc1N1CCN(CCCCNC(=O)c2ccc(OCCOc3ccc(CCC(=O)O)cc3)cc2)CC1,7.634360790252685,7.045015811920166,7.339688301086426
O=C1CCc2ccc(OCCCCN3CCN(c4cccc(C(F)(F)F)c4Cl)CC3)nc2N1,8.550561904907227,7.947595119476318,8.249078512191772
CC(C)Oc1ccccc1N1CCN(C2CCC(NS(=O)(=O)c3ccccc3Cl)CC2)CC1,7.637956142425537,8.312024116516113,7.974990129470825
Oc1[nH]cc2ccc(OCCCN3CCN(c4cccc5cccc(F)c45)CC3)c(F)c12,8.132925987243652,7.728168487548828,7.93054723739624
CC(C)CN1CCN(CCCN2CCN(c3ccc(Cl)c(Cl)c3)CC2)CC1,5.860973834991455,6.436065673828125,6.14851975440979
COc1ccccc1N1CCN(CCCNC(=O)C=Cc2ccc(O)cc2)CC1,7.548698902130127,7.496102333068848,7.522400617599487
Oc1[nH]cc2ccc(OCCCN3CCN(c4cccc5c4CCC5)CC3)cc12,8.58419418334961,7.922117233276367,8.253155708312988
Oc1nc2cnc(-n3cnc4ccc(F)cc43)nc2n1C1CCOc2c(F)cccc21,6.502740383148193,5.217884540557861,5.860312461853027
CN1CCCC1CN1CCC2(C)c3cc(OC(=O)N(C)C)ccc3N(C)C12,6.246171474456787,7.795473098754883,7.020822286605835
COc1ccccc1N1CCN(CCCCNC(=O)C=Cc2cccc3ccccc23)CC1,7.35816764831543,8.837668418884277,8.097918033599854
COc1ccccc1N1CCN(CCCNC(=NC#N)c2ccccn2)CC1,6.402145385742188,6.282630920410156,6.342388153076172
CCC1(CCCCN2CCN(c3cccc(-c4ccc(OC)c(F)c4)n3)CC2)C(=O)Oc2ccc(F)cc21,5.85509729385376,7.346435546875,6.60076642036438
OC(CNC1CCc2ccc(F)cc2N(Cc2ccccc2)C1)COc1cccc(Cl)c1,6.610863208770752,6.571798324584961,6.5913307666778564
CCc1c(-c2cccc(C(C)=O)c2)[nH]c2nccnc12,6.127108573913574,5.491523742675781,5.809316158294678
O=S(=O)(c1cccc2cnccc12)N1CCCNCC1,6.233206748962402,3.353839635848999,4.793523192405701
CN1CCN(C2Cc3ccccc3Sc3ccc(-c4nnn[nH]4)cc32)CC1,8.55559253692627,6.824313163757324,7.689952850341797
CN1CCN(c2ncnc3c2oc2ccc(Cl)cc23)CC1,6.946092128753662,5.476545333862305,6.211318731307983
CCNC(=O)Nc1ccc(CN2CCN(c3ccc(C(=O)NCCC)cc3CC)CC2)cn1,7.502269268035889,7.052766799926758,7.277518033981323
CN1CCc2cc(Br)c(O)cc2C(c2ccccc2)C1,5.746319770812988,6.648663520812988,6.197491645812988
CCN(CC)CCOc1ccc(-c2nc3cccc(C(N)=O)c3[nH]2)cc1,7.004039764404297,7.078573226928711,7.041306495666504
COc1cccc(N2CCN(CCC3OCCc4ccccc43)CC2)c1,6.365179061889648,6.351027011871338,6.358103036880493
Oc1cc2c(OCCNCc3ccc(Cl)cc3Cl)ccc(Cl)c2[nH]1,8.636272430419922,6.973456859588623,7.8048646450042725
O=C(NCC=CCN1CCN(c2cccc(Cl)c2Cl)CC1)c1cc2ncccn2n1,6.841092586517334,8.260634422302246,7.55086350440979
CCCN(CCN1CCN(c2nsc3ccccc23)CC1)C1CCc2nc(N)sc2C1,7.4281768798828125,8.94189453125,8.185035705566406
CCCN(CCc1ccc(Cl)c(Cl)c1)C1CCc2c(O)cccc2C1,7.886812210083008,8.140233993530273,8.01352310180664
O=C(CCCN1CCC(O)(c2ccc(Cl)cc2)CC1)c1ccc(F)cc1,7.690210342407227,7.222467422485352,7.456338882446289
CC1CN(CCC(Oc2ccc(C(=O)NCc3nn[nH]n3)cc2)CCN1C(=O)C(C)C,,,
CCN(CC)C(=O)CN1CCN(c2cc(C(F)(F)F)nc(C(C)(C)C)n2)CC1,6.449239253997803,8.01300048828125,7.231119871139526
COc1cccc(N2CCN(Cc3ccc(C(=O)NCCCCCCC(=O)O)cc3)CC2)c1,6.527867317199707,5.945160388946533,6.23651385307312
COc1ccccc1N1CCN(CCCCCCN(CC(=O)N2c3ccccc3CC2C)CC1,,,
CCCN(CCC1CCC(NS(=O)(=O)c2cc3ccccc3s2)CC1)C1CCc2nc(N)sc2C1,7.254110336303711,9.319564819335938,8.286837577819824
CC#CCN1CCC(COc2nc3ccccc3n2C(=O)CCCCCCCCN2CCN(c3ccccc3OC)CC2)CC1,6.437655448913574,6.781740188598633,6.6096978187561035
COc1cccc(OC)c1CN1CCn2c(nnc2C(F)(F)F)C1,6.20961332321167,6.83258581161499,6.52109956741333
COc1cccc(C2CC(c3ccccc3)n3nc(N)nc3N2)c1OC,6.828512191772461,5.395083904266357,6.111798048019409
CC=[SH](O)(O)N=C1CCC(NCc2ccc(I)cc2F)CC1,7.934916496276855,8.31869125366211,8.126803874969482
Cc1csc(NC(=O)c2sc3nc(-c4ccncc4)ccc3c2N)n1,5.223143100738525,4.681647777557373,4.952395439147949
c1ccc(N2CCN(CCCCN=C3CC4CCC3(COc3ccc4ccccc4n3)CC2)nc1,,,
CCCN(CCC1CCC(NS(=O)(=O)c2ccc(O)cc2)CC1)C1CCc2nc(N)sc2C1,7.476975440979004,9.449464797973633,8.463220119476318
COc1cc(F)c(S(=O)(=O)NC2CCC(N3CCN(c4ccccc4OC(C)C)CC3)CC2)cc1F,7.2327470779418945,8.497845649719238,7.865296363830566
O=C1OC2(CCN(Cc3cccc(Cl)c3)CC2)CN1c1ccc(C(F)(F)F)cc1,6.404446125030518,6.864717960357666,6.634582042694092
COC(=O)c1ccc(N2CCN(CCCCc3c[nH]c4sccc34)CC2)c(F)c1,7.67257833480835,7.74948263168335,7.71103048324585
CC(C)(C)OC(=O)NCCCCCN1CCN(c2nsc3ccccc23)CC1,8.35701847076416,6.903920650482178,7.630469560623169
CCc1nc2cc(C)c(C)nc2n1C1CCN(Cc2ccc(F)cc2Cl)CC1,6.535134315490723,6.5179643630981445,6.526549339294434
COc1ccc2oc(C(=O)NC3CCN(Cc4ccccc4)CC3)c(C)c2c1,6.574580192565918,6.558210849761963,6.56639552116394
CCN(CC)C(=O)C1Cc2c(cc3c[nH]c4c3c2C=CC4)N(C)C1,7.444197177886963,7.966557502746582,7.7053773403167725
O=C1N(CCC2CCCCN2)CCN1c1cccc(Cl)c1,8.180428504943848,7.998008728027344,8.089218616485596
N#Cc1ccccc1N1CCN(CCCCNC(=O)c2cc3ccccc3o2)CC1,7.022337436676025,8.358000755310059,7.690169095993042
CC(C)Oc1ccccc1N1CCN(C2CCC(NC(=O)Nc3ccccc3OC(F)(F)F)CC2)CC1,7.830833911895752,8.222539901733398,8.026686906814575
CN(C)C(=O)c1ccc(-c2ccc3c(c2)Cc2ccccc2-3)cc1,6.285667419433594,6.013117790222168,6.149392604827881
CCCCN(C)C1CCc2c(O)cccc2C1,7.92095947265625,8.586688995361328,8.253824234008789
COc1ccc(CN2CCN(CCCOc3cccc(C(F)(F)F)c3)CC2)c(Cl)c1,6.104387283325195,7.475915908813477,6.790151596069336
O=C1COc2ccc(C(=O)C3CCN(Cc4ccc(Br)cc4)CC3)cc2N1,6.405231475830078,6.700597763061523,6.552914619445801
COc1ccccc1N1CCN(CCCCc2cc(-c3ccc(F)cc3)no2)CC1,6.978795528411865,8.067510604858398,7.523153066635132
Oc1[nH]cc2ccc(OCCCN3CCN(c4cccc5cccc(F)c45)CC3)c(Cl)c12,8.05458927154541,7.951212882995605,8.002901077270508
O=S(=O)(c1cccc2cccnc12)N1CCCNCC1,6.610898017883301,3.686105966567993,5.148501992225647
OC1(c2ccc(Cl)cc2)CC2CCC(C1)N2Cc1coc2ccccc12,7.902397632598877,8.243313789367676,8.072855710983276
COc1ccccc1N1CCN(CCCCNC(=O)C=Cc2cccs2)CC1,7.793283462524414,9.165997505187988,8.479640483856201
COc1ccccc1N1CCN(CCN=C2CC(c3ccccc3)=NN(C)C2=O)CC1,6.469936847686768,5.872013092041016,6.170974969863892
CCCN1CCCC2Cc3n[nH]cc3C21,6.924055099487305,7.192625999450684,7.058340549468994
Cc1cccc(CN2CCC3(CCc4ccccc4O3)CC2)c1-n1cnnn1,6.592781066894531,5.684129238128662,6.138455152511597
Oc1[nH]cc2cc(F)c(OCCCN3CCN(c4cccc5cc(F)ccc45)CC3)cc12,8.232381820678711,7.963079452514648,8.09773063659668
Oc1ccc(Cn2c(-c3nonc3NCCN3CCCCC3)nc3ccccc32)cc1,6.5890326499938965,5.845153331756592,6.217092990875244
CC1=C(C(=O)NCCCN2CCC(C#N)(c3ccc(F)cc3C#N)CC2)C(c2ccc(F)c(F)c2)CC(=O)N1C,6.082798957824707,6.244570255279541,6.163684606552124
N#Cc1ccc2[nH]cc(CCCCN3CCNCC3)c2c1,6.464467525482178,6.932827949523926,6.698647737503052
CC1CCN(CCCCNc2ccc(Cl)cc2)CC1,5.9019317626953125,7.086350917816162,6.494141340255737
O=C(NCC1CCCCN1C(=O)C1CC12CC3CC(CC(C3)C1)C2)C1CCCCC1,,,
COc1ccccc1N1CCN(CCCCNC(=O)c2sc3cccc(Cl)c3c2Cl)CC1,7.257747650146484,8.461907386779785,7.859827518463135
CCCN1CCCC1CNC(=O)c1c(OC)cccc1OC,6.977643966674805,7.583198547363281,7.280421257019043
COc1ccccc1N1CCN(CCCC(=O)c2cc3cc(OC)c(OC)cc3[nH]2)CC1,7.753373622894287,7.541668891906738,7.647521257400513
COc1ccccc1N1CCN(CCCCCN2C(=O)c3ccccc3C2=O)CC1,7.451557159423828,7.144339561462402,7.297948360443115
COc1cc(N)c(Cl)cc1C(=O)NC1CCN(CCOc2ccccc2C(F)(F)F)CC1O,7.0451250076293945,7.653911113739014,7.349518060684204
O=C1CCc2ccc(OCCCCN3CCN(c4cccc5cccc(F)c45)CC3)nc2N1,8.669334411621094,7.364121913909912,8.016728162765503
CN1CCN(C2Cn3cccc3Sc3ccc(Cl)cc32)CC1,8.645715713500977,8.372458457946777,8.509087085723877
Cc1cc(SCC(O)CNC2CCC(NC(=O)c3cccc(-c4ccccc4)c3)CC2)ccc1Cl,5.836202621459961,7.1379075050354,6.487055063247681
CCCN1CCCC2Cc3n[nH]cc3CC21,7.44373893737793,7.752826690673828,7.598282814025879
O=C1COc2ccccc2N1CCCN1CCN(c2ccccc2Cl)CC1,6.515352249145508,6.675819873809815,6.595586061477661
O=C(NCc1ccc(F)cc1)C1Cc2c(-c3ccc(F)cc3)ccnc2O1,6.7763671875,5.664200305938721,6.22028374671936
COC(=O)C1C(c2ccccc2)CC2CCC(C1)N2Cc1ccccc1Cl,6.650024890899658,6.894423007965088,6.772223949432373
Oc1ccc(C2CC2c2ccc(OCCCN3CCN(c4cccc5cc(F)ccc45)CC3)cc2)cc1,7.473811149597168,7.917806625366211,7.6958088874816895
Cc1c2ccccc2nc2n1CCC2=Cc1ccc(F)cc1,,,
CCCN(CCN1CCN(c2cccc(Cl)c2)CC1)C1CCc2c(O)cccc2C1,7.3895263671875,8.714975357055664,8.052250862121582
COc1ccccc1N1CCN(CCCCCNC(=O)c2ccccc2Cc2ccccc2)CC1,7.16613245010376,7.136263847351074,7.151198148727417
OC1(c2ccc(Cl)cc2)CC2CCC(C1)N2Cc1coc2ccccc12,7.902397632598877,8.243313789367676,8.072855710983276
COc1cc(N)c(Cl)cc1C(=O)NC1CCN(CCCCCCCCN2C(=O)c3ccccc3C2=O)CC1,7.540409564971924,7.370129585266113,7.4552695751190186
CCCN(CCC)C1CCc2c(OC)cccc2C1,7.511783123016357,7.2270307540893555,7.3694069385528564
Oc1ccc2c(c1)CCc1ccccc1C2=NO,7.4393310546875,5.668446063995361,6.553888559341431
CN(C)CCOCCOCc1ccccc1,4.625024318695068,4.709083080291748,4.667053699493408
COc1c(C)cc(CN2CCC(NC(=O)CCc3nc4c(C)c(C)ccc4[nH]3)CC2)cc1C,7.182661533355713,7.210811614990234,7.196736574172974
Cc1ccc(C(=O)NC2CCC(Nc3ncc(Cl)c(NC4CCCCC4N(C)C)n3)CC2)cc1,7.359451770782471,7.96653938293457,7.6629955768585205
CN1CCN(C2Cn3cccc3Sc3ccc(Cl)cc32)CC1,8.645715713500977,8.372458457946777,8.509087085723877
Oc1nc2c(O)ccc(C(O)CNCCCOCCOCCNCCc3c(Cl)cccc3Cl)c2s1,6.511866092681885,7.546403408050537,7.029134750366211
O=C(NCCc1c[nH]c2ccccc12)c1ccc(N2CCN(CCOc3ccccc3C2=O)cc1,,,
CSc1nc(Cl)cc(N2CCN(CCCC(=O)N3CCC(N(C)C)CC3)CC2)n1,6.327268600463867,7.415154457092285,6.871211528778076
CCCN(CCC)C1CCc2c(O)cccc2C1,8.197704315185547,8.453038215637207,8.325371265411377
COc1cccc(C2=NC(c3ccc(Br)cc3)(c3ccc(F)cc3)CN2)c1,5.936731815338135,6.479910850524902,6.2083213329315186
Oc1[nH]cc2ccc(OCCCN3CCN(c4cccc5cccc(F)c45)CC3)c(F)c12,8.132925987243652,7.728141784667969,7.9305338859558105
COC1(C#CC(O)(c2ccccc2)c2cccnc2)CN2CCC1CC2,5.672255516052246,5.741848945617676,5.707052230834961
COc1ccccc1N1CCN(CC2CCc3c(ccc(O)c3O)C2)CC1,8.059961318969727,8.083963394165039,8.071962356567383
COc1ccccc1N1CCN(Cc2ccc(OCCOCCOCCOCCOc3ccc(-c4nc5cc(C(F)(F)F)ccc5[nH]4)cc3)cc2)CC1,7.154117107391357,8.00085163116455,7.577484369277954
O=C(NCC=CCN1CCC2c3ccccc3Oc3ccccc3C21)c1ccc(Cl)c(Cl)c1,7.09262752532959,7.898870468139648,7.495748996734619
CCCN1CCCC2c3c(cccc3OC)CCC21,6.463755130767822,7.107841491699219,6.7857983112335205
COc1ccc2c(c1)CCC1CN(CCn3c(O)nc4ccccc4c3=O)CCN12,6.966887950897217,6.32499885559082,6.6459434032440186
CCCN(CCC)C1CCc2cc(F)c3[nH]c(Br)cc3c2C1,7.422214031219482,7.552847862243652,7.487530946731567
CN1CCC(C2=Cc3ccccc3Oc3ccc(F)cc32)CC1,7.475935459136963,6.921852111816406,7.198893785476685
OC1(c2ccc3c(c2)OCO3)CCCCN1CCC#Cc1cccc(F)c1,6.610514163970947,6.783724784851074,6.697119474411011
O=C1NCCN1CCN1CCC(c2cn(-c3ccc(F)cc3)c3ccc(Cl)cc23)CC1,7.742376327514648,6.387310028076172,7.06484317779541
CC(C)Oc1ccccn1,7.948762893676758,6.117956638336182,7.03335976600647
Oc1nc2ccccc2n1C1CCN(CC2COc3ccccc3O2)CC1,8.130687713623047,7.0319414138793945,7.581314563751221
CCOc1ccc(CCNCCc2cncc(-c3cccnc3)n2)cc1,5.103897571563721,7.0985541343688965,6.101225852966309
Cc1ccc2c(-c3ccnc(Nc4ccc5c(c4)OCCO5)n3)c(-c3ccc(F)cc3)nn2n1,6.031656742095947,5.025166988372803,5.528411865234375
CCc1nc(N2CCN(C)CC2)c2oc3ccc(Cl)cc3c2n1,6.8202714920043945,6.257809638977051,6.539040565490723
CN1CCN(C2Cn3cccc3Sc3ccc(F)cc32)CC1,8.455343246459961,8.19658088684082,8.32596206665039
COc1ccccc1N1CCN(CCCCNC(=O)c2cc(-c3cccc(Cl)c3)[nH]n2)CC1,7.4726409912109375,8.53325080871582,8.002945899963379
Fc1ccc(CCCN2C=CC(c3ccc4c(c3)OCO4)CC2)cc1,6.683382034301758,6.312666416168213,6.498024225234985
CC(C)c1ccccc1N1CCN(C2COC(Cn3ccnc3)(c3ccc(F)cc3Cl)O2)CC1,6.807124614715576,6.737768650054932,6.772446632385254
COc1ccccc1N1CCN(CCCCNC(=O)C=Cc2ccc(Cl)cc2)CC1,7.462882041931152,8.863009452819824,8.162945747375488
COc1cccc(N2C(=O)NC(=O)C(C=NCC(F)(F)F)=CC2=O)c1,5.711772918701172,6.147619247436523,5.929696083068848
CC(C)(C)c1ccc(C(O)CCCN2CCC(C(O)(c3ccccc3)c3ccccc3)CC2)cc1,6.635008811950684,6.488577842712402,6.561793327331543
COc1ccccc1N1CCN(CCn2c(=O)[nH]c3ccccc3c2=O)CC1,7.772592544555664,7.066062927246094,7.419327735900879
Cc1ccc2c(N3CCN(CCc4cccc5c4OCc4nonc4-5)CC3)cccc2n1,6.637562274932861,6.376909255981445,6.507235765457153
Cc1c(-c2cccc(OCCN3CCCCC3)c2)nn(-c2ccccc2Cl)c1-c1ccc(Cl)cc1,6.625805854797363,6.400054931640625,6.512930393218994
Cc1oc2ccc(OC(C)C)cc2c1S(=O)(=O)N1CCC(C)CC1,6.6745123863220215,6.703607082366943,6.689059734344482
COc1ccc(Nc2nccc(N=C3C(=O)C(=O)C3NC(C)C(C)(C)C)n2)c(OC)c1,5.3267927169799805,4.749302387237549,5.038047552108765
COc1ccc(OC)c(NC(=O)CN2CCN(c3ccc(OC)cc3C)CC2)c1,5.623447418212891,4.967844486236572,5.2956459522247314
CSc1nc(Cl)cc(N2CCN(C)CC2)n1,7.83643102645874,6.542716026306152,7.189573526382446
Cc1nc(C(=O)NCCCN2CCN(c3ccc(C(F)(F)F)cc3)CC2)c(-c2ccc(F)cc2)s1,5.476936340332031,5.946213245391846,5.7115747928619385
O=C(NCCCCN1CCN(c2cccc(Cl)c2Cl)CC1)c1cccc2c1-c1ncc[nH]1,,,
COc1ccc(CN2CCN(CCCCc3c[nH]c4ccc(OC)cc34)CC2)cc1OC,6.64297342300415,7.092385292053223,6.8676793575286865
COc1ccc2c(c1)CCC1CN(CCCCN1CCN(c3cc(C(F)(F)F)cc(C(F)(F)F)c3)CC1)C2,,,
COc1ccc(C(=O)NCCCCN2CCN(c3ccccc3OC)CC2)cc1,7.26118278503418,8.51743221282959,7.889307498931885
CCCN(CCCCN1CCN(c2noc3ccccc23)CC1)C1CCc2c(O)cccc2C1,7.750213623046875,8.79216480255127,8.271189212799072
CCNC(=O)NC1CCC(Nc2nc(Cl)cc(-c3c[nH]c4ncccc34)n2)CC1,7.679299831390381,7.403705596923828,7.5415027141571045
CC(=O)c1ccc(NCCCN2CCN(c3ccccn3)CC2)cc1,7.001834869384766,5.909080982208252,6.455457925796509
Cc1c(-c2ccnc(N3CCCC3)c2)sc2ncccc12,5.639870643615723,5.762002944946289,5.700936794281006
CCn1cc(C2=C(c3cn(C4CCN(Cc5ccccn5)CC4)c4ccccc34)C(=O)NC2=O)c2ccccc21,5.798173904418945,5.730104446411133,5.764139175415039
CCCN(CCN1CCN(c2ccc(Cl)cc2)CC1)C1CCc2c(O)cccc2C1,6.901605129241943,8.154075622558594,7.5278403759002686
NC(=O)Nc1ccc2c(c1)C(=O)C(=Cc1cc(CN3CCC(O)CC3)ccc1-2,,,
N#Cc1ccc2[nH]cc(CCCCN3CCN(c4ccc5[nH]c(O)cc5c4)CC3)c2c1,7.73012638092041,7.512820243835449,7.62147331237793
CC(C1CCCCC1)O)(C(=O)O)C1CCC2(C)C(NC(=O)CCc3ccc(F)cc3)CCC12,,,
COc1ccccc1N1CCN(Cc2ccc3c(c2)OCO3)CC1,7.149524211883545,6.548233985900879,6.848879098892212
COc1ccccc1N1CCN(CCC=Cc2ccc3c(N=S(C)(=O)O)cccc3n2)CC1,7.68330192565918,7.434476375579834,7.558889150619507
CC1CN(Cc2ccccc2)CCN1C(=O)CCc1ccc(N2CCCC2)cc1,5.735321044921875,6.1741156578063965,5.954718351364136
CCCN(CCC)C1CCc2c(ccc(O)c2O)C1,8.462950706481934,9.167142868041992,8.815046787261963
CCCN(CCN1CCN(c2ccc(-c3ccccc3)cc2)CC1)C1CCc2nc(N)sc2C1,7.020412921905518,8.557796478271484,7.789104700088501
Oc1[nH]cc2c(-c3ccc(Nc4nc5ccccc5o4)cc3)cccc12,7.770783424377441,5.749040603637695,6.759912014007568
O=C(NCCCCN1CCN(c2ccc(Cl)c(Cl)c2)CC1)c1cc2ccccc2cn1,5.957423210144043,8.27143669128418,7.114429950714111
NC(=O)c1cccc2nc(-c3ccncc3)[nH]c12,6.303142070770264,5.277707576751709,5.790424823760986
COc1ccccc1N1CCN(CCCCOc2ccc3c(c2)N(S(=O)(=O)c2ccc(OC)cc2)CC3)CC1,6.773208141326904,6.911428451538086,6.842318296432495
CN1CCN(C2=Nc3ccccc3Nc3ccccc32)CC1,6.322381496429443,6.445815086364746,6.384098291397095
COc1cc(OC)c2nc(C)c(CC3CCN(CCC4CCCCC4)CC3)c(=O)n2c1,6.176558494567871,6.839764595031738,6.508161544799805
COc1ccccc1N1CCN(CCCN=C2C(=O)N(C)C(=O)N(C)C2=O)CC1,5.481091976165772,6.042647838592529,5.76186990737915
CN1CCCC1Cn1nc(Cc2ccc(Cl)cc2)c2ccccc2c1=O,6.43051290512085,6.615733623504639,6.523123264312744
N#Cc1ccccc1-c1ccc(CCN2CCN(c3cccc(Cl)c3Cl)CC2)cc1,7.222774505615234,6.542140483856201,6.882457494735718
O=C1CC2(CCCC2)CC(=O)N1CCN1CCN(c2cc(I)cc(Cl)c2)CC1,7.319509029388428,8.655060768127441,7.987284898757935
O=C(Nc1cccc(CO)c1)c1nonc1NCCCN1CCN(c2ccccc2OCCF)CC1,7.054293155670166,6.224300384521484,6.639296770095825
CC(C)Oc1ccccc1N1CCN(C2CCC(NC(=O)Nc3c(F)cccc3F)CC2)CC1,8.131096839904785,7.931380271911621,8.031238555908203
COc1ccccc1N1CCN(CCCCNC(=O)CCc2c[nH]c3ccccc23)CC1,8.06141185760498,7.908167839050293,7.984789848327637
CC1CN(CCC(O)C2CCCCC2)CCN1c1ccc2ccccc2n1,6.038877964019775,6.470342636108398,6.254610300064087
Cn1cc(C2=C(c3cn(C4CCN(C5CCN(Cc6ccccc6)CC5)CC4)c4ccccc34)C(=O)NC2=O)c2ccccc21,5.927683353424072,5.875071048736572,5.901377201080322
COc1ccccc1N1CCN(CCCCNC(=O)C=Cc2ccccc2)CC1,7.524115562438965,8.93630599975586,8.230210781097412
Cc1cc(-c2nc(-c3ccc(C)cc3)no2)cc(C)c1OCCN1CCCCC1,5.43630838394165,6.650146484375,6.043227434158325
CCCCN(CCCC)C1CCc2c(O)cccc2C1,7.942216396331787,8.147453308105469,8.044834852218628
NC(C(=O)N1CCN(c2cccc(Cl)c2)CC1)c1ccccc1,5.796565532684326,6.390618324279785,6.093591928482056
Cc1ccccc1-c1csc2cc(CN3CC(C)OC(C)C3)ccc12,5.556918621063232,5.272477626800537,5.414698123931885
CCCCN1CCC(COC(=O)c2cc(Cl)cc(Cl)c2)(c2cccc(C)c2)CC1,6.700275897979736,6.433274745941162,6.566775321960449
CCc1cc2c(s1)CNC1CCc3cc(O)c(O)cc3C21,6.392610549926758,7.279773235321045,6.836191892623901
Oc1ccccc1N1CCN(CCCCc2c[nH]c3ccc(-n4cnnc4)cc23)CC1,8.346426963806152,7.60450267791748,7.975464820861816
O=C(NCc1ccccc1)NCC1CN(CCCC2CCCCC2)CCN1,4.531660556793213,6.121939659118652,5.326800107955933
CN1CCCC1Cn1nc(Cc2ccc(Cl)cc2)c2ccccc2c1=O,6.43051290512085,6.615733623504639,6.523123264312744
CN(Cc1ccc(Cl)cc1)C1CCN(CCC(=O)c2ccc3cccnc3c2)CC1,5.967347145080566,6.532020092010498,6.249683618545532
CC1CN(Cc2ccncc2)CCN1C(=O)Cc1ccc(-c2ccsc2)s1,5.398325443267822,5.3144707679748535,5.356398105621338
O=S(=O)(NCCN1CCC(c2noc3cc(F)ccc23)CC1)c1cccs1,8.01494312286377,7.700865268707275,7.8579041957855225
CN1CCN(C2CC(c3ccc(F)cc3)c3ccc(Cl)cc32)CC1(C)C,7.741881847381592,7.0761308670043945,7.409006357192993
COc1ccc2c(c1)CCc1ccccc1C2N1CCN(c2noc3ccccc23)CC1,5.788797378540039,6.810495376586914,6.299646377563477
O=C1c2ccccc2C(=O)N1CCCCN1CCN(c2cc(C(F)(F)F)ncn2)CC1,6.634779930114746,7.123703956604004,6.879241943359375
O=C1N(CCN2CCCCC2)C2CCCCC2N1c1ccccc1,7.651345729827881,7.05136775970459,7.351356744766235
Ic1cncc(CN2CCN(CCCc3ccccc3)CC2)c1,5.806785583496094,6.322360038757324,6.064572811126709
CC(=O)N1CCc2cc(S(=O)(=O)NCCCN3CCC(c4ccccc4Cl)(CCN(Cc4ccccc4)CC3)ccc21,,,
Oc1nc2cccc(N3CCCN(Cc4ccncc4)CC3)c2o1,6.966814041137695,5.52683687210083,6.246825456619263
COc1ccccc1N1CCN(CCCCNC(=O)c2cc3ccsc3s2)CC1,7.420812606811523,9.213981628417969,8.317397117614746
COc1ccccc1N1CCN(CCCCNC(=O)c2ccc3nc(-c4ccccc4)c(-c4ccccc4)nc3c2)CC1,6.398051261901856,8.039820671081543,7.218935966491699
CN1CC(C(=O)NC2(C)OC3(O)C4CCCN4C(=O)C(Cc4ccccc4)N3C2=O)CC2c3cccc4[nH]cc(c34)CC21,8.34367847442627,8.604534149169922,8.474106311798096
CN1CCc2cc(Cl)c(O)cc2C(c2ccccc2)C1,5.661478042602539,6.288370132446289,5.974924087524414
O=C(Nc1nc2ccccc2n1CCN1CCOCC1)c1cccc([N+](=O)[O-])c1,6.18302059173584,5.948719501495361,6.065870046615601
Oc1nc2ccccc2n1C1CCN(CCC2CCCCC2)CC1,6.268749237060547,7.193141937255859,6.730945587158203
O=C(NCC1CCC(CN2CCN(c3cccc(Cl)c3Cl)CC2)CC1)c1cc2cc(F)ccc2s1,6.45640230178833,7.859151840209961,7.1577770709991455
CC(C)Oc1ccccc1N1CCN(C2CCC(NC(=O)Nc3ccc(Cl)c(Cl)c3)CC2)CC1,7.73777961730957,8.44526195526123,8.0915207862854
CCN(CC)S(=O)(=O)c1ccc(C(=O)NCc2ccc(Cl)cc2)cc1,7.45446252822876,5.632419109344482,6.543440818786621
CN1CCCC1Cc1cnc(-c2ccc3c(c2)CCCN3C(=O)C2CCC2)[nH]1,5.730315685272217,6.840427398681641,6.285371541976929
Clc1ccccc1N1CCN(CCCCOc2ccc3ccc(OCCCN4CCCCC4)cc3c2)CC1,7.427678108215332,8.326565742492676,7.877121925354004
O=C1N(CCN2CCC(c3ccccc3)CC2)CN(c2ccc(Cl)c(Cl)c2)C12CCCC2,8.313780784606934,7.439173698425293,7.876477241516113
CN1CCN(c2nccc3cc4c(cc23)N(C(=O)CCCl)CC4)CC1,6.560189247131348,6.050830841064453,6.3055100440979
CN1CCc2cccc3c2C1Cc1ccc(O)c(O)c1-3,7.594958782196045,7.866140842437744,7.7305498123168945
CC(C)Oc1ccccc1N1CCN(CCCCNS(=O)(=O)c2cc(Cl)c(Cl)cc2Cl)CC1,7.880509376525879,8.31330394744873,8.096906661987305
COc1ccccc1N1CCN(Cc2ccc(CN3CCCCCC3=O)n2C)CC1,7.898245811462402,5.946862697601318,6.92255425453186
COc1ccccc1N1CCN(CCCSc2nc3ccccc3s2)CC1,7.6772141456604,8.496140480041504,8.086677312850952
O=C(CCCN1CCN(c2cccc(Cl)c2Cl)CC1)c1cc2cc3c(cc2[nH]1)OCO3,7.974920749664307,8.1597900390625,8.067355394363403
O=C(NCCCCN1CCN(c2cccc(Cl)c2Cl)CC1)c1c[nH]c2ccccc12,7.580685615539551,8.897761344909668,8.23922348022461
COc1c(O)ccc2c1C1=C(C(=Cc3cccc(OC(F)(F)F)c3)O2)C2C(C)=CC(C)(C)NC2C=C1,5.925774574279785,6.857463836669922,6.3916192054748535
CCCN(CCC1CCC(NS(=O)(=O)c2cccc(Cl)c2Cl)CC1)C1CCc2nc(N)sc2C1,7.779827117919922,9.277929306030272,8.528878211975098
O=C(NC1CCCC1)C1CCCN1C(=O)C1CC(O)CN1C(=O)CC(c1ccc(F)cc1)(c1ccc(F)cc1)c1ccc(F)cc1,6.7939653396606445,6.601548194885254,6.697756767272949
CC(=O)Nc1ccc2oc(C3CCN(C(=O)c4cccs4)CC3)nc2c1,5.541971683502197,4.205139636993408,4.873555660247803
COc1ccc(C2CCN(CCCOc3ccc4c(c3)CN(C(C)=O)CC4)CC2)cc1,5.9007978439331055,5.355970859527588,5.628384351730347
CCN(CC)CCCc1cc(C2CCc3c(Br)cccc32)n[nH]1,6.778125762939453,6.611623764038086,6.6948747634887695
CCCN(CCCCCCN(CCC)C1CCc2c(O)cccc2C1)C1CCc2c(O)cccc2C1,8.36458969116211,8.882087707519531,8.62333869934082
O=C(NCCC1CCN(C2CCCC2)CC1)C1CCCN1C(=O)CCc1c(Cl)cccc1Cl,7.21989107131958,7.777676105499268,7.498783588409424
O=C(NCCCCN1CCN(c2cccc(Cl)c2Cl)CC1)c1cc2ccccc2[nH]1,7.3425798416137695,9.33303451538086,8.337807178497314
CC(C)(C)OC(=O)NC(CCCCN1CCN(c2nsc3ccccc23)CC1)C(=O)NCC(=O)O,7.614738464355469,5.380296230316162,6.497517347335815
Cc1nc2ccccn2c1-c1csc(Nc2ccc(O)cc2)n1,6.56417179107666,5.047783851623535,5.805977821350098
Cn1cc(-c2ccncn2)c(-c2ccc(F)cc2)n1,5.23088264465332,5.168613910675049,5.199748277664185
COc1ccccc1N1CCN(CCCCNC(=O)c2ccc(Cl)s2)CC1,7.812740802764893,8.953018188476562,8.382879495620728
C=CCN1CCc2cc(O)cc3c2C1Cc1ccc(O)c(O)c1-3,8.741942405700684,8.360025405883789,8.550983905792236
CCN(CC)CCOc1ccc(Cn2c3ccccc3c3nc4ccccc4nc32)cc1,6.067840099334717,6.395096302032471,6.231468200683594
CCCN(CCN1CCN(c2nc3ccccc3o2)CC1)C1CCc2c(O)cccc2C1,7.275115013122559,8.695622444152832,7.985368728637695
CC1CCC(NC2CCN(CCCSc3nc4sccc4c4n3C)C2)CC1,,,
Cn1cc(-c2ccc3c(c2)CCN(CCCSc2nnc(-c4ccccc4)n2C)CC3)cn1,6.4302077293396,8.35073471069336,7.3904712200164795
COc1ccccc1N1CCN(CCCC(=O)c2ccccc2)CC1,8.449020385742188,7.786664009094238,8.117842197418213
O=C1CN(C2CCC(c3cc(F)cc(F)c3)CC2)C(=O)N1CCCN1CCN(c2ccccc2NCC2CC2)CC1,7.604950904846191,7.784005165100098,7.6944780349731445
O=C1CC2(CCCC2)CC(=O)N1CCCCN1CCN(c2cc(Cl)ccc2Cl)CC1,7.291249752044678,9.061108589172363,8.17617917060852
CCN1CCOC2c3cc(O)ccc3OCC21,6.984878063201904,7.0533366203308105,7.019107341766357
CCN1CCCC1CNS(=O)(=O)c1ccc(-c2ccccc2)cc1,6.959263801574707,7.977013111114502,7.4681384563446045
Oc1nc2ccccc2n1C1CCN(CCCCc2c[nH]c3ccc(F)cc23)CC1,7.577317237854004,7.576386451721191,7.576851844787598
CCCCCCN1C2CCC1CC(OC(c1ccc(F)cc1)c1ccc(F)cc1)C2,6.011786460876465,6.681248664855957,6.346517562866211
COc1cccc(CN2CCC3(CC2)CC(=O)N(CCN2CCN(c4ccccc4OC)CC2)Cc2ccccc23)c1,6.365260601043701,6.404210090637207,6.384735345840454
CCCN(CCc1ccco1)C1CCc2c(O)cccc2C1,8.183545112609863,8.513721466064453,8.348633289337158
Cc1cccc(Nc2ccc3c(c2)CCC(=O)N3C)c1N,7.612513065338135,5.3740949630737305,6.493304014205933
Clc1cccc(N2CCN(CCCCOc3ccc4scnc4c3)CC2)c1Cl,7.810328483581543,8.681700706481934,8.246014595031738
Cc1cc2nc(N3CCN(C(=O)c4ccco4)CC3)nn2cc1C,4.413567543029785,4.672622203826904,4.543094873428345
Cc1cccnc1N1CCN(CCCCNC(=O)c2cc3ccccc3n2C)CC1,6.281413555145264,7.675755500793457,6.97858452796936
Oc1ccccc1-c1nc(CCC2CCCN2)co1,5.159356594085693,7.266368865966797,6.212862730026245
Cc1cccc(-c2cc3c(NCCN)ccc(C(N)=O)c3[nH]2)c1,6.579231262207031,5.981999397277832,6.280615329742432
Oc1nc2c(O)ccc(C(O)CNCCSCCNCCc3ccccc3)c2s1,5.856473922729492,7.064076900482178,6.460275411605835
O=C(NC1CCC(CCN2CCN(c3cccc(Cl)c3Cl)CC2)CC1)C1CCCCC1,7.943788528442383,9.267481803894045,8.605635166168213
Oc1[nH]cc2ccc(OCCCCN3CCN(c4cccc5cc(F)ccc45)CC3)cc12,8.483375549316406,8.340852737426758,8.412114143371582
CN(C)CCOc1cccc(-c2ncnc3[nH]ccc23)c1,6.849788665771484,5.967246055603027,6.408517360687256
O=C(NCCCCN1CCN(c2cccc(Cl)c2Cl)CC1)c1ccc(-c2ccccc2)cc1,7.198726177215576,8.894172668457031,8.046449422836304
COc1ccccc1N1CCN(CCOc2ccc(C3=CCN(C)CC3)cc2OC)CC1,7.228269577026367,7.418559074401855,7.323414325714111
CCCN(CCN1CCN(c2ccccc2)CC1)C1CCc2nc(N)sc2C1,6.742559432983398,8.16044807434082,7.451503753662109
N#Cc1ccc(CN2CCC(NC(=O)C3CCCCC3)CC2)cc1,6.729302406311035,7.376962661743164,7.0531325340271
O=C1N(CCN2CCCCCC2)CCN1c1cccc(C(F)(F)F)c1,7.84260368347168,8.507375717163086,8.174989700317383
O=C1c2ccccc2C2(CCN(Cc3ccccc3)CC2)CN1CCc1ccccc1,6.143603324890137,6.20522403717041,6.174413681030273
CC(N2CCN(c3ccccc3O)CC2)C(=O)N1CCCC1,6.784115791320801,7.694728851318359,7.23942232131958
Cc1cc(-n2nc(C3CCN(C(=O)c4c(F)cccc4F)CC3)c3ccccc32)ccc1C(=O)O,5.902159214019775,5.352782249450684,5.6274707317352295
CN1CCN(CCCNc2cccc(-c3nc4c(C(N)=O)cccc4[nH]3)n2)CC1,5.615583896636963,6.412373065948486,6.013978481292725
CN1CCN(c2ccc(C(=O)Nc3ccc(-c4cccc(C(F)(F)F)c4)cc3)c(NC3CCC3)n2)CC1,6.509247779846191,6.300949573516846,6.4050986766815186
COc1cc(N2CCN(C(=O)c3ccc(OCCCN4CCN(c5cccc(Cl)c5Cl)CC4)cc3)CC2)cc2nc(C)nn12,5.9068379402160645,6.776208400726318,6.341523170471191
CC(C)Oc1ccccc1N1CCN(CCCCCCCCn2ncc(Cl)c(N3CCN(Cc4ccc(C(F)(F)F)cc4F)CC3)c2=O)CC1,7.783296585083008,7.574925422668457,7.679111003875732
CN1CCc2cc(Cl)c(O)cc2C2c3cccc(-c4ccncc4)c3CCC21,6.309151649475098,6.7218122482299805,6.515481948852539
CC1=NC2=CCCCN2C(=O)C1,6.173482418060303,5.779598712921143,5.976540565490723
Oc1ccc2c(c1)OC(c1ccccc1)CC2,8.002497673034668,6.434433937072754,7.218465805053711
COc1ccccc1N1CCN(CCc2ccc3c(c2)OCC(=O)N3CCCCCN2C(=O)CC2CCCCC2)CC1,,,
COc1cccc(N2CCN(CCCCNC(=O)C=Cc3ccc(O)c(OC)c3)CC2)c1OC,7.621093273162842,8.578922271728516,8.100007772445679
CN1CCN(C2Cn3cccc3Sc3ccc(Br)cc32)CC1,8.921730041503906,8.506511688232422,8.714120864868164
CN(C)CCCN1c2ccccc2CCc2ccc(Cl)cc21,6.9997735023498535,6.859379291534424,6.929576396942139
CN1CCc2ccccc2Cc2cc(O)c(Cl)cc2CC1,7.460098743438721,7.182219982147217,7.321159362792969
O=C1N(CCN2CCCCC2)CCN1c1cccc(Cl)c1,8.017598152160645,7.75933027267456,7.8884642124176025
N#Cc1ccc(CCCCOCCCCCNCC(O)c2ccc(Cl)cc2)cc1,5.74164628982544,6.339571475982666,6.040608882904053
COc1ccccc1N1CCN(CCCCNC(=O)C=Cc2ccc(OC)c([N+](=O)[O-])c2)CC1,7.309707641601562,8.495855331420898,7.9027814865112305
O=C1CC2(CCCC2)CC(=O)N1CCCCN1CCN(c2cccc(Cl)c2)CC1,6.888859272003174,8.816434860229492,7.852647066116333
CCCN(CCN1CCN(c2cccc(Cl)c2)CC1)C1CCc2nc(N)sc2C1,6.959209442138672,8.599732398986816,7.779470920562744
COc1ccc(CCNC(=O)C2CCC(CNS(=O)(=O)c3cccc4cccnc34)CC2)cc1,7.277404308319092,7.040129661560059,7.158766984939575
Cc1cc(C)c2c(N)c(C(N)=O)sc2n1,7.137153148651123,4.801919460296631,5.969536304473877
CCCN(CCN1CCN(c2cccc(Cl)c2)CC1)C1CCc2nc(N)sc2C1,6.959209442138672,8.599725723266602,7.779467582702637
Oc1nc2ccccc2n1C1CCN(C2CCOCC2)CC1,5.433273792266846,5.060983180999756,5.247128486633301
CC(N)C1CCC(C(=O)Nc2ccncc2)CC1,4.979025363922119,6.633878707885742,5.806452035903931
CCCN(CCC)C1CCc2ccc3[nH]c(O)cc3c2C1,7.509315013885498,7.736579895019531,7.622947454452515
COc1cccc(C(=O)NCCN2CCN(c3nsc4ccccc34)CC2)c1,6.896204471588135,6.971738815307617,6.933971643447876
Oc1[nH]cc2[nH]cc(CCCN3CC=C(c4ccccc4)CC3)c12,8.190717697143555,8.074679374694824,8.13269853591919
COc1ccccc1N1CCN(CCCCc2cn(-c3ccc(F)cc3)c3ccc(Cl)cc23)CC1,8.151155471801758,7.3074846267700195,7.729320049285889
CN1CCN(C2Cc3ccccc3Sc3ccc(-c4nnn(C5CCN(Cc6ccccc6)CC5)n4)cc32)CC1,7.636470794677734,6.798415184020996,7.217442989349365
O=C(NCCCCN1CCN(c2cc(-c3ccco3)ncn2)CC1)c1cc2ccccc2[nH]1,6.246848583221436,7.578794479370117,6.912821531295776
COc1ccccc1N1CCN(CCCCNC(=O)c2cc3ccccc3o2)CC1,7.030130386352539,8.543241500854492,7.786685943603516
CN(C)CCn1ccc2ccc(N3CCCC3)cc21,6.189164638519287,5.994865894317627,6.092015266418457
O=C(c1ccc(N2CCN(C3CCCC3)CC2)cc1)c1c(-c2ccc(O)cc2)sc2cc(O)ccc12,6.141301155090332,6.560113906860352,6.350707530975342
O=C(CCCN1CCC2C(C1)c1cccc3c1N2CCN3)c1ccc(Cl)cc1,7.579000473022461,6.811833381652832,7.1954169273376465
COc1cnc(CNC2C3C4CC5C6C4CC3C6C52)c(OC)c1,4.850367546081543,5.563933372497559,5.207150459289551
COc1ccccc1N1CCN(CCCCNC(=O)c2cccn3nc(O)ccc23)CC1,,,
CC1CN(CCCc2c[nH]c3ccc(-n4cnnc4)cc23)CCN1C(=O)c1ccc2ccccc2c1,6.683472633361816,6.414266586303711,6.548869609832764
CC(NCC1CC=C(c2ccccc2)CC1)c1cc2c(cc1F)NC(=O)CO2,6.930239200592041,6.544288635253906,6.737263917922974
N#Cc1ccccc1COCCCCCN1CCN(c2nsc3ccccc23)CC1,7.368549346923828,7.471357345581055,7.419953346252441
O=C(NCCCCN1CCN(c2cccc(Cl)c2Cl)CC1)c1cc2ccccc2[nH]1,7.3425798416137695,9.33303451538086,8.337807178497314
CC1=NC23CCCC2C(=O)C1N(C(=O)CC1CCCNC1)CC3,6.941267013549805,6.630083560943604,6.785675287246704
OC1(c2ccc(Cl)cc2)CC2CCC(C1)N2Cc1coc2ccccc12,7.902397632598877,8.243313789367676,8.072855710983276
O=C(NCCCCCCNC(=O)Nc1cccnc1)Nc1cccnc1,7.385298728942871,6.642902851104736,7.014100790023804
COc1cccc(C(=O)NCCCCN2CCN(c3cccc(Cl)c3Cl)CC2)c1,7.145890235900879,9.06395435333252,8.1049222946167
N#Cc1cccc(-c2nccc(NCCCN3CCN(c4nsc5ccccc45)CC3)n2)c1,7.068752765655518,7.0362935066223145,7.052523136138916
COc1ccccc1N1CCN(CCCCNC(=O)NC2CCCCC2)CC1,7.820174217224121,8.822836875915527,8.321505546569824
CCCN(CCC1CCC(NS(=O)(=O)c2ccc3c(Cl)c[nH]c3c2)CC1)C1CCc2n[nH]c(C(=O)NC)c2C1,7.678007125854492,8.772238731384277,8.225122928619385
COc1ccccc1N1CCN(CCCCNC(=O)c2ccc3ccccc3c2)CC1,7.298825263977051,8.823209762573242,8.061017513275146
O=C1N(CCN2CCCC2)CCN1c1cccc(Cl)c1,7.635796070098877,8.113004684448242,7.87440037727356
Cc1ccc2c(-c3nnc(SCCCN4CCc5cc6nc(C(F)(F)F)oc6cc5CC4)n3C)cccc2n1,6.249937057495117,7.831142425537109,7.040539741516113
Cc1ccc2c(c1)C1(CCN(CC3CCCO3)CC1)OC2C(O)c1ccc(N=S(C)(=O)O)c(F)c1,6.568561553955078,6.466061592102051,6.5173115730285645
CC(C)C1(NC(=O)C2CCCN2C(=O)Cc2ccc(Cl)c(Cl)c2)CCN2C1,,,
N#Cc1ccc(C(=O)NC2CCC3(O)C4Cc5ccc(O)c6c5C3(CCN4CC3CC3)C2O6)cc1,8.04193115234375,8.881280899047852,8.4616060256958
O=C1c2ccccc2C(=O)N1CCCCCN1CCC(n2c(=O)oc3ccccc32)CC1,6.908569812774658,6.601775169372559,6.755172491073608
Cc1c(C)c(C)c([N+](=O)[O-])c(O)c1N1CCN(c2ncccn2)CC1,6.169107913970947,6.153050899505615,6.161079406738281
CN1CCC(C(=O)n2nc(N)c3cc(-c4cn(Cc5ccccc5)nn4)ccc32)CC1,6.000656127929688,5.532256126403809,5.766456127166748
O=C1N(CCCCN2Cc3ccccc3S2(=O)=O)CCN1c1cccc(C(F)(F)F)c1,7.19663667678833,7.989124298095703,7.592880487442017
CN(c1ncccc1CNc1nc(Nc2ccc3[nH]c(O)cc3c2)ncc1C(F)(F)F)S(C)(=O)=O,7.283887386322021,6.286333560943604,6.7851104736328125
CCCCc1cccnc1N1CCN(CCCc2cnn(C)c2)CC1,6.922770977020264,6.507007598876953,6.714889287948608
CCN(CC)C(=O)NC1CC2=C(Cc3c[nH]c4cccc2c34)N(C)C1,8.485445976257324,8.415810585021973,8.450628280639648
N#Cc1ccc2c(-c3ccc(F)cc3)c(C3CCN(CC4CCC4)CC3)nn2c1,6.500080585479736,6.7826690673828125,6.641374826431274
CN(C)CC=CC(=O)Nc1cccc(Cl)c1,5.606334686279297,6.917263031005859,6.261798858642578
COc1ccc(-c2ccc(S(=O)(=O)Nc3ccc(O)cc3)cc2)c2ccccc12,7.032064437866211,6.271871566772461,6.651968002319336
Cc1cc(-c2ccnc3c2CC(C(=O)NCc2ccc(C(F)(F)F)cc2)O3)ccn1,5.707895278930664,5.404062747955322,5.555979013442993
Cc1ccc(N2CCN(CCCC(=O)N3CC(C(=O)O)CC3C)CC2)c(C)c1,6.501770496368408,6.624836921691895,6.563303709030151
COc1ccc(C(=O)NCCCCN2CCN(c3nsc4ccccc34)CC2)cc1,7.401765823364258,8.482868194580078,7.942317008972168
Cc1c(Cl)ccc2c1N1CCN(CCn3c(=O)[nH]c4cccnc4c3=O)CC1C2,6.902621746063232,7.428844928741455,7.165733337402344
O=S(=O)(NCCCCN1CCC(c2noc3cc(F)ccc23)CC1)c1cc2ccc(Cl)cc2s1,7.904119491577148,8.152727127075195,8.028423309326172
O=C(NCC1CCCCN1C(=O)CCCc1c[nH]c2ccccc12)c1ccc2nccnc2c1,6.827025890350342,6.575602054595947,6.7013139724731445
COc1ccc2[nH]c(C(=O)O)c(NCc3cccc(Cl)c3)c2c1,7.389087677001953,5.702404975891113,6.545746326446533
COc1ccccc1N1CCN(CCCCNC(=O)C=Cc2cccc3c2CCN(C)C3)CC1,6.942941665649414,8.621414184570312,7.782177925109863
CCn1c(-c2ccc(I)cc2)ccc(CCC(=O)N2CCN(c3cccc(Cl)c3Cl)CC2)c1=O,7.076211452484131,6.831544876098633,6.953878164291382
O=S(=O)(NC1CCC(CCN2CCN(c3cccc(Cl)c3Cl)CC2)CC1)c1ccc2c(c1)OCCO2,7.599879741668701,8.721830368041992,8.160855054855347
CCc1ccccc1OCC(=O)Nc1ccc(-c2nc3cc(C)c(F)cc3[nH]2)cc1,6.210872173309326,5.257933139801025,5.734402656555176
O=S(=O)(c1ccccc1F)c1cn(C2CCN(CCC3=CCCCC3)CC2)c2ncccc12,6.82377290725708,6.152705192565918,6.488239049911499
CCN(CC(=NOC)C(CCN1CCC(n2c(O)nc3ccccc32)CC1)c1ccc(Cl)c(Cl)c1)C(=O)c1ccccc1,6.7812042236328125,5.85642147064209,6.318812847137451
COc1ccccc1N1CCN(CCCCCOc2cc(-c3cccc(F)c3)ncn2)CC1,7.469880104064941,7.689882278442383,7.579881191253662
CCN1CCCC1CNC(=O)c1c(OC)ccc(Br)c1OC,6.901225090026856,8.275629043579102,7.5884270668029785
COc1ccccc1C(=O)NCCCCN1CCC(c2noc3cc(F)ccc23)CC1,6.946753978729248,7.525132179260254,7.235943078994751
Oc1cc(N2CCN(CCC3CCN(Cc4cn[nH]c4)CC3)CC2)ccc1Cl,6.347450733184815,7.157220840454102,6.752335786819458
CC1CN(C(=O)c2ccc(N3CCOCC3)cc2)CCN1C(C)c1ccc2c(c1)OCO2,5.395278453826904,5.5286946296691895,5.461986541748047
CCOc1ccccc1N1CCN(CCCCNC(=O)N2Cc3ccccc3CC2C(C)N)CC1,6.9781646728515625,7.750816822052002,7.364490747451782
COc1cc2cnccc2cc1C(=O)NCCCCN1CCN(c2ccccc2C#N)CC1,6.722226142883301,7.808918476104736,7.2655723094940186
Cc1cc(N2CCN(CC(O)COC(C)C)CC2)n2nc(-c3ccc(Cl)c(Cl)c3)cc2n1,6.0454936027526855,6.685751438140869,6.365622520446777
N#Cc1ccccc1N1CCN(CCCNC(=O)c2cccs2)CC1,6.8439154624938965,6.829629898071289,6.836772680282593
CCN(CC)Cc1c(N2CCN(c3ccccc3C)CC2)[nH]c2ccccc12,6.489243030548096,6.133422374725342,6.311332702636719
CN(C)CCCOCCOC1CC2c3ccc(O)cc3Oc3ccc(O)cc3C2O1,6.352640628814697,7.184630870819092,6.7686357498168945
COc1ccccc1N1CCN(CCCCC(NC(=O)c2cc[nH]n2)c2ccc3ccccc3c2)CC1,7.268674850463867,7.247255325317383,7.257965087890625
Clc1cccc(N2CCN(CCCNC(=O)c3coc4ccc(Cl)cc34)CC2)c1Cl,6.77087926864624,7.642200469970703,7.206539869308472
O=C(CCCN1CCN(c2cccc3cc(F)ccc23)CC1)c1ccc(F)cc1,8.489118576049805,7.755373001098633,8.122245788574219
COc1ccc2c(c1)C(=O)N(CCCCN1CCN(c3ccccc3OC)CC1)C(=O)C2=O,6.620173931121826,7.161922931671143,6.891048431396484
O=S(=O)(NC1CCC(CCN2CCC(c3noc4cc(F)ccc34)CC2)CC1)c1cc2ccccc2s1,7.556867599487305,8.387067794799805,7.971967697143555
O=C(NCCCCN1CCN(c2cccc(Cl)c2Cl)CC1)c1cc2ccccc2[nH]1,7.3425798416137695,9.33303451538086,8.337807178497314
Cc1ccc2c(N3CCN(CCc4cccc(N=S(C)(=O)O)c4)CC3)cccc2n1,7.124066352844238,7.066009998321533,7.095038175582886
Fc1ccc2c(c1)CCN(CCCOc1ccc3[nH]c(-c4ccc5n[nH]cc5c4)nc3c1)C2,7.406126976013184,7.765100479125977,7.58561372756958
O=C1CSC(c2ccccc2)N1CCCCCN1CCN(c2nsc3ccccc23)CC1,6.866249561309815,7.207509040832519,7.036879301071167
COc1cc(F)ccc1N1CCN(Cc2csc(NC(=O)c3csc4ccccc34)n2)CC1,6.556867599487305,5.707636833190918,6.132252216339111
COc1cc2c(cc1OC)CCN(Cc1ccc(OC)c3oc(-c4ccccc4C(F)(F)F)nc13)C2,4.999855995178223,5.999792098999023,5.499824047088623
COc1ccc(C(=O)NCC2CCC(C(N)=O)CC2)cc1OC,6.392888069152832,6.215845584869385,6.304366827011108
COc1ccccc1N1CCN(CCCCSc2nc3sccc3c(=O)n2N)CC1,7.88375186920166,8.366189956665039,8.12497091293335
CCCN(C)C1CCc2c(c3ccccc3n2C)C1,6.50540018081665,7.068742275238037,6.787071228027344
CC(N)Cn1ncc2ccc(O)c(Cl)c21,6.830812931060791,5.629408359527588,6.2301106452941895
COc1ccc(S(=O)(=O)NC2CCN(S(=O)(=O)c3cccc4cc(F)ccc34)CC2)cc1,7.094878196716309,6.557953357696533,6.826415777206421
N#Cc1cc2cc(Cl)cc(OCCCCN3CCN(c4cccc(Cl)c4Cl)CC3)c2[nH]1,8.219193458557129,8.422833442687988,8.321013450622559
COc1ccccc1N1CCN(CCCCNC(=O)C=Cc2ccc3c(c2)Cc2ccc(OC)cc2S3)CC1,7.251646041870117,8.530376434326172,7.8910112380981445
CC(C)(C)OC(=O)NCC1CCC(NC(=O)c2cc(F)cc(Br)c2)CC1,7.439092636108398,7.9938459396362305,7.7164692878723145
CN1CC=CC(c2nsnc2SCCCN2CCN(c3ccc(Cl)cc3Cl)CC2)C1,7.46131706237793,7.491348266601562,7.476332664489746
O=C1N(CCN2CCC(COc3ccccc3F)CC2)CCN1c1cccc2cc(F)ccc12,7.045934200286865,7.1405348777771,7.093234539031982
Cn1cc(C2=C(c3cn(CCC#N)c4ccccc34)C(=O)NC2=O)c2ccccc21,5.374820709228516,5.086381912231445,5.2306013107299805
O=C1NN(Cc2ccccc2)C(=O)CC1C=Nc1cccc2ncccc12,6.372537612915039,5.4210638999938965,5.896800756454468
COc1ccccc1N1CCN(CCCCNC(=O)c2ccc(OCCOCCOCCOCCOc3cccc(C(=O)NCCCN4CCN(c5ccccc5OC)CC4)c3)cc2)CC1,7.371979236602783,8.110152244567871,7.741065740585327
OC1(c2ccc(Cl)c(Cl)c2)CC2CCC(C1)N2Cc1coc2ccc(F)cc12,8.001953125,8.78190803527832,8.39193058013916
CCCN(CCN1CCN(c2ccnc3cc(Cl)ccc23)CC1)C1CCc2ccc(O)cc2C1,7.561002731323242,8.841906547546387,8.201454639434814
Oc1nc(C2CCCN2)nc(-c2ccccc2Cl)n1,6.77264928817749,6.409130096435547,6.5908896923065186
CC1(C)CC(N=C(O)c2nccc3c(N)cccc23)CC(C)(C)N1,5.918903350830078,5.875694751739502,5.89729905128479
C#Cc1cccc(Nc2ccc3c(c2)CCC(=O)N3CCN2CCN(c3ccccc3OC)CC2)c1,7.69589900970459,6.687696933746338,7.191797971725464
Fc1ccc(-c2nc(-c3ccccn3)c(-c3ccc4[nH]ccc4c3)n2CCCCN2CCCCC2)cc1,6.401516437530518,7.281886577606201,6.841701507568359
Cc1cccc(N2CCN(CCCc3c[nH]c4ccc(-n5cnnc5)cc34)CC2)c1C,7.417928695678711,6.410204887390137,6.914066791534424
CCCCN1CCc2cc(O)cc3c2C1Cc1ccc(O)c(O)c1-3,8.511819839477539,8.972187042236328,8.742003440856934
O=C1COc2ccccc2N1CCC(=O)N1CCC(n2c(O)nc3ccccc32)CC1,7.104106903076172,5.304533958435059,6.204320430755615
CCCN(CC1CC1)c1ccc(S(=O)(=O)NC2CCCC2)cc1,7.666839122772217,8.057951927185059,7.862395524978638
Cc1c(-c2ccccc2)oc2c(C(=O)NCCCN3CCN(c4cccc(Cl)c4Cl)CC3)cccc2c1=O,6.165493488311768,6.986560821533203,6.576027154922485
COc1ccccc1N1CCN(CC(O)COc2cccc3ccccc23)CC1,6.526529788970947,7.034311771392822,6.780420780181885
O=C(Nc1cccc(C(F)(F)F)c1)NC1CCN(CCCC(O)c2ccc(F)cc2)CC1,7.178667068481445,7.533515930175781,7.356091499328613
CN(C(=O)C1CCCCC1)C1CCC(CCN2CCN(c3cccc(C(F)(F)F)c3)CC2)(c2ccccc2)CC1,6.897876739501953,7.392959117889404,7.145417928695679
Oc1[nH]cc2cc(F)c(OCCCCN3CCN(c4cccc5cc(F)ccc45)CC3)cc12,8.385160446166992,8.238308906555176,8.311734676361084
CC(C)(C)c1csc(CN2CCN(CC(=O)N3c4ccccc4CC3C)CC2)n1,6.031215190887451,6.680850505828857,6.356032848358154
Cc1cccc(C2CC2CN)c1C,6.3040032386779785,6.701350688934326,6.502676963806152
COc1ccc(Br)cc1S(=O)(=O)NC1CCC(N2CCN(c3cccc(Cl)c3)CC2)CC1,6.742581367492676,8.057657241821289,7.400119304656982
CCCN(CCC)C1CCc2c(O)cccc2C1,8.197704315185547,8.453038215637207,8.325371265411377
Clc1cccc(N2CCN(CCCCc3c[nH]c4ncccc34)CC2)c1Cl,8.0184907913208,7.956223487854004,7.987357139587402
CCCN(CCC)C1CCc2c(c3cc(C#N)ccc3n2CC=CCCN2CCC(c3c[nH]c4ccc(OC)cc34)CC2)C1,6.775938034057617,6.6733479499816895,6.724642992019653
Cc1ccc2nc(O)n(CCCN3CCN(c4cccc(Cl)c4Cl)CC3)c2c1,7.211367607116699,7.043545246124268,7.127456426620483
O=C(NCc1ccccn1)C1CCC(CNc2nc3c(s2)CCCc2ccc(F)cc2-3)CC1,6.147237300872803,5.932724952697754,6.039981126785278
NC(=O)Nc1cccc(CN2CCN(c3cccc4nc(-c5ccc(Cl)cc5)[nH]c34)CC2)c1,7.302382469177246,6.470593929290772,6.886488199234009
CCOCCn1c(=O)nc2n(CCN3CCC(N4C(=O)N(C5CCOCC5)CC4c4ccccc4)CC3)c3ccccc321,,,
COc1ccccc1N1CCN(CCCCc2ccc3c(c2)sc(=O)n3CCN2CCOCC2)CC1,7.531579494476318,7.697595119476318,7.614587306976318
Fc1ccc(-c2nc(CN3CCN(c4ccccc4)CC3)c3ncccc3n2)cc1,5.069003105163574,6.048746585845947,5.558874845504761
CSc1ccc(C2=CCN(CCCSc3nc(-c4ccc5c(c4)OCO5)cs3)CC2)cc1,6.3087663650512695,8.460555076599121,7.384660720825195
Cc1ccc2c(N3CCN(CCc4cccc5c4CCC(=O)N5C)CC3)cc(F)cc2n1,7.348331451416016,6.898446083068848,7.123388767242432
COc1cc2cc(C(N)=O)c(Cl)cc2cc1C(N)=O,6.660904884338379,5.799646377563477,6.230275630950928
O=C(NC1CCc2cc(CCN3CCN(c4nsc5ccccc45)CC3)ccc21)c1ccccc1,7.147405624389648,6.500389099121094,6.823897361755371
COc1ccccc1N1CCN(CCn2c(=O)[nH]c3c(sc4ccc(NC(=O)Cc5ccc6ccccc6c5)cc43)c2=O)CC1,7.311655044555664,6.312690258026123,6.8121726512908936
O=C(Nc1ccccc1Cl)c1ccc(N2CCN(CCOc3cccc4nc(O)ccc34)CC2)c(F)c1,7.54226016998291,6.869078159332275,7.205669164657593
CCC(C)N1CCCN(Cc2cccc(-c3cc(C)cc(C)c3)n2)CC1,5.671377658843994,5.878468036651611,5.774922847747803
O=C1CC2(CCCC2)CC(=O)N1CCCCN1CCN(c2nsc3ccccc23)CC1,7.483761787414551,8.605361938476562,8.044561862945557
O=C(NCCCCN1CCN(c2ccccc2OCCF)CC1)c1cc2ccccc2[nH]1,7.628671169281006,9.173263549804688,8.400967359542847
CCCN1CCCC2Cc3n[nH]cc3CC21,7.44367504119873,7.752799034118652,7.598237037658691
Cc1cc(-c2ccc3c(c2)CCN(CCCSc2nnc(-c4ocnc4C)n2C)CC3)no1,5.917280197143555,7.794005393981934,6.855642795562744
O=S(=O)(NCCCCN1CCN(c2nsc3ccccc23)CC1)c1cc2ccccc2s1,8.028115272521973,8.62391185760498,8.326013565063477
COc1ccc2[nH]c3c(N4CCN(C(=O)c5ccco5)CC4)cccc3c2c1,6.514005661010742,5.614483833312988,6.064244747161865
O=S(=O)(c1cccc2ccccc12)N(CC1CC1)CC1CC1,6.535260677337647,7.416153430938721,6.975707054138184
COc1ccc(CN2CCC3(CC2)CN(C(=O)c2ccc(C#N)cc2)CC3)cc1,5.179200649261475,5.783961296081543,5.481580972671509
O=C1NCCN1CCN1CCC(c2cn(-c3ccc(F)cc3)c3ccc(Cl)cc23)CC1,7.742377758026123,6.387310028076172,7.0648438930511475
Fc1ccc(-c2ccc3c(-c4cc[nH]n4)c[nH]c3c2)cc1,7.400818824768066,6.686191558837891,7.0435051918029785
OC1(c2ccc(Br)cc2)CCN(C(c2ccc(F)cc2)c2ccc(F)cc2)CC1,7.945536136627197,7.227756500244141,7.586646318435669
COc1cccc(OC)c1CNc1nc(NC2CCCCC2)nc2ccc(Cl)cc12,7.932417869567871,5.6795196533203125,6.805968761444092
NC(=O)C1CCN(CC(O)COc2cccc3[nH]c4ccccc4c23)CC1,6.049863338470459,6.285982608795166,6.1679229736328125
O=C1CC2(CCCC2)CC(=O)N1CCCCN1CCN(c2nsc3ccccc23)CC1,7.483761787414551,8.605361938476562,8.044561862945557
CCCN1CCc2cccc3c2C1Cc1ccc(O)c(O)c1-3,8.10791015625,8.435409545898438,8.271659851074219
Fc1ccc2c(-c3nnc(SCCCN4CCc5cc6nc(-c7cc(F)ccc7)oc6cc5CC4)n3CCCN4CCN(c5ccccc5)CC4)n3CC2)cc1,,,
COc1cccc(OC)c1CNc1nc(C)nc2[nH]cnc12,7.038289546966553,5.178511619567871,6.108400583267212
Oc1cc2c(OCCNCc3ccccc3)ccc(Cl)c2[nH]1,8.818074226379395,7.795685768127441,8.306879997253418
CCCN1CCc2cc(OC)c(OC)cc2C1Cc1ccc(O)cc1,6.030594348907471,7.01305103302002,6.521822690963745
O=C(NCCCCN1CCN(c2ccccc2OCCF)CC1)c1cc2ccccc2cn1,7.126689910888672,8.735501289367676,7.931095600128174
COc1ccccc1N1CCN(CC(O)CNC(=O)c2ccc3c(c2)N(C)C(=O)CO3)CC1,6.464527130126953,6.478626251220703,6.471576690673828
COc1ccc(CN2CCN(CCCc3ccc4c(c3)sc3cc(O)ncc34)CC2)cc1,6.713932991027832,6.755276679992676,6.734604835510254
O=C1COc2cc(CCN3CCN(c4cccc5cc(F)ccc45)CC3)ccc2N1,8.197608947753906,7.0218353271484375,7.609722137451172
COc1cccc(N2CCN(CCCC(=O)c3ccc(F)cc3)CC2)c1,7.601412773132324,7.340020179748535,7.47071647644043
CCNCc1ccccc1OCC(O)CNC1CCN(c2cccc(C)c2C)CC1,6.163812160491943,5.746667861938477,5.95524001121521
Clc1cc2c(cc1N1CCNCC1)OCCO2,5.804530143737793,4.9221720695495605,5.363351106643677
CCN(CC)C(=O)NC1CC2=C(Cc3c[nH]c4cccc2c34)N(C)C1,8.485456466674805,8.415810585021973,8.450633525848389
COc1ccccc1N1CCN(CCCCNC(=O)c2cccc(-n3c(O)ccc3O)c2)CC1,7.326998233795166,8.807294845581055,8.06714653968811
O=C1N(CCN2CCC(C(F)(F)F)CC2)CCN1c1cccc(I)c1,7.635980129241943,8.693582534790039,8.164781332015991
Cc1ccc2[nH]c(C(C#N)=Cc3ccc(OCCCN4CCN(c5cccc(Cl)c5)CC4)cc3)nc2c1,5.970254898071289,6.548489093780518,6.259371995925903
NC(=O)c1ccccc1Nc1cc(OCCO)c2cccnc2c1O,6.4313788414001465,5.894596576690674,6.16298770904541
CN(C)CCc1c(C(C)(C)C)c[nH]c1=NC(=O)C1CCCN1C(=O)C(Cc1ccccc1)NC(=O)OCc1cncs1,,,
CCCN(CCc1c[nH]cn1)C1CCc2ccc(O)cc2C1,7.720831871032715,7.978555679321289,7.849693775177002
CCCCCOc1cc(N2CCN(C(=O)C3COc4ccccc4O3)CC2)ccc1N(C)C(=O)C(C)(C)c1cc(C(F)(F)F)cc(C(F)(F)F)c1,5.457797527313232,6.804774284362793,6.131285905838013
O=C1CCc2ccc(OCCCCN3CCN(c4cccc(Cl)c4Cl)CC3)nc2N1,8.820858001708984,7.946710586547852,8.383784294128418
CCCN(CCC)C1CCc2nc(N)sc2C1,6.720566272735596,8.426815032958984,7.57369065284729
O=C(NCc1ccccc1)N1CCc2nc(NC3CCC(O)CC3)ccc2C1,7.1982526779174805,5.636481285095215,6.417366981506348
CCCN(CCN1CCN(c2ccccn2)CC1)C1CCc2c(O)cccc2C1,7.238893032073975,8.168451309204102,7.703672170639038
CCC1CN2CCc3cc(OC)c(OC)cc3C2CC1CC1NCCc2cc(OC)c(OC)cc21,5.677109718322754,6.7533793449401855,6.21524453163147
O=C(NCCN1CCN(C2CCCc3ccccc32)CC1)c1cc2ccc(F)cc2[nH]1,6.134994983673096,6.990095138549805,6.56254506111145
CCCN(CCN1CCN(c2ccc(-c3ccccc3)cc2)CC1)C1CCc2ccc(O)cc2C1,7.323070049285889,8.556982040405273,7.940026044845581
O=C1NCCN1CCN1CCC(c2cn(-c3ccc(F)cc3)c3ccc(Cl)cc23)CC1,7.742376327514648,6.387310028076172,7.06484317779541
COc1cc2nc(N3CCN(C(=O)C4CCCO4)CC3)nc(N)c2cc1OC,5.79357385635376,4.641585350036621,5.21757960319519
Oc1cc2c(OCCNCc3ccsc3)ccc(Cl)c2[nH]1,9.172744750976562,7.830963134765625,8.501853942871094
O=C(NC1CCc2cc(CCN3CCN(c4nsc5ccccc45)CC3)ccc21)c1ccco1,6.922179698944092,6.4791035652160645,6.700641632080078
Oc1[nH]cc2ccc(OCCCN3CCN(c4cccc5cccc(F)c45)CC3)cc12,8.2858247756958,7.846155166625977,8.065989971160889
Fc1ccccc1CN1CCN(c2ncc(Cl)cc2Cl)CC1,5.710777759552002,5.932408332824707,5.8215930461883545
COc1ccccc1N1CCN(CCC=C2CCC(N3C(=O)CCc4ccccc43)CC2)CC1,7.650580406188965,6.98897647857666,7.3197784423828125
CCCN(CCC)C1CCc2cc3[nH]c(S(=O)(=O)N4CCCC4)cc3cc2C1,6.2816691398620605,6.581169605255127,6.431419372558594
COc1cc(OC)c(OC)cc1CNC1CCC(N2CCN(c3ccccc3OC)CC2)CC1,6.277659893035889,7.301429748535156,6.7895448207855225
COc1cccc(C=CCN2CCC(N3CCN(c4ccccc4OC)CC3)CC2)c1,5.751954555511475,5.993809223175049,5.872881889343262
Oc1ccc2c(c1)OC(CNCC1CCC(c3ccccc3)CC1)CC2,7.9401774406433105,8.268875122070312,8.104526281356812
COc1ccccc1N1CCN(CCCCCC(=O)NC2CCC3(O)Cc4ccccc4C3O2)CC1,6.691882610321045,6.579724788665772,6.635803699493408
CCOCCCNC(=O)c1cccc(CN2CCN(C(=O)c3ccccc3-c3ccccc3)CC2)c1,5.911795616149902,6.72935962677002,6.320577621459961
Oc1nc2cc(CN3CCOCC3)ccc2[nH]1,6.218762874603272,5.271868705749512,5.745315790176392
O=C(NC1CCc2cc(CCN3CCN(c4nsc5ccccc45)CC3)ccc21)C1CC1,7.219380378723144,6.914272308349609,7.066826343536377
O=C(NN=Cc1cccc(F)c1)C(O)N1CCCCCC1,4.625083923339844,5.7086615562438965,5.16687273979187
CCCN1CCCC1CN=C(O)c1cc(S(=O)(=O)N2CCCC2C(N)=O)ccc1OC,6.641876220703125,6.3740997314453125,6.507987976074219
CCCN(C)CCn1nc(CCCOc2ccccc2)c2ccccc2c1=O,6.564272403717041,7.118735313415527,6.841503858566284
O=S(=O)(c1ccccc1I)N1CCC(CN2CCC(N3C(=O)CCc4ccccc43)CC2)CC1,6.853106021881104,6.682787895202637,6.76794695854187
CN(C)c1ccc(CCCCN2CCN(c3cccc4nc(C(F)(F)F)sc34)CC2)cc1,7.63387393951416,7.407227993011475,7.520550966262817
O=C(CCCCN1CCC2(CC1)C(=O)NCN2c1ccccc1)c1ccc(F)cc1,9.07773780822754,8.252525329589844,8.665131568908691
CC(CCSc1nnc(-c2ccc(F)c(F)c2)n1N)C(=O)Nc1ccccc1,7.028970718383789,6.885144233703613,6.957057476043701
COc1cc2c(cc1OC)C(c1cc[nH]n1)N(C(=O)CCCCCCCN1CCN(c3ccc(F)cc3F)CC1)CC2,6.16681718826294,6.660841464996338,6.413829326629639
Cc1cc(N2CCC(N3CCN(C)CC3)CC2)on1,4.546290874481201,5.16181230545044,4.85405158996582
CC(C)(C)CN(C(=O)C1CCC(=O)N(CCc2ccccc2)CC1)c1ccc(Cl)c(Cl)c1,6.808835029602051,6.103923797607422,6.456379413604736
O=C(NCCF)C1CCCN1C(=O)C1CCC(=O)N1CCc1ccccc1,6.977466106414795,7.214099884033203,7.095782995223999
Cc1ccc2[nH]c(C(C#N)=Cc3ccc(O)c(O)c3)nc2c1,5.740415096282959,4.695748805999756,5.218081951141357
CCN(CC)Cc1ccc(O)c2nc(O)sc12,6.851037502288818,6.084251403808594,6.467644453048706
O=C(Cc1ccc(N2CCCC2)c(Cl)c1)NCCC1=CCCCC1,7.456843852996826,6.9646077156066895,7.210725784301758
CCC1(CCCCN2CCN(c3cccc(Cl)c3)CC2)C(=O)Nc2ccc(Cl)cc21,7.29820442199707,8.039752006530762,7.668978214263916
Cc1ccc2[nH]ncc2c1N=NCC(C)C,6.345385074615479,5.815709590911865,6.080547332763672
CN(C)CCc1ccccc1-c1cccc(N2CCc3c(C(F)(F)F)nn(-c4ccc5onc(N)c5c4)c3C2=O)n1,5.858851432800293,6.596917152404785,6.227884292602539
CCn1ccc2ccc3ccc(OC)cc3c21,6.478542804718018,4.960848808288574,5.719695806503296
COc1ccc2c(c1)C(N1CCN(CCO)CC1)=Nc1ccccc1N2,6.265975475311279,6.206757545471191,6.236366510391235
COc1ccccc1N1CCN(CCCCNC(=O)c2cc3ccccc3o2)CC1,7.030130386352539,8.543241500854492,7.786685943603516
COc1ccccc1N1CCN(CCCCn2c(=O)[nH]c3c(sc4ccc(NC(=O)CCc5ccccc5)cc43)c2=O)CC1,7.673764228820801,7.3502197265625,7.51199197769165
Cc1ccc2nc(N3CCN(CCc4cccc(N=S(C)(=O)O)c4)CC3)sc2c1,6.92628288269043,6.9233832359313965,6.924833059310913
COc1ccccc1N1CCN(CCN=C2CC(c3cccc(C#N)c3)=NN(C)C2=O)CC1,6.588740348815918,6.114590167999268,6.351665258407593
CC(=O)Nc1ncc2c(C(=O)NCc3ccc(Cl)cc3)cn(C)c2n1,5.965047836303711,3.949807643890381,4.957427740097046
CCN(CC)C(=O)NC1Cc2c(cc3c[nH]c4c3c2C=CC4)N(C)C1,8.286233901977539,9.04771900177002,8.66697645187378
CNC(=O)C(Cc1ccc(OC)c(OC)c1)NC(=O)C(CCCN1CCN(c2ccccc2OC)CC1)c1ccccn1,6.606336116790772,6.377576351165772,6.491956233978272
CCCN1CCCC2Cc3n[nH]cc3CC21,7.44373893737793,7.752826690673828,7.598282814025879
COc1cccc(C(=O)NCCCCN2CCN(c3ccccc3OC)CC2)c1,7.0198974609375,8.479230880737305,7.749564170837402
COc1cccc(OC)c1CN1CCC(N2CCN(c3ccc(C(=O)c4ccccc4)cc3)CC2)CC1,5.312988758087158,5.728507995605469,5.5207483768463135
O=C1CCc2ccc(OCCCCN3CCN(c4cccc(Cl)c4Cl)CC3)nc2N1,8.820858001708984,7.946710586547852,8.383784294128418
O=C(NCCCCN1CCN(c2nsc3ccccc23)CC1)c1cc2ccccc2[nH]1,7.502806663513184,8.942609786987305,8.222708225250244
COc1ccc(-c2ccc(NC(=O)Nc3ccc(Br)cc3F)cc2)c2c(N)noc12,7.319475173950195,5.18492317199707,6.252199172973633
COc1ccccc1N1CCN(CCCCNC(=O)c2ccc(C=S(O)(O)=Cc3ccccc3)cc2)CC1,7.21965217590332,8.284964561462402,7.752308368682861
c1ccc(CCc2c[nH]cn2)nc1,5.054680347442627,5.604434490203857,5.329557418823242
CCCN(CCN1CCN(c2cccc(Cl)c2Cl)CC1)C1CCc2c(O)cccc2C1,7.985079765319824,8.79438304901123,8.389731407165527
Cc1ncoc1-c1nnc(SCCCN2CC3CC3(c3ccc(C(F)(F)F)cc3)C2)n1C,6.68971061706543,8.816180229187012,7.752945423126221
CCCN(CCCNc1ccnc2cc(Cl)ccc12)C1CCc2c(O)cccc2C1,7.90068244934082,8.08176326751709,7.991222858428955
COc1cccc(C(C)NC(=O)c2ccc(-c3ccncc3C)cc2)c1,5.679393768310547,5.483765602111816,5.581579685211182
CCCN1CCCC2Cc3nc(N)sc3CC21,6.629025459289551,8.666210174560547,7.647617816925049
COc1ccccc1N1CCN(CCSc2nc3ncccc3o2)CC1,6.824626445770264,7.200241088867188,7.012433767318726
COc1ccccc1N1CCN(CCN=C2C(=O)N(C)N=C(c3ccccc3)c3ccccc32)CC1,6.604923725128174,6.908228874206543,6.756576299667358
CC(C)(C)c1nc(N2CCN(CCCCN3C(=O)CC4(CCCC4)CC3=O)CC2)cc(C(F)(F)F)n1,6.527414798736572,9.217726707458496,7.872570753097534
COc1ccc(-c2cnc(N3CCN(C4CCCCC4)CC3)nc2)cc1,5.88267707824707,5.790647029876709,5.83666205406189
O=C(NCCCCN1CCN(c2cccc(Cl)c2Cl)CC1)c1cc2ccc1CCc1ccc(cc1)CC2,7.395282745361328,8.62225341796875,8.008768081665039
O=c1c2ccccc2[nH]c(=S)n1CCN1CCC(=C(c2ccc(F)cc2)c2ccc(F)cc2)CC1,6.942878246307373,7.295095443725586,7.1189868450164795
CNCc1ccccc1OCC1CN(c2ccc(F)cc2)CCO1,6.223348617553711,5.882511615753174,6.052930116653442
CCCN1CCCC1CNC(=O)c1c(O)c(Cl)cc(Cl)c1Cl,7.178268432617188,8.75860595703125,7.968437194824219
COc1cccc2c1CCC1CN(CCn3c(=O)[nH]c4c(sc5cccc(C(F)(F)F)c54)c3=O)CC21,7.011503219604492,7.50832986831665,7.259916543960571
C=CCN1CCC2c3c(cccc3C(F)(F)F)CCC21,6.8230814933776855,6.402009963989258,6.612545728683472
O=C(NCCCCN1CCC2C(C1)c1cccc3c1N2CCCS3)C1=CCCCC1,7.29964542388916,7.698437690734863,7.499041557312012
CCN(CC)C(=O)NC1CC2=C(Cc3c[nH]c4cccc2c34)N(C)C1,8.485456466674805,8.415810585021973,8.450633525848389
Cc1cnc2c(C(F)(F)F)cccc2c1-c1cccc(NCCNc2ccccc2)c1,6.640758514404297,5.371890544891357,6.006324529647827
O=C(Cc1c[nH]c2ccc(F)cc12)NCCCCCNc1c2c(nc3cc(Cl)ccc13)CCCC2,7.604343414306641,5.680678844451904,6.6425111293792725
COc1ccc2[nH]c(O)c(C(=O)NCCN3CCN(c4cccc(Cl)c4Cl)CC3)c2c1,7.194838047027588,7.284048080444336,7.239443063735962
CC(NCc1ncc[nH]1)=C1C(=O)Nc2ccccc21,5.456026077270508,4.699324607849121,5.0776753425598145
COc1cc2c(cc1OC)C(c1ccccc1)N(C(=O)c1ccc(Cl)cc1)CC2,5.218218803405762,5.641173362731934,5.429696083068848
CCN1CCCC1CNC(=O)c1cc(Cc2cnccc2C)nc(N2CCCCC2)n1,6.64820671081543,6.678030967712402,6.663118839263916
O=C1CCc2ccc(OCCCCN3CCN(c4cccc(C(F)(F)F)c4Cl)CC3)nc2N1,8.550561904907227,7.947593688964844,8.249077796936035
Oc1[nH]c2ccc(Br)cc2c1Cc1cc2c([nH]1)=CCCC=2,6.865357398986816,6.819467544555664,6.84241247177124
CC(C)(C)OC(=O)NCCCCCN1CCN(c2nsc3ccccc23)CC1,8.35701847076416,6.903920650482178,7.630469560623169
COc1cc(C)c(N2CCN(C(=O)C3CCCC3)CC2)cc1NC(=O)c1ccc(Cl)cc1,6.0883893966674805,6.013988494873047,6.051188945770264
O=C(NC1CCC(CCN2CCN(c3cccc(Cl)c3Cl)CC2)CC1)C1CCCCC1,7.943788528442383,9.267481803894045,8.605635166168213
CSc1nc(Cl)cc(N2CCN(CCCC(=O)N3CCN(c4ccccc4)CC3)CC2)n1,6.398203372955322,6.56031608581543,6.479259729385376
C=CCn1c(C)cc(C(=O)COC(=O)c2nc(C#N)ccc2N)c1C,6.358578681945801,4.551189422607422,5.454884052276611
N#Cc1ccc2[nH]c(SCCCN3CCc4cc(C(F)(F)F)ccc4C3)nc2c1,7.194327831268311,7.607544898986816,7.4009363651275635
Cn1cc(C2=C(c3ccc(Cl)cc3Cl)C(=O)NC2=O)c2ccccc21,5.646406650543213,6.037281036376953,5.841843843460083
CCN(CC)C1CCc2c(sc(NC(=O)c3ccc(OC)cc3)c2C(N)=O)C1,6.883909225463867,7.238821983337402,7.061365604400635
COc1ccccc1N1CCN(CCCCC2CCCc3ccc(OC)cc32)CC1,7.2513556480407715,7.593661308288574,7.422508478164673
Oc1ccc2c(c1)OC(CNCc1ccccc1)CC2,8.810506820678711,8.251319885253906,8.530913352966309
Cc1cn(C2CC(O)C(CO)O2)c(=O)[nH]c1=O,3.879329919815064,4.892580509185791,4.385955214500427
CCCN1CCN(CCCN2c3ccccc3Sc3ccc(C(F)(F)F)cc32)CC1,6.6698384284973145,6.6016845703125,6.635761499404907
O=C(NC1CCN(Cc2cccc(Cl)c2)CC1)c1cc(I)ccc1F,7.691350936889648,7.264840126037598,7.478095531463623
COc1cc(N)c(Cl)cc1C(=O)NC1CC2CCC(C1)N2Cc1ccccc1,8.230500221252441,8.712594985961914,8.471547603607178
CCN1CCCC1CNC(=O)c1c(OC)ccc(Br)c1OC,6.901225090026856,8.275629043579102,7.5884270668029785
Brc1ccc2c(c1)-c1[nH]ccc1C2,7.953146457672119,6.870618343353272,7.411882400512695
Fc1ccc(-c2nccc(N3CCN(c4ccccn4)CC3)n2)cc1,5.030508518218994,5.854997634887695,5.442753076553345
O=C(CCCN1CCC2(CC1)C(=O)NCN2c1ccccc1)c1ccncc1,8.44655704498291,7.082584381103516,7.764570713043213
Oc1[nH]cc2c(OCCCN3CCN(c4cccc5ccccc45)CC3)cccc12,8.057703018188477,8.195597648620605,8.126650333404541
COc1ccccc1N1CCN(CCc2ccc3c(c2)CCN(C(=O)CNC(=O)c2cccc(C)c2)C3)CC1,6.643064498901367,6.745215892791748,6.694140195846558
N#Cc1ccc(C(=O)NCCc2ccc(N3CCNCC3)c(C(F)(F)F)c2)cc1,6.543476581573486,6.297139644622803,6.4203081130981445
CCN(CC)C(=O)C1CCCN1C(=O)Nc1cccc(Br)c1,7.195294380187988,7.699308395385742,7.447301387786865
COc1ccccc1N1CCN(CCn2c(C)nc3c(sc4ccc(NC(C)=O)cc43)c2=O)CC1,6.887820243835449,5.918018341064453,6.402919292449951
O=C(NC1CCC(CCN2CCN(c3ccc(Cl)cc3)CC2)CC1)c1cccc2cc(F)ccc12,6.737061500549316,7.640061378479004,7.18856143951416
CC1CN(Cc2ccccc2[N+](=O)[O-])CCN1CCC(=O)Nc1cccc(C(F)(F)F)c1,6.452285289764404,7.399223327636719,6.9257543087005615
CCOc1ccccc1OCCNC(C)Cc1ccc(OC)c(S(N)(=O)=O)c1,7.193937301635742,8.609811782836914,7.901874542236328
COc1ccc2c(c1)CCC(CCN(C)CCCc1ccccc1)O2,6.474606990814209,7.013596534729004,6.7441017627716064
COc1ccccc1N1CCN(CCCCCC(=O)N=CC2Nc3ccc(Br)cc3C(=O)N2c2ccccc2)CC1,6.624322891235352,6.693824768066406,6.659073829650879
N#CCCc1ccc2cc(N3CCN(C4CCCC4)CC3)ccc2c1,6.633636474609375,5.72807502746582,6.180855751037598
COc1cc(NC(=O)C2CC2)c(OC)cc1NC(=O)CN1CCN(c2cccc(Cl)c2)CC1,5.990386486053467,5.220287322998047,5.605336904525757
Cc1ncoc1-c1nnc2c3cc(C(F)(F)F)ccc3n(C)c2c1-c1ccc(CN2CCCC2)cc1,6.11189603805542,5.339653968811035,5.7257750034332275
CCC1CN2CCc3cc(OC)c(OC)cc3C2CC1CC1NCCc2cc(OC)c(OC)cc21,5.677109718322754,6.7533793449401855,6.21524453163147
Brc1ccc2c(-c3ccnc(NCC4CCCO4)n3)c[nH]c2c1,6.789847373962402,6.380006790161133,6.584927082061768
COc1ccccc1N(C)CCC(O)CN1CCC(N2C(=O)c3cccc4cccc(c34)C2=O)CC1,6.599944591522217,6.649895191192627,6.624919891357422
Cc1ccc2c(-c3nnc(SCCCN4CCc5cc6nc(O)oc6cc5CC4)n3C)cccc2n1,6.676609516143799,7.822802543640137,7.249706029891968
CS(=O)(=O)c1cccc(C(=O)NCC2CCC(c3ccc(C(=N)N)cc3)CC2)c1,6.094870567321777,6.489992618560791,6.292431592941284
CCCN(CCC1CCC(NC(=O)c2cccc(-c3ccccc3)c2)CC1)C1CCc2nc(N)sc2C1,6.9710564613342285,8.533134460449219,7.752095460891724
OCC1OC(c2ccc(Cl)c(Cl)c2)C(c2ccc(I)cc2)=N1,5.607385158538818,7.015180587768555,6.3112828731536865
NC(=O)c1cccc(CN2CCC(NC(=O)c3ccc(-c4ccccn4)cc3)CC2)c1,6.212766170501709,6.8529253005981445,6.532845735549927
Oc1cccc(N2CCN(Cc3ccc4c(c3)OCO4)CC2)c1,7.385851860046387,6.866368293762207,7.126110076904297
COc1cccc2c1CCC1CN(CCn3c(=O)[nH]c4ccncc4c3=O)CC21,7.123259544372559,7.17926025390625,7.151259899139404
CCCS(=O)(=O)Nc1cccc(-c2cc(C3CCN(C)CC3)no2)c1,6.749054908752441,6.590167045593262,6.669610977172852
C1=C(c2cccs2)CC2=Nc3[nH]ncc3CC21,5.735774993896484,6.784908294677734,6.260341644287109
O=c1cc(-c2ccccc2)oc2c1ccc1ccccc12,5.387378692626953,6.585920810699463,5.986649751663208
Cn1cc(CCC(=O)NC2CCC3(O)C4Cc5ccc(O)c6c5C3(CCN4CC3CC3)C2O6)cn1,8.393674850463867,7.966969013214111,8.18032193183899
O=C(NCCF)CC1c2ccccc2CC(NC(=O)C1c1ccccc1)c1ccccc1,5.582571506500244,6.344841957092285,5.963706731796265
c1ccc(-c2ccc3[nH]c(N4CCN5CCC4CC5)nc3c2)cc1,6.683309078216553,5.3580756187438965,6.020692348480225
O=S(=O)(NCCCCN1CCC(c2noc3cc(F)ccc23)CC1)c1cc2ccccc2s1,7.821849822998047,8.171528816223145,7.996689319610596
COc1cc(OC)cc(C(=O)NCC2CCN(CCc3ccccc3)C2)c1,5.389981269836426,6.905379772186279,6.1476805210113525
Cc1nc2ccc(C=CC(=O)NCCCN3CCN(c4ccccc4)CC3)cc2o1,6.009356021881104,6.350521087646484,6.179938554763794
CC(C)Oc1ccccc1N1CCN(Cc2ccc(CN3CCCCC3=O)n2C)CC1,8.190450668334961,6.869895935058594,7.530173301696777
CN(C)CCc1cn(C(=O)c2ccc(Cl)c3ccccc23)nn1,5.699952602386475,6.240372180938721,5.970162391662598
O=C1NC(=NCCc2ccccc2)N=C1Cc1c[nH]c2ccccc12,6.248050212860107,5.355013370513916,5.801531791687012
O=C1N(CCN2CCN(c3ccccc3)CC2)CCN1c1cccc(Cl)c1,6.810571193695068,6.981842517852783,6.896206855773926
O=C1Cc2ccccc2N1CCCN1CCN(c2nsc3ccccc23)CC1,6.9607439041137695,6.662594318389893,6.811669111251831
OCCN1CCN(C2Cn3cccc3Sc3ccc(I)cc32)CC1,8.079297065734863,7.94449520111084,8.011896133422852
CN(C)c1ccc(CCCN2CCN(c3cccc4ccccc34)CC2)cc1,7.519959449768066,6.850556373596191,7.185257911682129
O=C1CCc2ccc(OCCCCN3CCN(c4cccc(Cl)c4Cl)CC3)nc2N1,8.820858001708984,7.946710586547852,8.383784294128418
COc1ccccc1N1CCN(CC2CCC(C(=O)N(C)C3CCCC3)CC2)CC1,6.904775142669678,8.140225410461426,7.522500276565552
CC(C)N(CCCN)C(=O)C1Cc2c(-c3ccccc3)[nH]nc2CN1C(=O)C(N)Cc1ccc(O)cc1,6.390172004699707,6.589759826660156,6.489965915679932
CCCN(CCc1cccs1)C1CCc2c(O)cccc2C1,8.405183792114258,8.605388641357422,8.50528621673584
COc1ccccc1N1CCN(CCCCNC(=O)C2CC(O)CN2CCCC(C(=O)c2ccc(F)c(F)c2)C2CC2)CC1,6.910058498382568,8.289734840393066,7.599896669387817
CCCN(CCC)C1CCc2c(cccc2-c2ccoc2)C1,7.29891300201416,7.690821647644043,7.494867324829102
N#Cc1cc2c(nc1SCC1CCCCN1S(=O)(=O)c1ccccc1)CCC2,7.5342254638671875,6.93199348449707,7.233109474182129
Oc1c(F)cc(N2CCN(Cc3ccccc3)CC2)c(F)c1F,6.97898006439209,6.398678302764893,6.688829183578491
COc1cccc2cc(-c3nnc(SCCCN4CCc5cc6oc(C(F)(F)F)nc6cc5CC4)n3C)c(=O)n(C)c12,6.3222761154174805,7.938559532165527,7.130417823791504
CN1CCN(Cc2ccc3c(c2)Cc2c(-c4csc(C#CCOCC5CC5)c4)n[nH]c2-3)CC1,5.907994270324707,6.268299102783203,6.088146686553955
CCCN(CC1CC1)C1CCc2ccc3[nH]cc(C=O)c3c2C1,6.772629261016846,7.083520889282227,6.928075075149536
COc1ccc(NC(=O)NC2CCN(CCC3CCCCN3S(=O)(=O)c3cccc4nonc34)CC2)cc1,7.575716972351074,5.6819939613342285,6.628855466842651
COc1cccc(C(=O)NCCCN2CCN(c3cccc4nc(C)ccc34)CC2)c1,6.379583835601807,6.88353157043457,6.6315577030181885
CCCN(CCc1cccs1)C1CCc2c(O)cccc2C1,8.405183792114258,8.605388641357422,8.50528621673584
COc1cc(-c2cc(C(F)(F)F)no2)cc(OC)c1OC,4.407073020935059,7.251661777496338,5.829367399215698
CCN(CCc1ccc(F)c(F)c1)C1CCN(CCC(CN(C)C(=O)c2ccccc2)c2ccccc2)CC1,6.015667915344238,6.13958740234375,6.077627658843994
Cc1ccc2c(c1)N(CCCCN1CCN(c3ccccc3OCCF)CC1)C(=O)CC2,8.071526527404785,7.861390113830566,7.966458320617676
Cc1cc(C(=O)NC2CCC(CCN3CCN(c4cccc(Cl)c4Cl)CC3)CC2)cc(C)c1O,7.48068380355835,8.32010555267334,7.900394678115845
CCc1ccc2nc(O)c(CN)c(C(=O)NCCCCNCc3ccccc3)c2c1,6.876420974731445,7.400393486022949,7.138407230377197
COc1ccccc1N1CCN(CCCNc2ncc(Cl)cc2C(=O)N(C)C)CC1,7.071037769317627,6.60142993927002,6.836233854293823
O=C(NCCCCN1CCN(c2c3c(nc4ccccc24)CCCC3)CC1)c1cccc2c1CCCC2,7.616193294525146,7.866519927978516,7.741356611251831
C#Cc1cccc(NC(=O)NC2CCC(N3CCN(c4ccccc4OC)CC3)CC2)c1,7.203250885009766,7.7572736740112305,7.480262279510498
COc1cc2c(cc1OC)C1=NOC(CN3CCN(CC=C(C)c4ccccc4)CC3)C1CO2,6.307572364807129,6.53605842590332,6.421815395355225
CCCN(CCC1CCC(NS(=O)(=O)c2ccc(Cl)cc2)CC1)C1CCc2nc(N)sc2C1,7.374870777130127,9.153627395629885,8.264249086380005
CCCN(CCN1CCN(c2ccccc2O)CC1)C1CCc2ccc(O)cc2C1,7.675475597381592,9.087706565856934,8.381591081619263
COc1ccccc1CN1CCCC1CN1CCN(c2nsc3ccccc23)CC1,6.736522197723389,7.113718509674072,6.9251203536987305
O=S(=O)(NC1CCC(N2CCC(c3ccccc3OCC(F)(F)F)CC2)CC1)c1cccnc1,7.032675743103027,7.799314498901367,7.415995121002197
CCCN(CCC)C1CCc2c(sc(NC(=O)C=Cc3ccc4c(c3)OCO4)c2C(N)=O)C1,6.924356937408447,7.228325843811035,7.076341390609741
CCCCCCN1CCc2cc(Br)cc3[nH]cnc23,,,
ON=C(c1nc2ccccc2[nH]1)C1CCN(CCCc2c[nH]c3ccc(-n4cnnc4)cc23)CC1,7.35756778717041,6.217048645019531,6.787308216094971
CC1CC(C)CN(S(=O)(=O)c2ccc3c(c2)CCN3C)C1,7.3325276374816895,6.065030097961426,6.698778867721558
CCCN(CCC)C1CCc2c(O)cccc2C1,8.197704315185547,8.453164100646973,8.32543420791626
O=C(NC1CCN(CCCc2c[nH]c3ccc(-n4cnnc4)cc23)CC1)c1cc2ccccc2s1,7.389815330505371,6.679053783416748,7.03443455696106
CN(C)c1nc2ccc1CCCn1cc(c3ccccc31)C1=C(C(=O)NC1=O)c1cn(c3ccccc13)CC2,6.272730350494385,5.562540531158447,5.917635440826416
CCCN(CCCCCCN1CCN(c2cccc(Cl)c2Cl)CC1)C1CCc2ccc(O)cc2C1,8.10012149810791,8.594127655029297,8.347124576568604
COc1ccccc1N1CCN(CCCCOc2ccc(F)cc2)CC1,8.017524719238281,7.814714908599853,7.916119813919067
CCCN(CCC)C1CCc2c(O)cccc2C1,8.197704315185547,8.453164100646973,8.32543420791626
COc1ccccc1N1CCN(CCCCNC(=O)c2cc3cc4cccnc4[nH]c3n2CC2CCC2)CC1,,,
Oc1[nH]cc2ccc(OCCCN3CCN(c4cccc5c4OCCC5)CC3)cc12,8.819002151489258,7.810902118682861,8.31495213508606
COc1cccc(C(=O)NCCCN2CCN(c3cccc(Cl)c3Cl)CC2)c1,6.462676525115967,7.537460327148437,7.000068426132202
Cc1ccc2c(N3CCN(CCc4cccc5c4CCO5)CC3)cc(Br)cc2n1,7.59614372253418,6.985899925231934,7.291021823883057
CCCN1CCc2cc(OC)c(OCCF)cc2C1Cc1cccnc1,5.753032207489014,6.5664381980896,6.159735202789307
CN1CCC(Cc2c[nH]c3ccc(NC(=O)c4ccccc4C(F)(F)F)cc23)CC1,6.029124736785889,6.292564392089844,6.160844564437866
Oc1[nH]cc2ccc(OCCCCN3CCN(c4cccc5nc(C(F)(F)F)oc45)CC3)cc12,8.432748794555664,7.971003532409668,8.201876163482666
COc1ccccc1N1CCN(CCC2CCC(Nc3ncccc3C#N)CC2)CC1,8.183109283447266,8.266404151916504,8.224756717681885
CCN1CCCC1CNC(=O)c1cc(S(=O)(=O)NC2CC2)ccc1OC,7.499176502227783,9.05501937866211,8.277097940444946
COc1ccccc1N1CCN(CCN=C2C(=O)N(Cc3ccccc3)C(=O)C2Cc2ccccc2)CC1,6.329522609710693,5.963839054107666,6.14668083190918
COc1ccccc1N1CCN(CCCSc2nc(O)c3ccccc3n2)CC1,7.779360294342041,8.16279411315918,7.97107720375061
O=C1CCc2cc(Nc3cccc(Cl)c3)ccc2N1,7.896857261657715,6.2455735206604,7.071215391159058
Fc1ccc2c(CCCN3CCC(Cc4cccc(-n5cc(F)cn5)c4)CC3)c[nH]c2c1,6.792396545410156,7.293144226074219,7.0427703857421875
COc1ccccc1N1CCN(CCCCNC(=O)C2CC3C=CC2C3)CC1,7.678040504455566,8.615132331848145,8.146586418151855
COc1ccccc1N1CCN(CCCCCNC(=O)c2ccccc2-c2cccs2)CC1,7.114902496337891,7.647428512573242,7.381165504455566
COc1cccc(C2CCN(CCC3CC3)CC2)c1,6.136668205261231,6.633998394012451,6.385333299636841
CCN(CC)C(=O)CSc1nc2ccccc2c(=O)n1Cc1ccccc1,6.731494903564453,6.295232772827148,6.513363838195801
CC(C)Oc1ccccc1N1CCN(CC(O)CNC(=O)c2ccc3c(c2)C(=O)N(c2ccc(Cl)cc2)C3=O)CC1,6.374641418457031,6.860785007476807,6.617713212966919
O=C(NCCN1CCN(c2ccccc2OCCF)CC1)c1cc2c3c(ccn3C(=O)CC2,,,
CCN(CC)C(=O)NC1Cc2c(cc3c[nH]c4c3c2C=CC4)N(C)C1,8.286233901977539,9.04771900177002,8.66697645187378
NC(=O)c1ccc(OCCCCN2CCC(c3noc4cc(F)ccc34)CC2)cc1,7.462064743041992,7.317433834075928,7.38974928855896
CC(C)Oc1ccccc1N1CCN(CCCNC(=O)c2ccc3c(c2)S(=O)(=O)c2ccc3ccccc3c2)CC1,,,
COC1CN(C2CCN(C(=O)c3csc(C4CC4)n3)CC2)CC1Cc1ccc(Cl)c(Cl)c1,6.395683288574219,6.476161956787109,6.435922622680664
CN1CCc2c(sc3ncn(CCN4CCN(c5cccc6ccccc56)CC4)c(=O)c23)C1,7.933909893035889,7.499076843261719,7.716493368148804
O=C(NCCCCN1CCN(c2cccc(Cl)c2Cl)CC1)c1cc2ccccc2[nH]1,7.3425798416137695,9.33303451538086,8.337807178497314
COc1ccccc1N1CCN(CCCCNC(=O)C2CCC(C)CC2)CC1,7.179203987121582,8.597765922546387,7.888484954833984
O=C(CCCN1CCC2(CC1)C(=O)NCN2c1ccccc1)c1ccc(F)cc1,9.175222396850586,8.254637718200684,8.714930057525635
CC(C)N=C(N)Nc1ccc2[nH]cc(CCN(C)C)c2c1,5.500471591949463,6.245020389556885,5.872745990753174
CCN(CC)C(=O)NC1CC2=C(Cc3c[nH]c4cccc2c34)N(C)C1,8.485456466674805,8.415810585021973,8.450633525848389
CCCN1CCc2cc(Cl)cc3c2C1Cc1ccc(O)c(O)c1-3,8.431827545166016,8.538000106811523,8.48491382598877
CCN1CCOC2Cc3c(O)cccc3CC21,8.528524398803711,7.534567356109619,8.031545877456665
Fc1ccc(-c2cnc(C3Cc4c([nH]c5ccccc45)C(c4ccccc4)(c4ccccc4)N3)[nH]2)cc1,6.28774881362915,6.538255214691162,6.413002014160156
Cc1csc2c1-c1ccc3oc(C(=O)N4CCC(N5CCCC5)CC4)cc3c1NC2=O,5.591531753540039,6.0138444900512695,5.802688121795654
COc1ccccc1N1CCN(CCCCNC(=O)c2ccc3c(c2)Cc2ccccc2-3)CC1,7.310769081115723,8.783652305603027,8.047210693359375
N#Cc1c(C2CCN(CC(O)CNc3cccc(C(F)(F)F)c3)CC2)cc(Cl)cc1Cl,6.6711506843566895,5.6758012771606445,6.173475980758667
O=C1CCc2ccc(OCCCCN3CCN(c4cccc(Cl)c4Cl)CC3)nc2N1,8.820858001708984,7.946710586547852,8.383784294128418
CN(C)CC1CC2c3ccccc3Cc3ccc(F)cc3N2O1,7.31734037399292,7.581218719482422,7.449279546737671
O=C(NCCCCN1CCC2(CCc3ccccc32)CC1)c1cccc2c1-c1nccnc1C2,6.2477641105651855,6.904469013214111,6.576116561889648
NCCCCCCN1CCN(c2ccccc2Cl)CC1,6.8342132568359375,7.121256351470947,6.977734804153442
O=C1N(CCN2CCC(C(O)c3cccc(F)c3)CC2)CNC(c2cccc(F)c2)=CC12CCC(C(=O)O)(CC1CCCCC1)CC2,6.798850536346436,6.8115997314453125,6.805225133895874
O=C(NCCCCN1CCN(c2noc3ccccc23)CC1)c1ccc(I)cc1,6.990297794342041,8.23737621307373,7.613837003707886
CC1NC(N)=Nc2ccc(Cl)c(Cl)c21,8.231038093566895,6.3875250816345215,7.309281587600708
Cc1ccc(C(=O)NCCCN2CCN(c3cccc(Cl)c3Cl)CC2)cc1,6.755625247955322,7.221795558929443,6.988710403442383
Cc1cc2c(s1)Nc1ccccc1N=C2N1CCN(C)CC1,6.933331489562988,7.052933216094971,6.9931323528289795
C=S(O)(O)=CCN1CCC(CNC(=O)Cc2cccc3cccnc23)CC1,5.222644805908203,6.147473812103272,5.685059309005737
CC(C)Oc1ccccc1N1CCN(Cc2ccc(CN3CCCCCC3=O)n2C)CC1,8.326491355895996,6.791318893432617,7.558905124664307
CCCN(CCCN1CCN(c2ccccc2OC)CC1)C1CCc2ccc(O)cc2C1,7.734748363494873,7.831311702728271,7.783030033111572
CCCN(CCN1CCN(c2ccc(NC(=O)c3ccc4ccn(CC)c4c3)cc2)CC1)C1CCc2n[nH]c(C)c2C1,6.036971569061279,7.042948722839356,6.539960145950317
O=C(c1ccon1)N1CCCC2(CCN(c3ncccn3)CC2)C1,4.582268714904785,4.068977355957031,4.325623035430908
COc1c(C(=O)NC2CCN(C3CCC(NC(=O)c4cc(F)ccc4-n4nccn4)CC3)C2)cc(Br)c2ccccc12,6.902771472930908,7.838109016418457,7.370440244674683
COc1ccc(C2CC3CCC(N3)C2C(=O)OCc2cccc(C(F)(F)F)c2)cc1OC,5.669401168823242,7.125860214233398,6.39763069152832
O=C(NN1C(=O)C(=CC=Cc2ccccc2)SC1=S)c1ccccc1O,5.632115840911865,6.087108135223389,5.859611988067627
CC(=O)Nc1cccc(CN=C2C(=O)C(=O)C2Nc2ccc3[nH]ncc3c2)c1,4.990999698638916,4.258754730224609,4.624877214431763
COc1ccccc1N1CCN(CCCCNC(=O)c2cc3cc(I)ccc3o2)CC1,7.590694904327393,8.77053451538086,8.180614709854126
O=C1c2ccccc2C(=O)N1CCCCN1CCN(c2cccc(Cl)c2Cl)CC1,7.30195951461792,8.152679443359375,7.7273194789886475
O=C(NC1CCc2ccc(CCN3CCN(c4nsc5ccccc45)CC3)cc21)c1ccc(F)cc1,7.640166282653809,6.56119441986084,7.100680351257324
O=C1CC2(CCCC2)CC(=O)N1CCN1CCN(c2nsc3ccccc23)CC1,7.418371200561523,7.749260902404785,7.583816051483154
Cc1ccc2c(-c3nnc(SCCCN4CCc5cc6nc(N)oc6cc5CC4)n3C)cccc2n1,6.221457958221436,7.459516525268555,6.840487241744995
O=C1NCN(c2ccc(C(F)(F)F)cc2)C12CCN(C1CCCCCCCCCC1)CC2,7.476535797119141,7.301173686981201,7.388854742050171
CCCN(CCC1CCC(NC(=O)C=Cc2ccccc2)CC1)C1CCc2nc(N)sc2C1,7.295185565948486,8.697360038757324,7.996272802352905
Cc1[nH]nc(O)c1CC(N)C#CC1(O)CCC2C3CCC4=CC(=O)CCC4(C)C3C(O)CC21C,5.406437397003174,6.260148048400879,5.833292722702026
CCN1CCCC1CNC(=O)c1c(OC)cccc1Sc1ccc(Cl)cc1,6.978686332702637,7.37112283706665,7.1749045848846436
Cc1ccccc1C(=O)Nc1ccc(-c2ccccc2S(N)(=O)=O)cc1,6.725283622741699,6.64833402633667,6.686808824539185
CC1NC(N)=Nc2cc(Cl)ccc21,7.7232537269592285,5.294299125671387,6.508776426315308
CN1CC2CCCCC2(c2ccc(OC(F)(F)F)c(C(=O)Nc3ccccn3)c2)C1,6.0911054611206055,6.72747802734375,6.409291744232178
O=C(NCCN1CCN(c2cccc(Cl)c2)CC1)c1cc2c(-c3ccccc3F)[nH]nc2s1,6.505251884460449,6.497393131256104,6.501322507858276
Cc1nccn1S(=O)(=O)c1ccc(NCCCN2CCN(c3ccc(F)c4nc(C(C)(C)C)ccc34)CC2)cc1,6.2831315994262695,6.683104038238525,6.4831178188323975
N#Cc1cccc(NC2CCC(N3CCN(c4ccccc4OC(F)(F)F)CC3)CC2)c1,7.5111260414123535,7.546092987060547,7.52860951423645
COc1ccc(OCCN2CCC(C(O)(c3cccc(F)c3)c3ccc(F)cc3)CC2)cc1,7.44521427154541,6.954806327819824,7.200010299682617
Oc1nc2ccccc2n1CCCCN1CCN(c2cccc(Cl)c2Cl)CC1,7.813893795013428,8.114178657531738,7.964036226272583
CCCN(CCN1CCN(c2ccnc3ccccc23)CC1)C1CCc2ccc(O)cc2C1,7.621154308319092,8.850150108337402,8.235652208328247
COc1ccc(C2(O)OC(=O)C(c3ccc4c(c3)OCO4)C2=Cc2ccc(N3CCN(C)CC3)cc2)cc1,5.542073726654053,5.028287887573242,5.2851808071136475
O=C(NCCCCN1CCN(c2cccc(Cl)c2Cl)CC1)c1cc2ccccc2[nH]1,7.3425798416137695,9.33303451538086,8.337807178497314
COc1ccc(-n2cc(CNCCc3ccccc3OC)c(-c3ccc(F)cc3)n2)cc1,6.226370811462402,6.775646209716797,6.5010085105896
COc1ccccc1N1CCN(CCN=C2C(=O)N(C)N=C(C)C2C(C)=O)CC1,5.628349781036377,5.723278999328613,5.675814390182495
O=C(NCCN1CCN(CCCN2c3ccccc3Sc3ccc(C(F)(F)F)cc32)CC1)c1ccc(F)cc1,7.00950813293457,6.650186538696289,6.82984733581543
Fc1ccc(-c2c3ccc(C(F)(F)F)cc3cn2CCCN2CCN(c3ccccc3OC(F)(F)F)CC2)cc1,6.971461772918701,6.178534507751465,6.574998140335083
CSC1=NC2(CCCC2)C(=O)N1CCN1CCN(c2ccc(F)cc2)CC1,5.816855430603027,7.146879196166992,6.48186731338501
COc1ccccc1N1CCN(CCCCNC(=O)c2ccc(-c3cccs3)cc2)CC1,7.414058208465576,9.20809268951416,8.311075448989868
Cc1cc2n[nH]c(C(=O)Nc3ccc(F)cc3)c2cc1C,6.256518363952637,4.7082037925720215,5.482361078262329
COc1cc(CN2CCN(c3ccccc3C)CC2)c(Br)cc1O,7.001101016998291,6.221704483032227,6.611402750015259
CC(=O)Nc1nccc(Nc2ccccc2N2CCN(C(=O)c3ccccc3[N+](=O)[O-])CC2)n1,6.574020385742188,4.890923500061035,5.732471942901611
COc1cc(Cl)cc(C(C)NC(=O)N2CC=C(c3c[nH]c4ncccc34)CC2)c1OC,7.22103214263916,6.041828632354736,6.631430387496948
Oc1nc2cccc(Br)c2n1Cc1ccccc1,7.830211639404297,6.342324733734131,7.086268186569214
Cc1cccc(C)c1NC(=O)CN1CCN(CCCOc2ccc(-c3ccccc3)c3ccccc23)CC1,6.398758411407471,6.228374481201172,6.313566446304321
N#Cc1ccc(CN2CCN(CC(=O)Nc3cc(F)cc(F)c3)CC2)cn1,4.272058486938477,5.81618070602417,5.044119596481323
O=C(CCCN1CCC2(CC1)C(=O)N(Cc1ccccc1)CN2c1ccccc1)c1ccc(F)cc1,9.200150489807127,7.732632637023926,8.466391563415527
Nc1cccc(-c2ccc(CCN3CCN(c4nsc5ccccc45)CC3)cc2)c1,7.401689529418945,7.505254745483398,7.453472137451172
Cn1cc(C2=CCN(CCCCOc3ccc(Cl)c(Cl)c3)CC2)c2ccccc21,7.299847602844238,7.919581890106201,7.60971474647522
O=C(N(CC1CCCO1)c1ccc(F)cc1)c1nc(C2CC2)nc2c1CCN(CC1CC1)C2,6.38744068145752,7.310219764709473,6.848830223083496
O=C(NCC=CCN1CCN(c2cccc(Cl)c2Cl)CC1)c1ccc(-c2cccs2)[nH]1,7.572059631347656,9.278267860412598,8.425163745880127
CCCCN1CN(c2ccc(O)cc2)C2(CCN(C(C)C(=O)O)CC2)C1=O,8.545844078063965,7.214221000671387,7.880032539367676
CCCN(CCCCN1C(=O)CCC2CN(C)C(=O)N21)C1CCc2c(O)cccc2C1,8.309030532836914,8.602995872497559,8.456013202667236
CCOc1ccccc1OCCCCN1CCN(c2cccc3c2CCCC3)CC1,8.270057678222656,8.175923347473145,8.2229905128479
NC(=O)Nc1ccc2c(c1)CCC1CN(CCn3cc4c([nH]3)c(=O)n(C3CCCCC3)c(=O)n4C1)C21CC1,,,
Oc1nc2c(O)ccc(C(O)CNC3CCCC3c3ccc(Br)cc3F)c2s1,6.614359378814697,7.282658576965332,6.948508977890015
NCC1CCC(CNc2nc(NCc3ccccc3C(F)(F)F)ncc2[N+](=O)[O-])CC1,6.77610445022583,7.334802150726318,7.055453300476074
COc1ccccc1N1CCN(CCCCCNC(=O)c2cccc3c2CCCC3)CC1,8.06651782989502,7.546708583831787,7.806613206863403
CC(Oc1ccccc1C1CC1C(=O)N1CCN(c2ccc(F)cc2)CC1)c1ccc(F)cc1,6.057262420654297,5.985682010650635,6.021472215652466
CCCN(CCN1CCN(c2ccccc2)CC1)C1CCc2ccc(O)cc2C1,7.061977386474609,8.358572006225586,7.710274696350098
O=C(O)C1C2CCC(C2)C1N(Cc1ccc(OCCBr)cc1)c1ccc(F)cc1,6.623542785644531,5.783299446105957,6.203421115875244
O=C(NCCc1ccccc1)N1CCC(N2CCN(c3nsc4ccccc34)CC2)CC1,5.992442607879639,5.538243770599365,5.765343189239502
COc1ccccc1N1CCN(CCCCSc2nc3sc(C)c(C)c3c(=O)n2N)CC1,7.508568286895752,7.890595436096191,7.699581861495972
CCCN(CCC1CCC(NS(=O)(=O)c2cc3cc(Cl)ccc3n2C)CC1)C1CCc2nc(N)sc2C1,7.220783710479736,8.95296859741211,8.086876153945923
Cc1ccc2c(c1)N(CCCCN1CCN(c3cccc4nc(C)ccc34)CC1)c1cccc(C(=O)NCCCC(=O)O)c1O2,7.171802520751953,6.7449445724487305,6.958373546600342
COc1ccccc1N1CCN(CCCCNC(=O)c2cccc3c2-c2ccc(Cl)cc2C3)CC1,7.351919651031494,8.352006912231445,7.85196328163147
CCN(CC)C1CCC(=Cc2c[nH]c3ccc(C#N)cc23)CC1,6.747979640960693,7.081754684448242,6.914867162704468
COc1cc(C(=O)NC2CC3CCCC(C2)N3Cc2ccncc2)ccc1C#N,6.508115291595459,7.674993515014648,7.091554403305054
Cc1ccc2[nH]c(C(=O)NC3CCC(O)CC3)cc2c1,5.276830196380615,6.935408115386963,6.106119155883789
COc1ccc(CCCCNCCOc2cc(F)cc3c2OC(C)CC3)cc1,9.174186706542969,7.151374816894531,8.16278076171875
CC1(C)CN(C2CC(c3ccc(F)cc3)c3ccc(Cl)cc32)CCN1CC(O)CNC(=O)c1ccc(-n2cccc2)cc1,6.752420425415039,6.303757667541504,6.5280890464782715
CCc1cc(N2CCC(N3CCN(c4ccccc4OC)CC3)CC2)c2cc(C)ccc2n1,6.683054447174072,6.478860378265381,6.580957412719727
O=C(NCC1CCCCN1C(=O)C1CCN(Cc2ccc3cc(F)ccc3c2)CC1)c1ccc2ccccc2c1,6.513247489929199,7.244965076446533,6.879106283187866
CCC1(O)C(=O)OCc2c1cc1n(c2=O)Cc2cc3ccccc3nc2-1,6.1087517738342285,5.706128120422363,5.907439947128296
CCCN1CCCC1CNC(=O)c1cc(N2CCCC2)nc2ccc(C#N)cc12,6.525390148162842,8.04038143157959,7.282885789871216
O=S(=O)(c1cccc2coc(CCCCN3CCN(c4ccccc4)CC3)c12)N1CCC(O)CC1,6.380117893218994,6.130442142486572,6.255280017852783
CC(C)Oc1ccccc1N1CCN(CCCCNC(=O)c2ccc3cccnc3c2)CC1,7.469799041748047,8.607271194458008,8.038535118103027
O=C(NCCCCN1CCN(c2cccc(Cl)c2Cl)CC1)c1cc2ccoc2s1,7.316031455993652,9.414965629577637,8.365498542785645
Oc1ccc2c(c1)OC(CNCCOc1cccc3[nH]ccc13)CC2,9.917332649230955,8.53506088256836,9.226196765899658
CCN1CCc2ccccc2Cc2c(O)cccc2CC1,7.6413373947143555,7.33368444442749,7.487510919570923
COc1ccc2sc3c(O)nc(CN(C)C)nc3c2c1,5.913765907287598,4.707669734954834,5.310717821121216
COCCOCC(=O)N1CCC(N2CCN(c3cccc(C(F)(F)F)c3)CC2)CC1,5.597126483917236,5.720508575439453,5.658817529678345
COc1cccc(OC)c1C1CCCCC1,6.40496301651001,5.5311713218688965,5.968067169189453
NC(=O)c1ccc(Cl)c(S(=O)(=O)N2CCc3ccccc32)c1,6.646276950836182,5.408287048339844,6.027281999588013
CCCN(CCCCN1CCN(c2ccc(-c3ccccc3)cc2)CC1)C1CCc2nc(N)sc2C1,7.132562637329102,8.59744644165039,7.865004539489746
CCOC(=O)NC1(C(=O)N2CCN(c3ccc(C#N)c(Cl)c3)CC2)CCCC1,7.452448844909668,6.193979740142822,6.823214292526245
Cn1nccc1-c1cc(NC(=O)c2ccc3cccnc3c2)ccc1OCCN1CCCCC1,6.513703346252441,5.848001003265381,6.180852174758911
COc1cccc(CN2CCN(CCCSc3nnc(-c4cccs4)n3C)CC2)c1,5.977368354797363,7.381363391876221,6.679365873336792
CC1CN(Cc2ccccc2CN2CCN(c3ccccc3C#N)CC2)CCN1C(C)c1ccccc1,5.874520778656006,5.820910453796387,5.847715616226196
CN(C)CC12CC(c3ccccc31)CC(O)C(C(=O)NC1CCCN(c4ccccc4)C1)C2,6.9879021644592285,7.117248058319092,7.05257511138916
N#Cc1ccccc1N1CCN(CCCCNC(=O)c2cc3cc4ccnc(O)c4cc3n2CCCO)CC1,6.084466934204102,8.11751937866211,7.1009931564331055
N#Cc1cccc2nc(N3CCN(CC4CCCO4)CC3)[nH]c12,6.369618892669678,6.575491428375244,6.472555160522461
CCCN(C(=O)CCCCCN1CCN(c2cccc(Cl)c2Cl)CC1)c1ccc(O)c(Cl)c1,7.909801006317139,7.865494728088379,7.887647867202759
COc1ccccc1N1CCN(CCCCNC(=O)C=Cc2ccccc2OC)CC1,7.560798168182373,8.727657318115234,8.144227743148804
O=C(NCC=CCN1CCN(c2cccc(Cl)c2Cl)CC1)c1ccc2c(c1)-c1ccc(Cl)cc1C2=O,6.997552871704102,8.661735534667969,7.829644203186035
CN1CCN(C2Cn3cccc3Sc3ccc(Cl)cc32)CC1,8.645715713500977,8.372458457946777,8.509087085723877
COc1ccccc1N1CCN(Cc2ccc(C(=O)N3CCCCC3C)cc2)CC1,7.557676792144775,7.000996112823486,7.279336452484131
Nc1nc(NCC2CCC2)c2ncn(C3CCCC3)c2n1,6.4856719970703125,5.944478511810303,6.215075254440308
NCCCN1c2ccccc2CCc2ccccc21,5.733658790588379,6.47965669631958,6.1066577434539795
CC(C)Oc1ccccc1N1CCN(Cc2cc(CN3CCCC3=O)n(C)n2)CC1,7.495387077331543,6.568096160888672,7.031741619110107
CC1CN(Cc2ccccc2NC(=O)c2ccc(-c3ccncn3)cc2)CCN1,5.224668502807617,4.978146553039551,5.101407527923584
CCCN(CCc1cccs1)C1CCc2ccc3[nH]ccc3c2C1,7.884007453918457,7.9730119705200195,7.928509712219238
COc1cccc(NC(=O)C2CCCN2C(=O)CC(Cc2ccccc2)C(=O)NC2CCCC2)c1,7.03613805770874,6.404107570648193,6.720122814178467
Cc1ccc2nc(Cl)c(CN(C3CCCCC3)C3CCN(C(=O)C4CCCCC4)CC3)cc2c1,6.501264572143555,7.107516288757324,6.8043904304504395
COc1ccccc1N1CCN(CCCCCn2ncc(=O)n(C)c2=O)CC1,7.336588382720947,7.358038902282715,7.347313642501831
Cc1ccc2c(c1)OCCN2CCC(=O)N1CCCN(Cc2ccccc2Cl)CC1,5.677073001861572,5.6819939613342285,5.6795334815979
CCCN(CCN1CCN(c2cccnc2)CC1)C1CCc2ccc(O)cc2C1,6.826117515563965,8.461782455444336,7.64394998550415
OC(CN1CCN(CCCN2c3ccccc3Sc3ccc(F)cc32)CC1)c1ccccc1,6.741049766540527,6.440032958984375,6.590541362762451
N#Cc1ccccc1N1CCN(CCCCNS(=O)(=O)c2ccc(Cl)cc2)CC1,7.321544170379639,7.727115631103516,7.524329900741577
COc1ccccc1N1CCN(Cc2ccc(CN3CCCCC3=O)n2C)CC1,7.613201141357422,6.028500080108643,6.820850610733032
Oc1cc(C(O)NCCC2CCN(Cc3ccccc3)CC2)cn1-c1ccc2c(c1)CCN2C1CCCC1,5.8173828125,6.510024070739746,6.163703441619873
O=C(Nc1cnccn1)Nc1ccnc2ccc(N3CC4COCC4C3)cc12,6.034246444702148,4.475518226623535,5.254882335662842
CC(C)(CN1CCN(c2cccc(C(F)(F)F)c2)CC1)N1CCc2nc(N)sc2C1,6.277686595916748,7.6168694496154785,6.947278022766113
CCCN1CCCCC1CNC(=O)c1cc(S(=O)(=O)NC)ccc1OC,7.240774154663086,7.830405235290527,7.535589694976807
Cc1cccn2cc(-c3cccc(NC4CC4)n3)nc12,6.190883636474609,6.402416229248047,6.296649932861328
Fc1ccc(-c2c(C3CC3)[nH]c3ccccc23)cc1,6.351762771606445,6.264874458312988,6.308318614959717
CC(C)CCN1CCN(c2ccc(Cl)cc2NC(=O)c2ccc(-c3cnccn3)cc2)CC1,5.841044425964356,6.74279260635376,6.291918516159058
CC(C)(C)c1ccc(C(CNC(=O)C2CCCN2C(=O)CCc2ccccc2)c2ccccc2)cc1,6.365934371948242,6.374019622802734,6.369976997375488
Oc1c2c(nc3cc(-c4ccco4)nn13)CN(CCc1ccccc1)CC2,6.518016815185547,7.343411445617676,6.930714130401611
COc1ccccc1N1CCN(CCCCCOc2ccccc2C(=O)NCCc2ccc(C)cc2)CC1,6.82509183883667,7.197798728942871,7.0114452838897705
COc1ccccc1N1CCN(CCCCNC(=O)c2ccc3ccccc3c2)CC1,7.298825263977051,8.823209762573242,8.061017513275146
OC1(c2ccc(Cl)cc2)CC2CCC(C1)N2Cc1coc2ccc3cc(F)ccc3c12,8.081969261169434,8.140901565551758,8.111435413360596
COc1ccccc1N1CCN(CCCCNC(=O)C23CCC(C)(C)CC3)CC1,,,
COc1ccccc1N1CCN(CCCNC(=O)c2ccc3[nH]cnc3c2)CC1,7.290979385375977,6.838366985321045,7.064673185348511
Oc1n[nH]c2nnc(-c3c(-c4ccccc4)nn4ccccc34)cc12,6.217086315155029,6.279051780700684,6.2480690479278564
COc1ccccc1N1CCN(CCCCCn2cc(S(=O)(=O)c3ccccc3)nn2)CC1,7.040877342224121,6.541466236114502,6.7911717891693115
O=C1CCc2cccc(OCCCCN3CCN(c4ccccc4)CC3)c2N1,8.167901992797852,7.29432201385498,7.731112003326416
Cc1cccc(C)c1-c1cccc2c1CC(CCN1CCN(c2ccc3cc(C(F)(F)F)ccc3n2)CC1)O2,6.844337463378906,6.246346473693848,6.545341968536377
COc1cccc(C(=O)NCCN2CCN(c3ccccc3OC)CC2)c1,6.69491720199585,7.122103691101074,6.908510446548462
CCN1CCc2c(sc(NC(=O)Nc3ccc(F)cc3)c2C(N)=O)C1,7.383767127990723,6.128850936889648,6.7563090324401855
COc1ccccc1N1CCN(CCCC=Cc2ccccc2)CC1,7.716463088989258,7.850897789001465,7.783680438995361
COc1ccc(CCN2CCN(C(=O)c3ccc(NS(=O)(=O)c4ccccc4Cl)cc3)CC2)cc1,6.711997032165527,6.366945743560791,6.539471387863159
COc1ccc(C(=O)NCCCCN2CCN(c3ccccc3OC)CC2)cc1,7.26118278503418,8.51743221282959,7.889307498931885
COc1ccc(CC=CCCN2CCC(N3C(=O)c4cccc5cccc(c45)C3=O)CC2)cc1,6.8341875076293945,6.268399238586426,6.55129337310791
COc1ccccc1N1CCN(CCCCNC(=O)C=Cc2ccccc2OC)CC1,7.560798168182373,8.727657318115234,8.144227743148804
Cc1ncoc1-c1nnc(SCCCN2CC3CC3(c3ccc(C(F)(F)F)cc3)C2)n1C,6.68971061706543,8.816180229187012,7.752945423126221
O=C(CCCN1C2CCC1CC(O)(c1ccc(O)cc1)C2)c1ccc(F)cc1,7.832673072814941,8.372710227966309,8.102691650390625
COc1ccccc1N1CCN(CCCNC(=O)C=Cc2ccc(O)cc2)CC1,7.548698902130127,7.496102333068848,7.522400617599487
CCCN(CCN1CCN(c2cccc(Cl)c2Cl)CC1)C1CCc2nc(N)sc2C1,7.469848155975342,8.901445388793945,8.185646772384644
Cc1ccc2c(-c3nnc(SCCCN4CCc5cc6nc(-c7ccc(F)cc7)[nH]c6cc5CC4)n3C)cccc2n1,6.230547428131104,7.981130123138428,7.105838775634766
Oc1nc2[nH]cc(C(F)(F)F)c2c2c1CCNC2,7.027737617492676,5.546348571777344,6.28704309463501
CC(C)(C)c1ccc(CN(CCOc2cccc3[nH]ccc23)CCCc2ccc(C(=O)N(CCO)CCO)cc2)cc1,6.647840976715088,6.706503868103027,6.677172422409058
COc1ccccc1N1CCN(CCc2ccc(F)cc2)CC1,7.966654300689697,6.514516830444336,7.240585565567017
COc1ccc2[nH]cc(CCNCc3ccccc3C)c2c1,6.524970054626465,6.517142295837402,6.521056175231934
CCN(CC)CCOc1ccc(NC(=O)Nc2ccc(Cl)c(Cl)c2)cc1,7.298123359680176,6.281299114227295,6.789711236953735
CCCN(CCN1CCN(c2ccnc3cc(C(F)(F)F)ccc23)CC1)C1CCc2c(O)cccc2C1,7.955090522766113,8.225298881530762,8.090194702148438
CC(C)Cc1cn(CC2CC2)c2cc(Cl)c(O)cc12,6.65572452545166,5.564174652099609,6.109949588775635
CCCN(CCc1ccccc1)C1CCc2c(O)cccc2C1,8.200567245483398,8.143576622009277,8.172071933746338
CC1CN(CCCc2ccccc2)CCN1c1ccc(C(N)=O)cc1,6.467039585113525,6.428601741790772,6.447820663452148
O=C1c2cccc3c(Cl)ccc(c23)C(=O)N1CCCCN1CCN(c2ccccc2O)CC1,7.388165950775146,8.031088829040527,7.709627389907837
CCCN(CCc1ccc(C2CC2C(=O)NCCC(=O)O)cc1)C1CCc2c(O)cccc2C1,7.399271965026855,6.339091777801514,6.869181871414185
Clc1ccccc1CN1CCN(Cc2ccc3c(c2)NC(=O)CO3)CC1,5.816800117492676,6.503964424133301,6.160382270812988
Oc1ccc(N2CCN(Cc3cn(-c4cccc5ccccc45)c4ccccc34)CC2)cc1,6.814288139343262,6.26897668838501,6.541632413864136
C=CCN1CCOC2Cc3c(OC)cccc3CC21,7.907782077789307,6.491978645324707,7.199880361557007
O=C(NC1CCC(CCN2CCN(c3cccc(Cl)c3Cl)CC2)CC1)c1cccs1,8.053605079650879,8.922016143798828,8.487810611724854
C[SH](=O)(O)N=C1CN(Cc2ccc(-c3ccccc3C(F)(F)F)cc2)C1,6.339495658874512,5.973865032196045,6.156680345535278
O=C1N(CCN2CCCCC2)CCN1c1cccc(Cl)c1,8.017598152160645,7.75933027267456,7.8884642124176025
CN(C)Cc1ccccc1Oc1ccc(N)c2cccnc12,6.332616329193115,5.084636211395264,5.7086262702941895
CC(=O)NCC(C)(C)CN1c2ccccc2Sc2ccc(Cl)cc21,6.406345367431641,3.625134468078613,5.015739917755127
O=C(CCCCCCCCCCCNc1noc2ccccc12)NC1CCCc2ccccc21,6.308384418487549,6.360898017883301,6.334641218185425
O=C1CN(Cc2cccc3c2CCCN3Cc2ccccc2)C1=O,7.127723217010498,5.098671913146973,6.113197565078735
COc1cc2c(cc1OC)C(C)N(C(=O)c1ccc(-c3ccccc3)[nH]1)CC2,5.631451606750488,6.2168169021606445,5.924134254455566
CCCN(Cc1ccco1)C1CCc2c(O)cccc2C1,7.523068428039551,8.317122459411621,7.920095443725586
CC1CN(C2CCN(CC3COc4ccccc4O3)CC2)CCN1C(C)c1ccc(S(=O)(=O)C2CC2)cc1,6.658888339996338,6.415021896362305,6.536955118179321
CCN(CC)C(=O)NC1Cc2c(cc3c[nH]c4c3c2C=CC4)N(C)C1,8.286233901977539,9.04771900177002,8.66697645187378
CCN(CC)C(=O)NC1CC2=C(Cc3c[nH]c4cccc2c34)N(C)C1,8.485456466674805,8.415810585021973,8.450633525848389
COc1ccc(S(=O)(=O)NC(CCO)C(=O)N2CCN(c3ncccn3)CC2)cc1,5.737789154052734,5.578393936157227,5.6580915451049805
CC(=O)NC1CCC(CCN2CCN(c3ccccc3OCCF)CC2)CC1,8.09903335571289,8.309432983398438,8.204233169555664
CC1CN(Cc2ccccc2)CCN1CCC12CC3CC(CC(C3)C1)C2,5.084634780883789,6.656336784362793,5.870485782623291
COc1ccccc1N1CCN(CCCCNC(=O)c2ccc(-c3ccccc3)cc2)CC1,7.363232612609863,8.831465721130371,8.097349166870117
CN1CCCC1Cc1c[nH]c2ccc(C3=CCN(C(=O)NCc4c[nH]c5ccccc45)CC3)cc12,6.948672294616699,6.53008508682251,6.7393786907196045
CCN1CCc2cccc3c2C1Cc1ccc(O)c(O)c1-3,8.332853317260742,7.980915069580078,8.15688419342041
COc1cc2c(cc1OC)C1=NOC(CN3CCN(Cc4ccccc4)CC3)C1CO2,6.183427333831787,6.323745250701904,6.253586292266846
N#Cc1cccc2c1-c1ccc(N3CCN(c4cccc(C(F)(F)F)c4)CC3)cc1CC2,6.107009410858154,5.210958957672119,5.658984184265137
CCCN1CCc2cc(O)cc3c2C1Cc1ccc(O)c(O)c1-3,8.598224639892578,8.880327224731445,8.739275932312012
COc1ccccc1N1CCN(CCCCc2nc3ccccc3[nH]2)CC1,8.415395736694336,7.785120010375977,8.100257873535156
CCCN(CCCCN1C(=O)CC2(CCCC2)CC1=O)C1CCc2c(F)ccc(OC)c2C1,7.205087184906006,8.754805564880371,7.9799463748931885
COc1cccc(N2CCN(CCCCNC(=O)c3ccc(Oc4ccccc4)cc3)CC2)c1,6.526498794555664,7.924721717834473,7.225610256195068
COc1ccc2[nH]cc(CCNc3nc(-c4cccc5c(Cl)cc(Cl)cc45)no3)c2c1,6.734074115753174,5.812437057495117,6.2732555866241455
CC(C)(C)c1nc(N2CCN(CCCCNC(=O)c3ccc4ccccc4c3)CC2)cc(C(F)(F)F)n1,6.36329984664917,8.034561157226562,7.198930501937866
CCCN1CCCCC2Cc3n[nH]cc3CC21,7.406299591064453,7.602911472320557,7.504605531692505
COc1ccccc1N1CCN(CCN(C(=O)C23C4C5C2C2C3C4C52I)c2ccccn2)CC1,7.1265411376953125,5.760276317596436,6.443408727645874
CCN(CC)C(=O)NC1Cc2c(cc3c[nH]c4c3c2C=CC4)N(C)C1,8.286233901977539,9.047680854797363,8.666957378387451
O=C(CCCCCCCC(=O)Oc1ccc2c(c1)C13CCCCC1C(C2)N(CC1CCC1)CC3)Nc1ccc2c(c1)OCO2,6.407031536102295,6.321564674377441,6.364298105239868
CCN(CC)CCN1c2ccccc2Sc2ccc(Cl)cc21,7.458430290222168,6.6293230056762695,7.043876647949219
Oc1[nH]cc2cc(F)c(OCCCN3CCN(c4cccc5cc(F)ccc45)CC3)cc12,8.232381820678711,7.963079452514648,8.09773063659668
O=C(NCCCCN1CCN(c2cccc(Cl)c2Cl)CC1)c1cc2ccccc2s1,7.238006114959717,9.093591690063477,8.165798902511597
COc1ccccc1N1CCN(CCn2c(O)nc3c4ccccc4nc-3c2O)CC1,7.07286548614502,7.220005989074707,7.146435737609863
O=C(NCCCCN1CCN(c2cccc(Cl)c2Cl)CC1)c1cc2ccccc2[nH]1,7.3425798416137695,9.33303451538086,8.337807178497314
O=C(CCCN1CC=C(n2c(O)nc3ccccc32)CC1)c1ccc(F)cc1,8.367292404174805,7.846202850341797,8.1067476272583
COc1ccccc1N1CCN(CCCNC(=O)C23CC4CC(CC(C4)C2)C3)CC1,6.792867660522461,6.746308326721191,6.769587993621826
Cc1ccc(NC(=O)NCC2CCCN2S(=O)(=O)c2ccc3c(c2)CCCN3C)cc1,7.418320655822754,6.534092426300049,6.976206541061401
COc1ccc2[nH]c(SCc3cccnc3)nc2c1,5.667470932006836,6.015211582183838,5.841341257095337
CCN1CCN(c2ccc(Nc3ccc(C#N)cc3)cc2)CC1,6.889768123626709,5.806264877319336,6.3480165004730225
O=C1c2c(O)ccc(O)c2C(=O)C1c1ccc(O)c(O)c1,5.7292256355285645,5.464022636413574,5.596624135971069
CCCN(CCC)C1COc2cccc(OC)c2C1,6.740850448608398,7.199049472808838,6.969949960708618
O=C(NC1CCc2c(Cl)cccc21)C1CCN(S(=O)(=O)c2cccc(I)c2)CC1,7.711625576019287,6.651817798614502,7.1817216873168945
O=S(=O)(NCCCCN1CCC(c2noc3cc(F)ccc23)CC1)c1cc2ccccc2s1,7.821849822998047,8.171528816223145,7.996689319610596
Oc1nc2ccc(OCCN3CCN(c4ccccc4)CC3)cc2s1,7.809458255767822,7.019611358642578,7.4145348072052
CCC(C)C(=O)NC(Cc1ccc2c(c1)OCO2)C(=O)NCCC#N,7.470274925231934,5.2330498695373535,6.3516623973846436
O=C1C2Cc3c([nH]c4ccccc34)C(c3ccccc3Br)N2C(=O)N1CCCN1CCN(c2ccccc2F)CC1,5.662363052368164,6.963820457458496,6.31309175491333
CCN(CC)c1ccc(C=Cc2ccncc2)cc1,5.136435508728027,6.034773349761963,5.585604429244995
CCn1cc(-c2ccccn2)c(-c2ccc(F)cc2)n1,5.460707187652588,6.332019805908203,5.8963634967803955
Cc1ccc2c(N3CCN(CCc4cccc(N5CCCCC5=O)c4)CC3)cccc2n1,7.56407356262207,6.866511344909668,7.215292453765869
O=C(NC1CCC(CCN2CCN(c3ccc(Cl)cc3Cl)CC2)CC1)c1cc2ccccc2s1,7.242608070373535,8.658653259277344,7.9506306648254395
COc1ccccc1N1CCN(CCN(C(=O)C2CCC3CN(C(C)=O)CC32)c2ccccn2)CC1,7.094050884246826,6.270332336425781,6.682191610336304
N#Cc1ccccc1N1CCN(Cc2ccc(CN3CCCCC3=O)n2CC2CCCN2CCCCC2)CC1,,,
CC(C)COc1ccc(S(=O)(=O)N2CCN(CCCCCC(=O)NCCCN3CCC(O)CC3)CC2)cc1,5.456699371337891,5.374495029449463,5.415597200393677
COc1ccccc1N1CCN(CCCCNC(=O)C=Cc2ccc(Cl)cc2Cl)CC1,7.714298248291016,8.946033477783203,8.33016586303711
CC(NCC1CC1)c1ccccc1S(=O)(=O)NC1CCCC1,6.8677754402160645,8.317975997924805,7.592875719070435
O=C1NCCN1CCN1CCC(c2cn(-c3ccc(F)cc3)c3ccc(Cl)cc23)CC1,7.742376327514648,6.387310028076172,7.06484317779541
Oc1ccc2c(c1)OC(CNCCC1CCCCC1)CC2,8.588088989257812,8.4854736328125,8.536781311035156
O=C1NCCN1CCN1CCC(c2cn(-c3ccc(F)cc3)c3ccc(Cl)cc23)CC1,7.742376327514648,6.38731050491333,7.064843416213989
COc1ccccc1N1CCN(CCC2CCC(Nc3nccc4sccc34)CC2)CC1,8.060452461242676,8.229143142700195,8.144797801971436
O=C1N(CCN2CCCCCC2)CCN1c1ccc(Cl)cc1,7.604915618896484,6.885591983795166,7.245253801345825
COc1ccc(S(=O)(=O)n2ccc(CCN3CCN(c4cccc5nc(C)ccc45)CC3)c2)cc1,6.299994468688965,6.171109676361084,6.235552072525024
COc1ccccc1N1CCN(CCCCCCN2C(=O)c3ccccc3C2=O)CC1,7.397020816802978,7.289401054382324,7.343210935592651
COc1cc(CC(=O)NC2CCN(Cc3ccccc3)CC2)cc(OC)c1OC,7.353438377380371,6.5175957679748535,6.935517072677612
O=C(Nc1ccccc1)Nc1ccc(-c2nc3cc(Cl)ccc3c(=O)n2-c2ccccc2)cc1,6.5832600593566895,5.637672424316406,6.110466241836548
O=C(O)c1cccc(N2CCC3(CC2)CCN(Cc2cccc(Cl)c2)CC3)n1,6.739726066589356,6.109164237976074,6.424445152282715
C=CCN1CCC2Cc3nc(C)nn3CC21,7.592782497406006,6.674591064453125,7.133686780929565
COc1csc(CN2CCN(c3ccccc3)CC2CO)c1,5.744552135467529,6.257796287536621,6.001174211502075
O=C1CC2(CCN(CCc3ccccc3)CC2)Oc2ccc(C(F)(F)F)cc21,6.125706672668457,6.841043472290039,6.483375072479248
COc1ccc(NC(=O)NCCCCCN2CCN(c3ccccc3OC)CC2)cc1,7.908827304840088,6.908361911773682,7.408594608306885
O=C1N(CCN2CCCCC2)CCN1c1cccc(Cl)c1,8.017598152160645,7.75933027267456,7.8884642124176025
CN1CCN(C2=Nc3cc(Cl)ccc3Nc3ccccc32)CC1,6.543483257293701,7.039327621459961,6.791405439376831
O=C(NCCCN1CCN(c2cccc(Cl)c2Cl)CC1)c1cc2cc3c(cc2[nH]1)OCO3,6.904952526092529,7.685247421264648,7.295099973678589
CN(Cc1ccccc1)C1CCC2(CC1)OC(=O)c1ccccc12,6.126369953155518,6.903521060943604,6.5149455070495605
OC1(c2ccc(Br)cc2)CC2CCC(C1)N2Cc1coc2ccccc12,8.125388145446777,8.381101608276367,8.253244876861572
FC(F)(F)c1ccc(N2CCC(CNc3nccc4c3[nH]c3ccccc34)CC2)cc1,6.668053150177002,5.81391716003418,6.240985155105591
Cc1ccc2c(c1)N(CCCCN1CCC3(CC1)C(=O)c1ccccc1S2,,,
O=C(NCCCCN1CCN(c2nsc3ccccc23)CC1)c1cc2ccccc2s1,7.252906322479248,8.941497802734375,8.097202062606812
Cc1ccc2c(-c3nnc(SCCCN4CCc5cc6nc(-c7cc(C)nn7C)oc6cc5CC4)n3C)cccc2n1,5.921342372894287,7.629902839660644,6.775622606277466
O=C(NC(Cc1ccccc1)C(=O)NC1C(=O)N2CC=S(O)(O)=C12)OCc1ccccc1,7.243119239807129,5.806252479553223,6.524685859680176
COc1c(Cl)cc(Cl)cc1C(=O)NC1CCN(Cc2cccc(C(=O)N(CCCN3CCCC3)CC3CCCCC3)c2)CC1,6.762964725494385,6.84264612197876,6.802805423736572
CCOc1ccccc1C1CC(C)N(C)Cc2nc(N)[nH]c21,6.389841556549072,6.756675720214844,6.573258638381958
CCN(CCCCCN1C(=O)CC2(CCCC2)CC1=O)Cc1ccc(OC)cc1,5.874472618103027,6.737376689910889,6.305924654006958
Cn1c2c(c3ccc(Cl)c(Cl)c31)C(C#N)CCC2,6.686941146850586,4.723678112030029,5.705309629440308
COc1ccc2[nH]cc(CCNCC(O)c3cccc(Cl)c3)c2c1,5.673457622528076,6.419644355773926,6.046550989151001
CN1CCN(c2ccccc2NC(=O)COCCN2CC=C3(CC2)CC2CCCC3C2)CC1,,,
CCCN(CCC)C1CCc2ccc3[nH]c(O)cc3c2C1,7.509315013885498,7.736579895019531,7.622947454452515
CC(C)Oc1ccccc1N1CCN(Cc2ccc(C(=O)N3CCCCCC3)cc2)CC1,7.90960168838501,7.15589714050293,7.53274941444397
Clc1ccc(N2CCN(Cc3c[nH]c4ncccc34)CC2)cc1,5.580031871795654,5.619142532348633,5.5995872020721436
O=C(NCC1CCCCN1)c1cc2cc3cccc(Cl)c3nc2[nH]1,5.9626665115356445,6.977131843566895,6.4698991775512695
CCCN(CCC)C1CCc2c(F)cccc2C1,7.701069355010986,7.481559753417969,7.5913145542144775
O=C1N(CCN2Cc3ccccc3C2)CCN1c1cccc(C(F)(F)F)c1,6.323578834533691,8.029830932617188,7.1767048835754395
CCCCN1CCC(COC(=O)c2cc(Cl)c(N)c3c2OCCO3)CC1,6.44263219833374,6.789170265197754,6.615901231765747
O=C(NCCO)C1CCC2C(C1)N(Cc1cccc(I)c1)CC2c1ccccn1,6.999423027038574,7.055482864379883,7.0274529457092285
COc1ccccc1N1CCN(CCCCCCN2C(=O)c3ccccc3C2=O)CC1,7.397020816802978,7.289401054382324,7.343210935592651
Cc1cc(C2CC2)[nH]c1C=CC1CCC(=O)NCC1SCCN1C(=O)CN(Cc1ccccc1)C(=O)CC(F)(F)F,,,
COc1ccc2nc(O)c(CN(CCCOc3cccc4ccccc34)C(=O)O)cc2c1,6.542375564575195,5.214454174041748,5.878414869308472
Cc1ccc2c(-c3nnc(SCCCN4CCc5cc6nc(C(F)(F)F)oc6cc5CC4)n3C)cccc2n1,6.249937057495117,7.831132888793945,7.040534973144531
CCCN(CCc1ccc(Nc2ccc(F)cc2)cc1)C1CCc2[nH]ncc2C1,7.642301559448242,7.601056575775146,7.621679067611694
O=C(NC1CCc2cc(CCN3CCN(c4nsc5ccccc45)CC3)ccc21)c1cccs1,7.158439159393311,6.659482955932617,6.908961057662964
COc1ccccc1N1CCN(CCCCNC(=O)c2cc3ccccc3[nH]2)CC1,7.458228588104248,9.089479446411133,8.27385401725769
CCN(CC)C(=S)SSC(=S)N(CC)CC,4.748309135437012,6.475525379180908,5.61191725730896
CC(C)Oc1ccccc1N1CCN(Cc2cccc(C(=O)N3CCCC3)c2)CC1,7.550711631774902,7.362626075744629,7.456668853759766
FC(F)(F)c1ccc(N2CCN(CCCCc3ccc4c(c3)NC(=S)NC4)CC2)cc1,7.101839065551758,7.716710090637207,7.409274578094482
Fc1ccccc1N1CCN(Cc2nnc3n2-c2ccccc2CC3)CC1,6.039444923400879,5.9003071784973145,5.969876050949097
OCCC1CN(C2=CCC3CCCC(C2)N3Cc2ccc3c(c2)OCO3)CCN1,6.201354026794434,6.564741611480713,6.383047819137573
COc1ccccc1N1CCN(CCn2c(-c3cccs3)nc3ccccc32)CC1,6.556488037109375,6.739160537719727,6.647824287414551
COc1cccc(-c2cc3nc(-c4ccc5c(c4)NCC5)cn3n2)c1,,,
CC1CCN(c2ccc(Cl)c(Cl)c2)S(=O)(=O)N1CCCCCO,7.698657035827637,6.905363082885742,7.3020100593566895
CN1CCc2cc(Br)c(O)cc2C(c2ccc(N=S(C)(=O)O)cc2)C1,6.165427684783936,6.387579441070557,6.276503562927246
CCCN1CCC2Cc3n[nH]cc3CC2C1,6.729649543762207,7.470619678497314,7.100134611129761
Oc1ccccc1N1CCN(Cc2ccccc2)CC1,7.297430992126465,6.82088041305542,7.059155702590942
O=C(CCCCN1CCN(c2ccccc2O)CC1)c1ccc2ccccc2c1,8.166510581970215,8.586507797241211,8.376509189605713
CCCN1CCC(c2ccc(Nc3nc(Nc4cccc(F)c4C(N)=O)c4cc[nH]c4n3)c(OC)c2)CC1,6.814772605895996,5.557612419128418,6.186192512512207
Cc1ccccc1-c1c(-c2ccc3[nH]nc(C)c3c2)nnn1Cc1ccccc1,6.048036098480225,5.955398082733154,6.0017170906066895
O=C(NCCCC1CCN(Cc2ccc(Cl)c(Cl)c2)CC1)c1ccc(F)cc1,6.247009754180908,7.174000263214111,6.71050500869751
COc1cc(NC(=O)C(Cl)=C(Cl)S(O)=Cc2ccccc2)c(OC)cc1NC(=O)c1cnco1,6.049935340881348,5.82222318649292,5.936079263687134
COc1ccc2[nH]cc(CCN(C)C)c2c1,6.904086112976074,5.849705219268799,6.3768956661224365
Cn1ccc2c1CCN(C(=O)CCl)C2,5.719425678253174,6.018279552459717,5.868852615356445
Cc1nn(C)c(C)c1-c1ccc(N2CCC(NC(=O)C3CCCCC3)CC2)nc1,6.896115779876709,6.863265514373779,6.879690647125244
COc1ccccc1N1CCN(CC2COC(CN3C(=O)Cc4cccc(Cl)c4C3=O)(c3ccc(F)c(F)c3)O2)CC1,6.479594230651856,7.264900207519531,6.872247219085693
COc1ccccc1N1CCN(CCCCNC(=O)c2ccc(COCCOCCOCCOc3ccccc3C)cc2)CC1,6.977336883544922,7.586991310119629,7.282164096832275
CCCN1CCCCC2Cc3[nH]ncc3CC21,7.045985221862793,7.731147766113281,7.388566493988037
Cc1nsc(NC(=O)c2cc3cccc(F)c3[nH]2)n1,6.358578681945801,5.064861297607422,5.711719989776611
CCCN(CCCN1CCN(c2ccccc2OC)CC1)C1CCc2c(O)cccc2C1,8.01352596282959,7.888175964355469,7.950850963592529
OCCN1CCN(C2=Cn3cccc3Sc3ccc(Cl)cc32)CC1,7.902193546295166,8.303215026855469,8.102704286575317
CCCN1CCCC2Cc3nc(N)nc(O)c3CC21,6.495001792907715,8.457830429077148,7.476416110992432
COc1ccccc1N1CCN(CCCCSc2nnc(-c3cccc4ncoc34)o2)CC1,6.906590461730957,7.525304794311523,7.21594762802124
CN(C)CCCC(=O)NC1CCC(Nc2nc(Cl)cc(-c3c[nH]c4ncccc34)n2)CC1,6.872040748596191,7.189760208129883,7.030900478363037
CCc1ccc2c(c1)C(=O)N(CCCCCN1CCN(c3cccc4nc(C)ccc34)CC1)S2(=O)=O,7.630424499511719,7.002052307128906,7.3162384033203125
COc1ccccc1N1CCN(CCCCNC(=O)c2cc3ccccc3[nH]2)CC1,7.458228588104248,9.089479446411133,8.27385401725769
N#Cc1ccnc(N2CCN(CC(=O)NC3CCC(N4CCN(c5ccc(Cl)cc5Cl)CC4)CC3)CC2)c1,6.106856822967529,7.312973499298096,6.7099151611328125
N#Cc1ccc(-c2ccc(CSc3nnc(-c4ccc5[nH]c(CCN)nc5c4)n3CC3CC3)cc2)cc1,5.695536613464356,7.534700870513916,6.615118741989136
O=C1N(CCN2Cc3ccccc3CC2)CCN1c1cccc(C(F)(F)F)c1,6.459375858306885,7.872629165649414,7.166002511978149
CCOc1ccccc1N1CCN(CCCSc2nc3ccccc3s2)CC1,7.536023139953613,8.785518646240234,8.160770893096924
O=C(CC=Nc1ccccc1)C(C(=O)NNC(=O)c1ccco1)c1ccccc1,4.654380798339844,4.459070205688477,4.55672550201416
O=C1C2CCCN2C(=O)N1CCCCNCC1CCc2ccccc2O1,7.9306182861328125,7.527356147766113,7.728987216949463
COc1cccc(C#CC(C#N)=CCCN2CCN(c3ccccc3OC(F)(F)F)CC2)c1,6.790533065795898,6.551253318786621,6.67089319229126
CCCNC(=O)c1ccc(Nc2nc(CCC(F)(F)F)c3cc[nH]c3n2)cc1,7.540194988250732,6.301923751831055,6.9210593700408936
O=C(O)c1cc(-c2ccccc2I)no1,5.9375481605529785,5.721482753753662,5.82951545715332
CN(C)CC(C)(C)CN1c2ccccc2Sc2ccc(Cl)cc21,7.082622528076172,5.022616863250732,6.052619695663452
COc1ccccc1N1CCN(CCCCNS(=O)(=O)c2ccc(-c3ccccc3)s2)CC1,7.6747846603393555,8.250033378601074,7.962409019470215
CCOC(=O)c1[nH]c2cccc(O)c2c1CCNC,6.849631309509277,6.935433864593506,6.892532587051392
O=C1c2ccccc2C(=O)N1CCCCCN1CCN(c2noc3cc(F)ccc23)CC1,6.989561557769775,7.217513561248779,7.103537559509277
CN1CCN(C2Cn3cccc3Sc3ccc(F)cc32)CC1,8.455343246459961,8.19658088684082,8.32596206665039
CCc1cc(C(F)(F)F)nn1C1CCN(Cc2ccc(OC)c3nc(N4CCNC(C)C4)ccc23)CC1,6.777686595916748,6.446770191192627,6.6122283935546875
O=C1N(CCN2CCCCC2)CCN1c1cccc(Cl)c1,8.017598152160645,7.75933027267456,7.8884642124176025
O=C(NCCCCN1CCN(c2cccc(Cl)c2Cl)CC1)c1cc2cc(I)ccc2[nH]1,7.313976287841797,9.264910697937012,8.289443492889404
COc1ccccc1N1CCN(CCCCn2cc3ccccc3c2O)CC1,7.612094402313232,8.021550178527832,7.816822290420532
COc1cccc(CN2CCC(CNC(=O)c3c4n(c5cccc(Cl)c5n3)CC2)c1,,,
Cc1c(Cl)sc(NC(=O)NC2CCC(O)CC2)c1Cl,8.109789848327637,7.948131561279297,8.028960704803467
COc1ccccc1N1CCN(CCCCn2ncc(=O)n(C)c2=O)CC1,7.234968662261963,7.482704162597656,7.35883641242981
O=C(NCCCCCN1CCN(c2cccc(Cl)c2Cl)CC1)c1cc2ccc1CCc1ccccn1,,,
Oc1nc2c(O)ccc(C(O)CNCCCOCCNCCc3cccc4ccccc34)c2s1,5.69866943359375,7.076403617858887,6.387536525726318
O=C(NCCCCN1CCN(c2cccc(Cl)c2Cl)CC1)c1ccc(-c2ccccc2)cc1,7.198726654052734,8.894172668457031,8.046449661254883
COc1ccccc1N1CCN(CCCCNC(=O)c2nc3ccc2-c2cccc(Cl)c2)CC1,,,
CCN(CC)CCCN1c2ccccc2Oc2ccc(Cl)cc21,6.899889945983887,6.431694507598877,6.665792226791382
Cc1ncoc1-c1nnc(SCCCN2CC3CC3(c3ccc(F)cc3)C2)n1C,7.12682056427002,8.707328796386719,7.917074680328369
Clc1cccc(-c2cc3c(N4CCN(Cc5ccccc5)CC4)ncnc3o2)c1,6.956554889678955,6.31061315536499,6.633584022521973
O=C1N(CCN2CC3CCc4cccc(c43)C2)CCN1c1cccc(Cl)c1,7.15072774887085,7.502490997314453,7.326609373092651
COc1ccccc1N1CCN(CCCCCN2C(=O)C(CCN3CCCC3)CC2=O)CC1,7.038548946380615,7.791590690612793,7.415069818496704
CCc1cc(Oc2ccc(F)cc2F)ccc1S(=O)(=O)N1CCOCC1,5.946256160736084,5.368762016296387,5.657509088516235
COc1ccccc1N1CCN(CCCCNC(=O)c2ccsc2)CC1,7.342317581176758,9.010993957519531,8.176655769348145
CCCN(C)C1CCc2ccc3[nH]c(C(F)F)nc3c2C1,6.856287956237793,7.385776042938232,7.121031999588013
COc1cccc(NC(=O)CCCCCCN2CCN(c3cccc(Cl)c3Cl)CC2)c1,7.50567102432251,7.696432113647461,7.601051568984985
O=C(CCCCC#Cc1ccc2[nH]cnc2c1)NCCCN1CCN(c2cccc(C(F)(F)F)c2)CC1,8.119114875793457,6.781306266784668,7.4502105712890625
CCN(CCNC(=O)c1ccc(-n2ccnc2)cc1)c1cccc(F)c1,6.092181205749512,6.70874547958374,6.400463342666626
CCCN1CCC=C(c2ccc(Nc3nc(Nc4ccccc4C(N)=O)c4cc[nH]c4n3)c(C)c2)C1,7.050619125366211,5.90915060043335,6.47988486289978
CN(C)C(=O)N1CCc2cc(F)ccc2C1Cc1cccnc1,6.231977462768555,6.347046852111816,6.2895121574401855
COc1cc(N2CCN(C(=O)C3CC3c3ccccc3)CC2)ccc1Nc1ncc(Cl)c(Nc2ccccc2S(=O)(=O)C(C)C)n1,6.846763610839844,6.071784019470215,6.459273815155029
CCN(CC(=O)NC1CCN(Cc2ccc(F)cc2)C1)C(=O)c1c[nH]c2ccccc12,5.953310012817383,6.044558525085449,5.998934268951416
Cc1cc(-c2ccc3c(c2)CCN(CCCSc2nnc(-c4ccc(C(F)(F)F)cc4)n2C)CC3)no1,6.224146842956543,8.459134101867676,7.341640472412109
CCCN(CCC)C1CCc2c(F)cccc2C1,7.701069355010986,7.481559753417969,7.5913145542144775
CCc1ccc(-n2c(CCC(=O)NCCc3ccc(OC)c(OC)c3)nc(CN3CCCCC3)c2CO)cc1,7.441278457641602,6.329071998596191,6.8851752281188965
Oc1nc2ccccc2n1CCCN1CC=C(c2ccccc2)CC1,7.663511276245117,7.726603984832764,7.69505763053894
Oc1[nH]cc2ccc(OCCCN3CCN(c4cccc5c4COC5)CC3)cc12,7.460609436035156,7.445815563201904,7.45321249961853
FC(F)(F)c1cc(Oc2ccc3[nH]c(N4CCN(c5nccs5)CC4)nc3c2)cc(C(F)(F)F)c1,5.844693660736084,6.133162975311279,5.988928318023682
Cn1nc(C(F)(F)F)c2c(=O)c3cc(Cl)ccc3n(O)c21,7.026393413543701,6.013607978820801,6.520000696182251
CCC1(CC)C(=O)N(CCN2CCN(c3cccc(C(F)(F)F)c3Cl)CC2)C(=O)C1=O,7.346613883972168,8.481689453125,7.914151668548584
CN1C(=O)CCC1CNC(=O)c1cc(Br)ccc1OCC(F)(F)F,7.071752548217773,7.1500396728515625,7.110896110534668
Cc1cccc(C)c1N1CCN(CCCCNC(=O)C=Cc2ccc(F)cc2)CC1,6.963040828704834,8.103242874145508,7.533141851425171
CCCCN(CC)C1CCc2c(Br)cccc2C1,7.890359401702881,7.545397758483887,7.717878580093384
COc1ccccc1N1CCN(CCCCNC(=O)c2cccc3c2OCC(=O)N3)CC1,7.828797340393066,7.843631744384766,7.836214542388916
COc1cccc(Cn2cc(-c3ccc4[nH]ncc4c3)nn2)c1,6.501542568206787,6.008913993835449,6.255228281021118
Oc1[nH]cc2ccc(OCCCN3CCN(c4cccc5cccc(F)c45)CC3)c(O)c12,8.346563339233398,8.135668754577637,8.241116046905518
CCCC(=O)NC1CCC(CCN2CCN(c3cccc(Cl)c3Cl)CC2)CC1,8.401382446289062,9.22984790802002,8.815615177154541
COc1ccccc1OCCNCC1CN(c2ccc(Cl)c(Cl)c2)C(=O)O1,7.191769599914551,7.11161470413208,7.151692152023315
COc1ccccc1N1CCN(CCCOc2ccc3c(c2)N(C)C(=O)CO3)CC1,7.083023071289063,6.865652084350586,6.974337577819824
CCCN(CCN1CCN(c2ccccc2OC)CC1)C1CCc2nc(N)sc2C1,7.395110130310059,8.347671508789062,7.8713908195495605
CCCN(CCc1ccccn1)C1CCc2c(O)cccc2C1,8.083304405212402,8.330033302307129,8.206668853759766
N#Cc1ccccc1N1CCN(CCCCc2c[nH]c3ccc(I)cc23)CC1,8.10917854309082,7.845747947692871,7.977463245391846
COc1ccccc1N1CCN(CCCCNC(=O)c2cnc3c(-c4ccccc4)cc(F)cc3c2)CC1,7.260107040405273,8.452445983886719,7.856276512145996
OC1(c2ccc(Cl)cc2)CC2CCC(C1)N2Cc1coc2ccccc12,7.902397632598877,8.243313789367676,8.072855710983276
CN(C)CCN1CCCCC1Cn1nc(Cc2ccc(Cl)cc2)c2ccccc2c1=O,6.18152379989624,7.020209789276123,6.600866794586182
N#Cc1ccc(C(=O)NC2CCC(N3CCN(c4ccc(C(F)(F)F)nc4)CC3)CC2)cc1,6.274455547332764,7.805735111236572,7.040095329284668
CCCN(CCCNc1ccnc2cc(Cl)ccc12)Cc1ccccc1OC,6.3459577560424805,6.323226451873779,6.33459210395813
COc1ccccc1N1CCN(CCCCNC(=O)c2ccc3ccccc3c2)CC1,7.298825263977051,8.823209762573242,8.061017513275146
COc1ccccc1N1CCN(CCCCCNC(=O)C=Cc2ccccc2)CC1,7.56961727142334,8.09689998626709,7.833258628845215
Fc1ccc(-c2nc(-c3ccc(F)cc3)c(-c3ccncc3)[nH]2)cc1,6.332300186157227,6.435073852539063,6.3836870193481445
CN1CCN(C2=Nc3cc(Cl)ccc3Nc3ccccc32)CC1,6.543483257293701,7.039327621459961,6.791405439376831
CN1CCN(c2ccccc2NC(=O)c2ccc(C#Cc3ccccc3)cc2)CC1,5.503827095031738,5.982247829437256,5.743037462234497
COc1cccc(N2CCN(CCNC(=O)c3cnn(-c4ccccc4)c3C3CC3)CC2)c1,6.025513172149658,6.756217002868652,6.390865087509155
Cc1ccc(-c2ccc3c(c2)CCC(N2CCN(CC(=O)NCc3ccc(F)cc3Cl)CC2)CC3)cc1,6.3862504959106445,7.183287143707275,6.78476881980896
Cc1ccc2c(c1)c(C1=CCN(CCN3C(=O)c4ccccc4C3=O)CC1)cn2C,6.473373889923096,6.846216201782227,6.659795045852661
COc1ccccc1N1CCN(CCCCNC(=O)c2ccc3c(c2)CCCC3)CC1,7.961955547332764,8.39513111114502,8.178543329238892
COc1cccc(C(=O)NCCCCN2CCN(c3cccc(Cl)c3Cl)CC2)c1,7.145890235900879,9.06395435333252,8.1049222946167
O=S(=O)(NC1CCC(CCN2CCN(c3cccc(Cl)c3Cl)CC2)CC1)c1ccc2ccccc2c1,7.830300331115723,8.54770278930664,8.189001560211182
O=C1N(CCN2CCCc3ccccc32)CCN1c1cccc(Cl)c1,7.236344337463379,6.868823528289795,7.052583932876587
CC(C)(C)N1CCN(CCCNC(=O)c2cc3cc4ccccc4nc3[nH]2)CC1,5.087794780731201,6.900149822235107,5.993972301483154
CCCN(CCN1CCN(c2cccc(Cl)c2)CC1)C1CCc2nc(N)sc2C1,6.959209442138672,8.599725723266602,7.779467582702637
COc1ccccc1N1CCN(CCCCc2ccc3c(c2)sc(=O)n3CCN2CCC(c3ccccc3)CC2)CC1,7.675728321075439,7.068295955657959,7.372012138366699
OCCN1CCN(CCCN2c3ccccc3Sc3ccc(C(F)(F)F)cc32)CC1,6.477129936218262,6.448475360870361,6.4628026485443115
Cc1c(-c2ccc3c(c2)NC(=O)CCO3)oc2ccc(C#N)cc12,6.78234338760376,4.938884735107422,5.860614061355591
COc1ccc(CCN(C)CCCCCCN(C)CCCc2nc3ccccc3[nH]2)cc1,5.934457778930664,6.562419414520264,6.248438596725464
CCOc1nc(OCC)ncc1S(=O)(=O)NCCc1c[nH]cn1,7.512637138366699,7.139083862304688,7.325860500335693
Oc1cc2c(OCCNCc3ccccc3)ccc(Cl)c2[nH]1,8.818074226379395,7.795685768127441,8.306879997253418
CC(C)(C)OC(=O)NC(C)(Cc1c[nH]c2ccccc12)C(=O)NC1CCCN2C(=O)N(C3CCC3)C(=O)CC12,8.218716621398926,7.730863571166992,7.974790096282959
Cc1ccc2c(c1)N(CC(=O)N1CC3CCC(C1)N3C)CC2,5.780481815338135,7.984245777130127,6.882363796234131
Cc1cc(CCCCN2CCN(c3ccccc3Cl)CC2)nn1C,7.535984992980957,7.07270622253418,7.304345607757568
O=C(NCCCCN1CCN(c2cccc(Cl)c2Cl)CC1)c1cc2c3c(ccn3CCF)cc(F)cc1F,,,
O=C1N(CCN2Cc3ccccc3C2)CCN1c1cccc(Cl)c1Cl,6.489251613616943,7.636100769042969,7.062676191329956
Cc1nc2ccccn2c(=O)c1CCN1CCc2oc3ccccc3c2C1,6.601320743560791,6.93717098236084,6.769245862960815
CC(C)(Oc1ccccc1Cl)C1OCC(CC=CCCC(=O)O)C(c2ccc3c(c2)OCO3)O1,6.334030628204346,5.077915191650391,5.705972909927368
Cc1c(F)ccc2c1CCC1=NCCN1C2=O,5.091614723205566,6.779072284698486,5.935343503952026
COc1ccccc1N1CCN(CCCCCC(=O)N2Cc3ccccc3CC2C(C)N)CC1,7.073514461517334,7.098575592041016,7.086045026779175
CCN(CC)C(=O)NC1Cc2c(cc3c[nH]c4c3c2C=CC4)N(C)C1,8.286233901977539,9.04771900177002,8.66697645187378
Oc1nc2c(O)ccc(C(O)CNCCc3ccc(CNCCc4c(Cl)cccc4Cl)cc3)c2s1,6.490293979644775,6.802860736846924,6.64657735824585
COc1cc(N)c(Cl)cc1C(=O)NC1CCN(CCCCCCC(=O)N2CCCC2)CC1,7.364375114440918,7.607117652893066,7.485746383666992
O=C(NC1CCCC1)C1CCN(CCCOc2ccc3cc(O)ccc3c2)CC1,7.292504787445068,7.878609657287598,7.585557222366333
Ic1cccc(N2CCN(CCCCOc3ccc4c(c3)CCC4)CC2)c1,8.164885520935059,8.083270072937012,8.124077796936035
Fc1ccccc1N1CCN(CC2COC3(CCCCC3)O2)CC1,6.365610599517822,6.371702194213867,6.368656396865845
COc1cc(N2CCN(C(C)C)CC2)ccc1Nc1nc(Nc2cccc(F)c2C(N)=O)c2cc[nH]c2n1,6.424073219299316,5.535849571228027,5.979961395263672
N#Cc1ccc2[nH]c(O)c(-c3ccc(-c4ccc5c(c4)OCO5)cc3)c2c1,7.803701400756836,6.368215084075928,7.085958242416382
CN1CCCN(c2cccc(Nc3nccc(-c4c(C(N)=O)nc5ccccn45)n3)c2)CC1,5.520152568817139,5.0570149421691895,5.288583755493164
COc1cccc(CNc2ccc(S(=O)(=O)Nc3ccc(C4CCN(CC5CCC5)CC4)cc3)cc2)c1,6.441678047180176,6.710588455200195,6.5761332511901855
OCCN1CCN(C2Cn3cccc3Sc3ccc(F)cc32)CC1,7.845658302307129,7.513327598571777,7.679492950439453
Cc1cccc(N2CCN(CCCNS(=O)(=O)c3ccc4ccccc4c3)CC2)c1C,6.802407264709473,6.951020240783691,6.876713752746582
Cc1ccccc1-n1cc(-c2ccc(O)cc2)c2ccc(O)cc21,7.474170207977295,5.972106456756592,6.723138332366943
O=C(CN1CCN(CCOc2ccc3c(c2)OCO3)CC1)N1CCc2c([nH]c3ccccc23)C1,6.895853519439697,6.44460916519165,6.670231342315674
Oc1[nH]cc2cc(F)c(OCCCN3CCN(c4cccc5cc(F)ccc45)CC3)cc12,8.232381820678711,7.963079452514648,8.09773063659668
CCCN1CCCC2Cc3n[nH]cc3CC21,7.44373893737793,7.752826690673828,7.598282814025879
N#Cc1cccc2c1C1CCN(CCCCN3C(=O)CC4(CCCC4)CC3=O)CC1,,,
CCCN(CCN1CCN(c2ccc(-c3ccccc3)cc2)CC1)C1CCc2c(O)cccc2C1,7.487314701080322,8.477007865905762,7.982161283493042
O=C1CCc2ccc(OCCCCN3CCN(c4cccc(Cl)c4Cl)CC3)nc2N1,8.820858001708984,7.946710586547852,8.383784294128418
Cn1nc(C(F)(F)F)c2c1CCN(C1CCC3CCC1S3)C2,6.937396049499512,8.022829055786133,7.480112552642822
O=C(CCCN1CCC2(CC1)C(=O)N(Cc1ccc(-c3ccccc3)cc1)CN2c1ccc(F)cc1)c1ccccc1,8.517715454101562,7.474120616912842,7.995918035507202
CCCN(CCC1CCC(NS(=O)(=O)c2cccc3cnccc23)C1)C1CCc2nc(N)sc2C1,7.210517883300781,8.837029457092285,8.023773670196533
CC(C)CCN1CCC2(CC1)C(=O)N(CCCCN1CCN(c3cccc(Cl)c3Cl)CC1)CCC(=O)N2C,8.026942253112793,9.065065383911133,8.546003818511963
CN1CCCC1Cn1nc(Cc2ccc(Cl)cc2)c2ccccc2c1=O,6.43051290512085,6.615733623504639,6.523123264312744
COc1cccc(Cn2cc(CN3CCN(c4ccccn4)CC3)c(-c3cccc(OC)c3)n2)c1,6.612493515014648,5.941132545471191,6.27681303024292
CC1CCCCN1CCCNC(=O)c1cc2nc(N3CCN(C(=O)c4cnc(Cl)cc4Cl)CC3)c3cccnc3n2n1,5.621451377868652,6.534030437469482,6.077740907669067
CCOc1ccccc1N1CCN(CCCCN(C(=O)Cc2ccc(F)cc2)c2ccccn2)CC1,7.35141658782959,7.149591445922852,7.250504016876221
O=C1CN(CCCOc2ccc3[nH]cnc3c2)CCN1CCc1ccccc1,6.897419452667236,6.73930025100708,6.818359851837158
CC(C)(C)NC(=O)NCCCCN1CCN(c2noc3cc(F)ccc23)CC1,6.745702743530273,7.926276206970215,7.335989475250244
N#Cc1ccc2[nH]cc(CCCCN3CCN(c4ccc5[nH]c(-c6ccc(C(N)=O)cc6)nc5c4)CC3)c2c1,7.182626724243164,7.280717849731445,7.231672286987305
CN1CCN(C(=O)c2ccc(O)cc2O)CC1,5.18604850769043,6.534497261047363,5.8602728843688965
O=C1CC(c2ccccc2)C(CN2CCN(c3cccc(Cl)c3Cl)CC2)C1,6.901055335998535,6.471764087677002,6.6864097118377686
COc1ccc(CC(=O)NCC2CCCO2)cc1CC=C(C)C,5.633397102355957,5.0451273918151855,5.339262247085571
O=C1NCCN1CCN1CCC(c2cn(-c3ccc(F)cc3)c3ccc(Cl)cc23)CC1,7.742376327514648,6.387310028076172,7.06484317779541
NC(N)=NN=Cc1c(-c2ccccc2)[nH]c2ccccc12,6.804057598114014,4.66684627532959,5.735451936721802
Cc1cc2c(-n3ccnc3)nc(-c3ccc(F)cc3)nc2s1,4.5582275390625,5.664726734161377,5.1114771366119385
Clc1cc(-c2c[nH]c3ncccc23)nc(NC2CCCCC2)n1,6.919334411621094,5.822547435760498,6.370940923690796
O=C(O)CC1CCC(c2ccc(C(=O)NC3CCC(CCF)CC3)cc2)CC1,6.1161651611328125,6.621845722198486,6.369005441665649
Oc1[nH]cc2ccc(OCCCCN3CCN(c4cccc5c4COCC5)CC3)cc12,8.025102615356445,7.688166618347168,7.856634616851807
CCc1nc2cc3c(cc2[nH]1)CCN(CCCSc1nnc(-c2ocnc2C)n1C)CC3,5.990674018859863,7.3300862312316895,6.660380125045776
COc1ccccc1N1CCN(CCn2c(O)nc3ccccc32)CC1,7.720288276672363,6.826447486877441,7.273367881774902
Cc1ccc2c(CCN)c[nH]c2c1-c1ccccc1,5.8585076332092285,5.762059688568115,5.810283660888672
COc1cccc2c1CCC1CN(CCn3c(=O)[nH]c4sccc4c3=O)CC21,7.711802005767822,7.611836433410644,7.661819219589233
Oc1ccc2c(c1)OC(CNCCN1CCN(c3ccccc3OC(F)(F)F)CC1)CC2,9.182560920715332,8.099852561950684,8.641206741333008
COc1ccc(S(=O)(=O)NCC2CCC(N(Cc3ccccc3)C(=O)CCCN3CCN(c4ccc(F)cc4OC)CC3)CC2)cc1OC,7.325340747833252,7.319663047790527,7.32250189781189
CCCN(CCC)C1CCc2cccc(O)c2C1,7.518751621246338,8.177104949951172,7.847928285598755
CSc1ccc(C(=O)NCCCCCCN2CCN(c3nsc4ccccc34)CC2)cc1,7.54203987121582,8.119828224182129,7.830934047698975
COc1cc(OC)cc(C(=O)NCCCCN2CCN(c3ccccc3OC(C)C)CC2)c1,7.055943489074707,8.442675590515137,7.749309539794922
Fc1ccc(OC(F)(F)F)c(CN2CCN(CCCc3c[nH]c4ccc(F)cc34)CC2)c1,6.602845668792725,6.396233558654785,6.499539613723755
Cc1ccc2c(-c3nnc(SCCCN4CCc5cc6nc(C(C)(C)C)oc6c(C)c5CC4)n3C)cccc2n1,6.061799049377441,7.755856990814209,6.908828020095825
Cn1cc(C=C2C(=O)Nc3ccc(S(N)(=O)=O)cc32)c2ccccc21,6.628817558288574,6.620325088500977,6.624571323394775
O=C(NC1CCN(Cc2ccc3c(c2)OCO3)CC1)c1ccc(-c2ccc(F)cc2)cc1,7.152843475341797,6.985284805297852,7.069064140319824
O=S(=O)(NCCCN1CCN(c2noc3ccccc23)CC1)c1ccc(Cl)c(Cl)c1,6.732707500457764,7.255265235900879,6.993986368179321
COc1cccc(C(=O)NCCCCN2CCN(c3ccccc3SC)CC2)c1,7.308677196502685,8.606969833374023,7.9578235149383545
CN1C(C(=O)NC2(C)OC3(O)C4CCCN4C(=O)C(Cc4ccccc4)N3C2=O)CC2c3cccc4[nH]cc(c34)CC21,8.16970157623291,8.73105239868164,8.450376987457275
CCCN1CCC2(CC1)Oc1ccc(Br)cc1C1CC(c3ccc(F)cc3)=NN12,7.276058197021484,8.601407051086426,7.938732624053955
CC(C)CC1n2cncc2CN(Cc2cccc(Cl)c2)S1(=O)=O,8.350142478942871,7.336304187774658,7.843223333358765
N#Cc1ccc(OCC2CCN(CC3CNC(C4CCCCC4)C3)CC2)cc1Cl,5.90210485458374,7.899027347564697,6.900566101074219
COc1ccccc1N1CCN(CCCCc2cn(-c3ccccn3)nn2)CC1,7.444415092468262,7.382582664489746,7.413498878479004
CCOc1ccccc1N1CCN(CCCCCC(=O)NC2CCCc3ccccc32)CC1,7.33467960357666,7.716540336608887,7.525609970092773
Oc1ccc2c(c1)=CCC=2c1c(O)[nH]c2ccccc12,7.264041423797607,6.939640045166016,7.1018407344818115
COc1ccccc1N1CCN(CCCCNC(=O)c2cc3ccccc3o2)CC1,7.030130386352539,8.543241500854492,7.786685943603516
Oc1cc2c(n1)CCC(CNCCc1ccc(Cl)cc1)C2,,,
COc1ccccc1N1CCN(CCn2c(O)nc3c4ccccc4nc-3c2O)CC1,7.07286548614502,7.220005989074707,7.146435737609863
CC1CN(CCCc2ccccc2)CCN1C(=O)Cc1ccc(Cl)c(Cl)c1,6.07572078704834,6.140240669250488,6.107980728149414
O=C(CCCCN1CCN(c2cccc(Cl)c2Cl)CC1)c1cc2cc3c(cc2[nH]1)CCCC3,8.195409774780273,8.226350784301758,8.210880279541016
CC(C)CC(NC(=O)c1ccccn1)C(=O)N1CCCC1C(=O)NCc1ccccc1,6.626838684082031,6.182804584503174,6.4048216342926025
CCCN(CCN1CCN(c2ccccc2=O)CC1)C1CCc2c(O)cccc2C1,,,
COc1ccccc1N1CCN(CCCCNC(=O)c2cc3cccnc3[nH]2)CC1,7.307602405548096,8.705699920654297,8.006651163101196
OC1(c2ccc(I)cc2)CCN(Cc2coc3ccccc23)CC1,8.048614501953125,7.629380226135254,7.8389973640441895
COc1cccc(C(=O)NCCCN2CCN(c3ccccc3C(N)=O)CC2)c1OC,6.9901957511901855,7.075607776641846,7.032901763916016
CC(NCCc1ccccc1)C1CCN(CCCc2c[nH]c3ccc(-n4cnnc4)cc23)CC1,6.172084808349609,6.488709449768066,6.330397129058838
CN1CCc2cccc3c2C1Cc1cccc(O)c1-3,6.989553451538086,7.396730422973633,7.193141937255859
COc1ccc(S(=O)(=O)Nc2ccc3c(-c4ccc(N5CCN(C)CC5)cc4)[nH]nc3c2)cc1,6.074178218841553,5.792308330535889,5.933243274688721
O=C(NCCCCN1CCN(c2cccc(Cl)c2Cl)CC1)c1cc2ccccc2s1,7.238006114959717,9.093591690063477,8.165798902511597
OC1(c2ccc(Cl)c(Cl)c2)CC2CCC(C1)N2Cc1coc2ccc(F)cc12,8.001953125,8.781938552856445,8.391945838928223
Clc1ccc(N2CCN(CCCNCc3ccc4c(c3)NC(=O)CO4)CC2)cc1,5.655188083648682,6.285664081573486,5.970426082611084
CC(C)(C)c1nc(N2CCN(CCCCNC(=O)c3ccc4ccccc4c3)CC2)cc(C(F)(F)F)n1,6.36329984664917,8.034561157226562,7.198930501937866
CCCN(CCC)C1CCc2c(ccc(O)c2O)C1,8.462950706481934,9.167142868041992,8.815046787261963
O=C1COc2cc(CCN3CCN(c4nsc5ccccc45)CC3)ccc2N1,7.884477615356445,6.566232204437256,7.225354909896851
CCC(=O)NC1CCc2cc(CCN3CCN(c4nsc5ccccc45)CC3)ccc21,7.474533081054687,6.754190444946289,7.114361763000488
O=C1NCN(c2ccccc2)C12CCN(Cc1ccc(I)cc1)CC2,8.60000228881836,8.304834365844727,8.452418327331543
Cc1c(O)n[nH]c1CC1CCCN1Cc1ccc(C(=O)NCCCCCC(=O)N2CCN(Cc3ccc4c(c3)OCO4)CC2)cc1,6.874817371368408,7.085116863250732,6.97996711730957
CCCN1CCCC1CNC(=O)c1cc(Cl)c(O)cc1OC,7.008778095245361,8.472326278686523,7.740552186965942
Oc1ccc2c(c1)OC(CNCCCOc1cccc3[nH]c(-c4ccc5ccccc5c4)nc13)CC2,8.332959175109863,8.526297569274902,8.429628372192383
O=C(NCCCCN1CCN(c2ccc(Cl)c(Cl)c2)CC1)c1ccoc1,6.223110675811768,8.366649627685547,7.294880151748657
O=C1CCc2ccc(OCCCCN3CCN(c4cccc(Cl)c4Cl)CC3)nc2N1,8.820858001708984,7.946710586547852,8.383784294128418
COc1ccccc1N1CCN(CCCCNC(=O)c2ccc(-c3ccccc3)cc2)CC1,7.363232612609863,8.831465721130371,8.097349166870117
N#Cc1ccc(Cl)c2c1CCN(CCCCOc1ccc3nc(O)nc(N)c3c1)C2,7.751351833343506,7.870282173156738,7.810817003250122
Cc1c(C)c2c(c(C)c1O)CCC(C)(CN1CCN(c3ccccc3OCCF)CC1)O2,7.9981865882873535,7.237607002258301,7.617896795272827
O=C(NCCCCN1CCN(c2cccc(Cl)c2Cl)CC1)c1cc2ccccc2[nH]1,7.3425798416137695,9.33303451538086,8.337807178497314
COc1ccc2c(c1)CCN(CCCCCOc1cc(-c3cscn3)ccc1CC2,,,
O=C1CCc2ccc(OCCCCN3CCN(c4cccc(Cl)c4Cl)CC3)nc2N1,8.820858001708984,7.946710586547852,8.383784294128418
CCCN(CCCNc1ccnc2cc(Cl)ccc12)Cc1cc(OC)ccc1O,6.565739154815674,6.306558609008789,6.4361488819122314
Oc1nc2cnc(-n3cnc4ccc(F)cc43)nc2n1C1CCOc2c(F)cccc21,6.502740383148193,5.217884540557861,5.860312461853027
O=C1C=CC(=NNC(=O)c2ccc(-c3ccc(O)cc3O)cc2)C=C1,6.992915153503418,6.440375804901123,6.7166454792022705
COc1c(N2CCN(C3CCc4ccc(OC)cc4C3)CC2)cc(Cl)c2cccnc12,6.224270343780518,6.6270365715026855,6.425653457641602
Clc1cccc(N2CCN(CCCCc3c[nH]c4ccc(-n5cnnc5)cc34)CC2)c1,7.645012855529785,7.105967044830322,7.375489950180054
CC1CN(CCCCOc2ccccc2N2CCN(C(=O)CCc3ccc(Cl)cc3)CC2)CCN1,6.672050952911377,6.476403713226318,6.574227333068848
CCCN(CCCCN1C(=O)c2ccccc2C1=O)C1CCc2c(O)cccc2C1,7.842014312744141,8.159013748168945,8.000514030456543
CCN(CC)C(=O)NC1Cc2c(cc3c[nH]c4c3c2C=CC4)N(C)C1,8.286233901977539,9.04771900177002,8.66697645187378
N#Cc1cccnc1N1CCC(CN2CC=C(c3ccccc3)CC2)CC1,6.705564022064209,7.870843887329102,7.288203954696655
CC(CCC(=O)NCCC(=O)NCC1CCC(CNS(=O)(=O)c2ccccn2)CC1)(c1ccccc1)c1ccccc1,7.372432231903076,6.732542991638184,7.05248761177063
CCCN(CCC)C1CCc2c(cccc2-c2ccccc2)C1,7.303905487060547,7.553224563598633,7.42856502532959
CC(NCCc1cn(-c2ccc(F)cc2)c2ccc(Cl)cc12)C(=O)Nc1ccccc1N1CCCC1,6.752738952636719,6.185956001281738,6.4693474769592285
COc1ccccc1N1CCN(CCCCNC(=O)c2cc3ccccc3[nH]2)CC1,7.458228588104248,9.089479446411133,8.27385401725769
CC(C)Oc1ccccc1N1CCN(C2CCC(NS(=O)(=O)c3ccccc3Cl)CC2)CC1,7.637956142425537,8.312024116516113,7.974990129470825
Oc1[nH]cc2ccc(OCCCN3CCN(c4cccc5c(F)cc(F)cc45)CC3)cc12,8.198558807373047,7.745842933654785,7.972200870513916
O=C(CCCN1CCC2(CC1)C(=O)N(CC1CC1)CN2c1ccc(F)cc1)c1ccccc1,9.099370002746582,8.164131164550781,8.631750583648682
CC1CC1C(=O)NCCCCN1CCCN1CCN(c2nsc3ccccc23)CC1,,,
N#Cc1ccc2[nH]cc(CCCCN3CCN(c4ccc(Cl)cc4)CC3)c2c1,6.9493184089660645,7.0854668617248535,7.017392635345459
CC(C)(C)c1nc(N2CCN(CCCCN3CCN(c4ccccc4OC(C)(C)C)CC3)CC2)cc(C(F)(F)F)n1,7.164868354797363,7.833093166351318,7.498980760574341
COc1ccccc1N1CCN(CCCCOc2cccc3c2OC(C)(C)C3)CC1,8.215924263000488,7.600728988647461,7.908326625823975
CC(Cc1ccccc1)N1CCN(CCCNC(=O)C2CCCC2)CC1,5.223405838012695,6.475597381591797,5.849501609802246
N#Cc1ccc2[nH]c(O)c(-c3ccc(CN4CCOCC4)cn3)c2c1,6.435262680053711,5.851151943206787,6.143207311630249
O=C(NC1CCC(CCN2CCN(c3nsc4ccccc34)CC2)CC1)c1cc2ccccc2[nH]1,7.64716911315918,8.62808895111084,8.13762903213501
CCCCN1CCN(c2ccc(Cl)c(Cl)c2)CC1,6.8170695304870605,7.644857406616211,7.230963468551636
COc1cccc(N2CCN(CCCSc3nnc(-c4ccc(C(F)(F)F)cc4)n3C)CC2)c1,6.064561367034912,7.85522985458374,6.959895610809326
CC(=O)NC1CCC(CCN2CCN(c3ccccc3OCCF)CC2)CC1,8.09903335571289,8.30942153930664,8.204227447509766
COc1ccc(N2CCN(CCNC(=O)c3ccc4c(c3)OCO4)CC2)cc1,5.499678134918213,5.593221187591553,5.546449661254883
CN1CCCN(c2ccc(Nc3cccc(C(N)=O)c3)cc2)CC1,5.732467651367188,5.428256034851074,5.580361843109131
CCN1CCCC1CNC(=O)c1c(OC)ccc(I)c1OC,8.196069717407227,8.626472473144531,8.411271095275879
O=C(NCCCCN1CCN(c2cccc(Cl)c2Cl)CC1)c1ccc(CF)cc1,7.536237716674805,8.839750289916992,8.187994003295898
Cc1ccccc1C(=O)NC(CN1CCN(Cc2ccccc2)CC1)C(=O)NCc1ccc(C(F)(F)F)cc1,6.227346897125244,6.292371273040772,6.259859085083008
COc1ccccc1N1CCN(CCCCNC(=O)c2cc3cc(I)ccc3o2)CC1,7.590694904327393,8.77053451538086,8.180614709854126
O=C1c2ccc(Br)cc2S(=O)(=O)N1CCCCN1CCC(n2c(O)nc3cc(Cl)ccc32)CC1,7.747112274169922,7.487159252166748,7.617135763168335
Cc1cc2c(C#N)c(N3CCN(Cc4ccccc4F)CC3)oc2cc1F,6.089548110961914,5.467875957489014,5.778712034225464
COc1cc2cncc(CCCCN3CCc4cc(OC)c(OC)cc4C3)c2cc1OC,5.627721786499023,6.427866458892822,6.027794122695923
COc1ccc(N2CCN(CCC3CCC(NC(=O)C=Cc4ccc(F)cc4)CC3)CC2)cc1,6.9349141120910645,8.003767967224121,7.469341039657593
Cc1ccc(-c2c(C(=O)N3CCN(CCF)CC3)cnn2-c2ccc(F)cc2)c(C)c1,5.473065376281738,6.000271797180176,5.736668586730957
O=C(Nc1ccc(CO)cn1)c1cc2ccccc2o1,5.510498523712158,4.826056957244873,5.168277740478516
O=C1Cc2ccc(OCCCCN3CCN(c4cccc5nsnc45)CC3)cc2N1,9.014970779418944,7.156572341918945,8.085771560668945
COc1c(O)ccc2c1C1=CC(NCCCNS(=O)(=O)c3cccc4ccccc34)CC1CCC2,7.129961013793945,7.286648273468018,7.2083046436309814
COc1ccccc1N1CCN(CCCCNC(=O)c2ccc3c(c2)C(=O)N(C(C)CO)CC3)CC1,6.544758319854736,8.038321495056152,7.291539907455444
N#Cc1ccc2[nH]cc(CCCCN3CCN(c4cccc(Cl)c4Cl)CC3)c2c1,8.226238250732422,8.11013412475586,8.16818618774414
CCOc1ccccc1N1CCN(CCCCCNC(=O)c2cccc3c2-c2ccccc2C3=O)CC1,6.961808204650879,7.801445960998535,7.381627082824707
CN1CCCC1Cc1c[nH]c2ccc(C3=CCN(C(=O)Nc4ccc(Cl)cc4)CC3)cc12,6.907597064971924,6.625733375549316,6.76666522026062
c1coc(CCNCC2CCN(CCc3c[nH]c4ccc(-n5cnnc5)cc34)CC2)c1,6.802872657775879,6.963715553283691,6.883294105529785
CC1CN(C2CCN(CCC3CCCc4ccccc4O3)CC2)CCN1S(=O)(=O)c1ccc(Cl)c(Cl)c1,6.446845531463623,6.760997772216797,6.60392165184021
Cc1cc(C)c2c(N)c(C(=O)NCCc3ccc(O)cc3)sc2n1,6.917399883270264,5.365031719207764,6.141215801239014
O=C(NC1CCN(Cc2ccc(Cl)cc2)CC1)C1CCCO1,6.400828361511231,6.881111145019531,6.640969753265381
COc1ccc(CCN2CCN(CCCCc3nnc(-c4ccccc4Br)o3)CC2)cc1,5.933814525604248,7.037783145904541,6.4857988357543945
N#Cc1ccccc1C(=O)N1CCc2[nH]c3ccc(Cl)cc3c2C1,6.101635456085205,5.034832954406738,5.568234205245972
CCCCNC(=O)c1ccc(OCCCCCCCCNc2c3c(nc4cc(Cl)ccc24)CCCC3)cc1,7.154586791992188,6.727555274963379,6.941071033477783
O=C(Cc1ccccc1)N1CCc2ccccc21,6.7827653884887695,5.609469413757324,6.196117401123047
Oc1cccc(N2CCN(Cc3ccc4c(c3)NC(c3ccccc3)CC4)CC2)c1,7.335062980651855,7.039079666137695,7.187071323394775
COc1ccccc1N1CCN(CCNC(=O)c2cc(=O)c3c(OC)cc(OC)cc3o2)CC1,5.851127624511719,6.674639701843262,6.26288366317749
Oc1cccc(C2CN(c3ccccc3)C3CCC(CC2)N3)c1,6.613855361938477,6.799506187438965,6.706680774688721
O=C(O)c1cccc(NC2CCC(CCN3CCN(c4nsc5ccccc45)CC3)CC2)c1,8.066863059997559,8.01215648651123,8.039509773254395
CCCN(CCC)CCc1ccc(O)c(O)c1,6.412495136260986,7.15356969833374,6.783032417297363
CCCN(CCN1CCN(c2cccc3nc(-c4ccc(C(F)(F)F)cc4)oc23)CC1)C1CCc2c(O)cccc2C1,7.445533752441406,8.163033485412598,7.804283618927002
O=C1C2CCCN2C(=O)N1CCCCNCC1CCc2ccccc2O1,7.9306182861328125,7.527356147766113,7.728987216949463
CN(C)CCC(c1ccc(Cl)cc1)c1ccccn1,6.162100315093994,5.884439468383789,6.023269891738892
COc1ccccc1N1CCN(CCCCCC(=O)NC2CCCc3ccccc32)CC1,7.257097244262695,7.417774200439453,7.337435722351074
COc1ccccc1N1CCN(CCNC(=O)c2ccccc2NC(=O)c2ccccc2C)CC1,6.9271559715271,6.422011852264404,6.674583911895752
CCCN(CCc1cccs1)C1CCc2c(OC)cccc2C1,7.355062484741211,7.805384635925293,7.580223560333252
COc1cc2c(cc1OC)C1=NOC(CN3CCN(Cc4ccc5c(c4)OCO5)CC3)C1CO2,5.838739395141602,6.261664390563965,6.050201892852783
COc1ccc(C(=O)Nc2ccccc2)cc1OC,5.897760391235352,5.499545574188232,5.698652982711792
FC(F)(F)c1nc2cc(N3CCN(Cc4ccccc4)CC3)c(Cl)cc2[nH]1,7.559151649475098,6.630994319915772,7.095072984695435
COc1cc(Cl)ccc1N1CCN(CCCCc2nc3ccccc3[nH]2)CC1,8.09538745880127,7.703883171081543,7.899635314941406
O=C(c1cccc(F)c1)C1CCN(CCCCc2c[nH]c3ccc(-n4cnnc4)cc23)CC1,7.450577259063721,7.23091983795166,7.34074854850769
CCCc1nc(CC)c(C(=O)NCCCN2CCC(c3noc4cc(F)ccc34)CC2)n1C,7.392416954040527,7.165111541748047,7.278764247894287
COc1ccccc1N1CCN(CCCCNS(=O)(=O)c2cccc3nonc23)CC1,7.819385528564453,7.263339042663574,7.541362285614014
CC(C)Oc1ccccc1N1CCN(Cc2cc(CN3CCCC3=O)n[nH]2)CC1,7.599851608276367,6.54014778137207,7.069999694824219
COc1ccccc1N1CCN(CCCCOc2ccc3c(c2)CCC3=CCC(NC(=O)NCCCCN(C)C)CC3)CC1,,,
CCCOc1ccccc1N1CCN(Cc2cn3c(C)cc(C)nc3n2)CC1,6.571732521057129,6.077927589416504,6.324830055236816
CCOc1ccccc1N1CCN(CCCCNC(=O)C=Cc2ccc3ccccc3n2)CC1,7.471173763275146,8.975263595581055,8.2232186794281
COc1ccccc1N1CCN(CCN=C2C(=O)N(C)N=C(c3ccc(Cl)cc3)C2C(C)=O)CC1,5.595700263977051,6.026455402374268,5.811077833175659
Oc1[nH]cc2ccc(OCCCN3CCN(c4cccc5cc(F)ccc45)CC3)cc12,8.429683685302734,8.158105850219727,8.29389476776123
COc1cccc(C(=O)NCCCCN2CCN(c3cccc(Cl)c3Cl)CC2)c1,7.145890235900879,9.06395435333252,8.1049222946167
N#Cc1ccc2[nH]c(C(N)=O)c(-c3ccccc3)c2c1,6.936724662780762,6.21995210647583,6.578338384628296
CCCN(CCC1CCC(NS(=O)(=O)c2ccc(F)cc2)CC1)C1CCc2nc(N)sc2C1,7.421767234802246,8.999393463134766,8.210580348968506
CCCN(CCN1CCN(c2cccc3c2OCCO3)CC1)C1CCc2c(O)cccc2C1,7.9464111328125,8.641012191772461,8.29371166229248
CCOc1ccccc1N1CCN(Cc2ccc(C(=O)NCC3CCC(NCC(O)c4ccc(O)nc4)CC3)cc2)CC1,6.17533540725708,7.454676628112793,6.8150060176849365
CCOc1ccccc1N1CCN(CCCCNC(=O)c2ccc(C#N)cc2)CC1,7.801793098449707,9.519783020019531,8.66078805923462
CN(CCCc1ccc(F)cc1)C1CCN(CCC(NS(=O)(=O)c2cccc(Br)c2F)c2ccccc2F)CC1,6.399024963378906,6.637580871582031,6.518302917480469
CCCN(CCN1CCN(c2ccccc2C#N)CC1)C1CCc2ccc3[nH]ccc3c2C1,7.422274589538574,7.780635833740234,7.601455211639404
CC(C)(C)c1ccc(C(O)CCCN2CCC(C(O)(c3ccccc3)c3ccccc3)CC2)cc1,6.635016441345215,6.488577842712402,6.561797142028809
COc1ccc(C(O)CN2CCC(Cc3ccccc3)CC2)cc1,5.415578365325928,6.332273006439209,5.873925685882568
O=C(NCCCN1CC=C(c2ccc(Cl)cc2)CC1)c1ccc(F)cc1,6.460424900054932,7.130042552947998,6.795233726501465
COc1ccccc1N1CCN(CCCCSc2nnc(-c3ccc(F)cc3)n2C)CC1,7.415919303894043,8.094544410705566,7.755231857299805
CCCN(CCN1CCN(c2cn(-c3ccc(F)cc3)c3cc(Cl)ccc23)CC1)C1CCc2nc(N)sc2C1,7.557766914367676,8.139090538024902,7.848428726196289
CCCN(CCC1CCC(NC(=O)C=CC=Cc2ccccc2[N+](=O)[O-])CC1)C1CCc2n[nH]c(N)c2C1,7.050858020782471,8.431967735290527,7.741412878036499
O=C(NC1CCc2ccc(CCN3CCN(c4nsc5ccccc45)CC3)cc21)c1ccc(-c2ccccc2)cc1,7.176334381103516,6.909337043762207,7.042835712432861
N#Cc1cccc2[nH]c(C(=O)NCC3CCN(Cc4ccccc4)CC3)cc12,5.505224704742432,7.266495227813721,6.385859966278076
Cc1ccc2c(N3CCN(CCc4cccc(-n5cccn5)c4)CC3)cccc2n1,7.206592559814453,7.113218307495117,7.159905433654785
CN1C2CCC1CC(NC(=O)C(Cc1ccccc1)NC(=O)OCc1ccccc1)C2,6.869781970977783,6.618181228637695,6.743981599807739
COc1ccccc1N1CCN(CCCCNC(=O)c2ccc3ccccc3c2)CC1,7.298825263977051,8.823209762573242,8.061017513275146
COc1cc(CNCCSC)cc(Br)c1OCc1ccc(F)c(Cl)c1,5.545831680297852,6.422651767730713,5.984241724014282
COc1ccccc1N1CCN(CCCCNC(=O)c2ccc(Cl)s2)CC1,7.812740802764893,8.953018188476562,8.382879495620728
C=CCN1CCCC1CNC(=O)c1cc(C)cc(C)c1,6.95876932144165,8.202856063842773,7.580812692642212
CCCN(CCC)C1CCc2c(O)cccc2C1,8.197704315185547,8.453164100646973,8.32543420791626
Cc1ccnc(N2CCN(CCCCCCC(=O)NC3CCCc4ccccc43)CC2)c1,6.7851243019104,7.037350177764893,6.9112372398376465
CCCCN(CCCC)CC1CNC(C(=O)N2CCC(CCOC)(c3ccccc3)CC2)C(C(=O)OC)C1,6.017228126525879,5.468332290649414,5.7427802085876465
O=C1CC2(CCCC2)CC(=O)N1CCCCN1CCN(c2cccc(Cl)c2Cl)CC1,7.446815490722656,9.253177642822266,8.349996566772461
COc1cccc(OC)c1C1CCCC(=O)N1CCC1C(=O)NCC1CCN(Cc2ccccc2)CC1,,,
O=C(NC1CCc2c(O)cccc21)C1CCCN1C(=O)C1CC(O)CN1C(=O)CC(c1ccc(F)cc1)(c1ccc(F)cc1)c1ccc(F)cc1,6.854419231414795,6.260937690734863,6.557678461074829
CN1CCc2cccc(N3CCN(C(=O)C4CCC4)C(C)(C)C3=O)c2CC1,6.708723068237305,8.299847602844238,7.5042853355407715
Cc1ccc2nc(O)c(CNCCNC(=O)c3ccc(F)cc3F)cc2c1,6.500931262969971,6.501955509185791,6.501443386077881
Cn1c2c(c3ccc(Cl)c(Cl)c31)C(C#N)C1(CCN(CCC(N)=O)CC1)CC2,6.626831531524658,5.890827178955078,6.258829355239868
Cc1noc(C)c1-c1cc(NC2CCN(C(=O)C3CC3c3ccc(F)cc3)CC2)ncn1,6.342397212982178,6.1076178550720215,6.2250075340271
Cc1ccccc1N1CCN(Cc2c[nH]c3ccccc23)CC1,6.937068462371826,6.338159084320068,6.637613773345947
CNC(C)CCCCN1c2ccccc2Oc2ccc(Cl)cc21,6.378853797912598,6.073370933532715,6.226112365722656
Oc1ccc(C2=CCN(Cc3cnn(-c4cccc(C(F)(F)F)c4)c3)CC2)cc1,7.676222324371338,6.900169372558594,7.288195848464966
Oc1ccc2c(c1)OC(CNC3CCN(c4cccc(Cl)c4Cl)CC3)CC2,8.910102844238281,8.420736312866211,8.665419578552246
CN1CCN(c2nc(C3=C(c4c[nH]c5ccccc45)C(=O)NC3=O)c3ccccc3n2)CC1,5.299643039703369,5.366703033447266,5.333173036575317
CC1CCN(CC#CCN2CCN(c3ccccc3)CC2)CC1,4.833659648895264,6.505105495452881,5.669382572174072
O=C(c1ccc(CN2CCC(c3c[nH]c4ccc(I)cc34)CC2)cc1)N1CCC(N2CCOCC2)CC1,6.555006504058838,5.44875431060791,6.001880407333374
Oc1nc2cc(CC3CCCCO3)ccc2[nH]1,6.652411460876465,5.391093730926514,6.021752595901489
CNC(=O)c1ccc(NC(=O)NCC2CCC(CN)CC2)cc1,5.68631649017334,7.628536224365234,6.657426357269287
Cc1ncoc1-c1nnc(SCCCN2CC3CC3(c3ccc(C(F)(F)F)cc3)C2)n1C,6.68971061706543,8.816180229187012,7.752945423126221
CCCN1CCc2cc(O)cc3c2C1Cc1ccc(O)c(O)c1-3,8.598224639892578,8.880327224731445,8.739275932312012
Cc1ncoc1-c1nnc(SCCCN2CC3CC3(c3ccc(F)cc3)C2)n1C,7.12682056427002,8.707328796386719,7.917074680328369
O=C(Nc1cccc(CCN2CCN(c3ccc(Cl)cc3)CC2)c1)C1CCC1,5.98845911026001,6.543562889099121,6.266010999679565
O=C1CCc2ccc(OCCCCN3CCN(c4cccc5nc(C(F)(F)F)oc45)CC3)nc2N1,8.319028854370117,7.662261962890625,7.990645408630371
O=C(CCCN1CCC2(CC1)C(=O)N(Cc1ccccc1)CN2c1ccccc1)c1ccc(F)cc1,9.200150489807127,7.732632637023926,8.466391563415527
O=C1CC2(CCN(CCc3ccccc3)CC2)Oc2ccc(C(F)(F)F)cc21,6.12570858001709,6.841043472290039,6.4833760261535645
C(=Cc1ccncc1)CN1CCN(CC(O)c2ccccc2)CC1,4.731821537017822,5.490324020385742,5.111072778701782
COc1ccccc1N1CCN(CCC(=O)c2cc3c(OC)cccc3[nH]2)CC1,7.986883163452148,7.129457473754883,7.558170318603516
N#Cc1ccccc1N1CCN(CCCCCNC(=O)c2cc3cc(I)ccc3s2)CC1,7.738583087921143,8.05623722076416,7.897410154342651
Cc1cc2cc(S(=O)(=O)N3CCC(N4CCN(Cc5ccncc5)CC4)CC3)ccc2o1,5.239471435546875,5.047085762023926,5.1432785987854
N#Cc1cc2c(nc1SCC(=O)N1CCN(CCCCc3c(-c4ccc(F)cc4)[nH]c4ccccc34)CC1)CCCC2,7.503541946411133,7.189567565917969,7.346554756164551
CC(C)Oc1ccccc1N1CCN(Cc2ccc(CN3CCCCC3=O)n2C)CC1,8.190450668334961,6.869895935058594,7.530173301696777
O=C(O)CCc1ccc(N(Cc2ccccc2)Cc2cccnc2)cc1,6.470761775970459,4.343676090240479,5.407218933105469
COc1cc(OC)cc(C(=O)NCCCCN2CCN(c3ccccc3OC)CC2)c1,6.3831305503845215,8.179885864257812,7.281508207321167
Fc1ccc(Nc2ccncc2F)nc1,7.456859111785889,4.419008731842041,5.937933921813965
COc1cccc(-c2cc3c(O)nc4ccccc4n3c2)c1,7.096364498138428,5.927292346954346,6.511828422546387
Cc1ccc2c(-c3nnc(SCCCN4CCc5oc6c(c5CC4)CC4)n3C)cccc2n1,,,
O=C(NCCF)Nc1cnc2[nH]cc(-c3ccccc3)c2c1,6.977365016937256,5.949339389801025,6.463352203369141
CN1CCN(c2cccc(OCCCN3CCC(c4ccc(Cl)cc4)CC3)c2)CC1,6.712858200073242,6.401534557342529,6.557196378707886
Oc1ccccc1N1CCN(Cc2cn(-c3ccccc3F)c3ccccc23)CC1,7.468366622924805,6.338249683380127,6.903308153152466
COc1ccccc1NC(=O)NCCCCN1CCN(c2ccccc2OC)CC1,7.734682083129883,7.814728736877441,7.774705410003662
COc1ccccc1N1CCN(CCCOc2ccc3c(c2)CN(C(C)=O)CC3)CC1,6.395590782165527,6.481133460998535,6.438362121582031
Cc1ccc2c(-c3nnc(SCCCN4CCc5cc6nc(-c7cc(O)nc(C)c7)oc6cc5CC4)n3C)cccc2n1,6.211590766906738,7.704555988311768,6.958073377609253
CCN(CCCCCCN1C(=O)CCC2(CCCC2)CC1=O)CCCN1CCN(c2cccc(Cl)c2Cl)CC1,6.436871528625488,7.624506950378418,7.030689239501953
COc1ccc2c(c1)C(CCNCC1COc3ccccc3O1)CCN2,7.400593757629394,7.252452850341797,7.326523303985596
Cc1cc2c(s1)Nc1ccccc1N=C2N1CCN(C)CC1,6.933331489562988,7.052985191345215,6.993158340454102
COc1cccc(N2CCN(CCCCn3ncc(=O)n(C)c3=O)CC2)c1,6.228270053863525,7.310538291931152,6.769404172897339
O=C1CCc2ccc(OCCCCN3CCN(c4ccc(Cl)cc4Cl)CC3)nc2N1,8.27188491821289,7.495511054992676,7.883697986602783
COc1cccc(C(=O)NC2CCN(Cc3cccc(Cl)c3)CC2)c1,6.66645622253418,7.086572647094727,6.876514434814453
Cc1ccccc1-c1ccnc(Nc2cccc(S(C)(=O)=O)c2)n1,6.146440505981445,6.246769905090332,6.196605205535889
O=C(O)CCC(NC(=O)c1ccc2oc3ccccc3c2c1)C(=O)N(Cc1ccccc1)CC3,,,
COc1ccccc1N1CCN(CCCCOc2ccc3c(c2)NC(=O)CC3)CC1,8.793431282043457,7.612606048583984,8.20301866531372
CCCCN1CCCC(c2ccc(Nc3nc(Nc4cc(F)ccc4C(N)=O)c4cc[nH]c4n3)c(OC)c2)C1,6.645739555358887,6.1603827476501465,6.403061151504517
Cc1ncoc1-c1nnc(SCCCN2CC3CC3(c3ccc(C(F)(F)F)cc3)C2)n1C,6.68971061706543,8.816180229187012,7.752945423126221
COc1ccc(CC(=O)NC2CCC(N3CCN(c4ccccc4OCCF)CC3)CC2)cc1OC,7.086825370788574,6.978130340576172,7.032477855682373
CC(C)CC1C2CC(C2)C1c1ccc2c(c1)OCO2,6.280086517333984,7.288350582122803,6.7842185497283936
CCCN1CCc2cc(OC)cc3c2C1Cc1cccc(O)c1-3,7.171772003173828,7.265995979309082,7.218883991241455
Cc1cccc(CN2CCN(CCCCN3CCC(c4ccc(F)cc4)CC3)CC2)c1,5.668921947479248,6.01747465133667,5.843198299407959
CCCN(CCN1CCN(c2ccccc2O)CC1)C1CCc2ccc3[nH]c(S)nc3c2C1,7.855653285980225,8.559635162353516,8.20764422416687
OC1(c2ccc(-c3ccco3)cc2)CC2CCC(C1)N2Cc1ccc2[nH]cnc2c1,7.190420150756836,7.260151863098144,7.22528600692749
COc1ccccc1N1CCN(CCNC(=O)Cn2ncc3c2CCCC3)CC1,7.3437819480896,5.555375576019287,6.449578762054443
CCCN(CCC)C1CCc2c(O)cccc2C1,8.197704315185547,8.453038215637207,8.325371265411377
Oc1ccc2c(c1)OC(CNCc1cccs1)CC2,9.475069046020508,8.632311820983887,9.053690433502197
CCCN(CCC)C1CCc2c(O)cccc2C1,8.197704315185547,8.453163146972656,8.325433731079102
COc1ccc(-n2cc(O)c(-c3nc[nH]n3)c2N)cc1,7.032187461853027,4.822542190551758,5.927364826202393
COc1ccccc1N1CCN(CCCC2CCCCC2)CC1,7.49284553527832,7.627637386322021,7.560241460800171
COc1ccccc1N1CCN(CCCCNC(=O)C23CCC(CF)(CC2)CC3)CC1,6.538019180297852,8.066530227661133,7.302274703979492
O=C1N(CCN2CCOCC2)CCN1c1ccc(Cl)c(Cl)c1,6.812593460083008,7.394475936889648,7.103534698486328
CN1CCc2cc(Cl)c(O)cc2C2c3ccccc3CC(C(=O)O)C2C1,6.612895488739014,5.776145458221436,6.194520473480225
O=C(NC1CCC(CCN2CCN(c3cccc(Cl)c3Cl)CC2)CC1)c1nnc(O)c2ccccc12,7.964442253112793,8.450339317321777,8.207390785217285
Cc1cc(O)cc(C)c1CC(N)C(=O)N1CCN(c2ccccc2CNCCc2cccs2)CC1,6.447438716888428,6.351217746734619,6.399328231811523
COc1ccccc1N1CCN(CCCCNC(=O)c2cc3cc(OCCOCCF)ccc3[nH]2)CC1,7.53824520111084,8.727508544921875,8.132876873016357
COc1ccc2c(n1)CC(CN1CCN(c3cccc(C(F)(F)F)c3)CC1)CC2,6.101973056793213,6.909547805786133,6.505760431289673
Cc1ccc(C(=O)NCC2CCCN2Cc2ccc(F)cc2)cc1-c1ccc(C(=O)NCC2CC2)cc1,6.213003635406494,8.079652786254883,7.1463282108306885
COc1ccccc1N1CCN(CCCCNC(=O)c2ccc(I)s2)CC1,8.058818817138672,8.950983047485352,8.504900932312012
COc1ccccc1N1CCN(CCCCc2c[nH]c3ccc(C=S(O)(O)=NC(=O)Cc4ccccc4)cc23)CC1,7.597947597503662,6.775026321411133,7.1864869594573975
COc1ccccc1N1CCN(CCCNC(=O)C2CCCCC2C(=O)NC2CCCC2)CC1,7.929305076599121,7.689289093017578,7.80929708480835
COc1ccc(S(=O)(=O)Nc2ccc(C)c(N3CCN(C)CC3)c2)cc1OC,5.669579982757568,6.413915157318115,6.041747570037842
COc1cccc(OC)c1C1CCCC(=O)N1CCCCNCC1,,,
COc1cccc(C(=O)NCCN2CCN(c3cccc(Cl)c3Cl)CC2)c1,6.644281387329102,7.5552496910095215,7.0997655391693115
CCCN(CCC)C1CCc2c(cccc2-c2cc(Br)ccc2OC)C1,7.370593070983887,7.448529243469238,7.4095611572265625
COc1cc(CC(=O)NCCC(C)C)ccc1NC(=O)c1ccc(-c2cnc3ccccc3c2)cc1,5.705341815948486,5.215023517608643,5.4601826667785645
Cc1nnc(C2CCCN(c3ccnc4[nH]ccc34)C2)o1,6.572460174560547,5.855221748352051,6.213840961456299
O=C(O)C1CN(C2CCC3(Cc4ccccc4Oc4ccccc43)C2)C1,6.510185241699219,6.282354354858398,6.396269798278809
O=C1CCc2ccc(OCCCCN3CCN(c4cccc5c4CCO5)CC3)nc2N1,8.455551147460938,7.186445236206055,7.820998191833496
O=C(Nc1ccnc2ccccc12)c1cccs1,5.99928617477417,4.889896392822266,5.444591283798218
Oc1ccc2c(c1)OC(CN1CCN(c3ncccn3)CC1)CC2,8.391745567321777,6.940925598144531,7.666335582733154
Oc1ccc(C2CCN(Cc3cnn(-c4ccccc4)c3)CC2)cc1,6.991398811340332,6.402149200439453,6.696774005889893
Cc1cccc(CN2CCC(CC=Cc3ccccc3)CC2)c1,5.845822811126709,6.6493449211120605,6.247583866119385
Cc1ccccc1CN1CCC(CCOc2cccc(N=S(C)(=O)O)c2)CC1,7.041721343994141,6.468627452850342,6.755174398422241
O=C(NC1CCC(CCN2CCN(c3cccc(Cl)c3Cl)CC2)CC1)c1cnc2ccccn12,7.516482353210449,8.720916748046875,8.118699550628662
CCCN(CCCNc1ccnc2cc(Cl)ccc12)Cc1cccc(OC)c1,6.2247843742370605,6.250349998474121,6.237567186355591
COc1cc2c(cc1Nc1nc(Nc3ccncc3C(N)=O)c3cc[nH]c3n1)N(C(=O)CN(C)C)CC2,6.4441447257995605,4.686734199523926,5.565439462661743
N#Cc1cccc(N2CCN(CCCNC(=O)c3cccc4ccccc34)CC2)c1,6.485610008239746,6.756008148193359,6.620809078216553
CCCCN(CCCC)C1CCc2ccc(O)cc2C1,7.541502952575684,7.979030609130859,7.7602667808532715
O=C(O)COc1ccccc1C=C1NCCN1,6.721198081970215,2.9605250358581543,4.840861558914185
COc1ccccc1N1CCN(CCCCn2c(O)nc3ccccc32)CC1,7.876869201660156,7.942780494689941,7.909824848175049
N#Cc1ccc2[nH]c(O)c(-c3ccc4c(n3)CCCC4O)c2c1,6.455084323883057,5.7366461753845215,6.095865249633789
Cc1c(-c2ccc3n[nH]c(N)c3c2)nnn1Cc1ccccc1,6.654883861541748,6.286787986755371,6.47083592414856
CCOC(=O)C1C(COC(=O)CCCN2CCN(c3nsc4ccccc34)CC2)=NC(=O)NC1c1ccccc1,6.844979286193848,5.4099202156066895,6.1274497509002686
CN1CCc2ccccc2Cc2cc(OCCCCc3ccc(F)cc3)ccc21,6.885340213775635,6.762991905212402,6.8241660594940186
COc1ccccc1N1CCN(CCCCc2ccc3c(c2)-c2n[nH]c(-c4cccc(C#N)c4)c2C3)CC1,7.653275966644287,7.71152400970459,7.6823999881744385
OC(c1ccc(F)cc1)(c1ccc(F)cc1)C12CC2,,,
Cc1ccc2oc(C(=O)NCCc3ccc(Cl)cc3)c(C)c2c1,5.800176620483398,5.484043121337891,5.6421098709106445
CC(CCC(=O)NC1CCC(Nc2nc(Cl)cc(-c3c[nH]c4ncccc34)n2)CC1)C1CCCCC1,7.1826491355896,7.462397575378418,7.322523355484009
CC(NC(=O)c1cccc2ccn(CC#N)c12)C1CCC(=O)N1C,5.859658241271973,5.840943336486816,5.8503007888793945
CCNC(=O)NCC1CCC(NC(=O)CCC(=O)N2CCN(c3cccc(Cl)c3)CC2)CC1,8.139917373657227,7.476403713226318,7.8081605434417725
Clc1cccc(N2CCN(CCc3ccccn3)CC2)c1Cl,7.481902122497559,6.24534273147583,6.863622426986694
CN1CCN(C2Cc3ccccc3Sc3ccc(-c4cncnc4)cc32)CC1,8.37744140625,7.206851959228516,7.792146682739258
CCN1CCCC1CNC(=O)c1c(OC)ccc(Br)c1OC,6.901225090026856,8.275629043579102,7.5884270668029785
O=C1CC2(CCN(CCc3ccccc3)CC2)Oc2ccc(Cl)cc21,6.666259288787842,7.093780517578125,6.880019903182983
COc1ccccc1N1CCN(CCCCc2ccc3c(c2)CCCO3)CC1,8.275033950805664,7.479348659515381,7.8771913051605225
CCCN1CCCC1CNC(=O)c1c(O)c(Cl)cc(Cl)c1Cl,7.178268432617188,8.75860595703125,7.968437194824219
CCCN(CCCCN1C(=O)CC2(CCCC2)CC1=O)C1CCc2c(F)cccc2C1,7.266072273254394,8.84592342376709,8.055997848510742
CC#CCN(C)C(C)c1ccncc1,4.094130516052246,4.798283100128174,4.44620680809021
CN1c2ccc([N+](=O)[O-])cc2C(c2ccccc2)C1C(=O)Nc1ccc(F)c(Cl)c1,5.988435745239258,6.091423988342285,6.0399298667907715
Cc1nc2sc(C(=O)NCCc3ccccc3)c(N)c2c(C)c1Cl,6.687553882598877,5.971136093139648,6.329344987869263
CCCN(CCN1CCN(c2ccnc3cc(Cl)ccc23)CC1)C1CCc2ccc(O)cc2C1,7.561002731323242,8.841906547546387,8.201454639434814
CN1CCN(c2nccc3cc4c(cc23)N(C(=O)c2ccc(F)cc2)CC4)CC1,6.358351707458496,6.058071136474609,6.208211421966553
Cc1cnc(NC2CCC(CNC(=O)c3c(F)cccc3F)CC2)nc1N(C)C,7.14952278137207,6.956638813018799,7.053080797195435
CC(N)CN1CCc2ccc(I)cc21,7.961515426635742,6.744925022125244,7.353220224380493
Cc1ccccc1C(=O)NCC1CC1c1ccccc1,6.206454753875732,6.784594535827637,6.495524644851685
COc1ccccc1N1CCN(CCCCNC(=O)c2cc3cccc(OCCOCCOCCOCCOCCOc4cccc(N5CCN(C)CC5)c4)c3s2)CC1,7.1050639152526855,7.916986465454102,7.5110251903533936
O=C(CCSC(c1ccccc1)(c1ccccc1)c1ccc(N2CCCCC2)cc1)NCCc1ccc(OCCN2CCC(CO)CC2)cc1,6.601771354675293,6.140168190002441,6.370969772338867
COc1ccc(-n2ccc3c4c(cccc2=O)C(=O)NC4=O)cc1C,,,
CC(Cc1ccc(O)c(O)c1)C(C)Cc1ccc(O)c(O)c1,7.967014789581299,6.24969482421875,7.108354806900024
Clc1ccc(CN2CCN(Cc3ccccn3)CC2)cc1,4.707406520843506,5.2903361320495605,4.998871326446533
Oc1nc2cccc(N3CCN(Cc4ccc(Br)cc4)CC3)c2o1,8.418085098266602,6.942084789276123,7.680084943771362
CCCN(CCC)C1C=Cc2cccc(O)c2C1,7.2669854164123535,8.14608383178711,7.7065346240997314
CCCN1CCCC2Cc3nc(N)ncc3CC21,6.650206089019775,7.483463287353516,7.0668346881866455
O=C1CCCN1CC#CCN1CCC(Cc2ccccc2)CC1,4.541965961456299,6.282179832458496,5.4120728969573975
CCN(CC)C(=O)C(C)(C)N1CC=C(c2c[nH]c3cc(F)ccc23)CC1,7.447774887084961,8.167034149169922,7.807404518127441
O=C(NC1CCC(CCN2CCN(c3cccc(Cl)c3Cl)CC2)CC1)c1cc2ccccc2s1,7.600751399993896,8.926794052124023,8.26377272605896
COc1ccc2c(c1)C(CCN1CCN(c3cc(C)ccn3)CC1)CC1CCC2N1C(=O)c1ccccc1,5.94809103012085,6.31754207611084,6.132816553115845
Cc1c(-c2ccccc2)oc2cc(OCCN3CCCC3)ccc2c1=O,6.424628734588623,7.215624332427978,6.820126533508301
O=C(NCC=CCN1CCN(c2cccc(C(F)(F)F)c2Cl)CC1)c1cc2ccccc2[nH]1,7.54994535446167,8.625502586364746,8.087723970413208
Oc1ccc2c(c1)CCC=C2c1ccc[nH]1,7.912519454956055,7.645851612091064,7.77918553352356
O=C(NC1CCc2ccc(CCN3CCN(c4nsc5ccccc45)CC3)cc21)c1ccccc1,7.34904670715332,6.441578388214111,6.895312547683716
CCCN(CCCCCCCN(CCC)C1CCc2c(O)cccc2C1)C1CCc2c(O)cccc2C1,8.333014488220215,8.751931190490723,8.542472839355469
CN(CC(CCN1CCC2(C=Cc3ccccc32)CC1)c1ccc(Cl)c(Cl)c1)C(=O)c1ccccc1,6.822051525115967,6.966227054595947,6.894139289855957
Oc1cc(O)c2oc3ccc(O)c(O)c3c(O)c2c1,,,
CC1CN(CC2CCC(NC(=O)c3cccc([N+](=O)[O-])c3)CC2)CCN1C(C)c1cccc(O)c1,5.895017147064209,8.0511474609375,6.9730823040008545
CN1CCN(C2=Nc3cc(Cl)ccc3N(NC(=O)c3cccc(C#N)c3)c3ccccc32)CC1,5.84573221206665,6.051413059234619,5.948572635650635
Cc1nc(O)c(C#N)c(-c2cccc(CN3CCN(C)CC3)c2)n1,5.475334167480469,5.548020362854004,5.511677265167236
CCN1CCN(C2Cn3cccc3Sc3ccc(F)cc32)CC1,8.352453231811523,7.737476825714111,8.044965028762817
COc1cc(C(=O)Nc2cnc3[nH]cc(-c4ccccc4)c3c2)cc(OC)c1OC,6.100389003753662,5.950438499450684,6.025413751602173
O=C(NCc1ccc(Cl)c(Cl)c1)NC1CCC(N2CCC(c3c[nH]c4cc(F)ccc34)CC2)CC1,6.996970653533936,7.651102542877197,7.324036598205566
CN1CC=C(C2=Cc3ccccc3Cc3ccc(Cl)cc32)CC1,7.669549942016602,7.389403343200684,7.529476642608643
CCCN(CCC)C1CCc2c(O)cccc2C1,8.197704315185547,8.453164100646973,8.32543420791626
CC(C)(C)OC(=O)NCCCCCCN1CCN(c2nsc3ccccc23)CC1,8.184366226196289,6.978504180908203,7.581435203552246
COc1ccccc1N1CCN(CCCCNC(=O)c2ccc(F)cc2)CC1,7.701013088226318,8.817584991455078,8.259299039840698
C=C1C2CCC1(CO)CC(NC(=O)OCCCCCCCC)CC1C2,,,
CCN(CC)CCCCN1c2ccccc2Oc2ccc(Cl)cc21,7.104347229003906,7.010074138641357,7.057210683822632
CC(C)Oc1ccccc1N1CCN(CC(O)CNC(=O)c2ccc3c(c2)C(=O)N(c2ccc(Cl)cc2)C3=O)CC1,6.374641418457031,6.860785007476807,6.617713212966919
Cc1nc(-c2ccc(C(=O)N=C(N)NCc3ccccc3)cc2)no1,5.311105728149414,4.489848136901856,4.900476932525635
CN1CCN2c3ccccc3Cc3ccccc3C2C1,6.133472442626953,6.208711624145508,6.1710920333862305
CCN(CC)C(=O)C1Cc2c(cc3c[nH]c4c3c2C=CC4)N(C)C1,7.444197654724121,7.966557502746582,7.705377578735352
COc1ccccc1OCCNCC1COC(c2cccc(Cl)c2)(c2ccccc2)O1,6.215280532836914,6.891297340393066,6.55328893661499
COc1ccccc1N1CCN(CCCCCn2c(-c3ccc(OC)cc3)nc3c(NC4CC4)nccc32)CC1,7.169566631317139,7.587154388427734,7.3783605098724365
CN1CCN(CCCc2ccc(-c3cccc(C(F)(F)F)c3)cn2)CC1CO,6.232086658477783,6.586112976074219,6.409099817276001
CCOc1ccccc1N1CCN(CCCCCC(=O)N2Cc3ccccc3CC2C(C)NCc2ccc(F)cc2)CC1,7.065643787384033,7.168230056762695,7.116936922073364
CCCCCC(O)C=CC1CCC(=O)N1CCc1ccc(C(=O)OC)cc1,6.436361789703369,5.015809535980225,5.726085662841797
NC(=O)Nc1ccc(CNCCOc2cccc3c2OCCO3)cc1,8.566841125488281,6.152592658996582,7.359716892242432
CC1=CC(C)(C)Nc2ccc3oc(=O)cc(C(F)(F)F)c3c21,5.645769119262695,6.0176849365234375,5.831727027893066
O=C1NC(=O)C(NCC(F)(F)F)C1=Nc1ccc(F)c(Cl)c1,4.7162041664123535,6.517134189605713,5.616669178009033
O=C1CC2(CCCC2)CC(=O)N1CCN1CCN(c2nsc3cc(F)ccc23)CC1,7.383377075195312,7.996280670166016,7.689828872680664
Cc1cccc(N2CCN(CCC(=O)N=CC3Nc4ccccc4C(=O)N3c3ccccc3)CC2)c1C,6.030249118804932,5.851361274719238,5.940805196762085
COc1ccccc1N1CCN(CCCCOc2cccc3c2CCC(=O)N3C)CC1,7.896186828613281,7.6797685623168945,7.787977695465088
O=S(=O)(NCCC1CCC(CNCC2CCc3ccccc3O2)CC1)c1ccc(-n2cccc2)cc1,7.925881385803223,8.420806884765625,8.173344135284424
COc1ccc(N2CCN(CCCCn3ccnn3)CC2)cc1,5.446318626403809,5.907290458679199,5.676804542541504
COc1cc(C(=O)NCCCCN2CCN(c3ccccc3Cl)CC2)cc(OC)c1OC,6.557510852813721,8.772488594055176,7.664999723434448
CN(C)C1CCc2cc(OCCCCN3CCN(c4cccc(Cl)c4Cl)CC3)ccc21,7.422066211700439,8.135497093200684,7.7787816524505615
c1cncc(CCN2CCC3c4ccccc4CCC3C2c2ccc(OCCCN3CCCCC3)cc2)c1,6.1611833572387695,6.827984809875488,6.494584083557129
O=C(NCCCN1CCC2(CC1)C(=O)NCN2c1ccccc1)c1ccc(F)cc1,7.9823994636535645,7.421290397644043,7.701844930648804
O=C1Nc2cccc3c2C1(CCCc1ccccc1)CCN3CC1CC1,7.802254676818848,7.571946144104004,7.687100410461426
O=C(NC1CCC(CCN2CCN(c3cccc(Cl)c3Cl)CC2)CC1)c1cnc2ccccn12,7.516482353210449,8.720916748046875,8.118699550628662
CCCN(CCCCN1C(=O)c2ccccc2C1=O)C1CCc2ccc(O)cc2C1,7.576119899749756,8.05173110961914,7.813925504684448
CS(=O)(=O)N1CCC(CN2CCN(c3cccc(Cl)c3Cl)CC2)CC1,6.584000587463379,7.750604629516602,7.16730260848999
COc1ccccc1N1CCN(CCCCn2cc3ccccc3c2O)CC1,7.612094402313232,8.021550178527832,7.816822290420532
O=C(CCCN1CCC2(CC1)C(=O)N(Cc1ccc(F)cc1)CN2c1ccccc1)c1ccccc1,9.192811965942385,7.684243202209473,8.438527584075928
C1=C(c2ccccn2)CCc2ccccc21,6.170522212982178,6.925753593444824,6.548137903213501
CCCN(CCC)C1CCc2c(O)cccc2C1,8.197704315185547,8.453164100646973,8.32543420791626
Cc1ccc(-n2nc(C)c3c(=O)c4cc(Cl)ccc4n(O)c32)cc1,6.317666530609131,5.096014976501465,5.706840753555298
Cc1ccc2nc(N3CCN(C(=O)C4CC4)CC3)sc2c1,5.115180969238281,6.687317848205566,5.901249408721924
COC(=O)C1C(C)=NC(=O)N(C(=O)NCCCN2CCN(c3ccccc3C#N)CC2)C1c1ccc(F)c(F)c1,5.698395729064941,5.662841796875,5.680618762969971
COc1ccc2c(c1)CCC1CN(CCCC(=O)c3ccc(F)cc3)CCN1C2,7.093721866607666,7.404770851135254,7.24924635887146
Cc1cc(Br)cc(C)c1NC(=O)NCCCN1CCC(N2CCCC2=O)CC1,6.506799221038818,7.17513370513916,6.840966463088989
O=C(NCCCCN1CCN(c2cccc(Cl)c2Cl)CC1)c1cc2cc(F)ccc2[nH]1,7.324804306030273,9.104984283447266,8.21489429473877
Cc1nn(C)c2c1c(=O)c1cc(Cl)ccc1n2OCC(C)C,6.207028388977051,5.687209606170654,5.9471189975738525
COc1c(Cl)cnn(C(=O)NCc2ccc(Cl)cc2Cl)c1Cl,,,
Cc1cccc(C2(c3cccc(C)c3)CCC(N3CCN(c4ccccc4OC(C)C)CC3)CC2)c1,7.085696697235107,7.202517509460449,7.144107103347778
CCCN(CCC1CCC(NC(=O)c2cc3ccccc3[nH]2)CC1)C1CCc2nc(N)sc2C1,7.018593788146973,8.971903800964355,7.995248794555664
COc1ccccc1N1CCN(CCCNC(=O)C=Cc2ccc(F)cc2)CC1,7.325706958770752,7.471841812133789,7.3987743854522705
O=C(NC1CCC(CCN2CCN(c3ccc(Cl)c(Cl)c3)CC2)CC1)c1ccnnc1,7.310439586639404,7.925820350646973,7.6181299686431885
NC(=O)c1cc2c(Oc3cccc(F)c3)cncc2s1,5.270508766174316,5.280041694641113,5.275275230407715
O=C(NCC1CCN(CC2COc3cc(O)ccc3O2)CC1)c1ccc(-c2ccccn2)cc1,6.913037300109863,7.821020126342773,7.367028713226318
CC1CCCN1CCc1cc2cc(-c3ccc(OCCCN4CCCCC4)cc3F)ccc2[nH]1,6.451162815093994,7.235114097595215,6.8431384563446045
CC(C)(C)Cc1ccc(N2CCN(CCCCn3ncc(=O)[nH]c3=O)CC2)cc1,6.658997535705566,7.447681427001953,7.05333948135376
CC(C)C1(C(=O)NCc2cc(C(F)(F)F)cc(C(F)(F)F)c2)CCC(N2CCC3(C=Cc4ccccc43)CC2)C1,6.580604553222656,7.526611328125,7.053607940673828
CC(C)(C)N1CCN(CCCCN2C(=O)C3Cc4c([nH]c5ccc(F)cc45)C3=O)CC1,,,
N#Cc1ccc2[nH]cc(CCCCN3CCN(c4ccc5oc(C(N)=O)cc5c4)CC3)c2c1,7.100305557250977,7.288533210754394,7.1944193840026855
CCCN1CCCC1CNC(=O)c1c(OC)ccc(Br)c1OC,6.518189907073975,8.065311431884766,7.29175066947937
CC(C)Oc1ccccc1N1CCN(CCCCn2c(O)nc3ccccc32)CC1,8.019623756408691,8.138532638549805,8.079078197479248
COc1ccccc1N1CCN(CCCOC(=O)c2ccc3c(c2)NC(=O)CO3)CC1,7.116277694702148,6.585061073303223,6.8506693840026855
O=C(c1ccccc1)N1CCCC2(CCN(Cc3ccccc3)C2)C1,4.625507354736328,4.782258987426758,4.703883171081543
N#Cc1ccc2[nH]cc(CCCCN3CCN(c4ccc5oc(-c6ccccc6)nc5c4)CC3)c2c1,6.6653594970703125,7.444705009460449,7.055032253265381
O=C1CC2(CCCC2)CC(=O)N1CCN1CCN(c2ccc(F)cc2)CC1,6.1241984367370605,7.311509132385254,6.717853784561157
C#Cc1nc(N)c2ncn(C3OC(COP(=O)(O)OP(=O)(O)O)C(O)C3O)c2n1,5.084101676940918,4.359701156616211,4.7219014167785645
COc1ccc(S(=O)(=O)Nc2cc3c(cc2C)NCC3)cc1OC,6.253077030181885,6.0480122566223145,6.1505446434021
CCCNC(=O)c1ccc2c(CN3CCN(C)CC3)c(-c3ccccc3)n(C)c2c1,6.536857604980469,6.179472923278809,6.358165264129639
Cc1cccc2c1CCN2C(=O)COc1ccc(Cl)c(C(N)=O)c1,6.367313861846924,5.037153244018555,5.702233552932739
CN1CCC2(CC1)Oc1ccc(OCCCN3CCN(c4cccc5nc(O)ccc45)CC3)cc1C(=O)N2,7.542842864990234,7.931665420532227,7.7372541427612305
COc1ccccc1N1CCN(CCCCNC(=O)c2ccc(-c3ccsc3)cc2)CC1,7.336800098419189,9.365550994873049,8.351175546646118
C=S(O)(O)=CCCCC(=O)N1CCC(O)(c2ccccc2F)CC1,6.895674705505371,6.49970293045044,6.697688817977905
O=C1N(CCN2CCCC2)CN(c2ccccc2)C12CCN(Cc1ccccc1Cl)CC2,7.786812782287598,7.473297119140625,7.630054950714111
C=Cc1c(C)c2c(nc(N3CCC(N)CC3)n2Cc2ccccc2)c1C,,,
Cc1ccc2c(-c3nnc(SCCCN4CCc5cc6nc(N)oc6c(C)c5CC4)n3C)cccc2n1,6.309015274047852,7.283665657043457,6.796340465545654
C=CCN1CCC2c3c(cccc3C(N)=O)CCC21,7.082094192504883,6.879143238067627,6.980618715286255
COc1ccc(OC)c(N2CCN(CCCCNC(=O)c3ccc4ccccc4c3)CC2)c1,7.18101167678833,8.362715721130371,7.771863698959351
CC(C)(C)C(=O)Nc1ccc(N2CCN(C(=O)c3cc(OC4CCN(C5CCC5)CC4)cc(C(F)(F)F)c3)CC2)cc1,5.8205885887146,7.581549644470215,6.701069116592407
COc1ccccc1N1CCN(CCCCNC(=O)c2ccc3c(c2)CCCC3)CC1,7.961955547332764,8.39513111114502,8.178543329238892
COc1ccccc1N1CCN(CCCCc2cc(-c3ccc4c(c3)CCO4)[nH]n2)CC1,8.07641887664795,7.912673950195312,7.994546413421631
CC(C)N(CCC(c1ccccc1)c1cc(CCCNC(=O)Cc2cccc3c2OCCO3)cc(C(C)(C)C)c1)C(C)C,6.500754833221436,6.150874614715576,6.325814723968506
CN1CCN(C2=Nc3cc(Cl)ccc3Nc3ccccc32)CC1,6.543483257293701,7.039327621459961,6.791405439376831
O=C(NCCCCN1CCN(c2cccc(Cl)c2Cl)CC1)c1cc2ccccc2s1,7.238006114959717,9.093591690063477,8.165798902511597
COc1ccc(Cl)cc1S(=O)(=O)NC1CCC(N2CCN(c3ccccn3)CC2)CC1,6.710678577423096,7.596963882446289,7.153821229934692
Cc1ccc2c(N3CCN(CCc4cccc(NC(=O)c5ccccc5)c4)CC3)cccc2n1,6.739317417144775,6.819645881652832,6.779481649398804
Clc1ccccc1N1CCN(CCCCNc2ccccc2-c2nc3ccccc3[nH]2)CC1,7.987882614135742,7.7142863273620605,7.851084470748901
COc1ccc(CCNCc2cccc(OC)c2)cc1-c1nc2ccccc2[nH]1,6.734189510345459,7.041330814361572,6.887760162353516
O=C(NC1N=C(c2ccccc2)c2cc(Cl)ccc2N(CC(F)(F)F)C1=O)c1ccc(F)cc1,5.785651206970215,5.867916107177734,5.826783657073975
Oc1ccc2c(c1)OC(CNCc1ccc(-c3ccccc3)cc1)CC2,8.307342529296875,8.204446792602539,8.255894660949707
Oc1nc2c3c(cccc31)CCN2Cc1cccc(OCCc2ccccc2)c1,,,
CCN(CCCCCN1C(=O)CC2(CCCC2)CC1=O)Cc1ccc(F)cc1,6.060711860656738,7.047711372375488,6.554211616516113
O=C1CC2(CCC2)CC(=O)N1CCN1CCN(c2cccc(Cl)c2Cl)CC1,6.990495204925537,8.132744789123535,7.561619997024536
O=C(NCCCCN1CCN(c2cccc(Cl)c2Cl)CC1)c1cc2ccccc2[nH]1,7.3425798416137695,9.33303451538086,8.337807178497314
COc1ccc2[nH]c(C(=O)NC3CCC(CCN4CCN(c5ccccc5OC)CC4)CC3)cc2c1,7.502389907836914,8.599581718444824,8.05098581314087
CN1CCc2cccc3c2C1Cc1ccc(O)c(O)c1-3,7.594958782196045,7.866140842437744,7.7305498123168945
COCc1ccccc1CN1CCC(N2CCN(c3nc4ccccc4n3Cc3ccc(F)cc3)CC2)CC1,5.683148384094238,5.830117225646973,5.7566328048706055
CCCCCCCN1CCCN(c2cccc(Cl)c2)CC1,6.45678186416626,6.466240882873535,6.4615113735198975
O=S(=O)(NC1CCC(CCN2CCN(c3cccc(Cl)c3Cl)CC2)CC1)c1ccc(Cl)c(Cl)c1,7.914957046508789,8.672603607177734,8.293780326843262
Fc1ccc(N2CCN(CCCCOc3ccc4c(c3)NC(=S)NC4)CC2)cc1,7.002919673919678,7.3045783042907715,7.153748989105225
CCC1CN2CCc3cc(OC)c(OC)cc3C2CC1CC1NCCc2c1[nH]c1ccc(OC)cc21,6.080893516540527,6.609485626220703,6.345189571380615
CCCN(CCC1CCC(NS(=O)(=O)c2ccccc2)CC1)C1CCc2nc(N)sc2C1,7.355894565582275,8.81656551361084,8.086230039596558
COc1ccccc1N1CCN(CCCCSc2nc3sccc3c(=O)n2N)CC1,7.88375186920166,8.366189956665039,8.12497091293335
O=C(Nc1cc(C(F)(F)F)cc(C(F)(F)F)c1)NC1CCN(Cc2ccccc2)C1=O,7.845014572143555,8.284109115600586,8.06456184387207
N#Cc1cccc(CN2CCC(NC(=O)c3cc4ncccc4[nH]3)CC2)c1,6.260243892669678,7.092129707336426,6.676186800003052
Cn1cc(C2=C(c3cn(CCCCN)c4ccccc34)C(=O)NC2=O)c2ccccc21,5.13081169128418,5.830570220947266,5.480690956115723
CC(NCCc1ccccc1)c1ccc(F)cc1,6.018265724182129,5.478207588195801,5.748236656188965
COc1cccc(C(=O)NCCCN2CCN(c3ccc(Cl)cc3)CC2)c1,5.060688018798828,6.159684181213379,5.6101861000061035
CCCN1CC(=O)N(C2CCC(C(=O)Nc3cc(-c4ccccc4)ccn3)CC2)C1=O,6.4527130126953125,5.9951605796813965,6.2239367961883545
CCCN(CCc1cccs1)C1CCc2c(O)cccc2C1,8.405183792114258,8.605388641357422,8.50528621673584
O=C(O)C1CN(Cc2ccc(OCc3ccccc3)cc2Cl)C1,5.827974319458008,4.408928394317627,5.118451356887817
CCCN(CCc1c[nH]cn1)C1CCc2ccc(O)cc2C1,7.720831871032715,7.978555679321289,7.849693775177002
N#Cc1ccc2[nH]c(O)c(-c3ccc(CN4CCOCC4)cn3)c2c1,6.435262680053711,5.851151943206787,6.143207311630249
CCCCN1C2CCC1CC(NC(=O)c1c3cccc(Cl)c3[nH]1)C2,,,
Nc1cc(S(=O)(=O)NC(=O)CCCN2CCC(O)(c3ccccc3)CC2)cc(C(=O)O)c1,6.260617733001709,6.086495876312256,6.173556804656982
Cc1ccc2c(-c3nnc(SCCCN4CCc5cc6nc(C(F)(F)F)oc6cc5CC4)n3C)cccc2n1,6.249937057495117,7.831142425537109,7.040539741516113
O=C(CCCCN1CCN(c2ccccn2)CC1)c1ccc(F)cc1,7.724975109100342,7.380568504333496,7.552771806716919
O=C(NC1CCN(C2CCCCC2)CC1)C1CCCN1C(=O)C1CC(O)CN1C(=O)CC(c1ccc(F)cc1)(c1ccc(F)cc1)c1ccc(F)cc1,6.792415142059326,7.037491798400879,6.9149534702301025
CCN1CCN(c2ccc(C(=O)Nc3ccc(F)cc3)cc2)CC1,6.143697261810303,5.891050815582275,6.017374038696289
COc1cccc(C(=O)NCCCCN2CCN(c3cccc(Cl)c3Cl)CC2)c1,7.145890235900879,9.06395435333252,8.1049222946167
CCCN(CCC1CCC(NS(=O)(=O)c2cc3ccccc3o2)CC1)C1CCc2nc(N)sc2C1,7.135446548461914,9.137666702270508,8.136556625366211
CCCN1CCCCC1Cn1nc(Cc2ccc(Cl)cc2)c2ccccc2c1=O,6.443235874176025,6.896243572235107,6.669739723205566
Cc1ccc(Cn2ccnc2)cc1NC(=O)c1ccc(C(=O)NCCN(C)C)cc1,5.395851135253906,6.162313938140869,5.779082536697388
O=C1N(CCCCN2CCN(c3cccc(Cl)c3Cl)CC2)CCN1c1ccc(Cl)cc1,7.48390007019043,8.174291610717773,7.829095840454102
COc1ccccc1N1CCN(CCCCCNC(=O)c2cc3ccccc3[nH]2)CC1,7.559262275695801,8.329925537109375,7.944593906402588
O=C(NCC1CCC(CCN2CCN(c3cccc(Cl)c3Cl)CC2)CC1)c1cccs1,7.150804042816162,8.332414627075195,7.741609334945679
Oc1ccc(N2CCN(Cc3cccc4c3sc3ccccc34)CC2)cc1,6.673295974731445,6.545573711395264,6.6094348430633545
O=C(NCC1CC1)c1ccccc1OCC(O)CN1CCN(c2cccc(C(F)(F)F)c2Cl)CC1,6.5852952003479,7.364208698272705,6.974751949310303
O=C1CC(c2cccc(Cl)c2Cl)Cc2nc3cc(Cl)ccc3c(O)c21,6.032138347625732,5.774947166442871,5.903542757034302
COc1ccccc1N1CCN(CCCOc2ccc3c(O)[nH]cc3c2)CC1,8.300676345825195,8.23118782043457,8.265932083129883
Oc1nc2coc3c2c2nc(-c4cccc(I)c4)nn12,,,
CCN(CC)C(=O)NC1CC2=C(Cc3c[nH]c4cccc2c34)N(C)C1,8.485456466674805,8.415810585021973,8.450633525848389
CC(C)(C)c1ccc(OCC2C3CC4CC(C3)CC2C4)cc1,5.798642635345459,8.19119644165039,6.994919538497925
O=C(c1cncc(CN2CCN(c3ccc(Cl)c(Cl)c3)CC2)c1)N1CCCC1,5.65990161895752,6.366024494171143,6.012963056564331
COC(=O)c1c(-c2ccccc2)noc1N1CCN(c2ccccc2Cl)CC1,5.047395706176758,5.89263916015625,5.470017433166504
CC(C)(C)CN1CCC(COc2nc3ccc(F)cc3s2)CC1,5.669188499450684,5.629660129547119,5.649424314498901
O=C1NC2CN(Cc3ccccc3)CCC2N(Cc2ccccc2Cl)C1=O,7.047633647918701,6.558323383331299,6.802978515625
O=C(CC1CCCCN1c1ccnc(-n2ccnc2)n1)N1CCCCC1,6.113164901733398,4.967502593994141,5.5403337478637695
CCC(O)(CC)CN1CCN(c2cccc(Cl)c2Cl)CC1,5.725207805633545,6.446201324462891,6.085704565048218
COc1cc(N)c(Cl)cc1C(=O)NC1CCN(CCCCOc2ccc(F)cc2)CC1OC,7.346841335296631,7.808167457580566,7.577504396438599
CCCN(CCC1CCC(NC(=O)c2cccc(Cn3ccnc3)c2)CC1)C1CCc2nc(N)sc2C1,7.077976226806641,7.664804458618164,7.371390342712402
COc1cc2c(cc1OC)C1C(=O)C(=O)C(=O)C1=N2,2.623476266860962,3.495098352432251,3.0592873096466064
N#Cc1cccc(CN2CCC(NC(=O)C3CCC3)CC2)c1,6.765260696411133,7.697118282318115,7.231189489364624
O=C1N(CCN2CCCCC2)CCN1c1cccc(Cl)c1,8.017598152160645,7.75933027267456,7.8884642124176025
COc1ccc(CCN2CCC(Nc3nc4ccccc4n3Cc3ccc(F)cc3)CC2)cc1OC,7.260271072387695,6.615547180175781,6.937909126281738
O=C1N(CCN2CCCC2)CCN1c1ccccc1,7.239151954650879,7.179496765136719,7.209324359893799
COc1ccc2c(NCCCN3CCN(C(c4ccccc4)c4ccc(Cl)cc4)CC3)ncnc2c1,6.681836128234863,6.410857677459717,6.54634690284729
CCNc1cc(NCC)nc(-n2cnc3ccccc32)n1,7.192878246307373,5.783442497253418,6.4881603717803955
Cc1ccc2c(c1)-c1c(ssc1=S)C(C)(C)N2,5.995809078216553,6.1251726150512695,6.060490846633911
OC1(c2ccc(Cl)cc2)CC2CCC(C1)N2Cc1coc2ccc3c(c12)CCN(CC1CC1)C3,7.585669994354248,8.358993530273438,7.972331762313843
COc1ccc(CCNC(=O)c2ccc(C#N)cc2)cc1,6.209461688995361,6.296585559844971,6.253023624420166
CN(CCOc1cc(C(F)(F)F)nn1-c1ccccc1)CCOc1ccc(CN2CCCC2)cc1,6.814689636230469,7.763027191162109,7.288858413696289
Fc1ccc2c(c1)nc(-c1cccc3ccccc13)n2CC1CCNC1,5.527674198150635,5.7483625411987305,5.638018369674683
COc1ccccc1N1CCN(CCCCc2ccc3c(c2)sc(=O)n3CCN2CCC(C(=O)c3ccc(F)cc3)CC2)CC1,8.005274772644043,7.863858222961426,7.934566497802734
COc1ccccc1N1CCN(CCCCNC(=O)c2ccc(C(C)=O)cc2)CC1,7.503687858581543,8.66178035736084,8.082734107971191
CN1CCc2cc(Cl)c(O)cc2C2c3cccc(-c4cccc(C#N)c4)c3CCC21,6.510417938232422,6.659950256347656,6.585184097290039
N#Cc1ccccc1OCC(O)CN1CCN(c2cccc3c2CCCO3)CC1,6.986608505249023,6.883548259735107,6.935078382492065
CNC1=Nc2cc(Br)ccc2C(c2ccc3cc[nH]c3c2)C1,6.444810390472412,5.910608768463135,6.177709579467773
COc1ccccc1OCCNCC(O)COc1cccc2[nH]c3ccccc3c12,6.594442367553711,6.995463848114014,6.794953107833862
N#Cc1ccc2[nH]cc(CCCCN3CCCN(c4ccc(Cl)cc4)CC3)c2c1,6.77904748916626,6.7320876121521,6.75556755065918
Cc1ccc(-c2cc(COc3cccc4nc[nH]c34)no2)cc1,5.740400314331055,5.859368324279785,5.79988431930542
CCOc1nc(Cl)nc(NCC2CCCO2)c1N,8.230888366699219,7.36135721206665,7.796122789382935
Oc1[nH]c2ccccc2c1CCCCN1CC=C(c2cccc3c2OCC(F)(F)O3)CC1,7.9999799728393555,8.216479301452637,8.108229637145996
O=C1CCCN1CC#CCN1CCCCC1,3.145370483398437,5.272172927856445,4.208771705627441
O=C(O)C1CCCN1CCOc1ccc(C(=O)CCCN2CCC(Oc3ccc(Cl)c(Cl)c3)CC2)cc1,7.719638824462891,7.68537712097168,7.702507972717285
COc1cccc(CNC(=O)c2cc3c(-c4ccccc4)[nH]nc3s2)c1,6.22603178024292,5.850947856903076,6.038489818572998
CN(C)CCN1CCN(CCCN2c3ccccc3Sc3ccc(C(F)(F)F)cc32)CC1,6.56218147277832,6.783207893371582,6.672694683074951
O=C1COc2ccc(F)cc2N1CCN1CCC(n2cc(Cc3ccccc3)nn2)CC1,6.771626949310303,5.823216915130615,6.297421932220459
COC(=O)c1ccc2c(c1)OCCc1cc(C(=O)N(C)CCCN3CCN(c4ccccc4OC)CC3)ccc1-2,6.259377956390381,6.222588062286377,6.240983009338379
COc1cccc(C(=O)Nc2ccc(Cl)cc2N2CCCC3(CCN(Cc4ccccc4)CC3)C2)c1,6.280807971954346,6.03695011138916,6.158879041671753
CCOc1ccccc1OCCCCN1CCN(c2ccccc2OC)CC1,7.561641216278076,8.356393814086914,7.959017515182495
COc1ccccc1N1CCN(CCCCNC(=O)c2[nH]c3ccccc3c2Br)CC1,7.706814765930176,8.721770286560059,8.214292526245117
O=C(NCC1CC1)c1ccc(Cl)c(S(=O)(=O)N2CCCC2)c1,7.015252113342285,6.118143081665039,6.566697597503662
Clc1ccc(N2CCN(CCC=Cc3ccccc3)CC2)cc1,6.483581066131592,6.743292808532715,6.613436937332153
O=C(NCCCCN1CCN(c2ccccc2OCCF)CC1)c1ccc(-c2ccc(O)cc2)cc1,7.779613018035889,9.239097595214844,8.509355306625366
O=C(Nc1ccc2c(c1)CCC2)c1ccc(-c2ccccc2)nc1,6.247824192047119,6.147442817687988,6.197633504867554
CCCNC(=O)c1cccc(OCCCCF)c1,6.646359920501709,6.279869079589844,6.463114500045776
COc1ccc(Cl)cc1N1CCN(Cc2ccc(CN3CCCCC3=O)n2C)CC1,7.916040420532227,6.149349689483643,7.032695055007935
CC(=O)NC1CCC(CCN2CCC(Cc3cccc(C(F)(F)F)c3)CC2)CC1,7.1241559982299805,8.297441482543945,7.710798740386963
COc1cc(CN2CCN(CC3CC3c3ccccc3)CC2)cc(OC)c1,6.153284549713135,6.95235538482666,6.5528199672698975
CCCN(CCN1CCN(c2ncc(-c3ccccc3)cn2)CC1)C1CCc2c(O)cccc2C1,6.908560752868652,8.227200508117676,7.567880630493164
CC(C)(C)c1n[nH]c2c1C(c1ccccc1F)C(C#N)C(=N)O2,5.948701858520508,6.241121768951416,6.094911813735962
OC1(c2ccc(Cl)cc2)CC2CCC(C1)N2Cc1coc2ccc(C(F)(F)F)cc12,7.227627754211426,7.956128120422363,7.5918779373168945
NC(=O)c1ccc(CN2CCOCC2C2CCCCC2)cc1,5.488614559173584,6.286602973937988,5.887608766555786
CC(C)CCN1CCN(c2ccccc2C=C2SC(=S)N(CCCC(=O)O)C2=O)CC1,6.746803283691406,6.269286155700684,6.508044719696045
Cc1ncoc1-c1nnc(SCCCN2CC3CC3(c3ccc(C(F)(F)F)cc3)C2)n1C,6.68971061706543,8.816180229187012,7.752945423126221
COc1cccc2sc3cc(OCCCN4CCN(c5cccc(Cl)c5Cl)CC4)ccc3c12,6.780345439910889,8.08078670501709,7.430566072463989
CCN(CC)CCOc1ccc(Cn2c3ccccc3c3cc4c(c5c6ccccc6n2c5c32)C(=O)NC4)cc1,,,
OC1(c2ccc(Cl)cc2)CC2CCC(C1)N2Cc1coc2ccc(F)cc12,8.23189926147461,8.666383743286133,8.449141502380371
NCC1CC1c1ccccc1CNC(=O)Cc1ccc(O)c(Br)c1,6.134871959686279,5.765806198120117,5.950339078903198
CN1CCN(CCCN2c3ccccc3Sc3ccc(C(F)(F)F)cc32)CC1,6.6178388595581055,6.678783893585205,6.648311376571655
COc1ccccc1N1CCN(CCCCCNC(=O)c2cc(-c3cccc(F)c3)[nH]n2)CC1,7.635924339294434,7.869993686676025,7.7529590129852295
COc1ccccc1N1CCN(CCCCNC(=O)c2cc3ccc1CCCc1ccc(cc1)CC3)CC2,7.617136001586914,6.496816158294678,7.056976079940796
COc1ccccc1N1CCN(CCCCCCn2ncc(Cl)c(N3CCCCC3)c2=O)CC1,8.27393627166748,7.960627555847168,8.117281913757324
Cc1cccnc1C1COCC2(CCN(Cc3cnc(-c4ccccc4)s3)CC2)O1,5.067792892456055,5.630927562713623,5.349360227584839
CC(C)Oc1ccccc1N1CCN(C2CCC(NC(=O)Nc3ccc(F)cc3F)CC2)CC1,8.000497817993164,8.089536666870117,8.04501724243164
NC(=O)c1ccc(NCCCCCNc2ccc3ccccc3n2)cc1,8.495796203613281,6.195945739746094,7.3458709716796875
O=C(NCCCCN1CCN(c2cccc(Cl)c2Cl)CC1)c1cnc2ccccc2c1,7.251877784729004,9.041850090026855,8.14686393737793
COc1ccc(N2CCN(c3nc(N)c4c(C)c(C(F)(F)F)sc4n3)CC2)cc1,5.442934036254883,5.836748600006104,5.639841318130493
CCN1CCCC1CNC(=O)c1c(OC)ccc(Br)c1O,7.539803981781006,8.245927810668945,7.892865896224976
COc1ccccc1N1CCN(CCc2ccc(CN3CCCCC3=O)n2CCc2ccc3ccccc3c2)CC1,7.1480231285095215,6.437273025512695,6.792648077011108
Cc1cccc(C)c1C(=O)N1CCC(N2CCC(N(c3ccccc3Cl)c3ccccc3)CC2)CC1,6.699654579162598,5.905082702636719,6.302368640899658
CCN(CC)C(=O)NC1CC2=C(Cc3c[nH]c4cccc2c34)N(C)C1,8.485456466674805,8.415810585021973,8.450633525848389
O=C(NC1CCC(F)(F)CC1)C1CCC(=O)N1CCCCN1C(=O)C1CC(O)CN1C(=O)CC(c1ccc(F)cc1)(c1ccc(F)cc1)c1ccc(F)cc1,,,
CC(C)(C)CCn1c(CNC2C3CC4CC(C3)CC2C4)cc2ccccc21,5.772495746612549,6.915300369262695,6.343898057937622
COc1ccc(C(CN)NC(=O)c2ccc(-c3ccncc3Cl)cc2)cc1OC,5.661915302276611,5.663726806640625,5.662821054458618
COc1ccccc1N1CCN(CCCCNC(=O)c2cc3ccccc3n2C)CC1,7.065822601318359,8.453808784484863,7.759815692901611
COC(=O)C1CCN(CCCCN2C(=O)CC(c3ccccc3)(c3ccc(Cl)cc3)CC2=O)CC1,6.244153022766113,6.615511894226074,6.429832458496094
Cc1ccc2nc(NCCN)c3ncc(C)n3c2c1,5.266293525695801,4.812343120574951,5.039318323135376
CN(C)C(=O)C1Cc2c(cc3c[nH]c4c3c2C=CC4)N(C)C1,6.957464694976807,7.122429847717285,7.039947271347046
O=C(NCCN1CCN(Cc2ccccc2)CC1)c1ccc(-c2ccccc2)cc1,6.379009246826172,6.878694534301758,6.628851890563965
CCCNC1CCc2cc(Br)cc3[nH]cc(c23)C1,6.872530937194824,7.179305553436279,7.025918245315552
CCN(CCCCCN(C)C(=O)c1ccc2[nH]c3c(c2c1)CCCNC3=O,,,
CCC(NCCc1ccc(O)cc1)=C1C(=O)Nc2ccc(Cl)cc21,7.365628242492676,6.05277681350708,6.709202527999878
COc1cc2c(cc1OC)C1=NOC(CN3CCN(Cc4ccc5ccccc5c4)CC3)C1CO2,6.623773097991943,6.599106311798096,6.6114397048950195
CCN1CC(CN(C)c2nc3ccccc3s2)CC1=O,6.365986347198486,5.869001388549805,6.1174938678741455
Cc1cc(C(N)=O)nn1-c1ccc(C(=O)NCCCN2CCC3(CC2)OCc2ccccc23)cc1,6.088789939880371,6.457542419433594,6.273166179656982
COc1ccc2[nH]c(C)c(CCN3CCN(c4ccccc4)CC3)c2c1,6.646038055419922,6.301279067993164,6.473658561706543
Cc1cc(C(N)=O)sc1C=CCN1CCC(NC(=O)c2cccc3ccccc23)CC1,6.599752902984619,7.194783687591553,6.897268295288086
COc1ccccc1N1CCN(CCCCCN2C(=O)C3CCCCN3C2=O)CC1,7.52466344833374,7.295027732849121,7.409845590591431
CC(C)Oc1ccccc1N1CCN(C2CCC(NS(=O)(=O)c3ccc(-c4cccc(F)c4F)cc3)CC2)CC1,7.558572769165039,7.868167877197266,7.713370323181152
CCN(CC)C(=O)NC1Cc2c(cc3c[nH]c4c3c2C=CC4)N(C)C1,8.286233901977539,9.047680854797363,8.666957378387451
O=C1CCCc2cc3nc[nH]c3cc2N1,8.721048355102539,3.9085679054260254,6.314808130264282
COc1ccccc1N1CCN(CCCCN2C(=O)C3CCCCN3C2=O)CC1,7.399104118347168,7.773093223571777,7.586098670959473
Cc1cccc(N2CCN(CCCCNC(=O)c3c[nH]nn3)CC2)c1C,7.317287445068359,7.354189872741699,7.335738658905029
Cc1ccc2c(N3CCN(CCc4cccc(NC(=O)c5ccco5)c4)CC3)cccc2n1,6.570179462432861,6.638164043426514,6.6041717529296875
O=C1CCc2cc(CCN3CCN(c4nsc5ccccc45)CC3)ccc2N1,8.409677505493164,6.84715461730957,7.628416061401367
CCCN(CCN1CCN(c2ccc(-c3ccccc3)cc2)CC1)C1CCc2ccc(O)cc2C1,7.323070049285889,8.556982040405273,7.940026044845581
COc1ccccc1N1CCN(CC(O)COc2ccc3c(c2)Cc2ccccc2-3)CC1,6.786072731018066,7.174468517303467,6.980270624160767
COc1ccc(N2CCN(CCc3ccc4[nH]c(=O)[nH]c4c3)CC2)cc1,6.7006707191467285,6.152528762817383,6.426599740982056
COc1ccc(S(=O)(=O)Nc2ccc(-c3ncon3)cc2)cc1OC,5.707217216491699,5.822194576263428,5.7647058963775635
Cc1c(-c2ccc3c(c2)CCN(CCCSc2nnc(-c4ccc(F)cc4)n2C)CC3)noc1C,6.3809027671813965,8.491327285766602,7.436115026473999
Cc1c(-c2ccc3c(c2)OCO3)[nH]c2nccnc12,6.396530151367188,5.383810043334961,5.890170097351074
CCCN1CCc2cccc3c2C1Cc1ccc(O)c(O)c1-3,8.10791015625,8.435409545898438,8.271659851074219
CCN1CCN(c2ccc(Nc3nccc(-c4c(-c5cccc(C(=O)Nc6ccccc6F)c5)nc5ccccn45)n3)cc2)CC1,5.981136798858643,5.420907497406006,5.701022148132324
Cc1nc2cc(F)ccc2n1C1CCN(CCCC(C)(C)c3ccc(F)cc3)CC1,6.4958176612854,7.03264856338501,6.764233112335205
O=C(c1cnc2ccccc2c1)N1CCC(O)(c2ccc(Cl)cc2)C2CCCCC21,6.352510452270508,6.168647766113281,6.2605791091918945
COc1ccccc1N1CCN(CCCCN2C(=O)NC(=O)C3=C(CN4CCc5ccccc54)CC3)CC2=O)CC1,,,
CCCN1CCCC2Cc3n[nH]cc3CC21,7.44373893737793,7.752826690673828,7.598282814025879
CCCN(CCC1CCC(NS(=O)(=O)c2ccc(C)cc2S(=O)(=O)c2cccc(C(F)(F)F)c2)CC1)C1CCc2nc(N)sc2C1,6.801933288574219,8.305477142333984,7.553705215454102
COc1ccccc1N1CCN(CCCSc2nnc(-c3cccnc3)n2C)CC1,6.543784141540527,7.77984619140625,7.161815166473389
CCCOc1ccccc1N1CCN(C2CCC(NS(=O)(=O)c3ccccc3)CC2)CC1,7.156585216522217,7.657675743103027,7.407130479812622
O=C(CCCN1CCC2(CC1)C(=O)N(Cc1ccccc1O2)C(=S)Nc1ccc(F)cc1,,,
COc1ccccc1N1CCN(CCCCNC(=O)c2cc3c([nH]2)CCCC3)CC1,7.869572162628174,8.494611740112305,8.18209195137024
CN1CCc2ccccc2Cc2[nH]c3cccc(c3c2CCN2CCC(O)(c3ccccc3)CC2)C1,7.180534362792969,6.771205425262451,6.97586989402771
N#Cc1ccccc1OCC(O)CNCCNC(=O)c1ccc(Br)o1,5.386804103851318,6.739275932312012,6.063040018081665
O=C(NCCCCN1CCC(c2noc3cc(F)ccc23)CC1)c1ccccc1,6.847784042358398,7.716546058654785,7.282165050506592
COc1ccccc1N1CCN(CCCCNC(=O)C=Cc2ccc(Cl)cc2)CC1,7.462882041931152,8.863007545471191,8.162944793701172
O=C(NC1CCc2ccc(CCN3CCN(c4nsc5ccccc45)CC3)cc21)c1ccco1,7.188662528991699,6.399092197418213,6.793877363204956
CCCN(CCN1CCCc2ccc(NS(=O)(=O)c3ccc(OC)cc3)cc21)C1CCc2c(O)cccc2C1,7.296918392181396,7.549948215484619,7.423433303833008
Cn1c(-c2ccc(F)cc2)cnc1NCc1ccccc1,7.483547210693359,6.0383124351501465,6.760929822921753
O=C1N(CC2CCCCN2)CCN1c1cccc(C(F)(F)F)c1,7.734145164489746,8.538254737854004,8.136199951171875
OC1(c2ccc(F)cc2)CCN(CCCCCCCN2CCCCCC2)CC1,4.806958198547363,5.733622074127197,5.27029013633728
COc1cccc(C(=O)NCCCCN2CCN(c3ccccc3OC)CC2)c1,7.0198974609375,8.479230880737305,7.749564170837402
CN1CCN(c2ccc(-c3coc4ncccc34)cc2)CC1,6.030055999755859,5.574038982391357,5.802047491073608
COC(=O)c1c(C)[nH]c(C)c1C(=O)CN1CCN(c2cc(C)ccc2C)CC1,5.432984828948975,6.037366390228272,5.735175609588623
O=C(Nc1ccccc1[N+](=O)[O-])c1ccc2c(c1)CCN2CC(F)(F)F,6.203383445739746,6.065440654754639,6.134412050247192
CCCN(CCCCN1C(=O)CC2(CCCC2)CC1=O)C1CCc2c(F)cccc2C1,7.266072273254394,8.84592342376709,8.055997848510742
C#Cc1cccc(C(=O)NCCCCN2CCN(c3nsc4ccccc34)CC2)c1,7.589059352874756,8.74569320678711,8.167376279830933
N#Cc1ccc2c(-c3ccnc(NC4CC4)n3)c(-c3ccccc3)nn2c1,5.977570056915283,6.090305328369141,6.033937692642212
CCCCSC1=NCCN1CCN1CC=C(c2ccccc2Cl)CC1,6.43297815322876,7.595357894897461,7.01416802406311
OCCN1CCN(CCCN2c3ccccc3Sc3ccc(C(F)(F)F)cc32)CC1,6.477129936218262,6.448475360870361,6.4628026485443115
Cn1cc(-c2ccc(Cl)c(Cl)c2)c(-c2ccnc(NC3CCCCC3)c2)n1,6.564743041992188,5.6674346923828125,6.1160888671875
CC(C)(C)SC1C=C(c2ccc3cc(Cl)ccc3n2)CC(=O)N1,5.509103775024414,6.134369373321533,5.821736574172974
CN1CCN(c2ccc(Nc3ncc(Cl)c(Nc4ccc5[nH]ncc5c4)n3)cc2)CC1,6.275923728942871,5.043773651123047,5.659848690032959
O=C(NCCCCN1CCN(c2cccc(Cl)c2Cl)CC1)c1n[nH]c2ccccc12,7.800105571746826,8.681795120239258,8.240950345993042
COc1ccccc1N1CCN(CCCCN2C(=O)CC(C)(c3ccc(F)cc3)CC2=O)CC1,7.187049865722656,7.645415782928467,7.4162328243255615
CC(C)CN(C(CC(C)C)C(=O)c1ccc2[nH]ccc2c1,,,
COc1ccccc1N1CCN(CCCCNC(=O)c2ccc(Cl)c(Cl)c2)CC1,7.56203556060791,8.97377872467041,8.26790714263916
CCCN(CCC)C1CCc2c(O)cccc2C1,8.197704315185547,8.453164100646973,8.32543420791626
Oc1ccc2c(c1)CCN(Cc1ccc(F)cc1)C2,7.085175514221191,6.789676189422607,6.937425851821899
CCCN(CC1CC1)C1CCc2c(O)cccc2C1,7.567112445831299,9.21287727355957,8.389994859695435
Fc1ccc(-c2nc(Cc3ccccc3)n3cc(-c4ccc(F)cc4)nc3n2)cc1,5.45902156829834,6.329466342926025,5.894243955612183
CC(C)Oc1ccccc1N1CCN(Cc2ccc(CN3c4ccccc4CC3C(=O)N(C)C)cc2)CC1,7.66815710067749,7.110583782196045,7.389370441436768
COc1cc(Cl)c(-c2cc3cc(OC)cc(OC)c3[nH]2)c(Cl)c1,5.7899274826049805,5.27403736114502,5.531982421875
O=C(CCCCN1CCc2nc(C3CCCCC3)n(-c3ccc(Br)cc3)c2C1)NCc1ccco1,6.561002731323242,6.511240005493164,6.536121368408203
CCOc1nc(C(=O)NCc2cccnc2)cc(N)c1C#N,6.645018100738525,5.856631278991699,6.250824689865112
CCOCCOc1cccc(-c2c[nH]c(=O)n2CC)c1,6.469414710998535,7.206381797790527,6.837898254394531
CCOc1ccccc1N1CCN(CCCCNC(=O)c2ccc(OC)cc2)CC1,7.30606746673584,8.886734962463379,8.09640121459961
COc1ccccc1N1CCN(CCCCNC(=O)c2ccc(C(C)C)cc2)CC1,7.623494625091553,8.58995246887207,8.106723546981812
CCOc1ccccc1N1CCN(CCCCNC(=O)c2ccc(-c3cccc(C(F)(F)F)c3)cc2)CC1,7.557138919830322,8.827566146850586,8.192352533340454
Cc1cc2c(s1)Nc1ccccc1N=C2N1CCN(C)CC1,6.933331489562988,7.052985191345215,6.993158340454102
Oc1nc2c(O)ccc(C(O)CNCCCOCCCNCCc3ccncc3)c2s1,5.010590553283691,6.493834018707275,5.752212285995483
O=[N+]([O-])c1ccc(-c2nc(-c3ccccc3)c(-c3ccc4ccccc4c3)[nH]2)cc1,6.62110710144043,6.839017868041992,6.730062484741211
COc1ccc2[nH]c(C(=O)NC3C4CC5CC(C4)CC3C5)cc2c1,5.866876602172852,7.924239158630371,6.895557880401611
Clc1ccccc1N1CCN(Cc2ccc3c(c2)OCO3)CC1,6.751876831054688,6.927189350128174,6.839533090591431
O=C(CCCN1CC=C(n2c(O)nc3ccccc32)CC1)c1ccc(F)cc1,8.367292404174805,7.846202850341797,8.1067476272583
COc1ccccc1N1CCN(CCN2C(=O)N(C)C(=O)C2(c2ccc(F)cc2)c2ccc(Cl)cc2)CC1,6.753140926361084,6.9247918128967285,6.838966369628906
CCN(CC)CC1CCC(c2ccc(O)c(C(C)(C)C)c2)CC1,5.908066272735596,6.967263221740723,6.437664747238159
O=C(NCC=CCN1CCN(c2cccc(Cl)c2Cl)CC1)c1cc2ccccc2[nH]1,7.233084678649902,9.19192600250244,8.212505340576172
FC(F)(F)c1ccc(N2CCN(CCCCNC(=S)NC3CCCCC3)CC2)nc1,7.518558502197266,9.083904266357422,8.301231384277344
COc1cccc(CCN2CCC3(C)c4cc(OC)c(OC)cc4NC23)c1,5.930421352386475,7.169522762298584,6.549972057342529
CCCN1CCCC(c2ccc(Nc3nc(Nc4cc(F)ccc4C(N)=O)c4cc[nH]c4n3)c(OC)c2)C1,6.661169528961182,5.90226411819458,6.281716823577881
Nc1cccc(C(=O)NCCCCN2CCN(c3nsc4ccccc34)CC2)c1,7.776971340179443,8.86240005493164,8.319685697555542
CCCN(CCC1CCC(NS(=O)(=O)c2cccc3cccnc23)CC1)C1CCc2nc(N)sc2C1,7.493483066558838,8.789552688598633,8.141517877578735
COc1ccccc1N1CCN(CCCCNC(=O)c2ccccc2)CC1,7.475579261779785,8.450655937194824,7.963117599487305
CC#CC1=CCC2C(C1)c1ccc(O)cc1C21CCCN1CC=C(C)C,6.939981460571289,7.052488803863525,6.996235132217407
COc1ccccc1N1CCN(CCC2CCN(c3cccc(Cl)c3)CC2)CC1,8.243231773376465,7.997481346130371,8.120356559753418
CCOc1ccc(CCN2CCN(c3cccc4nc(-c5ccccc5)oc34)CC2)cc1OC,6.146537780761719,7.207359313964844,6.676948547363281
CCCN1CCCC(c2cccc(O)c2)C1,6.599302291870117,7.349627494812012,6.9744648933410645
CCCc1ccccc1N1CCN(CCCOc2ccc3c(c2)NC(=O)CC3)CC1,8.304733276367188,7.503262519836426,7.903997898101807
COc1ccc(NC(=O)c2cccc(C(=O)NCCC(=O)NC3CCN(Cc4ccccc4)CC3)c2)c(OC)c1,6.481794834136963,6.462611675262451,6.472203254699707
COC(=O)C1C(C)=NC(=O)N(C(=O)NCCCN2CCN(c3cccc(Cl)c3Cl)CC2)C1c1ccc(F)c(F)c1,5.942568778991699,6.443164825439453,6.192866802215576
O=C(NCC(O)CN1CCN(c2cccc(C(F)(F)F)c2Cl)CC1)c1cnc2ccccc2n1,6.166162490844727,6.887696266174316,6.5269293785095215
Cn1cc(C2NC3CCCC3N2c2ccccc2C(F)(F)F)cn1,6.665962219238281,6.798090934753418,6.73202657699585
O=C(CCCN1CCC2(CC1)C(=O)N(Cc1ccccc1Cl)CN2c1ccccc1)c1ccc(F)c(F)c1,8.676092147827148,7.693045616149902,8.184568881988525
CC(=O)NC1CCCCC12CCN(CCCSc1nc(-c3ccccc3)c(-c3ccccc3)[nH]1)CC2,6.072181701660156,6.83460807800293,6.453394889831543
COc1cc(N2CCN(C)CC2)ccc1C(=O)Nc1n[nH]c2ccc(Cc3cc(F)cc(F)c3)cc12,6.572559356689453,5.924870491027832,6.248714923858643
N#CN1CC(CNC(=O)c2ccc3c(c2)CCCC3)C1,6.397951126098633,3.928400993347168,5.1631760597229
Clc1ccc(N2CCN(Cc3cn4ccccc4n3)CC2)c(Cl)c1,6.06512975692749,5.74128532409668,5.903207540512085
COc1ccccc1N1CCN(CCCCCNC(=O)c2cc3cc(Cl)cc(Cl)c3[nH]2)CC1,7.750398635864258,8.375772476196289,8.063085556030273
Oc1nc2ccccc2n1C1CCN(CCCC2CCCCC2)CC1,6.162142753601074,6.89489221572876,6.528517484664917
O=C1CCC2(OCCCn3cccc3)C3Cc4ccc(O)c5c4C2(CCN3CC2CC2)C1O5,7.560085296630859,8.008304595947266,7.7841949462890625
Cc1ccc(-n2c(C)cc(C=C3C(=O)Nc4ncc(C(=O)O)cc43)c2C)cc1,5.265905857086182,4.881250858306885,5.073578357696533
COc1ccccc1N1CCN(CCCCCOc2cccc(N=S(C)(=O)O)c2)CC1,8.127470016479492,7.28467321395874,7.706071615219116
Cc1ccc2c(NCCCN(C)C)cc(C(F)(F)F)nc2n1,6.787882328033447,6.371915817260742,6.579899072647095
O=C(NC1CCC(CCN2CCN(c3cc(Cl)cc(Cl)c3)CC2)CC1)C1CCCCC1,7.566036701202393,9.298725128173828,8.43238091468811
CCN(CCCCCCN1C(=O)C(C)(c2ccc3ccccc3c2)CC1=O)C1CCc2nc(N)sc2C1,6.806291103363037,8.036752700805664,7.421521902084351
Oc1ccc2[nH]cc(CCCCN3CCN(c4ccccn4)CC3)c2c1,7.961320877075195,7.745139122009277,7.853229999542236
CN1CCCC1Cn1nc(Cc2ccc(Cl)cc2)c2ccccc2c1=O,6.43051290512085,6.615733623504639,6.523123264312744
OC1(CNC2CCCCC2)CCN(CCCc2c[nH]c3ccccc23)CC1,4.120415687561035,6.193387985229492,5.156901836395264
COc1ccccc1N1CCN(Cc2cn3cccc(C)c3n2)CC1,6.590174674987793,5.875257968902588,6.23271632194519
O=C(O)CCCCCCN1CCC(CNC(=O)c2c3n(c4ccccc24)CCCO3)CC1,5.299156665802002,5.454821586608887,5.376989126205444
COc1ccccc1N1CCN(CCCCNS(=O)(=O)c2ccc(C)cc2)CC1,7.4585185050964355,7.52011775970459,7.489318132400513
O=C(NCC=CCN1CCN(c2cccc(Cl)c2Cl)CC1)c1ccccc1O,7.707101821899414,8.832686424255371,8.269894123077393
O=C(NCC1CC1)c1ccc(OCCCN2CCOCC2)cc1,5.743133068084717,7.56735897064209,6.655246019363403
CCCN(CCc1cccs1)C1CCc2c(O)cccc2C1,8.405183792114258,8.605388641357422,8.50528621673584
Cn1cc(C2=C(c3cn(C)c4ccc(Br)cc34)C(=O)NC2=O)c2ccccc21,5.66393518447876,5.994765758514404,5.829350471496582
COc1ccc2[nH]cc(C3=CCN(CCCN4C(=O)C=CC4=O)CC3)c2c1,7.201849937438965,6.5385847091674805,6.870217323303223
O=C(NCC=CCN1CCN(c2cccc(Cl)c2Cl)CC1)c1ccc(-n2ccnc2)cc1,7.228537559509277,8.491930961608887,7.860234260559082
CS(=O)(=O)N1CCN(Cc2cc3nc(-c4cccc5n[nH]cc45)nc(N4CCOCC4)c3s2)CC1,6.220104694366455,5.686750411987305,5.95342755317688
COc1ccccc1N1CCN(CC2CCc3cc(O)ccc3O2)CC1,9.77315902709961,7.966589450836182,8.869874238967896
Cc1cc(C)c2c(N)c(C(=O)NCc3ccncc3)sc2n1,6.382224559783936,4.371567726135254,5.376896142959595
COc1ccccc1N1CCN(CCCCNC(=O)c2cc3cc4cc(I)ccc4nc3o2)CC1,7.3926005363464355,8.378759384155273,7.8856799602508545
Nc1cccc(-c2ccccc2C(=O)Nc2ccc3c(c2)CCO3)n1,6.7309346199035645,5.4390411376953125,6.0849878787994385
CC1CN(C2CCN(CCCC(=O)c3ccc(F)cc3)CC2)CCN1C(C)c1ccc(Cl)cc1,5.732253074645996,6.085402488708496,5.908827781677246
O=C(NC1CCC(CCN2CCN(c3cccc(Cl)c3Cl)CC2)CC1)c1cccc2ccccc12,7.486489295959473,8.409736633300781,7.948112964630127
Oc1[nH]cc2nc(CC3CCCN3)cc(O)c12,5.164048671722412,7.061104774475098,6.112576723098755
O=C1Nc2ccccc2Nc2ccccc21,8.757617950439453,5.7372822761535645,7.247450113296509
CC(C)Oc1ccccc1N1CCN(C2CCC(NS(=O)(=O)c3ccc4ccccc4c3)CC2)CC1,7.428544998168945,8.008484840393066,7.718514919281006
CN1CCCC1Cn1nc(Cc2ccc(Cl)cc2)c2ccccc2c1=O,6.43051290512085,6.615733623504639,6.523123264312744
N#Cc1ccc2[nH]cc(CCCCN3CCN(c4ccc5oc(C(N)=O)cc5c4)CC3)c2c1,7.100306987762451,7.288533210754394,7.194420099258423
Nc1ccccc1Nc1c(I)nc(S)n1-c1ccccc1,8.302473068237305,6.821327209472656,7.5619001388549805
Oc1ccc2c(c1)OC(CNCc1cc(Cl)ccc1I)CC2,9.760915756225586,7.866128444671631,8.813522100448608
CN1CCCC1Cn1nc(Cc2ccc(Cl)cc2)c2ccccc2c1=O,6.43051290512085,6.615733623504639,6.523123264312744
CN(C)C(=O)CCN1CCC(Oc2ccc(C(=O)N3CCCC3)cc2NC(=O)c2cccc(C#N)c2)CC1,5.546947002410889,5.959402084350586,5.753174543380737
N#Cc1ccc(N2CCN(CCCC3CCC(NS(=O)(=O)c4ccccc4)CC3)CC2)cc1Cl,7.261880874633789,8.169639587402344,7.715760231018066
COc1ccccc1N1CCN(CCCCCCNC(=O)c2ccc(-c3ccc(F)cc3)o2)CC1,7.156394481658936,7.917440414428711,7.536917448043823
O=C(Nc1cccc2ccccc12)NC(Cc1ccccc1)c1nc(-c2ccccc2)c[nH]1,5.9340128898620605,6.173896789550781,6.053954839706421
COc1ccc(-c2ccccc2N2CCN(CCCCCCC(=O)NCc3ccc(F)cc3)CC2)cc1,6.655762672424316,6.777127265930176,6.716444969177246
COc1ccccc1N1CCN(CCN(C(=O)C23CC5CC(CC(C5)C2)C3)c2ccccn2)CC1,7.138521194458008,6.544859886169434,6.841690540313721
Oc1ncnc2c1oc1ccc(Cl)cc12,7.007084369659424,4.747174263000488,5.877129316329956
COc1ccc(S(=O)(=O)NCCCCN2CCN(c3ccccc3OC)CC2)cc1,7.202117919921875,7.607097625732422,7.404607772827148
COc1ccc(NC(=O)Nc2ccc(OC)nc2)cc1-c1c(Br)cnn1C,7.009498596191406,4.875360488891602,5.942429542541504
COCCN1CCCC1CNC(=O)c1cc(Br)cc(Br)c1OC,6.567281723022461,8.165182113647461,7.366231918334961
CCCN1CCc2cc(OC)c(OC)cc2CC1CCNCC1,,,
CCCN(CCC)c1cc(C)nc2c1NC(=O)CN2c1ccc(O)c(Cl)c1,7.518683433532715,6.000680446624756,6.759681940078735
CC(C)Oc1ccccc1N1CCN(C2CCC(NC(=O)Nc3ccc(F)cc3F)CC2)CC1,8.000497817993164,8.089536666870117,8.04501724243164
O=C(NCCCCCN1CCN(c2cccc(Cl)c2Cl)CC1)c1ccc(-c2ccccn2)cc1,7.134372711181641,8.261160850524902,7.6977667808532715
CN(C)CC1CC2c3ccccc3Cc3ccc(F)cc3N2O1,7.31734037399292,7.581218719482422,7.449279546737671
CN(C)C1CCc2[nH]c3ccccc3c2C1,6.84661865234375,6.881667137145996,6.864142894744873
COc1ccccc1N1CCN(CCCCNC(=O)c2ccc3c(c2)sc2ccc(F)cc23)CC1,7.482913970947266,8.72296142578125,8.102937698364258
N#Cc1ccc(N2CCN(CC(O)CNCCc3cccc(F)c3)CC2)cc1Cl,5.130046844482422,5.745798587799072,5.437922716140747
C[N+](C)(Cc1ccc(I)cc1)Cc1ccc2c(c1)OCO2,7.701626777648926,5.062800407409668,6.382213592529297
CCCN(CCCN1CCN(c2ccccc2OC)CC1)C1CCc2c(O)cccc2C1,8.013526916503906,7.888175964355469,7.9508514404296875
O=C1N(CCN2CCCCCC2)CCN1c1cccc(Cl)c1,8.18490982055664,7.695871353149414,7.940390586853027
Oc1cc2c(OCCNCc3cccc(Cl)c3)ccc(Cl)c2[nH]1,8.732492446899414,7.187414169311523,7.959953308105469
COc1ccc2c(c1)OC(=O)C1CN(CCCN3C=CC(c4csc5ccccc45)CC3)CC21,6.1485114097595215,6.507312297821045,6.327911853790283
CN1CCc2c(sc3ncn(CCN4CCN(c5cccc6ccncc56)CC4)c(=O)c23)C1,7.476644515991211,7.108672142028809,7.29265832901001
Cc1ccncc1NC(=O)N1CCC(c2nc(-c3ncccn3)no2)CC1,4.73247766494751,4.163665771484375,4.448071718215942
CCCN(CCN1CCCCC1)C1CCc2c(O)cccc2C1,6.895827770233154,8.239675521850586,7.56775164604187
COc1cc2c(cc1OC)C1=NOC(CN3CCN(c4cc([N+](=O)[O-])ccc4OC)CC3)C1CO2,6.369861602783203,6.63145637512207,6.500658988952637
CCOc1ccccc1N1CCN(CCCNC(=O)c2ccc3c(c2)C(=O)N(CC)CC3)CC1,6.9222564697265625,7.9521708488464355,7.437213659286499
O=C(NCCCCN1CCC(Oc2ccc(Cl)cc2Cl)CC1)c1cc2ccccc2[nH]1,6.749059200286865,8.882290840148926,7.8156750202178955
C=CCN(CC=C)C(=O)C1CCCN(C(=O)Cc2ccc(OC)cc2)c2ccccc21,7.0299458503723145,4.893307685852051,5.961626768112183
Fc1ccc(-c2nc3occn3c2-c2ccnc(NC3CCNCC3)n2)cc1,5.815021991729736,5.167479038238525,5.491250514984131
Oc1nc2ccccc2n1CCCCCN1CCN(c2cccc(Cl)c2Cl)CC1,7.946537494659424,7.861992835998535,7.9042651653289795
NC(=NCCCCN1CCN(c2ccccc2OCCF)CC1)c1ccc(Cl)cc1,6.974851131439209,8.125458717346191,7.5501549243927
CNC(=O)c1ccc2c(c1)CCOC2CCN1CC=C(c2c[nH]c3c(Cl)cccc23)CC1,7.607023239135742,7.362061500549316,7.484542369842529
CCN1CCCC1CNC(=O)c1cc(C)cc(C)c1OC,7.505553245544434,8.219427108764648,7.862490177154541
CCOc1ccccc1N1CCN(CCCCN=C2C(=O)N(C)N=C(C)C2C(C)=O)CC1,6.229056358337402,6.534008026123047,6.381532192230225
Cc1n[nH]c2ccc(-c3cncc(OCC(N)Cc4ccc(Cl)c(Cl)c4)c3)cc12,5.195193767547607,6.2360453605651855,5.7156195640563965
CCCN1CCc2cc(OC)c(OC)cc2C1Cc1ccc(O)c(O)c1,6.19953727722168,7.009586811065674,6.604562044143677
Nc1c(C(=O)NC2CC2c2ccccc2)sc2nc3c(c(-c4ccco4)c12)CCC3=Cc1ccco1,5.728903293609619,6.882896900177002,6.3059000968933105
O=C(NC(Cc1ccccc1)C(=O)NC1CCCN(Cc2ccccc2)C1=O)C1Cc2ccccc2CN1,7.155696392059326,6.573825836181641,6.864761114120483
COc1cc2c(cc1N1CCN(C3CC=CC3)CC1)CCN2c1ccc(F)cc1,7.382535934448242,6.8776702880859375,7.13010311126709
COc1ccccc1N1CCN(CCCCNC(=O)c2ccc3ccccc3c2)CC1,7.298825263977051,8.823209762573242,8.061017513275146
Cc1ccc(-c2ccc(C(=O)NC3CCC(N4CCN(c5ccccc5OC(C)C)CC4)CC3)cc2)cn1,6.590063095092773,7.674221038818359,7.132142066955566
CCCN1CCCC1CNC(=S)Nc1cc(Cl)ccc1OC,6.641783237457275,8.126818656921387,7.384300947189331
CCCN1CCC(c2ccc(O)c(OC)c2)CC1,5.874032497406006,5.681722164154053,5.777877330780029
COc1cccc(C(=O)NCCCN2CCN(c3nsc4ccccc34)CC2)c1,6.59906005859375,7.025144100189209,6.8121020793914795
COC1(C#CC(O)(c2ccccc2)c2ccccc2)CN2CCC1CC2,5.800537109375,5.775712490081787,5.7881247997283936
O=c1cc(-c2cccc3c2Sc2ccccc2S3)oc(N2CCOCC2)c1,5.46198034286499,7.146310329437256,6.304145336151123
O=S(=O)(NCCCN1CCN(c2nsc3ccccc23)CC1)c1cnc2ccccn12,7.031047344207764,7.407949447631836,7.2194983959198
CCCc1cc(C(=O)NC2C3CCN(CC3)C2Cc2cccnc2)no1,6.162675857543945,7.250785827636719,6.706730842590332
COc1ccccc1N1CCN(CCCCNC(=O)c2cc3ccccc3[nH]2)CC1,7.458228588104248,9.089479446411133,8.27385401725769
FC(F)(F)c1ccccc1-n1cnnc1,7.48511266708374,5.576596736907959,6.53085470199585
COc1ccccc1N1CCN(CCCCNC(=O)c2ccc(-c3ccccc3)cc2)CC1,7.363232612609863,8.831466674804688,8.097349643707275
Fc1ccc(-c2cn(CC3CCN(CC4COc5ccccc5O4)CC3)cn2)cc1,6.8958258628845215,7.449491500854492,7.172658681869507
O=Cc1ccccc1NC1CC2CN(Cc3cccc(Cl)c3)CC2C1,6.361676216125488,6.724371910095215,6.543024063110352
CCN(CCCCCCN1CCN(c2ccccc2OCCF)CC1)C1CCc2c(O)cccc2C1,8.370063781738281,8.041500091552734,8.205781936645508
COc1ccccc1N1CCN(CCCCC(=O)NC2CCCc3ccccc32)CC1,7.217672824859619,7.674829959869385,7.446251392364502
COc1nccnc1N1CCN(CCc2ccc(F)cc2)CC1,6.62982702255249,6.3643670082092285,6.497097015380859
CC(C)Oc1ccccc1N1CCN(C2CCC(NS(=O)(=O)c3ccccc3Cl)CC2)CC1,7.637956142425537,8.312023162841797,7.974989652633667
Oc1[nH]cc2ccc(OCCCN3CCN(c4cccc5c4CCCC5)CC3)cc12,8.662344932556152,7.776519298553467,8.21943211555481
O=C1CCc2ccc(OCCCCN3CCN(c4cccc(Cl)c4Cl)CC3)nc2N1,8.820858001708984,7.946710586547852,8.383784294128418
CN1CCCC(Cc2ccccc2)C1,4.950374126434326,5.011291980743408,4.980833053588867
N#Cc1cccc(NC(=O)COC(=O)C2CC3CCC2O3)c1,5.285564422607422,4.433864593505859,4.859714508056641
COc1ccc2[nH]cc(CCNCCCCSc3ccc(Cl)cc3)c2c1,6.986943244934082,6.762602806091309,6.874773025512695
COc1ccccc1N1CCN(CCCCOc2ccc3ccc(O)nc3c2)CC1,8.581178665161133,8.298626899719238,8.439902782440186
N#Cc1ccc2[nH]cc(CCCCN3CCN(c4cccc5nc(C(N)=O)ccc45)CC3)c2c1,7.933559894561768,8.12565803527832,8.029608964920044
CCCN(CCC)C1CCc2c(F)ccc(OC)c2C1,7.375538349151611,7.547794342041016,7.4616663455963135
Oc1ccc(C2CN3CCCC3c3cc(O)ccc32)cc1,5.835032939910889,7.188410758972168,6.511721849441528
CC(C)c1ccccc1N1CCN(CCCCNC(=O)c2ccc([N+](=O)[O-])cc2)CC1,7.801009178161621,8.816596984863281,8.308803081512451
C#Cc1cccc(CCN2CCN(c3cccc(Cl)c3Cl)CC2)c1,7.471731662750244,6.767838001251221,7.119784832000732
COc1ccccc1N1CCN(CCCCNC(=O)c2ccc(-c3ccc(F)cc3)s2)CC1,7.391895294189453,8.79711627960205,8.094505786895752
COc1ccc(S(=O)(=O)NCC2CCC(N3CCN(c4ccccc4OC(C)C)CC3)CC2)cc1OC,7.136264801025391,7.853195667266846,7.494730234146118
NC(=O)c1ccc2c(c1)CCOC2CCN1CC=C(c2c[nH]c3cc(F)ccc23)CC1,7.921012878417969,7.027275085449219,7.474143981933594
N#Cc1ccc(N2CCC(N3CCN(c4ccc(F)cc4)CC3)CC2)cc1Cl,4.736619472503662,5.229978561401367,4.983299016952515
CCOc1ccccc1N1CCN(CCCCNC(=O)c2ccc(Br)o2)CC1,7.234633922576904,8.841495513916016,8.03806471824646
COc1cc(N2CCN(C(C)C)CC2)ccc1Nc1nc(-c2ccc(C#N)cc2)c(C)s1,5.995392322540283,5.74242115020752,5.868906736373901
O=C(CCCCCCCCCCCn1ccnc1)c1cc(Cl)ccc1O,7.012801647186279,6.317896366119385,6.665349006652832
COc1ccccc1OCCNCC1COCC(c2ccccc2)(c2ccccc2)O1,5.6601104736328125,6.392210960388184,6.026160717010498
CCN(CC)C(=O)NC1Cc2c(cc3c[nH]c4c3c2C=CC4)N(C)C1,8.286233901977539,9.04771900177002,8.66697645187378
COc1ccccc1N1CCN(CCCCNC(=O)c2cc3ccccc3s2)CC1,7.43854284286499,9.065712928771973,8.252127885818481
CCCN(CCOC)C1CCc2ccc(O)cc2C1,7.095869541168213,7.142889499664307,7.11937952041626
O=C(NC1CCc2ccc(CCN3CCN(c4nsc5ccccc45)CC3)cc21)c1ccccc1,7.34904670715332,6.441578388214111,6.895312547683716
N#Cc1c(NC(=O)CCN2CCN(c3ccccc3F)CC2)ccc2ccccc12,7.419686317443848,5.940838813781738,6.680262565612793
CC(C)Oc1ccccc1N1CCN(C2CCC(NC(=O)Nc3ccc(F)cc3)CC2)CC1,7.912661552429199,8.052120208740234,7.982390880584717
COc1ccccc1N1CCN(CCn2c(C)nc3c(sc4ccc(NC(=O)CCCN(C)C(C)=O)cc43)c2=O)CC1,6.968138694763184,5.971072196960449,6.469605445861816
CCN1CCCC1CNC(=O)c1c(OC)ccc(Br)c1OC,6.901225090026856,8.275629043579102,7.5884270668029785
O=C(NCCCCN1CCN(c2cccc(Cl)c2Cl)CC1)c1cc2cc(F)ccc2[nH]1,7.324804306030273,9.104984283447266,8.21489429473877
COc1ccccc1N1CCN(CCn2c(O)nc3c(sc4ccccc43)c2=O)CC1,7.57096004486084,7.26620626449585,7.418583154678345
COc1ccccc1N1CCN(CCCCc2c(C)cccc2C(F)(F)F)CC1,7.735229969024658,6.803600311279297,7.2694151401519775
COc1ccc(N2CCN(CCCCCC(=O)N=CC3Nc4ccccc4C(=O)N3c3ccccc3OC)CC2)cc1,5.914473533630371,5.821884632110596,5.868179082870483
CC1CN(CCOc2ccccc2)CCN1C(=O)CCc1ccc(Cl)c(Cl)c1,6.347743034362793,6.215364456176758,6.281553745269775
Cc1cc(C)c2c(N)c(C(=O)NCCO)sc2n1,6.43760347366333,5.276760101318359,5.857181787490845
COc1ccccc1N1CCN(CCCCNC(=O)c2cc3ccccc3o2)CC1,7.030130386352539,8.543241500854492,7.786685943603516
O=C1N(CC2CCCCC2)CCN1c1cccc(C(F)(F)F)c1,7.639394283294678,8.43316650390625,8.036280393600464
CN1C2CCC1CC(NC(=O)Nc1ccc3nc(-c4ccco4)c(-c4ccco4)nc3c1)C2,5.432256698608398,6.79055643081665,6.111406564712524
COc1ccccc1N1CCN(CCCCNC(=O)c2ccc(-c3ccccc3OC)cc2)CC1,7.243757247924805,8.636911392211914,7.940334320068359
CN1CCCC1COc1cccc(C(=O)NCc2ccccc2)c1,6.036099433898926,6.785595417022705,6.410847425460815
CCc1nc(Cl)c2n1CCN(C(C(=O)NC)c1ccccc1)C2CCc1ccc(Cl)cc1,6.669338703155518,6.602553367614746,6.635946035385132
CCN1CCC(COc2nc3ccccc3n3cccc23)CC1,6.445003032684326,6.50482988357544,6.474916458129883
COc1cc(N2CCN(CCC3CC3c3ccccc3)CC2)ccc1Nc1ncc2ccc(Cl)nc2n1,6.616865158081055,6.85009241104126,6.733478784561157
O=C1N(CCCN2CCC(C(F)(F)F)CC3(C2)C(=O)NCN3c2ccccc2F)CCN1c1ccccc1,7.7463603019714355,7.814356803894043,7.780358552932739
Oc1ccc(-c2cnc(C3CCC(CCCN4CCN(c5ccccc5Cl)CC4)CC3)[nH]2)cc1,7.610029220581055,8.091856002807617,7.850942611694336
C1=C(c2cn(CC3CCN(Cc4ccon4)CC3)c3ccccc23)CCN(Cc2ccc3c(c2)OCO3)C1,6.209253787994385,6.275002956390381,6.242128372192383
CC(C)CN(CC(C)C)C1CCN(CCCNC(=O)c2c(-c3ccc(F)cc3)noc2C)CC1,6.12401294708252,6.065784931182861,6.09489893913269
CN(C)c1ncc2nc(-c3cc(F)cc(F)c3)c(=O)n(C3CCCC3)c2n1,6.482800960540772,6.229682445526123,6.356241703033447
CCN(CC)C(=O)NC(CCN1CCC(Nc2noc3cc(Cl)ccc23)CC1)c1ccc(Cl)c(Cl)c1,7.521053314208984,6.643559455871582,7.082306385040283
Cc1ccc(N2CCN(CCCCNC(=O)c3ccc(C(F)(F)F)cc3)C(C)C2=O)cc1C,6.629881381988525,8.161210060119629,7.395545721054077
Clc1cccc(N2CCN(CCc3cnn4ccccc34)CC2)c1,6.543545722961426,6.401155948638916,6.472350835800171
COc1cc2c(cc1OC)C1C(CO)CC(C(=O)O)C(C)(C)C1C2,5.590124130249023,5.206371784210205,5.398247957229614
COc1ccccc1N1CCN(CCCCn2ncc(=O)n(C)c2=O)CC1,7.234968662261963,7.482704162597656,7.35883641242981
c1cncc(-c2nc(NCCCN3CCN(c4ccccc4)CC3)c3ccccc3n2)c1,5.941705226898193,6.4540181159973145,6.197861671447754
OC1(c2ccc(Cl)c(Cl)c2)CC2CCC(C1)N2Cc1coc2ccccc12,7.604947090148926,8.592601776123047,8.098774433135986
O=C(NCCCCN1CCN(c2cccc(Cl)c2Cl)CC1)c1ccc(-c2ccccc2)cc1,7.198726177215576,8.894172668457031,8.046449422836304
Cc1cc(N2CCC(N3CCN(c4cccc(C(F)(F)F)c4)CC3)CC2)no1,5.151165008544922,5.942698955535889,5.546931982040405
CC=CCN1CCN(c2cccc(Cl)c2Cl)CC1,7.513015747070312,7.993265151977539,7.753140449523926
C[SH](=O)(O)N=C1CCC(CCN2CCN(c3cccc(Cl)c3Cl)CC2)CC1,7.95919942855835,8.918431282043457,8.438815355300903
Cc1cccs1,5.574601650238037,4.098433494567871,4.836517572402954
CCOc1ccc(CN2CCC(C(=O)c3ccc4c(c3)OCO4)CC2)cc1,6.094898700714111,6.136673927307129,6.11578631401062
Cc1[nH]nc2c1C(c1ccccc1F)C1C(=O)CC(C)(C)CC1=N2,5.273967742919922,5.89463996887207,5.584303855895996
Clc1cccc(-c2c[nH]c3cccc(OC4CCN(Cc5cccnc5)CC4)c23)c1,7.028400897979736,6.808976173400879,6.918688535690308
CCCN(CCN1CCN(Cc2ccco2)CC1)C1CCc2c(O)cccc2C1,6.515092372894287,8.163142204284668,7.3391172885894775
Oc1n[nH]c2c(Cl)cc(-c3ccc(NC(=O)Nc4ccccc4)cc3)cc12,7.244728088378906,5.40855598449707,6.326642036437988
c1cnc2[nH]cc(-c3ccnc(NC4CCCNC4)n3)c2c1,5.974949836730957,5.202260494232178,5.588605165481567
CN(C)CC(=O)N(C)C1CCC(Nc2ncc3ccc(-c4cncc(OC5CCN(C)CC5)c4)n3n2)CC1,5.329622745513916,6.068493366241455,5.6990580558776855
COc1ccc2[nH]c(C(=O)O)c(NCc3cccc(-c4ccccc4)c3)c2c1,7.160976409912109,6.125781536102295,6.643378973007202
CN(C)C1CCc2c(c3ccccc3n2Cc2ccc(F)cc2)C1,6.992011547088623,6.535096168518066,6.763553857803345
O=C(NCCCO)NCC(c1cccc(Cl)c1)N1CCN(c2nc3ccccc3s2)CC1,6.496026992797852,6.403781890869141,6.449904441833496
CN1CCN(C2Cn3cccc3Sc3ccc(Cl)cc32)CC1,8.645715713500977,8.372458457946777,8.509087085723877
CCOc1ccccc1N1CCN(CCCCN(C)C(=O)c2cc3ccccc3o2)CC1,6.628082275390625,8.146381378173828,7.387231826782227
COc1ccccc1N1CCN(CCCCNC(=O)C=Cc2cccc(OC)c2)CC1,7.154599666595459,8.83721923828125,7.9959094524383545
CCCN(CCC1CCC(NC(=O)C=Cc2ccc(OC)cc2)CC1)C1CCc2c(O)cccc2C1,7.484350204467773,8.330520629882812,7.907435417175293
CN1CCN(C2Cn3cccc3Sc3ccc(F)cc32)CC1,8.455343246459961,8.19658088684082,8.32596206665039
Cc1ccc2c(c1)N(CCCN1CC3CCc4ccc(c5nc6ccccc6n5c4C3)C1)CC(C)(C)O2,,,
COc1ccccc1N1CCN(CCN2C(=O)CC3(CCCC3)CC2=O)CC1,7.094912528991699,7.714849472045898,7.404881000518799
CCN1CCCC1CNC(=O)c1c(OC)c(C)cc(Br)c1OC,6.787290096282959,8.52425479888916,7.65577244758606
CN1CCN(c2cccc3c2CCCN3C(=O)C2CC(Oc3ccc(C(=O)O)cc3)CN2)CC1,6.6634016036987305,6.267154693603516,6.465278148651123
CCOc1ccc2c(c1)C(O)(CC)CC2NC(=O)CC(NS(=O)(=O)c1ccccc1)c1ccc(C)cc1,6.851652145385742,6.562699794769287,6.707175970077515
NCCCN1CCN(C(=O)c2cc3c(-c4ccccc4)[nH]nc3s2)CC1,5.911934852600098,7.268540382385254,6.590237617492676
CC[N+]1(CCC2CCCCC2)CCC(NC(=O)C2c3c(nc4ccccc24)CCCC3)CC1,,,
N#Cc1ccc2[nH]cc(CCCCN3CCN(c4cccc5ncccc45)CC3)c2c1,8.045989990234375,7.94679069519043,7.996390342712402
COc1ccccc1N1CCN(CCn2c(C)nc3c(sc4ccc(NC(=O)CCCC(=O)Oc5ccccc5)cc43)c2=O)CC1,7.139111042022705,5.915055274963379,6.527083158493042
COc1cccc(C(C)NC(=O)c2ccc(-c3ccncc3)cc2)c1,5.501105308532715,5.394364833831787,5.447735071182251
O=C(NCC1CCC(CCN2CCN(c3cccc(Cl)c3Cl)CC2)CC1)c1ccc(-c2ccccc2)cc1,6.841455459594727,8.200704574584961,7.521080017089844
Cc1ccc2c(N3CCN(CCc4cccc(NC(=O)c5cccs5)c4)CC3)cccc2n1,6.774297714233398,6.780170917510986,6.777234315872192
CCCN(CCC1CCC(NC(=O)c2cccc3ccccc23)CC1)C1CCc2nc(N)sc2C1,6.954048156738281,8.542572021484375,7.748310089111328
O=C(NN=Cc1ccc(F)cc1)C1CCCN(S(=O)(=O)c2cccc3nonc23)C1,6.688095569610596,4.387310028076172,5.537702798843384
CC(C)(C)N1CCN(CCCCNC(=O)C2Cc3ccccc3CN2)CC1,5.194626808166504,7.950423717498779,6.572525262832642
CN1CCN(c2ccc(C(=O)Nc3n[nH]c4ccc(Cc5cc(F)cc(F)c5)cc34)c(NC3CCOCC3)c2)CC1,6.133188247680664,5.960517406463623,6.0468528270721436
COc1ccc(C#Cc2cccc(CCNCc3cccc(C=N[SH](C)(=O)O)c3)c2)cc1,5.969657897949219,6.925014972686768,6.447336435317993
COc1ccccc1N1CCN(CCn2c(-c3ccc(OC)cc3)nc3ccccc32)CC1,6.737307071685791,6.665332317352295,6.701319694519043
COc1ccccc1N1CCN(CCCCNC(=O)c2ccc3ccccc3c2)CC1,7.298825263977051,8.823209762573242,8.061017513275146
COc1ccccc1N1CCN(CCCCCNC(=O)c2cc3cc4ccccc4nc3s2)CC1,7.266290187835693,8.051400184631348,7.6588451862335205
Oc1ccc2c(OCCNCc3ccccc3)ccc(F)c2[nH]1,,,
CCCNC(=O)c1ccc(NC(=O)N2CCc3c([nH]c4ccccc34)C2c2ccc(OC)cc2)cc1,6.210313320159912,5.478424072265625,5.8443686962127686
CCCN(CCc1cccs1)C1CCc2c(O)cccc2C1,8.405183792114258,8.605388641357422,8.50528621673584
COc1ccccc1N1CCN(CCCNC(=O)c2cc(-c3cc(Cl)ccc3O)[nH]n2)CC1,7.428739070892334,7.008487701416016,7.218613386154175
c1ccc(CN2CCC(CCOc3c4ccccc4nc4ccccc34)CC2)cc1,6.348431587219238,6.9908881187438965,6.669659852981567
CN1CCN(C2CC(c3ccnc4ccc(OC(F)(F)F)cc34)c3ccccc32)CC1,7.016475200653076,5.9574785232543945,6.486976861953735
COc1ccccc1N1CCN(CCCCNC(=O)c2ccc3cc[nH]c3c2)CC1,7.852171421051025,8.841793060302734,8.34698224067688
CCOc1ccc(S(=O)(=O)NCCCCN2CCN(c3nsc4ccccc34)CC2)cc1,7.803721904754639,8.033243179321289,7.918482542037964
Fc1ccc2c(C3=CCN(CCCCN4CCN(c5cccc6ccncc56)CC4)CC3)c[nH]c2c1,8.096600532531738,8.539259910583496,8.317930221557617
CN1CCc2cc(Br)c(O)cc2C(c2ccccc2)C1,5.746319770812988,6.64866304397583,6.197491407394409
O=C(CCCN1CC=CC(c2c[nH]c3ccc(F)cc23)CC1)c1ccc(F)cc1,7.995858192443848,7.287993431091309,7.641925811767578
COc1ccccc1N1CCN(CCCCc2cc(-c3cc4ccccc4o3)no2)CC1,6.594718456268311,8.065062522888184,7.329890489578247
CCCN1CCc2c([nH]c3ccc(OS(=O)(=O)C(F)(F)F)cc23)C1,6.787064075469971,6.738204956054688,6.762634515762329
O=C(Cc1ccccc1)NCCc1c[nH]c2c(F)cccc12,6.755481719970703,5.922873497009277,6.33917760848999
CS(=O)(=O)N(CC(=O)N1CCCC1C(=O)NC1CCCN(Cc2ccccc2)C1=O)c1cc2ccccc2s1,7.170849323272705,6.502643585205078,6.836746454238892
COc1cccc(C(=O)NC(C(=O)N2CCC(N3Cc4ccccc4NC3=O)CC2)c2ccccc2)c1,5.633256912231445,5.393563747406006,5.513410329818726
COc1cccc(N2CCN(CCCCc3nnc4ccc(-c5ccccc5F)nn34)CC2)c1,6.62408971786499,7.487374305725098,7.055732011795044
CNC1CCN(c2cn3cccc(C)c3n2)C1,5.752508640289307,6.408549785614014,6.08052921295166
Cc1ccc2c(N3CCN(CCc4cccc(NC(=O)Cn5c(=O)n(-c6ccc(F)cc6)c5=O)c4)CC3)cccc2n1,6.150831699371338,5.979257106781006,6.065044403076172
COc1ccccc1N1CCN(CC2CCc3ccc(OC)c(OC)c3C2=O)CC1,6.364553451538086,6.943822860717773,6.65418815612793
Cc1ccc2nc(N3CCN(CCc4cccc5c4OCC(=O)N5C)CC3)sc2c1,6.357421875,6.441076278686523,6.399249076843262
COc1ccccc1N1CCN(CCCCOc2cc(-c3ccc(CO)o3)ccc2CCN2CCN(c3ccccc3F)CC2)CC1,6.943901062011719,7.778097152709961,7.36099910736084
COc1ccccc1N1CCN(CCCCc2ccc(F)cc2)CC1,8.25935173034668,7.529160022735596,7.894255876541138
O=C(NCCCCN1CCN(c2cccc(Cl)c2Cl)CC1)c1cc2c(F)cccc2[nH]1,7.532956600189209,9.052053451538086,8.292505025863647
Oc1c2c(nc3c(-c4ccsc4)nnn13)CCCC2,6.797358989715576,5.927481651306152,6.362420320510864
CCN(CC)CC#CC1(O)Cc2c(ccc3c2OCCCC3)OC1=O,5.391386032104492,4.752645015716553,5.0720155239105225
COc1ccccc1N1CCN(CCCCNC(=O)C=Cc2ccc(O)cc2)CC1,7.892439842224121,9.048818588256836,8.470629215240479
O=C(CCc1c[nH]c2ccccc12)NC1CCN(Cc2ccccc2)C1,6.165675163269043,6.952333927154541,6.559004545211792
Cc1cccc(CC(NC(=O)CCCCN2CCN(c3cccc(Cl)c3Cl)CC2)C(=O)O)c1,7.015050888061523,6.489241600036621,6.752146244049072
COc1cc2c(c(OC)c1OC)-c1cc(OC)c(OC)cc1C(=O)NC2,5.4469733238220215,5.726812362670898,5.58689284324646
O=C1CCc2ccc(OCCCCN3CCN(c4nsc5ccccc45)CC3)nc2N1,8.624138832092285,7.164539337158203,7.894339084625244
O=C1NCCN1CCN1CCC(c2cn(-c3ccc(F)cc3)c3ccc(-c4nccn4CCC#CCO)cc23)CC1,6.5988359451293945,6.175512313842773,6.387174129486084
O=S(=O)(NCCCCN1CCC(c2noc3cc(F)ccc23)CC1)c1cc2ccc(Cl)cc2s1,7.904119491577148,8.152727127075195,8.028423309326172
CCCN(CCC1CCC(NC(=O)CC(Cc2ccc(F)cc2)C(=O)OC(C)(C)C)CC1)C1CCc2nc(N)sc2C1,7.469264507293701,7.228067398071289,7.348665952682495
O=C(Nc1ccc(CN2CCC(Nc3ccc(F)cc3)CC2)cc1)c1ccc(-n2cccc2)cc1,7.213027000427246,6.376630783081055,6.79482889175415
COc1ccc2c(OCC(O)CN3C(=O)CSc4ccc(NC(C)=O)cc43)ccnc2c1,5.941427707672119,4.215349197387695,5.078388452529907
CC(C)Oc1ccccc1N1CCN(Cc2cc(CN3CCCCC3=O)no2)CC1,6.850911617279053,6.185588836669922,6.518250226974487
O=C(NC1CCc2cc(CCN3CCN(c4nsc5ccccc45)CC3)ccc21)c1ccno1,6.990990161895752,6.174134254455566,6.582562208175659
O=C(NC1CCC2(O)C3Cc4ccc(O)c5c4C2(CCN3CC2CC2)C1O5)c1cccnc1,8.10545825958252,8.132633209228516,8.119045734405518
COc1ccccc1N1CCN(CC2COCCO2)CC1,6.684701919555664,5.652975082397461,6.1688385009765625
C1=C(c2ccccc2)CCN(C2CCN(Cc3ccc(F)cc3)CC2)C1,6.233340263366699,6.081896781921387,6.157618522644043
CC(C)Oc1ccccc1N1CCN(Cc2ccc(CN3C(=O)CC4(CCCC4)CC3=O)n2C)CC1,7.359270095825195,7.309543609619141,7.334406852722168
COc1ccc(N2CCN(CCCCNC(=O)c3cnc(-c4ccccc4F)s3)CC2)cc1,5.619531631469727,7.470556259155273,6.5450439453125
Oc1c(Cl)cc(Cl)c2c1NCCC2,8.546734809875488,6.511940002441406,7.529337406158447
O=C(NC1CCc2ccc(CCN3CCN(c4nsc5ccccc45)CC3)cc21)C1CC1,7.392701625823975,6.859647750854492,7.126174688339233
OC1(c2ccc(I)cc2)CCN(CCCCc2c[nH]c3ccc(F)cc23)CC1,7.611990928649902,7.726916313171387,7.6694536209106445
CN1CCN(CCc2ccc(N3CCc4cc(-c5cc(F)cc(F)c5)ccc43)cc2)CC1,7.739318370819092,6.571331024169922,7.155324697494507
COc1ccccc1N1CCN(C(=O)c2cc(Cn3ccnc3)ccc2N2CCOCC2)CC1,6.222811698913574,5.329758167266846,5.77628493309021
N#Cc1ccc2c(-c3cc4cc(OCCN5CCCC5)ccc4[nH]3)n[nH]c2c1,7.477984428405762,6.903515815734863,7.1907501220703125
Cc1[nH]c2ccccc2c1CCN1CCc2nc(-c3ccccc3C)sc2C1,6.4632954597473145,6.504001140594482,6.483648300170898
COc1ccccc1N1CCN(CCCCn2ncc(=O)n(C)c2=O)CC1,7.234968662261963,7.482704162597656,7.35883641242981
COc1ccccc1N1CCN(CCc2cn3cc(-c4ccc(C)c(Cl)c4)nc3s2)CC1,7.066492080688477,6.764579772949219,6.915535926818848
CCc1cc(N)c2cc(NC(=O)C3CC3)ccc2n1,5.906855583190918,5.377397537231445,5.642126560211182
COc1ccc(NC(=O)N2CCC(c3nc4c(C(N)=O)cccc4[nH]3)CC2)cc1,6.898592948913574,4.839908123016357,5.869250535964966
Oc1cc2c(cc1O)C1c3ccccc3CNC1CC2,5.678279399871826,6.962306022644043,6.320292711257935
CCN1CCN(CCNC(=O)c2ccc3[nH]ccc3c2)CC1,6.398344039916992,6.664133071899414,6.531238555908203
CCN(CC)C(=O)NC1CC2=C(Cc3c[nH]c4cccc2c34)N(C)C1,8.485456466674805,8.415810585021973,8.450633525848389
COc1ccccc1N1CCN(CCCCc2nc3ccccc3n2CCc2ccccc2)CC1,6.846706390380859,7.084873199462891,6.965789794921875
O=C(CC1CCC2CN(Cc3ccccc3)CC21)c1ccc(F)cc1,6.214808464050293,6.8480730056762695,6.531440734863281
Nc1nc(CN2CCc3ccccc3C2)cc(N2CCCC2)n1,6.692065715789795,5.972569465637207,6.332317590713501
O=C1CCc2ccc(OCCCCN3CCN(c4cccc(Cl)c4Cl)CC3)nc2N1,8.820858001708984,7.946710586547852,8.383784294128418
Cc1cccc2c1CCC2CCN1CCN(c2cccc(Cl)c2)CC1,7.125804901123047,6.651202201843262,6.888503551483154
CC1CN(C2CC(c3ccc(F)cc3)c3ccc(Cl)cc32)CCN1CC(=O)OC(C)(C)C,7.124068737030029,6.584264278411865,6.854166507720947
CC(C)Oc1ccccc1N1CCN(Cc2ccc(CN3CCCCCC3=O)n2C)CC1,8.326491355895996,6.791318893432617,7.558905124664307
COc1ccccc1N1CCN(CCCCN2C(=O)CC3(CCCC3)CC2=O)CC1,7.245671272277832,8.553582191467285,7.899626731872559
O=C(NCCCCN1CCN(c2cccc(Cl)c2Cl)CC1)c1ccc2c(c1)CCO2,7.561557292938232,8.983930587768555,8.272743940353394
CS(=O)(=O)Nc1cccc(CN2CCN(c3cccc(Cl)c3Cl)CC2)c1,7.131474018096924,7.599501609802246,7.365487813949585
O=C(NC1CCc2ccc(CCN3CCN(c4nsc5ccccc45)CC3)cc21)c1ccccc1,7.349045276641846,6.441578388214111,6.8953118324279785
Nc1ccc(S(=O)(=O)N2CCC(C(=O)N3CCC4(CC3)OCCO4)CC2)cc1,5.528330326080322,4.937224864959717,5.2327775955200195
O=C(O)C(Cc1ccccc1)Oc1ccc(Cl)cc1,6.485292434692383,4.1065521240234375,5.29592227935791
COc1cccc(C(=O)NCCCCN2CCN(c3ccccc3OC)CC2)c1,7.0198893547058105,8.479230880737305,7.749560117721558
N#Cc1ccccc1C1CCC(NCC(=O)N2CCc3ccccc32)CC1,6.516958713531494,6.8544535636901855,6.68570613861084
Fc1ccc(-c2nc3n(c2-c2ccncc2)CCS3)cc1,5.438910484313965,6.150068759918213,5.794489622116089
Cc1cc2c(CCN3CCN(c4nsc5ccccc45)CC3)coc2cc1C,6.9288835525512695,6.772205352783203,6.850544452667236
NC1CCN(c2ncc3cc(-c4ccccc4)c(-c4ccc(CN5CCC(c6nc(-c7ccccn7)n[nH]6)CC5)cc4)nc3n2)CC1,5.678471565246582,6.562620162963867,6.120545864105225
CCCN(CCCNc1ccnc2cc(Cl)ccc12)Cc1cccc2c1C(F)(F)F,,,
CCC1(CC)C2CC(CN2CCC3(CC2)C(=O)NCN3c2ccccc2)C1,,,
COc1cc(N)c(Cl)cc1C(=O)OCCN1CCC(C(=O)c2cccs2)CC1,6.926746368408203,6.559144973754883,6.742945671081543
c1ccc2c(N3CCN(CCCCOc4ccc5c(c4)NC(=O)CO5)CC3)cccc2c1,8.24305534362793,7.555013656616211,7.89903450012207
CCOc1ccccc1N1CCN(CCCC(=O)c2ccc(OC)cc2)CC1,8.0240478515625,8.154606819152832,8.089327335357666
CCOCCn1c(=O)c(NCCN2CCN(c3ccccc3)CC2)nc2cnc(N3CCN(C)CC3)nc21,5.775094032287598,5.906152725219727,5.840623378753662
Oc1nc2sc3c(c2c2nc(-c4ccncc4)nn12)CCCC3,6.10325288772583,5.544584274291992,5.823918581008911
COc1ccccc1N1CCN(CCCOc2ccc3c(c2)CN(CC(=O)Nc2cccc(Cl)c2)CC3)CC1,6.857810497283936,6.900254726409912,6.879032611846924
CCCCN(CCCC)C1CCc2ccc(O)cc2C1,7.541502952575684,7.979030609130859,7.7602667808532715
COc1ccccc1N1CCN(CCCCc2c[nH]c3ccc(F)cc23)CC1,8.530513763427734,7.910897254943848,8.220705509185791
CCCN(CCCN1CCN(c2ccccc2)CC1)C1CCc2ccc(O)cc2C1,6.874167919158936,7.627286911010742,7.250727415084839
OC1(c2ccc(Cl)cc2)CC2CCC(C1)N2Cc1coc2ccccc12,7.902397632598877,8.243313789367676,8.072855710983276
Oc1nc2cccc(CCCN3CCN(c4ccccc4Cl)CC3)c2[nH]1,8.217428207397461,7.115110397338867,7.666269302368164
CCCN1CCC(COc2noc3ccccc23)CC1,5.55534029006958,6.777796268463135,6.166568279266357
Oc1ccc2c(c1)OC(CNCc1ccccc1)CC2,8.810506820678711,8.251319885253906,8.530913352966309
CN1CCc2[nH]c3ccccc3c2C1Cc1ccc(O)c(O)c1-3,,,
COc1ccccc1N1CCN(CCCCNC(=O)C23CCC(CF)(CC2)C3)CC1,6.4669060707092285,7.854903221130371,7.1609046459198
O=C1N(CCN2CCCCC2)CCN1c1cccc(Cl)c1,8.017598152160645,7.75933027267456,7.8884642124176025
COc1ccccc1N1CCN(CCCCCn2ncc(=O)n(C)c2=O)CC1,7.336588382720947,7.358038902282715,7.347313642501831
CN1CCN(C2=Cn3cccc3Sc3ccc(Cl)cc32)CC1,8.414499282836914,8.474985122680664,8.444742202758789
Cc1ncoc1-c1nnc(SCCCN2CC3CC3(c3ccc(Br)cc3)C2)n1C,7.332062721252441,8.872179985046387,8.102121353149414
CCN1CCCC1CNC(=O)c1c(OC)cccc1OC,7.427820205688477,7.824628829956055,7.626224517822266
COc1ccccc1N1CCN(CCCCNC(=O)c2ccc(-c3ccsc3)s2)CC1,7.290724754333496,9.277837753295898,8.284281253814697
COc1ccccc1N1CCN(CCCCCCCC(=O)N2CCN(CC=CC#N)CC2)CC1,6.968820095062256,7.004986763000488,6.986903429031372
O=C(NCCCCN1CCN(c2nsc3ccccc23)CC1)c1ccc(F)cc1,7.716017723083496,8.776411056518555,8.246214389801025
CCCN(CCC1CCC(NC(=O)c2ccccc2F)CC1)C1CCc2c(O)cccc2C1,7.83936595916748,8.458211898803711,8.148788928985596
CCOc1ccccc1OCC1CN(c2ccc(C)cc2)C2(CCN(CCCc3ccccc3)CC2)O1,6.983271598815918,6.6481781005859375,6.815724849700928
Clc1ccc2c(c1)N(C1CCN(CC3CC3)C1)c1ccccc1N2,6.717990875244141,7.126184463500977,6.922087669372559
O=C1CCc2ccc(OCCCCN3CCN(c4cccc5ccccc45)CC3)nc2N1,8.644356727600098,7.317239761352539,7.980798244476318
CS(=O)(=O)N(CCCCN1CCC(c2noc3cc(F)ccc23)CC1)c1ccc(OCCF)cc1,7.623219490051269,7.319524765014648,7.471372127532959
COc1ccc(NC(=O)C2CCCN(CCc3ccc(-n4cnnn4)cc3)C2)cc1,6.402729034423828,4.906321048736572,5.6545250415802
CCCCN1CCC2C(C1)c1cccc3c1N2CCCS3,6.963456153869629,6.711593151092529,6.837524652481079
COc1ccccc1N1CCN(CCn2cnc3ccccc32)CC1,7.262712478637695,6.365447521209717,6.814079999923706
Cc1c(C(=O)NC2CCN(Cc3ccc4c(c3)OCO4)CC2)oc2ccc(Cl)cc12,7.083477020263672,6.701136589050293,6.892306804656982
O=C(NN=Cc1ccc(OCCN2CCN(c3cccc(Cl)c3Cl)CC2)cc1)c1cc2ccccc2o1,6.355142593383789,7.130127906799316,6.742635250091553
O=C(CCCCCN1CCN(c2cccc(Cl)c2Cl)CC1)c1ccc2ccccc2c1,7.73005485534668,8.264101028442383,7.997077941894531
COc1cccc2c1CCCC2CCN1CCN(c2ccccc2[N+](=O)[O-])CC1,7.491300106048584,7.025371074676514,7.258335590362549
CCCNC(=O)c1ccc(Nc2nc(NCC(F)(F)F)c3cc[nH]c3n2)cc1,7.074395656585693,5.762171745300293,6.418283700942993
CCOc1ccccc1N1CCN(CCCCn2nc(-c3ccc([N+](=O)[O-])cc3)c3ccccc3c2=O)CC1,7.420857429504394,8.04427433013916,7.732565879821777
Brc1cncc(CNc2ccc3c(c2)CCC3=NO)c1,7.4632158279418945,5.931643009185791,6.697429418563843
CC(C)(CCC(C(N)=O)(c1ccccc1)c1ccccc1)N1CC(Oc2ccccc2Cl)C1,6.464875221252441,6.134490966796875,6.299683094024658
O=C1CCc2ccc(OCCCCN3CCCN(c4cccc(Cl)c4Cl)CC3)nc2N1,8.486466407775879,7.56836986541748,8.02741813659668
O=C1CCc2cc(CC(O)C=CC3CCCCC3)cc3c2N1CCC3,7.164353847503662,6.126481533050537,6.6454176902771
COc1ccccc1N1CCN(CCCCc2ccc(NC(=O)COc3ccccc3OC)cc2)CC1,7.748318195343018,6.940574169158936,7.344446182250977
CC(Oc1ccc(CNC(C)C)cc1)C(=O)N1CCCC1C(=O)NCc1ccccc1,5.988011837005615,6.573001861572266,6.28050684928894
Cc1ccc2[nH]c(-c3ccc(Oc4ccccc4)cc3)nc2c1,6.429530620574951,6.16124153137207,6.295386075973511
COc1ccc(-c2cnc3cc(-c4ccsc4)cnc3c2)cc1,5.200479507446289,6.69028377532959,5.9453816413879395
CN1CCc2ccc3oc(=O)ccc3c2C1,7.835569381713867,6.395743846893311,7.115656614303589
COC(=O)c1cccc(NC(=O)N2CCC(C3CCN(C)CC3)CC2)c1,5.2872633934021,5.479764938354492,5.383514165878296
COc1ccc(OC)c(S(=O)(=O)N2CCC(CNC(=O)c3ccc(F)cc3)CC2)c1,6.824357032775879,5.780008316040039,6.302182674407959
CN(C)CCC1CC2c3ccccc3Cc3ccc(F)cc3N2O1,6.898320198059082,7.496844291687012,7.197582244873047
CCCN(C)C1CCc2nc(N)sc2C1,6.68414831161499,8.688179969787598,7.686164140701294
CN1CCN(c2ncc3cc(-c4ccccc4)c(-c4ccc(CN5CCC(c6nnc(-c7ccccn7)[nH]6)CC5)cc4)nc3n2)CC1,5.903923988342285,6.378716945648193,6.141320466995239
Oc1ccc2[nH]cc(CCCN3CCN(c4cccc5ccsc45)CC3)c2c1,8.986512184143066,7.644234657287598,8.315373420715332
COc1ccccc1N1CCN(CCCCNC(=O)c2cc3ccc2OCc2ccccc2)CC1,,,
OC1(c2ccccc2)CCN(CCCc2c[nH]c3c(F)cccc23)CC1,7.246761798858643,6.468818664550781,6.857790231704712
CCN(CCN1C2CCC1CC(OC(c1ccc(F)cc1)c1ccc(F)cc1)C2)C(=O)c1cccc(Cl)c1,6.308384895324707,6.940927505493164,6.6246562004089355
CC(C)(C)CN(CCC#N)Cc1cnc[nH]1,5.589064121246338,4.179086208343506,4.884075164794922
O=C1CCc2cc(C(CN3CCCCC3)c3ccccc3)cc3c2N1CC3,6.961370944976807,6.719808578491211,6.840589761734009
CCCN(CCC1CCC(NC(=O)c2ccc3ncccc3c2)CC1)C1CCc2nc(N)sc2C1,7.144192695617676,8.6812744140625,7.912733554840088
O=C(CCCN1CCC2C(C1)c1cccc3c1N2CCS3)c1ccc(F)cc1,8.01286506652832,7.058196067810059,7.5355305671691895
COc1ccc(CCCNCCOc2ccccc2C)cc1,5.863157272338867,6.597081184387207,6.230119228363037
CN1CCN2c3c(cccc31)C1CN(CCCC(=O)c3ccc(F)cc3)CCC12,7.727506637573242,7.11759090423584,7.422548770904541
Cn1cc(C2CCC(N3CCN(c4ccccn4)CC3)CC2)c2ccccc21,5.954792022705078,6.272690296173096,6.113741159439087
CN1CCN(CCCNC(=O)c2cn3c(-c4ccccc4)csc3n2)CC1,5.417209148406982,6.61373233795166,6.015470743179321
CCCN(CCC)C1CCc2ccc(O)cc2C1,7.70214319229126,8.176798820495605,7.939471006393433
Cc1ccccc1C1c2[nH]c3ncnc(N4CCN(C)CC4)c3c2CCN1C(=O)c1cccc(Cl)c1,5.701658248901367,5.629988193511963,5.665823221206665
CCCN(C)C1CCc2ccccc2C1,7.3254547119140625,7.445486545562744,7.385470628738403
COc1ccccc1N1CCN(CCCc2c[nH]c3ccc(OC)cc23)CC1,7.820603847503662,7.103456497192383,7.4620301723480225
CCCN(CCN1CCN(c2ccc(-c3ccccc3)cc2)CC1)C1CCc2c(O)cccc2C1,7.487314701080322,8.477007865905762,7.982161283493042
O=C(O)C1CCN(CCCCOc2ccc3c(c2)NC(=O)CC3)CC1,7.19401741027832,5.714597225189209,6.454307317733765
CS(=O)(=O)Nc1ccc(N2CCN(CCOc3cccc4nc(C(C)(C)C)[nH]c34)CC2)cc1,6.643316268920898,7.519351959228516,7.081334114074707
OCCN1CCN(C2Cn3cc(C4CC4)ccc3Sc3ccc(C(F)(F)F)cc32)CC1,,,
COc1cccc(CN2CCN(CCC3CC3(F)CCN(c4cccc(Cl)c4Cl)C3=O)CC2)c1,,,
Fc1ccc(-c2ncsc2C2CCCN(Cc3cccnc3)C2)cc1,6.132918357849121,6.376277446746826,6.254597902297974
CCN(CC)CC(O)C(Cc1ccccc1)NC(=O)C=CC(=O)Nc1ccc(F)cc1,5.742861270904541,6.354724884033203,6.048793077468872
COc1ccccc1N1CCN(CCCc2ccc3c(c2)CNCC3)CC1,7.08253288269043,6.77766227722168,6.930097579956055
CC(=O)N1c2ccc(C(=O)NCCCN3CCOCC3)cc2CC1C,5.797048091888428,6.101215839385986,5.949131965637207
Oc1ccc2c(c1)OC(CNCc1ccc(I)cc1)CC2,9.396833419799805,8.504549980163574,8.95069169998169
Oc1nc2cccc(OCCNCc3ccccc3)c2[nH]1,8.100204467773438,8.080207824707031,8.090206146240234
O=C1CCc2ccc(OCCCCN3CCN(c4cccc(Cl)c4Cl)CC3)nc2N1,8.820858001708984,7.946710586547852,8.383784294128418
COc1ccccc1N1CCN(CCCCNC(=O)c2ccc3c(c2)C2CCCC2)CC1,,,
Cc1nnc(-c2ccccc2)c(-c2ccccc2)n1,5.181550979614258,6.2144975662231445,5.698024272918701
CCOc1ccccc1N1CCN(CC[C@]23CCC(CC2=O)C3(C)C)CC1,7.446588516235352,8.162802696228027,7.8046956062316895
CC(C)Oc1ccccc1N1CCN(CCCCCC(=O)NCC2CCC(NC(=O)c3ccccc3F)CC2)CC1,7.824619770050049,8.017740249633789,7.921180009841919
COc1ccccc1N1CCN(CCCCNC(=O)C2CCCCC2)CC1,7.4190497398376465,8.245088577270508,7.832069158554077
Cc1ccc(Cn2ccnc2)cc1NC(=O)c1cc(C(=O)NCCN(C)C)ccc1N1CCN(c2ccccc2OC(C)C)CC1,6.562549114227295,6.789593696594238,6.676071405410767
COc1cc(CN2CCC(N3CCN(c4cccc(Cl)c4Cl)CC3)CC2)ccc1OCC#N,5.623856067657471,5.725654602050781,5.674755334854126
CC(C)(C)c1nc(N2CCN(C3CCC(n4c(O)nc5ccccc54)CC3)CC2)cc(C(F)(F)F)n1,6.139537811279297,7.917280197143555,7.028409004211426
N#Cc1cccc2c1-c1ccc3c(c1C1CN(S(=O)(=O)c4ccc(OC(F)(F)F)cc4)CC(CN3CCCC3)C1)O2,,,
COc1ccc(C(=O)NCCCCN2CCN(c3cccc(Cl)c3Cl)CC2)cc1,7.305386543273926,9.147645950317385,8.226516246795654
CCc1cc(O)nc2[nH]nc(-c3cccc(C(F)(F)F)c3F)c12,7.204928398132324,5.806249618530273,6.505589008331299
CN1CCN(c2ccc3nc(C4C5CC6CC(C5)CC4N6)[nH]c3c2)CC1,5.980832099914551,6.599159240722656,6.2899956703186035
O=C(CCCN1CCC2(CC1)C(=O)N(CC1CCC1)CN2c1ccc(F)cc1)c1cccc(F)c1,9.036849975585938,8.290473937988281,8.66366195678711
CCCCN1CCC2=C(CCc3ccccc32)C1,6.951791763305664,7.60980224609375,7.280797004699707
N#Cc1ccc2[nH]cc(CCCCN3CCN(c4cccc(Cl)c4Cl)CC3)c2c1,8.226238250732422,8.110158920288086,8.168198585510254
COc1cc(NC(=O)CCN2CCC(c3noc4cc(F)ccc34)CC2)cc(OC)c1OC,7.166740894317627,6.10942268371582,6.638081789016724
COc1ccccc1N1CCN(C(C)C(=O)N(C)C2CCc3c(-c4csc(C#CCOCC5CC5)c4)ccnc32)CC1,6.556700229644775,6.766120910644531,6.661410570144653
N#Cc1cccc(C(=O)NCC2CCCN2Cc2ccc(F)cc2)c1,6.198085308074951,7.960311412811279,7.079198360443115
CCCN(CCc1cccs1)C1CCc2c(O)cccc2C1,8.405183792114258,8.605388641357422,8.50528621673584
COc1ccccc1N1CCN(CCN2C(=O)c3ccccc3C2=O)CC1,6.913530349731445,6.55502986907959,6.734280109405518
CCc1cc2c(s1)Nc1ccccc1N=C2N1CCN(C)CC1,7.013442039489746,7.070904731750488,7.042173385620117
Oc1ccc(-c2cn(-c3ccc(F)cc3)c3c2CCC3)cc1,8.433334350585938,6.109417915344238,7.271376132965088
CC(C)C1c2cc3c(cc2N2CCNCC32)OCO3,,,
COc1ccccc1N1CCN(CCCCNc2cccc(C(F)(F)F)n2)CC1,8.896381378173828,7.74285888671875,8.319620132446289
COC(=O)C1C(C)=NC(=O)N(C(=O)NCCCN2CCN(c3cccc(Cl)c3Cl)CC2)C1c1ccc(F)c(F)c1,5.942568778991699,6.443164825439453,6.192866802215576
OCCCN1CCN(CCCN2c3ccccc3Sc3ccc(Cl)cc32)CC1,6.675163269042969,7.339327812194824,7.0072455406188965
CN1CCN(C(=O)c2ccc(CCN3CCN(c4nsc5ccccc45)CC3)cc2)CC1,6.850559711456299,6.479526996612549,6.665043354034424
COC1(C)CC(N(C)Cc2cc(Br)ccc2OCC(=O)NCCCN2CCC(C(=O)OC)(c3ccccc3)CC2)CC1,5.958861351013184,5.682021617889404,5.820441484451294
CN1CCN(CCCOc2ccc3c(c2)-c2n[nH]c(-c4ccc(C#N)nc4)c2C3)CC1,6.6717705726623535,7.349807739257812,7.010789155960083
O=C(NCCCCN1CCN(c2cccc(Cl)c2Cl)CC1)c1cc2cccc(F)c2o1,7.040889263153076,8.59882640838623,7.819857835769653
Brc1cccc2c1CCN2CCCN1CCC(c2noc3cc(F)ccc23)CC1,7.709681510925293,6.888786315917969,7.299233913421631
COc1cccc2c1N=C(N)NC2C,7.431635856628418,4.87442684173584,6.153031349182129
c1ccc(CN2CCN(Cc3ccc4ccccc4c3)CC2)cc1,5.954089164733887,6.655101776123047,6.304595470428467
Cc1ccc2c(N3CCN(CCc4c(C)ccc5c4ccc(=O)n5C)CC3)cccc2n1,6.998298168182373,6.222384929656982,6.610341548919678
c1ccc(-c2cc(N3CCC(n4cnc5ccccc54)CC3)ncn2)cc1,5.513406753540039,5.269232273101807,5.391319513320923
Oc1nc2ccccc2n1CCCN1CCN(c2ccccc2)CC1,6.614346504211426,6.580703258514404,6.597524881362915
Oc1[nH]cc2ccc(OCCCN3CCN(c4cccc5cccc(F)c45)CC3)cc12,8.2858247756958,7.846155166625977,8.065989971160889
COc1ccccc1N1CCN(CCNC(=O)c2cc3c(-c4ccccc4)[nH]nc3s2)CC1,7.287238597869873,7.248925685882568,7.268082141876221
CC1=NC(=O)NC(c2ccc(F)c(F)c2)C1C(=O)NCCCN1CCC(C#N)(c2ccc(F)cc2C#N)CC1,6.056265354156494,6.294593811035156,6.175429582595825
N#Cc1ccccc1CN1CCC(CN2CCN(c3ccc(C(F)(F)F)cc3)CC2)CC1,5.389074802398682,6.719426155090332,6.054250478744507
CCCN1CCCC(c2cccc(O)c2)C1,6.599302291870117,7.3496832847595215,6.974492788314819
CN1CCCC(Cc2cnc3ccccc3c2)C1,5.55597448348999,5.34180212020874,5.448888301849365
COc1c(Cl)ccc2c1CCNC2c1cnccn1,5.139249324798584,5.529265403747559,5.334257364273071
O=C(c1ccccc1)c1ccc(N2CCOCC2)cc1O,5.757927894592285,5.338367462158203,5.548147678375244
Cc1ccccc1N1CCN(Cc2ccc(CN3CCC(N4C(=O)OCc5ccccc54)CC3)n2C)CC1,6.591872692108154,5.881351470947266,6.23661208152771
CC1=CC(C)C2(CO)COC(c3ccc(N4CCN(S(C)(=O)=O)CC4)cc3)CC12,5.729910850524902,5.491402626037598,5.61065673828125
CCCN(CCN1CCN(c2cccc(-c3ccccc3)c2)CC1)C1CCc2nc(N)sc2C1,7.418858051300049,8.652802467346191,8.03583025932312
CCOc1ccccc1CN1CCN(Cc2c[nH]c3ccccc23)CC1,5.568465709686279,6.252337455749512,5.9104015827178955
NC1CCN(c2ccc3ccn(S(=O)(=O)c4ccc5ccccc5c4)c3c2)C1,5.4770827293396,5.5706000328063965,5.523841381072998
N#Cc1ccccc1N1CCN(CCc2ccc3c(c2)NC(=O)CO3)CC1,7.3125810623168945,6.28572940826416,6.799155235290527
CN1Cc2ccccc2CC1CNC(=O)c1cccc2c1CCCC2,6.590735912322998,6.971413612365723,6.78107476234436
Oc1[nH]cc2ccc(OCCCN3CCN(c4cccc5cccc(F)c45)CC3)cc12,8.2858247756958,7.846155166625977,8.065989971160889
CCCN(CCC)C1CCc2c(ccc(O)c2O)C1,8.462950706481934,9.167142868041992,8.815046787261963
CCCN1CCCCC2c3c(ccc(O)c3O)CCC21,6.98137092590332,8.297771453857422,7.639571189880371
CCN=C1Nc2ccc(Cl)cc2C(c2ccccc2F)=NC1CCCNC1,,,
COc1cc2c(cc1OC)C(Cc1ccccc1)N(C(=O)c1cccnc1)CC2,4.979360580444336,5.728439331054688,5.353899955749512
COc1ccc(CN2C3CCC2CC(Oc2ccc(C#N)c(C)c2)C3)cc1,6.63494873046875,7.701638221740723,7.168293476104736
OCc1cccc(-c2cnc3ccc(NCC4CC4)nn23)c1,6.208792686462402,6.456238269805908,6.332515478134155
CN(C)CC1CC2c3ccccc3Sc3ccc(F)cc3C2O1,7.834807395935059,7.632150650024414,7.733479022979736
CC(C)(C)c1nc(N2CCN(CCCCNC(=O)c3ccc4ccc(C(=O)O)nc4n3)CC2)cc(C(F)(F)F)n1,6.16749382019043,8.129040718078613,7.1482672691345215
COc1cc(N)c(Cl)cc1C(=O)NC1CC2CCCC(C1)N2Cc1ccccc1,8.291414260864258,8.480278015136719,8.385846138000488
COc1ccccc1N1CCN(CCCCNc2nnc(SC)s2)CC1,7.866876125335693,8.038652420043945,7.952764272689819
O=C(CCCCCCN1CCN(c2cccc(Cl)c2Cl)CC1)c1nc2ccccc2s1,7.072972297668457,7.960784435272217,7.516878366470337
CCC(NC1CCN(Cc2ccc3cc(OC)ccc3c2)C1)c1ccccc1,5.675259590148926,6.423807621002197,6.0495336055755615
CCN1CCc2cc(Br)c(O)cc2C(c2ccccc2)C1,5.932305335998535,6.932890892028809,6.432598114013672
COc1cc2c3c(c1)-c1ccc(O)c(O)c1CC3NCC2,6.078409671783447,6.642092227935791,6.360250949859619
CCCN(CCC)C1CCc2c(F)ccc(O)c2C1,7.845858573913574,8.5043306350708,8.175094604492188
CS(=O)(=O)N1CCC(Oc2ccc(C(=O)NCCCN3CCC(O)(c4ccccc4)CC3)cn2)CC1,6.0068206787109375,5.579130172729492,5.792975425720215
CN(C)C(=O)c1cccc(CNC(=O)C2CC3CCC2(C)C3(C)C)c1,6.311532020568848,7.425395488739014,6.868463754653931
CN1CCN(C2Cc3ccccc3Sc3ccc(-c4cnn(C)c4)cc32)CC1,8.523214340209961,7.4359450340271,7.97957968711853
O=C1CC2(CCCC2)CC(=O)N1CCN1CCN(c2cc(F)cc(C(F)(F)F)c2)CC1,6.643312454223633,8.324641227722168,7.4839768409729
O=C1C2Cc3c([nH]c4ccccc34)C(c3ccc(Br)cc3)N2C(=O)N1CCCCCN1CCN(c2cccc(Cl)c2)CC1,6.245444297790527,7.540145874023437,6.892795085906982
COc1ccc(NC(=O)NC2CCC(CCN3CCN(c4ccccc4OC)CC3)CC2)cc1C#Cc1cnc2ccccn12,7.1747894287109375,7.35011100769043,7.262450218200684
CCCN(CCC)C1CN(c2ccc(C)cc2)C2(CCN(CCC3CCCCC3)CC2)C1=O,7.703511238098144,7.13258695602417,7.418049097061157
Cc1cccc(N2CCN(CCCCNC(=O)c3ccc(F)cc3)CC2)c1C,7.355378150939941,8.050580024719238,7.70297908782959
CC(C)N(C)c1nc(C(=O)NCc2ccc(S(C)(=O)=O)cc2)cc(N)c1C#N,5.694831371307373,6.918585777282715,6.306708574295044
COc1ccccc1N1CCN(CCCCNC(=O)c2ccc(C(C)=O)cc2)CC1,7.503687858581543,8.661778450012207,8.082733154296875
COc1cccc(N2CCN(CCCCCn3ncc(=O)n(C)c3=O)CC2)c1,6.4747514724731445,7.190295219421387,6.832523345947266
CN1CCC(COc2nnc(Cc3ccc(NC(=O)c4cc(Cl)ccc4Cl)cc3)c3ccccc23)CC1,6.327982425689697,5.651400089263916,5.989691257476807
CCCN(CCC)c1ccc(C=C(C#N)c2nc3ccccc3[nH]2)cc1,5.931814670562744,5.899129867553711,5.9154722690582275
CCCCNC1CCc2cc(OC)c(OC)cc2C1CCO,4.919508934020996,5.91429328918457,5.416901111602783
CCN(CC)C1CCC(NC(=O)c2cccc(N3CCC(N4CCCCC4)CC3)c2)CC1,6.092341423034668,6.934791564941406,6.513566493988037
C#CCN1CCC(COc2nc3c(OC)cccc3c3ccccc23)CC1,5.943236351013184,5.8466572761535645,5.894946813583374
CCCN(CCN1CCN(c2ccc(-c3ccccc3)cc2)CC1)C1CCc2c(O)cccc2C1,7.487314701080322,8.477007865905762,7.982161283493042
[H]C([H])([H])N1CCC(CCN2CCN(c3cccc(C(F)(F)F)c3)CC2)(c2ccc(C)cc2)C1,6.632033824920654,6.899680137634277,6.765856981277466
COc1cc2c(c(OC)c1)CCC(CNC(=O)NC1CCCCC1)CC2,7.334226608276367,7.047480583190918,7.190853595733643
CNC(=O)Cc1ccc2c(c1)OCO2,6.5601983070373535,3.4452741146087646,5.002736210823059
CCCN(CCN1CCN(c2cccc(Cl)c2Cl)CC1)C1CCc2nc(N)sc2C1,7.469848155975342,8.901445388793945,8.185646772384644
COc1ccccc1N1CCN(CCCCc2cc(-c3ccc(F)cc3)[nH]n2)CC1,8.245646476745605,7.995621681213379,8.120634078979492
CCCc1c(O)n(C2CCN(CCC#Cc3ccccc3F)CC2)c2ccccc12,7.09795618057251,6.800832748413086,6.949394464492798
CCN(CC)CC1COc2cccc(C=Cc3cccc(F)c3)c2O1,6.283290863037109,7.012392997741699,6.647841930389404
COc1cc(NC(=O)NCCCCN2CCN(c3cccc(C(F)(F)F)c3Cl)CC2)cc(OC)c1OC,7.922022819519043,8.933248519897461,8.427635669708252
O=C(CCCN1CCN(c2ncccn2)CC1)c1ccc(F)cc1,7.011404991149902,6.485908508300781,6.748656749725342
Cc1cnc(-c2ccc3[nH]cc(CCN)c3c2)s1,5.595082759857178,6.275879383087158,5.935481071472168
CN1CCc2cc(OCCF)cc3c2C1Cc1ccc(O)c(O)c1-3,7.412494659423828,6.98379373550415,7.198144197463989
O=C(C=Cc1cn(-c2ccccc2)nc1-c1ccccc1)NC12CC3CC(CC(C3)C1)C2,5.8951287269592285,7.267982006072998,6.581555366516113
COc1ccc(CN2CCC(Nc3nc4c(s3)CCCc3ccccc3-4)CC2)c(C)c1,6.566941261291504,6.210826396942139,6.388883829116821
N#Cc1ccc(C2CC3CCC(N3)C2C(=O)OCCCCCC(=O)O)cc1Cl,6.883767127990723,5.7324299812316895,6.308098554611206
COCc1nnn(CC(=O)N2CCC(CN3CCN(c4nsc5ccccc45)CC3)(c3ccc(Cl)cc3)C2)n1,6.250274658203125,5.353248119354248,5.8017613887786865
COc1ccccc1N1CCN(CCCCNS(=O)(=O)c2ccc3c(c2)oc(=O)n3C)CC1,7.340041160583496,7.652010440826416,7.496025800704956
CCN1CCc2cc(OC)cc3c2C1(C)C(=O)NC3=O,6.353987693786621,7.815645217895508,7.0848164558410645
Cc1cccc(C(=O)NCCCCN2CCN(c3noc4ccccc34)CC2)c1,6.570396423339844,7.651443481445312,7.110919952392578
O=C(NCCN1CCN(c2cccc(Cl)c2Cl)CC1)c1c[nH]c2ccccc12,7.2988505363464355,7.471158981323242,7.385004758834839
COc1cccc(N2CCN(CCCCNC(=O)c3cc4ccccc4o3)CC2)c1,6.17785120010376,7.881231307983398,7.029541254043579
COc1ccccc1N1CCN(CCCCNC(=O)c2cccc(C)c2)CC1,7.32780647277832,8.388192176818848,7.857999324798584
CSc1ccccc1N1CCN(CCCCCC(=O)N2Cc3ccccc3CC2C(N)=O)CC1,7.550201416015625,7.06830644607544,7.309253931045532
CC1CN(c2ccccc2NC(=O)c2cccnc2N)CCN1C,6.1201348304748535,6.261130809783936,6.1906328201293945
CCCNC1CCc2ncccc2C1,6.570786952972412,7.311590194702148,6.94118857383728
COc1cccc(N2CCN(CCCCNC(=O)c3cccc4c(OC)cccc34)CC2)c1,6.572823524475098,7.757413864135742,7.16511869430542
CCCN(CC=CI)C1CCc2c(O)cccc2C1,7.381064414978027,7.752767562866211,7.566915988922119
Cc1cccc(OCCCCNCCOc2cc(F)cc3c2OC(C)(C)C3)c1,8.427492141723633,6.399582386016846,7.413537263870239
COc1ccccc1N1CCN(CCNC(=O)c2coc3ccccc23)CC1,6.916201114654541,7.162833213806152,7.039517164230347
CCCN(CCC)C1CCc2c(cccc2-c2cccnc2)C1,7.176602363586426,7.665627956390381,7.421115159988403
CCCN(CCC)C1CCc2ccc(O)cc2C1,7.70214319229126,8.176798820495605,7.939471006393433
Cc1c(Cl)cccc1N1CCN(CCCC(=O)NC2CCSC2=O)CC1,7.57496166229248,8.101644515991211,7.838303089141846
OCC1(N2CCN(CCCC(c3ccc(F)cc3)c3ccc(F)cc3)CC2)CCOCC1,6.4172234535217285,6.262496948242188,6.339860200881958
CC1=NC2C(=O)C(=CN(C)C)C=CN2C(=O)C1,3.789797782897949,5.304096698760986,4.546947240829468
Cc1c(-c2ccc3c(c2)-c2ccccc2NC3=O)cnn1CCCN1CCN(CCN2CCOCC2)CC1,7.293259620666504,6.773967266082764,7.033613443374634
N#Cc1cccc(CN2CCC(NC3CCN(c4ncnc5sccc45)CC3)CC2)c1,5.783876895904541,6.907439231872559,6.34565806388855
O=C(NCc1ccccn1)c1ccc(CN2CCN(c3ccccn3)CC2)cc1,5.953036785125732,5.511308670043945,5.732172727584839
CN1CCN(C2Cn3cccc3Sc3ccc(Br)cc32)CC1,8.921730041503906,8.506511688232422,8.714120864868164
COc1ccccc1N1CCN(CCN(C(=O)C23CCC(CF)(CC2)C3)c2ccccn2)CC1,6.673200607299805,6.515334129333496,6.59426736831665
Oc1ccc2c(c1)OC(CNCCCNCC1=NOC3CC=CCC3C1)CC2,7.944343566894531,7.028197288513184,7.486270427703857
NC(=O)c1nn(-c2ccc(Cl)c(Cl)c2)c2c1CCc1cnc(Nc3ccc(N4CCOCC4)cc3)nc1-2,6.133710861206055,5.164867401123047,5.649289131164551
NC(COc1cncc(-c2ccc3c(c2)CC(=O)N3)c1)Cc1c[nH]c2ccccc12,5.766349315643311,6.00388765335083,5.88511848449707
Oc1[nH]c2ccc(Br)cc2c1CCCCN1CC=C(c2c[nH]c3ccccc23)CC1,8.090527534484863,8.531831741333008,8.311179637908936
O=C(O)C1CN(Cc2ccc(OCc3ccc(C(F)(F)F)cc3)cc2Cl)C1,5.385480880737305,5.147186756134033,5.266333818435669
CC(=O)Nc1cccc(CN=C2C(=O)C(=O)C2Nc2ccc3[nH]ncc3c2)c1,4.990999698638916,4.258754730224609,4.624877214431763
O=C(CCCCN1C2CCC1CC(O)(c1ccc(F)cc1)C2)c1ccc(F)cc1,7.683645248413086,7.858700752258301,7.771173000335693
CN1CCN(c2nc(C3=C(c4c[nH]c5ccccc45)C(=O)NC3=O)c3ccccc3n2)CC1,5.299643039703369,5.366703033447266,5.333173036575317
O=C(NCCCCN1CCC(c2c[nH]c3cc(F)ccc23)CC1)c1cc2ccccc2[nH]1,6.963286399841309,7.988574981689453,7.475930690765381
COc1cccc2c(CCCCN3CCN(c4cc(Cl)cc(Cl)c4)CC3)noc12,7.469130992889404,7.5803422927856445,7.524736642837524
CCCN(CCC)C1CCc2c(ccc(O)c2O)C1,8.462950706481934,9.167142868041992,8.815046787261963
CCCC1C2c3ccccc3CC12c1c[nH]cn1,6.270595550537109,7.509244441986084,6.889919996261597
COc1cccc(CN2CCC(Nc3nc4ccccc4o3)CC2)c1OC,7.153048992156982,6.1254048347473145,6.639226913452148
Cc1ccsc1-c1cnc(N)c(C(=O)NCCCN2CCN(c3ccccc3F)CC2)n1,6.037802219390869,6.475190162658691,6.25649619102478
Cc1ccc([N+](=O)[O-])cc1S(=O)(=O)NC1CCC(N2CCN(c3ccccc3OC(C)C)CC2)CC1,7.265165328979492,8.512248039245605,7.888706684112549
Cn1[nH]c(-c2ccccc2)c(CCCN2CCN(c3ccccc3OCC(F)(F)F)CC2)c1=O,7.602272987365723,6.8030853271484375,7.20267915725708
O=C1N(CCCN2CCOCC2)CCN1c1cccc(Cl)c1,6.471460342407227,6.614667892456055,6.543064117431641
O=C(NC1CCN(Cc2ccc3c(c2)OCO3)CC1)c1ccc(F)cc1,7.091732025146484,6.731555938720703,6.911643981933594
CCCN(CCN1CCN(c2ccccc2O)CC1)C1CCc2ccc(O)cc2C1,7.675475597381592,9.087706565856934,8.381591081619263
COc1ccccc1N1CCN(CCCCNC(=O)c2cnn3ccccc23)CC1,7.520810604095459,8.20390510559082,7.86235785484314
CCN(CC)C(=O)Nc1ccc(-c2nc3c(c(NC(=O)COc4ccc(OC)cc4)n2)CCCC3)cc1,6.689365386962891,4.4647064208984375,5.577035903930664
O=C(NCCCCN1CCN(c2cccc(Cl)c2Cl)CC1)c1c[nH]c2ccccc12,7.580685615539551,8.897761344909668,8.23922348022461
O=C(NCCCN1CCN(c2cccc(Cl)c2Cl)CC1)c1ccc(-c2ccccc2)cc1,6.735727310180664,7.462379455566406,7.099053382873535
COc1ccccc1N1CCN(CCCNC(=O)C=Cc2ccc(OC)cc2)CC1,6.987342357635498,7.115697383880615,7.051519870758057
CCCN(CCN1CCN(c2ccccc2)(c2ccccc2)CC1)C1CCc2nc(N)sc2C1,,,
O=C(NC1CCc2ccc(CCN3CCN(c4nsc5ccccc45)CC3)cc21)c1ccccc1F,7.324999809265137,6.360062599182129,6.842531204223633
CN(CCCn1c(NCCO)nc2ccccc21)C1CCCCC1,5.36164665222168,5.88822603225708,5.62493634223938
CCN1CCCC1CNC(=O)c1cc(Br)cc(OC)c1OC,8.090721130371094,8.708663940429688,8.39969253540039
Cc1cc(O)ccc1-n1c2cc(Cl)ccc2c(=O)c2c(N)nc(N)nc21,6.654038906097412,5.08606481552124,5.870051860809326
O=C(NCCCCN1CCN(c2nsc3ccccc23)CC1)c1cccc2nc(-c3ccc(F)cc3)ccc12,6.873508453369141,8.299928665161133,7.586718559265137
CC1CN(CCc2cccs2)CCN1Cc1ccc2c(c1)OCO2,5.498335838317871,6.733991146087647,6.116163492202759
COc1ccccc1NC(=O)C1CCCN1S(=O)(=O)c1cccc2cccnc12,7.094883918762207,5.30501127243042,6.1999475955963135
Oc1nc2cccc(OCCNCc3ccccc3)c2[nH]1,8.100204467773438,8.080207824707031,8.090206146240234
O=C(NC1CCc2ccccc21)N1CCC(O)(C(F)(F)F)C1,6.730932712554932,6.793248653411865,6.762090682983398
COc1ccccc1N1CCN(CCCCN2CCCC3CCCCC3C2=O)CC1,7.734262466430664,8.157326698303223,7.945794582366943
CCCN(CCN1CCN(c2ccccc2OC)CC1)C1CCc2nc(N)sc2C1,7.395110130310059,8.347671508789062,7.8713908195495605
COc1ccccc1N1CCN(CCCCN2C(=O)c3ccccc3C2=O)CC1,7.337620735168457,7.570512771606445,7.454066753387451
Cc1ccc2c(c1)c1c(n2CCc2ccc(C)nc2)CCN(C)C1,6.546835899353027,5.9492716789245605,6.248053789138794
CCN1CCN(c2ccc(Nc3ccc(C#N)c(Cl)c3)cc2)CC1,6.56728982925415,5.624824523925781,6.096057176589966
CCCNC(=O)c1ccc2c(c1)N(CCC)C(=O)C(=O)CCC2,7.094662189483643,5.573105812072754,6.333884000778198
O=C(NCCCCN1CCN(c2cccc(Cl)c2Cl)CC1)c1cc2cc3ccccc3nc2[nH]1,7.283646583557129,8.925379753112793,8.104513168334961
O=C1CC2(CCCC2)CC(=O)N1CCN1CCN(c2cccc(Cl)c2Cl)CC1,7.1862568855285645,8.44697380065918,7.816615343093872
CCN(CC)C(=O)NC1Cc2c(cc3c[nH]c4c3c2C=CC4)N(C)C1,8.286233901977539,9.047680854797363,8.666957378387451
CC1CSc2c(C(=O)O)c(=O)c3c(O)c(O)n(CCCN3CCN(c4cccc(Cl)c4Cl)CC3)c3cc(O)c(O)cc23)C1,,,
C[nH]1c2ccccc2c(=O)n1CC1CCCN(CC2CCCCN2)C1,,,
Cc1ccccc1CC(NC(=O)C1CCCN1C(=O)C(N)Cc1ccccc1)c1ccccc1,6.266988277435303,5.851733684539795,6.059360980987549
COc1cccc(CN2CCC(Nc3nc4ccc(F)cc4o3)CC2)c1,6.950863361358643,6.438860893249512,6.694862127304077
CN1CCCC(c2cn(-c3ccc(F)cc3)c3ccc(Cl)cc23)C1,7.402562141418457,5.524514675140381,6.463538408279419
COc1ccccc1N1CCN(CCCCC(=O)N=CC2Nc3ccc(F)cc3C(=O)N2c2cccc(OC)c2)CC1,6.511571407318115,6.727754592895508,6.6196630001068115
CCCN(CCN1CCN(c2ccc(-c3ccccc3)cc2)CC1)C1CCc2c(O)cccc2C1,7.487314701080322,8.477007865905762,7.982161283493042
FC(F)(F)c1cc(N2CCN(CCC3CCC(Nc4ncccn4)CC3)CC2)cc(C(F)(F)F)c1,7.852869510650635,7.721089363098144,7.78697943687439
CC(C)N(CCCN1CCN(c2ccccc2OCCF)CC1)C1CCc2ccc(O)cc2C1,7.261547088623047,7.437189102172852,7.349368095397949
O=C(NC1CCC(CCN2CCN(c3cccc(Cl)c3Cl)CC2)CC1)c1ccccc1F,7.974209308624268,8.273045539855957,8.123627424240112
Oc1ccc2c(c1)OC(CNCCCOc1cccc3[nH]ccc13)CC2,9.629047393798828,8.76357364654541,9.19631052017212
CCOc1ccc(-c2cccc(SCCN3CCN(c4cccc5nonc45)CC3)n2)cc1,6.783571243286133,7.567045211791992,7.1753082275390625
CC1CN(Cc2ccccc2NC(=O)c2ccc(-c3ccncc3)cc2)CCN1,5.129790782928467,5.257339477539063,5.193565130233765
Cc1ccc2c(N3CCN(CCc4cccc(NC(=O)Nc5ccccc5Br)c4)CC3)cccc2n1,7.1832685470581055,6.638546943664551,6.910907745361328
NC(=O)N(O)CCC#CCCN1CCN(C2CCCCC2)CC1,4.39070463180542,5.826261520385742,5.108483076095581
CCc1ccccc1N1CCN(CCCCNC(=O)c2cccc(COc3ccccc3)c2)CC1,6.456130504608154,7.763178825378418,7.109654664993286
COc1cccc(CCNCc2ccccc2)c1OC,6.774620056152344,7.118602752685547,6.946611404418945
CC1=Nc2cc(Br)ccc2C2CCCC12,6.874962329864502,7.03764009475708,6.956301212310791
Oc1nc2c(O)ccc(C(O)CNC3CCCCC3)c2s1,5.599207878112793,7.17803430557251,6.388621091842651
Oc1[nH]cc2ccc(OCCCCN3CCN(c4cccc5c4CCCC5)CC3)cc12,8.763312339782715,8.056510925292969,8.409911632537842
CCC(=O)Nc1cccc(C(=O)NC2CCN(Cc3ccccc3)CC2)c1,6.566433429718018,7.142309188842773,6.8543713092803955
N#Cc1cccc(N2CCN(CCCCNC(=O)c3cccc(Cl)c3Cl)CC2)c1,7.3855485916137695,8.49112606048584,7.938337326049805
CC1(C)Oc2ccc(NC(=O)NC3CCC(C(=O)NCC4CCOCC4)CC3)cc2O1,7.278575897216797,7.248541831970215,7.263558864593506
Oc1cc2c(OCCNCc3ccccc3)ccc(Cl)c2o1,7.568474292755127,7.449538230895996,7.5090062618255615
CCN(CC)C(=O)NC1Cc2c(cc3c[nH]c4c3c2C=CC4)N(C)C1,8.286233901977539,9.047680854797363,8.666957378387451
Oc1[nH]cc2ccc(OCCCN3CCN(c4cccc5cccc(F)c45)CC3)c(F)c12,8.132925987243652,7.728168487548828,7.93054723739624
CCN(CC)C(=O)C1CCC(CNC(=O)c2cc3cccc(OC)c3[nH]2)(C(F)(F)F)CC1,6.313172817230225,8.017988204956055,7.16558051109314
COc1ccccc1N1CCN(CCC2CC2c2ccccc2)CC1,7.590632438659668,7.490739822387695,7.540686130523682
CCCN1CCc2cc(OCCF)cc3c2C1Cc1cccc(O)c1-3,7.890113353729248,6.994494438171387,7.442303895950317
COc1ccccc1CN1CCN(CCc2ccc(F)cc2)CC1,5.685629844665527,5.821828842163086,5.753729343414307
O=C(CCCCN1CC=C(n2c(O)nc3ccccc32)CC1)c1ccc(F)cc1,8.168673515319824,8.080602645874023,8.124638080596924
Clc1ccc2c(c1)N=C(N1CCN(CCCC3CCCCC3)CC1)c1cccnc1N2,7.205834865570068,7.516750812530518,7.361292839050293
Oc1ccc2c(CCCCN3CCN(c4cccc(Cl)c4Cl)CC3)c[nH]c2c1,8.498737335205078,8.56834888458252,8.533543109893799
Cc1ccccc1OCC(C)N1CCN(C(c2ccccc2Cl)c2nc3ccccc3[nH]2)CC1,6.185540199279785,6.144741058349609,6.165140628814697
COc1ccc(C(=O)NCC2CCCN2C(=O)CC(N)Cc2ccc(Cl)cc2)cc1,6.656251907348633,6.64988899230957,6.653070449829102
O=C(NCC1CCCO1)C1CCCN1C(=O)CCn1c(O)nc2ccccc21,7.0852251052856445,5.966251373291016,6.52573823928833
CN1CCN(c2ncc3cc(-c4ccccc4)c(-c4ccc(CN5CCC(c6nc(-c7ccccn7)n[nH]6)CC5)cc4)nc3n2)CC1,5.768857955932617,6.279870986938477,6.024364471435547
CCCN(CCC1CCC(NS(=O)(=O)c2ccccc2)CC1)C1CCc2nc(N)sc2C1,7.355894565582275,8.81656551361084,8.086230039596558
CCCNC(C)(Cc1c[nH]c2ccccc12)C(=O)O,6.8938751220703125,5.118926525115967,6.00640082359314
COc1cccnc1N1CCN(CC2CCC(c3ccccc3)(c3ccccc3)C2)CC1,6.745785713195801,6.814019203186035,6.779902458190918
O=S(=O)(NC1CCC(CCN2CCN(c3cccc(Cl)c3Cl)CC2)CC1)c1cccc2ccccc12,7.78769588470459,8.440053939819336,8.113874912261963
CN1CCc2ccc3c(c2C1Cc1ccccc1-3,,,
CN1CCN(C2CC(c3ccc(F)cc3)c3ccc(F)cc32)CC1(C)C,7.66566276550293,7.037625789642334,7.351644277572632
O=S(=O)(NCCCCN1CCC(c2noc3cc(F)ccc23)CC1)c1cc2ccc(Cl)cc2s1,7.904119491577148,8.152727127075195,8.028423309326172
COc1ccccc1N1CCN(CCCCNC(=O)c2ccc(-c3ccc(Cc4ccccc4)cc3)nc2)CC1,6.912290096282959,8.316631317138672,7.614460706710815
O=C1CC(c2ccc(Cl)cc2Cl)Cc2nc3cc(Cl)ccc3c(O)c21,6.16379976272583,5.42524003982544,5.794519901275635
O=C1N(CCN2CCCCCC2)CCN1c1cccc(Cl)c1Cl,8.293376922607422,7.864004611968994,8.078690767288208
Cc1nc(C(F)(F)F)ccc1C1CCN(CC2COc3ccccc3C2=O)CC1,6.386804103851318,6.109238624572754,6.248021364212036
COc1ccc2ccc(C(C)C(=O)NCCCN3CCOCC3)cc2c1,5.438543319702148,5.722681045532227,5.5806121826171875
O=C1CCc2ccc(OCCCCN3CCN(c4cccc(Cl)c4Cl)CC3)nc2N1,8.820858001708984,7.946710586547852,8.383784294128418
Cn1cc(C2CCN(CCC3(c4ccc(Cl)c(Cl)c4)CCN(C(=O)c4ccc5ncccc5c4)C4CC5)CC3)CC2)cn1,,,
Fc1ccccc1N1CCN(CCCCCN2C(=S)NC(c3ccccc3)C2=O)CC1,6.434577941894531,7.117682933807373,6.776130437850952
CCN(CC)C(=O)NC1(C(F)(F)F)CCC(Nc2ccc(F)c(-c3nc4ccccc4o3)c2)CC1,8.017873764038086,7.683688640594482,7.850781202316284
Oc1nnc(-c2ccc(CCCCN3CCN(c4cccc5cc(F)ccc45)CC3)cc2)c2ccccc12,7.606418132781982,7.886932373046875,7.746675252914429
CC1CN(C(=O)c2ccccc2)CCN1C(=O)Cc1cccc(OC(F)(F)F)c1,6.095577716827393,6.511317253112793,6.303447484970093
CC(C)Oc1ccccc1N1CCN(C2CCC(NS(=O)(=O)c3ccc(Cl)cc3)CC2)CC1,7.512810707092285,8.364322662353516,7.9385666847229
Cc1ccc2c(N3CCN(CCc4cccc5c4OCc4c(C(=O)N6CCCCC6)ncn4-5)CC3)cccc2n1,6.465182304382324,6.170848846435547,6.3180155754089355
O=C(NCCCCN1CCN(c2nsc3ccccc23)CC1)c1ccc(F)cc1,7.716017723083496,8.776411056518555,8.246214389801025
Cc1ccc(S(=O)(=O)Nc2ccc3[nH]cc(CCN4CCCCC4)c3c2)cc1,7.279211044311523,6.54825496673584,6.913733005523682
CCN(CC)CCOC1CCCCC1,4.829532146453857,4.77596378326416,4.802747964859009
CCCN(CCN1CCN(c2cc(C)nc3cc(-c4ccccc4)nn23)CC1)C1CCc2ccc(O)cc2C1,6.8180012702941895,8.445661544799805,7.631831407546997
O=C(NC1CCC(CCN2CCN(c3cc(F)cc(F)c3)CC2)CC1)c1csc(Br)c1,7.307164192199707,8.579239845275879,7.943202018737793
O=C(NCC1CCC(CN2CCN(c3cccc(Cl)c3Cl)CC2)CC1)c1cc2cc(O)ccc2[nH]1,6.592584609985352,8.538318634033203,7.565451622009277
CCCN(CCCCN1C(=O)CC2(CCCC2)CC1=O)C1CCc2c(F)cccc2C1,7.266072273254394,8.84592342376709,8.055997848510742
O=C(NC1CCc2cc(CCN3CCN(c4nsc5ccccc45)CC3)ccc21)c1ccsc1,7.0794525146484375,6.719455242156982,6.89945387840271
Oc1ccc2c(c1)=CCCCN1CC=C(c3c[nH]c4ccccc34)CC1)CC2,,,
CN1CCN(c2ccc3nc(C4C(=O)N=c5cccc(F)c5=C4N)[nH]c3c2)CC1,5.461558818817139,5.804503917694092,5.633031368255615
CCCN1CCc2ccc(OCCCCN3CCN(c4cccc(Cl)c4Cl)CC3)cc2CC1,7.472460746765137,8.317771911621094,7.895116329193115
COc1ccccc1N1CCN(CCCCn2ncc3c2nc(N)n2nc(-c4ccc(Br)cc4)cc32)CC1,6.840238571166992,7.577769756317139,7.209004163742065
Cc1c(C#N)c(-c2ccc3[nH]ccc3c2)nn1C,5.671842575073242,5.333232402801514,5.502537488937378
O=C(NCCCCN1CCN(c2ccc(Cl)c(Cl)c2)CC1)c1cc2ccccc2[nH]1,6.433948040008545,8.612236976623535,7.52309250831604
Cc1cn2c(CCN(C)CC3Cc4ccccc4CN3)csc2n1,6.181161880493164,7.140440940856934,6.660801410675049
O=C(NCCCCCN1CCN(c2cccc(Cl)c2Cl)CC1)c1cc2ccccc2[nH]1,7.495870590209961,8.612287521362305,8.054079055786133
COc1cc(N)c(Cl)cc1C(=O)NC1CCN(Cc2ccccc2)CC1OC,7.350329399108887,7.214853763580322,7.2825915813446045
O=C1CON(CCCCN2CCN(c3cccc(Cl)c3Cl)CC2)CCN1CCO,6.512233257293701,7.521941661834717,7.017087459564209
O=C(NCCCCN1CCN(c2cccc(Cl)c2Cl)CC1)c1ccc(-n2cnc3ccccc32)cc1,7.317975044250488,8.486785888671875,7.902380466461182
CC(NCC1CCN(CCc2c[nH]c3ccc(I)cc23)C1)c1cccnc1,6.303863048553467,6.906284809112549,6.605073928833008
COc1ccc(N2CCN(CCCNc3nnnn3-c3cccc(Cl)c3Cl)CC2)cc1,6.817099094390869,5.760215759277344,6.2886574268341064
Cc1ccc(C2CC2CN)cc1,6.102000236511231,6.888073921203613,6.495037078857422
CC(C)N(CCCN1CCN(c2cccc(Cl)c2)CC1)C1CCc2ccc(O)cc2C1,6.389771461486816,7.634612560272217,7.012192010879517
O=S(=O)(NC1CCC(N2CCC(c3cccc(C(F)(F)F)c3)CC2)CC1)c1ccc(-c2ccccn2)cc1,6.874451160430908,7.558210372924805,7.2163307666778564
Cn1c(-c2cncnc2)cc2cc(CO)ccc21,5.430176258087158,5.050126552581787,5.240151405334473
O=S(=O)(NCCCCN1CCC(c2noc3cc(F)ccc23)CC1)c1cc2ccc(Cl)cc2s1,7.904119491577148,8.152727127075195,8.028423309326172
C=CCC1(CC)CCN(C(=O)Nc2c(-c3ccccc3)noc2C)CC1,6.176161289215088,5.707269668579102,5.941715478897095
O=C(CCCN1CCN(c2cccc3c2OCCO3)CC1)c1ccc(F)cc1,8.595954895019531,7.924570560455322,8.260262727737427
COc1ccc3[nH]cc(CCCN(C)C)c3c2[nH]c2ccc(F)cc12,,,
CCCN(CCCNc1ccnc2cc(Cl)ccc12)C1CCc2ccc(O)cc2C1,7.616073608398437,7.886593818664551,7.751333713531494
COc1ccccc1N1CCN(CCCCNC(=O)C=Cc2ccccc2)CC1,7.524115562438965,8.93630599975586,8.230210781097412
COc1cccc2c1CCC1CN(CCn3c(=O)[nH]c4c(sc5cccc([N+](=O)[O-])c54)c3=O)CC21,7.136455535888672,7.358525276184082,7.247490406036377
CCCCN1CN(c2ccccc2)C2(CCN(C(c3ccccc3)c3ccccc3F)CC2)C1=O,8.355756759643555,8.041572570800781,8.198664665222168
CCCN1CCc2cc(O)cc3c2C1Cc1ccc(O)c(O)c1-3,8.598224639892578,8.880327224731445,8.739275932312012
O=C(NCCCCN1CCN(c2cccc(Cl)c2Cl)CC1)c1ccc2c(c1)Cc1ccccc1-2,6.951083183288574,8.749909400939941,7.850496292114258
Cc1ccc2nc(C)n(-c3ccc(NC(=O)CN(C)C)cc3)c2c1,5.404467582702637,4.103546619415283,4.75400710105896
OC(COc1ccc2ncnc(N3CCN(c4cccc5c4OCCO5)CC3)c2c1)CN1CCCC1,6.527132987976074,6.566752433776856,6.546942710876465
COc1ccc(-c2ccccc2C#N)cc1NC(=O)CN1CCN(C(=O)C2CCN(CCC(N)=O)CC2)CC1,5.84232759475708,5.109396457672119,5.4758620262146
CN1CCN(C2Cc3ccc(Cl)cc3Sc3ccc(-c4ccc(Cl)c(F)c4)cc32)CC1,8.66053295135498,7.887514114379883,8.274023532867432
CN1CC2CC1CN2c1ccc(-c2cccc3[nH]ccc23)cn1,6.768186569213867,6.492680072784424,6.6304333209991455
O=C(NC1CCN(Cc2ccc3c(c2)OCO3)CC1)c1cc(=O)c2ccccc2o1,6.190304279327393,6.710694789886475,6.450499534606934
CCN(CC)CC#CCOC(=O)C(O)(c1ccccc1)C1CCCCC1,5.651338577270508,5.894092559814453,5.7727155685424805
c1ccc(C2(c3cccc(-c4ccncc4)c3)CCN(CCCc3c[nH]c4ccc(-n5cnnc5)cc34)CC2)cc1,7.274960994720459,6.166092872619629,6.720526933670044
CCCN(CCCNc1ccnc2cc(Cl)ccc12)C1CCc2nc(N)sc2C1,7.419097423553467,7.983054161071777,7.701075792312622
COc1cccc(C(=O)NCCCCN2CCN(c3cccc(C(F)(F)F)c3Cl)CC2)c1,7.315160274505615,8.611227989196777,7.963194131851196
CN1CCCC1Cn1nc(Cc2ccc(F)cc2)c2ccccc2c1=O,6.445572853088379,6.782954216003418,6.614263534545898
COCc1cccc2sc(NC3=NC(=O)CC(c4ccc(F)c(F)c4)=N3)nc12,5.36570405960083,4.35294246673584,4.859323263168335
CCCN(CCC)C1CCc2c(O)cccc2C1,8.197704315185547,8.453038215637207,8.325371265411377
CCCN(CCN1CCN(c2ccnc3cc(Cl)ccc23)CC1)C1CCc2c(O)cccc2C1,7.796812534332275,8.927447319030762,8.362129926681519
CCCN(Cc1csc(C)n1)C1CCc2c(O)cccc2C1,7.230412006378174,7.595404624938965,7.412908315658569
O=C1CCc2ccc(OCCCCN3CCN(c4cccc5cccc(F)c45)CC3)nc2N1,8.669334411621094,7.364121913909912,8.016728162765503
N#Cc1ccc(N2CCN(CCCCNC(=O)c3ccnc4ccccc34)CC2)nc1,6.235265254974365,7.652932167053223,6.944098711013794
COc1ccc(C)cc1N1CCN(CCCCNC(=O)c2ccc(C=Cc3ccccc3F)cc2)CC1,6.995759963989258,8.31894302368164,7.657351493835449
COc1cccc(C(=O)NCC(=O)NNC(=O)C2CCCN2C(=O)C(Cc2ccccc2)NC(=O)c2ccccc2)c1,5.690609931945801,5.362391948699951,5.526500940322876
CC1CN(Cc2cccc(-c3cc4cccc(CN5CCN(c6ccccc6)CC5)c4o3)c2)CCN1,6.647921562194824,6.071757793426514,6.359839677810669
COc1cccc(CCCN2CCN(c3ccc(C(C)=O)cc3)CC2)c1,5.570507526397705,6.420671463012695,5.9955894947052
COc1cccc(N2CCN(CCCCNC(=O)c3cc4ccccc4o3)CC2)c1,6.177854537963867,7.881231307983398,7.029542922973633
COc1cccc(CN2CCC(CCOc3cccc4[nH]ccc34)CC2)c1,6.965785026550293,7.124960422515869,7.045372724533081
CN1C(=O)CCC1CNC(=O)c1cnn2ccc(C#N)cc12,6.371089935302734,5.951225757598877,6.161157846450806
COc1ccccc1N1CCN(CCCN2CCN(c3ccccc3OC)CC2)CC1,7.37531566619873,6.812270164489746,7.093792915344238
Oc1cc(CN2CCc3ccccc3C2)c2c(c1)CCN(Cc1ccc[nH]1)CC2,6.330240726470947,7.285594940185547,6.807917833328247
CC(C)CNC1CCc2ccc(S(N)(=O)=O)cc21,7.511907577514648,7.698825836181641,7.6053667068481445
CSc1ccc2c(c1)N(CCC1CCCN1C)c1ccccc1S2,6.555171012878418,7.281866550445557,6.918518781661987
CCCN(CCC)Cc1ccc(O)c2nc(O)sc12,6.413001537322998,6.628806114196777,6.520903825759888
O=C(NCCCCN1CCN(c2cccc(Cl)c2Cl)CC1)c1ccco1,7.382116317749023,8.881814956665039,8.131965637207031
COc1ccccc1N1CCN(CCCCNC(=O)c2ccc(-c3cc(Cl)ccc3OC)cc2)CC1,7.373595237731934,8.5572509765625,7.965423107147217
O=C(O)c1cccc(-c2cncc(N3CCN(Cc4ccccc4)CC3)n2)c1,5.923561096191406,6.235579013824463,6.079570055007935
CCN(CC)C(=O)NC1CC2=C(Cc3c[nH]c4cccc2c34)N(C)C1,8.485445976257324,8.415810585021973,8.450628280639648
COc1ccccc1N1CCN(CCCCNC(=O)C=Cc2ccccc2OC(F)F)CC1,7.408958911895752,9.068206787109377,8.238582849502563
O=C1CCc2cc(C(C3CCCCC3)N3CCN(c4cccc5ccccc45)CC3)ccc2N1,7.490990161895752,6.918412685394287,7.2047014236450195
O=C(c1ccc(F)cc1)C1CCN(CCc2ccc(F)cc2)CC1,6.907681941986084,6.426648139953613,6.667165040969849
CCOc1ccccc1N1CCN(CCCCn2cc(C3CC3)nn2)CC1,7.755082130432129,7.689696788787842,7.722389459609985
Cc1ccc(N2CCN(CCCCc3c[nH]c4ccc(-n5cnnc5)cc34)CC2)cc1,7.136317729949951,6.650747776031494,6.893532752990723
CN1CCc2cc(OCCF)cc3c2C1Cc1ccc(O)c(O)c1-3,7.412494659423828,6.98379373550415,7.198144197463989
Cc1ccc2cc(-c3nnc(SCCCCN4CCc5cc6oc(C(F)(F)F)nc6cc5CC4)n3C)ccc2n1,6.414968967437744,7.840415954589844,7.127692461013794
O=S(=O)(c1cccc2cnccc12)N1CCCNCC1,6.233206748962402,3.353839635848999,4.793523192405701
COc1ccc(S(=O)(=O)NC2CCC(N3CCN(c4ncccn4)CC3)CC2)cc1,5.929838180541992,6.805218696594238,6.367528438568115
C#Cc1ccc(-c2ccc(C(=O)NCCCCN3CCN(c4ccccc4OC)CC3)cc2)cc1,7.623181343078613,9.019351959228516,8.321266651153564
COc1ccc(C(=O)NCC2CCC(Nc3ncc(Cl)c(Nc4ccccc4C(=O)NC4CCCCC4)n3)CC2)cc1OC,7.275238037109375,6.877627849578857,7.076432943344116
Cc1cc2c(OCC(O)CN3CCC(c4cccc5cccc(F)c45)CC3C)cccc2[nH]1,6.412626266479492,6.298333168029785,6.355479717254639
CCN(CC)CCc1c[nH]c2c(ccc3c(Br)c[nH]c32)c1O,,,
O=C(O)CCCNC(=O)c1ccc(-c2ccc3ncnc(NCC4CCCO4)c3c2)cc1,6.721380233764648,5.175323009490967,5.948351621627808
CCCN(CCC)C1CCc2[nH]c3ccc(O)cc3c2C1,7.551506042480469,7.855134963989258,7.703320503234863
CCOc1ccccc1N1CCN(CC2COC(CN3CCCC3)(c3ccccc3)O2)CC1,6.753206253051758,6.846250534057617,6.7997283935546875
CCCN(CCC)C1CCc2c(ccc(O)c2Cl)C1,8.347827911376953,8.855293273925781,8.601560592651367
N#Cc1cnc2ccc(-c3ccc(CN4CCc5ccccc5C4)cc3)cc2c1NCCCN1CCCCC1,6.505058765411377,6.4450273513793945,6.475043058395386
COc1ccccc1N1CCN(CCn2c(=O)[nH]c3c(sc4ccc(NC(=O)CCCC(=O)Nc5ccccc5OC)cc43)c2=O)CC1,7.852985382080078,6.289361953735352,7.071173667907715
CCCN1CCC2Cc3cc(O)ccc3CC2C1,6.7636542320251465,8.193222045898438,7.478438138961792
O=C(c1ccco1)N1CCC(CCN2CCN(c3cccc(Cl)c3Cl)CC2)(c2ccc(Cl)c(Cl)c2)CC1,6.498951435089111,6.995351791381836,6.747151613235474
CC1CC2C3CCC4=CC(=O)C=CC4(C)C3(Cl)C(O)CC2(C)C1(O)C(O)C=O,5.642699241638184,5.57347297668457,5.608086109161377
CN1CCN(C2=Nc3cc(Cl)ccc3Nc3ccccc32)CC1,6.543483257293701,7.039327621459961,6.791405439376831
O=C(NCC1CCCCN1C(=O)c1ccccc1-c1ccccc1)c1ccccc1,6.019534111022949,6.513981819152832,6.266757965087891
Cc1cc(I)ccc1N1CCN(CCCCC(=O)N2CCc3c([nH]c4ccccc34)C2)CC1,7.118616104125977,7.571693420410156,7.345154762268066
C=CCN1CCC2c3c(cccc3C(N)=O)CCC21,7.082094192504883,6.879201412200928,6.980647802352905
COc1cccc(S(=O)(=O)N2CCC(CN3CCC(Oc4ccc(Cl)c(Cl)c4)CC3)CC2)c1,6.318314075469971,6.967974662780762,6.643144369125366
Oc1[nH]cc2cc(Cl)c(OCCCN3CCN(c4cccc5ccccc45)CC3)cc12,7.850109100341797,8.250021934509277,8.050065517425537
Sc1nnc2c3c4c(sc3n3c(S)nnc3n12)CCC4,7.502533912658691,6.300642013549805,6.901587963104248
Cc1cc(F)ccc1OCCN1CCC(CCN2CCN(c3cccc(Cl)c3Cl)CC2)CC1,7.438292503356934,7.300612449645996,7.369452476501465
COc1ccccc1N1CCN(CCCCNC(=O)c2ccc(Oc3ccc(Cl)cc3)cc2)CC1,7.264379024505615,8.418863296508789,7.841621160507202
Fc1ccc(-c2nc3cnccn3c2-c2ccnc(NCC3CC3)n2)cc1,5.492461681365967,5.828152179718018,5.660306930541992
Cc1cccc(C(=O)NCCCCN2CCN(c3nsc4ccccc34)CC2)c1,7.401626110076904,8.309855461120605,7.855740785598755
O=C(NC1CCCc2ccc(CCN3CCN(c4nsc5ccccc45)CC3)cc21)c1ccc(F)cc1,7.518129348754883,6.815028190612793,7.166578769683838
O=C(NC1CCC2(O)C3Cc4ccc(O)c5c4C2(CCN3CC2CC2)C1O5)c1cccnc1,8.10545825958252,8.132633209228516,8.119045734405518
Oc1nc2cccc(OCCCNCc3ccccc3)c2o1,7.130764007568359,7.5845627784729,7.35766339302063
O=C1NCN(c2ccccc2)C12CCN(CC1COc3ccccc3O1)CC2,8.534329414367676,7.216901779174805,7.87561559677124
CNC(=O)Nc1ccc(N(C)CC2CCN(Cc3ccccc3)CC2)cc1,6.381701469421387,6.88099479675293,6.631348133087158
CN1CCc2nc(NC(=O)CCC3CCCC3)sc2C1,5.458205223083496,6.544173240661621,6.001189231872559
O=C1CCc2cc(OCCCCN3CCN(c4cccc(Cl)c4Cl)CC3)ccc2N1,8.785455703735352,8.286078453063965,8.535767078399658
OC1(c2ccc(Cl)c(Cl)c2)CC2CCC(C1)N2Cc1coc2ccc3ccccc3c12,7.392076969146728,8.24228286743164,7.817179918289185
CC(C)=[SH](O)(O)N=CC1CCC(NC(=O)c2ccc(Br)cc2)CC1,6.55852746963501,7.744030952453613,7.1512792110443115
CN(C)CCCn1nc(Cc2ccc(Cl)cc2)c2ccccc21,6.175827026367188,6.272491455078125,6.224159240722656
N#Cc1ccc2[nH]c(CN3CC=C(c4ccccc4)CC3)cc2c1,7.402140140533447,6.588541030883789,6.995340585708618
CC(C)(C)CC(=O)NCCCCN1CCN(c2nsc3ccccc23)CC1,7.692445278167725,6.890819072723389,7.291632175445557
CN1c2ccccc2CCC12CCN(CCc1ccc(F)cc1F)CC2,7.22896671295166,6.742600917816162,6.985783815383911
O=C(NCCCCN1CCN(c2nsc3ccccc23)CC1)c1cc(F)cc(F)c1,7.362508773803711,8.501386642456055,7.931947708129883
CCOc1ccccc1N1CCN(CCCCCC(=O)N2Cc3ccccc3CC2C(N)=O)CC1,7.4677300453186035,7.100184917449951,7.283957481384277
COc1ccccc1N1CCN(CCCCCNC(=O)C=Cc2ccccc2OC)CC1,7.607511520385742,7.955029010772705,7.781270265579224
O=C(c1ccc(F)cc1)C(CCCCF)CCC#CCOc1ccc(F)cc1Cl,6.795886993408203,6.135908603668213,6.465897798538208
COc1ccc(F)cc1N1CCN(CC(O)CNC(=O)c2ccc3cn[nH]c3c2)CC1,6.345921993255615,7.071580410003662,6.708751201629639
COc1ccccc1N1CCN(CCCCCN2C(=O)CC(c3ccc(C)cc3)CC2=O)CC1,6.962483882904053,7.207428932189941,7.084956407546997
O=C(NCCCCCCCNC(=O)C1C(O)CCC2CN3CCc4c([nH]c5ccccc45)C3CC21)c1ccc(F)cc1,6.375199794769287,7.066928386688232,6.72106409072876
Cc1ncoc1-c1nnc(SCCCN2CCC3(CCc4ccccc4O3)CC2)n1C,6.035392284393311,7.032857894897461,6.534125089645386
O=C(NC1CCC(CCN2CCN(c3cccc(Cl)c3Cl)CC2)CC1)c1cccs1,8.053605079650879,8.922005653381348,8.487805366516113
Cc1ccc2c(c1)N(CCN(C)C)c1ccccc1S2,7.0893096923828125,6.336055755615234,6.712682723999023
CCOC(=O)C1C(C)=NC(C)=C(C(=O)OCC)C1c1ccc([N+](=O)[O-])cc1,4.701451301574707,5.023689270019531,4.862570285797119
O=C(NCCCCN1CCN(c2cccc(Cl)c2Cl)CC1)c1cc2ccccc2s1,7.238006114959717,9.093591690063477,8.165798902511597
COc1cccc2c1CCC1CN(CCn3c(=O)[nH]c4c(sc5cccc(C)c54)c3=O)CC21,7.126422882080078,7.393259048461914,7.259840965270996
COc1ccc(CCNC(CO)CCCCOc2ccc(NC(=O)C3CCN(C(=O)C4CCCCC4)CC3)cc2)cc1,6.092490196228027,5.767275810241699,5.929883003234863
O=C(c1ccccc1)c1c[nH]c2ccccc12,5.846860885620117,5.930813312530518,5.888837099075317
COc1cccc(N2CCN(CCCCc3n[nH]c4ccccc34)CC2)c1,7.390936851501465,7.46851921081543,7.429728031158447
COc1ccccc1N1CCN(CCCCNC(=O)c2cc3ccccc3o2)CC1,7.030130386352539,8.543241500854492,7.786685943603516
COc1ccccc1N1CCN(CCCCn2ncc(=O)n(C)c2=O)CC1,7.234968662261963,7.482704162597656,7.35883641242981
O=C1CC(c2ccc(Cl)cc2Cl)Cc2nc3cc(Cl)ccc3c(O)c21,6.16379976272583,5.42524003982544,5.794519901275635
CCc1c(C(=O)N2CCC(C)C(C)C2)cnn1-c1ccc(C#N)cc1,6.224647521972656,6.793389797210693,6.509018659591675
CN1CCCC1Cn1nc(Cc2ccccc2)c2ccccc2c1=O,6.341378688812256,6.724553108215332,6.532965898513794
CCN(CC)C(=O)COc1ccc(Cl)cc1C(C)(C)C,6.903963565826416,6.147404193878174,6.525683879852295
CCN1CCCC1CNC(=O)c1c(OC)cc(C)cc1OC,7.474452972412109,7.847323417663574,7.660888195037842
CCCOc1ccccc1OCCNCC1COc2cccc(Cl)c2O1,7.272231101989746,8.153690338134766,7.712960720062256
CCN(CC)C(=O)C1Sc2cc(OC)ccc2N1C,5.949333190917969,7.078165054321289,6.513749122619629
N#Cc1ccc2[nH]c(O)c(CCCN3CCN(c4ccccc4OCCF)CC3)c2c1,8.486329078674316,7.49980354309082,7.993066310882568
CCCN(CCC)C1CCc2c(cccc2-c2ccccc2)C1,7.303905487060547,7.553224563598633,7.42856502532959
Fc1ccc(N2CCN(CCCCOc3ccc(-c4ccccc4)cn3)CC2)c(F)c1,7.148306846618652,7.813590049743652,7.480948448181152
COc1ccc2nc(O)c(CN(C)C)cc2c1,6.590221881866455,4.888378143310547,5.739300012588501
N#Cc1ccc2[nH]c(C(F)(F)F)nc2c1,8.438255310058594,6.471521377563477,7.454888343811035
CC(C)Oc1cccc(-n2c(C3CC3)nc3cc(NC(=O)NC4CCN(C)CC4)ccc32)c1,6.070220470428467,6.809338092803955,6.439779281616211
O=C(CCCn1cnc2ccccc21)N1CCC(N2CCC(Oc3ccc(Cl)c(Cl)c3)CC2)CC1,6.862597942352295,6.708340644836426,6.78546929359436
O=C1CC2(CCCC2)CC(=O)N1CCCCN1CCN(c2cccc(C(F)(F)F)n2)CC1,6.9989190101623535,8.8316650390625,7.915292024612427
COc1cc(C2c3cc4c(cc3CC3COC(=O)C32)OCO4)cc(OC)c1O,5.091683864593506,5.125821590423584,5.108752727508545
NC(=O)c1ccccc1OCCCNCC1COc2ccccc2O1,7.592381477355957,7.912275791168213,7.752328634262085
CN(C)c1nc(NC2CCC(NC(=O)c3ccc(Cl)cc3)CC2)nc2ccccc12,7.321165084838867,7.131097793579102,7.226131439208984
CC(C)CCN1C2CCC1CC(NC(=O)c1cc3ccccc3[nH]1)C2,6.172255516052246,8.539950370788574,7.35610294342041
O=C(NCCCN1CCC2(CC1)C(=O)N(c1ccccc1)CN2c1ccccc1)c1ccccc1,8.032391548156738,6.915193557739258,7.473792552947998
CC1CN(Cc2ccc(-c3ccccc3S(=O)(=O)NCc3ccc(CN4CCN(C)CC4)cc3)cc2)CCN1,5.606484889984131,5.868540287017822,5.737512588500977
O=C(NCC=CCN1CCN(c2cccc(Cl)c2Cl)CC1)c1cccc2c1-c1ccccc1C2=O,6.881508827209473,8.276203155517578,7.578855991363525
N#Cc1ccc(-c2ccc(OCCN3CCC(O)(c4ccc5nc(CCF)[nH]c5c4)CC3)cc2)cc1,7.549055099487305,6.786683082580566,7.1678690910339355
COc1cccc(C(=O)NCCCCN2CCN(c3cccc(Cl)c3Cl)CC2)c1,7.145890235900879,9.06395435333252,8.1049222946167
O=C(NCCCCN1CCN(c2cccc(Cl)c2Cl)CC1)c1cc2cc(I)ccc2[nH]1,7.313976287841797,9.264910697937012,8.289443492889404
CCCN(CCN1CCN(c2ccccc2O)CC1)C1CCc2ccc(O)cc2C1,7.675475597381592,9.087706565856934,8.381591081619263
O=C(CCCN1CCC2(CC1)OCc1ccccc12)c1ccc(F)cc1,7.25369119644165,7.39191198348999,7.32280158996582
O=C(NCC1CCCN(C2CCC3(Cc4ccccc4Cc4ccccc43)C2)C1)c1cccc2ccccc12,5.7681145668029785,6.456318378448486,6.112216472625732
CSCCC1NCCc2cccc(O)c21,5.605197906494141,7.301654815673828,6.453426361083984
CCN1CCc2ccccc2Cc2[nH]c3ccccc3c2CC1,7.476880073547363,6.716768264770508,7.0968241691589355
CC(C)NC1CCC(CCN2CCN(c3ccc(Cl)cc3Cl)CC2)CC1,6.697296142578125,7.830696105957031,7.263996124267578
CCCOc1ccccc1N1CCN(Cc2cc(CN3CCCCC3=O)no2)CC1,6.0394158363342285,5.568813800811768,5.804114818572998
CCOc1ccccc1N1CCN(C(=O)CCc2c(C)noc2C)CC1,6.425598621368408,6.2262139320373535,6.325906276702881
CCCN(CCN1CCN(c2ccccc2OC)CC1)C1CCc2nc(N)sc2C1,7.395110130310059,8.347671508789062,7.8713908195495605
C#CC1(O)CCC2C3CCC4=Cc5oncc5CC4(C)C3CCC21C,5.564530372619629,5.968814373016357,5.766672372817993
COc1ccccc1N1CCN(CCCCNC(=O)C2CC3CCC2C3)CC1,7.572685241699219,8.651552200317383,8.1121187210083
CCCN(CCc1cccs1)C1CCc2c(O)cccc2C1,8.405183792114258,8.605388641357422,8.50528621673584
CCN(CC)C(=O)NC1Cc2c(cc3c[nH]c4c3c2C=CC4)N(C)C1,8.286233901977539,9.047680854797363,8.666957378387451
COc1ccccc1N1CCN(CCCCNC(=O)c2cc3ccccc3[nH]2)CC1,7.458228588104248,9.089479446411133,8.27385401725769
COc1cccc(OC)c1-c1cccnc1N1CCN(CCCCc2ccccc2)CC1,6.643153190612793,7.145196914672852,6.894175052642822
CCc1cc2n(CC3CC3)c(=O)n(CC3CCCN3C)c2cc1OC,7.385306358337402,7.808280467987059,7.596793413162231
CCCN1CC(CSC)CC2c3cccc4[nH]cc(c34)CC21,7.427812576293945,7.918407440185547,7.673110008239746
COc1ccccc1N1CCN(CCn2ncc(=O)[nH]c2=O)CC1,7.350296974182129,6.810664176940918,7.080480575561523
COc1ccccc1N1CCN(CCCCc2ccc3sc(O)nc3c2)CC1,8.648326873779297,8.277846336364746,8.463086605072021
OC1(c2ccccc2)CCN(CCCc2c[nH]c3ccc(-n4cnnc4)cc23)CC1,7.395280838012695,6.144789218902588,6.770035028457642
Fc1ccc2c(c1)CCC1CN(CCc3c[nH]c4ncccc34)CCN21,7.165069580078125,5.967028617858887,6.566049098968506
CCCN(CCC)C1CCc2ccc(NC(=O)CCCCCBr)cc2C1,7.093789577484131,5.875842094421387,6.484815835952759
Cc1ccccc1N1CCN(CCCCOc2ccc3c(c2)CCC3)CC1,7.780640125274658,7.625608444213867,7.703124284744263
CN1CCCCC1c1c[nH]c2ccc(C3=CCN(C(=O)NCCc4ccc(Cl)cc4)CC3)cc12,7.002635002136231,6.554474830627441,6.778554916381836
O=C(NCC1CCN(CC2COc3ccccc3O2)C1)c1ccc(COc2ccccc2)cc1,6.267372131347656,6.870226860046387,6.5687994956970215
COc1ccccc1N1CCN(CCCC(=O)c2ccc(N=C=S)cc2)CC1,8.243307113647461,7.136538505554199,7.68992280960083
COc1ccncc1-c1nc2c(s1)CCCN2C(=O)c1cccs1,4.407029151916504,4.793676853179932,4.600353002548218
COc1ccccc1N1CCN(CC(O)CNC(=O)c2cc3ccccc3[nH]2)CC1,6.064442157745361,7.373836517333984,6.719139337539673
COc1ccc(N2CCN([SH](=O)(O)CC=NC(=O)CN3CCN(c4cccc(Cl)c4Cl)CC3)CC2)cc1,5.746176242828369,6.419843673706055,6.083009958267212
COc1ccccc1N1CCN(CCCCNC(=O)NC2CCCc3cc(OC)c(OC)cc32)CC1,7.029289245605469,7.636525630950928,7.332907438278198
COc1ccc(NC(=O)N2CCC(N3CCN(c4ccc([N+](=O)[O-])cc4)CC3)CC2)cc1,5.455472469329834,4.933755874633789,5.1946141719818115
CCCN(CCC)C1CCc2c(cccc2-c2ccsc2)C1,7.309701442718506,7.898902893066406,7.604302167892456
Fc1ccc(-c2nc3cnccn3c2-c2ccnc(NCC3CC3)n2)cc1,5.492461681365967,5.828152179718018,5.660306930541992
CN(CCC(F)(F)F)c1ccc(F)cc1-c1ccnc2cc(F)c(F)cc12,6.093932628631592,5.160373210906982,5.627152919769287
CC(C)Oc1ccccc1N1CCN(Cc2ccc(C(=O)N3CCCCCC3)cc2)CC1,7.90960168838501,7.15589714050293,7.53274941444397
CN(CC(=O)NC1CCN(CCCc2c[nH]c3ccc(-n4cnnc4)cc23)CC1)S(=O)(=O)c1ccc(F)cc1F,7.245697021484375,6.177553653717041,6.711625337600708
COc1ccc(CN2CCN(CC(O)COc3cccc4c3CCN(C)C4=O)CC2)cc1,5.770057201385498,6.055597305297852,5.912827253341675
CC1CN(Cc2ccccc2)CCN1C(=O)NCc1ccc(C(F)(F)F)cc1,6.00333309173584,6.890159130096436,6.446746110916138
O=C1COc2ccc(C(=O)CCCN3CCN(c4cccc(Cl)c4Cl)CC3)cc2N1,8.060965538024902,8.100171089172363,8.080568313598633
CCCCCCN1CCN(c2ccc(Cl)cc2)CC1,6.264507293701172,6.600540637969971,6.432523965835571
CCCN(CCC)C1CCc2ccc(O)cc2C1,7.70214319229126,8.176798820495605,7.939471006393433
CN1CCN(C2=Nc3cc(Cl)ccc3Nc3ccccc32)CC1,6.543483257293701,7.039327621459961,6.791405439376831
Clc1ccc(N2CCN(CCCNc3ncnc4sc5c(c34)CCNC5)CC2)cc1,6.691504955291748,6.045358657836914,6.368431806564331
CCN1CCN(c2ccc(Nc3nccc(-c4c(-c5cccc(C(=O)Nc6cc(C(F)(F)F)ccc6F)c5)nc5ccccn45)n3)cc2)CC1,6.099159240722656,5.488816738128662,5.793987989425659
CN1CCc2cccc3c2C1Cc1ccc(O)c(O)c1-3,7.594958782196045,7.866154670715332,7.7305567264556885
Cc1cccc(C)c1OCCNCCOc1ccccc1OCc1ccccc1,5.922019004821777,6.65873384475708,6.290376424789429
CC[n+]1c(-c2ccccc2)c2cc(N)ccc2c2ccc(N)cc21,6.163038730621338,5.650158882141113,5.906598806381226
CCCN1C(=O)CCC2c3cccc4[nH]cc(c34)CC21,7.310918807983398,7.224140167236328,7.267529487609863
COc1ccccc1N1CCN(CCCCNC(=O)c2ccc(F)cc2)CC1,7.701013088226318,8.817584991455078,8.259299039840698
COc1cccc(OC)c1C(=O)NCC1CC1,6.382845401763916,6.335077285766602,6.358961343765259
Cc1ncoc1-c1nnc(SCCCN2CC3CC3(c3ccc(F)cc3)C2)n1C,7.12682056427002,8.707328796386719,7.917074680328369
c1ccc(N2CCN(CCCN=C3C(c4ccccc4)=NCCN3)CC2)cc1,5.299381732940674,5.869400501251221,5.584391117095947
CCNc1ncc2nc(-c3ccccc3)c(=O)n(CCC#N)c2n1,6.383727550506592,5.772753715515137,6.078240633010864
N#Cc1ccc(CN2CCc3cnc(N4CCN(C5CC5)CC4)nc3C2)cc1,4.953231334686279,6.735049724578857,5.844140529632568
O=C(O)C1CCc2c(OCCCCOc3ccc4[nH]cc(CCNC(=O)CCCCCCC(=O)Oc5ccc(Cl)cc5)c4c3)cccc21,7.028809070587158,5.350980758666992,6.189894914627075
O=S(=O)(NCCN1CCC(c2noc3cc(F)ccc23)CC1)c1cccs1,8.01482105255127,7.700865268707275,7.8578431606292725
CCN(CCCOc1ccc2c(Nc3cc(CC(=O)Nc4cccc(F)c4)[nH]n3)ncnc2c1)CCOP(=O)(O)O,6.428972244262695,6.212875843048096,6.3209240436553955
O=C(NCCCCN1CCN(c2ccccc2OCCF)CC1)c1cc(F)c(F)cc1Cl,7.839460849761963,8.341310501098633,8.090385675430298
O=C1NCCN1CCN1CCC(c2cn(-c3ccc(F)cc3)c3ccc(Cl)cc23)CC1,7.742376327514648,6.387310028076172,7.06484317779541
CC(C)N(CCC(=O)c1ccc2ccccc2c1)Cc1ccccc1,5.9031982421875,6.299393653869629,6.1012959480285645
Cc1ccc2c(N3CCN(CCc4cccc5c4OCc4c(C(=O)NCC6CC6)ncn4-5)CC3)cccc2n1,6.4070329666137695,6.792781829833984,6.599907398223877
OC1(c2ccc(Br)cc2F)CC2CCC(C1)N2Cc1coc2ccccc12,7.955584526062012,8.597151756286621,8.276368141174316
COc1cccc(C(C)NC(=O)N2CC=C(c3c[nH]c4ncccc34)CC2)c1,6.340704441070557,5.736633777618408,6.038669109344482
CCCN(CCC)C1Cc2ccccc2C1,7.246559143066406,7.289704322814941,7.268131732940674
N#Cc1ccc(OCCCN2CCC(c3ccccc3OCC(F)(F)F)CC2)cc1,7.22528076171875,6.481985092163086,6.853632926940918
O=C1NCN(c2ccccc2)C12CCN(C1CCCCCCCCCCC1)CC2,7.280755996704102,6.552842140197754,6.916799068450928
COc1cc(C=NNC(=O)Cc2ccc(O)c(Br)c2)cc(Br)c1O,5.528550624847412,4.675334453582764,5.101942539215088
Oc1ccc2[nH]cc(CCCN3CCN(c4ccccn4)CC3)c2c1,7.672805309295654,6.802935123443604,7.237870216369629
O=C(c1ccco1)N1CCC2(CCN(Cc3ccccc3)C2)CC1,4.811182022094727,5.249319076538086,5.030250549316406
CC1CN(C2CCN(C(=O)c3ccc(F)cc3)CC2)CCN1C(C)c1ccc(S(=O)(=O)N(C)C)cc1,6.024860858917236,6.505674839019775,6.265267848968506
CN1CCN(CCCN(CCCNc2ccccc2C(=O)c2ccc(Cl)cc2)CC1,,,
N#Cc1ccccc1N1CCN(CC=CCNC(=O)c2cc3ccc(O)cc3s2)CC1,7.36332893371582,8.270580291748047,7.816954612731934
N#Cc1cccc(C(=O)NC2CCC(N3CCN(c4cccc5nc(C(F)(F)F)[nH]c45)CC3)CC2)c1,7.490246295928955,7.975625038146973,7.732935667037964
CC(C)(C)c1ccc(CC(NC(=O)c2ccc(-c3cc(C#N)cc(C(C)(C)C)c3)cc2)C(=O)O)cc1,5.482955455780029,5.510699272155762,5.4968273639678955
O=C(Nc1ccccc1)NC1CCN(CCc2ccc(F)cc2)CC1,7.4214091300964355,6.584021091461182,7.002715110778809
Oc1ccc2c(c1)OC(CNCCC1CCC(O)CC1)CC2,7.476780891418457,8.144577026367188,7.810678958892822
CCCN1C=CC(=C2C(=O)Nc3ccc(Br)cc32)C(=O)N1,7.262313842773437,6.897122383117676,7.079718112945557
CN(C)CC1CC2c3ccccc3Cc3ccccc3N2O1,6.585575103759766,6.992331504821777,6.7889533042907715
CC(C)(C)OC(=O)NCCCCCN1CCN(c2nsc3ccccc23)CC1,8.35701847076416,6.903920650482178,7.630469560623169
CN(C)C1CCC(Nc2nc(Cl)cc(-c3c[nH]c4ncccc34)n2)CC1,6.318489074707031,7.13552188873291,6.727005481719971
COc1ccc(C2CC2CN2CCN(c3ccccn3)CC2)c(F)c1,6.352138042449951,6.790446758270264,6.571292400360107
CC(C)(C)CCN1CCCC2(CCN(C(=O)CC(F)(F)F)C2)C1=O,5.436252117156982,7.195211410522461,6.315731763839722
Fc1ccc(-c2nc(CN3CCN(Cc4ccccc4)CC3)co2)cc1,5.18363618850708,6.020297050476074,5.601966619491577
CC(C)(C)c1ccc(OCCNCc2cncs2)cc1,6.138562202453613,6.777899265289307,6.45823073387146
Clc1ccc(CN2CCC(CCN3CCC(c4nc5ccccc5o4)CC3)CC2)cc1Cl,6.461401462554932,7.260631561279297,6.861016511917114
O=C1COc2ccc(Br)cc2CNC1CCCCC1,,,
CN1CCC(Cn2cc(C3CC3)nn2)C(CS(=O)(=O)c2ccccc2)C1,6.891900062561035,7.3885817527771,7.140240907669067
NCC1(c2cccc(Cl)c2)CC2CCC(C1)N2C(c1ccccc1Cl)c1ccccc1Cl,6.630137920379639,6.803926944732666,6.717032432556152
O=C(NC1CCC(CCN2CCN(c3cccc(Cl)c3Cl)CC2)CC1)c1cncc(Br)c1,7.743992805480957,8.845749855041504,8.29487133026123
Oc1ccc(C2CCN(Cc3cccc4ccccc34)CC2)cc1,6.915369510650635,6.217031955718994,6.5662007331848145
CC1CN(c2cccc(C(=O)NCC3CCCN3C(N)=O)c2)CCN1C,6.126992702484131,7.590849876403809,6.85892128944397
COc1ccc(-n2c(C)cc(C(=O)CSc3nnc4ccccn34)c2C)cc1,5.859673500061035,5.773624420166016,5.816648960113525
Oc1ccc2c(c1)OC(CNCc1ccc(OCCCCN3CCN(c4cccc(Cl)c4Cl)CC3)cc1)CC2,8.852522850036621,8.894317626953125,8.873420238494873
CN1CCC(C(=O)NC2(C)OC3(O)C4CCCN4C(=O)C(Cc4ccccc4)N3C2=O)CC1,7.75296688079834,8.636734008789062,8.194850444793701
CCN1CCN(c2ccc(Nc3cc(C)c4nc(NC)[nH]c4c3)cc2)CC1,6.781883239746094,6.285698890686035,6.5337910652160645
CCCN1CCCC2Cc3n[nH]cc3CC21,7.44373893737793,7.752799034118652,7.598268985748291
COc1ccccc1N1CCN(CCN(C(=O)c2cn(C)nc2C)c2cccnc2)CC1,6.054571628570557,6.096030235290527,6.075300931930542
COc1ccc2c(c1)CCN(CCCSc1n[nH]c(-c3ccccc3F)n1)C2,6.466677665710449,7.978107452392578,7.222392559051514
CCCN1CCCC1CNC(=O)c1c(O)cccc1Br,6.216887474060059,8.26974105834961,7.243314266204834
CC(C)Oc1ccccc1N1CCN(C2CCC(NS(=O)(=O)c3ccccc3C#N)CC2)CC1,7.392848968505859,8.485418319702148,7.939133644104004
Cc1c(-c2ccc3c(c2)CCC3=NO)ccc(F)c1F,7.496205806732178,5.726125240325928,6.611165523529053
Clc1ccccc1N1CCN(CCCCN=C2CCCc3ccccc32)CC1,7.818847179412842,7.914716720581055,7.866781949996948
CCn1c(=O)sc2cc(CCCCN3CCN(c4ccccc4OC)CC3)ccc21,7.891167640686035,7.94401216506958,7.917589902877808
COc1cccc(C(=O)NCCCN2CCN(c3cccc(Cl)c3Cl)CC2)c1OC,6.829154968261719,7.550530433654785,7.189842700958252
Clc1ccc(CN2CC=C(C3=CCc4ccccc4C3)CC2)cc1,7.023410797119141,7.427181243896484,7.2252960205078125
COc1ccc(N2CCN(CCCCc3ccccc3)CC2)cc1NS(=O)(=O)c1ccc(Cl)cc1,6.88799524307251,7.321575164794922,7.104785203933716
O=C(NCCCCN1CCN(c2cccc(Cl)c2Cl)CC1)c1ccc(-c2ccccc2)cc1,7.198726177215576,8.894172668457031,8.046449422836304
COc1c(OCCF)cccc1C(=O)C1CCCN(Cc2cn(CCOCCOCCOCCOCCF)nn2)C1,5.598703861236572,5.310423851013184,5.454563856124878
CN(C)C1CCCC1N1CCC(c2cc(-c3ccccc3)nc3cc(-c4cccc(O)c4)nn23)CC1,6.12459135055542,7.179419040679932,6.652005195617676
CN1C[C@@H]2CC1CN2c1ccc(-c2cccs2)cn1,6.560060024261475,7.225620269775391,6.892840147018433
OCCN1CCN(c2cccc(Cl)c2)CC1,6.492226600646973,6.810309886932373,6.651268243789673
COc1cccc(C(=O)N2CCC(N3CCN(c4ccccc4OC)CC3)CC2)c1,5.167045593261719,5.623735904693604,5.395390748977661
O=C(NCCN1CCN(c2cccc(Cl)c2Cl)CC1)c1c[nH]c2ccccc12,7.2988505363464355,7.471158981323242,7.385004758834839
COc1ccc2c(c1)c(CCN1CCN(c3ccc(F)cc3)CC1)cn2C,6.271388530731201,5.886351585388184,6.078870058059692
CCCN(CCN1CCN(c2ccc3ccoc3c2)CC1)C1CCc2c(O)cccc2C1,7.618123054504394,8.728991508483887,8.17355728149414
COc1ccccc1N1CCN(CCCCN=C2C(=O)N(C)N=C(c3ccc(F)cc3)C2C(C)=O)CC1,6.113147735595703,6.633064270019531,6.373106002807617
COc1cccc2c1-c1ccc3c(c1C(c1cccc(OS(=O)(=O)C(F)(F)F)c1)O2)C(C)=CCN3,5.830733776092529,6.331671714782715,6.081202745437622
COc1ccccc1N1CCN(CCC2CCC(Nc3ncccn3)CC2)CC1,8.168217658996582,7.653456687927246,7.910837173461914
NC(N)=NN=Cc1c(-c2ccc(Cl)c(Cl)c2)nn(CCCN2CCC3(CC2)OCCO3)c1O,5.871107578277588,5.89405632019043,5.882581949234009
COc1ccc(N2CCN(CCCCCn3ncc(Cl)c(Nc4nc5ccccc5o4)c3=O)CC2)cc1,7.024740695953369,6.764898300170898,6.894819498062134
COc1ccc(OC)c(N2CCN(CCCCn3ncc(=O)n(C)c3=O)CC2)c1,6.927906513214111,7.451425075531006,7.189665794372559
COc1ccccc1N1CCN(CCCCNC(=O)c2ccc(-c3ccccc3)s2)CC1,7.362585067749023,8.839067459106445,8.100826263427734
Cc1nnc(CN2CCN(Cc3ccccc3)CC2)n1C,5.296819686889648,5.124964714050293,5.210892200469971
CC1C(c2ccc(Cl)cc2)C1C(=O)Nc1ccc(CCc2cnc[nH]2)cc1,5.828143119812012,6.466680526733398,6.147411823272705
O=C(NCc1ccc(Cl)cc1)Nc1cccc2[nH]ncc12,6.860776424407959,5.064258098602295,5.962517261505127
COc1ccccc1N1CCN(CCCCNC(=O)C=Cc2ccc(F)cc2F)CC1,7.7443108558654785,8.793278694152832,8.268794775009155
COc1cccc(C(C)NC(=O)c2cc3ccc(-c4cncc(C(F)(F)F)c4)cc3[nH]2)c1,5.963036060333252,6.310802936553955,6.1369194984436035
O=C1Cc2cc(OCCCCN3CCN(c4cccc(Cl)c4Cl)CC3)ccc2N1,8.58447265625,8.328800201416016,8.456636428833008
O=C(c1ccc(F)cc1)C1CCN(CCn2c(=O)[nH]c3ccccc3c2=O)CC1,7.232570648193359,7.274512767791748,7.253541707992554
O=C(c1ccc(OCCCN2CCC3(CC2)CC(=O)N(Cc2ccccc2Cl)C3)cc1)C1CCCCCC1,6.187135219573975,6.615999221801758,6.401567220687866
COc1ccc2c(c1)OC(=O)C1CCCN21,5.0416646003723145,5.181013107299805,5.11133885383606
CC1CN(Cc2ccc(-c3cccc(Cl)c3N)cc2)CCN1,6.109480381011963,5.846184730529785,5.977832555770874
Cc1ccc2c(C(=O)NC3CCN(C(=O)C4CCCCC4)CC3)c[nH]c2c1,6.331957340240479,6.614331245422363,6.473144292831421
CC1CN(C2CCN(S(=O)(=O)c3ccc(Br)cc3F)CC2)CCN1C(C)c1ccc2c(c1)OCO2,5.75199031829834,6.258565425872803,6.005277872085571
CCOc1ccccc1N1CCN(Cc2ccc(CN3CCCC3=O)n2C)CC1,7.421009540557861,6.62175178527832,7.021380662918091
CCN(CC)CCCC(=O)Nc1cc(Cl)ccc1N1CCOCC1,6.166876316070557,6.47654390335083,6.321710109710693
COc1ccccc1NC(=O)CSc1nc2c(c(=O)[nH]c(=O)n2C)n1Cc1cccc(C)c1,6.847586154937744,6.362092971801758,6.604839563369751
Oc1nc(CCC2CCC(CCNCc3ccccc3)CC2)nc2ccccc12,6.2591753005981445,7.583530902862549,6.921353101730347
CS(=O)(=O)Nc1cc(C(O)CNCCCCCCCCN2CCC(OC(=O)Nc3ccccc3-c3ccc(O)c(F)c3)CC2)ccc1O,5.989807605743408,6.543750762939453,6.266779184341431
CC(C)CN1CCCC2c3cc(O)ccc3C(c3ccccc3F)CC21,6.677140712738037,6.918877601623535,6.798009157180786
O=C(NCC=CCN1CCN(c2cccc(Cl)c2Cl)CC1)c1cc2cccnc2s1,7.315958023071289,8.85494327545166,8.085450649261475
O=C1CCc2ccc(OCCCCN3CCN(c4cccc(Cl)c4Cl)CC3)nc2N1,8.820858001708984,7.946710586547852,8.383784294128418
N#Cc1ccc(N2CCN(CCC3CC(c4ccccc4)c4ccccc4N3)CC2)cc1,5.836017608642578,6.064908981323242,5.95046329498291
CN1CCc2cc(Br)c(O)cc2C(c2ccc(N(C)C)cc2)C1,6.233147144317627,6.110928535461426,6.172037839889526
COc1cccc(C)c1C(=O)NCCCN1CCC2(CC1)OC(=O)c1cc2ccccc2[nH]1,,,
COc1ccccc1N1CCN(CCCCNC(=O)c2ccccc2Cc2ccccc2)CC1,7.137897968292236,7.755961418151855,7.446929693222046
COc1cccc(C(=O)NC2CCC(Nc3ncc(C)c(N4CCCC4)n3)CC2)c1,7.648260116577148,6.96999454498291,7.309127330780029
CCCN(CCC1CCC(NC(=O)c2ccccc2)CC1)C1CCc2nc(N)sc2C1,7.409421920776367,8.624573707580566,8.016997814178467
O=C(NC1CCC(CCN2CCN(c3cccc(Cl)c3Cl)CC2)CC1)c1cccs1,8.053605079650879,8.922016143798828,8.487810611724854
CCCCn1c(=O)[nH]c(=O)c2c1nc(CN1CCN(CCOC)CC1)n2CCC,5.908638000488281,6.466893196105957,6.187765598297119
O=C1NCCN1CCN1CCC(c2cn(-c3ccc(F)cc3)c3ccc(-c4ncccn4)cc23)CC1,6.641110420227051,6.02629280090332,6.3337016105651855
CCOc1ccc2c(c1)C(N1CCN(CC(O)CNC(=O)c3ccccc3F)CC1)CCC2,5.709131717681885,6.560291290283203,6.134711503982544
Cc1ccccc1S(=O)(=O)CC1CCC(CN2CCC(c3ccccc3OC(C)C)CC2)CC1,6.861776828765869,7.322275638580322,7.092026233673096
CN1CCN(C2Cc3ccccc3Sc3ccc(-c4ccn(C)cc4)cc32)CC1,,,
CCOC(=O)C1=C(C)N=C(C)C(C(=O)OC)C1c1ccccc1Cl,4.784008026123047,4.547563552856445,4.665785789489746
COc1ccc(OC)c(C(C)N(C)CCc2ccc(NC(=O)c3cccc(C#N)c3)cc2)c1,6.313593864440918,5.950982093811035,6.132287979125977
COc1ccccc1N1CCN(CCCCNC(=O)C=Cc2ccc(F)cc2)CC1,7.684574604034424,8.851425170898438,8.26799988746643
COc1ccc(NC(=O)N2CCC(c3nc4c(C(N)=O)cccc4[nH]3)CC2)cc1,6.898592948913574,4.839908123016357,5.869250535964966
O=S(=O)(NCCCN1CCC(c2noc3cc(F)ccc23)CC1)c1ccc(Cl)c(Cl)c1,7.838024616241455,7.565720558166504,7.7018725872039795
Oc1cc2c(cc1O)CCN(Cc1ccc(Cl)cc1)CC2,7.357576370239258,7.028498649597168,7.193037509918213
CCCN(CCN1CCN(c2ccccn2)CC1)C1CCc2c(O)cccc2C1,7.238893032073975,8.168451309204102,7.703672170639038
CN1CCN(C2CC(c3ccc(F)cc3)c3ccccc32)CC1(C)C,7.357419967651367,6.840575218200684,7.098997592926025
O=C1NCCN1CCN1CCC(c2cn(-c3ccccc3)c3ccc(Cl)cc23)CC1,7.331110954284668,6.4216718673706055,6.876391410827637
Cc1cc(-c2ccc3c(c2)CCN(CCCSc2nnc(-c4cccc(O)c4)n2C)CC3)no1,6.490971565246582,8.907266616821289,7.6991190910339355
CCCN(CCCNC(=O)C1C2CC3CC(C2)CC1C3)C1CCc2c(F)cccc2C1,7.354120254516602,7.854539394378662,7.604329824447632
COc1ccc2[nH]c(C(=O)NCC3CCC(CN4CCc5cc(F)c(OC)cc5C4)CC3)cc2c1,5.7049880027771,7.168042182922363,6.4365150928497314
COc1cc(NC(=S)NC(C)(C)C)c(OC)cc1NC(=O)CN1CCN(c2cccc(C(F)(F)F)c2)CC1,6.531952857971191,6.233565807342529,6.38275933265686
NC(=O)c1ccc2[nH]cc(C3=CCC(N[SH](=O)(O)c4ccccc4)CC3)c2c1,7.1705522537231445,8.152631759643555,7.66159200668335
CCN(CC)Cc1ccc(C2CC3CCC(C2)N3CC(=O)Nc2cccc(Cl)c2)cc1,5.831834316253662,7.057704448699951,6.444769382476807
O=C(NC1CCCC1)c1ccc(C=Cc2ccc3ccccc3n2)cc1,5.563249588012695,7.021470546722412,6.292360067367554
COc1ccc(C2CC3CCC(N3)C2C(=O)OC)cc1,5.7982587814331055,5.479990482330322,5.639124631881714
OC1(c2ccc(Cl)cc2)CC2CCC(C1)N2Cc1coc2ccccc12,7.902397632598877,8.243313789367676,8.072855710983276
NCC1CCC(CNc2nc(NCc3ccccc3Cl)ncc2[N+](=O)[O-])CC1,6.645355224609375,6.950852394104004,6.7981038093566895
CCc1nc2ccccc2n1C1CC2CCC(C1)N2Cc1ccccc1,6.889884948730469,7.331546306610107,7.110715627670288
CNC(=O)c1ccc(F)c(F)c1Nc1ccc2[nH]cnc2c1,7.868306636810303,5.13372278213501,6.501014709472656
Cc1ncoc1-c1nnc(SCCCN2CC3CC3(c3ccc(Cl)c(Cl)c3)C2)n1C,7.137614727020264,8.815155029296875,7.976384878158569
CCCC1(C)Cc2ccccc2N(C(=O)Nc2ccc(CN3CCN(c4ccccc4OC)CC3)cc2)C1=O,7.241258144378662,6.264438152313232,6.752848148345947
O=C1COc2cc(Nc3ccc(F)cc3)ccc2N1,8.354660034179688,5.234123229980469,6.794391632080078
COc1ccccc1N1CCN(Cc2cn(-c3ccccc3)nn2)CC1,6.974779605865479,6.259124279022217,6.616951942443848
O=C(NCCC1CCCC1)N1CCC(N2CCN(c3ccccc3Cl)CC2)CC1,6.583606719970703,6.916887283325195,6.750247001647949
O=C(Nc1ncnc2ccc(-c3ccc4c(c3)OCO4)cc12)C1CCCN1,6.136584281921387,4.8716888427734375,5.504136562347412
O=C1CCCN1Cc1ccc2c(c1)nc(O)c1cccn12,7.2486572265625,5.041553974151611,6.145105600357056
CN1CCc2cccc3c2C1Cc1ccc(O)c(O)c1-3,7.594958782196045,7.866140842437744,7.7305498123168945
O=C1CC2(CCCCC2)CC(=O)N1CCN1CCN(c2cc(F)ccc2F)CC1,7.082554817199707,7.835118293762207,7.458836555480957
Oc1n[nH]c2ccc(-c3ccc(F)cc3)cc12,8.271951675415039,6.593846321105957,7.432898998260498
CCCN1CC(CSC)OC(=O)C1,5.221918106079102,4.490286350250244,4.856102228164673
Oc1[nH]cc2ccc(OCCCN3CCN(c4cccc5c4COCC5)CC3)cc12,7.823233127593994,7.4691290855407715,7.646181106567383
N#Cc1cccc2nc(N)n(-c3nc4c(s3)CCCC4)c12,6.760650157928467,4.702519416809082,5.731584787368774
Oc1[nH]cc2ccc(OCCCN3CCN(c4cccc5c4CCS5)CC3)cc12,8.589967727661133,8.22431755065918,8.407142639160156
CCCCN(CCO)C1CCc2ccc3[nH]c(I)cc3c2C1,7.054968357086182,7.230722427368164,7.142845392227173
O=C1NC2(CC2)C(=O)N1CCCCN1CCN(c2cccc(Cl)c2Cl)CC1,8.41862678527832,9.210583686828612,8.814605236053467
O=C(NCCCCN1CCN(c2nsc3ccccc23)CC1)c1cccc2ncccc12,7.265437126159668,8.264191627502441,7.764814376831055
COc1ccc2ccn(CCCCN3CCN(c4ccccc4OC)CC3)c(=O)c2c1,7.595696449279785,7.724539756774902,7.660118103027344
Cc1ccc2c(N3CCN(CCCc4cn(C)c5ccccc45)CC3)cccc2n1,6.946525573730469,6.53942346572876,6.742974519729614
CCc1nc2ccc(NC(=O)c3cc(F)ccn3)cc2n1Cc1ccc(-c2cccc(C(=O)NCCCC4CCN(C)CC4)c2)cc1,5.846188068389893,6.42396354675293,6.135075807571411
CC1CN(Cc2ccccc2Sc2ccc(Cl)cc2)C(=O)O1,6.768247604370117,4.813257217407227,5.790752410888672
NC(=O)c1cccc(CC2CCN(CCCC(=O)c3ccccc3)CC2)c1,7.44541072845459,7.571197509765625,7.508304119110107
COc1ccccc1N1CCN(Cc2ccc3ccccc3c2)CC1,7.909242153167725,7.220834255218506,7.565038204193115
CN1CCc2cc(Cl)c(O)cc2C2c3cccc(-c4cc(F)ccc4F)c3CCC21,6.982206344604492,6.830943584442139,6.906574964523315
Cc1cccc(N2CCN(CCCNC(=O)c3ccc4c(c3)NC(=O)CO4)CC2)c1C,6.4722185134887695,6.850010395050049,6.661114454269409
NC(=O)c1ccc(N2CCN(CCC3CCC(Nc4ncccn4)CC3)CC2)cc1,7.0153584480285645,7.074711799621582,7.045035123825073
Clc1ccc(-n2cnc3c(N4CCNCC4)nc(-c4ccccc4)nc32)cc1,5.269670009613037,5.40294885635376,5.336309432983398
O=C(CCCN1CCN(c2cccc3c2OCCO3)CC1)c1ccc(F)cc1,8.595954895019531,7.924570560455322,8.260262727737427
Oc1cnc2ccc(-c3ccc(F)cc3)cc2c1,7.6813578605651855,6.666216850280762,7.173787355422974
COc1ccccc1N1CCN(CCCCn2ncc(=O)n(CCC3CCCCC3)c2=O)CC1,7.599422454833984,7.805258750915527,7.702340602874756
COc1ccccc1N1CCN(CCCNC(=O)c2cc3ccccn3n2)CC1,6.495264053344727,6.985651016235352,6.740457534790039
CN1CCc2cccc3c2C1Cc1ccc(O)c(O)c1-3,7.594958782196045,7.866140842437744,7.7305498123168945
COc1cccc(-n2cc(CN3CCN(c4cccc5ccccc45)CC3)cc2O)c1,7.944911479949951,6.9388108253479,7.441861152648926
CCOC(=O)C1C(c2ccccc2)CC2CCC1N2CC(Oc1cccc(Cl)c1Cl)c1ccc(N=S(C)(=O)O)c1,,,
O=C(NC1CCC(CCN2CCN(c3ccc(Cl)c(Cl)c3)CC2)CC1)C1CCCCC1,7.404744148254394,8.863805770874023,8.134274959564209
COc1ccccc1N1CCN(CCCCc2ccc(I)cc2)CC1,8.296860694885254,7.645869255065918,7.971364974975586
COc1ccccc1N1CCN(CCn2c(C)nc3c(sc4ccc(NC(=O)CCC(=O)N(C)CCOc5ccccc5)cc43)c2=O)CC1,7.300929069519043,6.172551155090332,6.7367401123046875
COc1cc2cc(C(=O)CCCN3CCC(c4noc5cc(F)ccc45)CC3)ccc2cc1OC,7.034207820892334,6.890607833862305,6.962407827377319
O=c1cc2n(-c3ccc(Cl)cc3Cl)cc(C3CC3)nc2nc1SCC1CCCO1,6.117548942565918,6.86798906326294,6.492769002914429
CN1CCC2(CC1)Oc1ccc(OCC3COC(=O)N3C)cc1O2,5.68286657333374,5.721602916717529,5.702234745025635
Cc1[nH]nc(O)c1CCCN1CCN(c2cccc3c2OCCO3)CC1,7.6749372482299805,6.950444221496582,7.312690734863281
Cc1[nH]c2ccccc2c1CC(=O)N1CCC(CCN2CCC3(CC2)OCCO3)CC1,5.711369037628174,6.126345157623291,5.918857097625732
O=C(NCCCCCN1CCN(c2cccc(Cl)c2Cl)CC1)c1cccc2c1C(=O)c1ccc(O)cc1C2=O,7.336117267608643,8.230063438415527,7.783090353012085
OCCN1CCN(CCCN2c3ccccc3Sc3ccc(C(F)(F)F)cc32)CC1,6.477129936218262,6.448475360870361,6.4628026485443115
N#Cc1ccccc1C1CCN(CC(O)CNC(=O)c2cc3ccccc3n2Cc2cccc(F)c2)CC1,6.151068687438965,6.018094539642334,6.084581613540649
CCCN(CCC)C1CCc2c(O)cccc2C1,8.197704315185547,8.453164100646973,8.32543420791626
O=S(=O)(NCCCCN1CCC(c2noc3cc(F)ccc23)CC1)c1cccc2scnc12,8.047285079956055,7.804928779602051,7.926106929779053
CCN1CCN(CCCCN2c3ccccc3Sc3ccc(C(F)(F)F)cc32)CC1,7.055807590484619,7.221614837646484,7.138711214065552
COc1ccccc1N1CCN(CCNC(=O)c2cnc3ccccc3n2)CC1,6.478165626525879,6.9244232177734375,6.701294422149658
CNCC1CCC(c2c[nH]c3cc(C#N)ccc23)CC1,6.437449932098389,6.678003311157227,6.557726621627808
CCOc1ccc(N2CCN(CCCCNC(=O)c3ccc4c(c3)N(CCOC)C(=O)c3ccc(OC)cc3)CC2)cc1,,,
Cc1ccc2c(N3CCN(CCc4cccc(NC(=O)c5cccnc5)c4)CC3)cccc2n1,6.457129001617432,6.683266639709473,6.570197820663452
COc1ccccc1N1CCN(CC=CCCn2ccnc2)CC1,6.178956508636475,6.5540289878845215,6.366492748260498
CCN(CC)C(=O)NC1Cc2c(cc3c[nH]c4c3c2C=CC4)N(C)C1,8.286233901977539,9.047680854797363,8.666957378387451
O=C(NC1CCC(CCN2CCN(c3cccc(Cl)c3Cl)CC2)CC1)c1ccc2c(c1)OCO2,7.795470714569092,8.905256271362305,8.350363492965698
CN1CC(C(=O)NC2(C)OC3(O)C4CCCN4C(=O)C(Cc4ccccc4)N3C2=O)Cc2c1cc1c[nH]c3c1c2C=CC3,8.42729377746582,8.794590950012207,8.610942363739014
COc1cccc(-c2ccc(C3CN(C)CCO3)[nH]2)c1,5.90421724319458,5.569192886352539,5.73670506477356
O=C(NCCCN1CCC(CCc2ccccc2)CC1)c1cccs1,6.038617134094238,6.314829349517822,6.17672324180603
CCCN(CCCN1CCN(c2ccc(-c3ccccc3)cn2)CC1)C1CCc2c(O)cccc2C1,7.115207672119141,8.02766227722168,7.57143497467041
Cn1c(=O)c2cc(C(=O)NC3CCC(CCN4CCC(n5cc(Cl)cn5)CC4)CC3)[nH]c2n(C)c1=O,6.379960536956787,7.76351261138916,7.071736574172974
N#Cc1ccc(OC2CCN(CC3CC3)C2=O)cc1Cl,6.494339466094971,7.068038940429688,6.781189203262329
Cc1ncoc1-c1nnc(SCCCN2CC3CC3(c3ccc(F)c(Cl)c3)C2)n1C,7.000241756439209,8.849662780761719,7.924952268600464
CCCN1CCCC1CNC(=O)c1c(N)nc(-c2ccccc2)c2c1CCCC2,7.064885139465332,7.58707332611084,7.325979232788086
COc1ccccc1N1CCN(CCn2c(C)nc3c(sc4ccc(C(=O)NCCCCCCc5ccccc5)cc43)c2=O)CC1,7.129966735839844,7.401852607727051,7.265909671783447
COc1ccc(-c2ccc(Cl)cc2)cc1CN1CCN(c2ccccc2OC)CC1,7.191963195800781,6.511269569396973,6.851616382598877
CN(C)C(=O)c1cccc(CN2CCN(CC(=O)Nc3ccccc3)CC2)c1,5.39511251449585,5.172851085662842,5.283981800079346
CCCN1C2CCC1CC(NC(=O)c1ccc3ccccc3n1)C2,6.010917663574219,8.246071815490723,7.128494739532471
CC(C)(C)c1cc(C(=O)N2CCC(CCN3CCCC3=O)(c3ccc(Cl)cc3)CC2)cc(C(C)(C)C)c1O,6.366819381713867,7.34419584274292,6.8555076122283936
Oc1ccc2c(c1)OC(CNCc1cccc(Br)c1)CC2,9.082478523254396,8.142151832580566,8.61231517791748
COc1ccccc1N1CCN(CCCCCNC(=O)C=Cc2cccc3nc(-c4ccccc4)[nH]c23)CC1,7.711536884307861,7.920350074768066,7.815943479537964
COc1ccccc1N1CCN(CCCCn2c(O)nc3cc(Cl)c(N)cc32)CC1,8.113118171691895,8.097800254821777,8.105459213256836
CC1=C(C(=O)NCCCN2CCC(c3ccc(F)cc3)CC2)C(c2ccc(F)c(F)c2)CC(=O)N1C,6.309169292449951,6.604016304016113,6.456592798233032
N#Cc1ccc2[nH]cc(CCCCN3CCN(c4ccnn4-c4ccc5c(c4)OCCO5)CC3)c2c1,7.859256267547607,7.426095485687256,7.642675876617432
O=C(NCC=CCN1CCN(c2cccc(Cl)c2Cl)CC1)c1c[nH]c2ccccc12,7.53181266784668,8.768087387084961,8.14995002746582
COc1cccc(C(=O)NC2CCC(Nc3ncc(-c4ccccc4)cn3)CC2)c1,6.679555416107178,6.788683891296387,6.734119653701782
O=C(NCc1ccccc1)OC1CCC(N2CCC(c3ccc(F)cc3)CC2)CC1,6.218344211578369,6.121954917907715,6.170149564743042
COc1cccc(CSc2nnc(-c3ccc4c(c3)CCO4)o2)c1S(=O)(=O)N1CCC(C)CC1,6.131582260131836,6.551672458648682,6.341627359390259
CS(=O)(=O)N1CCc2c(c(-c3ccc(C(F)(F)F)cc3)nn2CC(O)CN2CCN(c3ccc(C(F)(F)F)cc3)CC2)C1,5.664695262908936,6.597346305847168,6.131020784378052
CC(C)(C)c1ccc(C(O)CCCN2CCC(C(O)(c3ccccc3)c3ccccc3)CC2)cc1,6.635008811950684,6.488577842712402,6.561793327331543
O=C(NC1CCC(CCN2CCN(c3cccc(Cl)c3Cl)CC2)CC1)c1ccc2ccccc2c1,7.402788162231445,8.681488990783691,8.042138576507568
COc1ccccc1N1CCN(CCCCc2ccc3c(c2)sc(=O)n3CCCCN2CCC(Cc3ccc(F)cc3)CC2)CC1,7.44301176071167,7.84057092666626,7.641791343688965
CCC(N)(C#Cc1cnc(N)c2c(-c3ccc(NC(=O)Nc4cccc(C)c4)cc3)csc12)CC,5.842663764953613,4.888066291809082,5.365365028381348
CCCN(CCC)C1CCc2cc(O)ccc2C1,7.519340515136719,8.13593578338623,7.827638149261475
OC1(c2cccnc2)CCN(CCCN2CCc3c(sc4c3CCCC4)CC2)CC1,6.934711933135986,6.866665363311768,6.900688648223877
O=C(NC1CCC(CCN2CCN(c3cccc(Cl)c3Cl)CC2)CC1)c1ccc2c(c1)OCO2,7.795470714569092,8.905256271362305,8.350363492965698
Oc1ccc(CN2CCC(Cc3ccc(OCCN4CCCCC4)cc3)CC2)cc1,6.14569902420044,6.773510456085205,6.459604740142822
COc1cc(F)cc(CCCNCCOc2ccc(-c3ocnc3C)cc2)c1,5.955630302429199,6.391184329986572,6.173407316207886
CCN(CC)c1nc(NCC)nc(N(CC)CC)n1,9.103018760681152,6.223067283630371,7.663043022155762
COc1ccc(-c2csc(NC(=O)CCCCN3CCN(c4cccc5ccccc45)CC3)n2)cc1OC,6.82122802734375,7.012373447418213,6.9168007373809814
O=C(NC1CCc2cc(CCN3CCN(c4nsc5ccccc45)CC3)ccc21)c1cccs1,7.158439159393311,6.659482955932617,6.908961057662964
COc1ccc(C(=O)NCC2CCC(C(=O)NCCCOc3ccccc3)CC2)cc1,6.551370620727539,7.195605278015137,6.873487949371338
COc1cccc(CC(NC(=O)NC2CCC3(CC2)OCCO3)C(=O)NCCN2CCN(c3ccccc3OC)CC2)c1,6.805857181549072,6.3983154296875,6.602086305618286
Oc1ccc(C2CNCCc3c2ccc(O)c3Cl)c(O)c1,6.005548000335693,6.035467624664307,6.0205078125
CCc1cc(N2CCN(CC(O)COc3cccc(C(F)(F)F)c3)CC2)n[nH]1,6.2861008644104,7.157019138336182,6.721560001373291
CN1CCN(C2Cc3ccccc3Sc3ccc(-c4scnc4C)cc32)CC1,8.322044372558594,7.512770652770996,7.917407512664795
CCN1CCOc2cc(-c3ccc(C(=O)Nc4ccsc4)cc3)ccc21,6.258330345153809,6.810609340667725,6.534469842910767
O=C(NCCCCN1CCN(c2nsc3ccccc23)CC1)c1cc2ccccc2[nH]1,7.502806663513184,8.942609786987305,8.222708225250244
O=Cc1cc(C2CCCCC2)nc2ccc(Br)cn12,,,
CCCN(CCc1cccs1)C1CCc2c(O)cccc2C1,8.405183792114258,8.605388641357422,8.50528621673584
CCCN(CCN1CCN(c2ccnc3ccc(Cl)cc23)CC1)C1CCc2c(O)cccc2C1,7.809121608734131,8.819608688354492,8.314365148544312
CCCN1CCc2ccc(Nc3ncc(Cl)c(NC4CCCCC4N(C)C)n3)cc21,7.391645431518555,7.450099468231201,7.420872449874878
CC1CCCN1CCNC(=O)c1cccc(C(F)(F)F)c1OCCNC(=O)C1CCCC1,7.457660675048828,8.729610443115234,8.093635559082031
CCCN1CCCC2Cc3[nH]ncc3CC21,7.043054103851318,7.927458763122559,7.4852564334869385
Cc1cc2c(s1)Cc1ccccc1N(C)C(=O)c1cccnc1N2,6.692781448364258,5.202687740325928,5.947734594345093
Fc1ccccc1N1CCN(CCCCOc2ccc3ncccc3c2)CC1,7.724701881408691,8.142667770385742,7.933684825897217
O=C(NCCCCCN1CCN(c2cccc(Cl)c2Cl)CC1)c1cc2c([nH]1)CCN(Cc1ccccc1)C2,6.995728015899658,7.5472235679626465,7.271475791931152
COc1ccc2c(-c3cnn(CC4CCCN(CC5CC5)C4)c3)c[nH]c2c1,5.441210746765137,6.341574192047119,5.891392469406128
COc1ccc2[nH]cc(CCN)c2c1,5.983126163482666,5.595016956329346,5.789071559906006
Cc1ccc(-c2c[n+](CCCCCCCC[n+]3ccc(C)cc3)c3ccccc3[n+]2CCCCC3)cc1,,,
COc1cc(NC(=O)C2CCCCN2S(=O)(=O)c2ccccc2C)cc(OC)c1OC,7.103071212768555,5.499381065368652,6.3012261390686035
N#Cc1ccccc1N1CCN(CCCNC(=O)C23CCC(CC2)C3)CC1,6.781642913818359,6.8259053230285645,6.803774118423462
CCCN(CCC)C1CCc2ccc3[nH]c(=N)oc3c2C1,7.384575843811035,7.153682708740234,7.269129276275635
O=C(NCC1CCC(c2c[nH]c3ccc(F)cc23)CC1)c1ccc(-n2ccnn2)cc1,6.558758735656738,6.43257474899292,6.495666742324829
Fc1ccc(-c2ccncc2)cc1NC1CCNCC1,6.032479763031006,5.52484130859375,5.778660535812378
CC(C)(C)c1nc(N2CCN(CCCCNC(=O)c3ccc(Cl)cc3)CC2)cc(C(F)(F)F)n1,6.722297668457031,8.299406051635742,7.510851860046387
O=C1NCCN1CCN1CCC(c2cn(-c3ccc(F)cc3)c3ccc(Cl)cc23)CC1,7.742376327514648,6.38731050491333,7.064843416213989
CCCCCCCN(CC)CCN1C=CCC(=CC=Cc2cc(Cl)ccc2OC)C1=O,6.221928119659424,6.302408695220947,6.2621684074401855
CN(C)c1ccc(CCNCc2c[nH]c3ccc(Br)cc23)cc1,7.090118885040283,6.801870346069336,6.94599461555481
COc1cccc2c1CCC1CN(CCn3c(=O)[nH]c4c(sc5cccc(C#N)c54)c3=O)CC21,7.280181407928467,7.274009704589844,7.277095556259155
O=C1NC(=O)C2=C1c1cn(c3ccccc13)CCCCCCCCCNCCOc1ccccc1C1CCCN1,,,
N#Cc1cnc2cnc(NCCc3ccc(-c4cccc(F)c4)cc3)nc2c1N,6.403472423553467,5.926485538482666,6.164978981018066
CCN1C(=O)C(C)(C)c2cc3[nH]c4c(c3cc21)CCCc1c-4n[nH]c1C,5.97615909576416,6.0596699714660645,6.017914533615112
CN1CCc2c(sc3ncn(CCN4CCN(c5ccccc5OCc5cc(F)c(F)cc5)CC4)c(=O)c23)C1,7.172723293304443,6.833576202392578,7.003149747848511
CCN1CCCC1CNC(=O)c1cc(COc2cccc(F)c2)on1,5.199846267700195,7.674444198608398,6.437145233154297
CCc1ccccc1N1CCN(CCCc2c[nH]c3ccc(OC)cc23)CC1,7.378772735595703,7.057739734649658,7.218256235122681
CN1CCN(C2Cc3ccccc3Sc3ccc(-c4cccnc4)cc32)CC1,8.42949390411377,7.775369644165039,8.102431774139404
Oc1[nH]cc2ccc(OCCCN3CCN(c4cccc5cccc(F)c45)CC3)cc12,8.2858247756958,7.846155166625977,8.065989971160889
CN(C)CCN(C)C1CCCN(CC2CCC(C(=O)c3ccc(F)cc3)CC2)C1,4.956484794616699,7.30195426940918,6.1292195320129395
CN1CCc2cc(Cl)c(O)cc2C(c2cccc(N=S(C)(=O)O)c2)C1,5.940497875213623,6.412515640258789,6.176506757736206
Cc1ccc(F)cc1-n1nc(CC2CCN(C3CCN(C(C)=O)CC3)CC2)c2ccccc21,5.816671371459961,6.216223239898682,6.016447305679321
NC(=O)c1ccc(NC2CCC(CCC(F)(F)F)CC2)nc1,7.739375114440918,7.6622490882873535,7.700812101364136
COc1ccc(C2CN(CCCCc3c[nH]c4ccc(OC)cc34)CC2Cc2ccccc2)cc1,6.659327507019043,7.534099102020264,7.096713304519653
O=C1COc2cc(CCN3CCN(c4cccc5cccc(C(F)(F)F)c45)CC3)ccc2N1,7.774617195129394,6.71673059463501,7.245673894882202
Oc1ccc2c(C(O)CNCCc3ccccc3)ccc(Cl)c2[nH]1,,,
CCN1CCN(c2oc(COCCOC)nc2C#N)CC1,5.27061939239502,4.990423679351807,5.130521535873413
CCCN1CCN(c2ccc(C(F)(F)F)c(C(F)(F)F)c2)CC1,5.991582870483398,6.238229274749756,6.114906072616577
COc1ccccc1N1CCN(CCN(C(=O)C23C4C5C2C2C3C4C52I)c2ccccn2)CC1,7.1265411376953125,5.760276317596436,6.443408727645874
COc1ccccc1N1CCN(CCn2cnc3sc4c(c3c2=O)CCN(C)C4)CC1,7.512731552124023,7.212464332580566,7.362597942352295
COc1cccc(CCN2CCN(c3ccccn3)CC2)c1,5.925238609313965,6.278298854827881,6.101768732070923
Oc1[nH]c2ccccc2c1C=NCCc1ccccc1,5.912302970886231,6.596076965332031,6.254189968109131
CN1CCc2c(sc3ncn(CCN4CCN(c5ccccc5OC(C)(C)C)CC4)c(=O)c23)C1,7.351147651672363,7.698824882507324,7.524986267089844
COc1cc(Br)c2oc(C(=O)Nc3ccc(-c4ccc(S(=O)(=O)NCCN(C)C)cc4)cc3)c(C)c2c1,5.778919696807861,6.349383354187012,6.0641515254974365
O=C1CCc2cc(C(O)COCCCCc3ccccc3)cc3c2N1CC3,7.006073951721191,6.258549213409424,6.632311582565308
Oc1cc2c(cc1O)C1c3ccc(OCCN4CCOCC4)cc3CNC1CC2,6.511509895324707,7.166994571685791,6.839252233505249
CN(C)CCc1c(O)ccc2c(-c3ccccc3)cccc12,6.676526069641113,6.518540382385254,6.597533226013184
O=C1CC(c2ccncc2)CC(C(=O)NCCCN2CCN(c3ccccc3Cl)CC2)O1,6.398252964019775,5.588800430297852,5.9935266971588135
Cn1[nH]ccc1C(=O)N1CCC2(CC1)CN(C(=O)Nc1ccccc1)C2,,,
CC(C)Oc1ccccc1N1CCN(Cc2ccc(CN3CCCCCC3=O)n2C)CC1,8.326491355895996,6.791318893432617,7.558905124664307
COc1ccc2c(c1)C(=NNC(=O)c1cc3ccccc3o1)C(=O)N2,5.688592910766602,4.5835676193237305,5.136080265045166
O=C(NCCCCN1CCN(c2cccc(Cl)c2Cl)CC1)c1cc2nc(I)ccc2[nH]1,7.5989813804626465,9.193781852722168,8.396381616592407
CCCN(CCC)C1COc2ccc(F)cc2C1,7.39586067199707,7.285103797912598,7.340482234954834
COc1ccccc1N1CCN(CCCCNC(=O)c2cnn3ccccc23)CC1,7.520810127258301,8.20390510559082,7.8623576164245605
CCN1CCc2ccc(OCCCCNC(=O)c3ccccc3I)cc2C1,6.952534198760986,7.408908843994141,7.1807215213775635
O=C1CC2(CCCC2)CC(=O)N1CCCCN1CCN(c2cccc(Cl)c2Cl)CC1,7.446815490722656,9.253177642822266,8.349996566772461
CN1CCCC1Cc1c[nH]c2ccc(C3=CCN(C(=S)Nc4ccccc4)CC3)cc12,6.561227321624756,7.386914730072021,6.974071025848389
COc1cccc(C(=O)CCN2CCN(c3cccc(Cl)c3Cl)CC2)c1,7.077693462371826,7.309093475341797,7.1933934688568115
CCOCCN1CCC(CNC(=O)c2cc3c(-c4ccccc4)[nH]nc3s2)CC1,5.989916324615479,7.7554450035095215,6.8726806640625
N#Cc1ccc2[nH]c(O)c(-c3ccc4c(n3)CCCC4O)c2c1,6.455084323883057,5.7366461753845215,6.095865249633789
COc1ccc(OC)c(NC(=O)NC2CCC(N3CCN(c4cc(Cl)cc(Cl)c4OCCF)CC3)CC2)c1,7.567081451416016,7.65614652633667,7.611613988876343
Oc1ccc2c(c1)OC(CNCc1ccccc1)CC2,8.810506820678711,8.251324653625488,8.5309157371521
CCCN1CCC(c2ccc(Nc3nc(Nc4cc(F)ccc4C(N)=O)c4cc[nH]c4n3)c(OC)c2)CC1,6.839527130126953,5.618805885314941,6.229166507720947
O=C(CCCN1C2CCC1CC(O)(c1ccc(Cl)cc1)C2)c1ccc(F)cc1,7.815347194671631,8.006396293640137,7.910871744155884
O=C1NCCN1CCN1CCC(c2cn(-c3ccc(F)cc3)c3ccc(Cl)cc23)CC1,7.742376327514648,6.387310028076172,7.06484317779541
O=C1N(CCN2CCOCC2)CCN1c1nc(Cl)cc(C(F)(F)F)n1,6.69367265701294,7.7100830078125,7.20187783241272
COc1ccccc1N1CCN(CCCCn2c(O)nc3ccccc32)CC1,7.876869201660156,7.942780494689941,7.909824848175049
Oc1nc2ccc(OCCN3CCN(c4ccccc4Cl)CC3)cc2s1,8.252908706665039,7.58385705947876,7.918382883071899
Cc1ccc(-c2nc(C3CCCC3)nn2-c2ccc3c(c2)OCO3)cn1,5.299998283386231,5.301666259765625,5.300832271575928
COc1ccccc1OCCNCCCOc1ccccc1OCc1ccccc1,5.815497398376465,7.414272308349609,6.614884853363037
CCCN(CCN1CCN(c2cccc(Cl)c2)CC1)C1CCc2nc(N)sc2C1,6.959209442138672,8.599725723266602,7.779467582702637
COc1ccccc1N1CCN(C2CCC(N3CCN(c4ncccn4)CC3)CC2)CC1,5.8062744140625,5.932213306427002,5.869243860244751
COc1cccc(CN2CCC(CCC(=O)c3ccc(F)cc3F)CC2)c1,6.155447483062744,6.486973762512207,6.321210622787476
Cc1ccnc(NC(O)C=Cc2ccccc2Cl)c1,6.803524017333984,5.869626522064209,6.336575269699097
Cc1ccc(-c2nccc(NCCCN3CC=S(O)(O)=CC3)n2)cc1,6.227043628692627,6.057334899902344,6.142189264297485
COc1cccc(C(C)NC(=O)c2cc(C)c(-c3ccc4[nH]cc(C)c4c3)s2)c1,5.737654209136963,5.524957656860352,5.631305932998657
OC1(c2ccc(Cl)cc2)CC2CCC(C1)N2Cc1coc2ccccc12,7.902397632598877,8.243313789367676,8.072855710983276
O=C(Nc1ccccc1-c1ccccc1)OC1CCN(CCCCCCCN2CCN(c3cccc(Cl)c3Cl)CC2)CC1,7.286905765533447,7.253130912780762,7.2700183391571045
COc1ccccc1N1CCN(CCCCc2cc(-c3ccccc3)[nH]n2)CC1,8.176543235778809,7.916920661926269,8.046731948852539
N#Cc1ccc2[nH]cc(CCCCN3CCN(c4cc(C(F)(F)F)ccn4)CC3)c2c1,7.774730682373047,7.361130714416504,7.567930698394775
C=CCOc1ccccc1N1CCN(CC2COc3ccccc3O2)CC1,8.50200080871582,7.780499458312988,8.141250133514404
O=S(=O)(NCCCCN1CCN(c2nsc3ccccc23)CC1)c1cc2ccccc2s1,8.028115272521973,8.62391185760498,8.326013565063477
N#Cc1ccc(-c2nc3cccnc3n2CCC2CCCN2CCN(c3cccc(Cl)c3C(F)(F)F)CC2)cc1,,,
N#Cc1ccccc1-c1ccc(CSc2nnc(-c3ccncc3)o2)cc1,4.948553085327148,6.327157974243164,5.637855529785156
COc1ccccc1N1CCN(Cc2ccc(O)c3ncccc23)CC1,7.705420017242432,6.627002239227295,7.166211128234863
CN1CCN(c2nc3ccccc3n3ccsc23)CC1,,,
CN1CCN(C2=Nc3cc(Cl)ccc3N(NC(=O)c3ccccc3Oc3ccccc3)c3ccccc32)CC1,6.283330917358398,5.931899547576904,6.107615232467651
CCC(=O)NCCCCCNC(=O)C1C2CCC(C2)C1C(=O)Nc1ccc(-c2ccccc2)cc1,6.710793495178223,6.846407890319824,6.778600692749023
CCCc1nc(N2CCN(C(=O)C3COc4ccccc4O3)CC2)c2cnn(-c3ccccc3)c2n1,5.68404483795166,5.93075704574585,5.807400941848755
CCN(CC)C(=O)NC1CC2=C(Cc3c[nH]c4cccc2c34)N(C)C1,8.485456466674805,8.415810585021973,8.450633525848389
O=C(NCCCCN1CCN(c2cccc(Cl)c2Cl)CC1)c1cc2cc(O)ccc2[nH]1,7.562704086303711,9.624122619628906,8.593413352966309
CCN(CCCOc1ccc2c(Nc3cc(CC(=O)Nc4cccc(F)c4)[nH]n3)ncnc2c1)CCOP(=O)(O)O,6.428972244262695,6.212875843048096,6.3209240436553955
N#Cc1cc(NCC2CCCO2)c2ncn(CCCCN3CCN(c4nsc5ccccc45)CC3)c2c1,7.807301044464111,7.910830497741699,7.859065771102905
O=C(CCCN1CCC2(CC1)C(=O)NCN2c1ccccc1)c1ccc(F)cc1,9.175222396850586,8.254637718200684,8.714930057525635
O=C1CC2(CCCC2)CC(=O)N1CCCCN1CCN(c2nsc3ccccc23)CC1,7.483761787414551,8.605361938476562,8.044561862945557
CSc1ccc2c(c1)N(CCC1CCCCN1C)c1ccccc1S2,6.5241241455078125,6.993890285491943,6.759007215499878
CCCN(CCC)C1Cc2cccc(O)c2C1,7.869523048400879,8.26850700378418,8.06901502609253
CC(C)(C)OC(=O)NC(Cc1c[nH]c2ccccc12)C(=O)NC1CCCN2CCCC(C(=O)O)(c3ccccc3)CC21,7.190757751464844,6.354148864746094,6.772453308105469
c1cncc(OCC2C3CCC(O3)C2C=NN2CCCNCC2)c1,5.793666362762451,5.1191020011901855,5.456384181976318
Cc1oc(C2CC2)nc1CN1C(=O)CN=C(C2CC2)c2ccccc21,5.8219170570373535,6.331398010253906,6.07665753364563
CCCN(CCc1ccccc1)C1CCc2c(O)cccc2C1,8.200567245483398,8.143576622009277,8.172071933746338
O=C(NCC=CCN1CCN(c2cccc(Cl)c2Cl)CC1)c1cc2ccccc2o1,7.112811088562012,8.728216171264648,7.92051362991333
CCNC(=O)NC1CCC(Nc2nc(Cl)cc(-c3c[nH]c4ncccc34)n2)CC1,7.679299831390381,7.403705596923828,7.5415027141571045
Cc1nc2ccccc2n1Cc1cc(N)nc2c(F)cccc12,6.052085876464844,5.100418567657471,5.576252222061157
CN1CCc2ccccc2Cc2c(cccc2C#N)C1,7.107329368591309,6.121684074401856,6.614506721496582
COc1cccc(C(=O)NCCCCCN2CCN(c3nsc4ccccc34)CC2)c1,7.398898124694824,7.749235153198242,7.574066638946533
Oc1oc2ccccc2c2c1CCCNC2c1ccccc1,,,
COc1cccc(NC(=O)CN2C(=O)CCc3cc(Cl)ccc32)c1,5.971854209899902,4.667064666748047,5.319459438323975
Oc1nc(C2CCCCC2)nc2c1oc1ccc(Br)cc12,6.697768211364746,5.983408451080322,6.340588331222534
Cc1ccc(O)cc1N1CCN(CCCCNC(=O)c2cnn(-c3ccccc3)c2N)CC1,7.1984968185424805,8.473465919494629,7.835981369018555
CN(C)C(=O)c1ccc(CCCCOCCCCCCNCC(O)c2ccc(O)c(CO)c2)cc1,5.016879081726074,5.376065731048584,5.196472406387329
[H]C([H])([H])CN1CCC(c2ccc(C(=O)NCc3ccccc3)cc2)CC1,6.154984474182129,5.65443229675293,5.904708385467529
COc1ccccc1N1CCN(CC2COC(CN3CCCCCC3=O)(c3ccc(F)c(OC)c3)O2)CC1,6.544634819030762,6.612741470336914,6.578688144683838
CC(C)C1C(=O)N2CCCC2C2(O)OC(NC(=O)C3Cc4c(cc5c[nH]c6c5c4C=CC6)N(C)C3)(C(C)C)C(=O)N12,8.831819534301758,9.644371032714844,9.2380952835083
COc1ccccc1N1CCN(CCCCCNC(=O)c2ccccn2)CC1,7.519214630126953,7.359328269958496,7.439271450042725
CN1CCC(C2=Cc3ccccc3Cc3ccccc32)CC1,6.874058723449707,6.37924861907959,6.626653671264648
O=C1N(CCN2CCCCCC2)CCN1c1cccc(Cl)c1,8.18490982055664,7.695871353149414,7.940390586853027
O=C1N=C(NCCN2CCC(c3c[nH]c4ccc(F)cc34)CC2)SC1=Cc1ccccc1I,7.457728385925293,6.289718627929688,6.87372350692749
CCC1CN2CCc3cc(OC)c(OC)cc3C2CC1CC1NCCc2cc(OC)c(OC)cc21,5.677109718322754,6.7533793449401855,6.21524453163147
CC(C)CN(Cc1cnc[nH]1)c1ccc(C(F)(F)F)cc1O,7.470695495605469,5.841904640197754,6.656300067901611
CCCCN1CCc2cc(O)cc3c2C1Cc1cccc(O)c1-3,7.858068466186523,8.383186340332031,8.120627403259277
Oc1[nH]cc2ccc(OCCCN3CCN(c4cccc5cccc(F)c45)CC3)c(Cl)c12,8.05458927154541,7.951212882995605,8.002901077270508
COc1ccccc1N1CCN(C2CCC(N3C(=O)CCc4ccccc43)CC2)CC1,6.731439590454102,7.042872428894043,6.887156009674072
CN1CCN(C2Cn3cccc3Sc3ccc(Cl)cc32)CC1,8.645715713500977,8.372458457946777,8.509087085723877
O=C1Nc2ccccc2C1CCN1CCC(c2nsc3ccccc23)CC1,7.379044532775879,6.62432861328125,7.0016865730285645
O=C(NCCCCN1CCN(c2cccc(Cl)c2Cl)CC1)c1cc2ccccc2[nH]1,7.3425798416137695,9.33303451538086,8.337807178497314
C=CCN1CCCC1CNC(=O)c1c(OC)c(OC)cc(Br)c1OC,7.46318769454956,8.46603775024414,7.964612722396851
CC1CCN(Cc2ccccc2)CC1N(C)c1ncnc2[nH]ccc12,6.501372337341309,6.609279155731201,6.555325746536255
C=CCN1CCC23c4c5ccc(O)c4OC2C(NC(=O)c2cccc([N+](=O)[O-])c2)CCC3(O)C1C5,8.349331855773926,7.831776618957519,8.090554237365723
COc1ccccc1N1CCN(Cc2ccc(CN3CCCC3=O)n2C)CC1,7.312767028808594,6.252074241638184,6.782420635223389
Cn1cccc1-c1cc(NC(=O)c2cccc(OCCCCN3CCCCC3)c2)n[nH]1,6.568828105926514,6.814528942108154,6.691678524017334
CCCN(CCN1CN(c2ccc(-c3ccccc3)cc2)CC1C)C1CCc2nc(N)sc2C1,6.618386745452881,8.616592407226562,7.617489576339722
[H]C([H])(CCCNC(=O)c1ccc2[nH]c3c(c2c1)CCNC3=O)C1CCCC1,7.467380523681641,8.41513442993164,7.941257476806641
c1ccc(-c2ncc(CN3CCC(c4ccccc4)CC3)[nH]2)cc1,6.670432567596436,6.510708808898926,6.590570688247681
COc1ccc(CN2CCN(CC(=O)Nc3ccccc3C)CC2)cc1,5.125705242156982,4.858307838439941,4.992006540298462
COc1ccc2c(c1)CCN(CCCCN1CCN(c3ccccc3OC)CC1)CC2=O,6.749436378479004,7.908233642578125,7.3288350105285645
COC(=O)C1C(C)=NC(=O)N(C(=O)Nc2cccc(Cl)c2)C1c1cccc(OC)c1,5.313426017761231,4.621258735656738,4.967342376708984
COc1ccccc1N1CCN(CCCCc2cc(-c3ccc([N+](=O)[O-])cc3)[nH]n2)CC1,8.24595832824707,8.149690628051758,8.197824478149414
ON=C(O)c1c2ccc(C3CCCC3)c-2[nH]c2ccccc12,6.490548133850098,4.706689834594727,5.598618984222412
N#Cc1ccc(SCCCN2CCN(c3cccc4c3OCCO4)CC2)cc1,7.718750953674316,8.435651779174805,8.07720136642456
COc1cc2c(cc1OC)C1=NOC(CN3CCN(CC(C)=Cc4cccc(OC)c4)CC3)C1CO2,5.907662391662598,5.93507194519043,5.921367168426514
COc1cccc(C(C)NCc2cccc(C#N)c2)c1,6.609162330627441,5.936368942260742,6.272765636444092
CN(C(=O)Cc1ccc(S(C)(=O)=O)cc1)C1CCN(CCC(c2ccc(F)cc2)c2ccc(F)cc2)CC1,6.095948696136475,6.327020168304443,6.211484432220459
C#Cc1cn(C2CCCC2)c2ncnc(N)c12,6.000793933868408,3.977994918823242,4.989394426345825
CC(C)Oc1ccccc1N1CCN(C2CCC(NS(=O)(=O)c3ccc(F)cc3F)CC2)CC1,7.462430953979492,8.372369766235352,7.917400360107422
CCN(CCCCCN1C(=O)CC2(CCCC2)CC1=O)CCCN1CCN(c2cccc(Cl)c2Cl)CC1,6.662050247192383,7.738133430480957,7.20009183883667
CCCN1CCCC2c3c(cccc3C(N)=O)CCC21,6.597556114196777,6.843430995941162,6.72049355506897
COc1cc2c(cc1OC)C1=NOC(CN3CCN(CC=Cc4ccccc4)CC3)C1CO2,6.24370813369751,6.457044124603272,6.350376129150391
Cc1[nH]c2ccccc2c1CN1CC=CC(Cc2ccccc2)C1,6.460090160369873,5.770600318908691,6.115345239639282
COc1ccc(N2CCN(CCC3CCC(Nc4nccc(-c5ccccn5)n4)CC3)CC2)cc1,6.776543617248535,7.226968288421631,7.001755952835083
OCC1(CCCc2ccccc2)CCN(CCCN2CCN(c3ccccc3OCC(F)(F)F)CC2)CC1,6.14267110824585,5.763683319091797,5.953177213668823
Cc1cccc(-c2c(C(=O)O)n(CCCOc3ccc4nc(C)cc(C)c4c3)c3ccccc23)c1,5.565013885498047,5.548299789428711,5.556656837463379
COC12CCC3(CC1C(C)(O)CCC1CCC1)C1Cc4ccc(O)c5c4C3(CCN1CC1CC1)C2O5,6.861231327056885,7.92583417892456,7.393532752990723
COc1ccccc1N1CCN(CCn2c(=O)[nH]c3scc(-c4ccccc4)c3c2=O)CC1,7.400603294372559,7.296258926391602,7.34843111038208
CN(C)Cc1ccccc1CSc1nnc(-c2ccncc2)n1CCCc1cnc[nH]1,5.635980606079102,6.579136371612549,6.107558488845825
OC(Cc1c[nH]c2ccccc12)CN1CCN(CCOc2cccc3[nH]ccc23)CC1,6.405309200286865,6.643919467926025,6.524614334106445
O=C(CCC1CCSC2=NC(=S)NC21)N1CCN(c2nc(-c3ccccc3)cs2)CC1,5.742549896240234,6.504069805145264,6.123309850692749
Cn1c(CCN2CCC(c3ccc(C(F)(F)F)cc3)CC2)nc2cc(F)ccc21,6.776657104492188,5.8080925941467285,6.292374849319458
O=C(NCCCN1CCC(c2noc3cc(F)ccc23)CC1)c1ccccc1,6.650426864624023,6.617324352264404,6.633875608444214
CCN(CC)C(=O)C1=CC2c3cccc4[nH]cc(c34)CC2N(C)C1,7.512637138366699,7.530941963195801,7.52178955078125
CC(=O)Nc1nccc(Nc2ccc(C(=O)NCCCCN3CCN(c4cccc(Cl)c4Cl)CC3)cc2)n1,7.182119846343994,7.342994689941406,7.2625572681427
COc1ccccc1N1CCN(CCCCNC(=O)c2ccc(I)cc2)CC1,7.739108562469482,8.816131591796875,8.277620077133179
O=C(CC1CC2c3cc(NC(=O)CCCN4CCN(c5ncccn5)CC4)ccc3CC2N1)NCCCc1ccccc1,6.8868255615234375,6.387296199798584,6.637060880661011
CSc1ccccc1N1CCN(CCCCNC(=O)c2ccc(COc3ccccc3NC(=O)c3ccccc3F)o2)CC1,6.711341381072998,7.425673484802246,7.068507432937622
O=C(CCCN1C2CCC1CC(O)(c1ccc(Cl)cc1)C2)c1cccc(F)c1,7.597332000732422,8.0975341796875,7.847433090209961
Cc1cccc(N2CCN(CCCCNC(=O)c3coc4ccc(O)cc34)CC2)c1C,7.455646514892578,8.329896926879883,7.8927717208862305
CC(C)Oc1ccccc1N1CCN(Cc2ccc(CN3CCCCCC3=O)n2C)CC1,8.326491355895996,6.791318893432617,7.558905124664307
O=C1N(CCN2CCC(C(F)(F)F)CC2)CCN1c1cc2c(cc1Cl)NC(=O)CO2,6.945676803588867,8.289138793945312,7.61740779876709
COc1ccccc1N1CCN(CCCCN2C(=O)CC(c3ccc(Cl)cc3)CC2=O)CC1,6.914128303527832,7.57239294052124,7.243260622024536
CCCN(CCN1CCN(c2ccc(Cl)cc2Cl)CC1)C1CCc2nc(N)sc2C1,7.14427375793457,8.558940887451172,7.851607322692871
CC(C)(CN)CNc1cc(-c2c[nH]c3ncccc23)cc(Cl)n1,5.902460098266602,4.887121200561523,5.3947906494140625
COc1ccccc1N1CCN(CCCCCN(C(=O)C=Cc2ccc3c(c2)N(C(C)=O)CC3)CC1,,,
OC1(c2ccc(Br)cc2)CC2CCC(C1)N2Cc1coc2ccccc12,8.125388145446777,8.381101608276367,8.253244876861572
CCCN(CCCCCN1C(=O)CC2(CCCC2)CC1=O)C1CCc2c(F)cccc2C1,7.413665771484375,8.306558609008789,7.860112190246582
CCN1CCCC1CNC(=O)c1c(O)c(Br)cc(Br)c1OC,7.051560878753662,8.71286678314209,7.882213830947876
Oc1nc2c(O)ccc(C(O)CNCCc3ccc(CNCCc4ccc(Cl)c(Cl)c4)cc3)c2s1,6.269498348236084,6.9328293800354,6.601163864135742
Cc1c(-c2ccccc2)sc2ncnc(N3CCN(C(=O)COc4ccc(F)cc4)CC3)c12,5.299718856811523,5.064357757568359,5.182038307189941
COc1ccccc1N1CCN(CCN(C(=O)C23CCC(I)(CC2)C3)c2ccccn2)CC1,7.009398460388184,6.69972562789917,6.854562044143677
O=C(NCCCCN1CCN(c2cc(Cl)ccc2Cl)CC1)c1cc2ccccc2cn1,6.656203746795654,8.830775260925293,7.743489503860474
CCCN1CCCC1CNC(=O)c1c(O)ccc2c1OCC2,7.018407821655273,8.566344261169434,7.7923760414123535
NC(=O)Cc1cccc(-c2c[nH]c3cccc(OC4CCCC4)c23)c1,6.423203468322754,4.277835845947266,5.35051965713501
Cc1[nH]c2ccccc2c1C(=O)CN1CCC(Oc2ccc(C#N)cn2)CC1,6.060116767883301,5.738529682159424,5.899323225021362
CN(CCOc1ccc(F)cc1F)CC1CCCO1,6.054618835449219,6.82603931427002,6.440329074859619
COc1cc(Cl)c(-c2ccc(CCNCC(O)c3ccccc3)cc2)c(Cl)c1,5.412101745605469,5.978531837463379,5.695316791534424
Fc1ccc(-c2nc3n(c2-c2ccncc2)CCS3)cc1,5.438910484313965,6.1500678062438965,5.794489145278931
O=C1N(Cc2ccc(F)cc2)CCC12CCN(CCCc1c[nH]c3ccccc13)CC2,6.712562084197998,6.915927886962891,6.814244985580444
OC(COCCF)CN1CCN(C2CCC(c3ccccc3)CC2)CC1,4.823791980743408,5.049158573150635,4.9364752769470215
CCN(CC)CCNC(=O)C=Cc1cnc(N)c2c(-c3ccc(NC(=O)Nc4cccc(C)c4)cc3)csc12,6.393793106079102,6.446815013885498,6.4203040599823
COc1ccccc1N1CCN(CCCCNC(=O)c2cc3ccccn3n2)CC1,7.175562858581543,8.398908615112305,7.787235736846924
COc1ccccc1N1CCN(CCNC(=O)c2ccc(OCCF)cc2)CC1,7.374189376831055,7.202742576599121,7.288465976715088
CCCN(CCC)C1CCc2c(OC)cccc2C1,7.511783123016357,7.2270307540893555,7.3694069385528564
Oc1cccc(C23CC4CC(CC(C4)C2)C3)c1,5.239777565002441,7.9158759117126465,6.577826738357544
OC1(c2ccc(Cl)cc2)CC2CCC(C1)N2Cc1coc2ccc3ccccc3c12,7.720957279205322,7.994632720947266,7.857795000076294
COc1ccc(-c2nc3cc(-c4cscn4)ccc3[nH]2)cc1,5.623758792877197,6.429574966430664,6.026666879653931
CC1CN(Cc2ccncc2)CCN1CCC1(C)c2ccccc2C1=O,5.515875816345215,6.622561454772949,6.069218635559082
Oc1[nH]cc2ccc(OCCCN3CCN(c4cccc5c(F)cccc45)CC3)cc12,8.312248229980469,7.952737808227539,8.132493019104004
CC1CC(C)CN(CCCNC(=O)c2cc3cccc(OCc4ccc(Cl)c(Cl)c4)c3[nH]2)C1,6.351836681365967,6.395752906799316,6.373794794082642
CCCN(CCC)C1CCc2c(F)ccc(O)c2C1,7.845858573913574,8.5043306350708,8.175094604492188
O=C(O)C1CCCCC1C(=O)NCC#Cc1ccccc1,5.921820163726807,3.8050765991210938,4.86344838142395
O=C(c1ccc(C(F)(F)F)cc1)N1CCC(Oc2ccc(Br)cc2)CC1,5.916254997253418,6.677646160125732,6.296950578689575
CCN(CC)CCn1c(SCCOc2ccc(C#N)cc2)nc2cc(C(=O)N(CC)CC)ccc21,6.687888622283936,7.602980613708496,7.145434617996216
O=C1NCCN1CCN1CCC(c2cn(-c3ccc(F)cc3)c3ccc(OCCF)cc23)CC1,7.694716453552246,6.138829708099365,6.916773080825806
Cc1ccccc1-c1c(NCCCN2CCN(c3ccccc3O)CC2)nc(-n2cnc3ccccc32)n1C,6.6873955726623535,6.293739795684815,6.490567684173584
CN(C)CCCOc1ccc(CN2CCC(N3c4ccccc4COc4ccccc43)CC2)cc1,6.511418342590332,6.498912811279297,6.5051655769348145
O=C(Cc1ccc2c(c1)OCO2)NCC1CCC(CN2CCN(c3ccc(Cl)cc3)CC2)CC1,5.830658912658691,6.688626766204834,6.259642839431763
CCC1CN2CCc3cc(OC)c(OC)cc3C2CC1CC1NCCc2cc(OC)c(OC)cc21,5.677109718322754,6.7533793449401855,6.21524453163147
COc1ccccc1N1CCN(CCCCNC(=O)c2ccnc3ccc(F)cc23)CC1,7.667250156402588,8.45898723602295,8.063118696212769
O=C(NC1CCC(CCN2CCN(c3cccc(Cl)c3Cl)CC2)CC1)c1cccs1,8.053605079650879,8.922016143798828,8.487810611724854
Cc1ccc(Cl)cc1N1CCN(CCSCC(N)=O)CC1,6.1711931228637695,6.716189861297607,6.4436914920806885
Cc1ccnc(N2CCC(CNC(=O)c3ccc(Br)cc3)CC2)n1,6.605625152587891,6.338871479034424,6.472248315811157
COc1ccccc1N1CCN(CCCCCn2ncc(=O)n(C)c2=O)CC1,7.336588382720947,7.358038902282715,7.347313642501831
CCN1CCCC1CNC(=O)c1c(OC)ccc(Br)c1OC,6.901225090026856,8.275629043579102,7.5884270668029785
O=C1C(=O)C(NCCc2ccc(Oc3ccccc3)cc2)C1=Nc1ccncc1,4.891932487487793,4.8844170570373535,4.888174772262573
CCNC(=O)NC1CCC(Nc2nc(Cl)cc(-c3c[nH]c4ncccc34)n2)CC1,7.679299831390381,7.403705596923828,7.5415027141571045
COc1ccc(CC(C)NCC(O)COc2cccc3[nH]ccc23)cc1,5.7794270515441895,6.158748149871826,5.969087600708008
CCCN(CCCN1CCN(c2ccccc2OC)CC1)C1CCc2c(O)cccc2C1,8.013526916503906,7.888175964355469,7.9508514404296875
CCCN(CCC)C1CCc2c(F)ccc(O)c2C1,7.845858573913574,8.5043306350708,8.175094604492188
O=C(NCCCCN1CCN(c2cccc(Cl)c2Cl)CC1)c1cc2cccc1CCc1ccc(cc1)CC2,,,
O=C1c2ccccc2S(=O)(=O)N1CCCCN1CCN(c2nsc3ccccc23)CC1,7.686042785644531,7.277023792266846,7.4815332889556885
COc1ccc(CCNCCc2ccc3[nH]ccc3c2)cc1,6.417505741119385,6.628628730773926,6.523067235946655
CN1CCN(Cc2ccc(-c3cnc4[nH]cc(-c5ccc6[nH]ccc6c5)c4c3)cc2)CC1,7.127092361450195,6.5411481857299805,6.834120273590088
CCCN(CCCN1C(=O)CC2(CCCC2)CC1=O)C1CCc2c(F)cccc2C1,7.060954570770264,8.394946098327637,7.72795033454895
O=C(NC1CCN(CCOc2cccc3c2CCCC3)CC1)c1ccc(-c2nccs2)cc1,7.13893461227417,7.277013778686523,7.207974195480347
COc1ccccc1N1CCN(CCCCNC(=O)c2cn3ccccc3n2)CC1,6.94122314453125,8.226722717285156,7.583972930908203
CCN(CC)CCn1nc(C)c2c(C)cc(C)nc21,6.144011974334717,6.45620584487915,6.300108909606934
COc1ccccc1N1CCN(CCCCOc2ccc3c(c2)NC(=O)CC3)CC1,8.793431282043457,7.612606048583984,8.20301866531372
Cc1cc(Cl)ccc1OCCCN1CCC(c2noc3cc(F)ccc23)CC1,7.329390525817871,7.499924182891846,7.414657354354858
O=C1CCc2ccc(OCCCCN3CCN(c4cccc(Cl)c4Cl)CC3)nc2N1,8.820858001708984,7.946710586547852,8.383784294128418
CCN(CC)C1CCc2ccc(O)cc2C1,7.649233818054199,8.252409934997559,7.950821876525879
O=C1CCc2ccc(OCCCCN3CCN(c4cccc(Cl)c4Cl)CC3)nc2N1,8.820858001708984,7.946710586547852,8.383784294128418
CCN(CC(=O)NCc1cccc(F)c1)C(=O)c1ccccc1SCC(N)=O,6.326152324676514,4.320947170257568,5.323549747467041
COc1ccccc1N1CCN(CCn2c(=O)[nH]c3c(sc4ccc(NC(=O)c5cccnc5)cc43)c2=O)CC1,7.259895324707031,6.7244977951049805,6.992196559906006
O=C(CCc1c[nH]c2ccccc12)NCCCCNc1c2c(nc3cc(Cl)ccc13)CCCC2,7.601877212524414,6.627691268920898,7.114784240722656
CCN1CCN(Cc2ccc(NC(=O)Nc3ccc(Oc4ccc(F)cc4)cc3)cc2C(F)(F)F)CC1,6.706308364868164,6.37000846862793,6.538158416748047
COc1c(O)ccc2c1C1=CC(C(=Cc3cccc(OCCN4CCCCC4)c3)O2)CC1,6.7228217124938965,7.386566162109375,7.054693937301636
CC(C)CC1C(=O)N2CCCC2C2(O)OC(NC(=O)C3Cc4c(cc5c[nH]c6c5c4C=CC6)N(C)C3)(C(C)C)C(=O)N12,8.890249252319336,9.544556617736816,9.217402935028076
Oc1ccc2c(OCCN3CCC(Cc4cccc(-c5ccsc5)c4)CC3)cccc2n1,7.540304183959961,8.222851753234863,7.881577968597412
CC1=NCCCc2ccccc21,5.836169719696045,5.099618911743164,5.4678943157196045
CN1CCN(C2Cn3cccc3Sc3ccc(Cl)cc32)CC1,8.645715713500977,8.372458457946777,8.509087085723877
CC(C)CC1CCCCN1S(=O)(=O)c1ccc(NC(=O)Nc2ccc(Cl)cc2)cc1,7.578230857849121,6.150488376617432,6.864359617233276
COc1cnc(N2CCN(C)CC2)nc1-c1ccc2c(c1)CCn1cccc1-2,6.129909515380859,5.769284725189209,5.949597120285034
O=C1N(CCCc2ccccc2)CCN1c1ccc(Cl)c(Cl)c1,6.913468360900879,6.59604549407959,6.754756927490234
COc1ccccc1N1CCN(CCCCCC(=O)N2CCc3c(sc4c3C(c3ccccc3)=NO4)CC2)CC1,6.830000877380371,7.529061317443848,7.179531097412109
COc1ccccc1N1CCN(CCC(O)CNC(=O)c2cc3ccccc3[nH]2)CC1,6.158835411071777,8.650517463684082,7.40467643737793
CCCN(CCN1CCN(c2cc3ccccc3nc2O)CC1)C1CCc2c(O)cccc2C1,7.920932769775391,9.173299789428713,8.54711627960205
CC1CN(Cc2ccc(-c3cccs3)cc2)CCN1CC2c3ccccc3CCc3cccnc32,6.307828426361084,6.818474292755127,6.5631513595581055
CN(C)c1nc2ccc1CCCn1ccc3ccc(cc31)C1CCC4(O)C3Cc5ccc(O)c6c5C4(CCN3CC2)C1O6,7.942436695098877,7.20697021484375,7.5747034549713135
CN(C)CCOc1ccccc1C1CCCCC1,6.054737091064453,6.450942039489746,6.2528395652771
CCCc1ccc(S(=O)(=O)N(Cc2ccc(OCCN3CCCCC3)cc2)c2c(C)n[nH]c2C)cc1,7.542067527770996,6.165744781494141,6.853906154632568
CCCN(CCC)C1CCc2cccc(OCc3ccc(Cl)cc3)c2C1,6.546750545501709,7.1943464279174805,6.870548486709595
COc1ccc(Cl)cc1N1CCN(CCCCN2C(=O)CC(C)(c3ccccc3)CC2=O)CC1,7.308515071868896,7.755906105041504,7.5322105884552
Cn1cc(C2CC2CNCC2C(=O)N2CCCC2CN2CCCC(Cc3ccccc3)C2)cn1,,,
Cn1sc(=O)n(CCC(=O)NCC2CCCO2)c1=O,7.44634485244751,6.382467269897461,6.914406061172485
COc1ccccc1N1CCN(CCCCNC(=O)c2cnn3ccccc23)CC1,7.520810604095459,8.203910827636719,7.862360715866089
Cc1cc(-c2ccc3c(c2)CCN(CCCSc2nnc(-c4ccccc4F)n2C)CC3)no1,6.179179191589356,8.562877655029297,7.371028423309326
CCN1CCc2cccc3c2C1Cc1ccc(O)c(O)c1-3,8.332853317260742,7.980915069580078,8.15688419342041
Oc1cc2c(Nc3ccc(Cl)cc3)ncnc2[nH]1,7.760995388031006,4.210256576538086,5.985625982284546
O=C(NCCCCN1CCN(c2ccco2)CC1)c1cc2sccc2[nH]1,7.094985008239746,9.006684303283691,8.050834655761719
COc1ccc(CN2CCC(NCC3CC3c3ccccc3)CC2)cc1Cl,6.300464153289795,6.568532466888428,6.434498310089111
CCN(CC)CCNC(=O)C=Cc1cnc(N)c2c(-c3ccc(NC(=O)Nc4cccc(C)c4)cc3)csc12,6.393791675567627,6.446815013885498,6.4203033447265625
COc1cccc2c1CCC1CN(CCn3c(=O)n(-c4ccccc4)c4ccccc4c3=O)CC21,6.834261894226074,7.395103931427002,7.114682912826538
CN1CCN(C2=Cc3ccccc3Oc3ccc(Cl)cc32)CC1,7.993473052978516,7.783572196960449,7.888522624969482
COc1ccc(COc2cccc(C3=NC(C)CCN3)c2)cc1,5.378597736358643,5.633326053619385,5.505961894989014
O=C1N(CCN2CCN(c3cccc(Cl)c3)CC2)CCN1c1cccc(Cl)c1,6.999580383300781,7.546206951141357,7.272893667221069
Cc1cc2c(C(=O)NCCCCN3CCN(c4ccccc4OCCF)CC3)cccc2[nH]1,7.811254024505615,8.538981437683105,8.17511773109436
CCN(CC)C(=O)NC1Cc2c(cc3c[nH]c4c3c2C=CC4)N(C)C1,8.286233901977539,9.047680854797363,8.666957378387451
O=C1Nc2ccccc2C1=Cc1cn[nH]c1-c1ccccc1[N+](=O)[O-],6.629853248596191,5.4396071434021,6.0347301959991455
COc1ncccc1NC(=O)N1CCCC1C(=O)NC1CCN(Cc2cccc(Cl)c2)CC1,7.3612060546875,6.573197364807129,6.9672017097473145
CCCN(CCC)C1CCc2ccc(O)cc2C1,7.70214319229126,8.176798820495605,7.939471006393433
COc1ccccc1N1CCN(CCNC(=O)c2cc3nc(-c4ccccc4)cn3c(N)n2)CC1,6.5602240562438965,6.890458106994629,6.725341081619263
COc1ccccc1N1CCN(CCSCCCNC(=O)C=Cc2ccco2)CC1,7.215690612792969,8.287215232849121,7.751452922821045
O=C(NC1CCc2c(O)cccc21)C1CCCN1C(=O)C1CC(O)CN1C(=O)CC(c1ccc(F)cc1)(c1ccc(F)cc1)c1ccc(F)cc1,6.854413032531738,6.260937690734863,6.557675361633301
CCN(CC)c1ccc(S(=O)(=O)NC2CCC(N3CCN(c4ccccc4OC)CC3)CC2)cc1,6.767814636230469,7.896398067474365,7.332106351852417
CN1CCN(C2Cc3ccccc3Sc3ccc(-c4nnn(C)n4)cc32)CC1,8.439382553100586,7.074907779693604,7.757145166397095
CC(C)(C)C(=O)NCCC1CCN(CCN2CCN(c3cccc(Cl)c3Cl)CC2)CC1,6.628232002258301,8.123531341552734,7.375881671905518
COc1cccc(Cn2c(C)nc3c(sc4nc(C)ccc43)c2=O)c1,5.663445949554443,4.930026531219482,5.296736240386963
COc1cccc(OC)c1C1CCCC(=O)N1Cc1ccc(-c2ccccc2Cl)cc1,6.293524265289307,5.541893482208252,5.917708873748779
COc1ccccc1N1CCN(CCNC(=O)c2cc3ccccc3cn2)CC1,6.568953037261963,7.164766788482666,6.8668599128723145
COc1ccccc1N1CCN(CCCc2ccc3nc(O)sc3c2)CC1,8.370686531066895,7.2056427001953125,7.7881646156311035
CCCN(CCN1CCN(c2ccc(-c3ccccc3OC)cn2)CC1)C1CCc2c(O)cccc2C1,7.250964641571045,8.241504669189453,7.746234655380249
CN1C(=O)C(c2ccc3ccccc3c2)C(c2ccncc2)=NC1=NCC(N)Cc1ccccc1,4.919137954711914,5.4636759757995605,5.191406965255737
Cc1cc(C(C)(C)C)oc1C(=O)NN=C(C)c1ccccc1,4.904962539672852,5.756773471832275,5.3308680057525635
CCC(OC(=O)c1ccc[nH]1)C1CCN(CCC(=O)c2ccc(F)cc2)CC1,7.302446365356445,6.5746259689331055,6.938536167144775
CC12CCC(C1)C(C)(C(=O)NCCCN1CCN(c3cccc(Cl)c3Cl)CC1)C2,6.517575263977051,7.384024143218994,6.9507997035980225
COc1ccccc1N1CCN(CCCCCN2C(=O)c3cccc(Cl)c3C2=O)CC1,7.352075099945068,7.473313808441162,7.412694454193115
COc1ccccc1N1CCN(CC(O)COc2ccc(Cl)c3[nH]c4ccccc4c23)CC1,7.131117820739746,7.174943923950195,7.153030872344971
COc1ccccc1N1CCN(CCCCCNc2cc(Cl)nc(-n3nccn3)c2)CC1,7.858396530151367,7.199667453765869,7.529031991958618
Cc1ncoc1-c1nnc(SCCCN2CC3CC3(c3ccc(F)c(Cl)c3)C2)n1C,7.000241756439209,8.849662780761719,7.924952268600464
COc1cccc(CN(CCCN2CCC(NC(=O)c3cc4cc(OC)c(OC)cc4[nH]3)CC2)S(C)(=O)=O)c1,6.5714216232299805,6.92327880859375,6.747350215911865
CCOc1ccccc1N1CCN(CCCCn2cc(C(=O)c3ccc(F)cc3)nn2)CC1,6.937263488769531,7.760211944580078,7.348737716674805
Fc1ccc(-c2nc3cc(N4CCN(Cc5ccccc5)CC4)cnc3[nH]2)cc1,6.301711082458496,6.465301513671875,6.3835062980651855
CC(=O)c1cccc(CSc2ccc(NC(C)=O)cc2NC2CCN(Cc3ccccc3)CC2)c1,6.55894660949707,6.1876397132873535,6.373293161392212
O=C(NC1CCc2ccc(CCN3CCN(c4nsc5ccccc45)CC3)cc21)C(F)(F)F,8.079790115356445,6.839221000671387,7.459505558013916
COc1cc(CN2CCN(c3ccccn3)CC2)ccc1O,6.529758930206299,5.8794026374816895,6.204580783843994
Cc1ncsc1CCOc1ccc(CC2=NC(=O)N(C)C3=C2C(=O)N(C)CC(O)CN2C)cc1,,,
O=C(O)CCCCOc1ccc2[nH]c3nc(O)nc-3cc2c1,7.672271728515625,4.770260810852051,6.221266269683838
CC(C)CC1CCCCN1CCC(NC(=O)Nc1ccc2c(N3CCOCC3)ccnc2c1)C1CCCCC1,6.922373294830322,7.294935703277588,7.108654499053955
CC(C)c1nc2cc(S(=O)(=O)NCCCCCN3CCN(c4ccccc4OC(C)C)CC3)ccc2o1,7.419439315795898,7.685389518737793,7.552414417266846
CCCN(C1CC(C)(C)CC1=O)S(=O)(=O)c1ccc(C)cc1,6.728808879852295,5.862817287445068,6.295813083648682
CCCN(CCN1CCN(c2cccc(Cl)c2Cl)CC1)C1CCc2c(O)cccc2C1,7.985079765319824,8.79438304901123,8.389731407165527
CCOc1ccccc1N1CCN(Cc2ccc(C(=O)O)cc2)CC1,7.186183929443359,7.033260822296143,7.109722375869751
COc1ccccc1N1CCN(CCCCNC(=O)c2ccc(-c3ccc(C)c(C)c3)cc2)CC1,7.145816802978516,8.32384204864502,7.734829425811768
COc1cc2c(cc1OC)CN(Cc1ccc(OC)c3oc(C(=O)NCC(C)(C)C)cc13)CC2,6.248561859130859,5.083663463592529,5.666112661361694
CC(C)Oc1ccc(-c2cnccn2)cc1NS(=O)(=O)c1ccc(Cl)cc1,6.33950138092041,6.46610164642334,6.402801513671875
CC(CCC(=O)NCCCN1CCC(c2c[nH]c3cc(F)ccc23)CC1)C1CCC2C3C(O)CC4CC(O)CCC4(C)C3CCC12C,6.003804683685303,5.701305389404297,5.8525550365448
CN1CCc2c(sc3ncn(CCN4CCN(c5cccc6nc(-c7ccccc7)nc56)CC4)c(=O)c23)C1,,,
CCCN(CCc1ccccc1)C1CCc2c(O)cccc2C1,8.200567245483398,8.143576622009277,8.172071933746338
O=C(NCC1CCCO1)C1COc2ccc(F)cc2C1,7.021846294403076,6.071444988250732,6.546645641326904
O=C1NCCN1CCN1CCC(c2cn(-c3ccc(F)cc3)c3ccc(Cl)cc23)CC1,7.742376327514648,6.38731050491333,7.064843416213989
CCc1ccccc1N1CCN(CCCCNC(=O)c2sc3ccccc3c2Cl)CC1,7.130612373352051,7.99498176574707,7.5627970695495605
CCc1ccc2c(c1)C(N1CCN(CCCNC(=O)c3ccccc3)CC1)CCC2,6.053127765655518,6.260929584503174,6.157028675079346
O=C(NC1CCN(Cc2ccccc2)CC1)C1CCCN1C(=O)C1CC1,6.872345924377441,7.321097373962402,7.096721649169922
Cn1ncc(Cl)c1C1CCCCCN1CCN(c2ccccn2)CC1,,,
COc1ccccc1NCCCN1CCN(c2cccc3nc(-c4ccc(C)cc4)[nH]c23)CC1,7.692620754241943,7.070173263549805,7.381397008895874
COc1ccc(C(=O)NCCCCN2CCN(c3cccc(Cl)c3Cl)CC2)cc1,7.305386543273926,9.147645950317385,8.226516246795654
OCCc1nnc(-c2ccc(F)c(OC3CCN(Cc4ccccc4)CC3)c2)o1,5.407166481018066,6.859856128692627,6.133511304855347
O=C1CSC2(Cc3ccccc3)CN(c3cccc(Cl)c3)CC2C1,6.955222129821777,6.935060501098633,6.945141315460205
O=C1NCCN1CCN1CCC(c2cn(-c3ccc(F)cc3)c3ccc(Cl)cc23)CC1,7.742376327514648,6.387310028076172,7.06484317779541
COc1ccc2c(c1)CCN(CCCSc1nc3ccccc3s1)C2=O,5.904662609100342,7.307365894317627,6.606014251708984
O=C(NCCC=CCN1CCN(c2cccc(Cl)c2Cl)CC1)c1ccc(-n2cccc2)cc1,7.22750186920166,8.19939136505127,7.713446617126465
CCCN1CCC(COc2nc3c(Cl)ccc(F)c3c3ccncc23)CC1,6.2973313331604,6.716523170471191,6.506927251815796
COc1ccccc1N1CCN(CCc2c(C)nc3c(C)cccn23)CC1,6.693548202514648,6.563383102416992,6.62846565246582
CC(C)Oc1ccccc1N1CCN(C2CCC(NC(=O)Nc3nc(C#N)cs3)CC2)CC1,7.643986225128174,8.240047454833984,7.942016839981079
CCCN(CCC)C1COc2c(cccc2-c2cc(O)ccc2OC)C1,7.553977012634277,7.380134582519531,7.467055797576904
COc1ccccc1N1CCN(CC2CCC(c3cccc(C(=O)NCCCCCCN4CCN(c5ccccc5OC(C)=O)CC4)c3)O2)CC1,7.276893615722656,7.297938346862793,7.287415981292725
COc1ccccc1N1CCN(CCCCNC(=O)C=Cc2ccc(Cl)cc2)CC1,7.462882041931152,8.863007545471191,8.162944793701172
O=C1N(CCN2CCCCCC2)CCN1c1cccc(Cl)c1,8.18490982055664,7.695871353149414,7.940390586853027
N#Cc1ccc(-c2cc(C(F)(F)F)n3ncc(C(=O)N4CCCC4)c3n2)cc1,5.689988613128662,6.093003273010254,5.891495943069458
C[N+](C)(CCCCCCCCCCN1C(=O)CC(c2ccccc2)CC1c1ccccc1)Cc1ccccc1,6.273420810699463,5.954292297363281,6.113856554031372
CN1CCN(C2Cn3cccc3Sc3ccc(Cl)cc32)CC1,8.645715713500977,8.372458457946777,8.509087085723877
CC1c2ccccc2C2CC12c1c[nH]cn1,6.272679328918457,6.806552886962891,6.539616107940674
O=C(CCCN1CCC2C(C1)c1cccc3c1N2CCCS3)c1ccc(F)cc1,8.118741989135742,7.053964614868164,7.586353302001953
COc1cccc(C(=O)NNC(=S)Nc2ccc(CCN3CCN(c4ccccc4OC)CC3)cc2)c1,7.075376510620117,6.772070407867432,6.923723459243774
O=C(CCCCCCN1CCN(c2cccc(Cl)c2Cl)CC1)c1ccc(F)cc1,8.233951568603516,7.872768402099609,8.053359985351562
CC(C)N(CCCOc1ccc2c(c1)CCC2CC(=O)O)S(C)(=O)=O,7.0050153732299805,5.971638202667236,6.488326787948608
O=C1CCc2ccc(OCCCCN3CCN(c4cccc(Cl)c4Cl)CC3)nc2N1,8.820858001708984,7.946710586547852,8.383784294128418
COc1ccccc1N1CCN(CCCCNC(=O)C=Cc2cccc3cccnc23)CC1,7.71026086807251,8.80388355255127,8.25707221031189
O=C1c2ccccc2-c2n[nH]c3cccc1c23,5.871823787689209,5.170714378356934,5.521269083023071
O=C(NC1CCC(CCN2CCN(c3cccc(Cl)c3Cl)CC2)CC1)c1ccccc1,7.986162185668945,8.492053031921387,8.239107608795166
Cc1ccc2c(c1)N(CCCCC(=O)NC13CC4CC(CC(C4)C1)C3)CC2,6.987934589385986,7.8773980140686035,7.432666301727295
Fc1ccc(-c2nc3ccc(N4CCN(Cc5ccccc5)CC4)nc3[nH]2)cc1,6.8957366943359375,6.766440391540527,6.831088542938232
O=C1NCCCC1CNC(=O)c1cc2cc(Cl)ccc2[nH]1,6.009762287139893,6.445063591003418,6.227412939071655
O=C(NC1CCC(CCN2CCN(c3ccccc3OCCF)CC2)CC1)c1cc2ccccc2s1,7.717615604400635,8.864974975585938,8.291295289993286
CCCN(CCC)C1CCc2ccc(O)cc2C1,7.70214319229126,8.176798820495605,7.939471006393433
CCCN(CCC)C1CCc2nc(N)sc2C1,6.720566272735596,8.426815032958984,7.57369065284729
COc1ccccc1N1CCN(CCCCCN2C(=O)CC(c3ccc(Cl)cc3)CC2=O)CC1,7.07074785232544,7.266452312469482,7.168600082397461
CCN1CCCC1CNC(=O)c1c(OC)ccc(Br)c1OC,6.901225090026856,8.275629043579102,7.5884270668029785
N#Cc1cccc(NC(=O)CN2CCC(c3noc4cc(F)ccc34)CC2)c1,6.347902774810791,5.299624919891357,5.823763847351074
COc1cccc(N2CCN(Cc3cn(-c4ccccc4)nc3-c3ccccc3)CC2)c1,6.624239444732666,6.574536323547363,6.599387884140015
Cc1ccc(OCC(=O)Nc2ccc(-c3nnc(-c4ccccn4)o3)cc2)cc1,4.804178237915039,4.840958595275879,4.822568416595459
COc1ccc2c(C3=CCN4CCC3CC4)cn(CCN3CCCC3)c2n1,6.546536922454834,6.301154136657715,6.423845529556274
O=C(NC1CCc2ccc(CCN3CCN(c4nsc5ccccc45)CC3)cc21)c1ccc(-c2ccccc2)cc1,7.176334381103516,6.909337043762207,7.042835712432861
C=CCN(CC=C)CCc1c[nH]c2ccc(OS(=O)(=O)C(F)(F)F)cc12,6.108061790466309,6.4769697189331055,6.292515754699707
CN1CCN2c3ccccc3Cc3ccccc3C2C1,6.133472442626953,6.2086992263793945,6.171085834503174
CC(C)(C)NC(=O)COC(=O)c1ccc(CO)cc1O,5.372957706451416,3.590506792068481,4.481732249259949
CCCOc1ccc(-c2ccc(C(=O)NNC(=S)NCC)cc2)cc1,5.831343650817871,7.349425315856934,6.590384483337402
c1ccc(COCC2CCN(CC3COc4ccccc4O3)CC2)cc1,6.982452392578125,6.550300121307373,6.766376256942749
CCCN1CCN(c2cc(Cl)c(O)cc2Cl)CC1,7.388480186462402,8.257904052734375,7.823192119598389
O=C1NCCN1CCN1CCC(n2cnc3cc(Cl)ccc32)CC1,6.0530219078063965,5.661394119262695,5.857208013534546
N#Cc1ccccc1-c1ccc(N2CCN(CCC3CCC(NS(=O)(=O)c4ccccc4)CC3)CC2)cc1,7.255734920501709,7.883356094360352,7.56954550743103
Cc1nc2ccccc2n1C1CCN(CCCC(=O)c2ccc(F)cc2)CC1,7.338136672973633,6.890551567077637,7.114344120025635
Oc1[nH]cc2ccc(OCCCCN3CCN(c4cccc5c4OCCO5)CC3)cc12,8.642915725708008,8.086116790771484,8.364516258239746
COc1ccccc1N1CCN(CC(O)CNC(=O)c2cc3c(s2)CCC3)CC1,6.71784782409668,7.122856140136719,6.920351982116699
CC(C)(C)c1nc(N2CCN(CCCCCn3cnc4c3nc(C(F)(F)F)n3CCN(C(=O)N(Cc3ccccc3)C4)CC2)cc(C(F)(F)F)n1,,,
Cc1ccc(C(=O)NC2CCC(Nc3nc(Cl)cc(-c4c[nH]c5ncccc45)n3)CC2)cc1,6.444093704223633,6.646566867828369,6.545330286026001
CCCN(CCC)C1CCc2c(Cl)cccc2C1,7.891513824462891,7.690149307250977,7.790831565856934
O=C1Nc2ccccc2Nc2ccccc21,8.757617950439453,5.7372822761535645,7.247450113296509
CNC(=O)CCCCCN1c2ccccc2CCc2cccc(Cl)c21,7.713168144226074,6.584238052368164,7.148703098297119
O=C(NCCCCN1CCN(c2cccc(Cl)c2Cl)CC1)c1ccc(-c2ccccc2)cc1,7.198726177215576,8.894172668457031,8.046449422836304
CSc1ccccc1N1CCN(CCCCCNC(=O)c2ccnc3ccccc23)CC1,7.53832483291626,7.600862503051758,7.569593667984009
CN(C)CCCC(c1ccc(Cl)c(Cl)c1)c1ccc(Cl)cc1,6.5544209480285645,6.238836288452148,6.3966286182403564
O=C1Nc2ccccc2C1=Cc1ccco1,5.990468502044678,5.269259929656982,5.62986421585083
O=C(NC1CCC(CCN2CCN(c3ccccc3Cl)CC2)CC1)c1c(Cl)ccc(F)c1Cl,7.907077789306641,8.158111572265625,8.032594680786133
CCCN(Cc1ccc(C)o1)C1CCc2c(O)cccc2C1,7.45128059387207,7.822818279266357,7.637049436569214
Cc1ccccc1C(=O)Nc1ccc(N2CCN(CCO)CC2)c(C(F)(F)F)c1,6.702421188354492,6.649233818054199,6.675827503204346
COc1cc2c(cc1OC)C1=NOC(CN3CCN(CC=Cc4ccccc4)CC3)C1CO2,6.24370813369751,6.457044124603272,6.350376129150391
CC(C)(C)OC(=O)NCCCCN1CCC2(CC1)C(=O)N(CC1CCC1)C2=O,7.654426097869873,8.063060760498047,7.85874342918396
Cc1cccc(C)c1OCCCNCCOc1ccccc1OCc1ccccc1,5.824377059936523,6.756380558013916,6.29037880897522
CC(CCC(=O)NC1CCC2(CC1)OCCc1ccsc12)=N[SH](=O)(O)c1cccs1,7.16739559173584,6.86324405670166,7.01531982421875
N#Cc1ccnc(C2=CCC(NCc3ccsc3)CC2)[nH]1,,,
O=C1NCCN1CCN1CCC(c2cn(-c3ccc(F)cc3)c3ccc(Cl)cc23)CC1,7.742376327514648,6.387310028076172,7.06484317779541
Oc1c2ccccc2n1CCN1CCN(C2Cc3ccccc3CC2)CC1,,,
CC(N)Cc1c[nH]c2ccc(O)cc12,6.163337230682373,5.566805839538574,5.865071535110474
O=C1Cc2cc(OCCCCN3CCN(c4cccc(Cl)c4Cl)CC3)ccc2N1,8.58447265625,8.32879638671875,8.456634521484375
O=C1NCCN1CCN1CCC(c2cn(-c3ccc(F)cc3)c3ccc(Cl)cc23)CC1,7.742376327514648,6.387310028076172,7.06484317779541
Clc1ccc(CN2CCN(CC3CCn4cccc4C3)CC2)cc1Cl,5.518307209014893,6.623589992523193,6.070948600769043
O=C1CCc2ccc(OCCCCN3CCN(c4cccc(Cl)c4Cl)CC3)nc2N1,8.820858001708984,7.946710586547852,8.383784294128418
COc1cc(N)c(Cl)cc1C(=O)NC1CCN(CCCN2C(=O)CC(c3ccc(F)cc3)CC2=O)CC1,7.312676429748535,6.979341983795166,7.146009206771851
CC(C)Oc1ccc(-c2noc(-c3ccc(NC4CCC(C(=O)O)C4)cc3)n2)cc1Cl,6.439205169677734,5.931761264801025,6.18548321723938
C=CCN1CCc2ccc(O)cc2CC1,6.560050010681152,7.368785381317139,6.9644176959991455
COc1ccc(-c2nc(Nc3ccc4c(c3)CCN(Cc3nc4ccccc4[nH]3)CC4)no2)cc1,6.428589344024658,6.049528121948242,6.23905873298645
CC(C)Oc1ccccc1N1CCN(Cc2ccc(CN3CCCCCC3=O)n2C)CC1,8.326491355895996,6.791318893432617,7.558905124664307
CC1=NC(=O)NC(c2ccc(F)c(F)c2)C1C(=O)NCCCN1CCC(c2ccc(F)cc2C#N)CC1,6.057284355163574,6.364034175872803,6.2106592655181885
CC(C)CNS(=O)(=O)c1ccc(CCNC(=O)C2CCCN2C(=O)CC(c2ccc(Cl)cc2)c2ccc(F)cc2)cc1,7.041017532348633,6.42289400100708,6.7319557666778564
CC(Oc1ccccc1C=NNC(=O)CN1CCN(c2cccc(Cl)c2Cl)CC1)C(=O)NCCN1CCCC1=O,6.452080726623535,6.481592178344727,6.466836452484131
COc1ccccc1N1CCN(CC2CCc3c(-c4ccccc4)[nH]c4ccccc34)CC2)CC1,,,
Cc1cn(C2CC(N3CCOCC3)C3(C)CCN(C(=O)c4cc(F)cc(F)c4)C3=O)C2)cn1,,,
CCN(CC)C(=O)NC1Cc2c(cc3c[nH]c4c3c2C=CC4)N(C)C1,8.286233901977539,9.04771900177002,8.66697645187378
Oc1nc2cc(-c3ccccc3)cnc2[nH]1,7.806050777435303,6.956920623779297,7.3814857006073
CC(C)Oc1ccccc1N1CCN(CCCCNC2CCc3ccccc3C2)CC1,7.606574058532715,7.742602348327637,7.674588203430176
COc1cccc(C(=O)N2CCc3cc(OC)c(OC)cc3C2CCN2CCOCC2)c1,4.886618137359619,5.3319854736328125,5.109301805496216
COc1ccccc1N1CCN(CCCCCNC(=O)C=Cc2cccc(F)c2)CC1,7.478695392608643,8.219487190246582,7.849091291427612
CCCN1CCn2cc(CNC(=O)c3ccc(C#N)c(C)c3)cc2C1,5.922436714172363,5.935639381408691,5.929038047790527
COc1ccc2[nH]cc(CCNc3ccc(-c4ccccn4)cn3)c2c1,6.495044708251953,6.044226169586182,6.269635438919067
Cc1cc(-c2cc(S(=O)(=O)N3CCN(CCC(N)=O)CC3)ccc2F)on1,6.245903015136719,4.629047393798828,5.437475204467773
Cc1ccc2c(c1)N(CCCCCN1CCN(c3noc4cc(F)ccc34)CC1)CC2,7.673781394958496,7.356132030487059,7.514956712722777
CCCN1CCc2cccc3[nH]cc(c23)C1,7.11477518081665,6.908035755157471,7.0114054679870605
Cc1cc(OCCCN2CCN(c3cccc(Cl)c3)CC2)cc(C)c1C,6.744763851165772,7.0386810302734375,6.8917224407196045
CCc1cc(C(F)(F)F)nn1CC1CCCN1CC(O)C1CCN(C(=O)c2cccc(F)c2)CC1,6.799062728881836,7.5187177658081055,7.158890247344971
O=C(Nc1cc(CN2CCN(C(=O)c3ccc(Cl)cc3)CC2)ccn1)c1ccc(F)cc1,5.926767826080322,5.966557502746582,5.946662664413452
Nc1cc2c(cc1Br)N(CC(=O)Nc1ccc(I)cc1)CC2,7.278786659240723,5.528149127960205,6.403467893600464
CC1CN(c2ccc(N3CCN(CCCCCC(=O)c4ccc5c(c4)NC(=O)CO5)CC3)nn2)CCN1,6.28859806060791,6.307622909545898,6.298110485076904
CC1CN(CCCc2ccccc2)CCN1C(=O)NC1CC2CCCC(C1)N2Cc1ccccc1,6.998080253601074,7.236780643463135,7.1174304485321045
CN1CC(CNC(=O)OCc2ccccc2)CC2c3cccc4c3c(cn4C)CC21,7.082208156585693,7.234292984008789,7.158250570297241
CN(C)CCc1c[nH]c2ccc3c(c12)CCO3,7.479969978332519,6.3441972732543945,6.912083625793457
O=C1CCc2cc(OCCCCN3CCN(c4cccc(Cl)c4Cl)CC3)ccc2N1,8.785455703735352,8.286078453063965,8.535767078399658
CC(NCC1CCN(CCc2c[nH]c3ccccc23)CC1)c1ccc(F)cc1,5.912635326385498,6.375633239746094,6.144134283065796
Oc1nc2cc(F)c(F)cc2n1CC1CCCN1Cc1ccccc1,6.668604373931885,7.411704063415527,7.040154218673706
O=C(NCc1ccccc1)c1ccc(F)c(F)c1,6.70395565032959,5.913172245025635,6.308563947677612
O=C(O)CCCCCCN1CCC(CNC(=O)c2c3n(c4ccccc24)CCCO3)CC1,5.299156665802002,5.454825401306152,5.376991033554077
COc1ccc2c(c1OCCN1CCN(c3cc(Cl)ccc3C)CC1)CCCC2,8.000222206115723,6.860348224639893,7.430285215377808
Cc1ccc(F)c(N2CCN(CCC3CCC(NC(=O)c4ccc5[nH]c(C)cc5c4)CC3)CC2)c1,7.169023036956787,8.256204605102539,7.712613821029663
Clc1ccccc1-c1ccnc(N2CCN(CCCCCn3cccc3)CC2)n1,6.684841156005859,6.545644760131836,6.615242958068848
COc1ccccc1N1CCN(CCCCNC(=O)c2cc3ccccc3cc2OC)CC1,6.997272968292236,8.343049049377441,7.670161008834839
Nc1nc(Cl)cc(-c2c[nH]c3ncccc23)n1,6.50612735748291,5.480020046234131,5.9930737018585205
Oc1ccc(O)n1C1CCN(CCCOc2ccc3ccc(OCCCN4CCCCC4)cc3c2)CC1,6.261661529541016,7.730471611022949,6.996066570281982
O=C(CCCN1CCC2(CC1)C(=O)N(Cc1cccc(Cl)c1)CN2c1ccccc1)c1ccc(F)cc1,9.25401496887207,7.916436195373535,8.585225582122803
COc1ccc2c(c1)CCC1C2CCC2(C)C(=O)N1CCCN1CCN(c2ccc(Cl)cc2)CC1,,,
O=C(CCCCCCN1CCN(c2ccccc2-c2ccccc2)CC1)c1ccc(F)cc1,7.719914436340332,7.36356782913208,7.541741132736206
CCCNC1CCc2c(O)cccc2C1,7.444726943969727,8.274491310119629,7.859609127044678
CCc1ccc(C(=O)NC2CCC(NC(=O)c3cccc(F)c3)CC2)cc1,7.445520401000977,8.177085876464844,7.81130313873291
CN1CCN(C2=Cn3cccc3Sc3ccc(F)cc32)CC1,8.417153358459473,8.3873929977417,8.402273178100586
Cc1cccc(CN2CCN(CCC=Cc3ccccc3)CC2)c1,5.913408279418945,6.71568775177002,6.314548015594482
CCC(C)NC(=O)C1CCC(n2c(NC(=O)c3ccc(F)cc3)nc3ccc(CN4CCC(C(C)(C)O)CC4)cc32)CC1,5.8025641441345215,6.9801459312438965,6.391355037689209
Oc1[nH]cc2cc(Cl)c(OCCCCN3CCN(c4cccc5cc(F)ccc45)CC3)cc12,8.274279594421387,8.427530288696289,8.350904941558838
C=CCN1CCC2c3cc(O)ccc3CCC2C1,6.698372840881348,6.623009204864502,6.660691022872925
CCCN(CCN1CCN(c2ccccc2OC)CC1)C1CCc2c(O)cccc2C1,8.0911283493042,8.516033172607422,8.30358076095581
COc1cccc([N+](=O)[O-])c1OCCNCCOc1ccccc1OCc1ccccc1,6.427757740020752,7.396620273590088,6.91218900680542
CCC(C)(C)c1nn(C)c2c1C(c1ccc(OCCN3CCCC3)cc1)N(C1CCCCC1)CC2,6.66583776473999,7.478869438171387,7.0723536014556885
Cc1ccc2c(=O)n(CCCCN3CCN(c4cccc(C(F)(F)F)c4Cl)CC3)cnc2c1,7.484727382659912,7.330646514892578,7.407686948776245
COCCCN(C)Cc1c(-c2ccc(Cl)cc2)[nH]c2ccccc12,6.476739406585693,6.201654434204102,6.3391969203948975
Oc1nc2ccccc2n1C1CCN(CCC2CCCCN2CC2c2ccc(F)cc2)CC1,,,
Cc1cc(N2CCN(C3CCCC3N)CC2)ccc1Nc1nccc(-c2cccnc2)n1,5.89778470993042,6.209121227264404,6.053452968597412
COc1cc(C(=O)NCC2CC2)c(Cl)cc1NC(=O)NC1CCCC1,7.2231059074401855,7.654514789581299,7.438810348510742
CC(C)(C)c1nc(N2CCN(CCCCn3ccc(C(F)(F)F)cc3=O)CC2)cc(C(F)(F)F)n1,6.464752197265625,7.888322353363037,7.176537275314331
CCN(CC)C1CCc2c(c3ccccc3n2C)C1,6.685141086578369,6.69367790222168,6.689409494400024
O=C1CCc2ccc(OCCCCN3CCN(c4cccc(Cl)c4Cl)CC3)nc2N1,8.820858001708984,7.946710586547852,8.383784294128418
Cc1noc(C)c1-c1ccc(CCN2CCN(c3cccc4nc(C(F)(F)F)oc34)CC2)cc1,6.90701961517334,6.479352951049805,6.693186283111572
O=C(NCCCCN1CCN(c2cccc(Cl)c2Cl)CC1)c1cc2ccccc2[nH]1,7.3425798416137695,9.33303451538086,8.337807178497314
COc1cccc(OC)c1CNCCCCNCc1ccccn1,5.516109466552734,6.595456123352051,6.055782794952393
COc1ccccc1N1CCN(CCCCc2ccccc2Cn2ccnc2)CC1,6.840159893035889,6.913809299468994,6.876984596252441
CC(C)Oc1ccccc1N1CCN(C2CCC(NS(=O)(=O)c3cccs3)CC2)CC1,7.658852100372314,8.480475425720215,8.069663763046265
CN1CC(C(=O)NC2(C)OC3(O)C4CCCN4C(=O)C(Cc4ccccc4)N3C2=O)Cc2c1cc1c[nH]c3c1c2C=CC3,8.42729377746582,8.794590950012207,8.610942363739014
NC(=O)c1ccc2[nH]cnc2c1N=C(N)c1ccccc1,6.806172847747803,5.100461959838867,5.953317403793335
CCN(CCCCCN1CC=C(c2ccc(Cl)cc2)CC1)S(=O)(=O)c1ccc(OC)c(OC)c1,6.8137946128845215,6.856980800628662,6.835387706756592
CCNc1c2c(nc3ccc(OC)cc13)-c1ccccc1C2c1ccc(OC)c(OC)c1,4.84345293045044,5.191504955291748,5.017478942871094
NN1CCN(C2=Nc3cc(Cl)ccc3Nc3ccc(F)cc32)CC1,6.480518341064453,7.182418346405029,6.831468343734741
O=C(CCCN1CCN(C2CCCc3ccccc32)CC1)c1ccc(F)cc1,7.116477012634277,7.214351654052734,7.165414333343506
CN1CCN(C2Cn3cccc3Sc3ccc(Cl)cc32)CC1,8.645715713500977,8.372458457946777,8.509087085723877
O=C(CCCN1CCC2(CC1)C(=O)N(Cc1cccnc1)CN2c1ccccc1)c1ccc(F)cc1,9.148821830749512,7.537465572357178,8.343143701553345
O=C(COC(=O)c1cccc(S(=O)(=O)N2CCCC2)c1)Nc1cc(Cl)cc(Cl)c1,6.182530403137207,4.422810077667236,5.302670240402222
COc1ccccc1N1CCN(CCCCNC(=O)c2ccc3c(c2)Cc2ccccc2-3)CC1,7.310756206512451,8.783652305603027,8.04720425605774
COc1ccccc1N1CCN(CCCCn2nccc2=O)CC1,,,
Fc1ccccc1C1CCN(CCCc2c[nH]c3ccc(-n4cnnc4)cc23)CC1,7.75939130783081,6.182895183563232,6.9711432456970215
COc1cc2c(cc1F)C(c1ccccc1)=Nc1c(C)n[nH]c1N2,6.155922889709473,5.819015502929688,5.98746919631958
CN1CCN(C2=Nc3cc(Cl)ccc3Nc3ccccc32)CC1,6.543483257293701,7.039327621459961,6.791405439376831
COc1cc(CN2CCN(c3cc(Cl)ccc3SC)CC2)ccc1OCCCN,7.799200057983398,7.475411415100098,7.637305736541748
CC#CC1(O)CCC2C3CC=C4CC(=O)CCC4=C3C(c3ccc(N(C)S(C)(=O)=O)cc3)CC21C,6.306342124938965,6.675148963928223,6.490745544433594
COc1cc(NF)cc(C(=O)NCCCC2CCN(Cc3cccc(OC)c3)CC2)c1OC,7.33957052230835,7.321531772613525,7.3305511474609375
CN1CCN(C2Cn3cccc3Sc3ccc(I)cc32)CC1,8.79494857788086,8.681085586547852,8.738017082214355
COc1cccc(CN2CCC(Nc3nc4ccccc4o3)CC2)c1,6.832942008972168,6.255023956298828,6.543982982635498
CCCN1CCCC2Cc3n[nH]cc3CC21,7.44373893737793,7.752826690673828,7.598282814025879
COc1ccccc1N1CCN(CCCCNC(=O)c2ccc(-c3ccccc3)s2)CC1,7.362585067749023,8.839067459106445,8.100826263427734
N#Cc1ccccc1OCCCNCC1CSC(c2ccc(F)cc2)(c2ccc(F)cc2)C1,6.605849266052246,7.285609245300293,6.9457292556762695
CCCOc1ccccc1CN1CCN(CC(O)c2ccc(Cl)cc2)CC1,5.179403781890869,5.905689716339111,5.54254674911499
CCN(CCC(F)(F)F)C1CCN(C(=O)Cn2cc(C3CC3)nn2)CC1,5.795597553253174,7.18370246887207,6.489650011062622
CC(C)(C)CCC1(C(=O)c2ccc(Cl)cc2)CCN(CCCCc2c[nH]c3ccccc23)CC1,6.772475242614746,6.956506252288818,6.864490747451782
Cc1ccc2c(N3CCN(CCc4cccc(NC(=O)c5ccccc5)c4)CC3)cccc2n1,6.739317417144775,6.819645881652832,6.779481649398804
N=c1ccn(-c2ccccc2)nc1C(=O)NC1CCCNC1,6.312427520751953,5.849477767944336,6.0809526443481445
Cc1cc(C)c2c(n1)sc1c(N)ncnc12,5.394437789916992,3.536924123764038,4.465680956840515
O=C(NN1CC=C(c2ccc3[nH]ccc3c2)CC1)c1ccc(Cl)cc1,7.311064720153809,7.220277309417725,7.265671014785767
O=C1NCCN1Cc1ccccc1OCC1CCCN1Cc1ccccc1,6.157691478729248,6.426828861236572,6.29226016998291
Cc1cc(OC(F)F)ccc1-c1ccc(C(=O)N2CCC3(CC2)CN(C)C(=O)c2ccccc23)cc1,5.675922393798828,6.140199661254883,5.9080610275268555
O=C1N(CCN2CC=C(c3cccc(Cl)c3)CC2)CCN1c1cccc(Cl)c1,7.958146572113037,8.321581840515137,8.139864206314087
O=C(NC1CC(CN2CCC(O)(c3ccc(Cl)cc3)CC2)CC1=O)C1CC=CCC1,6.827910900115967,7.2673563957214355,7.047633647918701
Cc1cccc(C)c1-c1cc(C)c2nc(Nc3ccc(OC(F)(F)F)cc3)nnc2c1,6.566824436187744,5.240338802337647,5.903581619262695
Cc1ncoc1-c1nnc(SCCCN2CC3CC3(c3ccc(C(F)(F)F)cc3)C2)n1C,6.68971061706543,8.816180229187012,7.752945423126221
COc1ccccc1N1CCN(CCCCNC(=O)C=Cc2ccc(Cl)cc2)CC1,7.462882041931152,8.863009452819824,8.162945747375488
N#Cc1ccc2c(-c3ccc(N4CCN(Cc5ccc(C(F)(F)F)cc5)CC4)cc3)c[nH]c2c1,6.522887706756592,5.8874945640563965,6.205191135406494
O=C1N(CCN2CCCCC2)CCN1c1cccc(C(F)(F)F)c1,7.665560722351074,8.583728790283203,8.124644756317139
N#Cc1cccc(CN2CCN(c3cccc4[nH]c(-c5cscn5)nc34)CC2)c1,6.63624906539917,6.663293838500977,6.649771451950073
COc1ccccc1N1CCN(CCn2c(O)nc3c(sc4ccccc43)c2=O)CC1,7.57096004486084,7.26620626449585,7.418583154678345
CCN(CC)C(=O)NC1CC2=C(Cc3c[nH]c4cccc2c34)N(C)C1,8.485456466674805,8.415810585021973,8.450633525848389
Cc1ccc2c(N3CCN(CCc4cccc5c4OCc4c(C(=O)NCC6CC6)ncn4-5)CC3)cccc2n1,6.40705680847168,6.792781829833984,6.599919319152832
COc1cccc(-n2cc(C(=O)NCc3cccc(F)c3F)c3ccccc32)c1,6.62254524230957,5.582443237304688,6.102494239807129
CN(CCOc1ccc(-c2ccccc2F)cc1NC(=O)c1cccnc1)CCN1CCOCC1,6.519631862640381,6.943527221679688,6.731579542160034
O=C(CC1CCCC1)Nc1ccc2[nH]c(O)c(C=Nc3ccc(I)cc3)c2c1,6.219652652740479,5.349620342254639,5.784636497497559
CCCN(CCC1CCC(NC(=O)c2ccccn2)CC1)C1CCc2[nH]c3ccc(O)cc3c2C1,7.285164833068848,8.404057502746582,7.844611167907715
CCOc1ccccc1N1CCN(Cc2ccc3c(c2)OCC(=O)N3CCCN2CCN(c3ccccc3OC)CC2)CC1,7.170689105987549,7.124117851257324,7.1474034786224365
COC1Cc2cc(C(F)(F)F)ccc2C1Nc1nc(NC2CCCCC2)c2cc(C(F)(F)F)ccc2n1,6.6322340965271,5.934844493865967,6.283539295196533
N#Cc1ccc2[nH]cc(CCCCCN3CCN(c4ccc(Cl)cc4)CC3)c2c1,7.21305513381958,6.937294960021973,7.075175046920776
O=C(CCCN1CCC2(CC1)C(=O)N(Cc1cccc(Cl)c1O2)c1ccc(F)cc1,,,
COc1cccc(C#Cc2cncc(C#N)c2Nc2cccc3cc[nH]c23)c1,6.092422008514404,5.131562232971191,5.611992120742798
CCCN(CCC)C1CCc2c(O)cccc2C1,8.197704315185547,8.453164100646973,8.32543420791626
COc1cccc(C(=O)NCCCCN2CCN(c3cccc(Cl)c3Cl)CC2)c1,7.145890235900879,9.06395435333252,8.1049222946167
CCCCCn1cnc(C2CCCN(C(=O)c3ccc(Cl)c(Cl)c3)C2)c1,6.695993423461914,6.267095565795898,6.481544494628906
COc1ccc(NC(=O)CN(C)CCCC2CCC(NC(=O)CCc3ccccc3F)CC2)cc1,6.48346471786499,6.295619010925293,6.389541864395142
O=S(=O)(NC1CCC(CCN2CCN(c3ccccc3)CC2)CC1)c1cc2cc3c(cc2s1)OCO3,7.036181926727295,8.16192626953125,7.5990540981292725
COc1ccccc1N1CCN(CCCCCNC(=O)c2ccc3c(c2)Cc2ccccc2-3)CC1,7.309212684631348,8.051188468933105,7.680200576782227
COc1ccccc1N1CCN(CCCCNC(=O)c2cc[nH]n2)CC1,7.661098480224609,8.132316589355469,7.896707534790039
O=C(NC1CCN(Cc2ccc3c(c2)OCO3)CC1)c1ccc2cc3n(c2c1)CCCNC3=O,7.002250671386719,6.3623552322387695,6.682302951812744
Oc1[nH]cc2ccc(OCCCCN3CCN(c4cccc5cccc(F)c45)CC3)c(F)c12,8.354814529418945,7.957778453826904,8.156296491622925
O=C(CCCN1CCC2(CC1)C(=O)NCN2c1ccccc1)c1ccc(F)cc1,9.175222396850586,8.254637718200684,8.714930057525635
COc1ccccc1N1CCN(CCCCNC(=O)c2cc3cc(I)ccc3s2)CC1,7.88247013092041,9.08622932434082,8.484349727630615
COc1ccccc1N1CCN(CCCOc2ccc3c(c2)NC(=O)CO3)CC1,7.650893211364746,7.154362201690674,7.40262770652771
Fc1ccc2c(C3=CCN(CCCNc4cccc5c4OCCO5)CC3)n[nH]c2c1,8.303711891174316,7.188228607177734,7.745970249176025
CC1CCN(C(=O)C2CCN(CC3COc4ccccc4O3)CC2)C1,6.855563163757324,7.084153652191162,6.969858407974243
COC(=O)c1ccccc1N1CCN(Cc2cccc(C(=O)N3CCCCCC3)c2)CC1,7.086187839508057,5.447459697723389,6.266823768615723
N#Cc1cccc(NC(=O)NC2CCC(N3CCN(c4cc(C(F)(F)F)nc(C(F)(F)F)n4)CC3)CC2)c1,7.664741039276123,8.39821720123291,8.031479120254517
CCCCN(CCCC)C1CCc2cc(O)ccc2C1,7.382130146026611,7.922757625579834,7.652443885803223
O=C(NC1CCC(CCN2CCN(c3ccc(Cl)cc3Cl)CC2)CC1)c1cccnc1,7.464506149291992,8.50986385345459,7.987185001373291
O=C1N(CCN2CCCCCC2)CCN1c1cccc(Cl)c1,8.18490982055664,7.695871353149414,7.940390586853027
Oc1ccc(-c2ccccc2)c2cc(C(O)NCCCN3CCN(c4ccccc4OCc4noc(-c5ccccc5)n4)CC3)ccc12,6.269138336181641,7.170190811157227,6.719664573669434
COc1ccccc1N1CCN(CCCCNC(=O)c2ccccc2C)CC1,7.564244747161865,8.189434051513672,7.8768393993377686
O=C(OC1CNCC1c1ccc(OCCCOc2ccc(Cl)cc2)cc1)c1ccc(F)cc1,6.46400260925293,6.38439416885376,6.424198389053345
Oc1cc(Br)c2[nH]c3c(c2c1)CCCC3,8.468311309814453,5.362227916717529,6.915269613265991
CC1CN(Cc2cccc(-c3cc4ccccc4o3)n2)CCN1CC(O)COc1ccc2nc(O)ccc2c1,5.630124568939209,7.241718292236328,6.4359214305877686
O=C(c1ccc(F)cc1)C1CCN(CCCCNC(=O)c2ccc(F)cc2)CC1,6.787692070007324,8.310702323913574,7.549197196960449
CCCCN(CCCC)C1CCc2c(O)cccc2C1,7.942216396331787,8.147453308105469,8.044834852218628
Cc1cc(C(=O)NCCCCN2CCC(c3cccc(Cl)c3Cl)CC2)c(C)o1,6.7683424949646,7.4817399978637695,7.125041246414185
Oc1ccc2c(OCCNCc3ccc(-c4ccccc4)cc3)c(-c3ccccc3)nc2c1,,,
CN(C)CCCC1=C(Cc2c[nH]c3ccccc23)Cc2ccccc2C1,7.083850860595703,6.602391242980957,6.84312105178833
COC(=O)c1ccccc1NC(C)CCCN1CCC(Cc2ccccc2)CC1,6.411225318908691,6.466317653656006,6.438771486282349
CN(C)C1CCc2ccc(O)cc2C1,7.045614719390869,8.28005599975586,7.662835359573364
N#Cc1ccc(N2CCN(CCCNC(=O)c3ccc(CF)cc3)CC2)cc1,5.904877662658691,6.686782836914063,6.295830249786377
Cc1cc(C)cc(N2CCC(CNC(=O)c3cccs3)CC2)c1,6.667821884155273,7.019778251647949,6.843800067901611
NC(=O)c1cccc(NC(=O)CN2CCC(c3noc4cc(F)ccc34)CC2)c1,6.571034908294678,5.181098937988281,5.8760669231414795
COc1ccccc1N1CCN(Cc2cn3cccc3n2)CC1,,,
Cc1cc(OCCCNCc2cccc(Cl)c2)ccc1Cl,6.6617608070373535,6.378705978393555,6.520233392715454
CCCN(CCC)C1CCc2c(cccc2-c2cccc(OC)c2)C1,7.0975728034973145,7.260443687438965,7.17900824546814
N#CC1=C(N2CCCCC2)Cc2[nH]c3ccc(F)cc3c2C1,7.584515571594238,5.599177837371826,6.591846704483032
CN1CCc2c(sc3ncn(CCN4CCN(c5cccc6ccccc56)CC4)c(=O)c23)C1,7.933943748474121,7.499076843261719,7.71651029586792
O=C(Nc1cccc(Cl)c1Cl)N1CCN(Cc2ccc3c(c2)OCO3)CC1,6.820590972900391,6.4039626121521,6.612276792526245
O=C1CCc2ccc(OCCCCN3CCN(c4cccc(Cl)c4Cl)CC3)nc2N1,8.820858001708984,7.946710586547852,8.383784294128418
O=C(NC1CCc2ccc(CCN3CCN(c4nsc5ccccc45)CC3)cc21)c1ccc(-n2cccn2)cc1,7.2466044425964355,6.663330078125,6.954967260360718
CCCN(CCC)C1CCc2c(cccc2C(O)C(O)C(O)C2CCCCC2)C1,5.669382572174072,4.984778881072998,5.327080726623535
Cc1noc(C)c1S(=O)(=O)NCCCCN1CC=C(c2c[nH]c3cc(F)ccc23)CC1,7.648404121398926,8.125503540039062,7.886953830718994
Cc1[nH]c2ccccc2c1CCN1CCc2c([nH]c3ccc(Cl)cc23)C1C(=O)O,6.375595569610596,5.53095293045044,5.953274250030518
CN(C)c1ccc(-c2ccc(C(C)(C)N3CC=C(c4nc5ccccc5[nH]4)CC3)cc2)cc1,7.006957530975342,6.727805614471436,6.867381572723389
O=C1C2CCCN2C(=O)N1CCCCNCCc1ccccc1,6.620003700256348,7.0714874267578125,6.84574556350708
COc1ccccc1N1CCN(CCn2c(=O)[nH]c3ccsc3c2=O)CC1,8.135482788085938,7.212765693664551,7.674124240875244
COc1cccc(N2CCN(CCCCn3ncc(=O)n(CC4CCCN(C5CCCC5)C4)c3=O)CC2)c1,6.2945966720581055,7.134486675262451,6.714541673660278
c1ccc(N2CCN(CCCCOc3cccc4nc(-c5ccccc5)[nH]c34)CC2)cc1,7.525156021118164,7.878694534301758,7.701925277709961
FC(F)(F)c1cccc(N2CCN(CCCCc3c[nH]c4ccc(-n5cnnc5)cc34)CC2)c1,8.035001754760742,6.935299396514893,7.485150575637817
CCCN(CCCCN1CCN(c2cccc(Cl)c2Cl)CC1)C1CCc2ccc(O)cc2C1,8.07448959350586,9.032450675964355,8.553470134735107
COc1ccccc1N1CCN(CCc2ccc3n[nH]nc3c2)CC1,7.974175930023193,6.132439136505127,7.05330753326416
N#Cc1ccc(N2CCN(CCCCOc3ccc4c(c3)CCC4CC(=O)O)CC2)cc1C#N,7.187299728393555,6.36035680770874,6.7738282680511475
CCCN(CCc1cccs1)C1CCc2ccc3[nH]ccc3c2C1,7.883999824523926,7.9730119705200195,7.928505897521973
CCOc1cccc(C(=O)NCCCN2CCN(c3ccc(C(F)(F)F)cc3)CC2)c1,5.646429061889648,6.986879825592041,6.316654443740845
CN1CCC2(CC1)Oc1ccc(Br)cc1C1CC(c3ccc(F)cc3F)=NN12,7.605528354644775,8.546028137207031,8.075778245925903
CCN(CC)C(=O)NC1Cc2c(cc3c[nH]c4c3c2C=CC4)N(C)C1,8.286233901977539,9.047707557678224,8.66697072982788
CCCN(CCc1ccccc1)C1CCc2ccc3[nH]cc(C=O)c3c2C1,7.241363048553467,6.838680744171143,7.040021896362305
O=C1N(CCN2CCCc3ccccc32)CCN1c1cccc(C(F)(F)F)c1,6.771539211273193,6.9827799797058105,6.877159595489502
CCc1nc2ccc(OC3CCN(C(C)=N)CC3)cc2n1CC=Cc1ccc(NC(=O)N(C)C)cc1,6.533300399780273,5.631565570831299,6.082432985305786
COc1ccc(CCn2c3ccc(F)cc3c3nc(C(C)C)nn32)cc1,6.587816715240479,6.461571216583252,6.524693965911865
CCCN(CCC)C1CCc2c(cccc2-c2ccccc2)C1,7.303905487060547,7.553221225738525,7.428563356399536
CCCNC(=O)c1ccc(-c2ccc3c(c2)Oc2ccc(OCCCN4CCOCC4)cc2NC3=O)cc1,6.66355037689209,7.422510147094727,7.043030261993408
Cc1cc(Cl)ccc1OCC(=O)N1CCC(N2CCN(c3cccc(Cl)c3)CC2)CC1,5.400750160217285,6.290197372436523,5.845473766326904
O=C1COc2ccc(CCN3CCN(c4nsc5ccccc45)CC3)cc2N1,7.664715766906738,6.477509021759033,7.071112394332886
COc1ccccc1N1CCN(CCCCNC(=O)c2nc(C)n(-c3ccccc3)n2)CC1,6.78326940536499,7.911508083343506,7.347388744354248
C=CCN1CCC(CO)(CC(=O)NCCCCN2CCN(c3ccccc3Cl)CC2)CC1,5.75312089920044,6.98065996170044,6.36689043045044
CN1CCN(C(=O)C2CCC(=O)N(C3CCCCCC3)C2)CC1,5.60959005355835,6.800619602203369,6.205104827880859
CC(C)CC1CCn2c(cc3sccc32)C1,5.871076583862305,6.16770601272583,6.019391298294067
O=S(=O)(NCCCCN1CCC(c2noc3cc(F)ccc23)CC1)c1cc2ccccc2s1,7.821849822998047,8.171525955200195,7.996687889099121
O=C(Nc1ccccc1)NC1CCN(CCCN2C(=O)COc3ccccc32)CC1,7.655886650085449,6.457691192626953,7.056788921356201
N#Cc1nc(CCCN2CCN(c3cccc(F)c3)CC2)cc(-c2cccs2)n1,6.081662654876709,6.67678689956665,6.37922477722168
CCN1C(C)=C(C)SC1c1ccc(OC)cc1,5.237122058868408,6.184473514556885,5.7107977867126465
CN1CCN(c2ccc3nc(C4C(=O)N=c5cccc(F)c5=C4N)[nH]c3c2)CC1,5.461558818817139,5.804503917694092,5.633031368255615
O=C1c2ccccc2CC2CNCCN12,5.787750720977783,5.259807109832764,5.523778915405273
CCOc1cc2c(cc1OCC)C1C(=O)CCC(NC(=O)CCN3CCN(c4cccc(Cl)c4Cl)CC3)CC1C2,6.964183807373047,7.810700416564941,7.387442111968994
Fc1ccc(OCCCN2CCN(c3ccccn3)CC2)cc1,6.659126281738281,6.833277702331543,6.746201992034912
O=C(O)C1CN(Cc2ccc(OCc3ccccc3)cc2Cl)C1,5.827974319458008,4.408931732177734,5.118453025817871
Cc1ncoc1-c1nnc(SCCCN2CC3CC3(c3ccc(C(F)(F)F)cc3)C2)n1C,6.68971061706543,8.816180229187012,7.752945423126221
CN(C)CCNCc1c[nH]c2ccc(-c3cnn(CC(=O)N4CCN(c5ccccc5OCC4)c3)cc12,,,
COc1ccccc1N1CCN(CCCCCCC(=O)N2Cc3ccccc3CC2C(C)NC(C)=O)CC1,7.331145763397217,6.957237243652344,7.14419150352478
O=C1N(CCCN2CCN(c3ccc(Cl)cc3)CC2)CCN1c1cccc(Cl)c1,5.832700729370117,6.51810884475708,6.175404787063599
COc1ccccc1N1CCN(CCn2c(=O)[nH]c3sc(-c4ccccc4)cc3c2=O)CC1,7.632057666778564,7.492845058441162,7.562451362609863
COc1ccc(C=C2SC(=Nc3ccccc3)NC2=O)cc1O,5.977583885192871,4.828543663024902,5.403063774108887
Oc1nc(CN2CCC3(CC2)OCCc2ccccc23)nc2ccccc12,6.170404434204102,6.036592483520508,6.103498458862305
O=C(NCc1ccccc1)C1CCN(CCCc2c[nH]c3ccccc23)CC1,6.461123466491699,6.694807052612305,6.577965259552002
CCCN(CCC)C1CCc2c(ccc(O)c2O)C1,8.462950706481934,9.167142868041992,8.815046787261963
CCCN(CCc1cccs1)C1CCc2c(O)cccc2C1,8.405183792114258,8.605388641357422,8.50528621673584
O=C(NCCc1ccc2c(c1)OCO2)C1CCN(CCc2ccc3c(c2)OCO3)CC1,6.276902198791504,6.031486511230469,6.154194355010986
OC1(c2ccc(Cl)cc2)CCN(CN2CCN(c3ccccc3F)CC2)CC1,6.269741535186768,6.338330268859863,6.304035902023315
COc1ccc(CNC2C(=O)C(=O)C2=Nc2ccc3n[nH]cc3c2)cc1,5.4502668380737305,4.441784381866455,4.946025609970093
Cn1cc(S(=O)(=O)NC2CCC(CCN3CCC(c4noc5cc(F)ccc45)CC3)CC2)cn1,7.625531673431396,7.991833686828613,7.808682680130005
O=C(CCl)N(c1cccc(O)c1)C1CCN(CCC2CCCCC2)CC1,6.448629379272461,7.502114295959473,6.975371837615967
Oc1nc2cccc(OCCNCc3ccccc3)c2o1,7.855310440063477,7.464760780334473,7.660035610198975
COc1cc(C(=O)OCC(=O)NCCCN2CCC(c3ccccc3)(c3ccc(F)cc3)CC2)cc(OC)c1OC,5.752444267272949,5.61494255065918,5.6836934089660645
COc1ccccc1N1CCN(CCCCNC(=O)C=Cc2ccccc2OC(F)(F)F)CC1,7.568647861480713,8.900397300720215,8.234522581100464
CCc1ccccc1N1CCN(CCCCNC(=O)c2ccc(C3=CCC(C)(C)CC3)cc2)CC1,6.941376209259033,8.121955871582031,7.531666040420532
Oc1ccc(CN2CCC(CCc3ccc(F)cc3)CC2)cc1,6.605445384979248,6.652226448059082,6.628835916519165
Cc1cccc(C(C(=O)NCCCN2CCOCC2)c2ccc(F)cc2)c1,5.502220630645752,5.920284748077393,5.711252689361572
COc1ccccc1N1CCN(CCCCNC(=O)c2cc3ccccn3n2)CC1,7.175562858581543,8.398908615112305,7.787235736846924
CCOc1ccccc1N1CCN(CCCCN2C(=O)CC3(CCCC3)CC2=O)CC1,7.420572280883789,8.911605834960938,8.166089057922363
O=C1CC=C2Oc3cc(O)ccc3C(CCCCN3CCN(c4ccccc4F)CC3)C12,7.517106056213379,8.306407928466797,7.911756992340088
O=C(NC1CCN(Cc2ccccc2)CC1)c1cc(F)ccc1F,6.804742813110352,6.824764728546143,6.814753770828247
O=C1NCCN1CCN1CCC(c2cn(-c3ccc(F)cc3)c3ccc(Cl)cc23)CC1,7.742378234863281,6.38731050491333,7.064844369888306
CN1CCN(CCCNc2cc(-c3ccccc3)nc3cc(-c4cccc5[nH]ncc45)nn23)CC1,6.349410533905029,6.682137489318848,6.5157740116119385
Oc1[nH]cc2cc(F)c(OCCCCN3CCN(c4cccc5ccc(F)cc45)CC3)cc12,8.327508926391602,8.12650203704834,8.22700548171997
Oc1nc2ccccc2n1C1CCN(CCCC(c2ccc(F)cc2)c2ccc(F)cc2)CC1,7.2845869064331055,6.960117340087891,7.122352123260498
O=C1Cc2c([nH]c3ccc([N+](=O)[O-])cc23)-c2ccccc2N1,8.242632865905762,5.390047073364258,6.81633996963501
CCOc1ccccc1N1CCN(CCCCNC(=O)c2cc3ccccc3s2)CC1,7.348800659179687,9.27159595489502,8.310198307037354
Cc1ccc(-c2nnc(S)n2CCCN2CCN(c3ccccc3OC(F)(F)F)CC2)cc1,7.114395618438721,7.091183185577393,7.102789402008057
O=C(COc1ccccc1Br)Nc1nnc(-c2ccncc2)s1,4.698751449584961,4.136683940887451,4.417717695236206
CN1CCN(c2nc(Cl)nc3c2sc2ccccc23)CC1,7.302554130554199,6.447966575622559,6.875260353088379
Oc1[nH]cc2cc(F)c(OCCCN3CCN(c4cccc5cc(F)ccc45)CC3)cc12,8.232381820678711,7.963079452514648,8.09773063659668
N#Cc1ccc2[nH]cc(CCCCN3CCN(c4ccc5oc(C(N)=O)cc5c4)CC3)c2c1,7.100305557250977,7.288533210754394,7.1944193840026855
O=[N+]([O-])c1ccc(O)c2ncccc12,8.206071853637695,4.830493927001953,6.518282890319824
O=C1N(CCN2CCCCC2)CCN1c1cccc(Cl)c1,8.017598152160645,7.75933027267456,7.8884642124176025
Oc1[nH]cc2[nH]cc(CCCCN3CCN(c4cnc5ccccc5c4)CC3)c12,7.46010684967041,7.738239288330078,7.599173069000244
CCc1nc2ccc(OC3CCN(C4Cc5cccc6c5OC4c4cnc(Cl)nc4-6)CC3)cc2s1,6.608821392059326,6.840188026428223,6.724504709243774
CCCN1CCc2ccc(NC(=O)c3cnc(C)cn3)cc2CC1,5.076786041259766,5.955023288726807,5.515904664993286
COc1ccc2[nH]cc(C(=O)NCCCN3CCC(Cc4ccccc4)CC3)c2c1,6.106346607208252,6.960397720336914,6.533372163772583
CCN(CCO)CCCOc1ccc2c(Nc3cc(CC(=O)Nc4cccc(F)c4)[nH]n3)ncnc2c1,6.141806602478027,5.75602388381958,5.948915243148804
O=C(CCCCCN1CCN(c2ccccc2Cl)CC1)c1ccc(F)cc1,8.244293212890625,7.565060138702393,7.904676675796509
O=C1N(CCN2CCC3(CC2)CN(c2ccccc2)c2ccccc23)CCN1c1ccccc1,7.340015411376953,6.624292373657227,6.98215389251709
Oc1cc2c(OCCNCc3ccccc3)ccc(Cl)c2[nH]1,8.818074226379395,7.795685768127441,8.306879997253418
Fc1ccccc1S(=O)(=O)NC1CCC(N2CCN(c3cc(-c4ccccc4)ncn3)CC2)CC1,6.526223182678223,7.242829322814941,6.884526252746582
Cc1nc2ccccn2c1CN1CCCC(COc2cccc3c2CCCO3)C1,6.554865837097168,5.507374286651611,6.03112006187439
COc1ccc(CC(=O)NCCCCN2CCN(c3ccc(Cl)cc3Cl)CC2)cc1,6.49005126953125,7.050070762634277,6.770061016082764
C1=C(c2csc3ccccc23)CCN(CCCSc2nnc(-c3ccccc3)n2CC1,,,
O=C1c2ccccc2C2CN(CCCc3cn(-c4cccc(C(F)(F)F)c4)c4ccccc34)CCN12,6.275633811950684,6.264369487762451,6.270001649856567
O=C(NCCCCCN1CCN(c2nsc3ccccc23)CC1)c1ccccc1O,7.684074401855469,7.975705146789551,7.82988977432251
O=C(NC1CCN(Cc2ccc3cc(F)ccc3c2)C1)c1cccnc1,6.102970600128174,7.145134449005127,6.62405252456665
Oc1ccc2c(n1)[SH](O)(O)=CC2,7.95073652267456,9.6424560546875,8.79659628868103
CCCN(CCC)C1CCc2c(O)cccc2C1,8.197704315185547,8.453163146972656,8.325433731079102
Cc1ccc2c(c1)C(N1CCN(C)CC1)=Nc1ccc3c(c1)CCCO3,,,
CC(C)CCN1CCC(c2ccccc2)CC1,6.006485939025879,5.91574764251709,5.961116790771484
CCN(CC)C(=O)NC1CC2=C(Cc3c[nH]c4cccc2c34)N(C)C1,8.485456466674805,8.415810585021973,8.450633525848389
NC(=O)COc1ccccc1C(=O)NC1CCN(CCCN2CCN(c3cccc(Cl)c3Cl)CC2)CC1,7.089089393615723,6.493741989135742,6.791415691375732
O=C(O)c1ccc(N2C(=O)C(=CC=Cc3ccccc3)SC2=S)cc1,5.290439128875732,5.344451904296875,5.317445516586304
Cc1nn(C)c2c1c(=O)n(C3CCN(Cc4ccccc4)CC3)c(=O)n2C,6.731539726257324,7.723372459411621,7.227456092834473
CCCN1CCCC2Cc3n[nH]cc3CC21,7.44367504119873,7.752826690673828,7.598250865936279
CCn1nc(C)cc1C(=O)NCCc1ccc(OC)cc1,6.367970943450928,6.837143421173096,6.602557182312012
CCCN1CCCC1CNC(=O)c1cc(Cl)cc(Cl)c1,6.920637130737305,8.639514923095703,7.780076026916504
CCCN(CCc1ccccn1)C1CCc2ccc(O)cc2C1,7.64680004119873,8.264913558959961,7.955856800079346
NC(=O)C1CCCN1C(=O)CCCc1nc2ccccc2[nH]1,7.611427307128906,5.998289585113525,6.804858446121216
COc1ccccc1N1CCN(CCn2ncc3c2nc(N)n2nc(-c4cccc(Cl)c4)cc32)CC1,6.772249221801758,6.401913642883301,6.587081432342529
CN1CCN(CCCN2c3ccccc3Sc3ccc(Cl)cc32)CC1,7.559834003448486,7.69283390045166,7.626333951950073
NC1CCC(Nc2cc(Cl)nc(-c3c[nH]c4ncccc34)n2)CC1,6.4105377197265625,6.741289138793945,6.575913429260254
CCCN(CCN1CCN(c2ccccc2O)CC1)C1CCc2ccc(O)cc2C1,7.675475597381592,9.087706565856934,8.381591081619263
CC(C)CC1C(=O)N2CCCC2C2(O)OC(NC(=O)C3=CC4c5cccc6[nH]c(Br)c(c56)CC4N(C)C3)(C(C)C)C(=O)N12,8.848762512207031,9.667253494262695,9.258008003234863
c1ccc(-c2ccc(CN3CCC(n4ncc5ccc(N6CCC(N7CCCC7)CC6)cc54)CC3)cc2)cc1,6.530835151672363,5.756772518157959,6.143803834915161
Oc1nc2cc(-c3ccccc3)nn2c2c1CCNC2,6.12948751449585,6.454790115356445,6.2921388149261475
Cc1[nH]c2ccc(O)cc2c1CC1=NCCN1,5.800799369812012,5.079774379730225,5.440286874771118
CCCN(CCCNc1ccnc2cc(Cl)ccc12)Cc1nc(-c2ccccc2O)no1,5.990571975708008,6.586130142211914,6.288351058959961
Oc1[nH]cc2cc(F)c(OCCCN3CCN(c4cccc5cccc(F)c45)CC3)cc12,8.04649829864502,7.654065132141113,7.850281715393066
COc1ccccc1N1CCN(CCCCNC(=O)c2cc3ccccn3n2)CC1,7.175562858581543,8.398908615112305,7.787235736846924
CCCN1CCC(c2ccc(C#N)c(Cl)c2)CC1,6.4969892501831055,5.922468185424805,6.209728717803955
Cc1ccccc1N1CCN(Cc2ccc(CN3CCCCC3=O)s2)CC1,6.102067470550537,5.8909454345703125,5.996506452560425
COc1ccccc1N1CCN(Cc2cccc(C(=O)N3CCCCC3)c2)CC1,7.270198345184326,6.431001663208008,6.850600004196167
O=C(NC1CCC(CCN2CCN(c3cc(Cl)ccc3Cl)CC2)CC1)c1cc2ccccc2s1,7.561245918273926,8.887651443481445,8.224448680877686
COc1ccccc1N1CCN(CCCNc2ncc(Cl)cc2C(=O)NC2CCC2)CC1,7.659432888031006,7.43731689453125,7.548374891281128
Cc1cc(OCCN2CCCCC2)cc2nnc(-c3c(Cl)cccc3Cl)n12,7.0485124588012695,6.32099723815918,6.684754848480225
COc1ccccc1N1CCN(CCn2c(=O)[nH]c3scc(-c4cccc(C)c4)c3c2=O)CC1,7.361804008483887,7.161496162414551,7.261650085449219
Cc1ccc2[nH]c(N3CCN(CCc4nc(-c5ccccc5)no4)CC3)nc2c1,6.089585304260254,6.796210289001465,6.442897796630859
Oc1ccc2[nH]cc(CCCCN3CC=C(c4cc(F)ccc4F)CC3)c2c1,8.791801452636719,8.332595825195312,8.562198638916016
CCCN(CCCNc1ccnc2cc(Cl)ccc12)C1CCc2ccc(O)cc2C1,7.616073608398437,7.886593818664551,7.751333713531494
Cc1ccc2c(CCNC(=O)c3ccccc3CN3CCCC3=O)coc2c1,6.411198616027832,5.89400053024292,6.152599573135376
O=C1N(CCN2CC3CC3(c3ccc(F)cc3)CC2)CCN1c1cccc(Cl)c1,7.900066375732422,7.418472766876221,7.659269571304321
COc1ccccc1N1CCN(CCCCNC(=O)c2cc3cc(COC4CCCCC4)ccc3o2)CC1,7.025269985198975,7.632800102233887,7.329035043716431
COc1ccc2c(c1)nc(NC1CCC(N(Cc3ccccc3)C(=O)CCCN3CCSCC3)CC1)n2C,7.052661895751953,7.243304252624512,7.147983074188232
COc1ccc(OC)c(C2CCN(CCCCNC(=O)C3CCCCC3)CC2)c1,6.314113140106201,6.72773551940918,6.52092432975769
O=C(CCCCCCN1CCN(c2cccc(Cl)c2Cl)CC1)c1ccc2c(c1)CCN2CCO,7.677824974060059,7.863374710083008,7.770599842071533
COc1ccc2[nH]cc(CCNc3ccnc(-c4ccc5c(c4)COC5)n3)c2c1,6.105994701385498,5.653737545013428,5.879866123199463
O=C1CCc2ccc(OCCCCN3CCN(c4cccc(C(F)(F)F)c4Cl)CC3)nc2N1,8.550561904907227,7.947593688964844,8.249077796936035
N#CC(=Cc1ccc(O)c(O)c1)C(=O)NCCCNC(=O)C(C#N)=Cc1ccc(O)c(O)c1,5.123376846313477,4.179433345794678,4.651405096054077
COc1ccccc1N1CCN(CCn2c(=O)[nH]c3cc(-c4ccc(OC)c(OC)c4)ccc3c2=O)CC1,7.449440479278564,7.228110313415527,7.338775396347046
CCCN(CCC1CCC(NS(=O)(=O)c2cccc3nsnc23)CC1)C1CCc2nc(N)sc2C1,7.946195602416992,8.943415641784668,8.44480562210083
COc1cccc(CN2CCC3(CC2)CC(=O)N(CCN2CCN(c4ccccc4OC)CC2)CN3c2ccc3[nH]cnc3c2)c1OC,7.76689863204956,6.396305561065674,7.081602096557617
COc1ccc(N=C2SCC(=O)N2c2ccccc2)cc1OC,5.308053970336914,4.870229721069336,5.089141845703125
COc1ccc(N2CCN(CCCCNc3ccc(-c4coc5ccccc45)cn3)CC2)cc1,6.577847003936768,7.035650253295898,6.806748628616333
CN(C1CCC(C#N)(c2ccccc2)CC1)S(=O)(=O)c1ccc2c(c1)OCCO2,6.379703998565674,6.098120212554932,6.238912105560303
O=c1oc2cc(O)ccc2cc1-n1cncn1,7.246274948120117,5.08355188369751,6.1649134159088135
O=C1CCc2cc(NC(=O)NC3CCCCC3)ccc2N1,7.980810642242432,6.404077529907227,7.192444086074829
CCCN(CCC)C1CCc2c(O)cccc2C1,8.197704315185547,8.453038215637207,8.325371265411377
O=C(NC1CCC2(O)C3Cc4ccc(O)c5c4C2(CCN3CC2CC2)C1O5)c1cccc(I)c1,8.86988353729248,8.89607048034668,8.88297700881958
O=C(NCC=CCN1CCN(c2cccc(Cl)c2Cl)CC1)c1ccc(C(F)(F)F)cc1,7.5902099609375,8.468046188354492,8.029128074645996
O=C(NCCCCN1CCN(c2cccc(Cl)c2Cl)CC1)c1cc2ccccc2[nH]1,7.3425798416137695,9.33303451538086,8.337807178497314
Fc1ccc2c(C3CCNCC3)c[nH]c2c1,6.729673385620117,5.041923522949219,5.885798454284668
CC(C)(C)NC(=O)NC1CCC(Nc2nc(Cl)cc(-c3c[nH]c4ncccc34)n2)CC1,6.798462390899658,7.122568607330322,6.96051549911499
O=C(NC1CCc2ccc(CCN3CCN(c4nsc5ccccc45)CC3)cc21)c1cccs1,7.400638580322266,6.586479663848877,6.993559122085571
COc1ccccc1N1CCN(CCn2c(=O)[nH]c3scc(-c4cccc(C(F)(F)F)c4)c3c2=O)CC1,7.262290954589844,7.175326347351074,7.218808650970459
CCCN(CCC)c1cc(C(=O)NCCCN2CCN(c3ccccc3)CC2)cc([N+](=O)[O-])c1,6.314121246337891,7.40653657913208,6.860328912734985
O=C1N(CCCCN2CCOCC2)CCN1c1cccc(Cl)c1,7.290660381317139,8.176809310913086,7.733734846115112
COc1ccccc1N1CCN(CCn2c(C)nc3c(sc4ccc(NC(=O)CCNCC(C)=O)cc43)c2=O)CC1,6.882011413574219,6.002655029296875,6.442333221435547
COc1cc2c(cc1OC)C1=NOC(CN3CCN(CC(C)=Cc4ccccc4OC)CC3)C1CO2,6.115276336669922,5.890507698059082,6.002892017364502
Cc1ccc(N2CCN(CCCCNC(=O)c3cn4ccccc4n3)CC2)c(C)c1,5.897542476654053,7.637011528015137,6.767277002334595
CCC(=O)NCCCc1cc(OC)ccc1OCCc1ccc(C(N)=O)cc1,7.291856288909912,6.346012115478516,6.818934202194214
O=C(NC1CCc2ccc(CCN3CCN(c4nsc5ccccc45)CC3)cc21)C1CC1,7.392701625823975,6.859645843505859,7.126173734664917
C=CCN1CCC(c2ccc(Nc3nc(Nc4cc(F)ccc4C(N)=O)c4cc[nH]c4n3)c(OC)c2)CC1,7.013217449188232,5.661561489105225,6.3373894691467285
COc1ccc(CNC(=O)c2cc3ccccc3n2CC(C)C)c(OC)c1OC,6.722176551818848,6.2875189781188965,6.504847764968872
CC(C)N1CCN(c2ccc(C(=O)NCCCCCCN3CCN(c4cccc(Cl)c4Cl)CC3)cc2)CC1,6.412328720092773,7.2924885749816895,6.8524086475372314
O=C1CCc2ccc(OCCCCN3CCN(c4cccc5cccc(F)c45)CC3)nc2N1,8.669334411621094,7.364121913909912,8.016728162765503
CCCN(CCC)C1CCc2c(cccc2-c2ccc(O)c(F)c2)C1,7.878788948059082,7.895804405212402,7.887296676635742
COc1ccccc1N1CCN(CCCCNC(=O)c2cc3ccccc3o2)CC1,7.030130386352539,8.543241500854492,7.786685943603516
CCCCN1CCCC2Cc3n[nH]cc3CC21,7.53536319732666,7.7524800300598145,7.643921613693237
COc1ccccc1N1CCN(CCCCNC(=O)C=Cc2ccc(Cl)cc2)CC1,7.462882041931152,8.863007545471191,8.162944793701172
COc1ccccc1N1CCN(CCC2CCC(Nc3ncccn3)CC2)CC1,8.168222427368164,7.653456687927246,7.910839557647705
Cc1ccc2c(OCCN3CCC(Cc4cccc(N5CCOCC5)c4)CC3)cccc2n1,7.480100631713867,6.783403396606445,7.131752014160156
CNCCC(Oc1cccc2c1cnn2-c1ncccc1C(F)(F)F)C1CCCCC1,6.6663737297058105,6.408253192901611,6.537313461303711
COc1ccc(C2=NC(C)c3ccc(OCCCN4CCN(c5ccc(F)cc5)CC4)cc3N2)cc1,5.547364711761475,6.804080009460449,6.175722360610962
CCCN(CCc1ccccc1)C1CCc2c(O)cccc2C1,8.200567245483398,8.143576622009277,8.172071933746338
CN1CCc2c(c3cc(F)ccc3n2CCc2ccccc2-c2ccc(OCCN3CCCC3)cc2)C1,7.737468719482422,6.419600963592529,7.078534841537476
Oc1[nH]cc2cc(F)c(OCCCN3CCN(c4cccc(Cl)c4Cl)CC3)cc12,7.797100067138672,8.248220443725586,8.022660255432129
O=C1N(CC2CCCC2)CCN1c1ccc(Cl)c(Cl)c1,7.691400527954102,7.619811058044434,7.655605792999268
COc1ccccc1N1CCN(CCCCNC(=O)c2ccc(I)cc2)CC1,7.739108562469482,8.816131591796875,8.277620077133179
CCCN(CCc1cccs1)C1CCc2c(O)cccc2C1,8.405183792114258,8.605388641357422,8.50528621673584
CC(F)CN1CCN(C2CCc3cc(O)ccc32)C(CCO)C1,5.345223903656006,6.890198230743408,6.117711067199707
CCCN(CCC1CCC(NS(=O)(=O)c2cccc3ccccc23)CC1)C1CCc2nc(N)sc2C1,7.276946067810059,8.826635360717773,8.051790714263916
CC(=NNC(=O)c1ccncc1)c1ccc(Br)cc1,4.902988910675049,4.754370212554932,4.82867956161499
O=C(NCC=CCN1CCN(c2cccc(Cl)c2Cl)CC1)c1ccc(-c2ccc(Cl)cc2)[nH]1,7.374904632568359,8.819214820861816,8.097059726715088
CCOc1nc(NC(C)=O)cc(N)c1C#N,7.19559383392334,3.862962007522583,5.529277920722961
CN1CCN(C2=Nc3cc(Cl)ccc3Nc3ccccc32)CC1,6.543483257293701,7.039327621459961,6.791405439376831
O=C(CCCN1CCC2(CC1)C(=O)c1cc(Cl)cc(Cl)c1O2)N1CCN(Cc2ccc3ccccc3c2)CC1,6.457047462463379,8.214776992797852,7.335912227630615
CN1CCc2cccc3c2C1Cc1cccc(O)c1-3,6.989553451538086,7.396730422973633,7.193141937255859
CC1=CC(C)(C)Nc2ccc3c(c21)C(=Cc1ccccc1N)Oc1ccc(F)cc1-3,5.622583866119385,5.753765106201172,5.688174486160278
COc1ccccc1N1CCN(CCN(C(=O)C23C4C5C2C2C3C4C52I)c2ccccn2)CC1,7.1265411376953125,5.760276317596436,6.443408727645874
COc1ccccc1N1CCN(CCc2ccc3nonc3c2)CC1,7.478600978851318,6.01164436340332,6.745122671127319
COc1ccccc1N1CCN(CCCCCn2nncc2C(=O)NCCCn2ccc3ccc(O)cc32)CC1,7.488792896270752,7.46658992767334,7.477691411972046
COc1cccc(CCNCCOc2cccc3c2OCCC3)c1,6.897185802459717,6.777650833129883,6.8374183177948
CCCN(CCC)C1CCc2c(ccc(O)c2O)C1,8.462950706481934,9.167142868041992,8.815046787261963
O=C(NCC=CCN1CCN(c2cccc(Cl)c2Cl)CC1)c1cc2ccccc2s1,7.323400497436523,8.93916130065918,8.131280899047852
CN1CCCN(S(=O)(=O)c2ccc(Nc3cccc(C(F)(F)F)c3)cc2)CC1,6.263514041900635,5.91990327835083,6.091708660125732
COc1ccccc1N1CCN(CCCCCN2C(=O)CC(C)(c3ccccc3)CC2=O)CC1,7.287817001342773,7.219550132751465,7.253683567047119
COc1ccccc1N1CCN(CCCCNC(=O)c2c(C)nn(-c3ccccc3)c2C)CC1,7.244621276855469,8.06845760345459,7.656539440155029
CCCN1CCCC2Cc3[nH]ncc3CC21,7.043054103851318,7.927458763122559,7.4852564334869385
CC(C)(C)c1ccc(S(=O)(=O)Nc2cncc(S(=O)(=O)Nc3ncccn3)c2)cc1,6.40717077255249,6.96091365814209,6.68404221534729
COc1c(Br)cc(-c2nc3ccc(C(=O)N(C)CCCN4CCN(c5ccccc5OC(F)F)CC4)cc3[nH]2)cc1Br,5.852853298187256,7.287777423858643,6.570315361022949
CCCN1CCc2c([nH]c3ccc(Cl)cc23)C1,7.199336051940918,6.726965427398682,6.9631507396698
O=C(NC1CCC2(O)C3Cc4ccc(O)c5c4C2(CCN3CC2CC2)C1O5)c1ccc(Br)o1,8.44303035736084,9.071898460388184,8.757464408874512
Oc1[nH]cc2c(-c3ccsc3)nc(NCCN3CCN(c4cccc(Cl)c4Cl)CC3)nc12,7.641063690185547,7.027534008026123,7.334298849105835
CC(=O)Nc1cccc(C2CCN(Cc3csc(-c4ccc(C(N)=O)cc4)n3)CC2)c1,5.465596675872803,5.0622076988220215,5.263902187347412
CCCN(CCC1CCC(NC(=O)c2ccc3ccccc3c2)CC1)C1CCc2nc(N)sc2C1,6.920759677886963,8.741766929626465,7.831263303756714
Cc1c(Cl)ccc2c1N1CCN(CCCC(=O)c3ccc(F)cc3)CC1C2,8.07490062713623,7.147872924804688,7.611386775970459
CCCN(CCCCN1CCN(c2ccccc2OC)CC1)C1CCc2c(O)cccc2C1,8.41225814819336,8.62702751159668,8.51964282989502
CC(C)(C)c1ccc(S(=O)(=O)NCCCCN2CCN(c3ccccc3OC(F)CF)CC2)cc1,7.318974494934082,7.67471981048584,7.496847152709961
Nc1ncnc2c1N=C(c1ccc3c(c1)OCCO3)CN2,5.982565879821777,4.37221622467041,5.177391052246094
CCCCN1CCC(COc2nsc3ccccc23)CC1,6.129892349243164,7.26061487197876,6.695253610610962
COc1cccc(C2CN(C)CCc3cc(OC)c(OC)cc32)c1,4.789483070373535,5.252504825592041,5.020993947982788
CCCN(CCN1CCN(c2ccc3ccccc3c2)CC1)C1CCc2c(O)cccc2C1,7.459298133850098,8.586525917053223,8.02291202545166
CC(=O)Nc1cccc(C#Cc2cncnc2NCCN2CCC3(CC2)OCCc2ccccc23)c1,5.702492713928223,5.034107685089111,5.368300199508667
CCCN(C)C1CCn2cc(c3ccccc32)C2=C(C(=O)NC2=O)c2cn(c3ccccc23)CCOCC1,5.971829891204834,5.644404411315918,5.808117151260376
CCCN(CCC)C1CCc2c(O)cccc2C1,8.197704315185547,8.453164100646973,8.32543420791626
COc1ccc2[nH]cc(C3CCN(CC(O)COc4cccc5[nH]c(O)cc45)C(C)C3)c2c1,6.779685497283936,6.667121410369873,6.723403453826904
Cc1ccc2c(N3CCN(CCc4c(C)ccc5c4ccc(=O)n5C)C(C)C3)cccc2n1,6.630149841308594,6.445480346679688,6.537815093994141
Cc1ccc2c(N3CCN(CCc4c(C)ccc5c4ccc(=O)n5C)CC3)ccnc2n1,6.629500389099121,6.0894622802734375,6.359481334686279
Fc1ccc(C(OCCN2CCN(c3ccccc3Cl)CC2)c2ccc(F)cc2)cc1,6.723929405212402,6.678077697753906,6.701003551483154
O=C(c1ccc(F)cc1)C1CCN(CCn2c(=O)[nH]c3ccccc3c2=O)CC1,7.232570648193359,7.274512767791748,7.253541707992554
Cc1ncoc1-c1nnc(SCCCN2CC3CC3(c3ccc(C(F)(F)F)cc3)C2)n1-c1cccc(O)c1,6.412613391876221,8.406306266784668,7.409459829330444
COc1ccccc1N1CCN(CCCCNC(=O)c2cc(C#N)cc3c2N(CC3)CC3C2CCC2)CC1,,,
COc1ccc(-n2ncc(C)c2-c2ccc(OC)c(CN3CCN(c4ccnc(Cl)c4Cl)CC3)c2)cn1,6.179274559020996,6.317534446716309,6.248404502868652
CCCN1CCN(CCCC(=O)Nc2nc3ccc(Oc4ccc([N+](=O)[O-])cc4)cc3s2)CC1,6.184306621551514,6.295337200164795,6.239821910858154
CCCN(CCC)C1CCc2c(cccc2-c2nnc(SC)o2)C1,6.623424530029297,7.900617599487305,7.262021064758301
CC(C)CCN1CCN(c2ccc(OCCCF)cc2)CC1,6.844608306884766,6.89177131652832,6.868189811706543
CC1CN(c2ccccc2NC(=O)c2ccc3[nH]c(C4CCN(C)CC4)nc3c2)CCN1,5.489321708679199,5.794944286346436,5.642132997512817
CN1CCC(C(=O)Nc2n[nH]c3ncc(-c4cncc(F)c4)cc23)CC1,5.404280185699463,5.279887199401856,5.342083692550659
CCCOc1ccccc1-c1ccc(CNC2CCCCC2)c(Cl)c1,6.160827159881592,6.459090709686279,6.3099589347839355
O=C1c2ccc(OCCN3CCOCC3)cc2C(=O)N1CCO,5.339870929718018,5.620049953460693,5.4799604415893555
COc1cccc(OC)c1N1CCN(CCOc2ccc(-c3ccccc3)cc2)CC1,7.417382717132568,7.611830711364746,7.514606714248657
FC(F)(F)c1nnc2ccc(N3CCNCC3)nn12,6.239749908447266,5.362487316131592,5.801118612289429
Fc1ccc(OCCCN2CCN(c3ccccn3)CC2)cc1,6.659126281738281,6.833277702331543,6.746201992034912
Cc1ccc(N2CCN(CCCCNC(=O)c3cc4ccncc4s3)CC2)c(C)c1,6.168204784393311,7.847341537475586,7.007773160934448
N#Cc1ccc(N2CCN(CCCN3CCCCC3)CC2)cc1Cc1ccccc1,5.716185569763184,6.0631937980651855,5.889689683914185
COc1cccc(NC(=O)NC2CCCC(CCN3CCN(c4cc(Cl)ccc4OC)CC3)C2)c1,7.853169441223144,8.24081039428711,8.046989917755127
CCCCN(CCCC)C1Cc2cccc(O)c2C1,7.700094223022461,8.063735008239746,7.8819146156311035
Cc1cccc(C=CC(=O)NCC2CCC(NC(=O)c3ccc([N+](=O)[O-])cc3)CC2)c1,6.09817361831665,8.089024543762207,7.093599081039429
COc1cc(C=NN(C)C(N)=O)cc(Br)c1O,5.684934139251709,4.874796390533447,5.279865264892578
CC(C)Oc1ccccc1N1CCN(C2CCC(NS(=O)(=O)c3ccc(F)cc3)CC2)CC1,7.623959541320801,8.238718032836914,7.931338787078857
O=C1N(CCN2Cc3ccccc3C2)CCN1c1cccc(OC(F)(F)F)c1,6.5632805824279785,8.219208717346191,7.391244649887085
c1ccc2c(CCN3CCN(c4ncccn4)CC3)c[nH]c2c1,6.549296379089356,5.716882228851318,6.133089303970337
CN(C)C(=O)c1cccnc1NCCCN1CCN(c2cccc(Cl)c2Cl)CC1,7.003708839416504,6.787171840667725,6.895440340042114
O=C(CCCN1CC=C(n2c(O)nc3ccccc32)CC1)c1ccc(F)cc1,8.367292404174805,7.846202850341797,8.1067476272583
Oc1nc2cnc(-n3cnc4ccc(F)cc43)nc2n1C1CCOc2c(F)cccc21,6.502740383148193,5.217884540557861,5.860312461853027
O=C(NCCCCN1CCN(c2cccc(Cl)c2Cl)CC1)c1cc2cc3c(cc2[nH]1)OCO3,7.5512189865112305,9.092392921447754,8.321805953979492
Oc1[nH]c2ccccc2c1C=NCCCCCCC(O)=NO,6.580755233764648,5.260617256164551,5.9206862449646
Cc1ccc2c(-n3cnc4cc(-c5ccc(F)cc5)sc4c3=O)ccnc2c1,5.610269546508789,5.618772506713867,5.614521026611328
CCCN1CCCC2Cc3[nH]ncc3CC21,7.043054103851318,7.927458763122559,7.4852564334869385
N#Cc1cccc(-c2ccc(CCNC(=O)C3CCC3)cc2)c1,5.99983549118042,6.489320278167725,6.244577884674072
Cc1cc(CN2CC[N+]3(c4ccc(I)cc4)CCC2CC3)no1,6.415713310241699,6.847148895263672,6.6314311027526855
CN1CCc2cc3sc(-c4ccccc4)cc3cc2C1,6.695885181427002,6.722572326660156,6.709228754043579
CC(C)Oc1ccccc1N1CCN(Cc2ccc(CN3CCCCCC3=O)n2C)CC1,8.326491355895996,6.791318893432617,7.558905124664307
O=C1CC(=NCCc2ccc(O)c(Cl)c2)Cc2nc3ccccc3nc21,5.274336814880371,5.371996879577637,5.323166847229004
N#Cc1ccccc1N1CCN(CCCCCCNC(=O)c2ccc(I)cc2)CC1,7.583180427551269,7.869112968444824,7.726146697998047
CN1CCCC1Cn1nc(Cc2ccc(Cl)cc2)c2ccccc2c1=O,6.43051290512085,6.615733623504639,6.523123264312744
Cc1cccc(N2CCN(CCNC(=O)c3ccc(-c4ccccc4)cc3)CC2)c1C,6.931147575378418,6.867177486419678,6.899162530899048
CN(C)CCCn1cc(C2=C(c3c[nH]c4ccccc34)C(=O)NC2=O)c2ccccc21,5.5030717849731445,5.968931198120117,5.736001491546631
CCC(=O)NC1CCc2ccc(CCN3CCN(c4nsc5ccccc45)CC3)cc21,7.682918071746826,6.699309349060059,7.191113710403442
COc1ccc(CCCCNCCOc2cccc3nc(C)n(Cc4ccc(Cl)cc4)c23)cc1OC,6.975327014923096,6.607568740844727,6.791447877883911
Nc1ccccc1SCCN1CCC2C(C1)c1cccc3c1N2CCCS3,7.059755325317383,6.781309127807617,6.9205322265625
O=C1N(CCN2Cc3ccccc3CC2)CCN1c1cccc(Cl)c1,6.83345365524292,7.647637367248535,7.2405455112457275
N#Cc1c(-c2ccccc2)cc(-c2ccccc2)nc1N,6.436008453369141,6.553752899169922,6.494880676269531
CC(C)(F)CN(CCCN1CCN(c2cccc(Cl)c2Cl)CC1)C(=O)Cc1c[nH]c2ccccc12,6.695138454437256,5.851777076721191,6.273457765579224
NCC1CC1c1ccc(F)s1,6.340344905853272,6.984318256378174,6.662331581115723
Cc1ccc(N2CCN(CCCNC(=O)C(=O)c3c[nH]c4ccccc34)CC2)c(C(=O)NCCN(C)C)c1,5.657679557800293,6.89294958114624,6.275314569473267
CN1CCN(Cc2ccccc2)CC1CS(=O)(=O)c1cccc2c1CCC(N3CCCC3)C2,5.868394374847412,7.098825931549072,6.483610153198242
COc1ccccc1N1CCN(CCCCNC(=O)c2cc3ccc(OC(F)(F)F)cc3s2)CC1,7.079038619995117,8.666603088378906,7.872820854187012
CN1CC=C(C2=Nc3cc(F)ccc3N(N)C2=O)CC1,7.060810089111328,6.866159915924072,6.9634850025177
CCN(CC)CCCCN1c2ccccc2Oc2ccc(Cl)cc21,7.104347229003906,7.010074138641357,7.057210683822632
Cc1ccoc1C(=O)NCCCN1CCN(c2cc(Cl)ccc2C)CC1,6.423151969909668,6.5142693519592285,6.468710660934448
CCCN(CCc1cccs1)C1CCc2c(O)cccc2C1,8.405183792114258,8.605388641357422,8.50528621673584
COc1ccccc1N1CCN(CCCCOc2ccc3c(c2)CCC(=O)N3CCCC(CO)C3)CC1,,,
Cc1cc(C2CCCCC2)nn1C1CCN(CCCc2ccc(F)cc2)CC1,7.275665283203125,6.328357696533203,6.802011489868164
COc1ccccc1N1CCN(CCCCNC(=O)c2ccc3ccccc3c2)CC1,7.298825263977051,8.823209762573242,8.061017513275146
CSc1ccc(C=CC(=O)N2CCCC2C(=O)NCc2ccccc2)cc1,6.123310089111328,6.378995895385742,6.251152992248535
Oc1[nH]c2ccc(Br)cc2c1CC1CCN(Cc2ccccc2)CC1,6.606720924377441,7.088350296020508,6.847535610198975
Oc1[nH]cc2ccc(F)c(OCCCN3CCN(c4cccc5c4CCC5)CC3)c12,8.379507064819336,7.934700012207031,8.157103538513184
O=C1C(Cl)=C(N2CCN(c3ccccc3OCCF)CC2)C(=O)c2ccccc21,6.906876564025879,7.031986713409424,6.969431638717651
OCCN1CCN(CCCN2c3ccccc3Sc3ccc(C(F)(F)F)cc32)CC1,6.477129936218262,6.448475360870361,6.4628026485443115
O=C1N(CCN2CCCCC2)CCN1c1cccc(C(F)(F)F)c1,7.665560722351074,8.583728790283203,8.124644756317139
Oc1nc2cc(-c3ccccc3)sc2n2cc(CN3CCOCC3)cc12,6.963017463684082,6.303930282592773,6.633473873138428
O=C1CCc2ccc(OCCCCN3CCN(c4cccc(Cl)c4Cl)CC3)nc2N1,8.820858001708984,7.946710586547852,8.383784294128418
Cc1cccc2c1CCC1CN(CCCCn3c(=O)[nH]c4cc(F)ccc4c3=O)CC21,7.0398850440979,8.24075698852539,7.6403210163116455
O=C1NCCN1CCN1CCC(c2cn(-c3ccc(F)cc3)c3ccc(Cl)cc23)CC1,7.742376327514648,6.387310028076172,7.06484317779541
CCCN1CCN(c2ccc(OCc3ccc(C(F)(F)F)cc3)cc2)CC1,4.91837215423584,6.284030437469482,5.601201295852661
CN1CCN(C2Cc3ccccc3Sc3ccc(-c4nnn(C)n4)cc32)CC1,8.439382553100586,7.074907779693604,7.757145166397095
O=C1CC2(CCCC2)CC(=O)N1CCN1CCN(c2cc(Cl)ccc2OCC2CC2)CC1,7.306174278259277,8.28306770324707,7.794620990753174
COc1ccc(CC(C)NCC(O)c2cc(O)cc(O)c2)cc1,5.875025749206543,6.589012622833252,6.2320191860198975
CC1=C(C#N)C(=O)N(C)C2=CC1C2,4.811596870422363,6.024359703063965,5.417978286743164
CN1CCN(c2cncc(Nc3cc(Cl)ccc3Cl)n2)CC1,6.41680908203125,6.346549034118652,6.381679058074951
Cc1cccc2c1CCC1CN(CCn3c(=O)[nH]c4c(sc5cnc(C)cc54)c3=O)CC21,7.005181312561035,7.147168159484863,7.076174736022949
COc1cccc(C(=O)NCC2CCCN2Cc2ccccc2)c1,6.144466876983643,7.669288158416748,6.906877517700195
COc1ccc(NC(=O)Nc2cccc(C(C)=O)c2)cc1N1CCN(c2ccccc2OC)CC1,7.677720069885254,5.985970497131348,6.831845283508301
CCOc1ccccc1N1CCN(CCCCSc2nc3sc(C)c(-c4ccccn4)c3c(=O)n2N)CC1,6.920407772064209,7.993001937866211,7.45670485496521
OC1(c2ccc(Cl)c(Cl)c2)CC2CCC(C1)N2Cc1coc2ccc(F)cc12,8.001953125,8.78190803527832,8.39193058013916
CN1CCN(C2Cn3cccc3Sc3ccc(OS(=O)(=O)C(F)(F)F)cc32)CC1,7.086197376251221,7.620785713195801,7.353491544723511
COc1ccc(CCN2CCC(C(O)(c3ccccc3)c3ccccc3)CC2)cc1,6.932262897491455,6.488262176513672,6.7102625370025635
CN1CCCC1Cn1nc(Cc2ccc(Cl)cc2)c2ccccc2c1=O,6.43051290512085,6.615733623504639,6.523123264312744
O=C(Nc1cccc2nc(CCCN3CCN(c4noc5ccccc45)CC3)[nH]c12)c1ccc(-c2ccncc2)cc1,6.519615173339844,6.636749267578125,6.578182220458984
NC(=N[N+](=O)[O-])NN=Cc1ccc(-c2cccc([N+](=O)[O-])c2)o1,5.249577522277832,4.822413444519043,5.0359954833984375
CCCN1C(=O)C(NC(=O)Nc2cccc(C)c2)N=C(N2CCN(C)CC2)c2ccccc21,5.844053268432617,6.79606819152832,6.320060729980469
Cc1cc(-c2cnc(Nc3ccc(-n4cccn4)cc3)s2)ccc1C(=O)NCC#N,6.09881067276001,4.865370750427246,5.482090711593628
CCCN(CCC)C1Cc2cc(O)ccc2C1c1ccccc1,6.999308109283447,7.326688766479492,7.16299843788147
CN1Cc2cc(Cl)ccc2C(c2ccccc2)C1,6.767544269561768,6.445048332214356,6.6062963008880615
Oc1cc(C(O)NCCc2ccccc2)cn1C1CCN(CC2CN(CCc3ccccc3)CC2c2ccccc2)CC1,5.795077323913574,5.646177768707275,5.720627546310425
CN(C)C1C(=O)C(C(=O)NNC(=O)C2Cc3c(O)cccc3CN2)C1=O,5.439138889312744,6.667473793029785,6.053306341171265
CCCN1CCCC1CNC(=O)c1c(OC)cc(Br)cc1OC,7.3866729736328125,7.993422508239746,7.690047740936279
O=C(Nc1ccc(F)cc1F)NC1CCN(CCCc2c[nH]c3ccc(F)cc23)CC1,7.850835800170898,6.927849769592285,7.389342784881592
Fc1cccc(CNc2ncnc3ccc(-c4cccnc4)cc23)c1,6.768421173095703,5.442299842834473,6.105360507965088
C=CCN1CCC2Cc3n[nH]cc3CC21,7.20743465423584,6.882994651794434,7.045214653015137
O=C1C(=O)C(c2ccc(O)c(O)c2)Oc2cc(O)cc(O)c21,5.955125331878662,5.736905574798584,5.846015453338623
Cc1cc2c(Cl)c(O)ccc2[nH]1,8.309494018554688,5.653600215911865,6.981547117233276
CCN(CC)C(=O)NC1CC2=C(Cc3c[nH]c4c(Br)cccc34)C(=O)N2C1,8.392300605773926,7.704133033752441,8.048216819763184
CCc1nc2c(sc3c(Br)ccc(Cl)c32)c(=O)o1,4.658307075500488,6.188437461853027,5.423372268676758
CC(C)CN1CCN(c2ccc(Br)cn2)CC1CCO,6.8180928230285645,6.555099487304688,6.686596155166626
FC(F)(F)c1cccc(N2CCN(CCCCNc3ccc4ccccc4n3)CC2)c1,8.272075653076172,7.012795448303223,7.642435550689697
COC(=O)C1C(C)=NC(=O)N(C(=O)NCCCN2CCC(C(=O)OC)(c3ccccc3)CC2)C1c1ccc(Cl)c(Cl)c1,6.153818130493164,5.093814849853516,5.62381649017334
Cc1cc(N2CCN(CCc3cccc4c3OCCO4)CC2)nc2ccc(NC(=O)COc3ccc(OCCN4CCCCC4)cc3)cc12,6.670691967010498,5.959786415100098,6.315239191055298
CCOc1ccccc1N1CCN(CCCNC(=O)C=Cc2ccccc2[N+](=O)[O-])CC1,7.406047821044922,7.917265892028809,7.661656856536865
O=C(CCCN1CCN(c2cccc(Cl)c2Cl)CC1)c1ccc(F)cc1,8.306028366088867,7.756631851196289,8.031330108642578
CCCN(CCC)C1CCc2ccc3[nH]ccc3c2C1,7.49531888961792,7.435484886169434,7.465401887893677
CCN(CC)C(=O)NC1Cc2c(cc3c[nH]c4c3c2C=CC4)N(C)C1,8.286233901977539,9.04771900177002,8.66697645187378
O=C(NC1CCN(Cc2ccc(Cl)cc2)CC1)C1CCCN1C(=O)C1CCC1,6.905370712280273,7.486627578735352,7.1959991455078125
CCN(CC)CCCNc1nccc2c(C)c3[nH]c4ccccc4c3cc12,7.00609016418457,5.923177719116211,6.464633941650391
CCN(CC)CCCCN1c2ccccc2Oc2ccc(Cl)cc21,7.104347229003906,7.010074138641357,7.057210683822632
CCc1c(C(=O)NC2CCN(C3CCCC3)C2)nn(-c2ccc(Cl)c(Cl)c2)c1-c1ccc(OC)cc1,6.9074320793151855,7.369557380676269,7.1384947299957275
COc1ccc2[nH]cc(CCNc3ncncc3-c3ccccc3CN(C)C)c2c1,6.503077030181885,5.589609146118164,6.046343088150024
CCCN(CCC)C1CCc2c(O)cccc2C1,8.197704315185547,8.453164100646973,8.32543420791626
COc1cccc(C(CCN2CCC(C(N)=O)(c3ccccc3)CC2)c2ccccn2)c1,6.308725833892822,6.125003337860107,6.216864585876465
CC1=C(C=Nc2cccc3ccccc23)CC(=O)N1CCN1CCN(c2ccc(C(F)(F)F)cc2)CC1,5.589517593383789,6.572031021118164,6.080774307250977
CC(C)OC(=O)C1=CN(Cc2ccc(OCCCN3CCC(c4n[nH]c(=O)[nH]4)CC3)cc2)CC(C)(C)c2c1[nH]c1ccccc21,6.914272308349609,6.866547107696533,6.890409708023071
Oc1nc2cccc(OCCNCc3c[nH]c4ccc(F)cc34)c2o1,8.608415603637695,7.221741676330566,7.915078639984131
C=C1C=C(N2CCOCC2)Cc2nc(-c3c(NCC(O)c4cccc(Cl)c4)ccnc3O)[nH]c21,6.177546977996826,6.657256603240967,6.4174017906188965
C[N+]1(C)C2CCC1CC(OC(=O)c1c[nH]c3ccccc13)C2,6.122666358947754,6.265854835510254,6.194260597229004
Nc1nc(C2CCN(Cc3ccccc3)C2)cc(-c2ccccc2)n1,7.067424774169922,6.912758827209473,6.990091800689697
CN1CCc2cc(I)c(O)cc2C(c2ccccc2)C1,5.932954788208008,7.168088436126709,6.550521612167358
CC(C)(C)NCCCNc1cccc(Cl)c1,6.379916191101074,5.856522083282471,6.1182191371917725
COc1ccccc1N1CCN(CCCCNC(=O)c2ccc(F)cc2)CC1,7.701011657714844,8.817584991455078,8.259298324584961
CCCC(=O)NC1CCc2ccc(CCN3CCN(c4nsc5ccccc45)CC3)cc21,7.815942764282227,6.878069877624512,7.347006320953369
Cc1ccc(S(=O)(=O)NCCCCN2CCN(c3nsc4ccccc34)CC2)cc1,7.7426438331604,7.74199914932251,7.742321491241455
O=C(NC1CCC(CCN2CCN(c3cccc(Cl)c3Cl)CC2)CC1)c1cc2ccccc2s1,7.600751399993896,8.926794052124023,8.26377272605896
COc1ccc2c(c1OCCCN1CCN(c3cccc(C)c3C)CC1)CN(CC1CC1)C2=O,6.68803596496582,7.621513366699219,7.1547746658325195
Oc1[nH]cc2cc(F)c(OCCCN3CCN(c4cccc5cccc(F)c45)CC3)cc12,8.04649829864502,7.654065132141113,7.850281715393066
Cc1ccccc1OCCNCCCOc1cccc2[nH]ccc12,7.412057876586914,7.578441619873047,7.4952497482299805
CCc1[nH]c2ccncc2c1CCN1CCN(c2cccc3c2CCO3)CC1,7.245676040649414,6.586156845092773,6.915916442871094
O=C(O)c1cc2nc[nH]c2cc1NCCCCN1CCN(c2ccccc2Cl)CC1,7.957146644592285,7.736345291137695,7.84674596786499
Cc1ccc(N2CCN(CC(=O)NC3=CC(C(=O)N4CCC(N5CCCC5)CC4)CC3)CC2)c(C)c1,5.208224296569824,6.386285305023193,5.797254800796509
Cc1cccc(CN2CC(NC(=O)C3CCC(=O)N3)CC2=O)c1,8.225542068481445,6.666420936584473,7.445981502532959
O=C(CCc1ccccc1)NC1CCN(Cc2cccc(I)c2)CC1,6.822453498840332,6.98702335357666,6.904738426208496
Oc1cccc2[nH]cc(CCCN3CCN(c4ccc(F)cc4)CC3)c12,6.948107719421387,6.523539543151856,6.735823631286621
CN1CCN(c2cccc3ccn(-c4ccc(C(=O)N5CCC(O)C5)cc4)c23)CC1,6.275303363800049,6.262627601623535,6.268965482711792
CCCN(CCC)C1CCc2c(F)ccc(O)c2C1,7.845858573913574,8.504327774047852,8.175093173980713
COc1ccc(OC)c(S(=O)(=O)NC2CCC(N3CCN(c4ccccc4OCCF)CC3)CC2)c1,6.680794715881348,7.629132747650146,7.154963731765747
CCCN(CCC1CCc2ccc(O)cc2C1)C1CCc2nc(N)sc2C1,7.186234474182129,9.64522647857666,8.415730476379395
CC(C)CC1(C(=O)NCc2ccc3c(c2)OCO3)CCCN1,7.406670570373535,6.543486595153809,6.975078582763672
Cc1cc2c(OCC(O)CN3CCC(c4cccc5oc(C(N)=O)cc45)CC3C)cccc2[nH]1,6.166292667388916,6.4681172370910645,6.31720495223999
COc1cc2c(cc1OC)C1=NOC(CN3CCN(CCc4ccccc4)CC3)C1CO2,6.135814666748047,6.339186191558838,6.237500429153442
CCCN(CC=CI)C1CCc2ccc(O)cc2C1,6.947180271148682,7.589178085327148,7.268179178237915
O=C1NCN(c2ccccc2)C12CCN(CCCc1ccc(F)cc1)CC2,8.485774993896484,7.569206237792969,8.027490615844727
O=C1N(CCCCN2CCN(c3ccccc3)CC2)CN1c1cccc(Cl)c1,7.104948997497559,7.307295322418213,7.206122159957886
COc1ccc(NC(=O)NCCc2ccccc2)c(C(=O)NC2CCN(Cc3ccccc3)CC2)c1,6.913431644439697,6.713360786437988,6.813396215438843
CN1CCCCC1Cn1nc(Cc2ccc(Cl)cc2)c2ccccc2c1=O,6.493525505065918,6.460799217224121,6.4771623611450195
Oc1occ2ccc(OCCCCN3CC=C(c4cccc5cccc(F)c45)CC3)cc12,7.599137783050537,8.158323287963867,7.878730535507202
CCN1CCCC1CNC(=O)c1c(OC)ccc(I)c1OC,8.196069717407227,8.626472473144531,8.411271095275879
C=CCN1CCC2c3c(ccc(O)c3OC)CCC21,8.007469177246094,7.295551300048828,7.651510238647461
COc1cc2c(cc1F)C(c1ccccc1Cl)=Nc1c(C)n[nH]c1N2,6.123236179351807,5.7805376052856445,5.951886892318726
N#Cc1ccccc1-c1ccc2c(c1)-c1[nH]c3cc(c1CCCN3CCCC(Cc4ccccc4)C3)C1CCCN21,,,
CN1CCN2c3ncccc3Cc3ccccc3C2C1,5.928523063659668,5.957788944244385,5.943156003952026
C=CCN1CCCC1CNC(=O)c1ccc2nc[nH]c2c1,6.338477611541748,7.963602066040039,7.1510398387908936
O=C(NCCCN1CCN(c2cccc(Cl)c2Cl)CC1)c1cc2cc(O)ccc2[nH]1,7.080156326293945,8.101761817932129,7.590959072113037
COc1cccc(COc2ccc(Cc3cnc(N)nc3N)cc2OC)n1,6.75314998626709,4.570881843566895,5.662015914916992
COc1ccc(N2CCN(CCC=Cc3ccccc3)CC2)cc1,6.308939456939697,6.920403957366943,6.61467170715332
O=C(N(Cc1ccccc1)c1nc[nH]n1)c1c2ccccc2cc2ccccc12,5.697866916656494,4.991475582122803,5.344671249389648
O=C(CCCN1C2CCC1CC(O)(c1ccc(Cl)cc1)C2)c1ccc(F)cc1,7.815347194671631,8.006396293640137,7.910871744155884
COc1ccccc1N1CCN(CCCCNC(=O)c2ccc(Br)cc2)CC1,7.313648700714111,8.778971672058105,8.046310186386108
COc1ccccc1N1CCN(CCCCCNC(=O)c2cncc3ccccc23)CC1,7.2653656005859375,7.5450439453125,7.405204772949219
O=C1CN2CCC1CC2Cc1ccc(I)cc1,7.002655506134033,8.167622566223145,7.585139036178589
NC(CN1CCN(CCc2ccc(Cl)c(Cl)c2)CC1)C(=O)O,5.337072849273682,6.344884395599365,5.840978622436523
CC(C)(C)S(=O)(=O)c1cncc(C(=O)NCCCN2CCC3(CC2)OCCO3)c1,5.451989650726318,5.531198978424072,5.491594314575195
CCN1CCCC1CNC(=O)c1c(OC)ccc(Br)c1OC,6.901225090026856,8.275629043579102,7.5884270668029785
COc1ccccc1N1CCN(CC2CCc3cc(OC)c(OC)cc3C2=O)CC1,6.176426887512207,6.839866161346436,6.508146524429321
CCCN1CC(CSC)CC2c3cccc4[nH]cc(c34)CC21,7.427812576293945,7.918407440185547,7.673110008239746
COc1ccccc1N1CCN(CCn2c(=O)[nH]c3c(sc4ccc(NC(=O)CCC(=O)O)cc43)c2=O)CC1,7.988129615783691,5.532486915588379,6.760308265686035
CN1CCN(C2=Nc3cc(Cl)ccc3Nc3ccccc32)CC1,6.543483257293701,7.039327621459961,6.791405439376831
CCN(CCC#N)CC1CCCc2ccc(OC)cc21,6.667428970336914,6.4445343017578125,6.555981636047363
Cc1n[nH]c2ccc(-c3cccnc3)cc12,6.292893886566162,5.993989944458008,6.143441915512085
COc1ccc(S(=O)(=O)NCCCN2CCN(c3cccc(Cl)c3Cl)CC2)c(C)c1,6.687505722045898,7.383106231689453,7.035305976867676
COc1ccccc1N1CCN(CCn2cnc3sc4c(c3c2=O)CCN(CC(C)C)C4)CC1,7.519734859466553,7.493565082550049,7.506649971008301
O=C(NCCCCN1CCN(c2cccc(Cl)c2Cl)CC1)c1cc2ccsc2cn1,7.148015975952148,9.335566520690918,8.241791248321533
O=C(NC1CCc2ccc(CCN3CCN(c4nsc5ccccc45)CC3)cc21)c1ccco1,7.188662528991699,6.399092197418213,6.793877363204956
Cc1ccc2c(N3CCN(CCc4cccc5c4OCc4c(C(=O)NC6CC6)ncn4-5)CC3)cccc2n1,6.566742420196533,6.895096778869629,6.730919599533081
O=C1CCC2(CCc3ccccc32)C1=O,4.777755737304688,6.061289310455322,5.419522523880005
CCC1CC2CC1(NC(=O)c1ccc(C)cc1)C2,6.667271614074707,8.07320499420166,7.370238304138184
C=Cc1ccc(CN2CCC(Nc3nc4ccc(C(=O)O)cc4[nH]3)CC2)cc1,6.574629783630371,6.370729446411133,6.472679615020752
CN1Cc2ccccc2CC1C(=O)NC1CCC(N2CCN(c3ccccc3OC(C)C)CC2)CC1,7.210824489593506,8.168683052062988,7.689753770828247
COc1ccccc1N1CCN(CCCCNC(=O)c2cc3ccc2-c2ccc(F)c(F)c2)CC1,,,
CCCN1CCC(c2ccc(Nc3nc(Nc4cccc(F)c4C(N)=O)c4cc[nH]c4n3)c(OC)c2OC)CC1,7.268831729888916,5.947749137878418,6.608290433883667
O=C1N(CCN2CCCC2)CCN1c1cccc(C(F)(F)F)c1,7.292549133300781,8.888036727905273,8.090292930603027
Clc1ccc(CN2C3=CCC2C3)c2[nH]cnc12,7.64210033416748,6.464153289794922,7.053126811981201
CCCN1CCC(c2ccc(Nc3nc(Nc4cc(F)ccc4C(N)=O)c4cc[nH]c4n3)c(OC)c2)CC1,6.839527130126953,5.618805885314941,6.229166507720947
COCCN(CCOC)C1CCc2ccc(OCCCN3CCN(c4cccc(Cl)c4Cl)CC3)cc2CC1,7.069489479064941,7.660221099853516,7.3648552894592285
COc1cccc(C(=O)NCCCCN2CC(c3ccc([N+](=O)[O-])cc3)CC2=O)c1,6.156033515930176,7.125850677490234,6.640942096710205
COCc1nnc(SCCCN2CCC3(CC2)OCc2cc(F)ncc23)n1N,5.40608024597168,6.551757335662842,5.978918790817261
COc1ccccc1N1CCN(CCCCNS(=O)(=O)c2ccc3c(c2)CCC(=O)N3)CC1,8.086095809936523,7.247684478759766,7.6668901443481445
CCCN(CCC1CCC(NS(=O)(=O)c2ccc(I)cc2)CC1)C1CCc2nc(N)sc2C1,7.5578532218933105,9.195062637329102,8.376457929611206
O=C(NCCCCN1CCC2(CCc3ccccc32)CC1)c1cc2ccccc2s1,6.315854072570801,7.82462215423584,7.07023811340332
COc1ccc(CCN2CCN(c3cc(C(F)(F)F)nc4cc(-c5nnc[nH]5)ccc34)CC2)cc1,7.526741981506348,6.755903244018555,7.141322612762451
COc1ccccc1N1CCN(CCCCNC(=O)c2cccc3ccccc23)CC1,7.269603729248047,8.39780044555664,7.833702087402344
O=c1c2cc(Cl)ccc2[nH]c(=S)n1CCN1CCC(=C(c2ccc(F)cc2)c2ccc(F)cc2)CC1,7.087137222290039,7.106809616088867,7.096973419189453
Fc1cccc(C(Cc2ccccc2)NCC(OCc2ccc(F)cc2)c2ccc(F)cc2)c1,5.998015880584717,6.165457725524902,6.08173680305481
N#Cc1cccc(OCCCCCN2CCN(c3nsc4ccccc34)CC2)c1,8.272588729858398,8.30555534362793,8.289072036743164
CCN(CC)CCOc1ccc(-c2nc3cccc(C(N)=O)c3[nH]2)cc1,7.004039764404297,7.078573226928711,7.041306495666504
CCCCN1CCOCC1Cc1c[nH]c2ccc(C(N)=O)cc12,6.762834072113037,6.751754760742188,6.757294416427612
O=C(NC1CCC(CCN2CCN(c3cc(F)ccc3-n3ccnc3)CC2)CC1)c1cc2ccccc2s1,7.303797721862793,8.438882827758789,7.871340274810791
CC1CN(CCCc2ccccc2)CCN1C(=O)C1CCN(C(=O)C(C)C)CC1,6.571913242340088,7.474666595458984,7.023289918899536
O=C(NCC1CCC1)c1ccc2c(c1)CCCC2NC(=O)CCC(NS(=O)(=O)c1ccc(Cl)cc1)c1ccccc1,7.225192070007324,6.929759979248047,7.0774760246276855
Fc1ccc(C2Cc3[nH]nc(-c4nn[nH]n4)c3C2)cc1,6.022217750549316,6.032493591308594,6.027355670928955
COc1ccccc1N1CCN(CCCCN2C(=O)c3ccccc3C2=O)CC1,7.337620735168457,7.570512771606445,7.454066753387451
CC(C)(Cc1ccc2ccccc2c1)NCC(O)COc1ccc(C(N)=O)cc1,5.521440029144287,5.64977502822876,5.585607528686523
O=C(NCCCCN1CCN(c2cccc(Cl)c2Cl)CC1)c1ccc(-n2ccnn2)cc1,7.570732593536377,8.689521789550781,8.130127191543579
O=C1NCN(c2ccccc2)C12CCN(C1CCC3CCCCC3C1)CC2,7.410263061523437,7.3336005210876465,7.371931791305542
c1ccc(-c2cccc(NCCCN3CCN(c4ccccc4)CC3)n2)cc1,7.16154670715332,6.38851261138916,6.77502965927124
CCCN1Cc2ccccc2CC2c3c(cc(O)c(O)c3OC)CCC12,6.840003490447998,8.29238510131836,7.566194295883179
COc1ccc(N2CCN(CCCNC(=O)C3CCC(C)CC3)CC2)cc1,6.271142482757568,6.893038272857666,6.582090377807617
COc1ccccc1N1CCN(CCN(C2CN3C(=O)CCC3C2=O)CC1,,,
O=C(NCC=CCN1CCN(c2cccc(Cl)c2Cl)CC1)c1cccc2[nH]ccc12,7.747159004211426,8.755537986755371,8.251348495483398
CCN(CC)c1ccc2cc(-c3nnc(-c4ccc(F)cc4)o3)c(=O)oc2c1,5.323904991149902,6.728033065795898,6.0259690284729
COc1ccccc1N1CCN(CCCCNC(=O)C=Cc2ccccc2)CC1,7.524115562438965,8.93630599975586,8.230210781097412
COc1cccc(C(=O)NCC2CCC(C(=O)NCCCCCCN3CCN(c4cccc(Cl)c4Cl)CC3)CC2)c1,7.003984451293945,8.043513298034668,7.523748874664307
Cc1ccccc1C(=O)N1CCC(CC(N)=O)(c2ccccc2)CC1,6.494973182678223,4.534794807434082,5.514883995056152
CC1(C(=O)NCc2ccccc2)CC1(Br)Br,7.6173200607299805,6.808375358581543,7.212847709655762
CC(C)CN1CCN(c2ccc(OCC3COC(Cn4cncn4)(c4ccc(Cl)cc4Cl)O3)cc2)CC1,6.612652778625488,6.250339508056641,6.4314961433410645
N#Cc1ccccc1CN1CCC2(CC1)CN(c1ccc(C(O)c3cc[nH]n3)cc1)CC2,5.7074079513549805,5.428993701934815,5.5682008266448975
CCN(CCCN1CCc2ccccc2C1)c1cccc(CN(CC)CC(=O)O)c1,4.747203350067139,5.100063800811768,4.923633575439453
COc1cc2c(cc1Nc1nc(Nc3cccc(F)c3C(N)=O)c3cc[nH]c3n1)N(C(=O)CCN(C)C)CC2,6.768324375152588,5.5524749755859375,6.160399675369263
O=C(CCCCCCCCCOc1cccc(Cl)c1Cl)NCCCCN1CCN(CC(c2ccc(F)cc2)c2ccc(F)cc2)CC1,6.058559417724609,6.757793426513672,6.408176422119141
NCCCCCCCN1CCN(c2cc3ccccc3n2Cc2ccc(F)cc2)CC1,6.318662166595459,6.372918605804443,6.345790386199951
Cc1cc(C(=O)N2CCSC2c2ccccc2)n(-c2cccc(F)c2)n1,5.359495162963867,6.616001129150391,5.987748146057129
CCCN(CCC)C1CCc2nc(N)sc2C1,6.720566272735596,8.426815032958984,7.57369065284729
Cc1cc2c(s1)Nc1ccccc1N=C2N1CCN(C)CC1,6.933331489562988,7.052985191345215,6.993158340454102
CCCN(CCc1cccs1)C1CCc2c(O)cccc2C1,8.405183792114258,8.605388641357422,8.50528621673584
Cc1ncoc1-c1nnc(SCCCN2CCC3(c4ccc(OC(F)(F)F)cc4)CCC3C2)n1C,6.59801197052002,8.335929870605469,7.466970920562744
CCN1CCc2cc(OC)cc3c2C1Cc1ccc(O)c(O)c1-3,7.850881099700928,7.554771423339844,7.702826261520386
CCCN(CCC)C1CCc2c(cccc2N2CCN(c3ccccc3C(N)=O)CC2)O1,7.409953117370605,7.470046997070312,7.440000057220458
COc1ccc(S(=O)(=O)N2CCN(CCCCC(=O)NC3CCCCC3)CC2)cc1,6.8212738037109375,6.058772087097168,6.440022945404053
CCOc1cccc(C(=O)NC2CC3CCCC(C2)N3Cc2ccccc2)c1,7.300805568695068,8.085296630859375,7.693051099777222
O=C(NCCCCN1CCN(c2cccc(Cl)c2Cl)CC1)c1cc2c3c(cccc13)CC2,,,
O=C1CCc2ccc(OCCCCN3CCN(c4cccc(Cl)c4Cl)CC3)nc2N1,8.820858001708984,7.946710586547852,8.383784294128418
CC1CN(c2ncc(C(N)=O)cn2)CCN1CCc1ccc(F)cc1,5.368812084197998,6.152987480163574,5.760899782180786
Oc1nc2cccc(OCCCCN3CCN(c4cccc(Cl)c4Cl)CC3)c2o1,8.490804672241211,8.728835105895996,8.609819889068604
CCCN1CCCCC1CNC(=O)c1c(OC)ccc(OC)c1OC,7.188647270202637,7.339939594268799,7.264293432235718
O=C(c1ccccc1)c1cnc2ccc([N+](=O)[O-])cc2c1-c1ccccc1,5.166094779968262,5.850444793701172,5.508269786834717
O=C1COc2ccc(C(=O)CCl)cc2N1,6.957441329956055,5.140771389007568,6.0491063594818115
CC(C)(C)OC(=O)NCC1CCC(NC(=O)c2ccc3nc[nH]c3c2)CC1,7.296925067901611,7.039073944091797,7.167999505996704
Cc1ccc(-c2nnn(CC(=O)N(C)CC3CCCCC3)n2)cc1,5.699370861053467,5.1222825050354,5.410826683044434
O=C1NCCN1CCN1CCC(c2cn(-c3ccc(F)cc3)c3ccc(Cl)cc23)CC1,7.742376327514648,6.38731050491333,7.064843416213989
CC(C)Oc1ccccc1N1CCN(C2CCC(NS(=O)(=O)c3ccc(F)cc3)CC2)CC1,7.623959541320801,8.238718032836914,7.931338787078857
C=C1CCN(CCCCN2CCN(c3cccc(Cl)c3Cl)CC2)C1,6.184421539306641,8.3049898147583,7.244705677032471
COc1c(C)cnc(CN2CCN(CC(=O)Nc3cccc4nc(C)ccc34)CC2)c1C,5.5059494972229,5.119635105133057,5.3127923011779785
CC1CCCN1CCc1ccc(Nc2nc(N)n(-c3ccccc3)n2)cc1,7.271134853363037,6.89507532119751,7.083105087280273
O=C(CCCN1CCC2C(C1)c1cccc3c1N2CCS3)c1ccc(Cl)cc1,7.803285598754883,7.146008491516113,7.474647045135498
CCCN(CCN1CCN(c2ccc(-c3nc4ccccc4o3)cc2)CC1)C1COc2cccc(O)c2C1,6.35232400894165,8.26895523071289,7.3106396198272705
CCN1CCCC1CNC(=O)c1c(OC)ccc(Br)c1OC,6.901225090026856,8.275629043579102,7.5884270668029785
CN(C)Cc1ccccc1Sc1ccc(CCNCC(O)c2ccc(O)c3[nH]c(=O)sc23)cc1,6.156883716583252,5.981702327728272,6.069293022155762
CCOc1ccccc1N1CCN(CCCC(=O)c2ccc(F)cc2)CC1,8.64939022064209,8.164968490600586,8.407179355621338
CCCN(CCN1CCN(c2ccccn2)CC1)C1CCc2ccc3[nH]ccc3c2C1,7.060288429260254,7.417359352111816,7.238823890686035
CCCCN1C(=O)CCC(COC(=O)CCCSCC(=O)NCCCC)Oc2ccccc21,7.607845783233643,5.156921863555908,6.382383823394775
CC(=O)NC1CCC(CCN2CCN(c3cccc(Cl)c3Cl)CC2)CC1,8.181737899780273,8.840834617614746,8.51128625869751
COc1cccc2c1CCC1CN(CCn3c(=O)[nH]c4c(sc5cccc(C#N)c54)c3=O)CC21,7.280181407928467,7.274023056030273,7.27710223197937
Clc1nnc(-c2ccccc2Cl)n1Cc1ccno1,6.203562736511231,6.037967205047607,6.120764970779419
COc1ccccc1N1CCN(CCCCc2c[nH]c3ccc(OCCCn4ccnc4)cc23)CC1,7.735456466674805,7.871532440185547,7.803494453430176
COc1cccc(C(=O)NC2CCN(Cc3ccccc3)CC2)c1,6.378729820251465,6.753806114196777,6.566267967224121
CC1CN(C2CCN(Cc3ccc(F)cc3)CC2)CCN1C(=O)C1CCCN1S(=O)(=O)c1cccc(I)c1,6.396143436431885,6.607107639312744,6.5016255378723145
Oc1ccc(C2c3nc(N4CCN(C5CCOCC5)CC4)ccc3C(c3cccc(F)c3)C2)cc1,6.4540605545043945,5.672493934631348,6.063277244567871
COc1ccccc1N1CCN(CCCCNC(=O)c2cc(-c3cccs3)n[nH]2)CC1,7.267096519470215,9.007367134094238,8.137231826782227
CCCN(CCc1cccs1)C1CCc2c(O)cccc2C1,8.405183792114258,8.605388641357422,8.50528621673584
COc1cccc(N2CCN(Cc3cn4ccc(Cl)c(C)c4n3)CC2)c1,5.750122547149658,5.442753791809082,5.59643816947937
CCN1CCN(CCCC(=O)Nc2n[nH]c3nnc(-c4cccc(F)c4F)cc23)CC1,7.0507097244262695,6.630276679992676,6.840493202209473
CCNC(=O)NC1CCC(CCN2CCN(c3cccc(Cl)c3Cl)CC2)CC1,8.473844528198242,9.511175155639648,8.992509841918945
CC(C)CCN(Cc1ccccc1)C1CCc2c(O)cccc2C1,7.561622619628906,7.556456565856934,7.55903959274292
COc1ccccc1N1CCN(CCN(C(=O)c2ccc3[nH]ccc3c2)CC1,,,
COc1ccccc1N1CCN(CCCCNC(=O)c2ccc3cccnc3c2)CC1,7.323007583618164,8.605682373046875,7.9643449783325195
CCN(CC)C(=O)NC1CC2=C(Cc3c[nH]c4cccc2c34)N(C)C1,8.485445976257324,8.415810585021973,8.450628280639648
CCN1C(=O)CCC1CN(Cc1ccc(Cl)cc1)C(=O)C1CC2CCC1C2,7.511989116668701,7.694821357727051,7.603405237197876
CN(C)C1CCC(Nc2nc3ccc(Cl)cc3s2)CC1,7.153530120849609,8.024084091186523,7.588807106018066
CN(C)C(=O)c1ccc(-c2ccc3[nH]c(N)nc3c2)cc1,6.666609764099121,5.374781131744385,6.020695447921753
Cc1ccc2c(N3CCN(CCc4cccc(-n5cnnn5)c4)CC3)cccc2n1,7.318097114562988,6.344303131103516,6.831200122833252
O=C(NCCCCN1CCN(c2cccc(Cl)c2Cl)CC1)c1cc2ccccc2cn1,6.880761623382568,9.034955978393556,7.957858800888062
CC(C)(O)CNc1nccc(-c2c(-c3ccc(F)cc3F)nc3c(CC4CC4)nccn23)n1,5.758033275604248,5.2412848472595215,5.499659061431885
CCCN(CCc1cccs1)C1CCc2c(O)cccc2C1,8.405183792114258,8.605388641357422,8.50528621673584
Cc1ccc2c(c1)NC(=O)c1ccccc1N2,8.073823928833008,5.629068374633789,6.851446151733398
N#Cc1c[nH]c(C(=O)Nc2ccc(-c3ccncc3)cc2C2=CCCCC2)n1,6.507720470428467,5.505360126495361,6.006540298461914
Clc1ccc(CN2CCN(CC=Cc3ccccc3)CC2)c(Cl)c1,5.655296802520752,6.819057464599609,6.237177133560181
CCCc1cc(O)c(OC)c(C(=O)NCCN2CCCC2)c1,7.632833480834961,7.602795600891113,7.617814540863037
COc1ccccc1N1CCN(CCCCNC(=O)c2ccc([N+](=O)[O-])cc2)CC1,7.6878662109375,8.830458641052246,8.259162425994873
Clc1ccc(C(c2ccc(Cl)cc2)C2CC2)cc1,6.599492073059082,5.5677595138549805,6.083625793457031
O=C(NCCCCN1CCN(c2cccc(Cl)c2Cl)CC1)c1cc2ccccc2[nH]1,7.3425798416137695,9.33303451538086,8.337807178497314
CC(C)(C)c1ccc2nc(-c3n[nH]c4ccccc34)[nH]c2c1,5.459619998931885,6.107424736022949,5.783522367477417
COc1ccccc1N1CCN(CCCCCn2ncc(=O)n(C)c2=O)CC1,7.336588382720947,7.358038902282715,7.347313642501831
O=C1C=CC(=O)N1CCCCCN1CCN(c2cccc(Cl)c2Cl)CC1,7.952075958251953,8.516602516174316,8.234339237213135
O=C1N(CCN2CCCCC2)CCN1c1ccc2c(c1)Cc1ccccc1-2,7.236531257629394,7.298793792724609,7.267662525177002
N#Cc1ccccc1N1CCN(CCCCNC(=O)c2cc(-c3ccccc3)on2)CC1,6.661834716796875,8.283489227294922,7.472661972045898
CN1CCCC1COc1cncc(CCc2ccccc2)c1,5.142840385437012,7.166224479675293,6.154532432556152
Cc1ccc(-c2cc(Cl)ccc2OCc2ccc(F)cc2)n1-c1ccc(OCC(N)=O)cc1,6.123451232910156,4.090200901031494,5.106826066970825
Cc1cc(F)ccc1N1CCN(CCCCNC(=O)C=Cc2cccc(N(C)C)c2)CC1,6.608453273773193,8.543224334716797,7.575838804244995
O=C1NC(=O)C(CN2CCN(c3ccc(C(F)(F)F)cn3)CC2)(c2cccc(Cl)c2)N1,6.000138759613037,7.322848320007324,6.661493539810181
CC(C)Oc1ccccc1N1CCN(Cc2ccc(CN3CCCCCC3=O)n2C)CC1,8.326491355895996,6.791318893432617,7.558905124664307
O=C(CCCN1CCC2(CC1)C(=O)N(CC1CCC1)CN2c1ccc(-c2ccc(F)cc2)cc1)c1ccc(F)cc1,8.518571853637695,7.921168804168701,8.219870328903198
CCOc1ccccc1N1CCN(CCc2nc3ccccc3[nH]2)CC1,8.017651557922363,7.569504261016846,7.7935779094696045
COc1ccccc1N1CCN(Cc2cn3cccc(C=CC4CCCCC4)c3n2)CC1,7.31475830078125,6.757450103759766,7.036104202270508
O=C1CCCN1CC#CCN1CCCC1,2.4151902198791504,5.736885070800781,4.076037645339966
CCc1cc(OCCCNCCCCc2ccc(CCC(=O)O)nc2)ccc1F,7.26220178604126,5.898205757141113,6.5802037715911865
O=C1Cc2c([nH]c3ccc(Br)cc23)-c2ccccc2N1,8.138245582580566,5.863692760467529,7.000969171524048
Cc1[nH]cnc1CC(=O)NCCCCN1CCN(c2cccc(Cl)c2Cl)CC1,7.408233165740967,7.222145080566406,7.3151891231536865
CC(N)Cc1c[nH]c2ccc(O)cc12,6.163337230682373,5.566805839538574,5.865071535110474
c1ccc2c(c1)CCC(CNCCCOc1ccc3[nH]cnc3c1)O2,9.178987503051758,7.992480278015137,8.585733890533447
COc1ccccc1N1CCN(CCCCCn2c(O)nc3ccccc32)CC1,7.922713279724121,7.750344753265381,7.836529016494751
CN1CCC(CNC(=O)c2cc3c(-c4ccccc4)[nH]nc3s2)(c2ccccc2)CC1,6.485471725463867,6.1934075355529785,6.339439630508423
O=C(O)COCCCCN1CCC(CN2CCC(Oc3ccc(Cl)c(Cl)c3)CC2)CC1,5.443804740905762,6.0455002784729,5.744652509689331
O=C1Cc2ccccc2C(=O)N1CCCCN1CCN(c2ccc(Cl)c(Cl)c2)CC1,6.219275951385498,7.79841423034668,7.008845090866089
COc1ccc(S(=O)(=O)Nc2cccc(-c3cc3ncc(C)nc3C)c2)cc1NCCN(C)C,,,
CCc1cc(N2CCN(Cc3ccn(-c4ccc(CC(=O)Nc5ccc(F)cc5)cc4)c3)CC2)ncn1,6.771697521209717,5.31332540512085,6.042511463165283
CCN1CCN(c2ccc(Nc3ncc(Cl)c(Nc4ccc5[nH]ncc5c4)n3)cc2)CC1,6.8651533126831055,5.336418628692627,6.100785970687866
COc1ccc2cc[nH]c2c1-c1ccc(Cl)c(Cl)c1,6.827837944030762,5.660568714141846,6.244203329086304
COc1ccccc1N1CCN(CCCCNC(=O)c2ccccc2I)CC1,7.859369277954102,8.374762535095215,8.117065906524658
O=c1c2ccccc2cnn1-c1cccc(I)c1,6.962209701538086,7.001896858215332,6.982053279876709
COc1cccc(CNCCCN2CCCc3ccc(C(O)(c4ccccc4)c4ccccc34)CC2)c1OC,6.1580352783203125,6.235909461975098,6.196972370147705
COc1cccc(C(=O)NC(C)COc2ccc(F)cc2)c1OCC1CCN(C)CC1,6.442775726318359,6.683636665344238,6.563206195831299
COc1ccccc1N1CCN(CC(O)CNC(=O)c2cn(-c3ccc(F)cc3)c3ccccc23)CC1,6.735234260559082,6.738208293914795,6.7367212772369385
O=C(NCCC1CCCCN1)NC1CCC2(O)C3Cc4ccc(O)c5c4C2(CCN3CC2CC2)C1O5,7.77881383895874,8.19078254699707,7.984798192977905
COc1cc2c(cc1OC)C1=NOC(CN3CCN(CC=Cc4ccccc4)CC3)C1CN2,6.658478260040283,6.536540508270264,6.597509384155273
COc1cc2c(cc1OC)CN(Cc1ccc(I)cc1)CC2,6.904955863952637,6.317809104919434,6.611382484436035
CN(C)CCC1=Cc2ccc(NC(=O)CC3C=CC4CC3C4(C)C)cc2CC1,5.445797920227051,7.158202171325684,6.302000045776367
Cc1sc2ncnc(N3CCN(CC(=O)Nc4cccc(Cl)c4)CC3)c2c1C,6.233555793762207,5.181041717529297,5.707298755645752
CCCN(CCC1CCC(NC(=O)c2ccccc2Cl)CC1)C1CCc2nc(N)sc2C1,7.644521236419678,8.897693634033203,8.27110743522644
Cc1cc2c(cc1Cl)SC(NNC(=O)CN1C(=O)C=CC1=O)O2,5.677250385284424,5.282661437988281,5.4799559116363525
COc1cccc(CCN2CCN(Cc3cc4ccccc4o3)CC2)c1,5.839406967163086,6.325998306274414,6.08270263671875
Cc1ccc2c(N3CCN(CCc4cccc5c4OCc4nnc(C)n4-5)CC3)cccc2n1,6.564006328582764,6.47863245010376,6.521319389343262
CN1CCc2cccc3c2C1Cc1ccc(O)c(O)c1-3,7.594958782196045,7.866140842437744,7.7305498123168945
Fc1ccc(-c2ncc3c(-c4ccc(F)cc4)cn(CCCN4CCN(c5ccccn5)CC4)c3n2)cc1,5.698429584503174,6.801939010620117,6.2501842975616455
O=C1CC2(CCCC2)CC(=O)N1CCN1CCN(c2cc(Cl)ccc2Cl)CC1,7.122228622436523,8.30682373046875,7.714526176452637
CC(C)CC1C(=O)N2CCCC2C2(O)OC(NC(=O)C3Cc4c(cc5c[nH]c6c5c4C=CC6)N(C)C3)(C(C)C)C(=O)N12,8.890249252319336,9.544568061828612,9.217408657073975
O=C(NCCCCN1CCC(c2ccccc2)CC1)C1CCCN1S(=O)(=O)c1cc(C(F)(F)F)cc(C(F)(F)F)c1,7.309502124786377,7.739804267883301,7.524653196334839
O=C(c1cc2ccccc2o1)C1CCN(CCn2c(=O)[nH]c3ccccc3c2=O)CC1,6.593712329864502,6.798624038696289,6.6961681842803955
Cn1cc(-c2ccncn2)c(-c2ccc(F)cc2)n1,5.230881214141846,5.168613910675049,5.199747562408447
O=C(NCCCCN1CCN(c2cccc(Cl)c2Cl)CC1)c1ccc(COc2ccccc2)cc1,6.712581634521484,8.564994812011719,7.638788223266602
COc1ccccc1N1CCN(CCCCNC(=O)c2csc3ccccc23)CC1,7.368910312652588,8.884431838989258,8.126671075820923
CCCN(CCC)C1CCc2cc(F)c3[nH]cc(C(=O)O)c3c2C1,7.180916786193848,6.605644226074219,6.893280506134033
CCCN(CCN1CCN(c2cccc(Cl)c2Cl)CC1)C1CCc2ccc(O)cc2C1,7.754941463470459,8.884286880493164,8.319614171981812
O=C(O)C1CCN(CCCN2c3ccccc3Sc3ccc(C(F)(F)F)cc32)CC1,6.401111602783203,6.32448673248291,6.362799167633057
O=C(NC1CCc2ccccc2C1)C1CCN(Cc2ccc(-c3nc4ccccc4o3)cc2)CC1,6.142621040344238,7.249242782592773,6.695931911468506
CCn1ccc2ccc3ccc(CCCCN4CCN(c5ccc(C(F)(F)F)cc5)CC4)nc3c21,6.514739990234375,6.36299991607666,6.438869953155518
C=CCCC(NC(=O)C1CCC(CN)CC1)C(=O)Nc1ccc2ncnc(N)c2c1,6.438304901123047,5.80652379989624,6.1224143505096436
COC(=O)C1C(C)=NC(=O)N(C(=O)NCCCN2CCN(c3nsc4ccccc34)CC2)C1c1ccc(F)c(F)c1,6.192655563354492,5.630828857421875,5.911742210388184
Cc1ncoc1-c1nnc(SCCCN2CC3CC3(c3ccc(C(F)(F)F)cc3)C2)n1C,6.68971061706543,8.816180229187012,7.752945423126221
O=C(c1ccc(F)c(F)c1)C1CCN(CCCc2ccc3c(c2)N(CC(F)(F)F)CC3)CC1,6.226402282714844,6.024051189422607,6.125226736068726
COc1ccc2cccc(C(=O)NC34CC5CC(CC(C5)C3)C4)c2c1,5.462546825408936,6.97545051574707,6.218998670578003
CC(C)(O)c1cn(-c2ccc3[nH]ncc3c2)nn1,5.922440052032471,6.428220748901367,6.175330400466919
Cc1[nH]c2ccc(C(=O)NCCCN3CCN(c4cccc5ccccc45)CC3)cc2c1C,6.826475143432617,6.878381729125977,6.852428436279297
CCN(CC)C(=O)C1Cc2c(cc3c[nH]c4c3c2C=CC4)N(C)C1,7.444197654724121,7.966557502746582,7.705377578735352
O=C(NCCCCNC(=O)C1CC1c1ccccc1OCC(F)(F)F)c1ccc(F)cc1,7.029202461242676,7.2015557289123535,7.115379095077515
CN1CCN(C2Cn3cccc3Sc3ccc(F)cc32)CC1,8.455343246459961,8.19658088684082,8.32596206665039
O=C(Nc1cccnc1)N1CCN(c2ccccc2Cl)CC1,6.745901107788086,6.194404602050781,6.470152854919434
COc1ccccc1N1CCN(CC(O)CNC(=O)c2cc3ccccc3s2)CC1,6.1913604736328125,7.202698707580566,6.6970295906066895
Cc1csc2ncc(C(=O)NCCCN3CCN(c4ccccc4)CC3)c(O)c12,5.9944939613342285,6.625685214996338,6.310089588165283
CCCCN1CCN(c2cccc(Cl)c2Cl)CC1,7.77669620513916,8.241759300231934,8.009227752685547
Clc1ccc(CCN2CCN(c3cccc4c3CCCC4)CC2)c(Cl)c1,8.047455787658691,6.741922855377197,7.394689321517944
CC(C)Oc1ccccc1N1CCN(Cc2ccc(CN3CCCCC3=O)n2C)CC1,8.190450668334961,6.869895935058594,7.530173301696777
Cc1c2ccccc2c(-c2cc(Cl)ccc2OCC(C)NCC(O)c2cccc(NS(=O)(=O)C(F)(F)F)c2)n1C,5.982137203216553,6.319058895111084,6.150598049163818
COc1ccccc1N1CCN(CCCCCNS(=O)(=O)c2cc(C)ccc2C)CC1,7.622853755950928,6.962074279785156,7.292464017868042
CC1CN(CCCc2ccccc2)CCN1c1ccc(C(N)=O)cc1,6.467039585113525,6.428601741790772,6.447820663452148
COc1ccc(CCN2CCN(CC(=O)N3c4ccccc4CC3C)CC2)cc1,6.361789703369141,6.206050395965576,6.283920049667358
CN(C)CCCN1c2ccccc2Sc2ccc(Br)cc21,7.191526889801025,7.153803825378418,7.172665357589722
Clc1ccc(-n2cc(CCCCN3CCN(c4ccccc4Cl)CC3)cn2)cc1,7.4772748947143555,7.840065956115723,7.658670425415039
COc1cccc(N2CCN(Cc3c(CN4CCNCC4)cnc4ccccc34)CC2)c1O,6.641383171081543,5.8833327293396,6.262357950210571
COc1ccccc1N1CCN(C2CCC(NC(=O)c3cc(Cl)cc(Cl)c3)CC2)CC1,7.502327919006348,8.29604721069336,7.8991875648498535
COc1ccccc1N1CCN(Cc2cc(OC)c(OC)cc2-c2cccnc2)CC1,6.392687797546387,6.298453330993652,6.3455705642700195
CN1CCCCC1Cn1nc(Cc2ccc(Cl)cc2)c2ccccc2c1=O,6.493525505065918,6.460870265960693,6.477197885513306
COc1cccc(N2CCN(CCCCNC(=O)c3cccc4nc(-c5ccc(C(=O)N6CCN(c7cccc(OC)c7)cc5)oc34)CC2)c1,,,
NC(N)=NCCCC1NC(=O)C(Cc2ccc(F)cc2)NC(=O)CC(Cc2cnc[nH]2)NC(=O)CCCNC(=O)C(Cc2c[nH]c3ccccc23)NC1=O,7.095398902893066,5.652996063232422,6.374197483062744
COc1ccccc1N1CCN(CCCCNC(=O)c2cc3cc(I)ccc3[nH]2)CC1,7.668590545654297,9.178873062133787,8.423731803894043
Cc1ncoc1-c1nnc(SCCCN2CC3CC3(c3ccc(C(F)(F)F)cc3)C2)n1-c1ccc(F)cc1,6.417199611663818,8.173120498657227,7.2951600551605225
COc1cc(-c2nc(C#N)c(N3CCN(c4cccc(Cl)c4Cl)CC3)o2)cc(OC)c1OC,5.353333473205566,6.701450347900391,6.0273919105529785
CC(C)Oc1cccc(OCCNCCOc2cccc3[nH]cnc23)c1,8.768251419067383,7.419981956481934,8.094116687774658
O=C(NCCCCN1CCN(c2ccccc2OCCF)CC1)c1cn(-c2ccccc2)nc1-c1ccccc1,7.184144973754883,8.067891120910645,7.626018047332764
COc1ccc(C2CN(C)Cc3cc(OCCCN4CCN(C)CC4)ccc32)cc1,5.596582889556885,6.335224628448486,5.9659037590026855
Clc1ccc(-c2csc(N3CCN(CC4CC4)CC3)n2)cc1,5.686570644378662,7.833902835845947,6.760236740112305
O=C1NCCN1CCN1CCC(c2cn(-c3ccc(F)cc3)c3ccc(Cl)cc23)CC1,7.742376327514648,6.38731050491333,7.064843416213989
COCCCN(CCCCNC(=O)c1ccc(Cl)c(Cl)c1)C1CCc2c(O)cccc2C1,7.576361656188965,8.72964096069336,8.153001308441162
CCCN1CCCC2Cc3nc(N(C)C)ccc3CC21,7.20840311050415,7.928997039794922,7.568700075149536
Oc1ccc2c(c1)CCCC2N1CC=C(c2c[nH]c3ccccc23)CC1,7.614899635314941,7.603940486907959,7.60942006111145
CCCN(CCN1CCN(c2ccccn2)CC1)C1CCc2c(O)cccc2C1,7.238893032073975,8.168451309204102,7.703672170639038
Cc1occc1-c1nc(N)c(OCC(N)Cc2c[nH]c3ccccc23)cc1-c1ccc2n[nH]c(C)c2c1,5.1178388595581055,6.277662754058838,5.697750806808472
O=C(Nc1cccc(Cl)c1)NC1CCN(Cc2cccc(I)c2)C1,7.517698764801025,8.06226921081543,7.7899839878082275
O=C1CC2(CCCC2)CC(=O)N1CCN1CCN(c2cc(Cl)ccc2Cl)CC1,7.122228622436523,8.30682373046875,7.714526176452637
Cc1ccc2c(N3CCN(CCc4c(C)ccc5c4ccc(=O)n5C)CC3)cccc2n1,6.998298168182373,6.222384929656982,6.610341548919678
COc1ccc(-n2ccc3cnc(Nc4cc(OC)c(OC)c(OC)c4)nc32)cc1,6.622962951660156,5.11331844329834,5.868140697479248
NCC1CCC(CNc2nc(NCc3cccc(Cl)c3)ncc2[N+](=O)[O-])CC1,6.387357711791992,6.973644256591797,6.6805009841918945
Oc1ccc2c(c1)OC(CNCc1ccc(I)cc1)CC2,9.396833419799805,8.504549980163574,8.95069169998169
COc1ccc(S(=O)(=O)NC2CCC(CCN3CCN(c4nsc5ccccc45)CC3)CC2)cc1,7.836763381958008,8.326160430908203,8.081461906433105
CC(NC1CCc2cc(Br)ccc21)C(=O)NC1CCN(Cc2ccccc2)CC1,6.977301597595215,7.171173572540283,7.074237585067749
CCCCCCCN1C2CCC1CC(NC(=O)c1ccc3nc(-c4cccnc4)[nH]c3c1)C2,6.135369777679443,7.636891365051269,6.8861305713653564
Oc1c(-c2ccc(F)cc2)c(-c2ccncc2)nn1-c1ccc(Cl)cc1,6.030857086181641,5.711573600769043,5.871215343475342
COc1ccc(CCSc2nc3ccc(F)cc3[nH]2)cc1,7.24134635925293,6.50601863861084,6.873682498931885
CCCN(CCN1CCN(c2ccccc2)CC1)C1CCc2cc(O)ccc2C1,6.935369491577148,8.328344345092773,7.631856918334961
CCOc1ccccc1OCCNCC1CCCN(c2nc3ccccc3s2)C1,6.516378402709961,7.355807781219482,6.936093091964722
O=C(NCCCCN1CCN(c2cccc(Cl)c2Cl)CC1)c1cc2ccc1-c1ccc2c(c1)CCO2,,,
COc1ccccc1N1CCN(CCCNC(=O)c2ccc(C=CCN3CCCCc4ccccc43)cc2)CC1,7.405224800109863,7.482211112976074,7.443717956542969
OCCN1CCN(C2OC(c3ccccc3)c3ccccc32)CC1,5.030542373657227,4.917588710784912,4.974065542221069
COc1ccccc1N1CCN(CCCCNC(=O)c2ccc(OCCOc3ccc4nc(C)cc(C)c4c3)cc2)CC1,7.130774021148682,7.84141206741333,7.486093044281006
CC(C)CC1(C(=O)Nc2ccncc2)CCCN1,6.857847213745117,6.361910820007324,6.609879016876221
O=C1N(CCN2CCCCC2)CCN1c1ccc(Cl)c(Cl)c1,7.871194362640381,7.751124382019043,7.811159372329712
O=C1c2ccccc2CCC1CCN1CCN(c2cccc(Cl)c2Cl)CC1,7.460618019104004,7.673840522766113,7.567229270935059
Cc1ccc2[nH]cc(CCNc3ncnc(N4CCC(C)CC4)n3)c2c1,6.831869125366211,5.9208526611328125,6.376360893249512
COc1ccccc1N1CCN(CCCCN2C(=O)CC3(CC2c2ccccc2)CC3)CC1,7.089111328125,7.927753925323486,7.508432626724243
CCCN(CCC1CCC(NS(=O)(=O)c2cccs2)CC1)C1CCc2nc(N)sc2C1,7.233541011810303,9.333185195922852,8.283363103866577
CC1CCN(c2nc3ccccc3n3cccc23)CC1,6.330493927001953,6.092766761779785,6.211630344390869
Oc1ccc2c(c1)OC(CNCc1c[nH]c3ccccc13)CO2,8.456167221069336,7.874034881591797,8.165101051330566
CN1CCN(CC(=O)NC2(c3ccc(Cl)c(Cl)c3)C(=O)Nc3ccc(Cl)cc32)CC1,5.877410411834717,6.704505443572998,6.290957927703857
COc1ccccc1N1CCN(CCc2ccc(OCC(=O)O)cc2)CC1,7.266886711120605,4.607985496520996,5.937436103820801
COc1cc(N2CCN(CC(C)NC(C)=O)CC2)ccc1Nc1ncc(Cl)c(Nc2ccccc2S(=O)(=O)C(C)C)n1,6.666491508483887,5.648434638977051,6.157463073730469
CCN1CCCC1CNC(=O)c1c(OC)c(C)cc(I)c1OC,8.064546585083008,8.782832145690918,8.423689365386963
Cc1cc(C2CC2CN)c2cc(-c3ccc(F)cc3)ccc2n1,5.834282875061035,6.723553657531738,6.278918266296387
N#Cc1ccccc1OCCCCN1CCN(c2cccc3c2CCCC3)CC1,8.46827507019043,7.999680042266846,8.233977556228638
Cc1cc(C(=O)NC2CCC(CCN3CCN(c4cccc(Cl)c4Cl)CC3)CC2)no1,7.635109424591064,8.773126602172852,8.204118013381958
CC(CN1CCN(c2cccc(Cl)c2)CC1)NC(=O)Nc1ccc(-n2cccn2)cc1,6.616905689239502,6.111963748931885,6.364434719085693
Cn1cc(C2CN(CCCOc3cccc4nc(C)ccc34)CC23CCN(CCc2c(C#N)cccc2C#N)CC3)cn1,6.543335914611816,7.462862014770508,7.003098964691162
O=C(O)CCCCCN1CCN(c2cccc(Cl)c2Cl)CC1,7.774567604064941,6.826005458831787,7.300286531448364
CC(NCC(=O)N1CCN(c2cccc(Cl)c2C)CC1)c1ccc(OCCN2CCOCC2)cc1,6.207256317138672,6.532015323638916,6.369635820388794
Oc1nc2cccc(N3CCN(Cc4ccccc4)CC3)c2o1,8.110122680664062,6.817808628082275,7.463965654373169
COc1ccccc1N1CCN(CCCCNC(=O)C=Cc2cccc(F)c2)CC1,7.397883415222168,9.046762466430664,8.222322940826416
COc1ccnc(N2CCC3(CCCN(CCCN4CCN(c5ccccc5OC)CC4)C3=O)CC2)c1,6.381816864013672,6.229728221893311,6.305772542953491
OC(CCCN1CCN(c2cccc(Cl)c2Cl)CC1)c1ccc2ccccc2n1,7.096098899841309,7.831995964050293,7.464047431945801
CC1=CCC2C(C1)c1c(O)cc(C(C)(C)CCC3CN(C)CCC#N)cc1OC2(C)C,,,
CCNC(=O)NC1CCC(Nc2nc(Cl)cc(-c3c[nH]c4ncccc34)n2)CC1,7.679299831390381,7.403705596923828,7.5415027141571045
O=C(NCCc1ccccc1)c1csc(-c2cccnc2)n1,4.606605052947998,6.55186939239502,5.579237222671509
CCCN(CCC)C1CCc2c(O)cccc2C1,8.197704315185547,8.453164100646973,8.32543420791626
O=c1c2cc(F)c(NCCNCc3ccccc3)c(F)c2n(C2CC2)c2snc(O)c12,7.243882179260254,6.896062850952148,7.069972515106201
COc1cc2nc(N3CCN(C(=O)c4cc(I)cc(Cl)c4)CC3)nc(N)c2cc1OC,6.58035135269165,5.8346099853515625,6.2074806690216064
O=C1CCc2cc(C(C3CCCCC3)N3CCCCCC3)ccc2N1,6.101515769958496,6.114420413970947,6.107968091964722
COc1ccc(S(=O)(=O)NC2CCC(N3CCN(c4ccccn4)CC3)CC2)cc1,6.217373371124268,7.125782012939453,6.67157769203186
CN1CCc2c(sc3ncn(CCN4CCN(c5cccc6ccccc56)CC4)c(=O)c23)C1,7.933943748474121,7.499076843261719,7.71651029586792
CCCN(CCc1ccccc1)C1CCc2c(O)cccc2C1,8.200567245483398,8.143576622009277,8.172071933746338
CCCN(CCN1CCN(c2ccccc2)CC1)C1CCc2ccc(S(=O)(=O)N3CCCCC3)cc2C1,6.767100811004639,6.460488796234131,6.613794803619385
CN(C)CCCN1c2ccccc2Sc2ccc(Cl)cc21,7.078269004821777,6.800233840942383,6.93925142288208
CN1CCc2c(sc3ncn(CCN4CCN(c5cccc6ccccc56)CC4)c(=O)c23)C1,7.933909893035889,7.499076843261719,7.716493368148804
O=C(NC1CCC2(O)C3Cc4ccc(O)c5c4N3C12)C1CC1,,,
CC1CN(C)c2ccccc2C(C)C1(O)c1ccc(CO)cc1,7.289332866668701,6.308935642242432,6.799134254455566
CCN(CC)C(=O)C1COc2cc(OC)ccc2C1C,6.401534557342529,6.68290376663208,6.542219161987305
COc1ccccc1N1CCN(CNC(=O)C2CCCN(C(=O)CNC(=O)c3ccccc3)C2)CC1,6.40864896774292,5.773075103759766,6.090862035751343
CCn1c(C)c(-c2ccnc(Nc3ccncc3)n2)sc1=O,6.132256031036377,5.114240646362305,5.623248338699341
CC(C)(C)OC(=O)NC(Cc1c[nH]c2ccccc12)C(=O)NCCCN1CCC2(CC1)OCc1ccccc12,6.785246849060059,6.558177947998047,6.671712398529053
Clc1ccccc1N1CCN(Cc2ccc3c(c2)OCO3)CC1,6.751876831054688,6.927189350128174,6.839533090591431
O=c1cc(N2CCOCC2)oc2c1ccc1ccccc12,5.668664932250977,5.967433452606201,5.818049192428589
CN1CCc2cc(Cl)c(O)cc2C2c3cccc(-c4ccccc4)c3CCC21,6.522585868835449,7.156091690063477,6.839338779449463
O=C(NCCc1ccc2c(c1)OCO2)c1ccc2ccccc2c1,6.203327655792236,6.489966869354248,6.346647262573242
COc1cccc(N2CCN(CCCCc3oc4ccc(I)cc4c3C)CC2)c1,7.34005880355835,7.524234771728516,7.432146787643433
Oc1ccc2[nH]cc(CCCCN3CCN(c4ccccc4F)CC3)c2c1,8.714083671569824,7.991116046905518,8.352599859237671
Oc1ccc2c(OCCNCc3ccccc3)ccc(F)c2[nH]1,,,
CCOCCN1C(=O)C(=C2SC(=S)N(CCCCC(=O)O)C2=O)c2ccccc21,6.037010192871094,5.201004981994629,5.619007587432861
COc1ccccc1N1CCN(CCCCNC(=O)c2ccc3ccn(C)c3c2)CC1,7.369816780090332,8.504530906677246,7.937173843383789
O=C1N(CCN2Cc3ccccc3C2)CCN1c1cccc(Cl)c1,6.888776302337647,7.879955291748047,7.384365797042847
CC(C(=O)NCCCN1CCC(c2ccc(F)cc2)CC1)c1ccc(F)cc1,6.537219524383545,6.220890522003174,6.379055023193359
COc1ccccc1N1CCN(CC(O)CNC(=O)c2ccc3c(c2)C(=O)N(c2ccc(F)c(Cl)c2)C3=O)CC1,6.310610294342041,6.856881141662598,6.583745718002319
Cc1cc(CN2CCN(c3c(Cl)cnc4nc(-c5ccc(C(C)(C)C)cc5)[nH]c34)CC2)no1,5.828503608703613,6.789320945739746,6.30891227722168
COc1ccccc1N1CCN(CCCCc2ccc3c(c2)OCO3)CC1,7.622414112091064,7.83132791519165,7.726871013641357
COc1ccc(N2C(=O)CN(CCCc3ccccc3)C2=S)cc1,6.473373889923096,5.633883476257324,6.05362868309021
CCCN1CCCC(c2cccnc2)C1,6.144223690032959,6.68308687210083,6.4136552810668945
N#Cc1ccc2[nH]cc(CCCCN3CCN(c4cccc5cc(F)ccc45)CC3)c2c1,8.164485931396484,7.814962387084961,7.989724159240723
FC(F)(F)c1cnc(N2CCN(CCCCc3c[nH]c4ccccc34)CC2)c(Cl)c1,7.318985462188721,7.341071128845215,7.330028295516968
COc1ccccc1N1CCN(CC(O)CNC(=O)c2cc3cnc(C)nc3[nH]2)CC1,5.894468784332275,6.548078536987305,6.22127366065979
COc1ccccc1N1CCN(CCCCNC(=O)c2ccc(C)cc2)CC1,7.418456077575684,8.534900665283203,7.976678371429443
CCCN1C(=O)CCC2CN(Cc3cccc(Cl)c3)CCC21,6.1136088371276855,6.733473300933838,6.423541069030762
N=C(N)NCCCC(NC(=O)C(CC1CCCCC1)NC(=O)c1n[nH]c(NC2CCC3(CCN(C(=O)OCC)CC3)C2)n1)C(=O)O,6.8316650390625,5.291936874389648,6.061800956726074
CCCN(CCN1CCN(c2ccc3ccoc3c2)CC1)C1CCc2nc(N)sc2C1,6.854214191436768,8.609301567077637,7.731757879257202
Cc1c(C(=O)NCCCCN2CCN(c3cccc(Cl)c3Cl)CC2)oc2ccccc12,6.926755428314209,8.194121360778809,7.560438394546509
Clc1ccccc1N1CCN(CCCCOc2ccc3ccc(-c4nc5ccccc5o4)nc3n2)CC1,6.181130886077881,8.061851501464844,7.121491193771362
ON=Cc1nc2ccccc2n1CCCc1ccccc1,6.960570812225342,6.122565269470215,6.541568040847778
CC(C)(C)c1c[nH]c(C(=O)NCCCN2CCC(N3C(=O)c4cc(Cl)ccc4C3=O)CC2)c1,6.073342323303223,7.202822685241699,6.638082504272461
c1ccc2c(N3CCN(CCCCc4ccccc4)CC3)cccc2c1,7.636910438537598,7.493297100067139,7.565103769302368
O=C(NC1CCC(CCN2CCN(c3cccc(Cl)c3Cl)CC2)CC1)c1cc2ccccc2s1,7.600751399993896,8.926794052124023,8.26377272605896
Sc1nnc(-c2ccc3ccccc3c2)n1-c1ccc2c(c1)OCCO2,6.625406265258789,6.56852912902832,6.596967697143555
COc1ccc2cn(-c3nc(NC4CCC(C(=O)O)CC4)c4ccccc4n3)c(O)c2c1,6.042074203491211,4.714071273803711,5.378072738647461
CCCN(CCN1CCN(c2ccnc3cc(Cl)ccc23)CC1)C1CCc2c(O)cccc2C1,7.796812534332275,8.927447319030762,8.362129926681519
O=C1COc2ccc(C(=O)CCCN3CCC(c4noc5cc(F)ccc45)CC3)cc2N1,7.943569183349609,6.700647354125977,7.322108268737793
CC(=O)NC1CCc2ccc(O)cc21,6.748548984527588,4.03477954864502,5.391664266586304
CCN1CCN(C2Cn3cccc3Sc3ccc(F)cc32)CC1,8.352453231811523,7.737476825714111,8.044965028762817
O=C(NN1CCCC1)c1ccc2c(c1)C(=O)c1ccccc1-2,6.051589012145996,6.544795989990234,6.298192501068115
Oc1c2cccc(CCCN3CCN(c4cccc5cccc(F)c45)CC3)c2oc2ccc(OCCN3CCCCC3)cc12,,,
N#Cc1cccc(C(=O)NCCCCCN2CCN(c3cccc(Cl)c3Cl)CC2)c1,7.864263534545898,8.32252311706543,8.093393325805664
CCCCN(CCCC)C1CCc2c(O)cccc2C1,7.942216396331787,8.147453308105469,8.044834852218628
CCCN(CC1CC1)c1nc(C)nc2c1sc(=S)n2-c1ccc(N(C)C)cc1,6.375464916229248,6.0610175132751465,6.218241214752197
COc1ccc(N2CCN(CCCCCn3ncc(=O)n(C)c3=O)CC2)cc1,5.981586933135986,6.866987705230713,6.42428731918335
O=C1N(CCCCN2CCN(c3cccc(Cl)c3Cl)CC2)CCN1c1cccc(Cl)c1,7.927756309509277,8.702208518981934,8.314982414245605
O=S(=O)(Nc1ccc2[nH]cc(CCN3CCCC3)c2c1)c1ccc(-c2ccccc2)cc1,7.537899494171143,7.331840515136719,7.434870004653931
COc1ccc(CN2C(=O)C(=C(c3ccccc3)C3C(=O)N(C)C(=O)N(C)C3=O)SC2=S)cc1,4.722272872924805,5.055873870849609,4.889073371887207
Cc1ccc2oc(=O)n(C3CCN(CC(O)COc4ccc(C(F)(F)F)cc4)CC3)c2c1,6.4375433921813965,6.731515884399414,6.584529638290405
Cc1ccc(N2CCN(CCCN3C(=O)c4cccc5c3ccccc45)CC2)c(Cl)c1,,,
Oc1nc2c(c(-c3ccc(F)cc3)n1)CCCC2,7.851986885070801,5.8516106605529785,6.85179877281189
CCCN(CCCN1CCN(c2cccc(Cl)c2Cl)CC1)C1CCc2c(O)cccc2C1,7.860254764556885,8.218921661376953,8.039588212966919
CN1CCCCC1CNC(=O)c1c(Br)c(-c2ccccc2)noc1C1CCCN(C(=O)CCCN2CCC(c3ccccc3)CC2)C1,,,
CCCCN1CCCC1Cn1nc(Cc2ccc(Cl)cc2)c2cnccc2c1=O,6.297159194946289,7.124439716339111,6.7107994556427
Cc1ccc2c(N3CCN(CCc4cccc(N5CCOCC5)c4)CC3)cc(F)cc2n1,7.366551399230957,6.656920433044434,7.011735916137695
CCCN1CCCCC2Cc3n[nH]cc3CC21,7.406299591064453,7.602911472320557,7.504605531692505
COc1ccccc1N1CCN(CCCCc2cc(-c3ccc(C#N)cc3)no2)CC1,7.121132850646973,8.305495262145996,7.713314056396484
CCCN(CCCNc1ccnc2cc(Cl)ccc12)CC1CCN(CC2CN(C(CCC)C(=O)O)CC2c2cccc(F)c2)CC1,5.879396438598633,6.470592498779297,6.174994468688965
CC(C)Oc1ccccc1N1CCN(CCCC(=O)c2nc3ccccc3n2C)CC1,7.349276065826416,7.3446364402771,7.346956253051758
CCCN(CC(F)(F)F)C1COc2c(OC)cc(OC)cc2C1,5.65677547454834,6.5317254066467285,6.094250440597534
O=C1CC2(CCCC2)CC(=O)N1CCN1CCN(c2nsc3ccccc23)CC1,7.418371200561523,7.749260902404785,7.583816051483154
Oc1[nH]cc2cc(F)c(OCCCCN3CCN(c4cccc5cc(F)ccc45)CC3)cc12,8.385160446166992,8.238309860229492,8.311735153198242
CCCN(CCCCNC(=O)Cc1ccccc1)C1CCc2ccc3[nH]ccc3c2C1,7.197572708129883,7.128441333770752,7.163007020950317
Oc1nc(O)c(Cc2ccccc2Cl)c(N2CCNCC2)n1,6.905418872833252,5.590373516082764,6.247896194458008
CCCN1CCCC(c2ccc(Nc3nc(Nc4cc(F)ccc4C(N)=O)c4cc[nH]c4n3)c(OC)c2)C1,6.661169528961182,5.90226411819458,6.281716823577881
NC(=O)c1ccccc1NC(=O)CCCN1CCC2C(C1)c1cccc3c1N2CCS3,7.266629695892334,6.793778419494629,7.0302040576934814
O=C(NCCCCN1CCN(c2cccc(Cl)c2Cl)CC1)c1cc2cc(F)ccc2[nH]1,7.324804306030273,9.104984283447266,8.21489429473877
CN1CCN(C2=Nc3cc(Cl)ccc3N(NC(=O)c3ccc(Cl)c(Cl)c3)c3ccccc32)CC1,6.29764986038208,6.7041015625,6.50087571144104
NCCSc1c[nH]c2ccc(O)cc12,7.73112678527832,7.317729949951172,7.524428367614746
Cc1cccc(OCCCNCC2COc3cccc(O)c3O2)c1,8.342018127441406,8.28748893737793,8.314753532409668
CCN(CC)Cc1ccc(CCCN2CCN(c3cccc(Cl)c3Cl)CC2)cc1,6.549102306365967,6.148595809936523,6.348849058151245
COc1ccccc1N1CCN(CCN(C(=O)C23C4C5C2C2C3C4C52I)c2ccccn2)CC1,7.1265411376953125,5.760276317596436,6.443408727645874
COc1ccccc1N1CCN(CCNC(=O)c2cc3ccc(C#N)cc3s2)CC1,7.305814743041992,7.410048484802246,7.357931613922119
COc1ccccc1N1CCN(Cc2ccn(-c3ccccc3)n2)CC1,7.260146141052246,6.491978645324707,6.876062393188477
O=C(NC1CCc2ccc(CCN3CCN(c4nsc5ccccc45)CC3)cc21)c1ccc(F)cc1,7.64020299911499,6.56119441986084,7.100698709487915
COc1ccccc1N1CCN(CCCCNC(=O)NC23CC4CC(CC(C4)C2)C3)CC1,7.164814472198486,8.55827522277832,7.861544847488403
CN(C)CCOc1ccccc1-c1cccc(C2CCN(Cc3ccc(C(F)(F)F)cc3)CC2)c1,6.624989032745361,6.147589683532715,6.386289358139038
COc1ccccc1N1CCN(CCCN2C(=O)C3C(=O)N(C)C(C(N)=O)C=C(c4ccc(F)cc4)C3=O)CC2)CC1,,,
CN(CCc1ccccn1)C1CN(C(=O)c2cc3cc(F)ccc3[nH]2)C1,5.458358287811279,6.533134460449219,5.995746374130249
COc1ccccc1N1CCN(Cc2cn(-c3ccccc3)nc2-c2ccccc2)CC1,7.377544403076172,6.882716178894043,7.130130290985107
CC(C)(C)C1(O)CN(CCCCc2c[nH]c3ccc(F)cc23)CC1,5.717670917510986,7.393348217010498,6.555509567260742
CSc1ccccc1N1CCN(CCCCNC(=O)c2cc3ccc2Cl)CC1,,,
Oc1ccc2c(c1)OC(CNCCC1CCC(c3ccccc3)CC1)CC2,8.131935119628906,8.305398941040039,8.218667030334473
CCCCN1CCC(COc2nsnc2NC(=O)CC)(c2ccccc2)CC1,6.638462066650391,5.949019908905029,6.29374098777771
O=C(Nc1ccc(-c2cccc3sncc23)cc1)Nc1ccc(F)c(C(F)(F)F)c1,7.1969380378723145,5.280692100524902,6.238815069198608
COc1cccc(CN2CCN(CCC-c3ccncc3)CC2)c1,4.903879165649414,5.648951530456543,5.2764153480529785
O=C(NC1CCc2ccc(CCN3CCN(c4nsc5ccccc45)CC3)cc21)c1ccc(F)cc1,7.640168190002441,6.56119441986084,7.100681304931641
O=C(NC1CCCCC1)c1cc2c(O)nc3ccccc3c2s1,6.487483024597168,6.584356784820557,6.535919904708862
COc1cccc(N2CCN(CCCCc3nc4ccccc4[nH]3)CC2)c1,7.4330854415893555,7.442498683929443,7.437792062759399
O=C1CCc2nc(NCCCN3CCN(c4ccccn4)CC3)sc2N1,7.414967536926269,6.010817527770996,6.712892532348633
O=C(CCCN1CCC2(CC1)C(=O)NCN2c1ccccc1)c1ccc(F)cc1,9.175222396850586,8.254637718200684,8.714930057525635
Clc1ccccc1N1CCN(CCCCc2nc3ccccc3[nH]2)CC1,8.168949127197266,7.666815280914307,7.917882204055786
CCN1CCCC1CNC(=O)c1c(O)c(NC)cc(I)c1O,8.191924095153809,8.88847827911377,8.540201187133789
CC(NC(=O)c1cccc2cccnc12)c1ccccc1,5.786752223968506,5.55814790725708,5.672450065612793
Cc1cccc(C(=O)NC2CCC(Nc3nc(Cl)cc(-c4c[nH]c5ncccc45)n3)CC2)c1,6.55955982208252,6.677112102508545,6.618335962295532
CN1CCc2cccc3c2C1Cc1ccc(O)c(O)c1-3,7.594958782196045,7.866140842437744,7.7305498123168945
CCc1cc(C(=O)NC2CCC3(O)C4Cc5ccc(O)c6c5C3(CCN4CC3CC3)C2O6)ccn1,8.13879680633545,8.115606307983398,8.127201557159424
O=C1CCc2ccc(OCCCCN3CCN(c4cccc(Cl)c4Cl)CC3)nc2N1,8.820858001708984,7.946710586547852,8.383784294128418
COc1ccccc1N1CCN(CCCCNC(=O)C=Cc2cc3cccc(OC)c3nc2O)CC1,7.776037693023682,8.5325345993042,8.15428614616394
CN1CCCCC1CNC(=O)c1cc(Br)ccc1O,5.871323108673096,7.826116561889648,6.848719835281372
Cc1ccc(C2(O)CCN(CCC3CCC(NC(=O)c4ccc5nccnc5c4)CC3)CC2)cc1C,6.084418773651123,7.002580642700195,6.543499708175659
COc1ccccc1N1CCN(CCc2ccc3sc(-c4ccc(C(C)=O)cc4)nc3c2)CC1,6.729466438293457,6.927070617675781,6.828268527984619
COc1ccccc1N1CCN(CCN(CCCCNC(=O)c2cc3ccccc3s2)CC1,,,
Cc1ccc2c(N3CCN(CCc4cccc5c4OCc4c(C(=O)N6CCC6)ncn4-5)CC3)cccc2n1,6.028204441070557,6.066689014434815,6.0474467277526855
Oc1nc2cccc(OCCNCc3ccccc3)c2o1,7.855310440063477,7.464760780334473,7.660035610198975
O=C(CCCN1CCC2(CC1)C(=O)NCN2c1ccccc1)c1ccc(F)cc1,9.175222396850586,8.254637718200684,8.714930057525635
O=S(=O)(c1ccccc1)n1cc(CCCCN2CCC3(CC2)CN(Cc2ccc(F)cc2)CC3)nn1,5.698957920074463,6.408452033996582,6.0537049770355225
COc1ccccc1N1CCN(CCCCNC(=O)c2ccc(Cl)cc2)CC1,7.439041614532471,8.88364028930664,8.161340951919556
COc1ccc2[nH]cc(CCNCC(F)(F)F)c2c1,5.722119331359863,5.801210403442383,5.761664867401123
COc1ccccc1N1CCN(CCCCc2c[nH]c3ccc(C(N)=O)cc23)CC1,8.368144989013672,8.15674877166748,8.262446880340576
O=C(CCCN1CC=C(n2c(O)nc3ccccc32)CC1)c1cccc(F)c1,8.137792587280273,7.848884582519531,7.993338584899902
N#Cc1cccc(CN2CCN(Cc3cccc4c3OCS4(=O)=O)CC2)c1,5.75022554397583,6.227229595184326,5.988727569580078
CCCN1CCCC2Cc3n[nH]cc3CC21,7.44373893737793,7.752826690673828,7.598282814025879
Fc1ccc(-c2nn3c(C4CCC4)nnc3s2)cc1NC1CCCN(c2ccnc3cc(F)ccc23)C1,6.757967472076416,6.145692825317383,6.451830148696899
CCOC(=O)C1C(=N)n2c(sc(=Cc3cccs3)c2=O)=C(C(N)=O)C1c1cccs1,5.241603851318359,5.154909610748291,5.198256731033325
O=C(Cc1csc(N2CCN(c3ccccn3)CC2)n1)NC1CCCC1,7.016523838043213,5.761806488037109,6.389165163040161
Cc1c(-c2ccccc2)oc2ccc3cc(OCCCN4CCCC4)ccc3c12,6.243434429168701,7.28927755355835,6.766355991363525
Cc1cc(C)c2nc(O)c(CN(CCCCCC(=O)O)CC(=O)Nc3ccc(C)c(C)c3)cc2c1,6.099422454833984,4.334220886230469,5.216821670532227
O=C1N(CCCN2CCC(Cc3c[nH]c4ccc(C(F)(F)F)cc34)CC2)CCN1c1ccccn1,6.807589054107666,7.109035015106201,6.958312034606934
FC(F)(F)c1cccc(N2CN(CCCCc3ccc4c(c3)OCO4)CC2c2ccccc2)c1,6.3066182136535645,6.96870231628418,6.637660264968872
O=C(NCCCCN1CCN(c2cccc(Cl)c2Cl)CC1)c1cc2ccccc2o1,6.971603870391846,8.865472793579102,7.918538331985474
OC1(c2ccc3ccccc3c2)CCN(CCCCc2c[nH]c3ccc(-n4cnnc4)cc23)CC1,7.556553363800049,6.953952789306641,7.255253076553345
O=C(NC1CCCN2CCN(c3ccccc3)CC2)C1)c1ccc(-c2ccccc2)cc1,,,
O=C(NC1CCC2(O)C3Cc4ccc(O)c5c4C2(CCN3CC2CC2)C1O5)c1ccncc1,8.037382125854492,7.99456262588501,8.015972375869751
Oc1nc2ccc(OCCNCc3ccc(Cl)cc3)cc2[nH]1,7.771163940429687,7.297749996185303,7.534456968307495
COc1ccccc1N1CCN(CCSC(=S)Nc2ccc(-c3ccccc3)cc2)CC1,7.771902084350586,7.552872657775879,7.662387371063232
O=C(NCCCCN1CCN(c2nsc3ccccc23)CC1)c1cccc2nonc12,7.588497161865234,7.248461723327637,7.4184794425964355
Oc1ccc2c(c1)OC(CNCc1ccccc1)CC2,8.810506820678711,8.251319885253906,8.530913352966309
CCCN1CCCC2Cc3nc(N)ncc3CC21,6.650206089019775,7.483463287353516,7.0668346881866455
O=C(NC1CCN(Cc2ccccc2)CC1)C1CCc2c(-c3ccccc3)cccc2C1,6.885997295379639,7.060342311859131,6.973169803619385
COc1ccccc1N1CCN(CC(=O)N2c3ccccc3C(=O)Nc3cccnc32)CC1,7.082321643829346,5.580370903015137,6.331346273422241
Oc1[nH]cc2ccc(OCCCN3CCN(c4cccc5cccc(F)c45)CC3)cc12,8.2858247756958,7.846155166625977,8.065989971160889
COc1ccc(CNc2ccc3c(c2)CCC3)cc1,7.345673084259033,5.370423793792725,6.358048439025879
CCCC(=O)NCC1CCc2c(OC)ccc3c2C1CC3,7.567144393920898,7.062742710113525,7.314943552017212
O=C1Cc2ccccc2C(=O)N1CCCCN1CCN(c2nsc3ccccc23)CC1,7.28090238571167,7.591960906982422,7.436431646347046
Oc1nc2c(O)ccc(C(O)CNCC3CCCc4ccccc43)c2s1,5.903424739837647,7.297854423522949,6.600639581680298
CCCN(CCC)C1CCc2ccc3[nH]ccc3c2C1,7.49531888961792,7.435484886169434,7.465401887893677
COc1ccccc1N1CCN(CCCn2ncc(=O)n(C)c2=O)CC1,6.650855541229248,6.961981296539307,6.806418418884277
COc1ccccc1N1CCN(CCCCNC(=O)c2cc3ccccc3s2)CC1,7.43854284286499,9.065712928771973,8.252127885818481
COc1ccc(C2CCN(CC(O)COc3ccc(C4(O)CC5C6CCC(O6)C5(O)C4)cc3)CC2)cc1,6.7604570388793945,5.423125743865967,6.091791391372681
CCCN1CCc2cc(OCCF)cc3c2C1Cc1cccc(O)c1-3,7.890113353729248,6.994494438171387,7.442303895950317
COc1ccccc1N1CCN(CCCCNC(=O)Cn2sc3ccccc3c2=O)CC1,7.683715343475342,7.423154830932617,7.5534350872039795
CN1CCN(c2ccc(C(=O)Nc3n[nH]c4ccc(Cc5cc(F)cc(F)c5)cc34)c(NC3CCCC3)c2)CC1,6.162798881530762,6.218940734863281,6.1908698081970215
Oc1[nH]cc2cc(F)c(OCCCN3CCN(c4cccc5ccc(F)cc45)CC3)cc12,8.179012298583984,7.826079368591309,8.002545833587646
COc1ccccc1N1CCN(CCn2ccc3nc(C)sc3c2=O)CC1,7.398316860198975,6.47584867477417,6.937082767486572
CCN(CC)c1nc(NC2CCC(NC(=O)c3ccc(Cl)s3)CC2)nc2ccccc12,7.97521162033081,7.558376312255859,7.766793966293335
CC1CN(Cc2ccccc2NC(=O)c2ccc(-c3ccc([N+](=O)[O-])cc3)cc2)CCN1,5.2616143226623535,6.018058776855469,5.639836549758911
CN1CCN(C2=Cc3ccccc3Oc3ncccc32)CC1,7.14669942855835,6.57325553894043,6.85997748374939
CCN(CC1CC1)c1ccc(NC(=O)c2cc(Cl)ccc2NC(=O)c2cccc(F)c2F)cc1,6.3382415771484375,5.612320423126221,5.975281000137329
O=C1N(CCN2CCCCCC2)CCN1c1ccccc1,7.682778358459473,6.898929595947266,7.290853977203369
COc1ccccc1N1CCN(CCc2ccc3c(c2)sc2ccc(F)cc23)CC1,7.669313430786133,6.926845550537109,7.298079490661621
c1ccc(C2(c3ccccc3)CC2)cc1,5.878012657165527,6.514994621276856,6.196503639221191
N#Cc1cccc(C(=O)NCC2CCN(Cc3ccc(Cl)cc3Cl)CC2)c1,5.947873592376709,6.516005516052246,6.2319395542144775
Oc1ccc(C2CN3CCCC3c3ccc(Cl)cc32)cc1,6.541987895965576,6.963985443115234,6.752986669540405
COCCCn1cc(C2=C(c3c[nH]c4ccccc34)C(=O)NC2=O)c2ccccc21,5.44116735458374,5.423575401306152,5.432371377944946
O=C1N(CCN2CCCCCC2)CCN1c1cccc(C(F)(F)F)c1,7.84260368347168,8.507375717163086,8.174989700317383
CCCN(CCN1CCN(c2cnn3ccccc23)CC1)C1CCc2ccc3[nH]ccc3c2C1,7.331855773925781,7.643099784851074,7.487477779388428
Cn1c2c(c3ccccc31)CC(C(=O)Nc1ccc(CCN3CCN(c4ccccn4)CC3)cc1)CC2,6.511794567108154,6.196547508239746,6.35417103767395
Clc1ccc(N2CCN(CCCCOc3ccc4ncccc4c3)CC2)cc1,6.583258628845215,7.460615158081055,7.021936893463135
Cc1cc(C(=O)NC2CCC(NC(=O)c3ccc(-c4ccccc4Cl)cc3)CC2)no1,6.080697059631348,7.751438140869141,6.916067600250244
CCCN1CN(c2ccccc2)C2(CCN(CCCC(=O)c3ccc(F)cc3)CC2)C1=O,9.637115478515623,8.272919654846191,8.955017566680908
O=C(NCCCN1CCN(c2cccc(Cl)c2Cl)CC1)c1cc2ccccc2o1,6.293625354766846,7.376164436340332,6.834894895553589
COc1cccc(C2CC2C(=O)N2CCN(c3ccc(C#N)cc3)CC2)c1,5.168024063110352,5.641115665435791,5.404569864273071
CN1N=C(N)c2cn(C3OC(CO)C(O)C3O)c3ncnc1c23,4.23961067199707,3.3789894580841064,3.8093000650405884
OC(CCN1CCC(c2c[nH]c3cc(F)ccc23)CC1)c1ccc(F)cc1,7.390343189239502,6.047153949737549,6.718748569488525
CCCN(CCc1cccs1)C1CCc2ccc3[nH]ccc3c2C1,7.883999824523926,7.9730119705200195,7.928505897521973
CN1CCc2c(sc3ncn(CCN4CCN(c5ccccc5Cl)CC4)c(=O)c23)C1,7.434609413146973,7.534999370574951,7.484804391860962
O=C(NCCCCN1CCN(c2cccc(Cl)c2Cl)CC1)c1ccc(F)cc1,7.551733493804932,8.872730255126953,8.212231874465942
O=C1c2cc(O)ccc2C(=O)N1CCCCN1CCN(c2ccccc2OCCF)CC1,8.128814697265625,8.317071914672852,8.222943305969238
O=S(=O)(NCCCCN1CCC(c2noc3cc(F)ccc23)CC1)c1ccc(Cl)c(Cl)c1,8.007444381713867,8.150208473205566,8.078826427459717
Cc1ccnc(C)c1-c1cc(C2CCCN(C(=O)C3CC3)C2)no1,5.92699670791626,6.262103080749512,6.094549894332886
Cc1ccc(S(=O)(=O)NCC2CCC(NC(=O)c3ccc(-n4cccc4)cc3)CC2)cc1,7.0590128898620605,7.598382949829102,7.328697919845581
COc1ccc(C)cc1N1CCN(CCCCNC(=O)c2c(-c3ccc(Cl)cc3)noc2C)CC1,6.707475185394287,7.726537704467773,7.21700644493103
COc1ccc2c(c1)CCC1CCC(CN1CCN(c3ccccc3OC)CC1)C2,,,
COc1ccccc1N1CCN(CCCCNC(=O)c2ccc3c(c2)sc2ccccc23)CC1,7.192817687988281,8.860069274902344,8.026443481445312
CC1=CCC2C(C1)c1c(O)cc(C(C)(C)c3cccc(Br)c3)cc1OC2(C)C,6.426837921142578,6.979053020477295,6.7029454708099365
O=C(NC1CCCC(N2CCN(c3nsc4ccccc34)CC2)C1)c1ccc(Cl)cc1,7.327131271362305,7.444198131561279,7.385664701461792
O=S(=O)(NC1CCC(CCN2CCN(c3cccc(Cl)c3Cl)CC2)CC1)c1ccc2ccccc2c1,7.830300331115723,8.54770278930664,8.189001560211182
CCCN(CCC)C1CCc2c(ccc(O)c2O)C1,8.462950706481934,9.167142868041992,8.815046787261963
Fc1ccc(-c2nc(CCCN3CCN(c4ccccn4)CC3)co2)cc1,5.6948323249816895,6.81074333190918,6.252787828445435
CCN(CC)C(=O)Cn1cnc2ccc(C)cc21,5.478485584259033,5.577685356140137,5.528085470199585
CCCN(CCCN1C(=O)c2cccc(Br)c2C1=O)C1COc2cccc(OC)c2C1,5.75546932220459,7.260700225830078,6.508084774017334
O=C(NC1CCc2ccc(CCN3CCN(c4nsc5ccccc45)CC3)cc21)c1cccs1,7.400638580322266,6.586479663848877,6.993559122085571
Cn1ncc2cc(OCCCN3CCN(c4cccc(Cl)c4Cl)CC3)ccc21,7.170822620391846,7.913204669952393,7.542013645172119
Cc1cc(C(C)(C)C)sc1C(=O)NCCCCN1CCN(c2cccc(Cl)c2Cl)CC1,6.878610134124756,8.113362312316895,7.495986223220825
CC(C)NCC(O)COc1ccc(CCOCC2CC2)cc1,4.700615882873535,5.1716837882995605,4.936149835586548
CC1CN(c2cccc3c2CCC3)CCN1CCC1=O,,,
COC(=O)C1C2CC3c4[nH]c5cc(Cl)ccc5c4CCN3CC2CC(OC(=O)c2ccc([N+](=O)[O-])cc2)C1O5,,,
COc1ccccc1N1CCN(CCCCNC(=O)c2ccc3c(c2)OCO3)CC1,7.246340751647949,8.4504976272583,7.848419189453125
Brc1ccc2[nH]c(C3CCN(C4COC4)CC3)nc2c1,6.971696376800537,6.497505187988281,6.734600782394409
Cc1ccncc1-c1ccc2c(c1)Cc1c(-c3csc(C#CCOc4ccccc4)c3)n[nH]c1-2,4.8853535652160645,5.892303943634033,5.388828754425049
Cc1ccc(NC(=O)CN2CCN(c3cccc(C(F)(F)F)c3)CC2)c(C)c1,6.386998176574707,5.949789524078369,6.168393850326538
COc1cccc(Cn2cc(NC(=O)c3ccc(F)c(C)c3)cn2)c1,6.3205084800720215,5.408990383148193,5.864749431610107
COc1ccc(S(=O)(=O)Nc2ccc(F)c(F)c2N2CCNCC2)cc1,6.732146263122559,5.733276844024658,6.232711553573608
CC1(C)SCCN(S(=O)(=O)c2ccc(Oc3ccccc3)cc2)C1C(O)=NO,5.99776554107666,4.616506576538086,5.307136058807373
O=C(NC1CCc2ccc(CCN3CCN(c4nsc5ccccc45)CC3)cc21)c1ccccc1,7.34904670715332,6.441578388214111,6.895312547683716
O=C(O)Cn1cc(Cc2nc3c(F)c(F)cc(F)c3s2)c2ccccc21,6.007887363433838,3.5776116847991943,4.792749524116516
COc1cc(N)c(Cl)cc1C(=O)NC1CCN(CCCOc2ccc(F)cc2)CC1,7.865998268127441,7.543883323669434,7.7049407958984375
CCCN(CCN1CCN(c2ccnc3c(O)cccc23)CC1)C1CCc2nc(N)sc2C1,7.635401725769043,8.917998313903809,8.276700019836426
CN(C)C1CCc2ccc3[nH]c(O)cc3c2C1,7.412839889526367,7.009522914886475,7.211181402206421
O=C(CCC1CCN(Cc2ccccc2)CC1)c1ccc(F)cc1,6.576852798461914,6.5554070472717285,6.566129922866821
CCCc1ccc(N2CCN(CCCCN3CCCCC3=O)CC2)cc1,6.527543544769287,7.398118019104004,6.9628307819366455
O=C1NCC2c3c(cccc31)CCN2C(=O)C1CCNCC1,6.201785564422607,5.953814029693604,6.0777997970581055
Oc1nc2ccc(Cl)cc2c(-c2ccccc2)c1C1=NNC(c2ccccn2)C1,5.883187294006348,5.961227893829346,5.922207593917847
N#Cc1ccc2[nH]cc(CCCCN3CCN(c4ccc5oc(C(N)=O)cc5c4)CC3)c2c1,7.100305557250977,7.288533210754394,7.1944193840026855
Cc1ncoc1-c1nnc(SCCCN2CC=C(c3ccc4cc(F)ccc4c3)CC2)n1C,6.724390983581543,7.841675758361816,7.28303337097168
C[N+]1(CCC(O)(c2ccccc2)C2CCC(CC2)C1)CC1CCC1,5.272735118865967,7.272768020629883,6.272751569747925
O=C(CCCN1CCN(c2cccc(Cl)c2Cl)CC1)c1cc2cc3c(cc2[nH]1)OCO3,7.974920749664307,8.1597900390625,8.067355394363403
Fc1ccc(OCCCN2CCN(c3cccc4c3OCCC4)CC2)cc1,8.323385238647461,7.491871356964111,7.907628297805786
COc1ccccc1N1CCN(CCCCNC(=O)C23CC4CC(CC(C4)C2)C3)CC1,6.808588027954102,7.6293625831604,7.218975305557251
CC1CC(C)(C)Nc2cc3nc(O)cc(C(F)(F)F)c3cc21,6.258095741271973,5.7974042892456055,6.027750015258789
CCCN(CCC1CCC(NS(=O)(=O)c2ccccc2F)CC1)C1CCc2nc(N)sc2C1,7.258523941040039,9.022845268249512,8.140684604644775
Cc1nnc(-c2ccc(-c3ccccc3)cc2)n1-c1ccccc1OCCCCCN1CCN(c2ccc(F)cc2)CC1,6.420529365539551,7.4887919425964355,6.954660654067993
O=C1NCN(c2ccccc2)C12CCN(C1CCC3CCC1O3)CC2,7.05007791519165,6.840937614440918,6.945507764816284
Cc1cc(Br)cc(C)c1NC(=O)NC(C)C(C)CO,6.41515064239502,6.138635635375977,6.276893138885498
CCN1CCCC1CNC(=O)c1c(OC)ccc(Br)c1OC,6.901225090026856,8.275629043579102,7.5884270668029785
CCN(CC)Cc1ccc(OCCCCN2CCN(c3cccc4c(=O)n(C)c(=O)nc34)CC2)cc1,,,
Cc1ccc(-n2ccc(C(=O)NCC3CCN(CC(=O)N4CCCC4)CC3)n2)cc1,5.039542198181152,6.76593828201294,5.902740240097046
O=C1NC(=O)C2=C1c1cn(c3ccccc13)CCCc1ccc(c(N3CCCC3)n1)CCCn1cc2c2ccccc21,6.602169990539551,5.360140323638916,5.981155157089233
Clc1ccc(-c2nccc3c2CCCC3)cc1Cl,6.472466945648193,5.532210826873779,6.002338886260986
COc1ccccc1N1CCN(CCCCNC(=O)c2cc(C3CC3)[nH]n2)CC1,7.289539337158203,8.192720413208008,7.7411298751831055
COc1ccccc1N1CCN(CCCCN2C(=O)c3ccccc3C2=O)CC1,7.337620735168457,7.570512771606445,7.454066753387451
OC1(c2ccc(F)cc2)CCN(CCCc2c[nH]c3ccc(-n4cnnc4)cc23)CC1,7.661905288696289,6.449306488037109,7.055605888366699
CCN1CCc2ccccc2Cc2ccc3[nH]cc(C=O)c3c2C1,7.177624225616455,5.772202014923096,6.474913120269775
CCCN(CCN1CCN(c2cccc(Cl)c2Cl)CC1)C1CCc2ccc(OS(=O)(=O)c3ccc(Cl)cc3)cc2C1,6.738469123840332,8.190556526184082,7.464512825012207
CN1CCc2c(sc3ncn(CCN4CCN(c5cccc(Cl)c5Cl)CC4)c(=O)c23)C1,7.474087715148926,7.908843040466309,7.691465377807617
COc1ccc(C(C2CCCCC2)N2CCN(c3cccc(Cl)c3Cl)CC2)cc1,7.095241546630859,6.873334884643555,6.984288215637207
CCCN1C2CCC1CC(NC(=O)c1cc3ccccc3o1)C2,5.869409561157227,8.179693222045898,7.0245513916015625
CN1CCc2c(sc3ncn(CCN4CCN(c5cccc6ccccc56)CC4)c(=O)c23)C1,7.933943748474121,7.499076843261719,7.71651029586792
CCCN(CCC)C1CCc2c(c3ccccc3n2C)C1,6.4896159172058105,7.201064109802246,6.845340013504028
O=C(NC1CCCc2[nH]c(-c3ccccc3)nc21)c1cc(-c2ccccc2)no1,5.544668197631836,6.720505714416504,6.13258695602417
Fc1ccc(-c2cncc(CNCC3CCCN3)c2)cc1,6.012401103973389,7.16408634185791,6.588243722915649
CCCN(CCC)C1CCc2cccc(O)c2C1,7.518751621246338,8.177104949951172,7.847928285598755
O=C(NC1CCc2ccc(CCN3CCN(c4nsc5ccccc45)CC3)cc21)c1ccccc1-c1ccccc1,6.907444000244141,6.617659568786621,6.762551784515381
Cc1cc(Br)cc(COCCOc2ccc3c(c2)CCC3)c1,7.213970184326172,6.46820878982544,6.841089487075806
COc1ccc2cc(C#N)c(SCC(=O)NC3CCCCC3)nc2c1,6.493090629577637,5.667559146881104,6.08032488822937
O=C(NC1CCc2ccc(CCN3CCN(c4nsc5ccccc45)CC3)cc21)c1ccc(F)cc1,7.640166282653809,6.56119441986084,7.100680351257324
CCCN1CCC(O)(c2ccc(C(=O)Nc3ccccc3C)cn2)CC1,5.539412975311279,5.681636333465576,5.610524654388428
N=C(N)NCCCC1NCCN(c2cccc(Cl)c2)C1=O,7.027988433837891,6.969164848327637,6.998576641082764
O=C(NCc1ccccc1)C1CCC(CNc2nc3ccccc3o2)CC1,6.214788436889648,6.040183544158936,6.127485990524292
Oc1nc2cccc(N3CCN(CCc4cn(CCCN5CCCCC5)c5ncccc45)CC3)c2o1,7.324390411376953,6.566251754760742,6.945321083068848
COc1ccc2[nH]cc(CCNc3ccnc(-c4cccc(C(F)(F)F)c4)n3)c2c1,6.71740198135376,5.921889781951904,6.319645881652832
C#CC1=CCC(N(CCC)CCCCCN2CCc3sccc3C2)CC1,7.070016860961914,8.043879508972168,7.556948184967041
CC1=CC(C)(C)N(C(=O)CCc2ccc(OCCN3CCCCC3)cc2)c2cccc(C(F)(F)F)c21,6.568331718444824,6.716883659362793,6.642607688903809
CC(C)NCC(O)COc1ccc(CCOCC2CC2)cc1,4.700615882873535,5.1716837882995605,4.936149835586548
Cc1c(-c2cccc(OCc3ccccc3)c2)c2c(N)ncnc2n1C1CCC(N2CCCC2)CC1,5.588844299316406,6.418115615844727,6.003479957580566
Cc1cc(-c2ccc3c(c2)CCN(CCCSc2nnc(-c4ccc(I)cc4)n2C)CC3)no1,6.681787490844727,9.034863471984863,7.858325481414795
CN1CCc2cc(Cl)c(O)cc2C2c3cccc(-c4ccccc4)c3CCC21,6.522585868835449,7.156091690063477,6.839338779449463
COc1cc2c(cc1OC)-c1n[nH]c(Nc3cccc(F)c3)c1C2,6.577808856964111,5.6129536628723145,6.095381259918213
COc1ccccc1N1CCN(CCCCNC(=O)C2CC3C=CC2C3)CC1,7.678040504455566,8.615132331848145,8.146586418151855
COc1ccccc1N1CCN(CCCCn2ncc(=O)n(C)c2=O)CC1,7.234968662261963,7.482704162597656,7.35883641242981
Cc1cccc(N2CCN(CCCCCN3CCC(c4nc5ccccc5o4)CC3)CC2)c1C,7.56279182434082,6.655881881713867,7.109336853027344
Cc1cc(CCC(=O)NCCCN2CCN(c3cccc(Cl)c3Cl)CC2)cc(C)c1O,7.118632316589356,6.6650238037109375,6.8918280601501465
N#Cc1ccccc1C1CCN(CCCNC(=O)C2CCN(C(=O)C3CCCC3)CC2)CC1,6.7132768630981445,6.777122497558594,6.745199680328369
Fc1ccccc1N1CCN(CCCCCn2nnc3c2Cc2ccc(F)cc2-3)CC1,7.443231582641602,7.281046867370605,7.3621392250061035
CC(C)(C)CCCN1CCC(COc2nc3ccccc3n3cccc23)CC1,5.979222297668457,6.411264419555664,6.1952433586120605
COc1ccccc1N1CCN(CCCCNC(=O)c2ccc(C(C)(C)C)cc2)CC1,7.254020690917969,8.443855285644531,7.84893798828125
Cc1ccc(-c2nc(C#N)c(N3CCN(C(=O)C4CCCCC4)CC3)o2)cc1,5.326633453369141,6.048137664794922,5.687385559082031
COCCN1CCC2(CC1)C(=O)NCN2c1ccc(S(C)(=O)=O)cc1,6.626927852630615,6.873143196105957,6.750035524368286
Cc1ncoc1-c1nnc(SCCCN2CC3CC3(c3ccc(Br)cc3)C2)n1C,7.332062721252441,8.872179985046387,8.102121353149414
Cc1cccc2[nH]c(C(C#N)=Cc3ccc(-c4cccc(C(=O)O)c4)o3)nc12,5.182661533355713,5.147211074829102,5.164936304092407
COc1ccccc1N1CCN(CCCCNC(=O)C=Cc2ccc([H])cc2)CC1,7.524115562438965,8.93630599975586,8.230210781097412
O=C1C(c2ccccc2)CCN1CCCCN1CC=C(c2c[nH]c3ccc(F)cc23)CC1,7.830864906311035,8.198376655578613,8.014620780944824
CC1C2c3ccccc3CC12c1c[nH]cn1,6.235204219818115,7.185082912445068,6.710143566131592
CCCCN(CCCC)C1CCc2c(O)cccc2C1,7.942216396331787,8.147453308105469,8.044834852218628
O=C(NCCc1ccc2c(c1)OCCO2)c1ccc(F)c(Cl)c1,6.186902046203613,6.066017150878906,6.12645959854126
C=CCN1CCN(C2COc3ccc(F)cc3C2)CC1,6.460572242736816,6.472660541534424,6.46661639213562
COc1ccccc1N1CCN(CCCNc2ncccc2C(=O)N(C)C)CC1,6.982267379760742,6.442351341247559,6.71230936050415
CN1CCc2cc(F)cc3c2C1Cc1ccc(O)c(O)c1-3,8.287187576293945,8.115177154541016,8.20118236541748
COc1ccccc1N1CCN(CCN2C(=O)COc3ccc(Cl)cc32)CC1,7.367652416229248,6.696585655212402,7.032119035720825
CCCN1CCCC(c2ccc(Nc3nc(Nc4cc(F)ccc4C(N)=O)c4cc[nH]c4n3)c(OC)c2)C1,6.661169528961182,5.90226411819458,6.281716823577881
CN1CCCC1Cn1nc(Cc2ccccc2)c2ccccc2c1=O,6.341378688812256,6.724558830261231,6.532968759536743
O=C1N(CCN2CCC(C(=O)c3ccc(F)cc3)CCC2)CN1c1ccccc1,7.508139610290527,6.719620704650879,7.113880157470703
CN1CCN(CCCN2c3ccccc3Sc3ccc(C(F)(F)F)cc32)CC1,6.6178388595581055,6.678783893585205,6.648311376571655
COc1ccc2[nH]cc(CCNCC(O)c3ccc(O)c4nc(-c5ccc(F)cc5)ccc34)c2c1,6.475556373596191,6.669977188110352,6.5727667808532715
COc1ccccc1N1CCN(CCC=Cc2ccccc2)CC1,8.036121368408203,7.769203662872314,7.902662515640259
COc1cc(N)c(Cl)cc1C(=O)NC1CC2CCC(C1)N2CC(F)(F)F,6.750497817993164,9.075424194335938,7.912961006164551
CC(C)(C)c1ccc(S(=O)(=O)N2CCC(Cn3ccnc3)(c3ccc(Br)cc3)CC2)cc1,6.357396602630615,6.902552127838135,6.629974365234375
Cc1cc2c(-c3nc(C)c(CC(=O)NC4CCCCC4)s3)cccc2[nH]1,6.265045166015625,5.367424488067627,5.816234827041626
CC(C)CC(NC(=O)C1CNCCC1c1ccc(Cl)cc1)C(=O)N1CCC2(CC1)Cc1ccccc1O2,7.222421169281006,6.741870403289795,6.9821457862854
CN1CCN(c2ccccc2NC(=O)c2ccc(Cl)cc2)CC1,6.145730018615723,6.589407920837402,6.3675689697265625
COc1c(O)ccc2c1C1=CCC(C(=O)C=CCN1CCN(C)CC1)(c1ccccc1)c1ccccc12,,,
COc1ccc(NC(=O)C2CCCN2C(=O)c2ccc3ncsc3c2)cc1,5.742477893829346,4.108092308044434,4.92528510093689
O=C(NCCCCN1CCN(c2cccc(Cl)c2Cl)CC1)c1cc2ccccc2[nH]1,7.3425798416137695,9.33303451538086,8.337807178497314
N#Cc1ccc(-c2ccc(CCNC3CCN(c4cccc5nc(-c6ccccc6)oc45)CC3)cc2)cn1,5.7901153564453125,6.816923141479492,6.303519248962402
COc1ccc(S(=O)(=O)NCCCN2CCc3ccccc3CC2)cc1C,6.104680061340332,7.074799537658691,6.589739799499512
COc1ccc(S(=O)(=O)NCC2CCC(CNC(=O)c3ccc(Cl)cc3)CC2)cc1,6.752985954284668,7.363031387329102,7.058008670806885
CN1CCN(C2C(=O)c3ccccc3Sc3ccc(CCN4CCN(c5cccnc5Cl)CC4)cc32)CC1,7.528279304504394,7.715419292449951,7.621849298477173
CCCCC1CCN(CCCCC(=O)c2ccccc2C)CC1,6.348953723907471,6.385239601135254,6.367096662521362
C=CCN1CCC2(C)c3cc(O)ccc3CC1C2C,7.673350811004639,7.724475860595703,7.698913335800171
COc1ccc(CCCCNCCOc2ccc(O)c3ncccc23)cc1,8.244792938232422,7.266505241394043,7.755649089813232
COc1ccc(C2C=CC(C3CCN(C)CC3)CC2)cc1,5.698451042175293,6.353710174560547,6.02608060836792
N#Cc1c(CN2CCN(c3ccccc3F)CC2)cn2ccccc12,6.432164669036865,5.784292221069336,6.108228445053101
CCCN1CCCC(c2c[nH]c3ccc(NC(=O)c4ccncc4)cc23)C1,5.72979736328125,5.762540817260742,5.746169090270996
O=C(NCCN1CCN(c2cccc(Cl)c2Cl)CC1)c1ccc(F)cc1,7.192380428314209,7.366275787353516,7.279328107833862
O=C1NCCN1CCN1CCC(c2cn(-c3ccc(F)cc3)c3ccc(Cl)cc23)CC1,7.742376327514648,6.38731050491333,7.064843416213989
Oc1ccccc1N1CCN(CC(O)COc2ccc3ccc(O)nc3c2)CC1,7.259474754333496,7.545940399169922,7.402707576751709
COc1ccccc1N1CCN(CCCCn2c(=O)[nH]c3sc(-c4ccsc4)cc3c2=O)CC1,7.606287956237793,8.470426559448242,8.038357257843018
OC1CC2CCC(C1)N2c1ccc(Cl)c(Cl)c1,6.722272872924805,7.293354988098144,7.007813930511475
COc1cccc(C=NNC(=O)c2n[nH]c3c2CCC3)c1,6.055662631988525,5.290044784545898,5.672853708267212
Cc1ccccc1OCCNCC1CCC(c2ccccc2)(c2ccccc2)O1,6.0964555740356445,6.827018737792969,6.461737155914307
N#Cc1ccc2[nH]c(O)c(-c3ccc(CN4CCOCC4)cn3)c2c1,6.435262680053711,5.851151943206787,6.143207311630249
CC(C)N1CCN(c2ccc(Nc3ccccc3)cc2)CC1,6.066949844360352,5.90493631362915,5.985943078994751
CCCCN(Cc1cccnc1)C1CCc2c(O)cccc2C1,7.679190158843994,7.93468713760376,7.806938648223877
CN1C2CCC1CC(OC(c1ccc(F)cc1)c1ccc(F)cc1)C2,6.18453311920166,6.856196403503418,6.520364761352539
OCC1OC(CCCCN2CCc3cccc4c3C2Cc2ccc(OCCN5CCC(CO)(c6ccc(F)cc6)CC5)cc2-4)C3)CC1O,,,
CN1CCc2c(sc3ncn(CCN4CCN(c5cccc6cnccc56)CC4)c(=O)c23)C1,7.502577781677246,7.204916000366211,7.3537468910217285
CN1CCN(C2Cn3cccc3Sc3ccc(-c4nnn(C)n4)cc32)CC1,7.894142150878906,6.560527801513672,7.227334976196289
Oc1ccccc1N1CCN(Cc2c3c(nc4ccccc24)CCCC3)CC1,7.482458114624023,6.721870422363281,7.102164268493652
O=C(NC1CCCN2CCN(c3cccc(Cl)c3Cl)CC2)C1)c1ccc(-c2ccccn2)cc1,,,
O=C(NCCCCN1CCN(c2nsc3ccccc23)CC1)c1cnc2ccccc2c1,7.240705490112305,8.565241813659668,7.902973651885986
O=C(c1ccc(F)cc1)C1CCN(CCc2ccccc2I)CC1,7.46522045135498,6.545518398284912,7.005369424819946
CCCCCN1C2CCC1CC(OC(c1ccc(F)cc1)c1ccc(F)cc1)C2,6.157367706298828,6.768840789794922,6.463104248046875
Cc1noc(C)c1-c1cc(NC2CCNC2)ncn1,5.936306476593018,5.184841632843018,5.560574054718018
Oc1nc2cccc(CCN3CCN(c4ccccc4)CC3)c2o1,7.555215358734131,6.403979301452637,6.979597330093384
O=C(NCCCCN1CCN(c2cccc(Cl)c2Cl)CC1)c1ccc(-c2ccccn2)cc1,6.973590850830078,8.95753002166748,7.965560436248779
N#Cc1ccc2nc(N)n(-c3nc(-c4ccccc4)cs3)c2c1,5.949009895324707,5.9159255027771,5.932467699050903
COc1ccccc1CN1CC(C(=O)N2CCC3(CC2)OC(=O)c2[nH]c4ccc(F)cc4c3C2C)C1,,,
COc1cccc(C(=O)NC2CC3CCC(C2)N3Cc2ccccc2)c1,7.0496344566345215,8.044769287109375,7.547201871871948
CCCN(CCC)C1CCc2c(c3ccccc3n2C)C1,6.4896159172058105,7.201064109802246,6.845340013504028
Oc1nc2c(OCCNCc3ccccc3)cccc2[nH]1,8.358394622802734,8.122057914733887,8.24022626876831
COc1ccc(N2CCN(CCCNC(=O)C3COc4ccccc4O3)CC2)cc1,5.585364818572998,5.742980003356934,5.664172410964966
CCCN1CCCC2Cc3nc(N)ncc3CC21,6.650206089019775,7.483463287353516,7.0668346881866455
CCCN(Cc1ccncc1)C1CCc2c(O)cccc2C1,7.168933868408203,7.989063262939453,7.578998565673828
COC(=O)c1c(C)[nH]c(C(=O)NCCCN2CCC(c3ccc(F)cc3)CC2)c1C,6.171469211578369,6.6708984375,6.421183824539185
CN1CCN(c2nc(C3=C(c4c[nH]c5ccc(Cl)cc45)C(=O)NC3=O)c3ccccc3n2)CC1,5.663808345794678,5.781766891479492,5.722787618637085
Clc1cccc(N2CCN(CCCCNc3ccc(-c4ccccc4)nn3)CC2)c1,7.691402912139893,7.35530424118042,7.523353576660156
COc1ccccc1N1CCN(CCCCNC(=O)c2cccc(C)c2)CC1,7.32780647277832,8.388192176818848,7.857999324798584
CCc1c(C(=O)NC2CCCc3c2cnn3-c2ccc(F)cc2F)cnn1-c1ccccc1F,6.543066501617432,6.046419620513916,6.294743061065674
CCCN(CCC)S(=O)(=O)c1ccc(OC)c(Nc2ncc(-c3ccccc3)o2)c1,6.682289123535156,6.190271377563477,6.436280250549316
N#Cc1ccc(C2=CC3(CCN(CC4CC=S(O)(O)=CC4)CC3)Oc3ccccc32)cc1,6.902715682983398,7.796802520751953,7.349759101867676
COc1cccc2c1CCC1CN(CCn3c(=O)[nH]c4c(sc5nc(C)cnc54)c3=O)CC21,6.99833869934082,7.24091911315918,7.11962890625
CCCCN(CCC#N)C(=O)c1ccc2nc(-c3n[nH]c4ccccc34)[nH]c2c1,6.452674865722656,6.047876834869385,6.2502758502960205
CCCN(CCc1cccs1)C1CCc2c(O)cccc2C1,8.405183792114258,8.605388641357422,8.50528621673584
Oc1ccc2[nH]cc(CN3CCCc4cc(Br)ccc43)c2c1,7.577274322509766,5.517569065093994,6.54742169380188
Cc1cc(-c2ccccc2)n(-c2cc(NN=Cc3ccco3)ncn2)n1,5.409607410430908,5.090441703796387,5.2500245571136475
O=C(NC1CCC(CCN2CCN(c3cccc(Cl)c3Cl)CC2)CC1)c1cc2ccc(Cl)cc2[nH]1,7.353306293487549,8.909876823425293,8.131591558456421
O=C1N(CCN2CCCN(c3ccc(Cl)c(Cl)c3)CC2)CCN1c1ccccn1,5.772787570953369,6.277660369873047,6.025223970413208
COc1ccccc1N1CCN(CCCCc2ccncc2)CC1,7.395914077758789,7.244740962982178,7.320327520370483
NC(=O)c1ccc2c(c1)CCOC2CCN1CC=C(c2c[nH]c3ccc(F)cc23)CC1,8.031845092773438,6.90440034866333,7.468122720718384
COc1ccccc1N1CCN(CCCCNC(=O)C2C3CCC(C3)C2Cc2ccccc2OC)CC1,7.401932716369629,7.996818542480469,7.699375629425049
COc1cccc(OC)c1CNc1nc(NC2CCC(N3Cc4ccccc4NC3=O)CC2)nc2ccc(Cl)cc12,7.482143402099609,6.198919773101807,6.840531587600708
COc1cccc(N2CCN(CCCCNC(=O)c3ccc(OCCF)cc3)CC2)c1,6.758859157562256,7.850044250488281,7.3044517040252686
COc1cc(OC)c2c(c1)N(C(=O)NC1CCN(CCOc3ccccc3)CC1)CC2,7.081030368804932,6.608488082885742,6.844759225845337
CCCN(CCN1CCN(c2cnn(-c3ccccc3)c2)CC1)C1CCc2nc(N)sc2C1,6.643066883087158,8.442068099975586,7.542567491531372
Cc1cc2c(C(C)C)c(O)c(O)c(C=O)c2c(O)c1-c1c(C)cc2c(C(C)C)c(O)c(O)c(C=O)c2c1O,6.083305358886719,5.182730674743652,5.6330180168151855
CN1CCC(c2ccccc2)C(C(=O)O)C1,5.851955413818359,4.362475395202637,5.107215404510498
N#CC1=CC2(CC1)CN(c1cccc3ccccc13)C2=O,6.631687641143799,5.887909889221191,6.259798765182495
COc1ccccc1N1CCN(CCCCNC(=O)c2cc3ccccc3s2)CC1,7.43854284286499,9.065712928771973,8.252127885818481
O=C(CCCN1CCC2(CC1)C(=O)NCN2c1ccccc1)c1ccc(F)c(Cl)c1,8.929479598999023,8.501758575439453,8.715619087219238
c1coc(-c2nn3nc(C4CCCCC4)ccc3c2CN2CCCC2)c1,6.406440734863281,5.693093299865723,6.049767017364502
Cc1ccc(N2CCN(CCCCC(=O)N3CCC(C(=O)c4ccc(F)cc4)CC3)CC2)c(C)c1,7.070024490356445,7.399257183074951,7.234640836715698
Oc1nc2cc3c(cc2s1)CCN(Cc1ccccc1)CC3,7.219510078430176,6.949851989746094,7.084681034088135
CCCCC(=O)NCC1CC1c1cccc2c1-c1ccc(Cl)cc12,5.873554706573486,6.118971347808838,5.996263027191162
Cc1ccc2c(N3CCN(CCc4cccc(NC(=O)c5ccccc5)c4)CC3)cccc2n1,6.739317417144775,6.819645881652832,6.779481649398804
CCCCC(NC(=O)C1C2CCCC2CN1C1CCN(Cc2ccc(I)cc2F)CC1)(=O)c1nnc(C(C)C)o1,,,
O=C(O)CCCN1C(=O)C(=Cc2ccc(-c3nc4ccccc4s3)cc2)SC1=S,5.076628684997559,4.681515216827393,4.879071950912476
COc1cccc(OC)c1CN1CCC(CCCN2CCC(n3c(O)nc4ccccc43)CC2)CC1,6.1443376541137695,6.8932271003723145,6.518782377243042
COc1ccccc1N1CCN(Cc2cn3cc(C)ccc3n2)CC1,6.663908958435059,5.692442893981934,6.178175926208496
CCN(CCCCN1C(=O)CC2(CCCC2)CC1=O)C1CCc2c(F)ccc(OC)c2C1,7.110579967498779,8.930274963378906,8.020427465438843
CCN(CC)C(=O)NC1Cc2c(cc3c[nH]c4c3c2C=CC4)N(C)C1,8.286233901977539,9.047680854797363,8.666957378387451
O=C(NN1CC=C(c2cccc3ccccc23)CC1)c1ccc(C=NOCCN2CCN(c3cccc(Cl)c3Cl)CC2)cc1,7.442177772521973,8.193611145019531,7.817894458770752
CN1CCN(S(=O)(=O)c2ccc(-c3cnc(N)c(C(=O)NC4C5CC6CC4CC(O)(C6)C5)n3)cc2)CC1,5.936973571777344,6.219027042388916,6.07800030708313
COc1ccccc1N1CCN(CCNC(=O)C2CCCC2)CC1,7.802951812744141,7.157664299011231,7.4803080558776855
Cc1cccc(OCCN2CCC(C(=O)c3ccc(F)cc3)CC2)c1,7.005906105041504,6.841317176818848,6.923611640930176
CN1CC(CO)(CNC(=O)OC(C)(C)C)Oc2ccccc21,7.809869289398193,4.861806869506836,6.335838079452515
COc1ccc(OC)c(NC(=O)C2CCN(S(=O)(=O)c3ccc4c5c(cccc35)CC4)CC2)c1,6.595859050750732,5.276021480560303,5.935940265655518
CCCN(CCC)C1CCc2c(cccc2-c2cccc(O)c2)C1,7.757316589355469,8.056794166564941,7.907055377960205
CCCCN1CCC(COc2nsnc2NC(=O)c2ccccc2Br)CC1,6.66721773147583,6.584783554077148,6.626000642776489
COc1cccc(N2N=C(Sc3ccc(Cl)cc3)CC(C=CC(C)NC(=O)C34CC5CC(CC(C5)C3)C4)C2=O)c1,6.404529094696045,6.676884651184082,6.5407068729400635
O=C(NCCCCN1CCN(c2cccc(Cl)c2Cl)CC1)c1ccc2nc(-c3ccco3)c(-c3ccco3)nc2c1,5.752115726470947,8.283653259277344,7.0178844928741455
O=C1N(CCN2CCOCC2)CCN1c1cccc(Cl)c1,6.995851993560791,7.249622821807861,7.122737407684326
COc1ccc2c(c1)CCc1ccccc1N2,7.792123794555664,5.801185607910156,6.79665470123291
OC1(c2ccc(F)cc2)CCN(Cc2cn(CC3CC3)nn2)CC1,5.65049409866333,6.035353183746338,5.842923641204834
CCCN(CCN1CCN(c2cccc(Cl)c2Cl)CC1)C1CCc2ccc(O)cc2C1,7.754941463470459,8.884286880493164,8.319614171981812
O=C(NCC=CCN1CCN(c2cccc(Cl)c2Cl)CC1)c1ccc(C(F)(F)F)cc1,7.590209484100342,8.468046188354492,8.029127836227417
COc1ccccc1N1CCN(CCCCNC(=O)c2cccc(C(F)(F)F)c2)CC1,7.646223068237305,8.669878005981445,8.158050537109375
COc1ccccc1N1CCN(CCCNC(=O)COc2ccccc2C#N)CC1,6.929272651672363,6.083998680114746,6.506635665893555
N#Cc1cccc(OCCCN2CCN(c3cccc(Cl)c3Cl)CC2)c1,7.901245594024658,8.36528205871582,8.13326382637024
COc1c(C(=O)OCCO[N+](=O)[O-])cnn1-c1cccc(OCCN2CCCCC2)c1,7.220015048980713,5.817042827606201,6.518528938293457
COc1ccc(NC(=O)NC2CCN(CCCOc3ccc(-c4nc5cc(C)ccc5[nH]4)cc3)CC2)cc1Cl,7.103122711181641,6.818560600280762,6.960841655731201
CC(C)(C)c1nc(CN2CCN(CCCCc3ccccc3)CC2)c[nH]1,5.864853858947754,6.903951168060303,6.384402513504028
COc1ccccc1N1CCN(CCCCNC(=O)C=Cc2cccc3c2OCO3)CC1,7.747352600097656,9.025089263916016,8.386220932006836
COc1cccc(OC)c1CN1CCCC(C(=O)c2ccc(F)cc2)C1,6.059794902801514,5.56663703918457,5.813215970993042
O=C(NC1CCN(Cc2ccc3c(c2)OCO3)CC1)C1CCCN1C(=O)Nc1ccccc1,7.242427825927734,6.323843479156494,6.783135652542114
CCc1nc(-c2ccc(OC)cc2OC)[nH]c1-c1ccncc1,5.77604866027832,6.114604949951172,5.945326805114746
CCCN1Cc2ccccc2CC1CNC(=O)c1ccc(F)c(F)c1Cl,6.879247665405273,7.387283802032471,7.133265733718872
CC(=O)Nc1ccc(-c2ccc3c(c2)CCN(CCN3CCCC3)CC1)c1ccc(F)c(F)c1,,,
COc1ccc2c(c1)nc(-c1csc(Nc3cccc(Cl)c3)n1)n2CCCN1CCN(c2ccccc2OC)CC1,6.455366134643555,6.648665428161621,6.552015781402588
Oc1[nH]cc2ccc(OCCCN3CCN(c4cccc5cccc(F)c45)CC3)c(F)c12,8.132925987243652,7.728168487548828,7.93054723739624
O=C1c2ccccc2C(=O)N1CCCCN1CCN(c2cccc(Cl)c2)CC1,6.801599025726318,7.667192459106445,7.234395742416382
COc1ccc2c(C(=O)NC3CC3)cc(-c3ccc(F)cc3)oc2c1,,,
O=C(NC1CCCc2cc(CCN3CCN(c4nsc5ccccc45)CC3)ccc21)c1ccc(F)cc1,7.352424621582031,6.885829925537109,7.11912727355957
COc1ccc2c(CCCCN3CCN(c4ccccc4OC)CC3)noc2c1,7.212981224060059,7.713348388671875,7.463164806365967
COc1ccccc1N1CCN(CCCCCCn2cc3cc(OC)c(OC)cc3c2O)CC1,7.315696716308594,7.408936977386475,7.362316846847534
CCNC(=O)Nc1ccc(OCCCN2CCC3(CC2)OCc2cc(F)ncc23)cc1,6.575407981872559,6.497753143310547,6.536580562591553
NCc1ccc2c(c1)[nH]c(=O)n2-c1cccc(C(F)(F)F)c1,7.565990924835205,6.334733963012695,6.95036244392395
COc1cccc(Cc2c[nH]c3ccc(OC)cc23)c1,6.403665542602539,5.17234468460083,5.788005113601685
CCCN(CCC)C1CCc2c(cccc2-c2ccccc2)C1,7.303905487060547,7.553224563598633,7.42856502532959
COc1cc(Cc2c(-c3ccccc3)nc(C)c(O)c2C#N)cc(OC)c1OC,6.021466255187988,5.689446449279785,5.855456352233887
OCCN1CCN(CCCN2c3ccccc3Sc3ccc(C(F)(F)F)cc32)CC1,6.477129936218262,6.448475360870361,6.4628026485443115
Cc1cc(C)cc(NC(=O)N2CCC3(CC2)CN(C(=O)CCc2c[nH]c3ccccc23)CCN2CCSCC2)c1,,,
O=CC1CN(CC2CC2)C(=O)N1CC1CCC(C(=O)N2CCc3ccc(F)cc3C2)CC1,7.345760822296143,7.158918857574463,7.252339839935303
O=C1CSC2=C(C(=O)NC2=O)N1,6.648765563964844,5.413457870483398,6.031111717224121
COc1ccccc1N1CCN(CCCCc2ccc3c(c2)CCO3)CC1,7.945074558258057,7.755716800689697,7.850395679473877
CCCN1CCCC(c2cccc(O)c2)C1,6.599302291870117,7.349627494812012,6.9744648933410645
Cc1ccc(C(C)(C)C)c(OCCCCN2CCN(Cc3ccc(F)cc3)CC2)c1,6.4294114112854,6.859755039215088,6.644583225250244
COc1ccccc1N1CCN(CCc2ccc3c(c2)OCCO3)CC1,7.119420528411865,6.612685680389404,6.866053104400635
O=C(CCCN1CCC2(CC1)C(=O)N(Cc1ccccc1)CN2c1ccc(Br)cc1)c1ccc(F)cc1,8.894155502319336,7.8824334144592285,8.388294458389282
COc1ccccc1N1CCN(CCOc2ccc3c(c2)CCO3)CC1,7.317917823791504,6.969472885131836,7.14369535446167
CCc1ccccc1N1CCN(CCCCCn2c(=O)sc3ccc(S(=O)(=O)N4CCCC4)cc32)CC1,7.436134815216064,6.945774555206299,7.190954685211182
CCCN(CCC1CCC(NC(=O)C=Cc2cccc(Cl)c2)CC1)C1CCc2nc(N)sc2C1,7.282827377319336,8.840668678283691,8.061748027801514
O=C1CCc2ccc(C3=NN(C(=O)C4CCCC4)CC3)nc2N1,6.795957565307617,5.942141056060791,6.369049310684204
COc1ccccc1N1CCN(CCCCNC(=O)c2ccc3ccccc3c2)CC1,7.298825263977051,8.823209762573242,8.061017513275146
O=C(O)C1CN(C2CCC3(Cc4ccccc4Cc4ccccc43)C2)CCN1,6.064073085784912,6.004649639129639,6.034361362457275
COc1ccc(N2CCN(Cc3cccc4c3cnn4CC(C)C)CC2)cc1,6.264672756195068,5.941341876983643,6.1030073165893555
N#Cc1cc2c(nc1SCC(=O)N1CCCC1)CC1CCCO1,,,
CCCN(CCC)C1CCc2nc3ccccc3c(=O)n2C1,6.565613746643066,7.712606430053711,7.139110088348389
CCN(CC)C(=O)NC1CC2=C(Cc3c[nH]c4cccc2c34)N(C)C1,8.485445976257324,8.415810585021973,8.450628280639648
COc1cc(S(=O)(=O)NCCCCN2CCN(c3nsc4ccccc34)CC2)ccc1-n1cnc(C)c1,7.297551155090332,7.51043176651001,7.403991460800171
CN(CCOc1cccc2[nH]ccc12)Cc1ccccc1,7.626073360443115,7.313166618347168,7.469619989395142
COc1ccc(CN2CCC(CCCN3CCN(c4cccc(Cl)c4)CC3)CC2)cc1,6.475949764251709,7.041746139526367,6.758847951889038
NCc1ccc(C2CCN(CCCCc3c[nH]c4ccc(S(=O)(=O)N5CCC(F)CC5)cc34)CC2)cc1,6.544811725616455,6.148537635803223,6.346674680709839
COc1cc(NC(=O)c2cccc(CN3CCN(c4ccccc4Cl)CC3)c2)cc(OC)c1OC,7.001378059387207,6.989566802978516,6.995472431182861
CC(C)C(=O)NC1CCc2cc(CCN3CCN(c4nsc5ccccc45)CC3)ccc21,7.342716217041016,6.997548580169678,7.170132398605347
Nc1ccc(CC(N)C(=O)N2CCc3ccccc3C2)cc1,6.5871195793151855,5.705722332000732,6.146420955657959
CCCNc1cc(Cl)ccc1OCC1CN(Cc2ccc(Cl)cc2)CCO1,6.882681846618652,6.035770893096924,6.459226369857788
CC1CN(CCCCc2cnc[nH]2)CCN1C(=O)C1CCCN1C(=O)C(N)Cc1ccc(O)cc1,6.961228370666504,7.057422637939453,7.0093255043029785
COc1ccc(CC(=O)NCCCCN2CCN(c3nsc4ccccc34)CC2)cc1,7.286404132843018,6.879302978515625,7.082853555679321
COc1ccc2[nH]c(C(=O)NC3CCN(Cc4ccccc4)CC3)cc2c1,6.345877170562744,7.085047721862793,6.7154624462127686
O=C(NCCCCN1CCN(c2cc(Cl)ccc2Cl)CC1)c1cnc2ccccc2n1,6.7945756912231445,8.652718544006348,7.723647117614746
CC(C)(Nc1ccc(Cl)cc1)C(=O)NCCN1CCOCC1,5.787023544311523,6.550668716430664,6.168846130371094
O=C(NC1CCc2ccc(CCN3CCN(c4nsc5ccccc45)CC3)cc21)c1ccno1,7.229038715362549,6.107418060302734,6.668228387832642
CN1CCCC1C=S(O)(O)=Cc1ccccc1,5.3399810791015625,6.705705642700195,6.022843360900879
CC1=NC2=CCCCN2C(=O)C1CCN1CCC(c2noc3cc(F)ccc23)CC1,7.27606725692749,7.392762184143066,7.334414720535278
Oc1ccc2c(c1)OC(CNCc1ccccc1)CC2,8.810506820678711,8.251319885253906,8.530913352966309
Cn1c(=O)c2c(ncn2CCN2CCC(n3c(O)nc4ccccc43)CC2)n(C)c1=O,6.360842704772949,6.799090385437012,6.5799665451049805
Cc1n[nH]c2ccc(-c3cncc(OCC(N)Cc4cccc(OC(F)(F)F)c4)c3)cc12,5.53819751739502,6.176085472106934,5.857141494750977
Cc1ccc(N2CCC(CCN3CCN(c4cccc(C(F)(F)F)c4Cl)CC3)CC2)cc1,7.159132957458496,6.874607086181641,7.016870021820068
O=C(NCCCCN1CCN(c2cccc(Cl)c2Cl)CC1)c1c[nH]c2ccccc12,7.580685615539551,8.897761344909668,8.23922348022461
COc1ccccc1N1CCN(CCCCCCC(=O)N2Cc3ccccc3CC2C(=O)Nc2ccc(F)cn2)CC1,7.405247688293457,6.618107795715332,7.0116777420043945
CCN(CC)Cc1ccc(OCc2ccc(Cl)cc2)cc1,5.159173488616943,5.785388946533203,5.472281217575073
COc1cccc2c1CCCC2CCCN1CCN(c2ccccn2)CC1,6.7437825202941895,7.190711975097656,6.967247247695923
COc1ccc(C(=O)NCCCCN2CCN(c3ccccc3C)CC2)cc1OC,6.653199672698975,8.15853500366211,7.405867338180542
O=C(NCC=CCN1CCN(c2cccc(Cl)c2Cl)CC1)c1c[nH]c2ccc(O)cc12,7.908896446228027,8.875866889953613,8.39238166809082
CCCCCCCN1CCN(c2nc(N)nc3[nH]cnc23)CC1,7.285102844238281,6.434056282043457,6.859579563140869
COc1ccccc1-c1cncnc1NCCN1CCN(c2ccccc2OC)CC1,7.277602672576904,6.144919395446777,6.711261034011841
CCCN(CC1CC1)C1CCc2c(O)cccc2C1,7.567112445831299,9.21287727355957,8.389994859695435
CCCCN1CCC2(CC1)Oc1ccc(O)cc1C1CC(c3cccc(OC)c3)=CC1C2,6.520678997039795,7.829021453857422,7.174850225448608
O=C(NC1CCc2ccc(CCN3CCN(c4nsc5ccccc45)CC3)cc21)c1ccc(F)cc1,7.64020299911499,6.56119441986084,7.100698709487915
O=C(CCCN1CC=C(n2c(O)nc3cc(Cl)ccc32)CC1)c1ccc(F)cc1,8.357101440429688,7.556977272033691,7.9570393562316895
CCCN(CCN1CCN(c2ccccc2)CC1)C1CCc2ccc3[nH]ccc3c2C1,7.156381607055664,7.366145610809326,7.261263608932495
CCCN(CCC1CCC(NS(=O)(=O)c2ccc(C)cc2)CC1)C1CCc2nc(N)sc2C1,7.227878570556641,8.697796821594238,7.9628376960754395
Cc1ccc2c(N3CCN(CCc4cccc(NC(=O)c5ccccc5)c4)CC3)cccc2n1,6.739317417144775,6.819659233093262,6.7794883251190186
CCN1CCN(c2ccc(Nc3ccc(C)c(C(=O)Nc4ccc(C)cn4)c3)cc2)CC1,6.419167518615723,5.433622360229492,5.926394939422607
CCCCCCCN(CCCCCSc1nc(-c2ccc(OC)cc2)cnc1C#N)C(=O)Nc1ccc(F)cc1F,6.722237586975098,6.486014366149902,6.6041259765625
CCCN(CCC)C1CCc2ccc(O)cc2C1,7.70214319229126,8.176798820495605,7.939471006393433
O=C(NC1CCN(Cc2ccc(Br)cc2)CC1)c1cccc2c1CCC2,7.640004634857178,6.96189022064209,7.300947427749634
COc1cc(Cl)cc(C(C)C)c1CN1CCN(C2CCC(NS(=O)(=O)c3cc(F)cc(F)c3)CC2)CC1,7.163947105407715,8.247243881225586,7.70559549331665
COc1ccccc1N1CCN(CCCNC(=O)c2ccc3c(c2)Cc2ccc(OC)cc2-3)CC1,6.7716803550720215,7.226106643676758,6.99889349937439
Oc1[nH]cc2ccc(OCCCCN3CCN(c4cccc5cccc(F)c45)CC3)c(Cl)c12,8.297725677490234,8.19630241394043,8.247014045715332
COc1ccccc1N1CCN(CCCCNc2cc(-c3cccc(F)c3)ncn2)CC1,8.146787643432617,7.492700099945068,7.819743871688843
CN1CCN(C2=Nc3cc(Cl)ccc3Nc3ccc(OC(F)(F)F)cc32)CC1,6.705418586730957,7.193273067474365,6.949345827102661
COc1ccccc1N1CCN(CC2CC=Cc3ccccc3O2)CC1,8.165525436401367,7.643289089202881,7.904407262802124
O=C(O)C(Cc1ccccc1)Oc1cccc2c1CCC2=O,6.783016204833984,4.573554992675781,5.678285598754883
CC(C)(C)CCC1(C(=O)c2ccc(-c3ccoc3)cc2)CCNC1,5.290487289428711,5.521207809448242,5.405847549438477
CCN(CC)Cc1ccc(C(=O)NCCc2c[nH]c3ccccc23)cc1,6.278594017028809,7.169044494628906,6.723819255828857
Oc1cccc(N2CCN(CC(O)COc3cccc4c3CCC4)CC2)c1,7.17389440536499,7.407736778259277,7.290815591812134
COC(=O)C1C(C)=NC(=O)N(C(=O)NCCCN2CCN(c3cccc(C(F)(F)F)c3)CC2)C1c1ccc(F)c(F)c1,5.580445766448975,6.6612629890441895,6.120854377746582
Fc1ccc(-c2nc(-c3ccc(F)cc3)c(-c3ccncc3)[nH]2)cc1,6.332300186157227,6.435073852539063,6.3836870193481445
COc1cccc(N2CCN(CCCCNC(=O)c3cnn(C)c3C)CC2)c1,6.254019260406494,7.409928798675537,6.831974029541016
Cc1cc(OCCCCNCc2c[nH]c3ccc(O)cc23)ccc1C(=O)NCC(C)(C)C,6.949408531188965,5.505694389343262,6.227551460266113
CC(=O)c1cccc(C(=O)OCC(=O)NCCCN2CC(c3ccc(F)cc3)(c3ccc(F)cc3)CC2)c1,6.066510200500488,5.765629291534424,5.916069746017456
COc1cc(F)c(S(=O)(=O)NC2CCC(CCN3CCN(c4ccccc4OC)CC3)CC2)c(F)c1,7.355711460113525,8.585042953491211,7.970377206802368
Cc1cc(OCCCN2CCN(c3cccc4nc(C(F)(F)F)[nH]c34)CC2)ccc1Cl,8.066936492919922,7.523326396942139,7.79513144493103
Cc1ccc2c(-c3nnc(SCCCN4CCc5cc6nc(C(C)(C)C)oc6cc5CC4)n3C)cccc2n1,5.963084697723389,7.950128555297852,6.95660662651062
NC(N)=NN=Cc1c(Cl)cccc1Cl,8.083161354064941,3.753926515579224,5.9185439348220825
CN1CCc2ccccc2Cc2[nH]c3ccccc3c2CC1,7.513744354248047,6.8366007804870605,7.175172567367554
Cc1ccc(N2CCN(CCCCOc3ccc4c(c3)N(C)C(=O)CC4)CC2)cc1C,6.732702255249023,7.165596008300781,6.949149131774902
Oc1ccc2c(c1)OC(CNCCCOc1cccnc1)CC2,9.380475044250488,8.694256782531738,9.037365913391113
O=C1NCCN1CCN1CCC(c2cn(-c3ccc(F)cc3)c3ccc(Cl)cc23)CC1,7.742376327514648,6.38731050491333,7.064843416213989
CC1Cc2ccccc2N1C(=O)CN1CCN(Cc2cccs2)CC1,5.826670169830322,6.183445930480957,6.00505805015564
O=C1Cc2ccccc2N1CCCN1CCN(c2nsc3ccccc23)CC1,6.960866451263428,6.662594318389893,6.81173038482666
COc1cccc(OC)c1CC(C)N,6.024920463562012,5.953251361846924,5.989085912704468
Cc1cc2c(s1)Nc1ccccc1N=C2N1CCN(C)CC1,6.933331489562988,7.052933216094971,6.9931323528289795
COc1ccccc1N1CCN(CCCCCCNC(=O)c2ccc3[nH]cnc3c2)CC1,7.975546360015869,7.769156455993652,7.872351408004761
O=C(NCCCCN1CCN(c2noc3cc(Cl)ccc23)CC1)c1cc2ccccc2[nH]1,6.906396389007568,8.624578475952148,7.765487432479858
CC(C)(C)OC(=O)NCCCCN1CCN(c2cc(C(F)(F)F)nc(C(C)(C)C)n2)CC1,7.170458793640137,8.535257339477539,7.852858066558838
Cc1cc(C(=O)NCCCN2CCN(c3cccc(Cl)c3Cl)CC2)no1,5.8566999435424805,7.139976501464844,6.498338222503662
O=C(NCCCCN1CCN(c2nc3ccccc3o2)CC1)c1csc2ccccc12,6.227308750152588,7.956849098205566,7.092078924179077
CCOc1ccccc1N1CCN(CCCCNC(=O)c2ccc3ccccc3c2)CC1,7.255029201507568,9.07689094543457,8.16596007347107
COc1ccc(C2CCN(CCCCNS(=O)(=O)c3ccc(NC(C)=O)cc3)CC2)cc1,6.348828315734863,5.8425116539001465,6.095669984817505
Clc1ccc(N2CCN(CCCCOc3cc4[nH]cnc4cn3)CC2)cc1Cl,7.260876178741455,7.400837898254394,7.330857038497925
COc1ccccc1N1CCN(CCCCNC(=O)c2cc3ccccc3s2)CC1,7.43854284286499,9.065712928771973,8.252127885818481
OCCN1CCN(CCCCN2c3ccccc3Sc3ccc(C(F)(F)F)cc32)CC1,6.746270656585693,7.29067325592041,7.018471956253052
COc1cccc(N2CCN(CCCCNC(=O)C3CCC(=O)N3)CC2)c1,6.839263916015625,7.567893981933594,7.203578948974609
Cc1cc(C(F)(F)F)nn1CC12CNCCC1(c1ccc(Cl)c(Cl)c1)C2,7.0967864990234375,6.684585571289063,6.89068603515625
O=C(NCCN1CCOCC1)c1cccc(-c2ccccc2)c1,6.262279987335205,6.850017070770264,6.556148529052734
NC(CSC1(c2ccc(Cl)cc2)CCC(N2CCN(c3ccccc3O)CC2)CC1)C(=O)O,6.551654815673828,7.260427951812744,6.906041383743286
O=C(NCC1CCCN1)c1cccc(-c2cnc3ccc(NCCCN4CCCCC4=O)nn23)c1,6.647503852844238,6.295253276824951,6.471378564834595
NC(=O)c1cccc2c1Nc1nnc(Cl)cc1C(=O)N2,8.195757865905762,5.362447261810303,6.779102563858032
Oc1cccc(N2CCN(CCCCOc3ccc(-c4nc5ccccc5[nH]4)cc3)CC2)c1,7.866641044616699,8.346212387084961,8.10642671585083
COc1cccc2c1CCC1CN(CCn3c(=O)[nH]c4c(sc5c(C#N)ccnc54)c3=O)CC21,7.203110218048096,7.1854448318481445,7.19427752494812
O=C(NCCCCN1CCC2(CC1)C(=O)N(Cc1ccccc1)CN2c1ccccc1)c1cccs1,8.538333892822266,7.433135986328125,7.985734939575195
CCCN(CCN1CCN(c2ccc(Cl)cc2)CC1)C1CCc2nc(N)sc2C1,6.377092361450195,8.134841918945312,7.255967140197754
COc1ccccc1N1CCN(CCCCOc2ccc3ccc(OCCCN4CCCCC4)cc3c2)CC1,7.479982376098633,8.0053129196167,7.742647647857666
NC(=O)N(O)CCC#Cc1ccc(OCCCN2CCN(Cc3ccccc3)CC2)cc1,5.547604560852051,6.357552528381348,5.952578544616699
CCCN1CCc2cccc3c2C1Cc1ccc(O)c(O)c1-3,8.10791015625,8.435409545898438,8.271659851074219
CN1CCc2cc3c(s2CCc2cccc(O)c2)C1,,,
CC(C)c1ccccc1N1CCN(CC(O)CNC(=O)c2ccc3c(c2)CCC3)CC1,6.9428815841674805,6.729013919830322,6.835947751998901
Oc1cc2c(OCCNCc3cccnc3)ccc(Cl)c2[nH]1,8.731833457946777,7.549857139587402,8.14084529876709
COc1ccccc1N1CCN(CCCCNC(=O)c2ccc(OCCF)cc2)CC1,7.613565444946289,8.472033500671387,8.042799472808838
COc1ccccc1N1CCN(CCCCNC(=O)c2cc3ccccc3[nH]2)CC1,7.458228588104248,9.089479446411133,8.27385401725769
CCCN(CCCCCN1C(=O)CC2(CCCC2)CC1=O)C1CCc2c(F)cccc2C1,7.413665771484375,8.306558609008789,7.860112190246582
Cc1cc(C(F)(F)F)nn1-c1ccc(C(=O)NC2CCN(Cc3cccc(O)c3)C2)cc1,6.939409732818604,7.764643669128418,7.352026700973511
COc1ccccc1N1CCN(CCc2c(C(=O)NC3CCCC3)[nH]c3ccccc23)CC1,7.736835956573486,7.8816118240356445,7.809223890304565
O=C1NCN(c2ccc(Cl)cc2)C12CCN(C1C3CCC(C3)C1)CC2,7.714254856109619,7.873662948608398,7.793958902359009
CC1=NC2=CCCCN2C(=O)C1CCN1CCC(c2noc3cc(F)ccc23)CC1,7.276122093200684,7.392762184143066,7.334442138671875
CNc1ccc(-c2ccc3ncnc(NCCN4CCN(c5ccccc5OC)CC4)c3c2)cc1,7.895927429199219,6.068716049194336,6.982321739196777
Fc1ccc(OCCCN2CCN(c3ccccn3)CC2)cc1,6.659126281738281,6.833290100097656,6.746208190917969
CCCN1CCCC2Cc3nc(N)ncc3CC21,6.650206089019775,7.483463287353516,7.0668346881866455
COc1cccc(OC)c1CC1CCCC(=O)N1CCc1ccc2ccccc2c1,5.634119510650635,6.544787406921387,6.089453458786011
O=C1N(CCN2CCCCC2)CCN1c1cccc(Cl)c1,8.017598152160645,7.75933027267456,7.8884642124176025
O=C(CCCCCCCNC(=O)C1C(O)CC2CN3CCc4cc(OC(F)(F)F)ccc4C3CC21)NCCCN1CCCCC1,6.0834503173828125,6.818979263305664,6.451214790344238
CCCN1CCc2ccc(O)cc2CC1Cc1ccccc1,7.22726583480835,7.782010555267334,7.504638195037842
O=S(=O)(NC1CCC(CCN2CCC(c3noc4cc(F)ccc34)CC2)CC1)c1ccc(Cl)c(Cl)c1,7.780573844909668,8.458761215209961,8.119667530059814
Cc1cc(-c2nc3ccccc3n2CCCCCN2CCN(c3nsc4ccccc34)CC2)ccc1N1CCN(C)CC1,6.765987873077393,7.240509986877441,7.003248929977417
Oc1[nH]cc2ccc(OCCCCN3CCN(c4cccc5cccc(F)c45)CC3)c(F)c12,8.354814529418945,7.957778453826904,8.156296491622925
COc1ccccc1N1CCN(CC(O)CCNC(=O)c2cnn(-c3ccccc3)c2C)CC1,6.4500412940979,7.709070205688477,7.0795557498931885
COc1cccc2c1-c1cccc3c1C(C2)N(C)CC3,6.490542411804199,6.6327900886535645,6.561666250228882
COc1ccccc1N1CCN(CCCNC(=O)C=Cc2ccccc2)CC1,7.136520862579346,7.533793926239014,7.33515739440918
CN1CCc2cc(O)c(O)cc2C2c3cccc(-c4cccc(Cl)c4)c3CCC21,7.211714744567871,7.247401237487793,7.229557991027832
O=S(=O)(NC1CCC(CCN2CCC(c3ccccc3)CC2)CC1)c1cc2ccc2scnc12,,,
Cc1ccc2c(N3CCN(CCc4cccc(NC(=O)CN(C)C)c4)CC3)cccc2n1,6.233691692352295,6.4172868728637695,6.325489282608032
Oc1c2c(c(O)n1CC1CCC(NCc3cccc(C(F)(F)F)c3)CC1)CCC2,6.762760162353516,7.321367740631103,7.04206395149231
COc1ccccc1N1CCN(CCCCC(=O)NC2CCCc3ccccc32)CC1,7.217672824859619,7.674829959869385,7.446251392364502
Oc1ccc2nc(-c3ccc(Sc4ccc(-c5nc6ccc(O)cc6[nH]5)cc4)cc3)[nH]c2c1,7.515781402587891,6.942471027374268,7.229126214981079
CCCN(CCCNc1ccnc2cc(Cl)ccc12)Cc1ccccc1OC,6.3459577560424805,6.323220252990723,6.334589004516602
O=C1N(CCN2CCC2)CCN1c1ccccc1,6.552927017211914,6.183243751525879,6.3680853843688965
COc1ccccc1N1CCN(CCCc2ccc3nc4n(c(=O)c3c2)CCCC4)CC1,7.79641056060791,6.635851860046387,7.216131210327148
CNC(=O)COc1ccccc1N1CCN(Cc2ccccc2)CC1,7.023740291595459,5.98306131362915,6.503400802612305
N#Cc1ccc2c(n1)OCC2NC(=O)CCN1CCCCCC1,6.479468822479248,5.813491821289063,6.146480321884155
Oc1nc2ccccc2n1CCC1CCN(Cc2ccccc2)CC1,6.365762710571289,6.992947101593018,6.679354906082153
CN1CCN(C2Cn3cccc3Sc3ccc(Cl)cc32)CC1,8.645715713500977,8.372458457946777,8.509087085723877
COc1ccccc1N1CCN(CCCCCNC(=O)c2cc3ccccc3s2)CC1,7.497706413269043,8.281238555908203,7.889472484588623
Oc1ccc2c(c1)OC(CNCCCNCCOc1cccc3[nH]c(-c4ccccc4)nc13)CC2,8.699552536010742,8.4208984375,8.560225486755371
O=C1CCc2ccc(OCCCCN3CCN(c4cccc(Cl)c4Cl)CC3)nc2N1,8.820858001708984,7.946710586547852,8.383784294128418
Cc1nc(C)c(-c2ccnc(Nc3ccc(N4CCN(C)CC4)cc3)n2)s1,5.807825565338135,4.968456268310547,5.388140916824341
C1=C(c2ccccc2)CCN(CCCCNc2ncccc2C(F)(F)F)C1,7.987138748168945,7.438941955566406,7.713040351867676
CC(C)CC(N)C(=O)N1CC(Sc2ccccc2)CC1C,7.468053817749023,6.584977149963379,7.026515483856201
Cc1cnc(NC2CCC(NCc3cc(Cl)cc(Cl)c3)CC2)nc1N(C)C,8.370314598083496,7.748990058898926,8.059652328491211
NC(=O)c1cccc2c1CCCO2,8.199294090270996,4.657932758331299,6.4286134243011475
COc1ccc(CCNC(Cn2ncc3cnc4[nH]ccc4c32)c2ccc(OC)c(OC)c2)cc1OC,6.1090006828308105,6.105565547943115,6.107283115386963
O=C(NCCCCN1CCN(c2cccc(Cl)c2Cl)CC1)c1ccc2c(c1)-c1ccccc1C2=O,6.778696537017822,8.90671157836914,7.8427040576934814
COc1cc(C(F)(F)F)cc(C(F)(F)F)c1CNC1CCN(CC(N)=O)C1,5.930932998657227,6.683417320251465,6.307175159454346
Cn1ncc2c(N3CCN(CCCCc4cccc(N=S(C)(=O)O)c4)CC3)ncnc21,6.6811842918396,6.673295021057129,6.677239656448364
Cn1c2c(c3cc(O)cc(O)c31)CCCC2,7.670112133026123,5.414947986602783,6.542530059814453
CN(C)CCC(C)(C)CNc1nccc(-c2c(-c3ccc(F)cc3)nc3occn23)n1,6.000803470611572,5.622409343719482,5.811606407165527
Cc1n[nH]c2ccc(-c3cncc(OCC(N)Cc4ccccc4)c3)cc12,5.165602684020996,6.672688961029053,5.919145822525024
O=C(NCCCCCN1CCN(c2noc3ccccc23)CC1)c1ccc(F)c(Cl)c1,7.079444408416748,7.640522480010986,7.359983444213867
Cc1cccc(N2CCN(CCCCn3ccnc3)CC2CCO)c1,6.031062602996826,6.443422794342041,6.237242698669434
O=C(NC1CCc2ccc(CCN3CCN(c4nsc5ccccc45)CC3)cc21)c1cccc(F)c1,7.478578090667725,6.4749674797058105,6.976772785186768
CCCCCCCCCCCOc1ccc(N=C(N)N)cc1N=C(N)N,6.595993518829346,3.202815055847168,4.899404287338257
COc1ccccc1N1CCN(CCCCn2ncc(=O)n(C)c2=O)CC1,7.234968662261963,7.482704162597656,7.35883641242981
COc1ccccc1N1CCN(CCCCNC(=O)C=Cc2ccc(Cl)cc2)CC1,7.462882041931152,8.863009452819824,8.162945747375488
Cc1cc(SCC(=O)Nc2cc(C)on2)c2c(c1)C(C)(C)CCC2(C)C,5.5153093338012695,6.29254150390625,5.90392541885376
COc1cccc2c(C3CCN(CCCCc4c[nH]c5ccc(Br)cc45)CC3)noc12,7.760619640350342,7.585986614227295,7.673303127288818
CCCN(CCC)C1CCc2c(c3cc(O)cc(O)c3n2C)C1,7.263178825378418,7.963526725769043,7.6133527755737305
COc1cccc(C(=O)NC2CC3CCCC(C2)N3Cc2ccc(-c3cccnn3)cc2)c1,6.6269145011901855,7.4207000732421875,7.0238072872161865
CCN(CC)C(C)c1ccc(OCCCN2CCN(c3cccc4nc(C)ccc34)CC2)cc1,7.064929485321045,6.827241897583008,6.946085691452026
Cc1nc2cc(N3CCN(CC(O)COc4cccc5[nH]c(C)cc45)CC3)ccc2n1C,5.9573187828063965,6.170192718505859,6.063755750656128
O=C(NCCCN1CCC(N2CCC(c3noc4cc(F)ccc34)CC2)CC1)c1ccc2ccccc2c1,6.570122241973877,6.178822994232178,6.374472618103027
O=C1NCN(c2ccccc2)C12CCN(C1CCCc3c(OCCN4CCN(CCOc5cccc6ccccc56)CC4)cccc31)CC2,7.332840442657471,6.917437553405762,7.125138998031616
COc1ccccc1N1CCN(CC2COC(CN3CCCCC3=O)(c3ccc(F)cc3)O2)CC1,7.006389141082764,6.631852626800537,6.81912088394165
CN(C)CCCN(CCCN1c2ccccc2Sc2ccc(Cl)cc21)C1CCc2ccc(Cl)cc2C1,7.4525275230407715,7.76157283782959,7.607050180435181
NC(=O)C1CCCN(CCCC2CCCN(Cc3ccc(Cl)c(Cl)c3)C2)C1,4.957082748413086,6.122523307800293,5.5398030281066895
COc1ccccc1N1CCN(CCCCNC(=O)c2ccc(C(C)=O)cc2)CC1,7.503687858581543,8.66178035736084,8.082734107971191
NC(=O)c1cc(-c2ccnc(N)n2)[nH]c1-c1ccc(Cl)cc1Cl,6.777708053588867,5.308353424072266,6.043030738830566
Cc1ccc(C#N)c(N2CCN(CCCCNC(=O)c3ccc(F)cc3)CC2)n1,6.6907172203063965,8.086982727050781,7.388849973678589
Oc1ccc2c(c1)OC(CNCCNCc1ccc(OCCF)cc1)CC2,8.563834190368652,7.811320304870605,8.187577247619629
O=C1CC2(CCCC2)CC(=O)N1CCN1CCN(c2ccccc2Cl)CC1,6.975222110748291,8.108901023864746,7.5420615673065186
CNC(=O)c1ccccc1Sc1ccc2c(C=Cc3ccccn3)n[nH]c2c1,6.095495223999023,5.803621768951416,5.94955849647522
CC(C)(C)c1nc2ccc(C#N)cc2[nH]1,5.56107234954834,6.41234827041626,5.9867103099823
CCCN(CCC)C1Cc2ccc3[nH]cc(C=O)c3c2C1,6.984345436096191,6.370701789855957,6.677523612976074
C=CCN1CCC2=Cc3cc(O)ccc3CC2C1,6.6053900718688965,7.923139572143555,7.264264822006226
O=C(NCCCCN1CCN(c2cccc(Cl)c2Cl)CC1)c1cc2ccccc2o1,6.971603870391846,8.865472793579102,7.918538331985474
CSc1ccc(OC(=O)c2ccc(F)cc2)c(C2CCN(Cc3ccc4c(c3)OCO4)CC2)c1,6.647058010101318,5.732806205749512,6.189932107925415
CN1CCCC1Cn1nc(Cc2ccc(Cl)cc2)c2ccccc2c1=O,6.43051290512085,6.615733623504639,6.523123264312744
COc1ccccc1N1CCN(CCCCC(=O)c2ccc3c(=O)n(C)c(=O)n(C)c3c2)CC1,7.621268749237059,7.711297988891602,7.66628336906433
O=S(=O)(NC1CCC(CCN2CCN(c3ccccc3)CC2)CC1)c1ccc(-c2ccccc2)cc1,7.668335914611816,8.01647663116455,7.842406272888184
COc1ccccc1N1CCN(CCCCc2cc(-c3ccc4c(c3)OCO4)on2)CC1,6.959989070892334,7.77716064453125,7.368574857711792
COc1ccccc1N1CCN(CCCCNC(=O)c2cccc3ccccc23)CC1,7.269603729248047,8.39780044555664,7.833702087402344
CCCCN1CCCC1Cn1nc(Cc2ccc(Cl)cc2)c2ccc(F)cc2c1=O,6.299943923950195,7.12567663192749,6.712810277938843
COc1ccc(-c2ccc(NC(=O)Nc3ccc(F)c(F)c3)cc2)c2c(N)noc12,6.997060775756836,4.998113632202148,5.997587203979492
c1cnc2sc(C3CN4CCC3CC4)cc2c1,6.702419757843018,7.632737159729004,7.167578458786011
CCCCN1CCC(COc2nsc3ccccc23)CC1,6.129891395568848,7.26060676574707,6.695249080657959
NC(=O)c1ccc2[nH]c(O)c(CCCN3CCN(c4ccccc4OCCF)CC3)c2c1,8.307863235473633,7.692984580993652,8.000423908233643
COc1cc(C2c3cc4sc5c(c4cc2N1)CCCC5=O)cc(OC)c1[nH]c2ccccc2c1C,,,
O=C(NCCCCN1CCN(c2cccc(Cl)c2Cl)CC1)c1ccc(COc2ccccc2OCCF)cc1,7.075078964233398,8.563985824584961,7.81953239440918
CN1CCC(N2c3ccccc3Sc3ccccc32)CC1,6.673369407653809,6.61219596862793,6.642782688140869
COc1cc2c(cc1OC)-c1n[nH]c(Nc3cccc(F)c3)c1C2,6.577808856964111,5.6129536628723145,6.095381259918213
COc1ccccc1N1CCN(CCCCNC(=O)c2sc3ccccc3c2Cl)CC1,7.506882667541504,8.656256675720215,8.08156967163086
COc1ccccc1N1CCN(CC=CCNC(=O)C(=O)Nc2cccc(OCCO)c2)CC1,6.890820503234863,7.809050559997559,7.349935531616211
CCCc1cc(Oc2ccc3[nH]nc(C)c3c2)nc(NC(=O)NC(C)C)n1,6.957425594329834,5.67046594619751,6.313945770263672
COc1ccccc1N1CCN(CCCCNC(=O)c2cnn3ccccc23)CC1,7.520810604095459,8.20390510559082,7.86235785484314
CCS(=O)(=O)c1ccc2c(c1)C(=Cc1[nH]c3c1CCN(C)C3)CCC2,,,
CCCN1CCCC1CNC(=O)c1cc(Cl)cc(OC)c1OC,7.765398025512695,8.359033584594727,8.062215805053711
CCCCCN1CCN(CCCc2c[nH]c3ccc(-n4cnnc4)cc23)CC1,7.067666053771973,6.672118663787842,6.869892358779907
CCCN(CCC)S(=O)(=O)c1ccc(C(=O)NCCCCN2CCN(c3cccc(OC)c3)CC2)cc1,7.002998352050781,7.13605260848999,7.069525480270386
O=C(NC(CCCCCNC(=O)OCc1ccccc1)c1ccccc1)C1CCCCC1,6.352560043334961,5.910910606384277,6.131735324859619
CN1CCC(c2c(O)cc(O)c3c(=O)cc(-c4ccccc4Cl)oc23)C(O)C1,6.101298809051514,6.881472110748291,6.491385459899902
NCCCCC(NC(=O)C1CCC2(CC1)CN(C(=O)c1csc3c1CCCC3)C2)C1CCCCC1,6.164005279541016,6.773548126220703,6.468776702880859
CN(C)CCN1CCN2c3ccccc3Sc3ccc(Cl)cc32)CC1,,,
COc1cc(C2c3cc4c(cc3C(Nc3ccc(OCCN4CCCC4)cc3)C3COC(=O)C23)OCO4)cc(OC)c1O,5.419434070587158,4.657977104187012,5.038705587387085
COc1cccc(CN2CCC3(CC2)CC(=O)Nc2ccc(-c4ccccc4)cc23)c1,6.991222381591797,6.617966175079346,6.804594278335571
COc1cccc(-c2cc3nc(C)c(C)n3n2)c1,,,
Cc1ccc2c(c1)N(CCCCN1CCN(c3cccc(Cl)c3Cl)CC1)CC(C(C)C)O2,7.535919666290283,8.106168746948242,7.821044206619263
O=C1CCc2ccc(OCCCCN3CCN(c4cccc5cccc(F)c45)CC3)nc2N1,8.669334411621094,7.364121913909912,8.016728162765503
CC(C)Oc1cc(-c2ccc(OCCNCC(O)c3cccc(Cl)c3)cc2)ccc1C(=O)O,5.695945262908936,6.498075485229492,6.097010374069214
COc1ccccc1N1CCN(CC2CCC(c3ccccc3)(c3ccccc3)O2)CC1,6.752762317657471,6.763599395751953,6.758180856704712
CC(C)Oc1ccccc1CN1CCN(Cc2cc(F)cc(F)c2)CC1,5.875834465026856,6.283139228820801,6.079486846923828
Cc1ccc(C(=O)NC2CC2)cc1C#Cc1cnc(N)nc1N,5.714849472045898,5.725144863128662,5.71999716758728
COc1cc2c(cc1OC)C1=NOC(CN3CCN(Cc4ccc5c(c4)OCO5)CC3)C1CN2,6.314512729644775,6.221138954162598,6.2678258419036865
O=C(O)c1cc(-c2ccccc2)sc1-n1cnc2cc(C(F)(F)F)ccc21,5.715991973876953,5.592263221740723,5.654127597808838
O=C1N(CCN2CC=C(c3cccc4ccccc34)CC2)CCN1c1ccncc1,7.162550449371338,6.905135631561279,7.033843040466309
COc1cc(N)c(Cl)cc1C(=O)OCCN1CCCCC1,7.564661502838135,6.275675296783447,6.920168399810791
CN(C1CCC(N2CCN(c3ccc(Cl)cc3)CC2)C1)S(=O)(=O)c1ccccc1,5.914159774780273,6.757804870605469,6.335982322692871
CN(C)CCN(C)C(=O)c1cccc(OCc2c(F)cccc2F)c1,5.847885608673096,6.238101005554199,6.0429933071136475
COc1cc2c(cc1F)C(c1ccccc1Cl)=Nc1c(C)n[nH]c1N2,6.123236179351807,5.7805376052856445,5.951886892318726
COc1ccccc1N1CCN(CCCCNC(=O)C=Cc2cccc(C)c2O)CC1,7.621447563171387,8.605042457580566,8.113245010375977
O=C1CC(c2ccccc2)c2ccccc2N1,5.889566898345947,5.865644454956055,5.877605676651001
COc1ccccc1N1CCN(CCCCNC(=O)c2c(-c3ccc(Cl)cc3)[nH]c3ccccc23)CC1,7.383889198303223,7.923383712768555,7.653636455535889
N#Cc1cccc(C(=O)NC2CCC(N3CCN(c4cnccn4)CC3)CC2)c1,5.441001892089844,7.118386268615723,6.279694080352783
CCCCN(CCCC)C1CCc2c(O)cccc2C1,7.942216396331787,8.147453308105469,8.044834852218628
COc1ccccc1N1CCN(CCCCNC(=O)c2cc3ccccc3s2)CC1,7.43854284286499,9.065712928771973,8.252127885818481
CCc1ccc(S(=O)(=O)NCCCN2CCC(c3noc4cc(F)ccc34)CC2)cc1,7.825325489044189,7.37623405456543,7.60077977180481
OC1(c2ccc(Cl)cc2)CC2CCC(C1)N2Cc1coc2ccccc12,7.902397632598877,8.243313789367676,8.072855710983276
C=Cc1cc(NCCN2CCN(c3cccc(Cl)c3)CC2)nc2ccc(Cl)cn12,,,
COc1cccc(N2CCN(Cc3nnc4ccccn34)CC2)c1,5.351150035858154,5.186797142028809,5.2689735889434814
Fc1ccccc1N1CCN(CCCCOc2ccc3ccc(OCCN4CCCC4)cc3c2)CC1,7.554314136505127,8.160508155822754,7.85741114616394
CN1CCN(C2Cc3ccccc3Sc3ccc(-c4cccnc4)cc32)CC1,8.42949390411377,7.775369644165039,8.102431774139404
COc1cccc(C(=O)Nc2coc(-c3cccc(Cl)c3)n2)c1,5.779807090759277,5.318689346313477,5.549248218536377
Oc1nc2cccc(N3CCN(Cc4cccc(-c5ccoc5)c4)CC3)c2o1,8.504430770874023,6.938196182250977,7.7213134765625
O=C(NC1CCC2(O)C3Cc4ccc(O)c5c4C2(CCN3CC2CC2)C1O5)c1ccccc1,8.231954574584961,8.131891250610352,8.181922912597656
CC1CN(c2ncc(C(=O)NCc3ccc(F)cc3F)cn2)CCN1C(C)c1ccccc1,5.967920303344727,6.187192440032959,6.077556371688843
CC1(C)CC2CC(=O)OC(CO)CC(=O)N2C1,6.4080305099487305,4.293510437011719,5.350770473480225
COc1ccccc1N1CCN(CCCCNS(=O)(=O)c2ccc3c(c2)N(C(=O)CCl)CCC3)CC1,7.549979686737059,7.458183765411377,7.504081726074218
Cc1ccc(-n2nccn2)c(C(=O)N2CCN(c3ncc4cc(-c5ccc(C(F)(F)F)nc5)nc(C(C)C)c4n3)CC2C)c1,4.791895389556885,6.4648027420043945,5.62834906578064
COc1cccc(N2CCN(CCC3CCCc4cc(OC)c(OC)cc43)CC2)c1,6.007584095001221,6.40618896484375,6.206886529922485
CCCN1CCCC2c3c(cccc3OC)CCC21,6.463755130767822,7.107841491699219,6.7857983112335205
Cn1c(CO)ccc1-c1ccnc(NCC2CCCO2)n1,6.560154914855957,5.728693962097168,6.1444244384765625
CCCN(CCC)C1CCc2ccc3[nH]ccc3c2C1,7.49531888961792,7.435484886169434,7.465401887893677
CC(N(C)c1cccc(C(F)(F)F)c1N)C1CCN(S(C)(=O)=O)CC1,6.859807968139648,7.783488750457764,7.321648359298706
CCCN(CCC)C1CCc2c(O)cccc2C1,8.197704315185547,8.453038215637207,8.325371265411377
COc1ccccc1N1CCN(CCCCn2ncc(=O)n(C)c2=O)CC1,7.234968662261963,7.482704162597656,7.35883641242981
O=C(CC1CCCCN1Cc1cccc(OC(F)(F)F)c1)c1ccc(Br)cc1,6.770170211791992,6.946597576141357,6.858383893966675
COc1cc(S(C)(=O)=O)c(OC)cc1CC(=O)NCCCN1CCC(c2ccc(F)cc2)CC1,6.365464687347412,6.151433944702148,6.25844931602478
CC(C)(C)OC(=O)N1CCC(CCC(NC(=O)c2ccc(Br)cc2)C2CCC(C(C)(C)C)CC2)CC1,6.029459476470947,7.078478813171387,6.553969144821167
CN1C(=O)CCC1CN1CC=C(c2c[nH]c3cc(F)ccc23)CC1,7.618762969970703,7.833127498626709,7.725945234298706
O=C(NC1CCC(CCN2CCN(c3cccc(Cl)c3Cl)CC2)CC1)c1cc2ccccc2s1,7.600751399993896,8.926794052124023,8.26377272605896
Oc1nc2sc3c(c2c2nc(-c4ccccc4)nn12)CCCC3,6.469587326049805,6.126212596893311,6.297899961471558
CCCNC(C)(CNc1cccc(C(F)(F)F)c1)CN1CC=C(c2c[nH]c3ccccc23)CC1,6.95941686630249,6.079889297485352,6.519653081893921
COc1cccc(C(C(=O)NC2CCCCC2)N3CCCC2CCN2CCC(Oc3ccc(F)cc3)CC2)c1,,,
CS(=O)(=O)c1cccc2c(CCCN3CCN(c4cccc(C(F)(F)F)c4)CC3)c[nH]c12,7.073096752166748,6.874547481536865,6.973822116851807
O=C(NCCCCN1CCC(O)(c2ccc(C(F)(F)F)cc2)CC1)c1ccc(F)cc1O,6.464494705200195,8.193597793579102,7.329046249389648
CC(=O)c1cccc(CCCNCCOc2cccc3c2OCCO3)c1,6.833479404449463,6.855498790740967,6.844489097595215
O=C(NC1CCc2ccc(CCN3CCN(c4nsc5ccccc45)CC3)cc21)c1ccc(-n2ncc3ccccc32)cc1,7.030359268188477,6.693714141845703,6.86203670501709
O=C1NC(=O)N(Cc2ccco2)C(=O)C1=CC=CCCCCN1CCN(c2cccc(Cl)c2Cl)CC1,6.636233806610107,7.107894420623779,6.872064113616943
O=C(CCCN1CCN(c2cccc(Cl)c2Cl)CC1)c1ccc(F)cc1,8.306028366088867,7.756631851196289,8.031330108642578
CN1CCN(c2nc(C3=C(c4c[nH]c5ccc(Cl)cc45)C(=O)NC3=O)c3ccccc3n2)CC1,5.663808345794678,5.781766891479492,5.722787618637085
COc1ccccc1N1CCN(CCc2ccc3c(c2)NC(=O)CO3)CC1,7.51405143737793,6.487955570220947,7.0010035037994385
CCc1nn(C)c2c(O)nc3cc(Cl)c(C(=O)Nc4ccccc4)cc3c12,6.456396102905273,5.745569229125977,6.100982666015625
CCCN(CCCCN1CCN(c2ccccc2OC)CC1)C1CCc2nc(N)sc2C1,7.563113212585449,8.614723205566406,8.088918209075928
COc1ccccc1N1CCN(CCCCn2cc(-c3ccccc3)nn2)CC1,7.410275936126709,7.519280433654785,7.464778184890747
Nc1ccc(N2CCN(CCCSc3nc4ccccc4o3)CC2)cc1,6.482863426208496,7.748724937438965,7.1157941818237305
COc1cccc(C(=O)CCCCCN2CCN(c3ccccc3OC)CC2)c1,7.906682968139648,7.7241129875183105,7.8153979778289795
CCCN1CCCC2Cc3nn(C)cc3CC21,7.456254959106445,7.877370834350586,7.666812896728516
O=C(NC1CCc2ccc(CCN3CCN(c4nsc5ccccc45)CC3)cc21)c1ccc(-c2ccccc2)cc1,7.176334381103516,6.909337043762207,7.042835712432861
CCOC(=O)c1cn(CCCN2CCN(c3cccc(Cl)c3Cl)CC2)c2ccccc12,6.721306800842285,7.318009376525879,7.019658088684082
CN(C(=O)Cc1ccc(Cl)c(Cl)c1)C1CCC2(CC1)OCCc1ccsc12,5.973595142364502,6.7484002113342285,6.360997676849365
Fc1ccc(Cl)cc1N1CCN(CCC2CCC3(CC2)CCN(c2ccccn2)CC3)CC1,7.370530128479004,7.367280006408691,7.368905067443848
CCN1CCCC1CNC(=O)c1c(OC)ccc(Br)c1OC,6.901225090026856,8.275629043579102,7.5884270668029785
Nc1ncc(N2CCN(Cc3ccc4c(c3)OCO4)CC2)cn1,5.498006343841553,4.714442253112793,5.106224298477173
CC(C)(Oc1cccc(CNC(=O)C2CCCN2C(=O)C2CCC2)c1)C(=O)O,6.59901237487793,5.643594741821289,6.121303558349609
CC(C)Oc1ccccc1N1CCN(CCCCNC(=O)c2ccc(F)cc2)CC1,7.949737071990967,8.69124698638916,8.320492029190063
COc1ccccc1N1CCN(CCCCNC(=O)c2ccc3scnc3c2)CC1,7.558285713195801,8.621417045593262,8.089851379394531
O=C1OC2(CN(c3ncc(-c4ccccc4)cn3)CC2)CN1c1ccc2c(c1)OCO2,5.686638832092285,5.203742027282715,5.4451904296875
Cc1ccc2c(N3CCN(CCc4cccc5c4OCC(=O)N5C)CC3)cccc2n1,6.850943088531494,6.639899730682373,6.745421409606934
CCCN(CCc1ccccc1)C1CCc2c(O)cccc2C1,8.200567245483398,8.143576622009277,8.172071933746338
CCN(CC)C(=O)NC1CC2=C(Cc3c[nH]c4cccc2c34)N(C)C1,8.485456466674805,8.415810585021973,8.450633525848389
COc1ccc(CC(N)C(=O)N2CCc3[nH]c4ccc(F)cc4c3C2)cc1,6.706009387969971,5.785486698150635,6.245748043060303
CN(C2CCC(CCCn3ncc4ccc(-c5ccccc5)nc43)CC2)CC1CC1,6.058465957641602,8.036476135253906,7.047471046447754
O=C(CCCCl)N1CCC(N2CCN(c3ccc(F)cc3)CC2)CC1,5.101912021636963,5.496095180511475,5.299003601074219
CCN(CC)CC#Cc1ccc(C2=C3c4ccc(O)cc4OCCC3N(C)C2)cc1,6.4359130859375,6.600642681121826,6.518277883529663
COc1cccc(N2CCN(CCCCNC(=O)C=Cc3ccc4c(c3)OCO4)CC2)c1,6.700460910797119,8.027128219604492,7.363794565200806
COc1ccccc1N1CCN(CC2CCC(N3C(=O)c4cccc5cccc(c45)C3=O)CC2)CC1,7.098294258117676,7.210443019866943,7.15436863899231
CCCN(CCN1CCN(c2ccc3cc2OCC=C3)CC1)C1CCc2ccc(O)cc2C1,7.6699299812316895,8.991950988769531,8.33094048500061
COc1ccc(CNC2C(=O)C(=O)C2=Nc2ccc3n[nH]cc3c2)cc1,5.4502668380737305,4.441784381866455,4.946025609970093
CCCN(CCCCCCCN(CCC)C1CCc2ccc3[nH]ccc3c2C1)C1CCc2c(O)cccc2C1,8.089866638183594,8.211267471313477,8.150567054748535
O=C1NCN(c2ccccc2)C12CCN(C1CCC(c3c[nH]c4ccccc34)CC1)CC2,6.993209838867188,7.0768232345581055,7.0350165367126465
Cc1c(-c2cccnc2)sc2cc(OCCN3CCC(C(=O)c4nc5ccccc5n4CCC(N)=O)CC3)ccc12,6.0719499588012695,5.643932819366455,5.857941389083862
CCCN(CCc1cccs1)C1CCc2c(O)cccc2C1,8.405183792114258,8.605388641357422,8.50528621673584
CCN(CC)c1ccc(C(=C2C=CC(=[N+](CC)CC)C=C2)c2cccc(F)c2)cc1,6.109330654144287,7.077271461486816,6.593301057815552
COc1ccccc1N1CCN(CCCNS(=O)(=O)c2ccc(C)cc2)CC1,6.866115093231201,6.845211029052734,6.855663061141968
O=C(CCCCN1CCN(c2ccccn2)CC1)c1ccc(F)c(F)c1,7.577661514282227,7.28764009475708,7.432650804519653
CCCN(CCC)C1CCc2c(O)cccc2C1,8.197704315185547,8.453038215637207,8.325371265411377
O=C(NCC1CCC(C(=O)N2CCN(c3ncco3)CC2)CC1)c1ccc(Cl)cc1,6.043779850006104,6.391796588897705,6.217788219451904
COc1ccc2c(c1)C(N1CCN(CCCNc3nc4cc(Cl)c(Cl)cc4s3)CC1)CCC2,7.13437032699585,7.226144790649414,7.180257558822632
Cc1ccn(-c2cc(Cl)cc(N3CCN(c4ccccn4)CC3)n2)c1,5.839096546173096,5.876072406768799,5.857584476470947
NC(=O)c1ccc2nc(C3CCCCC3)[nH]c2c1,7.020472526550293,4.7419209480285645,5.881196737289429
CN(C)CCN1CCN(Cc2ccc(-c3cccc(C(F)(F)F)c3)o2)CC1,6.026507377624512,7.016408920288086,6.521458148956299
CC1CC(N2CCN(c3cccc(C(F)(F)F)c3)CC2)C(=O)CN1c1cccc(Cl)c1,5.928930282592773,6.687906265258789,6.308418273925781
COc1cc2c(cc1O)CCN(CCCCc1c[nH]c3c(C(=O)O)cccc13)CC2,7.419275760650635,7.108394622802734,7.263835191726685
Oc1ccc2c(c1)OC(CNCc1cccs1)CC2,9.475069046020508,8.632311820983887,9.053690433502197
O=C(O)c1cccc(-c2csc(N3CCN(Cc4ccc(Cl)cc4)CC3)n2)c1,5.936077117919922,6.033103466033936,5.984590291976929
CN1CCN(CC(=O)Nc2ccc(Br)cc2)CC1,4.208817958831787,5.095607280731201,4.652212619781494
COc1ccccc1N1CCN(CCCCn2ncc(=O)n(C)c2=O)CC1,7.234968662261963,7.482704162597656,7.35883641242981
O=C1NCN(c2ccccc2)C12CCN(CC1COc3ccccc3O1)CC2,8.534329414367676,7.216901779174805,7.87561559677124
COc1ccccc1N1CCN(CCCCn2ncc(=O)n(C)c2=O)CC1,7.234968662261963,7.482704162597656,7.35883641242981
OC1(c2ccc(Cl)c(Cl)c2)c2cccc(F)c2C2=NCCCN21,6.591095924377441,6.3846611976623535,6.4878785610198975
CCCCC(=O)NC1CCc2ccc(CCC)cc21,7.880800724029541,5.7317214012146,6.80626106262207
COc1ccccc1CN1CCN(CCC=Cc2cc(C)ccc2N2CCCC(C(=O)N3CCCCC3)C2)CC1,6.314739227294922,6.5758819580078125,6.445310592651367
O=C1C=CC(=CNNC=C2C=CC(=O)C(O)(c3ccccc3)N2CCO)C=C1,6.17535924911499,6.069330215454102,6.122344732284546
CCn1c(-c2nonc2N)nc2cnc(Oc3cccc(NC(=O)c4ccc(OCCN5CCOCC5)cc4)c3)cc21,5.800716400146484,5.737064361572266,5.768890380859375
O=C(NCC(O)CN1CCC(Oc2ccc(C(F)(F)F)cc2)CC1)c1cccc2cccnc12,6.011486530303955,6.566754341125488,6.289120435714722
O=C(NCCOc1ccc(Cl)cc1Cl)c1cc2ccccc2o1,5.589718818664551,6.626894474029541,6.108306646347046
Oc1[nH]cc2ccc(OCCCN3CCN(c4cccc5c4OCCO5)CC3)cc12,8.335270881652832,7.852446556091309,8.09385871887207
CCOCC#CCOc1cc(COc2cccc(N)c2)ccc1Sc1ccc(C(F)(F)F)cc1,5.135183334350586,5.932187080383301,5.533685207366943
O=C(NC1CC(CN2CCCCC2)CC1OCCN1CCN(c2ccccc2OCCF)CC1)c1ccc(O)cc1,7.13706111907959,7.877631187438965,7.507346153259277
Oc1ccc2cc(-c3cc(F)cc(F)c3)c(-c3ccnc(NC4CCCCC4)c3)nc2n1,6.492321014404297,5.822062015533447,6.157191514968872
CCCN(CCc1ccc(Nc2nc(-c3ccc(Cl)cc3)cs2)cc1)C1CCc2nc(N)sc2C1,6.788680553436279,7.432730674743652,7.110705614089966
CCC1CN2CCc3cc(OC)c(OC)cc3CC2CC1CC1NCCc2c1[nH]c1ccc(O)cc21,6.643797874450684,7.307600021362305,6.975698947906494
COc1ccc(CNCCCCCN2CCN(c3ccccc3OC)CC2)cc1,7.05355167388916,6.954550266265869,7.004050970077515
O=C(CCCN1CC=C(n2c(O)nc3ccccc32)CC1)c1ccc(F)cc1,8.367292404174805,7.846202850341797,8.1067476272583
CCCN(CCC)C1CCc2ccc3[nH]ccc3c2C1,7.49531888961792,7.435484886169434,7.465401887893677
Cc1cc(C(=O)NC2CCCCC2)cc(N2CCN(Cc3ccccc3)CC2)c1,7.275344371795654,7.639888286590576,7.457616329193115
O=C(CCCN1C2CCC1CC(O)(c1ccc(Cl)cc1)C2)c1ccc(F)cc1,7.815347194671631,8.006396293640137,7.910871744155884
COc1ccc(S(=O)(=O)NC2CCC(N3CCN(c4cccc(C(F)(F)F)c4)CC3)CC2)cc1,6.409594535827637,8.137199401855469,7.273396968841553
COc1cc(Cl)ccc1N1CCN(CCCCCNC(=O)c2cccc3c(N(C)C)cccc23)CC1,7.178835868835449,7.659537315368652,7.419186592102051
COc1ccc(S(=O)(=O)NC2CCC(N3CCN(c4cccc(C(F)(F)F)c4)CC3)CC2)cc1OC,6.236693382263184,8.24417495727539,7.240434169769287
O=C1Cc2c([nH]c3ccc(Br)cc23)-c2ccccc2N1,8.138245582580566,5.863692760467529,7.000969171524048
Cc1n[nH]c2ccc(-c3cncc(OCCN)c3)cc12,5.621460914611816,6.338612079620361,5.980036497116089
Cn1c2c(c3ccc(O)cc31)CCCC2,7.089735507965088,4.6737823486328125,5.88175892829895
NC(=O)C1CCCN(CCCc2c[nH]c3ccc(-n4cnnc4)cc23)C1,6.908539772033691,5.348047733306885,6.128293752670288
COc1ccc(S(=O)(=O)NCCCCN2CCN(c3ccccc3OC)CC2)cc1,7.202117919921875,7.607097625732422,7.404607772827148
CN1CCc2c(c3ccccc3n2CCc2ccc(OCCN3CCF)cc2)C1,,,
Cc1ccc2c(-c3nnc(SCCCN4CCc5cc6nc(N)nc6cc5CC4)n3C)cccc2n1,,,
COc1ccccc1N1CCN(CCCC2CCC(Nc3ncc(Cl)cc3F)CC2)CC1,8.040276527404785,7.741661548614502,7.8909690380096436
O=C1COc2ccc(CCN3CCN(c4nsc5ccccc45)CC3)cc2N1,7.664715766906738,6.477508544921875,7.071112155914307
CC1=CC(=C2c3ccc(Cl)cc3CCc3ccccc32)CC1,6.154517650604248,6.619492053985596,6.387004852294922
COc1ccc2c3c1OC1C(=O)CCC4(NC(=O)C=Cc5ccccc5C)C(C2)N(C)CCC314,7.512647151947021,7.867882251739502,7.690264701843262
CC(C)Oc1ccccc1N1CCN(Cc2ccc(CN3CCCCC3=O)n2C)CC1,8.190450668334961,6.869895935058594,7.530173301696777
CC(C)CN(CCN1CCN(c2cccc(Cl)c2Cl)CC1)C1CCc2ccc(O)cc2C1,7.711857795715332,8.315897941589355,8.013877868652344
Cc1ccccc1N1CCN(CCc2ccc3nc(O)cc(C(F)(F)F)c3c2)CC1,7.481802940368652,6.087452411651611,6.784627676010132
COc1ccccc1N1CCN(CCCNC(=O)c2ccccn2)CC1,6.533544063568115,6.6191582679748535,6.576351165771484
O=C(NCCCCCN1CCN(c2nsc3ccccc23)CC1)c1ccc2ccccc2c1,7.233456134796143,8.076976776123047,7.655216455459595
Cc1ncoc1-c1nnc(SCCCN2CC3CC3(c3ccc(C(F)(F)F)cc3)C2)n1C,6.68971061706543,8.816180229187012,7.752945423126221
CC1=NC2=CCCCN2C(=O)C1CCN1CCC(c2noc3cc(F)ccc23)CC1,7.27606725692749,7.392762184143066,7.334414720535278
COc1cc2c(cc1OC)C(C)N(CCc1ccc(F)cc1)CC2,6.274570465087891,6.713155269622803,6.493862867355347
Fc1ccc2c(Nc3ccccc3)nccc2c1,7.060232639312744,5.679320812225342,6.369776725769043
COc1ccc(CN2CCN(C(=O)C3CCC(NC(=O)CN4CCN(C)CC4)CC3)CC2)cc1,4.619658470153809,6.6143879890441895,5.617023229598999
O=C(NCCCCN1CCC2(CCc3ccccc32)CC1)c1ccc(-c2ccccc2Cl)s1,6.220431804656982,7.701509475708008,6.960970640182495
COc1cccc(C2CC2CN2CCN(c3ccccc3OC)CC2)c1,7.328065395355225,7.434802055358887,7.381433725357056
Fc1ccc(-c2cnco2)cc1NC1CCN(Cc2ccc3c(c2)OCO3)CC1,6.673611640930176,6.173378944396973,6.423495292663574
COc1cccc2c(O)c3c(O)c4c(c(O)c3c(O)c12)C(OC1CC(N)C(O)C(C)O1)=CC(O)(C(=O)CO)C4,6.296635150909424,6.981332778930664,6.638983964920044
CC1CN(Cc2ccc(-c3ccccc3F)cc2)CCN1C(=O)CCc1nc2ccccc2[nH]1,6.347814083099365,6.56698751449585,6.457400798797607
COc1ccccc1N1CCN(CCCCNC(=O)c2cc(-c3ccc(Br)cc3)nc3ccccc23)CC1,6.62950325012207,8.286155700683594,7.457829475402832
CN1CCN(C2CC(c3ccc(F)cc3)c3ccc(C(F)(F)F)cc32)CC1(C)C,6.969825744628906,6.350370407104492,6.660098075866699
Oc1cc(O)cc(C=Cc2ccc(O)c(O)c2)c1,7.079709053039551,7.538816452026367,7.309262752532959
CCN(CC)C1CCC(c2ccc(F)cc2)C1,6.557643890380859,6.606875419616699,6.582259654998779
Clc1cccc(N2CCN(CCc3ccc4c(c3)NC(=S)N4)CC2)c1Cl,7.552295684814453,7.394826412200928,7.47356104850769
NC(=O)c1cc2c(-c3cccc(F)c3)cncc2s1,5.429012298583984,5.934844493865967,5.681928396224976
COc1ccc2[nH]cc(C3CCC(N4CCN(c5ccccc5OC)CC4)CC3)c2c1,6.998074054718018,6.705009937286377,6.851541996002197
COc1ccccc1N1CCN(CCCCNC(=O)c2cccc3c2-c2ccccc2C3=O)CC1,6.965746402740479,8.231231689453125,7.598489046096802
COc1ccccc1N1CCN(CCCCCNC(=O)c2cc3cc(OC(F)(F)F)ccc3[nH]2)CC1,7.607767581939697,8.276718139648438,7.942242860794067
CC(C)CN1CCN(CCCN2c3ccccc3Sc3ccc(C(F)(F)F)cc32)CC1,6.466836452484131,6.230976581573486,6.348906517028809
COc1ccccc1N1CCN(CCCCNC(=O)c2ccc3ccccc3c2)CC1,7.298825263977051,8.823209762573242,8.061017513275146
CN1CCCC(c2cn(Cc3c(F)cccc3F)c3ccc(Cl)cc23)CC1,7.289161682128906,5.703734397888184,6.496448040008545
CCCn1c(=O)c2[nH]c(-c3ccc(OCC(=O)Nc4ccc(F)cc4F)cc3)cc2n(CCC)c1=O,6.510354995727539,6.079721450805664,6.295038223266602
CCCN(CCc1ccccc1)C1CCc2ccc3[nH]cc(C=O)c3c2C1,7.241363048553467,6.838680744171143,7.040021896362305
Oc1[nH]c(C=CCN2CCN(c3cccc(Cl)c3)CC2)c2ccccc12,6.755727291107178,7.077188491821289,6.916457891464233
N#Cc1cccc2c1CCC1CN(CCn3c(=O)[nH]c4cc(Cl)ccc4c3=O)CC21,7.065069198608398,7.43373966217041,7.249404430389404
CC1CN(CCc2c(Cl)cccc2Cl)CCN1C(=O)C1CCC(N)CC1,7.122025489807129,7.585897922515869,7.353961706161499
COc1ccccc1N1CCN(CCN=C2C(=O)N(C)N=C(c3ccccc3)c3ccccc32)CC1,6.604923725128174,6.908228874206543,6.756576299667358
CCCN(CCC)C1CCc2c(ccc(O)c2O)C1,8.462950706481934,9.167142868041992,8.815046787261963
Cc1cccc2c1-c1cccc3c1C(C2)N(C)CC3,6.744865894317627,6.8281731605529785,6.786519527435303
CC(C)NCC(O)COc1ccc(CCOCC2CCCCC2)cc1,4.472932815551758,5.114660739898682,4.79379677772522
NC1Cc2ccccc2C2c3ccccc3CC21,5.501224994659424,6.968744277954102,6.234984636306763
COc1ccc(C(=O)N2CCC(CCN3CCC(C(N)=O)(c4ccc(F)cc4)CC3)(c3ccc(Cl)c(Cl)c3)C2)cc1,6.826494216918945,6.667421340942383,6.746957778930664
Cc1ccc(-c2cc3c(C)nc(N)nc3n(C3CCC(OCCO)CC3)c2=O)cn1,5.501311779022217,5.615530014038086,5.558420896530151
O=S(=O)(NCCCCN1CCC(c2noc3cc(F)ccc23)CC1)c1csc2ccccc12,7.919332027435303,8.151323318481445,8.035327672958374
COc1ccc(CCN2C3C4C5CC6C7C5C3C7C2(O)C64)cc1I,5.913397789001465,4.961200714111328,5.4372992515563965
CC1=CCC2CN(CCCCCCN3C(=O)CC(c4ccc(Cl)cc4)(c4ccc(Cl)cc4)C3=O)CC2C1,6.438992023468018,7.326694965362549,6.882843494415283
CN1CCc2nc(C3CCCCC3)c(C#N)c2C1,,,
CC(C)=[SH](O)(O)N=CC1CCC(NC(=O)CN2CC=C(c3c[nH]c4ccccc34)CC2)CC1,6.015889644622803,6.834031105041504,6.424960374832153
COc1cccc(-n2cc(CN3CCN(c4cccc(Cl)c4Cl)CC3)c3ccccc32)c1,6.81770658493042,6.53375768661499,6.675732135772705
Cc1occc1-c1nnc(SCC(=O)Nc2cc(F)ccc2Cl)n1C,5.784474849700928,5.704931735992432,5.74470329284668
CCN1CCCC(c2cccc(O)c2)C1,6.584743976593018,7.169439315795898,6.877091646194458
CN1CCN(C2=Cn3cccc3Sc3ccc(Cl)cc32)CC1,8.414504051208496,8.474985122680664,8.44474458694458
C#Cc1ccc(CCCCNCCOc2ccccn2)cc1-c1ccccc1,7.460360050201416,7.4238433837890625,7.442101716995239
CN(Cc1ccccc1)C1CCN(CCCc2c[nH]c3ccc(-n4cnnc4)cc23)CC1,6.229989528656006,6.283927917480469,6.256958723068237
O=C(NCCCN1CCN(c2ccccc2OCCF)CC1)c1ccc(-c2ccccc2)cc1,7.040982723236084,7.6363630294799805,7.338672876358032
O=C(Nc1ccc(Cl)cc1)Nc1cccc(C(=O)N2CCC3(CC2)C=NO3)c1,6.4040937423706055,5.182157516479492,5.793125629425049
Cc1ncoc1-c1nnc(SCCCN2CC3CC3(c3ccc(Cl)cc3)C2)n1C,7.248137474060059,8.635133743286133,7.941635608673096
CC(C)CN1CCC2(CC1)CN(C(=O)Nc1ccc(S(N)(=O)=O)cc1)C2,5.65477991104126,6.608192443847656,6.131486177444458
N#Cc1ccc2[nH]cc(CCCCN3CCN(c4cccc5ccc(C(N)=O)oc45)CC3)c2c1,,,
O=C(CCCc1c[nH]c2ccccc12)NCCCCCNc1c2c(nc3cc(Cl)ccc13)CCCC2,8.076530456542969,6.456967830657959,7.266749143600464
COc1ccccc1N1CCN(CCCCNC(=O)c2cc3ccccn3n2)CC1,7.175564289093018,8.398908615112305,7.787236452102661
COc1ccc(OC)c(C(C)NCC2CCCN2C)c1,5.519245147705078,7.222410678863525,6.370827913284302
O=C1Nc2c(Br)cccc2C2=C1NCCN1CCN(c2ccccc2Cl)CC1,,,
CCCN(CCCCCCCN(CCC)C1CCc2c(O)cccc2C1)C1CCc2c(O)cccc2C1,8.3330078125,8.751931190490723,8.542469501495361
COc1ccccc1N1CCN(CC2COC2(C)C)CC1,6.82004451751709,7.084286689758301,6.952165603637695
O=C(NCC1CCCN(C2CCN(Cc3ccc(Cl)cc3)CC2)C1)c1ccc2[nH]cnc2c1,4.797075271606445,5.523540019989014,5.1603076457977295
CC(C)(C)c1ccc(OCCN2CCC(C(O)(c3ccccc3)c3ccccc3)CC2)cc1,6.912922859191895,7.000584125518799,6.956753492355347
Cc1ccc2c(N3CCN(CCc4cccc(N=S(C)(=O)O)c4)CC3)cccc2n1,7.124066352844238,7.066009998321533,7.095038175582886
Nc1nc(O)c(C2CCN(CCCCc3ccccc3)CC2)n1,,,
CCCN(CCc1ccccc1)C1CCc2c(O)cccc2C1,8.200567245483398,8.143576622009277,8.172071933746338
O=C(NCC1CCC(CN2CCN(c3cccc(Cl)c3Cl)CC2)CC1)c1cccs1,6.640397071838379,7.969411849975586,7.304904460906982
CCN(CC)CCc1nc2cc(Cl)c(N)cc2n1C,7.357820987701416,6.440521240234375,6.8991711139678955
COc1ccccc1N1CCN(CC2Cn3c(cc4ccccc43)C(=O)N2)CC1,6.786636352539063,6.765483379364014,6.776059865951538
COc1ccccc1-c1cccnc1NCCN1CCN(c2ccccc2OC)CC1,7.581463813781738,6.604378700256348,7.092921257019043
CC(C)Oc1ccccc1N1CCN(Cc2cccc(C(=O)N3CCCCC3)c2)CC1,7.8235321044921875,7.121087551116943,7.472309827804565
CCN(CC)C(=O)NC1CC2=C(Cc3c[nH]c4cccc2c34)N(C)C1,8.485456466674805,8.415810585021973,8.450633525848389
Oc1cc2c(OCCNCc3ccccc3)ccc(Cl)c2[nH]1,8.818074226379395,7.795685768127441,8.306879997253418
Oc1ccc(-n2c(O)cc(Sc3[nH]c(-c4ccccc4)nc3C3CCCCN3)c2O)cc1,6.482978820800781,6.647576332092285,6.565277576446533
Oc1ccc2c(-c3ccnc(Nc4ccccc4)n3)c(-c3ccc(F)cc3)nn2n1,6.765742778778076,5.791841506958008,6.278792142868042
CN1CCc2c(sc3ncn(CCN4CCN(c5ccccc5OCCF)CC4)c(=O)c23)C1,7.513757705688477,7.167550086975098,7.340653896331787
CC(C)Oc1nc(Oc2ccccc2)ncc1C(=O)NCCCN1CCOCC1,6.283846855163574,6.154919147491455,6.219383001327515
O=C1NCCN1CCSc1nnc(-c2ccc3c(c2)CCC3)o1,6.3642401695251465,6.2758378982543945,6.3200390338897705
O=C(O)C1CCCN(C2CCN(CCCCC(c3ccccc3)c3ccc(F)cc3)CC2)C1,5.302350521087647,5.362089157104492,5.332219839096069
CNC1CCN(c2ccc(Nc3ncc(Cl)c(Nc4ccc5c(c4)OC(F)(F)O5)n3)cc2)C1,7.1852192878723145,5.923806667327881,6.554512977600098
O=C1COc2cc(C(=O)NC3CCC(CCN4CCN(c5cccc(Cl)c5Cl)CC4)CC3)ccc2N1,8.166361808776855,8.771050453186035,8.468706130981445
Cc1ccc2c(N3CCN(CCc4c(C)ccc5c4ccc(=O)n5C)CC3)cccc2n1,6.998298168182373,6.222384929656982,6.610341548919678
Oc1cnc2ccc(CCOCCCCN3CCN(c4cccc5cccc(F)c45)CC3)cc2c1,8.13931655883789,7.918498992919922,8.028907775878906
c1ccc2cc3c(cc2c1)CCNC31CCN(CCCc2c[nH]c3ccc(-n4cnnc4)cc23)CC1,7.220852851867676,5.646731376647949,6.4337921142578125
CC(C)Oc1ncc(C(F)(F)F)cc1Cl,6.669414043426514,6.704476356506348,6.686945199966431
COc1ccccc1N1CCN(CCCNC(=O)C23C4C5C2C2C3C4C52I)CC1,7.269611358642578,5.799759864807129,6.5346856117248535
CCCN(CCC1CCc2ccccc2N1)C1CCc2c(O)cccc2C1,7.983776569366455,8.266666412353516,8.125221490859985
COc1ccccc1N1CCN(CCCCn2c(O)nc3cc(Br)ccc32)CC1,8.093177795410156,8.138731002807617,8.115954399108887
CN1CCN(c2nccc3cc4c(cc23)N(C(=O)c2ccc(Cl)cc2)CC4)CC1,6.21704626083374,6.070610046386719,6.1438281536102295
Clc1cccc(N2CCNCC2)c1Cl,6.961555004119873,5.804415225982666,6.3829851150512695
CN(C)C1CC(c2ccc(Cl)cc2)c2ccc(F)cc2N1,6.955502510070801,6.305916786193848,6.630709648132324
CCCN(CCC)C1CCc2c(cccc2-c2ccccc2)C1,7.303905487060547,7.553221225738525,7.428563356399536
Oc1cccc2ccc(OCCCCN3CCN(c4cccc5cccc(F)c45)CC3)nc12,8.430891990661621,8.180224418640137,8.305558204650879
Cc1cc(C(F)(F)F)nn1C1CCN(CCCOc2ccc(F)c3ccccc23)CC1,6.897771835327148,6.978030204772949,6.937901020050049
CC1=NC2=CCCCN2C(=O)C1CCN1CCC(c2noc3cc(F)ccc23)CC1,7.276122093200684,7.392762184143066,7.334442138671875
CCN(CC)C1CCc2cc(O)ccc2C1,7.433551788330078,8.194549560546875,7.814050674438477
Oc1ccccc1C1=CCN(CCCCc2ccc3c(c2)OCO3)CC1,7.690975666046143,8.620645523071289,8.155810594558716
OC1(c2ccc(Cl)c(Cl)c2)CC2CCC(C1)N2Cc1coc2cc(F)ccc12,7.870075702667236,8.656855583190918,8.263465642929077
c1ccc(OCCNCC2COCCC2)cc1,6.55641508102417,5.880009174346924,6.218212127685547
CC(=O)c1ccc(OCCCN2CCC(n3c(O)nc4cc(Cl)c(Cl)cc43)CC2)cc1,7.471608161926269,7.222521305084228,7.347064733505248
CCCN1CCC=C(c2ccc(Nc3nc(Nc4ccccc4C(N)=O)c4cc[nH]c4n3)c(C)c2)C1,7.050619125366211,5.90915060043335,6.47988486289978
CN1CCc2[nH]c(C#CCCN3CCC(Cc4ccccc4)CC3)cc2C1,5.463479518890381,6.925114154815674,6.194296836853027
CN1CCc2ccc(C(c3n[nH]c4ccc(N)cc34)N3CCN(Cc4ccccc4)CC3)cc2C1,6.177770137786865,6.594042778015137,6.385906457901001
CN1CCN(CCCN(Cc2ccccc2)S(=O)(=O)c2ccc(-c3ccccc3)cc2)CC1,5.981415748596191,5.76009464263916,5.870755195617676
N#CCCN(CCCN1CCN(c2cccc(Cl)c2Cl)CC1)C1CCc2c(O)cccc2C1,8.123233795166016,7.691810607910156,7.907522201538086
Oc1nc2c(O)ccc(C(O)CNCCSCCOCCn3ccc4ccccc43)c2s1,6.563256740570068,7.940235137939453,7.251745939254761
NC(=O)c1ccc(NCC2CCN(S(=O)(=O)c3cccs3)CC2)cc1,7.200476169586182,5.534327983856201,6.367402076721191
COc1ccccc1N1CCN(CCCCCNC(=O)C=Cc2ccccc2)CC1,7.56961727142334,8.09689998626709,7.833258628845215
Cc1ncoc1-c1nnc(SCCCN2CC3CC3(c3ccc(C(F)(F)F)cc3)C2)n1C,6.68971061706543,8.816180229187012,7.752945423126221
COc1ccccc1N1CCN(CCCCN2C(=O)CC(c3ccc(Cl)cc3)CC2=O)CC1,6.914128303527832,7.57239294052124,7.243260622024536
C=C(c1ccc(F)cc1)C1CCN(CCCNC(=O)c2cccc3ccccc23)CC1,6.37782096862793,6.590607643127441,6.4842143058776855
O=C(O)CCCCN1CCN(c2cccc(Cl)c2Cl)CC1,7.776693820953369,7.243442058563232,7.510067939758301
O=C1CCc2ccc(OCCCCN3CCN(c4cc(C(F)(F)F)nc(C(F)(F)F)n4)CC3)nc2N1,7.875967979431152,7.986448287963867,7.93120813369751
COc1cc2c(cc1OC)N(Cc1ccc(OCCCN3CCCCC3)cc1C)CC2,6.2921905517578125,6.492512226104736,6.392351388931274
CN1CCN(C2=Nc3cc(Cl)ccc3Nc3ccccc32)CC1,6.543483257293701,7.039327621459961,6.791405439376831
O=C(CCCc1ccccc1)NCCCN1CCN(c2cccc(Cl)c2Cl)CC1,7.6251091957092285,6.76584529876709,7.195477247238159
C#Cc1ccc(NC(=O)NCCCN2CCC(c3cccc(OC)c3OC)CC2)cc1,7.2987961769104,6.159661769866943,6.729228973388672
COc1ccccc1N1CCN(CCc2ccc3n[nH]c(-c4ccc(C#N)nc4)c3c2)CC1,7.55097770690918,6.849234580993652,7.200106143951416
C=CCN1C(=O)C2CCCCC2C1=NCC1CNCC2,,,
Cc1cc(C2=NC3(CCCCC3)N(C)C(=O)N2C)ccc1O,7.533693313598633,7.089263439178467,7.31147837638855
COc1cccc(CC(NC(=O)N2CCC(N3C(=O)c4ccccc4C3=O)CC2)C(=O)N2CCC(N3CCCCC3)CC2)c1,6.231903553009033,5.869819164276123,6.050861358642578
O=C1CCc2cc(C(=O)N3CCC(CO)(C(F)(F)F)CC3)ccc2N1,6.576733589172363,7.171572685241699,6.874153137207031
O=C(Nc1ccc(CCCO)cc1)c1cc2cc3cc(C(F)(F)F)ccc3nc2o1,5.94984245300293,5.875997066497803,5.912919759750366
O=C1Nc2ccc(Br)cc2C1C1=Nc2ccccc2C1=NO,6.423019886016846,5.125284194946289,5.774152040481567
COc1ccccc1N1CCN(Cc2ccc(CN3CCCC3=O)n2C)CC1,7.3127665519714355,6.252074241638184,6.78242039680481
CC1=C(C(=O)NCCCN2CCC(c3ccc(F)cc3)CC2)C(c2ccc(F)c(F)c2)CC(=O)N1C,6.309169292449951,6.604016304016113,6.456592798233032
COc1ccccc1N1CCN(CCn2c(=O)[nH]c3scc(-c4ccccc4)c3c2=O)CC1,7.400603294372559,7.296258926391602,7.34843111038208
O=C(NCC=CCN1CCN(c2cccc(Cl)c2Cl)CC1)c1ccc2c(c1)CCC2,7.964910507202148,8.672706604003906,8.318808555603027
COc1ccccc1N1CCN(CCN(C(=O)C23CCC(CF)(CC2)C3)c2ccccn2)CC1,6.673200607299805,6.515334129333496,6.59426736831665
COc1ccc(-c2ccc(F)cc2)nc1NCCCN1CCN(c2nsc3ccccc23)CC1,7.287222862243652,7.458139419555664,7.372681140899658
CCCN(CCCCCN1CCN(c2ccccc2OC)CC1)c1ccc(C)cc1,7.541460037231445,6.8820624351501465,7.211761236190796
N#Cc1c(N)nc(SCCN2CC3c4ccccc4CCc4cccc(c43)C2)cc1I,6.484450817108154,7.461546897888184,6.972998857498169
COc1ccc(NC(=O)Nc2ccc(-c3csc4c(-c5cnn(CC(O)CO)c5)cnc(N)c34)cc2)cc1,5.742836952209473,4.635549068450928,5.1891930103302
Oc1ccc2c(c1)OC(CNCCCOc1cccc3[nH]ccc13)CC2,9.629047393798828,8.76357364654541,9.19631052017212
COc1ccccc1N1CCN(CCCCCNS(=O)(=O)c2cccc3cccnc23)CC1,8.061128616333008,7.394505500793457,7.727817058563232
O=C(NCCc1ccc2c(c1)OCO2)c1ccc(-c2ccsc2)cc1,6.13435697555542,6.890590190887451,6.5124735832214355
CC(C)c1ccccc1N1CCN(CCN2C(=O)CC3(CCCC3)CC2=O)CC1,7.618804931640625,8.312577247619629,7.965691089630127
COc1ccccc1N1CCN(CCCCNS(=O)(=O)Cc2ccccc2)CC1,7.372720718383789,7.370891094207764,7.371805906295776
Cc1nc2ccc(NCCN3CCN(c4cccc5c4CCCC5)CC3)cc2o1,7.974179744720459,6.036284446716309,7.005232095718384
Cc1ccc2c(c1)c(CC(=O)NCCCN1CCN(c3ccccc3OC(F)F)CC1)c(C)n2C,6.4818549156188965,6.705101013183594,6.593477964401245
O=C(NC1CCN(CCCN2c3ccccc3Sc3sc(=O)n(Cc4ccc5ccc(F)cc5c4)c32)CC1)c1ccccc1,6.888264656066895,6.844224452972412,6.866244554519653
COc1ccccc1N1CCN(Cc2cn(-c3ccc(Cl)cc3)c3nc(C)ccc23)CC1,7.213351249694824,5.8438215255737305,6.528586387634277
NCCCOc1cc(-c2ccc(Nc3nc4ccccc4o3)cc2)c2c[nH]c(O)c2c1,7.252196311950684,6.301874160766602,6.777035236358643
Cc1ccsc1C1C(=O)Nc2ccc(-c3cccc(Cl)c3)cc2N1C,6.254417419433594,5.273245334625244,5.763831377029419
C=CCc1c(F)cccc1-c1ccc(OCCOC)c(C(=O)NCCCN2CCN(c3cccc(Cl)c3Cl)CC2)c1,6.609744071960449,7.369889736175537,6.989816904067993
CCCN(CCC)C1CCc2c(O)cccc2C1,8.197704315185547,8.453038215637207,8.325371265411377
CN1CCN(C2Cn3cccc3Sc3ccc(F)cc32)CC1,8.455343246459961,8.19658088684082,8.32596206665039
COc1ccccc1N1CCN(CCCCNC(=O)c2cc3ccccn3n2)CC1,7.175564289093018,8.398908615112305,7.787236452102661
Cc1c2ccc(N(C)c3ccnc(Nc4cccc(S(N)(=O)=O)c4)n3)cc2nn1C,5.983470916748047,6.576577186584473,6.28002405166626
CN(C)C1CCC(COc2nc3ccccc3cc2C=Cc2cccc(Br)c2)CC1,5.745831489562988,6.890080451965332,6.31795597076416
COc1ccc(CNc2nc(N(CCO)CCO)nc3c2ncn3C(C)C)cc1,6.108548641204834,5.924030780792236,6.016289710998535
C[N+]1(CCCOc2ccc(C#N)cc2)CCN(CCCCOc2ccc(F)cc2)CC1,6.64000129699707,7.609955787658691,7.124978542327881
COc1ccccc1N1CCN(CCn2c(O)c3c(c2O)CCCC3)CC1,7.665441989898682,7.450973987579346,7.558207988739014
Cc1cc2c(OCC(O)CN3CCC(c4cccc5ccccc45)CC3C)cccc2[nH]1,6.253401279449463,6.332942008972168,6.293171644210815
COc1ccc2[nH]c(C(=O)C3CCCN(C4=NCCCS4)C3)cc2c1,5.486999034881592,4.658580303192139,5.072789669036865
COc1cccc(N2CCN(CCCCn3c(O)nc4ccccc43)CC2)c1,7.094555854797363,7.533153533935547,7.313854694366455
O=C1c2ccccc2C(=O)N1CCCCN1CCN(c2nsc3ccccc23)CC1,7.301870346069336,7.490525245666504,7.39619779586792
COc1ccc2[nH]cc(CCNC(=O)CCN3CCN(c4ccccc4OC)CC3)c2c1,7.559010982513428,6.353625774383545,6.956318378448486
COc1ccccc1N1CCN(CCCCNC(=O)c2ccc(-c3ccccn3)cc2)CC1,7.073938846588135,8.78824234008789,7.931090593338013
CN1CCN(C2Cn3cccc3Sc3ccc(F)cc32)CC1,8.455343246459961,8.19658088684082,8.32596206665039
Brc1ccc(-c2nc(-c3ccccn3)no2)o1,3.783978939056397,7.041654109954834,5.412816524505615
Oc1nc2c(O)ccc(C(O)CNCCc3ccc(CNCCc4ccccc4Cl)cc3)c2s1,6.120842456817627,6.816540241241455,6.468691349029541
O=C1N(CC2CCN(CC3COc4ccccc4O3)CC2)CCN1c1ccccc1,7.41861629486084,6.921733856201172,7.170175075531006
COc1ccccc1N1CCN(CCCCc2ccc3c(c2)sc(=O)n3Cc2ccc(F)cc2)CC1,7.591485023498535,7.354988098144531,7.473236560821533
COc1ccccc1N1CCN(CCCCN2C(=O)c3ccc(Cl)cc3C2=O)CC1,7.415359020233154,8.0363130569458,7.7258360385894775
Cn1c(-c2ccc(Cl)cc2Cl)ccc(C#N)c1=O,6.652183532714844,4.967393398284912,5.809788465499878
CCN1CCN(CCCCOc2ccc3c(c2)-c2n[nH]c(-c4ccc(C#N)nc4)c2C3)CC1,7.302578926086426,7.842884063720703,7.5727314949035645
CCOC(=O)Nc1ccc(CCN2CCN(c3cccc4nc(C)ccc34)CC2)cc1,7.472739696502685,6.5027947425842285,6.987767219543457
OC(CN1CCN(CCCc2c[nH]c3ccc(-n4cncn4)cc23)CC1)c1ccccc1,5.949244976043701,6.425829887390137,6.187537431716919
CN(C(Cc1ccc(OS(=O)(=O)c2cccc3cnccc23)cc1)C(=O)N1CCN(c2ccccc2)CC1)S(=O)(=O)c1ccc(F)cc1,6.392945766448975,6.086946964263916,6.239946365356445
COc1ccccc1N1CCN(CCCCc2ccc3c(c2)sc(=O)n3CCN2CCC(C(=O)c3ccc(F)cc3)CC2)CC1,8.005274772644043,7.863858222961426,7.934566497802734
CCCCN(CCCC)C1CCc2c(F)cccc2C1,7.492838382720947,7.34794807434082,7.420393228530884
Cc1ccc2c(c1)C(N1CCN(CCCN3CCN(c4ccccc4OCCF)CC3)CC1)CCC2,6.863224029541016,6.459958076477051,6.661591053009033
CC(C)Oc1ccccn1,7.948762893676758,6.117956638336182,7.03335976600647
O=C1NCC2(CCCN2C(=O)c2ccccc2)O1,7.666837692260742,5.9838972091674805,6.825367450714111
O=C1N(CC2CCCCN2)CCN1c1cccc(Cl)c1,8.424148559570312,7.928057193756103,8.176102876663208
CCCN(CCC)C1CCc2c(F)cccc2C1,7.701069355010986,7.481559753417969,7.5913145542144775
CC1(C)CCCN(CCCC2CCC(NC(=O)c3cccc(C#N)c3)CC2)CC1,5.565199851989746,7.425570487976074,6.49538516998291
OC1(c2ccc(Cl)cn2)CC2CCC(C1)N2Cc1coc2ccc3c(c12)CCC3,7.6809539794921875,7.948553085327148,7.814753532409668
O=C(CCCN1CCN(c2ccccc2)CC1)c1ccc(F)cc1,7.815208911895752,7.074316024780273,7.444762468338013
O=C(NCc1ccncc1)c1cc2ccc3ccccc3c2o1,5.12596607208252,5.100472450256348,5.113219261169434
O=C(NC1CCC(CCN2CCN(c3cccc(Cl)c3Cl)CC2)CC1)c1ccc2nc(O)c3c(c2c1)CCCC3,7.865242004394531,8.712259292602539,8.288750648498535
COC(=O)c1ccccc1N1CCN(CCCC2CCC(NC(=O)c3ccc4ccccc4c3)CC2)CC1,6.846309185028076,7.403678894042969,7.1249940395355225
O=C(CCCN1CCC2C(C1)c1cccc3c1N2CCS3)c1ccc(F)cc1,8.01286506652832,7.05819034576416,7.53552770614624
COc1ccc2[nH]cc(CCN)c2c1,5.983126163482666,5.595016956329346,5.789071559906006
FC(F)(F)c1ccccc1-c1cncnc1N1CCNCC1,5.82657527923584,4.712840557098389,5.269707918167114
Oc1nc2cc(CCCCN3CCN(c4cccc(Cl)c4Cl)CC3)ccc2[nH]1,8.438214302062988,8.153016090393066,8.295615196228027
Fc1ccc(N2CCN(CCc3ccc4nn[nH]c4c3)CC2)cc1,6.638694286346436,5.841485977172852,6.2400901317596436
COc1ccccc1N1CCN(CCCCc2ccc3c(c2)sc(=O)n3CCCN2CCN(C(c3ccccc3)c3ccccc3)CC2)CC1,7.200691223144531,7.412534713745117,7.306612968444824
COc1ccccc1N1CCN(CCC(=O)c2ccc3c(c2)N(C(=O)c2ccccc2)CC3)CC1,7.120073318481445,6.5919575691223145,6.85601544380188
COc1cc(N)c(Cl)cc1C(=O)NC1CCN(Cc2ccccc2)CC1,7.912027835845947,7.18946647644043,7.5507471561431885
CCCN(CCCCCCCN(CC)C1CCc2c(O)cccc2C1)C1CCc2nc(N)sc2C1,7.827906608581543,8.87293529510498,8.350420951843262
CC(C)CC(NC(=O)C(C)(C)Oc1ccc(Cl)cc1)C(=O)Nc1cccnc1,6.062572956085205,5.269015789031982,5.665794372558594
C=CCN1CCCC(c2cccc(O)c2F)C1,6.51338529586792,6.44795560836792,6.48067045211792
COc1c(Br)ccc2oc(C3CCN(C(=O)CCN4CCN(c5ccccc5OC)CC4)CC3)nc12,6.274422645568848,6.156220436096191,6.2153215408325195
Clc1ccccc1N1CCN(CCCCNc2ncccc2-c2ccsc2)CC1,7.983011245727539,8.27405071258545,8.128530979156494
CCC(=O)NC1CCc2cc(CCN3CCN(c4nsc5ccccc45)CC3)ccc21,7.474533081054687,6.754190444946289,7.114361763000488
COc1cccc2c1CCCC2NCCCN1CCN(c2nsc3ccccc23)CC1,6.811586380004883,7.26224946975708,7.0369179248809814
CCCN(CCC1CCC(NC(=O)c2ccccc2F)CC1)C1CCc2c(O)cccc2C1,7.83936595916748,8.458211898803711,8.148788928985596
CCC1CN2CCc3cc(OC)c(OC)cc3C2CC1CC1NCCc2cc(OC)c(OC)cc21,5.677109718322754,6.7533793449401855,6.21524453163147
COc1ccccc1N1CCN(CCCCCn2nc(CCCN3CCN(c4ccccc4OC)CC3)c3c(C)cccc32)CC1,7.898190498352051,7.246259689331055,7.572225093841553
O=C(CCCN1CC=C(n2c(O)nc3ccccc32)CC1)c1ccc(F)cc1,8.367292404174805,7.846202850341797,8.1067476272583
COc1cccc(C(=O)NCCCCN2CCN(c3cccc(C(F)(F)F)c3)CC2)c1,6.767416477203369,8.367582321166992,7.567499399185181
O=C1CC2(CCCC2)CC(=O)N1CCCCN1CCN(c2nsc3ccccc23)CC1,7.483761787414551,8.605361938476562,8.044561862945557
COc1ccc(NC(=O)c2cccc(C(F)(F)F)c2)cc1-c1[nH]nc(C)c1C,6.705303192138672,5.890165328979492,6.297734260559082
OC(CN1CCC2=C(Cc3ccccc32)CC1)Cn1cnc2cc3c(cc21)OCO3,6.394385814666748,6.058280944824219,6.226333379745483
COc1ccc(-c2cnc(N3CCN(C4CCN(CC5CCCCC5)CC4)CC3)nc2)cn1,5.22065019607544,5.844107627868652,5.532378911972046
CC(C)CC(NC(=O)CC(C(=O)O)N1C(=O)C(N2CCCCC2)CC1)C(F)(F)F,7.324214935302734,7.137804985046387,7.2310099601745605
CN(C)C(=O)CCc1ccc(N2CCC(Cc3cnc[nH]3)CC2)c(Cl)c1,6.853354454040527,6.308897495269775,6.581125974655151
CC(C)CN(CC(O)C(Cc1ccccc1)NC(=O)CCCc1c[nH]c2ccccc12)C(N)=O,7.360743522644043,6.041526317596436,6.701134920120239
COc1ccc2[nH]cc(CCNc3ncncc3-c3ccccn3)c2c1,5.878007411956787,5.554004669189453,5.71600604057312
COc1cc(N)c(Cl)cc1C(=O)OCCN1CCC(c2cc(Cl)cc(Cl)c2)CC1,7.729455947875977,6.442995548248291,7.086225748062134
O=C(NCCCCN1CCC(Oc2ccc(Cl)cc2)CC1)c1cc2ccccc2o1,6.251934051513672,8.032766342163086,7.142350196838379
SC1=NC2(CCCC2)C(=O)N1CCN1CCN(c2cccc(Cl)c2Cl)CC1,7.828831672668457,8.221405029296875,8.025118350982666
Cc1ccc2[nH]c(C(=O)O)c(NC(=O)c3cc4ccccc4[nH]3)c2c1,6.076247692108154,5.983893871307373,6.030070781707764
Cc1ncoc1-c1nnc(SCCCN2CCc3cc4ccsc4nc3C2)n1C,5.982339382171631,7.44064998626709,6.71149468421936
COc1cccc(OC)c1C1CC1CN,6.264224052429199,7.85415506362915,7.059189558029175
COc1ccccc1N1CCN(CCCCCC(=O)NC2CCCc3ccccc32)CC1,7.257094860076904,7.417774200439453,7.337434530258179
CN(CCCN1CCCCC1)CC12CCCc3ccccc31,,,
Cc1cc(C)cc(OCCCNCC2CCc3ccc(O)cc3O2)c1,9.069084167480469,7.593816757202148,8.331450462341309
O=C1Cc2c([nH]c3ccc(Br)cc23)-c2cccc(OCCN3CCN(CC=Cc4ccccc4)CC3)c2N1,7.89910364151001,7.373098373413086,7.636101007461548
Oc1occ2ccc(OCCCCN3CCN(c4cccc5c4COCC5)CC3)cc12,7.592671394348144,7.773713111877441,7.683192253112793
O=C(NC1CCCC1)c1ccc2nc(-c3ccccc3)c[nH]2,,,
NCCCN1c2cccc(O)c2CCc2ccccc21,6.372341632843018,7.01557207107544,6.6939568519592285
CCCN(CCC)C1CCc2c(O)cccc2C1,8.197704315185547,8.453163146972656,8.325433731079102
O=C(NCCCN1CCCC1=O)c1cnc(Nc2ccccc2C(F)(F)F)nc1N1CCC(Cc2ccc(F)cc2)CC1,7.911164283752441,6.839819431304932,7.3754918575286865
CCCN(CCC)C1CCc2c(cccc2-c2ccccc2OCC)C1,7.205808639526367,7.433188915252685,7.319498777389526
COc1cccc(OC)c1CN1CCC(N2CCN(c3cccc(Cl)c3Cl)CC2)CC1,5.924841403961182,6.230594158172607,6.0777177810668945
Cc1ccc2c(N3CCN(CCc4c(C)ccc5[nH]c(SCC(=O)O)nc45)CC3)cccc2n1,6.961527347564697,5.357014179229736,6.159270763397217
CCOc1ccccc1N1CCN(CCCCOc2ccc3c(O)nc(C)nc3c2)CC1,8.029091835021973,8.05308723449707,8.041089534759521
COc1ccccc1N1CCN(CCCCNC(=O)C=Cc2ccc(C(C)=O)cc2)CC1,7.372584819793701,8.610424041748047,7.991504430770874
Cc1ccc(Cn2ncc(N3CCN(CCCC(=O)N4CC5CCc6c(O)cccc6C54)CC3)c2Cl)cc1,6.7467217445373535,7.086428642272949,6.916575193405151
CC=C1N=C(COCCN)C(C(=O)NCCCN2CCC(c3ccccc3)(c3ccccc3)CC2)C(c2ccc([N+](=O)[O-])cc2)C1C(N)=O,6.017502307891846,6.059200763702393,6.038351535797119
CC(C)(C)c1nc(N2CCN(CCCCn3cc(C(=O)NCc4ccccn4)nn3)CC2)cc(C(F)(F)F)n1,6.3652024269104,7.678885459899902,7.022043943405151
CC(C)(C)c1ccc(N2CCN(CCC3(c4ccccc4)CCC(=O)NC3)CC2)cc1,6.575246334075928,7.284611701965332,6.92992901802063
COc1cccc(OC)c1OCCNCC1COc2cccc(Cl)c2O1,6.634368419647217,7.823073863983154,7.2287211418151855
O=C(NCCCN1CCN(c2nsc3ccccc23)CC1)c1cc2ccc(Cl)cc2[nH]1,6.777864456176758,7.546293258666992,7.162078857421875
CC#CC1=CCC(N(CCC)CCCC)CC1,6.457966327667236,6.346689224243164,6.4023277759552
O=C1c2ccccc2CCN1CCSc1nnc(-c2cccnc2)n1CCC1CCCO1,6.068284034729004,6.756075859069824,6.412179946899414
O=C(NCCCCN1CCN(c2cccc(Cl)c2Cl)CC1)c1cccc2c1CCCC2,7.986655712127685,8.60279369354248,8.294724702835083
COc1cccc(CN2CCC(NC(=O)c3cccc(OCCCCN4CCN(c5ccccc5OC)CC4)c3)CC2)c1,7.114131450653076,7.6577959060668945,7.385963678359985
COc1ccc2c(c1)CCN(CCCCN1CCN(c3cccc(C(F)(F)F)c3)CC1)C2=O,6.497033596038818,8.145167350769043,7.321100473403931
Cc1ccc2c(-c3nnc(SCCCN4CCc5cc6nc(-c7cc(O)ncc7c6c5CC4)n3C)cccc2n1,,,
Oc1ccc2[nH]cc(CCCCN3CC=C(c4ccccc4)CC3)c2c1,8.44819450378418,8.916884422302246,8.682539463043213
CCN(CC)CC#CCOC(=O)C(O)(c1ccccc1)C1CCCCC1,5.651339054107666,5.894092559814453,5.77271580696106
COc1ccccc1N1CCN(CCOc2ccc(C3CCCNC3)cc2OC)CC1,6.847571849822998,6.5205912590026855,6.684081554412842
CCCN(CCN(C)C)C1CCc2ccc3[nH]cc(C=O)c3c2C1,6.4080095291137695,6.4821977615356445,6.445103645324707
COc1ccccc1N1CCN(CCCCc2ccc3nc(O)c4cccn4c3c2)CC1,8.34136962890625,7.660654067993164,8.001011848449707
Clc1ccc(-c2nc(-c3ccccn3)no2)cc1Cl,4.544142723083496,6.615354537963867,5.579748630523682
CN1CCN(C2=Nc3cc(Cl)ccc3Nc3ccccc32)CC1,6.543483257293701,7.039327621459961,6.791405439376831
CC(C)(Cc1ccc2ccccc2c1)NCC(O)COc1ccccc1C#N,5.684303283691406,5.461215019226074,5.57275915145874
CCCN(CCC)C1CCc2c(ccc(O)c2C)C1,7.562500953674316,8.087372779846191,7.824936866760254
Oc1[nH]cc2cc(F)c(OCCCCN3CCN(c4cccc5cccc(F)c45)CC3)cc12,8.246258735656738,7.938355445861816,8.092307090759277
COc1ccccc1N1CCN(CCCCNC(=O)C=Cc2ccc(O)cc2)CC1,7.892439842224121,9.048818588256836,8.470629215240479
O=C1N(CCN2CCCC2)CCN1c1cccc(Cl)c1,7.635796070098877,8.113004684448242,7.87440037727356
CCN(CC)CCC(=O)c1ccc(OC)c(OC)c1,6.24675178527832,6.320212841033936,6.283482313156128
CCCN(CCC)C1CCc2nc(N)sc2C1,6.720566272735596,8.426815032958984,7.57369065284729
CC(C)NCC(=O)Nc1ccc(CN2C(=O)CN(C3CCCCC3)C2=O)cc1,6.392842769622803,6.222959995269775,6.307901382446289
CCOCCCN1CCN(c2ccc(Cl)cc2)CC1,5.460409164428711,6.107147216796875,5.783778190612793
C(=Cc1cncc(OC2CCNC2)c1)c1ccncc1,4.853218078613281,5.699880123138428,5.2765491008758545
Cc1ccc2c(CCNCCCSc3ccc(S(N)(=O)=O)cc3)c[nH]c2c1,7.266375541687012,7.933365821838379,7.599870681762695
O=C(CCCCN1CCN(c2ncnc3c2oc2ccccc23)CC1)c1ccc(F)cc1,7.099465370178223,7.158385753631592,7.128925561904907
COc1ccccc1N1CCN(Cc2ccc3nc(O)c4cccn4c3c2)CC1,8.045541763305664,6.399039268493652,7.222290515899658
Cc1cccc(C(=O)NC2CCN(CCCc3c[nH]c4ccc(-n5cnnc5)cc34)CC2)c1C,7.110686302185059,6.1917572021484375,6.651221752166748
CCc1cc(O)cc2c1CCCC2CN(C)CCc1ccc(Cl)c(Cl)c1,7.314565658569336,6.884577751159668,7.099571704864502
O=C(NCC1CCCN1C(=O)C1CCCN1)c1ccccc1-c1ccccc1,6.438449382781982,7.178343296051025,6.808396339416504
CCCCCCCCOC(=O)c1cccc(S(=O)(=O)N2CCN(CC)CC2)c1,6.195428848266602,4.426671981811523,5.3110504150390625
CNCC(=O)NCCCC1CCN(c2nc(-c3ccncc3)cs2)CC1,5.754165172576904,6.338446140289307,6.0463056564331055
CCN(CC)CCCN1c2ccccc2Oc2ccc(Cl)cc21,6.899889945983887,6.431694507598877,6.665792226791382
Oc1[nH]cc2ccc(OCCCN3CCN(c4cccc5cccnc45)CC3)cc12,8.214871406555176,7.997002601623535,8.105937004089355
O=C1CC2(CCCC2)CC(=O)N1CCCCN1CCN(c2cc(Cl)cc(Cl)c2)CC1,7.101740837097168,9.07686996459961,8.089305400848389
CCCNC(=O)C1Cc2ccc(cc2)OCCCCCC(C(O)=NO)=C(CCC)C(O)N1,7.314727306365967,4.7846503257751465,6.049688816070557
O=C(NCC1CCN(CCCc2c[nH]c3ccc(-n4cnnc4)cc23)CC1)c1ccc2ccccc2c1,6.583420276641846,6.836535930633545,6.709978103637695
COc1ccccc1N1CCN(CCCN=C2COC(c3ccc(F)cc3)=N2)CC1,6.142011642456055,6.644875526428223,6.393443584442139
Oc1nc(CCCN2CC=C(c3ccccc3)CC2)nc2ccccc12,7.317204475402832,7.917126178741455,7.6171653270721436
CN1CCN(C2Cc3cc(Cl)ccc3Sc3ccc(-c4nnn(C)n4)cc32)CC1,8.726613998413086,7.417191982269287,8.071902990341187
Cc1ccc2c(OCCN3CCC(Cc4cccc(-c5cccc(CN6CCOCC6)c5)c4)CC3)cccc2n1,6.632666110992432,6.918715953826904,6.775691032409668
O=C(NCCC1CC1)C1CCCN(Cc2ccc(-n3ccnc3)cc2)C1,5.720340251922607,6.421656608581543,6.070998430252075
CC(C)(C)CC(=O)NCCCCCCNC(=O)C1CCCN1C(=O)C(CC1CCCCC1)NC(=O)c1cnc(Br)c(Br)c1,7.268697261810303,6.715469837188721,6.992083549499512
CCCCOc1ccc(-c2[nH]c(O)nc2O)cc1,7.578901290893555,6.941587448120117,7.260244369506836
C=CCN1CCc2cc(O)cc3c2C1Cc1ccc(O)c(O)c1-3,8.741942405700684,8.360031127929688,8.550986766815186
O=C1CC2(CCCC2)CC(=O)N1CCN1CCN(c2cccc(Cl)c2Cl)CC1,7.1862568855285645,8.44697380065918,7.816615343093872
O=C1OC(C(=O)N2CCN(c3ccccn3)CC2)CN1c1ccc(F)cc1,5.67828369140625,4.981662273406982,5.329972982406616
FC(F)(F)c1cccc(N2CCN(CCCCc3cccc4ccccc34)CC2)c1,7.100384712219238,6.784578323364258,6.942481517791748
COc1ccccc1N1CCN(CCCSc2nnc3c(Cl)cc4ncccc4n23)CC1,7.239229679107666,7.770569324493408,7.504899501800537
CCCN(CCN1CCN(c2ccnc3cc(Cl)ccc23)CC1)C1CCc2c(O)cccc2C1,7.796812534332275,8.927447319030762,8.362129926681519
O=C(NCc1ccccc1C(F)(F)F)C1CCCN(CCc2ccccc2)C1,6.002669334411621,6.080693244934082,6.041681289672852
CN1CCN(C2=Nc3cc(Cl)ccc3Nc3ccccc32)CC1,6.543483257293701,7.039327621459961,6.791405439376831
COc1ccccc1N1CCN(CCCCNC(=O)c2cc3ccccc3o2)CC1,7.030130386352539,8.543241500854492,7.786685943603516
CNCC(O)c1ccc(O)c(O)c1,3.699587821960449,5.903916835784912,4.801752328872681
CCCOc1ccccc1N1CCN(CCCCn2c(C)nc3c(sc4ccc(OC)cc43)c2=O)CC1,6.798037052154541,7.542105674743652,7.170071363449097
Cc1cccc(N2CCN(CCCCCCN3CCN(c4cccc(Cl)c4Cl)CC3)CC2)c1C,8.01090145111084,7.3451690673828125,7.678035259246826
COc1cc(OC)c(C(=O)NC2CCN(Cc3ccccc3)C2=O)cc1Cl,6.639251708984375,6.28047513961792,6.4598634243011475
CN1CC=CC(c2nsnc2SCCCCCCCSc2nsnc2C2C=CCN(C)C2)C1,6.715799331665039,6.511974334716797,6.613886833190918
O=C1N(CCN2CCc3ccccc3C2)CCN1c1cccc(Cl)c1,6.83345365524292,7.647637367248535,7.2405455112457275
O=C(NCC=CCN1CCN(c2cccc(Cl)c2Cl)CC1)c1cc2c(cc1O)OCO2,7.957217693328857,8.639759063720703,8.29848837852478
N#Cc1ccccc1CN1CCN(CCCCNC(=O)c2cc3ccccc3[nH]2)CC1,5.762763500213623,8.383981704711914,7.0733726024627686
Fc1ccc2[nH]c3c(c2c1)CN(CCCSc1nnc(-c2cncnc2)n1CCC3,,,
O=C(NCCN1CCCC1)c1ccc2c(Cl)c3c(nc2c1)CCC3,7.43723201751709,7.665569305419922,7.551400661468506
CN(Cc1ccoc1)C(=O)C1Cc2c(cc3c[nH]c4c3c2C=CC4)N(C)C1,7.296396255493164,6.416365623474121,6.856380939483643
COc1ccc(N2CCN(CCCCSc3nnc(-c4ccccc4)n3C)CC2)cc1,6.117123126983643,7.522818565368652,6.8199708461761475
O=C1NCN(c2ccccc2)C12CCN(Cc1cnn(-c3ccc(F)cc3F)c1)CC2,8.080163955688477,7.867752075195312,7.9739580154418945
Fc1cccc(Cl)c1-c1nc2c3ccc(Cl)cc3c3cc(Br)ccc3c2[nH]1,6.7674078941345215,5.742691993713379,6.25504994392395
CCCN1CCCC2c3cc(O)ccc3CCC21,6.716984748840332,8.038888931274414,7.377936840057373
Clc1ccccc1N1CCN(Cc2cccs2)CC1,6.589184284210205,6.368169784545898,6.478677034378052
COc1ccccc1N1CCN(CCCNC(=O)c2ccc(C(C)=O)cc2)CC1,7.093363285064697,7.248296737670898,7.170830011367798
O=C(NCC=CCN1CCN(c2cccc(Cl)c2Cl)CC1)c1cc2ccccc2[nH]1,7.233084678649902,9.19192600250244,8.212505340576172
COc1ccccc1N1CCN(CCCCOc2ccc3c(c2)NC(=O)CC3)CC1,8.793431282043457,7.612606048583984,8.20301866531372
CCCCN(CCCC)C1CCc2c(O)cccc2C1,7.942216396331787,8.147453308105469,8.044834852218628
COc1ccccc1N1CCN(CCCCN2C(=O)CC(C)(c3ccccc3)CC2=O)CC1,7.141951560974121,7.578574180603027,7.360262870788574
O=C(NCCC1CCN(Cc2ccccc2)CC1)c1cc2c(-c3ccccc3)[nH]nc2s1,6.360501289367676,7.258156776428223,6.809329032897949
CC(C)(C)OC(=O)NCCCCCN1CCN(c2nsc3ccccc23)CC1,8.35701847076416,6.903920650482178,7.630469560623169
Oc1nc2ccccc2n1C1CCN(CCCCc2ccccc2)CC1,7.152135848999023,7.235579013824463,7.193857431411743
NCCc1c[nH]c2ccc(OCCCCCCC(=O)N3CCCCC3)cc12,7.075035572052002,6.210261344909668,6.642648458480835
O=C(NC1CCC(CCN2CCN(c3ccc(F)cc3)CC2)CC1)C(F)(F)F,7.982342720031738,8.444300651550293,8.213321685791016
CC(C)(C)c1nc2ccccc2n1CCCCN1CCN(c2nccc3ccccc23)CC1,6.193175315856934,7.513012886047363,6.853094100952148
Oc1nc2ccccc2n1C1CCN(CCC(c2ccc(F)cc2)c2ccc(F)cc2)CC1,7.148003578186035,6.30661678314209,6.7273101806640625
O=C1NCCN1CCN1CCC(c2cn(-c3ccc(F)cc3)c3ccc(Cl)cc23)CC1,7.742376327514648,6.38731050491333,7.064843416213989
O=C(NCCCCN1CCN(c2cccc(Cl)c2Cl)CC1)c1ccco1,7.382116317749023,8.881817817687988,8.131967067718506
NCCc1c[nH]c2ccc(OCCCCCNS(=O)(=O)c3ccc(-c4ccc(S(N)(=O)=O)cc4)cc3)cc12,7.46492862701416,8.092002868652344,7.778465747833252
COc1ccccc1N1CCN(CC2CCC(c3cccc(C(=O)NCCCCN4CCN(c5ccccc5OC)CC4)c3)CC2)CC1,7.535843849182129,8.23164176940918,7.883742809295654
COc1ccccc1N1CCN(CCCCCNC(=O)c2ccc(I)cc2)CC1,7.848822593688965,7.872927188873291,7.860874891281128
CN1CCc2cc(Cl)c(O)cc2C2c3cccc(-c4cccs4)c3CCC21,6.759786128997803,7.268839836120605,7.014312982559204
COc1ccc2[nH]c(C3CCN(CCC4CCCc5ccccc5C4)CC3)cc2c1,6.824422359466553,6.726078033447266,6.775250196456909
CC(C)=S(O)(O)=Nc1ccc(-c2cc3c(NC4CCC(N)CC4)ncnc3o2)cc1,6.604630470275879,6.287610530853272,6.446120500564575
Oc1ccccc1-c1oc2ccc(O)cc2c1-c1ccc(O)c(O)c1,7.891880512237549,6.460461139678955,7.176170825958252
CCCCN(CCCC)CCCc1cnc[nH]1,5.502840042114258,5.1782426834106445,5.340541362762451
COc1cccc(C(=O)NCC2CCCN2Cc2ccccc2)c1,6.144466876983643,7.669288158416748,6.906877517700195
O=C(NCCC1CCNCC1)C1CCCN1C(=O)C1CC(O)CN1C(=O)CC(c1ccc(F)cc1)(c1ccc(F)cc1)c1ccc(Cl)cc1,6.636188983917236,6.470590114593506,6.553389549255371
Cn1c(=O)n(C2CCN(CCCc3c[nH]c4ccc(-n5cnnc5)cc34)CC2)c2ccccc21,6.997153282165527,6.117464542388916,6.557308912277222
COc1ccccc1N1CCN(C2CCC(N3C(=O)CCn4cccc43)CC2)CC1,6.378898620605469,6.771276473999023,6.575087547302246
O=C1CCc2ccc(OCCCCN3CCN(c4cccc5c4OCCO5)CC3)nc2N1,8.489714622497559,6.866333961486816,7.6780242919921875
COc1cccc(N2CCN(CCCCCC(=O)N=CC3Nc4ccc(O)cc4C(=O)N3c3cccc(C(F)(F)F)c3)CC2)c1,6.483628749847412,6.835026264190674,6.659327507019043
COc1ccc2ccn(CCCCN3CCN(c4ccccc4OC)CC3)c2n1,7.347141742706299,7.719544410705566,7.533343076705933
O=C(NC1CCC(CCN2CCN(c3cccc(Cl)c3Cl)CC2)CC1)C12CC3CC(CC(C3)C1)C2,6.906265258789063,8.19375991821289,7.550012588500977
CC(C)CC1C(=O)N2CCCC2C2(O)OC(NC(=O)C3Cc4c(cc5c[nH]c6c5c4C=CC6)N(C)C3)(C(C)C)C(=O)N12,8.890181541442871,9.544568061828612,9.217374801635742
O=C(NCCCCN1CCN(c2cccc(Cl)c2Cl)CC1)c1cc2ccccc2cn1,6.880761623382568,9.034953117370604,7.957857370376586
CCCN1CCCC1CNC(=O)c1c(O)c(I)cc(OC)c1OC,8.404388427734375,8.813130378723145,8.60875940322876
N#Cc1ccc2c(c1)C=C(N1CCN(Cc3c(F)cccc3F)CC1)c1ccccc1S2,7.558462142944336,6.902120113372803,7.230291128158569
COc1ccccc1N1CCN(CCCN=C2C(=O)N(C)N=C(C)C2C(C)=O)CC1,5.6169633865356445,5.968120574951172,5.792541980743408
CCc1cc(OCCCN2CCN(c3ccc(OC)cc3)CC2)ccc1C(=O)O,5.921480178833008,6.601454734802246,6.261467456817627
CC1CN(Cc2ccccn2)CCN1C(=O)c1ccc2sccc2c1,5.395968914031982,5.812278747558594,5.604123830795288
COc1ccccc1N1CCN(CCCCNC(=O)c2cc3ccccn3n2)CC1,7.175564289093018,8.398908615112305,7.787236452102661
Oc1[nH]cc2ccc(OCCCN3CCN(c4cccc5c4CCCC5)CC3)cc12,8.662344932556152,7.776519298553467,8.21943211555481
C#CCN(CC=C)C1C=c2ccc(OC)cc2=C1,6.349195957183838,5.406195640563965,5.877695798873901
CCc1cc(N2CCN(C(=O)C3CC3)CC2)[nH]n1,5.6870832443237305,6.51931619644165,6.10319972038269
Clc1ccc(N2CCN(CCCCOc3ccc4ccccc4c3)CC2)cc1,6.52329158782959,7.622180461883545,7.072736024856567
CCCN(CCC)C1CCc2ccc3[nH]c(O)cc3c2C1,7.509315013885498,7.736579895019531,7.622947454452515
O=C(CCCN1CCC2(CC1)C(=O)NCN2c1ccccc1)c1ccc(F)cc1,9.175222396850586,8.254637718200684,8.714930057525635
Cc1nn(-c2cccc(Br)c2)c(O)c1C=c1c(C)c(C#N)c2nc3ccccc3n2c1=O,5.505546569824219,5.6915602684021,5.598553419113159
CC12OC(CC1(O)CO)n1c3ccccc3c3c4c(c5c6ccccc6n2c5c31)CNC4=O,5.586370944976807,5.966135501861572,5.7762532234191895
Cc1cccc(N2CCN(CCCOc3ccn4c(-c5ccccc5)cnc4c3)CC2)c1,6.4955034255981445,7.401639938354492,6.948571681976318
N#Cc1ccc(N2CCCC(NCC(=O)Oc3ccc4[nH]c(Br)cc4c3)C2)cc1,5.77625846862793,5.711848258972168,5.744053363800049
COc1ccccc1N1CCN(CCN(C(=O)C(C)(C)C)NC(=O)c2cc3ccccc3s2)CC1,6.618595600128174,6.718291282653809,6.668443441390991
CCCN(CCN1CCN(c2ccc(Cl)cc2)CC1)C1CCc2ccc(NS(=O)(=O)c3ccc(C(F)(F)F)cc3)cc2C1,6.307825088500977,7.571771144866943,6.93979811668396
CCCN(CCN1CCN(c2cccc(Cl)c2)CC1)C1CCc2c(O)cccc2C1,7.3895263671875,8.714975357055664,8.052250862121582
COc1cccc(C(=O)NCCN2CCC(c3noc4cc(F)ccc34)CC2)c1,6.761942863464356,6.54594087600708,6.653941869735718
CCCCN1CCN(C(=O)c2cccc(CN3CCN(c4ccccc4OC)CC3)c2)CC1,6.648926258087158,7.091776847839356,6.870351552963257
O=C1CCc2cc(C(=O)C3CCC(O)CC3)ccc2N1,6.222002983093262,5.529418468475342,5.875710725784302
N#Cc1ccccc1COCCCCOc1ccc2[nH]ccc2c1,7.557840824127197,7.144272327423096,7.3510565757751465
CC(=O)NCCCCN1CCN(c2nsc3ccccc23)CC1,8.007203102111816,7.2101969718933105,7.6087000370025635
O=C(CCCN1CCN(c2cccc(Cl)c2Cl)CC1)c1ccc(F)cc1,8.306028366088867,7.756631851196289,8.031330108642578
COc1ccccc1N1CCN(Cc2ccc(NC(=O)c3ccccc3Cl)cc2)CC1,7.805294990539551,6.4892120361328125,7.147253513336182
N=C(N)Nc1ccc2[nH]c3c(c2c1)CC1(O)C2Cc4ccc(O)c5c4C1(CCN2CC1CC1)C3O5,7.691596984863281,7.695897102355957,7.693747043609619
N#Cc1ccc2[nH]cc(CCCCN3CCN(c4ccc5oc(C(N)=O)cc5c4)CC3)c2c1,7.100305557250977,7.288533210754394,7.1944193840026855
COc1cccc(N2CCN(C(=O)CCCCCn3c(=O)[nH]c4c(sc5ccc(C(=O)NCCCN6CCN(c7ccccn7)CC6)cc54)c3=O)CC2)c1,6.788450241088867,6.763359546661377,6.775904893875122
COc1ccccc1N1CCN(CC(O)CNC(=O)c2cc3cc4ccccc4nc3[nH]2)CC1,6.316389560699463,7.2463297843933105,6.781359672546387
CN(C)C1CCc2c(sc3ncnc(NCC4CCCN4C)c23)C1,6.631420135498047,7.865383625030518,7.248401880264282
O=C(NCCCCN1CCN(c2cccc(Cl)c2Cl)CC1)c1cc2ccccc2[nH]1,7.3425798416137695,9.33303451538086,8.337807178497314
COc1ccc(-n2c(C)nc3c(N4CCCN(CC(=O)Nc5ccc(F)cc5F)CC4)nc(C4CCC(F)(F)CC4)nc32)cc1,6.076959609985352,5.260221004486084,5.668590307235718
CN1CC(C(=O)NC2(C)OC3(O)C4CCCN4C(=O)C(Cc4ccccc4)N3C2=O)Cc2c1cc1c[nH]c3c1c2C=CC3,8.42729377746582,8.79456901550293,8.610931396484375
COc1ccccc1N1CCN(CCCCNC(=O)c2cc3ccccc3o2)CC1,7.030130386352539,8.543241500854492,7.786685943603516
CCN(CCc1ccccc1)C1CCc2c(O)cccc2C1,8.199827194213867,7.666426658630371,7.933126926422119
Cc1cc2c(OCCN3CCC(Cc4cccc(-c5cccc(N=S(C)(=O)O)c5)c4)CC3)cccc2[nH]1,7.231441020965576,7.347381114959717,7.2894110679626465
CC1c2ccccc2N(C2CCN(CCCCOc3ccc(F)cc3)CC2)S1(=O)=O,7.474002838134766,7.170323371887207,7.322163105010986
O=C1COc2ccc(C(=O)NCCCN3CCN(c4cccc(Cl)c4Cl)CC3)cc2N1,6.920960426330566,7.497115135192871,7.209037780761719
COc1ccc(N2CCN(CCCCn3ncc(=O)n(C)c3=O)CC2)cc1,5.727477073669434,6.912222385406494,6.319849729537964
CCN(CC(=O)NC1CC(C)(C)Oc2nc(-c3ccccc3Cl)c(-c3ccc(Cl)cc3)cc21)C(=O)O,6.297970771789551,4.552034378051758,5.425002574920654
O=C(NN1CC=C(c2c[nH]c3ccccc23)CC1)C12CC3CC(CC(C3)C1)C2,6.159124374389648,7.629185676574707,6.894155025482178
CCCN(CCc1cccnc1)C1CCc2c(O)cccc2C1,7.898285388946533,8.324458122253418,8.111371755599976
Fc1ccc(OCCCN2CCN(c3nsc4ccccc34)CC2)cc1,7.673816680908203,8.012412071228027,7.843114376068115
CCCN(CCC)C1CCc2c(F)ccc(O)c2C1,7.845858573913574,8.5043306350708,8.175094604492188
Cc1c(-c2ccccc2)nsc1N1CCN(CCCC(C)(C)c2ccc(F)cc2)CC1,6.768695831298828,7.141889572143555,6.955292701721191
O=C(NCCCN1CCN(c2nsc3ccccc23)CC1)c1cc2ccccc2[nH]1,6.936480522155762,7.590213775634766,7.263347148895264
COc1cc(NC(=O)NC2CCC(C)CC2)c(Cl)cc1C(=O)NC1CCN(C2CCCCC2)CC1,7.259508609771728,8.350211143493652,7.80485987663269
Oc1cc2c(OCCCCN3CCN(c4cccc(Cl)c4Cl)CC3)ccc(Cl)c2[nH]1,9.141592025756836,8.682186126708984,8.91188907623291
Cc1cc(-c2cc(N3CCN(C)CC3)nc3[nH]ccc23)ccc1NC(=O)c1nccnc1Cl,5.713653087615967,5.278904438018799,5.496278762817383
CCCCCCCN1C(=O)C2(CCCC2)CC1c1ccc(OC)cc1,6.185962200164795,6.146792888641357,6.166377544403076
O=C(NCCCCCN1CCN(c2cccc(Cl)c2Cl)CC1)c1cccc2c1CCCC2,8.074602127075195,7.925884246826172,8.000243186950684
CC(C)(CN1CCC(n2c(-c3ccccc3)cc3ccccc32)CC1)C(=O)O,6.450899124145508,5.611564159393311,6.031231641769409
Nc1ccccc1NC(=O)c1ccc(CNCCc2c[nH]c3cc(F)ccc23)cc1,6.789409637451172,6.898430824279785,6.8439202308654785
O=c1cc(-c2ccccc2)oc2cc(O)cc(O)c12,6.582492828369141,7.199633598327637,6.891063213348389
Fc1ccc(CNCCN2CCN(c3ncccn3)CC2)cc1,5.864833354949951,5.904075622558594,5.8844544887542725
COc1ccccc1N1CCN(CCCCCNC(=O)c2cc(-c3cccc(F)c3)nc3ccccc23)CC1,7.007981300354004,7.623176097869873,7.3155786991119385
CC(C)CC1C(=O)N2CCCC2C2(O)OC(NC(=O)C3=CC4c5cccc6[nH]c(Br)c(c56)CC4N(C)C3)(C(C)C)C(=O)N12,8.848762512207031,9.667253494262695,9.258008003234863
O=C1N(CCN2CCCCC2)CCN1c1ccc2ccccc2n1,7.179819107055664,6.416842937469482,6.798331022262573
COc1ncccc1CN1CC=C(c2c[nH]c3ccc(F)cc23)CC1,7.654533386230469,6.566502094268799,7.110517740249634
COc1ccc2c(c1)C(N1CCN(CCN3C4CCC3CC(N)(C4)C3)CC1)CC2,,,
O=C1CC(c2ccccc2)c2cnc(N3CCN(CCO)CC3)nc2N1,5.374207019805908,5.166289329528809,5.270248174667358
c1ccc(CNc2nc(NCCCN3CCN(C4COCC4)CC3)nc3cc(-c4ccccc4)[nH]c23)cc1,6.4965434074401855,5.920753479003906,6.208648443222046
O=C1CC2(CCCC2)CC(=O)N1CCCCN1CCN(c2cc(Cl)ccc2Cl)CC1,7.291249752044678,9.061108589172363,8.17617917060852
COc1ccc(OCCNCC2COc3ccc(O)c(OC)c3O2)cc1,7.580384254455566,7.35206127166748,7.466222763061523
CCN(CC)C(=O)NC1CC2=C(Cc3[nH]c4ccccc4c3C)CCC2N1C,6.937724113464356,7.8976311683654785,7.417677640914917
Oc1nccc2c3[nH]c(-c4ccccc4)cc3cc12,,,
O=C(NCCCCN1CCN(c2cccc(Cl)c2Cl)CC1)c1ccc(Br)o1,7.172516345977783,8.990377426147461,8.081446886062622
COc1ccccc1N1CCN(CCCCCNC(=O)c2cc3cc(I)ccc3o2)CC1,7.612844467163086,8.053902626037598,7.833373546600342
COc1ccccc1N1CCN(CCCCNC(=O)c2ccc3ccccc3c2)CC1,7.298825263977051,8.823209762573242,8.061017513275146
c1ccc(-c2c[nH]c3ncnc(N4CCOCC4)c23)cc1,6.836099147796631,5.122560977935791,5.979330062866211
COc1ccccc1N1CCN(CCCCNC(=O)c2cccc3c2CCC3)CC1,7.971643447875977,8.489114761352539,8.230379104614258
CCC(CC)(CC)NC(=O)c1ccc(C)c(N2CCN(c3cccc(Cl)c3Cl)CC2)c1,7.4769816398620605,7.385391235351562,7.4311864376068115
N#Cc1cccc(-c2ccc3c(c2)C2(CCCCC2)C(=S)N3)c1,6.876599311828613,5.201388359069824,6.038993835449219
Cc1cc(S(=O)(=O)NCC2CCC(N(Cc3ccccc3)C(=O)CCCN3CCC(c4cccc(C(F)(F)F)c4)CC3)CC2)ccc1OCC(F)(F)F,7.10260009765625,7.0285258293151855,7.065562963485718
CCCC(=O)NC1CCC(CCN2CCN(c3cccc(C(F)(F)F)c3Cl)CC2)CC1,8.451982498168945,8.915643692016602,8.683813095092773
CN1CCc2cc(Cl)c(O)cc2C2c3cccc(-c4ccoc4)c3CCC21,6.526883125305176,7.255275726318359,6.891079425811768
O=Cc1c(C(=O)NN2CCOCC2)nn(-c2ccc(Cl)c(Cl)c2)c1-c1ccc(O)cc1,5.843682765960693,5.978198528289795,5.910940647125244
N#Cc1cccc(C(=O)NCCN2CCN(c3cccc(Cl)c3Cl)CC2)c1,7.0352559089660645,7.611037254333496,7.32314658164978
CCCCN1CCC(COC(=O)c2ccc(N)c(NC)c2)CC1,6.225069522857666,6.426300048828125,6.3256847858428955
COc1cccc(N2CCN(CC3COC(c4ccccc4)(c4ccccc4)O3)CC2)c1,6.146116256713867,6.363630294799805,6.254873275756836
CC(C)CCN1CCN(c2ccc(C(=O)NCCc3ccccc3)cc2NC(=O)c2cccc(OC(F)(F)F)c2)CC1,6.442355155944824,7.28004264831543,6.861198902130127
Cc1cc2c(s1)Nc1ccccc1N=C2N1CCN(C)CC1,6.933331489562988,7.052933216094971,6.9931323528289795
COCCOc1ccn2c(-c3ccc4cccc(OC5CCN(C)CC5)c4n3)cnc2c1,6.144394874572754,5.768438339233398,5.956416606903076
Oc1n[nH]c(O)c1C1CCCN1Cc1ccc(Cl)cc1,5.911076545715332,7.053332328796387,6.482204437255859
COc1cc(C(=O)NCCCCN2CCN(c3cccc(Cl)c3Cl)CC2)cc(OC)c1OC,6.757123947143555,9.006734848022461,7.881929397583008
Oc1nc2c(O)ccc(Cl)c2s1,9.394925117492676,5.8563761711120605,7.625650644302368
OS(O)(=Cc1ccccc1)=NCCCCCN1CCN(c2nsc3ccccc23)CC1,7.5142927169799805,7.470357894897461,7.492325305938721
Oc1nc2ccc(Cl)cc2c(-c2ccccc2)c1C1=NNC(c2ccccc2)C1,6.237237930297852,6.064821243286133,6.151029586791992
CCOC(=O)C1C(=N)n2c(sc(=Cc3cccs3)c2=O)=C(C(N)=O)C1c1cccs1,5.241603851318359,5.154909610748291,5.198256731033325
COc1ccc(CC(NC(=O)C2CCC2)C(=O)N2CCC(N3CCC(Oc4ccc(Cl)c(Cl)c4)CC3)CC2)cc1,6.718637943267822,6.579961776733398,6.64929986000061
CCCN(CCSC)C1CCc2c(O)cccc2C1,7.553695201873779,8.378376960754395,7.966036081314087
COc1ccccc1N1CCN(CCCCc2ccc3c(c2)nc(C)n3C)CC1,7.471818923950195,7.383292198181152,7.427555561065674
CC(C)(C)n1nc(Cc2cccc3[nH]ccc23)c2c(N)ncnc21,5.268068790435791,5.954787254333496,5.6114280223846436
CCCN(CCC1CCC(NC(=O)c2ccccc2Cl)CC1)C1CCc2nc(N)sc2C1,7.644521236419678,8.897693634033203,8.27110743522644
COc1ccccc1N1CCN(CCCCCNC(=O)c2ccc(I)cc2)CC1,7.848822593688965,7.872927188873291,7.860874891281128
COc1ccccc1N1CCN(CCCCc2ccc3c(c2)NC(=O)CO3)CC1,8.255508422851562,7.395696640014648,7.8256025314331055
O=C(NCC1CC1)c1ccc(-c2ccc(S(=O)(=O)N3CCCCC3)cc2)cc1,6.368531227111816,5.713640213012695,6.041085720062256
CCCN1CC(c2ccccc2)CC1=O,6.632832050323486,6.545883655548096,6.589357852935791
O=C1CCc2ccc(OCCCCN3CCN(c4cccc5cc(F)ccc45)CC3)nc2N1,8.741589546203613,7.593361377716064,8.167475461959839
O=C(NCCCCN1CCN(c2ccc(Cl)c(Cl)c2)CC1)c1cc2ccccc2o1,6.180091381072998,8.209746360778809,7.194918870925903
CC(C)c1ccccc1N1CCN(Cc2ccc(CN3CCCCCC3=O)n2C)CC1,8.268113136291504,6.832155227661133,7.550134181976318
Fc1ccc(-c2nc(-c3cccc(CN4CCOCC4)c3)no2)cc1,5.280773162841797,6.573922634124756,5.927347898483276
O=C1CCc2ccc(OCCCCN3CCN(c4cccc(Cl)c4Cl)CC3)nc2N1,8.820858001708984,7.946581840515137,8.38371992111206
COc1ccccc1N1CCN(CCCCNC(=O)c2cc3ccccc3o2)CC1,7.030130386352539,8.543241500854492,7.786685943603516
CCOc1ccccc1N1CCN(CCN(C(=O)C23CCC(CF)(CC2)C3)c2ccccn2)CC1,6.750458240509033,6.823738098144531,6.787098169326782
O=C(NCC1CCC(CN2CCN(c3cccc(Cl)c3Cl)CC2)CC1)c1cc2ccccc2s1,6.472898960113525,8.049917221069336,7.261408090591431
COc1ccccc1N1CCN(CCCCNC(=O)c2cc3ccccc3cn2)CC1,7.018458366394043,8.637602806091309,7.828030586242676
COc1ccc(NC(=O)N2CCN(c3ccc(OC)nn3)CC2)cc1-c1ccc(CN2CCC3(CC2)OCc2ccccc23)cc1,6.358001708984375,5.671103477478027,6.014552593231201
CC(=O)c1ccc(NC(=O)NCC2CCCN2S(=O)(=O)c2ccccc2C)cc1,7.302440643310547,6.15114164352417,6.726791143417358
Cc1ncoc1-c1nnc(SCCCN2CC3CC3(c3ccc(Br)cc3)C2)n1C,7.332062721252441,8.872179985046387,8.102121353149414
CC(C(=O)O)c1ccc(C(=O)NCC2CCN(CC3CC3)CC2)cc1,4.467000961303711,6.59833288192749,5.532666921615601
CCCN(CCC1CCC(NS(=O)(=O)c2cccc(C)c2)CC1)C1CCc2nc(N)sc2C1,7.30564022064209,8.522391319274902,7.914015769958496
CN1CCc2ccccc2Cc2ccc(O)cc2CC1,7.736021518707275,7.086018085479736,7.411019802093506
CC(C)(C)c1ccc(OCCCN2CCC(N3C(=O)CCc4cccc(Cl)c43)CC2)cc1,7.072262287139893,7.432240962982178,7.252251625061035
CN1CCN(C2Cc3ccccc3Sc3ccc(-c4ccnn4C)cc32)CC1,8.584148406982422,7.297100067138672,7.940624237060547
Clc1ccc(Sc2cnc(C3CCN(CC4CCCO4)CC3)s2)c(Cl)c1,6.193060398101807,7.362006187438965,6.777533292770386
Cc1ccc2[nH]c(C(=O)NCCCCN3CCN(c4cccc(Cl)c4Cl)CC3)cc2c1,6.972553730010986,9.03022575378418,8.001389741897583
CCOc1ccccc1N1CCN(CCCOc2ccc3c(c2)NC(=O)CC3)CC1,8.571475982666016,7.881225109100342,8.226350545883179
CSc1ccccc1N1CCN(CCCCCC(=O)N2CCCC(Cc3ccccc3)C2)CC1,7.354640483856201,6.636351108551025,6.995495796203613
O=C(CC=Nc1ccc(C(=O)N2CCC3(CC2)OCCO3)cn1)c1ccc(F)cc1Cl,5.348588466644287,5.411045074462891,5.379816770553589
COc1cccc(OC)c1CNCCCCCN1CCN(c2ccc(F)cc2)CC1,6.023153305053711,6.682191848754883,6.352672576904297
CC(C)CC1n2cncc2CN(Cc2ccccc2)C1=O,7.419809818267822,6.223880290985107,6.821845054626465
O=C1c2ccccc2C(=O)N1CCCCN1CCC(c2noc3cc(F)ccc23)CC1,7.102996349334717,7.264240264892578,7.1836183071136475
C#Cc1cn(C2CCCC2)c2ncnc(N)c12,6.000793933868408,3.977994918823242,4.989394426345825
CCCN(CCCNc1ccnc2cc(Cl)ccc12)Cc1cnc2ccccc2c1,6.341637134552002,6.611016273498535,6.4763267040252686
COc1ccccc1N1CCN(CCCCNC(=O)c2ccccc2I)CC1,7.859369277954102,8.374762535095215,8.117065906524658
CN1CCc2nc(NC(=O)c3ccc(-n4ccnn4)cc3)sc2C1,6.524789333343506,5.358251571655273,5.94152045249939
Cc1cc(O)cc(C)c1CC(N)C(=O)N1Cc2ccccc2CC1C(=O)NCCCCNC(=O)OC(C)(C)C,7.46366024017334,6.852527618408203,7.1580939292907715
CCCN(CCC)C1CCc2cccc(O)c2C1,7.518751621246338,8.177104949951172,7.847928285598755
CN1CCCC1Cc1c[nH]c2ccc(C3=CCN(C(=S)Nc4cccc(Cl)c4)CC3)cc12,6.421568870544434,7.544475078582764,6.983021974563599
COc1ccc(CN2CCC(CCCn3c(O)nc4ccccc43)CC2)cc1,6.502075672149658,7.1042304039001465,6.803153038024902
COc1ccccc1N1CCN(CCCCNC(=O)c2cccc3ccnn23)CC1,7.574316501617432,8.074153900146484,7.824235200881958
N#Cc1cccc2[nH]c(O)c(C(=O)NCc3cccc([N+](=O)[O-])c3)c12,7.250120639801025,5.591681480407715,6.42090106010437
O=C1CCc2ccc(OC(=O)C3CCCN(C(=O)CN4CCN(c5ccccc5F)CC4)C3)cc2N1,6.725730895996094,6.3976898193359375,6.561710357666016
COc1cccc(N2CCN(CCCCNC(=O)c3cc4ccccc4o3)CC2)c1,6.17785120010376,7.881231307983398,7.029541254043579
Cn1c(-c2ccccc2)nc2cc(C(=O)NCCCN3CCN(c4cccc5ccccc45)CC3)ccc21,6.323798179626465,6.889982223510742,6.6068902015686035
COc1ccc2c(c1)nc(-c1ccccc1F)n2CCCN1CCN(c2nsc3ccccc23)CC1,6.005187511444092,6.905046463012695,6.4551169872283936
CCCNc1cccc(-n2ncc3c(NN=Cc4ccncc4)ncnc32)c1,5.803775787353516,4.846235752105713,5.325005769729614
COc1ccccc1N1CCN(CCCCNC(=O)c2cccc3c2OCCO3)CC1,7.499246120452881,8.172633171081543,7.835939645767212
Oc1ccc(N2CCN(Cc3cn(-c4ccccn4)nn3)CC2)cc1,5.217695236206055,5.438204765319824,5.3279500007629395
CCCN1CCCC2c3cc(O)ccc3OCC21,7.549705028533935,8.104969024658203,7.827337026596069
N#Cc1ccccc1S(=O)(=O)N1CCC(CCn2cncn2)(c2ccc(Br)cc2)CC1,5.835761070251465,5.879684448242188,5.857722759246826
Cc1cc(C(F)(F)F)cc(C)c1CC(=O)NCCCCN1CCN(c2cccc3nc(C)ccc23)CC1,6.890120506286621,7.013459205627441,6.951789855957031
CC(C)Oc1ccccc1N1CCN(CC(O)CNC(=O)c2ccc3c(c2)C(=O)N(c2cccc(F)c2)C3=O)CC1,6.448583602905273,7.081492900848389,6.765038251876831
Nc1ccc(S(=O)(=O)Oc2ccc3c(c2)C2CCCCC2C(c2ccc(-c4ccccc4)cc2)N3)cc1,6.098106861114502,6.539000511169434,6.318553686141968
CC(C)(C)C(=O)OCOC(=O)C1(O)CCN(CCc2ccc(Cl)cc2)CC1,5.590109348297119,4.62014102935791,5.105125188827515
CCN(CC)C(=O)NC1CC2=C(Cc3c[nH]c4cccc2c34)N(C)C1,8.485456466674805,8.415810585021973,8.450633525848389
O=C1Cc2ccccc2N1Cc1ccccc1,6.600767612457275,5.7017693519592285,6.151268482208252
O=C(CCCN1CCN(c2cccc(Cl)c2Cl)CC1)c1c[nH]c2ccccc12,8.020256996154785,7.976376056671143,7.998316526412964
CCN(CC)C(=O)NC1Cc2c(cc3c[nH]c4c3c2C=CC4)N(C)C1,8.286233901977539,9.04771900177002,8.66697645187378
Oc1cc(C(F)(F)F)c2c3c(cn2n1)-c1ccccc1C3,6.871734142303467,5.3859543800354,6.128844261169434
Clc1ccc(CNc2ccc3[nH]nc(-c4nc5cc(N6CCOCC6)ccc5[nH]4)c3c2)cc1,6.39235258102417,5.248117923736572,5.820235252380371
CCOc1cccc(OC)c1CN1CCN(CCCC(c2ccccc2)c2ccccc2)CC1,6.134706497192383,6.708280086517334,6.421493291854858
CCCN(CCc1cccs1)C1CCc2c(O)cccc2C1,8.405183792114258,8.605388641357422,8.50528621673584
CCCN(CCC)C1COc2cccc(C(=O)NCc3ccccc3)c2C1,7.072634696960449,6.852410316467285,6.962522506713867
Ic1cccc(CSc2nnc(-c3ccncc3)o2)c1,5.869943141937256,6.859289646148682,6.364616394042969
COC(=O)c1ccc2c(c1)NC(=O)C2C(=Nc1ccc(N(CCN(C)C)C(C)=O)cc1)c1ccccc1,4.723198413848877,4.65740966796875,4.6903040409088135
O=C(NCCN1CCC(c2noc3cc(F)ccc23)CC1)c1ccc(-n2ccnc2)cc1,6.950194835662842,6.382076740264893,6.666135787963867
Cc1ccc(-n2nccn2)c(C(=O)N2CCN(c3ccccc3)CC2)c1,4.860447883605957,4.986023426055908,4.923235654830933
COc1ccccc1N1CCN(CCCCNC(=O)c2nc(SCCc3ccccc3)ncc2Cl)CC1,7.336750030517578,7.871945381164551,7.6043477058410645
O=C(CCCN1CCN(c2ccccc2Cl)CC1)c1cc2cc3c(cc2[nH]1)OCCO3,7.8606462478637695,7.662399768829346,7.761523008346558
CN(C)CCOc1cc(Cl)cc(Cl)c1,7.791726589202881,6.758645534515381,7.275186061859131
Oc1ccc2[nH]c(CNc3ccc(F)cc3)nc2c1,7.666778087615967,5.041604042053223,6.354191064834595
CCCN(CCN1CCN(c2cccc3nc(-c4ccccc4)oc23)CC1)C1CCc2nc(N)sc2C1,6.898306369781494,8.676871299743652,7.787588834762573
Cc1ccc(-n2c(C)ccc2CCCOc2ccc(CCCCN3CCC3)cn2)nn1,7.038436412811279,7.210476398468018,7.124456405639648
Clc1cc(-c2c[nH]c3ncccc23)cc(NCc2ccccc2)n1,7.115874290466309,6.335829734802246,6.725852012634277
CC1CCCN1CCc1csc2ccc(OCCCN3CCN(c4cccc(C(F)(F)F)c4)CC3)cc12,6.777020454406738,7.600306987762451,7.188663721084595
CN(CC1CCC(N2CCN(c3cccc(Cl)c3Cl)CC2)CC1)C(=O)CCCN=C(N)N,6.965319633483887,6.889759063720703,6.927539348602295
COc1cccc2c1CCC1CN(CCn3c(=O)[nH]c4c(sc5ccc(C#N)cc54)c3=O)CC21,7.488812446594238,7.3331403732299805,7.410976409912109
CC(C)(O)CN1CCN(CCCNC(=O)c2cc3ccc(F)cc3[nH]2)CC1,4.632135391235352,6.2979254722595215,5.4650304317474365
CNC(=O)CNCCc1ccccc1N1CCN(c2ncccc2Cl)CC1,6.205216407775879,6.413898944854736,6.309557676315308
CC(=O)Nc1c(C(N)=O)sc2ccc(Cl)c(Cl)c12,6.130842685699463,4.793569087982178,5.46220588684082
CCN1CCCC1CNC(=O)c1c(OC)ccc(Br)c1OC,6.901225090026856,8.275629043579102,7.5884270668029785
Oc1ccc2cccc(OCCCN3CCN(c4cccc(Cl)c4Cl)CC3)c2n1,8.469789505004883,8.520865440368652,8.495327472686768
CCc1nc2cc(F)ccc2n1CC1CCCN1C,6.652210712432861,7.015619277954102,6.8339149951934814
O=C(NCCCCN1CCN(c2nsc3ccccc23)CC1)c1cc2ccccc2[nH]1,7.502806663513184,8.942609786987305,8.222708225250244
O=C1CCc2ccc(OCCCCN3CCN(c4ccccc4Cl)CC3)nc2N1,8.606689453125,7.439613342285156,8.023151397705078
Oc1ccccc1CNCCc1c[nH]c2ccccc12,6.115599155426025,7.080445289611816,6.598022222518921
Oc1ccc2c(CCCCN3CCN(c4cccc(Cl)c4)CC3)c[nH]c2n1,7.872236251831055,7.926898956298828,7.899567604064941
COc1ccc(C(=O)NC2CC3CCCCC3C2)cc1OC,6.573164939880371,7.735337257385254,7.1542510986328125
CCN(CC(=O)NCc1ccc(C(F)(F)F)cc1)C1CCN(CCC(CN(C)S(=O)(=O)c2ccccc2)c2ccccc2)CC1,6.192858695983887,6.555787086486816,6.374322891235352
COc1cccc(N2CCN(CCCCNC(=O)c3c[nH]c4ccc(F)cc34)CC2)c1,7.111979007720947,8.072542190551758,7.5922605991363525
Nc1ccc2c(c1)C(O)C(C(=O)O)C2,6.181052684783936,3.812490701675415,4.996771693229675
COc1ccccc1N1CCN(CCCCNC(=O)c2cc3cc(I)ccc3s2)CC1,7.88247013092041,9.08622932434082,8.484349727630615
O=C(NCCN1CCN(c2cccc(Cl)c2Cl)CC1)c1cc2ccccc2[nH]1,6.932397842407227,7.944530010223389,7.438463926315308
O=C1NCCN1CCN1CCC(c2cn(-c3ccc(F)cc3)c3ccc(Cl)cc23)CC1,7.742376327514648,6.387310028076172,7.06484317779541
CC1=CCC2CN(CCCCN3C(=O)COc4ccc(Cl)cc43)CC2C1,7.184826850891113,7.906394481658935,7.545610666275024
O=C(NCCCCN1CCN(c2cccc(Cl)c2Cl)CC1)c1cc2ccccc2[nH]1,7.3425798416137695,9.33303451538086,8.337807178497314
CCCN(CCc1cccs1)C1CCc2c(O)cccc2C1,8.405183792114258,8.605388641357422,8.50528621673584
O=C(NC1CCc2cc(CCN3CCN(c4nsc5ccccc45)CC3)ccc21)c1ccc(F)cc1F,7.423056602478027,6.517064094543457,6.970060348510742
Oc1[nH]cc2cc(F)c(OCCCN3CCN(c4cccc5cccc(Cl)c45)CC3)cc12,7.8909077644348145,7.786480903625488,7.838694334030151
Cc1[nH]c2ccccn2c(=O)c1CCN1CCC(N2C(=O)c3cccc4cccc(c34)C2=O)CC1,,,
O=C(NC1CCc2cc(CCN3CCN(c4nsc5ccccc45)CC3)ccc21)c1ccc(OCCF)cc1,7.255575656890869,6.628404140472412,6.941989898681641
CCN(CC)c1nc(NCC)nc(N2CCC(C(=O)Nc3cccc(Cl)c3Cl)CC2)n1,8.151365280151367,6.55839204788208,7.354878664016724
CN(C)C1CCN(c2ccc(C1)CC21CC2CCC1(c1ccc(NC(=O)C#Cc3ccc(C(F)(F)F)cc3)cc1)CC2,,,
CNC(=O)N1CCN(c2cncc(-c3ccc(C(=O)N4CCC(N5CCCCC5)CC4)cc3)n2)CC1,5.422837257385254,5.488957405090332,5.455897331237793
CCCN(CCC)C1CCc2c(O)cccc2C1,8.197704315185547,8.453164100646973,8.32543420791626
O=C1NCCN1CCN1CCC(c2cn(-c3ccc(F)cc3)c3ccc(Cl)cc23)CC1,7.742376327514648,6.38731050491333,7.064843416213989
COc1ccc(N2CCN(Cc3cc(C(F)(F)F)ccc3NC(=O)CN)CC2)cc1N,6.374785423278809,5.966358661651611,6.17057204246521
CCNc1ncc2nc(-c3cccs3)c(=O)n(CC3CCCO3)c2n1,6.065425872802734,5.85819149017334,5.961808681488037
N#Cc1ccc2[nH]c(O)c(-c3ccc(CN4CCOCC4)cn3)c2c1,6.435262680053711,5.851151943206787,6.143207311630249
O=C1CCc2ccc(OCCCCN3CCN(c4cccc(Cl)c4Cl)CC3)nc2N1,8.820858001708984,7.946581840515137,8.38371992111206
O=C(NC1CCC(CCN2CCN(c3cccc(Cl)c3Cl)CC2)CC1)c1cc2ccccc2s1,7.600751399993896,8.926794052124023,8.26377272605896
COc1ccc2[nH]cc(C(=O)NCCCCc3ccccn3)c2c1,6.803155899047852,6.657765865325928,6.73046088218689
CCCN(CCC)C1COc2ccc(CN3CCN(c4cccc(Cl)c4Cl)CC3)cc2C1,7.170365333557129,7.818169116973877,7.494267225265503
Clc1ccccc1N1CCN(Cc2ccc(-c3ccccc3)s2)CC1,6.925971031188965,6.772830486297607,6.849400758743286
Oc1ccc2c(OCCNCc3cccs3)cccc2c1,7.90286922454834,7.981993675231934,7.942431449890137
CC(C)Oc1ccccc1N1CCN(Cc2nc3ccc([N+](=O)[O-])cc3[nH]2)CC1,7.582684516906738,6.758175373077393,7.170429944992065
CCN(CC)C(=O)NC1Cc2c(cc3c[nH]c4c3c2C=CC4)N(C)C1,8.286233901977539,9.047680854797363,8.666957378387451
O=C1CCc2ccc(OCCCCN3CCN(c4cccc(Cl)c4Cl)CC3)nc2N1,8.820858001708984,7.946710586547852,8.383784294128418
O=C1NCN(c2ccccc2)C12CCN(C1CCCc3ccccc31)CC2,6.901721000671387,7.447587013244629,7.174654006958008
Nc1ccccc1N1CCN(CCCCOc2cccc3c2CCC(=O)N3)CC1,8.504619598388672,8.264037132263184,8.384328365325928
CCCN1CC(CSC)CC2c3cccc4[nH]cc(c34)CC21,7.427812576293945,7.918407440185547,7.673110008239746
COc1ccc(CCN2CCN(c3cc(C(F)(F)F)ccn3)CC2)cc1,6.139551162719727,6.256094932556152,6.1978230476379395
Oc1ccc(C2CNCCc3c2cc(O)c(O)c3Cl)cc1,6.1250081062316895,5.669447422027588,5.897227764129639
NC(=O)C1CCN(C2CCN(CCC3(c4ccc(F)cc4)CCC(=O)N(CC4CC4)C3)CC2)CC1,5.661145210266113,6.842168807983398,6.251657009124756
Cc1c(Br)cccc1CN1CCC2(CC1)C(=O)NCN2c1ccccc1,8.080765724182129,8.022655487060547,8.051710605621338
Oc1ccc2c(c1)OC(CNCC1CCCO1)CC2,8.877477645874023,8.333077430725098,8.60527753829956
CCCN1CCCN(c2ccc(Nc3nc(Nc4ccccc4C(N)=O)c4cc[nH]c4n3)c(OC)c2)CC1,6.805446147918701,5.406827449798584,6.106136798858643
CCN1CCN(CCCC(Oc2ccc(C(=O)Nc3ccc(C(=O)NCC4CCN(CC)CC4)cc3)cc2)CC1,,,
O=C(NC1CCC2(O)C3Cc4ccc(O)c5c4C2(CCN3CC2CC2)C1O5)c1csc(Br)c1,8.419351577758789,9.100059509277344,8.759705543518066
Cc1c(-c2ccc3n[nH]c(N)c3c2)nnn1Cc1ccccc1,6.654883861541748,6.286787986755371,6.47083592414856
N#Cc1cc(CN2CCN(c3ccccc3)CC2)ccc1F,6.47252368927002,5.723583698272705,6.098053693771362
COc1ccccc1N1CCN(CCCCNc2ccc(F)c(-c3nc4c(C)cc(C)cc4[nH]3)n2)CC1,7.732716083526611,7.393228530883789,7.5629723072052
O=C(NCC=CCN1CCN(c2cccc(Cl)c2Cl)CC1)c1ccc(-c2ccccn2)cc1,7.081741809844971,8.809995651245117,7.945868730545044
COc1ccccc1N1CCN(CCCNC(=O)c2ccnc3ccccc23)CC1,6.865505695343018,6.847146511077881,6.856326103210449
N#Cc1ccc(OCCCn2ccnc2)cc1-c1ccc2c(c1)OCO2,6.287599086761475,6.178829669952393,6.233214378356934
O=C(NCCCCN1CCN(c2cccc(Cl)c2Cl)CC1)c1cc2cc(F)ccc2[nH]1,7.324804306030273,9.104972839355469,8.214888572692871
O=C1NCC2(CCCN(CCCC3CCC(F)CC3)C2)N1c1ccc2ccoc2c1,6.120782852172852,7.764071941375732,6.942427396774292
CCCCN(CCCC)C1CCc2c(O)cccc2C1,7.942216396331787,8.147453308105469,8.044834852218628
CCCN(CCN1CCN(c2cccc(Cl)c2Cl)CC1)C1CCc2nc(N)sc2C1,7.469848155975342,8.901445388793945,8.185646772384644
O=C(NCCCCN1CCN(c2noc3ccccc23)CC1)c1ccc(F)cc1,6.927073955535889,8.173605918884277,7.550339937210083
O=C1CC(c2ccc(Cl)cc2Cl)Cc2nc3cc(Cl)ccc3c(O)c21,6.16379976272583,5.42524003982544,5.794519901275635
COc1ccccc1N1CCN(CCC=Cc2ccccc2)CC1,8.036121368408203,7.769203662872314,7.902662515640259
CCN1CCCC1CNC(=O)c1c(C)cc(C)cc1N(C)C,6.818549633026123,8.745622634887695,7.782086133956909
O=C(NCC=CCN1CCN(c2cccc(Cl)c2Cl)CC1)c1ccccc1,7.728926181793213,8.862669944763184,8.295798063278198
COc1ccccc1N1CCN(CCC=Cc2ccccc2)CC1,8.036121368408203,7.769203662872314,7.902662515640259
CN1CCc2c(sc3ncn(CCN4CCN(c5cccc6[nH]c(Br)cc56)CC4)c(=O)c23)C1,8.119318008422852,7.652852535247803,7.886085271835327
CNC(Cc1ccc(F)cc1)C(=O)N1CCC(Cc2cccc(F)c2)CC1,6.836849689483643,6.422893047332764,6.629871368408203
O=C(NCCCCN1CCN(c2ccc(Cl)cc2)CC1)c1ccc(-c2cccc(Cl)c2)cc1,6.113114356994629,7.920464515686035,7.016789436340332
CN1CCN(C2(c3ccccc3)CCC(c3c[nH]c4ccccc34)=NC2=O)CC1,6.685918807983398,6.52557897567749,6.605748891830444
COc1ccccc1N1CCN(CCCCCCN2C(=O)CC3(CCCC3)CC2=O)CC1,7.340249061584473,8.125057220458984,7.7326531410217285
Cc1c(O)nnc2ccc(OCCCCN3CCN(c4cccc(Cl)c4Cl)CC3)cc12,8.184100151062012,8.3428955078125,8.263497829437256
CCc1cccc(CC)c1NC(=O)CN1CCN(CC(F)(F)F)CC1,4.120664596557617,5.940260887145996,5.030462741851807
CC(C)C(CC(=O)N(C)C1CCCCCC1)N1CCCC1,5.190372467041016,7.168692111968994,6.179532289505005
CC(C)(C)c1ccc(Cn2c(C3CCCCC3)nc3ccccc32)cc1,5.926285743713379,6.243884563446045,6.085085153579712
CCN1CCCC1CNC(=O)c1c(O)c(I)cc(Br)c1OCC(F)(F)F,7.362447738647461,8.424803733825684,7.893625736236572
COc1ccccc1OCCNCC(O)COc1cccc2[nH]c3ccc(F)cc3c12,6.818995952606201,7.033542156219482,6.926269054412842
CN1CCc2c(sc3ncn(CCN4CCN(c5cccc6ccccc56)CC4)c(=O)c23)C1,7.933909893035889,7.499076843261719,7.716493368148804
O=S(=O)(NCCCCN1CCN(c2nsc3ccccc23)CC1)c1ccc(-c2ccccc2)cc1,7.895143508911133,8.340192794799805,8.117668151855469
COc1c(O)ccc2c1C1=CCN(CCCCCC(=O)N3CCC(C(N)=O)(c4ccccc4)CC3)CC1,,,
Oc1nc2ccc(N3CCN(Cc4ccc5c(c4)OCO5)CC3)cc2s1,7.099923133850098,6.270800590515137,6.685361862182617
COc1ccccc1N1CCN(CCCNc2ncccc2C(=O)N(C)C)CC1,6.982267379760742,6.442351341247559,6.71230936050415
CN1CCN(Cc2ccc(NC(=O)c3ccc(C#N)cc3)cc2C(F)(F)F)CC1,5.523800849914551,6.593719005584717,6.058759927749634
CNS(=O)(=O)Nc1ccc(C=C2CC(c3ccc(Br)cc3)=NN2C(=O)CCC(=O)O)c(C)c1,7.020355701446533,5.266070365905762,6.1432130336761475
COc1cc2c(cc1OC)CN(CCc1ccc(NC(=O)c3cccs3)cc1)CC2,6.563896656036377,6.0293731689453125,6.296634912490845
CC(=O)Nc1nc2c(Cl)cc(N)cc2s1,6.237762928009033,3.4273431301116943,4.832553029060364
CCN(CC)C1CCc2c(c3ccccc3n2C)C1,6.685141086578369,6.69367790222168,6.689409494400024
COc1cccc(SCCN2CCN(CCCCc3c[nH]c4cc(OC)c(OC)cc34)CC2)c1OC,7.1826605796813965,7.672530174255371,7.427595376968384
COc1ccccc1N1CCN(CCCCN=C2C(C)C(=O)N(C)C(=O)N2C)CC1,6.474525451660156,7.093667984008789,6.784096717834473
Oc1[nH]cc2cc(F)c(OCCCN3CCN(c4cccc5cc(F)ccc45)CC3)cc12,8.232381820678711,7.963079452514648,8.09773063659668
CC(C)NCCCCOc1ccccc1,5.505106449127197,5.558062553405762,5.5315845012664795
[H]C([H])(NC1CCN(CCCN2c3ccccc3Sc3ccc(Cl)cc32)CC1)[H])c1ccc(F)cc1,,,
COc1cccc(CN2CCC(C3CCN(Cc4ccccc4)CC3)(c3ccccc3)CC2)c1,6.22219181060791,6.466315746307373,6.344253778457642
CN1CCN(C2Cc3ccccc3Sc3ccc(-c4nnn(C)n4)cc32)CC1,8.439382553100586,7.074907779693604,7.757145166397095
N#CN1CC(Oc2ccc(Cl)cc2)C1,6.628201007843018,3.8508706092834473,5.239535808563232
CC1CC(NCCOc2cccc(C(F)(F)F)c2)C(=O)CN1S(=O)(=O)c1ccccn1,6.418851375579834,7.367183208465576,6.893017292022705
COc1cccc(C(C1CCC2CN(CCCC(=O)c3ccc(F)cc3)CC2C)c1)N1CCN(C(=O)c2ccco2)CC1,,,
CCCN(CCN1CCN(c2ccc3ccoc3c2)CC1)C1COc2cccc(O)c2C1,7.040234565734863,8.5621337890625,7.801184177398682
CCn1c(SCCN2CC3CC3(c3ccc(OC)cc3)C2)nnc1-c1ccc(CO)cc1,7.060679912567139,8.289581298828125,7.675130605697632
Clc1cccc(N2CCN(CCCCc3ccc4c(c3)sc(=O)n4CCO)CC2)c1,6.890392780303955,7.564972877502441,7.227682828903198
O=C(NCCCCCN1CCN(c2cccc(Cl)c2Cl)CC1)c1cccc2c1-c1ccccc1C2,6.909281253814697,7.591800689697266,7.2505409717559814
COc1cc2nc(N3CCN(C(=O)c4ccc(OC(F)(F)F)cc4)CC3)nc(N)c2cc1OC,5.614411354064941,6.010705947875977,5.812558650970459
CN(C)C(=O)Nc1ccc(CC2CCN(C3CCN(C(=O)c4ccc(F)cc4)CC3)CC2)cc1,6.027005672454834,6.254852771759033,6.140929222106934
Cn1cc(CN(CCCN2CCN(c3cccc(Cl)c3Cl)CC2)c2ccc(Cl)cc2)cn1,6.280430793762207,5.831627368927002,6.0560290813446045
CC(C)C1(NC(=O)c2ccc(-c3ccccn3)cc2)CCNC1,5.899876594543457,6.640739440917969,6.270308017730713
O=C(NCC=CCN1CCN(c2cccc(Cl)c2Cl)CC1)c1cc2ccccc2[nH]1,7.233081817626953,9.19192600250244,8.212503910064697
N#Cc1ccc2[nH]cc(CCCCN3CCN(c4cccc5nsnc45)CC3)c2c1,8.692940711975098,7.70196008682251,8.197450399398804
Clc1ccccc1N1CCN(Cc2ccc3c(c2)NC(=S)NC3=O)CC1,7.233511924743652,7.596085548400879,7.414798736572266
CCCN1CCCC1CNC(=O)c1cc(Br)cc(Br)c1O,6.82012939453125,8.7985200881958,7.809324741363525
CCOc1ccccc1N1CCN(C2CCC(N3C(=O)c4ccccc4NC3=O)CC2)CC1,6.868816375732422,7.507017612457275,7.187916994094849
OC1(c2ccc(Cl)c(Cl)c2)CC2CCC(C1)N2Cc1coc2ccccc12,7.604947090148926,8.592601776123047,8.098774433135986
COc1cc2c(cc1OC)C1C3CCN(C3)C1Cc4ccc(OC)cc4C12,,,
N#Cc1ccc(-c2ccc(Cn3ccnc3)c3ccc(F)cc3c2)cc1,,,
CCCN(CCC)C1CCc2c(O)cccc2C1,8.197704315185547,8.453164100646973,8.32543420791626
O=C(NCC1CCC(CN2CCN(c3ccccc3Cl)CC2)CC1)c1ccccc1,6.458294868469238,7.54987907409668,7.004086971282959
Cc1cc2c(OCC(O)CN3CCC(c4cc5c(OCC(F)(F)F)cccc5s4)CC3C)cccc2[nH]1,6.141821384429932,6.042718887329102,6.092270135879517
COc1ccccc1N1CCN(CCCCNC(=O)C=Cc2ccccc2[N+](=O)[O-])CC1,7.58978796005249,8.737942695617676,8.163865327835083
Cc1ccc2c(N3CCN(CCc4cccc5c4OCc4c(C(=O)NCC6CC6)ncn4-5)CC3)cccc2n1,6.407037734985352,6.79279899597168,6.599918365478516
C=CCN(CC=C)C(=O)CCc1ccc(OC)c(OC)c1,7.499249458312988,5.265942096710205,6.382595777511597
COc1ccccc1N1CCN(CCCCNC(=O)CCl)CC1,7.723567485809326,8.32215690612793,8.022862195968628
Oc1cccc(N2CCN(Cc3cn(-c4cccc(Cl)c4)c4ccccc34)CC2)c1,7.292290687561035,6.51984453201294,6.906067609786987
Cc1ccc2c(-c3nnc(SCCCN4CCc5nn(C)cc5CC4)n3C)cccc2n1,6.386425018310547,7.931795120239258,7.159110069274902
Cc1cc2n(CC(O)CN3CCC(c4ccc5cc(F)ccc5c4)CC3)cccc2[nH]1,,,
COc1ccccc1N1CCN(CCCCNC(=O)c2cccc(-c3cccs3)c2)CC1,7.365487098693848,8.93458366394043,8.150035381317139
COc1cccc(OC)c1CNCC1CCN(Cc2ccccc2)CC1,5.585237979888916,6.793859481811523,6.18954873085022
COc1ccccc1N1CCN(Cc2cc(CN3CCCCC3=O)c(C)cc2Br)CC1,7.164156436920166,6.231754302978516,6.697955369949341
CCc1nc2cccc(C)n2c1C(C)=O,4.88355016708374,5.273653984069824,5.078602075576782
Cc1ccccc1N1CCN(CCNC(=O)NC23CCC(CF)(CC2)C3)CC1,6.873064994812012,7.580883979797363,7.2269744873046875
CCCN1CCCC2Cc3[nH]ncc3CC21,7.043054103851318,7.927458763122559,7.4852564334869385
CC(C)(C)C1(O)CCN2CC3c4ccccc4CCc4cccc(c43)C2C1,7.524869441986084,8.39661693572998,7.960743188858032
COc1ccccc1N1CCN(CCCCC23CCC(CO)(CC2)CC3)CC1,6.076026916503906,7.100965976715088,6.588496446609497
CN1CCC2(CC1)Oc1ccc(Cl)cc1C1CC(c3ccc(F)cc3)=NN12,7.5684709548950195,8.111184120178223,7.839827537536621
CC(C)Oc1ccccc1N1CCN(Cc2ccc(CN3CCCCCC3=O)n2C)CC1,8.326491355895996,6.791318893432617,7.558905124664307
CCN(CC)C(=O)NC1Cc2c(cc3c[nH]c4c3c2C=CC4)N(C)C1,8.286233901977539,9.047680854797363,8.666957378387451
Cc1noc(C)c1-c1nc(NC2CCCC2)c2ccccc2n1,6.1065826416015625,5.85976505279541,5.983173847198486
Cc1cc(C)c2c(N)c(C(=O)NCCCN3CCN(c4nsc5ccccc45)CC3)sc2n1,7.165796279907227,6.631039142608643,6.898417711257935
COc1ccc2[nH]c(I)c(CCN)c2c1,7.359101295471191,6.3455328941345215,6.8523170948028564
COc1ccccc1N1CCN(CCCCNC(=O)c2cc3ccccn3n2)CC1,7.175564289093018,8.398908615112305,7.787236452102661
COc1ccccc1N1CCN(CCCCN2C(=O)C=Cc3ccccc32)CC1,7.627386569976807,7.940047264099121,7.783716917037964
O=C1N(CCCN2CCC(O)(c3ccccc3)CC2)CCN1c1cccc(Cl)c1,6.905640125274658,6.646914958953857,6.776277542114258
CN1CCN(c2nccc3cc4c(cc23)N(C(=O)c2ccc(Cl)cc2)CC4)CC1,6.21704626083374,6.070610046386719,6.1438281536102295
COc1ccccc1N1CCN(CCCCNC(=O)c2ccoc2)CC1,7.068988800048828,8.490856170654297,7.7799224853515625
O=C(NCCCCCN1CCN(c2cccc(Cl)c2Cl)CC1)c1cc2ccccc2[nH]1,7.495870590209961,8.612287521362305,8.054079055786133
COc1ccccc1N1CCN(CCOc2ccc3c(c2)NC(=O)CC3)CC1,8.526775360107422,6.800928592681885,7.663851976394653
O=C1NCCc2ccc(C(=O)NCCCCN3CCN(c4cccc(Cl)c4Cl)CC3)cc21,7.653371334075928,9.440719604492188,8.547045469284058
CN1CCN(c2cccc3nc(SCCCc4ccccc4)[nH]c23)CC1,7.363792419433594,7.320792198181152,7.342292308807373
CC(=O)N1CCc2cc(I)cc(S(=O)(=O)NCCCN3CCC(c4ccccc4)CC3)c21,7.253849029541016,6.939218044281006,7.096533536911011
CC(N)C1CCC(C(=O)Nc2ccncc2)CC1,4.979025363922119,6.633878707885742,5.806452035903931
OCCN1CCN(CCCCN2c3ccccc3Sc3ccc(C(F)(F)F)cc32)CC1,6.746270656585693,7.290674209594727,7.01847243309021
CCN(CCCCCCN=C1C(=O)CC(c2ccccc2)=CC1=O)Cc1ccccc1,5.543642044067383,6.10018253326416,5.8219122886657715
COc1ccc2c3c1OC1C(=O)CCC4(NC(=O)C=Cc5ccc(F)cc5)C(C2)N(C)CCC314,8.03630256652832,8.025925636291504,8.031114101409912
COc1cc(OC)cc(C(=O)NCCCN2CCN(c3cccc(Cl)c3Cl)CC2)c1,5.801880359649658,7.591087341308594,6.696483850479126
O=C(NCCCCN1CCN(c2cccc(Cl)c2Cl)CC1)c1ccc(-c2ccccc2)o1,7.007371425628662,8.666528701782227,7.836950063705444
O=C1NCN(c2ccccc2)C12CCN(C1CCc3c(O)cccc3C1)CC2,7.820677280426025,8.092618942260742,7.956648111343384
Oc1ccc2[nH]cc(CCCCN3CC=C(c4c[nH]c5ccccc45)CC3)c2c1,8.571718215942383,8.478761672973633,8.525239944458008
CCCCCCCN1CCN(c2ccc(Cl)cc2)CC1,6.231507778167725,6.489324569702148,6.3604161739349365
COc1ccccc1N1CCN(CCCCNC(=O)c2ccc3ccccc3c2)CC1,7.298825263977051,8.823209762573242,8.061017513275146
CCCN1CCCC2Cc3n[nH]cc3CC21,7.44373893737793,7.752799034118652,7.598268985748291
COc1ccc(C(=O)NC2CC3CCCC(C2)N3Cc2cnc3ccccc3c2)cc1,6.962326049804688,7.515959739685059,7.239142894744873
OCCNCc1ccccc1OCCCCN1CCN(c2cccc(Cl)c2Cl)CC1,6.130212306976318,7.687046051025391,6.9086291790008545
COc1ccc(S(=O)(=O)NCCCCN2CCC(c3noc4cc(F)ccc34)CC2)cc1,7.604884624481201,7.671619892120361,7.638252258300781
COc1ccccc1N1CCN(CCCCNC(=O)c2ccc3cc[nH]c3c2)CC1,7.852171421051025,8.841793060302734,8.34698224067688
Oc1cc2ccccc2n1CC=Cc1cccc(F)c1,6.301741123199463,6.592362880706787,6.447052001953125
COc1ccccc1N1CCN(CCCCCn2nc(-c3ccc(Br)cc3)c(C(N)=O)c2C)CC1,7.075827121734619,7.424406051635742,7.250116586685181
CC(NCCc1ccccc1)c1cccc(CCCN)c1,5.761603355407715,6.16841459274292,5.965008974075317
Oc1cc2c(OCCNCc3ccccc3)ccc(Cl)c2[nH]1,8.818074226379395,7.795685768127441,8.306879997253418
CC(C)(C)c1coc(C(CCCN2CCN(c3ccccc3OCCF)CC2)c2ccc(F)cc2)n1,6.552109718322754,6.965853214263916,6.758981466293335
CN1CCc2cc(Cl)c(O)cc2C(c2ccccc2)C1,5.661478042602539,6.288370132446289,5.974924087524414
COc1cc2c(cc1OC)C1=NOC(CN3CCN(CC(C)=Cc4ccncc4)CC3)C1CN2,6.23301887512207,5.650320053100586,5.941669464111328
CCc1nc2cc3c(cc2[nH]1)CCN(CCCSc1nnc(-c2ccc(C#N)cc2)n1C)CC3,6.336077690124512,8.24551773071289,7.290797710418701
FC(F)(F)c1cn(CCN2C3CCC2CC(N2CCCCC2)C3)c2ccccc12,6.147675037384033,6.629483222961426,6.3885791301727295
COc1ccccc1N1CCN(CCCCNC(=O)c2ccc(OCCOn3ncc(Cl)c3Cl)cc2)CC1,7.804252624511719,8.70614242553711,8.255197525024414
C=C(C)C(=O)OC1CC(C(=O)Nc2ccc(-c3nc4ccc(Cl)cc4s3)c(Cl)c2)C2(C)OC(=O)C(C)(C)O12,,,
O=C(NCCCCCN1CCN(c2nsc3ccccc23)CC1)c1cccc2[nH]ccc12,7.978580474853516,7.828859329223633,7.903719902038574
COc1cccc(N2CCN(CCCCCCC(=O)Nc3cc(F)cc(F)c3)CC2)c1,6.595522403717041,7.115642547607422,6.8555824756622314
COc1ccccc1N1CCN(CC(O)CNC(=O)c2cc3c(s2)CCC3)CC1,6.71784782409668,7.122856140136719,6.920351982116699
O=C(NC1CCC(CCN2CCN(c3cccc(Cl)c3Cl)CC2)CC1)c1cccnc1,7.919178009033203,8.691534042358398,8.3053560256958
COc1ccccc1N1CCN(CCCCc2ccc3c(c2)sc(=O)n3CCCN2CCC(C(=O)c3ccc(F)cc3)CC2)CC1,7.848674774169922,7.715549468994141,7.782112121582031
O=S(=O)(NCCCCCN1CCN(c2nsc3ccccc23)CC1)c1cc2ccccc2s1,8.01873779296875,8.225631713867188,8.122184753417969
COc1ccccc1N1CCN(CC(O)CNC(=O)c2cc3ccccc3cc2OC)CC1,6.245075225830078,6.795045852661133,6.5200605392456055
CN(C)CCOc1ccccc1-c1noc(-c2cccs2)n1,4.896627426147461,6.9579758644104,5.927301645278931
O=C(NCCCCN1CCN(c2cccc(Cl)c2Cl)CC1)c1cc2ccccc2[nH]1,7.3425798416137695,9.33303451538086,8.337807178497314
COc1ccccc1N1CCN(CCCCNC(=O)C=Cc2ccc3c(c2)N(C(=O)c2ccccc2)CC3)CC1,7.197276592254639,8.324081420898438,7.760679006576538
CN1C(=O)CCc2cc(NC(=O)NC3CCC(C(=O)N4CCCC4)CC3)ccc21,7.361845016479492,7.345785140991211,7.353815078735352
COc1ccc(C=CC(=O)NCCCN2CCN(c3ccc(Cl)c(Cl)c3)CC2)cc1,5.95689058303833,6.66878604888916,6.312838315963745
O=C(O)CCCCCCCN1CCC(CNC(=O)c2c3n(c4ccccc24)CCCO3)CC1,5.288480758666992,5.3863396644592285,5.33741021156311
CCc1ccc(Cc2cccc(C3CCN(CCc4ccc(C(=O)NC)cc4)CC3)c2)cc1,7.322650909423828,6.72972583770752,7.026188373565674
Oc1nc2ccc(CN3CC=S(O)(O)=CC3)cc2n1C1CCCCC1,5.969015598297119,5.774049282073975,5.871532440185547
O=C1NCN(c2ccccc2)C12CCN(C1CCCCCC1(O)c1cccnc1)CC2,6.841392517089844,6.657926559448242,6.749659538269043
COC(=O)c1cccc(CCN2CCN(c3ccc(C(C)=O)cc3)CC2)c1,5.759902000427246,5.678611755371094,5.71925687789917
O=S(=O)(c1ccccc1)N1CC=C(c2c[nH]c3ccccc23)CC1,7.593846797943115,5.962825298309326,6.778336048126221
CN(C)c1ccnc2c1nc(C(F)(F)F)n2CCC1CCCN1CCN(Cc2ccc(Cl)cc2)CC1,,,
CN(C)CCCN1c2ccccc2Sc2ccc(Cl)cc21,7.078269004821777,6.800233840942383,6.93925142288208
Cc1cccc2c1CCC(C)N2CCCN1CCN(c2cccc(Cl)c2Cl)CC1,7.052947998046875,6.391335964202881,6.722141981124878
CCN1CCN(CCCCNC(=O)c2ccccc2)CC1,5.202423095703125,7.248332023620605,6.225377559661865
O=C(NCC1CCC(O)CC1)c1ccc(CN2CCN(c3ccc(F)cc3F)CC2)cc1,5.852944850921631,6.983463764190674,6.418204307556152
CN1CCN(Cc2ccc3c(c2)Cc2c(-c4csc(C#CCOCC5CC5)c4)n[nH]c2-3)CC1,5.9080095291137695,6.268299102783203,6.088154315948486
CCN(CC)C(=O)NC1Cc2c(cc3c[nH]c4c3c2C=CC4)N(C)C1,8.286233901977539,9.047680854797363,8.666957378387451
CCN(CC)C(=O)NC1CC2=C(Cc3c[nH]c4cccc2c34)N(C)C1,8.485456466674805,8.415810585021973,8.450633525848389
CN1CCc2cccc3c2C1Cc1ccc(O)c(O)c1-3,7.594958782196045,7.866154670715332,7.7305567264556885
Cc1cccc(NC(=O)CCCCCN2CCN(c3cccc(Cl)c3Cl)CC2)c1,7.6637067794799805,7.595405578613281,7.629556179046631
O=C1CCc2ccc(OCCCCN3CCN(c4cccc(C(F)(F)F)c4Cl)CC3)nc2N1,8.550561904907227,7.947595119476318,8.249078512191772
COc1cccc(CC(N)(C(=O)OCCC#N)C3CCC(C)(C)CC32)c1,,,
COc1cc(N)c(Cl)cc1C(=O)NCC1CCN(CCc2ccccc2)CC1,6.541851043701172,7.046870231628418,6.794360637664795
CCCN1CCC=CC(c2ccc(Nc3nc(-c4ccccc4)cs3)cc2)C1,6.247925281524658,6.8950910568237305,6.571508169174194
Clc1ccccc1N1CCN(CCCCNC(=NC#N)Nc2ccccc2)CC1,7.165651798248291,7.13885498046875,7.1522533893585205
O=C1Nc2ccccc2Nc2nnc(Cl)cc21,8.36230754852295,5.173169136047363,6.767738342285156
O=C1N(CCN2CCC(C(F)(F)F)CC2)CCN1c1cccc(Cl)c1,7.3516130447387695,8.580318450927734,7.965965747833252
COc1c(OCCF)cccc1C(=O)C1CCN(CCc2ccc(F)cc2)CC1,6.735461711883545,6.644457340240479,6.689959526062012
OC1(c2ccc(Cl)cc2)CC2CCC(C1)N2Cc1coc2ccccc12,7.902397632598877,8.243313789367676,8.072855710983276
N#Cc1ccc2[nH]cc(CCCCN3CCN(c4ccc(C#N)cc4)CC3)c2c1,7.104435920715332,7.451657772064209,7.2780468463897705
O=C(c1cc2ccccc2[nH]1)C1CCN(CC(O)CN2CCCC2=O)CC1,5.780791759490967,6.288138389587402,6.034465074539185
Oc1[nH]cc2ccc(OCCCCN3CCN(c4cccc5c4CCCC5)CC3)cc12,8.763312339782715,8.056510925292969,8.409911632537842
O=C1N(CCN2CCCC2)CCN1c1ccc2ccccc2c1,7.283304214477539,7.305488586425781,7.29439640045166
COc1ccccc1N1CCN(CCC2CCC(Nc3ncccn3)CC2)CC1,8.168222427368164,7.653456687927246,7.910839557647705
COc1ccc(CNc2ccc3[nH]cnc3c2)cc1,7.3370842933654785,4.9920806884765625,6.1645824909210205
COc1ccccc1N1CCN(CCCCNC(=O)C=Cc2ccccc2[N+](=O)[O-])CC1,7.58978796005249,8.737942695617676,8.163865327835083
CCN(CCO)c1ncnc2c1sc1nc(CCCF)c3c(c12)CCCN3C,6.6210761070251465,5.380887508392334,6.00098180770874
O=C(NCCCN1CCC(Cc2ccc(F)cc2)CC1)c1ccc(-c2cc(C(F)(F)F)sc2NCCO)cc1,6.120433807373047,6.999157428741455,6.559795618057251
COc1ccc2[nH]cc(C(=O)NC3CCN(Cc4ccccn4)CC3)c2c1,6.09323263168335,5.870767116546631,5.98199987411499
COc1cccc2c1C(CN1CCN(c3ccccn3)CC1)C(=O)N2,5.981216907501221,6.0280632972717285,6.004640102386475
CCCN1CCCC2Cc3n[nH]cc3CC21,7.44373893737793,7.752826690673828,7.598282814025879
CCCN(CCC)C1CCc2c(O)cccc2C1,8.197704315185547,8.453038215637207,8.325371265411377
Cc1c(C(O)CC(C)C)cccc1N1CCN(CCCCc2ccc3c(c2)NC(=O)CO3)CC1,7.785721778869629,6.899600505828857,7.342661142349243
CCCN1CCCC1CNC(=O)c1c(O)c(Br)cc(OC)c1OC,7.51290225982666,8.352303504943848,7.932602882385254
CCCN(CCCN1CCN(c2ccccc2O)CC1)C1CCc2c(O)cccc2C1,7.833051681518555,8.444425582885742,8.138738632202148
Cn1cc(C2=C(c3cn(C4CCN(Cc5ccccc5)CC4)c4ccccc34)C(=O)NC2=O)c2ccccc21,6.051787376403809,6.034458160400391,6.0431227684021
COc1cc(N2CCN(C(C)C)CC2)ccc1Nc1nc(Nc2cc(F)ccc2C(N)=O)c2cc[nH]c2n1,6.401288986206055,5.583378314971924,5.992333650588989
COc1ccccc1N1CCN(CCCCOc2ccc3c(c2)CCO3)CC1,7.662786483764648,7.968658447265625,7.815722465515137
O=C1N(CCN2CCCCCC2)CCN1c1cccc(Cl)c1,8.18490982055664,7.695871353149414,7.940390586853027
COc1cc(N)c(Cl)cc1C(=O)NC1CCN(Cc2ccccc2)CC1,7.912027835845947,7.18946647644043,7.5507471561431885
Cc1ccc2oc(Cc3cccc(Cl)c3)nc2c1,6.305037498474121,4.863388538360596,5.584213018417358
Fc1ccc(-n2c(CCCc3cc[n+](CCCc4ccccc4)cc3)nc3ccccc32)cc1,7.256550312042236,6.632209777832031,6.944380044937134
O=C(NCCN1CCOCC1)c1ccc(-c2cn[nH]c2)cc1,6.516878128051758,6.6542558670043945,6.585566997528076
COc1ccccc1N1CCN(CCCCc2ccccc2)CC1,7.911136627197266,7.437552452087402,7.674344539642334
CCCN(CCN1CCN(c2ccnc3[nH]ccc23)CC1)C1CCc2ccc(O)cc2C1,7.68397331237793,8.515810012817383,8.099891662597656
O=C(NCCCCN1CCN(c2cccc(Cl)c2Cl)CC1)c1cc2cc(F)ccc2[nH]1,7.324804306030273,9.104972839355469,8.214888572692871
COc1ccccc1N1CCN(CCCCNC(=O)c2cc3cc4c(cc3[nH]2)OCO4)CC1,7.442900657653809,8.472599029541016,7.957749843597412
Nc1ccc(C23CC2CN(CCCSc2nnc(-c4ccccc4)n2CC3)cc1,,,
COc1cccc(N2CCN(CCC3CCC(Nc4ncc(Cl)cc4Cl)CC3)CC2)c1,7.913871765136719,8.0354585647583,7.97466516494751
O=S(=O)(NCCCCN1CCC(c2noc3cc(F)ccc23)CC1)c1cc2cc3c(cc2s1)OCO3,7.636261463165283,7.677695274353027,7.656978368759155
O=C(NCCCN1CCCC1=O)c1ccc(-c2cnc3ccccc3n2)cc1,5.592423439025879,6.489874839782715,6.041149139404297
COc1ccccc1N1CCN(CCCCNC(=O)c2ccc(C)cc2)CC1,7.418456077575684,8.534900665283203,7.976678371429443
COc1ccc(CN2CCC3(CCN(Cc4c[nH]c5nc(-c6ccccc6)ccc45)CC3)CC2)c(Cl)c1,6.283185005187988,6.683345794677734,6.483265399932861
O=C(NCC(O)CN1CCC(Oc2ccc(Cl)c(Cl)c2)CC1)c1c[nH]nc1C(F)(F)F,6.775981426239014,7.265185356140137,7.020583391189575
O=S(=O)(c1ccc2c(c1)CCN(CCCCCN1CCN(c3cccc(Cl)c3)CC1)CC2)N1CCc2ccccc2C1,6.691883563995361,6.912943840026856,6.802413702011108
COc1ccccc1N1CCN(CCn2c(=O)[nH]c3sc(-c4ccccc4)cc3c2=O)CC1,7.632057666778564,7.4928460121154785,7.5624518394470215
OCCN1CCN(CCCN2c3ccccc3Sc3ccc(C(F)(F)F)cc32)CC1,6.477129936218262,6.448475360870361,6.4628026485443115
COc1ccccc1N1CCN(CCCCN2CCc3[nH]ncc3C2=O)CC1,7.558429718017578,7.929648399353027,7.744039058685303
CCN(CC)C(=O)NC1CC2=C(Cc3c[nH]c4cccc2c34)N(C)C1,8.485456466674805,8.415810585021973,8.450633525848389
O=C1CCc2ccc(OCCCCN3CCN(c4cccc(OCC5COCCO5)c4)CC3)nc2N1,7.329041004180908,5.870466232299805,6.5997536182403564
COc1cc(CNCC2CCN(CCc3ccccc3)C2)ccc1O,5.197592258453369,6.2953715324401855,5.746481895446777
O=C1c2ccccc2NC(c2ccc(Cl)cc2)N1CCCCN1CCN(c2cccc(Cl)c2Cl)CC1,7.187299728393555,7.431840419769287,7.309570074081421
CCCCNC(=O)c1ccc(Oc2ccc(Cl)cc2)cn1,5.501935005187988,5.8429951667785645,5.672465085983276
O=C(NCCCCN1CCN(c2cccc(Cl)c2Cl)CC1)c1ccc2c3c(cccc13)CC2,7.285685539245605,8.736486434936523,8.011085987091064
Oc1ccc2c(c1)OC(CNCc1ccccc1)CC2,8.810506820678711,8.251319885253906,8.530913352966309
Oc1ccc2c(c1)OC(CNCCCNCCc1ccccc1I)CC2,8.310014724731445,7.337123870849609,7.823569297790527
Cc1ccc2c(CCNC(=O)C3Cc4ccc(O)c5c4C3CCN3C)c[nH]c2n1,,,
CCCN(CCC)C1CCc2c(cccc2-c2ccccc2)C1,7.303905487060547,7.553224563598633,7.42856502532959
OC1(c2ccc(OCCN3CCC(Oc4cccc5c4OCCO5)CC3)cc2)CCCC1,6.775827407836914,6.461973190307617,6.618900299072266
OC(c1ccc(F)cc1)C1CCC(O)CC1,5.568163871765137,5.245978355407715,5.407071113586426
O=C(NCCCN1CCCC1=O)Nc1ccc(-c2nc3cc(-c4ccsc4)ccc3o2)cc1,6.13872766494751,5.931885719299316,6.035306692123413
COc1ccccc1N1CCN(CCCCCN2C(=O)CC(c3ccc(Cl)cc3)CC2=O)CC1,7.07074785232544,7.266452312469482,7.168600082397461
Clc1ccc2c(c1)nnc1[nH]ncc12,6.840913772583008,5.403654098510742,6.122283935546875
COc1ccc(CC(=O)NCCCCN2CCN(c3ccccc3C)CC2)cc1,6.651697158813477,6.676597595214844,6.66414737701416
CN(C)C(=O)c1ccccc1N1CCN(Cc2cccc(Cl)c2)CC1,7.061136722564697,6.686805725097656,6.873971223831177
CC(O)CN1CCN(CCN2CCN(c3cc(C(F)(F)F)cc(C(F)(F)F)c3)CC2)CC1,6.82799768447876,7.227944850921631,7.027971267700195
CCCN1CCOC2c3c(O)cccc3CCC21,6.544523239135742,7.8409104347229,7.192716836929321
C(#Cc1ccc2[nH]cnc2c1)CCN1CCN(c2cccc(Cl)c2Cl)CC1,8.06970500946045,7.169838905334473,7.619771957397461
O=C1c2cc(O)ccc2OC(c2ccc(O)c(F)c2)C1c1ccc(O)cc1,6.619711875915527,6.029521465301514,6.3246166706085205
CCCN(CCC)C1C(=O)CC(C)(C)CC1=O,5.529115200042725,3.3165080547332764,4.4228116273880005
N#Cc1cccc(OCC2CCN(CC3CC3)CC2)c1,5.84142541885376,8.188674926757812,7.015050172805786
O=C1N=C2c3cccc4c(-c5ccc(CN6CCOCC6)cc5)cc(c34)C2C1=NCCCn1ccnc1,,,
COc1ccccc1N1CCN(CCCCNC(=O)c2cc3cccc(OC)c3o2)CC1,6.864638805389404,8.327187538146973,7.5959131717681885
COc1ccc(C2=NN(CCCCOc3ccc(C4=NNC(=O)C4(C)C)cc3)C(=O)C2)cc1,6.056389808654785,5.9313130378723145,5.99385142326355
COc1ccccc1N1CCN(CCCCNC(=O)C2Cc3ccc4ccccc4c3C2)CC1,7.287096500396728,7.958950042724609,7.623023271560669
O=C1NC(=O)C2=C1c1cn(c3ccccc13)CCCc1cc(nc(N3CCCC3)c1)CCCn1cc2c2ccccc21,6.4686598777771,5.375467300415039,5.922063589096069
COc1ccccc1N1CCN(CCCCNC(=O)CCn2ncc(=O)[nH]c2=O)CC1,7.461008548736572,7.184390068054199,7.322699308395386
CCNC(=O)Nc1ccc(CCN2CCN(c3ccc(C(F)(F)F)cc3)CC2)cc1,7.116025447845459,7.00242805480957,7.059226751327515
OC1(c2ccc(F)cc2)CCN(CCCCCCN2C(=O)c3ccccc3C2=O)CC1,6.558495044708252,6.629515647888184,6.594005346298218
COc1ccccc1N1CCN(CCCCNC(=O)C2CCC(=O)N2)CC1,7.831893920898437,8.018755912780762,7.9253249168396
O=C(NCC1CCN(CC2CCc3ccccc3O2)CC1)c1cc2cc3c(cc2[nH]1)OCO3,7.168846130371094,7.439733028411865,7.3042895793914795
CCCN1CCCC1CNC(=O)c1c(OC)cc(Cl)cc1OC,7.408592224121094,7.894112586975098,7.651352405548096
O=[N+]([O-])c1ccc(N2CCN(CCCNc3ncccc3C(F)(F)F)CC2)cc1Cl,7.252916812896728,6.623480319976807,6.938198566436768
COc1ccccc1N1CCN(CC(O)COc2ccc3ccccc3c2)CC1,6.515377521514893,7.215506076812744,6.865441799163818
CCCN(CCN1CCN(c2cccc(Cl)c2Cl)CC1)C1CCc2c(O)cccc2C1,7.985079765319824,8.79438304901123,8.389731407165527
Cc1ccccc1N1CCN(CCCCCNC(=O)c2cc3ccc2CCc2ccc(cc2)C=C3)CC1,7.306080341339111,7.786701202392578,7.546390771865845
FC(F)(F)c1cccc(N2CCN(CCCCc3cn[nH]c3-c3cccc4ccccc34)CC2)c1,7.321314811706543,7.068599700927734,7.194957256317139
O=C1N(CCN2Cc3[nH]ncc3CC2)CCC1(c1ccc(F)cc1)c1ccc(F)cc1,6.859653949737549,7.2957282066345215,7.077691078186035
O=C(NCCCCN1CCN(c2nsc3ccccc23)CC1)c1cc2ccccc2[nH]1,7.502806663513184,8.942609786987305,8.222708225250244
CCCN1CCCC2Cc3n[nH]cc3CC21,7.44373893737793,7.752826690673828,7.598282814025879
COc1ccccc1N1CCN(CCCCNS(=O)(=O)c2ccc3ccccc3c2)CC1,7.750989437103271,7.942070960998535,7.846530199050903
COc1ccccc1N1CCN(CCc2ccc3n[nH]c(-c4ccc(C(C)(C)C)cc4)c3c2)CC1,7.083165168762207,7.087240695953369,7.085202932357788
COc1ccc2ccn(CCN3CCC(c4nc5ccccc5s4)CC3)c2n1,6.8356804847717285,6.711069107055664,6.773374795913696
CCN1CCCC1CNC(=O)c1cc(N2CCCC2)nc2ccccc12,6.807934761047363,7.604894161224365,7.206414461135864
COc1ccccc1N1CCN(CCCCNC(=O)c2ccc3ccccc3c2)CC1,7.298825263977051,8.823209762573242,8.061017513275146
Oc1nc2cc(C3CCCCC3)sc2c2c1CCNC2,6.448703765869141,6.186338424682617,6.317521095275879
O=C1N(CCN2CCCCC2)CCN1c1cccc(Cl)c1,8.017598152160645,7.75933027267456,7.8884642124176025
CC(C)(C)c1nc(CN(CCCOc2ccccc2)CCN(CCc2c[nH]c3ccccc23)CC2CCCO2)co1,6.441708087921143,7.48377513885498,6.9627416133880615
CCC(C)N1CCN(CC(O)Cn2ccc3ccc(OC)nc32)CC1,4.757590770721436,5.483302116394043,5.120446443557739
NCC1CC1c1ccc(C(F)(F)F)cc1,6.033987998962402,6.523657321929932,6.278822660446167
COc1ccccc1N1CCN(CCCCCc2cc(-c3ccc4c(c3)OCO4)on2)CC1,6.96558952331543,7.617609024047852,7.291599273681641
CCCN1CCC2Cc3c(O)cccc3CC2C1,6.979074001312256,8.14028263092041,7.559678316116333
Ic1cccc(CN2CCC(CCCN3CCC(c4noc5cc(F)ccc45)CC3)CC2)c1,6.888005256652832,7.014256954193115,6.951131105422974
Cc1ccc(-c2cc(NCCc3c[nH]c4ccc(OCCCn5cncn5)cc34)n[nH]2)cn1,6.458256721496582,6.115165710449219,6.2867112159729
OC1(c2ccccc2)CCN(C(c2ccccc2)c2ccccc2)CC1,7.16618537902832,6.585422515869141,6.8758039474487305
Clc1ccc2[nH]cc(CCCN3CCN(c4ccccc4Cl)CC3)c2c1,7.66012716293335,6.580370903015137,7.120249032974243
Oc1nc2ccc(OCCn3ccnc3)cc2s1,7.402492523193359,5.384757041931152,6.393624782562256
CC1=NC2=CC(C)N=C(C)C=C2C(=O)N1CCN1CCN(c2cccc(F)c2)CC1,5.683861255645752,6.627614974975586,6.155738115310669
O=C(NCCCCN1CCN(c2cccc(Cl)c2Cl)CC1)c1cc2ccccc2[nH]1,7.3425798416137695,9.33303451538086,8.337807178497314
CN(CC=C1CC(=O)OC12CCN(C)CC2,,,
CN1CCc2c(sc3ncn(CCN4CCN(c5cccc6ccccc56)CC4)c(=O)c23)C1,7.933943748474121,7.499076843261719,7.71651029586792
O=C(CCCCN1CCN(c2cccc(Cl)c2Cl)CC1)Nc1ccccc1,8.051854133605957,7.875350952148437,7.963602542877197
CN(C)C1CC(c2c[nH]c3ccc(C#N)cc23)C1,6.420571327209473,6.651789665222168,6.53618049621582
Cc1[nH]c(C(=O)NCC2CCN(Cc3ccccc3)CC2)c(C)c1C(=O)NCC(O)CN1CCN(c2ccccc2)CC1,5.518927097320557,6.642504215240479,6.080715656280518
N#Cc1c2c(c(N)n3c1ncn3C1CCC(N(CCCF)CC1)C1CCCCC1)C3,,,
O=C(NCCCCN1CCN(c2cccc(Cl)c2Cl)CC1)c1ccc(-c2nc3ccccc3s2)cc1,6.822765827178955,8.983780860900879,7.903273344039917
COc1cc(O)c2c(c1)CCCC(CCCOc1ccc(-c3nnn[nH]3)cc1O2,,,
O=C1COc2ccc(-c3csc(-c4ccncc4)n3)cc2N1,4.400732040405273,5.0905442237854,4.745638132095337
Oc1ccc2c(c1O)-c1cc(O)ccc1C2,9.693634033203123,6.963213920593262,8.328423976898193
Oc1ccc2c(c1)OC(CNCCN1CCN(c3cccc(Cl)c3Cl)CC1)CC2,9.362069129943848,8.549615859985352,8.9558424949646
O=C1CC2(CCCC2)CC(=O)N1CCN1CCN(c2ccc(F)cc2)CC1,6.1241984367370605,7.311511993408203,6.717855215072632
O=C(CCCN1C(=O)C2(CCCC2)CC1=O)Nc1ccc(I)cc1,8.21352767944336,6.845634460449219,7.529581069946289
O=C(NCCCN1CCN(c2cccc(Cl)c2Cl)CC1)c1cc2ccccc2o1,6.293625354766846,7.376164436340332,6.834894895553589
COc1ccccc1N1CCN(CCCCCNC(=O)c2cc3cc(I)ccc3o2)CC1,7.612844467163086,8.053902626037598,7.833373546600342
COc1ccccc1N1CCN(CCCCOc2ccc(F)cc2C(C)=O)CC1,7.711037635803223,7.540699958801269,7.625868797302246
Fc1ccc(-c2nc3n(c2-c2ccncc2)CCS3)cc1,5.438910484313965,6.150067329406738,5.794488906860352
COc1c(Br)cc(C=NNC(=O)COc2ccccc2)cc1Br,4.233666896820068,5.465367317199707,4.849517107009888
O=C(c1ccccc1)c1cccc(CCCN2CCN(c3ccccc3Cl)CC2)c1,6.273277282714844,6.674865245819092,6.474071264266968
O=C(O)CC1CCC(c2ccc(-c3ccc4c(c3)OCO4)cc2)CC1,5.828745365142822,4.89150857925415,5.360126972198486
O=C(NC1CCc2cc(CCN3CCN(c4nsc5ccccc45)CC3)ccc21)c1ccc(F)cc1,7.4388251304626465,6.649353981018066,7.0440895557403564
Oc1cccc(N2CCN(CCCCOc3ccc4ccccc4c3)CC2)c1,7.906180381774902,8.61361026763916,8.259895324707031
O=C1CCCN1CCOc1ccc2c(c1)nc(O)c1cccn12,7.903689861297607,5.7242817878723145,6.813985824584961
CCCN1CCC(c2ccc(Nc3nc(Nc4cc(F)ccc4C(N)=O)c4cc[nH]c4n3)c(OC)c2)CC1,6.839527130126953,5.618805885314941,6.229166507720947
CCCN(CCN1CCN(c2ccnc3cc(Cl)ccc23)CC1)C1CCc2c[nH]c3ccc(O)cc23,,,
CC(C)CN(CC(C)C)C1CCN(CCC=Cc2cnccn2)CC1,5.672221660614014,5.712438106536865,5.6923298835754395
COc1ccccc1N1CCN(CCCNC(=O)c2ccc(C=O)cc2)CC1,6.714607238769531,7.228715419769287,6.971661329269409
O=C1CC2(CCN(CCCCc3ccccc3)CC2)Oc2ccc(Cl)cc21,6.971189498901367,7.757670402526855,7.364429950714111
COc1ccccc1N1CCN(CCn2c(=O)[nH]c3c(sc4ccc(NC(=O)CCCN(C)C)cc43)c2=O)CC1,7.588552474975586,7.101646423339844,7.345099449157715
CC(C)(C)c1nc(N2CCN(CCCCc3c[nH]c4ccc(-n5cnnc5)cc34)CC2)cc(C(F)(F)F)n1,6.863048553466797,7.74125862121582,7.302153587341309
O=C1C(c2ccccc2)CN(CCCCN2C(=O)c3ccccc3C2=O)CCN1C1CCN(CC2CCCCC2)CC1,6.264345645904541,6.652361869812012,6.458353757858276
O=C1CC2(CCCC2)CC(=O)N1CCN1CCN(c2cccc(Cl)c2Cl)CC1,7.1862568855285645,8.44697380065918,7.816615343093872
COc1ccccc1CN1CCC(CNC(=O)c2c(I)cccc2I)CC1,7.076540470123291,6.691177368164063,6.883858919143677
c1ccc(-c2ccccc2C2Cc3nccn3C2)cc1,5.850673675537109,6.4206085205078125,6.135641098022461
CCCN(CC1CC1)C1CCc2ccc3[nH]cc(C=O)c3c2C1,6.772629261016846,7.083516597747803,6.928072929382324
Oc1ccc2c(OCCNCc3ccco3)cccc2n1,7.943757057189941,7.436847686767578,7.69030237197876
Cn1nc(-c2nonc2N)nc1-c1ccccc1,5.168967247009277,6.18167781829834,5.675322532653809
Cn1cc(C2CCN(CCC3(c4ccc(C(F)(F)F)cc4)CCC3)CC2)cn1,6.595037937164307,6.497875213623047,6.546456575393677
Oc1c(OCCN2CCN(c3cccc4ccccc34)CC2)ccc2cccnc12,7.988562107086182,7.61094856262207,7.799755334854126
COc1ccccc1N1CCN(CCCCCCC(=O)NC2CCCc3ccccc32)CC1,7.193469047546387,7.42206335067749,7.3077661991119385
Cn1ccc2c3c(O)[nH]cc3c3c21,,,
Cc1ccc(-n2nc(C(C)(C)C)cc2NC(=O)Nc2ccc(OCCN3CCOCC3)c3ccccc23)cc1,6.220423698425293,5.972677230834961,6.096550464630127
COc1ccccc1N1CCN(CCCCNC(=O)c2cnn3ccccc23)CC1,7.520810127258301,8.20390510559082,7.8623576164245605
COc1ccccc1N1CCN(CCCCn2c(-c3ccccc3)nc3ccccc32)CC1,6.915669918060303,7.639815330505371,7.277742624282837
CCN(CC)c1nc(NCc2ccccc2Cl)c2nc(NC)n(C=O)c2n1,7.499879360198975,6.117732524871826,6.8088059425354
Clc1ccc(-c2c[nH]c3cc(N4CCOCC4)ncn23)cc1N1CCN(c2ncccn2)CC1,,,
COc1cccc2c1C(CC1CCN(CCn3c(=O)[nH]c4ccc(Cl)cc4c3=O)CC1)CC2,7.332045555114746,7.674769401550293,7.5034074783325195
CC(C)(C)c1ccc2[nH]cc(C3CCN(Cc4cccc(C(F)(F)F)c4)CC3)c2c1,6.664783954620361,6.195350646972656,6.430067300796509
COc1ccccc1N1CCN(CCCCNC(=O)c2cc3ccc2SCCS3)CC1,7.900162696838379,8.277706146240234,8.088934421539307
O=C(CCCN1CCC2C(C1)c1cccc3c1N2CCCS3)c1ccc(F)cc1,8.118741989135742,7.053964614868164,7.586353302001953
CCCN(CCc1ccccc1)C1CCc2c(O)cccc2C1,8.200567245483398,8.143576622009277,8.172071933746338
COc1ccccc1N1CCN(CCCCNC(=O)c2ccccc2)CC1,7.475579261779785,8.450655937194824,7.963117599487305
CCN(CC)CC(c1ccc(F)cc1)C1(O)CCCCC1,5.082388877868652,5.335115432739258,5.208752155303955
O=C(c1ccc(F)cc1)C1CCN(CCn2c(=S)[nH]c3cc(-c4cnn(CCN5CCCC5)c4)ccc3c2=O)CC1,7.061786651611328,7.463677406311035,7.262732028961182
COc1ccccc1N1CCN(CCCCNC(=O)c2ccc3ccccc3c2)CC1,7.298825263977051,8.823209762573242,8.061017513275146
Cc1noc(C)c1CCOc1ccc(N2CCN(CCCCN3C(=O)c4ccccc4C3=O)CC2)cc1,5.6814045906066895,6.470892906188965,6.076148748397827
O=C(NCc1ccccc1)C1CCN(CCCN2C(=O)CCc3ccccc32)CC1,6.502263069152832,6.419759273529053,6.461011171340942
O=S(=O)(NCCCCN1CCN(c2nsc3ccccc23)CC1)c1cc2cc(O)ccc2[nH]1,8.157892227172852,8.579545974731445,8.368719100952148
CCCN(CCN1CCN(c2ccc3ccccc3c2)CC1)C1CCc2nc(N)sc2C1,6.937994480133057,8.611572265625,7.774783372879028
Cc1ccccc1N1CCN(CCCCN2c3ccccc3Sc3ccc(C(F)(F)F)cc32)CC1,6.833076000213623,6.689540386199951,6.761308193206787
Oc1[nH]cc2cc(F)c(OCCCCN3CCN(c4cccc5cccc(F)c45)CC3)cc12,8.246258735656738,7.938355445861816,8.092307090759277
O=C(CCCCN1CCN(c2ccccc2O)CC1)c1cccs1,8.198715209960938,8.610454559326172,8.404584884643555
CC(C)C1(NC(=O)C2C3CC4CC(C3)CC2C4)CC1,6.922620296478272,9.317754745483398,8.120187520980835
COc1cccc(N2CCN(CCCCCN3CCc4ccccc4C3=O)CC2)c1,6.673884391784668,7.178571701049805,6.926228046417236
Cc1cc(-c2ccc3c(c2)CCN(CC(O)Cn2cc(C)c(-c4ccccc4)c2O)CC3)no1,6.280807495117188,6.719732284545898,6.500269889831543
N#Cc1ccc(-c2ccc3c(c2)CCCN3C(=O)CCC(=O)NCCc2ccccc2)cc1,6.919300556182861,5.62196683883667,6.270633697509766
O=C(NC1CCC(CCN2CCN(c3cccc(Cl)c3Cl)CC2)CC1)c1ccc(-c2ccccn2)cc1,7.294281959533691,8.55602741241455,7.925154685974121
OC1(c2ccc(Cl)c(Cl)c2)CC2CCC(C1)N2Cc1coc2ccccc12,7.604947090148926,8.592601776123047,8.098774433135986
COc1ccccc1N1CCN(CCCCNC(=O)C=Cc2ccn(-c3ccccc3)n2)CC1,7.66510009765625,8.648886680603027,8.156993389129639
COc1ccccc1N1CCN(CCn2cc3c(COC4CCN(Cc5ccccc5)CC4)nc(F)nc3c2O)CC1,6.926856517791748,6.362963676452637,6.644910097122192
O=C(NCCCCN1CCN(c2cccc(Cl)c2Cl)CC1)c1cc2ccccc2[nH]1,7.3425798416137695,9.333032608032228,8.337806224822998
CCCN1CCCC2Cc3[nH]ncc3CC21,7.043054103851318,7.927458763122559,7.4852564334869385
O=C(O)CCCCCN1CCN(c2cccc(Cl)c2Cl)CC1,7.774567604064941,6.826005458831787,7.300286531448364
COc1cc(F)c(F)cc1N1CCN(CCCCNC(=O)c2ccc3[nH]ccc3c2)CC1,7.968611240386963,8.489139556884766,8.228875398635864
COc1cc(OC)c(NC(=O)CCCCN2CCN(c3ccccc3OC)CC2)cc1Cl,7.473475456237793,7.101809501647949,7.287642478942871
CCCN(CC1CC1)c1nc(-c2ccc(Cl)cc2)cc(C(=O)NCCCN2CCN(c3ccccc3OCC)CC2)n1,6.447121620178223,7.370577812194824,6.908849716186523
COc1cc2c(cc1OC)C1=NOC(CN3CCN(CC=Cc4ccccc4)CC3)C1CO2,6.24370813369751,6.457044124603272,6.350376129150391
O=C(CCC1N2CCC1CC(O)(c1ccc(O)c(Cl)c1)C2)c1ccccc1,6.679823398590088,7.5248799324035645,7.102351665496826
CCCN(CCc1cccs1)C1CCc2c(O)cccc2C1,8.405183792114258,8.605388641357422,8.50528621673584
OCCN1CCN(CCCCN2c3ccccc3Sc3ccc(C(F)(F)F)cc32)CC1,6.746270656585693,7.290674209594727,7.01847243309021
O=C1CC(C2CCN(CC3COc4ccccc4O3)CC2)Cc2nc(N3CCCC3)[nH]c21,7.329413414001465,6.898552894592285,7.113983154296875
CN1CCN(Cc2ccc(-c3cnc4[nH]cc(-c5ccc6[nH]ccc6c5)c4c3)cc2)CC1,7.127092361450195,6.5411481857299805,6.834120273590088
Cc1ccc(CN2CCC(COc3ccc4c(c3)CCC4CC(=O)O)CC2)cc1,5.944777011871338,5.5131025314331055,5.728939771652222
O=C(CCCN1CCC2(CC1)C(=O)N(Cc1ccccc1)CN2c1ccccc1)c1ccc(F)cc1,9.200150489807127,7.732632637023926,8.466391563415527
Oc1cccc2c1CCNC2CC1CCN(c2ccccc2)CC1,6.251771926879883,7.03481388092041,6.6432929039001465
CCCN(CCc1cccs1)C1CCc2ccc3[nH]ccc3c2C1,7.883999824523926,7.9730119705200195,7.928505897521973
O=C(NCCCCN1CCN(c2cccc(Cl)c2Cl)CC1)c1cc2ccc1CCc1ccc(cc1)CC2,7.395273685455322,8.62225341796875,8.008763551712036
Cn1cc(C2CC2CNc2nc(-c3ccccc3)cnc2C#N)cn1,5.933360576629639,7.083696365356445,6.508528470993042
COc1ccccc1N1CCN(CCCCNC(=O)c2ccc(C(C)=O)cc2)CC1,7.503687858581543,8.66178035736084,8.082734107971191
O=C1c2ccccc2C(=O)N1CCCCN1CCN(c2ccc(F)cc2F)CC1,7.032788276672363,7.548869132995605,7.290828704833984
CCN1CCN(c2ccc(Nc3nccc(-c4c(-c5cccc(C(=O)Nc6ccccc6F)c5)nc5ccccn45)n3)cc2)CC1,5.981136798858643,5.420907497406006,5.701022148132324
O=C1N(CCF)CCN1c1cccc(Cl)c1,7.570455074310303,7.328188419342041,7.449321746826172
CN1CCC(CNC(=O)c2cnc(C#N)[nH]2)CC1,3.200288772583008,7.156393527984619,5.1783411502838135
O=C(NCCCCN1CCN(c2cccc(Cl)c2Cl)CC1)c1cc2ccc1CCc1ccc(cc1)CC2,7.395273685455322,8.62225341796875,8.008763551712036
COc1ccccc1N1CCN(CCCCn2c(=O)[nH]c3cc(I)ccc3c2=O)CC1,8.380278587341309,8.321977615356445,8.351128101348877
Cc1ccc2c(-c3ccnc(Nc4ccccc4)n3)c(-c3ccc(F)cc3)nn2n1,5.992991924285889,5.505043983459473,5.749017953872681
O=C(NCCCCN1CCN(c2cccc(Cl)c2Cl)CC1)c1c[nH]c2ccccc12,7.580685615539551,8.897761344909668,8.23922348022461
Oc1n[nH]c2nnc(-c3c(-c4ccccc4)nn4ccccc34)cc12,6.217086315155029,6.279051780700684,6.2480690479278564
Oc1nc2ccccc2n1CCCCN1CCN(c2cccc(Cl)c2Cl)CC1,7.813893795013428,8.114178657531738,7.964036226272583
c1ccc2c(c1)CCc1nnc(-c3ccncc3)o1,,,
Cc1ncoc1-c1nnc(SCCCN2CC3CC3(c3ccc(Cl)c(C(F)(F)F)c3)C2)n1C,6.722653388977051,8.815698623657227,7.769176006317139
Cc1c(-c2cccc(OCc3cccc(C#N)c3)c2)c2c(N)ncnc2n1C1CCCCC1,6.026166915893555,4.810173988342285,5.41817045211792
Cc1ccc2c(N3CCN(CCc4cccc(N5CCN(C)CC5)c4)CC3)cccc2n1,7.352627754211426,6.943963527679443,7.148295640945435
CN1C(=O)N(C)C2(CCN(CCCCOc3cc(F)cc(F)c3)CC2)C1=O,8.070106506347656,8.979621887207031,8.524864196777344
COc1ccc(C2(O)CCC(N3CC=C(c4ccc(F)cc4)CC3)CC2)cc1,7.47986364364624,6.826409816741943,7.153136730194092
CCCCCCCCCCCCn1nnc(C(NC(=O)c2ccccc2)c2ccccc2)n1,5.508395195007324,5.479003429412842,5.493699312210083
CCCN1CCCC(c2ccc(Nc3nc(Nc4cc(F)ccc4C(N)=O)c4cc[nH]c4n3)c(OC)c2)C1,6.661169528961182,5.90226411819458,6.281716823577881
CN1CCN(c2ncc(C(=O)NC3CC3)c(-c3cccc(Cl)c3)n2)CC1,6.301182270050049,6.944513320922852,6.62284779548645
CCCCc1ccc2c(c1)CCN1CCc3c([nH]c4ccccc34)C1C2,6.640798568725586,7.014398574829102,6.827598571777344
CC(C)(C)OC(=O)NCCCCCN1CCN(CC(=O)N2c3ccccc3CC2C)CC1,6.827579498291016,6.908870697021484,6.86822509765625
CN1CCN(CCCN2c3ccccc3Sc3ccc(Cl)cc32)CC1,7.559834003448486,7.69283390045166,7.626333951950073
O=C(NCCCCN1CCN(c2cccc(Cl)c2Cl)CC1)c1ccc(OCCF)cc1,7.581271648406982,9.008085250854492,8.294678449630737
O=C(NCC1CC1)c1ccc(N2CCN(CCOc3cccc4nc(C(=O)O)ccc34)CC2)c(F)c1,6.880078315734863,7.507102966308594,7.1935906410217285
CCN1CCCC1CNC(=O)c1c(OC)ccc(Br)c1OC,6.901225090026856,8.275629043579102,7.5884270668029785
Cn1c(=O)sc2cc(CCCCN3CCN(c4ccccc4OC(C)(C)C)CC3)ccc21,7.489908695220947,7.339184284210205,7.414546489715576
Oc1nc2ccccc2n1CCCCN1CCN(c2ccccc2)CC1,6.981853485107422,7.276226997375488,7.129040241241455
CCOc1ccccc1N1CCN(Cc2cccc(Cl)c2C)CC1,7.472938060760498,6.546957015991211,7.0099475383758545
CN1CCN(C(=O)c2cccc(Oc3ccc(C#N)cc3)c2)CC1,5.1291913986206055,5.435782432556152,5.282486915588379
CCCN1CCCC2Cc3[nH]ncc3CC21,7.043054103851318,7.927458763122559,7.4852564334869385
CC(C)C1C(=O)N2CCCC2C2(O)OC(NC(=O)C3Cc4c(cc5c[nH]c6c5c4C=CC6)N(C)C3)(C(C)C)C(=O)N12,8.831815719604492,9.644369125366213,9.238092422485352
Brc1ccc2[nH]c(N3CCN(Cc4ccc5c(c4)OC(F)(F)O5)CC3)nc2c1,7.207291603088379,6.917257308959961,7.06227445602417
COc1ccc(N2CCN(CCCCNC(=O)c3ccccc3-c3ccccc3)CC2)cc1,6.177861213684082,7.358585357666016,6.768223285675049
CC(c1nc2ccccc2s1)N(C)C,5.910801410675049,5.705101013183594,5.807951211929321
Clc1ccccc1N1CCN(CCCCNC(=S)NCc2ccccc2)CC1,6.588552474975586,7.690466403961182,7.139509439468384
Cc1ccc2c(-c3nnc(SCCCN4CCc5cc6oc(C(F)(F)F)cc6cc5CC4)n3C)cccc2n1,6.227947235107422,7.631508350372314,6.929727792739868
Cn1c2c(c3ccccc31)CCC(CNCC1CCCC1)C2,5.780707359313965,6.968457221984863,6.374582290649414
CCN(CC)C(=O)c1ccc2[nH]c3c(c2c1)CCNC3=O,7.032831192016602,7.680733680725098,7.35678243637085
Clc1ccccc1N1CCN(CCCCCNc2cccc3c2OCCO3)CC1,8.574670791625977,7.694981575012207,8.134826183319092
CCN(CC)C1CCc2c(sc(NC(=O)c3ccc4ccccc4c3)c2C(N)=O)C1,6.625674247741699,7.379148483276367,7.002411365509033
Oc1ccc2[nH]cc(CCCN3CCN(c4cccc(Cl)c4Cl)CC3)c2c1,8.51258373260498,7.52970552444458,8.02114462852478
COc1ccccc1N1CCN(CCCNC(=O)c2cc3ccccc3s2)CC1,6.933231830596924,7.564891815185547,7.249061822891235
CCCN1CCCC2Cc3n[nH]cc3CC21,7.44373893737793,7.752799034118652,7.598268985748291
Oc1cccc(-c2nc(N3CCOCC3)c3oc4ncccc4c3n2)c1,5.410985946655273,6.073257923126221,5.742121934890747
FC(F)(F)c1cccc(N2CCN(CCCCc3cnn(-c4ccc(F)cc4)c3)CC2)c1,7.45457649230957,7.186585426330566,7.320580959320068
COc1ccccc1N1CCN(CCCCNC(=O)C2CCCC2)CC1,7.489774703979492,8.404075622558594,7.946925163269043
CCCN(CC1CC1)C1CCc2c(O)cccc2C1,7.567117214202881,9.21287727355957,8.389997243881226
NCCCN1c2ccccc2Sc2ccc(Cl)cc21,6.058741092681885,6.776946544647217,6.417843818664551
O=C1N(CCCCN2CCN(c3cccc(Cl)c3)CC2)CCN1c1ccc(Cl)c(Cl)c1,7.018692970275879,8.237305641174316,7.627999305725098
Cc1cc(N=C(N)NCC2CCC(C(=O)N(C)C)CC2)[nH]n1,4.625997066497803,5.9821457862854,5.304071426391602
O=C(NCCCCCN1CCN(c2cccc(Cl)c2Cl)CC1)c1cccc2c1-c1ncco1,,,
COc1ccccc1N1CCN(CC2COC(CN3CCCC3=O)(c3ccccc3)O2)CC1,6.723236560821533,6.527966499328613,6.625601530075073
CCCCN(CCCC)C1CCc2c(O)cccc2C1,7.942216396331787,8.147453308105469,8.044834852218628
CCCN1CCC(COc2noc3ccccc23)CC1,5.55534029006958,6.777796268463135,6.166568279266357
Cc1cccc(N2CCN(CCCCNC(=O)c3cc(-c4ccccc4)n(C)n3)CC2)c1C,6.639882564544678,7.702054977416992,7.170968770980835
COc1ccccc1N1CCN(CCCCn2c(O)nc3ccccc32)CC1,7.876869201660156,7.942780494689941,7.909824848175049
COc1ccc(CN2CCN(CCCCCCC(=O)NC3CCC(Cc4cccc(OC)c4)CC3)CC2)cc1,5.764427185058594,6.969005584716797,6.366716384887695
CN(C)CCN1CCc2ccc(Cl)cc2CCc2ccc(F)cc21,7.533771991729736,7.258548736572266,7.396160364151001
O=C(NCCCc1ccccc1)C1CCN(CC2COc3ccccc3O2)CC1,7.778006553649902,6.736198425292969,7.2571024894714355
CCN(CC)CCSc1nc2ccccc2n1CCNC(=O)c1cccc(C)c1,6.184906482696533,7.166481018066406,6.67569375038147
CCOc1ccccc1N1CCN(CCCCNC(=O)c2ccccn2)CC1,7.321595191955566,8.620174407958984,7.970884799957275
CCOc1ccc(-c2cccc(SCC3CCC(C)(C)CC3(C)C)n2)cc1,5.587470054626465,6.389966011047363,5.988718032836914
Cc1ccccc1C(=O)NCCCN1CCN(c2nsc3ccccc23)CC1,6.985342502593994,6.556496620178223,6.770919561386108
O=C(NC1CCc2ccccc2C1)c1ccc(CN2CCN(c3ccccc3OCC(F)(F)F)CC2)cc1,7.280571460723877,7.032729148864746,7.1566503047943115
CCCN(CCCCN1C(=O)CC2(CCCC2)CC1=O)C1CCc2c(F)ccc(O)c2C1,7.4416961669921875,9.435830116271973,8.43876314163208
COc1cccc(N2CCN(c3ccc(Cl)c(Cl)c3)C2=O)c1,6.663775444030762,6.039366245269775,6.3515708446502686
O=C1c2ccccc2C(=O)N1CCCCN1CCN(c2ccc(Cl)cc2)CC1,5.967783451080322,6.942599296569824,6.455191373825073
O=C1NC2CNCCN2c2cccc(Cl)c21,5.470884799957275,5.672931671142578,5.571908235549927
CCCNC(NC(=O)N1CCC(N2CCN(c3ccccc3OC)CC2)CC1)c1ccc(Cl)c(Cl)c1,6.384712219238281,6.1286139488220215,6.256663084030151
CCCCn1cc(C=C2C(=O)NC(=O)N2CCCC)c2ccccc21,6.335238456726074,6.180342197418213,6.2577903270721436
O=C(NCCCN1CCN(c2cccc(Cl)c2Cl)CC1)c1cc2ccccc2[nH]1,6.738617420196533,7.892400741577148,7.315509080886841
COc1ccccc1N1CCN(CCCCn2c(C)nc3c(sc4ccc(NC(=O)CCCCCC(=O)NCCc5ccccc5)cc43)c2=O)CC1,7.544183731079102,6.895202159881592,7.219692945480347
OC1(c2ccc(Cl)cc2)CC2CCC(C1)N2CCC(c1ccccc1Cl)c1cccc(F)c1,7.141758918762207,6.724615097045898,6.933187007904053
CN1CCC(c2c(O)cc(O)c3c(=O)cc(-c4ccccc4Cl)oc23)C(O)C1,6.101298809051514,6.881472110748291,6.491385459899902
CN1CCN(c2ccc3oc(Cc4ccccc4)nc3c2)CC1,6.420675277709961,5.233895301818848,5.827285289764404
Cc1ccc(C23CC2CN(C)C3)cc1,7.762450218200684,8.05229377746582,7.907371997833252
CC(C)CN1CCC(NC(=O)c2cc(Cl)cc(Cl)c2)CC1,7.798190116882324,7.540935516357422,7.669562816619873
NCCC1CCC(CNc2nc(NCc3ccccc3Cl)ncc2[N+](=O)[O-])CC1,6.701810359954834,6.947065353393555,6.824437856674194
O=C(NN1CCCCC1)c1n[nH]cc1NC(=O)c1c2ccccc2[nH]1,,,
CN1CCN(C2CC(c3ccc(F)cc3)c3ccc(Cl)cc32)CC1(C)C,7.741886615753174,7.0761308670043945,7.409008741378784
O=C(NC1CCN(Cc2ccc(OC(F)(F)F)cc2)C1)c1ccc(-n2ccnc2)cc1,6.191837310791016,6.928235054016113,6.5600361824035645
Oc1[nH]cc2cc(Cl)c(OCCCN3CCN(c4cccc5c4OCCO5)CC3)cc12,7.85930871963501,8.108705520629883,7.984007120132446
O=C1NCCN1CCN1CCC(c2cn(-c3ccc(F)cc3F)c3ccc(Cl)cc23)CC1,7.647472381591797,6.572188377380371,7.109830379486084
Fc1ccc(OCCCN2CCCCC2)c(-c2nc3ccccc3[nH]2)c1,7.05150318145752,7.5914306640625,7.32146692276001
Oc1[nH]cc2ccc(OCCCCN3CCN(c4cccc5ccccc45)CC3)cc12,8.267786979675293,8.365196228027344,8.316491603851318
COc1ccc2oc(C)c(C(=O)Nc3ccc(-c4cncc(Cl)c4)cc3)c2c1,5.704806327819824,5.067800998687744,5.386303663253784
CCCN1CCc2cc(O)cc3c2C1Cc1ccc(O)c(O)c1-3,8.598224639892578,8.880327224731445,8.739275932312012
Fc1ccc(-c2c[nH]c3ncccc23)c(F)c1,7.296395301818848,5.814742565155029,6.5555689334869385
COc1cccc(C(=O)NCCCCN2CCN(c3cccc(Cl)c3Cl)CC2)c1,7.145890235900879,9.06395435333252,8.1049222946167
Cc1ccc2c(N3CCN(CCc4cccc(N5CCCC5=O)c4)CC3)cccc2n1,7.509244441986084,7.040963172912598,7.275103807449341
O=C1N(CCC2CCCCN2)CCN1c1ccccc1,7.702471256256103,7.033427238464356,7.3679492473602295
COc1cccc(Cl)c1N1CCN(CCCCNC(=O)c2ccc(-n3cncn3)cc2)CC1,7.051714897155762,8.288994789123535,7.670354843139648
Cc1nc(N2CCC(N3CCN(c4cccc(C)c4C)CC3)CC2)no1,5.483475685119629,5.6176438331604,5.550559759140015
Cc1ccccc1OCCNC(=O)c1ccc(-c2ccccc2)cc1,6.100216388702393,7.006409645080566,6.5533130168914795
Oc1nc2c(O)ccc(C(O)CNCCCSCCc3ccccc3)c2s1,5.991812229156494,7.520820617675781,6.756316423416138
COc1ccccc1N1CCN(CCCCNC(=O)C=Cc2ccccc2)CC1,7.524115562438965,8.93630599975586,8.230210781097412
COc1ccccc1N1CCN(CC(O)Cn2ncc3c2-c2ccccc2OC3)CC1,6.399618625640869,6.589328289031982,6.494473457336426
CCCN(CCC)C1CCc2cc(F)c3[nH]ccc3c2C1,7.502120018005371,7.476981163024902,7.489550590515137
Clc1ccc(CN2CCC(CCNc3ccc4ccc(-c5nc(-c6ccccn6)no5)nc4n3)CC2)cc1,5.853230953216553,6.663216590881348,6.25822377204895
COc1ccccc1N1CCN(CCN(C(=O)C2CCCCC2)c2ccccn2)CC1,7.472360610961914,6.63642692565918,7.054393768310547
COc1cc(N)c(Cl)cc1C(=O)NC1CCN(CCCCn2c(=O)[nH]c3ccc(F)cc3c2=O)CC1,7.641410827636719,8.185420036315918,7.913415431976318
CCN1CCCC1CNC(=O)c1c(OC)c(OC)cc(Br)c1O,7.966360092163086,8.444754600524902,8.205557346343994
CCN(CC)CCOCCOCCn1c(-c2nonc2N)nc2c(F)cccc21,6.099121570587158,7.145711898803711,6.622416734695435
CN1C(=O)C2CCCCC2C1,6.911943912506104,7.6205244064331055,7.2662341594696045
COc1ccccc1N1CCN(CCCCCNC(=O)C=Cc2ccc(-c3ccc(C(F)(F)F)cc3)cc2)CC1,7.367758274078369,7.971392631530762,7.669575452804565
COc1cc(N)c(Cl)cc1C(=O)NC1CCN(Cc2ccccc2)CC1OC,7.350329399108887,7.214853763580322,7.2825915813446045
O=C1NCCN1CCN1CCC(c2cn(-c3ccc(F)cc3)c3ccc(Cl)cc23)CC1,7.742376327514648,6.387310028076172,7.06484317779541
C=CCCCN1CCN(c2nc(-c3ccccc3OC)cs2)CC1,6.25672721862793,6.910688877105713,6.583708047866821
COc1ccccc1N1CCN(CCCNC(=O)c2cc3ccccc3[nH]2)CC1,6.917572975158691,7.657089710235596,7.2873313426971436
Cc1ccc2c(-c3nnc(SCCCN4CCc5cc6nc(C(F)(F)F)oc6c(Br)c5CC4)n3C)cccc2n1,6.283852577209473,7.81788444519043,7.050868511199951
Fc1ccc(-c2cc(C3CCN(CC4COCS4)CC3)[nH]n2)cc1,6.526981830596924,6.232944965362549,6.379963397979736
CCN(CC)CCCC(C)Nc1ccnc2[nH]ccc12,6.307826519012451,6.450258731842041,6.379042625427246
CN1CCN(c2ccc(C(=O)Nc3n[nH]c4ccc(Cc5ccc(F)cc5)cc34)c(NC3CCOCC3)c2)CC1,6.261353015899658,5.572512626647949,5.916932821273804
CCSc1nc(C)cc(OC)c1C(=O)NC1CCN(Cc2ccccc2)CC1,7.45957088470459,6.918613433837891,7.18909215927124
CCCN(CCCCN1C(=O)CC(C)(C)CC1=O)C1CCc2c(Cl)cccc2C1,7.2367072105407715,7.773184299468994,7.504945755004883
CCOc1ccccc1N1CCN(CCCCc2ccc3[nH]c(S)nc3c2)CC1,9.071706771850586,8.300743103027344,8.686224937438965
Cc1cccc(C(=O)NC2CCC(Nc3nc(Cl)cc(-c4c[nH]c5ncccc45)n3)CC2)c1C,6.627145767211914,6.43963098526001,6.533388376235962
COc1ccccc1N1CCN(CCC=Cc2ccc3c(c2)sc(=O)n3C)CC1,7.693639755249023,7.847442150115967,7.770540952682495
Oc1ccc(Cl)cc1Sc1ccc(C2=NCCN2)cc1,6.762852668762207,6.339437007904053,6.55114483833313
COc1cccc(C(=O)NCCCCN2CCN(c3cccc(Cl)c3Cl)CC2)c1,7.145890235900879,9.06395435333252,8.1049222946167
CC(C)Oc1ccccc1N1CCN(Cc2ccc(CN3CCCCC3=O)n2C)CC1,8.190450668334961,6.869895935058594,7.530173301696777
O=C(NCCCCN1CCN(c2cccc(Cl)c2Cl)CC1)c1cc2ccccc2[nH]1,7.3425798416137695,9.33303451538086,8.337807178497314
COc1ccccc1N1CCN(CCCCNC(=O)c2sccc2C)CC1,7.813329696655273,8.308639526367188,8.06098461151123
COc1ccccc1N1CCN(CC(O)CNC(=O)c2cc3ccc([N+](=O)[O-])cc3[nH]2)CC1,6.183109283447266,7.493686676025391,6.838397979736328
CCCN(CCC)C1CCc2c(O)cccc2C1,8.197704315185547,8.453164100646973,8.32543420791626
CCc1cn(CC(=O)OC)c2c1CC(CN(C)CC1CCC1)CC2=O,6.278408527374268,4.970816612243652,5.62461256980896
CN1CCN(C2Cn3cccc3Sc3ccc(I)cc32)CC1,8.79494857788086,8.681085586547852,8.738017082214355
CC(C)Oc1ccccc1N1CCN(C2CCC(NS(=O)(=O)c3ccc(F)cc3)CC2)CC1,7.623959541320801,8.238718032836914,7.931338787078857
Clc1ccc(-c2cnc(N3CCN(CCCCc4c[nH]c5ccccc45)CC3)nc2)cc1,6.323142051696777,7.57620096206665,6.949671506881714
CC(C)CC1CC(O)(c2ccc(F)cc2)CN1C(=O)CCCNC(=O)c1cccs1,7.377566337585449,6.582052230834961,6.979809284210205
CCc1ccccc1N1CCN(CCCCNC(=O)c2cc3ccccc3s2)CC1,7.025224208831787,8.461196899414062,7.743210554122925
O=S(=O)(NCCCN1CCC(c2noc3cc(F)ccc23)CC1)c1cc2ccccc2s1,7.7599005699157715,7.784554004669189,7.7722272872924805
COc1cccc(N2CCN(CCCCOc3ccc4cccc(OC)c4c3)CC2)c1,6.7011566162109375,7.253074169158935,6.9771153926849365
Cc1cc(F)ccc1CN1CCC(CN2CCN(c3ccc(C(C)(C)C)cc3)CC2)CC1,5.724225044250488,7.141355514526367,6.432790279388428
NC(=O)c1noc2c1CCCC2,7.118436336517334,4.274298667907715,5.696367502212524
CCc1nc(-c2ccc(OC)cc2)[nH]c1-c1ccncc1,6.0914740562438965,6.488861083984375,6.290167570114136
CN(C)CC1CC2c3ccccc3Oc3ccc(Cl)cc3C2O1,7.716570854187012,7.400518894195557,7.558544874191284
COC1CCCC(C)N1CCC(O)(c1ccc(C#N)cc1)c1ccc(N)cc1,5.85101318359375,6.810286521911621,6.3306498527526855
O=C(NCCCN1CCC(Cc2ccccc2)CC1)c1ccc(-c2ccccc2)cc1,5.744095802307129,6.926907062530518,6.335501432418823
CS(=O)(=O)NC1CCC(Nc2ccc(C(=C3CC3)c3nc4cccc(C(F)(F)F)c4[nH]3)cc2)CC1,6.956051349639893,7.802928924560547,7.37949013710022
COc1cccc(C(=O)NCCCCN2CCN(c3cccc(Cl)c3Cl)CC2)c1,7.145890235900879,9.06395435333252,8.1049222946167
CCOc1ccccc1N1CCN(CCCCNC(=O)C=Cc2ccc(F)cc2)CC1,7.642925262451172,9.0816650390625,8.362295150756836
CCCN(CCC)C1CCc2c(Cl)cccc2C1,7.891513824462891,7.690149307250977,7.790831565856934
CN1CCN(c2ccc(C(=O)Nc3n[nH]c4ccc(Cc5cccs5)cc34)c(NC3CCOCC3)c2)CC1,6.021791458129883,5.378213405609131,5.700002431869507
CCC(=O)Nc1cccc(C(=O)NCC2CN3CCCC(O)(c4ccc(Cl)c(Cl)c4)C3C2)c1,6.087400436401367,7.306718826293945,6.697059631347656
Oc1[nH]c2ccccc2c1C=Cc1cccc(C2=CCCOCC2)c1,6.680429935455322,6.799994945526123,6.740212440490723
N#Cc1cccc(-c2ccc(CSc3nnc(CN4CCC(n5c(=O)[nH]c6ccccc65)CC4)n3CCCN3CCOCC3)cc2)c1,6.362469673156738,6.923405170440674,6.642937421798706
CCc1c[nH]c2c([N+](=O)[O-])cc3c[nH]nc3c12,8.128392219543457,5.729165554046631,6.928778886795044
O=C(NCCCCN1CCC(Oc2ccc(Cl)c(Cl)c2)CC1)c1ccc2ccnn2c1,6.954778671264648,8.304001808166504,7.629390239715576
NC(=O)c1cc2c3c(cccc3c1)OCO2,6.273768424987793,5.459990501403809,5.866879463195801
O=C(NC1CCc2cc(CCN3CCN(c4nsc5ccccc45)CC3)ccc21)c1cccnc1,6.920551776885986,6.379213809967041,6.649882793426514
COc1cncc(CN2CCC(N3CCN(c4ccccc4OC)CC3)CC2)c1,5.450784206390381,5.577706813812256,5.514245510101318
N#Cc1cccc(-c2ccc(C3(N)CCN(Cc4ccc(F)cc4)CC3)cc2)c1,6.826390266418457,6.476821422576904,6.651605844497681
CSc1cccc(NC(=O)N2CCC(N3CCC(c4ccc(Cl)cc4)CC3)CC2)c1,6.108863830566406,6.014917850494385,6.0618908405303955
O=C(CCCN1CC=C(n2c(O)nc3ccc(Cl)cc32)CC1)c1ccc(F)cc1,8.418661117553711,7.549621105194092,7.984141111373901
CC(C)Oc1ncccc1N1CCN(CC(O)CCNC(=O)c2cc3ccccc3s2)CC1,6.732905387878418,8.116652488708496,7.424778938293457
CS(=O)(=O)N1CCN(Cc2cc3nc(-c4cccc5[nH]ncc45)nc(N4CCOCC4)c3s2)CC1,6.169405460357666,5.748775005340576,5.959090232849121
Cc1cc2cc(C(=O)NC3CCC(C)CC3)ccc2[nH]1,6.219630718231201,7.263912677764893,6.741771697998047
Cn1cc(-c2ccc3c(c2)CCN3C(=O)Cc2ccccc2)cn1,6.081398010253906,5.31807279586792,5.699735403060913
O=C(NCc1ccccc1)Nc1cccc(C(F)(F)F)c1,7.69234037399292,7.24000358581543,7.466171979904175
CCC(C)(C)NCC(O)c1ccc(O)c(O)c1,4.935953140258789,5.414352416992188,5.175152778625488
O=C(NCCCN1CCN(c2cc3ccccc3n2Cc2ccc(F)cc2)CC1)c1ccc2c(c1)OCCO2,6.443369388580322,6.251637935638428,6.347503662109375
COc1cccc(C2(C)CCN(CCCCNC(=O)C3Cc4ccccc4CN3)CC2)c1,6.504725456237793,7.585222244262695,7.044973850250244
Cc1cccc(N2CCN(CCCCNC(=O)c3coc4ccc(-c5ccccc5)cc34)CC2)c1C,6.821568965911865,7.903959274291992,7.362764120101929
O=C(Nc1cccc(Cl)c1)NC1CCN(Cc2c[nH]c3ccccc23)C1,6.593346118927002,7.221781253814697,6.90756368637085
Oc1ccc2c(c1)OC(CNCCc1ccccc1)CC2,8.753251075744629,7.634156227111816,8.193703651428223
O=C1CCc2ccc(OCCCCN3CCN(c4cccc5cc(F)ccc45)CC3)nc2N1,8.741589546203613,7.593361377716064,8.167475461959839
O=C1c2ccccc2C(=O)N1CCCCN1CCN(c2cccc(Cl)c2Cl)CC1,7.30195951461792,8.152679443359375,7.7273194789886475
O=C(NCCCCN1CCN(c2cccc(Cl)c2Cl)CC1)c1cc2ccccc2[nH]1,7.3425798416137695,9.333032608032228,8.337806224822998
CC1CCCCC1NC(=O)CCCN1CCN(c2cccc(Cl)c2Cl)CC1,8.325782775878906,8.763208389282227,8.544495582580566
C=C1CC(=O)Oc2cc(OC(=O)CCN3CCCC3)ccc2N1S(=O)(=O)c1ccc(F)cc1,6.276750087738037,4.7738471031188965,5.525298595428467
O=C1N(Cc2ccc(F)cc2)CCN1c1ccc(OCCN2CCCCC2)cc1,7.196420669555664,5.980252265930176,6.58833646774292
O=C1COc2ccc(C(=O)CCN3CCC(c4nnc(-c5ccccc5)o4)CC3)cc2N1,6.451242923736572,5.605799674987793,6.028521299362183
Cc1ncc([N+](=O)[O-])n1CCN1CCN(c2ccc(Cl)cc2)CC1,5.164912700653076,5.913075923919678,5.538994312286377
OC12CCC3C(CCC4(O)CCC34C=Cc3ccc(OC(F)(F)F)cc3)C1CO2,5.917937278747559,6.676068305969238,6.297002792358398
N#Cc1ccccc1CN1CCN(CCCc2ccc3nonc3c2)CC1,5.439627170562744,5.924142837524414,5.681885004043579
Cc1cc(C(N)=O)nn1-c1cccc(Cl)c1,5.87354040145874,6.03748083114624,5.95551061630249
O=C(NCC=CCN1CCN(c2cccc(Cl)c2Cl)CC1)c1ccc2c(c1)OCO2,7.589557647705078,8.867722511291504,8.228640079498291
O=S(=O)(NCCCN1CCC(c2noc3cc(F)ccc23)CC1)c1ccc(Cl)c(Cl)c1,7.838022232055664,7.5657196044921875,7.701870918273926
N#Cc1ccc2[nH]c(C(=O)O)c(N3CCN(c4cccc5ccccc45)CC3)c2c1,7.640726089477539,6.7555999755859375,7.198163032531738
N#Cc1ccc2[nH]cc(CCCCN3CCN(c4ccc5c(c4)CCSC5)CC3)c2c1,7.290571212768555,7.556131839752197,7.423351526260376
CCCN(CCCCN1C(=O)CC2(CCCC2)CC1=O)C1CCc2c(F)cccc2C1,7.266072273254394,8.84592342376709,8.055997848510742
Clc1ccc(N2CCN(CC3CCC(C4CCCO4)CC3)CC2)cc1,6.53513240814209,7.14663028717041,6.84088134765625
CCCN(CCCOc1ccc2[nH]cc(CC)c2c1)C1CCc2c(O)cccc2C1,8.630728721618652,8.53805160522461,8.58439016342163
O=C(NCCCCN1CCN(c2nsc3ccccc23)CC1)c1ccccc1Cl,7.775513648986816,8.484153747558594,8.129833698272705
O=S(=O)(NCCCCN1CCC(c2noc3cc(F)ccc23)CC1)c1cc2ccc2cc(O)ccc2s1,,,
O=S(=O)(O)c1ccc(CCNCC2COC(c3ccccc3)(c3ccccc3)O2)cc1,6.111392498016357,6.626590728759766,6.3689916133880615
CC(C)CCN(CCC(C)C)C1CCc2c(O)cccc2C1,7.570479869842529,7.812788963317871,7.6916344165802
COc1cccc(N2CCN(CCCCc3c[nH]c4ccc(C#N)cc34)CC2)c1,7.640758514404297,7.592685699462891,7.616722106933594
CCN1CCc2ccc(Nc3ncc(OC)nc3C)cc2C1,6.378792762756348,5.875104427337647,6.126948595046997
COc1ccccc1N1CCN(CCCCNC(=O)c2ccc(C)cc2)CC1,7.418456077575684,8.534905433654785,7.976680755615234
COc1cccc(N2CCN(CCCCNC(=O)c3cnn(-c4ccccc4)c3C)CC2)c1,6.503707885742188,7.860926628112793,7.18231725692749
COc1ccccc1N1CCN(CCCCNc2cc(Cl)ccc2C(=O)N(C)C)CC1,7.665510654449463,7.984330177307129,7.824920415878296
CC(N)CN1CCc2ccc(O)c(O)c2CC1,6.215314865112305,8.151390075683594,7.183352470397949
CC1(C)CN(C2CC(c3ccc(F)cc3)c3ccc(C(F)(F)F)cc32)CCN1CC1CC1,6.908716201782227,6.671221733093262,6.789968967437744
CC(C)NCC(O)COc1ccc(COCCOCCOC2CCN(C(=O)COc3ccc(F)cc3)CC2)cc1,4.9197845458984375,5.019209861755371,4.969497203826904
CCc1nn2c(-c3ccc(Cl)cc3)cccc2c1C(=O)NCCN1CCN(c2ccccc2C(N)=O)CC1,6.649479866027832,6.766733169555664,6.708106517791748
COc1cc(CN2CCCC(COCc3cc(C(F)(F)F)cc(C(F)(F)F)c3)C2)cc(OC)c1OC,5.833376407623291,6.6142578125,6.2238171100616455
CCCN1CCc2cccc3c2C1Cc1ccc(O)c(O)c1-3,8.10791015625,8.435409545898438,8.271659851074219
COc1cccc(C(C)NC(=O)c2ccc(-c3ccncc3)c(F)c2)c1,5.598991394042969,5.241847038269043,5.420419216156006
CCCN(CCC)C1CCc2ccc3[nH]ccc3c2C1,7.49531888961792,7.435484886169434,7.465401887893677
O=C1CC(c2ccc(Cl)cc2Cl)Cc2nc3cc(Cl)ccc3c(O)c21,6.163802146911621,5.42524003982544,5.79452109336853
COc1ccc(I)cc1S(=O)(=O)NC1CCC(N2CCN(c3ccccc3OC(C)C)CC2)CC1,7.686995983123779,8.677322387695312,8.182159185409546
Cc1c(-c2ccccc2)oc2cc(OCCN3CCCCC3)ccc2c1=O,6.424349308013916,6.580026149749756,6.502187728881836
O=C(Nc1ccccc1Cl)Nc1ccc(S(=O)(=O)N2CCCC2)cc1,7.586152076721191,4.56867790222168,6.0774149894714355
CCN1CCc2cccc3c2C1Cc1cccc(OCCCCCCCCCN4CCN(c5cccc(Cl)c5Cl)CC4)c1-3,7.43304443359375,7.549142837524414,7.491093635559082
OC(c1ccc(F)cc1)C1CCN(CCn2c(-c3cccc(F)c3)nc3ccccc32)CC1,6.511809349060059,6.5866241455078125,6.5492167472839355
COc1cccc(C2=NC(C)C(CCN3CCN(c4nsc5ccccc45)CC3)=N2)c1,5.657442569732666,6.74185037612915,6.199646472930908
CC1(C)CC(NC(=O)c2cccc(N3CCN(c4cccc(C#N)c4)CC3)c2)CC(C)(C)N1,6.249914646148682,7.093914031982422,6.671914339065552
COc1ccccc1N1CCN(CCCCc2ccc3nc(O)ccc3c2)CC1,8.61880111694336,8.235207557678223,8.427004337310791
COCCN1CCC2C(C1)c1ccc(OC(=O)NCCCCCN3CCN(c4cc(C(F)(F)F)cc(C(F)(F)F)c4)CC3)cc1C2=O,6.853623867034912,7.76933479309082,7.311479330062866
CN1Cc2c(N)cccc2C(c2ccccc2)C1,5.772185325622559,6.490905284881592,6.131545305252075
CCNC(=O)NC1CCC(CCN2CCC(n3c(O)nc4ccccc43)CC2)CC1,7.039875984191895,8.065996170043945,7.55293607711792
O=C(NC1CCN(CCCc2c[nH]c3ccccc23)CC1)c1ccc(F)cc1,7.168794631958008,6.837133407592773,7.002964019775391
CCCN(CCN1CCN(c2cccc(Cl)c2Cl)CC1)C1CCc2nc(N)sc2C1,7.469848155975342,8.901445388793945,8.185646772384644
COc1ccc(C2CC3CCC(C2C(=O)OCC2CCCCC2)N3C)cc1,5.873337745666504,6.397706031799316,6.13552188873291
COc1ccccc1N1CCN(CCCCNC(=O)C=Cc2ccc(OC)c(OC)c2)CC1,7.252538681030273,8.519033432006836,7.885786056518555
O=S(=O)(NCCCCN1CCN(c2nsc3ccccc23)CC1)c1cn(-c2ccc(F)cc2)nc1=O,,,
O=C1N(CCN2CCC(CO)(CCCO)CC2)CCN1c1cccc(Cl)c1,6.473852634429932,6.878180980682373,6.676016807556152
COc1ccccc1N1CCN(CCCCNC(=O)c2ccc(C=Cc3ccccc3F)cc2)CC1,7.034468650817871,8.537883758544922,7.7861762046813965
COc1cc2c(cc1OC)-c1n[nH]c(Nc3ccccc3Cl)c1C2,6.295816898345947,5.4348225593566895,5.865319728851318
Nc1cccc(-c2ccc(CNc3nc4c(cc3C(=O)N3CCC(N4CCCC4)CC3)cc2)n1,,,
COc1ccccc1N1CCN(CCn2c(N)nc3c(sc4ccc(C#N)cc43)c2=O)CC1,7.485354900360107,6.753190040588379,7.119272470474243
COc1ccccc1N1CCN(CCCNC(=O)c2ccc3ccccc3c2)CC1,6.867298126220703,7.302934646606445,7.085116386413574
FC(F)(F)c1ccc(OCCOCCN2CCN(c3ncccn3)CC2)cc1,6.284122467041016,7.046319484710693,6.6652209758758545
O=C(Cc1csc2ccc(Cl)cc12)OCCOc1cccc(O)c1,7.310057640075684,5.209634780883789,6.259846210479736
O=C(NC1CCCCC1)c1n[nH]c(-c2ccc(Cl)cc2Cl)n1,6.820884704589844,6.658459186553955,6.739671945571899
O=C(NCCCCN1CCN(c2ccc(Cl)c(Cl)c2)CC1)c1cc2ccccc2[nH]1,6.433948040008545,8.612236976623535,7.52309250831604
COc1ccccc1N1CCN(CCN2C(=O)C3Cc4c(cc5c[nH]c6c5c4C=CC6)O3)CC1,,,
CCCCN1CCCC1Cn1nc(Cc2ccc(Cl)c(Cl)c2)c2nccnc2c1=O,6.167576789855957,7.325344085693359,6.746460437774658
COc1cc2c(cc1F)CCN(Cc1cn(C)nc1-c1ccc(Cl)cc1)C2,6.818146705627441,5.969033718109131,6.393590211868286
O=C1NCN(c2ccccc2)C12CCN(C1CCCCC1(O)c1ccccc1)CC2,7.030368804931641,6.89857292175293,6.964470863342285
COc1ccc2[nH]cc(C3=CCN(C(=O)C4CCN(C(=O)C=Cc5ccc(Cl)cc5)CC4)CC3)c2c1,6.165501117706299,6.544461250305176,6.354981184005737
O=C(NCC=CCN1CCN(c2cccc(Cl)c2Cl)CC1)c1cc2ccccc2[nH]1,7.233081817626953,9.19192600250244,8.212503910064697
O=C1NCCN1CCN1CCC(c2cn(-c3ccc(F)cc3)c3ccc(Cl)cc23)CC1,7.742376327514648,6.38731050491333,7.064843416213989
Cc1cc2c(s1)Nc1ccccc1N=C2N1CCN(C)CC1,6.933331489562988,7.052985191345215,6.993158340454102
COc1cc(C2CCN(CCCCNS(=O)(=O)c3ccc4ccccc4c3)CC2)ccc1C,6.871443271636963,6.91523027420044,6.893336772918701
O=C(NCc1ccccc1)C(CCCN1CCC(O)(c2ccccc2)CC1)(c1ccccc1)c1ccccc1,6.570416927337647,6.268612384796143,6.4195146560668945
Cn1cc(C2CCN(Cc3ccc(Cl)cc3)CC2)cn1,6.772117137908936,5.706761360168457,6.239439249038696
COc1ccccc1N1CCN(CCCCNC(=O)C=Cc2ccc(OC)cc2)CC1,7.396512985229492,8.468226432800293,7.932369709014893
COc1ccccc1N1CCN(CCCCCNC(=O)c2cc3cc4ccccc4[nH]c3[nH]2)CC1,,,
Cc1cc(C)cc(C(=O)NCCCCN2CCN(c3cccc(Cl)c3Cl)CC2)c1,7.090337753295898,8.329209327697754,7.709773540496826
CCCN(CCN1CCN(c2cccc3oc(C(=O)c4ccc5ccccc5c4)cc23)CC1)C1CCc2nc(N)sc2C1,6.4909987449646,8.29658031463623,7.393789529800415
COc1ccccc1N1CCN(CCCCNC(=O)c2cc3ccccc3o2)CC1,7.030130386352539,8.543241500854492,7.786685943603516
CCCN(CCO)C1CCc2c(c3ccccc3n2C)C1,6.133084297180176,6.506130218505859,6.319607257843018
O=C(CC=Nc1ccccc1)c1ccc2c(c1)OCCO2,5.687353610992432,5.299616813659668,5.49348521232605
CCCN(CCC)C1COc2cc(O)ccc2C1=O,7.704693794250488,7.546149730682373,7.625421762466431
Cc1ccc2c(OCCN3CCC(Cc4cccc(N5CCCS5(=O)=O)c4)CC3)cccc2n1,7.672845840454102,7.244574546813965,7.458710193634033
C=CCN1CCC23c4c5ccc(O)c4OC2C(NC(=O)c2ccc(Cl)cc2)CCC3(O)C1C5,9.067310333251951,8.461973190307617,8.764641761779785
CN(C)CC1CC2c3ccccc3Cc3ccc(F)cc3N2O1,7.31734037399292,7.581218719482422,7.449279546737671
O=C1Cc2ccccc2C(=O)N1CCN1CC=C(c2c[nH]c3ccccc23)CC1,7.337700843811035,7.232724666595459,7.285212755203247
CCc1nc(-c2ccc(OC)cc2)[nH]c1C(=O)NCCN1CCOCC1,6.113746643066406,7.132530689239502,6.623138666152954
O=C1COc2cc(C(=O)NCCCCN3CCN(c4cccc(Cl)c4Cl)CC3)ccc2N1,7.885721683502197,8.775276184082031,8.330498933792114
CCCN1CCC(c2ccncc2)CC1,5.684483528137207,4.780404567718506,5.2324440479278564
CCCCN1CCC2c3c(c(O)cc3CCC21)C1CCc2c(O)cccc2C1,,,
COc1ccccc1N1CCN(CCN(C(=O)C23C4C5C2C2C3C4C52I)c2ccccn2)CC1,7.1265411376953125,5.760276317596436,6.443408727645874
O=C1N(CCN2CC3CCCC3C2)CCN1c1cc2c(cc1Cl)NC(=O)CO2,7.356361865997314,7.768271446228027,7.562316656112671
CCCN(CCC)C1CCc2c(O)cccc2C1,8.197704315185547,8.453164100646973,8.32543420791626
COc1cccc(C(=O)NC2CCC(Nc3ncc(C)c(N4CCN(C)CC4)n3)CC2)c1,6.607954502105713,6.879843711853027,6.74389910697937
Brc1ccc2[nH]c(N3CCN(CCc4ccc5c(c4)OCO5)CC3)nc2c1,7.274979114532471,6.418844699859619,6.846911907196045
Oc1nc2ccc(OCCN3CCN(c4cccc(C(F)(F)F)c4)CC3)cc2s1,7.595462799072266,6.64713191986084,7.121297359466553
CC(C)Oc1ccc2sc(C(=O)NC3CCN(Cc4ccccc4)CC3)cc2c1,6.861730575561523,7.218471527099609,7.040101051330566
CCN1C(=O)CCCC1CN1CCN(c2ccc(Cl)cc2Cl)CC1,6.951341152191162,7.818236351013184,7.384788751602173
Oc1nc(CN2CCC(CCN3CCN(c4cccc(Cl)c4Cl)CC3)CC2)nc2c1oc1ccc(Cl)cc12,7.246485710144043,7.541740894317627,7.394113302230835
CN1CCN(c2ccc(C(=O)Nc3n[nH]c4ccc(Cc5cc(F)cc(F)c5)cc34)c(NC3CCOCC3)c2)CC1,6.133188247680664,5.960517406463623,6.0468528270721436
COc1ccc(Cl)cc1S(=O)(=O)NC1CCC(N2CCN(c3ccccc3OC(C)C)CC2)CC1,7.500353336334228,8.55398178100586,8.027167558670044
CC(C)N(CCCN)C(=O)C1Cc2ccccc2CN1C(=O)C(N)Cc1ccc(O)cc1,6.428504943847656,6.677349090576172,6.552927017211914
COc1ccc2c(c1)c(CC(=O)NCCCN1CCN(c3cccc(Cl)c3Cl)CC1)cn2C,6.752408981323242,6.797835350036621,6.775122165679932
COc1ccccc1N1CCN(CCCCN=C2C(C)C(=O)N(C)C(=O)N2C)CC1,6.474525451660156,7.093667984008789,6.784096717834473
CCCN(CCN1CCN(c2ccnc3ccccc23)CC1)C1CCc2c(O)cccc2C1,7.8658552169799805,8.812647819519043,8.339251518249512
Oc1cc(O)cc(C=Cc2ccc(O)c(O)c2)c1,7.079709053039551,7.538816452026367,7.309262752532959
O=C1N(CCCN2CCN(c3ccccn3)CC2)CCN1c1cccc(Cl)c1,6.325588226318359,6.401876449584961,6.36373233795166
CN1CCC(CCN2CCC(c3noc4cc(F)ccc34)CC2)CC1,6.293973445892334,6.919075965881348,6.606524705886841
CCCN1CCCC(c2cccc(O)c2)C1,6.599302291870117,7.349627494812012,6.9744648933410645
O=C1N(CCN2CCC(c3noc4cc(F)ccc34)CC2)CCN1c1ccccn1,6.9496002197265625,6.220659732818604,6.585129976272583
OC1(c2ccc(Br)cc2)CC2CCC(C1)N2Cc1coc2ccccc12,8.125388145446777,8.381101608276367,8.253244876861572
COc1cccc(C(N)=NOC(=O)c2ccc(NC(=O)C3CCCCC3)cc2)c1,5.870462417602539,4.034317493438721,4.95238995552063
O=C(NCCCCN1CCN(c2cccc(Cl)c2Cl)CC1)c1cccc(F)c1,7.301239013671875,8.70578384399414,8.003511428833008
O=C1CC2(CCCC2)CC(=O)N1CCN1CCN(c2cc(Cl)ccc2Cl)CC1,7.122228622436523,8.30682373046875,7.714526176452637
COc1ccccc1N1CCN(CCCC2CCCCN2C(=O)CCC(=O)NCc2ccccc2)CC1,7.324583053588867,6.779857158660889,7.052220106124878
COc1ccccc1N1CCN(CCCOC(=O)c2nn(-c3ccc(F)cc3)c(=O)c3ccccc23)CC1,6.865722179412842,7.174020290374756,7.019871234893799
Clc1ccc(-n2cc(CCCCN3CCN(c4cccc(Cl)c4Cl)CC3)cn2)cc1,7.6075544357299805,7.962459087371826,7.785006761550903
CN1C(=O)C(Cc2ccccc2O)Oc2cc(Cl)ccc21,6.712118625640869,5.089038848876953,5.900578737258911
COc1cccc(N2CCN(CCCCNC(=O)c3cc4ccccc4[nH]3)CC2)c1,6.605720043182373,8.410066604614258,7.507893323898315
CN1CCN(C2CC(c3ccc(F)cc3)c3ccc(Cl)cc32)CC1(C)C,7.741881847381592,7.0761308670043945,7.409006357192993
CC(C)C1(O)CCN2CCc3ccc(O)cc3C2C1,5.29000186920166,8.138954162597656,6.714478015899658
CN1CCN(C2Cc3ccccc3Sc3ccc(-c4nnn(C)n4)cc32)CC1,8.439382553100586,7.074907779693604,7.757145166397095
O=C1CCc2cc(-c3cncc4ccccc34)c(O)cc2N1,7.312966346740723,5.395442485809326,6.354204416275024
Cc1c(Cl)cccc1N1CCN(CCCCCN2C(=O)C=CC2=O)CC1,7.556736469268799,7.980492115020752,7.768614292144775
Clc1ccc2c(c1)N=C(N1CCN(Cc3ccccc3)CC1)c1ccccc1N2,7.025705814361572,6.93430233001709,6.980004072189331
CC(=O)NC1CCN(c2nc3ncc(C(=O)NCCc4ccccc4)c(O)c3c(C)c2F)C1,6.701048851013184,6.367593765258789,6.534321308135986
CCOc1ccccc1N1CCN(CCCCNC(=O)c2ccc(F)cc2)CC1,7.670219421386719,9.09929656982422,8.384757995605469
CCOc1cccc(C(=O)Nc2cc(C(=O)NCC3CCCO3)ccc2C)c1,5.599534034729004,6.273728370666504,5.936631202697754
O=C(CCCCN1CCN(c2noc3ccc(Cl)cc23)CC1)c1cc2ccc1OCCCF,,,
CN1CCc2ccccc2Cc2ccc(O)c(Cl)c2CC1,7.957935810089111,7.550389289855957,7.754162549972534
CCCN(CCC)C1COc2c(cccc2-c2ccc(OC)cc2OC)C1,6.056296825408936,6.7134785652160645,6.3848876953125
COc1c(O)ccc2oc3ccc(O)cc3c(=O)c12,7.701355934143066,6.328549385070801,7.014952659606934
CCCN(CCc1ccc(Nc2ccc(C)cc2C)cc1)C1CCc2c(O)cccc2C1,7.520968437194824,7.076539993286133,7.2987542152404785
O=C1N=C(CCN2CCC(c3ccc(F)cc3)CC2)CCN1c1ccc(Cl)c(Cl)c1,6.660310745239258,6.630321025848389,6.645315885543823
COc1ccccc1N1CCN(CCc2ccc3c(c2)OCCO3)CC1,7.119420528411865,6.612685680389404,6.866053104400635
N#Cc1ccnc(C(=O)NCC2CCc3ccc(OCCCN4CCN(c5cccc(Cl)c5)CC4)cc3C2)c1,6.320507526397705,7.308121681213379,6.814314603805542
CCCN1CCc2ccc(Nc3ncc(Cl)c(NC4CCCCC4NC(C)=O)n3)cc2CC1,6.991642951965332,6.852885723114014,6.922264337539673
CC1=NC2=CC(C)CN2C(=O)C1CCN1CCC(c2noc3cc(F)ccc23)CC1,7.326458930969238,7.849917411804199,7.588188171386719
CN1CCN(C2Cn3cccc3Sc3ccc(Cl)cc32)CC1,8.645715713500977,8.372458457946777,8.509087085723877
Cc1ccc(CN2CCC3(CCCN(Cc4cnc5c(Br)ccc(C)n45)C3)CC2)cc1,5.004260063171387,6.142209053039551,5.573234558105469
Cc1ccc(-c2ccccc2CN2CC=C(c3c[nH]c4ccccc34)CC2)cc1,7.054037570953369,6.828927993774414,6.941482782363892
Cc1cc(Br)cc(C)c1NC(=O)NCCCN1CCN(c2nsc3ccccc23)CC1,7.440202713012695,6.648907661437988,7.044555187225342
COc1cc(NC(=O)Cc2ccsc2)c(OC)cc1NC(=O)CN1CCN(c2ccccc2OC)CC1,6.946110725402832,4.641906261444092,5.794008493423462
COc1ccc(S(=O)(=O)NCCCCN2CCC(c3noc4cc(F)ccc34)CC2)cc1,7.604884624481201,7.671619892120361,7.638252258300781
O=C1N(CCC2CCCCC2)CCN1c1ccccc1F,8.276796340942383,7.839681148529053,8.058238744735718
CCCN(CC=CI)C1CCc2ccc3[nH]ccc3c2C1,6.734970569610596,7.081891059875488,6.908430814743042
CCc1ccc(S(=O)(=O)N2CCC(C(=O)N3CCCCCC3)CC2)cc1,7.494801044464111,5.50370979309082,6.499255418777466
CN1CCc2c(sc3ncn(CCN4CCN(c5ccccc5Cl)CC4)c(=O)c23)C1,7.434609413146973,7.534999370574951,7.484804391860962
COc1ccccc1N1CCN(CCCC2CCC(NC(=O)c3ccc(C#N)cc3)CC2)CC1,7.904996871948242,8.901679039001465,8.403337955474854
COc1ccc2coc(C(=O)NC3CCN(Cc4ccccc4)CC3)c2c1,6.065591335296631,6.266360759735107,6.165976047515869
CCCN1CCCC2c3c(cccc3C(N)=O)CCC21,6.597556114196777,6.84343147277832,6.720493793487549
CN(C)CCCN1c2ccccc2Sc2ccc(Cl)cc21,7.078269004821777,6.800233840942383,6.93925142288208
O=S1(=O)N=C(NCCN2CCC(Cc3ccccc3)CC2)c2ccccc21,6.867958068847656,6.469943523406982,6.668950796127319
CCN1CCCC1CNC(=O)c1c(OC)ccc(I)c1O,8.022073745727539,8.65399169921875,8.338032722473145
COc1ccccc1N1CCN(CCCCN2C(=O)CC3(CCCC3)CC2=O)CC1,7.245671272277832,8.553582191467285,7.899626731872559
O=C1CC2(CCCC2)CC(=O)N1CCCCN1CCN(c2nsc3ccccc23)CC1,7.483761787414551,8.605361938476562,8.044561862945557
CC(C)CNC1CCc2cc(Nc3ncc(Cl)c(Nc4ccccc4C(=O)NC4CCCCC4)n3)ccc21,6.779045104980469,6.478111267089844,6.628578186035156
N#Cc1cccc2c1-c1cccc3c1C(C2)N(CCN1CCOCC1)CC3,7.433811664581299,6.983293533325195,7.208552598953247
Fc1cccc(CCCCN2CCN(c3cccc(Cl)c3)CC2)c1,7.217685699462891,7.250711441040039,7.234198570251465
CCCN(CCc1cccs1)C1CCc2c(O)cccc2C1,8.405183792114258,8.605388641357422,8.50528621673584
O=C1COc2ccc(CCN3CCN(c4nsc5ccccc45)CC3)cc2N1,7.664715766906738,6.477509021759033,7.071112394332886
Oc1nc2c(OCCNCc3ccccc3)cccc2[nH]1,8.358394622802734,8.122057914733887,8.24022626876831
Cn1cc(C2=C(c3cn(C4CCN(Cc5ccccc5)CC4)c4ccccc34)C(=O)NC2=O)c2ccccc21,6.051787376403809,6.034458637237549,6.043123006820679
C[N+]1(C)CCC(OC(=O)C(O)(c2ccccc2)c2ccccc2)CC1,5.225616455078125,4.86554765701294,5.045582056045532
Cc1cc2c(s1)Nc1ccccc1N=C2N1CCN(C)CC1,6.933331489562988,7.052985191345215,6.993158340454102
CC(NCC1CCN(CCCc2c[nH]c3ccc(-n4cnnc4)cc23)CC1)c1ccccc1,6.298710346221924,6.804184913635254,6.551447629928589
N#Cc1c2c(cc(N3CCN(CC4COc5ccccc5O4)CC3)n3ncc(C(N)=O)c3n1)CCC2,6.557930946350098,6.338730812072754,6.448330879211426
COc1ccccc1N1CCN(CCCCc2ccc3nc(O)ccc3c2)CC1,8.61880111694336,8.235207557678223,8.427004337310791
O=C(NCCCCN1CCN(c2cccc(Cl)c2Cl)CC1)c1ccc2cn[nH]c2c1,7.425629138946533,9.252967834472656,8.339298486709595
COc1ccc(N2CCN(CCCCCCn3ncc(=O)n(C)c3=O)CC2)cc1,6.032564640045166,6.959043502807617,6.495804071426392
OC1(c2ccc(Cl)c(Cl)c2)c2ccccc2C2=NCCCN21,6.328787803649902,6.022187232971191,6.175487518310547
O=C1CCc2cc(OCCCCN3CCN(c4cccc(Cl)c4Cl)CC3)ccc2N1,8.785455703735352,8.286078453063965,8.535767078399658
COc1ccccc1N1CCN(CCCCc2ccc3nonc3c2)CC1,7.862846374511719,7.100865840911865,7.481856107711792
Cc1ccc2c(N3CCN(CCc4c(C)ccc5c4ccc(=O)n5C)CC3)cccc2n1,6.998298168182373,6.222384929656982,6.610341548919678
CCCN1CCCC1CNC(=O)c1cc(Br)ccc1OC,7.01694393157959,8.077247619628906,7.547095775604248
CCNc1nc2ccc(Cl)cc2n1C1CCN(CCCOc2cccc(C(F)(F)F)c2)CC1,7.660642147064209,7.113887786865234,7.387264966964722
CCCN1CCC(COc2noc3cccc(OC4CCC4)c23)CC1,6.333332538604736,7.001073837280273,6.667203187942505
CN1CCN(C2Cn3cccc3Sc3ccc(Cl)cc32)CC1,8.645715713500977,8.372458457946777,8.509087085723877
OC(c1ccc(Cl)cc1)(c1ccc(Cl)cc1)C12CCC(COCc3ccccc3)(CC1)CC2,6.446830749511719,6.378439903259277,6.412635326385498
CN(C)CCCN1c2ccccc2Sc2ccc(F)cc21,7.108504772186279,6.69473934173584,6.90162205696106
Cc1c[nH]c2ccc(OCCCN3CCN(c4cccc5c4CCC5)CC3)cc12,8.05902099609375,7.476483345031738,7.767752170562744
Cc1ncoc1-c1nnc(SCCCN2CC3CC3(c3cccc(Cl)c3F)C2)n1C,6.914146423339844,8.676923751831055,7.795535087585449
Cc1ccc2nc(C)c(C(=O)OCCN3CCCC3=O)cc2c1,6.02737283706665,5.762333869934082,5.894853353500366
Fc1cccc2c(-c3nc4c([nH]3)CCCNC4)ccnc12,6.132479190826416,5.212639331817627,5.6725592613220215
Cc1ccc2c(c1)nc(CCN1CCN(c3ccccn3)CC1)c1n2CCN(Cc2cccc3ccccc23)CC1,,,
O=C(NCc1ccccc1)C1CCCN1C(=O)C1CC(O)CN1C(=O)CC(c1ccc(F)cc1)(c1ccc(F)cc1)c1ccc(F)cc1,6.630034446716309,6.107738971710205,6.368886709213257
Oc1ccc2c(c1)CCC1C2CCC2(O)C(O)CCC12,5.961173057556152,6.487894058227539,6.224533557891846
O=C1COc2ccc(CCN3CCN(c4nsc5ccccc45)CC3)cc2N1,7.664715766906738,6.477509021759033,7.071112394332886
CC(C)(C)CN1CCC(CNC(=O)CCCN2CCC(c3cccc(Cl)c3Cl)CC2)CC1,6.005477428436279,6.509042739868164,6.257260084152222
Cc1ccc2c(c1)C1CCCN1CCN2C1=NC(=O)Nc1ccccc1,,,
COc1ccccc1N1CCN(CCCCNC(=O)c2ccccc2-c2ccccc2)CC1,7.157219886779785,8.0922212600708,7.624720573425293
COc1cc(-c2nc3ccccc3[nH]2)cc(OC)c1OC,6.074876308441162,6.275548458099365,6.175212383270264
c1ccc2sc(N3CCN(CCCCN4CCOCC4)CC3)nc2c1,6.447071552276611,7.541127681732178,6.9940996170043945
OCc1cccc2cc3cc(C(F)(F)F)nc(O)c3cc12,6.602650165557861,5.960179328918457,6.281414747238159
CC(C)(C)c1ccc(CN2CCN(CCCCn3ncc(=O)n(CC4CCCO4)c3=O)CC2)cc1,6.1797614097595215,7.415393829345703,6.797577619552612
O=C1NCN(c2ccccc2)C12CCN(C1CCCCC1c1ccccc1)CC2,7.532845020294189,7.043514728546143,7.288179874420166
O=C(NC1CCc2ccc(CCN3CCN(c4nsc5ccccc45)CC3)cc21)c1ccncc1,7.00258207321167,6.080057144165039,6.5413196086883545
Oc1[nH]cc2cc(F)c(OCCCN3CCN(c4cccc5ccccc45)CC3)cc12,8.03945541381836,8.071406364440918,8.055430889129639
CN1CCN(c2nc3ccccc3nc2C=S(O)(O)=CC2CCN(Cc3ccccc3)CC2)CC1,6.148894309997559,6.4544854164123535,6.301689863204956
CCCCCCCCCN1CCN(c2ccc3[nH]c(O)nc3c2)CC1,6.918758392333984,6.911551475524902,6.915154933929443
COc1ccccc1N1CCN(CCn2c(-c3ccccc3)nc3ccccc3c2=O)CC1,6.768321990966797,6.9016876220703125,6.835004806518555
CN1CCc2cccc3c2C1Cc1ccc(O)c(O)c1-3,7.594958782196045,7.866140842437744,7.7305498123168945
CC(O)CC1CC2(O)CCC3(C)C(CCC4(O)CC5(C)C(CCC6C5CCC45C)CC34C)C2C1,,,
NC(=O)c1cnc(NC2CCC(NC(=O)c3ccc(Cl)cc3)CC2)s1,7.531350612640381,7.585549354553223,7.558449983596802
O=C1COc2ccc(CCN3CCN(c4nsc5ccccc45)CC3)cc2N1,7.664715766906738,6.477509021759033,7.071112394332886
O=C(NCCCCN1CCN(c2nsc3ccccc23)CC1)c1cc2ccccc2[nH]1,7.502806663513184,8.942609786987305,8.222708225250244
COc1cccc(N2CCN(CCCCNC(=O)c3cccc4c3OCO4)CC2)c1,6.49284029006958,7.729077339172363,7.110958814620972
O=c1c2ccccc2nnn1CSc1cc(F)cc(F)c1,6.444852828979492,6.979049682617188,6.71195125579834
CCCN1CCCCC1Cn1nc(Cc2ccc(Cl)cc2)c2ccccc2c1=O,6.443235874176025,6.896243572235107,6.669739723205566
Cc1sc2ncnc(N3CCN(C(=O)C4CCCCC4)CC3)c2c1C,6.281509399414063,6.044318675994873,6.162914037704468
COc1ccccc1N1CCN(CCCNc2ccccn2)CC1,7.718194961547852,6.342480659484863,7.030337810516357
O=C1NCN(c2ccccn2)C12CCN(C1CCOCC1)CC2,6.593708515167236,5.614566802978516,6.104137659072876
O=S(=O)(NCCN1CCC(c2noc3cc(F)ccc23)CC1)c1cc2ccccc2s1,7.978359699249268,7.84016227722168,7.909260988235474
COc1ccccc1N1CCN(CCCCCn2ncc(Cl)c(Cl)c2=O)CC1,7.979910850524902,8.047811508178711,8.013861179351807
O=C1CCc2ccc(OCCCCN3CCN(c4ccccc4)CC3)nc2N1,8.008027076721191,6.56841516494751,7.288221120834351
O=C1CCc2cc(S(=O)(=O)NCCCCN3CCN(c4cccc(Cl)c4Cl)CC3)ccc2N1,8.079962730407715,8.053234100341797,8.066598415374756
CNCc1ccc(Cl)cc1Oc1ccc(C#N)c(C(F)(F)F)c1,6.359714984893799,5.240885257720947,5.800300121307373
Cc1noc(C)c1S(=O)(=O)NCCCCN1CCC(c2noc3cc(F)ccc23)CC1,7.670116901397705,8.119546890258789,7.894831895828247
CCN(CC)C(=O)c1cccc(OC)c1OC,6.002177238464356,6.777348518371582,6.389762878417969
N#Cc1ccc(CN2CCC(CN3CCC(Oc4ccc(Cl)c(Cl)c4)CC3)CC2)cc1,5.624934673309326,7.610813617706299,6.6178741455078125
Cc1ccc(C(c2ccccc2)N2CCN(Cc3ccccc3)CC2)cc1,6.853934288024902,6.805537700653076,6.829735994338989
COc1cccc(CNc2nc3ccccc3n3ccnc23)c1,6.7073469161987305,5.465572834014893,6.0864598751068115
O=S(=O)(NC1CCC(CCN2CCN(c3ccccn3)CC2)CC1)c1cc2ccc(Cl)cc2s1,7.610488891601562,8.480616569519043,8.045552730560303
COc1ccc(S(=O)(=O)NC2CCC(N3CCN(c4cccc5nc(C)ccc45)CC3)CC2)c(C)c1,6.558614730834961,7.809481620788574,7.184048175811768
N#Cc1ccc(N2CCN(CCCCN3CCCC3=O)CC2)cc1,6.262971878051758,7.979251861572266,7.121111869812012
CC(=O)c1cccc(N2CCN(CCCCc3c[nH]c4ccc(-n5cnnc5)cc34)CC2)c1,7.541128635406494,6.671486854553223,7.106307744979858
Cc1ccc2c(-c3nnc(SCCCN4CCc5sccc5CC4)n3C)cc(F)cc2n1,6.694143772125244,8.150477409362793,7.4223105907440186
CC1=NC2=CC(C)CC(C)(C)N2C(=O)C1,5.9808735847473145,7.884849071502685,6.932861328125
Oc1cc(O)c2c(c1)OC(CNCc1ccccc1)CC2,8.315831184387207,8.594813346862793,8.455322265625
COc1ccccc1N1CCN(CCCC=C(C)c2ccccc2)CC1,7.514357566833496,7.453505516052246,7.483931541442871
Oc1nc2cccc(N3CCN(Cc4ccccc4)CC3)c2o1,8.110122680664062,6.817808628082275,7.463965654373169
O=C1c2ccccc2CCN1CCCCN1CCN(c2nsc3ccccc23)CC1,7.532971382141113,8.162617683410645,7.847794532775879
COc1ccc(N2CCN(CCN3CCC(C(=O)c4ccc5c(c4)OCO5)CC3)CC2)cc1,5.961527347564697,6.300566673278809,6.131047010421753
COc1ccc2c3c1OC1C(O)CCC4(O)C(C2)N(CC2CCC2)CCC314,7.560729503631592,7.111021995544434,7.335875749588013
CC(C)c1nccn1S(=O)(=O)c1ccc(Cl)cc1,6.494215488433838,6.244320392608643,6.36926794052124
Fc1ccc(CN2CCC(CCNc3ccc4c(c3)C3(CCN(Cc5c[nH]c6ccccc56)CC3)CC2)cc1,,,
COc1ccc(CC(CN)NC(=O)c2ccc(-c3ccncc3)cc2)cc1,5.254938125610352,6.2840423583984375,5.7694902420043945
CN1CCC(CC2CCC(CNC(=O)N3CCOCC3)CC2)(c2ccc(Cl)c(Cl)c2)CC1,5.833082675933838,7.332058429718018,6.582570552825928
CC(C)(C)c1ccc(CSCCCNC(=O)c2c[nH]c3ccccc23)cc1,6.040294170379639,6.636804580688477,6.338549375534058
CSc1nnc(-c2ccc(-c3ccc(F)cc3)cc2)n1-c1ccc(F)c(F)c1,5.774900436401367,6.986543655395508,6.3807220458984375
Cc1ccc2c(N3CCN(CCc4cccc5c4CCC(=O)N5C)CC3)cccc2n1,7.326031684875488,6.903675556182861,7.114853620529175
COc1cc(NC(=O)C2CC2)c(Cl)cc1C(=O)NC1CCN(C2CCCCC2)C1,6.482539176940918,7.776809215545654,7.129674196243286
COc1cc(N)c(Cl)cc1C(=O)OCCN1CCN(c2ccccc2OC)CC1,7.427373886108398,7.078056335449219,7.252715110778809
CC(C)CN(C)C1CCN(C(=O)c2ccc(-c3cccc(Cl)c3)cc2)CC1,6.198216438293457,6.418178558349609,6.308197498321533
CCCN1CCCC2Cc3n[nH]cc3CC21,7.44367504119873,7.752826690673828,7.598250865936279
CCCN(CCC)C1CCc2c(ccc3ccccc23)C1,7.29579496383667,7.6994948387146,7.497644901275635
O=C(CCCCCCCCCCN=C(NCCc1ccccc1)Nc1nccs1)NCc1ccccc1,6.050464630126953,5.463273048400879,5.756868839263916
N#Cc1ccc2[nH]c(CN3CCN(c4ccc(F)cc4)CC3)cc2c1,5.863308429718018,5.053999423980713,5.458653926849365
COc1ccc(Cl)cc1N1CCN(CCCCOc2ccc3c(c2)CNC3=O)CC1,8.565149307250977,8.271432876586914,8.418291091918945
COc1ccccc1N1CCN(Cc2coc3ccccc23)CC1,7.0499701499938965,6.790600299835205,6.920285224914551
Oc1cc(N2CCOCC2)[nH]c1C=C1CCCN=C1c1ccccc1,6.611941814422607,5.796092987060547,6.204017400741577
COc1ccccc1N1CCN(CCCNc2ncccc2C(=O)N(C)C)CC1,6.982267379760742,6.442351341247559,6.71230936050415
CN(C)C1CC(c2ccc(Cl)c(Cl)c2)c2ccccc21,6.844677925109863,5.809042930603027,6.326860427856445
O=C(NCCCN1CCN(c2ccc(Cl)c(Cl)c2)CC1)c1ccc(O)cc1,6.280900955200195,6.881556510925293,6.581228733062744
Cc1nc2ccc(N3CCN(CCCCNC(=O)c4cccc5ccccc45)CC3)cc2o1,6.429207801818848,7.112808227539063,6.771008014678955
CCCN(CCN1CCN(c2ccc(Cl)c(Cl)c2)CC1)C1CCc2nc(N)sc2C1,6.773881912231445,8.568808555603027,7.671345233917236
N#Cc1cccc(C(=O)NC2CCC(NCc3ccc(F)cc3)CC2)c1,7.031231880187988,7.942193984985352,7.48671293258667
Cc1ccc2c(N3CCN(CCc4cccc(NC(=O)c5ccccc5Cl)c4)CC3)cccc2n1,6.763670444488525,6.628532886505127,6.696101665496826
COc1cccc(-c2ccc(C3(NC(=O)CCCN4CCN(c5ccccc5OC)CC4)CC3)cc2)c1,7.590078353881836,7.322670936584473,7.456374645233154
CC(NC(=O)c1ccccn1)c1cccc(C(F)(F)F)c1,6.550704479217529,6.2173848152160645,6.384044647216797
O=C(NCC1CCC(CO)CC1)NC1CCCc2cc(CCN3CCN(c4nsc5ccccc45)CC3)ccc21,6.761519908905029,7.357219696044922,7.059369802474976
COc1ccccc1N1CCN(CCCCNC(=O)c2ccccn2)CC1,7.269596099853516,8.193883895874023,7.7317399978637695
CN1CCN(C2Cc3cccc(O)c3Sc3ccc(-c4nnn(C)n4)cc32)CC1,8.053887367248535,7.201773643493652,7.627830505371094
CC(C)(C)c1nc(N2CCN(CCCCN3CCC(C#N)(c4ccccc4)CC3)CC2)cc(C(F)(F)F)n1,6.622997283935547,7.789035797119141,7.206016540527344
CC(=O)NC(Cc1cnc[nH]1)C(=O)NC(Cc1ccccc1)C(=O)NC(CCCNC(=N)N)C(=O)NC(Cc1c[nH]c2ccccc12)C(N)=O,6.417685508728027,4.671183109283447,5.544434309005737
CCCN(CCC1CCC(NS(=O)(=O)c2ccccc2)CC1)C1CCc2nc(N)sc2C1,7.355894565582275,8.81656551361084,8.086230039596558
CCCN(CCC)C1Cc2cccc3c2N(C1)C(=O)CC3,6.99600887298584,7.300335884094238,7.148172378540039
COc1ccccc1N1CCN(Cc2ccc(CN3CCCC3=O)n2C)CC1,7.3127665519714355,6.252074241638184,6.78242039680481
O=C1NC(=O)C2C1Cc1ccc(Br)cc1C2=NN(CCO)CCO,6.204995155334473,6.352756500244141,6.278875827789307
COc1ccccc1N1CCN(CCCCNC(=O)c2ccc3c(c2)N(C)C(=O)CCS3)CC1,7.737501621246338,7.927793979644775,7.832647800445557
O=C1CCc2ccc(OCCCCN3CCN(c4cccc(Cl)c4Cl)CC3)nc2N1,8.820858001708984,7.946710586547852,8.383784294128418
NCCCOc1cc(-c2ccc(Nc3nc4ccccc4o3)cc2)c2c[nH]c(O)c2c1,7.252196311950684,6.30189847946167,6.777047395706177
O=C(NCCN1CCN(c2nsc3ccccc23)CC1)c1cc2cc3ccccc3cc2o1,6.345252513885498,7.035006046295166,6.690129280090332
NC1CCN(c2ncnc3[nH]nc(OCCN4CCN(c5ccccc5Cl)CC4)c23)CC1,7.097822189331055,6.367005348205566,6.7324137687683105
CCCCN(CCCC)C1CCc2c(O)cccc2C1,7.942216396331787,8.147453308105469,8.044834852218628
CCOc1ccccc1CN1CCN(CCCCC(=O)NC2CCCc3ccccc32)CC1,5.4978132247924805,7.0934247970581055,6.295619010925293
COc1cccc(C(C)(C)CNCc2ccc3c(c2)CCNC3=O)c1,7.018321990966797,6.761466979980469,6.889894485473633
COc1ccc(N2CCN(c3ccc(C)c(NC(=O)c4ccc(C#N)cc4)c3)CC2)cc1,5.4490966796875,4.833627223968506,5.141361951828003
CCN(CC)CCCN1c2ccccc2Oc2ccc(Cl)cc21,6.899889945983887,6.431694507598877,6.665792226791382
COc1cccc(C(=O)NCC2CCCN(CC3COc4ccccc4O3)C2)c1,6.6881022453308105,6.31688117980957,6.50249171257019
N#Cc1ccc2c(-c3ccncc3)c(-c3ccc(F)cc3)nn2c1,5.515712738037109,5.304797649383545,5.410255193710327
OC(COc1cccc2[nH]ccc12)CN1CCC(Cc2ccc(F)cc2)CC1,6.107913017272949,6.8577985763549805,6.482855796813965
Cc1ccccc1-n1c(C)cc(C(=O)COC(=O)c2cccnc2SCC(=O)Nc2cccc3n[nH]nc23)c1C,5.616918563842773,4.637369632720947,5.12714409828186
CCCN(CCC)C1CCc2c(sc(NC(=O)Nc3ccc(C(F)(F)F)cc3)c2C(N)=O)C1,7.403014659881592,7.358439922332764,7.380727291107178
COc1ccccc1N1CCN(CCCc2ccc3c(c2)sc(=O)n3CCN2CCC(C(=O)c3ccc(F)cc3)CC2)CC1,7.822451591491699,7.311993598937988,7.567222595214844
O=C1NCN(c2ccccc2)C12CCN(C1CCCCCC1(O)c1nc3c(F)cccc3[nH]1)CC2,7.313320636749268,7.175440311431885,7.244380474090576
CCCN(CCC1CCC(NC(=O)C=Cc2ccc(-c3cccc(F)c3)cc2)CC1)C1CCc2n[nH]c(C)c2C1,6.769365310668945,8.08847427368164,7.428919792175293
N#Cc1ccccc1-c1cccnc1NC1CCN(CCCC(c2ccc(F)cc2)c2ccc(F)cc2)CC1,6.691152095794678,6.375249862670898,6.533200979232788
COc1ccccc1CN1CCC(N2CCN(c3cccc4nc(C)ccc34)CC2)CC1,6.144489765167236,5.851720809936523,5.99810528755188
Oc1[nH]cc2ccc(OCCCCN3CCN(c4cccc5c4OCCO5)CC3)cc12,8.642915725708008,8.086116790771484,8.364516258239746
CCN1C(=O)CCC1CN(Cc1ccc(F)cc1)C(=O)c1ccc(-n2cccn2)cc1,6.71673583984375,6.147578716278076,6.432157278060913
CCCN(CCC)C1CCc2nc(N)cc(O)c2C1,7.107374668121338,8.526385307312012,7.816879987716675
CCCN(CCC)C1CN(c2cccc(C)c2)C(=O)CC1c1ccc(OC)cc1,6.768844127655029,6.843041896820068,6.805943012237549
CC1CN(C2CCC(c3ccc(F)cc3)CC2)CCN1CC(=O)NCc1cccc(C(F)(F)F)c1,6.059496879577637,7.2894110679626465,6.674453973770142
CC(C)(O)CCN1CCN(c2ncnc3c2[nH]c2ccccc23)CC1,6.1977081298828125,6.230583190917969,6.214145660400391
NC(=O)c1cccc(OC2CC3CCC(C2)N3Cc2ccccc2)c1,7.17247486114502,7.749998092651367,7.461236476898193
O=C1CC2(CCC2)CC(=O)N1CCN1CCN(c2c(F)cccc2F)CC1,6.690621852874756,7.7353315353393555,7.212976694107056
CC1CN(C2CCN(C(=O)c3ccc(C(C)(C)C)cc3)CC2)CCN1C(=O)c1ccc(C(F)(F)F)cc1,6.012099742889404,7.103054046630859,6.557576894760132
CCN(CC)CCOc1ccc(NC(=O)Nc2ccc3c(c2)OCO3)cc1,7.824553966522217,5.4939470291137695,6.659250497817993
COc1ccc2c(c1)CC(C(=O)NCCCN1CCN(c3ccccc3OC)CC1)CC2,6.789852142333984,6.805748462677002,6.797800302505493
O=C(c1nc2ccccc2[nH]1)C1CCN(CCCc2ccccc2)CC1,6.84521484375,6.775757789611816,6.810486316680908
O=C(NC(Cc1c[nH]c2ccccc12)C(=O)Nc1ccncc1)c1ccc(N2CCNCC2)cc1F,5.201560497283936,4.847936153411865,5.0247483253479
COc1cc(NC(=O)CCCCN2CCOCC2)ccc1NC(C)=O,5.702564239501953,5.267142295837402,5.484853267669678
CC1CN(C2CCC(C(=O)NCc3ccc(Cl)cc3)CC2)CCN1C(=O)c1ccc(Cl)cc1,6.11517858505249,7.087885856628418,6.601532220840454
COc1cc(C2c3c([nH]c4ccccc34)C(=N)C2C#N)cc(OC)c1OC,5.8101115226745605,5.601292610168457,5.705702066421509
COc1ccc(CCCCNCCOc2cc(F)cc3c2OC(C)(C)C3)cc1,8.614326477050781,6.523113250732422,7.568719863891602
CC1CN(c2cccc(C(F)(F)F)n2)CCN1C(=O)c1ccc(F)cc1,6.667449951171875,6.613875389099121,6.640662670135498
O=C1N(CCN2CCCC2)CN(c2ccccc2)C12CCN(Cc1ccc3ccccc3c1)CC2,7.996259689331055,7.6642560958862305,7.830257892608643
CC(C)C(NC(=O)C1CCCN1C(=O)NC(C)C(=O)NCC1CCN(Cc2ccccc2)CC1)C(=O)O,6.211223125457764,6.536223411560059,6.373723268508911
O=C(CCCCCCCC(=O)NCc1ccccc1)NCCc1ccccc1,6.013225555419922,5.533795356750488,5.773510456085205
COc1ccc2c(c1)c(Cc1ccc3c(c1)OCO3)cn2CCCN1CCN(c2ccc(Cl)cc2)CC1,5.934203624725342,5.806710243225098,5.87045693397522
N#Cc1cccc(C(=O)NCC2CCN(CC3COc4ccccc4O3)CC2)c1,7.103389739990234,7.563865661621094,7.333627700805664
COc1ccccc1N1CCN(CCCCN2CCc3cc(OC)c(OC)cc3C2=O)CC1,6.757515907287598,8.252464294433594,7.504990100860596
Cc1cc(C(=O)NC2CCC(Nc3nccc(-c4cccs4)n3)CC2)no1,6.142355442047119,6.898976802825928,6.520666122436523
COc1ccc2c(c1)CCN(CCCCNC(=O)c1cc3cccc(C#N)c3s1)CC2,6.814538478851318,8.02935791015625,7.421948194503784
COc1cc2c(cc1OC)C1=NOC(CN3CCN(CC(C)=Cc4cc5c(cc4F)OCO5)CC3)C1CO2,5.592419624328613,6.1055216789245605,5.848970651626587
CCOc1ccccc1N1CCN(CCn2c(=O)[nH]c3c(sc4ccc(NC(=O)COc5ccccc5)cc43)c2=O)CC1,7.268492698669434,6.694887161254883,6.981689929962158
COc1ccc(N2CCN(CCN3C(=O)C4CCCN4C3=O)CC2)cc1,4.968743801116943,6.187619686126709,5.578181743621826
Oc1[nH]cc2ccc(OCCCCN3CCN(c4cccc5cccc(F)c45)CC3)cc12,8.384243965148926,8.055950164794922,8.220097064971924
Cc1cccc(NC(=O)NN2c3ccc(Cl)cc3N=C(N3CCCCC3)c3ccccc32)c1,6.641292095184326,6.202136516571045,6.4217143058776855
Cc1ccccc1C1CC1C(N)=O,6.219727993011475,5.964759826660156,6.092243909835815
COc1ccccc1N1CCN(CCCCNC(=O)c2cc3ccccc3o2)CC1,7.030130386352539,8.543243408203125,7.786686897277832
CN1CCN(c2ccc(C(=O)Nc3[nH]nc4ccc(-c5cc(F)cc(F)c5)cc34)c(NC3CCOCC3)c2)CC1,6.110084533691406,5.7722907066345215,5.941187620162964
O=C(Cc1ccc2c(c1)CCC2)NCC(O)c1ccc(O)c(Br)c1,6.386825084686279,5.412005424499512,5.8994152545928955
COc1ccccc1N1CCN(CCCCn2ncc(=O)n(C)c2=O)CC1,7.234968662261963,7.482704162597656,7.35883641242981
COc1cc(N)c(Cl)cc1C(=O)NC1CCN(Cc2ccccc2)CC1OC,7.350329399108887,7.214853763580322,7.2825915813446045
Cc1c(N2CCCC2=O)cccc1S(=O)(=O)NC1CCN(Cc2ccc(Cl)cc2)C1,7.143442153930664,7.661251068115234,7.402346611022949
CCCN(CC1CC1)C1CCc2cn(CCF)c3ccc(O)cc23,,,
COc1cccc2c1-c1ccc3c(c1C(c1ccccc1)O2)C(C)=CC(C)(C)N3,4.915174007415772,5.867516040802002,5.391345024108887
CN1CCN(c2cccc3c2CCCC3)CC1,7.924788475036621,6.758324146270752,7.3415563106536865
CCCN(CCc1ccc(C#N)cc1)C1CCc2c(O)cccc2C1,8.23420524597168,8.372283935546875,8.303244590759277
CCCN(CCC)C1CCc2c(C)ccc(O)c2C1,7.500114440917969,7.963754653930664,7.731934547424316
COc1ccccc1N1CCN(CCCCNC(=O)c2ccc(C)cc2)CC1,7.418456077575684,8.534900665283203,7.976678371429443
CN(C)CCc1c[nH]c2ccc(C#N)cc12,7.075100898742676,6.177987575531006,6.626544237136841
COc1cccc(N(C)C(=O)c2c[nH]c3ccccc23)c1,5.766549110412598,5.145558834075928,5.456053972244263
c1ccc(-c2cc3cccnc3[nH]2)cc1,7.411065101623535,6.936460494995117,7.173762798309326
O=C(NCCCCCNC(=O)Nc1cccnc1)Nc1cccnc1,7.578397274017334,6.253835678100586,6.91611647605896
O=C1C2CCCN2C(=O)N1CCCCN1CCN(c2cccc(Cl)c2Cl)CC1,7.352875709533691,8.732893943786621,8.042884826660156
CN1CCCCC1CNC(=O)c1ccc(F)c(S(=O)(=O)NC2CCCCC2)c1,6.617024898529053,8.351532936096191,7.484278917312622
COc1ccccc1N1CCN(Cc2cnn(-c3ccccc3)c2)CC1,7.607024192810059,7.123772144317627,7.365398168563843
N#Cc1cccc(-c2ccc3[nH]c(C4CC4)nc3c2)c1,6.562514781951904,6.478953361511231,6.520734071731567
COc1ccc(F)cc1S(=O)(=O)NC1CCC(N2CCN(c3ccccc3OC(C)C)CC2)CC1,7.475886344909668,8.458253860473633,7.96707010269165
COc1ccccc1N1CCN(CCCCn2ncc3c2nc(Nc2cccc(Cl)c2Cl)CC3)CC1,7.87612771987915,7.716512680053711,7.796320199966431
COc1cccc2sc(C)c(C(=O)N3CCN(c4ccc(Cl)cc4Cl)CC3)c12,5.258621692657471,5.946284294128418,5.602452993392944
COc1ccccc1N1CCN(CC=CCN2C(=O)CC3(CCCC3)CC2=O)CC1,6.921116352081299,8.083023071289062,7.502069711685181
CN1CCc2c(sc3ncn(CCN4CCN(c5ccccc5OC(F)(F)F)CC4)c(=O)c23)C1,7.478641033172607,7.585573196411133,7.53210711479187
COc1cccc(C(=O)NCC(=O)NCC2CCCN2)c1,5.586510181427002,5.83211088180542,5.709310531616211
CCC1=CC2Cc3nc4cc(F)ccc4c(N)c3C(C1)C2,6.499478816986084,6.339118957519531,6.419298887252808
COc1ccccc1N1CCN(CCCCNC(=O)c2cc3ccccc3[nH]2)CC1,7.458228588104248,9.089479446411133,8.27385401725769
Cc1cc2c(OCc3nnc4sc(-c5ccccc5)nn2c3C)cccc1OC(C)C,,,
Oc1[nH]cc2ccc(OCCCCN3CCN(c4cccc5cc(C(F)(F)F)ccc45)CC3)cc12,8.4569730758667,7.877246856689453,8.167109966278076
CCN(CC)Cc1cccc(C(c2c[nH]c3cc(NC(C)=O)ccc23)N2CCN(Cc3cc(F)ccc3C)CC2)c1,6.034426689147949,6.221606731414795,6.128016710281372
COc1cccc(CCNCc2ccccc2)c1OC,6.774620056152344,7.118602752685547,6.946611404418945
CN1C(=O)CCC1C(=O)NCCCCN1CCC(c2noc3cc(F)ccc23)CC1,7.563281059265137,7.588990688323975,7.576135873794556
Cc1cc2c(C(F)(F)F)noc2c(CCN2CCN(c3ccccc3OC(C)C)CC2)n1,7.13347053527832,7.012969017028809,7.0732197761535645
CCN1CCOCCOCCN(CCCCc2c[nH]c3ccc(-n4cncn4)cc23)C1=O,6.595169544219971,4.981006145477295,5.788087844848633
COc1ccccc1N1CCN(Cc2cccc(C(=O)N3CCCCCC3)c2)CC1,7.381331443786621,6.377747058868408,6.879539251327515
Cc1ccc(S(=O)(=O)NCC2CCC(C(=O)NCC3CCC(NC(=O)OC(C)(C)C)CC3)CC2)cc1,7.157456398010254,7.958858966827393,7.558157682418823
COc1ccc2[nH]cc(CCN(CCCCCCC(C)=O)C(=O)Nc3cccc(-c4ccccc4F)c3)c2c1,6.893765926361084,5.763432025909424,6.328598976135254
COc1ccccc1N1CCN(CCCCNC(=O)c2cc3ccccc3s2)CC1,7.43854284286499,9.065712928771973,8.252127885818481
COc1ccccc1N1CCN(CCCCNC(=O)C=Cc2ccc(F)cc2)CC1,7.684574604034424,8.851425170898438,8.26799988746643
Cc1nc2cccc(C)c2n1C1CCc2cc(NCCSCCNC(=O)Cn3ccnc3)ccc21,5.5758585929870605,5.881800174713135,5.728829383850098
Cc1cccc(CCNCc2cccc(Br)c2)c1,6.879117012023926,6.691483974456787,6.7853004932403564
Cc1ccc2c(C(C)C)c(O)c(O)cc2n1,6.806270122528076,5.133305549621582,5.969787836074829
CCC(=O)Nc1ccc(O)c(C(=O)NCCC2CCN(Cc3ccccc3)CC2)c1,6.131716251373291,6.892161846160889,6.51193904876709
CC(C)=CCCCC1=CCC(=O)C2C1CCC2(C)C(NC(=O)C=Cc1ccccc1)c1ccccc1,6.158453464508057,6.163782119750977,6.161117792129517
Oc1c(F)ccc2c1CCC2CCNCCOc1cccc2c1CCCC2,7.847258567810059,7.442025661468506,7.644642114639282
COc1ccccc1N1CCN(CCn2c(=O)[nH]c3c(sc4ccc(NC(=O)CCCCC(=O)NCc5ccccc5)cc43)c2=O)CC1,7.810450553894043,6.546205520629883,7.178328037261963
O=C1N(Cc2ccccc2)CCN1c1cccc(C(F)(F)F)c1,7.026156902313232,7.377178192138672,7.201667547225952
CCCN(CCC1CCC(NS(=O)(=O)c2ccc(-c3ccc(F)cc3F)cc2)CC1)C1CCc2nc(N)sc2C1,7.241063594818115,8.664985656738281,7.953024625778198
O=S(=O)(NC1CCC(CCN2CCN(c3cccc(Cl)c3Cl)CC2)CC1)c1cc2ccccc2s1,7.848799705505371,8.947555541992188,8.39817762374878
CCCN1CCC=C(c2ccc(Nc3nc(Nc4ccccc4C(N)=O)c4cc[nH]c4n3)c(C)c2)C1,7.050619125366211,5.90915060043335,6.47988486289978
CC(=O)NC1CCc2ccc(CCN3CCN(c4nsc5ccccc45)CC3)cc21,7.416705131530762,6.034064769744873,6.725384950637817
COc1ccccc1N1CCN(CCCc2ccccc2)CC1,7.306686878204346,6.567086219787598,6.936886548995972
Cc1ccc([N+](=O)[O-])cc1S(=O)(=O)NCC1CCC(NC(=O)CN2CCN(c3ccccc3OC(F)(F)F)CC2)CC1,7.40801477432251,7.901402473449707,7.654708623886108
COc1cccc(C2=NN(CCCCCNCC(O)c3ccc(Cl)c(Cl)c3)C(=O)C3CCCCC23)c1,6.374017715454102,6.941567420959473,6.657792568206787
CCCCCCCN1C=CC(=NC(=O)c2cc3ccccc3o2)C(=O)N1,5.632862091064453,5.498247623443604,5.565554857254028
CCC(CO)NC(=O)C1=CC2c3cccc4[nH]cc(c34)CC2N(C)C1,6.6417999267578125,6.877512454986572,6.759656190872192
CCCN(CCC)C1CCc2c(cccc2-c2ccccc2OC)C1,7.136136531829834,7.189616680145264,7.162876605987549
COc1ccccc1N1CCN(CCCCNC(=O)c2ccc(Cl)cc2)CC1,7.439041614532471,8.88364028930664,8.161340951919556
COc1ccccc1N1CCN(CCCCNS(=O)(=O)c2ccc3ccccc3c2)CC1,7.750989437103271,7.942070960998535,7.846530199050903
N#Cc1ccc(-c2ccc(CSc3nnc(-c4ccc5c(c4)OCO5)o3)cc2)cc1,5.472655773162842,6.826139450073242,6.149397611618042
Clc1ccccc1N1CCN(CCCCNc2ncccc2-c2nc3ccccc3[nH]2)CC1,8.016080856323242,7.795187473297119,7.905634164810181
Oc1cc(N2CCN(CCCCCN3CCN(c4cccc(Cl)c4Cl)CC3)CC2)cc2c1OCCO2,7.745943069458008,8.279555320739746,8.012749195098877
O=S(=O)(NCCCCN1CCC(c2noc3cc(F)ccc23)CC1)c1cc2ccccc2s1,7.821849822998047,8.171528816223145,7.996689319610596
CCCNc1cccc(N2CCCC2)n1,9.19753360748291,6.967659950256348,8.082596778869629
CCC1CCCCN1C(=O)c1oc2ccccc2c1NC(=O)CCC(N)=O,6.964014053344727,4.444353103637695,5.704183578491211
COc1cccc2c(O)nc(CCCCN3CCN(c4cccc(Cl)c4Cl)CC3)nc12,7.885836124420166,7.939478874206543,7.9126574993133545
COc1cc(NC(=O)C2Cc3ccccc3CN2C(=O)c2ccccc2F)ccc1-c1cnco1,5.654760360717773,4.931072235107422,5.292916297912598
ON=C(O)c1cnc2ccc(CCNCC(c3ccco3)c3ccccc3)cc2c1,5.473876953125,5.6689453125,5.5714111328125
COc1cc2c3c(c1OC)-c1c(OC)c(OC)cc3C1CC(C)(C)N2,,,
Oc1ccc2c(n1)OC(CNCc1ccc(I)cc1)CC2,9.248235702514648,8.342020034790039,8.795127868652344
NCC1CCC(CNc2nc(NCc3ccccc3Cl)ncc2[N+](=O)[O-])CC1,6.645355224609375,6.950852394104004,6.7981038093566895
COc1ccccc1N1CCN(CCCCNC(=O)C=Cc2ccc3c(c2)Cc2ccc(O)cc2-3)CC1,7.601979255676269,8.902969360351562,8.252474308013916
CCCN(CCC)C1CCc2ccc(OS(=O)(=O)C(F)(F)F)cc2C1,6.899405956268311,6.890395164489746,6.894900560379028
O=C(Nc1ccc2[nH]cc(C3CCN(Cc4ccccc4)CC3)c2c1)c1ccsc1,6.794870376586914,6.226130485534668,6.510500431060791
Nc1ccc2c(C(=O)O)n(-c3ccc4c(c3)OCCO4)cc2c1,6.648472309112549,4.988199234008789,5.818335771560669
COc1cccc(C(=O)NCCCN2CCN(c3ccccc3C#N)CC2)c1OC,6.896620273590088,7.057014465332031,6.97681736946106
COc1ccccc1N1CCN(CCCCNC(=O)c2ccc3ccn(C)c3c2)CC1,7.369816780090332,8.504530906677246,7.937173843383789
C#CCN1CCC(C(=O)N(CCCN2CCN(c3ccc(C(F)(F)F)cc3)CC2)C1,,,
C=CCN1CCCC1CNC(=O)c1ccc(OCc2ccc(Br)cc2)cc1,6.329766273498535,7.771466255187988,7.050616264343262
CCOc1ccccc1N1CCN(CCCCNC(=O)c2cc3ccccc3[nH]2)CC1,7.47743034362793,9.358736038208008,8.418083190917969
O=C(NC(Cc1c[nH]c2ccccc12)C(=O)Nc1ccncc1)c1ccc(Br)cc1,5.616363525390625,5.583321571350098,5.599842548370361
CCCN(CCCCN1CCN(c2cccc(Cl)c2Cl)CC1)C1CCc2c(O)cccc2C1,8.297713279724121,9.064860343933104,8.681286811828613
O=C1CC(c2ccccc2)CC(=O)C1C(c1ccccc1)C1CCCC1,5.979818820953369,6.6981072425842285,6.338963031768799
CCc1cc(O)cc(C)c1CC(N)C(=O)N1CCN(c2ccc(Cl)cc2Cl)CC1,6.7636799812316895,6.433394908905029,6.598537445068359
COc1ccc(CCN2CCN(CCOc3ccc(F)cc3)CC2)cc1,6.4254889488220215,6.374069213867188,6.3997790813446045
CCCCNC1CCc2cccc3c2C1Cc1cccc(O)c1-3,6.582141399383545,7.08672571182251,6.834433555603027
CN1CCc2c(sc3ncn(CCN4CCN(c5ccccc5OCCF)CC4)c(=O)c23)C1,7.513757705688477,7.167550086975098,7.340653896331787
O=C1N(CCN2CCCCC2)CCN1c1cccc(Cl)c1,8.017598152160645,7.75933027267456,7.8884642124176025
O=C(CCCCCn1c(O)ccc1O)Nc1ccc(C2CCC3(CC2)OCCO3)cc1,5.570960521697998,6.264333724975586,5.917647123336792
COc1cccc(CN2CCN(CC3COc4ccccc4O3)CC2)c1,6.515677452087402,6.545403480529785,6.530540466308594
COc1cccc(N2CCN(CCCCc3ccccc3)CC2)c1,7.084469795227051,7.419906139373779,7.252187967300415
Cc1ccc2c(-c3nnc(SCCCN4CCc5cc6nc(C)oc6c(C)c5CC4)n3C)cccc2n1,6.239501953125,7.316581726074219,6.778041839599609
COc1cc2c(cc1F)C(c1ccccc1F)=Nc1c(C)nn(-c3ccccc3)c1O2,4.838982582092285,6.126250267028809,5.482616424560547
CCCNC1CCc2c(O)cccc2C1,7.444726943969727,8.274491310119629,7.859609127044678
CC(C)(C)c1ccc(Cn2cc(CCCN3CCC(N4CCCCC4)CC3)c3cc(OCCF)ccc32)cc1,6.079166412353516,6.034525394439697,6.0568459033966064
O=C(NCCCN1CC(O)C(O)C1)c1cc(-c2ccccc2)nc2ccc(Cl)cc12,5.345256805419922,6.633388519287109,5.989322662353516
O=C(NCC(c1ccccc1)N1CCN(CCCc2c[nH]c3ccc(-n4cnnc4)cc23)CC1)c1ccc(F)cc1,6.842233180999756,6.488956451416016,6.665594816207886
CCc1ccccc1N1CCN(Cc2ccc3nccnc3c2)CC1,6.437851428985596,6.45848560333252,6.448168516159058
O=C1CCc2ccc(OCCCCN3CCN(c4cccc(Cl)c4Cl)CC3)nc2N1,8.820858001708984,7.946710586547852,8.383784294128418
CC(C)(C)c1nnc(SCCCN2CCC3(CC2)CCN(c2nc(N)c4cc(F)ccc4n2)CC3)n1CC1CC1,6.085929870605469,8.390427589416504,7.238178730010986
CCCCN1CCC(COC(=O)c2cc3ccccc3s2)CC1,5.376616477966309,6.359143733978272,5.86788010597229
O=C(NC1CCC(O)CC1)c1ccc(-c2cnc3cccc(Cl)c3n2)cc1,5.579085350036621,7.070289611816406,6.324687480926514
COc1ccccc1N1CCN(CCCSc2nc3ccc(F)cc3s2)CC1,7.774156093597412,8.349124908447266,8.061640501022339
CN1CCCC1CCN1CCC(c2cn(-c3ccc(F)cc3)c3ccc(Cl)cc23)CC1,7.303943634033203,6.309304237365723,6.806623935699463
Cc1cccc(C(=O)NCC(=O)NNC(=O)C2(C)CC2(Cl)Cl)c1,5.612724304199219,6.046257019042969,5.829490661621094
O=C1CCc2ccc(OCCCCN3CCN(c4cccc(Cl)c4Cl)CC3)nc2N1,8.820858001708984,7.946710586547852,8.383784294128418
Cc1nc2ccccc2c(C(=O)CN2CCCC2)c2ccccc2n1,5.169005870819092,4.65379810333252,4.911401987075806
C=C1C=C(N2CCN(C)CC2)Cc2nc(-c3c(NCC(O)c4ccc(Cl)cc4)ccnc3O)[nH]c21,5.8022565841674805,6.687500476837158,6.244878530502319
CCN1C(=O)C2C(c3ccccc3)N=CN2C1=O,4.792332172393799,6.095808029174805,5.444070100784302
O=C(NC1CCC(CCN2CCN(c3cc(Cl)ccc3Cl)CC2)CC1)c1ccc2c(c1)Cc1ccccc1-2,7.119500637054443,8.34627628326416,7.732888460159302
COc1ccccc1N1CCN(CCCCNC(=O)c2ccc(OCCCOc3ccc(-c4nc(C)c(C)o4)cc3C)cc2)CC1,6.448314666748047,7.840439796447754,7.1443772315979
Oc1nc2ccccc2n1CCC1CCCCN1CCN(c2ccc(Cl)cc2)CC1,,,
COc1ccccc1N1CCN(CCn2c(C)nc3ccccc32)CC1,6.874180316925049,6.39871072769165,6.63644552230835
CN1CCc2cc(Cl)c(O)cc2C2c3cccc(-c4ccn5c(C(F)(F)F)cccc45)c3CCC21,6.276869297027588,6.110016822814941,6.193443059921265
O=C(NCCCCN1CCN(c2cccc(Cl)c2Cl)CC1)c1cc(-c2cccs2)c[nH]1,7.477367877960205,9.45578956604004,8.466578722000122
O=C(NCCCCN1CCN(c2cccc(Cl)c2Cl)CC1)c1ccccc1,7.537886619567871,8.840494155883789,8.18919038772583
CCCN(CCC)C1CCc2cccc(O)c2C1,7.518751621246338,8.177104949951172,7.847928285598755
CCCN(CCC)C1CCc2c(O)cccc2C1,8.197704315185547,8.453164100646973,8.32543420791626
CCOc1ccccc1N1CCN(CCCCc2cc(-c3ccc(F)cc3)no2)CC1,6.89170503616333,8.30621337890625,7.59895920753479
CCCN(CCCNc1ccnc2cc(Cl)ccc12)C1CCc2c(O)cccc2C1,7.90068244934082,8.08176326751709,7.991222858428955
CCCN(CCN1CCN(c2ccc(-c3ccccc3)cc2)CC1)C1CCc2c(O)cccc2C1,7.487314701080322,8.477007865905762,7.982161283493042
COc1ccccc1N1CCN(CCCCNC(=O)c2cc3ccccc3o2)CC1,7.030130386352539,8.543241500854492,7.786685943603516
COc1ccc(N2CCN(CCCNc3ncnn4ccc(C#N)c34)CC2)cc1,5.756704330444336,5.302138805389404,5.52942156791687
CCCN(CCC)C1CCc2ccc3[nH]c(O)cc3c2C1,7.509315013885498,7.736579895019531,7.622947454452515
OC(COc1ccc(Cl)cc1)CN1CCN(Cc2ccccc2)CC1,4.8517608642578125,5.774012088775635,5.312886476516724
COc1ccccc1N1CCN(CCCCNC(=O)c2ccccc2Cc2ccccc2)CC1,7.137897968292236,7.7559638023376465,7.446930885314941
CCCN(CCC)C1CCc2c(O)cccc2C1,8.197704315185547,8.453164100646973,8.32543420791626
CC(Cc1cccc(CCCN)c1)NCCc1ccc(O)c(O)c1,5.785387992858887,6.035327911376953,5.91035795211792
COc1ccccc1N1CCN(CCCCC(=O)NC2CCCc3ccccc32)CC1,7.217672824859619,7.674829959869385,7.446251392364502
CCN1CCN(c2cccc3c2CC(=O)c2ccccc2-3)CC1,7.258325099945068,6.573526382446289,6.915925741195679
O=C1N(Cc2ccccc2)CCN1c1cccc(C(F)(F)F)c1,7.026156902313232,7.377178192138672,7.201667547225952
O=C(NC1CCCNC1)c1ccc(-c2ccc3c(c2)CCC(NCC(O)c2ccc(C(F)(F)F)cc2)C3)cc1,5.808837413787842,6.70211935043335,6.255478382110596
NC1CCN(c2ccc3[nH]c(O)nc3c2)CC1,5.925049781799316,5.992455005645752,5.958752393722534
O=C(NC1CCC(CCN2CCN(c3cccc(Cl)c3Cl)CC2)CC1)c1cc2ccc(Cl)cc2[nH]1,7.353306770324707,8.909876823425293,8.131591796875
CC(C)N1C(=O)CCC2(CCN(Cc3nnc(CC(C)C)n3C)CC2)C1=O,6.966672897338867,7.748926162719727,7.357799530029297
CC1CN(C2CCN(CCCN3c4ccccc4Sc4ccc(CCC(=O)O)cc43)CC2)CCN1,5.725740909576416,5.497708320617676,5.611724615097046
COc1ccc(S(=O)(=O)NC2CCC(N3CCN(c4ccc(C(F)(F)F)cc4)CC3)CC2)cc1OC,5.885571479797363,7.98322582244873,6.934398651123047
COc1ccccc1N1CCN(CC2COC(CN3C(=O)CCCCC3=O)(c3ccc(Cl)cc3Cl)O2)CC1,6.976820945739746,7.1601738929748535,7.0684974193573
O=C(CCCN1CCN2CCC(=O)C2C1)Nc1ccccc1Cl,6.200288772583008,7.064082145690918,6.632185459136963
FC(F)(F)c1cccc2[nH]c(CNc3ccc(-n4ccnc4)cc3)nc12,7.030492782592773,5.307372570037842,6.168932676315308
CCCN(CCC)C1CCc2c(O)cccc2C1,8.197704315185547,8.453164100646973,8.32543420791626
CCCN1CCCC2Cc3n[nH]cc3CC21,7.44373893737793,7.752826690673828,7.598282814025879
Fc1ccc(-c2c(-c3ccc4[nH]ncc4c3)noc2C2CCNCC2)cc1,5.928337097167969,5.891700267791748,5.910018682479858
CN(Cc1nc[nH]n1)C1CCC2(CC1)OCc1cc(OCCCO)ccc12,5.410531044006348,5.53936243057251,5.474946737289429
Oc1n[nH]c2nnc(-c3c(-c4ccccc4)nn4ccccc34)cc12,6.217086315155029,6.279051780700684,6.2480690479278564
O=C(NCC=CCN1CCN(c2cccc(Cl)c2Cl)CC1)c1cc2ccccc2[nH]1,7.233074188232422,9.19192600250244,8.212500095367432
CC(C)N1CCN(CC(=O)Nc2cccc(C(F)(F)F)c2)CC1,5.18364143371582,6.765688896179199,5.97466516494751
CN(C)CC(=O)Nc1[nH]nc2ccc(-c3cn(Cc4ccccc4)nn3)cc12,6.135207176208496,5.161116600036621,5.648161888122559
CCCN(CCC)C1CCc2c(ccc(O)c2O)C1,8.462950706481934,9.167142868041992,8.815046787261963
COc1ccccc1N1CCN(CCn2nc3c(C)cc(Br)cc3c2O)CC1,7.397974967956543,7.071192741394043,7.234583854675293
COc1ccccc1N1CCN(CCCCc2cc(-c3ccccc3)[nH]n2)CC1,8.176544189453125,7.916920661926269,8.046732425689697
Clc1ccccc1N1CCN(Cc2ccc3c(c2)OCCO3)CC1,6.824793338775635,6.710259914398193,6.767526626586914
Cc1cc(S(=O)(=O)NCCc2c[nH]c3ccc(F)cc23)ccc1F,7.14410924911499,7.037083148956299,7.0905961990356445
CN1Cc2c(cccc2C(F)(F)F)N(c2ccccn2)C1,6.045186519622803,5.635038375854492,5.8401124477386475
CC(C)(C)OC(=O)Nc1cccc(N2CCN(C3CCCCC3)CC2)c1,6.731354713439941,6.775213241577148,6.753283977508545
CN1CCc2c(sc3ncn(CCN4CCN(c5cccc6ccccc56)CC4)c(=O)c23)C1,7.933943748474121,7.499076843261719,7.71651029586792
O=C(CCCCCCN1CCN(c2nsc3ccccc23)CC1)c1nc2ccccc2s1,6.912493705749512,8.006230354309082,7.459362030029297
COc1ccccc1C1CC1C(=O)Nc1cc(C#N)ccn1,6.265839576721191,5.486424922943115,5.876132249832153
COc1ccccc1N1CCN(CCCCCC(=O)N2CCN(c3ccc([N+](=O)[O-])cc3)CC2)CC1,7.41237211227417,6.883409023284912,7.147890567779541
Cc1ccc2c(N3CCN(CCc4cccc5c4OCc4nnc(C)n4-5)CC3)cccc2n1,6.564006328582764,6.47863245010376,6.521319389343262
O=C1NCCN1CCCCCNCC1CC(c2ccc(C(F)(F)F)cc2)(c2ccc(F)cc2)C1,6.909820556640625,7.10240364074707,7.006112098693848
O=C(NC1CCC(CCN2CCN(c3cccc(Cl)c3Cl)CC2)CC1)c1ccc2c(c1)C(=O)c1ccccc1C2=O,6.92547607421875,8.382528305053711,7.6540021896362305
Clc1ccc(N2CCN(CCCCc3c[nH]c4ccc(-n5cnnc5)cc34)CC2)cc1Cl,7.363498210906982,7.00788688659668,7.185692548751831
CCOC(=O)c1ccccc1CN1CCC(Cc2ccccc2)CC1,5.932806491851807,6.231337547302246,6.082072019577026
O=C1CCc2ccc(OCCCCN3CCN(c4cccc5cc(F)ccc45)CC3)nc2N1,8.741589546203613,7.593361377716064,8.167475461959839
CN1CCN(C2=Cn3cccc3Sc3ccc(Cl)cc32)CC1,8.414499282836914,8.474985122680664,8.444742202758789
O=Cc1cccc2cc(OCCCCN3CCN(c4cccc(C(F)(F)F)c4Cl)CC3)ccc12,7.405416488647461,7.659200668334961,7.532308578491211
CN1CCN(C2Cn3cccc3Sc3ccc(C(F)(F)F)cc32)CC1,7.542252540588379,7.365127563476562,7.453690052032471
COc1ccc(OC)c(NC(=O)c2cccc(N3CCNCC3)c2)c1,5.304116249084473,4.774938583374023,5.039527416229248
COc1ccccc1N1CCN(CCCCNC(=O)c2cc3ccccc3s2)CC1,7.43854284286499,9.065712928771973,8.252127885818481
Cn1cc(C=C2C(=O)Nc3ccc(S(=O)(=O)N4CCCC4)cc32)c2ccccc21,6.524507999420166,5.080302238464356,5.802405118942261
CCCN(CCC)C1CCc2c(F)cccc2C1,7.701069355010986,7.481559753417969,7.5913145542144775
Cc1c(N2CCN(Cc3ccccc3)CC2)cccc1-c1nc2c(C)c(F)ccc2[nH]1,7.068967819213867,6.414661407470703,6.741814613342285
Cn1cc(N2CCN(c3cccc(Cl)c3Cl)CC2)cn1,5.899404525756836,5.731075286865234,5.815239906311035
Cn1c(=O)c2[nH]c(-c3ccc(OCCCCN4CCN(c5ccccn5)CC4)cc3)cc2n(C)c1=O,7.026845455169678,7.462568759918213,7.244707107543945
CCCCN1CCc2cc(O)cc3c2C1Cc1ccc(O)c(O)c1-3,8.511819839477539,8.972182273864746,8.742001056671143
Cc1nc(Nc2ccc(N3CCN(C)CC3)cc2)c2oc3nc(C)c(Br)cc3c2n1,5.782015800476074,5.300877571105957,5.541446685791016
N#Cc1ccc(C(=O)NCCCCN2CCN(c3cccc(Cl)c3Cl)CC2)cc1,7.69743537902832,9.414706230163574,8.556070804595947
O=C1CCc2ccc(OCCCCN3CCN(c4cccc(Cl)c4Cl)CC3)nc2N1,8.820858001708984,7.946710586547852,8.383784294128418
O=C1CCc2cc(C(=O)NCCN3CCN(c4cccc(C(F)(F)F)c4Cl)CC3)ccc2N1,8.111276626586914,7.4848127365112305,7.798044681549072
CN(CC(CCN1CCC2(C=Cc3ccccc32)CC1)c1ccc(Cl)c(Cl)c1)S(=O)(=O)c1cccc(Cl)c1,7.283867835998535,7.344095706939697,7.313981771469116
COc1ccccc1N1CCN(CCCCNC(=O)c2coc3ccccc23)CC1,7.245879173278809,8.656516075134277,7.951197624206543
CCCN1CCCC1CNC(=O)c1c(O)c(I)cc(OC)c1OC,8.404388427734375,8.813130378723145,8.60875940322876
O=C(NC1CCc2ccc(CCN3CCN(c4nsc5ccccc45)CC3)cc21)C1CC1,7.392701625823975,6.859647750854492,7.126174688339233
Cc1cccc(C)c1-c1cc(C)c2nc(Nc3ccc4nc(C)cc(C)c4c3)nn2c1,5.774044036865234,5.038458347320557,5.4062511920928955
Oc1[nH]cc2cc(F)c(OCCCN3CCN(c4cccc5cccc(F)c45)CC3)cc12,8.04649829864502,7.654065132141113,7.850281715393066
S=C(NN1CC=C(c2ccccc2)CC1)N1CCCc2ccccc21,7.590354919433594,7.310841083526611,7.4505980014801025
O=C(Nc1ccccc1Cl)NC1CCN(CCCN2C(=O)CCc3ccccc32)CC1,7.660969257354736,6.663426399230957,7.162197828292847
Oc1nc2sccc2c2nc(-c3ccncc3)nn12,5.340828895568848,5.798316478729248,5.569572687149048
CNC1CCC(c2ccccc2)c2ccccc21,4.941023826599121,6.744844913482666,5.8429343700408936
COc1ccc(S(=O)(=O)N(CC(=O)NC2CCN(CCCC(N3CCCCC3=O)CC2)CC2CCCCC2)cc1,,,
CC(N)C1CCC(C(=O)Nc2ccncc2)CC1,4.979025363922119,6.633878707885742,5.806452035903931
C#Cc1cccc(C(=O)NCC2CCCN(c3ncccn3)C2)c1,6.270267009735107,5.358232021331787,5.814249515533447
CC1=NCCc2c1[nH]c1ccccc21,6.122337341308594,5.413552284240723,5.767944812774658
COc1ccccc1N1CCN(CCCc2ccc3c(c2)sc(=O)n3CCN2CCC(C(=O)c3ccc(F)cc3)CC2)CC1,7.822451591491699,7.311993598937988,7.567222595214844
CCCCN1CCCC1Cn1nc(Cc2ccc(Cl)cc2)c2ccccc2c1=O,6.211709022521973,7.099411010742188,6.65556001663208
O=C1N(Cc2ccc(F)cc2)CCN1c1ccccc1F,7.043918609619141,6.096273899078369,6.570096254348755
O=C1c2cc(OCCN3CCC(Cc4cccc(-c5ccccc5)c4)CC3)ccc2NC(=O)N1O,7.726620674133301,7.684347629547119,7.70548415184021
COc1ccc(N2CCN(CCCCN3C(=O)c4ccccc4C3=O)CC2)cc1Cl,5.836915969848633,7.290058135986328,6.5634870529174805
Cc1ccc(CN2CCC(C(=O)NC3CCC(O)CC3)CC2)cc1,6.001640796661377,7.115215301513672,6.558428049087524
Oc1nc2ccccc2n1C1CCN(CCCc2c[nH]c3ccc(-n4cnnc4)cc23)CC1,7.4645490646362305,6.362067222595215,6.913308143615723
CCCN1CCCC2Cc3[nH]ncc3CC21,7.043054103851318,7.927458763122559,7.4852564334869385
COc1ccccc1N1CCN(CCCNc2ncccc2C(=O)C2CC2)CC1,7.433168888092041,6.820029258728027,7.126599073410034
Nc1nc(C(=O)NCC2CCCN2Cc2cccc(F)c2)cs1,6.276963710784912,7.450136184692383,6.8635499477386475
COc1cccc(N2CCN(CCC3CCC(NC(=O)c4cc5ccccc5o4)CC3)CC2)c1,6.760671615600586,8.048441886901855,7.404556751251221
CC(C)CN1CCN(C2CCC(n3nc(-c4ccc(NC(=O)c5cc6ccccc6n5C)cc4)c4c(N)ncnc43)CC2)CC1,5.557165622711182,6.357487201690674,5.957326412200928
COc1ccccc1N1CCN(CCCCN2C(=O)CC3(CCCC3)CC2=O)CC1,7.245671272277832,8.553582191467285,7.899626731872559
Cc1ccc2c(-c3nnc(SCCCN4CCc5cc6onc(C)c6cc5CC4)n3C)cccc2n1,6.231640815734863,7.811040878295898,7.021340847015381
CC(C)Oc1ccccc1N1CCN(CC(O)CNC(=O)c2ccc3c(c2)OCO3)CC1,6.884576320648193,7.424922466278076,7.154749393463135
Cc1ccc2c(N3CCN(CCc4ccc5c(c4)NC(=O)CO5)CC3)cc(Cl)cc2n1,7.107620716094971,6.684896469116211,6.896258592605591
O=C(Nc1ccccc1C(=O)NCC1CCCN1CC(c1ccccc1)c1ccc(F)cc1)c1ccccc1F,6.015228748321533,6.131420612335205,6.073324680328369
CCN(CC)Cc1ccc(Nc2ncc(Cl)c(N=S(C)(=O)O)n2)cc1,6.784857749938965,6.686847686767578,6.7358527183532715
CCCN(CCC)C1CCc2c(O)cccc2C1,8.197704315185547,8.453038215637207,8.325371265411377
COc1ccccc1N1CCN(CCCCNC(=O)c2cc3ccccc3[nH]2)CC1,7.458222389221191,9.089486122131348,8.27385425567627
Cc1ccc2c(CCNCc3ccccc3)c[nH]c2n1,6.622790336608887,7.004080772399902,6.8134355545043945
Oc1c2c(c(O)n1-c1cccc(C(F)(F)F)c1)C1C=CC2C1,6.025609016418457,7.014344215393066,6.519976615905762
N#Cc1ccc2[nH]cc(CCCCN3CCN(c4ccc(OCCF)cc4)CC3)c2c1,7.490135669708252,7.077857971191406,7.283996820449829
O=C(NC1CCC(CCN2CCN(c3cccc(Cl)c3Cl)CC2)CC1)c1ccc2c(c1)Cc1ccccc1-2,7.087687015533447,8.371033668518066,7.729360342025757
COc1ccc(N2CCN(CCCCNC(=O)c3ccc(Cl)cc3)CC2)cc1,5.880783557891846,7.658651351928711,6.769717454910278
COc1ccc(CC(NC(=O)C2CCC(=O)N2)C(=O)NC2CCCc3cc(Cl)ccc32)cc1,6.733831882476807,5.660384654998779,6.197108268737793
c1ccc(N2CCN(CCCCOc3ccc4c(c3)-n3ncc(-c5ccccc5)n3)CC2)cc1,,,
CC(N1CCN(c2ccccc2)CC1)C1CCN(Cc2ccc(F)cc2)CC1,5.746173858642578,5.873398780822754,5.809786319732666
O=C1N=c2ccc(C(F)(F)F)cc2=C1C(c1ccccc1)c1cccnc1,4.6906938552856445,5.701381206512451,5.196037530899048
O=C(NCCCCN1CCN(c2nsc3ccccc23)CC1)c1ccccc1F,7.688602447509766,8.2294921875,7.959047317504883
CCCN1CCCC1CNC(=O)c1c(OC)ccc(I)c1OC,7.80534553527832,8.371840476989746,8.088593006134033
CCN1CCc2cccc3c2C1Cc1ccc(O)c(O)c1-3,8.33284854888916,7.980915069580078,8.15688180923462
COc1ccc(N2CCN(CCCCNc3nccc4ccccc34)CC2)cc1,6.817861557006836,6.906843662261963,6.862352609634399
CCCN(CC1CC1)c1ccc(Cl)c(S(N)(=O)=O)c1,7.513846874237059,8.138782501220703,7.826314687728881
O=C(NCC=CCN1CCN(c2cccc(Cl)c2Cl)CC1)c1ccc(-c2ccccn2)cc1,7.081741809844971,8.8099946975708,7.945868253707886
Clc1ccccc1N=C1CNCC(C2CCCCC2)O1,6.926694869995117,6.662095069885254,6.7943949699401855
O=C1CCc2ccc(OCCCCN3CCN(c4ccc(Cl)c(Cl)c4)CC3)nc2N1,7.930891990661621,7.297209739685059,7.61405086517334
CCCN1CCCC2Cc3n[nH]cc3CC21,7.44367504119873,7.752826690673828,7.598250865936279
COc1cc(-c2ccc3c(c2)Nc2ccc(C(=O)NCCCN(C)C)cc2NC3=O)ccc1O,7.039555072784424,6.660084247589111,6.849819660186768
CC1CN(CCCCOc2ccc3c(c2)CCN3C(=O)CCc2c[nH]c3ccccc23)CCN1,6.782456398010254,6.588695049285889,6.685575723648071
OCC(CO)Nc1nc(-c2ccccc2F)c2sccc2n1,5.334136009216309,5.497293472290039,5.415714740753174
Cc1csc(SCC(=O)NNc2ccccn2)n1,5.923006057739258,4.047818660736084,4.985412359237671
COc1ccccc1N1CCN(CCCNC(=O)c2cccc3c2-c2ccc(OCCCN4CCCCC4)cc2C3)CC1,7.070350646972656,7.312557697296143,7.191454172134399
COc1ccccc1N1CCN(CCCCNC(=O)C2CCc3ccccc3C2)CC1,7.578157424926758,7.98613166809082,7.782144546508789
CCCN1CCCC1CNC(=O)c1c(Br)c(C)cc(Br)c1O,7.168919086456299,8.247830390930176,7.708374738693237
CC1=CCC2C(C1)c1c(O)cc(C(C)(C)c3cccc(F)c3)cc1OC2(C)C,6.323915004730225,6.65952205657959,6.491718530654907
Clc1ccc(-c2ccc3ccncc3c2)cc1Cl,5.488572597503662,6.251286506652832,5.869929552078247
CN(C(=O)c1ccc(-c2ccccc2)cc1)C1Cc2c(CC(O)=NO)c3cccnc3n2C1,6.153954029083252,5.0879387855529785,5.620946407318115
CCCN(CCc1cccs1)C1CCc2c(O)cccc2C1,8.405183792114258,8.605388641357422,8.50528621673584
O=C(NC1CCC(CCN2CCN(c3ccc(Cl)cc3Cl)CC2)CC1)c1ccccc1,7.563852787017822,8.27114486694336,7.917498826980591
O=C(NCc1ccccc1)c1cccc(-c2cnc3[nH]ccc3c2)c1,6.8822021484375,6.634566783905029,6.758384466171265
COc1ccc2[nH]c(=O)n(CCN3CC4CCc5c(OC)cccc5C4C3)c(=O)c2c1,7.390202522277832,7.225872039794922,7.308037281036377
O=C(c1cccc(C(F)(F)F)c1)C1CCN(CCn2c(=O)[nH]c3c(sc4ccc(CCC(F)(F)F)cc43)c2=O)CC1,6.980974197387695,7.3026957511901855,7.14183497428894
Fc1cccc(CN2CCC3(CCc4c([nH]c5ccccc45)CN(CCOCCOCC3)C2)c1,,,
CC(C)Cn1c(O)nc2cc(C(=O)NC3CCC(CCN4CCN(c5ccccc5OC(C)C)CC4)CC3)ccc21,7.335053443908691,8.19241714477539,7.763735294342041
N#Cc1cccc(N2CCN(CCCSc3nnc(-c4ccc(OCCF)cc4)n3CCCN3CCCC3)CC2)c1,6.461100101470947,7.703557968139648,7.082329034805298
CN1CC=CC(c2nc(-c3ccc(F)cc3)c(-c3ccncc3)[nH]2)C1,6.2811689376831055,6.19800329208374,6.239586114883423
Cc1ccc2c(N3CCN(CCc4cccc(NC(=O)c5ccc(F)cc5)c4)CC3)cccc2n1,6.679952621459961,6.762598514556885,6.721275568008423
OC1(CCCc2ccccc2)CCN(CCCc2c[nH]c3ccc(-n4cnnc4)cc23)CC1,6.457917213439941,6.603271961212158,6.53059458732605
COc1ccc(NC(=O)C2Cc3ccc(OCCCN4CCCCC4)cc3CN2C(=O)C2CCCN2)cc1,6.59991979598999,6.236719131469727,6.418319463729858
CCCN1CCC2Cc3nc(N)ncc3CC21,6.307706832885742,7.855488777160644,7.081597805023193
CN(C)CCCN1c2ccccc2Sc2ccc(Cl)cc21,7.078269004821777,6.800233840942383,6.93925142288208
Cc1cc(N2CCC(N3CCN(c4ccccc4Cl)CC3)CC2)n2nccc2n1,5.716433525085449,5.978588104248047,5.847510814666748
CCCN1CCCC1CNC(=O)c1c(OC)cccc1OC,6.977643966674805,7.583198547363281,7.280421257019043
Nc1nc(NCC2CCCN2Cc2ccc(F)cc2)nc2nc(-c3ccco3)nn12,6.926384449005127,6.838658332824707,6.882521390914917
COC(=O)c1cccc(NC(=O)C2CCC(=O)N(C(C)C)C2)n1,5.852968692779541,4.94195032119751,5.397459506988525
COc1ccccc1N1CCN(CCCNC(=O)c2cc3ccccc3s2)CC1,6.933231830596924,7.564891815185547,7.249061822891235
N#Cc1ccccc1-c1ccc2[nH]cc(CCCN3CCCCC3)c2c1,7.407937049865723,6.193779468536377,6.80085825920105
CCCN(CCN1CCN(c2cccc(Cl)c2)CC1)C1CCc2c(O)cccc2C1,7.389568328857422,8.714975357055664,8.052271842956543
Cn1c(=O)sc2cc(CCN3CCN(c4nsc5ccccc45)CC3)ccc21,7.458402156829834,7.033052444458008,7.245727300643921
O=C(NCC1CC1)C1CCCN1C(=O)NC1CCC(N2CCC(Oc3ccc(Cl)c(Cl)c3)CC2)C1,7.360735893249512,8.66173267364502,8.011234283447266
O=C(NC1CCC(NC(=O)c2cccnc2)CC1)c1cccc2ccccc12,6.34011697769165,7.3804521560668945,6.8602845668792725
CCCN(c1nccs1)C1CCc2c(O)cccc2C1,7.765768051147461,7.301472187042236,7.533620119094849
CC(=O)NC1CCc2ccc(O)cc21,6.748548984527588,4.034782409667969,5.391665697097778
CCN(CCOC)CCN1c2ccccc2Sc2ccc(C(F)(F)F)cc21,6.47568941116333,6.309750080108643,6.392719745635986
O=C(NCCCCN1CCN(c2cccc(Cl)c2Cl)CC1)c1cc2ccccc2[nH]1,7.3425798416137695,9.33303451538086,8.337807178497314
CCCN1CCCC(c2ccc(Nc3nc(Nc4cc(F)ccc4C(N)=O)c4cc[nH]c4n3)c(OC)c2)C1,6.661169528961182,5.90226411819458,6.281716823577881
CCCN(CCC)C1Cc2cc(F)ccc2C1,7.208215236663818,7.23399543762207,7.221105337142944
COc1ccccc1N1CCN(CCCCCNC(=O)c2ccccc2)CC1,7.59571361541748,7.553072929382324,7.574393272399902
CC(C)(C)OC(=O)NCCOCCN1CCN(Cc2ccc(F)cc2Cl)CC1,6.380489826202393,6.689028739929199,6.534759283065796
CC(CN1CCC(CN2c3ccccc3Sc3ccc(C(F)(F)F)cc32)CC1)N1CCOCC1,6.036418914794922,7.040050506591797,6.538234710693359
O=C1CCc2ccc(OCCCCN3CCN(c4cccc(Cl)c4Cl)CC3)nc2N1,8.820858001708984,7.946581840515137,8.38371992111206
CCCCNC(=O)c1ccc(-c2ccc3c(c2)N(C(=O)c2ccccc2)CCS3)cc1,5.716030597686768,6.6153340339660645,6.165682315826416
CCCN(CCN1CCN(c2ccc(-c3ccccc3)cc2)CC1)C1CCc2c(O)cccc2C1,7.487314701080322,8.477007865905762,7.982161283493042
O=C(NCCCCN1CCN(c2cccc(Cl)c2Cl)CC1)c1cc2ccccc2c(O)c1O,7.79633903503418,8.993213653564453,8.394776344299316
O=C1N(CCN2CCCCCC2)CCN1c1ccccc1,7.682778358459473,6.898929595947266,7.290853977203369
Cc1cnc(-c2ccncc2)nc1N1CCN(CCO)CC1,4.778192520141602,5.872765064239502,5.325478792190552
Oc1ccc2[nH]cc(CCCCN3CCN(c4cccc(Cl)c4Cl)CC3)c2c1,8.743884086608887,8.450736045837402,8.597310066223145
c1ccc2c(c1)nnn2Cc1cn(-c2ccc3[nH]ncc3c2)nn1,6.248031139373779,5.898863792419434,6.0734474658966064
O=C1NC(=O)C(=C2CCN(CCC3CCCc4ccccc4O3)CC2)S1,7.020463943481445,7.150957107543945,7.085710525512695
CCCN(CCC)C1CCc2c(O)cccc2C1,8.197704315185547,8.453038215637207,8.325371265411377
CCCNC1CCc2cc(O)cc3c2C1Cc1ccc(O)c(O)c1-3,7.554188251495361,8.127092361450195,7.840640306472778
CC(CN1c2ccccc2Sc2ccccc21)N(C)C,6.756025314331055,6.120579719543457,6.438302516937256
COc1ccc(-c2ccc(C#N)c(SCC(=O)N3CCC4(CC3)CN(Cc3cccc(C(F)(F)F)c3)C4)n2)cc1OC,5.198361873626709,6.169201374053955,5.683781623840332
CN1CCc2c(sc3ncn(CCN4CCN(c5cccc6ccccc56)CC4)c(=O)c23)C1,7.933943748474121,7.499076843261719,7.71651029586792
COc1ccccc1N1CCN(CCCCNC(=O)C=Cc2ccccc2C(F)(F)F)CC1,7.749359607696533,8.81618881225586,8.282774209976196
CC(C)(C)c1nc(N2CCN(CCCCCn3ncc(=O)n(C4CCCCC4)c3=O)CC2)cc(C(F)(F)F)n1,7.102438926696777,8.521739959716797,7.812089443206787
COc1cccc(C(=O)NC2CCC(Nc3nccc(-c4ccccn4)n3)CC2)c1,6.574441909790039,6.595182418823242,6.584812164306641
O=C1Cc2ccccc2C2CN(CCCCc3ccc(Cl)cc3)CCN21,6.400058746337891,7.253278732299805,6.826668739318848
COc1ccccc1N1CCN(CCCCCCC2CCCc3ccc(OC)c(OC)c3C2=O)CC1,6.8382439613342285,7.291042327880859,7.064643144607544
CCCN(CCC1CCC(NC(=O)c2cc3ccccc3s2)CC1)C1CCc2nc(N)sc2C1,7.056906700134277,9.053698539733888,8.055302619934082
COc1ccccc1N1CCN(CC=CCNC(=O)c2ccc3c(c2)OCCO3)CC1,7.462347507476807,7.920610427856445,7.691478967666626
O=C1NCCCCCCN1S(=O)(=O)c1ccc(C(=O)NCc2ccc(F)cc2)cc1,7.965335845947266,4.504541397094727,6.234938621520996
CC(C)NC(=O)C1CCC(n2c(NC(=O)c3ccc(F)cc3)nc3ccc(CN4CCC(C(C)(C)O)CC4)cc32)CC1,5.6692795753479,7.055408954620361,6.362344264984131
O=C(O)CCCCCCC(=O)Nc1ccc2c(c1)CCN2CC1CC1,6.628364086151123,5.22076940536499,5.924566745758057
COc1ccccc1N1CCN(CCCCOc2ccc3ccn(O)c3c2)CC1,8.640850067138672,8.235795974731445,8.438323020935059
Clc1cccc(-c2nc(C3CCCC3)[nH]c2-c2ccncc2)c1,5.83849573135376,5.633222579956055,5.735859155654907
CN1CCCN(C2Cn3cccc3Sc3ccc(F)cc32)CC1,7.902186393737793,7.6273908615112305,7.764788627624512
CCN1CCc2cc(S(=O)(=O)NCCc3ccc(OC)cc3)ccc21,6.70927619934082,7.266155242919922,6.987715721130371
O=C1CCc2cc(CCN3CCN(c4nsc5ccccc45)CC3)ncc2N1,8.008069038391113,6.471104145050049,7.239586591720581
CCN1CCN(c2ccc(Nc3cc(N(C)C(=O)Nc4c(Cl)c(OC)cc(OC)c4Cl)ncn3)cc2)CC1,6.602654933929443,5.473522186279297,6.03808856010437
COc1ccccc1N1CCN(CCCc2ccc3c(c2)NC(=O)CC3)CC1,8.380334854125977,7.025594711303711,7.702964782714844
Fc1ccc(-c2nc3sc4c(c3c(=O)n2CCN2CCC(c3ccccc3)CC2)cc1,,,
CCCN(CCc1ccccn1)C1CCc2c(O)cccc2C1,8.083304405212402,8.330033302307129,8.206668853759766
CCCN(Cc1ccc(CCCNCC(O)c2ccc(O)c3nc(O)sc23)cc1)C1CCCCC1,5.887406349182129,6.778570652008057,6.332988500595093
N#Cc1ccc2cc1N1CCN(CCCCn3c(-c4ccc(F)cc4)nc4ccccc4c3=O)CC1,,,
COc1ccccc1N1CCN(CCSCCc2ccccc2)CC1,7.382688522338867,7.388473987579346,7.3855812549591064
COc1cccc(CN2CCN(Cc3cscn3)CC2)c1OC,5.341866970062256,4.917940616607666,5.129903793334961
N#Cc1ccc(-c2ccc3c(c2)C2(CCCCC2)C(=O)N3)cc1,6.76882266998291,4.916104316711426,5.842463493347168
Cc1cccc(Cl)c1N1CCN(CCCNC(=O)c2cc3cc(O)ccc3[nH]2)CC1,6.743826389312744,7.663923263549805,7.203874826431274
CC(C)(C#N)c1cc(Cn2cnc(-c3ccc(C(=O)NC4(C(=O)NCC#N)CCCCC4)cc3)c2)ccn1,6.1510748863220215,4.939213275909424,5.545144081115723
COc1ccc(OC)c(N2CCN(Cc3c[nH]c4ccccc34)CC2)c1,7.534162998199463,6.464735984802246,6.9994494915008545
CCOc1ccccc1N1CCN(CCCCNC(=O)c2cc3ccccc3[nH]2)CC1,7.47743034362793,9.358736038208008,8.418083190917969
CN(C)CCC(c1ccc(Cl)c(Cl)c1)c1ccccn1,6.314224243164063,5.909386157989502,6.111805200576782
Oc1ccc2c(c1)OC(CNCCCNCCOc1cccc(F)c1OCCCO)CC2,7.972616195678711,7.802162170410156,7.887389183044434
OCCN1CCN(CCCN2c3ccccc3Sc3ccc(C(F)(F)F)cc32)CC1,6.477129936218262,6.448475360870361,6.4628026485443115
Oc1nc2cc(CCCN3CCN(c4cccc5ccccc45)CC3)ccc2[nH]1,8.225869178771973,7.233397960662842,7.729633569717407
CCN1CCN(c2ccc(S(=O)(=O)NC(=O)NC3CCC(CCN4CCC(Oc5ccc(Cl)c(Cl)c5)CC4)CC3)cc2)CC1,7.135575771331787,7.903714179992676,7.5196449756622314
CCCN(CCN1CCN(c2ccc(-c3ccccc3)cc2)CC1)C1CCc2c(O)cccc2C1,7.487314701080322,8.477007865905762,7.982161283493042
COc1ccccc1N1CCN(CCN=C2C(=O)N(C)N=CN2CCc2ccc3c(c2)OCO3)CC1,6.193730354309082,6.322549819946289,6.2581400871276855
COc1ccccc1N1CCN(CCCCn2ncc(=O)n(C)c2=O)CC1,7.234968662261963,7.482704162597656,7.35883641242981
COc1ccccc1N1CCN(CCCCOc2ccc3ccn(S(=O)(=O)C(C)C)c3c2)CC1,7.690666198730469,7.684296131134033,7.687481164932251
CN1CCN(c2ncc3cc(-c4cccc(Cl)c4)c(=O)n(C)c3n2)CC1,6.497627258300781,6.155042171478272,6.326334714889526
Fc1ccc(-c2ccc3nccn3c2)cc1,6.788321971893311,5.959649562835693,6.373985767364502
O=C(NCCCCN1CCN(c2nsc3ccccc23)CC1)c1cc2ccccc2[nH]1,7.502806663513184,8.942609786987305,8.222708225250244
CCCN(CCC1CCC(NS(=O)(=O)c2ccccc2)CC1)C1CCc2nc(N)sc2C1,7.355894565582275,8.81656551361084,8.086230039596558
c1ccc(-c2ccccn2)c(CN2CCN(c3cccc4nc(-c5ccsc5)[nH]c34)CC2)c1,6.73311185836792,7.043755531311035,6.8884336948394775
OC1(c2ccc(Cl)cc2)CC2CCC(C1)N2Cc1coc2c1ccc1ccccc12,7.595755100250244,7.960123062133789,7.777939081192017
Clc1ccc(N2CCN(CCCc3c[nH]c4ccc(Br)cc34)CC2)cc1Cl,6.8357343673706055,6.6338958740234375,6.7348151206970215
COc1ccccc1N1CCN(CCCCNC(=O)c2cc3ccc2CCc2ccc(cc2)CC3)CC1,7.575876712799072,8.41833782196045,7.997107267379761
CSc1ccccc1N1CCN(CCCCc2ccc3c(c2)sc(=O)n3C)CC1,7.879034996032715,7.773534774780273,7.826284885406494
CCCN1CCCC2c3c(cccc3C(N)=O)CC21,7.084539890289307,7.360448360443115,7.222494125366211
Oc1nc2c(O)ccc(C(O)CNC3CCCC3C3(O)CCCCC3)c2s1,4.880194664001465,7.121236801147461,6.000715732574463
COc1ccccc1N1CCN(CCCCOc2ccc3c(c2)NC(=O)CC3)CC1,8.793431282043457,7.612606048583984,8.20301866531372
COc1cccc(N2CCN(Cc3nc(O)c4ccccc4n3)CC2)c1C,6.382442474365234,5.723226070404053,6.0528342723846436
O=C1NCN(c2ccccc2)C12CCN(C1CCCCCCCCCCCCC1)CC2,7.119734287261963,6.384881496429443,6.752307891845703
COc1cccc(C(C)NC(=O)c2ccc(-c3ccncc3F)cc2OC)c1,5.593584060668945,5.466530799865723,5.530057430267334
CC(C)Oc1ccccc1N1CCN(C2CCC(NS(=O)(=O)c3ccc(Cl)s3)CC2)CC1,7.691997528076172,8.766437530517578,8.229217529296875
Oc1occ2c1C(c1ccccc1I)C(CCN1CCC(O)(c3ccc(F)cc3)CC1)c1ccccc1-2,7.702126979827881,7.442265033721924,7.572196006774902
CN(C)CCN(Cc1ccc(Cl)cc1Cl)c1ccccn1,6.723074436187744,6.087566375732422,6.405320405960083
COc1ccccc1N1CCN(CC(O)COc2ccccc2)CC1,6.473812103271484,6.696067333221436,6.58493971824646
CCCNc1cccc(-n2ncc3c(NN=Cc4cccnc4)ncnc32)c1,6.059287071228027,5.311519145965576,5.685403108596802
COc1ccc(CNC2C(=O)C(=O)C2=Nc2ccc3n[nH]cc3c2)cc1,5.4502668380737305,4.441784381866455,4.946025609970093
CCN(CC)C(=O)NC1CC2=C(Cc3c[nH]c4cccc2c34)N(C)C1,8.485456466674805,8.415810585021973,8.450633525848389
Oc1[nH]c2ccccc2c1CCCCN1CC=C(c2c[nH]c3cc(F)ccc23)CC1,8.064496994018555,8.375030517578125,8.21976375579834
CS(=O)(=O)Nc1ccc([N+](=O)[O-])cc1CN(CCO)Cc1ccc(I)cc1,5.971052646636963,7.076897621154785,6.523975133895874
CN1CCN(C2=CCl)Cc3cc(OC(F)(F)F)ccc3C2C1,6.128448009490967,7.263670444488525,6.696059226989746
Cc1ncoc1-c1nnc(SCCCN2CC3CC3(c3cccc(C(F)(F)F)c3)C2)n1C,6.732644081115723,8.76014232635498,7.746393203735352
O=S(=O)(c1cccc2ccccc12)N(CCCN1CCN(c2cc(Cl)ccc2Cl)CC1)CC1CC1,7.12436580657959,7.006353378295898,7.065359592437744
CCCN(CCC1CCC(NC(=O)C=Cc2c(Cl)cccc2Cl)CC1)C1CCc2nc(N)sc2C1,7.776450157165527,8.983312606811523,8.379881381988525
CCCCN1CC(CSC)CC2c3cccc4[nH]cc(c34)CC21,7.167204856872559,7.799421787261963,7.483313322067261
CCCN(CCC)C1CCc2c(F)cccc2C1,7.701069355010986,7.481559753417969,7.5913145542144775
COc1ccccc1N1CCN(CCCCNC(=O)C=Cc2ccc(Cl)c([N+](=O)[O-])c2)CC1,7.582766532897949,8.898322105407715,8.240544319152832
COc1ccccc1N1CCN(CCCCNC(=O)c2cccs2)CC1,7.739991188049316,8.748876571655273,8.244433879852295
O=C(c1ccc(F)cc1)C1CCN(CCC2CC(c3ccc(F)cc3)=NN(c3ccc(F)cc3)C2=O)CC1,6.560691356658936,7.01384973526001,6.787270545959473
Oc1[nH]cc2ccc(OCCCN3CCN(c4cccc5cccc(F)c45)CC3)c(F)c12,8.132925987243652,7.728168487548828,7.93054723739624
CCN(CCc1ccc(F)cc1)C1CCc2c(O)cccc2C1,8.28674602508545,7.615513324737549,7.951129674911499
COc1ccc(CC2NCCc3c2[nH]c2ccc(OC)cc32)cc1OC,5.832574367523193,5.881406784057617,5.856990575790405
CN1CC=C(C2=Cc3ccccc3Cn3cccc32)CC1,7.010278701782227,6.973242282867432,6.991760492324829
CC(C)(C)c1nnc(N2CCN(CCCCn3cnc4ccc(Cl)cc4c3=O)CC2)o1,6.598424434661865,7.846601486206055,7.22251296043396
CC(C)(C)c1cccc(N2CCN(CCCCn3ncc(=O)n(CC4CCCO4)c3=O)CC2)c1,6.723386764526367,7.745588302612305,7.234487533569336
O=C1N(CCN2CCC(C(F)(F)F)CC2)CCN1c1cccc2ccc(Cl)cc12,7.05924129486084,7.997226715087891,7.528234004974365
COc1ccccc1N1CCN(CCCN=C2C(=O)NC(=O)N(C)C2C)CC1,6.239503860473633,6.639710903167725,6.439607381820679
COc1ccc(CCCNCCOc2ccc(F)cc2)cc1,6.46207332611084,6.723205089569092,6.592639207839966
CCN(CC)C(=S)SSC(=S)N(CCCN1CCN(c2ccccc2OC)CC1)CC1CCCO1,6.096276760101318,6.49360990524292,6.294943332672119
COc1ccccc1N1CCN(CCCN=C2C(=O)N(C)N=C(C)c3ccc(C(=O)OC(C)C)cc32)CC1,6.722243309020996,7.304233074188232,7.013238191604614
O=C(NC1CCC2(O)C3Cc4ccc(O)c5c4C2(CCN3CC2CC2)C1O5)c1ccc(Cl)cc1,8.458486557006836,8.755576133728027,8.607031345367432
COc1cc2c(cc1OC)CN(CCc1ccc3oc(-c4ccccc4)cc3c1)CC2,5.990802764892578,6.966882705688477,6.478842735290527
O=C1N(CCN2CCC(C(F)(F)F)CC2)CCN1c1cccc(Cl)c1,7.3516130447387695,8.580318450927734,7.965965747833252
CCC(=O)NC1CCc2ccc(CCN3CCN(c4nsc5ccccc45)CC3)cc21,7.682918071746826,6.699309349060059,7.191113710403442
COc1ccccc1N1CCN(CCCCn2ncc(=O)n(C)c2=O)CC1,7.234968662261963,7.482704162597656,7.35883641242981
Oc1nc2cc(CCCN3CCN(c4cccc5ccccc45)CC3)cnc2[nH]1,8.034037590026855,7.230618476867676,7.632328033447266
Cc1ccc(N2CCN(CCCCc3ccccn3)CC2CCO)c(C)c1,6.695585250854492,6.194025039672852,6.444805145263672
COc1cccc(CN2C=C(Cc3c[nH]c4ccccc34)CC(OCCCCO)O2)c1,5.736452102661133,5.272360324859619,5.504406213760376
CCOc1ccccc1N1CCN(CCCCCN2C(=O)c3ccccc3C2=O)CC1,7.442825794219971,7.507298946380615,7.475062370300293
COc1cccc(OC)c1C(=O)NN1c2ccc(Cl)cc2N=C(N2CCN(C)CC2)c2ccccc21,6.408049583435059,6.074297904968262,6.24117374420166
CC(Nc1nc(N)nc(NCCc2ccc(F)cc2F)n1)c1ccc(F)cc1,7.449881553649902,5.753300189971924,6.601590871810913
N#Cc1cccc(N2CCN(CCCCn3ncc(=O)n(CC#N)c3=O)CC2)c1,5.2463812828063965,6.70152759552002,5.973954439163208
COc1ccccc1N1CCN(CCCCOc2ccc3c(c2)NC(=O)CC3)CC1,8.793431282043457,7.612606048583984,8.20301866531372
CCc1nc(-c2cccc(C)c2)c(-c2ccnc(NC(=O)c3ccccc3)c2)s1,5.630055904388428,5.61237907409668,5.621217489242554
O=C(NCCCC1CCN(CC2COc3ccccc3O2)CC1)c1cc2ccccc2[nH]1,7.470975399017334,8.154145240783691,7.812560319900513
CC(C)Oc1ccccc1N1CCN(Cc2ccc(CN3CCCCCC3=O)n2C)CC1,8.326491355895996,6.791318893432617,7.558905124664307
CCC(NC1CCc2ccc(OCCCOc3cccc4c3CCCC4)cc21)c1ccccc1,6.722665786743164,6.724193096160889,6.723429441452026
COc1ccc(C(NCCc2c[nH]c3ccc(Cl)cc23)c2ccccn2)cc1,6.2112250328063965,6.216540336608887,6.213882684707642
N#Cc1ccc2c(c1)C1(CCNCC1)CN2,6.107741832733154,4.861970901489258,5.484856367111206
OC1(c2ccc(Cl)cc2)CC2CCC(C1)N2Cc1coc2ccc(F)cc12,8.23189926147461,8.666383743286133,8.449141502380371
O=C(CCCN1CC=C(n2c(O)nc3ccccc32)CC1)c1ccc2c(c1)OCCO2,7.974076747894287,7.317699432373047,7.645888090133667
CN(C)CC1CC2c3ccncc3Cc3ccc(F)cc3N2O1,7.204007625579834,7.328564643859863,7.266286134719849
COc1cccc(CN2CCC(NC3CC4CCC3(C)C4(C)C)CC2)c1,5.2106146812438965,6.727598190307617,5.969106435775757
COc1ccc(C2CCN(CC3CN4CCC3CC4)CC2)cc1,5.53614616394043,5.058415412902832,5.297280788421631
Cc1c(F)cccc1-n1ccnc1-c1ccc(C(=O)NCC2CC2)cc1,5.778712749481201,6.353151321411133,6.065932035446167
CCCN1CCC(c2ccccc2)CC1,5.896901607513428,5.461930274963379,5.679415941238403
CCCN(CCc1ccccn1)C1CCc2c(O)cccc2C1,8.083304405212402,8.330033302307129,8.206668853759766
CN1CCN(C2Cc3ccccc3Sc3ccc(-c4nnn(C(C)C)n4)cc32)CC1,7.9208550453186035,7.603327751159668,7.762091398239136
O=C1N(CCN2Cc3ccccc3CC2)CCN1c1cccc(Cl)c1,6.83345365524292,7.647637367248535,7.2405455112457275
COc1ccccc1N1CCN(CCSC(=O)N2Cc3c(I)cccc3CC2C)CC1,7.234292030334473,7.369281768798828,7.30178689956665
CN1CC2CC1CN2c1ccc(-c2cccc3c(Cl)c[nH]c23)nn1,6.738186359405518,6.7071404457092285,6.722663402557373
CN1CCN(CCCN2c3ccccc3Sc3ccc(Cl)cc32)CC1,7.559896469116211,7.69283390045166,7.6263651847839355
CCCCCCN(C)CN1CCN(c2ccccc2OC)CC1,5.693003177642822,5.896461009979248,5.794732093811035
Oc1cc(C(O)Nc2ccccc2)cn1-c1cccc(Cl)c1,6.294610977172852,5.787796497344971,6.041203737258911
O=C(CCCN1CC=C(n2c(O)nc3ccccc32)CC1)c1ccc(F)cc1,8.367292404174805,7.846202850341797,8.1067476272583
Oc1ccc2c(c1)OC(CNCc1ccccc1)CC2,8.810506820678711,8.251319885253906,8.530913352966309
CCCN(CCCCN1C(=O)CC2(CCCC2)CC1=O)C1CCc2c(F)cccc2C1,7.266072273254394,8.84592342376709,8.055997848510742
Nc1[nH]nc2ccc(-c3nnn(Cc4ccccc4)c3-c3ccccc3)cc12,6.6715826988220215,6.43939208984375,6.555487394332886
CC(C)Oc1ccccc1N1CCN(CCCC(=O)c2ccc3c(c2)C(=O)N(c2ccc(F)cc2)C3=O)CC1,7.440060138702393,7.261487007141113,7.350773572921753
CCOc1ccccc1OCC1CN(Cc2ccc(Cl)cc2)CCO1,6.034752368927002,6.303035736083984,6.168894052505493
Fc1ccc(-c2nc(C3CCN(CC4COC4)CC3)[nH]c2-c2ccc(F)cc2)cc1,6.3096442222595215,6.409130096435547,6.359387159347534
Cc1cc(N2CCCC2)nc2ccc(NC(=O)COc3ccc(Br)cc3)cc12,5.947211742401123,5.085394859313965,5.516303300857544
Cn1cc(C2CCN(CCCCF)CC2)c2ccc(OCCCCN3CCN(c4cccc(Cl)c4Cl)CC3)cc21,7.888734817504883,7.421918392181396,7.65532660484314
CCCN1CCCC2Cc3nc(N)ncc3CC21,6.650206089019775,7.483463287353516,7.0668346881866455
CCCCN(CCCC)C1CCc2ccc3[nH]cc(C=O)c3c2C1,7.318017959594727,6.343224048614502,6.830621004104614
Oc1[nH]cc2ccc(OCCCN3CCN(c4cccc5c4CCCC5)CC3)cc12,8.662345886230469,7.776519298553467,8.219432592391968
COCCN1CCc2ccc(Nc3ncc(Cl)c(NC4CCCCC4N(C)S(C)(=O)=O)n3)c(OC)c2CC1,6.801199913024902,7.018831729888916,6.910015821456909
N#Cc1cccc2c1-c1cccc3c1C(C2)N(CCCc1ccccc1)CC3,6.738028526306152,6.875953197479248,6.8069908618927
Oc1[nH]c2ccc(Br)cc2c1Cc1cc2c([nH]1)=CCCC=2,6.865357398986816,6.819467544555664,6.84241247177124
COc1ccccc1N1CCN(Cc2ccc(CN3CCCCC3=O)n2C)CC1,7.613201141357422,6.028500080108643,6.820850610733032
CCNc1ncc2nc(-c3cc(F)cc(F)c3)c(=O)n(C3CC3)c2n1,6.779522895812988,6.804009437561035,6.791766166687012
CCCN(CCC1CCC(NC(=O)C=Cc2cccc(C)c2O)CC1)C1CCc2nc(N)sc2C1,7.398829936981201,8.582315444946289,7.990572690963745
CCC(=O)NC1CCc2cccc(CCN3CCN(c4nsc5ccccc45)CC3)c21,7.58860969543457,6.630375862121582,7.109492778778076
CN1CCN(CCCN2c3ccccc3Sc3ccc(Cl)cc32)CC1,7.559834003448486,7.69283390045166,7.626333951950073
COCCN1CCC(c2ccc(Nc3nc(Nc4cc(F)ccc4C(N)=O)c4cc[nH]c4n3)c(F)c2)CC1,6.803239345550537,5.791290760040283,6.29726505279541
CN1CCN(C2=Nc3cc(Cl)ccc3Nc3ccccc32)CC1,6.543483257293701,7.039327621459961,6.791405439376831
CCCCN(CCCC)C1CCc2c(O)cccc2C1,7.942216396331787,8.147453308105469,8.044834852218628
COc1ccc(C2=NNc3cccc4c(OC)ccc2c34)cc1OC,5.194555282592773,5.441409587860107,5.31798243522644
CN1C(=O)CCC1CNC(=O)c1cccc(Br)c1,6.829733371734619,7.491716384887695,7.160724878311157
CC(=O)c1ccc(N2CCOCC2)cc1O,6.279358386993408,4.66841983795166,5.473889112472534
O=C(NCCCCCCNC(=O)c1cccs1)Nc1ccc(F)cc1F,7.639981269836426,6.666880130767822,7.153430700302124
O=C(c1ccc(F)cc1)N1CCCC2(CCN(Cc3cccc(C(F)(F)F)c3)CC2)C1,5.617420196533203,6.315920352935791,5.966670274734497
Cc1cc(OCCCN2CCC3C(C)c4ccccc4CC3C2)cc(O)c1,7.132291793823242,7.833066940307617,7.48267936706543
NC(N)=NC(=O)c1cccc2c1-c1ccccc1C2=O,5.312946796417236,2.812733888626098,4.0628403425216675
O=C(NCCCc1ccccc1)Nc1ccc(S(=O)(=O)NCC2CCC(CNCC(O)c3ccc(Cl)cc3)CC2)cc1,6.330076694488525,7.006875038146973,6.668475866317749
Cc1cc(CC(Nc2ccccc2C(=O)O)ccc1NC(=O)c1ccc(C=Cc2ccccc2)cc1,,,
O=c1ccc2c(c1)nc(NCCCN1CCN(c3ccc(Cl)c(Cl)c3)CC1)c1ccccc12,,,
CN1CCc2nc(C(=O)NCCc3ccccc3)ccc2C1,5.6057305335998535,6.541767120361328,6.073748826980591
COc1cc2c(cc1OC)C1=NOC(CN3CCN(CC=Cc4ccccc4OC)CC3)C1CO2,6.243288993835449,6.413220405578613,6.328254699707031
COc1ccccc1N1CCN(CCCCNC(=O)c2ccc(C)cc2O)CC1,7.357587337493896,8.592830657958984,7.97520899772644
O=C(Nc1ccccc1)Nc1ccc2c(c1)CCN2C(=O)C1CC1,6.201312065124512,5.713164329528809,5.95723819732666
Cc1ncoc1-c1nnc(SCCCN2CC3CC3(c3ccc(F)cc3)C2)n1C,7.12682056427002,8.707328796386719,7.917074680328369
Oc1ccc2c(c1)OC(CNCc1cccc(I)c1)CC2,9.581106185913086,8.251964569091797,8.916535377502441
COc1ccccc1N1CCN(Cc2ccc(CN3CCCCCC3=O)n2C)CC1,7.898245811462402,5.946862697601318,6.92255425453186
Cc1ccc2c(c1)N(CC(=O)NC1CCC(N3CCN(c4ncccc4OC(F)(F)F)CC3)CC1)CC2,6.652096271514893,7.550626754760742,7.101361513137817
Fc1ccc2c(N3CCN(CCc4cccc(N5CCOCC5)c4)CC3)nc(N3CCCC3)nc2c1,7.100588798522949,6.154950141906738,6.627769470214844
O=C(CCCCCCCCCCS(=O)(=O)Oc1cccc2cccnc12)NCC1CCCO1,6.681097030639648,5.781454086303711,6.23127555847168
C=CCN1CCCC1CNC(=O)c1c(OC)ccc(Br)c1OC,7.585517406463623,8.243056297302246,7.914286851882935
COc1ccccc1N1CCN(CCCCn2nc(-c3ccc(C(F)(F)F)cc3)c3c2CCCC3)CC1,7.794120788574219,7.407491207122803,7.600805997848511
COc1ccccc1N1CCN(CCCCNC(=O)c2sc3ccccc3c2Cl)CC1,7.506882667541504,8.656256675720215,8.08156967163086
O=C1CCc2ccc(OCCCCN3CCN(c4ccccc4)CC3)nc2N1,8.008027076721191,6.56841516494751,7.288221120834351
CN1CCN(C2C=CC(c3c[nH]c4cc(Br)ccc34)CC2)CC1,6.8123884201049805,6.992489814758301,6.902439117431641
NC(=O)c1cccc(CN2CCC(CCC(NS(=O)(=O)c3ccc(Cl)cc3Cl)CC2)c1,,,
CCCN1CCCC1CNC(=O)c1cc(Br)cc(O)c1OC,7.622142314910889,8.680456161499023,8.151299238204956
Nc1cccc(CN2CCN(c3cccc4nc(C(F)(F)F)[nH]c34)CC2)c1,8.106361389160156,7.0789337158203125,7.592647552490234
Cn1nccc1-c1cc(NC(=O)Cc2cccc3cccnc23)ccc1OCC(=O)N1CCC(c2ccccc2)CC1,6.240087032318115,4.790435791015625,5.51526141166687
CC(C)C1C(=O)N2CCCC2C2(O)OC(NC(=O)C3=CC4c5cccc6[nH]c(Br)c(c56)CC4N(C)C3)(C(C)C)C(=O)N12,8.793380737304688,9.753791809082031,9.27358627319336
COc1ccccc1N1CCN(CCc2ccc3nc(N)sc3c2)CC1,7.759366512298584,6.729472160339356,7.24441933631897
COc1cccc(N2CCN(CCCCc3noc4cc(OC)ccc34)CC2)c1OC,6.996439933776856,7.58724308013916,7.291841506958008
CCCN(CCN1C(=O)CC2(CCCC2)CC1=O)C1CCc2c(O)cccc2C1,7.422847270965576,8.977417945861816,8.200132608413696
CN1CCC(C2CCC(c3ccc(C(F)(F)F)cc3)c3ccc(Cl)cc32)CC1,6.461214065551758,6.269875526428223,6.36554479598999
CSC(=S)NN=Cc1ccccc1OC,5.866193771362305,5.3364739418029785,5.601333856582642
CC1CN(CCCc2ccccc2)CCN1C(=O)Nc1ccccc1OCC1CCN(C)CC1,5.519299983978272,6.29660701751709,5.907953500747681
N#Cc1ccc2c(c1)CN(CCCCN1CCN(c3ccccc3)CC1)CC2,6.681757926940918,7.89893627166748,7.290347099304199
COc1ccc(CCCNCCOc2cc(F)cc3c2OCCC3)cc1,7.914323329925537,6.74678373336792,7.3305535316467285
CCCN(C(C)=O)c1ccc(OC)c2c1CCN2CCCC(C(O)c1cccc(F)c1)=NO2,,,
CCN1CCCC1CNC(=O)c1c(O)c(C)cc(C)c1OC,7.433053016662598,8.196249961853027,7.8146514892578125
CC(C)(C)CCN1CCC(n2cc(-c3ccccc3)nn2)CC1,6.225739002227783,6.82485818862915,6.525298595428467
CC(C)C1=NC2CCC34CC35C(=O)CC3(C)C(C(C)N(C)CO)C(=O)CC3(C)C5CCC4C2(C)CS1,5.693872928619385,7.548564434051514,6.621218681335449
COc1ccccc1N1CCN(CCCCCCOc2ccc3c(c2)NC(=O)CC3)CC1,8.71677303314209,7.389423847198486,8.053098440170288
C=C(CN1CCN(c2ccc(OC)cc2OC)CC1)c1cccs1,5.967006683349609,6.595075607299805,6.281041145324707
Cc1ncoc1-c1nnc(SCCCN2CC3CC3(c3ccc(Cl)c(Cl)c3)C2)n1C,7.137609958648682,8.815154075622559,7.97638201713562
CCC(C)N1c2ccc(N)cc2C2c3c[nH]c(O)c3CCC21,6.356109142303467,6.787693500518799,6.571901321411133
COc1ccc(CCN2CCC3(CC2)OCc2cc(F)ncc23)c(F)c1,6.063024520874023,6.819897174835205,6.441460847854614
CCCN1CCc2cccc3c2C1Cc1ccc(O)c(O)c1-3,8.10791015625,8.435409545898438,8.271659851074219
COc1ccc(C(=O)C(F)(F)F)cc1S(=O)(=O)N1CCC(CNC(=O)c2ccc3c(c2)OCO3)CC1,6.52790117263794,6.249306201934815,6.388603687286378
COC(=O)C1C(C)=NC(=O)N(C(=O)NCCCN2CCN(c3ccccc3OC)CC2)C1c1ccc(F)c(F)c1,5.886666297912598,5.7714457511901855,5.829056024551392
OCCCCN1CC=C(c2ccc(Cl)cc2)CC1,5.873964309692383,6.926842212677002,6.400403261184692
CC(C)CCN1CCN(CCOc2cccc(O)c2)CC1,6.905102252960205,7.911189079284668,7.4081456661224365
Fc1ccccc1S(=O)(=O)NCCCCCN1CCN(c2nsc3ccccc23)CC1,7.951188087463379,7.556318759918213,7.753753423690796
CN1CCc2cc(O)cc3c2C1Cc1ccc(O)c(O)c1-3,7.708842277526855,8.355057716369629,8.031949996948242
O=C(NCCCCN1CCN(c2nsc3ccccc23)CC1)c1cc2ccccc2[nH]1,7.502806663513184,8.942609786987305,8.222708225250244
O=C(NCCCCN1CCN(c2cccc(Cl)c2Cl)CC1)c1c[nH]c2ccccc12,7.580685615539551,8.897761344909668,8.23922348022461
COc1ccc(S(=O)(=O)N(C)CC(=O)NCC2CCC(CNC(=O)c3ccccc3C)CC2)cc1OC,7.0882720947265625,5.728931903839111,6.408601999282837
COc1ccccc1N1CCN(CCCCNC(=O)c2cc3ccccc3[nH]2)CC1,7.458228588104248,9.089479446411133,8.27385401725769
CCCN(CCc1ccc(N(C)C(=O)CCCCN2CCN(c3ccccc3OC)CC2)cc1)C1CCc2c(O)cccc2C1,8.097064018249512,7.79392147064209,7.945492744445801
O=C1CC2(CCCC2)CCN1CCN1CCN(c2ccccc2Cl)CC1,7.075751781463623,7.748863697052002,7.4123077392578125
CCCCN(CCCC)C1CCc2ccc3[nH]ccc3c2C1,7.663437843322754,7.27394962310791,7.468693733215332
CCCN(CCN1CCN(c2nsc3ccccc23)CC1)C1CCc2nc(N)sc2C1,7.4281768798828125,8.94189453125,8.185035705566406
c1ccc2c(c1)OCC1CN(CC3CCCC3)CCC21,6.585595607757568,6.747189044952393,6.6663923263549805
COc1ccccc1N1CCN(CCN(C(=O)c2cnn3ccccc23)c2ccccn23)CC1,,,
COc1ccc(CN2CCC(CNC(=O)c3c4n(c5cccc(Cl)c5n3C)CC2)cc1,,,
CN1CCc2cc3cc(O)ccc3cc2C1Cc1ccc(O)c(O)c1-,,,
CCCn1c(C2CCNCC2)nc(-c2ccc(Cl)c(Cl)c2)c1-c1ccnc(NC2CCCCC2)n1,6.671021461486816,6.228142738342285,6.449582099914551
Cc1n[nH]c(C)c1-c1ccccc1N1CCN(CCCC2CCCCC2)CC1,7.045639514923096,7.2448296546936035,7.14523458480835
CC1CC2C3CC=C4CC(=O)C=CC4(C)C3(F)C(O)CC2(C)C1(O)C(=O)COP(=O)(O)O,6.777765274047852,5.259244441986084,6.018504858016968
Cc1ccc(S(=O)(=O)NCCN2CCC(c3noc4cc(F)ccc34)CC2)cc1,7.634306907653809,7.411819458007812,7.5230631828308105
O=C1c2cccc3cccc(c23)C(=O)N1CCN1CCC(c2c[nH]c3cc(F)ccc23)CC1,7.055371284484863,6.207813739776611,6.631592512130737
CCN(CC)CCSC1=C(c2ccc(Cl)cc2)c2ccccc2C1,5.978070259094238,6.426743984222412,6.202407121658325
Cc1ncoc1-c1nnc(SCCCN2CC3CC3(c3ccc(F)cc3)C2)n1C,7.12682056427002,8.707328796386719,7.917074680328369
CN1CCc2cccc3c2C1Cc1cccc(O)c1-3,6.989553451538086,7.396730422973633,7.193141937255859
O=C1N1CCN(CCOc2ccccc2C2CC2)CC1,,,
Clc1ccccc1N(CCN1CCN(c2ccccc2)CC1)S(=O)(=O)c1ccc2ccccc2c1,6.356991767883301,6.255621910095215,6.306306838989258
C1=CC(N2CCN(Cc3ccccc3)CC2)c2ccccc2OC1,6.054843425750732,6.828088760375977,6.4414660930633545
COc1cccc2[nH]c(C(=O)N3CCN(c4ccc(F)cc4)CC3)nc12,5.058363914489746,5.377193927764893,5.217778921127319
COc1ccc(CN2CCN(Cc3ccc4c(c3)NC(=O)CO4)CC2)cc1,5.735830307006836,5.884582996368408,5.810206651687622
CN1CCCCC1CN1CCc2cc(S(=O)(=O)Nc3cccc(Br)c3)ccc21,6.494312763214111,7.639235496520996,7.066774129867554
CN1CCc2ccccc2Cc2[nH]c3c(c2C1)CCO3,6.802127838134766,6.750906944274902,6.776517391204834
COc1ccccc1N1CCN(CCCCc2ccc3c(c2)CCN(C(C)=O)C3)CC1,7.09386682510376,6.9275312423706055,7.010699033737183
Sc1nnc2c3c4c(sc3n3c(S)nnc3n12)CCC4,7.502533912658691,6.300642013549805,6.901587963104248
COc1cc2nc(N(C)CCCCCN(C)C(=O)c3ccco3)nc(N)c2cc1OC,6.528251647949219,5.590300559997559,6.059276103973389
CCN1CCCC(n2cnc3c(NCCCN4CCN(c5ccccc5OC)CC4)nc(F)nc32)C1,6.793806076049805,6.327123641967773,6.560464859008789
CN(C)C1CCN(c2ccc(Cl)c(Cl)c2)c2ccccc21,7.073480129241943,6.241206645965576,6.65734338760376
CN(C)C1CCc2c(c3ccccc3n2C)C1,6.429388523101807,6.664213180541992,6.546800851821899
O=C(NCCCCN1CCN(c2noc3ccccc23)CC1)c1cccc2ccccc12,6.648881435394287,7.7262139320373535,7.18754768371582
CN(C)CCC1CC2c3ccccc3Oc3ccc(F)cc3C2O1,6.947045803070068,7.38913631439209,7.168091058731079
OC1(c2ccc(F)cc2)CC2CCC(C1)N2Cc1coc2cc(F)ccc12,8.135625839233398,8.462806701660156,8.299216270446777
COc1ccccc1N1CCN(CCCCNC(=O)c2ccc(Br)o2)CC1,7.226597785949707,8.440153121948242,7.833375453948975
Cc1cccc(C)c1-n1cnnc1SCCCN1CCC2C(C1)c1cccc3c1N2CCCS3,7.135214805603027,7.000100135803223,7.067657470703125
COc1cccc2c1CCC1CN(CCn3c(=O)[nH]c4c(sc5ccc(C#N)cc54)c3=O)CC21,7.488812446594238,7.3331403732299805,7.410976409912109
Clc1ccc(N2CCN(Cc3cnn(-c4ccccc4)c3)CC2)cc1,5.960072040557861,6.162815093994141,6.061443567276001
Cc1cccc(CN2CCC(CCCN3CCN(c4cccc(Cl)c4Cl)CC3)CC2)c1,6.700352668762207,6.7796125411987305,6.739982604980469
O=C1COc2ccc(C(=O)CCCN3CCC(c4noc5cc(F)ccc45)CC3)cc2N1,7.943569183349609,6.700647354125977,7.322108268737793
CN1CCN(C2CC(c3ccc(F)cc3)c3ccc(Cl)cc32)CC1(C)C,7.741886615753174,7.0761308670043945,7.409008741378784
CCCCN1CCC(COC(=O)c2cc(Cl)c(NC)c3c2OCCO3)CC1,6.890238285064697,6.983306884765625,6.936772584915161
N#Cc1ccccc1SCC(N)CCCN=C(N)N,6.9610371589660645,5.758438587188721,6.359737873077393
COc1ccc2c(c1OC)C(=O)N(C)C(=O)N2Cc1cnc(C(F)(F)F)s1,6.096175193786621,7.262255668640137,6.679215431213379
CCN1CCCC1CNC(=O)c1c(OC)c(OC)ccc1OC,7.472889900207519,7.923360824584961,7.69812536239624
CC(C)C(CCCN1CCN(c2ccccc2O)CC1)c1ccc(F)cc1,7.438149452209473,6.794015407562256,7.116082429885864
CCCCN1CCC(COc2nc3c(OC)cccc3c3ccccc23)CC1,5.892605304718018,6.6649580001831055,6.2787816524505615
COc1cccc(N2CCN(CCCCc3c[nH]c4ccc(Br)cc34)CC2)c1,7.496795654296875,7.6537580490112305,7.575276851654053
COc1ccc(OC)c(N2C(=O)CC3C(NC(=O)c4ccc(Cl)cc4)CCCN3C2=O)c1,6.895421028137207,6.373496055603027,6.634458541870117
Cc1nc(-c2ccccc2)c(-c2ccncc2)o1,4.344260692596436,5.159458160400391,4.751859426498413
COc1ccccc1CN1CCC2(CC1)CN(C(=O)c1cn(CCCN3CCN(c4ccccc4OC)CC3)c3cc(Cl)ccc3O2)CC1,6.196539402008057,6.498103141784668,6.347321271896362
COc1cc(-c2ccc3c(c2)CCN(CCCSc2nnc(-c4ccc(C#N)cc4)n2C)CC3)cc(OC)c1OC,6.177365303039551,8.089856147766113,7.133610725402832
OC(CNCCCCN1CCN(c2nsc3ccccc23)CC1)COc1ccc2c(c1)CCCC2,6.896637439727783,7.665467739105225,7.281052589416504
COc1cccc(CN2CCC(CCOc3cc(F)ccc3C(=O)NCc3ccc(F)cc3)CC2)c1,6.340231418609619,6.631597995758057,6.485914707183838
Cc1ccc2c(-c3nnc(SCCCN4CCCc5onc(C)c5C4)n3C)cccc2n1,6.338736057281494,7.643529891967773,6.991132974624634
COc1cc(C(c2c[nH]c3ccc(F)cc23)N2CCN(CCCOc3ccc(F)cc3)CC2)cc(OC)c1OC,6.867038726806641,7.039700984954834,6.953369855880737
CCCN(CCN1CCN(c2cccc3ccccc23)CC1)C1CCc2ccc(O)cc2C1,7.852016448974609,8.869157791137695,8.360587120056152
Cc1ccc2c(N3CCN(CCc4cccc(NC(=O)c5ccc(F)cc5)c4)CC3)cccc2n1,6.679952621459961,6.762598514556885,6.721275568008423
CCc1ccccc1N1CCN(CCCCNc2ncc(C(=O)c3ccc(-c4ccccc4)cc3)n2C)CC1,6.875986099243164,7.512468338012695,7.19422721862793
COc1ccccc1N1CCN(CCCCNC(=O)C=Cc2ccc(F)cc2)CC1,7.684574604034424,8.851425170898438,8.26799988746643
O=C(NCCO)c1cccc(-c2cnc3[nH]cc(CCN4CCCCC4)c3c2)c1,5.870336532592773,6.712237358093262,6.291286945343018
O=C(NCCCCN1CCN(c2cccc(Cl)c2Cl)CC1)c1ccc(-c2ccccn2)cc1,6.973590850830078,8.95753002166748,7.965560436248779
O=C(NC1CCN(Cc2ccc3c(c2)OCO3)CC1)c1ccc(I)cc1,7.399461269378662,6.971951961517334,7.185706615447998
COc1ccccc1N1CCN(CCCCNC(=O)c2cc3ccccc3cn2)CC1,7.018458366394043,8.637602806091309,7.828030586242676
COc1ccc(CN2CCN(c3cccc4[nH]c(-c5ccc(C(C)(C)C)cc5)nc34)CC2)cc1Cl,6.729841709136963,6.702992916107178,6.71641731262207
CN(CCCc1ccc(Cl)c(Cl)c1)C1CCN(CC2CN(C(=O)C3CCCC3)CC2(c2ccccc2)c2ccccc2)CC1,6.814835071563721,6.65369176864624,6.7342634201049805
COc1ccc(S(=O)(=O)NCC2CCC(Nc3nccc(-c4cccnc4)n3)CC2)cc1,7.266533374786377,7.039738655090332,7.1531360149383545
CC(C)(C)OC(=O)NCCOCCN1CCN(C2=Nc3cc(C#N)ccc3N(S(C)(=O)=O)c3ccccc32)CC1,6.883569240570068,7.05124568939209,6.967407464981079
CCCCN1CCC(COc2noc3ccc(NC)cc23)CC1,6.3273234367370605,6.8165693283081055,6.571946382522583
COc1ccccc1N1CCN(CCn2c(C)nc3ccccc32)CC1,6.874180316925049,6.39871072769165,6.63644552230835
COc1ccccc1N1CCN(CCCCN2CCCC2=O)CC1,7.494660377502441,8.329202651977539,7.91193151473999
O=C(NCCCCN1CCN(c2nsc3ccccc23)CC1)c1cc2ccccc2[nH]1,7.502806663513184,8.942609786987305,8.222708225250244
N#Cc1cc2c(O)c(-c3ccc(CN4CCN(c5cccc6nnc(C7CC6)c5)CC4)cc3)c(O)nc2cc1F,,,
COc1ccccc1N1CCN(CCCCNC(=O)c2ccc3ccccc3c2)CC1,7.298825263977051,8.823209762573242,8.061017513275146
Oc1c2c(nc3ccc(-c4ccccc4)nn13)CCCC2,,,
O=C(Nc1ccccc1Cl)c1ccnc2ccccc12,6.428216934204102,5.239675998687744,5.833946466445923
CCc1cccc(N2CCN(CCCCOc3ccc4c(n3)CCC4)CC2)c1,7.983212471008301,7.526584625244141,7.754898548126221
O=C(CCCN1CC=C(n2c(O)nc3ccccc32)CC1)c1cc2cc(F)ccc2o1,7.730620861053467,7.545407295227051,7.638014078140259
CCN(CC)CCn1ncc2c3ccccc3cc(OC)ccc3c(C)c21,,,
COC(=O)C1C(c2ccc(-c3ccccc3OC)cc2)CC2CCC1N2C(=O)NC1CCCC1,6.82700252532959,6.379817008972168,6.603409767150879
Cc1ncoc1-c1nnc(SCCCN2CC3CC3(c3ccc(C(F)(F)F)cc3)C2)n1C,6.68971061706543,8.816180229187012,7.752945423126221
COC(=O)c1cccc(C(=O)NC2CCC(Nc3ncc(-c4cccc(C#N)c4)c(N4CCNCC4)n3)CC2)c1,6.759915351867676,6.077600479125977,6.418757915496826
CCCCN(CCCC)C1CCc2cccc(O)c2C1,7.369568347930908,7.935538291931152,7.65255331993103
CCCCN1CCN(CCCN2c3ccccc3Sc3ccc(C(F)(F)F)cc32)CC1,6.618113040924072,6.773381233215332,6.695747137069702
NC1CCC(Nc2nccc(-c3c[nH]c4ncccc34)n2)CC1,6.323923110961914,6.418351650238037,6.371137380599976
COc1ccc(-c2ccccc2N2CCN(CCCCCN3C(=O)CC4(CCCc5ccc(N=S(C)(=O)O)cc54)CC3=O)CC2)cc1,7.208878040313721,7.041825294494629,7.125351667404175
Oc1nc2c(O)ccc(C(O)CNCCCCCOCc3ccccc3)c2s1,5.889897346496582,6.553386211395264,6.221641778945923
O=C(CCCN1C2CCC1CC(O)(c1ccc(Cl)cc1)C2)c1cccc2c1NCC2,7.344502925872803,7.534870147705078,7.43968653678894
CCc1nn(C)c2c1c(=O)oc1cc(O)ccc12,7.09380578994751,6.049688339233398,6.571747064590454
CN(C)c1nc(NCCc2ccc(F)cc2)nc(N(C)C)n1,8.00693130493164,6.927635669708252,7.467283487319946
CCN(CC)c1ccc(CN2CCC3(CC2)C(=O)NCN3c2cccc(F)c2)cc1,8.062760353088379,8.280296325683594,8.171528339385986
COc1ccccc1N1CCN(CC2COC(CN3CCC(c4ccccc4OC)CC3)(c3ccccc3)O2)CC1,7.0391058921813965,6.109729290008545,6.574417591094971
CNCCCN1c2ccccc2Sc2ccccc21,5.626030445098877,6.024707317352295,5.825368881225586
CN1CCC2(C)c3cc(OC(=O)Nc4ccccc4)ccc3N(C)C12,6.178206443786621,6.850849628448486,6.514528036117554
COc1ccc(OCCNCCOc2ccccc2OC)cc1,6.5674238204956055,6.812778949737549,6.690101385116577
CC(C)Oc1ccccc1N1CCN(C2CCC(NS(=O)(=O)c3ccc(Cl)cc3F)CC2)CC1,7.481462478637695,8.491399765014648,7.986431121826172
COc1ccccc1N1CCN(CCCCOc2ccc3c(c2)NC(=O)CC3)CC1,8.793431282043457,7.612606048583984,8.20301866531372
Cn1cc(C2CCN(Cc3ccc(Br)cc3)CC2)cn1,7.189208507537842,5.922330856323242,6.555769681930542
Oc1ccc2c(c1)OC(CNCc1cccs1)CC2,9.475069046020508,8.632311820983887,9.053690433502197
O=C1N(CCN2CCCC(c3nc4ccccc4[nH]3)C2)CCN1c1cccc(Cl)c1,7.393898010253906,7.028491020202637,7.2111945152282715
Oc1[nH]cc2c(-c3ccc(Nc4nc5ccccc5o4)cc3)cccc12,7.770783424377441,5.749040603637695,6.759912014007568
OC(CCCN1CCc2ccccc2C1)c1ccc2c(c1)OCCO2,6.008583068847656,7.0754899978637695,6.542036533355713
Oc1ccc(N2CCN(CCCCOc3ccc4ccccc4c3)CC2)cc1,7.341917037963867,8.10154914855957,7.721733093261719
COc1ccccc1N1CCN(CCn2c(-c3ccccc3Br)nc3c(N)ncnc32)CC1,6.312483787536621,6.195288181304932,6.253885984420776
COC(=O)C1C(=N)n2c(sc(=Cc3cccs3)c2=O)=C(C(N)=O)C1c1cccs1,5.172163963317871,4.516541481018066,4.844352722167969
Oc1nc2ccccc2n1C1CCN(Cc2ccc(-c3nc4ccccc4n3Cc3ccco3)cc2)CC1,6.824908256530762,6.401113033294678,6.61301064491272
COc1ccccc1N1CCN(CCCCCNC(=O)c2cccc3ccn(C)c23)CC1,7.64542818069458,7.504740238189697,7.575084209442139
O=S(=O)(NC1CCN(Cc2ccccc2)CC1)c1cccs1,6.203397750854492,6.950740814208984,6.577069282531738
Cc1ccc2c(-c3nnc(SCCCN4CC5CC5(c5ccc(Cl)cc5)C4)n3C)cccc2n1,7.072961807250977,8.756427764892578,7.914694786071777
O=C1NN(c2ccccc2)C(=O)C1=Cc1ccccc1,6.292512893676758,5.603310585021973,5.947911739349365
CCCN(CCC1CCC(NS(N)(=O)=O)CC1)C1Cc2ccc(OC)cc2C1,7.30349588394165,8.81412124633789,8.05880856513977
Cc1ccc2c(c1)C1CCCC1C(N)=N2,7.117076873779297,6.428261756896973,6.772669315338135
CCc1cc(N2CCN(C)CC2)nc2ccnn12,6.022350311279297,5.831676483154297,5.927013397216797
O=C(C1CCN(Cc2ccn(-c3ccccc3OC(F)(F)F)c2)CC1)N1CCN(C2CCCCC2)CC1,6.236103057861328,7.488621234893799,6.8623621463775635
O=C1NC(=O)C(CN2CCC(c3nnc(-c4ccccc4)o3)CC2)(c2ccc(F)cc2)N1,6.806042671203613,6.633490562438965,6.719766616821289
CCOc1ccccc1OCC1CN(Cc2ccc(-c3ccc(Cl)c(Cl)c3)[nH]2)CCO1,6.561254024505615,6.901802062988281,6.731528043746948
Cc1ccccc1N1CCN(CCCCOc2cc(N3CCCCC3)ncn2)CC1,7.7374162673950195,6.543181896209717,7.140299081802368
COc1cccc(OC)c1OCCNCC1COc2ccccc2O1,6.958695888519287,7.620738506317139,7.289717197418213
COc1ccc(OC)c(C2CC(c3ccc(F)cc3)=NN2C(=O)CCCl)c1,6.228611946105957,5.347554683685303,5.78808331489563
O=C(NCCCCN1CCN(c2cccc(Cl)c2Cl)CC1)c1ccnc2ccccc12,7.317999362945557,8.613978385925293,7.965988874435425
CCN1CCN(C2Cn3cccc3Sc3ccc(S(=O)(=O)NC)cc32)CC1,7.618258476257324,7.423401355743408,7.520829916000366
CC1=CC2=NC(=O)CC(C)(C(=O)NCCCN3CCN(c4ccccc4OCc4no[n+](O)c4C#N)CC3)C(=O)N2C1,6.378763198852539,5.544883728027344,5.961823463439941
CN1CCN(C2=Cn3cccc3Sc3ccc(F)cc32)CC1,8.417153358459473,8.3873929977417,8.402273178100586
O=C1Nc2ccccc2C12CCN(C1CCN(CCCc3ccccc3)CC1)CC2,5.816852569580078,5.923436641693115,5.870144605636597
CCCN(CCc1cccs1)C1CCc2c(O)cccc2C1,8.405183792114258,8.605388641357422,8.50528621673584
CC(C)c1ccccc1N1CCN(CCN2CCc3ccccc3CC2)CC1,7.630641937255859,6.779942512512207,7.205292224884033
Cc1ccc(F)c(NC(=O)NCCCN2CCC3(CC2)Cc2cc(F)ccc2O3)c1,6.6810455322265625,6.958492755889893,6.8197691440582275
COc1ccc(-n2nc(C(N)=O)c3c2C(=O)N(c2ccc(C4(CCN(C)CC4)CC2)CC3)cc1,,,
COc1ccccc1N1CCN(CCCCNC(=O)c2ccc(-c3ccccn3)cc2)CC1,7.073938846588135,8.78824234008789,7.931090593338013
COc1ccc2[nH]cc(CCNc3ccc(-c4nc5ccccc5[nH]4)cc3)c2c1,7.37601900100708,6.247887134552002,6.811953067779541
O=C(NCCCCN1CCC2C(C1)c1cccc3c1N2CCS3)c1ccc(-c2cccs2)cc1,6.9846014976501465,8.11356258392334,7.549082040786743
COc1ccc(C2NC(=O)N=C(c3ccc(C)cc3)C2C(=O)N2CCCC2)c(OC)c1,5.74517297744751,5.230916976928711,5.48804497718811
CN1CCc2c(sc3ncn(CCN4CCN(c5cccnc5C#N)CC4)c(=O)c23)C1,6.89176082611084,6.89305305480957,6.892406940460205
Cn1cc(C2CC3CCC2N3C)cn1,5.605906486511231,7.244650840759277,6.425278663635254
Cc1ccc2c(-c3ccnc(Nc4ccc5c(c4)OCO5)n3)ccnc2c1,6.364869594573975,4.884111404418945,5.62449049949646
OC1(c2ccccc2)CCN(CCCN2C(c3ccccc3)c3ccccc3C2=O)CC1,6.262924671173096,5.913590908050537,6.088257789611816
CCCN(CCC)C1CCc2c(c(O)cc3c2C1Cc1cccc(O)c1-3,,,
O=S(=O)(c1ccccc1)c1ccc(NC2CCC3(CC2)CC(O)C(O)C3)nc1,6.096804141998291,5.306899547576904,5.701851844787598
Cc1ccc2nc(N3CCN(CCc4cccc(-c5ccccc5)c4)CC3)sc2c1,6.8607940673828125,6.827074527740479,6.8439342975616455
Cc1cc(C(=O)NCCCN2CCC(c3noc4cc(F)ccc34)CC2)[nH]n1,6.482758522033691,6.757722854614258,6.620240688323975
COc1ccc(CCN2CCN(CCCNc3cc(-c4ccccc4)c(Cl)cn3)CC2)cc1,6.855823993682861,6.47022819519043,6.6630260944366455
COc1ccccc1N1CCN(CCCCNC(=O)c2ccc3c(c2)C(=O)N(C)C3=O)CC1,7.221320629119873,7.973297119140625,7.597308874130249
Oc1nc2cncc(OCCNCc3c[nH]c4ccc(-n5cnnc5)cc34)c2o1,7.7796101570129395,6.280709743499756,7.030159950256348
Cc1ccc2c(-c3nnc(SCCCN4CCc5cc6nc(C(C)(C)C)oc6c(Br)c5CC4)n3C)cccc2n1,6.010473251342773,7.919497489929199,6.964985370635986
Oc1nc2ncc(-c3ccc(-c4ncn[nH]4)cc3)nc2n1CCC1CCOCC1,5.659275531768799,6.768199443817139,6.213737487792969
O=C1CC(c2ccc(Cl)cc2Cl)Cc2nc3cc(Cl)ccc3c(O)c21,6.16379976272583,5.42524003982544,5.794519901275635
COc1ccccc1N1CCN(CCCCN2C(=O)CC(C)(c3ccccc3)CC2=O)CC1,7.141951560974121,7.578574180603027,7.360262870788574
CCCCCCOc1nsnc1C1C=CCN(C)C1,5.796304702758789,5.621714115142822,5.709009408950806
COc1ccccc1N1CCN(CC(O)CN2C(=O)N(CC3CCCCC3)CC2=O)CC1,6.873449802398682,6.150208473205566,6.511829137802124
O=C1NC(=O)C(c2ccccc2[N+](=O)[O-])C1=Nc1cccc(Br)c1,5.109192371368408,5.480506896972656,5.294849634170532
O=S(=O)(NCCCCN1CCC(c2noc3cc(F)ccc23)CC1)c1cc2cc(Cl)ccc2s1,8.077786445617676,8.116436958312988,8.097111701965332
COc1ccccc1N1CCN(CCCCNc2nccc(-c3ccncc3)n2)CC1,7.718981742858887,7.394086360931396,7.556534051895142
COc1cccc(C(=O)NCCCCN2CCN(c3cccc(Cl)c3Cl)CC2)c1,7.145890235900879,9.06395435333252,8.1049222946167
CN1CCN(c2ccc(C(=O)Nc3ccc(C#N)c(Cl)c3)cc2)CC1,5.06709623336792,5.393811702728272,5.230453968048096
C1=C(c2ccccc2)CCN(CCCCc2c[nH]c3ccc(-n4cnnc4)cc23)C1,8.061439514160156,7.85183572769165,7.956637620925903
O=C(NCCN1CCN(c2ccccc2Cl)CC1)c1cc2cc(F)ccc2[nH]1,6.883974552154541,7.543231964111328,7.213603258132935
CN1CCN(c2ccc(C(=O)Nc3ccc(-c4ccccc4Cl)cc3)cc2)CC1,5.936938285827637,5.631059646606445,5.783998966217041
COc1ccc(Br)cc1S(=O)(=O)NC1CCC(N2CCN(c3ccccn3)CC2)CC1,6.447169303894043,7.596313953399658,7.021741628646851
CCCN(CCC)C1CCc2ccc(O)cc2C1,7.70214319229126,8.176798820495605,7.939471006393433
CC(=O)Nc1cccc(CN=C2C(=O)C(=O)C2Nc2ccc3[nH]ncc3c2)c1,4.990993022918701,4.258754730224609,4.624873876571655
CCN(CCCCN1CCN(c2ccccc2OC)CC1)c1cccc(O)c1,8.437192916870117,8.789949417114258,8.613571166992188
CC(C)c1ccccc1N1CCN(CCCCC(=O)N2CCc3ccc(I)cc3C2)CC1,7.777071952819824,7.65788459777832,7.717478275299072
O=C(Nc1ccc2ccccc2c1)C1CCN(CC2COc3ccccc3O2)CC1,7.257678031921387,6.729883670806885,6.993780851364136
CCN(CC)C(=O)NC1CC2=C(Cc3c[nH]c4cccc2c34)N(C)C1,8.485456466674805,8.415810585021973,8.450633525848389
COc1ccccc1N1CCN(CCCCCn2ncc(=O)n(C)c2=O)CC1,7.336588382720947,7.358038902282715,7.347313642501831
CCCN(CCC)C1CCc2ccc(OS(=O)(=O)C(F)(F)F)cc2C1,6.899405956268311,6.890395164489746,6.894900560379028
O=C1c2cccc(Cl)c2C(=O)N1CCCCN1CCC(n2c(O)nc3cc(Cl)ccc32)CC1,7.17713737487793,7.5542683601379395,7.365702867507935
CCNC(=O)NC1CCC(Nc2nc(Cl)cc(-c3c[nH]c4ncccc34)n2)CC1,7.679299831390381,7.403705596923828,7.5415027141571045
Cc1occc1-c1nnc(SCCCN2CC3CC3(c3ccc(C(F)(F)F)cc3)C2)n1C,6.757535457611084,8.925803184509277,7.841669321060181
Clc1ccc(CSC(Cn2ccnc2)c2ccc(Cl)cc2Cl)c(Cl)c1,6.022022724151611,5.726141452789307,5.874082088470459
N#CCOc1ccc(N2CCN(CCCCC(=O)c3ccc(F)cc3)CC2)cc1,6.662013053894043,6.308459758758545,6.485236406326294
CC=C(c1cccs1)c1c(O)[nH]c2cccc(O)c12,6.197443008422852,6.191778659820557,6.194610834121704
CCCN(CCC)C1CCc2cccc(O)c2C1,7.518751621246338,8.177104949951172,7.847928285598755
COc1cc(N)c(Cl)cc1C(=O)NC1CCN(CCCCCCN2C(=O)CCc3ccccc32)CC1OC,7.410060405731201,7.3072919845581055,7.358676195144653
CCCN1CCC(Oc2cccc(Cl)c2NS(=O)(=O)c2ccc(Cl)c(Cl)c2)CC1,7.07533597946167,7.261581897735596,7.168458938598633
CCc1nc(-c2ccccc2)c(-c2ccncc2)o1,4.301064968109131,5.806975364685059,5.054020166397095
CCN(CC)C(=O)NC1Cc2c(cc3c[nH]c4c3c2C=CC4)N(C)C1,8.286233901977539,9.04771900177002,8.66697645187378
Fc1ccc(-c2nc(CN3CCN(c4ncc(C(F)(F)F)cc4Cl)CC3)co2)cc1,5.187065601348877,6.113196849822998,5.6501312255859375
Oc1nc2ccccc2n1CCCN1CCC(c2noc3cc(F)ccc23)CC1,7.749734878540039,7.521337032318115,7.635535955429077
O=C(NC1CCc2ccc(CCN3CCN(c4nsc5ccccc45)CC3)cc21)c1ccco1,7.188662528991699,6.399092197418213,6.793877363204956
Cn1cc(C2=CCN(CCCCc3c[nH]c4ccc(CC5CCC(=O)N5)cc34)CC2)c2cc(F)ccc21,7.435248374938965,7.559523582458496,7.4973859786987305
CN(C(=O)C1CCN(CCOc2ccccc2Cc2ccccc2)CC1)c1cccc(Cl)c1,6.414872169494629,6.511593818664551,6.46323299407959
COc1cc(C2c3cc4c(cc3C(O)C3COC(=O)C23)OCO4)cc(OC)c1OC,4.755756855010986,4.880257606506348,4.818007230758667
CN(C)CCCN1c2ccccc2Sc2ccc(Cl)cc21,7.078269004821777,6.800233840942383,6.93925142288208
COc1cccc(C(=O)NCCCCCN2CCN(c3oc(C(F)(F)F)nc3C#N)CC2)c1,6.957054615020752,8.133291244506836,7.545172929763794
O=C1CC2(CCCC2)CC(=O)N1CCN1CCN(c2cc(C(F)(F)F)cc(C(F)(F)F)c2)CC1,6.489140033721924,8.116620063781738,7.302880048751831
COc1c(Cl)cc(Cl)c2c1C(CNC(C)=O)CC2,7.082093715667725,5.608557224273682,6.345325469970703
Cc1cccc(N2CCN(CCC3CC(O)CCN3S(=O)(=O)c3ccc(Cl)cc3)CC2)c1,6.734223365783691,6.527170658111572,6.630697011947632
O=S(=O)(c1cccc2cnccc12)N1CCCNCC1,6.233206748962402,3.353839635848999,4.793523192405701
COc1ccccc1N1CCN(CCCCNC(=O)c2cc3ccccc3s2)CC1,7.43854284286499,9.065712928771973,8.252127885818481
CN1CCCC(N2CCN(c3ccc(Cl)cc3)C3(CCN(C(=O)c4ccc(F)cc4)CC3)C2=O)CC1,7.560160160064697,7.218752861022949,7.389456510543823
CN(C)C(=O)c1cccc(NC(=O)Nc2ccc(-c3csc4c(-c5cnn(C)c5)cnc(N)c34)cc2)c1,5.828968048095703,4.663248062133789,5.246108055114746
CCCN(CCC)C1CCc2c(O)cccc2C1,8.197704315185547,8.453038215637207,8.325371265411377
CC=C1N=C(CC)C(C(=O)OCC)C(c2ccc([N+](=O)[O-])cc2)N1,6.081880569458008,6.01253080368042,6.047205686569214
CCCN(CCc1cccc(O)c1)C1CCc2c(O)cccc2C1,8.38801383972168,8.900364875793457,8.644189357757568
Cc1cc(-c2cnc(N)c3c(-c4ccc(NC(=O)Nc5ccc(OC(F)F)cc5)cc4)csc23)cn1,,,
COc1cccc(C(=O)NCCCCN2CCN(c3cccc(Cl)c3Cl)CC2)c1,7.145890235900879,9.06395435333252,8.1049222946167
COc1ccccc1N1CCN(CCCCc2ccc3c(c2)sc(=O)n3CCN2CCC(C(=O)c3ccc(F)cc3)CC2)CC1,8.005274772644043,7.863858222961426,7.934566497802734
O=C(NCCCCN1CCN(c2cccc(Cl)c2Cl)CC1)c1cc2ccccc2[nH]1,7.3425798416137695,9.33303451538086,8.337807178497314
OC1(c2ccc(Cl)c(Cl)c2)CC2CCC(C1)N2Cc1coc2cc(F)ccc12,7.870075702667236,8.656855583190918,8.263465642929077
CN(C)CCCN1c2ccccc2Sc2ccc(Cl)cc21,7.078269004821777,6.800233840942383,6.93925142288208
COc1ccc(-n2c(C)nc3c(C)cc(N4CCNCC4)cc32)cc1Cl,5.290705680847168,4.789953231811523,5.040329456329346
Cc1ccc(F)c2c1CCC1CN(CCn3c(=O)[nH]c4c(sc5ccc(C#N)cc54)c3=O)CC21,7.314801216125488,7.198727130889893,7.25676417350769
CCCCN1CCC(COc2nsnc2Cl)(c2ccccc2)CC1,6.176975727081299,7.0633158683776855,6.620145797729492
COc1ccccc1CN1CCC(N2CCC(n3c(O)nc4ccc(F)cc43)CC2)CC1,5.900278568267822,5.983504772186279,5.941891670227051
Fc1ccc(-c2ccc3nccc(NCC4CCCN4)c3c2)cc1,5.985461711883545,6.31257438659668,6.149018049240112
Nc1ncnc(Nc2cc(CNC(=O)C(F)(F)F)c(O)c(-c3ccc(Cl)cc3)c2)n1,7.728873252868652,4.918826103210449,6.323849678039551
CCCCN(CCC#N)C(=O)c1ccc2nc(-c3n[nH]c4ccccc34)[nH]c2c1,6.452674865722656,6.047876834869385,6.2502758502960205
CN(C)c1ccc(C(=O)OCC(=O)NCC(=O)N2CCN(c3ccc(Cl)cc3)CC2)cc1,5.3300981521606445,4.385700225830078,4.857899188995361
CN1CCc2cc(O)cc3c2C1Cc1ccc(O)c(O)c1-3,7.708842277526855,8.355060577392578,8.031951427459717
Cc1ccc(OC(CCN2CCN(c3ccccn3)CC2)c2ccc(F)cc2)cc1,5.988273620605469,6.267187118530273,6.127730369567871
COc1cc2c(cc1OC)-c1n[nH]c(Nc3cccc(F)c3)c1C2,6.577808856964111,5.6129536628723145,6.095381259918213
Oc1cccc(N2CCN(Cc3ccc4c(c3)OCO4)CC2)c1,7.385851860046387,6.866368293762207,7.126110076904297
O=C1CCc2cc(S(=O)(=O)NCCCCN3CCC(c4noc5cc(F)ccc45)CC3)ccc2N1,8.006834030151367,7.142068862915039,7.574451446533203
COc1c(-c2ccccc2)[nH]c2ccccc12,7.095877647399902,6.708628177642822,6.902252912521362
COc1ccccc1N1CCN(CCCCNC(=O)C=Cc2ccccc2OC)CC1,7.560798168182373,8.727657318115234,8.144227743148804
N=C(N)NCCCC(N)C(=O)NCCCF,6.6068196296691895,6.7325544357299805,6.669687032699585
CC1CN(C2CCN(Cc3ccc(F)cc3Cl)CC2)CCN1C(C)c1ccc(S(=O)(=O)c2ccc3c(c2)OCO3)cc1,5.827234268188477,6.277074813842773,6.052154541015625
CC(C)c1ccc(S(=O)(=O)NCCCN2CCCCC2C)cc1,6.910066604614258,7.317440986633301,7.113753795623779
CCCN(CCC1CCC(NS(=O)(=O)c2ccc3ccccc3c2)CC1)C1CCc2nc(N)sc2C1,7.288398742675781,8.892574310302734,8.090486526489258
CCOc1ccccc1N1CCN(CCCCNC(=O)c2csc(-c3ccccc3)n2)CC1,6.57759952545166,8.962514877319336,7.770057201385498
Oc1ccc(NCC2CCCN2CC(c2ccc(Cl)cc2)c2ccccn2)cc1,6.347329616546631,5.939484119415283,6.143406867980957
COc1ccccc1N1CCN(CCCCNC(=O)c2cc3ccccc3o2)CC1,7.030130386352539,8.543241500854492,7.786685943603516
O=C1NCN(c2ccccc2)C12CCN(C1CCCCC1(O)c1ccccc1)CC2,7.030368804931641,6.89857292175293,6.964470863342285
CN1CCc2c(sc3ncn(CCN4CCN(c5ccnc6ccccc56)CC4)c(=O)c23)C1,7.551023483276367,7.186892986297607,7.368958234786987
COc1ccccc1N1CCN(CCCCNC(=O)C=Cc2ccccc2)CC1,7.524115562438965,8.93630599975586,8.230210781097412
O=C1NC(=O)C2=C1c1cn(c3ccccc13)CCCc1cc(nc(N3CCCC3)c1)CCCn1cc2c2ccccc21,6.4686598777771,5.375467300415039,5.922063589096069
CCCN(CCc1ccccc1)C1CCc2c(O)cccc2C1,8.200567245483398,8.143576622009277,8.172071933746338
Clc1cccc(N2CCN(CCCCc3cnn4cccnc34)CC2)c1Cl,7.633469581604004,7.995041847229004,7.814255714416504
CC(N)Cc1c[nH]c2ccc(O)cc12,6.163337230682373,5.566805839538574,5.865071535110474
O=C1CCc2ccc(OCCCCN3CCN(c4ccc(Cl)cc4Cl)CC3)nc2N1,8.27188491821289,7.495511054992676,7.883697986602783
O=C1Cc2c([nH]c3ccc(Br)cc23)-c2ccccc2N1,8.138245582580566,5.863692760467529,7.000969171524048
Cc1ccccc1C1CC1C(N)=O,6.219727993011475,5.964759826660156,6.092243909835815
COc1ccccc1N1CCN(Cc2cn(-c3ccc(I)s3)nn2)CC1,7.462202072143555,6.418399333953857,6.940300703048706
O=C(NC1CCC(CCN2CCN(c3ccccc3F)CC2)CC1)c1cn(-c2ccc(O)cc2)c2cc(F)ccc12,7.672686100006103,7.959978580474853,7.816332340240478
O=C(NCC1CCC2(O)C3Cc4ccc(O)c5c4C2(CCN3CC2CC2)C1O5)c1cccc(F)c1,7.797586917877197,8.274374008178711,8.035980463027954
COc1ccccc1N1CCN(CCN(C(=O)C23C4C5C2C2C3C4C52I)c2ccccn2)CC1,7.1265411376953125,5.760276317596436,6.443408727645874
C#CCN(CCC#N)Cc1ccc(CN2CCN(c3cccc(Cl)c3Cl)CC2)cc1,6.070046901702881,5.829066753387451,5.949556827545166
O=S(=O)(NCCCCN1CCC(c2noc3cc(F)ccc23)CC1)c1cc2ccccc2s1,7.821849822998047,8.171528816223145,7.996689319610596
COc1ccc(CCCCNCCOc2cc(F)cc3c2OCCC3)cc1,8.719642639160156,7.089419841766357,7.904531240463257
CCCCN(CCCC)C1CCc2c(O)cccc2C1,7.942216396331787,8.147453308105469,8.044834852218628
CCCN(CCC)C1CCc2c(cccc2-c2nc(-c3ccc(Cl)cc3)cs2)C1,6.022371292114258,7.769535064697266,6.895953178405762
CCCN(CCN1CCN(c2ccccc2)CC1)C1CCc2ccc(O)cc2C1,7.061977386474609,8.358572006225586,7.710274696350098
COc1ccccc1N1CCN(CCCCNC(=O)c2ccc(S(=O)(=O)N(C)c3ccccc3)cc2)CC1,7.365940093994141,7.76813268661499,7.567036390304565
COc1ccc(S(=O)(=O)Nc2cc(C)c(C)cc2CN(C)C)cc1,5.958233833312988,6.0516767501831055,6.004955291748047
O=C(N1CCN(Cc2ccc3cc(F)ccc3c2)CC1)C12CC3CC(CC(C3)C1)C2,6.333463191986084,6.999751567840576,6.66660737991333
COc1cc(OC2CCN(CCC3CCN(c4ccccc4)CC3)C2)ccc1C,6.913641929626465,7.346336841583252,7.129989385604858
CC(C)C1C(=O)N2CCCC2C2(O)OC(NC(=O)C3Cc4c(cc5c[nH]c6c5c4C=CC6)N(C)C3)(C(C)C)C(=O)N12,8.831802368164062,9.644411087036133,9.238106727600098
COc1cc(C2c3cc4c(cc3C(O)C3COC(=O)C23)OCO4)cc(OC)c1OC,4.755756855010986,4.880257606506348,4.818007230758667
OC1(c2ccc(Cl)cc2)CC2CCC(C1)N2Cc1coc2ccccc12,7.902397632598877,8.243313789367676,8.072855710983276
CN1CCN(c2nccc(-c3cnn4ccccc34)n2)CC1,5.721927642822266,5.198007583618164,5.459967613220215
FC(F)(F)c1ccc(CN2CCN(CCCc3c[nH]c4ccc(-n5cnnc5)cc34)CC2)cc1,7.283509254455566,6.627202033996582,6.955355644226074
COc1ccc2nc(N3CCN(C(=O)c4ccco4)CC3)sc2c1,4.423178195953369,5.118459701538086,4.7708189487457275
Clc1cccc(N2CCN(CCCCOc3ccc4c(c3)NC(=S)NC4)CC2)c1Cl,8.02277660369873,8.652264595031738,8.337520599365234
O=C(CCCCCCCCCCOc1ccc(NC(=O)CCCN2CCCC2)cc1)NC1CCCc2ccccc21,6.413669109344482,6.2116241455078125,6.3126466274261475
COc1ccccc1N1CCN(CCCCNC(=O)c2ccc(Cl)cc2)CC1,7.439041614532471,8.88364028930664,8.161340951919556
O=S(=O)(c1cccc2cocc12)N1CCCNCC1,6.023475646972656,3.413727283477783,4.71860146522522
O=C1N(CCc2ccccc2)CCN1CCC1Cc1c[nH]c2ccccc12,,,
Clc1ccc(CN2CCC(CCc3ccccc3)CC2)cc1Cl,6.5988359451293945,6.163110733032227,6.3809733390808105
O=C1NCN(c2ccccc2)C12CCN(C1CCCc3c(O)cccc31)CC2,7.43736457824707,7.861557960510254,7.649461269378662
O=C(NCC1CC1)c1cn(CCN2CCN(c3cccc(Cl)c3Cl)CC2)c2ccccc12,6.636117935180664,7.177763938903809,6.906940937042236
CC1=NC(=O)N(CCC(F)(F)F)C(=O)C1CCCN1CCC(C(N)=O)(c2ccccc2)CC1,6.426878929138184,7.831287384033203,7.129083156585693
COc1ccccc1N1CCN(CCN2C(=O)CC3(CCCC3)CC2=O)CC1,7.094912528991699,7.714849472045898,7.404881000518799
CC(C(=O)Nc1ccc2oc3c(c2c1)CCNC3=O,,,
COc1cccc(-n2cc(-c3cccs3)nn2)c1,5.402820587158203,6.489541053771973,5.946180820465088
NCCc1c[nH]c2ccc(OCCN3CCN(c4cccc5nc(C(C)C)[nH]c45)CC3)cc12,7.384604454040527,7.023744106292725,7.204174280166626
O=C(NCCCN1CCN(c2ccccc2OCCF)CC1)c1cccs1,7.139248847961426,7.254054546356201,7.1966516971588135
CCCN(CCN1CCN(c2cccc3nc(-c4ccc(OC)cc4)oc23)CC1)C1CCc2nc(N)sc2C1,6.666482925415039,8.338332176208496,7.502407550811768
CCCC1CCC(N2CCN(c3cccc(Cl)c3Cl)CC2)CC1,7.776517868041992,7.66760778427124,7.722062826156616
O=C(CCc1c[nH]c2ccccc12)NCCCCCNc1c2c(nc3cc(Cl)ccc13)CCCC2,7.820667266845703,6.280977249145508,7.0508222579956055
CCC1(CC)C(=O)N(c2ccc(OCCN3CCC(C(=O)c4nc5ccccc5n4CCF)CC3)cc2)C1=O,6.708892822265625,6.408412456512451,6.558652639389038
COc1ccccc1N1CCN(CCCCCNC(=O)C=Cc2ccc(O)c3ncccc23)CC1,7.983198165893555,8.20223617553711,8.092717170715332
CC(C)Oc1ccccc1N1CCN(Cc2ccc(C(=O)N3CCCC3)cc2)CC1,7.642030239105225,7.586577415466309,7.614303827285767
COc1ccccc1N1CCN(CCCCNC(=O)C=Cc2ccc(C(F)(F)F)cc2)CC1,7.754078388214111,9.026412963867188,8.39024567604065
COc1cc(OCCF)cc(C(=O)NC2CCN(CCCOc3ccc(-c4noc(COc5ccc(Cl)cc5)n4)cc3)CC2)c1,5.472635746002197,6.725309371948242,6.09897255897522
Cc1ccc(S(=O)(=O)NCCCN2CCN(c3nsc4ccccc34)CC2)cc1,7.18858814239502,7.077107906341553,7.132848024368286
CCN(CC)C(=O)C1CCN(CCCNc2nnnn2-c2cccc(Cl)c2Cl)CC1,7.688397407531738,6.661857604980469,7.1751275062561035
CN1CCc2cc(Cl)c(O)cc2C2c3cccc(-c4cccc(OC(F)(F)F)c4)c3CCC21,6.292689323425293,6.885398387908936,6.589043855667114
COc1ccccc1N1CCN(CCCCNC(=O)c2ccc3c(c2)CN(C)CC3)CC1,6.726287841796875,8.204015731811523,7.465151786804199
CCN(CC)C(=O)c1ccc(NC(=O)NCCCN2CCC(c3ccc(F)cc3)CC2)cc1,6.839442253112793,6.489026069641113,6.664234161376953
COC(=O)C1C(C)=NC(=S)NC1c1ccccc1,5.4427900314331055,4.054212093353272,4.7485010623931885
COc1ccc2sc(C(=O)NC3CCN(Cc4cn(C)nc4C)CC3)cc2c1,6.676713943481445,6.486355781555176,6.5815348625183105
CC(C)c1nccn1S(=O)(=O)c1ccccc1,6.528706073760986,6.556905746459961,6.542805910110474
Cc1c(-c2cccc(OCc3ccccc3)c2)c2c(N)ncnc2n1C1CCC(N2CCCC2)CC1,5.588844299316406,6.418115615844727,6.003479957580566
COc1ccccc1N1CCN(CCCCNC(=O)c2cnn3ccccc23)CC1,7.520810604095459,8.20388412475586,7.862347364425659
COc1ccccc1N1CCN(CCCCOc2ccc3c(c2)CCCC3CCNC(=O)C2CCC2)CC1,7.358635902404785,7.965947151184082,7.662291526794434
CC(C)(C)OC(=O)NCCCCNC(=O)C1CCN(S(=O)(=O)c2ccc(N)cc2)CC1,8.317217826843262,6.282094955444336,7.299656391143799
O=C(NC1CCC(OCCC2CCCCN2CCCC(C(=O)c2ccccc2)C2CCCC2)CC1)c1ccc(-n2cccn2)cc1,6.725547790527344,7.941722869873047,7.333635330200195
CCCN(CCC)C1CCc2c(cccc2-c2c(O)[nH]c3ccc(F)cc23)C1,7.508014678955078,7.348575115203857,7.428294897079468
Cc1ccc(S(=O)(=O)n2cc(CCN3CCN(c4cccc(Cl)c4Cl)CC3)nc2)cc1,6.171844482421875,6.218609809875488,6.195227146148682
FC(F)(F)c1cccc(-c2cnc3ccc(NCCN4CCN(c5ccccc5)CC4)nn23)c1,7.097503185272217,5.622603893280029,6.360053539276123
FC(F)(F)c1ccc(N2CCN(CCCCn3nccc3-c3ccccc3)CC2)cc1,6.729917526245117,6.797723770141602,6.763820648193359
O=C(NCCCCN1CCN(c2ccccc2OCCF)CC1)c1ccc2[nH]c3c(c2c1)CC1(O)C2Cc4ccc(O)c5c4C1(CCN2CC1CC1)C3O5,8.112862586975098,8.419332504272461,8.26609754562378
COc1ccc(N2CCN(CCc3ccc4c(c3)nc(S)n4Cc3ccc(F)cc3C)CC2)cc1,6.504504203796387,5.987814903259277,6.246159553527832
CN1CCc2c(sc3ncn(CCN4CCN(c5ccccc5C#N)CC4)c(=O)c23)C1,7.304370403289795,7.0152435302734375,7.159806966781616
O=C(NCCCCN1CCN(c2ccc(Cl)cc2Cl)CC1)c1cccc2c1CCCC2,7.616318702697754,8.1747465133667,7.895532608032227
CCN1CCCC1CNC(=O)c1c(OC)ccc(Br)c1OC,6.901225090026856,8.275629043579102,7.5884270668029785
O=C(NCC1CCN(CC2C(O)CC(O)CC2C=CCC2)C1)c1ccc(-n2nccn2)cc1,,,
O=C(NCCCCN1CCN(c2nsc3ccccc23)CC1)c1ccccc1Cc1ccccc1,7.080824375152588,7.685005187988281,7.382914781570435
CC1CCCN1CCc1cc2cc(-c3ccc(OCCOCCF)cc3)ccc2[nH]1,6.33211612701416,7.311369895935059,6.821743011474609
CCCN(CCc1cccs1)C1CCc2c(O)cccc2C1,8.405183792114258,8.605388641357422,8.50528621673584
Cn1cc(C2=C(c3cn(CCCCN)c4ccccc34)C(=O)NC2=O)c2ccccc21,5.13081169128418,5.830570220947266,5.480690956115723
O=C1N(CCN2Cc3ccccc3CC2)CCN1c1ccc(Cl)cc1,6.241373538970947,7.003043174743652,6.6222083568573
CCOc1cc2c(cc1OC)C(C)N(C(=O)c1cccs1)CC2,4.834529876708984,5.650928497314453,5.242729187011719
Cc1ccc2c(c1)CC(NCCC1CCC(c3c[nH]c4ccc(F)cc34)CC1)CC2,6.570195198059082,7.054669380187988,6.812432289123535
Cc1cc(O)cc(C)c1CC(N)C(=O)N1Cc2ccccc2CC1CNC(=O)NCC(C)(C)C,7.541144371032715,6.42751932144165,6.984331846237183
COc1ccc(C(=O)NCC2CN(Cc3ccccc3)CC2c2ccc(F)cc2)cc1,6.53253173828125,6.588555335998535,6.560543537139893
CON(C)C1CCN(CCCCN2c3ccccc3Sc3ccc(F)cc32)C1,7.116689205169678,7.652919769287109,7.3848044872283936
COc1ccc(C(=O)NC2CCC(Nc3nccc(-c4ccccc4C#N)n3)CC2)cc1,6.867667198181152,6.638479709625244,6.753073453903198
COc1ccc(CC(NC(=O)c2ccccc2-c2ccccc2)C(=O)NC2CCCCC2)cc1,5.96743631362915,6.022168159484863,5.994802236557007
O=C1NCCN1CCN1CCC(c2cn(-c3ccc(F)cc3)c3ccc(-c4nccn4CCN4CCOCC4)cc23)CC1,6.904627323150635,5.968536853790283,6.436582088470459
Fc1ccc2c(CCCCN3CCN(c4cccc(Cl)c4Cl)CC3)c[nH]c2c1,7.979655742645264,7.801817893981934,7.890736818313599
Cc1ccc2c(N3CCN(CCc4cccc(N=S(C)(=O)O)c4)CC3)cccc2n1,7.124066352844238,7.066009998321533,7.095038175582886
COc1ccccc1N1CCN(CCCCNC(=O)c2cc3ccccc3cn2)CC1,7.018458366394043,8.637602806091309,7.828030586242676
O=C1CSC(=O)N1CCCCCN1CCN(c2cccc(Cl)c2Cl)CC1,6.934733867645264,8.190296173095703,7.562515020370483
Cc1ccccc1OC(c1ccccc1)C1CCNC1,6.2488508224487305,5.965477466583252,6.107164144515991
Oc1cccc(N2CCN(CCCCOc3ccc(F)cc3)CC2)c1,8.21221923828125,8.071752548217773,8.141985893249512
O=C1N(CCN2CCC(c3cn(-c4ccc(F)cc4)c4ccc(Cl)cc34)CC2)CCN1c1ccccc1,7.844891548156738,6.404102325439453,7.124496936798096
CN(C)C1CC(c2c[nH]c3ccc(I)cc23)C1,7.917801856994629,7.690025329589844,7.803913593292236
CCN1C(=O)CCCC1C=CC(c1ccccc1)c1ccccc1,6.194228649139404,6.487198829650879,6.340713739395142
O=C(c1ccccc1)c1ccc2nc(N3CCN(C4CC4)CC3)sc2c1,5.607330799102783,7.009251594543457,6.30829119682312
CC#CCN(C)Cc1cc2cc(OCCCCCNc3c4c(nc5ccc(F)cc35)CCCC4)ccc2[nH]1,7.211764812469482,5.533373832702637,6.37256932258606
CN1CCN(C2=Cn3cccc3Sc3ccc(F)cc32)CC1,8.417153358459473,8.3873929977417,8.402273178100586
O=C1N(CCN2CCC2)CCN1c1cccc(Cl)c1,7.04088020324707,7.356167793273926,7.198523998260498
COc1ccccc1N1CCN(CCCCNC(=O)C=Cc2ccccc2)CC1,7.524115562438965,8.93630599975586,8.230210781097412
O=C1CCc2ccc(OCCCCN3CCN(c4cccc(Cl)c4Cl)CC3)nc2N1,8.820858001708984,7.946710586547852,8.383784294128418
COc1ccccc1N1CCN(CCCCNC(=O)c2cccc(I)c2)CC1,7.726261138916016,8.668522834777832,8.197391986846924
COc1ccccc1N1CCN(CCCCNC(=O)c2ccc3c(c2)sc(=O)n3C)CC1,7.44698429107666,8.671250343322754,8.059117317199707
COc1ccccc1N1CCN(CCn2c(C)nc3c(sc4nc(C)cc(C)c43)c2=O)CC1,6.364421844482422,6.435395240783691,6.399908542633057
O=C(NCC1CCN(CC2CC2)CC1)C1CCCN1C(=O)C1CC(O)CN1C(=O)CC(c1ccc(F)cc1)(c1ccc(F)cc1)c1ccc(F)cc1,6.641170501708984,7.052602767944336,6.84688663482666
CN1CCc2cccc3c2C1Cc1ccc(O)c(O)c1-3,7.594958782196045,7.866154670715332,7.7305567264556885
N#Cc1cccc(NC(=O)N2CCC3(CC2)C(=O)N(c2ccccc2)C3c2ccccn2)c1,6.494703769683838,5.783673286437988,6.139188528060913
COc1ccccc1N1CCN(CCCNC(=O)C=Cc2cccs2)CC1,7.360940933227539,7.64604377746582,7.50349235534668
COc1ccccc1N1CCN(CCCCNC(=O)C=Cc2ccccc2)CC1,7.524115562438965,8.93630599975586,8.230210781097412
CCCN(CCC)C1CCc2c(ccc(O)c2O)C1,8.462950706481934,9.167142868041992,8.815046787261963
COc1ccc2[nH]cc(CCNc3nc(-c4ccc5ccccc5c4)nc4c3CCCC4)c2c1,6.611079692840576,6.237022399902344,6.42405104637146
Fc1ccc2c(c1)CC(C1CNCC21)C1CCCN1,7.145761966705322,6.464727401733398,6.80524468421936
COc1ccccc1N1CCN(CCCN2C(=O)CC3(CCCN3C2=O)CC1,,,
O=C(NCC1CCN(CC2COc3ccccc3O2)CC1)c1cccnc1Oc1ccccc1,6.483803749084473,6.633365631103516,6.558584690093994
Oc1ccc2c(c1)=CCCC2CCC(N1CCN(c2ccccc2OCCF)CC1)C1CCCCC1,,,
COc1ccc2[nH]c(C)c(CCCCC(=O)NN3CCN(c4ccccc4OC)CC3)c2c1,7.968749046325684,6.59107780456543,7.279913425445557
OC1(c2ccc(Cl)cc2)CC2CCC(C1)N2CCCF,6.52490758895874,7.809985160827637,7.1674463748931885
Cc1n[nH]c(N2CCN(Cc3ccc4c(c3)OCC(=O)N4)CC2)n1,5.778872489929199,5.09581184387207,5.437342166900635
CN(Cc1cccnc1)C(=O)C1CC2OCC(=O)NCCCCC(NC(=O)c3cccc(Br)c3)C(=O)N21,6.809913635253906,5.8245110511779785,6.317212343215942
CCCN1CCC2Cc3nc(N)nc(O)c3CC21,6.330204963684082,8.881778717041016,7.605991840362549
O=C1NCN(c2ccccc2)C12CCN(CC1COc3ccccc3O1)CC2,8.534329414367676,7.216901779174805,7.87561559677124
CCCN(CCc1cccc(Cl)c1)C1CCc2c(O)cccc2C1,7.907882690429687,8.101767539978027,8.004825115203857
CCCN(CC)C1CCc2ccccc2C1,7.037812232971191,7.061667442321777,7.049739837646484
CCCCN(CCCC)C1CCc2c(O)cccc2C1,7.942216396331787,8.147453308105469,8.044834852218628
Cc1cccc(CCN2CCN(c3nc4c(c(=O)[nH]3)CCC4)CC2)c1,7.4162445068359375,6.791078090667725,7.103661298751831
O=C(NCC=CCN1CCN(c2cccc(Cl)c2Cl)CC1)c1ccc(O)cc1,8.08704948425293,9.323111534118652,8.705080509185791
CCOc1ccccc1N1CCN(CC2CCC(c3ccccc3)(c3ccccc3)C2=O)CC1,6.395949840545654,7.079672813415527,6.737811326980591
O=c1oc2cc(OCCNCCOc3ccccc3)ccc2c2c1CCNCC2,6.61774206161499,7.139934062957764,6.878838062286377
CC(C)Oc1cccc2c1CCC1CN(CCn3c(=O)[nH]c4ccccc4c3=O)CC21,7.043610572814941,8.006991386413574,7.525300979614258
COc1ccc(-c2cncc(CN3CCN(c4ccccc4OC)CC3)c2)cn1,7.127688884735107,6.695799827575684,6.9117443561553955
COc1ccccc1N1CCN(CCCCOc2ccc3c(c2)NC(=O)CC3)CC1,8.793431282043457,7.612606048583984,8.20301866531372
O=C1c2c(O)ccc(O)c2C(=O)c2c(NCCNCCO)ccc(NCCNCCO)c21,4.530327320098877,5.893806457519531,5.212066888809204
Cc1ncoc1-c1nnc(SCCCN2CCC3(CC2)OCc2cc(F)ncc23)n1C,5.879978179931641,6.910640239715576,6.395309209823608
COc1ccc(NC(=O)NC2CCc3ccccc3N(CC3CCC(N)CC3)C2=O)cc1,7.042964935302734,6.564831733703613,6.803898334503174
O=C1N(CCN2CCC(C(F)(F)F)CC2)CCN1c1ccc(F)cc1,6.701014041900635,7.821479797363281,7.261246919631958
CN1CCCC1Cn1nc(Cc2ccc(Cl)cc2)c2ccccc2c1=O,6.43051290512085,6.615733623504639,6.523123264312744
O=C(NCC(c1cccnc1)N1CCN(CCCCc2c[nH]c3ccc(-n4cnnc4)cc23)CC1)c1ccccc1,6.553216457366943,6.7867631912231445,6.669989824295044
CN(C)C1CCc2c(c3cc4c(cc3n2C)OC(C(C)(C)C)C3)C1,,,
O=C(CCCN1CC=C(n2c(O)nc3ccccc32)CC1)c1ccc(F)c(Cl)c1,8.130057334899902,7.823805809020996,7.976931571960449
COc1cccc(C(=O)NC2CCN(Cc3ccccc3)CC2)c1,6.378729820251465,6.753806114196777,6.566267967224121
CN(C)CC1CC2c3ccccc3Oc3ccc(F)cc3C2O1,7.53953742980957,7.370771884918213,7.455154657363892
CN1CCc2c(sc3ncn(CCN4CCN(c5ccccc5F)CC4)c(=O)c23)C1,7.483734130859375,7.285022735595703,7.384378433227539
CCCN(CCC)C1CCc2c(sc(NC(=O)CCc3ccccc3)c2C(N)=O)C1,7.178024291992188,6.614704132080078,6.896364212036133
N#Cc1cccc(C(=O)NCCCN2CCN(c3cccc(Cl)c3Cl)CC2)c1,6.923157691955566,7.493002891540527,7.208080291748047
CN1CCc2c(sc3ncn(CCN4CCN(c5cccc6ccccc56)CC4)c(=O)c23)C1,7.933909893035889,7.499076843261719,7.716493368148804
COc1ccccc1N1CCN(CCCCOc2ccc3c(c2)CCC(=O)N3)CC1,8.679771423339844,7.431544303894043,8.055657863616943
CCn1ncc(-c2ccc(C)c(Br)c2)c(C#N)c1=O,5.380343914031982,5.7774176597595215,5.578880786895752
COc1ccc(Cc2cc3ccccc3cc2-c2ccc(OC)cc2)cc1,5.791956901550293,5.720602035522461,5.756279468536377
COC1CN(C2CCC(n3ncc4c(N5CCN(S(C)(=O)=O)CC5)nc(-c5ccccc5)nc43)CC2)CCN1,5.420845985412598,6.30272102355957,5.861783504486084
CC(C)CC1C(=O)N2CCCC2C2(O)OC(NC(=O)C3Cc4c(cc5c[nH]c6c5c4C=CC6)N(C)C3)(C(C)C)C(=O)N12,8.890249252319336,9.544568061828612,9.217408657073975
CCCCN1CCC(COc2nsnc2NC(=O)c2ccc(Cl)cc2)CC1,6.265287399291992,6.930856704711914,6.598072052001953
Cc1ccccc1N1CCN(CCCCc2ccsc2)CC1,7.437211990356445,7.168683052062988,7.302947521209717
Cc1nc(C)c(-c2ccnc(Nc3ccc(N4CCOCC4)cc3)n2)s1,5.909892559051514,4.389585971832275,5.1497392654418945
Oc1nc2cc(CCCCN3CCN(c4cccc(Cl)c4Cl)CC3)ccc2[nH]1,8.438214302062988,8.153036117553711,8.29562520980835
O=C1c2ccccc2C(=O)N1CCCCN1CCN(c2nsc3ccccc23)CC1,7.301870346069336,7.490525245666504,7.39619779586792
O=S(=O)(NCCN1CCC(c2noc3cc(F)ccc23)CC1)c1cc2ccccc2s1,7.978359699249268,7.84016227722168,7.909260988235474
Oc1ccc2c(c1)OC(CNCCc1ccc3c(c1)OCO3)CC2,8.830789566040039,7.734718322753906,8.282753944396973
O=C(NC1CCN(Cc2ccc(F)cc2)CC1)C1CCC(c2nc3ccccc3s2)CC1,6.755070686340332,7.156932830810547,6.9560017585754395
COc1cccc(C2CCC(N3CCN(c4ccccn4)CC3)CC2)c1,6.016107559204102,6.446877479553223,6.231492519378662
COc1ccccc1N1CCN(CCCCN2C(=O)CC3(CCC3)CC2=O)CC1,7.17291259765625,8.305594444274902,7.739253520965576
Brc1ccc2[nH]cc(CCCN3CCN(c4cccc5cccc(F)c45)CC3)c2c1,8.021202087402344,6.901845455169678,7.461523771286011
O=C1CC(c2ccc(Cl)cc2Cl)Cc2nc3cc(F)cc(F)c3c(O)c21,6.201319694519043,5.578485012054443,5.889902353286743
CCCN(CCC)C1CCc2c(O)cccc2C1,8.197704315185547,8.453038215637207,8.325371265411377
CC1CN(Cc2ccccc2NC(=O)c2ccc(F)c(C(F)(F)F)c2)CCN1,6.069634437561035,5.785439014434815,5.927536725997925
[H]C([H])([H])Nc1cc(C([H])([H])O)ccc1OCCCN1CCC([H])([H])C1,6.249508380889893,6.989563465118408,6.61953592300415
O=C1COc2ccc(Cl)cc2N1CCN1CCC(c2noc3cc(F)ccc23)CC1,7.690437316894531,6.735949516296387,7.213193416595459
O=C1N(CCN2CCN(c3ccccc3Cl)CC2)CN1c1cccc(Cl)c1,7.325482368469238,7.215618133544922,7.27055025100708
COc1cccc(OC)c1CN1CCc2cc(OC)c(OC)cc2C1C,5.512068271636963,6.011627674102783,5.761847972869873
CCCN1CCC=C(c2cccc(O)c2)CC1,7.432371616363525,8.44563102722168,7.9390013217926025
COc1ccccc1N1CCN(CCN(C(=O)c2ccc(C)cc2)c2ccc3ccccc3c2)CC1,6.76207971572876,6.550390243530273,6.656234979629517
O=C(NCCCCN1CCN(c2cccc(Cl)c2Cl)CC1)c1ccccc1,7.537884712219238,8.840494155883789,8.189189434051514
COc1cc2nc(N(C)CCCCCN(C)C(=O)c3ccc4c(c3)CCC4)nc(N)c2cc1OC,7.0328240394592285,5.76975154876709,6.401287794113159
COc1cc(C(=O)NCCCCN2CCN(c3ccccc3OC)CC2)cc(OC)c1OC,6.640869617462158,8.346494674682617,7.493682146072388
C=CCN(Cc1ccccc1)C1CCc2c(O)cccc2C1,7.381680965423584,7.456429958343506,7.419055461883545
N#Cc1ccc2c(c1)CCCC2NC(=O)CN1CCN(Cc2ccccc2)CC1,5.245580673217773,6.475244998931885,5.860412836074829
O=C(NCCCCN1CCN(c2noc3ccccc23)CC1)c1cc2ccccc2o1,6.226698875427246,7.8129730224609375,7.019835948944092
Cc1ccc(C(=O)NC2CCC(Nc3ncc(Cl)c(-c4c[nH]c5ccccc45)n3)CC2)cc1,6.410665512084961,6.524284839630127,6.467475175857544
O=C(NCCO)c1ccc2c(c1)CCC2NC(=O)CCSc1ccccc1,6.028825759887695,6.29426383972168,6.1615447998046875
Cc1c(-c2cccc(OCc3ccccc3)c2)c2c(N)ncnc2n1C1CCC(N2CCCC2)CC1,5.588844299316406,6.418115615844727,6.003479957580566
O=C(NCC1CCCN1C(=O)c1ccc(Cl)cc1)c1ccc(-c2cccc3ccccc23)cc1,5.725761890411377,7.095095634460449,6.410428762435913
Cc1cccc2c1CCC1CN(CCCC(=O)c3ccc(F)cc3)CCN1C2,7.4415459632873535,7.259437084197998,7.350491523742676
Cc1cnc(C(=O)NC2CN(C3CCC(c4nc5ccc(C(F)(F)F)cc5[nH]4)CC3)C2)cn1,5.916116237640381,7.276336669921875,6.596226453781128
O=C(NCC1CCCN1)c1ccc(-c2c(-c3ccc(F)cc3)nc3c(C(F)(F)F)nn(C4CCC4)c3c2CCN3CC2CCOCC2)cc1,,,
Cc1ccc(-c2cc3c(NC(=O)C4CC4)ncnc3o2)cc1,4.990590572357178,4.29807710647583,4.644333839416504
COc1ccc(-c2ccc(NC(=O)Nc3cccc(Br)c3)cc2)c2c(N)noc12,6.946605682373047,5.365062236785889,6.155833959579468
COc1ccccc1NC1CCN(CCCCNC(=O)c2ccc(-c3ccc(F)cc3)cc2)CC1,6.817500591278076,8.017273902893066,7.417387247085571
CN1CCCN(CCCSc2c3c(nc4ccccc24)-c2ccccc2SC3)CC1,6.494058609008789,7.346354961395264,6.920206785202026
O=C(NC1CCc2ccc(CCN3CCN(c4nsc5ccccc45)CC3)cc21)c1ccc(-n2cccn2)cc1,7.2466044425964355,6.663330078125,6.954967260360718
CCCN(CCC1CCC(NC(=O)c2ccc(-n3ccnc3SC)cc2)CC1)C1CCc2nc(N)sc2C1,6.859537124633789,8.61625862121582,7.737897872924805
CCCC(=O)NC1CCC(CCN2CCN(c3ccccc3OC)CC2)CC1,8.102190017700195,8.613725662231445,8.35795783996582
O=C(NC1CCN(Cc2ccc(OCc3cccc(OC(F)(F)F)c3)cc2)CC1)C1CC1,6.518338203430176,7.312244415283203,6.9152913093566895
O=C1CC2(CCCC2)CC(=O)N1CCN1CCN(c2cc(Cl)cc(Cl)c2)CC1,6.904758453369141,8.3247652053833,7.614761829376221
COc1cc2c(cc1NCCCN1CCc3cc4c(cc3C1)OCCO4)OCO2,6.072787284851074,5.808607578277588,5.940697431564331
CCC1CC(=O)Nc2ccc(OCCCN3CCC(c4ccccc4)CC3)cc21,7.142538547515869,6.7363362312316895,6.939437389373779
Oc1nc2ccc(N3CCN(Cc4cccc(Cl)c4)CC3)cc2o1,7.553592681884766,6.003706932067871,6.778649806976318
O=C(NC1CCC2(O)C3Cc4ccc(O)c5c4C2(CCN3CC2CC2)C1O5)c1ccc(Cl)cc1,8.458486557006836,8.755576133728027,8.607031345367432
CCCCN1CCCC2Cc3nc(N)sc3CC21,6.583713054656982,8.582254409790039,7.582983732223511
COc1ccccc1N1CCN(CCCCNC(=O)c2ccc(F)cc2)CC1,7.701013088226318,8.817584991455078,8.259299039840698
CCCN(CCC)C1Cc2c(cc3c(c2O)OCO3)C1C,6.793795585632324,7.960441589355469,7.3771185874938965
O=C(O)CCc1ccc(NCCC2=CCCCC2)c(C(F)(F)F)c1,8.075543403625488,5.732250213623047,6.903896808624268
COc1ccccc1N1CCN(CCCCn2ncc(=O)n(C)c2=O)CC1,7.234968662261963,7.482704162597656,7.35883641242981
O=C(CCCN1CCN(c2cccc(Cl)c2Cl)CC1)c1ccc2c(c1)-c1ccccc1C2,7.315209865570068,7.920371055603027,7.617790460586548
Oc1ccc2[nH]c3c(c2c1)CCCC3CCN1CC=C(c2c[nH]c3cc(F)ccc23)CC1,8.35154914855957,7.221161365509033,7.786355257034302
O=C1CCc2ccc(OCCCCN3CCCN(c4cccc(Cl)c4Cl)CC3)nc2N1,8.486466407775879,7.56836986541748,8.02741813659668
O=C(CCN1CCC(Cc2c[nH]c3ccc(Br)cc23)CC1)c1ccc2cn[nH]c2c1,7.115350246429443,7.205830097198486,7.160590171813965
Cc1ccc2c(N3CCN(CCc4cccc5c4OCc4nnc(C)n4-5)CC3)cccc2n1,6.564006328582764,6.47863245010376,6.521319389343262
O=C(CCCN1CC=C(n2c(O)nc3ccccc32)CC1)c1ccc(F)cc1,8.367292404174805,7.846202850341797,8.1067476272583
O=C(O)CCN1CCC(c2c[nH]c3ccc(-c4cccc(Cl)c4)nc23)CC1,7.13970422744751,5.155688762664795,6.147696495056152
COc1ccccc1N1CCN(CCCCc2ccc3c(c2)SC(=O)N3CCCCNCCCCCn2ccnc2)CC1,7.535266876220703,7.306818962097168,7.4210429191589355
CC(C)CCn1cnc2cc(F)c(F)cc21,6.482658386230469,5.181458950042725,5.832058668136597
Cc1cc(N2CCN(C3CCN(c4cccc5ccc(OC(F)(F)F)cc45)CC3)CC2)no1,6.0905842781066895,6.529444217681885,6.310014247894287
CC(C)Oc1ccccc1N1CCN(CCCOc2ccc3c(c2)NC(=O)CC3)CC1,8.727155685424805,7.960789680480957,8.34397268295288
COc1ccc(C23CN4CN(C(=O)Nc5ccc(OC(C)C)cc5)CC4C3CCC2)cc1OC,7.405191421508789,6.714690208435059,7.059940814971924
Cc1ccc2c(-c3nnc(SCCCN4CC5CC5(c5ccc(C(F)(F)F)cc5)C4)n3C)cccc2n1,6.633021354675293,8.449647903442383,7.541334629058838
COc1cc2[nH]cc(C#N)c2cc1NC(=O)CN1CCN(c2ccc(C#N)cc2)CC1,5.854551792144775,4.357416152954102,5.1059839725494385
COc1ncccc1C(=O)NCCCN1CCC2C(C1)c1cccc3c1N2CCCS3,6.972959518432617,6.163880348205566,6.568419933319092
Cc1ccc(S(=O)(=O)NCCOC2CCC(N3CCN(c4ncccn4)CC3)CC2)cc1,6.172057151794434,6.523319244384766,6.3476881980896
O=C1COC(=O)C1=CN(CCCCn1ccnc1)c1cccc(CC=Cc2ccccc2)c1,5.996139049530029,5.846230506896973,5.921184778213501
Oc1nc(O)c(Cc2cccc(Br)c2)c(N2CCC(CN3CCCC3)CC2)n1,6.275760173797607,7.722517013549805,6.999138593673706
CCCCCCCNC(=O)N1CCN(S(=O)(=O)c2ccc(OC)cc2)CC1,7.149832725524902,5.160577297210693,6.155205011367798
CN(C)C1CCc2[nH]c3ccccc3c2C1,6.84661865234375,6.881667137145996,6.864142894744873
COc1cc(C(=O)NC2CCC(CCN3CCN(c4cccc(Cl)c4Cl)CC3)CC2)cc(OC)c1OC,7.524493217468262,8.952726364135742,8.238609790802002
CN1CCCC1Cn1nc(Cc2ccc(Cl)cc2)c2ccccc2c1=O,6.43051290512085,6.615733623504639,6.523123264312744
CCCN1CCCC2Cc3n[nH]cc3CC21,7.44373893737793,7.752826690673828,7.598282814025879
OC1CC2CCCCC2C1OC(=O)N1CCN(c2ccccc2Cl)CC1,6.962342739105225,6.181694030761719,6.572018384933472
CC(C)Oc1ccccc1N1CCN(C2CCC(NS(=O)(=O)c3ccc(Cl)cc3)CC2)CC1,7.512810707092285,8.364322662353516,7.9385666847229
Oc1cccc(N2CCN(Cc3cn4ccccc4n3)CC2)c1,6.336915016174316,6.1526198387146,6.244767427444458
COc1cccc2c1CCCC2NC(=O)NC1CCCCNC1=O,7.487788677215576,6.2025957107543945,6.845192193984985
Cc1csc(CN2CCN(C(=O)c3ccc(N4CCN(c5ccccc5C(F)(F)F)CC4)cc3)CC2)n1,5.011694431304932,5.980432987213135,5.496063709259033
CCCN1CC(CSC)CC2c3cccc4[nH]cc(c34)CC21,7.427812576293945,7.918407440185547,7.673110008239746
COc1ccccc1N1CCN(CCCNC(=O)c2cc3ccccc3[nH]2)CC1,6.917572975158691,7.657089710235596,7.2873313426971436
CCCN(CCC)C1CCc2c(F)cccc2C1Cc1ccc(O)cc1,7.208352088928223,7.669955253601074,7.439153671264648
Cc1ccc(NC(=O)NC2CC2C)cc1-c1ccc2c(CCN3CCN(C)CC3)c[nH]c2n1,5.563160419464111,7.425527095794678,6.4943437576293945
O=C(NCCCCN1CCN(c2cccc(Cl)c2Cl)CC1)c1cc2cnc(CC3CCCC3)n2n1,,,
CC(C)N1CCN(c2ccc(C(F)(F)F)cc2NC(=O)c2cc3cc(Br)ccc3s2)CC1,5.901203155517578,6.351748943328857,6.126476049423218
Cc1ccsc1CC(=O)NCC1CCCN(1)C,,,
COc1ccccc1N1CCN(CCCCNC(=O)C2CCCCC2)CC1,7.4190497398376465,8.245101928710938,7.832075834274292
O=C(NCC=CCN1CCN(c2cccc(Cl)c2Cl)CC1)c1ccc2c(C(F)(F)F)cc(C(F)(F)F)nc2c1,7.355335235595703,7.655922412872314,7.505628824234009
CCC1CCCCN1CCCNC(=O)c1ccc(OC)c(I)c1,6.584395885467529,7.610290050506592,7.0973429679870605
Oc1cccc2ccc(NCCN3CCN(c4ccccc4)CC3)nc12,7.928740978240967,5.937704563140869,6.933222770690918
COc1ccc(-c2ccc(NCCNC(=O)c3ccc4c(c3)OCCO4)c(F)c2)cc1,6.645961761474609,6.110206604003906,6.378084182739258
Oc1ccc2cc(-c3ccccc3)sc2c1,6.723721027374268,7.114480018615723,6.919100522994995
COC(=O)c1ccccc1C(=O)NCCCCN1CCN(c2nsc3ccccc23)CC1,7.43593168258667,7.512048721313477,7.473990201950073
O=C1CCc2ccc(OCCCCN3CCN(c4cccc(Cl)c4Cl)CC3)nc2N1,8.820858001708984,7.946710586547852,8.383784294128418
COc1ccccc1N1CCN(CCCCc2c[nH]c3ccc(OCCc4cccnc4)cc23)CC1,8.051080703735352,7.889049530029297,7.970065116882324
O=C(NC1CCN(Cc2ccccc2)CC1)c1ccc2c(c1)CCO2,6.76047420501709,6.559556484222412,6.660015344619751
OC1(c2cc(Cl)c3oc(C(F)(F)F)cc3c2)CCN(Cc2cnc[nH]2)CC1,6.71629810333252,6.834474563598633,6.775386333465576
CCN1CCc2cccc3c2C1Cc1ccc(O)c(O)c1-3,8.33284854888916,7.980915069580078,8.15688180923462
CN(C)CC=CC(C)(C)CN1c2ccccc2Sc2ccc(F)cc21,6.92436408996582,5.245411396026611,6.084887742996216
CN1CCc2cc(Cl)c(O)cc2C2c3cccc(C(=O)O)c3CCC21,6.084293842315674,6.435672760009766,6.25998330116272
O=C(NCCCCN1CCN(c2cccc(Cl)c2Cl)CC1)c1cnccn1,6.950573444366455,8.586312294006348,7.768442869186401
O=C(NC1CCC(C(=O)N2CCC(C(=O)N3CCOCC3)(c3ccc(F)cc3)CC2)CC1)c1ccc(F)cc1,6.733364582061768,6.9912848472595215,6.8623247146606445
CCCN(CCN1CCN(c2cccc(Cl)c2)CC1)C1CCc2c(O)cccc2C1,7.389568328857422,8.714975357055664,8.052271842956543
COc1cccc(OC)c1CNc1nc(N2CCCC(N)C2)nc2ccc(Cl)cc12,7.597063064575195,5.587967395782471,6.592515230178833
c1ccc2c(c1)CC2CCC(C1)N2Cc1cnc(NC2CCNCC2)nc1,,,
CCCN(CCN1CCN(c2ccccc2)CC1)C1CCc2ccc(O)cc2C1,7.061977386474609,8.358572006225586,7.710274696350098
N#Cc1ccc2[nH]cc(CCCCN3CCN(c4ccc5oc(C(N)=O)cc5c4)CC3)c2c1,7.100305557250977,7.288533210754394,7.1944193840026855
O=C(CCCN1CCC(O)(c2ccc(Cl)cc2)CC1)c1ccc(F)cc1,7.690210342407227,7.222467422485352,7.456338882446289
COc1cccc(OC)c1C1CCCC(=O)N1Cc1ccncc1,6.128515720367432,4.619130611419678,5.373823165893555
COc1ccccc1N1CCN(CCN2C(=O)CC3(CCCC3)CC2=O)CC1,7.094912528991699,7.714849472045898,7.404881000518799
COc1ccc2[nH]cc(C(C)CN)c2c1,5.613471508026123,5.716664791107178,5.66506814956665
COc1ccc(-c2nc3ccc(Br)cn3c2CCCN2CCN(c3cccc(Cl)c3Cl)CC2)cc1,6.673336982727051,7.099528789520264,6.886432886123657
O=C(NCCCCN1CCN(c2cccc(Cl)c2Cl)CC1)c1cc2ccccc2cn1,6.880761623382568,9.034921646118164,7.957841634750366
COc1cc(CC2NCCc3c2[nH]c2ccc(OC)cc32)cc(OC)c1OC,5.742242813110352,6.10860013961792,5.925421476364136
N#Cc1ccc(C2=NCCCN2)cc1OCCF,6.217772006988525,5.513768196105957,5.865770101547241
COc1ccccc1N1CCN(Cc2ccc(CN3CCCCC3=O)n2C)CC1,7.613205909729004,6.028500080108643,6.820852994918823
COc1cccc2[nH]cc(C(=O)NCCCCN3CC=C(c4ccccc4)CC3)c12,7.295419216156006,8.572209358215332,7.933814287185669
O=C(NCCCCN1CCN(c2cccc(Cl)c2Cl)CC1)c1cc2cc(F)ccc2[nH]1,7.324804306030273,9.104984283447266,8.21489429473877
CC(C)Oc1ccccc1N1CCN(Cc2cccc(C(=O)N3CCCC3c3cccnc3)c2)CC1,7.297224521636963,6.973536014556885,7.135380268096924
CN1CCN(C2CC(c3ccc(F)cc3)c3ccc(Cl)cc32)CC1(C)C,7.741886615753174,7.0761308670043945,7.409008741378784
CC(C)CC1C(=O)N2CCCC2C2(O)OC(NC(=O)C3Cc4c(cc5c[nH]c6c5c4C=CC6)N(C)C3)(C(C)C)C(=O)N12,8.890249252319336,9.544568061828612,9.217408657073975
COc1ccccc1N1CCN(CCCCn2ncc(=O)n(C)c2=O)CC1,7.234968662261963,7.482704162597656,7.35883641242981
O=C(NCC=CCN1CCN(c2cccc(Cl)c2Cl)CC1)c1ccc(F)nc1,7.520318031311035,8.621614456176758,8.070966243743896
CN1CCN(C2Cn3cccc3Sc3ccc(Cl)cc32)CC1,8.645715713500977,8.372458457946777,8.509087085723877
C#Cc1cccc(C(=O)NCCCCN2CCN(c3cccc(Cl)c3Cl)CC2)c1,7.519087314605713,9.06826400756836,8.293675661087036
CN1CCN(C2Cn3cccc3Sc3ccc(Cl)cc32)CC1,8.645715713500977,8.372458457946777,8.509087085723877
COc1ccccc1N1CCN(CCCCNC(=O)c2cccc(S(=O)(=O)N3CCCC3)c2)CC1,7.138853073120117,6.79007625579834,6.9644646644592285
CCCN(CCC)C1CCc2c(O)cccc2C1,8.197704315185547,8.453164100646973,8.32543420791626
Oc1ccc2c(c1)OC(CNCCCCNC(=S)Nc1ccc(I)cc1)CC2,8.47098445892334,8.095259666442871,8.283122062683105
COc1ccccc1N1CCN(CCCNC(=O)C=Cc2cn(-c3ccc(F)cc3)nn2)CC1,7.2032151222229,7.023543357849121,7.113379240036011
CCCN(CCN1CCN(c2cccc(Cl)c2)CC1)C1CCc2ccc(O)cc2C1,7.14030122756958,8.691252708435059,7.915776968002319
COc1ccc(F)cc1S(=O)(=O)NC1CCC(N2CCN(c3cccc(Cl)c3Cl)CC2)CC1,7.034650802612305,8.330399513244629,7.682525157928467
CC(Nc1nccc(Nc2ccc(F)cc2)n1)c1ccccc1,7.501796245574951,5.532787799835205,6.517292022705078
O=C1CCc2c(OCCCCN3CCN(c4nsc5ccccc45)CC3)cccc2N1,8.739198684692383,7.884644508361816,8.3119215965271
CN1CCCC1c1cccnc1,4.791763782501221,6.560871124267578,5.676317453384399
Cc1ccc2c(N3CCN(CCc4cccc5c4OCc4nnnn4-5)CC3)cccc2n1,7.069782733917236,5.9809250831604,6.525353908538818
Cn1cc(-c2ccc(C3(C)CCN(CCCSc4nnc(-c5ccccc5)n4C)CC3)cc2)cn1,6.50741720199585,8.006072044372559,7.256744623184204
COc1c(OCCF)cccc1C(O)C1CCN(CCc2c[nH]c3ccc(F)cc23)CC1,7.309724807739258,6.911685466766357,7.110705137252808
Cc1ccc(NC(=O)Nc2ccc(-c3csc4c(-c5cnn(C)c5)cnc(N)c34)cc2)cc1,6.0758490562438965,4.445932388305664,5.26089072227478
CC(NC(=O)c1c[nH]c2ccccc12)C(=O)N1CCC2(CC1)CN(Cc1cc(Cl)ccc1OCC(F)(F)F)C2,5.522551536560059,5.988201141357422,5.75537633895874
O=C(NC1CCc2ccc(CCN3CCN(c4nsc5ccccc45)CC3)cc21)c1nccs1,6.865830421447754,6.38069486618042,6.623262643814087
O=C1N(CCN2CCC(Cc3cccc4ccoc34)CC2)CCN1c1cccc(Cl)c1,7.510762691497803,7.447307586669922,7.479035139083862
FC(F)(F)c1cccc(N2CCN(CCCc3nc4ccc(F)cc4[nH]3)CC2)c1,7.248983860015869,6.525031089782715,6.887007474899292
COc1ccccc1N1CCN(CC(O)CN(CCc2ccccc2)Cc2ccccc2)CC1,5.57236909866333,5.708925724029541,5.6406474113464355
O=C1CCc2cc(C(=O)C3CCCCC3)ccc2N1,7.129904747009277,5.313268184661865,6.221586465835571
Cc1csc(CNC(=O)c2ccncc2NCCC(C)C)n1,6.13498067855835,5.093687534332275,5.6143341064453125
CN(C)CCCN1c2ccccc2Sc2ccc(Cl)cc21,7.078269004821777,6.800233840942383,6.93925142288208
COc1ccc(OC)c(S(=O)(=O)n2cc(CCN3CCN(c4ccccc4)CC3)c3cc(F)ccc32)c1,6.106193065643311,6.126466274261475,6.116329669952393
CC(C)CCN1CCN(c2ccc(S(=O)(=O)Nc3ccccc3C(=O)Nc3cccnc3)cc2)CC1,6.516433238983154,6.568744659423828,6.542588949203491
CC12CCC3c4ccc(O)cc4CCC3C1CCC2(O)C#N,6.272768497467041,6.6947021484375,6.4837353229522705
CC1=CCC2(CO)COC(c3ccc(F)cc3)C1C2,6.47404146194458,5.106913566589356,5.790477514266968
N#Cc1ccccc1OCC(O)CNCCCNC(=O)C1=NCCCCN1,5.713228702545166,6.378307819366455,6.0457682609558105
CC1CN(CCc2ccccc2)CCN1C(=O)CCc1c[nH]c2ccccc12,6.658475875854492,6.22065019607544,6.439563035964966
CC(C)(C)NC(=O)c1cccc(S(=O)(=O)N2CCCCC2)c1,6.526576995849609,5.202386856079102,5.8644819259643555
Cc1nnsc1C1=NCCc2ccccc2N1,6.251941680908203,4.761464595794678,5.50670313835144
COc1ccc(OC)c(CC(=O)Nc2ccc(Cl)cn2)c1,6.369765758514404,3.7197113037109375,5.044738531112671
O=C(Nc1ccc(Cl)cc1)NC1CCC(N2CCN(c3ccccn3)CC2)CC1,7.0533857345581055,6.999541282653809,7.026463508605957
OC1(c2ccc(Cl)c(Cl)c2)CC2CCC(C1)N2Cc1coc2cc(F)ccc12,7.870075702667236,8.656855583190918,8.263465642929077
OCC1CCCN(CCCCOc2ccc3c(c2)CCN3Cc2ccc(F)cc2)C1,5.736160755157471,6.310302257537842,6.023231506347656
N#Cc1ccc2[nH]cc(CCCCN3CCN(c4cc5oc(=O)ccc5cc4Cl)CC3)c2c1,7.915834903717041,7.812615394592285,7.864225149154663
Oc1nc2ccccc2n1CCCN1CC=C(c2c[nH]c3cc(F)ccc23)CC1,7.936938285827637,7.568438053131103,7.75268816947937
CCN1CCOC2Cc3c(O)cccc3CC21,8.528524398803711,7.534567356109619,8.031545877456665
O=C1c2ccccc2C(=O)N1CCCCN1CCC(c2noc3cc(F)ccc23)CC1,7.102996349334717,7.264240264892578,7.1836183071136475
O=C(NCc1ccccc1Cl)C1CCCN1C(=O)C1CCN(Cc2ccccc2)CC1,6.661953926086426,6.799331188201904,6.730642557144165
Cc1ncoc1-c1nnc(SCCCNC2CC3CC3(c3ccc(Cl)c(Cl)c3)C2)n1C,6.674081325531006,8.338522911071777,7.506302118301392
Fc1ccc(-c2nc(-c3ccc(F)cc3)c(-c3ccncc3)[nH]2)cc1,6.332300186157227,6.435076713562012,6.383688449859619
CC1CN(Cc2ccn(-c3nccs3)c2)CCN1CCC1OCCc2cc(C(F)(F)F)ccc21,5.9288330078125,7.086267948150635,6.507550477981567
CCN(CC)CCC1Cc2ccccc2C2=C(C)CCCC21,6.565359115600586,6.631027221679688,6.598193168640137
O=C1CCCN1CC#CCN1CCCCC1,3.145370483398437,5.272172927856445,4.208771705627441
O=C(NC1CCc2ccc(CCN3CCN(c4nsc5ccccc45)CC3)cc21)c1ccc(F)cc1,7.64020299911499,6.56119441986084,7.100698709487915
CC1=C(C(=O)NCCCN2CCC(c3ccc(F)cc3C#N)CC2)C(c2ccc(F)c(F)c2)NC(=O)N1c1ccc(F)cc1,6.382682800292969,6.204247951507568,6.2934653759002686
COc1cccc(CN2CCC3(CCc4cc(OC)ccc4O3)CC2)c1,5.663313388824463,5.974526405334473,5.818919897079468
CN1CCc2cc(Cl)c(O)cc2C2c3cccc(-c4cccc(C(=O)O)c4)c3CCC21,6.398864269256592,6.420782089233398,6.409823179244995
Oc1ccc2c(OCCNCc3ccno3)cccc2n1,8.04042911529541,7.213080883026123,7.626754999160767
CCOc1ccccc1N1CCN(CCCCc2cc(-c3cc4ccccc4o3)no2)CC1,6.514123916625977,8.28861141204834,7.401367664337158
CN1CCCN(C(=O)c2ccc(NC(=O)Nc3ccc(-c4nc(OC5CCOC5)nc(N5CCOCC5)n4)cc3)cc2)CC1,5.812701225280762,4.063790798187256,4.938246011734009
O=C1NCCN1CCN1CCC(c2cn(-c3ccc(F)cc3)c3ccc(Cl)cc23)CC1,7.742376327514648,6.38731050491333,7.064843416213989
COc1ccccc1N1CCN(CCCCCNC(=O)c2ccccn2)CC1,7.519214630126953,7.359328269958496,7.439271450042725
COc1cccc(C(=O)NCCCCCN2CCN(c3nsc4ccccc34)CC2)c1,7.398898124694824,7.749235153198242,7.574066638946533
CCCN(CCC1CCC(NS(=O)(=O)c2ccc(C)cc2)CC1)C1CCc2nc(N)sc2C1,7.227878570556641,8.697796821594238,7.9628376960754395
COc1cc(NC(=O)C=Cc2ccccc2Cl)ccc1-c1cnc(C2CC2)s1,5.615519046783447,6.319212913513184,5.967365980148315
COc1ccccc1N1CCN(CCCCNC(=O)c2ccc3ccccc3c2)CC1,7.298825263977051,8.823209762573242,8.061017513275146
CN1CCc2c(c3cccc4c3n2CCc2ccccc2-4)C1,6.781023979187012,5.879777431488037,6.330400705337524
CN1CCN(C2=Nc3ccccc3Nc3ccc(Cl)cc32)CC1,6.776462078094482,6.903762340545654,6.840112209320068
Clc1cccc(CN2CCN(CCCCOc3ccc4ccc(-c5ccoc5)nc4c3)CC2)c1Cl,6.35471773147583,8.263561248779297,7.3091394901275635
COc1ccccc1N1CCN(Cc2ccc3nc(C=Cc4ccccc4)sc3c2)CC1,6.938686847686768,7.048191547393799,6.993439197540283
Oc1[nH]cc2ccc(OCCCN3CCN(c4cccc5cccc(F)c45)CC3)cc12,8.2858247756958,7.846155166625977,8.065989971160889
COc1cccc(C(=O)N2CC=C(c3c[nH]c4ccccc34)CC2)c1,6.1653361320495605,6.324148654937744,6.244742393493652
COc1ccccc1N1CCN(CCN=C2C(=O)N(C)N=C(c3ccc(Cl)cc3)C2C(C)=O)CC1,5.595700263977051,6.026455402374268,5.811077833175659
O=C(NCCCCC1CCN(Cc2ccccc2OCc2ccc(Cl)cc2)CC1)c1cccs1,5.753629684448242,6.621711730957031,6.187670707702637
CCCN1CCCC1CNC(=O)c1c(OCCCF)cccc1OC,6.930422782897949,7.486073017120361,7.208247900009155
CCOC(=O)c1ccccc1NC(=O)COC(=O)c1cnc2ccc(OC)cc2c1,5.020272254943848,3.766172885894776,4.3932225704193115
Oc1ccc2c(c1)OC(CNCc1ccc(Cl)cc1)CC2,8.899250030517578,7.996138572692871,8.447694301605225
CCN(CC)C(=O)NC1CC2=C(Cc3c[nH]c4cccc2c34)N(C)C1,8.485445976257324,8.415810585021973,8.450628280639648
COc1cc2c(cc1OC)-c1n[nH]c(Nc3cccc(CF)c3)c1C2,6.53102445602417,5.596075534820557,6.063549995422363
COc1ccccc1N1CCN(CCCCNC(=O)c2ccc(C#CCCN3CCCC3)cc2)CC1,7.229038238525391,8.969156265258789,8.09909725189209
COc1ccccc1N1CCN(Cc2ccc(C(=O)NCCCCCC(=O)NO)cc2)CC1,7.570900440216064,6.943893432617188,7.257396936416626
COc1ccc2c(c1OC)N(CCCCN1CCN(c3ccccc3OC)CC1)CC2,7.865497589111328,8.720983505249023,8.293240547180176
CN(C)CCCc1c[nH]c2ccc(Nc3ncc4cc(C#N)c(=O)n(C5CCCC5)c4n3)cc12,6.505557060241699,5.677842140197754,6.091699600219727
Cc1cccc(N2CCN(CCC3CCOCC3c3nn(-c4ccccc4)c(=O)n3C)CC2)c1C,6.64484977722168,6.959037780761719,6.801943778991699
N#Cc1cccc(CN2CCC(c3nc4ccccc4[nH]3)CC2)c1,6.732334136962891,6.718327522277832,6.725330829620361
CCCN(CCN1CCN(c2ccc(Cl)cc2)CC1)C1CCc2nc(N)sc2C1,6.377092361450195,8.134841918945312,7.255967140197754
O=C1N(CCN2CCCCC2)CCN1c1cc(Cl)ccc1F,7.825383186340332,7.522795677185059,7.674089431762695
O=C(NCC1CCCO1)c1ccc(N2CCc3cc(OCCN4CCCC4)ccc3C2)c(F)c1,6.644587516784668,7.360995292663574,7.002791404724121
COc1cccc(C(=O)NC2CC(C(=O)N3CCC(N4Cc5ccccc5NC4=O)CC3)C3(CCN(Cc4ccccc4)CC3)OC2=O)c1,6.496673583984375,6.330996036529541,6.413834810256958
O=C1N(CCCCN2CCN(c3cccc(Cl)c3Cl)CC2)CCN1c1cccc(Cl)c1,7.927756309509277,8.702208518981934,8.314982414245605
COc1c(Cl)cc(Cl)cc1N1CCN(CCCN=C2C(=O)N(C)C(=O)N2C)CC1,6.5405707359313965,7.528860092163086,7.034715414047241
COc1ccccc1N1CCN(CCCCc2c[nH]c3ccc(OC)cc23)CC1,8.091465950012207,7.8496246337890625,7.970545291900635
Oc1ccc2c3c1OC1c4[nH]c5ccccc5c4CC4(O)C(C2)N(CC2CC2)CCC314,8.066290855407715,8.80841064453125,8.437350749969482
COc1ccccc1N1CCN(Cc2c[nH]c3ncccc23)CC1,7.244978427886963,6.443083763122559,6.844031095504761
Oc1[nH]cc2c(-c3ccc(Nc4nc5ccccc5o4)cc3)cccc12,7.770772457122803,5.749040603637695,6.759906530380249
COc1ccc2[nH]cc(CCNc3nccc(-c4ccccc4C#N)n3)c2c1,6.6433281898498535,5.855700492858887,6.24951434135437
O=S(=O)(NCCCCN1CCC(c2noc3cc(F)ccc23)CC1)c1cn2ccccc2n1,7.47846794128418,7.935600280761719,7.707034111022949
CCN(CC(O)C(CN(CC)CC)c1cccc(F)c1)C(=O)c1c(C)cc(C)cc1C,6.18116569519043,5.826414585113525,6.0037901401519775
COc1ccccc1N1CCN(CCCCNC(=O)C=Cc2ccc(Br)cc2)CC1,7.418161392211914,8.844873428344727,8.13151741027832
Oc1nc2cccc(-c3ccc4c(c3)C=CCC4CC(F)(F)F)c2o1,6.167989730834961,6.268973350524902,6.218481540679932
COc1ccc(C(=O)NCCCCN2CCN(c3cccc(Cl)c3Cl)CC2)cc1,7.305386543273926,9.147645950317385,8.226516246795654
COc1ccccc1N1CCN(CCCCn2ncc(=O)n(C)c2=O)CC1,7.234968662261963,7.482704162597656,7.35883641242981
O=C(NC1CCC(CCN2CCN(c3cccc(Cl)c3Cl)CC2)CC1)c1cn2ccccc2n1,7.545145511627197,8.67094898223877,8.108047246932983
CN1CCN(C2CC(c3ccc(F)cc3)c3ccc(Cl)cc32)CC1(C)C,7.741886615753174,7.0761308670043945,7.409008741378784
COc1ccccc1N1CCN(CCn2c(=O)[nH]c3c(sc4ccc(NC(=O)CCCCCc5ccccc5)cc43)c2=O)CC1,8.023365020751953,7.076667785644531,7.550016403198242
CC(C)(C)OC(=O)NCCCN1CCC(c2noc3cc(F)ccc23)CC1,7.386065006256103,6.875029563903809,7.130547285079956
O=C(CCCN1CCC2(CC1)C(=O)NCN2c1ccccc1F)c1ccc(F)cc1,9.195420265197754,8.424985885620117,8.810203075408936
COc1ccccc1N1CCN(CCCCOc2ccc3c(c2)NC(=O)CC3)CC1,8.793431282043457,7.612606048583984,8.20301866531372
[H]C([H])(C1CCC(C)(C)N1)C(=O)C1CCCN1C(=O)CCc1ccccc1,6.402661323547363,6.92839241027832,6.665526866912842
CN1CCN(C(=O)c2ccc(NC3CCC(O)CC3)cc2)CC1,5.452735424041748,6.478580951690674,5.965658187866211
CC(C)Oc1ccccc1N1CCN(Cc2ccc(CN3CCCCCC3=O)n2C)CC1,8.326491355895996,6.791306018829346,7.558898687362671
CCCN(CCN1CCN(c2ccc(-c3ccccc3)cc2)CC1)C1CCc2c(O)cccc2C1,7.487314701080322,8.477007865905762,7.982161283493042
COc1ccccc1N1CCN(CCCCNC(=O)c2ccccc2Cn2ccc3ccccc32)CC1,7.110188484191895,7.810310363769531,7.460249423980713
CC(C)CCNC(=O)c1[nH]cnc1C(=O)NC1CCN(Cc2ccc3c(c2)OCO3)C1,6.92243242263794,7.116977691650391,7.019705057144165
CN1CCCC(=C2c3ccccc3Sc3ccc(Cl)cc32)CC1,7.222141265869141,7.502921104431152,7.3625311851501465
CCOc1nc(C(=O)NCc2ccccc2S(N)(=O)=O)cc(N)c1C#N,7.148392677307129,7.285632610321045,7.217012643814087
COc1cccc(C(=O)NCCCCN2CCN(c3cccc(Cl)c3Cl)CC2)c1,7.145890235900879,9.06395435333252,8.1049222946167
CCCN1CCCC2Cc3nc(N)ncc3CC21,6.650206089019775,7.483463287353516,7.0668346881866455
N#Cc1ccc(OCCN2CCN(CCCc3c[nH]c4ccc(C(N)=O)cc34)CC2)cc1,7.468783378601074,7.316249370574951,7.392516374588013
Nc1nc(-c2ccccc2Cl)cc(-c2ccc3ncccc3n2)n1,5.450368404388428,6.092060565948486,5.771214485168457
NC(=O)NC1CCC(CCN2CCN(c3cccc(Cl)c3Cl)CC2)CC1,8.434148788452148,9.49041748046875,8.96228313446045
O=C(CCCN1CC=C(n2c(O)nc3cc(Cl)ccc32)CC1)c1ccccc1F,7.94429349899292,7.275288581848144,7.609791040420532
CCN(CC)CCOC(=O)c1ccc(-n2ccnc2)cc1,6.369699478149414,6.359840393066406,6.36476993560791
CCN1CCCC1CNC(=O)c1c(OC)ccc(S(=O)(=O)N2CCCCC2)c1C,7.586472511291504,6.769360065460205,7.1779162883758545
NCCc1c[nH]c2ccc(OCCCCCCN3CCN(c4cccc(Cl)c4Cl)CC3)cc12,7.658056735992432,7.731429100036621,7.694742918014526
O=C(CCCN1CCN(c2cccc(C(F)(F)F)c2Cl)CC1)c1cc2ccccc2o1,7.11693811416626,7.277535438537598,7.197236776351929
CCCN(CCC)C1CCc2ccc(F)c(O)c2C1,7.553723812103271,8.093576431274414,7.823650121688843
Oc1[nH]cc2cc(F)c(OCCCCN3CCN(c4cccc5cc(F)ccc45)CC3)cc12,8.385173797607422,8.238309860229492,8.311741828918457
CCCN(CCc1ccc(C(=O)NCCCN2CCN(c3cc(Cl)ccc3Cl)CC2)cc1)C1CCc2nc(N)sc2C1,7.293405055999756,7.852105617523193,7.572755336761475
CN1CCN(C2Cn3cccc3Sc3ccc(F)cc32)CC1,8.455343246459961,8.19658088684082,8.32596206665039
Cc1cccc(C2CC2CN)c1,6.508756160736084,7.033370494842529,6.771063327789307
Cn1cc(C2CCCCN2C(=O)c2ccc(Cl)cc2)c2cccnc21,5.95041036605835,5.1134867668151855,5.531948566436768
COc1ccc(S(=O)(=O)NC2CCC(N3CCN(c4ccc(F)cc4OC)CC3)CC2)cc1OC,6.38055419921875,7.788490295410156,7.084522247314453
O=C1CC2(CCCC2)CC(=O)N1CCN1CCN(c2cc(Cl)ccc2Cl)CC1,7.122228622436523,8.30682373046875,7.714526176452637
CN1CCCC1C1Cc2ccccc2Cc2ccc(O)cc21,6.652901649475098,7.8829450607299805,7.267923355102539
COc1ccc(OCCN2CCN(c3cccc(Cl)c3Cl)CC2)cc1,7.054470539093018,7.068063259124756,7.061266899108887
Fc1cccc(CN2CC3C(C2)CN3Cc2ccccc2I)c1,5.908465385437012,6.157423496246338,6.032944440841675
COc1ccccc1N1CCN(CCCNc2ncc3cc(-c4ccccc4)c(=O)n(-c4ccc(OC)c(OC5CCCC5)c4)nc3n2)CC1,,,
COc1cccc2c1CCC2NC(=O)c1c(C)n[nH]c1C,6.64812707901001,6.087765693664551,6.36794638633728
O=C(NCC1CCCN(CC2CCc3ccccc3C2)C1)c1cccc(Br)c1,6.138376712799072,6.13787317276001,6.138124942779541
CN1CCN(c2nc(Cl)cc(-c3c[nH]c4ncccc34)n2)CC1,6.6386237144470215,5.944249153137207,6.291436433792114
CN1CCN(C2Cn3cccc3Sc3ccc(Br)cc32)CC1,8.921730041503906,8.506511688232422,8.714120864868164
O=C1NCC(c2ccc(F)cc2)C12CCN(CCCc1c[nH]c3ccc(F)cc13)CC2,7.875203132629394,7.049886703491211,7.462544918060303
NCC1CC1c1ccc(F)cc1F,6.55523681640625,6.497021198272705,6.5261290073394775
COc1ccccc1N1CCN(CCCCn2c(O)nc3ccccc32)CC1,7.876869201660156,7.942778587341309,7.909823894500732
COc1ccc(CCNCc2cccc(-c3cc(C)c4nc(C(C)(C)C)ccc4c3)c2)cc1,6.21959114074707,6.479614734649658,6.349602937698364
O=C1N(CCN2CCCCC2)CCN1c1cnc2ccc(Cl)cc2n1,6.7246503829956055,6.535974502563477,6.630312442779541
N#Cc1ccc(C2CC3c4[nH]c5cc(O)ccc5c4CCN3CC2CC(O)(c2ccccc2)C2CC2)cc1,7.0964035987854,7.345129013061523,7.220766305923462
Oc1ccc2c(c1)C(=Cc1cnc[nH]1)CC2,7.816904544830322,6.589361190795898,7.20313286781311
O=C(NC1CCC2CCCC(C1)N2Cc1cn(CCOCCO)c2ccc(F)cc12)c1cccs1,6.55745792388916,7.506919860839844,7.032188892364502
O=C1C(O)CC(C=NCC2CCN(CCCCN3CCN(c4ccccc4Cl)CC3)CC2)CC1c1ccccc1,6.216440677642822,7.358176231384277,6.78730845451355
COc1ccc(C(=O)NC2CC2)cc1NC(=O)c1ccc(-c2cnco2)cc1,5.481301307678223,6.459328651428223,5.970314979553223
COc1ccccc1N1CCN(Cc2cn(-c3ccccc3C(F)(F)F)nn2)CC1,6.954550266265869,6.144442558288574,6.549496412277222
CN(C)CCCN1c2ccccc2Sc2ccc(C#N)cc21,6.985659122467041,6.034439086914063,6.510049104690552
NCCc1c[nH]c2ccc(OCCN3CCC(c4cccc5c4OCCO5)CC3)cc12,7.48895263671875,5.935023784637451,6.711988210678101
CN1C(=O)CCC1CNC(=O)c1cc(CCCOCCF)cc(-c2ccccc2)c1,6.161661624908447,6.9621171951293945,6.561889410018921
CN1N=C(N)c2cn(C3OC(CO)C(O)C(O)C3O)c3ncnc1c23,4.034215927124023,3.0535342693328857,3.5438750982284546
O=C1CCc2ccc(OCCCCN3CCN(c4cccc(C(F)(F)F)c4Cl)CC3)nc2N1,8.550561904907227,7.947595119476318,8.249078512191772
O=S1(=O)N=C(NCCN2CCN(c3cccc(Cl)c3Cl)CC2)c2ccccc21,6.812570571899414,7.052369594573975,6.932470083236694
CC1CCN(CCCOc2ccc3c(c2)CCN(C(=O)c2ccc4ccccc4c2)CC3)CC1,6.267970561981201,7.409909725189209,6.838940143585205
O=C(NCCCCN1CCN(c2cccc(Cl)c2Cl)CC1)c1cccc2[nH]ccc12,7.844743251800537,8.826313018798828,8.335528135299683
CCN(CC)C1CCc2ccc(O)c(O)c2C1,8.054085731506348,8.883116722106934,8.46860122680664
Cc1ncoc1-c1nnc(SCCCN2CC3CC3(c3ccc(F)cc3)C2)n1C,7.12682056427002,8.707328796386719,7.917074680328369
Cc1[nH]nc2cnc(-c3cncc(OCC(N)Cc4ccccc4)c3)cc12,4.773435592651367,6.469159126281738,5.621297359466553
CCN(CC)S(=O)(=O)NC1CCC(N2CCN(c3ccc(C(F)(F)F)cc3)CC2)CC1,6.190421581268311,8.088751792907715,7.139586687088013
COc1c(O)ccc2c1C1=C(C(=Cc3ccccc3)O2)C2C(C)=CC(C)(C)NC2C=C1,6.065939426422119,6.759044170379639,6.412491798400879
CC(C)Oc1ccccc1N1CCN(CCCNC(=O)c2cccc3c2C(=O)c2ccccc2-3)CC1,6.710773468017578,7.086464881896973,6.898619174957275
O=C(Nc1ccccc1)C1CCN(CC2CCC2)CC1,5.1181840896606445,7.24609899520874,6.182141542434692
CCCN(CCc1cccs1)C1CCc2c(O)cccc2C1,8.405183792114258,8.605388641357422,8.50528621673584
CCC1(c2ccc(NC(=O)c3cccs3)cc2)CCOCC1,5.953245162963867,5.031750202178955,5.492497682571411
O=C(CCCN1CC=C2C(c3ccccc3)C(C(=O)NC3CCCCC3)=NN2C1=O)NCCc1ccccc1,7.399372577667236,6.526801109313965,6.963086843490601
COc1ccccc1N1CCN(CCCCNC(=O)c2ccc(CC=CCOc3cccc(C(=O)NCCN4CCCC4)c3)cc2)CC1,6.827814102172852,8.76531982421875,7.796566963195801
c1ccc(-c2cnc(C3CCc4c([nH]c5ccccc45)C3)[nH]2)cc1,6.307342052459717,7.081422805786133,6.694382429122925
CC1CCN(CCCc2c[nH]c3ccc(-n4cnnc4)cc23)CC1,6.80650806427002,6.3247785568237305,6.565643310546875
Cc1cccc(N2CCN(CCCCc3c[nH]c4ncccc34)CC2)c1C,7.553191184997559,7.421692848205566,7.4874420166015625
O=C(CCCN1CCC2(CC1)C(=O)NCN2c1ccccc1)c1ccc(F)cc1,9.175222396850586,8.254637718200684,8.714930057525635
CN1CCC2(CC1)CN(c1ccc(Br)cc1)C2,5.407310485839844,6.54347038269043,5.975390434265137
COc1cccc(OC)c1CC(C)N,6.024920463562012,5.953251361846924,5.989085912704468
CCCN(CCCCCCNCC1CCc2c(Cl)cccc2O1)C1CCc2ccc(O)cc2C1,8.505870819091797,8.41867446899414,8.462272644042969
O=C(NC1CCc2cc(CCN3CCN(c4nsc5ccccc45)CC3)ccc21)C1CC1,7.219380378723144,6.914257526397705,7.066818952560425
CC(C)Cn1c(N)nc2c(F)cc(-c3c(-c4ccc(F)cc4)nc4sccn34)cc21,5.853235244750977,5.305133819580078,5.579184532165527
COc1ccc(-c2c(C)n[nH]c2-c2ccc(OC)cc2O)cc1,6.668972492218018,5.26575231552124,5.967362403869629
COc1cccc(CCN2CCC3(CCc4c([nH]c5ccccc45)C3)CC2)c1,6.246976852416992,7.015102386474609,6.631039619445801
O=C1N=C(Nc2cccc(Cl)c2)SC1=Cc1ccccc1,5.994699954986572,5.848578929901123,5.921639442443848
O=C(NCCC1CCN(C2CCC(c3ccc(F)cc3)CC2)CC1)c1ccc(Cl)cc1,6.141490936279297,7.333287715911865,6.737389326095581
O=S(=O)(NCCCCN1CCN(c2cccc(Cl)c2Cl)CC1)c1ccc2c(c1)CCN2,7.539990425109863,8.04367446899414,7.791832447052002
O=C(NC(Cc1ccccc1)CN1CCN(c2cccc(C(F)(F)F)c2Cl)CC1)c1ccc(-c2ccccn2)cc1,6.555726051330566,6.357742786407471,6.4567344188690186
COc1cc(C(=O)NCCCCCN=C(N)N)cc(OC)c1OC,7.599208354949951,5.694228172302246,6.646718263626099
COc1ccccc1N1CCN(CC=CCNC(=O)c2ccc3ccccc3c2)CC1,7.505807876586914,8.579456329345703,8.042632102966309
CCN1CCCC1CNC(=O)c1c(O)ccc(Cl)c1Cl,7.216866493225098,8.624484062194824,7.920675277709961
Cc1ccc2c(N3CCN(CCc4cccc5c4OCc4c(C(=O)NC6CC6)ncn4-5)CC3)cccc2n1,6.566742420196533,6.895096778869629,6.730919599533081
Oc1nc2cnc(-n3cnc4ccc(F)cc43)nc2n1C1CCOc2c(F)cccc21,6.502740383148193,5.217884540557861,5.860312461853027
O=C(NCCCCN1CCN(c2nsc3ccccc23)CC1)c1cc2ccccc2[nH]1,7.502806663513184,8.942609786987305,8.222708225250244
O=C(NCCCN1CCN(C(c2ccc(Cl)cc2)c2ccccc2)CC1)c1ccc(O)cc1,6.298190116882324,7.139558792114258,6.718874454498291
COc1ccccc1N1CCN(CC2CCc3ccc(O)cc32)CC1,8.210922241210938,7.644865989685059,7.927894115447998
Cc1cccc(N2CCN(CC(O)COc3ccc(C4CCN(C)CC4)cc3)CC2)c1C,6.816398620605469,5.855226993560791,6.33581280708313
Oc1[nH]c2ccc(Br)cc2c1Cc1cc2c([nH]1)=CCCC=2,6.865357398986816,6.819467544555664,6.84241247177124
O=C1NCN(c2ccccc2)C12CCN(C1CCOCC1(O)c1ccccc1)CC2,6.854379653930664,6.32640552520752,6.590392589569092
CC(C)Oc1ccccc1N1CCN(Cc2ccc(CN3CCCCC3=O)n2C)CC1,8.190450668334961,6.869895935058594,7.530173301696777
CN1CCN(c2ccc(C(=O)Nc3cc(-c4cccc(CN5CCOCC5)c4)n[nH]3)cc2)CC1,5.183322429656982,5.599415302276611,5.391368865966797
Oc1cc2c(N3CCN(CCCCCn4ccc(-c5ccccc5)cc4=O)CC3)ccc(F)c2[nH]1,8.081250190734863,7.7509026527404785,7.916076421737671
O=C(NC1CCC(CCN2CCN(c3cccc(Cl)c3Cl)CC2)CC1)c1cc2cc3c(cc2c1O)OCO3,,,
COc1ccccc1N1CCN(CCCCOc2ccc3c(c2)CN(C(=O)CCCCCc2ccc(N=S(C)(=O)O)cc2)CC3)CC1,8.002943992614746,6.95938777923584,7.481165885925293
COc1ccccc1N1CCN(CCCCNC(=O)c2ccccc2Cl)CC1,7.747827053070068,8.649129867553711,8.19847846031189
CN(C)C(=O)NC1CCC(Nc2nc(Cl)cc(-c3c[nH]c4ncccc34)n2)CC1,7.042660236358643,6.861810207366943,6.952235221862793
NCCCCCCN1CCN(c2cccc(Cl)c2Cl)CC1,7.385529518127441,7.739554405212402,7.562541961669922
CCCN1CCCCC1CNC(=O)c1c(F)cccc1-n1cccc1,6.368210792541504,7.229248046875,6.798729419708252
COc1ccccc1N1CCN(CCCCNC(=O)c2csc3ccccc23)CC1,7.368910312652588,8.884431838989258,8.126671075820923
CCN1CCc2ccc(C(=O)c3c(O)cccc3O)cc2CC1,6.176212787628174,7.035059452056885,6.605636119842529
COc1cccc(N2CCN(Cc3ccc(C(=O)N4CCOCC4)cc3)CC2)c1,5.870014190673828,5.874022006988525,5.872018098831177
CCN1CCc2cc(OCCF)cc3c2C1Cc1ccc(O)c(O)c1-3,8.283638000488281,7.251041412353516,7.767339706420898
NCCC(Oc1ccc(C(F)(F)F)cc1)c1ccccc1,5.102975368499756,6.188788414001465,5.64588189125061
COc1ccccc1N1CCN(CCCCNC(=O)c2ccc(-c3ccccc3)cc2)CC1,7.363232612609863,8.831465721130371,8.097349166870117
COc1ccc(S(=O)(=O)N2CC3CCC(C2)N3Cc2ccccc2)cc1OC,6.98249626159668,6.807313919067383,6.894905090332031
COc1cc(OC)cc(C(=O)NC2CCN(Cc3ccccc3)C2=O)c1,5.933297634124756,6.197505474090576,6.065401554107666
Cc1ccc2c(-c3nnc(SCCCN4CCc5cc6nc(C(F)(F)F)oc6cc5CC4)n3C)cccc2n1,6.249937057495117,7.831142425537109,7.040539741516113
CCCN1CCc2cc(O)cc3c2C1Cc1ccc(O)c(O)c1-3,8.598224639892578,8.880327224731445,8.739275932312012
Cc1occc1-c1nc(N)c(OCC(N)Cc2ccccc2)cc1-c1cnc2[nH]cc(CC(N)=O)c2c1,5.626383304595947,4.938209056854248,5.282296180725098
O=C(NCCCCN1CCN(c2cccc(Cl)c2Cl)CC1)c1ccc2nc(-c3ccco3)c(-c3ccco3)nc2c1,5.752115726470947,8.283653259277344,7.0178844928741455
Nc1cc(-c2ccccc2)c(C#N)c(NCCN2CCN(c3ccc(F)cc3F)CC2)n1,7.321213722229004,5.9181108474731445,6.619662284851074
CCCN(CCC)C1COc2cc(OC)ccc2C1,6.721943378448486,6.721070289611816,6.721506834030151
Ic1ccccc1N1CCN(Cc2ccc3c(c2)OCO3)CC1,7.202646255493164,7.105086803436279,7.153866529464722
CCOc1ccccc1N1CCN(CCCCC(=O)N=CC2Nc3ccccc3C(=O)N2c2ccccc2)CC1,6.738454818725586,6.973609447479248,6.856032133102417
CCN(CC)C(=O)NC1Cc2c(cc3c[nH]c4c3c2C=CC4)N(C)C1,8.286233901977539,9.047680854797363,8.666957378387451
O=C(NCCCCN1CCN(c2cccc(Cl)c2Cl)CC1)c1cc2ccccc2[nH]1,7.3425798416137695,9.33303451538086,8.337807178497314
O=C(c1ccccc1)N1CCC2(CC1)CN(Cc1ccccc1)C2,4.852951049804688,4.689842224121094,4.771396636962891
COc1ccccc1N1CCN(CCCCNC(=O)c2cccc3ncccc23)CC1,7.405447959899902,8.312756538391113,7.859102249145508
CCCN(CCN1CCN(c2ccc3ccccc3c2)CC1)C1CCc2c(O)cccc2C1,7.459298133850098,8.586525917053223,8.02291202545166
CN1CCN(CCCNc2cccc(-c3nc4c(C(N)=O)cccc4[nH]3)n2)CC1,5.615583896636963,6.412373065948486,6.013978481292725
CCCN(CCc1cccs1)C1CCc2c(O)cccc2C1,8.405183792114258,8.605388641357422,8.50528621673584
O=C1CCC2(CCCN(c3ccncc3)C2)Cc2nc3ccccc3n2C1,5.429344654083252,4.958589553833008,5.19396710395813
CC1CCN(C2CCN(CCCCc3c[nH]c4ccc(-n5cnnc5)cc34)CC2)CC1,5.603916168212891,6.083127498626709,5.8435218334198
Cc1cccc(OCCNCCCOc2cccc3[nH]ccc23)c1,7.828560352325439,7.5718278884887695,7.7001941204071045
COc1ccccc1N1CCN(CCCCNC(=O)C=Cc2ccccc2C)CC1,7.480734348297119,8.51583194732666,7.99828314781189
N#Cc1cc(CNC(=O)C2CCCc3ccccc32)ccc1F,6.401727676391602,4.987559795379639,5.69464373588562
Oc1nc2ccc(Oc3ccc(Cl)cc3)cc2s1,7.465237140655518,5.307451248168945,6.3863441944122314
CC1Oc2ccc(S(=O)(=O)N3CCC(C)(O)CC3CN3CCCC3)cc2NC1=O,5.431482315063477,7.015240669250488,6.223361492156982
COc1cccc(C(F)(F)F)c1NC(=O)NC1C=CC(CO)N(C)C1,7.07575273513794,7.744040966033935,7.4098968505859375
COc1ccccc1N1CCN(CCCCCNC(=O)c2ccc(C=CC(=O)Nc3ccc(C(F)(F)F)cc3)n2)CC1,,,
O=C(NC1CCc2cc(CCN3CCN(c4nsc5ccccc45)CC3)ccc21)c1ccccc1,7.147405624389648,6.500389099121094,6.823897361755371
Oc1cccc(N2CCN(Cc3cnn4ccccc34)CC2)c1,6.305761814117432,6.55112361907959,6.428442716598511
OCCN1CCN(CCCN2c3ccccc3Sc3ccc(C(F)(F)F)cc32)CC1,6.477129936218262,6.448475360870361,6.4628026485443115
COc1ccc(OC)c(S(=O)(=O)NC2CCC(N3CCN(c4ccccc4OC)CC3)CC2)c1,6.412360191345215,7.725315093994141,7.068837642669678
CCCN1CCCC2c3c(cccc3OC)CCC21,6.463755130767822,7.107841491699219,6.7857983112335205
COC(=O)C1C(C)=NC(=C2C(=O)N(C(=O)NCCCN3CCN(c4ccccc4OC)CC3)C(=O)N2C1c1ccc(C#N)cc1,,,
O=C1CCc2cc(OCCCCN3CCN(c4cccc(Cl)c4Cl)CC3)cc3c2N1CC3,7.480892658233643,8.43271255493164,7.956802606582642
Oc1[nH]cc2ccc(OCCCN3CCN(c4cccc5cccc(F)c45)CC3)cc12,8.2858247756958,7.846155166625977,8.065989971160889
O=C(c1cccc(S(=O)(=O)N2CCC3(CC2)CN(Cc2ccccc2)CC3)c1)N1CCCCC1,5.686593532562256,5.013863563537598,5.350228548049927
COc1ccccc1N1CCN(CCCCNC(=O)c2cccc(Cl)c2)CC1,7.439869880676269,8.743043899536133,8.091456890106201
O=C(NC1CCc2ccc(CCN3CCN(c4nsc5ccccc45)CC3)cc21)c1ccco1,7.188662528991699,6.399092197418213,6.793877363204956
COc1ccccc1N1CCN(CCCCNC(=O)c2ccc(C#CC3CC3)cc2)CC1,7.550738334655762,9.09466552734375,8.322701930999756
OC1(c2ccc(Cl)c(Cl)c2)CCN(Cc2cn(Cc3cccnc3)nn2)CC1,6.204835414886475,5.874834537506104,6.039834976196289
CCCCN(CCCC)C1CCc2c(O)cccc2C1,7.942216396331787,8.147453308105469,8.044834852218628
NC(=O)c1ccc(N2CCC(CCCN3CCC(C(=O)c4nc5ccccc5n4Cc4cc(F)ccc4F)CC3)(c3ccc(Cl)c(Cl)c3)C2)cc1,6.4178996086120605,6.285707950592041,6.351803779602051
O=C1CCc2cc(C(C3CC3)n3ccnc3)cc3c2N1CC3,6.4161481857299805,6.238374710083008,6.327261447906494
CN1CCN(C(=O)c2ccc(COc3ccc(-n4cnnn4)cc3)cc2)CC1,5.330809116363525,4.336163520812988,4.833486318588257
COc1ccccc1N1CCN(CCN=C2C(=O)N(C)N=C(c3ccc(F)cc3)c3ccc(F)cc32)CC1,7.0366716384887695,6.909469604492188,6.9730706214904785
CN(C)CCC1Cc2ccccc2C1=Cc1cnn(C)c1,6.085763931274414,6.871725082397461,6.4787445068359375
COc1ccccc1N1CCN(CCCCNC(=O)C2CCC(c3ccccc3OC)CC2)CC1,7.262025833129883,8.07551097869873,7.668768405914307
CCOc1ccccc1N1CCN(CCCCNC(=O)c2ccc(OC)c(OC)c2)CC1,7.013084888458252,8.764001846313477,7.888543367385864
CN(C)CCOc1ccn(-c2ccc(OCC(F)(F)F)cc2)c(=O)c1Cl,5.894136905670166,6.563957691192627,6.2290472984313965
CN(C)CCCOc1ccc2[nH]cc(C3CCCN(C)C3)c2c1,5.866048336029053,6.018435955047607,5.94224214553833
Cc1[nH]c2ccccc2c1CCN1CC=C(c2ccc(F)cc2)CC1,7.729200839996338,6.905491352081299,7.317346096038818
COc1ccccc1N1CCN(CCCCCNC(=O)C=Cc2cccs2)CC1,7.882227897644043,8.23241138458252,8.057319641113281
O=C(NCCCCN1CCN(c2cccc(Cl)c2Cl)CC1)c1cc2cc(F)ccc2[nH]1,7.324804306030273,9.104984283447266,8.21489429473877
NCC1OCc2ccccc2C1Oc1ccccc1,4.853927612304688,6.682806015014648,5.768366813659668
O=C(Nc1cnccc1N1CCCN(Cc2ccc3c(c2)OCO3)CC1)c1ccc(Br)o1,6.305568695068359,5.684228420257568,5.994898557662964
COc1ccccc1N1CCN(CCCCNC(=O)c2sc3ccc(Cl)cc3c2Cl)CC1,7.609898090362549,8.595726013183594,8.102812051773071
O=C(CCCCCN1CCN(c2ccccc2-c2cccs2)CC1)c1cc2c3c(ccc2[nH]1)OCO3,7.943326473236084,8.251145362854004,8.097235918045044
O=C(NCC1CC1)c1ccc(-c2cc(CC3CCC(CCN4CCN(c5ncccn5)CC4)CC3)[nH]n2)cc1,6.117355823516846,7.933590888977051,7.025473356246948
COc1ccc2c(c1)OCC(CNC(=O)C=Cc1ccccc1)C2,6.375775337219238,6.0202717781066895,6.198023557662964
C#Cc1cccc(C#Cc2ccc3sc(C#N)cc3c2)c1,5.002020835876465,4.586283206939697,4.794152021408081
COc1cccc(C(=O)NCCCCN2CCN(c3cccc(Cl)c3Cl)CC2)c1,7.145890235900879,9.06395435333252,8.1049222946167
COc1cccc2c1C(=O)c1c(O)c3c(c(O)c1C2=O)CC(O)(C(O)C=O)CC3OC1CC(N)C(O)C(C)O1,5.009739875793457,5.857060432434082,5.4334001541137695
CCCCCC1NC(=O)C(C)(C)OC1C,6.593898296356201,6.518234252929688,6.556066274642944
COc1cccc(-c2cc(C(=O)NC3CCC(O)CC3)c3ccccc3n2)c1,5.372032165527344,6.4218339920043945,5.896933078765869
COc1ccccc1N1CCN(CCCCNC(=O)c2cc3ccccc3s2)CC1,7.43854284286499,9.065712928771973,8.252127885818481
COc1ccccc1N1CCN(CCCCNC(=O)c2cc3cccc(OC)c3s2)CC1,7.378115653991699,8.859299659729004,8.118707656860352
O=C1CCc2ccc(OCCCCN3CCN(c4cccc(Cl)c4Cl)CC3)nc2N1,8.820858001708984,7.946710586547852,8.383784294128418
N#Cc1ccc(-c2ccncc2Oc2ccc(Cl)cc2)nc1,5.175525665283203,5.123866558074951,5.149696111679077
CCOc1ccccc1N1CCN(CCCCCn2nnc(-c3ccccc3)n2)CC1,7.267889022827148,7.4700822830200195,7.368985652923584
O=C1CCc2ccc(OCCCCN3CCN(c4cccc(Cl)c4Cl)CC3)nc2N1,8.820858001708984,7.946710586547852,8.383784294128418
CC(C)CC1CN(c2ccc(F)c(Cl)c2)C(=O)O1,7.922474384307861,6.237770080566406,7.080122232437134
CC(C)CCN1CCc2cc(S(=O)(=O)Nc3ccccc3-c3ccccc3)ccc21,6.917351722717285,6.879824161529541,6.898587942123413
Cc1noc(C)c1S(=O)(=O)NCCCN1CCN(c2cccc(Cl)c2Cl)CC1,7.024696350097656,7.613503456115723,7.3190999031066895
CC(=O)NCCC(=O)N1CCC(N2CCN(c3cccc(C(F)(F)F)c3)CC2)CC1,5.536993026733398,6.118435859680176,5.827714443206787
COc1ccccc1N1CCN(CCCCn2c(=O)[nH]c3c(sc4ccc(NC(=O)CCCC(=O)Nc5ccccc5)cc43)c2=O)CC1,7.871232032775879,6.985219478607178,7.428225755691528
COc1ccccc1N1CCN(CCCSc2ccc3c(c2)CCC3)CC1,8.003840446472168,7.895157337188721,7.949498891830444
CCCn1c(C2CCNCC2)nc(-c2ccc(F)cc2)c1-c1ccnc(NC2CCCCC2)n1,6.432117938995361,6.110837459564209,6.271477699279785
COc1ccc(CSc2nnnn2C)cc1C,6.436792850494385,5.973954200744629,6.205373525619507
Cc1cc(N2CCN(C3CCN(c4ccsc4)CC3)CC2)nc(-n2cccn2)n1,5.184674263000488,5.751937389373779,5.468305826187134
COc1ccccc1N1CCN(CCCCNC(=O)c2cc3ccccc3s2)CC1,7.43854284286499,9.065713882446287,8.25212836265564
NC(=O)c1ccc(NCCCCCCNc2cc(N3CCCC3)ncn2)cc1,8.744316101074219,6.074790954589844,7.409553527832031
COc1ccccc1N1CCN(CCCCOc2ccc3c(c2)ncn3-c2ccc(F)c(F)c2)CC1,7.889423370361328,7.411555290222168,7.650489330291748
COc1ccccc1N1CCN(CCN(C(=O)C23C4C5C2C2C3C4C52I)c2ccccn2)CC1,7.1265411376953125,5.760276317596436,6.443408727645874
Cc1c(-c2cccc(OCc3ccccc3)c2)c2c(N)ncnc2n1C1CCC(N2CCCC2)CC1,5.588844299316406,6.418115615844727,6.003479957580566
CCN(CC)CCC(c1ccccc1)C1CCCCC1,6.449520587921143,5.6930012702941895,6.071260929107666
CCN1C(CC(C)C)Sc2ccc(OC)cc21,7.0975422859191895,6.5257568359375,6.811649560928345
CCC1(O)C(=O)OCc2c1cc1n(c2=O)Cc2cc3c(N)cccc3nc2-1,6.332898139953613,5.714453220367432,6.0236756801605225
Oc1nc2c(O)ccc(C(O)CNCCc3ccc(-c4cccc(CN5CCC(c6nnc(-c7ncccn7)[nH]6)CC5)c4)cc3)c2s1,6.465127468109131,7.103184700012207,6.784156084060669
CCC1CN2CCc3cc(OC)c(OC)cc3C2CC1CC1NCCc2c1[nH]c1ccc(OC)cc21,6.080893516540527,6.609563827514648,6.345228672027588
COc1ccc2c(c1)CCN1CCN(c3ccc(Cl)c(Cl)c3)CC1C2,5.849831581115723,6.571175575256348,6.210503578186035
COc1cc2c(cc1OC)CN(C(=O)C1CCC(NC(=O)C3CCCC3)CC1)CC2,6.681543350219727,6.739815711975098,6.710679531097412
CCN(CCCN1CCN(c2ccc(Cl)cc2)CC1)C(=O)c1cn(C)c2cc(F)ccc12,5.540926933288574,6.206569671630859,5.873748302459717
O=c1cc(-c2cccc(Cl)c2)oc2c(NCCCN3CCN(c4ccccn4)CC3)cccc12,6.832633018493652,6.669212818145752,6.750922918319702
O=C(NCCCCN1CCN(c2cccc(Cl)c2Cl)CC1)c1cc2ccccc2o1,6.971603870391846,8.865472793579102,7.918538331985474
N#Cc1cccc(N2CCN(CCCCNC(=O)c3ccc4ccccc4n3)CC2)c1,6.7914137840271,8.47870922088623,7.635061502456665
Oc1ccc2c(c1)OC(CNCCCN1CCN(c3ccccc3OCCF)CC1)CC2,9.068086624145508,8.053138732910156,8.560612678527832
CC(C)(C)NCC(O)COc1ccc(CCOC2CCCC2)cc1,5.038921356201172,5.080016136169434,5.059468746185303
CCCN(CCN1CCN(c2ccc3ccoc3c2)CC1)C1CCc2ccc(O)cc2C1,7.370891094207764,8.643271446228027,8.007081270217896
O=C(NCC=CCN1CCN(c2cccc(Cl)c2Cl)CC1)c1c[nH]c2ncccc12,7.5351104736328125,8.557849884033203,8.046480178833008
O=C1N(CCC2CCCCC2)CCN1c1cccc(Br)c1,8.507331848144531,8.282122611999512,8.394727230072021
CCCN(CCC)C1CCc2c(F)cccc2C1,7.701069355010986,7.481559753417969,7.5913145542144775
N#Cc1ccccc1N1CCN(CCCCNC(=O)C2CCC3CN(c4cnccn4)CC32)CC1,7.149226665496826,7.753493309020996,7.451359987258911
CCCN1CCC=C(c2ccc(Nc3nc(Nc4ccccc4C(N)=O)c4cc[nH]c4n3)c(C)c2)C1,7.050619125366211,5.90915060043335,6.47988486289978
CC(C)(Oc1cccc(CN(C(=O)CCCN2CCCC2=O)c2ccccn2)c1)C(F)(F)F,6.946839332580566,6.793887138366699,6.870363235473633
CCN(CCCNC(=O)c1cccc(-n2nc(C(C)(C)C)cc2NC(=O)Nc2cccc3ccccc23)c1)C(C)C,5.6790080070495605,6.591682434082031,6.135345220565796
CCc1cccc(C)c1N1CCN(C(=O)CCC(=O)N2CCN(c3ccc(C(F)(F)F)cc3)CC2)CC1,5.822742938995361,6.7848005294799805,6.303771734237671
COc1ccc(CCNCc2ccc(S(N)(=O)=O)cc2)cc1,6.996821403503418,8.275022506713867,7.635921955108643
O=C(NCC1CCN(CC2CCCCC2)CC1)c1cc(-c2ccc3c(c2)OCO3)nc2ccccc12,5.446557998657227,7.138540267944336,6.292549133300781
O=C(NN1CC=C(c2ccc3[nH]cc(CCN4CCCC4)c3c2)CC1)c1cccc(Cl)c1,7.306554794311523,7.580483436584473,7.443519115447998
COc1cccc(Cc2nc3cc(NC(=O)COc4ccccc4Cl)ccc3[nH]2)c1,6.317574977874756,5.04837703704834,5.682976007461548
O=S(=O)(NC1CCC(CCN2CCN(c3cccc(Cl)c3Cl)CC2)CC1)c1cc2ccc(Cl)cc2s1,7.6882781982421875,8.949569702148438,8.318923950195312
Oc1nc2c(OCCNCc3ccccc3)cccc2[nH]1,8.358394622802734,8.122057914733887,8.24022626876831
CC(C)(C(=O)NCCN1CCC(c2c[nH]c3ccc(F)cc23)CC1)c1ccc(F)cc1,6.617056846618652,6.591609954833984,6.604333400726318
O=C1CN(CCC2CCC(c3n[nH]c4ccc(F)cc34)CC2)C(=O)N1CCCc1ccccc1,7.805200099945068,6.961859226226807,7.3835296630859375
Cc1c(Br)ccc2c1OC(CN1CCN(C)CC1)Cc1ccccc1S2,7.737926006317139,8.111078262329102,7.92450213432312
O=C(NC1CCC(CCN2CCN(c3cccc(Cl)c3Cl)CC2)CC1)C1CCCN1,8.013343811035156,9.28376293182373,8.648553371429443
OC1(c2ccc(Cl)cc2)CCN(CCCCc2c[nH]c3ccc(-n4cnnc4)cc23)CC1,7.443163871765137,7.035805702209473,7.239484786987305
CN1CCc2c(Br)cccc2Cc2ccccc2CC1,7.849514961242676,7.359268188476562,7.604391574859619
O=C(CCCN1CCC2(CC1)C(=O)NCN2c1ccccc1)c1ccccc1,8.96898078918457,7.837681293487549,8.40333104133606
CC(C)CC1(C(=O)c2cnn(-c3ccc(F)cc3)c2N)CCCN(C)CC1,6.392185211181641,6.173148155212402,6.2826666831970215
CCCN1CCCC1CNC(=O)c1cc(I)cc(OC)c1OC,8.446866989135742,8.756758689880371,8.601812839508057
COc1ccccc1N1CCN(CCCC(=O)N2Cc3ccccc3CC2C(N)=O)CC1,7.0900726318359375,6.769073486328125,6.929573059082031
COc1cccc(N2CCN(CCNC(=O)c3cc4ccccc4o3)CC2)c1,5.757448673248291,6.312296390533447,6.034872531890869
COc1cccc(C2(C(=O)N3CCN(c4ccccc4OC)CC3)CCC(=O)N2Cc2cccc(Cl)c2)c1,7.277588367462158,6.599979400634766,6.938783884048462
CN(C(=O)Cc1ccc(F)cc1)C1CCC2(CC1)OCC(O)c1ccccc12,6.089783668518066,6.051645278930664,6.070714473724365
Cc1cnc(-c2ccc3c(c2)CCN(CCCSc2nnc(-c4ccc(F)cc4)n2C)CC3)o1,6.25822639465332,8.57444953918457,7.416337966918945
Cn1cccc1-c1cc(NC(=O)c2ccc(OCCN3CCCCC3)cc2)n(-c2cccc(OCCCN(CCF)C3=O)c2)n1,,,
FC(F)(F)c1cccc(N2CCN(CCCc3ccccc3)CC2)c1,6.67109489440918,5.838721752166748,6.254908323287964
CC(C)Oc1ccccc1N1CCN(CCCCNC(=O)c2ccc(CO)o2)CC1,7.255117893218994,8.037368774414062,7.646243333816528
COc1cccc(C(=O)NCCCCCN2CCN(c3cccc(Cl)c3Cl)CC2)c1,7.3378825187683105,8.273123741149902,7.8055031299591064
CCCN(C(=O)c1ccc(CN2CCN(c3cccc(C(=O)c4ccc(Cl)cc4)c3)CC2)cc1)C1CCc2n[nH]c(C)c2C1,6.269659042358398,6.777004241943359,6.523331642150879
COc1ccccc1N1CCN(CCCCNS(=O)(=O)c2ccc(F)c(C)c2)CC1,7.479474544525146,7.544090747833252,7.511782646179199
CC(C)(CC(O)(CCCC(N)=O)C1CCC2C3CCC4CC(O)CCC4(C)C3CCC12C,,,
COc1ccc(N2CCN(CCCCNC(=O)c3cc4ccccc4s3)CC2)cc1,6.162304401397705,7.901057720184326,7.031681060791016
Cc1ccc2c(N3CCN(CCc4cccc(N=S(C)(=O)O)c4)CC3)cccc2n1,7.124066352844238,7.066009998321533,7.095038175582886
O=C(NCCCCN1CCN(c2cccc(Cl)c2Cl)CC1)c1ccc2c(c1)Cc1ccccc1-2,6.951083183288574,8.749909400939941,7.850496292114258
Cc1ccc2c(N3CCN(CCc4cccc(NC(=O)c5cccs5)c4)CC3)cccc2n1,6.774287223815918,6.780170917510986,6.777229070663452
COc1cc(-c2ccc3c(c2)NC(=O)C3=Cc2[nH]ccc2C)ccc1O,6.6116461753845215,5.506467819213867,6.059056997299194
NCC1(Cc2ccccc2)CCCN(c2ccncc2)C1,5.714048862457275,4.429706573486328,5.071877717971802
Cc1ncoc1-c1nnc(SCCCN2CC3CC3(c3ccc(C(F)(F)F)cc3)C2)n1C,6.68971061706543,8.816180229187012,7.752945423126221
O=C1NC(=O)C(c2c[nH]c3ccccc23)=C1c1c[nH]c2ccccc12,6.021484375,5.504355430603027,5.762919902801514
CC(C)Oc1ccccc1N1CCN(C2CCC(NC(=O)Nc3c(Cl)cccc3Cl)CC2)CC1,8.161066055297852,8.127035140991211,8.144050598144531
Cc1c(-c2ccc(Cl)cc2)noc1C1CCN(CCCN2C(=O)CC(c3ccc(F)cc3)CC2=O)CC1,6.308139324188232,6.757715702056885,6.532927513122559
CCCCN(C)C1CCc2cc(F)ccc2C1,7.0036139488220215,7.482436180114746,7.243025064468384
O=C1c2cc([N+](=O)[O-])ccc2C(=O)N1CCCCN1CCN(c2cccc(Cl)c2Cl)CC1,7.372313499450684,8.395333290100098,7.883823394775391
COc1ccccc1N1CCN(CCCCNC(=O)C=Cc2ccccc2I)CC1,7.887500762939453,8.983102798461914,8.435301780700684
CCC1CN2CCc3cc(OC)c(OC)cc3C2CC1CC1NCCc2cc(OC)c(OC)cc21,5.677109718322754,6.7533793449401855,6.21524453163147
CCCN(CCCNc1ccnc2cc(Cl)ccc12)Cc1cc(OC)c(OC)cc1OC,6.660667419433594,6.256731986999512,6.458699703216553
CNC(=O)c1ccccc1Sc1ccc2c(C=Cc3ccccn3)[nH]nc2c1,6.149586200714111,5.6910810470581055,5.920333623886108
COc1c(O)ccc2c1C1=CCCC1C(c3ccc(C#N)cc3)=NO2,6.2051520347595215,6.614523410797119,6.40983772277832
COc1ccccc1N1CCN(CCn2cnc3sc4c(c3c2=O)CCN(C)C4)CC1,7.512731552124023,7.212464332580566,7.362597942352295
Oc1ccc2c(c1)SC(C1CCN(Cc3ccc(Cl)cc3)CC1)C2,7.255825996398926,7.738240242004394,7.49703311920166
CC1CN(C2CCN(c3ccc(Cl)c(Cl)c3)CC2)CCN1C(=O)C1CCCCC1,6.92943286895752,6.689948558807373,6.809690713882446
O=C(NC1CCC(c2ccc(F)cc2)CC1)C1CCCN1C(=O)Nc1ccccc1Oc1ccccc1,6.519179821014404,6.368576526641846,6.443878173828125
CCN(CC)CCOc1ccc(-c2nc3cccc(C(N)=O)c3[nH]2)cc1,7.004039764404297,7.078573226928711,7.041306495666504
COc1cc2c(cc1OC)CN(Cc1ccc(OCc3cscn3)cc1)CC2,5.240573406219482,5.23167896270752,5.236126184463501
COc1ccccc1N1CCN(CCCCOc2ccc3c(n2)NC(=O)CC3)CC1,8.595638275146484,6.946889877319336,7.77126407623291
O=C(NCCCCN1CCN(c2cccc(Cl)c2Cl)CC1)c1cc2ccccc2[nH]1,7.3425798416137695,9.33303451538086,8.337807178497314
COc1ccccc1N1CCN(Cc2ccc(OC(F)F)cc2)CC1,6.882438659667969,6.877772808074951,6.88010573387146
Oc1nc2c3c(ccc2[nH]1)CCC(CNCc1ccccc1)O3,8.674168586730957,8.128602981567383,8.40138578414917
COc1cc(-c2ccc3c(c2)Nc2ccc([N+](=O)[O-])cc2NC3=O)ccc1O,8.02893352508545,5.732133865356445,6.880533695220947
CCCN(CCCN1CCN(c2ccccc2OC)CC1)C1CCc2c(O)cccc2C1,8.013526916503906,7.888175964355469,7.9508514404296875
COc1ccccc1N1CCN(CCCCN2C(=O)c3ccccc3C2=O)CC1,7.337620735168457,7.570512771606445,7.454066753387451
CC(C)(C)c1nc(N2CCN(CCCCN3C(=O)Cc4ccccc43)CC2)cc(C(F)(F)F)n1,6.605002880096436,7.980105400085449,7.292554140090942
COc1cc2cncc(C#N)c2cc1OCCN(C)CCCc1ccccc1,6.710968971252441,6.8940253257751465,6.802497148513794
CC(C)(Oc1cccc(Cl)c1)C(=O)NCCCN1CCCN(c2nsc3ccccc23)CC1,6.899460792541504,6.698788642883301,6.799124717712402
N#Cc1ccc(N2CCN(CCCC(O)(c3ccc4c(c3)CCCN4C(=O)C3CCCC3)CC2)cc1,,,
Cc1cc(O)cc(C)c1CC(N)C(=O)N1CCN(c2ccccc2Cl)CC1,6.354774475097656,6.359576225280762,6.357175350189209
Cc1ncoc1-c1nnc(SCCCN2CC3CC3(c3ccc(Br)cc3)C2)n1C,7.332062721252441,8.872179985046387,8.102121353149414
C=S(O)(O)=CCC1CN(c2cccc3c2ccn3-c2ccc(F)c(F)c2)CCN1,7.287531852722168,7.261475563049316,7.274503707885742
COc1ccccc1N1CCN(CCNC(=O)N2C(=O)CC2COc2ccccc2)CC1,7.148110866546631,6.624987602233887,6.886549234390259
COc1cccc(C(=O)NC2CC3CCCC(C2)N3CCc2ccc3c(c2)OCO3)c1,5.851552486419678,7.128863334655762,6.49020791053772
COc1ccccc1N1CCN(CC2COC(CN3CCCCC3=O)(c3ccc(F)cc3)O2)CC1,7.006389141082764,6.631852626800537,6.81912088394165
CC(C)CCN1CCCN(C2Cc3ccccc3Cn3ccnc32)CC1,6.154743671417236,6.524399757385254,6.339571714401245
CCCN(CCC)C1COc2ccccc2O1,7.145654678344727,7.011323928833008,7.078489303588867
CCOc1ccccc1N1CCN(Cc2ccc(Br)o2)CC1,6.865512847900391,6.757576942443848,6.811544895172119
CN1CCN(C2=Nc3cc(Cl)ccc3N(NC(=O)c3ccco3)c3ccccc32)CC1,5.9156174659729,6.046525478363037,5.981071472167969
CN1CCCCC1Cn1cc(C2CCN(Cc3ccccc3)CC2)c2ccccc21,6.219629287719727,6.024957656860352,6.122293472290039
N#Cc1cc(N2CCN(CCC3CCC(N[SH](=O)(O)c4ccc5c(c4)OCO5)CC3)CC2)ccn1,6.693905353546143,8.51497745513916,7.604441404342651
CCCN(CCCNc1ccnc2cc(Cl)ccc12)Cc1cccc(OC(F)(F)F)c1,6.419271469116211,6.185317039489746,6.3022942543029785
CCCN(CCC1CCC(NC(=O)c2ccc(-c3noc(CCC)n3)cc2)CC1)C1CCc2nc(N)sc2C1,6.727141380310059,8.77242660522461,7.749783992767334
COc1cc(N)c(Cl)cc1C(=O)OCCN1CCC(c2noc3cc(F)ccc23)CC1,7.2845048904418945,6.823305130004883,7.053905010223389
CN(C)C(=O)Nc1ccc(CCN2CCN(c3cccc(Cl)c3Cl)CC2)cc1,7.222196578979492,6.962002754211426,7.092099666595459
O=C(NC1CCC(CCN2CCN(c3ccccc3Cl)CC2)CC1)c1cccc2ncccc12,7.594703197479248,8.26963996887207,7.932171583175659
Oc1cccc(N2CCN(CCCOc3ccc(F)cc3)CC2)c1,7.927623271942139,7.78732442855835,7.857473850250244
O=C1CCC2(CCCC2)CC(=O)N1CCN1CCN(c2cc([N+](=O)[O-])cc(C(F)(F)F)c2)CC1,6.5149407386779785,8.021617889404297,7.268279314041138
CCN1CCCC1CNC(=O)c1c(OC)c(C)cc(OC)c1OC,7.270684242248535,8.169968605041504,7.7203264236450195
CCCN(CCC)C1CCc2c(c3ccccc3n2CC)C1,6.706348896026611,7.293301105499268,6.9998250007629395
CN1CCN(c2nc(C3=C(c4c[nH]c5ccccc45)C(=O)NC3=O)c3ccccc3n2)CC1,5.299643039703369,5.366703033447266,5.333173036575317
CCc1cccc(N2CCN(CCCCNS(=O)(=O)c3ccc(C)cc3)CC2)c1,7.21010160446167,7.36148738861084,7.285794496536255
CCCN1CCCC1CNC(=O)c1c(OC)cccc1OC,6.977643966674805,7.583198547363281,7.280421257019043
O=C(c1ccc(F)cc1)C1CCN(CCN2C(=O)CN(c3cccc(Cl)c3Cl)CC2=O)CC1,6.978648662567139,7.578823089599609,7.278735876083374
CCCN(CCC)C1CCc2c(O)cccc2C1,8.197704315185547,8.453164100646973,8.32543420791626
COc1ccc(N2CCN(Cc3cn4ccccc4n3)CC2)cc1,4.9587931632995605,4.975574970245361,4.967184066772461
NC(=O)N1CCN(CCCN2c3ccccc3Sc3ccc(Cl)cc32)CC1,6.992197036743164,6.956826686859131,6.9745118618011475
O=C(CCc1ccccc1)Nc1ccc(Br)cc1,6.869280815124512,5.965416431427002,6.417348623275757
Cc1ccccc1N1CCN(CCCNC(=O)c2ccco2)CC1,6.028763771057129,5.938232421875,5.9834980964660645
OCCN1CCN(CCCN2c3ccccc3Sc3ccc(Cl)cc32)CC1,7.019078254699707,7.2757086753845215,7.147393465042114
CCCN(CCCN1CCN(c2ccccc2OC)CC1)C1CCc2nc(N)sc2C1,7.204576015472412,7.717048645019531,7.460812330245972
CCN1CCc2cc(Cl)c(OC)cc2C(c2cccc(N=S(C)(=O)O)c2)C1,6.402560710906982,6.548764228820801,6.475662469863892
Fc1ccc(C2CNCCN2c2cccc(-c3cccnc3)n2)cc1,5.498620986938477,5.434876441955566,5.4667487144470215
N#Cc1cccc(-c2ccc3nc(NC4CCC(O)CC4)sc3c2)c1,6.173343181610107,6.301663875579834,6.237503528594971
CCCN1CCCC(c2ccc(Nc3nc(Nc4cc(F)ccc4C(N)=O)c4cc[nH]c4n3)c(OC)c2)C1,6.661169528961182,5.90226411819458,6.281716823577881
CC(CCc1ccc(O)cc1)NCCc1ccc(O)cc1,6.390094757080078,6.068295478820801,6.2291951179504395
O=C(NCC=CCN1CCN(c2cccc(Cl)c2Cl)CC1)c1ccc2c(c1)CCO2,7.685549736022949,8.763938903808594,8.224744319915771
COc1cccc(C(=O)NCCCCN2CCN(c3cccc(Cl)c3Cl)CC2)c1,7.145890235900879,9.06395435333252,8.1049222946167
COc1ccccc1N1CCN(CCCCc2ccc3c(c2)sc(=O)n3CCN2CCC(C(=O)c3ccc(F)cc3)CC2)CC1,8.005274772644043,7.863858222961426,7.934566497802734
CCN(CC)C(=O)NC1CC2=C(Cc3c[nH]c4cccc2c34)N(C)C1,8.485456466674805,8.415810585021973,8.450633525848389
CN1CCN2c3ccccc3Cc3ccccc3C2C1,6.133472442626953,6.208711624145508,6.1710920333862305
CC(C)(Oc1cccc(CN(CCO)CCOc2ccccc2)c1)C(=O)O,6.141766548156738,5.480931758880615,5.811349153518677
CN(C)CCCN(C(=O)c1ccc(CNc2ccccc2N2CCN(c3ccccc3OC(F)(F)F)CC2)cc1)C1CCc2cccnc21,7.060549259185791,6.506637096405029,6.78359317779541
Oc1nc2ccc(OCCNCc3ccccc3)cc2s1,7.602872848510742,7.409119606018066,7.505996227264404
COc1ccccNC(=O)NCCCCN2CCN(c3ccccc3OC)CC2)c1,,,
COc1cccc2c1OCC(CN1CC3CC4CC(C1)c1cccc(=O)n1-4)C2,,,
CSc1ccccc1N1CCN(CCCOc2ccc3c(c2)N(C)C(=O)CO3)CC1,7.168107986450195,7.203162670135498,7.185635328292847
CCCN(CCn1ccnc1)C1CCc2c(O)cccc2C1,6.883609294891357,7.833676338195801,7.358642816543579
CCN1CCCC1CNC(=O)c1cc(S(C)(=O)=O)ccc1OC,6.986771106719971,8.307153701782227,7.646962404251099
COc1ccccc1N1CCN(CCCCNS(=O)(=O)c2cccc3cccnc23)CC1,7.913540840148926,7.774931907653809,7.844236373901367
Cc1ccc(-c2ccc(S(=O)(=O)Nc3cccc(-c4cnco4)c3)cc2F)s1,5.601434230804443,6.156641483306885,5.879037857055664
O=C1N(CCN2CCCCC2)CCN1c1cccc(C(F)(F)F)c1,7.665560722351074,8.583728790283203,8.124644756317139
Cc1ncoc1-c1nnc(SCCCN2CC3CC3(c3ccc(-c4cc(F)cc(F)c4)cc3)C2)n1C,7.311910152435303,8.749479293823242,8.030694723129272
CC(C)CN1CCN(C2Cn3cccc3Sc3ccc(Br)cc32)CC1,8.603033065795898,8.362247467041016,8.482640266418457
COc1ccccc1N1CCN(CCn2nc(C(F)(F)F)c3c2CCN(C(=O)c2ccc(C4CCCC4)cc2)C3)CC1,6.903444766998291,6.709280014038086,6.8063623905181885
CN1CCC(CCN2CCN(c3cccc(C(F)(F)F)c3)CC2)CC1,6.735682964324951,7.582857131958008,7.1592700481414795
FC(F)(F)c1cccc(N2CCN(CCCNc3nnnn3-c3ccccc3)CC2)c1,7.502581596374512,6.226025104522705,6.864303350448608
CC(C)Oc1ccccc1N1CCN(Cc2ccc(CN3CCCCC3=O)n2C)CC1,8.190450668334961,6.869895935058594,7.530173301696777
CC(C)(O)CNc1nccc(NCCCCN2CCN(c3ccccc3F)CC2)n1,7.258147239685059,6.388862609863281,6.82350492477417
CC(C)(C)NC(=O)Nc1ccc(Oc2cc(F)cc(F)c2)cc1C(=O)N1CCC(N2CCCC2=O)CC1,6.300141334533691,6.687082767486572,6.493612051010132
CC(C)(Cc1ccccc1)NCC(O)c1cc(O)cc(O)c1,6.310136318206787,6.233648777008057,6.271892547607422
CN1CCN(C2=Nc3cc(Cl)ccc3Nc3ccccc32)CC1,6.543483257293701,7.039327621459961,6.791405439376831
CN1CCCN(C(=O)N2c3ccccc3Sc3ccc(C(F)(F)F)cc32)CC1,5.271927356719971,6.4925923347473145,5.882259845733643
COc1ccc(S(=O)(=O)N2Cc3cc(OCCN4CCCC4)ccc3CC2C(=O)N3CCC(N4CCCC4)CC3)cc1,5.988790512084961,5.945308208465576,5.9670493602752686
CN1CCc2cc(Cl)c(O)cc2C2c3cccc(C#N)c3CCC21,6.253904342651367,6.754661560058594,6.5042829513549805
CN1CCN(c2ccc(-c3cccc(O)c3)c3c(N)ncnc23)CC1,6.683437824249268,5.872278690338135,6.277858257293701
O=C(CN1CCN(Cc2ccc(F)cc2)CC1)N=CC1Nc2ccccc2C(=O)N1c1cccc(F)c1,5.543858051300049,6.016047954559326,5.7799530029296875
CN1CCCC1Cc1c[nH]c2ccc(C3=CCN(C(=S)NC45CC6CC(CC(C6)C4)C5)CC3)cc12,6.754695892333984,8.236888885498047,7.495792388916016
N#Cc1ccc2[nH]cc(CCCCN3CCN(c4ccc5occc5c4)CC3)c2c1,7.624373435974121,7.525188446044922,7.5747809410095215
Oc1ccccc1N1CCN(Cc2ccc3c(c2)OCO3)CC1,7.503592491149902,7.00944709777832,7.256519794464111
CC(C)C(=O)Nc1ccc2nc(O)cc(CCN3CCN(c4cccc5[nH]c(-c6ccc(F)cc6)nc45)CC3)c2c1,6.910802841186523,6.631795883178711,6.771299362182617
O=C(NCCCCN1CCN(c2cccc(Cl)c2Cl)CC1)c1cc2nc(-c3ccccc3)c[nH]2,,,
CC(C)N(CCC(=O)c1ccc2cccc(F)c2c1)Cc1ccccc1,5.922943115234375,6.241360664367676,6.082151889801025
O=C(CCCN1CCN(c2cccc(Cl)c2Cl)CC1)c1ccc(F)cc1,8.306028366088867,7.756631851196289,8.031330108642578
N#Cc1cccc(C2NC(=O)c3c2cc2cc(Cl)c(O)cc3C2)c1,,,
Cc1ccccc1-c1ccc(CN2CCCC3(CCc4n[nH]c(-c5ccccc5)n4)OCC3)C2)cc1,,,
N#CC1C=CCN1Cc1cccc(CNC(=O)C2CCCN2C(=O)CC2CCCCC2)c1,6.664189338684082,6.791535377502441,6.727862358093262
O=C(CCCN1CC=C(n2c(O)nc3ccccc32)CC1)c1ccc(F)cc1,8.367292404174805,7.846202850341797,8.1067476272583
CC(C)Oc1ccccc1N1CCN(CCCCCCCC(=O)N2CCC(C(N)=O)(c3ccc(F)cc3)CC2)CC1,7.974355697631836,7.269404888153076,7.621880292892456
Cc1ccc2nc(N3CCN(C)CC3)cnc2c1,5.427046775817871,5.747859477996826,5.587453126907349
CC1CN(CCCCNC(=O)c2ccc(-c3ccccc3)cc2)CCN1C(=O)NCc1cccc(Cl)c1,6.23521614074707,7.647038459777832,6.941127300262451
CCCN(CCCN1C(=O)c2cccc3cn(-c4ccccc4)c(O)c23)CC1=O)C1CCc2c(F)cccc2C1,,,
COc1ccccc1N1CCN(CCCCN=C2C(=O)N(C)N=C(c3ccccc3)C2C(C)=O)CC1,6.15302038192749,6.431999206542969,6.2925097942352295
CCN1CCN(c2ccccc2NC(=O)c2nc(-c3ccccc3)c(C#N)n2C)CC1,5.869630813598633,6.623695373535156,6.2466630935668945
CC1CN(CCCCc2cccs2)CCN1C(=O)C1CCCN1C(=O)Nc1ccccc1,6.805010318756104,7.1710968017578125,6.988053560256958
O=C(NCC1CCC2(O)C3Cc4ccc(O)c5c4C2(CCN3CC2CC2)C1O5)c1ccccc1,7.653654098510742,7.945077896118164,7.799365997314453
COc1cc(Br)c2c(c1)CCC(O)C(C)C2,6.593912601470947,6.229257583618164,6.411585092544556
O=C(NC1CCc2cc(CCN3CCN(c4nsc5ccccc45)CC3)ccc21)C1CC1,7.219380378723144,6.914257526397705,7.066818952560425
Oc1cccc2c1CCC1CCN(CCCc3c[nH]c4ccc(-n5cnnc5)cc34)CC12,7.551558017730713,6.960820198059082,7.2561891078948975
COc1cccc(C(=O)NCCCN2CCN(c3ccccc3)CC2)c1,5.607863426208496,6.434934139251709,6.0213987827301025
O=C(CCCN1CC=C(n2c(O)nc3ccccc32)CC1)c1ccccc1,8.136624336242676,7.831219673156738,7.983922004699707
COc1ccccc1N1CCN(CCc2ccc3nn[nH]c3c2)CC1,8.160194396972656,6.45262622833252,7.306410312652588
COc1cccc(CN2CCC(CCCOc3cccc4c3CCN(C(=O)c3ccc(Cl)cc3)C4)CC2)c1,6.328594207763672,6.788698673248291,6.5586464405059814
O=C(NCCN1CCCC1)c1cnccc1N1CCCC(Cc2ccc(F)cc2)C1,6.668145179748535,6.40809440612793,6.538119792938232
CC(C)Oc1ccccc1N1CCN(Cc2ccc(CN3CCCCCC3=O)n2C)CC1,8.326491355895996,6.791318893432617,7.558905124664307
COc1ccccc1N1CCN(CCCCNC(=O)c2cc3ccc2CCc2ccc(cc2)OCCC3)CC1,7.851468563079834,7.815405368804932,7.833436965942383
CCCCN(CCC#N)C(=O)c1ccc2nc(-c3n[nH]c4ccccc34)[nH]c2c1,6.452674865722656,6.047876834869385,6.2502758502960205
c1cncc(CN(CCCOc2ccc(-c3nnn[nH]3)cc2)Cc2ccccc2)c1,6.42791748046875,6.642070293426514,6.534993886947632
Cc1ccc(CCN2CCC(Nc3nc4c(s3)CCCc3ccc(F)cc3-4)CC2)cn1,6.681733131408691,6.635863304138184,6.6587982177734375
O=C1CCc2cc(C(=O)C3CCCCN3)ccc2N1,6.988797664642334,6.004639625549316,6.496718645095825
O=C1CCc2cccc(OCCCCN3CCN(c4cccc(Cl)c4Cl)CC3)c2N1,8.89596176147461,8.367976188659668,8.631968975067139
CN1CCC(c2cnc3ccc(N4CCc5ccccc5C4)nn23)CC1,6.003895282745361,5.688320636749268,5.8461079597473145
Clc1ccc2c(c1)N=C(N1CCN(CCCc3ccc4c(c3)NC(=S)NC4)CC1)c1ccccc1N2,7.080103397369385,7.306294441223144,7.193198919296265
COc1ccccc1N1CCN(CCOc2ccc3c(c2)OCO3)CC1,7.271638870239258,6.9144439697265625,7.09304141998291
O=C(NC1CCC(O)CC1)c1cc(C2CCCCC2)n[nH]1,6.009001731872559,6.898168087005615,6.453584909439087
Cc1ncoc1-c1nnc(SCCCN2CC3CC3(c3ccc(F)cc3)C2)n1C,7.12682056427002,8.707328796386719,7.917074680328369
CCCN1CC(CSC)CC2c3cccc4[nH]cc(c34)CC21,7.427812576293945,7.918407440185547,7.673110008239746
Cc1cc2nc(-c3ccc(NC(=O)C4CCN(S(=O)(=O)c5ccccc5)CC4)cc3)sc2cc1C,6.03737211227417,5.087113380432129,5.562242746353149
Oc1ccc(N2CCN(Cc3nc4ccccc4[nH]3)CC2)cc1,6.351795196533203,5.585629940032959,5.968712568283081
COC(=O)C1C(=CN2CCN(c3cccc(Cl)c3Cl)CC2)C(=O)c2ccccc2N1c1ccccc1,5.393412590026856,6.047874450683594,5.720643520355225
COc1cccc(OC)c1CNc1nc(Cl)nc2c1ncn2C1CCCC1,7.191107749938965,5.481389045715332,6.336248397827148
C1=CC1CN2CCC1CC2C(OC(=O)c1ccoc1)c1ccc(F)cc1,,,
CCCCN(CCCC)C1CCc2c(O)cccc2C1,7.942216396331787,8.147453308105469,8.044834852218628
Cc1cc(C)c2cc(CN3CCN(CCCCn4c(=O)[nH]c5c(F)ccc(F)c5c4=O)CC3)c(Cl)cc2n1,6.599307060241699,7.337061882019043,6.968184471130371
COc1ccccc1-n1cc2c(O)nc(N3CCN(Cc4ccc5c(c4)OCO5)CC3)nc2c1O,7.259988784790039,6.170923233032227,6.715456008911133
CCN1CCCC1CNC(=O)c1c(Br)c(-c2ccccc2)nc2ccc(F)cn12,,,
O=C(NCC1CCN(CCc2c[nH]c3ccccc23)CC1)c1cc2ccccc2s1,6.163445472717285,7.404392242431641,6.783918857574463
CCCN(CC=CI)C1CCc2ccc(O)cc2C1,6.947180271148682,7.589116096496582,7.268148183822632
CN1CCN(C(=O)c2ccc(-c3ccc(Cl)c(C(F)(F)F)c3)cc2)CC1,6.035728454589844,6.806982517242432,6.421355485916138
Cc1ncoc1-c1nnc(SCCCN2CC3CC3(c3ccc(C(F)(F)F)cc3)C2)n1C,6.68971061706543,8.816180229187012,7.752945423126221
O=C1Cc2c([nH]c3ccc([N+](=O)[O-])cc23)-c2ccccc2N1,8.242632865905762,5.390047073364258,6.81633996963501
Cc1noc(C)c1S(=O)(=O)Nc1ccc(CCNCC(O)COc2ccc(O)cc2)cc1,6.716058731079102,6.808657169342041,6.762357950210571
CCCN(CCC)C1CCc2c(O)cccc2C1,8.197704315185547,8.453022003173828,8.325363159179688
COc1ccc(OC)c(C2CCCN(Cc3cnn(-c4ccccc4)c3C)C2)c1,6.559674263000488,6.33376932144165,6.446721792221069
CCC(CC)NC(=O)C1=CC2c3cccc4[nH]cc(c34)CC2N(C)C1,7.292438507080078,7.537620544433594,7.415029525756836
CC1CN(C2CCN(CCCF)CC2)CCN1c1ccc(-c2ccc(F)nc2)cc1,6.005444049835205,5.916950225830078,5.961197137832642
CCc1ccc(C(C)NCC2OCCc3ccccc32)cc1,6.104114055633545,6.533936500549316,6.319025278091431
N#Cc1ccc(N2CCC(NCCCNc3ccc4c(c3)CCC4)CC2)cc1Cl,6.796643733978272,6.822942733764648,6.80979323387146
COc1cc(CN2CCC(NC(=S)NC(=O)c3ccccc3N)CC2)cc(OC)c1,6.796200752258301,6.622331142425537,6.709265947341919
CC1=CCC2C(C1)c1c(O)cc(C(C)(C)c3cccc(F)c3)cc1OC2(C)C,6.323915004730225,6.65952205657959,6.491718530654907
CC(C)NCC1CCc2cc(O)cc3c2N1C1CCC3OCC1,6.272272109985352,6.993032932281494,6.632652521133423
C=C1C=C(C2CCN(CCC3CCCCN3S(=O)(=O)c3ccc(Cl)cc3)CC2)Cc2ccccc21,6.686221122741699,6.405890941619873,6.546056032180786
COc1ccc(CCNCC(c2ccccc2)N2CCN(c3ccccc3F)CC2)cc1,6.005383491516113,5.894742488861084,5.950062990188599
Cc1ccc2c(N3CCN(CCc4ccc(N5CCCC5=O)cc4)CC3)cccc2n1,7.474456310272217,6.570943355560303,7.02269983291626
Fc1cccc(C2NCCc3c2[nH]c2ccc(Cl)cc32)c1,6.564413070678711,6.044875144958496,6.3046441078186035
FC(F)(F)c1cccc(N2CCN(CCCCc3c[nH]c4ccc(-n5cnnc5)cc34)CC2)c1,8.035001754760742,6.935299396514893,7.485150575637817
CN(CCOCCN1CCN(c2ccc(Cl)cc2)CC1)S(=O)(=O)c1cccc2cccnc12,6.696826934814453,6.544320106506348,6.6205735206604
Oc1ccc(N2CCN(Cc3cnn(-c4ccccc4)c3)CC2)cc1,6.589798450469971,6.644596099853516,6.617197275161743
CCCN(CCC1CCC(NC(=O)c2cc(C(F)(F)F)cc(C(F)(F)F)c2)CC1)C1CCc2nc(N)sc2C1,7.570351600646973,8.645739555358887,8.10804557800293
CCCCCN1CCN(c2nc(-c3ccc(Br)o3)nc3ccc(Cl)cc23)CC1,6.429840087890625,7.696491718292236,7.063165903091431
COc1ccc2c(c1)CCCC2CC(=O)NCCc1ccc(OC)c(OC)c1,5.822690963745117,5.697390556335449,5.760040760040283
O=C1NCCN1CCN1CCC(c2cn(-c3ccc(F)cc3)c3ccc(Cl)cc23)CC1,7.742376327514648,6.38731050491333,7.064843416213989
CNC1CCN(c2ccc(-c3nc4c(C(N)=O)cccc4[nH]3)cc2)C1,5.744909286499023,6.136877536773682,5.9408934116363525
CCOc1ccccc1N1CCN(CCCCc2c(-c3cccc(F)c3)[nH]c3ccccc23)CC1,7.872397422790527,7.812766075134277,7.842581748962402
Cc1ccccc1-c1nnc(SCCCN2CC3CC3(c3ccc(S(F)(F)(F)(F)F)cc3)C2)n1C,7.069423198699951,8.73097038269043,7.90019679069519
O=C1CCCC(NCCCC2CCN(S(=O)(=O)c3ccc(Cl)cc3Cl)CC2)C1,7.031621932983398,7.145633697509766,7.088627815246582
COc1cc(F)ccc1N1CCN(CCCCNC(=O)c2ccc(C=Cc3ccccc3)s2)CC1,6.833552837371826,8.655113220214844,7.744333028793335
COc1ccc(CC(=O)NCCCCN2CCN(c3cccc(Cl)c3Cl)CC2)cc1,7.129865646362305,7.561007499694824,7.3454365730285645
CN(CCO)C(=O)NC1CCC(Nc2nc(Cl)cc(-c3c[nH]c4ncccc34)n2)CC1,7.013384342193604,6.81396484375,6.913674592971802
CCCN(CCC)C1COc2c(OC)cccc2C1,7.152022361755371,6.876270294189453,7.014146327972412
O=C(CCCN1CCC2(CC1)C(=O)NCN2c1ccccc1)c1ccc(F)cc1,9.175222396850586,8.254636764526367,8.714929580688477
CCCN(CCN1CCN(C2=Nc3cc(Cl)ccc3Nc3ccccc32)CC1)C1CCc2c(O)cccc2C1,7.420012474060059,8.52035140991211,7.970181941986084
COc1ccccc1N1CCN(CCCCN=C2C(=O)N(C)N=C(C)C2C(C)=O)CC1,6.109635353088379,6.261665344238281,6.18565034866333
CNC(=O)C(Cc1ccccc1F)=NC(=O)C1CCCN1C(=O)C(N)Cc1ccc(O)cc1,6.290503025054932,5.372127056121826,5.831315040588379
COc1ccccc1N1CCN(CCNC(=O)C2CCCCN2)CC1,7.3142290115356445,7.014205932617188,7.164217472076416
N#Cc1c(N2CCC(NC(=O)c3cccc4ncccc34)CC2)cc(-c2ccccc2)nc1N,6.511130332946777,6.314952850341797,6.413041591644287
CCCN(CCC)C1CCc2c(ccc(O)c2O)C1,8.462950706481934,9.167142868041992,8.815046787261963
O=C(CCCN1CC=C(n2c(O)nc3ccc(F)cc32)CC1)c1ccc(F)cc1,8.529881477355957,7.72736930847168,8.128625392913818
O=C(CC1CCCN(CCc2c[nH]c3ccc(-n4cnnc4)cc23)C1)N1CCCC1c1ccccc1,6.636172771453857,6.287722110748291,6.461947441101074
Cc1ccc(C(=O)NC2CCC(N3CCN(c4cccc(Cl)c4Cl)CC3)CC2)cc1C,6.839328765869141,7.893601894378662,7.366465330123901
COc1ccccc1N1CCN(CCCCNC(=O)c2ccc3ccccc3c2)CC1,7.298825263977051,8.823209762573242,8.061017513275146
O=C1NCCN1CCN1CCC(Cc2cn(-c3ccc(F)cc3)c3ccc(Cl)cc23)CC1,7.199896335601807,6.979759693145752,7.089828014373779
Cc1c(O)nnc(C(C)C)c1NC(=O)C1(c2ccc(Cl)cc2)CC1,6.49738073348999,6.362689018249512,6.430034875869751
CCOc1ccccc1N1CCN(CCCCNC(=O)c2cc3ccccc3s2)CC1,7.348800659179687,9.27159595489502,8.310198307037354
Cn1nc(C(F)(F)F)c2c(=O)c3cc(Cl)ccc3n(O)c21,7.026393413543701,6.013607978820801,6.520000696182251
N#Cc1ccc(N2CCC(CCCN3CCN(c4noc5ccccc45)CC3)CC2)cc1C(F)(F)F,6.940123081207275,7.154698848724365,7.04741096496582
COc1ccc2oc(C(=O)NCCC3CCCN3C(=O)CC(NC(C)=O)c4ccccc43)cc2c1,,,
CN(C)CCCN1c2ccccc2Sc2ccc(C(F)(F)F)cc21,5.734525680541992,6.009671211242676,5.872098445892334
COc1ccccc1N1CCN(CCCCNC(=O)C=Cc2ccc(Cl)cc2)CC1,7.462882041931152,8.863009452819824,8.162945747375488
COc1ccc(S(=O)(=O)NC2CCC(N3CCN(c4ccccc4OC(C)C)CC3)CC2)cc1OC,7.117808818817139,8.325786590576172,7.721797704696655
CCCNC(Cc1c[nH]cn1)C1CCCCC1,5.595653057098389,6.256308555603027,5.925980806350708
O=C(CCCCC1CCSS1)NN=Cc1ccc(F)cc1,5.603941440582275,6.278323173522949,5.941132307052612
O=C1NCN(c2ccccc2)C12CCNCC2,8.352700233459473,6.8086256980896,7.580662965774536
COc1cc(N2CCN(C(C)C)CC2)ccc1Nc1ncc(Cl)c(Nc2ccccc2S(=O)(=O)C(C)C)n1,6.555367469787598,6.342326641082764,6.448847055435181
CC(C)OC(=O)NC1CCC(CCN2CCN(c3cccc(Cl)c3Cl)CC2)CC1,8.233012199401855,9.263723373413086,8.74836778640747
CCCCCCCNC(Cc1ccccc1)C(O)c1cccc(Cl)c1,5.365292072296143,4.969405174255371,5.167348623275757
COc1cccc(N2CCN(CCCCN3C(=O)CC4(CCCC4)CC3=O)CC2)c1,6.467928409576416,8.296430587768555,7.382179498672485
COc1ccccc1N1CCN(CCCCCC2CCN(C(=O)CCSc3ccc(F)cc3F)CC2)CC1,7.480234146118164,7.370862007141113,7.425548076629639
C#Cc1cccc(C(O)CNC2CCC(O)(c3ccc(F)cc3)CC2)c1,5.671288967132568,6.190065860748291,5.93067741394043
CCN(CCCCN1CCN(c2cccc3c2CC(C)(C)C3)CC1)C1CCOCC1,6.385339260101318,6.757329940795898,6.571334600448608
Clc1ccc(-n2ncc3c(N4CCCCC4)ncnc32)cc1,6.637989521026611,4.870608329772949,5.75429892539978
Cc1ccc(-c2cncnc2NCCCN2CCN(c3cccc4nc(C)ccc34)CC2)cc1,6.700669288635254,6.509141445159912,6.604905366897583
COc1cc(OC)cc(C(=O)NCCCN2CCC(c3ccccc3)CC2)c1,5.2482194900512695,6.167273044586182,5.707746267318726
COc1ccc(OC)c(NCC(=O)NC2CCC(N3CCN(c4ccccc4OCCF)CC3)CC2)c1,7.039002895355225,7.143916606903076,7.09145975112915
O=C1CCc2cc(CCN3CCN(c4nsc5ccccc45)CC3)cc3c2N1CC3,7.453241348266602,6.97567892074585,7.214460134506226
CCN1CCN(c2ccc(Nc3ncc(Cl)c(Nc4ccc5[nH]ncc5c4)n3)cc2)CC1,6.8651533126831055,5.336418628692627,6.100785970687866
COc1ccccc1N1CCN(CCCCNC(=O)c2ccc3c(c2)Cc2c(-c4ccc(Cl)cc4)noc2-3)CC1,6.901269912719727,8.211213111877441,7.556241512298584
O=C(NCC=CCN1CCN(c2cccc(Cl)c2Cl)CC1)c1cccc(OCCF)c1,7.470266342163086,8.784119606018066,8.127192974090576
COc1cccc2c1CCC1CN(CCn3c(=O)[nH]c4cnccc4c3=O)CC21,7.186408042907715,7.15336799621582,7.169888019561768
NCc1ccc(C2=NC(CSCC(N)=O)C(c3ccc4c(c3)CCC4)C2)cc1,7.060033321380615,5.800469875335693,6.430251598358154
O=C(NCCCc1ccc(F)cc1)c1cc2c(-c3ccccc3)[nH]nc2s1,6.381457328796387,6.76723575592041,6.574346542358398
COc1cccc(C2(CNC(=O)c3ccccc3Cl)CCCC2)c1OC,6.7939453125,5.878182411193848,6.336063861846924
COc1cccc(C(=O)NC2CCc3ccc(OC)c(OC)c3C2C)c1,6.357350826263428,7.051954746246338,6.704652786254883
CCCN(CCC)C1CCc2c(c3ccccc3n2C)C1,6.4896159172058105,7.201064109802246,6.845340013504028
CCCN(CCc1ccc(Nc2ccc(CCN(C)C)cc2Cl)cc1)C1CCc2c(O)cccc2C1,7.421319007873535,7.388844013214111,7.405081510543823
CN1CCCN(CCCOc2ccc(C3=CC4C(=O)N(C)C(=O)N(C)C4=N3)cc2NC2=CCCC2)CC1,5.554224967956543,6.984968662261963,6.269596815109253
O=C1N(CCN2C3CCC2CC(c2ccc(Cl)c(Cl)c2)C3)CCN1c1cccc(Cl)c1,7.169860363006592,7.920485496520996,7.545172929763794
c1ccc(CN2CCC(C3CCC(N4CCN(c5ccccc5)CC4)CC3)CC2)cc1,6.341098785400391,6.095371723175049,6.21823525428772
CCCCCCNC(=O)N1CCN(c2ccc(O)c3nc(O)ccc23)CC1,8.595752716064453,6.906631946563721,7.751192331314087
CCCN(CCc1cccs1)C1CCc2c(O)cccc2C1,8.405183792114258,8.605388641357422,8.50528621673584
CCCCCCN1CCN(c2nc(N)nc3[nH]ccc23)CC1,7.2982177734375,6.603357315063477,6.950787544250488
O=S(=O)(NC1CCC(CCN2CCN(c3cccc(Cl)c3Cl)CC2)CC1)c1cc2ccc2ccc1OCCCN1CCCCC1,,,
O=C1N(CCN2CCCCC2)CCN1c1cccc(Cl)c1,8.017598152160645,7.75933027267456,7.8884642124176025
CCCCCCN1C=CC(=C2c3ccc(Cl)cc3CCc3cccnc32)C=C1,6.3562188148498535,6.674610137939453,6.515414476394653
O=C(NC1CCc2ccc(CCN3CCN(c4nsc5ccccc45)CC3)cc21)c1ccc(F)cc1,7.64020299911499,6.56119441986084,7.100698709487915
CCCN1CCCC2Cc3n[nH]cc3CC21,7.44373893737793,7.752799034118652,7.598268985748291
Cn1nccc1-c1cc(NC(=O)Nc2ccccc2)ccc1OCCN1CCCCC1,6.948870658874512,5.650250434875488,6.299560546875
COc1ccccc1N1CCN(CCCCNC(=O)c2ccc(-c3cccnc3)cc2)CC1,7.29791784286499,8.768943786621094,8.033430814743042
COc1cc(C(=O)NCCCCCC(=O)NNc2ccccc2OC)cc(OC)c1OC,7.223413467407227,6.617918014526367,6.920665740966797
O=C(NC1CCc2cc(CCN3CCN(c4nsc5ccccc45)CC3)ccc21)c1ccccc1O,7.212169170379639,6.659987449645996,6.936078310012817
Oc1nc2cccc(N3CCN(CCCCc4ccccc4)CC3)c2o1,8.22130012512207,7.885212898254394,8.053256511688232
COc1ccc(N2CCN(CCC3CCC(Nc4ncccn4)CC3)CC2)cc1,7.163640022277832,7.093814373016357,7.128727197647095
COc1cccc(COCC2C3CN(CC3)C2C(c2ccccc2)c2ccccc2)c1,6.230263233184815,6.824570655822754,6.527416944503784
COc1cccc(CN2CCN(CC(O)COc3cccc4[nH]c(C(=O)NC5CCCCC5)cc34)CC2)c1,5.579143047332764,7.14022970199585,6.359686374664307
Cc1noc(C)c1S(=O)(=O)Nc1cncc(C(=O)NCCCN2CCC3(CC2)OCc2ccccc23)c1,5.984186172485352,6.769360542297363,6.376773357391357
O=C(NC1CCc2cc(CCN3CCN(c4nsc5ccccc45)CC3)ccc21)c1ccc(F)cc1,7.4388251304626465,6.6493730545043945,7.0440990924835205
CCCN(CCc1ccccn1)C1CCc2ccc(O)cc2C1,7.646800518035889,8.264913558959961,7.955857038497925
CN1CCc2cc(Cl)c(O)cc2C(c2ccccc2)C1,5.661478042602539,6.288370132446289,5.974924087524414
Oc1ccc2c(c1)OC(CNCc1cccs1)CC2,9.475069046020508,8.632311820983887,9.053690433502197
Cc1cc(C)n(-c2nc(N(C)C)nc(N3CCN(c4ccc(F)cc4)CC3)n2)n1,5.794925689697266,6.135744094848633,5.965334892272949
O=C1N(CCN2Cc3ccccc3C2)CCN1c1cccc(Cl)c1,6.888769626617432,7.879955291748047,7.384362459182739
O=C(OCCCF)C1C2CCC(CC1c1ccc(C=CI)cc1)N2,6.4592156410217285,6.431109428405762,6.445162534713745
Cc1ccc(-c2nn(C(C)(C)C)c3ncnc(N)c23)cc1[N+](=O)[O-],4.684934616088867,5.671339511871338,5.1781370639801025
CCCCCCNC(=O)CCCCCCCCCN(C)C(=O)CCCCCCCNC(=O)CCCCCCCCNC(=O)CCCCCNCC(C)=O,6.336092948913574,4.378054141998291,5.357073545455933
COc1ccccc1N1CCN(CCCCNC(=O)c2cc3ccccc3o2)CC1,7.030130386352539,8.543241500854492,7.786685943603516
COc1ccc2c(c1)CC(C(=O)NCc1nc3ccccc3[nH]1)C2,6.414627552032471,5.18199634552002,5.798311948776245
O=C1c2c(O)ccc(O)c2CC(c2ccc(-c3cnc(Nc4ccc(OC(F)(F)F)cc4)nc3)cc2)CN1CCC1CCNCC1,6.682162284851074,6.252972602844238,6.467567443847656
CCN(CC(=O)NC1CCN(Cc2ccccc2)C1=O)C(=O)c1ccccc1-c1ccccc1,6.374015331268311,5.521244525909424,5.947629928588867
CCN1CC=C(C2=Cc3ccccc3Cc3ccccc32)CC1,7.193936347961426,7.20184326171875,7.197889804840088
O=C(CCCN1CCN(c2cccc(Cl)c2Cl)CC1)c1nc2ccccc2s1,6.957038402557373,7.674680709838867,7.31585955619812
CC1(C)Cc2c(sc3ncn(CCN4CCN(c5cccc6ccccc56)CC4)c(=O)c23)CO1,7.0397725105285645,7.408594608306885,7.224183559417725
N#Cc1cccc2[nH]c3c(c12)CCN(CCCSc1nnc(-c2ccccc2C(F)(F)F)n1CC3,,,
COc1cccc2sc(C(=O)NCC3CCC(CN4CCC(Oc5ccc(Cl)c(Cl)c5)CC4)CC3)cc12,6.103536128997803,7.636005878448486,6.8697710037231445
C=CCN1CCC2c3c(O)cccc3CCC21,7.343835830688477,7.094051361083984,7.2189435958862305
Oc1ccc2c(c1)OC(CNCc1ccc3c(c1)OCO3)CC2,9.008360862731934,7.878251075744629,8.443305969238281
COc1ccc2ccccc2c1C1CCN(CCCC(c2ccc(F)cc2)c2ccc(F)cc2)CC1,7.065741062164307,6.765919208526611,6.915830135345459
CC(=O)NCCCCN1CCN(c2ccc(C(F)(F)F)cc2NC(=O)c2cc3ccccc3s2)CC1,7.058965682983398,7.384424209594727,7.2216949462890625
Cc1[nH]c(C2CC2)nc1CC(=O)NC1CCN(c2ccccc2OC(F)(F)F)CC1,7.511763095855713,7.265844345092773,7.388803720474243
CCCN(CCC1CCC(NS(=O)(=O)c2cn(C)cn2)CC1)C1CCc2nc(N)sc2C1,6.988927364349365,8.823863983154297,7.906395673751831
CC(C)C(=O)NC1CCC(Nc2nc(Cl)cc(-c3c[nH]c4ncccc34)n2)CC1,6.924687385559082,7.166303634643555,7.045495510101318
CC(=O)NC1CCc2cccc(OCCCCN3CCN(c4ccc(Cl)cc4Cl)CC3)c21,7.191433429718018,7.211925983428955,7.201679706573486
CN(C)CCc1ccc(-c2cccc3[nH]cc(=O)c23)cc1,,,
Oc1[nH]c2ccc(F)cc2c1CCCCN1CC=C(c2ccccc2)CC1,8.096967697143555,8.53792953491211,8.317448616027832
Oc1ccc2c(c1)OC(CNCCN1CCN(c3cccc(Cl)c3Cl)CC1)CC2,9.362069129943848,8.549615859985352,8.9558424949646
C#Cc1cccc(-n2cc3c(c2C)C(=O)N(C)C2(CCN(Cc4ccccc4)CC2)C(=O)N3)c1,7.112545013427734,7.349225044250488,7.230885028839111
CCCN(CCC)C1CCc2c(O)cccc2C1C,7.468569755554199,8.17613410949707,7.822351932525635
NC(N)=NN=Cc1ccc(-c2ccc3c(cnn3Cc3ccccc3)c2)o1,6.344064712524414,4.402776718139648,5.373420715332031
CCCN(CCC)C1CCc2c(O)cccc2C1,8.197704315185547,8.453164100646973,8.32543420791626
CC=C(c1ccccc1)C1CCN(CCCC(=O)c2cc3ccc2)CC1,,,
Cc1ccc(S(=O)(=O)NCCC(=O)NCC2CCCN2CCc2ccccc2)cc1,6.982618808746338,6.806632995605469,6.894625902175903
COc1cc(NC(=O)CCOCC2CCCCC2)ncn1,6.46428918838501,4.003216743469238,5.233752965927124
N#Cc1ccc(C(=O)NCCCN2CCN(c3cc(Cl)ccc3Cl)CC2)cc1,6.715567111968994,7.377082347869873,7.046324729919434
CCCCCCN1CCN(c2ccc(S(=O)(=O)N3CCCCC3)cc2)CC1,6.341521739959717,5.378092288970947,5.859807014465332
Cc1cc(C2CNCC2COc2nc(Cl)ccc2F)on1,6.943990230560303,6.637749195098877,6.79086971282959
O=C1CCc2ccc(OCCCCN3CCN(c4cccc5cc(F)ccc45)CC3)nc2N1,8.741589546203613,7.593361377716064,8.167475461959839
O=C(Cc1cccc2cccnc12)NCCCCCN1CCC(Oc2ccc(Cl)cc2Cl)CC1,6.70952844619751,6.597584247589111,6.6535563468933105
CCOc1ccccc1CN1CCN(CC2COc3ccccc3O2)CC1,6.285242557525635,6.60500955581665,6.445126056671143
Cc1ccc(CN2CCC(COc3cccc4ccccc34)CC2)s1,5.764408111572266,6.21452522277832,5.989466667175293
COc1cccc(C=CCN2CCN(c3cccc4ccccc34)CC2)c1,7.01647424697876,7.494524002075195,7.2554991245269775
COc1ccc(-c2ccc3c(c2)N(CCN2CCN(C)CC2)CC3)cc1,7.651041030883789,7.112027168273926,7.381534099578857
CC(=O)NCCc1cccc2nc(CCc3ccc(F)cc3)oc12,6.031723499298096,5.422692775726318,5.727208137512207
CN1CCc2cccc3c2C1Cc1ccc(O)c(O)c1-3,7.594958782196045,7.866140842437744,7.7305498123168945
COc1ccccc1N1CCN(CCCCNC(=O)c2cccs2)CC1,7.739991188049316,8.748876571655273,8.244433879852295
O=C(CCCN1CCN(c2ccnc(-c3cccc(C(F)(F)F)c3)n2)CC1)c1ccc(F)cc1,6.783504009246826,6.9152679443359375,6.849385976791382
Cc1ccc2c(c1)N(C(=O)CCC(=O)Nc1cccc3c1CCCS3)CC2,7.304660797119141,5.345885753631592,6.325273275375366
CN1CCN(c2nc(-c3ccccc3F)nc3c2CCNC3=O)CC1,5.748220443725586,6.631809234619141,6.190014839172363
CN(C)C=C1c2ccccc2CCc2ccccc21,5.98843240737915,6.15189266204834,6.070162534713745
CCOc1cccc(NC(=O)N2CCc3ccc(OC)cc3C2)c1,6.2467451095581055,5.180647850036621,5.713696479797363
Cc1cccc(N2CCN(CCCCNC(=O)c3nn(-c4ccc(F)cc4)c(=O)c4c3ccc(F)cc34)CC2)c1C,,,
Oc1nc2c(OCCNCc3ccccc3)c(Cl)ccc2[nH]1,8.164688110351562,7.930752754211426,8.047720432281494
Cc1ncsc1C1NCCc2cccc(OC(F)(F)F)c21,5.799635410308838,5.421736240386963,5.6106858253479
O=C(NCC1CCN(Cc2ccc(F)cc2Cl)CC1)c1ccccc1,5.716376781463623,6.69377326965332,6.205075025558472
Cc1cc(-c2cnc(N3CCN(C)CC3)nc2N2CCCC2)on1,6.045267581939697,5.474803924560547,5.760035753250122
COc1ccc(OCC(O)CNC2CCN(c3ncnc4scc(-c5ccccc5)c34)CC2)cc1OC,5.864249706268311,6.595317363739014,6.229783535003662
CCCN1CCc2cccc3c2C1Cc1ccc(O)c(O)c1-3,8.10791015625,8.435409545898438,8.271659851074219
CN1CCN(C2Cn3cccc3Sc3ccc(Cl)cc32)CC1,8.645715713500977,8.372458457946777,8.509087085723877
Clc1ccccc1N1CCN(CC2CCC(N3CCN(c4ccccc4F)CC3)CC2)CC1,6.894145488739014,6.625221252441406,6.75968337059021
CCCCn1c(-c2ccccc2)cn2c3c(=O)[nH]c(=O)n(C)c3nc12,6.256253719329834,6.56480598449707,6.410529851913452
CN1CCc2c(c3cccc4c3n2-c2ccccc2CC4)C1,6.571829319000244,5.861733913421631,6.2167816162109375
COc1ccc(C(C)O)cc1N1CCN(Cc2cc(OCCF)ccc2Br)CC1,6.837100028991699,6.368422985076904,6.602761507034302
CCN(CC)Cc1ccc2cc(-c3n[nH]c4ccccc34)[nH]c2c1,6.778632640838623,6.537018775939941,6.657825708389282
O=C(Nc1ccc(Cl)cc1)NC1CCN(CCCN2C(=O)COc3ccccc32)CC1,7.789249420166016,6.551243305206299,7.170246362686157
COc1cc(OC)cc(C(=O)NC2CC(N3CCC(c4ccccc4OCC(F)(F)F)CC3)CC2)c1,6.116552352905273,7.156833171844482,6.636692762374878
COc1ccccc1N1CCN(CCCCc2ccc3sc(N)nc3c2)CC1,8.251816749572754,7.890803337097168,8.071310043334961
CC1CN(C(C)CO)C(=O)c2cc(NCCCO)ccc2OC1CN(C)Cc1ccccc1,6.031862735748291,5.5110578536987305,5.771460294723511
COc1cccc2c1Nc1cc(NCCNCCO)ccc1C2,6.00824785232544,5.906357288360596,5.957302570343018
CC(=O)c1nc(N2CCN(C(=O)CCNS(=O)(=O)c3cccc4nonc34)CC2)c2ccccc2n1,6.172607898712158,5.288652420043945,5.730630159378052
CCCN(CCN1CCN(c2ccc(-c3cc(C)c4ccccc4n3)cn2)CC1)C1CCc2c(O)cccc2C1,6.632720947265625,8.406295776367188,7.519508361816406
CCN1CCCC1CNC(=O)c1cc(S(=O)(=O)NCCC2CCCCN2CCC(Cc3ccc(F)cc3)(c3ccc(F)cc3)CC2)ccc1OC,,,
CCCN(CCC1CCC(NC(=O)c2ccc(F)cc2)CC1)C1CCc2c(O)cccc2C1,7.800363540649414,8.728187561035156,8.264275550842285
CN1CCN(C2=Cc3cc(Cl)ccc3Cn3cccc32)CC1,7.134506702423096,7.548636436462402,7.341571569442749
COc1cccc(COCC2CC3CCC(C2)N3Cc2ccccc2)c1,6.130209445953369,7.019889831542969,6.575049638748169
CCCN(CCN1CCN(c2nsc3ccccc23)CC1)C1CCc2ccc(O)cc2C1,7.85968017578125,9.04603385925293,8.45285701751709
CC(=O)c1cccc(-c2c(-c3ccccc3)noc2C)c1,4.818338394165039,5.566793441772461,5.19256591796875
CC(=O)NCCCn1ncc2cc(OCCN3CCC(C(N)=O)(c4ccc(F)cc4)CC3)ccc21,6.868992805480957,5.741208553314209,6.305100679397583
CCNC(=O)Nc1cccc(Oc2ccc(C)nn2)c1,6.574756622314453,5.225998401641846,5.900377511978149
CN1CCC(c2cn(-c3ccc(F)cc3)c3ccc(Cl)cc23)CC1,7.850132942199707,5.300248622894287,6.575190782546997
O=C(Cc1cccs1)NC1CC2CCC(C1)N2Cc1ccccc1,6.895823955535889,7.080102920532227,6.987963438034058
CN1CCN(C2=Nc3cc(Cl)ccc3Nc3ccccc32)CC1,6.543483257293701,7.039327621459961,6.791405439376831
OC1(c2ccc(Cl)cc2)CC2CCC(C1)N2Cc1coc2ccccc12,7.902397632598877,8.243313789367676,8.072855710983276
CCCN(C(=O)c1ccc(Br)o1)C1CCc2cc(OC)c(OC)cc2C1,5.709686756134033,6.290303707122803,5.999995231628418
Oc1ccc2c(c1)OC(CNCc1ccc(OCCCF)cc1)CC2,9.043679237365724,7.901162147521973,8.472420692443848
CN1CCc2ccc(O)cc2C(c2ccc(I)cc2)C1,6.905923366546631,7.1793365478515625,7.042629957199097
Oc1ccc2c(c1)OC(CNCc1ccc(I)cc1)CC2,9.396833419799805,8.504549980163574,8.95069169998169
O=C(NCCCCCN1CCN(c2nsc3ccccc23)CC1)c1ccc(Cl)cc1,7.600033283233643,8.054756164550781,7.827394723892212
COc1ccccc1N1CCN(CCCCCNS(=O)(=O)c2ccc(C)cc2)CC1,7.700623989105225,7.016228199005127,7.358426094055176
COc1ccc(NC(=O)CCCCCCN2CCN(c3cccc4c3CCCS4(=O)=O)CC2)cc1,8.060225486755371,6.658832550048828,7.3595290184021
CCCN(CCc1ccccc1)C1CCc2c(O)cccc2C1,8.200567245483398,8.143576622009277,8.172071933746338
COc1ccc(N(C)C(=O)CN2CCc3cc(OC)c(OC)cc3C2)cc1,5.659456253051758,4.69453763961792,5.176996946334839
CCCN1CCCC1CNC(=O)c1cc(I)ccc1OC,7.556495666503906,8.38603687286377,7.971266269683838
COc1ccc2[nH]cc(C(=O)NCCCN3CCC(c4noc5cc(F)ccc45)CC3)c2c1,7.172745227813721,6.432738780975342,6.802742004394531
CC(C)Oc1ccccc1N1CCN(Cc2ccc(CN3CCCCCC3=O)n2C)CC1,8.326491355895996,6.791318893432617,7.558905124664307
O=C(NCCCN1CCN(c2nsc3ccccc23)CC1)c1cc(=O)c2ccccc2o1,6.149552822113037,7.242698669433594,6.696125745773315
Brc1ccc2c(c1)ncn2CC1CCCO1,6.881610870361328,5.495360851287842,6.188485860824585
N#Cc1ccc(C2=CC(=O)C(C3CCN(CCN4CCNC4=O)CC3)O2)cc1,6.162874221801758,7.186646461486816,6.674760341644287
CC1CN(C(=O)c2cccc(C(F)(F)F)c2)CCN1C(=O)CCc1c[nH]c2ccccc12,6.378400802612305,6.829046249389648,6.603723526000977
O=C1COc2ccc(CCCCCN3CCN(c4ccccc4Cl)CC3)cc2N1,8.221480369567871,7.477418899536133,7.849449634552002
CC(C)(C)N1CCN(C2CCc3cc(OCc4c(-c5ccc(Cl)cc5)noc4C32)CC1,,,
O=C1NCCN1CCN1CCC(c2cn(-c3ccc(F)cc3)c3ccc(-c4cncn4CCCN4CCCCC4)cc23)CC1,6.974815368652344,6.0936198234558105,6.534217596054077
Cc1ccc2c(-c3nnc(SCCCN4CCc5cc6nc(C(C)(C)C)oc6c(C)c5CC4)n3C)cccc2n1,6.061799049377441,7.755856990814209,6.908828020095825
COc1ccccc1N1CCN(CCCCCNC(=O)c2cc3ccc(I)cc3s2)CC1,7.623835563659668,8.338700294494629,7.981267929077148
COc1c(Cl)cc(Cl)cc1N1CCN(CCCCN2C(=O)CC3(CCCC3)CC2=O)CC1,7.255150318145752,9.018232345581056,8.136691331863403
Cc1nc2cc(C(=O)NCCCCN3CCN(c4cccc(Cl)c4Cl)CC3)ccc2n1C,6.765657424926758,8.195507049560547,7.480582237243652
Cn1c2c(c3ccccc31)CCC1CCN(CCc3ccc(I)cc3)CC1C2,6.930015563964844,6.940886974334717,6.93545126914978
CCN1C(=O)N(C)c2cnc(-c3ccncc3)cc2N(CC2CCCO2)C1=O,5.822723388671875,4.824606895446777,5.323665142059326
O=C1NC(=O)N(CCCCN2CCN(c3cccc(Cl)c3Cl)CC2)C(=O)C1C1CCCCC1,7.757871627807617,8.804364204406738,8.281117916107178
CNCCCCOc1ccccc1OC,6.588864326477051,6.417425632476807,6.503144979476929
Oc1nc2c(O)ccc(C(O)CNCCCO)c2s1,4.207957267761231,6.824869632720947,5.516413450241089
COc1ccc2c(c1)CCC1CN(CCC3CCC(NC(=O)c4cccc(CF)c4)CC3)CCN1C2,6.462917327880859,7.6796555519104,7.07128643989563
Cn1ncc(Br)c1-c1cc(NC(=O)Nc2ccc(Cl)cc2)ccc1OCCN1CCOCC1,6.739143371582031,5.767978668212891,6.253561019897461
O=C1c2cccc3cccc(c23)C(=O)N1CCCCNCC1CCCN1,6.137054443359375,6.681044578552246,6.4090495109558105
CCCNC1CCc2cc(O)cc3c2N1C(=O)CC3,7.062607288360596,7.269711494445801,7.166159391403198
O=C(NC1CCC(NC2CCN(Cc3cccc(Cl)c3Cl)CC2)CC1)c1cc2cc(Br)ccc2o1,6.984580039978027,8.273833274841309,7.629206657409668
O=C1CCc2ccc(OCCCCN3CCN(c4cccc(Cl)c4Cl)CC3)nc2N1,8.820858001708984,7.946710586547852,8.383784294128418
COc1cccc2[nH]c(C(=O)NC3C4CC5CC(C4)CC3C5)cc12,6.167233467102051,8.051919937133789,7.10957670211792
N#Cc1ccc2[nH]cc(CCCCN3CCN(c4ccc5nc(-c6ccc(F)cc6)oc5c4)CC3)c2c1,6.702216625213623,7.303362846374512,7.002789735794067
CN1CCCC1Cn1nc(Cc2ccc(Cl)cc2)c2ccccc2c1=O,6.43051290512085,6.615733623504639,6.523123264312744
CC(=O)N1CCN(C2CCC(n3nc(-c4ccc(NC(=O)c5cc6ccc(Cl)cc6n5C)cc4)c4c(N)ncnc43)CC2)CC1,5.1357293128967285,5.523035526275635,5.329382419586182
COc1ccc(S(=O)(=O)N(CC(=O)NC2CCCN(C)C2)c2ccccc2)cc1,6.366305828094482,4.96786642074585,5.667086124420166
COc1ccccc1N1CCN(CCCCOc2ccc3c(c2)NC(=O)CC3)CC1,8.793431282043457,7.612606048583984,8.20301866531372
CN1CCN(C2=Nc3cc(Cl)ccc3Nc3ccccc32)CC1,6.543483257293701,7.039327621459961,6.791405439376831
COc1ccccc1N1CCN(CCCCNC(=O)c2ccc3c(c2)sc2ccccc23)CC1,7.192817687988281,8.860069274902344,8.026443481445312
CCCN(CCCCN1C(=O)CC2(CCCC2)CC1=O)C1CCc2c(F)cccc2C1,7.266061305999756,8.84592342376709,8.055992364883423
COc1ccccc1N1CCN(Cc2ccc3c(c2)sc(=O)n3CCN2CCC(C(=O)c3ccc(F)cc3)CC2)CC1,7.704839706420898,7.24071741104126,7.472778558731079
CC(C)c1nc2ccc(Br)cc2c(=O)n1NC(=O)c1ccccc1,6.313396453857422,6.71035623550415,6.511876344680786
COc1ccccc1N1CCN(CCCCCC(=O)N2CCCC2C(=O)NC2CCCCC2)CC1,7.813270092010498,7.694416522979736,7.753843307495117
CC1(C)CC1C(=O)N1CCCC1C(=O)NCCc1ccc(F)cc1,6.745580196380615,7.337465286254883,7.041522741317749
CCN1CCCC1CNC(=O)c1c(OC)cc(Br)cc1OC,7.797970294952393,8.27279281616211,8.035381555557251
COc1ccc(CCc2ccc(N3CCN(C)CC3)cc2)cc1NC(=O)CCCc1c[nH]c2ccccc12,6.037452697753906,6.326514720916748,6.181983709335327
O=C1N(CCN2CCCCCC2)CCN1c1cccc(C(F)(F)F)c1,7.84260368347168,8.507375717163086,8.174989700317383
N#Cc1ccc2c(c1)CCCC2CN1CCN(c2cccc(Cl)c2Cl)CC1,7.009174823760986,6.945172786712647,6.977173805236816
Oc1cc2c(OCCNCc3ccc(Cl)cc3)ccc(Cl)c2[nH]1,8.760119438171387,7.284967422485352,8.02254343032837
O=C1N(CCN2CCCCC2)CCN1c1cccc(Cl)c1,8.017598152160645,7.75933027267456,7.8884642124176025
CCCN(CCC)C1CCc2c(cccc2-(Nc2ccc(C#N)cc2)C1,,,
CN1CCC(N(C)Cc2ccccc2)CC1,3.710951328277588,5.414992332458496,4.562971830368042
COc1ccccc1N1CCN(CCCCNC(=O)c2ccc(C)cc2)CC1,7.418456077575684,8.534905433654785,7.976680755615234
COc1cccc(C2CC2C(=O)N2CCC(C(=O)Nc3ccccc3)CC2)c1,6.1864752769470215,6.2917680740356445,6.239121675491333
CCCN(CCN1CCN(c2cc(-c3ccccc3)nc3ccccc23)CC1)C1CCc2nc(N)sc2C1,7.067303657531738,8.739542961120605,7.903423309326172
CC(C)(C)CCN1CCn2c(nc3ccccc32)C1,6.099630832672119,6.97387170791626,6.5367512702941895
ON=C(O)C1C(c2ccccc2)CC2CCCCN2C1c1cccc(Cl)c1,6.473910331726074,6.1818013191223145,6.327855825424194
CN1CCCC1Cn1nc(Cc2ccc(Cl)cc2)c2ccccc2c1=O,6.43051290512085,6.615733623504639,6.523123264312744
COc1ccccc1N1CCN(CCCCNC(=O)C=Cc2ccc3ccccc3n2)CC1,7.548700332641602,8.763446807861328,8.156073570251465
CC(Oc1ccc(Cl)cc1Cl)C(=O)NC1CN(CCC(c2ccc(F)cc2)c2ccc(F)cc2)CC1C,6.598480701446533,6.275657176971436,6.437068939208984
Cc1ccc(-c2nc(CCCCN3CCN(c4ccccn4)CC3)c(C)o2)cc1,6.049110412597656,7.261502742767334,6.655306577682495
COc1cc(N2CCN(C(C)C)CC2)ccc1Nc1nc(Nc2ccccc2C(=O)O)c2cc[nH]c2n1,6.3606038093566895,5.127842903137207,5.744223356246948
O=C(NCCCCN1CCN(c2cccc(Cl)c2Cl)CC1)c1cc2ccccc2o1,6.971603870391846,8.865472793579102,7.918538331985474
CCCN1CCC=C(c2ccc(Nc3nc(Nc4ccccc4C(N)=O)c4cc[nH]c4n3)c(OC)c2)C1,7.123652935028076,5.927735805511475,6.525694370269775
Oc1nc2cc(N3CCCCC3)ccc2o1,7.578118801116943,4.735787868499756,6.15695333480835
Oc1[nH]cc2cc(F)c(OCCCN3CCN(c4cccc5cccc(F)c45)CC3)cc12,8.04651165008545,7.654065132141113,7.850288391113281
O=S(=O)(NCCCCN1CCN(c2nsc3ccccc23)CC1)c1ccc2nc(-c3ccc(Cl)cc3)ccc2c1,7.39813232421875,8.30086898803711,7.84950065612793
CCN(CC)C(=O)NC1Cc2c(cc3c[nH]c4c3c2C=CC4)N(C)C1,8.286233901977539,9.047680854797363,8.666957378387451
COc1ccc(N2CCN(c3ccc(O)cc3)C2=O)cc1,7.19663143157959,4.7241411209106445,5.960386276245117
CN1CCN(C2CC(c3nc4ccccc4n3Cc3ccc(F)cc3)c3ccc(F)cc32)CC1,7.47954511642456,6.577989101409912,7.028767108917236
COc1ccccc1N1CCN(CCCCNC(=O)c2ccc(CO)cc2)CC1,6.983066558837891,8.349231719970703,7.666149139404297
O=C1CCc2ccc(OCCCCN3CCN(c4cccc5cccnc45)CC3)nc2N1,8.59631633758545,7.051302909851074,7.823809623718262
CCOc1ccccc1N1CCN(CCCCc2cc(-c3ccccc3)no2)CC1,6.715414047241211,8.196173667907715,7.455793857574463
Cn1cc(C2=C(c3cn(CCCN)c4ccccc34)C(=O)NC2=O)c2ccccc21,4.967055320739746,5.776885509490967,5.3719704151153564
COc1ccccc1N1CCN(CCCCn2ncc(=O)n(C)c2=O)CC1,7.234968662261963,7.482704162597656,7.35883641242981
C=CCN1CCN(c2cc(C(=O)NCCc3ccccc3)c3cc(Br)ccc3n2)CC1,6.689306259155273,7.014891624450684,6.8520989418029785
COc1cncc(N2CCN(CCCNC(=O)CCc3ccc(OC)cc3)CC2)c1,5.55560302734375,5.791913032531738,5.673758029937744
CC#CC1C2CCC(=O)N1C(CC)=CC(COC)C2,5.829848289489746,5.988961219787598,5.909404754638672
COc1ccccc1N1CCN(CCCCCNC(=O)C=Cc2ccccc2)CC1,7.56961727142334,8.09689998626709,7.833258628845215
CN(C)CC1CC2c3ccccc3Cc3ccccc3N2O1,6.585575103759766,6.992359161376953,6.788967132568359
CSc1c[nH]c2ncnc(NCCCO)c12,5.923331737518311,5.125625133514404,5.524478435516357
CCCN1CCCC2Cc3n[nH]cc3CC21,7.44373893737793,7.752826690673828,7.598282814025879
CCCN(CCc1ccccc1)C1CCc2c(O)cccc2C1,8.200567245483398,8.143576622009277,8.172071933746338
Cc1ccccc1-c1ccnc(Nc2ccc3c(c2)CCN(CC4CNC4)CC3)n1,6.0977463722229,5.805210590362549,5.951478481292725
COc1cc(OC)cc(C(=O)NC2CCC(N3CCN(c4cccc(Cl)c4Cl)CC3)CC2)c1,6.487911701202393,8.169763565063477,7.328837633132935
COc1ccccc1N1CCN(CCCCNC(=O)c2ccc(C)cc2)CC1,7.418456077575684,8.534900665283203,7.976678371429443
COc1ccccc1N1CCN(CCCCn2c(O)nc3ccccc32)CC1,7.876869201660156,7.942778587341309,7.909823894500732
CC1CN(c2ccc([N+](=O)[O-])cc2Cl)CCN1CC1CCN(Cc2ccc(Cl)cc2)CC1,5.631343841552734,7.59494686126709,6.613145351409912
Cc1cc2c(nc1C)CCc1cc(OCCCN3CCN(c4cccc5cccc(F)c45)CC3)ccc1-2,7.04932975769043,7.22064208984375,7.13498592376709
CCCN(CCC)C1CCc2[nH]c3c(ccc4cnc(C=CC(=O)NC)cc43)c2C1,6.519669532775879,6.66161584854126,6.590642690658569
CCCN(CCCN1CCN(c2ccc(O)cc2)CC1)C1CCc2c(O)cccc2C1,7.148405075073242,8.261619567871094,7.705012321472168
O=C(CCCN1CCC2(CC1)C(=O)N(CCc1ccccc1)Cc1ccccc1S2)NC1CCCC1,6.811392307281494,7.390512943267822,7.100952625274658
COc1ccccc1N1CCN(CCCCSc2nc3ccccc3s2)CC1,7.871157169342041,8.42541217803955,8.148284673690796
CCCN(CCC)C1CCc2c(O)cccc2C1,8.197704315185547,8.453163146972656,8.325433731079102
CCN1CCCC(c2ccccc2)C1,6.006444931030273,5.945242404937744,5.975843667984009
COc1ccccc1N1CCN(CCCCNC(=O)C=Cc2ccco2)CC1,7.549473285675049,8.867118835449219,8.208296060562134
CCCN(CCC)C1CCc2c(F)ccc(O)c2C1,7.845858573913574,8.5043306350708,8.175094604492188
COc1cccc(C(=O)NCCCCN2CCN(c3nsc4ccccc34)CC2)c1,7.184648513793945,8.444082260131836,7.814365386962891
C=[SH](O)(O)N=CC1CCC(NC(=O)CN2C(=O)COc3ccc(Cl)cc32)CC1,7.896251201629639,7.425053596496582,7.66065239906311
COc1ccc2cc(-c3cscn3)ccc2c1,4.827220439910889,5.862245559692383,5.344732999801636
O=C1CCc2ccc(OCCCCN3CCN(c4cccc(Cl)c4Cl)CC3)nc2N1,8.820858001708984,7.946710586547852,8.383784294128418
CC1CN(c2cccc(Nc3cc(NS(=O)(=O)c4ccc(-c5ccccc5)cc4)ccn3)c2)CCN1,6.2259202003479,6.359967231750488,6.292943716049194
COc1ccc(C2CC2CN2CCN(CC(O)c3ccc4c(c3)OCO4)CC2)cc1,6.001289367675781,6.602543354034424,6.3019163608551025
O=C1N(CCN2CCC(C(F)(F)F)CC2)CCN1c1ccc(C(F)(F)F)cc1,6.492274761199951,8.205252647399902,7.348763704299927
O=C(Nc1ccc([N+](=O)[O-])cc1)N1CCc2[nH]c3c(Cl)cc(Cl)cc3c2C1,7.246358871459961,5.645271301269531,6.445815086364746
COc1cc(C(=O)NCCCCN2CCN(c3cccc(Cl)c3Cl)CC2)ccc1OCC(O)CN1CCN(c2ccccn2)CC1,6.509994983673096,8.055877685546875,7.282936334609985
OC(c1ccc(Cl)cc1)(c1ccc(Cl)cc1)C12CCC(CC1)C2,7.0673017501831055,6.772145748138428,6.919723749160767
O=C1NCN(c2ccccc2)C12CCN(Cc1cnc[nH]1)CC2,7.708990097045898,7.016376495361328,7.362683296203613
COc1cc(O)c(Cl)cc1C(=O)NC1CCN(CCCOc2ccc(F)cc2)CC1OC,7.169412612915039,7.78834056854248,7.47887659072876
O=C(NCCCCN1CCN(c2cccc(Cl)c2Cl)CC1)c1cc2ccc1CCc1ccc(cc1)CC2,7.395282745361328,8.62225341796875,8.008768081665039
CCN(CCCCN1CCN(c2cccc(Cl)c2Cl)CC1)C1CCc2c(O)cccc2C1,8.20872688293457,8.947988510131836,8.578357696533203
CN(C)c1cccc2c(S(=O)(=O)N(CCN)c3cncc(-c4ccccc4)c3)cccc12,6.15385103225708,6.206817626953125,6.1803343296051025
N#Cc1c(O)nc(SCCCN2CC3CC3(c3ccc(F)cc3)C2)c2ccccc12,7.21003246307373,8.542181968688965,7.876107215881348
CN1CCN(C2Cc3ccccc3Sc3ccc(-c4nn(CCF)cc4I)cc32)CC1,8.270135879516602,7.865370750427246,8.067753314971924
O=C(c1ccc(CCN2CCN(c3ccccc3)CC2)cc1)c1ccc(N2CCCC2)cc1,5.985618114471436,6.407310485839844,6.19646430015564
CC(C)(C)c1ccc2nc(-c3n[nH]c4ccccc34)[nH]c2c1,5.459619998931885,6.107424736022949,5.783522367477417
CCCN1CCCC2Cc3n[nH]cc3CC21,7.44373893737793,7.752826690673828,7.598282814025879
CCC(=O)NC1CCC(CCN2CCN(c3cc(Cl)ccc3Cl)CC2)CC1,8.039061546325684,9.29782485961914,8.668443202972412
Oc1ccc2c(c1)CC(CNCc1ccc(Cl)cc1)O2,8.114599227905273,7.48890495300293,7.801752090454102
c1ccc(COCCCCNCC2CCc3ccccc3O2)cc1,7.927270412445068,6.428910255432129,7.178090333938599
CC(C)N1CCC(COc2ncc(C3=CCCCC3)cc2Cl)CC1,5.8613057136535645,7.451970100402832,6.656637907028198
Cc1ncoc1-c1nnc(SCCCN2CC3CC3(c3ccc(Cl)cc3)C2)n1C,7.248137474060059,8.63511848449707,7.9416279792785645
CC(=O)NC1CCc2ccc(CCN3CCN(c4nsc5ccccc45)CC3)cc21,7.416705131530762,6.034064769744873,6.725384950637817
CC(C)(C)OC(=O)NCC1CCCN(CCCC(=O)c2ccc(F)cc2)C1,7.338150978088379,6.271572113037109,6.804861545562744
COc1ccc(-c2cnc(N3CCN(CCCOc4ccc5[nH]c(O)nc5c4)CC3)nc2)cn1,6.56512451171875,6.956474304199219,6.760799407958984
O=C1NCCN1CCN1CCC(c2cn(-c3ccc(F)cc3)c3ccc(Cl)cc23)CC1,7.742376327514648,6.387310028076172,7.06484317779541
COc1ccccc1N1CCN(CCCCN2CCc3ccc(O)cc3C2=O)CC1,8.116623878479004,8.965703010559082,8.541163444519043
C[N+](C)(C)c1ccc2[nH]cc(CCNC(=O)c3cc4ccccc4[nH]3)c2c1,6.358272075653076,7.035993576049805,6.69713282585144
COc1cccc(OC)c1CN(C)CC=CCCOc1ccc2c(c1)CCC2,6.832954406738281,5.787872314453125,6.310413360595703
COc1ccc(C)c(C(=O)NC2CCN(Cc3ccc(-c4ccccc4)cc3)CC2)c1,6.554753303527832,6.530397891998291,6.5425755977630615
CN1CCN(CCCNc2cccc(-c3nc4c(C(N)=O)cccc4[nH]3)n2)CC1,5.615572929382324,6.412399291992188,6.013986110687256
O=C1N(CCCN2CCN(c3cccc(Cl)c3Cl)CC2)CCN1c1ccccc1,7.071999549865723,7.107208728790283,7.089604139328003
CCCN(CCC)C1CCc2c(ccc(O)c2O)C1,8.462950706481934,9.167142868041992,8.815046787261963
COc1ccccc1N1CCN(CCCCNC(=O)C=Cc2ccc(O)cc2)CC1,7.892439842224121,9.048818588256836,8.470629215240479
Oc1[nH]cc2ccc(OCCCN3CCN(c4cccc5c4CCCC5)CC3)cc12,8.662345886230469,7.776519298553467,8.219432592391968
CC(C)(C)CCN1CCC(CNC(=O)c2c3ncc(Br)cc3[nH]2)CC1,,,
CCOc1ccccc1N1CCN(CCCCNC(=O)c2cc3ccccc3o2)CC1,7.028528213500977,8.812149047851562,7.9203386306762695
O=C(CCCCCN1CCC2C(C1)c1cccc3c1N2CCS3)c1ccc(F)cc1,7.959259986877441,7.0492777824401855,7.5042688846588135
O=C1CC2(CCCC2)CC(=O)N1CCN1CCN(c2cc(Cl)ccc2Cl)CC1,7.122228622436523,8.30682373046875,7.714526176452637
CC(C)Oc1ccccc1N1CCN(Cc2ccc(CN3CCCCC3=O)n2C)CC1,8.190450668334961,6.869895935058594,7.530173301696777
CNC(=O)c1cccc(COc2ccc3c(C)c(C)c(=O)oc3c2)c1,6.207653999328613,5.334715843200684,5.771184921264648
Oc1cccc(CN2CCC(CCOc3cccc4[nH]c(CF)nc34)CC2)c1,7.379353523254394,7.493391990661621,7.436372756958008
COc1ccccc1N1CCN(CCC=CCNC(=O)c2cc3cccnc3s2)CC1,7.442666530609131,7.667064666748047,7.554865598678589
CCCN1CCC(COc2n[nH]c3ncccc23)CC1,6.19970703125,6.6970624923706055,6.448384761810303
Oc1[nH]cc2ccc(OCCCN3CCN(c4cccc5c4COC5)CC3)c(Cl)c12,7.331870079040527,7.993087768554687,7.662478923797607
CNC1CC2OC(C)(C1OC)n1c3ccccc3c3c4c(c5c6ccccc6n2c5c31)C(=O)NC4,5.162354469299316,5.812831878662109,5.487593173980713
CN(C)CCc1cn(CC2CCC(COC(=O)c3ccc(F)cc3F)CC2)nn1,5.897919178009033,6.347152233123779,6.122535705566406
CC1=CC(=O)N(Nc2nc(-c3cccs3)nc3scc(-c4cccc(OCCN5CCCCC5)c4)c23)C1=O,5.595128059387207,5.771244049072266,5.683186054229736
OC1(c2ccc(Br)cc2)CC2CCC(C1)N2Cc1coc2ccccc12,8.125388145446777,8.381101608276367,8.253244876861572
Cc1ccn2c(C3CCCN3S(=O)(=O)c3ccc(C(F)(F)F)cc3)nc(CN3CCC(O)CC3)c2c1,6.2735772132873535,6.559798717498779,6.416687965393066
O=C(NC1CCC2(O)C3Cc4ccc(O)c5c4C2(CCN3CC2CC2)C1O5)c1ccc(I)cc1,8.87785530090332,8.951308250427246,8.914581775665283
CCCN(CCN1CCN(c2cccc3c2OC(C)(C)C3)CC1)C1CCc2nc(N)sc2C1,7.473075866699219,8.497862815856934,7.985469341278076
Cc1ccc(C2CC2CN)c(C)c1,5.963943004608154,6.790311813354492,6.377127408981323
COC(=O)C1C(C)=NC(=CN2CCN(c3ccccc3)CC2)C1c1cccc(OC(F)F)c1,5.011868953704834,5.883773326873779,5.447821140289307
O=C1N(CCN2CCC(C(=O)c3ccc(Cl)cc3)CC2)CCN1c1ccc(-c2ccccc2)cc1,6.833424091339111,7.135884761810303,6.984654426574707
COC(=O)C1C2CC3CCC1N3CC2=Cc1ccc(-c2ccc3ccccc3c2)cc1,5.687737464904785,6.570990085601807,6.129363775253296
O=C(CCCN1CCC2(CC1)C(=O)NCN2c1ccccc1)c1ccc(F)cc1,9.175222396850586,8.254637718200684,8.714930057525635
Cn1cc(C2CCN(Cc3ccc4c(c3)OCCCO4)CC2)c2ccccc21,7.745058059692383,5.28468656539917,6.514872312545776
COc1ccccc1N1CCN(CCCCNC(=O)C=Cc2cccc3c2OCCO3)CC1,7.908834934234619,8.812484741210938,8.360659837722778
CCCN(CC1CC1)C1CCc2c(O)cccc2C1,7.567112445831299,9.21287727355957,8.389994859695435
COc1ccccc1N1CCN(CCCc2ccc3nc(O)[nH]c3c2)CC1,8.341384887695312,7.127443313598633,7.734414100646973
Cc1ccc2c(-c3nnc(SCCC4CCCCC4)n3C)cccc2n1,6.355069637298584,6.961427211761475,6.658248424530029
COc1cccc(C(=O)NCCCCN2CCN(c3cccc(Cl)c3Cl)CC2)c1,7.145890235900879,9.06395435333252,8.1049222946167
CN1CCc2c(sc3ncn(CCN4CCN(c5cccc6nc(-c7ccccc7)[nH]c56)CC4)c(=O)c23)C1,7.59645938873291,7.149124622344971,7.37279200553894
COc1ccccc1N1CCN(CCc2ccc(CN3CCCCCC3=O)n2C(=O)NC2CCCC2)CC1,8.256217956542969,7.229338645935059,7.742778301239014
CN(C)C1CCc2ccc3[nH]ccc3c2C1,7.721630096435547,6.529952526092529,7.125791311264038
CN(C)CCOc1ccc(-c2cnc3cccc(-c4ccc(Cl)cc4)c3n2)cc1,5.627053737640381,6.950740814208984,6.288897275924683
COc1cccc(C(=O)Nc2ccc(-c3nc4cc(C)c(C)cc4[nH]3)cc2)c1,5.718600749969482,5.033171653747559,5.3758862018585205
O=C(Nc1cccc2ncccc12)OCCc1ccccc1,7.069802284240723,5.641809940338135,6.355806112289429
O=C(NC1CCCc2cc(CCN3CCN(c4nsc5ccccc45)CC3)ccc21)C1CC1,7.113940238952637,7.1694817543029785,7.141710996627808
COc1ccccc1N1CCN(CCC2CCC(NC(=O)COc3ccccc3)CC2)CC1,7.641396999359131,7.604062080383301,7.622729539871216
O=C(NCCCCCNC(=O)NC1CCC(O)CC1)c1cccs1,7.443683624267578,7.172430992126465,7.3080573081970215
NS(=O)(=O)Nc1ccc(CCNC(=O)C2CCN(C(=O)c3ccc4c(c3)CCC4)CC2)cc1,7.525352478027344,7.285427570343018,7.405390024185181
COc1ccccc1N1CCN(CCCCNC(=O)c2ccc3c(c2)-c2ccc(F)c(Cl)c2C3)CC1,7.534741401672363,8.691974639892578,8.11335802078247
CN(C)C(=O)c1cccc(NC(=O)C2CC3CCC2(C)C3(F)F)c1,5.9235029220581055,7.5773491859436035,6.7504260540008545
COc1ccc(CCCCNCCOc2ccc(O)cc2)cc1,8.04664134979248,7.276407718658447,7.661524534225464
COc1ccccc1N1CCN(CCCCNC(=O)c2cc3cc(OCCOCCOCCn4cc(Cl)cn4)ccc3[nH]2)CC1,7.382565021514893,8.539826393127441,7.961195707321167
COc1ccccc1N1CCN(Cc2nc(N)nc(N3CCCC3)n2)CC1,7.080564498901367,5.330106735229492,6.20533561706543
CC(C)Oc1ccc(-c2nc3c(F)cc(F)cc3n2CC2CCCN2C)cc1,6.451014041900635,6.731399059295654,6.5912065505981445
CCCN(CCCCN1CCN(c2cccc(Cl)c2Cl)CC1)C1CCc2ccc(OS(=O)(=O)C(F)(F)F)cc2C1,7.498467445373535,8.05081558227539,7.774641513824463
O=C(CCCN1C2CCC1c1cc(Br)ccc12)c1ccc(F)cc1,6.957067966461182,8.086709976196289,7.521888971328735
CN1CCCCC1CNC(=O)c1c(O)c(I)cc(I)c1Cl,8.225126266479492,9.14943504333496,8.687280654907227
NC1CCC(c2c[nH]c3cc(NC(=O)CCCCCCC(=O)Nc4ccc5occc5c4)ccc23)CC1,6.276603698730469,5.683355331420898,5.979979515075684
CCOC(=O)C1C(=N)n2c(sc(=Cc3cccs3)c2=O)=C(C(N)=O)C1c1cccs1,5.241603851318359,5.154909610748291,5.198256731033325
COc1ccccc1N1CCN(CCCCNC(=O)C=Cc2cccc(Cl)c2)CC1,7.378956317901611,9.105145454406738,8.242050886154175
O=C1CC2(CCCC2)CC(=O)N1CCCCN1CCN(c2ccc(F)cc2)CC1,6.353456974029541,8.096202850341797,7.224829912185669
COc1cccc(C(=O)NC2CCC(Nc3nc(Cl)cc(-c4c[nH]c5ncccc45)n3)CC2)c1,6.670360088348389,6.575594425201416,6.622977256774902
COc1cccc2c1CCCC2CN(CCCF)CCc1c[nH]c2ccc(OC)cc12,7.082038879394531,7.206193923950195,7.144116401672363
Cc1cc(OCCCN2CCc3ccccc3CC2)nc2ccc(Cl)cc12,7.127931594848633,7.721220970153809,7.424576282501221
CC(C)Oc1ccccc1N1CCN(CCCCNC(=O)c2ccc(F)cc2)CC1,7.949737071990967,8.69124698638916,8.320492029190063
COc1ccccc1CN1CCN(Cc2cc3ccccc3o2)CC1,5.691108226776123,5.626699924468994,5.658904075622559
COc1ccccc1N1CCN(CCCCNC(=O)c2ccc(Cl)cc2)CC1,7.439041614532471,8.88364028930664,8.161340951919556
CCCN(CCC)C1CCc2c(O)cccc2C1,8.197704315185547,8.453038215637207,8.325371265411377
Cc1cnc(CN2CCC(n3nccc3NC(=O)Cc3ccc(F)cc3)CC2)cn1,5.262718200683594,5.286847114562988,5.274782657623291
CN1CCCC1Cn1nc(Cc2ccc(Cl)cc2)c2ccccc2c1=O,6.43051290512085,6.615733623504639,6.523123264312744
CCCN(CCC)C1CCc2c(O)cccc2C1,8.197704315185547,8.453038215637207,8.325371265411377
O=C(NCCCCN1CCN(c2cccc(Cl)c2Cl)CC1)c1cc2cc(O)ccc2[nH]1,7.562704086303711,9.624122619628906,8.593413352966309
CCCN1CCc2[nH]c(C(=O)NC3CCC(CC)CC3)cc2C1,6.349564552307129,8.108863830566406,7.229214191436768
O=C(NCCCCN1CCN(c2nsc3ccccc23)CC1)c1cc2ccccc2[nH]1,7.502806663513184,8.942609786987305,8.222708225250244
CCCN(CCN1CCN(c2ccncc2)CC1)C1CCc2n[nH]c(=O)cc2C1,6.199106216430664,7.358859062194824,6.778982639312744
CCCCN1CCCC1CNC(=O)c1c(O)cccc1OC,6.385777950286865,7.931190490722656,7.158484220504761
COc1ccccc1N1CCN(CCCCNC(=O)c2ccc(OCCOc3cccc(C(=O)NCCN4CCC(O)(c5ccc(F)cc5)CC4)c3)cc2)CC1,7.145063400268555,7.88375186920166,7.514407634735107
CC(C)(C)c1nc(N2CCN(CCCCc3c[nH]c4ccc(-n5cnnc5)cc34)CC2)cc(C(F)(F)F)n1,6.863048553466797,7.74125862121582,7.302153587341309
CCc1cccc(CC)c1NC(=O)N1CCN(CCCC(c2ccc(NC(=O)C(C)C)cc2)c2ccccn2)CC1,6.779154300689697,6.731629371643066,6.755391836166382
Cc1ncoc1-c1nnc(SCCCN2CC3CC3(c3ccc(Cl)c(Cl)c3)C2)n1C,7.137609958648682,8.815155029296875,7.976382493972778
COc1c(Cl)ccc2c1C(CCN1CCN(c3ccc(C(F)(F)F)cc3)CC1)CC2,5.9507904052734375,6.419867515563965,6.185328960418701
O=C(NCCCCN1CCN(c2cccc(Cl)c2Cl)CC1)c1ccc(Cl)cc1,7.292535305023193,8.955621719360352,8.124078512191772
CNc1ncnc2cnc(-c3ccc(F)cc3)cc12,6.119577884674072,5.199208736419678,5.659393310546875
COc1ccccc1N1CCN(CCCCNC(=O)c2ccc(-c3ccccn3)cc2)CC1,7.073938846588135,8.78824234008789,7.931090593338013
COc1ccccc1N1CCN(CCCCc2ccc(-c3cccc4ccccc34)n2C)CC1,7.346470832824707,7.213403701782227,7.279937267303467
CCCN(CCN1CCN(c2ccnc3ccccc23)CC1)C1CCc2ccc(O)cc2C1,7.621154308319092,8.850150108337402,8.235652208328247
O=C(NCCN1CCN(c2cccc(Cl)c2Cl)CC1)c1ccc(O)cc1,7.689933776855469,7.983768463134766,7.836851119995117
Cc1cc(C(C)(C)C)c(O)c(C)c1CC1=NCCN1,5.649070739746094,7.066660404205322,6.357865571975708
CC(NC(=O)c1ccc(-c2cccc3cn[nH]c23)cc1)C1CN(C(=O)OC2CCCC2)CC1,6.215446949005127,6.160690784454346,6.188068866729736
CCNC(=O)NC1CCC(Nc2nc(Cl)cc(-c3c[nH]c4ncccc34)n2)CC1,7.679299831390381,7.403705596923828,7.5415027141571045
Cc1cccc(CN2CCC3OCCc4c([nH]c5ccccc45)CN3C2=O)c1,6.808871269226074,5.914159297943115,6.361515283584595
Cc1ccc(C2CC(c3ccc(F)cc3)=NN2C(=N)N)cc1,6.0770111083984375,5.011932849884033,5.544471979141235
Oc1ccc(CCCCN2CCN(c3ccccc3Cl)CC2)cc1,8.372669219970703,8.076051712036133,8.224360466003418
CC(C)(C)c1ccc(OCCCN2CCC(C(O)(c3ccccc3)c3ccccc3)CC2)cc1,6.92475700378418,7.317023277282715,7.120890140533447
COC(=O)C1C(C)=NC(SCC(=O)Nc2ccc(OC)cc2)=C(C#N)C1c1ccc(OC)cc1,5.413053035736084,3.990751266479492,4.701902151107788
CCCCCN(C(=O)CCCC)c1ccc2c(c1)OCCO2,7.344337940216064,5.047338008880615,6.19583797454834
O=C(NCC(c1ccccc1)N1CCN(CCCc2c[nH]c3ccc(-n4cnnc4)cc23)CC1)c1cccnc1,6.354602336883545,6.125914573669434,6.240258455276489
CC(C)(Cc1ccc2ccccc2c1)NCC(O)COc1cccc(Cl)c1NS(=O)(=O)c1ccc(I)cc1,6.651023864746094,6.416749000549316,6.533886432647705
CC1(C)NC(=O)N(CCN2CCN(c3cc(C(F)(F)F)nc(C(C)(C)C)n3)CC2)C1=O,6.645867347717285,9.067534446716309,7.856700897216797
CC(C)CCN1CCN(c2cccc(Cl)c2Cl)CC1,7.914420127868652,7.719753265380859,7.817086696624756
CCN(CCCCCCN=C1CC(=O)C(=NCCN(C)C)CC2(C)C)CCC12,4.926889419555664,5.508062839508057,5.21747612953186
CC(C)(C)COC(=O)NC(Cc1ccccc1)C(=O)N1CCC2(CC1)Cc1cc([N+](=O)[O-])ccc1O2,6.323235988616943,5.3833770751953125,5.853306531906128
CC1CN(CCCc2ccncc2)CCN1C(=O)C1CCC(N)Cc2ccccc21,5.929681301116943,6.242798805236816,6.08624005317688
CCn1ncc(-c2ccc(C)c(S(=O)(=O)N3CCN(C4CCCCC4)CC3)c2)c1C,6.763669967651367,6.337852478027344,6.5507612228393555
COc1ccc(F)cc1OCCNCC1COc2ccccc2O1,7.883634090423584,7.76340389251709,7.823518991470337
CCCN1CN(c2ccc(Cl)cc2)S(=O)(=O)c2cccc(C(=O)NCCCN3CCC(c4ccccc4Br)CC3)c21,7.144017219543457,6.047057151794434,6.595537185668945
O=C(CCCN1CCN(c2cc(C(F)(F)F)nc(C(F)(F)F)n2)CC1)c1ccc(F)cc1,7.489084243774414,7.339693546295166,7.41438889503479
CN(C1CCCCC1)S(=O)(=O)NCCC(=O)Nc1ccccn1,6.548320293426514,6.235043525695801,6.391681909561157
O=S(=O)(NC1CCC(CCN2CCN(c3c(Cl)cccc3Cl)CC2)CC1)c1cc2ccc(Cl)cc2s1,7.677576065063477,8.804821014404297,8.241198539733887
Oc1ccc2c(c1)OC(CNCCCN1CCN(c3cccc(Cl)c3Cl)CC1)CC2,9.14795970916748,8.325576782226562,8.736768245697021
Cc1nc(C(=O)NC2CCN(CCCc3c[nH]c4ccc(OC(F)(F)F)cc34)CC2)c(-c2ccccc2)s1,6.525872230529785,6.710551261901856,6.61821174621582
CCCN(CCC)C1CCc2cccc(O)c2C1,7.518751621246338,8.177104949951172,7.847928285598755
CC(N)Cc1c[nH]c2ccc(O)cc12,6.163337230682373,5.566805839538574,5.865071535110474
O=C1NC(=O)N(CCC2CCN(CC3CC3c3cccc(C(F)(F)F)c3)CC2)C(=O)C1=NCCCN1CCCCC1,6.52273416519165,7.402519226074219,6.962626695632935
Cc1ncoc1-c1nnc(SCCCN2CC3CC3(c3ccc(Cl)c(Cl)c3)C2)n1C,7.137609958648682,8.815154075622559,7.97638201713562
O=c1c2cc(F)c(F)cc2n(CCCN2CCC(c3noc4cc(F)ccc34)CC2)c2sccc12,7.530504703521728,6.694902420043945,7.112703561782837
O=C(Nc1ccccc1N1CCN(CCCCNc2ccc3c(c2)-c2ccc(Cl)cc2C3=O)CC1)c1ccc(F)cc1,7.389090538024902,7.571346282958984,7.480218410491943
CSc1nc(N)nc(N)c1C#N,6.990516662597656,5.358609676361084,6.17456316947937
COc1cccc2c1C1CCCN(CCCCNC(=O)c3ccc4ccccc4c3)C1C2,6.450604438781738,8.015312194824219,7.2329583168029785
CCCN1CCCC2Cc3n[nH]cc3CC21,7.44373893737793,7.752826690673828,7.598282814025879
CN(CCOc1ccccc1)CC1CCCN1C(=O)c1ccccc1Cl,6.793779373168945,6.9867987632751465,6.890289068222046
COc1cc(N2CCN(C(C)C)CC2)ccc1Nc1nc(Nc2ccc(F)cc2C(=O)NCC(O)CO)c2cc[nH]c2n1,5.679433345794678,5.858771324157715,5.769102334976196
COc1ccc(CC2NCCc3c2[nH]c2c(Br)ccc(OC)c32)cc1,6.03933572769165,6.09004020690918,6.064687967300415
O=C1CC(c2cccc(Cl)c2)Cc2nc3cc(Cl)cc(Cl)c3c(O)c21,6.208706378936768,5.72219705581665,5.965451717376709
COc1ccc(CCCCN(C)CCCCCCN(C)CCc2c[nH]c3ccccc23)cc1,6.037434577941895,6.670878887176514,6.354156732559204
COc1ccccc1N1CCN(CCNC(=O)c2cc3c(s2)CCCc2ccc(F)cc2-3)CC1,7.669784069061279,7.200705528259277,7.435244798660278
Cc1ccc(C2CCN(CC(O)COc3cccc4[nH]c5ccccc5c34)CC2)cc1C,6.3926544189453125,5.7850751876831055,6.088864803314209
CCCN1CCCCC1CCn1nc(Cc2ccc(Cl)cc2Cl)c2ccccc2c1=O,6.681177139282227,7.073938369750977,6.877557754516602
CCCN1CCCCCC1CNC(=O)c1c(Cl)cccc1-n1cnnn1,7.039019584655762,6.476598739624023,6.757809162139893
CN(C)C(=O)Oc1cccc(CN2CCN(c3ccccc3Oc3ccccc3)CC2)c1,6.789886474609375,5.757872104644775,6.273879289627075
CCCN(CCC)C1CCc2c(c3ccccc3n2C)C1,6.4896159172058105,7.201064109802246,6.845340013504028
C=S(O)c1ccc2[nH]cc(CCN(C)C)c2c1,6.742892742156982,6.38364839553833,6.563270568847656
N#Cc1cccc2[nH]c(C(=O)NC3CCN(Cc4ccccc4)CC3)cc12,6.613415718078613,7.169008255004883,6.891211986541748
O=C(CCCCN1CCC2C(C1)c1cccc3c1N2CCN3c1ccccc1)c1ccc(F)cc1,7.654346466064453,6.911290645599365,7.282818555831909
CCCN(CCN1CCN(c2ccccc2)CC1)C1CCc2c(O)cccc2C1,7.368458271026611,8.235482215881348,7.8019702434539795
O=C1N(CCN2CCN(c3ccc(Cl)c(Cl)c3)CC2)CCN1c1ccccn1,5.683330535888672,6.390142917633057,6.036736726760864
COc1ccccc1N1CCN(CCn2c(=O)[nH]c3cc(S(C)(=O)=O)ccc3c2=O)CC1,7.259628295898437,7.453620910644531,7.356624603271484
CN1CCCCC1CNc1ncnc2ccc(-c3ccccc3)cc12,6.706015110015869,6.244799137115479,6.475407123565674
COc1ccccc1N1CCN(CCCCCNC(=O)C=Cc2ccc(C(C)(C)C)cc2)CC1,7.143702507019043,7.580451965332031,7.362077236175537
O=C1CCc2ccc(C(O)CCCCCN3CCC(c4noc5cc(F)ccc45)CC3)cc2N1,7.443441390991211,6.714434623718262,7.078938007354736
O=C1NCN(c2ccccc2)C12CCN(C1CCCc3ccccc31)CC2,6.901721000671387,7.447587013244629,7.174654006958008
N#Cc1ccc2[nH]c(NCCCNCc3ccc(Cl)c([N+](=O)[O-])c3)nc2c1,7.909433841705322,6.701400279998779,7.305417060852051
Cn1ccc2ccc(C(=O)Nc3nc4ccc(C(F)(F)F)cc4s3)cc21,6.365664005279541,5.305613994598389,5.835638999938965
Clc1ccc(-n2ncc3c(N4CCC(Cc5ccccn5)CC4)ncnc32)cc1,6.101754665374756,5.923385620117188,6.012570142745972
CCCN1CCCC1CNC(=O)c1cc(Br)cc2c1OCC2,7.623762130737305,8.421064376831055,8.02241325378418
CN1CCc2nc(C#Cc3ccccc3)cc3c2C1Cc1ccc(O)c(I)c1-3,6.208646297454834,7.208643436431885,6.708644866943359
O=C(NCc1ccccc1)C1CCN(CC(O)c2ccc(F)cc2)CC1,5.7064080238342285,6.083652019500732,5.8950300216674805
O=C(c1cc(CCCCN2CCN(c3ccccc3)CC2)ccc1F)N1CCCC1,6.896255016326904,7.154270172119141,7.0252625942230225
O=C1CCc2cc(CN3CCN(c4nsc5ccccc45)CC3)ccc2N1,8.343612670898438,6.739603519439697,7.541608095169067
CCCN(CCN1CCN(c2cnn(-c3ccccc3)c2C)CC1)C1CCc2c(O)cccc2C1,7.152615547180176,8.359737396240234,7.756176471710205
Cc1ccc2c(-c3nnc(SCCCN4CCc5cc6nc(C(F)(F)F)oc6c(C)c5CC4)n3C)cccc2n1,6.329035758972168,7.628457069396973,6.97874641418457
CC(C)n1c(=O)n(C)c(=O)c2c(SCCCN3CCN(c4ccc([N+](=O)[O-])cc4)CC3)cccc21,6.273488998413086,7.70564079284668,6.989564895629883
CC(CO)N=C(N)c1c(O)nsc1Nc1ccc(N(C)C)cc1,5.778477191925049,5.867828845977783,5.823153018951416
COc1nc(NCCCN2CCN(c3ccccn3)CC2)ncc1Br,6.341753482818604,5.407113075256348,5.874433279037476
CCCN1CCCC1CNC(=O)c1c(O)oc2ccc(F)cc12,6.591046333312988,8.201948165893555,7.3964972496032715
COc1ccc2[nH]cc(CCN)c2c1,5.983126163482666,5.595016956329346,5.789071559906006
Cc1ccc2nc(Cl)cc(Oc3ccc(NC(=O)C4(Co5ccccc5)CCN(Cc5ccccc5)CC4)cc3)c2c1,,,
Cc1onc(-c2ccccc2Cl)c1C(=O)NCC1(N2CCN(c3ccccc3O)CC2)CCCCC1,6.906729698181152,6.650395393371582,6.778562545776367
COc1cc(CCNCc2ccc(F)cc2)cc(OC)c1OS(N)(=O)=O,7.231485843658447,8.344433784484863,7.787959814071655
COc1ccccc1N1CCN(CCCCc2cc(-c3ccccc3)no2)CC1,6.7621588706970215,7.938672065734863,7.350415468215942
CNCCC(c1ccccc1)C(Cc1ccccc1)NC(=O)c1cc(C(=O)NC)c2ccccc2n1,6.278205871582031,6.682826519012451,6.480516195297241
Cc1cc(OCCCc2c[nH]c3ccc(C(=O)NC(CCC(=O)O)C(=O)O)cc23)cc(C)c1Cl,7.539746284484863,4.845938205718994,6.192842245101929
CCCN(CCC)C1CCc2c(cccc2-c2ccccc2)C1,7.303905487060547,7.553224563598633,7.42856502532959
O=C1CCc2ccc(OCCCCN3CCN(c4cccc(Cl)c4Cl)CC3)nc2N1,8.820858001708984,7.946710586547852,8.383784294128418
O=C(CC1CCN(CC2CC2)CC1)c1c[nH]c2ccccc12,5.789005279541016,7.575357437133789,6.682181358337402
N#Cc1ccc(N2CCN(CCCCN3CCN(c4cccc(Cl)c4Cl)CC3)CC2)cc1,7.10290002822876,8.143375396728516,7.623137712478638
COc1ccccc1N1CCN(CCN(C(=O)c2ccc(F)cc2)c2ccccn2)CC1,7.015355110168457,6.475208759307861,6.745281934738159
COc1cc(N)c(Cl)cc1C(=O)NC1CCN(CC2CN(C(C)=O)CC2c2ccccc2)CC1OC,7.143738269805908,6.516578197479248,6.830158233642578
COc1ccccc1N1CCN(CCCCNc2c(C(=O)N(C)C)cccc2C(F)(F)F)CC1,7.776978969573975,7.845517158508301,7.811248064041138
Cn1cc(-c2ccc3n[nH]c(C(=O)Nc4cccc(F)c4)c3c2)cn1,5.847440719604492,5.70282793045044,5.775134325027466
N#Cc1ccc(Cl)cc1N1CCN(CCCCN=C2C(=O)N(CC(=O)NCc3ccccc3)C2=O)CC1,6.599607944488525,7.11074161529541,6.855174779891968
CC(C)Oc1ccccc1N1CCN(Cc2ccc(CN3CCCCCC3=O)n2C)CC1,8.326491355895996,6.791319370269775,7.558905363082886
CCCN(CCO)C1CCc2cc(OC)c(O)cc2C1,6.618886947631836,6.912881851196289,6.7658843994140625
CCCN(CCN1CCN(c2ccc3cc[nH]c3n2)CC1)C1CCc2ccc(O)cc2C1,7.214432239532471,8.382644653320312,7.798538446426392
O=C1N(CCN2CCCCC2)CCN1c1cccc(Cl)c1,8.017598152160645,7.759330749511719,7.888464450836182
COc1ccc(Cl)cc1S(=O)(=O)NC1CCC(N2CCN(c3ccccc3OC(C)C)CC2)CC1,7.500353813171387,8.553982734680176,8.027168273925781
CC(C)Oc1ccccc1N1CCN(Cc2ccc(CN3CCCCCC3=O)n2C)CC1,8.326491355895996,6.791319370269775,7.558905363082886
CCCN1CCc2cc(Cl)cc3c2C1Cc1ccc(O)c(O)c1-3,8.431827545166016,8.538002014160156,8.484914779663086
COc1cc2c(cc1OC)CN(Cc1ccc(OC)c3oc(-c4ccccc4OC)cc13)CC2,5.23037576675415,5.717245101928711,5.473810434341431
CCNc1nc(C)c(-c2ccnc(Nc3ccc(N4CCN(C(C)=O)CC4)cc3)n2)s1,5.792417526245117,4.694374084472656,5.243395805358887
O=C(NCCCCN1CCN(c2nsc3ccccc23)CC1)c1cccc(Cl)c1,7.480629444122314,8.688934326171875,8.084781885147095
C=CCN1CCC2c3c(cccc3OC)CCC21,7.503861427307129,6.634269714355469,7.069065570831299
CCc1nc(-c2ccc(OC)cc2)[nH]c1C,6.136463165283203,6.467205047607422,6.3018341064453125
Cc1ccc(N2CCN(CCCCOc3ccc4c(c3)-c3nc4ccccc4n3C)CC2)c(C)c1,,,
O=C(C=Cc1ccc(Cl)cc1)Nc1ccc2c(c1)CCC2,6.520430088043213,5.8717427253723145,6.196086406707764
O=C1CCc2ccc(OCCCN3CCN(c4cccc(Cl)c4Cl)CC3)nc2N1,8.356881141662598,7.715897560119629,8.036389350891113
O=C1CCc2cc(OCCCCN3CCN(c4cccc(Cl)c4Cl)CC3)cc3c2N1CCC3,7.704777717590332,7.97831916809082,7.841548442840576
CCCN(CCN1CCN(c2cccc(Cl)c2Cl)CC1)C1CCc2c(O)cccc2C1,7.985080718994141,8.794381141662598,8.38973093032837
Cc1cc(C)sc1CC(=O)NCC1COc2ccccc2O1,6.8655314445495605,4.854607582092285,5.860069513320923
COc1ccc(C(CN(C)C)c2ccccc2)cc1,5.420767307281494,5.904841423034668,5.662804365158081
CCCN(CCC1CCC(NS(=O)(=O)c2ccc(Cl)c(Cl)c2)CC1)C1CCc2nc(N)sc2C1,7.550336837768555,9.299156188964844,8.4247465133667
COc1ccccc1N1CCN(CCCSc2nc(C)c3ccccc3n2)CC1,7.452212333679199,7.750729084014893,7.601470708847046
CN1CCN(C2=Cn3cccc3Sc3ccc(OS(=O)(=O)C(F)(F)F)cc32)CC1,6.703254222869873,7.442517280578613,7.072885751724243
CCCN(CCC)C1CCc2ccc(F)cc2C1,7.238454341888428,7.36865234375,7.303553342819214
Clc1cccc(N2CCN(CCCCNc3ccc(-c4nc5ccccc5[nH]4)cn3)CC2)c1,7.584255218505859,7.436155319213867,7.510205268859863
Cc1coc2c1C(=O)CCCN2CCCN1CCC(c2noc3cc(F)ccc23)CC1,6.991370677947998,6.682424068450928,6.836897373199463
CCc1nc(Cl)c2n1CCN(C(C(=O)NC)c1ccccc1)C2CCc1ccc(C(F)(F)F)cc1,6.627365112304688,6.816910743713379,6.722137928009033
COc1ccccc1N1CCN(CCCCNC(=O)c2cc(-c3cccs3)nc3ccccc23)CC1,6.786862373352051,8.484142303466797,7.635502338409424
Oc1cccc(OCCNCc2ccccc2)c1,7.586023330688477,7.88867712020874,7.737350225448608
CC(C)CN1C(=O)CCCC1CN(c1ccc(F)cc1)c1ccc(F)cn1,8.070024490356445,6.166522026062012,7.1182732582092285
CNC1CCC(c2c[nH]c3ccc(OS(=O)(=O)C(F)(F)F)cc23)CC1,6.797307014465332,6.530173301696777,6.663740158081055
CCN(CC)CCCCN1c2ccccc2Oc2ccc(Cl)cc21,7.1043477058410645,7.010074615478516,7.05721116065979
CC(C)CN1CCC(COC(=O)c2cc(C(F)(F)F)cc(C(F)(F)F)c2)(c2ccccc2)CC1,6.067355155944824,6.344233989715576,6.2057945728302
COc1ccc(C(=O)NCCCCN2CCN(c3cccc(Cl)c3Cl)CC2)cc1,7.305386543273926,9.147647857666016,8.22651720046997
CC1CCCN(CCCNC(=O)c2ccc(Br)o2)C1,5.558121681213379,5.875813484191895,5.716967582702637
COc1cccc(C(=O)NCCCCN2CCN(c3cccc(Cl)c3Cl)CC2)c1,7.145890235900879,9.063955307006836,8.104922771453857
CCOc1ccccc1N1CCN(CCCOc2ccc3c(c2)NC(=O)CC3)CC1,8.571512222290039,7.881255149841309,8.226383686065674
CCCN(CCC)C1CCc2c(O)cccc2C1,8.197704315185547,8.453039169311523,8.325371742248535
Fc1ccc(-c2nnc(CCCN3CCN(c4ccccc4)CC3)o2)cc1,5.970870494842529,6.883397579193115,6.427134037017822
O=C(NCCCn1ccnc1)c1ccc2nc(-c3ccc(Cl)c(Cl)c3)c(-c3ccc(Cl)cc3)nc2c1,4.875364303588867,6.089555740356445,5.482460021972656
Cc1noc(C)c1S(=O)(=O)NCCCN1CCC(c2noc3cc(F)ccc23)CC1,7.567758560180664,7.808542251586914,7.688150405883789
CN1CCN(C2Cn3cccc3Sc3ccc(Br)cc32)CC1,8.921730995178223,8.506511688232422,8.714121341705322
CCCN(CCC)C1CCc2ccc(O)cc2C1,7.70214319229126,8.176800727844238,7.939471960067749
Fc1ccc(-n2cc(C3CCN(CC4COc5c(cccc5O4)C4CC4)CC3)cn2)cc1,7.59047794342041,6.513559341430664,7.052018642425537
CC(C)NC1=NN(c2ccc(C(=O)O)cc2)C(=O)C1=Cc1ccco1,4.849153518676758,4.737744331359863,4.7934489250183105
Cc1ccc2c(CC(=O)N3CCC4(CC3)CN(Cc3cccc(OC(F)F)c3)CC4)c[nH]c2n1,5.411977767944336,6.335226058959961,5.873601913452148
N#Cc1cc2c(nc1SCC(=O)N1CCCCC1)CCCC2,7.378100395202637,5.274011611938477,6.326056003570557
CN(C)C(=O)Cc1ccc2c(c1)Cc1c(-c3ccc(NC(=O)CCCCCCCC(=O)NO)cc3)n[nH]c1-2,6.492056369781494,4.642236709594727,5.56714653968811
CCCN(CCCCN1CCN(c2cccc(Cl)c2Cl)CC1)C1CCc2c(O)cccc2C1,8.297713279724121,9.064861297607422,8.681287288665771
CC(NC(=O)c1ccc(Cl)c(Cl)c1)C(=O)N1CCCCC1,6.085028648376465,6.7429399490356445,6.413984298706055
CCCN(CCN1CCN(c2cnc3ccccc3n2)CC1)C1CCc2c(O)cccc2C1,7.026515007019043,8.64181137084961,7.834163188934326
CN1CCN(C2Cn3cc(cc4ccccc43)C3=C(C(=O)NC3=O)c3cn(c4ccccc34)CCO2)CC1,,,
COc1ccccc1N1CCN(CCCCNC(=O)N2Cc3ccccc3C2)CC1,6.62893533706665,6.9499053955078125,6.7894203662872314
COc1cccc2c1C(C)(C)CC2NC(=O)c1c(-c2ccccc2)noc1C,5.854686260223389,6.37917423248291,6.116930246353149
CC(C)c1cnc(N2CCN(CC(=O)Nc3ccc4c(c3)C(=O)N(C)CCC4)CC2)nc1,6.024693012237549,5.422759532928467,5.723726272583008
CN1CCN(C2Cn3cccc3Sc3ccc(Cl)cc32)CC1,8.645715713500977,8.372459411621094,8.509087562561035
Cc1cc(OCC2CN(C)c3ccccc3O2)ccc1N,7.486342906951904,5.846701622009277,6.666522264480591
CCCN(CCc1ccccc1)C1CCc2c(O)cccc2C1,8.200567245483398,8.143577575683594,8.172072410583496
CCCN1CC2(CCN(C(=O)NCc3ccc(OC)nc3)CC2)OC1=O,6.398223876953125,4.469114303588867,5.433669090270996
Clc1c(CN2CCN(c3ncccn3)CC2)nc(-c2ccncc2)c1Cl,,,
CCN(CCO)CCCN1c2ccccc2Oc2ccc(Cl)cc21,6.550503253936768,6.555952072143555,6.553227663040161
CN1CCN(C2=Nc3cc(Cl)ccc3Nc3ccccc32)CC1,6.543483257293701,7.039328098297119,6.79140567779541
CN1C2CCC1CC(NC(=O)c1ccc3nc4ccccc4c(=O)n3c1)C2,5.871489524841309,7.088401317596436,6.479945421218872
CCCN1CCCC1CNC(=O)c1c(OC)ccc(Cl)c1Cl,7.3582000732421875,8.502485275268555,7.930342674255371
COc1ccccc1N1CCN(CCCCNC(=O)c2cccc(-c3ccncc3)c2)CC1,7.091638088226318,8.218570709228516,7.655104398727417
CC1CCCCN1CCCNC(=O)c1ccc2nc(O)c3c(c2c1)CCC3,6.651210308074951,7.321242809295654,6.986226558685303
O=C1CC2(CCCC2)CC(=O)N1CCCCN1CCN(c2cc(F)cc(F)c2)CC1,6.708967208862305,8.885652542114258,7.797309875488281
CCOc1ccccc1N1CCN(CCCCCNC(=O)c2ccc(Cl)o2)CC1,7.554154396057129,8.039331436157227,7.796742916107178
Cc1occc1-c1nnc(SCCCN2CC3CC3(c3ccc(Cl)c(Cl)c3)C2)n1C,7.306723117828369,9.096129417419434,8.201426267623901
COc1ccc2cc(C(=O)Nc3cc(C(F)(F)F)ccc3N3CCOCC3)sc2c1,5.682609558105469,6.07084321975708,5.876726388931274
COc1ccc(NC(=O)c2ccc(COc3ccccc3C)o2)cc1N1CCN(C)CC1,6.030154228210449,5.614676475524902,5.822415351867676
O=C(NCCc1ccccc1)c1cccc(-c2ccncc2)c1,5.581492900848389,6.415008544921875,5.998250722885132
CCCN(CCC1CCC(NS(=O)(=O)c2cccc3cnccc23)CC1)C1CCc2nc(N)sc2C1,7.230140209197998,8.82872486114502,8.029432535171509
COc1ccccc1N1CCN(CCCCc2c[nH]c3ccc(OC(F)(F)F)cc23)CC1,8.134618759155273,7.734791755676269,7.9347052574157715
Cc1cc(C)cc(CN2CCN(C(=O)CCCN3CCCC3=O)CC2)c1,6.516348838806152,7.431396484375,6.973872661590576
CC(C)(C)c1nc2ccc(C(=O)N(CCN3CCN(c4ccc(F)cc4)CC3)c3ccccc3)cc2o1,5.627750873565674,6.134897232055664,5.881324052810669
O=C(Nc1ccc(-c2cccc3sncc23)c(F)c1)c1cccn(-c2cccc(F)c2)c1=O,6.709529876708984,5.705420017242432,6.207474946975708
CCCCN1CCC(CO)(c2ccc(NC(=O)C3CCC3)cc2)CC1,4.8078932762146,5.981666564941406,5.394779920578003
COc1ccccc1N1CCN(CCCCn2ncc(=O)n(C)c2=O)CC1,7.234968662261963,7.482704162597656,7.35883641242981
CCC(=O)NCC1CCc2c(OC)ccc3ccc(OC)c1c23,7.348580360412598,6.042428493499756,6.695504426956177
NCCCN1CCN(CCCNC(=O)C2c3ccccc3-c3ccccc32)CC1,5.701218128204346,5.892446994781494,5.79683256149292
O=C1N(CCN2CCc3cc(F)ccc3C2)CCN1c1ccc(C(F)(F)F)cc1,6.469560146331787,7.641202926635742,7.055381536483765
COc1cccc(CC(NC(=O)C2CCC(=O)N2)C(=O)NCC2CCC(CN)CC2)c1,6.4240007400512695,6.893004417419434,6.658502578735352
Cc1cc(C(C)(C)C)sc1C(=O)NC1CCN(Cc2ccc(-c3ccnc(C#N)c3)cc2)C1,5.520359992980957,6.705004215240479,6.112682104110718
CC(C)(CN1CCC2(C=Cc3ccccc32)CC1)CN(CCCOc1ccc(F)cc1)CC1CC1,5.670743465423584,6.205392360687256,5.93806791305542
CN1CCc2cccc3c2C1Cc1ccc(O)c(O)c1-3,7.594958782196045,7.866142272949219,7.730550527572632
CCOc1nc(C(=O)NCc2ccc(S(C)(=O)=O)cc2)cc(N)c1Cl,7.118940353393555,7.298565864562988,7.2087531089782715
CN1CC(C(=O)NC2(C)OC3(O)C4CCCN4C(=O)C(Cc4ccccc4)N3C2=O)CC2c3cccc4[nH]cc(c34)CC21,8.34367847442627,8.604536056518555,8.474107265472412
CCn1cc(C2CCN(CCCNC(=O)C3CCC(NC(=O)c4cc(Cl)cc(Cl)c4)CC3)CC2)cn1,7.180781364440918,7.546891212463379,7.363836288452148
O=C1NCCN1CCN1CCC(c2cn(-c3ccc(F)cc3)c3ccc(Cl)cc23)CC1,7.742376804351807,6.387310028076172,7.064843416213989
COc1ccccc1N1CCN(CCCCNC(=O)c2cc3ccccc3n2C)CC1,7.065823078155518,8.453795433044434,7.759809255599976
Nc1ncnc2c1C1(CCCCC1)CC2NCc1cccc(I)c1,7.893411159515381,6.507843017578125,7.200627088546753
O=C(NCc1ccc(F)cc1)C1CCN(Cc2ccc(OCCc3nc(-c4ccccc4)no3)cc2)CC1,5.923847675323486,6.420451641082764,6.172149658203125
CCN1CCCC1CNC(=O)c1c(OC)ccc(I)c1OC,8.196069717407227,8.626473426818848,8.411271572113037
COc1cccc(C(CN)NC(=O)c2cc3c(-c4ccccc4)[nH]nc3s2)c1,5.667295932769775,5.928774833679199,5.798035383224487
CN(C)CCCC1(c2ccc(F)cc2)CCC(=O)c2ccccc21,6.569720268249512,6.833822250366211,6.701771259307861
COc1cc(F)ccc1N1CCN(CC2CCC(NS(=O)(=O)c3ccc4ccccc4c3)CC2)CC1,7.322563648223877,7.95211124420166,7.6373374462127686
O=C1Nc2ccc(Cl)cc2C12NCCC2(CN1CCC(Cc2ccccc2)CC1)Oc1ccccc1,7.697199821472168,7.320872783660889,7.509036302566528
CCCN1CCCC2Cc3n[nH]cc3CC21,7.44373893737793,7.752799987792969,7.598269462585449
c1ccc(-c2cc(C3CCN(Cc4nc5ccccc5[nH]4)CC3)[nH]n2)cc1,6.677989482879639,6.171198844909668,6.424594163894653
CC(C)CCN1CCN(c2ccc(Cl)cc2)CC1,6.543541431427002,6.84337329864502,6.693457365036011
CC(NC1CCN(CCCc2c[nH]c3ccc(-n4cnnc4)cc23)CC1)c1ccc(F)cc1,6.188933372497559,6.3435773849487305,6.2662553787231445
Cc1cc(Cl)ccc1OC1CCN(CC(O)CNC(=O)c2cnn(-c3ccccc3F)c2C)CC1,6.228755950927734,6.19804048538208,6.213398218154907
CCCN(C)CCOC(=O)C(C)(c1ccccc1)C1CCCCC1,5.917441368103027,5.81758975982666,5.867515563964844
COc1cc(N)c(Cl)cc1C(=O)NC1CC2CCC1(Br)Br,,,
CCCN(CCC)C1Cc2cccc(O)c2C1,7.869527339935303,8.268507957458496,8.0690176486969
CN(C(=O)C1CCCCC1)C1Cc2c(O)cccc2CN1CCCC1,,,
Cc1cccc(N2CCN(CCCNC(=O)c3cccc4c3OCC(=O)N4)CC2)c1C,6.860740184783936,6.905674457550049,6.883207321166992
Cc1ccc2c(c1O)C(CNCCCN1CCN(c3ccccc3OCC(F)(F)F)CC1)CC2,7.11202335357666,6.614099025726318,6.863061189651489
COc1cc(NC(C)=O)c(Cl)cc1C(=O)NC1CCN(CC2CN(C(C(=O)O)C3CCCCC3)CC2(C)C)C1,5.702389717102051,6.462146759033203,6.082268238067627
CC(C)(CO)CN1CCN(c2ccccc2CNC(=O)c2ccc3ccccc3c2)CC1,6.184412956237793,5.500524997711182,5.842468976974487
COC(=O)C1C(C)=NC(=O)N(C(=O)NCCCN2CCN(c3ccccc3[N+](=O)[O-])CC2)C1c1ccc(F)c(F)c1,5.878183364868164,5.801112651824951,5.839648008346558
Oc1nc2cc(Cl)ccc2c(O)c1-c1ccc(OCCN2CCCCC2)cc1,7.519434928894043,6.714859008789063,7.117146968841553
CCN1CCc2cc3c(cc2C1)NC(=O)CC3,7.066079616546631,6.859469413757324,6.9627745151519775
CC(C)C1(C(=O)Nc2nccs2)CCCC2(C)c3cc(O)ccc3CCC12,6.296387195587158,6.7898664474487305,6.543126821517944
COC(=O)C1CCN(Cc2ccc(-c3ccc(C#N)cc3)o2)CC1,5.2526960372924805,5.257429122924805,5.255062580108643
CCCN(CCN1CCN(c2nc3ccccc3n2C)CC1)C1CCc2ccc(O)cc2C1,6.417812824249268,8.271241188049316,7.344527006149292
Cc1cccc(N2CCN(CCCCOc3ccc4c(O)[nH]cc4c3)CC2)c1C,8.074687004089355,7.822989463806152,7.948838233947754
O=C1CCC2(CCCN(C(=O)CCC3CCCCC3)CC2)N1c1ccccc1,7.63189172744751,7.477000713348389,7.554446220397949
CCCN(CCCCN1CCN(c2ccccc2)CC1)C1CCc2nc(N)sc2C1,7.038410186767578,8.371371269226074,7.704890727996826
O=C(NC1CCc2ccc(CCN3CCN(c4nsc5ccccc45)CC3)cc21)c1ccc(F)cc1,7.64020299911499,6.56119441986084,7.100698709487915
CCN1CCCC1CN=C(O)c1ccc(S(=O)(=O)N(CC)CC)cc1,6.286789894104004,6.735719680786133,6.511254787445068
Oc1[nH]cc2c(-c3ccc(Nc4nc5ccccc5o4)cc3)cccc12,7.7707839012146,5.7490410804748535,6.759912490844727
O=S(=O)(NCCCN1CCC(c2noc3cc(F)ccc23)CC1)c1cc2ccccc2s1,7.75990104675293,7.784554481506348,7.772227764129639
COc1ccccc1N1CCN(CCCCNC(=O)c2ccc(OCCOc3c(Cl)cc([N+](=O)[O-])cc3Cl)cc2)CC1,7.113085746765137,8.583162307739258,7.848124027252197
CCN1CCN(c2cc3[nH]c(SCCN4CC4)nc3cc2Cl)CC1,7.39353084564209,7.760104179382324,7.576817512512207
Oc1[nH]c2ccccc2c1C=NCCCCCN1CCN(c2cccc3cc(F)ccc23)CC1,7.282588958740234,7.748771667480469,7.515680313110352
O=[N+]([O-])c1ccccc1-c1nc2ccccc2n1CC1CCNCC1,5.325753688812256,5.959073066711426,5.642413377761841
CCn1c(CN2CCN(c3ccc(Cl)cc3)CC2)nc2ccccc21,5.485782146453857,5.445765495300293,5.465773820877075
COc1ccccc1N1CCN(CCCCc2ccc3c(c2)sc(=O)n3CCN2CCC(C(=O)c3ccc(F)cc3)CC2)CC1,8.00527572631836,7.863858699798584,7.934567213058472
CCCCN(CCCOc1cccc(-c2nc3ccccc3[nH]2)c1)C1CCc2c(O)cccc2C1,8.293305397033691,8.87243366241455,8.582869529724121
Cc1ccc(OCC(CSCCNC(=O)CN)Cc2ccc(O)cc2)cc1,6.260454177856445,6.00039529800415,6.130424737930298
Cc1ncoc1-c1nnc(SCCCN2CC3CC3(c3ccc(F)c(Cl)c3)C2)n1C,7.000241756439209,8.849662780761719,7.924952268600464
O=C(CCCN1C2CCC1CC(O)(c1ccc(Cl)cc1)C2)c1ccc2c(c1)OCO2,7.467391014099121,8.043356895446777,7.755373954772949
O=C1CC2(CCC2)CC(=O)N1CCN1CCC(c2c[nH]c3ccccc23)CC1,7.08804988861084,6.877946853637695,6.982998371124268
Clc1ccc2nc(-c3cccnc3)[nH]c2c1,6.414795398712158,6.138593673706055,6.2766945362091064
COc1cccc2c1CCC1CN(CCn3c(=O)[nH]c4cc(OC)c(OC)cc4c3=O)CC21,7.102483749389648,7.312928199768066,7.207705974578857
O=C1NCCN1CCN1CCC(c2cn(-c3ccc(F)cc3)c3ccc(Cl)cc23)CC1,7.742376804351807,6.38731050491333,7.064843654632568
O=C1NC(=O)c2c1c1c3ccccc3n3c1c1c2c2ccccc2n1C1CCC3O1,4.711459159851074,5.4183430671691895,5.064901113510132
N#Cc1ccc(NC2CCC(NC(=O)c3ccc4ccccc4c3)CC2)nc1,6.947408199310303,7.233300685882568,7.0903544425964355
CC(C)(C)C1(O)CCN(C(c2ccccc2)c2ccccc2)CC1,6.5029296875,6.997079849243164,6.750004768371582
COc1cc2nccc(Oc3ccc(NC(=S)NC(=O)c4ccccc4C)cc3)c2cc1OC,6.228053569793701,4.285715103149414,5.256884336471558
COc1ccccc1N1CCN(CCCCCCn2ncc(Cl)c(N3CCCC3=O)c2=O)CC1,8.092751502990723,7.710454940795898,7.9016032218933105
O=C(NCCCO)c1cc(-c2ccccc2O)on1,4.145535945892334,6.735738277435303,5.440637111663818
c1cncc(CN2CCC3(CC2)N(Cc2ccncc2)CN(c2ccccc2)C3)c1,5.815046310424805,6.248021602630615,6.03153395652771
CCC1CCCCN1CCCNC(=O)c1coc2ccc(OC)cc12,5.722836017608643,7.08200216293335,6.402419090270996
COc1cccc(N=C2CC(C)C(=O)CC(C)C2)c1,5.085486888885498,5.335897922515869,5.210692405700684
CC(C)(C)c1n[nH]c(OCCN(CCCCc2c[nH]c3ccccc23)Cc2ccccc2)n1,7.1839985847473145,8.180997848510742,7.682498216629028
CCCCN1CN(c2cccc(Cl)c2)C2(CCN(C3CCC(C)(C)c4ccccc43)CC2)C1=O,8.308201789855957,8.81403923034668,8.561120510101318
CCCN1CCc2ccc(C#CCCN3CCN(c4ccccc4OC)CC3)cc2CC1,7.508193016052246,7.59903621673584,7.553614616394043
Cc1c(-c2ccc3c(c2)OCO3)n(Cc2ccccc2)c2ccc(Cl)cc12,6.752483367919922,5.335224628448486,6.043853998184204
CCOc1ccccc1N1CCN(CCCCNC(=O)c2ccc(-c3ccccc3)cc2)CC1,7.279489040374756,9.058148384094238,8.168818712234497
O=C(NCCC(F)CN1CCN(c2cccc(Cl)c2Cl)CC1)c1cc2cc(F)ccc2[nH]1,6.366709232330322,8.251702308654785,7.309205770492554
O=c1oc2cc(O)ccc2cc1-c1nc2ccccc2[nH]1,7.557962417602539,6.80021333694458,7.17908787727356
CCCc1nc(N)nc(N)c1-c1ccc(Cl)cc1,7.61535120010376,5.43019437789917,6.522772789001465
COc1cc(OC)cc(C(=O)NCCCCN2CCN(c3cccc(Cl)c3Cl)CC2)c1,6.536269664764404,8.92196273803711,7.729116201400757
O=C(CCCN1CCC2(CC1)C(=O)N(Cc1ccccc1)CN2c1ccc(F)cc1)c1ccc(F)cc1,9.010730743408203,7.699805736541748,8.355268239974976
O=C(NCCCCN1CCN(c2cccc(Cl)c2Cl)CC1)c1ccc(C(F)(F)F)cc1,7.557400226593018,8.560813903808594,8.059107065200806
CCCN(CCCCN1CCN(c2ccccc2OC)CC1)C1CCc2ccc3[nH]ccc3c2C1,8.137249946594238,8.0347318649292,8.085990905761719
COc1ccccc1N1CCN(CCCCc2ccn(-c3ccccc3OC)c2)CC1,8.212459564208984,8.02192497253418,8.117192268371582
COc1ccccc1N1CCN(CCCNS(=O)(=O)c2cccc3cccnc23)CC1,7.391297340393066,7.06012487411499,7.225711107254028
CC(Nc1nc(Nc2ccc(F)cc2Cl)cc2nc[nH]c12)c1ncc(F)cn1,6.648001670837402,5.215677738189697,5.93183970451355
COc1ccccc1N1CCN(CCCCNC(=O)c2cc3ccccn3n2)CC1,7.175564289093018,8.398896217346191,7.7872302532196045
COc1cc2c(cc1F)C(c1ccccc1Cl)=Nc1c(C)n[nH]c1N2,6.123236179351807,5.7805376052856445,5.951886892318726
CN1CCN(C2Cn3cccc3Sc3ccc(Cl)cc32)CC1,8.645715713500977,8.372459411621094,8.509087562561035
CC(C)N1CCC(COc2ncc(C(=O)c3ccccc3)n2C)CC1,5.8842058181762695,6.509093284606934,6.196649551391602
N#CC(=Cc1ccc(O)c(O)c1)C(=O)NCCCN=C(N)N,5.97836446762085,3.2284836769104004,4.603424072265625
N#Cc1ccc(N2CCN(CCCCc3c[nH]c4ncccc34)CC2)cc1,6.785136222839356,7.579972267150879,7.182554244995117
CC1CC2C3CC=C4CC(=O)C=CC4(C)C3(F)C(O)CC2(C)C1(O)C(=O)COP(=O)(O)O,6.777765274047852,5.259243965148926,6.018504619598389
Fc1cccc(N2CCN(CCCCOc3ccc4c(c3)NC(=S)NC4)CC2)c1,7.399984836578369,7.914511680603027,7.657248258590698
CN1CCc2cc(Cl)c(O)cc2C(c2ccc(CN3CCCC3)cc2)C1,5.779850006103516,6.705298900604248,6.242574453353882
Cc1ccc2c(-c3cnn(CCC(=O)N4CCCC4)c3)cccc2n1,5.795201301574707,5.397892951965332,5.5965471267700195
CCCN(CCCCN1C(=O)CC2(CCCC2)CC1=O)C1CCc2c(F)ccc(OC)c2C1,7.205087184906006,8.754807472229004,7.979947328567505
O=C1C2CCCCN2C(=O)N1CCCCNCc1c[nH]c2ccccc12,7.032287120819092,7.064698696136475,7.048492908477783
O=C1CCc2ccc(OCCCCN3CCN(c4cccc(Cl)c4Cl)CC3)nc2N1,8.820858001708984,7.946712017059326,8.383785009384155
CCCN1CCC2Cc3[nH]ncc3CC21,6.686962127685547,8.297065734863281,7.492013931274414
O=C(Nc1ccc2c(c1)CCN2C(=O)C1CCC1)c1ccc(-c2ccsc2)s1,5.72340726852417,5.668218612670898,5.695812940597534
O=C(NCCCCN1CCN(c2cccc(Cl)c2Cl)CC1)c1cc2ccccc2cn1,6.880761623382568,9.034923553466797,7.957842588424683
CCn1cc(C2=CCN(CCCC3CCCc4ccccc43)CC2)c(C#N)c1=O,,,
Cc1c(O)ccc2c1CCCC2=NNC(=O)Cc1cccc2ccccc12,6.473560810089111,4.896060943603516,5.6848108768463135
O=C1CCc2cc(OCCCCN3CCN(c4cccc(Cl)c4Cl)CC3)ccc2N1,8.785455703735352,8.286079406738281,8.535767555236816
O=C1NCCN1CCN1CCC(c2cn(-c3ccc(F)cc3)c3ccc(Cl)cc23)CC1,7.742376804351807,6.38731050491333,7.064843654632568
CCN(CC)CCn1c(SCCN2CCC3(CC2)C(=O)c2ccccc23)nc2ccccc21,6.584579944610596,6.916905879974365,6.7507429122924805
COc1ccc(S(=O)(=O)NC2CCCc3cc(OCCN4CCCC4)ccc32)cc1,6.714216232299805,7.030004978179932,6.872110605239868
O=C(Nc1ccc(-c2ccncc2)cc1)C1CCCN1Cc1ccccc1,6.108979225158691,6.1316351890563965,6.120307207107544
Oc1ccc2c(c1)CCN(CCCCNC(=O)c1cc3ccccc3o1)C2,6.544039249420166,8.607803344726562,7.575921297073364
COc1ccccc1N1CCN(CCCCNC(=O)c2cccs2)CC1,7.739991664886475,8.748876571655273,8.244434118270874
O=C1N(CCN2CCCCCC2)CCN1c1cccc(Cl)c1,8.184910774230957,7.69587230682373,7.940391540527344
O=C(CCCN1CCC2(CC1)C(=O)N(CCN1CCOCC1)CN2c1ccccc1)c1ccc(F)cc1,8.551389694213867,7.586605072021484,8.068997383117676
CN(C)C1CC(c2c[nH]c3ccc(CCC(=O)NCc4ccccc4F)cc23)C1,6.507089138031006,6.59009313583374,6.548591136932373
COc1ccccc1N1CCN(CCCCNc2ncccc2C(=O)N(C)C)CC1,7.527272701263428,7.442371845245361,7.4848222732543945
CC(C)Oc1ccccc1N1CCN(Cc2ccc(CN3CCCCCC3=O)n2C)CC1,8.326491355895996,6.791306018829346,7.558898687362671
CCOc1ccccc1N1CCN(CCCCNC(=O)c2ccc(F)cc2)CC1,7.670219421386719,9.099297523498535,8.384758472442627
CC1CN(CCCCOc2ccc3c(c2)-c2n[nH]c(-c4ccc(C(N)=O)cc4)c2C3)C1,6.59163761138916,7.014708042144775,6.803172826766968
CN(Cc1ccc(Br)cc1)C1CCC(N2CCC(c3ccccc3OCC(F)(F)F)CC2)CC1,6.571484088897705,7.100013256072998,6.835748672485352
COc1ccccc1N1CCN(CCc2ccc3c(c2)OC(=O)CC3=NC(=O)COC(=O)c2ccccc2Cl)CC1,6.095776081085205,4.733639717102051,5.414707899093628
O=c1[nH]c2ccccc2n1C1CCN(CC2CC3C=CC2C3)CC1,6.589897155761719,7.036888122558594,6.813392639160156
CC(NC(=O)c1c[nH]c2ncc(C3CC3)nc12)C(C)(C)C,4.885113716125488,6.326735496520996,5.605924606323242
O=C1NCN(c2ccccc2)C12CCN(C1CCCCCCCCCCCN1CCN(c2cccc(Cl)c2Cl)CC1)CC2,,,
CCN(CC)CCCCN(c1cc2cc(OC)ccc2n1-c1cccc(OC)c1O,,,
CC1CCc2c(sc3ncn(CCN4CCN(c5ccnc6ccccc56)CC4)c(=O)c23)C1,6.999016761779785,7.265514373779297,7.132265567779541
CCCN(CCC1CCC(NS(=O)(=O)c2cccc3cccnc23)CC1)C1CCc2nc(N)sc2C1,7.493483543395996,8.789554595947266,8.14151906967163
CCN(CC)CC#CCN1c2ccccc2Sc2ccc(Cl)cc21,6.405302047729492,5.5722527503967285,5.98877739906311
C=C(C)CN1CCN(c2ccc(-c3ccccc3)cc2)CC1,5.361728668212891,6.054431915283203,5.708080291748047
O=C(NC1CCN(CCC2CCC(c3ccc(F)cc3OC4CCCC4)CC2)CC1)c1ccc(F)cc1,7.086240291595459,7.675167083740234,7.380703687667847
Cc1nc2ccccn2c(=O)c1CCN1CCc2oc3ccccc3c(=O)c2C1,6.503412246704102,7.028948783874512,6.766180515289307
COc1ccccc1N1CCN(CCCCNC(=O)c2cc3ccc2Cl)CC1,,,
N#Cc1ccc2[nH]cc(CCCCN3CCN(c4ccc5oc(C(N)=O)cc5c4)CC3)c2c1,7.100306034088135,7.288534164428711,7.194420099258423
CCCOc1ccccc1-c1ccc(CCNC(C)C)cc1,4.714522838592529,5.346794128417969,5.030658483505249
CCCNC1CCc2[nH]c(C(=O)NCCCCN3CCN(c4ccccc4OC)CC3)cc2C1,6.787417888641357,8.5752592086792,7.681338548660278
CC(C)Oc1ccc2c(c1)CCC(CN(C)CCCSc1nc3c(ccc1C#N)CCCC3)O2,,,
O=C1NC(=O)C(c2c[nH]c3ccccc23)=C1c1c[nH]c2ccccc12,6.021484375,5.504355430603027,5.762919902801514
OC1(c2ccc3c(c2)OCO3)CCN(CCCCOc2ccc(F)cc2)CC1,6.901468753814697,6.933218479156494,6.917343616485596
COc1ccccc1N1CCN(CCCCC(=O)NC2CCCc3ccccc32)CC1,7.217672824859619,7.674831390380859,7.446252107620239
COc1cc(OC)c(NC(=O)CCC2CCN(Cc3ccccc3)CC2)cc1Cl,6.424881935119629,6.405924320220947,6.415403127670288
Cc1ccc2c(N3CCN(CCc4ccccc4)CC3)cccc2n1,7.530989646911621,6.562995910644531,7.046992778778076
O=C(NCc1ccccc1)C(CCCN1CCN(c2ccccc2)CC1)n1cc2ccccc2c1,6.180102825164795,7.013960838317871,6.597031831741333
CN1CCN(C2=Nc3cc(Cl)ccc3Nc3ccc(C(F)(F)F)cc32)CC1,6.920977592468262,6.835673809051514,6.878325700759888
CSc1c[nH]c2ncnc(NCCCO)c12,5.923331737518311,5.125625133514404,5.524478435516357
COc1ccccc1N1CCN(CC=CCNC(=O)c2ccc(C#N)cc2)CC1,7.654327392578125,8.683956146240234,8.16914176940918
O=C1NCCN1CCn1nnc(-c2cccc(C(F)(F)F)c2)n1,6.220180034637451,6.700057029724121,6.460118532180786
COc1ccc(NC(=O)Nc2ccc(-c3csc4c(-c5cnn(CC(C)(C)O)c5)cnc(N)c34)cc2)cc1,6.12910795211792,4.171003341674805,5.150055646896362
CCCN(CCCc1cccs1)C1CCc2c(O)cccc2C1,8.475325584411621,8.462507247924805,8.468916416168213
COc1ccccc1N1CCN(CCCNc2cccc3nc4ccccc4nc23)CC1,7.776151657104492,7.161694526672363,7.468923091888428
O=C(OC1CNC(C#Cc2cc3nc[nH]c3s2)C1)c1ccc(F)cc1,6.664402961730957,5.811041831970215,6.237722396850586
OC1(c2ccc(Br)cc2)CC2CCC(C1)N2Cc1coc2ccc(F)cc12,8.48219108581543,8.880783081054688,8.681487083435059
COc1ccccc1N1CCN(CCCCCN2CCN(c3ccccc3OC)CC2)CC1,7.958353519439697,7.5922627449035645,7.775308132171631
CCOc1ccccc1OCCCCNCCOc1ccccc1OCc1ccccc1,6.277441024780273,7.523256301879883,6.900348663330078
COc1ccc(C(=O)NCCCN2CCN(c3ccccc3C(N)=O)CC2)cc1OC,6.489946842193604,6.980207920074463,6.735077381134033
Fc1ccc(C2CCN(CCCCc3c(-c4ccc(F)cc4)[nH]c4ccccc34)CC2)cc1,7.469846725463867,6.626844882965088,7.0483458042144775
Oc1[nH]cc2ccc(OCCCN3CCN(c4cccc5nc(C(F)(F)F)oc45)CC3)cc12,8.238790512084961,7.762241363525391,8.000515937805176
CCc1cc2c(s1)c1cnn(CC(=O)NCc3ccccc3Br)c(=O)c1n2C,6.30045747756958,5.128656387329102,5.714556932449341
O=C(CC1CCCCN1S(=O)(=O)c1cccc2cccnc12)N1CCN(c2ccccc2)CC1,7.011948108673096,5.744106769561768,6.378027439117432
OC1(c2cccc(Cl)c2)CC2CCC(C1)N2C(c1ccncc1Cl)c1ccccc1Cl,6.794034957885742,7.278667449951172,7.036351203918457
NC(=O)c1cccc2c1Nc1nnc(Cl)cc1C(=O)N2,8.195758819580078,5.362447261810303,6.77910304069519
Cc1ccc(N2CCN(CCC3OCCc4ccccc43)CC2)cc1,6.389290809631348,6.067549705505371,6.228420257568359
O=C(CCCN1CCC2(CC1)C(=O)N(CCc1ccccc1)CN2c1cccc(Cl)c1Cl,,,
Oc1ccc(-c2nc(-c3ccc(F)cc3)c(-c3ccncc3)[nH]2)cc1,6.861944675445557,6.648927688598633,6.755436182022095
CCCN(CCC)C1CCc2c(O)cccc2C1,8.197704315185547,8.453165054321289,8.325434684753418
CCn1c(CCCc2ccc(Cl)cc2)nnc1SCC(=O)N1CCCCC1,7.699061393737793,6.266061782836914,6.9825615882873535
Cc1cn2c(-c3cn[nH]c3)cnc2c(Nc2ccc(C(=O)N3CCCCC3)cc2)n1,6.238461971282959,4.672846794128418,5.4556543827056885
Cc1ccc2c(N3CCN(CCc4ccc5c(c4)NC(=O)CO5)CC3)cccc2n1,7.267476081848144,6.526723384857178,6.897099733352661
COc1ccc2[nH]cc(C(=O)N3CCN(c4cc(C#N)cc(C#N)c4)CC3)c2c1,5.667057514190674,5.348645687103272,5.507851600646973
Cc1cc(S(=O)(=O)NC(N)=NCCN2CCN(c3cccc(Cl)c3Cl)CC2)ccc1Cl,6.628074645996094,6.554468631744385,6.591271638870239
CCCN(CCC1CCC(NS(=O)(=O)c2ccc(Cl)cc2Cl)CC1)C1CCc2nc(N)sc2C1,7.5082268714904785,9.344836235046388,8.426531553268433
O=C(CCCCN1CCC2(CC1)C(=O)N(c1ccccc1)CN2c1ccc(OC(F)(F)F)cc1)c1cccc(F)c1,8.386009216308594,8.040678024291992,8.213343620300293
COc1cc(N)c(Cl)cc1C(=O)NC1CCN(CCN2C(=O)CC3(CCN(CC(C)C)C3=O)CC2)CC1,8.359870910644531,8.027130126953125,8.193500518798828
CCCCC1CN(CC2CCCCC2)C(=O)OC12CCC(CF,,,
Cc1cc(O)nc(NN=Cc2ccc(-c3ccc(F)cc3O)o2)n1,6.178744316101074,5.413108825683594,5.795926570892334
CN(C)c1ccc(-c2cc(C(F)(F)F)n3ncc(C#N)c3n2)cc1,5.822005271911621,5.733988285064697,5.777996778488159
CN1CCc2c(sc3ncn(CCN4CCN(c5cccc6ccccc56)CC4)c(=O)c23)C1,7.933910369873047,7.499076843261719,7.716493606567383
CCN(CC)CCN1CCc2[nH]c3ccc(F)cc3c2C1,6.825704574584961,6.977985382080078,6.9018449783325195
CCCN(CCC1CCC(NS(=O)(=O)c2ccc(Cl)cc2Cl)CC1)C1CCc2nc(N)sc2C1,7.5082268714904785,9.344836235046388,8.426531553268433
COc1ccccc1N1CCN(CCCCNC(=O)c2cnns2)CC1,7.69309139251709,7.910931587219238,7.802011489868164
O=C(CCCN1CC=C(n2c(O)nc3ccccc32)CC1)c1ccc(F)cc1,8.367292404174805,7.84620475769043,8.106748580932617
CCCCC(c1ccccc1)C(COC(=O)c1ccc(N(C)C)cc1)NC(=O)CCCC,7.260747909545898,5.640326499938965,6.450537204742432
COc1ccc2[nH]cc(C3=CCN(CCCCNC(=O)c4ccc(OC)cc4)CC3)c2c1,7.240099430084228,7.823854923248291,7.53197717666626
CC(C)Oc1ccccc1N1CCN(Cc2ccc(CN3CCCCCC3=O)n2C)CC1,8.326491355895996,6.791319370269775,7.558905363082886
OC(CCN1CCc2ccc(Cl)cc2C1)c1cccc(F)c1,6.792611598968506,6.733011245727539,6.7628114223480225
CN1CCCC1CNC(=O)c1c(O)cc(Br)cc1OCC1CCC1,6.116790294647217,8.315213203430176,7.216001749038696
CCN(CC)C(=O)NC1Cc2cc(Br)ccc2O1,8.253822326660156,7.179170608520508,7.716496467590332
COc1c(S(=O)(=O)NC2CCCc3c2cnn3-c2cc(F)cc(F)c2)ccc(Br)c1OC,7.3070478439331055,7.292337417602539,7.299692630767822
Cc1oc(-c2ccccc2)nc1CN1CCN(Cc2ccn(-c3ccccc3Cl)c2)CC1,6.284669399261475,6.20057487487793,6.242622137069702
COc1cccc(C(=O)NCCCCN2CCN(c3nsc4ccccc34)CC2)c1,7.184648513793945,8.444083213806152,7.814365863800049
CCCN(CCC1CCC(NS(=O)(=O)c2ccccc2)CC1)C1CCc2nc(N)sc2C1,7.355895042419434,8.816567420959473,8.086231231689453
Oc1ccc(N2CCN(Cc3ccc(Cl)cc3)CC2)cc1,6.541224479675293,6.25568437576294,6.398454427719116
COc1ccc(CC(C)NCCCOc2cccc(OC)c2)cc1-c1ccc(F)cc1,5.97056770324707,6.707564353942871,6.339066028594971
O=C(O)C1C(CN2CCC3(C2)C(=O)N(CCc2ccc(F)cc2)CN3c2ccccc2)C1=O,8.602365493774414,7.297089576721191,7.949727535247803
OC1(c2ccc(Cl)cc2)CC2CCC(C1)N2Cc1coc2ccccc12,7.902398109436035,8.243314743041992,8.072856426239014
COc1ccccc1N1CCN(CCCCNC(=O)c2ccc(O)c3c(F)cccc23)CC1,7.980403900146484,8.578435897827148,8.279419898986816
CC(=O)Nc1cc(OCC(O)CNC2CCN(c3ncnc4scc(-c5ccccc5)c34)CC2)ccc1O,5.934754848480225,5.504576683044434,5.719665765762329
COc1ccc2[nH]cc(CCNc3ccnc(-c4cccc(OC)c4)n3)c2c1,6.185018062591553,5.889675140380859,6.037346601486206
O=C1CC2(CCCC2)CC(=O)N1CCN1CCN(c2cc(Cl)ccc2Cl)CC1,7.122229099273682,8.306825637817383,7.714527368545532
CCCN1CCCC2Cc3n[nH]cc3CC21,7.44373893737793,7.752826690673828,7.598282814025879
O=C(CCCN1CCC2(CC1)C(=O)N(Cc1ccc(Cl)cc1)CN2c1ccc(F)cc1)c1ccc(F)cc1,8.94080638885498,7.636334419250488,8.288570404052734
Clc1ccc2c(c1)N=C(N1CCN(c3ccccn3)CC1)c1ccccc1N2,6.328794479370117,6.022553443908691,6.175673961639404
COc1ccccc1N1CCN(CCCCc2cc(-c3cccc(C#N)c3)no2)CC1,7.281786441802978,8.187732696533203,7.734759569168091
O=C(CCCN1CCN(c2ccccn2)CC1)c1ccc(F)cc1,7.672323226928711,6.98045539855957,7.326389312744141
CC1CN(CCOc2ccccc2)CCN1C(=O)C1CCC(N)CC1,6.609378814697266,7.136080741882324,6.872729778289795
CCN(CC)C(=O)NC1CC2=C(Cc3c[nH]c4cccc2c34)N(C)C1,8.485456466674805,8.415813446044922,8.450634956359863
Cc1c(Cl)cccc1N1CCN(CCCOc2ccc(C3=NNS(=O)(=O)c4ccccc4N3)cc2)CC1,6.968517780303955,7.340523719787598,7.154520750045776
Oc1nc2ccccc2n1CCCN1CC=C(c2ccccc2)CC1,7.663511276245117,7.72660493850708,7.695058107376099
Oc1ccc2[nH]cc(CCCCN3CCN(c4ccccc4)CC3)c2c1,8.05141544342041,7.81462287902832,7.933019161224365
CCCN(CCC)C1CCc2nc3cccc(O)c3c(O)c2C1,7.020359516143799,8.604612350463867,7.812485933303833
CC1Cc2ccccc2N1C(=O)CSc1nc2cc(Br)c[nH]c-2n1,6.283514022827148,6.331565856933594,6.307539939880371
C(=NNc1n[nH]c2cccc(OCCCN3CCN(c4ccccc4OCc4ccc(Cl)cc4)CC3)c12)c1ccccn1,7.057889461517334,7.05410099029541,7.055995225906372
O=C(c1ccccc1)N1CCN(CCCCNC(=O)c2cc3ccccc3[nH]2)CC1,6.314957618713379,8.327198028564453,7.321077823638916
CC(Br)CN1CCN(C2CCC(n3nc(-c4ccc(NC(=O)c5cc6ccccc6n5C)cc4)c4c(N)ncnc43)CC2)CC1,5.603948593139648,6.34259033203125,5.973269462585449
COc1cc2c(cc1OC)C1=NOC(CN3CCN(CC(C)=Cc4ccccc4)CC3)C1CO2,6.112998962402344,6.067012786865234,6.090005874633789
NCCC(c1ccccc1)(c1ccccc1)c1cccc(Cl)c1,5.987905502319336,6.194961071014404,6.09143328666687
COc1cccc(-n2c(C)cc(C3=NN(CCCCN(C)C)C(=O)c4cccc(F)c4N3)c2C)c1,6.513027667999268,6.923761367797852,6.71839451789856
COc1c(-c2ccccc2)oc2cc(N)cc(OCC(C)CN(C)C)c2c1=O,5.733054161071777,5.848900318145752,5.790977239608765
COc1ccccc1N1CCN(CCCCNC(=O)c2ccc3[nH]cnc3c2)CC1,7.861079216003418,8.27961540222168,8.070347309112549
Fc1ccc2c(c1)CCC2=Cc1ccco1,6.509799957275391,6.562931060791016,6.536365509033203
Cc1ccc(-c2c[n+](CCCCCCC[n+]3ccc4ccccc4c3)c3ccccc4c3n2)cc1,,,
COc1ccccc1N1CCN(CC=CCNC(=O)c2cc3ccccc3s2)CC1,7.580217361450195,8.67386531829834,8.127041339874268
Cc1nc2ccccc2c(Nc2ccc(N3CCN(C)C(C)C3)cc2)c1CO,5.798130512237549,5.893620491027832,5.84587550163269
COc1cccc2c1CC1CN(CCCCn3c(=O)[nH]c4c(sc5cccc(Cl)c54)c3=O)CC21,7.229704856872559,8.1549711227417,7.692337989807129
COc1cccc(C(CN)NC(=O)c2ccc(-c3ccncc3)cc2)c1,5.242632865905762,5.41530179977417,5.328967332839966
CC1=CC(=O)N(Nc2nc(-c3cccs3)nc3scc(-c4cccc(Cl)c4)c23)C1=O,4.936903953552246,5.121030330657959,5.0289671421051025
COc1ccc(CN2CCC(CNC(=O)c3cc4c(C)nn(-c5ccccc5)c4s3)CC2)cc1,6.19451379776001,6.323949337005615,6.2592315673828125
CC1CN(C2CCC(c3ccc(F)cc3)CC2)CCN1C(=O)c1cc(C(F)(F)F)cc(C(F)(F)F)c1,6.046145915985107,7.164534568786621,6.605340242385864
N#Cc1ccccc1C(=O)N1CCC(N2CCN(c3ccccc3OC(F)(F)F)CC2)CC1,6.001079559326172,6.097538471221924,6.049309015274048
O=C1Cc2cc(C(=O)c3ccnc4c3NCCC4)ccc2N1,7.159603118896484,5.008573055267334,6.084088087081909
COc1cc2nc(N3CCN(C(=O)c4ccco4)CC3)nc(N)c2cc1OC,5.075361728668213,4.784467697143555,4.929914712905884
CSc1ccc2nc3c(c(Cl)c2c1)CCNC3=O,6.040833473205566,6.452788352966309,6.2468109130859375
O=C(NCCN1CCN(C2CCc3ccccc3C2)CC1)c1cnc2ccccn12,6.017091751098633,5.926467418670654,5.9717795848846436
Clc1ccc(N2CCN(Cc3noc4ccccc34)CC2)cc1,5.529800415039063,5.380564689636231,5.455182552337647
CCC1(O)C(=O)OCc2c1cc1n(c2=O)Cc2ccccc2-1,6.025402545928955,5.781694889068604,5.903548717498779
CCN(CC)C(=O)COc1ccc(C2C=CC3(CN(C)CC(=O)O)CC3)O2)cc1,,,
Cc1ncoc1-c1nnc(SCCCN2CC3CC3(c3ccc(Br)cc3F)C2)n1C,7.457480430603027,9.015399932861328,8.236440181732178
Cc1cc(Cl)ccc1N1CCN(CCCOc2ccc3c(c2)NC(=O)CC3)CC1,7.625837326049805,7.465508460998535,7.54567289352417
N#Cc1ccc(-c2ccc(C3CCC(N4CCN(c5ccc(C(F)(F)F)nn5)CC4)CC3)cc2)cc1,6.2652997970581055,6.896162986755371,6.580731391906738
CC1(C)C(N=C(O)C2CCC3(CC2)CC(=O)c2ccccc2O3)C1=O,5.401277542114258,6.785728454589844,6.093502998352051
CN1CCc2c(sc3ncn(CCN4CCN(c5cccc(Cl)c5Cl)CC4)c(=O)c23)C1,7.474087715148926,7.908843517303467,7.691465616226196
CC1=C(C(=O)NCCCN2CCC(c3c[nH]c4cc(F)ccc34)CC2)C(c2ccc(F)c(F)c2)CC(=O)N1C,6.526095867156982,6.699944496154785,6.613020181655884
CC(C)(C)N1CCN(CCCCOc2ccc3c(c2)-c2n[nH]c(-c4ccc(C#N)nc4)c2C3)CC1,6.192477226257324,7.714887619018555,6.9536824226379395
O=C(NCC1CCCCN1CCc1c[nH]c2ccc(Cl)cc12)c1cc(I)ccc1F,7.49995231628418,7.224086761474609,7.3620195388793945
CC(C)C(NC(=O)c1ccccc1)C(=O)N1CCCC1C(=O)NC1CCCN(C(=O)C(C)C)C1,6.743063449859619,7.713151931762695,7.228107690811157
O=C(NC(Cc1c[nH]c2ccccc12)C(=O)Nc1ccncc1)c1ccc(-c2cccc(F)c2)cc1F,5.720536708831787,5.8750739097595215,5.797805309295654
CCOc1ccccc1N1CCN(C2CCC(N3C(=O)CN(C)C3=O)CC2)CC1,6.6530938148498535,7.780303955078125,7.216698884963989
Oc1ccc2c(c1)OC(CNCc1ccc(I)cc1)CC2,9.396833419799805,8.504552841186523,8.950693130493164
O=C1CCc2ccc(OCCCCN3CCN(c4cccc(Cl)c4Cl)CC3)nc2N1,8.820858001708984,7.946712017059326,8.383785009384155
COc1ccccc1N1CCN(CC=CCNC(=O)c2cc3ccccc3s2)CC1,7.580217361450195,8.67386531829834,8.127041339874268
CCCN(CCN1CCN(c2ccnc3cc(Cl)ccc23)CC1)C1CCc2c(O)cccc2C1,7.796813011169434,8.927448272705078,8.362130641937256
O=C(NCCCCN1CCN(c2cccc(Cl)c2Cl)CC1)c1cc2ccccc2cn1,6.880761623382568,9.034954071044922,7.957857847213745
CC(NC1C(=O)C(=O)C1=Nc1ccncc1)C1CCCCC1,4.835392475128174,5.14746618270874,4.991429328918457
Oc1[nH]cc2ccc(OCCCN3CCN(c4cccc5cccc(F)c45)CC3)c(F)c12,8.132925987243652,7.728142738342285,7.930534362792969
O=C(CCCN1CCC(c2ccccc2)CC1)c1ccc(F)cc1,7.774972915649414,6.533056735992432,7.154014825820923
COc1cc(I)ccc1S(=O)(=O)NC1CCC(N2CCC(c3c[nH]c4ccc(F)cc34)CC2)CC1,7.458547592163086,7.891462326049805,7.675004959106445
COc1ccccc1N1CCN(CCCCN2CCC3(C=Cc4ccccc4O3)CC2)CC1,7.217345237731934,7.872060775756836,7.544703006744385
COc1cc(NC(=O)C2CC2)c(Cl)cc1C(=O)NC1CCN(C2CCCCC2)C1,6.482539176940918,7.776810646057129,7.129674911499023
CCCN1CC(CSC)OC2(CCCC2)C1=O,5.981938362121582,5.89388370513916,5.937911033630371
O=C(NC1CCc2ccc(CCN3CCN(c4nsc5ccccc45)CC3)cc21)c1cccs1,7.400638580322266,6.586479663848877,6.993559122085571
CC(C)OC(=O)c1ccc(NC(=O)NCC2CCCCC2)cc1,6.757171154022217,6.324774265289307,6.540972709655762
CCN1CCc2cccc3c2C1Cc1ccc(O)c(O)c1-3,8.332849502563477,7.980976104736328,8.156912803649902
N#Cc1ccc(C(=O)NC2CCC(N3CCN(c4ccccc4OCCF)CC3)CC2)s1,7.702270984649658,8.377250671386719,8.039760828018188
N#Cc1ccccc1-c1ccc2c(c1)CC(NCC(O)c1ccc(Cl)cc1)C2,5.7514848709106445,6.011689186096191,5.881587028503418
CCCN(CC=CI)C1CCc2ccc(O)cc2C1,6.94718074798584,7.589116096496582,7.268148422241211
COc1ccccc1N1CCN(CCCCc2cc(C)sn2)CC1,8.014204025268555,7.614727973937988,7.8144659996032715
O=S(=O)(NC1CCN(Cc2ccccc2)CC1)c1cccc2cnccc12,6.628612518310547,6.932704925537109,6.780658721923828
COc1ccc2c(c1)N(CCCCN1CCN(c3ccccc3OC)CC1)c1ccccc1S2,7.229034423828125,7.867556095123291,7.548295259475708
O=C1CN(C2CCC(c3ccc(F)cc3)CC2)C(=O)CN1CC1CC3CCC1C3,7.188302516937256,8.166549682617188,7.677426099777222
CCCN1CCCCC2Cc3[nH]ncc3CC21,7.045985221862793,7.731148242950439,7.388566732406616
COc1ccc(-c2cncnc2N(CCCN2CCN(c3cccc4cc(F)ccc34)CC2)C(=O)CN(C)C)cc1,6.465137481689453,6.127077102661133,6.296107292175293
COc1cccc(N2CCN(Cc3c[nH]c4ncccc34)CC2)c1,6.224445819854736,5.991852760314941,6.108149290084839
Oc1ccc2c(C(O)CNCCCCCN3CCN(c4cccc5cc(F)ccc45)CC3)cccc2n1,7.084778785705566,7.467297077178955,7.276037931442261
COc1cc(NC(=O)C2CCC(=O)N2CCCC2)cc(OC)c1OC,,,
CCCN1CCc2c([nH]c3ccc(C(=O)NC4CCC(O)CC4)cc23)C1,5.774657249450684,6.991218566894531,6.382937908172607
COc1ccc2c(c1)Cc1c(-c3ccc(C)s3)c[nH]c1-2,6.211214065551758,5.62053108215332,5.915872573852539
O=C1CC(CN2CCC(C(=O)c3ccc(Br)cc3)CC2)Cc2[nH]c3ccccc3c21,6.034271240234375,6.745321750640869,6.389796495437622
COc1ccc(NC(=O)N2CCC3(CC2)CCN(CC(=O)c2cc(C(F)(F)F)ccc2O3)CC2C4CC5CC(C4)C2C3)cc1-c1cnn(C)c1,,,
CN1CCN(c2ncc3cc(-c4cccc(C(F)(F)F)c4)c(=O)n(C4CCCCC4)c3n2)CC1,6.421871662139893,5.975661277770996,6.198766469955444
CN1CCN(CCCNc2nc(NCc3ccc(S(N)(=O)=O)cc3)nc(N3CCOCC3)c2C#N)CC1,6.104194641113281,5.919595241546631,6.011894941329956
O=C(CCCN1CCN(c2cccc(Cl)c2Cl)CC1)Nc1ccc(F)cc1,8.158203125,7.258960247039795,7.7085816860198975
COc1ccccc1N1CCN(CCCCNC(=O)C23CCC(CF)(CC2)C3)CC1,6.4669060707092285,7.854904174804687,7.160905122756958
Cc1ncoc1-c1nnc(SCCCN2CC3CC3(c3ccc(C(F)(F)F)cc3)C2)n1C,6.68971061706543,8.816183090209961,7.752946853637695
COc1ccccc1N1CCN(CCCCNC(=O)C=Cc2cccc(OC)c2OC)CC1,7.719025135040283,8.811306953430176,8.26516604423523
CCCN(CCC)C1Cc2ccc(O)cc2C1,7.698046684265137,8.220233917236328,7.959140300750732
OCCCCN1CCN(CCn2ccnc2-c2ccncc2)CC1,5.210463047027588,5.784742832183838,5.497602939605713
N#Cc1ccccc1C(=O)NCCCN1CCN(c2cccc(Cl)c2Cl)CC1,7.044898509979248,7.043246269226074,7.044072389602661
CN1C(=O)C2(CNC(=O)c3ccc(Cl)cc32)c2cc(F)ccc21,7.130380630493164,6.392253875732422,6.761317253112793
COc1cc(N2CCN(C(=O)C3CCC(c4ccccc4)CC3)CC2)ccc1N1CCN(C)CC1,5.84618616104126,6.753433704376221,6.29980993270874
CCCCCCN1C=CC(=Cc2ccc(NC(=O)c3ccccc3F)cc2)C=C1,6.608084201812744,6.211742401123047,6.4099133014678955
N#Cc1ccc(OCCN2CCN(c3ccc(F)cc3OC3CCOCC3)CC2)cc1,7.887917518615723,6.625454902648926,7.256686210632324
O=C(NCC=CCN1CCN(c2cccc(Cl)c2Cl)CC1)c1ccc(F)cc1,7.753270149230957,8.86068344116211,8.306976795196533
CCCN(CCC)C1CCc2c(OC)cccc2C1,7.511783599853516,7.2270307540893555,7.3694071769714355
COc1ccccc1N1CCN(CCCCNC(=O)c2cc3cccc(OCCOCCOCCOCCOCCOc4ccc(CN5CCN(C)CC5)cc4OC)c3o2)CC1,6.269228458404541,7.421803474426269,6.845515966415405
CN(C)CCN1CC=C2C(CO)C(O)(c3cccc(Cl)c3)CN2C1,6.136909008026123,7.119902610778809,6.628405809402466
CCCN(CCN1CCN(c2ccnc3ccccc23)CC1)C1CCc2c(O)cccc2C1,7.865855693817139,8.81264877319336,8.339252233505249
Oc1ccccc1N1CCN(CCCCOc2ccc3c(c2)sc(=O)n3CCN2CCCCC2)CC1,7.572732925415039,8.473348617553711,8.023040771484375
COc1ccccc1N1CCN(CCCCNC(=O)c2cc3ccccc3o2)CC1,7.030130386352539,8.543245315551758,7.786687850952148
O=C(NCc1ccccc1)N(CCCN1CCN(c2ccccc2OCCF)CC1)CC1CCC1,6.508498668670654,6.032315254211426,6.27040696144104
COc1cccc2c1CCC1CN(CCn3c(=O)[nH]c4cc(Cl)ccc4c3=O)CC21,7.512813091278076,7.630751609802246,7.571782350540161
CCOc1ccccc1N1CCN(CCCCC(=O)N=CC2Nc3cc(Cl)ccc3C(=O)N2c2cccc(F)c2)CC1,6.535922527313232,7.406310081481934,6.971116304397583
O=C1CCCCCN1CCn1ccc2ccccc21,7.523697376251221,5.922016620635986,6.7228569984436035
CC(c1ccccc1)N1CCN(CCCNc2nccc(-c3ccc(C(=O)NCCO)cc3)n2)CC1,5.55034065246582,6.291751861572266,5.921046257019043
CCCN1CCCC2Cc3n[nH]cc3CC21,7.44367504119873,7.752826690673828,7.598250865936279
CC=S(O)(O)=CCC(NC(=O)C(Cc1ccccc1)OC)C(=O)NC(CC1CCCCC1)C(=O)NCCN1CCOCC1,5.968801975250244,5.924998760223389,5.946900367736816
OC1(c2ccc(Cl)c(Cl)c2)CC2CCC(C1)N2Cc1coc2ccccc12,7.604947090148926,8.59260368347168,8.098775386810303
CCOc1ccccc1N1CCN(CCCCc2ccc3c(c2)NC(=O)CO3)CC1,8.331398010253906,7.694840431213379,8.013119220733643
O=c1cc2oc3cc(O)c(O)cc3c(-c3cccc(I)c3)c-2cc1O,7.917832374572754,7.055397987365723,7.486615180969238
COc1ccc(-c2ccc(NC(=O)Nc3ccc(OC(F)(F)F)cc3)cc2)c2c(N)noc12,7.028189182281494,5.23690938949585,6.132549285888672
CN1CCN(C2Cn3cccc3Sc3ccc(F)cc32)CC1,8.455344200134277,8.19658088684082,8.325962543487549
COc1ccc2cn(CC3(c4ccc(-c5cccc(C(F)(F)F)c5)cc4)NC(=O)NC3=O)c(O)c2c1,6.3051300048828125,5.943567276000977,6.1243486404418945
CCN(CC)C(=O)c1ccc(C)c(N2CCN(Cc3cc(C)ccc3C)CC2)c1,6.415131092071533,6.924450397491455,6.669790744781494
NC(COc1cncc(-c2ccc3c(c2)C(=Cc2cc(F)cc(F)c2O)C(=O)N3)c1)Cc1ccccc1,5.706884860992432,6.104286670684815,5.905585765838623
CN1CCc2cccc3c2C1Cc1ccc(O)c(O)c1-3,7.594958782196045,7.866142272949219,7.730550527572632
COc1ccccc1N1CCN(CC(O)CN2CCC(=O)CC2)CC1,5.464150428771973,5.235952377319336,5.350051403045654
O=C1N=C2CCNCC2C1=CN1CCN(c2cccc3ccccc23)CC1,6.06810188293457,6.614829063415527,6.341465473175049
O=C(O)c1cccc(-n2c(-c3ccc(Cl)cc3)nc3cnc(N4CCNCC4)nc32)c1,5.172034740447998,4.758821487426758,4.965428113937378
COc1ccccc1N1CCN(CCCCNC(=O)c2ccc(-c3ccccc3)cc2)CC1,7.363232612609863,8.831467628479004,8.097350120544434
COc1ccc(S(=O)(=O)NC2CCC(N3CCN(c4ccccc4OC)CC3)CC2)cc1,6.738318920135498,7.586106777191162,7.16221284866333
C#Cc1ccccc1SCCN1CCC(c2nc3ccccc3[nH]2)CC1,7.631348609924316,7.278763294219971,7.4550559520721436
COc1cc2c(cc1OC)-c1n[nH]c(Nc3cccc(F)c3)c1C2,6.577808856964111,5.6129536628723145,6.095381259918213
CCCOc1ccccc1OCCNCC1COc2ccccc2O1,7.646668910980225,8.001717567443848,7.824193239212036
CCCN1CCCC2Cc3n[nH]cc3CC21,7.44367504119873,7.752826690673828,7.598250865936279
CSc1ccc2nc3c(c(Cl)c2c1)CCNC3=O,6.040833473205566,6.452788352966309,6.2468109130859375
O=C(NC1CCC(CCN2CCN(c3ccc(Cl)cc3Cl)CC2)CC1)c1ccc(F)cc1,7.458619117736816,8.233896255493164,7.84625768661499
COc1cccc(C(=O)NC2CC3CCCC(C2)N3Cc2ccco2)c1OC,6.824935436248779,7.964003562927246,7.394469499588013
Cc1ccc2c(c1)NC(=O)c1ccccc1N2,8.073823928833008,5.629068374633789,6.851446151733398
COc1cccc(C(=O)NCCCN2CCN(c3ccccc3OC)CC2)c1,6.368534564971924,7.066389560699463,6.717462062835693
CN1CCN(C2=Cn3cncc3Sc3ccc(Cl)cc32)CC1,7.863768577575684,8.006135940551758,7.934952259063721
Oc1nc2cccc(N3CCN(Cc4cnc5c(c4)CN(Cc4ccc(Cl)cc4)CC3)c2o1,,,
COc1cccc(OC)c1C1CC(C)C(=O)N1Cc1ccc(OCCN2CCCCC2)cc1,6.923700332641602,6.229854583740234,6.576777458190918
O=C(NCC1CCNCC1)c1ccc(-c2ccc(Cl)cc2)cc1,5.106729030609131,6.90487003326416,6.0057995319366455
CC(C)c1nc(CN(C)C(=O)NC(Cc2c[nH]c3ccccc23)C(=O)OC2CC[N+](C)(Cc3ccc4c(c3)OCO4)CC2)cs1,6.723211765289307,5.475447654724121,6.099329710006714
CCCN(CCc1cccs1)C1CCc2ccc3[nH]ccc3c2C1,7.883999824523926,7.973012924194336,7.928506374359131
CCCN(CCC1CCC(NS(=O)(=O)c2cccc3cccnc23)CC1)C1CCc2nc(N)sc2C1,7.4934821128845215,8.789554595947266,8.141518354415894
CN1CCN(Cc2ccc3c(c2)Cc2c(-c4csc(C#CCOCC5CC5)c4)n[nH]c2-3)CC1,5.907994270324707,6.268299102783203,6.088146686553955
CCCN(CCCCCN1CCN(c2ccccc2OC)CC1)C1CCc2ccc(O)cc2C1,8.155641555786133,8.086042404174805,8.120841979980469
O=C(NCCCCN1CCN(c2cccc(Cl)c2Cl)CC1)c1cc2ccccc2[nH]1,7.3425798416137695,9.333035469055176,8.337807655334473
N#Cc1ccccc1C(N)=NOCCCN1CCN(c2cccc(Cl)c2Cl)CC1,7.556731700897217,8.008076667785645,7.782404184341431
CN(C)CCCSc1cc(F)ccc1Br,6.395473957061768,6.875550746917725,6.635512351989746
O=C(NCCc1cccc(F)c1)N1CCC(N2CCN(c3ccccc3OC(F)(F)F)CC2)CC1,6.053110122680664,6.6634392738342285,6.358274698257446
CCCCCCCN1CCN(c2cccc3[nH]ccc23)CC1,7.914103031158447,7.157023906707764,7.5355634689331055
COc1ccccc1N1CCN(CCCCNC(=O)c2csc3ccccc23)CC1,7.368910312652588,8.88443374633789,8.12667202949524
O=C(c1csnn1)N1CCc2cc(OCCCN3CCN(c4ccc(O)cc4)CC3)ccc2CC1,5.784977912902832,6.634964466094971,6.209971189498901
Cc1cccc(CC(NC(=O)c2cccn2C)C(=O)NCCCN2CCC3(CC2)OCCO3)c1,5.815771579742432,5.85915994644165,5.837465763092041
Cn1cc(C2CC2CNCC2c2ccc(F)c3c2OCCO3)cn1,,,
COc1ccc(S(=O)(=O)Nc2cc(Br)cc(Br)c2Br)cc1N1CCN(C)CC1,6.180392742156982,7.118265151977539,6.649328947067261
CCCN(CCN1CCN(c2ccnc(-c3ccccc3)n2)CC1)C1CCc2ccc(O)cc2C1,6.624055862426758,8.324906349182129,7.474481105804443
CC1CCc2c(sc3ncn(CCN4CCN(c5ccccn5)CC4)c(=O)c23)C1,6.841545104980469,7.227211952209473,7.034378528594971
Oc1ccc2c(c1)OC(CNCc1ccccc1)CC2,8.810507774353027,8.251326560974121,8.530917167663574
Oc1nc2c(O)ccc(C(O)CNCCc3ccc(CNCCc4ccccc4F)cc3)c2s1,6.095710754394531,6.755557537078857,6.425634145736694
COc1ccccc1N1CCN(CCCCNC(=O)c2cc3ccc(I)cc3[nH]2)CC1,7.523892402648926,9.215585708618164,8.369739055633545
O=C(NCCF)NCCCN1CCN(c2cccc(Cl)c2Cl)CC1,7.287322998046875,7.275991439819336,7.2816572189331055
O=C(NC1CCC2(O)C3Cc4ccc(O)c5c4C2(CCN3CC2CC2)C1O5)c1cccc2c1OCCO2,7.990943908691406,8.364604949951172,8.177774429321289
O=C(c1ccc(F)cc1)C1CCN(CCCSc2ccc(I)cc2)CC1,7.456103324890137,7.545515060424805,7.500809192657471
CCCCN(CCCC)C1CCc2ccc3[nH]ccc3c2C1,7.663438320159912,7.27394962310791,7.468693971633911
Clc1ccccc1N1CCN(CCCCNc2ccccc2)CC1,8.420434951782227,7.550666809082031,7.985550880432129
Cn1cc(C2=CCN(CCCCN3CCN(c4cccc(C(F)(F)F)c4Cl)CC3)CC2)c2ccccc21,7.735599994659424,7.803459167480469,7.769529581069946
CCCN(CCC)C1CCc2c(cccc2-c2ccccc2)C1,7.303905487060547,7.553225517272949,7.428565502166748
COc1ccc(CCCCNCCOc2cc(F)cc3c2OCCC3)cc1,8.719643592834473,7.089405536651611,7.904524564743042
COc1ccccc1N1CCN(CCCCNC(=O)c2ccc3[nH]c(=O)c(-c4ccccc4)cc3c2)CC1,7.647049903869629,8.447734832763672,8.04739236831665
CN1CCCN(C2=Cc3ccccc3Oc3ccc(Cl)cc32)CC1,7.736908435821533,7.396930694580078,7.566919565200806
CCCc1cc(C2=NCC(C)N2)cc(Br)c1O,6.922178268432617,7.412835121154785,7.167506694793701
CCN(CCCCN1CCN(c2cccc(Cl)c2Cl)CC1)C(=O)C1CCc2c(O)cccc2C1,7.491023540496826,8.566144943237305,8.028584241867065
COc1ccccc1N1CCN(CCCCNC(=O)c2ccc3ccccc3c2)CC1,7.298825263977051,8.823211669921875,8.061018466949463
CC1=C(C2=C(C)C(=O)c3ccccc3C2=O)CC(C)N1CCN1CCN(C)CC1,5.875448703765869,7.289285659790039,6.582367181777954
CCN1CCN(CCCC(=O)Nc2nnc3[nH]c(-c4ccccc4)c(Br)cc2-3)CC1,6.795138359069824,6.768012523651123,6.781575441360474
COc1ccccc1N1CCN(CCCCc2ccc3c(c2)sc(=O)n3CCN2CCC(C(=O)c3ccc(F)cc3)CC2)CC1,8.00527572631836,7.863858699798584,7.934567213058472
O=C1N(CCN2CCCCCC2)CCN1c1cccc(Cl)c1,8.184910774230957,7.69587230682373,7.940391540527344
CCCN1C(C)=CC(=C2Cc3ccc(O)cc3CC2NCC(C)(C)C)CC1=O,6.752116680145264,6.908445358276367,6.830281019210815
CN(C)CCCC1(c2ccncc2)Cc2ccc(Cl)cc2C1,6.987462997436523,7.077059745788574,7.032261371612549
CC=S(O)(O)=Nc1cccc(C2CCN(CCCC(c3ccc(F)cc3)c3ccc(F)cc3)CC2)c1,7.33607292175293,6.834043502807617,7.085058212280273
CCCN(CCN1CCN(c2ccnc3ccccc23)CC1)C1CCc2ccc(O)cc2C1,7.62115478515625,8.850151062011719,8.235652923583984
CC(N)C1CCC(C(=O)Nc2ccncc2)CC1,4.979025363922119,6.633879661560059,5.806452512741089
COc1ccccc1N1CCN(CCCCN=C2C(=O)N(C)N=C(c3ccc(C)cc3)C2C(C)=O)CC1,5.798804759979248,6.509631156921387,6.154217958450317
Cc1ccccc1C(=O)NC1CCN(CCN2C(=O)CC3(CCCC3)CC2=O)CC1,6.724491119384766,7.8657307624816895,7.2951109409332275
CC(C)Oc1ccccc1N1CCN(Cc2ccc(CN3CCCCCC3=O)n2C)CC1,8.326491355895996,6.791319370269775,7.558905363082886
Cc1cccc(NC(=O)NC2CCC(N3CCN(C)CC3)CC2)c1,4.364166259765625,8.000990867614746,6.1825785636901855
O=C1CC=CN(Cc2ccccc2Cl)C1=NCCCN1CCN(c2cccc(Cl)c2Cl)CC1,6.530453681945801,6.830376148223877,6.680414915084839
CCCN1CCOC2c3cc(O)ccc3OCC21,6.911255836486816,7.595248222351074,7.253252029418945
Cc1ccc(C(=O)NC2CC2)cc1NC(=O)c1cccs1,6.002829074859619,6.519883155822754,6.2613561153411865
COc1cccc(C2CC2CN2CCC3(CC2)OCc2ccccc23)c1,6.61867618560791,6.927780628204346,6.773228406906128
O=C(NCCc1ccc(Br)cc1)C1CCCN1C(=O)C1CCCN1C(=O)CC(c1ccc(Cl)cc1)(c1ccc(Cl)cc1)c1ccc(Cl)cc1,6.386075973510742,6.122141361236572,6.254108667373657
CCCN1CCc2nc(N)sc2CC1,5.824369430541992,7.821819305419922,6.823094367980957
COc1ccccc1N1CCN(CCCCn2c(=O)[nH]c3sc(-c4ccccc4)cc3c2=O)CC1,7.647653579711914,8.22708511352539,7.937369346618652
Oc1ccc2c(c1)OC(CNCc1ccc3c(c1)OCO3)CC2,9.00836181640625,7.878252029418945,8.443306922912598
FC(F)(F)c1cccc(COCC2(c3ccccc3Cl)CCNCC2)c1,6.36026668548584,5.682992458343506,6.021629571914673
COc1cccc(C(=O)NCCCN2CCN(c3cccc(Cl)c3Cl)CC2)c1,6.462676525115967,7.537460327148437,7.000068426132202
CC1=CCC2C(C1)c1c(O)cc(C(C)(C)CCCCC(=O)NCCO)cc1OC2NC1CC1,6.795073509216309,7.197122573852539,6.996098041534424
Cc1cc(C)c2sc(N3CCN(CCCCn4cc(Cl)cn4)CC3)nc2c1,6.74749231338501,7.392617702484131,7.07005500793457
CCCN(CCC)C1CCc2ccc(O)cc2C1,7.70214319229126,8.176800727844238,7.939471960067749
O=C1N(CCN2C=CC=C3c4ccccc4CCc4ccc(O)cc43)CC2)CCN1c1ccccn1,,,
CC(C)Oc1ccccc1N1CCN(C2CCC(NS(=O)(=O)c3ccc(Cl)c(Cl)c3)CC2)CC1,7.618412971496582,8.517532348632812,8.067972660064697
Oc1cccc(CN2CCC(CCOc3cccc4[nH]c(O)nc34)CC2)c1,7.416365146636963,7.737367630004883,7.576866388320923
CC(C)CC1C(=O)N2CCCC2C2(O)OC(NC(=O)C3Cc4c(cc5c[nH]c6c5c4C=CC6)N(C)C3)(C(C)C)C(=O)N12,8.890249252319336,9.544561386108398,9.217405319213867
CN1CCN(C2=Nc3cc(Cl)ccc3N(NC(=O)c3cccc(F)c3)c3ccccc32)CC1,6.400423049926758,6.55550479888916,6.477963924407959
O=C1CCc2ccc(OCCCCN3CCN(c4cccc5nc(C(F)(F)F)[nH]c45)CC3)nc2N1,9.089163780212402,7.735749244689941,8.412456512451172
Cc1ccccc1-c1cccn2nc(Nc3ccccc3)nc12,7.257505416870117,5.627690315246582,6.44259786605835
CCCN1CCCC2Cc3n[nH]cc3CC21,7.44373893737793,7.752826690673828,7.598282814025879
OC1(c2ccc(Cl)c(Cl)c2)CC2CCC(C1)N2Cc1coc2ccc(OCCN3CCCC3)cc12,7.45728588104248,8.583976745605469,8.020631313323975
COC(=O)c1ccc2c(c1)CCN(CCCNc1nc3ccc(F)cc3s1)C2,6.84367561340332,6.1832427978515625,6.513459205627441
NC(=O)c1ccc(CN2CCN(Cc3cn[nH]c3-c3cccc(C(F)(F)F)c3)CC2)cc1,6.497445106506348,6.577821254730225,6.537633180618286
Clc1ccc(NC2=NCCN2)cc1Cl,6.9741973876953125,6.732761383056641,6.853479385375977
Cc1c(Cl)cccc1N1CCN(CCCCNC(=O)c2ccc(F)c3c(C)[nH]nc23)CC1,7.104215621948242,7.6617326736450195,7.382974147796631
CNC(=O)C1Cc2c([nH]c3ccc(N)cc23)CN1C(=O)CCC(F)(F)F,7.385740280151367,6.799776077270508,7.0927581787109375
O=C(CCCCN1CCC2(CC1)C(=O)N(CCc1ccccc1)CN2c1ccccc1)Nc1cccc(C(F)(F)F)c1,8.660541534423828,8.12568473815918,8.393113136291504
N#Cc1cccc(NC(=O)NCCCCN2CCN(c3cccc(Cl)c3Cl)CC2)c1,7.906792640686035,8.868996620178223,8.387894630432129
CCOC(=O)Nc1ccc(S(=O)(=O)Nc2ccc(CCN3CCN(c4nsc5ccccc45)CC3)cc2)cc1,7.942846775054932,6.566829681396484,7.254838228225708
CC1CN(C2CCN(CCC3CCC(NS(=O)(=O)c4cccc(F)c4)CC3)CC2)CCN1,5.6049323081970215,6.84703254699707,6.225982427597046
CN1CCCCC1Cn1nc(Cc2ccc(Cl)cc2)c2ccccc2c1=O,6.493525505065918,6.460799217224121,6.4771623611450195
COc1cccc(C(=O)NC2CC3CCCC(C2)N3Cc2ccc(F)cc2)c1OC,8.1524019241333,8.251932144165039,8.20216703414917
O=C(NCCCN1CCN(c2cccc(Cl)c2Cl)CC1)c1cc2c3c(c1)CCc1nn(C4CCCC4)cc1-3,,,
COc1ccc2cc(-c3cncc(N4CCN(Cc5ccncc5)CC4)n3)ccc2c1,5.245379447937012,6.280037879943848,5.76270866394043
COc1ccc(NC(=O)Nc2ccc(S(=O)(=O)Nc3ccccc3)cc2)cc1N1CCN(C)CC1,6.878855228424072,5.99825382232666,6.438554525375366
CCN1CCN(CCCCN2c3ccccc3Sc3ccc(C(F)(F)F)cc32)CC1,7.055807590484619,7.2216057777404785,7.138706684112549
Clc1ccc(-n2cc(CCCCN3CCN(c4ccccc4OCc4nnc(-c5ccccc5)o4)CC3)cn2)cc1,6.6325297355651855,7.733414649963379,7.182972192764282
Cc1oc(C2CCCN2C(=O)OC(C)(C)C)nc1-c1ccc2c(c1)C(C)(C)CN2C(=O)C1CC1,6.122697353363037,6.6990156173706055,6.410856485366821
COc1ccccc1N1CCN(CCc2ccc3c(c2)nc(O)n3CCOC(=O)N2CCN(c3ccccc3OC)CC2)CC1,7.289274215698242,6.554962635040283,6.922118425369263
Oc1ccccc1N1CCN(CC2COc3ccccc3O2)CC1,8.486137390136719,7.696238994598389,8.091188192367554
C=CCN1CCCC1CNC(=O)c1c(O)c(Cl)cc(Cl)c1Cl,7.581376075744629,8.704943656921387,8.143159866333008
O=C(NC1CC(C(=O)N2CCc3cc(I)ccc32)C1)c1ccc(F)cc1,7.479616641998291,7.291818618774414,7.3857176303863525
CN1CCc2cc(-c3ccc(Cl)c(C(=O)N4CCCC4)c3)cc3n[nH]c(O)c23)C1,,,
CCC(=O)NC1CC(C(=O)N(CC)CC)CC(c2ccc(F)cc2)C1,7.31181001663208,7.480250358581543,7.3960301876068115
CCCN(C(=O)Nc1ccc2c(c1)CC(C(=O)O)N2)C1CCCC1,7.367734909057617,5.516145706176758,6.4419403076171875
O=C(Nc1ccc(S(=O)(=O)Nc2ccccc2)cc1)C1CCCN1Cc1ccccc1,7.0257086753845215,6.864014148712158,6.94486141204834
COc1ccc2c(c1)CCC1CN(CCCC(=O)c3ccc(F)cc3OC)CCN12,7.322930335998535,6.939996242523193,7.131463289260864
CCCN(CCN1CCN(c2ccc(-c3ccccc3)cc2)CC1)C1CCc2ccc(O)cc2C1,7.323070526123047,8.55698299407959,7.940026760101318
O=C1CC2(CCCC2)CC(=O)N1CCN1CCN(c2ccccc2Cl)CC1,6.975222110748291,8.108901977539062,7.542062044143677
CC(C)Oc1ccccc1N1CCN(Cc2ccc(CN3CCCCC3=O)n2C)CC1,8.190450668334961,6.869896411895752,7.5301735401153564
O=C(CCCN1CCC2(CC1)C(=O)NCN2c1ccc(-c2ccccc2)cc1)c1ccc(F)cc1,8.50373363494873,7.902053356170654,8.202893495559692
Cc1c(-c2ccc3c(c2)OCO3)cnn1-c1ccc(O)cc1,7.226472854614258,6.102785110473633,6.664628982543945
CN1CCCN(C2=Nc3cc(Cl)ccc3Nc3ccccc32)CC1,6.364641189575195,6.745408535003662,6.555024862289429
CC#CC1=CCC(N(CCC)CCCC)CC1,6.4579668045043945,6.346689224243164,6.402328014373779
FC(F)(F)c1cc2cc(Cl)ccc2n1CCC1CCCN1CCCCc1ccccc1,7.421728134155273,7.0082173347473145,7.214972734451294
Cc1ccccc1N1CCN(CCCOc2ccc3ccc(O)nc3c2)CC1,7.830174446105957,7.8734846115112305,7.851829528808594
COc1ccccc1N1CCN(CCCCC(=O)N2Cc3ccccc3CC2C(N)=O)CC1,7.350410461425781,6.897375106811523,7.123892784118652
CC(C)C(N1CCN(S(=O)(=O)N(C)Cc2cccc(C#N)c2)CC1)C(=O)NCCCN1CCC(c2c[nH]c3cc(F)ccc23)CC1,6.4702982902526855,6.5163893699646,6.493343830108643
O=Cc1ccc(N2CCc3ccc4[nH]c(O)cc4c3C2)cc1,6.785749435424805,5.368486881256104,6.077118158340454
O=C1CCc2ccc(OCCCCN3CCN(c4cccc(Cl)c4Cl)CC3)nc2N1,8.820858001708984,7.946712017059326,8.383785009384155
COc1ccccc1N1CCN(CCCCc2ccc3c(c2)sc(=O)n3CCCN2CCOCC2)CC1,7.242812156677246,7.414845943450928,7.328829050064087
CCN1CCc2cc(OCCF)cc3c2C1Cc1ccc(O)c(O)c1-3,8.283638000488281,7.251042366027832,7.767340183258057
Fc1ccc(-c2nccc(CN3CCN(c4ncccn4)CC3)n2)cc1F,5.031434059143066,5.689637184143066,5.360535621643066
Clc1ccc(Cl)c(CNC2CCC(c3ccccc3)(c3ccccc3)CC2)c1,6.777000904083252,6.422428131103516,6.599714517593384
COc1cc(NC(=O)C2Cc3ccc(OCC(O)=NO)cc3CN2C(=O)C(C)(C)C)ccc1F,5.9760847091674805,4.18536901473999,5.080726861953735
CCCN(CCC)C1CCc2ccc(O)cc2C1,7.70214319229126,8.176800727844238,7.939471960067749
CN1CCc2c(sc3ncn(CCN4CCN(c5cccc6ccccc56)CC4)c(=O)c23)C1,7.933944225311279,7.499076843261719,7.716510534286499
CC(=O)C1CCN(C2CCC(n3nc(-c4ccc(NC(=O)c5cc6ccccc6n5C)cc4)c4c(N)ncnc43)CC2)CC1,5.249607563018799,5.908590793609619,5.579099178314209
Cc1ccc(N2CCN(CCCCC(=O)Nc3ccc4c(c3)-c3ccc(O)nc3)CC2)nc1,,,
CCCN(CCc1cccs1)C1CCc2c(O)cccc2C1,8.405183792114258,8.605388641357422,8.50528621673584
O=C1c2cc([N+](=O)[O-])ccc2CCN1CCc1ccccc1,6.46973180770874,6.823823928833008,6.646777868270874
Cn1nccc1-c1cc(NC(=O)c2ccc(Cl)cc2)ccc1OCCN1CCCCC1,6.605502128601074,5.951913833618164,6.278707981109619
CC1CN(C2CCN(C(=O)c3cc4ccccc4[nH]3)CC2)CCN1S(=O)(=O)c1ccc(C(C)(C)C)cc1,5.975734233856201,6.6866984367370605,6.331216335296631
CC(C)c1cccc(CN2CCC(CCCNC(=O)c3ccc(F)cc3)CC2)c1,6.789770603179932,7.072096347808838,6.930933475494385
CC#CCN1CC=C(c2c[nH]c3ccc(C#N)cc23)CC1,6.703806400299072,5.7287278175354,6.216267108917236
CC(C)Oc1ccccc1N1CCN(CCCCNC(=O)NC(=O)C=Cc2ccc(F)cc2)CC1,7.4868316650390625,8.180171966552734,7.833501815795898
COc1cc2c(cc1OC)CN(Cc1ccc(I)cc1)CC2,6.904955863952637,6.317809104919434,6.611382484436035
Oc1ccc(N2CCN(Cc3cn(-c4ccccc4)c4ccccc34)CC2)cc1,7.033595085144043,6.300652027130127,6.667123556137085
CCCN(CCC)C1CCc2c(O)cccc2C1,8.197704315185547,8.453039169311523,8.325371742248535
CCN(CC)CCc1c(-c2ccccc2)[nH]c2ccccc12,7.175495147705078,6.397107124328613,6.786301136016846
CCCc1ccc2c(c1)c(CCNCC1CCN(c3ccc([N+](=O)[O-])c(Cl)c3)CC1)cn2C,6.81284236907959,7.074041366577148,6.943441867828369
O=C1COc2cc(CCN3CCN(c4nsc5ccccc45)CC3)ccc2N1,7.8844780921936035,6.566196441650391,7.225337266921997
CCCCN(C)C1CCc2c(OS(=O)(=O)c3ccccc3)cccc2O1,6.089701652526856,6.91535758972168,6.502529621124268
O=C(NCCCCN1CCN(c2ccccc2OCCF)CC1)c1cc2ccccc2s1,7.431228160858154,9.117805480957031,8.274516820907593
Oc1nc2cc(N3CCN(Cc4ccccc4)CC3)ccc2n1C1CCCC1,6.648345947265625,6.290005207061768,6.469175577163696
O=C(NC1CCC(CCN2CCN(c3cccc(Cl)c3Cl)CC2)CC1)c1cccs1,8.053605079650879,8.922018051147461,8.48781156539917
O=C(NCC1CCCN1Cc1ccc(O)cc1)C1CCCN1C(=O)C1CCCCC1,6.6529083251953125,7.703610420227051,7.178259372711182
CC(C)(C)c1nc(N2CCN(CCCCn3cc(-c4ccc(F)cc4)nn3)CC2)cc(C(F)(F)F)n1,6.530573844909668,8.084600448608398,7.307587146759033
O=C(c1ccco1)N1CCN(c2nc(-c3ccncc3)cs2)CC1,3.54138445854187,4.8774733543396,4.209428906440735
COc1ccccc1N1CCN(CCn2c(O)nc3c4ccccc4nc-3c2O)CC1,7.072865962982178,7.220006465911865,7.1464362144470215
CCCc1cc(C(F)(F)F)nc2c1C(=O)NCC2,7.614213943481445,7.731714248657227,7.672964096069336
COc1ccc2cccc3c2c1CCC3CCNC(=O)C1CCCN1C,7.11447811126709,7.125907897949219,7.120193004608154
O=S(=O)(NCCCCN1CCN(c2nsc3ccccc23)CC1)c1coc2ccccc12,7.813995361328125,8.407272338867188,8.110633850097656
Oc1nc2ccccc2n1CCCCN1CC=C(c2cccc3ccccc23)CC1,7.308115482330322,8.28315258026123,7.795634031295776
COc1ccc2c(c1)CCc1sc(N)nc1-2,5.617221832275391,5.516105651855469,5.56666374206543
O=C1c2cc(F)ccc2CCC1CCN1CCN(c2ccccc2Cl)CC1,7.478127479553223,7.517548561096191,7.497838020324707
CCCN(CCCCN1C(=O)CC2(CCCC2)CC1=O)C1CCc2c(F)cccc2C1,7.266061305999756,8.845924377441406,8.055992841720581
O=C1c2ccccc2-c2n[nH]c3cccc1c23,5.871823787689209,5.170714855194092,5.52126932144165
CC(=O)NC1CCc2ccc(CCN3CCN(c4nsc5ccccc45)CC3)cc21,7.416705131530762,6.034064769744873,6.725384950637817
COc1ccccc1N1CCN(CCCCNC(=O)c2cc3ccc2OC)CC1,,,
CCCN1CCc2cc(F)cc3c2C1Cc1ccc(O)c(O)c1-3,8.650980949401855,8.49380874633789,8.572394847869873
O=C(C=Cc1ccc([N+](=O)[O-])cc1)OCCCc1c[nH]c2ccccc12,7.024535179138184,6.946537971496582,6.985536575317383
CN(C1CCCCC1)C1CCN(CCCC(=O)c2ccc(F)cc2)CC1,5.904249668121338,6.825491905212402,6.36487078666687
CN1CCN(c2ncc([N+](=O)[O-])c(I)c2)CC1,5.626559734344482,6.17615270614624,5.901356220245361
Oc1cc2c(OCCNCc3ccccc3)ccc(F)c2[nH]1,8.782026290893555,7.853747367858887,8.31788682937622
CC(C)CC1(C(=O)N2CCC(c3nc4ccccc4[nH]3)CC2)CCCN(C)C1,6.455871105194092,6.587197303771973,6.521534204483032
CCCN(CCN1CCN(c2ccccn2)CC1)C1CCc2ccc(O)cc2C1,6.907681465148926,8.235179901123047,7.571430683135986
CN(C)CCC=C1c2ccccc2CCc2ccccc21,6.382331371307373,6.8882551193237305,6.635293245315552
CC1CN(c2ccccc2NC(=O)c2ccc(Cl)s2)CCN1C(C)c1ccc(F)cc1,6.896796703338623,5.9982194900512695,6.447508096694946
COc1cccc(N2CCN(CCCCNc3cc(C)cc4nc(C)ccc34)CC2)c1,7.020843505859375,7.195144176483154,7.107993841171265
CCN(CC)c1ccc(C(=O)NCCN2CCN(c3ccccc3C#N)CC2)cc1,6.665101051330566,7.490102767944336,7.077601909637451
Cc1c(-c2ccccc2F)nc(O)n1C1CCN(CCCc2ccccc2)CC1,6.900151252746582,6.248833656311035,6.574492454528809
COc1ccccc1N1CCN(CCCCn2ccnc2)CC1,6.91044807434082,7.225812911987305,7.0681304931640625
O=C(NC1CCc2ccc(CCN3CCN(c4nsc5ccccc45)CC3)cc21)c1ccccc1F,7.325000286102295,6.360062599182129,6.842531442642212
O=C1N(CCN2CCC(C(F)(F)F)CC2)CCN1c1cccc(C(F)(F)F)c1,6.8798017501831055,8.472175598144531,7.675988674163818
CCOc1ccccc1N1CCN(Cc2c[nH]c3ccc(F)cc23)CC1,7.84298849105835,6.986502647399902,7.414745569229126
CCOc1ccccc1N1CCN(CCCCOc2ccc3nc(N)sc3c2)CC1,8.079596519470215,8.386739730834961,8.233168125152588
O=C1N(CCN2CC3CCC2C3)CCN1c1cccc(Cl)c1,7.770598888397217,8.383621215820312,8.077110052108765
COc1ccc(NC(=O)NC2CCC(N3CCN(c4ccccc4OC)CC3)CC2)cc1,7.616525173187256,7.108504295349121,7.3625147342681885
NC1CCC(CNC(=O)c2cc3c(-c4ccccc4)[nH]nc3s2)CC1,5.286913871765137,7.1522297859191895,6.219571828842163
NC(=O)c1ccc(-c2nc(-c3ccc4c(c3)OCO4)c(-c3ccccn3)[nH]2)cc1,6.002623081207275,6.307218074798584,6.15492057800293
COC(=O)C1C(C)=NC(C)=C(C(=O)NCCCN2CCC3(CC2)OCc2cc(Cl)ccc23)C1c1ccc([N+](=O)[O-])cc1,5.664929389953613,5.68446683883667,5.674698114395142
CC1CN(CCCCn2ncc3c(N4CCN(C)CC4)ncnc32)CCN1CC1CCCN(C(=O)c2ccc3c(c2)OCO3)CC1,5.38755464553833,6.324192523956299,5.8558735847473145
CCn1c(CN2CCN(c3ccc(F)cc3)CC2)nc2cc(NC(=O)c3ccccc3C)ccc21,5.577875137329102,5.417368412017822,5.497621774673462
COc1ccc2c(c1)c(CCN1CCN(c3nsc4ccccc34)CC1)cn2C,7.110291004180908,6.67496395111084,6.892627477645874
NC(=O)Nc1ccc2c(c1)C(=Cc1ccoc1)CC2,7.0577898025512695,5.601261138916016,6.329525470733643
C#CCN(CC=CI)C1CCc2ccc(O)cc2C1,6.284988880157471,7.0783371925354,6.6816630363464355
O=C1CCCN1Cc1ccc2c(c1)nc(O)c1cccn12,7.248657703399658,5.041553974151611,6.145105838775635
COc1ccc2c(c1)C(N1CCN(C)C(CN3CCN(c4ccccc4OCCF)CC3)C1)CC1CN2,,,
COc1ccc2[nH]cc(CCN3CCC(O)(c4ccc5c(c4)OCO5)CC3)c2c1,7.251116752624512,5.799152851104736,6.525134801864624
CCCN(CCC)C1CCc2ccc3[nH]cc(C=O)c3c2C1,7.105857372283936,6.226031303405762,6.665944337844849
CC(C)(C)c1nc(N2CCN(CCCCNS(=O)(=O)c3ccc(Br)cc3)CC2)cc(C(F)(F)F)n1,6.782781600952148,8.582551956176758,7.682666778564453
O=C1NCN(c2ccccc2)C12CCN(CC1COc3ccccc3O1)CC2,8.534330368041992,7.216902256011963,7.8756163120269775
COc1ccccc1N1CCN(CCCCNC(=O)c2cc3ccccc3o2)CC1,7.030130386352539,8.543243408203125,7.786686897277832
Oc1ccc2c(c1)OC(CNCCc1ccc(OCc3ccc4ccccc4n3)cc1)CC2,7.431743144989014,7.510273933410644,7.471008539199829
O=C1CCc2cc(OCCCCN3CCN(c4cccc(Cl)c4Cl)CC3)ccc2N1,8.785455703735352,8.286079406738281,8.535767555236816
Cc1ccc2c(N3CCN(CCc4cccc5[nH]c(=O)[nH]c45)CC3)cccc2n1,7.752477169036865,7.046640396118164,7.399558782577515
CSc1ccc(OCCNCC2CCc3ccc(O)cc3O2)cc1,9.53355312347412,8.052919387817383,8.793236255645752
O=C1C(CCN2CCC(C(=O)c3ccccc3)CC2)Cc2c(-c3ccccc3)cc[nH]c21,,,
Cc1ccc2c(c1)CC(C(=O)NCCCN1CCN(c3ccccc3[N+](=O)[O-])CC1)C2,6.863905429840088,6.652421951293945,6.758163690567017
Brc1ccc2[nH]cc(C3=CCNCC3)c2c1,8.020757675170898,7.071825981140137,7.546291828155518
CCCN(CCc1cccs1)C1CCc2c(O)cccc2C1,8.405183792114258,8.605388641357422,8.50528621673584
O=C(NCC1CCNCC1)c1ccc(N2CCC(CCSc3ccc(F)cc3)CC2)cc1,6.17535400390625,7.131313800811768,6.653333902359009
CCCCN(CCC(F)(F)F)C(=O)c1cc(-c2ccccc2)n(CCCN2CC)c1,,,
COc1ccccc1N1CCN(CCCOc2ccc3c(c2)OC(=O)C(C)(C)O3)CC1,6.701231002807617,7.042112350463867,6.871671676635742
CC(C)COc1nccn2c(-c3ccnc(NCC(C)(C)O)n3)c(-c3ccc(F)cc3F)nc12,6.189587116241455,4.927948951721191,5.558768033981323
CN1CCN(C2Cn3cccc3Sc3ccc(Br)cc32)CC1,8.921730995178223,8.506511688232422,8.714121341705322
CCCN1CCc2ccc(Nc3ncc(Cl)c(NC4CCCCC4NC(=O)CC)n3)cc2CC1,7.21592903137207,7.450569152832031,7.333249092102051
Cc1ccc2c(c1)C1CCCN1CCc1ccc(N)cc1C2,5.962681770324707,7.083497524261475,6.523089647293091
COc1ccccc1N1CCN(CCn2c(-c3ccccc3)ccc(C(=O)NCCCN3CCN(c4ccccc4OC)CC3)c2=O)CC1,7.330053329467773,7.183436393737793,7.256744861602783
Cc1cc(Cl)ccc1N1CCN(CCCN=C2C(=O)N(C)N=C(c3ccccc3)c3ccccc32)CC1,6.026603221893311,6.867090225219727,6.4468467235565186
O=C1Nc2ccccc2N(Cc2ccccc2)C12CCN(CCCCOc1ccccc1)CC2,7.865017890930176,7.530426502227783,7.6977221965789795
CC(C)CC(c1ccccc1)N1CCN(CCCNC(=O)c2ccc(Cl)cc2)CC1,5.9046549797058105,6.398384094238281,6.151519536972046
CC(C)Oc1ccccc1N1CCN(Cc2cc(CN3CCC(n4ncc5ccccc54)CC3)ccc2F)CC1,7.27386474609375,6.690924167633057,6.982394456863403
COc1ccccc1N1CCN(CCCCNC(=O)C=Cc2ccccc2OC)CC1,7.560798645019531,8.72765827178955,8.144228458404541
COc1ccc(CNCC23CC4CC(CC(C4)C2)C3)cc1,5.318234443664551,5.385044097900391,5.351639270782471
O=C(NCCCCN1CCN(c2nsc3ccccc23)CC1)c1cc2ccccc2[nH]1,7.502806663513184,8.942611694335938,8.22270917892456
CC(C)c1nc(NCCc2ccccc2)cc(-c2ccccc2Br)n1,6.746597766876221,6.324868202209473,6.535732984542847
Cc1cc(O)cc(C)c1CC(N)C(=O)N1Cc2ccccc2CC1C(=O)NCCCCNS(=O)(=O)c1ccccn1,7.168229103088379,6.783568382263184,6.975898742675781
CC(C)(C)c1cnc(CSc2cnc(NC(=O)C3CCNCC3)s2)o1,5.307043552398682,5.420001029968262,5.363522291183472
O=C1NCCc2[nH]c(-c3ccnc(C=Cc4ccccc4)c3)cc21,6.156414985656738,6.844907760620117,6.500661373138428
Cc1ncoc1-c1nnc(SCCCN2CC3CC3(c3ccc(C(F)(F)F)cc3)C2)n1C,6.68971061706543,8.816183090209961,7.752946853637695
O=C1Nc2ccccc2C1=C1Nc2ccccc2C1=NOCCC(O)CO,5.4058027267456055,5.118769645690918,5.262286186218262
Cc1cc(Cl)c2c(c1F)CCNCC2c1ccccc1,6.083291530609131,5.530757904052734,5.807024717330933
O=C(NCC1CCC(CN2CCC(O)(c3cccc(F)c3)CC2)CC1)c1cccc2ccccc12,5.975215435028076,6.867763996124268,6.421489715576172
O=C(NC1CCc2ccc(CCN3CCN(c4nsc5ccccc45)CC3)cc21)c1cccs1,7.400638580322266,6.586479663848877,6.993559122085571
COc1ccccc1OCCNCCCOc1ccccc1OCc1ccccc1,5.815497875213623,7.414273262023926,6.614885568618774
COc1cc2c(cc1OC)-c1n[nH]c(Nc3cccc(F)c3)c1C2,6.577808856964111,5.6129536628723145,6.095381259918213
O=C(Nc1ccc2cn[nH]c2c1)c1ccc(Cl)cc1,5.830277442932129,5.490457534790039,5.660367488861084
COc1ccc2[nH]cc(CCN3CCC(O)(c4cccc(Cl)c4)CC3)c2c1,7.799190998077393,6.545376777648926,7.172283887863159
NC(=O)c1ccc(NC2CCC(NC(=O)c3c[nH]c4ccccc34)CC2)cc1,7.346015453338623,7.405803203582764,7.375909328460693
Cc1ccc2c(-c3nnc(SCCCN4CCc5cc6nc(C(C)(C)C)oc6c(Br)c5CC4)n3C)ccnc2n1,5.888424396514893,7.863746643066406,6.876085519790649
COc1ccccc1N1CCN(CCCCCN2CCC3CC(C2)c2ccccc2S3)CC1,7.318435192108154,7.415770530700684,7.367102861404419
O=C(c1ccc(Br)s1)N1CCC2(CC1)OCCN2c1ccccc1,6.4342474937438965,6.530813217163086,6.482530355453491
CCCN1CCc2cc(OCCF)cc3c2C1Cc1ccc(O)c(O)c1-3,8.147089004516602,7.586533546447754,7.866811275482178
Cc1ccc(-n2nc(C)c3c(=O)c4cc(Cl)ccc4n(O)c32)cc1,6.317675590515137,5.096008777618408,5.7068421840667725
CN1CCc2cccc3c2C1Cc1ccc(O)c(O)c1-3,7.594958782196045,7.866155624389648,7.730557203292847
Cc1c(Cl)cccc1N1CCN(CCn2c(=O)[nH]c3c(sc4ccc(NC(=O)CCCCCN(C)Cc5ccccc5)cc43)c2=O)CC1,7.240968704223633,7.175858020782471,7.208413362503052
Cc1ccc(C(=O)NC2CCC(Nc3ncc(C)c(N(C)C)n3)CC2)cc1,7.292826175689697,7.58209228515625,7.437459230422974
COc1ccccc1N1CCN(CC2CCC(N3C(=O)CCc4ccccc43)CC2)CC1,7.514886856079102,7.618512153625488,7.566699504852295
O=C(NCCCCCN1CCN(c2cccc(Cl)c2Cl)CC1)c1cc2cc3c(cc2[nH]1)OCO3,7.759481430053711,8.504290580749512,8.131886005401611
CN(C)CCCC1(c2ccc(Cl)c(Cl)c2)CCCCC1,6.11503791809082,6.953089714050293,6.534063816070557
NC(N)=Nc1ccc(CCCCCN2CCN(c3cccc(Cl)c3Cl)CC2)cc1,7.797057628631592,6.937307834625244,7.367182731628418
COc1ccccc1N1CCN(CCCCNC(=O)c2cc3ccccc3s2)CC1,7.438543319702148,9.065714836120604,8.252129077911377
COc1cc(N)c(Cl)cc1C(=O)NC1CC2CCC(C1)N2Cc1ccccc1,8.230500221252441,8.71259593963623,8.471548080444336
COc1ccc2c(c1)CC(NCCC1CCC(NC(=O)c3ccc4ccccc4c3)CC1)CC2,6.207030773162842,7.604169845581055,6.905600309371948
CCCN1CCc2ccc(O)cc2CC1,6.785941123962402,8.16264533996582,7.474293231964111
NC(=O)c1ccc(-c2ccncc2)cc1NCc1ccccc1,6.481722831726074,5.925747394561768,6.203735113143921
CN(C)c1ncc2nc(-c3ccc(F)cc3)c(=O)n(CCC#N)c2n1,5.75106143951416,5.775612831115723,5.763337135314941
Cc1ccc2c(N3CCN(CCc4cccc5nn[nH]c45)CC3)cccc2n1,7.731867790222168,6.511761665344238,7.121814727783203
COc1ccccc1N1CCN(CCCCNC(=O)c2cc(C(C)(C)C)nc3c(-c4ccc(Cl)cc4)cnn23)CC1,6.484659194946289,7.816023349761963,7.150341272354126
CCCN(CCC1CCC(NC(=O)c2ccc3ccccc3c2)CC1)C1CCc2nc(N)sc2C1,6.920759677886963,8.741768836975098,7.83126425743103
CN1CCN(Cc2ccc3cc(Cl)cc(Cl)c3c2)CC1,6.811954498291016,7.212148666381836,7.012051582336426
O=C1N(CCN2CCCC2)CCN1c1cccc(Cl)c1,7.635796546936035,8.113005638122559,7.874401092529297
O=C(NC1CCN(Cc2ccc(Cl)cc2)CC1)c1ccc(-c2ccccn2)cc1,6.054407596588135,6.845342636108398,6.449875116348267
O=C1NCCCC1CCN1CCN(c2cccc(Cl)c2Cl)CC1,8.172194480895996,8.462386131286621,8.317290306091309
CC(C)Oc1ccccc1N1CCN(Cc2cc(-c3ccc4[nH]ncc4c3)no2)CC1,7.002635002136231,7.152242660522461,7.077438831329346
O=C(Nc1ccc(CCN2CCN(c3ccc(Cl)cc3)CC2)cc1)c1cccnc1-c1ccccn1,5.79541015625,5.6192827224731445,5.707346439361572
CCOc1ccc(C2CCC(N3CC(N(C)C)C3)CC2)cc1,6.308223247528076,7.414122581481934,6.861172914505005
CCNC(=O)NC1CCC(CCN2CCN(c3cccc(Cl)c3Cl)CC2)CC1,8.473844528198242,9.51117706298828,8.992510795593262
CCc1ccc2c(c1)C(N1CCN(CC)CC1)CC2,6.918612003326416,5.796510219573975,6.357561111450195
O=C(NCCCCN1CCN(c2cccc(Cl)c2Cl)CC1)c1cc2ccccc2s1,7.238006114959717,9.09359359741211,8.165799856185913
CCCN(CCC)C1C(=O)c2cccc(N3CCN(C)CC3)c2C1=O,6.054539680480957,6.964028358459473,6.509284019470215
CC(C)Oc1cc(-c2ccncc2)cc2[nH]nc(N)c12,6.021902084350586,5.920082092285156,5.970992088317871
COc1ccccc1N1CCN(CCn2c(=O)[nH]c3ccccc3c2=O)CC1,7.772593021392822,7.066062450408936,7.419327735900879
CCCN(CCN1CCN(c2ccc(-c3ccccc3)cc2)CC1)C1CCc2ccc(O)cc2C1,7.323070526123047,8.556844711303711,7.939957618713379
CCN1CCCC1CNC(=O)c1c(O)c(C)cc(Br)c1O,6.902331352233887,8.441949844360352,7.672140598297119
COc1ccc(S(=O)(=O)N2c3ccccc3Sc3c(Cl)cncc32)cc1,4.909150123596191,5.342998027801514,5.1260740756988525
COc1ccccc1N1CCN(Cc2cc3ccccc3o2)CC1,7.282712459564209,6.425103664398193,6.853908061981201
CCCN(CCC)C1CCc2nc(N)ccc2C1,7.304786205291748,7.829885959625244,7.567336082458496
O=C(CCCn1cc2c(O)nc(NCCOc3cccc(Cl)c3Cl)nc2n1)NCc1ccccc1,8.23062515258789,6.083125591278076,7.156875371932983
CN1CCN(C2Cc3sccc3Sc3ccc(-c4nnn(C)n4)cc32)CC1,8.416895866394043,7.219397068023682,7.818146467208862
CCCN(CCC)C1Cc2ccc(O)cc2C1,7.698046684265137,8.220232963562012,7.959139823913574
CCCN(CCc1cccs1)C1CCc2c(O)cccc2C1,8.405183792114258,8.605388641357422,8.50528621673584
CN(C)CCCn1cnc2ccc(-c3cnn4ccc(NCCN5CCN(c6ccccc6Cl)CC5)nc34)cc21,6.539414882659912,6.331499099731445,6.435456991195679
CCCCCCC[SH](=O)(O)N1CCC(Nc2ncccc2-c2ccccc2)CC1,7.326265811920166,6.510991096496582,6.918628454208374
N#Cc1ccc(N2CCN(CCCC3CCC(NS(=O)(=O)c4ccccc4[N+](=O)[O-])CC3)CC2)cc1,7.128579139709473,8.21345329284668,7.671016216278076
COc1ccc(CSc2nc3cc(F)c(F)cc3[nH]2)cc1,5.913331508636475,5.870820999145508,5.892076253890991
CN1CCc2cccc3c2C1Cc1ccc(O)c(O)c1-3,7.594958782196045,7.866142272949219,7.730550527572632
Clc1ccc(CN2CCN(CCc3nnnn3C3CCCC3)CC2)cc1Cl,7.242660999298096,5.969761371612549,6.606211185455322
CCCCN1CCCC1Cn1nc(Cc2ccc(Cl)c(Cl)c2)c2cccnc21,6.498028755187988,7.314316749572754,6.906172752380371
Cc1c(-c2cccc(OCc3ccccc3)c2)c2c(N)ncnc2n1C1CCC(N2CCCC2)CC1,5.588844299316406,6.418115615844727,6.003479957580566
O=C(NCCF)NCCCCCNC(=O)C1COc2ccc(Cl)cc2C1,8.26428508758545,6.196793556213379,7.230539321899414
CN(C)Cc1ccccc1Sc1ccc(C2CCN(C3CCC3)CC2)cc1,6.817696571350098,6.517590522766113,6.6676435470581055
Cc1cccc(CN2CN(CCCCC3SCC(NC(=O)c4ccccc4Br)CC3=O)CC2C)c1,5.961798191070557,7.158437728881836,6.560117959976196
CC(C)CCn1cc(C2CC2)c(Cl)c1C(=O)NCC1CCN(C(=O)c2ccco2)CC1,6.902723789215088,7.350801944732666,7.126762866973877
CC(C)Oc1ccccc1N1CCN(Cc2ccc(CN3CCCCCCC3=O)n2C)CC1,8.358707427978516,6.709990978240967,7.534349203109741
Fc1ccc(OCCCN2CCC(Nc3nc4ccccc4o3)CC2)cc1,7.184012413024902,7.272130012512207,7.228071212768555
CCCN(CCC)C1CCc2c(ccc(C(=O)O)c2C)C1,7.2502241134643555,6.281678676605225,6.76595139503479
C=CCn1c(SCC(=O)N2CCC3(CC2)OCCO3)nnc1-c1ccccc1OC,6.25840425491333,4.897711753845215,5.5780580043792725
COc1ccc2[nH]cc(C3CCN(CC(O)COc4ccc(C(F)(F)F)cc4)CC3)c2c1,6.366677761077881,6.218759059906006,6.292718410491943
O=C1CCc2ccc(OCCCCN3CCN(c4cccc5cc(F)ccc45)CC3)nc2N1,8.74159049987793,7.593361854553223,8.167476177215576
CN(C)CC1CC2c3ccccc3Oc3ccc(Br)cc3C2O1,7.809360504150391,7.693685054779053,7.751522779464722
Cc1cccc(N2CCN(CCCCNC(=O)c3cc4ccccc4[nH]3)CC2)c1C,6.914677619934082,8.412763595581055,7.663720607757568
CCCN1CC(CSC)CC2c3cccc4[nH]cc(c34)CC21,7.427812576293945,7.918408393859863,7.673110485076904
CCCN1CCC2Cc3nc(NCc4ccncc4)ncc3C(C)(C)C21,6.457554340362549,7.260094165802002,6.858824253082275
CCN1CCN(Cc2ccc(-c3ccc(NS(C)(=O)=O)cc3)nc2)CC1,5.753173828125,6.722944736480713,6.2380592823028564
Cc1cnc(C(=O)NCC2CCN(CC3COc4ccccc4O3)CC2)cn1,6.26278018951416,6.67661190032959,6.469696044921875
COc1cccc(OC)c1CNCC1CCCN1C,5.803849697113037,7.5394606590271,6.671655178070068
COc1cccc(OC)c1CNc1nc(NC2CCCCC2)nc2ccc(Cl)cc12,7.932417869567871,5.6795196533203125,6.805968761444092
CCCN(CCC1CCC(NS(=O)(=O)c2ccc3ccccc3c2)CC1)C1CCc2nc(N)sc2C1,7.288398742675781,8.89257526397705,8.090487003326416
CCCN1CCc2cc(Br)cc3[nH]cc(c23)C1,7.53902006149292,7.291888236999512,7.415454149246216
NCCc1c[nH]c2ccc(OCCNC(=O)C3CCCN3)cc12,6.491220474243164,6.689534187316895,6.590377330780029
COc1ccc(OC)c(N2CCN(CCCCNC(=O)c3ccc4ccccc4c3)CC2)c1,7.181012153625488,8.362716674804688,7.771864414215088
CC(C)Oc1ccccc1N1CCN(Cc2ccc3c(c2)NC(=O)CO3)CC1,7.995784759521484,7.160528182983398,7.578156471252441
N#Cc1ccc2[nH]cnc2c1Nc1ccc(OCCCCN2CCCCC2)cc1,7.612814426422119,6.655763626098633,7.134289026260376
CCCN(CCc1ccccc1)C1CCc2c(O)cccc2C1,8.200567245483398,8.143577575683594,8.172072410583496
Oc1[nH]cc2ccc(OCCCN3CCN(c4cccc5cccc(F)c45)CC3)c(F)c12,8.132925987243652,7.728169441223144,7.930547714233398
CC(Oc1ccccc1Cl)C(=O)Nc1ccncc1,5.793025493621826,4.865634441375732,5.329329967498779
O=C(NCC1CCCN1C(=O)C1CCC(O)CC1)c1ccc2c(c1)OCO2,6.509438991546631,6.686624526977539,6.598031759262085
CCCCN(CCCC)C1CCc2ccc(O)cc2C1,7.541502952575684,7.979031562805176,7.76026725769043
CCOc1ccccc1N1CCN(CCCCNc2ccccn2)CC1,8.430901527404785,7.810853481292725,8.120877504348755
COc1cccc2c1CCC1CN(CCn3c(=O)[nH]c4c(sc5c(C#N)cncc54)c3=O)CC21,7.071260452270508,7.114517688751221,7.092889070510864
O=C(NC1CCC(CCN2CCN(c3cccc(Cl)c3Cl)CC2)CC1)c1cccs1,8.053605079650879,8.922018051147461,8.48781156539917
N#Cc1ccccc1N1CCN(CCCNC(=O)c2cn[nH]c2)CC1,6.342790126800537,6.684089183807373,6.513439655303955
Cc1cc2c(s1)Nc1ccccc1N=C2N1CCN(C)CC1,6.933331489562988,7.052986145019531,6.99315881729126
CCCN(Cc1ccccc1)C1CCc2ccc3[nH]cc(C=O)c3c2C1,7.042163848876953,6.783505439758301,6.912834644317627
O=C1CCc2ccc(OCCCCN3CCN(c4ccccc4F)CC3)nc2N1,8.550924301147461,7.118331432342529,7.834627866744995
COc1c(C(=O)NN2c3ccc(Cl)cc3N=C(N3CCN(C)CC3)c3ccccc32)cc(OC)cc1Br,6.080024719238281,6.412557125091553,6.246290922164917
COc1ccccc1N1CCN(CCCCNC(=O)c2cc3ccc(CO)cc3[nH]2)CC1,6.99407434463501,8.724947929382324,7.859511137008667
O=C(O)CCCC=CCC1C(O)CC(O)C1C=CC(O)COc1ccccc1[N+](=O)[O-],5.029952526092529,5.008885383605957,5.019418954849243
CC(C)(CCN1CCN(c2cccc(Cl)c2)CC1)C(=O)Nc1ccc(-c2nc3cc(Cl)ccc3o2)cc1,6.153373718261719,6.181699752807617,6.167536735534668
N#Cc1cnc2cnc(NCCc3c[nH]c4ccccc34)nc2c1Nc1ccc(F)cc1,7.048403739929199,5.647433280944824,6.347918510437012
CCc1nc(-c2cccc(C)c2)c(-c2ccnc(NC(=O)c3ccccc3)c2)s1,5.630055904388428,5.612379550933838,5.621217727661133
CN1CCN(C2Cc3ccccc3Sc3ccc(-c4cnn(C)c4)cc32)CC1,8.523214340209961,7.435945510864258,7.979579925537109
Cc1nc(N)sc1-c1ccnc(Nc2ccc(N3CCOCC3)cc2)n1,6.370750427246094,4.288215160369873,5.329482793807983
COc1ccccc1N1CCN(CCCCN2C(=O)c3cccc([N+](=O)[O-])c3C2=O)CC1,7.349457740783691,7.582379341125488,7.46591854095459
CC(=O)Nc1cccc(CCN2CCN(c3cccc4nc(C)ccc34)CC2)c1,6.619541168212891,6.327959537506104,6.473750352859497
O=C(CCCCCN1CCC2C(C1)c1cccc3c1N2CCS3)c1ccccc1,7.626678943634033,6.722369194030762,7.1745240688323975
CCCCN1CCN(c2cccc3c2OCCO3)CC1,7.364080429077148,7.804010391235352,7.58404541015625
O=C1NCCN1CCN1CCC(c2cn(-c3ccc(F)cc3)c3ccc(Cl)cc23)CC1,7.742376804351807,6.387310028076172,7.064843416213989
CCCN(Cc1cccs1)C1CCc2c(O)cccc2C1,7.6688947677612305,8.368453025817871,8.01867389678955
CC(C)Oc1ccccc1N1CCN(C2CCC(NC(=O)Nc3ccc(Cl)c(Cl)c3)CC2)CC1,7.737780094146728,8.445260047912598,8.091520071029663
O=C(NC1CCC2(CC1)OCc1cc(F)ccc12)C1CCCN1Cc1ccccn1,6.569429874420166,7.440655708312988,7.005042791366577
CCN(CC)C(=O)NC1CC2=C(Cc3c[nH]c4cccc2c34)N(C)C1,8.48544692993164,8.415813446044922,8.450630187988281
COc1ccccc1OCCNCC1COCC(c2ccccc2)(c2ccccc2)O1,5.6601104736328125,6.392210960388184,6.026160717010498
CN(C)CC1CC2c3ccccc3Cc3ccccc3N2O1,6.585574626922607,6.992359638214111,6.788967132568359
Cc1ccc(F)cc1C(C)(C)CC(O)(Cc1cc2ccncc2[nH]1)C1CC1,5.717628002166748,6.522819519042969,6.120223760604858
CCN(CC)C(=O)C1=CC2c3cccc4[nH]cc(c34)CC2N(C)C1,7.512637615203857,7.530942916870117,7.521790266036987
CC(C)Oc1ccccc1N1CCN(C2CCC(NC(=O)Nc3ccccc3Cl)CC2)CC1,7.897238731384277,8.089262008666992,7.993250370025635
COc1cc(C)ccc1S(=O)(=O)NCCCN1CCN(c2ccc(C(F)(F)F)c(Cl)c2)CC1,5.916186332702637,7.187948703765869,6.552067518234253
COc1ccccc1N1CCN(CCCCc2ccc3c(c2)CCO3)CC1,7.945075035095215,7.755717277526855,7.850396156311035
COc1ccc2[nH]c(C(=O)NCCCN3CCN(c4ccccn4)CC3)cc2c1,5.700279712677002,6.708962440490723,6.204621076583862
CC(C)(C)c1ccn(CCCN2CCC(n3c(O)nc4cc(F)ccc43)CC2)n1,6.641117095947266,7.537405967712402,7.089261531829834
O=C(NCCCN1CCN(c2cccc(Cl)c2Cl)CC1)c1c[nH]c2ccccc12,7.064777374267578,7.412467002868652,7.238622188568115
Cn1cc(C2CN(Cc3ccccc3)CC2C(=O)Nc2ccccc2)cn1,6.715300559997559,6.38783597946167,6.551568269729614
Cn1ncc(Cl)c1C(=O)NCCCCN1CCN(c2cccc(Cl)c2Cl)CC1,7.591555118560791,8.511737823486328,8.05164647102356
C-c1[nH]c2ccccc2c1CCN1CCN(c2ccc(C(=O)NCCCN3CCCC3=O)cc2)CC1,6.327227592468262,6.602028846740723,6.464628219604492
CC(C)Oc1ccccc1N1CCN(Cc2ccc(C(=O)NCCCC(=O)O)cc2)CC1,7.890433311462402,6.590778350830078,7.24060583114624
OC1(c2ccc(Br)cn2)CCC(c2ccc(F)cc2)CC1,7.047666072845459,6.703375816345215,6.875520944595337
CN1CCN(CCCOc2n[nH]c3ncc(-c4ccccc4)cc23)CC1,6.314619064331055,7.261565208435059,6.788092136383057
CCN(CC)C(=O)c1ccc(Cl)c(Cl)c1,5.912185192108154,6.749870300292969,6.3310277462005615
CC(C)(C)OC(=O)Nc1ccc(N2CCN(CCCCn3c(O)nc4ccccc43)CC2)cc1,7.001759052276611,6.752617359161377,6.877188205718994
Cc1cc2c(CC(=O)NCCCCN3CCN(c4cccc(Cl)c4Cl)CC3)c[nH]c2[nH]1,7.288687705993652,8.001153945922852,7.644920825958252
COc1ccc2c(c1)C13CN(CC4CC4)C(C2)C1CCC1N(C)CC3,,,
CC(C)N1CCN(C2Cc3ccc(-c4cccc5c(C(F)(F)F)nn(CCO)c45)cc3C2)CC1,6.313621520996094,6.195338726043701,6.2544801235198975
CCCN(CCN1CCN(c2ccc(F)c3ccccc23)CC1)C1CCc2c(O)cccc2C1,7.933928489685059,8.555929183959961,8.24492883682251
Cc1ccc(-n2c(CCc3ccccc3)nnc2C(NC(=O)c2ccco2)C2CCCCC2)cn1,6.043028354644775,6.080767631530762,6.0618979930877686
O=C1NCCN1CCN1CCC(Cc2cn(-c3ccc(F)cc3)c3ccc(Cl)cc23)CC1,7.199896812438965,6.979971885681152,7.089934349060059
COc1ccccc1N1CCN(CCCC2CC(Nc3ccc(Cl)cc3)CC2)CC1,8.13607120513916,7.496269226074219,7.8161702156066895
Cc1ncoc1-c1nnc(SCCCN2CC3CC3(c3ccc(C(F)(F)F)cc3)C2)n1C,6.68971061706543,8.816183090209961,7.752946853637695
CC1CN(c2ncccc2C#N)CCN1Cc1ccccc1,6.372743606567383,6.561290740966797,6.46701717376709
Oc1ccc2c(c1)OC(CNCCC1CCC(O)c3ccc(F)cc3O1)CC2,8.557522773742676,8.347705841064453,8.452614307403564
Cc1ccc(C(=O)NCCCN2CCN(c3cccc(Cl)c3Cl)CC2)cc1,6.755625247955322,7.221796035766602,6.988710641860962
COc1ccccc1N1CCN(CCCCn2c(O)nc3ccccc32)CC1,7.876870155334473,7.942781448364258,7.909825801849365
N#Cc1ccccc1OCC(=O)N1CCN(c2ccc(C(F)(F)F)cn2)CC1,5.209593772888184,5.342714309692383,5.276154041290283
CCCN(CCCN1CCN(c2cccc(Cl)c2Cl)CC1)C1CCc2ccc(O)cc2C1,7.659801483154297,8.279548645019531,7.969675064086914
CCCCOc1ccccc1N1CCN(CCCCN2C(=O)COc3ccc(C(C)(C)C)cc32)CC1,7.508197784423828,7.655149459838867,7.581673622131348
O=C(O)CC1CCN(CC2COc3ccccc3O2)CC1,7.082618236541748,5.906496524810791,6.4945573806762695
Cc1cc(C2CCCN2CC(N)=O)cc(C2)c1O,,,
CC(Oc1ccc(Cl)cc1Cl)C1=NCCN1,6.388139247894287,6.271366119384766,6.329752683639526
CC(C)(CCN1CCN(c2cccc3c2OCCO3)CC1)C(=O)c1c[nH]c2ccccc12,7.361240863800049,6.7978620529174805,7.079551458358765
Oc1cc2ccccc2n1C1CCN(Cc2ccc(-c3nc4ccccc4o3)cc2)CC1,6.826837062835693,6.9727783203125,6.899807691574097
CN(C)C1CC(c2c[nH]c3ccc(C#N)cc23)C1,6.420571327209473,6.651789665222168,6.53618049621582
COc1ccccc1N1CCN(CCCCNC(=O)c2ccc(-c3ccccc3)cc2)CC1,7.363232612609863,8.831467628479004,8.097350120544434
C#Cc1ncc(OC)nc1NCCCCN1CCN(c2nsc3ccccc23)CC1,7.993461608886719,8.07882308959961,8.036142349243164
CN1CCN(CC23Cc4cc(Cl)ccc4C3CO2)CC1,6.987836837768555,7.256973266601562,7.122405052185059
COc1cccc(SCCNCCc2ccc(N3CCN(c4ccccc4OC)CC3)cc2)c1,6.082796573638916,6.701550960540772,6.392173767089844
O=C1CCC(CN2CCC(Cc3ccccc3)CC2)N1,5.7791948318481445,7.130685806274414,6.454940319061279
Cn1cc(C2C3CCC(C2c2ccc(F)cc2)C3)cn1,6.699560165405273,7.496212005615234,7.097886085510254
COc1ccc(Cl)cc1-c1cnc(C(C)(C)C)s1,5.485934734344482,6.188432693481445,5.837183713912964
COc1ccccc1N1CCN(CCCCCn2ncc(Cl)c(N3CCN(CC=Cc4ccccc4OC)CC3)c2=O)CC1,7.624614715576172,7.86384105682373,7.744227886199951
CCCN(CCCNc1cncc(-c2ccccc2)n1)C1CCc2c(O)cccc2C1,7.587849140167236,8.328190803527832,7.958019971847534
CCCN(CCC)C1CCc2c(O)cccc2C1,8.197704315185547,8.453165054321289,8.325434684753418
CCN(CC)C(=O)NC1CC2=C(Cc3c[nH]c4cccc2c34)N(C)C1,8.485456466674805,8.415813446044922,8.450634956359863
CCCN(CCc1ccc(C(=O)NCCCC2CCN(Cc3ccccc3)CC2)cc1)C1CCc2c(O)cccc2C1,6.782350063323975,7.564871788024902,7.1736109256744385
Cc1cccc(CN2CCC3(CC2)CCN(C(=O)C(C)C)CC3)c1,5.70334005355835,7.284707069396973,6.494023561477661
CCCN1CCCC2Cc3n[nH]cc3CC21,7.44373893737793,7.752799987792969,7.598269462585449
COc1ccc(Sc2ccccc2N2CCN(CCCCCCOc3ccc4ccccc4c3)CC2)cc1,6.6767683029174805,7.578186511993408,7.127477407455444
O=C(NCCCCN1CCC(Cc2ccccc2)CC1)c1cc2cc3c(cc2[nH]1)OCO3,6.530532360076904,8.414640426635742,7.472586393356323
CC(Oc1ccccc1)C(=O)NCCCN1CCN(CCOc2ccccc2)CC1,6.075803279876709,5.980758666992188,6.028280973434448
Oc1[nH]cc2ccc(OCCCCN3CCN(c4cccc5c4CCCC5)CC3)cc12,8.763313293457031,8.056512832641602,8.409913063049316
CCCN(CCC)C1COc2cccc(O)c2C1,7.709494590759277,8.387115478515625,8.048305034637451
O=C(NCC1CCN(CC2COc3ccccc3O2)CC1)c1cc2ccccc2o1,6.523190975189209,7.349263191223144,6.936227083206177
CC1Cc2ccccc2N1C(=O)CN1CCN(Cc2ccccc2)CC1,6.015005588531494,6.273358345031738,6.144181966781616
COc1cccc(OC)c1C(=O)NN1c2ccc(Cl)cc2N=C(N2CCN(C)CC2)c2ccccc21,6.408049583435059,6.07429838180542,6.241173982620239
Oc1ccc2c(c1)OC(CNCC1CCCO1)CC2,8.877477645874023,8.33307933807373,8.605278491973877
COCCN1CC(CN2CCC(c3ccc(Cl)cc3)CC2)CC1=O,5.954452037811279,5.567498207092285,5.760975122451782
COc1ccc2[nH]c(C(=O)NC3CCN(C)CC3)cc2c1,5.221133232116699,6.420178413391113,5.820655822753906
CS(=O)(=O)Nc1cc(C(O)CNCC2CCN(c3ccc(Cl)c(Cl)c3)CC2)ccc1F,5.979640960693359,7.054452896118164,6.517046928405762
CN(Cc1csc(-c2ccc(F)cc2)n1)C1CCCN1CC1,,,
COc1cc2c(cc1F)C(c1ccccc1Cl)=Nc1c(C)n[nH]c1N2,6.123236179351807,5.7805376052856445,5.951886892318726
CCCN(CCN1CCN(c2ccc(-c3ccccc3)cc2)CC1)C1CCc2ccc(O)cc2C1,7.323070526123047,8.55698299407959,7.940026760101318
CCCN(Cc1cccnc1)C1CCc2c(O)cccc2C1,7.626291751861572,8.058683395385742,7.842487573623657
COc1ccc(CNCC2(c3ccc(F)cc3)CC3CCC2)cc1,,,
Oc1[nH]cc2ccc(OCCCN3CCN(c4cccc5cccc(F)c45)CC3)c(F)c12,8.132925987243652,7.728169441223144,7.930547714233398
COc1ccccc1N1CCN(CCn2c(=O)[nH]c3sc(-c4ccccc4)cc3c2=O)CC1,7.632059097290039,7.49284553527832,7.56245231628418
CN(CCOc1ccc(C(N)=O)cc1)CC1CCC1,6.502445220947266,6.943655490875244,6.723050355911255
O=C(NCCCCN1CCN(c2cccc(Cl)c2Cl)CC1)c1cc2ccccc2[nH]1,7.342580318450928,9.333035469055176,8.337807893753052
N#Cc1cccc(N2CCN(CCCCNC(=O)c3ccc4c(c3)C(=O)N(CC3CCCCC3)CC4)CC2)c1,7.081859588623047,8.623331069946289,7.852595329284668
Clc1ccc(CSC(Cn2ccnc2)c2ccc(Cl)cc2Cl)cc1,5.763770580291748,5.719168663024902,5.741469621658325
Cc1ncoc1-c1nnc(SCCCNC2CC3CC3(c3ccc(C(F)(F)F)cc3)C2)n1C,6.349762916564941,8.089654922485352,7.2197089195251465
Oc1ccc2c(c1)OC(CNCc1cccc(I)c1)CC2,9.581107139587402,8.251965522766113,8.916536331176758
CN1CCN(CCCN2c3ccccc3Sc3ccc(Cl)cc32)CC1,7.5598344802856445,7.692834377288818,7.6263344287872314
COc1ccc(CC(=O)NCCCN2CCCCC2=O)cc1,6.494797229766846,4.695511817932129,5.595154523849487
COc1cc2c(cc1N1CCN(CCn3c(=O)[nH]c4csc(C(N)=O)c4c3=O)CC1)OCO2,7.396785736083984,6.565215110778809,6.9810004234313965
O=C(CCCN1CCN(c2ccccc2Cl)CC1)c1cc2ccccc2s1,7.289456367492676,7.876356601715088,7.582906484603882
COc1ccccc1N1CCN(CCCNC(=O)C=Cc2ccccc2)CC1,7.136521339416504,7.533794403076172,7.335157871246338
CC(C)Oc1ccccc1N1CCN(Cc2ccc(CN3CCCCC3=O)n2C)CC1,8.190450668334961,6.869896411895752,7.5301735401153564
NC(=O)N1CCN(CCCN2c3ccccc3Sc3ccc(Cl)cc32)CC1,6.992197513580322,6.956827163696289,6.974512338638306
CN1CCN(c2cccc(Nc3nc(-c4cnn5ccccc45)c4ccccc4n3)c2)CC1,6.0785231590271,5.376495361328125,5.727509260177612
NC(=O)C=Cc1cccc(I)c1,7.171015739440918,7.56699275970459,7.369004249572754
CCOc1ccccc1N1CCN(CCCCNC(=O)c2ccc(C#CCc3ccccc3)cc2)CC1,7.11557149887085,8.259536743164062,7.687554121017456
COc1ccccc1N1CCN(CCCCNC(=O)c2ccc3cc[nH]c3c2)CC1,7.852171421051025,8.84179401397705,8.346982717514038
COc1cccc(CCNCc2ccc3cc(-c4nnc(C5CC5)o4)ccc3n2)c1,5.603856086730957,7.27421236038208,6.4390342235565186
Cc1[nH]nc2c1C(c1ccc3c(c1)OCO3)C1CCC(C)O1,,,
CCCN(CCN1CCN(c2ccccc2OC)CC1)C1CCc2c(O)cccc2C1,8.0911283493042,8.516033172607422,8.30358076095581
Oc1[nH]c2ccc(F)cc2c1C=CCCCCN1CC=C(c2c[nH]c3cc(F)ccc23)CC1,8.114678382873535,8.215117454528809,8.164897918701172
COc1cccc2c1C(=O)c1c(O)c3c(c(O)c1C2=O)CC(O)(C(O)C=O)CC3OC1CC(N)C(O)C(C)O1,5.009738922119141,5.85706090927124,5.43339991569519
CCc1ccc2sc(C3(N4CCN(C(=O)COc5ccc(F)cc5)CC4)CCCC3)nc2c1,6.499078750610352,6.306770324707031,6.402924537658691
CCCN1CCCC2Cc3n[nH]cc3CC21,7.44373893737793,7.752799987792969,7.598269462585449
CC(=O)NCCNc1nc(-c2ccccc2F)nc2c1CCN(CCSc1nc3ccccc3s1)CC2,6.516016960144043,6.333485126495361,6.424751043319702
CCN(CC)C(=O)NC1CC2=C(Cc3c[nH]c4cccc2c34)N(C)C1,8.48544692993164,8.415813446044922,8.450630187988281
O=C1NC(c2nccs2)(c2ccc(Cl)cc2)CN1C1CCN(Cc2ccccc2)CC1,6.732095718383789,6.327443599700928,6.529769659042358
O=C(NCC=CCN1CCN(c2cccc(Cl)c2Cl)CC1)c1ccc(-c2ccccn2)cc1,7.081742286682129,8.80999755859375,7.9458699226379395
CCCN(CCN1CCN(c2ccnc3ccccc23)CC1)C1CCc2ccc(O)cc2C1,7.621138572692871,8.850151062011719,8.235644817352295
COc1cc(OC)c(C2CCN(CCCNC(=O)c3csc(C)n3)CC2)cc1Cl,5.704189300537109,6.015689849853516,5.8599395751953125
CCOC(=O)CCCCCON=C(c1cccnc1)c1cccc(CN2CCN(CCOc3cccc4nc(C)ccc34)CC2)c1,6.640181541442871,6.28489875793457,6.462540149688721
CCCNC(=O)c1nc(-c2cccc(Cl)c2)no1,5.379657745361328,5.733380317687988,5.556519031524658
COc1ccccc1N1CCN(CCCCCC(=O)NC2CCCc3ccccc32)CC1,7.2570953369140625,7.4177751541137695,7.337435245513916
Oc1nc2ccc(Cl)cc2c(-c2ccccc2)c1C1=NNC(c2ccc(O)cc2)C1,6.700237274169922,6.096302509307861,6.398269891738892
CN1C(=O)CCC1CN1CCN(CCCCNC(=O)c2ccc3ccccc3c2)CC1,5.799227714538574,7.930952548980713,6.8650901317596436
CCCN(CCC)C1CCc2[nH]c(C=CCBr)cc2C1,6.584105968475342,6.618967056274414,6.601536512374878
Cc1nn(CCN(C)c2ncnc3c2ncn3CCn2ccc3ccc(F)cc32)c(=O)c2ccccc12,5.956980705261231,5.8362579345703125,5.8966193199157715
O=C1Nc2ccc(N3CCOCC3)cc2C1=Cc1ccc[nH]1,6.571703433990479,5.256861209869385,5.914282321929932
O=C(NCCCCN1CCN(c2nsc3ccccc23)CC1)c1cc2ccccc2o1,6.946408748626709,8.455583572387695,7.700996160507202
Oc1[nH]cc2ccc(OCCN3CCN(c4cccc5cccc(F)c45)CC3)cc12,8.393852233886719,7.0239081382751465,7.708880186080933
CN1CCN(C2Cn3cccc3Sc3ccc(F)cc32)CC1,8.455344200134277,8.19658088684082,8.325962543487549
CCN1CCN(c2ccc(Nc3cc(C)nc(-c4cccnc4)n3)cc2C(F)(F)F)CC1,6.796621322631836,6.307140350341797,6.551880836486816
COc1cccc(C)c1N1CCN(CCCNC(=O)c2ccc(C=C3SC(=S)NC3=O)cc2)CC1,6.739854335784912,6.888801574707031,6.814327955245972
Oc1nc2cccc(OCCNCc3ccccc3)c2o1,7.855310440063477,7.464761257171631,7.660035848617554
CCCN(CCN1CCN(C(=O)c2ccc3c(c2)C(=O)C2CCCCC2C(=O)O)CC1)C1CCc2c(O)cccc2C1,,,
O=C1N(C2CCCC2)CCN1c1cc(Cl)ccc1F,8.617996215820312,7.681134223937988,8.14956521987915
O=C(NCC(c1ccccc1)N1CCN(CCCc2c[nH]c3ccc(-n4cnnc4)cc23)CC1)c1ccc(Br)cc1,6.67014217376709,6.551761150360107,6.610951662063599
CC(C)(Cn1ccnc1)C(=O)NCCCN1CCN(c2cccc(Cl)c2Cl)CC1,6.52668571472168,6.20361852645874,6.36515212059021
COC(=O)c1ccc(Cl)cc1-c1ccc(C(N)=O)c(NC(=O)NC2CCCCC2)c1,6.53705358505249,5.654117107391357,6.095585346221924
CC1CN(CCC(C)C)CCN1CCC1CCC(NC(=O)c2c(O)cccc2C(F)(F)F)CC1,6.752937316894531,8.458166122436523,7.605551719665527
O=C1c2ccccc2C(=O)N1C1CCN(CCCC(c2ccc(F)cc2)c2ccc(F)cc2)CC1,6.632427215576172,6.581643581390381,6.607035398483276
Oc1ccc2[nH]cc(CCN3CCC(c4ccccc4)CC3)c2c1,7.757020473480225,6.353059768676758,7.055040121078491
O=C1N(CCN2CCN(c3ccsc3)CC2)CCN1c1ccccc1,6.4768595695495605,6.847490310668945,6.662174940109253
CCCN(CCC1CCC(NS(=O)(=O)c2ccc(Cl)cc2)CC1)C1CCc2nc(N)sc2C1,7.374871253967285,9.1536283493042,8.264249801635742
CSc1ccc(CN2CCN(c3ccccn3)CC2)cc1,6.511910438537598,6.087130069732666,6.299520254135132
COc1ccccc1N1CCN(CCN(C(=O)C23C4C5C2C2C3C4C52CF)c2ccccn2)CC1,6.828846454620361,5.690911769866943,6.259879112243652
COc1cccc(N2CCN(CCCCNC(=O)c3ccc(C(C)=O)cc3)CC2)c1,6.57280158996582,8.02370834350586,7.29825496673584
CCN1CCCC1CNC(=O)c1c(OC)cccc1OC,7.427820205688477,7.824629783630371,7.626224994659424
O=C1NCCN1CCN1CCC(c2cn(-c3ccc(F)cc3)c3ccc(Cl)cc23)CC1,7.742376804351807,6.38731050491333,7.064843654632568
Cc1n[nH]c(-c2ccc(C(=O)NC3CCC(N4CCCCC4)CC3)cc2)n1,5.393906593322754,7.122066974639893,6.257986783981323
O=C(NCC1CC1)c1ccccc1CCCN1CCN(c2cccc(Cl)c2Cl)CC1,7.0775065422058105,7.215444087982178,7.146475315093994
CCCN(CCC1CCC(NS(=O)(=O)c2cccc(I)c2)CC1)C1CCc2nc(N)sc2C1,7.614026069641113,9.06462287902832,8.339324474334717
CCCN(CCC1CCC(NC(=O)c2cccc(Cl)c2)CC1)C1CCc2nc(N)sc2C1,7.4729814529418945,8.7890625,8.131021976470947
NC(=O)c1sc2nc(CSc3ccc(Cl)cc3)ccc2c1N,6.272586345672607,5.608730316162109,5.940658330917358
O=C1N(C2CCCCC2)CCN1c1cccc(C(F)(F)F)c1,8.12085247039795,8.323075294494629,8.221963882446289
CCC(=O)NC1CCc2ccc(CCN3CCN(c4nsc5ccccc45)CC3)cc21,7.682918548583984,6.699309349060059,7.1911139488220215
N#Cc1ccccc1-c1cnc(N2CCN(CCCC3CCC(NS(=O)(=O)c4ccccc4F)CC3)CC2)s1,6.914644241333008,7.988643646240234,7.451643943786621
CN1CCN(C2Cn3cccc3Sc3ccc(F)cc32)CC1,8.455344200134277,8.19658088684082,8.325962543487549
COc1ccc2c(CC(=O)N3CCC(C)CC3)coc2c1,5.609256744384766,5.157809734344482,5.383533239364624
COc1ccccc1N1CCN(CCCn2c(=O)c(C(=O)Nc3ccc(F)cc3)cc3cc(C)ccc32)CC1,7.060190200805664,6.671657085418701,6.865923643112183
CN1CCN(C2Cn3cccc3Sc3ccc(Cl)cc32)CC1,8.645715713500977,8.372459411621094,8.509087562561035
Cc1cc(C)c2c(N)c(C(=O)NCCc3cnn(C(C)C)c3)sc2n1,6.47569751739502,6.466137409210205,6.470917463302612
Cc1cccc(C(=O)NC2CCC(Nc3nc(Cl)cc(-c4c[nH]c5ncccc45)n3)CC2)c1,6.55955982208252,6.677112102508545,6.618335962295532
CCN(CC)C(=O)NC1Cc2c(cc3c[nH]c4c3c2C=CC4)N(C)C1,8.286233901977539,9.047684669494627,8.666959285736084
CCCC(=O)NCCCCN1CCN(c2ccc(C(F)(F)F)c(C(F)(F)F)c2)CC1,7.394524574279785,7.8571858406066895,7.625855207443237
CNC(=O)C1CCCCN1C(=O)CN1CCN(c2cccc(C)c2C)CC1,6.911101818084717,7.23071813583374,7.0709099769592285
Cn1c(=O)c2c(ncn2CCCCN2CCC(n3c(O)nc4ccccc43)CC2)n(C)c1=O,6.564136505126953,7.462975025177002,7.0135557651519775
COc1ccccc1N1CCN(CCCCc2c[nH]c3ccc(F)cc23)CC1,8.530513763427734,7.910898208618164,8.22070598602295
O=C(NC1CCc2ccc(CCN3CCN(c4nsc5ccccc45)CC3)cc21)c1ccc(-n2cccc2)cc1,7.520277976989746,6.724460601806641,7.122369289398193
COc1ccc2c(c1)CCC1C2CCC2(C)C(=O)N1C,,,
CN1CCc2c(sc3ncn(CCN4CCN(c5ccnc6ccccc56)CC4)c(=O)c23)C1,7.551023483276367,7.186893463134766,7.368958473205566
CN(C)C(=O)C1=Cc2ccc(S(=O)(=O)Nc3ccc(F)cc3F)cc2CC1,7.055580139160156,6.065451622009277,6.560515880584717
Oc1ccc2[nH]cc(CCCN3CCN(c4cccc(Cl)c4Cl)CC3)c2c1,8.51258373260498,7.52970552444458,8.02114462852478
Cc1ccc2c(c1)N=C(NCCCN1CCN(c3cccc(Cl)c3Cl)CC1)c1ccccc1N2,7.279839515686035,6.888183116912842,7.0840113162994385
O=C(NCCCCN1CCN(c2cccc(Cl)c2Cl)CC1)c1ccc(Cl)cc1,7.292535781860352,8.955623626708984,8.124079704284668
CC(C)c1cccc(C(C)C)c1O,7.935734272003174,5.549031734466553,6.742383003234863
COc1ccccc1N1CCN(CCCSc2nnc(C(C)(C)C)n2C)CC1,7.022945880889893,8.307686805725098,7.665316343307495
CC(C)(C)NC(=O)COC(=O)C1CCCN1C(=O)CC(c1ccccc1)(c1ccccc1)c1ccccc1,5.647769927978516,5.136280059814453,5.392024993896484
Cc1ccc(O)cc1Nc1ccnc2cc(-c3ccccn3)ccc12,6.299582004547119,5.758385181427002,6.0289835929870605
Cc1ccc2c(N3CCN(CCc4cccc(NC(=O)c5ccc(F)cc5)c4)CC3)cccc2n1,6.679952621459961,6.762598991394043,6.721275806427002
NCCc1c[nH]c2ccc(OCCNC(=O)Cc3ccc4c(c3)OCO4)cc12,7.06785774230957,5.390198707580566,6.229028224945068
NCCc1c[nH]c2ccc(O)cc12,7.165433883666992,5.987557888031006,6.576495885848999
NC(N)=NCCCC1NC(=O)C(Cc2ccccc2)NC(=O)CCC(=O)c2ccc(O)cc2O)C1=O,,,
O=C(NCCCCN1CCN(c2cccc(Cl)c2Cl)CC1)c1cc2ccccc2cn1,6.880761623382568,9.034954071044922,7.957857847213745
Cc1cc(SCCN2CCC3(CC2)OCc2cc(F)ncc23)ccc1F,6.461472988128662,7.306709289550781,6.884091138839722
CCCN(CCN1CCN(c2cccc(Cl)c2)CC1)C1CCc2ccc(O)cc2C1,7.140301704406738,8.691253662109375,7.915777683258057
CC1=NC2=CCCCN2C(=O)C1CCN1CCC(c2noc3cc(F)ccc23)CC1,7.27606725692749,7.392763137817383,7.3344151973724365
CCN(CC)CCn1c(O)c(N=Nc2cccc(C(F)(F)F)c2)c2ccccc21,7.095443248748779,6.934634208679199,7.015038728713989
Oc1nc2ccccc2n1CCCN1CCN(c2nc3ccccc3o2)CC1,6.887385845184326,6.984081268310547,6.9357335567474365
CC(C)(C)c1ccc(OCCCN2CCC(C(O)(c3ccccc3)c3ncccc3F)CC2)cc1,6.838968276977539,7.479354381561279,7.159161329269409
Clc1ccc2[nH]cc(C3=CCN(CCCCn4ccnc4)CC3)c2c1,7.320999145507812,7.842446327209473,7.581722736358643
CCN1CCCC(c2c[nH]c3ccc(C(N)=O)cc23)C1,6.743906021118164,6.061732292175293,6.4028191566467285
Cc1cc(Br)cc(C(=O)NNC(=S)NC(=O)C2CCC2)c1O,5.464865207672119,6.339430809020996,5.902148008346558
Oc1nc2c(O)ccc(C(O)CNCCCCCn3ccnc3)c2s1,6.131769180297852,6.859226226806641,6.495497703552246
CN(CCCc1ccccc1)CCCNc1c2c(nc3ccccc13)CCCC2,6.8037872314453125,6.700069427490234,6.751928329467773
CCN1CCCC1CNC(=O)c1c(OC)c(Br)cc([N+](=O)[O-])c1OC,6.188477039337158,8.676457405090332,7.432467222213745
O=C(O)CCCN1CCC(c2ccc(-c3nc4ccccc4s3)cc2)CC1,5.915194988250732,5.54418420791626,5.729689598083496
COc1cc2nc(N3CCN(c4ccccn4)CC3)nc(N)c2cc1OC,5.775687217712402,5.3438897132873535,5.559788465499878
CC(C)c1nc(CN(C)C(=O)NC2CCCCC2)cs1,7.572937488555908,7.221537590026855,7.397237539291382
O=C(CCCN1CCC2(CC1)C(=O)N(Cc1ccc(Cl)cc1)CN2c1ccccc1)c1ccc(F)cc1,9.040081024169922,7.776835918426514,8.408458471298218
O=C(NC12CC3CC(CC(C3)C1)C2)c1ccc(-c2ccccn2)cc1,5.253023147583008,7.4427618980407715,6.34789252281189
CN1CCc2ccccc2Cc2cc(O)c(O)cc2CC1,7.622158050537109,7.011257648468018,7.3167078495025635
NCCc1c[nH]c2ccc(OCCCCCCCNS(=O)(=O)c3ccc(-c4ccccc4)cc3)cc12,6.862423419952393,7.4366278648376465,7.1495256423950195
O=C(NCCCCN1CCN(c2cccc(Cl)c2Cl)CC1)c1cc2ccccc2[nH]1,7.342580318450928,9.333035469055176,8.337807893753052
c1ccc(-c2cccc3c2CCCC3)cc1,6.981354713439941,6.211514949798584,6.596434831619263
Cc1ccc(C(=O)NC2CC2)cc1-c1ccc2c(OCC3CCCCN3)nncc2c1,6.343968391418457,6.956156730651856,6.650062561035156
CCCN(CCC)C1CCc2c(O)cccc2C1,8.197704315185547,8.453165054321289,8.325434684753418
CCN1CCCC1CNC(=O)c1c(OC)ccc(Br)c1OC,6.901225566864014,8.275630950927734,7.588428258895874
COc1cccc(C(=O)CCCCCN2CCN(c3cccc(Cl)c3Cl)CC2)c1,7.880859375,8.22979736328125,8.055328369140625
O=C(NC1CCC2CCCC(C1)N2Cc1ccc2cc(F)ccc2c1)c1ccc(OCCCF)cc1,6.948829650878906,7.839842796325684,7.394336223602295
CCC=S(O)(O)=Nc1cc(NCC2CCCO2)ccc1F,7.299951076507568,7.148634433746338,7.224292755126953
O=C1CCCN1CCCOc1ccc(-c2cc3ccccc3o2)cc1,5.877180099487305,7.089199066162109,6.483189582824707
O=C1CCc2ccc(OCCCCN3CCN(c4cccc(Cl)c4Cl)CC3)nc2N1,8.820858001708984,7.946712017059326,8.383785009384155
CCCCC(=O)NC1Cc2cc(OC)c(OC)cc2C1,6.913098335266113,5.336804866790772,6.124951601028442
NC(=O)c1ccc2[nH]c(O)c(C=Nc3ccc(S(N)(=O)=O)cc3)c2c1,6.761775493621826,6.840647220611572,6.801211357116699
COc1ccccc1N1CCN(CCCOc2ccc3c(OC)ccc(=O)oc3c2)CC1,,,
COc1ccccc1N1CCN(Cc2ccc(C=CC(=O)NCCCC(=O)O)cc2)CC1,7.530396461486816,6.488610744476318,7.009503602981567
CN1CCc2cc(F)cc3c2C1Cc1ccc(O)c(O)c1-3,8.287187576293945,8.115179061889648,8.201183319091797
O=C1N(CC2CCCCC2)CCN1c1ccsc1,7.862202644348144,7.451650619506836,7.65692663192749
O=C(c1cc2ccccc2[nH]1)N1CCN(CCC=Cc2ccccc2)CC1,6.418345928192139,7.844756126403809,7.131551027297974
CCCN(CCCNc1ccnc2cc(Cl)ccc12)Cc1ccco1,6.027095794677734,6.2521843910217285,6.1396400928497314
CCCN1CCC(COC(=O)C=Cc2ccc(F)cc2)CC1,5.167733192443848,6.425209999084473,5.79647159576416
CCCCN(CCC#N)C1CCc2ccc(O)cc2C1,8.238832473754883,7.703886985778809,7.971359729766846
O=C1N(CCN2CCC(O)(c3ccc(Cl)cc3)CC2)CCN1c1ccc(Cl)c(Cl)c1,7.218893051147461,7.4777679443359375,7.348330497741699
c1ccc(CN2CCC(c3ccc4c(c3)OCO4)CC2)cc1,6.205798149108887,5.619799613952637,5.912798881530762
Cc1cccc(CN2CCC(NC(=O)c3ccc4c(Cl)c[nH]c4c3)CC2)c1,6.827648162841797,7.075655460357666,6.9516518115997314
CCN1CCCC1CNC(=O)c1c(O)c(OC)cc(Br)c1OC,7.276420593261719,8.516337394714355,7.896378993988037
COc1cccc(CN2CCN(C(=O)CCn3c(=O)[nH]c4ccccc4c3=O)CC2)c1,6.608879566192627,6.271092414855957,6.439985990524292
O=C(NN=Cc1ccc(-c2cccc([N+](=O)[O-])c2)o1)c1cccc(OCCCN2CCN(c3ccccc3O)CC2)c1,6.767359256744385,7.365600109100342,7.066479682922363
CC(=O)Nc1ccc(CN2CCN(c3cccc4nc(C)ccc34)CC2)cc1,6.724214553833008,5.638129234313965,6.181171894073486
COc1cccc(C(=O)NC(Cc2ccccc2OC)C(=O)NC2CCCC2)c1,6.831558227539063,6.35390567779541,6.592731952667236
Cn1c(=O)[nH]c(=NCCCN2CCN(c3cc(Cl)ccc3Cl)CC2)c2cc(Cl)ccc21,7.317080020904541,7.110719680786133,7.213899850845337
CNC(=O)c1ccccc1Nc1c(Br)cnc2cc(C(F)(F)F)ccc12,6.757647037506104,5.889275074005127,6.323461055755615
Oc1ccc(CCN2CCN(c3cccc4ccccc34)CC2)cc1,8.167943954467773,7.203872203826904,7.685908079147339
COc1ccccc1N1CCN(CCCNc2cccc(-n3nnc4cc(C)c(Cl)cc43)n2)CC1,7.557708740234375,6.574626922607422,7.066167831420898
O=S(=O)(NC1CCC(CCN2CCC(Cc3cccc(Cl)c3)CC2)CC1)c1ccc2c(c1)OCO2,6.956341743469238,8.246759414672852,7.601550579071045
CCCN1CCCC(c2ccc(Nc3nc(Nc4cc(F)ccc4C(N)=O)c4cc[nH]c4n3)c(OC)c2)C1,6.66117000579834,5.90226411819458,6.28171706199646
COc1ccccc1N1CCN(CCn2c(C)nc3c(-c4ccccc4)ccnc32)CC1,6.7271270751953125,6.5290069580078125,6.6280670166015625
COc1ccccc1N1CCN(CCCCNC(=O)c2ccc3[nH]ccc3c2)CC1,7.915464878082275,8.762899398803711,8.339182138442993
CCOc1nc2c(c(=O)n(C)c(=O)n2C)n1CCC(C)C,7.41904354095459,7.913307189941406,7.666175365447998
COc1ccccc1N1CCN(CCCNC(=O)c2ccc(-c3cccs3)cc2)CC1,6.9715495109558105,7.757753849029541,7.364651679992676
Oc1c(C(Nc2ccccc2)c2ccc(Cl)cc2)ccc2cncnc12,5.814769268035889,4.980570793151856,5.397670030593872
CCCN(CCN1CCN(c2ccc(-c3ccccc3)cc2)CC1)C1CCc2c(O)cccc2C1,7.487314701080322,8.477008819580078,7.9821617603302
COc1ccc2[nH]c(SCc3ccc(C)cc3)nc2c1,5.7545485496521,5.8861823081970215,5.8203654289245605
Oc1ccc2cc(OCCCCN3CCN(c4cccc5c4OCCO5)CC3)ccc2n1,8.616541862487793,8.106776237487793,8.361659049987793
CN(CCc1ccccn1)C1CCN(CCCc2c[nH]c3ccc(-n4cnnc4)cc23)CC1,6.381836414337158,6.131624698638916,6.256730556488037
CC(C)Oc1ccccc1N1CCN(Cc2ccc(CN3CCCCC3=O)n2C)CC1,8.190450668334961,6.869896411895752,7.5301735401153564
CNC(=O)C(C)(C)CNC(=O)C1CCN(C(=O)CCC(=O)N(C)CCCOc2cccc(F)c2C(=O)OC)CC1,7.609852313995361,5.548152923583984,6.579002618789673
Cc1ccc(-c2cnc(N)c3c(-c4ccc(NC(=O)Nc5cccc(F)c5)cc4)csc23)cn1,5.753421306610107,4.919976711273193,5.33669900894165
COc1ccccc1N1CCN(CCCCOc2ccc3c(O)nc(-c4ccc(O)cc4)nc3c2)CC1,7.863947868347168,8.23463249206543,8.049290180206299
CC(C)(C)OC(=O)Nc1ccc2c(c1)CC(C(=O)Nc1ccc(C#N)cc1F)O2,7.0881428718566895,4.72199821472168,5.905070543289185
Oc1ccc2nc(NCCCc3ccc(F)cc3)sc2c1,8.185900688171387,6.026519775390625,7.106210231781006
CC(C)Oc1ccccc1N1CCN(Cc2cc(CN3CCCCCC3=O)no2)CC1,7.014266490936279,6.1496100425720215,6.58193826675415
O=C1NC(=O)C(=Cc2ccccc2F)S1,5.714382648468018,5.035330772399902,5.37485671043396
O=C(NCCCCN1CCN(c2cccc(Cl)c2Cl)CC1)c1ccc(-c2ccccn2)cc1,6.973590850830078,8.957531929016113,7.965561389923096
O=C(NCCCCN1CCN(c2cccc(Cl)c2Cl)CC1)c1cc2ccccc2[nH]1,7.3425798416137695,9.333035469055176,8.337807655334473
COc1ccccc1N1CCN(CCCSc2nnc(C)o2)CC1,6.862172603607178,7.254857063293457,7.058514833450317
Cc1ccc(CC(C)C)c(OCC(O)CNC(C)Cc2ccccc2)c1,5.770360469818115,5.305256366729736,5.537808418273926
COc1ccc(CC(CCN)C(=O)N2CCN(c3ccc([N+](=O)[O-])cc3)CC2)cc1,5.608452796936035,6.042036056518555,5.825244426727295
Cc1ccccc1-c1ccc2c(N)c(C(=O)NCC3CCCN3C)sc2n1,6.342974662780762,6.911943912506104,6.627459287643433
O=C1N(CCN2CCCCCC2)CCN1c1cccc(Cl)c1,8.184910774230957,7.69587230682373,7.940391540527344
N#Cc1ccc2[nH]cc(C3=CCN(CCCN4CCc5ccc(F)cc5C4)CC3)c2c1,7.32979154586792,7.164385795593262,7.247088670730591
COc1ccc2[nH]cc(C(=O)NCCC(=O)NC3CCN(c4ccccn4)CC3)c2c1,6.843814849853516,6.041793823242188,6.442804336547852
O=C1c2ccccc2CN1CC1CCC(Nc2ccc(F)c(Cl)c2)CC1,7.282543659210205,6.592642784118652,6.937593221664429
CN(C)C1CCc2ccc(O)cc2C1,7.045614719390869,8.280056953430176,7.6628358364105225
Cc1ccc2c(-c3nnc(SCCCN4CCc5cc6nc(C(F)(F)F)oc6c(C)c5CC4)n3C)cccc2n1,6.329035758972168,7.628432273864746,6.978734016418457
CC1CN(Cc2ccc(-c3ccccc3F)cc2)CCN1C(=O)c1cc2ccccc2[nH]1,6.251699924468994,6.898493766784668,6.575096845626831
O=C(Nc1cccc(S(=O)(=O)Nc2ccc(F)c(F)c2F)c1)c1ccno1,6.825595855712891,6.123531818389893,6.474563837051392
COc1cc2c(cc1CNC1CCC(O)(c3ccc(Cl)c(Cl)c3)CC1)CCC2O,6.768855571746826,7.133674621582031,6.951265096664429
O=C1N(CCN2CCCCC2)c2ccccc2C12CCN(CCc1ccccc1)CC2,6.5287933349609375,6.552445411682129,6.540619373321533
COc1ccc(F)cc1N1CCN(CCn2c(O)nc3ccccc32)CC1,8.063960075378418,6.835512161254883,7.44973611831665
Oc1nc2cc(CN3CCN(c4ccccc4Cl)CC3)ccc2[nH]1,7.731905937194824,6.865764617919922,7.298835277557373
CN1CCN(C2=Nc3ccccc3Nc3ccc(OS(=O)(=O)C(F)(F)F)cc32)CC1,6.751859188079834,6.947136878967285,6.84949803352356
CCN1CCCC1CNC(=O)c1c(OC)ccc(F)c1F,7.1606550216674805,8.135719299316406,7.648187160491943
Oc1cc2c(OCCNCc3ccccc3)ccc(Cl)c2[nH]1,8.818074226379395,7.795658588409424,8.30686640739441
Oc1cc(N2CCN(c3cccc(Cl)c3)CC2)nc2ccccc12,6.450808525085449,6.092711448669434,6.271759986877441
CCCOc1ccccc1OCCCCN1CCN(c2cccc(Cl)c2Cl)CC1,7.589468002319336,8.547654151916504,8.06856107711792
c1ccc(CCCCNCCOc2cccc3[nH]ccc23)cc1,8.177305221557617,7.561867237091064,7.869586229324341
COc1cccc(OC)c1CNc1nc(NC2CCCCC2)nc2ccc(Cl)cc12,7.932417869567871,5.6795196533203125,6.805968761444092
COc1ccccc1N1CCN(CCn2c(O)nc3ccccc32)CC1,7.7202887535095215,6.8264479637146,7.2733683586120605
CN1CCCCC1CNC(=O)c1c(F)cccc1-c1cccc(F)c1,6.0053324699401855,6.888644695281982,6.446988582611084
COc1ccc(C2Nc3ccccc3C(=O)N2Cc2ccccc2)cc1C#N,6.937127590179443,5.039734363555908,5.988430976867676
CC(C)(C)NCC(O)c1cc(O)cc(O)c1,5.181950569152832,6.089113712310791,5.6355321407318115
Oc1ccc2[nH]c(C(O)CNCCCCOc3ccc(O)cc3)cc2c1,6.641383171081543,7.511506080627441,7.076444625854492
CC(C)Oc1ccccc1N1CCN(CCCOc2ccc3c(c2)NC(=O)CC3)CC1,8.727155685424805,7.960790634155273,8.343973159790039
COc1cccc(C(=O)NCCCCN2CCN(c3nsc4ccccc34)CC2)c1,7.184648513793945,8.444093704223633,7.814371109008789
COc1ccccc1N1CCN(CC2CC3c4cccc5[nH]cc(c45)CC3N(C)C2)CC1,7.645627975463867,6.965068817138672,7.3053483963012695
CCN(CC)C(=O)NC1CC2=C(Cc3c[nH]c4cccc2c34)N(C)C1,8.485456466674805,8.415813446044922,8.450634956359863
COc1cccc(OC)c1CC(N)C(=O)N1CCCC1C(=O)NC(Cc1ccccc1)C(=O)NC(Cc1c[nH]c2ccccc12)C(=O)O,7.1982293128967285,5.719725608825684,6.458977460861206
COc1ccccc1N1CCN(CCCCOc2ccc3c(C)c[nH]c3c2)CC1,8.300287246704102,8.12484073638916,8.21256399154663
CCCN(CCC1CCC(NS(=O)(=O)c2ccccc2Cl)CC1)C1CCc2nc(N)sc2C1,7.498214721679687,9.151424407958984,8.324819564819336
O=C(NC1CCN(Cc2ccc3ccccc3c2)CC1)c1ccc(-n2cccc2)cc1,6.759580135345459,6.885770797729492,6.822675466537476
COc1ccccc1N1CCN(CCCCN2C(=O)c3ccccc3C2=O)CC1,7.337620735168457,7.570512771606445,7.454066753387451
Fc1ccc(-c2nc3cnccn3c2-c2ccnc(NCC3CC3)n2)cc1,5.492461681365967,5.828152179718018,5.660306930541992
COc1ccccc1N1CCN(CC2COC(CN3C(=O)CC4(CCCCC4)CC3=O)(c3ccccc3)O2)CC1,6.6647257804870605,7.172769546508789,6.918747663497925
O=C(NCCCCCNC(=O)NCc1ccccc1)NCc1cccnc1,7.432585716247559,5.669577598571777,6.551081657409668
CC12CCC3c4ccc(O)cc4CC(N3CCC1CC1CCCC1)C2O,5.988336086273193,7.102428436279297,6.545382261276245
CCCN(CCc1ccccc1)C1CCc2c(O)cccc2C1,8.200567245483398,8.143577575683594,8.172072410583496
OCCN1CCN(CCCN2c3ccccc3Sc3ccc(C(F)(F)F)cc32)CC1,6.477129459381104,6.448475360870361,6.462802410125732
N#Cc1ccc(Cn2ccnc2)cc1-c1ccccc1,6.488309860229492,5.819213390350342,6.153761625289917
Cc1ccc2c(c1)N(CC(=O)NC1CCN(Cc3ccccc3)CC1)C(=O)C(NC(=O)Nc1cccc(C(F)(F)F)c1)CC2,7.431646347045898,7.606293678283691,7.518970012664795
Cc1ccc(N2CCN(CCCCCCn3ncc(=O)n(C)c3=O)CC2)cc1C,6.190946102142334,7.416088581085205,6.8035173416137695
COc1cc(N2CCN(C(C)C)CC2)ccc1Nc1nc(Nc2cccc3nccn23)c2cc[nH]c2n1,6.0900750160217285,5.174696922302246,5.632385969161987
COc1ccccc1N1CCN(CCn2cc(CCCCn3ncc4c3nc(N)n3nc(-c5ccc(OC)cc5)cc43)nn2)CC1,6.928756713867188,6.837826728820801,6.883291721343994
CCCN1CCCC2Cc3n[nH]cc3CC21,7.44373893737793,7.752799987792969,7.598269462585449
COc1ccc(NC(=O)NC2CCC(N3CCC(c4cc(C(F)(F)F)[nH]n4)CC3)CC2)cc1OC,7.438278675079346,7.847124099731445,7.6427013874053955
CCCN(CCC)C1CCc2[nH]c3ccccc3c2C1,7.022028923034668,7.4721999168396,7.247114419937134
COc1ccc2c(c1)c(CCc1ccc(O)c(O)c1)cn2CCCN1CCN(c2ccccc2Cl)CC1,6.70102071762085,6.598284721374512,6.649652719497681
COc1ccccc1N1CCN(CCCCCC(=O)N2Cc3ccccc3CC2C(=O)Nc2ncc([N+](=O)[O-])s2)CC1,7.1643967628479,6.539233207702637,6.8518149852752686
CCCNC1CCc2ccc3[nH]ccc3c2C1,6.594070911407471,6.859435081481934,6.726752996444702
COc1ccc(CCn2ncc(N3CCN(c4ccc5[nH]ccc5c4)CC3)c(Cl)c2=O)cc1,6.037240028381348,5.895038604736328,5.966139316558838
Cc1cc2c(cc1C(F)(F)F)NC(=O)CC(c1cccnc1)=N2,6.492642402648926,5.788857460021973,6.140749931335449
Cc1sc(NC(=O)C2CC2)c(C#N)c1-c1ccccc1,5.326361656188965,5.081164360046387,5.203763008117676
O=C(NC1CCC(CCN2CCN(c3cccc(Cl)c3Cl)CC2)CC1)c1ccc2[nH]ccc2c1,7.916001796722412,8.728742599487305,8.322372198104858
CC(C)CC(c1nnnn1C)N(Cc1ccc2c(c1)OCO2)CC1CCCO1,6.848301410675049,6.351413726806641,6.599857568740845
COc1ccc(C(C)=O)cc1CC(N)C(=O)NC1CC2CCCC(C1)N2Cc1ccccc1,7.714115619659424,7.886660575866699,7.8003880977630615
O=C(O)c1ccccc1-c1ccc(CN2CCC(N3C(=O)c4cccc5cccc(c45)C3=O)CC2)cc1,6.298834323883057,5.937357902526856,6.118096113204956
O=C(NCC=CCN1CCN(c2cccc(Cl)c2Cl)CC1)c1ccccc1,7.728926658630371,8.862671852111816,8.295799255371094
Cc1occc1-c1nc(N)c(OCC(N)Cc2c[nH]c3ccccc23)cc1-c1ccc2cc(F)ccc2c1,5.073402404785156,6.293421268463135,5.6834118366241455
CCCN(CCC)C1CCc2c(O)cccc2C1,8.197704315185547,8.453165054321289,8.325434684753418
COc1ccccc1N1CCN(CCCCNC(=O)c2ccccc2C)CC1,7.564244747161865,8.189421653747559,7.876833200454712
CCc1cc(O)nc(NCC2CCC(CNC(=O)c3ccccc3)CC2)n1,6.646133899688721,7.139932155609131,6.893033027648926
COc1cccc(C(C#N)CCC(=O)N2CCC(CCn3c(=O)[nH]c4ccc(OC)cc4c3=O)CC2)c1,6.958012580871582,6.18260383605957,6.570308208465576
COc1ccccc1N1CCN(CCCCNC(=O)C2CCC2)CC1,7.594846725463867,8.555835723876953,8.07534122467041
O=C(Nc1ccc(C(=O)N2CCCCC2)cc1)NC1CCN(Cc2ccccc2F)C1,6.991331100463867,6.535205841064453,6.76326847076416
COc1ccc(-c2nc3cnc(Oc4ccccc4)nc3n(Cc3cccs3)c2=O)cc1,5.381545066833496,5.47796106338501,5.429753065109253
CN1CCCC1Cn1nc(Cc2ccc(Cl)cc2)c2ccccc2c1=O,6.43051290512085,6.615734100341797,6.523123502731323
CC1CN(CCCc2ccccc2)C2CC(NC(=O)C(C)(C)c3ccccc3)CC1(c1cccc(OC(F)F)c1)C2,6.783010005950928,7.358808517456055,7.070909261703491
CN1CCc2cc(Cl)c(O)cc2C(c2ccccc2)C1,5.661477565765381,6.288370132446289,5.974923849105835
Oc1ccc2[nH]cc(CCCCN3CC=C(c4ccccc4)CC3)c2c1,8.44819450378418,8.916887283325195,8.682540893554688
Cc1ccc2c(c1)nnn2C1COC(COc2cccc3c2CCCO3)CC1,6.87656831741333,5.603307723999023,6.239938020706177
COc1ccccc1N1CCN(CCCCNC(=O)C=Cc2ccc(C=O)o2)CC1,7.1920270919799805,8.395798683166504,7.793912887573242
CCCN(CCN1CCN(c2ccc3cc(O)ccc3n2)CC1)C1CCc2nc(N)sc2C1,7.216952323913574,8.926042556762695,8.071497440338135
CCC1(O)CC(OC2CC(N(C)C(=O)c3ccccc3OC)C2)c2c(cc(F)c(-c3cccnc3)c2O1,,,
CN(C)CC1CC2c3ccccc3N(C)c3ccccc3C2O1,7.141868114471436,6.749122619628906,6.945495367050171
CCCN(CCC1CCC(NS(=O)(=O)c2ccccc2I)CC1)C1CCc2nc(N)sc2C1,7.588211059570312,9.226059913635254,8.407135486602783
COc1ccc(N2CCN(CCCCNC(=O)c3ccc4c(c3)OCO4)CC2)cc1,5.934763431549072,7.117721557617188,6.52624249458313
CCc1cc(-c2ccc3c(c2)CCN(CCCSc2nnc(-c4ccc(C(F)(F)F)cc4)n2C)CC3)no1,6.223223209381104,8.497758865356445,7.360491037368774
CN1CCCC(CN2CCOCC2)(c2ccc(Cl)c(Cl)c2)C1,5.577525615692139,6.545568466186523,6.061547040939331
COc1cc(OC)c(C=CCN2CCC(NC(=O)c3cc4c(s3)CCCC4)CC2)cc1OC,6.947800159454346,6.444572448730469,6.696186304092407
COc1ccccc1N1CCN(Cc2cn(-c3ccccc3)nn2)CC1,6.974779605865479,6.259124279022217,6.616951942443848
CCCN1CCC=C2c3c(ccc(OC)c3OC)CCC(=O)N2C1,6.0616230964660645,6.668736457824707,6.365179777145386
CN(C)CC1CC2c3ccccc3Cc3ccc(F)cc3N2O1,7.31734037399292,7.58121919631958,7.44927978515625
CN1CCN(C2Cc3ccccc3Sc3ccc(Cl)cc32)CC1,9.140547752380373,8.70261001586914,8.921578884124756
N#Cc1cccc(N2CCN(Cc3c[nH]c4ncccc34)CC2)c1,6.078710079193115,5.998209476470947,6.038459777832031
CCCN(CCC)C1Cc2c(cc3c[nH]c4c3c2C=CC4)NC1,6.661884307861328,7.821253776550293,7.2415690422058105
COc1ccccc1N1CCN(CCCCNC(=O)c2ccc3c(c2)C2CCC3(CCNCC3)CC2)CC1,,,
O=C1NCCN1CCN1CCC(c2cn(-c3ccc(F)cc3)c3ccc(-c4cncnc4)cc23)CC1,6.926215171813965,5.817397594451904,6.371806383132935
CN1CCN(CCCN2c3ccccc3Sc3ccc(S(=O)(=O)N4CCCC4)cc32)CC1,6.179084300994873,6.363421440124512,6.271252870559692
O=C(NCC1CCN(CC2COc3ccccc3O2)CC1)C1CCCCC1,6.676800727844238,7.412778854370117,7.044789791107178
COc1ccccc1N1CCN(CCn2c(=O)[nH]c3sccc3c2=O)CC1,8.06510066986084,7.2046308517456055,7.634865760803223
CN1CCCC1Cn1nc(Cc2ccc(Cl)cc2)c2ccccc2c1=O,6.43051290512085,6.615734100341797,6.523123502731323
O=C(NC1CCCC1)C1CCCN(c2ncnc3c2oc2ccccc23)C1,6.7166032791137695,5.859934329986572,6.288268804550171
CCOc1ccccc1N1CCN(CCCCNC(=O)c2cc3cc(OC)ccc3nc2O)CC1,7.370355129241943,8.530923843383789,7.950639486312866
COc1ccccc1N1CCN(CCCN=C2C(C)C(=O)N(C)C(=O)N2C)CC1,6.036655426025391,6.812100410461426,6.424377918243408
O=C1CC2(CCCC2)CC(=O)N1CCN1CCN(c2ccncc2)CC1,6.028542518615723,6.68890905380249,6.3587257862091064
COc1ccccc1N1CCN(CCCCNC(=O)C2CCc3ccccc3C2)CC1,7.578157424926758,7.986133575439453,7.7821455001831055
Cc1cc(-c2ccc3c(c2)CCN(CCCSc2nnc(-c4ccc(Cl)cc4)n2C)CC3)no1,6.377125263214111,8.740314483642578,7.558719873428345
CC(C)CC1(C(=O)N=S(C)(=O)O)c2ccc(Cl)cc2N1,7.256667613983154,6.8989996910095215,7.077833652496338
COc1ccccc1N1CCN(CCNC(=O)c2cc3ccc2Cc2ccc(cc2)CC3)CC1,7.273351669311523,7.402605056762695,7.337978363037109
CCCN1CCCC1CNC(=O)c1c(Br)ccc(OC)c1OC,7.2481160163879395,8.16030502319336,7.704210519790649
OC1(c2ccc(Cl)cc2)CC2CCC(C1)N2Cc1coc2ccccc12,7.902398109436035,8.243314743041992,8.072856426239014
O=C1CCc2ccc(OCCCN3CCN(c4cccc(Cl)c4Cl)CC3)nc2N1,8.356881141662598,7.715897560119629,8.036389350891113
COc1cccc(C(=O)NCCCN2CCC(c3cccc(Cl)c3Cl)CC2)c1OC,6.808252811431885,6.803343772888184,6.805798292160034
O=C(NCc1cccc(Cl)c1)NCC1CCCN1C(=O)CS1,,,
Cn1ccc(NC(=O)c2cnc(CN3CCN(c4ccccc4OCCF)CC3)s2)n1,6.751754283905029,5.527476787567139,6.139615535736084
COc1ccccc1N1CCN(CC(O)CN2CCC(Oc3ccccc3C)CC2)CC1,6.029214859008789,5.788282871246338,5.9087488651275635
O=C(NCCC1=CCCCC1)c1cc2c(-c3ccccc3)[nH]nc2s1,6.87503719329834,7.015763282775879,6.945400238037109
Cc1ccccc1S(=O)(=O)NCCC(=O)NCCN1CCN(c2nsc3ccccc23)CC1,7.532845497131348,6.176196575164795,6.854521036148071
CC(C)c1ccccc1N1CCN(CCCCCNS(=O)(=O)c2cccc(F)c2F)CC1,8.137081146240234,7.187592506408691,7.662336826324463
FC(F)(F)c1cccc(N2CCN(CCCCn3cnc4cncnc43)CC2)c1,6.371392250061035,7.037015438079834,6.704203844070435
N#Cc1ccc2[nH]c(O)c(-c3ccc4c(n3)CCCC4O)c2c1,6.455084800720215,5.73664665222168,6.095865726470947
Cc1ncoc1-c1nnc(SCCCN2CC3CC3(c3ccc(C(F)(F)F)cc3)C2)n1C,6.68971061706543,8.816183090209961,7.752946853637695
CCN1C=C(C(=O)OC)C(c2ccc(OC)c(OC)c2)NC1=O,5.260163307189941,4.411816596984863,4.835989952087402
Oc1ccc2c(c1)OC(CNCCCc1ccccc1)CC2,9.028916358947754,7.806818008422852,8.417867183685303
O=C1SCN1CCN1CC=C(c2ccccc2)CC1,5.841014385223389,6.88127326965332,6.3611438274383545
Cc1cc(OCCCCN)cc(C)c1C,7.172901630401611,5.359381198883057,6.266141414642334
CNC1=NC(=O)C(=Cc2ccc(Cl)cc2)S1,5.68558406829834,5.013439178466797,5.349511623382568
CCc1nccn1S(=O)(=O)c1ccc(CC(=O)NCCCN2CCN(c3ccccc3OC)CC2)cc1,6.7631659507751465,5.98499870300293,6.374082326889038
CCCCN(CC)C(=O)CCc1c(-c2ccc(Cl)cc2)[nH]c2ccccc12,6.966433525085449,6.420219421386719,6.693326473236084
COc1ccc2c(c1)C(N1CCN(CCCN3C(=O)c4cccc5cccc(c45)C3=O)CC1)CC1(CCN(CCCC(=O)O)CC1)C2,6.309944152832031,6.290039539337158,6.299991846084595
CC(C)(C)OC(=O)NCCC1CCCN1Cc1ccccc1,6.805335521697998,7.109368801116943,6.957352161407471
CCOc1ncccc1C(=O)OCC1CCN(CCCC(=O)c2ccc(F)cc2)CC1,7.24696159362793,6.877408504486084,7.062185049057007
Cc1ccccc1N1CCN(CCCCNC(=O)c2ccc(F)cc2C)CC1,6.965972900390625,7.730084419250488,7.348028659820557
CCCCC(=O)NC(Cc1c[nH]cn1)C(=O)NC(Cc1ccccc1)C(=O)NC(CCCNC(=N)N)C(=O)NC(Cc1ccccc1)C(=O)O,6.825013637542725,4.479111671447754,5.652062654495239
O=S(=O)(NC1CCC(CCN2CCN(c3cccc(Cl)c3Cl)CC2)CC1)c1ccc2ccccc2c1,7.830300807952881,8.547703742980957,8.189002275466919
COc1cc(N)c(Cl)cc1C(=O)NC1CCN(Cc2ccccc2)CC1,7.9120283126831055,7.189466953277588,7.550747632980347
Cc1ccc2c(N3CCN(CCc4ccc(-c5ccccc5)cc4)CC3)cccc2n1,7.3361430168151855,6.974150657653809,7.155146837234497
COc1ccccc1N1CCN(CCNC(=O)c2cc3c(OC)cc(OC)cc3[nH]2)CC1,6.803977966308594,7.269028663635254,7.036503314971924
Oc1ccc2oc3cc(O)cc(CN4CCC(c5nnc(-c6ccccn6)[nH]5)CC4)c3c2c1,7.300870418548584,6.647258281707764,6.974064350128174
O=C1NC2C(CCN(C(=O)CCCCCCCCCNCC(O)c3ccc(O)c(CO)c3)CC2)C1CO,5.0634355545043945,5.400026798248291,5.231731176376343
Cc1cccc(N2CCN(CCCCn3c(=O)[nH]c4ccccc4c3=O)CC2)c1C,7.205683708190918,7.672769069671631,7.439226388931274
O=C(O)CC1CCC(c2ccc(C(=O)NC3CCN(Cc4ccccc4)CC3)cc2)CC1,5.7138519287109375,6.001363754272461,5.857607841491699
Cc1ccn(CCCCN2CCN(c3cccc(Cl)c3Cl)CC2)c(=O)c1,7.381683349609375,7.862519264221191,7.622101306915283
Oc1[nH]c2ccc(F)cc2c1CCCCN1CCN(c2ccc(Cl)cc2Cl)CC1,7.682480335235596,7.533607959747314,7.608044147491455
N#CN(Cc1ccccc1)C(=O)NCCCCN1CCN(c2cccc3ccccc23)CC1,7.012117862701416,6.830039024353027,6.921078443527222
CCCN(CCC)C1CCc2c(F)cccc2C1,7.701069831848144,7.481559753417969,7.591314792633057
COc1ccc(CN2CCC(C(=O)N3CCC(C(=O)c4nc5ccccc5n4Cc4ccccc4)CC3)CC2)c(OC)c1,6.026275634765625,6.12154483795166,6.073910236358643
CCCN(CCC)C1COc2c(I)cccc2C1,7.900673866271973,7.69537878036499,7.7980263233184814
CCCN1CCN(CCCC(=O)Nc2n[nH]c3nnc(-c4cccc(F)c4F)cc23)CC1,6.889269828796387,6.79619026184082,6.8427300453186035
COc1cccc(C(=O)NCCCCN2CCN(c3nsc4ccccc34)CC2)c1OC,7.666296005249023,8.271044731140137,7.96867036819458
CCCN(CCN1CCN(c2ncc3cc(-c4ccccc4)c(=O)n(C)c3n2)CC1)C1CCc2c(O)cccc2C1,6.751720428466797,7.969398975372314,7.360559701919556
O=C(NCCc1ccccc1)NC1CCN(CCCNC(=O)c2cc3ccc2F)C1=O,,,
c1ccc(CN2CCC(CCc3c[nH]c4ccc(-n5ccnc5)cc34)CC2)cc1,6.706113338470459,6.836330413818359,6.771221876144409
COc1ccccc1N1CCN(CCCCNC(=O)C=Cc2ccccc2OC)CC1,7.560798645019531,8.72765827178955,8.144228458404541
O=C(NCCCN1CCN(c2nsc3ccccc23)CC1)c1ccc(Cl)cc1,6.834383964538574,7.229984760284424,7.032184362411499
O=C(NC1CCc2ccc(CCN3CCN(c4nsc5ccccc45)CC3)cc21)c1ccc2ccccc2c1,7.074366092681885,6.7121100425720215,6.893238067626953
COc1ccccc1N1CCN(CC=CCCNC(=O)c2ccc3c(c2)N(C)C(=O)CCO3)CC1,7.325215339660644,7.099173545837402,7.212194442749023
COC(=O)c1cccc(NC(=O)N(C)C2CCC(CC(N)=O)(c3ccccc3)CC2)c1,6.8717546463012695,4.977356433868408,5.924555540084839
CN(Cc1ccncc1)C1CCN(CCC(CN(C)C(=O)c2ccccc2)c2cccc(F)c2)CC1,5.912574291229248,6.165363788604736,6.038969039916992
Cc1cccc(N2CCN(CCC3CCCCN3C(=O)COC(C)C)CC2)c1C,6.933142185211182,6.874217033386231,6.903679609298706
COc1cccc(NC(=S)N2CCN(CCCCc3c[nH]c4ccc(-n5cnnc5)cc34)CC2)c1,7.018487453460693,6.670248031616211,6.844367742538452
O=C1CCC(c2cccc(F)c2)(C2CCN(Cc3ccc(Br)cc3)CC2)C(=O)N1,7.442770481109619,7.938300132751465,7.690535306930542
CCCCN1CCN(c2ccc(Br)cc2F)CC1,6.853049755096436,7.211733818054199,7.032391786575317
CC(CCC(=O)NC1CCN(Cc2cccc(C(F)(F)F)c2Cl)C1)(c1ccccc1)c1ccccc1,7.122695446014404,6.690311431884766,6.906503438949585
COc1cccc2c1CCC1CN(CCn3c(=O)[nH]c4c(sc5ncccc54)c3=O)CC21,7.334707260131836,7.332767963409424,7.33373761177063
CCCN(CCN1CCN(c2cnc3ccccc3n2)CC1)C1CCc2c(O)cccc2C1,7.026515007019043,8.64181137084961,7.834163188934326
COc1ccc2cccc(C=CCN3CCN(c4ccccc4OC)CC3)c2c1,7.3182854652404785,7.132630348205566,7.2254579067230225
Oc1nc2cc(N3CCN(Cc4cccc(-c5c(F)cccc5F)c4)CC3)ccc2o1,7.537791728973389,6.039200782775879,6.788496255874634
CCCN(CCN1CCN(c2ccc(-c3cc4ccccc4o3)cc2)CC1)C1CCc2nc(N)sc2C1,6.671749114990234,8.612401008605957,7.642075061798096
O=C(NCC1CCCN(C2CCC(C(=O)c3ccccc3)CC2)C1)c1cc2ccccc2s1,5.6640143394470215,7.073883533477783,6.368948936462402
O=C1COc2ccc(-c3cc(C(F)(F)F)n[nH]3)cc2N1,7.330600738525391,6.125053405761719,6.727827072143555
Cc1ccc2c(c1)N(C(=O)c1ccc(-c3cnccc3C)cc1)CC2,5.237161636352539,5.229838371276856,5.233500003814697
COc1ccc2c(c1)c(CCNC(=O)c1cc3cc(F)ccc3[nH]1)cn2C,6.454272747039795,6.4957661628723145,6.475019454956055
O=C(NCCCCN1CCN(c2cc3ccccc3cc2CCc2ccc(cc2)CC3)CC1)c1cc2ccccc2o1,,,
CCCN1CCCCC1Cn1nc(Cc2ccc(Cl)cc2)n(C)c1=O,7.021512031555176,7.627269744873047,7.324390888214111
O=C(NC1CCc2ccc(CCN3CCN(c4nsc5ccccc45)CC3)cc21)c1ccc(OCCF)cc1,7.466493129730225,6.547924995422363,7.007209062576294
COc1ccccc1N1CCN(CCCCNC(=O)c2ccc(C#CC3CC3)cc2)CC1,7.550738334655762,9.0946683883667,8.32270336151123
CNC(C)Cc1ccccc1Sc1ccc(Cl)cc1,6.129630088806152,4.97106409072876,5.550347089767456
Cc1ccc2c(-c3nnc(SCCCN4CCc5cc6nc(N7CCCC7)oc6cc5CC4)n3C)cccc2n1,6.354826927185059,7.499079704284668,6.926953315734863
COc1ccccc1N1CCN(CCCCNC(=O)c2cc3c(s2)CCCC3)CC1,8.070926666259766,8.595975875854492,8.333451271057129
CCCN(CCC1CCC(NS(=O)(=O)c2ccc(OC)cc2)CC1)C1CCc2nc(N)sc2C1,7.197462558746338,8.78964614868164,7.993554353713989
COc1ccc2[nH]cc(CCNCCCSc3ccc(Cl)cc3)c2c1,6.91022253036499,7.051393985748291,6.980808258056641
CCC(C)(C)c1nc2c(O)nc(NCC3CCCN3S(=O)(=O)c3ccc(Cl)cc3)nc2[nH]1,7.224831104278564,7.856450080871582,7.540640592575073
COc1ccccc1N1CCN(CCCCc2cccs2)CC1,7.859960556030273,7.82045316696167,7.840206861495972
COc1ccccc1N1CCN(CCCCNC(=O)c2cc3n(n2)CCCC3)CC1,7.525806427001953,7.765436172485352,7.645621299743652
CN1CCc2cc(Cl)c(O)cc2C(c2ccc(NC(=O)C3CCCCC3)cc2)C1,5.02898645401001,5.561345100402832,5.295165777206421
COc1ccccc1N1CCN(CCCN2C(=O)C3C(=O)NC(=O)C3=C2Cc2ccccc2)CC1,6.462890148162842,6.755998611450195,6.6094443798065186
Oc1nc2ccc(N3CCN(Cc4cccc(-c5ccccc5)c4)CC3)nc2o1,7.867953300476074,6.740663528442383,7.3043084144592285
CN1CCc2cc(F)cc3c2C1Cc1ccc(O)c(O)c1-3,8.287187576293945,8.115179061889648,8.201183319091797
COc1ccc2c(c1)CCC2CC(=O)NCC1CCN(CCCN2C3CCCC3CC3)CC2)C1,,,
Nc1ccc(CC(NS(=O)(=O)c2ccccc2)C(=O)N2CCN(c3ccccc3)CC2)cc1,6.899960994720459,6.132534027099609,6.516247510910034
COc1ccc(CN2C3=CCC(=O)C3C2c2ccc(OC)cc2)c(OC)c1,5.689797878265381,5.2033891677856445,5.446593523025513
COC(=O)c1cc2c(OCCCCN3CCN(c4cccc(C(F)(F)F)c4F)CC3)c(Cl)ccn2n1,7.154111862182617,7.679862022399902,7.41698694229126
Cc1occc1-c1nnc(SCCCN2CC3CC3(c3ccc(Br)cc3)C2)n1C,7.610384941101074,9.195592880249023,8.402988910675049
Cc1ccc(CN2C3CCC2CC(c2ccccc2)C3)s1,6.751864433288574,7.23037052154541,6.991117477416992
Cc1cc2c(cc1C(F)(F)F)N(C(=O)Nc1ccc(OCCN3CCCC3)cc1)CC2,7.518813133239746,6.934754848480225,7.226783990859985
CC(C)Oc1ccccc1N1CCN(Cc2ccc(C(=O)N3CCC3)cc2)CC1,7.40913200378418,7.153157234191895,7.281144618988037
Oc1occ2c1C(c1ccccc1)C(CN1CCN(c3ccccc3)CC1)c1ccccc1-2,6.164045810699463,6.354994773864746,6.2595202922821045
NC(=O)c1nccn2c(C3CCN(Cc4coc5ccccc45)CC3)nnc12,6.167505741119385,5.622557640075684,5.895031690597534
COc1cc(N2CCN(C)CC2)ccc1C(=O)Nc1n[nH]c2ccc(Cc3cc(F)cc(F)c3)cc12,6.572559356689453,5.924870491027832,6.248714923858643
CCCN(CCC)C1CCc2c(cccc2-c2ccc(OCC)cc2)C1,7.217342376708984,7.60977840423584,7.413560390472412
Cc1ncsc1-c1nc2ccsc2c(=O)n1NC(=O)CCCCC(=O)O,6.772050857543945,3.1070570945739746,4.93955397605896
Oc1ccc2nc(NCCc3ccc(-c4ccc(F)cc4)cc3)sc2c1,7.234908580780029,6.19221830368042,6.713563442230225
COc1ccccc1N1CCN(CCC(=O)c2ccc3c4c(cccc24)CC3)CC1,7.614656925201416,7.15352201461792,7.384089469909668
CCCCN(C)CCN1C(=O)c2cccc3c2N(CC3)C1=O,6.865744590759277,7.415116786956787,7.140430688858032
COc1ccc(C2CN(C)Cc3c(-c4ccccc4)[nH]c4ccccc34)C2)cc1F,,,
O=C(NC1CCC(CCN2CCN(c3cccc(Cl)c3Cl)CC2)CC1)C1CCCCC1,7.943788528442383,9.267483711242676,8.60563611984253
COc1cc2c(cc1OC)CCN(Cc1ccc(OC)c3oc(-c4ccc(F)cc4)cc13)C2,5.712063789367676,5.954491138458252,5.833277463912964
O=C(NCC(O)C(F)(F)F)c1cccc(Cl)c1,5.580384254455566,7.180943012237549,6.380663633346558
CCCN(CCC)C1CCc2c(ccc(O)c2O)C1,8.462950706481934,9.167144775390623,8.81504774093628
CCN(CC)C(=O)NC1Cc2c(cc3c[nH]c4c3c2C=CC4)N(C)C1,8.286233901977539,9.047722816467283,8.666978359222412
O=C(CCCCCSc1nsc(-c2ccc(F)cc2)n1)NCCCN1CCN(c2ccccc2)CC1,6.769384860992432,6.9074907302856445,6.838437795639038
CSc1ccc2c(c1)N(CCC1CCCCN1C)c1ccccc1S2,6.5241241455078125,6.993890762329102,6.759007453918457
Cc1ccccc1N1CCN(CCCCNC(=O)C23CCC(I)(CC2)CC3)CC1,6.143909931182861,7.954821586608887,7.049365758895874
CCCN1CCOc2ccc(S(=O)(=O)Nc3ccccc3C(=O)Nc3cccnc3)cc21,6.723103046417236,6.07838249206543,6.400742769241333
O=C1N(CCN2CCOCC2)CCN1c1cccc(Cl)c1,6.995948791503906,7.249623775482178,7.122786283493042
COc1ccccc1N1CCN(CCCCNC(=O)C=Cc2ccc3c(c2)OCO3)CC1,7.545289039611816,8.720010757446289,8.132649898529053
Cn1cc(C(=O)NC2CCC(Nc3ncc(Cl)c(-c4c[nH]c5ccccc45)n3)CC2)cn1,6.411464214324951,6.322889804840088,6.3671770095825195
O=C1CCc2ccc(OCCCCN3CCN(c4ccccc4Cl)CC3)nc2N1,8.606689453125,7.439613342285156,8.023151397705078
CCCN(CCN1CCN(c2ccc3nc(O)cc(-c4nc5ccccc5s4)c3c2)CC1)C1CCc2ccc(O)cc2C1,7.244924068450928,8.299123764038086,7.772023916244507
CCCN1CCCC2c3c(cccc3OC)CCC(C)C21,6.439571857452393,7.360154151916504,6.899863004684448
O=C(NCCCN1CCN(c2cccc(Cl)c2Cl)CC1)c1ccc(F)cc1,6.915668964385986,7.265851497650146,7.090760231018066
COc1ccccc1N1CCN(CCCCOc2ccc3ccc(O)nc3c2)CC1,8.581178665161133,8.298627853393555,8.439903259277344
O=C(CC=Nc1ccccc1)c1ccccn1,5.493727684020996,5.488908767700195,5.491318225860596
CCCN(CCC)C1CCc2c(cccc2-c2ccc(O)cc2)C1,7.917147159576416,8.122407913208008,8.019777536392212
CCN(CCO)CCCOc1ccc2c(Nc3cc(CC(=O)Nc4cccc(F)c4)[nH]n3)ncnc2c1,6.141806602478027,5.756023406982422,5.948915004730225
O=C(NCCCCN1CCN(c2cccc(Cl)c2Cl)CC1)c1c[nH]c2ccccc12,7.580686092376709,8.897762298583984,8.239224195480347
Cc1ccccc1C(CN1CCN(c2cccc3[nH]c(-c4cc(C)cc(C)c4)nc23)CC1)N1CCCC1,6.884935855865479,6.593118667602539,6.739027261734009
Oc1nc2ccccc2n1C1CCN(Cc2ccc(-c3nc4cccs4n3CCCF)cc2)CC1,,,
CN(C)CC1CC2c3ccccc3Cc3ccc(F)cc3N2O1,7.31734037399292,7.58121919631958,7.44927978515625
O=C(CCCN1C2CCC1CC(O)(c1ccccc1)C2)c1ccc(F)cc1,7.58618688583374,7.463193893432617,7.524690389633179
CCOc1ccccc1N1CCN(CCCCCC(=O)NC2CCCc3ccccc32)CC1,7.33467960357666,7.716541290283203,7.525610446929932
CC(Nc1cc(N2CCN(C)CC2)ncc1I)c1ccc(C(=O)NCCN(C)C)cc1,5.660925388336182,7.054753303527832,6.357839345932007
O=C1c2ccccc2C(=O)N1CCC(NCC1CCC(c2ccccc2)CC1)c1ccccc1,6.128362655639648,6.052904605865479,6.0906336307525635
Cc1ccc2c(N3CCN(CCc4cccc5c4OCc4c(C(=O)O)ncn4-5)CC3)cccc2n1,6.78737735748291,6.202038288116455,6.494707822799683
FC(F)(F)c1cccc(N2CCC(Cc3ccncc3)CC2)c1,6.6601972579956055,6.406912326812744,6.533554792404175
CCCN1CCCC(c2cccc(O)c2)C1,6.599302768707275,7.349627494812012,6.9744651317596436
COc1ccc2c(c1)C(CCN1CCN(c3ccc(F)cc3)CC1)C(=O)N2,6.393287181854248,6.142950534820557,6.268118858337402
CCN1CCc2c(sc3ncn(CCN4CCN(c5cn(C)c6ccccc56)CC4)c(=O)c23)C1,7.436447143554687,7.133755683898926,7.285101413726807
CN(C)C1CCN(CCCOc2ccc3nc(O)ccc3c2)C1,6.343072414398193,7.946918487548828,7.144995450973511
O=C(NCC1CC(F)CN1)NCc1ccc(-c2ccccc2)cc1,5.56297779083252,6.373531341552734,5.968254566192627
O=C(NCCCCCCNC(=O)NCc1cccnc1)NCc1cccnc1,7.309912204742432,5.714794635772705,6.512353420257568
O=C(NCCCCN1CCN(c2nsc3ccccc23)CC1)c1cc2ccccc2[nH]1,7.502806663513184,8.942611694335938,8.22270917892456
O=C(NCCCCN1CCN(c2cccc(Cl)c2Cl)CC1)c1ccc2c(c1)-c1ccccc1C2=O,6.7786970138549805,8.906712532043457,7.842704772949219
CCCN(CCCCN1CCN(c2cccc(Cl)c2Cl)CC1)C1CCc2ccc(O)cc2C1,8.07448959350586,9.032451629638672,8.553470611572266
O=C(Nc1cccnc1)N1CCCC1c1cccnc1,5.646355628967285,5.022486209869385,5.334420919418335
c1ccc(-c2ccc3c(-c4ccc(N5CCN(CCN6CCNCC6)CC5)cc4)n[nH]c3c2)cc1,7.068861484527588,6.247611999511719,6.658236742019653
CC(C)NC(=O)C1CCCN(CCC2CCCc3c(-c4ccsc4)n[nH]c32)C1,6.567569255828857,7.475712776184082,7.02164101600647
CC(C)(C)N1CCN(CCCNC(=O)c2ccc(Cl)cc2)CC1,4.447011470794678,6.826931953430176,5.636971712112427
CN(CCOc1ccc(-c2sc3ccncc3c2Oc2ccc(NC(=O)NCCN3CCCC3)cc2)cc1)Cc1ccccc1,6.176857948303223,6.397194862365723,6.287026405334473
Cc1c(-c2ccc3c(c2)CCN3C(=O)C2CCCCN2C(=O)CN2CCCC2)cnn1C,6.069852828979492,6.58025598526001,6.325054407119751
COc1cc2nc(N3CCN(C(=O)c4ccoc4)CC3)nc(N)c2cc1OC,5.016438961029053,4.843803882598877,4.930121421813965
O=C(NCCc1ccccc1)NC1CCC(N(Cc2ccccc2)Cc2ccccc2)C1=O,7.207758903503418,6.3575873374938965,6.782673120498657
COc1ccccc1N1CCN(CCCCNC(=O)c2nc3ccccc3s2)CC1,7.356720924377441,8.588502883911133,7.972611904144287
NC(=O)c1ccc(NC2CCC(CCCN3CCN(c4cccc(Cl)c4Cl)CC3)CC2)cc1,8.190592765808105,8.221002578735352,8.205797672271729
Cc1cc(C(F)(F)F)nn1C(=O)NCCCN1CCN(c2ccccn2)CC1,6.4337968826293945,6.949683666229248,6.691740274429321
COc1ccc(N2N=C3c4ccc(CC(=O)O)cc4NCC3C2C2CCCC2)cc1,6.890081405639648,5.109898090362549,5.999989748001099
N#Cc1ccc(-c2ccc(CN3CCN(c4ncccn4)CC3)cc2)cc1,6.244009971618652,6.529412269592285,6.386711120605469
CCOc1ccccc1N1CCN(CCCC(=O)c2nccs2)CC1,6.915608406066895,7.888792514801025,7.40220046043396
CCN(CCCNC(=O)c1ccc2nc(-c3ccc(OC)cc3)c(-c3cccc(C)c3)nc2c1)C(=O)CCOCCOC,5.465656757354736,6.236978054046631,5.851317405700684
CC(C)(C)OC(=O)NCCCCCCCN1CCN(c2nsc3ccccc23)CC1,8.136198043823242,6.816298484802246,7.476248264312744
O=C1CCc2ccc(OCCCCN3CCN(c4cccc(Cl)c4Cl)CC3)nc2N1,8.820858001708984,7.946712017059326,8.383785009384155
Oc1nc2cc(Br)ccc2n1C1CCN(CC2COc3ccccc3O2)CC1,8.434769630432129,7.37490177154541,7.9048357009887695
Cc1c(-c2cccc(OCCN3CCCC3)c2)nn(-c2ccc(Cl)cc2Cl)c1-c1ccc(F)cc1,6.684554576873779,6.557597160339356,6.621075868606567
Cc1ccccc1C(=O)NC1CCC(Nc2nc(Cl)cc(-c3c[nH]c4ncccc34)n2)CC1,6.5937089920043945,6.560781478881836,6.577245235443115
COc1cccc(OC)c1C1CCCC(=O)N1Cc1ccc(-c2ccccc2)s1,5.8196868896484375,5.484969615936279,5.652328252792358
Oc1nc2c(O)ccc(C(O)CNCCCOCCNCCCc3ccccc3)c2s1,5.632275581359863,6.875678062438965,6.253976821899414
CCN(CC)C(=O)C1Cc2c(cc3c[nH]c4c3c2C=CC4)N(C)C1,7.444197654724121,7.966558456420898,7.70537805557251
Oc1ccc(C2=NCCN2)cc1,6.61763334274292,6.4569597244262695,6.537296533584595
Cc1ccccc1N1CCN(CCCn2c(C)nc3c(sc4ccc(C)cc43)c2=O)CC1,6.185798645019531,6.4872894287109375,6.336544036865234
O=C1N(CC2CCCCC2)CCN1c1cccc(C(F)(F)F)c1,7.639394283294678,8.4331693649292,8.036281824111938
COc1ccc(CC2NCCN2C(=O)c2cccc(-c3cnc(OC)nc3)c2)cc1,5.302896022796631,5.68835973739624,5.4956278800964355
O=C(NCCCCN1CCN(c2cccc(Cl)c2Cl)CC1)c1cc2ccccc2[nH]1,7.3425798416137695,9.333035469055176,8.337807655334473
CCCCN1CCC2Cc3n[nH]cc3CC2C1,6.673482418060303,7.724639892578125,7.199061155319214
CN(Cc1ccncc1)C1CCN(CCCc2c[nH]c3ccc(-n4cnnc4)cc23)CC1,5.816796779632568,5.821031093597412,5.81891393661499
COc1cccc(C(=O)Nc2cccc(C(F)(F)F)c2)c1OCCN1CCCCC1,7.118515968322754,7.33525276184082,7.226884365081787
O=C(NCC=CCN1CCN(c2cccc(Cl)c2Cl)CC1)c1cc2ccccc2[nH]1,7.233082294464111,9.19192886352539,8.212505578994751
CN(C)CC1CC2c3cc(Cl)ccc3Oc3ccc(F)cc3N2O1,8.24004077911377,7.813066482543945,8.026553630828857
Cc1cc(-c2ccccc2)n(-c2cc(NN=Cc3ccco3)ncn2)n1,5.409607410430908,5.090441703796387,5.2500245571136475
CCCN(CCC)C1CCc2c(F)cccc2C1,7.701069831848144,7.481559753417969,7.591314792633057
CN1CCCC1CNC(=O)c1c(O)cc(Br)cc1F,6.147914886474609,8.706977844238281,7.427446365356445
CCC1(C)Cc2c([nH]c(O)c2C)C(c2ccc(O)c(OC)c2)C1,5.758077621459961,5.652471542358398,5.70527458190918
O=C1c2cc(Br)cc3c2CCN1CCN3,5.710592746734619,7.259881019592285,6.485236883163452
COc1ccccc1N1CCN(CCCCNC(=O)c2cc3ccccc3o2)CC1,7.030130386352539,8.543243408203125,7.786686897277832
COc1ccccc1N1CCN(CCCCNC(=O)C=Cc2ccc([N+](=O)[O-])cc2)CC1,7.585999488830566,8.890481948852539,8.238240718841553
Clc1ccc(-c2ccc(C3=NC(c4ccc5c(c4)OCO5)CN3)o2)cc1,5.323458671569824,6.164209365844727,5.743834018707275
O=C(NC1CCN(Cc2ccc(Cl)cc2)CC1)c1ccc2nc(-c3ccccn3)c3ccc(Cl)cc3c2c1,6.069812297821045,6.393577575683594,6.231694936752319
COc1cnc(NCCN2CCN(c3cccc(Cl)c3Cl)CC2)nc1-c1ccc2c(c1)CCNC2,6.94370698928833,6.617382049560547,6.7805445194244385
O=C1N(CCN2CCCCCC2)CCN1c1cccc(Cl)c1,8.184910774230957,7.69587230682373,7.940391540527344
COc1ccccc1N1CCN(Cc2ccc(CN3CCCCC3=O)n2C)CC1,7.613201141357422,6.028500080108643,6.820850610733032
CN1CCN2c3c(sc2C(N)=O)CC(C)(C)C3,,,
COc1ccccc1N1CCN(CCCCNC(=O)c2cccc3c2CCCC3)CC1,8.008203506469727,8.290756225585938,8.149479866027832
CN1CCCC1Cc1c[nH]c2ccc(C3=CCN(C(C)(C)CO)CC3)cc12,5.968873977661133,6.98222017288208,6.4755470752716064
COc1ccccc1N1CCN(CCCn2cc3c(I)cccc3c2O)CC1,7.571367263793945,6.971513271331787,7.271440267562866
COc1ccccc1N1CCN(CCN(C(C)C)C(=O)c2cc3ccccc3[nH]2)CC1,6.538412094116211,7.592780113220215,7.065596103668213
O=S(=O)(NC1CCC(CCN2CCN(c3ccccc3OCCF)CC2)CC1)c1cccc2sncc12,8.383865356445312,8.533464431762695,8.458664894104004
COc1cc(NC(=O)Nc2ccc(C)cc2C)cc(OC)c1,6.1875319480896,5.182997226715088,5.685264587402344
CCCCN1C(=O)CCC2(CCN(CCc3ccc(Cl)cc3)CC2)Oc2ccccc21,6.668737888336182,7.174792289733887,6.921765089035034
Cc1nc(-c2ccccc2)c(C2CCN(CCN3CCNC3=O)CC2)s1,6.4548187255859375,6.56663179397583,6.510725259780884
O=C(CCCN1CCC23CCCCC2C1Cc1ccc(O)cc13)c1ccccc1,8.12672233581543,7.536809921264648,7.831766128540039
O=C(NC1CCc2ccc(CCN3CCN(c4nsc5ccccc45)CC3)cc21)c1ccc(F)cc1,7.640198707580566,6.56119441986084,7.100696563720703
CCN1CCN(c2ccc(Nc3ccc4ccc(C#N)nc4c3)cc2)CC1,6.451732635498047,5.628473281860352,6.040102958679199
O=C1CCc2c(ccc3c2CCN3CCCCCCCN3)N1,,,
O=C1Cc2ccc(OCCCCN3CCN(c4c(Cl)cccc4Cl)CC3)nc2N1,8.6808500289917,7.946227073669434,8.313538551330566
CNCCC1CN(c2ccccc2)C2(CCN(C(=S)c3ccccc3)CC2)O1,7.433558464050293,6.734903335571289,7.084230899810791
OC1CCC(Nc2ccc3[nH]ncc3c2)CC1,6.482004165649414,6.050463199615479,6.266233682632446
Cc1c(C(=O)NCCCN2CCN(c3cccc(Cl)c3Cl)CC2)[nH]c2ccccc12,6.849031925201416,7.189276218414307,7.019154071807861
CN(C)c1ccc(CN(Cc2cccs2)S(=O)(=O)c2ccc3c(Cl)c[nH]c3c2)cc1,6.978096961975098,5.238564491271973,6.108330726623535
COc1ccccc1N1CCN(CCCCNC(=O)c2ccc3c(c2)CCO3)CC1,7.534539222717285,8.507482528686523,8.021010875701904
CCOC(=O)N1CCN(C(=O)CN2CCN(c3cccc(C(F)(F)F)c3)CC2)CC1,5.277415752410889,6.959087371826172,6.11825156211853
O=C1N(CCN2CCCCCC2)CCN1c1cccc(Cl)c1,8.184910774230957,7.69587230682373,7.940391540527344
COc1ccccc1N1CCN(CCCCNC(=O)c2cc3cnn(-c4ccc(F)cc4)c3s2)CC1,7.307221412658691,8.369492530822754,7.838356971740723
CCOC(=O)C1C(C)=NC(=S)NC1c1cccc(Cl)c1Cl,6.285122871398926,5.614108085632324,5.949615478515625
CCc1nc2ccc(OC3CCN(C(C)=N)CC3)cc2n1CCN1CCN(c2ccc(C(F)(F)F)cc2)CC1,6.0403666496276855,6.4061784744262695,6.2232725620269775
CCCCN(Cc1c[nH]c2ccc(O)cc12)C1CCc2c(O)cccc2C1,8.338713645935059,8.527600288391113,8.433156967163086
O=C1NC(=O)C2(CCN(CCC3CCOCC3)CC2)N1,5.919803142547607,7.557155132293701,6.738479137420654
O=C1NCN(c2ccccc2)C12CCN(C1CCN(Cc3ccccc3)CC1)CC2,6.369799613952637,6.410454750061035,6.390127182006836
Oc1cccc2c1NCC(CNCCN1CCN(c3ccc(F)cc3)CC1)O2,7.15974235534668,6.722177982330322,6.940960168838501
CSc1ccc2c(c1)C(N1CCN(C)CC1)Cc1ccccc1S2,8.617703437805176,8.182117462158203,8.39991044998169
COc1ccccc1N1CCN(CCCCNC(=O)C=Cc2ccccc2OC)CC1,7.560798645019531,8.72765827178955,8.144228458404541
COc1ccc(-c2cnc3c(NC=O)cc(-c4ccc(C(F)(F)F)cc4)cn23)cn1,6.228299140930176,5.785288333892822,6.006793737411499
COc1cc(NC(C)=O)c(Cl)cc1C(=O)NC1CCN(Cc2ccc(F)cc2)C1,6.643105983734131,6.431119918823242,6.5371129512786865
Clc1ccccc1N1CCN(CCCCOc2ccc3cn[nH]c3c2)CC1,8.011943817138672,8.51041030883789,8.261177062988281
CCN1CCCC1CNC(=O)c1c(OC)cccc1OC,7.427820205688477,7.824629783630371,7.626224994659424
O=C(NCCCN1CCN(c2cccc(Cl)c2Cl)CC1)c1ccc(Cl)cc1,6.653666973114014,7.334901332855225,6.994284152984619
Cc1ccc2c(N3CCN(CCc4cccc5c4OCc4nnc(-c5ccccc5)n4-5)CC3)cccc2n1,6.99353551864624,6.77977991104126,6.88665771484375
CN1CCc2cc(Cl)c(O)cc2C2c3cccc(-c4ccccc4)c3CCC21,6.522585868835449,7.156092643737793,6.839339256286621
O=C(NC1CCC(CCN2CCN(c3cccc(Cl)c3Cl)CC2)CC1)C1CCCCC1,7.943788528442383,9.267483711242676,8.60563611984253
Sc1nc(-c2ccccc2)c[nH]1,8.949495315551758,7.05949068069458,8.004492998123169
O=C1CCc2cc(C(=O)NCCCCCCCN3CCC(c4ccccc4)(c4ccccc4)CC3)ccc2N1,7.122268199920654,6.489792346954346,6.8060302734375
CC(C)C1C(=O)N2CCCC2C2(O)OC(NC(=O)C3Cc4c(cc5c[nH]c6c5c4C=CC6)N(C)C3)(C(C)C)C(=O)N12,8.831820487976074,9.64443016052246,9.238125324249268
Oc1[nH]c2ccc(Br)cc2c1C1=CCN(CC2CC2)CC1,7.308729648590088,8.596546173095703,7.9526379108428955
CN1CCc2ccc(C3CC3C(=O)NCc3ccc(C(F)(F)F)cc3)cc2C1,6.553222179412842,6.828075885772705,6.690649032592773
O=C1NCN(c2ccccc2)C12CCN(Cc1ccccc1)CC2,8.0562744140625,7.688425064086914,7.872349739074707
CCCN(CCN1CCN(c2cccc3ccoc23)CC1)C1CCc2nc(N)sc2C1,7.407807350158691,8.83005428314209,8.11893081665039
CCCN(CCc1ccc(-c2cccc(S(=O)(=O)NCC=S(O)CC)c2)cc1)C1CCN(CC2C3C=C(C)CC4CC(=O)CCC4C3)CC21,6.369826316833496,6.67441463470459,6.522120475769043
Oc1nc2cc(CN3CCC(Oc4ccccc4C(F)(F)F)CC3)ccc2[nH]1,7.309584617614746,6.793326377868652,7.051455497741699
COc1cc(OC)cc(C(=O)NC(Cc2ccc3c(c2)OCO3)C(=O)NCCCN2CCN(c3ccccc3NC(C)=O)CC2)c1,5.965884685516357,5.775301456451416,5.870593070983887
C(=Cc1ncc[nH]1)CC1CCCCC1,6.715786933898926,7.045595169067383,6.880691051483154
CC(C)c1nc(CN(C)C(=O)NC(Cc2ccccc2)C(=O)O)cs1,7.068591594696045,4.521925926208496,5.7952587604522705
CCCCNC1CCc2ccc(O)cc2C1,6.92412805557251,8.011927604675293,7.468027830123901
O=C(O)Cc1ccc(NC(=O)C2Cc3ccccc3CN2C(=O)C(NC(=O)c2c3ccccc3sc3ccccc23)C(=O)NCCN2CCOCC2)cc1,,,
COc1ccccc1N1CCN(CCCCNC(=O)c2cc3cccc(OC)c3n2C)CC1,7.244498252868652,8.528911590576172,7.886704921722412
CCN(CC)CCNC(=O)C=Cc1cnc(N)c2c(-c3ccc(NC(=O)Nc4cccc(C)c4)cc3)csc12,6.393793106079102,6.446815490722656,6.420304298400879
COc1cc(C2C=C(c3c[nH]c4ccccc34)CC(=O)NC2=O)cc(OC)c1OC,5.8196210861206055,5.537397861480713,5.678509473800659
CN1CCN(C2=Nc3cc(Cl)ccc3Nc3ccccc32)CC1,6.543483257293701,7.039328098297119,6.79140567779541
Cc1ccc2c(c1)C1CCN(CCc3cccc4cccnc34)CC1CN2C,7.202973365783691,6.071838855743408,6.63740611076355
Cc1cc(N2CCN(CCC3CCC(N4CCN(C(=O)c5ccc(F)cc5)CC4)CC3)CC2)n2nccc2n1,6.290426731109619,7.04131555557251,6.6658711433410645
CC1=NC2=CCCCN2C(=O)C1CCN1CCC(c2noc3cc(F)ccc23)CC1,7.27606725692749,7.392747402191162,7.334407329559326
CCc1ccccc1N1CCN(CCCCCC(=O)NC2CC=C(c3ccccc3)CN(CC(F)(F)F)C2=O)CC1,6.953512668609619,7.14298152923584,7.0482470989227295
CCSC1(SCC)CCC(=O)N1CCCCN1CCN(c2cc(Cl)ccc2Cl)CC1,6.672659397125244,9.564495086669922,8.118577241897583
Fc1ccc2c(C3=CCN(CCCCOc4ccc5c(c4)NC(=S)NC3)c[nH]c2c1,,,
COc1cc(F)cc(-c2ccc(CN3CCN(c4nnc(-c5ccccc5OC)o4)CC3)cc2)c1,6.190258502960205,6.446486949920654,6.31837272644043
O=C(O)CN1CCSC(C(c2ccccc2)c2ccc(F)cc2)C1,6.028691291809082,4.508922100067139,5.26880669593811
O=C1NCCN1CCCN1CCC(c2cn(-c3ccc(F)cc3)c3ccc(Cl)cc23)CC1,7.629398345947266,6.265476703643799,6.947437524795532
CCCN(CCC)C1Cc2cccc(O)c2C1,7.869527339935303,8.268507957458496,8.0690176486969
OCc1cc(C(O)CNCCCCCOCCOCc2cccc(-c3ccccc3)c2)ccc1O,4.94919490814209,5.820947170257568,5.385071039199829
CC(C)Oc1ccccc1N1CCN(Cc2ccc(CN3CCCCCC3=O)n2C)CC1,8.326491355895996,6.791306018829346,7.558898687362671
COc1ccccc1N1CCN(CC=Cc2ccccc2C=Cc2ccccc2)CC1,6.862401962280273,7.440980434417725,7.151691198348999
OC1(c2ccc(Br)cc2)CC2CCC(C1)N2Cc1coc2ccc(F)cc12,8.48219108581543,8.880767822265625,8.681479454040527
CCCN1CCc2cccc3c2C1Cc1ccc(O)c(O)c1-3,8.10791015625,8.43541145324707,8.271660804748535
CCCN(CCC)C1CCc2c(O)cccc2C1,8.197704315185547,8.453039169311523,8.325371742248535
O=C1N(Cc2ccccc2)CCC12CCN(Cc1ccccc1I)CC2,6.365947723388672,6.645848274230957,6.5058979988098145
COc1ccc2c(=O)n(CCN3CC4CCc5c(OC)cccc5C4C3)c(=O)[nH]c2c1,7.337308883666992,7.320055961608887,7.3286824226379395
Clc1ccccc1C(c1ccccc1)(c1ccccc1)n1ccnc1,5.423126220703125,5.635876178741455,5.52950119972229
CN1CCN(C2Cn3cccc3Sc3ccc(F)cc32)CC1,8.455344200134277,8.19658088684082,8.325962543487549
CCCN(CCN1CCN(c2cc(-c3ccccc3)nc3ccccc23)CC1)C1CCc2nc(N)sc2C1,7.067303657531738,8.739543914794922,7.90342378616333
O=C1c2ccc3c(c2C2CCCCN2C1=O)OC1CCCC1,,,
Cc1nc2c(O)n(CC(=O)NCCCN3CCN(c4cccc(Cl)c4Cl)CC3)cc2s1,6.64310359954834,6.455577850341797,6.549340724945068
COc1ccccc1N1CCN(CCCCn2ncc(=O)n(C)c2=O)CC1,7.234968662261963,7.482704162597656,7.35883641242981
CCCN1CCCC1CNC(=O)c1ccc(N2CCC3(CC2)C(=O)NCN3c2ccccc2)c(C)c1,7.631269931793213,8.09998893737793,7.865629434585571
Cc1ccc(N2CCN(Cc3ccc(F)cc3)CC2)cc1C(=O)N1CCC(C(=O)N2CCC3(CC2)OCCO3)CC1,5.445439338684082,6.341701507568359,5.893570423126221
CC(C)CC1C(=O)N2CCCC2C2(O)OC(NC(=O)C3=CC4c5cccc6[nH]c(Br)c(c56)CC4N(C)C3)(C(C)C)C(=O)N12,8.848763465881348,9.66725730895996,9.258010387420654
COc1cc(N2CCN(C(=O)Cn3ccc(=O)n(C)c3=O)CC2)ccc1N1CCN(c2ccccc2Cl)CC1,5.6254987716674805,6.017347812652588,5.821423292160034
COc1cccc(C(=O)NCCCCN2CCN(c3ccccc3OC)CC2)c1,7.0198893547058105,8.479232788085938,7.749561071395874
O=C1CCCC(=O)N1CCCCNc1ncc(C2CC2)s1,7.324426174163818,7.342191219329834,7.333308696746826
CCN(CC)C(=O)CN1CCN(c2ccc(N3CCCC3)cc2)CC1,4.853940963745117,6.893234729766846,5.8735878467559814
O=C(NC1CCC(CCN2CCN(c3cccc(Cl)c3Cl)CC2)CC1)c1cc2ccccc2[nH]1,7.604458808898926,8.958276748657227,8.281367778778076
O=C1CCc2ccc(OCCCCN3CCN(c4cccc(Cl)c4Cl)CC3)nc2N1,8.820858001708984,7.946712017059326,8.383785009384155
CC(C)(C)NC(=O)c1cccc(CCCCN3CCN(c4cccc(Cl)c4Cl)CC3)c1,7.147182464599609,7.481459140777588,7.314320802688599
O=S(=O)(NCCN1CCC(c2noc3cc(F)ccc23)CC1)c1cccs1,8.014789581298828,7.700865745544434,7.857827663421631
CC=S(O)(O)=Nc1cccc(C2=NOC3(C2)CC(NC(=O)c2ccc(Br)cc2OCC3)c1,,,
CN1CCN(C2Cn3cccc3Sc3ccc(-c4cn[nH]c4)cc32)CC1,8.424667358398438,7.004018306732178,7.714342832565308
COc1cccc(C(C)NC(=O)c2ccc(-c3ccncc3)c(F)c2)c1,5.598991394042969,5.241847038269043,5.420419216156006
COc1ccc2[nH]c(C(=O)Nc3ccc(N4CCN(c5ccccc5OC)CC4)nc3)cc2c1,6.404109001159668,5.97227668762207,6.188192844390869
Cc1[nH]nc2c1C(c1ccccc1I)C(C#N)C(=N)O2,6.461446285247803,5.440065860748291,5.950756072998047
Oc1nc2c(O)ccc(C(O)CNCCc3cccc(CNCc4ccc(C(F)(F)F)cc4)c3)c2s1,6.342435359954834,6.313961982727051,6.328198671340942
Fc1ccc(-c2ncc(CN3CCN(c4ccccc4Cl)CC3)[nH]2)cc1,7.002558708190918,6.716724395751953,6.8596415519714355
CN1CCC(c2ccc(C(=O)Nc3ccc(Cl)c(C(F)(F)F)c3)cc2)CC1,5.9432454109191895,6.121077537536621,6.032161474227905
Cc1ccccc1N1CCN(CCN(CCCCNC(=O)c2cc3ccc2OCc2ccccc2)CC1,,,
CCCOc1ccccc1N1CCN(Cc2ccc(CN3CCCCC3=O)n2C)CC1,7.84669828414917,6.3319830894470215,7.089340686798096
COc1ccc(N=CC2C(=O)NC(=O)N(Cc3ccccc3)C2=O)cc1,5.268133163452148,4.859997749328613,5.064065456390381
CN1CCN(C2Cn3cccc3Sc3ccc(F)cc32)CC1,8.455344200134277,8.19658088684082,8.325962543487549
COc1ccccc1N1CCN(CCNC(=O)c2ccc(C(C)=O)cc2)CC1,7.2962327003479,7.290595054626465,7.293413877487183
CCCN(CCc1cccs1)C1CCc2c(O)cccc2C1,8.405183792114258,8.605388641357422,8.50528621673584
CCN(CCCCCN1C(=O)C=Cc2ccccc2C1=O)Cc1ccccc1OC,5.897409439086914,6.901610374450684,6.399509906768799
CCCN1CCCC2c3cc(O)ccc3CCC21,6.71698522567749,8.038888931274414,7.377937078475952
C=C1C(C)C2C(Cc3ccccc3)NC(=O)C23OC2C1,,,
COc1ccc2c(c1)CCC2CCOCCN1CCN(c2ccccc2OC)CC1,6.8694682121276855,7.184500694274902,7.026984453201294
CC(C)N1CCCC1Cn1nc(-c2ccc(Cl)cc2)c2cnccc2c1=O,5.4934916496276855,6.897481441497803,6.195486545562744
CN(C)CCc1ccccc1-c1cc(N2CCc3cc(OCC[N+]5(C)CCN(C)CC5)ccc3C2)ncn1,6.280868053436279,6.369585514068604,6.325226783752441
CCOc1ccccc1N1CCN(CCCCN2C(=O)CC(C)CC2=O)CC1,7.551153659820557,8.71961784362793,8.135385751724243
OC1(c2ccc(Cl)cc2)CC2CCC(C1)N2Cc1coc2ccccc12,7.902398109436035,8.243314743041992,8.072856426239014
CCNc1c2c(nc3cccc(Cl)c13)-c1cccc(c1C(N)=O)CC2,6.577749252319336,5.994894981384277,6.286322116851807
COc1ccc(N2CCN(CCC3(c4ccc(Cl)c(Cl)c4)CCOCC3)CC2)cc1,6.252892017364502,6.21151876449585,6.232205390930176
CCCNC(=O)c1cccc(C2CCN(CCCNC(=O)c3ccccc3Cl)CC2)c1,6.268567085266113,6.340130805969238,6.304348945617676
CS(=O)(=O)c1cccc(C(=O)NC2CC3CCC(C2)N3Cc2ccc3c(c2)OCO3)c1,6.697085857391357,8.044944763183594,7.371015310287476
CCCCN(CCC#N)C1CCc2ccc(O)cc2C1,8.238832473754883,7.703886985778809,7.971359729766846
COc1ccccc1C(=O)NCCCCN1CCN(c2noc3ccccc23)CC1,6.668335437774658,7.562922477722168,7.115628957748413
FC(F)(F)c1cnc(N2CCN(CCCCc3ccc4c(C(F)(F)F)nn(CCN5CCCC5)c4c3)CC2)nc1N1CCN(c2ccccc2)CC1,6.719782829284668,6.9719061851501465,6.845844507217407
O=C(NC1CCC(CCN2CCN(c3cccc(Cl)c3Cl)CC2)CC1)c1cc2cc3c(cc2s1)OCO3,7.31314754486084,9.021980285644531,8.167563915252686
O=C(c1ccc(N2CCN(CCc3ccc4nonc4c3)CC2)c2ccccc12)N1CCOCC1,6.406468391418457,5.524501800537109,5.965485095977783
CC(C)(C)CCC1(C(=O)c2ccc(Cl)c(Cl)c2)CCN(C2CCCCC2)CC1,6.275907039642334,7.371041297912598,6.823474168777466
COc1ccccc1-c1cccc2c1N1CCNCCC1C2,5.870466232299805,5.42949104309082,5.6499786376953125
O=C(NCC=CCN1CCN(c2cccc(Cl)c2Cl)CC1)c1cc2ccccc2[nH]1,7.233084678649902,9.19192886352539,8.212506771087646
CC#CC1(O)CCC2C3CC=C4CC(=O)CCC4=C3C(c3ccc(N(C)Cc4ccc(C(N)=O)cn4)cc3)CC21C,6.135818004608154,5.822855949401856,5.979336977005005
Cn1nccc1-c1cc(NC(=O)Nc2ccc3ccccc3c2)ccc1OCCN1CCCCC1,6.775629043579102,5.581080436706543,6.178354740142822
Oc1nc2cc(-c3ccccc3Cl)ccc2[nH]1,7.936010360717773,6.258041858673096,7.097026109695435
O=C1CC(c2ccccc2)c2cc3c(cc2N1)CCCC3,6.624831199645996,5.499534130096436,6.062182664871216
COc1ccccc1N1CCN(CCCSc2nc3ccccc3s2)CC1,7.6772141456604,8.49614143371582,8.08667778968811
Cc1ccc(C(=O)NCCN2CCN(c3ccccc3OCCF)CC2)cc1Br,7.144915580749512,7.054762840270996,7.099839210510254
COc1cccc(C(NC(=O)Nc2ccc(Cl)cc2)c2cccnc2)c1,6.721564292907715,5.086300373077393,5.903932332992554
Clc1ccc(N2CCN(CCCCNc3cc4c(cn3)-c3ccccc3CC4)CC2)cc1,7.059444904327393,7.001972198486328,7.03070855140686
FC(F)(F)c1cc(Cl)c2c(c1)nc(N1CCCC1)c1cccn12,6.937726974487305,5.7295427322387695,6.333634853363037
O=C(CCCN1CCC2(CC1)C(=O)NCN2c1ccccc1)c1ccc(F)cc1,9.175222396850586,8.254638671875,8.714930534362793
CN1CCN2c3ncccc3Cc3sccc3C2C1,6.44660234451294,6.092849254608154,6.269725799560547
COc1ccccc1N1CCN(CCCCNC(=O)c2cc(-c3ccc(F)cc3)nc3ccccc23)CC1,6.889352798461914,8.168381690979004,7.528867244720459
O=C1N2CCC1CN(c1ccc(F)cc1)C2,6.216332912445068,6.487046718597412,6.35168981552124
COc1ccccc1N1CCN(CCNC(=O)C(c2ccc3ccccc3c2)c2ccccc2)CC1,6.411692142486572,6.383392333984375,6.397542238235474
N#Cc1ccc2c(c1)CC(N1CCN(c3ccc(F)cc3)CC1)C2=O,5.644936561584473,5.596424579620361,5.620680570602417
CCCN(CCN1CCN(c2cccc3c2OCCO3)CC1)C1CCc2c(O)cccc2C1,7.946410655975342,8.641013145446777,8.29371190071106
Oc1ccc(C23CC4CC(CC(C4)C2)C3)cc1,5.017659187316895,7.966245651245117,6.491952419281006
COC1Cc2ccccc2C2(CCN(Cc3ccccc3)CC2)O1,5.632836818695068,5.982522010803223,5.8076794147491455
CCN(CC)CC1CCCCN1C(=O)NCC1CCC(NC(=O)c2ccc3[nH]cnc3c2)CC1,6.983216762542725,7.914359092712402,7.4487879276275635
COc1ccccc1N1CCN(CCCCNC(=O)c2ccc(-c3ccccc3)cc2)CC1,7.363232612609863,8.831467628479004,8.097350120544434
COc1ccc(Cl)cc1N1CCN(CCCCNS(=O)(=O)c2ccc(OCCF)cc2)CC1,7.839621543884277,7.693489074707031,7.766555309295654
CN(C)CCc1nc(O)c2sc3ccc(Cl)cc3c2n1,6.891550540924072,6.358057022094727,6.624803781509399
CC(C)CN1CCN(c2ccc(OCc3cccnc3)cc2)CC1,5.835982799530029,6.242033958435059,6.039008378982544
CC1(C)OC2CC3C4CC=C5CC(=O)C=CC5(C)C4C(O)CC3(C)C2(C(=O)CO)O1,5.765814781188965,5.739325046539307,5.752569913864136
CCCN1CCCC1CNC(=O)c1c(O)c(Br)cc(OC)c1OC,7.51290225982666,8.352296829223633,7.9325995445251465
CCN1CCCC1CNC(=O)c1c(OC)cccc1OC,7.427820205688477,7.824629783630371,7.626224994659424
O=C1CCc2ccc(OCCCCN3CCN(c4cccc5cc(F)ccc45)CC3)nc2N1,8.74159049987793,7.593361854553223,8.167476177215576
COc1ccc(NS(=O)(=O)c2ccc(NC(=O)CN(C)C)cc2)cc1N1CCN(C)CC1,5.754993438720703,5.6314873695373535,5.693240404129028
COc1ccc(-c2ccc(C3CCC4(CC3)OC(=O)N(C)C4=O)cc2)cc1,5.304993629455566,5.329899787902832,5.317446708679199
N#Cc1ccc2[nH]cc(CCCCN3CCN(c4ccc5c(c4)OCCO5)CC3)c2c1,7.628972053527832,7.066562652587891,7.347767353057861
Cc1c(-c2ccc3c(c2)CCN(CCCSc2nnc(-c4ccc(C(F)(F)F)cc4)n2C)CC3)noc1C,6.207803249359131,8.172616958618164,7.1902101039886475
O=C(NCCCCN1CCc2ccccc2C1)c1cc2ccccc2[nH]1,6.457067489624023,8.849116325378418,7.653091907501221
CCN(CC)C(=O)CCCCN1CCN(c2cccc(Cl)c2Cl)CC1,7.781660079956055,8.110713958740234,7.9461870193481445
CCCN1CCc2cc(Br)cc3c2C1Cc1ccc(O)c(O)c1-3,8.492603302001953,8.920378684997559,8.706490993499756
Fc1ccc(-c2ncc(F)c(CN3CCC4(CC3)OCc3c(Cl)cccc34)n2)cc1,6.030633926391602,7.022033214569092,6.526333570480347
CCCN(CCCNc1c2c(nc3ccccc13)CCCC2)C1CCc2c(O)cccc2C1,7.861783981323242,8.078458786010742,7.970121383666992
CCc1cn(CCN2CCN(c3cc(C(F)(F)F)nc(C(C)(C)C)n3)CC2)c2ccccc12,6.449004173278809,7.0214385986328125,6.7352213859558105
CCCN(CCC)C1CCc2ccc(O)cc2C1,7.70214319229126,8.176800727844238,7.939471960067749
CCN(CC)C1CCc2c(c3ccccc3n2Cc2ccc(Cl)cc2)C1,6.817236423492432,6.6228437423706055,6.7200400829315186
CCCCCCCN(CCCCCSc1nc[nH]n1)C(=O)OCC,7.297285556793213,5.174241542816162,6.2357635498046875
COc1ccc2c(c1)Sc1ccccc1N2CCN1CCN(c2ccccc2OC)CC1,6.907906532287598,6.499661922454834,6.703784227371216
CN1CCc2cc(Br)c(O)cc2C(c2cccc3ccccc23)C1,6.317002773284912,6.423305034637451,6.370153903961182
CC(NC(=O)C1CCCN(C(=O)CCC(=O)N(C)C)C1)c1ccccc1,6.136051177978516,5.396487712860107,5.7662694454193115
COc1cc(NC(=O)C2COc3ccccc3O2)c(OC)cc1N1CCN(C)CC1,5.893908500671387,5.540584087371826,5.7172462940216064
Cc1ccccc1C1CC1C(=O)Nc1ccc(-c2ccccc2)cn1,5.714780330657959,5.953404426574707,5.834092378616333
CCCN(CCN1CCN(c2ccnc3c(O)cccc23)CC1)C1CCc2nn(C)cc2C1,7.281307220458984,8.150711059570312,7.716009140014648
COc1ccccc1N1CCN(CC2CCc3c(Br)cccc3O2)CC1,8.359171867370605,7.440377712249756,7.899774789810181
COc1ccc(-c2csc(CN3CCN(c4ccc(O)cc4)CC3)n2)cc1,5.7983927726745605,5.921638011932373,5.860015392303467
COc1ccc(C(=O)Nc2ccccc2SCCN2CCC(C(=O)c3ccccc3)CC2)cc1OC,6.575803756713867,6.600454807281494,6.588129281997681
O=C(NC1CCc2ccc(CCN3CCN(c4nsc5ccccc45)CC3)cc21)c1ccc(Cl)cc1,7.451553344726562,6.488165378570557,6.96985936164856
NC(Cn1ccc2ccc3ncccc3c21)C1CCCCC1,6.263638496398926,6.137951850891113,6.2007951736450195
COc1ccc2c(c1)CC(C(=O)NCCCN1CCOCC1)CO2,5.562226295471191,5.413156986236572,5.487691640853882
COc1ccccc1N1CCN(CCCCNC(=O)c2cccc3c(=O)c(C)c(-c4ccccc4)oc23)CC1,6.672792911529541,7.8517866134643555,7.262289762496948
Cc1ccc2c(-c3nnc(SCCCN4CCc5cc6nc(C(C)(C)C)oc6c(Br)c5CC4)n3C)cccc2n1,6.010473251342773,7.919498443603516,6.9649858474731445
CN(C)CCCNc1ccnc2ccc(-c3ccc4c(c3)OCO4)cc12,6.9969096183776855,6.470273017883301,6.733591318130493
CN(CC(=O)NC1CCN(C)CC1)C1CCc2c(OCCCF)cccc2C1,6.211180686950684,7.089700698852539,6.650440692901611
COc1ccccc1N1CCN(CCN(C(=O)C23C4C5C2C2C3C4C52I)c2ccccn2)CC1,7.1265411376953125,5.760275363922119,6.443408250808716
CCCN(CCC)C1Cc2ccc(O)cc2C1,7.698046684265137,8.220232963562012,7.959139823913574
COc1ccccc1N1CCN(CCCCNC(=O)c2ccc(C=Cc3ccc([N+](=O)[O-])cc3)o2)CC1,6.873850345611572,8.324578285217285,7.599214315414429
CCCN(CCN1CCN(Cc2cccc(C#N)c2)CC1)C1CCc2ccc(S(=O)(=O)N3CCCCC3)cc2C1,6.281085968017578,6.564725399017334,6.422905683517456
CCCN(CCC)C1CCc2c(O)cccc2C1,8.197704315185547,8.453165054321289,8.325434684753418
COc1cccc(N2CCN(CCCCNC(=O)c3ccc(C)c(C(F)(F)F)c3)CC2)c1,6.7536725997924805,8.224913597106934,7.489293098449707
CC1=C(C)CC(C)N1C(=O)CCCCN1CCN(c2nsc3ccccc23)CC1,7.594570159912109,7.460762023925781,7.527666091918945
CCN(CC)C(=O)CCCN1CCC(c2n[nH]c3cc(F)ccc23)CC1,7.649602890014648,7.367831230163574,7.508717060089111
COc1ccc2[nH]c(-c3ccc(N4CCN(c5ccccn5)CC4)cc3)c(C)c2c1,5.840175628662109,5.504589080810547,5.672382354736328
CCN(CC)CCc1cn(C)c2ccc(O)cc12,7.173233985900879,6.470443248748779,6.821838617324829
CCN(CC)C(=O)NC1CC2CCC(C1)N2CCCc1ccc(F)cc1Cl,7.909119606018066,8.515217781066895,8.21216869354248
COc1ccccc1N1CCN(CCCCN2C(=O)CC(c3ccc(F)cc3)CC2=O)CC1,7.145157814025879,7.552807807922363,7.348982810974121
CCCN(CCC)C1CCc2nc3ccccc3c(C(=O)NCCCC)c2C1,6.803522109985352,7.061985969543457,6.932754039764404
O=C(NCCCCN1CCN(c2cccc(Cl)c2Cl)CC1)c1cc2ccccc2[nH]1,7.3425798416137695,9.333035469055176,8.337807655334473
Sc1ncccc1N1CCN(Cc2ccc3c(c2)OCO3)CC1,7.521073818206787,6.941317558288574,7.231195688247681
CCCN(CCN1CCN(c2cccc3c2OCCO3)CC1)C1CCc2ccc(O)cc2C1,7.739218235015869,8.57922649383545,8.15922236442566
COc1ccc2c(c1)CCN2Cc1cc2ccccc2o1,5.432117938995361,5.6197028160095215,5.525910377502441
CC(C)Oc1ccccc1N1CCN(Cc2cccc(C(=O)N3CCCCCC3)c2)CC1,7.923936367034912,7.020359516143799,7.4721479415893555
CCc1ccccc1N1CCN(CCCCC(=O)NCCc2ccccc2OC)CC1,7.021864891052246,7.112289905548096,7.067077398300171
Cc1ccc(N2CCN(CCCCNC(=O)c3n[nH]c4ccc(Br)cc34)CC2)cc1,6.307643413543701,7.347297191619873,6.827470302581787
CCCN1CCCC2Cc3n[nH]cc3CC21,7.44373893737793,7.752799987792969,7.598269462585449
COc1ccccc1N1CCN(CC(O)Cn2ncc3ccccc32)CC1,6.328187465667725,6.492822647094727,6.410505056381226
CC(C)N1CCN(S(=O)(=O)c2ccc(-c3ccccc3F)cc2)CC1C,5.959483623504639,6.731942653656006,6.345713138580322
CNCCOc1ccc(-c2ccccc2N)cc1,6.606375217437744,6.363676071166992,6.485025644302368
NC(=O)c1cccc(N2CCCCC2)c1,7.759940147399902,5.380528926849365,6.570234537124634
CCN1CCc2cccc3c2C1Cc1cccc(O)c1-3,7.641110420227051,7.401450634002685,7.521280527114868
Clc1cccc(OCCN2CCN(c3ccccn3)CC2)c1Cl,6.921893119812012,6.786149978637695,6.8540215492248535
O=C1CCCN1Cc1ccc2c(c1)nc(O)c1cccn12,7.248657703399658,5.041553974151611,6.145105838775635
CCCN(CCC1CCC(NS(=O)(=O)c2ccc(Cl)cc2-c2ccc(OC)cc2)CC1)C1CCc2nc(N)sc2C1,7.204621315002441,8.694700241088867,7.949660778045654
Oc1ccc2c(c1)OC(CNCCCN1CCN(c3nsc4ccccc34)CC1)CC2,9.13265609741211,8.471299171447754,8.801977634429932
CCN(CC)CCN1CCc2[nH]c(C=C3C(=O)Nc4ccc(Cl)cc43)c(C)c2C1=O,6.800472736358643,7.94257926940918,7.371526002883911
C=CCN1CCCC1CNC(=O)c1ccc2c(c1)nc(Cc1ccccc1)c1ccc(O)cc12,6.550284385681152,7.471865653991699,7.011075019836426
CN1CCN(C(=O)c2cc(Nc3ncc4ccc(-c5cccc(S(=O)(=O)N(C)CCO)c5)n4n3)cn2C)CC1,5.50858736038208,5.416840553283691,5.462713956832886
CC(=O)NCCNCC(F)CCCCN1CCC(O)(c2ccc(Cl)cc2)CC1,4.890036582946777,5.644868850708008,5.267452716827393
O=C(NCCF)C1CCc2ccc(OCCCCN3CCN(c4cccc(Cl)c4Cl)CC3)cc2C1,7.535048484802246,8.07857894897461,7.806813716888428
N#Cc1cccc(-c2c(C(=O)NN=Cc3ccc[nH]3)nnn2-c2nonc2N)c1,5.810018062591553,5.364272594451904,5.5871453285217285
Cc1c(N2CCC(C)CC2)nc2ccc(Cl)cn12,6.685826301574707,6.408731460571289,6.547278881072998
CCn1c(CN2CCN(c3cc(C(F)(F)F)ccc3Cl)CC2)nc2ccccc21,6.142123699188232,5.862449169158936,6.002286434173584
O=C1NCN(c2ccccc2)C12CCN(CCCCCC(=O)NCCc1c[nH]cn1)CC2,8.223167419433594,6.856776714324951,7.5399720668792725
O=C1CCc2ccc(OCCCCN3CCN(c4cccc5c(Cl)cccc45)CC3)nc2N1,8.708480834960938,7.691706657409668,8.200093746185303
CCCN1CC(CSC)OC2c3ccccc3-c3ccccc32,,,
CC(C)Oc1ccccc1N1CCN(CCCNC(=O)c2ccc3ccc(F)cc3c2)CC1,6.99186372756958,7.40838098526001,7.200122356414795
O=C1CCc2cc(NC(=O)CCCN3CCN(c4cc(F)cc(F)c4)CC3)ccc2N1,7.711928844451904,7.445395469665527,7.578662157058716
CCc1nc(C2CC2)c2c(n1)CC(C(F)(F)F)CC2,7.03246021270752,8.079618453979492,7.556039333343506
CN1CCN(Cc2nc3cc(Cl)cc(C(=O)Nc4ccc(C(F)(F)F)cc4)c3[nH]2)CC1,5.860879898071289,6.0090532302856445,5.934966564178467
Oc1nc(CN2CCC(C(F)(F)F)CC2)nc2c1oc1ccc(Cl)cc12,6.359373092651367,6.679542541503906,6.519457817077637
CCCN(CCN1CCN(c2ccccc2)CC1)C1CCc2c(O)cccc2C1,7.368458271026611,8.235482215881348,7.8019702434539795
CCc1c(C(=O)NC2CCCC2)cnn1-c1ccc(OCCCN2CCOCC2)cc1,7.375060081481934,7.685858726501465,7.530459403991699
COc1ccccc1N1CCN(CCCCNC(=O)c2cc3ccccc3[nH]2)CC1,7.458229064941406,9.089481353759766,8.273855209350586
CCCN(CCC)C1CCc2c(ccc(O)c2Cl)C1,8.347827911376953,8.855295181274414,8.601561546325684
CN1CCc2cc(Cl)c(O)cc2C2c3ccccc3CCC21,6.098809719085693,7.387643814086914,6.743226766586304
CCCc1ncc(C(=O)NCCCCN2CCN(c3cccc(Cl)c3Cl)CC2)cn1,7.345614433288574,8.64682388305664,7.996219158172607
O=C(NC1CCC(O)CC1)C1CCN(Cc2cc(Cl)ccc2OCc2ccc(Cl)cc2OCC2CCCCN2)CC1,6.87451171875,7.327022552490234,7.100767135620117
COc1ccccc1N1CCN(CCCCCN2C(=O)CC3(CCCC3)CC2=O)CC1,7.398373603820801,7.964425086975098,7.681399345397949
CC(NC1CCC(NC(=O)c2ccc3nc(-c4ccc(F)cc4)c(-c4ccc(C(F)(F)F)cc4)nc3c2)CC1)c1ccc(F)cc1,5.926019191741943,6.267185688018799,6.096602439880371
FC(F)(F)c1ccccc1-c1ccc2nc(N3CCNCC3)sc2c1,5.780041694641113,4.951666355133057,5.365854024887085
Fc1ccc(N2CCN(CCCCNc3ccc4c(c3)-c3nc(-c5ccco5)no3)CC2)cc1,,,
Cc1cccc(N2CCN(CCCCNC(=O)c3ccc(-c4ccc(O)c5nc(-c6ccccc6Cl)oc45)c(F)c3)CC2)c1C,6.803309917449951,7.24629020690918,7.024800062179565
CN1C(=O)C=CC(c2ccc(F)cc2)C1=O,5.014701843261719,6.4138689041137695,5.714285373687744
CCN1CCN(c2cccc(CN3CCN(c4cc(Cl)ccc4Cl)CC3)c2C)CC1,7.511606216430664,7.041051864624023,7.276329040527344
O=C(NCCCCN1CCN(c2cccc(Cl)c2Cl)CC1)c1ccc2ccccc2c1,7.087527751922607,9.066523551940918,8.077025651931763
COc1cccc(C(C)NC(=O)c2ccc(-c3ccncc3)cc2)c1,5.501113414764404,5.394364833831787,5.447739124298096
N#Cc1ccc2[nH]cc(CCCCN3CCN(c4cccc5oc(C(N)=O)nc45)CC3)c2c1,7.570295333862305,7.555845260620117,7.563070297241211
CCC(N)Cc1c[nH]c2cccc(O)c12,6.097690105438232,5.573245048522949,5.835467576980591
Oc1cc2c(OCCNCc3ccccc3)ccc(F)c2[nH]1,8.782026290893555,7.853747367858887,8.31788682937622
O=C(Nc1ccc2c(c1)CCO2)N1CCCCC1CN1CCC(c2c[nH]c3ccccc23)CC1,7.287581920623779,5.951995849609375,6.619788885116577
O=C(NCCCCN1CCN(c2cccc(Cl)c2Cl)CC1)c1cc2ccccc2s1,7.238006114959717,9.09359359741211,8.165799856185913
CNC(=O)C(CC(C)C)NC(=O)C1C=C(c2[nH]ncc2-c2cccc(Cl)c2)C=N1,5.6696882247924805,6.066512107849121,5.868100166320801
COc1ccccc1N1CCN(CCn2ncc3c2nc(N)n2nc(-c4ccc(C)cc4)cc32)CC1,6.5217108726501465,6.369369029998779,6.445539951324463
CN1CCc2cc(Cl)c(O)cc2C(c2ccccc2)C1,5.661477565765381,6.288370132446289,5.974923849105835
Oc1cc2c(cc1O)C1c3ccccc3CNC1CC2,5.678276062011719,6.962306976318359,6.320291519165039
CC(C)(C)c1cccc(N2CCN(CCCCn3nc(-c4cccc(C(F)(F)F)c4)c4c3CCN(S(C)(=O)=O)C4)CC2)c1,6.469846248626709,7.656460762023926,7.063153505325317
CSc1ccccc1N1CCN(CCCCNC(=O)c2cc3ccccc3cc2-c2ccccc2)CC1,6.999462127685547,8.165609359741211,7.582535743713379
Cc1[nH]c2ccccc2c1C1=CCNCC1,6.67674732208252,6.517790794372559,6.597269058227539
CCN1CC(C(=O)NC)CC2c3cccc4[nH]cc(c34)CC21,7.635087966918945,7.504125118255615,7.56960654258728
COc1ccccc1N1CCN(CCCCNC(=O)c2cc3ccccc3[nH]2)CC1,7.458229064941406,9.089481353759766,8.273855209350586
C[SH](=O)(O)N=C1CCC(CCN2CCN(c3cccc(C#N)c3)CC2)CC1,7.426321029663086,8.787701606750488,8.107011318206787
COc1cc2c(cc1OC)C1=NOC(CN3CCN(CC=Cc4ccccc4)CC3)C1CN2,6.658478736877441,6.536540508270264,6.5975096225738525
CC(C)COc1nc(Cl)c(Cl)cc1NS(=O)(=O)c1ccc(Cl)c(Cl)c1,7.086329936981201,6.676515102386475,6.881422519683838
CN(C)CC1CC2c3ccccc3Sc3ccc(F)cc3C2O1,7.834807395935059,7.63215160369873,7.7334794998168945
COc1cccc(NC(=O)C2CCCN(S(=O)(=O)c3ccc(F)cc3)C2)c1,6.455316543579102,4.96023416519165,5.707775354385376
O=C1N(CCCCN2CCCCC2)CCN1c1cccc(Cl)c1,7.857635498046875,8.436014175415039,8.146824836730957
CN1CCc2ccc3c(c2C1Cc1ccc(O)c(O)c1-3,,,
O=C1CCCCN1CC#CCN1CCCC1,2.7728376388549805,5.505775451660156,4.139306545257568
COc1ccccc1N1CCN(CC2CCc3ccc(O)cc3O2)CC1,9.779680252075195,8.13952350616455,8.959601879119873
CC(C)CC1C(=O)N2CCCC2C2(O)OC(NC(=O)C3Cc4c(cc5c[nH]c6c5c4C=CC6)N(C)C3)(C(C)C)C(=O)N12,8.890249252319336,9.54457187652588,9.217410564422607
Oc1nc2cccc(N3CCN(Cc4ccccc4)CC3)c2o1,8.110122680664062,6.817809104919434,7.463965892791748
NCCCCCCN1CCC(c2c[nH]c3ccc(OCCCN4CCN(c5ccccc5C#N)CC4)cc23)CC1,7.397507667541504,6.971979141235352,7.184743404388428
COc1ccccc1N1CCN(Cc2ccc(CN3CCCCC3=O)n2C)CC1,7.613201141357422,6.028500080108643,6.820850610733032
N#Cc1ccc(-c2nc(CCCN3CCCC3)c[nH]2)cc1,6.393065452575684,7.87504768371582,7.134056568145752
