SMILES,D2R_pXC50,D3R_pXC50,D2R_D3R_pXC50
CCCN(CCN1CCN(c2ccccc2)CC1)C1CCc2ccc(O)cc2C1,7.061977386474609,8.358572006225586,7.710274696350098
Oc1ccc2c3c1OC1CCC(O)C(OCCCN4CCN(c5ccccc5OC(F)(F)F)CC4)CC1)CCC3)CCN(CCCc1ccccc1,,,
N#Cc1ccc(N2CCN(CCCCc3c[nH]c4ccc(C(N)=O)cc34)CC2)cc1,7.120778560638428,7.458204746246338,7.289491653442383
O=C(NC1CCc2ccc(CCN3CCN(c4cccc(Cl)c4Cl)CC3)cc21)C1CCCC1,7.454765796661377,7.186753749847412,7.3207597732543945
CCN1CCCC(c2cccc(O)c2)CC1,6.448628902435303,6.670512199401856,6.559570550918579
COc1ccccc1N1CCN(CCCCCOc2ccc3ccc(O)nc3c2)CC1,8.443262100219727,8.07800579071045,8.260633945465088
COc1ccccc1N1CCN(CCCCCNC(=O)c2cc3ccccc3o2)CC1,7.168549537658691,7.815593719482422,7.492071628570557
CCCN1CCCCC2Cc3c(cccc3OC)CC21,7.117658615112305,7.256497383117676,7.18707799911499
CN1CCN(C2Cn3cccc3Sc3ccc(Br)cc32)CC1,8.921730041503906,8.506511688232422,8.714120864868164
CN1CCN(C2=Cc3ccccc3Oc3ccc(Cl)cc32)CC1,7.99347448348999,7.783572196960449,7.88852334022522
CN1CCC(c2ccncc2)=CCC1CNCCc1ccc(O)cc1,6.374719619750977,6.932315826416016,6.653517723083496
O=C1N(CCN2CCNCC2)CN(c2cccc3ccccc23)CC12CCC2,6.536163330078125,5.761616230010986,6.148889780044556
Clc1ccc(N2CCN(CCCCN=C3CCc4ccccc4C3=O)CC2)cc1Cl,6.561732292175293,7.670817852020264,7.116275072097778
NCC1CCc2ccc(F)cc2C1,6.075679779052734,6.611715316772461,6.343697547912598
CCCN(CCN1CCN(c2nccc3ccccc23)CC1)C1CCc2ccc(O)cc2C1,7.276597023010254,8.629609107971191,7.953103065490723
CCN1CCN(c2cccc(C#CCN3CCC(c4ccc(F)cc4)CC3)n2)CC1,6.0071892738342285,5.711803913116455,5.859496593475342
COc1ccccc1N1CCN(CCCCNC(=O)C=Cc2ccc(F)c3ccccc23)CC1,7.478488445281982,8.763628005981445,8.121058225631714
COc1ccccc1N1CCN(CCCCNC(=O)CC2CCC2)CC1,7.521566390991211,8.536051750183105,8.028809070587158
Oc1ccc(CCN2CCN(c3cccc(Cl)c3)CCC2)c2cccc(F)c2F,,,
COc1ccccc1N1CCN(CC=CCCCNC(=O)c2cc3ccccc3[nH]2)CC1,6.984511852264404,8.616902351379395,7.800707101821899
c1ccc(N2CCN(CCCN3CCN(c4ccccc4)CC3)CC2)cc1,6.09337854385376,5.544505596160889,5.818942070007324
O=C1N(CCN2CCC3(CC2)CCN(CCCNc2ccccc2Cl)CC3)CCN1c1ccccn1,6.803408145904541,6.19118595123291,6.497297048568726
CCCN(CCC1CCC(NC(=O)C=Cc2ccccc2)CC1)C1CCc2c(O)cccc2C1,7.449110984802246,8.662602424621582,8.055856704711914
O=C1Cc2ccccc2CC1CCN1CCN(c2cccc(Cl)c2Cl)CC1,6.932613849639893,7.520868301391602,7.226741075515747
O=C(CCCN1C2CCC1CC(OC(=O)C1CC1)C2)c1cccc(F)c1,7.492775917053223,7.98893404006958,7.740854978561401
Oc1cc2c(OCCNCc3ccccc3)ccc(Cl)c2[nH]1,8.818074226379395,7.795685768127441,8.306879997253418
CCC1Cc2ccc3c(c2)CCN(CCCSc2nnc(-c4ccco4)n2C)CC31,7.231085300445557,8.585785865783691,7.908435583114624
CCN1CCCC1CNC(=O)c1c(OC)ccc(I)c1OC,8.196069717407227,8.626472473144531,8.411271095275879
Cc1ccc2c(N3CCN(CCc4cccc5[nH]ccc45)CC3)cccc2n1,7.763713836669922,6.748334884643555,7.256024360656738
Oc1c2c(cc1O)CCCCCN1CCN(c3cccc(Cl)c3Cl)CC1,,,
CCCN(CCC1CCC(NC(=O)c2ccc3ncccc3c2)CC1)C1CCc2nc(N)sc2C1,7.144192695617676,8.6812744140625,7.912733554840088
N#CC(=Cc1ccccc1)CCCCN1CCN(c2cccc3ccccc23)CC1,7.638523578643799,7.919492244720459,7.779007911682129
O=C1N(CCN2CCC(C(F)(F)F)C2)CCN1c1cccc(I)c1,7.755248546600342,8.840574264526367,8.297911405563354
c1ccc(N2CCN(CCCCCCN3CCN(c4ccccc4)CC3)CC2)cc1,6.912728786468506,6.608251094818115,6.7604899406433105
Brc1ccc2c(CN3CCN(c4ccccc4)CC3)c[nH]c2c1,6.713802337646484,6.697941780090332,6.705872058868408
CN1CCN(CCCN2c3ccccc3Sc3ccc(Cl)cc32)CC1,7.559896469116211,7.69283390045166,7.6263651847839355
CCCN(CCN1CCN(c2ccccc2Cl)CC1)C1CCc2ccc(O)cc2C1,7.593542575836182,8.679712295532227,8.136627435684204
Oc1ccc2c(N3CCN(Cc4cccc(-c5ccccc5)c4)CC3)ccc(F)c2n1,8.239189147949219,6.923435211181641,7.58131217956543
Fc1cccc(CN2CCC(CCN3CCN(c4ccccc4)CC3)CC2)c1,6.239078521728516,6.533306121826172,6.386192321777344
CN(CCCN1CC=C(c2cccc3cc(C(=N)N)ccc23)CC1)c1ccccc1,7.215498924255371,6.883099555969238,7.049299240112305
O=C(NCC=CCN1CCN(c2cccc(Cl)c2Cl)CC1)c1ccccc1I,7.927801132202148,8.420702934265137,8.174252033233643
Oc1ccc2[nH]c3c(c2c1)CCN(CCCSc1nnc(-c2cccc4nc(C5CCCC5)no4)n1CCC3,,,
N#Cc1ccc(N2CCN(CCCCCN3CCN(c4cccc(Cl)c4Cl)CC3)CC2)cc1,7.286004066467285,7.663704872131348,7.474854469299316
CN1CCN(c2ccc3ncc(C#N)c(Nc4cccc(Br)c4)c3c2)CC1,5.75969934463501,5.498516082763672,5.629107713699341
O=C(NC1CCc2cc(CCN3CCN(c4cccc(Cl)c4Cl)CC3)ccc21)C1CC1,7.132916927337647,7.18869686126709,7.160806894302368
COc1ccccc1N1CCN(CCCCCN2CCc3ccc(C(N)=O)cc3C(c3ccccc3)C2)CC1,6.65207052230835,7.331469535827637,6.991770029067993
O=C1N(CCCCN2CCN(c3cccc(Cl)c3Cl)CC2)CCN1c1cccc(Cl)c1,7.927756309509277,8.702208518981934,8.314982414245605
NCCN1CCCC1CNc1cccc2ccccc12,5.96533727645874,6.42289400100708,6.19411563873291
COc1ccccc1N1CCN(CCCCNC(=O)c2ccc(-c3ccccc3)cc2)CC1,7.363232612609863,8.831465721130371,8.097349166870117
Oc1[nH]cc2ccc(OCCCN3CCN(c4cccc5c4CCCC5)CC3)cc12,8.662345886230469,7.776519298553467,8.219432592391968
Fc1ccc(N2CCN(CCCCCNc3cccc(F)n3)CC2)nc1,7.506291389465332,6.297811508178711,6.9020514488220215
CN1CCN(C2Cc3ccccc3Sc3ccc(-c4nnn(CCCF)n4)cc32)CC1,7.794327735900879,7.39818000793457,7.596253871917725
Oc1c2cccc(OCCNCCc3cccc(Cl)c3)c2[nH]1,,,
O=C(c1ccc(F)cc1)C1CCN(CCCCCCN2CCN(c3ccccc3OCCF)CC2)CC1,7.783071041107178,7.41394567489624,7.598508358001709
O=C1CC2(CCCC2)CCN1CCN1CCN(c2ccc(C(F)(F)F)cc2)CC1,6.203782558441162,7.394220352172852,6.799001455307007
O=C1c2ccccc2CCN1CCCCN1CCN(c2cccc3ccccc23)CC1,7.655913829803467,8.31832504272461,7.987119436264038
O=C1N(CCN2CCOCC2)CCN1CCN1CC=C(c2cccc3ccccc23)CC1,6.822161674499512,7.0672712326049805,6.944716453552246
Oc1ccc2[nH]cc(CCCN3CC=C(c4ccccc4)CC3)c2c1,8.563095092773438,8.061660766601562,8.3123779296875
N#Cc1ccc(N2CCN(CCCCc3nnc(-c4ccccc4)n3CC=CCCN3CCC(F)C3)CC2)cc1,5.890801429748535,6.928757667541504,6.4097795486450195
CN1CCc2cccc3c2Cc2nc(N)sc2C1,,,
CCN1CCN(CCCN2c3ccccc3Sc3ccc(Cl)cc32)CC1,7.3402862548828125,7.266788482666016,7.303537368774414
O=C(c1ccc(F)cc1)C1CCN(CCCCc2ccc(I)cc2)CC1,7.393781185150146,7.349679946899414,7.37173056602478
N#Cc1cccc(N2CCN(CCCCNC(=O)c3ccc(I)cc3)CC2)c1,7.043934345245361,8.738791465759277,7.891362905502319
O=C(NCCCCN1CCN(c2cccc(Cl)c2Cl)CC1)c1cccc2c1-c1ccccc1C2=O,6.6872968673706055,8.366487503051758,7.526892185211182
CC1NCCN(c2ccc3c(c2)CCN3CCCl)C1=O,5.944334506988525,7.243075847625732,6.593705177307129
O=C1N(CCN2CCN(c3cccc4ccccc34)CC2)CCN1c1cccc(Cl)c1,7.656652450561523,7.664817810058594,7.660735130310059
CN1CCN(C2=Cc3ccccc3Cc3ccc(O)cc32)CC1,7.547271251678467,7.532943248748779,7.540107250213623
NCCN1CCN(CCCN2c3ccccc3Sc3c(Cl)cccc32)CC1,6.501908302307129,6.946674346923828,6.7242913246154785
CN1CCc2ccccc2Cc2ccccc2CC1,7.3978271484375,7.025852203369141,7.21183967590332
FC(F)(F)c1cccc(N2CCN(CCCCCCC(c3ccc(F)cc3)c3ccc(F)cc3)CC2)c1,6.920155048370361,6.12790060043335,6.5240278244018555
CCCN(CCN1CCN(c2cccc3ccccc23)CC1)C1CCc2ccc(O)cc2C1,7.852016448974609,8.869171142578125,8.360593795776367
Oc1[nH]c2ccccc2c1CCCCN1CC=C(c2cccc3ccccc23)CC1,7.441141128540039,8.35091495513916,7.8960280418396
O=C(CCCN1CC=C(n2c(O)nc3ccccc32)CC1)c1ccc(F)cc1,8.367292404174805,7.846202850341797,8.1067476272583
CCN(CCN1CCN(c2ccc(-c3ccccc3)cc2)CC1)C1CCc2ccc(O)cc2C1,7.324533462524414,8.182275772094727,7.75340461730957
Oc1[nH]cc2ccc(OCCCN3CCN(c4cccc5cccc(Cl)c45)CC3)cc12,8.160287857055664,7.99403190612793,8.077159881591797
Oc1ccc2c(OCCNCc3ccccc3)ccc(I)c2[nH]1,,,
CCCN(CCN1CCN(c2ccc3ccoc3c2)CC1)C1CCc2ccc(O)cc2C1,7.370891094207764,8.643271446228027,8.007081270217896
CCCN(CCN1CCN(c2cccc(Cl)c2Cl)C1=O)C1CCc2ccc(O)cc2C1,7.456831932067871,8.600118637084961,8.028475284576416
Ic1cccc(N2CCN(CCC3CC(c4ccc(C#Cc5ccc(F)cc5)cc4)CC3)CC2)c1,6.374200344085693,7.08738374710083,6.730792045593262
Oc1cc2c(OCCNCCN3CCN(c4ccccc4Cl)CC3)ccc(F)c2[nH]1,8.581485748291016,7.664556980133057,8.123021364212036
Clc1ccc(N2CCN(CCCCOc3ccc4[nH]cnc4c3)C2)cc1,6.821593284606934,7.217513084411621,7.019553184509277
CCCN(CCN1CCN(c2cccc3c2OCCCO3)CC1)C1CCc2ccc(O)cc2C1,8.271718978881836,8.31121826171875,8.291468620300293
Oc1cc(C2=CCN(Cc3cnc4ccccc4c3)CC2)ccc1OCCN1CCCCC1,7.124101161956787,7.3233819007873535,7.22374153137207
Cc1ccc2c(N3CCN(CCc4cccc(-n5cncn5)c4)CC3)cccc2n1,6.764975547790527,6.538593292236328,6.651784420013428
Oc1[nH]cc2ccc(OCCCN3CCN(c4cccc5c4CCCC5)CC3)cc12,8.662345886230469,7.776519298553467,8.219432592391968
O=C(NCCCCN1CCN(c2cccc(-c3ccccc3F)c2)CC1)c1cccc2ccccc12,6.838946342468262,7.633925437927246,7.236435890197754
O=C1N(CCN2CCN(c3cccc(Cl)c3Cl)CC2)CCN1c1cccc(Cl)c1,7.528343200683594,7.927173614501953,7.727758407592773
CCCN(CCN1CCN(c2ccccc2OC)CC1)C1CCc2ccc(O)cc2C1,7.815720081329346,8.517810821533203,8.166765451431274
c1ccc2c(c1)CCc1cccc3c1C2CCCN3CC1CCCCC1,6.026673793792725,6.834339141845703,6.430506467819214
CCCN(CCN1CCN(c2cccc3ccccc23)CC1)C1CCc2ccc(O)cc2C1,7.852016448974609,8.869157791137695,8.360587120056152
CCCN(CCN1CCN(c2ccccc2)CC1)C1CCc2ccc(O)cc2C1,7.061977386474609,8.358572006225586,7.710274696350098
O=C(NCCCCN1CCN(c2cccc(Cl)c2Cl)CC1)c1ccc(-c2ccccc2)cc1,7.198726177215576,8.894172668457031,8.046449422836304
Oc1cc2c(N3CCN(CCCCCNc4cccc5scnc45)CC3)cccc2[nH]1,9.007879257202148,7.907093524932861,8.457486391067505
O=C1N(CCN2Cc3ccccc3CC2)CCN1c1cccc(Cl)c1,6.83345365524292,7.647637367248535,7.2405455112457275
Cc1ccc2c(OC3CCN(Cc4ccccc4)CC3)cccc2c1,6.713620185852051,6.521151065826416,6.617385625839233
CCCN(CCN1CCN(c2ccc(-c3ccccc3)cc2)C1=O)C1CCc2ccc(O)cc2CC1,7.274652004241943,8.056150436401367,7.665401220321655
NCCc1c[nH]c2ccc(OCCCCN3CCN(c4cccc5cc(F)ccc45)CC3)cc12,7.708860397338867,7.688190460205078,7.698525428771973
Cc1ccc2c(N3CCN(CCCc4cccc(O)c4)CC3)cccc2n1,7.563036441802978,7.250993728637695,7.407015085220337
CCN1CCc2ccc(Br)cc2CC1,7.596177577972412,7.289559364318848,7.44286847114563
CCCN(CCN1CCN(c2ccc(-c3ccccc3)cc2)CC1)C1CCc2ccc(O)cc2C1,7.323070049285889,8.556982040405273,7.940026044845581
O=CC(OCCCN1CCN(c2cccc(Cl)c2Cl)CC1)c1cccc2c1-c1ccccc1C2,6.310373306274414,7.210146903991699,6.760260105133057
COc1ccccc1N1CCN(CCCCCCN2CCN(c3ccccc3OC)CC2)CC1,7.870885848999023,7.619773864746094,7.745329856872559
COc1ccccc1N1CCN(CCCNC(=O)c2ccc3ccccc3c2)CC1,6.867298126220703,7.302934646606445,7.085116386413574
O=C1N(CCN2Cc3ccccc3C2)CCN1c1cccc(C(F)(F)F)c1,6.323578834533691,8.029830932617188,7.1767048835754395
Cc1cccc2c1CN(CCCSc1nc3cc([N+](=O)[O-])ccc3o1)C2,6.4392828941345215,6.985785961151123,6.712534427642822
COc1cccc(C(=O)NCCCCN2CCN(c3cccc(Cl)c3Cl)CC2)c1,7.145890235900879,9.06395435333252,8.1049222946167
c1ccc(OCCNCC2CCc3ccc(OCCN4CCCCC4)cc3O2)cc1,8.667202949523926,7.414070129394531,8.040636539459229
Oc1[nH]c2ccc(OCCCN3CCN(c4cccc5cccc(F)c45)CC3)cc2c1OCCCCN1CCN(c2cccc(Cl)c2Cl)CC1,8.39440631866455,8.625312805175781,8.509859561920166
O=C1Cc2ccc(OCCCCN3CCN(c4cccc5ccccc45)CC3)nc2N1,8.484224319458008,7.3502302169799805,7.917227268218994
O=C(NCC1CC1)c1ccc2c(c1)CCC2N1CCN(c2ccccc2Cl)CC1,6.491673469543457,6.906309604644775,6.698991537094116
OC1(c2ccc(I)cc2)CCN(CCCCN2CCC3(CC2)CC3c2cccc4cccc(O)c24)CC1,7.06239128112793,7.936734199523926,7.499562740325928
Cc1cc(N2CCN(CCCCOc3ccc(F)cc3)CC2)c2cc[nH]c2n1,8.299785614013672,7.75054121017456,8.025163412094116
O=C(NCCCCN1CCN(c2cccc(Cl)c2Cl)CC1)c1cccc2c1ccc(F)c2Cl,7.330468654632568,8.320951461791992,7.82571005821228
Oc1ccc2[nH]cc(CCCCN3CCN(c4cccc5ccccc45)CC3)c2c1,8.49316692352295,8.180514335632324,8.336840629577637
OC1(c2ccc(Br)cc2)CC2CCC(C1)N2Cc1coc2ccccc12,8.125388145446777,8.381101608276367,8.253244876861572
CCCN1CCCC2Cc3nc(C(F)(F)F)ccc3CCC21,6.9763617515563965,7.24765157699585,7.112006664276123
O=C1N(CCN2CCN(c3ccc(C#Cc4ccccc4F)cc3)CC2)CCN1c1ccc(Cl)cc1,5.290849685668945,5.925708770751953,5.608279228210449
COc1cccc2c1CC1CN(CCCCN3CCN(c4ccccc4OC)CC3)CCC1C2,7.333305358886719,7.709129333496094,7.521217346191406
NCCN1CCC(Cc2ccc(F)cc2)CC1,5.30598783493042,6.179337024688721,5.74266242980957
CCN(CCN1CCN(c2cccc(Cl)c2Cl)CC1)C1CCc2c(O)cccc2C1,8.090709686279297,8.394647598266602,8.24267864227295
CCCN(CCN1CCN(c2cccc3c2CCCC3)C1)C1CCc2ccc(O)cc2C1,7.448918342590332,8.644094467163086,8.046506404876709
CCN1CCCC1CNCc1ccc(I)cc1,5.181658744812012,7.064368724822998,6.123013734817505
Oc1[nH]cc2ccc(OCCCN3CCN(c4cccc5cccc(F)c45)CC3)c(F)c12,8.132925987243652,7.728168487548828,7.93054723739624
CN1C(CN(Cc2ccccc2C(F)(F)F)C2CC3CCC1C3,,,
Cc1cn2c(-c3ccnc(NCCC(C)CO)n3)c(-c3ccc(F)cc3F)nc2c(C)n1,5.719828128814697,5.449549674987793,5.584688901901245
CCc1ccccc1N1CCN(CCCCc2ccc3c(c2)sc(=O)n3CCCN2CCC(C(=O)c3ccc(F)cc3)CC2)CC1,7.530012607574463,7.334066390991211,7.432039499282837
CCCN(CCN1CCN(c2ccc(-c3ccccc3)cc2)CC1)C1CCc2ccc(O)cc2C1,7.323070049285889,8.556982040405273,7.940026044845581
O=C1NCCN1CCN1CCC(c2cn(-c3ccc(F)cc3)c3ccc(Cl)cc23)CC1,7.742376327514648,6.387310028076172,7.06484317779541
CN1CCN(C2=Cc3cc(Cl)ccc3Oc3cccc(F)c32)CC1,7.660265922546387,7.829961776733398,7.745113849639893
O=S(=O)(NCCCCN1CCC(c2noc3cc(F)ccc23)CC1)c1cc2ccccc2s1,7.821849822998047,8.171525955200195,7.996687889099121
Oc1ccc2c(c1)OC(CNCCCN1CCc3ccc(OCCCF)cc3C1)CC2,8.11311149597168,7.846938610076904,7.980025053024292
O=C1N(CCN2Cc3ccccc3CC2)CCN1c1cccc(Cl)c1,6.83345365524292,7.647637367248535,7.2405455112457275
N#Cc1ccc(N2CCN(CCCCc3cc(F)ccc3Br)CC2)cc1,6.6621809005737305,6.893321990966797,6.777751445770264
CN1CC=C(c2ccccc2CCN2CCC(c3ccccc3)CC2)CC1,6.618398189544678,6.095953941345215,6.357176065444946
Oc1[nH]c(CCN2CCN(c3ccccc3)CC2)c2cccc(Cl)c12,7.16441822052002,6.286174774169922,6.725296497344971
O=C1CCc2cc(OCCCCN3CCN(c4cccc(Cl)c4Cl)CC3)ccc2N1,8.785455703735352,8.286078453063965,8.535767078399658
O=C(CCCN1CCC2(CC1)C(=O)N(CCCN2CCC(c3ccccc3)CC2)C1)c1ccccc1OCCN1CCCCC1,,,
Cc1cccc(N2CCN(CC3CNC(=O)c4ccccc4O3)CC2)c1C,7.271816253662109,6.3932414054870605,6.832528829574585
O=C(NCCCCN1CCN(c2cccc(Cl)c2Cl)CC1)c1cc2ccccc2o1,6.971603870391846,8.865472793579102,7.918538331985474
CCCN(CCC1CCC(NC(=O)c2cccc(-c3ccccc3)c2)C1)C1CCc2c(O)cccc2C1,7.307022571563721,8.432978630065918,7.870000600814819
CC1N(CCN2CCN(c3ccc(F)cc3)CC2)CC1C2c3cc(O)ccc3CCc3ccc(O(F)(F)F)cc3OCC12,,,
O=C(NCCCCN1CCN(C2=Nc3ccccc3Cc3ccc(Cl)cc32)CC1)c1cc2ccccc2s1,6.476768493652344,8.28513240814209,7.380950450897217
c1ccc(CCNCC2CC2c2c[nH]c3ccc(OCCCN4CCCCC4)cc23)cc1,6.259391784667969,7.227499008178711,6.74344539642334
O=C(NCCCCN1CCN(c2cccc(Cl)c2Cl)CC1)c2cccc3c2c1ccn3CCCN1CC=C(c2c[nH]c3ccccc23)CC1,,,
Oc1ccc2[nH]cc(CCCCN3CC=C(c4ccccc4)CC3)c2c1,8.44819450378418,8.916884422302246,8.682539463043213
CCCN(CCN1CCN(c2cccc3cccc(O)c23)CC1)C1CCc2ccc(O)cc2C1,7.969192981719971,9.062225341796877,8.515709161758423
N#Cc1ccc2ccn(CCN3CCN(c4cccc5n[nH]c(C(F)(F)F)c45)CC3)c2c1,7.756313323974609,6.2612786293029785,7.008795976638794
CCCN(CCN1CCN(c2ccccc2)CC1)C1CCc2ccc(O)cc2C1,7.061977386474609,8.358572006225586,7.710274696350098
Oc1[nH]c2cccc(OCCNCCCc3ccc(F)cc3F)c2[nH]1,,,
Oc1cc2c(OCCNCCCCCc3ccccc3)ccc(F)c2[nH]1,8.943645477294922,7.446093559265137,8.19486951828003
CC1CCN(CCCCN2CCN(c3cc(C(F)(F)F)nc(C(C)(C)C)n3)CC2)C1,6.312230587005615,8.022150039672852,7.167190313339233
Oc1[nH]cc2ccc(OCCCN3CCN(c4cccc5cccc(F)c45)CC3)cc12,8.2858247756958,7.846155166625977,8.065989971160889
O=C(NCCCCN1CCN(c2cccc(Cl)c2Cl)CC1)c1ccc2ccccc2c1,7.087527751922607,9.066522598266602,8.077025175094604
Oc1ccc2[nH]cc(CCCCN3CCN(c4cccc(Cl)c4Cl)CC3)c2c1,8.743884086608887,8.450736045837402,8.597310066223145
CCCN(CCN1CCN(c2cc(C)ccc2OC)CC1)C1CCc2ccc(O)cc2C1,7.722879886627197,8.316121101379395,8.019500494003296
Oc1ccc2c(CCCCN3CCN(c4cccc5ccccc45)CC3)c[nH]c2c1,8.319184303283691,8.32239055633545,8.32078742980957
O=C1N(CCN2CCC(C(F)(F)F)CC2)CCN1c1ccccc1I,7.136043548583984,7.986358642578125,7.561201095581055
CCCN(CCN1CCN(c2cccc3c2CCCC3)C1=O)C1CCc2ccc(O)cc2C1,7.800132751464844,7.935602188110352,7.867867469787598
Oc1c2c(cc3c1CCCNC3)CCC(OCCCCN1CCN(c3cccc(Cl)c3Cl)CC1)CC2,7.9256720542907715,8.22053337097168,8.073102712631226
Oc1cc(O)c2c(c1)OC(CNCCN1CCN(c3cccc(Cl)c3Cl)CC1)C2,8.322154998779297,8.843183517456055,8.582669258117676
Cc1cc2cc(OCCCNCC(O)c3ccc(Cl)cc3)ccc2[nH]1,5.511324405670166,6.839882373809815,6.17560338973999
CCCN(CCN1CCN(c2ccccc2Cl)CC1)C1CCc2ccc(O)cc2C1,7.593542575836182,8.679712295532227,8.136627435684204
O=C(NCCCCN1CCN(c2cccc(Cl)c2Cl)CC1)c1cc2ccccc2cn1,6.880761623382568,9.034921646118164,7.957841634750366
CCN(C)C1CCc2ccc(O)cc2C1,7.848549842834473,8.591924667358398,8.220237255096436
Fc1cccc(CN2CCN(CCCc3c[nH]c4ccc(-n5cnnc5)cc34)CC2)c1,6.800118446350098,6.523263931274414,6.661691188812256
N#Cc1cccc(N2CCN(CCCCc3ccc4ccccc4c3)CC2)c1,7.403651237487793,7.834644317626953,7.619147777557373
Fc1ccccc1N1CCN(CCCCCNCC2CCc3cccc(-n4ccnc4)c3O2)CC1,8.323875427246094,7.384938240051269,7.854406833648682
Oc1ccc(N2CCN(CCCCN=C3CCc4ccccc4C3)CC2)cc1Cl,6.516090393066406,7.706076145172119,7.111083269119263
COc1ccccc1N1CCN(CCCCNC(=O)C=Cc2cccc(OCCCCCN3CCCC3)c2)CC1,6.9199748039245605,8.679494857788086,7.799734830856323
O=C1N(CCN2Cc3ccccc3CC2)CCN1c1ccccc1Nc1ccc(C(F)(F)F)cc1,7.159215450286865,7.085431098937988,7.122323274612427
N#Cc1cc2c(-c3ccc(F)cc3)cncc2cc1OCCN1CCN(c2ccccc2Cl)CC1,6.772801876068115,6.848163604736328,6.810482740402222
O=C(NCCN1CCN(c2ccccc2Cl)CC1)c1cc(I)ccc1F,7.270702838897705,6.8907575607299805,7.080730199813843
Cc1c(-c2ccc3c(c2)NCCC3)c(C(=O)N2CCN(c3cccc(Cl)c3Cl)CC2)c2ccccc2n1C,,,
CCN1CC(CN2c3ccccc3CCc3ccccc32)C1,5.911147117614746,4.854578971862793,5.3828630447387695
Oc1nc2ccc(Cl)cc2c2[nH]c(CCCN3CCN(c4ccccc4OCCF)CC3)nc12,8.387238502502441,7.230870246887207,7.809054374694824
O=C(NC1CCC(CCN2CCN(c3cccc(Cl)c3Cl)CC2)CC1)c1ccc2ccccc2c1,7.402788162231445,8.681697845458984,8.042243003845215
COc1ccccc1N1CCN(CCCCNC(=O)c2cc3ccccc3cn2)CC1,7.018458366394043,8.637602806091309,7.828030586242676
CCN1CCN(c2cccc(Nc3c(Cl)ccc4ccccc34)n2)C1,7.288968086242676,6.240659236907959,6.764813661575317
CCCN(CCN1CCN(c2cccc(Cl)c2Cl)CC1)C1CCc2ccc(O)cc2C1,7.754941463470459,8.884286880493164,8.319614171981812
CN1CCN(c2cccc(Nc3ccc4c(c3)CCN(Cc3ccccc3)CC4)n2)CC1,6.84670352935791,7.012967109680176,6.929835319519043
CN1CCN(C2=Cc3ccccc3Oc3ccc(Cl)cc32)CC1,7.99347448348999,7.783572196960449,7.88852334022522
CCCN(CCN1CCN(c2ccc(-c3ccccc3)cc2)CC1)C1CCc2c(O)cccc2C1,7.487314701080322,8.477007865905762,7.982161283493042
CN1CCN(C2=CC(c3cncc(OCCCN4CCN(c5cccc(Cl)c5Cl)CC4)n3)CC2)CC1,6.557079315185547,7.762814998626709,7.159947156906128
CN1C(=O)C(CCN2CCN(c3cccc(Cl)c3Cl)CC2)CC1=S,6.850133419036865,8.471158027648926,7.6606457233428955
O=C(NCC1CCc2ccc(O)cc2O1)C1CCCN1CCN(c2cccc(Cl)c2Cl)C1,,,
CCN1CCN(c2ccc(CCNCC(O)c3ccc(O)c4ccccc34)cc2)CC1,5.754330158233643,5.93751859664917,5.845924377441406
Cc1ccc(C(C)C)c(OCCCN2C3CCC2CC(O)(c2ccc(C(F)(F)F)cc2)C3)c1,6.929789543151856,7.703444480895996,7.316617012023926
CN1CCN(c2cccc(-c3cccc(NC(=O)C4CCCC4)c3)c2)CC1,5.714471340179443,6.464341640472412,6.089406490325928
NCCCOc1cccc2ccc(CCCCN3CCN(c4ccccc4Cl)CC3)cc12,7.234147548675537,8.190966606140137,7.712557077407837
O=C(NCC1CCC(CN2CCN(c3cc(Cl)ccc3Cl)CC2)CC1)c1cn2ccccc2n1,6.246737003326416,7.748369216918945,6.997553110122681
CCN1CCCC1CNC(=O)c1cc(Br)cc(OC)c1OC,8.090721130371094,8.708663940429688,8.39969253540039
COc1ccccc1N1CCN(CCCCNC(=O)c2cc3ccccc3[nH]2)CC1,7.458228588104248,9.089479446411133,8.27385401725769
O=C(NCC=CCN1CCN(c2cccc(Cl)c2Cl)CC1)c1cc2ccccc2s1,7.323400497436523,8.93916130065918,8.131280899047852
CCCCN(CCN1CCN(c2cccc3ccccc23)CC1)C1CCc2ccc(O)cc2C1,7.899647235870361,8.804038047790527,8.351842641830444
COc1ccccc1N1CCN(CCCCNC(=O)c2cncs2)CC1,7.271232604980469,8.320629119873047,7.795930862426758
CNCCC(c1cccc2ccccc12)c1cccs1,5.4085612297058105,5.461087226867676,5.434824228286743
CCCN(CCN1CCN(c2ccc(-c3ccccc3)cc2)C1=O)C1CCc2c(O)cccc2C1,7.581985950469971,8.339210510253906,7.9605982303619385
CCCN(CCN1CCN(c2cccc3ccoc23)CC1)C1CCc2ccc(O)cc2C1,8.003236770629883,8.87026596069336,8.436751365661621
O=C(NCCCCN1CCN(c2cccc(Cl)c2Cl)CC1)c1cn(-c2ccccc2)nc1,7.371269226074219,8.925752639770508,8.148510932922363
c1ccc(N2CCN(CCCCCN3CC=C(c4c[nH]c5ccc(-n6cccn6)cc45)CC3)CC2)cc1,7.706333160400391,7.625288009643555,7.665810585021973
CCCN(Cc1cccnc1)C1CCc2c(O)cccc2C1,7.626291275024414,8.058656692504883,7.842473983764648
CCc1cn2cc(CCCNCC3CCc4ccc(O)cc4O3)ccc2n1,8.822783470153809,7.339486598968506,8.081135034561157
Oc1ccc2[nH]cc(CCN3CCN(c4cccc5cccc(Cl)c45)CC3)c2c1,8.422971725463867,6.867888450622559,7.645430088043213
CN1CCc2cccc3oc(CCCN3CCN(c4ccccc4Cl)CC3)c2C1,,,
Cc1cccc2c1C1CCN(CCCCN3CCOCC3)CC1C2,6.643362998962402,5.958249568939209,6.300806283950806
Oc1[nH]cc2ccc(OCCCN3CCN(c4cccc5cccc(F)c45)CC3)cc12,8.2858247756958,7.846155166625977,8.065989971160889
Fc1ccc(-c2ccc3c(c2)CCN(CCCSc2nnc(-c4scnc4C4CC4)n2C2CC2)CC3)cc1,6.871043205261231,8.598865509033203,7.734954357147217
O=S(=O)(NCCCN1CCC(c2noc3cc(F)ccc23)CC1)c1ccc2ccccc2c1,7.815011024475098,7.49629545211792,7.655653238296509
Oc1ccc2[nH]cc(CCCN3CCC(c4c[nH]c5ccc(F)cc45)CC3)c2c1,8.456144332885742,6.495416641235352,7.475780487060547
CN1CCc2ccccc2Cc2c[nH]c3ccc(F)cc23)CC1,,,
CCN(CCCCN1CCN(c2ccccc2)CC1)c1cccc(Cl)c1,7.2190093994140625,7.457903861999512,7.338456630706787
N#Cc1ccc(NCCN2CCN(c3cccc(Cl)c3Cl)CC2)cc1F,7.443955421447754,5.933825969696045,6.688890695571899
COc1ccccc1N1CCN(CCCCc2ccc3c(c2)NC(=O)CC3)CC1,8.725866317749023,7.7740888595581055,8.249977588653564
COc1ccccc1N1CCN(CCCCNC(=O)c2cc(-c3cccnc3)ccc2OCC2CCC3(CC2)OC(=O)N3CCC2CC2)CC1,7.310571670532227,8.164129257202148,7.7373504638671875
Oc1ccc(N2CCN(CCCCOc3ccc4c(c3)CCCN4CC(F)(F)F)CC2)cc1Cl,6.167781352996826,6.823576927185059,6.495679140090942
CCCN(CCN1CCN(c2ccccc2OC)CC1)C1CCc2ccc(O)cc2C1,7.815720081329346,8.517810821533203,8.166765451431274
CCCN(CCN1CCN(c2cccc3ccoc23)CC1)C1CCc2nc(N)sc2C1,7.407806873321533,8.830053329467773,8.118930101394653
CN1CCc2ccc3c(c2Cc2cccc(O)c2)C1,,,
O=C(NCCCCN1CCN(c2cccc(Cl)c2Cl)CC1)c1ccc2c(c1)Cc1ccccc1-2,6.951083183288574,8.749909400939941,7.850496292114258
OC12CC3CN(CCC3C1Cc1ccccc1)CCCC3,,,
Cc1ncoc1-c1nnc(SCCCN2CC3CC3(c3ccc(C(F)(F)F)cc3F)C2)n1C,6.617652893066406,8.704980850219727,7.661316871643066
Cc1ncsc1CCCOCCN1CCN(c2cccc3c2CCCC3)CC1,8.061280250549316,6.759323596954346,7.410301923751831
OCCc1cc2c(OCCCCN3CCC(c4cccc(Cl)c4Cl)CC3)cccc2[nH]1,7.075155735015869,7.130856990814209,7.103006362915039
Oc1nc2ccc(OCCN3CCN(c4cccc(Cl)c4Cl)CC3)cc2[nH]1,8.429435729980469,7.635051727294922,8.032243728637695
Oc1c2c(OCCNCc3ccccc3)cccc2[nH]1,,,
CN1CCc2cc(OCCCN3CCN(c4cccc(Cl)c4Cl)CC3)ccc2CC1,7.387350082397461,8.20268440246582,7.795017242431641
O=C1Cc2ccccc2N1CCCCN1CCN(c2nsc3ccccc23)CC1,7.689305305480957,7.791382789611816,7.740344047546387
COc1ccccc1N1CCN(CCCCCNC(=O)C=Cc2ccccc2)CC1,7.56961727142334,8.09689998626709,7.833258628845215
O=C(NCCCCN1CCN(c2cccc(Cl)c2Cl)CC1)c1cc2cc3c(cc2o1)CC1CCCC3(CCN1CCCC1)Oc1ccccc1,,,
CCCN(CCN1CCN(c2ccsc2)CC1)C1CCc2ccc(O)cc2C1,7.221311092376709,9.019150733947754,8.120230913162231
CN1CCC(c2cnc3ccccc3c2)CC1,6.45811939239502,5.263318061828613,5.860718727111816
Oc1cnc(N2CCN(CCCCc3cc(I)cc(Cl)c3)CC2)nc1,7.658895492553711,7.598852157592773,7.628873825073242
NCCOc1cccc(NC(=O)C2CCCC2)c1,5.356857299804688,5.594885349273682,5.475871324539185
COc1ccccc1N1CCN(CCCCN2CCCCCCN(c3ccccc3OC)CC2)CC1,7.640937805175781,7.894688129425049,7.767812967300415
Oc1ccc2[nH]cc(CCCN3CCN(c4ccccc4Br)CC3)c2c1,8.310115814208984,7.367390155792236,7.83875298500061
O=C1N(CCN2CCC(CCOc3cccc(-c4ccccc4F)c3)CC2)CCN1c1ccc(F)cc1,7.263949394226074,7.135409355163574,7.199679374694824
CCCN(CCN1CCN(c2ccccc2O)CC1)C1CCc2ccc(O)cc2C1,7.675475597381592,9.087706565856934,8.381591081619263
CCCN1CCCC2c3c(ccc(O)c3OC)CCC21,7.069376468658447,7.803951263427734,7.436663866043091
O=C1CCc2ccc(OCCCCN3CCN(c4cccc5cccc(F)c45)CC3)nc2N1,8.669334411621094,7.364121913909912,8.016728162765503
O=C1N(CCN2CCN(c3cccc(Cl)c3Cl)CC2)CCN1c1cccc(Cl)c1,7.528343200683594,7.927173614501953,7.727758407592773
Clc1ccc(N2CCN(CC3CCCC(c4ccccc4)C3)CC2)cc1Cl,6.919534683227539,6.835470199584961,6.87750244140625
Oc1nc2c(OCCNCc3ccccc3)cccc2[nH]1,8.358394622802734,8.122057914733887,8.24022626876831
Cc1cc(Cl)cc(Cl)c1OCCCN1CCN(c2cccc3[nH]c(C(F)(F)F)nc23)CC1,7.434758186340332,7.592261791229248,7.51350998878479
COc1ccccc1N1CCN(CCCCNC(=O)c2ccc(OCc3ccccc3)cc2)CC1,6.584896087646484,8.002235412597656,7.29356575012207
Oc1ccc2[nH]cc(CCCNCCc3ccccc3)c2c1,7.174939155578613,7.071524143218994,7.123231649398804
Clc1ccccc1N1CCN(CCCOc2cccc3[nH]c4ccccc4c32)CC1,7.690806865692139,7.862508773803711,7.776657819747925
CCCN(CCN1CCN(S(=O)(=O)c2cccs2)CC1)C1CCc2ccc(O)cc2C1,7.077153205871582,7.591343402862549,7.334248304367065
Fc1ccc2[nH]cc(CCCNC3CCc4ccccc43)c2c1,6.660750865936279,6.658122539520264,6.6594367027282715
CCCN1CCCCC2Cc3ncc(CCc4ccccc4)cc3CCC21,5.931837558746338,6.876049041748047,6.403943300247192
CCCN(CCN1CCN(c2ccccc2O)CC1)C1CCc2c(O)cccc2C1,7.960699081420898,9.054028511047363,8.50736379623413
CN1CCN(C2Cc3ccccc3Sc3ccc(F)cc32)CC1,9.00782871246338,8.473590850830078,8.740709781646729
Oc1cccc(N2CCN(CCOc3cccc4c3CCNC4)CC2)c1,7.308463096618652,7.399070262908935,7.353766679763794
O=C1N(CCN2CCN(c3cccc(Cl)c3Cl)CC2)CCN1c1ccccc1Cl,7.302975654602051,7.411231994628906,7.3571038246154785
CN1CCN(c2cccc(Nc3cc4c(cc3F)CNCC4)c2)CC1,6.110477447509766,6.583160877227783,6.346819162368774
O=C1N(CCN2CCN(c3cccc(Cl)c3Cl)CC2)CCN1c1cccc(Cl)c1,7.528343200683594,7.927173614501953,7.727758407592773
CCCN(CCN1CCN(c2cccc(Cl)c2Cl)CC1)C1CCc2ccc(O)cc2C1,7.754941463470459,8.884286880493164,8.319614171981812
Cc1ncoc1-c1nnc(SCCCN2CC3C4CCC3(c3cccc(Cl)c3)C2)n1C,,,
CCCc1ccc(C2CCC3CN(CC=C4Cc5ccccc5CC4)CCC3(C)C2)cn1,6.088460445404053,7.164618492126465,6.626539468765259
CCCN(CCN1CCN(c2ccc3[nH]ccc3c2)CC1)C1CCc2c(O)cccc2C1,7.435480117797852,8.369194030761719,7.902337074279785
O=C1N(CCN2CCN(c3ccccc3)CC2)CCN1c1cccc(I)c1,7.238637924194336,7.126534461975098,7.182586193084717
Oc1ccc2c(OCCNCC3CCC(c4ccccc4)CC3)cccc2[nH]1,,,
CCCN(CCN1CCN(c2cccc3ccoc23)CC1)C1CCc2ccc3[nH]ccc3c2C1,8.022311210632324,7.892900466918945,7.957605838775635
COc1cccc(C(=O)NCCCN2CCC(c3noc4cc(F)ccc34)CC2)c1,6.533158302307129,6.594513893127441,6.563836097717285
CCCN(CCN1CCN(c2ccccc2)CC1)C1CCc2ccc(O)cc2C1,7.061977386474609,8.358572006225586,7.710274696350098
COc1cccc(CN2Cc3c([nH]c4ccc(Br)cc34)C2)c1OC,7.348465919494629,6.131929874420166,6.7401978969573975
N#Cc1cccc(N2CCC3(CCN(Cc4cccc(O)c4)CC3)CC2)c1,6.910362243652344,7.048010349273682,6.979186296463013
N#Cc1cc2c(N3CCN(CCCCc4cccc5ccc(F)cc45)CC3)nc(C3CCC3)nc2s1,7.245765686035156,7.501200199127197,7.373482942581177
Oc1nc2cccc(CCN3CCN(c4ccccc4Cl)CC3)c2o1,8.09354019165039,6.897790908813477,7.495665550231934
O=C(NCCCCN1CCN(c2cc(Cl)ccc2Cl)CC1)c1ccc(C(F)(F)F)cc1,7.463979244232178,8.466560363769531,7.9652698040008545
COc1ccc2c(c1)C(CCN1CCN(c3cccc(Cl)c3Cl)CC1)CCC2=O,6.935142517089844,7.508369445800781,7.2217559814453125
Oc1cc2c(N3CCN(Cc4ccccc4)CC3)ccc(I)c2[nH]1,8.246009826660156,7.5317840576171875,7.888896942138672
CC1=NC2=CCCCN2CCN1CCN1CCC(c2ccc(Cl)c(Cl)c2)CC1,6.519142150878906,6.183115482330322,6.351128816604614
Oc1cc2c(OCCNCCCF)cccc2[nH]1,8.502875328063965,7.542322635650635,8.0225989818573
COc1cccc(CN2CCN(CC=Cc3cc(Cl)ccc3OC)CC2)c1,5.92125129699707,6.621822834014893,6.2715370655059814
CN1CCN(C2Cc3ccccc3Sc3ccc(F)cc32)CC1,9.00782871246338,8.473591804504395,8.740710258483887
Fc1ccc(N2CCN(CCCCNCc3ccc(-c4nc5ccccc5o4)cc3)CC2)cc1,6.0304951667785645,7.429823875427246,6.730159521102905
O=C1c2ccccc2CC2CN(CCCCN2CCN(c3cccc(Cl)c3Cl)CC2)CCN12CCCF,,,
Oc1[nH]c2ccc(Cl)c(Cl)c2c1CCCCN1CC=C(c2cccc3cc(F)ccc23)CC1,8.102306365966797,8.226192474365234,8.164249420166016
O=2Cc3c([nH]c2ccc(OCCN3CCC(c4noc5cc(F)ccc45)CC3)cc22)CN1CCN2CCCC2C1,,,
CCCN(CCN1CCN(c2cccc(Cl)c2Cl)CC1)C1CCc2ccc(O)cc2C1,7.754941463470459,8.884286880493164,8.319614171981812
CN1CCN2c3ccccc3Cc3cccc(O)c3CC2C1,7.004988670349121,6.877520084381104,6.941254377365112
CCN1CCN(c2ccc(C(c3c(F)ccc(F)c3Cl)C3CCC(=O)N3)cc2)CC1,6.467735767364502,6.293657779693604,6.380696773529053
CCCN(CCN1CCN(c2cccc3c2Oc2ccc(OC)cc2CCC3)CC1)C1CCc2ccc(O)cc2C1,7.642643928527832,8.157327651977539,7.8999857902526855
O=C1N(CCN2C3CCC2CC(c2ccccc2)C3)CCN1c1cccc(Cl)c1,7.07289981842041,7.543879985809326,7.308389902114868
COc1ccccc1N1CCN(CCCCCNC(=O)c2cccc3ccccc23)CC1,7.284329414367676,7.609278202056885,7.44680380821228
O=C(NCCCN1CCN(c2cccc(Cl)c2Cl)CC1)c1cc2cc(CCF)ccc2[nH]1,7.039145469665527,7.45696496963501,7.2480552196502686
Cc1ccc2c(N3CCN(CCCCc4cccc5c4CCC(=O)N5)CC3)cccc2n1,8.17225170135498,7.649570465087891,7.9109110832214355
Clc1cccc(N2CCN(CCCCOc3ccc4ccccc4c3)CC2)c1Cl,7.500912666320801,8.554620742797852,8.027766704559326
Cc1cnc(N2CCN(CCCCc3ccc(F)cc3)CC2)nc1N1CCN(c2cccc(Cl)c2Cl)CC1,6.871743202209473,6.473790645599365,6.672766923904419
Nc1cc(C(=O)NCCN2CCN(c3cccc(Cl)c3Cl)CC2)n[nH]1,7.155706405639648,7.417716026306152,7.2867112159729
CCCN(CCN1CCN(c2ccc(-c3ccccc3)cc2)CC1)C1CCc2ccc(O)cc2C1,7.323070049285889,8.556982040405273,7.940026044845581
CN1CCN(c2cccc(Nc3nccc(-c4ccc(C(=O)N5CCCC5)cc4)n3)c2)CC1,5.906682968139648,5.863344669342041,5.885013818740845
O=C(NCC=CCN1CCN(c2cccc(Cl)c2Cl)CC1)c1cc2ccc(O)cc2[nH]1,7.190918922424316,9.270856857299805,8.23088788986206
CN(C)CCN1CCN=C2c3ccccc3CCc3ccc(F)cc32)CC1,,,
CCCN(CCN1CCN(c2ccc(Cl)cc2Cl)CC1)C1CCc2c(O)cccc2C1,7.537049293518066,8.548944473266602,8.042996883392334
Oc1cc2c(OCCNCc3ccccc3)ccc(F)c2[nH]1,8.782026290893555,7.85374641418457,8.317886352539062
N#Cc1ccc2[nH]cc(CCCCN3CCN(c4cccc5cc(F)ccc45)CC3)c2c1,8.164485931396484,7.814962387084961,7.989724159240723
CN1CCN(C2=Cc3ccccc3Oc3ccc(Cl)cc32)CC1,7.99347448348999,7.783572196960449,7.88852334022522
Oc1ccc2[nH]cc(CCCN3CCN(c4cccc5sccc45)CC3)c2c1,8.85921859741211,7.764906883239746,8.312062740325928
Cc1cc(CCCN2CCN(c3ccccc3-c3ccccc3)CC2)no1,6.930481433868408,6.810833930969238,6.870657682418823
COc1ccccc1N1CCN(CCCCNC(=O)c2cccc3c2OCCCN3)CC1,7.864979743957519,8.24563980102539,8.055309772491455
CCCN(CCCCCN1CCN(c2cccc3ccccc23)CC1)C1CCc2ccc(O)cc2C1,7.975072860717773,8.441204071044922,8.208138465881348
CCCN(CCN1CCN(c2ccccc2)CC1)C1CCc2ccc(O)cc2C1,7.061977386474609,8.358572006225586,7.710274696350098
Cc1ncoc1-c1nnc(SCCCN2CC3CC3(c3cccc(C(F)(F)F)c3)C2)n1C,6.732644081115723,8.76014232635498,7.746393203735352
O=C(NCC=CCN1CCN(c2cccc(Cl)c2Cl)CC1)c1cc2ccccc2[nH]1,7.233074188232422,9.19192600250244,8.212500095367432
O=C1Cc2ccc(CCCCN3CCN(c4csc5cccc(F)c45)CC3)nc2N1,8.05669116973877,7.56400203704834,7.810346603393555
CC1CCN(Cc2cnc(N3CCN(c4cccc(Cl)c4Cl)CC3)c3ccccc23)C1,6.268523693084717,6.367396831512451,6.317960262298584
COc1ccccc1N1CCN(CCCCNC(=O)c2ccc(-c3ccccc3C)cc2)CC1,7.334424018859863,8.399083137512207,7.866753578186035
CN1CCN(C2Cc3ccccc3Sc3ccc(F)cc32)CC1,9.00782871246338,8.473590850830078,8.740709781646729
Fc1ccc(OCCCN2CCN(c3cccc4ccccc34)CC2)cc1,7.68948221206665,7.846340179443359,7.767911195755005
CCCN(CCN1CCN(c2ccnc3ccccc23)CC1)C1CCc2ccc(O)cc2C1,7.621154308319092,8.850150108337402,8.235652208328247
Nc1cc(Cl)ccc1C(=O)NCCCCCN1CCN(c2ccccc2-c2noc3ccccc23)CC1,6.857800960540772,7.6385178565979,7.248159408569336
N#Cc1cc(F)ccc1CCN1CCN(c2cccc3c2OCCO3)CC1,7.678032398223877,6.659435749053955,7.168734073638916
Oc1nc2cc(CCCCN3CCN(c4cccc(Cl)c4Cl)CC3)ccc2[nH]1,8.438214302062988,8.153036117553711,8.29562520980835
Oc1c(CCN2CCN(c3nc(-c4ccccc4Cl)cc3CCC3CCCCC32)ccc2cccnc12,,,
Oc1cc2c(OCCNCC3CCc4ccc(O)cc4O3)ccc(F)c2[nH]1,10.424549102783203,8.44733715057373,9.435943126678467
Fc1ccc2c(CCCCN3CCN(c4ccccc4)CC3)n[nH]c2c1,7.4766130447387695,7.442519187927246,7.459566116333008
CCCN(CCN1C2CCC1c1ccc(O)cc1CCc1ccc(F)cc1-2)C1CCc2c(O)cccc2C1,6.965421676635742,8.914837837219238,7.94012975692749
CCN1CCN(c2cccc(CNC(=O)CCCc3cccc(Cl)c3Cl)c2)CC1,7.400780200958252,6.439828872680664,6.920304536819458
O=C(NCCCCN1CCN(c2cccc(Cl)c2Cl)CC1)c1cccnc1,7.342226982116699,9.015792846679688,8.179009914398193
CCCN1CCCCC2Cc3nc(N)ncc3CC21,6.634688377380371,7.318268299102783,6.976478338241577
Oc1[nH]cc2cc(F)c(OCCCCN3CCN(c4cccc5cccc(F)c45)CC3)cc12,8.246258735656738,7.938355445861816,8.092307090759277
CCN(CCO)C1CCC(c2ccccc2)CC1,5.5064697265625,5.746323108673096,5.626396417617798
N#Cc1ccc2[nH]cc(CCCCN3CCN(c4cccc5nc(C(N)=O)ccc45)CC3)c2c1,7.933559894561768,8.12565803527832,8.029608964920044
N#Cc1ccccc1CN1CCN(CCCCN=C2Cc3ccc(OCCI)cc3N2)CC1,6.048882007598877,6.9789018630981445,6.513891935348511
CCCN(CCCCCCCCCCCCCN(CCC)C1CCc2c(O)cccc2C(=O)C1)C1CCc2c(O)cccc2C1,8.061779022216797,7.998071670532227,8.029925346374512
O=C1N(CCN2CCN(c3cc(Cl)ccc3Cl)CC2)CCN1c1ccccc1,7.411373138427734,7.4481096267700195,7.429741382598877
N#Cc1ccccc1N1CCN(CCCCNC(=O)c2ccc3ccccc3c2)CC1,7.203427314758301,8.590600967407227,7.897014141082764
CCN1CCCCCCCN2c3ccccc3CCc3ccc(Cl)cc32)CC1,,,
CN1CCN(C2Cc3ccccc3Sc3ccc(-c4nnn[nH]4)cc32)CC1,8.55559253692627,6.824313163757324,7.689952850341797
O=C(NCCCCN1CCN(c2cccc(Cl)c2Cl)CC1)c1cc2ccccc2[nH]1,7.3425798416137695,9.33303451538086,8.337807178497314
CCCc1cccc2c1CCCN2CCCN1CCN(c2cccc3ccccc23)CC1,7.438724040985107,6.8983683586120605,7.168546199798584
O=C1c2ccccc2CCCN1CCN1CCN(c2cccc3ccccc23)CC1,7.43242073059082,7.165606498718262,7.299013614654541
CC1NC(N)=Nc2cc(Cl)c(Cl)cc21,7.786181926727295,5.653078079223633,6.719630002975464
CCCN(CCN1CCN(c2ccsc2)CC1)C1CCc2ccc(O)cc2C1,7.221311092376709,9.019150733947754,8.120230913162231
Brc1ccc2c(N3CCN(CCC=Cc4cccc(-c5ncc[nH]5)c4)CC3)cccc2c1,7.637528896331787,8.04265022277832,7.840089559555054
Oc1ccc2c(c1)OC(CNCCCN1CCN(c3cccc(Cl)c3)CC1)CC2,8.67287826538086,8.09549617767334,8.3841872215271
CN1CCN(C2Cc3ccccc3Sc3ccc(F)cc32)CC1,9.00782871246338,8.473590850830078,8.740709781646729
CCCN(CCN1CCN(c2ccnc3ccccc23)C1=O)C1CCc2ccc(O)cc2C1,7.079518795013428,7.843186378479004,7.461352586746216
CCN1CCCCC1CNC(=O)c1c(OC)cccc1I,7.761475086212158,8.114632606506348,7.938053846359253
CN1CCN(C2=Cc3ccccc3Oc3ccc(Cl)cc32)CC1,7.99347448348999,7.783572196960449,7.88852334022522
CN(CCN1CCN(c2cccc(Cl)c2)CC1)C1CCc2ccc(O)cc2C1,7.260801315307617,8.268648147583008,7.7647247314453125
CN1C2CCC1CC(OC(c1ccccc1)c1ccc(F)cc1)C2,6.087949752807617,6.597517013549805,6.342733383178711
Oc1[nH]cc2ccc(OCCCN3CCN(c4cccc5cccc(F)c45)CC3)cc12,8.2858247756958,7.846155166625977,8.065989971160889
COc1ccccc1N1CCN(CCCCN2CCC(Cc3ccccc3)(c3ccccc3)CC2)CC1,6.913894176483154,6.807921409606934,6.860907793045044
Oc1ccc2c(CCCCN3CCN(c4ccccc4)CC3)c[nH]c2n1,7.861140251159668,7.664048194885254,7.762594223022461
CCCN(CCN1CCN(c2ccc(-c3ccccc3)cc2)CC1)C1CCc2cnc(N)nc2C1,6.599677562713623,7.635949611663818,7.117813587188721
CCCN(CCN1CCN(c2cccc3ccccc23)CC1)C1CCc2ccc(O)cc2C1,7.852016448974609,8.869157791137695,8.360587120056152
CCCN(CCN1CCN(c2ccccc2C)CC1)C1CCc2ccc(O)cc2C1,7.235696315765381,8.2485990524292,7.74214768409729
CN1CCN(c2cccc3cccc(OCCCN4CCN(c5cccc(Cl)c5Cl)CC4)c23)CC1,7.655262947082519,8.076898574829102,7.8660807609558105
OCCCn1c2cc(Cl)c(OCCCCN3CCN(c4ccccc4Cl)CC3)cc2c2ccccc21,6.1044135093688965,7.944547653198242,7.024480581283569
COc1ccc2c(c1)CCC1CN(CCCCN3CCCCC4=CC(CNC(=O)c5ccccc5)CC43)CC21,5.857256412506104,7.183084011077881,6.520170211791992
CN1CC2CC(OCCF)(c3ccccc3)CC1CCC2,6.077714443206787,6.683098793029785,6.380406618118286
CN1CC(N2CCN(c3cccc(Cl)c3)CC2)C1=O,6.210081100463867,7.297567367553711,6.753824234008789
COc1ccnc(N2CCN(CCCCn3ncc(=O)n(CCCCCCN4CCN(c5ccccc5OC)CC4)c3=O)CC2)c1,7.17072868347168,7.269919395446777,7.2203240394592285
O=C(NCCCCN1CCN(c2cccc(Cl)c2Cl)CC1)c1cccc2ncccc12,7.330193042755127,8.637802124023438,7.983997583389282
CCN(CCCCCN1CCN(c2ccccc2OCCF)CC1)C1CCc2c(O)cccc2C1,8.464935302734375,8.023462295532227,8.2441987991333
Oc1[nH]cc2ccc(OCCCN3CCN(c4cccc5cccc(F)c45)CC3)cc12,8.2858247756958,7.846155166625977,8.065989971160889
COc1ccccc1N1CCN(CCCCc2ccc3c(c2)cc(C)n3C)CC1,7.816798686981201,7.392899990081787,7.604849338531494
Oc1[nH]c2cc(F)c(OCCCN3CCN(c4cccc5cccc(F)c45)CC3)cc2c1OCCF,8.251485824584961,7.634963989257812,7.943224906921387
COc1ccccc1N1CCN(CCCCNC(=O)c2cc3ccc2CCc2c[nH]c3ccc(F)cc23)CC1,,,
Oc1[nH]cc2ccc(OCCCN3CCN(c4cccc5cccc(F)c45)CC3)cc12,8.2858247756958,7.846155166625977,8.065989971160889
CCN1CCN(C2Cn3cccc3Sc3ccc(O)cc32)CC1,8.12127685546875,8.335016250610352,8.22814655303955
CN1CCN(C2CC(c3ccc(F)cc3)c3ccc(Cl)cc32)CC1(C)C,7.741881847381592,7.0761308670043945,7.409006357192993
O=C1CCc2ccc(OCCCCN3CCN(c4cccc5cccc(Cl)c45)CC3)nc2N1,8.612405776977539,7.559682846069336,8.086044311523438
O=C(N(CCN1CCN(c2ccccc2OCCF)CC1)C1CCCCC1)C1CCC(N2CCCC2)CC1,7.162417888641357,7.501542091369629,7.331979990005493
CCN1CCCC1CNCc1ccc(F)cc1,4.74597692489624,6.767187118530273,5.756582021713257
Clc1ccc(N2CCN3CC(c4cc5ccccc5s4)CC3)CC2)cc1,,,
Oc1[nH]cc2ccc(OCCCCN3CCN(c4cccc5cccc(Cl)c45)CC3)cc12,8.276416778564453,8.217445373535156,8.246931076049805
N#CN(CCCCN1CCN(c2ccccc2-c2ccccc2)CC1)c1ccccc1,7.877276420593262,7.323940753936768,7.600608587265015
CCCN(CCN1CCN(c2ccc(F)cc2)CC1)C1CCc2ccc(O)cc2C1,6.809654712677002,8.134193420410156,7.471924066543579
CN1CCN(C2=Nc3ccccc3Nc3ccc(Cl)cc32)CC1,6.776462078094482,6.903762340545654,6.840112209320068
Oc1cc2c(OCCNCc3ccccc3)ccc(I)c2[nH]1,9.057918548583984,8.238779067993164,8.648348808288574
COc1ccccc1N1CCN(CCCCNC(=O)c2ccc(-c3ccccc3)cc2)CC1,7.363232612609863,8.831465721130371,8.097349166870117
O=C1N(CCN2CCC3(CC2)CCN3c2ccccc2N2CCCC2)CCN1c1cccc(F)c1,8.27126693725586,7.693259239196777,7.982263088226318
Oc1ccc2c(c1)OC(CNCCCCCN1CCN(c3ccccc3OCCF)CC1)CC2,9.296650886535645,8.21760368347168,8.757127285003662
O=C(NCCCCCN1CCN(c2noc3ccccc23)CC1)c1ccccc1,6.801520347595215,7.014877796173096,6.908199071884155
CCOc1ccccc1N1CCN(CCCCCNC(=O)c2cccc3ccccc23)CC1,7.26913595199585,7.826763153076172,7.547949552536011
CCCN(CCN1CCN(c2ccccc2OC)CC1)C1CCc2ccc(O)c(O)c2C1,7.9891252517700195,8.693142890930176,8.341134071350098
Oc1ccc2c(OCCCN3CCN(c4cccc5cc[nH]c45)CC3)cccc2n1,8.763427734375,8.408108711242676,8.585768222808838
Oc1[nH]cc2ccc(OCCCN3CCN(c4cccc5ccccc45)CC3)cc12,8.251432418823242,8.164287567138672,8.207859992980957
CN1CCCCC1CNC(=O)c1cccc(C(F)(F)F)c1F,7.119039535522461,7.720084190368652,7.419561862945557
Oc1cc2c(OCCNCCc3ccc4ccccc4c3)ccc(F)c2[nH]1,7.90805196762085,7.330379486083984,7.619215726852417
N#Cc1ccc2[nH]c(CN3CCN(c4cccc5cnccc45)CC3)cc2c1,6.983960151672363,6.187849521636963,6.585904836654663
CCCN(CCC1CCC(NC(=O)C=Cc2cccc(C)c2)CC1)C1CCc2nc(N)sc2C1,7.1958327293396,8.408519744873047,7.802176237106323
c1ccc(CCCCN3CCN(c4ccccc4)CC3)c2[nH]ccc21,7.613930225372314,7.201900482177734,7.407915353775024
COc1ccccc1N1CCN(CCCc2ccc3c(c2)NC(=O)CO3)CC1,7.589548110961914,6.614745140075684,7.102146625518799
NCCN1CCc2cccc3c2C1Cc1cccc(O)c1-3,6.832906246185303,7.521368026733398,7.177137136459351
CN1CCN(C2Cn3cccc3Sc3ccc(F)cc32)CC1,8.455343246459961,8.19658088684082,8.32596206665039
CN1CCCCC1CCc1c[nH]c2ccc(O)cc12,6.791860580444336,6.8698930740356445,6.83087682723999
CCN1CCCCC1CNC(=O)c1c(F)cccc1I,7.114533424377441,8.085967063903809,7.600250244140625
CNCCN(C)c1cccc(O)c1CCOCCCCCCN1CCN(c2ccccc2OC)CC1,7.08716344833374,7.242433071136475,7.164798259735107
CCCN(CCN1CCN(c2cccc3c(C)cccc23)C1=O)C1CCc2cc(O)ccc2CC1,7.083681106567383,7.776051998138428,7.429866552352905
Oc1[nH]cc2c(CCCCN3CCN(c4ccccc4OCCF)CC3)cccc12,8.45219898223877,8.096451759338379,8.274325370788574
Oc1ccc(CN2CCN(c3cccc4nc(C(F)(F)F)ccc34)CC2)cc1,8.050223350524902,6.866415977478027,7.458319664001465
O=C(NC1CCc2ccc(CCN3CCN(c4nsc5ccccc45)CC3)cc21)C1CC1,7.392701625823975,6.859647750854492,7.126174688339233
Clc1ccc(N2CCN(CCCCNCCc3cccc4c3ccn4CC3CC3)CC2)cc1,6.284397602081299,6.640640258789063,6.462518930435181
O=C(N(CCCN1CCN(c2ccccc2O)CC1)c1cccc2nc3ccccc3cc12,,,
O=C1N(CCN2CCC(C#Cc3ccccc3OCCF)CCN2)CCN1c1ccccc1,6.825877189636231,6.399417400360107,6.612647294998169
O=C(NCCCCN1CCN(c2cccc(Cl)c2Cl)CC1)c1cc2cccc(F)c2o1,7.040889263153076,8.59882640838623,7.819857835769653
CCCN(CCN1CCN(c2cccc3ccccc23)CC1)C1CCc2ccc(O)cc2C1,7.852016448974609,8.869171142578125,8.360593795776367
Cc1c(OCCCN2CCN(c3cccc4ccccc34)CC2)nn(-c2ccc(F)cc2)c1O,7.699775218963623,8.014042854309082,7.8569090366363525
O=C(N1CCC(CCN2CCN(c3cccc(Cl)c3Cl)CC2)C1)C1CCCC1,7.324859619140625,8.350451469421387,7.837655544281006
Oc1[nH]c2ccc(Br)cc2c1CCCCN1CCN(c2cccc3ccccc23)CC1,7.896210193634033,8.279093742370605,8.08765196800232
CCCN(CCN1CCN(c2cccc3ncccc23)CC1)C1CCc2ccc(O)cc2C1,7.628834247589111,8.93879222869873,8.283813238143921
Oc1ccc2c(c1)OCCNCCC1CCc3ccc(OCCN4CCCCC4)cc3C1,,,
N#CNC(=NCCCN1CCN(c2cccc(Cl)c2Cl)CC1)c1ccc2c(c1)-c1ccccc1O2,6.421217441558838,7.093533992767334,6.757375717163086
CN1Cc2ccccc2N2CCNCC21Cc1ccccc1,6.791883945465088,6.363949298858643,6.577916622161865
COc1ccccc1N1CCN(CCCCNC(=O)c2ccco2)CC1,7.273334980010986,8.252836227416992,7.763085603713989
Cc1cc(F)cc2[nH]c(CCCCN3CCN(c4ccccc4Cl)CC3)nc12,7.57095193862915,7.247284412384033,7.409118175506592
CCCN(CCN1CCN(c2ccc(-c3ccccc3)cc2)C1=O)C1CCc2ccc(O)cc2C1,7.324395656585693,8.294149398803711,7.809272527694702
CCCN(CCN1CCN(c2cccc(Cl)c2Cl)CC1)C1CCc2ccncc2C1,7.016796588897705,8.260982513427734,7.63888955116272
CCCN(CCN1CCN(c2ccccc2OC)CC1)C1CCc2ccc(O)cc2C1,7.815720081329346,8.517810821533203,8.166765451431274
CN1CCN(c2cccc3ccccc23)CC1,7.877086639404297,6.819706439971924,7.34839653968811
N#Cc1ccc(N2CCN(CCCCOc3ccc4[nH]c(C(F)(F)F)nc4c3)CC2)cc1,7.792328834533691,7.556957721710205,7.674643278121948
CCN(CC)CC(Oc1cccc2c1CCC(NC(=O)CCCC34CC5CC(CC(C5)C3)C4)CC2)c1cccc(Cl)c1,6.577947616577148,6.9617109298706055,6.769829273223877
Oc1[nH]cc2c(F)c(OCCCCN3CCN(c4cccc5ccc(F)cc45)CC3)ccc12,8.490447998046875,8.26860237121582,8.379525184631348
O=C1NCCN1CCC1Cc1c[nH]c2ccccc12,,,
Oc1[nH]cc2ccc(OCCCCN3CCN(c4cccc5cccc(F)c45)CC3)c(F)c12,8.354814529418945,7.957778453826904,8.156296491622925
Oc1[nH]cc2ccc(OCCCCN3CCN(c4cccc5cccc(F)c45)CC3)c(F)c12,8.354814529418945,7.957778453826904,8.156296491622925
CCCN(CCN1CCN(c2ccsc2)CC1)C1CCc2ccc(O)cc2C1,7.221311092376709,9.019150733947754,8.120230913162231
CCCN(CCN1CCN(c2ccccn2)CC1)C1CCc2ccc(O)cc2C1,6.907680988311768,8.235179901123047,7.571430444717407
CN1CCN(c2cccc(CN3CCN(c4cccc(Cl)c4Cl)CC3)c2)CC1,7.014425277709961,7.418753623962402,7.216589450836182
Nc1ccc2[nH]cc(CCCN3CCN(c4cccc5cccc(Cl)c45)CC3)c2c1,7.909853458404541,6.865851402282715,7.387852430343628
CN1CCN(C2Cc3ccc(Cl)cc3Nc3ccccc32)CC1,6.777644634246826,7.160721778869629,6.9691832065582275
O=C1N(C2CCN(CCSc3ccccc3)CC2)CCN1c1cccc(Cl)c1,7.099467754364014,6.771156311035156,6.935312032699585
Oc1[nH]c2c(CNCCCCCN3CCC4(c5ccccc5)CCCC4C3)cccc2c1CCCCN1CCC2(CCC2)C1,5.669052600860596,6.785130500793457,6.227091550827026
CCCN(CCC1CCC(NCCc2ccccc2F)C1)C1CCc2c(O)cccc2C1,7.299770355224609,7.636731147766113,7.468250751495361
O=C(NCC1CC1)C1CCCN1CCN(c2cccc(C(F)(F)F)c2Cl)C1,,,
O=C1NCCN1CCN1CCC(c2cn(-c3ccc(F)cc3)c3ccc(-c4cnccc4)cc23)CC1,7.269417762756348,6.096234321594238,6.682826042175293
CCCN(CCN1CCN(c2ccccc2OC)CC1)C1CCc2ccc(O)cc2C1,7.815720081329346,8.517810821533203,8.166765451431274
COc1ccccc1N1CCN(CCCCCCNC(=O)C=Cc2ccccc2Cl)CC1,7.580660820007324,8.367341041564941,7.974000930786133
CCCN(CCN1CCN(c2ccccc2)CC1)C1CCc2ccc3[nH]cc(C#N)c3c2C1,6.828881740570068,7.51729679107666,7.173089265823364
CCCN(CCC)C1Cc2ccc(O)cc2C1,7.698046684265137,8.220232009887695,7.959139347076416
CCN1CCCC1CNC(=O)c1ccc(CCCF)cc1,6.552560806274414,7.877353191375732,7.214956998825073
Cc1ccc(N2CCN(CCCCc3c[nH]c4ccc(CCF)cc34)CC2)cc1S(=O)(=O)N(C)C,7.12174129486084,6.894554138183594,7.008147716522217
Oc1cc2c(OCCNCCC3CCC(c4ccccc4Cl)CC3)ccc(I)c2[nH]1,8.31776237487793,7.973888397216797,8.145825386047363
Cc1nccc(N2CCC3(CCN(Cc4cccc(CF)c4)C3)C2)n1,5.199324131011963,5.459559440612793,5.329441785812378
CCc1cc(O)c(Cl)cc1N1CCN(CCCCN2CCN(c3ccc(F)cc3C#CC3CC3)CC2)CC1,7.396026611328125,7.991270065307617,7.693648338317871
Fc1ccc2c(CCCNCCCOc3cccc4[nH]ccc34)c[nH]c2c1,7.804509162902832,7.686487197875977,7.745498180389404
Oc1cc(I)c2[nH]cc(CCCCN3CCN(c4ccccc4Cl)CC3)c2c1,8.544249534606934,8.267494201660156,8.405871868133545
CCN1CCCC(c2ccccc2)C2c3cccc(O)c3CCC21,6.949422836303711,7.007925510406494,6.9786741733551025
Oc1ccc2c(CCNCCCCc3cccc(I)c3)c[nH]c2c1,7.89877462387085,7.537613391876221,7.718194007873535
OC1(c2ccc(F)cc2)CC2CCC(C1)N2Cc1coc2ccccc12,7.858871936798096,8.073594093322754,7.966233015060425
Oc1[nH]cc2ccc(OCCCN3CCN(c4cccc5cccc(F)c45)CC3)cc12,8.2858247756958,7.846155166625977,8.065989971160889
CCCNc1ccccc1C(=O)NCCCN1CCCN(c2ccccc2NCCc2ccc(O)cc2)CC1,7.010664939880371,6.594914436340332,6.802789688110352
Oc1[nH]cc2cc(F)c(OCCCCN3CCN(c4cccc5cccc(Cl)c45)CC3)cc12,8.12354850769043,8.098562240600586,8.111055374145508
CCN(CCCCCN1CCN(c2ccc(-c3ccccc3)cc2)CC1)C1CCc2ccc(O)cc2C1,7.490792274475098,8.150537490844727,7.820664882659912
N#CC1Cc2ccccc2C(N3CCN(c4cccc5ccccc45)CC3)CCN1,6.318221569061279,5.9756574630737305,6.146939516067505
CC(CF)N1CCN(C2CCC(c3ccc(F)cc3)CC2)CC1,5.582443714141846,6.04745626449585,5.814949989318848
Cc1coc2c1CCN(CCCCOc1ccc3[nH]c(O)cc3c1)C2,7.913441181182861,7.5705790519714355,7.742010116577148
Oc1ccc2c(c1)OC(CNCc1ccc(Cl)cc1)CC2,8.899250030517578,7.996138572692871,8.447694301605225
CCCN(CCN1CCN(c2cccc3ccccc23)C1=O)C1CCc2ccc(O)cc2CC1,7.321372509002685,7.909746170043945,7.615559339523315
O=C1N(CCN2CCN(Cc3ccccc3OCCCF)CC2)CCN1c1cccc2nc(I)ccc12,6.856617450714111,6.845519065856934,6.8510682582855225
c1ccc(N2CCN(CCCCCN3CC4CCc5ccc(-c6ccc(OCCN6CCC(F)(F)CC6)cc5C4)CC3)CC2)nc1,,,
O=C1CCc2cc(OCCCCN3CCN(c4cccc(Cl)c4Cl)CC3)ccc2N1,8.785455703735352,8.286078453063965,8.535767078399658
N#Cc1ccc2[nH]cc(CCCCN3CCN(c4cccc5nocc45)CC3)c2c1,8.347477912902832,7.872259140014648,8.10986852645874
O=C(NC1CCN(Cc2ccc3ccccc3c2)CC1)C1CCC1,6.632053375244141,7.133788108825684,6.882920742034912
CCCN(CCN1CCN(c2ccccc2C#N)CC1)C1CCc2ccc(O)cc2C1,7.496461391448975,8.617944717407227,8.0572030544281
Cc1cccc(CN2CCN(CCCCNC(=O)c3ccc(I)cc3)CC2)c1,5.518093585968018,7.541535377502441,6.5298144817352295
CN1CCc2c(c3ccc4cn(CCCCN5CCN(c6ncncc6Cl)CC5)ccc4c3n2CCC1,,,
CN1CCN(c2cccc3c2CCCCCCN3CCc2cccc(Cl)c2)CC1,7.388713836669922,6.838719367980957,7.1137166023254395
O=C1N(CCN2CCN(c3cccc(Cl)c3Cl)CC2)CCN1c1cccc(Cl)c1,7.528343200683594,7.927173614501953,7.727758407592773
N1CCCc2cccc(OCCCN3CCN(c4ccccc4)CC3)c2C1,6.573337554931641,6.616354942321777,6.594846248626709
O=C(NC1CCc2ccc(CCN3CCN(c4nsc5ccccc45)CC3)nc21)c1ccc(F)cc1,7.481815814971924,6.665374755859375,7.073595285415649
CCCN1CN(c2cccc(Cl)c2Cl)CC1,6.661082267761231,7.277335166931152,6.969208717346191
Oc1cc2c(OCCNCc3ccccc3)ccc(F)c2[nH]1,8.782026290893555,7.85374641418457,8.317886352539062
Oc1ccc2c(OCCNCCCc3cccc(F)c3)ccc(F)c2[nH]1,,,
Oc1ccc2c(CCN3CCN(c4cccc5c4OCCCC5)CC3)c[nH]c2c1,8.890166282653809,7.027960300445557,7.959063291549683
C=C1CN2CCCCC2CCC1c1cccnc1,5.745893478393555,6.341812133789063,6.043852806091309
CCCN(CCN1CCN(c2ccc3[nH]ncc3c2)CC1)C1CCc2ccc(O)cc2C1,6.8206071853637695,8.219846725463867,7.520226955413818
Oc1[nH]c2ccc(F)cc2c1CCCCN1CCN(c2ccccc2OCCF)CC1,8.507279396057129,8.024467468261719,8.265873432159424
N#Cc1ccccc1N1CCN(CCCCCN2Cc3ccccc3CC2=O)CC1,7.241269111633301,6.764467239379883,7.002868175506592
COc1ccc(CN2CCN(CCCNC(=O)c3ccc(-c4ccccc4F)cc3)CC2)cc1OC,6.160528659820557,6.950259208679199,6.555393934249878
CCCN(CCN1CCN(c2ccc(-c3ccc(F)cc3)cc2)C1=O)C1CCc2ccc(O)cc2C1,7.36655330657959,8.29316520690918,7.829859256744385
NC1Cc2cccc3c2C1Cc1ccc(O)c(O)c1-3,6.919183254241943,7.2435712814331055,7.081377267837524
COc1ccccc1N1CCN(CCCCNC(=O)c2cc3ccccc3cn2)CC1,7.018458366394043,8.637602806091309,7.828030586242676
Oc1ccc2c(CCCNCCCOc3cccc4nc(C(F)(F)F)oc34)cccc2[nH]1,,,
Oc1cc2c(OCCNCCN3CCN(c4ccccc4Cl)CC3)ccc(F)c2[nH]1,8.581485748291016,7.664556980133057,8.123021364212036
Cc1ccc2c(N3CCN(CCc4cccc(-c5ccccc5)c4)CC3)cccc2n1,7.434859752655029,7.006354808807373,7.220607280731201
O=C(NCCN1CCN(C2CCc3ccc(OCCCCCCN4CCC(c5ccccc5)(c5ccccc5)CC4)cc3C2)CC1)c1ccc(I)cc1,7.004839897155762,6.76859712600708,6.886718511581421
Oc1[nH]cc2cc(F)c(OCCCCN3CCN(c4cccc5cccc(F)c45)CC3)cc12,8.246258735656738,7.938355445861816,8.092307090759277
O=C1CCC(CN2CCC(CCCN3CCN(c4cccc(Cl)c4Cl)CC3)CC2)CN1,6.228945255279541,7.683112144470215,6.956028699874878
COc1cccc(OCCN2CCN(c3ccccc3)CC2)c1,6.381024360656738,6.5473833084106445,6.464203834533691
COc1ccccc1N1CCN(CCCCNC(=O)c2ccc(-c3ccccc3)cc2)CC1,7.363232612609863,8.831465721130371,8.097349166870117
CCN1CCCCC1CNC(=O)c1c(Br)cccc1Br,7.268836975097656,8.062782287597656,7.665809631347656
CC1CN(CCCc2ccc3[nH]ccc3c2)CCN1C,5.503231525421143,6.089211940765381,5.796221733093262
CN1CCN(C2Cc3ccccc3Sc3ccc(C(F)(F)F)cc32)CC1,7.62349796295166,7.427108764648437,7.525303363800049
Oc1[nH]cc2cc(F)c(OCCCCN3CCN(c4cccc5cc(F)ccc45)CC3)cc12,8.385160446166992,8.238309860229492,8.311735153198242
CN1CCN(C2Cc3ccccc3Sc3ccc(CCN4CCN(c5ccc(Cl)cc5Cl)CC4)cc32)CC1,8.12435531616211,7.681920528411865,7.903137922286987
CCCN(CCN1CCN(c2cccc3ccccc23)CC1)C1CCc2ccc(O)cc2C1,7.852016448974609,8.869171142578125,8.360593795776367
Fc1ccc(OCCCNCC2COc3ccccc3O2)cc1,8.064857482910156,8.104711532592773,8.084784507751465
Oc1ccc2c(c1)OCCN1CCN(c3ccccn3)CC21,6.330029487609863,6.241250991821289,6.285640239715576
COc1ccccc1N1CCN(CCNCC2CCc3ccc(C=CCCN(CCCCCN(CCCCCCCCCCNCC(=O)c4ccc(Cl)c(Cl)c4)CC2)OC)CC1,,,
Cc1cc(-c2ccc3c(c2)CCN(CCCSc2nnc(-c4ccc(F)cc4)n2C)CC3)no1,6.406249523162842,8.803720474243164,7.604984998703003
Oc1c(I)cc(I)c2c3CCCNCC3CCC2)c1I,,,
O=C1CCc2ccc(OCCCCN3CCN(c4cccc(Cl)c4Cl)CC3)nc2N1,8.820858001708984,7.946710586547852,8.383784294128418
CCCN(CCN1CCN(c2cccc(Cl)c2Cl)CC1)C1CCc2ccc(O)cc2C1,7.754941463470459,8.884286880493164,8.319614171981812
COc1ccccc1N1CCN(CCc2ccc3nn[nH]c3c2)CC1,8.160194396972656,6.45262622833252,7.306410312652588
Cc1cc2c(-c3ccc(NC(=O)Nc4ccccc4)cc3)cccc2[nH]1,6.679795265197754,5.712832927703857,6.196314096450806
N#Cc1ccccc1CN1CCC(CCCN2C3CCC2(CC(c2ccccc2)C3)CC1,,,
Oc1[nH]cc2ccc(OCCCCN3CCN(c4cccc5ccc(F)cc45)CC3)cc12,8.426007270812988,8.227441787719727,8.326724529266357
Fc1ccc2[nH]cc(CCCN3CCN(c4cccc5ccccc45)CC3)c2c1,8.034826278686523,6.922292709350586,7.478559494018555
Oc1ccc2c(c1)OC(CNCCCc1c[nH]c3ccc(F)cc13)CC2,9.331740379333496,7.971244812011719,8.651492595672607
N#Cc1ccc2[nH]cc(CCCCN3CCN(c4ccc5oc(C(N)=O)cc5c4)CC3)c2c1,7.100305557250977,7.288533210754394,7.1944193840026855
Fc1ccc(OC2CCN(CC3CCc4ccccc4O3)CC2)cc1,8.724874496459961,7.36884069442749,8.046857595443726
NCCN1CCc2cccc3c2CCc2ccccc2C1,,,
O=C1Cc2ccccc2N1CCCN1CCN(c2cccc(Cl)c2Cl,,,
Cc1csc2c1CN(Cc1ccc(OCCCN3CCN(c4ccccc4OCCF)CC3)cc1)CC2,7.012289047241211,7.258713245391846,7.135501146316528
N#Cc1ccc2[nH]cc(CCCCN3CCN(c4ccc5[nH]c(C(N)=O)cc5c4)CC3)c2c1,7.32735538482666,7.564929962158203,7.446142673492432
CC1CN(CCCCN2CCN(c3cccc(Cl)c3Cl)CC2)CCN1,6.525551795959473,7.300660610198975,6.913106203079224
c1ccc(CC2CN(C3CCc4cccc(OCCN5CCOCC5)c4C3)CC2)cc1,6.636374473571777,6.562829494476318,6.599601984024048
O=C(CCCN1CC=C(n2c(O)nc3ccccc32)CC1)c1ccc(F)cc1Cl,8.054561614990234,7.63785457611084,7.846208095550537
N#Cc1cccc(N2CCN(CCCCNC(=O)c3ccc4ccccc4c3)CC2)c1,6.901213645935059,8.592010498046875,7.746612071990967
Oc1nc2ccc(Cl)cc2c2[nH]c(C3CCCN3)cc12,6.561249256134033,5.596124649047852,6.078686952590942
CCCN(CCC1Cc2ccc(OCCCN3CCN(c4cccc(Cl)c4Cl)CC3)cc2OC)CC1)C1CCc2c(O)cccc2C1,,,
O=C(NCCCCN1CCN(c2cccc(Cl)c2Cl)CC1)c1ccc(-c2ccccc2)cc1,7.198726177215576,8.894172668457031,8.046449422836304
c1ccc(CN2CCN(CCCCOc3ccc4cccnc4c3)CC2)cc1,6.231454849243164,7.375882625579834,6.803668737411499
Fc1ccc(OCCCN2CCN(c3ccccc3)CC2)cc1-c1nc2ccccc2n1CC1CCCCC1,6.40622091293335,7.228612899780273,6.8174169063568115
Cc1cc(O)cc(CCN2CCN(c3ccccc3OCCCF)CC2)c1,8.218449592590332,7.53874397277832,7.878596782684326
O=C(NCCCCN1CCN(c2nsc3ccccc23)CC1)c1ccc(F)c(Cl)c1,7.626815319061279,8.752555847167969,8.189685583114624
COc1ccc2[nH]cc(CN3CCN(c4cccc(C#N)c4)CC3)c2c1,6.471426963806152,5.6498122215271,6.060619592666626
CCCN(CCN1CCN(c2ccccc2F)CC1)C1CCc2ccc(O)cc2C1,7.555845260620117,8.452811241149902,8.00432825088501
CCCN(CCC)C1COc2c(cccc2-c2ccc(O)cc2)C1,7.602549076080322,7.925257682800293,7.763903379440308
Cc1ccc2c(N3CCN(CCc4cccc(N5CCN(C)CC5)c4)CC3)cccc2n1,7.352627754211426,6.943963527679443,7.148295640945435
O=C1N(CCN2CCN(c3cccc(Cl)c3Cl)CC2)CCN1c1cccc(Cl)c1,7.528343200683594,7.927173614501953,7.727758407592773
NCCCNC(=O)c1cccc(-c2ccc3[nH]cc(CCCN4CCC3CC4)c3c2)c1,,,
O=C(c1ccncc1)C1C2CCCC(CC1)C2,5.928354263305664,6.91331958770752,6.420836925506592
Oc1cc[nH]c1N1CCN(CCCCCCN2CCN(c3cccc(Cl)c3Cl)CC2)CC1,8.143993377685547,8.201456069946289,8.172724723815918
Oc1ccc(CN2CCN(C24c3ccccc3CCC2)CC2CCC2)cc1,,,
CN1CCc2ccccc2Cc2cc(O)ccc2CC1,7.661470413208008,7.070633888244629,7.366052150726318
COc1ccc(OC(CCN2CCN(c3cccc(Cl)c3Cl)CC2)C2CCc3ccc(O)cc3C2)nc1,7.55576229095459,8.068325996398926,7.812044143676758
Oc1[nH]cc2[nH]cc(CCCCN3CCN(c4cccc5ccccc45)CC3)c12,8.206974029541016,8.193004608154297,8.199989318847656
CN1CCCC(c2c[nH]c3ccc(NC(=O)CCCCCCCCCCCN4CCC(c5ccc(F)cc5)(c5ccc(F)cc5)CC4)cc23)CC1,6.379714488983154,6.153171539306641,6.2664430141448975
O=C1N(CCN2CCC(CCCN3CCN(c4ccccc4)CC3)CC2)CCN1c1c(I)cccc1Cl,7.101538181304932,7.227710723876953,7.164624452590942
Nc1ncccc1C(=O)NCCCCN1CCN(c2nsc3ccccc23)CC1,7.79463005065918,8.010807037353516,7.902718544006348
Cc1ccc2c(N3CCN(CCc4cccc(N5CCCC5=O)c4)CC3)cccc2n1,7.509244441986084,7.040963172912598,7.275103807449341
O=C1N(CCN2CCOCC2)CCN1c1cccc(Cl)c1,6.995851993560791,7.249622821807861,7.122737407684326
NCCN1CC2c3ccccc3Cc3ccccc3CC2C1,6.728995323181152,6.437114715576172,6.583055019378662
Oc1cc2cc(N3CCN(CCCNc4cccc(-n5ccc(-c6ccccn6)c(Cl)c4)CC3)ccc2[nH]1,,,
NCC1Cc2cccc(Cl)c2CC1,6.373359203338623,6.783549785614014,6.578454494476318
O=C(NCCCCN1CCN(c2cccc(Cl)c2Cl)CC1)c1cc2ccccc2cc1I,7.344889163970947,8.745527267456055,8.045208215713501
O=C(NCCCCN1CCN(c2cccc(Cl)c2Cl)CC1)c1ccccn1,7.506690502166748,8.780072212219238,8.143381357192993
Cc1ccn2c(CCN3CCN(c4cccc(Cl)c4Cl)CC3)cnc2c1,6.474161148071289,6.390570163726807,6.432365655899048
Oc1[nH]cc2cc(F)c(OCCCN3CCN(c4cccc5cccc(F)c45)CC3)c3ccc(F)cc3)cc12,,,
Cc1nc(-c2ccccc2)c(C(=O)NC2CCN(Cc3ccc(Cl)cc3)CC2)s1,6.531962871551514,6.246332168579102,6.389147520065308
Oc1[nH]cc2cc(F)c(OCCCN3CCN(c4cccc5cccc(Cl)c45)CC3)c(F)c12,7.588959693908691,7.648056030273437,7.6185078620910645
CCN1CCCC1CNC(=O)c1cc(Br)ccc1OCCCN1CCOCC1,5.910252571105957,7.835442066192627,6.872847318649292
Cc1ccc2c(CCNCCCN3c4ccccc4-c4cccc(Cl)c4CC3)c[nH]c2c1,6.560576438903809,6.345472812652588,6.453024625778198
CCN1CCN(CCCC2CCc3ccc(OS(=O)(=O)N(C)C)cc3CC2)CC1,5.439777851104736,6.82816219329834,6.133970022201538
C1=C(c2ccc3c(c2)CCN(CCCSc2ncc3ccccc3n2)CC1,,,
CCCN(CCN1CCN(c2ccc(-c3cccc(F)c3)cc2)CC1)C1CCc2ccc(O)cc2C1,7.185995578765869,8.409770965576172,7.7978832721710205
CCCN(CCN1CCN(c2cccc3c2CCCO3)C1=O)C1CCc2ccc(O)cc2CC1,7.558741569519043,7.604135513305664,7.5814385414123535
CCCN(CCN1CCN(c2cccc(Cl)c2Cl)CC1)C1CCc2ccc(O)cc2C1,7.754941463470459,8.884286880493164,8.319614171981812
CCN(CCCCCCN1CCN(c2cccc3cc(O)ccc23)CC1)C1CCc2ccc(O)cc2C1,8.261639595031738,9.000687599182129,8.631163597106934
O=C1N(CCN2CC3CCc4cccc(I)c4C3C2)CCN1c1cccc(Cl)c1,7.941369533538818,7.731231689453125,7.836300611495972
O=C(NCCCCN1CCN(c2cccc(Cl)c2Cl)CC1)c1cccc2[nH]ccc12,7.844743251800537,8.826313018798828,8.335528135299683
Oc1ccc2c(c1)CCC2CCN1CC=C(c2c[nH]c3ccccc23)CC1,8.090664863586426,7.765344619750977,7.928004741668701
CCCN(CCCOc1cccc2c1CCCC2)CC1CCc2c(O)cccc2C1,7.028513908386231,8.176727294921875,7.602620601654053
COc1ccccc1N1CCN(CCCCNC(=O)CC2CCCc3ccccc3C2)CC1,7.604245662689209,7.947362899780273,7.775804281234741
N#Cc1ccc2[nH]cc(CCCCN3CCN(c4ccc5[nH]ncc5c4)CC3)c2c1,7.354238033294678,7.4098968505859375,7.382067441940308
Oc1[nH]cc2ccc(OCCCN3CCN(c4cccc5cccc(F)c45)CC3)cc12,8.2858247756958,7.846155166625977,8.065989971160889
Oc1[nH]c2ccc(F)cc2c1CCCCN1CC=C(c2cccc3ccccc23)CC1,7.948857307434082,8.29305362701416,8.120955467224121
CCNc1ccc(C(=O)NCCCCN2CCN(c3cccc(Cl)c3Cl)CC2)cc1,7.755738735198975,8.665294647216797,8.210516691207886
NCCN1CCc2ccccc2CCc2ccccc2CC1,6.253843784332275,6.751819610595703,6.502831697463989
)c1ccc2c(c1)OCCN2CCCN1CCN(c2cccc3ccccc23)CC1,,,
CCCN(CCCCCCCN1CCN(c2cccc(Cl)c2Cl)CC1)C1CCc2cnc(O)cc2C1,7.851280212402344,8.289148330688477,8.07021427154541
CCN1CCCC1CNCc1cccc(OC)c1,4.86100959777832,7.147987365722656,6.004498481750488
NCCN1CCc2cc(OCCCCF)ccc2CCC1,6.074282169342041,6.328665733337402,6.201473951339722
N#Cc1ccc2[nH]c(CN3CCN(c4ccc(Br)cc4)CC3)cc2c1,5.686367988586426,5.3341264724731445,5.510247230529785
CN1CCCC(c2c[nH]c3ccc(OS(=O)(=O)c4ccccc4Cl)cc23)CC1,6.293906211853027,6.131483554840088,6.212694883346558
O=C(NC1CCc2cc(CCN3CCN(c4nsc5ccccc45)CC3)ccc21)C(F)(F)F,7.844631671905518,6.901797771453857,7.3732147216796875
O=C1N(CCN2C3CCC2CCC3)CCN1c1cccc2ccccc12,6.88430118560791,7.524555206298828,7.204428195953369
CCCN(C1CC1)C1Cc2ccc(O)cc2C1,7.087592124938965,9.233379364013672,8.160485744476318
NCCCN1c2ccccc2CCc2ccc(C(F)(F)F)cc21,6.321250915527344,5.771657943725586,6.046454429626465
CCCN(CCN1CCN(c2ccccc2)CC1)C1CCc2c(O)cccc2C1,7.368458271026611,8.235482215881348,7.8019702434539795
O=C1N(C2CCN(CCCCCCN3CCN(c4cccc5nc(-c6ccccc6)ccc45)CC3)CC2)CCN1c1ccccc1,7.356620311737059,6.872718334197998,7.114669322967528
N#Cc1cc2c(N3CCN(CCCc4ccccc4)CC3)nc(CCCCNC(=O)NCCCc3c[nH]c4ccc(F)cc34)cc2[nH]1,7.758326053619385,7.638852119445801,7.698589086532593
CN1CCCCC1CNCc1cccc(OCCF)c1I,6.335517883300781,7.122452735900879,6.72898530960083
CN1CCN(C2Cn3cccc3Sc3ccc(Cl)cc32)CC1,8.645715713500977,8.372458457946777,8.509087085723877
Oc1[nH]cc2cc(F)c(OCCCCN3CCN(c4cccc5ccccc45)CC3)cc12,8.182527542114258,8.29554557800293,8.239036560058594
Oc1ccc(CN2CCN(Cc3ccc4c(c3)CNC4)CC2)c2ccc(F)cc21,6.480466365814209,6.628434181213379,6.554450273513794
COc1cccc(CN2CCN(CCCN=C3CCC(c4ccccc4)(c4ccccc4)N3)CC2)c1,5.830965995788574,6.300604343414307,6.06578516960144
c1ccc2c(CCN=C3CC(c4ccccn4)CCN3CCCc3ccc4[nH]cnc4c3)cccc2c1,6.453127384185791,6.552861213684082,6.5029942989349365
Oc1[nH]cc2ccc(OCCCN3CCN(c4cccc5c4CCCC5)CC3)cc12,8.662345886230469,7.776519298553467,8.219432592391968
CCN1CCN(c2ccc(F)c(O)c2)CC1,6.935309410095215,6.589313983917236,6.762311697006226
Oc1[nH]cc2ccc(OCCCCN3CCN(c4cccc5cccc(F)c45)CC3)cc12,8.384243965148926,8.055950164794922,8.220097064971924
O=C(NCCCCN1CCN(c2cccc(Cl)c2Cl)CC1)c1ccc2cc3ccccc3cc2c1,6.81816291809082,8.852893829345703,7.835528373718262
O=C1CCc2ccc(OCCCCN3CCN(c4cccc(Cl)c4Cl)CC3)nc2N1,8.820858001708984,7.946710586547852,8.383784294128418
O=C1N(CCN2CCC3c4ccccc4CCC3C2)CCN1c1cccc(Cl)c1,7.220231533050537,7.0364089012146,7.128320217132568
CCN1CCN(c2cccc(C(=O)NCC3CCC(NC(=O)c4cccc(F)c4)CC3)c2)CC1,6.8627119064331055,7.9203901290893555,7.3915510177612305
N#Cc1ccc2[nH]cc(CCCCN3CCN(c4ccc(C(N)=O)cc4)CC3)c2c1,7.138099670410156,7.488924980163574,7.313512325286865
CCCN(CCN1CCN(c2ccccc2OC)CC1)C1CCc2cc(O)ccc2C1,7.682731628417969,8.472168922424316,8.077450275421143
CN1CC(N2CCN(c3ccccc3OCCc3ccccc3)CC2)C1=O,7.091684341430664,6.512843608856201,6.802263975143433
c1cc(N2CCN(CCCCCOCC3CCC(Cc4ccccc4)CC3)CC2)ccc1-n1cnc2ccccc21,6.600490093231201,7.1587347984313965,6.879612445831299
CCCN(CCN1CCN(c2csc3ccc(Cl)cc23)CC1)C1CCc2c[nH]c3ccc(O)cc23,,,
Oc1[nH]cc2ccc(OCCCCN3CCN(c4ccccc4)CC3)cc12,7.853485584259033,7.828465461730957,7.840975522994995
Oc1ccc2[nH]cc(CCCN3CCN(c4cccc5ccccc45)CC3)c2c1,8.515907287597656,7.4256272315979,7.970767259597778
N#Cc1ccccc1N1CCN(CCCCN2CCN(c3cccc(Cl)c3Cl)CC2)CC1,7.992013931274414,8.245403289794922,8.118708610534668
COc1ccccc1N1CCN(CCCCNC(=O)c2ccc3ccccc3c2)CC1,7.298825263977051,8.823209762573242,8.061017513275146
Cc1ccc2c(OCCN3CCC(Cc4cccc(-c5ccnc(C)c5)c4)CC3)cccc2n1,6.561394214630127,6.954212665557861,6.757803440093994
Nc1ccc(CCN(CCN2CCN(c3ccccc3)CC2)CC2c3ccccc3C(=O)N2)cc1,6.595147609710693,6.543192863464356,6.569170236587524
CCCN(CCN1CCN(c2ccc(-c3ccccc3)cc2)CC1)C1CCc2ccc(O)cc2C1,7.323070049285889,8.556982040405273,7.940026044845581
N#Cc1cccc2[nH]c(O)c(CC3CCN(CCc4ccccc4)CC3)c12,6.606099605560303,6.941783905029297,6.7739417552948
NCCCN1c2ccccc2Cc2ccccc21,4.94877815246582,6.124191761016846,5.536484956741333
CCN1CCCC1CNC(=O)c1cc(SCCCF)ccc1OC,6.7946648597717285,7.853830814361572,7.32424783706665
COc1ccccc1N1CCN(CCCCNC(=O)c2ccc3ccccc3c2)CC1,7.298825263977051,8.823209762573242,8.061017513275146
CCCN(CCN1CCN(c2ccccc2)CC1)C1CCc2ccc(O)cc2C1,7.061977386474609,8.358572006225586,7.710274696350098
Oc1cc2c(OCCNCCN3CCc4cccc(Cl)c4CC3)ccc(F)c2[nH]1,8.489297866821289,7.813124179840088,8.151211023330688
O=C1N(CCN2CCC(N3CCN(c4ccccc4OCCF)CC3)CC2)CN1c1cccc2ccccc12,6.402442932128906,5.844306468963623,6.123374700546265
CN1CCN(c2cccc3c2CCc2ccccc2C3)CC1,7.438416481018066,7.359471797943115,7.398944139480591
CCCN(CCN1CCN(c2ccccc2O)CC1)C1CCc2ccc(O)cc2C1,7.675475597381592,9.087706565856934,8.381591081619263
CCN(CCCN1CCN(c2cccc(Cl)c2Cl)CC1)C1Cc2ccc(O)cc2C1,7.463468551635742,7.894800186157227,7.679134368896484
O=C(NCCCCN1CCN(c2cccc(Cl)c2Cl)CC1)c1cc2ccccc2cn1,6.880761623382568,9.034953117370604,7.957857370376586
CN1CCN(CCN2CCN(c3cccc(C(F)(F)F)c3)CC2)CC1,6.5209059715271,7.183520317077637,6.852213144302368
O=C1N(CCN2CCC(c3c[nH]c4ccccc34)CC2)CCN1c1ccccc1,7.495566368103027,6.17540454864502,6.835485458374023
CN1CCN(C2Cn3cccc3Sc3ccc(F)cc32)CC1,8.455343246459961,8.19658088684082,8.32596206665039
CCN(CCN(CCCN1CCN(c2cccc(Cl)c2Cl)CC1)c1ccccc1)CC1Cc2ccc(O)cc2CN1,7.040927886962891,6.985165596008301,7.013046741485596
O(CCN1C2CCC1CC(OCC1CCCCC1)C2)(c1ccccc1)c1ccccc1,,,
CCCN(CCN1CCN(c2cccc3ccccc23)CC1)C1CCc2ccc(O)cc2C1,7.852016448974609,8.869157791137695,8.360587120056152
COc1ccccc1N1CCN(CCC=CCN2C(=O)CCc3ccccc32)CC1,7.459792137145996,6.860676765441895,7.160234451293945
COc1ccccc1N1CCN(CCCCCNC(=O)c2ccccc2Cc2ccccc2)CC1,7.16613245010376,7.136263847351074,7.151198148727417
Oc1[nH]cc2cc(F)c(OCCCN3CCN(c4cccc5cc(F)ccc45)CC3)cc12,8.232381820678711,7.963079452514648,8.09773063659668
CN1CCc2cccc3c2Cc2ccccc2C1Cc1cccc(OC(=O)NCC2CCC2)c1-3,6.053941249847412,6.288321018218994,6.171131134033203
CCN(CCCCCN1CCN(c2cccc(Cl)c2Cl)CC1)C1CCc2ccc(C(F)(F)F)cc2C1,7.657998085021973,7.484597682952881,7.571297883987427
Clc1ccc(N2CCN(CCC3CCC(Nc4ncccc4CN4CCCC4)CC3)CC2)cc1Cl,6.818283557891846,7.3710126876831055,7.094648122787476
CN1CCN(C2Cn3cccc3Sc3ccc(Cl)cc32)CC1,8.645715713500977,8.372458457946777,8.509087085723877
CN1CCN(c2cccc3c2CCCC3)CC1,7.924788475036621,6.758324146270752,7.3415563106536865
CCCN(CCN1CCN(c2ccccn2)CC1)C1CCc2ccc(O)cc2C1,6.907680988311768,8.235179901123047,7.571430444717407
CCN1CCCC1CNC(=O)c1c(O)cccc1OCCCF,6.8305768966674805,8.135639190673828,7.483108043670654
OCCN1CCN(C2CCC(c3ccc(F)cc3)(c3ccc(F)cc3)CC2)CC1,6.74246072769165,6.492196083068848,6.617328405380249
Cc1cc2c(C(F)(F)F)ccc(O)c2[nH]1,8.015893936157227,5.331362724304199,6.673628330230713
CCCN(CCC1CCC(NS(=O)(=O)c2ccc3ccccc3c2)CC1)C1CCc2nc(N)sc2C1,7.288398742675781,8.892574310302734,8.090486526489258
CN1CCCC(c2ccccc2)C2c3cc(O)c(O)cc3CCC21,6.177592277526856,7.279966354370117,6.728779315948486
CCCN(CCN1CCN(c2cccc3[nH]ccc23)CC1)C1CCc2ccc(O)cc2C1,7.947385787963867,8.743558883666992,8.34547233581543
O=C1N(CCN2CCC(COc3cccc4[nH]c(CCF)cc34)CC2)CCN1c1ccccc1,7.79848051071167,7.144865989685059,7.471673250198364
Oc1ccc2[nH]cc(CCN3CCN(c4cccc5ccc(Cl)cc45)CC3)c2c1,8.512556076049805,6.941697597503662,7.727126836776733
N#Cc1ccc2[nH]cc(CCCCN3CCN(c4ccc5[nH]ccc5c4)CC3)c2c1,7.777983665466309,7.459677696228027,7.618830680847168
O=C1N(CCN2CCN(C3CCCC(c4n[nH]c5ccc(F)cc45)CC3)CC2)CCN1C1CCC1,6.994362831115723,6.868903160095215,6.931632995605469
N#Cc1cccc(CN2CCN(CCCCNC(=O)c3ccc(CCCF)cc3)CC2)c1,5.922679901123047,7.983730316162109,6.953205108642578
CN1CCc2cccc3[nH]c(O)c(CCNCC(c4ccccc4)c4ccccc4)c23,,,
NCCN1CCc2cccc3c2C1Cc1ccc(O)c(O)c1-3,7.370086669921875,8.127208709716797,7.748647689819336
CN1CCN(C2Cc3ccccc3Sc3ccc(F)cc32)CC1,9.00782871246338,8.473591804504395,8.740710258483887
c1ccc(CN2CCC(N3CCN(c4cccc5c4OCCCO5)CC3)CC2)cc1,6.551331520080566,5.299464702606201,5.925398111343384
COc1cc(N2CCN(CCCCNC(=O)c3ccc(Cl)cc3)CC2)ccc1NC(=O)NCCCN1CCC(C#N)(c2ccc(F)cc2)CC1,6.645048141479492,6.899476528167725,6.772262334823608
C[SH](=O)(O)N=C1CCC(CCN2CCN(c3cc(C(=O)NCCCNCC3CC3)CC2)CC1,,,
COc1ccccc1N1CCN(CCNCC=C2Cc3ccccc3CC2)CC1,7.416974067687988,7.341558933258057,7.3792665004730225
CCN(CC)C(=O)NC1Cc2c(cc3c[nH]c4c3c2C=CC4)N(C)C1,8.286233901977539,9.047707557678224,8.66697072982788
CCCN1CCCC2Cc3n[nH]cc3CC21,7.44373893737793,7.752799034118652,7.598268985748291
O=C1c2ccccc2CCN1CCC1CCC(c2ccccc2)CC1,6.674704551696777,7.314701557159424,6.994703054428101
O=C1N(CCN2CCc3ccccc3C2)CCN1c1cccc(Cl)c1,6.83345365524292,7.647637367248535,7.2405455112457275
CN1CCCN(C2Cn3cccc3Sc3ccc(F)cc32)CC1,7.902186393737793,7.6273908615112305,7.764788627624512
CCCN1CCCC1CNC(=O)c1c(O)cccc1I,6.616883277893066,8.58476448059082,7.600823879241943
N#Cc1ccccc1N1CCN(CCNC(=O)c2cccc3ccccc23)CC1,7.013311386108398,6.71854305267334,6.865927219390869
O=C2c1cccc(CCCN2CCN(c3cccc(Cl)c3Cl)CC2)c1,,,
O1(c2ccc(F)cc2F)CCN(CCCc2cccc(I)c2)CC1,,,
Oc1[nH]cc2cc(F)c(OCCCN3CCN(c4cccc(Cl)c4Cl)CC3)cc12,7.797100067138672,8.248220443725586,8.022660255432129
Oc1ccc2c(c1)OC(CNCCCCN1CCN(c3cccc(Cl)c3Cl)CC1)CC2,9.360036849975586,9.152505874633787,9.256271362304688
NCCCCCCN1c2ccccc2CCc2ccccc21,6.27703857421875,6.528152942657471,6.40259575843811
NC(=O)C1C2Cc3ccc(O)cc3C1(CCN2CC1CC1)CCc2ccccc2C1,,,
N#Cc1ccc2[nH]c(C3CCN(CCCCCCCCSc4ccc(OCCN5CCN(c6ccc(F)cc6)CC5)cc4)CC3)nc2c1,7.724200248718262,7.038336753845215,7.381268501281738
c1ccc(CC2CCN(CCCCN3CCN(c4ccccc4)CC3)CC2)cc1,6.375938415527344,6.918989181518555,6.647463798522949
O=C1c2ccccc2CCCN1CCN1CCN(c2cccc3ccccc23)CC1,7.43242073059082,7.165606498718262,7.299013614654541
c1ccc2[nH]cc(CCCN3CCN(c4cccc5c4OCCC5)CC3)c2c1,8.40510368347168,7.0081939697265625,7.706648826599121
Oc1[nH]cc2ccc(OCCN3CCN(c4cccc5ccccc45)CC3)cc12,8.43844985961914,7.355629920959473,7.897039890289307
CN1CCN(C2Cc3ccccc3Sc3ccc(Cl)cc32)CC1,9.140546798706056,8.702610969543457,8.921578884124756
Oc1[nH]cc2cc(F)c(OCCCN3CCN(c4cccc5cc(F)ccc45)CC3)cc12,8.232381820678711,7.963079452514648,8.09773063659668
O=C1N(CCN2CCC(CCc3ccc(F)cc3)CC2)CCN1c1cccc(Cl)c1,7.978104114532471,7.621489524841309,7.79979681968689
Oc1c2c(OCCNCCCF)ccc(OCCOc3ccc(Br)cc3Cl)c2[nH]1,,,
Oc1ccc(N2CCN(CCCCc3c[nH]c4ccccc34)CC2)cc1,7.399206161499023,7.66268253326416,7.530944347381592
CCCN(CCN1CCN(c2ccccc2)CC1)C1CCc2ccc(O)cc2C1,7.061977386474609,8.358572006225586,7.710274696350098
FC(F)(F)c1ccccc1OCCCN1CCN(c2ccccc2Cl)CC1,6.725964546203613,7.040249347686768,6.88310694694519
Oc1[nH]cc2ccc(OCCCN3CCN(c4cccc5cccc(F)c45)CC3)cc12,8.2858247756958,7.846155166625977,8.065989971160889
Cc1ccc2c(N3CCN(CCc4cccc(C(F)(F)F)c4)CC3)cccc2n1,7.367771148681641,6.308936595916748,6.838353872299194
N#Cc1ccc2c(n1)CCN1CCN(c3cccc4[nH]c(-c5cccnc5)nc34)CC1)CC2,,,
Oc1ccc2c(c1)OC(CNCCCN1CCN(c3cccc(Cl)c3Cl)CC1)CC2,9.147972106933594,8.325576782226562,8.736774444580078
OC1(CN2CCN(c3cccc4ccccc34)CC2)CCCC1,5.722774028778076,6.835838317871094,6.279306173324585
CCCN(CCN1CCN(c2ccc(-c3ccccc3)cc2)C1=O)C1CCc2c(F)cccc2C1,7.1154375076293945,7.974735736846924,7.545086622238159
Oc1ccc2c(N3CCN(CCCCc4ccccc4)CC3)cc(OCCNCCOc3cccc4ccccc34)cc2[nH]1,,,
CN1CCN(C2=Cc3ccccc3Cc3cnc(F)cc32)CC1,7.264347076416016,7.0440826416015625,7.154214859008789
Oc1ccc2c(c1)OC(CNCC1CC1)CC2c1ccc2ccccc2c1,6.562512874603272,7.801280975341797,7.181896924972534
Oc1ccc2[nH]cc(CCCCN3CCN(c4cccc5ccccc45)CC3)c2c1,8.49316692352295,8.180514335632324,8.336840629577637
CCCN(CCCCCNC1CCc2cccc(O)c2C1)C1CCc2c(O)cccc2C1,7.847335815429687,8.777945518493652,8.31264066696167
O=C(NCCN1CC=C(c2ccccc2)CC1)c1ccc(-c2ccccn2)cc1,6.478405475616455,8.01050853729248,7.244457006454468
CCCN(CCN1CCN(Cc2ccc(-c3ccccc3)cc2)CC1)C1CCc2ccc(O)cc2C1,6.936098098754883,8.373495101928711,7.654796600341797
O=C1N(CCN2CCN(c3cccc(Cl)c3Cl)CC2)CCN1c1ccccc1,7.452239990234375,7.511731624603271,7.481985807418823
CN1CCc2cc(O)cc3c2C1Cc1ccc(O)c(O)c1-3,7.708842277526855,8.355057716369629,8.031949996948242
CN1CCc2cccc3c2C1Cc1cccc(O)c1-3,6.989553451538086,7.396730422973633,7.193141937255859
O=C(NCCN1CCN(C2CCc3ccc(OCCF)cc32)CC1)c1cc2ccccc2n1-c1cccc(OC(F)(F)F)c1,6.76908016204834,6.604567527770996,6.686823844909668
CCN1CCN(c2cccc3ccc(OCCCN4CCN(c5ccccc5OC)CC4)cc23)CC1,7.950800895690918,7.923001766204834,7.936901330947876
NCCCc1c[nH]c2ccc(OCCCCN3CCN(c4cccc(Cl)c4Cl)CC3)cc12,7.817718505859375,8.429169654846191,8.123444080352783
N#Cc1ccc2[nH]c(CN3CC4CC(C3)c3ccc(I)cc3)c3c2c1,,,
Clc1ccc(N2CCN(CCCCCc3cc4ccccc4[nH]3)CC2)cc1Cl,7.144498825073242,7.273217678070068,7.208858251571655
O=C1CC2(CN3CCC2(c2ccc(Cl)c(Cl)c2)CC3)CN1CC1CC1,7.051015853881836,7.563665390014648,7.307340621948242
CN1CCc2ccccc2C(c2ccc(CCN3CCN(c4cccc5nc(Cl)ccc45)CC3)cc2)C1,7.191407680511475,6.743160724639893,6.967284202575684
CC1Nc2c(Br)ccc(Cl)c2C(=O)N1CCC1,,,
CCCN(CCN1CCN(c2cccc3ccccc23)CC1)C1CCc2ccc(O)cc2C1,7.852016448974609,8.869171142578125,8.360593795776367
Cc1ccc2c(N3CCN(CCCCc4cccc(-c5cccc(F)c5)c4)CC3)cccc2n1,7.55255126953125,7.507443428039551,7.5299973487854
NCCCN1c2ccccc2CCc2ccccc21,5.733658790588379,6.47965669631958,6.1066577434539795
O=C(NCCCCN1CCN(c2cccc(Cl)c2Cl)CC1)c1cccc2c1-c1ccccc1C2,6.840058326721191,8.24310302734375,7.541580677032471
Clc1cc(NCCNCCN2CCN(c3ccccc3Cl)CC2)nc(-c2ccccc2)n1,7.070507526397705,6.175271987915039,6.622889757156372
CCCN(CCN1CCN(c2ccccc2OC)CC1)C1CCc2c(O)cccc2C1,8.0911283493042,8.516033172607422,8.30358076095581
CCN1CCCC1CNCc1cccc(C)c1OCCCOc1cccc2ccc(C)nc12,6.46397876739502,7.166060447692871,6.815019607543945
CCCN1CCC(COc2noc3ccc(OCCC(=O)NC4CCN(Cc5ccccc5)CC4)cc23)CC1,6.019332885742188,6.5488104820251465,6.284071683883667
Cc1c(F)ccc2c1CCNCC21CN(CC(F)C1CCC1)C1CCC(O)CC1,,,
CCCN(CCC1CCC(NC(=O)c2ccc3ccccc3c2)CC1)C1CCc2nc(N)sc2C1,6.920759677886963,8.741766929626465,7.831263303756714
COc1ccccc1N1CCN(CCCCNC(=O)c2ccccc2I)CC1,7.859369277954102,8.374762535095215,8.117065906524658
Oc1[nH]cc2c(CCCN3CCN(c4cccc5ccccc45)CC3)cccc12,8.095114707946777,7.170376777648926,7.632745742797852
Oc1ccc2c(CCCCN3CCN(c4cccc(Cl)c4Cl)CC3)ccnc2[nH]1,,,
CCN(CCN1CCN(c2cccc(Cl)c2Cl)CC1)C1CCc2ccc(O)cc2C1,7.871322154998779,8.539101600646973,8.205211877822876
CCCN(CCN1CCN(c2cccc3ncccc23)CC1)C1CCc2ccc(O)cc2C1,7.628834247589111,8.938796997070312,8.283815622329712
CCCNc1cccc(CN2CCC(c3ccc(OC)cc3)CC2)n1,6.667621612548828,5.870638370513916,6.269129991531372
CN1CCN(C2Cc3ccccc3Sc3ccc(-c4ncn(C)n4)cc32)CC1,8.213467597961426,7.33808708190918,7.775777339935303
Oc1ccc2[nH]cc(CCCCN3CC=C(c4ccc5cc(F)ccc5c4)CC3)c2c1,8.42694091796875,8.332859992980957,8.379900455474854
Oc1[nH]c2ccc(I)cc2c1CC1CCC2CCC(CN2CCCCC2)C1,,,
Oc1cc2c(OCCNCc3cccc(I)c3)ccc(I)c2[nH]1,9.492273330688477,8.302993774414062,8.89763355255127
Oc1cccc2c1NCCCC2CNC1CCC(c2ccccc2)CC1,6.575415134429932,6.997893810272217,6.786654472351074
CCc1cc(N2CCC(N3CCN(c4cccc(Cl)c4Cl)CC3)CC2)cc(C(=O)NCCN(CC)CC4CC4)c1,6.783169746398926,7.431458473205566,7.107314109802246
CN1CCCCC1CN1CCN(c2cccc3c2CCCO3)C1=O,7.5702314376831055,7.150936126708984,7.360583782196045
Oc1c2ccccc2N1CCCCN1CCN(c2cccc3ccccc23)CC1,,,
Oc1[nH]cc2ccc(OCCCN3CCN(c4cccc5cccc(F)c45)CC3)c(F)c12,8.132925987243652,7.728168487548828,7.93054723739624
CCCN(CCN1CCN(c2cccc(Cl)c2Cl)CC1)C1CCc2c(O)cccc2C1,7.985079765319824,8.79438304901123,8.389731407165527
CCCN(CCN1CCN(c2cccc3cc(O)ccc23)CC1)C1CCc2c(O)cccc2C1,8.322691917419434,9.438776969909668,8.88073444366455
O=C1N(C2CCN(CCCC3CCCCCC3)CC2)CCN1c1cccc(Cl)c1Cl,7.79164457321167,7.348939895629883,7.570292234420776
COc1ccccc1N1CCN(CCCCNC(=O)c2nc3ccccc3s2)CC1,7.356720924377441,8.5885009765625,7.972610950469971
CCCN1CCCCC2Cc3cc(O)ccc3CC21,7.1228437423706055,8.170502662658691,7.646673202514648
Fc1ccc(N2CCN(CCCCOc3ccc4c(c3)CCC4)CC2)cc1,7.221479415893555,7.219654083251953,7.220566749572754
CCN(CCCCN1CCN(c2cccc(Cl)c2Cl)CC1)C1CCc2c(O)cccc2C1,8.20872688293457,8.947988510131836,8.578357696533203
CCCN(CCN1CCN(c2cccc3ccccc23)CC1)C1CCc2c(O)cccc2C1,8.05475902557373,8.830840110778809,8.44279956817627
Oc1cc2c(OCCNCCc3cccc(I)c3)ccc(F)c2[nH]1,8.771744728088379,7.627442359924316,8.199593544006348
Oc1[nH]cc2ccc(OCCCN3CCN(c4cccc5cccc(F)c45)CC3)cc12,8.2858247756958,7.846155166625977,8.065989971160889
O=C1N(CCN2CCN(c3cccc(Cl)c3Cl)CC2)CCN1c1cccc(Cl)c1,7.528343200683594,7.927173614501953,7.727758407592773
Oc1[nH]cc(C2CCC3CN(CCCCF)CC3c3ccc(F)cc32)c1,6.820128440856934,7.172286033630371,6.996207237243652
C1=C(c2ccc3[nH]cc(CCCN4CCN(c5ccsc5)CC4)c3c2)CCN1,7.160441875457764,7.596479415893555,7.378460645675659
CN1CCc2cc(F)cc3c2C1Cc1ccc(O)c(O)c1-3,8.287187576293945,8.115177154541016,8.20118236541748
CCCN(CCN1CCN(c2cccc3c2OCCC3)CC1)C1CCc2c(O)cccc2C1,8.297016143798828,8.564208030700684,8.430612087249756
Fc1ccc(N2CCN(CCCCNc3cnn4ccccc34)CC2)cc1,7.03685188293457,7.053526401519775,7.045189142227173
Oc1[nH]cc2cc(F)c(OCCCN3CCN(c4cccc5cccc(F)c45)CC3)cc12,8.04649829864502,7.654065132141113,7.850281715393066
c1ccc(N2CCN(c3cncc(C4CCCN4)n3)CC2)cc1,5.628402233123779,5.952599048614502,5.790500640869141
CCCNc1ccccc1SC1CCN(CC2CN3c4cccc5cccc(c45)CC3O2)CC1,6.878020763397217,6.941143989562988,6.9095823764801025
C[SH](=O)(O)N=CC1CCC(NCCCN2CCN(c3ccccc3Cl)CC2)CC1,6.98843240737915,7.783583641052246,7.386008024215698
CCCN(CCN1CCN(c2ccc(-c3ccccc3)cc2)CC1)C1CCc2ccc(O)cc2C1,7.323070049285889,8.556842803955078,7.939956426620483
CCCN(CCN1C(=O)CC2C(CCCC2CCN2C)C1=O)C1CCc2c(O)cccc2C1,,,
Oc1cc(OCCCN2CCC3(CCc4cc(F)ccc4CC3)CC2)cc2c1OCCC2,7.288867950439453,7.924930572509766,7.606899261474609
O=C(NC1CCC(CCN2CCN(c3cccc(Cl)c3Cl)CC2)CC1)c1cc2ccc3c(c2s1)OCC(C(=O)O)C3,7.01363468170166,8.220780372619629,7.6172075271606445
Clc1ccc(N2CCN(CCCCNc3ccc(-c4nc5ccccc5s4)cn3)CC2)cc1Cl,6.851263523101807,7.589410305023193,7.2203369140625
O=C(NCCCc1cccc2c1CN(CCCCN1CCN(c2ccccc2O)CC1)CC2CCC1C1CCCCC1,,,
CCN(CC)C1(C)COc2cccc3sc(CC(=O)NCCN4CCN(c5ccccc5Cl)CC4)cc23)CC1,,,
Oc1[nH]cc2cc(F)c(OCCCN3CCN(c4cccc5ccccc45)CC3)cc12,8.03945541381836,8.071406364440918,8.055430889129639
Oc1cc2c(OCCNCc3ccccc3)ccc(Cl)c2[nH]1,8.818074226379395,7.795685768127441,8.306879997253418
Cc1cc(Cl)c(OCCN2CCC(N3CCC(c4cc(Cc5cc(C)cc(C)c5)[nH]n4)CC3)C2)cc1OCCN1CCN(c2ccccc2)CC1,6.533161163330078,6.662293434143066,6.597727298736572
O=C(NC1CCC(CCN2CCN(c3cccc(Cl)c3Cl)CC2)CC1)c1cccc2ccccc12,7.486489295959473,8.409736633300781,7.948112964630127
Fc1ccc(CNCCCN2C3C4C5C6C4C3C1C4C52,,,
Oc1ccc2[nH]c[nH]c2c12CCCCN1CCC2(CC1)C(c1cccnc1)CN(c1cccc3ccccc13)CC2,,,
CCN(CCN1CCN(c2ccc(-c3nc4ccccc4o3)cc2)CC1)C1CCc2cnc(N)s2)C1,,,
CCCN(CCN1CCN(c2cccc(Cl)c2Cl)CC1)C1CCc2c(O)cccc2C1,7.985079765319824,8.79438304901123,8.389731407165527
Oc1[nH]cc2ccc(OCCCN3CCN(c4cccc5cccc(Cl)c45)CC3)cc12,8.160287857055664,7.99403190612793,8.077159881591797
Cc1c(N2CCN(CCCF)CC2)ccc2[nH]cc(CC3CCCN3)c12,6.279989242553711,6.6015472412109375,6.440768241882324
COc1cccc(CN2CCC(CCN3CCN(c4ccccc4OCCF)CC3)CC2)c1,6.8112335205078125,7.153110980987549,6.982172250747681
COc1ccccc1N1CCN(CCCCCOc2ccc3c(c2)CCC3c2ccc(O)cc2)CC1,7.447909355163574,7.564095497131348,7.506002426147461
CN1CCN(C2Cc3ccccc3Sc3ccc(Cl)cc32)CC1,9.140546798706056,8.702611923217773,8.921579360961914
Cc1ccc2c(N3CCN(CCc4cccc(-c5ccccc5)c4)CC3)cccc2[nH]1,,,
N#Cc1ccc2[nH]cc(CCCCN3CCN(c4ccc5[nH]c(C#N)cc5c4)CC3)c2c1,7.315885543823242,7.271126747131348,7.293506145477295
Fc1ccc2c(CCCN3CCN(c4cccc5c4OCCO5)CC3)n[nH]c2c1,8.218524932861328,7.161391735076904,7.689958333969116
CCCN(CCN1CCN(c2ccc(-c3ccccc3)cc2)CC1)C1CCc2ccc(O)cc2C1,7.323070049285889,8.556842803955078,7.939956426620483
OCc1ccc2oc(CCN3CC=C(c4cccc(F)c4F)CC3)nc2c1,6.909282684326172,7.057795524597168,6.98353910446167
CN1CCN(c2cccc3c2Cc2ccccc2C3)CC1,7.230511665344238,7.227550506591797,7.229031085968018
N#Cc1cccc2c1CCN2CCCc1ccccc1,7.1184515953063965,6.499707221984863,6.80907940864563
Oc1ccc2c(OCCNCCCc3c[nH]c4ccc(F)cc34)cccc2[nH]1,,,
CCc1ccccc1N1CCN(CCCCNC(=O)C=Cc2ccc(F)cc2)CC1,7.394687652587891,8.495475769042969,7.94508171081543
Oc1c2ccccc2[nH]1,,,
CCCN(CCC1CCC(NC(=O)C=Cc2ccc3ccccc3c2)CC1)C1CCc2nc(N)sc2C1,6.782634735107422,8.510917663574219,7.64677619934082
N#Cc1ccc2[nH]c(CCCCN3CCN(c4cccc5cccc(F)c45)CC3)nc2c1,7.949104309082031,7.383354187011719,7.666229248046875
O=C1NCN(CCCOc2ccc3nccnc3c2)C1Cc1ccccc1,6.475846290588379,6.926705360412598,6.701275825500488
CCCN1CCCC2Cc3[nH]ncc3CC21,7.043054103851318,7.927458763122559,7.4852564334869385
NCCc1c[nH]c2ccc(O)cc12,7.165433406829834,5.987557888031006,6.57649564743042
CCN1CCN(CCCCOc2ccc3[nH]ccc3c2)CC1,6.835880756378174,7.291204452514648,7.063542604446411
CCCN(CCN1CCN(c2ccccc2OC)CC1)C1CCc2ccc(O)cc2C1,7.815720081329346,8.517810821533203,8.166765451431274
N#Cc1cccc(CCN2CCN(c3cccc(Cl)c3Cl)CC2)c1,7.503137111663818,6.856363296508789,7.179750204086304
CCCN(CCN1CCN(c2ccc(-c3nc4ccccc4[nH]3)cc2)CC1)C1CCc2ccc(O)cc2C1,6.970171451568604,8.369047164916992,7.669609308242798
O=C(c1ccc2cc[nH]c2c1)C1CCN(CCCCCN2CCN(c3cccc(C(F)(F)F)c3)CC2)CC1,7.837567329406738,7.2314958572387695,7.534531593322754
COc1cccc(N2CCN(CCCCc3c[nH]c4ccc(C(N)=O)cc34)CC2)c1,7.39626407623291,7.479910373687744,7.438087224960327
COc1ccccc1N1CCN(CCCCNC(=O)c2ccccc2I)CC1,7.859369277954102,8.374762535095215,8.117065906524658
O=C(NCCCN1CCN(c2ccccc2OCCF)CC1)c1ccc(I)cc1,7.17965841293335,7.374622344970703,7.277140378952026
COc1ccccc1N1CCN(CCCCNC(=O)C=Cc2ccccc2)CC1,7.524115562438965,8.93630599975586,8.230210781097412
COc1ccccc1N1CCN(CCCCNC(=O)c2ccc(OCCCOCCF)c3ccccc3)cc2)CC1,,,
Nc1cc(N2CCN(C3CCN(c4ncccc4C(=O)NCCC34CCCCC3)CC2)ccn1,,,
Clc1ccccc1N1CCN(CCCCN2CCc3ccccc3C2)CC1,6.829297065734863,7.684549331665039,7.256923198699951
O=C(NCCCCN1CCN(c2c(Cl)cccc2Cl)CC1)c1cc2ccccc2[nH]1,7.269824028015137,9.238624572753906,8.254224300384521
Cc1c(-c2ccc3ccn(CCN4CCN(c5cccc(Cl)c5Cl)CC4)c3c2)noc1C,6.476753234863281,6.404651165008545,6.440702199935913
Oc1[nH]c2ccccc2c1CCCCN1CCN(c2cccc3ccccc23)CC1,7.698060035705566,7.971535682678223,7.8347978591918945
CCCNc1cccc(C2CCN(CCCCOc3ccc4[nH]ccc4c3)CC2)c1,7.71132230758667,6.830141067504883,7.270731687545776
NCCN1CCc2ccc(OCCCCN3CCN(c4cccc(Cl)c4Cl)CC3)cc2CC1,7.321717739105225,8.196280479431152,7.7589991092681885
N#Cc1ccc2cc(CCCCCN3CCN(c4cccc5nc(C(N)=O)ccc45)CC3)ccc2c1,7.5809149742126465,7.6856584548950195,7.633286714553833
CN1CCN(C2Cc3ccccc3Sc3ccc(I)cc32)CC1,9.235981941223145,9.038869857788086,9.137425899505615
Cc1cn2c(-c3cn[nH]c3)cnc2c(Nc2ccc(C(=O)N3CCCC3)cc2)n1,6.009237289428711,5.00116491317749,5.505201101303101
Oc1[nH]cc2ccc(OCCCN3CCN(c4cccc5cccc(Cl)c45)CC3)cc12,8.160287857055664,7.99403190612793,8.077159881591797
Oc1[nH]cc2ccc(OCCCN3CCN(c4cccc5cccc(F)c45)CC3)cc12,8.2858247756958,7.846155166625977,8.065989971160889
Cc1c(-c2ccc3c(c2)CCN(CCCSc2nnc(-c4ccc(C#N)cc4)n2C)CC3)noc1C,6.0676445960998535,8.357536315917969,7.212590456008911
O=C1N(CCN2CCC3C(CCc4ccccc43)CC2)CCN1c1ccccc1,6.862760543823242,6.502231597900391,6.682496070861816
CCCN(CCN1CCc2cc(F)ccc2C1)C1CCc2c(O)cccc2C1,7.523723125457764,8.912216186523438,8.2179696559906
Cc1cc2c(F)c(OCCN3CCN(c4cccc(Cl)c4Cl)CC3)ccc2[nH]1,7.766176700592041,7.262009620666504,7.5140931606292725
CCCN(CCN1CCN(c2ccccc2OC)CC1)C1CCc2ccc3[nH]ccc3c2C1,7.834114551544189,7.807416915893555,7.820765733718872
CCCN(CCN1CCN(c2cccc(Cl)c2Cl)CC1)C1CCc2c(O)cccc2C1,7.985079765319824,8.79438304901123,8.389731407165527
Oc1ccc2[nH]cc(CCCN3CCN(c4cccc5ccccc45)CC3)c2c1,8.515907287597656,7.425608158111572,7.970757722854614
CCN(CCCCN1CCN(c2ccccc2)CC1)c1cccc(C)c1,7.205243110656738,7.361603260040283,7.283423185348511
Cc1ccc2c(N3CCN(CCc4cccc(N5CCN(C)CC5)c4)CC3)cccc2n1,7.352627754211426,6.943963527679443,7.148295640945435
COc1ccccc1N1CCN(CCCCNC(=O)c2cccc3cccnc23)CC1,7.507523536682129,8.248186111450195,7.877854824066162
O=C1N(CCN2CCC(CCc3ccccc3)CC2)CCN1c1cccc(Cl)c1,7.999435424804687,7.580073356628418,7.789754390716553
Oc1[nH]cc2ccc(OCCCCN3CCN(c4cccc5cccc(F)c45)CC3)cc12,8.384242057800293,8.055950164794922,8.220096111297607
Cc1ccc2[nH]cc(CCN3CCN(c4ccc(Cl)cc4)CC3)c2c1,6.491888523101807,5.903225421905518,6.197556972503662
CCN(CCN1CCN(c2cccc(-c3ccccc3)c2)CC1)C1CCc2ccc(O)cc2C1,7.735316276550293,8.25925064086914,7.997283458709717
Cc1ccc2c(CCN3CCN(c4cccc(Cl)c4Cl)CC3)c[nH]c2n1,7.374621868133545,6.593951225280762,6.984286546707153
CN1CCN(C2Cc3ccccc3Sc3ccc(Cl)cc32)CC1,9.140546798706056,8.70261001586914,8.921578407287598
CCN(CCCN1CCN(c2ncc3ccccc3n2)CC1)C1CCc2ccc(O)cc2C1,6.3573174476623535,7.54705286026001,6.952185153961182
NCCCN1c2ccccc2N(c2ccccc2)C1c1cccc(Cl)c1,5.755384922027588,6.448007106781006,6.101696014404297
O=C(NCC=CCN1CCN(c2cccc(Cl)c2Cl)CC1)c1cc2cc(Cl)ccc2[nH]1,7.2192888259887695,8.975691795349121,8.097490310668945
O=C1C2CCCCN2C(=O)N1CCN1CCN(c2ccccc2C(F)(F)F)CC1,7.108471870422363,8.051280975341797,7.57987642288208
c1ccc(OCCNCCCc2c[nH]c3ccc(-n4cnnc4)cc23)cc1,7.420071601867676,7.271356105804443,7.34571385383606
O=C(NCCN1CCN(c2ccccc2Cl)CC1)c1cc2c(-c3ccccc3)[nH]nc2s1,7.008036613464356,7.255057811737059,7.131547212600708
Oc1[nH]cc2ccc(OCCCN3CCN(c4cccc5cccc(Cl)c45)CC3)cc12,8.160287857055664,7.99403190612793,8.077159881591797
Oc1oc2cc(OCCCCN3CCN(c4ccccc4)CC3)ccc2[nH]1,,,
O=C(c1ccccc1)C1CCN(CCCC3CCC(NCCCc4ccccc4COc4ccc(F)cc4OCCN3CCCCCCNCC4CCc5[nH]cc(CCCN=C4CCC3)CC2)CC1,,,
COc1cnc(NCCN2CCN(c3cccc(Cl)c3)CC2)c(C#N)c1,6.361306190490723,5.779781818389893,6.070544004440308
O=C(NCCN1CCN(c2cccc(Cl)c2Cl)CC1)c1cc2ccc(F)cc2[nH]1,6.70151948928833,7.829425811767578,7.265472650527954
CN1CCN(CCCN2c3ccccc3Sc3ccc(C(F)(F)F)cc32)CC1,6.6178388595581055,6.678783893585205,6.648311376571655
Oc1ccc2[nH]cc(C3=CCN(CCCCc4cccc(I)c4)CC3)c2c1,8.67866325378418,8.821409225463867,8.750036239624023
O=C(NC1CCc2cc(CCN3CCN(c4nsc5ccccc45)CC3)ccc21)C1CC1,7.219380378723144,6.914257526397705,7.066818952560425
Nc1ccccc1C(=O)CCCN1CCN(c2cc(C(F)(F)F)nc(C(F)(F)F)n2)CC1,7.594888687133789,7.481096267700195,7.537992477416992
Oc1ccc2[nH]cc(CCCCN3CCN(c4cccc5ccccc45)CC3)c2c1,8.49316692352295,8.180514335632324,8.336840629577637
O=C1c2cccc3nc(CCCN4CCN(c5cccc6ccccc56)CC4)[nH]c23)CN1CCC1CC1CC1,,,
Cc1coc2cc(OS(=O)(=O)C3(C)CCN(Cc4ccc(-c5ccc(O)cc5)cc4)CC3)ccc12,6.107212066650391,6.5875678062438965,6.3473899364471436
COc1cc(NC(=O)CCCCCN2CCc3cc(OC)c(OC)cc3C2)cc(OC)c1OC,6.579667568206787,6.029868125915527,6.304767847061157
Oc1[nH]cc2ccc(OCCCN3CCN(c4cccc5cccc(F)c45)CC3)cc12,8.2858247756958,7.846155166625977,8.065989971160889
N#Cc1ccc2[nH]cc(CCCCN3CCN(c4ccc5[nH]c(C(N)=O)cc5c4)CC3)c2c1,7.32735538482666,7.564929962158203,7.446142673492432
OCC1Cc2c(ccc(O)c(O)c2Br)CCN1,,,
CCN1CCN(c2ccc(C(c3ccc(F)cc3)C3CN(C4CCCCC4)CC3)c3ccccc23)CC1,7.201122760772705,6.331669807434082,6.7663962841033936
Oc1[nH]cc2ccc(OCCCN3CCN(c4cccc5cccc(F)c45)CC3)cc12,8.2858247756958,7.846155166625977,8.065989971160889
NCCN1CCCC1Cc1c[nH]c2ccc(F)cc12,5.922407627105713,6.940755844116211,6.431581735610962
COc1ccccc1N1CCN(CCCCNC(=O)c2cccs2)CC1,7.739991188049316,8.748876571655273,8.244433879852295
NC(=O)Nc1ccc(CNCCC2(c3ccc(F)c(Cl)c3)CCCCC2)cn1,7.115292072296143,6.000001907348633,6.557646989822388
Nc1cc(N2CCN3CCCCC3C2)cc1C(=O)CCCN1CCN(c2ccccc2Cl)CC1,,,
O=C1N(CCN2CCN(c3ccc(Cl)cc3Cl)CC2)CCN1c1ccccc1,6.975653171539307,7.259507179260254,7.11758017539978
Clc1cccc(N2CCN(CCCCC3CCN(CCC4CCOc5ccccc5C4)CC3)CC2)c1Cl,7.323147296905518,8.161785125732422,7.74246621131897
NC1CCN(c2cccc(CCCN3CCN(c4cccc5occc45)CC3)c2)CC1,7.1262054443359375,7.238991737365723,7.18259859085083
Fc1cccc(N2CCN(CCCCN3CCN(c4ccccc4)CC3)CC2)c1,6.98119068145752,7.366527557373047,7.173859119415283
Oc1ccc2c3c1OCC1CCCN3CCC21,7.654834747314453,6.608858108520508,7.1318464279174805
O=C(NCCCCN1CCN(c2cccc(Cl)c2Cl)CC1)c1cc(I)c2cccnc2c1,7.104443550109863,8.794646263122559,7.949544906616211
Oc1[nH]cc2cc(F)c(OCCCCN3CCN(c4cc(COCCCCCN5CCC(c6ccc(Cl)cc6)CC5)cc4)CC3)cc12,,,
O=C(NCCN1CCN(c2cccc(Cl)c2Cl)CC1)c1ccc(F)cc1,7.192382335662842,7.366275787353516,7.279329061508179
ON(CCCCN1CCN(c2ccccc2Cl)CC1)c1cccs1,7.569360733032227,8.002437591552734,7.7858991622924805
N#CC1=CC2(CC1)CN(C1CCCCC1)C2=O,8.420604705810547,6.699143409729004,7.559874057769775
CN1C2CCC1CC(OC(=O)c1cnc3ccccc3c1)C2,5.6923041343688965,6.781993865966797,6.237149000167847
O=C(NCCCCN1CCN(c2cccc(Cl)c2Cl)CC1)c1ccc2ncccc2c1,7.265904426574707,8.992447853088379,8.129176139831543
CC(CCCN1CCN(c2ccccc2OCCF)CC1)=NOCc1ccccc1,6.556442260742188,5.853052616119385,6.204747438430786
O=C(NCCN1CCN(C2CCc3ccccc3C2)CC1)c1ccccc1F,6.6530351638793945,5.9162468910217285,6.2846410274505615
CCN(CCCCN1CCN(c2ccccc2OC)CC1)Cc1ccc2c(c1)Cc1ccccc1C2=O,7.119053363800049,7.328314304351807,7.223683834075928
CN1CCc2cccc3c2Cc2cccc(c2)CC3CNCC(=O)OCCC#N,,,
CCCN1CCCC(c2ccc(Nc3nc(NCCOC)c4ccccc4n3)cc2)C1,6.4763054847717285,6.143042087554932,6.30967378616333
O=C1CCc2cccc(OCCCCN3CCN(c4cccc(Cl)c4Cl)CC3)c2N1,8.89596176147461,8.367976188659668,8.631968975067139
CCCN(CCN1CCN(c2cnccn2)CC1)C1CCc2ccc(O)cc2C1,6.505224227905273,8.107215881347656,7.306220054626465
CN1c2ccc(Cl)cc2NCCN1CCCCN1CCN(c2cccc3cc(F)ccc23)CC1,8.025439262390137,7.71359395980835,7.869516611099243
Oc1[nH]cc2cc(F)c(OCCCN3CCN(c4cccc5cc(Cl)ccc45)CC3)cc12,8.085559844970703,7.918668746948242,8.002114295959473
Oc1[nH]cc2ccc(OCCCN3CCN(c4cccc5ccccc45)CC3)c(Cl)c12,8.055535316467285,8.335278511047363,8.195406913757324
CCCN(CCN1CCN(c2ccc(-c3ccccc3)cc2)CC1)C1CCc2ccc(O)cc2C1,7.323070049285889,8.556982040405273,7.940026044845581
O=C(NCCCCN1CCN(c2cccc(Cl)c2Cl)CC1)c1cc2ccccc2cn1,6.880761623382568,9.034953117370604,7.957857370376586
COc1cccc(N2CCN(CCCCCn3ccc4cnc(C)cc43)CC2)c1,6.697693347930908,6.793717384338379,6.7457053661346436
CCN1CCCC1CNC(C#N)=Cc1ccc(N2CCNCC2)cc1,5.056046962738037,6.364394664764404,5.710220813751221
Cc1ccc2c(CCCN3CCN(c4cccc5ccccc45)CC3)c[nH]c2c1,7.547480583190918,6.920804023742676,7.234142303466797
O=C(NCC1CCN(CCCc2c[nH]c3ccc(F)cc23)CC1)c1ccccc1,6.235295295715332,7.116697311401367,6.67599630355835
Oc1[nH]cc2ccc(OCCCN3CCN(c4cccc5c4COCC5)CC3)cc12,7.823232650756836,7.4691290855407715,7.646180868148804
Oc1cccc(N2CCN(CCCCc3ccccc3)CC2)c1,8.045750617980957,8.029601097106934,8.037675857543945
O=C(NC1CCC(CCN2CCN(c3cccc(Cl)c3Cl)CC2)CC1)c1ccc2cc(F)ccc2c1,7.444291114807129,8.573308944702148,8.008800029754639
O=C(NCCCCN1CCN(c2cccc(Cl)c2Cl)CC1)c1ccccc1-c1ccccc1,7.03449296951294,8.23598861694336,7.635240793228149
CN1CCN(c2ccccc2Oc2ccc(CCCN3CCN(c4cccc(C(F)(F)F)c4)CC3)cc2)CC1,6.987038612365723,6.5061798095703125,6.746609210968018
COc1ccccc1N1CCN(CCCCc2ccc3c(c2)NCCC3)CC1,8.524544715881348,7.785433292388916,8.154989004135132
OC1(c2ccc(Br)cc2)CC2CCC(C1)N2CCCc1cccc2c1oc1ccccc12,7.313873291015625,7.79563045501709,7.554751873016357
O=C1N(CCN2CCOC2=O)CCN1CC1CCCCC1,7.094763278961182,5.919243335723877,6.507003307342529
CCNC1CN(c2ccccc2)C2(CCN(CCCCc3ccc(F)cc3)CC2)C1=O,8.240398406982422,7.312314510345459,7.77635645866394
CN1CCN(C2Cn3cccc3Sc3ccc(F)cc32)CC1,8.455343246459961,8.19658088684082,8.32596206665039
O=C1CC2c3ccccc3CCC2N1CCC1CCCCN1CCN(c2cccc(Cl)c2Cl)CC1,,,
CCN1CCCC1CNCc1cccc(O)c1CO,4.497686386108398,7.30587911605835,5.901782751083374
Oc1c2c(NCCCNCCN3CCN(c4ccccc4)CC3)cccc2[nH]1,,,
CN1C2CCC1CC(OCCCCCCCN3CCCC(CCc4ccccc4NC(=O)CC4CCCCC4)CC3)C1)C2,,,
O=C(CCCN1CC=C(n2c(O)nc3ccccc32)CC1)c1cc2ccccc2[nH]1,7.806838512420654,7.915773391723633,7.8613059520721436
Cc1cc2c(-c3ccc(N4CCN(Cc5c[nH]c6ccc(C(C)(C)C)cc56)CC4)nc3)cccc2[nH]1,5.894633769989014,6.268388271331787,6.0815110206604
CCCN(CCN1CCN(c2ccc3ccccc3c2)C1)C1CCc2ccc(O)cc2C1,6.974199295043945,8.89466381072998,7.934431552886963
O=C(NCCCCCN1CCN(c2cccc(Cl)c2Cl)CC1)c1ccc2c(c1)CCCC2,8.084942817687988,8.203344345092773,8.14414358139038
CCc1c(C(C)(C)C)cn2nc(C)c(C(=O)NC3CC3)c3ccc(Cl)cc32)n1C,,,
Oc1ccc2c(c1)OC(CNCCN1CCN(c3cccc(Cl)c3Cl)CC1)CC2,9.362069129943848,8.549615859985352,8.9558424949646
Oc1ccc2c(OCCCNCCCc3ccccc3)cccc2[nH]1,,,
N#Cc1ccc2[nH]cc(CCCCN3CCN(c4ccc5[nH]c(CCCCCC5CNCCc6ccccc6)nc5c4)CC3)c2c1,,,
COc1ccccc1N1CCN(CCCCSc2nc(N)nc(NCCN3CCN(c4ccc(F)cc4C)CC3)n2)CC1,7.571919918060303,6.687958717346191,7.129939317703247
Oc1[nH]c2ccc(F)cc2c1CCCCCN1CCN(c2cccc3ccccc23)CC1,8.025343894958496,7.744012832641602,7.884678363800049
Oc1ccc2c(CCCNCC3Cc4ccccc4C3)c[nH]c2c1,6.761131286621094,7.325538635253906,7.0433349609375
CCCN(CCN1CCN(c2cccc(Cl)c2Cl)C1=O)C1CCc2c(F)cccc2C1,7.223310470581055,8.087271690368652,7.6552910804748535
O=C(NCCCCCN1CCN(c2nsc3ccccc23)CC1)c1cncc(Cl)c1,7.394023418426514,7.887946128845215,7.640984773635864
COc1ccccc1N1CCN(CCCCNC(=O)c2cc3ccc(I)cc3s2)CC1,7.630417346954346,9.094430923461914,8.36242413520813
CCN1CCN(CCCCN2c3ccccc3Sc3ccc(C#N)cc32)CC1,7.66044282913208,8.040288925170898,7.850365877151489
CCN1CCCC1CNC(=O)c1cc(I)cc(OC)c1OC,8.92829418182373,9.039033889770508,8.98366403579712
Oc1cc2c(OCCNCCN3c4ccccc4OCC3COc3ccccc3)ccc(F)c2[nH]1,8.328540802001953,7.644719123840332,7.986629962921143
Oc1[nH]cc2ccc(OCCCN3CCN(c4cccc5ccccc45)CC3)cc12,8.251432418823242,8.164287567138672,8.207859992980957
CCCN(CCN1CCN(c2cccc3ccccc23)CC1)C1CCc2ccc(O)cc2C1,7.852016448974609,8.869157791137695,8.360587120056152
CN1CCc2ccccc2Cc2ccc3c[nH]c(O)c3c2C1,7.6675028800964355,6.372012138366699,7.019757509231567
O=C(NCCCCN1CCN(c2cccc(Cl)c2Cl)CC1)c1ccc(F)cc1,7.551733493804932,8.872730255126953,8.212231874465942
N#Cc1cccc(CN2CCN(CCCc3ccc4c(c3)CCO4)CC2)c1,6.185878276824951,6.519952774047852,6.352915525436401
Oc1c(CN2CCC(CCN3CCN(c4cccc5cc(F)ccc45)CC3)CC2)cc(I)c2ccccc12,7.432118415832519,7.535506725311279,7.483812570571899
CN(CCCN1CCN(c2cccc3c2OCCC3)CC1)c1cccc2ccnn12,7.738173484802246,6.631800651550293,7.1849870681762695
Cc1cc(C)cc(C2CN3CCCC3c3c(C#N)cccc3N2)c1,5.86802339553833,6.818980693817139,6.343502044677734
CN(CCC1CCc2cc(O)ccc21)CC1CCC(NC(=O)C2CCC3(F)CC23)C1(C)C,6.174453258514404,8.211202621459961,7.192827939987183
O=C(N=C1CC(c2ccc(F)cc2F)CC1)C1CCCN1CCN(c2ccccc2OCCF)CC1,,,
CCN1CCCC1CNC(=O)c1c(O)ccc(Br)c1OC,7.396489143371582,8.47685718536377,7.936673164367676
N#Cc1ccccc1N1CCN(CCCCNC(=O)C2CCC3CCC2C3)CC1,7.44327449798584,8.794389724731445,8.118832111358643
CCCN(CCN1CCN(c2cccc3c2OCCCC3)CC1)C1CCc2ccc(OC)c3c2C1,,,
O=C(NCC1CCC(CN2CCN(c3cccc(Cl)c3Cl)CC2)CC1)c1ccc2ccc(Cl)cc2c1,6.372474193572998,7.853408813476562,7.11294150352478
NCCc1ccc2c(c1)Cc1ccccc1N2CCN1CCN(c2ccccc2C2CC2)CC1,6.26749849319458,6.093734264373779,6.18061637878418
OC1(c2ccc(I)cc2)CC2CCC(C1)N2CCCc1ccccc1,7.365214824676514,7.185723781585693,7.2754693031311035
CCCN(CCN1CCN(c2ccccc2OC)CC1)C1CCc2ccc(O)cc2C1,7.815720081329346,8.517810821533203,8.166765451431274
Oc1[nH]cc2cc(F)c(OCCCN3CCN(c4cccc5ccccc45)CC3)cc12,8.03945541381836,8.071406364440918,8.055430889129639
CC1C2c3ccc(F)cc3CC1(C)CCN2CC1CC1,6.311562538146973,7.777573585510254,7.044568061828613
CCCN(CCN1CCN(c2ccc(Cl)cc2)CC1)C1CCc2ccc(O)cc2C1,6.674946308135986,8.185625076293945,7.430285692214966
C1=C(c2ccc3ccccc3c2)CCN(CCCc2c[nH]c3ccccc23)C1,7.372822284698486,7.559178829193115,7.466000556945801
N#Cc1ccc2[nH]cc(CCCCN3CCN(c4cccc5nc(C(N)=O)[nH]c45)CC3)c2c1,8.021069526672363,8.139772415161133,8.080420970916748
Nc1ccc2[nH]cc(CCCN3CCN(c4cccc5[nH]ccc45)CC3)c2c1,8.43874740600586,7.084966659545898,7.761857032775879
O=C1N(CCN2CCC3(CCc4ccccc4O3)CC2)CCN1c1ccccc1I,7.163939952850342,7.284951210021973,7.224445581436157
Oc1ccc2c(c1)CCCN1CCN(c3cccc(Cl)c3Cl)CC21,7.1064043045043945,7.258484840393066,7.1824445724487305
CCCN(CCN1CCN(c2cccc3c2OCCC3)CC1)C1CCc2ccc(O)cc2C1,8.074212074279785,8.5125150680542,8.293363571166992
CCN1CCN(c2ccc(C#CCCCN3CCN(c4ccccc4OC)CC3)cc2)CC1,7.097046375274658,7.014264583587647,7.055655479431152
CN(Cc1cc(Br)cc(C(F)(F)F)c1)C1CCN(CCCC(NC(=O)C2CCC2)c2ccc3[nH]cnc3c2)CC1,6.504194259643555,7.4980149269104,7.0011045932769775
CN1CCN(Cc2cccc3c2Cc2ccccc2-3)CC1,7.457949638366699,6.560888290405273,7.009418964385986
O=C(NC1CCc2cc(CCN3CCN(c4ccccc4Cl)CC3)ccc21)c1ccc(-n2cccn2)cc1,6.814177513122559,6.600666046142578,6.707421779632568
Oc1[nH]cc2ccc(OCCCN3CCN(c4cccc5c(Cl)cccc45)CC3)cc12,8.22115707397461,8.049018859863281,8.135087966918945
CN1CCc2ccc(CCN3CCN(c4cccc(Cl)c4Cl)CC3)cc2C2CCCC21,7.244564056396484,6.909256935119629,7.076910495758057
COc1cccc(C23CN(CCCCSc4nnc(-c5ccsc5)n4C)CC32)c1,,,
O=C(NCCCCN1CCC(c2cccc(Cl)c2Cl)CC1)c1cccc2c1-c1ccccc1C2,6.508041858673096,7.248673439025879,6.878357648849487
FC(F)(F)c1ccccc1N1CCN(Cc2cccc(CN3CCCC3)c2)CC1,6.249563217163086,6.421999454498291,6.3357813358306885
CN1CCCC1CNc1cccc(NCCc2c[nH]c3ccc(F)cc23)n1,7.099493026733398,6.5038886070251465,6.8016908168792725
Oc1[nH]cc2ccc(OCCN3CCN(c4cccc5ccsc45)CC3)cc12,8.864633560180664,7.609593868255615,8.23711371421814
c1ccc2c(CCCNCCOc3ccc4[nH]ccc4c3)c[nH]c2c1,7.638940334320068,7.603686809539795,7.621313571929932
Oc1cc(C2CC2)n[nH]1,6.746554374694824,7.06874418258667,6.907649278640747
COc1ccccc1N1CCN(CCCCNC(=O)c2ccc(F)cc2)CC1,7.701013088226318,8.817584991455078,8.259299039840698
Oc1cc2c3c(c1)OCC(CNCC2)CCC3,6.662501335144043,6.073232173919678,6.36786675453186
CCCN(CCN1CCN(c2ccc(-c3ccccc3)cc2)CC1)C1CCc2cc(O)ccc2C1,7.244194984436035,8.533466339111328,7.888830661773682
OC1(c2ccc3[nH]cc(CCCCN4CCN(c5ccc6occc6c5)CC4)c3c2)CCOCC1,7.81634521484375,6.493135452270508,7.154740333557129
CCCN(CCN1CCN(c2cccc3cc[nH]c23)CC1)C1CCc2ccc(O)cc2C1,7.936832427978516,8.811960220336914,8.374396324157715
Oc1[nH]c2ccccc2c1CCCCN1CCN(c2ccc(F)cc2)CC1,7.075764656066895,7.174841403961182,7.125303030014038
N#Cc1cn(CCCCN2CCN(c3cccc(Cl)c3Cl)CC2)c2cccnc12,7.505390167236328,7.830442428588867,7.667916297912598
COc1ccccc1N1CCN(CCCCNC(=O)C=Cc2cccs2)CC1,7.793283462524414,9.165997505187988,8.479640483856201
CCCN(CCN1CCN(c2cccc3ccccc23)CC1)C1CCc2ccc(O)cc2C1,7.852016448974609,8.869171142578125,8.360593795776367
Fc1ccc(N2CCN(CCCCNCCc3cccc4c3OCCC4)CC2)cc1,6.789449214935303,6.508806228637695,6.649127721786499
Cc1c(C2=CCN3CCN(c4cccc(Cl)c4Cl)CC3)CC2)c2cccc(F)c2n1C,,,
CN1CCN(C2Cn3cccc3Sc3ccc(F)cc32)CC1,8.455343246459961,8.19658088684082,8.32596206665039
CCN1CCCCC1CNC(=O)c1c(O)ccc(F)c1F,6.905988693237305,8.001052856445312,7.453520774841309
CC(C)(CN1CCN(C2=Cc3ccccc3Oc3ccc(F)cc32)CC1)CC1CCc2[nH]c3ccc(F)cc3c2C1,7.324576377868652,6.854583740234375,7.089580059051514
Oc1[nH]c2ccc(F)cc2c1CCCCN1CCN(c2cccc3[nH]c(-c4cccc(Cl)c4)nc23)CC1,7.870010852813721,7.687681674957275,7.778846263885498
CCN(CCCCCN1CCN(c2cccc3ccccc23)CC1)C1CCc2ccc(O)cc2C1,8.043211936950684,8.384941101074219,8.214076519012451
Oc1cc(CN2CCC(CN3CCC4(c5ccccc5Cl)CC4)CC3)CC2)c[nH]1,,,
Cc1csc2c1CCCN2C(C)CN1CCN(c2ccccc2OCCF)CC1,7.421021938323975,7.038536071777344,7.229779005050659
CCCN(CCN1CCN(c2ccc(-c3ccccc3OC)cc2)CC1)C1CCc2ccc(O)cc2C1,7.21689510345459,8.244193077087402,7.730544090270996
Oc1[nH]cc2cc(F)c(OCCCN3CCN(c4cccc5ccc(F)cc45)CC3)cc12,8.179012298583984,7.826079368591309,8.002545833587646
CCCN(CCN1CCN(c2ccccc2Cl)CC1)C1CCc2ccc(O)cc2C1,7.593542575836182,8.679712295532227,8.136627435684204
Cc1ccc(CN2CCN(c3c(Cl)c[nH]c3=CCNCC3)CC2)cc1F,,,
COc1ccccc1N1CCN(CCCCNC(=O)C=Cc2ccc(I)cc2)CC1,7.704522132873535,8.922246932983398,8.313384532928467
CCCN(CCN1CCN(c2cccc3ccccc23)CC1)C1CCc2cccnc2C1,7.48762321472168,7.973473072052002,7.730548143386841
Oc1[nH]c2ccc(F)cc2c1CCCCN1CCN(c2cccc3cccc(Cl)c23)CC1,8.027029991149902,7.691972732543945,7.859501361846924
CCCN(CCN1CCN(c2cccc3ccccc23)CC1)C1CCc2ccc(O)cc2C1,7.852016448974609,8.869171142578125,8.360593795776367
C=CCN(CCN1CCN(c2cccc(Cl)c2Cl)CC1)C1CCc2cc(O)ccc2C1,7.821264266967773,8.42754077911377,8.124402523040771
Oc1ccc2c(c1)OC(CNCCN1CCN(c3cccc(Cl)c3Cl)CC1)CC2,9.362069129943848,8.549615859985352,8.9558424949646
O=C1N(CCN2CCCC(c3ccc(F)cc3)C2)CCN1c1cccc(F)c1,7.270732402801514,7.297454357147217,7.284093379974365
Clc1cccc(N2CCN(CCCCNc3ccc4ccccc4n3)CC2)c1Cl,8.53123664855957,7.864175796508789,8.19770622253418
O=C(NCCN1CCN(C2CCc3ccccc3C2)CC1)c1cccc2c1CCCC2,6.960043907165527,6.290451526641846,6.6252477169036865
O=C(NCCN1CCN(C2Cc3ccccc3S2(=O)=O)CC1)c1cnc2ccccc2c1,6.562207221984863,6.362239837646484,6.462223529815674
COc1ccccc1N1CCN(CCCCOc2ccc3c(c2)CCN(CCCCc2ccc(C(F)(F)F)cc2)C3=O)CC1,7.817159652709961,8.515779495239258,8.16646957397461
COc1ccccc1N1CCN(CCCCc2ccc3c(c2)sc(=O)n3CCN2CCC(C(=O)c3ccc(F)cc3)CC2)CC1,8.005274772644043,7.863858222961426,7.934566497802734
CCN1CCN(c2ccc(Nc3cc(N(C)C(=O)Nc4cc(C)on4)ccn3)cc2)CC1,6.0585784912109375,5.234123229980469,5.646350860595703
CN1CCCC1Cc1cncc(CO)c1CCc1cccc(C(F)(F)F)c1,6.280357837677002,6.787718296051025,6.534038066864014
Oc1ccc2[nH]cc(CCCN3CC=C(c4cccs4)CC3)c2c1,8.744813919067383,8.242852210998535,8.493833065032959
Oc1ccc2c(c1)OC(CNCCCN1CCCN(c3cccc(Cl)c3Cl)CC1)CC2,8.642706871032715,7.81826114654541,8.230484008789062
Nc1ccc(CN2C3C4CC(C3)CC2C4)c(C(F)(F)F)c1,6.752290725708008,8.125483512878418,7.438887119293213
CCCN(CCC)C1CCc2[nH]c(I)cc2C1,7.468965530395508,8.105203628540039,7.787084579467773
CN1CCN(c2nccc3ccc(OCCCCN4CCN(c5cccc(Cl)c5Cl)CC4)cc23)CC1,7.494133949279785,8.170309066772461,7.832221508026123
Oc1[nH]cc2ccc(OCCN3CCN(c4cccc(Cl)c4F)CC3)cc12,8.22890853881836,7.189736366271973,7.709322452545166
Oc1[nH]c2ccc(F)cc2c1CCCCN1CCN(c2cccc(Cl)c2Cl)CC1,8.11679458618164,7.959244728088379,8.03801965713501
N#Cc1ccc2c(CN3CCN(CCCc4ccccc4)CC3)c[nH]c2c1,6.166882038116455,6.684875965118408,6.425879001617432
CCCN(CCN1CCN(c2cccc3ccsc23)CC1)C1CCc2ccc(O)cc2C1,8.130158424377441,9.14958953857422,8.63987398147583
COc1ccccc1N1CCN(CCCCNC(=O)c2ccc3[nH]cnc3c2)CC1,7.861079216003418,8.279613494873047,8.070346355438232
CCCN(CCN1CCN(c2ccnc3ccccc23)CC1)C1CCc2ccc(O)cc2C1,7.621154308319092,8.850150108337402,8.235652208328247
N#CC(=Cc1ccc(N2CCN(CCCCN3c4ccccc4Sc4ccc(CN5CCCCC5)cc43)CC2)cc1)CC1CCN(CCCc2c[nH]c3ccc(F)cc23)CC1,6.808441162109375,6.9199395179748535,6.864190340042114
COc1ccccc1N1CCN(CCCCc2ccc3c(c2)sc(=O)n3CCN2CCC(C(=O)c3ccc(F)cc3)CC2)CC1,8.005274772644043,7.863858222961426,7.934566497802734
CCCN(CCN1CCN(c2ccccc2OC)CC1)C1CCc2ccc(O)cc2C1,7.815720081329346,8.517810821533203,8.166765451431274
CCCN(C)CC1Cc2ccc(O)cc2OC1c1ccc(Cl)cc1,7.21493673324585,6.613785743713379,6.914361238479614
Cc1ccc2c(N3CCN(CCc4cccc(NC(=O)CCCCN(C)CC4CCCCC4)CC3)cccc2n1,,,
CCN(CCN1CCN(c2cnc(-c3ccc(C#N)cc3)cn2)CC1)C1CCc2c(F)cccc2C1,6.343400001525879,7.922639846801758,7.133019924163818
CCCN(CCN1CCN(c2ccc(-c3ccccc3)cc2)CC1)C1CCc2c(O)cccc2C1,7.487314701080322,8.477007865905762,7.982161283493042
N#Cc1cccc(NCCCCN2CCN(c3ccccc3Cl)CC2)n1,8.664901733398438,7.954219818115234,8.309560775756836
CCCN(CCN1CCN(c2cccc3ccccc23)CC1)C1CCc2ccc(O)cc2C1,7.852016448974609,8.869157791137695,8.360587120056152
NCCc1c[nH]c2ccc(OCCCCCN3CCN(c4cccc(OCCF)c4)CC3)cc12,7.473544120788574,7.061289310455322,7.267416715621948
CCCN(CCC1CCC(NCC2Cc3ccccc3CO2)CC1)C1CCc2ccc(O)cc2C1,7.01447343826294,8.359410285949707,7.686941862106323
Cc1cnc2c(c1)C1CCCN1CC2c1cccc(I)c1,7.4220380783081055,7.869853496551514,7.64594578742981
OC1(c2ccc(I)cc2)CCN(CCCCc2c[nH]c3ccc(F)cc23)CC1,7.611990928649902,7.726916313171387,7.6694536209106445
Oc1[nH]c2cccc(OCCCN3CCN(c4cccc5cccc(F)c45)CC3)c2c1,8.551885604858398,8.061027526855469,8.306456565856934
CN1CCN(CCCN2c3ccccc3Sc3ccc(Cl)cc32)CC1,7.5598344802856445,7.69283390045166,7.626334190368652
CN1CCN(C2Cc3ccccc3Sc3ccc(F)cc32)CC1,9.00782871246338,8.473590850830078,8.740709781646729
CCN1CCN(CCCC2CCc3cc(OC)c(OC)cc3C2)CC1,6.145711421966553,6.940158367156982,6.542934894561768
CN1CCN(c2cccc3c2CCCC3CNCCCc2ccc(O)cc2)C1,6.58699369430542,7.23930549621582,6.91314959526062
CCCN(CCN1CCN(c2cccnc2)CC1)C1CCc2ccc(O)cc2C1,6.826117515563965,8.46181869506836,7.643968105316162
O=C1N(CCN2CCN(c3ccc(F)cc3)CC2)CCN1c1cccc(Cl)c1,6.371156692504883,6.74077033996582,6.555963516235352
COc1ccccc1N1CCN(CCCCCCN2CCCc3cc(-c4ccc[nH]4)ccc3C2=O)CC1,8.32061767578125,7.835000991821289,8.07780933380127
COc1ccccc1N1CCCC2(CCN(Cc3ccccc3)CC2)C1,5.966877460479736,6.036781311035156,6.001829385757446
CN1CCN(C2Cc3ccccc3Sc3ccc(-c4nnn(C)n4)cc32)CC1,8.439382553100586,7.074907779693604,7.757145166397095
CCN1CCN(c2cccc(C#CCCCN2CCC(c3ccccc3OC)CC2)CC1,,,
Cc1c(C)c2c(N3CCN(CCCCOc4ccc5c(c4)CNC5=O)CC3)cccc2[nH]c1=O,7.977377414703369,7.996809005737305,7.987093210220337
Oc1cc2c(OCCNCCCc3ccc(F)cc3)ccc(Cl)c2[nH]1,8.900819778442383,7.338029384613037,8.11942458152771
N#Cc1ccc(N2CCN(CCCCCN3CCCc4cc(-c5cccc(Br)c5)ccc43)CC2)nc1,6.67156457901001,7.131188869476318,6.901376724243164
COc1cc(N2CCN(CCC3CCC(NC(=O)c4csc5ccccc45)CC3)CC2)ccc1F,6.780129432678223,8.182199478149414,7.481164455413818
Cc1ccc2c(N3CCN(CCCc4cccc5c4CCC(=O)N5)CC3)cccc2n1,7.949998378753662,7.142360210418701,7.546179294586182
CCCN(CCN1CCN(c2cccc3c2OCCC3)CC1)C1CCc2ccc(O)cc2C1,8.074212074279785,8.5125150680542,8.293363571166992
CC1Nc2ccccc2N(CCCCN2CCN(c3ccccc3OCCF)CC2)C1=O,7.681282997131348,7.914654731750488,7.797968864440918
N#CN1CCC(CCCN2CCN(c3ccccc3)CC2)CC1,6.751108169555664,6.912933349609375,6.8320207595825195
O=C1NC2CCCCCC2N1CCCCN1CCN(c2ccccc2F)CC1,7.88023567199707,8.028101921081543,7.954168796539307
CCc1ccc2c(c1)CC1CN(CCCCN3CCN(c4ccccc4OC)CC3)CCC1C2,7.323853492736816,7.436214447021484,7.38003396987915
CCCCN1CCN(c2cccc(Cl)c2Cl)CC1,7.776697158813477,8.241759300231934,8.009228229522705
CCCN1CCN2c3ccccc3CCc3c(C)nn(CCCCNCCc4ccc(O)cc4F)c3C2C1,7.115215301513672,7.189566612243652,7.152390956878662
NCCc1c[nH]c2ccc(OCCCCCCN3CCN(c4ccc5c(c4)CCC5)CC3)cc12,7.408552646636963,6.936836242675781,7.172694444656372
N#Cc1ccc(NCCCN2CCN(c3cccc(Cl)c3Cl)CC2)cc1,8.019701957702637,6.7786712646484375,7.399186611175537
Oc1ccc2c(c1)OC(CNCCC1CCCCN1C3CCC1CC(OC(c3ccccc3)CC3CCC1)CC2,,,
Oc1[nH]cc2c(F)c(OCCCCN3CCN(c4cccc(Cl)c4Cl)CC3)ccc12,8.373401641845703,8.73495101928711,8.554176330566406
CN1CCN(CCCN2CCC3c4ccccc4Nc4ccccc4N3C2=O)CC1,5.223232269287109,5.60753870010376,5.415385484695435
Cc1cccc(N2CCN(CCCCCn3cccn3)CC2)c1C,7.487709045410156,6.492853164672852,6.990281105041504
Oc1[nH]c2ccc(OCCCNCC3CCC(c4ccccc4)(c4ccccc4)CC3)cc2c1,6.642372608184815,7.489523887634277,7.065948247909546
Oc1[nH]cc2c(OCCCCN3CCN(c4cccc5ccccc45)CC3)cccc12,8.140604972839355,8.377508163452148,8.259056568145752
CN1CCN(c2nccc3ccc(OCCCCN4CCN(c5cccc(Cl)c5Cl)CC4)cc23)CC1,7.494133949279785,8.170309066772461,7.832221508026123
Oc1[nH]cc2cc(F)c(OCCCCN3CCN(c4cccc5cccc(F)c45)CC3)cc12,8.246258735656738,7.938355445861816,8.092307090759277
Oc1c2c(OCCNCCc3ccccc3)ccc(F)c2[nH]1,,,
Cc1cc2c(CCN3CCN(c4cccc(Cl)c4)CC3)cccc2[nH]1,6.9615912437438965,6.652029991149902,6.806810617446899
Clc1ccc(N2CCN(CCCCn3cccn3)CC2)n2nccc21,6.848899364471436,7.009181976318359,6.9290406703948975
CCCN(CCN1CCN(c2cccc3ccoc23)CC1)C1CCc2ccc(O)cc2C1,8.003236770629883,8.87026596069336,8.436751365661621
CN1CCN(C2Cn3cccc3Sc3ccc(F)cc32)CC1,8.455343246459961,8.19658088684082,8.32596206665039
O=C(NCCCCN1CCN(c2cccc(Cl)c2Cl)CC1)c1cc2ccccc2[nH]1,7.3425798416137695,9.33303451538086,8.337807178497314
CCCN(CCN1CCN(c2ccc(-c3ccccc3)cc2)CC1)C1CCc2ccc(O)cc2C1,7.323070049285889,8.556982040405273,7.940026044845581
O=C(N1CCN(CCCN2CCN(c3cccc(Cl)c3Cl)CC2)CC1)C1CCCCC1,6.84670352935791,7.303549766540527,7.075126647949219
Cc1ccc2c(N3CCN(CCc4cccc(-n5cncn5)c4)CC3)cccc2n1,6.764975547790527,6.538593292236328,6.651784420013428
CCCN(CCN1CCN(c2ccc(-c3cccc(C(F)(F)F)c3)cc2)CC1)C1CCc2cc(N3CCCC3)ccc2C1,6.738385200500488,7.272504806518555,7.0054450035095215
Oc1[nH]c2ccc(F)cc2c1CCCCN1CCN(c2cccc3ccccc23)CC1,8.035866737365723,7.975886821746826,8.005876779556274
Clc1ccccc1N1CCN(CCCCCN2CCCc3ccc(I)cc3C2)CC1,7.054876327514648,6.893908500671387,6.974392414093018
COc1ccccc1N1CCN(CCCCNC(=O)CC2Cc3ccccc3N2)CC1,7.910500526428223,7.681303977966309,7.795902252197266
Clc1cccc(N2C3CN(CCCCCN4CCN(c5ccccc5OC(COCCF)CC4)CC3)CC2)c1Cl,7.399811267852783,6.293642044067383,6.846726655960083
Oc1[nH]cc2ccc(OCCCN3CCN(c4cccc5cccnc45)CC3)cc12,8.214871406555176,7.997002601623535,8.105937004089355
CN1CCN(C2Cn3cccc3Sc3ccc(F)cc32)CC1,8.455343246459961,8.19658088684082,8.32596206665039
Oc1ccc2[nH]cc(CCCCN3CCN(c4cccc5c4CCCO5)CC3)c2c1,9.073297500610352,8.011152267456055,8.542224884033203
CN1CCN(c2cccc(C(=O)NCCCCN3CCN(c4cccc(Cl)c4Cl)CC3)c2)CC1,6.817080020904541,8.552701950073242,7.684890985488892
O=C(NCCCCN1CCN(c2ccc(Cl)cc2Cl)CC1)c1ccc(-c2ccccn2)cc1,6.414053916931152,8.567777633666992,7.490915775299072
COc1cccc(N2CCN(CCCCNC(=O)C=Cc3ccco3)CC2)c1,6.651177883148193,8.220270156860352,7.4357240200042725
[H]c1c([H])(O)CNCCc2ccc(CCNCC(O)c3ccc(Cl)c(Cl)c3)cc2)cc2c(C)n[nH]c12,,,
NCc1ccc2[nH]c(C3=CC(c4ccccc4)CC3)nc2c1,7.146278381347656,6.697654724121094,6.921966552734375
CCN1CCC(c2ccc(C#N)c(Cl)c2)CC1,6.479851722717285,5.647552490234375,6.06370210647583
CN1CCN(C2Cc3ccccc3Sc3ccc(O)cc32)CC1,8.415544509887695,8.763128280639648,8.589336395263672
CN1CCN(CCCN2c3ccccc3Sc3ccc(Cl)c(Cl)c32)CC1,6.956630706787109,7.532516002655029,7.244573354721069
Oc1[nH]cc2cc(F)c(OCCCCN3CCN(c4cccc5ccc(F)cc45)CC3)cc12,8.327508926391602,8.126531600952148,8.227020263671875
COc1cccc(N2CCN(CCCCNC(=O)C=Cc3ccc(Cl)cc3)CC2)c1,6.609189033508301,8.292142868041992,7.4506659507751465
COc1ccccc1N1CCN(CCCCNC(=O)C2CCc3ccc(OCCCCCN4CCN(c5ccccc5OC)CC4)cc3C2)CC1,7.917815208435059,8.25433349609375,8.086074352264404
CN1CCN(C2Cn3cccc3Sc3ccc(Cl)cc32)CC1,8.645715713500977,8.372458457946777,8.509087085723877
Fc1ccccc1N1CCN(CCCCCN2CCC3CCc4cc(F)ccc4C3C2)CC1,7.166254043579102,6.688234329223633,6.927244186401367
CCCN(CCN1CCN(c2ccc(F)cc2)CC1)C1CCc2ccc(O)cc2C1,6.809654712677002,8.134193420410156,7.471924066543579
O=C1N(CCN2CCN(c3cccc(Cl)c3Cl)CC2)CCN1CCCC1C2CCc1ccc(Cl)cc12,,,
COc1ccccc1N1CCN(CCCCSc2nc3cc(F)ccc3n2CCC2CCN3CCCCC2C(c3ccc(Cl)c(Cl)c3)CC2)CC1,,,
Oc1cc2c(OCCNCc3ccccc3)ccc(Cl)c2[nH]1,8.818074226379395,7.795658111572266,8.30686616897583
Oc1[nH]cc2ccc(OCCCN3CCN(c4cccc5cccc(F)c45)CC3)cc12,8.2858247756958,7.846155166625977,8.065989971160889
Oc1[nH]c2cc(F)ccc2c1CCCCN1CC=C(c2cccc3ccccc23)CC1,7.866070747375488,8.30687427520752,8.086472511291504
N#Cc1ccc(N2CCN(CCCCNC(=O)c3ccc(-c4ccc5c(c4)OCCO5)cc3)CC2)cc1,6.88332462310791,7.871232986450195,7.377278804779053
Oc1ccc(N2CCN(CCCCN3CCC(c4ccccc4)CC3)CC2)cc1,6.551662445068359,6.734922409057617,6.643292427062988
O=C(NCCN1CCN(C2CCc3ccc(OC(F)(F)F)cc3C2)CC1)c1cccc2c1CCNC2,6.64069128036499,6.841697692871094,6.741194486618042
CCCc1ccn(CCCCN2CCN(c3cc(C(F)(F)F)nc(C(C)(C)C)n3)CC2)n1,7.092522621154785,8.015569686889648,7.554046154022217
CCCN(CCN1CCN(c2cccc(Cl)c2Cl)CC1)C1CCc2ccc(O)cc2C1,7.754941463470459,8.884286880493164,8.319614171981812
O=C(NCCCCN1CCN(c2cccc(Cl)c2Cl)CC1)c1cccc2c1-c1ccccc1C2,6.840058326721191,8.24310302734375,7.541580677032471
Oc1c2c(CCNCC3CCC(c4cccc(Cl)c4)CC3)CCCCC2,,,
COc1ccccc1N1CCN(CCCCCN2CCc3ccc(-c4cscn4)cc3C2)CC1,7.16550350189209,8.047429084777832,7.606466293334961
Oc1[nH]cc2ccc(OCCCN3CCN(c4cccc5cnccc45)CC3)c(F)c12,7.985177993774414,8.017822265625,8.001500129699707
CCCN(CCN1CCN(c2ccc(-c3ccccc3OC)cc2)CC1)C1CCc2cc(O)ccc2C1,7.135197639465332,8.227148056030273,7.681172847747803
NCCc1c[nH]c2ccc(OCCCCCN3CCN(c4cccc(Cl)c4Cl)CC3)cc12,7.6538166999816895,7.744486331939697,7.699151515960693
CCN1CCCC1CNC(=O)c1c(CCCF)noc1C,6.766135692596436,7.923616409301758,7.344876050949097
CCCN(CCN1CCN(c2cccc3ccccc23)CC1)C1CCc2ccc(O)cc2C1,7.852016448974609,8.869171142578125,8.360593795776367
OC1(c2ccc(Cl)cc2)CC2CCC(C1)N2Cc1coc2ccccc12,7.902397632598877,8.243313789367676,8.072855710983276
O=C1N(CCN2CCN(c3ccccc3)CC2)CCN1c1cccc(Cl)c1,6.810571193695068,6.981840133666992,6.89620566368103
CN1CCc2c(sc3ccc(F)cc23)Cc2ccccc2CCN1,7.651758193969727,6.485671520233154,7.06871485710144
N#Cc1ccc2c(OCCCCCN3CCN(c4cccc(Cl)c4Cl)CC3)cccc2c1,8.044992446899414,8.268747329711914,8.156869888305664
CCCN(CCN1CCN(c2cccc3ccccc23)CC1)C1CCc2ccc(O)cc2C1,7.852016448974609,8.869157791137695,8.360587120056152
CC1NCc2ccccc2C2CCN(CCCc3c[nH]c4ccc(CS(=O)(=O)N5CCOCC5)cc34)CC21,6.624290466308594,5.955344676971436,6.289817571640015
Oc1[nH]cc2cc(F)c(OCCCN3CCN(c4cccc5cccc(F)c45)CC3)cc12,8.04649829864502,7.654010772705078,7.850254535675049
O=C1CCc2ccc(OCCCCN3CCN(c4cccc(C(F)(F)F)c4Cl)CC3)nc2N1,8.550561904907227,7.947593688964844,8.249077796936035
CCCN(CCN1CCN(c2ccccc2Cl)CC1)C1CCc2ccc(O)cc2C1,7.593542575836182,8.679712295532227,8.136627435684204
Cc1ncoc1C1CC2CN(CCCCOc3cccc4cccnc34)CC2O1,6.737802505493164,7.0629472732543945,6.900374889373779
O=C(NCCCCN1CCN(c2cccc(Cl)c2Cl)CC1)c1ccc(-c2ccccc2)cc1,7.198726177215576,8.894172668457031,8.046449422836304
CCCN(CCN1CCN(c2ccccc2)CC1)C1CCc2ccc(O)cc2C1,7.061977386474609,8.358572006225586,7.710274696350098
CC1NC(N)=Nc2ccc(Cl)c(Cl)c21,8.231038093566895,6.3875250816345215,7.309281587600708
FC(F)(F)CN(CCCCN1CCN(c2ccccc2Cl)CC1)C2=Cc1ccc2cc(C(F)(F)F)ccc2c1,,,
O=C1N(CCN2CCN(c3cccc(Cl)c3Cl)CC2)CCN1c1ccc(F)cc1,7.249331474304199,7.265499114990234,7.257415294647217
CCc1c(CN2CCN(c3ccccc3)CC2)cnn1-c1ccccc1C(F)(F)F,6.461103439331055,6.178260326385498,6.319681882858276
Oc1[nH]cc2cc(F)c(OCCCN3CCN(c4cccc5ccccc45)CC3)cc12,8.03945541381836,8.071406364440918,8.055430889129639
COc1ccccc1N1CCN(CCCCOc2ccc3ccc(O)nc3c2)CC1,8.581178665161133,8.298626899719238,8.439902782440186
CCCN(CCN1CCN(c2cccc3ncccc23)CC1)C1CCc2ccc(O)cc2C1,7.628834247589111,8.93879222869873,8.283813238143921
Oc1ccc2[nH]cc(CCCCN3CCN(c4cccc(Cl)c4Cl)CC3)c2c1,8.74388599395752,8.450736045837402,8.597311019897461
O=CC1(O)CCN(CCC2CCCc3ccc(OCCCN4CCN(c5cccc(Cl)c5Cl)CC4)cc32)CC1,7.188350200653076,7.585626602172852,7.386988401412964
c1csc(CN2CCN(c3cccc4cnc(-c5ccncc5)oc34)CC2)c1,,,
Cc1ccc2c(N3CCN(CCc4cccc5c4OCC(=O)N5C)CC3)cccc2n1,6.850943088531494,6.639899730682373,6.745421409606934
COc1ccccc1N1CCN(CCCCNC(=O)c2ccc(-c3ccccc3)cc2)CC1,7.363232612609863,8.831465721130371,8.097349166870117
Oc1c2c(OCCNCCCN3CCN(c4ccccc4)CC3)cccc2[nH]1,,,
COc1ccccc1N1CCN(CCCCNC(=O)c2ccccc2I)CC1,7.859369277954102,8.374762535095215,8.117065906524658
O=C(NCCCCN1CCN(c2cccc(Cl)c2Cl)CC1)c1ccc(-c2ccccc2)cc1,7.198726177215576,8.894172668457031,8.046449422836304
CCCCN(CCN1CCN(c2ccccc2OC)CC1)C1CCc2c(O)cccc2C1,8.260740280151367,8.49969482421875,8.380217552185059
Oc1ccc2[nH]cc(CCCCN3CCN(c4cccc(Cl)c4Cl)CC3)c2c1,8.743884086608887,8.450736045837402,8.597310066223145
Oc1ccc2c(CCC3CCN(CCc4ccccc4)CC3)cccc2[nH]1,,,
O=Cc1c(CCN2CCN(c3cccc(Cl)c3Cl)CC2)nc2c1CCC2,,,
Oc1cc2c(OCCNCCCc3ccccc3)ccc(F)c2[nH]1,8.73058795928955,7.729036331176758,8.229812145233154
CN1CCN(C2CC(c3ccc(F)cc3)c3ccc(Cl)cc32)CC1(C)C,7.741886615753174,7.0761308670043945,7.409008741378784
NCCCN1c2ccccc2CCc2ccccc21,5.733658790588379,6.47965669631958,6.1066577434539795
CCCN(CCN1CCN(c2cnccn2)CC1)C1CCc2c(O)cccc2C1,6.811219215393066,8.121588706970215,7.466403961181641
CCCN(CCN1CCN(c2ccccc2OC)CC1)C1CCc2ccc(O)cc2C1,7.815720081329346,8.517810821533203,8.166765451431274
CN1CCN(C2Cn3cccc3Sc3ccc(F)cc32)CC1,8.455343246459961,8.19658088684082,8.32596206665039
Oc1[nH]cc2ccc(OCCCN3CCN(c4cccc5cccc(F)c45)CC3)c(F)c12,8.132925987243652,7.728168487548828,7.93054723739624
CN1CCN(C2Cc3ccccc3Sc3ccc(-c4nnn(CCN5CCN(c6ccccc6Cl)CC5)n4)cc32)CC1,7.797025203704834,7.179340362548828,7.488182783126831
CCCN(CCCCCN1CCN(c2ccccc2OC)CC1)C1CCc2ccc(O)cc2C1,8.155640602111816,8.086040496826172,8.120840549468994
CCN1CCN(C)CC1CNC(=O)c1ccc2[nH]c(O)cc2c1,5.155420303344727,7.131036758422852,6.143228530883789
CCCN(CCN1CCN(c2ccccc2)CC1)C1CCc2c(O)cccc2C1,7.368458271026611,8.235482215881348,7.8019702434539795
O=C1CCc2ccc(OCCCCN3CCN(c4cccc(Cl)c4Cl)CC3)nc2N1,8.820858001708984,7.946710586547852,8.383784294128418
O=C1N(CCN2CCN(c3cccc(Cl)c3Cl)CC2)CCN1c1c(C(F)(F)F)cccc1Cl,7.081260681152344,7.317113876342773,7.199187278747559
Fc1ccc(F)c(OC2CN(CC3CCc4ccc(OCCN5CCCCC5)cc4C3)C2)c1,6.721938610076904,6.73745059967041,6.729694604873657
CC1CN(C2Cc3ccc(O)cc3CC2)CCN1CCC1CCOCC1,5.997033596038818,7.507802963256836,6.752418279647827
CN1Cc2ccccc2CC1CCN1CCC(c2cccc3cc(F)ccc23)CC1,7.465658187866211,6.626976013183594,7.046317100524902
CCCN(CCN1CCN(c2ccc(-c3ccc(F)cc3)cc2)C1=O)C1CCc2ccc(O)cc2C1,7.36655330657959,8.29316520690918,7.829859256744385
CCCN(CCN1CN=C2C(c3ccc(F)cc3)C=CCC21)C1CCc2c(O)cccc2C1,7.171636581420898,8.372417449951172,7.772027015686035
O=C(NCCCN1CCN(c2cccc(Cl)c2Cl)CC1)c1cccc2cc(F)ccc12,6.812891006469727,7.174185752868652,6.9935383796691895
CCCN(CCN1CCN(c2ccc(-c3ccccc3)cc2)CC1)C1CCc2ccc(O)cc2C1,7.323070049285889,8.556982040405273,7.940026044845581
NCCC(CC1CCC(NCC2CCc3c(Cl)ccc(Cl)c3C2)CC1)C(=O)O,6.570545673370361,7.519356727600098,7.0449512004852295
OCCN1CCN(C2Cn3cccc3Sc3ccc(F)cc32)CC1,7.845658302307129,7.513327598571777,7.679492950439453
CCN1CCCC1CNC(=O)c1ccc(C)c(C)c1,6.238568305969238,7.915579795837402,7.07707405090332
Clc1ccc2c(N3CCN(CCCCCc4ccccc4)CC3)cccc2[nH]1,,,
N#Cc1ccc(N2CCN(CCCCN3CCN(c4ccccc4)CC3)C2=O)cc1CI,6.703352928161621,7.688578605651855,7.195965766906738
CCCN(CCN1CCN(c2ccc(-c3ccccc3)cc2)CC1)C1CCc2ccc(O)cc2C1,7.323070049285889,8.556982040405273,7.940026044845581
NC(=O)Nc1cccc(CCN2CCN(c3cccc4nc(C(F)(F)F)ccc34)CC2)c1,7.924832344055176,7.17112922668457,7.547980785369873
COc1cccc(N2CCN(CCC3CCC(NC(=O)c4cccc(Cl)c4)CC3)CC2)c1,7.294357299804687,8.426040649414062,7.860198974609375
CCc1ccc(S(=O)(=O)NCCCN2CCN(c3cccc(C(F)(F)F)c3)CC2)cc1,6.648717403411865,7.195321083068848,6.9220192432403564
CCN(CC)C1CCc2ccc(OS(=O)(=O)c3ccccc3F)cc2C1,6.303088188171387,7.431150913238525,6.867119550704956
Oc1ccc2[nH]cc(CCCCN3CCN(c4ccccc4Cl)CC3)c2c1,8.63847541809082,8.2700834274292,8.45427942276001
CN1Cc2ccccc2C2(CCN(Cc3ccc(F)cc3)CC2)C1=O,6.644100189208984,7.497221946716309,7.0706610679626465
CCCN(CN1CCN(c2cccc3ccccc23)CC1)C1CCc2ccc(O)cc2C1,7.464760780334473,8.746541023254395,8.105650901794434
O=C1N(CCN2CCC3c4ccccc4CCC3C2)CCN1c1cccc2ccccc12,6.759561061859131,6.629743576049805,6.694652318954468
CN1CCN(c2cccc3c2CCCC3)CC1,7.924788475036621,6.758324146270752,7.3415563106536865
O=C1N(CCN2CCN(c3cccc(Cl)c3Cl)CC2)CCN1c1cccc(Cl)c1,7.528343200683594,7.927173614501953,7.727758407592773
Oc1ccc2c(c1)OC(CN1C3CCC1CC(OCCc1ccccc1)C3)CC2,7.952147006988525,7.785861015319824,7.869004011154175
CN1CCN(C2Cc3ccccc3Sc3ccc(Cl)cc32)CC1,9.140546798706056,8.702610969543457,8.921578884124756
CCCN(CCN1CCN(c2cccc3c2ccn3C)CC1)C1CCc2c(O)cccc2C1,7.585200786590576,8.429668426513672,8.007434606552124
NCCN1CCN(C2Cc3ccccc3Sc3ccc(C(F)(F)F)cc32)C1,7.16303300857544,7.168161392211914,7.165597200393677
CCCN(CCN1CCN(c2ccc(-c3ccccc3)cc2)CC1)C1CCc2ccc(O)cc2C1,7.323070049285889,8.556982040405273,7.940026044845581
CCCN(CCN1CCN(c2ccccc2OC)CC1)C1CCc2c(O)cccc2C1,8.0911283493042,8.516033172607422,8.30358076095581
Oc1c2c(nc3ccc(F)cc13)CCCC2,8.124468803405762,5.4574079513549805,6.790938377380371
Oc1cc2c(OCCN3CCC(c4nc5ccccc5s4)CC3)ccc(F)c2[nH]1,8.68964958190918,7.3336286544799805,8.01163911819458
COc1ccc2c(c1)CCC1CN(CCCCCN3C(=O)CCCC3=O)CCN21,6.792348384857178,6.997283458709717,6.894815921783447
COCCc1cccc2c1-c1ccc3c(C(C)NCC(F)(F)F)[nH]cc3c1,,,
CCN(CC)CCN1CCc2[nH]c(C=CCCCC(=O)O)cc2C1,5.4571404457092285,5.913241863250732,5.6851911544799805
COc1ccccc1N1CCN(CCCCc2ccc3c(c2)sc2ccc(F)cc23)CC1,7.715940475463867,7.761190414428711,7.738565444946289
CCCN(CCN1CCN(c2ccccc2OCCC)C1)C1CCc2ccc(O)cc2C1,7.464690208435059,8.485808372497559,7.975249290466309
CCN1Cc2c(cccc2CCN2CCN(c3cccc(Cl)c3Cl)CC2)C1=O,7.048738956451416,7.013494968414307,7.031116962432861
CCCN(CC=CI)C1CCc2ccc(O)cc2CC1,6.500528335571289,7.148399829864502,6.8244640827178955
COc1ccccc1N1CCN(CCCCNC(=O)C=Cc2cccc3ccccc23)CC1,7.35816764831543,8.837668418884277,8.097918033599854
CCCN(CCC1CCC(NC(=O)c2cc(Cl)cc(Cl)c2)CC1)C1CCc2nc(N)sc2C1,7.602651596069336,8.790101051330566,8.196376323699951
CN1CCN(C2Cc3ccccc3Sc3ccc(Cl)cc32)CC1,9.140546798706056,8.702610969543457,8.921578884124756
Cc1cc(OCCNCC2CCc3ccc(O)cc3O2)ccc1Br,9.31769847869873,7.892900943756103,8.605299711227417
CN1CCN(C2=Cc3ccccc3Oc3ccc(F)cc32)CC1,8.009591102600098,7.702358722686768,7.855974912643433
Oc1ccc2c(c1)OC(CNCC1CCC(c3ccccc3)CC1)CC2,7.9401774406433105,8.268875122070312,8.104526281356812
O=C1CCc2ccc(OCCCCN3CCN(c4ccccc4Cl)CC3)nc2N1,8.606689453125,7.439613342285156,8.023151397705078
CN1CCN(c2cccc3cccc(OCCCN4CCN(c5ccccc5C(F)(F)F)CC4)c23)CC1,7.474341869354248,7.236392021179199,7.355366945266724
O=C1NCCN1CCCCCN1CCC(c2cn(-c3ccccc3)c3ccc(Cl)cc23)CC1,7.293834209442139,6.764056205749512,7.028945207595825
CCCN(CCN1CCN(c2ccc(O)c3ccccc23)CC1)C1CCc2c(O)cccc2C1,7.966939926147461,9.114623069763184,8.540781497955322
CN1CCc2c(c3cccc4c3n2CCc2ccccc2-4)C1,6.781023979187012,5.879777431488037,6.330400705337524
Oc1ccc2[nH]cc(CCCN3CC=C(c4ccccc4)CC3)c2c1,8.563071250915527,8.061660766601562,8.312366008758545
CN1CCN(C2Cn3cccc3Sc3ccc(Br)cc32)CC1,8.921730041503906,8.506511688232422,8.714120864868164
COc1ccccc1N1CCN(CCCCOc2ccc3c(c2)NC(=O)CC3)CC1,8.793431282043457,7.612606048583984,8.20301866531372
CCCN(CCN1CCN(c2ccccc2OC)CC1)C1CCc2ccc3[nH]cc(C=O)c3c2C1,7.652227401733398,7.40280818939209,7.527517795562744
CCCN(CCN1CCN(c2cccc3c2CCc2ccc(OC)cc2-3)CC1)C1CCc2ccc(O)cc2C1,7.695099353790283,8.599035263061523,8.147067308425903
COc1ccccc1N1CCN(CCCCSc2nc(-c3cccs3)cc(C(F)(F)F)n2)CC1,7.398979187011719,8.034360885620117,7.716670036315918
N#Cc1cccc(N2CCN(CCCCNC(=O)c3cc(C(F)(F)F)ccc3N)CC2)c1,7.712640285491943,8.288482666015625,8.000561475753784
COc1cccc(OC)c1NCCCCN1CCN(c2cccc3c2CCCC3)CC1,8.171932220458984,8.096220970153809,8.134076595306396
Oc1cc2c(N3CCN(CCCCc4cccc5cccc(F)c45)CC3)cccc2[nH]1,8.384346961975098,7.791314125061035,8.087830543518066
COc1ccccc1N1CCN(CCCCNC(=O)c2cccc3c2-c2ccccc2C3=O)CC1,6.965746402740479,8.231231689453125,7.598489046096802
Cc1ccc2c(N3CCN(CCc4ccccc4)CC3)cccc2n1,7.530989646911621,6.5629963874816895,7.046993017196655
CCN1CCc2ccccc2Cc2cccc3c2C1Cc1cccc(O)c1-3,7.07091236114502,7.237685680389404,7.154299020767212
CN1CCN(c2cccc3ccccc23)CC1,7.877086639404297,6.819706439971924,7.34839653968811
CN1CCc2cccc3c2Cc2cccc(c2)C1CO,,,
CN1CCc2cccc3c2C1Cc1cccc(O)c1-3,6.989553451538086,7.396730422973633,7.193141937255859
CCN1CCN(c2cccc(C#CCCN3CCN(c4ccccc4OC)CC3)c2)CC1,7.826883792877197,7.341179370880127,7.584031581878662
CCc1cc(CN2CCN(C3C4CCC3CC(C(C)(C)C(=O)c3ccccc3)C4)CC2)ccc1O,6.091654777526856,6.94225549697876,6.516955137252808
CCCN(CCN1CCN(c2cccc3ccoc23)CC1)C1CCc2ccc(O)cc2C1,8.003240585327148,8.87026596069336,8.436753273010254
Cc1c(F)ccc(CCN2CCN(c3cccc4nc(C(F)(F)F)ccc34)CC2)c1C,7.38654613494873,5.977922439575195,6.682234287261963
N#Cc1ccc(N2CCN(CCCCNC(=O)Cc3cccc(C(F)(F)F)c3)CC2)cc1-c1nc2c(N)ccc(Cl)c2o1,6.949555397033691,6.613723278045654,6.781639337539673
CCOc1ccccc1N1CCN(CCCCCNC(=O)C=Cc2ccc(I)cc2)CC1,7.714168548583984,8.303972244262695,8.00907039642334
COc1ccccc1N1CCN(CCCCCNC(=O)c2ccoc2)CC1,7.266579627990723,7.594185352325439,7.430382490158081
Oc1ccc2c3c1OC1CCC(OCCN4CCN(c5cccc(Cl)c5Cl)CC4)CC3)CC1,,,
CN1CCN(C2=Cc3ccccc3Cc3ccc(Cl)cc32)CC1,7.779814720153809,7.546051025390625,7.662932872772217
CN1CCc2cc(Cl)c(O)cc2C(c2ccccc2)C1,5.661478042602539,6.288370132446289,5.974924087524414
CCCN(CCN1CCN(c2cccc3ccccc23)CC1)C1CCc2ccc(O)cc2C1,7.852016448974609,8.869171142578125,8.360593795776367
Oc1[nH]cc2cc(F)c(OCCCN3CCN(c4cccc5ccccc45)CC3)cc12,8.03945541381836,8.071406364440918,8.055430889129639
COc1ccccc1N1CCN(CCc2ccc3ccccc3c2)CC1,7.504006385803223,7.094361782073975,7.299184083938599
CCCNc1ccccc1Sc1ccc(CCNCC(O)c2ccccc2)c1,,,
Clc1cccc(N2CCN(CCCCN3CCN(c4ccccc4)CC3)CC2)c1Cl,7.491413116455078,7.863033294677734,7.677223205566406
O=C1Cc2cc(OCCCCN3CCN(c4cccc5cc(F)ccc45)CC3)ccn2)CCN1,,,
Oc1cc2c(OCCNCCCc3c[nH]c4ccc(F)cc34)ccc(F)c2[nH]1,8.928824424743652,7.506821155548096,8.217822790145874
CCCN(CCN1CCN(c2ccccc2)CC1)C1CCc2ccc(O)cc2C1,7.061977386474609,8.358572006225586,7.710274696350098
CCN1CC2c3c(cccc3OCCN2CCCCC(C)=O)CCC1CCC2,,,
CC(C)(C)c1cccc(OCCCN2CCN(c3cccc4nc(C(F)(F)F)ccc34)CC2)c1,6.886412143707275,7.432123184204102,7.1592676639556885
OCCNCC1CCc2ccc(Cl)cc2N1,5.470160484313965,6.623547077178955,6.04685378074646
CN1CCc2ccccc2Cc2ccc(Cl)cc2CC2c3c[nH]c(O)c3CCC21,7.080733776092529,7.553126811981201,7.316930294036865
Cc1cncc(OCCCNCC2CCc3ccc(O)cc3C2)c1,7.177456855773926,7.89394474029541,7.535700798034668
Oc1[nH]cc2cc(F)c(OCCCN3CCN(c4cccc5ccccc45)CC3)cc12,8.03945255279541,8.071406364440918,8.055429458618164
CCCN(CCN1CCN(c2cccc3ccc(OC)cc23)CC1)C1CCc2ccc(O)cc2C1,7.723155975341797,8.491579055786133,8.107367515563965
Cc1ccc2c(N3CCN(CCCCNC(=O)c4cccc5cccc(F)c45)CC3)cccc2n1,7.104082584381104,7.79383659362793,7.448959589004517
O=C1Nc2cccc(CCN3CCN(c4cccc(Cl)c4Cl)CC3)c2Nc2ccccc21,8.142702102661133,6.737275123596191,7.439988613128662
NCC1CCN(c2ccccc2C=CCc2ccccc2)C1,6.168787002563477,6.437690258026123,6.3032386302948
CCCN(CCN1CCN(c2cccc3ccccc23)CC1)C1CCc2ccc(O)cc2C1,7.852016448974609,8.869171142578125,8.360593795776367
CCCN(CCC1CCC(N2CCN(c3ccccc3Cl)CC2=O)C1)C1CCc2ccc(O)cc2C1,7.701096534729004,8.628595352172852,8.164845943450928
COc1ccc(N2CCN(CCCCNC(=O)c3ccccc3C)CC2)cc1,6.105157852172852,7.180849075317383,6.643003463745117
N#Cc1ccc(N2CCC(CCCN3CCN(c4ccccc4Cl)CC3)CC2)cc1CCN1CCN(c2ccccc2F)CC1,7.367750644683838,7.025928497314453,7.1968395709991455
Clc1cccc(N2CCN(CCCCNc3cccc4c3Oc3ncccc34)CC2)c1Cl,7.981294631958008,7.959470748901367,7.9703826904296875
COc1ccccc1N1CCN(CCCCc2cccc(OCCCCN3CCN(c4ccccc4OC)CC3)c2)CC1,8.119065284729004,8.293952941894531,8.206509113311768
O=S(=O)(NCCCCN1CCN(c2cccc(Cl)c2Cl)CC1)c1cnc2ccccc2c1,7.7855939865112305,8.284785270690918,8.035189628601074
Oc1c2c(OCCNCc3cccc(Cl)c3F)cccc2[nH]1,,,
Cc1c(Oc2ccc(-c3ccc(CN4CCN(c5cccc6ccccc56)CC4)cc3)cc2)ccc2nccnc12,6.734436511993408,6.723687171936035,6.729061841964722
CCCN(CCN1CCN(c2cncc3ccc(-c4ccccc4)cc23)CC1)C1CCc2c(O)cccc2C1,7.714992046356201,8.759794235229492,8.237393140792847
O=C(NCCN1CCN(c2cccc3c2CCCO3)CC1)c1cccc2c1CCN2CCCF,7.718443393707275,7.207711696624756,7.463077545166016
CCN(CCCCCCCN1CCN(c2cccc(Cl)c2Cl)CC1)C1CCc2c(O)cccc2C1,8.213212966918945,8.447702407836914,8.33045768737793
N#Cc1cccc(N2CCN(CCCCN3CCN(c4ccccc4Cl)CC3)CC2)c1,7.605154037475586,8.284663200378418,7.944908618927002
Oc1[nH]cc2cc(Cl)c(OCCCN3CCCN(c4cccc5cccc(F)c45)CC3)cc12,7.6761651039123535,7.427984714508057,7.552074909210205
CCN1CCN(CCCCN2c3ccccc3Sc3ccc(Cl)cc32)CC1,7.497236251831055,8.112188339233398,7.804712295532227
CCCN(CCN1CCN(c2ccccc2O)CC1)C1CCc2ccc(O)cc2C1,7.675475597381592,9.087706565856934,8.381591081619263
COc1cc(OCCNCC2CCc3ccc(O)cc3O2)cc(OC)c1OC,8.40797233581543,7.345452785491943,7.8767125606536865
CCCN(CCN1CCN(c2cccc3c2OCCCO3)CC1)C1CCc2ccc(O)cc2C1,8.271718978881836,8.31121826171875,8.291468620300293
CN1CCN(CCc2cccc(-c3[nH]c4ncc(C(N)=O)cc4c3C3CCN(CCCC=Cc4ccc(Cl)cc4)CC3)c2)CC1,6.274043560028076,7.0731401443481445,6.67359185218811
N1CCc2ccccc2CCN2CCCCCCC2c2ccccc21,6.230274200439453,5.791369915008545,6.010822057723999
CCN(CCN(CC)C1CCc2ccc(O)cc2C1)C1CCc2nc(N)sc2C1,7.359910488128662,9.475157737731934,8.417534112930298
Oc1cc(N2CCN(Cc3ccc4[nH]ccc4c3)CC2)cc2c1OCC2,7.89007568359375,6.678056716918945,7.284066200256348
Oc1[nH]c(O)c2ccc(OCCCN3CCN(c4cccc5ccccc45)CC3)cc12,8.359353065490723,8.321101188659668,8.340227127075195
NCC1CCC(c2ccc(F)cc2)CC1,6.222911834716797,6.686183929443359,6.454547882080078
CCCN(CCN1CN=C2Cc3ccc(OCCCF)cc3CC2)C1)C1CCc2nc(N)sc2C1,,,
Fc1ccc(N2CCN(CCCCCCN3CCc4ccccc4C3)CC2)cc1,6.351996898651123,6.642275810241699,6.497136354446411
CCCN(CCN1CCN(c2cccc3cccnc23)CC1)C1CCc2ccc(O)cc2C1,7.680376052856445,8.793758392333984,8.237067222595215
O=C(NCCCCN1CCN(c2cccc(Cl)c2Cl)CC1)c1ccc(F)cc1,7.551733493804932,8.872730255126953,8.212231874465942
COc1cccc(OCCNCCOc2ccccc2OCCNCCF)c1,7.006304264068604,7.458853721618652,7.232578992843628
Oc1[nH]c2ccccc2c1CCCCN1CCN(c2cccc3ccccc23)CC1,7.698060035705566,7.971535682678223,7.8347978591918945
Oc1[nH]c2cccc(OCCCN3CCN(c4cccc5cccc(F)c45)CC3)c2o1,,,
COc1ccccc1N1CCN(CCCCc2ccc3c(c2)-c2ncc[nH]2)CC1,,,
O=C(CCCN1CC=C(c2cccc3ccccc23)CC1)c1ccc(F)cc1,7.981243133544922,8.04686164855957,8.014052391052246
O=C(NCC=CCN1CCN(c2cccc(Cl)c2Cl)CC1)c1ccc(F)nc1,7.520318031311035,8.621614456176758,8.070966243743896
CCCN(CCN1CCN(c2cnc3ccc(OC)cc3c2C)CC1)C1CCc2ccc(O)cc2C1,6.938518524169922,8.053533554077148,7.496026039123535
CCCN(CCCCCCN1CCN(c2cccc(Cl)c2Cl)CC1)C1CCc2ccc(O)cc2C1,8.100114822387695,8.594127655029297,8.347121238708496
Cc1cc(OCCCNCC2CCc3ccccc3O2)ccc1-n1cnc2ccccc21,7.565688610076904,7.565928936004639,7.5658087730407715
CCN(CCCCCN1CCC(c2cc(OC)ccc2OC)CC1)C1CCc2c(O)cccc2C1,7.626160144805908,7.093451976776123,7.359806060791016
CC1N=C(F)CN1CCc1c[nH]c2ccc(F)cc12,5.792326927185059,6.618958950042725,6.205642938613892
O=C(NN1CCN(CCCc2ccc(F)cc2)CC1)C12Cc3c(O)cccc3C(C1)CN(CC1CC1)C2,6.515018463134766,7.403244972229004,6.959131717681885
Oc1ccc2c(CCCN3CCN(c4cccc5ccccc45)CC3)c[nH]c2c1,8.276044845581055,7.539035797119141,7.907540321350098
CN1CC=C(c2c[nH]c3ccc(Br)cc23)CC1,8.896330833435059,7.079986572265625,7.988158702850342
Ic1cc(N2CCN(CCCCCCN3CCN(c4ccc(Cl)cc4Cl)CC3)CC2)ccc1Cl,7.149166584014893,7.416362285614014,7.282764434814453
NCCN1CCc2ccccc2Cc2ccc(O)cc2CC1,6.913034439086914,7.527538776397705,7.22028660774231
O=C(NCCCCN1CCN(c2cccc(Cl)c2Cl)CC1)c1cc2ccccc2[nH]1,7.3425798416137695,9.33303451538086,8.337807178497314
CN1CCN(C2=Cc3ccccc3Sc3ccc(Cl)cc32)CC1,8.637375831604004,8.453805923461914,8.545590877532959
Oc1cc2c(OCCNCCCc3ccccc3)ccc(Cl)c2[nH]1,8.73649787902832,7.726273536682129,8.231385707855225
CCCN(CCN1CCN(c2ccccc2)CC1)C1CCc2c(O)cccc2C1,7.368458271026611,8.235482215881348,7.8019702434539795
Oc1ccc2c(c1)OC(CNCCCN1CCN(c3cccc(Cl)c3Cl)CC1)CC2,9.14795970916748,8.325576782226562,8.736768245697021
Oc1cc2c(OCCNCCCc3ccccc3)ccc(Cl)c2[nH]1,8.736502647399902,7.726273536682129,8.231388092041016
CCCN(CCN1CCN(c2ccc3[nH]ccc3c2)CC1)C1CCc2ccc(O)cc2C1,7.211013793945312,8.363239288330078,7.787126541137695
CN1CCN(CCN2CC3Cc4ccccc4Cc4ccc(O)cc4C3C2)CC1,6.952776908874512,7.303371429443359,7.1280741691589355
O=C1N(CCN2CCN(c3cccc(Cl)c3Cl)CC2)CCN1c1cccc(Cl)c1,7.528343200683594,7.927173614501953,7.727758407592773
CCCN(CCN1CCN(c2cccc3c2OCCO3)CC1)C1CCc2ccc(O)cc2C1,7.739287376403809,8.579225540161133,8.15925645828247
CCCN(CCC1CCC(NC(=O)c2ccc3ncccc3c2)CC1)C1CCc2ccc(O)cc2C1,7.284198760986328,8.563467025756836,7.923832893371582
CCN(CCCCCN1CCN(c2cccc3cccnc23)CC1)C1CCc2c(O)cccc2C1,8.346936225891113,8.344541549682617,8.345738887786865
O=C(NCCN1CCN(c2cccc(-c3ccncc3)c2)CC1)c1ccccc1F,6.293709754943848,6.049178600311279,6.1714441776275635
CN1CCc2ccc3c2Cc2ccc(O)c(F)c2CC1,,,
O=C(NCCCCN1C2CCC1c1c(cc(Cl)c2)C2CCC1CC2)c1ccc(O)cc1,,,
Oc1[nH]cc2ccc(OCCCN3CCN(c4cccc5c4CCCl)CC3)cc12,,,
O=C1N(CCN2CCCCC2)CCN1c1cccc(C(F)(F)F)c1,7.665560722351074,8.583728790283203,8.124644756317139
CCCN(CCN1CCN(c2ccc(-c3ccccc3)cc2)CC1)C1CCc2ccc(O)cc2C1,7.323070049285889,8.556982040405273,7.940026044845581
O=C(OCCN1CCN(c2ccccc2)CC1)C1c2ccccc2CCc2ccccc21,5.700020790100098,6.005187034606934,5.852603912353516
CN1CCN(c2ccc3nc(CCCCCCN4CCN(c5ccccc5OC(F)(F)F)CC4)[nH]c3c2)CC1,7.496129512786865,7.102198123931885,7.299163818359375
O=C1N(CCN2CCC(CCCc3ccccc3)CC2)CCN1c1ccccc1,7.619532108306885,7.031391143798828,7.3254616260528564
NCCCN1c2ccccc2CCc2cccc(CC=CCCCCCCCCCCCN2CCN(CCc3ccccc3OCCCN3CCCCC3)CC2)C1=O,,,
N#CNC(=NCCN1CCN(c2cccc(Cl)c2)CC1)c1cccc2ccccc12,6.28652811050415,6.295770645141602,6.291149377822876
O=C(NCCCCCN1CCN(c2cccc(Cl)c2Cl)CC1)c1ccccn1,7.757745742797852,7.913137435913086,7.835441589355469
CCCN(CCN1CCN(c2ccccc2)CC1)C1CCc2c(O)cccc2C1,7.368458271026611,8.235482215881348,7.8019702434539795
O=C1N(CCN2CCC3c4ccccc4Nc4ccc(NC(=O)CCCCCN6CCN(c7ccccc7CCCC6=O)cc43)CC2)CCN1,7.427498817443848,6.469689846038818,6.948594331741333
Fc1cccc(CN2CCN(CCCc3cnn4cccnc34)CC2)c1,5.120473861694336,6.316229820251465,5.7183518409729
O=C1N(CCN2CCN(c3cccc(Cl)c3Cl)CC2)CCN1c1cc(Cl)ccc1Cl,7.290504455566406,7.610410213470459,7.450457334518433
O=C1CCc2ccc(OCCCCN3CCN(c4cccc(Cl)c4Cl)CC3)cc2N1,8.753911018371582,8.536991119384766,8.645451068878174
Oc1ccc2c(CCCCN3CC=C(c4ccccc4)CC3)ncnc2c1,7.965878963470459,8.23973274230957,8.102805852890015
CCN1CCCC(c2ccc(Cl)cc2)C2c3ccc(O)cc3CCC21,7.074730396270752,7.275007247924805,7.174868822097778
c1cc(N2CCN(CCCCN3c4cccc5cccc(c45)S3)CC2)ccc1NCCN1CCN(c2ccccc2OCC2CCC3)CC1,,,
CCCN(CCN1C2CCC1c1ccc(Cl)cc1C2)C1CCc2c(O)cccc2C1,6.96438455581665,9.001072883605957,7.982728719711304
CC(C)CCN1CCc2ccc(I)cc2C1,6.604613780975342,7.616158485412598,7.11038613319397
Clc1cccc(N2CCNCC2)c1Cl,6.961555004119873,5.804415225982666,6.3829851150512695
COc1cccc(N2CCN(CCCCCN3CCN(c4ccccc4OC)CC3)CC2)c1,7.2867560386657715,7.358949661254883,7.322852849960327
N#Cc1ccc2[nH]cc(CCCCN3CCN(c4cccc5nscc45)CC3)c2c1,8.436203002929688,8.195845603942871,8.31602430343628
CCc1cc(Cl)cc(CCNCC2CC3CCC2(C)C3(C)C)c1O,6.653111457824707,7.060843467712402,6.856977462768555
CCCN(CCN1CCN(c2cccc3ccoc23)CC1)C1CCc2c(O)cccc2C1,8.249430656433105,8.883919715881348,8.566675186157227
CN(C1CCc2ccc(CCN3CCN(c4cccc(Cl)c4Cl)CC3)cc2C1)S(=O)(=O)c1ccc(Cl)c(Cl)c1,7.102382183074951,7.470029830932617,7.286206007003784
CN1CCN(C2=Nc3cc(Cl)ccc3Oc3ccc(F)cc32)CC1,7.046861171722412,7.587928771972656,7.317394971847534
Oc1ccc2c(c1)OC(CNCCCN1CCN(c3cccc(Cl)c3Cl)CC1)CC2,9.14795970916748,8.325576782226562,8.736768245697021
COc1ccc(CN2CCN(CCCCCC(=O)N3CCc4ccccc4C3)CC2)cc1Cl,5.731500625610352,6.661656379699707,6.196578502655029
CCN(CCCCN1CCN(c2cc(Cl)ccc2Cl)CC1)C1CCc2ccc(O)cc2C1,7.911443710327148,8.97326946258545,8.442356586456299
Oc1cc2c(OCCNCc3ccccc3)ccc(Cl)c2[nH]1,8.818074226379395,7.795658111572266,8.30686616897583
CN1CCN(C2Cc3ccccc3Sc3ccc(F)cc32)CC1,9.00782871246338,8.473591804504395,8.740710258483887
O=C1N(CCN2CCN(c3cccc(Cl)c3Cl)CC2)CCN1c1ccc(Cl)cc1,7.058094501495361,7.307165622711182,7.1826300621032715
COc1ccccc1N1CCN(CCCCc2ccc3ccccc3c2)CC1,7.777406692504883,7.991216659545898,7.884311676025391
Oc1[nH]cc2ccc(OCCCN3CCN(c4cccc5cccc(Cl)c45)CC3)cc12,8.160287857055664,7.99403190612793,8.077159881591797
CCN(CCCCCN1CCN(c2cccc3ccccc23)CC1)C1CCc2ccc(O)cc2C1,8.043211936950684,8.384941101074219,8.214076519012451
O=C(NCCN1CCN(c2cccc3ccccc23)CC1)c1ccccc1Cl,7.246432781219482,7.05153751373291,7.148985147476196
COc1ccccc1N1CCN(CCCCCNC(=O)C=Cc2ccc(OCCF)cc2)CC1,7.63122034072876,7.806147575378418,7.718683958053589
NCCN1CCc2cc(OCCF)ccc2CCc2ccccc2C1,6.011699676513672,6.664911270141602,6.338305473327637
Oc1[nH]cc2cc(Cl)c(OCCCN3CCN(c4cccc5cnccc45)CC3)cc12,7.66774320602417,8.089370727539062,7.878556966781616
C[SH](=O)(O)N=C1CCC(CCN2CCC3(c4cc(Cl)cc(Cl)c4)CCCC3C2)CC1,7.719902038574219,8.541279792785645,8.130590915679932
CCN1CCN(c2cccc3ccc(O)cc23)CC1,8.824508666992188,7.556041717529297,8.190275192260742
CN1CCc2ccccc2Cc2c(CCCCN3CCN(c4ccccc4OC(F)(F)F)CC3)cccc21,7.253796100616455,6.892395973205566,7.073096036911011
O=C(NCCN1CCN(C2CCN(c3cccc(Cl)c3Cl)CC2)CC1)c1cccnc1,5.922668933868408,6.067875862121582,5.995272397994995
COc1ccccc1N1CCN(CCCCNC(=O)CCCCCNC(=O)C=Cc2ccccc2OC)CC1,7.745181083679199,8.22308349609375,7.984132289886475
OC(CCCN1CCN(c2ccccc2CCc2ccccc2)CC1)c1ccc(F)cc1,6.143984317779541,6.28865909576416,6.216321706771851
Oc1[nH]cc2cc(F)c(OCCCCN3CCN(c4cccc5cccc(F)c45)CC3)cc12,8.246258735656738,7.938355445861816,8.092307090759277
CCCN(CCC)C1CCc2ccc(O)cc2C1,7.70214319229126,8.176817893981934,7.939480543136597
Cc1ccc2c(N3CCN(CCc4cccc(N5CCN(C)CC5)c4)CC3)cccc2[nH]1,,,
Cc1ccc2c(N3CCN(CCc4cccc(NC(=O)c5cccs5)c4)CC3)cccc2n1,6.774297714233398,6.780170917510986,6.777234315872192
C=CCN1CCCC1CNC(=O)c1c(O)cccc1OCCN1CCN(c2cccc(C(F)(F)F)c2Cl)CC1,7.786753177642822,8.374879837036133,8.080816507339478
CCN1CCCC2c3cc(O)ccc3CCC21,6.919684886932373,7.517631530761719,7.218658208847046
CCCN(CCN1CCN(c2ccnc3ccccc23)CC1)C1CCc2ccc(O)cc2C1,7.621154308319092,8.850150108337402,8.235652208328247
CCCN(CCN1CCN(c2ccc(-c3ccccc3)c3ccccc23)C1=O)C1CCc2c(F)cccc2C1,6.786917209625244,7.747864723205566,7.267390966415405
Clc1ccc(N2CCNCC2)cc1Cl,5.681159973144531,4.618091583251953,5.149625778198242
Oc1ccc2[nH]cc(CCCCN3CCN(c4cccc5ccccc45)CC3)c2c1,8.49316692352295,8.180514335632324,8.336840629577637
CCCN(CCN1CCN(c2cccc3ccccc23)CC1)C1CCc2c(O)cccc2C1,8.05475902557373,8.830840110778809,8.44279956817627
CCN(CCN1CCN(c2ccccc2OC)CC1)C1CCc2c(O)cccc2C1,8.226885795593262,8.17773723602295,8.202311515808105
CCCN(CCN1CCN(c2cccc3ccccc23)CC1)C1CCc2ccc(O)cc2C1,7.852016448974609,8.869157791137695,8.360587120056152
CCCN(CCN1CCN(c2cccc(Cl)c2Cl)CC1)C1CCc2ccc(O)cc2C1,7.754941463470459,8.884286880493164,8.319614171981812
Oc1ccc2[nH]cc(CCCN3CCN(c4cccc5cccc(Cl)c45)CC3)c2c1,8.39263916015625,7.109852313995361,7.751245737075806
CN1CCc2ccccc2Cc2cc(O)ccc2CC1,7.661470413208008,7.070633888244629,7.366052150726318
Oc1ccc2c(c1)OCC(CNCCC1CCC(c3ccccc3)CC1)C2,6.639993667602539,7.757020473480225,7.198507070541382
COc1ccccc1N1CCN(CCCCNC(=O)c2c(C)cccc2C)CC1,7.61601448059082,8.067893028259277,7.841953754425049
O=C1N(CCN2CCN(c3ccccc3)CC2)CCN1c1cccc(Cl)c1,6.810571193695068,6.981840133666992,6.89620566368103
CN1CCC2Cc3ccccc3Cc3ccccc3N2CC1,6.519183158874512,6.276376247406006,6.397779703140259
CCOc1ccccc1N1CCN(CCCCNC(=O)c2ccc(F)cc2)CC1,7.670219421386719,9.09929656982422,8.384757995605469
O=C(NC1CCC(CCN2CCN(c3ccccc3Cl)CC2)CC1)c1ccc(-c2ccccc2)cc1,7.281088829040527,8.287113189697266,7.7841010093688965
CN1CCc2cccc3c2Cc2[nH]cc(CCCN3CCCC3=O)c2C1,,,
Oc1cc2c(OCCNCc3ccccc3)ccc(F)c2[nH]1,8.782026290893555,7.853747367858887,8.31788682937622
CCN1CCN(c2ccc3[nH]ccc3c2)CC1,7.058343887329102,5.991379261016846,6.524861574172974
O=C(NC1CCCCC1)OC1CCC(N2CCN(c3cc(F)ccc3OC(F)(F)F)CC2)CC1,7.901658535003662,8.139555931091309,8.020607233047485
CCN1CCCCC1CNC(=O)c1ccc(CCF)cc1,6.484141826629639,7.753156661987305,7.118649244308472
CCCN(CCN1CN=C2Cc3ccc(OC)cc3C2)CC1)C1CCc2ccc(O)cc2C1,,,
CCCN(CCN1CCN(c2ccccc2)CC1)C1CCc2ccc(O)cc2C1,7.061977386474609,8.358572006225586,7.710274696350098
CCNc1cc(Cl)c(-c2c[nH]c3cc(F)ccc23)cc1OCCCN1CCN(c2ccccn2)CC1,7.102090358734131,7.366731643676758,7.234411001205444
N#Cc1cccc2[nH]c(CN3C4CCC3CC(=O)N(CCCCN5CCN(c6ccccc6C#N)CC5)C4)C3)nc12,,,
Oc1[nH]cc2ccc(OCCCCN3CCN(c4cccc5cccc(F)c45)CC3)cc12,8.384243965148926,8.055950164794922,8.220097064971924
O=C(NCCCCN1CCN(c2cccc(Cl)c2Cl)CC1)c1ccc2c(c1)Cc1ccc(O)cc1-2,7.520121097564697,9.253488540649414,8.386804819107056
Oc1[nH]cc2c1C(CCCN1CC=C(c2ccccc2)CC1)CC2,6.918816089630127,8.031840324401855,7.475328207015991
CN1CCN(C2Cc3ccccc3Sc3ccc(CCN4CCN(c5cccc(Cl)c5Cl)CC4)cc32)CC1,7.906411170959473,7.716686248779297,7.811548709869385
CN1CCCC1CNCc1cccc(CO)c1,3.713065624237061,5.873461723327637,4.793263673782349
CN(C)Cc1ccccc1-c1ccc(NCCN)cc1,5.870351314544678,5.418262004852295,5.644306659698486
NCCc1c[nH]c2ccc(OCCCCN3CCN(c4cccc5ccccc45)CC3)cc12,7.365953922271728,7.644235610961914,7.505094766616821
CCCN(CCN1CCN(c2ccccc2)CC1)C1CCc2ccc(O)cc2C1,7.061977386474609,8.358572006225586,7.710274696350098
O=C1NCCN1C1CN(Cc2ccc(Cl)cc2)CC2CCC1CC2,6.500067234039307,7.603213310241699,7.051640272140503
CC(C)CN(CCN1CCN(c2cccc(Cl)c2Cl)CC1)C1CCc2ccc(O)cc2C1,7.711857795715332,8.315897941589355,8.013877868652344
CC1CN(C2CC(=O)c3ccc(OCCF)cc3C2)CCN1CCC1CC2=Cc1ccc(F)cc1,,,
Oc1[nH]cc2ccc(OCCCN3CCN(c4cccc5cccc(F)c45)CC3)cc12,8.2858247756958,7.846155166625977,8.065989971160889
Cc1nc2c(C)c(OCCCNCc3ccc(C(F)(F)F)cc3)ccc2[nH]1,7.076411247253418,6.713974952697754,6.895193099975586
COc1cccc(F)c1N1CCN(CCCCNC(=O)c2ccc3ccccc3c2)CC1,7.37985372543335,8.857131004333496,8.118492364883423
CCCN(CCN1CCN(c2cccc3c2OCCCO3)CC1)C1CCc2ccc(O)cc2C1,8.271718978881836,8.31121826171875,8.291468620300293
Clc1cccc(N2CCN(CCCCCNCc3c[nH]c4ccc(I)cc34)CC2)c1Cl,7.785511493682861,7.417124271392822,7.601317882537842
CCCN(CCN1CCN(c2cccc(Cl)c2Cl)C1=O)C1CCc2c(O)cccc2C1,7.713640213012695,8.579418182373047,8.146529197692871
Fc1ccc(N2CCN(CCCCCNCCCc3c[nH]c4ccc(I)cc34)CC2)cc1,7.099496841430664,6.548222541809082,6.823859691619873
Oc1[nH]cc2ccc(OCCCCN3CCN(c4cccc5cccc(Cl)c45)CC3)cc12,8.276416778564453,8.217445373535156,8.246931076049805
Oc1ccc2[nH]cc(CCCCN3CCN(c4cccc(Cl)c4Cl)CC3)c2c1,8.743884086608887,8.450736045837402,8.597310066223145
CCCN(CCC(C)C)C1COc2ccc(Cl)c(Cl)c2C1,7.669399261474609,7.795303344726562,7.732351303100586
O=C1N(CCN2CCN(c3cccc(Cl)c3Cl)CC2)CCN1c1cccc(Cl)c1,7.528343200683594,7.927173614501953,7.727758407592773
CCc1cn2c(C1CNC1CCc3c(O)cccc3C21)C1CCCN1CCN(c2ccccc2OC)CC1,,,
Clc1ccc(N2CCN(c3cccc4[nH]cc(C3=CCNCC3)CC2)cc1Cl,,,
Nc1ccc(CCN2CCN(c3cccc(C(F)(F)F)c3)CC2)cc1,7.370459079742432,6.146511554718018,6.758485317230225
O=C(NCCCN1CCN(c2cccc(Cl)c2Cl)CC1)c1ccc(F)cc1,6.915668487548828,7.265851020812988,7.090759754180908
N#Cc1ccc(N2CCN(CCCCN3CCN(c4ccccc4OCc4ccccc4)CC3)C2=O)cc1F,7.170961380004883,7.741874694824219,7.456418037414551
Oc1ccc2[nH]cc(CCCCN3CC=C(c4ccccc4)CC3)c2c1,8.44819450378418,8.916884422302246,8.682539463043213
CCN(CCCN1CCN(c2cccc(Cl)c2Cl)CC1)C1CCc2ccc(O)cc2C1,7.544024467468262,8.040306091308594,7.792165279388428
O=C(NCCCCN1CCN(c2cccc(Cl)c2Cl)CC1)c1cccc(I)c1,7.515984058380127,8.80562973022461,8.160806894302368
Oc1ccc2c(c1)OC(CNCc1ccccc1I)CC2,9.47047233581543,8.294195175170898,8.882333755493164
Ic1ccN2CCN(CCCN3CCN(c4cccc5sccc45)CC3)CC2)c2ccccc21,,,
NCC1Cc2ccccc2Cc2ccccc21,5.21186637878418,6.587667465209961,5.89976692199707
CCc1cc(C(C)=O)c(OCCCCN2CCC3CCC(C2)N3Cc2ccccc2CCN3C)cc1OC,,,
N#Cc1ccc2[nH]c(O)c(CCCCN3CCN(c4cccc5nc(C(=O)O)ccc45)CC3)c2c1,7.808849334716797,7.994972229003906,7.901910781860352
COc1ccccc1N1CCN(CCCCNC(=O)c2cc3ccccc3s2)CC1,7.43854284286499,9.065712928771973,8.252127885818481
COc1ccccc1N1CCN(CCCCCN2C(=O)CC3(CCCC3)CC2=O)CC1,7.398373603820801,7.964465618133545,7.681419610977173
Oc1cc2c(cc1O)C1CCC(CNCC3CCCc4cccc(I)c43)CC1)CCC2,,,
N#Cc1ccc2[nH]cc(CCCCN3CCN(c4ccc5[nH]cc(CCCN6CCCC6)c5c4)CC3)c2c1,7.301125526428223,7.353084087371826,7.327104806900024
CN1CCN(C2=Cc3cc(O)ccc3Oc3cc(O)ccc3C2Cc2ccc[nH]2)CC1,6.235634803771973,7.001031875610352,6.618333339691162
NCCSc1ccccc1CC1CNCCC1c1ccc(Cl)c(Cl)c1,6.735047340393066,5.507826805114746,6.121437072753906
CCCN1CCN(CCCc2ccccc2)CC1,5.074464797973633,5.172605514526367,5.12353515625
CCCN(CCN1CCN(c2ccccc2Cl)CC1)C1CCc2ccc(O)cc2C1,7.593542575836182,8.679712295532227,8.136627435684204
CCCN(CCCCCCN(CCC)C1CCc2c(O)cccc2C1)C1CCc2c(O)cccc2C1,8.36458969116211,8.882087707519531,8.62333869934082
OC1C2CCCN2CC1CN(c1cccc3[nH]ccc13)C2,,,
COc1ccccc1N1CCN(CCCCNC(=O)c2cc3cccc(C(F)(F)F)c3[nH]2)CC1,7.9748334884643555,8.772439956665039,8.373636722564697
COc1ccccc1N1CCCN(CCCCNC(=O)c2ccc(CCF)cc2)CC1,7.183084487915039,8.063116073608398,7.623100280761719
CC(NCCN1CCN(c2cccc(Cl)c2Cl)CC1)c1cccc2c1,,,
CN1CCc2ccccc2Cc2ccc(O)cc2CC1,7.736021518707275,7.086018085479736,7.411019802093506
CCCN(CCN1CN=C2C(C)Oc3ccccc3N2C1=O)C1CCc2ccc(O)cc2C1,6.598221778869629,7.888663291931152,7.243442535400391
CN1CCN(C2Cc3ccccc3Nc3ccc(Cl)cc32)CC1,6.971028327941895,6.906323432922363,6.938675880432129
C(=Cc1ccccc1)CN1CCN(CCCc2ccccc2)CC1,5.382506847381592,5.869152069091797,5.625829458236694
CN1CCN(c2ccc3[nH]c(C4CCC(CN5CCCCC5)CC4)nc3c2)CC1,5.506931304931641,6.617650985717773,6.062291145324707
O=C1N(CCNCCN2CCN(c3cccc(Cl)c3Cl)CC2)CCN1c1ccccc1,7.245715141296387,7.136623859405518,7.191169500350952
O=C1N(CC(O)CN2CCN(c3cccc(Cl)c3Cl)CC2)CCN1c1ccccc1,6.707319259643555,6.7167253494262695,6.712022304534912
CN1CCN(C2=Cc3cc(Cl)ccc3Cc3ccccc32)CC1,7.753957748413086,7.634964466094971,7.694461107254028
Oc1[nH]cc2c(F)cc(OCCCCN3CCN(c4cccc5cccc(F)c45)CC3)cc12,8.482969284057617,7.877727508544922,8.18034839630127
Cc1cc(C)c2c(N3CCN(CCCCCN4CCc5ccc(F)cc5C4=O)CC3)cccc2[nH]1,,,
Oc1[nH]c2ccc(Br)cc2c1CCCCN1CCN(c2cccc3ccccc23)CC1,7.896210193634033,8.279093742370605,8.08765196800232
CCCN(CCN1CCN(c2ccccc2)CC1)C1CCc2ccc3[nH]ccc3c2C1,7.156381607055664,7.366145610809326,7.261263608932495
Oc1[nH]cc2ccc(OCCCN3CCN(c4cccc5c4CCC5)CC3)cc12,8.58419418334961,7.922112464904785,8.253153324127197
O=C(NCCCCN1CCN(c2cccc(Cl)c2Cl)CC1)c1ccc(I)cc1,7.461658000946045,8.996889114379883,8.229273557662964
Cc1ncoc1-c1nnc(SCCCN2CC3CC3(c3ccc(F)cc3)C2)n1C,7.12682056427002,8.707328796386719,7.917074680328369
O=C(NC1CCN(Cc2cccc(-c3ccccc3)c2)C1)OCC1CC1,6.447043418884277,7.28153133392334,6.864287376403809
CCN1CCCC1CNC(=O)c1c(O)ccc(CN2CCC3(CCc4c([nH]c5cc(Cl)ccc45)CN(C)CC3)CC2)c1OC,6.007038116455078,7.711472511291504,6.859255313873291
COc1cccc(C(=O)NCCCCN2CCN(c3nsc4ccccc34)CC2)c1,7.184648513793945,8.444082260131836,7.814365386962891
NCC1CCC(CCN2CCN(c3cccc(Cl)c3Cl)CC2)CC1,7.246024131774902,8.328425407409668,7.787224769592285
O=C(NCCCCN1CCN(c2cccc(Cl)c2Cl)CC1)c1ccc2c(c1)-c1ccccc1C2=O,6.778696537017822,8.90671157836914,7.8427040576934814
COc1cc(N)c(Cl)cc1C(=O)NCCCN1CCN(c2ccccc2OC)CC1,7.309024810791016,7.218157768249512,7.263591289520264
Oc1ccc(N2CCN(CCCCNCc3cc(Cl)ccc3OCCF)CC2)cc1,6.524220943450928,7.219137191772461,6.871679067611694
CC1CN(C2CCN(CCCF)CC2)CC1c1ccc(Cl)c(Cl)c1,5.945459842681885,6.136134624481201,6.040797233581543
Oc1[nH]c2ccc(F)cc2c1CCCCN1CCN(c2cccc3ccccc23)CC1,8.035866737365723,7.975886821746826,8.005876779556274
CN1CCN(CCCN2c3ccccc3Sc3ccc(F)cc32)CC1,7.481771945953369,7.4421186447143555,7.461945295333862
O=C1Cc2ccccc2CC1CCN1CCN(c2cccc(Cl)c2Cl)CC1,6.932613849639893,7.520868301391602,7.226741075515747
O=C(NCCCCN1CCN(c2cccc(Cl)c2Cl)CC1)c1cc(I)ccc1F,7.706825256347656,8.498161315917969,8.102493286132812
Oc1ccc2[nH]cc(CCCCN3CC=C(c4ccccc4)CC3)c2c1,8.44819450378418,8.916884422302246,8.682539463043213
Cc1ccc2c(OCCN3CC=C(c4cccc(Cl)c4Cl)CC3)nc(CN3CCC(N)CC3)c2c1,,,
CCN1CCCCC1CNC1CCC(c2ccc(F)c(Cl)c2)(c2ccc(F)cc2)C1,6.9276275634765625,6.971850395202637,6.9497389793396
CN1CCN(c2ccccc2CCc2ccc(CCN3CC=C(c4ccccc4)CC3)cc2)CC1,6.672605037689209,6.7473554611206055,6.709980249404907
CCN1CCN(c2ccccc2OC)C2(CCN(CCc3ccc(F)cc3)CC2)C1=O,8.40363883972168,7.697607517242432,8.050623178482056
Oc1cc2c(OCCNCCCF)ccc(OCCOc3cc(F)ccc3F)c2[nH]1,8.994596481323242,7.84954309463501,8.422069787979126
CCCN(CCN1CCN(c2ccccc2)CC1)C1CCc2c(O)cccc2C1,7.368458271026611,8.235482215881348,7.8019702434539795
CC1CN(CCCc2ccc3c(c2)Cc2c(-c4csc(C#CCOCC5CC5)c4)n[nH]c2-3)CCN1,6.001041889190674,6.545998573303223,6.273520231246948
Oc1[nH]cc2ccc(OCCCN3CCN(c4cccc5cccc(F)c45)CC3)cc12,8.2858247756958,7.846155166625977,8.065989971160889
O=C(NCCCCN1CCN(c2cccc(Cl)c2Cl)CC1)c1cc2ccc(F)cc2[nH]1,7.132547378540039,9.14242458343506,8.137485980987549
Oc1ccc(N2CCN(CCCCOc3ccc4ccc(O)nc4c3)CC2)c2ccccc12,8.292559623718262,8.36947250366211,8.331016063690186
OCCCn1c(CN2CCN(c3ccc(Cl)cc3)CC2)nc2ccccc21,5.452406883239746,5.973785877227783,5.713096380233765
Cc1cc(C)cc(C(CCN2CCN(c3ccccc3O)CC2)CC2CCC2)c1,7.588829517364502,6.982084274291992,7.285456895828247
Oc1[nH]cc2ccc(OCCCCN3CCN(c4cccc5cccc(F)c45)CC3)cc12,8.384242057800293,8.055950164794922,8.220096111297607
CN1CCCN(C2Cc3ccccc3Sc3ccc(CCN4CCN(c5cccc(Cl)c5Cl)CC4)cc32)CC1,7.707584381103516,7.449079990386963,7.578332185745239
Cc1cc(C2CCN(CCC3=CCC(O)(c4ccccc4)CC3)CC2)[nH]n1,6.575542449951172,5.995499134063721,6.285520792007446
C1=C(c2ccc3ccccc3c2)CCN(CCCc2c[nH]c3ccc(Br)cc23)CC1,7.708920478820801,7.632942199707031,7.670931339263916
Clc1ccc(N2CCN(CCCCNc3nccn4ccsc34)CC2)cc1,,,
COc1ccccc1N1CCN(CCCCNC(=O)c2ccc(-c3cccnc3)cc2)CC1,7.29791784286499,8.768943786621094,8.033430814743042
N#Cc1ccccc1CN1CCN(CCCCc2c[nH]c3ccc(C(N)=O)cc23)CC1,6.438404083251953,7.740503311157227,7.08945369720459
Cc1cc(C)c2c(N3CCN(Cc4cccc(-c5ccccc5)c4)CC3)cccc2n1,7.358654975891113,6.7519378662109375,7.055296421051025
CCN1CCN(C2Cn3cccc3Sc3ccc(Br)cc32)CC1,8.732954978942871,8.103276252746582,8.418115615844727
O=C(NCCCCCN1CCN(c2cccc(Cl)c2Cl)CC1)c1cc2ccccc2cn1,7.091742038726807,8.371362686157227,7.731552362442017
COc1ccccc1N1CCN(CCCCNC(=O)c2ccccc2I)CC1,7.859369277954102,8.374762535095215,8.117065906524658
CCc1ccc(CCN2CCN(c3ccccc3OC)CC2)cc1,8.014498710632324,7.013083457946777,7.513791084289551
COc1cccc(OC)c1NCCN1CCN(c2cccc(Cl)c2Cl)CC1,7.618060111999512,7.040205001831055,7.329132556915283
N#CNCCN1CCc2cccc(I)c21,7.887921810150146,6.732093811035156,7.310007810592651
O=C1N(CCN2CCC3C(C2)c2cccc3cccc(=O)n23)CCN1CCC1CCCN1CCN(c2ccccc2Cl)CC1,,,
N#Cc1cc2c(O)cc(OCCCCN3CCN(c4ccc(C(F)(F)F)cc4)CC3)cc2[nH]1,7.609258651733398,7.479114055633545,7.544186353683472
N#Cc1cccc2[nH]cc(CCCN3CCN(c4ccc5occc5c4)CC3)c12,7.127196788787842,6.415460586547852,6.771328687667847
N#Cc1cccc(N2CCNCC2)c1CC1CCC1,6.473970890045166,6.115162372589111,6.294566631317139
N#Cc1cccc2[nH]c(CN3CCN(c4nsc5ccccc45)CC3)nc12,7.053814888000488,5.904212474822998,6.479013681411743
Oc1[nH]cc2cc(F)c(OCCCCN3CCN(c4cccc5cccc(F)c45)CC3)cc12,8.246258735656738,7.938355445861816,8.092307090759277
Oc1cc(N2CCN(CCCCc3cccc(CN4CCN(c5cccc(Cl)c5Cl)CC4)c3)CC2)cc2[nH]c(-c3ccc(Cl)c(Cl)c3)nc12,7.408611297607422,7.599947452545166,7.504279375076294
O=C1NN(CCCCN2CCN(c3cccc(Cl)c3Cl)CC2)C2CCCCC12,7.651392936706543,8.785263061523438,8.21832799911499
O=C(NCCCCN1CCN(c2nsc3ccccc23)CC1)c1cccc2ccccc12,7.182423114776611,8.269271850585938,7.725847482681274
CC1Nc2cccc3c2C(CC1NCCc1ccc2c([nH]1)OCCO2,,,
CC(C)N1CCN(CCN2CCN(c3cccc(Cl)c3Cl)CC2)CC1,6.193938732147217,6.880414009094238,6.5371763706207275
CCN(C(C)=O)Cc1ccc(Cl)c(Cl)c1,5.686883449554443,4.07304573059082,4.879964590072632
Cc1ccc2c(N3CCN(CCc4cccc(OCCCN5CCN(c6cccnc6)CC5)c4)CC3)cccc2n1,6.960227012634277,7.391349792480469,7.175788402557373
CN1CCCN(C2=Cc3ccccc3Oc3ccc(Cl)cc32)CC1,7.736908435821533,7.396929740905762,7.5669190883636475
CCCN(CCN1CCN(c2cccc3ncccc23)CC1)C1CCc2ccc(O)cc2C1,7.628834247589111,8.938796997070312,8.283815622329712
N#Cc1cccc(N2CCN(CCCCNC(=O)c3cc4ccccc4s3)CC2)c1,7.135009288787842,8.760618209838867,7.9478137493133545
Oc1ccc2c(c1)OC(CN1CCC(I)CC1)C2,7.237657070159912,8.333488464355469,7.78557276725769
C(=Cc1ccc(CCN2CCN(c3cccc4nonc34)CC2)cc1)C1CCN(CC2CCc3ccc(F)cc3C2)CC1,6.873179912567139,7.260768890380859,7.066974401473999
Oc1ccc2[nH]cc(CCCN3CC=C(c4ccccc4)CC3)c2c1,8.563095092773438,8.061660766601562,8.3123779296875
CCN1CCCCC1CNC(=O)c1c(O)ccc(I)c1OC,8.105297088623047,8.509289741516113,8.30729341506958
Fc1ccc(CCN2CCN(c3cccnc3)CC2)cc1,6.538331985473633,6.15211296081543,6.345222473144531
CN1CCC(c2ccc(C3=CCN(CCCCCCCN4CCN(c5ccccc5OC(F)(F)F)CC4)CC3)cc2)CC1,6.610120296478272,6.726469039916992,6.668294668197632
O=C1N(CCN2CCC(Cc3ccccc3)CC2)CCN1c1cccc(Cl)c1,7.807153701782227,7.505068302154541,7.656111001968384
CCN1CCN(c2cccc(C(F)(F)F)c2Sc2ccc(C#N)c(Cl)c2)CC1,6.906064987182617,5.931984901428223,6.41902494430542
Oc1ccc2[nH]cc(CCCN3CCN(c4cccc5cc(F)ccc45)CC3)c2c1,8.684789657592773,7.348726749420166,8.01675820350647
O=C(NCCCCN1CCN(c2cccc(Cl)n2)CC1)c1cccc2cn[nH]c12,7.120089530944824,7.812882423400879,7.466485977172852
CCN1CCCC1CNC(=O)c1c(O)ccc(F)c1Br,7.172247409820557,8.2334623336792,7.702854871749878
CCCN(CCN1CCN(c2ccccc2)CC1)C1CCc2ccc(O)cc2C1,7.061977386474609,8.358572006225586,7.710274696350098
Oc1ccc2c(N3CCN(CCCCNc4cccc(F)c4F)CC3)cccc2[nH]1,,,
CCCN(CCC1CCC(NC(=O)C=Cc2cccc(F)c2)CC1)C1CCc2nc(N)sc2C1,7.208252429962158,8.688009262084961,7.94813084602356
Oc1[nH]c2ccccc2c1CCN1CC=C(c2cccc3ccccc23)CC1,7.672267913818359,7.603494644165039,7.637881278991699
CN(C)C1CCc2ccc(OCCCN3CCN(c4cccc(Cl)c4Cl)CC3)c3ccccc23)C1,,,
CCCN(CCN1CCN(c2cccc3ccccc23)CC1)C1CCc2ccc(O)c(O)c2C1,8.046436309814453,9.012899398803713,8.529667854309082
COc1ccccc1N1CCN(CCCCNC(=O)c2cc3ccccc3n2C)CC1,7.065822601318359,8.453808784484863,7.759815692901611
O=C1Cc2cc(Cl)cc(Cl)c2N1CCN1CCN(c2ccccc2Cl)CC1,6.78251838684082,7.580892562866211,7.181705474853516
CCCN(CCN1CCN(c2ccccc2OC)CC1)C1CCc2c(O)cccc2C1,8.0911283493042,8.516033172607422,8.30358076095581
CCCN1CCCC2Cc3ccc(C(=O)NCc4ccccc4)cc3CC21,6.538668155670166,7.034036636352539,6.7863523960113525
O=C(N1CCN(c2cccc(Cl)c2)CC1)C1CCN(CCCc2ccccc2)CC1,6.470475196838379,6.646213531494141,6.55834436416626
CN1CCCN(C2Cc3ccccc3Sc3ccc(Cl)cc32)CC1,8.602943420410156,8.175493240356445,8.3892183303833
Oc1ccc2[nH]cc(C3=CCN(CCCCc4ccc(OCCCCN5CCN(c6ccccc6F)CC5)cc4)CC3)c2c1,8.462482452392578,8.644552230834961,8.55351734161377
Oc1ccc2c(CCCCN3CCN(c4ccccc4)CC3)c[nH]c2c1,7.834858417510986,7.976181507110596,7.905519962310791
CCCN(CCCN1CCN(c2cccc(Cl)c2Cl)CC1)C1CCc2ccc(O)cc2C1,7.659801483154297,8.279547691345215,7.969674587249756
Oc1ccc2c(c1)OC(CNCCCc1ccc3ccccc3c1)CC2,8.411386489868164,7.984866142272949,8.198126316070557
NC1CCCN(c2cccc(Nc3cccc(-c4ccccc4F)c3)n2)C1,6.804914474487305,6.048621654510498,6.426768064498901
N#Cc1ccc2[nH]cc(CCCCN3CCN(c4cccc5c2CCOC5=O)CC3)c2c1,,,
CCN1CCCCCCN2CCCCCCCCNCC12CCC(c3ccc(OC)cc3)CC1,,,
Cc1cc2c(C3CCN(CCCSc4ccc(F)c(F)c4)CC3)n[nH]c2cc1Cl,7.4998674392700195,7.24592399597168,7.37289571762085
CC1c2cc(O)c(O)cc2N(CCCCN(C)C)C1,6.8451361656188965,8.383281707763672,7.614208936691284
Oc1cccc2c1CCCC2CCCN1CCN(c2cccc(Cl)c2)CC1,7.543943405151367,7.999709129333496,7.771826267242432
CN1CCC(c2cccc3c2CCNC3)c2ccccc21,6.213802814483643,5.57499361038208,5.894398212432861
Oc1cc2c(OCCNCCCc3ccc(F)cc3)ccc(Cl)c2[nH]1,8.900819778442383,7.338029384613037,8.11942458152771
CCCN(CCC1CCc2ccc(O)cc2O1)C1CCc2c(O)cccc2C1,8.909531593322754,9.534849166870115,9.222190380096436
N#Cc1cccc(CN2CCN(c3cccc4ccccc34)CC2)c1,7.407954216003418,6.84200382232666,7.124979019165039
O=C(NCC=CCN1CCN(c2cccc(Cl)c2Cl)CC1)c1cccc2c1CCCC2,8.068449974060059,8.414846420288086,8.241648197174072
CCCN(CCN1CCN(c2ccccc2)CC1)C1CCc2ccc(O)cc2C1,7.061977386474609,8.358572006225586,7.710274696350098
CCCN(C)C1CCc2ccc3c(c2O)CC(O)CN3CC1CCCN1CCNc2cccc(Cl)c21,6.838870048522949,6.965909957885742,6.902390003204346
CN(C)C1CCc2ccc3c(c21)C(=O)CC(CN1CCN(c2ccccc2Cl)CC1)C3=O,6.9233078956604,7.280117988586426,7.101712942123413
Cc1ccc(F)c(N2CCN(CCCNC(=O)c3cccc4c3CCN(C)C4=O)CC2)c1,6.62509822845459,7.196689605712891,6.91089391708374
CCCN(CCN1C=C2c3nc(N)[nH]c3CCC2(C)C1)C1CCc2c(O)cccc2C1,7.310686111450195,8.771782875061035,8.041234493255615
O=C(NCCCCN1CCN(c2cccc(Cl)c2Cl)CC1)c1ccc2c(c1)Cc1ccccc1-2,6.951083183288574,8.749909400939941,7.850496292114258
CCCN(CCN1C2CCC1c1ccc(Cl)c(Cl)c1)C1CCc2c(O)cccc2C1,,,
CN1CCCCC1CNC(=O)c1cc2ccccc2o1,5.557684898376465,6.819220542907715,6.18845272064209
CN(C1CCN(CCCOc2ccc3ccccc3c2)CC1)C1CCc2ccc(O)cc2C1,6.920204639434815,8.091127395629883,7.505666017532349
O=C(NCC=CCN1CCN(c2cccc(Cl)c2Cl)CC1)c1ccc(-c2ccccc2)cc1,7.320741653442383,8.823793411254883,8.072267532348633
COc1ccccc1N1CCN(CCCCCCCCNCC(=O)c2cccc(I)c2)CC1,7.645920753479004,7.041558265686035,7.3437395095825195
CCN1CCN(c2ccc(C#CCCCN3CCN(c4ccccc4OC)CC3)cc2)CC1,7.097046375274658,7.014264106750488,7.055655241012573
CN1CCc2cccc3c2C1Cc1cccc(O)c1-3,6.989553451538086,7.396730422973633,7.193141937255859
Clc1ccccc1N1CCN(CCCCCc2ccn3nccc3c2)CC1,8.10205078125,7.389600276947021,7.745825529098511
COc1ccccc1N1CCN(CCCCCNC(=O)C=Cc2ccc(C#N)cc2)CC1,7.859905242919922,8.331398010253906,8.095651626586914
N#Cc1cccc2[nH]cc(CCCCN3CCN(c4cccc5ccccc45)CC3)c12,8.140583992004395,7.740472793579102,7.940528392791748
CN1CCN(C2Cc3ccccc3Sc3ccc(CCN4CCN(c5cccc(Cl)c5Cl)CC4)cc32)CC1,7.906411170959473,7.716686248779297,7.811548709869385
O=C(NCCCCN1CCN(c2cccc(Cl)c2Cl)CC1)c1ccc2ccccc2c1,7.087527751922607,9.066522598266602,8.077025175094604
CN1CCN(C2=Cn3cccc3Sc3ccc(Br)cc32)CC1,8.546491622924805,8.604694366455078,8.575592994689941
CCOc1ccccc1N1CCN(CCCCN2CCCc3ccccc3C2=O)CC1,7.477867603302002,8.150375366210938,7.81412148475647
CN1CCc2ccc(Cn3cc(CCCN4CCN(c5cccc6ccccc56)CC4)c4c(O)nccc43)cc2C1,7.200906753540039,6.797748565673828,6.999327659606934
N#Cc1ccc2[nH]c(CCCCCN3CCN(c4ccc(Cl)cc4Cl)CC3)nc2c1,7.768782138824463,7.265262603759766,7.517022371292114
O=C1N(CCN2CCN(c3cccc(Cl)c3Cl)CC2)CCN1C1CCCC1,8.164785385131836,7.824295043945312,7.994540214538574
O=C(NCC1CC1)C12CCc3cc(O)ccc3C1sc2ccc(Cl)cc2c1CCN1CCCCC1,,,
N#CN1CCN(CCCCN2c3ccccc3Sc3ccc(Cl)cc32)CC1,7.768105506896973,7.826092720031738,7.7970991134643555
Oc1[nH]cc2ccc(OCCCN3CCN(c4cccc5cccc(F)c45)CC3)c(F)c12,8.132925987243652,7.728168487548828,7.93054723739624
Fc1ccc2c(CCCNCCOc3cccc4[nH]ccc34)c[nH]c2c1,8.076844215393066,7.654224395751953,7.86553430557251
Clc1cccc(N2CCN(CCCCc3c[nH]c4ncccc34)CC2)c1Cl,8.0184907913208,7.956223487854004,7.987357139587402
Oc1[nH]cc2ccc(OCCCN3CCN(c4cccc5cccc(F)c45)CC3)cc12,8.2858247756958,7.846155166625977,8.065989971160889
COc1ccccc1N1CCN(CCCCc2ccc3c4cc(O)[nH]cc4c3c2)CC1,,,
O=C(NCCCCN1CCN(c2cccc(Cl)c2Cl)CC1)c1ccc2ccccc2c1,7.087527751922607,9.066522598266602,8.077025175094604
CCCN(CCCN1CCN(c2cccc3ccccc23)CC1)C1CCc2ccc(O)cc2C1,7.784314155578613,8.234503746032715,8.009408950805664
CCN1CCCC1CNC(=O)c1c(O)ccc(OC)c1Br,7.485537052154541,8.425061225891113,7.955299139022827
CCCN(CCN1CN=C2C(=O)c3ccccc3N(C)C2=O)CC12CCc1ccc(O)cc1C2,6.035701751708984,7.467805862426758,6.751753807067871
Oc1[nH]cc2ccc(OCCCN3CCN(c4cccc5cccc(Cl)c45)CC3)cc12,8.160287857055664,7.99403190612793,8.077159881591797
NCC1Cc2cc(OCc3ccc(Cl)cc3)ccc2C1,5.494704723358154,5.977840423583984,5.736272573471069
CN1CCN(C2=Cc3cc(Cl)ccc3Cc3ccccc32)CC1,7.754005908966064,7.634964466094971,7.694485187530518
COc1cccc(N2CCN(CCCCSc3nnc(-c4cccs4)n3C)CC2)c1,6.586616516113281,7.728511810302734,7.157564163208008
N#Cc1ccc2[nH]cc(CCCCN3CCN(c4cccc5nc(C(N)=O)ccc45)CC3)c2c1,7.933559894561768,8.12565803527832,8.029608964920044
CCN1CCCC1CNCc1cccc(CCCCN2CCN(c3cccc(Cl)c3Cl)CC2)c1,6.650810718536377,7.229830741882324,6.940320730209351
c1ccc(CN2CC3C(CN3CCN(c3cccc4ccccc34)C2)C1,,,
Oc1ccc2oc(CCCCN3CCN(c4cccc(Cl)c4Cl)CC3)nc2c1,8.156387329101562,8.531641006469727,8.344014167785645
N#Cc1cccc(N2CCN(CCCCN3CCN(c4cccc(Cl)c4Cl)CC3)CC2)c1,7.753050804138184,8.500090599060059,8.126570701599121
CC1CNc2c(cccc2N1CCNC(=O)CCCCNC(=O)c1ccc(Br)cc1,,,
Oc1c2c([nH]c3ccc(Br)cc13)CCCC2,,,
CCCN(CCN1CCN(c2ccccc2OC)CC1)C1CCc2ccc(O)cc2C1,7.815720081329346,8.517810821533203,8.166765451431274
CCCN(CCN1CCN(c2cccc3ccccc23)CC1)C1CCc2ccc(O)cc2C1,7.852016448974609,8.869171142578125,8.360593795776367
Fc1cccc(N2CCC(CCN3CCN(c4cccc5nc(C(F)(F)F)[nH]c45)CC3)CC2)c1,8.386698722839355,7.406203269958496,7.896450996398926
CN1CCCC1Cc1c[nH]c2ccc(C3=CCN(C(=O)NCCCCCCNCCCc4ccccc4F)CC3)cc12,6.812793254852295,7.065497398376465,6.93914532661438
COc1ccccc1N1CCN(CCCCCN2C(C)=NC(c3cccc(Cl)c3Cl)C3CCCC32)CC1,7.424665927886963,6.719160556793213,7.071913242340088
CCCN(CCC1CCC(NC(=O)c2ccc3ncnc(OCC)c3c2)CC1)C1CCc2nc(N)sc2C1,7.434230327606201,8.265162467956543,7.849696397781372
Oc1[nH]c2ccc(F)cc2c1CCCCN1CC=C(c2cccc3ccccc23)CC1,7.948857307434082,8.29305362701416,8.120955467224121
O=C1NCCN1CCN1CCN(c2cc(-c3ccccc3)ccc2O)CC1,7.493378639221191,7.213476657867432,7.3534276485443115
CN1CCN(C2Cc3ccccc3Sc3ccc(-c4nnc(CCN5CCCCC5)o4)cc32)CC1,7.283620834350586,7.605942726135254,7.44478178024292
NCCCN1CCC(c2ccc(Nc3ncc(Cl)c(-c4ccccc4)n3)cc2)CC1,6.403562068939209,6.265809535980225,6.334685802459717
Cc1cnc(NCCN2CCN(c3cccc(Cl)c3Cl)CC2)c(C)c1,7.153785705566406,5.996452331542969,6.5751190185546875
N#Cc1ccc2[nH]cc(CCCCN3CCN(c4ccc(C(N)=O)cc4)CC3)c2c1,7.138099670410156,7.488924980163574,7.313512325286865
CCCNc1ccccc1C(=O)NCC1CCN(CCCOc2ccccc2-c2ccccc2)C1,5.716311931610107,6.911418914794922,6.313865423202515
CCCN1CCN(c2cccc(Cl)c2)CC1,7.041662216186523,7.504049301147461,7.272855758666992
O=C(NCC=CCN1CCN(c2cccc(Cl)c2Cl)CC1)c1cccc2c1CCc1ccc(O)cc1-2,7.742926120758057,8.74407958984375,8.243502855300903
CCN(CCCCCCN=C1CCc2ccccc2Nc2ccccc21)C1CCc2ccc(O)cc2C1,8.25996208190918,8.056392669677734,8.158177375793457
N#Cc1ccc(CN2CCN(CCCCCN3CCC(Cc4ccc(F)cc4)CC3)CC2)cc1Cl,5.488731861114502,6.761961460113525,6.125346660614014
O=C(NC1CCC(CCN2CCN(c3cccc(Cl)c3Cl)CC2)CC1)c1ccc(F)cc1,7.947004795074463,8.512246131896973,8.229625463485718
O=C(NCC=CCN1CCN(c2cccc(Cl)c2Cl)CC1)c1ccc2ccccc2c1,7.247600078582764,8.943496704101562,8.095548391342163
CCCN(CCCCCCCCCCCN(CCCCCCCCCCCCCCCNCCCc4ccc(O)cc4)CC1CCOCC1CCc2n[nH]c(CCCN3CCN(c4ccc(Cl)cc4Cl)CC3)c2C1,,,
Oc1[nH]cc2c(OCCCN3CCN(c4cccc5cccc(F)c45)CC3)cccc12,8.137187004089355,7.9004058837890625,8.018796443939209
Oc1[nH]cc2ccc(OCCCCN3CCN(c4cccc5ccc(F)cc45)CC3)cc12,8.426007270812988,8.227441787719727,8.326724529266357
O=C(NCC=CCN1CCN(c2cccc(Cl)c2Cl)CC1)c1cc2ccccc2[nH]1,7.233084678649902,9.19192600250244,8.212505340576172
COc1ccccc1N1CCN(CCCCNc2cccc(-c3cccc(F)c3)n2)CC1,8.296494483947754,7.771416664123535,8.033955574035645
CCCN1CCN(c2cccc(Cl)c2Cl)CC1,7.647202491760254,7.78090763092041,7.714055061340332
CN1CCCCC1CNCc1cccc(OCCCF)c1,5.17264986038208,6.805575847625732,5.989112854003906
Cc1cc(-c2ccc3c(C)cc[nH]c3c2)oc1C,,,
CCCN(CCN1CCN(c2ccnc3cc(F)ccc23)CC1)C1CCc2ccc(O)cc2C1,7.556856155395508,8.833234786987305,8.195045471191406
Cc1ccc2c(N3CCN(CCc4cccc(N5CCN(C)CC5)c4)CC3)cccc2n1,7.352627754211426,6.943963527679443,7.148295640945435
c1ccc(N2CCN(CCC3CCCCN3Cc3ccccn3)CC2)c2ccccc2)cc1,,,
CN1CCc2cccc3c2CC1Cc1cccc(O)c1-3,7.498836994171143,7.337514877319336,7.418175935745239
CN1CCN(C2Cc3ccccc3Sc3ccc(F)cc32)CC1,9.00782871246338,8.473591804504395,8.740710258483887
COc1ccccc1N1CCN(CCCCNC(=O)C=Cc2ccccc2I)CC1,7.887500762939453,8.983102798461914,8.435301780700684
CCCN(CCN1CCN(c2cccc3ccccc23)CC1)C1CCc2c(O)cccc2C1,8.05475902557373,8.830840110778809,8.44279956817627
O=C1COc2ccc(CCN3CCN(c4cccc5cccc(Cl)c45)CC3)cc2N1,7.621081829071045,6.990694522857666,7.3058881759643555
Oc1ccc2cnc(N3CCN(CCCCc4ccc5c(c4)CCO5)CC3)nc2n1,7.0876145362854,7.000219345092773,7.043916940689087
O=C1Cc2c(OCCCCCN3CCN(c4cccc(Cl)c4Cl)CC3)cccc2N1,8.378052711486816,8.262425422668457,8.320239067077637
Cc1c2c(n3c1CCCN1CCN(c3cccc(C(F)(F)F)c3)CC1)CCCC2,,,
N#Cc1ccc2[nH]c(CN3CCN(c4ccccc4)CC3)nc2c1,6.089466571807861,5.299915790557861,5.694691181182861
O=C1N(CCN2CCN(c3ccc(Cl)cc3)CC2)CCN1c1cccc(Cl)c1,6.183729648590088,6.761476516723633,6.47260308265686
NCC1CN(c2ccc3[nH]ncc3c2)CCC1,5.798320293426514,6.36381721496582,6.081068754196167
Cc1ccc2cccc(OCCN3CCN(c4cccc(I)c4)CC3)c2n1,7.411431312561035,7.080633163452148,7.246032238006592
O=C(NCCCCN1CCN(c2cccc(Cl)c2Cl)CC1)c1ccc(-c2ccccc2)cc1,7.198726177215576,8.894172668457031,8.046449422836304
N#Cc1cccc2[nH]c(CN3CCN(c4cccc(Cl)c4Cl)CC3)nc12,6.8342485427856445,5.820976734161377,6.327612638473511
O=C(c1cnc2ccc(COc3ccc4[nH]c(CCN5CCN(c6ccccc6Br)CC5)nc4c3)cc2c1)CC1CC1,6.5867204666137695,6.953527450561523,6.7701239585876465
Oc1ccc2c(CCCCN3CCN(c4ccccc4)CC3)c[nH]c2c1,7.834803581237793,7.976181507110596,7.905492544174194
CN1CCN(C2C(c3cccc(Cl)c3)c3ccc(Cl)cc3C2=O)CC1,7.657609939575195,6.947751045227051,7.302680492401123
O=C1N(CCN2CCC3(CC2)CCc2ccccc23)CCN1c1cccc(F)c1,7.203753471374512,7.197514533996582,7.200634002685547
CC(C)C(=O)NCCN1CCC2(CC1)C(=O)N(CCCCN1CCC(c3ccc(F)cc3)CC1)CC2,6.613535404205322,7.305968284606934,6.959751844406128
c1ccc(CCNCC2CCc3ccc(-c4ccccc4)cc3O2)cc1,7.312459468841553,7.326146602630615,7.319303035736084
[H]C([H])(O)CN1CCN(CCCCN2CCC3(CC2)Cc2cc(OC)ccc2O3)CC1,4.962216854095459,6.80726432800293,5.884740591049194
CC1N=CN(Cc2ccccc2C)C1=O,4.448320388793945,5.665337562561035,5.05682897567749
N#Cc1ccc(N2CCN(CCCCc3c[nH]c4ncccc34)CC2)cc1,6.785200119018555,7.579971313476562,7.182585716247559
CCCN(CCN1CCN(c2cccc3cnccc23)CC1)C1CCc2ccc(O)cc2C1,7.4973225593566895,8.814409255981445,8.155865907669067
Cc1ccoc1CN1CCN(c2cccc(Cl)c2)CC1,6.592310428619385,6.093240737915039,6.342775583267212
O=C1N(CCN2CCC3c4ccccc4CCC3C2)CCN1c1cccc(Cl)c1,7.220231533050537,7.0364089012146,7.128320217132568
COc1ccccc1N1CCN(CCCCNC(=O)c2cn(-c3ccccc3)nn2)CC1,7.2683539390563965,7.984264373779297,7.626309156417847
c1ccc(CCCNCC2CCc3ccc(OCCCN4CCCCC4)cc3O2)cc1,7.509825706481934,7.022407054901123,7.266116380691528
CCCN(CCc1cccs1)C1CCc2c(O)cccc2C1,8.405183792114258,8.605388641357422,8.50528621673584
Oc1cc2cc(OCCN3CCC(c4cccc(Cl)c4)CC3)ccc2[nH]1,7.94219160079956,6.51807975769043,7.230135679244995
CCCN(CCN1CCN(c2ccnc3ccccc23)CC1)C1CCc2ccc(O)cc2C1,7.621154308319092,8.850150108337402,8.235652208328247
COc1ccccc1N1CCN(CCCCc2ccc3c(c2)CCC3=NCCCCN2CC=C(c3ccc(F)c3)CC2)CC1,,,
O=C(Nc1ccc(CN2CCN(c3cccc4[nH]ccc34)CC2)cc1)c1ccccc1CCF,7.556498050689697,6.585313320159912,7.070905685424805
O=C(CCCN1CC=C2C(c3ccc(F)cc3CCN2C1)c1cccc(F)c1,,,
Oc1[nH]cc2ccc(F)c(OCCCN3CCN(c4cccc5cc(F)cc(F)c45)CC3)c12,8.081037521362305,7.861923694610596,7.97148060798645
COc1ccccc1N1CCN(CCCCNC(=O)C2CCc3ccccc3C(=O)O2)CC1,7.650498390197754,7.424557685852051,7.537528038024902
O=C(NCCCCN1CCN(c2cccc(Cl)c2Cl)CC1)c1cc2ccccc2[nH]1,7.3425798416137695,9.33303451538086,8.337807178497314
CN1CCN(C2Cn3cccc3Sc3ccc(F)cc32)CC1,8.455343246459961,8.19658088684082,8.32596206665039
Oc1[nH]cc2c(CCC3CCN(Cc4ccccc4Cl)CC3)cccc12,6.610567569732666,6.551845073699951,6.581206321716309
CN1CCN(C2=Cn3cccc3Sc3ccc(Cl)cc32)CC1,8.414504051208496,8.474985122680664,8.44474458694458
N#Cc1ccc(C2CC3CCC(N3)C2C(=O)CCCCN3)cc1,,,
CC1CN(C2CC(c3ccc(F)cc3)c3ccc(Cl)cc32)CCN1CCC1(C)C,,,
CCCN(CCN1CCN(c2ccccc2)CC1)C1CCc2ccc(O)cc2C1,7.061977386474609,8.358572006225586,7.710274696350098
Fc1cccc(N2CCN(CCCCNC(=CC3CCC(F)(F)CC3)CC2)c1,,,
OC1(c2ccc3c(c2)CCN(CCCC=Cc2ccccc2)CC3)CC1,6.761803150177002,7.059106349945068,6.910454750061035
CCN1CCN(C2Cn3cccc3Sc3ccc(F)cc32)CC1,8.352453231811523,7.737476825714111,8.044965028762817
O=C1N2CCCCCCN2)CCN1CCC2(CCc3ccccc3N2)C1=O,,,
CCCN(CCCN1CCN(c2cccc(Cl)c2Cl)CC1)C1CCc2c(O)cccc2C1,7.860248565673828,8.218921661376953,8.03958511352539
N#Cc1ccc2[nH]cc(CCCCN3CCN(c4cccc(Cl)c4Cl)CC3)c2c1,8.226238250732422,8.110107421875,8.168172836303711
Cc1[nH]cnc1-c1cc(F)ccc1OCCCN1CCN(c2cccc3ccccc23)CC1,7.439490795135498,7.524240970611572,7.481865882873535
Oc1ccc2c(N3CCN(CCc4cccc(-c5ccccc5)c4)CC3)cccc2[nH]1,,,
Oc1[nH]cc2c(CCCN3CCN(c4cccc5nc(-c6cccs6)ccc45)CC3)cccc12,7.689141750335693,7.525027275085449,7.607084512710571
Oc1cc(N2CCN(Cc3c[nH]c4ccc(-n5cnnc5)cc34)CC2)cc(Cl)c1Cl,7.086915016174316,6.078402519226074,6.582658767700195
COc1ccccc1N1CCN(CCCCc2ccc3c(c2)oc(=O)n3CCN2CCC(c3ccc(F)cc3)(C3CCCCC3)CC2)CC1,7.786542892456055,7.021551609039307,7.404047250747681
OC1(c2ccc(Br)cc2)CC2CCC(C1)N2Cc1coc2ccccc12,8.125388145446777,8.381101608276367,8.253244876861572
COc1ccccc1N1CCN(CCCCCn2ccc3ccccc32)CC1,7.848476409912109,7.2807159423828125,7.564596176147461
CN1CCc2ccc(I)cc2Cc2c[nH]c3cccc(c23)CC1,8.154095649719238,7.32300853729248,7.738552093505859
O=C(NC1CCc2ccc(CCN3CCN(c4nsc5ccccc45)CC3)cc21)C1CC1,7.392701625823975,6.859647750854492,7.126174688339233
O=C1Cc2ccc(OCCCCN3CCN(c4cccc(Cl)c4Cl)CC3)cc2N1,8.552324295043945,8.547882080078125,8.550103187561035
COc1ccccc1N1CCN(CCCCNC(=O)c2cc3ccccc3s2)CC1,7.43854284286499,9.065712928771973,8.252127885818481
Cc1ccc2[nH]c(CN3CCC(c4cccc(Cl)c4)CC3)cc2c1,7.114834785461426,6.113877773284912,6.614356279373169
CCCN(CCCCN1CCN(c2ccccc2OC)CC1)C1CCc2ccc(O)cc2C1,8.175082206726074,8.616327285766602,8.395704746246338
CN1CCN(C2Cc3ccccc3Sc3ccc(-n4ccnn4)cc32)CC1,8.473661422729492,7.073477745056152,7.773569583892822
Clc1cccc(N2CCN(CCCCc3ccccc3)CC2)c1Cl,7.883010864257812,7.437194347381592,7.660102605819702
CN1CCN(CCCN2c3ccccc3Sc3ccc(O)nc32)CC1,6.815459251403809,7.5200347900390625,7.1677470207214355
NC1Cc2ccccc2C2c3cccc(Cl)c3CCC21,5.44434928894043,6.887484550476074,6.165916919708252
Oc1[nH]c2cc(F)c(OCCCCN3CCN(c4cccc(Cl)c4Cl)CC3)cc2c1CCC1CC1,7.904348373413086,8.517101287841797,8.210724830627441
Cc1cc2c(OCCN3CCC(c4noc5cc(F)ccc45)CC3)cccc2[nH]1,8.014426231384277,7.060496330261231,7.537461280822754
NCc1ccccc1CC1CCCCN1CCc2cccc3c2C1,,,
CN1CCN(C2=Cc3ccccc3Sc3ccc(Cl)cc32)CC1,8.637375831604004,8.453805923461914,8.545590877532959
O=C1Cc2ccc(OCCCCN3CCN(c4cccc5ccc(F)cc45)CC3)nc2N1,8.520047187805176,7.492057800292969,8.006052494049072
Cc1ccnc(N2CCN(CCCCNC(=O)CC3CCC(C)(C)CC3)CC2)c1Cl,6.626284122467041,7.882273197174072,7.254278659820557
CCCN(CCN1CCN(c2cccc3ccccc23)CC1)C1CCc2ccc(O)cc2C1,7.852016448974609,8.869157791137695,8.360587120056152
O=C1N(CCN2CCCCCC2)CCN1c1cccc(C(F)(F)F)c1,7.84260368347168,8.507375717163086,8.174989700317383
Clc1cccc(N2CCN(CCCCCCN3CCN(c4ccccc4-c4ccccc4)CC3)CC2)c1Cl,7.901585578918457,7.681388854980469,7.791487216949463
Oc1ccc2ccc(OCCCCN3CCN(c4ccccc4F)CC3)cc2n1,8.413382530212402,8.418191909790039,8.41578722000122
CN(CCN1CCN(CCCc2coc3ccc(F)cc23)CC1)C1CCc2ccc(O)cc2C1,7.617412090301514,8.422943115234375,8.020177602767944
O=C1N(CCN2CCC(C(F)(F)F)C2)CCN1c1cc(O)ccc1F,7.352282524108887,8.523517608642578,7.937900066375732
O=C(NCC=CCN1CCN(c2cccc(Cl)c2Cl)CC1)c1cccc(OCCF)c1,7.470266342163086,8.784119606018066,8.127192974090576
Oc1nc2cccc(N3CCN(CCCCc4cc(-c5ccc(F)cc5)ccc4)CC3)c2o1,8.288835525512695,8.041633605957031,8.165234565734863
Cc1coc2c1CN(C1CCC(N3CCN(c4cccc(C(F)(F)F)c4)CC3)C1=O)CC2,5.941854953765869,7.49945592880249,6.72065544128418
Oc1[nH]cc2ccc(OCCCN3CCN(c4cccc5ccc(F)cc45)CC3)cc12,8.386061668395996,8.020333290100098,8.203197479248047
O=C(NC1CCc2ccc(CCN3CCN(c4nsc5ccccc45)CC3)cc21)C1CC1,7.392701625823975,6.859647750854492,7.126174688339233
c1ccc(CCN2CCN(c3cccc4ccccc34)CC2)cc1,7.588293075561523,6.581282615661621,7.084787845611572
Oc1ccc2c(c1)OC(CNCCCCOc1ccccc1)CC2,9.42573356628418,8.46912956237793,8.947431564331055
CN1CC(N2CCN(c3cccc4c3OCCCO4)CC2)C1=O,7.305168151855469,6.577191352844238,6.9411797523498535
CCCN(CCN1CCN(c2ccc3ccccc3c2)CC1)C1CCc2ccc(O)cc2C1,7.271744728088379,8.602594375610352,7.937169551849365
Oc1[nH]cc(CN2CCC(CCN3CCN(c4cccc5ccccc45)CC3)CC2)c1,6.964734077453613,7.946104049682617,7.455419063568115
Oc1[nH]cc2ccc(OCCCN3CCN(c4cccc5cccc(F)c45)CC3)cc12,8.2858247756958,7.846155166625977,8.065989971160889
COc1ccccc1N1CCN(CCCCNC(=O)c2cnn(CCCN3CCCC3=O)c2Cl)CC1,7.686093330383301,7.837707042694092,7.761900186538696
Nc1ccc(C(=O)NCC2CCC(CCN3CCN(c4cccc(Cl)c4Cl)CC3)CC2)cc1,7.131923675537109,8.547969818115234,7.839946746826172
COc1cccc(N2CCN(CCCCNC(=O)c3ccccn3)CC2)c1C,6.840824604034424,8.082377433776855,7.46160101890564
COc1cccc(C(=O)NCCCCN2CCN(c3cccc(Cl)c3Cl)CC2)c1,7.145890235900879,9.06395435333252,8.1049222946167
CCCN(CCN1CCN(c2cccc3c2OCCO3)CC1)C1CCc2ccc(O)cc2C1,7.739287376403809,8.579225540161133,8.15925645828247
CCCN(CCN1CCN(c2ccccc2)CC1)C1CCc2c(O)cccc2C1,7.368458271026611,8.235482215881348,7.8019702434539795
Cc1ccc2c(N3CCN(CCc4cccc(-c5ccc(F)cc5)c4)CC3)cccc2n1,7.463590145111084,6.88878059387207,7.176185369491577
Oc1[nH]c2cccc(OCCCN3CCN(c4cccc5cccc(F)c45)CC3)c2c1C1CC1,7.616916656494141,7.801422595977783,7.709169626235962
Fc1ccc(N2CCN(CCCCc3ccc4c(c3)NCCO4)CC2)c2ccc(F)cc2,,,
CN(C)C1CC(c2ccc(F)c(C#N)c2)c2ccccc21,6.346652984619141,5.221609115600586,5.784131050109863
N#Cc1ccc2[nH]c(O)c(CN3CCN(c4ccc(F)cc4Cl)CC3)c2c1,6.751887798309326,5.995380401611328,6.373634099960327
CCCN(C)C1CCc2ccc(O)cc2C1,7.5729546546936035,8.39228343963623,7.982619047164917
OC1Cc2ccc(CCCN3CCN(c4cccc5ccc(F)cc45)CC3)cc2N1,7.151644229888916,6.519919395446777,6.835781812667847
CC1NCCN1C1Cc2ccc(O)cc2C1,5.295394420623779,7.06273889541626,6.1790666580200195
Oc1ccc2c(c1)OC(CNCCCNC1=NCCN1)CC2,7.947183609008789,6.490311145782471,7.21874737739563
N#Cc1ccc2[nH]cc(CCCCN3CCN(c4cccc5nc(-c6ccccc6)ccc45)CC3)c2c1,7.678712368011475,8.049945831298828,7.864329099655151
Cc1cc2cc3ccc(O)cc3oc2n1CCC,,,
Oc1cc2ccc3c(c2[nH]1)CCN(CCCCc1c[nH]c3ccc(F)cc13)CC2,,,
CN1CCN(C2=Cc3ccccc3Cn3cccc32)CC1,6.638490676879883,6.769655704498291,6.704073190689087
Cc1c(C2=CCN(C3CCC(NCC(=O)c4nc(C)cc4Cl)CC3)CC2)nn(-c2ccc(C#N)c(C(=O)NCCN3CCN(c4ccccc4F)CC3)c2)c1C,,,
CN1CCN(C2=Cc3cc(Cl)ccc3Cc3ccccc32)CC1,7.753957748413086,7.634964466094971,7.694461107254028
CCCN(CCN1CCN(c2ccc(-c3ccccc3)cc2)CC1)C1CCc2ccc(O)cc2C1,7.323070049285889,8.556842803955078,7.939956426620483
CN1CCCC1Cc1c[nH]c2ccc(C3=CCN(CCN4CNc5ccc(F)cc5C4=O)CC3)cc12,7.408550262451172,7.41353702545166,7.411043643951416
CCCN(CCC1CCC(NC(=O)c2ccc3ccccc3c2)CC1)C1CCc2nc(N)sc2C1,6.920759677886963,8.741766929626465,7.831263303756714
Oc1[nH]cc2ccc(OCCCN3CCN(c4cccc5c4CCOC5)CC3)cc12,7.931091785430908,7.538948535919189,7.735020160675049
OC1(c2ccccc2)CCN(CCCCc2cn(-c3ccc(F)cc3)c3ccccc23)CC1,7.228106021881103,7.121509075164795,7.174807548522949
Oc1cc2c(OCCNCCc3cccc(I)c3)ccc(F)c2[nH]1,8.771744728088379,7.627442359924316,8.199593544006348
Oc1cccc(N2CCN(CCCCN3CCc4cc(I)ccc4Cc4cc(F)ccc43)CC2)c1,7.709933757781982,8.079061508178711,7.894497632980347
CCCN(CCN1CCN(c2ccccc2)CC1)C1CCc2ccc(O)cc2C1,7.061977386474609,8.358572006225586,7.710274696350098
Cc1ccc2c(OCCN3CCC(Cc4cccc(-n5cc(F)cn5)c4)CC3)cccc2n1,6.824997901916504,7.412542819976807,7.118770360946655
Oc1[nH]c2ccc(Cl)cc2c1CCCN1CC=C(c2cccc3cc(F)ccc23)CC1,8.290350914001465,7.485116004943848,7.887733459472656
CN(CCCCCCN1CCN(c2cccc(Cl)c2Cl)CC1)c1cccc(Cl)c1,7.807563781738281,7.680696487426758,7.7441301345825195
CCN1CCCC1CNC(=O)c1cc(C)cc(OC)c1OC,7.727011680603027,8.305925369262695,8.016468524932861
CCCN(CCN1CCN(c2ccc(-c3ccccc3)cc2)CC1)C1CCc2cc(O)ccc2C1,7.244194984436035,8.533466339111328,7.888830661773682
O=C(NCCCCN1CCN(c2nsc3ccccc23)CC1)c1ccc(F)c(Cl)c1,7.626815319061279,8.752555847167969,8.189685583114624
CCCN(CCN1CCN(c2ccc(-c3ccccc3)cc2)CC1)C1CCc2c(O)cccc2C1,7.487314701080322,8.477007865905762,7.982161283493042
CCCN(CCN1CCN(c2ccc(-c3ccccc3)cc2)CC1)C1CCc2ccc(O)cc2CC1,7.222258567810059,8.23896598815918,7.730612277984619
COC(=O)C1C(c2ccc(F)cc2)CC2CCC(2)NCC1(C)C,,,
CCCN(CCN1CCN(c2ccc(-c3ccccc3)cc2)CC1)C1CCc2ccc(O)cc2C1,7.323070049285889,8.556982040405273,7.940026044845581
COc1ccccc1N1CCN(CCCCNC(=O)c2ccc(-c3ccccc3)cc2)CC1,7.363232612609863,8.831465721130371,8.097349166870117
CCN1CCc2ccccc2CC1CNC(=O)c1cccc2c1N2CCCN1CCN(c2ccccc2OC)CC1,6.873945713043213,7.016613483428955,6.945279598236084
CCCN(CCN1CCN(c2ccccc2OC)CC1)C1CCc2c(O)cccc2C1,8.0911283493042,8.516033172607422,8.30358076095581
NCC1Cc2ccccc2C(=O)CC1OCC2c1ccccc1I,,,
COc1ccccc1N1CCN(CCCCN2CCC3CCCc4ccccc4C3C2)CC1,7.108861923217773,7.352974891662598,7.2309184074401855
Oc1ccc2c(CCCCNCCOc3cccc(Cl)c3)c[nH]c2c1,8.278493881225586,7.949888706207275,8.11419129371643
Nc1ccc(OCCCNCC2COc3ccc(O)cc3O2)cc1,9.18018627166748,8.222864151000977,8.701525211334229
O=C1CCc2ccc(OCCCCN3CCN(c4cccc(Cl)c4Cl)CC3)nc2N1,8.820858001708984,7.946710586547852,8.383784294128418
CN1CC=C(C2=Cc3ccccc3Cc3ccccc32)CC1,7.204357147216797,7.20650053024292,7.205428838729858
N#Cc1ccc(N2CCN(CCCCCN3CCN(c4ccccc4OCCF)CC3)CC2)cc1Cl,7.63172721862793,7.639764785766602,7.635746002197266
Oc1ccc2cc(CCCN3CCN(c4cccc5cccc(F)c45)CC3)ccc2[nH]1,,,
OC(CCCN1CCN(c2ncc(C#Cc3ccccc3)cc2Cl)CC1)c1ccc(F)cc1,5.643778800964356,6.6793413162231445,6.16156005859375
Oc1[nH]cc2ccc(OCCCN3CCN(c4cccc5ccccc45)CC3)cc12,8.251432418823242,8.164287567138672,8.207859992980957
CCCN(CCN1CCN(c2ccccc2)CC1)C1CCc2ccc(O)cc2C1,7.061977386474609,8.358572006225586,7.710274696350098
CCCN(CCN1CCN(c2ccccc2)CC1)C1CCc2ccc(O)cc2C1,7.061977386474609,8.358572006225586,7.710274696350098
COc1ccccc1N1CCN(CCCCNC(=O)C2CCC3c4ccccc4CC32)CC1,7.376930236816406,8.146781921386719,7.7618560791015625
Oc1cc2c(OCCNCc3ccccc3)ccc(F)c2[nH]1,8.782026290893555,7.853747367858887,8.31788682937622
CN1CCc2c(cccc2C(C=Cc2ccccc2)CC1,,,
OCCCN(CCN1CCN(c2ccccc2Cl)CC1)C1CCc2ccc(O)cc2C1,7.08212947845459,8.334647178649902,7.708388328552246
NCCCN1c2ccccc2CCc2ccccc21,5.733658790588379,6.47965669631958,6.1066577434539795
CCCN(CCN1CCN(c2cccc3ccccc23)CC1)C1CCc2nc(N)sc2C1,7.570409297943115,8.891853332519531,8.231131315231323
Oc1[nH]cc2ccc(OCCCN3CCN(c4cccc5ccn(CCN6CCN(c7ccccc7)CC6)c45)CC3)cc12,7.533451080322266,7.255029678344727,7.394240379333496
Cc1cc(N2CCN(CCC3CCC(NC(=O)C(C)C)CC3)CC2)ccc1Cl,7.1561126708984375,8.80039119720459,7.978251934051514
O=C(NCCCCN1CCN(c2cccc(Cl)c2Cl)CC1)c1ccc2ccccc2c1,7.087527751922607,9.066522598266602,8.077025175094604
c1cc(-c2ccc3c(c2)CCN(CCCSc2nnc(-c4ccc(-c5ncc[nH]5)cc4)n2CCN3)CC1,,,
Cc1cc(I)cc(CCN2CCN(c3cccc4nc(C)ccc34)CC2)c1,7.48286247253418,7.062958240509033,7.2729103565216064
COc1ccccc1N1CCN(Cc2ccc(CCNCC(O)COc3ccccc3Cl)cc2)CC1,6.222635746002197,6.4995317459106445,6.361083745956421
N#Cc1ccccc1C(N)CC1CC1,6.395782470703125,7.1348090171813965,6.765295743942261
CCCN(CCN1CCN(c2cccc(Cl)c2Cl)CC1)C1CCc2ccc(O)cc2C1,7.754941463470459,8.884286880493164,8.319614171981812
COc1cccc(N2CCN(CCNC(=O)c3ccccc3[N+](=O)[O-])CC2)c1,6.55476713180542,6.571093559265137,6.562930345535278
CCCN(CCN1CCN(c2ccccc2)CC1)C1CCc2c(O)cccc2C1,7.368458271026611,8.235482215881348,7.8019702434539795
COc1cccc(CCN2CCC(N3CCN(c4ccccc4OC)CC3)CC2)c1OC,6.083850383758545,6.011012077331543,6.047431230545044
CC(C)c1nc2c(N3CCN(CCCCNC(=O)c4ccccc4)CC3)cccc2[nH]1,7.166710376739502,8.211735725402832,7.689223051071167
O=C(c1ccc(C2CCC(CN3CCN(c4cccc5ccccc45)CC3)CC2)cc1)N1CCN(c2ccc(F)cc2)CC1,6.501320838928223,6.852414608001709,6.676867723464966
CCCN(CCN1CCN(c2cccc(Cl)c2Cl)CC1)C1CNc2ccc(F)cc2C1,7.363632202148437,7.453551292419434,7.4085917472839355
Oc1cc2cccc(OCCCNCC2CCc3ccc(O)cc3O2)c1,,,
O=C1NCN(CCCCN2CCN(c3cccc(Cl)c3Cl)CC2)CC1c1ccccc1,6.493286609649658,7.732486724853516,7.112886667251587
O=C1N(CCN2CCN(c3cc(Cl)ccc3Cl)CC2)CCN1c1cccc(Cl)c1,7.517695426940918,7.791778564453125,7.6547369956970215
CCN1CCN(c2ncc(C#N)c(NCCCN3CCN(c4ccccc4OC)CC3)n2)CC1,6.679819107055664,6.012578964233398,6.346199035644531
Fc1cccc(CN2CCC(CCCN3CCN(c4ccccc4)CC3)CC2)c1,6.0585808753967285,6.346978187561035,6.202779531478882
N#Cc1ccc(N2CCN(CCCCN3C(=O)c4ccccc4C3=O)CC2)cc1,6.216732978820801,7.093146800994873,6.654939889907837
CN1CCc2ccccc2Cc2c(CCI)ccc(O)c2CCCN1,6.357385158538818,6.7406110763549805,6.548998117446899
NCCc1c[nH]c2ccc(OCCCCCCN3CCN(c4cccc(Cl)c4Cl)CC3)cc12,7.658056735992432,7.731429100036621,7.694742918014526
Oc1ccc2c(c1)OC(CNCCN1CCN(c3cccc(Cl)c3Cl)CC1)CC2,9.362069129943848,8.549615859985352,8.9558424949646
Cc1ccn(CCCN2CCN(c3cccc(C#N)c3)CC2)c1,5.709474086761475,6.527146816253662,6.118310451507568
O=C(NCCCCN1CCN(c2cccc(Cl)c2Cl)CC1)c1cc2ccccc2[nH]1,7.3425798416137695,9.33303451538086,8.337807178497314
O=C(NCCCCN1CCN(c2cccc(Cl)c2Cl)CC1)c1ccc2ccccc2c1,7.087527751922607,9.066522598266602,8.077025175094604
CCCN(CCN1CCN(c2cccnc2)CC1)C1CCc2ccc(F)c(O)c2C1,6.753962516784668,8.110260009765625,7.4321112632751465
Oc1ccc2[nH]c(CCCN3CCN(c4cccc5ccccc45)CC3)cc2c1,8.119558334350586,7.495904922485352,7.807731628417969
CCCN(CCN1CCN(c2cccc(Cl)c2Cl)CC1)C1CCc2ccc(O)cc2C1,7.754941463470459,8.884286880493164,8.319614171981812
CC1CN(CCc2ccccc2)CCN1Cc1ccc(S(=O)(=O)N2CCCCC2)cc1,6.1434431076049805,5.720986366271973,5.932214736938477
CCCN1CCN(c2cccc3ccc(O)cc23)CC1,8.342854499816895,8.10729694366455,8.225075721740723
O=C1N(CCN2CCC(C(F)(F)F)CC2)CN(c2ccc(F)c(Cl)c2)C12CCC2,7.815341472625732,8.590150833129883,8.202746152877808
Clc1cccc(N2CCN(CCCCOc3ccc4cnnn4c3)CC2)c1Cl,8.205345153808594,8.273846626281738,8.239595890045166
Cc1ccc2c(N3CCN(CCc4cccc(-c5ccccn5)c4)CC3)cccc2n1,6.951872825622559,7.097087860107422,7.02448034286499
CN1CCN(C2CC(c3ccc(Cl)cc3)c3ccc(F)cc32)CC1,7.916147232055664,6.452972888946533,7.184560060501099
CN1CCN(C2Cc3ccccc3Sc3ccc(Cl)cc32)CC1,9.140546798706056,8.702610969543457,8.921578884124756
CN1CCc2ccccc2Cc2c(O)cccc2CC1,7.605659008026123,7.218510150909424,7.412084579467773
Oc1[nH]cc2ccc(OCCN3CCN(c4cccc5cccc(Cl)c45)CC3)c(F)c12,8.233360290527344,7.255498886108398,7.744429588317871
Oc1[nH]cc2cc(F)c(OCCCN3CCN(c4cccc5c(Cl)cccc45)CC3)cc12,7.949808597564697,7.808452129364014,7.8791303634643555
NCCCc1c[nH]c2ccc(OCCCCN3CCN(c4cccc5ccc(F)cc45)CC3)cc12,7.628854274749756,7.927251815795898,7.778053045272827
CN1CCc2cccc3c2C1Cc1cccc(O)c1-3,6.989553451538086,7.396730422973633,7.193141937255859
N#Cc1ccccc1N1CCN(CCCCc2ccc3c(c2)CCN(CC(=O)c2cccc(F)c2)CC3)CC1,7.295472145080566,7.356324195861816,7.325898170471191
CCCN(CCN1CCN(c2ccc(-c3ccccc3)cc2)CC1)C1CCc2c(O)cccc2C1,7.487314701080322,8.477007865905762,7.982161283493042
Oc1ccc2c(N3CCN(CCCCc4cccc5c4CCCC5)CC3)cccc2[nH]1,,,
CN1CCN(c2cccc3cnc(C#N)c(Nc4ccc(F)c(Cl)c4)c23)CC1,6.470355987548828,5.750249862670898,6.110302925109863
Oc1ccc2c(CCC3CCN(CCC4CCCc5ccc(F)cc54)CC3)noc2c1,7.240170955657959,7.896502494812012,7.568336725234985
OCCc1cn2c(-c3ccc(F)cc3)csc2n1,5.423637866973877,5.9394307136535645,5.681534290313721
Oc1nc2cccc(OCCNCCCCc3ccc(Cl)cc3)c2o1,8.225093841552734,7.603384971618652,7.914239406585693
COc1ccccc1N1CCN(CCCC=CCN2CCc3ccc(I)cc3CC2)CC1,7.460671424865723,7.507603645324707,7.484137535095215
CCCN(CCN1CCN(c2cccc(Cl)c2Cl)CC1)C1CCc2ccc(O)cc2C1,7.754941463470459,8.884286880493164,8.319614171981812
COc1c(OCCF)cccc1C(=O)NCCCCN1CCN(c2cccc3ccccc23)CC1,7.439897537231445,8.429107666015625,7.934502601623535
Cc1cc(C2=C(c3c[nH]c4ccccc34)CCN(CCCc3ccc(F)cc3)CC2)no1,7.266047477722168,7.230558395385742,7.248302936553955
NC(=O)c1cccc2c1Nc1cc(I)ccc1C2,7.878693580627441,6.328869819641113,7.103781700134277
O1(2cccc3ccc(OCCN4CCN(c5cccc6ccccc56)CC4)cc23)CC1,,,
Cc1cc(CN2CCN(Cc3ccccc3)C2=O)no1,5.766119003295898,4.672077178955078,5.219098091125488
CC(C)CN(CCCN1CCN(c2ccc3[nH]ccc3c2)CC1)C1CCc2c(O)cccc2C1,7.293194770812988,7.714453220367432,7.50382399559021
CCN1CCCC1CNC(=O)c1c(Br)cccc1I,7.549580097198486,8.31839370727539,7.9339869022369385
CNCc1ccccc1OCCCOc1cccc2c1CCCC2,6.309548854827881,6.767903804779053,6.538726329803467
CCCN(CCN1CCN(c2cccc3ccccc23)CC1)C1CCc2ccc(O)cc2C1,7.852016448974609,8.869171142578125,8.360593795776367
CC(N)CN1CCc2ccc(O)cc2C2CCC(CCCCN3CCN(c4ccccc4Cl)CC3)C12,6.921927452087402,7.5767059326171875,7.249316692352295
CN1CCN(C2=Cc3ccccc3Oc3ccc(Cl)cc3CC2)CC1,7.513623714447021,7.78065299987793,7.647138357162476
CCCN(CCN1CCN(c2ccccc2)CC1)C1CCc2ccc(O)cc2C1,7.061977386474609,8.358572006225586,7.710274696350098
COc1ccc2c(c1)CCN1CCN(c3cccc(Cl)c3Cl)CC1CCO2,6.270452976226807,6.966620445251465,6.618536710739136
CCCN(CCN1CCN(c2cccc(Cl)c2Cl)C1=O)C1CCc2ccc(O)cc2C1,7.456831932067871,8.60012435913086,8.028478145599365
CCCN(CCN1CCN(c2cccc(Cl)c2Cl)CC1)C1CCc2ccc(O)cc2C1,7.754941463470459,8.884286880493164,8.319614171981812
Cc1[nH]c2ccccc2c1C1CCCN(CCCc2c[nH]c3c(F)cc(F)cc3c2C#N)CC1,,,
CCCN(CCN1CCN(c2ccccc2)CC1)C1CCc2ccc(O)cc2C1,7.061977386474609,8.358572006225586,7.710274696350098
O=C1N(CCN2CCC(c3ccc(F)cc3)CC2)CCN1c1ccccc1O,7.236793041229248,6.296279430389404,6.766536235809326
COc1cccc(C(=O)NCCCCN2CCN(c3cccc(Cl)c3Cl)CC2)c1,7.145890235900879,9.06395435333252,8.1049222946167
CN1CCN(C2Cn3cccc3Sc3ccc(F)cc32)CC1,8.455343246459961,8.19658088684082,8.32596206665039
CCCN1CCCC1CNC(=O)c1cc(I)cc2c1N(C)C(=O)CC2,7.854671001434326,8.65970516204834,8.257188081741333
N#Cc1cccc2c1CCC1CN(CCC3CCCCCCC3)CC21,6.591217994689941,7.853742599487305,7.222480297088623
CCCN(CCN1CCN(c2ccc(-c3ccccc3)cc2)CC1)C1CCc2ccc(O)cc2C1,7.323070049285889,8.556982040405273,7.940026044845581
Oc1ccc2c(c1)OC(CNCCOc1ccc3[nH]ccc3c1)CC2,9.725318908691406,8.359877586364746,9.042598247528076
C1=C(CCN2CCN(c3cccc(C#Cc4cccnc4)c3)CC2)CCNC1,5.989471435546875,6.909763813018799,6.449617624282837
NCCCN1c2ccccc2N(c2ccccc2)S1(=O)=O,6.653084754943848,6.6605377197265625,6.656811237335205
Oc1cc(CN2CCC(CN3CCN(c4ccccc4Cl)CC3)CC2)c2ccc(F)cc2c1,6.489325523376465,7.473392486572266,6.981359004974365
CN(C)CCc1cccc2c1Cc1cnc[nH]1,,,
O=C1C2CCCN2C(=O)N1CCCCNCC1CCc2ccccc2O1,7.9306182861328125,7.527356147766113,7.728987216949463
Cc1cc(F)ccc1N1CCN(CCCCNCC(=O)c2ccc(F)c3ccccc23)CC1,6.716897487640381,6.718374252319336,6.717635869979858
Oc1[nH]c2cc(F)c(OCCCN3CCN(c4cccc5c4CCO5)CC3)c(F)cc2c1C1=CCN(CCCc2ccccc2)CC1,,,
O=C1N(CCN2CCC(C(F)(F)F)C3CCCCC32)CCN1c1cccc2ccccc12,7.068140029907227,7.412633895874023,7.240386962890625
O=C1N(CCN2CCC(c3noc4cc(F)ccc34)CC2)CCN1c1cccc(Cl)c1,7.803883075714111,7.301646709442139,7.552764892578125
CCCN(CCN1CCN(c2ccc(-c3ccccc3)cc2)CC1)C1CCc2ccc(O)cc2C1,7.323070049285889,8.556842803955078,7.939956426620483
N#Cc1ccc2[nH]cc(CCCCN3CCN(c4cccc5sc(C(N)=O)cc45)CC3)c2c1,8.246779441833496,8.27890396118164,8.262841701507568
CCN1CCN(c2ccc(C(=O)NCCCCCCN3CCN(c4cccc(Cl)c4Cl)CC3)cc2)CC1,7.047245979309082,7.748676776885986,7.397961378097534
CN1CCN(C2Cc3cc(Cl)ccc3NC2=O)CC1,6.10121488571167,7.522014617919922,6.811614751815796
Cc1cc(Cl)cc(C)c1CNC1CCC(c2ccccc2)CC1,6.7067718505859375,6.721174240112305,6.713973045349121
Cc1cc(C)c2[nH]c(C(=O)NCCc3ccc(F)cc3)cc2c1,6.050018310546875,6.72990083694458,6.3899595737457275
CCN(CCN1CCN(c2cccc3ccccc23)CC1)C1CCc2ccc(O)cc2C1,7.947355270385742,8.526658058166504,8.237006664276123
CCCN1CCCC2Cc3nc(N)sc3CC21,6.629022598266602,8.666210174560547,7.647616386413574
O=C1NCCN1CCN1CCN(c2cccc(Cl)c2Cl)CC1,6.954862117767334,7.634658336639404,7.294760227203369
COc1ccccc1N1CCN(CCCCc2ccn(C)n2)CC1,7.892462253570557,7.199160099029541,7.545811176300049
CCCN(CCN1CCN(c2ccnc3cc(OC)ccc23)CC1)C1CCc2ccc(O)cc2C1,7.472228527069092,8.297539710998535,7.8848841190338135
Oc1ccc2c(c1)CCCC2CCN1CCN(c2cccc3ccccc23)CC1,7.758270263671875,7.831354141235352,7.794812202453613
CCCN(CCN1Cc2cccc3c2-c2noc3ccc(OC)cc23)CC1)C1CCc2nc(N)sc2C1,,,
CCCN(CCN1CCN(c2ccc(-c3ccccc3)cc2)CC1)C1CCc2ccc(O)cc2C1,7.323070049285889,8.556982040405273,7.940026044845581
Oc1ccc2[nH]cc(CCCN3CCN(c4ccccc4Br)CC3)c2c1,8.310115814208984,7.367422103881836,7.83876895904541
CCCN(CCN1CCN(c2cccc3[nH]ccc23)CC1)C1CCc2ccc(O)cc2C1,7.947385787963867,8.743558883666992,8.34547233581543
N#CNCCN1CCN(c2ccc3[nH]ccc3c2)CC1,6.808568954467773,6.022869110107422,6.415719032287598
C=CCNCCCCCCCN1CCN(c2cccc(Cl)c2Cl)CC1,6.944865703582764,6.997805118560791,6.971335411071777
COc1ccccc1N1CCN(CCCCCNCC(O)c2cccc3ccccc23)CC1,6.662578582763672,6.733193874359131,6.697886228561401
CCCN(CCN1CCN(c2cccc(Br)c2)CC1)C1CCc2ccc(O)cc2C1,7.07609748840332,8.7268705368042,7.90148401260376
N#Cc1ccc2[nH]cc(CCCCN3CCN(c4ccc5[nH]c(C(N)=O)nc5c4)CC3)c2c1,7.076876163482666,7.491138458251953,7.28400731086731
COc1ccccc1N1CCN(CCCCNC(=O)c2cccc(OCCOCCOCCOCCOCCOc3cccc(C(=O)NCCCCCCN4CCN(c5cccc6ccccc56)CC4)c3)c2),,,
O=C1N(CCN2CCC3(CCc4c(ccc5c4CNCC3)C2)CCN1c1ccccc1,,,
Oc1nc2cnc(N3CCC(CCN4CCN(c5ccccc5Cl)CC4)CC3)nc2o1,7.480395317077637,7.148184299468994,7.314289808273315
Cc1ccc2c(N3CCN(CCc4cccc(N5CCCS5(=O)=O)c4)CC3)ccnc2[nH]1,,,
CCCN(CC)C1Cc2cc(O)ccc2C1CCc1cccc(OC)c1,7.297263145446777,7.369498252868652,7.333380699157715
COc1ccccc1N1CCN(CC2CCC(NC(=O)c3csc4ccccc34)CC2)CC1,7.174379348754883,8.317190170288086,7.745784759521484
COc1cccc(C(=O)NCCCCN2CCN(c3cccc(Cl)c3Cl)CC2)c1,7.145890235900879,9.06395435333252,8.1049222946167
O=C(NCC1CCC(CCN2CCN(c3cccc(Cl)c3Cl)CC2)CC1)c1cnc2ccccc2c1,7.087407112121582,8.34211540222168,7.714761257171631
COc1ccccc1N1CCN(CCCCNC(=O)Cn2ccc3ccccc32)CC1,7.289206027984619,7.389665603637695,7.339435815811157
CN1CCN(C2=Nc3cc(Cl)ccc3Nc3ccccc32)CC1,6.543483257293701,7.039327621459961,6.791405439376831
CN1CCc2cn(CC3CCC(C(=O)NCCCCC4CCN(c5ccc(Cl)cc5Cl)CC4)CC3)c3ccccc23)C1,,,
O=C1N(CCN2CCC3(CC2)CCc2ccccc23)CCN1c1ccc2ccccc2c1,6.937095642089844,6.914267539978027,6.9256815910339355
CCN(CC)C1Cc2cccc(O)c2C1,7.788041591644287,7.991339683532715,7.889690637588501
N#Cc1cccc(N2CCN(CCCCN3CCN(c4ccccc4Cl)CC3)CC2)c1,7.605154037475586,8.284663200378418,7.944908618927002
CCCN(CCCCl)C1=CCc2ccc(O)cc2CC1,7.699317932128906,7.706168174743652,7.702743053436279
Oc1[nH]cc2ccc(OCCCN3CCN(c4cccc5cccc(F)c45)CC3)c(F)c12,8.132925987243652,7.728168487548828,7.93054723739624
COc1cccc(N2CCN(CCCCC(=O)NCCC3CCCc4ccccc4C3)CC2)c1,7.1918768882751465,7.595734596252441,7.393805742263794
Oc1[nH]cc2ccc(OCCCCN3CCN(c4cccc5c4OCCC5)CC3)cc12,9.01615047454834,8.039968490600586,8.528059482574463
Oc1nc2c(OCCNCc3ccccc3)ccc(Cl)c2[nH]1,8.640350341796875,7.833977699279785,8.23716402053833
COc1cccc(C(=O)NCCCCN2CCN(c3ccccc3OC)CC2)c1,7.0198893547058105,8.479230880737305,7.749560117721558
CN1CCN(C2=Cc3ccccc3Oc3ccc(Cl)cc32)CC1,7.993473052978516,7.783572196960449,7.888522624969482
COc1ccccc1N1CCN(CCCCOc2cccc3c2CCC(=O)N3CCCCCN2CC=C(c3cnc[nH]3)CC2)CC1,8.2023344039917,7.929544448852539,8.06593942642212
COc1ccccc1N1CCN(CCCCCCCC(=O)OCc2ccccc2)CC1,6.772793769836426,6.086217403411865,6.4295055866241455
CCN1CCCC1CNC(c1ccc(Cl)c(Cl)c1)c1cccc2n[nH]c(C)c12,6.4975199699401855,6.806886672973633,6.652203321456909
CCCN(CCN1CCN(c2ccnc3ccc(Cl)cc23)CC1)C1CCc2ccc(O)cc2C1,7.581604957580566,8.738422393798828,8.160013675689697
CCN1CCN(C2Cc3ccccc3Sc3ccc(-c4nnn(CCCN5CCN(c6ccccc6OC)CC5)n4)cc32)CC1,7.643104076385498,7.067002296447754,7.355053186416626
COc1cccc(N2CCN(CCCCc3cccc(C)c3)CC2)c1,7.248756408691406,7.432492733001709,7.340624570846558
Oc1ccc2ccc(OCCCN3CCN(c4cccc5cccc(F)c45)CC3)cc2n1,8.123270988464355,7.957672119140625,8.04047155380249
FC(F)(CN1CCN(CCCc2c[nH]c3ccc(-n4ccnn4)cc23)CC1)c1ccccc1,6.953886032104492,6.654968738555908,6.8044273853302
Oc1ccc2[nH]cc(CCCCN3CC=C(c4ccccc4)CC3)c2c1,8.44819450378418,8.916884422302246,8.682539463043213
O=C1N(CCN2CCN(c3ccc(Cl)cc3Cl)CC2)CN(c2ccc(Cl)c(Cl)c2)C12CCC2,7.90394401550293,7.910536766052246,7.907240390777588
Cn1cc(C2(CN3CCN(c4cccc(Cl)c4Cl)CC3)CCCCC2)cn1,6.918173313140869,7.040378093719482,6.979275703430176
CCCN(CCN1CCN(c2cccc3ccccc23)CC1)C1CCc2ccc(O)cc2C1,7.852016448974609,8.869157791137695,8.360587120056152
CN1CCN(C2=Cc3ccccc3Cc3ccc(Cl)cc32)CC1,7.779814720153809,7.546051025390625,7.662932872772217
CCCN(CCN1CCN(c2ccc(-c3cccnc3)cc2)CC1)C1CCc2ccc(O)cc2C1,6.996509075164795,8.551286697387695,7.773897886276245
Cc1cc2c(s1)Nc1ccccc1CN2,8.018514633178711,5.955278873443604,6.986896753311157
CN1CCc2cccc3c2Cc2ccccc2C1Cc1ccccc1-3,6.220781326293945,6.968080997467041,6.594431161880493
COc1ccccc1N1CCN(CCN(CCC(=O)c2cccc3c2CCN3)CC1,,,
COc1ccccc1N1CCN(CCCCN2CCN(c3ccccc3F)CC2)SCC1,7.177717208862305,7.583126068115234,7.3804216384887695
Cc1c[nH]c(N2CCN(CCCCc3cn(C)c4ccccc34)CC2)n1,6.731593608856201,6.999289989471436,6.865441799163818
CCc1ccccc1N1CCN(CCCCCNC(=O)c2ccc3ccccc3c2)CC1,7.025515079498291,7.548956394195557,7.287235736846924
COc1cc(NCCN(CCCN2CCN(c3ccccc3Cl)CC2)C2CCc3ccccc3C2)cc(OC)c1,6.772298812866211,7.123456001281738,6.947877407073975
CCCN(CCN1CCN(c2ccccc2O)CC1)C1CCc2ccc(O)cc2C1,7.675475597381592,9.087706565856934,8.381591081619263
CN1Cc2ccccc2C2c3ccccc3CCCN2C1,5.976683139801025,6.032192707061768,6.0044379234313965
CN1CCN(c2cccc3ccc(OCCCNCC(=O)N4CCc5ccc(Cl)cc5C4)cc23)CC1,6.989563465118408,7.343461990356445,7.166512727737427
CN1CCN(C2=Nc3ccccc3Nc3ccc(Cl)cc32)CC1,6.776462078094482,6.903762340545654,6.840112209320068
CN1CCc2cccc3c2Cc2[nH]c3ccc(F)cc3c2CC1,,,
OCc1nc2ccc3c(c2[nH]1)CCCN3CCCN1CCN(c2cccc(C(F)(F)F)c2)CC1,6.344118118286133,6.216110229492188,6.28011417388916
Oc1[nH]c2ccc(Br)cc2c1CCC2,,,
CC1CN(CCN2CCN3c4cccc(Cl)c4Sc4ccc(F)cc43)CC2)CCN1,,,
COc1cc(N)c(Cl)cc1C(=O)NC1CCN(CCCCC(=O)N2CCN(c3cccc(Cl)c3Cl)CC2)C1=O,7.818263053894043,7.577620506286621,7.697941780090332
CCN1CCCC1CNC(=O)c1c(O)c(I)cc(O)c1Br,8.35280990600586,9.218220710754396,8.785515308380127
Brc1cccc(N2CCN(CCC3CCC(Nc4nnc(I)cc4F)CC3)CC2)c1,8.011445999145508,7.92530345916748,7.968374729156494
CCN1CCN(c2ccc(Nc3ncc(C#N)c(Nc4ccc5[nH]ncc5c4)n3)cc2)CC1,6.455897331237793,5.104551792144775,5.780224561691284
O=C1N(CCN2CCC(CCCN3CCN(c4cccc(Cl)c4Cl)CC3)CC2)CCN1c1ccccc1,7.688581466674805,7.913238048553467,7.800909757614136
Oc1ccc2c3c1OC1C(O)CCC4(O)C(C2)CCC314,7.186156272888184,7.692036628723144,7.439096450805664
Fc1ccc(N2CCN(CCCCSc3ccc(F)cc3)CC2)n2nccc2c1,,,
CN1CCc2cccc3c2Cc2ccccc2CC1Cc1ccccc1,,,
Oc1[nH]cc2cc(F)c(OCCCN3CCN(c4cccc5cccc(F)c45)CC3)cc12,8.04649829864502,7.654065132141113,7.850281715393066
CN1CCN(C2=Nc3cc(Cl)ccc3Nc3ccccc32)CC1,6.543483257293701,7.039327621459961,6.791405439376831
Cc1ccc2c(N3CCN(CCc4cccc(-c5ccccc5)c4)CC3)cccc2n1,7.434859752655029,7.006354808807373,7.220607280731201
Cc1ccc2c(N3CCN(CCCc4cccc(NC(C)C(=O)O)c4)CC3)cccc2[nH]1,,,
CCCN(CCN1CCN(c2ccccc2OC)CC1)C1CCc2ccc(O)cc2C1,7.815720081329346,8.517810821533203,8.166765451431274
CCN1CCN(c2cccc(CN3CCN(c4ccc(C(=O)NCCCCCCCN(CC=CCC(=O)c4OC)c4ccc(F)cc4)CC3)c2)CC1,,,
CCCN(CCN1CCN(c2ccccc2)CC1)C1CCc2ccc(O)cc2C1,7.061977386474609,8.358572006225586,7.710274696350098
CC(C)CCN1CCN(c2cccc(Cl)c2Cl)CC1,7.914420127868652,7.719753265380859,7.817086696624756
Oc1c2c([nH]c3cccc(Cl)c13)CC1CN(CCCCc3ccccc3)CC2,,,
COc1cccc(N2CCN(CCCCOc3ccc4ccc(O)nc4c3)CC2)c1,7.755428314208984,7.647625923156738,7.701527118682861
Oc1[nH]cc2ccc(OCCCN3CCN(c4cccc5cccc(F)c45)CC3)cc12,8.2858247756958,7.846155166625977,8.065989971160889
CCN(CC)CCN1CN(c2ccccc2)C2(CCCC2)C1=O,9.122437477111816,7.956230163574219,8.539333820343018
NCCc1c[nH]c2ccc(OCCN3CCC(c4noc5cc(F)ccc45)CC3)cc12,7.625724792480469,6.872126579284668,7.248925685882568
Oc1[nH]cc2ccc(OCCCN3CCN(c4cccc5c4CCCC5)CC3)cc12,8.662345886230469,7.776519298553467,8.219432592391968
CCCc1c(Oc2ccc(F)cc2)nccc1OCCCN1CCN(c2cccc(Cl)c2Cl)CC1,6.748742580413818,7.380351543426514,7.064547061920166
O=C(NCCCCN1CCN(c2cccc(Cl)c2Cl)CC1)c1cc2ccccc2[nH]1,7.3425798416137695,9.33303451538086,8.337807178497314
CCCN(CCN1CCN(c2cccc3ccccc23)CC1)C1CCc2ccc(O)cc2C1,7.852016448974609,8.869171142578125,8.360593795776367
COc1ccccc1N1CCN(CCNC(=O)c2cc3ccc2Cl)CC1,,,
O=C1Cc2cc(OCCCCN3CCN(c4cccc(Cl)c4Cl)CC3)ccc2N1,8.58447265625,8.32879638671875,8.456634521484375
CCCN1CNCC1Cc1ccc(Cl)c(Cl)c1,6.010965824127197,7.312823295593262,6.6618945598602295
COc1ccc2c(c1)CCCC2CCN1CCN(c2ccccc2C=CCN2CCN(c3cccc4ccccc34)CC2)CC1,7.416323184967041,7.420434951782227,7.418379068374634
COc1ccccc1N1CCN(CCCCNC(=O)CC2CCCc3ccc(OC)cc3C2)CC1,7.528454780578613,7.709257125854492,7.618855953216553
Fc1cccc(F)c1OC1CCN(CCCCOc2ccc3cn[nH]c3c2)CC1,7.453566074371338,8.010509490966797,7.732037782669067
COc1ccccc1N1CCN(CCCCNC(=O)c2ccc3ncccc3c2)CC1,7.392001152038574,8.583013534545898,7.987507343292236
NCCc1cccc(OCCCCN2CCN(c3cccc(C(F)(F)F)c3Cl)CC2)c1,7.299298286437988,7.288928508758545,7.294113397598267
CCCN(CCN1CCN(c2cccc3ncccc23)CC1)C1CCc2cnc(O)cc2C1,7.159165382385254,8.47454833984375,7.816856861114502
COc1ccccc1N1CCN(CCCC2CCC(NC(=O)C3CCC(F)(F)(F)CC3)CC2)CC1,,,
[H]c1cc(CCN2CCN(c3cccc(C(F)(F)F)c3)CC2)n[nH]1,7.14155387878418,6.156497478485107,6.6490256786346436
Oc1ccc2[nH]cc(CCCN3CCN(c4cccc5cc[nH]c45)CC3)c2c1,8.924259185791016,7.456546783447266,8.19040298461914
CCCN(CCN1CCN(c2ccccc2)CC1)C1CCc2ccc(O)cc2C1,7.061977386474609,8.358572006225586,7.710274696350098
O=C(NCCCCN1CCN(c2cccc(Cl)c2Cl)CC1)c1ccc2[nH]cnc2c1,7.782467365264893,8.877300262451172,8.329883813858032
N#Cc1cccc2c1CN1CCN(CCCCc3c[nH]c4ccc(I)cc34)CC12,7.285557270050049,8.007552146911621,7.646554708480835
COc1ccccc1N1CCN(CCCCCNC(=O)c2cc3ccc2CCc2ccc(cc2)CC3)CC1,7.677521705627441,7.787046432495117,7.732284069061279
O=C(NCCCCCN1CCN(c2nsc3ccccc23)CC1)c1ccc(F)cc1,7.86366605758667,8.005615234375,7.934640645980835
Sc1ncc(CNCCC2CCC(c3cccc(Cl)c3)CC2)n1,,,
Cn1c(N2CCN(Cc3cccc(C(F)(F)F)c3)CC2)cc(C#N)c1=O,,,
CCCN(CCN1CCN(c2ccccc2)CC1)C1CCc2ccc(O)cc2C1,7.061977386474609,8.358572006225586,7.710274696350098
CCCN(CCN1CCN(c2ccccc2OC)CC1)C1CCc2c(O)cccc2C1,8.0911283493042,8.516033172607422,8.30358076095581
c1ccc2c(CCCN3CCN(c4cccc5ccccc45)CC3)c[nH]c2c1,7.69492244720459,6.970223426818848,7.332572937011719
NCCN1Cc2ccccc2Cc2ccc(CCCCN3CCN(c4cccc5ccccc45)CC3)cc21,6.8996992111206055,7.339857578277588,7.119778394699097
COc1cccc(CC(C)NCCCCc2ccccc2)c1,6.053332805633545,6.4857497215271,6.269541263580322
Oc1ccc(N2CCN(CCCCN3CCN(c4cccc(Cl)c4Cl)CC3)CC2)c2ccccn12,,,
N#Cc1ccc2[nH]cc(CCCCN3CCN(c4ccc(C#N)cc4F)CC3)c2c1,7.776691913604736,7.657581329345703,7.71713662147522
O=S(=O)(NC1CCC(CCN2CCN(c3ccccc3)CC2)CC1)c1ccc2ccccc2c1,7.5360002517700195,7.991461753845215,7.763731002807617
O=C(NCCCCN1CCN(c2cccc(Cl)c2Cl)CC1)c1ccc(F)cc1,7.551733493804932,8.872730255126953,8.212231874465942
COc1ccccc1N1CCN(CCCCc2c[nH]c3ccc(O)cc23)CC1,8.973493576049805,8.406871795654297,8.69018268585205
CCCN(CCCN1CCN(c2ccccc2OC)CC1)C1CCc2ccc(O)cc2C1,7.734748363494873,7.831311702728271,7.783030033111572
CCCN(CCN1CCN(c2cccc3c2ccn3C)CC1)C1CCc2ccc(O)cc2C1,7.344686508178711,8.443171501159668,7.8939290046691895
N#Cc1ccc2[nH]cc(CCCCN3CCN(c4ccc5[nH]ccc5c4)CC3)c2c1,7.777991771697998,7.459677696228027,7.618834733963013
Oc1ccc2[nH]cc(C3CCC(NCCCc4ccccc4)CC3)c2c1,6.994419097900391,7.482120990753174,7.238270044326782
Fc1cccc(N2CCN(CCCCOc3ccc4[nH]cc(CCN5CCN(c6ccccc6Cl)CC5)c4c3)CC2)n1,7.859560966491699,7.347930908203125,7.603745937347412
CCN1CCN(Cc2cccc(CCCCCN3CCN(c4ccc(Cl)cc4Cl)CC3)c2)CC1,6.155167579650879,6.487886905670166,6.3215272426605225
COc1cc(NC2CCCCC2)cc(C(=O)NC2CC3CCC2(C)C3(C)C)c1,6.173138618469238,7.553160667419434,6.863149642944336
CN1CCN(CCCN2c3ccccc3Sc3ccc(C(F)(F)F)cc32)CC1,6.6178388595581055,6.678783893585205,6.648311376571655
Oc1ccc2c(c1)OC(CNCc1ccc(I)cc1)CC2,9.396833419799805,8.504549980163574,8.95069169998169
c1ccc(N2CCN(CCCCOCCCc3ccc4ccccc4c3)CC2)cc1,6.682626247406006,6.958766460418701,6.8206963539123535
Fc1ccc2[nH]cc(CC3CCN(CCCCc4ccccc4)CC3)c2c1,6.589922904968262,7.358979225158691,6.974451065063477
CCN(CCN1CCN(c2cccc(Cl)c2Cl)CC1)C1CCc2ccc(O)cc2C1,7.87141752243042,8.539102554321289,8.205260038375854
CN1CCCCC1CNC(=O)c1ccc(I)cc1F,6.664985656738281,8.400369644165039,7.53267765045166
CN1CCc2ccccc2Cc2ccc(O)cc2CC1,7.736021518707275,7.086018085479736,7.411019802093506
Oc1ccc2c(c1)OC(CNCCN1CCN(c3ccccc3Cl)CC1)CC2,9.17803955078125,8.298336029052734,8.738187789916992
Cc1cc2c(OCCNCCCc3c[nH]c4ccc(I)cc34)cccc2[nH]1,7.980869293212891,7.559541702270508,7.770205497741699
Oc1ccc2[nH]cc(CCCCN3CC=C(c4ccccc4)CC3)c2c1,8.44819450378418,8.916884422302246,8.682539463043213
CCc1cc(O)cc2c1CCCC2CCN1CCN(c2cccc(C(F)(F)F)n2)CC1,7.849721908569336,7.054312705993652,7.452017307281494
CN1CCC2c3c(cccc3CC2CN1)CCC(=O)N2Cc1ccccc1,,,
COc1ccccc1N1CCN(CC=CCCNC(=O)C2CCc3ccc(C)cc3C2)CC1,7.33897590637207,7.268525123596191,7.303750514984131
CN1CCN(C2Cc3ccccc3Sc3ccc(Cl)cc32)CC1,9.140546798706056,8.70261001586914,8.921578407287598
CCc1nccn2c(-c3ccnc(NCC(C)(C)CO)n3)c(-c3ccc(F)cc3F)nc12,6.038906097412109,4.722396373748779,5.380651235580444
Fc1cc(OCCNCCN2CCC3C(C2)c2c(cc(F)c(F)c2)CN3Cc2ccccc2)cc(F)c1,6.151731967926025,6.75545597076416,6.453593969345093
O=C1N(CCN2CCN(c3cccc(Cl)c3)CC2)CCN1c1cccc(Cl)c1,6.999580383300781,7.546206951141357,7.272893667221069
CCCN(CCN1CCN(c2ccccc2)CC1)C1CCc2c(O)cccc2C1,7.368458271026611,8.235482215881348,7.8019702434539795
CCN1CCN(C2Cn3cccc3Sc3ccc(F)cc32)CC1,8.352453231811523,7.737476825714111,8.044965028762817
O=C(NC1C2CCN(CC2)C1Cc1cccnc1)c1ccc(-c2cccc(F)c2)cc1,6.1453471183776855,7.504555702209473,6.824951410293579
Oc1ccc2c(CCCCN3CCN(c4cccc(Cl)c4Cl)CC3)n[nH]c2c1,8.662459373474121,8.592121124267578,8.62729024887085
Oc1ccc2[nH]cc(CCCN3CCN(c4cccc5cc(C(F)(F)F)ccc45)CC3)c2c1,8.588655471801758,6.833150863647461,7.710903167724609
Fc1ccc(N2CCN(CCCCc3c[nH]c4ccc(-n5cnnc5)cc34)CC2)cc1F,7.631905555725098,6.85260820388794,7.2422568798065186
Oc1[nH]cc2c(CCCCN3CCN(c4cccc5cc(F)ccc45)CC3)cccc12,8.323420524597168,8.003108024597168,8.163264274597168
N#Cc1ccc(N2CCN(CCCCc3c[nH]c4ncccc34)CC2)cc1C(F)(F)F,7.344328880310059,7.1365580558776855,7.240443468093872
OC(CCN1CCN(c2cccc3sccc23)CC1)C1CCC2C1,,,
CCN1CCCCC1CNC(=O)c1c(F)cccc1-c1nc2cccc(C)c2[nH]1,6.7023606300354,6.800047874450684,6.751204252243042
CN1C(=O)C2Cc3c(C#CCCCCN4CCN(c5cccc(Cl)c5Cl)CC4)cccc3C21,7.255228996276855,7.155718803405762,7.205473899841309
Cc1cnc(N2CCN(CCCCNC(=O)c3ccc4ccccc4c3)CC2)cn1,5.730819225311279,7.29321813583374,6.51201868057251
COc1ccccc1N1CCCN(CCCCc2cc(C#N)cc(C(=O)NCCNC(C)=O)c2)CC1,7.185985565185547,7.293294906616211,7.239640235900879
CCCN(CCN1CCN(c2cnc(-c3ccccc3)cn2)CC1)C1CCc2c(O)cccc2C1,6.828954219818115,8.521360397338867,7.675157308578491
CCCN(CCN1CN=C2c3ccccc3CCCC21)C1CCc2ccccc2C1,6.339783191680908,7.627413272857666,6.983598232269287
CN1CCc2ccccc2Cc2cc(OCCCCCCN3CCN(c4cccc(Cl)c4Cl)CC3)ccc21,7.065031051635742,7.473966598510742,7.269498825073242
CCN1CCN(C2Cn3cccc3Sc3ccc(F)cc32)CC1,8.352453231811523,7.737476825714111,8.044965028762817
CN1CCN(C2=Cc3ccccc3Oc3ccc(Cl)cc32)CC1,7.99347448348999,7.783572196960449,7.88852334022522
Oc1ccc2c(CCCCN3CCN(c4cccc5[nH]ccc45)CC3)c[nH]c2c1,8.717499732971191,8.314925193786621,8.516212463378906
N#Cc1cccc(N2CCN(CCCCc3cnc(-c4ccccc4F)n3)CC2)n1,,,
CN1CCN2c3c(cccc31)CCN2CCC1CCC(O)(c2ccccc2)CN1CCCCC1,,,
O=S(=O)(NCCCCN1CCN(c2nsc3ccccc23)CC1)c1ccc2ccccc2c1,7.932953834533691,8.210756301879883,8.071855068206787
CN1CCN(C2=Cc3ccccc3Oc3ccccc3C2=O)CC1,6.893022537231445,6.88766622543335,6.8903443813323975
Oc1cnc2c(c1)OC(CNCc1cccs1)CC2,8.435016632080078,8.348821640014648,8.391919136047363
CN1CCN(C2Cc3ccccc3Sc3ccc(Cl)cc32)CC1,9.140546798706056,8.702611923217773,8.921579360961914
Oc1ccc2c(c1)OC(CNCCCOc1ccc3[nH]ccc3c1)CC2,9.610630989074709,8.745016098022461,9.177823543548584
Nc1ccc(OCCCNCC2CCc3ccc(O)c(O)c3O2)cc1,9.777790069580078,8.61703872680664,9.19741439819336
Oc1[nH]cc2ccc(OCCCCN3CCN(c4cccc5ccccc45)CC3)cc12,8.26774787902832,8.365196228027344,8.316472053527832
CCCN(CCCCN1CCN(c2cccc(Cl)c2Cl)CC1)C1CCc2ccc(O)cc2C1,8.07448959350586,9.032450675964355,8.553470134735107
O=C1NCCN1CCN1CCC(c2cn(-c3ccc(F)cc3)c3ccc(Cl)cc23)CC1,7.742376327514648,6.387310028076172,7.06484317779541
CN1CCN(CCCN2c3ccccc3Sc3ccc(Cl)cc32)CC1,7.559896469116211,7.69283390045166,7.6263651847839355
CCCN1CCN(c2cccc(Cl)c2Cl)CC1CCc1nc2ccccc2c(=O)n1C,7.184060573577881,7.396642684936523,7.290351629257202
N#Cc1ccc(CN2CCN(CCCCc3c[nH]c4ccc(-n5cnnc5)cc34)CC2)cc1,7.040316581726074,7.449183464050293,7.244750022888184
CCN1CCCC1CNC(=O)c1c(F)ccc(CCCCN2CCN(c3cccc(Cl)c3Cl)CC2)c1F,7.5504865646362305,7.816454410552978,7.6834704875946045
CCCN(CCN1CCN(c2ccccc2)CC1)C1CCc2c(O)cccc2C1,7.368458271026611,8.235482215881348,7.8019702434539795
O=C1N(CCN2CCN(c3cccc(Cl)c3)CC2)CCN1c1ccccc1Cl,6.75797176361084,7.084897994995117,6.9214348793029785
Oc1[nH]cc2cc(F)c(OCCCN3CCN(c4cccc5ccccc45)CC3)cc12,8.03945255279541,8.071406364440918,8.055429458618164
Oc1[nH]cc2cc(F)c(OCCCCN3CCN(c4ccc(Cl)cc4Cl)CC3)cc12,7.676059246063232,7.992920875549316,7.834490060806274
Cc1c(Cl)cccc1N1CCN(CCCCNC(=O)C=Cc2ccccc2O)CC1,7.378712177276611,8.621310234069824,8.000011205673218
Oc1[nH]cc2ccc(OCCCCN3CCN(c4cccc5cccc(Cl)c45)CC3)c(Cl)c12,8.174934387207031,8.343544006347656,8.259239196777344
C[SH](=O)(O)N=C1CCC(N2CCN(c3ccc(Cl)cc3C3CCC3)CC2)CC1,7.472366809844971,7.402338981628418,7.437352895736694
CCCN(CCN1CCN(c2cc(O)ccc2F)CC1)C1COc2cccc(O)c2C1,7.92039680480957,9.19273853302002,8.556567668914795
O=C1N(CCN2CCC(CCN3c4ccccc4CC3)CC2)CCN1c1cccc(Cl)c1,7.784193515777588,7.756496906280518,7.770345211029053
N#Cc1ccc(C2CN(CCCCCN3CCN(c4ccccc4)CC3)CC2)cc1Cl,6.879078388214111,6.937412261962891,6.908245325088501
Cc1ccc(CCN2CCN(c3cccc4cc(C#N)ccc34)CC2)n1C,7.228710651397705,6.326354503631592,6.777532577514648
CCN1CCc2cc(OCCF)cc3c2C1Cc1cccc(O)c1-3,7.951207637786865,6.717151165008545,7.334179401397705
Oc1nc2cccc(OCCNCC=Cc3ccccc3)c2[nH]1,8.000616073608398,7.9570159912109375,7.978816032409668
Oc1[nH]cc2ccc(OCCCN3CCN(c4cccc5cccc(F)c45)CC3)c(F)c12,8.132925987243652,7.728168487548828,7.93054723739624
O=C(NC1CCc2ccc(CCN3CCN(c4cccc5nc(C(F)(F)F)ccc45)CC3)cc21)C1CC1,7.116482734680176,7.027890205383301,7.072186470031738
CCCN(CCN1CCN(c2ccccc2OC)CC1)C1CCc2c(O)cccc2C1,8.0911283493042,8.516033172607422,8.30358076095581
CN(CC1CCC1)C(=O)NCCCN1CCN(c2cccc(Cl)c2Cl)CC1,6.876827716827393,7.105908393859863,6.991368055343628
CCN1CCN(c2cccc3ccc(OC)cc23)CC1,7.762160301208496,6.606511116027832,7.184335708618164
Oc1[nH]cc2cc(F)c(OCCCCN3CCN(c4cccc5cccc(Cl)c45)CC3)cc12,8.12354850769043,8.098505020141602,8.111026763916016
O=C1N(CCN2CCC(Cc3ccccc3)CC2)CCN1c1cccc2sccc12,7.346094131469727,7.367271423339844,7.356682777404785
O=C(NC1CCN(Cc2ccc3c(c2)OCC(=O)N3)CC1)c1cc2cc(F)ccc2[nH]1,6.977787017822266,6.960253715515137,6.969020366668701
O=C1N(CCCN2CCN(c3ccccc3)CC2)CCN1c1cccc(Cl)c1,6.376255035400391,6.716825008392334,6.546540021896362
O=C(O)Cc1cccc2c1NCCCC2NCCN1CCN(c2ccccc2OCCF)CC1,6.659458160400391,5.889627456665039,6.274542808532715
O=C(NCCCCN1CCN(c2cccc(Cl)c2Cl)CC1)c1ccc(I)cc1,7.461658000946045,8.996889114379883,8.229273557662964
CCCN1CCCC2c3c(O)cccc3CCC21,6.840516567230225,7.864110946655273,7.352313756942749
Oc1ccc2[nH]c3c(c2c1)CCN(CCCc1ccccc1)C3,7.620339393615723,7.321693420410156,7.4710164070129395
Clc1cccc(N2CCN(CCCCc3c[nH]c4ccc(Br)cc34)CC2)c1Cl,8.008659362792969,8.097737312316895,8.053198337554932
O=C(NCCCCN1CCN(c2ccccc2OCCF)CC1)c1cc2cc3ccccc3sc12,,,
N#Cc1ccc2[nH]c(Oc3ccc(Cl)c(Cl)c3)nc2c1,7.005979537963867,4.982898235321045,5.994438886642456
O=C(NCCCCCN1CCN(c2cccc(Cl)c2Cl)CC1)c1cc(I)ccc1[N+](=O)[O-],8.011514663696289,7.933801651000977,7.972658157348633
CCCN(CCN1CCN(c2ccccc2OC)CC1)C1CCc2ccc(O)cc2C1,7.815720081329346,8.517810821533203,8.166765451431274
O=C(NCCN1CCN(c2cccc(Cl)c2Cl)CC1)c1cc2ccc3ccccc3c2o1,6.400045394897461,7.443632125854492,6.921838760375977
CCCNc1cccc(Cl)c1CCc1c[nH]c2ccccc12,7.277695655822754,6.20958137512207,6.743638515472412
Oc1[nH]cc2c(CCCN3CCN(c4cccc5ccccc45)CC3)cccc12,8.095114707946777,7.170376777648926,7.632745742797852
CCCN(CCCCCN1CCN(c2cccc3ccccc23)CC1)C1CCc2ccc(O)cc2C1,7.975072860717773,8.441210746765137,8.208141803741455
CN1CCN(C2Cc3ccccc3Sc3ccc(Cl)cc32)CC1,9.140546798706056,8.702608108520508,8.921577453613281
CN(C)C1C(=O)CCCCCN1CCC(c2noc3cc(F)ccc23)CC1,,,
CCCN1CCCC2Cc3ncc(C(N)=O)cc3CC21,6.682423114776611,7.167006015777588,6.9247145652771
CCN1CCN(c2cccc(Nc3[nH]ccc(-c4cccc(F)c4F)c3)n2)CC1,,,
CN1CCc2ccccc2Cc2ccc(F)c(F)c2CC1,8.01743221282959,6.97053337097168,7.493982791900635
Oc1ccc2c(c1)OC(CNCCCN1CCN(c3nsc4ccccc34)CC1)CC2,9.13265609741211,8.471298217773438,8.801977157592773
O=C(NCCCCN1CCN(c2cccc(Cl)c2Cl)CC1)c1ccc(F)cc1,7.551733493804932,8.872730255126953,8.212231874465942
O=C1N(CCN2CCC(C(c3c[nH]c4ccc(F)cc34)CC2)CCN1c1ccccc1,,,
CN1CCN(C2Cc3ccccc3Sc3ccc(-c4nnn(C)n4)cc32)CC1,8.439382553100586,7.074907779693604,7.757145166397095
CCN1CCCCC1CNC(=O)c1c(O)cccc1I,7.010544300079346,8.373414993286133,7.691979646682739
O=C(NCCCCN1CCN(c2cccc(Cl)c2Cl)CC1)c1ccc2ccccc2c1,7.087527751922607,9.066522598266602,8.077025175094604
CCCN(Cc1coc2ccc(F)cc12)C1CCc2ccc(O)cc2C1,7.830555915832519,8.232267379760742,8.03141164779663
CCNCC1Cc2c(cc3c2OCCCC3)CCN1CCCCO,,,
N#Cc1ccc(CCCN2CCN(c3cccc(Cl)c3Cl)CC2)nc1,7.206189155578613,7.267425537109375,7.236807346343994
Oc1[nH]cc2ccc(OCCCN3CCN(c4cccc5cccc(F)c45)CC3)c(F)c12,8.132925987243652,7.728168487548828,7.93054723739624
N#Cc1ccc2[nH]cc(CCCCN3CCN(c4cccc5nc(C(N)=O)ccc45)CC3)c2c1,7.933559894561768,8.12565803527832,8.029608964920044
O=C1N(CCN2CCN(c3cccc(Cl)c3Cl)CC2)CCN1c1cccc(Cl)c1,7.528343200683594,7.927173614501953,7.727758407592773
Cc1cc(C)c(C(=O)NCCCN2CCN(c3cccc(C(F)(F)F)c3Cl)CC2)c(C)c1,6.806034564971924,6.8104753494262695,6.808254957199097
CC(C)Oc1ccccc1N1CCN(Cc2cc(CN3CCCCC3=O)n[nH]2)CC1,7.731949806213379,6.393545150756836,7.062747478485107
CCCN(Cc1ccc2c(c1)nc(O)c1[nH]c3ccc(O)cc3c12)C1CCN(C2CCC2)CC1,6.043595314025879,7.206231594085693,6.624913454055786
Oc1ccc2[nH]cc(CCCN3CCN(c4cccc(Cl)c4Cl)CC3)c2c1,8.51258373260498,7.52970552444458,8.02114462852478
N#Cc1ccc2[nH]cc(CCCCN3CCN(c4ccc5[nH]ccc5c4)CC3)c2c1,7.777983665466309,7.459677696228027,7.618830680847168
O=C(NCC=CCN1CCN(c2cccc(Cl)c2Cl)CC1)c1ccccc1-c1ccccc1,7.246786117553711,8.248552322387695,7.747669219970703
Cc1cc(-c2cnc(N3CCN(CCCCCNC(=O)c4ccc5ccccc5c4)CC3)s2)ccc1Cl,6.234374046325684,7.583982467651367,6.909178256988525
CCCN(CCN1CCN(c2cccc(Cl)c2Cl)CC1)C1CCc2ccc(O)cc2C1,7.754941463470459,8.884286880493164,8.319614171981812
N#Cc1ccc2cc(CCCCN3CCN(c4cccc5ccc(F)cc45)CC3)c3oc(C(F)(F)F)cc3c2c1,7.32957649230957,6.822378635406494,7.075977563858032
CCCN(CCN1CCN(c2cccc3ncccc23)CC1)C1CCc2ccc(O)cc2C1,7.628834247589111,8.938796997070312,8.283815622329712
O=C(NCCCCN1CCN(c2cccc(Cl)c2Cl)CC1)c1ccc2cc3n(c2c1)CCCNC3=O,7.189369201660156,8.916444778442383,8.05290699005127
Oc1[nH]cc2ccc(OCCCCN3CCN(c4cccc5ccccc45)CC3)cc12,8.267786979675293,8.365196228027344,8.316491603851318
CCCN(CCN1CCN(c2ccccc2OC)CC1)C1CCc2ccc(S)cc2C1,7.898819923400879,8.234699249267578,8.066759586334229
O=C(NCCN1CCN(C2CCc3ccccc3C2)CC1)c1ccc(Br)cc1,6.549825668334961,6.342145919799805,6.445985794067383
O=C1c2ccccc2NCCN1CCCCN1CCN(c2nsc3ccccc23)CC1,7.875311851501465,7.754323005676269,7.814817428588867
CCCN(CCC1CCc2ccc(OC)cc2C1)C1CCc2ccc(O)cc2C1,7.430840492248535,8.501977920532227,7.966409206390381
CCCN(CCN1CCN(c2cccc3ccccc23)CC1)C1CCc2ccc(O)cc2C1,7.852016448974609,8.869171142578125,8.360593795776367
CCCN(CCN1CCN(c2cccc3ccccc23)CC1)C1CCc2c(O)cccc2C1,8.05475902557373,8.830840110778809,8.44279956817627
COc1ccccc1N1CCN(CCCCNC(=O)c2ccc3ccccc3c2)CC1,7.298825263977051,8.823209762573242,8.061017513275146
CCc1ccccc1N1CCN(CCCCCCN2CCCc3ccccc3C2=O)CC1,7.28536319732666,6.943958759307861,7.114660978317261
O=Cc1c[nH]c2ccc3c(c1)CCN(CCCSc1nc4ccccc4s1)CC3,,,
CCN1CCN(c2cccc3[nH]c(C(F)(F)F)cc23)CC1,8.387484550476074,6.914074897766113,7.650779724121094
O=C(NCC1CCc2cc(CCN3CCN(c4nsc5ccccc45)CC3)ccc21)c1ccc(F)cc1,7.285436153411865,7.114559650421143,7.199997901916504
CN1CCc2cccc3c2Cc2ccc(cc2)CC3C(O)CCN3CCCF,,,
C#Cc1ccc2c(c1)C1CN(CCCCN3CCN(c4ccccc4OC)CC3)CC1CC(c1ccc(F)c(F)c1)O2,7.564091205596924,7.68270206451416,7.623396635055542
O=C1NCN(CCCCN2c3ccccc3Sc3ccc(Cl)cc32)CC1,7.31947660446167,7.692553520202637,7.506015062332153
Fc1ccc(CCN2C=C(c3c[nH]c4ccccc34)CC2)cc1,7.157749176025391,7.001547813415527,7.079648494720459
CC(C)CN(CCCN1CCN(c2cccc(Cl)c2Cl)CC1)C1CCc2ccc(O)cc2C1,7.577022552490234,7.830252647399902,7.703637599945068
CCc1ccccc1N1CCN(CCCCc2c[nH]c3ccc(F)cc23)CC1,7.971261978149414,7.328245162963867,7.649753570556641
Oc1ccc2[nH]cc(CCCCN3CCN(c4cccc5cc(C#Cc6ccc(F)cc6F)ccc45)CC3)c2c1,7.654518604278564,7.310420036315918,7.482469320297241
O=C(NC1CCc2cc(CCN3CCN(c4nsc5ccccc45)CC3)ccc21)c1ccc(Cl)cc1,7.25682258605957,6.562384128570557,6.9096033573150635
CCc1c(C2=CCN(CCC3CCC(NCCC(=O)O)CC3)CC2)noc1C,5.939014911651611,6.4384284019470215,6.188721656799316
CCN(CCN1CCN(c2cccc(Cl)c2)C(=O)C1=O)C1C=S(O)(O)=CC1,7.115320205688477,8.060580253601074,7.587950229644775
CCc1ccc(N2CCN(CCCCCNC(=O)c3cccs3)CC2)cc1,6.752803802490234,6.907481670379639,6.8301427364349365
CCN(CCN1CCN(c2ccccc2)CC1)c1cccc(C)c1,6.7101240158081055,6.444259643554688,6.5771918296813965
Oc1cc2c(OCCNCCCc3ccccc3)ccc(OCCOc3cccc(F)c3F)c2[nH]1,8.557622909545898,7.989307403564453,8.273465156555176
N#Cc1ccncc1N1CCN(CCCCNC(=O)c2ccccc2F)CC1,7.102388381958008,8.058032035827637,7.580210208892822
COc1ccccc1N1CCN(CCCCCN2CCCCCC2=O)CC1,7.904784679412842,7.067626476287842,7.486205577850342
Oc1ccc2[nH]cc(CCCCN3CC=C(c4cccc5ccccc45)CC3)c2c1,8.172060012817383,8.58076286315918,8.376411437988281
Oc1cc2cc(OCCNCCC3CCc4ccccc4C3)ccc2[nH]1,7.503105640411377,8.193656921386719,7.848381280899048
O=C1Cc2ccccc2N1CCCCN1CCN(c2ccccc2)CC1,6.865381717681885,7.231788635253906,7.0485851764678955
CN1CCCCC1CN1CCN(c2ccc(Cl)cc2)CC1,5.578612327575684,6.674879550933838,6.126745939254761
O=C1NCN(c2cccc(C(F)(F)F)c2)CCN1C1CCN(Cc2ccc3c(c2)CCCC3)CC1,7.150585174560547,6.628558158874512,6.889571666717529
COc1ccccc1N1CCN(CCCCNC(=O)c2ccccc2CI)CC1,7.122374534606934,8.297215461730957,7.709794998168945
N#CCNCCN1CCN(c2cccc(Cl)c2Cl)CC1,6.698925971984863,6.590823650360107,6.644874811172485
[H]c1c(CN2CCN(CCCc3cccc(OCCCN4CCCCC4)c3)CC2)cc(C)c2c1CCC(NCCCc1ccc(O)cc1)C2,6.151239395141602,6.907517910003662,6.529378652572632
O=C1N(CCN2CCN(c3cccc(F)c3)CC2)CCN1c1cccc(Cl)c1,7.000584602355957,7.441205024719238,7.220894813537598
Clc1ccc(N2CCN(CCCCOc3ccc4ccccc4c3)CC2)cc1,6.5233259201049805,7.622180461883545,7.072753190994263
CC1Nc2ccccc2C2CCN(CCCCCC(=O)OCC2CCC(NCCc3ccccc3Cl)CC2)C1,,,
CN1CCN(c2ncccc2CCn2cnc3ccccc32)CC1,5.632205963134766,5.655918598175049,5.644062280654907
NCCN1CCN(CCCCN2c3ccccc3CCc3ccc(Cl)cc32)CC1,6.523019790649414,7.292847633361816,6.907933712005615
CCCN(CCc1ccccn1)C1CCc2c(O)cccc2C1,8.083304405212402,8.330033302307129,8.206668853759766
CN(CC1CCCN1CCc1ccsc1)c1ccc(Cl)c(Cl)c1,6.595335960388184,7.053884029388428,6.824609994888306
Oc1[nH]cc2ccc(OCCCN3CCN(c4cccc5cccc(Cl)c45)CC3)cc12,8.160287857055664,7.99403190612793,8.077159881591797
CCN(CCCC1CCC(NC(=O)c2ccc3ccccc3c2)CC1)C1CCc2ccc(O)cc2C1,7.263474941253662,8.473289489746094,7.868382215499878
O=C1N(CCN2CCN(c3ccccc3)CC2)CCN1c1cccc(F)c1,6.839410781860352,6.896451950073242,6.867931365966797
CN1CCCN(CCN2c3ccccc3Sc3ccc(Cl)cc32)CC1,7.836860656738281,7.2029643058776855,7.519912481307983
CCCN(CCN1CCN(c2cccc3ccccc23)CC1)C1CCc2ccc(O)cc2C1,7.852016448974609,8.869171142578125,8.360593795776367
CCCN(CCN1C2CCC1CC(O)(c1ccccc1)C2)C1CCc2ccc(O)cc2C1,6.595086097717285,8.251729965209961,7.423408031463623
CCCN(CCN1CCN(c2ccccc2)CC1)C1CCc2ccc(O)cc2C1,7.061977386474609,8.358572006225586,7.710274696350098
Cc1cccc(N2CCN(CCCCCNC(=O)c3ccc4ccccc4c3)CC2)c1,6.741315841674805,7.40277099609375,7.072043418884277
O=C(CCCN1CCN(c2ccccc2OCCF)CC1)c1ccc2ccccc2c1,8.124794960021973,8.126991271972656,8.125893115997314
CCCN(CCN1CCN(c2ccccc2)CC1)C1CCc2ccc(O)cc2C1,7.061977386474609,8.358572006225586,7.710274696350098
Cc1ccc2c(OCCN3CCC(Cc4cccc(-c5ccc(F)cc5)n4)CC3)cccc2n1,6.27827787399292,7.245143890380859,6.76171088218689
CCN1CCc2ccccc2Cc2ccc(O)c(Br)c21,6.886958122253418,6.910954475402832,6.898956298828125
Fc1ccc(C2CC(N3CCN(c4cccc5ccncc45)CC3)C2)cc1,6.645891189575195,6.1872758865356445,6.41658353805542
CCCN(CCN1C2CCC1c1cccc(O)c1C2)C1CCc2ccc(O)cc2C1,6.480294704437256,9.304193496704102,7.892244100570679
Cc1ccc2c(N3CCN(CCc4cccc(-c5cccc(F)c5)c4)CC3)cccc2n1,7.5203022956848145,6.902666091918945,7.21148419380188
CCCN1CCCC2Cc3nc(NCCc4ccccc4)ccc3CC21,7.186976909637451,6.989269733428955,7.088123321533203
CCCN(CCN1CCN(c2cccc3c2OCCCO3)CC1)C1CCc2ccc(O)cc2C1,8.271718978881836,8.31121826171875,8.291468620300293
Oc1ccc2c(c1)CCCN1C3CCC1CC(OC(c1ccccc1)C3)C2,6.072450160980225,6.997400283813477,6.534925222396851
CCN1CCCC1CNCc1ccc(O)c(OC)c1,5.5261945724487305,7.846173286437988,6.686183929443359
CCCN(CCN1CCN(c2cccc(Cl)c2Cl)CC1)C1CCc2c(O)cccc2C1,7.985079765319824,8.79438304901123,8.389731407165527
O=C1c2ccc(F)cc2CCN1CCC1CCN(Cc2ccccc2)CC1,6.662130832672119,7.057327747344971,6.859729290008545
CCCN(CCN1CCN(c2cccc(Cl)c2Cl)CC1)C1CCc2c[nH]c3cccc(O)c2C1,,,
CN1CCN(CCCN2c3ccccc3Sc3ccc(Cl)cc32)CC1,7.5598344802856445,7.69283390045166,7.626334190368652
N#Cc1ccc2[nH]cc(CCCCN3CCN(c4ccc5nc(-c6ccccc6)nc5c4)CC3)c2c1,,,
N#Cc1cc(N2CCN(CCCCN3CCN(c4ccccc4)CC3)CC2)ccc1Cl,6.701601982116699,7.476768493652344,7.0891852378845215
O=C(NCCCCN1CCN(c2cccc(Cl)c2Cl)CC1)c1c2ccccc2c(O)c1I,,,
Oc1[nH]cc2c(CCCCN3CCN(c4cccc5ccccc45)CC3)cccc12,8.098000526428223,7.901736259460449,7.999868392944336
O=C(NC1CCc2ccc(CCN3CCN(c4nsc5ccccc45)CC3)cc21)c1ccccc1-c1ccccc1,6.907444000244141,6.617659568786621,6.762551784515381
COc1ccccc1N1CCN(CCCCNC(=O)c2cccc3cc(F)ccc23)CC1,7.576283931732178,8.55813217163086,8.067208051681519
COc1ccccc1N1CCN(CCCCNC(=O)C=Cc2ccccc2)CC1,7.524115562438965,8.93630599975586,8.230210781097412
OCCCCN1CCN(CCN2c3ccccc3Sc3ccc(F)cc32)CC1,7.001702785491943,7.212080478668213,7.106891632080078
NCCN1CCN(CCCCc2ccc(F)cc2)CC1,5.317409992218018,6.242672443389893,5.780041217803955
CC1CN(CCCCNC(=O)c2ccc3[nH]ncc3c2)CCN1,5.108370304107666,7.1175689697265625,6.112969636917114
COc1ccccc1N1CCN(CCCCNc2cccc(-c3ccccc3)c2)CC1,8.280964851379395,7.931303024291992,8.106133937835693
CN1CCN(C2=Cc3ccccc3Nc3ccc(Cl)cc32)CC1,7.668307304382324,7.303457736968994,7.485882520675659
CCN1CCCC1CNC(=O)c1c(O)ccc(F)c1F,6.7685136795043945,8.124771118164062,7.4466423988342285
CCCN(CCN1CCN(c2ccccc2)CC1)C1CCc2ccc(O)cc2C1,7.061977386474609,8.358572006225586,7.710274696350098
O=C1N(CCN2CCN(c3ccccc3Cl)CC2)CCN1c1cccc(OCCCN2CCN(c3cccc(F)c3Cl)CC2)c1,7.583131313323975,7.950610160827637,7.766870737075806
CN1CCCN(CCCN2c3ccccc3Sc3ccc(F)cc32)CC1,6.986394882202148,6.79254674911499,6.889470815658569
Clc1cccc(N2CCN(CCCCOc3ccc4cccc(N5CCN(CCCc6cnc(-c7ccccc7)n6)CC5)c4c3)CC2)c1,,,
CCCN(CCN1CCN(c2cccc(Cl)c2Cl)CC1)C1CCc2ccc(O)cc2C1,7.754941463470459,8.884286880493164,8.319614171981812
CCN1CCN(c2cccc(C)c2C)CC1,7.407924652099609,6.384250640869141,6.896087646484375
Cc1ccc2c(N3CCN(CCCc4cccc5c4NCC(=O)N5)CC3)cccc2[nH]1,,,
O=C1CCc2cc(OCCN3CCN(c4ccc(F)cc4)CC3)ccc2N1,7.264124870300293,6.021469593048096,6.642797231674194
Oc1[nH]c2ccc(F)cc2c1OCCCCN1CCN(c2cccc3ccccc23)CC1,8.495152473449707,8.39427661895752,8.444714546203613
CCCN(CCN1CCN(c2nc(-c3ccc(F)cc3)c3ccc(C(F)(F)F)cc3)n2C)C1)C1CCc2n[nH]cc2C1,,,
CCCN(CCN1CCN(c2cccc(Cl)c2)CC1)C1CCc2ccc(O)cc2C1,7.14030122756958,8.691252708435059,7.915776968002319
CN1CCc2cccc3c2C1Cc1cccc(O)c1-3,6.989553451538086,7.396730422973633,7.193141937255859
Fc1ccc(N2CCN(CCCCOc3ccc4c(c3)NC(=S)NC4=O)CC2)cc1,7.207545280456543,7.672981262207031,7.440263271331787
CCCN(CCN1CCN(c2ccc3ccccc3c2)CC1)C1CCc2c(O)cccc2C1,7.459298133850098,8.586525917053223,8.02291202545166
C1=CC(=Cc2ccncc2)CCN(CCCCN2CCN(c3cccc4ccccc34)CC2)C1,7.134989738464356,7.843974590301514,7.489482164382935
CN1CCc2ccccc2Cc2c[nH]c3cccc(c23)CC1,7.870303153991699,6.772122859954834,7.321213006973267
CCN(CCCCCCCN(CCCCN1CCN(c2ccccc2OC)CC1)C1Cc2ccccc2C1,,,
CCCN(CCN1CCN(c2nccc3ccccc23)CC1)C1CCc2ccc(O)cc2C1,7.276597023010254,8.629609107971191,7.953103065490723
CCN(CCCCN1CCN(c2ccccc2OC)CC1)C1CCc2c(O)cccc2C1,8.369147300720215,8.61105728149414,8.490102291107178
CCCN(CCN1CCN(c2ccc(S(=O)(=O)CCCCC(=O)N=CC3CCCC(C)(C)CC3)cc2)CC1)C1CCc2c([nH]c3ccccc23)C1,6.853285312652588,6.836894512176514,6.845089912414551
Oc1[nH]c2cccc(OCCCN3CCN(c4cccc5ccccc45)CC3)c2o1,,,
Oc1[nH]cc2cc(F)c(OCCCN3CCN(c4cccc5cc(F)ccc45)CC3)cc12,8.232381820678711,7.963079452514648,8.09773063659668
Oc1ccc2c(CCCCNCCCc3c[nH]c4ccccc34)c[nH]c2c1,7.829306602478027,7.648648262023926,7.738977432250977
CN1CCN(C2=Cc3ccccc3Sc3ccc(Cl)cc32)CC1,8.637375831604004,8.453805923461914,8.545590877532959
COc1ccccc1N1CCN(CCCCNC(=O)c2ccc(-c3ccccn3)cc2)CC1,7.073938846588135,8.78824234008789,7.931090593338013
Cc1cc(N2CCN(CCC3CCC(NC(=O)CCc4ccc(O)cc4)CC3)CC2)ccc1F,7.398570537567139,7.730641365051269,7.564605951309204
CCCN(CCN1CCN(c2ccccn2)CC1)C1CCc2ccc(O)cc2C1,6.907680988311768,8.235179901123047,7.571430444717407
CCCN(CCN1CCc2ccc(N3CCC4(CC3)OCc3ccccc34)cc2C1)C1CCc2ccc(O)cc2C1,6.766581535339356,8.27759838104248,7.522089958190918
CCN(CCCCN1C2CCC1c1cccc(O)c1-2)C1Cc2ccccc2C1,6.147395133972168,8.360856056213379,7.254125595092773
Oc1[nH]cc2ccc(OCCCN3CCN(c4cccc5cccc(F)c45)CC3)cc12,8.2858247756958,7.846155166625977,8.065989971160889
Oc1[nH]cc2ccc(OCCCCN3CCN(c4cccc5ccccc45)CC3)cc12,8.267786979675293,8.365196228027344,8.316491603851318
Clc1ccc(N2CCN(CCCCN3CCN(c4ccccc4)CC3)CC2)cc1,6.36218786239624,6.856447696685791,6.609317779541016
O=C(NCCCCN1CCN(c2cccc(Cl)c2Cl)CC1)c1ccc(F)s1,7.598564624786377,8.874677658081055,8.236621141433716
CC(C)c1ncc(CNCC2CCC(c3ccccc3)(c3ccccc3)CC2)[nH]1,6.350131988525391,6.962272644042969,6.65620231628418
CCCN(CCN1CCN(c2cccc3ccccc23)CC1)C1CCc2ccc(O)cc2C1,7.852016448974609,8.869157791137695,8.360587120056152
N#Cc1ccc2[nH]cc(CCCCN3CCN(c4cccc5nc(O)oc45)CC3)c2c1,8.598726272583008,7.9170823097229,8.257904291152954
CCN(CC)C(=O)NC1Cc2c(cc3c[nH]c4c3c2CCC4)N1C,7.936474323272705,7.655062675476074,7.79576849937439
Oc1[nH]c2ccccc2c1CCCCN1CCN(c2cccc3ccccc23)CC1,7.698060035705566,7.971535682678223,7.8347978591918945
Clc1ccc2c(N3CCN(CCCCCn4cccc4)CC3)cccc2[nH]1,,,
Cc1ccc(C(=O)NC2C3CCC(C3)C2CN3CCCI)cc1,,,
NCC1CC1c1cccc(CCCCN2CCN(c3cccc4ccccc34)CC2)c1,7.252721786499023,7.480179309844971,7.366450548171997
CN1CCN(c2ccc3[nH]c(CCCCN4CCN(c5cccc(Cl)c5Cl)CC4)nc3c2)CC1,7.040276527404785,7.450212001800537,7.245244264602661
CCN1CCN(C2Cn3cccc3Sc3ccc(F)cc32)CC1,8.352453231811523,7.737476825714111,8.044965028762817
N#Cc1cccc(NC2CCC(C(=O)N3CCN(c4ccccc4)CC3)CC2)c1,6.762370586395264,7.162015438079834,6.962193012237549
N#Cc1cccc(N(CCNCCN3CCN(c4ccccc4)CC3)CC2)c1,,,
N#CC(=Cc1ccc2ccc(O)cc2c1)CCNCC1CCc2ccccc2C1,6.297845840454102,7.158639907836914,6.728242874145508
Oc1[nH]cc2c(OCCCCN3CCN(c4cccc5ccccc45)CC3)cccc12,8.140604972839355,8.377508163452148,8.259056568145752
Oc1cc2c(OCCNCCCc3cccc(F)c3)ccc(F)c2[nH]1,8.528099060058594,7.385116577148437,7.956607818603516
Oc1ccc2c(CCCCN3CCN(c4ccccc4-c4cccc(C(F)(F)F)c4)CC3)cccc2n1,8.019046783447266,7.381113052368164,7.700079917907715
C1=C(c2ccc3ccccc3c2)CCN(CCCc2c[nH]c3ccc(-n4cnnc4)cc23)C1,7.800451755523682,7.031375408172607,7.4159135818481445
CCN(CCc1cccc(OCCCN2CCN(c3cccc(Cl)c3Cl)CC2)c1)C1CCC(O)(c2ccccc2)CC1,7.11119270324707,7.4933271408081055,7.302259922027588
CCCN1CCCC(c2ccc(CN3CCN(c4cccc5nc(C)ccc45)CC3)cc2)C1,7.104958534240723,6.947452545166016,7.026205539703369
CN1CCc2cccc3c2Cc2ccc(O)c(O)c2C1,,,
CN1CCN(C2Cc3ccccc3Sc3ccc(C(F)(F)F)cc32)CC1,7.623498916625977,7.427108764648437,7.525303840637207
CN1CCN(C2Cn3cccc3Sc3ccc(Cl)cc32)CC1,8.645715713500977,8.372458457946777,8.509087085723877
CCN1CCCC1CNC(=O)c1c(OC)cccc1OCCCN1CCN(c2cccc(Cl)c2Cl)CC1,7.459875583648682,8.410757064819336,7.935316324234009
N#Cc1ccc2[nH]cc(CCCCN3CCN(c4ccc5[nH]ccc5c4)CC3)c2c1,7.777983665466309,7.459677696228027,7.618830680847168
O=C(NCC1CCC(CCN2CCN(c3ccccc3OCCCl)CC2)CC1)c1ccc2ccccc2c1,6.8463640213012695,8.453056335449219,7.649710178375244
Oc1ccc2[nH]cc(CCCN3CCN(c4cccc5ccccc45)CC3)c2c1,8.515909194946289,7.425608158111572,7.970758676528931
O=C(NCCCCCN1CCN(c2cccc(Cl)c2Cl)CC1)c1ccc(F)cc1,7.75015926361084,8.002185821533203,7.8761725425720215
CCCN(CCN1CCN(c2ccccc2)CC1)C1CCc2c(O)cccc2C1,7.368458271026611,8.235482215881348,7.8019702434539795
CCN1CCCC1CNC(=O)c1c(OC)ccc(F)c1Br,7.420750141143799,8.111197471618652,7.765973806381226
CN1CCc2cc(Cl)c(OCCCN3CCN(c4cccc5c4CCCC5)CC3)cc2C1,7.30138635635376,7.750630378723144,7.526008367538452
Oc1[nH]cc2cc(F)c(OCCCCN3CCN(c4cccc5cccc(F)c45)CC3)cc12,8.246258735656738,7.938355445861816,8.092307090759277
CCCN(CCN1CCN(c2cccc3ccccc23)CC1)C1CCc2ccc(O)cc2C1,7.852016448974609,8.869171142578125,8.360593795776367
CCCN(CCN1CCN(c2ccccc2)CC1)C1CCc2ccc(O)cc2C1,7.061977386474609,8.358572006225586,7.710274696350098
CCCN(CCN1C2CCc3ccc(O)cc3C23CC1CC1CCC(OCCC)C31(CCC)CCCC1,,,
CCCN(CCN1CCN(c2ccccc2OC)CC1)C1CCc2c(O)cccc2C1,8.0911283493042,8.516032218933105,8.303580284118652
Oc1ccc(N2CCN(CCCCN3CCc4c(O)cccc4CCC3)CC2)cc1,6.860736846923828,8.21094036102295,7.535838603973389
Oc1[nH]c2ccccc2c1CCCCN1CCN(c2cccc3c2CCCC3)CC1,8.13671588897705,7.901525497436523,8.019120693206787
CN1CCN(C2Cc3ccccc3Sc3ccc(F)cc32)CC1,9.00782871246338,8.473590850830078,8.740709781646729
COc1ccccc1N1CCN(CCCCCn2ncc3cccc(C)c32)CC1,7.763487339019775,7.283852577209473,7.523669958114624
NCc1ccc(C(=O)NCCCCN2CCN(c3ccccc3Cl)CC2)cc1,6.993879795074463,8.736454010009766,7.865166902542114
CCN(CCN1CCN(c2ccc3[nH]ccc3c2)CC1)C1CCc2ccc(O)cc2C1,7.243094444274902,8.036664009094238,7.63987922668457
CCN1CCN(c2cccc3ccoc23)CC1,8.392162322998047,6.863670349121094,7.62791633605957
O=C1CN2CCN(CCCCCN3c4ccccc4Sc4ccc(Cl)cc43)CC2)CCN1,,,
O=C(NCCCCN1CCN(c2cccc(Cl)c2Cl)CC1)c1cc2ccccc2cn1,6.880761623382568,9.034953117370604,7.957857370376586
c1ccc(CN2CCC(CCN3CCN(c4cccc5ccccc45)CC3)CC2)cc1,6.857840061187744,7.096776485443115,6.97730827331543
N#Cc1ccc2[nH]cc(CCCCN3CCN(c4cccc(Cl)c4Cl)CC3)c2c1,8.226238250732422,8.110204696655273,8.168221473693848
Oc1cc2c(OCCNCCCN3c4ccccc4CC3)ccc(F)c2[nH]1,8.429154396057129,7.739642143249512,8.08439826965332
O=C(NCCCCN1CCN(c2cccc(Cl)c2Cl)CC1)c1cc2ccccc2[nH]1,7.3425798416137695,9.333032608032228,8.337806224822998
O=C(CCCN1CCN(c2ccccc2Cl)CC1)c1ccc(F)cc1,8.26694107055664,7.515250205993652,7.8910956382751465
N#Cc1cnc(N2CCN(CCCCNC(=O)c3cccc(C#N)c3)CC2)cc1Cl,6.15207576751709,8.19400405883789,7.17303991317749
Cc1cc2c(OCCN3CCC(c4ccc(Cl)cc4)CC3)cccc2[nH]1,7.455097198486328,6.309127330780029,6.882112264633179
CN1CC=C(c2ccc3c(c2)CCO3)CC1,7.058681964874268,6.681541919708252,6.87011194229126
N#Cc1cccc(N2CCN(CCCCNC(=O)c3cc4cc(F)ccc4[nH]3)CC2)c1,6.736153602600098,8.578346252441406,7.657249927520752
CCCN(CCN1CCN(c2cccc3ccccc23)CC1)C1CCc2ccc(O)cc2C1,7.852016448974609,8.869157791137695,8.360587120056152
CCN(CCN1CCN(c2cccc3ccccc23)CC1)C1CCc2ccc(O)cc2C1,7.947355270385742,8.526658058166504,8.237006664276123
CCCN(CCN1CCN(c2ccc(-c3ccc4ccccc4c3)cc2)CC1)C1CCc2ccc(O)cc2C1,7.254867076873779,8.492337226867676,7.8736021518707275
O=C(CCN1CCN(c2cccc(Cl)c2Cl)CC1)c1coc2ccccc12,6.846798896789551,7.268566131591797,7.057682514190674
CN1CCc2cc(OCCF)cc3c2C1Cc1cccc(O)c1-3,7.123617649078369,6.493233680725098,6.808425664901733
Oc1ccc2c(OCCNCCCc3cccc(F)c3)ccc(F)c2[nH]1,,,
Oc1[nH]c2ccccc2c1CCCCN1CCN(c2ccccc2Cl)CC1,7.815029144287109,7.918923377990723,7.866976261138916
COc1ccccc1N1CCN(CCCCc2ccc3c(c2)sc(=O)n3CCCCN2CCN(c3cccc(C)c3)CC2)CC1,7.867081165313721,7.970717906951904,7.9188995361328125
COc1ccccc1N1CCN(CCCCc2ccc3nc(O)ccc3c2)CC1,8.61880111694336,8.235207557678223,8.427004337310791
N#Cc1ccc2[nH]cc(CCCCN3CCN(c4cccc5cc(F)ccc45)CC3)c2c1,8.164485931396484,7.814962387084961,7.989724159240723
NCC1CCc2cc(OCCF)ccc2C1,6.565832138061523,6.39946985244751,6.482650995254517
C#CC1=CCC(N2CCC(N3CCN(c4ncccc4Cl)CC3)CC2)CC1,5.895303249359131,5.878412246704102,5.886857748031616
CCCN(CCN1CCN(c2cccc3ccccc23)CC1)C1CCc2ccc(O)cc2C1,7.852016448974609,8.869157791137695,8.360587120056152
Clc1ccc2[nH]c(N3CCN(CCCc4cccc5c4SCCC5)CC3)nc2c1,7.814754962921143,6.691702842712402,7.2532289028167725
FC(F)(F)c1ccc(N2CCC(CN3CCN(c4ccccc4F)CC3)CC2)cc1,6.141843318939209,6.527951717376709,6.334897518157959
CCN1CCN(C2Cn3cccc3Sc3ccc(Cl)cc32)CC1,8.499506950378418,7.993031978607178,8.246269464492798
CCCN(CCN1C2CCC1c1cccc(O)c1-2)C1CCc2ccccc2C1,5.7699875831604,8.513742446899414,7.141865015029907
N#Cc1ccc2[nH]cc(CCCCN3CCN(c4cccc5nc(C(N)=O)ccc45)CC3)c2c1,7.933559894561768,8.12565803527832,8.029608964920044
O=C1N(CCN2CCN(c3cccc(Cl)c3Cl)CC2)CCN1c1cccc2ccccc12,7.140003204345703,7.565101623535156,7.35255241394043
Cc1ccc2c(-c3ccnc(Nc4ccc5c(c4)NC(=O)CCCN(C)CC5)c3)n[nH]c2c1,6.424004077911377,5.322032451629639,5.873018264770508
CNCc1ccccc1Oc1ccc(I)cc1CCCN1CC=CC(c2c[nH]c3ccc(F)cc23)CC1,7.210259914398193,6.624625205993652,6.917442560195923
O=C1N(CCN2CCC3Cc4ccccc4CCC3C2)CCN1c1cccc(C(F)(F)F)c1,6.942021369934082,7.818234920501709,7.3801281452178955
O=C(NCCCCN1CCN(c2noc3ccccc23)CC1)c1cc2ccccc2[nH]1,6.779741287231445,8.297334671020508,7.538537979125977
N#Cc1cccc(N2CCN(CCCCCNC(=O)c3ccc4ccccc4c3)CC2)c1,7.050156116485596,7.8612823486328125,7.455719232559204
Oc1c2c(OCCNCCCc3ccccc3)cccc2[nH]1,,,
CCN1CCN(c2ccc(Nc3ccc(C#N)c(Cl)c3)cc2)CC1,6.56728982925415,5.624824523925781,6.096057176589966
COc1ccccc1N1CCN(CCCCOc2ccc3ccc(O)nc3c2)CC1,8.581178665161133,8.298626899719238,8.439902782440186
O=C(CCCN1CC=C(n2c(O)nc3ccccc32)CC1)c1ccc(F)cc1,8.367292404174805,7.846202850341797,8.1067476272583
Oc1[nH]cc2ccc(OCCCN3CCN(c4cccc5c(Cl)cccc45)CC3)cc12,8.22115707397461,8.049018859863281,8.135087966918945
O=C1N(CCN2Cc3ccccc3CC2)CCN1c1cccc(Cl)c1,6.83345365524292,7.647637367248535,7.2405455112457275
O=C1CC2(CCCC2)CC(=O)N1CCCCN1CCN(c2cc(I)ccc2Cl)CC1,7.627325057983398,9.222030639648438,8.424677848815918
O=C1N(CCN2CCC(Cc3ccccc3)CC2)CCN1c1cccc2ccccc12,7.3042497634887695,7.051122665405273,7.1776862144470215
O=C1N(CCN2CCC3(CCc4ccccc4NC3)CC2)CCN1c1ccccc1,7.100971221923828,6.702324867248535,6.901648044586182
Oc1cccc2[nH]cc(CCN3CCC(c4ncc5ccccc5n4)CC3)c12,7.364748954772949,7.083269119262695,7.224009037017822
CCCN(Cc1cccc(Cl)c1Cl)C1CCc2c(O)cccc2C1,7.982274055480957,8.146435737609863,8.06435489654541
COc1ccccc1N1CCN(CCCCCCNCCCCCCn2cccn2)CC1,7.128574371337891,6.4113054275512695,6.76993989944458
CCCN1CCCC1CNC(=O)c1cc(Br)ccc1OCCCN1CCN(c2cccc(Cl)c2Cl)CC1,7.077929973602295,8.569623947143555,7.823776960372925
Oc1ccc2[nH]cc(CCCCN3CC=C(c4ccccc4)CC3)c2c1,8.44819450378418,8.916884422302246,8.682539463043213
O=C1N(CCN2CCC(C(F)(F)F)CC2)CCN1c1ccccc1Cl,6.994307041168213,7.8648576736450195,7.429582357406616
CCN1CCN2c3cc(Cl)ccc3Cc3ccc(F)cc3C2C1,7.392265319824219,6.8518171310424805,7.12204122543335
Oc1[nH]cc2ccc(OCCCN3CCN(c4cccc5ccc(F)cc45)CC3)cc12,8.386061668395996,8.020333290100098,8.203197479248047
Oc1[nH]cc2cc(F)c(OCCCN3CCN(c4cccc5cccc(F)c45)CC3)cc12,8.04649829864502,7.654065132141113,7.850281715393066
Oc1ccc2c(c1)OC(CNCCCN1CCN(c3ccccc3Cl)CC1)CC2,8.899020195007324,8.06994342803955,8.484481811523438
Oc1[nH]cc2c(OCCCCCN3CCN(c4cccc5cccc(F)c45)CC3)cccc12,8.174375534057617,7.861551284790039,8.017963409423828
N#Cc1ccc2[nH]cc(CCCCN3CCN(c4cccc5sccc45)CC3)c2c1,8.370363235473633,8.313084602355957,8.341723918914795
Oc1[nH]cc2ccc(OCCCCN3CCN(c4cccc5cccc(F)c45)CC3)cc12,8.384242057800293,8.055950164794922,8.220096111297607
O=C1N(CCN2CCN(c3cccc(Cl)c3)CC2)CCN1c1cccc2ncccc12,6.442188262939453,6.887288570404053,6.664738416671753
CCN1CCCC1CNC(=O)c1cc(OC)cc(OC)c1OC,6.959011077880859,7.916082382202148,7.437546730041504
Oc1[nH]cc2ccc(OCCCN3CCN(c4cccc5c4CCC5)CC3)cc12,8.58419418334961,7.922112464904785,8.253153324127197
CCCN(CCN1CCN(c2ccccc2O)CC1)C1CCc2c(O)cccc2C1,7.960699081420898,9.054028511047363,8.50736379623413
CCCN(CCN1CCN(c2ccccc2)CC1)C1CCc2ccc(O)cc2C1,7.061977386474609,8.358572006225586,7.710274696350098
CCCN(CCN1CCN(c2cccc3ccccc23)CC1)C1CCc2ccc(O)cc2C1,7.852016448974609,8.869157791137695,8.360587120056152
Oc1[nH]cc2ccc(OCCCN3CCN(c4cccc5cccc(F)c45)CC3)cc12,8.2858247756958,7.846155166625977,8.065989971160889
Oc1nc2c(OCCNCCCNCc3ccccc3)cccc2[nH]1,7.182899475097656,7.633780479431152,7.408339977264404
Oc1ccc2c(OCCCNCc3ccccc3)cccc2[nH]1,,,
O=C1C2CCCN2C(=O)N1CCCCNCC1CCc2cccc3c2N1C1CCN(CCCc2ccc(F)cc2)CC1,,,
O=C(NCCCCN1CCN(c2cccc(F)c2Cl)CC1)c1cccc2ncccc12,7.523634433746338,8.480405807495117,8.002020120620728
O=C1N(CCN2CC=C(c3cccc(F)c3)CC2)CCN1CC1CCC(O)(c2c[nH]c3ccc(F)cc23)CC1,7.454501628875732,7.331085205078125,7.392793416976929
COc1cccc(N2CCN(CCCCNC(=O)c3ccccc3Cl)CC2)c1,6.883976936340332,8.145607948303223,7.514792442321777
N#Cc1cccc(NCCCN2CCN(c3cccc(C(F)(F)F)c3Cl)CC2)c1,8.05065631866455,6.633462905883789,7.34205961227417
CCCN(CCN1CCN(c2cccc3ccoc23)CC1)C1CCc2c(O)cccc2C1,8.249430656433105,8.883919715881348,8.566675186157227
CCCN(CCN1CCN(c2cnc3ccccc3c2)CC1)C1CCc2cc(O)ccc2C1,6.986144065856934,8.5743989944458,7.780271530151367
CN(Cc1ccc(Cl)c2ccccc12)CCN1CCN(c2cccc3ccccc23)CC1,7.29855489730835,7.077700138092041,7.188127517700195
CCCN1CCCC2Cc3[nH]ncc3Cc3cc(OC)ccc3CC21,6.675090789794922,7.142843246459961,6.908967018127441
Oc1[nH]c2ccccc2c1CCCCN1CC=C(c2cccc3ccccc23)CC1,7.441141128540039,8.35091495513916,7.8960280418396
COc1ccccc1N1CCN(CCCCNC(=O)C=Cc2ccccc2OC)CC1,7.560798168182373,8.727657318115234,8.144227743148804
N#Cc1ccc(N2CCN(CCCCNC(=O)c3cccc(C(F)(F)F)c3)CC2)cc1,6.968209266662598,8.057610511779785,7.512909889221191
CN1CCN(C2=Cc3ccccc3Oc3ccc(F)cc32)CC1,8.009591102600098,7.702358722686768,7.855974912643433
Oc1[nH]c2ccc(F)cc2c1CCCCN1CCN(c2cccc3cc(F)ccc23)CC1,8.247252464294434,7.894079208374023,8.070665836334229
OCCCN1CCN(C2CCC(c3ccccc3)(CCCF)CC2)CC1,4.991015434265137,5.458068370819092,5.224541902542114
O=C1CCc2ccc(F)cc2N1CCCN1CCN(c2cccc3ccccc23)CC1,7.679516315460205,7.091854095458984,7.385685205459595
CN(C)CCCN1c2ccccc2Sc2cc(Cl)ccc21,6.842741012573242,6.489943504333496,6.666342258453369
Oc1ccc2[nH]cc(CCCCN3CCC(c4ccccc4)CC3)c2c1,7.663719177246094,7.214831829071045,7.439275503158569
CCCN(CCCCCCN1CCN(c2ccccc2)CC1)C1CCc2cc(O)ccc2C1,7.398530006408691,7.912742614746094,7.655636310577393
CCCN(CCC1CCC(NC(=O)c2ccc3ccccc3c2O)CC1)C1CCc2nc(N)sc2C1,7.1614484786987305,8.891124725341797,8.026286602020264
CCCN(Cc1ccc(F)cc1)C1CCc2c(O)cccc2C1,7.908670902252197,7.981433868408203,7.9450523853302
CCN1CCCC1CNC(=O)c1cc(I)ccc1OC,7.929624080657959,8.566890716552734,8.248257398605347
CCCN(CC1CC1)C1CCc2ccc(O)cc2C1,7.1178412437438965,9.11347484588623,8.115658044815063
Oc1[nH]cc2c(F)c(F)c(OCCCN3CCN(c4cccc5ccccc45)CC3)ccc12,,,
CCN(C)C1CCc2cccc3c2C1Cc1ccc(C=CC(=O)NCCCCN2CCN(c3cccc(Cl)c3Cl)CC2)cc1,,,
COc1cc(OC)c2[nH]c(-c3ccc(NCCN4CCN(c5cccc(Cl)c5Cl)CC4)cc3)cc2c1,7.502203941345215,6.425784587860107,6.963994264602661
O=C1N(CCN2CCC(CCN3CCN(c4cccc(Cl)c4Cl)CC3)CC2)CCN1c1ccccc1,7.843462944030762,8.084765434265137,7.964114189147949
N#Cc1ccc(N2CCN(CCCCNC(=O)c3ccc4c(c3)CCCC4)CC2)cc1,7.129656791687012,7.862585067749023,7.496120929718018
Oc1ccc2[nH]cc(CCCCN3CC=C(c4ccccc4)CC3)c2c1,8.44819450378418,8.916884422302246,8.682539463043213
Oc1ccc2c(c1)CCN(CCCCc1c[nH]c3ccc(F)cc13)CC2,8.132600784301758,8.344683647155762,8.23864221572876
CN1CCc2ccccc2Cc2c(Cl)ccc(O)c2CCC1,8.086626052856445,7.124265193939209,7.605445623397827
c1ccc(N2CCN(CCCCSc3cnn4ccccc34)CC2)cc1,7.512746810913086,7.458060264587402,7.485403537750244
CCN1CCCC1CNC(=O)c1c(OC)ccc(I)c1I,8.54151725769043,8.640830993652344,8.591174125671387
CN1CCN(c2cccc3c2CCCCCNC3=O)CC1,7.245365142822266,6.821344375610352,7.033354759216309
CCCN(CCN1CCN(c2ccccc2C)CC1)C1CCc2ccc(O)cc2C1,7.235696315765381,8.2485990524292,7.74214768409729
N#Cc1ccc2[nH]cc(CCCCN3CCN(c4cccc5cccc(C(N)=O)c45)CC3)c2c1,8.005157470703125,7.821293830871582,7.9132256507873535
COc1ccccc1N1CCN(CCCCCNC(=O)c2cccc(-c3ccncc3)c2)CC1,7.1055450439453125,7.562637329101562,7.3340911865234375
NCCN1CCc2cc(OCCF)cc3c2C1Cc1cccc(O)c1-3,7.424581527709961,6.958102226257324,7.191341876983643
Oc1cc2c(N3CCN(CCCCc4cccc5ccccc45)CC3)cccc2[nH]1,8.194244384765625,8.05929183959961,8.126768112182617
COc1ccc(CCN2CCN(CCCCc3cn4ccccc4n3)CC2)cc1,6.1180739402771,6.843686580657959,6.480880260467529
CCc1cc2cc(OC)c(C(=O)NCCCCN3CCN(c4ccccc4Cl)CC3)cc2[nH]1,7.494704246520996,8.484477043151855,7.989590644836426
COc1cccc(N2CCN(CCCCNC(=O)c3cc4ccccc4s3)CC2)c1,6.689709186553955,8.501477241516113,7.595593214035034
N#Cc1cccc(CN2CCN(CCCc3ccccc3)CC2)c1,5.625539779663086,6.175181865692139,5.900360822677612
Oc1ccc2c(c1)OC(CNCc1cc3c(cc1Cl)OCCCO3)CC2,9.781591415405272,7.285208702087402,8.533400058746338
O=C1CCc2cc(CCN3CCN(c4cccc5cccnc45)CC3)ccc2N1,8.2069091796875,6.831631660461426,7.519270420074463
O=C1N(CCN2CCC3(CCc4ccccc4C3)CC2)CCN1c1cccc(Cl)c1,6.9604597091674805,7.573930263519287,7.267194986343384
Oc1[nH]cc2ccc(OCCCN3CCN(c4cccc5cccc(Cl)c45)CC3)cc12,8.160287857055664,7.99403190612793,8.077159881591797
O=C1N(CCN2CCC(CCc3ccccc3)CC2)CCN1c1cccc2ccccc12,7.421613693237305,7.0363450050354,7.2289793491363525
N#Cc1ccc(N2CCN(CCCc3ccc4[nH]c(Br)cc4c3)CC2)cc1N,6.476034641265869,6.454131126403809,6.465082883834839
COc1cccc2c1CCC1CN(CCCCN3CCN(c4cccc(C#N)c4)CC3)CC21,7.356513500213623,7.9117021560668945,7.634107828140259
CCN(CCN1CCN(c2cccc3ccoc23)CC1)C1CCc2ccc(O)cc2C1,8.129881858825684,8.58987045288086,8.359876155853271
Oc1[nH]c2ccc(F)cc2c1CCCCN1CCN(c2cccc(F)c2)CC1,7.572279930114746,7.573307514190674,7.57279372215271
CCN1CCN(C2Cn3cccc3Sc3ccc(Cl)cc32)CC1,8.499506950378418,7.993031978607178,8.246269464492798
CCN1CCCCC1CNC(=O)c1cc(Br)ccc1OCCCN1CCN(c2ccc(C#N)cc2F)CC1,6.824773788452148,8.2962646484375,7.560519218444824
CCCN(CCN1C2CCC1c1ccc(O)cc1-2)C1CCc2c(O)cccc2C1,6.556142330169678,9.319775581359863,7.9379589557647705
Oc1[nH]cc2ccc(OCCCN3CCN(c4ccc(F)c5ccccc45)CC3)cc12,8.161009788513184,7.871547698974609,8.016278743743896
Fc1cccc(CN2CCC(N3CCN(c4ccccc4OC(CF)CC3)CC2)c1,,,
CCCN(CCC1CCC(NC(=O)c2ccc(-c3cscn3)cc2)C1)C1CCc2c(O)cccc2C1,7.144754409790039,9.04905891418457,8.096906661987305
COc1ccccc1N1CCN(CCCCNC(=O)C2CC3CCC2C3)CC1,7.572685241699219,8.651552200317383,8.1121187210083
Cc1c(Cl)ccc2c1N1CCNCC1C2,6.775104999542236,5.674373149871826,6.224739074707031
O=C(NC1CCC(CCN2CCN(c3cccc(C(F)(F)F)c3)CC2)CC1)c1cccc2ccccc12,7.299934387207031,7.817959308624268,7.558946847915649
N#Cc1ccc(N2CCN(C3CCC(c4ccc(F)c5c(F)cccc45)CC3)CC2)c2cc(F)c[nH]c12,,,
CCCN(CCN1CCN(c2ccc(-c3cnc4ccc(C#N)cc4c3)cc2)CC1)C1CCc2c(F)cccc2C1,6.839144706726074,7.879439353942871,7.359292030334473
Oc1[nH]cc2ccc(OCCN3CCN(c4cccc5ccccc45)CC3)cc12,8.43844985961914,7.355629920959473,7.897039890289307
O=C(NC1CCc2cc(CCN3CCN(c4nsc5ccccc45)CC3)ccc21)c1ccc(-c2ccccc2)cc1,6.994171142578125,6.9391865730285645,6.966678857803345
COc1ccccc1N1CCN(CCCCNC(=O)c2cccc3ccccc23)CC1,7.269603729248047,8.39780044555664,7.833702087402344
COc1cccc(CN2CCN(CCCCN3CCc4ccc(C(F)(F)F)cc4C(=O)C3)CC2)c1,5.70612096786499,7.72388744354248,6.715004205703735
O=C1N(CCN2CCC(C(NCCc3ccccc3)CC2)CCN1c1cccs1,,,
CCCN(CCN1CCN(c2cccc3cc(O)ccc23)CC1)C1CCc2ccc(O)cc2C1,8.06090259552002,9.346025466918944,8.703464031219482
O=C(NCCCCCN1CCN(c2cccc(Cl)c2Cl)CC1)c1cc2ccccc2cn1,7.091742038726807,8.371362686157227,7.731552362442017
CCN1CCN(c2ccccc2NC(=O)c2ccc(-c3ccccn3)cc2)CC1,6.578449726104736,6.9524641036987305,6.765456914901733
O=C(NCCN1CCN(c2cccc3ccccc23)CC1)c1ccc(F)cc1,7.438467979431152,7.259000778198242,7.348734378814697
CCCN(Cc1ccc(C(=O)NCCCCCN2CCN(c3ccccc3OC)CC2)cc1)C1CCc2[nH]cnc2C1,7.667972564697266,7.518776893615723,7.593374729156494
Oc1[nH]cc2cc(F)c(OCCCCN3CCN(c4cccc(Cl)c4Cl)CC3)cc12,8.24354362487793,8.575241088867188,8.409392356872559
OC1(c2ccc(F)cc2)CC2CCC(C1)N2Cc1coc2ccccc12,7.858871936798096,8.073594093322754,7.966233015060425
Oc1cc2c(OCCNCCc3ccccc3)ccc(Cl)c2[nH]1,8.517375946044922,7.449245452880859,7.983310699462891
Oc1c2c(nc3c(I)cccc13)CCNCC2,6.850335121154785,6.669904708862305,6.760119915008545
COc1ccccc1N1CCCN(CC2CCC(c3ccc(C(F)(F)F)c(Cl)c3)(CC3CCCN3)C2=O)CC1,6.788487911224365,7.16766357421875,6.978075742721558
N#Cc1ccc2[nH]cc(CCCCN3CCN(c4ccc(CCN5CCN(c6ccccc6Cl)CC5)cc4)CC3)c2c1,7.268895626068115,7.180501937866211,7.224698781967163
Oc1[nH]cc2ccc(OCCCCN3CCN(c4cccc5c(F)cccc45)CC3)cc12,8.423099517822266,8.137502670288086,8.280301094055176
NCC1(c2ccc(Cl)c(Cl)c2)CC2CCC(C1)N2Cc1ccccc1,6.934022426605225,7.317480087280273,7.125751256942749
O=C(NCCCCN1CCN(c2cccc(Cl)c2Cl)CC1)c1cccc2c1CN2CCC1CC1,7.623558521270752,8.736403465270996,8.179980993270874
Oc1ccc2c(c1)OC(CNCCC1CCN(CCNc3ccccc3)CC1)CC2,8.205137252807617,7.780649185180664,7.992893218994141
CN1CCCC1Cc1cncc(CNCCCCN2CCN(c3cccc(Cl)c3Cl)CC2)n1,6.522167682647705,7.648562908172607,7.085365295410156
CN1CCN(CCCN2c3ccccc3Sc3ccc(Cl)cc32)CC1,7.5598344802856445,7.69283390045166,7.626334190368652
O=C1N(CCN2CCCCC2)CCN1c1ccc(Cl)cc1,7.360243320465088,6.895940780639648,7.128092050552368
CN1CCN(C2=Nc3ccccc3Nc3c(Cl)cccc32)CC1,6.732046127319336,6.883634090423584,6.80784010887146
N#Cc1ccc2[nH]cc(CCCCN3CCN(c4cccc(Cl)c4Cl)CC3)c2c1,8.226238250732422,8.11013412475586,8.16818618774414
COc1ccccc1N1CCN(CCCCNC(=O)CCC2CCCC2)CC1,7.520300388336182,8.291131019592285,7.905715703964233
CN1CCN(C2Cc3ccccc3Sc3ccc(NC(=O)CN4CCC(c5cc(F)ccc5F)CC4)cc32)CC1,7.658920764923096,7.070399284362793,7.364660024642944
CN1CC=C(c2cncc(C3=CCN(CCCCCCNCC(=O)c4cccc(F)c4)CC3)c2)CC1,6.791763305664063,7.264301300048828,7.028032302856445
CCN(CC)C(=O)c1ccc(NCCCCCNCC(O)c2ccc(O)c3nc(N)ccc23)cc1,7.300413131713867,6.4116315841674805,6.856022357940674
Oc1c2ccccc2n1CCC1C2CCC2(CCN(CC3C4CCC3(CCCC4)CC3)CC2)CN1,,,
CCCN(CC=CI)C1CCc2c(O)cccc2C1,7.381063461303711,7.752767562866211,7.566915512084961
CCOc1ccccc1N1CCN(CCCCNC(=O)c2ccc(-c3ccccc3)cc2)CC1,7.279489040374756,9.058148384094238,8.168818712234497
O=C1NCCN1CCN1Cc2cc3ccccc3cc2C1,6.056047439575195,7.381837368011475,6.718942403793335
Oc1ccc2c(OCCNCCCCc3c[nH]c4ccccc34)ccc(F)c2[nH]1,,,
OC1(c2ccc3[nH]ccc3c2)CCN(CCCCSc2nc(-c3ccccc3)no2)CC1,6.750339508056641,7.60474681854248,7.1775431632995605
CCN1CCN(C2CCc3ccc(OC)cc3Cc3ccc(F)cc32)CC1,7.305332183837891,6.606435298919678,6.955883741378784
Cc1cccc(N2CCN(CCCCCN3CCN(c4ccccc4Cl)CC3)CC2)c1C,7.877044677734375,7.02874231338501,7.452893495559692
OCC1C2CN3CCCCC3CO2,,,
Oc1[nH]c(CN2CCN(c3cccc4c(F)cccc34)CC2)c2cccc(F)c12,7.603806495666504,6.179617881774902,6.891712188720703
N#Cc1cccc(CN2CCC(N3CCN(c4ncccc4C#N)CC3)CC2)c1,4.870748043060303,5.682721138000488,5.2767345905303955
Oc1[nH]cc2c(CCCN3CCN(c4cccc(Cl)c4Cl)CC3)cccc12,7.958794593811035,7.281821727752685,7.62030816078186
CN1C2CCC1CC(OC(=O)CCCCCCN3CCN(c4cccc5cc(F)ccc45)CC3)CC1CC2,,,
O=C(CCCN1CCN(c2cccc3ccoc23)CC1)c1ccc(F)cc1Cl,8.26768684387207,7.718489646911621,7.993088245391846
COC(=O)c1cc(CCN2CCN(c3cccc(Cl)c3Cl)CC2)c[nH]1,7.381587028503418,7.512058258056641,7.446822643280029
Oc1ccc2c(c1)OC(CNCCN1CCN(c3ccccc3Cl)CC1)CC2,9.17803955078125,8.298336029052734,8.738187789916992
N#Cc1cccc(CN2CCN(CCCCN3CCN(c4c(Cl)cccc4Cl)CC3)CC2)c1,6.678730010986328,7.963412284851074,7.321071147918701
Sc1nccn1CC1CCN(C2Cc3ccccc3C(Cc3ccccc3)C2)CC1,6.155046463012695,6.617692470550537,6.386369466781616
CN1CCN(C2Cn3cccc3Sc3cc(Cl)ccc32)CC1,8.376848220825195,8.215988159179688,8.296418190002441
Oc1c(CN2CCN(c3ccccc3)CC2)cc(Cl)c2cccnc12,6.387600421905518,6.060133934020996,6.223867177963257
NCC1(c2ccc(Cl)c(Cl)c2)CC2CCC(C1)N2Cc1coc2ccccc12,6.902810096740723,8.04532241821289,7.474066257476807
O=C(CCCCN1CCN(c2cccc3ccoc23)CC1)c1cccc(F)c1,8.429128646850586,8.196022033691406,8.312575340270996
CN1CCN(c2ccc3ncccc3c2)CC1,6.3589396476745605,5.711606979370117,6.035273313522339
COc1ccccc1N1CCN(CCCCCNC(=O)c2cc3ccccc3[nH]2)CC1,7.559271812438965,8.329925537109375,7.94459867477417
Oc1ccc2[nH]c(CNCCCCCNCC1Cc3ccccc3C2)cc1,,,
CCCN(CCN1CN=C(c2ccccc2)c2ccccc2)CC1)C1CCc2ccc(O)cc2C1,,,
COc1ccccc1N1CCN(CCCC2CCCN(c3cccc(C(F)(F)F)c3)C2=O)CC1,7.2162885665893555,7.799106597900391,7.507697582244873
O=C(NCC=CCN1CCN(c2cccc(Cl)c2Cl)CC1)c1ccc(-c2ccccc2)cc1,7.320741653442383,8.823793411254883,8.072267532348633
CN1CC=C(c2cnc3cccc(Cl)c3c2)CC1,7.323370456695557,6.6122894287109375,6.967829942703247
COc1cccc(CN2C3C4CC5CC2CC(O)(C5)C4)C3)c1,,,
COc1ccccc1N1CCN(CCCCCNC(=O)C=Cc2ccccc2C)CC1,7.505789756774902,7.69351053237915,7.599650144577026
Oc1c2c(OCCNCCCF)ccc(I)c2c2c1CCCC2,,,
O=C1Cc2cc(CCN3CCN(c4cccc5ccccc45)CC3)ccc2N1,8.14511489868164,6.9575066566467285,7.551310777664185
O=C(NCCCCN1CCN(c2cccc(Cl)c2Cl)CC1)c1ccc(I)cc1,7.461658000946045,8.996889114379883,8.229273557662964
CCCN(CCN1CCN(c2cccc3nc(-c4ccccc4)ccc23)CC1)C1CCc2n[nH]c(C(=O)O)c2C1,7.340280532836914,8.307838439941406,7.82405948638916
Cc1ccc2c(OCCN3CCC(Cc4ccc5c(c4)NCC(5)C3)CC2)cc1,,,
O=C(NC1CCC(CCN2CCN(c3cccc(Cl)c3Cl)CC2)CC1)c1ccc2ccccc2c1,7.402788162231445,8.681488990783691,8.042138576507568
O=C(CCCN1CC=C((c2ccccc2)CC1)c1cccc(F)c1,,,
N#Cc1ccc(CN2CCC3(CCCN(S(=O)(=O)C4CCCCC4)C3)C2)cc1,4.729211807250977,5.793454170227051,5.261332988739014
Oc1[nH]cc2cc(F)c(OCCCCN3CCN(c4cccc5c4CCC5)CC3)cc12,8.638859748840332,8.088521003723145,8.363690376281738
O=C1N(CCN2CCN(c3ccccn3)CC2)CCN1c1cccc(Cl)c1,6.814379692077637,6.661740303039551,6.738059997558594
CN1CCc2ccc3c(I)ccc(Cl)c3c2C1,7.968282222747803,6.9994893074035645,7.483885765075684
Oc1ccc2c(OCCNCc3cccc(Cl)c3)ccc(F)c2[nH]1,,,
Cc1cc2c(OCC(C)N3CCC(c4ccc5c(c4)OCO5)CC3)cccc2[nH]1,7.027146816253662,5.956063747406006,6.491605281829834
Cc1ccc2c(c1)C(N1CCN(CCCNc3cccc4ccccc34)CC1)=NCC2,6.322756290435791,6.762953281402588,6.5428547859191895
O=Cc1cc2c(OCCCCN3CCN(c4cccc(Cl)c4Cl)CC3)cccc2[nH]1,7.924269676208496,8.696442604064941,8.310356140136719
Oc1cc2c(OCCNCc3ccc(I)cc3)ccc(I)c2[nH]1,9.429611206054688,8.392539978027344,8.911075592041016
CCCN(CCN1CCN(c2ccccc2OC)CC1)C1CCc2ccc(O)cc2C1,7.815720081329346,8.517810821533203,8.166765451431274
CCCNc1cc(CNC2CCC3CCCC3(C)C2)ccc1O,6.505208015441895,7.598712921142578,7.051960468292236
Oc1[nH]cc2ccc(OCCCCN3CCN(c4cccc5ccccc45)CC3)c(Cl)c12,8.208444595336914,8.557578086853027,8.38301134109497
N#Cc1c(N2CCN(CCC3CCCc4ccccc4C3)CC2)cc(C(F)(F)F)nc1N,7.467264175415039,7.232332706451416,7.3497984409332275
Oc1[nH]cc2ccc(OCCCN3CCN(c4cccc5c4CCC5)CC3)cc12,8.58419418334961,7.922116756439209,8.25315546989441
CCCN(CCN1CCN(c2cccc3ccccc23)CC1)C1CCc2c(O)cccc2C1,8.05475902557373,8.830841064453125,8.442800045013428
O=C(NCCCCN1CCN(c2cccc(Cl)c2Cl)CC1)c1cccc2[nH]ccc12,7.844743251800537,8.826313018798828,8.335528135299683
COc1ccccc1N1CCN(CCCCCNC(=O)c2cc3ccccc3[nH]2)CC1,7.559262275695801,8.329925537109375,7.944593906402588
COc1ccccc1N1CCN(CCNCC2CCc3ccc(O)cc3N(2)CCCc2ccccc2)CC1,,,
C1=C(c2ccc3ccccc3c2)CCN(CCCOc2ccc3nc(CCCN4CCN(c5ccccc5)CC4)ccc3c2)C1,6.9875922203063965,8.024829864501953,7.506211042404175
Oc1ccc2c(NCCCN3CCN(c4cccc(Cl)c4Cl)CC3)cccc2[nH]1,,,
C1=C(c2c[nH]c3ccccc23)CCN(CCCCNc2ccccc2)CC1,7.818421363830566,7.717881202697754,7.76815128326416
CCN1CCN(c2cccc3ccc(OC)nc23)CC1,7.437404632568359,6.613025665283203,7.025215148925781
Nc1c(F)cccc1C(=O)CCCN1CCC2C(C1)c1cccc3c1N2CCCS3,7.790648460388184,7.068732261657715,7.429690361022949
CCCN(CCN1CCN(c2cccc3c2OCCO3)C1=O)C1CCc2ccc(O)cc2C1,7.211803436279297,7.65621280670166,7.4340081214904785
N#Cc1ccc2[nH]cc(CCCN3CCN(c4ccc5c(c4)CCO5)CC3)c2c1,7.030287742614746,6.383472442626953,6.70688009262085
COc1cc(OC)c(C(=O)N2CCc3cc(OC)c(OC)cc3C2CCN2C)cc1OC,,,
N#Cc1c(N2CCN(CCC3CCC(NC(=O)c4ccc5ccccc5c4)CC3)CC2)nc(NCCCNC(=O)NC2CCC3(Oc4ccccc4C3=O)CC2)c1,,,
CCCN1CCCC2Cc3[nH]ncc3CC21,7.043054103851318,7.927458763122559,7.4852564334869385
Oc1ccc2c(c1)OCCCCN1CCN(c3cccc(Cl)c3Cl)CC1CC=C2,8.376014709472656,8.078073501586914,8.227044105529785
NCCCN1CCC(Cc2cc(F)ccc2)C1,4.529435157775879,5.540191173553467,5.034813165664673
Cc1ccc2c(N3CCN(CCCc4c(C)ccc5c4oc(=O)n5C)CC3)cccc2n1,7.033044815063477,6.695281982421875,6.864163398742676
CCCN(CCN1CCN(c2ccccc2)CC1)C1CCc2ccc(O)cc2C1,7.061977386474609,8.358572006225586,7.710274696350098
CCN1CCCC1CNCc1cccs1,4.820847988128662,7.115779399871826,5.968313694000244
Oc1ccc2c(c1)OC(CNCCCN1CCN(c3cccc(Cl)c3Cl)CC1)CC2,9.147972106933594,8.325576782226562,8.736774444580078
N#Cc1ccc(N2CCN(CCCCNC(=O)CCc3ccc(F)cc3F)CC2)nc1,6.554122924804688,7.022817611694336,6.788470268249512
Oc1cc2c(OCCNCCc3ccccc3CF)ccc(F)c2[nH]1,8.24358081817627,7.128358364105225,7.685969591140747
CCCN1CCCC(c2cccc(O)c2)CC1,6.277295112609863,6.741525650024414,6.509410381317139
O=C(NCCCCN1CCN(c2ccccc2Cl)CC1)c1cc2ccccc2[nH]1,7.15421724319458,9.187503814697266,8.170860528945923
Oc1c2c(nc3ccc(OCCN4CCN(c5ccnc6ccccc56)CC4)cc13)CCC2,7.7924346923828125,7.184744834899902,7.488589763641357
Oc1ccc2c(CCN3CCN(c4ccccc4)CC3)c[nH]c2c1,7.58165693283081,6.765000343322754,7.173328638076782
Oc1[nH]cc2cc(F)c(OCCCN3CCN(c4cccc5cccc(F)c45)CC3)cc12,8.04649829864502,7.654065132141113,7.850281715393066
Oc1ccc2c(c1)OC(CNCCCNCc1ccccc1)CC2,7.615239143371582,7.509407520294189,7.562323331832886
O=C1N(CCN2CCC2)CCN1c1cccc(Cl)c1,7.04088020324707,7.356167793273926,7.198523998260498
Oc1[nH]cc2cc(F)c(OCCCCN3CCN(c4cccc5ccccc45)CC3)cc12,8.182527542114258,8.29554557800293,8.239036560058594
O=C1CCc2ccc(OCCCCN3CCN(c4cccc(Cl)c4Cl)CC3)nc2N1,8.820858001708984,7.946710586547852,8.383784294128418
CCCN(CCN1CCN(c2cccc3c2CCCC3)C1=O)C1CCc2c([nH]c3ccc(Cl)cc23)CC1,7.653125286102295,7.594314575195312,7.623719930648804
Cc1ccc2c(N3CCN(CCc4ccccc4)CC3)cc(C)nc2n1,6.942461013793945,6.536783695220947,6.739622354507446
COc1ccc(NCCN2CCN(c3ccccc3OC)CC2)cc1N,7.791728973388672,6.573383808135986,7.182556390762329
O=C1N(C2CCN(CCCCc3c[nH]c4ccc(C=CCCCCNC(=O)c5ccccc5F)cc34)CC2)CCN1CC1CCC1,7.3651909828186035,7.507777690887451,7.436484336853027
Oc1cc2ccc3[nH]cc(CCCCN3CC=C(c4ccccc4)CC3)c2o1,,,
O=C1N(CCN2CCC((C(F)(F)F)CC2)CCN1c1cccc(Cl)c1,,,
c1ccc(N2CCN(CCC3CCC(Nc4ncccc4-c4cccs4)CC3)CC2)cc1,7.512480735778809,7.498003005981445,7.505241870880127
Cc1ccc(N2CCN(CCCCCN3CCCc4ccccc4C3=O)CC2)cc1C,6.641289710998535,6.5761823654174805,6.608736038208008
CCN1CCN(C2Cn3cccc3Sc3ccc(Br)cc32)CC1,8.732954978942871,8.103276252746582,8.418115615844727
O=C(NC1CCC(CCN2CCN(c3cccc(Cl)c3Cl)CC2)CC1)c1cccc2ccccc12,7.486489295959473,8.409736633300781,7.948112964630127
CCOc1ccccc1OCCCNCC1CCc2ccccc2O1,8.307148933410645,8.220460891723633,8.263804912567139
CN(C)CC=Cc1c[nH]c2ccc(CS(=O)(=O)N3CCCCC3)cc12,5.619327545166016,5.369605541229248,5.494466543197632
Oc1ccc2c(N3CCN(CCc4cccc(I)c4)CC3)cccc2[nH]1,,,
Oc1cc2c(OCCNCCc3ccccc3)ccc(F)c2[nH]1,8.500167846679688,7.510526657104492,8.00534725189209
COc1c(Br)cc(Cl)cc1N1CCN(CCCCNC(=O)c2cc3ccccc3[nH]2)CC1,7.293230533599853,9.1940336227417,8.243632078170776
N#Cc1cccc2c1CN1CCN(CCCCc3ccccc3)CC1,,,
c1ccc(CN2CCN(CCCCc3c[nH]c4ccc(-n5cnnc5)cc34)CC2)cc1,6.827078342437744,7.0997467041015625,6.963412523269653
COc1ccccc1N1CCN(CCCCOCCOCC(=O)NCC2CCC(c3ccc(C#N)cc3)(c3ccc(F)cc3)CC2)CC1,7.288209438323975,6.932821273803711,7.110515356063843
CN1CCCCCC1c1c[nH]cs1,,,
CCCN(CCC1CCC(NC(=O)c2cccc3sccc23)CC1)C1CCc2nc(N)sc2C1,7.009829521179199,8.849090576171875,7.929460048675537
CN1CCc2ccc3c(c2C1)Cc1ccccc1CO3,6.325985908508301,7.048590183258057,6.687288045883179
CN1CCc2cccc3c2C1Cc1c[nH]c2ccc(O)cc12,,,
N#Cc1ccc2[nH]cc(CCCCN3CCN(c4ccc5occc5c4)CC3)c2c1,7.624373435974121,7.525188446044922,7.5747809410095215
Fc1cccc2c1CCCC2CCN1CCN(c2cccc3c2OCCO3)CC1,7.5944085121154785,6.982861042022705,7.288634777069092
CCCN(CCCCCCCCCCCN(CCCCNCC1CCc2ccccc2O1)C1CCc2ccccc2C1,,,
Oc1ccc2[nH]cc(CCCCN3CC=C(c4ccccc4)CC3)c2c1,8.44819450378418,8.916884422302246,8.682539463043213
O=C(NC1CCc2ccc(CCN3CCN(c4ccccc4Cl)CC3)cc2CC1)c1cnc2ccccc2c1,7.036923885345459,7.237961292266846,7.137442588806152
CN1CCN(C2Cc3ccccc3Sc3ccc(-c4cnn(C)c4)cc32)CC1,8.523214340209961,7.4359450340271,7.97957968711853
CCN1CCCC(c2ccc(C(=O)NCCCCCN3CCN(c4cccc(Cl)c4Cl)CC3)cc2)C1,6.964321613311768,7.57124662399292,7.267784118652344
Cc1cc(C)cc(CCN2CCN(c3cccc(Cl)c3Cl)CC2)c1,7.269125938415527,6.649564743041992,6.95934534072876
NCCN1CCN(c2cccc(Cl)c2Cl)CC1,7.3410444259643555,7.298333168029785,7.31968879699707
Oc1ccc2[nH]cc(CCCN3CC=C(c4cccc(I)c4)CC3)c2c1,8.89688491821289,8.340215682983398,8.618550300598145
Clc1ccccc1N1CCN(CCCCOc2ccc3c(c2)NC(=O)CC3)CC1,8.67010498046875,8.160063743591309,8.41508436203003
CN1CCc2cc(F)cc3c2C1Cc1ccc(O)c(O)c1-3,8.287187576293945,8.115177154541016,8.20118236541748
COc1cccc(OC)c1CNc1cccc(C(F)(F)F)c1,6.042501449584961,6.231905460357666,6.1372034549713135
OC1(c2ccc(F)cc2)CC2CCC(C1)N2Cc1coc2cc(F)ccc12,8.135625839233398,8.462806701660156,8.299216270446777
Nc1ccc(CCCN2CCN(c3cccc4[nH]c(-c5ccc(Cl)cc5)nc34)CC2)cc1,7.682474613189697,7.01209831237793,7.3472864627838135
Oc1ccc2c(c1)OC(CNCCC1CCc3ccccc3O1)CC2,9.27611255645752,8.734909057617188,9.005510807037354
O=C(NC1CCN(CCCN2c3ccccc3Sc3ccc(F)cc32)CC1)c1ccccc1,7.1726393699646,6.807278633117676,6.989959001541138
CCN(CCCN1CCN(c2cccc3ccccc23)CC1)c1cccc(Cl)c1,7.1715006828308105,6.799464702606201,6.985482692718506
CCCN(CCN1CCN(c2ccccc2)CC1)C1CCc2ccc(O)cc2C1,7.061977386474609,8.358572006225586,7.710274696350098
Clc1c(F)ccc2c1CCNCC2,7.196906089782715,5.77814245223999,6.4875242710113525
Oc1ccc2[nH]cc(CCCN3CC=C(c4ccccc4)CC3)c2c1,8.563095092773438,8.061641693115234,8.312368392944336
Oc1ccc2[nH]cc(CCCCN3CCN(c4cccc5ccccc45)CC3)c2c1,8.49316692352295,8.180514335632324,8.336840629577637
CNCCN1CCc2ccc(OC)cc2CC1,5.5473151206970215,6.102646350860596,5.824980735778809
CCCN(CCN1CCN(c2cccc(Cl)c2Cl)CC1)C1CCc2ccc(S)cc2C1,7.721301555633545,8.514077186584473,8.117689371109009
Oc1[nH]cc2ccc(OCCCN3Cc4ccccc4CC3)cc12,7.502144813537598,8.121001243591309,7.811573028564453
Oc1[nH]cc2cc(F)c(OCCCNCCCc3cccc4ccccc34)cc12,7.075350761413574,7.536874294281006,7.30611252784729
C1=NCCCN1CCN1CCN(c2cccc(Cl)c2Cl)CC1,6.177067756652832,6.927026748657227,6.552047252655029
CCCN(CCN1CCN(c2cccc3cn(-c4ccc(Cl)cc4)cc23)CC1)C1CCc2c(O)cccc2C1,7.834328651428223,8.55138874053955,8.192858695983887
O=C(NCCCCN1CCN(c2cccc(Cl)c2Cl)CC1)c1ccc(-c2ccccn2)cc1,6.973717212677002,8.95753002166748,7.965623617172241
COc1ccccc1N1CCN(CCCCNC(=O)CC2Cc3ccccc3CN2)CC1,7.074821472167969,7.791776657104492,7.4332990646362305
Oc1[nH]c2cc(F)c(F)cc2c1CCC2,,,
CN1CCN(c2cccc3ccc(OCCCN4CCN(c5cccc6cc(F)ccc56)CC4)cc23)CC1,8.143178939819336,7.935826301574707,8.039502620697021
CC1CCN(CCCN2CCN(c3cccc(Cl)c3Cl)CC2)C1,6.35989236831665,6.426612854003906,6.393252611160278
N#Cc1cccc(N2CCN(CCCCc3c[nH]c4ccc(F)cc34)CC2)c1,7.650610446929932,7.516366481781006,7.583488464355469
O=C1c2cccc3c2CCC1CCN1CCN(c2cccc(Cl)c2Cl)CC1,,,
Nc1c2c(nc3ccccc13)CCN(CCCc1c[nH]c3ccc(F)cc13)CC2,7.378983497619629,7.045544624328613,7.212264060974121
CCc1ccccc1N1CCN(CCCCNCC2CCc3c(O)cccc3C2)CC1,7.213668346405029,7.8337626457214355,7.523715496063232
O=C(NCCCCN1CCN(c2cccc(Cl)c2Cl)CC1)c1cccc2[nH]ccc12,7.844743251800537,8.826313018798828,8.335528135299683
CN1CCN(C2=Cc3ccccc3Cc3ccccc32)CC1,7.450830936431885,7.039095878601074,7.2449634075164795
COc1ccccc1N1CCN(CCCNC(=O)c2ccc(I)cc2)CC1,7.243716716766357,7.205450534820557,7.224583625793457
CCN1CCc2cccc(CCN3CCN(c4cccc(Cl)c4Cl)CC3)c2CC1,7.55659294128418,6.687520980834961,7.12205696105957
N1CCN(CC2Cc3ccccc3Sc3ccc(Cl)cc32)CC1,7.915950298309326,7.109760284423828,7.512855291366577
N#Cc1cccc(N2CCN(CCCCNC(=O)c3ccc(F)cc3)CC2)c1,7.028781414031982,8.608207702636719,7.818494558334351
CCCN(CCN1CCN(c2cccc(-c3ccccc3)c2)CC1)C1CCc2ccc(O)cc2C1,7.644116401672363,8.588623046875,8.116369724273682
CCCN(CCN1CCN(c2cccc3ccoc23)CC1)C1CCc2ccc(O)cc2C1,8.003236770629883,8.87026596069336,8.436751365661621
CCCN(CCC1CCC(NCC2CCc3ccccc3O2)CC1)C1CCc2nc(N)sc2C1,7.732702255249023,8.683660507202148,8.208181381225586
Cc1cc(C)c(CN2CCN(CCCCN3CCN(c4ccccc4OC(C)C)CC3)CC2)c(Cl)c1,7.242687702178955,7.559440612792969,7.401064157485962
CCN1CCN(C2Cn3cccc3Sc3ccc(F)cc32)CC1,8.352453231811523,7.737476825714111,8.044965028762817
Oc1[nH]cc2ccc(OCCCN3CCN(c4cccc5cccc(F)c45)CC3)cc12,8.2858247756958,7.846155166625977,8.065989971160889
N#Cc1ccc2[nH]cc(CCCCN3CCN(c4ccc5nc(C(N)=O)ccc5c4)CC3)c2c1,7.190985679626465,7.503908157348633,7.347446918487549
CCN1CCCCC1CNC(=O)c1c(OC)ccc(Br)c1OCCCN1CCN(c2ccccc2)CC1,6.591490745544434,7.528934001922607,7.0602123737335205
O=C(CCCN1CCN(c2ccccc2)CC1)c1ccc(I)cc1,7.747920513153076,7.321176052093506,7.534548282623291
COc1cc(CN2CCC3(CC2)C(=O)N(CCCN3CCN(c4ccccc4OC)CC3)CC2)cc(C)c1OC,,,
O=C1N(CCN2CC3Cc4ccc(O)cc4C3C2)CCN1c1ccccc1F,7.558645248413086,7.077982425689697,7.318313837051392
CCc1cc(N)ccc1N1CCN(CCCCNC(=O)c2cccc(CC)c2)CC1,7.55280590057373,8.436120986938477,7.9944634437561035
COc1cc(N2CCN(CCCC3CCC(NC(=O)CCCCN4CCN(c5ccccc5OC(C)C)CC4)CC3)CC2)ccc1NC(=O)C=Cc1ccccc1,7.3469624519348145,8.15481185913086,7.750887155532837
O=C(NCCCN1CCN(c2cccc3ccccc23)CC1)c1ccc(F)cc1F,7.033029079437256,7.008615493774414,7.020822286605835
Oc1[nH]c(C2=CC(CN3CC=C(c4ccccc4)CC3)CC2)c2ccccc12,7.596758842468262,7.946955680847168,7.771857261657715
Cc1ccc2c(c1)C(N1CCN(CCCN3CCNC3=O)CC1)CC2,5.119457721710205,5.618014335632324,5.368736028671265
Oc1[nH]c2ccc(OCCCN3CCN(c4cccc5ccccc45)CC3)cc2)c2ccc(Cl)cc12,,,
CCCN(CCN1CCN(c2ccccc2)CC1)C1CCc2ccc(O)cc2C1,7.061977386474609,8.358572006225586,7.710274696350098
O=C(NCC1CCc2ccc(CCN3CCN(c4nsc5ccccc45)CC3)cc21)C1CC1,7.3572587966918945,7.350218772888184,7.353738784790039
N#Cc1ccc2[nH]c(CN3CCN(c4ccc(F)cc4F)CC3)nc2c1,6.214194297790527,5.0741777420043945,5.644186019897461
Oc1[nH]cc2c1CCC1CCN(CCCCc3ccc(F)cc3)CC12,7.004455089569092,7.860659599304199,7.4325573444366455
C(N2CCN(CCCc3cccc(F)c3)CC2)C1CCN(CCCCc2ccc(C(F)(F)F)cc2)CC1,5.641155242919922,6.718686580657959,6.17992091178894
Cc1nc(C2CN(Cc3cccc(Cl)c3)C3CCC2C3)no1,7.275539875030518,7.621325492858887,7.448432683944702
N#Cc1ccc2[nH]c(OCCCN3CCN(c4cccc5cccc(F)c45)CC3)cc2c1,8.012946128845215,7.575460433959961,7.794203281402588
CN1CCN(C2Cn3cccc3Sc3ccc(Cl)cc32)CC1,8.645715713500977,8.372458457946777,8.509087085723877
CN1CCN(C2Cc3ccccc3Sc3ccc(-c4nnn(CCN5CCN(c6ccccc6Cl)CC5)n4)c32)CC1,,,
O=C1CCc2ccc(OCCCCCN3CCN(c4cccc(Cl)c4Cl)CC3)cc2N1,8.70141887664795,8.320068359375,8.510743618011475
CCCN1CCN(CCCc2ccccc2)CC1,5.074464797973633,5.172605514526367,5.12353515625
CCN1CCN(C2Cn3cccc3Sc3ccc(Cl)cc32)CC1,8.499506950378418,7.993031978607178,8.246269464492798
Oc1[nH]cc2ccc(OCCCN3CCN(c4cccc5c4CCO5)CC3)cc12,8.351737976074219,7.996137619018555,8.173937797546387
CCCN(CCN1CCN(c2ccccc2OC)CC1)C1CCc2ccc(O)cc2C1,7.815720081329346,8.517810821533203,8.166765451431274
Oc1[nH]cc2ccc(F)c(OCCCN3CCN(c4cccc5cc(F)ccc45)CC3)c12,8.248533248901367,8.112676620483398,8.180604934692383
COc1ccccc1N1CCN(CCCCNC(=O)c2ccc3ccccc3c2)CC1,7.298825263977051,8.823209762573242,8.061017513275146
Cc1cc(C)c2c(NCCN3CCN(c4cccc(Cl)c4Cl)CC3)cc(C)cc2n1,6.587650775909424,6.371100902557373,6.479375839233398
COc1ccccc1N1CCN(CCCCCNC(=O)c2ccc(I)cc2)CC1,7.84883975982666,7.872927188873291,7.860883474349976
CN1Cc2ccccc2CC1CNC(=O)c1c2cc2ccccc2[nH]1,,,
O=C1N(CCN2CCC(Cc3ccccc3)CC2)CCN1c1ccccc1,7.603640556335449,6.908116340637207,7.255878448486328
FC(F)(F)c1c(N2CCN(CCCCc3c[nH]c4ccccc34)CC2)ccc2[nH]cnc12,8.242517471313477,7.076814651489258,7.659666061401367
c1cnc2[nH]cc(CCCN3CCN(c4cccc5c4OCCC5)CC3)c2c1,8.198213577270508,6.844962596893311,7.521588087081909
CC1NC(N)=Nc2ccc(Cl)c(Cl)c21,8.231038093566895,6.3875250816345215,7.309281587600708
Oc1cc2c(OCCNCc3cccc(Cl)c3)cc(I)cc2[nH]1,8.327262878417969,7.889124870300293,8.10819387435913
O=C1COc2ccc(CCN3CCN(c4cccc5nc(-c6ccccc6)ccc45)CC3)cc2N1,7.320414543151855,6.823852062225342,7.072133302688599
NC(N)=NC1CCC(CCN2CCN(c3cccc(Cl)c3Cl)CC2)CC1,7.532639503479004,8.04627513885498,7.789457321166992
CCN(CC)C(=O)NC1Cc2c([nH]c3ccccc23)C1,7.640589714050293,7.901055812835693,7.770822763442993
Oc1ccc2[nH]cc(CCCCN3CCN(c4cccc5ccccc45)CC3)c2c1,8.49316692352295,8.180514335632324,8.336840629577637
N#Cc1cccc(N2CCN(CCCCc3cccc(OCCCN4CCc5ccc(F)cc5CC4)c3)CC2)c1,7.442437171936035,8.009468078613281,7.725952625274658
Oc1cccc(CCN2C3CCc4cccc(c42)C2CCC3CCC(CC2)N3)c1,,,
CCN(CCCCCN1CCN(c2ccccc2OC)CC1)C1CCc2ccc(O)cc2C1,8.179722785949707,8.071022987365723,8.125372886657715
N#Cc1ccc2[nH]cc(CCCCN3CCN(c4ccccc4)CC3)c2c1,7.689896583557129,7.685155868530273,7.687526226043701
Cc1ccc2c(NCCN)c3cccc(Cl)c3c(C(F)(F)F)nc(C)n3c2c1,,,
Fc1ccc(OCCCNCCOc2cccc3[nH]ccc23)cc1,8.252795219421387,7.9304518699646,8.091623544692993
COc1ccccc1N1CCN(CCCCNC(=O)c2cccc(-c3ccccn3)c2)CC1,7.011565685272217,8.482912063598633,7.747238874435425
O=C1N(CCN2CCN(c3cccc(Cl)c3Cl)CC2)CCN1c1cccc(Cl)c1,7.528343200683594,7.927173614501953,7.727758407592773
CCN1CCN(CCCCCN2c3cccc(C)c3Sc3ccc(F)cc32)CC1,7.545116424560547,7.031483173370361,7.288299798965454
Oc1[nH]cc2ccc(OCCCN3CCN(c4cccc5cccc(F)c45)CC3)cc12,8.2858247756958,7.846155166625977,8.065989971160889
O=C(NCCCCN1CCN(c2cccc(Cl)c2Cl)CC1)c1cc2ccccc2[nH]1,7.3425798416137695,9.33303451538086,8.337807178497314
CN1CCc2ccc(O)cc2CCc2ccccc2CC1,7.552747249603271,7.463482856750488,7.50811505317688
O=C(NC1CCc2c(ccc(Cl)c2F)CN(C2CCCC2)C1)C1CCC(O)CC1,6.52820348739624,7.966574668884277,7.247389078140259
Cc1cccc2c(CCN3CCN(c4cccc(Cl)c4Cl)CC3)c[nH]c12,7.529974937438965,6.419135570526123,6.974555253982544
OCCC(Oc1cccc2ccc(CCN3CCN(c4cccc5nc(-c6ccccc6)[nH]c45)CC3)cc12)Cc1ccccc1,6.837588310241699,7.300199508666992,7.068893909454346
CCN1CCCCC1CNC(=O)c1c(O)cccc1I,7.010544300079346,8.373414993286133,7.691979646682739
Cc1cc(F)ccc1N1CCN(CCCCNC(=O)C=Cc2ccccc2I)CC1,7.106773853302002,8.027360916137695,7.567067384719849
CN1CCN(c2cccc3ccccc23)CC1,7.877072811126709,6.819706439971924,7.348389625549316
COCCCN(C)CCN1CC=C(c2ccc(F)cc2)CC1,5.917729377746582,6.385423183441162,6.151576280593872
CCCN(CCN1CCN(c2cccc(Cl)c2Cl)CC1)C1CCc2ccc(O)cc2C1,7.754941463470459,8.884286880493164,8.319614171981812
O=C(c1ccc(CCN2CCN(c3ccccc3OCCF)CC2)cc1)C1CCCCC1,7.487192153930664,7.1264753341674805,7.306833744049072
CCCN(CCN1CCN(c2cccc3c2-c2ccccc2C3)CC1)C1CCc2ccc(O)cc2C1,7.5702805519104,8.59328556060791,8.081783056259155
O=C1CC2(CCCC2CCCN2CCC(c2ccccc2)c2ccccc2)N1,,,
COc1ccccc1N1CCN(CCCCNC(=O)c2cccc3c2OCCC3)CC1,7.915049076080322,7.989713668823242,7.952381372451782
O=C(NCCCCN1CCN(c2cccc(Cl)c2Cl)CC1)c1ccc2c(c1)-c1ccc(I)cc1OC2,7.493801593780518,9.125372886657717,8.309587240219116
c1cc(CCNCC2CCN(CCc3c[nH]c4ccc(-n5ccnc5)cc34)C2)ccn1,5.953901290893555,6.6200361251831055,6.28696870803833
Oc1ccc2c(c1)OC(CNCCCc1c[nH]c3ccccc13)CC2,9.039434432983398,8.187078475952148,8.613256454467773
CCN1CCN(C2Cn3cccc3Sc3ccc(Cl)cc32)CC1,8.499506950378418,7.993031978607178,8.246269464492798
Fc1cccc(N2CCN(CCCCNc3ccccc3-c3cccnc3)CC2)c1,7.635929107666016,7.651157379150391,7.643543243408203
CCCN(CCN1CCN(c2ccccc2O)CC1)C1CCc2ccc(O)cc2C1,7.675475597381592,9.087706565856934,8.381591081619263
Oc1cc2c(OCCNCc3ccccc3)ccc(Cl)c2[nH]1,8.818074226379395,7.795685768127441,8.306879997253418
O=C(NCCCCN1CCN(c2cccc(Cl)c2Cl)CC1)c1ccc(F)cc1,7.551733493804932,8.872730255126953,8.212231874465942
COc1ccc(OC)c(C(=O)NCCC2CCCN2C(=O)CCc2ccc(F)cc2)c1,6.6391472816467285,6.531976222991943,6.585561752319336
c1cc2cc(CCCCN3CCN(c4cccc5ccccc45)CC3)c[nH]c2cc1,,,
CN1CCN(CCN2CCC(c3ccc(C#N)cc3)CC2)CC1,5.3537211418151855,6.257269382476807,5.805495262145996
CN1CCCCC1CNC(=O)c1ccc(-c2ccccc2)cc1,5.6751708984375,7.435182571411133,6.555176734924316
O=C1CCc2cc(OCCCN3CCN(c4cccc(Cl)c4Cl)CC3)ccn21,,,
CN1C(CNCC23CCCCC2CCC3)CCN(c2cccc3ccccc23)C1,5.810559749603272,7.091440200805664,6.450999975204468
N#Cc1ccc(C(=O)NCCCCN2CCN(c3cccc(Cl)c3Cl)CC2)cc1,7.69743537902832,9.414706230163574,8.556070804595947
CCCN(CCC1CCC(NC(=O)C=Cc2ccccc2)CC1)C1CCc2c(O)cccc2C1,7.449110984802246,8.662602424621582,8.055856704711914
O=S(=O)(NC1CCC(CCN2CCN(c3cncc(C(F)(F)F)n3)CC2)CC1)c1ccc2ccc3c(c2c1)OCCC3,7.361448764801025,8.25528621673584,7.808367490768433
CN1CCN(C2Cc3ccccc3Sc3ccc(F)cc32)CC1,9.00782871246338,8.473591804504395,8.740710258483887
Fc1ccc(N2CCN(CCC3CCCCC3)CC2)nc1,6.858048439025879,7.700320243835449,7.279184341430664
CCCN(CCCCCN1CCN(c2ccccc2OC)CC1)C1CCc2ccc(O)cc2C1,8.155640602111816,8.086040496826172,8.120840549468994
COc1ccccc1N1CCN(CCCCc2ccc3c(c2)sc(=O)n3CCCN2CCC(N3CCC(c4cc(F)c(F)c4)CC3)CC2)CC1,,,
Oc1[nH]cc2ccc(OCCCN3CCN(c4cccc5cccc(F)c45)CC3)cc12,8.2858247756958,7.846155166625977,8.065989971160889
CCCN(CCN1CCN(c2ccc(-c3ccccc3)c3ccccc23)CC1)C1CCc2nc(N)sc2C1,7.318097114562988,8.517799377441406,7.917948246002197
O=C1N(CCN2CCC(CCN3CCN(c4cccc5nc(C(F)(F)F)ccc45)CC3)CC2)CCN1c1ccccc1,7.863774299621582,8.081048965454102,7.972411632537842
Oc1cc(C2NCc3ccc(I)cc32)cn1CC1CCCN2CCC3CCCCC3C1,,,
O=C1N(CCN2CCC(c3cccc(O)c3)CC2)CCN1c1ccccc1,7.553040981292725,6.715644836425781,7.134342908859253
Oc1ccc2[nH]cc(CCCN3CC=C(c4ccccc4)CC3)c2c1,8.563071250915527,8.061660766601562,8.312366008758545
Cc1c(OCCCN2CCN(c3cccc4ccccc34)CC2)ccc(Cl)c1Cl,7.225951671600342,7.757506847381592,7.491729259490967
Oc1[nH]cc2ccc(OCCCCN3CCN(c4cccc5cccc(F)c45)CC3)cc12,8.384243965148926,8.055950164794922,8.220097064971924
Oc1[nH]cc2cc(F)c(OCCCN3CCN(c4cccc5ccc(F)cc45)CC3)cc12,8.179012298583984,7.826079368591309,8.002545833587646
O=C1CC2(CCCC2)CC(=O)N1CCN1CCN(c2cccc(Cl)c2Cl)CC1,7.1862568855285645,8.446979522705078,7.816618204116821
N#Cc1ccc2[nH]cc(CCCCN3CCN(c4cccc5[nH]ccc45)CC3)c2c1,8.607515335083008,7.938607215881348,8.273061275482178
COc1ccccc1N1CCN(CCCCSc2nc3ccccc3s2)CC1,7.871151924133301,8.42541217803955,8.148282051086426
c1ccc(CCN2CCN(c3cccc4[nH]ccc34)CC2)cc1,8.23132038116455,6.57820987701416,7.4047651290893555
C#CCN(CC=CI)CC1CCc2ccc(O)cc2N1,5.179651260375977,6.748230457305908,5.963940858840942
NCCN1CCc2cccc3c2C1Cc1cccc(O)c1-3,6.832906246185303,7.521368026733398,7.177137136459351
CCN(CCN1CCN(c2cccc3ccccc23)CC1)C1CCc2ccc(O)cc2C1,7.947355270385742,8.526658058166504,8.237006664276123
CC(N)Cc1c[nH]c2ccc(O)cc12,6.163337230682373,5.566805839538574,5.865071535110474
Cc1ccc2c(N3CCN(CCN4CCNc5ccccc5C4=O)CC3)cccc2n1,7.1995720863342285,6.702219009399414,6.950895547866821
O=C(NC1CCc2ccc(CCN3CCN(c4nsc5ccccc45)CC3)cc21)C1CC1,7.392701625823975,6.859647750854492,7.126174688339233
CN1CCN(CCc2cc(O)cc3[nH]c(-c4ccc(C(C)(C)C)cc4)nc23)CC1,5.688976287841797,7.204739570617676,6.446857929229736
Cc1cc(OCCCNCC2CCc3ccc(OCCCCN4CCN(c5cccc(Cl)c5Cl)CC4)cc3O2)ccn1,8.777175903320312,8.52059268951416,8.648884296417236
Oc1[nH]cc2scc(CCN3CCN(c4cccc5ccccc45)CC3)c12,8.260293960571289,7.549612998962402,7.904953479766846
Oc1cc2c(OCCNCc3cccc(I)c3)ccc(OCCN3CCN(c4ccccc4Cl)CC3)c2[nH]1,8.732695579528809,8.049700736999512,8.39119815826416
O=C1N(CCN2CCC3(CCN(c4nccc(-c5ccccc5)n4)CC3)CC2)CCN1c1ccccc1,7.147838115692139,6.234023094177246,6.690930604934692
Oc1ccc(CCNCC2CCc3ccc(O)cc3O2)cc1,9.422113418579102,8.090999603271484,8.756556510925293
Oc1[nH]cc2c(F)c(OCCCN3CCN(c4cccc5ccc(F)cc45)CC3)ccc12,8.319002151489258,7.993539810180664,8.156270980834961
CCCN(CCN1CCN(c2cccc(Cl)c2Cl)CC1)C1CCc2c(O)cccc2C1,7.985079765319824,8.79438304901123,8.389731407165527
Cc1[nH]cc(CN2CCN(CCCCn3ccc4ccc(F)cc43)CC2)c1C,6.4408369064331055,6.739083766937256,6.589960336685181
Oc1[nH]cc2cc(F)c(OCCCN3CCN(c4cccc5cccc(F)c45)CC3)cc12,8.04649829864502,7.654065132141113,7.850281715393066
O=C1NCCN1CCN1CCC2(CCc3ccccc32)CC1,5.846520900726318,6.15309476852417,5.999807834625244
Fc1cccc(CN2C3CCC2CC(N2CCN3c2cccc4ccccc24)C3)c1,,,
CCCCN(CCN1CCN(c2ccccc2OC)CC1)C1CCc2ccc(O)cc2C1,7.99601936340332,8.49979019165039,8.247904777526855
CCCN1CCc2cccc3c2C1Cc1cccc(O)c1-3,7.426577568054199,7.848193645477295,7.637385606765747
CCN1CCN(C2CC(c3ccc(F)cc3)c3ccc(Cl)cc32)CC1(C)C,7.584465026855469,6.9438676834106445,7.264166355133057
CCCN(CCCCCCCN(CCCCCCCCCNCC1CCC(O)(c2cccc(Cl)c2)C1)C1CCc2ccc(O)cc2C1,,,
COc1ccccc1N1CCN(CCCCSc2ccccc2)CC1,7.973721504211426,7.422757625579834,7.69823956489563
N#Cc1cc2c(N3CCN(CCCCc4cccc(Cl)c4)CC3)cccc2[nH]1,7.876108646392822,7.988140106201172,7.932124376296997
CCN1CCN(C2Cn3cccc3Sc3ccc(Cl)cc32)CC1,8.499506950378418,7.993031978607178,8.246269464492798
CCCN(CCN1CCN(c2cnc3ccccc3c2)CC1)C1CCc2ccc(O)cc2C1,7.076235771179199,8.598995208740234,7.837615489959717
CCCN(CCN1CCN(c2ccc(-c3ccccc3)cc2)CC1)C1CCc2ccc(O)cc2C1,7.323070049285889,8.556982040405273,7.940026044845581
CCCN1CCCC2c3c(C(F)(F)F)cccc3CCC21,6.59839391708374,6.795883655548096,6.697138786315918
CN1CC=C(c2cccc3cc(CCCCCCN4CCN(c5ccccc5OC(F)(F)F)CC4)c(O)cc23)CC1,7.452869415283203,7.638054370880127,7.545461893081665
CN1CCCC1CNCc1ccccc1COC1CCC2C(C)(C)CCC2C1,5.310926914215088,6.726531028747559,6.018728971481323
Oc1ccc2[nH]cc(CCCCN3CC=C(c4ccccc4)CC3)c2c1,8.44819450378418,8.916884422302246,8.682539463043213
Oc1ccc2cc(OCCCN3CCN(c4cccc(Cl)c4Cl)CC3)c(Cl)cc2n1,7.684438228607178,8.395341873168945,8.039890050888062
c1ccc(CNCCc2c[nH]c3ccc(-n4cnnc4)cc23)cc1,7.165338039398193,6.9657745361328125,7.065556287765503
CCCN(CCN1C2CCC1c1ccc(F)cc12)C1CCc2ccc(O)cc2C1,6.386511325836182,8.755508422851562,7.571009874343872
COc1ccccc1N1CCN(CCCCOCCCNC2CCCc3ccccc3C2)CC1,6.7736334800720215,6.871871948242188,6.8227527141571045
COc1ccccc1N1CCN(CCCCCNC(=O)c2ccc(Cc3nccn3C)cc2)CC1,6.844426155090332,6.821261882781982,6.832844018936157
CCCN(CCN1CCN(c2ccccc2OC)CC1)C1CCc2ccc(O)cc2C1,7.815720081329346,8.517810821533203,8.166765451431274
NCCc1c[nH]c2ccc(OCCCCCCN3CCN(c4cccc(Cl)c4Cl)CC3)cc12,7.658056735992432,7.731429100036621,7.694742918014526
N#Cc1ccc(CN2CCN(CCCc3cccc(I)c3)CC2)cc1,5.832501411437988,6.552346706390381,6.192424058914185
CCc1c(OCCCNCC2CCc3ccc(O)cc3O2)ccc2cccnc12,8.707021713256836,8.28876781463623,8.497894763946533
Fc1ccc(OCCCNCC2CCc3ccc(-c4ccccc4)cc3O2)cc1,7.948861122131348,8.09379768371582,8.021329402923584
O=C1N(CCN2CCCCC2)CCN1c1cccc(Cl)c1,8.017598152160645,7.75933027267456,7.8884642124176025
Oc1[nH]cc2cc(F)c(OCCCN3CCN(c4cccc5ccccc45)CC3)cc12,8.03945541381836,8.071406364440918,8.055430889129639
Oc1c2c(C3CCN(CCC4CCCC4)CC3)ccc(F)c2[nH]1,,,
COc1ccccc1N1CCN(CCCCCNC(=O)c2cccc3cc[nH]c23)CC1,7.985975742340088,7.685269355773926,7.835622549057007
CN1CCN(c2nccc3ccc(OCCF)cc23)CC1,6.605845928192139,5.467596530914307,6.036721229553223
CN1CCN(C2=Cc3ccccc3Nc3ccccc32)CC1,7.372403621673584,6.933438301086426,7.152920961380005
N#Cc1ccccc1N1CCN(CCCCNC(=O)c2cc3ccccc3s2)CC1,7.457114219665527,8.760149955749512,8.10863208770752
Oc1ccc2c(CCCCN3CCN(c4ccccc4F)CC3)c[nH]c2n1,8.450058937072754,7.956293106079102,8.203176021575928
CN1CCc2ccccc2Cc2[nH]c3ccccc3c2CC1,7.513744354248047,6.8366007804870605,7.175172567367554
CN1CCN(C2Cn3cccc3Sc3ccc(F)cc32)CC1,8.455343246459961,8.19658088684082,8.32596206665039
O=C1N(CCN2CCC(CCCN3CCN(c4cccc(Cl)c4Cl)CC3)CC2)CCN1c1ccccc1I,7.574356079101562,7.81682014465332,7.695588111877441
COCCN(CCN1CCN(c2nc3ccccc3s2)CC1)C1CCc2ccc(O)cc2C1,7.321182727813721,8.299444198608398,7.81031346321106
CN1CCCC1Cn1ncc2ccc(C(=O)CCCN3CCN(c4cccc(C#N)c4)CC3)cc21,6.752384662628174,7.562584400177002,7.157484531402588
O=C1N(CCN2CCC3(CCc4ccccc4Cc4cc(F)ccc43)CC2)CCN1c1ccccc1,6.783171653747559,7.041508674621582,6.91234016418457
O=C1N(CCN2CCC(C(=O)c3ccc(CF)cc3)CC2)CCN1c1ccccc1OC(F)(F)F,7.44304084777832,7.810013771057129,7.626527309417725
Oc1ccc2[nH]cc(CCCCN3CC=C(c4ccccc4)CC3)c2c1,8.44819450378418,8.916884422302246,8.682539463043213
CCNc1cccc(CN2CCc3[nH]c4ccc(Cl)cc4c3CC2)n1,7.325549602508545,6.42406702041626,6.874808311462402
CCCN(CCC1CCC(NS(=O)(=O)c2ccc(Cl)cc2Cl)CC1)C1CCc2nc(N)sc2C1,7.5082268714904785,9.34483528137207,8.426531076431274
COc1ccccc1N1CCN(CCCCc2ccc3c(C#N)csc3c2)CC1,8.149762153625488,7.996753692626953,8.07325792312622
N#Cc1cccc(NCCCN2CCN(c3cccc(Cl)c3Cl)CC2)c1,7.886023998260498,7.094675064086914,7.490349531173706
CCCN(CCN1CCN(c2cccc3c2CCCN3)CC1)C1CCc2ccc(O)cc2C1,7.508469104766846,8.418079376220703,7.963274240493774
Oc1[nH]cc2ccc(OCCCCN3CCN(c4cccc5ccccc45)CC3)cc12,8.267786979675293,8.365196228027344,8.316491603851318
COc1cc(NC(=O)C2Cc3ccc(OCCN4CCN(c5cccc(C)c5Cl)CC4)cc3CN2)cc(F)c1,6.535891532897949,7.21545934677124,6.875675439834595
OC1C2CCC1CC(OCCCCCCCNC(=O)COCCF)C2,5.777933597564697,4.394513130187988,5.086223363876343
Oc1[nH]cc2ccc(OCCCN3CCN(c4cccc5cccc(F)c45)CC3)c(F)c12,8.132925987243652,7.728168487548828,7.93054723739624
Oc1[nH]cc2cc(F)c(OCCCN3CCN(c4cccc5ccc(F)cc45)CC3)cc12,8.179012298583984,7.826079368591309,8.002545833587646
O=C(NCCCCN1CCN(c2cccc(Cl)c2Cl)CC1)c1cccc2c1ccc1Cl,,,
CCCN(CCN1CCN(c2ccc(-c3ccccn3)cc2)CC1)C1CCc2c(O)cccc2C1,6.974957466125488,8.533710479736328,7.754333972930908
O=C1N(CCCN2CCN(c3cccc(Cl)c3Cl)CC2)CCN1c1cccc(Cl)c1,7.221663475036621,7.5409698486328125,7.381316661834717
CCN1CCCCC1CNS(=O)(=O)c1cccc(C#N)c1,6.780547142028809,8.337812423706055,7.559179782867432
Oc1cccc(N2CCN(CCCCOc3ccc4ccccc4c3)CC2)c1,7.906180381774902,8.61361026763916,8.259895324707031
CCCN(CCN1CCN(c2ccnc3cc(OC)ccc23)CC1)C1CCc2ccc(O)cc2C1,7.472228527069092,8.297680854797363,7.8849546909332275
Cc1cc(F)ccc1N1CCN(CCCCNC(=O)c2ccc3ccccc3c2)CC1,6.575136184692383,8.113819122314453,7.344477653503418
O=C(NC1CCc2cc(CCN3CCN(c4nsc5ccccc45)CC3)ccc21)C1CC1,7.219380378723144,6.914272308349609,7.066826343536377
CC(C)c1nc(CNCC2CC(N3CCN(c4cccc(Cl)c4Cl)CC3)C2)c[nH]1,6.882960796356201,6.995853424072266,6.939407110214233
CCc1nc(CC)c(CC)c(CCCN)c1CI,7.622596740722656,6.635577201843262,7.129086971282959
CCN(CCCCCCN1CCN(c2cccc3ccc(O)cc23)CC1)C1Cc2ccccc2C1,7.977917671203613,8.17304801940918,8.075482845306396
CCN(CCN1CCN(c2ccccc2)CC1)C1CCc2c(O)cccc2C1,7.458319187164307,7.693376541137695,7.575847864151001
Oc1[nH]cc2ccc(OCCCN3CCN(c4cccc5cccc(F)c45)CC3)cc12,8.2858247756958,7.846155166625977,8.065989971160889
Oc1[nH]c2ccc(Cl)cc2c1CCCCN1CC=C(c2cccc3ccccc23)CC1,7.783739566802978,8.223546981811523,8.003643274307251
CN1CCN(C2Cn3cccc3Sc3ccc(F)cc32)CC1,8.455343246459961,8.19658088684082,8.32596206665039
CN1CCN(C2Cc3ccccc3Sc3ccc(Br)cc32)CC1,9.328142166137695,8.885320663452148,9.106731414794922
CCCN(CCN1CN=C(c2ccc(F)cc2)c2ccc3ccccc3c21)C1CCc2c(O)cccc2C1,7.134737491607666,8.163629531860352,7.649183511734009
CCN(CCN1CCN(c2nc3ccccc3n2CCc2ccc(F)cc2)CC1)C1CCc2ccc(F)cc2C1,6.650816917419434,6.914600849151611,6.7827088832855225
O=C1NC2CNCCN2c2cccc(C(F)(F)F)c21,5.680392265319824,6.092094898223877,5.886243581771851
Oc1ccc2[nH]cc(CCCCN3CC=C(c4ccccc4)CC3)c2c1,8.44819450378418,8.916884422302246,8.682539463043213
Clc1ccc(N2CCN(CCCCCNc3cccc4ccccc34)CC2)cc1Cl,7.357925891876221,6.975709915161133,7.166817903518677
O=C(NCCCCN1CCN(c2cccc(Cl)c2Cl)CC1)c1cc2ccccc2[nH]1,7.3425798416137695,9.33303451538086,8.337807178497314
O=C1N(CCN2CCC(C(=O)c3ccc(Cl)cc3)CC2)CCN1c1cccc2ncccc12,6.84921932220459,6.900627613067627,6.874923467636108
c1ccc(N2CCN(CCCCOc3ccc4c(c3)CNCC4)CC2)cc1,6.718044281005859,7.560966491699219,7.139505386352539
N#Cc1cnc(N2CCN(CCCCNC(=O)c3ccc(I)cc3F)CC2)cc1N,6.860496044158936,7.940864562988281,7.400680303573608
Oc1[nH]c2ccc(OCCCN3CCN(c4cccc5cccc(C(F)(F)F)c45)CC3)cc2c1C1CCN(CC2CC2)C1,7.5339035987854,7.654132843017578,7.594018220901489
CSc1cccc(CCN2CCN(c3cccc4nc(C(=O)NCCCCCCCN(C)Cc5ccccc5)ccc34)CC2)c1,6.409914970397949,7.058416366577148,6.734165668487549
CCc1ccc(S(=O)(=O)NCCCN2CCN(c3cccc(Cl)c3Cl)CC2)cc1,7.303741931915283,7.164305210113525,7.234023571014404
CCc1ccc2c(c1)C(N1CCN(CCCN3CCN(c4ccccc4Cl)CC3)CC1)CC2,6.773806095123291,5.946374416351318,6.360090255737305
CCCN(CCC1CCC(NC(=O)c2ccccc2F)CC1)C1CCc2c(O)cccc2C1,7.83936595916748,8.458211898803711,8.148788928985596
CCCc1cccc(CCN2CCN(c3cccc(Cl)c3Cl)CC2)n1,7.404796600341797,6.52935266494751,6.967074632644653
CCN1CCCC1CNC(=O)c1c(O)c(I)cc(I)c1OCC1CCC(C)CC1,7.70560884475708,8.871800422668457,8.288704633712769
Oc1[nH]cc2ccc(OCCCN3CCN(c4cccc5cc(F)ccc45)CC3)cc12,8.429683685302734,8.158105850219727,8.29389476776123
Oc1ccc2c(OCCNCCCc3ccccc3)cccc2[nH]1,,,
CN(C)C1CCc2cc(F)c3c(c2)C(c2ccc(Cl)cc2)CCC3)CC1,,,
COc1ccccc1N1CCN(CCCCNC(=O)c2ccc(OCCN3CCCCC3)cc2)CC1,7.446322441101074,8.10915756225586,7.777740001678467
CCCN(CCN1CCN(c2ccccc2)CC1)C1CCc2c(O)cccc2C1,7.368458271026611,8.235482215881348,7.8019702434539795
CN1CCCCC1CNC(=O)c1ccc(-c2coc3ccc(OCC(F)(F)F)cc3c2=O)cc1,5.71138858795166,6.862509727478027,6.286949157714844
COc1cccc(C(=O)NCCCCN2CCN(c3ccccc3OC)CC2)c1,7.019886016845703,8.479230880737305,7.749558448791504
CN1CCCCC1CCN1CCN(c2cccc(Cl)c2Cl)CC1,7.131308078765869,7.566864490509033,7.349086284637451
COc1cc(NCCN2CCC3(CCc4cc(F)ccc4O3)CC2)cc(C)c1OCCN1CCOCC1,6.81520938873291,6.865167617797852,6.840188503265381
Oc1[nH]cc2ccc(OCCCN3CCN(c4cccc5cccc(F)c45)CC3)cc12,8.2858247756958,7.846155166625977,8.065989971160889
Oc1ccc2c(c1)OC(CNCCN1CCN(c3cccc(Cl)c3Cl)CC1)CC2,9.362061500549316,8.549615859985352,8.955838680267334
COc1cccc(OC)c1CNCC1C2CCc3ccc(O)cc3CC1CCc1cccc(c1)C2,7.072289943695068,7.545146942138672,7.30871844291687
COc1ccc2c(c1)CCCC2CCCN1CCN(c2ccc(Cl)cc2Cl)CC1,6.842429161071777,7.381176948547363,7.11180305480957
Oc1ccc2[nH]cc(CCCN3CC=C(c4ccccc4)CC3)c2c1,8.563096046447754,8.061641693115234,8.312368869781494
OC1(c2ccc(F)cc2)CCN(CCCCOc2ccc3c(c2)NCCC3)CC1,7.170075416564941,6.905622005462647,7.037848711013794
CCN1CCCC(n2cc(OCCCCN3CCC(c4cccc(C(F)(F)F)c4)CC3)c3ccccc32)C1,6.87803316116333,6.291012763977051,6.58452296257019
Cc1c(-c2ccc3c(c2)CCN(CCCSc2nnc(-c4ccc(Cl)cc4)n2C)CC3)noc1C,6.415611267089844,8.440512657165527,7.4280619621276855
CCCN(CCN1CCN(c2cccc(Cl)c2Cl)CC1)C1CCc2c(O)cccc2C1,7.985079765319824,8.79438304901123,8.389731407165527
Ic1ccc(N2CCN(CCC3CCC(NCCc4ccccc4F)CC3)CC2)cc1,6.569094181060791,6.499711990356445,6.534403085708618
O=C(NC1CCN(Cc2ccc(OCCCCN3CCC(c4ccccc4)CC3)cc2)C1)C1CC1,6.164986610412598,6.923868179321289,6.544427394866943
O=C(NCCCCN1CCN(c2ccc(Cl)c(Cl)c2)CC1)c1c[nH]c2ccccc12,6.66392993927002,8.2161283493042,7.440029144287109
Oc1[nH]cc2cc(F)c(OCCCN3CCN(c4cccc5cccc(F)c45)CC3)cc12,8.04649829864502,7.654065132141113,7.850281715393066
COc1ccccc1N1CCN(CCCCNC(=O)c2ccc(OCCI)cc2)CC1,7.30393123626709,8.607536315917969,7.955733776092529
CN1CCc2ccccc2Cc2cc(O)c(O)cc2CC1,7.622157573699951,7.011257171630859,7.316707372665405
N#CC(=Cc1ccc(N2CCN(c3ccc(F)cc3)CC2)cc1)CC1CCN(CCCCc2c[nH]c3ccccc23)CC1,6.695261955261231,6.869867324829102,6.782564640045166
Oc1[nH]cc2ccc(OCCCN3CCN(c4cccc5ccccc45)CC3)cc12,8.251432418823242,8.164287567138672,8.207859992980957
Oc1[nH]cc2cc(Cl)c(OCCCN3CCN(c4cccc5cccc(F)c45)CC3)cc12,7.86603307723999,7.838649749755859,7.852341413497925
CN1CCN(C2Cn3cccc3Sc3ccc(Cl)cc32)CC1,8.645715713500977,8.372458457946777,8.509087085723877
COc1ccccc1N1CCN(CCCCCNC(=O)c2cc3cccnc3[nH]2)CC1,7.524890899658203,7.961923599243164,7.743407249450684
CCCN(CCN1CCN(c2cccc3c2CCO3)CC1)C1CCc2c(O)cccc2C1,7.822169303894043,8.888333320617676,8.35525131225586
CN1CCN(CCCN2c3ccccc3Sc3ccc(Cl)cc32)CC1,7.559834003448486,7.69283390045166,7.626333951950073
COc1ccccc1N1CCN(CCCCNC(=O)CCc2ccccc2)CC1,7.30123233795166,7.5285797119140625,7.414906024932861
N#Cc1ccccc1N1CCN(CCCCNC(=O)c2ccc3c(c2)Cc2cccc4cccnc24)CC1,,,
CCCN(CCN1CCN(c2ccc(Cl)cc2Cl)CC1)C1CCc2c(O)cccc2C1,7.537049293518066,8.548944473266602,8.042996883392334
CCNCN1CCCC2Cc3ccccc3CC21,6.084227085113525,6.55696964263916,6.320598363876343
CCN(CCCCCCN1CCN(c2ccccc2)CC1)CC1Cc2ccccc2C1,5.97705602645874,6.030579090118408,6.003817558288574
NCCN1CCN(c2cccc(CCCN3CCN(c4cccc(Cl)c4Cl)CC3)c2)CC1,7.014052391052246,6.843747138977051,6.928899765014648
CCN(CC)C(=O)NCCCCCCCN1CCN(c2ccccc2OC)CC1,7.427566528320312,7.136341094970703,7.281953811645508
Oc1cc(CCNCC2CCc3ccc(OCCCCN4CCc5ccc(F)cc5C4)cc3C2)cc2c1OCCCN2,7.228897094726562,7.821220874786377,7.52505898475647
CCCN(CCC1CCC(NC(=O)c2cccc3ccccc23)CC1)C1CCc2nc(N)sc2C1,6.954048156738281,8.542572021484375,7.748310089111328
CCN1CCCC1CNC(=O)c1cc(I)c2ccc(OC)cc2n1,6.614327430725098,8.193031311035156,7.403679370880127
CN1CCN(CCCN2c3ccccc3Sc3ccc(Cl)c(Cl)c32)CC1,6.956630706787109,7.532511711120605,7.244571208953857
Oc1[nH]cc2ccc(OCCCN3CCN(c4cccc(Cl)c4Cl)CC3)cc12,8.195241928100586,8.543686866760254,8.36946439743042
O=C1C2CCCN2C(=O)N1CCCCNCC1CCc2ccccc2O1,7.9306182861328125,7.527356147766113,7.728987216949463
C(=NN1CCN(c2ccccc2Cl)CC1)c1c[nH]c2ncccc12,6.783534526824951,5.969218254089356,6.376376390457153
N#Cc1ccc2[nH]c(CN3CCN(c4ccc(F)cc4F)CC3)cc2c1,6.683781147003174,5.475650310516357,6.079715728759766
Oc1[nH]c2ccc(F)cc2c1CCCCN1CCN(c2cccc(Cl)c2Cl)CC1,8.116788864135742,7.959244728088379,8.03801679611206
NC(=O)Nc1cccc(CCN2CCN(c3cccc4c3OCCO4)CC2)c1,8.087004661560059,6.688141345977783,7.387573003768921
O=C(NCC1CCC(CCN2CCN(c3cccc(Cl)c3Cl)CC2)CC1)c1cc2ccc3ccccc3c2[nH]1,6.73630428314209,8.451410293579102,7.593857288360596
Oc1cc2c(OCCNCCN3CCN(c4cccc5cccc(F)c45)CC3)cccc2[nH]1,8.370353698730469,7.6455078125,8.007930755615234
Oc1ccc2[nH]cc(CCCCN3CC=C(c4ccccc4)CC3)c2c1,8.44819450378418,8.916884422302246,8.682539463043213
N#Cc1ccccc1CN1CCN(CCCNc2cc(-c3ccccc3)ccn2)CC1,6.587740898132324,6.459216594696045,6.523478746414185
CN1CCN(CCCN2c3ccccc3Sc3ccc(F)cc32)CC1,7.481771945953369,7.4421186447143555,7.461945295333862
O=C(NCCN1CCN(C2CCc3ccccc3C2)CC1)c1cccc2c1-c1ccccc1C2=O,6.742641448974609,6.215910911560059,6.479276180267334
CC1N=C(N)Nc2cc(Cl)cc(OCCCN3CCN(c4cccc(C(F)(F)F)c4)CC3)c21,6.493137836456299,7.649021148681641,7.07107949256897
OC1(c2ccc(Br)cc2)CC2CCC(C1)N2Cc1coc2ccccc12,8.125388145446777,8.381101608276367,8.253244876861572
Oc1ccc2[nH]cc(CCCCN3CC=C(c4ccccc4)CC3)c2c1,8.44819450378418,8.916884422302246,8.682539463043213
O=C(NC1CCC(CCN2CCN(c3cccc(Cl)c3Cl)CC2)CC1)c1cccs1,8.053605079650879,8.922005653381348,8.487805366516113
CCN(CC)CCc1ccsc1CCc1c[nH]c2ccc(O)cc12,7.6184587478637695,6.926445007324219,7.272451877593994
CC(C)NCC(O)COc1ccccc1I,4.774838447570801,4.9681243896484375,4.871481418609619
Oc1[nH]c2ccc(F)cc2c1CCCCCCN1CCN(c2cccc3c(F)cccc23)CC1,8.12677001953125,7.505853176116943,7.816311597824097
CCN1CCN(c2cccc3cc(Cl)ccc23)CC1,8.28881549835205,7.162478923797607,7.725647211074829
COc1ccccc1N1CCN(CCCCNC(=O)c2cc3ccccc3s2)CC1,7.43854284286499,9.065712928771973,8.252127885818481
CCCN(CCN1C2CCC1c1ccc(O)cc1-2)C1CCc2c(O)cccc2C1,6.556142330169678,9.319775581359863,7.9379589557647705
CCN1CCN2CCc3ccc(OC)cc3CC2C1,6.037153720855713,6.180989265441895,6.109071493148804
CCCN1CCCCCC1Cc1c(O)ccc2ccc(O)cc12,7.081411838531494,7.560205459594727,7.32080864906311
O=C1NCN(c2ccccc2)C1CCc1ccccc1,7.358215808868408,6.420732021331787,6.889473915100098
O=C1N(CCN2CCC(C(F)(F)F)CC2)CCN1c1cccc(I)c1,7.635980129241943,8.693615913391113,8.164798021316528
Oc1[nH]cc2ccc(OCCCCN3CCN(c4cccc5cccc(F)c45)CC3)cc12,8.384242057800293,8.055950164794922,8.220096111297607
O=C1N(CCN2CCC(CCN3CCN(c4cccc(Cl)c4Cl)CC3)CC2)C1c1ccc(F)cc1,7.151910305023193,7.9697113037109375,7.560810804367065
Cc1cc(Cl)cc(C(=O)NCCCCN2CCN(c3cccc(Cl)c3Cl)CC2)c1,7.192116737365723,8.54443645477295,7.868276596069336
OCCN1CCN(CCCCN2c3ccccc3CCc3ccc(Cl)cc32)CC1,6.5732197761535645,7.238980293273926,6.906100034713745
Oc1[nH]cc2cc(F)c(OCCCCN3CCN(c4cccc5ccccc45)CC3)c(F)c12,8.035656929016113,8.126914024353027,8.08128547668457
O=C1CCc2ccc(OCCCCN3CCN(c4cccc5cccc(F)c45)CC3)nc2N1,8.669334411621094,7.364121913909912,8.016728162765503
CNC(=O)c1ccc(F)cc1OCCCN1CCN(c2cccc3[nH]c(C(F)(F)F)cc23)CC1,7.911726951599121,8.117776870727539,8.01475191116333
O=C(CCCN1CCN(c2ccccc2Cl)CC1)c1cccc2ccccc12,7.270135879516602,7.494793891906738,7.38246488571167
N#Cc1cnc(CCCCCN2CCN(c3ccccc3)CC2)cc1CCc1ccccc1,6.266870498657227,6.914401054382324,6.590635776519775
O=C(NCCCCN1CCN(c2cccc(Cl)c2Cl)CC1)c1ccc2c(c1)Cc1ccccc1-2,6.951083183288574,8.749909400939941,7.850496292114258
CCN(CCN1CCN(c2ccccc2OC)CC1)c1ccc(Cl)c(Cl)c1,7.281644821166992,6.8074493408203125,7.044547080993652
Cc1ccc(F)cc1CCCN1CCN(c2ccccc2C2CCN(c3ccccc3)C2)CC1,7.219080924987793,6.302140712738037,6.760610818862915
CCCN(CCN1CCN(c2cccc3ccoc23)CC1)C1CCc2ccc(O)cc2C1,8.003236770629883,8.87026596069336,8.436751365661621
CCCN1CCCC2Cc3ccc(C(=O)NCCCCCCCN4CCN(c5cccc(C#N)c5Cl)CC4)cc3CC2)C1,,,
O=C1N(CCN2CC=CC3(c4cccc(C(F)(F)F)c4)CCC3)CCN12,7.1871185302734375,8.337535858154297,7.762327194213867
N#Cc1cccc(N2CCN(CCCCNC(=O)c3ccc(C#N)c(CC4CCC3)CC2)c1,,,
CCN(CCCCN1CCN(c2ccccc2)CC1)c1cccc(O)c1,7.6620049476623535,8.093640327453613,7.877822637557983
CN1Cc2ccccc2CC1CNCCc1ccc(Br)s1,6.811537742614746,6.924799919128418,6.868168830871582
O=C1c2cccc3ccc(O)cc2N1CCN1CCN(c2ccccc2F)CC1,,,
NCCc1c[nH]c2ccc(OCCCCN3CCN(c4cccc(Cl)c4Cl)CC3)cc12,7.717311382293701,8.023090362548828,7.870200872421265
N#Cc1cc(NCCCN2CCN(c3cccc(Cl)c3)CC2)nc2ccccc12,7.003268241882324,6.270327091217041,6.636797666549683
Oc1[nH]cc2ccc(OCCCCN3CCN(c4cccc5ccccc45)CC3)cc12,8.267786979675293,8.365196228027344,8.316491603851318
CCN1CCN(c2ccc(O)cc2Br)CC1,7.666324615478516,7.658540725708008,7.662432670593262
CCCCN1CN(c2cccc(C(F)(F)F)c2)CC1,6.3440141677856445,7.135387420654297,6.739700794219971
CCCN(Cc1csc(CCCN2CCN(c3ccccc3)CC2)n1)C1CCc2ccc(O)cc2C1,6.97834587097168,7.823294639587402,7.400820255279541
COc1cccc2c1CCC1CN(CCCCN1CCN(c3ccccc3OC)CC1)C2=O,,,
CCCN(CCN1CCN(c2ccccc2O)CC1)C1CCc2c(O)cccc2C1,7.960699081420898,9.054028511047363,8.50736379623413
Oc1[nH]cc2c(F)c(OCCCN3CCN(c4cccc5c(F)cc(F)cc45)CC3)ccc12,8.088459968566895,7.727328300476074,7.907894134521484
CCCN(CCN1CCN(c2ccc3ccccc3c2)CC1)C1CCc2c(O)cccc2C1,7.459298133850098,8.586525917053223,8.02291202545166
CCCN(CCN1CCN(c2ccccc2OC)CC1)C1CCc2ccc(O)cc2C1,7.815720081329346,8.517810821533203,8.166765451431274
COc1cccc(CCCNCCOc2cccc3[nH]ccc23)c1,7.310919284820557,7.313058853149414,7.311989068984985
CCCN(CCN1CCN(c2cccc3nc(-c4ccc(C(F)(F)F)cc4)ccc23)CC1)C1CCc2ccc(O)cc2C1,7.64149284362793,8.18316650390625,7.91232967376709
O=C(NCC=CCN1CCN(c2cccc(Cl)c2Cl)CC1)c1cccc2c1-c1ccccc1C2=O,6.881508827209473,8.276203155517578,7.578855991363525
CCCN(CCN1CCN(c2ccc(-c3ccccc3)cc2)C1=O)C1CCc2c(ccc(O)c2Cl)CC1,7.536057949066162,8.2763090133667,7.906183481216431
CN1CCN(C2=Cc3ccccc3Cc3ccsc32)CC1,7.730364799499512,7.389640808105469,7.56000280380249
CCN(CCCCN1CCN(c2cccc(Cl)c2Cl)CC1)C1CCc2ccc(O)cc2C1,8.000225067138672,8.985021591186523,8.492623329162598
Oc1ccc2[nH]cc(CCCCN3CCN(c4cccc5ccccc45)CC3)c2c1,8.49316692352295,8.180514335632324,8.336840629577637
CN1CCC(c2ccccc2)CC2c3cccc4[nH]cc(c34)CC21,7.113141536712647,6.654824733734131,6.883983135223389
Oc1[nH]c2ccc(F)cc2c1CCCCN1CC=C((c2ccccc2)CC1,,,
Oc1nc2c(OCCNCc3ccccc3)ccc(Cl)c2[nH]1,8.640350341796875,7.833977699279785,8.23716402053833
Oc1ccc2c(c1)OC(CNCCCCc1ccccc1)CC2,9.282846450805664,8.088218688964844,8.685532569885254
CN1CCN(CCCN2c3ccccc3Sc3ccc(Cl)cc32)CC1,7.559834003448486,7.69283390045166,7.626333951950073
Oc1c2ccccc2n1CCCN1CC=C(c2cccc3ccccc23)CC1,,,
Fc1ccc(OCCCNCC2CCc3ccc(I)cc3O2)cc1,9.546743392944336,8.033876419067383,8.79030990600586
NCC1CC1C(=O)c1ccc(O)c(I)c1,6.874514102935791,8.378771781921387,7.626642942428589
Oc1c2c(Cl)cccc2[nH]1,,,
Oc1[nH]cc2ccc(OCCCN3CCN(c4cccc5cccc(F)c45)CC3)cc12,8.2858247756958,7.846155166625977,8.065989971160889
COc1cc(N)c(Cl)cc1C(=O)NC1CC2CCCCC2C1)C1CCN2CC1,,,
Cc1ccc2c(CCN3CCN(c4nsc5ccccc45)CC3)c[nH]c2c1,7.643770694732666,6.9491472244262695,7.296458959579468
CCN(CCCCCN1CCN(c2cccc(Cl)c2Cl)CC1)C1CCc2ccc(O)cc2C1,8.098258972167969,8.537981033325195,8.318120002746582
CN(C)CCCc1c[nH]c2cccc(OCCCCCN3CCN(c4ccccc4OCc4nc(Cl)ccc4F)CC3)c12,7.2893147468566895,7.5609660148620605,7.425140380859375
CCCN(CCN1CCN(c2cccc3occc23)CC1)C1CCc2ccc(O)cc2C1,7.919233322143555,9.11783504486084,8.518534183502197
N#Cc1ccccc1N1CCN(CCCNC(=O)C2CCC(O)(c3ccccc3)CC2)CC1,6.899059772491455,6.460055828094482,6.679557800292969
CCCN(CCN1CCN(c2ccccc2)CC1)c1ccc(Cl)c(Cl)c1,6.667507171630859,6.357669830322266,6.5125885009765625
CCCN(CCN1CCN(c2cccc(Cl)c2)CC1)C1CCc2c(O)cccc2C1,7.389568328857422,8.714975357055664,8.052271842956543
CCN(CCCCN1CCN(c2ccccc2OC)CC1)C1Cc2ccc(O)cc2C1,8.142600059509277,8.55931568145752,8.350957870483398
O=C(NC1CCc2ccc(CCN3CCN(c4nsc5ccccc45)CC3)cc21)C1CC1,7.392701625823975,6.859647750854492,7.126174688339233
COc1ccc2[nH]ccc2c1CCC1CN(CCCCN2CCCCC3Cc4cc(OC)ccc4CCC32)CC2CCCCC21,6.450383186340332,7.079512596130371,6.764947891235352
CCN(CCCCN1CCN(c2cccc3ccoc23)CC1)C1CCc2ccc(O)cc2C1,8.318193435668945,8.930176734924316,8.62418508529663
CN1CCN(C2Cn3cccc3Sc3ccc(F)cc32)CC1,8.455343246459961,8.19658088684082,8.32596206665039
COc1ccccc1N1CCN(CCNCC2CCc3ccccc3O2)CC1,8.689059257507324,7.24919319152832,7.969126224517822
Oc1ccc2c(c1)OC(CNCCCN1CCN(c3cccc(Cl)c3Cl)CC1)CC2,9.14795970916748,8.325576782226562,8.736768245697021
CCCN(CCN1CCN(c2cccc3c2Cc2ccccc2-3)CC1)C1CCc2cccnc2C1,7.151405334472656,7.756317138671875,7.453861236572266
Cc1ccc2c(N3CCN(CCc4cccc(-c5ccccc5)c4)CC3)cccc2n1,7.434859752655029,7.006354808807373,7.220607280731201
CCCN(CCN1CCN(c2cccc(F)c2)CC1)C1CCc2ccc(O)cc2C1,7.115623950958252,8.555462837219238,7.835543394088745
CCCN(CCN1CCN(c2cccc3c2OCCCO3)CC1)C1CCc2ccc(O)cc2C1,8.271718978881836,8.31121826171875,8.291468620300293
O=C(CCCCN1C2CCC1c1c([nH]c3ccc(Cl)cc13)C2)c1ccsc1,6.670150279998779,8.067241668701172,7.368695974349976
O=C(Cc1cccc2ccccc12)NCCCCN1CCN(c2ccc(Cl)cc2Cl)CC1,6.600430965423584,7.325577735900879,6.9630043506622314
O=C(NCCCCN1CCN(c2cccc(Cl)c2Cl)CC1)c1ccc(I)cc1,7.461658000946045,8.996889114379883,8.229273557662964
N#Cc1ccccc1N1CCN(CCCNC(=O)c2cccc3ccccc23)CC1,6.811506271362305,6.760669708251953,6.786087989807129
OC1(c2ccc(F)c(F)c2)C2CCC(CCN3CCN(c4cccc(Cl)c4Cl)CC3)CC2)CC1,,,
CCOc1ccccc1N1CCN(CCCNC(=O)c2cc3ccccc3o2)CC1,6.394926071166992,7.506287574768066,6.950606822967529
Oc1[nH]c2ccccc2c1CCCCN1CCN(c2cccc3cc(F)ccc23)CC1,7.993699073791504,8.064167022705078,8.028933048248291
CCCN(CCC1CCC(NC(=O)c2cccc(CC)c2)CC1)C1CCc2c(O)cccc2C1,7.827465057373047,8.283883094787598,8.055674076080322
Cc1cc2c(cc1Cl)N(C(=O)Nc1ccc(F)cc1)CCO2,7.215992450714111,5.088938236236572,6.152465343475342
N#Cc1cccc2c1CCCN2CCN1CCN(c2cccc(Cl)c2Cl)CC1,7.600238800048828,6.914680480957031,7.25745964050293
CCCN(CCN1CCN(c2ccccc2)CC1)C1CNc2ccc(O)cc2C1,6.885097503662109,7.652691841125488,7.268894672393799
CCCN(CCN1CCN(c2cccc3c2OCCCO3)CC1)C1CCc2ccc(O)cc2C1,8.271718978881836,8.31121826171875,8.291468620300293
Oc1[nH]cc2ccc(OCCCCN3CCN(c4cccc5cccc(F)c45)CC3)cc12,8.384242057800293,8.055950164794922,8.220096111297607
O=C(NCCCCN1CCN(c2cccc(Cl)c2Cl)CC1)c1ccc2nc(I)ccc2c1,7.413911819458008,9.008068084716797,8.210989952087402
O=C(NCCCCN1CCN(c2cccc(Cl)c2Cl)CC1)c1cc2ccccc2[nH]1,7.3425798416137695,9.33303451538086,8.337807178497314
N#Cc1ccc2[nH]c(CN3CCC4(CC3)OCCc3cc(C(F)(F)F)ccc34)nc2c1,6.500861644744873,5.83372688293457,6.167294263839722
CN1CCN(C2Cc3ccccc3Sc3ccc(Br)cc32)CC1,9.328142166137695,8.885320663452148,9.106731414794922
c1ccc(N2CCN(CCCCCCCCN3CCN(c4cccc5ccccc45)CC3)CC2)cc1,7.549313545227051,7.082945346832275,7.316129446029663
CCN1CCC2c3ccccc3Cc3ccc(O)cc3CC2C1,7.416504383087158,6.629452228546143,7.02297830581665
CC1CN(C2CCN(CCCOc3ccc(-c4nc5ccccc5[nH]4)cc3)CC2)CCN1,5.521953105926514,6.03746509552002,5.779709100723267
Oc1[nH]cc2cc(F)c(OCCCCN3CCN(c4cccc5ccc(F)cc45)CC3)cc12,8.327508926391602,8.12650203704834,8.22700548171997
COc1ccccc1N1CCN(CCCCNC(=O)c2ccc(-c3ccc(CCCCN(C)C)cc3)cc2)CC1,6.861163139343262,8.502058029174805,7.681610584259033
CN1CC2CCCCN2CCC1CN1CCC2(c3ccccc3I)c3cccc(Cl)c3CCC21,7.049441337585449,7.15728759765625,7.10336446762085
NCCN1CCN(CCCc2ccc(SCCN3CCN(c4cccc(Cl)c4Cl)CC3)cc2)CC1,6.780026435852051,6.746749877929688,6.763388156890869
Oc1[nH]cc2ccc(OCCCN3CCN(c4cccc5cccc(Cl)c45)CC3)cc12,8.160287857055664,7.99403190612793,8.077159881591797
COc1cccc(C(=O)NCCCN2CCN(c3cccc(Cl)c3Cl)CC2)c1,6.462676525115967,7.537460327148437,7.000068426132202
CCCN(CCN1CCN(c2ccccc2)CC1)C1CCc2ccc(O)cc2C1,7.061977386474609,8.358572006225586,7.710274696350098
O=C(NC1CCc2ccc(CCCN3CCN(c4cccc(Cl)c4Cl)CC3)cc21)C1CC1,7.383774280548096,7.031163215637207,7.207468748092651
CCCNc1ccccc1C1CCCCN1CCCCc1ccccc1,6.822591304779053,6.624820232391357,6.723705768585205
Cc1ccc(C2CCN(CCCCSc3[nH]c(-c4ccc5ccccc5n4)nc3C)CC2)cc1,6.675507068634033,7.266122817993164,6.970814943313599
Oc1nc2cccc3c2[nH]1CCCCN1CCN(c2ccccc2F)CC1,,,
COc1ccccc1N1CCN(CCCCNC(=O)c2cc3ccccc3[nH]2)CC1,7.458228588104248,9.089479446411133,8.27385401725769
Oc1[nH]c2ccc(F)cc2c1CCCCN1CCN(c2cccc(Cl)c2Cl)CC1,8.116788864135742,7.959244728088379,8.03801679611206
O=C(OCCCF)C1CCCN1CCN1CCN(c2ccc(F)cc2Cl)CC1,6.650931358337402,7.499114990234375,7.075023174285889
N#Cc1cnc2ccc(OCCCCN3CCN(c4cccc5cccc(F)c45)CC3)cc2c1,7.845177173614502,7.593112945556641,7.719145059585571
O=C(CCCN1CCC2C(C1)c1cccc3c1N2CCCS3)c1ccc(F)cc1,8.118741989135742,7.053964614868164,7.586353302001953
O=C(NCC=CCN1CCN(c2cccc(Cl)c2Cl)CC1)c1ccccc1F,7.680225372314453,8.351875305175781,8.016050338745117
N#Cc1cc(CN2CCC(CN3CC=C(c4ccc(F)cc4)CC3)CC2)ccc1F,5.612204551696777,7.078070640563965,6.345137596130371
Oc1[nH]cc2ccc(OCCCCN3CCN(c4cccc5cccc(F)c45)CC3)cc12,8.384243965148926,8.055950164794922,8.220097064971924
Cc1ccc2c(N3CCN(CCc4cccc5c4CCC(=O)N5)CC3)cccc2n1,7.898829460144043,6.991372585296631,7.445101022720337
O=C(NCCCCN1CCN(c2cccc(Cl)c2Cl)CC1)c1ccccc1Cc1ccccc1,7.050224304199219,7.903861045837402,7.4770426750183105
CCN(CCNCC1CCC(c2ccc(F)cc2)CC1)C1CCc2nc(O)ccc2C1,6.957118034362793,7.702753067016602,7.329935550689697
N#Cc1ccc2[nH]c(O)c(CCCN3CCN(c4cccc5noc(C(N)=O)c45)CC3)c2c1,7.437088489532471,6.997376441955566,7.2172324657440186
CCCN(CCN1CCN(c2ccccc2)CC1)C1CCc2c(O)cccc2C1,7.368458271026611,8.235482215881348,7.8019702434539795
CCN1CCCCC1CNC(=O)c1ccc(CCCF)cc1,6.734563827514648,7.642661094665527,7.188612461090088
O=C1CCc2cccc(OCCCCN3CCN(c4cccc5cccc(F)c45)CC3)n2N1,,,
CN1CCN(c2cccc(CN3CCN(c4cccc5ccccc45)CC3)c2)CC1,7.661808967590332,7.192506790161133,7.427157878875732
O=C(NCC=CCN1CCN(c2cccc(Cl)c2Cl)CC1)c1ccc(CN2CCN(c3cccc4ccccc34)CC2)cc1,7.596569061279297,8.666921615600586,8.131745338439941
C1=C(c2ccc3cc(OCCCN4CCN(c5cccc(Cl)c5)CC4)ccc3n2)CC1,6.922227382659912,8.246325492858887,7.584276437759399
Cc1cccc(N2CCN(CCCCNC(=O)Cc3ccc(F)cc3)CC2)c1C,7.256198406219482,6.926646709442139,7.0914225578308105
Oc1ccc2cccc(OCCCN3CCN(c4cccc5cccnc45)CC3)c2[nH]1,,,
Cc1ncoc1-c1nnc2ccc(OCCCN3CCC4(CC3)CN(c3ccc(F)cc3)CC2)n1C,,,
CN1CCN(C2Cc3ccccc3Sc3ccc(Cl)cc32)CC1,9.140546798706056,8.702610969543457,8.921578884124756
CN1CCN(C2=Cc3ccccc3Cn3cccc32)CC1,6.638490676879883,6.769655704498291,6.704073190689087
Cc1ccc2c(N3CCN(CCc4cccc(-c5cccc(O)c5)c4)CC3)cccc2n1,7.727041244506836,7.338916778564453,7.5329790115356445
COc1ccccc1N1CCN(CCCCc2ccccc2CCc2ccc(F)nc2)CC1,6.837283134460449,7.1788177490234375,7.008050441741943
COc1ccc2[nH]cc(CCN3CCN(c4cccc5c4CCC(F)(F)5)CC3)c2c1,7.500587463378906,6.285123825073242,6.892855644226074
CCCN(CCN1C2CCC1c1cccc(OCCCCCCN3CCN(c4cccc(Cl)c4Cl)CC3)c1)C2)C1CCc2ccccc2C1,,,
CCCN(CCCCN1CCN(c2ccccc2OC)CC1)C1CCc2c(O)cccc2C1,8.41225814819336,8.62702751159668,8.51964282989502
O=C(NCC=CCN1CCN(c2cccc(Cl)c2Cl)CC1)c1ccc(C=Cc2ccccc2F)cc1,7.16268253326416,8.586005210876465,7.8743438720703125
COc1cccc(N2CCN(CCCCCN3CCCc4cccc5ccccc45)CC2)c1,,,
CCCN(CCN1CCN(c2cccc3c2OCCC3)CC1)C1CCc2c2ccc(O)cc2C1,,,
COc1ccc(CCCN2CCN(c3cccc(Cl)c3Cl)CC2)cc1OCCCN1CCN(Cc2ccccc2)CC1,6.624645709991455,7.256662368774414,6.940654039382935
O=C(NCCCN1CCN(c2ccc(Cl)cc2Cl)CC1)c1cc2cc(F)ccc2[nH]1,6.291047096252441,7.222301959991455,6.756674528121948
CN1CCN(C2=Cc3ccccc3Cc3[nH]c(C#N)cc32)CC1,6.451446056365967,6.75579309463501,6.603619575500488
COc1ccccc1N1CCN(CCCCc2ccc3oc(O)cc(C(F)(F)F)c3c2)CC1,,,
Oc1c2ccc(I)cc2[nH]1,,,
Oc1[nH]c2ccccc2c1CCCCN1CCN(c2cccc3cccc(F)c23)CC1,7.839556694030762,7.680821418762207,7.760189056396484
O=C(CCCN1CCN(c2cccc3ccccc23)CC1)c1ccc(F)cc1,8.36580753326416,7.75989294052124,8.0628502368927
CCCN(CCN1CCN(c2cccc3ccccc23)CC1)C1CCc2ccc(O)cc2C1,7.852016448974609,8.869157791137695,8.360587120056152
CCCN(CCN1C2CCC1c1ccc(O)cc1CC2)CC1CCc2cc(O)ccc2C1,6.3279571533203125,9.01961898803711,7.673788070678711
O=C1N(CCN2CCN(c3cccc(Cl)c3Cl)CC2)CCN1c1cccc(Cl)c1,7.528343200683594,7.927173614501953,7.727758407592773
CCCN(CCN1CCN(c2cccc3ccsc23)CC1)C1CCc2ccc(O)cc2C1,8.130158424377441,9.14958953857422,8.63987398147583
Oc1ccc2c(c1)OC(CNCCCN1CCN(c3ccccc3I)CC1)CC2,9.047170639038086,7.989570617675781,8.518370628356934
O=C(CCCN1CCC2(CC1)C(=O)N(C1CCC(N2CCN(c3ccccc3Cl)CC2)CC1)C(=O)c1ccc(F)cc1,,,
CCN1CCN(c2ccc(C#N)c(C3CCCCC3)c2)CC1,7.467570781707764,6.449464797973633,6.958517789840698
COc1ccccc1N1CCN(CCCCc2cccc(OCCCOCCOCCOCCOCCOc3ccccc3OC)c2)CC1,7.202141761779785,7.433775901794434,7.317958831787109
CCCN(CCC1CCC(NC(=O)C=Cc2ccc(-c3cccc(F)c3)cc2)CC1)C1CCc2nc(N)sc2C1,6.781867504119873,8.358448028564453,7.570157766342163
O=C(NCCCCCN1CCN(c2cccc(Cl)c2Cl)CC1)c1cccc2ccccc12,7.214658260345459,7.871074676513672,7.542866468429565
O=C(NC1CCc2cc(CCN3CCN(c4nsc5ccccc45)CC3)ccc21)c1ccc2ccccc2c1,6.867198467254639,6.759230613708496,6.813214540481567
Oc1ccc2c(c1)OC(CNCc1ccccc1)CC2,8.810506820678711,8.251319885253906,8.530913352966309
CN(C)C1CCc2ccccc2CC1,6.933754920959473,7.247433185577393,7.090594053268433
O=C(NCCCCN1CCN(c2cccc(Cl)c2Cl)CC1)c1ccc(F)cc1,7.551733493804932,8.872730255126953,8.212231874465942
NCCCN1CCC(Cc2ccc(C(=O)N3CCC(F)(F)C3)cc2)CC1,4.246665954589844,5.939850807189941,5.093258380889893
CCCN(CCC1CCC(NS(=O)(=O)c2cccc(F)c2)CC1)C1CCc2nc(N)sc2C1,7.381623268127441,8.846807479858398,8.11421537399292
N#Cc1ccc2[nH]c(O)c(CCCN3CCN(c4ccccc4Cl)CC3)c2c1,7.853232383728027,7.404075622558594,7.6286540031433105
Fc1ccc2[nH]cc(CCCNCCc3ccccc3)c2c1,6.582969665527344,6.690584659576416,6.63677716255188
COc1ccccc1N1CCN(CCCCCNC(=O)C=Cc2ccccc2I)CC1,7.923956871032715,8.144935607910156,8.034446239471436
Clc1ccc(N2CCN(CCCCOc3ccc4[nH]c(CCCN5CCN(c6ccccc6)CC5)nc4c3)CC2)cc1,6.776396751403809,6.949850559234619,6.863123655319214
O=C1CCc2ccc(OCCCN3CCN(c4cccc(Cl)c4Cl)CC3)nc2N1,8.356880187988281,7.715896606445312,8.036388397216797
OCCN1CCN(C2Cn3cccc3Sc3ccc(F)cc32)CC1,7.845658302307129,7.513327598571777,7.679492950439453
CN1CCN(C2Cc3ccccc3Sc3ccc(C(F)(F)F)cc32)CC1,7.623498916625977,7.427108764648437,7.525303840637207
CCN1CCN(C2Cn3cccc3Sc3ccc(F)cc32)CC1,8.352453231811523,7.737476825714111,8.044965028762817
C(=Cc1cccc(CCN2CCN(c3cccc4cccnc34)CC2)c1)CC1CCCN1,7.150670051574707,7.354282855987549,7.252476453781128
O=C1NCN(CCCN2c3ccccc3CCc3ccccc32)CC1,6.335349082946777,5.725854873657227,6.030601978302002
CCc1c(C(=O)NC2CCN(Cc3ccccc3Cl)C2)cnc2c(O)cccc12,7.109772205352783,6.875442981719971,6.992607593536377
CCCN1CCCC2c3c(cccc3C1)CCc1ccc(O)c(O)c1C21CCN(CC1CC1)C3,,,
N#Cc1ccc2[nH]cc(CCCCN3CCN(c4cc(C#N)ccc4C#N)CC3)c2c1,7.859691619873047,7.946100234985352,7.902895927429199
Oc1[nH]c(CN2CCN(c3ccccc3Cl)CC2)c2nc(-c3cccc(Cl)c3)ccc12,7.190725326538086,6.489344596862793,6.8400349617004395
CCCN(CCN1CCN(c2ccccc2OC)CC1)C1CCc2c(O)cccc2C1,8.0911283493042,8.516032218933105,8.303580284118652
N#Cc1ccc(N2CCN(CCCCc3c[nH]c4ccc(NC(=N)=O)cc34)CC2)cc1CC(F)(F)F,,,
Fc1ccc(CCCCNCC2Cc3ccccc3C2)cc1,6.597329139709473,6.191134452819824,6.394231796264648
Oc1[nH]cc2ccc(OCCCCN3CCN(c4cccc5cccc(F)c45)CC3)cc12,8.384242057800293,8.055950164794922,8.220096111297607
CCCN(CCN1CCN(c2cc3[nH]ccc3n2)CC1)C1CCc2ccc(O)cc2C1,,,
CN1CCN(C2=Cc3ccccc3Cc3cc(Cl)ccc32)CC1,7.73438549041748,7.590292453765869,7.662338972091675
CCN1CCCC1CNC(=O)c1cc(C)cc(C)c1OC,7.505553245544434,8.219427108764648,7.862490177154541
CCCN(CCN1CCN(c2ccccc2OC)CC1)C1CCc2ccc(O)cc2C1,7.815720081329346,8.517810821533203,8.166765451431274
CCc1ccc(S(=O)(=O)NCCCCN2CCN(c3nsc4ccccc34)CC2)cc1,8.034954071044922,7.853761672973633,7.944357872009277
O=C1c2ccccc2CCN1CCCCCCN1CCN(c2cccc3ccccc23)CC1,7.63236141204834,7.758835792541504,7.695598602294922
c1ccc2[nH]c(N3CCN(CCCCCc4cccc5ccccc45)CC3)nc2c1,7.340970039367676,7.220949649810791,7.280959844589233
COc1cccc(N2CCN(CCCCc3c[nH]c4ccc(C#N)cc34)CC2)c1,7.640758514404297,7.592685699462891,7.616722106933594
CCCN(CCN1CCN(c2cnccc2Cl)CC1)C1CCc2ccc(O)cc2C1,7.261537075042725,8.759881973266602,8.010709524154663
CCCN(CCN1CCN(c2ccc3cc(O)ccc3c2)CC1)C1CCc2cc(O)ccc2C1,7.341306686401367,8.818290710449219,8.079798698425293
CCCN(CCN1C2CCC1c1ccc(Cl)cc1)C1CCc2c(O)cccc2C1,,,
OC(CCN1CCN(c2cccc3c2ccn3-c2cccc(F)c2)CC1)c1ccc(F)cc1,7.587364673614502,6.763593673706055,7.175479173660278
O=C1N(CCN2CC=Cc3ccccc3C2)CCN1c1cccc(Cl)c1,7.349577903747559,7.958458423614502,7.65401816368103
COc1ccccc1N1CCN(CCCCNC(=O)c2cccc3ccccc23)CC1,7.269603729248047,8.39780044555664,7.833702087402344
Cc1ccc2c(N3CCN(CCc4cccc5c4OCc4c(C(=O)NC6CCC6)ncn4-5)CC3)cccc2n1,6.693721771240234,6.851354122161865,6.77253794670105
CCCN(CCN1CCN(c2ccc(-c3cccs3)cc2)CC1)C1CCc2c(O)cccc2C1,7.461184501647949,8.848158836364746,8.154671669006348
COc1ccccc1N1CCN(CCCCN2CCN(c3cccc4cccnc34)CC2)CC1,8.161894798278809,8.142793655395508,8.152344226837158
Oc1[nH]cc2cc(F)c(OCCCN3CCN(c4cccc5cccc(F)c45)CC3)cc12,8.04649829864502,7.654065132141113,7.850281715393066
NCC1Cc2ccccc2C2c3cccc(OCCN4CCCCC4)c3CCC21,6.338992118835449,7.041195869445801,6.690093994140625
O=C(NCCCCN1CCN(c2cccc(Cl)c2Cl)CC1)c1cc2ccccc2cn1,6.880761623382568,9.034921646118164,7.957841634750366
Cc1nc(CN2CCN(c3ccc(C#N)c(Cl)c3)CC2)cs1,4.972872257232666,4.624092102050781,4.798482179641724
CCCN(CCN1CCN(c2cccc3ccccc23)CC1)C1CCc2c(O)cccc2C1,8.05475902557373,8.830840110778809,8.44279956817627
Oc1[nH]c2ccc(OCCN3CCN(c4cccc5cccc(F)c45)CC3)cc2c1C1CC1,7.888482570648193,7.107128143310547,7.49780535697937
Oc1ccc2c(c1)OC(CNCCC1CCC(O)CC1)CC2,7.476780891418457,8.144577026367188,7.810678958892822
CCCN(CCN1CCN(c2ccccc2)CC1)C1CCc2ccc(O)cc2C1,7.061977386474609,8.358572006225586,7.710274696350098
O=S(=O)(NCCCCN1CCC(c2noc3cc(F)ccc23)CC1)c1cc2ccccc2s1,7.821849822998047,8.171528816223145,7.996689319610596
CN1CCc2ccccc2Cc2cccc(O)c2CC1,7.674764156341553,7.345975875854492,7.5103700160980225
CCCN(CCN1CCN(c2ccccc2)CC1)C1CCc2ccc(O)cc2C1,7.061977386474609,8.358572006225586,7.710274696350098
O=C1C=CC(=CN2CCN(CCCCc3cccc(F)c3)CC2)CN1,6.291867733001709,7.505062580108643,6.898465156555176
O=C1Cc2ccccc2C(=O)N1CCCCN1CCN(c2cccc(C(F)(F)F)c2)CC1,6.630897045135498,7.828114509582519,7.229505777359009
COc1ccccc1N1CCN(CCCCCNC(=O)C=Cc2ccc(F)cc2)CC1,7.753171920776367,8.004922866821289,7.879047393798828
Oc1[nH]cc2ccc(OCCCN3CCN(c4cccc5cccc(F)c45)CC3)cc12,8.2858247756958,7.846155166625977,8.065989971160889
Oc1ccc2[nH]cc(CCCN3CCN(c4ccccc4-c4ccccc4)CC3)c2c1,8.297792434692383,7.351147651672363,7.824470043182373
Oc1ccc2c(c1)OC(CNCCC1CCC(c3cccc(Cl)c3)CC1)Cc1ccccc1S2,7.460852146148682,7.860068321228027,7.6604602336883545
CCCN(CCN1CCN(c2ccccc2)CC1)C1CCc2ccc(O)cc2C1,7.061977386474609,8.358572006225586,7.710274696350098
COc1ccccc1N1CCN(CCCCN2CCN(c3cccc(Cl)c3)CC2)CC1,7.757091522216797,8.131195068359375,7.944143295288086
CCCN1CCN(CCc2ccc(Cl)c(Cl)c2)CC1,5.974273681640625,7.0610198974609375,6.517646789550781
C1=C(CN2CCN(c3cccc4c3CCN(CCCc3ccccc3)CC4)CC2)CCc2c1[nH]c1ccccc21,7.322882652282715,7.293728351593018,7.308305501937866
CCN(CCCN1CCN(c2ccccc2OCC2CC2)CC1)C1CCc2ccc(O)cc2C1,7.524304389953613,8.113263130187988,7.818783760070801
O=C1N(CCN2CCC(c3noc4cc(F)ccc34)CC2)CCN1c1cccc(Cl)c1,7.803883075714111,7.301646709442139,7.552764892578125
COc1ccccc1N1CCN(CCCCNC(=O)c2cc3ccccc3cn2)CC1,7.018458366394043,8.637602806091309,7.828030586242676
O=C1CN(Cc2ccc(Cc3cc(C4CCC4)no3)cc2)CCN1,6.321608066558838,5.698612213134766,6.010110139846802
N#Cc1ccccc1N1CCN(CCCCNC(=O)c2ccc(I)cc2)CC1,7.363749980926514,8.679238319396973,8.021494150161743
CN1CCN(C2CC(c3ccc(F)cc3)c3ccc(Cl)cc32)CC1(C)C,7.741886615753174,7.0761308670043945,7.409008741378784
Oc1ccc2[nH]cc(CCCCN3CC=C(c4ccccc4)CC3)c2c1,8.44819450378418,8.916884422302246,8.682539463043213
CCCN(CCN1CCN(c2cccc3c2CCc2ccc(OC)cc2-3)CC1)C1CCc2nc3ccccc3c2C1,,,
OC1(c2ccc(Cl)cc2)CC2CCC(C1)N2CCN1CCN(c2ccccc2Cl)CC1,6.98619270324707,7.080791473388672,7.033492088317871
Clc1ccc2c(CCCNCCOc3cccc4c3CCCC4)c[nH]c2c1,7.953281402587891,7.101248741149902,7.5272650718688965
[H]c1cc2c(c(OCCCN3CCN(c4cccc(C(F)(F)F)c4)CC3)n1)CCc1ccc(F)cc1-2,6.921146869659424,7.117516040802002,7.019331455230713
CN1CCN(CCCN2c3ccccc3Sc3ccc(-n4cnc(C(F)(F)F)c4)cc32)CC1,7.028672218322754,6.7052001953125,6.866936206817627
N#Cc1ccc2c(CCN3CCN(c4cccc(Cl)c4Cl)CC3)c[nH]c2c1,7.651440143585205,6.988870143890381,7.320155143737793
Clc1cccc(N2CCN(CCCCOc3ccc4cnnn4c3)CC2)c1Cl,8.205345153808594,8.273846626281738,8.239595890045166
Cc1ccc2c(N3CCN(CCc4cccc(-c5ccccc5)c4)CC3)cccc2n1,7.434859752655029,7.006354808807373,7.220607280731201
CCN1CCN(Cc2cccc(C#CCCCCN3CCN(c4ccccc4OC)CC3)c2)CC1,6.790222644805908,7.013923168182373,6.902072906494141
N#Cc1cccc2c1CCN2CCCN1CCN(c2cccc(Cl)c2Cl)CC1,6.919886589050293,6.750401496887207,6.83514404296875
COc1ccccc1N1CCN(CCCCCN2CCN(c3cccc(Cl)c3Cl)CC2)CC1,8.133901596069336,7.965649604797363,8.04977560043335
N#Cc1cc2c(N3CCN(CCCN4CCN(c5ccccc5)CC4)CC3)cccc2[nH]1,6.924960136413574,6.755903244018555,6.8404316902160645
N#Cc1ccc(CN2CCN(CCCCN3CCN(c4cccc(Cl)c4Cl)CC3)CC2)cc1CCCN1CCCCC1,6.45439338684082,7.459556102752685,6.956974744796753
Oc1ccc2[nH]cc(CCCCN3CCN(c4cccc5ccccc45)CC3)c2c1,8.49316692352295,8.180514335632324,8.336840629577637
Oc1[nH]cc2ccc(OCCN3CCN(c4cccc5cccc(F)c45)CC3)c(F)c12,8.357207298278809,7.113531112670898,7.7353692054748535
N#Cc1ccccc1N1CCN(CCCCNC(=O)c2cc3ccc2CCc2ccc(cc2)CC3)CC1,7.45923900604248,8.318885803222656,7.889062404632568
Oc1ccc2[nH]cc(CCCN3CCC(c4ccccc4)CC3)c2c1,7.731618404388428,6.482133865356445,7.1068761348724365
O=C1CCc2ccc(OCCCCN3CCN(c4cccc(Cl)c4Cl)CC3)nc2N1,8.820858001708984,7.946710586547852,8.383784294128418
O=C1N(CCCN2C3CCC2CCC3)CCN(c2cccc(Cl)c2)CC12CCCC2,7.0213165283203125,7.60202693939209,7.311671733856201
CCc1cnc(N2CCN(CCCCCNC(=O)c3ccccc3OCC)CC2)nc1N,7.3630595207214355,6.662611484527588,7.012835502624512
Cc1ccc(C#N)c(CN2CCN(c3cccc4c3CNC4=O)CC2)c1,6.555358409881592,6.36707878112793,6.461218595504761
CCc1ccccc1N1CCN(CCCCc2ccc3c(c2)NCCC3)CC1,8.14527702331543,7.415018081665039,7.780147552490234
COc1ccccc1N1CCN(CCCCOc2ccc3[nH]c(C(=O)C4CCCC4)cc3c2)CC1,7.536122798919678,7.976797103881836,7.756459951400757
CCN1CCCCCCN1CCCc2ccc(S(=O)(=O)N3CCOCC3)cc21,,,
COc1ccccc1N1CCN(CCCCNC(=O)c2ccc(CCCNCCc3ccccc3OC)cc2)CC1,6.861664295196533,7.857234001159668,7.359449148178101
COc1cccc2c1CCCC2CCCCN1CCN(c2cccc3ccccc23)CC1,7.336197853088379,7.714779376983643,7.525488615036011
O=C(N1CCN(CCCCN2CCN(c3cccc(Cl)c3Cl)CC2)CC1)C1CCCCC1,7.276764869689941,8.527860641479492,7.902312755584717
CCCN(CCN1CCN(c2ncccc2Cl)CC1)C1CCc2cc(O)c(O)cc2C1,7.323984622955322,8.708012580871582,8.015998601913452
CCCNC1CCc2cc(O)cc3c2C1Cc1cccc(O)c1-3,6.981448650360107,7.576334476470947,7.278891563415527
COc1ccccc1N1CCCN(CCCCNC(=O)c2ccc(F)cc2)CC1,7.23371696472168,8.262245178222656,7.747981071472168
Oc1[nH]c(CCN2CCN(c3cccc(Cl)c3Cl)CC2)c2ccc(F)cc12,7.929300785064697,7.070388317108154,7.499844551086426
Oc1ccc2c(CCCNCCCc3ccccc3)c[nH]c2c1,7.349080085754394,7.245946407318115,7.297513246536255
COc1ccccc1N1CCN(CCCCCNC(=O)c2ccc(Cl)cc2)CC1,7.615590572357178,7.976905822753906,7.796248197555542
O=C1N(CCN2CCC(COc3ccc(F)cc3)CC2)CCN1c1ccccc1,7.336156845092773,6.804901599884033,7.070529222488403
CCCN(CCCCCNCCC1Cc2ccc(O)cc2CCc2ccccc21)C1CCc2c(O)cccc2C1,7.820976257324219,8.283716201782227,8.052346229553223
NCCN1CCN(c2cccc(CCCCOCCCCCCCNCC(O)c3ccc(Cl)cc3Cl)c2)CC1,5.9514875411987305,6.071375846862793,6.011431694030762
Oc1[nH]cc2ccc(OCCCN3CCN(c4cccc5cccc(F)c45)CC3)cc12,8.2858247756958,7.846155166625977,8.065989971160889
Oc1[nH]cc2cc(F)c(OCCCCN3CCN(c4cccc(Cl)c4Cl)CC3)cc12,8.24354362487793,8.575241088867188,8.409392356872559
COc1ccccc1N1CCN(CCCCCCN2CCCc3ccccc3C2=O)CC1,7.524902820587158,7.262470722198486,7.393686771392822
CCCN(CCN1CCN(c2cc(C)c3ccccc3n2)CC1)C1CCc2c(O)cccc2C1,7.13869571685791,8.544742584228516,7.841719150543213
CCCN(CCN1CCN(c2ccccc2)CC1)C1CCc2ccc(O)cc2C1,7.061977386474609,8.358572006225586,7.710274696350098
N#Cc1cnc2[nH]cc(N3CCN(CCC4CCCc5ccccc5C4)CC3)c2c1,7.46141242980957,7.765352249145508,7.613382339477539
CCCN(CCN1C2CCC1c1ccc(Cl)c(Cl)c1)C1CCc2c(O)cccc2C1,,,
CCN1CCN(C2Cn3cccc3Sc3ccc(F)cc32)CC1,8.352453231811523,7.737476825714111,8.044965028762817
O=C1N(CCN2CCC(c3ccccc3)CC2)CCN1c1cccc(C(F)(F)F)c1,7.023022651672363,7.167634010314941,7.095328330993652
CC(F)CN1CCC(Cc2ccc(CCN3CCN(c4nsc5ccccc45)CC3)cc2)CC1,6.54439115524292,6.84052038192749,6.692455768585205
CCN1CCN(c2cccc(C(=O)NCCCCN3CCN(c4cccc(Cl)c4Cl)CC3)c2)CC1,7.3493452072143555,8.408946990966797,7.879146099090576
CCCN1CCCC2c3c(cccc3C)CCC21,6.697423458099365,7.117064476013184,6.907243967056274
CCCN1CCCC1CNC(=S)c1ccc(O)cc1,5.993090629577637,8.939096450805664,7.46609354019165
O=C(NCCCCN1CCN(c2cccc(Cl)c2Cl)CC1)c1ccc(-c2ccccc2)cc1,7.198726177215576,8.894172668457031,8.046449422836304
Oc1ccc2c(CCCCCN3CCN(c4ccccc4)CC3)c[nH]c2c1,8.031326293945312,7.652606010437012,7.841966152191162
Cc1ccc2c(N3CCN(CCc4c[nH]c5ccc(F)cc45)CC3)cccc2n1,7.794216632843018,6.468747615814209,7.131482124328613
Oc1ccc2c(-c3ccc(F)cc3)n[nH]c2c1,7.870408058166504,6.267765998840332,7.069087028503418
c1cc(-c2ccc3c(c2)CCN(CCCSc2nnc(C4CC4)n2CCCN3)C2CCC2)ccn1,6.277604103088379,5.873580932617188,6.075592517852783
Oc1ccc2[nH]cc(CCCCCN3CC=C(c4ccccc4)CC3)c2c1,8.336650848388672,8.409668922424316,8.373159885406494
N#Cc1ccccc1N1CCN(CCNCc2ccccc2)CC1,7.050460338592529,6.637533187866211,6.84399676322937
Oc1[nH]cc2ccc(OCCCCN3CCN(c4cccc5cc(F)ccc45)CC3)cc12,8.483375549316406,8.340852737426758,8.412114143371582
COc1ccccc1N1CCN(CCCCCNC(=O)C=Cc2cccc(I)c2)CC1,7.705909252166748,8.221717834472656,7.963813543319702
Cc1cc2cc(OCCNCCF)ccc2[nH]1,6.888911724090576,6.136102199554443,6.51250696182251
Nc1c(C(=O)NCC2CCC(CN3CCN(c4cccc(Cl)c4Cl)CC3)CC2)cc(O)cc1Cl,7.010635852813721,8.225933074951172,7.618284463882446
O=C(CCCN1CCN(C2=Nc3cc(Cl)ccc3Nc3ccccc32)CC1)c1cccc(F)c1,7.513690948486328,7.58454704284668,7.549118995666504
O=C1N(CCN2CCN(c3cccc4ccccc34)CC2)CCN1c1ccncc1,7.040699481964111,6.457521438598633,6.749110460281372
O=C1N(CCN2CCC3(CC2)C(=O)N(CC2CC2)CN3c2ccc(F)cc2)CCN1c1ccccc1,8.643567085266113,8.077252388000488,8.3604097366333
Clc1ccc2[nH]c(N3CCN(CCCc4ccccc4)CC3)nc2c1,6.945034980773926,6.367825031280518,6.656430006027222
Oc1[nH]cc2cc(F)c(OCCCN3CCN(c4cccc5cccc(F)c45)CC3)cc12,8.04649829864502,7.654010772705078,7.850254535675049
Oc1ccc2[nH]cc(CCCCN3CC=C(c4ccccc4)CC3)c2c1,8.44819450378418,8.916884422302246,8.682539463043213
COc1ccccc1N1CCN(CCCCNC(=O)c2cccc(-c3ccccc3)c2)CC1,7.341972827911377,8.577857971191406,7.959915399551392
COc1cccc(COCCCCCNCC(O)c2ccc(O)c3[nH]c(-c4ccc(C#N)c(I)c4)cc23)c1,6.649628162384033,6.887936592102051,6.768782377243042
CCCN(CCN1CCN(c2ccccc2)CC1)C1CCc2c(O)cccc2C1,7.368458271026611,8.235482215881348,7.8019702434539795
CCCN(CCN1CCN(c2ccccc2OC)CC1)C1CCc2ccc(O)cc2C1,7.815720081329346,8.517810821533203,8.166765451431274
Oc1nc2ccc(CCN3CCN(c4ccccc4)CC3)cc2o1,7.614916801452637,6.48455286026001,7.049734830856323
CN1CCN(C2COc3cccc(OCCCN4CCN(c5cccc6ccccc56)CC4)c3O2)CC1,7.189721584320068,7.513365745544434,7.351543664932251
NCCc1c[nH]c2ccc(OCCCCCN3CCN(c4cccc5cccc(F)c45)CC3)cc12,7.4825439453125,7.158665180206299,7.320604562759399
COc1ccccc1N1CCN(CCCCCCN2CCN(c3ccccc3)CC2)CC1,7.387204647064209,7.169663429260254,7.2784340381622314
Oc1ccc2[nH]cc(CCCCN3CC=C(c4ccccc4)CC3)c2c1,8.44819450378418,8.916884422302246,8.682539463043213
Oc1[nH]c(C(N2CCC(3c4ccccc4CCc4ccccc43)CC2)c2ccc(F)cc2)c2ccc(F)cc12,,,
Oc1[nH]cc2ccc(OCCCN3CCN(c4cccc5cccc(Br)c45)CC3)c(Cl)c12,7.746672630310059,8.242411613464355,7.994542121887207
COc1ccccc1N1CCN(CCCCNC(=O)C=Cc2cccc3ccccc23)CC1,7.35816764831543,8.837668418884277,8.097918033599854
O=C1N(CCN2CCC(C(F)(F)F)CC2)CCN1c1cccc(Cl)c1Cl,7.26667308807373,8.164643287658691,7.715658187866211
CC(C)N1CCNCC1COc1ccc(Cl)cc1,5.465434551239014,6.54818058013916,6.006807565689087
O=C1N(CCN2CCC(c3ccccn3)CC2)CCN1c1cccc(Cl)c1,7.274688720703125,6.657794952392578,6.966241836547852
CCCN(CCN1CCN(c2cccc3ccccc23)CC1)C1CCc2ccc(O)cc2C1,7.852016448974609,8.869157791137695,8.360587120056152
Oc1ccc2[nH]cc(CCCN3CCC4(CC3)Cc3ccccc3CN(c3ccc(C(F)(F)F)cc3)CC2)c1,,,
COc1ccccc1N1CCN(CCCCNC(=O)c2cc3cccc(OCCCN(C)C)c3o2)CC1,6.802628040313721,8.30472183227539,7.553674936294556
CCCN(CCN1CCN(c2cccc3ccccc23)CC1)C1CCc2ccc(O)cc2C1,7.852016448974609,8.869157791137695,8.360587120056152
CCN1CCN(C2=Cc3ccccc3Cn3cccc32)CC1,7.11401891708374,6.836053371429443,6.975036144256592
Oc1cc2c(OCCNCc3ccccc3)ccc(Cl)c2[nH]1,8.818074226379395,7.795685768127441,8.306879997253418
O=C1N(CCN2CCC(CCN3CCN(c4cccc(Cl)c4Cl)CC3)CC2)CCN1c1ccc(Cl)c(Cl)c1,7.706623554229736,8.277496337890625,7.992059946060181
COc1ccccc1N1CCN(CCCCNC(=O)c2ccccc2)CC1,7.475579261779785,8.450655937194824,7.963117599487305
Oc1[nH]cc2cc(F)c(OCCCN3CCN(c4cccc5cccc(F)c45)CC3)cc12,8.04649829864502,7.654065132141113,7.850281715393066
CCN1CCCC1CNC(=O)c1c(C)ccc(C)c1C,6.816501140594482,7.808693408966064,7.312597274780273
Oc1ccc2[nH]cc(CCCCN3CC=C(c4ccccc4)CC3)c2c1,8.44819450378418,8.916884422302246,8.682539463043213
O=C(CCCN1CCN(c2cccc(Cl)c2Cl)CC1)c1ccc2c(c1)OCCCO2,8.561966896057129,8.050948143005371,8.30645751953125
CCCN(CCN1CCN(c2cccc3ccccc23)CC1)C1CCc2ccc(O)cc2C1,7.852016448974609,8.869171142578125,8.360593795776367
CN1CCN(C2Cn3cccc3Sc3ccc(F)cc32)CC1,8.455343246459961,8.19658088684082,8.32596206665039
COc1ccccc1N1CCN(CCCCNC(=O)c2ccc(CCNCC(F)(F)c3ccccc3)cc2)CC1,6.918524265289307,7.838522911071777,7.378523588180542
COc1ccccc1N1CCN(CCCCOCCN2CCN(c3ccc(C)cc3CCN(CCOCCOCCF)CC3c4ccccc4OCC3CCC3)CC2)CC1,,,
CCCN(CCN1CCN(c2ccccc2)CC1)C1CCc2ccc(O)cc2C1,7.061977386474609,8.358572006225586,7.710274696350098
CCN1CCN(c2cccc3c2CCc2ccccc2-3)CC1,7.785594940185547,6.761844635009766,7.273719787597656
CCCN1CCc2cccc(OCCCCN3CCN(c4cccc(Cl)c4Cl)CC3)c2CC1,7.526968002319336,8.194855690002441,7.860911846160889
Cc1ccc(CNCC2C3CCCC2CC3)c2[nH]c(-c3ccc(Cl)c(Cl)c3)nc12,6.515192985534668,7.305542945861816,6.910367965698242
CCCN(CCN1CCN(c2cccc3ccccc23)CC1)C1CCc2nc(N)sc2C1,7.570409297943115,8.891853332519531,8.231131315231323
CCCN(CCN1CCN(c2cccc(Cl)c2Cl)CC1)C1CCc2ccc(O)cc2C1,7.754941463470459,8.884286880493164,8.319614171981812
c1ccc(N2CCN(CCCCNc3cccc4ccc5cccc(OCCN6CCCC6)c5c2)CC2CCC(OCCN3CCN(c4ccccc4Cl)CC3)CC2)cc1,,,
COc1ccccc1N1CCN(CCCCNC(=O)c2cccc(OCCF)c2)CC1,7.53179931640625,8.47768497467041,8.00474214553833
CCCN(CCN1CCN(c2ccnc3ccccc23)C1)C1CCc2ccc(O)cc2C1,7.143843173980713,8.8866548538208,8.015249013900757
CCN1c2ccccc2N(CCCCCN2CCN(c3cccc(C)c3C)CC2)CC1,7.719599723815918,6.853789806365967,7.286694765090942
Cc1cc2c(F)c(Oc3nc(O)cc(C(F)(F)F)c3N)ccc2[nH]1,7.644051551818848,5.84481143951416,6.744431495666504
N#Cc1ccc2[nH]cc(CCCCN3CCN(c4ccc5sccc5c4)CC3)c2c1,7.761891365051269,7.727836608886719,7.744863986968994
CCCN1CCCCCCCCNCC1Cc2ccc(O)cc2OC1CCN(CCC)CC1,5.476273536682129,6.579797744750977,6.028035640716553
Oc1c2c(OCCNCc3ccccc3)ccc(Cl)c2[nH]1,,,
Oc1ccc(CNCC2CCN(CCc3ccc(F)cc3)CC2)c2[nH]cc(C(F)(F)F)c12,6.620670318603516,6.589295387268066,6.604982852935791
COc1ccccc1N1CCN(CCCCc2ccc3ccc(OCCCF)nc3c2)CC1,7.902512073516846,8.0445556640625,7.973533868789673
OC1(c2ccc(F)cc2)CCCN(CCCCNc2cc(-c3ccccc3)ccc2F)CC1,7.2900390625,6.911821365356445,7.100930213928223
Oc1ccc2c(N3CCC(NCCc4ccccc4)CC3)cccc2[nH]1,,,
Oc1ccc2c(c1)OC(CNCCN1CCN(c3cccc(Cl)c3Cl)CC1)CC2,9.362061500549316,8.549615859985352,8.955838680267334
N#Cc1cccc2c1CC1CCN(CCCc3c[nH]c4ccc(C(N)=O)cc34)CC1C2,7.241133689880371,7.39133882522583,7.316236257553101
O=C1Cc2cc(CCN3CCN(c4cccc(Cl)c4Cl)CC3)ccc2N1,8.02480411529541,7.323670387268066,7.674237251281738
Oc1ccc(CN2CCN(CCCCc3cccc4ccccc34)CC2)cc1Cl,6.593710422515869,7.707415580749512,7.15056300163269
Oc1nc2cccc(OCCNCCCc3ccccc3)c2[nH]1,8.171632766723633,7.903491973876953,8.037562370300293
Clc1cc(Cl)c(OCCCNCC23CC3)c(Cl)c1,,,
Oc1ccc2[nH]cc(CCCCN3CCN(c4cccc(Cl)c4Cl)CC3)c2c1,8.743884086608887,8.450736045837402,8.597310066223145
CN1CC[SH](O)(O)c2ccc3[nH]cc(C=O)c3c21,5.941769599914551,6.741296768188477,6.341533184051514
CN1CCc2cccc3c2C1Cc1cccc(O)c1-3,6.989553451538086,7.396730422973633,7.193141937255859
Oc1ccc2c(CCCCN3CCN(c4ccccc4Cl)CC3)ccnc2[nH]1,,,
OC1(c2ccc(Cl)cc2)CC2CCC(C1)N2CCCc1cccc2ccccc12,7.344061374664307,7.336115837097168,7.340088605880737
CCCN(CCN1CCN(c2ccccc2OC)CC1)C1CCc2ccc(O)cc2C1,7.815720081329346,8.517810821533203,8.166765451431274
Oc1cc2c(OCCNCCCc3cccc4c3ccccc34)ncnc2[nH]1,,,
Cc1ccc2[nH]c(C#N)c(CN3CCC(c4ccccc4)CC3)c2c1,6.571364879608154,5.903603076934815,6.237483978271484
O=C1Cc2ccccc2N1CCCN1CCN(c2cccc3ccccc23)CC1,6.966119289398193,6.82474422454834,6.895431756973267
O=C1Cc2ccccc2N1CCCN1CCN(c2cccc3ccccc23)CC1,6.966119289398193,6.82474422454834,6.895431756973267
Oc1ccc2c3c1OCC1CC(O)CCCC3N1CC=C(c3c[nH]c4ccccc34)CC1)CC2,,,
O=C1NCCN1CCN1CCC(c2cn(-c3ccc(F)cc3)c3ccc(Cl)cc23)CC1,7.742376327514648,6.38731050491333,7.064843416213989
O=C(NCCCCN1CCN(c2nsc3ccccc23)CC1)c1cc2ccccc2[nH]1,7.502806663513184,8.942609786987305,8.222708225250244
Oc1ccc2[nH]cc(CCCN3CCN(c4cccc(Cl)c4Cl)CC3)c2c1,8.51258373260498,7.529713153839111,8.021148443222046
COc1ccccc1N1CCN(CCCCNC(=O)c2cc3ccccc3[nH]2)CC1,7.458228588104248,9.089479446411133,8.27385401725769
NCC1CN(c2cccc(OCCCCN3CCN(c4cccc(Cl)c4Cl)CC3)c2)C1,7.374168872833252,7.565698146820068,7.46993350982666
CCCN1CCc2cccc3c2C1Cc1cccc(O)c1-3,7.426577568054199,7.848193645477295,7.637385606765747
CC1CCN(CCCCN2CCN(c3cccc(Cl)c3Cl)CC2)C1,6.753882884979248,8.057944297790527,7.405913591384888
Fc1ccc(F)c(OCCCNCC2CCc3ccccc3O2)c1,8.223341941833496,7.946317672729492,8.084829807281494
Oc1[nH]c2ccccc2c1CCCCN1CC=C(c2cccc3ccccc23)CC1,7.441141128540039,8.35091495513916,7.8960280418396
CCCN(CCN1CCN(c2ccccc2O)CC1)C1CCc2ccc(O)cc2C1,7.675475597381592,9.087640762329102,8.381558179855347
CCCN(CCCCN1CCN(c2cccc3ccccc23)CC1)C1CCc2ccc(O)cc2C1,7.9989142417907715,8.914706230163574,8.456810235977173
N#Cc1ccccc1CCN1CCN(CCCc2c[nH]c3ccc(-n4cnnc4)cc23)CC1,7.260983943939209,6.608826637268066,6.934905290603638
NCCCN(CCN1CCN(c2cccc(Cl)c2Cl)CC1)c1cccc2c1CCCC2,7.947473049163818,7.641293525695801,7.79438328742981
CCCN(CCN1CCN(c2ccccc2OC)CC1)C1CCc2c(O)c(O)ccc2C1,8.276599884033203,8.873542785644531,8.575071334838867
CN1CCN(C2Cc3ccccc3Sc3ccc(Cl)cc32)CC1,9.140546798706056,8.702610969543457,8.921578884124756
O=C(NC1CCN(CCCCc2c[nH]c3ccc(-n4cnnc4)cc23)CC1)c1ccccc1F,7.478137016296387,7.059693336486816,7.268915176391602
COc1cc2c(N3CCN(CCCC=Cc4ccccn4)CC3)cccc2cn1,6.808674335479736,7.452495574951172,7.130584955215454
OC1(c2cccc(C(F)(F)F)c2)CC2CCC(C1)N2Cc1coc2ccccc12,6.8170247077941895,7.484580993652344,7.150802850723267
CN1CCN(C2=Cc3ccccc3Cc3ccc(F)cc32)CC1,7.8052144050598145,7.420061111450195,7.612637758255005
CN1CCCCC1Cn1cc(C2=CC3c4ccccc4CCc4ccccc43C2)cn1,,,
Oc1cc2c(OCCNCCCc3cccc4ccc(-c5ccccc5F)cc34)ccc(F)c2[nH]1,7.921278953552246,7.159543514251709,7.5404112339019775
Clc1cccc(N2CCN(CCCCNCc3cccc4c3Oc3ccccc34)CC2)c1Cl,6.916332721710205,7.741538047790527,7.328935384750366
COc1ccccc1N1CCN(CCCCCNC(=O)C=Cc2ccc3ccccc3c2)CC1,7.160734176635742,8.102693557739258,7.6317138671875
N#Cc1ccc(N2CCN(CCCCNc3cccc4ccoc34)CC2)cc1Cl,7.728969573974609,7.679396629333496,7.704183101654053
COc1ccccc1N1CCN(CCCCNc2ccccc2)CC1,8.483912467956543,7.818860054016113,8.151386260986328
O=C(O)CN1CCN(CCOc2cccc(-c3ccccc3)c2)CC1,6.201433181762695,5.5519700050354,5.876701593399048
Oc1ccc2c(Nc3ccc(CCN4CCN(c5ccccc5OCCF)CC4)cc3)cccc2[nH]1,,,
Oc1ccc2[nH]cc(CCN3CCN(c4ccc(Cl)cc4)CC3)c2c1,7.3477888107299805,5.982366561889648,6.6650776863098145
CN1CCc2ccccc2Cc2c(OCCCN3CCN(c4ccccc4F)CC3)cccc21,6.610294818878174,7.052369117736816,6.831331968307495
CN1CCN(C2Cc3ccccc3Nc3ccc(I)cc32)CC1,7.060132026672363,7.268280029296875,7.164206027984619
CN1CCc2ccccc2Cc2cccc(O)c2CC1,7.674764156341553,7.345975875854492,7.5103700160980225
c1ccc(N2CCN(CCCCN=C3C(c4ccccc4)=NCCN3c3ccccc3)CC2)cc1,6.307475090026856,6.677820682525635,6.492647886276245
O=C1N(CCN2C3CCC2CCC3)CCN1c1cccc(Cl)c1,7.5251617431640625,8.593523025512695,8.059342384338379
C=C(c1ccc2[nH]c(O)c(CCN3CCN(c4ccc5occc5c4)CC3)c2c1)C1CCCN1C,6.86032247543335,7.104274749755859,6.9822986125946045
O=C(NCCCCN1CCN(c2cccc(Cl)c2Cl)CC1)c1cc2ccccc2[nH]1,7.3425798416137695,9.33303451538086,8.337807178497314
Oc1ccc2[nH]cc(CCCCN3CC=C(c4ccccc4)CC3)c2c1,8.44819450378418,8.916884422302246,8.682539463043213
Oc1ccc2c(c1)OC(CNCCCN1Cc3ccccc3C1)CC2,8.016755104064941,7.628274917602539,7.82251501083374
CCN(CCCc1c[nH]c2ccc(F)cc12)C1CCc2c(O)cccc2C1,8.508028030395508,8.005656242370605,8.256842136383057
CCN(CCCCCCN1CCN(c2ccccn2)CC1)C1CCc2c(O)cccc2C1,7.6413421630859375,7.859125137329102,7.7502336502075195
N#Cc1cccc(N2CCN(CCCCNC(=O)c3ccc(F)cc3)CC2)c1,7.028781414031982,8.608207702636719,7.818494558334351
O=C1CC2CCCCC2N1CCCN2CCc1ccccc1,,,
O=CC(O)CCCCN1CCN(c2cc(Cl)ccc2Cl)CC1,7.045877456665039,7.135747909545898,7.090812683105469
CCCN(CCN1CCN(c2ccccc2OC)CC1)C1CCc2ccc(O)cc2C1,7.815720081329346,8.517810821533203,8.166765451431274
N#Cc1ccc(C2=CC(CN3CCN(c4ccccc4C(F)(F)F)CC3)CC2)cc1,7.61863899230957,7.031825065612793,7.325232028961182
N#Cc1cc(F)ccc1C1CCN(CCCNCCc2c[nH]c3ccc(F)cc23)CC1,6.936239719390869,6.101695537567139,6.518967628479004
CCN1CCN(c2cccc(CCNCC(=O)c3ccc(Cl)c(Cl)c3)c2)CC1,6.626599788665772,6.801931858062744,6.714265823364258
CCN1CCN(C2Cc3ccccc3Sc3ccc(F)cc32)CC1,8.516375541687012,8.042022705078125,8.279199123382568
COc1ccccc1N1CCN(CCCNC(=O)c2cccnc2)CC1,6.352516174316406,6.655910968780518,6.504213571548462
O=C1N(CCN2CC3Cc4ccccc4CC3C2)CCN1c1cccc(Cl)c1,7.541662693023682,7.5280609130859375,7.53486180305481
CCCN(CCN1CCN(c2cccc3cccnc23)CC1)C1CCc2ccc(O)cc2C1,7.680376052856445,8.793758392333984,8.237067222595215
NCCCN1CCC2c3cc(O)ccc3OCCC21,6.517757415771484,7.092398166656494,6.805077791213989
CCCCN1CCCC1Cc1ccc(O)c(O)c1,6.391258239746094,8.519968032836914,7.455613136291504
Oc1ccc2[nH]c3c(c2c1)CCN(CCCc1ccccc1)CC3,7.978004455566406,7.381383895874023,7.679694175720215
Oc1[nH]cc2cc(Cl)c(OCCCN3CCN(c4cccc5cccc(F)c45)CC3)cc12,7.86603307723999,7.838649749755859,7.852341413497925
N#Cc1ccc(N2CCN(CCCCN3CCN(c4cccc(Cl)c4Cl)CC3)CC2)cc1Cl,7.15929651260376,8.110200881958008,7.634748697280884
Oc1[nH]cc(C(OCCCN2CCN(c3ccccc3Cl)CC2)c2cccc3ccccc23)c1,6.923191070556641,7.206250190734863,7.064720630645752
Oc1nc2cc(CCCCN3CCN(c4cccc(Cl)c4Cl)CC3)ccc2[nH]1,8.438214302062988,8.153016090393066,8.295615196228027
CN(CI)CCOc1ccccc1I,5.9963579177856445,6.618373870849609,6.307365894317627
O=C1NC2(CCN(CCCC3CCCCC3)CC2)Oc2ccc(Cl)cc21,6.672835826873779,8.110980987548828,7.391908407211304
COc1ccccc1N1CCN(CCCCc2c(-c3ccccc3)[nH]c3ccccc23)CC1,7.860571384429932,7.705612659454346,7.783092021942139
O=C1NCCN1C1CCN(CCCCOc2ccc3ccc(O)nc3c2)CC1,7.2700934410095215,6.577872276306152,6.923982858657837
CN1CCN(C2Cc3ccccc3Sc3ccc(-n4ccnn4)cc32)CC1,8.473661422729492,7.073514461517334,7.773587942123413
O=C1N(CCN2CCC(N3CCN(c4ccccc4Cl)CC3)CC2)CCN1c1cccc(Cl)c1,6.369645595550537,6.738792419433594,6.554219007492065
CN1CCN(C2Cc3ccccc3Sc3ccc(CN4CCN(c5ccccc5Cl)CC4)nc32)CC1,7.657637596130371,7.341154098510742,7.499395847320557
CCCN1CCCC2Cc3ccccc3CCC21,6.542335033416748,6.537287712097168,6.539811372756958
COc1cccc(N2CCN(CCCCNC(=O)c3ccc(F)cc3C(F)(F)F)CC2)c1,7.141054630279541,8.155195236206055,7.648124933242798
CCCN(c1ccccc1)C1CCc2c(O)cccc2C1,8.059114456176758,7.293380737304687,7.676247596740723
Oc1[nH]cc2ccc(OCCCN3CCN(c4cccc5cccc(F)c45)CC3)c(F)c12,8.132925987243652,7.728168487548828,7.93054723739624
CCCN(CCN1CCN2Cc3ccccc3CCc3sccc32)CC1)C1CCc2c(O)cccc2C1,,,
Cc1ccc2c(N3CCN(CCc4ccc(-c5ccccc5)nc4)CC3)cccc2n1,6.875909805297852,7.175381660461426,7.025645732879639
N#Cc1ccc2c(c1)CCCN2CCC1CCN(CCc2ccc(I)cc2)CC1,6.755997657775879,6.770633697509766,6.763315677642822
COc1ccccc1N1CCN(CCCCCNC(=O)c2ccc(I)cc2)CC1,7.84883975982666,7.872927188873291,7.860883474349976
CCCN(CCN1CCN(c2ccccc2F)CC1)C1CCc2c(O)cccc2C1,7.817399978637695,8.368171691894531,8.092785835266113
CN1CCN(c2cccc3cccc(OCCNCC(c4ccccc4Cl)c4ccccc4)c23)CC1,6.143057823181152,6.1775102615356445,6.160284042358398
CN1CCN(CCN2c3ccccc3Sc3ccc(F)cc32)CC1,8.125858306884766,7.489418983459473,7.807638645172119
Oc1ccc2[nH]cc(CCCN3CCC(c4ccc5ccccc5c4)CC3)c2c1,7.636733055114746,6.382883071899414,7.00980806350708
CCCN(CCN1CCN(C2Cc3ccccc3CN2)CC1)C1CCc2c(O)cccc2C1,6.359045505523682,7.898446083068848,7.128745794296265
Clc1ccc(-c2ccc3c(c2)CCN(CCCSc2nnc(-c4ccccn4)n2CCN3)CC1,,,
C(=Cc1ccccc1N1CCN(CCOc2ccc3[nH]ncc3c2)CC1)C1CCCC1,7.799481868743896,7.722380638122559,7.7609312534332275
COc1ccccc1N1CCN(CCCCNC(=O)c2ccccc2)CC1,7.475579261779785,8.450655937194824,7.963117599487305
Oc1[nH]cc2ccc(OCCCN3CCN(c4cccc5cccc(F)c45)CC3)cc12,8.2858247756958,7.846155166625977,8.065989971160889
CN1CCN2c3ccccc3Cc3cccc(c32)CC1,6.914456844329834,6.535481929779053,6.724969387054443
O=C1N(CCN2CC3CCc4c([nH]c5ccccc45)C3C2)CCN1CCC2c1ccccc2C(F)(F)F,,,
CN1CCN(CCCN2c3ccccc3Sc3ccc(Cl)cc32)CC1,7.559834003448486,7.69283390045166,7.626333951950073
CN1CCN(C2Cc3ccccc3Sc3ccc(Br)cc32)CC1,9.328142166137695,8.885320663452148,9.106731414794922
COc1ccccc1N1CCN(CCCCNS(=O)(=O)c2ccc(C)cc2)CC1,7.4585185050964355,7.52011775970459,7.489318132400513
N#Cc1ccc2[nH]cc(CCCCN3CCN(c4ccc5c(c4)CNC(=O)CO5)CC3)c2c1,7.170464038848877,6.756414890289307,6.963439464569092
CCCN(CCN1CCN(c2cccc(Cl)c2Cl)C1=O)C1CCc2ccc(O)cc2C1,7.456831932067871,8.60012435913086,8.028478145599365
Oc1cc2c(OCCNCCCN3c4ccccc4CC4C(c5ccc(F)cc5)CC3CCC4CCC3CN4CCCF)CC2,,,
O=C(NCCN1CCN(c2cccc(Cl)c2Cl)CC1)C1CCC(c2c[nH]c3cccc(F)c23)CC1,7.3610758781433105,7.108124256134033,7.234600067138672
Cc1ccc2c(N3CCN(CCc4cccc(-c5ccccc5)c4)CC3)cccc2n1,7.434859752655029,7.006354808807373,7.220607280731201
Oc1[nH]cc2ccc(OCCCN3CCN(c4cccc5c4CCCC5)CC3)cc12,8.662345886230469,7.776519298553467,8.219432592391968
CCCN(CCC1CCC(NCCN=C2c3ccccc3-c3ccccc32)CC1)C1CCc2c(O)cccc2C1,6.877531051635742,7.99229621887207,7.434913635253906
CCCN(CCN1CCN(c2cccc3ccccc23)CC1)C1CCc2ccc(O)cc2C1,7.852016448974609,8.869171142578125,8.360593795776367
Oc1ccc2[nH]cc(CCCCN3CCN(c4cccc5cccc(F)c45)CC3)c2c1,8.59611701965332,7.813994407653809,8.205055713653564
CN1CCc2ccc(C(=O)CCCCCN3CCN(c4cccc(Cl)c4Cl)CC3)c3ccccc23,,,
CCc1cccc(N2CCN(CCCCc3c[nH]c4ncccc34)CC2)c1,7.645099639892578,7.537350177764893,7.591224908828735
O=C1N(CCN2CCN(c3cccc(Cl)c3Cl)CC2)CCN1c1cccc(Cl)c1,7.528343200683594,7.927173614501953,7.727758407592773
O=C1N(CCN2C3CCC2CCC3)CCN1c1cccc(C(F)(F)F)c1,7.249351501464844,8.909194946289062,8.079273223876953
Nc1ccc2c(CCNCCN3CCN(c4cccc5cccc(F)c45)CC3)noc2c1,7.343701362609863,7.036910533905029,7.190305948257446
Oc1[nH]c2cc(F)c(F)cc2c1CCCCN1CCN(c2cccc3ccccc23)CC1,8.00217056274414,7.790836811065674,7.896503686904907
CCCN(CCN1CCN(c2ccc3[nH]ccc3c2)CC1)C1CCc2ccc(O)cc2C1,7.211007595062256,8.363239288330078,7.787123441696167
O=C(NCCCCN1CCN(c2nsc3ccccc23)CC1)c1cccc2ccccc12,7.182422161102295,8.269271850585938,7.725847005844116
CCCN(CCN1CCN(c2cccc3nc(-c4ccccc4)ccc23)CC1)C1CCc2c(O)cccc2C1,7.903614521026611,8.816401481628418,8.360008001327515
CCCN(CCN1CCN(c2ccccc2)CC1)C1CCc2c(O)cccc2C1,7.368458271026611,8.235482215881348,7.8019702434539795
OC1(c2ccc(Cl)cc2)CC2CCC(C1)N2CCCCN1CCN(c2ccccc2Cl)CC1,7.02867317199707,7.665332794189453,7.347002983093262
Clc1ccc(N2CCN(CCCC3CCC(Nc4ncccc4C4CC4)CC3)CC2)cc1Cl,7.329397201538086,7.424289226531982,7.376843214035034
CN1CCN(C2=Cn3cccc3Sc3ccc(F)cc32)CC1,8.417153358459473,8.3873929977417,8.402273178100586
CCCN(CCN1CCN(c2ccc(-c3cccc(O)c3)cc2)CC1)C1CCc2ccc(O)cc2C1,7.388582229614258,8.998245239257812,8.193413734436035
COc1ccccc1N1CCN(CCc2ccc(C#N)cc2C(F)(F)F)CC1,7.658677101135254,6.809656143188477,7.234166622161865
Fc1ccc2[nH]cc(CCCCN3CC=C(c4ccccc4)CC3)c2c1,8.033493995666504,8.285501480102539,8.159497737884521
O=C(N1CCNCCC1)C1CCCN1C(=O)C1CCC1,6.063265323638916,6.235980987548828,6.149623155593872
CCCN1CCC=CC(c2cccc(CCN3CCN(c4cccc(Cl)c4Cl)CC3)c2)C1,7.061110496520996,7.06240701675415,7.061758756637573
Cc1cnc2c(CCCN)cc(F)cc2c1,5.889712333679199,5.884536743164063,5.887124538421631
O=C1N(CCCCN2CCN(c3cccc(Cl)c3)CC2)CCN1c1cccc2ccccc12,7.120746612548828,8.061423301696777,7.591084957122803
Cc1ccc2c(N3CCN(CCc4cccc5c4CCC(=O)N5C)CC3)cccc2n1,7.326030254364014,6.903675556182861,7.1148529052734375
CCN(CCCCN1CCN(c2cccc(Cl)c2Cl)CC1)C1CCc2c(O)cccc2C1,8.208728790283203,8.947988510131836,8.57835865020752
CCOc1ccccc1N1CCN(CCCCNC(=O)c2ccc3ccccc3c2)CC1,7.255037784576416,9.07689094543457,8.165964365005493
O=C1CC2CCCCC2N1CCCN2CCN3CCCCC3C1CCc2ccccc21,,,
Oc1[nH]cc2ccc(OCCCN3CCN(c4cccc5cccc(F)c45)CC3)c(Cl)c12,8.05458927154541,7.951212882995605,8.002901077270508
C=C1CN2CCCCC2CC=N1CCCCCCN1CCN(c2cccc(C(F)(F)F)c2Cl)CC1,,,
Oc1c(CCN2CCC3(CC2)C(F)(c2ccc(F)cc2)CCN(c2ccccc2)C3)CC1,7.079036712646484,6.804080009460449,6.941558361053467
CCCN(CCN1CCN(c2cnn(-c3ccc(F)cc3)c2)CC1)C1CCc2ccc(O)cc2C1,6.917118549346924,8.357678413391113,7.6373984813690186
CCCN(CCN1CCN(c2ccc(-c3cccc(OC)c3)cc2)C1=O)C1CCc2c(F)cccc2C1,6.767967700958252,7.693833351135254,7.230900526046753
Cc1ccc2c(N3CCN(CCCc4ccc5c(c4)NC(=O)CO5)CC3)cccc2n1,7.256976127624512,6.60993242263794,6.933454275131226
N#Cc1ccc2[nH]cc(CCCCN3CCN(c4cccc5nc(C(N)=O)ccc45)CC3)c2c1,7.933559894561768,8.12565803527832,8.029608964920044
CCN(CCN1CCN(c2cccc3ccc(OCCCCCCCCN(CCCCC=Cc4ccccc4)cc23)CC1)C(=O)OC,,,
O=C(NCCCCN1CCN(c2cccc(Cl)c2Cl)CC1)c1cccc(C(F)(F)F)c1,7.630026817321777,8.325226783752441,7.977626800537109
O=C1N(CCN2C3CCC2CCC3)CCN1c1cccc(Cl)c1,7.5251617431640625,8.593523025512695,8.059342384338379
Oc1ccc2[nH]cc(CCCCN3CCN(c4cccc5ccccc45)CC3)c2c1,8.49316692352295,8.180514335632324,8.336840629577637
C1=C(c2c[nH]c3ccc(OCCN4CCN(c5cccc6ccccc56)CC4)cc23)CCN1,8.052345275878906,7.6524786949157715,7.852411985397339
Oc1ccc2[nH]cc(CCCCN3CC=C(c4ccccc4)CC3)c2c1,8.44819450378418,8.916884422302246,8.682539463043213
CCCN(CCN1CCN(c2cccc3ccoc23)CC1)C1COc2cccc(O)c2C1,7.714521408081055,8.840559005737305,8.27754020690918
Oc1ccc2c(CCCCN4CCN(c5ccccc5F)CC4)c[nH]c2n1,8.450058937072754,7.956293106079102,8.203176021575928
CCCN(CCN1CCN(c2cccc3ccccc23)CC1)C1CCc2ccc(O)cc2C1,7.852016448974609,8.869171142578125,8.360593795776367
CCc1nc(N2CCN(c3cccc(Cl)c3)CC2)cc(C(=O)NCCN3CCN(c4ccccc4OC)CC3)n1,6.344051361083984,6.640668869018555,6.4923601150512695
Fc1cccc(CN2CCC(CCCN3CCN(c4ccccc4Cl)CC3)CC2)c1,6.416483402252197,6.525103569030762,6.4707934856414795
NCCN1CCc2cccc3c2C1Cc1cccc()c1-3,,,
CN1CCN(C2Cc3ccccc3Sc3ccc(N=C(Cl)cc32)CC1,,,
O=C(NC1CCc2ccc(CCN3CCN(c4nsc5ccccc45)CC3)cc21)c1ccncc1,7.00258207321167,6.080057144165039,6.5413196086883545
COc1ccccc1N1CCN(CCCCCNC(=O)C2CCc3c(O)cccc3C2)CC1,8.173956871032715,7.796821594238281,7.985389232635498
CCCN1CCCC2Cc3[nH]ncc3CC21,7.043054103851318,7.927458763122559,7.4852564334869385
O=C1CCc2ccc(OCCCCN3CCN(c4cccc(Cl)c4Cl)CC3)nc2N1,8.820858001708984,7.946581840515137,8.38371992111206
N#Cc1ccccc1N1CCN(CCCCNC(=O)c2cc3cccc(F)c3[nH]2)CC1,7.469268321990967,8.646251678466797,8.057760000228882
CCCN1CCCC2Cc3n[nH]cc3CC21,7.44373893737793,7.752826690673828,7.598282814025879
CN1CCN(C2=Cc3ccccc3Cc3ccc(F)cc32)CC1,7.8052144050598145,7.420061111450195,7.612637758255005
N#Cc1ccccc1N1CCN(CCCCNC(=O)c2ccc(OCCCN3CCN(c4ccc(C(F)(F)F)cc4)CC3)cc2)CC1,7.1886796951293945,8.261043548583984,7.7248616218566895
CC1CN(CCCc2ccccc2)C2CC(NC(=O)C3CCC(F)(F)CC3)CC1(c1cccc(F)c1)C2,6.523203372955322,7.470053195953369,6.996628284454346
O=C1N(CCN2CCN(c3cccc(C(F)(F)F)c3)CC2)CCN1c1cccc(Cl)c1,6.771610260009766,7.608433246612549,7.190021753311157
CN1CCc2cc(OCCCF)cc3c2Cc2ccc(O)c(O)c2C3,,,
CCN1CCN(C2Cn3cccc3Sc3ccc(F)cc32)CC1,8.352453231811523,7.737476825714111,8.044965028762817
CCN1CCCC1CNC(=O)c1ccc(OCCCN2CCN(c3cccc(Cl)c3Cl)CC2)cc1,7.176711559295654,8.590731620788574,7.883721590042114
COc1ccccc1N1CCN(CCCCNC(=O)c2ccc3ccccc3c2)CC1,7.298825263977051,8.823209762573242,8.061017513275146
CCCN(CCN1CCN(c2cccc(Cl)c2)CC1)C1CCc2ccc(O)cc2C1,7.14030122756958,8.691252708435059,7.915776968002319
NCCCN1CCCc2ccc(S(=O)(=O)OCCCCCN3CCN(c4cccc(Cl)c4Cl)CC3)cc21,7.596121788024902,7.393069267272949,7.494595527648926
CCCN(CCN1CCc2ccc(N=C(N)Nc3ccc(Cl)cc3)cc2)C1)C1CCc2c(O)cc(O)cc2C1,,,
CCCN(CCCCCCCCCN(CCC)C1CCc2c(O)cccc2C1)C1CCc2c(O)cccc2C1,8.256257057189941,8.520310401916504,8.388283729553223
Oc1[nH]cc2cc(F)c(OCCCCCN3CCN(c4cccc5cccc(F)c45)CC3)cc12,8.137429237365723,7.747672080993652,7.9425506591796875
O=C(NCCCN1CCN(c2nsc3ccccc23)CC1)C1CCCC1,7.745465278625488,7.037485122680664,7.391475200653076
CN1CCN(C2Cn3cccc3Sc3ccc(F)cc32)CC1,8.455343246459961,8.19658088684082,8.32596206665039
CN(C)C1CCc2ccc(CCOc3ccc(N4CCN(c5ccccc5)CC4)cc3)cc21,6.025641918182373,6.204042434692383,6.114842176437378
CN1CCCCC1CNCc1cccc(OCCF)c1,5.026927947998047,6.81322193145752,5.920074939727783
CCN1CCCC1CNC(=O)c1ccc(F)c(C)c1,6.247235298156738,8.278255462646484,7.262745380401611
O=C(NCCCCN1CCN(c2nsc3ccccc23)CC1)c1cccc2ccccc12,7.182423114776611,8.269271850585938,7.725847482681274
O=C(NC1CCc2cc(CCN3CCN(c4nsc5ccccc45)CC3)ccc21)C1CC1,7.219351291656494,6.914257526397705,7.0668044090271
COc1ccccc1N1CCN(CCCCNC(=O)c2cccc(I)c2)CC1,7.726261138916016,8.668521881103516,8.197391510009766
CC1Cc2ccccc2N1CCN1CCN(C2Cc3ccccc3CC2)CC1,6.554934978485107,5.80040979385376,6.177672386169434
Oc1ccc2[nH]cc(CCCCN3CC=C(c4ccccc4)CC3)c2c1,8.44819450378418,8.916884422302246,8.682539463043213
COc1ccccc1N1CCN(CCCCNC(=O)C=Cc2ccc(CF)cc2)CC1,7.641308307647705,8.90771484375,8.274511575698853
Oc1ccc2c(CCN(CCCCCc3ccccc3)CCCCNCC2)c[nH]c2ccc(F)cc12,6.912808418273926,6.730016231536865,6.8214123249053955
COc1ccccc1N1CCN(CCCCCNC(=O)c2ccc(I)cc2)CC1,7.848822593688965,7.872927188873291,7.860874891281128
Cc1ccc2c(N3CCN(CCc4cccc(-c5cccnc5)c4)CC3)cccc2n1,7.201262474060059,7.174786567687988,7.188024520874023
COc1ccccc1N1CCN(CCCCNc2c(C)ccc3ccn(C)c23)CC1,8.080339431762695,7.811492919921875,7.945916175842285
CN1CCc2c(OCCCCN3CCN(c4cccc(Cl)c4Cl)CC3)nccc2C(=O)OC1=O,6.912563323974609,7.306352138519287,7.109457731246948
Cc1cc2c(s1)Nc1ccccc1N=C2N1CCN(C)CC1,6.933331489562988,7.052985191345215,6.993158340454102
CC1N(CCc2ccccc2)CCN1CCC1CCC(NC(=O)c2cc3ccccc3[nH]2)CC1,6.043396949768066,7.470683574676514,6.75704026222229
Oc1ccc2c(CCN3CCN(c4cccc5ccc(F)cc45)CC3)ccc(O)c2[nH]1,,,
Nc1ccc2nc(C3CCN(CCCCc4ccccc4)CC3)[nH]c2c1,7.233884811401367,7.558947563171387,7.396416187286377
O=C1COc2ccc(CCN3CCN(c4cccc5c4OCCO5)CC3)cc2N1,7.333532810211182,6.386102199554443,6.8598175048828125
Oc1ccc2c(c1)OC(CNCC1CCC(OCCOCCCl)CC1)CC2,7.885214805603027,7.451019287109375,7.668117046356201
CCN1CCN(C2Cn3cccc3Sc3ccc(Cl)cc32)CC1,8.499506950378418,7.993031978607178,8.246269464492798
Oc1ccc2[nH]cc(CCCCN3CC=C(c4ccccc4)CC3)c2c1,8.44819450378418,8.916884422302246,8.682539463043213
CN1CCN(C2Cc3ccccc3Sc3ccc(F)cc32)CC1,9.00782871246338,8.473590850830078,8.740709781646729
CCCN(CCN1CCN(c2ccccc2)CC1)C1CCc2ccc(O)cc2C1,7.061977386474609,8.358572006225586,7.710274696350098
O=C1c2ccc(NCCCCN3CCN(c4cccc(Cl)c4Cl)CC3)cc2NCC1,8.552130699157715,8.391297340393066,8.47171401977539
O=C1NCN(CCCCN2CCN(c3cccc(Cl)c3Cl)CC2)CC12CCCc1ccccc12,6.537891387939453,7.679496765136719,7.108694076538086
CCCN(CCN1CCN(c2ccccc2)CC1)C1CCc2ccc(O)cc2C1,7.061977386474609,8.358572006225586,7.710274696350098
OC1(c2ccc(Cl)cc2)CC2CCC(C1)N2CCCCOc1ccccc1F,6.777690887451172,7.9537353515625,7.365713119506836
Clc1cccc(N2CCCN(CCCCc3c[nH]c4ncccc34)CC2)c1Cl,7.750129699707031,7.478896617889404,7.614513158798218
CN1CCc2cccc3c2Cc2cccc(c23)N1,6.880557537078857,6.600245952606201,6.740401744842529
Clc1ccc(N2C3CN(CCCc4ccc(-c5ccccn5)cc4)CC2C3)cc1Cl,6.399028778076172,6.504942893981934,6.451985836029053
CN1CCN(c2cccc(CCN3CCN(c4ccccc4Cl)CC3)c2)CC1,6.9299821853637695,6.752535820007324,6.841259002685547
N#Cc1ccc2[nH]cc(CCCCN3CCN(c4cccc5ccccc45)CC3)c2c1,8.188576698303223,7.97148323059082,8.080029964447021
N#Cc1cc2c(C3CCN(CCCCc4cc(Br)ccc4)CC3)nc(NCCCN3CCN(c4ccccc4C(F)(F)F)CC3)nc2[nH]1,7.717272758483887,6.963433265686035,7.340353012084961
CCN(CCCCCN1CCN(c2ccccc2Cl)CC1)C1CCc2ccc(O)cc2C1,7.912164211273193,8.277679443359375,8.094921827316284
O=C(NCCCCCN1CCN(c2cccc(Cl)c2Cl)CC1)c1cccc2c1-c1ccccc1C2,6.909281253814697,7.591800689697266,7.2505409717559814
CCCN(CCN1CCN(c2ccccc2OC)CC1)C1CCc2ccc(O)cc2C1,7.815720081329346,8.517810821533203,8.166765451431274
N#Cc1ccc(N2CCC3(CCCN3CCN(c3cccc4nc(C(F)(F)F)[nH]c34)CC2)cc1,,,
O=C(NCCCCN1CCN(c2cccc(Cl)c2Cl)CC1)c1cc(I)c[nH]1,7.689112663269043,9.252193450927734,8.470653057098389
O=c1c2ccccc2sn1CCCCN1CCN(c2cccc3cc(F)ccc23)CC1,7.843271255493164,8.26537799835205,8.054324626922607
CCN(CCN1CCN(c2ccc(-c3ccccc3)cc2)CC1)C1CCc2ccc(O)cc2C1,7.324534893035889,8.182275772094727,7.753405332565308
Cc1ccc2c(N3CCN(CCc4cccc5c4OCCc4c(C(=O)NCC6CC6)ncn4-5)CC3)cccc2n1,6.595473289489746,6.808987617492676,6.702230453491211
CCCN(CCN1CCN(c2cccc3ccccc23)CC1)C1CCc2nc(N)sc2C1,7.570409297943115,8.891853332519531,8.231131315231323
N1CCC(CCCCCN2CCN(c3cccc(Cl)c3Cl)CC2)CC1,7.494767189025879,7.820464611053467,7.657615900039673
O=C1N(CCN2CCC(C3CCCCN3)CC2)CCN1c1ccccc1Cl,7.302927017211914,7.185209274291992,7.244068145751953
CN1CCN(CCCN2c3ccccc3Sc3ccc(Cl)cc32)CC1,7.5598344802856445,7.69283390045166,7.626334190368652
O=C(NCCCCN1CCN(c2nsc3ccccc23)CC1)c1cc2cc3ccccc3cc2[nH]1,7.176431179046631,8.65771770477295,7.91707444190979
CN1CCN(C2Cc3ccccc3Nc3ccc(Cl)cc32)CC1,6.971028327941895,6.906323432922363,6.938675880432129
COc1cc(OC)nc(CCN2CCN(c3cccc(Cl)c3Cl)CC2)c1,6.57689094543457,7.314167022705078,6.945528984069824
Cc1ccc2c(N3CCN(CCCCN4CCN(c5cccc(C(F)(F)F)c5)CC4)CC3)cccc2[nH]1,,,
Oc1cc2c(OCCNCCCCc3cccc(F)c3)ccc(F)c2[nH]1,9.01133632659912,7.65456485748291,8.332950592041016
FC(F)(F)Oc1ccc(N2CCN(CCCCc3ccsc3)CC2)cc1,6.170408725738525,7.195494651794434,6.6829516887664795
Cc1ccc2c(N3CCN(CCCc4cccc(N5CCN(C)CC5)c4)CC3)cccc2n1,7.169265270233154,6.85739278793335,7.013329029083252
Oc1[nH]c2ccccc2c1CCCCN1CC=C(c2cccc3ccccc23)CC1,7.441141128540039,8.35091495513916,7.8960280418396
CN1CCN(C2=Cc3ccccc3Oc3ccc(Br)cc32)CC1,8.065003395080566,7.955543518066406,8.010273456573486
O=C1N(CCN2CCC(CCN3CCN(c4cccc(Cl)c4Cl)CC3)CC2)CCN1c1ccccn1,7.497470855712891,7.679703712463379,7.588587284088135
Oc1ccc2sc(CCCN3CCN(c4cccc5ccccc45)CC3)nc2c1,8.048440933227539,7.989041328430176,8.018741130828857
O=C1CCc2ccc(OCCCCN3CCN(c4cccc(Cl)c4Cl)CC3)nc2N1,8.820858001708984,7.946581840515137,8.38371992111206
CN1CCN(C2Cn3cccc3Sc3ccc(F)cc32)CC1,8.455343246459961,8.19658088684082,8.32596206665039
CCN1CC(=O)N(CCOC)CCC1c1cccc(OC)c1,4.450214385986328,5.767237663269043,5.1087260246276855
CN1CCN(C2Cn3cccc3Sc3ccc(Cl)cc32)CC1,8.645715713500977,8.372458457946777,8.509087085723877
Fc1ccc2c(N3CCN(CCCCc4cccc(-c5cccnc5)c4)CC3)cccc2c1,7.71783447265625,8.023553848266602,7.870694160461426
CN1CCc2c(cccc2CN2CCN(c3ccccc3Cl)CC2)C1,6.629358291625977,6.677343368530273,6.653350830078125
CCCN(CCN1CCN(c2ccnc3cc(-c4ccccc4)cnc23)CC1)C1CCc2ccc(O)cc2C1,7.554887294769287,8.824021339416504,8.189454317092896
Cc1ccc2c(N3CCN(CCc4cccc5c4OCCCN5C)CC3)cccc2n1,7.459895133972168,6.703770160675049,7.081832647323608
O=S(=O)(NCCCN1CCC(c2noc3cc(F)ccc23)CC1)c1cccc2ccccc12,7.838253021240234,7.504249095916748,7.671251058578491
Oc1ccc2c(NCCCCCNCCN3c4ccccc4CCc4ccccc43)cccc2[nH]1,,,
Ic1ccc(N2CCN(CCC3CCC(NCC4CCOc5ccccc5O4)CC3)CC2)cc1,8.19839859008789,7.780470848083496,7.989434719085693
O=C(NCCCCN1CCN(c2cccc(Cl)c2Cl)CC1)c1cc2ccc1Cl,,,
O=C1CCc2ccc(OCCCCN3CCN(c4cccc5cccc(Cl)c45)CC3)nc2N1,8.612405776977539,7.559688091278076,8.086046934127808
Cc1cccc(CCN2CCN(c3cccc(Cl)c3Cl)CC2)c1C,7.449337482452393,5.899232387542725,6.674284934997559
Cc1ccc2c(N3CCN(CCc4cccc(N5CCNC5=O)c4)CC3)cccc2[nH]1,,,
CCCN(CCN1CCN(c2ccnc3ccccc23)CC1)C1CCc2ccc(O)cc2C1,7.621154308319092,8.850150108337402,8.235652208328247
CN1CCc2cc(Cl)c(O)cc2C2c3cccc(C(N)=O)c3CCC21,6.29783821105957,6.650559425354004,6.474198818206787
CN1CC(C(=O)Nc2ccc3[nH]ccc3c2)CC2c3cccc4c3c2CNC4=O)C1,,,
CCCN(CCN1CCN(c2ccc(-c3ccccc3)cc2)CC1)C1CCc2cc(O)ccc2C1,7.244194984436035,8.533466339111328,7.888830661773682
c1ccc2c(N3CCN(CCCOc4cccc5c4OCCC5)CC3)cccc2c1,7.793145179748535,8.032758712768555,7.912951946258545
Cc1ccc2c(NCCNCC3CCCCN3)cc(CCCN3CCN(c4ccccc4OC(C)C)CC3)cc2n1,7.25810956954956,6.817831039428711,7.037970304489136
CN1CCN(c2cccc3ccc(OS(=O)(=O)C=Cc4ccccc4)cc23)CC1,6.693940162658691,7.320096969604492,7.007018566131592
N#CNC(=NCCN1CCN(c2cccc(Cl)c2Cl)CC1)c1ccc2ccccc2c1,6.646202564239502,7.129971981048584,6.888087272644043
Nc1ccc(C#CCCCN2CCN(c3ccccc3Cl)CC2)cc1,7.902763366699219,7.514516353607178,7.708639860153198
Oc1ccc2[nH]c(CCCCN3CCN(c4ccccc4Cl)CC3)cc2c1,8.403881072998047,8.324825286865234,8.36435317993164
O=C1N(CCN2CCN(c3cccc(Cl)c3Cl)CC2)CCN1c1cccc(Cl)c1,7.528343200683594,7.927173614501953,7.727758407592773
Oc1ccc2c(c1)OCC(CNCCCN1CCN(c3ccccc3Cl)CC1)C2,7.197744369506836,7.518518924713135,7.358131647109985
Oc1[nH]cc2ccc(OCCCCN3CCN(c4cccc5cccc(F)c45)CC3)cc12,8.384243965148926,8.055950164794922,8.220097064971924
CN1C2CCC1CC(OC(c1ccccc1)c1ccc(I)cc1)C2,6.58641242980957,6.975584506988525,6.780998468399048
CCCN(CCN1CCN(c2cccc3[nH]ccc23)CC1)C1CCc2ccc(O)cc2C1,7.947385787963867,8.743558883666992,8.34547233581543
CN1CCCCC1Cn1cc(C2=CC3CCC(C2)CN3c2ccccc2)c2ccccc21,6.5443501472473145,6.535577297210693,6.539963722229004
Oc1[nH]c2ccc(OCCCN3CCN(c4cccc5cccc(F)c45)CC3)cc2c1CCN1CC=C2c1ccc(F)cc2C#CC2Cc3ccccc3C21,,,
CCCN1CCN(c2ccc3ccccc3n2)CC1,6.584412574768066,7.0649824142456055,6.824697494506836
CCc1c(C(=O)N2CCC(CN3CCN(c4cc(Cl)cc(Cl)c4Cl)CC3)CC2)cnn1C,6.590327739715576,7.819967269897461,7.2051475048065186
COc1ccccc1N1CCN(CCCCCCCCNCC(=O)c2ccc(F)nc2)CC1,7.533876419067383,7.022405624389648,7.278141021728516
Clc1cccc(N2CCN(CCCCOc3ccc4c(c3)CCC4)CC2)c1Cl,8.173253059387207,8.319693565368652,8.24647331237793
Oc1ccc2[nH]cc(CCCCN3CC=C(c4ccccc4)CC3)c2c1,8.44819450378418,8.916884422302246,8.682539463043213
COc1ccccc1N1CCN(CCCCNC(=O)c2cc3cccc(OC)c3[nH]2)CC1,7.605721473693848,8.853862762451172,8.22979211807251
Cc1ccc2c(N3CCN(CCc4cccc5c4OCc4c(C(=O)NCC6CC6)ncn4-5)CC3)cccc2n1,6.4070329666137695,6.792781829833984,6.599907398223877
CCCN1CCN(c2ccn(CCN3C4CCC3CC(O)(c3ccc(Cl)cc3)C4)c2)CC1,6.440509796142578,6.785449981689453,6.612979888916016
CCCN(CCN1CCN(c2cccc3ccccc23)CC1)C1CCc2ccc(O)cc2C1,7.852016448974609,8.869157791137695,8.360587120056152
O=C(CCCN1CC=C(c2ccccc2F)CC1)c1cccc2ccccc12,7.292422294616699,7.68097972869873,7.486701011657715
Oc1cc2c(N3CCN(CCCCc4ccccc4)CC3)ccnc2[nH]1,8.20336627960205,7.940184593200684,8.071775436401367
O=C1N(CCN2CCC(COc3cccc4nc(C(F)(F)F)ccc34)CC2)CCN1c1ccccc1,7.228936672210693,7.696391105651855,7.462663888931274
CC(N1CCN(c2ccccc2)CC1)C1CCC(C(=O)NCCCN2CCN(c3cccc(Cl)c3Cl)CC2)CC1,6.790194034576416,6.857003211975098,6.823598623275757
CN1CCN(c2cccc3ccc(OS(=O)(=O)C4CCC4)cc23)CC1,6.518190860748291,6.6291584968566895,6.57367467880249
CCCN(CCN1CCN2C(=O)C3Cc4c(cc5c(I)cccc54)OC2C1)C1CCc2c(O)cccc2C1,,,
COc1cccc(CCN2CCN(c3cccc4[nH]cc(C=CCCCNCC(O)c5ccccc5)c34)CC2)c1,6.187932014465332,6.996241092681885,6.592086553573608
NCCN1CCN(c2cccc(Cl)c2Cl)CC1,7.34100341796875,7.298308849334717,7.319656133651733
CCCN(CC1CC1)C1CCc2ccc(O)cc2C1,7.1178412437438965,9.11347484588623,8.115658044815063
Oc1[nH]cc2ccc(OCCCN3CCN(c4cccc5cc(F)ccc45)CC3)cc12,8.429683685302734,8.158105850219727,8.29389476776123
COc1ccccc1N1CCN(CCCCn2ncc(=O)n(CCCCCCCC(=O)NCC3CCC(c4ccc(C(=O)NCCCCN5CCN(c6cccc(Cl)c6Cl)CC5)cc4)n4c3),,,
Oc1[nH]c2ccc(Br)cc2c1CCCCN1CCN(c2cccc3cc(Cl)ccc23)CC1,8.028888702392578,8.210941314697266,8.119915008544922
COc1ccccc1N1CCN(CCCCNC(=O)c2ccc(OCCN3CCCC3=O)cc2)CC1,7.77269983291626,8.188854217529297,7.980777025222778
CN1CCc2cccc3c2Cc2ccccc2C1Cc1cccc(O)c1-3,6.677425384521484,7.047132015228272,6.862278699874878
CCCN1CCCCC2Cc3nc(N)ccc3CCC21,6.539658069610596,7.352763652801514,6.946210861206055
Oc1ccc2c(c1)OC(CNCCCCN1CCN(c3cccc(Cl)c3Cl)CC1)CC2,9.360036849975586,9.152508735656738,9.256272792816162
CCN1CCCCC1CNCc1ccc(I)cc1,5.2808613777160645,6.997192859649658,6.139027118682861
CCCN(CCN1CCN(c2cccn3ccc(-c4cccc(Cl)c4)cc23)CC1)C1CCc2ccc(O)cc2C1,,,
O=C1Cc2ccc(CCN3CCN(c4cccc(Cl)c4Cl)CC3)cc2N1,7.843383312225342,7.4679365158081055,7.655659914016724
CCCN(CCN1CN=C1C(=O)Cc1ccc(NC(=O)CCCCCN2CCC3C(CO)c4ccccc4N3C2=O)cc1)C1CCc2c(O)cccc2C1,7.481362342834473,6.518840312957764,7.000101327896118
N#Cc1cc(F)ccc1OCCCN1CCN(c2ccccc2C2CCC2)CC1,7.97971248626709,7.4703545570373535,7.725033521652222
Oc1ccc2c(CCCCN3CCN(c4ccccc4Cl)CC3)c[nH]c2c1,8.414947509765625,8.425491333007812,8.420219421386719
CCCN(CCN1CCN(c2ccc(-c3ccccc3)cn2)CC1)C1CCc2ccc(O)cc2C1,7.130110740661621,8.613134384155273,7.871622562408447
c1ccc2c(CN3CCN(c4cccc5ccccc45)CC3)c[nH]c2c1,7.43992280960083,6.882721424102783,7.161322116851807
O=C1CCc2ccc(OCCCCN3CCN(c4cccc(Cl)c4Cl)CC3)nc2N1,8.820858001708984,7.946581840515137,8.38371992111206
CN1CCN(C2Cc3ccccc3Sc3ccc(Cl)cc32)CC1,9.140546798706056,8.702611923217773,8.921579360961914
Cc1ccc(C2=NCCCN2)c2cc(Br)ccc21,6.093920230865479,5.822059154510498,5.957989692687988
N#Cc1ccc2[nH]c(CN3CCN(c4cccc(Cl)c4Cl)CC3)cc2c1,7.0858306884765625,6.354681491851807,6.720256090164185
CCCCCCNC(=O)Nc1ccc(CN2CCC(c3nc(-c4ccccc4)c[nH]3)CC2)cc1,6.599055767059326,6.455962657928467,6.5275092124938965
Oc1[nH]cc2ccc(OCCCCN3CCN(c4cccc5ccccc45)CC3)cc12,8.267786979675293,8.365196228027344,8.316491603851318
Cc1ccc2c(OCCNCCCc3c[nH]c4ccc(F)cc34)cccc2n1,7.206191539764404,6.978736400604248,7.092463970184326
CN1CCN(C2Cc3ccccc3Sc3ccc(CCN4CCN(c5ccccc5OCC4)cc32)CC1,,,
CCNc1cc(NCCCN2CCN(c3cccc(Cl)c3Cl)CC2)ncn1,8.175525665283203,6.17186164855957,7.173693656921387
Clc1cccc(N2CCN(CCCCOc3ccc4ccn(-c5cccc(N6CCNCC6)c5)c4c3)CC2)c1,6.861165046691895,6.810276985168457,6.835721015930176
COc1ccccc1N1CCN(CCCCNC(=O)c2ccc(F)cc2F)CC1,7.773004055023193,8.507530212402344,8.140267133712769
Oc1[nH]cc2ccc(OCCCN3CCN(c4cccc5cccc(F)c45)CC3)cc12,8.2858247756958,7.846155166625977,8.065989971160889
Fc1ccc(N2CCN(CCCCNC(c3ccc4c(c3)OCC(F)(F)(F)F)CC4)CC2)cc1,,,
CN1CCC(c2ccc(F)cc2)CC1,6.575330257415772,5.6660685539245605,6.120699405670166
Oc1ccc2[nH]cc(CCCN3CCN(c4cccc5cnccc45)CC3)c2c1,8.224454879760742,7.2942585945129395,7.759356737136841
Oc1cc2c(OCCNCCCNc3cccc(Cl)c3Cl)ccc(F)c2[nH]1,8.942605972290039,7.8375654220581055,8.390085697174072
CCCN(CCN1CCN(c2cccc3ccccc23)CC1)C1CCc2ccc(Cl)cc2C1,7.618144512176514,8.315564155578613,7.9668543338775635
CCN(CCCCCN1CCN(c2cc(Cl)ccc2Cl)CC1)Cc1ccccc1OC,6.528922080993652,6.681857109069824,6.605389595031738
Fc1ccc(OCCCCNCc2ccc(CCN3CCN(c4ccccc4Cl)CC3)cc2)cc1,7.145945072174072,6.86165189743042,7.003798484802246
Oc1ccc2c(c1)OC(CNCCCN1CCN(c3cccc(Cl)c3Cl)CC1)CC2,9.147972106933594,8.325576782226562,8.736774444580078
COc1ncc(CN2C3CCC2CC(N2CCN(c3cccc(C(F)(F)F)c3)CC2)C3)cn1,5.938982963562012,6.99847936630249,6.468731164932251
CN1CCN(C2Cc3ccccc3Sc3ccc(-c4nnn(C)n4)cc32)CC1,8.439382553100586,7.074907779693604,7.757145166397095
N#Cc1cccc(CN2CCC(N3CCN(c4cc(C(=O)O)ccc4O)CC3)CC2)c1,5.525088787078857,5.8494720458984375,5.6872804164886475
CN1CCc2cccc3c2Cc2cc(F)cc3c2C1Cc1cccc(O)c1-3,,,
Oc1[nH]cc2ccc(OCCCN3CCN(c4cccc5cccc(F)c45)CC3)cc12,8.2858247756958,7.846155166625977,8.065989971160889
Clc1ccc(N2N=C(c3ccc[nH]3)CC2c2ccccc2)cc1,6.38690185546875,6.217916965484619,6.302409410476685
Oc1[nH]cc2ccc(OCCCN3CCN(c4cccc5c4CCO5)CC3)cc12,8.351737976074219,7.996137619018555,8.173937797546387
CS(=O)(=O)c1cccc2c1CCCCN2CCCc1cccc(OCCCCN2CCN(c3cccc(C#N)c3Cl)CC2)n1,8.109759330749512,7.899830818176269,8.00479507446289
COc1ccccc1N1CCN(CCCCNC(=O)c2cc3cccc(OCCOCCF)c3o2)CC1,7.128271579742432,8.302711486816406,7.715491533279419
COc1cccc(N2CCN(CCCCCNC(=O)c3cc4ccccc4o3)CC2)c1,6.379743576049805,7.248250961303711,6.813997268676758
Oc1ccc2c(c1)OC(CNCCCNc1cccc(Cl)c1)CC2,9.123695373535156,8.181373596191406,8.652534484863281
CCCN(CCN1CCN(c2cccc(Cl)c2Cl)CC1)C1CCc2ccc(O)cc2C1,7.754941463470459,8.884286880493164,8.319614171981812
CCCN(CCN1C2CCC1CC(c1ccc(Cl)c(Cl)c1)C2)C1CCc2ccc(O)cc2C1,6.935563087463379,8.625192642211914,7.7803778648376465
CCCN(CCN1CCN(c2cccc3ccccc23)C1=O)C1CCc2nc(N)sc2C1,7.135844230651856,8.044099807739258,7.589972019195557
N#Cc1ccc(N2CCN(CCCCC3CCCc4ccccc43)CC2)cc1,7.150147438049316,7.665548324584961,7.407847881317139
COc1ccccc1N1CCN(CCCCCN2CCCc3cc(C(=O)N(C)C)ccc3C2)CC1,7.016525745391846,6.713192939758301,6.864859342575073
O=C1N(CCN2CCC(c3nnc(-c4cccc(F)c4F)n3CCCO)CCN12,,,
O=C1N(CCN2CCN(c3cccc(Cl)c3Cl)CC2)CCN1c1ccccc1,7.452239990234375,7.511731624603271,7.481985807418823
NCCc1c[nH]c2cc(OC1CC3CCC1C3,,,
N#Cc1ccc(N2CCN(CCCCc3c[nH]c4ccc(I)cc34)CC2)cc1C(F)(F)F,7.667959213256836,7.0548858642578125,7.361422538757324
CN1CCN(CCN2CCN(c3cccc(C(F)(F)F)c3)CC2)CC1,6.5209059715271,7.183520317077637,6.852213144302368
Oc1n[nH]c2ccc(F)c(CCCCCN3CCN(c4cccc5ccccc45)CC3)c12,8.450860023498535,7.766167640686035,8.108513832092285
O=C(NCCCCN1CCN(c2cccc(Cl)c2Cl)CC1)c1cccnc1,7.342226982116699,9.015792846679688,8.179009914398193
Oc1ccc2c(CCNCCc3ccc(I)cc3)c[nH]c2c1,7.049764633178711,7.226421356201172,7.138092994689941
CN1CCN(C2=Cc3ccccc3Sc3ccc(Cl)cc32)CC1,8.637375831604004,8.453805923461914,8.545590877532959
Oc1cccc(N2CCN(CCCCN3CC=C(c4ccccc4Cl)CC3)CC2)c1,8.074037551879883,8.955644607543945,8.514841079711914
COc1ccccc1N1CCN(CCNCC2CCc3ccccc3O2)CC1,8.689059257507324,7.24919319152832,7.969126224517822
COc1cccc(C(=O)NCCCCN2CCN(c3ccccc3Cl)CC2)c1,6.855340003967285,8.833141326904297,7.844240665435791
Fc1cccc2[nH]cc(CCCCN3CCN(c4ccccc4OCCF)CC3)c12,8.588788986206055,7.714718818664551,8.151753902435303
CCCN(CCN1CCN(c2ccccc2OC)C1=O)C1CCc2c(F)c(F)ccc2C1,7.2447099685668945,7.714911937713623,7.479810953140259
CCCN(CCN1CCN(c2cccc3ccccc23)CC1)C1CCc2ccc(O)cc2C1,7.852016448974609,8.869157791137695,8.360587120056152
CCCN(CCN1CCN(c2cccc3ncccc23)CC1)C1CCc2nc(N)sc2C1,7.246321201324463,8.85922908782959,8.052775144577026
O=C(NC1CCC(CCN2CCN(c3cccc(Cl)c3Cl)CC2)CC1)c1ccc2ccccc2c1,7.402788162231445,8.681488990783691,8.042138576507568
CCCN(CCN1CCN(c2ccccc2C#N)CC1)C1CCc2ccc(O)cc2C1,7.496461391448975,8.617944717407227,8.0572030544281
Oc1[nH]cc2c(I)c(OCCCCN3CCN(c4cccc5ccccc45)CC3)ccc12,8.261722564697266,8.62256908416748,8.442145824432373
O=C(NCCCCN1CCN(c2cccc(Cl)c2Cl)CC1)c1ccc2ccccc2c1,7.087527751922607,9.066522598266602,8.077025175094604
N#Cc1ccc2[nH]c3c(c2c1)CCN(CCCCCCCCCCN1CCN(c2ccccc2OC(CF)CF)CC1,,,
Fc1cccc(OCCNCC2CCc3ccc(-c4ccccn4)cc3O2)c1,7.719709396362305,8.00891399383545,7.864311695098877
Clc1ccc(N2CCN(CCCCc3c[nH]c4ccc(-n5cnnc5)cc34)CC2)cc1,7.118557929992676,6.713284969329834,6.915921449661255
O=C(NCCCCN1CCN(c2cccc(Cl)c2Cl)CC1)c1cccc2c1-c1ccccc1C2=O,6.6872968673706055,8.366487503051758,7.526892185211182
COc1ccccc1N1CCN(CCCCNC(=O)c2cccc(OCCOCCOCCOCCOCCOCCOCCOCCOCc3cn(-c4ccccc4)nc3OC)c2)CC1,6.581195831298828,7.165058135986328,6.873126983642578
Oc1[nH]cc(CN2C3CCC2CC(N2CCN(c3cccc4nc(-c5ccccc5)[nH]c34)CC2)C3)c1,5.870818614959717,7.045187950134277,6.458003282546997
Fc1cccc2c1CCC2CCN2CCCOc1ccc2ncoc2c1,,,
CN1CCc2cccc3c2Cc2ccc(O)c(O)c2C1,,,
Clc1ccc(N2CCN(CCCCOc3ccc4cccnc4c3)CC2)cc1Cl,6.825829029083252,7.88611364364624,7.355971336364746
N#Cc1ccccc1N1CCN(CCCCNC(=O)c2cc3ccccc3cn2)CC1,6.831980228424072,8.477679252624512,7.654829740524292
CCN1CCCC1CNC(=O)c1c(O)c(-c2ccccc2)nc2ccccc12,6.674559593200684,7.142022132873535,6.908290863037109
CCN1CCCN(CCCOc2ccc(-c3ccc(C(=O)NCCCCCCN(C)CC)cc3)cc2C)C1,4.774350643157959,6.119944095611572,5.447147369384766
CCN1CCCC(c2cccc(C3=CCN(CCCCCCNCC(=O)c4ccccc4)CC3)c2)C1,6.410488128662109,6.737823009490967,6.574155569076538
CCCN(CCCCCCN(CCC)C1CCc2c(O)cccc2C1)C1CCc2c(O)cccc2C1,8.36458969116211,8.882087707519531,8.62333869934082
O=C1N(CCN2CCN(c3cccc(Cl)c3Cl)CC2)CCN1c1ccccc1,7.452239990234375,7.511731624603271,7.481985807418823
Oc1[nH]c2ccc(Br)c(Cl)c2c1CCCN1CCN(c2cccc(Cl)c2)CC1,7.396213054656982,7.14367151260376,7.269942283630371
Cc1ccc2c(CCNCCCc3ccc(F)cc3)cccc2c1,6.188107013702393,6.050712585449219,6.119409799575806
COc1ccccc1N1CCN(CCCCNC(=O)Nc2ccccc2OC)CC1,7.734686851501465,7.814728736877441,7.774707794189453
CN1CCN(c2cccc(-c3cccc(CN4CCN(c5ccccc5OCCF)CC4)c3)c2)CC1,7.722798824310303,6.984119892120361,7.353459358215332
Oc1[nH]cc2cc(F)c(OCCCCN3CCN(c4cccc5ccccc45)CC3)cc12,8.182527542114258,8.29554557800293,8.239036560058594
CCN1CCCCC1CNCc1cccc(O)c1Cl,6.156203746795654,7.720987319946289,6.938595533370972
Nc1ccc2[nH]cc(CCCCN3CCN(c4cccc5nc(C(N)=O)ccc45)CC3)c2c1,8.073257446289062,8.14363956451416,8.108448505401611
COc1cccc(C(=CCCN2CCN(c3ccccc3OCCF)CC2)CCCCN2CCC3CCCCC3)c1,,,
Cc1ccc2c(N3CCN(CCc4cccc5[nH]nc(=O)c45)CC3)cccc2n1,,,
COc1ccccc1N1CCN(CCCCNC(=O)c2cc3ccccc3[nH]2)CC1,7.458228588104248,9.089479446411133,8.27385401725769
CN1CC=C(c2c[nH]c3ccc(NC(=O)CCCCCCCCCCCN4CCC(c5ccc(F)cc5)CC4)cc23)CC1,6.406032085418701,5.951632976531982,6.178832530975342
Fc1ccc(N2CCN(CCCCOc3ccc4[nH]cnc4c3)CC2)cc1,7.349600791931152,7.072735786437988,7.21116828918457
O=C(NCc1ccc(Cl)cc1)C1CCC(N2CCN(c3ccccc3Cl)CC2)CC1,6.48677921295166,7.048282146453857,6.767530679702759
CN(C)CCN1CCN(C2Cc3ccccc3Sc3ccc(F)cc32)C1,7.908673763275146,8.351495742797852,8.130084753036499
O=C1N(CCN2CCC(C(F)(F)F)CC2)CCN1c1cccc(C(F)(F)F)c1,6.8798017501831055,8.472172737121582,7.675987243652344
Oc1[nH]c2ccc(OCCCN3CCN(c4cccc5ccc(F)cc45)CC3)cc2c1CCC1CCCCC1,7.776632308959961,7.985110282897949,7.880871295928955
Oc1[nH]cc2ccc(OCCCCN3CCN(c4cccc5ccc(F)cc45)CC3)cc12,8.426007270812988,8.227441787719727,8.326724529266357
COc1ccccc1N1CCN(CCCC2CCCc3ccc(OC)cc32)CC1,7.145949363708496,7.619616508483887,7.382782936096191
CCCN(CCCc1ccccc1CCc1ccc(F)cc1)C1CCc2ccc(O)cc2C1,7.11329460144043,7.398489952087402,7.255892276763916
CCCN(C1CC1)C(=O)Nc1c(Cl)cccc1CCN(CCCC)CC1CCc2ccc(O)cc2C1,7.206620216369629,7.488470077514648,7.347545146942139
CN1CCN(C2Cc3ccc(Cl)cc3Nc3ncccc32)CC1,6.571141242980957,6.814293384552002,6.6927173137664795
Oc1nc2ccc(OCCCN3CCN(c4cccc(Cl)c4Cl)CC3)cc2o1,8.419424057006836,8.47336196899414,8.446393013000488
Oc1[nH]cc2c(O(CCCN3CCN(c4cccc5cccc(F)c45)CC3)cccc12,,,
CCN1CCN(c2ccc(OCCCF)cc2)CC1,6.102567195892334,6.0693440437316895,6.085955619812012
CCN(CCCCN1CCN(c2ccccc2OC)CC1)CC1Cc2ccc(O)cc2C1,7.013700008392334,7.723123550415039,7.3684117794036865
NCc1ccccc1-c1ccc(C(CCN2CCC3(CC2)CC3=O)CC2)C(=O)NCCN2CCN(c3ccccc3OCCF)CC2)cc1,,,
O=C(NCCCCN1CCN(c2cccc(Cl)c2Cl)CC1)c1cccc2c1-c1ccccc1C2,6.840058326721191,8.24310302734375,7.541580677032471
COc1ccccc1N1CCN(CCCCNC(=O)c2cc3ccc(CCOc4ccccc4)cc3[nH]2)CC1,7.524624824523926,8.563606262207031,8.044115543365479
CCCN(CCN1CCN(c2ccccc2Cl)CC1)C1CCc2ccc(O)cc2C1,7.593542575836182,8.679712295532227,8.136627435684204
CNC1(C(=O)NCCCN2CCN(c3cccc(Cl)c3Cl)CC2)CCOCC1,7.513966083526611,7.325977802276611,7.419971942901611
Cc1ccc2c(N3CCN(CCc4cccc(NC(=O)CC(C)C)c4)CC3)cccc2n1,6.919415473937988,6.5355401039123535,6.727477788925171
COc1ccccc1N1CCN(CCCCN2C(=O)c3ccccc3C2=O)CC1,7.337620735168457,7.570512771606445,7.454066753387451
CCOc1ccccc1N1CCN(CCCCNc2ccccc2C(=O)CCc2ccccn2)CC1,8.041030883789062,7.573307991027832,7.807169437408447
N#Cc1ccc2[nH]c(C3CCC(N4CCN(c5ccccc5OCC4)CC3)nc2c1,,,
O=C(CCCN1CCN(c2noc3ccccc23)CC1)c1cnc2ccccc2c1,6.938661098480225,7.549511909484863,7.244086503982544
CNCCCN1c2ccccc2N(c2cccc(O)c2)C1=O,5.888976573944092,6.496448993682861,6.192712783813477
Cc1ccc2c(N3CCN(CCc4cccc(-n5cccn5)c4)CC3)cccc2n1,7.206592559814453,7.113218307495117,7.159905433654785
N#Cc1ccc2[nH]c(C(=O)NC3CCN(Cc4ccc(Br)cc4)CC3)cc2c1,6.355790138244629,7.231618881225586,6.793704509735107
O=S(=O)(NCCCCN1CCN(c2nsc3ccccc23)CC1)c1ccc2c(c1)OCCO2,7.432814121246338,7.774381160736084,7.603597640991211
CN(C)CCc1c[nH]c2ccc(OCCCCN3CCN(c4cccc5cccc(F)c45)CC3)cc12,7.812182903289795,7.518440723419189,7.665311813354492
CCN1CCN(c2ccc(C(N)=O)cc2)CC1,5.27979850769043,5.880544662475586,5.580171585083008
N#Cc1cccc2c1CCN(CCCCN1CCN(c3ccccc3F)CC1)C2=O,7.267428398132324,7.961380958557129,7.614404678344727
N#Cc1ccc2[nH]cc(CCCCN3CCN(c4cccc(Cl)c4Cl)CC3)c2c1,8.226238250732422,8.110158920288086,8.168198585510254
CCCNc1ccccc1CCl,7.446628570556641,5.892539024353027,6.669583797454834
Oc1[nH]cc2cc(F)c(OCCCCN3CCN(c4cccc5cccc(F)c45)CC3)cc12,8.246258735656738,7.938355445861816,8.092307090759277
NCCN1CCN(c2cccc(C(=O)NCCCCN3CCN(c4cccc(Cl)c4Cl)CC3)c2)CC1,6.914604187011719,8.366263389587402,7.6404337882995605
O=C1N(CCN2CCC3C(C2)c2ccccc2N3CCCCN2CC=Cc3ccccc32)CCN1,7.152376174926758,6.978457450866699,7.0654168128967285
Cc1ccc2c(N3CCN(CCCc4cccc(N5CCCCC5=O)c4)CC3)cccc2n1,7.611216068267822,6.890584468841553,7.2509002685546875
N#Cc1cccc(N2CCN(CCCCNC(=O)c3ccc(F)cc3)CC2)c1,7.028781414031982,8.608207702636719,7.818494558334351
COc1ccccc1N1CCN(CCCCc2ccc3c(c2)sc(=O)n3CCN2CCC(C(=O)c3ccc(F)cc3)CC2)CC1,8.005274772644043,7.863858222961426,7.934566497802734
COc1ccccc1N1CCN(CCCCNC(=O)C=Cc2ccccc2Cl)CC1,7.750092029571533,9.067501068115234,8.408796548843384
N#Cc1ccccc1CN1CCN(CCCc2c[nH]c3ccc(C=N[SH](C)(=O)O)cc23)CC1,6.123170375823975,7.317301273345947,6.720235824584961
Oc1ccc2c(CCCN3CCN(c4cccc5ccccc45)CC3)cccc2[nH]1,,,
C1=C(c2ccc3ccccc3c2)CCN(CCCOc2cccc(-c3nnc(C4CCC4)o3)c2)C1,6.462287425994873,8.295242309570312,7.378764867782593
O=C1N(CCN2CCC(Cc3ccccc3)CC2)CCN1c1cccc(I)c1,8.022480964660645,7.640040874481201,7.831260919570923
[H]c1cc(C(N)=O)c[nH]1,7.821467399597168,4.821324348449707,6.3213958740234375
CCN1CCN(c2cc(C#CCCCCN3CCN(c4ccc(Cl)cc4Cl)CC3)ccc2Cl)CC1,7.5964035987854,7.679196357727051,7.637799978256226
Oc1ccc2[nH]cc(CCCN3CCN(c4cccc(Cl)c4Cl)CC3)c2c1,8.51265811920166,7.52970552444458,8.02118182182312
O=C1N(CCN2CCN(CCCc3ccccc3)CC2)CCN1c1cccc(Cl)c1,6.993776798248291,6.912155151367188,6.952965974807739
Cc1ccc2[nH]cc(CCCCN3CCN(c4cccc5cccc(C#N)c45)CC3)c2c1,7.696752071380615,7.1850996017456055,7.44092583656311
O=C(O)CCC=CCC1CCC(CNCCc2ccc3ccccc3c2)CC1,5.258239269256592,5.58092212677002,5.419580698013306
Cc1ccc2c(CCNCCCN3CCN(c4cccc(Cl)c4Cl)CC3)c[nH]c2n1,7.165343284606934,6.616195201873779,6.8907692432403564
CN1CCN(C2Cc3ccccc3Sc3ccc(Cl)cc32)CC1,9.140546798706056,8.702611923217773,8.921579360961914
O=C1N(CCN2CC3CCCc4cccc(c43)C2)CCN1c1cccc(Cl)c1,7.192448139190674,7.245655059814453,7.2190515995025635
Oc1ccc2c(OCCNCc3ccc(Br)cc3)cccc2[nH]1,,,
N#Cc1cccc(N2CCN(CCCCN3CCC(Cc4cccc(C(F)(F)F)c4)CC3)CC2)c1,7.366537094116211,7.756878852844238,7.561707973480225
CCCN(CCN1CN(c2cccc(Cl)c2)C2(CCN(C3CCC(C)(C)c4ccc(Cl)cc43)CC2)C1=O)C1CCc2n[nH]c(Cl)c2C1,7.843815326690674,8.738454818725586,8.29113507270813
COc1ccccc1N1CCN(CCCCNC(=O)CCCc2c[nH]c3ccccc23)CC1,8.361313819885254,8.12684440612793,8.244079113006592
CCCN(CCN1CCN(c2nccc3ccccc23)CC1)C1CCc2nc(N)sc2C1,6.90888786315918,8.614936828613281,7.7619123458862305
N#Cc1ccccc1CN1CCN(CCCCN2CCN(c3cccc4ccccc34)CC2)CC1,6.66450834274292,7.712934494018555,7.188721418380737
CCCN(CCN1CCN(c2cccc3ccccc23)CC1)C1CCc2ccc(O)cc2C1,7.852006912231445,8.869157791137695,8.36058235168457
Oc1cc2c(OCCNCCCCc3ccccc3)ccc(F)c2[nH]1,9.115532875061035,7.926517009735107,8.521024942398071
O=C(NCCN1CCN(C2CCc3ccccc3C2)CC1)c1ccc(-c2cccs2)cc1,7.087078094482422,7.04573917388916,7.066408634185791
Oc1cc2c(OCCCCNCCN3c4ccccc4CC3)ccc(F)c2[nH]1,8.7272310256958,7.798543930053711,8.262887477874756
CCCN(CCC1CCC(NC(=O)c2cccc3ccccc23)CC1)C1CCc2nc(N)sc2C1,6.954048156738281,8.542572021484375,7.748310089111328
CCc1c(C(=O)N2CCC(N3CCN(c4cccc(Cl)c4Cl)CC3)CC2)c(I)nc2c1CCC2,6.774743556976318,6.9360551834106445,6.8553993701934814
C#Cc1cccc(NC(=O)NC2CCC(N3CCN(c4ccccc4OCCF)CC3)CC2)c1,7.328118324279785,7.861469745635986,7.594794034957886
NCCOc1cccc2ccccc12,5.384941577911377,6.652303218841553,6.018622398376465
CN1CCc2ccccc2Cc2cccc(F)c2CC1,7.960704803466797,7.106529712677002,7.533617258071899
COc1ccccc1N1CCN(CCCCc2cc(CCCN3CCN(c4cc(C)ccc4C)CC3)no2)CC1,7.255970001220703,7.06306791305542,7.1595189571380615
CN1CCCN2c3ccccc3Cc3c[nH]c4cccc2c34,,,
O=C1Cc2ccccc2N1CCCN1CCC(n2c(O)nc3cc(F)ccc32)CC1,7.140554904937744,6.649177551269531,6.894866228103638
CCCN(CCN1CCN(c2ccc(-c3ccccc3)cc2)C1=O)C1CCc2c([nH]c3ccccc23)C1,7.04927921295166,7.847835540771484,7.448557376861572
Oc1cc2c(OCCNCc3ccccc3)ccc(Cl)c2[nH]1,8.818074226379395,7.795685768127441,8.306879997253418
Fc1ccc(CCc2cnc3[nH]cc(CCN4CCC4)c3c2)cc1,6.288708686828613,6.787156105041504,6.537932395935059
O=C(NC1CCc2cc(CCN3CCN(c4nsc5ccccc45)CC3)ccc21)c1ccc(F)cc1,7.4388251304626465,6.649332046508789,7.044078588485718
O=C(NC1CCc2ccc(CCN3CCN(c4nsc5ccccc45)CC3)cc21)C1CC1,7.392701625823975,6.859647750854492,7.126174688339233
Cc1ccc2c(N3CCN(CCc4cccc5c4OCC(=O)N5C)CC3)cccc2n1,6.850943088531494,6.639899730682373,6.745421409606934
N#Cc1ccccc1N1CCN(CCCCc2ccccc2)CC1,7.808322906494141,7.299870014190674,7.554096460342407
O=C(NCCCCN1CCN(c2ccccc2OCCF)CC1)c1ccc(F)cc1,7.706707000732422,8.843542098999023,8.275124549865723
CN1CCc2cc(Cl)c(OCCCF)cc2C1,5.803959369659424,6.321262359619141,6.062610864639282
CCCN(CCN1CCN(c2ccccc2OC)CC1)C1CCc2ccc(O)cc2C1,7.815720081329346,8.517810821533203,8.166765451431274
CCCN(CCN1CCN(c2nccc3ccccc23)CC1)C1CCc2nc(N)sc2C1,6.908890247344971,8.614936828613281,7.761913537979126
Oc1cc2c(cc1Cl)CCN(CCCCc1ccc3ccccc3c1)CC2,7.328352928161621,8.344795227050781,7.836574077606201
N#Cc1ccc2[nH]cc(CCCCN3CCN(c4cccc5ccccc45)CC3)c2c1,8.188576698303223,7.97148323059082,8.080029964447021
CN1CCN(C2=Nc3ccccc3Nc3cc(Cl)ccc32)CC1,6.374544143676758,7.2970685958862305,6.835806369781494
CCCN(CC(=O)c1ccccc1)C1CCc2ccc(O)cc2C1,7.438836574554443,7.790713310241699,7.614774942398071
O=C(NCCCCN1CCN(c2cccc(Cl)c2Cl)CC1)c1cc2ccccc2[nH]1,7.3425798416137695,9.33303451538086,8.337807178497314
CCN1CCN(CCCCc2cncn2CC2CCN(Cc3ccc(F)c(Cl)c3)CC2)C1=O,6.602964401245117,6.829930782318115,6.716447591781616
Oc1cccc2[nH]c(CCCCN3CC=C(c4ccccc4)CC3)nc12,8.350805282592773,8.640669822692871,8.495737552642822
COc1ccccc1N1CCN(CCCCNC(=O)c2cc3ccccc3s2)CC1,7.43854284286499,9.065712928771973,8.252127885818481
COc1ccccc1N1CCC(CCCN2CCN(c3ccccc3)CC2)CC1,7.494564056396484,7.397613048553467,7.446088552474976
Oc1cc2c(OCCNCCc3cccc4ccccc34)cccc2[nH]1,7.72739315032959,7.498457908630371,7.6129255294799805
OC1(c2ccc(I)cc2)CC2CCC(C1)N2Cc1csc2ccccc12,8.062305450439453,8.50825309753418,8.285279273986816
Cc1c(OCc2cccc(F)c2F)nn(CCCCCCCN2CCN(c3cccc(Cl)c3Cl)CC2)c1-c1nc2cc(Cl)cc(F)c2[nH]1,7.356663227081299,6.997001647949219,7.176832437515259
Oc1[nH]cc2c(F)c(OCCCN3CCN(c4cccc5ccc(Cl)cc45)CC3)ccc12,8.134444236755371,7.9859619140625,8.060203075408936
O=C(NCCCCN1CCN(c2cccc(Cl)c2Cl)CC1)c1ccc(F)cc1,7.551733493804932,8.872730255126953,8.212231874465942
Clc1cccc(N2CCN(CCC3CCCc4ccccc4C3)CC2)c1Cl,7.52264404296875,7.676297187805176,7.599470615386963
Oc1[nH]cc2ccc(OCCCN3CCN(c4cccc5cccc(Cl)c45)CC3)cc12,8.160287857055664,7.99403190612793,8.077159881591797
CCCN(CCN1CCN(c2cc[nH]c3ccccc23)C1=O)C1CCc2ccc(O)cc2C1,,,
CN1CCN(C2Cc3ccccc3Sc3ccc(-c4cnn(C)c4)cc32)CC1,8.523214340209961,7.4359450340271,7.97957968711853
CCCN(CCN1CCN(c2ccccc2OC)CC1)C1CCc2ccc(O)cc2C1,7.815720081329346,8.517810821533203,8.166765451431274
CCCN(CCCCCN1CCN(c2ccccc2OC)CC1)C1CCc2ccc(O)cc2C1,8.155640602111816,8.086040496826172,8.120840549468994
Cc1cc(-c2ccnc(N3CCN(CCCCC(=O)NCCc4ccc(F)cc4F)CC3)n2)no1,5.972849845886231,6.700766563415527,6.336808204650879
CN1CCN(C2CC(c3ccc(F)cc3)c3ccc(Cl)cc32)CC1(C)C,7.741881847381592,7.0761308670043945,7.409006357192993
Oc1c2c(c(-c3ccc(F)cc3)n1CC1CCCN2CCCN1CCCCc2ccc3ccccc3c21,,,
N#Cc1cccc(NCCCN2CCN(c3cccc(Cl)c3Cl)CC2)c1,7.886023998260498,7.094675064086914,7.490349531173706
CCCN(CCC1CCC(NC(=O)c2cccc(-c3ccccc3)c2)CC1)C1CCc2nc(N)sc2C1,6.9710564613342285,8.533134460449219,7.752095460891724
Fc1ccccc1N1CCN(CCCCCNc2ccccc2CCNc2ncc(Cl)cc2Cl)CC1,7.939995765686035,6.099214553833008,7.0196051597595215
CN1CCN(c2ccc(CCN3CCN(c4cccc(Cl)c4Cl)CC3)cc2)CC1,6.541460037231445,6.519785404205322,6.530622720718384
COc1ccccc1N1CCN(CCCCCNC(=O)c2cccc3ccccc23)CC1,7.284329414367676,7.609278202056885,7.44680380821228
Clc1ccccc1N1CCN(CCCCc2c[nH]c3ccc(I)cc23)CC1,8.105300903320312,7.849084854125977,7.9771928787231445
CCCN(CCN1CCN(c2cccc3c2OCCC3)CC1)C1CCc2ccc(O)cc2C1,8.074212074279785,8.5125150680542,8.293363571166992
CCCN(CCCCCCCCCCCN(CCC)C1CCc2c(O)cccc2C1)C1CCc2c(O)cccc2C1,8.169819831848145,8.308902740478516,8.23936128616333
Oc1cc2c(OCCNCc3ccccc3)ccc(Cl)c2[nH]1,8.818074226379395,7.795685768127441,8.306879997253418
N#Cc1cccc(N2CCN(CCCCCN3CCc4ccccc4C3=O)CC2)c1CCc1ccc(F)cc1,7.380579471588135,7.040849685668945,7.21071457862854
CN1CCNCC1COc1cccc(-c2cccc3[nH]nc(CCN4CCCC4)c23)c1,6.401235580444336,6.695406913757324,6.54832124710083
Oc1ccc2c(OCCNCCCc3ccccc3)ccc(F)c2[nH]1,,,
CCN1CCN(c2cccc3ccccc23)CC1,8.152008056640625,6.828587532043457,7.490297794342041
Nc1ccc(CNCCC2CCc3ccc(O)cc3O2)cc1,7.890069961547852,8.043756484985352,7.966913223266602
OC1(c2ccc(Cl)c(Cl)c2)CC2CCC(C1)N2Cc1coc2c1Cc1ccccc12,7.3687849044799805,8.438491821289062,7.9036383628845215
Oc1[nH]cc2cc(F)c(OCCCN3CCN(c4cccc5cccc(F)c45)CC3)cc12,8.04651165008545,7.654065132141113,7.850288391113281
CCCN1CCN(CCCN2c3ccccc3Sc3ccc(C(F)(F)F)cc32)CC1,6.6698384284973145,6.6016845703125,6.635761499404907
Nc1ccc(CCCNCC2CCc3ccc(O)cc3O2)cc1,9.318510055541992,7.891940116882324,8.605225086212158
Cc1cc2c(CCN(CCCCN3CCN(c4ccccc4)CC3)CC3CCC(F)(F)CC3)cccc2[nH]1,6.343570232391357,6.965884208679199,6.654727220535278
CCCN(CCCCCCCCN(CCCCN1CCN(c2ccccc2CO)CC1)C1CCc2ccc(O)cc2C1,,,
CCc1ccc(F)cc1N1CCN(CCCCNC(=O)C=Cc2ccc(Cl)cc2)CC1,7.255695343017578,8.450040817260742,7.85286808013916
CCN(CC)CCC1(c2ccc(Cl)c(Cl)c2)CCCC1,6.461112022399902,6.863391876220703,6.662251949310303
CN1CCCCC1CNCc1cccc(Cl)c1,4.756341457366943,7.245016098022461,6.000678777694702
N#Cc1cc(OCCNCC2CCc3ccc(O)cc3O2)ccc1F,9.547514915466309,7.885486602783203,8.716500759124756
COc1ccccc1N1CCN(CCCCNC(=O)C=Cc2ccc3ccccc3c2)CC1,7.164936065673828,8.855209350585938,8.010072708129883
Oc1ccc2c(c1)OCCCCN2CCCCOc1ccc2ccc(2)CCCCN2CCC1,,,
NCCc1c[nH]c2ccc(O)cc12,7.165433406829834,5.987557888031006,6.57649564743042
O=C(NCCCCN1CCN(c2cccc(Cl)c2Cl)CC1)c1cccc2c12ccc1CF,,,
COc1ccccc1N1CCN(CCCCCNC(=O)C=Cc2ccc(OC)cc2OC)CC1,7.203070640563965,7.7929840087890625,7.498027324676514
Oc1[nH]cc2ccc(OCCCN3CCN(c4cccc5cccc(Cl)c45)CC3)cc12,8.160287857055664,7.99403190612793,8.077159881591797
CN1CCN(c2cccc(Nc3cccc(C#N)c3)c2)CC1,6.300524711608887,6.546122074127197,6.423323392868042
Oc1ccc(N2CCN(Cc3c[nH]c4ccccc34)CC2)cc1,6.5339460372924805,6.207429885864258,6.370687961578369
CCCN(CCN1CCN(c2cccc3nc(-c4ccccc4)c(C)s2)CC1)C1CCc2ncc(O)cc2C1,,,
[H]C([H])([H])N1CCCC(NCCCCNC(=O)c2ccc(-c3ccccn3)cc2)C1,4.78809928894043,7.33574628829956,6.061922788619995
Oc1[nH]cc2cc(F)c(OCCCN3CCN(c4nsc5ccccc45)CC3)cc12,8.051013946533203,8.15042495727539,8.100719451904297
O=C1Cc2ccccc2C2(CCN(CCCCc3c[nH]c4ccccc34)CC2)CN1,6.661969184875488,7.04270076751709,6.852334976196289
Cc1c(S(=O)(=O)N2CCC(CCN3CCN(c4nsc5ccccc45)CC3)(c3ccc(F)cc3)C2)sc2ccc(OCCCN3CCN(c4cccc(I)c4)CC3)cc12,7.322804927825928,7.772534370422363,7.5476696491241455
Oc1c(CCN2CCN(c3ccccc3)CC2)ccc2cccnc12,7.017356872558594,6.571666240692139,6.794511556625366
Oc1[nH]c2cc(F)ccc2c1CCCCN1CC=C(c2cccc3ccc(F)cc23)CC1,8.158193588256836,8.01568603515625,8.086939811706543
Oc1[nH]cc2ccc(OCCCCN3CCN(c4cccc5ccc(F)cc45)CC3)cc12,8.426007270812988,8.227441787719727,8.326724529266357
COc1cc(N)c(Cl)cc1C(=O)OCCCN1CCN(c2cccc(C(F)(F)F)c2Cl)CC1,7.155919551849365,7.869765281677246,7.512842416763306
COc1cccc(N2CCN(CCC3CCC(Nc4nccc(C#N)n4)CC3)CC2)c1,7.535027980804443,7.860015869140625,7.697521924972534
CCN1CCN(CCCCCN2c3ccccc3Sc3ccc(C(F)(F)F)cc32)CC1,7.052916526794434,6.629899024963379,6.841407775878906
CCN1CCN(C2Cn3cccc3Sc3ccc(F)cc32)CC1,8.352453231811523,7.737476825714111,8.044965028762817
O=C1N(CCN2CCC(Cc3ccccc3)CC2)CCN1c1cccc(F)c1,7.566535472869873,7.456103324890137,7.511319398880005
Oc1ccc2c(OCCNCCCc3ccc(OCCCN4CCN(c5ccccc5Cl)CC4)cc3)ccc(O)c2[nH]1,,,
Oc1[nH]cc2cc(F)c(OCCCN3CCN(c4cccc5cccc(F)c45)CC3)cc12,8.04649829864502,7.654065132141113,7.850281715393066
COc1ccccc1N1CCN(CCCCNC(=O)c2ccc(I)cc2)CC1,7.739108562469482,8.816131591796875,8.277620077133179
Nc1cccc2ccc(CCCN3CCN(c4cccc5cc(F)cc(F)c45)CC3)nc12,7.531049728393555,6.956735610961914,7.243892669677734
O=C1N(CCCCN2CCN(c3cccc(Cl)c3)CC2)CCN1c1cccc(Cl)c1,7.405827522277832,8.38521671295166,7.895522117614746
COc1ccccc1N1CCN(CCCCNC(=O)c2cccc3c2-c2ccccc2C3=O)CC1,6.965746402740479,8.231231689453125,7.598489046096802
C1=C(c2ccc3c(c2)CCN(CCCSc2nnc(-c4cccc(Cn5ccc(C6CCN(CCN(CCc7ccc(F)cc7)CC6)cc5=O)c4)n2C)CC3)CC1,,,
CN1CC(CNCC2CCc3ccc(O)cc3O2)C2CCCCC21,7.175617218017578,7.747886657714844,7.461751937866211
Cc1ccc2[nH]c(CN3CCN(c4cccc(Cl)c4Cl)CC3)nc2c1,6.789134502410889,6.049649238586426,6.419391870498657
CN1CCN(C2Cc3ccc(Cl)cc3Sc3ccc(Cl)cc32)CC1,9.35035228729248,8.611810684204102,8.981081485748291
NCCN1CCN(c2cccc(Cl)c2Cl)CC1,7.341038703918457,7.298333168029785,7.319685935974121
CNCCc1c[nH]c2cccc(O)c12,6.7358808517456055,6.208949089050293,6.472414970397949
CN1CCN(C2Cn3cccc3Sc3ccc(Br)cc32)CC1,8.921730041503906,8.506511688232422,8.714120864868164
O=C1N(CCN2CCC3C(CCCN3c3cccc(Br)c3)C2)CCN1c1cccc2ccccc12,7.203475475311279,6.741596221923828,6.972535848617554
O=C(CCCCCCN1CCN(c2ccccc2-c2ccccc2)CC1)c1ccc(F)cc1,7.719914436340332,7.36356782913208,7.541741132736206
Oc1ccc2c(CCCCNCCOc3ccccc3)ccc(OCCCN3CCN(c4ccccc4Cl)CC3)n2n1,,,
O=C1N(CCN2CCN(c3cccc(Cl)c3Cl)CC2)CCN1c1ccccc1,7.452239990234375,7.511731624603271,7.481985807418823
Cc1ccccc1CN1CCN(CCCCc2ccc3c(c2)sc2ccc(F)cc23)CC1,6.540005207061768,6.990838050842285,6.765421628952026
COc1ccccc1N1CCN(CCCCCNC(=O)C=Cc2ccccc2)CC1,7.56961727142334,8.09689998626709,7.833258628845215
CCCN(CCN1CN(c2cccc3ccccc23)CC1)C1CCc2ccc(O)cc2C1,7.372339248657227,8.929755210876465,8.151047229766846
CCCN(CCN1CCN(c2ccccc2)CC1)C1CCc2ccc(O)cc2C1,7.061977386474609,8.358572006225586,7.710274696350098
Clc1ccc(N2CCN(CCC=Cc3ccc4cccc(Cl)c4n3)CC2)cc1Cl,6.553749084472656,6.978293418884277,6.766021251678467
CN1CCc2ccc3c(c2C1)C1CNCC3C1,7.44779634475708,6.12355899810791,6.785677671432495
Oc1ccc2c(CCCCNCC3CCc4ccccc4O3)ccc(O)c2[nH]1,,,
COc1ccc2c(c1)CCN1CCN(c3cccc(C(F)(F)F)c3)CC1=O)C2,,,
Oc1cc2ccccc2N1CCCCN1CCN(c2cccc3cc(F)ccc23)CC1,7.574551582336426,8.013026237487793,7.793788909912109
CSc1ccc2c(c1)C(N1CCN(CCCC(=O)NC3CCC(N4CCN(c5ccccc5OCCCF)CC4)CC3)CC1)CC2,6.957000732421875,7.304232597351074,7.130616664886475
Fc1ccc2nc(N3CCN(CCc4cccc(-c5ccccc5)c4)CC3)[nH]c2c1,7.409783363342285,6.866691112518311,7.138237237930298
C1=CCN(CCCN2CCN(c3cccc(Cl)c3Cl)CC2)C1,6.447929382324219,6.997030258178711,6.722479820251465
CCCN(CCN1CCN(c2cccc3ccccc23)CC1)C1CCc2ccc(O)cc2C1,7.852016448974609,8.869171142578125,8.360593795776367
CCCN(CCN1CCN(c2ccccc2OC)CC1)C1CCc2cc(O)ccc2C1,7.682731628417969,8.472164154052734,8.077447891235352
O=C(CCCN1CC=C2C(C1)c1ccc(F)cc1OCCCN2CCCCCCN1CCN(c2cccc(Cl)c2Cl)CC1,,,
O=C(NCCCCCN1CCN(c2cc(Cl)ccc2Cl)CC1)c1ccc(F)cc1,7.495227336883545,7.781668663024902,7.638447999954224
OC1(c2ccc(Cl)cc2)CC2CCC(C1)N2Cc1coc2ccccc12,7.902397632598877,8.243313789367676,8.072855710983276
OC1CCN(CCCN2CCN(c3cccc(Cl)c3Cl)CC2)CC1,5.9744873046875,6.627272129058838,6.300879716873169
CCN(CC(O)CCCN1CCN(c2cccc(Cl)c2Cl)CC1)C1Cc2ccccc2C1,6.5855889320373535,7.036755084991455,6.811172008514404
Oc1[nH]cc2ccc(OCCCCN3CCN(c4cccc5cccc(F)c45)CC3)cc12,8.384243965148926,8.055950164794922,8.220097064971924
O=C1N(CCN2CCC(CCCN3CCN(c4cccc(Cl)c4Cl)CC3)CC2)CCN1c1ccc(Cl)cc1,7.4829421043396,7.819855690002441,7.6513988971710205
N#Cc1ccc2[nH]cc(CCCCN3CCN(c4ccc5occc5c4)CC3)c2c1,7.624373435974121,7.525188446044922,7.5747809410095215
COc1ccccc1N1CCN(CCCCNC(=O)c2cc3ccc2OCC2CCCCC2)CC1,,,
CCOc1ccccc1N1CCN(CCCCNC(=O)c2cc3ccccc3o2)CC1,7.028538703918457,8.812149047851562,7.92034387588501
CCN1CCN(c2ccc3[nH]cc(C(=O)NCCCN4CCN(c5ccccc5Cl)CC4)c3c2)CC1,6.482571601867676,6.69670295715332,6.589637279510498
CCCN(CCN1CCN(c2cccc3[nH]ccc23)CC1)C1CCc2ccc(O)cc2C1,7.947385787963867,8.743558883666992,8.34547233581543
CCc1cc(N2CCN(C3CCN(c4cccc5cc(OCCCCN6CCN(c7ccccc7)CC6)ccc45)CC3)CC2)c(Cl)cn1,6.8486833572387695,7.1236419677734375,6.9861626625061035
CN1CCc2cccc3c2Cc2[nH]c3ccc(F)cc3c2C1,,,
CCN(CC)C(=O)NC1CCC(CCN2CCN(c3cccc(Cl)c3Cl)CC2)CC1,8.496599197387695,9.041000366210938,8.768799781799316
CCN1CCCC1CNC(=O)c1c(OC)ccc(I)c1F,7.869812965393066,8.523530960083008,8.196671962738037
N#Cc1ccc2[nH]c(CN3CCC(c4cccc5cc(F)ccc45)CC3)cc2c1,7.352978229522705,5.655988693237305,6.504483461380005
OC1(c2ccccc2)CC2CC(C1)C2CN1CCN(c2ccccc2)CC1,7.315546989440918,6.252108573913574,6.783827781677246
OC12C3C4CC5C1CC(CC(CCF)CC(OCCF)(C3)CC2)CCCN1CCC2CCC1C2,,,
O=C(N(CCN1CCN(c2cccc(Cl)c2Cl)CC1)c1ccc(-c2ccccc2)cc1)Cc1cnccc1,6.667586326599121,6.287651062011719,6.47761869430542
Oc1ccc2c(c1)OCCN1CCN(CCCCc3cccc(F)c3)CC1,,,
O=C1N(CCN2C3CCC2CC(NCCc2ccccc2F)C3)CCN1c1ccccc1,6.536649227142334,6.840388298034668,6.688518762588501
Cc1cc(Cl)c2c([nH]c3ccc(C=CCN4CCN(c5cccc6ccccc56)CC4)cc23)c1,6.729490756988525,6.935544967651367,6.832517862319946
Oc1ccc2[nH]cc(CCCCN3CCN(c4cccc5cccc(F)c45)CC3)c2c1,8.59611701965332,7.813994407653809,8.205055713653564
CCN1CCN(c2ccc(C)c3cccc(OCCCCNCCc4ccccc4)c23)CC1,7.111876487731934,6.389327049255371,6.750601768493652
CCN1CCN(CCC=Cc2ccc3cc(O)ccc3n2)CC1,6.671415328979492,7.704523086547852,7.187969207763672
CCCN(CCN1CN=C1c2ccccc2O)CC1c1ccc(F)cc1,,,
Oc1ccc2[nH]cc(CCCN3CCN(c4cccc5ccccc45)CC3)c2c1,8.515909194946289,7.425608158111572,7.970758676528931
CN1CCN(C2Cc3ccccc3Sc3ccc(Cl)cc32)CC1,9.140546798706056,8.702611923217773,8.921579360961914
CN1CCN(C2=Cc3cc(Cl)ccc3Oc3ccccc32)CC1,7.883111953735352,7.824334144592285,7.853723049163818
CN1CCC(c2ccc(F)cc2C2C=CC(=O)NC2=O)CC1,5.988779544830322,6.990364074707031,6.489571809768677
CCN1CC2C(C1)CN2c1ccc(Cl)cc1C(F)(F)F,7.454328536987305,5.941043376922607,6.697685956954956
CCCN(CCN1CCN(c2cccc3c2CCCC3)CC1)C1CCc2c(O)cccc2C1,8.152770042419434,8.624879837036133,8.388824939727783
Oc1ccc2c(c1)OC(CNCCCCN1CCN(c3cccc(Cl)c3Cl)CC1)CC2,9.360036849975586,9.152508735656738,9.256272792816162
CCN1CCOC2Cc3c(O)cccc3CC21,8.528524398803711,7.534567356109619,8.031545877456665
COc1ccccc1N1CCN(CCCNC(=O)CCCc2ccccc2OC)CC1,7.268215656280518,6.7992353439331055,7.0337255001068115
CCCN1CCCC2c3c(cccc3C(O)CCCCCN3CCN(c4cccc(Cl)c4Cl)CC3)CCC21,7.285673141479492,7.00039005279541,7.143031597137451
Oc1[nH]cc2ccc(OCCCN3CCN(c4cccc5ccc(F)cc45)CC3)cc12,8.386061668395996,8.020333290100098,8.203197479248047
N#Cc1ccc2[nH]cc(CCCCN3CCN(c4cccc5cc(F)ccc45)CC3)c2c1,8.164485931396484,7.814962387084961,7.989724159240723
CN1Cc2ccccc2C2c3ccccc3CCC21,6.269258975982666,7.2685465812683105,6.768902778625488
CN(C)Cc1ccccc1-1ccc(CCN2C3CCC2CC(Oc2ccc(Cl)c(Cl)c2)C3)cc1,,,
CCN1CCCCC1CNC(=O)c1cc(I)ccc1OC,7.867889881134033,8.262758255004883,8.065324068069458
Fc1ccc(N2CCN(CCCCc3c[nH]c4ccc(-n5cnnc5)cc34)CC2)cc1,7.363535404205322,6.817225933074951,7.090380668640137
N#Cc1ccc(OCCCN2CCN(c3ccc(C(F)(F)F)cc3)CC2)cc1,6.431519031524658,6.949392318725586,6.690455675125122
CCN1CCCCC1CNC(=O)c1cc(CCCF)ccc1OCCCN,6.954846382141113,7.3847198486328125,7.169783115386963
COc1ccccc1N1CCN(CCCCNC(=O)c2ccccc2I)CC1,7.859369277954102,8.374762535095215,8.117065906524658
Clc1ccc2[nH]cc(CCCN3CCN(c4cccc5nc(-c6ccccc6)nc45)CC3)c2c1,,,
COc1ccccc1N1CCN(CCCCCNC(=O)c2cc3ccc2I)CC1,,,
O=C(NCCCCN1CCN(c2cccc3ccoc23)CC1)c1cc(F)ccc1F,7.871566295623779,8.492185592651367,8.181875944137573
CCCN(CCN1CCN(c2cccc3ccccc23)CC1)C1CCc2ccc(O)cc2C1,7.852016448974609,8.869171142578125,8.360593795776367
CN1CCc2cccc3c2C1Cc1cccc(O)c1-3,6.989553451538086,7.396730422973633,7.193141937255859
CCCN(CCN1CCN(c2ccccc2)CC1)C1CCc2ccc(O)cc2C1,7.061977386474609,8.358572006225586,7.710274696350098
O=C(NC1CCc2ccc(CCN3CCN(c4ccccc4OCCF)CC3)cc21)C(F)(F)F,8.026455879211426,7.099913120269775,7.563184499740601
Oc1ccc2c(c1)OCCCCN2CCCc1ccccc1,8.0353422164917,6.341742515563965,7.188542366027832
CCCN(CCN1CCN(c2cccc3ncccc23)C1=O)C1CCc2ccc(O)cc2C1,7.110703468322754,7.955433368682861,7.533068418502808
Oc1cc2ccccc2[nH]1,8.664535522460938,6.701737880706787,7.683136701583862
O=C(O)C1CN(CCCCN2CCC3(CCc4ccccc4Cc4ccccc43)CC2)CCC1,5.72335147857666,6.232503414154053,5.9779274463653564
O=C1N(CCN2CCN(c3ccccc3Cl)CC2)CCN1c1cccc(Cl)c1,7.399530410766602,7.602095127105713,7.500812768936157
Cc1ncoc1-c1nnc(SCCCN2CC3CC3(c3ccc(S(F)(F)(F)(F)F)cc3)C2)n1C,7.081323146820068,9.124555587768556,8.102939367294312
Cc1cc(C2CCN(CCCCCCN3CCN(c4cccc(Cl)c4Cl)CC3)CC2)no1,7.373913764953613,7.042672157287598,7.2082929611206055
Nc1ccc(CCN2CCN(c3cccc4c3OCCCO4)CC2)cc1,8.561541557312012,6.684135437011719,7.622838497161865
Clc1ccc2c(c1)OCCN2CCCCN1CCN(c2cccc3ccccc23)CC1,8.072866439819336,8.367780685424805,8.22032356262207
CN1CCCCC1CNCc1cccc(I)c1,5.337847232818604,7.169504165649414,6.253675699234009
CCCN(CCN1CCN(c2ccccc2-c2ccccc2)CC1)C1CCc2cc(O)ccc2C1,7.838477611541748,8.49370002746582,8.166088819503784
N#Cc1ccc(NC2CCN(CCCCc3ccc(F)cc3)CC2)nc1,7.537879943847656,7.262157440185547,7.400018692016602
CN1CCc2c(cccc2C2CCCCCCCN2CCN(c3ccccc3OCCF)CC2)C1,,,
CCCN(CCN1CCN(c2ccccc2O)CC1)C1CCc2ccc(O)cc2C1,7.675475597381592,9.087706565856934,8.381591081619263
CN(CCCN1CCN(c2ccccc2)CC1)CCCOc1ccc2c(c1)CCC2,6.601369857788086,6.534215927124023,6.567792892456055
N1CCc2ccccc2CCN1C1CN2CCC1CC2,5.1108903884887695,5.128567218780518,5.1197288036346436
O=C1NCN(c2ccccc2)C1)C2CCN2c1ccccc1F,,,
CN1CCc2cc(I)c(O)cc2C1,6.423372745513916,8.324617385864258,7.373995065689087
CCCN(CCN1CCN(c2cccc3nc(C)ccc23)CC1)C1CCc2ccc(Cl)cc2C1,7.351088047027588,8.109819412231445,7.730453729629517
CN1CCN(CCN2c3ccccc3Sc3ccc(C(=O)NCCCCCCN4CCN(c5ccccc5OC(F)(F)F)CC4)cc32)CC1,7.17384672164917,7.68682336807251,7.43033504486084
CCCCN1CCCC1CNC(=O)c1ccc(I)cc1,6.060554027557373,8.346930503845215,7.203742265701294
Fc1cccc(CN2CCN(CCCCNc3cccc4c3CCc3ccc(F)nc3-4)CC2)c1,6.918186187744141,7.250514507293701,7.084350347518921
O=C1C2Cc3ccc(OCCCCN4CCN(c5ccccc5O)CC4)cc3CN2C1=O,7.348897457122803,7.825563430786133,7.587230443954468
Oc1[nH]cc2ccc(OCCCN3CCN(c4cccc5c4ccccc45)CC3)cc12,,,
CCN1CCN(c2cccc(C(=O)NCCCCCN3CCN(c4cccc(Cl)c4Cl)CC3)c2)CC1,7.585058212280273,7.782602310180664,7.683830261230469
Cc1ccc2c(N3CCN(CCc4cccc(NC(=O)c5ccc(F)cc5)c4)CC3)cccc2n1,6.679952621459961,6.762598514556885,6.721275568008423
O=C1N(CCN2CCN(c3ccccn3)CC2)CCN1C1CCC(c2c[nH]c3ccc(F)cc23)CC1,6.98872184753418,6.487302303314209,6.738012075424194
Oc1ccc2[nH]cc(CCCCN3CC=C(c4ccccc4)CC3)c2c1,8.44819450378418,8.916884422302246,8.682539463043213
O=C1N(CCN2CCC3(CC2)C(=O)Nc2ccccc23)CCN1C1CCN(Cc2ccccc2C(F)(F)F)CC1,6.365132808685303,7.083465576171875,6.724299192428589
Oc1[nH]c2ccc(F)cc2c1CCCCN1CCN(c2cccc(Cl)c2Cl)CC1,8.116788864135742,7.959244728088379,8.03801679611206
CCCN(CCN1CCN(c2cc(-c3ccccc3)c3ccccc3c2)CC1)C1CCc2nc(N)sc2C1,7.051086902618408,8.433832168579102,7.742459535598755
O=C1N(CCN2CCCC2)CCN1c1cccc(C2CCN(CCCCCCCCC(O)c3ccc(F)c4ccccc34)CC2)c1,7.003705024719238,6.549009323120117,6.776357173919678
NCCC(c1cccc(Cl)c1)C1CCC(CN2CCN(c3ccccc3OC(F)(F)F)CC2)CC1,7.329937934875488,7.026074409484863,7.178006172180176
C#Cc1cccc(C(=CCCNCCCc2ccccc2)c2ccccc2O)c1,6.128822326660156,6.7411041259765625,6.434963226318359
CCCN(CCN1CCN(c2ccccc2F)CC1)C1CCc2ccccc2C1,7.112184524536133,7.386798858642578,7.2494916915893555
CCCN(CCN1C2CCC1c1ccc(OC)cc1-2)C1CCc2ncc(I)nc2C1,6.330338954925537,8.61268424987793,7.471511602401733
OC1(c2ccccc2)CCN(CCCCc2c[nH]c3ccc(F)cc23)CC1,7.104964256286621,7.104111671447754,7.1045379638671875
CN1CCN(C2Cc3ccccc3Sc3ccc(Cl)cc32)CC1,9.140546798706056,8.702610969543457,8.921578884124756
CCCN(CCN1CCN(c2cccc(Cl)c2Cl)C1=O)C1CCc2ccc(O)cc2CC1,7.466667652130127,8.474166870117188,7.970417261123657
CCN(CC)C(=O)NC1Cc2c(cc3c[nH]c4c3c2C=CC4)N(C)C1,8.286233901977539,9.04771900177002,8.66697645187378
CCOc1ccccc1N1CCN(CCCCNC(=O)c2cc3ccccc3[nH]2)CC1,7.47743034362793,9.358736038208008,8.418083190917969
Oc1[nH]cc2cc(Cl)c(OCCCN3CCN(c4cccc5ccc(F)cc45)CC3)cc12,8.038405418395996,7.985777378082275,8.012091398239136
COc1ccc2c(c1)c1nc(N)c(C(=O)NCCN3CCN(c4ccccc4C(F)(F)F)CC3)cc1n2C,6.768272399902344,6.48692512512207,6.627598762512207
CCCN(CCC1CCC(NC(=O)c2cc(Oc3ccccc3)ccc2F)CC1)C1CCc2nc(N)sc2C1,7.13143253326416,8.325141906738281,7.728287220001221
COc1cccc(N2CCN(CCCCc3cccc(NC(=O)C4CCCCN4)c3)CC2)c1,6.808732986450195,7.446059226989746,7.127396106719971
O=C(NC1CCC(CCN2CCN(c3cccc(Cl)c3Cl)CC2)CC1)c1cc2cc3c(cc2o1)CCCC3,7.411279678344727,8.674160957336426,8.042720317840576
CCCN(CCN1CCN(c2ccc(-c3ccccc3)cc2)CC1)C1CCc2ccc(O)cc2C1,7.323070049285889,8.556842803955078,7.939956426620483
N#Cc1ccc2[nH]cc(CCCCN3CCN(c4ccc5c(c4)OCCO5)CC3)c2c1,7.628972053527832,7.066562175750732,7.347767114639282
N#Cc1ccc2[nH]cc(CCCCN3CCN(c4cccc5ccccc45)CC3)c2c1,8.188576698303223,7.97148323059082,8.080029964447021
CCCN1CCC2c3cc(O)ccc3CCC21,6.862895011901856,8.011849403381348,7.437372207641602
CCN1CCCC1CNC(=O)c1ccc(CCCCN2CCN(c3ccccc3OC)CC2)cc1,7.285078525543213,8.305946350097656,7.795512437820435
O=C(NCCCCN1CCN(c2cccc(Cl)c2Cl)CC1)c1ccc(I)cc1,7.461658000946045,8.996889114379883,8.229273557662964
Nc1ccc(OCCCNCC2CCc3ccc(O)cc3O2)cc1,9.607685089111328,8.452388763427734,9.030036926269531
CCCN(CCN1CCN(c2ccccc2)CC1)C1CCc2ccc(O)cc2C1,7.061977386474609,8.358572006225586,7.710274696350098
CCCN(CCN1CCN(c2cccc3c2CCN3)CC1)C1Cc2ccc(O)cc2C1,7.276158332824707,8.503987312316895,7.890072822570801
CCCN(CCN1CCN(c2ccccc2C#N)CC1)C1CCc2ccc(O)cc2C1,7.496461391448975,8.617944717407227,8.0572030544281
O=C(c1ccccc1)CCCCCN1CCN(c2ccccc2OCCF)CC1,8.38559341430664,7.753273963928223,8.069433689117432
Cc1ccc2c(-c3ccc(N4CCN(C5=Nc6ccccc6Nc5ccc4cccnc5)CC4)cc3)cccc2n1,,,
CCN1CCN(c2ccc(C#CCO)cc2)CC1,5.554179668426514,5.795403480529785,5.674791574478149
Oc1[nH]cc2ccc(OCCCCN3CCN(c4cccc5ccccc45)CC3)cc12,8.267786979675293,8.365196228027344,8.316491603851318
CCCN1CCCC2Cc3ccccc3CC21,6.954287528991699,7.18522310256958,7.06975531578064
O=C1N(CCN2CCN(c3ccccc3Cl)CC2)CCN1c1ccc2ccccc2c1,7.024871349334717,7.333088397979736,7.178979873657227
CCN(CC)C1CCc2ccc(O)cc2C1,7.649233818054199,8.252409934997559,7.950821876525879
CCN1CCCC1CNCc1ccc(I)cc1,5.181658744812012,7.064368724822998,6.123013734817505
O=C(NCC1CCC(CCN2CCN(c3ccccc3Cl)CC2)CC1)c1cccs1,7.04475736618042,8.15105152130127,7.597904443740845
C#CCN1CCC2(C)c3cc(O)ccc3N(C)C12,6.163537979125977,6.72092342376709,6.442230701446533
Oc1ccc2c(c1)OCCCNCC1CCC(c2ccccc2)CC1,,,
O=Cc1coc2c(OCCCCN3CCC(c4noc5cc(F)ccc45)CC3)cccc12,6.906706809997559,7.236939430236816,7.0718231201171875
Oc1[nH]c2ccccc2c1CNCCCCN1CCN(c2cccc3[nH]ccc23)CC1,7.330387115478516,7.980554580688477,7.655470848083496
CN1CCN(CCCN2c3ccccc3Sc3ccc(Cl)cc32)CC1,7.559896469116211,7.69283390045166,7.6263651847839355
O=C1N(CCN2CCN(c3cccc(Cl)c3Cl)CC2)CCN1c1cccc(Cl)c1,7.528343200683594,7.927173614501953,7.727758407592773
Oc1ccc2c(OCCCNCc3ccccc3)cccc2[nH]1,,,
CN1CCN(c2cccc3c2CCCCCCN3)CC1,7.516900062561035,6.476046085357666,6.996473073959351
Clc1cccc(N2CCN(CCCCc3nc4ccccc4o3)CC2)c1Cl,7.315103054046631,7.962283134460449,7.63869309425354
CN1Cc2ccccc2CC1CNCCC12c3ccc(Cl)cc3CCc1ccccc12,,,
CN1CCN(CCCN2c3ccccc3Sc3ccc(F)cc32)CC1,7.481771945953369,7.4421186447143555,7.461945295333862
Oc1[nH]cc2ccc(OCCCN3CC=C(c4cccc5cccc(F)c45)CC3)c(Cl)c12,7.952057838439941,8.184357643127441,8.068207740783691
CCCNc1cccc(CCCN2CCN(c3ccccc3Cl)CC2)c1,7.965273857116699,6.647891044616699,7.306582450866699
CCN1CCCCC1CNC(=O)c1c(F)cccc1-c1ccc(F)cc1,6.315541744232178,6.9344892501831055,6.625015497207642
Oc1ccc2[nH]cc(CCCCN3CCN(c4ccccc4)CC3)c2c1,8.05141544342041,7.814621448516846,7.933018445968628
O=C1N(CCN2CCC3Cc4ccc(O)cc4CC3C2)CCN1c1ccccn1,7.3163251876831055,7.086981773376465,7.201653480529785
O=C(NCCCCN1CCN(c2cccc(Cl)c2Cl)CC1)c1ccccc1Cl,7.701199531555176,8.613862037658691,8.157530784606934
O=C(NCCCCN1CCN(c2cccc(Cl)c2Cl)CC1)c1cccs1,7.603320121765137,9.108116149902344,8.35571813583374
O=C(NCCCCCN1CCN(c2cccc(Cl)c2Cl)CC1)c1cc2ccccc2s1,7.329256534576416,8.401792526245117,7.865524530410767
CCCN(CCN1CCN(c2cccc3ccccc23)CC1)C1CCc2ccc(O)cc2C1,7.852006912231445,8.869157791137695,8.36058235168457
CCCN(CCC1CCC(NS(=O)(=O)c2cccc(Cl)c2)CC1)C1CCc2nc(N)sc2C1,7.465462207794189,8.99124526977539,8.22835373878479
NCC1c2ccc(Br)cc2CCc2ccc(O)cc21,6.47016191482544,6.598133087158203,6.534147500991821
NCC1Cc2cccc(O)c2Cc2ccc(O)cc21,6.421700954437256,7.322416305541992,6.872058629989624
CCCCc1ccc2c(c1)C1CNCC1NC2=O,6.711454391479492,7.059428215026856,6.885441303253174
CCCN1CCc2cccc3c2C1Cc1ccc(O)c(O)c1-3,8.10791015625,8.435409545898438,8.271659851074219
Oc1[nH]cc2ccc(OCCCN3CCN(c4cccc5ccccc45)CC3)cc12,8.251432418823242,8.164287567138672,8.207859992980957
CCCN(CCN1CCN(c2ccccc2OC)CC1)C1CCc2ccc(O)cc2C1,7.815720081329346,8.517810821533203,8.166765451431274
CN1CCN(C2=Cc3ccccc3Oc3ccc(Cl)cc32)CC1,7.993473052978516,7.783572196960449,7.888522624969482
O=C1N(CCN2CCC(C(F)(F)F)CC2)CCN1c1cccc(Cl)c1,7.3516130447387695,8.580318450927734,7.965965747833252
NCCN1CCc2cc(OCCF)ccc2CCC1,6.036241054534912,5.748112678527832,5.892176866531372
Fc1ccc(CN2CCC3(CC2)CCN(CCc2ccccc2)CC3)cc1,5.624080657958984,6.102290630340576,5.86318564414978
Cc1cc2c(-c3ccc(C)cc3)n(CCN3CCN(c4cccc(Cl)c4Cl)CC3)nc2s1,6.956685543060303,6.551654815673828,6.754170179367065
Clc1ccc2c(CCN3CCN(c4cccc5c4OCCCO5)CC3)c[nH]c2n1,8.570666313171387,6.560380458831787,7.565523386001587
Fc1cccc(N2CCN(CCCCc3c[nH]c4ccc(-n5cnnc5)cc34)CC2)c1,7.710206985473633,7.162314414978027,7.43626070022583
Oc1ccc2c(c1)OC(CNCCCCc1cccc3ccccc13)CC2,8.726736068725586,8.259801864624023,8.493268966674805
Clc1cccc(N2CCN(CCCCCOc3ccc4cccnc4c3)CC2)c1Cl,7.712562084197998,8.366928100585938,8.039745092391968
Oc1ccc2nc(-c3ccc(F)cc3)[nH]c2c1,7.891831398010254,6.555700302124023,7.223765850067139
CN1CCCN(C2Cn3cccc3Sc3ccc(F)cc32)CC1,7.902186393737793,7.6273908615112305,7.764788627624512
CN1CCN(CCCN2c3ccccc3Sc3ccc(C#N)cc32)CC1,7.16294002532959,7.210597038269043,7.186768531799316
CN1CCN(C2CC(c3ccc(F)cc3)c3ccc(C#CCCCCCN3CCC(O)(c4ccccc4F)CC3)C2)CC1,,,
Oc1ccc2c3[nH]c(CCCCN4CC=C(c5cccc6ccccc56)CC4)ccc3c(O)OCC2)c1,,,
COc1ccccc1N1CCN(CCCCCc2ccc3c(c2)CCN(Cc2c[nH]c(O)c2C)C3=O)CC1,7.950212955474853,7.305963039398193,7.628087997436523
Oc1[nH]cc2c(F)c(OCCCCN3CCN(c4cccc5ccccc45)CC3)ccc12,8.298933982849121,8.418375015258789,8.358654499053955
Oc1[nH]cc2ccc(OCCCN3CCN(c4cccc5cccc(F)c45)CC3)c(F)c12,8.132925987243652,7.728168487548828,7.93054723739624
Oc1[nH]cc2ccc(OCCCN3CCN(c4cccc5cccc(Cl)c45)CC3)cc12,8.160287857055664,7.99403190612793,8.077159881591797
O=C1N(CCN2CC=C3c4ccccc4CCc4cccc(O)c43)CCN12,7.104561805725098,7.461240291595459,7.282901048660278
CCCN(CCN1CCN(c2cccc3c2OCCO3)CC1)C1CCc2ccc(O)cc2C1,7.739287376403809,8.579225540161133,8.15925645828247
Cc1cccc(N2CCN(CCCCOc3ccc4cccc(=O)n4n3)CC2)c1C,7.772985458374023,7.607643604278564,7.690314531326294
COc1ccccc1N1CCN(CCCCCCCN2CCN(c3ccccc3OC)CC2)CC1,7.837441921234131,7.5310869216918945,7.684264421463013
N#Cc1ccc(OCCCN2CCN(c3cccc4nc(C(F)(F)F)ncc34)CC2)cc1,7.585755348205566,7.8487653732299805,7.717260360717773
CN1CCN(c2cccc3cccc(OCCCNCC(O)c4ccccc4Cl)c23)CC1,6.080121994018555,6.769260406494141,6.424691200256348
O=C(c1ccnc2[nH]ccc12)C1CCN(CCCC2CC2)CC1,6.671339511871338,6.956146240234375,6.8137428760528564
CN1CCN(c2nccc3ccc(OCCCN4CCN(c5ccccc5OC(F)(F)F)CC4)cc23)CC1,7.237341403961182,7.594471931457519,7.415906667709351
N#Cc1cccc(N2CCN(CCCCNC(=O)c3cccc4c3Cc3ccc(F)cc3-4)CC2)c1,7.00951099395752,7.972087860107422,7.490799427032471
CCN1CCCC1CNC(=O)c1c(O)ccc(OCCCF)c1Br,7.549920082092285,8.458213806152344,8.004066944122314
Oc1cccc(N2CCN(CCC3CCC(CNc4ccccc4)CC3)CC2)c1,7.409292221069336,8.438486099243164,7.92388916015625
COc1ccccc1N1CCN(CCCCNC(=O)c2ccccc2I)CC1,7.859369277954102,8.374762535095215,8.117065906524658
CN1CCN(C2Cc3ccccc3Sc3ccc(F)cc32)CC1,9.00782871246338,8.473590850830078,8.740709781646729
CN1CCN(C2Cc3ccccc3Sc3ccc(Cl)cc32)CC1,9.140546798706056,8.702610969543457,8.921578884124756
CCCN(CCN1CCN(c2cccc(Cl)c2Cl)CC1)C1CCc2c(O)cccc2C1,7.985079765319824,8.79438304901123,8.389731407165527
CN1CCCCC1CN1CCN(c2cccc3ccccc23)CC1,7.064312934875488,7.173676013946533,7.118994474411011
Cc1cnc2c(c1)N1CCN(c3ccc(C(=O)NCCCCCCN4CCN(c5cccc6ccccc56)CC4)cc3)CC1CO2,6.896544456481934,7.332325458526611,7.1144349575042725
CCCN(CCN1CCN(c2cccc(Cl)c2Cl)CC1)C1CCc2ccc(O)cc2C1,7.754941463470459,8.884286880493164,8.319614171981812
N#Cc1cccc(N2CCN(CCCCN3CCC(c4nnc(Cl)c5c(C(F)(F)F)cccc45)CC3)CC2)c1,7.718851089477539,7.257952690124512,7.488401889801025
OC1(c2ccc(Cl)cc2)CC2CCC(C1)N2Cc1coc2ccccc12,7.902397632598877,8.243313789367676,8.072855710983276
CN1CCc2cc(OCCF)cc3c2C1Cc1cccc(O)c1-3,7.123617649078369,6.493233680725098,6.808425664901733
Oc1ccc2[nH]cc(CCCCN3CC=C(c4ccc5c(c4)OCCO5)CC3)c2c1,8.651679992675781,8.100174903869629,8.375927448272705
Oc1[nH]cc2cc(F)c(OCCCN3CCN(c4cccc5cccc(F)c45)CC3)cc12,8.04649829864502,7.654065132141113,7.850281715393066
Oc1c2cc(OCCN3CCN(c4cccc(Cl)c4Cl)CC3)ccc2[nH]1,,,
COc1ccccc1N1CCN(CCCCNC(=O)C=Cc2cccc3ccccc23)CC1,7.35816764831543,8.837668418884277,8.097918033599854
CCCN(CCN1CCN(c2ccc(-c3ccccc3)cn2)CC1)C1CCc2c(cccc2Cl)C1,7.058852195739746,8.019088745117188,7.538970470428467
CN1CCN(C2=Cc3ccccc3Cn3cccc32)CC1,6.638490676879883,6.769665241241455,6.704077959060669
Oc1[nH]cc2cc(F)c(OCCCN3CCN(c4cccc5cccc(F)c45)CC3)cc12,8.04649829864502,7.654065132141113,7.850281715393066
CN1CCc2cccc3c2Cc2cccc(c2)N3)CC1,,,
O=C(NCCCCN1CCN(c2cccc(Cl)c2Cl)CC1)c1cc2cc(I)ccc2[nH]1,7.313976287841797,9.264910697937012,8.289443492889404
CCN1CCN(c2cccc3ccccc23)CC1,8.152008056640625,6.828587532043457,7.490297794342041
O=C(NCCCCN1CCN(c2ccccc2OCCF)CC1)c1cccc(I)c1,7.668538570404053,8.738496780395508,8.20351767539978
N#Cc1ccccc1N1CCN(CCCCNC(=O)c2cccc3ncccc23)CC1,7.257485389709473,8.118762969970703,7.688124179840088
CCN1CCN(CCCOc2ccc(NC(=O)NCCCCCCCCCCN(C)CC3CCc4ccccc4C3)cc2)CC1,5.480020999908447,6.489724159240723,5.984872579574585
N#Cc1ccccc1CN1CCN(CCCCOc2ccc(CC3CNCCC3c3ccccc3)cc2)CC1,6.03908634185791,6.381097793579102,6.210092067718506
CCc1cn(C)c2c(N3CCN(CCCSc4nnc(-c5cccnc5)n4C)CC3)cccc12,6.5081071853637695,7.749039649963379,7.128573417663574
CCCNc1cccc(OC)c1CN1CCN(CCCNc2cccc(Cl)n2)CC1,7.04904317855835,6.31051778793335,6.67978048324585
O=C(NC1CCc2ccc(CCN3CCN(c4nsc5ccccc45)CC3)cc21)C1CC1,7.392701625823975,6.859647750854492,7.126174688339233
COc1ccccc1N1CCN(CCCCNC(=O)c2ccc3ccccc3c2)CC1,7.298825263977051,8.823209762573242,8.061017513275146
CCCN(CCN1CCN(c2cccc(-c3ccc4[nH]c(C(F)(F)F)nc4c3)c2)CC1)C1CCc2n[nH]c(C#N)c2C1,7.367074966430664,7.986871719360352,7.676973342895508
CN1CCc2c(cccc2C#CCCCN2CC=C(c3ccccc3)CC2)C1,7.074436187744141,7.282735824584961,7.178586006164551
Oc1c2c(OCCNCc3ccccc3)cccc2[nH]1,,,
CN1CCN(C2=Cc3ccccc3Oc3ccccc32)CC1,7.522921562194824,7.189533233642578,7.356227397918701
CN1CCc2ccccc2Cc2ccnc(O)c2CC1,7.174795627593994,6.590559482574463,6.8826775550842285
O=CN1CCN(CCCN2CCN(c3cccc(Cl)c3Cl)CC2)CC1,5.519145488739014,6.430929660797119,5.975037574768066
O=C1CN(CCCCN2CCN(c3cccc(Cl)c3Cl)CC2)CCN1C1CCC(c2c[nH]c3ccc(F)cc23)CC1,7.621982574462891,8.310577392578125,7.966279983520508
Clc1ccc(N2CCN(CCCC2C2CCCN3CCN(c4cccc(Cl)c4Cl)CC3)CC2)cc1Br,7.546126842498779,7.393777847290039,7.469952344894409
O=C1C2CCCN2C(CCCN2CCN(c3cccc(Cl)c3Cl)CC2)N1c1ccccc1,6.970181941986084,8.011810302734375,7.4909961223602295
CN1Cc2ccccc2CC1CNC(=O)CCCN1CCN(c2cccc3ccccc23)CC1,6.92051887512207,7.665167808532715,7.292843341827393
O=C(N(CCN1CCN(c2ccccc2Cl)CC1)c1ccc2ccccc2c1Br,,,
O=C1CCc2ccc(OCCCCN3CCCN(c4cccc(Cl)c4Cl)CC3)nc2N1,8.486466407775879,7.56836986541748,8.02741813659668
Oc1[nH]cc2ccc(OCCCN3CCN(c4cccc5cncnc45)CC3)cc12,7.857124328613281,7.601284027099609,7.729204177856445
CCCN(CCN1CCN(c2cccc(Cl)c2)CC1)C1CCc2ccc(O)cc2C1,7.14030122756958,8.691252708435059,7.915776968002319
Oc1ccc2[nH]cc(CCCN3CCN(c4cccc5cc(F)c(F)cc45)CC3)c2c1,8.574148178100586,6.959113121032715,7.76663064956665
CN1CCN(C2Cc3ccccc3Sc3ccc(F)cc32)CC1,9.00782871246338,8.473590850830078,8.740709781646729
Oc1[nH]cc2c(CCCN3CCN(c4cccc5cccc(C(F)(F)F)c45)CC3)cccc12,8.080646514892578,6.414246082305908,7.247446298599243
Cc1cccc(N2CCN(CCCCN3CCN(c4cccc(Cl)c4Cl)CC3)CC2)c1,7.66964054107666,8.07774829864502,7.87369441986084
Cc1ccc2c(N3CCN(CCc4cccc(C(F)(F)F)c4)CC3)cccc2n1,7.367771148681641,6.308936595916748,6.838353872299194
Oc1ccc2[nH]cc(CCCCN3CC=C(c4ccccc4)CC3)c2c1,8.44819450378418,8.916884422302246,8.682539463043213
N#Cc1ccc2[nH]cc(CCCCN3CCN(c4ccc5c(c4)CNC5=O)CC3)c2c1,7.567483901977539,7.560803890228271,7.564143896102905
CN1CCN(C2Cc3ccccc3Sc3ccncc32)CC1,8.296165466308594,7.757453918457031,8.026809692382812
CN1CCN(C2Cc3ccccc3Sc3ccc(Br)cc32)CC1,9.328142166137695,8.885320663452148,9.106731414794922
N#Cc1cccc(N2CCN(CCCCNC(=O)c3cccc4ccccc34)CC2)c1,7.0103440284729,8.200047492980957,7.605195760726929
CN1CCN(C2Cc3ccccc3Sc3ccc(Cl)cc32)CC1,9.140546798706056,8.702610969543457,8.921578884124756
N#Cc1ccc(N2CCN(CCCCNC(=O)c3ccc4[nH]ccc4c3)CC2)cc1,6.80647611618042,8.003252983093262,7.404864549636841
Oc1ccc2[nH]cc(CCN3CCN(c4ccc(Cl)cc4)CC3)c2c1,7.3477888107299805,5.982366561889648,6.6650776863098145
Oc1ccc2c(c1)OC(CNCCCN1CCC(Oc3cccc4ccccc34)CC1)CC2,8.113469123840332,7.828322887420654,7.970896005630493
OCCCN1CCN(C2Cc3ccccc3Sc3ccc(Br)cc32)CC1,8.09432315826416,8.095059394836426,8.094691276550293
NCCc1c[nH]nc1-c1cccc(OCCCCN2CCN(c3cccc(Cl)c3Cl)CC2)c1,7.607034683227539,8.105457305908203,7.856245994567871
CN1CCN(CCc2c[nH]c3ccc(CSC(=S)N4CC=C(c5c[nH]c6ccc(C(N)=O)cc56)CC4)cc23)CC1,6.739650249481201,6.849217414855957,6.794433832168579
OCCN1CCN(C2Cn3cccc3Sc3ccc(Cl)cc32)CC1,7.914056301116943,7.86741828918457,7.890737295150757
O=C1N(CCCN2CCN(c3cccc(Cl)c3Cl)CC2)CCN1c1cccc(Cl)c1,7.221663475036621,7.5409698486328125,7.381316661834717
Cc1ccc2c(N3CCN(CCc4cccc(-c5ccccc5)c4)CC3)cccc2n1,7.434859752655029,7.006354808807373,7.220607280731201
N#Cc1ccc(N2CCN(CCCCNC(=O)c3cc[nH]n3)CC2)cc1,6.266045570373535,7.72743034362793,6.996737957000732
O=C(NCCCCN1CCN(c2cccc(Cl)c2Cl)CC1)c1ccccc1-c1ccccc1,7.03449296951294,8.23598861694336,7.635240793228149
CCCN(CCN1CN=C2Cc3ccccc3C2C1)C1CCc2ccc(O)cc2C1,6.855813503265381,8.558757781982422,7.707285642623901
Oc1ccc2[nH]cc(CCCCN3CC=C(c4ccccc4)CC3)c2c1,8.44819450378418,8.916884422302246,8.682539463043213
CCCN(CCCCN1CCN(c2ccccc2OC)CC1)C1CCc2ccc(O)cc2C1,8.175082206726074,8.616327285766602,8.395704746246338
CCCN(CCc1c[nH]c2ccccc12)C1CCc2ccc(O)cc2C1,7.947168350219727,8.273662567138672,8.1104154586792
Cc1cnc(NCCN2CCC(c3ccc(F)c(Cl)c3)CC2)cn1,6.49971342086792,5.415416240692139,5.957564830780029
O=C(NCCN1CCN(c2cccc(Cl)c2Cl)CC1)c1cc2ccccc2[nH]1,6.932397842407227,7.944530010223389,7.438463926315308
Clc1ccc(N2CCN(CCCCN3CCN(c4ccccn4)CC3)CC2)cc1Cl,6.681818008422852,7.282169342041016,6.981993675231934
N#Cc1ccc(N2CCN(CCCCN3CCCc4ccccc4C3)CC2)cc1C(F)(F)F,6.589580059051514,6.9390363693237305,6.764308214187622
CN1CCN(c2cccc3c2CCCCC3)CC1,7.711362361907959,6.562331199645996,7.1368467807769775
N#Cc1ccc2[nH]cc(CCCCN3CCN(c4cccc5nc(C(N)=O)ccc45)CC3)c2c1,7.933559894561768,8.12565803527832,8.029608964920044
Oc1[nH]cc2c(F)c(OCCCN3CCN(c4cccc5cccc(F)c45)CC3)ccc12,8.129560470581055,7.835803031921387,7.982681751251221
CCN1CCN(C2Cn3cccc3Sc3ccc(F)cc32)CC1,8.352453231811523,7.737476825714111,8.044965028762817
CCN1CCN(c2cccc(C(=O)NC3(C(=O)NCCCNC3=O)CC2)CC1,,,
Oc1[nH]cc2ccc(OCCCN3CCN(c4cccc5cccc(F)c45)CC3)cc12,8.2858247756958,7.846155166625977,8.065989971160889
COc1ccc2c(c1)CCCN2CCCCCN1CCN(c2ccccc2OC)CC1,7.055431365966797,6.910427570343018,6.982929468154907
CCCN(CCN1CCN(c2ccc(-c3ccccc3)cc2)CC1)C1CCc2ccc(O)cc2C1,7.323070049285889,8.556982040405273,7.940026044845581
CN1CCN(C2Cc3ccccc3Sc3ccc(-c4nnn(CCN5CCN(c6ccccc6Cl)CC5)n4)cc32)CC1,7.79702615737915,7.179340362548828,7.488183259963989
O=C1NCN(c2cccc3[nH]cc(CCN4CCN(c5cccc6ccccc56)CC4)c23)C1=O,7.934040546417236,7.072602272033691,7.503321409225464
COc1cccc(OC)c1OCCNCC1COc2cccc(Cl)c2O1,6.634368419647217,7.823074340820312,7.228721380233765
O=C(NC1CCc2cc(CCCN3CCN(c4cccc(C(F)(F)F)c4)CC3)ccc21)C1CC1,6.619833946228027,6.932032585144043,6.775933265686035
COc1ccccc1N1CCN(CCCCNc2cccc(-c3ccccn3)c2)CC1,8.071017265319824,7.988183498382568,8.029600381851196
c1ccc2[nH]c(N3CCN(CCCCN4CCN(c5ccccc5OCCF)CC4)C3)nc2c1,7.371578216552734,7.439123630523682,7.405350923538208
COc1ccccc1N1CCN(CCCCNC(=O)c2cc3ccccc3o2)CC1,7.030130386352539,8.543241500854492,7.786685943603516
N#Cc1ccc2[nH]cc(CCCCN3CCN(c4ccc5oc(C(N)=O)cc5c4)CC3)c2c1,7.100306987762451,7.288533210754394,7.194420099258423
C=CCN(CC=CI)C1CCc2ccc(O)cc2C1,7.185470104217529,7.395924091339111,7.29069709777832
CCCN(CCN1CCN(c2cccc3ccccc23)CC1)C1CCc2c(O)cccc2C1,8.05475902557373,8.830840110778809,8.44279956817627
CCN1CCN(c2ccc(C(=O)NCCCCCCN3CCN(c4cccc(Cl)c4Cl)CC3)cc2)CC1,7.047245979309082,7.748676776885986,7.397961378097534
O=C1CCc2ccc(OCCCCN3CCN(c4cccc5cccc(F)c45)CC3)nc2N1,8.669334411621094,7.364121913909912,8.016728162765503
CCCN(CCN1C2CCC1c1ccc(O)cc1C2)C1CCc2ccc(O)cc2C1,6.474498271942139,9.39473819732666,7.934618234634399
Oc1cc2c(OCCNCc3ccccc3)ccc(Cl)c2[nH]1,8.818074226379395,7.795685768127441,8.306879997253418
CCCN(CCN1CCN(c2cccc3ccccc23)CC1)C1CCc2c[nH]c3ccc(O)cc23,,,
CCCN(CCN1CCN(c2c(Cl)cccc2Cl)CC1)C1CCc2ccc(O)cc2C1,7.760953903198242,8.698070526123047,8.229512214660645
O=C(NCCCN1CCN(c2ccccc2Cl)CC1)c1ccc2c(c1)CCc1ccccc1-2,6.746195793151856,7.339509963989258,7.042852878570557
COc1ccccc1N1CCN(CCCCc2c(C)cccc2C(=O)NCCc2ccc(CO)cc2)CC1,6.907654762268066,7.321995735168457,7.114825248718262
Oc1nc2cc(CCCCN3CCN(c4cccc(Cl)c4Cl)CC3)ccn2n1,8.317955017089844,8.14404582977295,8.231000423431396
CCCN(CCN1CCN(c2cccc3c2OCCCO3)CC1)C1CCc2ccc(O)cc2C1,8.271718978881836,8.31121826171875,8.291468620300293
Oc1[nH]cc2ccc(OCCCCN3CCN(c4cccc5ccccc45)CC3)cc12,8.26774787902832,8.365196228027344,8.316472053527832
CCN(CC)CC1CN(c2cccc3cc2CCc2ccc(Cl)cc23)C1,,,
Oc1ccc2[nH]cc(C3CCN(CCCCc4ccccc4)CC3)c2c1,7.775735855102539,7.266286849975586,7.5210113525390625
O=C(NC1=CCc2ncc3cnnc(O)c(c2-3)C1)C1CC1N1CCC(c2ncc(I)cc2)CC1,7.291914939880371,7.056764602661133,7.174339771270752
C#CCN1CCC(c2ccc(C(=O)NC3CCC(CCCF)CC3)cc2)CC1,5.783743858337402,6.743282794952393,6.2635133266448975
Cc1cc(N2CCN(CCCCN3CCC(c4ccc(F)cc4)CC3)CC2)ccc1Cl,7.082466125488281,6.347514152526856,6.714990139007568
Ic1cccc(N2CCN(CCCCNCc3ccc4c(c3)CNC4)CC2)c1,6.722710609436035,7.42612361907959,7.0744171142578125
O=C1N(CCN2CCN(c3cccc(Cl)c3Cl)CC2)CCN1c1cccc(Cl)c1,7.528343200683594,7.927173614501953,7.727758407592773
COc1cccc(N2CCN(CCCC(c3ccc(C)cc3)c3nc4ccccc4n3CC=CCCNC2=O)c1,,,
Oc1[nH]cc2ccc(OCCCN3CCN(c4cccc5cccc(F)c45)CC3)c(F)c12,8.132925987243652,7.728168487548828,7.93054723739624
CCCN(CCN1CCN(c2cccc(Cl)c2)CC1)C1CCc2ccc(O)cc2C1,7.14030122756958,8.691252708435059,7.915776968002319
O=C1CCc2ccc(OCCCCN3CCN(c4ccc(Cl)cc4Cl)CC3)nc2N1,8.27188491821289,7.495511054992676,7.883697986602783
N#Cc1cccc(N2CCC3(CCCN(CCN4CCN(c5cccc(Cl)c5Cl)CC4)C3)CC2)n1,6.662961483001709,6.931400775909424,6.797181129455566
CN1CCCC(Cc2cncc(CCN3CCN(c4ccccc4OC4CCCC4)CC3)n2)C1,6.884337902069092,6.647750854492188,6.76604437828064
O=C1N(CCN2CCC(C(F)(F)F)CC2)CCN1c1cc(F)ccc1N1CCCC1,7.180308818817139,8.122335433959961,7.65132212638855
Oc1[nH]cc2ccc(OCCCN3CCN(c4cccc5cccc(F)c45)CC3)cc12,8.2858247756958,7.846155166625977,8.065989971160889
O=C1N(CCN2CCC(CCN3CCN(c4cccc(Cl)c4Cl)CC3)CC2)CCN1c1cccc2ccccc12,7.733696460723877,8.054113388061523,7.8939049243927
NCCN1CCc2c2cccc(CCN3CCN(c4ccc(C#CCCN5CCCCC5)n4)CC3)c2CC1,,,
Nc1cccc2c1CN(CCCCN1CCN(c3cccc(Cl)c3Cl)CC1)C2=O,7.769726753234863,8.504510879516602,8.137118816375732
COc1ccccc1N1CCN(CCCCNC(=O)c2ccc3[nH]ccc3c2)CC1,7.915464401245117,8.762898445129395,8.339181423187256
N#CCCN1CCN(CCCNCCc2cc(C(F)(F)F)ccc2C(F)(F)F)CC1,6.755377769470215,6.0362548828125,6.395816326141357
Oc1ccc2[nH]cc(CCCN3CC=C(c4ccccc4)CC3)c2c1,8.563095092773438,8.061660766601562,8.3123779296875
O=C1Cc2cc(OCCCCN3CCN(c4cccc5cccc(F)c45)CC3)ncc2N1,8.363516807556152,7.514152526855469,7.9388346672058105
Oc1ccc2c(CCCNCc3cccc(Cl)c3)cnc(O)c2[nH]1,,,
COc1ccccc1N1CCN(CCCCCNC(=O)c2cc3c(I)cccc3[nH]2)CC1,7.930896759033203,8.402876853942871,8.166886806488037
O=C(NC1CCc2ccccc2N(CCCCN3CCN(c4cccc(Cl)c4Cl)CC3)CC1)c1ccc(F)cc1,7.863222599029541,7.928773880004883,7.895998239517212
O=C(NCCCCN1CCN(c2cccc(Cl)c2Cl)CC1)c1ccc(-c2ccccn2)cc1,6.973590850830078,8.95753002166748,7.965560436248779
O=C(NCCN1CCN(c2cccc(Cl)c2Cl)CC1)c1ccc2c(c1)-c1ccc(F)cc1OC2,6.967808723449707,7.5902628898620605,7.279035806655884
Oc1ccc2c(CCCCN3CCN(c4ccccc4)CC3)c[nH]c2c1,7.834803581237793,7.976181507110596,7.905492544174194
N#Cc1ccc2[nH]c(CN3CCN(c4ccc(F)cc4)CC3)cc2c1,5.863308429718018,5.053999423980713,5.458653926849365
Oc1ccc2[nH]cc(CCCN3CCN(c4cccc5ccccc45)CC3)c2c1,8.515909194946289,7.425608158111572,7.970758676528931
CN1CCN(C2Cc3ccccc3Sc3ccc(F)cc32)CC1,9.00782871246338,8.473590850830078,8.740709781646729
Oc1[nH]cc2cc(F)c(OCCCN3CCN(c4cccc5ccccc45)CC3)cc12,8.03945255279541,8.071406364440918,8.055429458618164
COc1ccccc1N1CCN(CCCCCc2ccc(CCCN3CCN(c4ccccc4OC)CC3)cc2)CC1,7.995829105377197,7.185660362243652,7.590744733810425
O=C1N(CCN2CCN(c3ccc(F)cc3)CC2)CCN1c1cccc(Cl)c1,6.371156692504883,6.74077033996582,6.555963516235352
O=C1CCc2cc3cc(C(F)(F)F)ccc3c(O)c2N1,8.211450576782227,5.756467819213867,6.983959197998047
Clc1ccc(N2CCC(CCN3CCN(c4ccccc4I)CC3)CC2)cc1,7.441495418548584,7.044190883636475,7.242843151092529
COc1ccccc1N1CCN(CCCCNC(=O)c2cn[nH]c2C)CC1,7.496062278747559,8.131279945373535,7.813671112060547
Oc1[nH]cc2ccc(OCCCCN3CCN(c4cccc5ccccc45)CC3)cc12,8.26774787902832,8.365196228027344,8.316472053527832
CCN1CCN(c2ccc(OCCCCN3CCN(c4cccc(Cl)c4Cl)CC3)nc2OC)CC1,7.849306106567383,8.189687728881836,8.01949691772461
Cc1ccc2c(N3CCN(CCc4cccc(NC(=O)CCCCCCCCCCN4CCN(c5ccc(Cl)cc5Cl)CC4)CC3)cccc2n1,,,
N#Cc1ccc(N2CCN(CCCCNC(=O)c3ccc4c(c3)CCCC4)CC2)cc1,7.129656791687012,7.862585067749023,7.496120929718018
COc1ccccc1N1CCN(CCCCNc2ccc(C#N)cc2I)CC1,8.82706356048584,8.339812278747559,8.5834379196167
CCCN1CCCC2Cc3nc(N)sc3CCC21,6.37431001663208,8.026590347290039,7.20045018196106
COc1ccccc1N1CCN(CCCCc2c[nH]c3ccc(C#N)cc23)CC1,8.618339538574219,8.171143531799316,8.394741535186768
CCCN(CN1CCN(Cc2ccc(F)cc2)CC1)C1CCc2ccc(O)nc2C1,5.81502628326416,7.743649959564209,6.779338121414185
Oc1ccc2c3c1OC1CC(O)C=CC31CCCN2CCCCCCCN1CCN(c2ccccc2OCCF)CC1,7.59379768371582,7.583643913269043,7.588720798492432
O=S(=O)(NCCCCCN1CCN(c2noc3ccccc23)CC1)c1ccc2ccccc2c1,7.441387176513672,7.535573482513428,7.48848032951355
Fc1cccc(N2CCNCC2)c1Cl,6.974738121032715,5.296954154968262,6.135846138000488
CC1CN(CCN2CCN(c3ccc(C#N)cc3)CC2)CC1c1ccccc1,6.392101287841797,6.611038684844971,6.501569986343384
Cc1ccc2c(N3CCN(CCc4cccc(-c5ccccc5)c4)CC3)cccc2n1,7.434859752655029,7.006354808807373,7.220607280731201
Clc1ccc(N2CCN(CCCc3c[nH]c4ccc(-n5cnnc5)cc34)CC2)cc1Cl,7.012781620025635,6.142233371734619,6.577507495880127
O=C1N(CCN2CCC(CCCCc3ccccc3F)CC2)CCN1c1cccc(I)c1,7.996815681457519,7.790575981140137,7.893695831298828
COc1ccccc1N1CCN(CCCCNC(=O)C=Cc2ccccc2O)CC1,7.625292301177978,8.991180419921875,8.308236360549927
COc1ccccc1N1CCN(CCCCCN2CCCc3cc(-c4ccc(Cl)cc4)ccc3C2=O)CC1,7.641134262084961,7.747727870941162,7.6944310665130615
O=C1N(CCN2CCN(c3ccc(F)c(Cl)c3)CC2)CCN1c1cccc(Cl)c1,6.463287830352783,7.142887592315674,6.8030877113342285
O=S(=O)(NCCCCN1CCN(c2nsc3ccccc23)CC1)c1ccc2cc(Cl)ccc2c1,7.872848987579346,8.210497856140137,8.041673421859741
Cc1ccc2c(N3CCN(CCc4cccc(-c5cccc(C(C)(C)C)c5)c4)CC3)cccc2n1,6.660868644714356,6.945328235626221,6.803098440170288
O=C1CN2CCCCCC2CN1CCCc1ccc(OCCCN2CCC3(CCc4ccccc4CN3)CC2)cc1,5.937915802001953,6.753583908081055,6.345749855041504
CCCN(CCN1CCN(c2ccccc2)CC1)C1CCc2ccc(O)cc2C1,7.061977386474609,8.358572006225586,7.710274696350098
CCCN(CCN1CCN(c2ccccc2)CC1)C1CCc2ccc(O)cc2C1,7.061977386474609,8.358572006225586,7.710274696350098
N#Cc1ccc2[nH]c(CN3CCN(c4cccc(Cl)c4Cl)CC3)cc2c1,7.0858306884765625,6.354681491851807,6.720256090164185
COc1cccc(CN2CN(c3cccc(Cl)c3)C2=O)c1,7.944132328033447,5.46175479888916,6.702943563461304
O=C(NCCCN1CCN(c2cccc(Cl)c2Cl)CC1)c1ccc2ccccc2c1,6.530116081237793,7.574605941772461,7.052361011505127
CCCN(CCN1CCN(c2cccc3ccccc23)CC1)C1CCc2ccc(O)cc2C1,7.852016448974609,8.869157791137695,8.360587120056152
O=C1N(CCN2CCN(c3ccc(Cl)c(Cl)c3)CC2)CCN1c1cccc(Cl)c1,6.428175926208496,7.280623912811279,6.854399919509888
CN1CCC(c2ccc(C3=CC(=O)CCCN3CCN(c3cccc(Cl)c3Cl)CC3)cc2)CC1,,,
Oc1[nH]cc2ccc(OCCCCN3CCN(c4cccc5cccc(F)c45)CC3)cc12,8.384243965148926,8.055950164794922,8.220097064971924
CN1CCCC(c2nc(-c3ccc(F)cn3)no2)C1,5.242465019226074,6.659261703491211,5.950863361358643
COc1ccccc1N1CCN(CCCCc2ccc3ccccc3n2)CC1,7.750458717346191,7.950705528259277,7.850582122802734
CN1C2CCC1CC(OC(c1ccccc1)c1ccc(Cl)cc1)C2,6.148387432098389,6.6581315994262695,6.403259515762329
CCN1CCCC1CNC(=O)c1c(OC)ccc(Cl)c1Cl,7.688010215759277,8.514727592468262,8.10136890411377
CCc1cn(C)c2c(N3CCN(CCN(c4cccc(Cl)c4Cl)CC3)cccc12,,,
CN1CCN(C2Cn3cccc3Sc3ccc(F)cc32)CC1,8.455343246459961,8.19658088684082,8.32596206665039
CC[N+](C)(CCN1CCN(c2cccc3ccccc23)CC1)c1cccs1,7.551546096801758,7.106718063354492,7.329132080078125
CC1=NC2=CCCCN2CCN1CCC(c2ccccc2)CC1,,,
CN1CCN(C2Cc3ccccc3Sc3ccc(F)cc32)CC1,9.00782871246338,8.473590850830078,8.740709781646729
CN1CCN(C2Cn3cccc3Sc3ccc(F)cc32)CC1,8.455343246459961,8.19658088684082,8.32596206665039
N#Cc1ccc2[nH]cc(CCCCN3CCN(c4ccc5[nH]ccc5c4)CC3)c2c1,7.777983665466309,7.459677696228027,7.618830680847168
OCCN(CCN1CCN(c2ncccn2)CC1)C1CCCCC1,5.6247100830078125,5.709777355194092,5.667243719100952
Oc1ccc2[nH]cc(CCCCN3CC=C(c4ccccc4)CC3)c2c1,8.44819450378418,8.916884422302246,8.682539463043213
COc1ccccc1N1CCN(CCCNc2ccccn2)CC1,7.717787742614746,6.342480659484863,7.030134201049805
CC1CN(C2Cc3cc(CN4CCN(c5cccc6ccccc56)CC4)ncc3N2)C1,6.655580997467041,6.208841800689697,6.432211399078369
O=S(=O)(NCCCCN1CCC(c2noc3cc(F)ccc23)CC1)c1cc2ccc(Cl)cc2s1,7.904119491577148,8.152727127075195,8.028423309326172
CN1CCN(C)CC1Cn1ccc2ccc3cccc(c32)C1,,,
c1ccc(CN2CCN(c3cccc4cccnc34)CC2)cc1,7.452560424804687,6.864905834197998,7.158733129501343
CCCN(CCN1CCN(c2ccccc2)CC1)C1CCc2ccc(O)cc2C1,7.061977386474609,8.358572006225586,7.710274696350098
O=C(NCCCCN1CCN(c2cccc(Cl)c2Cl)CC1)c1ccc(F)cc1,7.551733493804932,8.872730255126953,8.212231874465942
CCCN(CCN1CCN(c2cccc3cc(O)ccc23)CC1)C1CCc2ccc(O)cc2C1,8.06090259552002,9.346025466918944,8.703464031219482
N#Cc1ccsc1N1CCN(CCCCc2ccc3c(c2)sc(=O)n3CCCCN2CCN(c3cccc(Cl)c3Cl)CC2)CC1,7.750813961029053,8.46192741394043,8.106370687484741
Oc1[nH]cc2ccc(OCCCN3CCN(c4cccc5cccc(Cl)c45)CC3)cc12,8.160287857055664,7.99403190612793,8.077159881591797
O=C1N(CCN2CCN(c3cccc(Cl)c3Cl)CC2)CCN1c1cccc(Cl)c1,7.528343200683594,7.927173614501953,7.727758407592773
Fc1ccc2[nH]c(CCNCC3CCc4ccc(Oc5ccccc5)cc4O3)cc2c1,7.438632011413574,7.19175910949707,7.315195560455322
C1=Nc2ccc(N3CCN(CCCCc4ccc5c(c4)-c4ccc(F)cc4)CC3)nc2N1,,,
COc1cc(N2CCN(CN3CCN(c4ccccc4Cl)CC3)CC2)ccc1C(=O)NCCCN1CCN(C)CC1,5.256432056427002,6.505277156829834,5.880854606628418
O=C(NCCCCN1CCN(c2cccc(Cl)c2Cl)CC1)c1ccc2ccccc2[nH]1,,,
CCc1c(OCCCN2CCN(c3cccc4ccoc34)CC2)ccc2c[nH]c(O)c12,8.28846263885498,8.072341918945312,8.180402278900146
CCCN(CCN1CCN(c2cccc3ccccc23)CC1)C1CCc2ccc(O)cc2C1,7.852016448974609,8.869171142578125,8.360593795776367
N#Cc1ccccc1N1CCN(CCCCNC(=O)c2cc3ccccc3o2)CC1,7.022337436676025,8.358000755310059,7.690169095993042
CC1CN(CCN2CC=C3c4ccccc4CCc4ccc(Cl)cc43)CC2)CCN1,,,
Oc1ccc(N2CCN(CCCCc3cn(CCCCCCCN4CCN(c5cc(Cl)ccc5Cl)CC4)nn3)CC2)cc1,7.551331043243408,7.632785797119141,7.592058420181274
Oc1[nH]cc2cc(F)c(OCCCCN3CCN(c4cccc5cccc(F)c45)CC3)cc12,8.246258735656738,7.938355445861816,8.092307090759277
Oc1ccc2c(OCCNCc3cccc(CN4CCN(c5ccccc5OCCF)CC4)c3)cccc2[nH]1,,,
CCCN(CCN1CCN(c2cccc(Cl)c2)CC1)C1CCc2c(O)cccc2C1,7.3895263671875,8.714975357055664,8.052250862121582
Oc1[nH]c2ccccc2c1CCCCN1CCN(c2cccc3ccccc23)CC1,7.698060035705566,7.971535682678223,7.8347978591918945
Oc1[nH]cc2cccc(OCCCN3CCN(c4cccc5c4OCCO5)CC3)c12,8.168724060058594,8.058609962463379,8.113667011260986
COc1ccccc1NC(=O)NC1CCN(CCCCN2CCN(c3ccc(F)cc3)CC2)CC1,6.762184143066406,6.963899612426758,6.863041877746582
O=C(NCCN1CCN(c2cccc(Cl)c2Cl)CC1)c1cccs1,7.300969123840332,7.448251724243164,7.374610424041748
O=C1N(CCN2CCC(C(F)(F)F)CC2)CCN1c1cccc(C(F)(F)F)c1,6.879784107208252,8.472172737121582,7.675978422164917
CCCN(CCN1CCN(c2ccccc2)CC1)C1CCc2c(O)cccc2C1,7.368458271026611,8.235482215881348,7.8019702434539795
O=C(CCCN1CC=C(n2c(O)nc3ccccc32)CC1)c1ccc(F)cc1,8.367292404174805,7.846202850341797,8.1067476272583
CCCN1CCCCC(c2cccc(CCN3CCN(c4cccc(Cl)c4Cl)CC3)n2)C1,7.413315296173096,6.841184616088867,7.1272499561309814
Oc1[nH]cc2c(F)c(OCCCCN3CCN(c4cccc5cccc(F)c45)CC3)ccc12,8.369153022766113,8.06662368774414,8.217888355255127
CCCN(CCN1CCN(c2ccccc2)CC1)C1CCc2c(O)cccc2C1,7.368458271026611,8.235482215881348,7.8019702434539795
CCCN(CCN1CCN(c2cccc3c2CCC(=O)N3)CC1)C1CCc2ccc(OC)cc2C1,7.297876358032227,7.837543487548828,7.567709922790527
COc1ccccc1N1CCN(CCCCNC(=O)CCC2CCc3ccc(OCCCCN4CCC(c5ncc(F)cc5Cl)CC4)cc3C2)CC1,7.714356422424316,7.934572696685791,7.824464559555054
CN1CCN(C2Cc3ccccc3Sc3ccc(Br)cc32)CC1,9.328142166137695,8.885320663452148,9.106731414794922
O=C1CC2(CCCC2)CC(=O)N1CCN1CCN(c2ccccc2I)CC1,7.185460090637207,8.24620532989502,7.715832710266113
CCN1CCN(CCC=CCc2cccc3cc(OC)ccc23)CC1,6.134168148040772,6.237096786499023,6.1856324672698975
CN1CCN(C2=Cc3ccccc3Cc3ccccc32)CC1,7.450830936431885,7.039096832275391,7.244963884353638
NCCc1c[nH]c2ccc(OCCCCCN3CCN(c4cccc5cccc(F)c45)CC3)cc12,7.4825439453125,7.158665180206299,7.320604562759399
Oc1[nH]c2ccc(Br)cc2c1CCCCN1CCN(c2ccccc2-c2ccccc2)CC1,7.785751342773437,8.095724105834961,7.940737724304199
CCCN(CCN1CCN(c2ccc(-c3ccccc3)cc2)CC1)C1CCc2ccc(O)cc2C1,7.323070049285889,8.556842803955078,7.939956426620483
CCCN(CCN1CCN(c2cccc(Br)c2)CC1)C1CCc2ccc(O)cc2C1,7.07609748840332,8.7268705368042,7.90148401260376
Oc1ccc2c(c1)OCCC2NCCCCN1CCN(c2cccc3ccccc23)CC1,7.760571002960205,8.404014587402344,8.082292795181274
CCCN(CCN1CCN(c2ccccc2)CC1)C1CCc2ccc(O)cc2C1,7.061977386474609,8.358572006225586,7.710274696350098
CCN(CC)CCCN1c2ccccc2CCc2ccc(Cl)cc21,6.963472366333008,6.143526077270508,6.553499221801758
CCCN1CCCC2c3c(cccc3C(C)(C)C)CCC21,6.768728256225586,7.783168792724609,7.275948524475098
CN1CCN(CCCN2c3ccccc3Sc3ccc(Cl)cc32)CC1,7.559834003448486,7.69283390045166,7.626333951950073
Cc1ccc2c(N3CCN(CCc4cccc(-n5cncn5)c4)CC3)cccc2n1,6.764975547790527,6.538593292236328,6.651784420013428
CCCN(CCN1CCN(c2cccc3c2OCCO3)CC1)C1CCc2ccc(O)cc2C1,7.739175796508789,8.579225540161133,8.159200668334961
N#Cc1ccc(N2CCN(CCCCN3CCN(c4ccccc4OCCF)CC3)CC2)cc1,7.428429126739502,7.905301094055176,7.666865110397339
CCCN(CCN1CCN(c2cccc3ccccc23)CC1)C1CCc2ccccc2C1,7.595560550689697,7.916190147399902,7.7558753490448
COc1ccncc1N1CCN(CCCCc2ccc3[nH]c(S)nc3c2)CC1,8.724806785583496,7.8333635330200195,8.279085159301758
COc1ccccc1N1CCN(CCCCc2ccc3c(c2)CCC3)CC1,8.328277587890625,7.682293891906738,8.005285739898682
NCCCN1c2ccccc2CCc2ccccc21,5.733658790588379,6.47965669631958,6.1066577434539795
CCCN(CCN1CCN(c2cccc3ccccc23)CC1)C1CCc2ccc(O)cc2C1,7.852016448974609,8.869171142578125,8.360593795776367
O=C(NCCCCCN1CCN(c2cccc(Cl)c2Cl)CC1)c1ccc(F)cc1,7.75015926361084,8.002185821533203,7.8761725425720215
COCc1cc(I)cc(C(=O)NC2CC3CCC2C2(c3ccc(F)c(Cl)c3)CC2)n1,,,
CN1CCN(C2Cc3ccccc3Sc3ccc(F)cc32)CC1,9.00782871246338,8.473590850830078,8.740709781646729
Oc1cc2c(OCCNCc3c[nH]c4ccccc34)ccc(I)c2[nH]1,8.770967483520508,7.975714683532715,8.373341083526611
CN1CCCC1Cc1c[nH]c2ccc(C3=CCN(CCN4CCNC4=O)CC3)c3ccccc13,,,
Oc1[nH]cc2ccc(OCCCN3CCN(c4cccc5cccc(F)c45)CC3)cc12,8.2858247756958,7.846155166625977,8.065989971160889
Sc1nc(C2CCCCC2)nn1CC1CCCN1C1CCN(c2cccc(Cl)c2Cl)CC1,7.394917964935303,7.0697221755981445,7.232320070266724
CN1CCN(C2Cc3ccccc3Sc3ccc(Cl)cc32)CC1,9.140546798706056,8.702611923217773,8.921579360961914
O=C(NCCCCN1CCN(c2cccc(Cl)c2Cl)CC1)c1cccc2c1-c1ccccc1CN2,7.374429702758789,8.317941665649414,7.846185684204102
O=C1N(CCN2CCN(c3cccc(Cl)c3Cl)CC2)CCN1c1cc(Cl)ccc1F,7.329843044281006,7.483754634857178,7.406798839569092
CCCN(CCN1CCN(c2nccc3cc4ccccc4n23)CC1)C1CCc2nc(N)sc2C1,6.564885139465332,8.054332733154297,7.3096089363098145
Clc1ccc(N2CCN(CCCCNc3cccc4c3CNC4=O)CC2)cc1Cl,7.450879096984863,7.724348068237305,7.587613582611084
Cc1ncoc1-c1nnc(SCCCN2CCC3(CCc4c([nH]c5ccc(Br)cc45)CC3)C2)n1C,6.472293853759766,7.8809814453125,7.176637649536133
Oc1ccc2[nH]cc(CCCCN3CCN(c4cccc5cccc(Cl)c45)CC3)c2c1,8.517378807067871,7.937796592712402,8.227587699890137
Clc1cccc(N2CCN(CCCCNCc3cccc4c3CCCC4)CC2)c1Cl,7.7270660400390625,7.741525650024414,7.734295845031738
CCCN(CCN1CCN(c2ccccc2)CC1)C1CCc2ccc(O)cc2C1,7.061977386474609,8.358572006225586,7.710274696350098
Cc1c(F)ccc2c1CCC(N1CCN(c3cccc4ccoc34)CC1)C2,7.464582443237305,7.035386562347412,7.249984502792358
COc1ccccc1N1CCN(CCCCNC(=O)c2cc3ccccc3o2)CC1,7.030130386352539,8.543241500854492,7.786685943603516
Nc1ccc(CCCCNCC2Cc3ccc(O)cc3CC2)cn1,7.604372978210449,7.908261299133301,7.756317138671875
O=C(NCCCCN1CCN(c2cccc(Cl)c2Cl)CC1)c1ccc(-c2ccccc2)cc1,7.198726654052734,8.894172668457031,8.046449661254883
CCCN(CCN1CCN(c2cccc3ccoc23)CC1)C1CCc2ccc(O)cc2C1,8.003236770629883,8.87026596069336,8.436751365661621
Oc1ccc2[nH]cc(CCCCN3CCN(c4cccc5cc(F)ccc45)CC3)c2c1,8.692861557006836,8.189870834350586,8.441366195678711
CN1CCN(C2c3ccccc3Cc3ccccc32)CC1,6.653907299041748,7.191789150238037,6.922848224639893
CN1CCCCC1Cn1nc(Cc2ccc(Cl)cc2)c2ccccc21,6.602540969848633,6.441451549530029,6.521996259689331
O=C(NC1CCc2cc(CCN3CCN(c4cccc(Cl)c4Cl)CC3)ccc21)C1CC1,7.132916927337647,7.18869686126709,7.160806894302368
COc1ccccc1N1CCN(CCCCN2CCN(c3ccccc3C(F)(F)F)CC2)CC1,7.906044960021973,7.750917434692383,7.828481197357178
CNC1CCN(c2cc3nc(CCCN4CCN(c5cccc(Cl)c5Cl)CC4)ccc3cn2)C1,6.376709938049316,6.9876861572265625,6.6821980476379395
Oc1ccc2[nH]cc(CCN3CCN(c4ccccc4)CC3)c2c1,7.884078502655029,6.586003303527832,7.235040903091431
O=C(NCC=CCN1CCN(c2cccc(Cl)c2Cl)CC1)c1ccc(I)cc1,7.82635498046875,8.928491592407227,8.377423286437988
Oc1[nH]cc2ccc(OCCCCN3CCN(c4cccc5cc(F)ccc45)CC3)cc12,8.483375549316406,8.340852737426758,8.412114143371582
O=C(NCCCCN1CCN(c2cccc(Cl)c2Cl)CC1)c1cc2ccccc2cn1,6.880761623382568,9.034953117370604,7.957857370376586
CCc1cc2ccc(OCCCCN3CCN(c4cccc(Cl)c4Cl)CC3)cc2o1,7.348441123962402,8.317805290222168,7.833123207092285
Cc1ccc2c(OCCN3CCC(Cc4cccc(-c5ccc(F)cc5)c4)CC3)cncc2c1,6.765182018280029,7.182733535766602,6.973957777023315
CN1CCN(C2=Cc3ccccc3Cn3cccc32)CC1,6.638490676879883,6.769655704498291,6.704073190689087
Oc1cc2c(OCCNCc3ccccc3)ccc(Cl)c2[nH]1,8.818074226379395,7.795685768127441,8.306879997253418
Oc1[nH]cc2ccc(OCCCN3CCN(c4cccc5cccc(F)c45)CC3)cc12,8.2858247756958,7.846155166625977,8.065989971160889
O=C1CCc2ccc(OCCCCN3CCN(c4ccccc4Cl)CC3)nc2N1,8.606689453125,7.439613342285156,8.023151397705078
N#Cc1ccc2[nH]cc(CCCCN3CCN(c4cccc5cccnc45)CC3)c2c1,8.155662536621094,7.885977268218994,8.020819902420044
Oc1ccc2[nH]cc(CCCN3CC=C(c4ccccc4)CC3)c2c1,8.563071250915527,8.061653137207031,8.31236219406128
Oc1[nH]cc2c(OCCCCN3CCN(c4cccc5cccc(F)c45)CC3)cccc12,8.28132438659668,8.1029052734375,8.19211483001709
O=C(NCCCCN1CCN(c2cccc(Cl)c2Cl)CC1)c1ccccc1-c1nc2ccccc2[nH]1,7.384556293487549,8.294425964355469,7.839491128921509
O=C(NCCCCN1CCN(c2cccc(Cl)c2Cl)CC1)c1ccc2cc(I)ccc2c1,7.223143100738525,9.130942344665527,8.177042722702026
CN1CCN(C2Cc3ccccc3Sc3ccc(Cl)cc32)CC1,9.140546798706056,8.702608108520508,8.921577453613281
CN1CCN(C2CCN(CCCCOc3ccc4scnc4c3)CC2)C1=O,6.314357280731201,6.191573619842529,6.252965450286865
CCCN(CCN1CCN(c2cccc3ccccc23)CC1)C1CCc2ccc(O)cc2C1,7.852016448974609,8.869157791137695,8.360587120056152
COc1ccccc1N1CCN(CCCCc2ccc3cc(O)ccc3c2)CC1,8.416118621826172,8.378904342651367,8.39751148223877
O=C1N(CCN2CCC3Cc4ccccc4CC2)CCN3c2ccccc2C1Cc1ccccc1,5.7014479637146,6.167116641998291,5.934282302856445
CCCN(CCN1CCN(c2ccccc2)CC1)C1CCc2ccc(O)cc2C1,7.061977386474609,8.358572006225586,7.710274696350098
COc1cccc(C(=O)NCCCN2CCN(c3cccc(Cl)c3Cl)CC2)c1,6.462676525115967,7.537460327148437,7.000068426132202
CCCN1CN(c2cccc(CCN3CCN(c4cccc(Cl)c4Cl)CC3)c2)CC1,6.99554967880249,7.276771545410156,7.136160612106323
Oc1[nH]c2ccc(Br)cc2c1CCCCCN1CC=C2Cc3ccccc3CC(F)(F)C1,,,
Oc1c2c(nc3ccc(NCCN4CCN(c5cncc6ccccc56)CC4)c13)CCCNCC2,,,
c1ccc2[nH]cc(CCCN3CCN(c4cccc5ccccc45)CC3)c2c1,7.69492244720459,6.970223426818848,7.332572937011719
Nc1c(Cl)cccc1C(=O)CCCN1CCN(c2cccc(Cl)c2Cl)CC1,8.439952850341797,7.88856840133667,8.164260625839233
CCCN(CCC1CCC(NC(=O)C=Cc2ccccc2)CC1)C1CCc2nc(N)sc2C1,7.295185565948486,8.697361946105957,7.996273756027222
CCCN(CCN1CCN(c2ccccc2)CC1)C1CCc2c(O)cccc2C1,7.368458271026611,8.235482215881348,7.8019702434539795
CCN(CCN1C=CC(=Cc2ccc3ccccc3[n+]2C)CC1)CC(=O)OC,7.322206974029541,5.962355136871338,6.6422810554504395
CCCNc1cccc(-c2cncnc2)c1C,6.678696632385254,5.419069766998291,6.0488831996917725
CC(C)c1ccccc1N1CCN(CCCNC(=O)C=Cc2ccc(F)cc2)CC1,7.383435249328613,7.029794692993164,7.206614971160889
CN(CCCCN1CCN(c2cccc3ccccc23)CC1)c1cccc(Cl)c1,7.709408760070801,8.181528091430664,7.945468425750732
O=C1N(CCN2CCC(C(F)(F)F)CC2)CCN1c1cccc(I)c1,7.635980129241943,8.693582534790039,8.164781332015991
CCN(CCCCCN1CCN(c2ccccc2OC)CC1)C1CCc2ccc(O)cc2C1,8.179722785949707,8.071022987365723,8.125372886657715
CCCN(CCC1CCC(NCC2CCc3ccccc3O2)CC1)C1CCc2nc(N)sc2C1,7.732702255249023,8.683660507202148,8.208181381225586
COc1ccccc1N1CCN(CCCCCNC(=O)c2ccc(I)cc2)CC1,7.848822593688965,7.872927188873291,7.860874891281128
O=C(NC1CCc2c(CCN3CCN(c4cccc(Cl)c4Cl)CC3)cccc21)C1CC1,7.235497951507568,7.156470775604248,7.195984363555908
Clc1cccc(N2CCN(CCCCN=C3CC(c4ccccc4)c4ccccc43)CC2)c1Cl,6.664050102233887,7.339524269104004,7.001787185668945
Cc1[nH]cnc1-c1ccc(Cl)c(C(=O)NCC2CC2)c1,5.903709411621094,6.291525840759277,6.0976176261901855
COc1ccccc1N1CCN(CCCCCCNC(=O)C2Cc3ccccc3CN2)CC1,7.330275535583496,7.672179222106934,7.501227378845215
O=C(NCCCCN1CCN(c2ccc(Cl)cc2Cl)CC1)c1ccc2ccccc2c1,6.572002410888672,8.625494956970215,7.598748683929443
CCN1CCN(c2cccc(C#Cc3ccc(C)c(C)c3)c2)CC1,5.618636131286621,5.623210906982422,5.6209235191345215
CCCN(CCN1CCN(c2ccc3[nH]ccc3c2)CC1)C1CCc2ccc(O)cc2C1,7.211019039154053,8.363239288330078,7.787129163742065
CC1CN(C2CC(c3ccc(F)cc3)c3ccc(F)cc32)CCN1CC1CCN(C)CC1,6.648505687713623,6.9127516746521,6.780628681182861
O=C1N(CCN2CCC(C(=O)c3ccc(F)cc3)CC2)CCN1c1ccccc1,7.728492736816406,7.129103660583496,7.428798198699951
N#Cc1ccc2[nH]cc(CCCCN3CCN(c4cccc5nc(C(N)=O)ccc45)CC3)c2c1,7.933559894561768,8.12565803527832,8.029608964920044
CCCN(CCN1C2CCC1CC(O)(c1ccccc1)C2)CCc1ccccc1,5.959109306335449,6.616127014160156,6.287618160247803
O=C(NCCCN1CCC2C(CCc3ccccc32)C1)c1cccc2ccccc12,6.230740547180176,6.356701850891113,6.2937211990356445
N#Cc1ccc2[nH]cc(CCCCN3CCN(c4ccc5occc5c4)CC3)c2c1,7.624373435974121,7.525187969207764,7.574780702590942
Cc1nc(-c2cccc(NCCN3CCN(c4cccc(Cl)c4Cl)CC3)c2)co1,6.793734073638916,6.318138122558594,6.555936098098755
N#Cc1ccc(N2CCN(CCCCCNC(=O)c3cccc4c3Oc3ccc4[nH]c(O)nc4c3)CC2)cc1,,,
Cc1ccc2c(N3CCN(CCc4cccc(-c5cccc(C(F)(F)F)c5)c4)CC3)cccc2n1,7.420401573181152,6.336752414703369,6.878576993942261
CN1CCN(CCCN2c3ccccc3Sc3ccc(Cl)cc32)CC1,7.559834003448486,7.69283390045166,7.626333951950073
CNCC1CCN(c2ccc(OCCCCN3CCN(c4cccc5cc(F)ccc45)CC3)cc2)C1,7.013943195343018,7.646488189697266,7.330215692520142
CCCN(CCN1CCN(c2ccccc2Cl)CC1)C1CCc2ccc(O)cc2C1,7.593542575836182,8.679712295532227,8.136627435684204
Fc1cccc2[nH]c(CCCN3CCN(c4ccccc4Cl)CC3)nc12,7.641536712646484,6.786067008972168,7.213801860809326
O=C1CCc2ccc(OCCCCN3CCN(c4cccc5cc(F)ccc45)CC3)n3c2N1,,,
CCCN(CC(F)(F)F)C1CCc2ccc(O)cc2C1,5.961036205291748,7.702251434326172,6.83164381980896
CCN1CCCCC1CNC(=O)c1c(OC)cccc1I,7.761475086212158,8.1146240234375,7.938049554824829
CCN(CCN1CCN(c2cc(Cl)ccc2)CC1)C1CCc2ccc(O)cc2C1,7.2744293212890625,8.357507705688477,7.8159685134887695
CCCN(CCC1CCC(NC(=O)c2ccc(I)cc2)CC1)C1CCc2nc(N)sc2C1,7.633638858795166,9.028105735778809,8.330872297286987
O=C(NCCCCN1CCN(c2cccc(Cl)c2Cl)CC1)c1ccc2c(c1)-c1ccccc1OC2,7.1048126220703125,8.945999145507812,8.025405883789062
COc1ccccc1N1CCN(CCCNC(=O)C=Cc2ccc(Cl)s2)CC1,7.416847229003906,7.692742347717285,7.554794788360596
CN1CCN(C2=Cn3cccc3Sc3ccc(Cl)cc32)CC1,8.414504051208496,8.474985122680664,8.44474458694458
Cc1ccccc1C(O)CCCN1CCN(c2cccc3cccc(OCCCN4CCCc5ccccc5C4)c23)CC1,6.92393684387207,6.981456279754639,6.9526965618133545
CCCN(CCN1CCN(c2ccccc2Cl)CC1)C1CCc2c(O)cccc2C1,7.839887619018555,8.609131813049316,8.224509716033936
NCCCN1CCc2cccc3c2CCc2c([nH]c3ccccc23)C1,,,
CCCN(CCCCCN1CCN(c2ccc(Cl)cc2Cl)CC1)C1CCc2ccc(O)cc2C1,7.646181106567383,8.326529502868652,7.986355304718018
Clc1cccc(N2CCN(CCCCNCc3cccc4c3OCN4)CC2)c1Cl,7.461705207824707,8.20103645324707,7.831370830535889
Oc1[nH]cc2c(CCNCCCF)cccc12,6.72764778137207,6.129450798034668,6.428549289703369
N#Cc1ccccc1N1CCN(CCCCNC(=O)c2ccc3ccccc3c2)CC1,7.203427314758301,8.59039306640625,7.896910190582275
N#Cc1ccc2[nH]cc(CCCCN3CCN(c4ccc5[nH]c(C(F)(F)F)nc5c4)CC3)c2c1,7.869442462921143,7.341527462005615,7.605484962463379
O=C(NCCCCN1CCN(c2noc3ccccc23)CC1)c1cc2ccccc2[nH]1,6.779741287231445,8.297344207763672,7.538542747497559
COCC(C)NC(=O)C1Cc2c(cc3c[nH]c4c3c2C=CC4)N(C)C1,6.7481865882873535,6.938100814819336,6.843143701553345
CC(C)Oc1ccccc1N1CCN(Cc2cccc(C(=O)NCCCCCCN3CCC(c4ccc(F)cc4)CC3)c2)CC1,7.225319862365723,6.82629919052124,7.0258095264434814
CCN(CC(=CCCN1CCN(c2cccc(Cl)c2Cl)CC1)c1cccc(Cl)c1)CC1CCc2c(F)ccc(F)c2C1,6.736083030700684,6.592690944671631,6.664386987686157
Oc1cc2c(OCCNCc3cccc(F)c3)ccc(F)c2[nH]1,8.671378135681152,7.363158702850342,8.017268419265747
CCCN(CCN1CCN(c2ccccc2OC)CC1)C1CCc2nc(N)sc2C1,7.395110130310059,8.347671508789062,7.8713908195495605
Cc1c(-c2ccc3[nH]c(C(=O)N4CCN(CCCSc5ccc(Cl)cc5)CC4)cc3c2)nc(C#N)n1C,5.466429233551025,7.274979591369629,6.370704412460327
Oc1[nH]cc2ccc(OCCCCN3CCN(c4cccc5cccc(F)c45)CC3)cc12,8.384243965148926,8.055950164794922,8.220097064971924
Fc1ccc(F)c(OCCCN2CCC(c3noc4cc(F)ccc34)CC2)c1,7.274535179138184,7.782003402709961,7.528269290924072
Oc1ccc2c(N3CCN(CCCCc4cccc(-c5ccc(F)cc5)c4)CC3)cccc2n1,8.25487232208252,8.202786445617676,8.228829383850098
Nc1cccc(N2CCN(CCCc3c[nH]c4ccc(-n5cnnc5)cc34)CC2)c1,7.433570384979248,6.270561218261719,6.852065801620483
Oc1cc(N2CCN(CCCCN3CCN(c4ccccc4Cl)CC3)CC2)ccc1Cl,7.411251544952393,8.296651840209961,7.853951692581177
NCC1Nc2cccc(C3CCCCC3)c2OC2CCCCC21,7.033740520477295,6.475900650024414,6.7548205852508545
O=C1NCCN1CCN1CCN(c2cccc(Cl)c2Cl)CC1,6.954862117767334,7.634658336639404,7.294760227203369
CCCN(CCN1CCN(c2ccccc2)CC1)C1CCc2cc(O)ccc2C1,6.935369491577148,8.328344345092773,7.631856918334961
COc1c(OCCF)cccc1C(=O)CCCN1CCN(c2cccc3ccccc23)CC1,7.792550563812256,7.64786434173584,7.720207452774048
O=C1N(CCN2CCN(c3cccc(Cl)c3Cl)CC2)CCN1c1ccccc1,7.452239990234375,7.511731624603271,7.481985807418823
Clc1cccc(N2CCN(CCCCc3c[nH]c4ccc(Br)cc34)CC2)c1,7.569716930389404,7.735414028167725,7.6525654792785645
Cc1ccc2c(N3CCN(CCc4cccc5c4OCc4c(C(=O)NCCN5CCN(C)C)ncn4-5)CC3)cccc2n1,,,
CCCN(CCN1CCN(c2ccccc2OC)CC1)C1CCc2c(O)cccc2C1,8.0911283493042,8.516033172607422,8.30358076095581
Oc1[nH]cc2cc(F)c(OCCCN3CCN(c4cccc5c(Cl)cccc45)CC3)cc12,7.949808597564697,7.808452129364014,7.8791303634643555
CN1CCN(C2Cc3ccccc3Sc3ccc(Cl)cc32)CC1,9.140546798706056,8.702608108520508,8.921577453613281
COc1ccccc1N1CCN(CCCCc2ccc3c(c2)CCO3)CC1,7.945074558258057,7.755716800689697,7.850395679473877
Oc1nc2c(OCCNCc3cccc(Cl)c3)cccc2[nH]1,8.324915885925293,7.591080665588379,7.957998275756836
O=C1CCc2ccc(OCCCCN3CCN(c4cccc(Cl)c4Cl)CC3)nc2N1,8.820858001708984,7.946581840515137,8.38371992111206
CC1CCN(CCCN2c3ccccc3Sc3ccc(I)cc32)CC1,7.138829708099365,7.41102933883667,7.274929523468018
Oc1ccc2c(c1)OC(CNCCCN1CCN(c3cccc(Cl)c3Cl)CC1)CC2,9.14795970916748,8.325576782226562,8.736768245697021
CN1CCCC1Cn1ncc2cccc(CCCCN3CCN(c4ccccc4Cl)CC3)c21,6.9110260009765625,7.289752960205078,7.10038948059082
O=C1N(CCN2CCC3(CC2)C(=O)c2ccccc2N3c2ccccc2)CCN1CCN1CCN(c2ccccc2F)CC1,7.418104648590088,6.918584823608398,7.168344736099243
Oc1ccc2c(c1)OC(CNCCCCN1CCN(c3cccc(Cl)c3Cl)CC1)CC2,9.360036849975586,9.152508735656738,9.256272792816162
Clc1ccc(N2CCN(CCC3CCC(Nc4ncccc4Br)CC3)CC2)cc1,7.606441497802734,7.233898639678955,7.420170068740845
O=C1N(CCN2CCN(c3cccc(Cl)c3Cl)CC2)CCN1c1cc2ccccc2[nH]1,7.320283889770508,7.548239707946777,7.434261798858643
Oc1c2ccc(N3CCN(Cc4ccccc4)CC3)cc2[nH]1,,,
Oc1ccc2[nH]cc(CCCCN3CCN(c4ccccc4Cl)CC3)c2c1,8.63847541809082,8.2700834274292,8.45427942276001
O=C(NCC=CCN1CCN(c2cccc(Cl)c2Cl)CC1)c1ccc2c(c1)Cc1ccccc1-2,7.115996837615967,8.623013496398926,7.869505167007446
N#Cc1cccc(NCCN2CCN(c3cccc4nc(O)[nH]c34)CC2)c1,7.897617816925049,6.672572135925293,7.285094976425171
O=C(NCCCCN1CCN(c2cccc(Cl)c2Cl)CC1)c1cc2c3c(cccc13)CCC2,,,
O=C1N(CCN2CCC3(CCc4ccccc4C3)CC2)CCN1c1ccccc1,6.650142192840576,7.022371768951416,6.836256980895996
CCCN(CCN1CCN(c2cccc3cccnc23)CC1)C1CCc2ccc(O)cc2C1,7.680384635925293,8.793758392333984,8.237071514129639
O=C1N(CCN2C3CCC2CCC3)CCN1c1ccccc1,7.123775959014893,7.65143346786499,7.387604713439941
O=C1N(CCN2CC3CCCCC3c3ccccc32)CCN1c1cccc(Cl)c1,7.968029499053955,6.956255435943604,7.462142467498779
CCCN(CCN1CCN(c2cccc3ccccc23)CC1)C1=CCc2ccc(O)cc2C1,7.865324020385742,8.384628295898438,8.12497615814209
CCCN(CCN1CCN(c2cccc3ccccc23)CC1)C1CCc2ccc(O)cc2C1,7.852016448974609,8.869157791137695,8.360587120056152
N#Cc1ccc(N2CCC3(CCN(CCCCCCCCCCCCN4CCc5ccc6c(c5CCCCN5CCCC4)CC3)CC2)nc1,,,
CN1CCCC1CCn1ccc2ccc3[nH]ccc3c21,6.175053596496582,6.076080799102783,6.125567197799683
O=C1N(CCN2CCC(Cc3ccc(F)cc3)CC2)CCN1c1cccc(Cl)c1,7.759661674499512,7.534011840820312,7.646836757659912
CN1CCCC1CNc1cccc(-c2cccc3c2CCCN3)c1F,7.167811393737793,6.705390930175781,6.936601161956787
CN1CCN(C2CC(c3ccc(F)cc3)c3ccccc32)CC1(C)C,7.357419967651367,6.840575218200684,7.098997592926025
O=C(NCCCCN1CCN(c2cccc(Cl)c2Cl)CC1)c1ccccc1,7.537884712219238,8.840494155883789,8.189189434051514
CN1CCN(C2Cc3ccccc3Sc3ccc(-c4nnn(C)n4)cc32)CC1,8.439382553100586,7.074907779693604,7.757145166397095
Ic1cccc(N2CCN(CCC3CCC(Nc4ncccn4)CC3)CC2)c1,8.069581031799316,7.644412517547607,7.856996774673462
C1=C(c2ccc3ncccc3c2)CN(CCCCCN2CCN(c3cccc(C(F)(F)F)c3)CC2)CC1,7.500147342681885,7.39951229095459,7.449829816818237
c1cc2c(N3CCN(CCCCCCN=C4CC=C(c5ccccc5)CC4)CC3)cccc2[nH]1,8.423261642456055,7.958097457885742,8.190679550170898
CCCN(CCN1CCN(c2cccc(Cl)c2Cl)C1=O)C1CCc2ccc(O)cc2C1,7.456831932067871,8.60012435913086,8.028478145599365
OC1(c2ccc(F)cc2)CCN(CCCCc2c[nH]c3ccc(-n4cnnc4)cc23)CC1,7.566603660583496,7.082005500793457,7.324304580688477
CN1CCN(C2Cc3ccccc3Sc3ccc(CCN4CCN(c5cccc6ncccc56)CC4)cc32)CC1,8.228279113769531,7.570675373077393,7.899477243423462
CCN1CC(C(=O)NCCCN2CCN(c3cccc(Cl)c3Cl)CC2)CC1=O,7.302395820617676,7.319986343383789,7.311191082000732
CC1NCCN(Cc2ccc(OCCN3CCC(c4noc5cc(F)ccc45)CC3)cc2)C1=O,6.903140544891357,6.520169258117676,6.711654901504517
COc1ccccc1N1CCN(CCc2ccc3occc3c2)CC1,7.697015762329102,7.08908224105835,7.393049001693726
O=C(NCCCCN1CCN(c2nsc3ccccc23)CC1)c1cc2ccccc2[nH]1,7.502806663513184,8.942609786987305,8.222708225250244
Oc1ccc2c(OCCCCN3CCN(c4cccc5cc(F)ccc45)CC3)c[nH]c2n1,8.761197090148926,8.502049446105957,8.631623268127441
CN1CCN(C2Cc3ccccc3Sc3ccc(-c4nnn(CCCCN5CCN(c6ccccc6Cl)CC5=O)n4)c32)CC1,,,
Oc1cc2c(OCCNCCCCl)ccc(F)c2[nH]1,8.650196075439453,7.695950031280518,8.173073053359985
CCCN(CCN1CCN(c2cccc(Cl)c2Cl)C1=O)C1CCc2ccc(O)cc2C1,7.456831932067871,8.600118637084961,8.028475284576416
Oc1ccc2c(c1)OC(CNCCNCC1COc3ccccc3O1)CC2,9.534546852111816,8.819437026977539,9.176991939544678
Cc1cc2c(CCN(CCCCN3C=CC(c4ccc(F)cc4)CC3)CCCc3c(O)cccc32)no1,,,
N#Cc1cccc(N2CCN(CCCC3CCC(Nc4nccc(C#N)c4Cl)CC3)CC2)c1,7.717823028564453,8.09699821472168,7.907410621643066
CCN(CCCCCN1CCN(c2cccc3ccoc23)CC1)C1Cc2ccc(O)cc2C1,8.288213729858398,8.445209503173828,8.366711616516113
Cc1ccc2c(N3CCN(CCCc4cccc(-n5ccnc5)c4)CC3)cccc2n1,6.910609722137451,6.870918273925781,6.890763998031616
NCCCN1c2ccccc2CCc2nc[nH]c21,6.578845024108887,6.205169677734375,6.392007350921631
Oc1[nH]cc2cc(F)c(OCCCN3CCN(c4cccc5cccc(Cl)c45)CC3)cc12,7.8909077644348145,7.786128520965576,7.838518142700195
O=C1N(CCN2CC3CCC(C2)C3)CN(c2cccc(Cl)c2Cl)C12CCC2,8.370521545410156,8.446861267089844,8.40869140625
Clc1cccc(N2CCN(CCCF)CC2)c1Cl,7.772335529327393,7.574868679046631,7.673602104187012
O=C(OCCCN1CCN(c2ccc(F)cc2)CC1)C1CCC2(CO)CC1,,,
Cc1ccc2c(N3CCN(CCc4cccc(-c5cc(CF)ccc5F)c4)CC3)cccc2n1,7.406769752502441,6.430203914642334,6.918486833572388
O=C(CCCN1CC=C(n2c(O)nc3ccccc32)CC1)c1ccc(F)cc1,8.367292404174805,7.846202850341797,8.1067476272583
Oc1[nH]cc(CN2CCC(c3cccc4ccccc34)CC2)c1,7.347711563110352,6.879806518554688,7.1137590408325195
O=C(NCCCCN1CCN(c2cccc(Cl)c2Cl)CC1)c1cc2ccccc2[nH]1,7.3425798416137695,9.333032608032228,8.337806224822998
NCCCN1c2ccccc2CCc2cccc(O)c21,6.480175971984863,6.913595676422119,6.696885824203491
C#CCN1CCC(Cc2ccc(NC)c3ccc(O)cc23)CC1,6.026455402374268,5.866805076599121,5.946630239486694
CCN1CCCC1CNCc1cccc(O)c1F,5.381251335144043,7.534110069274902,6.457680702209473
O=C(NCCCCN1CCN(c2cccc(Cl)c2Cl)CC1)c1ccc2ccccc2c1,7.087527751922607,9.066522598266602,8.077025175094604
O=C1NCCN1C1CCN(CCCCN2CCC(c3ccccc3)CC2)CC1,5.269417762756348,5.643730640411377,5.456574201583862
O=C1N(CCN2CCC3c4ccccc4CCC3C2)CCN1c1cccc(Cl)c1,7.220231533050537,7.0364089012146,7.128320217132568
N#Cc1ccc2[nH]c(CCCCN3CCN(c4cccc5ccccc45)CC3)nc2c1,8.065129280090332,7.854873657226562,7.960001468658447
O=C(NCCN1CCN(Cc2cccs2)CC1)c1cccc2c1-c1ccccc1I,,,
Cc1ccc2c(Cl)c(OCCN3CCN(c4cccc5nc(N)sc45)CC3)ccc2n1,7.455160140991211,6.953193187713623,7.204176664352417
Fc1ccc(F)c(CN2CCN(CCCc3c[nH]c4ccccc34)CC2)c1,6.189473628997803,6.352411270141602,6.270942449569702
Clc1ccc(N2CCN(CCCCc3ccc4c(c3)NC(=O)CCC4)CC2)cc1Cl,7.973557949066162,7.659174919128418,7.81636643409729
COc1ccccc1N1CCN(CCCCNC(=O)c2cc3ccccc3[nH]2)CC1,7.458228588104248,9.089486122131348,8.273857355117798
O=C(CCCCCN1CCN(c2ccc(F)cc2)CC1)c1ccc(F)cc1,7.478769779205322,6.75825834274292,7.118514060974121
O=C1C2CCCN2C(=O)N1CCCCNCC1CCc2ccccc2O1,7.9306182861328125,7.527356147766113,7.728987216949463
O=C(CCCN1CC2CCC1CC(O)(c1ccc(F)cc1)C2)c1ccc(F)cc1,7.812121868133545,7.454960823059082,7.6335413455963135
Cc1cc(CCCCN2CCN(c3cccc(Cl)c3Cl)CC2)no1,7.329580307006836,7.52595043182373,7.427765369415283
Oc1ccc2ccc(OCCCCN3CCN(c4ccccc4Cl)CC3)cc2[nH]1,,,
NCCN1CCCC2Cc3ccccc3CCc3cccnc32,,,
Fc1ccc(N2CCN(CCCCc3c[nH]c4ccccc34)CC2)cc1,6.981080055236816,7.047409057617188,7.014244556427002
Oc1[nH]cc2ccc(OCCCN3CCN(c4cccc5ccccc45)CC3)cc12,8.251432418823242,8.164287567138672,8.207859992980957
CCN1CCN(C2Cn3cccc3Sc3ccc(F)cc32)CC1,8.352453231811523,7.737476825714111,8.044965028762817
Oc1[nH]cc2ccc(OCCCN3CCN(c4cccc5cccc(F)c45)CC3)cc12,8.2858247756958,7.846155166625977,8.065989971160889
Oc1ccc2c(NCCN3CCN(c4cccc5cccc(Cl)c45)CC3)cccc2[nH]1,,,
CCCN(CCN1CCN(c2cccc(Cl)c2Cl)CC1)C1CCc2ccc(O)cc2C1,7.754941463470459,8.884286880493164,8.319614171981812
Nc1c(N2CCN(CC3CC3c3ccccc3)CC2)ccc2c[nH]c(O)c12,7.360758304595947,7.521941661834717,7.441349983215332
Oc1[nH]cc2ccc(OCCCN3CCN(c4cccc5ccc(F)cc45)CC3)cc12,8.386061668395996,8.020333290100098,8.203197479248047
Oc1[nH]cc2ccc(OCCN3CCN(c4cccc5ccccc45)CC3)cc12,8.43844985961914,7.355629920959473,7.897039890289307
CCCN(CCN1CCN(c2cccc(-c3ccccc3)c2)CC1)C1CCc2c(O)cccc2C1,7.822128295898437,8.537263870239258,8.179696083068848
CCCN(CCN1CCN(c2cccc3ccccc23)CC1)C1CCc2ccc(O)cc2C1,7.852016448974609,8.869171142578125,8.360593795776367
COc1ccccc1N1CCN(CCCCNC(=O)c2cccc(Cl)c2)CC1,7.439869880676269,8.743043899536133,8.091456890106201
Oc1ccc2[nH]cc(CCCCN3CC=C(c4ccccc4)CC3)c2c1,8.44819450378418,8.916884422302246,8.682539463043213
CCN(CCN1CCN(c2ccccc2OC)CC1)C1CCc2ccc(O)cc2C1,7.938508987426758,8.271970748901367,8.105239868164062
Oc1nc2ccccc2n1CCCCCN1CCN(c2cccc(Cl)c2Cl)CC1,7.946537494659424,7.861992835998535,7.9042651653289795
Oc1ccc2c(N3CCN(CCCCOc4ccc5c(c4)CNCC5)CC3)cccc2[nH]1,,,
COc1ccccc1N1CCN(CCCCNC(=O)c2ccccc2I)CC1,7.859369277954102,8.374762535095215,8.117065906524658
Oc1ccc2[nH]cc(CCCN3CCN(c4cccc5ccccc45)CC3)c2c1,8.515907287597656,7.4256272315979,7.970767259597778
CCCN(CCN1CCN(c2ccccc2)CC1)C1CCc2c(O)cccc2C1,7.368458271026611,8.235482215881348,7.8019702434539795
Oc1nc(N2CCNCC2)c2ccc3[nH]ccc3c21,,,
COc1ccccc1N1CCN(CCCCCCNC(=O)CC2CCCc3c(C)cccc32)CC1,7.666811466217041,7.234413146972656,7.450612306594849
COc1ccccc1N1CCN(CCCCc2ccc3c(C)cc(Cl)cc3[nH]2)CC1,,,
CC1NCCc2c(O)ccc(O)c21,6.381353378295898,7.445667743682861,6.91351056098938
CN1CCN(C2=Cc3ccccc3Oc3ccc(Cl)cc32)CC1,7.993473052978516,7.783572196960449,7.888522624969482
Oc1ccc2c(OCCNCCCc3cccc(Cl)c3)cccc2[nH]1,,,
CCCN(CCOC)C1CCc2ccc(Cl)cc2C1,7.198483467102051,6.815096855163574,7.0067901611328125
Cc1ccc2c(CCN3CCN(c4cccc5c4CCO5)CC3)c[nH]c2n1,7.605342864990234,6.699236869812012,7.152289867401123
CN1CCN(C2=Cc3ccccc3Cc3cc(O)ccc32)CC1,7.402233600616455,7.677365779876709,7.539799690246582
CCN1CCCC1CNC(=O)c1c(O)ccc(OCCCNCCF)c1OC,6.90969705581665,8.12671184539795,7.5182044506073
Oc1[nH]cc2c(F)c(CCCN3CC=C(c4cccc5ccccc45)CC3)ccc12,8.109833717346191,7.43105411529541,7.770443916320801
Oc1ccc2c(c1)CCN(CCCCNc1ccccc1)C2,7.659706115722656,8.430081367492676,8.044893741607666
CN1CCc2c(c3ccc(Cl)cc3n2CCc2ccccc2)C1,7.228031635284424,6.216156959533691,6.722094297409058
CCCN(CCN1CCN(c2ccccc2)CC1)C1COc2cccc(O)c2C1,6.713295936584473,8.227978706359863,7.470637321472168
CCCN1CCc2cc(OC)cc3c2C1Cc1cccc(O)c1-3,7.171772003173828,7.265995979309082,7.218883991241455
O=C1N(CCN2Cc3ccccc3C2)CCN1c1cccc(C(F)(F)F)c1,6.323578834533691,8.029830932617188,7.1767048835754395
O=C1N(CCN2CCN(c3cccc(Cl)c3)CC2)CCN1c1cccc2ccccc12,6.744042873382568,7.165061473846436,6.954552173614502
O=C(NCCCCN1CCN(c2cccc(Cl)c2Cl)CC1)c1cccs1,7.603320121765137,9.108116149902344,8.35571813583374
CCN1CCCC1CNC(=O)c1c(OC)ccc(Br)c1OC,6.901225090026856,8.275629043579102,7.5884270668029785
CN1CCN(C2Cn3cccc3Sc3ccc(F)cc32)CC1,8.455343246459961,8.19658088684082,8.32596206665039
O=Cc1cnn(CCN2CCN(c3cccc(Cl)c3Cl)CC2)c1,6.75325345993042,6.971108436584473,6.862180948257446
CCOc1ccccc1N1CCN(CCCCC2CCCc3ccc(OCCCCN4CCN(c5cccc(Cl)c5Cl)CC4)cc32)CC1,8.092601776123047,8.48102855682373,8.286815166473389
COc1ccc2c(c1)C1CN(CCCCCN3C(=O)CCCC3=O)CCN1C2=O,6.217020511627197,7.223119258880615,6.720069885253906
O=C1N(CCN2CC3Cc4ccc(OCCCN5CCC6(CCCN6C54)C3)CC2)CCN1c1ccccc1,5.817470073699951,6.164534091949463,5.991002082824707
CN1CCN(C2=Cn3cccc3Sc3ccc(F)cc32)CC1,8.417153358459473,8.3873929977417,8.402273178100586
Cc1ccc2c(N3CCN(CCCCN4CCN(c5cccc6ccccc56)CC4)CC3)cccc2n1,8.140871047973633,8.095123291015625,8.117997169494629
O=C1N(CCN2CCC(Cc3ccccc3)CC2)CCN1c1cc2c(cc1O)CCCC2,7.961309432983398,7.314218997955322,7.63776421546936
CCC(C)N1CCCC1Cc1c[nH]c2ccc(CC3CNCC3)cc12,5.446091175079346,6.759687423706055,6.1028892993927
CCCN1CCN(c2cccc(O)c2)CC1,7.544249534606934,8.129405975341797,7.836827754974365
Cc1c(OCCN(CCCN2CCN(c3ccccc3)CC2)CC2C2CCC3CCCC32)ccc2ccc(F)cc12,,,
CCCN(CCN1CCN(c2ccccc2Cl)CC1)C1CCc2ccc(O)cc2C1,7.593542575836182,8.679712295532227,8.136627435684204
c1ccc(CN2CCC(CCN3CCN(c4cccc5c4OCCC5)CC3)CC2)cc1,7.358490943908691,7.100315093994141,7.229403018951416
N#Cc1ccc2[nH]cc(CCCCN3CCN(c4cccc5nc(C(N)=O)[nH]c45)CC3)c2c1,8.021069526672363,8.139780044555664,8.080424785614014
O=S(=O)(N(CCCN1CCN(c2cccc3ccccc23)CC1)c1ccc(Cl)cc1)c1ccc2scnc2c1,6.508711338043213,6.275237083435059,6.391974210739136
Nc1ccc2[nH]cc(CCCCN3CCN(c4ccccc4OCCF)CC3)c2c1,8.634919166564941,8.126118659973145,8.380518913269043
O=C(NCCCCN1CCN(c2cccc(Cl)c2Cl)CC1)c1cc2ccccc2[nH]1,7.3425798416137695,9.333032608032228,8.337806224822998
CN1CCN(CCCN2c3ccccc3Sc3ccc(Cl)cc32)CC1,7.5598344802856445,7.69283390045166,7.626334190368652
N#Cc1ccc(N2CCN(CCCCNC(=O)c3cc(-c4ccc(Br)cc4)ncc3CN3CCC(c4cccc(F)c4)CC3)CC2)cc1,6.31820011138916,7.066357135772705,6.692278623580933
O=C(NC1CCc2cc(CCN3CCN(c4nsc5ccccc45)CC3)ccc21)C1CC1,7.219380378723144,6.914272308349609,7.066826343536377
COc1ccccc1N1CCN(CCCCNC(=O)c2ccc(OCCF)cc2)CC1,7.6135640144348145,8.472033500671387,8.0427987575531
CCCN(CCN1CCN(c2ccccc2O)CC1)C1CCc2c(O)cccc2C1,7.960699081420898,9.054028511047363,8.50736379623413
CCCNc1ccccc1SC1CN(CC2CCCc3ccccc32)CC1CCO,6.285717964172363,6.425256729125977,6.35548734664917
CCCN(CCN1CCN(c2ccccc2)CC1)C1CCc2ccc(O)cc2C1,7.061977386474609,8.358572006225586,7.710274696350098
CCCN(CCC1CCC(NCC(=O)C=Cc2ccccc2)CC1)C1CCc2nc(N)sc2C1,6.41986894607544,7.742362022399902,7.081115484237671
Cc1ccccc1N1CCN(CCCCNC(=O)CCc2ccc(I)cc2)CC1,7.075047492980957,7.208727836608887,7.141887664794922
O=C1N2CCCCCCCCCNCCN12CCC(OCCF)C1CCC2c3ccccc3CCC12,,,
COc1ccccc1N1CCN(CCCCNC(=O)c2cc3ccccc3s2)CC1,7.43854284286499,9.065712928771973,8.252127885818481
COc1ccccc1N1CCN(CCCCNC(=O)CCCCc2ccccc2)CC1,7.966712951660156,7.753269195556641,7.859991073608398
O=C1Cc2c(cccc2N2CCN(CCCc3ccccc3)CC2)CN1,7.552285671234131,6.8363213539123535,7.194303512573242
Oc1nc2c(OCCNCCCc3ccccc3)ccc(Cl)c2[nH]1,8.611451148986816,7.841609954833984,8.2265305519104
CN1CCN(C2Cn3cccc3Sc3ccc(OCCF)cc32)CC1,7.6124372482299805,7.147337913513184,7.379887580871582
CCCN(CCN1CCN(c2ccnc3cc(Cl)ccc23)CC1)C1CCc2nc(N)sc2C1,7.289801597595215,8.81163501739502,8.050718307495117
COc1ccccc1N1CCN(CCCCc2cc(-c3ccccc3)no2)CC1,6.7621588706970215,7.938672065734863,7.350415468215942
COc1ccccc1N1CCN(CCCCSc2nc3ccccc3s2)CC1,7.871157169342041,8.42541217803955,8.148284673690796
CN1CCCC1Cc1cnccn1,4.346822738647461,6.524831771850586,5.435827255249023
Oc1cc2c(OCCNCC3CCC(c4noc5cc(F)ccc45)CC3)ccc(F)c2[nH]1,8.263550758361816,7.680436134338379,7.971993446350098
CCN1CCN(c2cccc(C#N)c2)CC1,6.845898151397705,6.794900417327881,6.820399284362793
Oc1ccc2[nH]cc(CCCCN3CCN(c4cccc5cccc(F)c45)CC3)c2c1,8.59611701965332,7.813994407653809,8.205055713653564
CN1CCc2cc3c(cc2C1)CC(NCCCNS(=O)(=O)c1ccccc1I)c2Br,,,
CC(C)NCC(Cc1c[nH]c2ccc(F)cc12)C(=O)N1CCNC1,5.747974395751953,6.43726921081543,6.092621803283691
CCCN(CCN1CCN(c2cccc3ccccc23)CC1)C1CCc2nc(N)sc2C1,7.570409297943115,8.891853332519531,8.231131315231323
Oc1[nH]cc2c(CCCCN3CCN(c4cccc5ccccc45)CC3)cccc12,8.098000526428223,7.901736259460449,7.999868392944336
CN1CCN(C2Cc3ccccc3Sc3ccc(Cl)cc32)CC1,9.140546798706056,8.702611923217773,8.921579360961914
CCCN(CCN1CN=C(c2ccccc2)c2ccc3ccccc3c21)C1CCc2nc(N)sc2C1,6.483258247375488,8.073065757751465,7.278162002563477
COc1ccccc1N1CCN(CCCCCNC(=O)C=Cc2cccc(F)c2)CC1,7.478695392608643,8.219487190246582,7.849091291427612
CCCN(CCN1CCN(c2ccccc2C#N)CC1)C1CCc2ccc(O)cc2C1,7.496461391448975,8.617944717407227,8.0572030544281
CN1CC(N2CCN(c3cccc(Cl)c3)CC2)C1=O,6.210081100463867,7.297567367553711,6.753824234008789
CCCN(CN1CCN(c2ccccc2)CC1)C1CCc2ccc(O)cc2C1,6.506509304046631,8.132180213928223,7.319344758987427
NCc1ccccc1CCCCN1CCN(c2cccc3ccccc23)CC1,7.169778823852539,7.114520072937012,7.142149448394775
Cc1cc(Br)cc(CCNCC2CCc3[nH]cnc3CC2)c1,6.960695743560791,7.134796142578125,7.047745943069458
O=C1N(CCN2CCC(CCN3CCN(c4cccc(Cl)c4Cl)CC3)CC2)CCN1c1ccccc1,7.843471050262451,8.084765434265137,7.964118242263794
Oc1ccc2[nH]cc(CCCCN3CC=C(c4ccccc4)CC3)c2c1,8.44819450378418,8.916884422302246,8.682539463043213
COc1cc(N)ccc1N1CCN(CCCCc2ccccc2C(=O)NCCCCCCNC(=O)C2Cc3ccc(F)cc3CN2)CC1,7.482814788818359,8.115447044372559,7.799130916595459
COc1ccccc1N1CCN(CCCCNC(=O)C=Cc2ccccc2[N+](=O)[O-])CC1,7.58978796005249,8.737942695617676,8.163865327835083
O=S(=O)(NCCCCN1CCN(c2nsc3ccccc23)CC1)c1cnc2ccccn2c1,,,
CCCN1CCC2c3cccc(O)c3CCC21,7.209317684173584,7.940863609313965,7.575090646743774
CN1CCc2ccccc2Cc2c(O)cccc2CC1,7.605659008026123,7.218510150909424,7.412084579467773
Cc1ccc(-c2ccc3c(c2)CCCN3CCCNc2cccc(Cl)c2)cn1,6.208173751831055,5.914893627166748,6.061533689498901
Clc1ccccc1N1CCN(CCCCN2CCC3CCc4cccc(OCCCCCCNCCCCCCNCCCCc4ccccc4OCBr)CC3C2)CC1,,,
CN1CCc2ccccc2Cc2c[nH]c3ccc(F)cc23)CC1,,,
CCc1c(OCCCNCC2CCc3ccc(O)c(O)c3O2)ccc2c1CCN2CCC,8.865490913391113,8.466348648071289,8.665919780731201
Oc1ccc2c(CCN2CCN(c3cccc4nc(-c5ccc(F)cc5F)oc34)CC2)co1,,,
O=C1Nc2ccc(CCCN3CCN(c4cccc5nc(CCF)ccc45)CC3)cc2C12CCCCC2,7.733651161193848,6.494744777679443,7.1141979694366455
CCCN1CCc2ccc(OS(=O)(=O)C(F)(F)F)cc2C1,6.082160949707031,6.6915283203125,6.386844635009766
CN1CC(O)(c2ccc(C(c3ccccc3)C3CCC4(CC3)CN(CCCc3ccccc3)CC4)cc2)CC1=O,6.378101825714111,6.648763179779053,6.513432502746582
COc1ccc(NC(=O)NC2CCC(N3CCN(c4ccccc4OC(C)C)CC3)CC2)cc1,7.766126155853271,7.783625602722168,7.77487587928772
N#Cc1cccc(C(=O)NCC2CCC(CN3CCN(c4cccc(C(F)(F)F)c4)CC3)CC2)c1,6.717134952545166,7.76444673538208,7.240790843963623
CCCN(CCN1CCN(c2ncc(-c3ccccc3)c3ccccc23)CC1)C1CCc2n[nH]c(C(=O)O)c2C1,6.925967216491699,7.808838367462158,7.367402791976929
Oc1ccc2c(OCCNCCc3ccccc3)ccc(F)c2[nH]1,,,
O=C(NCCCCN1CCN(c2cccc(Cl)c2Cl)CC1)c1cc2ccccc2cn1,6.880761623382568,9.034953117370604,7.957857370376586
CCc1c[nH]c(OCCCN2CCN(c3cccc(Cl)c3Cl)CC2)c1,7.977289199829102,8.153244018554688,8.065266609191895
CCN1CCCC1CNC(=O)c1cc(I)cc(C(F)(F)F)c1,7.803685188293457,9.049601554870604,8.426643371582031
O=C(NCCCCN1CCN(c2cccc(Cl)c2Cl)CC1)c1ccc(Br)cc1,7.143477439880371,9.075857162475586,8.109667301177979
COc1ccccc1N1CCN(CCCCNC(=O)c2ccc3[nH]ccc3c2)CC1,7.915464401245117,8.762898445129395,8.339181423187256
Oc1cc2cc(OCCN3CCC(c4nc5ccccc5o4)CC3)ccc2[nH]1,7.855397701263428,7.141364097595215,7.498380899429321
Nc1ccc(C#CCCCCN2CCN(c3ccccc3-c3ccccc3)CC2)cc1,7.919910907745361,7.874475479125977,7.897193193435669
O=C1N(CCN2CCC(C(=O)c3ccc4ccccc4c3)CC2)CCN1c1ccccc1I,7.15803861618042,7.358358860015869,7.2581987380981445
CCC1CN(CCCN2CCN(c3cccc(Cl)c3Cl)CC2)C(C)(C)C1,6.508577346801758,6.842658042907715,6.675617694854736
CCCN(CCN1CCN(c2cccc3c2CCCC3)C1=O)C1CCc2ccc(O)cc2C1,7.800131797790527,7.935602188110352,7.8678669929504395
CCCN(CCN1CCN(c2cccc3ccccc23)CC1)C1CCc2ccc(O)cc2C1,7.852016448974609,8.869171142578125,8.360593795776367
CCN(CCN1CCN(c2ccccc2)CC1)c1ccc(F)cc1,6.401301860809326,5.895427703857422,6.148364782333374
Oc1[nH]cc2ccc(OCCCCN3CCN(c4cccc5cccc(F)c45)CC3)cc12,8.384243965148926,8.055950164794922,8.220097064971924
Oc1cc2c(OCCNCC3CCC(Cc4ccccc4)CC3)ccc(Cl)c2[nH]1,7.928091526031494,7.809780120849609,7.868935823440552
Cc1ccc2c(N3CCN(CCc4ccc(-c5ccccc5)cc4)CC3)cccc2n1,7.3361430168151855,6.974150657653809,7.155146837234497
COc1ccccc1N1CCN(CCCCNC(=O)c2cccc3nc[nH]c23)CC1,7.930614471435547,7.979250431060791,7.954932451248169
Oc1ccc2[nH]cc(CCCCN3CC=C(c4ccccc4)CC3)c2c1,8.44819450378418,8.916884422302246,8.682539463043213
Oc1ccc2c3c1OC1CC(O)CCC4(O)C(C2)CN(CCCc2ccc(OCCN5CCN(c6ccc(CCF)cc6OC(F)(F)F)cc4F)CC3)CC1,,,
c1coc(CN2CCN(CCCC34CCC(c5cncc(-c6ccccn6)c5)(CC3)CC4)CC2)c1,6.061354637145996,6.986202716827393,6.523778676986694
CCCN(CCN1CCN(c2ccccc2)CC1)C1CCc2c(O)cccc2C1,7.368458271026611,8.235482215881348,7.8019702434539795
COc1ccccc1N1CCN(CCCCCNC(=O)c2cccc3ccccc23)CC1,7.284329414367676,7.609278202056885,7.44680380821228
CN1CCc2cccc3c2C1Cc1cccc(I)c1-3,7.238666534423828,7.572348594665527,7.405507564544678
Cc1ccc2c(N3CCN(CCc4cccc(N5CCN(C)CC5)c4)CC3)cccc2n1,7.352627754211426,6.943963527679443,7.148295640945435
Oc1ccc2c(c1)OC(CNCCCN1CCN(c3cccc(Cl)c3Cl)CC1)CC2,9.147972106933594,8.325576782226562,8.736774444580078
Oc1ccc(F)c2c1CCCC2CN1CCN(c2cccc(Cl)c2Cl)CC1,7.761695861816406,7.074527740478516,7.418111801147461
Oc1ccc2[nH]cc(CCCCN3CC=C(c4ccccc4)CC3)c2c1,8.44819450378418,8.916884422302246,8.682539463043213
COc1ccccc1N1CCN(CCCCCNS(=O)(=O)c2ccccc2)CC1,7.653182029724121,7.035848617553711,7.344515323638916
COc1ccccc1N1CCN(CCCCNC(=O)c2cccs2)CC1,7.739991188049316,8.748876571655273,8.244433879852295
Oc1[nH]c2ccccc2c1CCN1CC=C(c2cccc3ccccc23)CC1,7.672267913818359,7.603494644165039,7.637881278991699
Oc1ccc2[nH]cc(CCCN3CCN(c4ccccc4Cl)CC3)c2c1,8.443102836608887,7.291446685791016,7.867274761199951
CN1CCCCC1CNC(=O)c1c(OCCF)cccc1I,6.730246543884277,7.724116325378418,7.227181434631348
CCCN(CCN1CCN(c2ccccc2OC)C1)C1CCc2ccc(C)cc2C1,6.849211692810059,7.563499450683594,7.206355571746826
O=C1CCc2ccc(OCCCCN3CCN(c4cccc5cccc(F)c45)CC3)nc2N1,8.669334411621094,7.364121913909912,8.016728162765503
O=C(NCCCCN1CCN(c2cccc(Cl)c2Cl)CC1)c1cccc2c1-c1ccccc1,,,
CCN(CCCCN1CCN(c2cccc(Cl)c2Cl)CC1)C1CCc2ccc(O)cc2C1,8.000225067138672,8.985021591186523,8.492623329162598
N#CCc1ccc(C2CCN(CCCCCN3CCc4ccccc4C3)CC2)cc1,5.642673492431641,5.658854961395264,5.650764226913452
CCCN(CCN1CCN(c2ccccc2)CC1)C1CCc2ccc(O)cc2C1,7.061977386474609,8.358572006225586,7.710274696350098
NCCNc1cccc(C(=CCCCCC(=O)O)c2ccccc2)c1,5.3911333084106445,5.631741046905518,5.511437177658081
CCCN(CCN1CCN(c2ccccc2)CC1)C1CCc2ccc(O)cc2C1,7.061977386474609,8.358572006225586,7.710274696350098
COc1ccccc1N1CCN(CCCCNC(=O)c2ccccc2I)CC1,7.859369277954102,8.374762535095215,8.117065906524658
Clc1cccc(N2CCN(CCCCCNCCc3cccc4ccc(-c5ccccc5)nc34)CC2)c1,6.890554904937744,7.0089640617370605,6.949759483337402
O=C(NCCCCCN1CCN(c2cccc(Cl)c2Cl)CC1)c1cccc2c1-c1ncc(F)cc1O2,7.041143894195557,7.788628578186035,7.414886236190796
N#Cc1ccc2[nH]cc(CCCCN3CCN(c4cc(C#N)ccc4C#N)CC3)c2c1,7.859691143035889,7.946100234985352,7.90289568901062
CN1CCN(C2Cn3cccc3Sc3ccc(Cl)cc32)CC1,8.645715713500977,8.372458457946777,8.509087085723877
O=C1Cc2cccc3c2N1CCCCN1CCC(c2ccccc2)CC1,,,
Oc1ccc2[nH]cc(CCCCN3CCC(c4ccccc4)CC3)c2c1,7.663719177246094,7.214831829071045,7.439275503158569
CCN1C(C)CC(O)(c2ccc(C)cc2)CC1CCc1ccccc1,6.625210285186768,6.427392959594727,6.526301622390747
N#Cc1ccc(N2CCN(CCCC3CCC(NC(=O)c4ccc(I)cc4)CC3)CC2)cc1,6.944244861602783,8.166686058044434,7.555465459823608
COc1ccccc1N1CCN(Cc2cccc(C#N)c2)CC1,7.53269100189209,6.700395584106445,7.116543292999268
O=C(NCCCCN1CCN(c2cccc(Cl)c2Cl)CC1)c1ccc(F)cc1,7.551733493804932,8.872730255126953,8.212231874465942
CN1CCc2ccccc2Cc2c([nH]c3ccc(Br)cc23)CC1,7.97425651550293,6.962526798248291,7.46839165687561
Clc1cccc(N2CCN(CCCCOCCOc3ccc4[nH]ccc4c3)CC2)c1Cl,8.41943073272705,8.724588394165039,8.572009563446045
Oc1[nH]cc2c(c1)CCC1C2CCN(CC2COc2ccccc2OCC2CCC3CCN3CCN2CCCCCCCN=C(c3ccccc3)CC2)CC1,,,
Cc1cc(Cl)cc(C)c1OCCCNCC1CCc2ccccc2O1,7.920363426208496,6.978219509124756,7.449291467666626
CN1CCc2ccc3c(c2C1)CN(CCC=Cc1cc3c(cc1Br)OCCN3)CC1CCN1,,,
CCc1c2ccc(OCCCN3CCN(c4cccc(C(F)(F)F)c4)CC3)cc2nc2ccc[nH]c12,,,
O=C1N(CCN2CC3CCC4C3CCC2C(c2ccc(F)cc2)CC4)CCN3)CCN1c1ccccc1,,,
CCCN(CCN1CCN(c2cccc3ccccc23)CC1)C1CCc2ccc(O)cc2C1,7.852016448974609,8.869171142578125,8.360593795776367
N#Cc1ccc(N2CCN(CCCCN3CCN(c4ccc(C#N)cc4)CC3)CC2)cc1,6.005789279937744,7.575815200805664,6.790802240371704
NCCc1c[nH]c2ccc(O)cc12,7.165433406829834,5.987557888031006,6.57649564743042
Oc1c2cccc(CCN1CCN(c2nsc3ccccc23)CC1)C1CCC2C1,,,
CN1CCN(c2cccc(CCN3CCN(c4cccc5ccccc45)CC3)c2)CC1,7.640128135681152,7.005783557891846,7.322955846786499
CCCN(CCN1C2CCC1CC(O)(c1ccccc1)C2)C1CCc2c(F)cccc2C1,6.932297229766846,7.716872215270996,7.324584722518921
O=C1N(CCN2CCC3(CCCc4ccccc43)CC2)CCN1c1cccc(Cl)c1,7.212929725646973,7.194859027862549,7.203894376754761
Cc1ccoc1C1CCN(CCCCc2c[nH]c3ccc(F)cc23)CC1,7.729458808898926,7.15254020690918,7.440999507904053
CCN1CCN(c2ncc(-c3cc[nH]n3)cc2C(=O)N2CCC(N3CCC(c4ccc(Cl)cc4)CC3)CC2)CC1,5.689770698547363,5.391037940979004,5.540404319763184
c1ccc2[nH]c(N3CCN(CCCc4ccccc4)CC3)cc2c1,7.17034912109375,6.490861415863037,6.8306052684783936
CN1CCCCC1CN1CCN(c2cccc3cc(F)ccc23)C1=O,7.351686000823975,7.755681037902832,7.553683519363403
COc1ccccc1N1CCN(CCCCNCC(O)c2ccccc2)CC1,6.10947322845459,6.883756160736084,6.496614694595337
Oc1ccc2[nH]c(CCCN3CCN(c4ccccc4Br)CC3)nc2c1,8.04166030883789,7.482577323913574,7.762118816375732
CCc1c(C)c2c(c(C(O)=NCCCN3CCC(c4cccc(C(F)(F)F)c4)CC3)c1O)OC2,6.65324068069458,6.898305892944336,6.775773286819458
CN1CCN(CCCN2c3ccccc3Sc3ccc(Cl)cc32)CC1,7.559834003448486,7.69283390045166,7.626333951950073
CCCN(CCN1CCN(c2cccc(Cl)c2Cl)CC1)C1CCc2ccc(O)cc2C1,7.754941463470459,8.884286880493164,8.319614171981812
Oc1ccc2c(OCCNCCCc3cccc4ccccc34)cccc2[nH]1,,,
O=C1CCc2cc(OCCCCN3CCN(c4cccc(Cl)c4Cl)CC3)ccc2N1,8.785455703735352,8.286078453063965,8.535767078399658
COc1ccccc1N1CCN(CC=CCNC(=O)c2cccc3ccccc23)CC1,7.578986167907715,8.233590126037598,7.906288146972656
CCCN(CCN1CCN(c2ccccc2)CC1)C1CCc2ccc(O)cc2C1,7.061977386474609,8.358572006225586,7.710274696350098
Oc1[nH]cc2ccc(OCCCCN3CCN(c4cccc5cccc(Cl)c45)CC3)c3c(O)cccc3c12,,,
N#Cc1ccc(N2CCN(CCCCSc3ccc4sc(C#CCCCCCCN5CCN(c6cccc(C(F)(F)F)c6)CC5)nc4c3)CC2)cc1,7.551403999328613,7.47200345993042,7.511703729629517
FC(F)(F)c1ccc(CCCCN2CCN(c3ccccc3Cl)CC2)cc1,7.460381507873535,6.926301002502441,7.193341255187988
Oc1ccc(CCN2CCN(c3ccccc3)CC2)c2cc3[nH]ccc3cc21,7.665067195892334,6.442105770111084,7.053586483001709
CN1CCc2cccc3c2Cc2c[nH]c3cccc21,,,
CN1CCc2ccc(C3=CC(CN4CCN(c5ccccc5)CC4)CC3)c3c2C1,,,
O=C1c2cccc3cccc(c23)CCN1CCC(Nc1ccc(CCCN2CCN(c3ccc(Cl)cc3Cl)CC2)cc1,,,
Oc1[nH]cc2c(F)c(OCCCCN3CCN(c4cccc5cccc(F)c45)CC3)ccc12,8.369089126586914,8.06662368774414,8.217856407165527
CN1CCc2cccc3c2C1Cc1ccc(O)c(O)c1-3,7.594958782196045,7.866154670715332,7.7305567264556885
CN1CCN(C2Cc3ccccc3Sc3ccc(Br)cc32)CC1,9.328142166137695,8.885320663452148,9.106731414794922
CCN1CCCC1CNC(=O)c1c(OC)ccc(Br)c1OC,6.901225090026856,8.275629043579102,7.5884270668029785
COc1ccccc1N1CCN(CCCCCNC(=O)c2ccc(Cl)cc2)CC1,7.615590572357178,7.976905822753906,7.796248197555542
CCN1CCN(c2ccc(CCN3C=CC(c4cccc(Br)c4)CC3)cc2)CC1,6.120194911956787,6.095949649810791,6.108072280883789
CN1CCN(c2ccnc(NCCC3CCC(NC(=O)c4ccncc4)CC3)n2)C1,6.50705099105835,6.712080001831055,6.609565496444702
O=C1N(CCN2CCN(c3cccc(C(F)(F)F)c3)CC2)CCN1c1cccc2c1CCN2,6.788999080657959,7.399004936218262,7.09400200843811
CN1CCN(CCCN2c3ccccc3Sc3ccc(Cl)cc32)CC1,7.559896469116211,7.69283390045166,7.6263651847839355
Nc1ccc(CCN2CCN(c3cccc(Cl)c3Cl)CC2)cc1,7.862910747528076,6.727715492248535,7.295313119888306
Cc1ccc2c(N3CCN(CCc4cccc(C(F)(F)F)c4)CC3)cccc2n1,7.367771148681641,6.308936595916748,6.838353872299194
Clc1cccc(N2CCN(CCCCCn3ncc(Br)c(Cl)c3=O)CC2)c1Cl,7.582254886627197,8.117531776428223,7.84989333152771
Clc1cccc(N2CCN(CCCCOc3ccc4[nH]c(C(F)(F)F)nc4c3)CC2)c1Cl,8.506345748901367,8.033585548400879,8.269965648651123
CCN1CCN(c2cccc3ccc(OCCF)nc23)CC1,7.795234203338623,6.650041580200195,7.222637891769409
CCN1CCN(c2ccc(C(N)=O)c3ccccc23)CC1,7.380468845367432,6.904604434967041,7.142536640167236
Cn1c2c(c3ccc(OCCCN4CCN(c5ccccc5Cl)CC4)cc1)CCCCNCC2,,,
Oc1ccc2c(c1)OC(CNCCN1CCN(c3cccc(Cl)c3Cl)CC1)CC2,9.362069129943848,8.549615859985352,8.9558424949646
CN1CCN(C2Cc3ccccc3Sc3ccc(C(F)(F)F)cc32)CC1,7.623498916625977,7.427108764648437,7.525303840637207
CCCN(CCN1CCN(c2ccccc2)CC1)C1CCc2ccc(O)cc2C1,7.061977386474609,8.358572006225586,7.710274696350098
CN1CCN(Cc2ccccc2-c2ccc(C(=O)NCCCC3CCCN3CCCc4cc(F)ccc43)cc2)CC1,,,
CCCN(CCN1CCN(c2ccccc2OC)CC1)C1CCc2ccc(O)cc2C1,7.815720081329346,8.517810821533203,8.166765451431274
C(N1CCN(c2cccc3ccccc23)CC1)C1CCC(CN2CCC(n3c(=O)oc4ccccc43)CC2)CC1,7.018199443817139,7.330535411834717,7.174367427825928
Fc1cccc2c1CCC2CCCN1CCN(c2ccccc2Cl)CC1,7.444752693176269,6.99229621887207,7.21852445602417
Oc1[nH]c2ccc(Cl)cc2c1CCCCCN1CC=C(c2ccccc2)CC1,7.881235122680664,8.10572338104248,7.993479251861572
CCCN(CCN1CCN(c2cccc3ccoc23)CC1)C1CCc2ccc(O)cc2C1,8.003236770629883,8.87026596069336,8.436751365661621
Oc1cc2c(OCCNCCCc3ccccc3)ccc(Cl)c2[nH]1,8.73649787902832,7.726273536682129,8.231385707855225
CN1CCCCC1Cn1ncc2c(NCCCN3CCN(c4ccccc4OCCF)CC3)nc(CF)c21,,,
Oc1ccc2[nH]cc(CCCCN3CCC(c4cccc(Cl)c4)CC3)c2c1,7.828123092651367,7.27985668182373,7.553989887237549
COc1ccccc1N1CCN(CCCC=Cc2ccccc2)CC1,7.716463088989258,7.850897789001465,7.783680438995361
Oc1cccc2c1CCCC2CN(CCCCc1ccc3ccccc3c1)CC2,,,
O=C(NC1CC[nH]2cccc(OCCCN3CCN(c4cccc(Cl)c4Cl)CC3)c21)C1CCCC1,,,
O=C(NCCCCN1CCN(c2cccc(Cl)c2Cl)CC1)c1cc2ccccc2[nH]1,7.3425798416137695,9.33303451538086,8.337807178497314
Oc1cc2c(NCCCN3CCN(c4cccc(Cl)c4Cl)CC3)ccc(F)c2[nH]1,8.501765251159668,6.963446617126465,7.732605934143066
COc1cccc(CN2CCC(NC3=c4ccccc4=Cc4cccnc4N3)CC2)c1,6.814760208129883,6.339229106903076,6.5769946575164795
CCCN(CCN1CCN2C(=O)c3ccccc3C2(C)C)C1)C1CCc2c(O)cccc2C1,,,
C1=C(c2cccc(OCCN3CCN(c4cncc5ccccc45)CC3)c2)CCN1,7.301095008850098,7.888239860534668,7.594667434692383
Oc1[nH]cc2c(CCCCCN3CCN(c4cccc5ccccc45)CC3)cccc12,8.028024673461914,7.599827766418457,7.8139262199401855
CCN(CCCCCCCN(CCCCCCCN(CCCCCNCCCCCC=Cc1ccccc1OCCCN1CCCCCN(CCCCCN(CCc2ccccc2OC)CC1)C1Cc2ccc(F)cc2OC)C,,,
O=C(NCCCCN1CCN(c2cccc(Cl)c2Cl)CC1)c1cc2ccccc2[nH]1,7.3425798416137695,9.33303451538086,8.337807178497314
N#Cc1ccc2[nH]cc(CCCCN3CCN(c4ccc5[nH]ccc5c4)CC3)c2c1,7.777983665466309,7.459677696228027,7.618830680847168
CCCN(CCN1CN=C2C(c3ccccc3)=NC(=O)C2CCC1)C1CCc2c(O)cccc2C1,6.331469058990479,7.599785804748535,6.965627431869507
Oc1cc(OCCCN2CCN(c3ccccc3)CC2)cc2c1Br,,,
Oc1[nH]cc2ccc(OCCCN3CCN(c4cccc5cccc(F)c45)CC3)cc12,8.2858247756958,7.846155166625977,8.065989971160889
Cc1cccc2sc(C#N)c(N3CCN(CCN4CCN(c5ccccc5Cl)CC4)CC3)c12,7.751822471618652,6.891788005828857,7.321805238723755
COc1ccccc1N1CCN(CCCCc2ccc3c(c2)sc(=O)n3CCN2CCC(C(=O)c3c(F)cccc3C(F)(F)F)CC2)CC1,7.331135272979736,7.184658050537109,7.257896661758423
CN1CCN(C2Cc3ccccc3Sc3ccc(Br)cc32)CC1,9.328142166137695,8.885320663452148,9.106731414794922
O=Cc1c[nH]c2c1CCc1c[nH]c3cccc(I)c13,,,
Cc1cc(C)c2c(N3CCN(CCCc4cccc(C(F)(F)F)c4)CC3)cccc2[nH]1,,,
CCN(CCCCN1CCN(c2cccc3ccnn23)CC1)C1CCc2ccc(O)cc2C1,7.5641279220581055,8.550890922546387,8.057509422302246
CN1CCN(C2Cc3ccccc3Sc3ccc(Cl)cc32)CC1,9.140546798706056,8.702611923217773,8.921579360961914
O=C1N(CCN2CCC(C(F)(F)F)CC2)CCN1c1cccc(C(F)(F)F)c1,6.879784107208252,8.472172737121582,7.675978422164917
Oc1cc2c(OCCNCc3cccs3)ccc(F)c2[nH]1,9.169547080993652,7.685113430023193,8.427330255508423
Oc1nc2cccc(OCCNCCCc3ccc(CN4CCC(c5ncc(-c6ccccc6)cc5F)CC4)cc3)c2o1,7.143460273742676,7.5210347175598145,7.332247495651245
O=C(NCCCCN1CCN(c2cccc(Cl)c2Cl)CC1)c1ccccc1-c1ccccc1,7.03449296951294,8.23598861694336,7.635240793228149
CCCN(CCN1CCN(c2ccccc2)CC1)C1CCc2c(O)cccc2C1,7.368458271026611,8.235482215881348,7.8019702434539795
O=C1N(CCF)CCN1c1cccc(N1CCN(CCCCN2CCc3ccccc3C2=O)CC1,,,
Oc1[nH]cc2ccc(OCCCCN3CCN(c4cccc5cccc(F)c45)CC3)c(F)c12,8.354814529418945,7.957778453826904,8.156296491622925
CN1CCc2ccccc2Cc2ccc(O)c(F)c2CC1,7.996744155883789,7.278887748718262,7.637815952301025
Fc1ccc(N2CCNCC2)cc1NCC1CCC2C1,,,
CN1CCN(C2Cn3cccc3Sc3ccc(Br)cc32)CC1,8.921730041503906,8.506511688232422,8.714120864868164
Cc1cnc2c(c1)Cc1ccccc1N1CCN(c3cccc(C(F)(F)F)c3)CC1)CN(CCCCc1c[nH]c3ccc(F)cc13)CC2,,,
OC12C3C4CC5C6C4C1C6C(C53)C2,4.533285617828369,2.046653985977173,3.289969801902771
C(=CN1CCN(CCCN2c3ccccc3Sc3ccc(Cl)cc32)CC1)CC1CCCN1,6.78485107421875,7.70917272567749,7.24701189994812
CCCN(CCCCCN1CCN(c2ccccc2)CC1)C1CCc2c(O)cccc2C1,7.813695907592773,7.930011749267578,7.871853828430176
Fc1ccc(Cl)cc1N1CCN(CCCCNC(=S)NC2CCC3(c4ccccc4)CCCC3(C2)Cc2ccccc2O3)CC1,,,
Oc1ccc2[nH]cc(CCCCN3CC=C(c4ccccc4)CC3)c2c1,8.44819450378418,8.916884422302246,8.682539463043213
CCc1ccccc1N1CCN(CCCCNC(=O)c2cc3ccccc3[nH]2)CC1,7.0915608406066895,8.620394706726074,7.855977773666382
CCCN(CCN1CCN(c2ccccc2)CC1)c1ccc(F)cc1,6.562862396240234,6.272888660430908,6.417875528335571
Oc1[nH]c2ccc(F)cc2c1CCCCN1CCN(c2cccc3cc(F)ccc23)CC1,8.247249603271484,7.894079208374023,8.070664405822754
Oc1ccc2c(c1)OC(CNCCC1CCC2OCC1)c1cccs1,6.154684543609619,6.233966827392578,6.194325685501099
CN1Cc2ccccc2CC1CNC(=O)c1cccc(C(F)(F)F)c1F,6.473804473876953,6.797492504119873,6.635648488998413
Oc1[nH]cc2c(CCN3CCN(c4cccc5ccccc45)CC3)cccc12,8.06921672821045,6.934762954711914,7.501989841461182
CN1CCN(C2Cc3ccccc3Sc3ccc(Cl)cc32)CC1,9.140546798706056,8.70261001586914,8.921578407287598
Oc1[nH]cc2cc(F)c(OCCCCN3CCN(c4cccc5cccc(Cl)c45)CC3)cc12,8.12354850769043,8.098562240600586,8.111055374145508
CN1CCN(C2Cc3ccccc3Sc3ccc(CCN4CCN(c5cccc6ccccc56)CC4)cc32)CC1,8.31889533996582,7.557210922241211,7.938053131103516
CCN(Cc1ccccc1)C1CCc2ccc(O)cc2C1,7.428267478942871,7.938371181488037,7.683319330215454
Cc1cc(N2CCN(CCCF)CC2)[nH]n1,5.891973495483398,6.365197658538818,6.128585577011108
COc1ccccc1N1CCN(CCCCc2ccc3c(c2)CCC(=O)N3CCCCN2CCC(Cc3ccc(F)cc3)CC2)CC1,7.506055355072021,7.649007320404053,7.577531337738037
Oc1ccc2c(OCCNCCCc3c[nH]c4ccc(I)cc34)cccc2[nH]1,,,
O=C1N(CCN2CCN(c3cccc(Cl)c3Cl)CC2)CCN1c1ccccc1,7.452239990234375,7.511731624603271,7.481985807418823
CN(C)CCN(C)c1ccccc1Sc1ccc(N)cc1,6.884626388549805,5.894861221313477,6.389743804931641
O=C(NCCCCCN1CCN(c2cccc(Cl)c2Cl)CC1)c1cc2ccc1F,,,
CCc1cc(F)ccc1N1CCN(CCCCNC(=O)C2CCC3(O)CCC3(C)C2)CC1,6.588728904724121,7.798064231872559,7.19339656829834
CCc1c[nH]c2c(C)c(Cl)cc3c(c12)CN(CCCSc1n3ccccc1)CC1CCCN1,,,
Oc1ccc2c(CCCCN3CCN(c4cccc(Cl)c4Cl)CC3)c[nH]c2n1,8.659858703613281,8.369274139404297,8.514566421508789
COc1ccccc1N1CCN(CCCCN2CCN(c3ccccc3C)CC2)CC1,7.59998893737793,7.594060897827148,7.597024917602539
Cc1cc2c(cc1Cl)CCN2CCC1CCN(CCc2ccc(Cl)cc2)CC1,6.924552917480469,6.598313331604004,6.761433124542236
Oc1c2c(OCCNCCCN3CCC(c4ccccc4Cl)CC3)cccc2[nH]1,,,
CCCN(CCN1CCN(c2ccccc2)CC1)C1CCc2ccc(O)cc2C1,7.061977386474609,8.358572006225586,7.710274696350098
CCCN1CCCC2Cc3nc(C)ccc3CC21,7.125879287719727,7.657848358154297,7.391863822937012
CCCN(CCN1CCN(c2cccc3ccccc23)CC1)C1CCc2ccc(O)cc2C1,7.852006912231445,8.869157791137695,8.36058235168457
CCN(CCCC1CCN(CCC2CCc3c(OC)cccc3CC2)CC1)C1CCc2c(O)cccc2C1,7.166711807250977,8.224878311157227,7.695795059204102
CCCN(C)CC1Cc2ccccc2N1CCCNC(=O)c1ccc(F)c2c1CCN2,7.307995319366455,7.247416973114014,7.277706146240234
CCCN(CCN1CCN(c2ccccc2)CC1)C1CCc2ccc(O)cc2C1,7.061977386474609,8.358572006225586,7.710274696350098
CN(C)CCc1cccs1,5.210330009460449,5.541553020477295,5.375941514968872
O=C(NCCCCN1CCN(c2cccc(Cl)c2Cl)CC1)c1ccc2c(c1)C(CCCN2)CC1CC1,7.531333923339844,8.69804573059082,8.114689826965332
O=C1N(CCN2CCC(c3noc4cc(F)ccc34)CC2)CCN1c1cccc(Cl)c1,7.803883075714111,7.301646709442139,7.552764892578125
COc1ccccc1N1CCN(CCCCc2ccccc2)CC1,7.911136627197266,7.437552452087402,7.674344539642334
[H]C([H])([H])Nc1cc(N2CCN(CCCCCCCCCCN3CCN(c4cccc(Cl)c4Cl)CC3)CC2)ccn1,7.937740802764893,7.277907371520996,7.607824087142944
Oc1ccc2[nH]cc(CCCCN3CC=C(c4ccccc4)CC3)c2c1,8.44819450378418,8.916884422302246,8.682539463043213
Oc1[nH]cc2ccc(OCCCN3CCN(c4cccc5cccc(F)c45)CC3)cc12,8.2858247756958,7.846155166625977,8.065989971160889
O=C1N(CC2CCCCN2)CCN1c1ccc(C(F)(F)F)cc1,7.232323169708252,8.009607315063477,7.620965242385864
CCN1CCN(C2Cn3cccc3Sc3ccc(F)cc32)CC1,8.352453231811523,7.737476825714111,8.044965028762817
COc1ccccc1N1CCN(CCCCNC(=O)c2ccc(Br)cc2)CC1,7.313648700714111,8.778971672058105,8.046310186386108
Nc1cccc(C#CCCN2CCN(c3cccc4ccccc34)CC2)c1,7.918177604675293,7.637481689453125,7.777829647064209
CC1c2cc(F)c(O)cc2N1CCN1CCN(c2cccc(Cl)c2)CC1,6.98209285736084,6.029713153839111,6.505903005599976
Cc1cc(N2CCNCC2)cc2c(=O)[nH]c(CC3CCCCC3)nc12,6.122504234313965,5.631601810455322,5.8770530223846436
CN1CCN(C2Cc3ccccc3Sc3ccc(I)cc32)CC1,9.235981941223145,9.038869857788086,9.137425899505615
COc1cccc(CN2CCC(CCCN3CCN(c4cccc(Cl)c4Cl)CC3)CC2)c1,6.626358985900879,7.292387962341309,6.959373474121094
Oc1ccc2[nH]cc(CCCCN3CCN(c4cccc(Cl)c4Cl)CC3)c2c1,8.743884086608887,8.450736045837402,8.597310066223145
Oc1[nH]cc2ccc(OCCCN3CCN(c4cccc5cccc(F)c45)CC3)cc12,8.2858247756958,7.846155166625977,8.065989971160889
Oc1ccc2[nH]cc(CCCN3CC=C(c4ccccc4)CC3)c2c1,8.563071250915527,8.061660766601562,8.312366008758545
CCOc1ccccc1N1CCN(CCCCNC(=O)C=Cc2ccc(F)cc2)CC1,7.642925262451172,9.0816650390625,8.362295150756836
Oc1ccc2[nH]cc(CCCCN3CC=C(c4ccccc4)CC3)c2c1,8.44819450378418,8.916884422302246,8.682539463043213
CN1CCN(C2Cc3ccccc3Sc3ccc(-c4cncc(OCCCN5CCN(c6cccc(Cl)c6Cl)CC5)c4)cc32)CC1,7.8628740310668945,8.59139347076416,8.227133750915527
N#Cc1ccc2[nH]cc(CCCCN3CCN(c4cccc5oc(C(N)=O)cc45)CC3)c2c1,7.8213348388671875,7.957253456115723,7.889294147491455
CN1CCN(C2=Cc3ccccc3Oc3ccc(F)cc32)CC1,8.00959587097168,7.702358722686768,7.855977296829224
N#CC(C#N)CCN(CCCCc2cn(-c3cccc(Cl)c3)nn2)CC1CCC1,6.935627937316895,7.425774574279785,7.18070125579834
CCCN(CCN1CCN(c2ccccc2OC)CC1)C1CCc2ccc(O)cc2C1,7.815720081329346,8.517810821533203,8.166765451431274
O=C1CCc2ccc(OCCCCN3CCN(c4cccc5cccc(F)c45)CC3)nc2N1,8.669334411621094,7.364121913909912,8.016728162765503
COc1cccc(CN2CCC3(CC2)CC(N2CCN(c4cccc(Cl)c4Cl)CC2)CC3)c1,6.155242919921875,6.752700805664063,6.453971862792969
Cc1cccc(CN2CCC(N3CCN(c4cccc5cc(F)ccc45)CC3)CC2)c1,6.638460636138916,6.145917892456055,6.392189264297485
CN1CCN(CCc2ccc(-c3ccc(Cl)c(Cl)c3)cc2)CC1,6.678220748901367,7.089662551879883,6.883941650390625
CCCN(CCCCN1CCN(c2nsc3ccccc23)CC1)C1CCc2ccc(O)cc2C1,8.130569458007812,9.115448951721191,8.623009204864502
CCN(CCCCCN1CCN(c2cccc(Cl)c2Cl)CC1)C1CCc2ccc(O)cc2C1,8.098258972167969,8.537981033325195,8.318120002746582
CCCN(CCC1CCC(NCC2CCc3cc(O)ccc3O2)CC1)C1CCc2c(O)cccc2C1,8.603760719299316,9.186195373535156,8.894978046417236
N#CC1CCCN1CCc1ccc(C(=O)CCCCCCCN2CCN(c3ccccc3OC(F)(F)F)CC2)cc1,7.530591011047363,7.33847713470459,7.434534072875977
Oc1cccc(N2CCN(CCCCOc3ccc4ccn(O)c4c3)CC2)c1,8.530424118041992,8.372369766235352,8.451396942138672
N#Cc1ccc2[nH]c(CCCN3CCN(c4cccc(Cl)c4Cl)CC3)nc2c1,7.659611701965332,7.364017009735107,7.51181435585022
CCCCN(CCN1CCN(c2ccccc2OC)CC1)C1CCc2ccc(F)cc2C1,7.697056770324707,7.812981605529785,7.755019187927246
CCN1CCN(c2cccc(C(F)(F)F)c2C)CC1,6.946188449859619,6.323544979095459,6.634866714477539
Oc1[nH]cc2ccc(OCCCN3CCN(c4cccc5cccc(F)c45)CC3)c(F)c12,8.132925987243652,7.728168487548828,7.93054723739624
O=C(NCCCCN1CCN(c2cccc(Cl)c2Cl)CC1)c1ccc(CO)cc1I,7.551028251647949,8.509452819824219,8.030240535736084
CCN1CCN(c2ccccc2OCCNCC1COc1cccs1,,,
CCCCN(CCN1CCN(c2cccc3ccccc23)CC1)C1CCc2nc(N)sc2C1,7.648032665252685,8.824807167053223,8.236419916152954
Oc1ccc2c(c1)OC(CNCCCCN1CC=C(c3ccccc3Cl)CC1)CC2,8.934366226196289,9.163143157958984,9.048754692077637
N#Cc1cnc(N2CCN(CCCCN3CCc4cc(O)ccc4CCC3)CC2)cc1Cl,6.856157302856445,8.152503967285156,7.504330635070801
Cc1cn(CCCN2CCN(c3cccc(Cl)c3Cl)CC2)c2ncccc12,6.281061172485352,6.506937026977539,6.393999099731445
O=C(NCCCCN1CCN(c2cccc(Cl)c2Cl)CC1)c1cc2ccccc2[nH]1,7.3425798416137695,9.33303451538086,8.337807178497314
O=C(CCCN1CCN(c2ncccn2)CC1)c1ccc(F)cc1,7.011404991149902,6.485908508300781,6.748656749725342
Oc1[nH]c2cc(OCCCN3CCN(c4cccc(Cl)c4Cl)CC3)ccc2c1CCC1CCCNC1,7.585923194885254,8.115459442138672,7.850691318511963
CCCN(CCN1CCN(c2ccccc2)CC1)C1CCc2ccc(O)cc2C1,7.061977386474609,8.358572006225586,7.710274696350098
CCCN(CCN1CCN(c2cccc(-c3nc4ccccc4o3)c2)CC1)C1CCc2ccc(O)cc2C1,7.087477684020996,8.628889083862305,7.85818338394165
Oc1[nH]c2ccc(F)cc2c1CCCCN1CCN(c2cccc3ccccc23)CC1,8.035866737365723,7.975886821746826,8.005876779556274
CCCN(CCN1CCN(c2cccc3ccccc23)CC1)C1CCc2c(O)cccc2C1,8.05475902557373,8.830840110778809,8.44279956817627
CCN(CCCCCCN1CCN(c2ccccc2OC)CC1)C1CCc2ccc(O)cc2C1,8.103854179382324,8.092832565307617,8.09834337234497
N#Cc1cccc(NCCCN2CCN(c3cccc(Cl)c3Cl)CC2)c1,7.886023998260498,7.094675064086914,7.490349531173706
Cc1csc2c1CC(C)(C)CC2=CN1CCN(c2ccccc2C(N)=O)CC1,6.19398307800293,5.815968990325928,6.004976034164429
CN1CCCCC1CN1CCC(c2ccc(C(C)(C)C)cc2)CC1,5.598015785217285,6.8866496086120605,6.242332696914673
CCCN(CCN1CCN(c2cccc3ccccc23)CC1)C1CCc2ccc(O)cc2C1,7.852016448974609,8.869171142578125,8.360593795776367
Oc1cc2c(OCCNCCCCN3c4ccccc4CCc4cccc(F)c43)ccc(F)c2[nH]1,8.443809509277344,7.383449554443359,7.913629531860352
CCCN(CCN1CCN(c2cccc3c2OCCCO3)CC1)C1CCc2ccc(O)cc2C1,8.271718978881836,8.31121826171875,8.291468620300293
CCN(CCCCC1CCN(CCCCOc2ccc3c(c2)-c2ccccc2C)CC3)CC1)C1CCc2nc(N)sc2C1,,,
CCCNc1ccccc1C(=O)NC1CCN(CCCCCCCCCN2CCN(c3ccccc3OC)CC2)C1=O,7.690545082092285,7.293058395385742,7.491801738739014
Clc1cccc(N2CCN(CCCCc3nc4ccccc4[nH]3)CC2)c1Cl,8.251270294189453,7.882674694061279,8.066972494125366
CCCN(CCN1CCN(c2ccccn2)CC1)C1CCc2ccc(O)cc2C1,6.907680988311768,8.235179901123047,7.571430444717407
CCCN(CCN1CCN(c2cccc(Cl)c2Cl)CC1)C1CCc2cn(O)ccc2C1,,,
CC1CN(CCN2CCC3c4ccccc4CCc4cccc(c43)CC2)CCN1,6.268271446228027,5.947068214416504,6.107669830322266
Fc1ccc(OCCCNCC2CCc3ccc(Cl)cc3O2)cc1,8.980578422546387,7.767712593078613,8.3741455078125
CN1CCCCC1CNCc1ccccc1CS(=O)(=O)N2CCCC2,5.062751770019531,6.811951637268066,5.937351703643799
CCN1CCN(c2ccc(C(=O)Nc3cccc(C)c3)cc2)CC1,5.556036949157715,6.526934146881104,6.041485548019409
COc1ccccc1N1CCN(CCCCc2ccccc2)CC1,7.911136627197266,7.437552452087402,7.674344539642334
O=C(CCCCN1CCN(c2cccc3ccccc23)CC1)c1ccc(F)cc1,8.29145622253418,8.056755065917969,8.174105644226074
Fc1ccc(N2CCN(CCCCNCC3=Cc4ccccc4CCc4nccn4C3)CC2)cc1,6.040937423706055,6.573245525360107,6.307091474533081
CCN(CCN1CCN(c2cccc3ccccc23)CC1)C1CCc2ccc(O)cc2C1,7.947355270385742,8.526658058166504,8.237006664276123
Oc1ccc2c(CCCCN3CCN(c4ccccc4Cl)CC3)ncc(OCCCN3CCN(c4cccc(Cl)c4Cl)CC3)c2[nH]1,,,
Oc1ccc2c(c1)OC(CNCCC1CCC(c3ccccc3)CC1)CC2,8.13192081451416,8.305398941040039,8.2186598777771
O=C(NCCCCN1CCN(c2cccc(Cl)c2Cl)CC1)c1ccc2ccccc2c1,7.087527751922607,9.066522598266602,8.077025175094604
CN1CCN(c2cccc(C3=C(c4c[nH]c5cc(F)cc(F)c45)CCC3)c2)CC1,7.511529445648193,6.742044448852539,7.126786947250366
CCCN(CCC1CCC(NC(=O)c2ccc(CC)cc2)CC1)C1CCc2nc(N)sc2C1,7.660475730895996,8.59274673461914,8.126611232757568
N#Cc1ccc2[nH]cc(CCCCN3CC=C(c4ccc5[nH]ccc5c4)CC3)c2c1,8.410371780395508,8.097466468811035,8.253919124603271
CCCN(CCN1CCN(c2cccc(Cl)c2Cl)CC1)C1CCc2c(O)cccc2C1,7.985079765319824,8.79438304901123,8.389731407165527
COc1ccccc1N1CCN(CCCCCCCN2CCCc3cc(-c4ccc(F)cc4)ccc3C2=O)CC1,7.775768280029297,7.638249397277832,7.7070088386535645
Cc1ccc2c(N3CCN(CCc4cccc5c4OCc4nc(C)c(F)n4-5)CC3)cccc2n1,6.354501247406006,6.405476093292236,6.379988670349121
O=C1CCc2ccc(OCCCCN3CCN(c4cccc(C(F)(F)F)c4Cl)CC3)nc2N1,8.550567626953125,7.947595119476318,8.249081373214722
CCCN(CCN1CCN(Cc2ccccc2)CC1)C1CCc2ccc(O)cc2C1,6.17121696472168,7.951322555541992,7.061269760131836
CCN1CCc2ccc(C(C)=O)cc2CC1,6.788466930389404,6.235079765319824,6.511773347854614
O=C1c2ccccc2N1CCCN1CCN(c2cc(F)ccc2OCCF)CC1,7.323514938354492,6.7707109451293945,7.047112941741943
CCCN(CCN1CCN(c2cccc3c2OCCO3)CC1)C1CCc2ccc(O)cc2C1,7.739287376403809,8.579225540161133,8.15925645828247
CN1CC=C(c2cnc[nH]2)CC2c3cccc(O)c3CCC21,7.275831699371338,7.140730857849121,7.2082812786102295
N#Cc1ccccc1CN1CCN(CCCCNC(=O)c2cc3ccc2-c2ccccc2)CC1,,,
Oc1ccc2[nH]cc(CCCCN3CCN(c4cccc(Cl)c4Cl)CC3)c2c1,8.743884086608887,8.450736045837402,8.597310066223145
Oc1[nH]c2ccc(OCCCN3CCN(c4cccc5cccc(F)c45)CC3)cc2c1O,8.588236808776855,7.962619781494141,8.275428295135498
CN1CCC(c2cn(-c3ccc(F)cc3)c3ccc(Cl)cc23)CC1,7.850132942199707,5.300248622894287,6.575190782546997
O=C(NCCCCN1CCN(c2ccccc2OCCF)CC1)c1cc2ccccc2cn1,7.126689910888672,8.735501289367676,7.931095600128174
N#Cc1cccc2c1CCN(CCCCN1CCN(c3ccccc3)CC1)C2=O,6.639816761016846,7.749942302703857,7.194879531860352
Ic1cccc(N2CCN(CCCOc3ccc4ccnn4c3)CC2)c1,7.434322834014893,7.529360771179199,7.481841802597046
Oc1ccc2c(c1)CCN(CCCc1ccccc1)C2,6.918337821960449,7.214110851287842,7.0662243366241455
O=C(NC1CCc2cc(CCN3CCN(c4ccccc4Cl)CC3)ccc21)C1CCCC1,7.191967964172363,7.0941243171691895,7.143046140670776
Oc1ccc2[nH]cc(CCCCN3CCN(c4cccc(Cl)c4Cl)CC3)c2c1,8.743884086608887,8.450736045837402,8.597310066223145
CC1CN(CCCc2ccc(F)cc2)CCN1CCC12CCCc1ccc(O)cc12,,,
CCCN(CCN1C2CCC1c1ccc(Cl)c(Cl)c1)C1CCc2ncc(O)cc2C1,,,
COc1cccc(CN2CCN(CCCc3c[nH]c4ccc(C#N)cc34)CC2)c1,6.451226711273193,6.9707136154174805,6.710970163345337
NCC1CC1CCC(C(=O)Nc1ccc(Cl)cc1)C1CCC1,6.552188396453857,7.508069038391113,7.030128717422485
ON(CC1CCN(CCCCc2ccc(F)cc2)CC1)c1ccc(F)cc1,6.115185260772705,6.455040454864502,6.2851128578186035
CN1CCc2ccccc2Cc2cc(O)ccc2CC1,7.661470413208008,7.070633888244629,7.366052150726318
OC1(c2ccc(Cl)cc2)CC2CCC(C1)N2Cc1coc2ccccc12,7.902397632598877,8.243313789367676,8.072855710983276
CN1CCN(C2Cc3ccccc3Sc3ccc(-c4nnn(C)n4)cc32)CC1,8.439382553100586,7.074907779693604,7.757145166397095
c1ccc(N2CCN(CCCCCN3CCN(c4ccccc4)CC3)CC2)cc1,6.927473068237305,6.5004987716674805,6.713985919952393
O=C1C2CCCN2C(=O)N1CCCCNCC1CCc2ccccc2O1,7.9306182861328125,7.527356147766113,7.728987216949463
Nc1ccc(OCCCNCC2CCc3ccc(O)cc3C2)cc1,7.34773063659668,8.116013526916504,7.731872081756592
Oc1[nH]cc2cc(F)c(OCCCCN3CCN(c4cccc5ccccc45)CC3)cc12,8.182527542114258,8.29554557800293,8.239036560058594
Oc1[nH]cc2ccc(OCCCN3CCN(c4cccc5c4CCO5)CC3)cc12,8.351737976074219,7.996137619018555,8.173937797546387
O=[N+]([O-])c1c[nH]cc1NCCCN1CCN(c2ccc3ccccc3c2)CC1,7.161008358001709,6.573915481567383,6.867461919784546
COc1ccc(CN2CCC3(CCN(Cc4cccc(F)c4)CC3)CC2)cc1,5.33851432800293,6.286365509033203,5.812439918518066
O=C1N(CCCN2CCc3ccccc3C2)CCN1c1cc2ccccc2[nH]1,6.211090564727783,6.854393005371094,6.5327417850494385
CCCN(CCN1CCN(c2cccc(Cl)c2Cl)CC1)C1CCc2ccc(O)cc2C1,7.754941463470459,8.884286880493164,8.319614171981812
Fc1cc2c(c(OCCCCN3CCN(c4cccc5ccoc45)CC3)n1)CCC2,8.37140941619873,8.121431350708008,8.24642038345337
Cc1ccc2c(N3CCN(CCc4cccc(-c5c(C)noc5C)c4)CC3)cccc2n1,6.7835869789123535,6.69943380355835,6.741510391235352
O=C1N(CCN2CCC(C(=O)c3ccc4ccccc4c3)CC2)CCN1c1cccc(Cl)c1,6.946300983428955,7.564959526062012,7.255630254745483
CCCN(CCN1CCN(c2ccc(-c3ccccc3)cc2)CC1)C1CCc2c(O)cccc2C1,7.487314701080322,8.477007865905762,7.982161283493042
Oc1ccc2[nH]cc(CCCCN3CC=C(c4ccc5c(c4)NCCC5)CC3)c2c1,8.563323974609375,8.188592910766602,8.375958442687988
Fc1ccc(N2CCN(CCC3CCC(Cc4ccccc4)CC3)CC2)cc1,6.879424095153809,7.078413963317871,6.97891902923584
CCN1CCCN(c2cccc3ccccc23)CC1,7.256824016571045,6.067034721374512,6.661929368972778
CCCN(CCN1CCN(c2cccc3c2CCC=3)CC1)C1CCc2ccc(O)cc2C1,,,
CCCN1CCCCC1CNC(=O)c1cc(Br)ccc1OC,6.965485572814941,7.628770351409912,7.297127962112427
N#CCCCN1CCN(c2ccccc2O)CC1,8.230180740356445,7.594149589538574,7.91216516494751
Oc1ccc2[nH]cc(CCCCN3CC=C(c4ccccc4)CC3)c2c1,8.44819450378418,8.916884422302246,8.682539463043213
Cc1cc2c(OCC(O)CN3CCC(c4cccc5ccccc45)CC3CI)cccc2[nH]1,6.550246238708496,6.698466300964356,6.624356269836426
Sc1nccn1C1CCN(c2cccc3ccccc23)CC1,6.867765426635742,5.878137111663818,6.37295126914978
Oc1ccc2c(OCCNCCCCc3ccc4[nH]cnc4c3)cccc2n1,8.819506645202637,7.758803844451904,8.28915524482727
COc1cccc(C(=O)NCCCN2CCN(c3ccccc3C(F)(F)F)CC2)c1,6.561859130859375,7.168636798858643,6.865247964859009
Nc1cc(F)cc(C(=O)NCCCCN2CCN(c3ccccc3Cl)CC2)c1,7.122028350830078,8.87894058227539,8.000484466552734
CN1CCN(C2Cn3cccc3Sc3ccc(Cl)cc32)CC1,8.645715713500977,8.372458457946777,8.509087085723877
CN1CCN(C2Cc3ccccc3Sc3ccc(F)cc32)CC1,9.00782871246338,8.473590850830078,8.740709781646729
NCCc1c[nH]c2ccc(OCCN3CCN(c4cccc5ccc(F)cc45)CC3)cc12,7.654051780700684,6.891953468322754,7.273002624511719
Cc1cc2c(cc1CCN1CCN(c3cccc(C(F)(F)F)n3)CC1)CC2,6.554681777954102,6.607588768005371,6.581135272979736
CNCC(Cc1ccccc1)N1c2ccccc2Sc2ccccc21,5.897994041442871,5.466591358184815,5.682292699813843
Oc1ccc2c(OCCNCCCCc3c[nH]c4ccc(F)cc34)ccc(F)c2[nH]1,,,
CCCN1CCCC2c3ccc(Cl)cc3CCC21,7.029313564300537,7.667518615722656,7.348416090011597
Clc1ccnc(N2CCN(CCCCc3ccno3)CC2)n1,6.336102485656738,6.48439359664917,6.410248041152954
CCN1CCc2ccccc2Cc2c(O)cccc2CC1,7.6413373947143555,7.33368444442749,7.487510919570923
c1ccc(CN2CCN(CCCCOc3ccc4ccn(CCCCCN5CCN(c6ccccc6Cl)CC5)c4n3)CC2)cc1,6.844942092895508,7.147704124450684,6.996323108673096
CCCN(CCN1CCN(c2ccccc2)CC1)C1CCc2ccc(O)cc2C1,7.061977386474609,8.358572006225586,7.710274696350098
O=C(NCCCCN1CCN(c2cccc(Cl)c2Cl)CC1)c1cnc2ccccc2c1,7.251902103424072,9.041850090026855,8.146876096725464
CCCN(CCN1CCN(c2ccccc2Cl)CC1)C1CCc2ccc(O)cc2C1,7.593542575836182,8.679712295532227,8.136627435684204
O=C(NC1CCC(CCN2CCN(c3cccc(Cl)c3Cl)CC2)CC1)c1ccc2ccccc2c1,7.402788162231445,8.681697845458984,8.042243003845215
O=C1CCc2cc(OCCCCN3CCN(c4cccc(Cl)c4Cl)CC3)ccc2N1,8.785455703735352,8.286078453063965,8.535767078399658
COc1ccccc1N1CCN(CCCCNC(=O)C=Cc2ccccc2[N+](=O)[O-])CC1,7.58978796005249,8.737942695617676,8.163865327835083
Oc1[nH]cc2ccc(OCCCN3CCN(c4cccc5ccncc45)CC3)cc12,7.890024662017822,7.779282569885254,7.834653615951538
CN(CCc1ccc(F)cc1F)CCN1CCN(c2ccccc2Cc2cccc(F)c2)CC1,6.481586456298828,6.196961402893066,6.339273929595947
OC1(CN2CCN(c3ccccc3)CC2)CCCN1CCCC1C2CCC3CC(C1)C2,,,
Oc1ccc2c(c1)OC(CNCCC1CCc3ccccc3C1)CC2,8.381322860717773,8.819265365600586,8.60029411315918
CCCN(CCN1CCN(c2ccccc2)CC1)C1CCc2ccc(O)cc2C1,7.061977386474609,8.358572006225586,7.710274696350098
CN1CCCCC1Cn1cc(CCc2ccc(C#N)cc2)c2ccccc21,6.308996200561523,6.733948230743408,6.521472215652466
COc1ccccc1N1CCN(CCCCNC(=O)c2cccc3c2N(CCC3)CC3CCCCC3)CC1,7.401157379150391,7.968565940856934,7.684861660003662
CCCN(CCN1CCN(c2cccc(Cl)c2Cl)CC1)C1CCc2c(O)cccc2C1,7.985079765319824,8.79438304901123,8.389731407165527
CC(C)CN1CCN(c2cccc(Cl)c2)CC1CCOCC1,,,
CCN1CCOCC1CN1CCN(c2cccc3ccccc23)CC1,7.09621000289917,6.661476135253906,6.878843069076538
COc1cccc(C(=O)NCCCCN2CCN(c3ccccc3OC)CC2)c1,7.0198893547058105,8.479230880737305,7.749560117721558
COc1ccccc1N1CCN(CCCCSc2ncc(C(=O)NCCCCCCCCN(C)Cc3ccccc3OC)n2C)CC1,6.700601100921631,7.051944732666016,6.876272916793823
CN1CCN(C2Cc3ccccc3Sc3cc(Cl)ccc32)CC1,8.920413970947266,8.575582504272461,8.747998237609863
CCCN(CCN1CCN(c2ccc3[nH]ccc3c2)CC1)C1CCc2ccc(O)cc2C1,7.211019039154053,8.363239288330078,7.787129163742065
Clc1ccc(N2CCN(CCCCNc3cccc4cnccc34)CC2)cc1Cl,7.138091564178467,7.580157279968262,7.359124422073364
Oc1ccc(C2CNCCc3c2ccc(I)c3F)c2cccnc12,6.588899612426758,5.782472610473633,6.185686111450195
Oc1[nH]cc2cc(F)c(OCCCN3CCN(c4cccc5c4CCCC5)CC3)cc12,8.465005874633789,7.6174750328063965,8.041240453720093
OC1(c2ccc(F)cc2)CC2CCC(C1)N2Cc1coc2ccc3c(c12)CCN(CCCc1ccccc1)C3,7.547364234924316,7.482329368591309,7.5148468017578125
CCN(CC)Cc1cccc(CCCN2CCC3c4ccccc4CCC3CC2)c1,5.801608085632324,5.609194278717041,5.705401182174683
CN1CCN(C2Cc3ccccc3Sc3ccc(Cl)cc32)CC1,9.140546798706056,8.702610969543457,8.921578884124756
O=C(CCc1c[nH]c2ccc(F)cc12)NCCCN1CCN(c2ncccc2Cl)CC1,7.131436347961426,6.456298828125,6.793867588043213
CCCN(CCN1CCN(c2ccccc2)CC1)C1CCc2ccc3[nH]ccc3c2C1,7.156381607055664,7.366127490997314,7.261254549026489
COc1ccccc1N1CCN(CCCCOc2ccc3cn[nH]c3c2)CC1,8.270299911499023,8.145734786987305,8.208017349243164
CCN(CCCCCCN1C(=O)CCCCC1=O)Cc1ccc(NCCCN2CCN(c3cccc(Cl)c3Cl)CC2)cc1,7.211620330810547,7.30988597869873,7.260753154754639
CCN(CCCCN1CCN(c2cccc(Cl)c2Cl)CC1)C1CCc2ccc(S)cc2C1,7.902884483337402,8.662240028381348,8.282562255859375
Oc1[nH]cc2ccc(OCCCN3CCN(c4cccc5cccc(Cl)c45)CC3)c(F)c12,7.971092700958252,7.87623405456543,7.923663377761841
CCCN(CCN1CCN(c2ccc(Cl)cc2)CC1)C1CCc2c(O)cccc2C1,6.901605129241943,8.154072761535645,7.527838945388794
CCCc1ccc2[nH]cc(CCCCN3CCN(c4ccc5oc(C)cc5c4)CC3)c2c1,7.271932601928711,6.987814426422119,7.129873514175415
Oc1[nH]cc2ccc(OCCCN3CCN(c4cccc5cccc(F)c45)CC3)c(F)c12,8.132925987243652,7.728141784667969,7.9305338859558105
CCN1CCCC1CNC(=O)c1cc(I)ccc1C,7.294469833374023,8.555295944213867,7.924882888793945
CCCN1CCCC1Cc1cccc(O)c1OCC1CCCC1,6.2568678855896,7.807552337646484,7.032210111618042
O=C(NC1CCc2cc(CCN3CCN(c4cccc(Cl)c4Cl)CC3)ccc21)CC1CC1,7.319743633270264,7.290000915527344,7.304872274398804
Cc1ccc2c(N3CCN(CCc4ccc(F)c(F)c4)CC3)cccc2n1,7.340975284576416,6.31480598449707,6.827890634536743
COc1ccccc1N1CCN(C2CCC(N3CCN(c4cccc(Cl)c4Cl)CC3)CC2)CC1,6.830634593963623,7.311728000640869,7.071181297302246
COc1ccc(NC2=NCCN2)cc1Cl,7.096649169921875,5.668720245361328,6.382684707641602
CCN1CCN(c2cccc(C(=O)NC3(C)CCN(Cc4c[nH]c5ccccc45)CC3)c2)CC1,6.777148723602295,6.761331558227539,6.769240140914917
O=C1N(CCN2CCC(C(=O)c3ccccc3CCCCN3CCN(c4cccc(Cl)c4Cl)CC3)CC2)CCN1c1ccccc1,7.822721004486084,7.699763774871826,7.761242389678955
Oc1ccc2[nH]cc(CCCCN3CCN(c4cccc5cccc(F)c45)CC3)c2c1,8.59611701965332,7.813994407653809,8.205055713653564
Oc1[nH]cc2ccc(OCCCCN3CCN(c4cccc(Cl)c4Cl)CC3)cc12,8.518853187561035,8.852020263671875,8.685436725616455
NC(=O)Nc1cccc(CN2CCN(c3cccc4ccccc34)CC2)c1,7.575691223144531,7.157163143157959,7.366427183151245
CN1CCN(CCCN2c3ccccc3Sc3ccc(F)cc32)CC1,7.481771945953369,7.4421186447143555,7.461945295333862
Clc1cccc(N2CCN(CCCCCOc3ccc4[nH]c(C(F)(F)F)nc4c3)CC2)c1,8.211249351501465,7.641444206237793,7.926346778869629
Clc1ccc(I)c(N2CCN(CCCCCn3ccc4c(NCCN5CCN(c6ccccc6Cl)CC5)cccc43)CC2)c1,7.870355606079102,6.930120468139648,7.400238037109375
Fc1ccc(N2CCN(CCCCc3c[nH]c4ccc(-n5cnnc5)cc34)CC2)cc1,7.363535404205322,6.817225933074951,7.090380668640137
CC1CN(C(C)CO)C(=O)c2cccc(CCN3CCN(c4ccccc4OCCF)CC3)c2OC1CN(C)Cc1ccccc1,6.4011430740356445,6.183114051818848,6.292128562927246
O=C(NC1CCC(CCCN2CCN(c3cccc(Cl)c3Cl)CC2)CC1)c1ccc(F)cc1,7.767942428588867,8.228045463562012,7.9979939460754395
O=C1CCc2ccccc2N1CCCCN1CCN(c2nsc3ccccc23)CC1,7.836206912994385,7.752013206481934,7.794110059738159
CN1CCc2cccc3c2C1Cc1ccc(O)c(O)c1-3,7.594958782196045,7.866140842437744,7.7305498123168945
CCCN(CCN1CCN(c2ccccc2OC)CC1)C1CCc2c(O)cccc2C1,8.0911283493042,8.516032218933105,8.303580284118652
Oc1ccc2c(c1)OC(CNCCCOc1ccc(F)c3c1CCC3)CC2,9.57953929901123,8.51091480255127,9.04522705078125
CCCN(CCN1CCN(c2cccc3c2CCC=C3)C1)C1CCc2ccc(O)cc2C1,7.415194511413574,9.091217041015623,8.2532057762146
CCCN(CCN1CCN(c2cccc3c2OCCC3)CC1)C1CCc2c(O)cccc2C1,8.297016143798828,8.56422233581543,8.430619239807129
CN1Cc2cccc3c2C1Cc1cccc([N+](=O)[O-])c1-3,6.096043109893799,6.1798176765441895,6.137930393218994
Cc1c(-c2ccc3c(c2)CCN(CCCSc2nnc(-c4ccccc4)n2C)CC3)noc1C,6.224554538726807,8.422784805297852,7.323669672012329
CN1Cc2ccccc2CC1CNC(=O)C1CCCN1CCc2ccccc2C1,,,
CCc1cccc2c1CCC1CN(CCCCCCC(=O)N2Cc2ccccc2OC)CCN1,6.251057624816895,6.002227306365967,6.126642465591431
Oc1[nH]c2ccc(OCCCN3CCN(c4cccc5cccc(F)c45)CC3)cc2c1C1=CCC2C1,,,
Oc1ccc(N2CCN(CCCCc3c(OCCCN4CCOCC4)cccc3CCCCF)CC2)c2ccccn12,,,
Oc1c2cccc3c(N4CCCC4)ccc(c23)CCN1CCCCC1,,,
N#Cc1cc2cc(C3(CCN4CCN(c5cccc6ccccc56)CC4)CC3)ccc2[nH]1,7.70923900604248,7.243684768676758,7.476461887359619
CN1CCc2ccccc2Cc2ccc(C(=O)CCCN3CCN(c4cccc(Cl)c4Cl)CC3)cc2CC1,7.657082080841064,7.869865417480469,7.763473749160767
CN1CCC(Oc2ccccc2CCc2ccccc2)CC1,5.186081886291504,6.029465198516846,5.607773542404175
CCN1CCN(c2cccc(C(=O)NC3CCN(CCC(F)(F)F)CC3)c2)CC1,6.208731174468994,7.232013702392578,6.720372438430786
CCCN1CCCC2c3cc(O)ccc3CCC21,6.716984748840332,8.038888931274414,7.377936840057373
COc1cccc(N2CCN(CCCCOc3nccc4c3CC(C)CC4)CC2)c1,6.995482444763184,7.528079032897949,7.261780738830566
COc1ccccc1N1CCN(CCCCNC(=O)c2cccc(I)c2)CC1,7.726261138916016,8.668522834777832,8.197391986846924
O=C(NCCCCN1CCN(c2cccc(Cl)c2Cl)CC1)c1cccnc1,7.342226982116699,9.015792846679688,8.179009914398193
O=C(NCCCCN1CCN(c2cccc(Cl)c2Cl)CC1)c1cc2ccccc2[nH]1,7.3425798416137695,9.33303451538086,8.337807178497314
O=C1N(CCN2CCN(c3ccc(F)cc3)CC2)CCN1c1ccccc1,6.245837688446045,6.230846881866455,6.23834228515625
CCN1CCCCC1CNC(=O)c1ccc(C)c(C)c1,6.458942413330078,7.585293769836426,7.022118091583252
Oc1[nH]cc2cc(F)c(OCCCN3CCN(c4cccc5cccc(Cl)c45)CC3)cc12,7.8909077644348145,7.786128520965576,7.838518142700195
NC(CN1CCN(Cc2cc(I)c(Cl)cc2)CC1)C1CCOC1,5.4730730056762695,6.784515380859375,6.128794193267822
Oc1ccc(N2CCN(CCCCN3CCN(c4ccccc4Cl)CC3)CC2)cc1Cl,7.234477519989014,8.153450012207031,7.6939637660980225
O=C(NCCCCN1CCN(c2cccc(Cl)c2Cl)CC1)c1cccc2c1-c1ccccc1C2,6.840058326721191,8.24310302734375,7.541580677032471
CCCN(CCN1CCN(c2ccc(-c3ccccc3)cc2)CC1)C1CCc2ccc(O)cc2C1,7.323070049285889,8.556982040405273,7.940026044845581
CN1CCN(C2Cn3cccc3Sc3ccc(Br)cc32)CC1,8.921730041503906,8.506511688232422,8.714120864868164
N#Cc1cccc(N2CCN(CCC3CCC(Nc4nccc(Cl)c4Cl)CC3)CC2)c1,8.15713882446289,8.146383285522461,8.151761054992676
Oc1ccc(I)cc1OCCNCC1Cc2ccccc2O1,9.25688934326172,8.369654655456543,8.81327199935913
Clc1ccc(N2CCN(CCCCc3ccc4[nH]cnc4c3)CC2)cc1Cl,7.287858486175537,7.084320068359375,7.186089277267456
Oc1[nH]cc1CCN1CCN(c2cccc3ccccc23)CC1,,,
Cc1cc2c[nH]c(O)c2cc1OCCNC1CCc2ccccc2C1,6.782258033752441,7.336047172546387,7.059152603149414
COc1ccccc1N1CCN(CCCCNS(=O)(=O)c2ccc(I)cc2I)CC1,8.238582611083984,8.128433227539062,8.183507919311523
Oc1[nH]cc2ccc(OCCCCN3CCN(c4cccc5cc(F)c(F)cc45)CC3)cc12,8.48139476776123,8.090039253234863,8.285717010498047
CN1CCN(C2Cc3ccccc3Sc3ccc(-c4nnn(CCCCCCN6CCN(c7ccc(Cl)cc7Cl)CC6)n4)cc32)CC1,7.80695104598999,7.965296745300293,7.886123895645142
CCCN1CCCC1CNC(=O)c1c(O)ccc(Br)c1O,6.305150032043457,8.783883094787598,7.544516563415527
CN1CCN(C2Cc3ccccc3Sc3ccc(CNC(=O)CCCSc4ccc(Cl)cc4Cl)cc32)CC1,7.649487495422363,7.4083662033081055,7.528926849365234
Oc1[nH]cc2ccc(OCCCN3CCN(c4cccc5ccccc45)CC3)cc12,8.251432418823242,8.164287567138672,8.207859992980957
CCCN1CCCC1CNC(=O)c1ccc(C)cc1OC,6.36711311340332,7.699132919311523,7.033123016357422
O=C(N(CCN1CCN(c2ccccc2OCCF)CC1)c1ccc(I)cc1)c1ccccc1I,7.253200531005859,6.50192403793335,6.8775622844696045
COc1ccccc1N1CCN(CCCCOc2ccc3c(C)ccc(O)n3n2)CC1,,,
CCCN(CCN1CCN(c2cccc(Cl)c2Cl)CC1)C1CCc2ccc(O)cc2C1,7.754941463470459,8.884286880493164,8.319614171981812
CCN(CCCCCCCN=C1CCc2ccccc2OC1=O)CCCN1CCN(c2ccccc2OC)CC1,6.518074989318848,6.54463005065918,6.531352519989014
O=C(CCCCN1CCN(c2ccc(Cl)cc2Cl)CC1)c1ccc2ccccc2c1,7.217412948608398,8.049691200256348,7.633552074432373
OC1(c2ccc(Cl)cc2)CC2CCC(C1)N2C(c1ccccc1Cl)c1ccccc1Cl,6.897768974304199,6.930858612060547,6.914313793182373
O=C1N(CCN2CCC3c4ccccc4CCC3C2)CCN1c1cccc2ccccc12,6.759561061859131,6.629743576049805,6.694652318954468
CN1CCN(c2cccc3c2CCc2ccccc2C3)CC1,7.438416481018066,7.359471797943115,7.398944139480591
CCN1CCN(CCCN2c3ccccc3Sc3ccc(Cl)cc3C2=O)CC1,7.181668281555176,7.418231010437012,7.299949645996094
O=C(CCCN1CC=C(n2c(O)nc3cc(Cl)ccc32)CC1)c1ccc(F)cc1,8.357101440429688,7.556977272033691,7.9570393562316895
N#Cc1cccc(N2CCN(CCCCNC(=O)c3ccc(F)cc3)CC2)c1,7.028781414031982,8.608207702636719,7.818494558334351
O=C1CCc2ccc(NCCCCN3CCN(c4cccc(Cl)c4Cl)CC3)nc2N1,9.036092758178713,7.875773429870605,8.455933094024658
CCc1ccccc1N1CCN(CCNC(=O)c2cccc3c2OCCCC3)CC1,7.6545610427856445,6.656732559204102,7.155646800994873
Cc1cn2c(CCN(Cc3ccc(C(F)(F)F)cc3)CC3CCC(=O)N3)cccc2[nH]1,,,
CCOc1ccccc1N1CCN(CCCCCCNC(=O)c2ccccc2CCC)CC1,7.389812469482422,7.691275596618652,7.540544033050537
O=C(NCCCCN1CCN(c2cccc(Cl)c2Cl)CC1)c1ccc2ccccc2c1,7.087527751922607,9.066522598266602,8.077025175094604
CCN1CCCCC1CNC(=O)c1c(N)cccc1I,7.333044528961182,8.416618347167969,7.874831438064575
Oc1[nH]cc2c(OCCCCN3CCN(c4cccc5cccc(F)c45)CC3)cccc12,8.28110122680664,8.1029052734375,8.19200325012207
CN1CCN(C2=Cc3ccccc3Oc3ccc(Cl)cc32)CC1,7.99347448348999,7.783572196960449,7.88852334022522
c1ccc(COCCCNCC2CCc3ccc(OCCCN4CCN(c5ccccc5)CC4)cc3O2)cc1,7.527703762054443,6.96867036819458,7.248187065124512
CCCNC1CCc2ccccc2C1,6.438394069671631,6.9798784255981445,6.709136247634888
Oc1[nH]cc2cc(Cl)c(OCCCCCN3CCN(c4cccc5ccc(F)cc45)CC3)cc12,8.063509941101074,8.089370727539062,8.076440334320068
O=C(O)C1CCN(C2CCC3(Cc4ccccc4Cc4ccccc43)C2)CC1,5.95249080657959,6.375173568725586,6.163832187652588
Cc1cc(C(CN)CN)cc(C)c1-c1ccc2c(c1)C(C)(C)CN2C1CNC1,5.981625080108643,6.345251083374023,6.163438081741333
Cc1ccccc1N1CCN(CCCCCOc2ccc3[nH]c(C(=O)CC4CCCCC4)cc3c2)CC1,7.681976795196533,7.430728912353516,7.556352853775024
COc1ccc(CCNCCCSc2ccc3c(c2)CNC3)cc1,6.563457012176514,6.837867736816406,6.70066237449646
FC(F)(F)c1ccc(CCCCN2CCN(c3cccc4cccnc34)CC2)cc1,7.931088447570801,7.278600692749023,7.604844570159912
CN1CCN(Cc2ccccc2N2CCC(Nc3ccc(Cl)cc3)CC2)CC1,6.109654903411865,6.163710594177246,6.136682748794556
c1ccc(CCN2CCN(c3cccc4[nH]ccc34)CC2)cc1,8.231321334838867,6.57820987701416,7.404765605926514
Fc1cccnc1OC1CCC2CN(CCCCc3cn(CCCF)nn3)CC2C1,6.961246967315674,7.515844345092773,7.238545656204224
CCN(C(Cc1ccc(C)cc1)C1CCC2CCC1C2,,,
CN1CCN(C2Cc3ccccc3Sc3ccc(Cl)cc32)CC1,9.140546798706056,8.702611923217773,8.921579360961914
O=C(CCCN1CCN(c2ccccc2Cl)CC1)c1cc2ccccc2[nH]1,8.169269561767578,8.142646789550781,8.15595817565918
COc1ccccc1N1CCN(CC2CCC(c3cccc(C(C)(C)C)c3)CC2)CC1,6.790884971618652,7.660825729370117,7.225855350494385
CN1CCc2ccccc2Cc2ccc(O)c(Cl)c21,7.287020683288574,6.799501419067383,7.0432610511779785
Oc1ccc2c(CCCCNCCOc3cccc4[nH]ccc34)c[nH]c2c1,8.756250381469727,8.152740478515625,8.454495429992676
Oc1c2c(cc(O)c1O)C1CC(OCCN3CCN(c4ccccc4)CC3)CCC1,,,
CC1CN(C2CCN(CCCSc3nsc(-c4ccc(C(=O)NCCCCCCN(C)CCC4=O)c3)CC2)CCN1,,,
CCCN(CCN1CCN(c2cccc(Cl)c2Cl)CC1)C1CCc2ccc(O)cc2C1,7.754941463470459,8.884286880493164,8.319614171981812
O=C1CCON1CC=C1Cc1ccc(Cl)cc1,,,
Oc1[nH]cc2cc(F)c(OCCCN3CCN(c4cccc5ccc(F)cc45)CC3)cc12,8.179012298583984,7.826079368591309,8.002545833587646
COc1cccc(CN2CCN(CCCCNC(=O)c3cccc4cccs34)CC2)c1,,,
Brc1ccccc1N1CCN(CCCCN2CCC3c4ccccc4CCc4c(ccc(N=C(NCCCN3CCNCC3)c4Cl)CC2)CC1,,,
Oc1ccc2c(c1)OCC1CCCCN1CCN(c2cccc3cc(F)ccc23)CC1,,,
O=C1N(CCN2CCC3(CCCN3CCC(c4ccc(Cl)cc4)CC3)CCC2)CCN1c1cccc(Cl)c1,,,
CCCN(Cc1ccccc1Cc1ccc(F)cc1)C1CCc2[nH]c(N)nc2C1,7.158209323883057,7.334672927856445,7.246441125869751
NCCc1c[nH]c2ccc(OCCCCCCCCCCCCCN3CCN(c4ccccc4Cl)CC3)cc12,6.9147257804870605,7.088343620300293,7.001534700393677
N#Cc1ccc(OCCCNCC2CCc3ccc(O)nc3O2)cc1,9.6687593460083,8.459142684936523,9.063951015472412
CN1CCN(C2CC(c3ccc(F)cc3)c3ccc(F)cc32)CC1,7.937193870544434,6.430057048797607,7.1836254596710205
COc1ccccc1N1CCN(CCCSc2nc3ccccc3s2)CC1,7.6772141456604,8.496140480041504,8.086677312850952
CCCN(CCC1CCC(NC(=O)c2ccccc2Cl)CC1)C1CCc2nc(N)sc2C1,7.644521236419678,8.897693634033203,8.27110743522644
CCc1cc2c(O)nc(NCCN3CCN(c4cccc(C(F)(F)F)c4)CC3)nc2s1,7.273829460144043,6.408198356628418,6.8410139083862305
O=C1c2cccc3c([N+](=O)[O-])ccc(c23)CN1CCCCN1CCN(c2cccc(Cl)c2)CC1,7.252197265625,7.512167930603027,7.382182598114014
CCCN(CCN1CCN(c2ccc(-c3cccs3)cc2)CC1)C1CCc2ccc(O)cc2C1,7.295692443847656,8.919645309448242,8.10766887664795
O=C(Nc1ccc2c(c1)CCC(CCN1CCN(c3cccc(Cl)c3Cl)CC1)O2,,,
Oc1cc2c(OCCNCc3cccc(CN4CCN(c5ccccc5OCCF)CC4)c3)cccc2[nH]1,8.137776374816895,7.610877990722656,7.874327182769775
O=C(NCCCCN1CCN(c2cccc(Cl)c2Cl)CC1)c1ccc2ccccc2c1,7.087527751922607,9.066522598266602,8.077025175094604
Oc1[nH]cc2ccc(OCCCN3CCN(c4cccc5cccc(F)c45)CC3)cc12,8.2858247756958,7.846155166625977,8.065989971160889
O=C1N(CCN2CCC(C(=O)c3ccc(Cl)cc3)CC2)CCN1c1cccc2ccccc12,7.0252604484558105,7.179343223571777,7.102301836013794
CCCN(CCN1CCN(c2cccc3c2OCCC3)C1=O)C1CCc2ccc(O)cc2CC1,7.621733665466309,7.548057556152344,7.584895610809326
CN1CCc2cc(Cl)c(O)cc2C(CCCCCN2CCN(c3ccccc3Cl)CC2)C1,7.007249355316162,7.80653190612793,7.406890630722046
Oc1ccc2[nH]cc(CCCN3CCN(c4cccc5ccccc45)CC3)c2c1,8.515907287597656,7.4256272315979,7.970767259597778
CCCN(CCN1CCN(c2ccccc2)CC1)C1CCc2ccc(O)cc2C1,7.061977386474609,8.358572006225586,7.710274696350098
COc1ccccc1N1CCN(CCCCOCCSc2ccccc2)CC1,7.557064533233643,7.2622389793396,7.409651756286621
Oc1nc2c(OCCNCc3ccc(-c4cccc(-c5ccccc5)c4)cc3)cccc2[nH]1,7.800131320953369,8.03255558013916,7.916343450546265
Oc1ccc2[nH]cc(CCCCN3CCN(c4cccc5c4OCCC5)CC3)c2c1,9.370725631713867,8.148773193359375,8.759749412536621
N#Cc1cccc(C2=CC3CN(C4CCC4)C(=O)CN3CC2CCc2ccccc2)c1,7.404332160949707,7.357796192169189,7.381064176559448
Oc1ccc2c(c1)OC(CNCCCN1CCN(c3ccccc3OCCF)CC1)CC2,9.068086624145508,8.053138732910156,8.560612678527832
Oc1c2c(c(O)n1CCC1CC(Oc3cccc(C(F)(F)F)c3)CCN1)C2,6.128624439239502,8.006473541259766,7.067548990249634
CCCN(CCCCCCN1CCN(c2cccc(Cl)c2Cl)CC1)C1CCc2ccc(O)cc2C1,8.10012149810791,8.594127655029297,8.347124576568604
Fc1cccc(N2CCN(CCCCOc3ccc4cccnc4c3)CC2)c1,7.266776084899902,8.047287940979004,7.657032012939453
Oc1[nH]c2cc(F)cc(OCCCN3CCN(c4cccc5cccc(Cl)c45)CC3)c2o1,,,
Oc1[nH]c2ccccc2c1CCCCN1CCN(c2cccc3ccccc23)CC1,7.698060035705566,7.971535682678223,7.8347978591918945
CCCN(CCN1CCN(c2cccc(Cl)c2Cl)CC1)C1CCc2c(O)cccc2C1,7.985079765319824,8.79438304901123,8.389731407165527
CCCN1CCCCC1Cc1ccc(OC)cc1SC,6.507539749145508,6.930622100830078,6.719080924987793
O=C(OCCF)C1C2CCC(CC1c1ccc(I)cc1)C2,6.99275541305542,6.744244575500488,6.868499994277954
CCCN(CCN1CCN(c2cccc3cccnc23)CC1)C1CCc2ccc(O)cc2C1,7.680376052856445,8.793758392333984,8.237067222595215
CCNC(=NCCCN1CCN(c2cccc(Cl)c2Cl)CC1)c1ccc2c(c1)OCO2,6.4986982345581055,7.871794700622559,7.185246467590332
OC1(CCNCC2CC2)CCN(CCCCc2c[nH]c3ccc(Br)cc23)CC1,4.950911045074463,7.431981086730957,6.19144606590271
Oc1[nH]cc2ccc(OCCCCN3CCN(c4cccc5ccccc45)CC3)cc12,8.267786979675293,8.365196228027344,8.316491603851318
COc1ccc(CCN2CCC3(CC2)CC(c2ccccc2)CC3c2ccc(F)cc2)CCN(CCCN2CCC3=O)CC1,,,
Oc1[nH]cc2cc(F)c(OCCCCN3CCN(c4cccc5c(Cl)cc(Cl)cc45)CC3)cc12,7.959824085235596,7.891082763671875,7.925453424453735
CCCNc1cccc(-c2cnc(C)c(N)c2)n1,7.383161544799805,5.790995597839356,6.58707857131958
NCCN1CCN(c2cccc(Cl)c2Cl)CC1,7.3410444259643555,7.298333168029785,7.31968879699707
CN1CCCC1CNC(=O)c1cccc(I)c1CC1CCC2CCC12,6.655231475830078,8.149616241455078,7.402423858642578
O=C1N(CCN2CCC3(CC2)C(=O)c2ccccc23)CCN1c1cccc(C(F)(F)F)c1,6.490352630615234,7.963021278381348,7.226686954498291
Cc1ccc2c(N3CCN(CCc4cccc(N4CCN(C)CC4)CC3)cccc2n1,,,
O=C(NCCCCN1CCN(c2cccc(Cl)c2Cl)CC1)c1cc2ccccc2[nH]1,7.3425798416137695,9.33303451538086,8.337807178497314
CN1CCN(C2Cc3ccccc3Sc3ccc(Cl)cc32)CC1,9.140546798706056,8.702610969543457,8.921578884124756
Oc1nc2c(OCCNCCCN3CC=C(c4ccccc4)CC3)cccc2o1,7.955763339996338,7.889508247375488,7.922635793685913
CN1CCN(c2ccc3cc[nH]c3c2)CC1,6.830593109130859,5.522406578063965,6.176499843597412
Oc1ccc2sc(CCCN3CCN(c4ccccc4)CC3)cc2c1,7.725010395050049,7.421825408935547,7.573417901992798
Cc1ccc2c(N3CCN(CCc4cccc(-c5ccccc5C#N)c4)CC3)cccc2n1,7.207516193389893,6.639583587646484,6.9235498905181885
N#Cc1c(CN2CC3C(CCN3c3cccc(-c4ccccc4)n3)C2)ccc2ccccc12,6.488706588745117,6.920142650604248,6.704424619674683
NCCn1cc(-c2ccccc2)c2cc(I)c(O)cc21,5.785609245300293,6.418227672576904,6.101918458938599
CCCN(CCN1CCC(c2c[nH]c3ccc(F)cc23)CC1)C1CCc2ccc(O)cc2C1,7.667115211486816,7.722071170806885,7.694593191146851
CCN(CC)C1CCc2cc(O)ccc2C1,7.433551788330078,8.194549560546875,7.814050674438477
CCCN(CCCCCNCC1Cc2ccccc2OC1)C1CCc2ccc(O)cc2C1,7.241937637329102,7.6990180015563965,7.470477819442749
N#Cc1ccccc1N1CCN(CCCCCN2CCN(c3ccccc3C(=O)OCC2)CC1,,,
Oc1ccc2c(CCCCN3CCN(c4ccccc4)CC3)c[nH]c2c1,7.834803581237793,7.976181507110596,7.905492544174194
CCCN(CCN1C2CCC1c1ccc(F)c(Cl)c1)C1CCc2c(O)cccc2C1,,,
CCCN(CCN1CCN(c2ccccc2)CC1)C1CCc2c(O)cccc2C1,7.368458271026611,8.235482215881348,7.8019702434539795
c1ccc(CN2CCN(CCC3CC4c5ccccc5Cc5ccc(OCCN6CCN(c7ccccc7C6)cc52)CC3)cc1,,,
Cc1cccc(CN2CCN(CCCCN3CCN(c4ccc(F)c(Cl)c4Cl)CC3)CC2)c1,6.3854594230651855,7.337820053100586,6.861639738082886
O=C(NCCCCN1CCN(c2cccc(Cl)c2Cl)CC1)c1cccc2ccccc12,7.149011611938477,8.59504222869873,7.8720269203186035
Cc1cc(N2CCN(CCN3CCN(c4cccc(Cl)c4Cl)CC3)CC2)ccn1,6.885919570922852,6.883595943450928,6.88475775718689
CN1CCc2cccc3c2Cc2cccc(c23)C1,7.322815895080566,6.252272605895996,6.787544250488281
Oc1[nH]c2ccc(F)cc2c1CCCCN1CCN(c2ccccc2Cl)CC1,7.996883392333984,7.746120452880859,7.871501922607422
CCCN(CCN1C2CCC1CC(N1CCC3(CC1)CC2)C(=O)c1cccc(C)c1)C1CCc2c(O)cccc2C1,,,
CN1CC=C(c2c[nH]c3cccc(Br)c23)CC1,8.16409683227539,7.065176963806152,7.6146368980407715
CCCN(CCN1CCN(c2cccc3cc(O)ccc23)CC1)C1CCc2ccc(O)cc2C1,8.06090259552002,9.346025466918944,8.703464031219482
C(=Cc1ccccc1)CN1CCN(CCCOc2cccc3ccc(N4CCN(CCCc5ccccn5)CC4)cc23)CC1,6.290899276733398,6.858277320861816,6.574588298797607
CCCN(CCN1C2CCC1CC(OC(c1ccc(C)cc1)c1cccc(Cl)c1)C2)C(=O)O,6.429101943969727,6.5783514976501465,6.5037267208099365
CC1CCN(CCCNC(=O)c2ccccc2)CC1,4.714757919311523,6.163959503173828,5.439358711242676
Oc1[nH]cc2cc(F)c(OCCCCN3CCN(c4cccc5cccc(F)c45)CC3)cc12,8.246258735656738,7.938355445861816,8.092307090759277
Cc1cc2c(C(=O)NCCCN3CCN(c4cccc(Cl)c4Cl)CC3)cncc2[nH]1,6.450161933898926,7.430054664611816,6.940108299255371
Oc1[nH]cc2ccc(OCCCN3CCN(c4cccc5cccc(Cl)c45)CC3)cc12,8.160287857055664,7.99403190612793,8.077159881591797
CCCN(CCN1CCN(c2ccc(-c3ccc(F)cc3)cc2)C1=O)C1CCc2c([nH]c3ccccc23)CC1,7.210878372192383,7.756283283233643,7.483580827713013
Oc1ccc2cccc(OCCCNCC2COc2ccccc2OCCF)c1,,,
Oc1cc(F)cc2[nH]cc(CCCN3CC=C(c4ccc(F)cc4)CC3)c12,8.041414260864258,7.573288917541504,7.807351589202881
CCN(CCCCCN1CCN(c2cccc3ccccc23)CC1)C1CCc2ccc(O)cc2C1,8.043227195739746,8.384941101074219,8.214084148406982
CN1CCc2ccccc2Cc2ccc3cnn(CCN4CCN(c5ccc(C(F)(F)F)cc5)CC4)c3c21,5.998699188232422,5.937628746032715,5.968163967132568
CN1CCN(C2Cc3ccccc3Sc3ccc(Cl)cc32)CC1,9.140546798706056,8.702610969543457,8.921578884124756
N#Cc1cc2c(nc1N1CCN(CCCCc3cccc4ccccc34)CC1)CCC(=O)N2,7.881972312927246,7.176565647125244,7.529268980026245
O=C(NCCCCN1CCN(c2cccc(Cl)c2Cl)CC1)c1ccc(F)cc1,7.551733493804932,8.872730255126953,8.212231874465942
Oc1ccc2c(OCCNCc3ccc(-c4ccccc4)cc3)ccc(F)c2[nH]1,,,
Oc1[nH]cc2ccc(OCCCN3CCN(c4cccc5cccc(F)c45)CC3)c3c(F)cccc3c12,,,
CN1CC(CNCC2c3ccc(F)cc3Cc3ccccc32)C1,6.830804347991943,4.946720600128174,5.888762474060059
CN1CCc2ccccc2Cc2c([nH]c3ccc(Cl)cc23)CC1,7.856844902038574,6.504181385040283,7.180513143539429
Clc1ccc(N2CCN(CCCCNC(=NCC3CCc4ccccc4O3)CC2)cc1,,,
CCCN(CCN1CCN(c2cccc3c2OCCCO3)CC1)C1CCc2ccc(O)cc2C1,8.271718978881836,8.31121826171875,8.291468620300293
CN1CCN(C2CC(c3ccc(F)cc3)c3ccccc32)CC1(C)C,7.357419967651367,6.840575218200684,7.098997592926025
O=C1N(CCN2CCC(Cc3ccccc3)CC2)C2CCCCC12,6.6708269119262695,7.0149126052856445,6.842869758605957
COc1ccccc1N1CCN(CCCCCc2cn(-c3ccccc3)nc2CCc2cccc(OC)c2)CC1,6.871908664703369,7.650444507598877,7.261176586151123
CCCN(C)CC1Cc2ccccc2C2Cc3c(O)cccc3CCC21,6.974279403686523,7.83669376373291,7.405486583709717
Oc1[nH]cc2cc(F)c(OCCCN3CCN(c4cccc5oc(C(F)(F)F)cc45)CC3)cc12,7.607094764709473,7.701501846313477,7.654298305511475
CCCN(CCN1CCN(c2cccc3cnc(C#N)cc23)CC1)C1CCc2ccc(O)cc2C1,7.318429946899414,8.807490348815918,8.062960147857666
CN1CCN(C2Cn3cccc3Sc3ccc(F)cc32)CC1,8.455343246459961,8.19658088684082,8.32596206665039
Oc1ccc2c(CCNCCCF)cccc2c1,6.617208003997803,6.285861015319824,6.4515345096588135
CCCN(CCN1CCN(c2cccc3ccoc23)CC1)C1CCc2c(O)cccc2C1,8.249430656433105,8.883919715881348,8.566675186157227
Fc1ccc(CN2CCN(CCCCc3c[nH]c4ccc(F)cc34)CC2)cc1,6.593369007110596,7.288210391998291,6.940789699554443
CCCN(CCN1CCN(c2ccccc2OC)CC1)C1CCc2nc(N)sc2C1,7.395110130310059,8.347671508789062,7.8713908195495605
Oc1ccc2c(OCCNCc3ccccc3)ccc(I)c2[nH]1,,,
CCN1CCN(C)CC1Cc1ccc(O)cc1,5.408027648925781,6.993055820465088,6.200541734695435
CN1CCCCC1CNCc1ccc(I)cc1,4.935624122619629,7.180469989776611,6.05804705619812
Oc1ccc2c(CCCCN3CCN(c4ccccc4)CC3)nccc2c1,7.60115385055542,7.746156692504883,7.673655271530151
O=C1N(CCN2CCC(c3ccc(F)cc3)CC2)CCN1c1ccccc1,7.056349754333496,6.170221328735352,6.613285541534424
Cc1ncoc1-c1nnc(SCCCN2CC3CC3(c3ccc(F)cc3)C2)n1C,7.12682056427002,8.707328796386719,7.917074680328369
Cc1ccc2c(N3CCN(CCCc4cccc(-n5ccc(-c6ccc(O)nc6)c4)CC3)cccc2[nH]1,,,
O=C1Cc2ccc(CCCN3CCN(c4cccc5c4CCCC5)CC3)nc2N1,8.361255645751953,6.984116554260254,7.6726861000061035
CCCN(CCN1CCN(c2ccccc2)CC1)C1CCc2ccc(O)cc2C1,7.061977386474609,8.358572006225586,7.710274696350098
Oc1[nH]cc2ccc(OCCCN3CCN(c4cccc5cccc(F)c45)CC3)c(F)c12,8.132925987243652,7.728168487548828,7.93054723739624
Oc1[nH]cc2ccc(OCCCN3CCN(c4cccc5cccc(F)c45)CC3)cc12,8.2858247756958,7.846155166625977,8.065989971160889
Oc1ccc2c(NCCCNCc3ccccc3)ccc(I)c2[nH]1,,,
CCCN(CCN1CCN(c2cccc(Cl)c2Cl)C1=O)C1CCc2ccc(O)cc2C1,7.456831932067871,8.600118637084961,8.028475284576416
CCCN(CCN1CCN(c2ccccc2)CC1)c1ccccc1,6.800803184509277,6.411004066467285,6.605903625488281
N#Cc1ccc2[nH]c(C3CCC4(CC3)OCC(=O)N4)cc2c1,7.019353866577148,5.781285285949707,6.400319576263428
COc1cccc(C2CCN(Cc3ccc(OC)cc3)C2)c1OC,6.452701091766357,6.4119367599487305,6.432318925857544
CC(C(=O)NCCCN1CCN(c2cccc(Cl)c2Cl)CC1)c1ccc(F)cc1,6.786013126373291,6.756840705871582,6.7714269161224365
Cc1ccc2c(N3CCN(CCc4cccc(N5CCN(C)CC5)c4)CC3)cccc2n1,7.352627754211426,6.943963527679443,7.148295640945435
COc1ccccc1N1CCN(CCCCNC(=O)c2ccccc2I)CC1,7.859369277954102,8.374762535095215,8.117065906524658
Oc1cc2ccc(Cl)cc2[nH]1,8.222396850585938,5.841221332550049,7.031809091567993
COc1ccccc1N1CCN(CCCCC(=O)c2ccc3ccc(O)cc3c2)CC1,8.473404884338379,8.441865921020508,8.457635402679443
C=C1CN2CCCC2CCC1CCN1CC=C(c2ccccc2I)CC1,6.61132287979126,7.4442138671875,7.02776837348938
CN1CCN(C2Cc3ccccc3Sc3ccc(-c4nnn(CCN5CCNCC5)n4)cc32)CC1,7.334283828735352,6.439401626586914,6.886842727661133
CCN1CC(CN2CCC(N3CCC4(CC3)OCc3cc(F)ccc32)CC1=O,,,
N#Cc1ccc(CCN2CCN(CCCc3c[nH]c4ccc(I)cc34)CC2)cc1OCc1ccccc1,6.7143073081970215,7.056286811828613,6.885297060012817
CCCN(CCN1CCN(c2cccc3ccccc23)CC1)C1CCc2c(O)cccc2C1,8.05475902557373,8.830840110778809,8.44279956817627
CN1CCCC1Cn1ncn(-c2ccc(N3CCN(CC(=O)Nc4ccc(F)cc4F)CC3)cc2)c1=O,5.5216145515441895,5.9242353439331055,5.7229249477386475
Cc1ccc2c(N3CCN(CCc4cccc5c4OCCC6C(=O)OCC6C)CC3)cccc2n1,,,
COc1cccc(C(=O)NCC2CCC(CN3CCN(c4ccccc4OC(C)C)CC3)CC2)c1,6.613977432250977,7.9463701248168945,7.2801737785339355
O=C1N(CCN2CCC(C(F)(F)F)CC2)CCN1c1cccc(I)c1,7.635980129241943,8.69354248046875,8.164761304855347
Clc1cccc(N2CCN(CCCCCCN3Cc4ccccc4C3)CC2)c1Cl,6.876170158386231,7.208777904510498,7.042474031448364
Oc1[nH]c2ccc(F)cc2c1CCCCN1CCN(c2cccc3cnccc23)CC1,7.8808441162109375,8.016868591308594,7.948856353759766
Oc1ccc2c(CCCNCCOc3cccc4[nH]ccc34)c[nH]c2c1,8.472223281860352,7.874150276184082,8.173186779022217
Fc1ccc(N2CCN(CCCC3CCC(Nc4ccccc4)CC3)CC2)c(F)c1,7.693818092346191,7.039652824401856,7.366735458374023
O=C1c2ccc(Cl)cc2CCC1CCCN1CCN(c2cccc3ccccc23)CC1,7.3028459548950195,7.896479606628418,7.599662780761719
O=C1N(CCN2CCC3(CC2)CN(c2ccccc2)CN3c2ccccc2)CCN1c1ccccc1,7.976531028747559,6.925999641418457,7.451265335083008
CCN1CCN(c2cccc3ccc(OCCCCNCC(O)c4cccn4)cc23)CC1,,,
Oc1[nH]cc2ccc(OCCCCN3CCN(c4cccc5ccc(F)cc45)CC3)cc12,8.426007270812988,8.227441787719727,8.326724529266357
COc1ccccc1N1CCN(CCCCNC(=O)C2CC3CCC2C3)CC1,7.572685241699219,8.651552200317383,8.1121187210083
Oc1ccc2[nH]cc(CCCN3CCN(c4cccc(Cl)c4Cl)CC3)c2c1,8.51258373260498,7.52970552444458,8.02114462852478
Oc1[nH]cc2cc(F)c(OCCCCN3CCN(c4cccc5cccc(F)c45)CC3)cc12,8.246258735656738,7.938355445861816,8.092307090759277
CN1CCN(c2cccc3ccc(OCCCNCCF)cc23)CC1,6.587447643280029,6.939842700958252,6.763645172119141
CN1CCCC1Cc1c[nH]c2cc(C(F)(F)F)ccc12,6.91182279586792,6.741746425628662,6.826784610748291
CCCN(CCN1CCN(c2cccc(Cl)c2Cl)C1=O)C1CCc2c(F)cccc2C1,7.223310470581055,8.08726978302002,7.655290126800537
Cc1cc2c(c(OCCCN3CCC(Cc4ccccc4)CC3)c1)OCCC2,7.4042067527771,7.096590995788574,7.250398874282837
CCCN(CCN1CCN(c2cccc(Cl)c2Cl)CC1)C1CCc2nc(N)sc2C1,7.469848155975342,8.901445388793945,8.185646772384644
N#Cc1ccc2cc1Oc1ccc(CCN3CCN(c4cccc(Cl)c4Cl)CC3)cc1CCC2,7.483161926269531,6.620553016662598,7.0518574714660645
CCc1cc(C#N)c(N2CCC(CCN3CCN(c4cccc(Cl)c4Cl)CC3)CC2)c(C)[nH]1,,,
CN1CCN(C2=Cc3ccccc3Cc3ccc(F)cc32)CC1,7.8052144050598145,7.420037746429443,7.612626075744629
CCCN(CCN1CCN(c2cccc(Cl)c2Cl)C1=O)C1CCc2c(O)cccc2C1,7.713640213012695,8.579425811767578,8.146533012390137
Cc1cc(C(N)=O)nn1CC1CCC2CCC12,6.01046085357666,7.889834403991699,6.95014762878418
O=C1N(CCN2CCN(c3cccc(Cl)c3Cl)CC2)CCN1c1ccccc1,7.452239990234375,7.511731624603271,7.481985807418823
CCCN(CCCCCCCCCCCN(Cc1ccco1)C1CCc2ccc(O)cc2C1)C1CCc2nc(N)sc2C1,7.228334426879883,8.271455764770508,7.749895095825195
CCCN(CCN1CCN(c2ccccc2OC)CC1)C1CCc2ccc(O)cc2C1,7.815720081329346,8.517810821533203,8.166765451431274
CCCN(CCN1C2CCC1CC(OC(c1ccc(F)cc1)c1ccc()c(F)c1)C2)C1CCc2nc(N)sc2C1,,,
N#Cc1cccc2c1CCN2CCN1CCN(c2ccc(C(F)(F)F)cc2)CC1,6.135226249694824,6.030064582824707,6.082645416259766
CN1CCc2ccc(O)cc2CCc2ccc3[nH]cnc3c21,7.962018013000488,6.050631046295166,7.006324529647827
CCCN(CCN1CCN(c2ccccc2)CC1)C1CCc2ccc(O)cc2C1,7.061977386474609,8.358572006225586,7.710274696350098
c1ccc(N2CCCN(CCCCCCN3CCN(c4ccccc4)CC3)CC2)c2ccccc2)cc1,,,
Oc1ccc2c(OCCNCCCc3ccccc3)cccc2[nH]1,,,
COc1ccc2c(c1)c(CCN1CCN(c3cccc(Cl)c3Cl)CC1)cn2C,6.874446392059326,6.641711711883545,6.7580790519714355
CN1CCc2cc(F)cc3c2C1Cc1ccc(O)c(O)c1-3,8.287187576293945,8.115177154541016,8.20118236541748
CN1CCN(C2=Cc3ccccc3Oc3ccc(Cl)cc3C2=O)CC1,7.223611354827881,7.428016662597656,7.3258140087127686
Clc1ccc(N2CCN(CCCCOc3ccc4c(c3)CCC4)CC2)cc1Cl,7.331193923950195,7.662844657897949,7.497019290924072
O=C(NCCN1CCN(c2cccc(Cl)c2Cl)CC1)c1cc2ccccc2s1,6.950379371643066,7.72407341003418,7.337226390838623
CN1CCN(C2Cc3ccccc3Sc3ccc(-c4nnn(C)n4)cc32)CC1,8.439382553100586,7.074907779693604,7.757145166397095
CN1CCN(CCCN2c3ccccc3Sc3ccc(C(F)(F)F)cc32)CC1,6.6178388595581055,6.678783893585205,6.648311376571655
COc1ccccc1N1CCN(CCCCNC(=O)CC2CCCc3ccc(Cl)cc32)CC1,7.660727024078369,7.887182235717773,7.773954629898071
CCc1cc2cc(Cl)c3c(c2oc1=O)CCN(CCCc1cccc(OCCCN4CCN(c5ccccc5OC)CC4)c1)CC3,7.319949150085449,7.750014305114746,7.534981727600098
CCCN(CCC1CCC(NCC2Cc3ccccc3C2)C1)C1CCc2c(O)cccc2C1,7.322364330291748,8.297561645507812,7.80996298789978
CCCN(CCN1CCN(c2cccc(Cl)c2Cl)CC1)C1CCc2ccc(O)cc2C1,7.754941463470459,8.884286880493164,8.319614171981812
COc1cccc(N2CCN(CCCCNC(=O)c3ccccc3)CC2)c1,6.601277828216553,7.973153114318848,7.2872154712677
NCCc1c[nH]c2ccc(OCCCCN3CCN(c4cccc5cccc(Cl)c45)CC3)cc12,7.48578405380249,7.548527717590332,7.517155885696411
O=C1N(CCN2CCC(c3c(-c4ccc(F)cc4)[nH]c4ccccc34)CC2)CCN1c1ccccc1F,7.645642280578613,6.640952110290527,7.14329719543457
CN1CCN(c2cc(NCCF)ccc2NC(=O)CCCCN2CCC3(CCc4ccccc43)CC2)CC1,6.342101573944092,6.809349060058594,6.575725317001343
Oc1[nH]c2ccc(Cl)cc2c1CCCCN1CC=C(c2ccccc2)CC1,7.934943675994873,8.476377487182617,8.205660581588745
CCN(CCCCCCN1CCN(c2cccc(Cl)c2Cl)CC1)C1CCc2ccc(O)cc2C1,8.089963912963867,8.54824161529541,8.319102764129639
CCCN(CCN1CCN(c2ccc3ccoc3c2)CC1)C1CCc2c[nH]c3ccc(Cl)cc23,,,
CCCN(CCN1CCN(c2ccc(-c3ccccc3)c3ccccc23)CC1)C1CCc2nc(N)sc2C1,7.3180999755859375,8.517799377441406,7.917949676513672
N1CCc2ccccc2C1Cc1ccccc1,5.094665050506592,5.962663173675537,5.5286641120910645
CCCN(CCN1CCN(c2ccc(-c3ccccc3)c3ccccc2)CC1)C1CCc2cc[nH]c2C1,,,
Oc1[nH]cc2cc(F)c(OCCCN3CCN(c4cccc5cccc(Cl)c45)CC3)cc12,7.8909077644348145,7.786128520965576,7.838518142700195
CCCCN(CCN1CCN(c2ccccc2)CC1)C1CCc2cc(O)ccc2C1,7.131803035736084,8.303558349609375,7.7176806926727295
O=C(OC1C[N+]2(CCCc3ccccc3)CCC1CC2)N1CCc2ccccc2C1,6.44049072265625,5.654520988464356,6.047505855560303
C#Cc1cccc(NC(=O)CCCCN2CCN(c3cccc(C(F)(F)F)c3)CC2)c1,7.752586364746094,7.499915599822998,7.626250982284546
O=C1CCc2ccc(OCCCCN3CCN(c4cccc(Cl)c4Cl)CC3)nc2N1,8.820858001708984,7.946710586547852,8.383784294128418
CCCN(CCN1CCN(c2cccc3nc(-c4ccc(F)cc4)oc23)CC1)C1CCc2c(O)cccc2C1,7.725738048553467,8.683579444885254,8.20465874671936
OC1(c2ccc(Cl)cc2)CC2CCC(C1)N2CCCCc1ccc2cc(F)ccc2c1,7.328878402709961,8.043499946594238,7.6861891746521
O=C1N(CCN2CCN(c3cccc(Cl)c3Cl)CC2)CCN1c1cccc2ccccc12,7.140003204345703,7.565101623535156,7.35255241394043
CCCN1CCc2cccc3sc(C(=O)NC4CCN(C5CCCCC5)CC4)c(C)c23)C1,,,
O=CC(O)NCCCCN1CCN(c2cccc(Cl)c2Cl)CC1,6.409669876098633,7.7128705978393555,7.061270236968994
Oc1[nH]cc2cc(F)c(OCCCN3CCN(c4cccc5cccc(C(F)(F)F)c45)CC3)cc12,7.936544418334961,7.2725725173950195,7.60455846786499
N#Cc1c(-c2ccccc2)nc(N2CCN(CC3CCC(N)(Cc4ccccc4)CC3)CC2)nc1N,5.828384399414063,6.599447727203369,6.213916063308716
CCCN(CCN1CCN(c2cncc3ccccc23)CC1)C1CCc2ccc(O)cc2C1,7.425510883331299,8.824838638305664,8.125174760818481
O=C1N(CCN2CCN(c3cccc(Cl)c3Cl)CC2)CCN1c1ccccc1,7.452239990234375,7.511731624603271,7.481985807418823
COc1ccc(CN2CCC3(CC2)CC(c2cccc(F)c2CN3CC2CC2)c2ccc(F)cc2OCCN3)cc1,,,
CCCN(CCN1CCN(c2cccc3cnccc23)CC1)C1CCc2ccc(O)cc2C1,7.4973225593566895,8.814409255981445,8.155865907669067
N#Cc1ccc(N(CCN2CCN(c3ccccc3OCCF)CC2)c2cncc3ccccc23)c(F)c1,7.508996963500977,6.579653263092041,7.044325113296509
Oc1cc(I)cc(I)c1CCNCC1CCc2ccccc2O1,9.67325210571289,8.22662353515625,8.94993782043457
Oc1[nH]cc2cc(F)c(OCCCN3CCN(c4cccc5cc(F)ccc45)CC3)cc12,8.232381820678711,7.963079452514648,8.09773063659668
COc1ccccc1N1CCN(CCCCNC(=O)c2ccc(C#Cc3ccccc3)cc2)CC1,6.709615230560303,8.085968971252441,7.397792100906372
CCN(CCCCCN1CCN(c2cccc(Cl)c2Cl)CC1)C1CCc2[nH]c(I)cc2C1,7.760512351989746,8.125371932983398,7.942942142486572
CCCN(CCCN1CCN(c2cccnc2Cl)CC1)C1CCc2ccc(O)cc2C1,7.249849319458008,8.276342391967773,7.763095855712891
Cc1ccc(-c2ccc3c(c2)CCN(CCCSc2nnc(-c4ccc(F)cc4)n2C)CC3)nc1,6.311073303222656,8.625791549682617,7.468432426452637
c1ccc(N2CCN(CCCCc3c[nH]c4ccc(-n5cnnc5)cc34)CC2)cc1,7.627973556518555,6.962912082672119,7.295442819595337
CN1CCN(CCCN2c3ccccc3Sc3ccc(Cl)cc32)CC1,7.559896469116211,7.69283390045166,7.6263651847839355
Ic1cccc(N2CCN(CCCCN3CCN(c4nsc5ccccc45)CC3)CC2)c1,8.05134105682373,8.14125919342041,8.09630012512207
NN1CCN(C2CNc3cc(F)ccc3C(=O)C2=O)CC1,5.420827865600586,6.953394889831543,6.1871113777160645
CCN(CCCCN1CCN(c2ccccc2OC)CC1)c1cccc(Cl)c1,7.974181175231934,8.166462898254395,8.070322036743164
CN1CCCC1CN1CCc2ccnc(C#N)c2C1,4.963507652282715,7.632345199584961,6.297926425933838
COc1ccccc1N1CCN(CCCCc2ccc3c(c2)-c2ncc(C)o2)CC1,,,
Oc1[nH]c2ccc(Br)cc2c1CCCCNCCCCc1ccccc1,7.572132110595703,7.37070894241333,7.471420526504517
Nc1ccc(OCCCNCC2CCc3ccc(O)cc3O2)cc1,9.607685089111328,8.452388763427734,9.030036926269531
Nc1cccc(CCCNCC2CCc3ccc(O)cc3O2)c1,8.963335990905762,8.068153381347656,8.515744686126709
NC(N)=NCCN1CCN(CCCCN2CCN(c3cccc(Cl)c3Cl)CC2)CC1,6.30398416519165,7.336814403533935,6.820399284362793
Oc1[nH]c(CCCN2CCN(c3cccc(Cl)c3)CC2)c2cccc(Cl)c12,7.1657562255859375,6.850730895996094,7.008243560791016
COc1cccc(N2CCN(CCCCCNC(=O)c3cccc(CCCNCCc4ccc(Cl)cc4)c3)CC2)c1OC,7.168933868408203,7.156199455261231,7.162566661834717
O=C1N(CCN2CCC(c3ccc(F)cc3)CC2)CCN1c1cccc(C(F)(F)F)c1,6.925081729888916,7.033364295959473,6.979223012924194
CCc1cc(O)cc(C)c1OCCNCC1Cc2ccccc2C(C)(C)C1=O,6.8418169021606445,6.945618629455566,6.8937177658081055
CN1CCN(C2Cc3ccccc3Sc3cccc(C(F)(F)F)c32)CC1,7.326874732971191,7.174718856811523,7.250796794891357
CCCN(CCN1CCN(c2cnc(-c3ccccc3)c3ccccc23)CC1)C1CCc2c(O)cccc2C1,7.482425689697266,8.425416946411133,7.953921318054199
CCCN(CCN1CCN(c2cccc3nc(-c4ccccc4)ccc23)CC1)C1CCc2nc(N)sc2C1,7.347631931304932,8.9022855758667,8.124958753585815
Oc1ccc2c(c1)OC(CNCCCCOc1ccc3c(c1)CCCC3)CC2,9.297863006591797,8.095589637756348,8.696726322174072
CN1CCc2ccccc2Cc2ccc(O)cc2CC1,7.736041069030762,7.086018085479736,7.411029577255249
N#Cc1ccc2[nH]cc(CCCCN3CCN(c4ccc5[nH]c(C(N)=O)cc5c4)CC3)c2c1,7.32735538482666,7.564929962158203,7.446142673492432
Cc1cc(-c2ccc3c(c2)CCN(CCCSc2nnc(-c4ccc(Cl)cc4)n2C)CC3)no1,6.377125263214111,8.740311622619629,7.55871844291687
CCCN(CCN1C2CCC1c1cccc(O)c1-2)C1Cc2ccc(O)cc2C1,6.245820999145508,9.516037940979004,7.880929470062256
Fc1ccccc1N1CCN(CCCCOCCOc2cccc3sccc23)CC1,7.382895469665527,8.288956642150879,7.835926055908203
CCCN(CCN1CCN(c2cccc3ccccc23)CC1)C1CCc2ccc(O)cc2C1,7.852016448974609,8.869171142578125,8.360593795776367
NCCCC1Cc2ccc(O)cc2C1,6.586278438568115,7.21183967590332,6.899059057235718
Ic1ccccc1N1CCN(CCCCOc2ccc3ccccc3c2)CC1,7.5879645347595215,8.391914367675781,7.989939451217651
Oc1ccc2[nH]cc(CCCCN3CC=C(c4ccccc4)CC3)c2c1,8.44819450378418,8.916884422302246,8.682539463043213
CCCN(CCN1CCN(c2cc(-c3ccccc3)c3ccccc3)ccc2OC)C1)C1CCc2c(O)cccc2C1,,,
CCCN(CCN1CCN(Cc2ccccc2OC)CC1)C1Cc2ccc(O)cc2C1,6.281313896179199,7.720163822174072,7.000738859176636
Fc1ccc2c(CCCNCCOc3cccc4c3CCCC4)c[nH]c2c1,8.15121841430664,7.157355308532715,7.654286861419678
CN1CCn2cc(Br)cc3c2CCCC3)C1,,,
O=C(NCCC(O)CN1CCC(c2ccc(I)cc2)CC1)c1cnc2ccccn12,5.7475433349609375,6.620779991149902,6.18416166305542
COc1ccccc1N1CCCN(CCCCCCn2cc3cc(O)ccc3c4c2OC)CC1,,,
CCN1CCN(c2cccc(C#N)c2Cl)CC1,7.959478855133057,7.218396186828613,7.588937520980835
O=C(NC1CCc2ccc(CCN3CCN(c4nsc5ccccc45)CC3)cc21)C1CC1,7.392701625823975,6.859647750854492,7.126174688339233
CCCN(CCN1CCN(c2ccc(-c3ccccc3)cc2)CC1)C1CCc2ccc(O)cc2C1,7.323070049285889,8.556982040405273,7.940026044845581
CCN(CC)C(=O)NC1Cc2c(cc3c[nH]c4c3c2C=CC4)N(C)C1,8.286233901977539,9.047707557678224,8.66697072982788
Oc1cc2c(N3CCN(CCCCN4CCN(c5ccccc5Cl)CC4)CC3)ccc(F)c2[nH]1,8.279013633728027,8.365127563476562,8.322070598602295
CCCN(CCN1CCN(c2cccc3ccccc23)CC1)C1CCc2ccc(O)cc2C1,7.852016448974609,8.869157791137695,8.360587120056152
Oc1ccc2c(NCCCN3CCN(c4cccc(Cl)c4Cl)CC3)cccc2[nH]1,,,
CCCN(CCN1CCN(c2nccc3ccc(-c4ccccn4)cc23)CC1)C1CCc2c(O)cccc2C1,7.2389326095581055,8.682796478271484,7.960864543914795
CN1CCc2c(sc3nc(CC=Cc4ccccc4)nn23)C1,6.528546333312988,6.216309547424316,6.372427940368652
O=C(NCCCCCN1CCN(c2cccc(Cl)c2Cl)CC1)c1cccc2c1-c1ccccc1C2,6.909281253814697,7.591800689697266,7.2505409717559814
CCCN(CCN1CCN(c2cccc(Cl)c2Cl)CC1)C1CCc2ccc(O)cc2C1,7.754941463470459,8.884286880493164,8.319614171981812
Cc1ncoc1-c1nnc(SCCCN2CC3CC3(c3ccc(Cl)c(Cl)c3)C2)n1C,7.137614727020264,8.815155029296875,7.976384878158569
CN1CCc2cccc(O)c2CC1,6.671965599060059,7.657888412475586,7.164927005767822
COc1ccccc1N1CCN(CCCCNC(=O)C=Cc2ccccc2I)CC1,7.887500762939453,8.983102798461914,8.435301780700684
Oc1nc2c(OCCNCc3ccccc3)cccc2[nH]1,8.358394622802734,8.122057914733887,8.24022626876831
Oc1[nH]cc2cc(F)c(OCCCCN3CCN(c4cccc5cccc(Cl)c45)CC3)cc12,8.12354850769043,8.098562240600586,8.111055374145508
Cc1ncoc1-c1nnc(SCCCN2CC3CC3(c3ccc(C(F)(F)F)cc3)C2)n1C,6.68971061706543,8.816180229187012,7.752945423126221
N#Cc1ccc(N2CCN(CCCCCNC(=O)CCCNC(=O)c3cccc(Cl)c3)CC2)cc1,6.962263584136963,7.158322334289551,7.060292959213257
Nc1ccc2c(c1)C(CCN1CCN(c3ccc(Cl)c(Cl)c3)CC1)CCC2=O,6.807465076446533,7.016942501068115,6.912203788757324
CCCN(CCN1CCN(c2ccccc2O)CC1)C1CCc2ccc(O)cc2C1,7.675475597381592,9.087706565856934,8.381591081619263
CCCN(CCC)C1CCc2c(O)cccc2C1,8.197704315185547,8.453164100646973,8.32543420791626
CN1CCN(CCCNC(=O)c2cc(CCc3ccccc3)cc3ccc(C#CC=Cc4ccc(F)cc4)cc3)n2)CC1,,,
O=Cc1c[nH]c2ccc(OCCCCCN3CCN(c4cccc5cccc(F)c45)CC3)cc12,7.778999805450439,7.2958903312683105,7.537445068359375
CN1CCc2ccccc2Cc2ccc(O)cc2CC1,7.736021518707275,7.086018085479736,7.411019802093506
COc1cc(N)c(Cl)cc1C(=O)NCCCN1CCN(c2ccccc2CC2CCCCC2)CC1,7.173413276672363,7.094965934753418,7.134189605712891
CCCN(CCN1CCN(c2ccccc2F)CC1)C1CCc2ccc(O)cc2C1,7.555845260620117,8.452811241149902,8.00432825088501
CN1CCN(c2ccc3[nH]c(C#N)cc3c2)CC1,5.636569499969482,5.196381092071533,5.416475296020508
CCCN(CCN1CCN(c2cccc3ccoc23)CC1)C1CCc2c(O)cccc2C1,8.249430656433105,8.883919715881348,8.566675186157227
CN1CCN(CCCN2c3ccccc3Sc3ccc(F)cc32)CC1,7.481771945953369,7.4421186447143555,7.461945295333862
CC(C)(C)Cc1ccc(C2(C)C3CN(CCc4ccccc4)CC3)cc1,,,
CCN1CCCCCCNc2cccc(CC(C)NCCCCc3c[nH]c4cc(O)ccc34)n2)C1,,,
CN1CCN(C2Cc3ccccc3Sc3ccc(Cl)cc32)CC1,9.140546798706056,8.702610969543457,8.921578884124756
N#Cc1ccc2[nH]cc(CCCCN3CC=C(c4ccc(O)cc4)CC3)c2c1,8.576098442077637,8.562944412231445,8.569521427154541
O=C(CCCN1CCN(c2cccc(Cl)c2Cl)CC1)c1cccc2c1-c1ccccc1C2,6.986829280853272,7.39564323425293,7.191236257553101
COc1ccccc1N1CCN(CCCCNC(=O)C=Cc2ccccc2OC)CC1,7.560798168182373,8.727657318115234,8.144227743148804
Nc1cccc(C(=O)CCCN2CCC3(CCc4cc(C(F)(F)F)cc(C(F)(F)F)c4O3)CC2)c1,7.29946231842041,7.594930648803711,7.4471964836120605
Oc1[nH]cc2c(F)ccc(OCCCCN3CCN(c4cccc5cccc(Cl)c45)CC3)c12,8.327569007873535,8.151609420776367,8.239589214324951
CCc1cc(N2CCN(CCC3CCC(NC(=O)C=Cc4ccc(F)c(Cl)c4)CC3)CC2)nc(C#N)n1,7.209315776824951,8.468266487121582,7.838791131973267
NC(=O)N(c2cccc(CN3CCN(c4cccc5nc(-c6ccccc6)ccc45)CC3)c2)CC1,,,
O=C1N(CCN2CC=C(c3ccccc3F)CC2)CCN1c1cccc(C(F)(F)F)c1,7.248946189880371,7.916254997253418,7.5826005935668945
N#Cc1ccccc1OCCCCN1CCN(c2cccc(Cl)c2Cl)CC1,8.059022903442383,8.170829772949219,8.1149263381958
N#Cc1ccc2[nH]c(CN3CCN(c4cccc(Cl)c4Cl)CC3)cc2c1,7.0858306884765625,6.354681491851807,6.720256090164185
Oc1ccc2[nH]cc(CCCCN3CC=C(c4ccccc4)CC3)c2c1,8.44819450378418,8.916884422302246,8.682539463043213
COc1cccc2c1CCCC2CCCCN1CCN(c2cccc3ccccc23)CC1,7.336202621459961,7.714779376983643,7.525490999221802
O=C(NCCCCN1CCN(c2cccc(Cl)c2Cl)CC1)c1ccc2c(c1)Cc1ccccc1-2,6.951083183288574,8.749909400939941,7.850496292114258
COc1cccc(C(=O)N2CCCC(CCN3CCN(c4cccc(Cl)c4Cl)CC3)C2)c1,6.620585441589356,7.842073917388916,7.231329679489136
COc1ccccc1N1CCN(CCC2CC3CCC(C2)C3Cc2ccccc2)CC1,7.53867244720459,7.44395637512207,7.49131441116333
Oc1[nH]cc2ccc(OCCCN3CCN(c4cccc5ccccc45)CC3)cc12,8.251432418823242,8.164287567138672,8.207859992980957
C(=Nc1ccccc1)C1CN(CCCF)CC1,5.010746479034424,6.3659868240356445,5.688366651535034
C1=C(c2ccc3ccccc3o2)CCN(CCCCc2c[nH]c3cc(F)ccc23)C1,,,
CCCN(CCN1CCN(c2cccc(Cl)c2Cl)C1)C1CCc2c[nH]c(O)c2C1,6.739095211029053,8.84483814239502,7.791966676712036
Cc1cn2c(c1)SCC1CCN3CCN(c4cccc(Cl)c4)CC3C112,,,
N#Cc1cccnc1SCCN1CCN(c2cccc3c2CCNC3=O)CC1,7.321612358093262,7.705516815185547,7.513564586639404
CCCN1CCCCC(c2ccc(O)c(CC)c2)C1,6.052556991577148,7.012006759643555,6.532281875610352
CCCN(CCC1CCC(NS(=O)(=O)c2ccc(-c3ccccc3)cc2)C1)C1CCc2nc(N)sc2C1,7.226659297943115,8.842768669128418,8.034713983535767
COc1ccccc1N1CCN(CCCCN2CCCCCc3ccccc3C2=O)CC1,7.940948486328125,7.882197856903076,7.911573171615601
COc1ccccc1N1CCN(CCCCNC(=O)c2cccc3cn[nH]c23)CC1,7.671106815338135,8.2556734085083,7.963390111923218
C1=Nc2cc(CCN3CCN(c4cccc5ccccc45)CC3)ccc2N1,8.044517517089844,6.684621334075928,7.364569425582886
CC1c2cc(O)c(O)cc2CCC1NCC1CC2CCC12,6.005416393280029,8.270528793334961,7.137972593307495
Oc1ccc2c(CCCN3CCN(c4cccc(Cl)c4Cl)CC3)cccc2n1,8.175878524780273,7.274230480194092,7.725054502487183
N#CCC(NCCCN1CCN(c2cccc(Cl)c2Cl)CC1)=Nc1cccc(I)c1,6.715483665466309,6.345263957977295,6.530373811721802
CN1C(CNCC2CC(C(=O)O)Cc3ccc(Cl)cc32)CC2CCC12,6.862900257110596,7.091823577880859,6.9773619174957275
CN1CCN(C2Cc3ccccc3Sc3ccc(-c4cccnc4)cc32)CC1,8.42949390411377,7.775369644165039,8.102431774139404
COc1cccc(OC)c1CCCCNCC1CCc2ccccc2O1,7.678973197937012,7.571133136749268,7.62505316734314
CN1CCc2cc(OCCF)cc3c2C1Cc1cccc(I)c1-3,7.16667366027832,6.855558395385742,7.011116027832031
CN1CCN(C2=Cc3ccccc3Oc3ccc(Cl)cc32)CC1,7.993473052978516,7.783572196960449,7.888522624969482
COc1ccccc1N1CCN(CCCCCN2CCN(c3cccc4ccccc34)CC2)CC1,8.187355041503906,7.766185760498047,7.976770401000977
CCCN(CCc1ccccc1SC1CCCC1)C1CCc2ccc(O)cc2C1,7.662104606628418,8.128816604614258,7.895460605621338
Oc1cccc(N2CCN(CCC3CCCN(Cc4ccccc4)CC3)CC2)c1,6.537629127502441,7.504847049713135,7.021238088607788
C#Cc1cccc(NC(=O)NCCCN2CCN(c3cccc(Cl)c3Cl)CC2)c1,7.41329288482666,7.38756799697876,7.40043044090271
O=C1CC2CCCC(CCCN2)N1,6.668654918670654,7.249590873718262,6.959122896194458
CCc1cc(N2CCN(CCCCNC(=O)c3cc4ccccc4[nH]3)CC2)ccc1Cl,6.633851051330566,8.446975708007812,7.5404133796691895
O=C1N(CCF)CN(c2ccccc2)C1CCN1CCC2C(C1)c1ccc(F)cc1N2CCCC1,,,
CN1CCCC1Cc1c[nH]c2ccc(O)cc12,6.468970775604248,7.105769634246826,6.787370204925537
COc1ccccc1N1CCN(CCCNC(=O)c2ccc(Cl)cc2)CC1,6.843731880187988,7.23429536819458,7.039013624191284
Cc1ccc(C)c(CNCCCN2CCN(c3cccc(Cl)c3Cl)CC2)c1,6.887038230895996,5.894593715667725,6.39081597328186
COc1ccccc1N1CCN(CCCCNC(=O)C=Cc2ccc(Cl)cc2)CC1,7.462882041931152,8.863009452819824,8.162945747375488
COc1cccc(N2CCN(CCC3CCC(NC(=O)c4cccc(-c5ccccc5)c4)CC3)CC2)c1,6.9959211349487305,8.015999794006348,7.505960464477539
CCCN(CCC)C1CCc2cc(F)ccc2C1Cc1ccccc1,6.533525466918945,7.0302581787109375,6.781891822814941
Oc1[nH]cc2cc(F)c(OCCCN3CCN(c4cccc5ccc(F)cc45)CC3)cc12,8.179012298583984,7.826079368591309,8.002545833587646
Fc1ccc(N2CCN(CCCCOc3cccc4cnccc34)CC2)cc1,6.553172111511231,7.50690746307373,7.0300397872924805
CN1C2CCC1CC(OC(=O)CCCCCN1CCC3C(C1)C(=O)c1cc3ccccc3s1)C2,,,
CCc1ccccc1N1CCN(CCCCCNC(=O)c2cc3cccc(COCCCF)c3[nH]2)CC1,7.15261173248291,7.366765975952148,7.259688854217529
N#CCN(CCCCN1CCN(c2ccccc2C(=O)c2ccc(Cl)cc2)CC1)C1CCCCC1,6.099684238433838,7.560060501098633,6.829872369766235
CCCN(CCN1CCN(c2ccccc2Cl)CC1)C1CCc2nc(N)sc2C1,7.283299446105957,8.58350944519043,7.933404445648193
Oc1ccc2c(F)c(OCCCCNCCN3CCN(c4cccc5ccccc45)CC3)ccc2c1,7.8791704177856445,7.948681354522705,7.913925886154175
CCCN(CCN1CN=C(=O)c2ccc3c(c2)CCCC3)C1)C1CCc2c(O)cccc2CC1,,,
Oc1ccc2c(c1)OC(CNCCCN1CCN(c3cccc(Cl)c3Cl)CC1)CC2,9.147972106933594,8.325576782226562,8.736774444580078
CN1CCN(C2=Cc3cc(Cl)ccc3Oc3ccccc32)CC1,7.883111953735352,7.824334144592285,7.853723049163818
COc1ccccc1N1CCN(CCCCNC(=O)c2cc3ccccc3o2)CC1,7.030130386352539,8.543241500854492,7.786685943603516
Cc1ccc2c(N3CCN(CCc4cccc(NC(=O)CCCCCCN5CCN(c6cccc(C(F)(F)F)c6)CC5)c4)CC3)cccc2n1,7.621702194213867,7.162713050842285,7.392207622528076
O=C1C2CCCN2C(=O)N1CCCCNCC1CCc2ccccc2O1,7.9306182861328125,7.527356147766113,7.728987216949463
O=C1N(CCCCN2CCN(c3cccc(Cl)c3Cl)CC2)CCN1c1cccc(Cl)c1,7.927756309509277,8.702208518981934,8.314982414245605
Oc1[nH]cc2cc(F)c(OCCCCN3CCN(c4cccc5cccc(F)c45)CC3)cc12,8.246258735656738,7.938355445861816,8.092307090759277
Oc1[nH]c2ccccc2CCN1CCCCc1ccccc1,,,
CCN1CCc2cccc3c2C1Cc1cccc(O)c1-3,7.641109943389893,7.401450157165527,7.52128005027771
O=C(NC1CCc2ccc(CCN3CCN(c4nsc5ccccc45)CC3)cc21)c1ccccc1,7.349043846130371,6.441578388214111,6.895311117172241
CCN1CCN(C2CC(c3ccc(F)cc3)c3ccccc32)CC1(C)C,7.145736217498779,6.684383869171143,6.915060043334961
CN1CCN(CCN2CCc3ccc(I)cc3C2)CC1,5.794703483581543,7.354235172271728,6.574469327926636
CCCN(CCN1CN=C2c3ccccc3CCC21)C1CCc2c(O)cccc2CC1,6.629203796386719,8.062166213989258,7.345685005187988
O=C1N(CCN2CCN(c3ccc(Cl)cc3)CC2)CCN1c1cccc(S(=O)(=O)NCCCCN2CCN(c3cccc(Cl)c3Cl)CC2)c1,6.598477363586426,7.542558670043945,7.0705180168151855
OC1(c2ccccc2F)CC2CCC(C1)N2Cc1cccc2c1OCCO2,6.3851094245910645,6.949277400970459,6.667193412780762
O=C1CCc2ccc(OCCCCN3CCN(c4cccc(Cl)c4Cl)CC3)nc2N1,8.820858001708984,7.946710586547852,8.383784294128418
N#Cc1ccc(N2CCC(CCN3CCN(c4ccccc4Cl)CC3)CC2)cc1,7.4204421043396,7.633482933044434,7.526962518692017
CCCN(CCN1CCN(c2cccc(Cl)c2Cl)C1=O)C1CCc2ccc(O)cc2C1,7.456831932067871,8.60012435913086,8.028478145599365
CCN1CCN(c2cccc3ccc(OCCF)cc23)CC1,7.757159233093262,6.702063083648682,7.229611158370972
N#CNCCN1CCN(CCCCc2c[nH]c3ccc(-n4cnnc4)cc23)CC1,7.143021583557129,6.832364082336426,6.987692832946777
CCCN(CCN1C2CCC1c1ccccc1CC2)C1CCc2ccc(O)cc2C1,6.278431415557861,8.342981338500977,7.310706377029419
Nc1cccc(CCCCNCCOc2cccc3[nH]ccc23)c1,8.326745986938477,7.890362739562988,8.108554363250732
COc1ccccc1N1CCN(CCCNC(=O)c2ccccc2CCc2ccccc2)CC1,6.094639778137207,6.740495204925537,6.417567491531372
CCCN(CCN1CCN(c2ccccc2OC)CC1)c1ccccc1,7.580183506011963,7.057208061218262,7.318695783615112
CCCN(CCN1CCN(c2cccc3c2OCCCC3)C1=O)C1CCc2ccc(O)cc2CC1,7.619550228118896,7.372761726379394,7.496155977249145
C1=C(c2ccc3ccccc3c2)CCN(CCCCc2c[nH]c3ccc(F)cc23)C1,7.776484966278076,8.118782043457031,7.947633504867554
Oc1[nH]cc2ccc(OCCN3CCN(c4cccc5sc(C(F)(F)F)cc45)CC3)cc12,8.37108039855957,7.305241584777832,7.838160991668701
Oc1[nH]cc2c(CCCNCC(c3ccccc3)c3ccccc3)cccc12,5.562664031982422,6.201038837432861,5.881851434707642
CCCN(CCN1CCN(c2cccc3ncccc23)CC1)C1CCc2ccc(O)cc2C1,7.628834247589111,8.938793182373047,8.283813714981079
CN1CCN(C2Cn3cccc3Sc3ccc(F)cc32)CC1,8.455343246459961,8.19658088684082,8.32596206665039
Oc1ccc2[nH]c(CCCCN3CCN(c4ccccc4I)CC3)nc2c1,8.713827133178711,8.189867973327637,8.451847553253174
Fc1ccccc1N1CCN(CCCCc2ccc3c(c2)CCN3)CC1,8.028597831726074,6.930222034454346,7.47940993309021
COc1ccccc1OCCNCC1CCc2ccccc2C1,6.831671714782715,7.628519058227539,7.230095386505127
COc1ccccc1N1CCN(CCCCOc2ccc3c2CCC(=O)N3CCCCN2CCN(c3ccccc3OCCF)CC2)CC1,,,
CN1C2CCC1CC(OC(c1ccc(F)cc1)c1ccc(F)cc1)C2,6.184523105621338,6.856196403503418,6.520359754562378
O=C1Nc2c(OCCN3CCN(c4cccc(Cl)c4Cl)CC3)cccc2Nc2ccccc21,8.542901992797852,7.444594383239746,7.993748188018799
CCCN(CCN1CCN(c2ccc(-c3cccnc3)cc2C)CC1)C1CCc2ccc(O)cc2C1,7.1457133293151855,8.59058952331543,7.868151426315308
Oc1ccc2c(c1)OC(CNCCN1CCN(c3cccc(Cl)c3Cl)CC1)CC2,9.362061500549316,8.549615859985352,8.955838680267334
Oc1cc2c(OCCNCc3ccccc3)ccc(Cl)c2[nH]1,8.818074226379395,7.795685768127441,8.306879997253418
CCCN(CCC1CCC(NS(=O)(=O)c2ccc(Cl)cc2)CC1)C1CCc2nc(N)sc2C1,7.374870777130127,9.153627395629885,8.264249086380005
CCCN(CCCCCCNCC1CCc2c(O)cccc2O1)C1CCc2ccc(O)cc2C1,8.388956069946289,8.784481048583984,8.586718559265137
C(#Cc1ccccc1)CCN1CCC(c2cccc(C(=O)NCCC3CCN(C4CCC4)CC3)c2)CC1,5.996016025543213,6.820968151092529,6.408492088317871
CCCN(CCN1CCN(c2ccccn2)CC1)C1CCc2c(O)cccc2C1,7.238893032073975,8.168451309204102,7.703672170639038
CN1CC(N2CCN(c3ccc(Cl)cc3Cl)CC2)CC1c1cccc(O)c1,6.587150096893311,7.227529525756836,6.907339811325073
CCCN(CCC1CCC(NC(=O)C=Cc2ccccc2)CC1)C1CCc2c(O)cccc2C1,7.449110984802246,8.662602424621582,8.055856704711914
O=C1N(CCN2CCN(c3cccc(Cl)c3Cl)CC2)CCN1c1cccc2ncccc12,6.947633743286133,7.372806072235107,7.16021990776062
Fc1cccc(N2CCN(CCCCc3cnnn3CCCCCCN3CCN(c4ccccc4OC(F)(F)F)CC3)CC2)c1,7.850967407226562,7.372838020324707,7.611902713775635
COc1ccccc1N1CCN(CCCCCCNC(=O)c2ccccc2-c2ccccc2)CC1,6.993533611297607,7.420588493347168,7.207061052322388
CCCN(CCN1CCN(c2cccc(C#N)c2)CC1)C1CCc2ccc(O)cc2C1,7.140977382659912,8.74180793762207,7.941392660140991
CCCN(CCCCN1CCN(c2cccc(Cl)c2Cl)CC1)C1CCc2c(O)cccc2C1,8.297713279724121,9.064860343933104,8.681286811828613
CCCN(CCN1CCN(c2cccc3c2OCCC3)C1=O)C1CCc2ccc(O)cc2C1,7.781631946563721,7.737477302551269,7.759554624557495
CCN(C1CCOCC1)C1CCc2c(ccc(O)c2C)C1,6.6813249588012695,7.369368553161621,7.025346755981445
Clc1ccc(N2CCNCC2)cc1N1CCN(c2cccc3cc(I)ccc23)CC1,6.727152347564697,6.195522308349609,6.461337327957153
COc1ccccc1N1CCN(CCCCNC(=O)c2cccc3ncccc23)CC1,7.405447959899902,8.312756538391113,7.859102249145508
NCC1c2ccccc2C2c3ccccc3CC21,6.09318733215332,6.145074844360352,6.119131088256836
CN1CCCN(C2Cn3cccc3Sc3ccc(Cl)cc32)CC1,8.08926010131836,7.825465202331543,7.957362651824951
O=C1CCc2ccc(OCCCCN3CCN(c4cccc5ccccc45)CC3)nc2N1,8.644356727600098,7.317239761352539,7.980798244476318
COc1ccccc1N1CCN(CCCCNC(=O)c2ccccc2CCc2cccnc2)CC1,6.656347751617432,7.878851890563965,7.267599821090698
N#Cc1ccc2cc(CCCCN3CCN(c4cccc5cc(F)ccc45)CC3)c3cc(O)c(O)cc3c2c1,8.389650344848633,7.634433746337891,8.012042045593262
NCCN1CCc2cccc3c2C1Cc1cccc(OCCCCCCCCN4CCN(c5ccccc5OC(C)C)CC4)c1C3,7.288839340209961,7.419154644012451,7.353996992111206
O=C(NCCCCN1CCN(c2nsc3ccccc23)CC1)c1ccc2ccccc2c1,7.223559856414795,8.687921524047852,7.955740690231323
CCCN(CCC1CCC(NCCc2ccc(I)cc2)CC1)C1CCc2c(O)cccc2C1,7.252893447875977,7.933426856994629,7.593160152435303
O=C(NCCCCN1CCN(c2cccc(Cl)c2Cl)CC1)c1cc2ccccc2[nH]1,7.3425798416137695,9.33303451538086,8.337807178497314
CCCN(CCN1CCN(c2ccccc2)CC1)C1CCc2c(O)cccc2C1,7.368458271026611,8.235482215881348,7.8019702434539795
CCCN(CCN1CCN(c2cccc3cccc(O)c23)CC1)C1CCc2c(O)cccc2C1,8.19064998626709,9.10400390625,8.647326946258545
CN1CC(CNC(=O)OCc2cccc3c2CCN3)CC1(Cc1ccc(Br)cc1)c1ccc(O)cc1,7.470584392547607,6.721049308776856,7.0958168506622314
CN1CCN(C2Cc3ccccc3Sc3ccc(Cl)cc32)CC1,9.140546798706056,8.702610969543457,8.921578884124756
O=C1N(CCN2CCN(c3ccccc3)CC2)CCN1c1cccc(Cl)c1,6.810571193695068,6.981840133666992,6.89620566368103
Cc1ccc(F)c(N2CCN(CCCCCNC(=O)c3ccc(F)cc3)CC2)c1,7.606542587280273,7.258784770965576,7.432663679122925
CCCN(CCC1CCC(NC(=O)c2cccc(Cl)c2Cl)CC1)C1CCc2nc(N)sc2C1,7.879065036773682,9.109843254089355,8.494454145431519
COc1cccc(N2CCN(CCCCNC(=O)c3ccccc3C)CC2)c1,6.722142219543457,7.811446666717529,7.266794443130493
Oc1ccc2[nH]cc(CCCCN3CC=C(c4ccccc4)CC3)c2c1,8.44819450378418,8.916884422302246,8.682539463043213
Oc1ccc2[nH]cc(CCCN3CCN(c4cccc5ccc(F)cc45)CC3)c2c1,8.6088228225708,7.228447914123535,7.918635368347168
CN1CCN(C2=Cc3ccccc3Cc3ccc(F)cc32)CC1,7.8052144050598145,7.420061111450195,7.612637758255005
N#Cc1cccc(N2CCN(CCCCNC(=O)c3ccccc3)CC2)c1,6.999157428741455,8.630661964416504,7.8149096965789795
Fc1ccc(CN2CCN(CCCCN3CCc4ccccc4C3)CC2)cc1,5.570404052734375,7.001121520996094,6.285762786865234
CN1CCN(C2=Cc3cc(Cl)ccc3Cc3ccccc32)CC1,7.753976821899414,7.634964466094971,7.694470643997192
CCCN(CCN1CCN(c2c[nH]c3ccccc23)CC1)C1CCc2ccc(O)cc2C1,7.6537580490112305,8.629253387451172,8.141505718231201
O=C(NCCCCN1CCN(c2cccc(Cl)c2Cl)CC1)c1cc2ccccc2[nH]1,7.3425798416137695,9.33303451538086,8.337807178497314
Oc1c2c(OCCNCCN3CCN(c4ccccc4Cl)CC3)cccc2[nH]1,,,
O=C(NCCCCN1CCN(c2cccc(Cl)c2Cl)CC1)c1cccc2c1-c1ccccc1C2,6.840058326721191,8.24310302734375,7.541580677032471
Clc1ccc(N2CCN(CCCCCNc3ccccn3)CC2)cc1Cl,7.878978252410889,6.510107517242432,7.19454288482666
O=S(=O)(NC1CCC(CCN2CCN(c3cccc(Cc4nc5ccccc5[nH]4)c3)CC2)CC1)c1ccc(F)cc1,7.35822868347168,7.663278579711914,7.510753631591797
Oc1[nH]c2ccc(OCCCN3CCN(c4cccc5cccc(F)c45)CC3)cc2c1CCCN1CCN(c2ccccc2F)CC1,8.08016586303711,7.5816755294799805,7.830920696258545
Oc1[nH]cc2cc(F)c(OCCCN3CCN(c4cccc5cccc(F)c45)CC3)c1O,,,
Cc1ccc2c(N3CCN(CCc4cccc(-c5ccc(Cl)cc5)c4)CC3)cccc2n1,7.255228996276855,6.817360877990723,7.036294937133789
Oc1[nH]cc2ccc(OCCCN3CCN(c4cccc5cccc(F)c45)CC3)c(Cl)c12,8.054593086242676,7.951212882995605,8.00290298461914
Oc1[nH]cc2ccc(OCCCCN3CCN(c4cccc5ccc(F)cc45)CC3)cc12,8.426008224487305,8.227441787719727,8.326725006103516
O=C1N(CCN2CCC(C(F)(F)F)CC2)CN(c2cccc(Cl)c2)C12CCN(CC1CCCCC1)CC2,7.420695781707764,8.665620803833008,8.043158292770386
CCCN1CCCCC1CNC(=O)c1ccc2[nH]ccc2c1,6.142855167388916,7.5848283767700195,6.863841772079468
CN1CCCCC1CN1CC=Cc2ccccc2C1,5.225897789001465,7.056595802307129,6.141246795654297
Oc1ccc(C2CN3CCCC3c3ccc(O)cc32)cc1,5.905881881713867,7.133150100708008,6.5195159912109375
Fc1ccc2[nH]cc(CCCN3CCN(c4cccc5c4OCCC5)CC3)c2c1,8.82209300994873,6.914811134338379,7.868452072143555
[H]c1c(CCCCN2CCN(c3ccccc3)CC2)c2cccc(F)c2[nH]1,7.546249389648437,7.106407642364502,7.32632851600647
CCCN(Cc1csc2ccccc12)C1CCc2ccc(O)cc2C1,7.317695140838623,8.247930526733398,7.782812833786011
COc1cc(NCCCNCC2CCc3ccc(O)cc3O2)nc(C)c1,8.80086898803711,7.388446807861328,8.094657897949219
N#Cc1ccc2c(N3CCN(CCC4CCCc5cccc(C(F)(F)F)c54)CC3)cccc2c1,7.727428913116455,6.697001457214356,7.212215185165405
OC1(c2ccc(Cl)cc2)CC2CCC(C1)N2Cc1coc2ccc(F)cc12,8.23189926147461,8.666383743286133,8.449141502380371
Cc1c(OCCCN2CCN(c3cccc4c3OCCC4)CC2)ccc2c1CCC2,7.69699239730835,7.555378913879394,7.626185655593872
CCCN(CCN1CCN(c2cccc(Cl)c2Cl)CC1)C1CCc2ccc(O)cc2C1,7.754941463470459,8.884286880493164,8.319614171981812
O=S(=O)(NCCCCN1CCC(c2noc3cc(F)ccc23)CC1)c1cnc2ccccn2c1,,,
c1ccc2cc3c(cc2c1)CCN(CCCCSc1nnc(-c2cccc4ncccc24)n1CCC3,,,
Cc1ccc2c(N3CCN(CCc4cccc(N5CCN(C)CC5)c4)CC3)cccc2n1,7.352564334869385,6.943963527679443,7.148263931274414
CCCN(C)C(=O)NC1CCC(CCN2CCN(c3cccc(Cl)c3Cl)CC2)CC1,8.119160652160645,9.000105857849121,8.559633255004883
OC1(c2ccc(F)cc2)CC2CCC(C1)N2Cc1coc2ccccc12,7.858871936798096,8.073594093322754,7.966233015060425
O=C(NCCN1CCN(c2nsc3ccccc23)CC1)c1c(F)cccc1F,7.435242176055908,6.562328338623047,6.9987852573394775
CN(CCc1ccc(F)c(F)c1)C1CCN(CC2Cc3ccccc3CN2)C1,5.396920204162598,6.463682174682617,5.930301189422607
CCCN1CCCC1CNC(=O)c1c(OCCCF)ccc(I)c1OC,7.588752269744873,8.106731414794922,7.8477418422698975
Oc1[nH]cc2c(F)c(OCCCCN3CCN(c4cccc5ccc(F)cc45)CC3)ccc12,8.490447998046875,8.26860237121582,8.379525184631348
COc1ccccc1N1CCN(CCCCNC(=O)c2cc3ccccc3o2)CC1,7.030130386352539,8.543241500854492,7.786685943603516
Oc1cc(N2CCC(CN3CCN(c4cccc(Cl)c4Cl)CC3)CC2)c2ccc(F)cc2[nH]1,,,
CC#C1Cc2ccccc2C(N2CCN(C(=O)c3ccccc3OCCF)CC2)C1,,,
O=C(NCCCCN1CCN(c2cccc(Cl)c2Cl)CC1)c1cc2ccccc2cn1,6.880761623382568,9.034953117370604,7.957857370376586
CCCN(CCN1CCN(c2ccc3[nH]ccc3c2)CC1)C1CCc2ccc(O)cc2C1,7.211019039154053,8.363239288330078,7.787129163742065
CN1CCN(c2cccc(Nc3ncc(-c4ccccc4F)c(C#N)c3COCC3CCN(CCc4ccc(Cl)cc4)CC3)c2)CC1,6.707677841186523,6.423595428466797,6.56563663482666
N1CCN(CCCc2c[nH]c3ccc(I)cc23)CC1,6.577205657958984,5.911496162414551,6.244350910186768
CN1CCN(C2=Cc3cc(Cl)ccc3N(N3CCN(CCF)CC3)CC2)CC1,5.481328010559082,6.997143745422363,6.239235877990723
CCN1CCCC1CNC(=O)c1c(O)c(I)ccc(OC)c1OC,,,
CCCN(CCN1CCN(c2ccc(-c3coc4ncccc34)cc2)CC1)C1CCc2c(O)cccc2C1,7.114826679229736,8.419252395629883,7.76703953742981
COc1ccccc1N1CCN(CCCCCNC(=O)C=Cc2ccccc2)CC1,7.56961727142334,8.09689998626709,7.833258628845215
COc1cccc(C(=O)NCCCN2CCN(c3cccc(Cl)c3Cl)CC2)c1,6.462676525115967,7.537460327148437,7.000068426132202
Fc1ccc2[nH]cc(CCCN3CCN(c4cccc5ncccc45)CC3)c2c1,7.893923282623291,6.948132514953613,7.421027898788452
N#CCCCN1CCN(CC2CCCc3ccc(OC(F)(F)F)cc3C2)CC1,5.936892986297607,7.077577114105225,6.507235050201416
O=C1CCc2ccc(OCCCCN3CCN(c4cccc5ccccc45)CC3)nc2N1,8.644356727600098,7.317239761352539,7.980798244476318
Cc1cc(C)c2c(N3CCN(CCCCOc4cccc5ccncc45)CC3)cccc2n1,7.028650760650635,7.401372909545898,7.215011835098267
O=C(NC1CCc2ccc(CCN3CCN(c4nsc5ccccc45)CC3)cc21)c1ccccc1-c1ccccc1,6.907444000244141,6.617659568786621,6.762551784515381
COc1c(Br)cc(Br)cc1N1CCN(Cc2ccc(-c3cccnc3)n2C)CC1,7.219301700592041,6.790897369384766,7.005099534988403
Clc1ccc(N2CCN(CCCCNc3ccccc3I)CC2)n2ccccc12,,,
CCCN(CCN1CCN(c2cccc3ccoc23)CC1)C1CCc2c(O)cccc2C1,8.249430656433105,8.883919715881348,8.566675186157227
COc1ccccc1N1CCN(CCCCC(=O)c2cc3ccc2CCc2ccc(cc2)CC3)CC1,7.910096645355225,8.133630752563477,8.02186369895935
CCN1CCN(C2Cn3cccc3Sc3ccc(F)cc32)CC1,8.352453231811523,7.737476825714111,8.044965028762817
Cc1cc(C)cc(CCN2CCN(c3cccc4[nH]c(C(F)(F)F)nc34)CC2)c1,7.675141334533691,6.988615989685059,7.331878662109375
Cc1ccc2c(CCCN3CCN(c4cccc(Cl)c4Cl)CC3)c[nH]c2n1,7.368371963500977,6.795904636383057,7.082138299942017
Oc1cc2c(OCCNCCCc3ccc(Cl)cc3)ccc(F)c2[nH]1,8.626917839050293,7.277507305145264,7.952212572097778
CN1CCc2cccc3c2Cc2ccccc2C1Cc1ccccc1-3,6.220781326293945,6.968080997467041,6.594431161880493
CCCN(CCCCCCCCCCN(CCc1ccccc1OC)C1CCc2ccc(O)c(O)c2C1,,,
Oc1ccc(NCCCN2CCN(c3ccccc3F)CC2)n2ccccc12,,,
Cc1ccc2c(N3CCN(CCc4cccc5c4NCCC5)CC3)cccc2n1,7.664055347442627,6.569805145263672,7.116930246353149
CCc1cc(F)cc(CC2CN3CCN(CCc4ccccc4)CC3C2)c1,6.031885623931885,6.325886249542236,6.1788859367370605
CCN1CCN(CCCCCOc2ccc3cc(O)ccc3c2)CC1,6.66397762298584,7.737215042114258,7.200596332550049
Oc1ccc2[nH]cc(CCCCN3CC=C(c4ccccc4)CC3)c2c1,8.448203086853027,8.916884422302246,8.682543754577637
Fc1ccc(N2CCN(CCCCc3ccccc3)CC2)cc1,6.714635372161865,6.610202789306641,6.662419080734253
CCN1CCCC(c2cccc(C(=O)NCCC3CCN(Cc4ccccc4)CC3)c2)C1,5.703563213348389,6.604169845581055,6.153866529464722
O=C(CCCN1CCN(c2ccccc2CO)CC1)c1cccc(O)c1,8.006399154663086,7.833573818206787,7.9199864864349365
Oc1ccc2c(c1)OC(CNCc1cccc3c1CCN3CCC1CCC21,,,
Clc1ccc(N2CCN(CCCCNc3ccc(Cl)cc3)CC2)cc1Cl,7.378841400146484,6.741867542266846,7.060354471206665
Clc1cccc2c1CCCN2CCCNCCc1c[nH]c2ccccc12,7.062018394470215,6.437311172485352,6.749664783477783
Cc1ccc2[nH]cc(CCCN3CCN(c4cccc5cccc(Cl)c45)CC3)c2c1,7.464789390563965,6.56311559677124,7.0139524936676025
Oc1ccc2c(N3CCN(CCCCc4ccccc4)CC3)cccc2[nH]1,,,
CCCN(CCN1CCN(c2ccccc2O)CC1)C1CCc2ccc(F)cc2C1,7.497729301452637,8.343109130859375,7.920419216156006
Oc1cc2c(OCCNCCCc3cccc(Cl)c3)ccc(F)c2[nH]1,8.5447416305542,7.289360046386719,7.917050838470459
CCCN(CCN1CCN(c2ccccc2OC)CC1)C1CCc2ccc(O)cc2C1,7.815720081329346,8.517810821533203,8.166765451431274
Oc1c2ccc3c(c2[nH]1)CCN(CCCCc1c[nH]c3ccc(F)cc13)CC2,,,
CCN1CC1COCc1ccccc1C1CCC2c3cc(O)ccc3CCC21,6.683638572692871,7.503170490264893,7.093404531478882
Oc1ccc2c(c1)OC(CNCCC1CCC(O)(c3ccccc3F)CC1)CC2,7.689803123474121,8.035881042480469,7.862842082977295
CCCN(CCN1CCN(c2cccc3c2OCCc2ccc(C(F)(F)F)cc2CC3)CC1)C1CCc2ccc(O)cc2C1,7.504637718200684,8.100263595581055,7.802450656890869
CS(=O)(=O)N(CCCN1CCN(c2cccc(Cl)c2Cl)CC1)c1ccccc1,7.25234842300415,6.810218811035156,7.031283617019653
CCCN(CCN1CCN(c2cccc3ccccc23)CC1)C1CCc2ccc(O)cc2C1,7.852016448974609,8.869171142578125,8.360593795776367
CCCN(CCN1CCN(c2cccc3ccccc23)CC1)C1CCc2c(O)cccc2C1,8.05475902557373,8.830840110778809,8.44279956817627
CSc1ccc(CCNCCN2CCN(c3ccc(Cl)cc3)CC2)cc1,6.299738883972168,5.860013961791992,6.07987642288208
CCCN(CCN1CCN(c2ncc(-c3ccccc3)cc2C)C1=O)C1CCc2ccc(O)cc2C1,6.277185440063477,7.929408073425293,7.103296756744385
Oc1ccc2ccc(OCCCCN3CCN(c4cccc(Cl)c4Cl)CC3)nc2c1,8.545143127441406,8.833168029785156,8.689155578613281
Oc1ccc2c(c1)OC(CCN1CC=C(c3c[nH]c4ccc(F)cc34)CC1)CC2,8.7974853515625,8.491144180297852,8.644314765930176
CCCN(CCN1CCN(c2ccc(-c3ccccc3)cc2)CC1)C1CCc2c(O)cccc2C1,7.487314701080322,8.477007865905762,7.982161283493042
CCCN(CCN1CCN(c2ccccc2)CC1)C1CCc2ccc(O)cc2C1,7.061977386474609,8.358572006225586,7.710274696350098
CCN(CCCCN1CCN(c2ccccc2OC)CC1)c1cccc(Cl)c1,7.974181175231934,8.166540145874023,8.070360660552979
c1ccc(CNCC2CC(c3ccccc3)C2)cc1,6.201104640960693,6.264723300933838,6.232913970947266
CCCN(CCN1CCN(c2ccccc2OC)CC1)C1CCc2ccc(O)cc2C1,7.815720081329346,8.517810821533203,8.166765451431274
COc1ccccc1N1CCN(CCCCCNC(=O)c2cccc3scnc23)CC1,7.808315753936768,7.608879566192627,7.708597660064697
CCCN(CCN1CCN(c2ccccc2)CC1)C1CCc2c(O)cccc2C1,7.368458271026611,8.235482215881348,7.8019702434539795
CN1CCN(c2cccc3c2CCCC3)CC1,7.924788475036621,6.758324146270752,7.3415563106536865
O=C1Cc2ccccc2N1CCCCN1CCN(c2cccc(Cl)c2Cl)CC1,7.535895824432373,8.065313339233398,7.800604581832886
O=C(NCC=CCN1CCN(c2cccc(Cl)c2Cl)CC1)c1ccc2ccccc2c1,7.247600078582764,8.943496704101562,8.095548391342163
CCCN(CCC1CCC(NC(=O)C=Cc2cccc(C)c2)CC1)C1Cc2ccccc2C1,6.931008338928223,7.935401439666748,7.433204889297485
COc1ccc2[nH]c(CN3C4CC5CC3CC(O)(C5)C4)nc2c1,5.64276647567749,7.2201337814331055,6.431450128555298
COc1ccccc1N1CCN(CCCCNC(=O)c2ccc3ccccc3c2)CC1,7.298825263977051,8.823209762573242,8.061017513275146
O=C1c2c(OCCNCCCN3CCN(c4cccc(Cl)c4Cl)CC3)ccc(F)c2OCCN1CCCCN1CCN(c2ncc(CCN3CCN(c4ccccc4OCc4cccs4)CC3)c2,,,
N#Cc1ccc2c(C3=CCN(CCCCn4cccc4)CC3)c[nH]c2c1,7.855011940002441,8.581121444702148,8.218066692352295
O=C(NCCCCN1CCN(c2cccc(Cl)c2Cl)CC1)c1ccc(CCBr)cc1,7.34281063079834,8.821639060974121,8.08222484588623
Oc1ccc2[nH]c3c(c2c1)CCCNC3,7.12692928314209,5.095415115356445,6.111172199249268
Oc1ccc2[nH]cc(CCCCN3CCN(c4cccc(Cl)c4Cl)CC3)c2c1,8.74388599395752,8.450736045837402,8.597311019897461
CCCN(CCN1CCN(c2ccccc2)CC1)C1CCc2ccc(O)cc2C1,7.061977386474609,8.358572006225586,7.710274696350098
Clc1ccc(N2CCN(CCCCCc3c[nH]c4ccc(-n5cnnc5)cc34)CC2)cc1,7.25567626953125,6.644163131713867,6.949919700622559
CN1CCN(C2Cn3ccc(COc4ccc(-c5cccc(Cl)c5)cc4)cc3N2)CC1,,,
CN1CCCCC1CN1CCN(c2cccc(-c3csc(C(F)(F)F)c3)n2)CC1,6.736810207366943,7.861042976379394,7.298926591873169
CN1CCN(C2=Cc3ccccc3Nc3cc(Cl)ccc32)CC1,7.396597862243652,7.6447978019714355,7.520697832107544
CN1CCN(C2=Cc3ccccc3Cc3ccc(F)cc32)CC1,7.8052144050598145,7.420061111450195,7.612637758255005
COc1ccccc1N1CCN(CCCCNc2cccc(I)c2)CC1,8.70211124420166,8.142007827758789,8.422059535980225
Oc1cc(NCCN2CCN(c3cccc(Cl)c3Cl)CC2)c2cc(Cl)c(F)cc2[nH]1,,,
O=C(NCCCCN1CCN(c2cccc(Cl)c2Cl)CC1)c1ccc2cc(I)ccc2n1,7.40047550201416,8.974344253540039,8.1874098777771
Cc1cc2c(OCC(O)CN3CCC(c4ccc5c(c4)NC(=O)CN(C)C5=O)CC3)cccc2[nH]1,6.51663064956665,5.747225284576416,6.131927967071533
CN1CCN(C2=Cn3cccc3Sc3ccc(Cl)cc32)CC1,8.414504051208496,8.474985122680664,8.44474458694458
Cc1cc(C)c2c(N3CCN(CCCCNC(=O)c4ccccc4)CC3)cccc2[nH]1,,,
Cc1cnc2c([nH]c3ccc(C(=O)NCCCN4CCN(c5ccccn5)CC4)cc32)c1,5.989070892333984,6.592093467712402,6.290582180023193
Oc1ccc2[nH]cc(CCCCN3CCN(c4ccccc4Cl)CC3)c2c1,8.63847541809082,8.2700834274292,8.45427942276001
O=C(NCCCCN1CCN(c2ccc(Cl)c(Cl)c2)CC1)c1ccc2ccccc2c1,6.2981390953063965,8.372615814208984,7.33537745475769
CCCN(CCN1CN(c2ccccc2)C2(CCN(CCCC3CCN(CC)CC3)CC2)CC1)C1CCc2c(O)cccc2C1,6.582298278808594,7.377168655395508,6.979733467102051
Cc1c(Cl)cccc1N1CCN(CCCCNC(=O)c2cc3ccccc3s2)CC1,7.100181579589844,8.511015892028809,7.805598735809326
Cc1cc(C2CCN(CCCCOc3ccc4cn[nH]c4c3)CC2)cc(C)c1,7.367498397827148,6.734624862670898,7.051061630249023
CCCN(CCN1CCN(c2cccc(Cl)c2Cl)CC1)C1CCc2c(O)cccc2C1,7.985079765319824,8.79438304901123,8.389731407165527
Clc1cccc(N2CCN(CCCCNc3ccccc3CN3CCCCC3)CC2)c1Cl,7.055032730102539,7.185863018035889,7.120447874069214
CCN1CCN(CCCC2=Cc3ccc(O)cc3CCc3ccc(F)cc32)CC1,7.555115699768066,7.8962860107421875,7.725700855255127
N#Cc1cccc(CN2CCN(CCCCNC(=O)CCc3ccc(F)cc3)CC2)c1,5.600950717926025,7.157546043395996,6.379248380661011
N#Cc1ccc(N2CCN(CCCSc3nnc(-c4ccccn4)n3CCOCC2)cc1,,,
Oc1cc2c(OCCNCc3ccccc3)ccc(F)c2[nH]1,8.782026290893555,7.85374641418457,8.317886352539062
NCCCN1CCCCC1COc1ccccc1Cl,6.376626968383789,7.378576755523682,6.877601861953735
CCCN(CCN1CCN(c2cccc3ccccc23)CC1)C1CCc2nc3ccccc3c2C1,,,
CCN(CCCCN1CCN(c2ccccc2OC)CC1)c1cccc(-c2cccs2)c1,7.675562858581543,8.344243049621582,8.009902954101562
Oc1ccc2c(OCCNCCCc3ccc(I)cc3)cccc2[nH]1,,,
CN1CCN(C2Cc3ccccc3Sc3ccc(CN4CCC(NS(C)(=O)=O)CC4)cc32)CC1,6.976222038269043,7.498709678649902,7.237465858459473
O=C1N(CCN2CCC(C(F)(F)F)CC2)CCN1c1cccc2cccnc12,6.97846269607544,7.755234718322754,7.366848707199097
N#Cc1ccc(N2CCN(CCC3CCC(Nc4ncccc4Cl)CC3)CC2)cc1,7.535242080688477,7.938158988952637,7.736700534820557
CN(CCCCN1CCN(c2cccc(-c3ccncc3)c2)CC1)C1CCOCC1,6.734288692474365,6.762878894805908,6.748583793640137
CCCN(CCN1CCN(c2ccccc2OC)CC1)C1CCc2ccc(O)cc2C1,7.815720081329346,8.517810821533203,8.166765451431274
CCCN(CCN1CCN(c2nc(-c3ccccc3)c3ccccc3n2)CC1)C1CCc2nc(N)sc2C1,6.338683128356934,8.21428108215332,7.276482105255127
CCCN(CCN1CCN(c2ccccc2C)CC1)C1CCc2ccc(O)cc2C1,7.235696315765381,8.2485990524292,7.74214768409729
CCCN(CCN1CCN(c2cccc3cc(O)ccc23)CC1)C1CCc2ccc(O)cc2C1,8.06090259552002,9.346025466918944,8.703464031219482
Oc1cc(OCCCN2CCN(c3cccc(Cl)c3Cl)CC2)c2ccccc2n1,8.022675514221191,8.386972427368164,8.204823970794678
Oc1cc2cc(OCCCN3CCN(c4cccc(Cl)c4Cl)CC3)ccn2n1,8.417840003967285,8.513150215148926,8.465495109558105
CCCN(CCN1CCN(c2ccc(-c3ccccc3)cc2)C1=O)C1CCc2c(O)cccc2C1,7.581985950469971,8.339210510253906,7.9605982303619385
O=C(CCCN1CCC2(CC1)C(=O)NCN2c1cccc(-c2ccccc2)c1)c1ccccc1,8.476807594299316,7.849983215332031,8.163395404815674
CCCN(CCN1CCN(c2cccc3c2OCCCO3)CC1)C1CCc2ccc(O)cc2C1,8.271718978881836,8.31121826171875,8.291468620300293
Cc1ccc2c(N3CCN(CCCc4cccc5c4ccc(=O)n5C)CC3)cccc2n1,7.192854404449463,6.705452919006348,6.949153661727905
CN1CCc2ccc(C3c4ccc(O)cc4CCN3CCF)c3c2CC1,,,
COc1ccccc1N1CCN(CCCCCNC(=O)c2cccc(Cl)c2Cl)CC1,8.037120819091797,7.945677280426025,7.991399049758911
O=C1N(CCCN2CCC(c3ccccc3)CC2)CN(c2cccc(Cl)c2Cl)CC1c1ccccc1,6.673933029174805,6.258559226989746,6.466246128082275
CN1CCC(c2cn(-c3ccc(F)cc3)c3ccc(Cl)cc23)CC1,7.850132942199707,5.300248622894287,6.575190782546997
O=C1N(CCN2CCN(c3cccc(Cl)c3Cl)CC2)CN1c1ccccc1,7.336458206176758,7.184462547302246,7.260460376739502
CCCN(CN1CCN(Cc2cccc3cnccc23)CC1)C1CCc2ccc(O)cc2C1,6.1025238037109375,7.869559288024902,6.98604154586792
c1cc(N2CCN(CCCCCCN3CC=C(c4ccccc4)CC3)CC2)ccc1-n1cncc1,7.033895969390869,7.429006576538086,7.2314512729644775
Oc1ccc2[nH]cc(CCCCN3CC=C(c4ccccc4)CC3)c2c1,8.44819450378418,8.916884422302246,8.682539463043213
Oc1[nH]cc2ccc(OCCCN3CCN(c4cccc5cccc(F)c45)CC3)cc12,8.2858247756958,7.846155166625977,8.065989971160889
O=C1CCC(CN2CCC(c3noc4cc(F)ccc34)CC2)CN1C1CCC(c2ccccc2)CC1,7.057088851928711,7.047651290893555,7.052370071411133
Cc1c(CN2CCN(c3cccc(Cl)c3)CC2)noc1N1CCN(C2CCCCC2)CC1,6.381239414215088,6.512537479400635,6.446888446807861
Cc1cc2c(cc1C1CCN(CCc3ccc(I)cc3)CC1)OCC2,7.575486660003662,6.6401472091674805,7.107816934585571
Oc1c2c(nc3cc(-c4ccco4)nn13)CC1CC12CCC2(CN1CCC(c3ccc(F)cc3)CC1)CC2,6.634547233581543,8.195709228515625,7.415128231048584
COc1ccccc1N1CCN(CCCCCCNC(=O)c2cc3ccccc3n2C)CC1,7.2762861251831055,7.838493347167969,7.557389736175537
OCC#Cc1cccc2c1Cc1c(-c3cccc(CO)c3)[nH]c2c1CCNC2,,,
Fc1ccc(CN2CCC(CCN3C4C3c3c(ccc4[nH]ccc34)CC2)cc1,,,
Oc1cccc(CNC2CCC(c3ccccc3)CC2)c1,6.868747234344482,7.39439058303833,7.131568908691406
CCCN(CCCCCCCCN(CCCCCN(CCCCCNCCCCCNCCCCCCOCCCOCCNCC1CCc2ccccc2OC1)C1Cc2cccc(O)c2C1)C1Cc2ccccc2C1,,,
N#Cc1cccc(N2CCN(CCCCCN3CCc4cc(-c5cccs5)ccc4C3=O)CC2)c1,7.262616157531738,8.14097785949707,7.701797008514404
CCCN(CCN1CCN(c2ccccc2)CC1)C1CCc2ccc(C(F)(F)F)cc2C1,6.947710514068604,7.268264293670654,7.107987403869629
Clc1ccc(N2CCN(CCC3CC4CCC(C3)C4)CC2)cc1Cl,7.125577449798584,7.68868350982666,7.407130479812622
O=C(NCCCCN1CCN(c2cccc(Cl)c2Cl)CC1)c1cccc2c1-c1ccccc1C2,6.840058326721191,8.24310302734375,7.541580677032471
N#Cc1ccc2[nH]c(CN3CCN(c4cccc(Cl)c4Cl)CC3)cc2c1,7.0858306884765625,6.354681491851807,6.720256090164185
Oc1ccc2[nH]cc(CCCCN3CCN(c4cccc(Cl)c4Cl)CC3)c2c1,8.743884086608887,8.450736045837402,8.597310066223145
CCN1CCN(c2cccc(C#N)c2CCN2CCC3(CC2)C(=O)c2ccccc2N3C)CC1,7.820075988769531,7.092051982879639,7.456063985824585
O=C(NCCCCN1CCN(c2cccc(Cl)c2Cl)CC1)c1ccccc1-c1ncc[nH]1,7.481746673583984,8.442956924438477,7.9623517990112305
Oc1[nH]cc2ccc(OCCCN3CCN(c4cccc5cnccc45)CC3)cc12,7.991536617279053,7.967168807983398,7.979352712631226
Cc1ccc2c(-c3ccnc(Nc4cccc(F)c4)n3)cccc2c1,6.12222957611084,5.617338180541992,5.869783878326416
CCCN(CCN1CCN(c2ccccc2)CC1)C1CCc2c(O)cccc2C1,7.368458271026611,8.235482215881348,7.8019702434539795
CCCN1CCCC2c3c(ccc(O)c3OC)C(C)(C)C12,7.126381874084473,8.335832595825195,7.731107234954834
CCN1CCN(c2cccc(C(=O)NCC3CCCN3CCN(c3ccc(Cl)cc3)CC3)c2)CC1,,,
CN1CCC2c3ccccc3Cc3c(C#N)[nH]cc3CC2C1,6.848310470581055,6.072005271911621,6.460157871246338
Cc1ccc2c(N3CCN(CCc4cccc5c4CCCN5)CC3)cccc2n1,7.72038459777832,6.821125507354736,7.270755052566528
N#Cc1ccc(N2CCN(CCCCN3CCc4ccccc4CC3)CC2)cc1CCCN1CC=CC(c2ccc(F)cc2)CC1,6.746386528015137,6.868077754974365,6.807232141494751
Oc1[nH]cc2ccc(OCCCCN3CCN(c4cccc5cccc(F)c45)CC3)cc12,8.384242057800293,8.055950164794922,8.220096111297607
Oc1[nH]cc2cc(F)c(OCCCN3CCN(c4cccc5ccccc45)CC3)cc12,8.03945541381836,8.071406364440918,8.055430889129639
Oc1[nH]cc2ccc(OCCCN3CCN(c4cccc5cccc(F)c45)CC3)c(F)c12,8.132925987243652,7.728168487548828,7.93054723739624
CCCN(CCN1CCN(c2ccccc2)CC1)C1CCc2ccc(O)cc2C1,7.061977386474609,8.358572006225586,7.710274696350098
CN1CCN(C2Cn3cccc3Sc3ccc(F)cc32)CC1,8.455343246459961,8.19658088684082,8.32596206665039
c1ccc(N2CCN(CCCCc3c[nH]c4ccc(-n5cnnc5)cc34)CC2)nc1,7.492456912994385,6.891884326934815,7.1921706199646
CCN1CCCC1CNC(=O)c1cc(CCCNCC(O)c2cccc3ccccc23)cc(OC)c1OC,6.551000118255615,7.239936351776123,6.895468235015869
O=C(NC1CCC(CCN2CCN(c3cccc(Cl)c3Cl)CC2)CC1)c1ccccn1,8.103841781616211,8.6024169921875,8.353129386901855
N#Cc1ccc2[nH]c(O)c(CCCN3CCN(c4cccc5cccc(F)c45)CC3)c2c1,7.914028167724609,6.966858863830566,7.440443515777588
Oc1ccc2c(c1)-c1c(OCCCN3CCN(c4cccc5cccc(F)c45)CC3)cccc1CC2,8.106550216674805,8.075178146362305,8.090864181518555
CN1CCN(C2=Cc3ccccc3Oc3ccc(Cl)cc32)CC1,7.99347448348999,7.783572196960449,7.88852334022522
Oc1ccc2[nH]cc(CCCN3CC=C(c4ccccc4)CC3)c2c1,8.563095092773438,8.061650276184082,8.31237268447876
COc1cccc(N2CCN(CCCCc3c[nH]c4ccc(C(N)=O)cc34)CC2)c1,7.39626407623291,7.479910373687744,7.438087224960327
CCN(CCCCN1CCN(c2ccccc2)CC1)c1ccc(Cl)c(Cl)c1,6.862442493438721,7.215542793273926,7.038992643356323
O=C1c2cc(F)c(OCCCN3CCN(c4cccc5cccc(F)c45)CC3)cc2N1CC1CC1,6.747164726257324,7.550005912780762,7.148585319519043
O=C(NCCCCN1CCN(c2ccccc2OCCF)CC1)c1cccc2ccncc12,7.2964677810668945,8.257786750793457,7.777127265930176
Cc1cnc(NCCN2CCN(c3cccc(Cl)c3)CC2)nc1N1CCN(C)CC1,6.491894245147705,6.130985736846924,6.3114399909973145
CN1CCN(C2=Cc3ccccc3Nc3ccc(Cl)cc32)CC1,7.668307304382324,7.303457736968994,7.485882520675659
Cc1ccc(Cl)cc1N1CCN(CCNC2CCc3ccccc3C2)CC1,6.90916109085083,6.592604637145996,6.750882863998413
Oc1[nH]cc2ccc(OCCCN3CCN(c4cccc5cccc(F)c45)CC3)cc12,8.2858247756958,7.846155166625977,8.065989971160889
Clc1cccc(N2CCN(CCCCNC(=S)NCc3ccc(Cl)cc3)CC2)c1Cl,6.911919593811035,7.812551498413086,7.3622355461120605
COc1ccccc1N1CCN(CCCCc2cc(-c3ccccc3)cc(C(=O)NCCN3CCN(c4cccnc4)CC3)n2)CC1,6.819717884063721,7.392829418182373,7.106273651123047
O=C1N(CCN2CCN(c3cccc(Cl)c3Cl)CC2)CCN1c1ccccc1,7.452239990234375,7.511731624603271,7.481985807418823
CCN1CCCC1CNC(=O)c1c(O)ccc(I)c1CI,7.785192489624023,8.745803833007812,8.265498161315918
NCCN1CCN(CCCCc2c[nH]c3ccc(F)cc23)CC1,6.164659023284912,7.0970139503479,6.630836486816406
O=C1N(CCN2CCN(c3cccc(Cl)c3Cl)CC2)CCN1c1cccc(Cl)c1,7.528343200683594,7.927173614501953,7.727758407592773
Oc1ccc2c(c1)OC(CNCCNCc1ccccc1)CC2,8.024235725402832,8.037074089050293,8.030654907226562
Oc1[nH]c2ccc(F)cc2c1CCCCN1CC=C(c2cccc3ccccc23)CC1,7.948857307434082,8.29305362701416,8.120955467224121
O=C1N(CCN2C3CCC2CCC3)CCN1c1ccc(Cl)cc1,6.967498779296875,7.786561965942383,7.377030372619629
CCCN(CCN1CCN(c2cccc3ccccc23)CC1)C1CCc2ccc(O)cc2C1,7.852016448974609,8.869157791137695,8.360587120056152
O=C1N(CCN2CCN(c3cccc(Cl)c3Cl)CC2)CCN1c1ccccc1,7.452239990234375,7.511731624603271,7.481985807418823
Oc1[nH]cc2ccc(OCCCN3CCN(c4cccc5cccc(F)c45)CC3)c(F)c12,8.132925987243652,7.728168487548828,7.93054723739624
N#Cc1ccc2cc1OCCCCNCC2CCc1ccccc1,7.093095302581787,5.613294124603272,6.353194713592529
CCCN(CCN1CCN(c2cccc(Cl)c2Cl)CC1)C1CCc2nc(N)ccc2C1,7.536105155944824,8.407535552978516,7.97182035446167
CCN1CCc2ccc3cccc(OC)c3c2C1,7.25301456451416,5.876358509063721,6.56468653678894
CCCN(CCN1C2CCC1c1cc(O)ccc1-2)C1CCc2c(O)cccc2C1,6.556142330169678,9.319775581359863,7.9379589557647705
COc1ccccc1N1CCN(CCC=Cc2ccccc2)CC1,8.036121368408203,7.769203662872314,7.902662515640259
O=C(CCCN1CCN(c2noc3ccccc23)CC1)c1ccc(F)cc1,7.762850761413574,7.584414005279541,7.673632383346558
CCCN(CCN1CCN(c2cccc3cc(O)ccc23)CC1)C1CCc2ccc(O)cc2C1,8.06090259552002,9.346025466918944,8.703464031219482
Oc1nc(CCCCN2CCN(c3cccc(Cl)c3Cl)CC2)nc2c1CCCC2,8.399734497070312,8.253520965576172,8.326627731323242
CCN1CCCC1CNC(=O)c1cc(CCCN)ccc1OCCCN1CCN(c2ccccc2OC)CC1,6.9091105461120605,7.928196907043457,7.418653726577759
Oc1[nH]c2ccc(Br)cc2c1CCCCCN1CCN(c2cccc3ccccc23)CC1,7.878961086273193,8.035686492919922,7.957323789596558
COc1ccccc1N1CCN(CCCNC(=O)c2cc3ccc(I)cc3s2)CC1,7.258957862854004,7.69650936126709,7.477733612060547
COc1ccccc1N1CCN(CCCCc2ccc3c(c2)sc(=O)n3CCCN2CCC(C(=O)c3ccc(F)cc3)CC2)CC1,7.848674774169922,7.715549468994141,7.782112121582031
COc1ccccc1N1CCN(CCCCNC(=O)c2ccc(C#Cc3ccccc3)cc2)CC1,6.709615230560303,8.085968971252441,7.397792100906372
COc1ccc(CN2CC=C3c4cccc(OCCN3CCN(c4ccccc4CC)CC3)CC2)cc1,,,
Fc1ccccc1N1CCN(CCCCOc2ccc3cccnc3c2)CC1,7.587023735046387,8.118152618408203,7.852588176727295
CN1CC=C(C2=Cc3cc(F)ccc3Oc3ccc(Cl)cc32)CC1,7.965106010437012,7.59370231628418,7.779404163360596
CCN1CCN(c2ccc(OCCCNCC(O)c3cccc(Cl)c3Cl)cc2)CC1,5.960707187652588,6.596230506896973,6.27846884727478
CCN(CCCCCN1CCN(c2cccnc2)CC1)C1Cc2cccc(O)c2C1,7.353569507598877,7.928541660308838,7.641055583953857
N#Cc1ccc2[nH]cc(CCCCN3CC=C(c4ccccc4)CC3)c2c1,8.29378890991211,8.524868965148926,8.409328937530518
Oc1ccc2c(CCCNCCCF)ccc(O)c2[nH]1,,,
Cc1ccc2c(N3CCN(CCc4cccc(-c5ccc(NS(=O)(=O)c6ccc(Cl)cc6)c5)c4)CC3)cccc2n1,,,
CCc1ccccc1N1CCN(CCCCNC(=O)C=Cc2ccc(F)cc2)CC1,7.394687652587891,8.495475769042969,7.94508171081543
Oc1cc2c(OCCNCCCc3ccccc3)ccc(F)c2[nH]1,8.73058795928955,7.729036331176758,8.229812145233154
Oc1c2ccccc2[nH]1,,,
CCN1CCN(CCCN2c3ccccc3Sc3ccc(C(F)(F)F)cc32)CC1,6.683116912841797,6.409111022949219,6.546113967895508
Oc1cc2ccc(N3CCN(CCCCn4ccc5ccc(F)cc54)CC3)cc2o1,7.638642311096191,7.557426452636719,7.598034381866455
N#Cc1cccc(CN2CC3C(C2)CN3C(=O)C2CC2)c1,6.434326171875,6.743678092956543,6.5890021324157715
Oc1ccc2[nH]cc(CCCN3CCN(c4cccc5ccccc45)CC3)c2c1,8.515907287597656,7.4256272315979,7.970767259597778
Oc1ccc2c(c1)OC(CNCCCN1CCN(c3cccc(Cl)c3Cl)CC1)CC2,9.14795970916748,8.325576782226562,8.736768245697021
CN1CCN(C2=Cc3ccccc3Cc3ccc(F)cc32)CC1,7.8052144050598145,7.420061111450195,7.612637758255005
COc1ccccc1N1CCN(CCCCNC(=O)c2nc3ccc4ccccc4c3c2F)CC1,,,
Clc1cccc(N2CCN(CCCCCCN3C4CCC3c3cc(Cl)ccc32)c1,,,
Clc1ccccc1N1CCN(CCCCCNc2cccc3c2CCO3)CC1,8.560529708862305,7.445100784301758,8.002815246582031
Oc1ccc2[nH]cc(CCCN3CCN(c4ccccc4)CC3)c2c1,7.856227397918701,6.882217884063721,7.369222640991211
Oc1[nH]cc2ccc(OCCCN3CCN(c4cccc5ccccc45)CC3)cc12,8.251432418823242,8.164287567138672,8.207859992980957
Oc1ccc2[nH]cc(CCCCN3CC=C(c4ccccc4)CC3)c2c1,8.44819450378418,8.916884422302246,8.682539463043213
O=Cc1ccc2c(c1)CCN1CCN(CCc3ccc(I)cc3)CC1)O2,,,
CCN1CCN(C2Cn3cccc3Sc3ccc(F)cc32)CC1,8.352453231811523,7.737476825714111,8.044965028762817
N#Cc1cccc(CN2CCC3(CCCc4c([nH]c5cccc(F)c45)CN3)CC2)c1,6.531879425048828,6.399789810180664,6.465834617614746
CCCN(CCN1CCN(c2ccccc2)CC1)C1CCc2ccc(O)cc2C1,7.061977386474609,8.358572006225586,7.710274696350098
CCN(CCCN1CCN(c2ccccc2)CC1)c1cccc(C(F)(F)F)c1,6.325300693511963,6.022254943847656,6.17377781867981
NCCc1c[nH]c2cccc(OCCCCCCCCCCN3CCN(c4cccc(Cl)c4Cl)CC3)c12,7.459890842437744,7.328313827514648,7.394102334976196
Clc1cccc(N2CCN(CCCCc3c[nH]c4ccc(Br)cc34)CC2)c1Cl,8.008659362792969,8.097698211669922,8.053178787231445
O1(2ccccc2CCCN1CCN(c2nccc3ccccc23)CC1,,,
C1=C(c2c[nH]c3ccccc23)CCN(CCCN2CCN(c3cccc4cc(F)ccc34)CC2)C1,8.262438774108887,7.520741939544678,7.891590356826782
Oc1[nH]cc2[nH]cc(CCCN3CCN(c4cccc5ccccc45)CC3)c12,8.058794975280762,7.372912883758545,7.715853929519653
Oc1ccn(CCCCN2CCN(c3cccc(Cl)c3Cl)CC2)c2ccc(F)cc12,,,
O=C1N(CCN2CCC(COCCOc3cccc4nc(C(F)(F)F)[nH]c34)CC2)CCN1c1cccc(Cl)c1,8.040645599365234,8.212034225463867,8.12633991241455
CN1CCc2cc(Cl)cc3c2C1Cc1ccc(O)c(O)c1-3,8.011479377746582,8.076029777526855,8.043754577636719
CCN1CCCC1CNC(=O)c1c(O)ccc(Br)c1OC,7.396489143371582,8.47685718536377,7.936673164367676
CN1CCN(CCN2c3ccccc3Sc3ccc(C(F)(F)F)cc32)CC1,7.034424781799316,6.703970432281494,6.869197607040405
OCCN1CCN(C2CCN(Cc3ccc(C(F)(F)F)cc3)CC2)CC1,4.185050964355469,5.114532947540283,4.649791955947876
O=C1C2CCCCN2C(=O)N1CCCCNCC1CCc2ccccc2O1,8.1886625289917,7.370901107788086,7.779781818389893
CCN1CCCC1CN1CCN(c2ccc(Cl)cc2Cl)CC1,6.291313171386719,7.459412574768066,6.875362873077393
O=C1CN2CCCCC2CN1CCCCOCCN1CCN(c2ccccc2F)CC1,6.892362594604492,7.220894336700439,7.056628465652466
CN1CCN(C2=Cc3cc(Cl)ccc3Cc3ccccc32)CC1,7.753957748413086,7.634964466094971,7.694461107254028
CN1CCC(CCN2CCC3(c4cccc(C(N)=O)c4)CC2)CC2c3ccc(F)cc3CC21,,,
Cc1cc2c(cc1O)C1CCC(CCN1CCN(c3nsc4ccccc34)CC1)CC2Cc1ccc(F)cc1,,,
CCCN(CCC1CCC(NC(=O)c2ccc3ccccc3c2)CC1)C1CCc2nc(N)sc2C1,6.920759677886963,8.741766929626465,7.831263303756714
CN1CCc2ccccc2Cc2cn[nH]c2CCN3CCC1,,,
Oc1[nH]cc2ccc(OCCCCN3CCN(c4cccc5ccsc45)CC3)cc12,8.773796081542969,8.681181907653809,8.727488994598389
CN1CCN(c2nccc3cc4cc[nH]c4cc23)CC1,7.060892105102539,5.624022960662842,6.34245753288269
COc1ccccc1N1CCN(CCCCNC(=O)c2cc3ccccc3cn2)CC1,7.018458366394043,8.637602806091309,7.828030586242676
FC(F)(F)Oc1ccc(N2CCN(CCCCCN3C=CC(c4ccccc4)CC3)CC2)cc1,6.28898811340332,6.193817615509033,6.241402864456177
CCCN(CCCCCN=C1CCc2ccccc2C1)C1CCc2ccc(O)c(O)c2C1,7.62593412399292,8.412810325622559,8.01937222480774
CCc1cc(I)ccc1N1CCN(CCCCN2C(=O)CCC2C=CC(O)CC2)CC1,,,
CCCN(CCN1CCCN(c2cccc3c2CCc2ccc(OC)cc2-3)CC1)C1CCc2ccc(O)cc2C1,7.481123447418213,8.207494735717773,7.844309091567993
CCCN1CCC2c3cc(O)ccc3CCC21,6.862895011901856,8.011849403381348,7.437372207641602
O=C1N(CCN2CCN(c3nsc4ccccc34)CC2)CCN1c1cccc(Cl)c1,7.78265380859375,7.274931907653809,7.528792858123779
Nc1cc(C(=O)NCCCCN2CCN(c3cccc(Cl)c3Cl)CC2)n[nH]1,7.677103042602539,9.011905670166016,8.344504356384277
O=C1N(CCN2CCCN(c3cccc(Cl)c3)CC2)CCN1c1cccc(Cl)c1,7.138880729675293,7.40849494934082,7.273687839508057
CCCN(CCN1CCN(c2ccc(-c3ccncc3)cc2)CC1)C1CCc2ccc(O)cc2C1,6.976107120513916,8.282537460327148,7.629322290420532
Oc1c2c([nH]c3ccc(-n4cccc4)cc23)CCCC2CCN(CCCCCCCNC3CCCc4ccccc43)CC2)CC1,,,
O=C(NCCN1CCN(c2ccc(Cl)cc2Cl)CC1)c1c[nH]c2ccccc12,6.712294101715088,6.9827752113342285,6.847534656524658
NC(=NCCCCCN1CCN(c2ccnc3ccccc23)CC1)c1c[nH]c2ccccc12,7.077357769012451,7.59942626953125,7.338392019271851
CN(CCOc1cccc2c1CCCCO2)CCN1CCCC1,6.244489192962647,7.086546897888184,6.665518045425415
N#Cc1ccc2[nH]cc(CCCCNCC(c3ccccc3)c3ccc(C(N)=O)cc3)c2c1,6.280657768249512,6.657610893249512,6.469134330749512
Oc1[nH]cc2cc(F)c(OCCCCN3CCN(c4ccccc4Cl)CC3)c12,,,
O=C1N(CCN2CC[nH]3cccc(C(F)(F)F)c3)CCN1CC1CCC(c2cnc3ccccc3n2)CC1,,,
Oc1ccc2[nH]cc(CCCN3CC=C(c4ccccc4)CC3)c2c1,8.563096046447754,8.061660766601562,8.312378406524658
N#Cc1ccc(CN2CCN(CCCc3c[nH]c4ncccc34)CC2)cc1,6.190752983093262,7.004292964935303,6.597522974014282
OC1(c2ccc(I)cc2)CCN(CCCc2c[nH]c3ccc(F)cc23)CC1,7.914697170257568,7.289982795715332,7.60233998298645
O=S(=O)(NC1CCC(CCN2CCN(c3cccc(Cl)c3Cl)CC2)CC1)c1ccc2ccccc2c1,7.830300331115723,8.54770278930664,8.189001560211182
Fc1cccc(CN2CCC3(CC2)C(=CC2CCN3c3ccccc32)c1,,,
O=C(CCCCCN1CCN(c2cccc(Cl)c2Cl)CC1)c1ccc2c(c1)CCO2,8.281791687011719,8.383162498474121,8.33247709274292
CCCN(CCN1CCN(c2ccc(Cl)cc2)CC1)C1CCc2ccc(O)cc2C1,6.674923896789551,8.185625076293945,7.430274486541748
C(=Cc1c[nH]c2ccc3c(c1)CCCN3CCCN1CCN(c2ccccc2OCCCF)CC1)c1ccccc1,,,
Oc1[nH]cc2c(CCCN3CCN(c4cccc5c(OCCN6CCCCC6)cccc45)CC3)cccc12,7.989778518676758,7.297084331512451,7.6434314250946045
CN1CCN(C2Cc3ccccc3Sc3ccc(Cl)cc32)CC1,9.140546798706056,8.702611923217773,8.921579360961914
Oc1cc(NCCCN2CCN(c3ccccc3)CC2)cc2c1-c1c(F)ccc(F)c1F,,,
COc1ccccc1N1CCN(CCCCSc2nnc(-c3cccc4nc(C)ccc34)n2C)CC1,6.810986042022705,7.815918922424316,7.313452482223511
N#Cc1ccc2[nH]cc(CCCCN3CCN(c4cccc(C(N)=O)c4Cl)CC3)c2c1,8.261290550231934,8.444148063659668,8.3527193069458
CCCN(CCCCN1CCN(c2cccc3ccoc23)CC1)C1CCc2ccc(O)cc2C1,8.24293327331543,8.96591567993164,8.604424476623535
Oc1cc2c(N3CCN(CCCCc4ccccc4)CC3)cccc2[nH]1,8.389148712158203,8.231596946716309,8.310372829437256
Cc1nc(-c2ccc(CN3CCN(c4cccc(Cl)c4Cl)CC3)cc2)c[nH]1,6.885928630828857,6.598472595214844,6.742200613021851
Nc1nccc(CNCCN2CCN(c3cccc(Cl)c3Cl)CC2)n1,7.089959144592285,6.859975814819336,6.9749674797058105
O=C1N(CCN2CCC(C#Cc3ccc(Cl)cc3CCN3CCN(c4cccc5cc(F)ccc45)CC3)CC2)CCN1c1ccccn1,7.131317138671875,7.136746406555176,7.134031772613525
O=C1CCc2ccc(OCCCCN3CCN(c4cccc(Cl)c4Cl)CC3)nc2N1,8.820858001708984,7.946581840515137,8.38371992111206
Oc1cc2c(OCCNCCC3CCc4ccccc4O3)cccc2[nH]1,8.826887130737305,8.28177261352539,8.554329872131348
COc1ccccc1N1CCN(CCCCNC(=O)c2cc3ccccc3o2)CC1,7.030130386352539,8.543241500854492,7.786685943603516
Oc1[nH]cc2ccc(OCCCN3CCN(c4cccc5cccc(F)c45)CC3)cc12,8.2858247756958,7.846155166625977,8.065989971160889
O=C(NCCCN1CCN(c2cccc(Cl)c2Cl)CC1)c1ccc(-c2cccs2)cc1,6.594321250915527,7.894839286804199,7.244580268859863
O=C(NCC=CCN1CCN(c2cccc(Cl)c2Cl)CC1)c1cc2ccccc2cn1,6.922908782958984,8.792217254638672,7.857563018798828
CCCN(CCN1CCN(c2ccccc2)CC1)C1CCc2c(O)cccc2C1,7.368458271026611,8.235482215881348,7.8019702434539795
OC1(c2ccc(I)cc2)CC2CCC(C1)N2Cc1coc2ccccc12,8.334003448486328,8.553446769714355,8.443725109100342
CCN1CCc2cc(OCCF)cc3c2C1Cc1ccc(O)c(O)c1-3,8.283638000488281,7.251041412353516,7.767339706420898
O=C(NC1CCC(CCN2CCN(c3cccc(Cl)c3Cl)CC2)CC1)c1cnc2ccccc2c1,7.637712478637695,8.731513977050781,8.184613227844238
COc1ccccc1N1CCN(CCCCCNC(=O)C=Cc2cnc(N)c3ccccc23)CC1,7.715948581695557,7.996562480926514,7.856255531311035
O=C(NCC(O)CN1CCN(c2cccc(Cl)c2Cl)CC1)c1cccnc1,6.035041332244873,6.872570991516113,6.453806161880493
N#Cc1ccc(N2CCN(CCCCNC(=O)c3cc4ccc3I)CC2)cc1,,,
Oc1ccc2c(N3CCN(CCCCc4ccccc4)CC3)cccc2[nH]1,,,
CCCN(CCN1CCN(c2ccn(-c3ccc(Cl)c(Cl)c3)c2)CC1)C1CCc2nc(N)sc2C1,6.958736896514893,8.440361022949219,7.699548959732056
NCCc1c[nH]c2ccc3c(c12)CCN(CCCSc1nnc(-c2cccc4nc(C(N)=O)ccc24)n1CC3,,,
CCN(CCCCCCCN(CCCCCCCN(CCC)CCC1CCc2ccccc2O1)C1CCc2c(O)cccc2C1,,,
CCN(CCN1CCN(c2ccccc2OC)CC1)C1CCc2cc(O)ccc2C1,7.790074825286865,8.229816436767578,8.009945631027222
Oc1[nH]cc2cc(F)c(OCCCN3CCN(c4cccc5cccc(F)c45)CC3)cc12,8.04651165008545,7.654010772705078,7.850261211395264
COc1ccccc1N1CCN(CCC=CCNC(=O)c2cc3occc3s2)CC1,7.479529857635498,7.757919311523437,7.618724584579468
Oc1[nH]cc2ccc(OCCCN3CCN(c4cccc5cccc(F)c45)CC3)cc12,8.2858247756958,7.846155166625977,8.065989971160889
O=C1CCc2ccc(OCCCN3CCN(c4cccc5ccc(Cl)cc45)CC3)nc2N1,8.396822929382324,7.25161075592041,7.824216842651367
O=C1N2CCNCCC2CN1CC1CCC(c2cccc3ccccc23)CC1,7.01837682723999,6.289634704589844,6.654005765914917
N#Cc1ccccc1N1CCN(CCCCNC(=O)c2ccc(I)cc2)CC1,7.363749980926514,8.679238319396973,8.021494150161743
N#Cc1ccc2[nH]cc(CCCCN3CCN(c4cccc5nc(C#N)ccc45)CC3)c2c1,7.971158981323242,7.783306121826172,7.877232551574707
CN1CCN(c2cccc3c2CCCO3)CC1,7.478541374206543,6.423666954040527,6.951104164123535
CCCN(CCN1CCN(c2ccccc2OCCF)CC1)C1CCc2ccc(O)cc2C1,8.05980110168457,8.403000831604004,8.231400966644287
CN1CCCC1CN1CCC2COc3ccc(I)cc3CC21,7.39341926574707,8.144944190979004,7.769181728363037
O=C1N(CCN2CCC3Cc4ccccc4CCC3C2)CCN1c1cccc(Cl)c1Cl,7.213917255401611,7.421907424926758,7.317912340164185
O=C(NCC=CCN1CCN(c2cccc(Cl)c2Cl)CC1)c1ccc([N+](=O)[O-])cc1,7.921090602874756,9.03512191772461,8.478106260299683
Oc1c2c(nc3ccc(OCCCN4CCN(c5cccc6ccccc56)CC4)cc13)CCCN2,8.025379180908203,7.957045078277588,7.9912121295928955
CCCN(CCN1CCN(c2cccc3[nH]ccc23)CC1)C1CCc2ccc(O)cc2C1,7.947385787963867,8.743558883666992,8.34547233581543
CCCN(CCN1C2CCC1c1ccc(O)cc1-2)C1CCc2c(O)cccc2CC1,6.257289886474609,8.934928894042969,7.596109390258789
O=C1N(CCN2CCN(c3cccc(Cl)c3Cl)CC2)CCN1c1cccc(Cl)c1,7.528343200683594,7.927173614501953,7.727758407592773
CCCN(CCN1CCN(c2ccc(-c3ccccc3)cc2)CC1)C1CCc2cc(O)ccc2C1,7.244194984436035,8.533466339111328,7.888830661773682
CCN1Cc2ccccc2CC2c3[nH]cnc3CCC21,6.425779819488525,6.555716037750244,6.490747928619385
CCCN(CCN1CCN(c2cccc3ccccc23)CC1)C1CCc2ccc(O)cc2C1,7.852016448974609,8.869157791137695,8.360587120056152
Oc1[nH]cc2ccc(OCCCCN3CCN(c4cccc5cccc(F)c45)CC3)cc12,8.384243965148926,8.055950164794922,8.220097064971924
CC#CC1(O)CCC2C3CCC4=Cc5oncc5CC4(C)C3CCC21C,5.278155326843262,6.348775863647461,5.813465595245361
N#Cc1ccccc1N1CCN(CCCCN2CCCc3ccccc3C2=O)CC1,7.386999130249023,7.6922197341918945,7.539609432220459
CCCN(CCN1CCN(c2cccc3c2OCCO3)CC1)C1Cc2ccc(O)cc2C1,7.666917324066162,8.559700965881348,8.113309144973755
CCCN(CCN1CCN(c2ccccc2OC)CC1)C1CCc2ccc(O)cc2C1,7.815720081329346,8.517810821533203,8.166765451431274
O=C(NCC1CCc2cc(CCN3CCN(c4nsc5ccccc45)CC3)ccc21)c1ccc(F)cc1F,7.234172344207764,6.887303352355957,7.06073784828186
O=C(NCCN1CCN(C2CCc3ccccc3C2)CC1)c1cccc2ccccc12,6.829456806182861,6.194201469421387,6.511829137802124
CNC1CCC(c2cccc(CCN3CCN(c4cccc5nc(O)ccc45)CC3)c2)C1,7.515560150146484,7.16855001449585,7.342055082321167
Cc1ccc2c(N3CCN(CCc4cccc(OCCCCCCCCS(=O)(=O)NCCc5ccccc5)c4)CC3)cccc2n1,7.401569366455078,7.179028034210205,7.290298700332642
Fc1ccc2[nH]cc(CCCCN3CCN(c4ccccc4)CC3)c2c1,7.548709392547607,7.255484580993652,7.40209698677063
CCN1CCN(C2Cn3cccc3Sc3ccc(F)cc32)CC1,8.352453231811523,7.737476825714111,8.044965028762817
O=C(CCCN1C2CCC1CC(O)(c1ccc(Cl)cc1)C2)c1ccc2c(c1)OCO2,7.467391014099121,8.043355941772461,7.755373477935791
Oc1ccc2c(c1)OC(CNCCCNc1cccc3ccccc13)CC2,8.495964050292969,8.069519996643066,8.282742023468018
Oc1[nH]cc2ccc(OCCCN3CCN(c4cccc5cccc(F)c45)CC3)cc12,8.2858247756958,7.846155166625977,8.065989971160889
O=C(NCCCCN1CCN(c2cccc(Cl)c2Cl)CC1)c1cc2cc(Cl)ccc2[nH]1,7.220568180084228,9.150126457214355,8.185347318649292
CN1CCN(C2Cc3ccccc3Sc3ccc(Br)cc32)CC1,9.328142166137695,8.885320663452148,9.106731414794922
N#CC1Cc2ccc(OCCCCN3CCN(c4cccc5ccccc45)CC3)cc2OC1,8.062454223632812,7.936429977416992,7.999442100524902
CCCN(CCN1C2CCC1c1cccc(O)c1C2)C1CCc2ccc(O)cc2C1,6.480310916900635,9.304193496704102,7.892252206802368
O=C(NCC=Cc1cccc2c1CCCN2)C1CCN(CCCc2ccc(F)cc2)CC1,7.592458724975586,7.486652851104736,7.539555788040161
CCCN(CCC1CCC(NC(=O)c2cccc3[nH]ccc23)CC1)C1CCc2nc(N)sc2C1,7.314927101135254,8.67044448852539,7.992685794830322
O=C1N(CCN2CCC3(CC2)CN(c2ccccc2)CN3c2ccccc2)CCN1c1cccc(Cl)c1,8.070306777954102,7.432376861572266,7.751341819763184
CCCN(CCN1CCN(c2ccnc3ccccc23)CC1)C1CCc2ccc(O)cc2C1,7.621153831481934,8.850150108337402,8.235651969909668
NCCN1CCN(CCCCN2c3ccccc3CCc3ccc(Cl)cc32)CC1,6.523019790649414,7.292847633361816,6.907933712005615
CC(=O)Nc1cc(OCCCN2CCN(c3cc(C)cc4ccccc34)CC2)cc(C(=O)NCCN3CCN(c4ccccc4Cl)CC3)c1,6.906831741333008,8.021045684814453,7.4639387130737305
CCN(CCN1CCN(c2cccc(Cl)c2)CC1)C1CCc2ccc(O)cc2C1,7.2744293212890625,8.357507705688477,7.8159685134887695
N#Cc1cc2c(N3CCN(CCCCN4CCN(c5ccc(F)cc5)CC4)CC3)ccc(F)c2[nH]1,7.173791885375977,7.363064289093018,7.268428087234497
CCCN(CCN1CCN(c2ccccc2)CC1)C1CCc2ccc(O)cc2C1,7.061977386474609,8.358572006225586,7.710274696350098
CCN(CCN1CCN(c2ccccn2)CC1)C1CCc2[nH]c3ccc(F)cc3c2C1,6.881333827972412,7.083845615386963,6.9825897216796875
CCN1CCN(c2cccc3c2CCCC3)CC1,8.527043342590332,7.004066467285156,7.765554904937744
Oc1ccc2[nH]cc(CCCN3CCC(c4cn(-c5ccc(F)cc5)c5ccc(F)cc45)CC3)c2c1,8.348384857177734,6.246838569641113,7.297611713409424
COc1cccc(C(=O)NCCCCCN2CCN(c3cccc(Cl)c3Cl)CC2)c1,7.3378825187683105,8.273123741149902,7.8055031299591064
CN1CCN(C2Cc3ccccc3Sc3ccc(Cl)cc32)CC1,9.140546798706056,8.702610969543457,8.921578884124756
Oc1[nH]cc2ccc(OCCCCN3CCN(c4cccc5c(F)cccc45)CC3)cc12,8.423099517822266,8.137502670288086,8.280301094055176
CCCN(CCN1CCN(c2cccc3c2CCc2ccc(O(F)(F)F)cc2C3=O)C1)C1CCc2ccccc2C1,,,
CCCN(CCN1CCN(c2ccccc2OC)CC1)C1CCc2c(O)cccc2C1,8.091131210327148,8.516032218933105,8.303581714630127
CCN1CCCCC1CNC(=O)c1ccc(S(=O)(=O)NCCCCCN2CCC(c3ccc(F)cc3)(c3ccc(F)cc3)CC2)cc1,6.992082118988037,7.104792594909668,7.0484373569488525
O=C1CCc2ccc(OCCCCN3CCN(c4cccc5cccc(F)c45)CC3)nc2N1,8.669334411621094,7.364121913909912,8.016728162765503
Oc1ccc2[nH]cc(CCCCN3CC=C(c4ccccc4)CC3)c2c1,8.44819450378418,8.916884422302246,8.682539463043213
CCCN(CCN1CCN(c2cccc3c2CCCC3)CC1)C1CCc2c(O)cccc2C1,8.152770042419434,8.624879837036133,8.388824939727783
c1ccc(N2CCN(CCCCCNc3cccc4c3CCCC4)CC2)nc1,8.266927719116211,6.989873886108398,7.628400802612305
CCCN(CCN1CCN(c2cccc(Cl)c2Cl)CC1)C1CCc2c(O)cccc2C1,7.985079765319824,8.79438304901123,8.389731407165527
Oc1[nH]cc2ccc(OCCCN3CCN(c4cccc5cccc(F)c45)CC3)cc12,8.2858247756958,7.846155166625977,8.065989971160889
CN1CCC(c2cccc(Nc3ncc(Cl)c(Nc4ccc5[nH]ncc5c4)n3)c2)CC1,6.419546604156494,5.50233793258667,5.960942268371582
CCN(CCCCCN1CCN(c2ccc(OC)cc2)CC1)C1Cc2nc(-c3ccc(F)cc3)ccc2C1,6.631564140319824,7.694074630737305,7.1628193855285645
CCCN(CCN1CCN(c2ccccc2Cl)CC1)C1CCc2ccc(O)cc2C1,7.593542575836182,8.679712295532227,8.136627435684204
CCCN(CCN1CCN(c2ccccc2OC)CC1)C1CCc2c(O)cccc2C1,8.0911283493042,8.516033172607422,8.30358076095581
CN1CC2(CCN(CCCCOc3cccc4nc(C)ccc34)CC2)C1=O,6.438950061798096,6.800887584686279,6.6199188232421875
CCN(CC)CCN1CCN(c2cccc(CCCCN3CCN(c4cccc(Cl)c4Cl)CC3)c2)CC1,7.410360813140869,7.344982147216797,7.377671480178833
Oc1[nH]c(CC2CCN(CCCCCCCCN3CCN(c4ccccc4Cl)CC3)CC2)c2ccccc12,6.64562463760376,7.268088340759277,6.9568564891815186
Oc1[nH]cc2c(F)cccc12,8.835485458374023,5.495933532714844,7.165709495544434
Oc1ccc2c(NCCCN3CCN(c4ccccc4Cl)CC3)cccc2[nH]1,,,
O=C(NCCCCN1CCN(c2c3ccccc3oc2=O)CC1)c1ccc(Cl)cc1,,,
CCCN(CCN1CN=CC2c3ccccc3CCC21)C1CCc2ccc(O)cc2C1,6.192438125610352,8.146780014038086,7.169609069824219
Oc1[nH]cc2ccc(OCCCN3CCN(c4cccc5cccc(F)c45)CC3)cc12,8.2858247756958,7.846155166625977,8.065989971160889
CN1CCc2cc(CCN3CCN(c4cccc(Cl)c4)CC3)ccc2CC1,7.256231307983398,7.22994327545166,7.243087291717529
CCCN(CCN1CCN(c2ccccc2)CC1)C1CCc2ccc(O)cc2C1,7.061977386474609,8.358572006225586,7.710274696350098
Oc1[nH]cc2ccc(OCCCCN3CCN(c4cccc5cccc(C(F)(F)F)c45)CC3)cc12,8.380586624145508,7.549561500549316,7.965074062347412
CCCN(CCCCN1CCN(c2cccc(Cl)c2Cl)CC1)C1CCc2cn(-c3cccc(F)c3)c3ccccc23,,,
COc1ccccc1N1CCN(CCCCN2CCN(c3ccccc3C(=O)NCC3CCCCC3)CC2=O)CC1,7.648420810699463,8.160110473632812,7.904265642166138
O=C(NCCCCN1CCN(c2nsc3ccccc23)CC1)c1cccc2ncccc12,7.265435695648193,8.264191627502441,7.764813661575317
CC1CN(CCCOc2cccc(Cl)c2)CCN1CCC1=O,,,
N#Cc1cccc(CN2CCN(CCCCN3CCN(c4cccc(Cl)c4Cl)CC3)CC2)c1,6.740336418151856,8.103452682495117,7.421894550323486
O=C(CCCN1CCN(c2cccc(Cl)c2Cl)CC1)c1ccc2ccccc2c1,7.623153686523437,8.152107238769531,7.887630462646484
Cc1ccoc1-c1nnc(CN2CCC3(CCc4c(ccc(C#N)n4)O3)C2)n1C,5.341188907623291,6.229238510131836,5.7852137088775635
CCCN(CCN1CCN(c2cccc3ccoc23)CC1)C1CCc2c(O)cccc2C1,8.249430656433105,8.883919715881348,8.566675186157227
Oc1ccc2ccc(N3CCN(Cc4ccccc4)CC3)nc2c1,7.01144552230835,6.896280288696289,6.953862905502319
Oc1ccc(N2CCN(CCCCCCN3CCN(c4ccccc4Cl)CC3)CC2)cc1,7.2881011962890625,7.743121147155762,7.515611171722412
CCN(CC(CCN1CCN(c2ccccc2OC)CC1)c1cccc2ccccc12)C1CCc2ccc(O)cc2C1,8.015674591064453,7.902853012084961,7.959263801574707
O=C(NCCCN1CCN(c2cccc(Cl)c2Cl)CC1)c1ccc(-c2ccccc2)cc1,6.735816478729248,7.462379455566406,7.099097967147827
O=C1N(CCN2CCC3c4ccccc4CCN3CC2)CCN1c1ccc2ccccc2c1,6.128748893737793,6.342643737792969,6.235696315765381
N#Cc1ccc2[nH]cc(CCCCN3CCN(c4ccc5c(c4)CCCN5)CC3)c2c1,7.5107221603393555,6.810596466064453,7.160659313201904
Oc1c(C(NCCCN2CCN(c3cccc(Cl)c3Cl)CC2)-c2ccccn2)ccc2cccnc12,6.325777053833008,6.5002617835998535,6.413019418716431
Oc1ccc2[nH]cc(CCCCN3CC=C(c4ccccc4)CC3)c2c1,8.44819450378418,8.916884422302246,8.682539463043213
CCCN(CCN1CCN(c2cccc3ccccc23)CC1)C1CCc2ccc(O)cc2C1,7.852016448974609,8.869157791137695,8.360587120056152
N#CN1CCCC1CN1CCN(c2cccc3ccccc23)CC1,7.428859710693359,7.499040603637695,7.463950157165527
COc1ccc2[nH]cc(C3CCN(CCc4cccc(I)c4)CC3)c2c1F,7.903075218200684,6.620872974395752,7.261974096298218
CN1CCc2cccc3c2Cc2cccc(c23)CCCN3,,,
CCN1CCCCC1CNC(=O)c1c(OC)ccc(Br)c1OC,6.985568523406982,7.9097490310668945,7.4476587772369385
Fc1ccccc1N1CCN(CCCCc2cccc3ccccc23)CC1,7.295950889587402,7.092854499816895,7.194402694702148
Cc1ccc2c(N3CCN(CCCCc4ccccc4C)CC3)cccc2[nH]1,,,
O=C(Nc1ccc(CCN2CCN(c3ccccc3)CC2)cc1)C1CCC1,6.753867149353027,6.4396562576293945,6.596761703491211
CCCN(CCN1CCN(c2ccccc2OC)CC1)C1CCc2ccc(O)cc2C1,7.815720081329346,8.517810821533203,8.166765451431274
OCCCCN1CCN(C2Cc3ccccc3Sc3ccc(F)cc32)CC1,7.630048274993896,7.68092155456543,7.655484914779663
COc1ccc2c(c1OCCCNCC1Cc3ccc(O)cc3CCC1)Cc1c[nH]c2ccccc12,,,
Oc1c2c(nc3cc(I)ccc13)CCNCC2,7.157837867736816,6.868021488189697,7.012929677963257
O=C(NCCCCN1CCN(c2cccc(Cl)c2Cl)CC1)c1cnc2ccccc2n1,7.033596515655518,8.866827011108398,7.950211763381958
CCCN(CCCCCCN2CCC(c3ccccc3OC)CC2)C1CCc2c(F)cccc2C1,7.382898330688477,6.802379608154297,7.092638969421387
O=C(NCCCCN1CCN(c2cccc(Cl)c2Cl)CC1)c1cccc2c1CCN2CCC1CCC2,,,
CCCN(CCN1CCN(c2ccccc2Cl)CC1)C1CCc2c(O)cccc2C1,7.839865684509277,8.609074592590332,8.224470138549805
CCCN(CCN1CCN(c2cccc(Cl)c2Cl)CC1)C1CCc2ccc(O)cc2C1,7.754941463470459,8.884286880493164,8.319614171981812
CC(C)COc1ccccc1N1CCN(CCCNC(=O)c2ccc(F)cc2)CC1,7.122508525848389,6.990253925323486,7.0563812255859375
COc1ccccc1N1CCN(CCCCNC(=O)c2ccc3ccccc3c2)CC1,7.298825263977051,8.823209762573242,8.061017513275146
Oc1[nH]cc2ccc(OCCCN3CCN(c4cccc5cccc(F)c45)CC3)cc12,8.2858247756958,7.846155166625977,8.065989971160889
CCCc1c(OCCCN)CCN1c2ccccc2Sc2ccc(F)cc21,,,
Oc1ccc2[nH]cc(CCCCN3CC=C(c4ccccc4)CC3)c2c1,8.44819450378418,8.916884422302246,8.682539463043213
NCC1Cc2cccc(OCCCN3CCN(c4cccc(Cl)c4Cl)CC3)c2OC1,7.193230152130127,8.097237586975098,7.645233869552612
CCCN(CCN1CCN(c2cccc(Cl)c2Cl)CC1)C1CCc2nc(N)sc2C1,7.469848155975342,8.901445388793945,8.185646772384644
CC1c2ccccc2N1CCN1CCN(CCCCc2c[nH]c3ccc(C(C)(C)C)cc23)CC1,6.890915870666504,6.888198852539063,6.889557361602783
CN1CCCCC1CN1CCN(c2cccc(Cl)c2Cl)CC1,6.984868049621582,7.85244083404541,7.418654441833496
O=C1C2CCCCN2C(=O)N1CCCCNCC1CCc2ccccc2O1,8.1886625289917,7.370901107788086,7.779781818389893
CN1CCCN(CCCOc2ccc3[nH]cc(C#N)c3c2)CC1,5.87677812576294,6.250519752502441,6.06364893913269
OC1(c2ccc(F)cc2)CC2CCC(C1)N2Cc1coc2ccccc12,7.858871936798096,8.073592185974121,7.966232061386108
Oc1[nH]cc2ccc(OCCCN3CCN(c4cccc5cccc(F)c45)CC3)c(F)c12,8.132925987243652,7.728168487548828,7.93054723739624
CCN(CCCC1CC2CCC(OCCN3CCN(c4cccc(Cl)c4Cl)CC3)CC2(C)C1)C(=O)O,6.996039390563965,7.1796159744262695,7.087827682495117
CCCN(CCN2CCN(c3ccccc3OC)CC2)C12CCC3CC(CC(CCC)(O3)C1)C2,6.750090599060059,7.482061386108398,7.1160759925842285
O=Cc1cn[nH]c1N1CCN(CCCCN2CCC(c3ccccc3C(F)(F)F)CC2)CC1,7.263586521148682,6.64056921005249,6.952077865600586
COc1ccccc1N1CCN(CCCCc2ccccc2)CC1,7.911136627197266,7.437552452087402,7.674344539642334
COc1cccc(N2CCN(C3CCC(c4cccc5ccccc45)CC3)CC2)c1,6.337581157684326,6.736502170562744,6.537041664123535
Oc1ccc2c(c1)OC(CNCc1cccc3[nH]ccc13)CC2,9.143584251403809,8.0404691696167,8.592026710510254
O=C(NCCCCN1CCN(c2cccc(Cl)c2Cl)CC1)c1cc2ccccc2cn1,6.880761623382568,9.034921646118164,7.957841634750366
CCCN1CCC2Cc3ccc(O)cc3CC2C1,6.772465705871582,8.21934986114502,7.495907783508301
Oc1[nH]c2ccc(F)cc2c1CCCCN1CCN(c2cccc3ccccc23)CC1,8.035866737365723,7.975886821746826,8.005876779556274
CN1CCN2c3ccccc3Cc3ccccc3C2C1,6.133472442626953,6.2086992263793945,6.171085834503174
Oc1ccc2c(c1)OCCN1CCN(CCCc3ccc(F)cc3)CC1,,,
Cc1ncoc1-c1nnc(SCCCN2CC3CCC2C3)n1C,6.025991916656494,8.030776977539062,7.028384447097778
Cc1ncc(CN2CCN(c3ccccc3F)CC2)n1C1CC1,5.807247161865234,6.139910697937012,5.973578929901123
CCCN(CCN1CCN(c2ccccc2O)CC1)C1CCc2c(O)cccc2C1,7.960699081420898,9.054028511047363,8.50736379623413
O=C1N(CCN2CCCC3(CCc4ccccc4Cc4cccc(CCN5CCN(c6ccccc6Cl)CC5)c43)C2)CCN1Br,6.086465835571289,6.552440643310547,6.319453239440918
CN1CCN(c2cccc3c2Cc2ccccc2C3)CC1,7.2305145263671875,7.227550506591797,7.229032516479492
Oc1ccc2[nH]cc(CCN3CCN(c4cccc5sccc45)CC3)c2c1,8.907167434692383,7.547421455383301,8.227294445037842
Oc1cccc(N2CCN(CCCCNc3ccccc3-c3ccccc3)CC2)c1,8.016762733459473,8.116828918457031,8.066795825958252
COc1ccccc1N1CCN(CCCCNC(=O)c2cccs2)CC1,7.739991188049316,8.748876571655273,8.244433879852295
O=CC1CN(CCCCN2CCN(c3ccccc3I)CC2)C1,6.359273433685303,6.505245208740234,6.4322593212127686
O=C(c1ccccc1)C(CCN1CCN(c2cccc(Cl)c2Cl)CC1)c1ccc2ccccc2c1,6.214990139007568,6.554977893829346,6.384984016418457
CCN(CC)CCCN1c2ccccc2Sc2ccc(F)cc21,6.7715253829956055,6.239799976348877,6.505662679672241
CN1CCc2cc(-c3c(Cl)cccc3F)ccc2C1,7.532780170440674,6.325014114379883,6.928897142410278
OC1(c2ccc(F)cc2)CCN(CCCOc2ccc(Cl)c3c2CCNCC3)CC1,7.279101371765137,7.21312952041626,7.246115446090698
CCCN(CCN1CCN(c2cccc3ccccc23)CC1)C1CCc2ccc(O)cc2C1,7.852016448974609,8.869171142578125,8.360593795776367
Oc1[nH]cc2ccc(OCCCN3CCN(c4cccc5cccc(F)c45)CC3)cc12,8.2858247756958,7.846155166625977,8.065989971160889
CCCN(CCN1C2CCC1c1cccc(OC(=O)CCCCCCCCN2CCN(c3cccc(Cl)c3Cl)CC2)c1)C1CCc2cc(O)ccc2C1,,,
NCCCN1CCCC1CCOCCCOc1cccnc1,5.517667293548584,6.539420127868652,6.028543710708618
CCN1CCN(c2ccc(C(=O)NCCc3ccc(Cl)cc3)cc2)CC1,5.641940593719482,6.25537633895874,5.948658466339111
CN1CCN(C2Cc3ccccc3Sc3ccc(Cl)cc32)CC1,9.140546798706056,8.702611923217773,8.921579360961914
O=C(NCCCCN1CCN(c2cccc(Cl)c2Cl)CC1)c1ccc(I)cc1,7.461658000946045,8.996889114379883,8.229273557662964
Clc1ccc2c(CCN3CCN(c4ncccn4)CC3)c[nH]c2c1,6.717010974884033,5.982210159301758,6.3496105670928955
COc1ccccc1N1CCN(CCCCNC(=O)c2ccc(C=Cc3ccccc3)cc2)CC1,6.847085952758789,8.768268585205078,7.807677268981934
N#Cc1ccccc1N1CCN(CCCCNc2ccccc2C(=O)CCc2ccccc2)CC1,8.08265209197998,7.167496681213379,7.62507438659668
Oc1[nH]cc2cc(F)c(OCCCN3CCN(c4cccc5ccccc45)CC3)cc12,8.03945255279541,8.071406364440918,8.055429458618164
Oc1ccc(N2CCN(CCCCCN3c4ccccc4CCc4ccc(O)cc43)CC2)cc1Cl,7.825900554656982,7.632054328918457,7.72897744178772
C#Cc1cccc(CN2CCN(CCCCN3CCN(c4cccc(Cl)c4Cl)CC3)CC2)c1,6.731510162353516,8.00075912475586,7.3661346435546875
CN1CCN(c2cccc3ccccc23)CC1,7.877086639404297,6.819706439971924,7.34839653968811
C(=Cc1ccccc1)CN1CCN(CCCc2c[nH]c3ccc(-n4cnnc4)cc23)CC1,6.8061628341674805,6.640419483184815,6.7232911586761475
CN1CCN(C2CN3c4ccccc4Sc4ccc(CCNC(=O)CCCCCCCNC(=O)c5n[nH]c6ccc(C(F)(F)F)cc56)cc43)CC2)CC1,,,
Oc1cc2c(OCCNCCCc3ccccc3)ccc(OCCCCNCCc3ccccc3)c2[nH]1,7.652005672454834,7.463856220245361,7.557930946350098
O=C1N(CCN2C3CC2CCC2CCC3)CCN1c1cccc(Cl)c1,,,
O=C1N(CCN2C3CCC2CCC3)CCN1c1cccc(Cl)c1,7.5251617431640625,8.593523025512695,8.059342384338379
CN1CCN(C2=Cc3ccccc3Oc3ccc(Cl)cc32)CC1,7.99347448348999,7.783572196960449,7.88852334022522
COc1ccccc1N1CCN(CCCCN2CC=C(c3ccccc3OC)CC2)CC1,7.706871032714844,8.366661071777344,8.036766052246094
CN1CCN(C2Cc3ccccc3Sc3ccc(F)cc32)CC1,9.00782871246338,8.473591804504395,8.740710258483887
CCCN1CC(Cn2cc(Cl)cn2)C2Cc3c(O)cccc3CC21,7.769971370697021,8.367512702941895,8.068742036819458
N#Cc1cccc(N2CCN(CCCCN3CCN(c4cccc(Cl)c4Cl)CC3)CC2)c1,7.753050804138184,8.500090599060059,8.126570701599121
CN1CCc2cccc3c2CC1Cc1ccc(O)c(O)c1-3,8.138751029968262,7.791826248168945,7.9652886390686035
COc1ccccc1N1CCN(CCCC2CCCOc3ccccc3C2=O)CC1,7.190285682678223,7.502920150756836,7.346602916717529
Oc1nc2c(OCCCNCCCl)cccc2[nH]1,7.47374153137207,7.858393669128418,7.666067600250244
C=Cc1cc2[nH]c(O)c(CCN3CCN(c4cccc5occc45)CC3)c2cc1Cl,7.741739273071289,7.813418388366699,7.777578830718994
N#Cc1ccc2[nH]cc(CCN3CCC(c4cccc(C(N)=O)c4)CC3)c2c1,7.471477508544922,6.050111293792725,6.760794401168823
Oc1[nH]cc2cc(F)c(OCCCN3CCN(c4cccc5cc[nH]c45)CC3)cc12,8.4572172164917,8.096046447753906,8.276631832122803
CCCN(CCN1CCN(c2cccc3ccccc23)CC1)C1CCc2ccc(O)cc2C1,7.852016448974609,8.869171142578125,8.360593795776367
O=C(NCCCCN1CCN(c2ccc(Cl)cc2Cl)CC1)c1cc2ccccc2cn1,6.283926486968994,8.591763496398926,7.43784499168396
c1ccc(OCCNCC2CCC(c3ccccc3)(c3ccccc3)CC2)c1,,,
CCCN(CCN1CCN(c2ccccc2)CC1)C1CCc2c(O)cccc2C1,7.368458271026611,8.235482215881348,7.8019702434539795
Oc1[nH]cc2cc(F)c(OCCCCN3CCN(c4cccc5ccccc45)CC3)cc12,8.182527542114258,8.29554557800293,8.239036560058594
CCCN(CCN1CCN(c2ccccn2)CC1)C1CCc2ccc(O)cc2C1,6.907680988311768,8.235179901123047,7.571430444717407
O=C(NC1CCN(CCCCc2c[nH]c3ccc(-n4cnnc4)cc23)CC1)c1ccccc1F,7.478137016296387,7.059693336486816,7.268915176391602
COc1ccccc1N1CCN(CCCCCNC(=O)c2ccc(-c3ccccc3)cc2)CC1,7.33394718170166,8.05323600769043,7.693591594696045
CCCN(C)C(=O)NCCCCCCCN1CCN(c2nsc3ccccc23)CC1,7.456503391265869,6.560121536254883,7.008312463760376
Cc1cc(CCCN2CCN(c3cccc(Cl)c3Cl)CC2)no1,6.763308525085449,6.754059314727783,6.758683919906616
CCCCN(CCN1CCN(c2ccccc2OCCF)C1=O)C1CCc2ccc(O)cc2C1,8.044303894042969,7.74366569519043,7.893984794616699
NCCCN1c2ccccc2CCc2ccccc21,5.733658790588379,6.47965669631958,6.1066577434539795
O=C(NCCCCN1CCN(c2noc3ccccc23)CC1)c1ccc(F)cc1,6.927073955535889,8.173605918884277,7.550339937210083
Oc1[nH]cc2ccc(OCCCN3CCN(c4cccc5cccc(F)c45)CC3)cc12,8.2858247756958,7.846155166625977,8.065989971160889
NCCN1CCN(C2Cc3ccccc3Sc3cc(F)ccc32)CC1,7.984360694885254,7.749459266662598,7.866909980773926
C=CCN1CCN2c3ccccc3CCc3ccc(F)cc3C2C1,7.125344276428223,6.534419059753418,6.82988166809082
OC1(c2ccc(F)cc2)CC2CCC(C1)N2Cc1coc2ccc(F)cc12,8.266895294189453,8.575322151184082,8.421108722686768
C1=C(c2ccc3ccccc3c2)CCN(CCCCc2c[nH]c3ccc(F)cc23)C1,7.776484966278076,8.118782043457031,7.947633504867554
CCCN(CCN1CCN(c2cccc(Cl)c2Cl)CC1)C1CCc2ccc(O)cc2C1,7.754941463470459,8.884286880493164,8.319614171981812
Oc1[nH]cc2cc(F)c(OCCCN3CCN(c4cccc5cccc(F)c45)CC3)c(F)c12,7.736174583435059,7.523171424865723,7.629673004150391
Cc1ccc2c(N3CCN(CCc4cccc5c4ccc(=O)n5C)CC3)cccc2[nH]1,,,
Oc1[nH]cc2ccc(C#CCCN3CC=C(c4ccccc4)CC3)cc12,8.481510162353516,8.099589347839355,8.290549755096436
Oc1ccc2c(c1)OC(CNCCCN1CCN(c3cc4ccccc4o3)CC1)CC2,8.573057174682617,8.230642318725586,8.401849746704102
N1CCN(CCN2CCC(c3ccc4ccccc4c3)CC2)CC1c1ccccc1,6.278022766113281,5.780444145202637,6.029233455657959
COc1ccccc1N1CCN(CCCCNC(=O)C=Cc2cccc3c2cccn3C)CC1,,,
NCCCN(CCN1CCN(c2cccc3cc(Cl)ccc23)CC1)c1ccc(Cl)c(Cl)c1,7.019735813140869,7.22840690612793,7.124071359634399
Clc1cccc(N2CCN(CCCCOc3ccc4[nH]c(CCN5CCCC5)nc4c3)CC2)c1Cl,7.908793449401855,8.324342727661133,8.116568088531494
O=C(CC1CCCCN1CCN(c2cccc(C(F)(F)F)c2)C1=O)NCC1CC1,,,
COc1ccccc1N1CCN(CCCCCNC(=O)c2cccc3ccccc23)CC1,7.284329414367676,7.609278202056885,7.44680380821228
CCN(CCN1CCN(c2ccccc2)CC1)c1ccc(N(C)C)cc1,6.154151916503906,6.547107696533203,6.350629806518555
O=C(NCCCCN1CCN(c2cccc(Cl)c2Cl)CC1)c1cnc2ccccc2c1,7.251877784729004,9.041850090026855,8.14686393737793
O=C(NCCCCN1CCC(c2cccc(Cl)c2Cl)CC1)c1ccc(F)cc1,7.098371982574463,7.626895427703857,7.36263370513916
Cc1ccc2c(N3CCN(CCc4cccc(N5CCCC5=O)c4)CC3)cccc2[nH]1,,,
O=C(N1CCN(CCN2CC=C(c3cccc(C(F)(F)F)c3)CC2)CC1)C1CCC1,6.889274597167969,8.150428771972656,7.5198516845703125
CC1CN(CCCNC(=O)c2c(Br)cccc2I)CCN1CCN1CCN(c2cccc(C#N)c2)CC1,6.272249221801758,7.014060497283936,6.643154859542847
CCN1CCN(CCCCCN2c3ccccc3CCc3ccc(Cl)cc32)CC1,7.097806930541992,6.786816596984863,6.942311763763428
O=C1Cc2ccccc2N1CCCCN1CCN(c2cccc3ccc(O)cc23)CC1,8.11359691619873,8.304516792297363,8.209056854248047
O=C(NC1CC(CCN2CCN(c3ccccc3Cl)CC2)CC1=O)CC1CCC1,7.343276023864746,8.455259323120117,7.899267673492432
O=C(NC1CCC(CCN2CCN(c3cccc(Cl)c3Cl)CC2)CC1)c1ccc(Cl)cc1,7.791466236114502,8.650922775268555,8.221194505691528
COc1ccccc1N1CCN(CCCCNC(=O)C=Cc2ccc(CCCN3CCN(c4ccccc4OC)CC3)cc2)CC1,7.985864162445068,8.527633666992188,8.256748914718628
COc1ccccc1N1CCN(CCCCNC(=O)C=Cc2ccc(I)cc2)CC1,7.704533576965332,8.922246932983398,8.313390254974365
CCCN(CCN1CCN(c2cncc3sccc23)CC1)C1COc2ccc(O)cc2C1,7.5866193771362305,8.827417373657227,8.207018375396729
O=C(NCC=CCN1CCN(c2cccc(Cl)c2Cl)CC1)c1ccc2c(c1)Cc1ccccc1-2,7.115996837615967,8.623013496398926,7.869505167007446
O=C1CCc2ccc(OCCCCN3CCN(c4cccc(Cl)c4Cl)CC3)nc2N1,8.820858001708984,7.946710586547852,8.383784294128418
Cc1nc(-c2ccccc2N2CCN(CCCc3c[nH]c4ncccc34)CC2)cc(Cl)c1Cl,6.770023345947266,6.987639904022217,6.878831624984741
CCN1CCCCC1CNC(=O)c1ccc(N2CCC3(CC2)Cc2ccccc23)cc1,6.631180763244629,6.803967475891113,6.717574119567871
CN(CCC1CCC2Cc3[nH]ncc3CC12CCC1)C1CCc2ccc(O)cc2C1,,,
Cc1ccc2c(N3CCN(CCc4cccc5c4OCC(=O)N5C)CC3)cccc2n1,6.850943088531494,6.639899730682373,6.745421409606934
CN1CC(CN2CCC(c3ccc(F)cc3)CC2)C2c3cccc4[nH]cc(c34)CC21,7.84662389755249,6.161463260650635,7.0040435791015625
Oc1[nH]c2cccc(OCCCN3CCN(c4cccc5cccc(F)c45)CC3)c2o1,,,
CCCN1CCc2cccc3c2C1Cc1ccc(O)c(O)c1-3,8.10791015625,8.435409545898438,8.271659851074219
COc1cccc(CCCNCCOc2cccc3[nH]ccc23)c1,7.310919284820557,7.313058853149414,7.311989068984985
COc1ccccc1N1CCN(CCCCCNC(=O)c2cccc3ccccc23)CC1,7.284329414367676,7.609278202056885,7.44680380821228
O=C1N(CCN2CC=C(c3ccc(F)cc3)CC2)CCN1c1cccc(Cl)c1,7.9259748458862305,7.9133100509643555,7.919642448425293
O=C(NCCCCN1CCN(c2cccc(Cl)c2Cl)CC1)c1ccc(-c2cccc(F)c2)cc1,7.123094081878662,8.84348201751709,7.983288049697876
CCC(=N[SH](C)(=O)O)c1cc2c(cc1Cl)CCC2,8.005522727966309,7.853617668151855,7.929570198059082
Cc1cccc(CCN2CCN(c3cncc4ccc(C#N)cc34)CC2)c1,6.731168270111084,6.71953821182251,6.725353240966797
COC(=O)c1ccccc1N1CCN(CCCCC(=O)c2cc3ccccc3[nH]2)CC1,7.890015602111816,7.278609275817871,7.584312438964844
Cc1c(CCN(CCCCCCCCCN2CCN(c3cccc4ccccc34)CC2)CC2CCCCC2)cnn1-n1ccnc1,7.09275484085083,7.11566162109375,7.10420823097229
OC1(c2ccc(Cl)cc2)CC2CCC(C1)N2Cc1coc2ccccc12,7.902397632598877,8.243313789367676,8.072855710983276
Oc1[nH]cc2ccc(OCCCCN3CCN(c4cccc5ccc(F)cc45)CC3)cc12,8.426007270812988,8.227441787719727,8.326724529266357
Cc1cc(OCCCN2CCN(c3cccc4ccccc34)CC2)cn1C,7.309459209442139,7.495255947113037,7.402357578277588
Cc1ncoc1-c1nnc(SCCCN2CC3CC3(c3ccc(C(F)(F)F)cc3)C2)n1C,6.68971061706543,8.816180229187012,7.752945423126221
N#Cc1ccc2cc(CCN3CCN(c4cccc5nc(-c6ccccc6)ccc45)CC3)ccc2c1,7.063443183898926,7.271788597106934,7.16761589050293
O=C(NCCCCN1CCN(c2cccc(Cl)c2Cl)CC1)c1ccc(O)cc1,7.990029335021973,9.562252044677734,8.776140689849854
CCN1CCC(c2ccccc2)CC1,6.159050464630127,4.893406391143799,5.526228427886963
O=C(NC1CC(CO)CC1NC(=O)c1cccc2c1CCCC2)C1CCC1,6.885783672332764,7.437530040740967,7.161656856536865
CN1CCN(C2Cn3cccc3Sc3ccc(F)cc32)CC1,8.455343246459961,8.19658088684082,8.32596206665039
CN1CCN(C2Cc3ccccc3Sc3ccc(Cl)cc32)CC1,9.140546798706056,8.702611923217773,8.921579360961914
O=C(NCC=CCN1CCN(c2cccc(Cl)c2Cl)CC1)c1cccc2c1-c1ccccc1C2=O,6.881508827209473,8.276203155517578,7.578855991363525
C=C1CN(C2CCC(C)(C)CC2)CCN1CCC1CCOCC1,4.881413459777832,6.7447357177734375,5.813074588775635
N#Cc1ccc2[nH]cc(CCCCN3CCN(c4ccc5[nH]c(C(N)=O)cc5c4)CC3)c2c1,7.32735538482666,7.564929962158203,7.446142673492432
CCCN(CCN1CCN(c2cccc3ccccc23)CC1)C1CCc2ccc(O)cc2C1,7.852016448974609,8.869171142578125,8.360593795776367
Oc1c(F)cc(F)cc1OCCCCNCC1CCc2ccccc2O1,9.03647232055664,8.154373168945312,8.595422744750977
Oc1[nH]c2ccc(OCCCNCC3CCc4ccc(O)cc4O3)cc2OCC1,,,
Oc1[nH]cc2ccc(OCCCCN3CCN(c4cccc5c4CCO5)CC3)cc12,8.684661865234375,8.286502838134766,8.48558235168457
CCN(Cc1ccccc1)C1CCc2ccc(OCCCN3CCN(c4ccccc4C(=O)NCC4CCCN(CCCCCN=C(NCC)c4ccccc4Cl)CC3)cc2C1,,,
CCCN(CCN1CCN(c2ccccc2)CC1)C1CCc2ccc(O)cc2C1,7.061977386474609,8.358572006225586,7.710274696350098
O=C1N(CCN2CCC(C(F)(F)F)CC2)CCN1c1cccc(C(F)(F)F)c1,6.8798017501831055,8.472172737121582,7.675987243652344
CCc1cc(N2CCN(CCCCN3CCN(c4cccc(Cl)c4Cl)CC3)CC2)ccc1S(=O)(=O)NCC,7.066463470458984,8.161041259765625,7.613752365112305
N#Cc1ccc2[nH]c(CCCN3CCN(c4cccc5ccccc45)CC3)cc2c1,7.728536605834961,7.172161102294922,7.450348854064941
CC(C)c1cccc(CN2CCN(CCCCNc3ccc(F)cc3Cl)CC2)c1,6.909024715423584,6.789769172668457,6.8493969440460205
COc1ccccc1N1CCN(CCCN(CCCCCCCN2CCN(c3ccccc3OC)CC2)CC1,,,
O=C1NN(CCCCN2CCN(c3cccc(Cl)c3Cl)CC2)CCN1c1cc(Cl)ccc1F,7.832286834716797,8.760435104370117,8.296360969543457
CN1CCN(C2Cn3cccc3Sc3ccc(Cl)cc32)CC1,8.645715713500977,8.372458457946777,8.509087085723877
C1=C(c2c[nH]cn2)CCN(CCCOc2ccc(C3=CCC(N4CCN(c5ccccc5OCC4)CC3)cc2)CC1,,,
Oc1c2c(OCCNCCCN3CCN(c4ccnc5ccccc45)CC3)cccc2[nH]1,,,
CN1CCN(C2Cc3ccccc3Sc3ccc(Cl)cc32)CC1,9.140546798706056,8.702610969543457,8.921578884124756
CN1CCc2c(cccc2C2CCCCCC2)C1,5.997878551483154,5.948276996612549,5.973077774047852
CCCN1CCCC2Cc3nc(C)ccc3CCC21,6.686051845550537,7.063126564025879,6.874589204788208
O=C(NCC=CCN1CCN(c2cccc(Cl)c2Cl)CC1)c1cc2ccccc2s1,7.323400497436523,8.93916130065918,8.131280899047852
CCCN(CCN1CCN(c2ccc3[nH]ccc3c2)CC1)C1CCc2ccc(O)cc2C1,7.211019039154053,8.363239288330078,7.787129163742065
CSc1ccccc1N1CCN(CCCCc2cc(-c3ccccc3)[nH]n2)CC1,8.304161071777344,7.918537139892578,8.111349105834961
CCCN(CCN1CCN(c2cc(-c3ccccc3)ccc2C#N)CC1)C1CCc2nc(N)sc2C1,7.457736015319824,8.696858406066895,8.07729721069336
Cc1ccc2c(N3CCN(CCc4cccc(-c5ccccc5)c4)CC3)cccc2n1,7.434859752655029,7.006354808807373,7.220607280731201
CN1CCN(c2nccnc2NCCOc2cccc3ccc(OCCF)cc23)CC1,6.954486846923828,6.39324426651001,6.673865556716919
O=C1N(CCN2CCN(c3cccc(Cl)c3Cl)CC2)CCN1c1c[nH]c2ccccc12,7.34832239151001,7.445120811462402,7.396721601486206
O=C(NCCCCN1CC=C(c2cccs2)CC1)c1cccc2ccccc12,6.647004127502441,8.767534255981445,7.707269191741943
N#Cc1cccc(NC2CCC(N3CCN(c4ccccc4OCCF)CC3)CC2)c1,7.6860671043396,7.767029762268066,7.726548433303833
CN1CCN(C2CC(c3ccc(F)cc3)c3ccc(Cl)cc32)CC1(C)C,7.741886615753174,7.0761308670043945,7.409008741378784
Oc1[nH]cc2ccc(OCCCCN3CCN(c4cccc5cccc(Cl)c45)CC3)cc12,8.276416778564453,8.217445373535156,8.246931076049805
Cc1cc(N2CCN(CCCCN3C=CC(=O)CC=C3)CC2)ccc1F,7.037548065185547,7.716207981109619,7.376878023147583
C(=Cc1cnn(CC2CCN(C3CCOCC3)CC2)c1)c1c[nH]c2ccccc12,5.152435779571533,5.837718963623047,5.49507737159729
COc1ccccc1N1CCN(CCCCCCN2CCCc3cc(-c4ccccc4)ccc3C2=O)CC1,7.709704399108887,7.739298343658447,7.724501371383667
CN1CCN(C2Cc3ccccc3Sc3ccc(F)cc32)CC1,9.00782871246338,8.473590850830078,8.740709781646729
Cc1cccc(N2CCN(CCCCNC(=O)CC3CCCCC3)CC2)c1C,7.535900115966797,7.99683952331543,7.766369819641113
CCCN(CCN1CCN(c2cccc3ccccc23)CC1)C1CCc2c(O)cccc2C1,8.05475902557373,8.830840110778809,8.44279956817627
Oc1ccc2[nH]cc(CCN3CCN(c4ccccc4Cl)CC3)c2c1,8.475394248962402,7.027267932891846,7.751331090927124
N#Cc1ccccc1N1CCN(CCCCNC(=O)C=Cc2ccc3c(c2)CN(C(=O)CCCN2CCC(c3ccc(F)cc3)CC2)CC1,,,
NCC1c2ccccc2Cc2ccccc21,4.363086700439453,5.49867057800293,4.930878639221191
COc1ccccc1N1CCN(CCCCc2ccc3c(c2)sc(=O)n3CCCN2CCC(=C(c3ccc(F)cc3)c3ccc(F)cc3)CC2)CC1,7.537535667419434,7.854021072387695,7.6957783699035645
CCOc1ccc(I)cc1S(=O)(=O)NCCCCN1CCN(c2nsc3ccccc23)CC1,8.078746795654297,8.36144733428955,8.220097064971924
COc1ccccc1N1CCN(CCCCNC(=O)c2cc3ccc2-c2ccccc2)CC1,,,
Cc1cn(C2CCN(CCCCc3c[nH]c4ccc(F)cc34)CC2)c2cccc(O)c12,7.451081275939941,6.648061752319336,7.049571514129639
CCCN(CCN1CCN(c2cccc3ccccc23)CC1)C1CCc2ccc(O)cc2C1,7.852016448974609,8.869171142578125,8.360593795776367
CCCN(CCN1CCN(c2ccccc2OC)CC1)C1CCc2ccc(O)cc2C1,7.815720081329346,8.517810821533203,8.166765451431274
COc1ccccc1N1CCN(CCCCCNC(=O)c2cc3ccccc3s2)CC1,7.497704982757568,8.281238555908203,7.889471769332886
c1ccc(C2CCN(C3CCN(c4cccc5cnccc45)CC3)CC2)cc1,6.060798645019531,5.471683502197266,5.766241073608398
CCSc1ccccc1N1CCN(CCCC(=O)c2cc3ccccc3s2)CC1,7.479842185974121,8.093328475952148,7.786585330963135
O=C(NCCCCN1CCN(c2cccc(Cl)c2Cl)CC1)c1cc2cc(Br)ccc2[nH]1,7.159351348876953,9.31516933441162,8.237260341644287
COc1ccccc1N1CCN(CCCCCNC(=O)C=Cc2cccc(OCCOCCOc3ccc(C4=CCN(CCCCN(CCCCC=NC(=O)c5ccccc5)CC4)cc3)c2)CC1,,,
Oc1ccc2c(c1)CCN(CCCCc1c[nH]c3ccc(F)cc13)C2,7.978921413421631,8.211936950683594,8.095429182052612
CCCN(CCN1CCN(c2ncc3ccccc3n2)CC1)C1CCc2ccc(O)cc2C1,6.734475135803223,8.301858901977539,7.518167018890381
O=C1NCCN1CCN1CCC(c2cccc(C(F)(F)F)c2)CC1,6.64147424697876,7.092342853546143,6.866908550262451
Cc1ccc2c(N3CCN(CCc4cccc5c4CCC(=O)N5)CC3)cccc2[nH]1,,,
CCN1CCN(C2CCC(c3cc(-c4ccc(Cl)cc4)cnc3OC)(c3ccc(F)cc3)C2)CC1,7.19270133972168,7.171934604644775,7.1823179721832275
CCN(CC)C1CCc2c(c3ccccc3n2C)C1,6.685141086578369,6.69367790222168,6.689409494400024
O=C(c1ccc2cccc(F)c2c1)C1CCCN1CCN(c2c[nH]c3ccc(F)cc23)CC1,,,
O=C(CCCN1CCN(c2cccc(Cl)c2Cl)CC1)c1cccc2c1OCC2,7.874066829681396,8.06843090057373,7.9712488651275635
O=C(NCCCCN1CCN(c2cc3ccccc3cc2CCc2ccccc2)CC1)c1ccccc1,6.16404914855957,7.636754989624023,6.900402069091797
CCN1CCN(CCCCOc2ccc3c(c2)Cc2ccc(O)cc2-3)CC1,7.5553812980651855,8.305024147033691,7.9302027225494385
C(N2CCN(CCCN3c4cccc(C(F)(F)F)c4CC3)CC2)CC1CC1CC1,,,
O=C(NCCCCCN1CCN(c2cccc(Cl)c2Cl)CC1)c1cc2cc(F)ccc2[nH]1,7.501140594482422,8.404842376708984,7.952991485595703
CCN1CCN(CCCCN2c3ccccc3Sc3ccc(F)cc32)CC1,7.471219539642334,7.816526889801025,7.64387321472168
CCCN(CCN1CCN(c2ccccc2Cc2ccc(Cl)cc2)C1=O)C1CCc2c(O)cccc2C1,7.1848344802856445,7.315117835998535,7.24997615814209
O=C1N(CCN2CCN(c3cccc(CCCCN4CCN(c5cccc(Cl)c5Cl)CC4)c3)CC2)CCN1c1ccccc1,7.687186241149902,7.734736442565918,7.71096134185791
CN1CCCCC1CNCc1cccc(C(F)(F)F)c1,5.979024410247803,7.048000335693359,6.513512372970581
Brc1cnc(N2CCN(CCC3CCC(N4CCN(c5ccccc5OCC4)CC3)CC2)c2ccccc12,,,
Oc1[nH]cc2c(OCCCCN3CCN(c4cccc5cccc(F)c45)CC3)cccc12,8.28132438659668,8.1029052734375,8.19211483001709
CCCN(CCN1CCN(c2cccc3c2-c2n[nH]c3c2CCC3)CC1)C1CCc2ccc(O)cc2C1,,,
CN1CCN(c2ccncc2NC2(CCN(CCCCc3ccccc3)CC2)C2CCCC2)CC1,6.354090213775635,6.988119125366211,6.671104669570923
O=C(Nc1ccc(N2CCN(CCCc3ccc4[nH]ccc4c3)CC2)cc1)c1ccc(F)cc1F,6.673033237457275,6.134185791015625,6.40360951423645
O=C(NCCCCN1CCN(c2cccc(Cl)c2Cl)CC1)c1ccc(F)cc1,7.551733493804932,8.872730255126953,8.212231874465942
Oc1[nH]cc2cc(F)c(OCCCN3CCN(c4cccc5cccc(F)c45)CC3)cc12,8.04649829864502,7.654010772705078,7.850254535675049
CN1CCN(C2=Nc3ccccc3Nc3ccc(Cl)cc32)CC1,6.776462078094482,6.903762340545654,6.840112209320068
COc1ccccc1N1CCN(CCCCCCCNCC(N)=O)CC1,6.581169605255127,5.9188337326049805,6.250001668930054
CCN1CCN(c2ccc(C(N)=O)cc2S(=O)(=O)NCCN2CCN(c3cccc(C)c3C)CC2)CC1,6.51228666305542,7.096777439117432,6.804532051086426
CCCN(CCN1CCN(c2cccc3c2CCC(NCC(O)c2ccccc2Cl)=3)CC1)C1CCc2ccc(O)cc2C1,,,
N1CC=CCC1CCOC1CCN(Cc2ccccc2)C1,5.144238471984863,6.486207008361816,5.81522274017334
CCCN(CCCCN1CCN(c2ccccc2OC)CC1)C1CCc2c(O)cccc2C1,8.41225814819336,8.627028465270996,8.519643306732178
CCCN(CCN1CCc2cc(OC)c(I)cc2C1)C1CCc2ccc(O)cc2C1,7.256174564361572,8.944470405578613,8.100322484970093
Oc1c2ccccc2n1CCCCN1CC=C(c2cc3ccccc3o2)CC1,,,
Oc1[nH]cc2ccc(OCCCN3CCN(c4cccc5cccc(F)c45)CC3)cc12,8.2858247756958,7.846155166625977,8.065989971160889
O=C(NCCCCN1CCN(c2cccc(Cl)c2Cl)CC1)c1ccc2ccccc2c1,7.087527751922607,9.066522598266602,8.077025175094604
COc1c(OCCF)cccc1C(=O)CCCN1CCN(c2cccc(Cl)c2Cl)CC1,7.725795269012451,8.004180908203125,7.864988088607788
CCCN(CCN1CCN(c2cccc3ccccc23)CC1)C1CCc2ccccc2C1,7.595560550689697,7.916190147399902,7.7558753490448
O=C(NCCCCN1CCN(c2cccc(Cl)c2Cl)CC1)c1cc2cc3ccccc3c2[nH]1,,,
Oc1ccc2c(c1)OC((CNCCN1CCN(c3cccc(Cl)c3Cl)CC1)CC2,,,
CCCNC1CCc2ccc(O)cc2C1,6.964727401733398,8.070892333984375,7.517809867858887
CCCN(CCC1CCC(NC(=O)c2ccc3ccccc3c2)CC1)C1CCc2nc(N)sc2C1,6.920759677886963,8.741766929626465,7.831263303756714
CN1CCCCC1CN1CCN(c2cccc(Cl)c2Cl)C1=O,7.839276313781738,8.494219779968262,8.166748046875
O=C(NCCCCN1CCN(c2cccc(Cl)c2Cl)CC1)c1ccc(F)cc1,7.551733493804932,8.872730255126953,8.212231874465942
O=C1CCc2ccc(OCCCCN3CCN(c4cccc(Cl)c4Cl)CC3)nc2N1,8.820858001708984,7.946710586547852,8.383784294128418
C=CCN1CCCC1CNC(=O)c1ccc2c(c1)CCCC2CCN1CCN(c2ccc(Cl)cc2Cl)CC1,6.89779806137085,7.868447303771973,7.383122682571411
CN1CCN(CCCN2c3ccccc3Sc3ccc(Br)cc32)CC1,7.707742691040039,7.808068752288818,7.757905721664429
COc1cccc(N2CCN(CCCCCNCC(O)c3ccc(Cl)c(Cl)c3)CC2)c1,6.384966850280762,6.817348480224609,6.6011576652526855
N#Cc1ccc(N2CCN(CCCCc3c[nH]c4ccc(I)cc34)CC2)cc1C(F)(F)F,7.6679606437683105,7.0548858642578125,7.3614232540130615
CN1CCc2cccc3c2C1Cc1cccc(O)c1-3,6.989553451538086,7.396730422973633,7.193141937255859
CCCN(CCc1ccncc1)C1CCc2c(O)cccc2C1,7.579252243041992,8.076228141784668,7.82774019241333
OCCN1CCN(C2=Cn3cccc3Sc3ccc(Cl)cc32)CC1,7.902193546295166,8.303215026855469,8.102704286575317
CN1CCN(C2Cc3cccc(OCCCN4CCN(c5ccccc5Cl)CC4)c3O)c3ccccc32)CC1,,,
Oc1ccc(N2CCN(CCCCOc3ccc4cccc(OCCCN5CCCCC5)c4n3)CC2)cc1,7.354755401611328,7.887524127960205,7.621139764785767
COc1cccc(OC)c1N1CCN(CCCCNC(=O)c2ccc(F)cc2)CC1,7.642034530639648,8.900636672973633,8.27133560180664
O=C1N(C2CCN(CCCCC(c3ccc(F)cc3)c3ccc(F)cc3)CC2)CCN1c1ccccc1,7.162162780761719,6.633780479431152,6.8979716300964355
O=S(=O)(NCCCCN1CCN(c2cccc(Cl)c2Cl)CC1)c1cc2ccccc2[nH]1,7.65778636932373,8.498008728027344,8.077897548675537
COc1ccccc1N1CCN(CCCCNC(=O)c2sc3ccccc3c2Cl)CC1,7.506882667541504,8.656256675720215,8.08156967163086
CCN1CCN(c2cccc(C#CCCCN3CCN(c4cccc(C#N)c4Cl)CC3)c2)CC1,7.622969150543213,7.613642692565918,7.618305921554565
O=C1N(CCN2CCN(c3cccc(Cl)c3Cl)CC2)CN1C1CCC(O)(c2ccccc2)CC1,7.196223258972168,6.708881378173828,6.952552318572998
CN1CCN(C2Cc3ccccc3Sc3ccc(-c4ncc(Cl)c(Cl)n4)cc32)CC1,8.064253807067871,8.274554252624512,8.169404029846191
Fc1cccc(N2CCN(CCC3CCC(Nc4ncccc4Cl)CC3)CC2)n1,8.30722427368164,7.554165363311768,7.930694818496704
Cc1cccnc1N1CCN(CCCCOc2ccc3c(c2)CCC3)CC1,7.278799057006836,7.345357418060303,7.312078237533569
O=C(NCCCCN1CCN(c2nsc3ccccc23)CC1)c1ccc2ccccc2c1,7.223559856414795,8.687921524047852,7.955740690231323
CCCN1CCc2c(cccc2C(F)(F)F)CCC2CCC(CCN2CCN(c3cccc(Cl)c3Cl)CC2)C1=O,,,
CCCN(CCN1CCN(c2ccc(Cl)cc2Cl)CC1)C1CCc2c(O)cccc2C1,7.537049293518066,8.548944473266602,8.042996883392334
Oc1[nH]c2ccc(Br)cc2c1CCCCCN1CCN(c2cccc3c2CCCN3)CC1,8.067575454711914,7.803866386413574,7.935720920562744
COc1ccccc1N1CCN(CCCCN2CCOCC2CCc2ccccc2)CC1,6.946035385131836,6.842987060546875,6.8945112228393555
CCCN(CCN1C2CCC1CC(O)(c1ccccc1)C2)C1CCc2c(O)cccc2C1,6.832602500915527,8.215154647827148,7.523878574371338
Fc1cccc2c1CCCCN2CCCCCN1CCN(c2ccccc2)CC1,7.826498985290527,6.8019890785217285,7.314244031906128
CN1CCc2c(ccc(O)c2O)CC2c3cc(OCCCN4CCN(c5cccc(Cl)c5Cl)CC4)ccc3CCC21,7.619975566864014,8.429286003112793,8.024630784988403
CN(C)C1Cc2ccccc2C(C(=O)Nc2ccc(C=Cc3ccccc3)cc2)CC1,5.226559638977051,6.20518159866333,5.71587061882019
Clc1ccccc1N1CCC(CN2CCN(c3cccc4nc(Cc5ccccc5)[nH]c34)CC2)CC1,7.226811408996582,6.835307121276856,7.031059265136719
CCN1CCCC1CNC(=O)c1c(OCCCF)ccc(-c2ccccc2)c1O,6.774643898010254,7.643765449523926,7.20920467376709
Oc1ccc2c(CCCCNCCOc3cccc4[nH]ccc34)c[nH]c2c1,8.756250381469727,8.152740478515625,8.454495429992676
Cc1cc(Cl)ccc1N1CCN(CCCCNC(=O)c2cccc([N+](=O)[O-])c2)CC1,6.723705768585205,8.202118873596191,7.462912321090698
Clc1ccc(N2CCN(CCCCc3c[nH]c4ccc(-n5cnnc5)cc34)CC2)cc1,7.118557929992676,6.713284969329834,6.915921449661255
COc1ccccc1N1CCN(CCCCCNC(=O)c2cc3ccccc3s2)CC1,7.49770450592041,8.281238555908203,7.889471530914307
O=C1N(CCN2CCN(c3ccccc3)CC2)CN1c1cccc(I)c1,7.294084072113037,6.8022332191467285,7.048158645629883
Oc1ccc2c(c1)OC(CNCCCN1C3CCC1c4cccc5cccc(c45)CC3)CCC2,7.430429458618164,7.501161575317383,7.465795516967773
Clc1ccc2[nH]cc(CCCN3CCN(c4cccc5cccnc45)CC3)c2c1,7.849255561828613,6.819831371307373,7.334543466567993
Oc1ccc2c(CCCN3CCN(c4ccccc4)CC3)c[nH]c2c1,7.5975518226623535,7.025632858276367,7.31159234046936
COc1cc(NCCN)cc2c1N1CCNCC1C2,6.084516525268555,5.8436598777771,5.964088201522827
CCCN(CCN1CCN(c2ccccc2-c2ccccc2)CC1)C1CCc2ccc(O)cc2C1,7.937647819519043,8.516336441040039,8.226992130279541
CCCN(CCN1CCN(c2cccc(Cl)c2Cl)CC1)C1CCc2c(O)cccc2C1,7.985079765319824,8.79438304901123,8.389731407165527
O=C(NCCCN1CCN(c2cccc(Cl)c2Cl)CC1)c1cc2cc3cccc(O)c3n2n1,,,
Oc1[nH]cc2ccc(OCCCN3CCN(c4cccc5cccc(F)c45)CC3)cc12,8.2858247756958,7.846155166625977,8.065989971160889
CC1CN(c2ccc(CCNCC(O)c3cccc(Cl)c3Cl)cc2)CCN1,5.60235595703125,5.4255452156066895,5.51395058631897
O=C(NC1CCC(CCN2CCN(c3cccc(Cl)c3Cl)CC2)CC1)c1cnc2ccccn2c1,,,
N#Cc1ccc2c(c1)CC1(CC2)CCN(CCc2c[nH]c3ccc(I)cc23)CC1,7.050033092498779,7.39310359954834,7.22156834602356
Clc1cccc(N2CCN(CC=CC3CCC(N4CCC(c5ccccc5OCC4)CC3)CC2)c1Cl,,,
N1CCN(C2CCC(CCN3CCN(c4cccc(Cl)c4Cl)CC3)CC2)CC1,6.822637557983398,7.172348976135254,6.997493267059326
Cc1cc(O)ccc1N1CCN(CCCCCCNC(=O)C=Cc2ccccc2)CC1,7.0266642570495605,7.99581241607666,7.51123833656311
CC(C)N(CCN1CCN(c2cccc3ccoc23)CC1)C1CCc2ccc(O)cc2C1,7.426155567169189,8.159686088562012,7.792920827865601
C1N=C(N2CCN(2CCN(c3cccc(Cl)c3)CC2)c2ccccc21,,,
N#Cc1ccc2c(c1)CCN(CCCSc1nnc(C2CCC2)n1CC1CCC(NCCN2CCN(c3ccccc3OC(F)(F)F)CC2)CC1,,,
C=S(O)(O)=CCc1cccc(CCNCC2CCc3[nH]c4ccc(Br)cc4c3CC2)c1,6.544341087341309,7.252388954162598,6.898365020751953
c1ccc(CN2CCC3(CCc4ccccc4C(Cc4cccc(NCCCN5CCCCC5)c4)CC3)CC2)cc1,5.513574600219727,6.381725311279297,5.947649955749512
CCCN(CCN1CCN2Cc3[nH]c4ccccc4c3CC2C1)C1CCc2ccc(O)cc2C1,6.86442756652832,8.523449897766113,7.693938732147217
CCCN(CCN1CCN(c2cccc3ncccc23)CC1)C1CCc2ccc(O)cc2C1,7.628834247589111,8.938793182373047,8.283813714981079
N#Cc1ccc2[nH]cc(CCCCN3CCN(c4ccc5ccccc5c4)CC3)c2c1,7.349515438079834,7.486250877380371,7.4178831577301025
O=C(NCCCCN1CCN(c2cccc(Cl)c2Cl)CC1)c1cc2ccccc2cn1,6.880761623382568,9.034953117370604,7.957857370376586
CN1CCN(C2Cc3ccccc3Sc3ccc(Cl)cc32)CC1,9.140546798706056,8.702611923217773,8.921579360961914
Oc1cc2c(N3CCN(CCCc4cccc5cccc(OCCCN6CCN(c7ccc(F)cc2)CC6)c1,,,
CCCN(CCN1CCN(c2cccc3ccccc23)CC1)C1CCc2c(O)cccc2C1,8.05475902557373,8.830840110778809,8.44279956817627
CN1CCN(CCCN2CCc3c(O)cccc3Cc3sccc32)CC1,6.837907314300537,7.205319881439209,7.021613597869873
Oc1[nH]c2ccc(F)cc2c1CCCCN1CCN(c2cccc3ccccc23)CC1,8.035866737365723,7.975886821746826,8.005876779556274
O=C1NCCN1CCCN1CCN(c2cccc(Cl)c2Cl)CC1,6.322992324829102,6.997494697570801,6.660243511199951
COc1ccccc1N1CCN(CCCCNC(=O)c2ccc3ncccc3c2)CC1,7.392001152038574,8.583019256591797,7.9875102043151855
O=C(NCCCN1CCN(c2cccc(Cl)c2Cl)CC1)c1ccccc1Cl,7.123316764831543,7.024074077606201,7.073695421218872
O=C(OCCCCN1CCN(c2cccc(Cl)c2Cl)CC1)c1ccc2ccccc2c1,7.230481147766113,8.677576065063477,7.954028606414795
CCCN(CCC1CCc2ccc(F)cc2S1)C1CCc2c(O)cccc2C1,8.144160270690918,9.092756271362305,8.618458271026611
CN(CCN1CCN(c2cccc(Cl)c2Cc2ccccc2)CC1)C1CCc2cc(F)ccc2C1,7.127680778503418,6.825514316558838,6.976597547531128
N#Cc1ccc2[nH]c(C(=O)NCCCCN3CCN(c4cccc(Cl)c4Cl)CC3)cc2c1,7.345669746398926,9.285061836242676,8.3153657913208
[H]c1c(N2CCN3C(C(=O)NCCCCCCN4CCN(c5cccc(Cl)c5Cl)CC4)CCC3C2)noc11=O,,,
CCCN(CCN1CCN(c2ccccc2)CC1)C1CCc2ccc(F)cc2C1,6.826676368713379,7.501846313476562,7.164261341094971
CN1CCc2cccc3c2C1Cc1cccc(O)c1-3,6.989553451538086,7.396730422973633,7.193141937255859
CN1CC2(CN(Cc3ccccc3)CCc3ccc(Cl)cc32)C1,6.370706558227539,6.74582576751709,6.5582661628723145
O=C(NCCCCN1CCN(c2ccccc2OCCF)CC1)c1cccc2c1-c1ccccc1C2,7.309698581695557,8.354715347290039,7.832206964492798
Oc1ccc2c(CCN3CCN(c4cccc(Cl)c4Cl)CC3)c[nH]c2c1,8.161369323730469,7.443029403686523,7.802199363708496
Oc1[nH]cc2c(OCCCN3CCN(c4cccc5cccc(Cl)c45)CC3)cccc12,7.983828067779541,8.089168548583984,8.036498308181763
CCC1CN(CC2CN(c3ccccc3)C2)CCN1C(=O)CCCc1nc2ccccc2s1,6.327431678771973,6.173047065734863,6.250239372253418
COc1cccc(N2CCN(CCCCCCCNCC(O)c3cccc(Cl)c3)CC2)c1O,6.622484683990479,6.892745971679688,6.757615327835084
Oc1ccc2[nH]cc(CCN3CCC(c4nc5ccccc5o4)CC3)c2c1,7.847201347351074,6.959967136383057,7.403584241867065
N#Cc1ccc(N2CCN(CCCCc3c[nH]c4ccc(I)cc34)CC2)cc1C(F)(F)F,7.667959213256836,7.0548858642578125,7.361422538757324
Oc1ccc2c(c1)OC(CNCCN1CCN(c3ccccc3Cl)CC1)CC2,9.17803955078125,8.298336029052734,8.738187789916992
O=C(NCCCCN1CCN(c2cccc(Cl)c2Cl)CC1)c1cccc2c1-c1ncc(Cl)cc1C2,6.892562389373779,8.410524368286133,7.651543378829956
O=C(NCCCCCN1CCN(c2cccc(Cl)c2Cl)CC1)c1ccc(COc2ccc(Cl)cc2)cc1,6.738698959350586,7.585783004760742,7.162240982055664
CCCN(CCCCCCCCCCCCN2CCC(C)(c3ccccc3)CC2)C1CCc2c(O)cccc2C1,6.754566669464111,7.107151985168457,6.930859327316284
CCc1ccc(Oc2ccc3c(c2)CCN(CCCSc2nnc(-c4ccccc4)n2C)CC3)cc1,6.771956443786621,8.203825950622559,7.48789119720459
COc1ccccc1N1CCN(CCCCNC(=O)c2cc3ccc2CCc2ccc(F)cc2)CC1,,,
CN1CCN(c2nccc(-c3ccnc(NCCCCN4CCN(c5ccccc5OC(F)(F)F)CC4)n3)n2)CC1,7.22023868560791,7.092786312103272,7.156512498855591
c1ccc(N2CCN(CCCCOc3cccc4c(OCCCN5CCN(c6ccccc6)CC5)nc34)CC2)cc1,6.742269515991211,7.156928539276123,6.949599027633667
N#Cc1ccccc1N1CCN(CCCCNC(=O)C2CCc3ccccc3C2)CC1,7.462751865386963,7.981863021850586,7.722307443618774
Cc1[nH]c(CCN2CCN(c3cccc(Cl)c3Cl)CC2)c(C)c1Sc1cccc(Cl)c1,6.885037422180176,6.694812297821045,6.78992486000061
COc1cc(N)c(Cl)cc1C(=O)NC1CCN(Cc2ccccc2)C1,7.625571250915527,7.357390880584717,7.491481065750122
N#Cc1ccc2[nH]c(CN3CCN(c4cccs4)CC3)cc2c1,6.716064929962158,5.980765342712402,6.34841513633728
COc1ccccc1N1CCN(CCCCNC(=O)c2ccc(O)cc2)CC1,7.989820957183838,9.115765571594238,8.552793264389038
CCCN(CCN1CCN(c2cccc3c2OCCCO3)CC1)C1CCc2ccc(O)cc2C1,8.271718978881836,8.31121826171875,8.291468620300293
CCCN(CCN1CCN(c2ccc(I)cc2)CC1)C1CCc2ccc(O)cc2C1,6.84409761428833,8.428940773010254,7.636519193649292
Fc1ccc(N2CCNCC2)cc1CN1CCC(N2C3CCC2CC3)CC1,4.574223518371582,5.584932804107666,5.079578161239624
Oc1cc2c(N3CCN(Cc4cccc(Cl)c4)CC3)cccc2[nH]1,8.003182411193848,7.362224578857422,7.682703495025635
CCN1CCCC1CNC(=O)c1cc(CCCO)cc(I)c1,6.620443344116211,7.607168197631836,7.113805770874023
CN1CCc2c(c(O)ccc2C=Cc2ccccc2)CC1,6.542321681976318,7.372832775115967,6.957577228546143
Oc1[nH]cc2ccc(OCCCN3CCN(c4cccc5cccc(F)c45)CC3)cc12,8.2858247756958,7.846155166625977,8.065989971160889
Oc1ccc2c(OCCNCCCc3ccccc3)ccc(Cl)c2[nH]1,,,
NCC1(c2cccc(Cl)c2)CC2CCC(C1)N2Cc1coc2ccccc12,7.25525951385498,7.975550651550293,7.615405082702637
COc1cccc(C(=O)NCCCCN2CCN(c3cccc(Cl)c3Cl)CC2)c1,7.145890235900879,9.06395435333252,8.1049222946167
C#CC=CCCN1CCN(c2cccc(Cl)c2Cl)CC1,8.433075904846191,8.064530372619629,8.24880313873291
COc1ccccc1N1CCN(CCCCNC(=O)C=Cc2cccc3cccnc23)CC1,7.71026086807251,8.80388355255127,8.25707221031189
Oc1[nH]cc2ccc(OCCCCN3CCN(c4cccc5ccccc45)CC3)cc12,8.267786979675293,8.365196228027344,8.316491603851318
CCCN(CCN1CCN(c2cccc3c2OCC=C3)CC1)C1CCc2c(O)cccc2C1,8.284329414367676,9.110154151916504,8.69724178314209
CCN1CCCC1CNC(=O)c1cc(I)ccc1OCCCF,7.367156505584717,8.425385475158691,7.896270990371704
O=C(NCCCCN1CCN(c2cccc(Cl)c2Cl)CC1)c1ccc2c(c1)-c1ccccc1OC2,7.1048126220703125,8.945999145507812,8.025405883789062
CCCN(CCCCCN1CCN(c2cccc(Cl)c2Cl)CC1)C1CCc2ccc(O)cc2C1,8.14960765838623,8.603418350219727,8.376513004302979
COc1cccc(CN2CCC(NCC=Cc3ccccc3)CC2)c1,5.4640421867370605,6.617529392242432,6.040785789489746
CCCN(CCN1CCN(c2ccccc2)CC1)C1Cc2ccc(O)cc2C1,7.0160017013549805,8.26352596282959,7.639763832092285
CN1CCN(C2=Cc3cnccc3Oc3ccc(F)cc32)CC1,7.343677043914795,7.245088577270508,7.294382810592651
CCCN(CCN1CCN(c2cccc3ccoc23)CC1)C1CCc2ccc(O)cc2C1,8.003240585327148,8.87026596069336,8.436753273010254
O=C1N(CCN2CCC3(CCc4ccccc4O3)CC2)CCN1c1cccc(Cl)c1,7.425942897796631,7.674442291259766,7.550192594528198
COc1ccccc1N1CCN(CCCCCNC(=O)c2ccc(CCCN3CCN(c4ccccc4OC)CC3)cc2)CC1,7.926141738891602,7.701673984527588,7.813907861709595
NC(=O)Nc1cccc(CN2CCC(c3nc4ccccc4[nH]3)CC2)c1,6.670783042907715,6.438633918762207,6.554708480834961
O=C1N(CCN2CCC(C(F)(F)F)CC3c4cccc(O)c4CCC31)C1C2CC3CN1CCC2(O)CO,,,
Clc1ccc2[nH]c(CCCN3CCN(c4cccc5ccoc45)CC3)nc2c1,8.12667179107666,7.19862174987793,7.662646770477295
Oc1[nH]cc2ccc(OCCCN3CCN(c4cccc5ccccc45)CC3)cc12,8.251432418823242,8.164287567138672,8.207859992980957
CCCN(CCN1CCN(c2cccc3cccnc23)CC1)C1CCc2ccc(O)cc2C1,7.680384635925293,8.793758392333984,8.237071514129639
CCCN(CCN1CCN(c2ccc3[nH]ccc3c2)CC1)C1CCc2ccc(O)cc2C1,7.211019039154053,8.363239288330078,7.787129163742065
Oc1ccc2oc3ccc(OCCCN4CCN(c5cncc6ccccc56)CC4)cc3c(OCCCN3CCCCCC3)c2c1,,,
COc1ccccc1N1CCN(CCCCNC(=O)c2cccc3ccccc23)CC1,7.269603729248047,8.39780044555664,7.833702087402344
NCCCN1c2ccccc2CCc2ccccc21,5.733658790588379,6.47965669631958,6.1066577434539795
N#Cc1cccc(CN2CCN(CCCCN3CCC(c4cccc(C(F)(F)F)c4)CC3)CC2)c1,6.481537818908691,6.882770538330078,6.682154178619385
O=C(NCCCCN1CCN(c2cccc(Cl)c2Cl)CC1)c1ccc2c(c1)-c1cccs1,,,
Oc1[nH]cc2ccc(OCCCCN3CCN(c4cccc5cccc(F)c45)CC3)c(Cl)c12,8.297725677490234,8.19630241394043,8.247014045715332
CCCN(CCN1CCN(c2cccc3cc[nH]c23)CC1)C1CCc2c(O)cccc2C1,8.19916820526123,8.733121871948242,8.466145038604736
CN1CCN(C2Cc3ccccc3Sc3ccc(Br)cc32)CC1,9.328142166137695,8.885320663452148,9.106731414794922
Oc1ccc2[nH]cc(CCCCN3CC=C(c4cccc(Cl)c4)CC3)c2c1,8.481555938720703,8.611520767211914,8.546538352966309
N#Cc1ccc2[nH]cc(CCCCN3CCN(c4ccc5[nH]c(C(N)=O)cc5c4)CC3)c2c1,7.32735538482666,7.564929962158203,7.446142673492432
Oc1ccc2c(c1)OC(CNCCCN1CCC3(Oc4ccc(F)cc4)CCC2)CC1,,,
CCCN(CCN1CCN(c2nc3ccccc3n2C)CC1)C1CCc2ccc(O)cc2C1,6.417812824249268,8.271221160888672,7.34451699256897
CN1CCN(C2Cn3cccc3Sc3ccc(OCCN4CCN(c5cccc(Cl)c5Cl)CC4)cc32)CC1,7.676641941070557,7.806719779968262,7.741680860519409
O=C1N(CCN2CCN(c3cccc(Cl)c3Cl)CC2)CCN1c1ccccc1F,7.238053798675537,7.300616264343262,7.269335031509399
CCN1CCN(CCCCCCCN2c3cccc(C)c3Sc3ccc(F)cc32)CC1,7.256310939788818,7.020767211914063,7.13853907585144
CN(C)CCc1cccc(F)c1F,6.3033552169799805,6.103532314300537,6.203443765640259
CN1CCc2cccc3c2Cc2cccc3c2C1Cc1ccccc1-3,,,
Clc1ccc(-c2cc3cc(CCCN4CCN(c5ccccc5Cl)CC4)ccn3n2)cc1,6.558565139770508,6.774953842163086,6.666759490966797
Oc1ccc2cc3c(OCCCN4CCN(c5cccc6ccccc56)CC4)cccc3nc2c1,7.604888439178467,8.137504577636719,7.871196508407593
CN1CCC(Cc2ccccc2)C2CCC1CC2,5.847497463226318,7.1525983810424805,6.500047922134399
NCC1CCc2c(OCCCN3CCN(c4cccc5c4OCCC5)CC3)cccc2CC1,7.693822383880615,8.0115966796875,7.852709531784058
CCCN(CCN1CCN(c2ccccc2C)CC1)C1CCc2c(O)cccc2C1,7.469531059265137,8.197198867797852,7.833364963531494
Oc1ccc(OCCCCN2CCN(c3ccccc3)CC2)c2ccccc12,7.483726501464844,7.935121536254883,7.709424018859863
CN1CCN(C2Cn3cccc3Sc3ccc(NC(=O)NCCCCCN4CCN(c5ccccc5OCCF)CC4)cc32)CC1,6.849047660827637,7.582754135131836,7.215900897979736
NCCN1CCc2cccc3c2C1Cc1ccc(O)c(O)c1-3,7.370086669921875,8.127208709716797,7.748647689819336
CN1CCN(CCCN2c3ccccc3Sc3ccc(F)cc32)CC1,7.481771945953369,7.4421186447143555,7.461945295333862
Clc1ccc(N2CCN(CCC3CCC4c5ccccc5C4OC3)CC2)cc1Cl,6.841468811035156,7.157578468322754,6.999523639678955
CCCN(CCN1CCN(c2cccc3ccccc23)CC1)C1CCc2ccc(O)cc2CC1,7.634690284729004,8.579635620117188,8.107162952423096
OCCN1CCN(c2cccc3[nH]cc(CO)c23)CC1,6.335667133331299,6.150647163391113,6.243157148361206
Cc1ncoc1-c1nnc(SCCCN2CC3CC3(c3ccc(Br)cc3)C2)n1C,7.332062721252441,8.872179985046387,8.102121353149414
O=C1N(CCN2CCC3(CCc4ccccc43)CC2)CCN1CC1CCC(F)(F)CC1,5.479710578918457,6.995040893554688,6.237375736236572
Oc1ccc2nc(COC3CCN(Cc4ccccc4)CC3)ccc2c1,6.075729370117188,6.567691802978516,6.321710586547852
N#Cc1ccc(CCCCN2CCN(c3cccc(Cl)c3Cl)CC2)cc1,8.201920509338379,8.049181938171387,8.125551223754883
CCCN(CCN1CCN(c2cccc(Cl)c2Cl)C1=O)C1CCc2ccc(O)cc2C1,7.456831932067871,8.60012435913086,8.028478145599365
CN1CCc2c(sc3ncn(CCN4CCN(c5ccnc6ccc(Cl)cc56)CC4)c(=O)c23)C1,7.813182830810547,7.204572677612305,7.508877754211426
N#Cc1ccc2[nH]c(O)c(CCCN3CCN(c4cccc(C(F)(F)F)c4Cl)CC3)c2c1,8.150741577148438,7.031276702880859,7.591009140014648
O=C1N(CCN2CCC(Cc3ccccc3)CC2)CCN1c1cccc(C(F)(F)F)c1,7.640323162078857,7.897936820983887,7.769129991531372
OCCN1CCN(CCCN2c3ccccc3Sc3ccc(Cl)cc32)CC1,7.019078254699707,7.2757086753845215,7.147393465042114
COc1ccccc1N1CCN(CCCCCNC(=O)CCCc2ccc(O)cc2)CC1,8.59306526184082,7.289194107055664,7.941129684448242
CN1CCCN(C2Cn3cccc3Sc3ccc(F)cc32)CC1,7.902186393737793,7.6273908615112305,7.764788627624512
Nc1ccc2c(CCCNCCc3cccc(I)c3)ncc(F)c2n1,7.450484275817871,7.006042003631592,7.2282631397247314
COc1cc(OC)cc(C(=O)NCCCCN2CCN(c3ccccc3OC)CC2)c1,6.3831305503845215,8.179885864257812,7.281508207321167
CN1CCc2ccc(Cl)cc2CCc2cccc3c2C1CNC3=O,6.8036041259765625,7.226056098937988,7.014830112457275
Cc1ccc2c(N3CCN(CCc4cccc(-c5ccc(F)cc5F)c4)CC3)cccc2n1,7.409730911254883,6.511133193969727,6.960432052612305
COc1ccccc1N1CCN(CCCCc2ccc3c(c2)CN(c2ncccc2C)CC3)CC1,7.180221080780029,7.379970550537109,7.280095815658569
NCCc1c[nH]c2ccc(OCCN3CCN(c4cccc5ccccc45)CC3)cc12,7.493227005004883,7.005312919616699,7.249269962310791
CCN(CCCCN1CCN(c2ccccc2OC)CC1)c1cccc(O)c1,8.437192916870117,8.789949417114258,8.613571166992188
O=C1CN(CCCN2CC3Cc4cccc(O)c4CC3C2)C1=O,6.811089515686035,6.211825847625732,6.511457681655884
Cc1nc(-c2cccc(Cl)c2)c(C)n1CCC1CCN(CCCC(=O)c2ccc(F)cc2)CC1,6.686079025268555,6.794366836547852,6.740222930908203
Oc1cc2c(OCCN3CCC(Cc4ccccc4)CC3)ccc(F)c2[nH]1,8.300403594970703,7.713738441467285,8.007071018218994
CCN(CC)C(=O)NC1CCC(Nc2nc(Cl)cc(-c3c[nH]c4ncccc34)n2)CC1,7.858458995819092,7.63303804397583,7.745748519897461
c1ccc(CNCC2CCC(c3ccccc3)(c3ccccc3)CC2)cc1,6.057064056396484,6.330615520477295,6.19383978843689
O=C1N(CCN2CCN(c3ccc(Cl)cc3)CC2)CCN1c1cccc2ccccc12,6.018787384033203,6.47570276260376,6.2472450733184814
Ic1ccc(N2CCN(CCCCNc3ccc4c(c3)sc3ccccc34)CC2)cc1Cl,7.078282356262207,7.609949111938477,7.344115734100342
O=C(NC1CCc2ccc(CCN3CCN(c4ccc(Cl)cc4Cl)CC3)cc21)C1CCC1,7.335961818695068,6.854808807373047,7.095385313034058
O=C1N(CCN2CCC3C(C2)c2ccccc2C3=O)CCN1c1ccccc1F,6.765749454498291,6.952187061309815,6.858968257904053
CCN1CCN(c2ccc(C3CCCCC3)cc2)CC1,6.929084777832031,6.0362548828125,6.482669830322266
Oc1ccc2[nH]c(CCCCN3CC=C(c4ccccc4)CC3)cc2c1,8.303829193115234,8.852982521057129,8.578405857086182
O=C1N(CCN2CCN(c3ccc(Cl)cc3)CC2)CCN1c1cccc(Cl)c1,6.183729648590088,6.761476516723633,6.47260308265686
CN(CC(CCN1CCC2Cc3c(O)cccc3CC2C1)c1cccc2ccccc12,,,
Oc1ccc2[nH]cc(CCCCN3CCN(c4cccc5ccccc45)CC3)c2c1,8.49316692352295,8.180514335632324,8.336840629577637
Oc1[nH]cc2ccc(OCCCN3CCN(c4cccc5ccccc45)CC3)cc12,8.251432418823242,8.164287567138672,8.207859992980957
O=C1N(CCN2CCC3(CC2)C(=O)N(c2ccccc2)CN3c2ccccc2)CCN1C1CC1,8.332620620727539,7.513116836547852,7.922868728637695
CC1CN(CCCc2ccc(Cc3cccc(C#N)c3)cc2)CCN1CCC1=O,,,
COc1ccccc1N1CCCN(CCCCNC(=O)c2cccc3ccccc23)CC1,6.984489917755127,7.902806282043457,7.443648099899292
COc1ccccc1N1CCC(CCN2CCN(c3ccccn3)CC2)CC1,7.68807315826416,7.412652015686035,7.550362586975098
O=C(NCCCCN1CCN(c2nsc3ccccc23)CC1)c1ccc(F)cc1,7.715962409973144,8.776411056518555,8.24618673324585
Cc1ccccc1N1CCN(CCCCNC(=O)c2cccc3ccccc23)CC1,6.815223693847656,7.689663410186768,7.252443552017212
Oc1[nH]cc2cc(F)c(OCCCN3CCN(c4cccc5c4OCCCC5)CC3)cc12,8.39855670928955,7.606369972229004,8.002463340759277
CN1CCc2cc(Br)c(O)cc2CC1,6.571079730987549,7.699205875396728,7.135142803192139
Fc1ccc(N2CCN(CCCCNc3cccc(-c4nc5ccccc5o4)c3)CC2)cc1,6.845227718353272,7.211739540100098,7.028483629226685
CCCN(CCN1C2CCC1c1ccc(OC)cc1)C1CCc2ccc(O)cc2C1,,,
Cc1cc(F)cc2c1CCC2CCN1CCN(c2cccc3[nH]ccc23)CC1,7.949934005737305,6.938392639160156,7.4441633224487305
CN1CCN(CCc2ccccc2)CC1,4.640796661376953,5.342245578765869,4.991521120071411
O=S(=O)(NCCN1CCC(c2noc3cc(F)ccc23)CC1)c1ccc(F)cc1,7.939705848693848,7.586360931396484,7.763033390045166
O(1c2ccccc2CN1CCC1CCN(Cc2cccc3ccccc23)CC1,,,
CN1CCN(C2Cc3ccccc3Sc3ccc(-c4nn(C)cc4C4CCCN4)cc32)CC1,7.996370315551758,7.189717769622803,7.59304404258728
CCCN(CCN1CCN(c2cccc3ccccc23)CC1)C1CCc2ccc(O)cc2C1,7.852016448974609,8.869157791137695,8.360587120056152
CCCN1CCCCC1CNC(=O)c1ccc(F)c(C)c1,6.116549968719482,7.738559722900391,6.9275548458099365
O=C1NCCN1CCN1CCC(c2cn(-c3ccc(F)cc3)c3ccc(Cl)cc23)CC1,7.742376327514648,6.387310028076172,7.06484317779541
CN1CCN(c2cccc(CN3CCN(c4cccc(Cl)c4Cl)CC3)c2)CC1,7.014425277709961,7.418753623962402,7.216589450836182
Oc1[nH]cc2ccc(OCCCCN3CCN(c4cccc5cccc(F)c45)CC3)cc12,8.384243965148926,8.055950164794922,8.220097064971924
Cc1ccc(CN2C3CCC2C2(C)CCN(C3)C2=O)s1,6.597102165222168,8.163954734802246,7.380528450012207
Oc1ccc2c(N3CCN(CCCCc4ccccc4)CC3)cccc2[nH]1,,,
Oc1ccc2[nH]cc(CCN3CCN(c4ccccc4OCCF)CC3)c2c1,8.98863410949707,7.2623291015625,8.125481605529785
Fc1cccc(N2CCN(CCCC3CCC(Nc4nccs4)CC3)CC2)c1,7.517756938934326,7.660445213317871,7.589101076126099
CCCN(CCN1CCN(c2cccc3ccccc23)CC1)C1CCc2c(O)cccc2C1,8.05475902557373,8.830840110778809,8.44279956817627
CCCN(CCN1CCN(c2cccc(Cl)c2Cl)CC1)C1CCc2c(O)cccc2C1,7.985079765319824,8.79438304901123,8.389731407165527
OC1(c2ccc(F)cc2)CCC(N2CCC3(CC2)C(c2c(F)cccc2OCCN3)CC1,,,
N#Cc1ccc(N2CCN(CCCCNC(=O)c3ccccc3-c3ccccc3)CC2)cc1,6.584371089935303,7.734292507171631,7.159331798553467
N#Cc1ccc2c(N3CCN(CCCCN4Cc5ccccc5CC4=O)CC3)cccc2c1,7.578596115112305,8.093371391296387,7.835983753204346
O=C(c1ccccc1)C1CCN(CCCCNC(=O)C2CCc3ccccc3C2)CC1,6.772366046905518,7.464588165283203,7.11847710609436
Cc1cc(OCCNCC2CCc3ccc(O)c(O)c3C2)cc(-c2cccc(Cl)c2)c1,7.277088642120361,7.346313953399658,7.31170129776001
NCCCN1CCN(c2cccc(C(F)(F)F)c2)CC1,6.830801963806152,6.901613712310791,6.866207838058472
N#Cc1ccc2[nH]c(OCCNCCCc3ccccc3)cc2c1,7.616934776306152,7.78195858001709,7.699446678161621
CCN1CCN(c2cccc3c2CCCN3CCCCCN2CCC(c3c[nH]c4cc(F)ccc34)CC2)CC1,7.993580341339111,6.177249431610107,7.085414886474609
COc1ccccc1N1CCN(CCCCCNC(=O)c2cccc3c2CCCC3)CC1,8.06651782989502,7.546708583831787,7.806613206863403
O=C(NC1CCC(CCN2CCN(c3cccc(Cl)c3Cl)CC2)CC1)c1cc2ccc(F)cc2[nH]1,7.396466255187988,8.78195571899414,8.089210987091064
CCN(CCCCN1CCN(c2ccccc2OC)CC1)C1CCc2ccc3[nH]ccc3c2C1,8.228806495666504,7.905348300933838,8.067077398300171
CCCN(CCN1CCN(c2ccccc2OC)CC1)C1CCc2ccc(O)cc2C1,7.815720081329346,8.517810821533203,8.166765451431274
O=C(NC1CCc2ccc(CCN3CCN(c4cccc(Cl)c4Cl)CC3)cc21)C1CC1,7.304202556610107,7.135298252105713,7.21975040435791
Cc1ccc2c(OCCN3CCC(Cc4cccc(-c5cccc(F)c5F)c4)CC3)cccc2n1,6.876368045806885,6.870805263519287,6.873586654663086
CCCN(CCN1CCN(c2ccccc2O)CC1)C1CCc2c(O)cccc2C1,7.960699081420898,9.054028511047363,8.50736379623413
CCc1cc(-c2c(O)cccc2OCCCCNCC(O)c2ccccc2)ccc1O,5.953741550445557,6.882134437561035,6.417937994003296
COc1ccccc1N1CCN(CCCCNC(=O)c2cc3ccc2-c2ccccc2)CC1,,,
O=C1N(C2CCN(CCC3CCCCC3)CC2)CCN1c1ccccc1I,7.662209510803223,7.24003267288208,7.451121091842651
COc1ccccc1N1CCN(CCCCCNC(=O)c2cccc3ccccc23)CC1,7.284329414367676,7.609305381774902,7.446817398071289
CCCN(CCN1CN=C(c2ccccc2)CC1)C1CCc2ccc(O)cc2C1,6.961858749389648,8.398056030273438,7.679957389831543
Oc1[nH]cc2ccc(OCCCN3CCN(c4cccc5cccc(F)c45)CC3)c(F)c12,8.132925987243652,7.728168487548828,7.93054723739624
Oc1[nH]cc2ccc(OCCCN3CCN(c4cccc5cccc(F)c45)CC3)cc12,8.2858247756958,7.846155166625977,8.065989971160889
O=C(CCCN1CCN(c2nc(C3CCCC3)no2)CC1)c1ccccc1,7.212488174438477,6.684097290039063,6.9482927322387695
N#Cc1ccc2[nH]cc(CCCCN3CCN(c4ccc5[nH]c(C(N)=O)cc5c4)CC3)c2c1,7.32735538482666,7.564929962158203,7.446142673492432
CCCN(CCN1CCN(c2cccc3ccoc23)CC1)C1CCc2ccc(O)cc2C1,8.003240585327148,8.87026596069336,8.436753273010254
O=C1CC2CCCCC2CN1CCCCN1CCN(c2cccc3ccccc23)CC1,7.503259658813477,8.14626407623291,7.824761867523193
CCCN1CCCCC(c2ccc(Nc3nc(Nc4ccccc4C(=O)NC)ccc3C)cc2)C1,6.496204376220703,5.86323356628418,6.179718971252441
CCCN(CCN1CCN(c2cccc3ccsc23)CC1)C1CCc2c(O)cccc2C1,8.375276565551758,9.177445411682127,8.776360988616943
Oc1c(CCN(CCc2ccccc2)C2CC2)cnc2ccccc12,6.920243263244629,7.6837873458862305,7.30201530456543
Cc1cc(C(N)=O)nn1CC1CCN(CCCC(=O)c2ccc(F)cc2)CC1,6.832657814025879,7.267653942108154,7.050155878067017
CCCN(CCN1CCN(c2cccc3[nH]ccc23)CC1)C1CCc2c(O)cccc2C1,8.217432975769043,8.687128067016602,8.452280521392822
O=C(NC1CCc2ccc(CCN3CCN(c4nsc5ccccc45)CC3)cc21)c1ccc(F)cc1,7.64020299911499,6.56119441986084,7.100698709487915
Oc1nc2cccc(OCCCNCCCCc3ccccc3)c2[nH]1,8.018820762634277,8.046626091003418,8.032723426818848
CCCNC1C=Cc2ccc(NCCCCCN3CCC(c4ccccc4Cl)CC3)cc21,6.64991569519043,6.185644149780273,6.417779922485352
CC(C)COc1ccccc1N1CCN(CCCCNC(=O)CCc2cccc3ccccc23)CC1,7.078129291534424,7.254580497741699,7.1663548946380615
CCCN(CCN1CCN(c2cccc(Cl)c2Cl)CC1)C1CCc2ccc(O)cc2C1,7.754941463470459,8.884286880493164,8.319614171981812
CN1CCN(c2cccc3c2CCCC3)CC1,7.924788475036621,6.758324146270752,7.3415563106536865
O=C1N(CCN2CCN(c3cccc(Cl)c3Cl)CC2)CCN1c1ccccc1OCCF,7.580600261688232,7.430997848510742,7.505799055099487
CNCCN(CCN1CCN(c2cccc(Cl)c2Cl)CC1)c1ccc(F)c(Cl)c1,6.973896026611328,6.501585960388184,6.737740993499756
Oc1[nH]cc2cc(F)c(OCCCN3CCN(c4cccc5cccc(F)c45)CC3)cc12,8.04649829864502,7.654065132141113,7.850281715393066
CCCCN(CCN1CCN(c2cccc3[nH]ccc23)CC1)C1CCc2ccc(O)cc2C1,8.028773307800293,8.726582527160645,8.377677917480469
Oc1[nH]cc2ccc(OCCCN3CCN(c4cccc5cccc(F)c45)CC3)cc12,8.2858247756958,7.846155166625977,8.065989971160889
CN1CCN(C2=Cc3ccccc3Nc3[nH]cc(Cl)c32)CC1,7.052978515625,7.217499732971191,7.135239124298096
CCCN1CCN(c2cccc(Cl)n2)CC1,6.890430927276611,7.005470275878906,6.947950601577759
CCCN(CCN1CCN(c2ccccc2)CC1)C1CCc2ccc3[nH]ccc3c2C1,7.156381607055664,7.366145610809326,7.261263608932495
O=C(N1CCc2ccccc2CC1)C1CCN(CCCc2ccc(F)cc2)CC1,6.352957248687744,6.742304801940918,6.547631025314331
CCCN(CCN1CCN(c2ccccc2)CC1)C1CCc2c(O)cccc2C1,7.368458271026611,8.235482215881348,7.8019702434539795
Oc1ccc2c(c1)CCCCN1CCN(c3cccc(Cl)c3)CC1,,,
COc1ccccc1N1CCN(CCCCNC(=O)CCc2ccc(-c3ccc(C(F)(F)F)cc3)cc2)CC1,7.221446990966797,7.84679365158081,7.534120321273804
O=Cc1c[nH]c2c1CCc1ccccc1C2CCN1CCN(c2ccccc2OC(F)(F)F)CC1,6.933346271514893,6.095719814300537,6.514533042907715
Oc1[nH]cc2ccc(OCCCN3CCCN(c4cccc5ccccc45)CC3)cc12,7.86195182800293,7.712778568267822,7.787365198135376
Fc1cccc(OCCNCC2CCC(c3ccccc3)(c3ccccc3)C2)c1,6.550770282745361,7.096510410308838,6.8236403465271
Oc1ccc2c(CC3CCN(Cc4csc(-c5ccccc5)n4)CC3)c[nH]c2c1,6.017006874084473,6.980102062225342,6.498554468154907
O=C(NC1CCc2cc(CCN3CCN(c4nsc5ccccc45)CC3)ccc21)c1ccccc1,7.147405624389648,6.500389099121094,6.823897361755371
CCCN(CCN1CCN(c2cccc3ccccc23)CC1)C1CCc2ncc(N)cc2C1,7.394737243652344,8.612582206726074,8.003659725189209
Oc1ccc2[nH]cc(CCCCN3CCN(c4ccccc4Cl)CC3)c2c1,8.63847541809082,8.2700834274292,8.45427942276001
COc1ccccc1N1CCCN(CCCCNC(=O)c2cc3ccccc3s2)CC1,7.081816673278809,8.597224235534668,7.839520454406738
CN1CCCN(C2=Cc3ccccc3Cc3ccc(F)cc32)CC1,7.513596057891846,7.059071063995361,7.2863335609436035
Cc1ccc2c(N3CCN(CCc4cccc(-n5cccc5)c4)CC3)cccc2n1,7.58317756652832,7.083046913146973,7.3331122398376465
Oc1[nH]cc2cc(F)c(OCCCCN3CCN(c4cccc5cccc(F)c45)CC3)cc12,8.246258735656738,7.938355445861816,8.092307090759277
CCCN(CCN1CCN(c2cccc3[nH]ccc23)CC1)C1CCc2ccc(O)cc2C1,7.947385787963867,8.743558883666992,8.34547233581543
CCc1ccccc1N1CCN(CCCCNC(=O)c2cc3cccc(F)c3[nH]2)CC1,7.455089569091797,8.525465965270996,7.9902777671813965
O=C1N(CCN2CCC(CCc3ccccc3)CC2)CCN1c1cccc(Cl)c1,7.999435424804687,7.580073356628418,7.789754390716553
Cc1ccc2c(C3=NCCN3C)cccc2n1,4.7628173828125,5.84703254699707,5.304924964904785
COc1c(OCCF)cccc1C(=O)CCCN1CCN(c2cccc3[nH]ccc23)CC1,8.692476272583008,7.749105453491211,8.22079086303711
CCCN(CCN1CCN(c2cccc3cccnc23)CC1)C1Cc2ccc(O)cc2C1,7.639932632446289,8.722206115722656,8.181069374084473
Oc1[nH]cc2cc(F)c(OCCCN3CCN(c4cccc5cc(F)ccc45)CC3)cc12,8.232381820678711,7.963079452514648,8.09773063659668
CCCN(CCN1CCN(c2cccc3c2CCc2ccc(O)cc2-3)CC1)C1CCc2c(O)cccc2C1,8.176194190979004,9.276123046875,8.726158618927002
Cc1ccc2c(CCN=CC3CCC(c4nc5ccccc5n4CCCN3CCF)CC3)c[nH]c2c1,,,
Cc1cc(C(N)=O)cn(CCCN2CCN(c3cccc(C(F)(F)F)c3)CC2)c1C,,,
Oc1[nH]cc2ccc(OCCCN3CCN(c4cccc5cccc(F)c45)CC3)cc12,8.2858247756958,7.846155166625977,8.065989971160889
CCCN(CCN1CN(c2ccccc2)C2(CCN(Cc3ccccc3OC)C2=O)C1=O)C1CCc2ccccc2C1,7.563819408416748,7.673867225646973,7.61884331703186
Fc1cccc(N2CCN(CCCCNc3cccc4ccccc34)CC2)c1,7.641356468200684,7.698504447937012,7.669930458068848
CCc1cccc(CCCN)CN1CCN(c2c(C)cccc2C)CC1,,,
N#Cc1ccc2[nH]c(CN3CCN(c4cccc5cccc(F)c45)CC3)cc2c1,7.380840301513672,5.97028923034668,6.675564765930176
CCCN1CCCC1CNC(=O)c1c(O)cccc1OCCCCN1CCN(c2cccc(Cl)c2Cl)CC1,7.376657485961914,8.91480827331543,8.145732879638672
CN1CCC(c2cnc3ccn(S(=O)(=O)c4ccccc4)c3c2)CC1,5.889544486999512,4.901353359222412,5.395448923110962
O=C(NCCN1CCN(c2cccc(Cl)c2Cl)CC1)c1cc2ccc(C(F)(F)F)cc2[nH]1,6.980777740478516,7.442541599273682,7.211659669876099
O=C1CCc2ccc(OCCCCN3CCN(c4cccc(Cl)c4Cl)CC3)nc2N1,8.820858001708984,7.946710586547852,8.383784294128418
Cc1cccc(N2CCN(CCCCCCCCc3cccnc3)CC2)c1NCCc1c[nH]c2ccc(F)cc12,8.144762992858887,6.888372421264648,7.516567707061768
COc1ccc2c(c1)C(=CCN1CCN(c3ccccc3OC)CC1)c1ccccc1-2,6.434564113616943,6.931944847106934,6.6832544803619385
Fc1ccc(N2CCN(CCCCOc3ccc4ncccc4c3)CC2)cc1,6.784287929534912,7.559123039245605,7.171705484390259
CN1CCCN(CCCN2c3ccccc3Sc3ccc(F)cc32)CC1,6.986394882202148,6.79254674911499,6.889470815658569
Cn1c(N2CCN3CC(CCNCC(F)(F)F)CC3C2)nc2cc(I)c(Cl)cc21,6.509547233581543,7.5061492919921875,7.007848262786865
Oc1[nH]c2ccc(Br)cc2c1CCCCN1CCN(c2cccc3ccccc23)CC1,7.896210193634033,8.279093742370605,8.08765196800232
CCN(CC)C1CCc2cc(F)c3[nH]ccc3c2C1,7.641323566436768,6.895030975341797,7.268177270889282
CCN1CCN(CCCN2c3ccccc3Sc3ccc(Cl)cc32)CC1,7.3402862548828125,7.266788482666016,7.303537368774414
O=C(NCCN1CCN(c2cc(C(F)(F)F)ccc2Cl)CC1)c1c2ccccc2[nH]1,,,
C1=C(c2ccc3cccc(OCCN4CCN(c5cccc6ccccc56)CC4)c3c2)CC1,7.744589328765869,7.967939853668213,7.856264591217041
O=C1NCCN1CCN1CCC(c2cn(-c3ccc(F)cc3)c3ccc(Cl)cc23)CC1,7.742376327514648,6.387310028076172,7.06484317779541
CCCN(CCN1CCN(c2cccc3ccccc23)CC1)C1CCc2ccc(O)cc2C1,7.852016448974609,8.869157791137695,8.360587120056152
CN1CCN(C2Cc3ccccc3Sc3ccc(-c4nnn(C)n4)cc32)CC1,8.439382553100586,7.074907779693604,7.757145166397095
CCCN(CCN1CCN(c2cccc3ccccc23)CC1)C1CCc2c(O)cccc2C1,8.05475902557373,8.830841064453125,8.442800045013428
Clc1cccc(N2CCNCC2)c1CCc1ccccn1,5.9816060066223145,5.038384914398193,5.509995460510254
O=C(NCCN1CCN(c2ccc(Cl)cc2Cl)CC1)c1ccc2ccccc2c1,6.377690315246582,7.158702850341797,6.7681965827941895
Oc1ccc2[nH]cc(CCCN3CC=C(c4ccccc4)CC3)c2c1,8.563095092773438,8.061650276184082,8.31237268447876
CCCN(CCN1CCN(c2cccc3ccccc23)CC1)C1CCc2c(O)cccc2C1,8.05475902557373,8.830840110778809,8.44279956817627
CCN(CCCCCN1CCN(c2ccccc2OCCF)CC1)C1CCc2ccc(O)cc2C1,8.275374412536621,8.055098533630371,8.165236473083496
Oc1[nH]cc2cc(F)c(OCCCN3CCN(c4cccc5cc(F)ccc45)CC3)cc12,8.232381820678711,7.963079452514648,8.09773063659668
CCCN(CCN1CCN(c2cccc3ccoc23)CC1)C1CCc2ccc(O)cc2C1,8.003236770629883,8.87026596069336,8.436751365661621
CCCN(CCN1CCN(c2ccc(-c3ccccc3)cc2)CC1)C1CCc2ccc(O)cc2C1,7.323070049285889,8.556842803955078,7.939956426620483
CCCN(CCN1CCN(c2cccc3c2COCCC3)CC1)C1CCc2ccc(O)cc2C1,7.459155559539795,7.820733070373535,7.639944314956665
Oc1[nH]c2ccccc2c1CCCCN1CCN(c2cccc3ccccc23)CC1,7.698060035705566,7.971535682678223,7.8347978591918945
CCCN(CCN1CCN(c2ccccc2I)C1=O)C1CCc2c(F)cccc2C1,7.447165489196777,7.951925277709961,7.699545383453369
Clc1cccc(N2CCN(CCCCOc3ccc4c(c3)CNC4=O)CC2)c1Cl,8.290882110595703,8.861682891845703,8.576282501220703
Oc1cc2c(OCCNCc3ccc(I)cc3)ccc(I)c2[nH]1,9.429611206054688,8.392539978027344,8.911075592041016
CCc1ccc(CCN2CCN(CCCc3c[nH]c4ccc(C(N)=O)cc34)CC2)cc1,7.06319522857666,7.065859794616699,7.06452751159668
CCN1CCN(CCCC(=O)c2cccc3c2NCCC3)CC1,6.963947772979736,6.745671272277832,6.854809522628784
CCN(CCCCCN1CCN(c2ccccc2OC)CC1)c1cccc(Cl)c1,7.991101264953613,7.354206085205078,7.672653675079346
N#Cc1ccc2[nH]c(C(=O)Nc3ccc(CCN4CCN(c5cccc6ccccc56)CC4)cc3)cc2c1,7.324352741241455,6.824603080749512,7.074477910995483
Cc1ccc2c(CCN3CCN(CCOc4cccc5nc(O)sc45)CC3)c[nH]c2n1,8.035725593566895,7.444493770599365,7.74010968208313
CCCN(CCCCCCCCN(CCCCCNCCC1CCc2ccccc2O1)C1CCc2ccccc2C1,,,
COc1ccccc1N1CCN(CCCCSc2nc3ccccc3s2)CC1,7.871122360229492,8.42541217803955,8.148267269134521
CN1CCN(CCCN2c3ccccc3Sc3ccc(Cl)cc32)CC1,7.559834003448486,7.69283390045166,7.626333951950073
O=C1c2ccccc2CCN1CCC1CCN(CCc2ccccc2I)CC1,7.219899654388428,6.694765567779541,6.957332611083984
CN1CCN(C2Cc3ccccc3Sc3ccccc32)CC1,8.323587417602539,7.901858329772949,8.112722873687744
CCN(C)C1CCc2c(O)cccc2C1,8.3818941116333,8.720300674438477,8.551097393035889
CC1NC(=O)c2ccc(CCCCCN3CCN(c4cccc(Cl)c4Cl)CC3)cc2O1,8.298327445983887,8.081978797912598,8.190153121948242
O=C(NCc1cccc(CCN2CCN(c3cccc4ncccc34)CC2)c1)c1ccccc1Cl,7.194248676300049,6.459443092346191,6.82684588432312
COc1ccccc1N1CCN(CCCCc2cccc3ccccc23)CC1,7.672781944274902,7.734674453735352,7.703728199005127
COc1ccccc1N1CCN(CCCCNc2cccc(F)n2)CC1,8.71290397644043,7.596000671386719,8.154452323913574
CCCN(CCN1CCN(c2cccc3ccccc23)CC1)C1CCc2ccc(O)cc2C1,7.852016448974609,8.869157791137695,8.360587120056152
CCCN(CCN1CCN(c2cccc(C(F)(F)F)c2Cl)CC1)C1CCc2nc(N)sc2C1,7.306367874145508,8.195255279541016,7.750811576843262
CCN(CCC(=O)NCc1c(-c2ccc(F)cc2)nc2ccc(F)cn12)CC1CC1,5.821643352508545,6.346793174743652,6.084218263626099
Oc1[nH]cc2ccc(OCCCN3CCN(c4cccc5c4CCC5)CC3)cc12,8.58419418334961,7.922112464904785,8.253153324127197
CCCCN1CCN(c2cccc3c2CCCC3)CC1,8.180627822875977,7.807986259460449,7.994307041168213
CCCN(CCN1CCN(c2cccc3cnccc23)C1=O)C1CCc2ccc(O)cc2C1,6.9339919090271,7.796696662902832,7.365344285964966
Nc1cccc(N2CCN(CCCCNC(=O)c3cccc4c3OCO4)CC2)c1,7.268483161926269,8.256753921508789,7.762618541717529
CCCN(CCN1C2CCC1c1ccc(Cl)cc1)C1CCc2ccc(O)cc2C1,,,
O=C1N(CCN2CCN(c3ccccc3)CC2)CCN1c1cc2ccccc2[nH]1,6.864078998565674,6.421219348907471,6.642649173736572
CN1CCc2cccc3c2Cc2[nH]cc(C(C)(C)C)c2C1,,,
Oc1[nH]cc2ccc(OCCCN3CCN(c4cccc5c(F)cccc45)CC3)c(F)c12,8.141064643859863,7.775667190551758,7.9583659172058105
Oc1ccc2c(CCCCNCCOc3cccc4c3CCCC4)c[nH]c2c1,8.633742332458496,7.825480461120605,8.22961139678955
Oc1[nH]cc2ccc(OCCCN3CCN(c4cccc5cccc(F)c45)CC3)cc12,8.2858247756958,7.846155166625977,8.065989971160889
Oc1[nH]c2ccc(F)cc2c1CCCCN1CCN(c2ccccc2)CC1,7.47390079498291,7.426883697509766,7.450392246246338
O=C(NC1CCc2ccc(CCCN3CCN(c4ccccc4Cl)CC3)cc21)C1CCCC1,7.517016410827637,6.940423011779785,7.228719711303711
CN(C)CCc1cn(C)c2ccc(Br)cc12,7.474510192871094,6.557125568389893,7.015817880630493
CN1CCN(CCCN2c3ccccc3Sc3ccc(Cl)cc32)CC1,7.5598344802856445,7.69283390045166,7.626334190368652
N#Cc1ccc2[nH]c3c(c2c1)CCCN3CCCN1CCN(c2ccccc2OC(F)(F)F)CC1,7.628252029418945,6.61248779296875,7.120369911193848
CN1CCN(C2=Cc3ccccc3Oc3ccc(Cl)cc32)CC1,7.99347448348999,7.783572196960449,7.88852334022522
COc1ccccc1N1CCN(CCCCCCCN2CCN(c3ccccc3OC)CC2)CC1,7.837441921234131,7.5310869216918945,7.684264421463013
CCCN(CCN1CCN2CN(c3cccc(Cl)c3)CC2C1)C1CCc2c(O)cccc2C1,6.96842622756958,8.648021697998047,7.8082239627838135
OC1(c2ccc(F)cc2)CC2CCC(C1)N2CCCc1ccccc1,6.98209285736084,6.846421718597412,6.914257287979126
CCCN(CCN1CCN(c2cccc(Cl)c2Cl)CC1)C1CCc2ccc(O)cc2C1,7.754941463470459,8.884286880493164,8.319614171981812
CCCN(CCN1CCN(c2ccccc2)CC1)C1CCc2c(O)cccc2C1,7.368458271026611,8.235482215881348,7.8019702434539795
Cc1ccc2c(N3CCN(Cc4cccc(-c5ccccc5)c4)CC3)cccc2n1,7.612872123718262,6.996807098388672,7.304839611053467
CCCN(CCN1CCN(c2cccc3c2OCCF)CC1)C1CCc2c(O)cccc2C1,,,
Clc1ccc(N2CCN(CCCCc3c[nH]c4ccc(Br)cc34)CC2)nc1,6.864584445953369,7.357387542724609,7.110985994338989
Cc1ccc2c(N3CCN(CCc4cccc(NC(=O)CCN(C)C)c4)CC3)cccc2n1,6.523681163787842,6.9717230796813965,6.747702121734619
CCCN1CCCCC1CNC(=O)c1c(O)cccc1OCCCF,6.562043190002441,7.566581249237059,7.06431221961975
Oc1[nH]c2ccccc2c1CCCCN1CC=C(c2cccc3ccccc23)CC1,7.441141128540039,8.35091495513916,7.8960280418396
Oc1[nH]cc2cc(F)c(OCCCN3CCN(c4cccc5cccc(F)c45)CC3)cc12,8.04649829864502,7.654065132141113,7.850281715393066
CCCN(CCN1CCN(c2ccc3[nH]ccc3c2)CC1)C1CCc2ccc(O)cc2C1,7.211019039154053,8.363239288330078,7.787129163742065
CC(C)Oc1ccccc1N1CCN(Cc2ccc(CN3CCCCCC3=O)n2C)CC1,8.326491355895996,6.791318893432617,7.558905124664307
CN1CCc2cccc3c2Cc2[nH]c3ccc(F)cc3c2CC1,,,
CCCN(CCN1CCN(c2cccc3ccccc23)CC1)C1CCc2ccc(O)cc2C1,7.852016448974609,8.869157791137695,8.360587120056152
COc1ccccc1N1CCN(CCCCNC(=O)c2c(CF)cccc2C(F)(F)F)CC1,7.8138957023620605,7.972046852111816,7.8929712772369385
COc1ccccc1N1CCN(CCCCc2ccc3c(c2)CNC3=O)CC1,8.452794075012207,8.121603012084961,8.287198543548584
CCCN(CCN1CCN(c2c(Br)cccc2C#N)CC1)C1CCc2ccc(O)cc2C1,7.462292671203613,8.621064186096191,8.041678428649902
Oc1ccc2c(CCCCN3CCN(c4ccccc4)CC3)c[nH]c2c1,7.834858417510986,7.976181507110596,7.905519962310791
CCCN1CCCC2c3cccc(OC)c3CCC21,6.61986255645752,7.2053751945495605,6.91261887550354
CCN(CCN1CCN(c2ccccc2C)CC1)c1nc(-c2ccccc2)cs1,6.503264427185059,6.319531440734863,6.411397933959961
Nc1cccc(N2CCN(CCCCN3CCN(c4cccc(Cl)c4Cl)CC3)CC2)c1,7.643074989318848,8.587650299072266,8.115362644195557
N#Cc1ccc2[nH]cc(CCCCN3CCN(c4ccn(-c5ccc(F)cc5)n4)CC3)c2c1,7.58641242980957,7.637957572937012,7.612185001373291
CCN1CCc2cccc3c2C1Cc1cccc(O)c1-3,7.641109943389893,7.401450157165527,7.52128005027771
O=C(NCCCCN1CCN(c2cccc(Cl)c2Cl)CC1)c1ccc2ccccc2c1,7.087527751922607,9.066522598266602,8.077025175094604
Oc1[nH]cc2ccc(OCCCN3CCN(c4cccc5cc(F)ccc45)CC3)c(F)c12,8.344566345214844,8.060245513916016,8.20240592956543
Cc1ccnc(N2CCN(CCCCNC(=O)c3ccc(I)cc3)CC2)c1,6.580549240112305,7.877904891967773,7.229227066040039
CN1CCN(C2Cc3ccccc3Sc3ccc(-c4nnn(CCCN5CCN(c6ccccc6Cl)CC5)n4)cc32)CC1,7.656443119049072,7.326650142669678,7.491546630859375
CN1C(CNCCc2ccccc2)CCCC1CCN1CCN(c2ccnc3ccccc23)CC1,6.436064720153809,6.440592288970947,6.438328504562378
O=C(NCCCCN1CCN(c2cccc(Cl)c2Cl)CC1)c1cc2ccccc2[nH]1,7.3425798416137695,9.33303451538086,8.337807178497314
Oc1ccc2c(CCCCN3CCN(c4cccc5ccccc45)CC3)c[nH]c2c1,8.319184303283691,8.32239055633545,8.32078742980957
Cc1c(CCN2CCN(c3cccc4[nH]c(-c5ccccc5)cc34)CC2)noc1C,7.589486122131348,7.067442417144775,7.3284642696380615
Oc1cc2c(OCCNCc3cnc[nH]3)ccc(F)c2[nH]1,8.580549240112305,7.312234401702881,7.946391820907593
COc1ccccc1N1CCN(CCNC(=O)c2ccc(I)cc2)CC1,7.601820468902588,7.350069046020508,7.475944757461548
O=C1N(CCN2CC=Cc3ccccc32)CCN1CCN1CC=C(c2c[nH]c3ccc(F)cc23)CC1,8.06486701965332,7.818939685821533,7.941903352737427
CN1CCCN(C2CC(c3ccc(F)cc3)c3ccc(Cl)cc32)CC1,7.748514175415039,6.094422340393066,6.921468257904053
NCc1ccc(Cl)cc1CNC1CCC(CCN2CCN(c3cccc(Cl)c3Cl)CC2)CC1,7.343294143676758,7.591474533081055,7.467384338378906
c1ccc2[nH]c(N3CCN(CCCCCN4CCN(c5cccc6ccccc56)CC4)CC3)nc2c1,7.84686279296875,7.347368240356445,7.597115516662598
COc1ccccc1N1CCN(CCCCNC(=O)c2cc3ccccc3n2CCc2ccccc2)CC1,6.695765018463135,7.803934097290039,7.249849557876587
CCCN(CCN1CCN(c2cccc3ccoc23)CC1)C1CCc2ccc(O)cc2C1,8.003236770629883,8.87026596069336,8.436751365661621
N#Cc1ccc2[nH]c(CN3CCN(c4cccc(Cl)c4Cl)CC3)nc2c1,6.765466690063477,5.845062255859375,6.305264472961426
Clc1cccc(N2CCNCC2)c1Cl,6.961555004119873,5.804415225982666,6.3829851150512695
CCCN(CCN1CCN(c2cccc3ccccc23)CC1)C1CCc2ccc(O)cc2C1,7.852016448974609,8.869171142578125,8.360593795776367
O=C1CCc2ccc(OCCCCN3CCN(c4ccccc4Cl)CC3)nc2N1,8.606689453125,7.439613342285156,8.023151397705078
CCCN(CCN1CCN(c2cccc3ccoc23)CC1)C1CCc2ccc(O)cc2C1,8.003236770629883,8.87026596069336,8.436751365661621
Nc1ccc2[nH]cc(CCCN3CCN(c4cccc(Cl)c4Cl)CC3)c2c1,8.000848770141602,7.167127132415772,7.5839879512786865
Cc1ccc2c(N3CCN(CCc4cccc(-c5ccccc5)c4)CC3)cccc2n1,7.434859752655029,7.006354808807373,7.220607280731201
COc1ccccc1N1CCN(CCCCNC(=O)C2CCC3c4ccccc4CCC32)CC1,7.156033992767334,8.109557151794434,7.632795572280884
c1ccc(OCCNCC2CCc3ccc(OCCN4CCCCC4)cc3O2)cc1,8.667202949523926,7.414070129394531,8.040636539459229
COc1ccccc1N1CCN(CCCCSc2ncc(C)n2C)CC1,7.413350582122803,7.277714729309082,7.345532655715942
Oc1[nH]cc2ccc(OCCCN3CCN(c4cccc5cccc(F)c45)CC3)cc12,8.2858247756958,7.846155166625977,8.065989971160889
N#Cc1cccc2c1N1CCN(CCCNC(=O)C2Cc2cccs2)CC1,6.430692672729492,6.053863048553467,6.2422778606414795
COc1ccccc1N1CCN(CCCCNC(=O)c2cc3ccccc3s2)CC1,7.43854284286499,9.065713882446287,8.25212836265564
O=C1N(CCN2CC3CCC2C3)CCN1c1cccc(Cl)c1,7.770598411560059,8.38361930847168,8.07710886001587
CCC(N)Cc1c[nH]c2ccc(O)cc12,6.241091251373291,5.581960201263428,5.911525726318359
CN1CCCN(c2ccccc2CCCCCNCCCc2c[nH]c3ccc(F)cc23)CC1,6.709390163421631,6.149099349975586,6.429244756698608
O=C1CCc2ccc(OCCCCN3CCN(c4cccc(Cl)c4Cl)CC3)nc2N1,8.820858001708984,7.946710586547852,8.383784294128418
CCN1CCCC1CNCc1cccc(CCCO)c1,4.026970863342285,5.721385955810547,4.874178409576416
Oc1ccc2c(N3CCN(Cc4cccc5c4N=CC5)CC3)cccc2[nH]1,,,
CCCN(CCN1CCN(c2ccc(-c3ccccc3)cc2)CC1)C1CCc2ccc(O)cc2C1,7.323070049285889,8.556982040405273,7.940026044845581
CN1CCN(CCCN2c3ccccc3Sc3ccc(Cl)cc32)CC1,7.559896469116211,7.69283390045166,7.6263651847839355
O=C1Cc2cccc(OCCCN3CCN(c4cccc5cc(F)ccc45)CC3)c2N1,8.545234680175781,7.839911460876465,8.192573070526123
CCN1CCCC(c2c(O)ccc3cc(OCCCN4CCN(c5ccccc5OC)CC4)ccc23)C1,7.631016254425049,7.969345092773437,7.800180673599243
Cc1ncc(-c2ccc3c(c2)CCN(CCCSc2nnc(-c4cccc(C#N)c4)n2C)CC3)n1C,5.853503227233887,8.031597137451172,6.942550182342529
O=C(NCCCCN1CCN(c2ccc(Cl)cc2Cl)CC1)c1cccc2c1-c1ccccc1C2=O,6.405148983001709,8.121133804321289,7.263141393661499
Fc1ccc2[nH]cc(CCCNCCOc3cccc4[nH]cnc34)c2c1,8.486357688903809,7.49924898147583,7.992803335189819
[H]C([H])(CO)N1CCN(CCCc2c[nH]c3ccc(C(N)=O)cc23)CC1,5.9952311515808105,6.570878505706787,6.283054828643799
COc1cccc(CN2C3C4CCC2CC(N3)C2)c1,,,
COc1ccccc1N1CCN(CCCCn2ncc(C(F)(F)F)c4ccccc42)CC1,,,
COc1c(NC(=O)NCCCCN2CCN(c3cccc(Cl)c3Cl)CC2)ccc2c(C)noc12,7.820055484771728,8.118621826171875,7.969338655471802
ON=C(c1nc2ccccc2[nH]1)C1CCN(CC2COc3ccccc3O2)CC1,7.938053131103516,6.6002702713012695,7.269161701202393
Oc1cc2c(OCCNCCCc3ccc(F)cc3)ccc(Cl)c2[nH]1,8.900819778442383,7.338029384613037,8.11942458152771
CCCN(CC1CC1)C1CCc2ccc(O)cc2C1,7.117830753326416,9.11347484588623,8.115652799606323
COc1ccccc1N1CCN(CCCCNC(=O)c2ccc(SCc3ccc(F)cc3)cc2)CC1,6.836784839630127,8.184235572814941,7.510510206222534
CCN(CCCCCN1CCN(c2ccccc2OC)CC1)C1CCc2ccc(O)cc2C1,8.179722785949707,8.071022987365723,8.125372886657715
O=C1Cc2ccc(OCCCCN3CCN(c4cccc(Cl)c4Cl)CC3)cc2N1,8.552324295043945,8.547882080078125,8.550103187561035
CCc1c(O)oc2ccc(OCCCN3CCN(c4cccc(Cl)c4Cl)CC3)cc12,7.548494338989258,8.555682182312012,8.052088260650635
CCN(CCN1CCN(c2ccccc2)CC1)C1CCc2c(O)cccc2C1,7.458319187164307,7.693376541137695,7.575847864151001
Oc1cc2c(OCCNCCN3CCN(c4cccc5ccccc45)CC3)ccc(F)c2[nH]1,8.624234199523926,7.70439338684082,8.164313793182373
CCCN1CCCC1CCNC(=O)c1ccc2c(c1)-c1cc(O)ccc1OCC2,7.135449409484863,7.869768142700195,7.502608776092529
CCN1CCC(c2ccc(C(=O)Nc3ccc(F)cc3)cc2)CC1,6.217721462249756,5.778872013092041,5.998296737670898
CCN1CCc2ccn(C)c2C1CNC(=O)CC1CCCC1,7.161664962768555,7.4155659675598145,7.288615465164185
CCCN(CCN1CCN(c2cccc(Cl)c2Cl)CC1)C1CCc2ccc(O)cc2C1,7.754941463470459,8.884286880493164,8.319614171981812
N#Cc1ccc(CCN2CCN(c3cccc(Cl)c3Cl)CC2)cc1,7.620190620422363,6.90074634552002,7.260468482971191
N#Cc1ccccc1N1CCN(CCCCNC(=O)C=Cc2cccc3ccccc23)CC1,7.237860679626465,8.605045318603516,7.92145299911499
Oc1cc2c(OCCNCCc3c[nH]c4ccc(-c5cccs5)cc34)ccc(F)c2[nH]1,8.368947982788086,7.562116622924805,7.965532302856445
CCCN(CCCCN1CCN(c2ccccc2)CC1)c1cccc(Cl)c1,7.41339111328125,7.439189910888672,7.426290512084961
O=C(NCC=CCN1CCN(c2cccc(Cl)c2Cl)CC1)c1cccc2c1CCCC2,8.068449974060059,8.414846420288086,8.241648197174072
CN1CCc2ccccc2Cc2ccc(CC3CN(CCCc4ccc(Cl)cc4)CCC3)cc2CC1,6.441709995269775,6.220685958862305,6.33119797706604
O=C1N(CCN2CCC(c3ccc(F)cc3)CC2)CCN1c1cccc(F)c1,7.4337334632873535,6.807292938232422,7.120513200759888
CCN1CCN(CCCCN2c3ccccc3Sc3ccc(Cl)cc32)CC1,7.497236251831055,8.112181663513184,7.804708957672119
O=C1OCCN1CCN1CCC2C(C1)c1cccc3c1N2CCN3,6.123786449432373,5.498981952667236,5.811384201049805
CCCN(CCC1CCC(NC(=O)c2ccc3c(c2)CCC(=O)N3)CC1)C1CCc2c(O)cccc2C1,7.905044078826904,8.445979118347168,8.175511598587036
COc1ccccc1N1CCN(CCCCNC(=O)c2cccc3ccccc23)CC1,7.269603729248047,8.39780044555664,7.833702087402344
OC1(c2ccc(F)cc2)CC2CCC(C1)N2Cc1coc2ccccc12,7.858871936798096,8.073594093322754,7.966233015060425
CN1CCc2c(sc3ncn(CCN4CCN(c5cccc6ccncc56)CC4)c(=O)c23)C1,7.476644515991211,7.108672142028809,7.29265832901001
CN1CCN(C2Cn3cccc3Sc3ccc(Br)cc32)CC1,8.921730041503906,8.506511688232422,8.714120864868164
CCN1CCCC2Cc3ccccc3CCC21,6.461997985839844,6.068732738494873,6.265365362167358
COc1cc(N)c(Cl)cc1C(=O)NC1CCN(CCCN2CCN(c3ccccc3OC)CC2)CC1,7.441420555114746,7.223766803741455,7.332593679428101
N#Cc1ccc(N2CCN(CCCCNC(=O)c3ccc(F)cc3)CC2)cc1CCc1c[nH]c2ccccc12,6.619815349578857,7.758580207824707,7.189197778701782
CN1CCN(C2Cc3cccc(O)c3Oc3ccc(F)cc32)CC1,7.510471343994141,8.008169174194336,7.759320259094238
CCCN(CCN1CCN(c2ccc(-c3ccccc3)cc2)CC1)C1CCc2n[nH]c(-c3ccc(Cl)cc3)c2C1,6.9707794189453125,8.030356407165527,7.50056791305542
CN1CCN(C2Cc3ccccc3Sc3ccc(Cl)cc32)CC1,9.140546798706056,8.702610969543457,8.921578884124756
CCN1CCCCC1CNC(=O)c1cccc2[nH]ccc12,6.644051551818848,7.328347206115723,6.986199378967285
Oc1ccc2[nH]c3c(c2c1)CCCNC3,7.126907825469971,5.095415115356445,6.111161470413208
O=C(NCCCN1CCN(c2cccc(Cl)c2Cl)CC1)c1ccc2c(c1)Cc1ccccc1-2,6.5046491622924805,7.379143714904785,6.941896438598633
CCCN(CCN1CCN(c2cccc3ccccc23)CC1)C1CCc2ccc(O)cc2C1,7.852016448974609,8.869157791137695,8.360587120056152
COc1ccccc1N1CCN(CCCCNC(=O)c2cccc3c2SCCC3)CC1,8.018946647644043,8.22094440460205,8.119945526123047
O=C1N(CCN2CCN(c3cccc(Cl)c3Cl)CC2)CCN1c1ccccn1,6.932389259338379,6.983883380889893,6.958136320114136
Oc1nc2cc(N3CCN(CCCCc4ccncc4)CC3)ccc2[nH]1,6.795902729034424,6.9281535148620605,6.862028121948242
O=C(NC1CCc2ccc(CCN3CCN(c4cccc(Cl)c4Cl)CC3)cc21)c1c[nH]c2ccccc12,7.128918647766113,6.663644313812256,6.896281480789185
Oc1[nH]c2ccccc2c1CCCCN1CCN(c2cccc3ccccc23)CC1,7.698060035705566,7.971535682678223,7.8347978591918945
CN1CCc2c(c3cccc4c3n2CCc2ccccc2C4)C1,6.554804801940918,6.416290283203125,6.4855475425720215
Fc1cccc(N2CCN(CCCCNCCc3ccc(-c4ccccc4F)cc3)CC2)c1,6.878951549530029,6.697467803955078,6.788209676742554
CCCN(CCN1CCN(c2ccnc3ccccc23)CC1)C1CCc2c(O)cccc2C1,7.8658552169799805,8.812647819519043,8.339251518249512
CCc1ccc2c(N3CCN(CCCCc4cccc(-n5ccc6cc(C(F)(F)F)ncc65)c4)CC3)ccc(F)c2n1,7.261267185211182,6.799983501434326,7.030625343322754
CCCN(CCN1CCN(c2cccc3c2CCCO3)C1=O)C1CCc2ccc(O)cc2C1,7.699231147766113,7.795905113220215,7.747568130493164
CCC(N)C1CCC(COc2cc(CCCN3CCN(c4ccccc4OC)CC3)ccc2OC)CC1,7.156190395355225,7.349797248840332,7.252993822097778
O=C(NCCCCN1CCN(c2cccc(Cl)c2Cl)CC1)c1cc2ccccc2[nH]1,7.3425798416137695,9.33303451538086,8.337807178497314
Cc1nccn1CC1CCN(CCCCOc2ccc3c(c2)CN(C)CC3)CC1,5.5295257568359375,6.612589359283447,6.071057558059692
COc1cccc(CN2CCN(CCC#CCc3ccc(F)cc3)CC2)c1OC,5.739330291748047,6.336717128753662,6.0380237102508545
CN1CCN(C2Cc3ccnc(OCCCN4CCN(c5ccccc5Cl)CC4)c3C(=O)N2)CC1,6.18321418762207,6.89752197265625,6.54036808013916
Cc1ccc2c(N3CCN(CCc4cccc(-c5ccccc5)c4)CC3)cccc2n1,7.434859752655029,7.006354808807373,7.220607280731201
Cc1ccc2c(c1)N(CCN1CCN(c3ccc(C#N)cc3)CC1)CC2,6.101321697235107,6.589988708496094,6.345655202865601
Oc1[nH]c2cc(F)ccc2c1CCCCCN1CCN(c2cccc3ccccc23)CC1,7.921263694763184,7.766180038452148,7.843721866607666
Cc1ncoc1-c1nnc(SCCCN2CCC3(c4ccccc4CCCCC3)CC2)n1C,6.1188578605651855,6.637001514434815,6.3779296875
NCCN1CCN(C2CCC(c3coc4ccc(F)cc34)C2)CC1,6.953165531158447,6.773458957672119,6.863312244415283
Cc1c2ccc(N3CCNCC3)c(Cl)c2OC1CCC2C1CCN2CCCC1,,,
Cc1ccc2c(N3CCN(CCc4cccc5c4OCCC(=O)N5)CC3)cccc2n1,7.983921051025391,6.769840717315674,7.376880884170532
Oc1ccc2c(c1)OC(CNCCCCNCc1ccccc1)CC2O,7.158560752868652,7.406472206115723,7.2825164794921875
N#Cc1ccc(N2CCN(CCCCc3ccc4c(c3)NC(=O)CC4)CC2)cc1,7.465322494506836,7.264364242553711,7.364843368530273
CCCN(CCN1CCN(c2cccc(Cl)c2Cl)CC1)C1CCc2c(O)cccc2C1,7.985079765319824,8.79438304901123,8.389731407165527
CN(C)C1CCc2ccc(CCCCN3CCN(c4cccc(Cl)c4Cl)CC3)cc21,7.608898639678955,7.514038562774658,7.561468601226807
Oc1[nH]cc2cc(F)c(OCCCN3CCN(c4cccc5ccc(F)cc45)CC3)cc12,8.179012298583984,7.826079368591309,8.002545833587646
O=C1Cc2ccccc2N1CCCCN1CCN(c2cccc(Cl)c2Cl)CC1,7.535895824432373,8.065313339233398,7.800604581832886
CCCNc1ccccc1SCCC1CN(CCC)CCC12c1cccc(O)c1,,,
CN1CCc2cccc3c2Cc2ccccc2C1Cc1cccc(O)c1-3,6.677413463592529,7.047132015228272,6.8622727394104
CN1CC=C(c2ccccc2)CCC1CNCC(c1ccccc1)c1ccccc1,6.02286434173584,6.433494567871094,6.228179454803467
COc1ccccc1N1CCN(CCc2ccc(-c3nc4ncccc4[nH]3)cc2)CC1,7.502604007720947,7.079144477844238,7.290874242782593
O=C1Cc2ccccc2N1CCCCN1CCN(c2cccc(Cl)c2Cl)CC1,7.535895824432373,8.065313339233398,7.800604581832886
Cc1[nH]c2ccc(OCCN3CCN(c4cccc(Cl)c4Cl)CC3)cc1CCCCN1CCN(c2ccccc2)CC1,,,
CN1CCN(C2Cc3c(ccc(Cl)c3Br)CC2)CC1,7.150087356567383,7.618026733398437,7.38405704498291
O=C1N(CCN2CCCC(Cc3ccccc3)C2)CCN1c1ccccc1F,7.07620096206665,6.115774631500244,6.595987796783447
O=C1CCc2ccc(CCCN3CCN(c4cccc5nc(-c6ccc(Cl)cc6)ccc45)CC3)nc2N1,7.3990888595581055,6.977283954620361,7.188186407089233
N#Cc1cccc(CCCNCCOc2cccc3[nH]ccc23)c1,7.991296768188477,7.617863655090332,7.804580211639404
Oc1ccc2c(OCCNCCCc3ccccc3)cccc2[nH]1,,,
O=C1CCc2ccc(OCCCCN3CCN(c4cccc5cccc(F)c45)CC3)nc2N1,8.669334411621094,7.364121913909912,8.016728162765503
CCCN(C)C1CCc2ccc(O)cc2C1,7.5729546546936035,8.39228343963623,7.982619047164917
O=C1NCCN1CCC1CCC2C(c1ccccc1)c1cccc(I)c1,,,
CCCN1CCN(CCCc2ccccc2)CC1,5.074464797973633,5.172605514526367,5.12353515625
O=C1N(CCCN2CCC3C(C2)c2ccccc2Oc2ccc(F)cc23)CCN1c1ccccc1,6.770257472991943,6.8489274978637695,6.8095924854278564
CCN(CCN1CCN(c2ccc(-c3ccc4ccccc4c3)cc2)CC1)C1CCc2c(O)cccc2C1,7.475159168243408,8.161369323730469,7.8182642459869385
O=C(NCCCCN1CCN(c2cccc(Cl)c2Cl)CC1)c1cc2c[nH]c3ccccc2c1,,,
COc1ccccc1N1CCN(CCCCNC(=O)c2ccc(OCCF)cc2)CC1,7.613565444946289,8.472033500671387,8.042799472808838
CCc1cc(N2CCNC(CCF)C2)nc2ccc(Cl)cc12,6.911081790924072,6.237606525421143,6.574344158172607
Oc1ccc2c(c1)OC(CNCCCN1CCN(c3cccc(Cl)c3Cl)CC1)CC2,9.147972106933594,8.325576782226562,8.736774444580078
CCN1CCN(c2cccc3ccc(OC)cc23)CC1,7.762160301208496,6.606511116027832,7.184335708618164
CCN1CCCC1CNC(=O)c1cc(I)ccc1OC,7.929624080657959,8.566890716552734,8.248257398605347
CN1CCN(C2Cc3ccccc3Sc3ccc(F)cc32)CC1,9.00782871246338,8.473590850830078,8.740709781646729
CCCN(CCN1CN=CC(c2ccc(Cl)cc2)CC1)C1CCc2[nH]c3ccc(F)cc3c2C1,6.610365867614746,7.524384498596191,7.067375183105469
CCNc1ccccc1C(=O)NCCCN1CCN(c2cccc3ccccc23)CC1,6.816098690032959,6.881424903869629,6.848761796951294
COc1ccccc1N1CCN(CCCCn2ncc(COCC3CCCCC3)c2=O)CC1,,,
O=C1Cc2ccccc2N1CCCN1CCN(c2cccc(Cl)c2Cl)CC1,6.690979480743408,7.010175704956055,6.8505775928497314
O=C1c2cccc(CCCN2CCN(c3cccc4c3C=CCCCCN4)CC2)CN1c1ccccc1,,,
CN1CCN(C2=Cc3ccccc3Cn3cccc32)CC1,6.638490676879883,6.769665241241455,6.704077959060669
O=C1N(CCN2CCN(c3ccccc3F)CC2)CCN1c1cccc(F)c1,7.43464469909668,7.289116859436035,7.361880779266357
Oc1ccc2c(OCCCCNCc3ccccc3)ccc(F)c2[nH]1,,,
COc1ccccc1N1CCN(CCCCNC(=O)c2cccc(-c3ccc(F)cc3)c2)CC1,7.478694915771484,8.676694869995117,8.0776948928833
CCN(CCCCCN1CCN(c2ccccc2OC)CC1)C1CCc2ccc(O)cc2C1,8.179722785949707,8.071022987365723,8.125372886657715
Oc1ccc2c(CCCCN3CCN(c4cccc5ccccc45)CC3)c[nH]c2c1,8.319184303283691,8.32239055633545,8.32078742980957
Oc1ccc2[nH]cc(CCCCN3CC=C(c4ccccc4)CC3)c2c1,8.44819450378418,8.916884422302246,8.682539463043213
CCNCCN1CCc2ccc(OS(=O)(=O)c3ccccc3)cc21,6.200094223022461,6.933262825012207,6.566678524017334
COc1ccccc1N1CCN(CCCCNC(=O)C2CCc3ccccc3C2)CC1,7.578157424926758,7.98613166809082,7.782144546508789
Oc1[nH]c2c(F)c(F)cc(OCCCN3CCN(c4cccc5cccc(F)c45)CC3)c2c1,8.511635780334473,7.692017555236816,8.101826667785645
O=C1Nc2c(OCCN3CCC4(CC3)OCc3cc(F)ccc32)CCN1CCC1CCCCC1,,,
CCN1CCc2cccc3c2C1Cc1cccc(O)c1-3,7.641109943389893,7.401450157165527,7.52128005027771
COc1ccccc1N1CCN(CCCC(=O)c2cccc3c2CCN3)CC1,8.358743667602539,7.956155300140381,8.15744948387146
Oc1cccc2[nH]cc(CCCCN3CC=C(c4ccccc4)CC3)c12,8.293204307556152,8.842018127441406,8.56761121749878
CC(C)Oc1ccccc1N1CCN(C2CCC(NC(=O)c3ccccc3O)CC2)CC1,7.292623519897461,8.090944290161133,7.691783905029297
CCCN(CCN(CCC)C1CCc2ccc(O)cc2C1)C1CCc2c(O)cccc2C1,7.860012054443359,9.452861785888672,8.656436920166016
CCN(CCN1CCN(c2cccc(Cl)c2Cl)C1=O)C1CCc2c(F)ccc(F)c2C1,7.371729373931885,7.880867958068848,7.626298666000366
Oc1[nH]cc2ccc(OCCCN3CCN(c4cccc5ccccc45)CC3)cc12,8.251432418823242,8.164287567138672,8.207859992980957
CCCN(CCN1CCN(c2ccn(-c3ccccc3)c2=O)CC1)C1CCc2c(O)cccc2C1,,,
O=C1CCCN1CCN1CCN(c2cnc3ccccc3c2)CC1,6.277775764465332,6.691217422485352,6.484496593475342
CCCN(CCN1CCN(c2cccc3ccoc23)CC1)C1CCc2ccc(O)cc2C1,8.003236770629883,8.87026596069336,8.436751365661621
C(=Cc1cn(CCCCCN2CCN(c3cccc(C(F)(F)F)c3)CC2)c2ccccc12)CC1CCN(CC2CC2)C1,6.4242262840271,6.785524368286133,6.604875326156616
O=C(NCCCl)c2cc(OCCCN3CCN(c4cccc(Cl)c4Cl)CC3)ccc21,,,
N#Cc1ccc(CN2CCC(N3CCN(c4ccccc4Cl)CC3)CC2)cc1-n1cnc2ccccc21,6.226259231567383,5.874395370483398,6.050327301025391
OCC1C2CN(CCCCCCCN3CCN(c4ccccc4Cl)CC3)CC21,6.526154518127441,5.839352130889893,6.182753324508667
CCN1CCN(c2cccc3c2CCCC1CC=Cc1ccc(OCc2cccc(F)c2)cc1,,,
COc1ccccc1N1CCN(CCCCNC(=O)c2ccc3ccccc3c2)CC1,7.298825263977051,8.823209762573242,8.061017513275146
O=C1N(CCN2CC=C(c3cccc(F)c3)CC2)CCN1c1ccccc1OCC1CCN(Cc2ccccc2)CC1,7.0223588943481445,7.314784049987793,7.168571472167969
Oc1[nH]cc2ccc(OCCCCN3CCN(c4cccc5c4-c4ccccc4)CC3)cc12,,,
Oc1[nH]cc2ccc(OCCCCN3CCN(c4cccc5ccccc45)CC3)cc12,8.26774787902832,8.365196228027344,8.316472053527832
CCN(CC)C(=O)c1ccc(CN2CCN(c3ccc(Cl)c(Cl)c3)CC2)cc1,6.048145294189453,6.872686862945557,6.460416078567505
C1=C(c2ccc3[nH]cc(CCCN4CCN(c5cccc6ccccc56)CC4)c3c2)CCN1,7.741596221923828,7.480803489685059,7.611199855804443
Fc1cccc2c1NCCN2CCCN1CCN(c2ccccc2)CC1,6.366882801055908,5.8542890548706055,6.110585927963257
Oc1ccc(N2CCN(Cc3c[nH]c4ccccc34)CC2)cc1,6.5339460372924805,6.207429885864258,6.370687961578369
Oc1c2cccc3c2c(OCCN1CCC(c2noc3cc(F)ccc23)CC1)c1cccc(O)c1,,,
CN1CCN(CCCN2c3ccccc3Sc3ccc(Cl)cc32)CC1,7.559834003448486,7.69283390045166,7.626333951950073
CCN1CCN(CCCCN2c3ccccc3Sc3ccc(C(F)(F)F)cc32)CC1,7.055807590484619,7.22160530090332,7.13870644569397
Cc1cc2c(s1)Nc1ccccc1N=C2N1CCN(C)CC1,6.933331489562988,7.052985191345215,6.993158340454102
Oc1ccc2[nH]cc(CCCCN3CCN(c4cccc5ccccc45)CC3)c2c1,8.49316692352295,8.180514335632324,8.336840629577637
COc1ccccc1N1CCN(CCCCNCC2CCc3ccc(O)cc3O2)CC1,9.270181655883787,8.709940910339355,8.990061283111572
c1ccc(N2CCN(CCCCOc3ccc4cccnc4c3)CC2)cc1,7.148453712463379,7.731174945831299,7.439814329147339
N#Cc1cccc(NC2CCN(CCCC3CCC(Nc4ncccc4Cl)CC3)CC2)c1,7.874336242675781,7.818259239196777,7.846297740936279
COc1ccc[nH]c1N1CCN(CCCCOc2ccc(Br)cc2)CC1,,,
c1ccc(CN2CCN(CC3CCc4ccc(OCCCCCN5CCN(c6ccccc6OCCF)CC5)cc4O3)CC2)cc1,7.731296539306641,7.3775224685668945,7.554409503936768
CCN(CC)C(=O)NC1Cc2c(cc3c[nH]c4c3c2C=CC4)N(C)C1,8.286233901977539,9.047680854797363,8.666957378387451
Ic1cccc(N2CCN(CCCC3CCC(NCC4CCC(Oc5ccccc5Br)CC4)CC3)CC2)c1,7.365925788879394,7.800625324249268,7.583275556564331
COc1ccccc1N1CCN(CCNCC2Cc3ccccc3O2)CC1,7.922536373138428,7.011336326599121,7.466936349868774
Oc1c2c([nH]c3ccc(CN4CCN(c5cccc6ccccc56)CC4)cc13)CC2,,,
CCN1CCN(C2Cn3cccc3Sc3ccc(Cl)cc32)CC1,8.499506950378418,7.993031978607178,8.246269464492798
Oc1[nH]cc2cc(F)c(OCCCN3CCN(c4cccc5cccc(F)c45)CC3)cc12,8.04649829864502,7.654065132141113,7.850281715393066
O=C(NCCCCN1CCN(c2nsc3ccccc23)CC1)C1CCC22C1,,,
CCCN(CCN1CCN(c2cncc3ccccc23)CC1)C1CCc2ccc(O)cc2C1,7.425510883331299,8.824838638305664,8.125174760818481
COc1cccc(CN2CCN(CCCCNC(=O)c3ccc(N(C)C)cc3)CC2)c1,5.726320743560791,8.058317184448242,6.892318964004517
N#Cc1ccc2cc3c(cc2c1)CCN3CCC1CC1,6.762996673583984,7.536652565002441,7.149824619293213
Oc1[nH]c2ccccc2c1CCCCN1CCN(c2cccc3ccccc23)CC1,7.698112487792969,7.971535682678223,7.834824085235596
Brc1ccc(N2CCN(Cc3c[nH]c4ccccc34)CC2)cc1,6.192505836486816,6.251646995544434,6.222076416015625
CCN1CCN(CCCc2cc(OC)c(OC)cc2SC)CC1,6.172145366668701,6.865296363830566,6.518720865249634
Oc1[nH]cc2cc(F)c(OCCCN3CCN(c4cccc5c(F)cccc45)CC3)cc12,8.0147705078125,7.705083847045898,7.859927177429199
O=C1Cc2ccc(OCCCCN3CCN(c4cccc5cccc(F)c45)CC3)nc2N1,8.506366729736328,7.403656005859375,7.955011367797852
CCCN(CCN1CCN(c2cccc3ccccc23)CC1)C1CCc2ccc(O)cc2C1,7.852016448974609,8.869157791137695,8.360587120056152
O=C(NC1CCC(CCN2CCN(c3cccc(Cl)c3Cl)CC2)CC1)c1cccc2ccccc12,7.486489295959473,8.409736633300781,7.948112964630127
Oc1c2cccc3c2N1C1CCN(CCCCOc2cccc4[nH]ccc24)CC1,,,
CCCN(CCN1CCN(c2ccccc2)CC1)C1CCc2ccc(O)cc2C1,7.061977386474609,8.358572006225586,7.710274696350098
COc1ccccc1N1CCN(CCCCNC(=O)c2cc3ccccc3s2)CC1,7.43854284286499,9.065712928771973,8.252127885818481
O=C1N(CCN2CCCCCC2)CCN1c1c2c(ccc3ccccc32)CC1,,,
CCNC1CN(c2cccc(Cl)c2)C2(CCN(CCCC(=O)c3ccc(F)cc3)CC2)C1=O,8.63763427734375,8.185623168945312,8.411628723144531
Oc1[nH]cc2[nH]cc(CCCCN3CCN(c4cccc5ccccc45)CC3)c12,8.206974029541016,8.193004608154297,8.199989318847656
COc1ccccc1N1CCN(CCCCNC(=O)c2ccsc2)CC1,7.342317581176758,9.010993957519531,8.176655769348145
CCCN(CCN1CCN(c2ccccc2OC)CC1)C1CCc2c(O)cccc2C1,8.0911283493042,8.516032218933105,8.303580284118652
CCCN(CCC1CCC(NS(=O)(=O)c2ccccc2I)CC1)C1CCc2nc(N)sc2C1,7.588211059570312,9.226058959960938,8.407135009765625
O=C(NCCCCN1CCN(c2cccc(Cl)c2Cl)CC1)c1cc2ncccc2[nH]1,7.423164367675781,9.283781051635742,8.353472709655762
CCN(C)C1CCc2c(c(O)cc3c2C1Cc1ccc(O)c(O)c1O3,,,
O=C1N(C2CCCCC2)CCN1CC1CCC(Cc2ccc(F)cc2)CC1,7.736383438110352,7.499159812927246,7.617771625518799
Oc1ccc2c(c1)OC(CNCCCCNC1=NCCo1)CC2,9.091979026794434,7.2255539894104,8.158766508102417
CCCN(CCN1CCN(c2ccnc3ccccc23)CC1)C1CCc2ccc(O)cc2C1,7.621154308319092,8.850150108337402,8.235652208328247
CCCN(CCN1CCN(c2cccc3c2Cc2ccc(Cl)cc2S3)CC1)C1CCc2c(O)cccc2C1,7.8469977378845215,9.01915168762207,8.433074712753296
O=C(NCCCCN1CCN(c2cccc(Cl)c2Cl)CC1)c1ccc2ccccc2c1,7.087527751922607,9.066522598266602,8.077025175094604
N1CCc2ccccc2C2(CCN(C3CCC4(CC3)CC4)CC2)C1,4.760956287384033,5.762215614318848,5.26158595085144
N#Cc1cccc(N2CCN(CCCCNC(=O)c3cc4ccccc4s3)CC2)c1,7.135009288787842,8.760618209838867,7.9478137493133545
N#CNCc1ccc(CCNCC2CCC(c3ccccc3)(c3ccccc3)CC2)cc1,6.340349197387695,6.674223899841309,6.507286548614502
c1ccc(CCCNCCCOc2cccc3[nH]ccc23)cc1,7.214962959289551,7.317185401916504,7.266074180603027
Oc1[nH]c2cc(F)ccc2c1CCCCN1CCN(c2cccc3ccccc23)CC1,7.918356895446777,8.01513671875,7.966746807098389
CCCN(CCN1CCN(c2ccccc2C#N)CC1)C1CCc2ccc(O)cc2C1,7.496461391448975,8.617944717407227,8.0572030544281
CCCN(CCN1CCN(c2cccc(Cl)c2Cl)CC1)C1CCc2ccc(O)cc2C1,7.754941463470459,8.884286880493164,8.319614171981812
CN1CCCN(CCN2c3ccccc3Sc3ccc(Cl)cc32)CC1,7.836860656738281,7.202963829040527,7.519912242889404
Cc1cc(N2CCN(CCN3CCN(c4ccc(Cl)cc4)CC3)CC2)cn1,,,
O=C(NCCCCN1CCN(c2cccc(Cl)c2Cl)CC1)c1cccnc1,7.342226982116699,9.015792846679688,8.179009914398193
CCCN(CCN1CCN(c2cccc3ccccc23)CC1)C1CCc2ccc(O)cc2C1,7.852016448974609,8.869157791137695,8.360587120056152
N#Cc1ccc2[nH]c(CNC3CCC(c4ccccc4)CC3)cc2c1,6.815646648406982,7.14057731628418,6.978111982345581
N#Cc1cccc(NCCN2CCN(c3cccc(Cl)c3Cl)CC2)n1,8.140631675720215,6.516855239868164,7.3287434577941895
Cc1ccc2c(OCCN3CCN(c4cccc5ccccc45)CC3)cccc2[nH]1,,,
Fc1ccc2[nH]c(CCNCCCc3cccc(N4CCN(c5ccccc5Cl)CC4)c3)nc2c1,6.88454008102417,6.625297546386719,6.754918813705444
O=C1N(CCN2CCCC2)CCN1c1cccc(C2CCN(CCCCCCCCCOc3ccccc3OCCCN3CCCCC3)CC2)c1,6.616479873657227,6.7616400718688965,6.6890599727630615
CCCN(CCN1CCN(c2cccc3c2OCCCO3)CC1)C1CCc2ccc(O)cc2C1,8.271718978881836,8.31121826171875,8.291468620300293
Oc1c2c([nH]c3ccc(Br)cc13)CCCC2,,,
CCCN(CCN1CCN(c2ccccc2)CC1)C1CCc2ccc(O)cc2C1,7.061977386474609,8.358572006225586,7.710274696350098
CC(CCN1CCN(c2cccc(Cl)c2Cl)CC1)N1CCCC1,6.47629451751709,6.636454582214356,6.556374549865723
Cc1ccc2c(-c3nnc(SCCCN4CCc5cc6nc(C(C)(C)C)oc6cc5CC4)n3C)cccc2n1,5.963084697723389,7.950143814086914,6.956614255905151
Oc1[nH]c2ccc(Cl)cc2c1CCCCN1CC=C(c2ccccc2)CC1,7.934943675994873,8.476399421691895,8.205671548843384
Oc1c2ccccc2n1CCC1CCN(CCCNc2cccc3ncccc23)CC1,,,
N#Cc1ccc(N2CCN(Cc3c[nH]c4ncccc34)CC2)cc1,5.424643516540527,5.684127330780029,5.554385423660278
Oc1ccc2c(c1)OC(CNCCCN1CCN(c3cccc4ccccc34)CC1)CC2,8.86994457244873,8.1982421875,8.534093379974365
CN1CCN(C2=Cc3ccccc3Oc3ccc(Cl)cc32)CC1,7.993473052978516,7.783572196960449,7.888522624969482
Oc1cc2ccc(CCCCN3CCN(c4cccc5ccccc45)CC3)cc2[nH]1,8.18096923828125,8.20534610748291,8.19315767288208
Cc1cccc(CN2CCN3CC(COc4cccc(F)c4)CCC3C2)c1,5.651548385620117,6.871034145355225,6.261291265487671
CCCN(CCN1CCN(Cc2c[nH]c3ccccc23)CC1)C1CCc2c(O)cccc2C1,6.896546840667725,8.215643882751465,7.556095361709595
CN1CCN(c2cccc3cnc(C#N)nc23)CC1,5.923134803771973,5.947126865386963,5.935130834579468
N#Cc1ccc(N2CCN(CCCCN3CCc4ccccc4C3)CC2)cc1NC(=O)NCCCN1CCCCC1,5.565929412841797,7.014787673950195,6.290358543395996
O=C1NCCN1CCN1CCC(c2cn(-c3ccc(F)cc3)c3ccc(Cl)cc23)CC1,7.742376327514648,6.387310028076172,7.06484317779541
Oc1ccc2[nH]cc(CCCCN3CCN(c4ccccn4)CC3)c2c1,7.961316108703613,7.745139122009277,7.853227615356445
CCCN(Cc1ccccc1)C1CCc2ccc(O)cc2C1,7.489699840545654,8.075104713439941,7.782402276992798
OC1(c2ccc(F)cc2)CC2CCC(C1)N2c1cccc2c1CCCN2,7.137357234954834,6.259629726409912,6.698493480682373
Cc1cc(Br)cc(C)c1N1CCN(CCCCNC(=O)c2cc3sccc3[nH]2)CC1,6.553394317626953,8.775121688842773,7.664258003234863
CN1CCCCC1Cc1c[nH]c2ccc(C#N)cc12,6.368741989135742,6.4900970458984375,6.42941951751709
COc1ccccc1N1CCN(CCCc2ccc3[nH]c(C(=O)CCCl)cc3c2)CC1,8.269533157348633,7.415252208709717,7.842392683029175
CCCN(CCC1CCC(NC(=O)c2ccc3ccccc3n2)CC1)C1CCc2nc(N)sc2C1,7.161381721496582,8.93488883972168,8.04813528060913
CN1CCN(C2Cn3cccc3Sc3ccc(F)cc32)CC1,8.455343246459961,8.19658088684082,8.32596206665039
CN1CCCCC1CCc1c[nH]c2ccc(C3=CCN(CCCCCCNC(=O)c4ccccc4C#N)CC3)cc12,6.798984527587891,7.553760528564453,7.176372528076172
CCCN(CCC)C1CCc2cccc(O)c2C1,7.518751621246338,8.177104949951172,7.847928285598755
Cn1cc(C2CCN(CCCCCCN3CC=C(c4ccccc4)CC3)CC2)c2ccc(F)cc21,7.420070171356201,6.743494033813477,7.081782102584839
CCCN(CCN1CCN(c2ccccc2O)CC1)C1CCc2ccc(O)cc2C1,7.675475597381592,9.087706565856934,8.381591081619263
Fc1cccc2[nH]c(CN3CCN(c4cccc(Cl)c4Cl)CC3)cc12,7.444624423980713,6.625632762908936,7.035128593444824
Oc1[nH]c2cc(OCCCN3CCN(c4cccc5cccc(F)c45)CC3)ccc2c1O,8.47750473022461,8.112031936645508,8.294768333435059
Oc1nc2c(O)ccc(CCN3CCN(c4cccc(Cl)c4Cl)CC3)c2o1,8.707972526550293,7.704836845397949,8.206404685974121
CN1CCN2c3ccccc3Cc3cccc(Cl)c3C2C1,6.490418434143066,6.649355411529541,6.569886922836304
Cc1cc2c(N3CCN(CCc4cccc(-c5ccccc5)c4)CC3)cccc2[nH]1,7.801577091217041,7.071804046630859,7.43669056892395
CCN1CCN(CCCCN2c3cccc(Cl)c3Sc3ccc(C(F)(F)F)cc32)CC1,6.97043514251709,7.463879108428955,7.2171571254730225
Oc1ccc2[nH]cc(CCCCN3CCN(c4cccc5cccc(Cl)c45)CC3)c2c1,8.517378807067871,7.937796592712402,8.227587699890137
CCN(CC)C1CCc2cc(OCCCCN3CCN(c4cccc(Cl)c4Cl)CC3)ccc2CC1,7.524762153625488,7.9919281005859375,7.758345127105713
COc1ccccc1N1CCN(CCCCn2ncc(I)c(Cl)c2=O)CC1,8.156574249267578,8.285398483276367,8.220986366271973
CCCN(CCN1CCN(c2cccc3c[nH]cc23)CC1)C1CCc2ccc(O)cc2C1,7.7999982833862305,8.806764602661133,8.303381443023682
N#Cc1ccc(N2CCN(CCCCN3CCN(c4ccccc4OC)CC3)CC2)cc1,7.201248645782471,7.922024726867676,7.561636686325073
O=C(c1nc2ccccc2[nH]1)C1CCN(CCCc2ccc(I)cc2)CC1,7.146425247192383,7.090963840484619,7.118694543838501
COc1ccccc1N1CCN(CCNC(=O)c2cc3cc(I)ccc3s2)CC1,7.766260147094727,7.744421005249023,7.755340576171875
CC1CN(CCCc2ccc(CCCN3CCN(c4ccccc4Cl)CC3)cc2)CCN1,6.275948524475098,5.326732158660889,5.801340341567993
CN1CCN(C2Cc3ccccc3Sc3ccc(-c4nccn4C)cc32)CC1,8.329599380493164,7.377821445465088,7.853710412979126
CN1CCN(C2Cc3ccccc3Sc3ccc(CCN4CCN(c5cccc6ccccc56)CC4)cc32)CC1,8.31889533996582,7.557210922241211,7.938053131103516
Oc1cccc(CNCC2CCN(CCCc3ccc(F)cc3)CC2)c1,5.218342781066895,6.397634983062744,5.807988882064819
N#Cc1ccc2[nH]cc(CCCCN3CCN(c4ccc5oc(C(N)=O)cc5c4)CC3)c2c1,7.100305557250977,7.288533210754394,7.1944193840026855
O=C(NCCCCN1CCN(c2cccc(Cl)c2Cl)CC1)c1ccc(F)cc1,7.551733493804932,8.872730255126953,8.212231874465942
Oc1[nH]cc2ccc(OCCCN3CCN(c4cccc5c4CCCC5)CC3)cc12,8.662344932556152,7.776523113250732,8.219434022903442
Oc1ccc2c(c1)OC(CNCCCN1CCN(c3cccc(Cl)c3Cl)CC1)C2,8.336071968078613,8.037672996520996,8.186872482299805
Oc1ccc2[nH]cc(CCCCN3CC=C(c4ccccc4)CC3)c2c1,8.44819450378418,8.916884422302246,8.682539463043213
Cc1ccc2c(N3CCN(CCc4cccc(NC(=O)c5ccc(F)cc5)c4)CC3)cccc2n1,6.679952621459961,6.762598514556885,6.721275568008423
COc1cccc(CN2C3C4CC5C6C4CC3C6C52)c1,5.557588577270508,5.286578178405762,5.422083377838135
COc1ccccc1N1CCN(CCCCNC(=O)c2cc3ccccc3s2)CC1,7.43854284286499,9.065712928771973,8.252127885818481
Oc1[nH]c2cc(F)c(F)cc2c1CCCCN1CCN(c2ccccc2I)CC1,8.125752449035645,7.663585186004639,7.894668817520142
Cc1csc2c1CCNCC21CC(O)C1Cc2ccc(OS(=O)(=O)C(F)(F)F)c3c2C1,,,
c1ccc(N2CCN(CCCCNCc3ccccc3)CC2)n2nccc2c1,,,
Oc1nc2ccc(I)cc2c2[nH]c(CCCN3CCN(c4cccc(Cl)c4Cl)CC3)cc12,8.010950088500977,7.486680030822754,7.748815059661865
CN1CCN(C2Cn3cccc3Sc3ccc(F)cc32)CC1,8.455343246459961,8.19658088684082,8.32596206665039
Cc1cc2c(F)c(Oc3ccc4[nH]c(C)c(C)c4c3)ccc2[nH]1,6.165037155151367,4.80728006362915,5.486158609390259
N#Cc1c(O)nc(N2CCN(CC3CC3(c3ccc(F)cc3)CC2)nc1NCCCN1CCN(c2ccccc2Cl)CC1,,,
Oc1[nH]cc2cc(F)c(OCCCCN3CCN(c4cccc5ccccc45)CC3)cc12,8.182527542114258,8.29554557800293,8.239036560058594
CN1CCc2cc(OCCF)ccc2Cc2ccc(OCCN3CCN(c4ccccc4OC(C)(C)C)CC3)cc21,7.40812873840332,6.6498212814331055,7.028975009918213
CCCN(CCN1C2CCC1c1ccc(Cl)cc1)C1CCc2ccc(I)cc2C1,,,
N#Cc1ccc(N2CCN(CCCCCN3CCN(c4cccc(Cl)c4Cl)CC3)CC2)cc1,7.286004066467285,7.66373348236084,7.4748687744140625
CCN(CC)C(=O)NC1Cc2c(cc3c[nH]c4c3c2C=CC4)N(C)C1,8.286233901977539,9.047680854797363,8.666957378387451
O=C(NC1CCN(CCCCc2ccccc2)CC1)C1Cc2ccc(O)cc2C1,7.418122291564941,7.625009536743164,7.521565914154053
Oc1c2c(c(CCN3CCC(c4ccccc4)CC3)c1)CCCC2,,,
CN1CCN(CCCN2c3ccccc3Sc3ccc(Cl)cc32)CC1,7.559834003448486,7.69283390045166,7.626333951950073
CCN(CCCC1CCN(CC2CCc3ccc(OC)cc3C2)CC1)C1CCc2c(O)cccc2C1,6.627186298370361,8.240478515625,7.433832406997681
O=C1N(CCN2CCN(c3cccc(Cl)c3Cl)CC2)CCN1c1cccc(Cl)c1,7.528343200683594,7.927173614501953,7.727758407592773
Oc1[nH]cc2cc(F)c(OCCCCN3CCN(c4cccc5cccc(F)c45)CC3)cc12,8.246258735656738,7.938355445861816,8.092307090759277
NCC1CCC(CNc2nc(-c3ccccc3C(N)=O)no2)CC1,5.663736343383789,7.356720447540283,6.510228395462036
COc1ccccc1N1CCN(CCCCNC(=O)CC2CCc3ccccc3C2)CC1,7.658141136169434,8.074075698852539,7.866108417510986
CCN1CCCC1CNC(=O)c1ccc2ncccc2c1,5.859079837799072,7.794715404510498,6.826897621154785
O=C1NCN(c2cccc(-c3cccnc3F)c2)C12CCN(CCN1CCN(c2ccccc2Cl)CC1)CC12CCCC2,,,
CCCCN(CCN1CCN(c2cccc(Cl)c2Cl)CC1)C1CCc2ccc(O)cc2C1,7.948142528533935,8.880321502685547,8.414232015609741
OCc1cc2cccc(F)c2[nH]1,7.439648628234863,6.585124492645264,7.0123865604400635
Oc1ccc2c(CCCNCCN3C4C5CCC3C5C4)cccc2c1,6.329894542694092,6.748291492462158,6.539093017578125
N#Cc1cccc2c1CN(CCCCN1C(=O)CCC3(CCCCC3)CC1=O)CC2,6.286312103271484,8.030965805053711,7.158638954162598
CN1CCN(C2Cc3cc(Cl)ccc3Cc3ccccc32)CC1,7.633856773376465,7.49386739730835,7.563862085342407
Oc1ccc2c(c1)OC(CNCCCCNCc1cccc3ccccc13)CC2,7.958680152893066,8.037727355957031,7.998203754425049
O=C1N(CCN2CCc3[nH]ccc3CC2)CCN1C1CCC(c2c[nH]c3ccc(F)cc23)CC1,7.379622459411621,6.815098762512207,7.097360610961914
Cc1cc(N2CCN(CCCc3ccc4ccc(C(N)=O)cc4n3)CC2)no1,5.721082210540772,6.596500873565674,6.158791542053223
Oc1ccc2[nH]cc(CCCN3CCN(c4cccc5ccccc45)CC3)c2c1,8.515907287597656,7.4256272315979,7.970767259597778
Oc1ccc2c(c1)OC(CNCCCN1CCN(c3cccc(Cl)c3Cl)CC1)CC2,9.147972106933594,8.325576782226562,8.736774444580078
O=C(NCCCCN1CCN(c2nsc3ccccc23)CC1)c1ccc(I)cc1,7.69947338104248,8.819193840026855,8.259333610534668
CCN(CCCCCCN1CCN(c2cccc(Cl)c2Cl)CC1)C1CCc2c(O)cccc2C1,8.250777244567871,8.542240142822266,8.396508693695068
Ic1cccc(N2CCN(CCCCNC(=NCCc3ccccc3)CC2)c1,,,
CCCN(CCN1CCN(c2cc3ccccc3o2)CC1)C1CCc2ccc(O(O)C(F)(F)F)cc2C1,,,
c1ccc2c(CCCNCCCc3ccccc3)c[nH]c2c1,6.437829971313477,6.792259216308594,6.615044593811035
CN1CCN(C2Cc3ccc(Cl)cc3Nc3ccccc32)CC1,6.777644634246826,7.160721778869629,6.9691832065582275
O=C(NCCCCCN1CCN(c2cccc(Cl)c2Cl)CC1)c1cc2ccccc2[nH]1,7.495870590209961,8.612377166748047,8.054123878479004
O=C(NCCCCN1CCN(c2cccc(Cl)c2Cl)CC1)c1ccc(-c2ccccc2)cc1,7.198726177215576,8.894172668457031,8.046449422836304
O=C1N(CCN2CCN(c3cccc4cccc(F)c34)CC2)CCN1c1ccncc1,7.0423665046691895,6.592840194702148,6.817603349685669
CN1CCc2ccc(COCCCCN3CCN(c4cccc5ccccc45)CC3)cc2C1,6.9692254066467285,6.753487586975098,6.861356496810913
CCN1CCCCC1CNC(=O)c1cc(C(F)(F)F)ccc1Cl,7.6548357009887695,8.312373161315918,7.983604431152344
Oc1[nH]cc2cc(F)c(OCCCN3CCN(c4cccc5cc(F)ccc45)CC3)cc12,8.232381820678711,7.963079452514648,8.09773063659668
Oc1ccc2[nH]cc(CCCCN3CC=C(c4ccccc4)CC3)c2c1,8.44819450378418,8.916884422302246,8.682539463043213
N#Cc1cccc(NC(=O)NCCCCN2CCC(c3ccc(F)cc3)CC2)c1,6.414590835571289,7.498270034790039,6.956430435180664
CCCN(CCN1CCN(c2cccc3ccccc23)CC1)C1CCc2c(O)cccc2C1,8.05475902557373,8.830841064453125,8.442800045013428
CN1CCc2c(sc3ccc(NC(=O)NCCCN4CCN(c5cccc(Cl)c5Cl)CC4)cn23)C1,,,
OCc1ccc2c(c1)OCCC1CN(CCCCCN3CC=C(c4ccccc4)CC3)CC21,6.594552993774414,6.717963218688965,6.6562581062316895
O=C1N(CCN2CCCCCCC2)CCN1c1cccc(Cl)c1,8.184229850769043,7.566956996917725,7.875593423843384
O=CC(O)Nc1cccc(CCN2CCN(c3cccc4c3OCCO4)CC2)c1,7.2048773765563965,7.070653915405273,7.137765645980835
CCN(CC)C1CCc2c(ccc(O)c2N1CCN(C)CC1,,,
O=S(=O)(NC1CCC(CCN2CCN(c3cccc(Cl)c3Cl)CC2)CC1)c1ccc2ccccc2c1,7.830300331115723,8.54770278930664,8.189001560211182
N#Cc1ccc2[nH]cc(CCCCN3CCN(c4cccc5ccc(C(N)=O)nc45)CC3)c2c1,8.000307083129883,8.098884582519531,8.049595832824707
COc1ccccc1N1CCN(CCCCNC(=O)c2ccc3ccccc3c2)CC1,7.298825263977051,8.823209762573242,8.061017513275146
Oc1ccc2c(OCCNCCCCc3cccc(F)c3)c[nH]c2c1,8.518659591674805,7.92975902557373,8.224209308624268
CCc1ccc2cccc(CCN3CCN(c4ccccc4OC)CC3)c2n1,7.439156055450439,7.038591384887695,7.238873720169067
CN1CCCC1Cc1cnc(CCCc2ccc(O)cc2)c2ccccc12,6.8194966316223145,7.061522483825684,6.940509557723999
CCCNc1ccccc1-c1cccc(CN2C3C4CC2CC(O)(C4)C3)c1,6.260985851287842,6.951262474060059,6.60612416267395
O=C1Cc2ccccc2N1CCCCN1CCN(c2nsc3ccccc23)CC1,7.689305305480957,7.791382789611816,7.740344047546387
c1ccc2c(c1)CCN(CCCc1c[nH]c3ccc(Cn4cncn4)cc13)C2,6.129976272583008,6.23285436630249,6.181415319442749
Cc1ccc2c(N3CCN(CCc4cccc(-c5ccccc5)c4)CC3)cccc2n1,7.434859752655029,7.006354808807373,7.220607280731201
CCCN(CCN1CCN(c2cncc3ccccc23)CC1)C1CCc2ccc(O)cc2C1,7.425510883331299,8.824838638305664,8.125174760818481
Oc1c2cc(F)c(OCCCN3CCN(c4cccc5ccccc45)CC3)cc1OCCN1CCOCC1,,,
O=C1Cc2ccccc2N1CCCCN1CCN(c2nsc3ccccc23)CC1,7.689305305480957,7.791382789611816,7.740344047546387
OC1(c2ccc(F)cc2)CC2CCC(C1)N2CCC1CCCN1CCN(c2ccccc2)CC1,,,
CCN1CCN(CCCCc2cnc3ccccc3c2)CC1,6.249335765838623,6.8573503494262695,6.553343057632446
CCCN(CCN1CCN(c2ccnc3ccccc23)CC1)C1CCc2ccc(O)cc2C1,7.621138572692871,8.850150108337402,8.235644340515137
COc1cccc2c1CCC1CN(CCCCn3ccc(-c4ccc(OC)c(F)c4)nc3)CCN21,,,
O=C(NCC=CCN1CCN(c2cccc(Cl)c2Cl)CC1)c1ccc(-c2ccccn2)c2ccccc12,6.679864406585693,8.107467651367188,7.39366602897644
CCN(CC1CC1)C1CCc2ccc(O)cc2C1,6.92523193359375,9.189756393432615,8.057494163513184
CN1CCN(C2=Cc3cc(Cl)ccc3Oc3ccc(NC(=O)NCCCN4CCN(c5ccccc5OCCF)CC4)cc32)CC1,7.407464027404785,7.691502094268799,7.549483060836792
Oc1ccc2c(c1)OC(CNCCCc1cccc(OCCCOCCOCCCF)c1)CC2,8.289881706237793,7.123108863830566,7.70649528503418
CCCN(CCCCCCCN(CCCCCCCN(CCC)CCC)C1Cc2ccccc2CCc2ccc(O)cc21,,,
CCCN(CCN1CCN(c2cccc(Cl)c2Cl)CC1)C1CCc2c(O)cccc2C1,7.985079765319824,8.79438304901123,8.389731407165527
CC1CN(C2CC(CN3CCC(O)(c4ccc(Cl)cc4)CC3)C2)CCN1,5.363338470458984,6.583010673522949,5.973174571990967
CCCN1CCCCC2Cc3ncccc3CC21,7.038508415222168,7.535909652709961,7.2872090339660645
CN1CCc2ccccc2Cc2ccc(F)cc2CC1,8.052640914916992,7.0505194664001465,7.551580190658569
CCCN(CCN1CCN(c2cccc3cc(F)ccc23)CC1)C1CCc2c(O)cccc2C1,8.056150436401367,8.775518417358398,8.415834426879883
CCCN(CCCCN1CCN(c2nc(-c3ccc(F)cc3)cs2)CC1)C1CCc2ccc(O)cc2C1,6.941626071929932,8.934701919555664,7.938163995742798
CN1CCN(C2Cc3ccccc3Sc3ccc(-c4n[nH]cc4C)cc32)CC1,8.535562515258789,7.492720603942871,8.01414155960083
COc1ccccc1N1CCN(CCCCc2ccc3c(c2)CCCN3CCCCN2CCCN(c3ccccc3OC)CC2)CC1,7.434655666351318,7.503054618835449,7.468855142593384
COc1ccccc1N1CCN(CCCCCNC(=O)C2CCCc3ccccc32)CC1,7.148783206939697,7.173830032348633,7.161306619644165
NCCCN1c2ccccc2CCc2cccc(F)c21,6.280133247375488,6.313364028930664,6.296748638153076
Oc1ccc(N2CCN(CCCCNc3ccccc3)CC2)cc1,7.637138366699219,7.419816493988037,7.528477430343628
O=C(CCCN1CCN(c2cccc3cccc(Cl)c23)CC1)c1n[nH]c2ccccc12,7.524909019470215,7.34616756439209,7.435538291931152
Oc1[nH]cc2cc(F)c(OCCCCN3CCN(c4cccc5ccccc45)CC3)cc12,8.182527542114258,8.29554557800293,8.239036560058594
CCCN(CCN1CCN(c2ccc(-c3ccccc3)cc2)CC1)C1CCc2c(O)cccc2C1,7.487314701080322,8.477007865905762,7.982161283493042
CCCc1ccccc1N1CCN(C2CCC(N3C(=O)CCc4ccccc43)CC2)CC1,6.6513447761535645,7.101304054260254,6.876324415206909
CN1CCN(C2CC(c3ccc(F)cc3)c3cccc(C(F)(F)F)c32)CC1,7.117209911346436,5.712838172912598,6.415024042129517
O=C(CCCCN1CCN(c2ccc(-c3ccccc3)cn2)CC1)c1cc2ccccc2o1,6.23522424697876,7.793162822723389,7.014193534851074
CCN(C1CC(CN2CCN(c3ccc(C#N)c(Cl)c3)CC2)C1)C(=O)OC,6.0337395668029785,7.379773139953613,6.706756353378296
CN(C)CC1Cc2cccc(O)c2CC2c3cccc(F)c3CCCN21,7.128662109375,8.18501091003418,7.65683650970459
O=C1N(CCN2CC3Cc4ccccc4CC3C2)CCN1c1c[nH]c2ccccc12,7.141634464263916,6.970041275024414,7.055837869644165
CN1CCN(CCCN2c3ccccc3Sc3ccc(Cl)cc32)CC1,7.5598344802856445,7.69283390045166,7.626334190368652
COc1ccccc1N1CCN(CCCCCNC(=O)C=Cc2ccccc2I)CC1,7.923956871032715,8.144935607910156,8.034446239471436
CCCN(CCN1CCN(c2cccc(Cl)c2)CC1)C1CCc2c(O)cccc2C1,7.3895263671875,8.714975357055664,8.052250862121582
CCN(CCN1CCN(Cc2ccsc2)CC1)c1cccc(Cl)c1,6.5055365562438965,6.78859806060791,6.647067308425903
O=C(N1CCN(CCCN2CCN(c3ccc(Cl)c(Cl)c3)CC2)CC1)C12CC3CC(CC(C3)C1)C2,6.4689788818359375,6.517557144165039,6.493268013000488
OC1(c2ccc(F)cc2)CCN(CCCc2c[nH]c3ccccc23)CC1,7.402743816375732,6.590323448181152,6.996533632278442
COc1cccc(C(=O)NCCCCN2CCN(c3cccc(Cl)c3Cl)CC2)c1,7.145946502685547,9.06395435333252,8.104950428009033
Oc1nc2c(OCCNCCCN3CCN(c4ccccc4Cl)CC3)cccc2[nH]1,8.17756462097168,7.90628719329834,8.04192590713501
CCN(CCCCCN1CCN(c2ccccc2OC)CC1)Cc1cccc(OC)c1,6.404362201690674,6.671062469482422,6.537712335586548
Cc1ccc2c(N3CCN(CCc4cccc5ccc(=O)n(C)c45)CC3)cccc2n1,7.173255443572998,6.575191974639893,6.874223709106445
O=C1N(CCN2CCN(c3cccc(Cl)c3Cl)CC2)CCN1c1ccccc1,7.452239990234375,7.511731624603271,7.481985807418823
CCCN(CCC1CCC(NC(=O)c2ccc(Cl)cc2)CC1)C1CCc2c(O)cccc2C1,7.63962459564209,8.895857810974121,8.267741203308105
Clc1cccc2ccn(CCCN3CC4CCc5c(OCCF)cccc5C4C3)c12,7.200491905212402,6.746864795684815,6.973678350448608
CCN1CCN(C2=Cc3ccccc3Nc3ccc(F)cc32)CC1,8.274874687194824,7.159791946411133,7.7173333168029785
Oc1[nH]cc2ccc(OCCCCN3CCN(c4cccc5cccc(F)c45)CC3)cc12,8.384242057800293,8.055950164794922,8.220096111297607
CNCc1cccc(OC)c1OCCCNCC1Cc2ccccc2C1,6.221738815307617,6.77486515045166,6.498301982879639
O=C1N(CCN2CCN(c3cccc(Cl)c3Cl)CC2)CCN1c1cccc(Cl)c1,7.528343200683594,7.927173614501953,7.727758407592773
O=C1CC2c3c(cccc3NC(CN3CCC4(CC3)OCCc3ccccc34)CN2C1=O,,,
Oc1[nH]cc2cc(F)c(OCCCCN3CCN(c4cccc(Cl)c4Cl)CC3)cc12,8.24354362487793,8.575241088867188,8.409392356872559
Oc1cc2c(OCCNCc3cccc4ccoc34)ccc(F)c2[nH]1,8.841863632202148,7.364586353302002,8.103224992752075
CC(C)CN1CCN(C2CCC(c3ccc(F)cc3)(c3ccc(F)cc3)C2)CC1,7.457916259765625,6.871997356414795,7.16495680809021
CCN1CCc2ccccc2C1Cc1cccc(CC=CCCCN(CC)Cc2ccccc2OC)c1,5.932633876800537,6.245274066925049,6.088953971862793
CN1CCCCC1CNC(=O)c1c(OCCCN2CCN(c3cccc(Cl)c3Cl)CC2)cccc1I,7.381336212158203,8.242937088012695,7.812136650085449
Oc1cc2c(OCCCNCCCc3ccccc3)ccc(Cl)c2[nH]1,8.285248756408691,7.77847957611084,8.031864166259766
CCCNc1cccc2ccccc12,6.5585527420043945,5.9193549156188965,6.2389538288116455
Cc1c(-c2ccc3c(c2)CCN(CCCSc2nnc(-c4ccc(C#N)c(Cl)c4)n2C)CC3)noc1C,6.120043277740479,8.140250205993652,7.130146741867065
Oc1cccc2c(CCCCN3CCN(c4ccccc4)CC3)cccc12,7.410195350646973,7.475742816925049,7.442969083786011
CCCN(CCN1C2CCC1c1cccc2c1CCC2)C1CCc2ccc(O)cc2C1,,,
Nc1ccc2c(c1)C(CCN1CCN(c3cccc(Cl)c3Cl)CC1)CCC2,7.732731819152832,7.362369060516357,7.547550439834595
C[SH](=O)(O)Nc1cc(CCN2CCN(c3cccc(Cl)c3Cl)CC2)ccc1F,7.552062034606934,7.409635543823242,7.480848789215088
Oc1[nH]cc2ccc(OCCCN3CCN(c4cccc5c4CCCC5)CC3)cc12,8.662344932556152,7.776519298553467,8.21943211555481
CN1CCN(C2=Cc3cc(Cl)ccc3Cc3ccccc32)CC1,7.753957748413086,7.634964466094971,7.694461107254028
O=C(NC1CCC(CCN2CCN(c3cccc(Cl)c3Cl)CC2)CC1)c1ccc(F)cc1,7.947005271911621,8.512246131896973,8.229625701904297
CCN1CCCC1CNC(=O)c1c(OC)ccc(Br)c1OCCCN1CCN(c2cccc(Cl)c2Cl)CC1,7.002524375915527,8.412574768066406,7.707549571990967
CC1NC(=O)c2cc(OCCCCN3CCC4(CC3)CN(c3ccc(F)cc3Cl)CC4)cc21,,,
Oc1[nH]cc2c(CC3CCN(CCC=Cc4ccccc4)CC3)cccc12,6.681910514831543,7.594536781311035,7.138223648071289
Cc1ccc2c(OCCN3CCC(Cc4cccc(N5CCN(C)CC5)c4)CC3)cccc2n1,7.045473098754883,6.971519470214844,7.008496284484863
Oc1[nH]c2cccc(OCCCN3CCN(c4cccc(Cl)c4Cl)CC3)c2o1,,,
CN1CCc2cc(O)cc3c2C1Cc1cccc(O)c1-3,7.027591228485107,7.915614128112793,7.47160267829895
Cc1cccc(CCCNCCOc2[nH]c3ccc(F)cc3c2CCNCC(O)c2cccc3c2)n1,,,
CCCN(CCN1CCN(c2ccccc2OC)CC1)C1CCc2ccc(NC(=O)CCN3CCCCC3)cc2C1,7.0078630447387695,7.199222564697266,7.103542804718018
CN1CCN(c2cccc3c2CCc2ccc(C#N)cc2C3=O)CC1,7.0277204513549805,6.492004871368408,6.759862661361694
Cc1cc2c(-c3ccc(N4CCN(Cc5cccc6ccc(OC(F)F)cc56)CC4)cc3)cccc2[nH]1,6.257461071014404,6.00819206237793,6.132826566696167
O=C1N(CCN2CCC(C(F)(F)F)CC2)CCN1c1ccc(I)cc1,6.988536357879639,8.153667449951172,7.571101903915405
CCCN(CCN1CCN(c2ccc(Cl)cc2)CC1)C1CCc2ccc(O)cc2C1,6.674946308135986,8.185625076293945,7.430285692214966
Fc1cc(F)cc(N2CCN(CCCCNC(=CC3CCCCC3)CC2)c1,,,
COc1ccccc1NCCN1CCN(CCCCCCCN2CCCN(c3ccccc3-n3cccc3)CC2)CC1,6.745382308959961,6.607694625854492,6.676538467407227
N#Cc1ccc2[nH]c(CN3CCN(c4cccc(C(F)(F)F)c4)CC3)cc2c1,6.925432205200195,5.679203987121582,6.302318096160889
O=C1N(CCN2CCC3c4cc(F)ccc4CC2C3)CCN1c1cccc(Cl)c1,7.335859775543213,7.598367691040039,7.467113733291626
CCCN(CCN1C2CCC1c1ccc(O)cc1-2)C1CCc2nccn2C1,5.446042060852051,8.24783706665039,6.846939563751221
CCCN(CCN1CCN(c2cccc3ccccc23)CC1)C1CCc2ccc(O)cc2C1,7.852016448974609,8.869157791137695,8.360587120056152
COc1cccc(N2CCN(CCCCNC(=O)c3ccccc3C)CC2)c1,6.722142219543457,7.811446666717529,7.266794443130493
Nc1cc(Cl)ccc1C(=O)CCCN1CCN(c2cccc(Cl)c2Cl)CC1,8.106202125549316,8.02004623413086,8.063124179840088
CN1CCN(CCCN2c3ccccc3Sc3ccc(Cl)cc32)CC1,7.559896469116211,7.69283390045166,7.6263651847839355
COc1ccccc1N1CCN(CCCc2ccc3[nH]c(S(=O)(=O)c4ccccc4)nc3c2)CC1,7.051615715026856,7.0996994972229,7.075657606124878
[H]c1cc(N2CCNC(C)C2)c2[nH]c3ccc([H])cc3c2n1,5.639820098876953,5.304671764373779,5.472245931625366
O=C1N(CCN2CCC3c4ccccc4CCN3C12)CCN1CCN(c2cccc(I)c2Cl)CC1,5.571428298950195,7.246826648712158,6.409127473831177
CN1CCN(c2cccc(CCN3CCN(c4cccc(Cl)c4Cl)CC3)c2)CC1,7.078632831573486,7.161623954772949,7.120128393173218
NCC1CCN(c2cccc(OCCN3CCN(c4cccc5ccccc45)CC3)n2)C1,7.599855899810791,7.376213550567627,7.488034725189209
Fc1c(F)ccc(N2CCN(CCCCc3c[nH]c4ncccc34)CC2)c1,7.181906223297119,7.119571208953857,7.150738716125488
Oc1ccc2c(c1)OC(CNCCC1CCC(c3ccccc3)CC1)CC2,8.131935119628906,8.305398941040039,8.218667030334473
O=C1N(CCN2Cc3ccccc3CC2)CCN1c1cccc(Cl)c1,6.83345365524292,7.647637367248535,7.2405455112457275
C1=CCC2(CN3CCN(c4ccc(Cl)cc4)CC3)CCCC2C1,6.235576152801514,6.928168296813965,6.581872224807739
CN1CCN(CCN2c3ccccc3Sc3ccc(F)cc32)CC1,8.125858306884766,7.489418983459473,7.807638645172119
O=C1N(CCN2CCC3(CC2)CN(c2ccccc2)CC3)CCN1c1cc2ccccc2[nH]1,7.110191822052002,6.8863935470581055,6.998292684555054
CCCN(CCN1C2CCC1c1cccc(O)c1C2)C1CCc2ccc(S(=O)(=O)NCCCCCN3CCN(c4ccccc4OCc4ccc(C)cc4)CC3)cc2C1,6.827291965484619,7.959173202514648,7.393232583999634
N#Cc1cccc(NC2CCC(N3CCN(c4ccccc4Cl)CC3)CC2)c1,7.229784488677978,7.647626876831055,7.438705682754517
COc1ccccc1N1CCN(CC=CC2CCc3ccccc3C2=O)CC1,7.08975887298584,7.652967929840088,7.371363401412964
CN1CCN(C2Cc3ccccc3Sc3ccc(F)cc32)CC1,9.00782871246338,8.473590850830078,8.740709781646729
CCCN(CCN1CCN(c2ccc3ccccc3c2)CC1)C1CCc2c(O)cccc2C1,7.459298133850098,8.586525917053223,8.02291202545166
OC1(c2ccc(F)cc2)CCN(CCCCc2c[nH]c3cc(F)c(F)cc23)CC1,7.408680915832519,7.340810775756836,7.374745845794678
Oc1[nH]cc2cc(F)c(OCCCCN3CCN(c4ccccc4Cl)CC3)cc12,8.135592460632324,8.404151916503906,8.269872188568115
CCCN(CCN1CCN(c2cccc3ccccc23)CC1)C1CCc2ccc(O)cc2C1,7.852006912231445,8.869157791137695,8.36058235168457
COCc1cccc(CCN2CCC3(CC2)Cc2ccccc23)c1,5.713873386383057,6.126057147979736,5.9199652671813965
CCCN(CCN1CCN(c2ccccc2OC)CC1)C1CCc2ccc(O)cc2C1,7.815720081329346,8.517810821533203,8.166765451431274
COc1ccccc1N1CCN(CCCCCNC(=O)C=Cc2ccccc2[N+](=O)[O-])CC1,7.661779880523682,8.029120445251465,7.845450162887573
O=C(NC1CCc2c(cc(CCN3CCN(c4cccc(Cl)c4Cl)CC3)n2CCCCc2ccccc2)C1)c1cccnc1,7.476275444030762,7.204447746276856,7.340361595153809
Nc1ccc(CCCN2CCN(c3cccc4c(F)cccc34)CC2)c2ccccc12,7.515926837921143,6.715540409088135,7.115733623504639
N#Cc1ccc2[nH]cc(CCCCN3CCN(c4cccc5ccc(Cl)cc45)CC3)c2c1,7.959722518920898,7.683116436004639,7.8214194774627686
COc1ccccc1N1CCN(CCCNCC2CCc3ccccc3C2=O)CC1,7.182084083557129,7.023256301879883,7.102670192718506
COc1ccccc1N1CCN(CCCCNC(=O)C=Cc2cccc3c2OCCCO3)CC1,8.3270263671875,8.56371784210205,8.445372104644775
Cc1ccc2c(N3CCN(CCc4cccc(-n5cccn5)c4)CC3)cccc2n1,7.206594467163086,7.113218307495117,7.159906387329102
CN1CCC(c2cncc(OC3CCC(N4CCN(c5ccc(C#N)cc5)CC4)CC3)c2)CC1,6.027066230773926,6.379671096801758,6.203368663787842
Oc1[nH]c2cc(F)c(OCCCN3CCN(c4cccc5cccc(Cl)c45)CC3)cc2c1CCN1CCC(c2ccccc2)CC1,7.550536632537842,7.037496566772461,7.294016599655151
Clc1cccc(N2CCN(CCCCCOCCCCCNCC3CCc4ccccc4N3)CC2)c1Cl,7.291718006134033,6.9542436599731445,7.122980833053589
NCCc1c[nH]c2ccc3ccc(OCCCCN4CCN(c5cccc(Cl)c5Cl)CC4)cc3c12,7.434823513031006,7.900287628173828,7.667555570602417
COc1cccc(CN2CCC(CCN3CCN(c4ccccc4OCCF)CC3)CC2)c1,6.8112335205078125,7.153110980987549,6.982172250747681
CCCN(CCN1CCN(c2cccnc2)CC1)C1CCc2ccc(O)cc2C1,6.826117515563965,8.461782455444336,7.64394998550415
COc1ccc2[nH]cc(CCCCN3CC=C(c4ccccc4)CC3)c2c1,7.662606239318848,8.297511100769043,7.980058670043945
O=C(NCCCCN1CCN(c2nsc3ccccc23)CC1)c1cccc2ccccc12,7.182423114776611,8.269271850585938,7.725847482681274
COc1ccccc1N1CCN(CCCCNC(=O)c2cccc3ccccc23)CC1,7.269603729248047,8.39780044555664,7.833702087402344
CN1CCc2cc(Cl)c(O)cc2CC1,6.539206504821777,7.684309959411621,7.111758232116699
Ic1ccc(N2CCN(CCCCCN3CCC(c4ccccc4)CC3)CC2)cc1,6.608992576599121,5.858187675476074,6.233590126037598
COc1ccccc1N1CCN(CCCCNCC(F)(F)c2ccc3ccc(F)nc3c2)CC1,7.423320770263672,7.489477634429932,7.456399202346802
Oc1[nH]cc2cc(F)c(OCCCCN3CC=C(c4cccc5ccccc45)CC3)cc12,7.84455394744873,8.418038368225098,8.131296157836914
Cc1ccc2c(CCN3CCN(c4nsc5ccccc45)CC3)cccc2[nH]1,,,
OC(CN1CCN(C2Cc3ccccc3Sc3ccc(-c4ccccc4)cc32)CC1)C(F)(F)F,7.596837043762207,7.2242302894592285,7.410533666610718
CN(C)CCN1CC=C2c3ccccc3Cc3ccccc3C21,6.886758804321289,7.554402351379394,7.220580577850342
CCCN(CCN1CCN(c2ccccc2)CC1)C1CCc2c(O)cccc2C1,7.368458271026611,8.235482215881348,7.8019702434539795
Sc1cccc2c1CCC2CCCN1CCN(c2cccc3ccc(Cl)cc23)CC1,7.947410583496094,7.954506874084473,7.950958728790283
Oc1c2ccccc2[nH]1CCCCN1CC=C(c2cccc3ccccc23)CC1,,,
Oc1[nH]cc2ccc(OCCCCN3CCN(c4cccc5cccc(F)c45)CC3)cc12,8.384242057800293,8.055950164794922,8.220096111297607
COc1cccc2c1CCCC2CCCNCCOc1cccc2ccccc12,6.817419528961182,7.524206161499023,7.1708128452301025
Oc1[nH]cc2c(OCCCCN3CCN(c4cccc5cccc(Cl)c45)CC3)ccc(F)c12,8.332344055175781,8.104501724243164,8.218422889709473
O=C1N(CCN2CCN(c3cccc(Cl)c3Cl)CC2)CCN1c1cccc2ccccc12,7.140003204345703,7.565101623535156,7.35255241394043
O=C1N(CCN2CC3CCc4cccc(O)c4C3C2)CCN1C1CCCN(CCCc2ccc(F)cc2)CC1,7.1472249031066895,6.721774101257324,6.934499502182007
CCCN(CCN1CCN(c2cccc3ccccc23)CC1)C1CCc2nc(N)sc2C1,7.570409297943115,8.891853332519531,8.231131315231323
CCNC(=O)Nc1cccc(C(CCN2CCN(c3cccc4nc(C)ccc34)CC2)c2ccccc2)c1,6.832799434661865,6.793391704559326,6.813095569610596
O=C1N(CCN2CCN(c3cccc(Cl)c3Cl)CC2)CCN1c1cccc(Cl)c1,7.528343200683594,7.927173614501953,7.727758407592773
CCCN(CCN1CCN(c2ccccc2)CC1)C1CCc2ccc(O)cc2C1,7.061977386474609,8.358572006225586,7.710274696350098
CN1CCN(c2cccc(C(N)=O)c2)CC1,5.424210071563721,5.957235813140869,5.690722942352295
Cc1ccc2sc(CCCN3CCN(c4cccc(Cl)c4Cl)CC3)cc2c1,7.113430976867676,6.912333965301514,7.012882471084595
CCCCN(CCN1C2CCC1c1ccc(Cl)cc1)C1CCc2ccc(I)cc2C1,,,
N#Cc1ccccc1N1CCN(CCSCCNC(=O)CCCc2ccc(-c3ccccc3)cc2)CC1,7.540711402893066,7.611310005187988,7.576010704040527
N#Cc1ccc2[nH]cc(CCCCN3CCN(c4cccc(Cl)c4Cl)CC3)c2c1,8.226238250732422,8.110158920288086,8.168198585510254
Oc1nc2cccc(OCCCNCCCF)c2[nH]1,7.504827499389648,7.6422953605651855,7.573561429977417
O=C(NCCCCN1CCN(c2cccc(Cl)c2Cl)CC1)c1cc2ccccc2[nH]1,7.3425798416137695,9.33303451538086,8.337807178497314
OC1(c2ccc(F)cc2)CCN(CCCCc2c[nH]c3ccc(F)cc23)CC1,7.526645183563232,7.379168510437012,7.452906847000122
Oc1[nH]cc2ccc(OCCCN3CCN(c4cccc5cccc(F)c45)CC3)c(F)c12,8.132925987243652,7.728168487548828,7.93054723739624
CCCCN(CCN1CCN(c2nccc3ccccc23)CC1)C1CCc2ccc(O)cc2C1,7.435420036315918,8.585570335388184,8.01049518585205
Cc1cc(OCCCNCC2CCc3ccc(O)cc3O2)nn1-c1ccc(C#N)cc1,8.65804672241211,8.090235710144043,8.374141216278076
c1ccc(CN2CCN(c3cccc4[nH]ccc34)CC2)cc1,7.963837623596191,7.0727219581604,7.518279790878296
COc1cccc(N2CCN(CCCCNC(=O)c3cc(-c4ccccc4)no3)CC2)c1,5.803798198699951,7.773165702819824,6.788481950759888
CCN1CCCC(c2c[nH]c3ccc(OC(=O)NCCCCCCN4CCN(c5ccccc5OC)CC4)cc23)C1,7.0327887535095215,7.072953224182129,7.052870988845825
N#Cc1cccc2[nH]c(C3=CCN(CCCCCCCCCCCN4CCc5ccc(OCCN6CCN(c7ccc(Cl)cc7)CC6)cc5CC4)CC3)nc12,7.4756669998168945,7.516392707824707,7.496029853820801
CCCN(CCN1CCN(c2ccccc2)CC1)C1CCc2nc(N)sc2C1,6.742559432983398,8.16044807434082,7.451503753662109
CCCN1CCCCC2c3c(ccc(O)c3OC)CCC21,6.939651012420654,7.477102279663086,7.20837664604187
CN1CCN(C2=Cc3ccccc3Cc3ccc(Cl)cc32)CC1,7.779814720153809,7.546051025390625,7.662932872772217
FC(F)(F)c1cnc(N2CCN(CCCCNC(c3ccccc3)c3ccc(Cl)cc3)CC2)c(C(F)(F)F)n1,6.850060939788818,6.515644073486328,6.682852506637573
FC(F)(F)c1ccc2c(C3=CCN(CCCCN4CCN(c5nccc6ccccc56)CC4)CC3)[nH]c(=O)[nH]c2c1,,,
CCCNc1cccc(CCN2CCN(c3cccc4ccccc34)CC2)c1,7.700904369354248,7.135439872741699,7.418172121047974
O=C1N(CCN2CCN(c3cccc(Cl)c3)CC2)CCN1c1cccc(Cl)c1,6.999580383300781,7.546206951141357,7.272893667221069
N#Cc1ccc2[nH]c(CN3CCN(c4cccc(C#N)c4Cl)CC3)cc2c1,7.010873317718506,6.156402111053467,6.583637714385986
Oc1c2ccccc2n1CCCCN1CCN(c2ccccc2)CC1,,,
O=C1N(CCN2CCN(Cc3ccccc3)CC2)CCN1c1ccccc1F,6.397446155548096,6.351174831390381,6.374310493469238
N#Cc1ccc(CN2CCN(CCCN3c4ccccc4CC3CC3)CC2)cc1F,,,
N#Cc1ccc2[nH]cc(CCCCN3CCN(c4ccc5c(c4)CNC5=O)CC3)c2c1,7.567483901977539,7.560803890228271,7.564143896102905
Cc1ncoc1-c1nnc(SCCCN2CC3CC3(c3ccc(C(F)(F)F)cc3)C2)n1C,6.68971061706543,8.816180229187012,7.752945423126221
C1=C(CN2CCC3(CC2)CN(c2ccccc2)CN(c2cccc(Cl)c2)CCN3)CN1,5.726406574249268,5.59140157699585,5.658904075622559
COc1ccc2cc[nH]c2c1CCCCN1CCN(c2ccccc2)CC1,7.373690605163574,7.360774993896484,7.367232799530029
Fc1ccc(-c2c[nH]c3ccc(OCCN4CCN(c5ccccc5Cl)CC4)cc23)c1,,,
CCCN(CCN1CCN(c2ccccn2)CC1)C1CCc2ccc(O)cc2C1,6.907680988311768,8.235179901123047,7.571430444717407
COc1cc(-c2ccc3c(c2)CCN(S(=O)(=O)c2ccc(Cl)cc2)CC3)cc(C(=O)O)c1OC,5.812985897064209,5.48153018951416,5.647258043289185
Oc1ccc2[nH]cc(CCCCN3CCN(c4cccc(Cl)c4Cl)CC3)c2c1,8.743884086608887,8.450736045837402,8.597310066223145
Fc1ccccc1N1CCN(CCCCN2CCC=C(c3ccc(F)cc3)CC2)CC1,7.729076862335205,7.756623268127441,7.742850065231323
CCCN(CCN1CN=C2Cc3ccccc3CC2C2CCCCC2)C1=O,6.890416622161865,6.362166881561279,6.626291751861572
COc1ccccc1N1CCN(CCCCCCN2CCN(c3ccccc3OC)CC2)CC1,7.870885848999023,7.619773864746094,7.745329856872559
CN1CCN(C2CCC(n3ccc4ccc(OCCCN5CCN(c6cc(Cl)ccc6Cl)CC5)cc43)CC2)CC1,6.832889556884766,7.614651203155518,7.223770380020142
Oc1[nH]cc2cc(F)c(OCCCN3CCN(c4cccc5cccc(Cl)c45)CC3)cc12,7.8909077644348145,7.786128520965576,7.838518142700195
COc1ccccc1N1CCN(CCCCc2ccc3c(c2)sc(=O)n3CCN2CCC(c3ccc(F)cc3)CC2)CC1,7.854444026947021,7.030268669128418,7.44235634803772
Cc1ccc2c(N3CCN(CCc4cccc(NC(=O)c5ccc(Br)cc5)c4)CC3)cccc2n1,6.477285861968994,6.891182899475098,6.684234380722046
CCCN(CCN1CCN(c2cccc3ncccc23)CC1)C1CCc2nc(N)sc2C1,7.246321201324463,8.85922908782959,8.052775144577026
Oc1cc2c(OCCNCc3ccccc3)ccc(F)c2[nH]1,8.782026290893555,7.853747367858887,8.31788682937622
CCCN(CCN1CCN(c2cccc(Cl)c2Cl)CC1)C1CCc2ccc(O)cc2C1,7.754941463470459,8.884286880493164,8.319614171981812
Oc1[nH]cc2ccc(OCCCN3CCN(c4cccc5ccccc45)CC3)cc12,8.251432418823242,8.164287567138672,8.207859992980957
CCCN(CCC1CCC(NC(=O)C=Cc2ccc(Cl)cc2C)CC1)C1CCc2nc(N)sc2C1,7.214523315429687,8.555580139160156,7.885051727294922
CCN1CCCC1CNC(=O)c1cc(I)ccc1OCCF,7.349194049835205,8.427706718444824,7.888450384140015
CN1CCCC(Cc2c[nH]c3ccc(CN4CCCC4)cc23)C1,4.6147661209106445,5.448066711425781,5.031416416168213
Fc1ccc(F)c(N3CCN(CCCCOc4cccc5c4OCCCN5CCN4CCN3CCC4Cc2ccccc2)CC3)n1,,,
CN1CCN(C2Cc3ccccc3Sc3ccc(CNC(=O)CSCc4cc(F)cc(F)c4)cc32)CC1,7.506769180297852,7.103823184967041,7.305296182632446
Cc1ccc2c(N3CCN(CCc4cccc5c4OCC(=O)N5C)CC3)cc(F)cc2n1,6.994771957397461,6.715856552124023,6.855314254760742
N#Cc1ccc(N2CCN(CCCCN3CCc4ccccc4C3)CC2)cc1Cl,6.4598069190979,7.7791032791137695,7.119455099105835
CN1CCC(c2cn(O)c3ccc(N4CCN(Cc5ccc6ccc(F)cc6c5)CC4)cc23)CC1,7.396901130676269,5.972255706787109,6.6845784187316895
O=S(=O)(NCCCCCN1CCN(c2cccc(Cl)c2Cl)CC1)C1CCC2C3CCC4CC(O)CCC4(CCC3)CC21C,6.950948238372803,7.474521636962891,7.212734937667847
Fc1ccc(N2CCN(CCCCOc3ccc4ccc(=O)n(CCCCN5CCN(c6ccccc6Cl)CC5)c4c3)CC2)cc1,7.146655082702637,7.819869041442871,7.483262062072754
CN1CCN(C2Cc3ccccc3Sc3ccc(-n4ccc(C(F)(F)F)c4)cc32)CC1,7.8663506507873535,7.0699462890625,7.468148469924927
c1ccc(N2CCN(CCCCOc3ccc4cccnc4c3)CC2)cc1,7.148453712463379,7.731174945831299,7.439814329147339
Oc1[nH]cc2cc(F)c(OCCCCN3CCN(c4cccc5cccc(Cl)c45)CC3)cc12,8.12354850769043,8.098562240600586,8.111055374145508
Clc1cccc(N2CCN(CCC3CCC(Nc4ncccc4C(=O)NCCc4ccccc4)CC3)CC2)c1Cl,7.59399938583374,7.330245971679687,7.462122678756714
CN1CCN(C2=Nc3ccccc3Nc3cc(Cl)ccc32)CC1,6.374544143676758,7.2970685958862305,6.835806369781494
Oc1cc(N2CCN(CCCCN3CCN(c4ccccc4OCCF)CC3)CC2)cc(Cl)c1,8.24645709991455,8.89460563659668,8.570531368255615
CCN1CCCC1CNC(=O)c1cc(CCCF)ccc1OCCCN1CCN(c2ccccc2Cl)CC1,7.103494167327881,7.851820945739746,7.4776575565338135
CCN(CCCCN1CCN(c2ccccc2OC)CC1)C1CCc2cnc(O)cc2C1,7.6606831550598145,8.252874374389648,7.9567787647247314
Oc1nc2cccc(OCCCNCc3ccccc3)c2o1,7.130764007568359,7.5845627784729,7.35766339302063
CCCN(CCN1CCN(c2cccc(Cl)c2Cl)CC1)C1CCc2c(O)cccc2C1,7.985079765319824,8.79438304901123,8.389731407165527
O12ccc3[nH]cc(CCCCNCC2CCc3ccccc3O2)c2ccccc12,,,
CN(CCCN1CCN(c2cccc(-c3ccccc3)c2)CC1)c1ccccc1,7.095198631286621,6.6703948974609375,6.882796764373779
O=C(NC1CCC(CCN2CCN(c3cccc(Cl)c3Cl)CC2)CC1)c1cccc2[nH]ccc12,7.99177360534668,8.607255935668945,8.299514770507812
CN1CC(N2CCN(c3cccc(Cl)c3Cl)CC2)C1=O,6.634119033813477,7.856800079345703,7.24545955657959
Clc1cccc(N2CCN(CCCCCCNCC(c3ccc(I)cc3)c3ccccc3)CC2)c1Cl,6.36554765701294,6.1440863609313965,6.254817008972168
O=C1N(CCN2CCN(c3ccccc3Cl)CC2)CCN1c1cccc(Cl)c1,7.399530410766602,7.602095127105713,7.500812768936157
Nc1ccc2c(c1)CCC2CCCCN1CCN(c2cccc3ccccc23)CC1,7.377879619598389,8.011340141296387,7.694609880447388
N#CNCCN1CCN(c2cccc3ccccc23)CC1,7.920734405517578,6.937634468078613,7.429184436798096
CCCN(CCC1CCc2ccc(O)cc2C1)C1CCc2c(O)cccc2C1,7.926469802856445,9.668620109558104,8.797544956207275
CCCN(CCC1CCC(NC(=O)c2ccccn2)CC1)C1CCc2c(O)cccc2C1,7.7270894050598145,8.684828758239746,8.20595908164978
c1ccc(OCCCNCC2CCc3ccc(OCCN4CCCCC4)cc3C2)cc1,6.715808391571045,7.445998191833496,7.0809032917022705
CCOc1ccccc1N1CCN(CCCCN2CCC(=Cc3ccccc3CCc3cccnc3)CC2)CC1,6.734614372253418,7.737724304199219,7.236169338226318
O=C(NCCCCN1CCN(c2cccc(Cl)c2Cl)CC1)c1cc2ccccc2[nH]1,7.3425798416137695,9.33303451538086,8.337807178497314
COc1cccc(CN2CCN(CCCCCNC(=O)c3cc4ccccc4s3)CC2)c1,5.952096939086914,7.372634887695312,6.662365913391113
CC(C)Oc1ccccc1N1CCN(CCCCNC(=O)c2ccc3ccccc3c2)CC1,7.384382724761963,8.607366561889648,7.995874643325806
Oc1ccc2[nH]cc(CCCN3CC=C(c4ccccc4)CC3)c2c1,8.563096046447754,8.061650276184082,8.312373161315918
O=C1CCc2ccc(OCCCCN3CCN(c4cccc(Cl)c4Cl)CC3)nc2N1,8.820858001708984,7.946710586547852,8.383784294128418
CN1CC=C(C2=Cc3cc(F)ccc3Oc3ccc(F)cc32)CC1,7.972990036010742,7.473241329193115,7.723115682601929
Cc1cc(Cl)cc(C)c1OCCCNCC1CCc2ccc(O)cc2O1,8.521519660949707,7.428819179534912,7.97516942024231
NCCN1CCc2ccc(C(=O)CCCCCCN3CCN(c4cccc(Cl)c4Cl)CC3)cc2CC1,7.668530464172363,8.017446517944336,7.84298849105835
Cc1ccc2c(C3CCN(CCC=Cc4ccccc4)CC3)c[nH]c2c1,7.0508575439453125,6.723832130432129,6.887344837188721
COc1cccc(C2=CC3(CN(CCCNc4ccccc4)CC2)CCN(CCCC(=O)c2ccc(F)cc2)CC3)c1,7.410070896148682,7.329630851745605,7.3698508739471436
CCCN(CCN1CCN(c2cccc3ccccc23)CC1)C1CCc2ccc(O)cc2C1,7.852016448974609,8.869157791137695,8.360587120056152
Oc1cc2c(OCCNCCc3cccc(I)c3)ccc(Cl)c2[nH]1,8.78636360168457,7.540386199951172,8.163374900817871
Oc1ccc2c(c1)CCCCCN1CCN(c3cccc(Cl)c3Cl)CC1,,,
CN1CCN(CCCN2CCC(c3cn(-c4ccc(F)cc4)c4ccccc34)CC2)CC1,6.787930965423584,5.830889225006104,6.309410095214844
O=C1CCc2ccc(OCCCCN3CCN(c4cccc(Cl)c4Cl)CC3)nc2N1,8.820858001708984,7.946710586547852,8.383784294128418
O=C1N(CCN2CCC3C(C2)c2ccccc2N3CCN1CCN1CCN(c2ccccc2C(F)(F)F)CC1,,,
Cc1c(F)cccc1CN1CCN(CCCCN2C(=O)c3cccc4cccc(c34)C2=O)CC1,6.683623313903809,7.139571189880371,6.91159725189209
CN1CCN(C2=Nc3cc(Cl)ccc3Nc3cc(Cl)ccc32)CC1,6.607695579528809,7.438347816467285,7.023021697998047
NCCc1c[nH]c2ccc(O)cc12,7.165433406829834,5.987557888031006,6.57649564743042
Cc1ccc2c(N3CCNC(CCCCN4CCN(c5cccc(Cl)c5Cl)C4=O)C3)cccc2n1,7.294397830963135,7.376946449279785,7.33567214012146
CCCN(CCN1CCN(c2cncc3ccccc23)CC1)C1CCc2ccc(O)cc2C1,7.425510883331299,8.824833869934082,8.12517237663269
CCCN(CCN1CCN(c2ccccc2OC)CC1)C1CCc2ccc(O)cc2C1,7.815720081329346,8.517810821533203,8.166765451431274
CCN(CC)C(=O)NC1Cc2c(cc3c[nH]c4c3c2C=CC4)N(C)C1,8.286233901977539,9.047707557678224,8.66697072982788
CN1CCN(C2=Cc3cc(Cl)ccc3Nc3ccccc32)CC1,7.557844161987305,7.39279317855835,7.475318670272827
Oc1ccc2c(c1)OC(CNCCC1CC1)CC2,9.032119750976562,9.281800270080566,9.156960010528564
Cc1cccc(CCN2CC3C(C2)c2c3ccc(C(F)(F)F)cc2)c1,,,
CCCN(CCN1CCN(c2cccc3ccccc23)CC1)C1CCc2ccc(O)cc2C1,7.852016448974609,8.869157791137695,8.360587120056152
Fc1ccc(-c2nc3cc(CCCCN4CCN(c5ccccn5)CC4)ccn3n2)cc1,6.112544536590576,7.61677074432373,6.864657640457153
CCCN(CCCCCCCCCCCCCCNCC1CCc2ccccc2O1)C1CCc2c(O)cccc2C1,8.023507118225098,7.284602642059326,7.654054880142212
c1ccc(N2CCN(CCCCOc3ccc4[nH]cc(CCN4CCNC4)c4ccccc34)CC2)cc1,,,
Cc1ccc2c(N3CCN(CCCCc4cccc5c4CCO5)CC3)cccc2n1,7.841856479644775,7.66792106628418,7.7548887729644775
CCCN1CCCCCC1Cc1ccc(O)c(Cl)c1,6.651161193847656,7.689067363739014,7.170114278793335
CCCN(CCN1CN(c2ccc3ccccc3c2)CC1)C1CCc2ccc(O)cc2C1,6.974199295043945,8.89466381072998,7.934431552886963
COc1cccc(C(C)(C)C)c1NCCN1CCN(c2ccccc2OC)CC1,7.91630220413208,7.121923923492432,7.519113063812256
CN1CCN(C2Cc3ccccc3Sc3ccc(-c4nnn(C)n4)cc32)CC1,8.439382553100586,7.074907779693604,7.757145166397095
CCN(CCCCN1CCN(c2ccc(C(F)(F)F)cc2)CC1)C1CCc2cc(O)ccc2C1,6.970688343048096,8.056010246276855,7.513349294662476
[H]C([H])N1CCN(C2Cc3[nH]c4ccc(F)cc4c3CC2)C1=O,7.279018878936768,7.174502372741699,7.226760625839233
COCCN(CCN1CCN(c2cccc(Cl)c2Cl)CC1)C1CCc2ccc(O)cc2C1,7.608968734741211,8.552989959716797,8.080979347229004
CCCN(CCN1CCNC1=O)Cc1ccc(Cl)c(Cl)c1,6.254357814788818,7.317835807800293,6.786096811294556
Oc1[nH]c2cccc3c2c1CCNCC3,6.142158031463623,5.264057159423828,5.703107595443726
CCCN(CCN1CCN(c2ccccc2OCC)CC1)C1CCc2ccc(O)cc2C1,7.901142120361328,8.834480285644531,8.36781120300293
Oc1ccc2[nH]cc(CCCCN3CC=C(c4ccccc4)CC3)c2c1,8.44819450378418,8.916884422302246,8.682539463043213
C1=CCCCCN1CCN1CCN(c2cccc(Cl)c2Cl)CC1,7.818254470825195,7.8906025886535645,7.85442852973938
CCCN(CCN1C2CCC1CC(NC(=O)c1cccc(Cl)c1)C2)C1CCc2c(O)cccc2C1,7.004085540771484,8.659414291381836,7.83174991607666
CCN(CCCCCN1CCN(c2cccc(Cl)c2Cl)CC1)C1CCc2ccc(O)cc2C1,8.098259925842285,8.537981033325195,8.31812047958374
CCCN(CCN1C2C3CCC1c1ccc(O)cc13)C1CCc2nc(N)sc2C1,,,
Oc1[nH]cc2ccc(OCCCCN3CCN(c4cccc5cccc(F)c45)CC3)cc12,8.384243965148926,8.055950164794922,8.220097064971924
O=C(NCCCCN1CCN(c2nsc3ccccc23)CC1)c1ccccc1,7.506708145141602,8.433781623840332,7.970244884490967
Oc1[nH]cc2ccc(OCCCCN3CCN(c4cccc5cccc(F)c45)CC3)cc12,8.384242057800293,8.055950164794922,8.220096111297607
O=C(NCCCCN1CCN(c2cccc(Cl)c2Cl)CC1)c1ccc2c(c1)Cc1ccc(O)cc1-2,7.520121097564697,9.253488540649414,8.386804819107056
O=C(NC1CCC(CCN2CCN(c3ccc(Cl)cc3Cl)CC2)CC1)c1cccs1,7.610907554626465,8.635022163391113,8.122964859008789
c1ccc2cc(CCCN3CCN(c4cccc5ccccc45)CC3)ccc2c1,7.13714599609375,7.043980121612549,7.090563058853149
c1ccc(N2CCN(CCCCc3c[nH]c4ccc(-n5cnnc5)cc34)CC2)c2ccccn2)cc1,,,
CN1CCN(C2Cc3ccccc3Sc3ccc(-c4cnn(C)c4)cc32)CC1,8.523214340209961,7.4359450340271,7.97957968711853
O=C1N(CCN2CCC(COc3cnccn3)CC2)CCN1CCCCC1,,,
Cc1cnc2c(N3CCN(CCCc4cccc(C(F)(F)F)c4)CC3)cccc2c1,7.152893543243408,6.386173725128174,6.769533634185791
CCCN(CCC1CCC(NS(=O)(=O)Cc2ccc(F)cc2F)CC1)C1CCc2nc(N)sc2C1,6.973224639892578,8.678441047668457,7.825832843780518
CCCN(CCN1CCN(c2cccc3ccoc23)CC1)C1CCc2ccc(O)cc2C1,8.003236770629883,8.87026596069336,8.436751365661621
O=C(N1CC(COCCN2CCN(c3ncccn3)CC2)CC1c1ccc(F)cc1)C1CC1,6.084070205688477,6.109770774841309,6.096920490264893
COc1cccc(N2CCN(CCCCOc3ccc4cccc(OC(C)C(=O)Nc5ccccc5)c4c3)CC2)c1,6.572430610656738,6.905888080596924,6.739159345626831
CNCCN1c2ccccc2CCc2ccccc21,5.703078746795654,5.822176456451416,5.762627601623535
Cc1ccc2c(CCN3CCN(c4nsc5ccccc45)CC3)c[nH]c2c1Cl,7.7953410148620605,6.793424606323242,7.294382810592651
N#CNCc1cccc(F)c1CCN1CCc2cc(I)c(O)cc2CC1,7.615033149719238,6.348950386047363,6.981991767883301
Oc1[nH]cc2ccc(OCCCN3CCN(c4cccc5ccccc45)CC3)cc12,8.251432418823242,8.164287567138672,8.207859992980957
CCCN(CCN1CCN(c2ccccc2)CC1)C1COc2ccc(OC)cc2C1,6.217586994171143,7.318911552429199,6.768249273300171
CCCN(CCCCN1CCN(c2ccccc2OC)CC1)C1CCc2ccc(O)cc2C1,8.175082206726074,8.616327285766602,8.395704746246338
Cc1cc2c(cc1CN1CC3CC(C1)c3ccc(F)cc3Oc1ccc3ccccc3c1)CNC2=O,,,
Cc1ccc2c(N3CCN(CCc4cccc5c4OCC(=O)N5C)CC3)cccc2n1,6.850943088531494,6.639899730682373,6.745421409606934
Cc1csc2c(N3CCN(CCCCN4CCN(c5ccc(Cl)c(Cl)c5)CC4)CC3)cccc12,7.563208103179932,8.226471900939941,7.8948400020599365
Clc1cccc(N2CCN(CCCCCN3CCCc4cc(-c5cccs5)ccc43)CC2)c1Cl,7.357995986938477,7.3057756423950195,7.331885814666748
Cc1cc(OCCN2CCCC(c3noc4cc(F)ccc34)C2)nn1-c1ccc(F)cc1,7.084782600402832,7.321171760559082,7.202977180480957
CN(C)CCN1CCN2c3ccccc3Cc3ccccc3C2C1,6.338065147399902,6.66192626953125,6.499995708465576
O=C1N(CCN2CCC(N3CCN(c4cccc(Cl)c4Cl)CC3)CC2)CCN1c1ccccc1,6.397991180419922,6.548586368560791,6.4732887744903564
Cc1ccc2c(N3CCN(CCc4cccc(C(F)(F)F)c4)CC3)cccc2[nH]1,,,
CCN1CCN(c2ccc(C(=O)NCCCCN3CCN(c4cccc(Cl)c4Cl)CC3)cc2CCCC(=O)O)CC1,7.478532314300537,7.784514904022217,7.631523609161377
Oc1[nH]c2ccccc2c1CCCCN1CC=C(c2cccc3ccccc23)CC1,7.441141128540039,8.35091495513916,7.8960280418396
[H]C([H])([H])N1CCN(C2c3ccccc3CCC2C)CC1,6.120699882507324,7.0102314949035645,6.565465688705444
Fc1cccc2c(CCCN3CCN(c4cccc5c4CCCC5)CC3)c[nH]c12,8.403522491455078,6.753277778625488,7.578400135040283
Oc1ccc2c(c1)OC(CNCc1cccc(I)c1)CC2,9.581106185913086,8.251964569091797,8.916535377502441
OCCCCN1CCN(c2ccc(-c3ccccc3)cc2)CC1,6.224337100982666,6.777116775512695,6.500726938247681
CN1CCN(C2Cn3cccc3Sc3ccc(F)cc32)CC1,8.455343246459961,8.19658088684082,8.32596206665039
Oc1[nH]c2ccc(OCCN3CCN(c4cccc5cccc(Cl)c45)CC3)cc2c1CCO,7.5484795570373535,7.443686008453369,7.496082782745361
Oc1[nH]cc2ccc(OCCCN3CCN(c4cccc5ccccc45)CC3)cc12,8.251432418823242,8.164287567138672,8.207859992980957
COc1ccccc1N1CCN(CCCCc2cc(-c3ccc(F)cc3)no2)CC1,6.978795528411865,8.067510604858398,7.523153066635132
CC1NC(=O)c2cccc3c(CCN3CCN(c4cccc5nc(-c6ccccc6)[nH]c45)CC3)c21,,,
N#Cc1ccc2[nH]cc(CCCCN3CCN(c4ccc5[nH]c(C(N)=O)cc5c4)CC3)c2c1,7.32735538482666,7.564929962158203,7.446142673492432
N#Cc1cnc(CN2CCC(N3CCN(c4ccc(C#N)cc4)CC3)CC2)cc1Cl,4.243598937988281,5.398318290710449,4.820958614349365
CCCN(CCN1CCN(c2ccc(-c3ccccc3)cc2)CC1)C1CCc2ccc(O)cc2C1,7.323070049285889,8.556982040405273,7.940026044845581
Cc1ccccc1N1CCN(CCCCNC(=O)c2ccc3[nH]ccc3c2)CC1,7.31890058517456,8.15614128112793,7.737520933151245
COc1ccccc1N1CCN(CCCCNC(=O)C=Cc2ccccc2Cl)CC1,7.750208854675293,9.067501068115234,8.408854961395264
CCCN(CCN1CCN(c2ncccn2)CC1)C1CCc2ccc(C(F)(F)F)cc2C1,6.503787994384766,7.421356678009033,6.962572336196899
CCCN(CCN1CN=C2C(C(F)(F)F)=CCCN2C1=O,,,
c1ccc(CN2CCN(CCCc3c[nH]c4ccc(-n5cnnc5)cc34)CC2)cc1,6.79394006729126,6.364069938659668,6.579005002975464
O=C(CCCN1CC=C(c2ccc(Cl)cc2)CC1)c1ccc2c(c1)-c1ccccc1OC2,7.408623218536377,8.037276268005371,7.722949743270874
CCCN(CCCCCCCCCCCN(CCC)C1CCc2c(O)cccc2C1)CC1CCc2c(O)cccc2C1,7.014444828033447,7.956506252288818,7.485475540161133
NCCCN(CCNc1cccc2ccc(OC(F)(F)F)cc12)C1CCc2ccc(O)cc2C1,7.591514587402344,7.591859340667725,7.591686964035034
COc1ccccc1N1CCN(CCCCNC(=O)c2cnc3ccccc3c2Br)CC1,7.333613872528076,8.400938034057617,7.867275953292847
O=C1N(CCN2CC=C(c3ccc(F)cc3)CC2)CCN1CC1CCC(=Nc2ccc(F)cc2)CC1,6.843836307525635,7.422146320343018,7.132991313934326
O=C(CCCCN1CCN(c2cccc(Cl)c2Cl)CC1)c1ccc2ccccc2c1,7.694843769073486,8.50221061706543,8.098527193069458
CCCN1CCc2cccc3c2C1Cc1ccc(O)c(O)c1-3,8.10791015625,8.435409545898438,8.271659851074219
N#Cc1ccc2[nH]cc(CCCN3CCN(c4ccc(C#N)cc4)CC3)c2c1,6.644674777984619,6.389266014099121,6.51697039604187
Oc1ccc2c(CCCNCCCc3ccccc3)c[nH]c2c1,7.349080085754394,7.245946407318115,7.297513246536255
O=C1N(CCN2CCC(C(=O)c3ccccc3)CC2)CCN1c1cccc(Cl)c1,7.663420677185059,7.480326652526855,7.571873664855957
Oc1[nH]cc2ccc(OCCCCN3CCN(c4cccc(Cl)c4Cl)CC3)cc12,8.518853187561035,8.852020263671875,8.685436725616455
O=C(NCC=CCN1CCN(c2ccccc2Cl)CC1)c1cccc2ncccc12,7.25575065612793,8.25960922241211,7.7576799392700195
COc1ccccc1N1CCN(CCCCCCNCC(=O)c2cc3ccccc3n2C)CC1,7.29612398147583,7.117356300354004,7.206740140914917
Oc1[nH]c2cc(I)c3c2c1CCCNC3,,,
O=C(NCCCCN1CCN(c2cccc(Cl)c2Cl)CC1)c1cn[nH]c1,7.719460487365723,9.0913667678833,8.405413627624512
CN(CCN1CCN(c2cccc3cc(F)ccc23)CC1)C1Cc2ccc(Cl)cc2C1,7.773787021636963,7.419299125671387,7.596543073654175
CN1CCN(C2Cn3cccc3Sc3ccc(Cl)cc32)CC1,8.645715713500977,8.372458457946777,8.509087085723877
CCCN(CCN1CCN(c2ccccc2OC)CC1)C1CCc2ccc(O)cc2C1,7.815720081329346,8.517810821533203,8.166765451431274
CN1CCN(C2Cc3ccccc3Sc3ccc(NC(=O)NCCO)cc32)CC1,6.367414474487305,7.035789489746094,6.701601982116699
O=C1NC2CCCCN2CCCCN1c1ccc(Cl)cc1,6.327017784118652,6.058009147644043,6.192513465881348
Clc1ccc2c(NCCN3CCN(c4ccccc4)CC3)cccc2[nH]1,,,
Nc1ccc(N2CCN(CCCCN3CCN(c4ccccc4OC(C(F)(F)F)CC3)CC2)cc1Cl,,,
CN1CCN(C2Cc3ccccc3Sc3ccc(-c4nnn(CCN5CCN(c6ccc(C(F)(F)F)cc6F)CC5)n4)c32)CC1,,,
CCN1CCN(c2cccc(C(=O)NCCCCN3CCN(c4cccc(Cl)c4Cl)CC3)c2)C1,6.849545478820801,8.566082000732422,7.707813739776611
CCN1CCN(c2ccc(C#CCCCCN3CCN(c4ccc(F)cc4)CC3)cc2)CC1,6.265890121459961,6.567899227142334,6.4168946743011475
N#Cc1ccc(N2CCN(CCCCNC(=O)c3cc4ccccc4s3)CC2)cc1,6.592568397521973,8.329021453857422,7.460794925689697
CN1C(=O)C(c2ccc3ccccc3c2)CC2c3cc(O)ccc3CCC21,6.234570503234863,6.636242866516113,6.435406684875488
Oc1[nH]cc2c(OCCCCN3CCN(c4cccc5cccc(F)c45)CC3)cccc12,8.28132438659668,8.1029052734375,8.19211483001709
OC12CC3CC(CC(CC(Br)CCCCBr)(CC2)C3)C1,4.426878929138184,5.8990583419799805,5.162968635559082
CN1CC=C(C2=Cc3ccccc3Nc3cc(I)ccc32)CC1,7.919167518615723,8.09378433227539,8.006475925445557
O=C1N(CCN2Cc3ccccc3C2)CCN1c1cccc(Cl)c1,6.888776302337647,7.879937171936035,7.384356737136841
O=C1NN(CCCCN2CCN(c3cccc(Cl)c3Cl)CC2)C2CCCCC12,7.651392936706543,8.78526496887207,8.218328952789307
CC1(CNCCI)CI,,,
CCCN1CCCCC2Cc3cc(O)ccc3CCC21,6.732819557189941,7.567214012145996,7.150016784667969
COc1ccccc1N1CCN(CCCCCNC(=O)c2cccc3c2OCCC3)CC1,8.016779899597168,7.249063491821289,7.6329216957092285
O=C(NCCCCN1CCN(c2cccc(Cl)c2Cl)CC1)c1cnc2ccccc2c1,7.251902103424072,9.041850090026855,8.146876096725464
CCCN(CCCCCNCC1Cc2ccc(OC)cc2OC1)C1CCc2ccc(O)cc2C1,7.320212364196777,7.482661724090576,7.401437044143677
Cc1ccc2c(N3CCN(CCc4cccc(-n5ccnc5)c4)CC3)cccc2n1,7.019498348236084,6.806178569793701,6.912838459014893
CN1CCc2ccc(Cl)c3c2C1Cc1cccc(O)c1-3,7.1414008140563965,7.567095756530762,7.354248285293579
Cc1ccc2c(N3CCN(CCCCc4cccc5c4OCCCO5)CC3)cccc2n1,8.211370468139648,7.411845684051514,7.811608076095581
N#Cc1ccc2[nH]c(CN3CCN(c4cccc(C#N)c4)CC3)cc2c1,6.280694007873535,5.582171440124512,5.931432723999023
O=C(NCCCCN1CCN(c2cccc(Cl)c2Cl)CC1)c1cc2ccccc2[nH]1,7.3425798416137695,9.333032608032228,8.337806224822998
Cc1ncoc1-c1nnc(SCCCN2CC3CC3(c3ccc(C(F)(F)F)cc3)C2)n1C,6.68971061706543,8.816180229187012,7.752945423126221
CCCN(CCN1CCN(c2ccc(-c3ccccc3)cc2)CC1)C1CCc2ccc(O)cc2C1,7.323070049285889,8.556982040405273,7.940026044845581
CCCN(CCN1CCN(c2cccc3cc[nH]c23)CC1)C1CCc2ccc(O)cc2C1,7.936832427978516,8.811960220336914,8.374396324157715
CCCN(CCN1CCN(c2cccc3ccccc23)CC1)C1CCc2c(O)cccc2C1,8.05475902557373,8.830840110778809,8.44279956817627
CCN1CCCC1CNC(=S)Nc1ccc(C)c(C)c1,6.24517297744751,8.264723777770996,7.254948377609253
N#Cc1ccc(N2CCN(CCCCc3c[nH]c4ncccc34)CC2)cc1Cl,6.855136871337891,7.370518207550049,7.11282753944397
CCN1CCCCC(c2ccccc2)CC1,5.734314918518066,5.502682209014893,5.6184985637664795
O=CC(Cc1c[nH]c2ccccc12)NCCCNCC1CCc2ccccc2O1,7.071724891662598,6.623701572418213,6.847713232040405
CCCN1CCCCCC1CNC(=O)c1c(OCCCF)cccc1C,6.857051849365234,6.993896484375,6.925474166870117
CNC(=O)Nc1ccc(CCN2CCN(c3cccc4nc(C)ccc34)CC2)cc1,7.546986103057861,6.530126094818115,7.038556098937988
Oc1[nH]cc2ccc(OCCCN3CCN(c4cccc5sccc45)CC3)cc12,8.526105880737305,8.552661895751953,8.539383888244629
CCNCCN1CCN(c2ccccc2)C2(CCN(CCCCc3ccc(I)cc3)CC2)C1=O,8.670919418334961,7.576831817626953,8.123875617980957
CCCN(CCN1CCN(c2ccc(Cl)cc2)CC1)C1CCc2ccc(O)cc2C1,6.674946308135986,8.185625076293945,7.430285692214966
CCCN(CCN1CCN(c2ccnc3cc(Cl)ccc23)CC1)C1CCc2ccc(O)cc2C1,7.561002731323242,8.841906547546387,8.201454639434814
N#Cc1ccc(N2CCN(CCCCN3CCN(c4cccc(Cl)c4Cl)CC3)CC2)c2c(F)cccc12,7.842935085296631,7.943398475646973,7.893166780471802
CC(C)c1ccccc1N1CCN(CCCCNC(=O)c2cccc3c2OCCC3)CC1,7.984962940216064,7.895400524139404,7.940181732177734
Fc1ccccc1CCN1CCN(CCCCc2c[nH]c3ccc(-n4cnnc4)cc23)CC1,7.41843843460083,7.107150077819824,7.262794256210327
CN(CCN1CCN(c2cncc3ccccc23)CC1)C1CCc2ccc(O)cc2C1,7.466770172119141,8.417556762695312,7.942163467407227
Cc1ccn2c(CCN3CCN(c4cccc(Cl)c4Cl)CC3)cccc2c1,,,
O=C1N(CCN2CC3CCC2CC3)CCN1c1cc2ccccc2o1,7.0566582679748535,7.332475185394287,7.19456672668457
COc1ccccc1N1CCN(CCCCCCCNCC(O)c2ccc(O)c3nc(O)ccc23)CC1,7.172894477844238,7.552435398101807,7.3626649379730225
N#Cc1ccccc1N1CCN(CCCCNC(=O)c2cccc3c2CCCC3)CC1,7.879147529602051,8.209552764892578,8.044350147247314
Cc1cc2c(s1)Nc1ccc(CCCN3CCN(c4cccc5nc(C)ccc45)CC3)cc1CO2,7.393990993499756,6.832305431365967,7.113148212432861
CCCN(CCCCCN1CCN(c2ccccc2OC)CC1)C1CCc2ccc(O)cc2C1,8.155640602111816,8.086040496826172,8.120840549468994
Oc1[nH]c2ccc(F)cc2c1CCCCN1CC=C(c2ccc(F)cc2)CC1,8.282292366027832,8.172983169555664,8.227637767791748
O=C1N(CCN2CCN(c3cccc(C(F)(F)F)c3)CC2)CCN1c1cccc2ccccc12,6.618284225463867,7.189448833465576,6.903866529464722
Oc1[nH]cc2cc(F)c(OCCCCN3CCN(c4cccc5cccc(F)c45)CC3)cc12,8.246258735656738,7.938355445861816,8.092307090759277
Oc1[nH]cc2c(OCCCN3CCN(c4cccc5cccc(F)c45)CC3)cccc12,8.137187004089355,7.900412559509277,8.018799781799316
CCN1CCN(c2cccc(C(=O)NC3(C#N)CCN(CCCc4ccc(Cl)cc4Cl)CC3)c2)CC1,7.116061687469482,7.059979438781738,7.08802056312561
Oc1[nH]cc2ccc(OCCCN3CCN(c4cccc5cccc(F)c45)CC3)cc12,8.2858247756958,7.846155166625977,8.065989971160889
FC(F)(F)c1cccc(CN2CCN(CCCc3c[nH]c4ccc(-n5cnnc5)cc34)CC2)c1,7.446498870849609,6.558824062347412,7.002661466598511
O=C(NCCCCN1CCN(c2cccc(Cl)c2Cl)CC1)c1cc2ccccc2s1,7.238006114959717,9.093591690063477,8.165798902511597
c1ccc(CN2CCN(CCCCCC(c3ccc(F)cc3)c3ccc(F)cc3)CC2)cc1,6.077020645141602,6.192949771881104,6.1349852085113525
COc1ccccc1N1CCN(CCCCCNC(=O)c2cc3ccccc3o2)CC1,7.168549537658691,7.815593719482422,7.492071628570557
CCOc1ccccc1N1CCN(CCCCc2ccc3c(c2)CCC(=O)N3CCNC(=O)C2CCC2)CC1,8.076980590820312,7.9855570793151855,8.031268835067749
CN1CCN(c2cccc(Nc3cccc(C#N)c3)c2)CC1,6.300524711608887,6.546122074127197,6.423323392868042
CN(CCCCCN1c2ccccc2Sc2ccc(Cl)cc21)Cc1ccccc1,6.764378547668457,6.572116851806641,6.668247699737549
O=C(NC1CCC(CCN2CCN(c3cccc(Cl)c3Cl)CC2)CC1)c1cccs1,8.053605079650879,8.922016143798828,8.487810611724854
COc1ccc2ccccc2c1CN1CCN(c2cccc(C(C)=O)c2)CC1,6.130702018737793,5.770912170410156,5.950807094573975
CCNC1CCc2ccc(I)cc2C1,7.668251037597656,7.692917823791504,7.68058443069458
Nc1ccc2c(-c3ccc(N4CCN(Cc5c[nH]c6ccc(Cl)cc56)CC4)nc3)cccc2[nH]1,,,
Oc1ccc2c(CCCN3CCN(c4ccccc4)CC3)ccc(OCCCN3CCN(c4cccc(Cl)c4Cl)CC3)c2[nH]1,,,
O=C(NCCCCN1CCN(c2ccc(Cl)c(Cl)c2)CC1)c1c[nH]c2ccc(F)cc12,6.746631145477295,8.000385284423828,7.3735082149505615
CCN(CCCCCn1nc(C2CC2)n(C)c1=O)CCCN1CCN(c2cccc(Cl)c2Cl)CC1,7.110804557800293,6.915986061096191,7.013395309448242
Cc1cc(N2CCN(CCCCN3CCC(c4ccccc4)(c4ccc(F)cc4)CC3)CC2)n[nH]1,7.165922164916992,6.695613861083984,6.930768013000488
CN1CCN(C2=Cc3ccccc3Oc3ccc(Cl)cc32)CC1,7.993473052978516,7.783572196960449,7.888522624969482
O=C(NCCCCN1CCN(c2cccc(Cl)c2Cl)CC1)c1cc2ccccc2[nH]1,7.3425798416137695,9.33303451538086,8.337807178497314
O=C(NCCCCN1CCN(c2cccc(Cl)c2Cl)CC1)c1ccc2ccccc2c1,7.087527751922607,9.066522598266602,8.077025175094604
O=C(NCCCCN1CCN(c2cccc(Cl)c2Cl)CC1)c1cc2ccccc2[nH]1,7.3425798416137695,9.333032608032228,8.337806224822998
Cc1c(OCCCN(CCCCCCCN)Cc2ccc(F)cc2)ccc2c(F)c(F)ccc12,6.03334903717041,6.523594379425049,6.2784717082977295
Cc1ccc2c(N3CCN(CCc4cccc(-n5ccc(CN6CCOCC6)n5)c4)CC3)cccc2n1,6.9721527099609375,6.363584518432617,6.667868614196777
O=C1CCc2cc(CCCCN3CCN(c4cccc(Cl)c4Cl)CC3)cc3c2N1CCC3,7.997879028320312,7.690447807312012,7.844163417816162
CCCN(CCN1CCN(c2ccccc2)CC1)C1CCc2ccc(O)cc2C1,7.061977386474609,8.358572006225586,7.710274696350098
CCCN(CCN1CCN(c2ccccc2C#N)CC1)C1CCc2ccc(O)cc2C1,7.496461391448975,8.617944717407227,8.0572030544281
NCCc1c[nH]c2ccc(OCCCCCCCN3CCN(c4ccccc4OC(CF)CC3)cc12,,,
CCN1CCN(c2ccc3[nH]c(C(=O)CCCN4CCN(c5ccc(C#N)cc5Cl)CC4)cc3c2)CC1,7.031148910522461,7.637787342071533,7.334468126296997
O=C1N(CCN2CC=CC(c3cccs3)CC2)CCN1c1ccccc1OCCCN1CCCC1C[nH]n2,,,
O=C(c1ccccc1)C1CCN(CCCC2CCc3ccccc3CC2)CC1,6.622368812561035,7.039298057556152,6.830833435058594
CNCCC(c1ccc(Cl)c(Cl)c1)c1cccc2[nH]ccc12,5.567477226257324,5.616437911987305,5.5919575691223145
O=C(NC1CC2CCC(C1)N2Cc1ccc2c(c1)Cc1ccccc1-2)c1ccncc1,6.545302867889404,7.505111217498779,7.025207042694092
CCCN(CCN1CCN(c2ccccc2C#N)CC1)C1CCc2ccc(O)cc2C1,7.496461391448975,8.617944717407227,8.0572030544281
O=C(NCCCCN1CCN(c2cccc(Cl)c2Cl)CC1)c1cccc2c1-c1ccccc1C2,6.840058326721191,8.24310302734375,7.541580677032471
Fc1cccc(N2CCN(CCCCNC(=S)NCC3CCC(c4ccc(Cl)cc4)CC3)CC2)c1,6.360361099243164,7.640028953552246,7.000195026397705
CN(C)CCN1CCN(c2cccc(Cl)c2Cl)CC1,6.892777919769287,8.19107723236084,7.5419275760650635
Oc1[nH]cc2ccc(OCCCN3CCN(c4cccc5ccccc45)CC3)cc12,8.251432418823242,8.164287567138672,8.207859992980957
Oc1cc2c(OCCNCc3ccccc3)ccc(F)c2[nH]1,8.782026290893555,7.85374641418457,8.317886352539062
CN1CCc2ccc(F)cc2Cc2ccc(O)cc2C1,7.81954288482666,6.851407051086426,7.335474967956543
COc1cccc2c(CCCCN3CCN(c4cccc(C(F)(F)F)c4Cl)CC3)noc12,7.123288154602051,7.520044803619385,7.321666479110718
CN1CCN(C2=Cn3cccc3Sc3ccc(Cl)cc32)CC1,8.414504051208496,8.474985122680664,8.44474458694458
Clc1cccc(N2CCN(CCCCCNC(=Cc3ccccc3)CC2)c1Cl,,,
Fc1ccc(N2CCN(CCCCOc3ccc4ccccn4c3)CC2)cc1,,,
COc1ccccc1N1CCN(CCCCNC(=O)c2ccc(CCCNCCc3ccccc3OC)cc2)CC1,6.861664295196533,7.857234001159668,7.359449148178101
O=C1NCCN1CCN1CCC(c2cn(-c3ccc(F)cc3F)c3ccc(Cl)cc23)CC1,7.647472381591797,6.572188377380371,7.109830379486084
N#Cc1ccc2[nH]c(CN3CC=C(c4c[nH]c5ccccc45)CC3)nc2c1,7.194786071777344,5.978592872619629,6.586689472198486
CN1CCN(C2Cc3ccccc3Sc3ccc(CCCN4CCN(c5cccc6ccccc56)CC4)cc32)CC1,8.181791305541992,7.463345527648926,7.822568416595459
CCCN(CCN1CCN(c2cccc3cccnc23)CC1)C1CCc2ccc(O)cc2C1,7.680384635925293,8.793758392333984,8.237071514129639
C(N1CCN(C2Cn3cccc3Sc3ccc(F)cc32)CC1)C1CCc2[nH]c(C(F)(F)F)nc2C1,7.4611310958862305,7.684704780578613,7.572917938232422
Nc1nc2c(s1)CC1CCN(CCCCCCCN3CCN(c4ccccc4C#N)CC3)CC1C2,6.925332069396973,7.908735752105713,7.417033910751343
CN1CCc2cccc3c2C1Cc1cccc(I)c1-3,7.238666534423828,7.572348594665527,7.405507564544678
O=C(NCC=CCN1CCN(c2cccc(Cl)c2Cl)CC1)c1ccc2ccccc2c1,7.247600078582764,8.943496704101562,8.095548391342163
Oc1ccc2c(c1)OC(CNCCCN1CCN(c3ccccc3)CC1)CC2,8.400973320007324,7.5241899490356445,7.962581634521484
Oc1ccc2c(c1)OC(CNCCCCN1CCN(c3cccc(Cl)c3Cl)CC1)CC2,9.360036849975586,9.152505874633787,9.256271362304688
Clc1ccc(N2CCN(CCCCNCCc3c[nH]c4ccc(-n5cnnn5)cc34)CC2)cc1,6.625205993652344,6.518232822418213,6.571719408035278
CN1CCN(C2Cc3ccccc3Sc3ccc(Cl)cc32)CC1,9.140546798706056,8.702610969543457,8.921578884124756
c1ccc(N2CCN(CCCCCN3CCc4cc(-c5ccccc5)ccc4C3)CC2)cc1,7.378033638000488,7.113082885742188,7.245558261871338
CCCN(CCN1CCN(Cc2ccc3ccccc3c2)CC1)c1ccc(Cl)cc1,6.394628524780273,6.684658050537109,6.539643287658691
N#Cc1ccc2[nH]cc(CN3CCN(c4cccc(Cl)c4Cl)CC3)c2c1,7.066664695739746,6.59458065032959,6.830622673034668
COc1ccccc1N1CCN(CCCOC(=O)CCCNC(=O)CCCCCCCN2CCN(c3ccccc3OC)CC2)CC1,8.03569507598877,7.175329208374023,7.6055121421813965
CC=[SH](O)(O)Nc1cccc(CCN2CCN(c3cccc4nc(C)ccc34)CC2)c1,6.784434795379639,7.717218399047852,7.250826597213745
O=C1N(CCN2C3CCC2CCC3)CCN1c1ccc(Cl)cc1,6.967498779296875,7.786561965942383,7.377030372619629
O=C1NCN(c2cc3ccncc3cc2CN2CCNCC2)C1=O,5.758567333221436,4.71119499206543,5.234881162643433
O=C(NCCCCN1CCN(c2cccc(Cl)c2Cl)CC1)c1ccc2c(c1)CCc1ccc(O)cc1-2,7.807258605957031,9.281723976135254,8.544491291046143
N#Cc1ccc2[nH]c(C(=O)NCCN3CCN(c4cccc5cc(F)ccc45)CC3)cc2c1,7.141188144683838,7.524395942687988,7.332792043685913
COc1ccccc1N1CCN(CCCCNC(=O)c2nc3ccccc3s2)CC1,7.356720924377441,8.5885009765625,7.972610950469971
O=C(CCCN1CCC2(CC1)C(=O)NCCN2CCCN(c3cccc(Cl)c3Cl)CC2)C1)c1ccc2c(c1)Cl,,,
CN1CCN(C2Cn3cccc3Sc3ccc(F)cc32)CC1,8.455343246459961,8.19658088684082,8.32596206665039
CCCN(CCC1CCC(NCC2CCc3cc(O)ccc3O2)CC1)C1CCc2nc(N)sc2C1,8.046055793762207,9.25639533996582,8.651225566864014
Oc1[nH]cc2ccc(OCCCN3CCN(c4cccc5ccccc45)CC3)cc12,8.251432418823242,8.164287567138672,8.207859992980957
CN1Cc2ccccc2C(c2ccc(F)c(F)c2)C1,6.104576587677002,6.071315765380859,6.087946176528931
CN1CCN(C2Cc3ccccc3Sc3ccc(Br)cc32)CC1,9.328142166137695,8.885320663452148,9.106731414794922
O=C1N(CCN2CCC(CCn3cc(I)nn3)CC2)CCN1c1ccccc1,7.745959281921387,6.661370277404785,7.203664779663086
CCN1CCCC2c3ccccc3CCc3ccc(O)cc3C21,6.849278926849365,7.388772010803223,7.119025468826294
COc1ccccc1N1CCN(CCCCCNC(=O)c2ccc3ccccc3c2)CC1,7.331443786621094,8.01505184173584,7.673247814178467
CN1CCCC1Cc1c[nH]c2ccc(C3=CC(N4CCN(CCCc5ccc(F)cc5)CC4)CC3)cc12,6.616369724273682,6.540331840515137,6.578350782394409
Cc1ccc2c(N3CCN(CCCc4cccc(C(F)(F)F)c4)CC3)cccc2n1,7.236259460449219,6.233295917510986,6.7347776889801025
COc1ccccc1N1CCN(CCCCNC(=O)c2ccccc2Cl)CC1,7.747827053070068,8.649129867553711,8.19847846031189
CCCN(CCN1CCN(c2ccccc2OC)CC1)C1CCc2ccc(O)cc2C1,7.815720081329346,8.517810821533203,8.166765451431274
CCCN(CCC1CCC(NC(=O)c2cc(Cl)cc(Cl)c2)CC1)C1CCc2nc(N)sc2C1,7.602651596069336,8.790101051330566,8.196376323699951
OC1(c2ccc(F)cc2)CCN(CCCCc2c[nH]c3ccc(F)cc23)CC1,7.526645183563232,7.379168510437012,7.452906847000122
N#CC=C(c1ccc2c(c1)CCCCN2CCCN1CCN(c2cccc3ccccc23)CC1)CC1CCC(N2CCN(c3ccccc3OCC3CC3CC3)CC1,,,
COc1ccccc1N1CCN(CCCc2ccc3c(c2)sc2ccc(I)cc23)CC1,7.812406539916992,7.308778762817383,7.5605926513671875
CCCN1CN(c2cccc(Cl)c2)C2(CCN(CCC(O)c3ccccc3O)CC2)C1=O,8.380090713500977,8.216508865356445,8.298299789428711
N#Cc1cccc(NC(=O)NCCCCN2CCN(c3cccc(Cl)c3Cl)CC2)c1,7.906791687011719,8.86874008178711,8.387765884399414
CCN(CC)C(=O)NC1Cc2c(cc3c[nH]c4c3c2C=CC4)N(C)C1,8.286233901977539,9.047680854797363,8.666957378387451
CCCN(CCN1CCN(c2cnc(-c3ccccc3)c(C)c2)CC1)C1CCc2nc(N)sc2C1,6.556373119354248,8.385618209838867,7.470995664596558
O=C1N(CCN2CCC(CCN3CCC(c4noc5cc(F)ccc45)CC3)CC2)CCN1c1ccccc1,7.477743625640869,7.112301349639893,7.295022487640381
CCN(CC)C1CCc2ccc(O)cc2C1,7.649233818054199,8.252409934997559,7.950821876525879
CC1CCCN1CCc1c[nH]c2ccc(C(N)=O)cc12,6.772583961486816,7.181462287902832,6.977023124694824
CCCN(CCN1CCN(c2ccc(C(=O)NCCCCCC(=O)O)cc2Cl)CC1)C1CCc2ccc3[nH]ccc3c2C1,7.491384983062744,7.369388580322266,7.430386781692505
CN1CCc2ccccc2Cc2cc(O)ccc2CC1,7.661470413208008,7.070633888244629,7.366052150726318
CCCN(CCN1CCN(c2ccccc2)CC1)C1CCc2ccc(N)cc2C1,6.502219200134277,7.948882102966309,7.225550651550293
COc1ccccc1N1CCN(CCCCCN2CCN(c3ccccc3OC)CC2)CC1,7.958353519439697,7.592264175415039,7.775308847427368
Cc1ccc2ccc(OCCCN3CCN(c4cccc5cccc(F)c45)CC3)nc2n1,7.004179954528809,7.436678409576416,7.220429182052612
Oc1cc2c(OCCNCCCN3c4ccccc4CC3)ccc(Cl)c2[nH]1,8.399589538574219,7.759576320648193,8.079582929611206
CCCN(CCN1CCN2CCc3ccccc3C2C1)C1CCc2ccc(O)cc2C1,6.643819332122803,8.405641555786133,7.524730443954468
O=C(NCCCCN1CCN(c2cccc(Cl)c2Cl)CC1)c1ccc2c(c1)-c1ccccc1OC2,7.1048126220703125,8.945977210998535,8.025394916534424
Oc1ccc2c(OCCNCCCc3ccc(OCCCN4CCN(c5cccc(Cl)c5Cl)CC4)cc3)ccnc2[nH]1,,,
FC(F)(F)c1ccc(CN2CCN(CCCCN3CCc4ccccc4C3)CC2)cc1,5.647472858428955,7.117580413818359,6.382526636123657
CN1CCN(c2cccc3ccc(C#N)cc23)CC1,7.28156566619873,6.368938446044922,6.825252056121826
Oc1ccc2[nH]cc(CCCCN3CCN(c4ccccc4F)CC3)c2c1,8.71397590637207,7.991116046905518,8.352545976638794
CCCN(CCN1CCN(c2cccc3ccccc23)CC1)C1CCc2c(O)cccc2C1,8.05475902557373,8.830840110778809,8.44279956817627
O=C(NCCCCN1CCN(c2cccc(Cl)c2Cl)CC1)c1ccc2c(c1)Cc1ccccc1-2,6.951083183288574,8.749909400939941,7.850496292114258
CCCN(CCN1CCN(c2cccc(-c3nc4ccc(C(C)(C)C)cc4[nH]3)n2)C1=O,,,
Oc1c2c(OCCNCCCCl)cccc2[nH]c1=O,,,
CCCN(CCN1CCN(c2cccc3ccccc23)CC1)C1CCc2ccc(O)cc2C1,7.852016448974609,8.869157791137695,8.360587120056152
Clc1ccc(N2CCN(CCCCC(c3c[nH]c4ccc(-n5ccnn5)cc34)CC2)cc1,,,
CCN(CCCCCn1ccnc1)C1Cc2ccccc2C1,6.672138214111328,6.5453267097473145,6.608732461929321
COc1cccc(N2CCN(CCCCNC(=O)c3c[nH]c4ccc(F)cc34)CC2)c1,7.112002849578857,8.072542190551758,7.592272520065308
Fc1cccc2[nH]c(CCNCCOc3cccc4[nH]cnc34)cc12,8.209197044372559,7.373291015625,7.791244029998779
Fc1ccc2[nH]cc(CCCN3CCN(c4cccc5nc(-c6cccnc6)ccc45)CC3)c2c1,7.356774806976318,7.268542289733887,7.3126585483551025
CCN(CCCCN1CCN(c2cccc3ccccc23)CC1)C1CCc2ccc(I)cc2C1,7.919322967529297,8.26785659790039,8.093589782714844
CCN(CCN1CCN(c2cccc3c2OCC(C)(C)C3)CC1)CC1COc2cccc(O)c2C1,6.720073223114014,7.317262649536133,7.018667936325073
CCN1CCN(C2Cc3ccccc3Sc3ccc(S(=O)(=O)NC)cc32)CC1,7.801028251647949,7.759490966796875,7.780259609222412
CN1CCN(C2CCC(c3ccc(F)cc3)(c3ccc(F)nc3)CC2)CC1,6.766066074371338,7.146554946899414,6.956310510635376
CCCN(CCN1CCN(c2cccc(F)c2)CC1)C1CCc2n[nH]c(-c3ccc(OCCCBr)cc3)c2C1,7.254490852355957,7.930087089538574,7.592288970947266
CCCN(CCOC)C1CCc2ccc3[nH]cc(S(=O)(=O)c4ccccc4F)c3c2C1,6.603490352630615,6.812479972839356,6.707985162734985
CN1CCN(C2Cc3ccccc3Sc3ccc(F)cc32)CC1,9.00782871246338,8.473590850830078,8.740709781646729
COc1ccccc1N1CCN(CCCCNC(=O)c2cc3ccccc3[nH]2)CC1,7.458228588104248,9.089479446411133,8.27385401725769
c1ccc2c(CCCCN3CCN(c4cccc5c4OCCO5)CC3)c[nH]c2c1,8.377967834472656,7.843774795532227,8.110871315002441
NCCN1CCc2cccc3c2CCc2cccc(c23)C1,6.968358993530273,6.57718563079834,6.772772312164307
Clc1ccc2c(N3CCN(CCCCCN4CCCc5ccccc5C4)CC3)cccc2n1,7.329070568084717,7.284045219421387,7.306557893753052
CCCN(CCN1CCN(c2cccc3c2CCc2ccc(C)cc23)CC1)C1CCc2ccc(O)cc2C1,7.653461933135986,8.521211624145508,8.087336778640747
Fc1ccc(Cl)c(CNCC2CCC(c3ccccc3)(c3ccccc3)CC2)c1,6.46478796005249,6.259751319885254,6.362269639968872
CCCN(CCc1ccc(F)cc1)C1CCc2c(O)cccc2C1,8.212968826293945,8.041313171386719,8.127140998840332
Cc1ccc2c(c1)c(CCN1CCN(c3noc4ccccc34)CC1)cn2CCN1CCN(C)CC1,7.01986026763916,6.312762260437012,6.666311264038086
CCc1cccc2c1CCNC2C1CNC1CCC(Nc2cccc(C(F)(F)F)c2)C1,,,
N#Cc1ccc2[nH]c(CN3CCC4(CC3)OCCc3cc(F)sc32)c1,,,
Oc1ccc2c(c1)OC(CN1CCC(O)(c3ccc(F)cc3)CC1)CC2,8.747322082519531,7.980603218078613,8.363962650299072
Oc1ccc2c(OCCNCCCc3ccc(Cl)cc3)cccc2[nH]1,,,
CN1CCN(c2cccc3c2CCCCN3CCCc2ccccc2)CC1,7.131589889526367,6.466499328613281,6.799044609069824
CCCN(CCN1CCN(c2cccc3ccccc23)CC1)C1CCc2ccc(O)cc2C1,7.852016448974609,8.869171142578125,8.360593795776367
CCCN(CCN1CCN(c2ccc(-c3ccccc3)cc2)CC1)C1CCc2ccc(O)cc2C1,7.323070049285889,8.556982040405273,7.940026044845581
C1=C(c2c[nH]c3ccccc23)CCN(CCCc2c[nH]c3ccc(OCCN4CCCC4)cc23)CC1,7.989696502685547,7.250827312469482,7.620261907577515
Oc1[nH]cc2ccc(OCCCCN3CCN(c4cccc5cccc(F)c45)CC3)cc12,8.384242057800293,8.055950164794922,8.220096111297607
Oc1[nH]c2ccc(Br)cc2c1CCCCN1CCN(c2cccc3ccccc23)CC1,7.896210193634033,8.279093742370605,8.08765196800232
O=C1N(CCN2Cc3cc(F)ccc3C2)CCN1c1cccc(C(F)(F)F)c1,6.638077259063721,8.061755180358887,7.349916219711304
CCCN(CCN1CCN(c2cc(-c3ccccc3)ccc2F)CC1)C1CCc2c(F)cccc2C1,7.982895851135254,7.741631984710693,7.862263917922974
O=C(CCCN1CCC2(CC1)C(=O)N(CCN1CCN(c3ccc(C(F)(F)F)cc3)CC1)CCCN2CCN1CCCC1,,,
C1=C(N2CCNCC2)c2ccccc2Cc2ccccc21,6.038949489593506,5.965372085571289,6.0021607875823975
CN1CCN(C2=Cc3c(ccc(O)c3O)C(=O)C3CCCCC23)CC1,6.2721943855285645,7.795746326446533,7.033970355987549
C[SH](=O)(O)Nc1cc(CCN(CCCC(c2ccc(F)cc2)c2ccc(F)cc2)CC1,,,
O=C1Cc2ccccc2N1CCCN1CC=C(c2cccc3ccccc23)CC1,6.987809658050537,7.254983901977539,7.121396780014038
CN1CCN(C2Cc3ccccc3Sc3ccc(Cl)cc32)CC1,9.140546798706056,8.702611923217773,8.921579360961914
CCCN1CCN(c2cccc(Cl)c2Cl)CC1,7.647202491760254,7.78090763092041,7.714055061340332
CN1CCN(CCOc2cccc(N3CCN(CC=Cc4ccccc4)CC3)c2)CC1,6.055527210235596,6.738922595977783,6.3972249031066895
CN1CCCCC1CN1CCC(c2cccc3ccccc23)CC1,6.334881782531738,5.954760074615479,6.144820928573608
CN1CCN(CCCN2c3cccc4cccc(c34)S2(=O)=O)CC1,6.062138080596924,5.839738368988037,5.9509382247924805
CCCNc1ccccc1CCc1cnc[nH]1,6.590521812438965,6.586592674255371,6.588557243347168
Cc1ccccc1N1CCN(CCCCNCCCc2ccccc2)CC1,6.668689727783203,6.05991268157959,6.3643012046813965
CCN(CCCCN1CCN(c2ccccc2OC)CC1)c1cccc(Cl)c1,7.974181175231934,8.166540145874023,8.070360660552979
CCOc1ccccc1N1CCN(CCCC(=O)NCc2ccc(F)cc2)CC1,7.4508891105651855,7.092580318450928,7.271734714508057
COc1ccccc1N1CCN(CCCC(=O)c2nc3ccccc3[nH]2)CC1,8.447806358337402,7.805028915405273,8.126417636871338
CCCN(CCN1CCN(c2cccc3cc[nH]c23)CC1)C1CCc2ccc(O)cc2C1,7.936832427978516,8.811960220336914,8.374396324157715
O=C(NCCCCN1CCN(c2cccc(Cl)c2Cl)CC1)c1ccccc1-c1ccccc1,7.03449296951294,8.23598861694336,7.635240793228149
O=C(NCC=CCN1CCN(c2cccc(Cl)c2Cl)CC1)c1ccc(F)nc1,7.520318031311035,8.621614456176758,8.070966243743896
COc1ccccc1N1CCN(CCCCNC(=O)c2cc3ccccc3[nH]2)CC1,7.458228588104248,9.089479446411133,8.27385401725769
COc1ccccc1N1CCN(CCCCN2CCCc3cc(-n4ccsc4)ccc32)CC1,,,
CCCCN(CCN1CCN(c2cccc3c2CC=CC3)CC1)C1CCc2ccc(O)cc2C1,7.56748628616333,9.066139221191406,8.316812753677368
CCc1cc(N2CCNCC2)cc2[nH]cc(C(=O)CCCCCN3CCN(c4cccc(Cl)c4Cl)CC3)c12,7.375636100769043,7.279868125915527,7.327752113342285
CN1CCN(C2=Cc3ccccc3Oc3ccc(Cl)cc32)CC1,7.99347448348999,7.783572196960449,7.88852334022522
COc1ccccc1N1CCN(CCCCOc2ccc3ccc(O)nc3c2)CC1,8.581178665161133,8.298626899719238,8.439902782440186
CCCN(CCN1CCN(c2cccc3ccccc23)CC1)C1CCc2ccc(O)cc2C1,7.852016448974609,8.869171142578125,8.360593795776367
O=C(NCCCCN1CCN(c2nsc3ccccc23)CC1)c1cc2ccccc2s1,7.252906322479248,8.941497802734375,8.097202062606812
Cc1ncoc1-c1nnc(SCCCN2CCC3(CC2)CN(c2cccc(C(F)(F)F)c2)CC3)n1C,6.1090474128723145,7.807450771331787,6.958249092102051
CCCN(CCN1CCN(c2ccccc2OC)CC1)C1CCc2nc(N)sc2C1,7.395110130310059,8.347671508789062,7.8713908195495605
c1cc(CN2CCN(CCCc3c[nH]c4ccc(-n5cnnc5)cc34)CC2)ccn1,6.341148853302002,5.904004096984863,6.122576475143433
COc1c(NCCNCCN2CCN(c3cccc(Cl)c3Cl)CC2)ccc2ccccc12,7.530448436737059,6.764551162719727,7.147499799728393
Cc1cc2c(OCCNCCCc3cccc(-c4ccccn4)c3)c(C)ccc2[nH]1,6.381670951843262,6.9767656326293945,6.679218292236328
CCN(CCN1CCN(c2ccc(-c3ccccc3)cc2)CC1)C(=O)Nc1ccc(F)cc1,6.808071136474609,6.362048625946045,6.585059881210327
Oc1c2c(OCCNCCCc3ccccc3)cccc2[nH]1,,,
CCN(CCCCCCN1CCN(c2ccccc2OCCF)CC1)c1cccc(O)c1,8.359373092651367,8.037535667419434,8.1984543800354
COc1ccccc1N1CCN(CCCCCNC(=O)c2cccc3ccccc23)CC1,7.284329414367676,7.609278202056885,7.44680380821228
C=C1c2ccccc2N1CCN1CCN(c2ccc(C(F)(F)F)cc2)CC1,5.91197395324707,6.071026802062988,5.991500377655029
CCCN(CCC1CCC(NC(=O)c2ccc3ccccc3c2)CC1)C1CCc2nc(N)sc2C1,6.920759677886963,8.741766929626465,7.831263303756714
N#CCN1CCN(C2CCC(c3ccc(F)cc3)(c3ccc(F)cc3)CC2)CC1,6.401337146759033,6.595976829528809,6.498656988143921
Cc1ccc2c(-c3ccnc(Nc4cccc(OCC(F)(F)F)c4)n3)c(O)[nH]c2c1,6.245842933654785,5.203659057617188,5.724750995635986
O=C(NCCCCN1CCN(c2c(Cl)cccc2Cl)CC1)c1cc2cc(I)ccc2o1,7.204422950744629,8.851116180419922,8.027769565582275
OC1(c2ccc3ccc(OCCN4CCN(c5cccc6ccccc56)CC4)cc3n2)CC1,7.559184074401855,7.406548500061035,7.482866287231445
CCCN(CCN1CCN(c2ccccc2OC)CC1)C1CCc2ccc(O)cc2C1,7.815720081329346,8.517810821533203,8.166765451431274
N1CCc2ccc(OCCCN3CCN(c4cccc5cccc(F)c45)CC3)cc2C1,7.564546585083008,7.687526226043701,7.6260364055633545
FC(F)(F)c1nc2c(OCCCN3CCN(c4cccc(Cl)c4Cl)CC3)cccc2[nH]1,8.266082763671875,7.928555011749268,8.097318887710571
Fc1ccc2[nH]cc(CCCNCCOc3cccc4[nH]cnc34)c2c1,8.486357688903809,7.49924898147583,7.992803335189819
Oc1ccc2c(c1)OC(CNCCCNCC1=CC(Oc3cccc4[nH]ccc34)CC1)CC2,8.801604270935059,7.912254333496094,8.356929302215576
O=c1c2ccccc2[nH]c(CN3CCN(c4ccccc4)CC3)n12,,,
Cc1ccc2c(N3CCN(CCc4cccc(O)c4)CC3)cccc2n1,7.619534015655518,7.180283546447754,7.399908781051636
CCN(CCCCCN1CCN(c2ccccc2OC)CC1)C1CCc2c(O)cccc2C1,8.400680541992188,8.071768760681152,8.23622465133667
Oc1ccn(CCCCN2CCN(c3cccc(Cl)c3)CC2)c1,7.219217300415039,8.308183670043945,7.763700485229492
CN1CCN(C2=Cc3ccccc3Cn3ccc(Cl)cc32)CC1,,,
Oc1nc2c(OCCNCCOc3ccccc3)ccc(Cl)c2[nH]1,9.071840286254885,7.97609281539917,8.523966550827026
Oc1[nH]c2ccc(Br)cc2c1CCCCN1CCN(c2ccccn2)CC1,7.42865514755249,7.841361999511719,7.6350085735321045
N#Cc1cccc2c1CCCN2CCCc1ccc(C(O)CNc2ccc(I)cc2)c1,,,
Oc1[nH]c2ccc(F)cc2c1CCN1CCN(c2cccc(Cl)c2Cl)CC1,7.796553611755371,7.067991256713867,7.432272434234619
CCCN(CCN1CCN(c2ccccc2OC)CC1)C1CCc2ccc(O)cc2C1,7.815720081329346,8.517810821533203,8.166765451431274
Oc1[nH]cc2ccc(OCCN3CCN(c4ccccc4Cl)CC3)cc12,8.123640060424805,7.366905689239502,7.745272874832153
NCCN1CCN(c2cccc(CCCCN3CCN(c4cccc(Cl)c4Cl)CC3)c2)CC1,7.579701900482178,7.525907516479492,7.552804708480835
Oc1[nH]cc2ccc(OCCCCN3CCN(c4cccc5cc(F)ccc45)CC3)cc12,8.483375549316406,8.340852737426758,8.412114143371582
CCCCc1ccncc1CCCN1CCN(c2ccccc2Cl)CC1,7.181108474731445,6.597494602203369,6.889301538467407
Ic1ccc(N2CCN(CCC3CCC(N4CCN(c5ccccc5OCC4=O)CC3)CC2)cc1,,,
CCN(CCCCN1CCN(c2ccccc2OCCF)CC1)C1CCc2ccc(O)cc2C1,8.254173278808594,8.547115325927734,8.400644302368164
Brc1ccc2[nH]c(C3=CCN(CC4COCC(c5ccc(-c6ccccc6)cc5)CC4)CC3)cc2c1,7.0753021240234375,7.238589763641357,7.1569459438323975
CCCCNCC(O)COc1ccccc1SCCN1CCN(c2ccccc2F)CC1,6.285903453826904,6.27160120010376,6.278752326965332
Oc1c2cc(OCCNCc3cccc(Cl)c3)ccc2[nH]1,,,
CCCNc1cccc2ccccc12,6.5585527420043945,5.9193549156188965,6.2389538288116455
COc1ccccc1N1CCN(CCCCc2c[nH]c3ccc(Cn4cncn4)cc23)CC1,7.388064384460449,6.905893325805664,7.146978855133057
CCCN(CCN1CCN(c2cccc(Cl)c2Cl)CC1)C1CCc2ccc(O)cc2C1,7.754941463470459,8.884286880493164,8.319614171981812
COc1ccccc1N1CCN(CCCCNC(=O)c2ccccc2OCCF)CC1,7.399022102355957,8.181142807006836,7.7900824546813965
Oc1ccc2[nH]c(CCCN3CCN(c4cccc5cccc(Cl)c45)CC3)nc2c1,8.070496559143066,7.308865547180176,7.689681053161621
CN1CCCC1CNC(=O)c1c(O)ccc(F)c1F,5.965101718902588,8.021719932556152,6.99341082572937
CCCN(CCN1CCN(c2cccc3ncccc23)CC1)C1CCc2ccc(O)cc2C1,7.628834247589111,8.93879222869873,8.283813238143921
COc1ccccc1N1CCN(CCCSc2nc(C)c(CCCN3CCN(c4ccccc4Cl)CC3)n2C)CC1,7.375977993011475,7.354518890380859,7.365248441696167
CCN1CCN(c2ccc(C(=O)NC3CCN(Cc4ccccc4)CC3)cc2)CC1,5.794354438781738,6.2025322914123535,5.998443365097046
Brc1ccc(N2CCN(CCCCOc3cccc4ncccc34)CC2)cc1,6.396337509155273,7.739949226379394,7.068143367767334
O=C1N(CCN2CCC3(CC2)C(F)(c2ccc(Cl)cc2)CN4CCCCC4)CNC3)CCN1c1ccccc1,,,
Cc1c(O)cccc1N1CCN(CCCCNC(=O)C=Cc2ccccc2)CC1,7.130650520324707,8.926765441894531,8.02870798110962
Cc1cccc(CCN2C3CCC2CC(O)(c2ccc(C(F)(F)F)cc2)C3)n1,6.486695766448975,7.149069786071777,6.817882776260376
Oc1ccc2[nH]cc(CCCCCN3CC4C(c5ccc(F)cc5)CC4C3)c2c1,7.636391639709473,7.900876998901367,7.76863431930542
Oc1ccc2c(CCCN3CCN(c4ccccc4Cl)CC3)c[nH]c2c1,8.137521743774414,7.418312549591064,7.777917146682739
CN1CCN(C2Cn3cccc3Sc3ccc(F)cc32)CC1,8.455343246459961,8.19658088684082,8.32596206665039
c1ccc2oc(CCCN3CCN(c4ccccc4)CC3)nc2c1,6.265956878662109,6.684661865234375,6.475309371948242
CCCN1CCCC2Cc3c(cccc3C(O)CCCN3CCC3=O)C12,6.898133754730225,6.549893379211426,6.724013566970825
Oc1ccc(OCCCNCC2CC2c2ccc3c(c2)OCO3)c2ccccc1OCCCN1CCC(O)(c2ccccc2)CC1,,,
O=C(NCCCCN1CCN(c2cccc(Cl)c2Cl)CC1)c1cc2cc(-c3ccccc3)ccc2o1,6.668076992034912,8.69028377532959,7.679180383682251
COc1ccccc1N1CCN(CCCCNc2ccccc2I)CC1,8.445587158203125,7.870766162872314,8.15817666053772
oC1CCN(CCCC2CCC(N3CCN(c4cccc(C(F)(F)F)c4)CC3)CC2)C1,,,
CCCN(CCN1CCN(c2ncccn2)CC1)C1CCc2c(O)cccc2C1,6.894307613372803,7.77004337310791,7.3321754932403564
Oc1[nH]cc2ccc(OCCCN3CCN(c4cccc5cccc(F)c45)CC3)cc12,8.2858247756958,7.846155166625977,8.065989971160889
Oc1[nH]cc2cc(F)c(OCCCN3CCN(c4cccc5cccc(F)c45)CC3)cc12,8.04651165008545,7.654065132141113,7.850288391113281
CCCN(CCN1CCN(c2cccc3ccccc23)CC1)C1CCc2c(O)cccc2C1,8.05475902557373,8.830840110778809,8.44279956817627
CN1CC=C(C2=Cn3cccc3Sc3ccc(F)cc32)CC1,8.263418197631836,8.129146575927734,8.196282386779785
CCCN(CCN1CCN(c2ccc3c[nH]nc3c2)CC1)C1CCc2ccc(O)cc2C1,7.024580001831055,8.136276245117188,7.580428123474121
CCc1cc(N2CCN(CCCCNCC3CCC(c4cccc(Cl)c4)CC3)CC2)ccc1F,7.122998237609863,7.012881278991699,7.067939758300781
Oc1[nH]cc2cc(F)c(OCCCN3CCN(c4cccc5cccc(F)c45)CC3)cc12,8.04649829864502,7.654065132141113,7.850281715393066
Oc1ccc2[nH]cc(CCCCN3CCN(c4cccc(Cl)c4Cl)CC3)c2c1,8.743884086608887,8.450736045837402,8.597310066223145
O=C(NCCCCN1CCN(c2ccc(Cl)cc2Cl)CC1)c1cccc2c1-c1ccccc1C2,6.675620079040527,7.957180023193359,7.316400051116943
CCCN(CCN1CCN(c2cccc(Cl)c2Cl)CC1)C1CCc2nc(N)sc2C1,7.469848155975342,8.901445388793945,8.185646772384644
Oc1[nH]cc2c(OCCCN3CCN(c4cccc(Cl)c4)CC3)cccc12,7.564364433288574,7.862103462219238,7.713233947753906
CCCN(CCN1CNC(=O)C1(O)CC1)C1CCc2ccc(O)cc2C1,,,
CN1CCN(C2Cc3ccccc3Sc3ccc(F)cc32)CC1,9.00782871246338,8.473591804504395,8.740710258483887
O=C1N(CCN2CCN(c3cccc(Cl)c3Cl)CC2)CCN1c1cccc(Cl)c1,7.528343200683594,7.927173614501953,7.727758407592773
OCCN1CCN(C2COc3c(Br)cccc3OC2)CC1,5.5931315422058105,6.645356178283691,6.119243860244751
CN1CCc2ccccc2Cc2ccc(Cl)cc2CC1,8.156124114990234,7.041699409484863,7.598911762237549
Cc1cnc(N2CCN3CC(CNCc4ccc(Br)cc4)CC3C2)s1,6.717451572418213,6.6586198806762695,6.688035726547241
Cc1ccc2c(N3CCN(CCCc4cccc(F)c4)CC3)cccc2n1,7.145854949951172,6.658240795135498,6.902047872543335
O=C1N(CCN2C3CN(c4cccc(Cl)c4)CC3C2)CCN1c1ccc2ccccc2c1,6.922234058380127,7.133739948272705,7.027987003326416
O=C1N(CCN2CCN(c3cccc(Cl)c3Cl)CC2)CCN1c1cccc(Cl)c1,7.528343200683594,7.927173614501953,7.727758407592773
Cc1cc2c(F)c(OCCCCN3CCN(c4cccc5ccc(F)cc45)CC3)ccc2[nH]1,8.098294258117676,7.568028450012207,7.833161354064941
Oc1[nH]cc2ccc(OCCCN3CCN(c4cccc5c4CCO5)CC3)cc12,8.351737976074219,7.996137619018555,8.173937797546387
N#CCCCN1CCCN(C2CCC3c4ccccc4Cc4ccccc4CC32)C1,6.305507659912109,6.307253360748291,6.3063805103302
Cc1csc2c(N3CCN(CCc4cccc(-n5cccn5)c4)CC3)cccc12,7.444626808166504,7.207005500793457,7.3258161544799805
O=C(NCCCCN1CCN(c2cccc(Cl)c2Cl)CC1)c1cc2cc(I)ccc2[nH]1,7.313976287841797,9.264910697937012,8.289443492889404
c1ccc(N2CCN(CCCCCOc3cc4nccnc4c(NCCCN4CCCCC4)c3)CC2)cc1,7.282840251922607,6.666741847991943,6.974791049957275
O=C1N(CCN2C3CCC2CCC3)CCN1c1cccc(Cl)c1,7.5251617431640625,8.593523025512695,8.059342384338379
CN1CCN(c2ccc(S(=O)(=O)N3CCC(Cc4cccc(C#N)c4)CC3)cc2)CC1,6.026591777801514,5.762273788452148,5.894432783126831
COc1ccccc1N1CCN(CCCCCNC(=O)c2cc3ccccc3[nH]2)CC1,7.559262275695801,8.329925537109375,7.944593906402588
Oc1ccc2[nH]cc(CCCCN3CC=N(c4ccccc4Cl)CC3)c2c1,,,
Oc1ccc2c(c1)OC(CNCCC1CCc3ccc(OCCN4CCCCC4)cc3O1)CC2,8.865814208984375,8.150396347045898,8.508105278015137
O=S(=O)(NC1CCC(CCN2CCN(c3cccc(Cl)c3Cl)CC2)CC1)c1ccc2ccccc2c1,7.830300331115723,8.54770278930664,8.189001560211182
O=S(=O)(NC1CCC(CCN2CCN(c3cccc(Cl)c3Cl)CC2)CC1)c1ccc(-n2cc3ccccc3c2-c2ccccc3[nH]2)cc1,,,
N#Cc1ccc2[nH]cc(CCCN3CCN(c4ccc5n[nH]c(-c6ccco6)c5c4)CC3)c2c1,7.003466606140137,6.632513523101807,6.817990064620972
Fc1ccc(F)c(OCCCNCC2CCc3ccc(O)cc3O2)c1,9.26654052734375,8.518918991088867,8.892729759216309
NCCSC(c1ccccc1)C1CCCCC1,5.780600070953369,6.494660377502441,6.137630224227905
CCCc1ccccc1N1CCN(CCCCNC(=O)C=Cc2cccc3c2OCCO3)CC1,7.747859001159668,8.524803161621094,8.13633108139038
CN1CCN(c2cccc3c2CCCN3CCOc2ccccc2)CC1,7.240987777709961,6.456587791442871,6.848787784576416
O=C(CCCN1CCN(c2cccc(Cl)c2Cl)CC1)c1ccc2ccccc2c1,7.622920989990234,8.152107238769531,7.887514114379883
CN1CCCC1Cc1c[nH]c2ccc(NS(=O)(=O)c3cccc4ccccc34)cc12,6.704015731811523,7.053446769714356,6.8787312507629395
O=C1CCc2ccc(OCCCCN3CCN(c4cccc(Cl)c4Cl)CC3)nc2N1,8.820858001708984,7.946581840515137,8.38371992111206
NCCN1CCCC(c2c[nH]c3ccc(C(=O)NCCCCCCCCN4CCC(c5ccc(Cl)cc5)CC4)cc23)C1,6.030449390411377,6.387381076812744,6.2089152336120605
CCCN(CCN1CN=C(c2ccccc2)c2cccc(Cl)c2)CC1)C1CCc2ccc(O)cc2C1,,,
Oc1[nH]cc2cc(F)c(OCCCCN3CCN(c4cccc5cccc(F)c45)CC3)cc12,8.246258735656738,7.938355445861816,8.092307090759277
CN1CCN(C2=Cc3cc(Cl)ccc3Cn3cccc32)CC1,7.134506702423096,7.548661231994629,7.341583967208862
CCCN(CCN1CCN(c2cccc3ccccc23)CC1)C1CCc2ccc(O)cc2C1,7.852016448974609,8.869157791137695,8.360587120056152
CN1CCN(c2cncc3ccc(OCCCN4CCN(c5ccccc5Cl)CC4)cc23)CC1,7.101152420043945,7.90138053894043,7.5012664794921875
COc1ccccc1N1CCN(CCCCNC(=O)C=Cc2cccc3c2OCCO3)CC1,7.908835411071777,8.812484741210938,8.360660076141357
Oc1cc(C2CCN(CC3CCC(Cc4ccc(F)cc4)CC3)CC2)ccn1,6.21778678894043,6.845109462738037,6.531448125839233
Nc1nc(C2=CCN3CCC(c4cccc(Cl)c4)CC3)CC2)ncc1C(=O)NCCCN1CCCNC1=O,,,
Oc1ccc2c(OCCNCCCc3ccccc3)cccc2[nH]1,,,
Oc1[nH]cc2cc(F)c(OCCCN3CCN(c4cccc5ccc(F)cc45)CC3)cc12,8.179012298583984,7.826079368591309,8.002545833587646
Cc1c(C)c2c(n1)OCCN1CCN(c3ccccc3Cl)CC1,,,
Fc1cccc2c1CCCN2CCCN1CCN(c2ccccc2)CC1,6.373435020446777,5.903738498687744,6.138586759567261
Oc1[nH]cc2ccc(OCCCN3CCN(c4cccc5ccc(F)cc45)CC3)cc12,8.386061668395996,8.020333290100098,8.203197479248047
N#Cc1cccc2cc3[nH]cnc3cc21,7.305507183074951,4.472557067871094,5.8890321254730225
CN1CCN(C2Cn3cccc3Sc3ccc(Cl)cc32)CC1,8.645715713500977,8.372458457946777,8.509087085723877
Oc1ccc2c(c1)OC(CNCCCCN1CCN(c3cccc(Cl)c3Cl)CC1)CC2,9.360036849975586,9.152505874633787,9.256271362304688
CCN1CCCC1CNC(=O)c1cc(I)ccc1OC,7.929624080657959,8.566890716552734,8.248257398605347
Cc1cc2c(-c3ccc(N4CCN(Cc5ccn6c(ccc5Cl)CC4)CC3)ccnc2[nH]1,,,
CCCN(CCN1CCN(c2cccc3ccccc23)CC1)C1CCc2c(O)cccc2C1,8.05475902557373,8.830840110778809,8.44279956817627
CN1CCOc2ccc(CCN3CCN(c4cccc(Cl)c4Cl)CC3)cc2C1,6.757681369781494,7.086271286010742,6.921976327896118
CCCN(CCN1CCN(c2cccc(Cl)c2Cl)CC1)C1CCc2ccc(O)cc2C1,7.754941463470459,8.884286880493164,8.319614171981812
N#Cc1ccc(N2CCN(CCCCc3c[nH]c4ncccc34)CC2)cc1,6.785136222839356,7.579971313476562,7.182553768157959
Oc1[nH]c2ccc(F)cc2c1CCCNCC1CCCc2ccccc2C1,6.784324645996094,7.070328235626221,6.927326440811157
Oc1ccc2[nH]cc(CCN3CCN(c4cccc(Cl)c4Cl)CC3)c2c1,8.472723007202148,7.293941974639893,7.8833324909210205
CN1CCN(C2Cc3ccccc3Sc3ccc(F)cc32)CC1,9.00782871246338,8.473591804504395,8.740710258483887
CN1CCN(C2=Cc3ccccc3Oc3ccc(Cl)cc32)CC1,7.993473052978516,7.783572196960449,7.888522624969482
CCN(CCCCN1CCN(c2cccc(Cl)c2Cl)CC1)C1CCc2ccc(O)cc2C1,8.000225067138672,8.985021591186523,8.492623329162598
Oc1[nH]cc2cc(F)c(OCCCCN3CCN(c4cccc5ccc(F)cc45)CC3)cc12,8.327508926391602,8.126531600952148,8.227020263671875
O=C1CCc2ccc(OCCCCN3CCN(c4cccc(Cl)c4Cl)CC3)cc2N1,8.753911018371582,8.536991119384766,8.645451068878174
CCc1c(C(=O)NC2CCN(Cc3ccccc3)C2)c2ccc(F)cc2n1C,7.204014778137207,7.381585597991943,7.292800188064575
O=C1CCc2cccc(OCCCCN3CCN(c4cccc5cccc(Cl)c45)CC3)c2N1,8.647809982299805,7.949860572814941,8.298835277557373
CCN(CCN1CCN(C2Cc3ccccc3Sc3ccc(Cl)cc32)CC1)C1CCc2ccc(O)cc2C1,8.333355903625488,8.856383323669434,8.594869613647461
N#Cc1ccc(N2CCN(CCCCN3CCN(c4cccc(Cl)c4Cl)CC3)CC2)cc1,7.10290002822876,8.1433744430542,7.6231372356414795
COc1ccccc1N1CCN(CCCCNC(=O)C2CCC3c4ccc(O)cc4CCC32)CC1,7.550244331359863,8.491601943969727,8.020923137664795
O=C(CCCN1CC=C2C(Cc3ccccc3C2)C1)c1cccc2ccccc12,6.402146339416504,7.627017498016357,7.014581918716431
O=C(NCCCCN1CCN(c2cccc(Cl)c2Cl)CC1)c1ccccc1,7.537884712219238,8.840494155883789,8.189189434051514
Cc1ccc(CCCN(CCCCN2c3ccccc3CCc3ccccn32)CC2CCCC2)cc1,,,
CCCN1CCc2cc(OC)cc3c2C1Cc1ccc(O)c(O)c1-3,7.680301189422607,7.899624824523926,7.789963006973267
c1ccc(CCN2CCN(c3cccc4[nH]ccc34)CC2)cc1,8.231321334838867,6.57820987701416,7.404765605926514
O=C1N(C2CCCC3CCC23)CN1CCCCN1CCN(c2cccc(Cl)c2Cl)CC1,7.830755233764648,7.951839447021484,7.891297340393066
CCCN1CCCC2Cc3ccc(O)cc3CCC21,6.854936599731445,7.630943298339844,7.2429399490356445
Oc1[nH]cc2c(CCCCCN3CCN(c4ccccc4OCCF)CC3)cccc12,8.48845386505127,7.760401725769043,8.124427795410156
CCN(CCC(=O)NC1CCC(N2Cc3ccc(OC)cc3C2=O)CC1)C1CCSCC1,6.643620491027832,7.637845993041992,7.140733242034912
ON(CCN1CCN(c2cccc3c2CCCS3)CC1)c1cccc(F)c1,8.287574768066406,7.1106719970703125,7.699123382568359
OC1CCN(CCCN2c3ccccc3Sc3ccc(F)cc32)CC1,6.598403930664063,6.9091339111328125,6.7537689208984375
CCN1CCN(c2ccc(C(c3ccc(F)cc3)c3ccc(F)cc3)c3nccn23)CC1,6.46714973449707,5.881445407867432,6.174297571182251
Oc1ccc2[nH]cc(CCCN3CCC4(CCc5ccccc5C4)CC3)c2c1,6.96351432800293,7.632285118103027,7.2978997230529785
O=C(NCCCN1CCN(c2cccc(Cl)c2Cl)CC1)C1Cc2ccc(I)cc2C1,7.343650817871094,6.972938537597656,7.158294677734375
OC(CCN1CCN(c2nsc3ccccc23)CC1)c1c[nH]c2ccccc12,7.373945236206055,7.211722373962402,7.2928338050842285
Oc1[nH]cc2ccc(OCCCN3CCN(c4cccc5cc(F)ccc45)CC3)cc12,8.429683685302734,8.158105850219727,8.29389476776123
N#Cc1ccc2[nH]cc(CCCCN3CCN(c4ccc(C(=O)NCCN5CCN(c6ccccc6C#N)CC5)cc4)CC3)c2c1,7.087659358978272,7.54817008972168,7.317914724349976
CN1CCc2ccccc2Cc2cccc(F)c2CC1,7.960728168487549,7.106529712677002,7.533628940582275
CCN1CCN(CCCCN2c3ccccc3Sc3ccc(Cl)cc32)CC1,7.497111797332764,8.112181663513184,7.804646730422974
Fc1cccc(N2CCN(CCCCNc3cccc4cnccc34)CC2)c1,7.468855381011963,7.792263031005859,7.630559206008911
CCCN(CCN1CCN(c2cccc(Cl)c2Cl)CC1)C1CCc2ccc(O)cc2C1,7.754941463470459,8.884286880493164,8.319614171981812
CCCN(CCN1CCN(c2cccc3ccoc23)CC1)C1CCc2ccc(O)cc2C1,8.003240585327148,8.87026596069336,8.436753273010254
CCCN(CCCCCN1CCN(c2ccccc2OC)CC1)C1CCc2ccc(O)cc2C1,8.155640602111816,8.086040496826172,8.120840549468994
Oc1[nH]cc2cc(F)cc(OCCCCN3CCN(c4cccc5cccc(Cl)c45)CC3)c12,8.105931282043457,8.284530639648438,8.195230960845947
Oc1[nH]cc2ccc(OCCCCN3CCN(c4cccc5cccc(Cl)c45)CC3)cc12,8.276416778564453,8.217445373535156,8.246931076049805
Oc1[nH]cc2cc(F)c(OCCCN3CCN(c4cccc(Cl)c4Cl)CC3)cc12,7.797100067138672,8.248220443725586,8.022660255432129
COc1ccccc1N1CCN(CCCCNC(=O)C2CC3CCCC3C2)CC1,7.316495895385742,8.329805374145508,7.823150634765625
O=C1N=C2c3cc(F)ccc3N(N3CCN(CCN4CCNC4=O)CC3)C2)CCN1,,,
O=C(NCC=CCN1CCN(c2cccc(Cl)c2Cl)CC1)c1ccccc1,7.728926181793213,8.862669944763184,8.295798063278198
Oc1[nH]c2ccccc2c1CCCCN1CCN(c2nsc3ccccc23)CC1,8.170456886291504,8.26138687133789,8.215921878814697
NCC1CC2c3ccccc3Cc3ccccc3C2O1,5.457520961761475,6.601317405700684,6.029419183731079
COc1ccccc1N1CCN(CCCCc2ccc3nc(S)[nH]c3c2)CC1,9.191399574279783,8.072162628173828,8.631781101226807
Oc1cc2cccc(OCCCN3CCN(c4ccccc4)CC3)c2o1,7.604255676269531,7.811607360839844,7.7079315185546875
O=C1N(CCN2CCN(c3cccc(Cl)c3Cl)CC2)CCN1c1cccc(Cl)c1,7.528343200683594,7.927173614501953,7.727758407592773
Oc1ccc2c(c1)OC(CNCCCN1CCN(c3cccc(Cl)c3Cl)CC1)CC2,9.14795970916748,8.325576782226562,8.736768245697021
CCCN(CCN1CCN(c2cccc3c2OCCCO3)CC1)C1CCc2ccc(O)cc2C1,8.271718978881836,8.31121826171875,8.291468620300293
CCCN1CCN(c2ccc(C(=O)Nc3ccccc3)cc2)CC1,5.742788791656494,6.534292221069336,6.138540506362915
C1=C(c2ccccc2)CCN(CCC2CCc3ccc(OCCCN4CCCCC4)cc3C2)C1,6.6636881828308105,8.24857234954834,7.456130266189575
O=C1CCc2ccc(OCCCCN3CCN(c4cccc(Cl)c4Cl)CC3)nc2N1,8.820858001708984,7.946710586547852,8.383784294128418
CCCN(CCN1CCN(c2cccc(Cl)c2)CC1)C1CCc2ccc(O)cc2C1,7.14030122756958,8.691252708435059,7.915776968002319
CN1CCN(CCCN2c3ccccc3Sc3ccc(Cl)cc32)CC1,7.559834003448486,7.69283390045166,7.626333951950073
O=C(NCCCCN1CCN(c2cccc(Cl)c2Cl)CC1)c1cc2ccccc2cn1,6.880761623382568,9.034921646118164,7.957841634750366
CCN1CCc2cccc3c2C1Cc1cccc(O)c1-3,7.641109943389893,7.401450157165527,7.52128005027771
CCCN(CCN1CCN(c2ccccc2)CC1)C1CCc2c(O)cccc2C1,7.368458271026611,8.235482215881348,7.8019702434539795
CN1CCN(C2=Cn3cccc3Sc3ccc(F)cc32)CC1CCO,7.284432411193848,7.984091758728027,7.6342620849609375
COc1ccccc1N1CCN(CCCCNC(=O)C=Cc2ccc(-c3ccccc3)cc2)CC1,7.30664587020874,8.732769966125488,8.019707918167114
Oc1ccc2c(c1)OC(CNCCC1CCc3ccccc3O1)CC2,9.27611255645752,8.734909057617188,9.005510807037354
Cc1ncccc1N1CCN(CCCCc2c[nH]c3ccc(F)cc23)CC1,7.63078498840332,7.518494606018066,7.574639797210693
CN1CCN(C2Cc3ccccc3Sc3ccc(F)cc32)CC1,9.00782871246338,8.473591804504395,8.740710258483887
Oc1ccc2[nH]cc(CCCN3CCN(c4ccncc4)CC3)c2c1,7.2345380783081055,6.106441974639893,6.670490026473999
Oc1ccc2c(CCCCN3CC=C(c4ccccc4)CC3)c[nH]c2c1,8.258349418640137,9.004743576049805,8.63154649734497
CN1CCc2c(c3cccc4c3n2CCc2ccccc2C4)C1,6.554804801940918,6.416290283203125,6.4855475425720215
CCN(CC1CC1)C1CCc2c(OCCCCN3CCN(c4cccc(Cl)c4Cl)CC3)cccc2CC1,7.608317852020264,8.286775588989258,7.947546720504761
c1cncc(N2CCC(N3CCN(c4cccc5ccccc45)CC3)CC2)c1,6.208541870117188,6.004905223846436,6.106723546981812
Oc1[nH]cc2ccc(OCCCN3CCN(c4cccc5cc(F)ccc45)CC3)cc12,8.429683685302734,8.158105850219727,8.29389476776123
Clc1cccc(N2CCN(CCCCOc3ccc4ccccc4c3)CC2)c1Cl,7.500912666320801,8.554620742797852,8.027766704559326
Cc1ccc2c(N3CCN(CCc4cccc5c4OCC(=O)N5)CC3)cccc2n1,7.448387145996094,6.764317035675049,7.106352090835571
Oc1[nH]cc2ccc(OCCCCN3CCN(c4cccc5ccccc45)CC3)cc12,8.267786979675293,8.365196228027344,8.316491603851318
CCCN1CCCC2c3c(ccc(O)c3OC)CCC21,7.069376468658447,7.803951263427734,7.436663866043091
Oc1cccc(N2CCN(CCCCCc3ccc(F)cc3)CC2)c1,8.199651718139648,7.437800407409668,7.818726062774658
COc1ccccc1N1CCN(CCCNC(=O)c2cc3ccc2CCCc2ccccc2)CC1,,,
CN(CCN1C2CCC1CC(OC(c1ccc(F)cc1)c1ccc(F)cc1)C2)C(=O)c1cccc(C#N)c1,5.932374477386475,7.11972713470459,6.526050806045532
O=C1c2ccc3cccc(c3c2CCN1CC1CCN(Cc2ccccc2Cl)CC1,,,
CCCN(CCN1CCN(c2ccc(-c3ccccc3)cc2)CC1)C1CCc2c(O)cccc2C1,7.487314701080322,8.477007865905762,7.982161283493042
Oc1[nH]cc2c(CCCN3C4C5CC6CC4C3C6)cccc12,,,
O=C1CCc2ccc(OCCCCN3CCN(c4cccc(Cl)c4Cl)CC3)nc2N1,8.820858001708984,7.946710586547852,8.383784294128418
CN1CCN(c2ccc(C(=O)Nc3ccc(Br)cc3)cc2)CC1,5.640599250793457,5.7684197425842285,5.704509496688843
Fc1cccc(CN2CCC3(CCCN(CCCF)CC3)CC2)c1,4.1779069900512695,6.034258842468262,5.106082916259766
OC1(c2ccc(Cl)cc2)CC2CCC(C1)N2Cc1coc2ccccc12,7.902397632598877,8.243313789367676,8.072855710983276
COc1ccccc1N1CCN(CCCCCNC(=O)c2ccc(-c3ccccc3)cc2)CC1,7.33394718170166,8.05324935913086,7.69359827041626
O=C1c2cc(CCCNCCN3CCN(c4cccc(Cl)c4Cl)CC3)ccc2N1CCCCN1CCCCCCC1,6.894851207733154,7.311696529388428,7.103273868560791
Fc1ccc(CCCCN2CCN(c3cccc(Cl)c3Cl)CC2)cc1,7.965066432952881,7.314322471618652,7.639694452285767
CN1Cc2ccccc2CC1CNC(=O)c1cccc2c1CCN2,6.232346057891846,7.336772918701172,6.784559488296509
N#Cc1ccc2[nH]c(CN3CCN(c4cccc(F)c4)CC3)cc2c1,6.364777088165283,5.656494617462158,6.010635852813721
COc1ccccc1N1CCN(CCCCCN2CCc3ccc(-c4csc(C)n4)cc3C2)CC1,7.188854217529297,7.702595710754394,7.445724964141846
O=C(NCCCCCN1CCN(c2cccc(Cl)c2Cl)CC1)c1cccc2c1-c1ccccc1C2,6.909281253814697,7.591800689697266,7.2505409717559814
CCN(CCCCCN1CCN(c2ccc(Cl)cc2)CC1)C1CCc2c(O)cccc2C1,7.286205768585205,7.878622055053711,7.582413911819458
Cc1ccc2c(N3CCN(CCc4cccc(-n5ccnc5)c4)CC3)cccc2n1,7.019498348236084,6.806178569793701,6.912838459014893
CCCN1CN(c2ccc(C)c(Cl)c2)CC1,6.109516143798828,6.700363636016846,6.404939889907837
O=C1Cc2ccccc2N1CCCN1CCN(c2cccc(Cl)c2Cl)CC1,6.690979480743408,7.010175704956055,6.8505775928497314
O=C(NCCCCN1CCN(c2cccc(Cl)c2Cl)CC1)c1cc2ccccc2cn1,6.880761623382568,9.034955978393556,7.957858800888062
COc1cccc(N2CCN(CCCCCNC(=O)c3cc4ccccc4n3CCCCCCN3CCN(c4ccccc4OC)CC3)CC2)c1,7.287771224975586,7.673329353332519,7.480550289154053
NCCCN1CCc2cc(O)ccc2CC1,5.993187427520752,7.924158096313477,6.958672761917114
N#Cc1ccc2[nH]cc(CCCCN3CCN(c4cccc(C(N)=O)c4)CC3)c2c1,7.67412519454956,7.717628955841064,7.695877075195312
COc1cccc2c(CCCNCCOc3cccc4c3COC4)c[nH]c12,6.77956485748291,7.105578899383545,6.9425718784332275
OC12CCC(CC1CN1CCC(c3ccccc3)(c3ccc(Cl)cc3)CC1)CC2,6.520902156829834,6.8724141120910645,6.696658134460449
CCCN(CCC1CCC(NC(=O)CC2CCC2)C1)C1CCc2c(O)cccc2C1,7.551520824432373,8.83633804321289,8.193929433822632
CN1Cc2ccccc2CC1CNCCC1Cc2ccccc2C1,6.373470783233643,7.073042869567871,6.723256826400757
CCCN(CCN1CCN(c2cccc(Cl)c2Cl)CC1)C1CCc2ccc(O)cc2C1,7.754941463470459,8.884286880493164,8.319614171981812
OCc1cc2nc(CC3CCCN3CC4CCc5cc(OCCCN6CCN(c7ccccc7)CC6)ccc5C4C3)ccc2[nH]1,,,
CCCN(CCN1CCN(c2ccc(-c3ccccc3)c3ccccc23)CC1)C1CCc2c(O)cccc2C1,7.805640697479248,8.392147064208984,8.098893880844116
CN1CCN(c2cccc3c2CCc2ccc(OCCF)cc2C3)CC1,7.538589954376221,6.651086807250977,7.094838380813599
Oc1[nH]cc2cc(F)c(OCCCCN3CCN(c4cccc(Cl)c4Cl)CC3)cc12,8.24354362487793,8.575241088867188,8.409392356872559
COc1ccccc1N1CCN(CCCCNC(=O)c2ccc(I)cc2)CC1,7.739108562469482,8.816154479980469,8.277631521224976
CCc1cc2c(cc1F)CCNC2(C)C,7.0204901695251465,6.1755876541137695,6.598038911819458
CCc1cccc2c1CCCC2CN1CCN(c2ccccc2OC)CC1,7.578589916229248,7.050226211547852,7.31440806388855
CC1N(C2CCC(N)(CCCN3CCN(c4cccc(Cl)c4Cl)CC3)CC2)CCO1,5.756209850311279,7.214350700378418,6.485280275344849
NCCc1c[nH]c2ccc(OCCN3CCN(c4cccc5cccc(F)c45)CC3)cc12,7.619436264038086,6.710707664489746,7.165071964263916
Oc1[nH]cc2cc(F)c(OCCCCN3CCN(c4cccc5ccccc45)CC3)cc12,8.182527542114258,8.29554557800293,8.239036560058594
CCCN(CCN1CCN(c2ccccc2OC)CC1)C1CCc2ccc3[nH]ccc3c2C1,7.834114551544189,7.807416915893555,7.820765733718872
COc1ccc2[nH]cc(CCCCN3CCN(c4ccccc4)CC3)c2c1,7.291316509246826,7.371157646179199,7.331237077713013
Oc1ccc2c(N3CCN(CCCc4cccc5c4CCCN5)CC3)cccc2[nH]1,,,
Oc1ccc2[nH]cc(CCCCN3CCN(c4cccc5ccccc45)CC3)c2c1,8.49316692352295,8.180514335632324,8.336840629577637
CCN1CCCC(c2ccccc2)C2c3ccc(O)cc3CCC21,6.757071495056152,7.189367294311523,6.973219394683838
CCN1CCCCC1CNCCc1c[nH]c2ccc(O)cc12,6.6369242668151855,6.983145236968994,6.81003475189209
CCCN1CCOCC2Cc3cc(O)ccc3CCC21,6.6274094581604,7.151487827301025,6.889448642730713
CN1CCCC1Cc1cncs1,5.087432861328125,7.0813493728637695,6.084391117095947
Oc1[nH]c2ccc(Br)cc2c1CCN1CCN(c2ccc(Cl)cc2)CC1,6.697109699249268,6.2009992599487305,6.449054479598999
CN1CCN(C2=Nc3cc(Cl)ccc3Nc3ccccc32)CC1,6.543483257293701,7.039327621459961,6.791405439376831
N#Cc1ccc2[nH]c(CCCCN3CCN(c4cccc5c4CCO5)CC3)nc2c1,8.19420051574707,7.773090839385986,7.983645677566528
CCCN(C)C1CCc2ccc(O)cc2C1,7.5729546546936035,8.392309188842773,7.9826319217681885
Cc1cc2c(cc1F)CCN2CCc1cccc(O)c1,6.684373378753662,6.107624530792236,6.395998954772949
O=C1Cc2ccc(OCCCCN3CCN(c4cccc5cccc(Cl)c45)CC3)nc2N1,8.415947914123535,7.582131385803223,7.999039649963379
CCCN(CCN1CCN(c2nccc3ccccc23)CC1)C1CCc2ccc(O)cc2C1,7.276597023010254,8.629609107971191,7.953103065490723
Oc1ccc2c(OCCNCCN3CC=C(c4ccccc4)CC3)ccc(OCCN3CCCC3)c2[nH]1,,,
CCCNc1ccccc1CN1CCc2cc(O)ccc2C1,6.791314601898193,6.619974136352539,6.705644369125366
Oc1[nH]cc2ccc(OCCCN3CCN(c4cccc5cccc(F)c45)CC3)cc12,8.2858247756958,7.846155166625977,8.065989971160889
O=C1N(CCN2CCC(c3ccc(F)cc3)C2)CCN1c1cccc(Cl)c1,7.137200832366943,7.272197246551514,7.2046990394592285
CCc1ccc(C2CCN(CCCCN3CCN(c4cccc(Cl)c4Cl)CC3)CC2)cc1,7.356040954589844,6.900079727172852,7.128060340881348
CN1CCN(c2cccc3c2CCc2ccc(OCC=CCCCNCC(O)c4ccccc4Cl)cc2C3=O)CC1,6.190218448638916,7.023880481719971,6.607049465179443
COc1ccccc1N1CCN(CCCCCNC(=O)c2ccc(-c3ccccc3OCCF)cc2)CC1,7.309699058532715,7.975036144256592,7.642367601394653
CN1CC=C(C2=Cc3ccccc3Cc3cc(F)ccc32)CC1,7.726178169250488,7.281417369842529,7.503797769546509
COc1ccccc1N1CCN(CCCCc2ccc3c(c2)sc(=O)n3CCC2CCC2)CC1,7.643788814544678,8.256564140319824,7.950176477432251
CCN(CCCCCN1CCN(c2cccc3ccoc23)CC1)C1CCc2ccc(O)cc2C1,8.289220809936523,8.428709983825684,8.358965396881104
COc1ccccc1N1CCN(CCCCCNC(=O)C2CCC(c3ccccc3)CC2)CC1,7.255924224853516,7.465208053588867,7.360566139221191
OC1(CNCC2CC2)CCN(CCCc2c[nH]c3ccc(-n4cnnc4)cc23)CC1,4.931178569793701,6.543321132659912,5.737249851226807
Brc1ccc2c(CCCNCCCOc3cccc4[nH]ccc34)c[nH]c2c1,7.635402202606201,7.873486518859863,7.754444360733032
CCCN(CCC1CCC(NC(=O)C=Cc2ccc(OC)cc2)CC1)C1CCc2nc(N)sc2C1,7.264169216156006,8.308181762695312,7.786175489425659
N#Cc1ccccc1N1CCN(CCCCNC(=O)CC2Cc3ccccc3CN2)CC1,6.824137210845947,7.727445602416992,7.27579140663147
Cc1cc2c(CCN3CCN(c4nsc5ccccc45)CC3)c[nH]c2[nH]1,7.8476057052612305,7.08409595489502,7.465850830078125
Oc1[nH]cc2ccc(OCCCN3CCN(c4cccc5c4CCCC5)C4CC3)cc12,,,
CN1CCN(c2cccc3ccccc23)CC1,7.877072811126709,6.819706439971924,7.348389625549316
CN1CCN(CCCN2c3ccccc3Sc3ccc(CCN4CCC(c5nn[nH]n5)CC4)cc32)CC1,7.218061447143555,6.038577556610107,6.628319501876831
Fc1ccc2c(CCCNCCCOc3cc(F)cc4[nH]cnc34)c[nH]c2c1,7.9602251052856445,7.536043167114258,7.748134136199951
Cc1nc(-c2cccc(CN3CCN(c4cccc5[nH]c(C(F)(F)F)nc45)CC3)c2)cn1C,7.080554008483887,6.695806503295898,6.888180255889893
O=C(NCCN1CCN(C2CCc3ccccc3C2)CC1)c1cccc2ccccc12,6.829456806182861,6.194206237792969,6.511831521987915
CN1CCN(CCCN2c3ccccc3Sc3ccc(C(F)(F)F)cc32)CC1,6.6178388595581055,6.678783893585205,6.648311376571655
CCCN(CCN1CCN(c2ccccc2OC)CC1)c1ccc2ccccc2c1,7.407190322875977,7.255923271179199,7.331556797027588
O=C(NCCCCN1CCN(c2cccc(Cl)c2Cl)CC1)c1ccc2cc3c(cc2c1)CCCC3,7.460054874420166,8.683820724487305,8.071937799453735
C(=Cc1ccc2cccc(OCCCN3CCN(c4ccccc4)CC3)c2o1)CC1CCC1,,,
CCCN(CCN1CCN(c2cccc3ccccc23)C1=O)C1CCc2c(cccc2N1,,,
Oc1ccc2c(CCCCCNCCOc3ccccc3)c[nH]c2c1,8.208916664123535,7.665404319763184,7.937160491943359
COc1cccc(C(=O)NCCCN2CCN(c3ccccc3OC)CC2)c1,6.368534564971924,7.066389083862305,6.717461824417114
O=C(NCCCCN1CCN(c2cccc(Cl)c2Cl)CC1)c1cc2cc(Cl)ccc2[nH]1,7.220568180084228,9.150126457214355,8.185347318649292
OC1(c2ccc(I)cc2)CC2CCC(C1)N2Cc1coc2ccccc12,8.334003448486328,8.553446769714355,8.443725109100342
CCN1CCc2ccc(OC)c3c2C1Cc1cccc(O)c1-3,7.401193618774414,7.100368976593018,7.250781297683716
O=C(CCCN1CC=C(c2cccc3cccc(Cl)c23)CC1)c1ccc(F)c(F)c1,7.68415641784668,7.453096389770508,7.568626403808594
Oc1ccc2[nH]cc(CCCN3CCN(c4ccccc4Cl)CC3)c2c1,8.443102836608887,7.291446685791016,7.867274761199951
O=C1N(CCN2C3CCC2CCC3)CCN1c1cccc(C#Cc2ccccc2)c1,6.113874435424805,7.608368873596191,6.861121654510498
OC1(c2ccc(Br)cc2)CC2CCC(C1)N2Cc1coc2ccccc12,8.125388145446777,8.381101608276367,8.253244876861572
CCN1CCCC1CNCc1ccc(Cl)cc1,4.685194969177246,7.032199859619141,5.858697414398193
O=C1N(CCN2CCC(c3noc4cc(F)ccc34)CC2)CCN1c1ccccc1,7.524266242980957,6.696033477783203,7.11014986038208
Cc1ccc2c(N3CCN(CCc4cccc(-n5ccc(=O)[nH]c5=O)c4)CC3)cccc2n1,7.4592437744140625,7.095817565917969,7.277530670166016
O=C(c1cnccn1)C1CCC(CN2CCN(c3cccc(C(F)(F)F)c3)CC2)(C1)OCc1ccc(F)cc1,5.890042304992676,6.532630443572998,6.211336374282837
O=C(NCCCN1CCN(c2cccc(Cl)c2Cl)CC1)c1cccc2c1-c1ccccc1C2,6.369973659515381,6.942676067352295,6.656324863433838
Oc1[nH]cc2ccc(OCCCN3CCN(c4cccc(Cl)c4Cl)CC3)cc12,8.195241928100586,8.543686866760254,8.36946439743042
C=CCN1CCCC1CNC(=O)c1cc2cc(OC)cc(OC)c2[nH]1,6.469302177429199,8.129409790039062,7.299355983734131
CCCN(CCN1CCN(c2ccccc2)CC1)C1CCc2ccc(O)cc2C1,7.061977386474609,8.358572006225586,7.710274696350098
CCN1CCN(c2ccc(CCN3C=CC(c4ccc(F)cc4)CC3)cc2)CC1,5.94169807434082,5.809360027313232,5.875529050827026
CN1CCN(CCCN2c3ccccc3Sc3ccc(Cl)cc32)CC1,7.559834003448486,7.69283390045166,7.626333951950073
CN1CCCCC1CNCc1ccc(F)cc1Cl,5.2878737449646,7.401319026947021,6.3445963859558105
CN1CCN(C2Cc3ccccc3Sc3ccc(Br)cc32)CC1,9.328142166137695,8.885320663452148,9.106731414794922
C[SH](=O)(O)N=CC1CCC(NCCCCCN2CCN(c3cccc(Cl)c3Cl)CC2)CC1,7.489193916320801,8.11756420135498,7.803379058837891
CNCC#Cc1cccc(OCCCN2CCN(c3cccc(C)c3Cl)CC2)c1,7.268775939941406,7.416882038116455,7.342828989028931
CCCN1CCCC2c3c(c(O)ccc3CCC21)C1CCc2ccc(O)cc2C1,7.18208122253418,8.306529998779297,7.744305610656738
O=C1N(CCN2CCC3C(COc4ccc(F)cc4C3)C2)CCN1c1cccc(Cl)c1,7.829415321350098,7.367150783538818,7.598283052444458
Cc1ccc2c(N3CCN(CCc4cccc5c4ccc(=O)n5C)CC3)cccc2n1,7.220524787902832,6.467967987060547,6.8442463874816895
Oc1[nH]c2cc(OCCCN3CCN(c4cccc5ccccc45)CC3)ccc2c1CCN1CC=C(c2cn(-c3ccccc3)c3ccccc23)CC1,7.766439437866211,7.97035026550293,7.86839485168457
Oc1ccc(CN2CCC(CCN3CCN(c4cccc(Cl)c4Cl)CC3)CC2)c2cc3ccccc3cc12,7.26866340637207,7.952421188354492,7.610542297363281
CCN1CCN(c2cccc(C(C)N3CCN(c4ccc(C)cc4)CC3)n2)CC1,5.779888153076172,5.809401512145996,5.794644832611084
COc1ccccc1N1CCN(CCCCCNC(=O)C=Cc2ccccc2Cl)CC1,7.770260334014893,8.221503257751465,7.995881795883179
COc1ccccc1N1CCN(CCCCNC(=O)c2ccc(F)cc2)CC1,7.701013088226318,8.817584991455078,8.259299039840698
CCCN(CCN1CCN(c2ccc3[nH]ccc3c2)CC1)C1CCc2ccc(O)cc2C1,7.211013793945312,8.363239288330078,7.787126541137695
CCCN(CCN1CCN(c2ccccc2)CC1)C1CCc2ccc(O)cc2C1,7.061977386474609,8.358572006225586,7.710274696350098
CCCN1CCN(c2ccc(S(=O)(=O)Nc3ccccc3Cl)cc2C)CC1,6.315359592437744,6.798549652099609,6.556954622268677
CCCN(CCN1CCN(c2cccc(Cl)c2)CC1)C1CCc2ccc(O)cc2C1,7.14030122756958,8.691252708435059,7.915776968002319
NCCc1cn(CCCCN2CCN(c3cccc(Cl)c3Cl)CC2)c2ccccc12,6.863440036773682,7.27946662902832,7.071453332901001
CN1CCN(CCCN2c3ccccc3Sc3ccc(C(F)(F)F)cc32)CC1,6.6178388595581055,6.678783893585205,6.648311376571655
ON1CCN(C2CC(c3ccc(F)cc3)c3ccc(F)cc32)CC1,7.52640438079834,6.123403549194336,6.824903964996338
O=C1CCc2ccc(OCCCCN3CCN(c4cccc(Cl)c4Cl)CC3)nc2N1,8.820858001708984,7.946710586547852,8.383784294128418
CCc1ccccc1N1CCN(CCCNC(=O)c2ccc3ccccc3c2)CC1,6.511615753173828,7.035965919494629,6.7737908363342285
Oc1ccc2[nH]cc(CCCCN3CC=C(c4ccccc4)CC3)c2c1,8.44819450378418,8.916884422302246,8.682539463043213
O=C(NC1CCC(CCN2CCN(c3cccc(Cl)c3Cl)CC2)CC1)c1ccc(Cl)cc1,7.791466236114502,8.650922775268555,8.221194505691528
CCCN(CCN1CCN(c2ncc3ccccc3n2)CC1)C1CCc2ccc(O)cc2C1,6.734475135803223,8.301858901977539,7.518167018890381
Oc1ccc2cc(CCNCCCc3ccccc3)ccc2[nH]1,,,
COCc1ccccc1N1CCN(CCCCCNC(=O)C=Cc2cccc3ccccc23)CC1,6.548332214355469,7.05601978302002,6.802175998687744
O=C(NC1CCc2cc(CCN3CCN(c4nsc5ccccc45)CC3)ccc21)c1ccc(F)cc1,7.4388251304626465,6.649353981018066,7.0440895557403564
CCCN(CCN1CCN(c2ccnc3cc(Cl)ccc23)CC1)C1CCc2ccc(O)cc2C1,7.561002731323242,8.841906547546387,8.201454639434814
O=C(NCCCCN1CCN(c2cccc(Cl)c2Cl)CC1)c1cc2ccccc2cn1,6.880761623382568,9.034921646118164,7.957841634750366
Oc1[nH]cc2cc(F)c(OCCCCN3CCN(c4cccc5cccc(F)c45)CC3)cc12,8.246258735656738,7.938355445861816,8.092307090759277
Oc1ccc2[nH]cc(CCCN3CCN(c4cccc(Cl)c4Cl)CC3)c2c1,8.51258373260498,7.52970552444458,8.02114462852478
CCCN(CCN1CCN(c2ccc3[nH]ccc3c2)CC1)C1CCc2ccc(O)cc2C1,7.211013793945312,8.363239288330078,7.787126541137695
CN1CCN(CCCN2c3ccccc3Sc3ccc(Cl)cc32)CC1,7.5598344802856445,7.69283390045166,7.626334190368652
NCCCN1c2ccccc2CCc2ccccc21,5.733658790588379,6.47965669631958,6.1066577434539795
CCCN(CCN1C2CCC1CC(C)(C)c1cccc(F)c1)C1CCc2c(O)cccc2C1,,,
Oc1ccc2[nH]cc(CCCCN3CCN(c4cccc5ccccc45)CC3)c2c1,8.49316692352295,8.180514335632324,8.336840629577637
Oc1[nH]cc2cc(F)c(OCCCN3CCN(c4cccc5cccc(F)c45)CC3)cc12,8.04649829864502,7.654065132141113,7.850281715393066
COc1ccccc1N1CCN(CCCCCCNCC(=O)c2cccc3c2OCCC3)CC1,7.800612449645996,7.179210662841797,7.4899115562438965
Cc1ccc2c(OCCN3CCC(Cc4cccc(N5CCN(C)CC5)c4)CC3)cccc2n1,7.045473098754883,6.971519470214844,7.008496284484863
N#Cc1ccc2[nH]cc(CCCCN3CCN(c4cccc(Cl)c4Cl)CC3)c2c1,8.226238250732422,8.110158920288086,8.168198585510254
N#Cc1cccc(N2CCN(CCCCNC(=O)c3ccc(F)cc3)CC2)n1,6.92115592956543,8.41703987121582,7.669097900390625
Oc1ccc2[nH]cc(CCCCN3CCN(c4cccc5ccccc45)CC3)c2c1,8.49316692352295,8.180514335632324,8.336840629577637
COc1ccccc1N1CCN(CCCCOc2ccc3c(c2)CNC3=O)CC1,8.2847261428833,8.33601188659668,8.31036901473999
Oc1c2c(nc3ccccc13)CCNCC2,5.9987993240356445,5.885101795196533,5.941950559616089
CCCN(CCN1CCN(c2ccccc2)CC1)C1CCc2ccc(O)cc2C1,7.061977386474609,8.358572006225586,7.710274696350098
c1ccc(CN2CC3C(CNc4c5c(nc6ccccc46)CCCN3CC2)cc1,,,
CN1C2CCC1CN2c1ccnc(F)c1,5.814529895782471,7.09797477722168,6.456252336502075
CN1CCc2cc(Cl)c(O)cc2C2c3cccc(NC(=O)CCCCCC4CCCCN4)c3CCC21,6.184040069580078,7.476290225982666,6.830165147781372
CN1CCc2cccc3c2C1Cc1ccccc1I)C3=O,,,
Oc1[nH]cc2ccc(OCCCCN3CCN(c4cccc5cccc(F)c45)CC3)cc12,8.384242057800293,8.055950164794922,8.220096111297607
CN1CCN(c2cccc(Nc3nccc(-c4cnn5ncccc45)n3)c2)CC1,5.8450140953063965,5.220852375030518,5.532933235168457
CCc1ccccc1N1CCN(CCCC2CCC(Nc3ncccc3Cl)CC2)CC1,7.972875595092773,7.226530075073242,7.599702835083008
COc1ccccc1N1CCN(CCCCNC(=O)C=Cc2ccc3c(c2)CCC3)CC1,7.769686698913574,8.848945617675781,8.309316158294678
O=C1N(CCN2CCC(Cc3ccccc3)CC2)CCN1c1cccc(Cl)c1,7.807153701782227,7.505068302154541,7.656111001968384
O=C1N(CCN2CCCCC2)CCN1c1cccc(C(F)(F)F)c1,7.665560722351074,8.583728790283203,8.124644756317139
COc1ccccc1N1CCN(CCCCCNC(=O)c2cnc3ccccc3c2)CC1,7.507470607757568,7.885146141052246,7.696308374404907
CCN(CCCCCCN(CCCCCCCCN(C)CCCOc1cccc(Cl)c1)CC1CCc2nc(N)sc2C1,,,
N#Cc1ccc2c(C(=O)NC3CCN(CC4=Cc5cc(Cl)c(O)cc5C4)C3)cccc2c1,6.343560695648193,6.704296112060547,6.52392840385437
N#Cc1ccc2c(CN3CCN(c4ccccc4)CC3)cccc2c1,6.373926162719727,5.982573986053467,6.178250074386597
CCCN(CCCCc1ccccc1)C1CCc2ccc(O)cc2C1,8.03169059753418,8.250438690185547,8.141064643859863
COc1ccccc1N1CCN(CCCCCNCC(=O)c2ccc(O)c3ccccc23)CC1,7.682464122772217,7.603078842163086,7.642771482467651
Clc1cccc(OCCNCC2CCc3ccc(OCCCN4CCCCCC4)cc3C2)c1,6.901168823242188,7.588812828063965,7.244990825653076
Cc1cccc(N2CCN(CCCCc3c[nH]c4ccc(C(N)=O)cc34)CC2)c1C,7.657199382781982,7.684804439544678,7.67100191116333
CN1CCN(c2cccc(CCN3CCN(c4cccc(Cl)c4Cl)CC3)c2)CC1,7.078632831573486,7.161623954772949,7.120128393173218
CCCN(CCN1CCN(c2ccc(O)c3ccccc23)CC1)C1CCc2ccc(O)cc2C1,7.794167995452881,9.123431205749512,8.458799600601196
CCCN(CCN1CCN(c2ccccc2Cl)CC1)C1CCc2ccc(O)cc2C1,7.593542575836182,8.679712295532227,8.136627435684204
O=C1N(CCN2CCN(c3cccc(Cl)c3Cl)CC2)CCN1c1ccccc1Cl,7.302975654602051,7.411231994628906,7.3571038246154785
CCCN(CCN1CCN(c2ccc(-c3ccsc3)cn2)CC1)C1CCc2ccc(O)cc2C1,7.008273124694824,9.021818161010742,8.015045642852783
CCN1CCc2c(cccc2C)C2CCCCC21,7.201389312744141,6.4902119636535645,6.8458006381988525
CCc1c(OCCCNCCC2CCc3ccc(O)cc3O2)ncn1CCO,7.262100696563721,7.3804826736450195,7.32129168510437
NCCN1CCN(C2Cc3ccccc3Sc3ccc(Cl)cc32)CC1,8.237258911132812,8.132658958435059,8.184958934783936
CCN(CCCCCNC(=O)c1cccc2ccccc12)C1Cc2cccc3c2C1CI,,,
O=C1Cc2cc(OCCCCN3CCN(c4cccc(Cl)c4Cl)CC3)ccc2N1,8.58447265625,8.32879638671875,8.456634521484375
CN1CCCC1Cc1c[nH]c2ccc(C#N)cc12,6.187026500701904,6.913263320922852,6.550144910812378
O=C1N(CCN2CCC(c3noc4cc(F)ccc34)CC2)CN1c1cccc(Cl)c1,7.983815193176269,6.973493099212647,7.478654146194458
CC1N(CCC(=O)Nc2ccc3[nH]ccc3c2)CCN1c1cccc(C#N)c1,6.779860019683838,6.243514537811279,6.511687278747559
CCCN(CCN1CCN(c2cccc3sccc23)CC1)C1CCc2ccc(O)cc2C1,8.112785339355469,9.294636726379396,8.703711032867432
CCN(CC)C(=O)NC1Cc2c(cc3c[nH]c4c3c2C=CC4)N(C)C1,8.286233901977539,9.04771900177002,8.66697645187378
OC1(c2ccc(F)cc2)CC2CCC(C1)N2Cc1coc2ccc(F)cc12,8.266895294189453,8.575322151184082,8.421108722686768
Oc1ccc2c(N3CCN(CCc4cccc5ccccc45)CC3)cccc2[nH]1,,,
O=C1Cc2ccccc2N1CCC1CCN(Cc2ccccc2OCCF)CC1,6.273349761962891,6.369789123535156,6.321569442749023
CCNCCN(CCC)C1CCc2cccc(O)c2C1,6.845661163330078,7.56398344039917,7.204822301864624
CCN(CCCN1CCN(c2ccccc2C#N)CC1)c1ccccc1,6.834939002990723,6.40166711807251,6.618303060531616
N#Cc1ccc2[nH]c(CN3CCN(c4ccc(Cl)cc4Cl)CC3)cc2c1,6.493094444274902,5.604558944702148,6.048826694488525
CCN1CC[nH]c2ccc(OCCCN3CCN(c4cccc5ccccc45)CC3)cc1CCc1ccc(OC)cc1,,,
Oc1nc2ccc(-c3ccc(I)cc3)cc2[nH]1,8.298137664794922,7.377676486968994,7.837907075881958
CCCN(CCN1CCN(c2cccc(Cl)c2Cl)CC1)C1CCc2ccc(O)cc2C1,7.754941463470459,8.884286880493164,8.319614171981812
CCCN(CCN1CCN(c2ccccc2)CC1)C1CCc2c(O)cccc2C1,7.368458271026611,8.235482215881348,7.8019702434539795
Oc1c2[nH]c(CCCN3CCN(c4cccc(Cl)c4)CC3)nc2cc1I,,,
CN1CCCN(C2Cc3ccccc3Sc3ccc(-c4nnn(CCN5CCCC5=O)n4)cc32)CC1,6.937115669250488,6.837581634521484,6.887348651885986
Oc1ccc2c(c1)OC(CNCCCN1CCN(c3cccc(Cl)c3Cl)CC1)CC2,9.147972106933594,8.325576782226562,8.736774444580078
COc1cccc(CCCNCCOc2cccc3[nH]cc(C)c23)c1,7.066248893737793,7.058003902435303,7.062126398086548
Clc1ccc2c(N3CCN(CCCCNc4ccc5c(c4)-c4ccc(SCCO5)cc4)CC3)ccnc2[nH]1,,,
CN1CCc2ccccc2Cc2cccnc2CC1,7.325733184814453,6.568258762359619,6.946995973587036
Oc1ccc2c(OCCNCCCNc3cccc(Cl)c3)cccc2[nH]1,,,
O=C(CCCN1C2CCC1CC(O)(c1ccc(Cl)cc1)C2)c1ccc(F)cc1,7.815347194671631,8.006396293640137,7.910871744155884
Cc1ccc2[nH]cc(CCCCN3CCN(c4ccccc4Cl)CC3)c2c1,7.744639873504639,7.507937908172607,7.626288890838623
O=C(NCCCCN1CCC(c2ccccc2OCCF)CC1)c1cc(-n2cnc3ccccc32)ccc1F,7.155885696411133,7.125034809112549,7.140460252761841
CCCN(CCN1CCN(c2ncc3ccccc3n2)CC1)C1CCc2ccc(O)cc2C1,6.734475135803223,8.301858901977539,7.518167018890381
O=C1N(CCN2CCC(Cc3ccccc3)CC2)CCN1c1cccc(Cl)c1,7.807153701782227,7.505068302154541,7.656111001968384
CCCN(CCN1CCN(c2cccc3c2CCCC3)CC1)C1CCc2ccc(O)cc2C1,7.91685152053833,8.61966323852539,8.26825737953186
CCCN(CCN1CCN(c2ccc(-c3ccccc3)cc2)CC1)C1CCc2ccc(O)cc2C1,7.323070049285889,8.556982040405273,7.940026044845581
Cc1ccc2c(CCN(C3CCN(Cc4ccno4)CC3)CC3CCc4[nH]c5ccc(F)cc5c4CC3)c[nH]c2c1,6.437734603881836,7.194784641265869,6.8162596225738525
COc1ccccc1N1CCN(CC=CCCNC(=O)C=Cc2ccc(F)cc2)CC1,7.484148025512695,8.031664848327637,7.757906436920166
Cc1ccc2c(N3CCN(CCc4cccc(NC(=O)CN(C)C)c4)CC3)cccc2n1,6.233691692352295,6.4172868728637695,6.325489282608032
CCN(CCCc1ccc(F)cc1)Cc1cccc(O)c1C,6.317032814025879,5.833341598510742,6.0751872062683105
COc1ccccc1N1CCN(CCCCCNC(=O)c2cc3ccccc3n2C)CC1,7.261219024658203,7.765483856201172,7.5133514404296875
Oc1[nH]c2ccc(Br)cc2c1CCCCN1CC=C(c2cccc3c2CCCC3)CC1,8.219934463500977,8.26331615447998,8.241625308990479
CN1CCN(c2cccc3ccccc23)CC1,7.877072811126709,6.819706439971924,7.348389625549316
O=C(NCCCCN1CCN(c2cccc(Cl)c2Cl)CC1)c1ccc(I)cc1,7.461658000946045,8.996889114379883,8.229273557662964
N#Cc1ccc2[nH]cc(CCCCN3CCN(c4ccc5[nH]c(C(N)=O)cc5c4)CC3)c2c1,7.32735538482666,7.564929962158203,7.446142673492432
Cc1ccc2c(N3CCN(CCc4cccc(NC(=O)CCCCCCCCCCCN4CCN(c5ccccc5OC(F)(F)F)CC4)CC3)nccc2n1,,,
CCN1CCN(c2cccc(OC)c2COCC1,,,
CCCN(CCN1CCN(c2cccc3ccccc23)CC1)C1CCc2ccc(O)cc2C1,7.852016448974609,8.869171142578125,8.360593795776367
COc1cccc(C(=O)NCCCCN2CCN(c3ccccc3OC)CC2)c1,7.0198893547058105,8.479230880737305,7.749560117721558
Oc1cc2c(OCCNCCCN3c4ccccc4CC4C(O)CC3)ccc(Cl)c2[nH]1,,,
Fc1ccc(OCCCNCCOc2cccc3[nH]ccc23)cc1,8.252795219421387,7.9304518699646,8.091623544692993
N#CN(CCN1CC2CCC1CCN2c1ccc(Cl)cc1)C1CCc2c(cccc2Cl)C1,6.811764717102051,6.680689811706543,6.746227264404297
Oc1[nH]cc2cc(F)c(OCCCN3CCN(c4cccc5ccccc45)CC3)cc12,8.03945255279541,8.071406364440918,8.055429458618164
CN1c2ccccc2CN1CCCCCCN1CCN(c2cccc(Cl)c2Cl)CC1,7.740513324737549,7.341249465942383,7.540881395339966
COc1ccc(CNCC2CCN(c3cnccc3Cl)C2)cc1,6.486802577972412,6.226714134216309,6.35675835609436
O=C1N(CCN2CCC3c4ccccc4CCC3C2)CCN1c1cccc(Cl)c1,7.220231533050537,7.0364089012146,7.128320217132568
O=C1N(CCN2CCC(C(=O)c3ccc(OCCCF)cc3)CC3(CC3)C2)CCN1c1ccc(I)cc1,6.914466857910156,7.488507747650146,7.201487302780151
Cc1ccc2c(N3CCN(CCc4cccc(N=S(C)(=O)O)c4)CC3)cccc2n1,7.124066352844238,7.066009998321533,7.095038175582886
CN1CCc2cc(Cl)c(O)cc2CC1,6.539206504821777,7.684309959411621,7.111758232116699
C1=C(c2ccc3ccccc3c2)CCN(CCCc2c[nH]c3cc(C(N)=O)ccc23)CC1,7.505210399627685,7.303571701049805,7.404391050338745
CN(C)CCN1CCSCCC2c3ccc(Cl)cc3CCc3cccnc32)CC1,,,
Oc1ccc2[nH]cc(CCN3CC=C(c4ccccc4)CC3)c2c1,8.67151165008545,7.908329963684082,8.289920806884766
Oc1[nH]cc2ccc(OCCN3CCN(c4cccc5c4OCCCC5)CC3)cc12,8.828557968139648,7.007143974304199,7.917850971221924
CCN1CCCCC1CNC(=O)c1cc(I)ccc1OCCCCN1CCN(c2ccccc2OC)CC1,7.632050514221191,8.24489974975586,7.938475131988525
Brc1ccc2cn[nH]c2c1C1CCN(CC2CN3CCCC2(c2ccccc2)C3)CC1,7.733325004577637,6.800965309143066,7.267145156860352
Oc1[nH]c2ccc(F)cc2c1CCCCCN1CCN(c2nsc3ccccc23)CC1,8.436240196228027,8.140542984008789,8.288391590118408
CCCN(CCN1CCN(c2cccc3c2CCCC3)C1=O)C1CCc2ccc(O)cc2C1,7.800131797790527,7.935602188110352,7.8678669929504395
Oc1ccc2c(c1)OC(CNCCCC1CCc3ccc(OCCCn4cccn4)cc3C1)CC2,8.569156646728516,8.410959243774414,8.490057945251465
CCCCN(CCN1CCN(c2cccc3c2CCCCC3)CC1)C1CCc2ccc(O)cc2C1,8.071914672851562,8.415637016296387,8.243775844573975
CCCN(CCN1C2CCC1CC(OC(=Cc1cccc(C(F)(F)F)c1)C2)CC1CC1,,,
CCCN(CCN1CN=C(c2cccc3cc(F)ccc23)C1=O)C1CCc2ccc(O)cc2C1,6.6742353439331055,8.063310623168945,7.368772983551025
COc1ccccc1N1CCN(CCCCCNC(=O)c2cc3ccccc3[nH]2)CC1,7.559271812438965,8.329925537109375,7.94459867477417
O=C1CCc2ccc(OCCCCN3CCN(c4cccc5cccc(F)c45)CC3)nc2N1,8.669334411621094,7.364121913909912,8.016728162765503
Oc1[nH]cc2ccc(OCCCN3CCN(c4cccc5cccc(F)c45)CC3)cc12,8.2858247756958,7.846155166625977,8.065989971160889
CCc1cc2cc(C(=O)CCCCCCN3CCN(c4cc(Cl)ccc4OC)CC3)ccc2[nH]1,8.526229858398438,7.633906364440918,8.080068111419678
Oc1ccc2[nH]cc(CCCN3CC=C(c4ccccc4)CC3)c2c1,8.563096046447754,8.061650276184082,8.312373161315918
NCCCN1c2ccccc2CCc2ccccc21,5.733658790588379,6.47965669631958,6.1066577434539795
CN1CCN(c2cccc(C#N)c2Cl)CC1,7.16340446472168,6.927120208740234,7.045262336730957
CCN(CCN1CCN(c2cccc(Cl)c2Cl)CC1)C1CCc2ccc(O)cc2C1,7.87141752243042,8.539102554321289,8.205260038375854
CCCN(CCN1CCN(c2cccc3cnccc23)CC1)C1CCc2ccc(O)cc2C1,7.4973225593566895,8.814409255981445,8.155865907669067
CCCN(CCN1CCN(c2cccc3ccc(O)cc23)CC1)C1CCc2ccc(O)cc2C1,8.048200607299805,9.255513191223145,8.651856899261475
Oc1[nH]cc2cc(F)c(OCCCCN3CCN(c4cccc5ccccc45)CC3)cc12,8.182527542114258,8.29554557800293,8.239036560058594
CCN(CCCCN1CCN(c2ccccc2OC)CC1)C1CCc2ccc(O)cc2C1,8.131128311157227,8.628498077392578,8.379813194274902
Oc1ccc2cc3c(cc2[nH]1)CCCCN3CCCCN1CCN(c2ccccc2OCCF)CC1,,,
Oc1[nH]cc2cc(F)c(OCCCCN3CCN(c4cccc5ccccc45)CC3)cc12,8.182527542114258,8.29554557800293,8.239036560058594
CN1CCN(C2Cc3ccccc3Sc3ccc(Cl)cc32)CC1,9.140546798706056,8.702611923217773,8.921579360961914
CCN1CCCC1CNC(=O)c1ccc(OC)cc1,5.9573655128479,7.998251438140869,6.977808475494385
CCCN(CCN1CCN(c2ccnc3ccccc23)CC1)C1CCc2ccc(O)cc2C1,7.621154308319092,8.850150108337402,8.235652208328247
CN1CCN(C2Cn3cccc3Sc3c[nH]c(Br)c32)CC1,8.175151824951172,7.9729814529418945,8.074066638946533
c1cnc(N2CCN(CCCCN3CCN(c4ccccc4)CC3)CC2)nc1,6.192582607269287,6.272170066833496,6.232376337051392
[H]c1cc2c(OCCNCCCOc3ccc(-c4n[nH]c(C)n4)cc3)ccc(F)c2o1,6.298962593078613,7.665333271026611,6.982147932052612
COc1c(Oc2cccc(CN3CCN(c4ccccc4OC)CC3)c2)ccc2c[nH]cn12,,,
CN(CCN1CCC2C(c3ccc(F)cc3)c3ccccc3CCC21)C1CCc2nc(N)sc2C1,6.92302942276001,7.637174606323242,7.280102014541626
CN1CC2Cc3ccccc3Cc3ccccc3N2C1,6.693193912506104,6.775989055633545,6.734591484069824
CCN(CCC(NC(=O)c1cccc2ccccc12)C1COc2ccccc2C1)C1CCc2c(O)cccc2C1,7.265212059020996,7.671828269958496,7.468520164489746
Oc1cc2c(OCCNCc3ccccc3)ccc(F)c2[nH]1,8.782026290893555,7.853747367858887,8.31788682937622
Oc1ccc2c(CCCN3CCN(c4ccccc4F)CC3)c[nH]c2c1,8.259979248046875,7.148250102996826,7.704114675521851
Cc1c(F)ccc(C(=O)N2CCC(N3CCN(c4ccccc4OCCC4CCCCN4)CC3)CC2)c1Cl,6.978326320648193,6.587784767150879,6.783055543899536
CCN(CCCCCN1CCN(c2cccc(Cl)c2Cl)CC1)C1CCc2ccc(O)cc2C1,8.098258972167969,8.537981033325195,8.318120002746582
Fc1cccc(N2CCN(CCC3CCC(c4ccccc4)(c4nc(Cc5ccc(F)cc5)no4)CC3)CC2)c1,6.738382339477539,6.9022722244262695,6.820327281951904
N#Cc1ccc2[nH]cc(CCCCN3CCN(c4ccc(C#N)cc4)CC3)c2c1,7.104435920715332,7.451657772064209,7.2780468463897705
CN1CCN(C2=Cn3cccc3Sc3ccc(F)cc32)CC1,8.417153358459473,8.3873929977417,8.402273178100586
COc1cccc(N2CCN(CCC3CCC(NC(=O)c4ccccc4)CC3)CC2)c1,7.333307266235352,8.144104957580566,7.738706111907959
Oc1ccc2[nH]ccc2c1OCCCN1CC=C(c2ccc(F)cc2)CC1,8.63844108581543,8.459405899047852,8.54892349243164
Oc1ccc2c(c1)OC(CNCCCCN1CCN(c3nsc4ccccc34)CC1)CC2,9.315536499023438,9.10727596282959,9.211406230926514
Oc1ccc2[nH]cc(CCCCN3CCN(c4cccc5ccccc45)CC3)c2c1,8.49316692352295,8.180514335632324,8.336840629577637
Oc1[nH]cc2ccc(OCCCN3CCN(c4cccc5c4CCO5)CC3)c(F)c12,8.142759323120117,8.099291801452637,8.121025562286377
CN1CC(c2ccccc2)CC2c3cccc(O)c3CCC21,6.834866523742676,7.343249797821045,7.08905816078186
CCCCN(CCCCN1CCN(c2cccc3ccccc23)CC1)C1CCc2ccc(O)cc2C1,7.981576919555664,8.809860229492188,8.395718574523926
COc1cc(N)c(Cl)cc1C(=O)NC1CCN(CCCCCCN2CCN(c3cccc(Cl)c3Cl)CC2)CC1,7.801780700683594,8.296895980834961,8.049338340759277
Oc1[nH]cc2cc(F)c(OCCCCN3CCN(c4cccc5cccc(F)c45)CC3)cc12,8.246258735656738,7.938355445861816,8.092307090759277
N#Cc1ccc(N2CCN(CCCCNC(=O)c3cc[nH]n3)CC2)cc1,6.266045570373535,7.727417945861816,6.996731758117676
COc1ccccc1N1CCN(CCNCC(=O)c2ccc(I)cc2)CC1,7.648555755615234,7.447516441345215,7.548036098480225
CC(Cc1ccc(O)cc1)(NCCCCCN1CCN(c2cc(Cl)ccc2Cl)CC1)C1CCN(C(=O)c2cc3ccccc3[nH]2)CC1,7.119637966156006,7.5571746826171875,7.338406324386597
Oc1nc2cc(N3CCC(CN4CCN(c5cccc6ccccc56)CC4)CC3)ccc2[nH]1,7.202157974243164,7.583803176879883,7.392980575561523
Fc1cccc(N2CCN(CCCCOc3ccc4[nH]ccc4c3)CC2)c1,7.977810859680176,7.987479686737059,7.982645273208617
O=C(CCCN1CCN(c2cccc(Cl)c2Cl)CC1)c1cccc2c1NCC2,8.282350540161133,7.819167137145996,8.050758838653564
CN1CC=C(C2CCN(CCCOc3ccc(C4=CCCNC4)cc3)CC2)CC1,5.778135299682617,6.503734111785889,6.140934705734253
O=C1N(CCN2CCC(Cc3ccccc3)CC2)CCN1c1cccc(Cl)c1,7.807153701782227,7.505068302154541,7.656111001968384
Nc1cccc(CN2CCN(c3ccccc3Cl)CC2)c1,7.330613136291504,7.075335502624512,7.202974319458008
CCCN(CCN1CCN(c2cccc3ccccc23)CC1)C1CCc2ccc(O)cc2C1,7.852016448974609,8.869157791137695,8.360587120056152
COc1cccc(NC2CC3CN(CCC3(c4ccccc4)C2)C(=O)C32CCCN2CC(F)(F)F)c1,,,
O=C(O)c1cccc(CN2CCN(CCCCOc3ccc(C(F)(F)F)cc3)CC2)c1,6.143747329711914,7.552241325378418,6.847994327545166
C=C(c1ccccc1)C1CCN(CCCCNCC3Cc4ccccc4CC(O)CC3)CC1,5.859650611877441,6.54611873626709,6.202884674072266
Oc1[nH]cc2ccc(OCCCN3CCN(c4cccc5ccccc45)CC3)cc12,8.251432418823242,8.164287567138672,8.207859992980957
Oc1[nH]cc2ccc(OCCCN3CCN(c4cccc5c4OCC(F)(F)C5)CC3)cc12,6.954182147979736,7.230803966522217,7.092493057250977
COc1cccc(C(=O)NCCCCN2CCN(c3cccc(Cl)c3Cl)CC2)c1,7.145890235900879,9.06395435333252,8.1049222946167
COc1ccccc1N1CCN(CCC=CCN2C(=O)CCc3ccccc32)CC1,7.459792137145996,6.860676765441895,7.160234451293945
Fc1ccc(N2CCN(CCCCCc3ccn(-c4ccsc4)n3)CC2)cc1,6.881645679473877,7.481813430786133,7.181729555130005
Oc1cccc(OCCNCCOc2cccc3[nH]ccc23)c1,8.940378189086914,8.208048820495605,8.57421350479126
O=C(CCCN1CCC2(CC1)C(=O)c1cc3ccccc3s1)N3CCCOc1ccc2cccc2c1,,,
C(=Cc1ccccc1)CN1CCN(CCCNc2ccccc2I)CC1,6.157098770141602,6.220469951629639,6.18878436088562
Oc1cccc2c1CCCNCC2,7.239022254943848,5.491871356964111,6.3654468059539795
CCCN(CCN1CCN(c2ccc(-c3ccncc3)cc2)CC1)C1CCc2ccc(O)cc2C1,6.976107120513916,8.282537460327148,7.629322290420532
N#Cc1ccc2[nH]c(CN3CCN(c4cccc(CCCN4CCN(c5ccc(Cl)cc5)CC4)CC3)cc2c1,,,
CCCN(CCN1CCN(c2ccccc2OC)CC1)C1CCc2ccc3[nH]ccc3c2C1,7.834114551544189,7.807416915893555,7.820765733718872
CCCN(CCN1CCN(c2ccc3[nH]ccc3c2)CC1)C1CCc2ccc(O)cc2C1,7.211019039154053,8.363239288330078,7.787129163742065
Oc1[nH]c2ccc(OCCCN3CCN(c4cccc5ccoc45)CC3)cc2c1C1CC1,8.024529457092285,8.197925567626953,8.11122751235962
NCCc1cn(CCCCN2CCN(c3cccc(Cl)c3Cl)CC2)c2ccccc12,6.863440036773682,7.27946662902832,7.071453332901001
c1ccc(N2CCN(CCCCCCCCCCN3CC4CCC(C3)CC4)CC2)cc1,5.833320617675781,6.396888732910156,6.115104675292969
N#Cc1ccc2[nH]c(CN3CCN(c4cccc(Cl)c4Cl)CC3)cc2c1,7.0858306884765625,6.354681491851807,6.720256090164185
CCCN(CCN1CCN(c2cccc3ccccc23)CC1)C1CCc2ccc(O)cc2C1,7.852016448974609,8.869157791137695,8.360587120056152
NCCN1CCN(CCCCN2c3ccccc3Sc3ccc(C(F)(F)F)cc32)CC1,6.890488624572754,7.325089454650879,7.107789039611816
COc1ccccc1N1CCN(CCCCNC(=O)C=Cc2ccccc2C)CC1,7.480734348297119,8.515835762023926,7.9982850551605225
Cc1cc(Cl)cc(Cl)c1OCCCNCC1COc2ccccc2O1,7.096921443939209,7.542257308959961,7.319589376449585
CN1CCN(C2Cn3cccc3Sc3ccc(F)cc32)CC1,8.455343246459961,8.19658088684082,8.32596206665039
N#Cc1cccc2c1CCCN2CCN1CCN(c2ccccc2C(F)(F)F)CC1,7.644181728363037,6.438145160675049,7.041163444519043
COc1cccc(OC)c1CNCCC1CC(c2ccccc2)c2ccccc2O1,5.518720626831055,6.833072662353516,6.175896644592285
O=C1N(CCN2CCC(C(=O)c3ccc4c(c3)CCCCC4)CCN2)CCN1c1cccc(Cl)c1,7.727332592010498,7.145633697509766,7.436483144760132
Oc1cc2c(OCCNCc3ccc(Cl)cc3)ccc(Cl)c2[nH]1,8.760119438171387,7.284967422485352,8.02254343032837
Cc1ccc2c(N3CCN(CCc4cccc5c4Cc4c(cnn4CCc4ccc(F)cc4)CC3)cccc2n1,,,
CCCN(CCN1CCN(c2nccc3ccccc23)CC1)C1CCc2ccc(O)cc2C1,7.276597023010254,8.629609107971191,7.953103065490723
Oc1cc2c(OCCNCCCN3c4ccccc4CC3)cccc2[nH]1,8.12126350402832,7.985584259033203,8.053423881530762
Oc1[nH]cc2ccc(OCCCN3CCN(c4cccc5cccc(F)c45)CC3)cc12,8.2858247756958,7.846155166625977,8.065989971160889
COc1ccccc1N1CCN(CCCCN2CCc3ccccc3C2=O)CC1,7.504779815673828,8.16479206085205,7.8347859382629395
Oc1ccc2cccc(OCCCN3CCN(c4cccc5cnccc45)CC3)c2o1,,,
O=C(NC1CCc2cc(CCN3CCN(c4nsc5ccccc45)CC3)ccc21)C1CC1,7.219380378723144,6.914257526397705,7.066818952560425
O=C(NCCCCN1CCN(c2cccc(Cl)c2Cl)CC1)c1cccc(Br)c1F,7.55645227432251,8.386880874633789,7.971666574478149
ON1CCN(C2Cc3ccccc3Sc3ccc(Cl)cc32)CC1,8.6340913772583,8.383110046386719,8.50860071182251
NC(=O)c1cnc(N2CCN(CCCCc3ccc(F)cc3)CC2)c2cc(Cl)cc(Cl)c12,7.072468280792236,7.316465377807617,7.194466829299927
Cc1ccc2c(N3CCN(CCc4cccc5c4ccc(=O)n5C)CC3)cccc2n1,7.220524787902832,6.467967987060547,6.8442463874816895
Cc1cc2c(C#N)c(N3CCN(CCCNc4ncccc4C(F)(F)F)CC3)oc2cc1Cl,6.7993011474609375,5.955897808074951,6.377599477767944
COc1ccccc1N1CCN(CC=CCN2CCCC(c3cccc(Cl)c3)CC2)CC1,7.373584747314453,7.619970321655273,7.496777534484863
Clc1ccc(N2CCN(CCCCOc3cc4c(nc3C(COCCN3CCCC3)CC4)CC2)cc1Cl,,,
CCCN(CCN1CCN(c2cccc3ccccc23)C1=O)C1CCc2ccc(O)cc2C1,7.359907150268555,8.13145637512207,7.7456817626953125
CCCCN1CCN(c2ccccc2)CC1,6.69440507888794,6.915875911712647,6.805140495300294
Oc1[nH]cc2ccc(OCCCCN3CCN(c4cccc5cccc(F)c45)CC3)cc12,8.384242057800293,8.055950164794922,8.220096111297607
Cc1ccc2c(N3CCN(CCc4cccc5c4OCCN5CCc4ccccc4)CC3)cccc2n1,7.057337284088135,6.590818405151367,6.824077844619751
O=C(NCCN1CCN(c2cccc(Cl)c2Cl)CC1)c1cccc2c1CCN2CCCCC2,,,
COc1cc(Cl)cc(NCCCN)c1,7.092020511627197,6.777683258056641,6.934851884841919
CCN1CCCC1CNC(=O)c1c(O)c(I)cc(I)c1F,8.554132461547852,9.14417839050293,8.84915542602539
COc1ccccc1N1CCN(CCCCNC(=O)c2cccc3cccnc23)CC1,7.507523536682129,8.248186111450195,7.877854824066162
CN1CCN(C2=Cc3c([nH]c4ccccc34)C(=O)N(CCNCCc3ccccc3)C2=O)CC1,6.505973815917969,6.92204475402832,6.7140092849731445
CCCN(CCC1CC(N2CCN(c3ccccc3)CC2)C1)C1CCc2nc(N)sc2C1,6.613922119140625,8.071781158447266,7.342851638793945
CN1CCc2cccc3c2CC1Cc1cccc(I)c1C3,7.1988677978515625,7.982176780700684,7.590522289276123
Oc1[nH]cc2ccc(OCCCCN3CCN(c4cccc5c4CCCC5)CC3)cc12,8.763314247131348,8.056510925292969,8.409912586212158
Oc1ccc2c(c1)OC(CNCCCc1ccc(OCCCCCN3CCCC3)cc1)CC2,8.005186080932617,7.646285057067871,7.825735569000244
CCN1CCN2Cc3ccccc3Cc3ccccc3C2CC1,6.174537658691406,6.0936384201049805,6.134088039398193
Oc1cc2c(OCCNCc3ccccc3)ccc(Cl)c2[nH]1,8.818074226379395,7.795685768127441,8.306879997253418
N#Cc1ccc2[nH]cc(CCCCN3CCN(c4ccc5[nH]ccc5c4)CC3)c2c1,7.777983665466309,7.459677696228027,7.618830680847168
Oc1cc2c(OCCNCCCCc3ccccc3)ccc(Cl)c2[nH]1,9.134669303894045,8.027881622314453,8.581275463104248
C=S(O)(O)=Cc1ccc2[nH]cc(CCCCCN3CCN(c4cccc(Cl)c4Cl)CC3)c2c1,7.7905049324035645,8.038743019104004,7.914623975753784
Oc1ccc2[nH]cc(CCCCN3CC=C(c4ccccc4)CC3)c2c1,8.44819450378418,8.916884422302246,8.682539463043213
Clc1ccc(N2CCN(CCCCNc3cccc4cnccc34)CC2)cc1Cl,7.1380791664123535,7.580157279968262,7.359118223190308
Oc1ccc2c(c1)OC(CNCCCNCc1ccccc1)CC2,7.615239143371582,7.509407520294189,7.562323331832886
CC1(C)CN(C2CC(c3ccc(F)cc3)c3ccc(Cl)cc32)C1,7.864693164825439,5.026486396789551,6.445589780807495
Oc1[nH]c2ccc(OCCCN3CCN(c4cccc5cccc(F)c45)CC3)cc2c1O,8.588236808776855,7.962619781494141,8.275428295135498
CN1CCN(c2ccccc2C2c3ccccc3CCc3cnn(CCCCN4CCN(c5ccccc5OC(C)C)CC4)c32)CC1,6.759700775146484,7.200257778167725,6.9799792766571045
Cc1ccc2c(N3CCN(CCc4cccc(-c5cccc(C(=O)NCCCCN6CCN(c7ccccc7C6=O)CC6)c5)c4)CC3)cccc2n1,,,
CCCN(CCC1CCC(NC(=O)c2cccc3ccccc23)CC1)C1CCc2nc(N)sc2C1,6.954048156738281,8.542572021484375,7.748310089111328
CCN1CCCCC1CNC(=O)c1cc(CCCF)cc(C)c1O,7.508461952209473,7.63439416885376,7.571428060531616
CCN(CCCCCN1CCN(c2cccc(C(F)(F)F)c2Cl)CC1)C1CCc2ccc(O)cc2C1,8.171548843383789,7.979408264160156,8.075478553771973
COc1ccccc1N1CCN(CCCCNC(=O)C=Cc2ccc[nH]2)CC1,7.884494781494141,9.168262481689451,8.526378631591797
CCCN(CCN1CCN(c2ccccc2)CC1)C1CCc2c(O)cccc2C1,7.368458271026611,8.235482215881348,7.8019702434539795
CCCN(CCN1CCN(c2cccc3cnccc23)CC1)C1CCc2ccc(O)cc2C1,7.4973225593566895,8.814409255981445,8.155865907669067
CCCN(CCN1CCN(c2ccc(-c3ccccc3OC)c3ccccc2C(=O)NCCCCNC(=O)CCC3)CC1)C1CCc2c(O)cccc2C1,8.014317512512207,7.220686435699463,7.617501974105835
Nc1ccc(CCCNCC2Cc3ccc(O)cc3CC2)cc1,7.000939846038818,7.382434844970703,7.191687345504761
N#Cc1cccc(N2CCN(CCCCCNC(=O)c3cccc4cnn(CCN5CCN(c6cccc(C(F)(F)F)c6)CC5)c4c3)CC2)c1,,,
Oc1ccc2c(c1)OC(CNCCCCN1CC=C(c3ccc4ccccc4c3)CC1)CC2,8.567754745483398,9.1302490234375,8.84900188446045
Oc1ccc2[nH]cc(CCCCN3CC=C(c4ccccc4)CC3)c2c1,8.44819450378418,8.916884422302246,8.682539463043213
Oc1ccc2[nH]c3c(c2c1)C1(CCN(CCCc2ccc(I)cc2)CC1)CCCC3,7.988919258117676,7.266836166381836,7.627877712249756
N#Cc1ccc2[nH]c(O)c(C(=O)NCCCCN=C3CCN(c4ccccc4Cl)CC3)c2c1,7.693455696105957,7.434813022613525,7.564134359359741
COc1ccccc1N1CCN(CCCCNC(=O)c2ccc(-c3ccccc3)cc2)CC1,7.363232612609863,8.831465721130371,8.097349166870117
Oc1ccc2c(c1)OC(CNCCCc1c[nH]c3cccc(F)c13)CC2,9.230157852172852,7.914381980895996,8.572269916534424
CCCN1CCCCC2Cc3nc(C)ccc3CC21,7.030687808990479,7.57291316986084,7.301800489425659
Oc1ccc2c(c1)OC(CNCCCCNC1=NCCC1)CC2,9.343988418579102,7.541671752929687,8.442830085754395
N#Cc1cccc(N2CCN(CCCCN3CCN(c4ccccc4OC)CC3)CC2)c1,7.83448600769043,8.344206809997559,8.089346408843994
CCCN(CCN1CCN(c2cccc3ccccc23)CC1)C1CCc2ccc(O)cc2C1,7.852016448974609,8.869157791137695,8.360587120056152
O=C(N(CCN1CCN(c2ccccc2Cl)CC1)C1CCC2(CC1)Cc1ccccc12,,,
Oc1ccc2c(CNCCCN3CCN(c4ccccc4OC(F)(F)F)CC3)ccc(OCCF)c2[nH]1,,,
CC1N=C2Cc3ccc(Cl)cc3N2C1=O,5.106334686279297,7.408022880554199,6.257178783416748
CCCN(CCN1CCN(c2ccccc2)CC1)C1CCc2c(O)cccc2C1,7.368458271026611,8.235482215881348,7.8019702434539795
COc1ccccc1N1CCN(CCCCNC(=O)c2ccc(-c3ccccc3OC)cc2)CC1,7.243757247924805,8.636911392211914,7.940334320068359
N#Cc1cc(NCCCN2CCN(c3cccc(Cl)c3Cl)CC2)nn1,,,
Oc1[nH]cc2cc(F)c(OCCCN3CCN(c4cccc5ccc45)CC3)cc12,8.352686882019043,8.568534851074219,8.46061086654663
CCOc1ccccc1N1CCN(CC=CCNC(=O)c2cccc3ccccc23)CC1,7.37207555770874,8.479148864746094,7.925612211227417
Oc1[nH]cc2ccc(OCCCN3CCN(c4cccc5cccc(F)c45)CC3)cc12,8.2858247756958,7.846155166625977,8.065989971160889
Oc1cc2ccccc2n1CCCCN1CCN(c2ccccc2)CC1,6.661018371582031,7.305858612060547,6.983438491821289
Fc1ccc(-c2[nH]c(CCCCN3CCN(c4ccccc4)CC3)nc2-c2ccc3ccccc3c2)cc1,6.855096817016602,7.539025783538818,7.19706130027771
Oc1ccc2ccc(OCCCCN3CCN(c4cccc5cccc(F)c45)CC3)nc2n1,8.335277557373047,8.112462043762207,8.223869800567627
Cc1ccc2c(N3CCN(CCc4cccc(-n5cccn5)c4)CC3)cccc2n1,7.206594467163086,7.113218307495117,7.159906387329102
COc1ccccc1N1CCN(CCCCn2ncc(=O)n(CCCN3CCN(c4cccc(Cl)c4Cl)CC3)c2=O)CC1,7.265865325927734,7.583303451538086,7.42458438873291
CN1CCN(c2cccc3c2CCCCCOCCCCNC3=O)CC1,6.695243835449219,5.499058246612549,6.097151041030884
O=C1N(C2CCN(CCCCCc3c(-c4ccccc4)[nH]c4ccccc34)CC2)CCN1c1ccccc1,7.405518531799316,6.734236717224121,7.069877624511719
CN1CCN(C2Cc3ccccc3Sc3ccc(Br)cc32)CC1,9.328142166137695,8.885320663452148,9.106731414794922
COc1ccccc1N1CCN(CCCCNC(=O)c2cccc3ccccc23)CC1,7.269603729248047,8.39780044555664,7.833702087402344
Cc1cc(O)ccc1N1CCN(CCCCc2ccccc2)CC1,7.615799903869629,7.434998512268066,7.525399208068848
CCN1CCN(c2ccc(OCCCN3CCN(c4cccc(Cl)c4Cl)CC3)cc2C)CC1,6.972404479980469,7.510519027709961,7.241461753845215
CN1CCN(C2Cc3ccccc3Sc3ccc(Cl)cc32)CC1,9.140546798706056,8.702611923217773,8.921579360961914
CN1CCN(c2cccc3ccc(OCCCCN4CCN(c5cccc6ccccc56)CC4)cc23)CC1,7.824295997619629,8.004494667053223,7.914395332336426
CN1CCN(CCN2c3ccccc3Sc3ccc(F)cc32)CC1,8.125858306884766,7.489418983459473,7.807638645172119
N#Cc1ccc2[nH]cc(CCCCN3CCN(c4ccc(Cl)cc4)CC3)c2c1,6.9493184089660645,7.0854668617248535,7.017392635345459
O=C(NCCCCN1CCN(c2ccc(Cl)cc2C(F)(F)F)CC1)c1cccc2cccnc12,7.519578456878662,7.678851127624512,7.599214792251587
Oc1[nH]cc2ccc(OCCCN3CCN(c4cccc5cccc(F)c45)CC3)c(F)c12,8.132925987243652,7.728168487548828,7.93054723739624
COc1ccccc1N1CCN(CCCCNC(=O)c2cn(-c3ccccc3)c(-c3ccccc3)c2=O)CC1,,,
N#Cc1cc(N2CCN(CCCCc3c[nH]c4ccc(F)cc34)CC2)nc2c1I,,,
O=C(NCC=CCN1CCN(c2cccc(Cl)c2Cl)CC1)c1cccc2c1-c1ccccc1C2=O,6.881508827209473,8.276203155517578,7.578855991363525
O=C(NCCCCN1CCN(c2cccc(Cl)c2Cl)CC1)c1ccccn1,7.506690502166748,8.780072212219238,8.143381357192993
CCCN1CCCC1CNC(=O)c1c(OC)c(OC)ccc1OCCCN1CCN(c2ccccc2OC)CC1,7.101360321044922,8.218534469604492,7.659947395324707
COc1ccccc1N1CCN(CCCCNC(=O)c2cc3ccccn3n2)CC1,7.175562858581543,8.398908615112305,7.787235736846924
COc1cccc(N2CCN(CCCCCNC(=O)c3ccc4ccccc4c3)CC2)c1,6.665467739105225,7.491401195526123,7.078434467315674
Oc1[nH]cc2ccc(OCCCCN3CCN(c4cccc5cccc(F)c45)CC3)cc12,8.384243965148926,8.055950164794922,8.220097064971924
COc1ccccc1N1CCN(CCCCNCCCNC(=O)c2ccccc2-c2ccc(F)cc2)CC1,6.868044853210449,7.467898368835449,7.167971611022949
Cc1ccsc1C=CCN1CCC(N2CCN(c3cccc(Cl)c3Cl)CC2)CC1,6.411362171173096,6.262821674346924,6.33709192276001
Oc1cc2c(OCCNCC3CCCc4ccccc4O3)ccc(Cl)c2[nH]1,9.753714561462402,7.944077491760254,8.848896026611328
Cc1cc(Br)ccc1N1CCN(CCCCNC(=O)c2ccc(I)c3ccccc23)CC1,6.717330932617188,7.830317497253418,7.273824214935303
N#Cc1ccc2[nH]cc(CCCCN3CCN(c4ccc5[nH]ccc5c4)CC3)c2c1,7.777992248535156,7.459677696228027,7.618834972381592
CCN1CCN(c2ccc(C#Cc3ccc(C#N)cc3CCCCCCN3CCN(c4cccc(C(F)(F)F)c4)CC3)cc2)CC1,6.537703990936279,6.573664665222168,6.555684328079224
N#Cc1ccc(N2CCN(CCCCN3CCN(c4cc(Cl)cc(Cl)c4)CC3)CC2)nc1,6.461792945861816,7.821858882904053,7.141825914382935
O=C1N(CCN2CCC(Cc3ccccc3OCCCCN3CCN(c4cccc(Cl)c4Cl)CC3)CC2)CCN1CCCC1CC2C(c3ccc(F)cc3)CCN2C1=O,7.40691614151001,7.4278154373168945,7.417365789413452
CCN1CCc2ccccc2Cc2[nH]c3ccccc3c2CC1,7.476880073547363,6.716762542724609,7.096821308135986
O=C1Cc2ccccc2N1CCCCN1CCN(c2cccc(Cl)c2Cl)CC1,7.535895824432373,8.065313339233398,7.800604581832886
O=C(NCCCCN1CCN(c2cccc(Cl)c2Cl)CC1)c2ccccc21,,,
CN1CCN(C2Cc3ccccc3Sc3ccc(Cl)cc32)CC1,9.140546798706056,8.702610969543457,8.921578884124756
CN1CCc2cc(Cl)c(O)cc2C1,6.163668155670166,7.19639253616333,6.680030345916748
CN1CCN(C2=Cc3ccccc3Cc3ccc(O)cc32)CC1,7.547271251678467,7.532978534698486,7.540124893188477
CCN(CC)C(=O)NC1CCc2c(ccc(O)c2I)C1,9.295392990112305,8.64770793914795,8.971550464630127
CCN1CCN(Cc2ccsc2COc2ccc(S(=O)(=O)CCCCN3CCN(c4ccccc4OC)CC3)cc2)CC1,6.684384346008301,6.982656002044678,6.833520174026489
CCc1ccc2c(N3CCN(CCCCc4ccc5c(c4)NCCO5)CC3)cccc2n1,8.25479793548584,7.820339202880859,8.03756856918335
CCCN(CCN1CCN(c2ccccc2)CC1)C1CCc2ccc(O)cc2C1,7.061977386474609,8.358572006225586,7.710274696350098
CCCN(CCN1CN=C(c2ccccc2F)c2ccccc2OC)CC1)C1CCc2c(O)cccc2C1,,,
CCCN(CCN1CCN(c2cccc3ccnn23)CC1)C1CCc2ccc(O)cc2C1,7.251467704772949,8.406925201416016,7.829196453094482
CN1CCN(c2cccc3c2CCN3CC2CCC(NC(=O)c3ccc(Cl)cc3)CC2)CC1,6.988507270812988,8.039278030395508,7.513892650604248
O=C(NCCN1CCN(C2CCc3cc(Cl)ccc3C2)CC1)c1ccc(I)cc1,6.775820732116699,6.893214225769043,6.834517478942871
CN1CCN(C2Cc3ccccc3Sc3ccc(Cl)cc32)CC1,9.140546798706056,8.702611923217773,8.921579360961914
Oc1[nH]cc2ccc(OCCCN3CCN(c4cccc5cccc(F)c45)CC3)cc12,8.2858247756958,7.846155166625977,8.065989971160889
CCN1CCCC1CNC(=O)c1c(O)ccc(Br)c1F,7.028200149536133,8.45916748046875,7.743683815002441
O=C(NCCCCN1CCN(c2cccc(Cl)c2Cl)CC1)c1cc2ccccc2cn1,6.880761623382568,9.034921646118164,7.957841634750366
O=C1N(CCN2CCC3(CCc4ccccc43)CC2)CCN1c1cccc(Cl)c1,7.241162300109863,7.260474681854248,7.250818490982056
CCCN(CCN1CCN(c2ccccc2)CC1)C1CCc2c(O)cccc2C1,7.368458271026611,8.235482215881348,7.8019702434539795
Oc1ccc2c(c1)OC(CNCCCN1CCN(c3cccc(Cl)c3Cl)CC1)CC2,9.147972106933594,8.325576782226562,8.736774444580078
CCN1CCCC(c2ccc(C#N)cc2)C1,6.066169261932373,6.897161483764648,6.481665372848511
COc1ccccc1N1CCN(CCCCNC(=O)CC2CCCc3ccccc32)CC1,7.453038215637207,7.79819393157959,7.625616073608398
N#Cc1ccccc1N1CCN(CCCCNC(=O)C2Cc3ccccc3CN2)CC1,6.93341588973999,8.090885162353516,7.512150526046753
COc1ccccc1OCCNCC1COCC(c2ccccc2)(c2ccccc2)C1,5.800369739532471,6.795248985290527,6.297809362411499
O=C(NCCN1CCN(C2Cc3ccccc3CCc3cccnc32)CC1)c1cc2cccc(F)c2[nH]1,6.689236640930176,6.34190034866333,6.515568494796753
Nc1c(F)ccc2c1CCCC2CCCCN1CCN(c2cccc(Cl)c2Cl)CC1,7.837109565734863,7.620842933654785,7.728976249694824
O=C(NCCCCN1CCN(c2cccc(Cl)c2Cl)CC1)c1cc2ccc3ccccc3c2o1,6.657504558563232,8.773086547851562,7.7152955532073975
Oc1cc2c(OCCNCCCCc3ccccc3)ccc(F)c2[nH]1,9.115532875061035,7.926517009735107,8.521024942398071
CCCN1CCCC(c2cccc(O)c2)CC1,6.277295112609863,6.741525650024414,6.509410381317139
O=C1N(CCN2CCC3(CC2)C(=O)c2ccccc2O3)CCN12,,,
CCCN(CCN1CCN(c2ccc(-c3ccccc3)cc2)CC1)C1CCc2ccc(O)cc2C1,7.323070049285889,8.556982040405273,7.940026044845581
CN1C2CCC1CC(OCCCCCc1ccccc1)C2,6.015804290771484,6.304285049438477,6.1600446701049805
CN1Cc2ccccc2CC1CNCCc1c[nH]c2ccccc12,6.083910942077637,6.777440547943115,6.430675745010376
O=C1NC2CN(CCCCOCCN3CCN(c4cccc(Cl)c4Cl)CC3)CC2)C1=O,,,
N#Cc1ccccc1CN1CCN(CCCCNC(=O)C2CCc3ccccc3C2)CC1,5.893671989440918,7.552503108978271,6.723087549209595
O=C(NCCCCCN1CCN(c2cccc(Cl)c2Cl)CC1)c1cc2ccccc2[nH]1,7.495870590209961,8.612287521362305,8.054079055786133
CCCN(CCN1CCN(c2ccccc2OC)CC1)C1CCc2ccc(O)cc2C1,7.815720081329346,8.517810821533203,8.166765451431274
CCCN(CCc1ccccc1)C1CCc2ccc(O)cc2C1,7.808249950408935,8.196502685546875,8.002376317977905
CCCN(CCN1CCN(c2cc(-c3ccccc3)c3ccccc3c2)CC1)C1CCc2nc(N)sc2C1,7.051086902618408,8.433832168579102,7.742459535598755
Ic1ccc(N2CCN(CCC3CCCCC3)CC2)cc1,6.952740669250488,7.768714427947998,7.360727548599243
O=C(NCCN1CCN(c2cccc(Cl)c2Cl)CC1)c1cc2cc(I)ccc2[nH]1,7.014872550964356,7.992326736450195,7.503599643707275
Oc1[nH]cc2cc(F)c(OCCCN3CCN(c4cccc5cccc(F)c45)CC3)cc12,8.04649829864502,7.654065132141113,7.850281715393066
O=C1N(CCN2CCC3C(C2)c2cccc3[nH]ccc23)CCN1c1cccc(Cl)c1,,,
COc1ccccc1N1CCN(CCCCCCN2CCN(c3ccccc3OC)CC2)CC1,7.870885848999023,7.619773864746094,7.745329856872559
CN1CCN(c2cccc3cnc(-c4ccccc4)cc23)CC1,7.129167079925537,6.752017498016357,6.940592288970947
COc1ccccc1N1CCN(CCCCCCN2CCc3cc(-c4ccccc4)ccc3CC2)CC1,7.680861473083496,7.663394927978516,7.672128200531006
CCCN(CCN1CCN(c2cccc3c2CCCC3)C1=O)C1CCc2ccccc2C1,7.289973258972168,7.642790794372559,7.466382026672363
O=C1N(CCN2CCC(Cc3ccccc3)CC2)CCN1c1cccc(Cl)c1,7.807153701782227,7.505068302154541,7.656111001968384
Oc1ccc2c(CCCN3CCN(c4cccc5ccccc45)CC3)cnc(O)c2[nH]1,,,
CN1CC2CC1CN2c1ccc(Cl)nc1,6.7390007972717285,6.827141284942627,6.783071041107178
CN1CCC(c2c(O)cc(O)c3c(=O)cc(-c4ccccc4Cl)oc23)C1,6.249392986297607,7.1228203773498535,6.6861066818237305
O=C(NCCCCN1CCN(c2cccc(Cl)c2Cl)CC1)c1cc(-c2cccc(F)c2)[nH]n1,7.400341987609863,8.655853271484375,8.02809762954712
CN1CCN(C2Cn3cccc3Sc3ccc(F)cc32)CC1,8.455343246459961,8.19658088684082,8.32596206665039
Cc1ccc2c(N3CCN(CCc4ccc5c(c4)NC(=O)CO5)CC3)cccc2n1,7.267475605010986,6.526723384857178,6.897099494934082
N#Cc1ccc2[nH]c(CCCCN3CCN(c4cccc5nc(-c6ccccc6)nc45)CC3)cc2c1,,,
CCCN(CCCCCN1CCN(c2ccccc2OC)CC1)C1CCc2ccc(O)cc2C1,8.155640602111816,8.086040496826172,8.120840549468994
Clc1cccc(N2CCN(CCCC3CCCc4ccccc4C3)CC2)n1,7.315152168273926,7.281824588775635,7.29848837852478
C(Nc1cccc(Cl)c1)C1CCN(CCCc2c[nH]c3ccc(-n4cnnc4)cc23)CC1,6.967792510986328,6.897319793701172,6.93255615234375
CCN1CCCC(c2cccc(O)c2F)C1,6.701552391052246,6.734506130218506,6.718029260635376
O=C(NC1CCc2ccc(CCN3CCN(c4nsc5ccccc45)CC3)cc21)C1CC1,7.392701625823975,6.859647750854492,7.126174688339233
CN(C)C1CCc2ccc(O)cc2C1,7.045614719390869,8.28005599975586,7.662835359573364
NCCc1c[nH]c2cccc(OCCCCCN3CCN(c4cccc5ccccc45)CC3)c12,7.229878425598144,7.315634250640869,7.272756338119507
COc1ccccc1N1CCN(CCCCCNC(=O)c2cn[nH]c2C)CC1,7.764740943908691,7.331079959869385,7.547910451889038
O=C(NCCCCN1CCN(c2cccc(Cl)c2Cl)CC1)c1cccc2c1-c1ccccc1C2=O,6.6872968673706055,8.366487503051758,7.526892185211182
COc1ccccc1N1CCN(CCCCN2CCCN(c3cccc(C(F)(F)F)c3)CC2)CC1,7.252103805541992,7.50618314743042,7.379143476486206
CCCN(CCN1CN(c2cc(OC)ccc2OC)CC1)C1CCc2ccc(O)cc2C1,7.349099159240723,8.153471946716309,7.751285552978516
CN(C)CC1CC2c3ccccc3Cc3ccc(F)cc3N2O1,7.31734037399292,7.581218719482422,7.449279546737671
CCCN(CCN1CCN(c2ccc(-c3ccc(O)cc3)cc2)CC1)C1CCc2nc(N)sc2C1,7.197421550750732,8.919638633728027,8.05853009223938
Oc1ccc2c(c1)OC(CNCC1CCc3ccc(O)cc3O1)CC2,10.83642292022705,9.368578910827637,10.102500915527344
CN1CCc2ccccc2Cc2ccc(O)c(O)c2CC1,7.91890811920166,7.414491653442383,7.6666998863220215
CCCN(CCN1CCN(c2ccccc2)CC1)C1CCc2ccc(O)cc2C1,7.061977386474609,8.358572006225586,7.710274696350098
O=C(NCC1CCC(CCN2CCN(c3cccc(Cl)c3Cl)CC2)CC1)c1cccc2ccccc12,6.765013694763184,7.985736846923828,7.375375270843506
CCN1CCN(CCCCOc2ccc3sccc3c2)CC1,6.953258991241455,8.023101806640625,7.48818039894104
Nc1cccc(C2CCN(CCCCc3ccc(Cl)cc3)CC2)c1,7.0217061042785645,6.941458702087402,6.981582403182983
Cc1ccc2c(N3CCN(CCCc4cccc(N=S(C)(=O)O)c4)CC3)cccc2n1,7.242386341094971,7.042856216430664,7.142621278762817
Cc1cc(Cl)cc(C(CCN3CCN(c4ccccc4Cl)CC3)CNC(=O)CC2CCCCC2)c1,7.553844451904297,7.35486364364624,7.4543540477752686
CC1NC(N)=Nc2cc(Cl)c(Cl)cc21,7.786181926727295,5.653078079223633,6.719630002975464
O=C1N(CCF)CCN1CCN1CCN(c2cccc3ccccc23)CC1,6.89919376373291,6.890011787414551,6.8946027755737305
O=C1N=CN(CCCN2CCN(c3cccc(Cl)c3Cl)CC2)CCN1c1ccccc1,6.023851871490479,6.632698059082031,6.328274965286255
Oc1[nH]cc2c(OCCCN3CCN(c4cccc5cccc(Cl)c45)CC3)cccc12,7.983828067779541,8.089189529418945,8.036508798599243
c1cc(OCCCNc2ccc3coc(O4CCN(CCCc5ccccc5)CC4)c3n2)ccn1,,,
O=C(NCCN1CC=C(c2cccc3cccc(CCN4CCN(c5ccccc5Cl)CC4)c23)CC1)c1ccc(F)cc1,7.607337951660156,7.4426469802856445,7.5249924659729
Oc1ccc2[nH]cc(CCCC3CCCN3)c2c1,7.682046890258789,7.623645305633545,7.652846097946167
Oc1[nH]cc2ccc(OCCCN3CCN(c4cccc5cccc(F)c45)CC3)c(Cl)c12,8.05458927154541,7.951212882995605,8.002901077270508
CCN(C)C1CCc2c(ccc(O)c2O)C1,8.720247268676758,9.38880443572998,9.05452585220337
Oc1cc2c(OCCN3CCC(Cc4cccc(-c5cccs5)c4)CC3)cccc2[nH]1,8.000255584716797,8.180118560791016,8.090187072753906
Clc1ccc(N2CCN(CCC3CCc4ccccc4O3)CC2)cc1Cl,7.09727668762207,7.398639678955078,7.247958183288574
Oc1[nH]cc2ccc(OCCCN3CCN(c4cccc5cccc(Cl)c45)CC3)cc12,8.160287857055664,7.99403190612793,8.077159881591797
Cc1cc2c(cc1N1CCN(CCCCc3ccc4c(c3)CNCC4)CC1)OCCCO2,7.487576961517334,6.896567344665527,7.192072153091431
O=C1N(CCN2CCC(Cc3ccc(F)cc3)CC2)CCN1c1cccc(I)c1,8.166788101196289,7.749121189117432,7.95795464515686
Oc1ccc2[nH]cc(C3=CCN(CCCCCCCCCN4CC=C(c5c[nH]c6ccc(Br)cc56)CC4)CC3)c2c1,8.137042999267578,8.395356178283691,8.266199588775635
CCCN(CCN1CCN(c2cccc(Br)c2)CC1)C1C2CCC(O)(CCF)CC2,,,
CN1CCN(C2Cc3ccccc3Sc3ccc(F)cc32)CC1,9.00782871246338,8.473590850830078,8.740709781646729
CN1CCCC1Cc1c[nH]c2ccc(CC3CN4CCc5c([nH]c6ccc(Cl)cc56)CC4C3)cc12,6.619070053100586,7.175534725189209,6.8973023891448975
CCc1cc(C(F)(F)F)ccc1N1CCN(Cc2ccc(F)cc2)CC1,6.545527458190918,6.203961849212647,6.374744653701782
N#Cc1ccc(CN2CCC(N3CCN(c4ccccc4)CC3)CC2)cc1NC(=O)c1ccccc1Cl,5.694291114807129,5.8290605545043945,5.761675834655762
CCCN1CCc2cccc3c2C1Cc1cccc(I)c1-3,7.481718063354492,7.802216529846191,7.641967296600342
Oc1cc2c(OCCNCCCc3ccccc3)ccc(Cl)c2[nH]1,8.73649787902832,7.726273536682129,8.231385707855225
CCN1CCN(C2Cn3cccc3Sc3ccc(F)cc32)CC1,8.352453231811523,7.737476825714111,8.044965028762817
O=S(=O)(NC1CCC(CCN2CCN(c3cccc(Cl)c3Cl)CC2)CC1)c1ccc2ccccc2c1,7.830300331115723,8.54770278930664,8.189001560211182
O=C1N(CCN2CCC(C(=O)c3ccccc3)CC2)CCN1c1ccccc1Cl,7.556477069854736,6.904720783233643,7.2305989265441895
Cc1c[nH]c2ccc(OCCCCN3CCN(c4cccc5cccc(F)c45)CC3)cc12,8.001495361328125,7.501128196716309,7.751311779022217
Oc1ccc2c(c1)OC(CNCCC1CCC(Oc3ccc(Cl)cc3Cl)CC1)CC2,8.610147476196289,8.613443374633789,8.611795425415039
O=C(NCCN1CCN(C2Cc3ccccc3CC2)CC1)c1ccc(I)cc1,6.599002838134766,6.354022979736328,6.476512908935547
CN1CCN(CCCN2c3ccccc3Sc3ccc(Cl)cc32)CC1,7.559834003448486,7.69283390045166,7.626333951950073
Cc1ccc2c(N3CCN(CCc4cccc5nc(S)[nH]c45)CC3)cccc2n1,8.36742877960205,6.941816329956055,7.654622554779053
CCCN(CCN1CCN(c2cccc3c2CCO3)C1=O)C1CCc2cccc(O)c2C1,7.218038558959961,8.04973030090332,7.633884429931641
CCCCN1CCN(c2cccc3cc(O)ccc23)CC1,8.260791778564453,8.563961029052734,8.412376403808594
CCN1CCN(c2cccc(C(=O)CF)c2C)CC1,7.348466396331787,6.953457832336426,7.1509621143341064
Oc1ccc2[nH]cc(CCCN3CCN(c4ccccc4Cl)CC3)c2c1,8.443102836608887,7.291446685791016,7.867274761199951
CCN1CCN(c2cccc(CCN3CCN(c4cccc(C(F)(F)F)c4Cl)CC3)c2)CC1,7.226861953735352,6.7825927734375,7.004727363586426
O=C(CCCN1CC=C2C(c3ccc(F)cc3)C(C1)c1cccc3c1N2C3,,,
CCCN(CCC1CCC(NC(=O)c2cnc3ccccc3c2)CC1)C1CCc2c(O)cccc2C1,7.5108819007873535,8.762633323669434,8.136757612228394
Oc1cc2c(OCCNCc3ccccc3)ccc(Cl)c2[nH]1,8.818074226379395,7.795685768127441,8.306879997253418
Fc1cccc(N2CCN(CCCCc3c[nH]c4ccc(F)cc34)CC2)c1,7.646969795227051,7.372910022735596,7.509939908981323
CN1CCCC1Cc1cncc(CCNCc2cccc(O)c2)c1,5.529631614685059,7.6006364822387695,6.565134048461914
CCCN(CCN1CCN(c2cccc3ccccc23)CC1)C1CCc2ccc(O)cc2C1,7.852016448974609,8.869171142578125,8.360593795776367
CN1CCN(C2Cc3ccccc3Sc3ccc(F)cc32)CC1,9.00782871246338,8.473590850830078,8.740709781646729
O=C(NCCCCCN1CCN(c2nsc3ccccc23)CC1)c1ccc(F)cc1,7.86366605758667,8.005615234375,7.934640645980835
CCN1CCN(c2ccc3[nH]cc(S(=O)(=O)c4ccccc4Cl)c3c2)CC1,6.161932468414307,5.726258277893066,5.9440953731536865
Cc1ccc2c(N3CCN(CCCc4cccc(C(F)(F)F)c4)CC3)ccc(F)c2n1,6.810174942016602,5.920116901397705,6.365145921707153
Fc1cccc(N2CCN(CCCC3CCCc4ccccc43)CC2)c1,7.199961185455322,7.380153179168701,7.290057182312012
CCN1CCN(C2CC(c3ccc(F)cc3)c3ccc(F)cc32)CC1(C)C,7.478856086730957,6.936429500579834,7.2076427936553955
COc1ccccc1N1CCN(CCCCN2CCC3CCC(CCCCCCCCCN3C=CC(=O)c4ccccc4N3C)CC2)CC1,,,
CCCN(CCN1CCN(c2cccc3ccccc23)CC1)C1CCc2nc(N)sc2C1,7.570409297943115,8.891853332519531,8.231131315231323
CCc1ccc2c(N3CCN(CCCc4cccc(N5CCNC5=O)c4)CC3)cccc2n1,7.53709602355957,7.43736982345581,7.48723292350769
Oc1[nH]cc2cc(F)c(OCCCCN3CCN(c4cccc5cccc(F)c45)CC3)cc12,8.246258735656738,7.938355445861816,8.092307090759277
O=C(Nc1ccc2c(CCN3CCN(c4ccccc4)CC3)noc2c1)c1cccs1,6.72566032409668,6.263770580291748,6.494715452194214
CCCN(CCN1CCN(c2cccc3ccoc23)CC1)C1CCc2ccc(O)cc2C1,8.003236770629883,8.87026596069336,8.436751365661621
Clc1ccc(N2CCN(CCCCNCCc3cccc4c3N3CCCCC3)CC2)cc1Cl,,,
CN1CCN(C2Cn3cccc3Sc3ccc(F)cc32)CC1,8.455343246459961,8.19658088684082,8.32596206665039
Cc1ccc2c(N3CCN(CCc4cccc(-c5ccccc5)c4)CC3)cccc2n1,7.434859752655029,7.006354808807373,7.220607280731201
Oc1ccc2c(CCCNCCCc3cccc4ccccc34)c[nH]c2c1,7.160375118255615,7.243927001953125,7.20215106010437
CCCN(CCN1CCN(c2ccccc2OC)CC1)C1CCc2ccc(O)cc2C1,7.815720081329346,8.517810821533203,8.166765451431274
O=C(CCCN1CCN(c2cccc3c2CCCC3)CC1)c1ccc(F)cc1,8.977391242980957,7.608412742614746,8.292901992797852
Oc1[nH]cc2ccc(OCCCN3CCN(c4cccc5c4CCO5)CC3)cc12,8.351737976074219,7.996137619018555,8.173937797546387
O=C(NCCCCN1CCN(c2cccc(Cl)c2Cl)CC1)c1cc2ccc(I)cc2[nH]1,7.167928695678711,9.288925170898438,8.228426933288574
CN1CCN(C2=Cc3ccccc3Cc3ccc(F)cc32)CC1,7.8052144050598145,7.420061111450195,7.612637758255005
CCCN(CCN1CN=C2Cc3ccc(O)cc3N2CC1)C1CCc2ccc(O)cc2C1,6.797183036804199,8.790478706359863,7.793830871582031
CN1C2CCC1CC(OC(=O)CCCCN1CCC(c3c[nH]c4ccc(OC(F)(F)F)cc34)CC1)C2,6.706997871398926,7.091839790344238,6.899418830871582
COc1ccccc1N1CCN(CCCCNC(=O)c2cccc3ccccc23)CC1,7.269603729248047,8.39780044555664,7.833702087402344
C=CCN1CCCC1CNC(=O)c1ccc(I)cc1,6.912891387939453,8.71429443359375,7.813592910766602
Oc1c2c(cc1O)CCCN1CCN(c3cccc4ccccc34)CC1,,,
Oc1[nH]cc2ccc(OCCCCN3CCN(c4cccc5cc(F)ccc45)CC3)cc12,8.483375549316406,8.340852737426758,8.412114143371582
CCN1CCN(c2ccc(OCCF)c3ccc(OC)cc23)CC1,6.930098533630371,6.166720867156982,6.548409700393677
CCN1CCN(c2cccc(C#CCCCN3CCN(c4cccc(Cl)c4Cl)CC3)c2)CC1,7.667121887207031,7.448148727416992,7.557635307312012
N#Cc1ccc(N2C3CCC2CC(NCCN4CCNC4=O)C3)(C2=O)c2c1,,,
CN1CCCCC1CN1C2CCC1c1ccc(O)cc12,5.273923873901367,7.921078681945801,6.597501277923584
CCCN(CCN1CCN(c2cccc3ccoc23)CC1)C1CCc2ccc(O)cc2C1,8.003236770629883,8.87026596069336,8.436751365661621
COc1ccccc1N1CCN(CCCCNC(=O)c2cc(-c3ccccc3)c[nH]2)CC1,7.562394618988037,8.968904495239258,8.265649557113647
CCN(CCCCCN1CCN(c2ccccc2OC)CC1)C1C(c2ccccc2)C2c3ccccc3CC12,7.052265167236328,7.020693778991699,7.036479473114014
CCCN(CCN1CCN(c2cccc3[nH]ccc23)CC1)C1CCc2ccc(O)cc2C1,7.947385787963867,8.743558883666992,8.34547233581543
Cc1ccc2c(N3CCN(CCc4cccc(NC(=O)CNC(=O)c5ccccn5)c4)CC3)cccc2n1,6.23502254486084,6.06174373626709,6.148383140563965
O=C(NC1CCc2cc(CCN3CCN(c4nsc5ccccc45)CC3)ccc21)C1CC1,7.219380378723144,6.914272308349609,7.066826343536377
O=C(NC1CCc2ccc(CCN3CCN(c4nsc5ccccc45)CC3)cc21)c1ccc(F)cc1,7.640168190002441,6.56119441986084,7.100681304931641
[O-]c1cc(N2CCN(C3CCC(c4ccc(F)cc4)CC3)CC2)nc2[nH]ncc12,6.179897785186768,6.704599380493164,6.442248582839966
Cc1ccc2c(N3CCN(CCc4cccc(N5CCN(C)CC5)c4)CC3)cc(C)nc2n1,6.8051605224609375,6.93190860748291,6.868534564971924
CN1CCc2cccc3c2C1Cc1cccc(O)c1-3,6.989553451538086,7.396730422973633,7.193141937255859
Clc1cc(NC2CCC(CCN3CCN(c4coc5ccccc45)CC3)CC2)cc(Cl)c1Cl,7.609341621398926,8.303082466125488,7.956212043762207
Oc1cc2c(cc1O)C1c3ccc(OCCN4CCN(c5cccc6ccccc56)CC4)cc3CCN1CC2,7.283328056335449,7.940787315368652,7.612057685852051
O=C(NCC=CCN1CCN(c2cccc(Cl)c2Cl)CC1)c1cccc2[nH]ccc12,7.747157573699951,8.755537986755371,8.251347780227661
N#Cc1ccc2[nH]c(O)c(CCCN3CCN(c4cccc(Cl)c4Cl)CC3)c2c1,7.928989410400391,7.570535182952881,7.749762296676636
CCN(CCCCCN1CCN(c2cccc(Cl)c2Cl)CC1)C1CCc2c(O)cccc2C1,8.285768508911133,8.525713920593262,8.405741214752197
COc1cccc(C(F)(F)F)c1NCCCN1CCN(c2ccccc2OC)CC1,7.570704460144043,6.837257385253906,7.203980922698975
O=C1N(CCN2CCC(Cc3ccccc3)CC2)CCN1c1cccc(Cl)c1,7.807153701782227,7.505068302154541,7.656111001968384
O=S(=O)(NC1CCC(CCN2CCC(c3ccccc3)CC2)CC1)c1cccs1,7.14818286895752,7.740216255187988,7.444199562072754
CN1CCN(C2=Nc3ccccc3Nc3cc(Cl)ccc32)CC1,6.374544143676758,7.2970685958862305,6.835806369781494
CCCN(CCN1CCN(c2ccccc2)CC1)C1CCc2cc(O)ccc2C1,6.935369491577148,8.328344345092773,7.631856918334961
CCN(CCCCC1CCC(NCCCc2c(C)cccc2C)CC1)CCc1ccc2ccccc2c1,6.5914506912231445,6.648477554321289,6.619964122772217
CCCN(CCN1CCN(c2cccc(Cl)c2Cl)CC1)C1CCc2ccc(O)cc2C1,7.754941463470459,8.884286880493164,8.319614171981812
Cc1cc2c(cc1Cl)CCN(CCCc1c[nH]c3ccccc13)C2,6.814707279205322,6.834505081176758,6.82460618019104
CN1CCCN(CCC=Cc2ccccc2Cc2ccc(F)cc2)CC1,5.34683895111084,5.7880449295043945,5.567441940307617
CCCN(CCN1CN=C(c2ccccc2)c2ccccc2)CC1)C1CCc2nc(N)sc2C1,,,
Oc1[nH]cc2ccc(OCCCN3CCN(c4cccc5cccc(F)c45)CC3)cc12,8.2858247756958,7.846155166625977,8.065989971160889
CCCN(CCN1CCN(c2nc3ccccc3c3ccccc23)CC1)C1CCc2c(O)cccc2C1,7.373234748840332,8.535032272338867,7.9541335105896
CN1CCN(C2Cc3ccccc3Sc3ccc(Cl)cc32)CC1,9.140546798706056,8.702611923217773,8.921579360961914
CCCN(CCN1CCN(c2ccccc2OC)CC1)C1CCc2c(O)cccc2C1,8.0911283493042,8.516032218933105,8.303580284118652
Oc1ccc2[nH]cc(CCCN3CCN(c4cccc5ccccc45)CC3)c2c1,8.515907287597656,7.425608158111572,7.970757722854614
O=C(NCCN1CCN(C2CCc3ccccc3C2)CC1)c1ccc(I)cc1,6.599002838134766,6.3540239334106445,6.476513385772705
Cc1cc2cc(Cl)c(O)cc2[nH]1,6.792047500610352,4.979364395141602,5.885705947875977
CCCN(CCN1CCN(c2cccc3c2OCCCO3)CC1)C1CCc2ccc(O)cc2C1,8.271718978881836,8.31121826171875,8.291468620300293
CCN(CCCN1CCN(c2cccc3ccccc23)CC1)c1ccc(F)cc1,6.958727836608887,6.425962448120117,6.692345142364502
Oc1[nH]cc2ccc(OCCCCN3CCN(c4cccc5cccc(F)c45)CC3)cc12,8.384242057800293,8.055950164794922,8.220096111297607
Fc1ccc(N2CCN(CCCCCNc3cccc(Cl)n3)CC2)cc1,7.72003173828125,6.245372295379639,6.982702016830444
N#CNC(=NCCCN1CCN(c2cccc(Cl)c2Cl)CC1)c1ccc2c(c1)-c1ccccc1CO2,6.278011322021484,7.041191101074219,6.659601211547852
Fc1cccc(N2CCN(CCCCCCCC3CCCc4ccccc4O3)CC2)c1,7.647570610046387,7.426777362823486,7.5371739864349365
CCCN(CCN1CCN(c2ccc(-c3ccccc3OC)cc2)CC1)C1CCc2ccc(O)cc2C1,7.21689510345459,8.244180679321289,7.7305378913879395
Oc1[nH]cc2ccc(OCCCCN3CCN(c4cccc5cccc(Cl)c45)CC3)cc12,8.276416778564453,8.217445373535156,8.246931076049805
O=C1Cc2ccc(OCCCCN3CCN(c4cccc5nonc45)CC3)nc2N1,8.424198150634766,6.256898403167725,7.340548276901245
c1cc(N2CCN(CC=Cc3ccccc3)CC2)ccc1SCCN1CCC(c2n[nH]c3ccc(C#N)cc23)CC1,6.773217678070068,6.76851749420166,6.770867586135864
Oc1[nH]cc2cc(F)c(OCCCN3CCN(c4cccc5cccc(F)c45)CC3)cc12,8.04649829864502,7.654065132141113,7.850281715393066
CCCN(CCN1CCN2Cc3ccccc3CC2C1)C1CCc2ccc(O)cc2C1,6.955760955810547,8.61793327331543,7.786847114562988
CCCN(CCN1CCN(c2cccc(Cl)c2)CC1)C1CCc2ccc(O)cc2C1,7.14030122756958,8.691252708435059,7.915776968002319
CCCN(CCN1CCN(c2cccc3ccccc23)CC1)C1CCc2ccc(O)cc2C1,7.852016448974609,8.869157791137695,8.360587120056152
NCCc1cn(CCCCN2CCN(c3cccc(Cl)c3Cl)CC2)c2ccccc12,6.863440036773682,7.27946662902832,7.071453332901001
NCCCc1c[nH]c2ccccc12,5.690358638763428,6.831564426422119,6.260961532592773
CCCN(CCN1C2CCC1c1ccc(OC)cc1-2)C1CCc2ccc(O)cc2C1,6.148947715759277,8.386518478393555,7.267733097076416
CCN1CCN(CCCN2c3ccccc3Sc3ccc(C(F)(F)F)cc32)CC1,6.683116912841797,6.409111022949219,6.546113967895508
Oc1ccc2c(OCCCCNCC3CCc4cccc(Cl)c4O3)ccc(F)c2[nH]1,,,
Fc1cccc(N2CCN(CCCCCNC(=CCc3ccccc3)CC2)n2ccccc23)c1,,,
CCCN1CCCC2Cc3nc(N)ncc3CC21,6.650206089019775,7.483463287353516,7.0668346881866455
Oc1ccc2[nH]cc(CCCCN3CC=C(c4ccccc4)CC3)c2c1,8.44819450378418,8.916884422302246,8.682539463043213
O=C(NCCCCN1CCN(c2cccc(Cl)c2Cl)CC1)c1cc2ccc1OCCCF,,,
COc1ccccc1N1CCN(CCCCc2ccc3[nH]c(S)nc3c2)CC1,9.121228218078612,8.040483474731445,8.58085584640503
COc1ccccc1N1CCN(CCCCCNC(=O)c2cc3ccccc3n2CCI)CC1,6.925773620605469,7.711377143859863,7.318575382232666
Oc1[nH]cc2ccc(OCCCN3CCN(c4cccc5cccc(F)c45)CC3)cc12,8.2858247756958,7.846155166625977,8.065989971160889
COc1ccccc1N1CCN(CCCCN2CCCc3ccccc3CC2=O)CC1,7.272862911224365,7.537827491760254,7.40534520149231
COc1ccccc1N1CCN(CCCCNC(=O)c2ccc(I)cc2)CC1,7.739108562469482,8.816131591796875,8.277620077133179
Oc1ccc2[nH]cc(CCCN3CCN(c4ccccc4)CC3)c2c1,7.856227397918701,6.882217884063721,7.369222640991211
CN1CCN(C2=Cc3ccccc3Cc3[nH]c(C#N)cc32)CC1,6.451446056365967,6.75579309463501,6.603619575500488
N#Cc1cccc(NC2CCC(NCCCN3CCN(c4ccccc4OC(CF)CF)CC3)C2)c1,7.67121696472168,7.620232105255127,7.645724534988403
CN1CCc2ccc(O)cc2Cc2ccccc2CC1,7.661470413208008,7.070633888244629,7.366052150726318
CCCN(CCN1CCN(c2ccnc3ccccc23)CC1)C1CCc2ccc(O)cc2C1,7.621154308319092,8.850150108337402,8.235652208328247
Oc1c2ccc(Cl)cc2c(CCCCN2CCN(c3cccc4ccccc34)CC2)c1,,,
CN1CCN(CCCN2c3ccccc3Sc3ccc(Cl)cc32)CC1,7.5598344802856445,7.69283390045166,7.626334190368652
CC1Nc2cc3c(cc2C1)CCN(CCCCSc1nnc(-c2ocnc2C)n1C)CC3,6.259865760803223,7.654208183288574,6.957036972045898
CN1CCN(CCCN2c3ccccc3Sc3ccc(Cl)cc32)CC1,7.559834003448486,7.69283390045166,7.626333951950073
CCCN1CCCC(c2cccc(O)c2)CC1,6.277295112609863,6.741525650024414,6.509410381317139
NCC1CCc2ccccc2C(CCN2CCN(c3cccc(C(F)(F)F)c3Cl)CC2)C1,7.1069746017456055,6.522038459777832,6.814506530761719
Oc1ccc2c(c1)CCN(CCCCN1CCN(c3cccc(Cl)c3Cl)CC1)CC2,7.755438804626465,8.977935791015625,8.366687297821045
CN(CCOc1cccc2ccccc12)Cc1cccc2c1CCN(CCCCOc1cccc3c1CCC3)C2,6.900681018829346,7.750064373016357,7.325372695922852
N#Cc1ccc2[nH]cc(CCCCN3CCN(c4cccc5nc(C#N)ccc45)CC3)c2c1,7.971158981323242,7.783306121826172,7.877232551574707
CCN(CC)CC1Cc2ccc(Cl)cc2C1,5.189276695251465,5.229101657867432,5.209189176559448
COc1ccccc1N1CCN(CCCCCCNCC(=O)c2ccc(O)c3ccccc23)CC1,7.543712615966797,7.595335960388184,7.56952428817749
Oc1[nH]cc2cc(Cl)c(OCCCN3CCN(c4cccc5cccc(F)c45)CC3)cc12,7.86603307723999,7.838649749755859,7.852341413497925
N#Cc1ccc2[nH]cc(CCCCN3CCN(c4ccc5[nH]ccc5c4)CC3)c2c1,7.777983665466309,7.459677696228027,7.618830680847168
Oc1[nH]cc2cc(F)c(OCCCCN3CCN(c4cccc5c(F)cccc45)CC3)cc12,8.263278007507324,8.001272201538086,8.132275104522705
O=C1N(CCN2CCC3(CC2)CN(c2ccc(F)cc2)CCN3)CCN1c1ccccc1,6.178633689880371,6.127570629119873,6.153102159500122
CN1CCN(CCCN2c3ccccc3Sc3ccc(Cl)cc32)CC1,7.559834003448486,7.69283390045166,7.626333951950073
Oc1[nH]cc2cc(F)c(OCCCCN3CCN(c4cccc5cccc(F)c45)CC3)cc12,8.246258735656738,7.938355445861816,8.092307090759277
N#CC(N1CCN(Cc2cccc(CN3CCCCC3)c2)CC1)c1cccc2ccccc12,5.409202098846436,5.429191589355469,5.419196844100952
O=C(CCCN1CCN(c2cccc(Cl)c2Cl)CC1)c1ccc2cc3n(c2c1)CCC(CO)=CCC3,7.360422134399414,8.15096378326416,7.755692958831787
CCCN(C2CCC(CCN3CCN(c4cccc(Cl)c4Cl)CC3)C2)C1=O,,,
N#Cc1cc(CN2CCC(CCCN3CCN(c4cccc(Cl)c4Cl)CC3)CC2)ccc1F,6.838521480560303,7.075535774230957,6.95702862739563
C=CCN1CCN(C2CCCc3ccc(OCCCCN4CCN(c5ccccc5OC)CC4)cc32)CC1,6.790865898132324,7.589662551879883,7.1902642250061035
CCCN(CCN1CCN(c2cccc3ncccc23)CC1)C1CCc2ccc(O)cc2C1,7.628834247589111,8.938796997070312,8.283815622329712
CCCN1CCC2Cc3ccccc3CCC2C1,6.198359966278076,6.991412162780762,6.594886064529419
CN1CCN(c2cccc3[nH]c(-c4n[nH]c5ccccc45)nc23)CC1,6.737769603729248,6.178977012634277,6.458373308181763
CCCN(CCN1CCN(c2cccc(Cl)c2Cl)C1=O)C1CCc2ccc(O)cc2C1,7.456831932067871,8.60012435913086,8.028478145599365
CN1CC2CCC1CN2c1ccc(F)c2ccccc1,,,
CCCN(CCN1CCN(c2cccc(Cl)c2Cl)CC1)C1CCc2c(O)cccc2C1,7.985079765319824,8.79438304901123,8.389731407165527
CN(CCCN1CCN(c2cccc(-c3ccccc3)c2)CC1)CCc1c[nH]c2ccccc12,7.324639797210693,6.88823127746582,7.106435537338257
O=C1CCc2ccc(OCCCCN3CCN(c4cccc(Cl)c4Cl)CC3)nc2N1,8.820858001708984,7.946710586547852,8.383784294128418
COc1cccc(C(=O)NCCCCN2CCN(c3cccc(Cl)c3Cl)CC2)c1,7.145946502685547,9.06395435333252,8.104950428009033
COC(=O)C1C2CCC(CC1c1ccc(F)cc1)N2,6.513347148895264,6.0695905685424805,6.291468858718872
CN1CCN(C2Cn3cccc3Sc3ccc(F)cc32)CC1,8.455343246459961,8.19658088684082,8.32596206665039
CN1CCc2cc(Br)cc(O)c2CC1,7.581435680389404,8.45081901550293,8.016127347946167
CN1CCN(C2Cn3cccc3Sc3ccc(Cl)cc32)CC1,8.645715713500977,8.372458457946777,8.509087085723877
Oc1ccc2c(CCNCCN3CCN(c4cccc(Cl)c4Cl)CC3)c[nH]c2c1,7.6666741371154785,7.462048530578613,7.564361333847046
COc1ccccc1N1CCN(CCCCCN2CCc3ccccc3CC2)CC1,7.16301155090332,7.047184944152832,7.105098247528076
CCCN(CCN1CCN(c2cccc(Cl)c2Cl)CC1)C1CCc2c(O)cccc2C1,7.985079765319824,8.79438304901123,8.389731407165527
CN1CCN(C2Cc3ccccc3Sc3ccc(Cl)cc32)CC1,9.140546798706056,8.702610969543457,8.921578884124756
O=C(NCC=CCN1CCN(c2cccc(Cl)c2Cl)CC1)c1ccccc1Cl,7.75363826751709,8.59773063659668,8.175684452056885
O=C(NCCCCN1CCN(c2cccc(Cl)c2Cl)CC1)c1ccc2cn[nH]c2c1,7.425629138946533,9.252967834472656,8.339298486709595
Cc1cc2c(C(F)(F)F)ncc(OCCCN3CCN(c4cccc5nonc45)CC3)n2n1,6.8909912109375,7.32252311706543,7.106757164001465
CCCN(CCN1CCN(c2ccccc2OC)CC1)C1CCc2ccc(O)cc2C1,7.815720081329346,8.517810821533203,8.166765451431274
CCCN(CCN1CCN(c2cccc(Cl)c2)CC1)C1CCc2ccc(O)cc2C1,7.14030122756958,8.691252708435059,7.915776968002319
CCCN(CCc1ccccc1)C1CCc2cc(O)ccc2C1,7.636789798736572,8.162309646606445,7.899549722671509
N#Cc1ccc2[nH]c(OCCCCN3CCN(c4cccc(C(F)(F)F)c4Cl)CC3)cc2c1,8.435192108154297,7.970061302185059,8.202626705169678
CCCN(CCC)C1CCc2c(ccc(O)c2C)C1,7.562500953674316,8.087372779846191,7.824936866760254
COc1ccccc1N1CCN(CCCCc2cc(-c3ccccc3OC)no2)CC1,6.556867599487305,7.837456703186035,7.19716215133667
Oc1[nH]cc2cc(F)c(OCCCCN3CCN(c4cccc5ccccc45)CC3)cc12,8.182527542114258,8.29554557800293,8.239036560058594
CCNC1Cc2ccccc2Cc2cccc(CC)c21,5.961467742919922,6.251951217651367,6.1067094802856445
N#Cc1cccc(N2CCN(CCCCNC(=O)c3c[nH]c4ccccc34)CC2)c1,7.1602463722229,8.36160945892334,7.76092791557312
COc1cccc(CCCNCCOc2cccc3c2OCCC3)c1,6.97041130065918,6.954387664794922,6.962399482727051
COc1cccc(C(C)NCCN2CCN(c3cccc(Cl)c3Cl)CC2)c1,6.776028156280518,6.773549556732178,6.774788856506348
O=C(NC1CCc2cc(CCN3CCN(c4nsc5ccccc45)CC3)ccc21)c1ccncc1,6.778896331787109,6.1562581062316895,6.467577219009399
N#Cc1ccc2c(N3CCN(CCCCSc4ncc(CC#N)n4CC3)cccc2c1,,,
O=C1NCN(c2ccccc2)C12CCN(CC1COc3ccccc3O1)CC2,8.534329414367676,7.216901779174805,7.87561559677124
NCCCN1CCCc2ccc(OCCCCN3CCN(c4cccc(Cl)c4Cl)CC3)cc2CCC1,7.300994873046875,7.406846523284912,7.3539206981658936
O=C(NCCN1CCN(c2cccc(Cl)c2Cl)CC1)c1ccc(-c2ccccn2)cc1,6.567883968353272,7.614011764526367,7.090947866439819
CN(CCN1CCN(c2cccc3[nH]ccc23)CC1)C1CCc2ccc(O)cc2C1,8.01702880859375,8.291279792785645,8.154154300689697
NC(=NCCCCNCCN1C2CCC1CC(NC(=O)C1(c3ccccc3)CCC1)C2,,,
CCN1C(C)C=C2(C(=O)N3CCN(CCCCCCCCN4CCN(c5cccc6ccccc56)CC4)CC3)c3cccc(Cl)c3CCC2C1,,,
O=C1CCc2ccc(OCCCCN3CCN(c4cccc(Cl)c4Cl)CC3)cc2N1,8.753911018371582,8.536991119384766,8.645451068878174
N#Cc1ccc(CN2CCC(N3CCN(c4cccc(Cl)c4Cl)CC3)CC2)cc1,6.064761161804199,6.19521951675415,6.129990339279175
Oc1cc2c(OCCNCc3ccccc3)ccc(F)c2[nH]1,8.782026290893555,7.85374641418457,8.317886352539062
CCCN(CCN1CCN(c2cccc3[nH]ccc23)CC1)C1CCc2ccc(O)cc2C1,7.947385787963867,8.743558883666992,8.34547233581543
CC1=C(c2ccc(NC(=O)c3cccc([N+](=O)[O-])c3)cc2)CCCN1,6.893875598907471,5.7675862312316895,6.33073091506958
CCN1CCCCCC1Cc1c[nH]cn1,6.01431941986084,6.316896915435791,6.165608167648315
Oc1ccc(CCCCNCCOc2cccc3[nH]ccc23)cc1,8.962308883666992,8.009171485900879,8.485740184783936
CCCN(CCN1CCN(c2cccc3sccc23)CC1)C1CCc2ccc(O)cc2C1,8.112786293029785,9.294636726379396,8.70371150970459
N#Cc1ccc(N2CCN(CCCCCN3CCN(c4ccccc4OCCF)CC3)CC2)cc1,7.555967330932617,7.448585987091064,7.502276659011841
Cc1ccc(C2=CCC(CN3CCN(c4cccc(C(F)(F)F)c4)CC3)CC2)cc1,6.571671485900879,6.811483383178711,6.691577434539795
N#Cc1ccc2[nH]cc(CCCCN3CCN(c4ccc(C#N)cc4)CC3)c2c1,7.104435920715332,7.451657772064209,7.2780468463897705
COc1ccccc1N1CCN(Cc2cn(-c3cccc(C)c3)c3cccc(OCCN4CCN(c5ccccc5OC)CC4)c23)CC1,7.850074768066406,7.183444023132324,7.516759395599365
Oc1c2c(CCNCCCCc3ccccc3)c[nH]c2[nH]1,,,
CN1CCN(c2cccc(Nc3ccc4[nH]ccc4c3)c2)CC1,6.914436340332031,6.5087738037109375,6.711605072021484
OC(CCCCN1CCN(c2nsc3ccccc23)CC1)c1c[nH]c2ccccc12,7.510709285736084,7.623486995697021,7.567098140716553
Oc1ccc2ccc(OCCCCN3CCN(c4cccc(Cl)c4Cl)CC3)nc2n1,8.632850646972656,8.604644775390625,8.61874771118164
Oc1[nH]cc2c(OCCCCN3CCN(c4cccc5cccc(F)c45)CC3)cccc12,8.28132438659668,8.1029052734375,8.19211483001709
COc1ccccc1N1CCN(CCCCOc2ccc3[nH]c(C(=O)CCN4CCN(c5ccccc5OC)CC4)cc3c2)CC1,8.25721263885498,8.180502891540527,8.218857765197754
COc1ccccc1N1CCN(CCCNc2ccccc2C(=O)NCCCCCCN2CCC(c3cccc(OC)c3)CC2)CC1,7.089535236358643,6.778823852539063,6.9341795444488525
CN1CCc2ccccc2Cc2ccc(N)c(Cl)c2CC1,7.377389430999756,7.199784755706787,7.2885870933532715
CCN(CCCN1CCN(c2cccc(Cl)c2Cl)CC1)C1CCc2ccc(O)cc2C1,7.544024467468262,8.040306091308594,7.792165279388428
CN1CCN(C2Cc3ccccc3Sc3ccc(Cl)cc32)CC1,9.140546798706056,8.702610969543457,8.921578884124756
COc1ccc(CN2C3C4CCC5CC(O)(C(O)C=O)CCC5(C)C4CCC3(O)C2)cc1OC,5.483986854553223,4.870390892028809,5.177188873291016
O=C(NC1CC2CCC(C1)N2CCCCc1ccc(Cl)cc1)c1ccc(I)cc1,7.320511817932129,8.317632675170898,7.819072246551514
O=C(N1CCN(c2ccccc2)CC1)C12C3CCC(O3)C1CCC(N3CCN(c4c(F)cccc4F)CC3)CC2,6.470211029052734,6.249425411224365,6.35981822013855
CCCN(CC1CCC(NC(=O)c2cccs2)CC1)C1CCc2c(O)cccc2C1,7.872926235198975,8.906033515930176,8.389479875564575
Oc1[nH]c(C2CC2)c2c1CCCN2CCCc1ccccc1,7.756671905517578,7.027790069580078,7.392230987548828
O=C2c3ccccc3N(CCCCN3CCN(c4ccccc4F)CC3)CCCN2CC1CCCN1CCCCCCC1,,,
CCCN1CCCCCC1Cc1ccc(O)c(C(=O)CCCCCCN2CCN(c3cccc(Cl)c3Cl)CC2)c1,7.603288173675537,8.111957550048828,7.857622861862183
N#Cc1ccc(OCCCN2CCN(c3cccc4nc(C(F)(F)F)[nH]c34)CC2)cc1,8.53057861328125,7.938600540161133,8.234589576721191
CCCN(CCN1CCN(c2cccc3c(O)cccc23)CC1)C1CCc2ccc(O)cc2C1,7.937307357788086,9.222009658813477,8.579658508300781
Fc1cccc2[nH]c(CCNCCOc3cccc4[nH]ccc34)cc12,7.853308200836182,7.467162609100342,7.660235404968262
CCCN(CCC)C1CCc2cc(F)ccc2C1,7.049229621887207,7.305008411407471,7.177119016647339
NCCCN1c2ccccc2CCc2ccccc21,5.733658790588379,6.47965669631958,6.1066577434539795
Cc1ccc2c(CCNCC3C4CC5C6C4CC3C6C51)OCCO2,,,
CC1CN(C2CC(c3ccc(F)cc3)c3ccc(C#N)cc32)CC(C)N1,6.909635066986084,5.731371879577637,6.32050347328186
Oc1[nH]cc2ccc(OCCCCN3CCN(c4cccc5cccc(F)c45)CC3)cc12,8.384243965148926,8.055950164794922,8.220097064971924
Oc1ccc2c(CCCCN3CCN(c4ccccc4)CC3)nccc2[nH]1,,,
CCCN(CCN1CCN(c2ccnc3cc(OC)c(O)cc23)CC1)C1CCc2ccc(O)cc2C1,7.717117309570312,8.444162368774414,8.080639839172363
O=C1c2c(O)ccc(OCCCN3CCN(c4cccc5cccc(F)c45)CC3)c2NCCN1,8.120599746704102,8.138599395751953,8.129599571228027
O=C1N(CCF)CN(c2cnc(Cl)c(Cl)c2)C12CCN(Cc1ccccc1)CC2,8.10372257232666,7.979705810546875,8.041714191436768
COc1ccccc1N1CCN(CCCCNC(=O)c2ccc(Cc3ccccc3)cc2)CC1,7.263111114501953,8.238216400146484,7.750663757324219
Fc1ccc(N2CCN(CCCCNCC3CCCc4ccc(OCc5ccccc5)nc4O3)CC2)cc1,6.800831317901611,6.888998031616211,6.844914674758911
N#Cc1cnc2cc(OCCCCN3CCN(c4ccccc4)CC3)ccc2c1CC1CCN(CCCC(=O)OCCN2CCN(c3ccccc3OCCCN3CCN(c4ccccc4OCCCC3),,,
CCN(CCCCCN1CCN(c2cccc(Cl)c2Cl)CC1)C1CCc2c(O)cccc2C1,8.285768508911133,8.525713920593262,8.405741214752197
Cc1c(Cl)ccc(OC2CCN(CC3CC3)C2)n1C,,,
O=C1N(CCN2CCN(c3cccc(Cl)c3Cl)CC2)CCN1c1cccc(F)c1,7.5453715324401855,7.82234525680542,7.683858394622803
Oc1ccc2[nH]cc(CCCCN3CCN(c4cccc(Cl)c4Cl)CC3)c2c1,8.743884086608887,8.450736045837402,8.597310066223145
Oc1ccc2c(c1)OC(CNCCCCN1CC=C(c3cc(F)ccc3Cl)CC1)CC2,9.025323867797852,9.08077907562256,9.053051471710205
Oc1[nH]cc2ccc(OCCCN3CCN(c4cccc5cccc(F)c45)CC3)c(F)c12,8.132925987243652,7.728168487548828,7.93054723739624
CN1C2CCC1CC(OC(c1ccccc1)c1ccccc1)C2,5.953384399414063,6.2938666343688965,6.1236255168914795
CN1CCc2cc(Cl)cc3c2C1Cc1ccc(O)c(O)c1-3,8.011479377746582,8.076029777526855,8.043754577636719
CCN1CCN(C2Cn3cccc3Sc3ccc(Cl)cc32)CC1,8.499506950378418,7.993031978607178,8.246269464492798
C1CC(c2c[nH]c3ccc(C=CCN4CCCC4)cc23)C1,5.898403167724609,6.508057117462158,6.203230142593384
CN1CCN(C2CCC(CNC(=O)c3cccc(I)c3)CC2)C1,5.026334762573242,7.468392848968506,6.247363805770874
CCCN(CCN1CCN(c2cccc3ccccc23)CC1)C1CCc2ccc(O)cc2C1,7.852016448974609,8.869157791137695,8.360587120056152
Oc1[nH]cc2cc(F)c(OCCCN3CCN(c4cccc5ccccc45)CC3)cc12,8.03945541381836,8.071406364440918,8.055430889129639
Fc1ccc(N2CCN(CCCCc3nc4ccccc4[nH]3)CC2)cc1,6.966454029083252,7.077576637268066,7.022015333175659
CN1CCN(c2cccc3c2CCc2ccc(Cl)cc2C3)CC1,7.8763837814331055,7.354881286621094,7.6156325340271
CCCN(CCN1CCN(c2cccc3ccoc23)CC1)C1CCc2c(O)cccc2C1,8.249430656433105,8.883919715881348,8.566675186157227
O=C1N(CCN2CCC3c4ccccc4CCC3C2)CCN1c1cccc(Cl)c1,7.220231533050537,7.0364089012146,7.128320217132568
CCCN(CCN1CCN(c2ccccc2)CC1)C1CCc2ccc(O)cc2C1,7.061977386474609,8.358572006225586,7.710274696350098
O=C(NCCCCN1CCN(c2cccc(Cl)c2Cl)CC1)c1ccc2c(c1)-c1ccccc1N2,7.536615371704102,8.88932991027832,8.212972640991211
O=C(NCCCCN1CCN(c2cccc(Cl)c2Cl)CC1)c1cc2ccccc2[nH]1,7.3425798416137695,9.33303451538086,8.337807178497314
Oc1[nH]cc2ccc(OCCCCN3CCN(c4cccc5cccc(F)c45)CC3)cc12,8.384243965148926,8.055950164794922,8.220097064971924
CCCN(CCN1CCN2C(=O)C3Cc4c(OC)cc(OC)cc4C2C3)CC1)C1CCc2c(F)cccc2C1,,,
O=C1N(CCCN2CCC3c4ccccc4CCC3C2)CCN1c1cccc(Cl)c1,7.016037464141846,6.750467300415039,6.883252382278442
CCCN(CCN1CCN(c2cccc3cc(O)sc23)CC1)C1CCc2ccc(O)cc2C1,8.348466873168945,9.33257007598877,8.840518474578857
CN1CCc2cccc3c2Cc2cccc(c2)CC3C(CN2CCC3(CCc3cc(F)ccc3F)C2)C1,,,
NCCc1c[nH]c2ccc(OCCCCN3CCN(c4cccc5cccc(C(F)(F)F)c45)CC3)cc12,7.704981803894043,7.0797319412231445,7.392356872558594
Oc1[nH]c2ccccc2c1CCCCN1CCN(c2cccc3ccccc23)CC1,7.698060035705566,7.971529006958008,7.834794521331787
NC(=O)c1ccc2c(NCCCN3CCN(c4cccc(Cl)c4Cl)CC3)cncc2c1,7.203985691070557,7.656650543212891,7.430318117141724
COc1cccc(C(=O)Nc2[nH]cc3ccc(F)cc23)c1,6.928684234619141,5.290289878845215,6.109487056732178
COc1ccccc1N1CCN(CCCCNC(=O)c2coc3ccccc3c2=O)CC1,7.251553058624268,8.442502975463867,7.847028017044067
CCCCN1CCCC1CNC(=O)c1ccc2n[nH]c(C)c2c1,6.020336151123047,8.021655082702637,7.020995616912842
CCN1CCN(c2cccc(C#N)c2)CC1,6.845898151397705,6.794900417327881,6.820399284362793
Oc1[nH]c2cc(F)c(OCCCN3CCN(c4cccc5cncc(F)c45)CC3)cc2c1,7.663575172424316,7.912668228149414,7.788121700286865
CCN(CCC#N)CC1Cc2cc(O)ccc2O1,8.533512115478516,6.951650142669678,7.742581129074097
CCCN(CCN1CCN(c2cccc3ccccc23)CC1)C1CCc2c(O)cccc2C1,8.05475902557373,8.830840110778809,8.44279956817627
Oc1ccc2c(N3CCN(CCCCc4ccccc4)CC3)ccc(F)c2[nH]1,,,
CN1CCN(C2Cn3cccc3Sc3ccc(Cl)cc32)CC1,8.645715713500977,8.372458457946777,8.509087085723877
CCCN(CCN1CCN(c2ccccc2OC)CC1)C1CCc2ccc(O)cc2C1,7.815720081329346,8.517810821533203,8.166765451431274
Clc1ccccc1N1CCN(CCCCOc2ccc3[nH]c(-c4cccc(F)c4)nc3c2)CC1,7.847284317016602,7.9662933349609375,7.9067888259887695
Oc1ccc2[nH]cc(CCCN3CC=C(c4ccccc4)CC3)c2c1,8.563095092773438,8.061660766601562,8.3123779296875
CCCN(CCN1CCN(c2ccccc2OCCF)C1=O)C1CCc2c(O)cccc2C1,8.076943397521973,7.7281904220581055,7.902566909790039
N1CCN(c2cccc3c2CCNCC3)CC1,5.568186283111572,4.875927448272705,5.222056865692139
CCN(CCN1CCN(c2cccc3ccccc23)CC1)CC12CCC(N1CCN(c3ccccc3OC)CC1)C2,,,
COc1ccc2c(c1)CCN2CCCCN1CCN(c2cccc3ccccc23)CC1,7.359934329986572,8.14610481262207,7.753019571304321
NC(=O)c1ccc2[nH]c(OCCCN3CC4CCC3(CCc3ccc(F)cc3)C4)nc2c1,7.741626262664795,8.087333679199219,7.914479970932007
c1cc(-c2ccc3c(c2)CCCN3CCCN2CCCNC2=O)ccn1,6.186541557312012,5.080635070800781,5.6335883140563965
CN1CCN(C2Cn3cccc3Sc3ccc(Br)cc32)CC1,8.921730041503906,8.506511688232422,8.714120864868164
COc1ccccc1N1CCN(CCCCc2cccc(C(=O)N=CC3NCCc4c(ccc(C(C)(C)C)n4)N=C3CCCN3)c2)CC1,,,
CN1CCN(C2Cn3cccc3Sc3ccc(Cl)cc32)CC1,8.645715713500977,8.372458457946777,8.509087085723877
CCN1CCc2cccc3c2C1Cc1cccc(O)c1-3,7.641109943389893,7.401450157165527,7.52128005027771
CN(CCN1CCN(c2cccc3c2OCCC3)CC1)C1CCc2ccc(O)cc2CC1,8.020158767700195,7.9561872482299805,7.988173007965088
O=C(NCCCCN1CCN(c2cccc(Cl)c2Cl)CC1)c1cccc2c1OCO2,7.509413242340088,9.038195610046388,8.273804426193237
Oc1[nH]c2ccc(OCCCN3CCN(c4cccc5c4OCCO5)CC3)c(F)c2[nH]1,,,
CCN1CCCC1CNC(=O)c1c(F)cccc1-c1ccc(OCCF)cc1,6.23240327835083,7.170219421386719,6.701311349868774
Oc1c(F)cc2c(c1F)CCN(CCC13CCCCC1CCC(C=Cc1cccc3ccccc13)CC2,,,
COc1ccccc1N1CCN(CCCCCNC(=O)c2cc3cccc(OCCCN4CCN(c5ccccc5OCCCN(C)C)CC4)c3o2)CC1,7.348275184631348,8.178444862365723,7.763360023498535
CCCN(CCN1CCN(c2cccc3c2CCCC3)CC1)C1CCc2ccc(O)cc2C1,7.91685152053833,8.61966323852539,8.26825737953186
CC(C)N1CCC(CN2CCC3(CCc4ccc(-c5cccc(C(N)=O)c5)cc4CCN3)CC2)CC1,5.339474678039551,6.825379371643066,6.082427024841309
Oc1[nH]c2ccc(OCCCN3CCN(c4cccc5ccc(F)cc45)CC3)cc2c1CC1CC1,7.61887264251709,8.03317642211914,7.826024532318115
Oc1[nH]cc2cc(F)c(OCCCCN3CCN(c4cccc5cccc(F)c45)CC3)cc12,8.246258735656738,7.938355445861816,8.092307090759277
Oc1[nH]cc2cc(F)c(OCCCN3CCN(c4cccc(Cl)c4Cl)CC3)cc12,7.797100067138672,8.248220443725586,8.022660255432129
CCCN(CCN1CCN(c2cccc3ccccc23)CC1)C1CCc2ccc(O)cc2C1,7.852016448974609,8.869157791137695,8.360587120056152
Oc1cc2c(OCCNCc3ccccc3)ccc(F)c2[nH]1,8.782026290893555,7.853747367858887,8.31788682937622
O=C(NCCCCN1CCN(c2cccc(Cl)c2Cl)CC1)c1cc2ccccc2cn1,6.880761623382568,9.034953117370604,7.957857370376586
CCCN(CCC1CCC(NC(=O)c2ccc3[nH]ccc3c2)CC1)C1CCc2ccc(O)cc2C1,7.461921691894531,8.542981147766113,8.002451419830322
COc1c(NCCN2CCN(c3cccc(Cl)c3Cl)CC2)cc(C(=O)Nc2ccc(F)cc2)c1OC,,,
CN(C)CCc1c[nH]c2ccc(OCCCCCN3CCN(c4ccccc4OCCF)CC3)cc12,7.706144332885742,7.4617390632629395,7.583941698074341
CN1CCN(C2Cc3ccccc3Sc3ccc(C#N)cc32)CC1,8.252769470214844,7.826700687408447,8.039735078811646
CCCN(C)C(=O)NC1CCC2CCC(C1)N2Cc1cncc(C)c1,7.669278144836426,8.684823036193848,8.177050590515137
CCCN1CCCCC2Cc3ccccc3CCC21,6.408664226531982,6.567037105560303,6.487850666046143
COc1cccc(C#CCN2CCN(c3cccc(Cl)c3Cl)CC2)c1,6.1479105949401855,6.337701320648193,6.2428059577941895
Oc1ccc(I)cc1OCCCCNCC1C2CCC(C2)C1,7.52146577835083,8.46825122833252,7.994858503341675
Fc1ccc(-c2ccc3nc(C4CCN(CCCc5cccc(F)c5)CC4)cn3c2)cc1,7.122514247894287,6.569129943847656,6.845822095870972
O=C(N1CCN(CCCN2c3ccccc3Sc3ccc(Cl)cc32)CC1)C1CC1,6.378701686859131,7.607518196105957,6.993109941482544
O=C(NCCCCN1CCN(c2cccc(Cl)c2Cl)CC1)C1CCC1,7.787417888641357,9.082064628601074,8.434741258621216
CCCN(CCN1CCN(c2ccccc2Cl)CC1)C1CCc2ccc(O)cc2C1,7.593542575836182,8.679712295532227,8.136627435684204
CCCN(CCN1CCN(c2c(Cl)cccc2Cl)CC1)C1CCc2n[nH]c(-c3cccc(Cl)c3)c2C1,7.603290557861328,7.988903045654297,7.7960968017578125
CN1CCN(c2cccc3cccc(OCCCNCC(=O)N=CC45CC6CC(CC(C6)C4)C5)c23)CC1,6.017146587371826,6.598034858703613,6.30759072303772
Cc1ccc2c(-c3ccnc(NCCC(C)C)n3)cccc2c1,6.265018463134766,5.4144287109375,5.839723587036133
NCCN1CCN(c2cccc(Cl)c2Cl)CC1,7.340828895568848,7.298333168029785,7.319581031799316
CCCN(CCN1CCN(c2ccc(-c3ccccc3)c3ccccc23)CC1)C1CCc2cc(O)ccc2C1,7.59011697769165,8.417669296264648,8.00389313697815
CCCN(CCN1CCN(c2cccc(Cl)c2Cl)CC1)C1CCc2c(F)cccc2C1,7.637747287750244,7.920764923095703,7.779256105422974
Oc1[nH]cc2cc(F)c(OCCCN3CCN(c4cccc5ccccc45)CC3)c(F)c12,7.751080513000488,7.881857872009277,7.816469192504883
CCN(CCc1ccccc1OCCCN1CCN(c2nsc3ccccc23)CC1)C1CCc2c(F)cccc2C1,7.558243274688721,7.820788383483887,7.689515829086304
CCN1c2ccc(OC)cc2N(CCCCN2CCN(c3cccc(Cl)c3Cl)CC2)CC1,7.370288372039795,8.329765319824219,7.850026845932007
CCN(CC)C(=O)NC1CCC(=Cc2ccc(F)cc2)CC1,8.324432373046875,8.015353202819824,8.16989278793335
Oc1[nH]c2ccc(F)cc2c1CCCCN1CC=C(c2cccc3cc(F)ccc23)CC1,8.289169311523438,8.025833129882812,8.157501220703125
CCN1CCN(c2ncccc2OCCCCNCC(O)c2ccccc2)CC1,6.241813659667969,6.428771495819092,6.33529257774353
C1=C(c2ccccc2)CCCN(CCCc2c[nH]c3ccc(C(N)=O)cc23)C1,7.796282768249512,7.199021339416504,7.497652053833008
O=C(NCCCCN1CCN(c2cccc(Cl)c2Cl)CC1)c1cc2ccccc2[nH]1,7.3425798416137695,9.333032608032228,8.337806224822998
Cc1ccc2c(N3CCN(CCc4cccc5nnc(O)c45)CC3)cncc2[nH]1,,,
CCCN1CCCCC2Cc3nc(N)[nH]c3CC21,6.804539680480957,7.782858848571777,7.293699264526367
O=C(NCCCCN1CCN(c2cccc(Cl)c2Cl)CC1)c1ccc2ccccc2c1,7.087527751922607,9.066522598266602,8.077025175094604
Nc1ccc(N2CCCc3ccc(CN4CCN(c5nc(-c6ccccc6)ccc5CC4=O)cc32)cc1,,,
CCN1CCCC1CNC(=O)c1c(O)ccc(I)c1OC,8.231788635253906,8.836919784545898,8.534354209899902
O=C(NCCCCN1CCN(c2cccc(Cl)c2Cl)CC1)c1ccccc1Cl,7.701199531555176,8.613862037658691,8.157530784606934
CN1CCN(C2Cc3ccccc3Sc3ccc(F)cc32)CC1,9.00782871246338,8.473590850830078,8.740709781646729
Cc1c(-c2ccc3c(c2)CN(CCCSc2nnc(-c4ccc(C(F)(F)F)c4)n2C)CC3)noc1C,,,
OCCN1CCN(CCCN2c3ccccc3Sc3ccc(Cl)cc32)CC1,7.019078254699707,7.2757086753845215,7.147393465042114
Cc1ccc2c(N3CCN(CCCc4ccc5c(c4)NC(=O)CO5)CC3)cccc2n1,7.256976127624512,6.60993242263794,6.933454275131226
COc1ccccc1N1CCN(CCCc2ccc3[nH]cc(C)c3c2)CC1,7.959638595581055,7.021123886108398,7.490381240844727
O=C1N(CCCN2CCN(c3ccc(Cl)cc3Cl)CC2)CCN1c1cccc2ccccc12,6.4621357917785645,7.016889572143555,6.73951268196106
Fc1c(OC(F)(F)F)cc(CCN(CCCCc2c[nH]c3cc(F)ccc23)CC2CCC3(CCN(CCC3CCCCC3)CC2)c2cccc(F)c2)c2ccccc21,,,
O=C1CCc2ccc(OCCCN3CCN(c4cccc5ccc(F)cc45)CC3)nc2N1,8.499202728271484,7.226391792297363,7.862797260284424
O=C(NCCCCN1CCN(c2cccc(Cl)c2Cl)CC1)c1cccc2c1-c1ccc3ccccc3c1C2,6.604041576385498,8.123684883117676,7.363863229751587
CCCNc1cccc(S(=O)(=O)N2CCC(CN3CCN(c4cccc(C)c4Cl)CC3)CC2)c1,7.38868236541748,6.884991645812988,7.136837005615234
CN1CCCC1Cn1nc(Cc2ccc(Cl)cc2)c2ccccc21,6.482509613037109,6.519099712371826,6.500804662704468
O=C(N(CCN1CCN(c2cccc3[nH]ccc23)CC1)c1ccccc1)C1CCc2ccccc2C1,7.146211624145508,6.777846813201904,6.962029218673706
O=C1N(CCN2CCC(CCN3CCN(c4cccc(Cl)c4Cl)CC3)CC2)C1=O,7.5273003578186035,8.489676475524902,8.008488416671753
CCCN(CCN1CCN(c2cccc3ccoc23)CC1)C1CCc2c(O)cccc2C1,8.249430656433105,8.883919715881348,8.566675186157227
O=C(NCC=CCN1CCN(c2cccc(Cl)c2Cl)CC1)c1cccc2ccccc12,7.369624137878418,8.572120666503906,7.970872402191162
CN1CCCC1COCCCOCCCCCN1CCN2c3ccccc3CCc3ccccc32,,,
Nc1ccc2[nH]cc(CCCN3CCN(c4cccc5ccncc45)CC3)c2c1,7.636570930480957,6.844174385070801,7.240372657775879
O=C(NC1CCc2cc(CCN3CCN(c4nsc5ccccc45)CC3)ccc21)C1CC1,7.219380378723144,6.914257526397705,7.066818952560425
O=C(NCCCCN1CCN(c2cccc(Cl)c2Cl)CC1)c1ccsc1,7.424135208129883,9.503250122070312,8.463692665100098
N#Cc1ccc2[nH]c(CN3CCC(c4cccc5ccccc45)C3)nc2c1,6.515060424804688,6.128779411315918,6.321919918060303
Cc1ccc2c(N3CCN(CCc4cccc(NC(=O)C(C)C)c4)CC3)cccc2n1,6.414273262023926,7.075220108032227,6.744746685028076
O=C(Nc1ccc(Cl)cc1)NCC1CC1c1ccccc1,7.125796318054199,6.709331512451172,6.9175639152526855
O=C(NCCCCN1CCN(c2cccc(Cl)c2Cl)CC1)c1ccc2cc(I)ccc2c1,7.223130226135254,9.130942344665527,8.17703628540039
CCCN(CCN1CCN(c2ccccc2OC)CC1)C1CCc2ccc(O)cc2C1,7.815720081329346,8.517810821533203,8.166765451431274
CCN(CCN1CCN(c2cccc3ccccc23)CC1)C1CCc2ccc(O)cc2C1,7.947355270385742,8.526658058166504,8.237006664276123
O=C1Cc2ccc(OCCCCN3CCN(c4cccc(Cl)c4Cl)CC3)nc2N1,8.705472946166992,8.0171537399292,8.361313343048096
COc1cccc(N2CCN(CCCCn3ncc(=O)n(C)c3=O)CC2)c1,6.228270530700684,7.310538291931152,6.769404411315918
CCN1CCN(c2cccc3c2CCCC1C3,,,
Clc1ccc(N2CCN(CCCCOc3ccc4ccccc4c3)CC2)cc1Cl,6.776899814605713,7.992225646972656,7.384562730789185
Cc1cccc(CN2CC=C(c3ccc(CCN4CCN(c5ccccc5OCCF)CC4)cc3)CC2)c1,7.27691650390625,6.982653617858887,7.129785060882568
CN1CCN(C2Cc3ccccc3Sc3ccc(Cl)c(Cl)c32)CC1,8.446736335754395,8.71683120727539,8.581783771514893
Oc1[nH]c2ccc(Br)cc2c1CCCCN1CC=C(c2ccccc2)CC1,8.066801071166992,8.747066497802734,8.406933784484863
Fc1ccc(CNCCN2CCN(c3cccc(Cl)c3)CC2)cc1,6.999602794647217,6.654339790344238,6.8269712924957275
Oc1[nH]cc2ccc(OCCCN3CCN(c4cccc5c4CCCO5)CC3)cc12,8.637213706970215,7.614603042602539,8.125908374786377
CCN1CCCC1CNCc1cccc(CCC(C)(C)O)c1Cl,5.304432392120361,6.40626859664917,5.855350494384766
CCCN(CCN1CCN(c2ccccc2Cl)CC1)C1CCc2ccc(O)cc2C1,7.593542575836182,8.679712295532227,8.136627435684204
CN1CCN(C2Cc3ccccc3Sc3ccc(-c4nnn(CCN5CCN(c6ccccc6Cl)CC5)n4)cc32)CC1,7.79702615737915,7.179340362548828,7.488183259963989
CC1Cc2ccccc2N1CCCNCCOc1ccc2[nH]c(O)cc2c1,7.65031099319458,7.813155174255371,7.731733083724976
COc1cccc(SCCN2CCN(c3cccc(C(F)(F)F)c3)C2=O)c1,6.167165756225586,7.318349838256836,6.742757797241211
CCCN(CCN1CCN(c2ccccc2OC)CC1)C1CCc2ccc(O)cc2C1,7.815720081329346,8.517810821533203,8.166765451431274
N#Cc1ccc2[nH]cc(CCCCN3CCN(c4ccc5c(c4)COCC5)CC3)c2c1,7.312386035919189,7.080593109130859,7.196489572525024
CN1CCCN(CCCN2c3cccc4cccc(c34)S2(=O)=O)CC1,5.664404392242432,5.204022407531738,5.434213399887085
CCCN(CCN1CCN(c2cc(-c3ccncc3)ccc2O)CC1)C1CCc2ccc(O)cc2C1,7.792233467102051,8.800643920898438,8.296438694000244
O=C1N(CCN2CCN(c3cccc(Cl)c3Cl)CC2)CCN1c1cccc(Cl)c1,7.528343200683594,7.927173614501953,7.727758407592773
Oc1[nH]cc2ccc(OCCCN3CCN(c4cccc5c4CCCO5)CC3)cc12,8.637213706970215,7.614603042602539,8.125908374786377
Oc1ccc2[nH]cc(CCCCN3CCN(c4ccccc4Cl)CC3)c2c1,8.63847541809082,8.2700834274292,8.45427942276001
Oc1[nH]cc2cc(F)c(OCCCN3CCN(c4cccc5cc(F)ccc45)CC3)cc12,8.232381820678711,7.963079452514648,8.09773063659668
CCCN(CCN1CCN(c2cccc(Cl)c2Cl)CC1)C1CCc2ccc(O)cc2C1,7.754941463470459,8.884286880493164,8.319614171981812
CCN(CCN1CCN(c2cccc(Cl)c2Cl)C1=O)C1CCc2ccc(O)cc2C1,7.568133354187012,8.468790054321289,8.01846170425415
c1ccc(N2CCN(CCCC3CCC(Nc4nccc(-c5ccccc5)n4)CC3)CC2)cc1,7.478503704071045,7.095539093017578,7.2870213985443115
CCCCN(CCCC)C1CCc2ccc(O)cc2C1,7.541502952575684,7.979030609130859,7.7602667808532715
O=C(NCCCCN2CCN(c3cccc(Cl)c3Cl)CC2)C1CCC1,7.787417888641357,9.082064628601074,8.434741258621216
N#Cc1ccc2[nH]cc(CCCCN3CCN(c4ccc(C(N)=O)cc4)CC3)c2c1,7.138099670410156,7.488924980163574,7.313512325286865
Cc1c(C)c2c(OCCCNCCF)cccc2[nH]c1=O,7.250757217407227,6.540004253387451,6.895380735397339
CN1CCN(C2=Cc3ccccc3Oc3ccc(F)cc32)CC1,8.009591102600098,7.702358722686768,7.855974912643433
Oc1ccc2[nH]cc(CCCCN3CC=C(c4ccccc4)CC3)c2c1,8.44819450378418,8.916884422302246,8.682539463043213
Oc1ccc2c(OCCNCCCCc3ccccc3)cccc2[nH]1,,,
COc1ccccc1N1CCN(CCCCNC(=O)c2cc3ccc2CCc2ccccc2)CC1,,,
CCCN(CCN1CCN(c2ccccc2)CC1)C1CCc2ccc(O)cc2C1,7.061977386474609,8.358572006225586,7.710274696350098
OC1(c2ccc(F)cc2)CCN(CCCNc2ccccc2)CC1,6.648221492767334,6.012826919555664,6.330524206161499
COc1ccccc1N1CCN(CCCCNC(=O)c2cc3ccc2-c2cccc4cccc(c24)CC3)CC1,7.168610095977783,8.313676834106445,7.741143465042114
N(Cc1ccc2[nH]ccc2c1)C1CCC(CCN2CCN(c3cccc4nc(C(F)(F)F)ccc34)CC2)CC1,7.958197116851807,7.462585926055908,7.710391521453857
CCCN(CCN1CCN(c2ccccc2)CC1)C1CCc2ccc(O)cc2C1,7.061977386474609,8.358572006225586,7.710274696350098
CN1CCCC1Cc1c[nH]c2ccc(C3=CC(N4CCN(C(=O)c5ccc(I)cc5)CC4)CC3)cc12,6.778258800506592,7.252983570098877,7.015621185302734
Oc1c2c2ccc(OCCN3CCN(c4cccc(Cl)c4Cl)CC3)cc2[nH]1,,,
N#Cc1ccc2[nH]cc(CCCCN3CCN(c4cccc5ccc(C(N)=O)cc45)CC3)c2c1,8.049263000488281,7.957112789154053,8.003187894821167
COc1ccccc1N1CCN(CCCCOc2ccc3c(c2)NC(=O)CC3)CC1,8.793431282043457,7.612606048583984,8.20301866531372
CN(C)C1(CNCCC2CCC(NC(=O)c3ccc4c(c3)CCCO4)CC2)CCOc2ccc(Cl)cc2OC1,7.297131538391113,7.435786724090576,7.366459131240845
O=C(NCCCCN1CCN(c2cccc(Cl)c2Cl)CC1)c1ccc2ccccc2c1,7.087527751922607,9.066522598266602,8.077025175094604
C1=C(c2ccc3ccc(OCCCN4CCN(c5cccc6ccccc56)CC4)cc3n2)CCN1,7.204855442047119,8.318954467773438,7.761904954910278
Oc1[nH]cc2ccc(OCCCN3CCN(c4cccc5cccc(F)c45)CC3)cc12,8.2858247756958,7.846155166625977,8.065989971160889
Cc1ccc(C)c(S(=O)(=O)NCCCCN2CCN(c3cccc(Cl)c3Cl)CC2)c1,7.440340995788574,7.670513153076172,7.555427074432373
CCN(CCCCN1CN2CCC1c1ccc2ccccc2c1)C1CCc2c(O)cccc2C1,,,
O=C(NCCN1CCN(C2Cc3ccccc3CN2)CC1)c1ccc(I)cc1,5.915268898010254,6.207268238067627,6.06126856803894
COc1cccc(N2CCN(CCCCCNC(=O)c3ccco3)CC2)c1,6.558256149291992,6.912599563598633,6.7354278564453125
O=C(NCCCCN1CCN(c2cccc(Cl)c2Cl)CC1)c1cc2ccccc2[nH]1,7.3425798416137695,9.33303451538086,8.337807178497314
Cc1nc(-c2ccc3c(c2)CCN(CCCSc2nnc(-c4ccc(Cl)cc4)n2C)CC3)no1,6.164343357086182,8.486177444458008,7.325260400772095
N#Cc1ccc2[nH]cCN3CCN(c4cccc(Cl)c4Cl)CC3)n2c1,,,
CCN1CCN(c2cccc(OC)c2C2CC2)CC1,7.686014652252197,7.188989639282227,7.437502145767212
CCN(CCF)C1CCc2cccc(OCCCN3CCN(c4cccc(Cl)c4Cl)CC3)c2C1,7.381891250610352,7.9630126953125,7.672451972961426
CCN(CCN1CC=CC(c2ccccc2)(c2ccc(F)cc2)CC1)C1CCc2c(O)cccc2C1,7.539113521575928,7.866489410400391,7.702801465988159
O=C1Cc2cc(OCCCCN3CCN(c4cccc(Cl)c4Cl)CC3)ccc2N1,8.58447265625,8.32879638671875,8.456634521484375
COc1ccccc1N1CCN(CCCCC(=O)c2ccc3ccccc3c2)CC1,8.056096076965332,8.328214645385742,8.192155361175537
N#Cc1ccccc1N1CCN(CCCCNC(=O)c2ccc(I)cc2)CC1,7.363749980926514,8.679238319396973,8.021494150161743
CN(C)CCN1CCc2ccccc2Cc2ccccc21,6.589769840240479,6.882141590118408,6.735955715179443
Oc1ccc2c(CCCCN3CCN(c4cccc5c4OCCC5)CC3)c[nH]c2n1,9.099206924438477,7.988044261932373,8.543625593185425
N#Cc1ccc2[nH]c(CN3CCN(c4ccc(Cl)cc4)CC3)cc2c1,5.59831428527832,4.923173427581787,5.260743856430054
Cc1ccc2c(N3CCN(CCc4cccc(N5CCN(C)CC5)c4)CC3)cccc2n1,7.352627754211426,6.943963527679443,7.148295640945435
CCCN(CCN1CCN(c2cccc3ccccc23)CC1)C1CCc2ccc(O)cc2C1,7.852016448974609,8.869171142578125,8.360593795776367
Oc1c2c(OCCNCCCOc3ccccc3)cccc2[nH]1,,,
CCCN(CCN1CCN(c2ccccc2OC)CC1)C1CCc2ccc(O)cc2C1,7.815720081329346,8.517810821533203,8.166765451431274
Oc1ccc2c(N3CCN(CCCCc4ccccc4)CC3)cc(CCNCC(c3ccccc3)c3ccccc3)cc2[nH]1,,,
O=C1CCc2cc(CCCN3CCN(c4cccc(Cl)c4Cl)CC3)ccc2N1,8.350972175598145,7.357361316680908,7.854166746139526
CCCN(CCN1CCN(c2cccc3ccccc23)C1=O)C1CCc2ccc(F)cc2C1,7.015551567077637,7.949525833129883,7.48253870010376
CN1CC(N2CCN(C3=Cc4ccccc4Cn4cccc43)CC2)C1=O,5.986910343170166,7.051274299621582,6.519092321395874
COc1cc(Nc2cccc(-c3cncc(C)c3)n2)c(C)cc1CCCNCC(=O)N1CCN(c2ccccc2)CC1,6.115396976470947,6.396205902099609,6.255801439285278
Nc1ccc2cccc(OCCCNCC2CCc3ccccc3C2)c1,,,
CCCN(CCC1CCC(NS(=O)(=O)c2cccc(F)c2)CC1)C1CCc2nc(N)sc2C1,7.381623268127441,8.846807479858398,8.11421537399292
O=C1N(CCN2CCC3(CC2)CCN3c2ccccc2)CCN1c1cccc(Cl)c1,8.177879333496094,7.503132343292236,7.840505838394165
CCN(CC)C1CCc2c(ccc(O)c2O)C1,8.562129020690918,9.074699401855469,8.818414211273193
CN1CC(N2CCN(c3ccc(-c4ccccc4)cc3)CC2)CC1c1ccccc1,6.156570911407471,6.193005561828613,6.174788236618042
Oc1[nH]cc2ccc(OCCCN3CCN(c4cccc5cccc(F)c45)CC3)cc12,8.2858247756958,7.846155166625977,8.065989971160889
COc1ccccc1N1CCN(CCCCNC(=O)c2ccccc2OC)CC1,7.315776348114014,8.198783874511719,7.757280111312866
COc1ccccc1N1CCN(CCCCCCCCNCC(O)c2ccc(O)c3ncccc23)CC1,6.93299674987793,7.033439636230469,6.983218193054199
Cc1ccc2c(N3CCN(CCc4cccc(-c5ccc(C(=O)NCCCN(C)C)cc5)c4)CC3)cccc2n1,6.733613967895508,7.120399475097656,6.927006721496582
COc1cccc2c1CCCCN2CCN1CCN(c2ccccc2OC)CC1,7.67127799987793,7.031222820281982,7.351250410079956
O=C(NCCCCN1CCN(c2cccc(Cl)c2Cl)CC1)c1ccc(CCOc2cccc(Cl)c2Cl)cc1,7.442474365234375,8.556888580322266,7.99968147277832
CCNCc1cnc(-c2cccc(C3CN(C)CCN3)c2)[nH]1,4.951657295227051,6.08591365814209,5.51878547668457
Cc1ccc2c(N3CCN(CCc4c(C)ccc5c4CCCN5CC4=O)CC3)cccc2n1,,,
CCN(CCCCCCCN1C(=O)CCCC1CCC(O)c1ccc(C)cc1)CC1CCC(NCC2Cc3ccccc3C2)CC1,6.140214443206787,6.471381187438965,6.305797815322876
O=C1Cc2ccccc2CCCN1CCN1CCN(c2cc(C(F)(F)F)nc(C(F)(F)F)n2)CC1,6.747242450714111,7.100510597229004,6.923876523971558
CCCN(CCC1CCC(NC(=S)CCc2ccc(OC)cc2)CC1)C1CCc2ccc(O)cc2C1,7.525541305541992,8.00338077545166,7.764461040496826
O=C1CCc2ccc(OCCCCN3CCN(c4cccc5cccc(F)c45)CC3)nc2N1,8.669334411621094,7.364121913909912,8.016728162765503
O=C(NCCCCN1CCN(c2cccc(Cl)c2Cl)CC1)c1cc2ccccc2[nH]1,7.3425798416137695,9.33303451538086,8.337807178497314
NCCCCN1c2ccccc2CCc2ccccc21,6.109242916107178,6.696154594421387,6.402698755264282
Cc1ccsc1CCCCCN1CCN(c2ccc(C#N)cc2)CC1,7.233712673187256,7.190964698791504,7.21233868598938
O=C(NCCCCN1CCN(c2cccc(Cl)c2Cl)CC1)c1cc2ccncc2[nH]1,6.964544296264648,9.281656265258787,8.123100280761719
NCCCN1CCN(c2cccc(Cl)c2)CC1,6.56527853012085,7.128071308135986,6.846674919128418
CCCNc1nccc(-n2cccc2CCN(C)CC2CC2)n1,6.597446918487549,6.823762893676758,6.710604906082153
CN1CCN(c2cccc3c2CCCN3CCCCc2ccc(F)cc2)CC1,7.986658096313477,7.028151512145996,7.507404804229736
COc1ccccc1N1CCN(CCCCNC(=O)c2nc3ccccc3s2)CC1,7.356720924377441,8.5885009765625,7.972610950469971
CCCN(CCC)C1Cc2ccc(O)cc2C1,7.698046684265137,8.220232009887695,7.959139347076416
C#CC1Cc2cccc3c2C1CNCC3,7.025505065917969,5.847414970397949,6.436460018157959
O=C1N(C2CCN(CCc3cccc4c[nH]cn34)CC2)C2CCC3(O)CC21,,,
COc1ccccc1N1CCN(CCCCNC(=O)c2cccc(OCCF)c2)CC1,7.531815528869629,8.47768497467041,8.00475025177002
O=C(NCC=CCN1CCN(c2cccc(Cl)c2Cl)CC1)c1ccc(-c2ccccc2)cc1,7.320741653442383,8.8237886428833,8.072265148162842
CCN1CCCC1CNC(=O)c1cc(I)ccc1OCCCOc1cccc(-c2cc3ccc2)c1,,,
CCN1CCCC1CNC(=O)c1c(OC)ccc(I)c1OC,8.196069717407227,8.626472473144531,8.411271095275879
O=C1NCN(CCN2CCN(c3cccc(Cl)c3Cl)CC2)CC1,6.9148359298706055,7.250502586364746,7.082669258117676
O=C1N(CCN2CCC(C(=O)c3ccc(Cl)cc3)CC2)CCN1c1cccc(Cl)c1,7.359399318695068,7.77702522277832,7.568212270736694
CCCN(CCN1CCN(c2cccc3c2OCCCO3)CC1)C1CCc2ccc(O)cc2C1,8.271718978881836,8.31121826171875,8.291468620300293
COc1ccccc1N1CCN(CCCCCN2CCC(c3ccccc3)CC2=O)CC1,7.391033172607422,6.835457801818848,7.113245487213135
COc1ccccc1N1CCN(CCOc2ccc3[nH]c4ccccc4c3c2)CC1,8.276928901672363,7.169569492340088,7.723249197006226
CN1CCN(C2Cc3ccccc3Sc3ccc(F)cc32)CC1,9.00782871246338,8.473591804504395,8.740710258483887
CCCN(CCN1CCN(c2cncc3occc23)CC1)C1CCc2ccc(O)cc2C1,7.521646499633789,8.836750030517578,8.179198265075684
NCCCN1Cc2cccc(CCN3CCN(c4cccc(Cl)c4Cl)CC3)c2CC1,6.835950374603272,6.809470176696777,6.822710275650024
Oc1cc2ccccc2n1CCCCCN1CCC2(CC1)C(c1cccc3ccccn13)CCc1ccccc12,,,
O=C1N(CCN2CCC(CCN3CCOCC3)CC2)CCN1c1cccc(C(F)(F)F)c1,6.981862545013428,8.392248153686523,7.687055349349976
CCN1CCN(C2Cn3cccc3Sc3c(O)cccc32)CC1,7.666996479034424,7.7564592361450195,7.711727857589722
CCCCN1CCCC1Cc1ccc(O)c(O)c1OC,7.313053607940674,8.71289348602295,8.012973546981812
CN1CCN(C2Cn3cccc3Sc3ccc(Cl)cc32)CC1,8.645715713500977,8.372458457946777,8.509087085723877
COc1ccccc1N1CCN(CCCCCCN2CCN(c3ccccc3OC)CC2)CC1,7.870885848999023,7.619773864746094,7.745329856872559
N#Cc1ccc2c(C3CCN(CCCCN4CCN(c5ccccc5OC(F)(F)F)CC4)CC3)[nH]c2c1,,,
O=C1CCc2cc(CCCCN3CCN(c4cccc5ccccc45)CC3)ccc2N1,8.61048412322998,7.7712907791137695,8.190887451171875
CN1CCc2ccccc2Cc2ccc(O)c(I)c2C1,7.577803611755371,7.802474021911621,7.690138816833496
Nc1cccc2ccc(CN3CCN(c4ccccc4F)CC3)cc12,7.670788288116455,6.863114833831787,7.266951560974121
O=C1CCc2ccc(OCCCCN3CCN(c4cccc5cccc(F)c45)CC3)nc2N1,8.669334411621094,7.364121913909912,8.016728162765503
O=C1Cc2ccc(F)c3c(OCCCN3CCN(c4cccc(Cl)c4Cl)CC3)c2N1,,,
CCCN(CCN1CCN(c2cccc3ccccc23)CC1)C1CCc2ccc(O)cc2C1,7.852016448974609,8.869157791137695,8.360587120056152
Fc1ccc(N2CCN(CCCCNCCc3ccccc3)CC2)cc1,6.1057963371276855,6.012570858001709,6.059183597564697
CCCN(CCN1CCN(c2ccc(-c3ccc4ccccc4c3)cc2)CC1)C1CCc2nc(N)sc2C1,7.047704219818115,8.517921447753906,7.782812833786011
N#Cc1cccc(N2CCN(CCCCNc3ccccn3)CC2)c1,7.839759826660156,7.71391487121582,7.776837348937988
CN1CCN(C2Cc3ccccc3Sc3ccc(Cl)cc32)CC1,9.140546798706056,8.702611923217773,8.921579360961914
N#Cc1ccc2[nH]c3c(c2c1)CCN(CCCCOc1cccc(I)c1)C3,8.025651931762695,7.973003387451172,7.999327659606934
O=C(NC1CCC(CCN2CCN(c3cc(Cl)ccc3Cl)CC2)CC1)c1cc2ccccc2s1,7.56125020980835,8.887651443481445,8.224450826644897
COc1ccccc1N1CCN(CCCCNC(=O)C2CCCc3ccccc32)CC1,7.080215930938721,7.767166137695312,7.423691034317017
Oc1ccc2c(c1)OC(CNCCCN1CCN(c3cc(Cl)ccc3Cl)CC1)CC2,9.111408233642578,8.318122863769531,8.714765548706055
COc1cccc(C(=O)NCCCCCN2CCN(c3cccc(Cl)c3Cl)CC2)c1,7.3378825187683105,8.273123741149902,7.8055031299591064
Clc1ccc(N2CCN(CCCCNc3ccccc3)CC2)cc1Cl,7.689810752868652,7.266645908355713,7.478228330612183
Oc1[nH]cc2ccc(OCCCN3CCN(c4cccc5c4CCO5)CC3)cc12,8.351737976074219,7.996143341064453,8.173940658569336
Nc1ccccc1C(=O)CCCN1CCC2C(C1)c1cccc3c1N2CCCS3,7.581448554992676,7.094526767730713,7.337987661361694
CN1CCN(C2Cc3ccccc3Sc3ccc(Cl)cc32)CC1,9.140546798706056,8.702608108520508,8.921577453613281
O=C1N(CCN2CCC(C(F)(F)F)CC2)CCN1c1cccc(C(F)(F)F)c1,6.879802703857422,8.472172737121582,7.675987720489502
Oc1ccc2c(CCCCN3CCN(c4cccc(Cl)c4Cl)CC3)noc2c1,8.421598434448242,8.696054458618164,8.558826446533203
CCCN(CCN1CCN(c2cccc(Cl)c2Cl)CC1)C1CCc2nc(N)sc2C1,7.469848155975342,8.901445388793945,8.185646772384644
Cc1cc(C)c(C(=O)NCCCCN2CCN(c3cccc(Cl)c3Cl)CC2)c(C)c1,7.1400065422058105,8.001310348510742,7.570658445358276
CN1CCN(C2Cc3ccccc3Sc3ccc(Cl)cc32)CC1,9.140546798706056,8.702610969543457,8.921578884124756
CN1CCCC1Cn1ncc2ccc(CC3CCN(CCCc4ccc(F)cc4)CC3)cc21,6.091610908508301,6.859740257263184,6.475675582885742
CCN1CCN(CCCN2c3ccccc3Sc3ccc(C(=O)NCCCN(C)C)cc32)CC1,6.3154730796813965,6.735167503356934,6.525320291519165
CN1CCN(C2Cn3cccc3Sc3ccc(F)cc32)CC1,8.455343246459961,8.19658088684082,8.32596206665039
Cc1ccc2c(N3CCN(CCc4cccc(N5CCCCC5)c4)CC3)cccc2n1,7.663922309875488,7.019340515136719,7.3416314125061035
N#Cc1ccccc1CN1CCN(CCCCNc2cccc3c2CCc2ccc(F)cc2-3)CC1,7.103107452392578,7.45139217376709,7.277249813079834
N#Cc1ccccc1N1CCN(CCCCNC(=O)c2ccc(F)cc2)CC1,7.366696357727051,8.602659225463867,7.984677791595459
CCCN(CCN1CCN(c2ccc(-c3ccccc3)cc2)CC1)C1CCc2ccc(O)cc2CC1,7.222245216369629,8.238973617553711,7.73060941696167
Oc1[nH]cc2ccc(OCCCN3CCN(c4cccc5ccccc45)CC3)cc12,8.251432418823242,8.164287567138672,8.207859992980957
Fc1ccc2c(CCCCN3CCN(c4ccccc4Cl)CC3)n[nH]c2c1,8.065072059631348,7.710305213928223,7.887688636779785
Oc1[nH]cc2ccc(OCCCN3CCN(c4cccc5cccc(F)c45)CC3)c(Cl)c12,8.05458927154541,7.951212882995605,8.002901077270508
NCC1Cc2ccccc2C2c3cccc(O)c3CCC21,5.590869903564453,7.781510353088379,6.686190128326416
Oc1[nH]cc2cc(F)c(OCCCN3CCN(c4cccc5ccccc45)CC3)cc12,8.03945541381836,8.071406364440918,8.055430889129639
CCCN(CCN1CCN(c2cccc3[nH]ccc23)CC1)C1CCc2ccc(O)cc2C1,7.947385787963867,8.743558883666992,8.34547233581543
Oc1[nH]cc2ccc(OCCCN3CCN(c4cccc5cccc(F)c45)CC3)cc12,8.2858247756958,7.846155166625977,8.065989971160889
CN1CCc2c(sc3ncn(CCN4CCN(c5cccn6ccc(C(F)(F)F)cc56)CC4)c(=O)c23)C1,,,
CCN(CCN1CCN(c2ccccc2)CC1)C1CCc2ccc(O)cc2C1,7.150530815124512,7.863786220550537,7.507158517837524
COc1cc(O)ccc1N1CCN(CCCCNC(=O)c2[nH]c3ccc(I)cc3c2Br)CC1,8.193684577941895,8.951272964477539,8.572478771209717
Oc1[nH]cc2cc(F)c(OCCCN3CCN(c4cccc5ccccc45)CC3)c(F)c12,7.751078128814697,7.881857872009277,7.816468000411987
CCCN(CCN1CCN(c2ccccc2OC)CC1)C1CCc2ccc3[nH]ccc3c2C1,7.834114551544189,7.807416915893555,7.820765733718872
Oc1[nH]c(CN2CCN(c3ccccc3Cl)CC2)cc2ccc(Br)o12,,,
CCCN(CCN1CCN(c2ccc(-c3ccccc3)cc2)CC1)C1CCc2ccc(O)cc2C1,7.323070049285889,8.556982040405273,7.940026044845581
COc1ccccc1N1CCN(CCCCCCNC(=O)c2ccc(-c3cccs3)cc2)CC1,7.298545837402344,8.505884170532227,7.902215003967285
CN1CCN(c2cccc(C#CCN3CCC(c4cccc5ccccc45)CC3)c2)CC1,6.919702053070068,5.833884716033936,6.376793384552002
CCCN(CCN1CCN(c2ccccc2C=CCc2ccccc2Cl)CC1)C1CCc2nc(N)sc2C1,7.303716659545898,7.6782379150390625,7.4909772872924805
CCN1CCN(CCCCN2c3ccccc3Sc3ccc(N)cc32)CC1,7.204207420349121,8.094991683959961,7.649599552154541
O=C1N(CCN2CC3CC2Cc2cccc3c2CO3)CCN1c1cccc(Cl)c1,,,
COc1cc(CN2CCN(CCCc3c[nH]c4ccc(I)cc34)CC2)ccc1OCCN1CCCCC1,6.894404888153076,6.734000205993652,6.814202547073364
CN1CCN2c3ccccc3Cc3ccccc3C2C1,6.133472442626953,6.2086992263793945,6.171085834503174
C1=C(N2CCNCC2)c2nccn2C1,4.978982925415039,5.164036750793457,5.071509838104248
CSc1cccc(N2CCN(CCC3CCC(NCCc4cccc(F)c4)CC3)CC2)c1,7.012335777282715,7.189698219299316,7.101016998291016
Fc1ccc(OCCCNCC2CCc3ccc(OCCCCN4CCN(c5ccccc5Cl)CC4)cc3O2)cc1,8.654008865356445,8.369867324829102,8.511938095092773
CN1CCc2cccc3c2Cc2[nH]c(C(=O)NC4CC4)cc2C1,,,
NC(N)=NC1CCN(Cc2ccc3c(c2)OCO3)CC1,6.018309116363525,4.28581428527832,5.152061700820923
CCC1Cc2ccccc2N1CCN1CCN(CCCc2ccc(I)cc2)CC1,7.023087024688721,6.07235050201416,6.54771876335144
Cc1ccc2[nH]c(CN(CCCCCCCN3CCN(c4cccc(Cl)c4Cl)CC3)cc2c1,,,
O=C(NCCCN1CCN(c2cccc(Cl)c2Cl)CC1)c1cccc2c1N1CCC2(CC1)CC2,,,
NC(=O)c1ccsc1NC(=O)CCN1CCN(c2cccc3ccccc23)CC1,7.534641742706299,6.32411527633667,6.929378509521484
CN1CCN(C2Cc3ccccc3Sc3ccc(C(F)(F)F)cc32)CC1,7.623498916625977,7.427108764648437,7.525303840637207
Cc1cc2cc(N3CCN(CCc4cccc(-c5cccc(F)c5)c4)CC3)ccc2[nH]1,7.029443740844727,6.6616530418396,6.845548391342163
N#Cc1ccccc1N1CCN(CCCCN2CCN(c3ccccc3OCCCF)CC2)CC1,8.161890029907227,8.202975273132324,8.182432651519775
Fc1ccc2[nH]c(CCCCNCCOc3cccc4c3CCCC4)cc2c1,8.50186538696289,7.3022027015686035,7.902034044265747
N#Cc1ccc2[nH]c(CCCCN3CCN(c4cccc5nc(C(N)=O)ccc45)CC3)nc2c1,7.628342628479004,7.881021499633789,7.7546820640563965
O=C(NC1CCc2cc(CCN3CCN(c4nsc5ccccc45)CC3)ccc21)C1CC1,7.219351291656494,6.914257526397705,7.0668044090271
O=C(NCCCCN1C2CCC1c1cc(OCCF)ccc1OCC2)c1ccc(F)cc1,6.5932464599609375,7.663865089416504,7.128555774688721
ON1CCN(CCCN2c3ccccc3Sc3ccc(Cl)cc32)CC1,6.987034320831299,7.610032081604004,7.298533201217651
O=C(NCC=CCN1CCN(c2cccc(Cl)c2Cl)CC1)c1ccccc1Cc1ccccc1,7.373815536499023,7.885074615478516,7.6294450759887695
O=C(NCCCCCN1CCN(c2cccc(Cl)c2Cl)CC1)c1ccc2ccccc2c1,7.2176833152771,8.335348129272461,7.77651572227478
CN1CCN(C2Cn3cccc3Sc3ccc(F)cc32)CC1,8.455343246459961,8.19658088684082,8.32596206665039
COc1ccccc1N1CCN(CCCCNC(=O)c2cccc3c2-c2cccs2)CC1,,,
CN1CCN(C2Cn3c(ccc4ccccc43)C3CCCCC23)CC1,,,
CNCCCN1c2ccccc2CCC2CCCCC21,6.66902494430542,6.210752487182617,6.4398887157440186
CCCN(CCCN1CCN(c2ccccc2OC)CC1)C1CCc2ccc(O)cc2C1,7.734748363494873,7.831311702728271,7.783030033111572
Clc1cccc(N2CCN(CCCCNCc3ccc4c(c3)CCCO4)CC2)c1Cl,7.737135887145996,7.838162422180176,7.787649154663086
O=C1CCc2ccc(OCCCCN3CCN(c4ccc(F)cc4Cl)CC3)nc2N1,8.307422637939453,7.423727989196777,7.865575313568115
Oc1ccc2c(CCCCNCc3ccccc3)c[nH]c2c1,7.556197166442871,7.812655925750732,7.684426546096802
CCCN(CCCCCCCCCCN(CCCCCCCNCCCCCNCCCCCCNCCCCCCNCC=OCc1ccccc1OC)CC1CCc2c(Br)cccc2C1,,,
OC1(CCCCN2CCC(c3noc4cc(F)ccc34)CC2)CCN(CCCc2c[nH]c3cc(F)ccc23)CC1,6.679520606994629,7.210754871368408,6.9451377391815186
Cc1cn2cc(CN3CCN(c4ccccc4F)CC3)ccc2n1,6.5668559074401855,6.199751377105713,6.383303642272949
CN1CCN(C2=Cn3cccc3Sc3ccc(Br)cc32)CC1,8.546491622924805,8.604694366455078,8.575592994689941
O=C(CCCN1CCN(c2cccc3c2OCCCO3)CC1)c1ccc2ccccc2c1,8.468978881835938,7.759947776794434,8.114463329315186
O=C1CCc2ccc(OCCCCN3CCN(c4cccc(Cl)c4Cl)CC3)nc2N1,8.820858001708984,7.946710586547852,8.383784294128418
CCN1CCCC1CNC(=O)c1c(OC)ccc(I)c1OC,8.196069717407227,8.626472473144531,8.411271095275879
CN1CCN(c2cccc(C3=C(c4c[nH]c5ccccc45)CC3)c2)CC1,7.553132057189941,6.728841304779053,7.140986680984497
N#Cc1ccc2[nH]cc(CCCCN3CCN(c4cccc(C(N)=O)c4)CC3)c2c1,7.67412519454956,7.717626571655273,7.695875883102417
CN1CCN(C2Cc3ccccc3Sc3ccc(Cl)cc32)CC1,9.140546798706056,8.702611923217773,8.921579360961914
CN1CCc2c(cc(O)c(Cl)c3c2CCNC3)C1,,,
O=C1N(CCN2CCC3(CCc4ccccc43)CC2)CCN1c1ccccc1,6.83438777923584,6.563504695892334,6.698946237564087
CCCN(CCC1CCC(NCC2CCc3ccc(O)cc3O2)C1)C1CCc2nc(N)sc2C1,8.035801887512207,9.488100051879885,8.761950969696045
COc1ccccc1N1CCN(CCCCCNC(=O)C=Cc2ccc3ccccc3c2)CC1,7.160730361938477,8.102693557739258,7.631711959838867
CN(C)CCCC1CC[nH]2ccc(C(=O)NCCCCCN3CCN(c4ccccc4OC(F)(F)F)CC3)cc21,,,
Cc1cc(Cl)ccc1N1CCN(CCCCNC(=O)C=Cc2ccc(F)cc2)CC1,6.727322578430176,8.01646614074707,7.371894359588623
CCCN1CCCC1CNC(=O)c1c(O)cccc1I,6.616883277893066,8.58476448059082,7.600823879241943
Oc1[nH]cc2c(CCCN3CCN(c4cccc5cccc(F)c45)CC3)c[nH]c12,8.372577667236328,6.977676868438721,7.675127267837524
COc1cccc(NC(=O)CCCCN2CCC3(CCc4cc(OC)ccc43)C(C)C2)c1,6.233431816101074,6.805782794952393,6.519607305526733
Oc1cccc(CCN2CCN(c3cccc4[nH]c(-c5ccc(F)cc5)nc34)CC2)c1,7.850695610046387,7.298164367675781,7.574429988861084
Oc1[nH]cc2c(CCCN3CC=C(c4ccccc4Br)CC3)cccc12,7.934624671936035,7.60203218460083,7.768328428268433
CN1CCN(CCN2c3ccccc3Sc3ccc(F)cc32)CC1,8.125858306884766,7.489418983459473,7.807638645172119
CN1CCN(C2Cc3ccccc3Sc3ccc(CCF)cc32)CC1,7.889029026031494,7.540094375610352,7.714561700820923
CCCN(CCN1CCN(c2cncc3ccccc23)CC1)C1CCc2ccc(O)cc2C1,7.425510883331299,8.824838638305664,8.125174760818481
COc1ccccc1N1CCN(CCCCNC(=O)C2CCC3CCC(O)CC32)CC1,6.899521827697754,7.8481950759887695,7.373858451843262
Cc1ccc2c(N3CCN(CCc4cccc(-c5ccccc5)c4)CC3)cccc2n1,7.434859752655029,7.006354808807373,7.220607280731201
NCCc1c[nH]c2ccc(OCCSC(C)(C)C)cc12,6.079294204711914,6.418959140777588,6.249126672744751
CCc1c(OCCCN2CCN(c3cccc(Cl)c3Cl)CC2)ncc2c1CCC2,7.399645328521728,7.888002395629883,7.643823862075806
CCCN(CCCCCCCCN(CCC)C1CCc2ccc(O)cc2C1)C1CCc2ccc(O)cc2C1,7.853421211242676,8.520275115966797,8.186848163604736
CN1CCN(C2=Cn3cccc3Sc3ccc(Cl)cc32)CC1,8.414504051208496,8.474985122680664,8.44474458694458
CNC1CCC(c2ccc(CCN3CCN(c4cccc(Cl)c4Cl)CC3)cc2)C1,7.059516906738281,6.809726715087891,6.934621810913086
Cc1ccc2c(N3CCN(CCc4cccc5c4OCCC(=O)N5C)CC3)cccc2n1,7.157011985778809,6.699446678161621,6.928229331970215
Cn1ccc2[nH]cc(CCCN3CCN(c4cccc(Cl)c4Cl)CC3)c21,7.486520767211914,6.870661735534668,7.178591251373291
O=C(NCCCCN1CCN(c2noc3ccccc23)CC1)c1ccc2ccccc2c1,6.659972190856934,8.087892532348633,7.373932361602783
CCN1CCN(c2ccc(O)cc2)CC1,6.4297614097595215,6.269132614135742,6.349447011947632
CCN1CC(CCN2CCN(c3cccc(Cl)c3)CC2)C1=O,6.933347225189209,7.584371089935303,7.258859157562256
Oc1ccc2c(OCCCCN3CCN(c4cccc(Cl)c4Cl)CC3)cccc2[nH]1,,,
CN1CCN(C2=Cc3ccccc3Oc3ccc(Cl)cc32)CC1,7.99347448348999,7.783572196960449,7.88852334022522
CCN1CC(c2ccccc2)C1CC,6.1726250648498535,6.580997943878174,6.376811504364014
NCC1c2ccccc2Cc2cccc3c21[nH]c2ccc(F)cc2c11CCN1CCC(N2CCN(c3ccccc3OC(F)F)CC2)CC1,,,
CCCN(CCN1CCN(c2ccccc2OC)CC1)C1CCc2ccc(O)cc2C1,7.815720081329346,8.517810821533203,8.166765451431274
COc1ccccc1N1CCN(CCCCCNC(=O)C=Cc2cccc(C)c2)CC1,7.440367698669434,8.005316734313965,7.722842216491699
CCc1cc(N2CCN(CCCCNC(=O)c3cc4ccccc4o3)CC2)cc(C(=O)O)c1,6.476829051971436,7.6488800048828125,7.062854528427124
CCCN(CCN1CCN(c2ccnc3ccccc23)C1=O)C1CCc2cc(O)ccc2C1,6.974372863769531,7.833491325378418,7.403932094573975
O=C1NCN(CCCCN2CCN(c3ccc(Cl)cc3)CC2)CC1c1ccccc1,5.689219951629639,6.708571910858154,6.1988959312438965
NCc1cccc(C2CCN(CCCCc3c[nH]c4ccc(OCCCN5CCCCC5)cc34)CC2)c1,6.473381996154785,6.484647274017334,6.47901463508606
CCCN(CCN1CCN(Cc2ccccc2)CC1)C1CCc2ccc(O)cc2C1,6.17121696472168,7.951322555541992,7.061269760131836
C(=C1Cc2ccccc2N1CCN1CCC2(C1)CN(CCCc1ccccc1N2)CC1CCC1,,,
c1ccc(N2CCN(CCCCOc3cc4cccnc4[nH]3)CC2)cc1,7.644708633422852,7.388096809387207,7.516402721405029
NCC1Cc2cc(O)cc(O)c2CC1,6.657411098480225,8.61329460144043,7.635352849960327
Oc1ccc2c(c1)OC(CNCCCN1CCN(c3ccccc3)CC1)CC2,8.400973320007324,7.5241899490356445,7.962581634521484
CC1CN(C2CCN(CCCCCCCCCCCCCNCC(CO)c3ccc(Cl)cc3)CC2)CCN1,4.104002952575684,4.43856954574585,4.271286249160767
Oc1cc2c(OCCNCCCCc3ccccc3)ccc(F)c2[nH]1,9.115532875061035,7.926517009735107,8.521024942398071
CN(CCN1CCN(c2cccc(Cl)c2Cl)CC1)c1cccc(F)c1,7.330406188964844,6.691575050354004,7.010990619659424
Cc1ncoc1-c1nnc(SCCCN2CCC3CC3(c3ccc(N(CCn4cc(Cl)cn4)cc3)CC2)n1C,,,
O=C(NCCN1CCN(C2Cc3ccccc3CN2)CC1)c1cccc2ccccc12,6.208256244659424,5.940832614898682,6.074544429779053
CCN1CCc2cccc3c2C1Cc1ccc(O)c(O)c1-3,8.332853317260742,7.980974674224853,8.156913995742798
Oc1cc2c(OCCNCC3CCc4ccc(OCCCN5CCN(c6ccccc6C(F)(F)F)CC5)cc4C3)ccc(F)c2[nH]1,8.251373291015625,7.955121040344238,8.103247165679932
CN1CCN(C2Cc3ccccc3Sc3ccc(F)cc32)CC1,9.00782871246338,8.473590850830078,8.740709781646729
CN(C1CCC(c2ccc(Cl)cc2)CC1)C1COc2cccc(OCCN3CCC(c4ccccc4)CC3)c2O1,6.775102615356445,6.910700798034668,6.842901706695557
CC(Cc1ccc(O)c(O)c1)CC1CCC(N2CCN(c3cccc(Cl)c3Cl)CC2)CC1,7.44315242767334,7.34217357635498,7.39266300201416
COc1ccccc1N1CCN(CCCCOc2ccc3c(c2)CNC3(C)C)CC1,7.666616916656494,7.793089389801025,7.72985315322876
N#Cc1ccc2[nH]cc(CCCCN3CCN(c4ccccc4)CC3)c2c1,7.689896583557129,7.685166835784912,7.6875317096710205
Oc1cc2c(OCCNCC3CCC(CCF)CC3)ccc(OCCF)c2[nH]1,8.370436668395996,7.618060111999512,7.994248390197754
N#Cc1cccc(C2CCN(CCCCc3ccc(Br)cc3)CC2)c1,7.475156307220459,6.977250099182129,7.226203203201294
CCN1CCN(CCCC(=O)c2ccc3ccccc3c2)CC1,7.142036437988281,7.305674076080322,7.223855257034302
Cc1ccc2c(N3CCN(CCc4cccc5c4OCC(=O)N5)CC3)cccc2n1,7.448387145996094,6.764317035675049,7.106352090835571
Nc1ccc(CCCCN2CCN(c3ccccc3)CC2)c2ccccc12,7.027038097381592,7.3415985107421875,7.18431830406189
NC1CCN(c2ccccc2NCCCCN2CCC3C(C2)c2cccc4c2N3CCc2ccccc2C(F)(F)F)CC1,,,
O=C(N(CCN1CCN(c2cccc(Cl)c2Cl)CC1)c1ccccc1)C1CCc2c(F)cccc2C1,6.721322059631348,6.442989349365234,6.582155704498291
Cc1cc(N2CCN(CCC3CCC(NC(=O)C4CCC4)CC3)CC2)ccc1F,7.245316505432129,8.548845291137695,7.897080898284912
Oc1[nH]cc2cc(F)c(OCCCN3CCN(c4cccc5cccc(F)c45)CC3)cc12,8.04649829864502,7.654065132141113,7.850281715393066
CN1CCN(CCCN2c3ccccc3Sc3ccc(F)cc32)CC1,7.481771945953369,7.4421186447143555,7.461945295333862
N#Cc1ccccc1CN1CCC(N2CCN(c3ccccc3OCCF)CC2)CC1,5.895829200744629,5.569908142089844,5.732868671417236
N#Cc1ccc2[nH]c(CN3CCC4(CC3)OC(=O)c3ccc(F)cc3)cc2c1,,,
Oc1[nH]cc(C2CCCCCC2)c1I,7.448666572570801,6.372889041900635,6.910777807235718
CCN(CC)CCc1ccc(F)c(C#CCCCCN2CCC3C(CCc4ccccc43)C2)c1,6.239253997802734,6.537164211273193,6.388209104537964
CN1CCc2ccccc2Cc2cccc(OCCN3CCN(c4cccc5nsnc45)CC3)c2C1,7.630148410797119,6.940136909484863,7.285142660140991
Cc1cc(OCCCNCc2ccccc2)ccc1-c1nc2c(C)c(F)ccc2[nH]1,6.903559684753418,6.90817928314209,6.905869483947754
Oc1ccc2[nH]cc(CCCCN3CC=C(c4ccccc4)CC3)c2c1,8.44819450378418,8.916884422302246,8.682539463043213
CN1CCc2ccccc2Cc2cc(O)ccc2CCCCCCN2CCCCC2CCOCC2F,,,
O=C(NCCCCC1CCN(C2Cc3ccccc3C2)CC1)c1ccc(-c2ccc3ccccc3c2)cc1,6.30054235458374,7.88079833984375,7.090670347213745
CCCN(CCN1CN=C2c3ccccc3NCC2C1)C1CCc2ccc(O)cc2C1,6.751754283905029,8.132060050964355,7.441907167434692
O=C1N(CCN2CCN(Cc3ccc4ccccc4c3)CC2)CCN1c1ccccc1,7.101336479187012,6.889171600341797,6.995254039764404
Clc1ccccc1N1CCN(CCCCOc2ccc3ccccc3c2I)CC1,7.244555473327637,8.09974193572998,7.672148704528809
CCCN1CCCCC2c3ccccc3CCCC21,5.968794822692871,6.774624824523926,6.371709823608398
CN1CCN(C2Cc3ccccc3Sc3ccccc32)CC1,8.323587417602539,7.901858329772949,8.112722873687744
Oc1[nH]c2ccccc2c1CCCCN1C2CC1CCC(C1)C2,,,
CCN(CCN1CCN(c2cccc(Cl)c2Cl)CC1)C1CCc2ccc(O)cc2C1,7.871322154998779,8.539102554321289,8.205212354660034
CCN1CCCC1CNC(=O)c1cc(OC)ccc1OC,6.478507995605469,7.636116027832031,7.05731201171875
CN1CCc2ccc(C#CCCCN3CCN(c4cccc5ccccc45)CC3)cc2CC1,7.81345272064209,7.552157402038574,7.682805061340332
O=C(NCC=CCN1CCN(c2cccc(Cl)c2Cl)CC1)c1cccc2c1-c1ccccc1C2=O,6.881508827209473,8.276203155517578,7.578855991363525
CCCN(CCN1CCN(c2ccccc2)CC1)C1CCc2ccc(O)cc2C1,7.061977386474609,8.358572006225586,7.710274696350098
CN1CCc2cc(OCCOCCF)cc3c2C1Cc1ccc(O)c(O)c1-3,7.015263557434082,7.252470016479492,7.133866786956787
NCCN1CCN(c2cccc(CCCN3CCN(c4cccc(Cl)c4Cl)CC3)c2)CC1,7.014052391052246,6.843747138977051,6.928899765014648
CCN1CCCN(c2cccc(C(=O)NCCCCN3CCN(c4cccc(Cl)c4Cl)CC3)c2)C1,6.692687034606934,7.922719955444336,7.307703495025635
CCCN(CCN1C2CCC1c1cc(O)ccc1-2)C1CCc2c(O)cccc2C1,6.556142330169678,9.319775581359863,7.9379589557647705
Oc1ccc2[nH]cc(CCCCN3CC=C(c4ccccc4)CC3)c2c1,8.44819450378418,8.916884422302246,8.682539463043213
N#Cc1ccccc1N1CCN(CCCCNC(=O)c2cc3ccccc3s2)CC1,7.457114219665527,8.760150909423828,8.108632564544678
Fc1ccc(N2CCN(CCC3CCC(NCc4ccc(-c5ccccn5)cc4)CC3)CC2)cc1,6.556004047393799,7.225603580474853,6.890803813934326
O=C1N(CCN2CCN(c3cccc(Cl)c3Cl)CC2)CCN1c1cccc2ccccc12,7.140003204345703,7.565101623535156,7.35255241394043
OC1(c2ccc(I)cc2)CC2CCC(C1)N2Cc1coc2ccccc12,8.334003448486328,8.553446769714355,8.443725109100342
Oc1[nH]cc2ccc(OCCCCN3CCN(c4cccc5cccc(F)c45)CC3)cc12,8.384242057800293,8.055950164794922,8.220096111297607
COc1ccccc1N1CCN(CCCNc2ccccn2)CC1,7.717787742614746,6.342480659484863,7.030134201049805
CN1CCN(C2Cn3cccc3Sc3ccc(Cl)cc32)CC1,8.645715713500977,8.372458457946777,8.509087085723877
CCCN(CCN1CCN(c2ccccc2)CC1)C1CCc2ccc(O)cc2C1,7.061977386474609,8.358572006225586,7.710274696350098
Cc1cc(OCCCN2CCN(c3cccc(Cl)c3Cl)CC2)cc2c1CCCC2,8.021637916564941,7.842425346374512,7.932031631469727
CCCN(CCN1CCN(c2ccccc2OC)CC1)C1CCc2ccc(O)cc2C1,7.815720081329346,8.517810821533203,8.166765451431274
Oc1ccc2c(Cl)c(OCCCCN3CCN(c4cccc5ccccc45)CC3)ccc2[nH]1,,,
O=C1NCCN1CCN1CCC(c2cn(-c3ccc(F)cc3)c3ccc(Cl)cc23)CC1,7.742377758026123,6.38731050491333,7.064844131469727
CCN1CCCC1CNC(=O)c1cc(Br)ccc1OCCCN1CCN(c2cccc(C(F)(F)F)c2Cl)CC1,7.256516456604004,8.425451278686523,7.840983867645264
Oc1cc2c(OCCNCCCN3c4ccccc4Sc4ccc(Cl)cc43)ccc(F)c2[nH]1,8.16135025024414,7.22772741317749,7.694538831710815
Oc1[nH]c2ccc(F)cc2c1CCCCN1CCN(c2cccc3ccoc23)CC1,8.604402542114258,8.126075744628906,8.365239143371582
CCCN(CCN1CCN(c2cccc3ccccc23)CC1)C1CCc2ccc(O)cc2C1,7.852016448974609,8.869171142578125,8.360593795776367
COc1ccccc1N1CCN(CCCCCNC(=O)c2cc3ccccc3s2)CC1,7.497708320617676,8.281238555908203,7.8894734382629395
CCN1CCCC1CNC(=O)c1cc(CC2CC2)ccc1F,6.567901134490967,8.224923133850098,7.396412134170532
O=C1CCc2ccc(OCCCCN3CCN(c4cccc(Cl)c4Cl)CC3)nc2N1,8.820858001708984,7.946710586547852,8.383784294128418
O=C(CC1CCN(CC2CC2)CC1)c1c[nH]c2ccccc12,5.789004802703857,7.575356483459473,6.682180643081665
N#Cc1ccc(N2CCN(CCCCCN3CCN(c4cccc(Cl)c4Cl)CC3)CC2)cc1,7.286004066467285,7.66373348236084,7.4748687744140625
CN1CCN(C2=Cc3ccccc3Oc3cccc(OCCN4CCN(c5cccc(Cl)c5Cl)CC4)c32)CC1,7.587522029876709,8.003561019897461,7.795541524887085
Oc1cc2c(OCCNCCCF)ccc(OCCOc3ccc(F)cc3F)c2[nH]1,8.998417854309082,7.712167739868164,8.355292797088623
CN1CCN(C2Cc3ccccc3Sc3ccc(I)c(Cl)c32)CC1,8.507192611694336,8.976971626281738,8.742082118988037
CN1CCN(C2=Cn3cccc3Sc3ccc(F)cc32)C1,8.12191104888916,8.428165435791016,8.275038242340088
CN1CC(N2CCN(c3ccc(C(F)(F)F)cc3)C2=O)CC1(C)C,6.630541324615479,8.545873641967773,7.588207483291626
Oc1[nH]c(CN2CCC(c3ccc(F)cc3)CC2)c2ccc(I)cc12,7.708583354949951,6.344872951507568,7.02672815322876
N#Cc1ccc2[nH]cc(CCCCN3CCN(c4ccc5[nH]ccc5c4)CC3)c2c1,7.777983665466309,7.459677696228027,7.618830680847168
O=C(NCCCCN1CCN(c2nsc3ccccc23)CC1)c1ccc(F)cc1,7.716017723083496,8.776411056518555,8.246214389801025
O=C1N(CCCF)CCN1c1cccc2c1CCCC2,8.378500938415527,6.750082015991211,7.564291477203369
COc1ccccc1N1CCN(CCc2c[nH]c3ccc(OCCCN4CCCC4)cc23)CC1,7.7860870361328125,7.585397720336914,7.685742378234863
OC1(c2ccc(I)cc2)CCN(CCCCn2ccc(F)cc2)CC1,,,
CCCN(CCN1CCN(c2ccc(-c3ccccc3)cn2)CC1)C1CCc2ccc(O)cc2C1,7.130110740661621,8.613134384155273,7.871622562408447
Cc1ccc2c(N3CCN(CCc4cccc(-c5ccccc5)c4)CC3)cccc2n1,7.434859752655029,7.006354808807373,7.220607280731201
Cc1ccc2c(CCNCC3CCc4ccc(O)cc4OCC3)c[nH]c2n1,7.429125785827637,7.314779758453369,7.371952772140503
Oc1[nH]cc2ccc(OCCCN3CCN(c4cccc5c4CCc4ccccc45)CC3)cc12,8.089154243469238,8.130058288574219,8.109606266021729
Oc1cc2c(OCCNCc3cccc(I)c3)ccc(F)c2[nH]1,9.114763259887695,7.824320316314697,8.469541788101196
Cc1ccc2c(N3CCN(CCc4ccccn4)CC3)cccc2[nH]1,,,
CN1CCc2ccccc2Cc2ccc(O)c(Cl)c2CC1,7.957935810089111,7.550389289855957,7.754162549972534
COc1ccccc1N1CCN(CCCCOc2ccc3cn(C)nc3c2)CC1,7.904246807098389,7.767839908599853,7.836043357849121
CCCN(CCN1CCN(c2ccccc2)CC1)C1CCc2c(O)cccc2C1,7.368458271026611,8.235482215881348,7.8019702434539795
CCCN(CCN1CCN(c2cccc3ncccc23)C1=O)C1CCc2c(F)cccc2C1,6.929070949554443,7.813965797424316,7.37151837348938
O=C(NCCN1CCN(c2cccc(Cl)c2Cl)CC1)C1CCC(c2c[nH]c3ccc(F)cc23)CC1,7.315254211425781,7.110874176025391,7.213064193725586
CCNCC(O)COc1ccccc1I,5.203029155731201,5.224371433258057,5.213700294494629
CCN(CCCN1CCN2CCc3ccccc3CC2C1)C1CCc2ccc(O)cc2C1,6.790294647216797,7.345591068267822,7.06794285774231
CCN1CCCCCC1CNC(=O)c1c(I)ccc(I)c1Cl,8.415270805358887,8.457725524902344,8.436498165130615
COc1c(OCCF)cccc1C(O)CCC1CCN(CCCC(N)=O)CC1,6.854391574859619,6.321513652801514,6.587952613830566
Oc1[nH]cc2cc(F)c(OCCCN3CCN(c4cccc5cccc(F)c45)CC3)cc12,8.04649829864502,7.654065132141113,7.850281715393066
CCN(CCCCCCN1CCN(c2cccc(Cl)c2Cl)CC1)C1CCc2ccc(O)cc2C1,8.089963912963867,8.54824161529541,8.319102764129639
O=C(NCCCCN1CCN(c2cccc(Cl)c2Cl)CC1)c1cccc2c1-c1ccccc1C2=O,6.6872968673706055,8.366487503051758,7.526892185211182
Cc1ccc2c(N3CCN(CCc4cccc5c4CCC(=O)N5CCC4)CC3)cccc2n1,,,
COc1ccccc1N1CCN(CCCSc2nc(O)c3ccccc3n2)CC1,7.779360294342041,8.16279411315918,7.97107720375061
c1ccc(N2CCN(CCCCCOc3ccc4[nH]cnc4c3)CC2)cc1,7.816445350646973,7.16469669342041,7.490571022033691
c1ccc(N2CCN(CCCCNCc3ccccc3Cc3ccc4ccccc4c3)CC2)cc1,6.502427101135254,6.828134059906006,6.66528058052063
CCCN1CN(c2cccc(C#CCCCCN3CCN(c4ccccc4OC)CC3)c2)CC1,7.510993957519531,7.724875450134277,7.617934703826904
O=C1N(CCN2CCCCCC2)CCN1CCN(c1ccccc1Cl)c1ccccc1Cl,7.879789352416992,6.91236686706543,7.396078109741211
O=C1Cc2ccc(CCCCN3CCN(c4cccc5cc[nH]c45)CC3)cc2N1,8.774499893188477,7.909513473510742,8.34200668334961
NCCCN1CCCC2Cc3ccccc3CCC21,5.949583530426025,5.791797161102295,5.87069034576416
Oc1[nH]cc2cc(F)c(OCCCCN3CCN(c4cccc5ccoc45)CC3)cc12,8.514772415161133,8.349486351013184,8.432129383087158
CN1CCc2ccc3cc2Cc2ccc(O)cc2CC1,,,
CCCN1CCCC(c2cccc(OCC(=O)NCC3CCC(CNC(=O)c4cccc(Cl)c4)CC3)c2)C1,6.1208038330078125,6.884757995605469,6.502780914306641
COc1c(OCCF)ccc(C(=O)CCCN2CCN(c3ccccc3Cl)CC2)c1OC,7.127470970153809,7.958498954772949,7.542984962463379
Clc1ccc(N2CCN(CCCCCn3ccnc3)CC2)c2ccc(CCCN3CCN(c4ccccc4Cl)CC3)cc1,,,
CCCN1CCCCC2Cc3cc(O)ccc3CC21,7.1228437423706055,8.170502662658691,7.646673202514648
CCCN(CCN1CCN(c2cccc(Cl)c2Cl)CC1)C1CCc2c(O)cccc2C1,7.985079765319824,8.79438304901123,8.389731407165527
CC1CN(CCN2CCC(c3ccc(F)cc3)CC2)CCN1CC1CCC(Cc2ccc(F)cc2)CC1,5.819038391113281,6.551782131195068,6.185410261154175
N#Cc1ccnc(N2CCN(CCCCc3c[nH]c4ccc(-n5cnnn5)cc34)CC2)c1,7.381299018859863,6.775675296783447,7.078487157821655
COc1ccccc1N1CCN(CCCCc2ccc3c(c2)CCCN3CCCN2CCN(c3ccccc3OC)CC2)CC1,7.368753433227539,6.957473278045654,7.163113355636597
CCN(CCCCN1CCN2CCCC2C1)c1cccc(Cl)c1,6.138258934020996,7.7091779708862305,6.923718452453613
Oc1[nH]c2ccc(F)cc2c1CCCCN1CCN(c2cccc3ccccc23)CC1,8.035866737365723,7.975886821746826,8.005876779556274
CCN1CCN(c2nccc(C#N)c2Cl)CC1,7.188207149505615,6.992587566375732,7.090397357940674
COc1ccccc1N1CCN(CCCCOc2ccc3cccc(O)c3c2)CC1,8.224072456359863,8.491873741149902,8.357973098754883
COc1ccccc1N1CCN(CCCCNC(=O)c2coc3ccccc23)CC1,7.245879173278809,8.656658172607422,7.951268672943115
O=C(CCCN1CCN(c2cccc(Cl)c2Cl)CC1)c1cc2ccccc2[nH]1,8.162886619567871,8.312719345092773,8.237802982330322
Oc1[nH]c2cc(F)c(NCCCCN3CCN(c4cccc5ccccc45)CC3)cc2c1CCN1CCN(c2ccccc2)CC1,7.714564800262451,7.310420989990234,7.512492895126343
CN1CCN(C2Cc3ccccc3Sc3ccc(Cl)cc32)CC1,9.140546798706056,8.702611923217773,8.921579360961914
CCCN(CCN1CCN(c2ccccc2)CC1)C1CCc2ccc(O)cc2C1,7.061977386474609,8.358572006225586,7.710274696350098
COc1c(C2CCN(CCC3(c4ccc(Cl)c(Cl)c4)CCC(=O)N(CC4CC4)C3)CC2)cc(C)c2c1CCCN2,7.152194976806641,7.271384239196777,7.211789608001709
Oc1[nH]cc2ccc(OCCCN3CC=C(c4cccc5ccccc45)CC3)cc12,8.018477439880371,8.29637622833252,8.157426834106445
Oc1[nH]cc2c(CCCCNCCOc3cccc4c3CCCC4)cccc12,8.235490798950195,7.678706169128418,7.957098484039307
CCCN(CCN1CCN(c2ccccc2)CC1)C1CCc2ccc(O)cc2C1,7.061977386474609,8.358572006225586,7.710274696350098
N#Cc1ccc(N2CCN(CCCCNC(=O)c3cc4ccccc4s3)CC2)cc1,6.592568397521973,8.329021453857422,7.460794925689697
Oc1cc2cc3cccc(CN4CCN(c5cccc6ccccc56)CC4)c3oc2cc1O,,,
CN(CCCCCCCN(CCCCCC1CCCCCN1CCN(c2ccccc2Cl)CC1)C1CCc2ccc(Cl)c(Cl)c2C1,,,
O=C(CCCN1CCN(c2ccccc2Cl)CC1)c1ccc2c(c1)OCO2,7.582121849060059,8.175342559814453,7.878732204437256
c1ccc(N2CCN(CCC3CCC(Nc4cccc(-c5nc6ccccc6[nH]5)n4)CC3)CC2)cc1,7.531815528869629,7.50133752822876,7.516576528549194
O=C1N(C2CCCCC2)CCN1CCC1CN(Cc2cccc(C(F)(F)F)c2)CC1,7.244375228881836,8.157167434692383,7.700771331787109
Fc1ccc(N2CCN(CCCCCNCC3Cc4ccccc4Cc4ccccc4O3)CC2)cc1,7.158080577850342,6.661383628845215,6.909732103347778
CCCCN1CN(c2ccc(C)cc2)C2(CCN(CCCCc3ccc(F)cc3)CC2)C1=O,8.783622741699219,7.959036350250244,8.371329545974731
O=C(O)CCCN1CCC(CNCCc2cccc3ccccc23)CC1,5.272305488586426,5.699215412139893,5.485760450363159
Oc1ccc2c(CCCCN3CCN(c4cccc5ccccc45)CC3)noc2c1,8.131153106689453,8.481922149658203,8.306537628173828
CCN(CCCCN1CCN(c2ccccc2Cl)CC1)CC1c2ccccc2C(=O)N1CCN(CCCc2ccccc2)CC1,,,
O=C1N(CCN2CCN(c3cccc(Cl)c3Cl)CC2)CCN1c1cccc(Cl)c1,7.528343200683594,7.927173614501953,7.727758407592773
NCCCN1CCc2cccc3c2CC1Cc1ccc(O)c(O)c1-3,7.722109794616699,8.616634368896484,8.169372081756592
COc1ccccc1N1CCN(CCCCNC(=O)c2ccc(OCCOCCOCCF)c3ccccc3OCC3CCCN3)cc2)CC1,,,
CCN1CCc2cc(Cl)cc3[nH]cc(C)c3c2C1,,,
O=C(NCCCCN1CCN(c2ccccc2OCCF)CC1)c1cc2ccccc2[nH]1,7.628671169281006,9.173263549804688,8.400967359542847
CCOc1ccccc1N1CCN(CCCCNC(=O)c2ccc3ccccc3c2)CC1,7.255029201507568,9.07689094543457,8.16596007347107
Oc1ccc2c(c1)OC(CNCc1coc3ccccc13)CC2,8.741687774658203,8.306835174560547,8.524261474609375
CCCN1CCCC1CNC(=O)c1c(O)cOCCCF,,,
Oc1cc2ccc3c(c2[nH]1)CCC(CNCCCCSc1c[nH]c2ccc(F)cc12)CC3,7.646991729736328,7.797211170196533,7.722101449966431
COc1ccccc1N1CCN(CCCCNC(=O)C=Cc2ccccc2)CC1,7.524115562438965,8.93630599975586,8.230210781097412
O=C(NCCCCN1CCN(c2cccc(Cl)c2Cl)CC1)c1cc2ccccc2s1,7.238006114959717,9.093591690063477,8.165798902511597
N#Cc1ccc2[nH]c(C3CCN(CCC(=O)c4cccc(I)c4)CC3)nc2c1,7.73027229309082,6.8917236328125,7.31099796295166
COc1ccccc1N1CCN(CCCCNC(=O)c2sc3ccccc3c2Cl)CC1,7.506882667541504,8.656256675720215,8.08156967163086
O=C(NC1CCc2ccc(CCN3CCN(c4nsc5ccccc45)CC3)cc21)c1ccc(F)cc1,7.640168190002441,6.56119441986084,7.100681304931641
N#Cc1ccc(N2CCN(CCCCc3ccc4c(c3)CNC4=O)CC2)cc1Cl,7.071898460388184,7.460204124450684,7.266051292419434
O=C(NCCCCN1CCN(c2ccc(Cl)c(Cl)c2)CC1)c1cc2ccccc2[nH]1,6.433948040008545,8.612236976623535,7.52309250831604
CCCN(CCC1CCC(NC(=O)c2ccc3ccccc3c2)CC1)C1CCc2nc(N)sc2C1,6.920759677886963,8.741766929626465,7.831263303756714
Oc1cc2c(OCCNCc3ccccc3Cl)ccc(F)c2[nH]1,8.77035140991211,7.300922393798828,8.035636901855469
Nc1ccc2c(CCCNCC3CCc4ccc(O)cc4O3)n[nH]c2c1,9.152141571044922,8.25815486907959,8.705148220062256
CCCN1CCCCC(c2cccc(O)c2)C1,6.299288272857666,7.054817199707031,6.677052736282349
N#Cc1ccc2[nH]cc(CCCCN3CCN(c4cccc(-c5cccs5)c4)CC3)c2c1,7.662139415740967,8.011419296264648,7.836779356002808
Oc1[nH]c2ccc(F)cc2c1CCCCN1CC=C(c2ccccc2)CC1,8.096967697143555,8.53792953491211,8.317448616027832
CCNCC1Cc2ccccc2Cc2cc(O)ccc21,6.2411394119262695,6.831958770751953,6.536549091339111
CC(C)(CCN1CCN(c2cccc3[nH]ccc23)CC1)C1CCc2ccc(O)cc2C1,7.880722522735596,8.379518508911133,8.130120515823364
O=C1N(CCN2CCN(c3ccccc3)CC2)CCN1c1cccc(Cl)c1,6.810571193695068,6.981840133666992,6.89620566368103
N#Cc1ccc(N2CCN(CCCCN3CCN(c4ccccc4OCCF)CC3)CC2)cc1Cl,7.506516456604004,8.03565788269043,7.771087169647217
O=C1CCc2c(cccc2N2CCN(c3ccc(F)cc3)CC2)CN1C1CCC(N2Cc3ccccc3N2)CC1,6.564521312713623,7.044290542602539,6.804405927658081
COc1ccccc1N1CCN(CCCCNC(=O)c2cccc3c2CCCC3)CC1,8.008203506469727,8.290754318237305,8.149478912353516
CCCN(CCN1CCN(c2cccc3c2CCO3)CC1)C1CCc2c(O)cccc2C1,7.822169303894043,8.888333320617676,8.35525131225586
N#Cc1ccc(NCCCN2CCN(c3cc(Cl)ccc3Cl)CC2)nc1,7.382850646972656,6.489449977874756,6.936150312423706
CCCN(CCN1CCN(c2cnc3ccccc3n2)CC1)C1CCc2ccc(O)cc2C1,6.764573097229004,8.640225410461426,7.702399253845215
CCCN(CCN1CCN(c2ncc(-c3ccccc3)c3ccccn23)CC1)C1CCc2cc(O)ccc2C1,,,
CC1NC(N)=Nc2cccc(Cl)c21,7.889018535614014,5.803968906402588,6.846493721008301
COc1cccc(C(=CCN2CC3Cc4c(OC)cccc4CC3C2)c2ccccc2)c1,6.138058662414551,6.926088333129883,6.532073497772217
O=C1N(CCN2CCC(Cc3ccccc3)CC2)CCN1c1cccc(Cl)c1,7.807153701782227,7.505068302154541,7.656111001968384
CCCN1CCCC2Cc3n[nH]cc3CC21,7.44373893737793,7.752826690673828,7.598282814025879
CN1CCN(C2CC(c3ccc(F)cc3)c3ccc(Cl)cc32)CC1(C)C,7.741886615753174,7.0761308670043945,7.409008741378784
CN1CCN(C2Cc3ccccc3Sc3ccc(F)cc32)CC1,9.00782871246338,8.473590850830078,8.740709781646729
Oc1ccc2c(c1)OCCN(CCCCN1CCN(c3ccc(F)cc3)CC1)CC2,7.216753005981445,8.005756378173828,7.611254692077637
CCCN(CCN1CCN(c2ccccc2OC)CC1)C1CCc2c(O)cccc2C1,8.0911283493042,8.516033172607422,8.30358076095581
OC1(c2ccc(Br)cc2)CCN(CCCCc2ccccc2)CC1,6.6637773513793945,6.781858921051025,6.72281813621521
CCCN(CCCCCN=C1C(=O)CC(Cc2ccc(OC)cc2)CC1=O)C1CCc2nc(N)sc2C1,6.653402328491211,6.601298332214356,6.627350330352783
Oc1[nH]cc2ccc(OCCCN3CCN(c4cccc5cccc(F)c45)CC3)c(F)c12,8.132925987243652,7.728168487548828,7.93054723739624
CCN1CCN(c2cccc(-c3c[nH]c(C#N)c3)n2)CC1,6.611178398132324,7.001926898956299,6.8065526485443115
N#Cc1ccc2[nH]cc(CCCCN3CCN(c4cccc5nc(-c6ccccc6)ccc45)CC3)c2c1,7.678712368011475,8.049945831298828,7.864329099655151
NCCN1CCN(c2cccc(C(=O)NCCCCN3CCN(c4cccc(Cl)c4Cl)CC3)c2)CC1,6.914604187011719,8.366263389587402,7.6404337882995605
Cc1c(-c2ccc3n[nH]c(N)c3c2)nnn1Cc1ccccc1Cl,6.413848400115967,5.884376525878906,6.1491124629974365
CCN1CCCCC1CNC(=O)c1c(OC)cccc1I,7.761475086212158,8.114632606506348,7.938053846359253
O=C1NC2CCCCC2N1CCC1CCC(Nc2cccc(Cl)c2Cl)CC1,9.11056900024414,8.934640884399414,9.022604942321777
OC1(c2ccc(I)cc2)CC2CCC(C1)N2CCCOc1cccc2c1CCC2,8.03646469116211,8.147948265075684,8.092206478118896
CCCN(CCN1CCN(c2cccc(-c3ccc(C)cc3)c2)CC1)C1CCc2cc3[nH]ccc3cc2C1,7.220686912536621,7.785378456115723,7.503032684326172
N#Cc1ccc2[nH]cc(CCCCN3CCN(c4cccc5nc(C#N)[nH]c45)CC3)c2c1,7.95549201965332,7.728907585144043,7.842199802398682
CN1CCN(c2cccc3c2CCCC3)C1Cc1ccccc1,6.792376518249512,6.892244338989258,6.842310428619385
Oc1cc2c(OCCNCCN3CCN(c4ccccc4Cl)CC3)ccc(F)c2[nH]1,8.581485748291016,7.664556980133057,8.123021364212036
CN1CCN(C2Cc3ccccc3Cc3ccc(F)cc32)CC1,7.625335693359375,7.411759376525879,7.518547534942627
Oc1[nH]cc2c(F)c(Oc3ccc(Br)cc3)ccc12,7.766704559326172,5.939298629760742,6.853001594543457
Oc1ccc2c(c1)OC(CNCCC13CCCN(CCCCCCC=Cc4ccccc4)C3)CC2,,,
CCCN(CCN1CCN(c2cccc3cc[nH]c23)CC1)C1CCc2ccc(O)cc2C1,7.936832427978516,8.811960220336914,8.374396324157715
CN1CCN(C2=Cn3cccc3Sc3ccc(Cl)cc32)CC1,8.414504051208496,8.474985122680664,8.44474458694458
Oc1ccc2[nH]cc(CCCCN3CC=C(c4ccccc4)CC3)c2c1,8.448203086853027,8.916884422302246,8.682543754577637
Oc1nc2cc(N3CCN(CCCCOc4cccc5cccc(Cl)c45)CC3)ccc2[nH]1,7.759062767028809,7.711050987243652,7.7350568771362305
N#Cc1cccc(N2CCN(CCCNC(=O)c3cncc4ccccc34)CC2)c1,6.030295848846436,6.594452857971191,6.3123743534088135
COc1ccccc1N1CCN(CCCCNC(=O)c2ccc(C#CCc3ccc(F)cc3F)cc2)CC1,7.271525859832764,7.731573104858398,7.501549482345581
CCCN(CCN1CCN(c2cccc(Cl)c2)CC1)C1CCc2c(O)cccc2C1,7.389568328857422,8.714975357055664,8.052271842956543
O=C(NCCCCN1CCN(c2cccc(Cl)c2Cl)CC1)c1ccc2c(c1)-c1ccccc1C2=O,6.778696537017822,8.90671157836914,7.8427040576934814
COc1ccccc1N1CCN(CCCCCNC(=O)c2ccco2)CC1,7.503466606140137,7.408239364624023,7.45585298538208
CCN1CCN(c2ccc(C(c3ccc(F)cc3)C34CCC(=O)CC4)cc2)CC1,,,
Oc1ccc2c(CF)c(OCCCCN3CC=C(c4cccc5ccc(F)cc45)CC3)ccc2[nH]1,,,
CN1CCN(C2CC(c3ccc(F)cc3)c3ccc(F)cc32)CC1(C)C,7.665617942810059,7.037625789642334,7.351621866226196
CCc1cc(N2CCN(CCCCCNC(=O)CCCCN3CCN(c4cccc(C(F)(F)F)c4)CC3)CC2)cc(C(F)(F)F)c1,8.00502872467041,7.736486434936523,7.870757579803467
CCCN(CCN1CCN(c2cccc3ccccc23)CC1)C1CCc2c[nH]c3ccc(F)cc23,,,
COc1ccc2c(c1OCCNCC1COc3cccc(O)c3OC1)CCCC2,7.3049540519714355,7.063109397888184,7.18403172492981
CCCN(CCN1CCN(c2cccc3cccnc23)CC1)C1CCc2c(O)cccc2C1,7.965081214904785,8.778881072998047,8.371981143951416
Fc1ccc(F)c(N2CCN(CCCCCNc3ccnc4cc(F)ccc34)CC2)c1,8.210830688476562,6.715974807739258,7.46340274810791
OC1(c2ccc(Cl)c(Cl)c2)CC2CCC(C1)N2Cc1coc2ccccc12,7.604947090148926,8.592601776123047,8.098774433135986
O=C1CCc2ccc(OCCCCN3CCN(c4cccc(Cl)c4Cl)CC3)nc2N1,8.820858001708984,7.946710586547852,8.383784294128418
N#Cc1ccc(N2CCN(CCCCc3c[nH]c4ccc(I)cc34)CC2)cc1Cl,7.196325302124023,7.342073917388916,7.26919960975647
O=C1N(CCN2C3CCC2CCCCC3)CCN1c1cccc(Cl)c1,7.866751670837402,8.349820137023926,8.108285903930664
O=C(NCCCCN1CCN(c2ccc(Cl)cc2Cl)CC1)c1cccc2c1ccc1[N+]2=O,,,
Oc1c2c(nc3c(Cl)cccc13)CCNCC2,6.473478317260742,5.985395908355713,6.2294371128082275
CCCN(CCN1CCN(c2cccc3[nH]c(-c4cccc(C(F)(F)F)c4)nc23)CC1)C1CCc2ccc(O)cc2C1,7.887764930725098,7.9659743309021,7.926869630813599
C1=C(c2cnc3ccc(NCCCN4CCN(c5cccc(Cl)c5Cl)CC4)n3c2)CCN(CC1)CC1CC1,7.185975074768066,7.705315589904785,7.445645332336426
CCCN(CCN1CCN(c2cccc3c2Cc2ccc(OC)cc2CC3)CC1)C1CCc2ccc(O)cc2C1,7.180685043334961,8.388628005981445,7.784656524658203
CN1CCc2ccc3c(c2C1)CN(CCCc1ccccc1)C3=O,6.440837383270264,6.563081741333008,6.501959562301636
O=C(NCCCN1CCN(c2ccc(Cl)c(Cl)c2)CC1)c1cccc2c1-c1ccccc1C2,5.932580471038818,6.429636001586914,6.181108236312866
COc1cccc(N2CCN(CCCCNC(=O)c3ccc4ccccc4c3)CC2)c1,6.577906131744385,8.205933570861816,7.391919851303101
O=C1N(CCN2CCC(C(=O)c3ccc(F)cc3)CC2)CCN1c1cccc(Cl)c1,7.594285488128662,7.748126029968262,7.671205759048462
N#CCN(CCCCN1CCN(c2ccccc2OCCF)CC1)c1cccc(Cl)c1,7.15326452255249,7.246238708496094,7.199751615524292
Oc1ccc2[nH]cc(CC3CCN(CCc4ccccc4)CC3)c2c1,6.84652042388916,7.194260597229004,7.020390510559082
CCCN(CCN1CCN(c2ccccc2)CC1)C1CCc2ccc(O)cc2C1,7.061977386474609,8.358572006225586,7.710274696350098
CCCN(CCN1CCN(c2cccc3ccccc23)CC1)C1CCc2c(O)cccc2C1,8.05475902557373,8.830840110778809,8.44279956817627
Oc1cc2c(OCCNCCCc3ccccc3)cccc2[nH]1,8.298656463623047,7.827644348144531,8.063150405883789
O=C(CCCN1CCC2(CC1)C(=O)N(CCCN1CCN(c3cccc(Cl)c3Cl)CC1)Cc1ccccc12,,,
CCCN(CCN1CCN(c2cccc(Cl)c2Cl)CC1)C1CCc2c(O)cccc2C1,7.985079765319824,8.79438304901123,8.389731407165527
CCCN(CCN1CCN(c2cccc3ccccc23)CC1)C1CCc2ccc(O)cc2C1,7.852016448974609,8.869157791137695,8.360587120056152
N#Cc1cccc(CCN2CCN(c3ccccc3)CC2)c1,6.853795051574707,6.644197463989258,6.748996257781982
COc1ccccc1N1CCN(CCCCc2cccc(OC(F)(F)F)c2)CC1,7.553498268127441,7.510928630828857,7.532213449478149
Oc1ccc2[nH]cc(CCCCN3CC=C(c4ccccc4)CC3)c2c1,8.44819450378418,8.916884422302246,8.682539463043213
CCN1CCCC1CNC(=O)c1cc(Br)ccc1OCCCN1CCC2C(C1)c1ccccc1O2,7.411469459533691,7.950256824493408,7.68086314201355
Oc1ccc2c(CCCCN3CCN(c4cccc5ccccc45)CC3)noc2c1,8.131153106689453,8.481922149658203,8.306537628173828
O=C(NCCCCN1CCN(c2cccc(Cl)c2Cl)CC1)c1cc2ccccc2cn1,6.880761623382568,9.034955978393556,7.957858800888062
O=C(NCCCCN1CCN(c2ccc(Cl)c(Cl)c2)CC1)c1cc2ccccc2n1CCF,6.090590953826904,7.795835971832275,6.94321346282959
Oc1[nH]cc2[nH]c(C3CCN(CCCCCCCCN4CCN(c5cccc(Cl)c5Cl)CC4)CC3)cc12,7.626372337341309,7.298910140991211,7.46264123916626
Cc1ccc2c(OCCNCCCN3CCc4ccccc4CC3)cccc2n1,7.194948673248291,6.980729579925537,7.087839126586914
CCN1CCOc2cc(O)c3c(c2)CC1C2CCCCC2,,,
Fc1cccc(N2CCN(CCCCN=CC3Cc4ccccc4N3)CC2)c1F,7.032922267913818,7.048702239990234,7.040812253952026
CCCN(CCCCCN1CCN(c2cccc(Cl)c2Cl)CC1)C1CCc2ccc(O)cc2C1,8.14960765838623,8.603418350219727,8.376513004302979
CN1CCc2c(sc3ncn(CCN4CCN(c5cccc6[nH]ccc56)CC4)c(=O)c23)C1,8.01723861694336,7.334115982055664,7.675677299499512
CN1CCN(C2Cc3ccccc3Sc3ccc(Cl)cc32)CC1,9.140546798706056,8.702610969543457,8.921578884124756
Oc1ccc2[nH]cc(CCCN3CCN(c4cccc5cccc(F)c45)CC3)c2c1,8.547887802124023,7.011099815368652,7.779493808746338
CCCN(CCN1CCN(c2cccc3ccccc23)CC1)C1CCc2ccc(O)cc2C1,7.852016448974609,8.869171142578125,8.360593795776367
c1ccc(N2CCN(CCCCc3c[nH]c4ncccc34)CC2)cc1,7.123662948608398,7.202466011047363,7.163064479827881
Cc1nc(CCN2CCN(c3cccc(Cl)c3Cl)CC2)no1,6.921835899353027,6.527979373931885,6.724907636642456
CCCN(CCCCN1CCN(c2cccc(Cl)c2Cl)CC1)C1CCc2cccnc2C1,7.661418914794922,8.2681884765625,7.964803695678711
Oc1[nH]cc2ccc(OCCCN3CCN(c4cccc5ccccc45)CC3)cc12,8.251432418823242,8.164287567138672,8.207859992980957
COc1ccccc1N1CCN(CCCCNC(=O)c2cc3ccccc3[nH]2)CC1,7.458228588104248,9.089479446411133,8.27385401725769
N#Cc1ccc2c(N3CCN(CCCCN4CCN(c5ccc(F)cc5)CC4)CC3)cccc2c1,7.380155563354492,7.98399543762207,7.682075500488281
Oc1cc2c(OCCNCC3CCc4ccc(F)cc4O3)ccc(F)c2[nH]1,10.12116527557373,8.003883361816406,9.062524318695068
O=C(NCCCCN1CCN(c2cccc(Cl)c2Cl)CC1)c1cccc2c1-c1ccccc1C2,6.840058326721191,8.24310302734375,7.541580677032471
CCN1CCN(CCCCN2c3ccccc3Sc3ccc(F)cc32)CC1,7.471219539642334,7.816526889801025,7.64387321472168
Oc1[nH]cc2cc(F)c(OCCCCN3CCN(c4cccc5ccc(F)cc45)CC3)c(F)c12,8.166563034057617,7.9384565353393555,8.052509784698486
CCCN1CCCC(c2ccc(C(=O)c3ccc(C)cc3)cc2)C1,5.494350910186768,6.116076946258545,5.805213928222656
O=C(NC1CCc2ccc(CCN3CCN(c4nsc5ccccc45)CC3)cc21)c1cccs1,7.400638580322266,6.586479663848877,6.993559122085571
CCCN(CCN1CCN(c2ccc(Cl)cc2)C1=O)C1CCc2ccc(O)cc2C1,7.105411052703857,8.0420560836792,7.573733568191528
CN1CCc2c(c3cccc(O)c3oc2CC1,,,
Oc1c2c(OCCNCCCSc3ccc(-c4nc5ccccc5[nH]4)cc3)cccc2[nH]1,,,
Oc1ccc2c(c1)OC(CNCCCN1CCN(c3cccc(Cl)c3Cl)CC1)CC2,9.147972106933594,8.325576782226562,8.736774444580078
Oc1cc2cc(OCCN3CCN(c4ccccc4)CC3)ccc2[nH]1,7.836969375610352,6.9664154052734375,7.4016923904418945
C1=C(c2ccccc2)CCN(CCCc2c[nH]c3ccc(C(=O)N4CCCC4)cc23)C1,7.093976974487305,7.411263942718506,7.252620458602905
CCCN(CCN1CCN(c2ccccc2OC)CC1)c1cccc(Cl)c1,7.902784824371338,7.236576080322266,7.569680452346802
CCN1CCN(c2cccc(C3CCC(N4CCN(c5ccccc5Cl)CC4)CC3)n2)CC1,6.881912708282471,6.507481098175049,6.69469690322876
CCCN(CCN1CCN(c2ccccc2C#N)CC1)C1CCc2ccc(O)cc2C1,7.496461391448975,8.617944717407227,8.0572030544281
OC1(c2ccc(I)cc2)CCCN(Cc2ccccc2)CC1,6.469982624053955,6.387876987457275,6.428929805755615
CCN1CCN(c2cccc(CCN3CCN(c4cccc5nc(C)ccc45)CC3)c2)CC1,7.354053497314453,6.808237552642822,7.081145524978638
CCCN(CCN1CCN(c2cccc3ccccc23)CC1)C1CCc2ccc(O)cc2C1,7.852016448974609,8.869157791137695,8.360587120056152
Oc1ccc2c(CCCNCCCc3ccccc3)c[nH]c2c1,7.349080085754394,7.245946407318115,7.297513246536255
N#Cc1ccc(N2CCN(CCCCNC(=O)CCc3ccccc3)C2=O)cc1,7.611902236938477,7.020168781280518,7.316035509109497
c1cnc(N2CCN(CCCCCCN3CCN(c4cccc5ccccc45)CC3)CC2)nc1,7.26357889175415,6.997037410736084,7.130308151245117
COc1cccc(N2CCN(CCCCCn3ncc(Cl)c(Cl)c3=O)CC2)c1,6.963654041290283,7.631610870361328,7.297632455825806
O=C(NCCCCN1CCN(c2cccc(Cl)c2Cl)CC1)c1cccc2cnccc12,7.12771463394165,8.762462615966797,7.945088624954224
O=C(NCCN1CCN(c2cccc3c2CCCC3)CC1)c1cccc2ccccc12,7.538443565368652,6.900816440582275,7.219630002975464
Oc1[nH]cc2cc(F)c(OCCCN3CCN(c4cccc5cccc(F)c45)CC3)cc12,8.04649829864502,7.654010772705078,7.850254535675049
CCCN(CCN1CCN(c2ccccc2O)CC1)C1CCc2ccc(O)cc2C1,7.675475597381592,9.087706565856934,8.381591081619263
N#Cc1ccccc1N1CCN(CCCCNS(=O)(=O)c2ccc(OCCN3CCN(c4ccccc4)CC3)cc2)CC1,7.206815242767334,7.3019118309021,7.254363536834717
O=C(NCCCCN1CCN(c2cccc(Cl)c2Cl)CC1)c1ccc(C2CCc3ccc(O)cc3C2)cc1,7.244601726531982,8.650276184082031,7.947438955307007
OC1(c2ccc(F)cc2)CC2CCC(C1)N2Cc1coc2ccccc12,7.858871936798096,8.073592185974121,7.966232061386108
c1ccc(N2CCN3CCC(c4c[nH]c5ncccc45)CC3C2)nc1,6.051745891571045,5.799380779266357,5.925563335418701
CCN1CCCC1CNC(=O)c1c(F)cccc1-c1nc2cccc(C)c2[nH]1,6.521259784698486,6.989537239074707,6.755398511886597
CC(C)NCC(O)COc1cccc2c2c1CCC1C2CCC21,,,
O=C1N(C2CCC(CCN3CCC(c4cccc(C(F)(F)F)c4)CC3)CC2)CCN1c1ccc2ccccc2c1,7.280213832855225,7.293407440185547,7.286810636520386
Oc1ccc2c(c1)OC(CNCCCN1CC=C(c3cccc4ccccc34)CC1)CC2,8.595136642456055,8.416291236877441,8.505713939666748
NCCCc1ccccc1Oc1ccc(C(N)CCOc2cccc3[nH]ccc23)c2ccccc12,5.491351127624512,6.629340648651123,6.060345888137817
N#Cc1ccc2[nH]c(Oc3ccc(Cl)cc3)nc2c1,7.259984970092773,4.824728012084961,6.042356491088867
Oc1oc2cc(OCCCN3CC=C(c4c[nH]c5ccccc45)CC3)ccc2[nH]1,,,
O=C(NCCCCN1CCN(c2cccc(Cl)c2Cl)CC1)c1ccc(F)cc1,7.551733493804932,8.872730255126953,8.212231874465942
CCCN(CCN1CCN(c2cccc3[nH]ccc23)CC1)C1CCc2ccc(O)cc2C1,7.947385787963867,8.743558883666992,8.34547233581543
Oc1[nH]cc2ccc(OCCCCN3CCN(c4cccc(Cl)c4Cl)CC3)cc12,8.518853187561035,8.852020263671875,8.685436725616455
O=C(NCC=CCN1CCN(c2cccc(Cl)c2Cl)CC1)c1ccc(SCCc2ccccc2)cc1,7.358558654785156,8.120782852172852,7.739670753479004
N#Cc1cccc2c1C1CCN(CCc3ccn4ncnc(N)c34)C1,,,
O=C1N(CCN2CCN(c3cccc(Cl)c3Cl)CC2)CCN1c1cccc(Cl)c1,7.528343200683594,7.927173614501953,7.727758407592773
CCCN(CCN1CCN(c2cccnc2)CC1)C1CCc2c(O)cccc2C1,7.167099952697754,8.428499221801758,7.797799587249756
Oc1ccc2c(OCCCNCCc3ccccc3)c[nH]c2n1,7.55558967590332,7.717070579528809,7.6363301277160645
OCCCN(CCCN1CCN(c2ccccc2OCCF)CC1)c1ccc2ccccc2c1,6.74997615814209,7.110226631164551,6.93010139465332
Oc1[nH]cc2ccc(OCCCN3CCN(c4cccc5cccc(F)c45)CC3)cc12,8.2858247756958,7.846155166625977,8.065989971160889
Oc1ccc2c(c1)OC(CNCCCN1CCN(c3cccc(Cl)c3Cl)CC1)CC2,9.14795970916748,8.325576782226562,8.736768245697021
CCCN(CCN1CCN(c2ccccc2)CC1)C1CCc2ccc(O)cc2C1,7.061977386474609,8.358572006225586,7.710274696350098
CCOc1ccccc1N1CCN(CCCCNC(=O)CC2C3CCC2CCC3)CC1,7.403264045715332,8.287283897399902,7.845273971557617
CCN1CCOCCCOc2ccc(CCCN3CCN(c4cccc(Cl)c4Cl)CC3)cc2)CC1,,,
O=C1N(CCN2CCC(CCc3ccc(F)cc3)CC2)CCN1c1ccccc1,7.966135501861572,7.148688316345215,7.5574119091033936
FC(F)(F)c1cc2c(N3CCN(CCCCc4c[nH]c5ccccc45)CC3)ccnc2[nH]1,8.417790412902832,7.50568962097168,7.961740016937256
CCCNc1ccccc1Sc1ccc(CCNCCc2cnc3ccccc3[nH]2)c1,,,
O=C(NCCCCN1CCN(c2cccc(Cl)c2Cl)CC1)c1cccc2c1-c1ccccc1C2,6.840058326721191,8.24310302734375,7.541580677032471
NCCSc1cnc(Cl)c(C=Cc2ccccc2)c1,5.3133697509765625,7.188163757324219,6.250766754150391
COc1cc(NC(=O)CCCCCN2CCC3C(C2)c2cccc(OC)c2O3)ccc1-c1cnc(C)[nH]1,6.864628791809082,6.304118633270264,6.584373712539673
Cc1ccc2c(N3CCN(CCc4cccc5c4CCC(=O)N5C)CC3)cccc2n1,7.326031684875488,6.903675556182861,7.114853620529175
O=C1CCc2cccc(OCCCCN3CCN(c4cccc(Cl)c4Cl)CC3)c2N1,8.89596176147461,8.367976188659668,8.631968975067139
O=C(CCCN1C2CCC1CC(OC(c1ccc(F)cc1)c1ccc(F)cc1)C2)N1CCN(c2ccccc2F)CC1,6.562256336212158,6.871511459350586,6.716883897781372
O=Cc1cc2cc(OCCCCN3CCN(c4cccc(Cl)c4Cl)CC3)ccc2[nH]1,7.656755447387695,8.590408325195312,8.123581886291504
Cc1c(CN2CCN(C3CCc4ccccc4C3)CC2)noc1-c1ccc(C(F)(F)F)cc1,6.350236415863037,6.5719523429870605,6.461094379425049
Oc1nc2c(OCCNCCCc3cccc(Br)c3)cccc2[nH]1,8.151875495910645,7.969801425933838,8.060838460922241
O=C1N(CCN2CCN(c3cc(Cl)ccc3C(F)(F)F)CC2)CCN1c1ccccc1,7.505414485931396,7.597556591033935,7.551485538482665
N#Cc1cccn2cc(CN3CCN(c4cc(-c5ccc6cccc(Cl)c6c5)ncn4)CC3)ccc12,,,
CCCN1CCN(c2cccc(Cl)c2Cl)CC1,7.647202491760254,7.78090763092041,7.714055061340332
Oc1[nH]cc2c(CCN3CCN(c4cccc5cccc(F)c45)CC3)cccc12,8.1533842086792,6.522648334503174,7.3380162715911865
O=C1Cc2cc(Cl)cc(OCCCCN3CCN(c4cccc5cccc(Cl)c45)CC3)c2N1,8.266448974609375,7.973730087280273,8.120089530944824
CN1CCc2ccccc2Cc2ccc(O)c(O)c2CCC1,7.966386318206787,6.980147838592529,7.473267078399658
OCCN1CCN(C2=Nc3ccccc3Nc3cc(F)ccc32)CC1,6.333125591278076,7.080319404602051,6.7067224979400635
COc1ccccc1N1CCN(CCCCCN2CCCc3ccc(-c4cccc(C(F)(F)F)c4)cc3C2)CC1,7.483632087707519,6.912154674530029,7.197893381118774
O=C(CCCCN1CCN(c2ccccc2OCCF)CC1)c1ccc2ccccc2c1,8.101869583129883,8.366617202758789,8.234243392944336
CCOc1ccccc1N1CCN(CCCCc2ccc3c(c2)CCC(=O)N3)CC1,8.859612464904785,7.926264762878418,8.392938613891602
CC1CN(c2cccc3ccc(CCN4CCN(c5cscc5Cl)CC4)cc23)CCN1,6.947129249572754,7.079649448394775,7.013389348983765
CN1CCN(c2cccc(C(=O)NCCCCCCCO)c2)CC1,4.94363260269165,5.733160018920898,5.338396310806274
Oc1[nH]c2cccc3c2c1CCCCN1CCN(c2cccc(Cl)c2)CC1,,,
OC(CCN1CCN(c2cccc3ccccc23)CC1)Cc1c[nH]c2ccc(F)cc12,6.928090572357178,7.323185920715332,7.125638246536255
N#Cc1ccc2[nH]cc(CCCCN3CCN(c4cccc(Cl)c4Cl)CC3)c2c1,8.226238250732422,8.110158920288086,8.168198585510254
CCCN(CCN1CCN(c2ccccc2)CC1)C1CCc2ccc(O)cc2C1,7.061977386474609,8.358572006225586,7.710274696350098
Oc1ccc2c(OCCNCCCc3cccc(Br)c3)cccc2[nH]1,,,
O=C(CCCCN1CCN(c2cn(-c3ccccc3Cl)c3ccccc23)CC1)c1cccc(F)c1,7.735376358032227,7.536596298217773,7.635986328125
N#CC(=Cc1ccc2ccccc2c1)CCN1CCN(c2cccc(C(F)(F)F)c2)CC1,7.017502307891846,6.557656288146973,6.787579298019409
O=C1Nc2ccc(CCCCCCN3CCN(c4cccc(Cl)c4Cl)CC3)cc2Nc2ccccc21,8.506509780883789,7.620767593383789,8.063638687133789
CCN1CCn2cccc2Cc2ccc3c(c21)CCCO3,6.5424323081970215,5.943074703216553,6.242753505706787
O=C1N(CCN2CCN(c3cccc(Cl)c3Cl)CC2)CCN1c1cccc2cc(Cl)ccc12,7.180514812469482,7.709205627441406,7.444860219955444
Oc1nc2cc(N3CCN4CCC3CCC4)ccc2[nH]1,5.935339450836182,5.193397045135498,5.56436824798584
Oc1[nH]c2ccc(F)cc2c1CCCCN1CCN(c2cccc3ccccc23)CC1,8.035866737365723,7.975886821746826,8.005876779556274
CCN1CCN(c2cccc(OC)c2CCC2=CCC3CCC2C3CCc2ccc(OC)c(OCCOCCOCCOCCF)c2)CC1,6.638692378997803,6.822233200073242,6.7304627895355225
N#Cc1ccc2[nH]cc(CCCCN3CCN(c4ccc5[nH]c(C(N)=O)cc5c4)CC3)c2c1,7.32735538482666,7.564929962158203,7.446142673492432
Oc1c2c(cc3c1OCCNCCCNCC1CCc3ccccc3C1)CCCC2,,,
CCN1CCCC1CNC(=O)c1c(Br)ccc(CF)c1OC,7.564947128295898,8.340896606445312,7.9529218673706055
CCN1CCN(c2ccc(Nc3ncc(C#N)c(Nc4ccc5[nH]ccc5c4)n3)cc2)CC1,6.840011119842529,5.192272663116455,6.016141891479492
O=C1COc2ccc(CCN3CCN(c4cccc5cccc(F)c45)CC3)cc2N1,7.736307144165039,6.8427019119262695,7.289504528045654
COc1ccccc1N1CCN(CCCCCCN2CCN(c3ccccc3[N+](=O)[O-])CC2)CC1,7.870210647583008,7.537139892578125,7.703675270080566
Oc1c2c([nH]c3ccc(I)cc13)CCC(CN1CCC(c3noc4cc(F)ccc34)CC1)C2,,,
CN1CCN(C2Cn3cccc3Sc3ccc(F)cc32)CC1,8.455343246459961,8.19658088684082,8.32596206665039
CC(C)(C)c1ccc(OCCCOc2cccnc2NC(=O)CCCN2CCCC2=O)cc1,7.58089017868042,6.032037258148193,6.806463718414307
CN1CCN(c2ccc(Nc3ccc4ccccc4n3)cc2)CC1,6.862351417541504,5.585381031036377,6.22386622428894
O=C(NCCCCN1CCN(c2cccc(Cl)c2Cl)CC1)c1cccc2c1-c1ccccc1C2=O,6.6872968673706055,8.366487503051758,7.526892185211182
N#Cc1ccc2[nH]c(O)c(CCCCN3CCN(c4cccc5cc(F)ccc45)CC3)c2c1,8.039270401000977,7.919373512268066,7.9793219566345215
CCCN(CCN1CCN(c2ccccc2)CC1)C1CCc2ccc(O)cc2C1,7.061977386474609,8.358572006225586,7.710274696350098
CN1CC=C(c2cccc(CCN3CCN(c4cccc5nc(C(F)(F)F)ccc45)CC3)c2)CC1,7.78342866897583,7.107425689697266,7.445427179336548
Oc1cc2cccc(OCCCNCCCc3ccc(OCCCCN4CCN(c5ccccc5Cl)CC4)cc3)c2o1,7.698607444763184,8.215757369995117,7.95718240737915
Brc1cccc2[nH]cc(CCCN3CCN(c4cccc5cccc(Cl)c45)CC3)c12,7.406371116638184,6.863565921783447,7.134968519210815
CN1Cc2cc(F)ccc2C2CCCCN1C2=O,7.233706474304199,7.444478034973144,7.339092254638672
Cc1cc(C(N)=O)nn1C1CCN(CCCc2ccc(SCC(=O)c3ccc4ccccc4c3)cc2)CC1,6.4552321434021,6.626346588134766,6.540789365768433
Clc1cccc(N2CCN(CCCc3c[nH]c4ncccc34)CC2)c1Cl,7.59093427658081,7.021321773529053,7.306128025054932
Oc1[nH]cc2ccc(OCCCN3CCN(c4cccc5cccc(F)c45)CC3)cc12,8.2858247756958,7.846155166625977,8.065989971160889
CCCN(CCN1CCN(c2ccccc2)CC1)C1CCc2ccc(O)cc2C1,7.061977386474609,8.358572006225586,7.710274696350098
CN1CCCCC1CC=Cc1cncc(OCCCN2CCC3C=C(c4ccc(F)cc4)CC3(C(=O)O)C2)c1,6.308760166168213,6.844575881958008,6.57666802406311
Fc1cccc2[nH]cc(CCCCNCC2CCc3ccccc3O2)c1,,,
O=C(CCCN1CCN(c2cccc(Cl)c2Cl)CC1)c1cc2cc(I)ccc2[nH]1,8.265800476074219,8.379685401916504,8.322742938995361
COc1cc(OCCNCC2CCc3ccc(O)cc3O2)ccc1OCCCN1CCC(N2CCCC3(CCc4ccccc43)CC1)CC2,7.156366348266602,7.246124267578125,7.201245307922363
COc1ccccc1N1CCN(CCCCNC(=O)c2ccc(I)cc2)CC1,7.739108562469482,8.816154479980469,8.277631521224976
CCc1cc2c(cc1N1CCN(CCCCNC(=O)C=Cc3ccc(F)cc3)CC1)CCC(C(C)(C)C)O2,6.957417964935303,7.966279029846191,7.461848497390747
COc1cc(N2CCN(CCCCNC(=O)c3cccc4ccccc34)CC2)cc(OC)c1OC,6.30564546585083,7.645625591278076,6.975635528564453
COc1ccccc1N1CCN(CCCCCN(C)CCN=C2C(C)CCN2CCN(c3ccccc3OC(C)(C)C)CC2)CC1,,,
O=C(NCCCCCN1CCN(c2nsc3ccccc23)CC1)c1cc2ccccc2[nH]1,7.563170433044434,8.315225601196289,7.939198017120361
O=C1N(CCN2CCN(c3cccc(Cl)c3Cl)CC2)CCN1c1ccccc1,7.452239990234375,7.511731624603271,7.481985807418823
CCCN(CCN1CCN(c2ccc(O)c3ncccc23)CC1)C1CCc2ccc(O)cc2C1,7.827638626098633,9.02662181854248,8.427130222320557
CCN1CCc2ccc3c(c2C1)Cc1ccccc1-3,7.495543956756592,6.626248359680176,7.060896158218384
CN1CCN(C2=Cc3ccccc3Oc3ccc(Cl)cc32)CC1,7.99347448348999,7.783572196960449,7.88852334022522
CN1CCN(C2=Nc3cc(Cl)ccc3Nc3cc(Cl)ccc32)CC1,6.607695579528809,7.438347816467285,7.023021697998047
Oc1ccc(C2CCN3CCN(c4ccccc4)CC3)CC2)cc1,,,
CN1CCCc2cccc(OCCCN3CCN(c4cccc(C(F)(F)F)c4)CC3)c2CC1,6.767945289611816,6.854264259338379,6.811104774475098
N#Cc1ccc2[nH]cc(CCCCN3CCN(c4ccc5[nH]c(C(N)=O)cc5c4)CC3)c2c1,7.32735538482666,7.564929962158203,7.446142673492432
OC1(c2ccc(F)cc2)CC2CCC(C1)N2CCCOc1cccc(F)c1,7.281112670898437,8.147835731506348,7.714474201202393
N#Cc1ccc2[nH]cc(CCCCN3CCN(c4cccc5cc(F)ccc45)CC3)c2c1,8.164485931396484,7.814962387084961,7.989724159240723
N#Cc1ccc(N2C3CCC2CN(CCCCc2cc(-c4ccccc4)cnc23)C3)cc1,,,
N#Cc1ccc2[nH]c(CN3CCC(c4cccc(Cl)c4)CC3)cc2c1,6.850887298583984,5.593253135681152,6.222070217132568
CN(CC(CCN1CCC2C(C1)c1cccc3c1N2CCS3)C1=O)C1CCN(CCCCc2ccc(Cl)c(Cl)c2)CC1,,,
Oc1[nH]cc2ccc(OCCCN3CCN(c4cccc5cccc(F)c45)CC3)c(Cl)c12,8.05458927154541,7.951212882995605,8.002901077270508
Oc1[nH]cc2cc(Br)c(OCCCN3CCN(c4cccc5cccc(F)c45)CC3)cc12,7.735189437866211,7.875607967376709,7.80539870262146
Nc1ccccc1CCN1CCN(c2cccc3ccccc23)CC1,7.536465644836426,6.7273783683776855,7.131922006607056
N#Cc1ccc2[nH]c(CN3CCN(c4cccc(Cl)c4Cl)CC3)cc2c1,7.0858306884765625,6.354681491851807,6.720256090164185
Cc1ccn(-c2ccc3c(c2)CCCN3CCCN2CCCN(c3ccccc3)CC2)c1C,6.006494998931885,5.67719841003418,5.841846704483032
CN1CCc2cccc3c2Cc2ccccc2C1CCc1cccc(O)c1-3,6.766767978668213,6.557301998138428,6.66203498840332
CN(C)C1CCc2ccccc2C1,7.087169170379639,7.6782002449035645,7.382684707641602
c1ccc(N2CCC(N3CCN(c4ccccc4)CC3)CC2)cc1,5.421250820159912,4.996926784515381,5.2090888023376465
CCCN(CC1CC(OCCCCCN2CCN(c3ccccc3OC)CC2)C1)C1CCc2ccc(O)cc2C1,7.743752479553223,7.933805465698242,7.838778972625732
CCCN(CCN1CCN(c2cccc3ccccc23)CC1)C1CCc2c(O)cccc2C1,8.05475902557373,8.830840110778809,8.44279956817627
Oc1cc(N2CCN(CCCCCN3CCN(c4cccc(Cl)c4Cl)CC3)CC2)ccc1Cl,7.712601184844971,8.120909690856934,7.916755437850952
Cc1ccc2c(N3CCN(CCc4cccc(-n5cncn5)c4)CC3)cccc2n1,6.764975547790527,6.538593292236328,6.651784420013428
O=C(NC1CC(CO)(CCCCN2CCN(c3cccc(Cl)c3Cl)CC2)CC1=Cc1ccc2ccccc2c1,,,
Oc1cc(C2CCN(CCCc3c[nH]c4ccc(F)cc34)CC2)ccc1F,7.881259441375732,6.116569995880127,6.99891471862793
COc1ccccc1N1CCN(CCCCNC(=O)c2cccc(I)c2)CC1,7.726261138916016,8.668522834777832,8.197391986846924
CCN(CCCCN1CCN(c2ccccc2C)CC1)C1CCc2ccc(O)cc2C1,7.531184196472168,8.150596618652344,7.840890407562256
CCCN(CCN1CCN(c2ccccc2OC)CC1)C1CCc2ccc(O)cc2C1,7.815720081329346,8.517810821533203,8.166765451431274
CCN(CCN1CCN(c2cccc(Cl)c2Cl)C1=O)CC12CCC(CF)(CC1)CC2,5.624351501464844,7.760396957397461,6.692374229431152
O=C(NCCCCN1CCN(c2cccc(Cl)c2Cl)CC1)c1ccc2c(c1)-c1ccccc1C2,7.007961273193359,8.773499488830566,7.890730381011963
Oc1[nH]c2ccc(F)cc2c1CCCCCN1CC=C(c2ccccc2)CC1,8.029674530029297,8.121467590332031,8.075571060180664
CCCN(CCN1CCN(c2ccccc2)CC1)C1COc2cccc(O)c2C1,6.713295936584473,8.227978706359863,7.470637321472168
COc1ccccc1N1CCN(CCCCCCCn2ncc(Cl)c(N3CCN(CCc4ccc(Cl)cc4)CC3)c2=O)CC1,7.818707466125488,7.537271022796631,7.67798924446106
CCCN(CCN1CCN(c2ccccc2CO)CC1)C1CCc2c(O)cccc2C1,7.090023040771484,7.642677307128906,7.366350173950195
O=C(NCCCCN1CCN(c2cccc(Cl)c2Cl)CC1)c1cnc2ccccc2c1,7.251877784729004,9.041850090026855,8.14686393737793
OC1CN(C2CCC(CCCN3CCN(c4cccc(Cl)c4Cl)CC3)CC2)CCN1,6.142773151397705,6.526185989379883,6.334479570388794
O=C(NCCCCN1CCN(c2cccc(Cl)c2Cl)CC1)c1cccc2c1-c1ccccc1C2=O,6.6872968673706055,8.366487503051758,7.526892185211182
CN1CCc2c(c3cccc4c3n2-c2ccccc2CC4)C1,6.571829319000244,5.861733913421631,6.2167816162109375
Cn1ccc2cc(OCCCN3CCN(c4cccc5cccc(F)c45)CC3)ccc21,7.627243995666504,7.275099277496338,7.451171636581421
Fc1cccc(N2CCN(CCCCCCN3CCN(c4ccccc4Cl)CC3)CC2)c1,7.463004112243652,7.3188018798828125,7.390902996063232
COc1ccccc1N1CCN(CCCCCNC(=O)c2ccc(C(F)(F)F)cc2)CC1,7.7746381759643555,8.012758255004883,7.893698215484619
NCC1C2CC1C(c1ccc(I)cc1)C(=O)C2,7.026440620422363,7.481642246246338,7.254041433334351
CCCN(CCN1CCN(c2ccccc2OC)CC1)C1CCc2ccc(O)cc2C1,7.815720081329346,8.517810821533203,8.166765451431274
CCCN(CCN1CCN(c2ccccc2)CC1)C1CCc2ccc(O)cc2C1,7.061977386474609,8.358572006225586,7.710274696350098
Oc1[nH]c2c(OCCNCCCc3ccccc3)cccc2c1C1=CCNCC1,7.512186050415039,7.796243667602539,7.654214859008789
O=C1NCCN1CCN1CCC(c2ccccc2)CC1,5.708827495574951,5.566277027130127,5.637552261352539
COc1ccccc1N1CCN(CCCCCN2CCc3c(OC)cccc3C(C)(C)C)CC1,,,
CN1CCCCC1CN1CCN(c2cc(Cl)ccc2Cl)CC1CCO,6.309213638305664,7.796143531799316,7.05267858505249
CN1CCCC1CNCc1cccc(I)c1,5.32891845703125,7.293266296386719,6.311092376708984
O=C1N2CCCCC2CN1CCC(Cc1ccccc1)C1CC2c2ccccc2C1,,,
CCCN1CCCC1CNC(=O)c1c(CC)noc1CC,6.799147129058838,8.54355525970459,7.671351194381714
CCCN(CCN1CCN(c2ccccc2-c2ccc(C)cc2)C1=O)C1CCc2cc(O)ccc2C1,7.02034330368042,7.8688764572143555,7.444609880447388
COc1ccnc(NC2CCC(CCN3CCN(c4ccccc4OC)CC3)CC2)c1,8.039196014404297,8.071324348449707,8.055260181427002
CN1CCN(C2Cc3ccccc3Sc3ccc(F)cc32)CC1,9.00782871246338,8.473591804504395,8.740710258483887
CCc1ccc(N2CCN(CCCCc3c[nH]c4ccc(OC)cc34)CC2)cc1OC,6.916993141174316,7.227365970611572,7.072179555892944
O=C(NCC=CCN1CCN(c2cccc(Cl)c2Cl)CC1)c1ccc(O)cc1,8.08704948425293,9.323111534118652,8.705080509185791
COc1ccccc1N1CCN(CCCN2CCCc3ccccc3C2=O)CC1,6.566917419433594,6.275270938873291,6.421094179153442
COc1ccccc1N1CCCC1CNC(=O)C1CC1CC1,,,
CN1CCN(C2Cc3ccccc3Sc3ccc(F)cc32)CC1,9.00782871246338,8.473591804504395,8.740710258483887
N#Cc1ccc2[nH]c3c(c2c1)CCN(CCCSc1nnc(-c2ccc4ccccc4n1)CC3,,,
Oc1c2c([nH]c3ccc(Br)cc13)CCCC2,,,
O=C1N(CCN2CCC(N3CCN(c4cccc(Cl)c4Cl)CC3)CC2)CCN1c1cccc(Cl)c1,6.581056594848633,7.170612335205078,6.8758344650268555
O=C1N(CCN2CCN(CCOc3ccccc3OCCF)CC2)CCN1c1ccccc1,7.024097442626953,6.582313060760498,6.803205251693726
CCCN(CCN1CCN(c2cccc(-c3ccccc3)n2)CC1)C1CCc2c(O)cccc2C1,7.484072685241699,8.505680084228516,7.994876384735107
Oc1ccc2[nH]cc(CCCN3CCN(c4cccc(Cl)c4Cl)CC3)c2c1,8.51258373260498,7.529713153839111,8.021148443222046
OC1(c2ccc(I)cc2)CCC2CCC(C1)N2Cc1coc2ccccc12,7.900962352752685,8.240104675292969,8.070533514022827
Oc1[nH]cc2ccc(OCCCN3CCN(c4cccc5ccccc45)CC3)cc12,8.251432418823242,8.164287567138672,8.207859992980957
Oc1[nH]c2ccc(Br)cc2c1CCCCCN1CCN(c2ccccc2Cl)CC1,7.970418930053711,7.978119850158691,7.974269390106201
CN1CCN(c2cccc3c2CCCC3)CC1,7.924788475036621,6.758324146270752,7.3415563106536865
CSc1ccccc1N1CCN(CCCCCn2ncc(C(=O)NCCCCCCCCN3CCC(c4ccccc4OC)CC3)c2=O)CC1,,,
CCCN1CCCC2Cc3c(ccc(O)c3O)CC21,8.019915580749512,9.149800300598145,8.584857940673828
CN1CCN(C2=Cc3ccccc3Oc3ccc(Cl)cc32)CC1,7.99347448348999,7.783572196960449,7.88852334022522
N#Cc1cccc(CN2CCN(Cc3ccc(C(=O)NCCCCCN4CCN(c5ccccc5OCC(F)(F)F)CC4)cc3)CC2)c1,6.564455509185791,7.222315311431885,6.893385410308838
CCOc1ccccc1N1CCN(CCCCc2ccc3c(c2)NCCC3)CC1,8.582879066467285,8.037055969238281,8.309967517852783
CCN(CC)C(=O)NC1Cc2c(cc3c[nH]c4c3c2C=CC4)N(C)C1,8.286233901977539,9.047707557678224,8.66697072982788
Cc1ccc2c(C3=NC(=NCCCN4CCN(c5ccccc5OCCCF)CC3)cccc2n1,,,
O=C(NCCCCCN1CCN(c2ccccc2OCCF)CC1)c1ccc2ccccc2c1,7.393054962158203,8.160303115844727,7.776679039001465
Oc1cc(N2CCN(Cc3ccc4c(c3)COCC4)CC2)ccc1Cl,6.5899658203125,6.506760597229004,6.548363208770752
COc1ccccc1N1CCN(CCCCCc2cccc(O)c2)CC1,8.43442153930664,7.775177478790283,8.104799509048462
Oc1[nH]cc2ccc(OCCCN3CCN(c4cccc5cccc(F)c45)CC3)c(F)c12,8.132925987243652,7.728168487548828,7.93054723739624
CN1CCN(c2nc(CCCOc3ccc(CC4CCN(Cc5ccccc5)CC4)cc3)ncc2CO)CC1,6.104045391082764,6.182596206665039,6.143320798873901
CCCN(CCN1CCN(c2ccc(-c3cccc(O)c3)cc2)CC1)C1CCc2nc(N)sc2C1,7.106595993041992,8.923343658447266,8.014969825744629
OC1(c2ccc(F)cc2)CCN(CCCCc2ccccc2)CC1,6.397749900817871,6.560401916503906,6.479075908660889
Oc1ccc(OCCCNCC2CCc3ccc(O)cc3O2)c2ccccc12,9.28283405303955,8.650830268859863,8.966832160949707
CNCCCN1c2ccccc2CCc2cccc(Cl)c2C1=O,5.861236572265625,6.541453838348389,6.201345205307007
CCC(F)(CCN1CCC2(CCN(c3cccc(Cl)c3Cl)CC2)C1=O,,,
Oc1ccc2c(c1)OC(CNCCc1c[nH]c3ccccc13)CC2,8.738710403442383,7.977132797241211,8.357921600341797
CCN(CC)C(=O)NC1CCC(CCN2CCN(c3cc(F)ccc3OC)CC2)CC1,8.41970157623291,8.734979629516602,8.577340602874756
O=C(NCCCCN1CCN(c2cccc(Cl)c2Cl)CC1)c1cc2ccccc2[nH]1,7.3425798416137695,9.333032608032228,8.337806224822998
CN1CCN(c2ccc(CCN3CCN(c4cccc(C(F)(F)F)c4)CC3)cc2)C1=O,6.264610290527344,7.119568824768066,6.692089557647705
O=C(NCCCCN1CCN(c2cccc(Cl)c2Cl)CC1)c1ccccc1,7.537884712219238,8.840494155883789,8.189189434051514
Oc1ccc2c(CCNCCCCc3ccccc3)c[nH]c2c1,7.578921318054199,7.320376396179199,7.449648857116699
CCN(CCN1CCN(c2cccc(Cl)c2Cl)CC1)C1CCc2ccc(O)cc2C1,7.871322154998779,8.539102554321289,8.205212354660034
CN1CC=C(c2cnc[nH]2)CC2c3cccc(OCCCN4CCN(c5ccccc5OC(C)(C)C)CC4)c3CCC21,7.611205101013184,7.797276496887207,7.704240798950195
O=C(NC1CCc2cc(CCN3CCN(c4nsc5ccccc45)CC3)ccc21)C1CC1,7.219380378723144,6.914257526397705,7.066818952560425
O=C1Cc2ccccc2N1CCCCN1CCN(c2cccc(Cl)c2Cl)CC1,7.535895824432373,8.065313339233398,7.800604581832886
Cc1ccccc1N1CCN(CCCCCNC(=O)c2ccc3ccccc3c2)CC1,6.848344326019287,7.336203098297119,7.092273712158203
O=c1c2ccccc2[nH]c(CCN3CCN(c4cccc5cc(F)ccc45)CC3)n12,,,
NC(=O)c1ccc2[nH]c(O)c(CCN3CCN(c4cccc5nc(C(F)(F)F)ccc45)CC3)c2c1,7.883127689361572,7.058470726013184,7.470799207687378
Oc1ccc2c(N3CCN(CCc4c[nH]c5ccccc45)CC3)cccc2n1,8.444110870361328,7.105291366577148,7.774701118469238
N#Cc1c(CN2CCN(c3cccc(Cl)c3Cl)CC2)ccc2c[nH]c(O)c12,7.18511962890625,6.792956352233887,6.989037990570068
COc1cccc(C(=O)NCCCN2CCN(c3ccccc3OC)CC2)c1,6.368534564971924,7.066389083862305,6.717461824417114
CN1CCN(C2Cc3ccncc3Sc3ccc(CCN4CCN(c5cccc(Cl)c5Cl)CC4)cc32)CC1,7.71325159072876,7.800650596618652,7.756951093673706
COc1ccccc1N1CCN(CCCCc2ccc3ncccc3c2)CC1,7.966738700866699,7.9361467361450195,7.951442718505859
COc1ccccc1N1CCN(CCCCCNC(=O)C=Cc2ccc(F)cc2)CC1,7.753171920776367,8.004922866821289,7.879047393798828
CCCN1CCN(CCCN2c3ccccc3Sc3ccc(CC)cc32)CC1,6.938417434692383,6.85214376449585,6.895280599594116
O=C1N(CCN2CCN(CCCc3ccccc3)CC2)CCN1c1cc2ccccc2[nH]1,7.007205009460449,6.512449264526367,6.759827136993408
O=C(CCCN1CCN(c2cccc(Cl)c2Cl)CC1)c1cc2ccccc2[nH]1,8.162886619567871,8.312719345092773,8.237802982330322
Cc1cc2c(cc1Br)NC(=O)CCC2N1CCN(c2cccc(C(F)(F)F)c2)CC1,6.503549575805664,6.974876403808594,6.739212989807129
CCN(CCCCCCN1CCN(c2cccc3ccccc23)CC1)C1CCc2ccc(O)cc2C1,7.967815399169922,8.391263008117676,8.179539203643799
Oc1[nH]cc2ccc(OCCCN3CCN(c4cccc5cccc(F)c45)CC3)c(F)c12,8.132925987243652,7.728168487548828,7.93054723739624
Oc1ccc2c(c1)OC(CNCCCCc1c[nH]c3ccccc13)CC2,9.262840270996094,8.430767059326172,8.846803665161133
N#Cc1ccc2[nH]c(CCCCN3CCN(c4cccc5ccccc45)CC3)nc2c1,8.065131187438965,7.854873657226562,7.960002422332764
CCCN(CCN1CCN(c2cccc3cnccc23)CC1)C1CCc2ccc(O)cc2C1,7.4973225593566895,8.814409255981445,8.155865907669067
O=Cc1c[nH]c2ccc3c(c12)CCCN1CCN(c2cccc(-c2ccccc2)CC1,,,
Cc1ccc2c(CCCN3CCN(c4cccc(C(F)(F)F)c4)CC3)c[nH]c2n1,6.920336723327637,6.366308689117432,6.643322706222534
O=C1c2cc(F)ccc2CCC1CCN1CCN(c2cccc3ccccc23)CC1,7.651469230651855,7.724850654602051,7.688159942626953
N#Cc1ccc2[nH]cc(CCCCN3CCN(c4ccc5oc(C(N)=O)cc5c4)CC3)c2c1,7.100306987762451,7.288533210754394,7.194420099258423
O=C1Cc2c(ccc3c2NCCCN3CCCCN1)Cc1cccc2ccccc12,6.921029567718506,5.82526159286499,6.373145580291748
Oc1[nH]cc2ccc(OCCCN3CCN(c4cccc5cccc(F)c45)CC3)cc12,8.2858247756958,7.846155166625977,8.065989971160889
Oc1[nH]cc2ccc(OCCCN3CCN(c4cccc(Cl)c4Cl)CC3)cc12,8.195270538330078,8.543622016906738,8.369446277618408
COc1ccccc1N1CCN(CCCCNC(=O)c2ccccc2I)CC1,7.859369277954102,8.374762535095215,8.117065906524658
CCCN(CCN1CCN(c2cccc(Cl)c2)CC1)C1CCc2ccc(C(F)(F)F)cc2C1,7.066008567810059,7.5434794425964355,7.304744005203247
CCCN(CCN1CCN(c2cccc3cc(O)ccc23)CC1)C1CCc2ccc(O)cc2CC1,7.858055591583252,9.049654960632324,8.453855276107788
CCN1CCCC1CNC(=O)c1c(F)cccc1-n1cnc2ccc(OCCF)cc21,6.777978897094727,6.561422348022461,6.669700622558594
C=CCN1CCCCC1CNC(=O)c1ccc2c(c1)NC(=O)C21CCN(CCCCN2CCN(c3ccccc3OC)CC2)CC1,6.832070350646973,7.971926689147949,7.401998519897461
Cc1ccc2c(N3CCN(CCc4cccc(-c5ccccc5)c4)CC3)cccc2[nH]1,,,
CCN1CCN(c2ccc(Nc3nccc(-c4cnn5ncccc45)n3)cc2)CC1,6.029234886169434,5.162890911102295,5.596062898635864
O=C1N(CCCCN2CCN(c3cccc(Cl)c3Cl)CC2)CCN1c1ccccc1O,7.880206108093262,8.594661712646484,8.237433910369873
COc1ccccc1N1CCN(CCCCNC(=O)c2cc3ccccn3n2)CC1,7.175564289093018,8.398895263671875,7.787229776382446
CCCN(CCN1CCN2c3ccccc3CCc3ccccc32)C1)C1CCc2cc(O)ccc2C1,,,
Oc1ccc2[nH]cc(CCCCN3CCN(c4cccc5cc(F)ccc45)CC3)c2c1,8.692861557006836,8.189870834350586,8.441366195678711
N#Cc1ccc2c(c1)CCCN2CCCOc1cccc(CN3CCN(c4cccc(Cl)c4Cl)CC3)c1,7.248939990997314,7.135380268096924,7.192160129547119
CN1CCN(C2=Cc3ccccc3Cc3ccc(Cl)cc32)CC1,7.779814720153809,7.546051025390625,7.662932872772217
O=C(NCC=CCN1CCN(c2cccc(Cl)c2Cl)CC1)c1cccc2[nH]ccc12,7.747157573699951,8.755537986755371,8.251347780227661
CN1CCN(C2Cc3ccccc3Sc3ccncc32)CC1,8.296165466308594,7.757453918457031,8.026809692382812
CN1CCN(C2Cn3cccc3Sc3ccc(Cl)cc32)CC1,8.645715713500977,8.372458457946777,8.509087085723877
Cc1ccc2c(N3CCN(CCc4cccc(N5CCN(C)CC5)c4)CC3)cccc2n1,7.352564334869385,6.943963527679443,7.148263931274414
O=1NCC2CCC(CCCN3CCN(c4cccc(Cl)c4Cl)CC3)CC2)C1,,,
Fc1ccccc1N1CCN(CCCCN2CCc3cc(-c4cccs4)ccc3C2=O)CC1,7.376028060913086,8.635929107666016,8.00597858428955
COc1ccccc1N1CCN(CCCCNC(=O)c2ccc(-c3ccccc3)cc2)CC1,7.363232612609863,8.831465721130371,8.097349166870117
N#Cc1ccc2[nH]cc(CCCN3CCN(c4ccc(F)cc4Cl)CC3)c2c1,7.361560344696045,6.636423110961914,6.9989917278289795
CN1CCN(c2cccc(NC(=O)c3cccnc3NCCCCN3CCC(C)(c4ccccc4)CC3)c2)CC1,6.013467788696289,6.881102561950684,6.447285175323486
Oc1[nH]c2ccc(OCCN3CCN(c4ccccc4)CC3)cc2c1CCC1CCCCC1,7.736806869506836,7.520079135894775,7.628443002700806
CCCN(CCN1C2CCC1CC(OC(c1ccc(F)cc1)c1ccc(F)cc1)C2)C1CCc2c(O)cccc2C1,6.731194496154785,7.722663879394531,7.226929187774658
CCCN1CCCC1CNC(=O)c1ccc2c(c1)OC=CC2N1CCC(F)(F)C1,4.894046783447266,7.489428997039795,6.19173789024353
Oc1[nH]cc2ccc(OCCCN3CC=C(c4cccc5ccccc45)CC3)cc12,8.018477439880371,8.29637622833252,8.157426834106445
COc1ccccc1N1CCN(CCCCNC(=O)c2noc3ccccc23)CC1,7.038208484649658,8.134186744689941,7.5861976146698
CCN(CCCCCN1CCN(c2cccc(Cl)c2Cl)CC1)C1CCc2ccc(O)cc2C1,8.098258972167969,8.537981033325195,8.318120002746582
COc1ccccc1N1CCN(CCCCNC(=O)C2CCC2)CC1,7.594846248626709,8.55583381652832,8.075340032577515
CN1CCN(C2Cc3ccccc3Sc3ccc(I)cc32)CC1,9.235981941223145,9.038869857788086,9.137425899505615
CCCN(CCN1CCN(c2cccc(Cl)c2Cl)CC1)C1CCc2ccc(O)cc2C1,7.754941463470459,8.884286880493164,8.319614171981812
CN1CCN(C2Cc3ccccc3Sc3ccc(CNC(=O)Nc4nccn4C)cc32)CC1,7.176491737365723,5.963710784912109,6.570101261138916
O=C1N(CCN2CCCC2)CCN1c1cccc(Cl)c1,7.635796070098877,8.113004684448242,7.87440037727356
Oc1[nH]c2ccc(Br)cc2c1CCCCN1CC=C(c2cccc3ccccc23)CC1,7.861273288726807,8.547178268432617,8.204225778579712
CCCN(CCN1CCN(c2cccc3ccccc23)CC1)C1CCc2ccc(O)cc2C1,7.852016448974609,8.869171142578125,8.360593795776367
O=C1N(CCCN2CCCCC2)CCN1c1cccc(C(F)(F)F)c1,6.999831199645996,7.731954097747803,7.365892648696899
Oc1[nH]cc2ccc(OCCCN3CCN(c4cccc5cccc(F)c45)CC3)cc12,8.2858247756958,7.846155166625977,8.065989971160889
CCCN(CCN1CCN(c2ccccc2)CC1)C1CCc2c(O)cccc2C1,7.368458271026611,8.235482215881348,7.8019702434539795
CCN1CCN(c2ccc(Nc3ncc(C#N)c(Nc4ccc5[nH]c(Cl)cc5c4)n3)cc2)CC1,6.585927963256836,5.158941745758057,5.872434854507446
Cc1ccc2c(-c3ccnc(Nc4cccc(S(C)(=O)=O)c4)n3)cccc2n1,5.754697322845459,6.023734092712402,5.889215707778931
Cc1ccc2c(c1)C1(CN(CCCCCN3CC=C(c4ccccc4Cl)CC3)CC1)CN2,6.795960426330566,7.213162422180176,7.004561424255371
OC1CCN(CCCN2CCC(c3ccc(F)cc3)CC2)CC1,4.526515960693359,4.740546226501465,4.633531093597412
CCCN(CCN1CCN(c2ccccc2)CC1)C1CCc2ccc(O)cc2C1,7.061977386474609,8.358572006225586,7.710274696350098
CN1CCN(C2Cc3ccccc3Sc3ccc(F)cc32)CC1,9.00782871246338,8.473590850830078,8.740709781646729
CN1CCc2cc(Br)ccc2Cc2ccccc2CC1,8.069490432739258,7.40670108795166,7.738095760345459
Oc1cccc2c1CCCC2CCCCN1CC=C(c2c[nH]c3ccc(F)cc23)CC1,8.202680587768555,8.195805549621582,8.199243068695068
CCCN(CCN1CCN(c2ccccc2)CC1)C1CCc2ccc(O)cc2C1,7.061977386474609,8.358572006225586,7.710274696350098
Oc1[nH]cc2ccc(OCCCCN3CCN(c4cccc5cccc(F)c45)CC3)cc12,8.384242057800293,8.055950164794922,8.220096111297607
COc1ccccc1N1CCN(CCCCNC(=O)c2cccc(C)c2)CC1,7.327759742736816,8.388192176818848,7.857975959777832
CCCN(CCc1ccsc1)C1CCc2c(O)cccc2C1,8.218039512634277,8.648906707763672,8.433473110198975
C1=C(c2ccn(CCCCN3CCN(c4cccc(Cl)c4Cl)CC3)n2)CCN(C2CCC2)C1,7.782806396484375,8.060972213745117,7.921889305114746
O=C(NCCCCN1CCN(c2cccc(Cl)c2Cl)CC1)c1ccc(I)cc1,7.461658000946045,8.996889114379883,8.229273557662964
Oc1ccc2[nH]cc(CCCCN3CC=C(c4ccccc4)CC3)c2c1,8.44819450378418,8.916884422302246,8.682539463043213
CCCN1CCC(COCc2ccccc2)CC1,5.163834095001221,4.954428195953369,5.059131145477295
Oc1[nH]cc2cc(F)c(OCCCN3CCN(c4cccc5cccc(F)c45)CC3)cc12,8.04651165008545,7.654065132141113,7.850288391113281
Cc1ccc(CN2CNC(=O)CC2CN3C(=O)CCCC3CO2)cc1,,,
CN1CCc2c(c3cccc(I)c3n2CCCCCN2CCN(c3cccc(Cl)c3Cl)CC2)C1,7.375685214996338,7.457901954650879,7.416793584823608
CCN(CCCCCN1CCN(c2ccccc2Cl)CC1)C1CCc2c(O)cccc2C1,8.100101470947266,8.243184089660645,8.171642780303955
CN1CCN(C2CC(c3ccc(F)cc3)c3ccc(C#Cc4ccc(F)cc4)cc32)CC1(C)C,6.330208778381348,6.296528339385986,6.313368558883667
COc1ccccc1N1CCN(CCCCc2ccc3c(c2)CNCC3)CC1,7.401317596435547,7.683392524719238,7.542355060577393
COc1ccccc1N1CCN(CCCCNC(=O)c2cc3ccccc3o2)CC1,7.030130386352539,8.543241500854492,7.786685943603516
COc1ccccc1N1CCN(CCCCNC(=O)c2ccccc2Cl)CC1,7.747827053070068,8.649129867553711,8.19847846031189
CCCN1CCCC2c3cc(O)ccc3CCC21,6.716984748840332,8.038888931274414,7.377936840057373
O=C1N(CCCN2CCN(c3cccc(Cl)c3Cl)CC2)CCN1c1cccc(Cl)c1,7.221663475036621,7.5409698486328125,7.381316661834717
CCCN(CCN1CCN(c2cccc3nc(-c4cccc(C(F)(F)F)c4)oc23)CC1)C1CCc2[nH]c3ccc(O)cc3c2C1,7.677911758422852,7.60697078704834,7.642441272735596
Fc1cc2c(N3CCN(CCCCN4CCN(c5cccc6ccccc56)CC4)CC3)nc(N3CCNCC3)cc2[nH]1,7.101019859313965,7.373183727264404,7.237101793289185
CCCN(CCN1CCN(c2ccc(-c3ccncc3)cc2)CC1)C1CCc2cc(O)ccc2C1,6.890291690826416,8.262248992919922,7.576270341873169
Oc1ccc2c(CCCCN3CCN(c4ccccc4)CC3)c[nH]c2c1,7.834858417510986,7.976181507110596,7.905519962310791
CCCN(CCN1CCN(c2cccc3ccccc23)CC1)C1COc2cccc(O)c2C1,7.603391647338867,8.830438613891602,8.216915130615234
O=C1N(CCN2CCC(CCN3CCN(c4cccc(Cl)c4Cl)CC3)CC2)CCN1c1ccc(Cl)c(Cl)c1,7.706623554229736,8.277496337890625,7.992059946060181
Oc1[nH]cc2ccc(OCCCN3CCN(c4cccc5cccc(F)c45)CC3)cc12,8.2858247756958,7.846155166625977,8.065989971160889
Oc1[nH]cc2cc(F)c(OCCCN3CCN(c4cccc5cccc(F)c45)CC3)cc12,8.04649829864502,7.654065132141113,7.850281715393066
CCCN(CCN1CCN(c2ccc(-c3ccccc3)cc2)CC1)C1CCc2ccc(O)cc2C1,7.323070049285889,8.556982040405273,7.940026044845581
O=C(NCCCCN1CCN(c2cccc(Cl)c2Cl)CC1)c1cccc2c1-c1ccccc1I,,,
O=C1Nc2c(OCCN3CCC(c4cccc(Cl)c4Cl)CC3)cccc2N1,8.572319030761719,7.299253463745117,7.935786247253418
O=C(NCCCCN1CCN(c2cccc(Cl)c2Cl)CC1)c1ccc2[nH]ccc2c1,7.731805324554443,9.156126022338867,8.443965673446655
COc1cccc(C(=O)NCCCCN2CCN(c3cc(Cl)ccc3Cl)CC2)c1,6.958248138427734,8.762086868286133,7.860167503356934
CCCN(CCN1CCN(c2ccccc2)CC1)C1CCc2ccc(O)cc2C1,7.061977386474609,8.358572006225586,7.710274696350098
CCCN(CCC1CCC(NC(=O)C=Cc2cccc3ccccc23)CC1)C1CCc2nc(N)sc2C1,6.974173545837402,8.529502868652344,7.751838207244873
O=C(NCCCCN1CCN(c2cccc(Cl)c2Cl)CC1)c1ccc(-c2ccccc2OCCF)cc1,7.18310546875,8.862703323364258,8.022904396057129
CCCN(CCN1CCN(c2cccc3cc(O)ccc23)CC1)C1CCc2ccc(O)cc2C1,8.06090259552002,9.346025466918944,8.703464031219482
Clc1cccc(N2CCN(CCCCCCN3CCN(c4ccccc4)CC3)CC2)c1Cl,7.592353343963623,7.445775032043457,7.51906418800354
CCN1CCN(c2ccc(C#N)c(I)c2)CC1,6.311468124389648,6.478407859802246,6.394937992095947
N#Cc1ccc2[nH]cc(CCCCN3CCN(c4ccc(Cl)cc4Cl)CC3)c2c1,7.618852615356445,7.603116035461426,7.6109843254089355
O=C1Cc2c(ccc3c2NCCN3CCCC2)N1,,,
O=C(c1ccc2[nH]cc(CCCCN3CC=C(c4ccccc4)CC3)c2c1)C1CCNCC1,7.242987632751465,7.529004096984863,7.385995864868164
Oc1cc2c(OCCNCCN3CCN(c4ccccc4Cl)CC3)ccc(F)c2[nH]1,8.581485748291016,7.664556980133057,8.123021364212036
Oc1ccc2c(CCCCN3CCN(c4ccccc4)CC3)ncc(C3CCCC3)c2[nH]1,,,
Oc1ccc2[nH]cc(CCCN3CC=C(c4ccccc4)CC3)c2c1,8.563070297241211,8.061650276184082,8.312360286712646
Oc1cc2c(OCCN3CCC(c4ccccc4)CC3)ccc(F)c2[nH]1,8.699926376342773,6.726957321166992,7.713441848754883
Oc1c2c([nH]c3ccc(I)cc13)CCCCC2,,,
CN1CCc2ccccc2Cc2cc(O)c(O)cc2CC1,7.622157573699951,7.011257171630859,7.316707372665405
CCC1CCN(CCC2CCc3ccc(O)cc3C2)C1,6.060996055603027,8.864978790283203,7.462987422943115
CCCN1CCCC2c3cc(O)ccc3CCC21,6.716984748840332,8.038888931274414,7.377936840057373
COc1ccccc1N1CCN(CCNCC2CCc3ccc(O)cc3O2)CC1,9.361303329467772,8.154680252075195,8.757991790771484
O=C(NCCCCN1CCN(c2cccc(Cl)c2Cl)CC1)c1cccc2c1CCN2CCCCOc1ccccc1,7.851968765258789,8.795705795288086,8.323837280273438
CCN1CCN(CCC2CCc3ccc(N)cc3C2)CC1,5.787292003631592,7.974225997924805,6.880759000778198
CCCN(CCC1CCC(NS(=O)(=O)c2cccc(I)c2)CC1)C1CCc2ccc(O)cc2C1,7.681529998779297,8.85952091217041,8.270525455474854
O=C(NCCCCN1CCN(c2cccc(Cl)c2Cl)CC1)c1cc2ccccc2[nH]1,7.3425798416137695,9.33303451538086,8.337807178497314
O=C1Nc2ccccc2C1CCCN1CCN(c2cccc3ccccc23)CC1,7.376051425933838,7.602940082550049,7.489495754241943
CCCN(CCN1CCN(c2cccc3ccoc23)CC1)C1CCc2ccc(O)cc2C1,8.003236770629883,8.87026596069336,8.436751365661621
Oc1[nH]c2ccc(OCCCN3CCN(c4cccc5cccc(F)c45)CC3)cc2c1C1CCOCC1,7.9057698249816895,6.930201053619385,7.417985439300537
NCCc1c[nH]c2ccc(OCCCCCCN3CCN(c4cccc5ccc(F)cc45)CC3)cc12,7.465153217315674,7.39478874206543,7.429970979690552
Fc1ccc(N2CCN(CCCCCNCC3CCc4ccccc4C3)CC2)cc1Cl,6.96891975402832,6.867986679077148,6.918453216552734
O=C1CCc2ccc(OCCCCN3CCN(c4cccc(Cl)c4Cl)CC3)nc2N1,8.820858001708984,7.946710586547852,8.383784294128418
CCCN(CCN1CCN(c2cccc3ccccc23)C1=O)C1CCc2ccc(O)cc2C1,7.359907150268555,8.131447792053223,7.745677471160889
O=C1N(CCN2CC=C(c3ccc(F)cc3)CC2)CCN1c1cccc(Cl)c1,7.9259748458862305,7.9133100509643555,7.919642448425293
CC(C)c1cccc(CN2CCN(CCCCN3C(=O)CC4(CCCC4)CC3=O)CC2)c1,6.174671173095703,8.414998054504395,7.294834613800049
O=C(NCCCCN1CCN(c2cccc(Cl)c2Cl)CC1)c1cc2ccccc2cn1,6.880761623382568,9.034953117370604,7.957857370376586
NCCc1c[nH]c2ccc(OCCCCCN3CCN(c4cccc5ccccc45)CC3)cc12,7.238795280456543,7.414477825164795,7.326636552810669
Oc1ccc2c(c1)OC(CNCCCC=CCN1CCN(c3cccc(Cl)c3)CC1)CC2,8.333826065063477,8.373035430908203,8.35343074798584
CN1CCN(C2Cc3ccccc3Sc3ccc(CCN4CCN(c5cccc6ccccc56)CC4)cc32)CC1,8.31889533996582,7.557210922241211,7.938053131103516
Clc1ccc(N2CCN(CCCCOc3ccc4cccnc4c3)CC2)cc1,6.4751152992248535,7.488812446594238,6.981963872909546
N#Cc1ccc(N2CCN(CCCCNC(=O)c3cccc(I)c3)CC2)c(C(F)(F)F)c1,7.828633308410644,8.373504638671875,8.10106897354126
Cc1ccc2c(N3CCN(CCc4cccc(NC(=O)c5cnccc5Cl)c4)CC3)cccc2n1,6.493758678436279,6.481509208679199,6.487633943557739
CCCN(CCN1CCN(c2cccc3ccccc23)CC1)C1CCc2ccc(O)cc2C1,7.852016448974609,8.869157791137695,8.360587120056152
N#Cc1ccc2[nH]cc(CCCCN3CCN(c4ccc5[nH]c(O)cc5c4)CC3)c2c1,7.73012638092041,7.512820243835449,7.62147331237793
Oc1[nH]c2ccc(F)c(OCCCN3CCN(c4cccc5cncc(F)c45)CC3)c2c1Br,7.768381118774414,7.869367599487305,7.818874359130859
CCN1CCCC1CNC(=O)c1c(OC)ccc(Br)c1OCCCCN1CCN(c2cccc(C)c2Cl)CC1,7.418624877929687,8.268439292907715,7.843532085418701
CCCN1CCCC2Cc3ccccc3CCC21,6.542181015014648,6.537287712097168,6.539734363555908
N#Cc1cccc2[nH]cc(CCCCN3CCN(c4ccc(C(N)=O)cc4)CC3)c12,7.056058406829834,7.449155807495117,7.252607107162476
CCc1cc2cc(F)c3c(c2o1)CCN(CCCSc1nnc(-c2cccc4nc(C)ccc24)n1C)CC3,6.674041271209717,7.562309741973877,7.118175506591797
CN1CCc2cc(OCCF)cc3c2C1Cc1cccc(O)c1-3,7.123617649078369,6.493233680725098,6.808425664901733
CCN1CCCC1CNC(=O)c1c(O)ccc(F)c1Br,7.172247409820557,8.2334623336792,7.702854871749878
CC(N)Cc1cccc2c1OCCCCOc1cc(CCCN3CCN(c4ccccc4C(=O)NCCCCCCCN4CCC(c5ccccc5OCCN5CCC4)CC3)ccc1OC2,,,
Fc1ccc(N2CCCN(CCC3CCC(Nc4ncccc4C3)CC2)c2ccc(F)cc2F)cc1,6.874591827392578,5.787547111511231,6.331069469451904
CCCN(CCN1CCN(c2cccc3c2CCCO3)C1=O)C1CCc2ccc(O)cc2N1,7.640683174133301,7.278503894805908,7.4595935344696045
COc1ccccc1N1CCN(CCCCSc2nc3ccccc3cc2CCC2CCCN2)CC1,7.579586505889893,7.702639579772949,7.641113042831421
Oc1ccc2[nH]cc(CCCN3CCN(c4ccccc4)CC3)c2c1,7.856227397918701,6.882217884063721,7.369222640991211
O=C(NC1CCc2cc(CCCN3CCN(c4ccccc4Cl)CC3)ccc21)C1CC1,7.049243450164795,6.885505199432373,6.967374324798584
Oc1ccc2[nH]cc(CCCCN3CCN(c4ccccc4Cl)CC3)c2c1,8.63847541809082,8.2700834274292,8.45427942276001
CCN1CCN(c2cccc(C#CCCCN3CCN(c4ccccc4OC)CC3)c2)CC1,7.824842929840088,7.357917308807373,7.5913801193237305
Cc1ccc(N2CCCN(CCCCCNC(=O)c3cccc(OCCOCCOCCOc4cccc5[nH]c(C)nc45)c3)CC2)cc1Cl,7.203916072845459,7.178951263427734,7.191433668136597
Oc1ccc2[nH]cc(CCCN3CCN(c4cccc5cccc(F)c45)CC3)c2c1,8.547887802124023,7.011099815368652,7.779493808746338
CCN1CCN(C2Cn3cccc3Sc3ccc(Cl)cc32)CC1,8.499506950378418,7.993031978607178,8.246269464492798
CN1CCN(C2Cc3ccccc3Sc3ccc(Cl)cc32)CC1,9.140546798706056,8.702610969543457,8.921578884124756
C=C1Cc2ccc3c(c2N1)CCN(CCCN1CC3CCC1CC3)CC1,,,
O=C1N(CCN2CCCc3cc(F)ccc3C2)CCN1c1cccc(F)c1,7.280688762664795,7.576791286468506,7.42874002456665
Oc1[nH]cc2ccc(OCCCN3CCN(c4cccc5cccc(F)c45)CC3)cc12,8.2858247756958,7.846155166625977,8.065989971160889
CCCN(CCC1CCC(NC(=O)C=Cc2ccccc2)CC1)C1CCc2ncc(O)n2C1,6.609673976898193,8.609773635864258,7.609723806381226
CCCN(CCN1CCN(c2ccccc2)CC1)C1CCc2c(O)cccc2C1,7.368458271026611,8.235482215881348,7.8019702434539795
O=C1CCc2ccc(OCCCCN3CCN(c4cccc(Cl)c4Cl)CC3)nc2N1,8.820858001708984,7.946712493896484,8.383785247802734
CN1CCN(C2Cc3ccccc3Sc3ccc(F)cc32)CC1,9.007829666137695,8.473591804504395,8.740710735321045
CCNC(=NCCCCN1CCN(c2cccc(Cl)c2Cl)CC1)c1cccc2[nH]ccc12,7.435858726501465,8.351662635803223,7.893760681152344
O=Cc1cc2nc(-c3ccccc3)cc(C(F)(F)F)n2n1,5.813049793243408,5.87954568862915,5.846297740936279
NCC1CC1c1ccccc1OCCCN1CCN(c2ccccc2C=CCCCN2CCC3CCCCC3C2=O)CC1,7.110564708709717,7.692098140716553,7.401331424713135
COc1cccc(OC)c1N1CCN(CCCCc2cn(C)nc2-c2ccccc2)CC1,7.45274543762207,7.891696453094482,7.672220945358276
O=C(NCCCCN1CCN(c2cccc(Cl)c2Cl)CC1)c1ccc2c(c1)-c1ccccc1OC2,7.1048126220703125,8.945980072021484,8.025396347045898
CN1CCN(C2Cc3ccccc3Sc3ccc(F)cc32)CC1,9.007829666137695,8.473591804504395,8.740710735321045
Oc1ccc2[nH]cc(CCCCN3CC=C(c4ccccc4)CC3)c2c1,8.44819450378418,8.916887283325195,8.682540893554688
Oc1cc2c(OCCNCCCc3ccccc3)ccc(F)c2[nH]1,8.73058795928955,7.729025840759277,8.229806900024414
N#Cc1ccc(N2CCN(CCCCc3c[nH]c4ccc(I)cc34)CC2)cc1CC(F)(F)F,6.769078254699707,6.740897178649902,6.754987716674805
Clc1ccc(N2CCN(CCCc3c[nH]c4ccccc34)CC2)cc1,6.279568195343018,6.203082084655762,6.24132513999939
CCN(CC)C1CCC(c2ccc(CCN3CCN(c4ccc(Cl)cc4Cl)CC3)cc2)CC1,6.879912853240967,7.010141372680664,6.945027112960815
CCCN(CCN1CCN(c2cccc3nc(-c4ccccc4OC)no2)CC1)C1CCc2nc(N)sc2C1,,,
N#Cc1ccc2c(CCCCN3CCN(c4cccc(C#N)c4)CC3)c[nH]c2c1,7.483883380889893,7.774312973022461,7.629098176956177
Oc1[nH]cc2ccc(OCCCN3CCN(c4cccc5cccc(Cl)c45)CC3)cc12,8.16028881072998,7.994032859802246,8.077160835266113
O=C1Cc2cc(CCCCN3CCN(c4cccnc4)CC3)c3ccccc3c2N1,7.312708854675293,7.14233922958374,7.227524042129517
Oc1nc2cccc(CCN3CCN(c4cccc5cccc(Cl)c45)CC3)c2o1,8.093973159790039,6.772674083709717,7.433323621749878
Cc1ccc2c(-c3nnc(SCCCN4CCC4)n3C)cccc2[nH]1,,,
NCCc1c[nH]c2ccc(OCCCCCN3CCN(c4cccc5cccc(F)c45)CC3)cc12,7.482544422149658,7.158665180206299,7.3206048011779785
CCCN(CCN1CCN(c2ccccc2OC)CC1)C1CCc2ccc(O)cc2C1,7.815720558166504,8.517812728881836,8.16676664352417
[H]c1cc(N2CCN(CCC3CCCc4cccc(OC)c43)CC2)[nH]n1,6.981902122497559,6.774798393249512,6.878350257873535
O=C(NCCCCN1CCN(c2cccc(Cl)c2Cl)CC1)c1cc2ccccc2s1,7.238006591796875,9.09359359741211,8.165800094604492
NC(N)=NC1CCC(CCN2CCN(c3cccc(Cl)c3Cl)CC2)CC1,7.532639503479004,8.046277046203613,7.789458274841309
CCCN(CCN1CCN(c2ccccc2OCC#N)CC1)C1CCc2c(O)cccc2C1,7.579228401184082,7.885380268096924,7.732304334640503
O=C(NCCCCN1CCN(c2cccc(Cl)c2Cl)CC1)c1cc2ccc3ccccc3c2s1,6.859645843505859,8.96078109741211,7.910213470458984
N#Cc1ccc(N2CCN(CCCCc3c[nH]c4ncc(C#N)cc34)CC2)cc1C(F)(F)F,7.222548961639404,7.277923107147217,7.2502360343933105
N#Cc1ccccc1N1CCN(CCCCNc2ccccc2C(=O)NCC(F)(F)F)CC1,7.0001606941223145,6.943066596984863,6.971613645553589
c1ccc(N2CCN(CCCCOc3ccc4cc(-c5ccncc5)ccc4c3)CC2)cc1,6.720183849334717,7.7400126457214355,7.230098247528076
Oc1[nH]cc2c(F)c(OCCCN3CCN(c4cccc5ccccc45)CC3)ccc12,8.1064453125,8.209284782409668,8.157865047454834
O=C1N(CCN2CCC(C(F)(F)F)CC2)CCN1c1ccccc1I,7.136044025421143,7.9863600730896,7.561202049255371
CN1CCN(c2cccc3c2OCCC=CCN3)CC1,7.81482982635498,7.668268203735352,7.741549015045166
Oc1nc2cccc(OCCNCc3ccccc3)c2[nH]1,8.100204467773438,8.080207824707031,8.090206146240234
CCN(CCCCN1CCN(c2ccccc2OCCF)CC1)C1Cc2ccc(S)cc2C1,8.078291893005371,8.171280860900879,8.124786376953125
Oc1[nH]cc2ccc(OCCCN3CCN(c4cccc5cccc(F)c45)CC3)c(Cl)c12,8.054590225219727,7.951214790344238,8.002902507781982
CCCN(CCC1CCC(NC(=O)c2cc(C)ccc2Br)CC1)C1CCc2nc(N)sc2C1,7.479159832000732,8.473766326904297,7.976463079452515
Oc1ccc2c(c1)OC(CNCCCN1CCN(c3cccc(Cl)c3Cl)CC1)CC2,9.147960662841797,8.325576782226562,8.73676872253418
CCCN1CCN(CCCOc2cccc3[nH]ccc23)CC1,6.723133087158203,7.39584493637085,7.059489011764526
Oc1ccc2c(CCCCNCCOc3cccc4c3ccccc34)c[nH]c2[nH]1,,,
CCCN(CCN1CCN(c2cccc3ccccc23)CC1)C1CCc2ccc(O)cc2C1,7.852016925811768,8.869173049926758,8.360594987869263
Brc1ccc(NCCN2CCN(c3ccccc3)CC2)cc1,6.9541544914245605,5.492407321929932,6.223280906677246
COc1cc(N2CCN(CCNC(=O)c3ccc(Br)cc3)CC2)ccc1NC(=O)c1ccc(C)cc1Cl,6.011931896209717,6.29039478302002,6.151163339614868
CCCN1CCCC(c2cccc(O)c2)C1,6.599302768707275,7.349627494812012,6.9744651317596436
OC1(c2ccc(Cl)cc2)CC2CCC(C1)N2CCCN1CCN(c2cccc(Cl)c2Cl)CC1,7.143758773803711,7.347534656524658,7.245646715164185
Oc1ccc2[nH]cc(CCCCN3CCC4(c5cccc(Cl)c5)CCCN4CCC3)c2c1,7.168108940124512,7.273996829986572,7.221052885055542
Oc1[nH]c2cc(F)c(OCCN3CCN(c4cccc5ccccc45)CC3)cc2c1Cl,8.36317253112793,7.604615211486816,7.983893871307373
CCCN(CCCCCCCN(CCCCCCCCN(CCC)CCCCNCC1Cc2cccs2)C1CCc2c(O)cccc2C1,,,
Clc1ccc(N2CCN(CCCCC(c3c[nH]c4ccc(Br)cc34)CC2)n2nccc2Cl)cc1,6.861484527587891,5.614239692687988,6.2378621101379395
CN1CCN(c2ncccc2C#N)CC1,5.176333427429199,5.781077861785889,5.478705644607544
CCN(CCN1CCN(c2ccccc2-c2cc3cnc(NCCc4ccccc4)nc3[nH]2)CC1)C(=O)O,7.342835426330566,6.342413425445557,6.8426244258880615
CCCN(CCN1CCN(c2ccccn2)CC1)C1CCc2ccc(O)cc2C1,6.907680988311768,8.235179901123047,7.571430444717407
CN1C2CCC1CC(OC(c1cccc(C#N)c1)c1ccc(Cl)cc1)C2,5.918877124786377,7.034839153289795,6.476858139038086
O=C1CC(CN2CCC(CCCN3CCN(c4cccc(Cl)c4Cl)CC3)CC2)Cc2ccc(F)cc21,6.738722324371338,7.362091541290283,7.0504069328308105
CCCN(CCN1CCN(c2ccc(-c3ccccc3)cc2)CC1)C1CCc2ccc(O)cc2C1,7.323070526123047,8.556844711303711,7.939957618713379
CCCN(CCN1CCN(c2cccc(Cl)c2Cl)CC1)C1CCc2noc(C=CCl)c2C1,7.235643863677978,8.451715469360352,7.843679666519165
Nc1cccc(CCCN2CCN(c3cccc(Cl)c3Cl)CC2)c1,7.564945697784424,7.001324653625488,7.283135175704956
O=C(NCCCCN1CCN(c2cccc(Cl)c2Cl)CC1)c1cccc2c1-c1ccccc1C2,6.840058326721191,8.243104934692383,7.541581630706787
CN1CCN(C2Cc3ccccc3Sc3ccc(F)cc32)CC1,9.007829666137695,8.473593711853027,8.740711688995361
CCCN(CCN1CCN(c2ccccc2)CC1)C1CCc2ccc(O)cc2C1,7.061977386474609,8.358572006225586,7.710274696350098
Oc1ccc(CN2CCC(NCCc3ccccc3)CC2)c2sc3ncccc3c12,5.9969258308410645,6.269895553588867,6.133410692214966
Oc1cc2c(OCCNCc3ccccc3)ccc(F)c2[nH]1,8.782027244567871,7.853747367858887,8.317887306213379
NCCN1CCCC2Cc3ccccc3CC(c3ccc(CNC(=O)CCCCCCN2CCCc3ccccc3Cl)CC2)C1,,,
Oc1[nH]c2ccc(Br)cc2c1CCN1CC=C(c2c[nH]c3cc(Br)ccc23)CC1,8.286144256591797,8.015580177307129,8.150862216949463
Oc1ccc2c(c1)OC(CNCCCCC1CCc3ccccc3C1)CC2,8.451735496520996,8.614995002746582,8.533365249633789
N#Cc1ccc2[nH]cc(CCCCN3CCN(c4ccc5[nH]ccc5c4)CC3)c2c1,7.777984619140625,7.459678649902344,7.618831634521484
Oc1[nH]cc2ccc(OCCCCN3CCN(c4cccc5cccc(F)c45)CC3)cc12,8.38424301147461,8.055952072143555,8.220097541809082
NC(=O)c1c(F)cccc1N1CCN(CCCCCNC(=O)C=Cc2ccc(F)cc2)CC1,7.4816694259643555,7.740433692932129,7.611051559448242
CCCN(CCN1C2CCC1c1ccccc1CC2)C1CCc2c(O)cccc2C1,6.590681552886963,8.316277503967285,7.453479528427124
CN1CCc2c(ccc3c2C=C(CCN4CCN(c5cccc6ccoc56)CC4)CC3)CCN2)C1,,,
Oc1[nH]cc2ccc(OCCCN3CCN(c4cccc5ccccc45)CC3)cc12,8.251434326171875,8.164289474487305,8.20786190032959
Cc1ccc2c(N3CCN(CCc4cccc(-c5ccc(F)cc5)c4)CC3)cccc2n1,7.463590621948242,6.88878059387207,7.176185607910156
O=C(NCCCCCN1CCN(c2cccc(Cl)c2Cl)CC1)c1cccc2ccccc12,7.214658737182617,7.871075630187988,7.542867183685303
CCCN(CCN1CCN2Cc3[nH]ccc3CC2C1)C1CCc2ccc(O)cc2C1,6.602296829223633,8.39725399017334,7.499775409698486
O=C1N(CCN2CCN(c3ccccc3)CC2)CCN1c1ccccc1,6.715193748474121,6.284755706787109,6.499974727630615
Oc1[nH]cc2cc(F)c(OCCCN3CCN(c4cccc5cccc(F)c45)CC3)cc12,8.046499252319336,7.654011726379394,7.850255489349365
CCN(CC)CCN1CCc2[nH]cc(C=C3C(=O)Nc4ccc(F)cc4C3=O)c2C1,6.886626720428467,7.179117202758789,7.032871961593628
Clc1ccc(N2CCN(CCCCn3ccnc3)CC2)cc1Cl,5.942492961883545,7.003611087799072,6.473052024841309
O=C1CCc2ccc(OCCCCN3CCN(c4cccc(Cl)c4Cl)CC3)nc2N1,8.820858001708984,7.946712493896484,8.383785247802734
COc1ccccc1N1CCN(CCCCNC(=O)c2ccccc2)CC1,7.475579738616943,8.45065689086914,7.963118314743042
OC1(c2cccc(I)c2)CCC(CN2CCC3c4ccccc4Oc4ccccc4CC32)CC1,7.698585510253906,7.68522310256958,7.691904306411743
CCCN(CCN1CCN(c2cccc(Cl)c2Cl)CC1)C1CCc2c(O)cccc2C(C)C1,7.890303134918213,8.299036026000977,8.094669580459595
O=C(NCCCCN1CCN(c2ccc(Cl)cc2Cl)CC1)c1cc2ccccc2[nH]1,6.7482733726501465,8.96021842956543,7.854245901107788
O=C1N(CCN2CCC(Cc3ccccc3F)CC2)CCN1c1ccncc1,6.879684448242188,6.301329135894775,6.5905067920684814
N#Cc1ccc2[nH]cc(CCCCN3CCN(c4ccc5occc5c4)CC3)c2c1,7.624373435974121,7.5251898765563965,7.574781656265259
Oc1cc2c(OCCNCCCc3ccccc3)ccc(F)c2[nH]1,8.73058795928955,7.729030609130859,8.229809284210205
Oc1[nH]cc2ccc(OCCCCN3CCN(c4cccc5cccc(F)c45)CC3)c(F)c12,8.354814529418945,7.957779884338379,8.156297206878662
N#Cc1ccc2[nH]c(C3CCN(CCC4CCCc5ccc(F)cc54)CC3)nc2c1,7.413150787353516,6.62486457824707,7.019007682800293
O=C(NCCCCN1CCN(c2cccc(Cl)c2Cl)CC1)c1ccc(I)cc1,7.461658477783203,8.996891021728516,8.22927474975586
O=C(NCCN1CCN(c2ccccc2Cl)CC1)c1ccc(I)cc1,6.992788791656494,7.2024993896484375,7.097644090652466
O=C1CCc2cccc(OCCCCN3CCN(c4cccc(Cl)c4Cl)CC3)c2N1,8.895962715148926,8.367977142333984,8.631969928741455
N1CCN(CCC2CCc3cccnc32)CC1,6.462362289428711,5.4244384765625,5.9434003829956055
O=C1N(CCN2CCC(Cc3ccccc3)CC2)CCN1c1cccc(C(F)(F)F)c1,7.640323638916016,7.897830963134766,7.769077301025391
N#Cc1ccc2c(OCCNCCCc3cccc(I)c3)cccc2c1,7.428020000457764,7.497910022735596,7.46296501159668
CCCN(CCN1CCN(c2cccc3ccccc23)CC1)C1CCc2c(O)cccc2C1,8.05475902557373,8.830842018127441,8.442800521850586
Oc1[nH]cc2cc(F)c(OCCCCN3CCN(c4cccc5ccccc45)CC3)cc12,8.182527542114258,8.295546531677246,8.239037036895752
COc1ccccc1N1CCN(CCCCNC(=O)c2cccs2)CC1,7.739991664886475,8.74887752532959,8.244434595108032
C[SH](=O)(O)Nc1cc(C(=O)CNCCCCCN2CCN(c3cccc(Cl)c3Cl)CC2)ccc1OCCN1CCOCC1,7.680453777313232,8.376363754272461,8.028408765792847
O=C(CCCCCN1CCN(c2ccccc2I)CC1)C1CCc2ccc(O)cc2C1,8.341874122619629,8.414155960083008,8.378015041351318
CN1CCN(C2Cn3cccc3Sc3ccc(Br)cc32)CC1,8.921731948852539,8.506511688232422,8.71412181854248
COc1ccccc1N1CCN(CC2CCC(N3C(=O)CC4CCCCN4C3=O)CC2)CC1,7.717888832092285,7.846438407897949,7.782163619995117
CC(C)CCN(Cc1ccccc1)C1CCc2c(O)cccc2C1,7.561623096466064,7.556456565856934,7.559039831161499
O=C(NCCCCN1CCN(c2cccc(Cl)c2Cl)CC1)c1cc2ccccc2[nH]1,7.342580795288086,9.33303451538086,8.337807655334473
COc1ccccc1N1CCN(CCCCSc2Ccccc(OC)c2OC)CC1,7.319565773010254,7.127602577209473,7.223584175109863
Nc1ccc2c[nH]c(CCCCN3CCN(c4cccc5ccccc45)CC3)c2c1,7.978881359100342,7.828413009643555,7.903647184371948
Oc1nc2c(OCCNCc3ccccc3)ccc(Cl)c2[nH]1,8.640351295471191,7.833978652954102,8.237164974212646
CCCN(CCN1CCN(c2ccccc2)CC1)C1CCc2ccc(O)cc2C1,7.061977386474609,8.358572006225586,7.710274696350098
Oc1[nH]cc2ccc(OCCCN3CCN(c4cccc5cc(F)ccc45)CC3)cc12,8.429685592651367,8.15810775756836,8.293896675109863
Oc1[nH]c2ccc(Br)cc2c1CCCCN1CCN(c2cccc3cc(F)ccc23)CC1,8.1699857711792,8.196099281311035,8.183042526245117
CN1CCN(C2=Cc3cc(Cl)ccc3Cc3ccccc32)CC1,7.753978729248047,7.634965896606445,7.694472312927246
CN1CCCCCCN2c3ccccc3CCc3ccc(Cl)cc3Cc3ccc(NC(=O)CCCN3CCN(c4ccccn4)CC3)cc32)CC1,,,
CCN(CCCCCCN1CCN(c2cccc(Cl)c2Cl)CC1)C1CCc2ccc(O)cc2C1,8.089963912963867,8.548243522644043,8.319103717803955
O=C(NCCCCN1CCN(c2ccccc2OCCF)CC1)c1ccc2c(c1)CCC2,8.078432083129883,8.534669876098633,8.306550979614258
COc1ccccc1N1CCN(CCCc2ccc(C(=O)NCCCCCCN3CCN(c4ccccc4OC)CC3)cc2)CC1,7.845864295959473,7.802595138549805,7.824229717254639
Oc1ccc2c(c1)OC(CNCCCCc1cccc(OCCCCOCCCCCCN3CCN(c4ccccc4Cl)CC3)c1)CC2,8.432905197143555,7.899731636047363,8.166318416595459
CCCN(CCN1CCN(c2cccc3ccccc23)CC1)C1CCc2ccc(O)cc2C1,7.852016925811768,8.869158744812012,8.36058783531189
N#Cc1ccc(N2CCN(CCCCNC(=O)c3ccc(F)cc3)CC2)nc1,6.187634944915772,8.219895362854004,7.203765153884888
OCCN1CCN(C2Cn3cccc3Sc3ccc(F)cc32)CC1,7.845658302307129,7.513328075408935,7.679493188858032
COc1cccc(C(C)(C)CC2CCC(CN3CCN(c4ccccc4OCC4CCCCC4)CC3)CC2)c1,6.446772575378418,7.794702053070068,7.120737314224243
CCCN1CCCCC1CNC(=O)c1c(O)cccc1CCC1CCC2CCC1N2C,5.486218452453613,8.208534240722656,6.847376346588135
CCCN(CCN1CCN(c2ccc(-c3ccccc3)cc2)CC1)C1CCc2ccc(O)cc2C1,7.323070526123047,8.556844711303711,7.939957618713379
N#Cc1ccc2[nH]c(CN3CCN(c4ccccc4)CC3)cc2c1,6.42370080947876,5.715174198150635,6.069437503814697
Fc1cccc(CCCN2CCN(c3cccc4nc(C(F)(F)F)[nH]c34)CC2)n1,8.00497817993164,6.7811384201049805,7.3930583000183105
COc1ccccc1N1CCN(CCCCNC(=O)c2cc3ccc2CCc2ccc(cc2)CC3)CC1,7.5758771896362305,8.418338775634766,7.997107982635498
NCCc1c[nH]c2ccc(OCCCCCN3CCN(c4cccc5ccccc45)CC3)cc12,7.238795757293701,7.414478302001953,7.326637029647827
OC1(c2ccc(Cl)cc2)CC2CCC(C1)N2Cc1coc2ccccc12,7.902398109436035,8.243314743041992,8.072856426239014
O=C(NCCCCN1CCN(c2cccc(Cl)c2Cl)CC1)c1ccc2ccccc2n1,7.272651195526123,8.89358901977539,8.083120107650757
CN1CCN(C2Cc3ccccc3Sc3ccc(Cl)cc32)CC1,9.140548706054688,8.702613830566406,8.921581268310547
Oc1ccc2cc3c(O)[nH]cc3cc2[nH]1,,,
CCCN(CCCCCCCCCN(CCC)C1CCc2c(O)cccc2C1)C1CCc2c(O)cccc2C1,8.256258010864258,8.520312309265137,8.388285160064697
Cc1ccn2c(C3=CCN(CCCN4CCN(c5cccc(C(N)=O)c5)CC4)CC3)cccc12,6.7632904052734375,6.937624454498291,6.850457429885864
COc1ccccc1N1CCN(CCCCNC(=O)c2ccc(CCCN3CCN(c4ccccc4Cl)CC3)cc2)CC1,7.609798908233643,8.222463607788086,7.916131258010864
COc1ccccc1N1CCN(CCCCc2ccc3c(c2)sc(=O)n3CCN2CCCCC2)CC1,7.577775001525879,7.674936771392822,7.626355886459351
Oc1[nH]cc2c(Cl)c(OCCCN3CCN(c4cccc5cccc(F)c45)CC3)ccc12,8.021227836608887,8.131017684936523,8.076122760772705
CCCN(CCN1CCN(c2ccccc2OC)CC1)C1CCc2ccc(O)cc2C1,7.815720558166504,8.517812728881836,8.16676664352417
Oc1ccc2[nH]cc(CCCCN3CC=C(c4ccccc4)CC3)c2c1,8.44819450378418,8.916887283325195,8.682540893554688
O=C(NC1CCc2cc(CCN3CCN(c4nsc5ccccc45)CC3)ccc21)C1CC1,7.219380378723144,6.914258003234863,7.066819190979004
Oc1ccc(CCCCNCCOc2cccc3[nH]ccc23)cc1,8.962308883666992,8.009172439575195,8.485740661621094
Cc1c(F)cccc1N1CCN(CCCCN2CCN(c3cccc(Cl)c3Cl)CC2)CC1,7.694288730621338,7.906525611877441,7.80040717124939
OC1(CCCN2CCN(c3ccccc3)CC2)CCc2ccccc21,6.685439109802246,6.529616355895996,6.607527732849121
Oc1[nH]cc2cc(F)c(OCCCN3CCN(c4cccc5cccc(F)c45)CC3)cc12,8.046499252319336,7.654011726379394,7.850255489349365
Cc1c(OCCCN2CCN(c3cccc(Cl)c3Cl)CC2)ccc2c1CCN2Cc1ccccc1,6.602747917175293,7.15248966217041,6.877618789672852
O=C(NCC=CCN1CCN(c2cccc(Cl)c2Cl)CC1)c1cccc2[nH]ccc12,7.747158050537109,8.755508422851562,8.251333236694336
CN1CCN(c2ccccc2CNc2ccnc(Cl)n2)CC1,6.617197036743164,5.368849277496338,5.993023157119751
N#Cc1ccc2[nH]c(O)c(CN3CCN(c4cccc5ccccc45)CC3)c2c1,7.496969223022461,6.584152221679688,7.040560722351074
CCCN(CCN1CCN(c2cccc3ccccc23)CC1)C1CCc2ccc(O)cc2C1,7.852016925811768,8.869158744812012,8.36058783531189
COc1ccccc1N1CCN(CCCCNC(=O)c2ccc3ccccc3c2)CC1,7.298825263977051,8.823211669921875,8.061018466949463
CCN(CC)C1CCc2ccc(O)cc2C1,7.649234294891357,8.252410888671875,7.950822591781616
CCCN1CCCC2Cc3ccc(O)cc3CC21,7.393594741821289,8.283634185791016,7.838614463806152
CCN1CCN(c2ccc(Nc3cccc(Cl)c3)cc2)CC1,6.702253341674805,6.546527862548828,6.624390602111816
CCCN(CCN1C2CCC1c1ccc(O)cc1-2)C1CCc2ccc(O)cc2C1,6.213159084320068,9.285672187805176,7.749415636062622
CCCN(CCN1CCN(c2cccc3ccccc23)CC1)C1CCc2ccc(O)cc2C1,7.852016925811768,8.869173049926758,8.360594987869263
Fc1cccc2c1CCCC2CCN1CCN(c2cccc3ccccc23)CC1,7.707074642181396,6.996343612670898,7.3517091274261475
CCCN(CCN1CCN(c2ccccc2)CC1)C1CCc2ccc(O)cc2C1,7.061977386474609,8.358572006225586,7.710274696350098
Cc1nnc(-c2cccc(N3CCN(CCCSc4ccc(C(F)(F)F)cc4)CC3)n2)o1,6.103116035461426,7.492025375366211,6.797570705413818
CCCN(CCN1C2CCC1CC(O)(c1ccc(Cl)cc1)C2)C1CCc2nc(N)sc2C1,6.746519565582275,8.913349151611328,7.829934358596802
Cc1cc(C)c2c(NCCN3CCN(c4cccc(Cl)c4Cl)CC3)cccc2n1,6.985519886016846,6.264047145843506,6.624783515930176
CCN1CCCC1CNC(=O)c1cc(I)ccc1OCCCF,7.367156982421875,8.425387382507324,7.8962721824646
NCCC1Cc2cc(Cl)ccc2C(C(=O)Nc2ccc(Cl)cc2)C1,5.404869556427002,5.514699459075928,5.459784507751465
O=c1cc2cc(OCCCCN3CCN(c4cccc(Cl)c4Cl)CC3)ccn2n1CC1CCCCC1,7.639499664306641,8.201228141784668,7.920363903045654
OC1(c2ccc(Cl)cc2)CC2CCC(C1)N2Cc1coc2ccccc12,7.902398109436035,8.243314743041992,8.072856426239014
CCN(CC)CCC=C(c1ccc(NCCc2ccc3ccccc3c2)cc1)c1ccccn1,5.966973781585693,6.539474487304688,6.25322413444519
O=C1N(CCN2CCC3c4ccccc4CCC3C2)CCN1c1cccc(F)c1,7.1647539138793945,7.028842449188232,7.0967981815338135
CCCN(CCN1CCN(c2cc(-c3ccccc3)cc3ccccc23)CC1)C1CCc2nc(N)sc2C1,7.4895477294921875,8.748808860778809,8.119178295135498
CN1CCN(CCN2c3ccccc3Sc3cccc(Br)c32)CC1,7.608825206756592,7.641141891479492,7.624983549118042
CCN(CCOCCN1CCN(c2cccc(Cl)c2Cl)CC1)C1CCc2ccc(O)cc2C1,8.144887924194336,8.68254280090332,8.413715362548828
Fc1cccc(N2CCN(CCCCCNC(=CCc3ccccc3)CC2)c1,,,
Cc1c(OCCCN2CCN(c3cccc(Cl)c3Cl)CC2)nn(-c2ccc(F)cc2)c1C,7.194426536560059,7.399225234985352,7.296825885772705
Oc1[nH]c2cccc(OCCCN3CCN(c4cccc5cccc45)CC3)c2o1,,,
Fc1cccc(N2CCN(CCCCOc3ccc4c(c3)CCCO4)CC2)c1,7.781078338623047,7.44195032119751,7.611514329910278
CN1CCc2c(c3cccc4c3n2CCc2ccc(OCCN3CCCC(C#N)(c4ccccc4F)CC3)cc2)C1,,,
O=C1N(CCN2CCN(c3ccc(F)cc3)CC2)CCN1c1cccc(Cl)c1,6.371156692504883,6.740771293640137,6.55596399307251
Oc1cc2c(OCCNCCN3CCN(c4ccccc4Cl)CC3)ccnc2[nH]1,8.092823028564453,7.677174091339111,7.884998559951782
Clc1cccc(N2CCN(CCC3CCC(Nc4ncccc4F)CC3)CC2)n1,8.218901634216309,7.557510375976562,7.8882060050964355
CCCN(CCN1CCN(c2ccc(-c3ccccc3)cc2)CC1)C1CCc2ccc(O)cc2C1,7.323070526123047,8.55698299407959,7.940026760101318
O=C1N(CCN2CCN(c3cccc(Cl)c3Cl)CC2)CCN1c1cccc(Cl)c1,7.528343200683594,7.927174568176269,7.727758884429932
CN1CCN(C2Cc3ccccc3Sc3ccc(F)cc32)CC1,9.007829666137695,8.473593711853027,8.740711688995361
CN1CCc2c(sc3ncn(CCN4CCN(c5cccc6ccoc56)CC4)c(=O)c23)C1,7.915672302246094,7.403707027435303,7.659689664840698
CCCN(CCN1CN=C(c2ccc3c2OCCO3)C1)C1CCc2c(O)cccc2C1,,,
CN1Cc2ccccc2CC1CNC(=O)c1cnc2ccccc2c1,6.05093240737915,7.192755699157715,6.621844053268433
CCCN(CCN1CCN(c2cccc3ccccc23)CC1)C1CCc2c(O)cccc2C1,8.05475902557373,8.830842018127441,8.442800521850586
N#Cc1ccc2[nH]cc(CCCCN3CCN(c4ccc5[nH]c(CCCN6CCN(c7ccccc7)CC6)nc5c4)CC3)c2c1,7.148695468902588,7.340011596679687,7.244353532791138
Oc1ccc2[nH]cc(CCCCN3CC=C(c4ccccc4)CC3)c2c1,8.44819450378418,8.916887283325195,8.682540893554688
COc1ccccc1N1CCN(CCCCN2CCN(c3ccccc3OC)CC2)CC1,7.932711124420166,8.116479873657227,8.024595499038696
COc1ccccc1N1CCN(CCCCNC(=O)c2ccccc2C)CC1,7.564245223999023,8.189435005187988,7.876840114593506
O=C1N(CCN2CCC3c4ccccc4Nc4ccccc4C3C2)CCN1c1ccccc1,6.9145331382751465,6.419732570648193,6.66713285446167
Oc1ccc2c(c1)OC(CNCCCNC1=Cc3ccccc3CCN1)CC2,8.295550346374512,7.637243270874023,7.966396808624268
Oc1cc2c(OCCNCCCCc3ccccc3)ccc(F)c2[nH]1,9.115533828735352,7.926518440246582,8.521026134490967
CCC(=O)Nc1cccc(N2CCN(CCCCCCCN3CCN(c4cccc(Cl)c4Cl)CC3)CC2)c1,7.566799640655518,8.022335052490234,7.794567346572876
O=C1CCc2ccc(OCCCCN3CCN(c4cccc5ccoc45)CC3)nc2N1,8.66334342956543,7.1420979499816895,7.90272068977356
CCCCC(NC(=O)C1C2CC3CC(C2)CC1C3)C1CCc2c(I)cccc2C1,6.997867584228516,8.003315925598145,7.50059175491333
COc1cccc(OC)c1OCCCCN1CCN(c2ncccn2)CC1,6.291652679443359,6.861048698425293,6.576350688934326
Cc1cc(C#N)cc(NCCN2CCN(c3cccc(Cl)c3Cl)CC2)n1,7.550211429595947,6.51566219329834,7.0329368114471436
CCCN(CCN1CCN(c2cccc3ccccc23)CC1)C1CCc2c(O)cccc2C1,8.05475902557373,8.830842018127441,8.442800521850586
CCCN(CCN1CCN(c2cccc3c2OCCCC3)CC1)C1CCc2ccc(O)cc2CC1,7.863235950469971,8.138589859008789,8.00091290473938
Oc1ccc2c(c1)OC(CCN1CC=C(c3c[nH]c4ccccc34)CC1)CC2,8.536041259765625,8.623185157775879,8.579613208770752
Oc1ccc2c(c1)OC(CCN1CCN(c3cccc(Cl)c3Cl)CC1)CC2,8.685314178466797,8.793360710144043,8.73933744430542
CCCN(CCN1CN(c2ccccc2)C2(CCN(CCCC(=O)c3ccccc3)CC2)C1=O)C1CCc2ccc(O)cc2C1,8.888952255249023,8.357197761535645,8.623075008392334
Oc1ccc2c(N2CCN(CCCCc3ccccc3)CC2)cc1,,,
CN1CCc2cccc3c2C1Cc1cccc(O)c1-3,6.989553928375244,7.396730899810791,7.193142414093018
CN1CCN(c2cccc3c2CCCC(CCNC(=O)c2ccccc2)C3=O)CC1,6.647561073303223,7.342115879058838,6.99483847618103
O=C1CC=C(N2CCC(N3CCN(c4ccncc4Cl)CC3)CC2)CN1,5.465532302856445,6.252460479736328,5.858996391296387
Oc1[nH]c2ccc(Br)cc2c1CCCN1CC=C(c2cccc3cccc(F)c23)CC1,8.171159744262695,7.710635185241699,7.940897464752197
O=C1N(CCN2CCC(C(F)(F)F)CC2)CCN1c1cccc2ccccc12,7.032468318939209,7.756883144378662,7.3946757316589355
N#Cc1ccc2[nH]cc(CCCCN3CCN(c4ccc5occc5c4)CC3)c2c1,7.624373435974121,7.5251898765563965,7.574781656265259
CCCN1CC(CC2Cc3[nH]c4ccc(F)cc4c3CC2)C1,6.243956089019775,6.190226078033447,6.217091083526611
NCC1c2ccccc2Cc2ccccc2C1I,5.28329610824585,6.775312423706055,6.029304265975952
CCCN1CCCCC1CNC(=O)c1c(O)cccc1F,6.131786346435547,7.9408745765686035,7.036330461502075
CCN(CCCCCCN1CCN(c2cccc3ccncc23)CC1)C1CCc2ccc(O)cc2C1,7.71458101272583,8.466540336608887,8.090560674667358
COc1cccc(C2CCN(CCCCSc3nc(C)cc(C)n3)CC2)c1,7.161506652832031,6.398572444915772,6.780039548873901
OC1(c2ccc(F)cc2)CC2CCC(C1)N2Cc1coc2ccccc12,7.858872413635254,8.07359504699707,7.966233730316162
CCN(C1CCC(N2CCN(c3cccc(Cl)c3Cl)CC2)C1)C1CCC2c3cccc4[nH]cc(c34)CC21,6.999522686004639,7.120683193206787,7.060102939605713
COc1ccccc1N1CCN(CCCCNC(=O)c2cccc3ccccc23)CC1,7.269603729248047,8.397801399230957,7.833702564239502
NCCN1CCN(CCCCc2ccc(C(=O)N3CCCc4ccccc43)cn2)CC1,5.855818748474121,6.383670330047607,6.119744539260864
Oc1cc2c(N3CCN(CCCCc4cccc5c4NCCc4c(Cl)cccc4-5)CC3)cccc2[nH]1,8.249842643737793,7.826090335845947,8.03796648979187
O=C(N(CCN1CCN(c2cccc(Cl)c2Cl)CC1)C1CCC2CCC1C2,,,
CCCN(CCCCCN1CCN(c2cccc(Cl)c2Cl)CC1)C1CCc2ccc(O)cc2C1,8.14960765838623,8.603419303894043,8.376513481140137
Oc1ccc2c(c1)OC(CCN1CCN(c3cccc4ccccc34)CC1)CC2,8.513598442077637,8.619455337524414,8.566526889801025
CCCN(CCN1CCN(c2cccc3ccccc23)CC1)C1CCc2c(O)cccc2C1,8.05475902557373,8.830842018127441,8.442800521850586
Cc1ncoc1-c1nnc(CCCN2CCN(c3cccc(Cl)c3Cl)CC2)n1C,6.402066230773926,6.87328052520752,6.637673377990723
COc1ccccc1N1CCN(CCCCc2ccc3c(c2)CNCC3)CC1,7.401317596435547,7.683392524719238,7.542355060577393
CN1CCN(C2Cn3cccc3Sc3ccc(F)cc32)CC1,8.455344200134277,8.19658088684082,8.325962543487549
CN1CCN(C2Cn3cccc3Sc3ccc(F)cc32)CC1,8.455344200134277,8.19658088684082,8.325962543487549
COc1ccccc1N1CCN(CCCCCNC(=O)c2ccc(OCCOCCF)cc2)CC1,7.615310668945312,7.638303756713867,7.62680721282959
CCCN(CCN1CCN(c2cccc3ccccc23)CC1)C1CCc2nc(N)sc2C1,7.570409774780273,8.891854286193848,8.23113203048706
CN1CCC(c2c[nH]c3ccc(NCC4CCC4)nc23)CC1,5.376628398895264,6.064111232757568,5.720369815826416
CN1CCN(C2=Cc3ccccc3Oc3ccc(Cl)cc32)CC1,7.993473052978516,7.783573150634766,7.888523101806641
Oc1ccc2c(c1)OC(CNCCC1Cc3ccccc3C2)CC1CC1,,,
Oc1ccc2c(OCCNCCCc3c[nH]c4ccc(I)cc34)ccc(F)c2n1,8.87166976928711,7.820938110351562,8.346303939819336
Oc1ccc2[nH]cc(CCCCN3CCN(c4cccc5c3CCCC5)CC3)c2c1,,,
CCCN(CCN1CCN(c2cccc3ccccc23)CC1)C1CCc2ccc(O)cc2C1,7.852016925811768,8.869158744812012,8.36058783531189
O=C(NC1CCC(CCN2CCN(c3cccc(Cl)c3Cl)CC2)CC1)c1cccc2ccccc12,7.486489295959473,8.409738540649414,7.948113918304443
Clc1ccc(N2CCN(CCCCNCCc3c[nH]c4ccc(I)cc34)CC2)cc1Cl,7.0374956130981445,7.265519142150879,7.151507377624512
N#Cc1ccccc1CN1C2C3C4CC5C6C4C2C6C1(O)C53,5.166081428527832,4.68914794921875,4.927614688873291
CCCN1CCCCC2Cc3[nH]ncc3CC21,7.045985221862793,7.731148242950439,7.388566732406616
CCN1CCN(Cc2ccc(-c3ccccc3)cc2)CC1,6.3119330406188965,6.391057968139648,6.3514955043792725
Oc1cc2c(cc1NC1CCC(N3CCN(c4ccccc4F)CC3)CC1)CCC2,7.285458564758301,6.968554496765137,7.127006530761719
O=C1N(CCN2CCC(Cc3cccc(F)c3)CC2)CCN1c1cccc(Cl)c1,7.573101043701172,7.745242118835449,7.6591715812683105
Cc1csc2ccn(CCN3CCN(c4cccc5ccccc45)CC3)c(=O)c12,7.356356143951416,6.893319606781006,7.124837875366211
N#Cc1ccc2[nH]cc(CCCCN3CCN(c4ccc5[nH]c(C(N)=O)cc5c4)CC3)c2c1,7.327355861663818,7.564930915832519,7.446143388748169
N#Cc1ccc2[nH]cc(CCCCN3CCN(c4ccccc4)CC3)c2c1,7.689896583557129,7.685155868530273,7.687526226043701
O=C(NCCCCCN1CCN(c2cccc(Cl)c2Cl)CC1)c1ccccc1OCCF,7.52100133895874,7.870644569396973,7.6958229541778564
CCCN(CCN1CCN(c2ccc(Cl)cc2Cl)CC1)C1CCc2ccc(O)cc2C1,7.334823608398437,8.60236644744873,7.968595027923584
Oc1[nH]cc2ccc(OCCCN3CCN(c4cccc5c4CCO5)CC3)cc12,8.351738929748535,7.996139049530029,8.173938989639282
O=C(NCCCCN1CCN(c2cccc(Cl)c2Cl)CC1)c1ccc2c(c1)CCN2CCN1CCCC1,7.254199981689453,8.64519214630127,7.949696063995361
Oc1[nH]cc2cc(F)c(OCCCN3CCN(c4cccc5ccccc45)CC3)cc12,8.039456367492676,8.071407318115234,8.055431842803955
O=C(NCCCCCN1CCN(c2cccc(Cl)c2Cl)CC1)c1cc2ccccc2cc1O,7.405690193176269,8.280462265014648,7.843076229095459
Cc1cc(C)c2c(N3CCN(CCCCc4c[nH]c5ccc(F)cc45)CC3)cccc2[nH]1,,,
O=C(NCCCCN1CCN(c2nsc3ccccc23)CC1)c1cccc2c1-c1ccccc1C2,6.950069904327393,8.148199081420898,7.5491344928741455
CCCN1CCCC2Cc3c(O)cccc3CC21,7.832703590393066,8.197038650512695,8.01487112045288
O=C(NCCN1CCN(C2=Nc3ccccc3Cc3ccc(F)cc32)CC1)c1ccnc2ccccc12,6.043927192687988,6.422338962554932,6.23313307762146
Oc1[nH]c2cc(F)c(OCCCN3CCN(c4cccc5c4CCC5)CC3)cc(F)c2c1O,,,
Nc1ccccc1CCCNCC1CCc2ccc(O)cc2O1,9.096776962280272,8.00220775604248,8.549492359161377
Oc1ccc2c(c1)OC(CNCCCNCC1COc3ccccc3O1)CC2,9.486612319946287,8.568997383117676,9.027804851531982
N#Cc1ccc2c(N3CCN(CCC4CCN(c5cccc(C#N)c5)CC4)CC3)cccc2c1,7.799000740051269,7.9805192947387695,7.8897600173950195
Oc1ccc2[nH]cc(CCCCN3CC=C(c4ccccc4)CC3)c2c1,8.44819450378418,8.916887283325195,8.682540893554688
CCCN(CCN1CCN(c2ccnc3cc(OS(=O)(=O)c4ccccc4)ccc23)CC1)C1CCc2c(F)cccc2C1,7.150646686553955,7.994366645812988,7.572506666183472
O=C(NCCCCN1CCN(c2cccc(Cl)c2Cl)CC1)c1ccc(F)cc1,7.55173397064209,8.872732162475586,8.212233066558838
CCc1cc2c(C(F)(F)F)cc(O)nc2[nH]1,8.35818862915039,6.263635158538818,7.3109118938446045
CCCN(CCC1CCC(NC(=O)C=Cc2ccccc2S)CC1)C1CCc2c(O)cccc2C1,7.803886890411377,8.784276962280273,8.294081926345825
CN1CCC(=Cc2ccc3ccccc3[nH]2)CC1,,,
CCCN(CCN1CCN(c2ccccc2-c2nc3ccccc3[nH]2)CC1)C1CCc2c(O)cccc2C1,7.830204963684082,8.518047332763672,8.174126148223877
COc1ccccc1N1CCN(CCCCNC(=O)c2cc3ccccc3[nH]2)CC1,7.458222389221191,9.089481353759766,8.273851871490479
Oc1[nH]cc2cc(F)c(OCCCCN3CCN(c4cccc5ccccc45)CC3)c(F)c12,8.035676956176758,8.126914978027344,8.08129596710205
O=C(NCCCCN1CCN(c2cccc(Cl)c2Cl)CC1)c1cccc2c1-c1ccccn1,,,
CCCN(CCCN1CCN(c2cccc(Cl)c2Cl)CC1)C1CCc2ccc(O)cc2C1,7.659801483154297,8.279548645019531,7.969675064086914
CCN(CCN1CCN(c2cccc(Cl)c2Cl)CC1)CC12CCC(OC)(CC1)C2,5.38189697265625,7.1753458976745605,6.278621435165405
O=C1N(CCN2CCCCC2)CCN1c1cccc(Cl)c1,8.017598152160645,7.759331703186035,7.88846492767334
O=C(NCCCCCN1C2CCC1c1ccc(O)cc1C2)c1ccccc1F,6.379110813140869,7.8697614669799805,7.124436140060425
Oc1ccc2c(OCCNCCCc3cccc(I)c3)ccc(I)c2[nH]1,,,
Oc1[nH]c2ccc(Cl)c(OCCCN3CCN(c4cccc5ccccc45)CC3)c2c1CCF,7.617637634277344,7.78115177154541,7.699394702911377
O=C1N(CCN2CCOCC2)CCN1c1cccc(C2CCCCC2)c1,7.366140842437744,6.795105934143066,7.080623388290405
Cc1ccc2c(N3CCN(CCCCN4CCN(c5cccc(Cl)c5Cl)CC4)CC3)cccc2n1,7.995739459991455,8.273791313171387,8.134765386581421
CCN1CCN(c2cccc(C#N)c2Cl)CC1,7.959479331970215,7.21839714050293,7.588938236236572
Oc1[nH]cc2ccc(OCCCN3CCN(c4cccc5cccc(F)c45)CC3)cc12,8.2858247756958,7.846156120300293,8.065990447998047
Oc1[nH]cc2ccc(OCCCN3CCN(c4cccc5cccc(F)c45)CC3)cc12,8.2858247756958,7.846156120300293,8.065990447998047
COc1ccccc1N1CCN(CCCCCCN2CCN(c3ccccc3OC)CC2)CC1,7.870886325836182,7.619773387908935,7.745329856872559
O=C1CN(C2CCN(CCCCc3c[nH]c4ccccc34)CC2)C1=CI,7.030185222625732,6.484509944915772,6.757347583770752
N#Cc1ccc2[nH]c(CN3CC4CCC(C3)c3ccc(F)cc3)cc2c1,,,
CN1CCN(C2Cn3cccc3Sc3ccc(F)cc32)CC1,8.455344200134277,8.19658088684082,8.325962543487549
NCCN(Cc1cccc(CCCNCC(O)c2ccc(Cl)c3ccccc23)c1)C1CCc2noc(O)c2C1,6.350246429443359,7.376708507537842,6.863477468490601
Ic1ccc(N2CCN(CCCC3CCC(NCc4ccccc4F)CC3)CC2)cc1,6.3746867179870605,6.553505897521973,6.464096307754517
CCN1CCCC1CNC(=O)c1c(O)cccc1CCCCC1CCNCC1Cc2ccccc2C1,,,
Oc1ccc2c(F)c(OCCNCCN3CCN(c4cccc5cccc(F)c45)CC3)ccc2[nH]1,,,
CCCN(CCN1CCN(c2ccc(-c3ccccc3)cc2)CC1)C1CCc2ccc(O)cc2C1,7.323070526123047,8.55698299407959,7.940026760101318
CCN(CC)C1CCc2c(ccc(O)c2O)C1,8.562129974365234,9.074700355529783,8.81841516494751
O=C1N(CCCN2CCN(c3cccc(Cl)c3Cl)CC2)CCN1c1ccccc1,7.071999549865723,7.107209205627441,7.089604377746582
Nc1cc2c(cc1Cl)CCN2CCc1noc2ccccc12,7.094656944274902,6.4407639503479,6.767710447311401
N#CNC1CCc2cc(CCOc3ccc(F)cc3)ccc21,7.355803966522217,5.5464186668396,6.451111316680908
O=C(NCCCCN1CCN(c2cccc(Cl)c2Cl)CC1)c1ccc(-c2ccccc2)cc1,7.198726654052734,8.894174575805664,8.0464506149292
COc1cccc(N2CCN(CCCCNC(=O)c3ccc(F)cc3)CC2)c1,6.724559307098389,8.253325462341309,7.488942384719849
O=C1CCc2ccc(OCCCCN3CCN(c4cccc5cccc(F)c45)CC3)nc2N1,8.669334411621094,7.36412239074707,8.016728401184082
CCCN(CCN1CCN(c2ccc(-c3ccccc3)cc2)CC1)C1CCc2ccc(O)cc2C1,7.323070526123047,8.55698299407959,7.940026760101318
N#Cc1cccc(CN2CC=C3c4cccc(O)c4OCC32)c1,7.358993530273437,6.957056045532227,7.158024787902832
COc1ccccc1N1CCN(CCCCCCCN2CCN(c3ccccc3OC)CC2)CC1,7.837442398071289,7.5310869216918945,7.684264659881592
Oc1cc(OCCCCN2CCC(c3ccccc3Cl)CC2)cn1CCN1CCN(c2ccccc2Cl)CC1,7.384526252746582,7.106800079345703,7.245663166046143
CCN(CCCCCN1CCN(c2ccccc2CF)CC1)C1CCc2c(O)cccc2C1,7.699458599090576,7.49308967590332,7.596274137496948
O=C1Cc2cc(CCCN3CCN(c4cccc(Cl)c4Cl)CC3)cc3c2N1CC3,6.958973407745361,7.536611557006836,7.247792482376099
CC1Nc2ccc(CCCCN3CCN(c4ccccc4)CC3)cc2C(=O)NC1,7.222278594970703,7.101395606994629,7.161837100982666
OC1(c2ccc(Br)cc2)CC2CCC(C1)N2Cc1coc2ccccc12,8.125389099121094,8.381102561950684,8.253245830535889
CCCN1CCCCC2c3cc(O)ccc3CCC21,6.573345184326172,7.702635288238525,7.137990236282349
CN1CCN(C2Cn3cccc3Sc3ccc(Cl)cc32)CC1,8.645716667175293,8.372459411621094,8.509088039398193
N#Cc1ccc2[nH]cc(CCCCN3CCN(c4cccc5ccccc45)CC3)c2c1,8.188577651977539,7.971484661102295,8.080031156539917
CCCN(CCN1CCN(c2cccc(Cl)c2Cl)CC1)C1CCc2c(O)cccc2C1,7.985080718994141,8.794384002685547,8.389732360839844
Oc1cc2c(cc1F)CCN(CCCCc1c[nH]c3ccc(F)cc13)CC2,8.181713104248047,7.941632270812988,8.061672687530518
Oc1[nH]cc2ccc(OCCCCN3CCN(c4cccc5cccc(F)c45)CC3)c(F)c12,8.354814529418945,7.957779884338379,8.156297206878662
O=C1N(CCCN2CCC(c3ccc(F)cc3)CC2)CCN1c1cccc(Cl)c1,7.130496978759766,6.497880935668945,6.8141889572143555
CCCN(CCN1CCCC1)C1CCc2ccc(O)cc2C1,6.494034767150879,8.602851867675781,7.54844331741333
CCCN(CCN1CCN(c2ccc(OC)cc2)CC1)C1CCc2c(O)cccc2C1,6.790901184082031,8.00387191772461,7.39738655090332
CN(CCOc1cccc2ccccc12)Cc1cnccn1,6.065973281860352,6.556853771209717,6.311413526535034
NCCCCN1c2ccccc2CCc2ccccc21,6.109242916107178,6.696155071258545,6.402698993682861
Oc1ccc2cc(CCCN3CCN(c4ccccc4Cl)CC3)ccc2c1,7.7139892578125,7.220322132110596,7.467155694961548
CCN1CCN(c2cccc3ccc(OCCCCN4CCN(c5cccc(OC)c5Cl)CC4)cc23)CC1,7.813337326049805,8.323318481445312,8.068327903747559
Oc1cc2c(OCCNCc3ccccc3)ccc(Cl)c2[nH]1,8.818074226379395,7.795686721801758,8.306880474090576
CN1CCc2ccccc2Cc2ccc3c(c21)CCO3,5.886540412902832,6.523035526275635,6.204787969589233
Oc1[nH]c2ccccc2c1CN1CCN(c2cccc3c2CCCC3)CC1,7.560837745666504,6.660602569580078,7.110720157623291
CN1CCC(Cc2cnc[nH]2)Cc2cccc3c2C1Cc1cccc(F)c1Br,,,
Oc1ccc2[nH]cc(CCCCN3CC=C(c4ccccc4)CC3)c2c1,8.44819450378418,8.916887283325195,8.682540893554688
Fc1ccc(OCCCN2CCN(c3cccc4ccccc34)CC2)c1,,,
CCCN(CCN1CCN(c2ccc(Cl)cc2Cl)CC1)C1CCc2ccc(O)cc2C1,7.334823608398437,8.60236644744873,7.968595027923584
CCN=C1NCCc2ccc(OC)cc21,5.770516395568848,6.050265789031982,5.910391092300415
COc1ccccc1N1CCN(CCCCCNC(=O)c2ccc(F)c3ccccc23)CC1,7.483064651489258,7.694253444671631,7.588659048080444
Oc1[nH]cc2cc(Cl)c(OCCCN3CCN(c4cccc5cccc(F)c45)CC3)cc12,7.866034507751465,7.838651657104492,7.8523430824279785
CCN(CCN1CCN(c2ccccc2)CC1)c1cccc(Cl)c1,6.770518779754639,6.381592750549316,6.5760557651519775
O=C(NCCCCN1CCN(c2cccc(Cl)c2Cl)CC1)c1ccc(F)nc1,7.382164478302002,8.801153182983398,8.0916588306427
CC(C)Oc1ccccc1N1CCN(CCCCNC(=O)c2ccc3ccccc3c2)CC1,7.384382724761963,8.607428550720215,7.995905637741089
c1ccc2c(N3CCNCC3)cccc2c1,6.331480979919434,5.53885555267334,5.935168266296387
Oc1c2c(OCCNCCN3CC=C(c4ccccc4)CC3)ccc(Cl)c2[nH]1,,,
COc1ccccc1N1CCN(CCC2c3ccccc3CCc3nc(N)ncc32)CC1,6.516230583190918,6.18054723739624,6.348388910293579
Cc1cc(OCCCNCC2CCc3ccc(O)cc3O2)ccc1-n1cnc(C)c1,8.06197452545166,7.311529159545898,7.686751842498779
Fc1cnc(N2CCC3(CCC(CNC(c4ccccn4)CC3)CC2)cc1,,,
Oc1[nH]cc2c(F)c(OCCCN3CCN(c4cccc5c4CCCC5)CC3)ccc12,8.488604545593262,7.866542816162109,8.177573680877686
CCCN(CCN1CCN(c2cccc(-c3ccccc3)c2)CC1)C1CCc2ccc(O)cc2C1,7.6441168785095215,8.588624954223633,8.116370916366577
CCCN(CCN1CCN(c2cccc3cccnc23)CC1)C1CCc2ccc(O)cc2C1,7.680376052856445,8.793758392333984,8.237067222595215
CCCN(CCN1CCN(c2cccc3[nH]ccc23)CC1)C1CCc2c(O)cccc2C1,8.217432975769043,8.687128067016602,8.452280521392822
Oc1[nH]cc2ccc(OCCCN3CCN(c4cccc5ccccc45)CC3)cc12,8.251434326171875,8.164289474487305,8.20786190032959
O=C(NCCCCCN1CCN(c2cccc(Cl)c2Cl)CC1)c1cc2ccccc2s1,7.329257011413574,8.40179443359375,7.865525722503662
O=C1N(CCN2CC3CCC3(c3ccc(Cl)c(Cl)c3)CC2)CCN1c1ccccc1I,7.438590049743652,7.382287979125977,7.4104390144348145
Oc1[nH]cc2ccc(OCCCN3CCN(c4cccc5ccc(Cl)cc45)CC3)cc12,8.2247896194458,7.969148635864258,8.09696912765503
O=C(NCCCN1CCN(c2nsc3ccccc23)CC1)c1cc2ccccc2[nH]1,6.936480522155762,7.590214729309082,7.263347625732422
CCCN(CCC1CCC(NC(=O)c2cccc(-c3ccccn3)c2)CC1)C1CCc2nc(N)sc2C1,6.996549606323242,8.60729694366455,7.8019232749938965
CCCN(CCN1CCN(c2cccc3ccccc23)CC1)C1Cc2ccc(O)cc2C1,7.7697248458862305,8.795768737792969,8.2827467918396
CN1CCCC1CCc1cnc[nH]1,4.771390438079834,6.668036937713623,5.7197136878967285
Cc1cccc(CCN2CCN(CCCCc3c[nH]c4ccc(I)cc34)CC2)c1,6.859106063842773,7.060842990875244,6.959974527359009
Oc1[nH]cc2ccc(OCCCN3CCN(c4cccc5cc(F)ccc45)CC3)cc12,8.429685592651367,8.15810775756836,8.293896675109863
Oc1[nH]cc2cc(F)c(OCCCCN3CCN(c4cccc5ccccc45)CC3)cc12,8.182527542114258,8.295546531677246,8.239037036895752
CCN1CCCN2c3ccccc3CCc3ccc(O)cc3CC2C1,7.220894813537598,6.588507652282715,6.904701232910156
N#CNC(=NCCCN1CCN(c2cccc(Cl)c2Cl)CC1)c1ccccn1,6.4819746017456055,6.83958911895752,6.6607818603515625
N#Cc1cnc(CN2CCC(CCn3cccc(Br)c3)CC2)[nH]1,,,
Oc1[nH]cc2cc(F)c(OCCCN3CCN(c4cccc5cccc(Cl)c45)CC3)cc12,7.890908241271973,7.786128997802734,7.8385186195373535
CN1Cc2ccccc2Cc2c(CCCCN3CCN(c4cccc5cc(F)ccc45)CC3)cccc21,7.58242130279541,7.450540542602539,7.516480922698975
CCN1CCCCC1CNC(c1cccc(Cl)c1)c1cccc2[nH]ccc12,6.566243171691895,6.74083423614502,6.653538703918458
Clc1cccnc1NCC1CCC(N2CCN(c3ccccc3OCCF)CC2)CC1,7.467213153839111,6.692481994628906,7.079847574234009
O=C1NCN(c2cccc3ccc(OCCCCN4CCN(c5cccc(Cl)c5Cl)CC4)cc23)C1=O,7.8878278732299805,8.154353141784668,8.021090507507324
Oc1ccc2c(OCCCNCc3ccco3)ccc(F)c2[nH]1,,,
CN1CCN(C2Cc3cccc2Cc2ccccc2)CC1,,,
Oc1ccc2c(OCCNCc3cccc(I)c3)ccc(F)c2[nH]1,,,
CCCN(CCN1C2CCC1c1cccc(COC)c1OC)CC2)C1CCc2c(O)cccc2C1,,,
CCCN(CCN1CCN(c2cccc(Cl)c2Cl)CC1)C1CCc2ccc(O)cc2C1,7.754941940307617,8.88428783416748,8.319614887237549
CCCc1cc(O)c2[nH]c(C(=O)NC3CCN(CC4CN(CC5CCCC5)CC4c4ccccc4)CC3)cc2c1,6.367934226989746,7.156260013580322,6.762097120285034
NCCCc1ccccc1OCCCCNCC1Cc2ccccc2CN1,5.436006546020508,7.038870334625244,6.237438440322876
OC(CCCN1CCN(c2cccc3ccccc23)CC1)c1ccc(F)cc1,7.232889652252197,7.0620832443237305,7.147486448287964
Cc1cc(C(C)(C)C)c(O)c(C)c1CCN1CCN(c2ccccc2)CC1,6.54529333114624,6.753381729125977,6.649337530136108
OC1C2CC(CN3CCC1)C(O)(c1ccc(I)cc1)C2,,,
N#Cc1ccc(N2CCN(CCCCNC(=O)c3cccc4ccccc34)CC2)cc1,6.590124130249023,7.820767402648926,7.205445766448975
COc1ccccc1N1CCN(CNCC=CCC2Cc3ccccc3CC2=Cc2ccccc2)CC1,7.258501052856445,7.522634506225586,7.390567779541016
Oc1[nH]cc2c(F)c(OCCCCN3CCN(c4cccc(Cl)c4Cl)CC3)ccc12,8.37340259552002,8.734952926635742,8.55417776107788
CN1CCN2c3ccccc3Cc3ccccc3C2C1,6.133472442626953,6.208698749542236,6.171085596084595
C=Cc1cnc2c(c1)CCN(CCCCCN1CCN(c3ccccc3Cl)CC1)CC2,7.435682773590088,7.928367614746094,7.682025194168091
Oc1[nH]c2ccc(F)cc2c1CCCCN1CCN(c2ccccc2)CC1,7.473901271820068,7.426884174346924,7.450392723083496
CCCN(CCN1CCN(c2ccccc2OC)C1=O)C1CCc2ccc(O)cc2C1,7.430274486541748,7.675622940063477,7.552948713302612
COc1ccccc1N1CCN(CCCCCNC(=O)C=Cc2cccc3ncccc23)CC1,7.523787975311279,8.083880424499512,7.8038341999053955
O=C1N(CCN2CCN(c3cccc(Cl)c3Cl)CC2)CCN1c1cccc(Cl)c1,7.528343200683594,7.927174568176269,7.727758884429932
COCCN(CCN1CCN(c2ccc3[nH]ccc3c2)CC1)C1CCc2ccc(O)cc2C1,7.080750465393066,7.819549083709717,7.450149774551392
N#Cc1cc(N2CCNCC2)cc2[nH]c(O)c(C(N)=O)c12,5.147176265716553,4.674601078033447,4.910888671875
CCCN(CCN1CCN(c2ccc(-c3ccccc3)cc2)CC1)C1CCc2nc(N)sc2C1,7.020412921905518,8.5577974319458,7.789105176925659
N#Cc1ccc2c(c1)CCCC2CCN1CCN(c2cccc3ccccc23)CC1,7.636360645294189,7.340993881225586,7.488677263259888
Nc1ccc(CCN2CCN(c3ccccc3Cl)CC2)cc1,7.719674110412598,6.399260520935059,7.059467315673828
N#Cc1ccc2[nH]c(CCCN3CCN(c4cccc5ccc(C#N)cc45)CC3)nc2c1,7.5520920753479,7.060014247894287,7.306053161621094
C=CCN1CCCCC1CNC(=O)c1ccc(C)c(C)c1,6.615296363830566,7.61106014251709,7.113178253173828
CCN1CCN(c2ccc(CSc3nccn3C)cc2)C1,4.957118511199951,5.86958646774292,5.4133524894714355
COc1ccccc1N1CCN(CCCCNC(=O)c2ccc(I)cc2)CC1,7.739109039306641,8.816133499145508,8.277621269226074
CCN1CCCC(c2ccccc2)C1,6.006444454193115,5.945241451263428,5.9758429527282715
O=C(NCCCCCN1CCN(c2noc3ccccc23)CC1)c1ccccc1,6.801366806030273,7.014885425567627,6.90812611579895
O=C(NCCCCN1CCN(c2cccc(Cl)c2Cl)CC1)c1cccc2c1-c1ccccc1C2,6.840058326721191,8.243104934692383,7.541581630706787
CCN1CCN(c2ccc(C(=O)Nc3ccc4c(c3)CCC4)cc2)CC1,6.501823902130127,6.160447120666504,6.331135511398315
Cc1ncoc1-c1nnc(SCCCN2CCC3CC3(c3ccc(C(F)(F)F)cc3)CC2)n1C,6.414630889892578,8.067596435546875,7.241113662719727
CCCN(CCN1CCN(c2cccc3ccccc23)CC1)C1CCc2c(O)cccc2C1,8.05475902557373,8.830842018127441,8.442800521850586
CN1CCN(C2Cc3ccccc3Sc3ccc(Cl)cc32)CC1,9.140548706054688,8.702613830566406,8.921581268310547
CN1CCN(C2=Cc3ccccc3Sc3ccc(Cl)cc32)CC1,8.63737678527832,8.45380687713623,8.545591831207275
Oc1[nH]cc2ccc(OCCCN3CCN(c4cccc5cccc(F)c45)CC3)cc12,8.2858247756958,7.846156120300293,8.065990447998047
CCCN(CCN1CCN(c2ccccc2)CC1)C1CCc2ccc(O)cc2C1,7.061977386474609,8.358572006225586,7.710274696350098
CCCN(CCN1CCN(c2ccc3[nH]ncc3c2)CC1)C1CCc2c(O)cccc2C1,7.063309669494629,8.293890953063965,7.678600311279297
Cc1nc(C)c(-c2ccnc(Nc3ccc(C(=O)N4CCC(F)(F)C4)cc3)n2)s1,5.068925380706787,3.977741003036499,4.523333191871643
CCCN(CCN1CCN(c2cccc3ccoc23)CC1)C1CCc2ccc(O)cc2C1,8.003236770629883,8.870266914367676,8.43675184249878
O=C1CCc2ccc(OCCCCN3CCN(c4cccc5ccccc45)CC3)nc2N1,8.644357681274414,7.317240238189697,7.980798959732056
C#CCN(CCCCN1CCN(c2cccc(Cl)c2Cl)CC1)C1CCc2ccc(O)cc2C1,7.617848873138428,8.73086929321289,8.17435908317566
Oc1[nH]cc2ccc(OCCCN3CCN(c4cccc5ccc(F)cc45)CC3)cc12,8.386061668395996,8.02033519744873,8.203198432922363
CN1CCc2ccc3c(c2Cc2ccc(O)c(O)c2)C1,,,
OC1(c2ccc(Cl)cc2)CC2CCC(C1)N2Cc1coc2ccc3c(c12)CCO3,7.920132160186768,8.171911239624023,8.046021699905396
CN1CCc2cccc3c2C1Cc1cccc(O)c1-3,6.989553928375244,7.396730899810791,7.193142414093018
CN1CCN(c2cccc3c2CCCCCCNC3=O)CC1,7.127753257751465,6.71960973739624,6.9236814975738525
COc1cccc(N2C3CN(CCCCF)CC3C2)c1,7.225350379943848,6.818315029144287,7.021832704544067
Oc1ccc2c(c1)OC(CNCCCOc1ccc3ocnc3c1)CC2,9.317462921142578,8.259834289550781,8.78864860534668
CN1CCc2cc(OCCF)cc3c2C1Cc1ccc(O)c(O)c1-3,7.412495136260986,6.983794212341309,7.1981446743011475
NC(=O)c1cccc2c1CCCN2CCCc1noc2cc(F)ccc12,7.607386112213135,6.524035930633545,7.06571102142334
CCCN(CCN1CCN(c2cccc(Cl)c2Cl)CC1)C1CCc2ccc(O)cc2C1,7.754941940307617,8.88428783416748,8.319614887237549
CN1CC=C(C2=Cc3ccccc3Cc3ccc(F)cc32)CC1,7.741241931915283,7.35064697265625,7.545944452285767
Ic1ccc(N2CCN(CCC3CCC(NCc4ccccc4)CC3)CC2)cc1Cl,6.875244140625,7.368918418884277,7.122081279754639
Cc1nc(-c2ccc(N3CCN(c4ccccc4)CC3)cc2)no1,4.303858280181885,5.538640022277832,4.921249151229858
CCOc1ccccc1N1CCN(CCCCNC(=O)c2ccc(C(=O)N3CCc4ccccc4C3)cc2)CC1,6.943791389465332,8.400884628295898,7.672338008880615
Oc1cc2c(OCCNCCCN3c4ccccc4CCC3CO)ccc(F)c2[nH]1,7.899885177612305,7.383933067321777,7.641909122467041
OC1(c2ccc(F)cc2)CC2CCC(C1)N2CCCCc1ccc(I)cc1,7.522523880004883,7.885125160217285,7.703824520111084
NCCc1c[nH]c2ccc(OCCCCCCCN3CCN(c4cccc5ccccc45)CC3)cc12,7.150355815887451,7.382668018341064,7.266511917114258
Oc1[nH]cc2ccc(OCCCN3CCN(c4cccc5ccccc45)CC3)cc12,8.251434326171875,8.164289474487305,8.20786190032959
Fc1cccc(CN2CCN(CCCCOc3ccc4c(c3)CCCO4)CC2)c1,6.483683109283447,7.0405683517456055,6.762125730514526
COc1ccc2[nH]cc(C3=CCN(CCCCCN4CCN(c5ccccc5OC)CC4)CC3)c2c1,8.005268096923828,7.848081588745117,7.926674842834473
O=C1N(CCN2CCC(I)CC2)CCN1c1cccc(Cl)c1,7.173312187194824,8.205960273742676,7.68963623046875
O=C(NCCCCCN1CCN(c2ccc(Cl)cc2Cl)CC1)c1cccc2ccccc12,6.788213729858398,7.5295634269714355,7.158888578414917
COc1cccc(N2CCN(CCCCNC(=O)c3c(C)cccc3C)CC2)c1,6.899703979492188,7.734287261962891,7.316995620727539
CCN1CCN(c2ccc(Nc3cccc(C(F)(F)F)c3)cc2C)CC1,7.238297462463379,6.675152778625488,6.956725120544434
O=C1N(CCN2CCC3Cc4ccc(OCCCN5CCN(c6cccc(Cl)c6Cl)CC5)cc4C3C2)CCN1c1ccccc1,7.349392890930176,7.753391265869141,7.551392078399658
Oc1ccc2cc(N3CCN(Cc4cccc5ccccc45)CC3)ccc2[nH]1,,,
CCCN(CCCCCN1CCN(c2ccccc2OC)CC1)C1CCc2c(O)cccc2C1,8.377866744995117,8.11102294921875,8.244444847106934
CCCCN1CCC(Oc2cccc3[nH]c(C(=O)N4CCC(N(C)C)C4)cc23)C1,5.898817539215088,7.667078971862793,6.78294825553894
O=C(NC1CCC(CCN2CCN(c3ccccc3Cl)CC2)CC1)c1ccc(I)cc1,7.866514205932617,8.464306831359863,8.16541051864624
CCN1CCN(c2ccc(Nc3ncc(Cl)cc3C(=O)NCCCc3ccccc3)cc2)CC1,6.402891159057617,6.093367576599121,6.248129367828369
N#Cc1ccc2[nH]cc(CCCCN3CCN(c4cccc5cccnc45)CC3)c2c1,8.155662536621094,7.885978698730469,8.020820617675781
CCN(CCC1CCC(NC(=O)c2ccccc2Br)CC1)C1CCc2c(O)cccc2C1,7.991926670074463,8.549254417419434,8.270590543746948
Oc1[nH]c2cc(F)c(F)cc2c1CCCCN1CCN(c2cccc(Cl)c2Cl)CC1,8.012482643127441,7.715206623077393,7.863844633102417
Oc1[nH]cc2ccc(OCCCN3CCN(c4cccc5ccccc45)CC3)cc12,8.251434326171875,8.164289474487305,8.20786190032959
CN1CCC(c2ccc(Cl)cc2)CC1,6.673320293426514,5.595070838928223,6.134195566177368
O=C(NC1CCC2CCC(CCN3CCN(c4cccc(Cl)c4Cl)CC3)C21)C1CC1,7.4768877029418945,8.425127983093262,7.951007843017578
COc1ccccc1N1CCN(CCNCC2CCCc3ccccc3C2)CC1,7.343111991882324,7.0163750648498535,7.179743528366089
O=C1Cc2c(Cl)ccc(OCCCCN3CCN(c4cccc(C(F)(F)F)c4Cl)CC3)c2N1,8.32785415649414,7.912011623382568,8.119932889938354
N#Cc1ccc(N2CCC(CCCN3CCN(c4cccc(Cl)c4Cl)CC3)CC2)cc1,7.353968620300293,7.6600341796875,7.5070013999938965
CCN1CCN(C2Cn3cccc3Sc3ccc(F)cc32)CC1,8.352453231811523,7.737477302551269,8.044965267181396
CNCC(O)c1ccc(O)c(O)c1,3.699587106704712,5.903915882110596,4.801751494407654
NCCN(CC=CI)C1=NCCN1,5.275897979736328,4.929548740386963,5.1027233600616455
NCCC1Cc2ccc(O)cc2C(c2ccc(O)cc2)C1,5.309950828552246,6.874966621398926,6.092458724975586
CCCN1CCCC1CNCc1ccc(I)cc1,5.116034984588623,7.21495771408081,6.165496349334717
Oc1[nH]c2ccc(Br)cc2c1CCCCN1CCN(c2ccccc2Cl)CC1,7.848723411560059,8.088142395019531,7.968432903289795
COc1cccc(N2CCN(CCCCNC(=O)c3cccc4c3OCO4)CC2)c1C,6.84712028503418,8.1708984375,7.50900936126709
N#Cc1cccc(CN2CCN(CCCCc3ccc(F)cc3)CC2)c1,5.971342086791992,7.111600399017334,6.541471242904663
c1ccc(OCCCNCC2CCc3ccccc3O2)cc1,8.576645851135254,7.845897197723389,8.211271524429321
CN1CCc2cc(Cl)c(O)cc2C2c3cccc(I)c3CCC21,6.802414894104004,8.042770385742188,7.422592639923096
CCCN(CCN1CCN(c2cccc3ccccc23)CC1)C1CCc2ccc(O)cc2C1,7.852016925811768,8.869158744812012,8.36058783531189
OCCN1CCN(C2Cn3cccc3Sc3ccc(F)cc32)CC1,7.845658302307129,7.513328075408935,7.679493188858032
Oc1[nH]c2cccc3c2CCCN1CCN(c2cccc3c2OCCO3)CC1,,,
Cc1ccc2c(N3CCN(CCc4cccc(-c5ccc(C)nc5)c4)CC3)cccc2n1,6.819443225860596,6.859580993652344,6.83951210975647
Oc1[nH]cc2ccc(OCCCN3CCN(c4cccc5cccc(F)c45)CC3)cc12,8.2858247756958,7.846156120300293,8.065990447998047
Cc1ccc2c(N3CCN(CCCc4cccc5c4NCC(=O)CO5)CC3)cccc2n1,7.410220146179199,6.606637001037598,7.008428573608398
Cc1ccc2c(N3CCN(CCc4cccc(-c5ccccc5)c4)CC3)cccc2n1,7.4348602294921875,7.006355285644531,7.220607757568359
CN(C)Cc1nccc(CN2CCC3(CCCN(c4ccccc4Cl)C3=O)CC2)n1,5.521852970123291,5.731784820556641,5.626818895339966
Oc1ccc2c(c1)OC(CNCCCN1CCN(c3cccc(Cl)c3Cl)CC1)CCC2,8.863895416259766,8.264472007751465,8.564183712005615
Clc1cccc(N2CCN(CCCNCC=Cc3ccccc3)CC2)c1Cl,7.28873348236084,7.144723892211914,7.216728687286377
O=C(NCCCCN1CCN(c2cccc(Cl)c2Cl)CC1)c1ccc(F)cc1,7.55173397064209,8.872732162475586,8.212233066558838
CCN1c2ccc(Cl)c(Cl)c2CN(CCN2CCNC2=O)CC1,6.301995754241943,7.276754379272461,6.789375066757202
Oc1ccc2c3c1OC1CCC(NCC=CCc4ccccc4Br)CCC31CCN(CCCCNCCc1ccccn1)C2,6.945887088775635,6.990304470062256,6.968095779418945
Fc1ccc(F)c(CN2CCC3(CCc4ccccc4O3)CC2)c1,6.395860195159912,7.026652812957764,6.711256504058838
O=C(NCCCCN1CCN(c2cccc(Cl)c2Cl)CC1)c1ccc(CO)cc1,6.998429775238037,8.940383911132812,7.969406843185425
Oc1[nH]cc2cc(F)c(OCCCCN3CCN(c4cccc5ccccc45)CC3)cc12,8.182527542114258,8.295546531677246,8.239037036895752
CCCN(CCN1CCN(c2ccc(-c3cccc(Cl)c3)cc2)CC1)C1CCc2ccc(O)cc2C1,7.163078308105469,8.475003242492676,7.819040775299072
CN1CCc2ccc(CN3CCN(c4ccccc4)CC3)cc21,6.906406879425049,6.918966770172119,6.912686824798584
CCc1c(OCCCNCC2CCCCN2CCc2ccccc2)ccc2cc(O)c(O)cc12,7.174827575683594,7.653722286224365,7.4142749309539795
CN1CCN(C2Cc3ccccc3Sc3ccc(CCN4CCN(c5ccccc5Cl)CC4)cc32)CC1,7.843172073364258,7.467766761779785,7.6554694175720215
O=C(NCCCCN1CCN(c2cccc(Cl)c2Cl)CC1)c1cc2ccccc2[nH]1,7.3425798416137695,9.333036422729492,8.33780813217163
CN1CCN(CCc2cccc3cc(O)ccc23)CC1,6.361046314239502,7.224213123321533,6.792629718780518
CCN(CC)C(=O)NC1Cc2c(cc3c[nH]c4c3c2C=CC4)N(C)C1,8.286233901977539,9.047684669494627,8.666959285736084
NCCCN1CN(c2ccccc2)C2(CCCCCC2)CC1=O,8.008157730102539,7.230248928070068,7.619203329086304
CCCN(CCN1CN=C(c2ccccc2)c2ccccc2)CC1)C1CCc2c(O)cccc2C1,,,
OC(CCN1CCN(CCCc2cc(F)cc(F)c2)CC1)C1CCC(O)(c2ccccc2)CC1,5.407656192779541,6.1226911544799805,5.765173673629761
CCCN(CCN1CCN(c2ccc(-c3ccc4cc(C)ccc4n3)cc2)CC1)C1CCc2ccc(O)cc2C1,6.79988431930542,8.184953689575195,7.492419004440308
O=C1N(CCN2CCC(c3ccccc3OCCF)CC2)CCN1c1ccccc1,7.370652198791504,6.200096607208252,6.785374402999878
CCCN(CCN1CCN(c2cccc3ccccc23)CC1)C1CCc2ccc(O)cc2C1,7.852016925811768,8.869173049926758,8.360594987869263
Fc1ccc2[nH]cc(CCCN3CCN(c4cccc5cccnc45)CC3)c2c1,7.952754020690918,6.878407955169678,7.415580987930298
CCCN(CCN1CCN(c2ccc(-c3ccccc3)cc2)CC1)C1CCc2c(O)cccc2C1,7.487314701080322,8.477008819580078,7.9821617603302
Cc1cc(C(=O)NC2CCN(Cc3ccccc3)C2)cc(C)c1C,6.756484031677246,7.115191459655762,6.935837745666504
CCCN(CCN1CCN2c3ccccc3CCc3ccc(Cl)cc32)CC1)C1CCc2ccc(O)cc2C1,,,
O=C(c1cccs1)C1CCN(CCCCc2c[nH]c3ccc(I)cc23)CC1,7.659769058227539,7.881834983825684,7.770802021026611
N#Cc1cccc(C2CC3CCC(N3)C2CN3CCc2cccs2)c1,,,
CCc1ccc(CCCN2CCN(c3cc(C(=O)NCCCCN4CCN(c5ccccc5OC)CC4)ccn3)CC2)cc1,7.413809776306152,7.699324131011963,7.556566953659058
Oc1[nH]c(CN2CCN(c3cccc4cocc34)CC2)c2cccc(F)c12,7.677199363708496,6.622801780700684,7.15000057220459
CCN(CCCCCCNCC1Cc2ccc(O)cc2OC1)C1CCc2ccc(O)cc2C1,7.445958614349365,8.467208862304688,7.956583738327026
CCCN(CCN1CCN(c2ccccc2OC)CC1)C1CCc2ccc(O)cc2C1,7.815720558166504,8.517812728881836,8.16676664352417
Oc1cc(N2CCN(CCCCc3ccc(F)cc3)CC2)cc2[nH]cc(C(F)(F)F)c12,8.123985290527344,7.290537357330322,7.707261323928833
O=CC(O)C1CC(N2CCN(c3ccccc3Cl)CC2)CC1c1ccccc1,6.534683704376221,5.836360454559326,6.185522079467773
O=C(NCCCCN1CCN(c2cccc(Cl)c2Cl)CC1)c1ccc(F)cc1,7.55173397064209,8.872732162475586,8.212233066558838
CN1CCN(C2Cn3cccc3Sc3ccc(Cl)cc32)CC1,8.645716667175293,8.372459411621094,8.509088039398193
CCN1CCN(c2cccc3c2CCCC1CCN(Cc1ccccc1)C3=O)CC1CCCO1,6.945674896240234,6.556838035583496,6.751256465911865
O=C1N(CCN2CC3CCC2CC3)CCN1c1cccc(Cl)c1,7.768375396728516,8.317635536193848,8.043005466461182
CCCN(CCN1CCN(c2cnn(-c3ccc(F)cc3)c2)CC1)C1CCc2ccc(O)cc2C1,6.917119026184082,8.35767936706543,7.637399196624756
N#Cc1ccc(N2CCN(CCCCNC(=O)C3CCC(c4ccccc4)CC3)CC2)cc1,6.739861011505127,7.960342407226562,7.350101709365845
COc1ccccc1N1CCN(CCCCNC(=O)c2cccc3ccccc23)CC1,7.269603729248047,8.397801399230957,7.833702564239502
CN1CCN(C2=Nc3ccccc3Sc3ccccc32)CC1,6.912065982818604,7.50221586227417,7.207140922546387
CCCN1CCCC2Cc3[nH]ccc3CC21,7.115097999572754,7.206335067749023,7.160716533660889
CCN1CCCOc2ccccc2CCCN1CCN(c2cccc(Cl)c2Cl)CC1,,,
Oc1ccc2[nH]cc(CCCN3CCN(c4cccc5cccc(Cl)c45)CC3)c2c1,8.392635345458984,7.109852313995361,7.751243829727173
CCCN1CCCCC1COCCCNC(C)=O,5.323809146881104,5.026211738586426,5.175010442733765
Clc1ccc(N2CCN(CCCCc3c[nH]c4ncc(-c5cccs5)cc34)CC2)cc1,6.629567623138428,7.631855964660644,7.130711793899536
CCN(CCCCCN1CCN(c2ncccc2C=C(c2ccccc2)c2ccccc2)CC1)C1CCc2ccc(O)cc2C1,6.657223224639893,7.65656566619873,7.1568944454193115
Oc1[nH]cc2ccc(OCCCCN3CCN(c4cccc5cccc(F)c45)CC3)cc12,8.384243965148926,8.055952072143555,8.22009801864624
CN1CCN(C2Cn3cccc3Sc3ccc(S(N)(=O)=O)cc32)CC1,7.1483540534973145,7.552051544189453,7.350202798843384
Cc1c(O)c[nH]c1CCCN1CCN(c2cccc3c2CCCC3)CC1,8.153057098388672,7.312902450561523,7.732979774475098
COc1ccccc1N1CCN(CCCCNC(=O)c2cccc3ccccc23)CC1,7.269603729248047,8.397801399230957,7.833702564239502
CCCN(CCN1CCN(c2ccc(-c3ccccc3)cc2)CC1)C1CCc2cc(O)ccc2C1,7.244194984436035,8.533468246459961,7.888831615447998
O=C(NCCCCN1CCN(c2cccc(Cl)c2Cl)CC1)c1cccc2c1-c1ccccc1C2,6.840058326721191,8.243104934692383,7.541581630706787
NCC1CCc2cc(O)ccc2C1,6.371709823608398,8.114751815795898,7.243230819702148
Cc1cccc(-c2cc3c(NCCN4CCN(c5cccc6ccc((C(F)(F)F)cc56)CC4)ncc(CCN4CCN(c5ccccc5)CC4)c3o2)c1,,,
COc1ccccc1N1CCN(CCCCCNC(=O)c2ccccc2Cl)CC1,7.847244739532471,7.731926441192627,7.789585590362549
CCN(CCCCCCN1CCCN(c2cccc(Cl)c2Cl)CC1)C1CCc2ccc(O)cc2C1,7.660852432250977,8.034029960632324,7.84744119644165
CCCN(CCN1CCN(c2cccc3cc[nH]c23)CC1)C1CCc2ccc(O)cc2C1,7.936832427978516,8.81196117401123,8.374396800994873
Oc1[nH]cc2ccc(OCCCN3CCN(c4cccc5cccc(F)c45)CC3)cc12,8.2858247756958,7.846156120300293,8.065990447998047
CCN1CCN(C2Cn3cccc3Sc3ccc(Cl)cc32)CC1,8.499506950378418,7.993033409118652,8.246270179748535
OC((CCCCN1CCN(c2ccc3ccccc3c2)CC1)c1cccc2ccccc12,,,
COc1ccccc1N1CCN(CCCCN2CCc3sccc3CC2)CC1,7.505313873291016,8.240315437316895,7.872814655303955
O=C(N(CCN1CCN(c2ccccc2Cl)CC1)c1cccs1)C1CCC(N2CCN(c3ccccc3OCCF)CC2)CC1,7.184115409851074,7.114983081817627,7.149549245834351
CN1CCN(c2cccc3c2CCc2ccccc2-3)CC1,7.792619705200195,6.989446640014648,7.391033172607422
Cc1c[nH]c(N2CCN(CCCCCCOc3ccc4cccc(O)c4c3)CC2)c1,7.640456199645996,7.605206489562988,7.622831344604492
COc1ccccc1N1CCN(CCCCNC(=O)c2ccccn2)CC1,7.269596576690674,8.193869590759277,7.731733083724976
O=C(NCCCCN1CCN(c2cccc(Cl)c2Cl)CC1)c1ccc2ccccc2c1,7.087527751922607,9.066524505615234,8.077026128768921
Oc1[nH]c2ccc(OCCCN3CCN(c4cccc5cccc(F)c45)CC3)cc2c1C1=CCN2CCC1,,,
Cc1csc2ccc(CN3CCN(c4cccc(Cl)c4)CC3)cc12,7.148618698120117,6.575258255004883,6.8619384765625
O=C(NCC1CCC(CCN2CCN(c3cccc4ccccc34)CC2)CC1)c1cccs1,6.836171627044678,8.274765014648438,7.555468320846558
Fc1cccc(CN2CC3C(CNc4c3ccc(-c3nc4ccccc4[nH]3)C2)c1,,,
Oc1ccc2[nH]cc(CCCCN3CC=C(c4ccccc4)CC3)c2c1,8.44819450378418,8.916887283325195,8.682540893554688
Oc1c2c(OCCNCc3ccccc3)cccc2[nH]1,,,
O=C(NCCCCCN1CCN(c2cccc(Cl)c2Cl)CC1)c1cc2ccccc2[nH]1,7.495871067047119,8.612289428710938,8.054080247879028
CCCN(CCN1CCN(c2ccnc3cccnc23)CC1)C1CCc2ccc(O)cc2C1,7.314157485961914,8.699270248413086,8.0067138671875
CCN(CCCCCN1CCN(c2ccccc2OC)CC1)C1CCc2ccc(O)cc2C1,8.179722785949707,8.071023941040039,8.125373363494873
CCCN(CN1CCN(c2cccc(Cl)c2Cl)CC1)C1CCc2c(O)cccc2C1,7.482563495635986,8.73288345336914,8.107723474502563
CCCN(Cc1nccn1C)C1CCc2ccc(O)cc2C1,6.342237949371338,7.236637115478516,6.789437532424927
N#Cc1ccc2[nH]c(CN3CCC(c4ncc5ccccc5n4)CC3)cc2c1,6.3013763427734375,6.273142814636231,6.287259578704834
Oc1[nH]cc(C2CCCN2CCC2Cc2ccccc2)c1,,,
Clc1cc(N2CCN3CCCC3C2)cc(Nc2ccc3c(c2)CNCC3)n1,6.092162609100342,7.056510925292969,6.574336767196655
CN1CCN(C2CC(c3ccc(F)cc3)c3ccc(Cl)cc32)CC1(C)C,7.741887092590332,7.0761308670043945,7.409008979797363
CN1CCN(C2c3ccccc3Cc3ccccc32)CC1,6.653916358947754,7.191789150238037,6.9228527545928955
COc1ccc2[nH]cc(C(=O)N3CCN(c4ccc(F)cc4)CC3)c2c1,5.484710693359375,4.936309337615967,5.210510015487671
CCCN(CCN1CCN(c2cccc3ccccc23)CC1)C1CCc2cc(O)ccc2C1,7.75373363494873,8.83861255645752,8.296173095703125
CCCN(CCCCCCNCC1Cc2ccccc2OC1)C1CCc2c(O)cccc2C1,7.256702423095703,7.798012733459473,7.527357578277588
COc1ccccc1N1CCN(CCCCNC(=O)c2ccc3ccccc3c2)CC1,7.298825263977051,8.823211669921875,8.061018466949463
O=C(NCCCCN1CCN(c2cccc(Cl)c2Cl)CC1)c1cccc2ccccc12,7.149011611938477,8.595044136047363,7.87202787399292
Oc1ccc2[nH]cc(CCCCN3CCN(c4cccc5ccccc45)CC3)c2c1,8.493167877197266,8.18051528930664,8.336841583251953
O=C(NCCCCN1CCN(c2cccc(Cl)c2Cl)CC1)c1cc2ccccc2[nH]1,7.3425798416137695,9.333036422729492,8.33780813217163
CN1CCN(C2Cc3ccccc3Sc3ccc(Cl)cc32)CC1,9.140548706054688,8.70261287689209,8.921580791473389
CCCN(CCN1CCN(c2cccc3ccoc23)CC1)C1CCc2ccc(O)cc2C1,8.003236770629883,8.870266914367676,8.43675184249878
COc1ccccc1N1CCN(CCNCc2cccc(Cl)c2)CC1,7.596816062927246,7.069135665893555,7.3329758644104
Oc1[nH]cc2ccc(OCCCN3CCN(c4cccc5cccc(F)c45)CC3)cc12,8.2858247756958,7.846156120300293,8.065990447998047
CN1CCN(C2Cc3ccccc3Sc3ccc(Br)cc32)CC1,9.328144073486328,8.885322570800781,9.106733322143555
Cc1ccc2c(N3CCN(CCc4cccc(-c5ccccc5)c4)CC3)cccc2n1,7.4348602294921875,7.006355285644531,7.220607757568359
CC(C)CN1CCN(Cc2cccc(I)c2)CC1,5.819820880889893,6.234578609466553,6.027199745178223
CN1CCc2cc(C(O)(c3cccc(Cl)c3)c3n[nH]cn3)ccc21,7.027524948120117,5.679598808288574,6.353561878204346
CN1CCN=C1c1cccc2ccccc12,5.067497730255127,5.921051502227783,5.494274616241455
CCCN(CCN1CCN(c2ccccc2OC)CC1)C1CCc2ccc(O)cc2C1,7.815720558166504,8.517812728881836,8.16676664352417
Oc1[nH]cc2cc(F)c(OCCCCN3CCCN(c4cccc5cccc(F)c45)CC3)cc12,8.001126289367676,7.489960670471191,7.745543479919434
CN1CC=C(c2cnc3cccc(Br)c3c2)CC1,7.341753959655762,6.736665725708008,7.039209842681885
CN1CCN(C2Cc3ccccc3Sc3ccc(-c4ccccc4)cc32)CC1,8.521869659423828,7.913275718688965,8.217572689056396
CCCN(CCN1CCN(c2cccc3c2OCCO3)CC1)C1CCc2c(O)cccc2C1,7.9464111328125,8.641013145446777,8.293712139129639
COc1cccc(OC)c1CCCNCC1Cc2ccccc2C(O)c2ccccc2N1,5.563831329345703,6.62682580947876,6.0953285694122314
O=C1CN2CCCCC2CN1CCC1CC(c2ccc(F)cc2)c2ccc(F)cc21,7.318183898925781,7.018404960632324,7.168294429779053
CCc1c(OCCCNCC2CCc3ccc(O)cc3O2)ccc2c[nH]cc12,9.035492897033691,8.50114631652832,8.768319606781006
CCN1CC2Cc3ccccc3CC(C)(O)CCC23C1,,,
O=C(NCCN1CCN(C2Cc3ccccc3CCc3ccc(F)cc32)CC1)c1cncc(Cl)c1,6.669512271881104,6.638593673706055,6.654052972793579
NC1CC(N2Cc3ccccc3C2)CC1,5.363460540771484,7.16136646270752,6.262413501739502
CC(C)NCC(O)COc1ccccc1N1CCN(CCOc2ccccc2C(F)(F)F)CC1,6.099984645843506,6.573912620544434,6.33694863319397
CN1CCN(C2Cc3ccccc3Sc3ccc(Cl)cc32)CC1,9.140548706054688,8.70261287689209,8.921580791473389
CC(=O)Nc1cccc(CN2CCN(c3cccc4ncccc34)CC2)c1,6.7187700271606445,6.256076812744141,6.487423419952393
CCCN1CCCCCC1Cn1ncc(Cl)c1Cl,6.954197883605957,8.011571884155273,7.482884883880615
COc1ccccc1N1CCN(CCCCNC(=O)c2ccc3ccccc3c2)CC1,7.298825263977051,8.823211669921875,8.061018466949463
O=C1CCc2ccc(OCCCCN3CCN(c4cccc(C(F)(F)F)c4Cl)CC3)nc2N1,8.550568580627441,7.947597026824951,8.249082803726196
COc1ccccc1N1CCN(CCCCCn2ncc(C#N)c2Cl)CC1,8.217967987060547,7.690490245819092,7.954229116439819
CN1CCc2cccc3c2Cc2ccccc2C1Cc1ccccc1-3,6.220781326293945,6.968081474304199,6.594431400299072
N#Cc1ccc2[nH]cc(CCCCN3CCN(c4cccc5cccnc45)CC3)c2c1,8.155662536621094,7.885978698730469,8.020820617675781
N#Cc1ccc2c(C3=CCN(CCCc4ccccc4)CC3)c[nH]c2c1,7.9317216873168945,7.43857479095459,7.685148239135742
O=C(NCCCCN1CCN(c2cccc(Cl)c2Cl)CC1)c1cccc2c1-c1ccccc1O2,6.792370796203613,8.383984565734863,7.588177680969238
Oc1[nH]c(Nc2ccc(Cl)c(Cl)c2)c2c1CCNC2,5.669392108917236,6.194390296936035,5.931891202926636
O=C1NCN(C2CCC(c3ccc(F)cc3)CC2)C12CCC2,7.190800666809082,7.661852836608887,7.426326751708984
Nc1cc(N2CCC(CCN3CCN(c4ccccc4OCCF)CC3)CC2)ncn1,8.255684852600098,7.019881725311279,7.6377832889556885
Oc1[nH]cc2ccc(OCCCN3CCN(c4cccc5cccc(F)c45)CC3)cc12,8.2858247756958,7.846156120300293,8.065990447998047
Oc1[nH]cc2ccc(OCCCCN3CCN(c4cccc5cccc(Cl)c45)CC3)cc12,8.27641773223877,8.217447280883789,8.24693250656128
CN1CCC(Cc2ccccc2)C2Cc3ccc(O)cc3CC21,7.000142574310303,7.971782684326172,7.485962629318237
CCCN(CCC1CCc2ccc(O)cc2C1)C1CCc2ccc(O)cc2C1,7.57559061050415,9.493974685668944,8.534782648086548
Clc1cccc(NCCN2CCN(c3cccc4ccccc34)CC2)c1Cl,7.960177421569824,6.48111629486084,7.220646858215332
CCN1CCN(CCCN2c3ccccc3Sc3ccc(O)cc32)CC1,7.525626182556152,7.818530082702637,7.6720781326293945
CN1CCN(C2Cn3cccc3Sc3ccc(F)cc32)CC1,8.455344200134277,8.19658088684082,8.325962543487549
O=C1N(CCN2CCC(CCOc3ccc(-c4ccccn4)cc3)CC2)CCN1c1ccccc1,7.054507732391357,7.133715152740479,7.094111442565918
Fc1ccc(N2CCN(CCCCNCCCNC(=O)c3ccccc3Cl)CC2)cc1,6.033217430114746,6.752127647399902,6.392672538757324
Oc1cc2c3c(ccc2[nH]1)CCN(CCCc1c[nH]c2ccccc12)C3,7.904126167297363,7.28416633605957,7.594146251678467
CN(CCOCCN1CCN(c2ccccc2)CC1)c1cccc(Cl)c1,7.194495677947998,6.945627212524414,7.070061445236206
Oc1ccc(CN2CCC3(CC2)CCN(CCCc2ccccc2)CC3)cc1,5.557287216186523,6.5494489669799805,6.053368091583252
CCCN(CCN1CCN(c2ccc3ccccc3c2)CC1)C1CCc2ccc(O)cc2C1,7.271744728088379,8.602596282958984,7.937170505523682
CCCN(CCN1CCN(c2cccc3ccccc23)CC1)C1CCc2ccc(O)cc2C1,7.852016925811768,8.869173049926758,8.360594987869263
CCN(CCCCCN1CCN(c2ccccc2OC)CC1)c1cccc(O)c1,8.47118091583252,7.955816268920898,8.213498592376709
O=C1c2cccc3c2CCN1CCCN1CCN(c2ccc(Cl)cc2)CC1,,,
N#Cc1ccc2[nH]cc(CCCCN3CCN(c4cccc5nonc45)CC3)c2c1,8.321054458618164,7.458381175994873,7.8897178173065186
Fc1ccc(N2CCN(CCCCc3c[nH]c4ccccc34)CC2)nc1,6.951017379760742,7.182120323181152,7.066568851470947
CCCN(CCN1CCN(c2cccc(Cl)c2Cl)C1=O)C1CCc2c(F)c(F)ccc2C1,7.2467041015625,8.117013931274414,7.681859016418457
CCCN(CCN1CCN(c2cccc(Cl)c2Cl)CC1)C1CCc2c(O)cccc2C1,7.985080718994141,8.794384002685547,8.389732360839844
Cc1cc2c(OCCF)ccc(OCCCN3CCN(c4cccc5nn(C)cc45)CC3)c2[nH]1,7.812042713165283,7.189414978027344,7.5007288455963135
CCCN(CCN1CCN(c2cccc(Cl)c2Cl)CC1)C1CCc2ccc(O)cc2C1,7.754941940307617,8.88428783416748,8.319614887237549
O=S(=O)(NCCCCN1CCN(c2cccc(Cl)c2Cl)CC1)c1cc2ccccc2s1,7.814041614532471,8.642093658447266,8.228067636489868
CCN1CCCC1CN=Cc1cccs1,4.82023286819458,7.285248279571533,6.052740573883057
CN1CCCN(C2Cn3cccc3Sc3ccc(F)cc32)CC1,7.902186393737793,7.6273908615112305,7.764788627624512
COc1ccccc1N1CCN(CCCCNC(=O)c2cc3ccccc3o2)CC1,7.030130863189697,8.543245315551758,7.7866880893707275
Oc1[nH]cc2cc(F)c(OCCCN3CCN(c4cccc5cccc(Cl)c45)CC3)cc12,7.890908241271973,7.786128997802734,7.8385186195373535
c1ccc(N2CCN(CCCCCNc3ccccc3)CC2)cc1,8.03082275390625,6.320405006408691,7.175613880157471
O=C1N(CCN2CCN(c3ccc(F)cc3O)CC2)CCN1c1cccc2ccccc12,7.568007946014404,7.28248119354248,7.425244569778442
O=C(CCCN1CCN(c2cccc3ccccc23)CC1)c1ccc(F)cc1,8.365808486938477,7.759893894195557,8.062851190567017
CCCN(CCCCN1CCN(c2cccc(Cl)c2Cl)CC1)C1CCc2ccc(O)cc2C1,8.07463264465332,9.032451629638672,8.553542137145996
CCCCN(CCN1C=C2c3ccccc3CCc3ccccc32)C1)C1CCc2ccc(O)cc2C1,,,
Cc1c(-c2ccc3c(c2)NC(=O)C3=Cc2ccc[nH]2)cnc2c(NCCN3CCN(CCF)CC3)cccc12,6.931453704833984,6.503791809082031,6.717622756958008
CCN(CCN1CCN(c2ccccc2)CC1)c1ccc(Cl)c(Cl)c1,6.350653171539307,6.081264495849609,6.215958833694458
O=C1Cc2ccsc2CCCN1CCN1CCC2Cc3cc(F)ccc3CCC21,6.786820411682129,7.441134452819824,7.113977432250977
CN1CCc2c(sc3ncn(CCN4CCN(c5ccccc5OCc5ccccc5)CC4)c(=O)c23)C1,7.066282272338867,6.993112564086914,7.029697418212891
COc1ccccc1N1CCN(CCCCCN2CCCc3c(I)cccc3C2=O)CC1,8.001015663146973,7.310256004333496,7.655635833740234
CCCN(CCN1CCN(c2ccccc2)CC1)C1CCc2c(O)cccc2C1,7.368458271026611,8.235482215881348,7.8019702434539795
CN1CCc2cc(Cl)c(O)cc2C2c3ccccc3CCC21,6.098809719085693,7.387644290924072,6.743227005004883
COc1ccccc1N1CCN(CCCCCNC(=O)c2cc3ccccc3s2)CC1,7.497708797454834,8.28123950958252,7.889474153518677
Oc1cc(C2CCN(CCC3CCCc4ccccc43)CC2)[nH]n1,6.836190223693848,6.236141204833984,6.536165714263916
Cc1cc2c(F)c(OCCN3CCN(c4cccc5cccc(F)c45)CC3)ccc2[nH]1,7.950644493103027,6.759509563446045,7.355077028274536
O=C(O)Cc1cccc2c1CCCCN2CCCN1CCN(c2cccc(Cl)c2Cl)CC1,7.577964782714844,6.148903846740723,6.863434314727783
CCN1CCN(c2ccc(Nc3cccc(Cl)c3)cc2C(=O)CCCN2CCC(O)(c3cccc(F)c3)CC2)CC1,6.965782642364502,7.66593074798584,7.315856695175171
O=C(NC1CCc2cc(CCCN3CCN(c4cccc(Cl)c4Cl)CC3)ccc21)C1CCCCN1,7.583295822143555,7.317005157470703,7.450150489807129
N#Cc1cccc(CN2CCC3(CCCN3c3cccc(Cl)c3)CC2)c1,7.4451799392700195,7.268888473510742,7.357034206390381
Nc1ccc2[nH]cc(CCCN3CCN(c4cccc5cccc(F)c45)CC3)c2c1,8.062952995300293,6.75723123550415,7.410092115402222
N#Cc1ccccc1CN1CCC2(CC1)C(=O)N(CCCCN1CCN(c3cccc(Cl)c3Cl)CC1)CC2,6.85951566696167,7.759857177734375,7.3096864223480225
O=C1c2ccccc2N(CCN2CCN(Cc3ccc(Cl)c(Cl)c3)CC2)CC1c1ccccc1,6.503664970397949,6.414748191833496,6.459206581115723
Cc1ccc2c(N3CCN(CCc4cccc(-c5c(F)cccc5F)c4)CC3)cccc2n1,7.286929607391357,6.323509693145752,6.805219650268555
CCCN(CCN1CCN(c2ccccc2)CC1)C1CCc2c(O)cccc2C1,7.368458271026611,8.235482215881348,7.8019702434539795
Cc1ccc(OCCN2CCN(c3cccc4nc(-c5ccccc5)[nH]c34)CC2)c2c1OCCO2,7.403434753417969,7.068800926208496,7.236117839813232
Oc1ccc2c(N3CCN(CCc4cccc(-c5ccccc5)c4)CC3)cccc2[nH]1,,,
O=C(NCCCCN1CCN(c2ccc(Cl)c(Cl)c2)CC1)c1cc2ccccc2cn1,5.957474231719971,8.271438598632812,7.114456415176392
CCN(CC)CCN1c2ccccc2Sc2ccc(Cl)cc21,7.458430767059326,6.6293230056762695,7.043876886367798
CCCN(CCN1CCN(c2ccc(-c3ccccc3)cc2)C1=O)C1CCc2c(O)cccc2C1,7.581989288330078,8.339213371276855,7.960601329803467
COc1ccccc1N1CCN(CCCCNC(=O)c2cc3ccc2CCc2ccncc2)CC1,,,
O=C1CC2(CCCC2)CC(=O)N1CCN1CCN(c2cccc3ccccc23)CC1,7.333646297454834,8.000595092773438,7.667120695114136
CCCN(CCN1C2CCC1CC(O)(c1ccc(F)cc1)C2)C1CCc2c(O)cccc2C1,7.1880645751953125,8.553093910217285,7.870579242706299
CCCN(CCN1CCN(c2ccccc2)CC1)C1CCc2ccc(O)cc2C1,7.061977386474609,8.358572006225586,7.710274696350098
O=C(NCCCCN1CCN(c2cccc(Cl)c2Cl)CC1)c1cc2c3ccccc3c(O)c3cccc1c2O,,,
CCCN(CCN1CCN(c2cccc3ccccc23)CC1)C1CCc2ccc(O)cc2C1,7.852016925811768,8.869173049926758,8.360594987869263
CCN1CCN(c2ccc(-n3ccc4ccc(C)cc43)cc2)CC1,6.718954086303711,5.622501373291016,6.170727729797363
CN(CCN1CCN(c2cccc3ccccc23)CC1)c1ccc(Cl)c(Cl)c1,7.207497596740723,6.623356819152832,6.915427207946777
CN1CCN(c2cccc(C3C(c4ccc(Cl)cc4)CCCC3=O)c2)CC1,6.661795616149902,6.521696090698242,6.591745853424072
Oc1cc2c(OCCNCCN3CCN(c4cccc(Cl)c4Cl)CC3)ccc(Cl)c2[nH]1,8.762983322143555,8.047955513000488,8.405469417572021
NCC(COc1cccc2ccccc12)Cc1c[nH]c2ccccc12,5.611912727355957,6.959173202514648,6.285542964935303
O=C(NCCCCCN1CCN(c2cccc(Cl)c2Cl)CC1)c1ccccc1,7.707340240478516,7.942139625549316,7.824739933013916
Oc1ccc2[nH]cc(CCCCN3CC=C(c4ccccc4)CC3)c2c1,8.44819450378418,8.916887283325195,8.682540893554688
CCN(CCCCN1CCN(c2ccccc2OC)CC1)C1CCc2ccc(O)cc2C1,8.131128311157227,8.628499984741211,8.379814147949219
O=C1N(CCN2CCC(CCCN3CCN(c4cccc(Cl)c4Cl)CC3)CC2)CCN1c1ccccc1,7.688581943511963,7.913238525390625,7.800910234451294
Oc1[nH]cc2ccc(OCCCN3CCN(c4cccc5c4CCO5)CC3)cc12,8.351738929748535,7.996139049530029,8.173938989639282
CCCN(CCN1CCN(c2cccc3[nH]ccc23)CC1)C1CCc2c(O)cccc2C1,8.217432975769043,8.687128067016602,8.452280521392822
O=C(NCCCCN1CCN(c2nsc3ccccc23)CC1)c1ccc2c(c1)-c1ccccc1C4=O,,,
CCN1CCCCC1CNCc1cccc(CO)c1,4.49388313293457,5.811185359954834,5.152534246444702
O=C1CCc2ccc(OCCCCN3CCN(c4cccc(Cl)c4Cl)CC3)cc2N1,8.753911972045898,8.536993026733398,8.645452499389648
O=C1CC2(CCCC2)CC(=O)N1CCCCN1CCN(c2ccccc2Cl)CC1,7.210731029510498,8.870752334594727,8.040741682052612
CN1CCC(c2ccccc2)=CC1Cc1ccccc1,6.437215805053711,6.672298431396484,6.554757118225098
CCN1CCN(C2Cn3cccc3Sc3ccc(F)cc32)CC1,8.352453231811523,7.737476348876953,8.044964790344238
CN1C2CCC1CC(OC(c1ccccc1)c1ccc3ccccc3c1)C2,5.701901912689209,6.442513465881348,6.072207689285278
O=C(NC1CCC(CCN2CCN(c3cccc(Cl)c3Cl)CC2)CC1)c1c2ccccc2cn1,,,
O=C1N(CCN2CCN(c3cccc(Cl)c3)CC2)CCN1C1CC=C(c2c[nH]c3ccc(F)cc23)CC1,7.477928161621094,7.330708503723144,7.404318332672119
Clc1cccc(N2CCN(CCCCCCOc3cccc4c3CCNC4=O)CC2)c1Cl,8.169181823730469,8.59691047668457,8.38304615020752
O=Cc1c2cccc3[nH]cc(CCN1CCN1CCN(c2cccc(Cl)c2Cl)CC1)CC1CCCCC1,,,
CCCN(CCN1CCN(c2cccc(Cl)c2Cl)CC1)C1CCc2c(O)cccc2C1,7.985080718994141,8.794384002685547,8.389732360839844
CCN1CCN(C2=Cc3ccccc3Oc3ccc(Cl)cc32)CC1,8.120705604553223,7.847465991973877,7.98408579826355
Oc1[nH]cc2cc(F)c(OCCCCN3CCN(c4cccc5cccc(F)c45)CC3)cc12,8.246259689331055,7.938356399536133,8.092308044433594
O=C1N(CCN2Cc3ccccc3C2)CCN1c1cc(C2CC2)ncn1,6.14326810836792,6.334193229675293,6.2387306690216064
Oc1c2ccccc2[nH]1,,,
O=C(NCCCCN1CCN(c2cccc(Cl)c2Cl)CC1)c1cccc2c1NCC2,7.806293964385986,8.556982040405273,8.18163800239563
Cc1cc(N2CCN(Cc3cccc(C)c3)CC2)ncc1F,6.111259460449219,6.286566257476807,6.198912858963013
OC1(CCN2CCC(C3CC3)C2)CCN(Cc2ccc(F)cc2)CC1,3.756187677383423,6.474093914031982,5.115140795707703
O=C(NCCCCN1CCN(c2ccc(Cl)cc2Cl)CC1)c1ccc(F)cc1,6.861569881439209,8.363821983337402,7.612695932388306
Cc1ncoc1-c1nnc(SCCCN2CCN(c3cccc4ccoc34)CC2)n1C,6.5470356941223145,7.166414737701416,6.856725215911865
CCN(CCCCCN1CCN(c2cccc3ccccc23)CC1)c1cccc(O)c1,8.08586311340332,7.970550537109375,8.028206825256348
O=C1CCc2ccc(OCCCCN3CCN(c4cccc(Cl)c4Cl)CC3)nc2N1,8.820858001708984,7.946712493896484,8.383785247802734
CCc1cccc(OCCNCC2CCc3ccc(O)cc3C2)c1,7.657638549804687,7.819337368011475,7.738487958908081
Cc1ccc2c(c1)CC1CNCCN1C2=O,6.1011576652526855,6.1270670890808105,6.114112377166748
CCCN1CCCC2Cc3ccccc3CC21,6.954287528991699,7.18522310256958,7.06975531578064
NCC1Cc2cccc(O)c2C(=O)C1,5.835171222686768,6.1793365478515625,6.007253885269165
Oc1[nH]cc2ccc(OCCCN3CCN(c4cccc5cccc(F)c45)CC3)cc12,8.2858247756958,7.846156120300293,8.065990447998047
CN1CCN(CCCN2c3ccccc3Sc3ccc(F)cc32)CC1,7.481772422790527,7.4421186447143555,7.461945533752441
Nc1ccccc1NC(=O)CCCCCN1CCN(c2cccc(C(O)(c3ccc(F)cc3)c3ccc(F)cc3)c2)CC1,6.920948505401611,6.460160732269287,6.690554618835449
Oc1cnc2ccc(OCCCCN3CCN(c4cccc(Cl)c4Cl)CC3)cc2c1,8.677589416503906,8.836381912231445,8.756985664367676
N#CN=C(NCCCCN1CCN(c2cccc(Cl)c2Cl)CC1)c1ccccn1,7.463553905487059,7.879421234130859,7.671487569808959
COc1ccccc1N1CCN(CCCCCNC(=O)C=Cc2ccc(Br)cc2)CC1,7.474315643310547,7.989949226379394,7.732132434844971
OC1(c2ccc(Cl)c(Cl)c2)CC2CCC(C1)N2Cc1coc2ccccc12,7.604947566986084,8.59260368347168,8.098775625228882
NCCC1Cc2cccc(O)c2CCc2ccc(O)cc21,7.274596691131592,7.823825836181641,7.549211263656616
Cc1c(N2CCN(CCC3CCC(NC(=O)Cc4cc5ccc(F)cc5[nH]4)CC3)CC2)noc1-c1ccc(Cl)cc1,6.67710018157959,7.222002029418945,6.949551105499268
COc1ccccc1N1CCN(CCCCc2ccccn2)CC1,7.523109436035156,7.155961036682129,7.339535236358643
COc1ccccc1N1CCN(CCCCCCc2ccc3c(c2)-c2nccc(Cl)c2C3=O)CC1,7.205118179321289,7.289999961853027,7.247559070587158
COc1ccccc1N1CCN(CCCCCc2ccc(C)cc2)CC1,8.046771049499512,7.026008129119873,7.536389589309692
c1ccc(N2CCN(CCCCNc3cccc4c3CNC4=O)CC2)cc1,7.714627265930176,7.599603652954102,7.657115459442139
Oc1[nH]c(N2CCN(Cc3ccccc3)CC2)c2ccc(F)cc12,7.548213005065918,7.094788074493408,7.321500539779663
CN1CCCC1CN(Cc1c[nH]c2c(F)cccc12)C1CCc2ccc(O)cc2C1,6.784037113189697,8.256772994995117,7.520405054092407
CCc1cn(CCCN2CCN3c4ccccc4CC3C2)c2ccc(F)cc12,7.119988441467285,6.279289245605469,6.699638843536377
CC1CN(CCCCN2CCN(c3cccc(Cl)c3Cl)CC2)CCN1CC1CCC(=O)N(C)C1,5.634270668029785,7.741693019866943,6.687981843948364
COc1ccccc1N1CCN(CCCCNC(=O)c2cc3cc(I)ccc3[nH]2)CC1,7.668590545654297,9.178874969482422,8.42373275756836
CCCN(CCN1CCN(c2cccc3cccnc23)CC1)C1CCc2c(O)cccc2C1,7.965081214904785,8.778882026672363,8.371981620788574
Cc1nc(CCN2CCN(c3ccccc3-c3ccc(C(F)(F)F)cc3)CC2)cc2nc(-c3cccc(Cl)c3)cn12,6.628345966339111,6.095453262329102,6.3618996143341064
CCN(CCCCCN1CCN(c2ccccc2OC)CC1)C1CCc2ccc(O)cc2C1,8.179722785949707,8.071023941040039,8.125373363494873
N#Cc1ccc2[nH]cc(CCCCN3CCN(c4cccc5nc(C(=O)NCCN6CCCCC6)cc45)CC3)c2c1,,,
Oc1[nH]cc2ccc(OCCCN3CCN(c4cccc5cccc(F)c45)CC3)cc12,8.2858247756958,7.846156120300293,8.065990447998047
O=C1Cc2ccccc2N1CCCN1CCN(c2cccc(Cl)c2Cl,,,
O=C1N(CCN2CCN(c3ccccc3Cl)CC2)CCN1c1cccc(Cl)c1,7.399530410766602,7.602077007293701,7.500803709030151
O=S(=O)(NC1CCC(CCN2CCN(c3cccc(Cl)c3Cl)CC2)CC1)c1cccc2cccnc12,8.135026931762695,8.435144424438477,8.285085678100586
COc1ccccc1N1CCN(CCCc2ccc3nc(O)ccc3c2)CC1,8.355866432189941,7.217592716217041,7.786729574203491
O=C1N(CCN2CCC(Cc3ccccc3)CC2)CCN1c1cccc(I)c1,8.022480964660645,7.640041828155518,7.831261396408081
COc1ccccc1N1CCN(CCCCCCCN2CCN(c3ccc(F)cc3)CC2)CC1,7.170714378356934,6.977240085601807,7.07397723197937
CCCN1CCCCCCCCCNCC1Cc2ccc(O)cc2OCC1CCN(CCc1ccccc1OC)C1CCc2ccccc2C1,,,
Ic1cccN(CCCNCC2CCc3ccccc3O2)c2cccnc12,8.275385856628418,7.191691875457764,7.733538866043091
N#Cc1ccc2[nH]cc(CCCCN3C4CCC3CC(O)(c3ccc(C(C3CCC(=O)O)C3)C4)c2c1,,,
CN1CCN(c2ccccc2CN2CCC3c4ccccc4CCc4cccc32)CC1,,,
O=C1NCCN1CCC1CC(c2ccccc2)c2ccccc21,5.537764072418213,6.209040641784668,5.87340235710144
N#Cc1ccc2[nH]c(N3CCN(c4ccccc4)CC3)nc2c1,6.420359134674072,5.500226020812988,5.96029257774353
CCN(C1CC2CC1c1ccccc1OC2)S(=O)(=O)c1ccc(C(F)(F)F)cc1,6.493925094604492,7.502555847167969,6.9982404708862305
Cc1ccc2c(N3CCN(CCc4cccc(N5CCN(C)CC5)c4)CC3)ccnc2[nH]1,,,
Oc1ccc2[nH]cc(CCN3CCN(c4cccc5cc(F)ccc45)CC3)c2c1,8.753232955932617,7.122621059417725,7.937927007675171
Cc1cc(Cl)cc2c1CCN2CCCN1CCN(c2cccc(Cl)c2Cl)CC1,7.100410461425781,6.994597434997559,7.04750394821167
CCCN(CCN1CCN(c2cnc3c(c2)c(=O)n(C)c(=O)n3C)CC1)C1CCc2ccc(O)cc2C1,5.972609996795654,7.940350532531738,6.956480264663696
Oc1ccc2[nH]cc(CCCN3CC=C(c4ccccc4)CC3)c2c1,8.563072204589844,8.061662673950195,8.31236743927002
O=C(NCCCCN1CCN(c2cccc(Cl)c2Cl)CC1)c1ccccn1,7.506690979003906,8.780073165893555,8.14338207244873
Fc1ccc(N2CCN(CCCCc3cn[nH]c3)CC2)c2cc[nH]c12,8.485929489135742,7.676693916320801,8.081311702728271
COc1ccccc1N1CCN(CCCCNC(=O)c2cc3cc(Cl)cc(Cl)c3o2)CC1,7.0424089431762695,8.537775993347168,7.790092468261719
COc1ccccc1N1CCN(CCCCCCCNCC(O)c2ccc(O)c3c2CCCC3)CC1,7.0311126708984375,7.336276531219482,7.18369460105896
CN1CCN(C2Cc3ccc(O)cc3Sc3ccc(F)cc32)CC1,8.643050193786621,8.821730613708496,8.732390403747559
CCCN(CCN1CCN(c2cccc(Cl)c2Cl)CC1)C1CCc2ccc(O)cc2C1,7.754941940307617,8.88428783416748,8.319614887237549
Clc1cccc(N2CCN(CCCCCCNc3ccccc3Cl)CC2)c1Cl,8.348742485046387,7.235598564147949,7.792170524597168
CCN(CC)C1CCc2c(c3ccc(O)cc3n2C)C1,7.2512359619140625,7.352008819580078,7.30162239074707
NC(=NCC1CCC(CCN2CCN(c3cccc(Cl)c3Cl)CC2)CC1)c1ccc2ccccc2c1,6.785991668701172,7.946013927459717,7.366002798080444
CCCN(CCCCCN1CCN(c2cccc(Cl)c2Cl)CC1)C1CCc2c(O)cccc2C1,8.327384948730469,8.617364883422852,8.47237491607666
COc1ccccc1N1CCN(CCCCNC(=O)c2ccc3ccccc3c2)CC1,7.298825263977051,8.823211669921875,8.061018466949463
CCc1c[nH]c2cc3c(OCCCNCCOc4cccc5[nH]ccc45)cccc3cc12,7.875124454498291,7.646956920623779,7.761040687561035
Oc1ccc2c(c1)OC(CNCCCN1CCN(c3ccccc3Cl)CC1)CC2,8.89902114868164,8.069944381713867,8.484482765197754
CCN1CCCCC1CCNC(=O)c1cc(I)ccc1F,6.895744323730469,7.87248420715332,7.3841142654418945
O=C(CCCN1CCN(c2cccc(Cl)c2Cl)CC1)c1ccc(F)cc1,8.3060302734375,7.756632328033447,8.031331300735474
CN1CCCC1CNC(=O)c1ccc(CCCCF)cc1,5.863914489746094,7.63547420501709,6.749694347381592
N#Cc1ccc(N2CCN(CCCCc3ccc(S(=O)(=O)N4CCCC4)cc3)CC2)cc1,6.765504837036133,6.439000606536865,6.602252721786499
COc1ccc2[nH]c(C(=O)N3CCN(c4ccccc4OCCF)CC3)cc2c1,6.319092750549316,6.545186519622803,6.43213963508606
CCCN(CCN1CCN(c2ccccc2)CC1)C1CCc2cc(O)c(O)cc2C1,7.118927001953125,8.466578483581543,7.792752742767334
O=C1CCc2cc(CCN3CCN(c4cccc(Cl)c4Cl)CC3)ccc2N1,8.228711128234863,7.349607467651367,7.789159297943115
COc1ccccc1N1CCN(CCCCCNC(=O)C=Cc2ccc(OC)cc2OC)CC1,7.203070640563965,7.792984962463379,7.498027801513672
CN1CCN(C2Cc3ccccc3Sc3ccc(Cl)cc32)CC1,9.140548706054688,8.702609062194824,8.921578884124756
CCN1CCN(c2ccc(Nc3ccc(C(=O)N4CCCC4)c(F)c3)cc2)CC1,6.696657180786133,6.445217609405518,6.570937395095825
O=C1CCc2ccc(OCCCCN3CCN(c4cccc5cccc(F)c45)CC3)nc2N1,8.669334411621094,7.36412239074707,8.016728401184082
O=C1N(CCN2CCC3c4ccccc4Nc4ccccc4C3C2)CCN1c1cccc(Cl)c1,7.154985904693604,6.89643669128418,7.025711297988892
CCCN(CCN1CCN(c2cccc3c2OCCCO3)CC1)C1CCc2ccc(O)cc2C1,8.271718978881836,8.311219215393066,8.291469097137451
N#Cc1cccc(NC2C3CCC(C3)C2Cn2cccc2)c1,7.100578784942627,7.704345226287842,7.402462005615234
Oc1[nH]cc2ccc(OCCCN3CCN(c4cccc5cccc(Cl)c45)CC3)c(F)c12,7.97109317779541,7.8762359619140625,7.923664569854736
COc1ccccc1N1CCN(CC2CCC(c3ccc(Cl)cc3)(C3CCCCN3)CC2)CC1,7.224704265594482,7.033510208129883,7.129107236862183
Oc1cc2c(NCCCCN3CCN(c4ccc(Cl)cc4Cl)CC3)cccc2[nH]1,8.139823913574219,8.160341262817383,8.1500825881958
O=C(NCC=CCN1CCN(c2cccc(Cl)c2Cl)CC1)c1ccc2ccccc2c1,7.247600555419922,8.943499565124512,8.095550060272217
CN1CCCC1Cc1cn(-c2ccc(OC(F)(F)F)c(C#N)c2)c2ccc(Cl)cc12,6.353808879852295,6.270021915435791,6.311915397644043
CN(C)CCc1c[nH]c2ccc3sc(C(=O)O)cc3c12,6.81460428237915,5.968624114990234,6.391614198684692
O=C(NCCCCN1CCN(c2cccc(Cl)c2Cl)CC1)c1ccc2ccccc2c1,7.087527751922607,9.066524505615234,8.077026128768921
O=C(CCCN1CCN(c2nsc3ccccc23)CC1)c1ccc2ccccc2c1,7.764518737792969,8.17453384399414,7.969526290893555
CN1CCN(c2cccc3ccc(OCC#CCN4CCN(c5ccccc5Cl)CC4)cc23)CC1,6.740827560424805,6.626896858215332,6.683862209320068
Oc1ccc2[nH]cc(CCCCN3CC=C(c4ccccc4)CC3)c2c1,8.44819450378418,8.916887283325195,8.682540893554688
Fc1cccc(N2CCN(CCCCOc3ccc4scnc4c3)CC2)c1,7.391139984130859,7.8872528076171875,7.639196395874023
Oc1c(I)cc(CCCN2CCN(c3cccc(Cl)c3Cl)CC2)c2ccccc12,7.461579322814941,7.049350738525391,7.255465030670166
N#Cc1ccc2[nH]cc(CCCCN3CCN(c4ccc5oc(C(N)=O)cc5c4)CC3)c2c1,7.100306034088135,7.288534164428711,7.194420099258423
Oc1[nH]cc2ccc(OCCCCN3CCN(c4cccc5ccc(F)cc45)CC3)cc12,8.426009178161621,8.227442741394043,8.326725959777832
Nc1ccc2[nH]cc(CCCN3CCC4(CC3)Cc3cc(OCCCN4CCCCC4)ccc3C(F)(F)F)c2c1,,,
COc1cccc(C(=O)NCCCCN2CCN(c3nsc4ccccc34)CC2)c1,7.184648513793945,8.444083213806152,7.814365863800049
CCCN(CCN1CCN(c2cccc3ccccc23)CC1)C1CCc2ccc(O)cc2C1,7.852016925811768,8.869158744812012,8.36058783531189
Oc1ccc2c(CC3CCN(CCCSc4ccc(F)cc4)CC3)noc2c1,6.910373687744141,8.392644882202148,7.6515092849731445
O=C1CCc2ccc(OCCCCCN3CCN(c4cccc(Cl)c4Cl)CC3)nc2N1,8.822368621826172,7.77590799331665,8.299138307571411
Cc1cc(CCCNCC2Cc3ccccc3C(C)(C)C2)cc(C)c1OCCCN1CCN(c2ccc(F)cc2Cl)CC1,6.541272163391113,6.421872138977051,6.481572151184082
N#Cc1ccccc1N1CCN(CCCCN2CCN(c3ccccc3-C3CCc4ccc(O)cc4CC3)CC2)CC1,8.1486234664917,7.93834924697876,8.04348635673523
Oc1[nH]cc2cc(F)c(OCCCCN3CCN(c4cccc(Cl)c4Cl)CC3)cc12,8.24354362487793,8.575242042541504,8.409392833709717
N#Cc1ccc(N2CCN(CCCCc3ccccc3)CC2)cc1Cc1ccccc1,6.66280460357666,7.008325099945068,6.835564851760864
CCc1cnc2c(c1)Cc1ccccc1N1CCN(CCCCc3ccccc3)CC1)c1[nH]c3ccc(C)cc3c1CC2,,,
O=C(c1cccc2ccccc12)C1CCN(CCC2CCC(CCCN3CCCCC3=O)CC2)CC1,6.389109611511231,7.434643745422363,6.911876678466797
CN1CCc2ccccc2Cc2cccc(F)c2C1,7.711045265197754,6.896280288696289,7.3036627769470215
N#CCCN1CCN(C2CCCc3cc(OCCCF)ccc32)CC1,6.792998790740967,6.5757598876953125,6.68437933921814
O=C(NC1CCN(Cc2ccsc2)CC1)C1CCCC1,6.475800037384033,7.256611347198486,6.86620569229126
Oc1ccc2c(c1)OC(CNCCCN1CCN(c3cccc(Cl)c3Cl)CC1)C2,8.33607292175293,8.037673950195312,8.186873435974121
COc1ccccc1N1CCN(CCCCNC(=O)C=Cc2ccccc2I)CC1,7.887500762939453,8.983104705810547,8.435302734375
Oc1ccc2c(c1)OC(CNCCCCNCc1cccs1)CC2,8.456815719604492,8.476648330688477,8.466732025146484
O=C(NCCCCN1CCN(c2cccc(Cl)c2Cl)CC1)c1ccc(-c2ccccc2)cc1,7.198726654052734,8.894174575805664,8.0464506149292
Oc1nc2c(OCCNCCN3CCN(c4cccc5ccccc45)CC3)cccc2[nH]1,8.322235107421875,7.873613357543945,8.09792423248291
CCCN(CCN1CCN(c2cnc(-c3ccccc3)c3cc(Cl)ccc23)CC1)C1CCc2c(O)cccc2C1,7.498346328735352,8.511560440063477,8.004953384399414
CN1CCc2cc(OCCCF)cc3c2C1Cc1cccc(O)c1-3,7.001948356628418,6.982439041137695,6.992193698883057
Oc1ccc(SCCCN2CCN(c3cccc(Cl)c3Cl)CC2)cc1,8.249223709106445,8.570391654968262,8.409807682037354
NCCCN1CCc2cc(O)ccc2CCC1,5.99513053894043,7.141299724578857,6.5682151317596436
OCCN1CCN(C2CCC(c3ccc(F)cc3)(c3ccc(F)cc3)CC2)CC1,6.74246072769165,6.4921956062316895,6.61732816696167
CCCN(CCN1CCN(c2cccc3c2OCCC3)CC1)C1CCc2c(O)cccc2C1,8.297017097473145,8.564208984375,8.430613040924072
Oc1[nH]cc2ccc(OCCN3CCN(c4cccc5c4CCO5)CC3)cc12,8.376083374023438,7.264447212219238,7.820265293121338
Cc1ccc2c(N3CCN(CCc4ccc(-c5ccccc5F)cc4)CC3)cccc2n1,7.282808303833008,6.587336540222168,6.935072422027588
CC1N2CCNCCC2c2ccc(Cl)cc21,6.008691787719727,5.182520866394043,5.595606327056885
O=C1N(CCN2CCC(CN3CCN(c4cccc(Cl)c4Cl)CC3)C3CCCCC32)CCN1c1ccccc1,7.400515556335449,7.463074684143066,7.431795120239258
Oc1[nH]cc2ccc(OCCCN3CCN(c4cccc5cccc(F)c45)CC3)c(F)c12,8.132925987243652,7.728169441223144,7.930547714233398
COc1ccccc1N1CCN(CCCCCOc2ccc3ccc(O)nc3c2)CC1,8.443262100219727,8.078006744384766,8.260634422302246
O=C(NCCCCN1CCN(c2cccc(Cl)c2Cl)CC1)c1cccc2ccccc12,7.149011611938477,8.595044136047363,7.87202787399292
COc1cc(Br)c(CN(C)CC2CCCN2CCc2ccn3ccsc3n2)cc1OC,,,
CN1CCN(C2Cc3ccccc3Sc3ccc(I)cc32)CC1,9.23598289489746,9.03887176513672,9.13742733001709
Oc1nc2ccc(OCCCN3CCN(c4cccc5cccc(Cl)c45)CC3)cc2o1,8.361310005187988,8.019712448120117,8.190511226654053
NCC1CC1c1ccccc1Cl)C1CC2CCC1(I)C2N3CCSc1ccccc1I,,,
OC(CNCCF)COc1ccc(I)cc1F,5.449204444885254,5.6964263916015625,5.572815418243408
CCCN(CCCN1CCN(c2ccccc2OC)CC1)C1CCc2ccc(O)cc2C1,7.734748840332031,7.83131217956543,7.7830305099487305
Cc1[nH]cnc1CCCN1CCN(c2ccc(C#N)cc2)CC1,5.9025092124938965,6.310159206390381,6.106334209442139
Oc1[nH]cc2ccc(OCCCN3CCN(c4cccc5ccccc45)CC3)cc12,8.251434326171875,8.164289474487305,8.20786190032959
O=C(NC1CCc2ccc(CCN3CCN(c4nsc5ccccc45)CC3)cc21)c1cccs1,7.400638580322266,6.586479663848877,6.993559122085571
Clc1cccc(N2CCN(CCCCCN3CCN(c4cccc5nc(-c6ccccc6)[nH]c45)CC3)CC2)c1,7.8705596923828125,7.614674568176269,7.742617130279541
Oc1ccc2c(CCCCN3CCN(c4ccccc4)CC3)c[nH]c2c1,7.834804058074951,7.976182460784912,7.905493259429932
O=C(NCCCCN1CCN(c2cccc(Cl)c2Cl)CC1)c1ccc2c(c1)CCCC2,7.98042106628418,8.910043716430664,8.445232391357422
COc1cccc(N2CCN(CCCCNC(=O)c3ccc(OC)cc3)CC2)c1,6.338345527648926,7.855996131896973,7.097170829772949
CN1CCN(C2Cn3cccc3Sc3ccc(F)cc32)CC1,8.455344200134277,8.19658088684082,8.325962543487549
COc1ccccc1N1CCN(CCCCNC(=O)c2ccc(-c3ccccc3)cc2)CC1,7.363232612609863,8.831467628479004,8.097350120544434
CN1CCc2ccccc2Cc2c([nH]c3ccc(Br)cc23)CC1,7.97425651550293,6.962526798248291,7.46839165687561
O=C1N(CCN2C3CCC2CC(c2ccc(Cl)cc2)C3)CCN1c1cccc(C(F)(F)F)c1,6.569211483001709,7.789618492126465,7.179414987564087
ON=C(c1ccc(Cl)cc1)C1CC2CCC1C2,6.356753826141357,7.334251880645752,6.845502853393555
O=C(NCCCCN1CCN(c2cccc(Cl)c2Cl)CC1)c1cccc2c1-c1ccccc1C2,6.840058326721191,8.243104934692383,7.541581630706787
CCCN(CCN1CCN(c2ccccc2F)CC1)C1CCc2c(O)cccc2C1,7.817399978637695,8.368172645568848,8.092786312103271
NCC1CCc2ccc(Cl)cc2N1CCN1CCN(c2cccc(Cl)c2Cl)CC1,7.464132308959961,6.7081074714660645,7.086119890213013
Oc1ccc2c(OCCNCCCc3c[nH]c4ccc(-n5cnnc5)cc34)cccc2[nH]1,,,
CCCNCC1Cc2ccccc2Cc2cc(O)ccc21,6.248207092285156,6.853216171264648,6.550711631774902
CCN(CCN(CCCN1CCN(c2ccccc2)CC1)c1ccc(Cl)c(Cl)c1)C1CCc2c(O)cccc2C1,7.03712272644043,7.091607093811035,7.064364910125732
O=C1N(CCN2CCC(N3CCN(c4cccc(Cl)c4Cl)CC3)CC2)CCN1c1ccccc1,6.397991180419922,6.548585891723633,6.473288536071777
CCN(CCCCCN1CCN(c2cccc(Cl)c2Cl)CC1)C1CCc2ccc(O)cc2C1,8.098258972167969,8.537981033325195,8.318120002746582
Cc1nc(-c2cccc(CCCN3CCN(c4cccc(Cl)c4Cl)CC3)c2)no1,6.346550941467285,6.760942459106445,6.553746700286865
CCCN(CCN1CCN(c2ccccc2-c2ccccc2)CC1)C1CCc2ccc(O)cc2CC1,7.722715854644775,8.306665420532227,8.014690637588501
Cc1ccc2c(N3CCN(CCc4cccc(-c5ccccc5F)c4)CC3)cccc2n1,7.322824001312256,6.628179550170898,6.975501775741577
CN1CCN(C2=Cn3cccc3Sc3ccc(Cl)cc32)CC1,8.414505004882812,8.474987030029297,8.444746017456055
Cc1ccc2c(C3CCN(CCc4cccc(-c5cccc(CO)c5)c4)CC3)cncc2[nH]1,,,
NCCc1c[nH]c2ccc(OCCCCCN3CCN(c4cc(C(F)(F)F)nc(C(F)(F)F)n4)CC3)cc12,7.457827568054199,7.314752578735352,7.386290073394775
Oc1ccc2c(CCCCN3CCN(c4ccccc4CN4CCCC4)CC3)cccc2[nH]1,,,
C=Cc1cccc(CCCN2CCN(c3cccc(Cl)c3Cl)CC2)[nH]1,,,
CCCN(CCN1CCN(c2ccccc2OCCF)CC1)C1CCc2ccc(O)cc2C1,8.059774398803711,8.40301513671875,8.23139476776123
CN(CCN1CCN(c2ccccc2CCCc2ccc(Cl)cc2)CC1)C1CCc2c(F)cccc2C1,7.485464096069336,6.473738193511963,6.979601144790649
Fc1cccc(N2CCN(CCCCc3cn(-c4ccc(I)cc4)nn3)CC2)c1,7.172467231750488,7.767757892608643,7.470112562179565
O=C1CCc2ccc(OCCCCN3CCN(c4cccc(Cl)c4Cl)CC3)nc2N1,8.820858001708984,7.946712493896484,8.383785247802734
Oc1nc2cc(N3CCC(CCN4CCN(c5cccc6ccc(Cl)cc56)CC4)CC3)ccc2[nH]1,7.547317981719971,7.558866500854492,7.5530922412872314
CSc1c[nH]c2cccc(OCCCN3CCN(c4cccc5cccc(F)c45)CC3)c12,7.815411567687988,7.728682994842529,7.772047281265259
Oc1[nH]cc2ccc(OCCCN3CCN(c4cccc5cccc(F)c45)CC3)c(F)c12,8.132925987243652,7.728169441223144,7.930547714233398
CN1CCc2ccc(Cl)cc2C2(CCCN(Cc3ccccc3OC(F)F)CC2)C1,5.888754844665527,6.631643295288086,6.260199069976807
Oc1[nH]cc2cc(F)c(OCCCN3CCN(c4cccc5cccc(Cl)c45)CC3)c(F)c12,7.58896017074585,7.648056030273437,7.6185081005096436
Oc1[nH]c2ccc(OCCCN3CCN(c4cccc5ccccc45)CC3)cc2c1C1CCN(CCCc2ccccc2Cl)CC1,7.937027931213379,7.490512847900391,7.713770389556885
CCN1CCN2c3c(cccc3C1)CCC2C1=CCCN(CC)CC1,6.153013229370117,5.660475254058838,5.9067442417144775
Cc1cc(Br)ccc1N1CCN(C2CCC(NC(=O)c3ccc(I)cc3)CC2)CC1,6.838461875915527,7.754134178161621,7.296298027038574
COC(=O)c1cc2cc(OCCCCN3CCN(c4cccc5oc(C(F)(F)F)cc45)CC3)ccc2[nH]1,7.30285120010376,7.836963176727295,7.569907188415527
O=C(NCCCCN1CCN(c2cccc(Cl)c2Cl)CC1)c1cc2ccccc2[nH]1,7.342580795288086,9.333036422729492,8.337808609008789
O=C1N(CCN2CCC(Cc3ccccc3)CC2)CCN1c1cccc(C(F)(F)F)c1,7.640323638916016,7.897938728332519,7.769131183624268
CCCN(CCN1CCN(c2cccc(Cl)c2Cl)CC1)C1CCc2ccc(O)cc2C1,7.754941940307617,8.884288787841797,8.319615364074707
CCCN1CCCC2Cc3nc(N)ncc3CC21,6.650206089019775,7.483464241027832,7.066835165023804
COc1ccccc1N1CCN(CCCCNC(=O)c2ccc3[nH]ccc3c2)CC1,7.915465354919434,8.762899398803711,8.339182376861572
CN1CCN(C2Cc3ccccc3Sc3ccc(Cl)cc32)CC1,9.140548706054688,8.702613830566406,8.921581268310547
N#Cc1ccc(C2CCC(N3CCN(c4cccc(Cl)c4Cl)CC3)CC2)cc1,6.71443510055542,7.345291137695312,7.029863119125366
O=Cc1c[nH]c2cc3c(cc12)CCN(CCCSc1nnc(-c2cccc4ncccc24)n1CCCN1CCN(c2ccccc2Oc2ccccc2)CC1,,,
CCCN(CCN1CCN(c2cccc(Cl)c2Cl)CC1)C1CCc2ccc(O)cc2C1,7.754941940307617,8.88428783416748,8.319614887237549
CCCN(CCN1CCN(c2ccc3[nH]ccc3c2)CC1)C1CCc2c(O)cccc2C1,7.43548059463501,8.369194030761719,7.902337312698364
CN1CCCC1Cc1c[nH]c2ccc(C3=CCN(CCNC(=O)c4ccc(I)cc4)CC3)cc12,6.975971698760986,7.840022087097168,7.407996892929077
O=C(NCCCCN1CCN(c2cccc(Cl)c2Cl)CC1)c1cccc2ccccc12,7.149011611938477,8.595044136047363,7.87202787399292
Oc1cc(C(O)CN2CCN(c3cccc(Cl)c3Cl)CC2)cc(C(F)(F)F)c1,7.057850360870361,7.419473648071289,7.238662004470825
CCCN(CCN1CCN(c2ccccc2)CC1)C1CCc2ccc(O)cc2C1,7.061977386474609,8.358572006225586,7.710274696350098
Oc1c2c(nc3ccc(OCCCN4CCN(c5cccc(Cl)c5Cl)CC4)cc13)CCCC2,8.111174583435059,8.141155242919922,8.12616491317749
NC1CC2(CN1Cc1cccc3c1CCN3)CC1CCN(CCCCCCC(=O)c3ccc(F)cc3)CC2)CC1,,,
CCCN(CCN1CCN(c2ccccc2)CC1)C1CCc2ccc(O)cc2C1,7.061977386474609,8.358572006225586,7.710274696350098
CCCN(CCN1CCN(c2ccccc2)CC1)C1CCc2ccc(O)cc2C1,7.061977386474609,8.358572006225586,7.710274696350098
CCCN(CCN1CCN(c2cccc(Cl)c2Cl)CC1)C1CCc2nc(N)sc2C1,7.4698486328125,8.901447296142578,8.185647964477539
Fc1ccc(N2CCN(CCC3CCC(Nc4ncccc4Br)CC3)CC2)cc1,7.618390083312988,7.185726165771484,7.402058124542236
NCCSC(c1ccccc1)C1c2ccccc2CC1,5.890360832214356,7.201735973358154,6.546048402786255
CCCN(CCN1CCN(c2cccc(Cl)c2Cl)CC1)C1CCc2ccc(O)cc2C1,7.754941940307617,8.88428783416748,8.319614887237549
O=C(N(CCCN1CCN(c2cccc(Cl)c2Cl)CC1)c1cc2cc3ccccc3cc2cn1)C1CCC(F)(F)C1,5.872681617736816,6.5344767570495605,6.2035791873931885
CN1CCN(CCCN2c3ccccc3Sc3ccc(F)cc32)CC1,7.481772422790527,7.4421186447143555,7.461945533752441
Fc1cccc(N2CCN(CCCCNc3cccc4cnccc34)CC2)n1,7.629569053649902,7.554105281829834,7.591837167739868
CCN1CCCC1CNCc1ccc(CO)cc1Br,5.165013313293457,6.367222309112549,5.766117811203003
Oc1ccc2c(c1)OC(CNCCCCN1CCN(c3cccc(Cl)c3Cl)CC1)CC2,9.360036849975586,9.152509689331056,9.25627326965332
Cc1ccc(F)c(N2CCN(CCCCNC(=O)c3coc4ccc(F)cc4c3=O)CC2)c1,7.27846622467041,8.159135818481445,7.718801021575928
N#CN=C(NCCCN1CCN(c2cccc(Cl)c2Cl)CC1)c1ccc(F)cc1,6.798952102661133,6.557032108306885,6.677992105484009
Oc1ccc2c(c1)OCCCCNCCN1CCN(c3cccc(Cl)c3Cl)CC1,,,
O=C1Nc2ccccc2Nc2c(CCN3CCN(c4nsc5ccccc45)CC3)cccc21,8.423224449157715,6.48481559753418,7.454020023345947
FC(F)(F)c1cccc(N2CCN(CCCCNc3cccc4cccnc34)CC2)c1,8.244626998901367,7.255516529083252,7.75007176399231
O=C1N(CCN2CCCC2)CCN1c1cccc(CCCF)c1,7.951601982116699,7.693886756896973,7.822744369506836
CCN1CCC(c2ccccc2)=C(c2ccccc2)C(C(=O)OC)C1,5.6590189933776855,5.521599769592285,5.590309381484985
